UniqueCount	AmbigCount
0	0
0	0
0	0
0	0
0	0
0	0
0	0
0	0
0	0
0	0
0	0
0	0
0	0
0	0
0	0
0	0
0	0
0	0
0	0
0	0
0	0
0	0
0	0
0	0
0	0
0	0
0	0
0	0
0	0
0	0
0	0
0	0
0	0
0	0
0	0
0	0
0	0
0	0
0	0
0	0
0	0
0	0
0	0
0	0
0	0
0	0
0	0
0	0
0	0
0	0
0	0
0	0
0	0
0	0
0	0
0	0
0	0
0	0
0	0
0	0
0	0
0	0
0	0
0	0
0	0
0	0
0	0
0	0
0	0
0	0
0	0
0	0
0	0
0	0
0	0
0	0
0	0
0	0
0	0
0	0
0	0
0	0
0	0
0	0
0	0
0	0
0	0
0	0
0	0
0	0
0	0
0	0
0	0
0	0
0	0
0	0
0	0
0	0
0	0
0	0
0	0
0	0
0	0
0	0
0	0
0	0
0	0
0	0
0	0
0	0
0	0
0	0
0	0
0	0
0	0
0	0
0	0
0	0
0	0
0	0
0	0
0	0
0	0
0	0
0	0
0	0
0	0
0	0
0	0
0	0
0	0
0	0
0	0
0	0
0	0
0	0
0	0
0	0
0	0
0	0
0	0
0	0
0	0
0	0
0	0
0	0
0	0
0	0
0	0
0	0
0	0
0	0
0	0
0	0
0	0
0	0
0	0
0	0
0	0
0	0
0	0
0	0
0	0
0	0
0	0
0	0
0	0
0	0
0	0
0	0
0	0
0	0
0	0
0	0
0	0
0	0
0	0
0	0
0	0
0	0
0	0
0	0
0	0
0	0
0	0
0	0
0	0
0	0
0	0
0	0
0	0
0	0
0	0
0	0
0	0
0	0
0	0
0	0
0	0
3	12
0	0
0	0
0	0
0	0
0	0
0	0
0	0
0	0
0	0
0	0
0	0
0	6
0	4
4	6
4	31
0	26
0	0
0	0
0	0
0	0
0	1
0	1
0	19
0	43
0	43
0	43
0	19
0	0
0	18
0	5
0	5
0	19
0	43
0	43
0	342
0	443
0	34
0	89
0	443
0	0
0	0
0	0
0	0
0	0
0	0
0	0
0	0
0	0
0	0
0	0
0	0
0	0
5	23
0	23
0	0
0	0
0	0
0	0
0	0
0	0
0	0
0	0
0	61
13	1
0	60
2	37
0	61
49	62
2	5
0	50
0	37
0	12
0	37
0	0
0	0
0	0
0	0
0	718
0	105
0	0
0	0
0	0
0	0
0	0
0	0
0	0
0	0
0	0
0	0
0	0
0	0
0	0
0	0
0	0
0	0
0	0
0	0
0	0
0	0
0	0
0	0
0	0
0	0
0	0
0	0
0	0
0	0
0	0
0	0
7	82
0	86
0	86
0	86
0	86
0	86
0	86
0	7
0	3
0	3
0	85
0	0
0	0
10	11
10	104
0	104
0	28
0	37
0	34
0	0
0	0
0	0
0	0
0	0
0	0
0	0
0	1
0	0
0	0
0	0
0	0
0	0
0	0
0	0
0	0
0	0
0	0
0	0
0	0
0	0
0	0
0	0
0	0
0	4
0	4
0	5
0	5
0	5
0	4
0	5
0	0
0	0
0	0
0	0
0	5
0	0
0	0
0	0
0	0
0	0
0	0
0	0
0	0
0	0
0	0
0	0
0	0
0	0
0	0
0	0
0	0
0	0
0	0
0	0
0	0
0	0
0	0
0	0
0	0
0	0
0	0
0	0
0	0
0	0
0	0
0	0
0	0
0	0
0	0
0	0
0	0
0	0
0	0
0	0
0	0
0	0
0	0
0	0
0	0
0	0
0	0
0	0
0	1
0	1
0	0
0	0
0	0
0	0
0	0
0	0
0	0
0	0
0	0
0	0
0	0
0	0
0	0
0	0
0	0
0	0
0	0
0	0
0	0
0	0
0	0
0	0
0	0
0	0
0	0
0	0
0	0
0	0
0	0
0	0
0	0
0	0
0	0
0	0
0	0
0	0
0	0
0	0
0	0
0	0
0	0
0	0
0	0
0	0
0	0
0	0
0	0
0	0
0	0
0	0
0	0
0	0
0	0
0	0
0	0
0	0
0	0
0	0
0	0
0	0
0	0
0	0
0	0
0	0
0	0
0	0
0	0
0	0
0	0
0	0
0	0
0	0
0	0
0	0
0	0
0	0
0	0
0	0
0	0
0	0
0	0
0	0
0	0
0	0
0	0
0	0
0	0
0	0
0	0
0	0
0	0
0	0
0	0
0	0
0	0
0	0
0	0
0	0
0	0
0	0
0	0
0	0
0	0
0	0
0	0
0	0
0	0
0	0
0	0
0	0
0	0
0	0
0	0
0	0
0	0
0	0
0	0
0	0
0	0
0	0
0	0
0	0
0	0
0	0
0	0
0	0
0	0
0	0
0	0
0	0
0	0
0	0
0	0
0	0
0	0
0	0
0	0
0	0
0	0
0	0
0	0
0	0
0	0
0	0
0	0
0	0
0	0
0	0
0	0
0	0
0	0
0	0
0	0
0	0
0	0
0	0
0	0
0	0
0	0
0	0
0	0
0	0
0	0
0	0
0	0
0	0
0	0
0	0
0	0
0	0
0	0
0	0
0	0
0	0
0	0
0	0
0	0
0	0
0	0
0	0
0	0
0	0
0	0
0	0
0	0
0	0
0	0
0	0
0	0
0	0
0	0
0	0
0	0
0	0
0	0
0	0
0	0
0	0
0	0
0	0
0	0
0	0
0	0
0	0
0	0
0	0
0	0
0	0
0	0
0	0
0	0
0	0
0	0
0	0
0	0
0	0
0	0
0	0
0	0
0	0
0	0
0	0
0	0
0	0
0	0
0	0
0	0
0	0
0	0
0	0
0	0
0	0
0	0
0	0
0	0
0	0
0	0
0	0
0	0
0	0
0	0
0	0
0	0
0	0
0	0
0	0
0	0
0	0
0	0
0	0
0	0
0	0
0	0
0	0
0	0
0	0
0	0
0	0
0	0
0	0
0	0
0	0
0	0
0	0
0	0
0	0
0	0
0	0
0	0
0	0
0	0
0	0
0	0
0	0
0	0
0	0
0	0
0	0
0	0
0	0
0	0
0	0
0	0
0	0
0	0
0	0
0	0
0	0
0	0
0	0
0	0
0	0
0	0
0	0
0	0
0	0
0	0
0	0
0	0
0	0
0	0
0	0
0	0
0	0
0	0
0	0
0	0
0	0
0	0
0	0
0	0
0	0
0	0
0	0
0	0
0	0
0	0
0	0
0	0
0	0
0	0
0	0
0	0
0	0
0	0
0	0
0	0
0	0
0	0
0	0
0	0
0	0
0	0
0	0
0	0
0	0
0	0
0	0
0	0
0	0
0	0
0	0
0	0
0	0
0	0
0	0
0	0
0	0
0	0
0	0
0	0
0	0
0	0
0	0
0	0
0	0
0	0
0	0
0	0
0	0
0	0
0	0
0	0
0	0
0	0
0	0
0	0
0	0
0	0
0	0
0	0
0	0
0	0
0	0
0	0
0	0
0	0
0	0
0	0
0	0
0	0
0	0
0	0
0	0
0	0
0	0
0	0
0	0
0	0
0	0
0	0
22595	1115
1617	202
17962	1596
17668	15897
53	4411
40	3803
14	41639
51	54724
1538	0
3	36971
23846	44971
12441	301
23557	0
1	1
0	233
0	258
0	211
4	278
0	69
0	31
0	156
0	231
0	105
0	63
0	108
0	58
1215	892
4	390
0	261
1	207
0	266
157	17
0	304
0	201
0	304
44	180
7	283
0	55
0	15
0	40
0	100
4	118
0	119
4	46
3	21
44	107
0	30
0	37
0	305
0	0
0	0
0	0
0	0
230	439
146	14
1	81
0	436
7	153
0	75
0	48
0	290
2	287
4	0
271	2317
100	2317
80	162
9	14
0	16
2	42
0	18
1	71
0	102
4	28
0	261
0	99
0	14
4	261
1	402
0	413
1	294
0	390
1	330
1	68
4	39
0	34
0	97
1	291
9	190
0	153
0	86
0	0
5649	56
229	1711
0	1594
4	1605
0	3
0	3
0	0
0	0
0	2
0	0
0	0
16	9
0	4
0	3
0	5
0	0
1	889
60	995
11	307
2	0
0	66
0	176
0	29
0	27
0	48
0	20
2	21
6	0
5	9
0	1482
0	1299
0	1070
5	242
0	47
0	38
0	43
0	47
9	25
4	2
0	0
1	7
0	3
1	3
0	23
5	23
0	16
0	23
0	0
0	0
24	479
10	461
0	68
1	0
2	249
10	24
0	0
42	3016
3	3016
48	2073
88	116
16	302
0	1815
0	180
0	60
7	157
0	124
11	131
13	81
4	81
0	0
0	97
0	93
13	89
0	8
0	88
0	15
0	25
0	20
0	20
0	19
0	9
1	81
0	5
39	41
0	11
0	33
0	41
13	0
0	0
0	0
0	0
0	0
0	0
0	0
0	23
0	41
0	38
0	27
0	31
0	8
0	1
0	22
0	20
0	8
0	11
0	12
0	12
0	10
0	6
0	8
0	1
0	1
1	0
0	0
0	0
0	0
0	0
0	0
0	0
0	0
0	0
0	0
0	0
31	1
0	0
0	0
0	1
4	0
0	0
0	0
0	0
98	773
96	408
12	135
72	665
0	574
2	174
0	147
0	242
0	228
6	41
2	105
6	191
355	234
2	5
8	229
3	38
336	38
0	0
0	2
0	2
18	0
59	449
1	77
0	90
136	345
1	96
9	9
0	9
61	46
0	19
0	1
0	44
155	18
0	18
0	875
0	120
0	224
10	208
66	867
0	145
3	111
1	433
0	421
0	245
4	220
34	319
0	96
0	96
0	64
2	1
10	236
0	236
5	15
2	1
18	101
0	72
1	101
8	1
0	6
11	3
3	3
21	2673
57	2671
0	16
77	730
45	459
12	81
0	1
7	5
0	55
0	48
0	456
0	26
0	273
3	7
0	22
0	0
0	0
0	0
0	0
0	0
0	0
0	0
0	0
0	0
0	0
0	0
0	0
1	209
0	209
0	159
0	0
0	14
0	2
0	13
0	13
0	7
0	10
1	1
0	1
0	1
0	1
0	1
0	0
0	0
0	0
21	86
1	1
0	11
0	11
0	73
0	2
8	0
1	27
0	0
0	0
1	0
0	0
2	129
0	128
0	130
0	13
0	9
0	9
0	0
0	0
0	0
0	0
0	0
0	0
0	0
0	0
142	85
2	21
0	85
14	47
5	1294
0	144
0	123
0	12
0	50
0	1295
0	0
4	70
0	70
8	106
4	111
0	33
0	18
0	0
0	2
0	0
0	8
1	18
0	0
0	22
0	448
1	0
2	424
0	450
11	386
12	0
55	0
166	0
66	25
3	27
0	27
0	0
0	400
0	0
1	29
1	19
0	404
0	29
0	404
0	0
16	0
500	455
1	225
1	142
24	88
514	144
0	23
0	125
1	112
76	137
0	112
0	0
1	46
4	7
8	0
0	25
247	1244
2	222
1	1235
0	798
11	428
0	916
0	16
0	163
0	138
0	170
0	136
1	39
6	139
5	139
0	139
0	139
0	105
0	98
2	64
0	0
0	44
0	142
0	93
2	85
1	65
0	409
10	409
0	409
0	399
14	0
160	96
11	74
0	96
0	7
0	0
0	0
0	0
0	0
0	0
0	0
0	0
0	0
294	70
3	70
22	18
12	88
15	20
0	25
2	66
0	122
6	35
14	156
0	123
16	66
2	0
0	1
0	1
4	373
0	381
0	280
0	97
0	127
0	113
14	121
10	94
0	97
0	0
136	32
0	32
7	18
0	0
0	1
0	1
0	1
0	75
0	71
1	15
0	57
0	69
7	0
1	18
1	14
1	31
2	17
111	23
7	25
0	2
14	0
1	30
5	0
2	1103
30	100
0	25
0	93
0	20
0	83
0	1095
0	0
0	0
0	5
0	5
0	4
0	4
0	4
0	4
0	3
0	0
0	0
0	0
0	0
0	0
0	0
0	0
0	692
0	378
0	517
0	437
1	169
0	183
1	148
0	447
0	602
25	134
0	298
4	607
46	606
1	444
2	101
1	158
1	136
0	490
0	58
0	112
0	155
0	691
6	29
0	29
0	11
0	0
0	2
0	2
0	12
0	12
0	5
610	119
3	119
4	1
7	0
0	0
246	4267
0	4400
13	4227
1	290
7	190
1	173
0	0
15	1324
0	596
7	659
1	777
0	608
46	3
48	489
4	251
4	165
2	305
1	87
8	1
0	26
0	185
3	10
0	24
0	14
0	32
0	32
0	457
0	0
0	0
0	0
0	0
0	0
0	0
122	584
68	489
4	59
31	99
4	99
12	95
11	75
0	0
5	11
0	4
0	7
21	35
0	26
0	1
2	2
0	5
716	856
6	856
1254	8384
0	3920
1	2239
198	6030
13	3764
0	0
80	3684
120	237
16	1367
4	568
2	486
186	0
4	120
0	2161
0	200
33	94
8	162
10	31
47	0
228	109
0	109
3	2
0	5
9	0
141	257
6	145
0	160
9	506
0	375
0	499
0	233
0	30
14	65
5	1
0	490
0	409
25	403
0	295
1	360
0	400
0	16
0	76
0	356
0	0
0	0
0	0
0	0
1	1
12	94
0	1
0	41
0	19
0	52
0	6
0	6
2	0
0	3
22	874
0	1390
5	53
0	62
573	1407
7	734
0	153
4	18
0	314
4	138
0	47
12	25
50	0
30	22
0	169
0	90
0	484
0	73
855	12
5	12
1	70
0	2
0	3
0	8
10	10
0	11
0	12
2	59
3	40
3	1
0	1
0	0
0	0
0	0
0	0
0	63
1	107
0	107
0	38
28	1574
0	1632
11	1599
20	116
0	260
2	1595
2471	111
70	55
0	50
2	56
8	2
15	1452
1	2051
1	20
6	2073
28	398
0	1091
75	2044
24	2071
3	25
0	2
4	4
0	1
74	286
15	281
6	26
604	289
1	77
2	119
1	93
0	0
6	0
0	0
0	0
0	8
0	8
0	0
0	0
0	0
1211	1504
2	1498
0	119
0	3
0	34
20	234
0	362
5	362
0	40
0	39
0	27
0	369
3	0
68	13621
29	5880
12	13945
8	285
233	351
0	279
0	216
47	309
0	46
0	11
9	104
11	24
0	130
0	2
0	2
19	117
0	886
1	54
0	44
0	227
370	1
0	151
21	376
67	86
3	40
0	219
0	749
3	923
0	898
0	881
1	919
0	455
1316	1
0	1
0	1
0	1
0	0
0	0
0	1
0	1
12	12
0	12
2	1
0	5
0	4
0	352
57	25
0	25
0	0
0	0
0	0
0	0
0	83
0	3
0	4
3	14
0	35
0	14
2	76
0	2
0	0
2	21
0	19
0	40
27	9
0	9
0	326
28	781
0	781
0	3924
25	3770
2	2112
0	447
0	338
15	284
16	153
6	122
0	3924
265	275
0	25
8	76
0	50
0	50
0	103
0	86
3	46
0	30
0	27
2	1639
0	1594
2	249
12	552
75	1318
0	320
0	145
12	102
0	341
0	86
2	196
65	701
0	163
0	202
2	200
0	520
0	65
0	82
0	75
166	0
82	181
6	15
4	52
1	13
3	16
8	76
0	19
0	34
2	4
126	76
0	76
0	23
0	0
0	340
6	256
0	202
0	49
2	65
0	99
0	5
3	40
0	52
0	306
0	62
6	62
0	0
3	0
0	0
0	0
0	0
0	0
0	0
0	0
0	0
0	0
0	1
0	2
0	1
0	0
0	0
0	0
0	1
1	0
0	0
1	30
0	69
2	57
0	23
0	67
0	25
0	50
4	26
0	43
7	32
0	4
1	2
0	8
0	3
0	42
8	42
246	42
63	54
0	40
0	39
356	196
0	94
0	118
0	0
0	0
0	0
0	0
0	0
0	69
0	67
0	294
0	317
20	10
0	240
5	76
0	7
1	10
0	9
0	9
0	6
0	6
0	8
0	9
0	7
0	6
0	4
2	2
1	0
0	0
0	0
30	7
1	7
27	0
0	1
0	0
0	0
0	0
0	0
0	1
0	1
0	1
0	0
0	1
0	1
0	1
34	364
25	384
11	167
2	3
0	28
7	25
0	4
0	24
28	597
12	597
8	140
6	0
2	7
568	489
21	150
0	335
0	115
18	172
0	0
0	0
11313	569
0	568
0	359
21	359
9	142
5	89
3	58
14	10
0	14
0	16
0	4
0	6
0	16
13	953
1	132
13	433
5	414
0	480
0	155
3	67
0	86
0	42
10	14
0	89
0	71
92	197
0	69
0	53
1	25
0	340
0	8
0	17
9	3
0	12
0	11
0	10
0	11
0	191
0	347
0	88
5	429
1	179
7	23
1	22
1	185
0	52
0	139
2	71
0	183
0	0
0	0
0	0
0	0
0	0
0	0
0	12
0	5
0	1
0	19
0	0
0	0
0	17
0	2
0	1
0	2
0	4
0	0
0	17
1	0
0	0
0	0
0	0
0	118
69	118
401	211
2	65
2	48
0	41
0	57
0	25
100	21
10	12
0	0
0	0
0	394
0	357
24	192
0	394
0	390
0	0
0	0
1	103
0	82
0	98
0	77
4	33
0	12
0	2
0	12
0	0
0	2
0	1
0	1
0	2
8	542
52	493
11	191
2	44
0	76
0	125
11	47
4	89
0	131
107	6990
5	6990
1	347
32	268
9	20
4	0
2	232
23	251
1	247
0	14
8	19
74	0
0	283
0	286
0	307
0	101
0	28
0	251
0	28
0	108
1	100
3	59
0	100
0	95
0	48
0	54
0	21
6	126
0	133
0	126
53	21
1	9
0	3
3	3
0	0
0	3
0	0
0	0
215	0
0	2
0	0
0	0
0	6
0	6
0	0
0	2
0	0
1	0
17	10
0	2
0	6
0	6
0	0
0	60
0	77
0	79
14	54
0	32
2	11
3	0
0	1487
9	48
7	1429
1	141
0	177
11	32
37	1085
46	165
8	19
7	154
27	13
0	156
19	223
0	230
0	240
14	16
0	233
0	214
43	60
0	82
0	118
15	38
0	76
0	51
35	88
647	116
4	116
0	266
0	81
5	66
9	266
219	28
0	28
0	26
12	929
1	934
54	207
0	164
0	197
0	102
0	178
45	398
75	157
24	52
0	365
0	154
0	243
0	1199
28	1190
0	295
20	295
10	295
6	17
0	0
0	0
0	0
0	0
0	0
0	0
0	0
0	0
0	0
0	0
0	0
1	8
0	3
0	0
2	11
0	7
397	786
0	579
0	84
0	126
0	66
2	17
0	65
0	9
0	9
5	221
0	251
0	250
0	234
0	34
0	66
91	64
0	0
0	0
0	0
0	0
0	0
0	640
4	11
0	640
0	48
0	48
0	156
0	48
0	24
0	7
0	156
0	46
15	462
0	457
0	60
0	44
0	72
4	355
0	70
3	45
0	393
2	5
0	5
320	6
20	48
0	47
33	0
2	29
0	47
24	30
1	420
11	456
158	18
21	59
0	460
1	0
0	0
0	1
0	1
87	200
0	86
0	113
2	77
0	23
0	5
0	5
0	216
717	661
4	339
3	106
0	110
179	1904
3	0
0	1609
0	690
2	1902
98	0
0	0
0	1
0	1
0	0
0	1
0	1
0	426
0	264
3	259
0	431
0	0
1	0
0	506
0	59
19	25
3	506
0	102
13	240
2	61
8	82
2	89
34	31
0	13
36	58
2	56
0	0
0	0
0	0
0	0
0	50
5	7321
1	7282
0	2995
1	544
0	42
15	76
145	0
0	5
0	151
0	21
0	349
0	162
0	155
0	336
4	348
0	0
1	39
0	21
0	55
2	48
11	32
0	96
2	776
0	811
0	799
0	47
0	386
0	95
1	116
2	347
0	188
1	47
0	289
0	223
0	116
0	170
0	137
0	92
5	66
11	74
0	74
0	9
0	0
1	87
0	41
4	21
8	109
0	218
3	65
2	224
16	27
0	23
0	115
0	81
52	79
6	20
0	185
11	13
0	1146
14	1218
0	89
0	0
0	17
1	12
4	30
2	47
0	18
0	33
0	0
0	0
0	0
2	0
0	0
0	0
0	0
0	0
0	0
0	0
0	0
16	0
0	3
0	0
0	3
0	2
0	0
0	0
0	0
1	16
0	38
0	164
2	46
127	164
1	255
1	26
3	10
0	192
0	248
0	120
5	222
0	255
1	98
0	183
0	282
0	503
2	111
3	40
23	459
0	128
0	551
4	508
5	84
0	86
0	117
0	185
3	257
6	136
5	388
9	424
2	156
0	69
0	105
0	48
3	76
3	231
9	88
0	259
5	24
1	46
11	103
0	96
57	148
0	178
4	13
8	149
0	11
2	5
510	209
0	0
0	0
0	0
1	0
6	61
9	0
0	50
35	589
0	163
23	649
334	661
0	2
0	1
0	0
0	37
0	2
0	1
8	39
7	110
5	245
0	187
397	0
0	10
0	73
0	45
0	45
2	348
96	355
13	140
35	65
0	10
0	0
0	17
44	20
0	19
0	12
0	20
26	21
5	3
8	3
0	8
0	9
0	38
0	8
0	36
72	40
3	176
1192	176
173	0
6	45
0	67
0	71
0	88
0	184
7	193
4	25
0	120
8	42
0	117
0	27
0	61
0	120
0	3
0	0
0	0
1	0
0	0
0	1
0	1
0	21
1	23
0	24
10	23
1	21
6	91
59	261
3	90
25	842
113	932
2	512
2	85
1825	0
1	0
0	0
2	0
0	96
349	96
371	969
0	965
0	55
8	429
6	82
0	0
1	0
0	186
9	179
0	2
0	173
0	162
0	24
0	184
0	187
0	180
37	174
3006	174
10	290
18	4
507	424
4	174
0	93
0	99
0	145
0	63
0	23
0	65
0	65
2	12
0	12
6	1
6	154
0	183
2	129
15	156
0	26
1	14
0	25
0	13
0	25
0	27
0	112
3	49
0	41
1	27
0	30
0	5
0	5
0	3
3	6
61	6
4	56
9	229
11	239
0	0
2	0
249	42
6	42
0	0
0	0
6	0
0	112
0	116
0	116
0	108
8	92
3	97
1	55
0	2
0	3
0	11
0	116
3	0
0	0
0	0
4	0
0	4
3	4
0	4
0	0
0	0
0	0
0	855
4	971
0	1826
31	2028
534	0
0	84
1	84
2833	700
0	536
12	94
47	27
55	45
0	159
0	211
4	207
2	395
8	211
0	74
0	98
0	58
0	16
0	0
0	0
0	0
0	0
0	0
0	0
0	0
0	0
0	0
0	0
312	0
658	0
3	164
0	170
0	181
0	122
0	151
0	162
27	129
0	16
0	0
0	0
0	0
0	4
0	0
0	4
0	1
0	4
0	4
0	4
0	4
0	4
0	3
0	0
0	3
0	3
0	0
0	0
0	0
0	0
0	0
0	0
0	0
0	0
99	51
0	51
0	306
0	308
0	288
0	307
0	288
0	287
0	258
1	298
0	307
0	173
4	172
0	44
1	10
0	13
26	0
0	0
0	1251
0	1273
13	1127
0	1152
1	1163
39	435
0	1285
1	543
103	698
1	70
0	628
7	55
1	0
17	552
0	80
2	216
1	198
0	94
0	5
0	3
0	0
0	1
0	0
0	0
0	0
0	3
0	3
2	1153
0	1004
3	1149
1	168
0	239
1	214
0	215
0	0
0	0
1	0
0	0
0	68
0	68
5	51
0	39
0	249
3	54
31	876
113	1183
0	1187
2668	2444
5	579
0	204
5	384
3	438
2	316
23	723
98	229
0	404
0	113
27	113
0	23
2	0
0	0
45	1631
37	632
1	1521
0	1364
2	94
0	0
0	0
0	0
1	54
0	29
0	26
0	29
0	26
6	39
240	38
0	28
531	168
2	103
1	108
16	45
0	0
0	0
0	0
0	0
0	248
0	314
0	303
0	26
0	50
7	42
0	1
5	0
1	9
0	26
19	3
0	0
2	893
3	1047
0	1032
0	1056
0	1051
0	1033
0	150
0	850
0	821
3	67
0	91
2	43
0	55
10	35
9	22
0	108
0	127
165	50
3	60
1	1040
0	1050
56	229
0	174
5	171
388	0
0	381
0	340
0	67
1	287
0	195
0	278
1	267
10	4
0	13
21	13
0	13
0	7
0	7
0	7
110	290
0	212
1	68
54	4
0	90
82	201
0	24
0	90
0	283
0	0
0	0
3	1
0	1
0	0
0	0
0	1
0	0
158	1040
0	346
0	346
0	876
1	38
0	87
0	59
151	340
0	68
14	158
2	12
0	12
0	6
0	6
1	4
1	0
0	2
0	6
0	12
3	298
1	250
0	255
0	267
0	241
42	113
0	79
9	93
0	107
15	58
0	217
17	165
0	118
1	215
7	44
0	4
16	4
4	115
0	115
3	0
0	0
0	0
0	0
0	2
0	0
0	0
0	2
69	1597
17	1597
0	258
2	81
0	0
0	0
0	0
0	15
161	87
0	87
0	1
0	61
0	87
0	0
0	0
10	31
4	93
0	93
0	76
1	7
7	4
22	698
3	134
0	115
0	249
12	564
18	204
1570	1587
46	203
57	634
0	729
0	590
0	387
1	355
0	82
1	0
0	1
0	1
0	1
0	1
0	0
0	0
0	0
0	0
0	0
0	0
0	0
0	0
0	294
0	300
3	254
0	267
0	123
1	22
1	17
3	6
2	51
1	29
0	0
0	0
0	0
0	0
0	0
0	1522
0	3322
0	3051
9	75
0	134
0	2260
0	290
0	1523
0	650
5	159
0	3259
0	984
0	1151
2	953
0	3259
36	31
0	10
0	21
0	0
0	0
0	25
1	6
2	22
7	3
0	22
0	4
0	14
1	50
0	21
0	41
0	34
1	49
0	41
0	16
0	30
0	50
0	41
0	41
0	42
0	1
0	1
0	5
1	8
0	197
0	193
0	198
10	1
0	166
2	176
0	197
0	15
0	31
0	176
13	28
11	30
0	14
0	11
4	3
0	5
0	8
0	12
0	7
0	7
0	5
0	7
0	4
0	4
0	1
0	0
0	2
0	8
0	4
0	2
0	5
0	2
23	0
0	2
0	2
0	711
0	1
14	712
0	2
1	1
0	197
0	41
0	140
3	79
0	172
0	68
0	252
0	202
1	127
1	76
0	52
0	40
10	38
7	3
0	50
0	63
1	60
1	49
1	11
0	26
0	0
169	0
0	547
2	488
2	519
16	740
0	820
0	0
0	0
0	0
0	0
0	162
2	150
1	157
5	14
2	34
0	162
0	114
21	697
4	674
0	645
17	49
42	0
0	44
0	45
0	40
8	46
0	42
0	19
0	7
468	428
0	261
0	32
0	32
0	0
0	42
0	26
0	48
0	26
2	42
0	35
6	15
2	0
0	4
0	1
1	3
0	0
0	1
0	2
1	2
0	0
0	2
54	6
270	727
0	5
30	725
0	148
8	106
40	21
1	178
6	313
0	313
0	313
0	16
2	124
0	23
0	23
0	17
0	15
0	313
0	308
0	70
0	12
0	6
1	70
0	6
0	13
0	33
0	6
0	2873
3	2731
42	1743
0	1990
171	226
0	2855
19	2856
0	426
1	203
0	540
0	1597
1	379
4	419
3	13
14	1
0	1
285	20
0	37
0	833
0	26
0	835
37	210
4	23
0	203
0	0
0	5
0	0
0	32
0	32
0	21
0	2
0	0
0	21
0	2
0	2
0	2
0	2
0	0
0	296
4	345
3	158
10	88
17	115
0	95
4	109
2	78
6	20
45	89
0	68
4	155
0	47
0	17
0	110
0	14
2	187
192	689
0	422
1	56
7	72
0	101
1	28
1	18
1	0
0	1
0	0
0	0
0	18
0	171
0	161
0	129
5	141
0	22
0	3
2	16
266	494
0	494
0	38
0	308
7	305
0	60
0	33
3	9
0	88
1	16
0	4
0	33
3	16
0	10
5	0
1	0
1	299
0	202
0	276
0	243
0	35
1	94
5	30
0	44
0	1
0	1
0	1
0	1
0	1
1	1072
67	1093
7	475
0	970
0	81
6	136
12	342
0	61
3	112
0	112
10	111
1	106
4	99
0	2
0	9
0	5
0	0
1561	148
0	64
7	84
3	69
792	288
7	13
10	206
0	0
0	0
0	0
0	45
103	0
0	0
14	0
0	196
0	62
0	2
0	4
10	137
1	41
0	54
0	13
91	122
0	29
1	3
19	90
0	141
0	74
0	147
0	142
0	15
0	20
4	21
0	99
0	10
6	116
6	116
0	4
0	12
0	30
0	9
0	8
0	30
0	33
0	32
7	35
0	9
0	5
0	38
0	34
0	7
0	13
0	10
0	4
0	30
216	111
0	55
22	35
1	24
1	78
0	31
10	76
0	48
0	25
0	44
0	33
0	71
186	3
0	0
0	3
0	0
0	0
2	3
1	44
195	89
2	76
0	50
0	34
0	0
0	0
0	0
0	344
24	912
44	930
0	619
1	185
24	96
0	956
2647	0
0	0
0	0
0	0
0	0
0	0
0	0
0	0
0	0
259	0
12	108
1	109
11	97
6	52
0	50
0	32
0	49
2	31
0	51
0	55
0	8
0	8
0	2
0	1
0	1
0	0
0	0
0	0
0	0
2	0
0	2
0	2
0	2
0	2
0	1
0	0
0	1
0	1
0	1
0	1
0	1
0	0
78	53
1	24
0	28
0	63
8	685
0	570
0	33
36	434
2	76
0	89
0	149
0	98
0	0
0	1
0	0
0	1
0	0
0	0
0	0
0	1
0	0
0	0
0	0
425	1991
146	1752
0	542
10	956
23	0
132	152
0	150
0	140
0	2
2	0
0	1261
0	1333
0	80
0	61
0	107
0	75
0	43
0	26
0	0
0	0
0	0
0	0
0	0
0	0
0	0
0	0
0	0
0	0
0	0
1	0
0	0
0	0
0	0
0	0
9	807
23	758
0	911
0	265
2	354
3	287
0	20
726	482
81	498
16	40
3	656
5	620
1	641
36	28
18	99
0	96
2	111
2	119
0	45
0	17
3	15
15	12
0	1
0	0
0	0
0	0
0	844
0	841
0	288
0	110
0	97
147	107
0	104
0	0
71	3
0	96
0	97
2	83
0	83
0	87
0	77
486	1406
6	1400
17	0
58	1102
3	148
10	72
894	212
23	212
4	81
4	387
0	373
0	387
0	32
4	2
0	0
0	0
0	0
0	0
0	0
0	0
0	0
0	0
0	0
0	256
0	67
0	265
0	65
0	145
0	74
0	362
0	264
0	363
0	347
0	80
0	59
0	29
0	20
0	17
0	52
75	355
0	92
4	246
0	67
0	0
0	0
0	106
0	60
0	60
0	60
0	111
0	60
0	110
0	33
0	57
0	20
1	11
0	34
0	28
0	26
0	17
0	6
0	6
0	6
0	5
2	15
0	100
0	0
0	0
0	0
0	0
1244	320
0	196
3	113
26	189
0	905
837	899
153	504
0	358
0	376
9	16
6	23
8	206
0	179
9	65
0	7
0	53
0	0
0	0
4	519
0	426
0	43
0	469
4	460
14	30
0	316
0	37
0	400
3	41
0	39
0	75
0	519
7	203
0	193
0	70
0	0
0	0
0	0
4	119
1	119
0	110
0	119
20	73
0	73
2	65
1	70
2	13
0	0
0	0
0	0
0	0
0	46
0	1
0	0
0	46
0	0
0	0
217	0
5	136
0	108
0	125
2	94
0	126
0	114
0	118
0	121
2	80
0	57
1	45
4	6
52	38
0	13
0	26
0	1
0	10
0	2
0	316
5	307
4	33
0	28
0	60
0	13
4	32
0	0
0	0
0	0
0	0
0	0
0	546
0	580
4	220
2	60
0	546
6	299
1	300
0	16
32	218
3	42
1	18
0	16
3	14
0	5
0	5
0	78
0	0
0	0
0	0
0	0
0	0
0	0
122	78
2	351
17	1249
34	1049
9	156
0	156
0	48
0	7
0	38
0	90
1	90
0	38
0	38
16	84
0	93
0	93
0	49
0	0
0	0
0	0
0	0
0	6
0	0
0	6
2	0
0	0
0	6
16	13
0	13
0	13
0	12
0	3
2	8
0	6
1	284
11	290
0	258
0	268
0	246
0	93
13	52
0	142
2	30
0	107
7	25
0	29
0	9
6	7471
71	7471
1	7470
0	7470
0	7471
0	7470
0	7472
0	7470
1	2323
0	1488
0	1111
0	1037
0	1049
0	998
0	0
0	3
1	3
0	7355
0	7417
0	7419
0	7473
0	7343
0	1
0	0
0	0
0	0
0	0
0	0
0	0
0	1
65	224
2674	1228
94	510
0	1172
0	576
0	174
0	0
0	0
0	0
0	0
0	3222
1295	2287
5	4160
242	1269
0	3302
0	3003
3	10
0	606
6	1681
3	4260
262	0
231	533
1	481
0	52
527	62
0	62
227	319
15	19
0	300
17	107
0	2
0	107
2	22
0	0
0	0
0	0
0	0
0	0
0	0
0	0
0	0
0	906
0	767
2	717
0	131
0	151
44	254
0	273
1	273
21	284
4	0
14	348
0	26
0	23
0	654
3	1
0	2
0	2
0	1
0	1
0	1
0	2
0	121
92	287
0	126
4	93
0	182
2	0
0	0
0	0
0	0
0	0
0	0
0	0
0	0
0	0
2	1637
0	1736
16	1599
0	1662
2	184
1	177
0	488
10	133
0	347
0	197
1	63
3	213
4	233
50	559
0	559
0	0
0	0
0	0
0	0
0	0
1309	311
18	117
2	194
0	0
544	31
0	31
3	1007
1	999
26	77
14	36
28	19
0	3
0	3031
46	2869
52	3033
61	2876
93	2698
3	132
3	1136
0	823
14	110
26	466
54	393
0	182
11	62
0	10
0	466
0	0
6	0
0	0
0	0
0	319
0	150
6	26
14	263
0	0
0	0
0	1
0	1
0	1
0	0
0	0
0	532
0	532
4	70
16	190
0	0
0	0
0	0
0	0
13	306
40	306
4	25
7	18
3	195
4	0
0	0
0	0
0	1449
12	1536
0	683
0	440
0	669
0	372
1	401
7	365
45	110
0	228
16	170
6	37
128	57
0	608
9	28
0	57
0	608
10	160
1	33
1	183
0	178
0	0
0	0
0	0
0	0
0	0
0	0
0	0
0	0
0	0
0	0
17	160
0	167
0	44
0	53
4	16
0	0
0	0
0	0
0	0
0	0
0	0
0	0
0	0
6	141
0	111
2	39
0	141
0	0
0	0
76	0
16	95
4	95
0	93
0	0
0	0
0	0
12	683
28	683
4	491
0	0
0	0
0	0
0	68
3	24
0	67
0	2
0	3
0	26
0	1
0	11
3	11
1	0
0	0
0	0
0	1
0	1
0	0
497	332
1	32
0	249
1	106
14	55
0	0
119	7
0	0
0	1
0	1
0	1
0	1
0	0
0	0
190	48
4	48
5	26
0	0
0	0
0	0
0	0
0	0
0	0
310	113
0	73
0	0
1	0
348	0
0	0
0	0
0	0
2	2
0	2
0	0
0	0
111	805
0	769
0	368
0	29
35	175
0	0
0	0
0	0
0	0
0	0
0	0
0	0
0	0
0	0
0	0
0	0
0	0
0	0
0	0
0	0
0	0
28	0
6	0
0	0
0	0
0	0
170	3234
15	3237
0	156
1	1
0	1
0	0
0	1
0	0
0	0
7	1407
35	1150
0	1010
0	1065
1	114
0	142
363	1542
16	4551
0	4324
0	346
4	367
73	3
0	0
0	0
0	0
2	0
5	6
0	1
0	0
21	2
0	1
0	1
0	1
0	60
0	1
0	1
0	1
0	0
0	0
0	0
0	0
0	0
0	0
0	536
0	536
12	241
0	448
0	289
0	307
3	26
0	49
0	4
0	124
2	33
0	80
0	0
0	19
0	456
0	437
1	460
47	436
0	329
6	1
3	67
2	18
9	5
0	460
0	1
0	1
0	1
0	0
0	0
0	18
0	23
2	23
0	0
0	1265
0	1222
4	1213
0	1256
1	205
3	55
10	158
0	0
2	155
0	160
0	162
0	159
0	164
0	160
0	159
0	162
1	162
0	156
0	6
0	10
1	3
9	3
0	97
0	164
0	102
3	101
28	59
97	2
0	6
12	8
7	32
3	21
3	6
1	2
3	2
0	23
83	23
0	9
0	0
0	0
0	0
0	120
0	116
0	114
0	117
0	120
0	119
0	121
3	114
3	1
265	0
0	243
10	151
15	46
0	230
0	180
0	11
1	17
0	30
0	34
0	34
1	7
1	0
0	84
0	91
67	451
0	404
0	346
0	480
0	332
10	217
32	69
10	76
0	45
1	119
2	73
0	11
23	72
0	54
0	60
28	5
0	27
3	26
3	72
12	63
0	3
12	10
6	8
4	243
1	128
0	0
0	93
0	44
0	89
0	209
0	0
0	0
0	0
0	0
0	0
0	0
570	327
2	306
10	75
5	26
0	10
0	62
0	209
0	193
0	213
0	209
0	7
95	550
0	224
0	107
0	546
26	415
0	158
0	197
0	395
0	337
0	138
1	137
78	0
2	0
0	0
0	0
117	462
11	26
0	409
110	405
0	405
2	3
0	46
0	48
1	104
40	10
0	38
83	15
15	0
0	0
0	0
0	0
0	0
0	0
0	434
2	120
0	486
19	311
0	493
30	11
3	11
0	0
0	0
0	0
0	0
0	0
0	0
0	0
0	0
0	0
0	0
4	129
0	115
5	122
0	85
0	10
0	48
0	106
0	30
0	2
21	30
0	13
0	11
0	10
0	0
0	0
0	0
0	0
0	7
0	0
0	12
0	12
0	12
0	0
2	1
0	1
0	11
4	0
0	0
0	0
0	3
0	0
0	1
0	0
0	12
0	12
159	204
0	171
0	56
0	13
96	67
3	67
3	25
0	0
0	0
0	3
0	0
0	0
0	3
0	0
0	0
0	3
0	0
0	143
0	139
1	30
0	141
0	33
0	38
0	0
0	43
1	0
1	23
1	12
4	30
0	17
0	46
0	141
30	1106
1	77
10	1192
0	914
0	1117
24	779
0	1095
0	87
4	73
0	153
0	63
8	210
320	105
0	105
1	10
0	10
0	0
1	0
0	0
0	11
191	8
0	12
0	0
0	0
0	0
1	1
0	1
0	0
0	0
0	0
0	519
4	455
51	606
2	14
0	191
3	77
2	58
0	14
0	12
20	219
0	213
9	154
0	16
0	3582
13	757
0	1115
0	2401
1	177
22	148
0	217
0	149
0	400
0	129
0	588
8	112
0	3407
0	3685
0	3520
0	25
3	26
3	31
0	5
0	116
6	109
0	5
0	46
0	80
0	108
0	1
0	44
0	51
0	116
0	973
512	1490
1	1385
0	134
1	245
0	33
0	20
8	2
0	2
0	0
1	168
16	242
1	171
0	242
0	751
3	621
0	413
2	723
1	16
0	411
0	2
0	34
7	2
0	694
0	150
0	383
1	57
0	735
0	186
2	98
0	58
3	40
20	186
0	3
0	0
0	3
0	3
1	0
0	0
75	0
33	0
0	0
0	0
0	0
0	0
0	7
0	2
0	7
0	0
15	219
3	219
0	75
0	66
0	112
0	117
3	17
0	14
0	115
0	13
0	9
0	5
0	9
0	4
0	2
0	0
0	0
0	0
0	12
0	7573
32	7567
4	931
0	2062
0	2251
0	236
1	0
0	0
0	0
50	69
0	9
0	8
0	11
0	0
0	3
8	5474
9	5183
26	3070
12	2676
8	2128
8	1888
0	5434
186	139
0	20
0	36
3	18
3	34
5	21
0	24
0	22
0	21
150	0
2	864
0	442
0	866
0	48
0	38
0	50
191	0
0	2905
0	3427
0	839
4	591
7	69
15	154
0	647
0	483
2	164
1	71
191	75
33	219
0	0
5	0
34	23
1	22
0	23
0	11
0	8
1	2
319	1315
25	333
1	406
5	1072
7	318
6	1157
1	1132
3	4
0	140
1	703
81	1310
4	1297
0	57
0	139
1	0
0	0
0	748
1	761
0	31
52	69
35	767
0	39
0	155
0	160
3	13
0	10
0	10
0	28
0	84
52	135
20	149
0	120
0	529
0	529
0	3
0	44
2	288
0	275
5	24
4	45
0	13
0	19
0	2
399	107
0	107
0	41
3	108
0	82
4	108
1	0
16	0
6	823
0	852
6	551
89	211
28	136
151	3
0	0
0	0
8	198
2	105
0	199
0	42
3	20
0	7
22	3555
236	3564
0	2086
3	375
0	239
0	218
7	57
0	216
1	177
0	43
1	0
44	77
192	130
8	83
23	30
0	0
0	0
0	0
92	700
0	723
14	387
6	404
9	578
44	9
0	257
0	217
11	39
1	0
0	0
0	0
0	348
1	1377
3	1405
0	650
1	286
0	418
0	75
347	2470
1	2383
0	175
1	118
28	137
12	941
5	296
10	267
0	141
1	177
0	126
23	6
0	20
16	2
104	137
0	119
0	109
31	12
0	25
0	124
0	0
0	0
0	0
3	0
0	0
0	0
0	0
0	0
0	0
0	0
0	0
0	0
258	163
6	163
2	123
0	435
0	425
0	109
0	223
5	386
5	68
0	59
7	4
22	32
0	26
13	48
0	26
0	26
0	431
3	93
0	85
0	69
0	69
0	54
0	70
0	70
0	70
0	35
0	35
0	7
0	14
0	15
0	8
0	543
0	519
0	153
6	4788
0	4668
0	750
0	17
0	111
6	533
0	63
3	4761
3	0
64	1230
0	63
5	562
0	16
247	588
0	588
0	0
0	0
9	130
0	354
18	44
4	173
28	30
0	49
1	328
25	296
14	1190
0	2631
0	2659
0	0
1	1551
27	1577
82	223
61	675
2	1530
0	1615
9	1526
1	259
14	255
44	92
0	92
0	92
0	0
24	3925
0	76
4	727
0	1864
2	74
0	191
5	1789
0	916
0	3177
34	2124
7	213
125	1108
177	276
170	112
17	3141
0	0
0	0
2090	1074
4	1024
0	677
0	204
0	286
2	328
2	106
0	106
0	98
2	20
18	9
0	54
3	15
0	0
0	0
0	0
0	0
3	81
0	1
111	80
1	80
6	16
0	252
0	252
0	242
0	41
3	3
0	30
0	29
0	7
2	4
0	4
371	290
2	77
9	45
3	110
2	92
0	0
0	0
0	0
0	0
76	813
2	813
0	813
15	40
4	2
1	232
0	210
6	56
0	39
0	26
1	26
0	20
0	3
333	335
1	357
0	0
36	146
39	295
23	39
0	0
0	0
0	0
0	0
0	0
0	0
0	6
0	6
0	0
0	0
1	222
1	469
1	461
0	117
7	67
0	0
0	0
0	8
0	1
0	8
0	8
0	3
0	8
0	0
0	0
0	0
0	0
0	0
0	0
0	0
0	0
88	20
1	20
0	0
0	0
0	0
457	386
21	139
13	192
6	46
25	56
3	54
7	9
146	162
0	112
0	48
0	374
1	374
8	0
6	78
0	185
3	418
5	418
2268	2259
21	2259
0	0
0	0
0	0
0	0
0	0
0	0
474	0
0	1
0	1
0	0
135	474
0	157
0	31
14	149
0	28
1	9
5	201
0	0
109	7
0	7
0	7
225	449
27	449
0	0
0	0
0	0
0	0
0	0
0	0
0	0
0	0
0	0
0	0
0	0
901	240
2	240
0	1269
0	262
3	386
0	323
0	390
0	379
0	3
0	70
0	105
0	329
0	350
2	274
1	264
5	260
0	62
4	4
0	0
0	1265
631	288
12	44
35	244
3	5
0	146
0	165
1	85
0	160
0	44
2	42
1	0
0	0
0	0
0	0
0	0
0	0
0	0
0	0
0	0
0	19
0	205
5	205
0	11
0	10
9	19
0	0
1	11
2	32
1	18
150	227
0	177
0	159
0	119
0	76
3	0
133	135
0	105
3	19
0	54
0	60
3	19
0	0
1	46
0	44
0	57
0	50
0	14
0	17
0	0
0	57
122	278
0	65
13	58
0	215
0	72
1	96
0	83
0	72
0	67
1	55
0	50
0	0
0	0
0	0
0	0
0	0
0	58
33	135
0	14
21	69
14	135
0	22
5	43
3	32
0	15
72	385
4	318
3	266
0	0
0	0
0	0
0	1
0	1
0	0
0	0
0	0
0	1047
0	1388
0	294
0	851
0	296
5	157
0	265
0	114
0	217
2	133
0	373
0	304
0	359
0	0
0	0
92	8437
6	8403
0	8018
0	204
10	0
0	8437
5	665
0	62
2	41
0	12
0	633
0	0
0	0
0	0
5	175
0	175
0	163
7	0
0	0
4	61
0	107
0	0
0	0
0	0
0	0
5	284
18	29
0	0
44	274
0	14
17	319
1	24
0	277
3	189
0	136
2	50
0	61
0	0
0	0
0	0
0	0
26	3549
105	3549
0	983
2	1001
170	979
0	0
0	0
0	0
0	0
0	0
0	0
0	0
2365	1434
858	1434
51	63
4	62
0	0
0	24
0	17
0	0
0	0
0	0
0	0
0	22
0	22
0	20
0	16
0	0
20	53
19	53
7	239
0	11
0	124
0	162
1	0
0	0
84	636
17	173
10	230
0	0
0	0
0	0
0	0
0	0
0	0
0	8
0	7
0	6
0	218
0	179
0	144
0	0
0	73
12	0
0	19
0	39
276	23
0	23
0	19
5	0
0	2
0	2
0	0
0	0
0	17
0	5
0	10
0	5
0	17
0	0
0	0
0	0
0	0
0	5
0	3
0	4
0	2
0	2
269	75
1	56
19	22
0	20
0	2
0	2
0	158
0	158
0	159
0	37
2	6
4	6
0	0
0	0
0	0
0	0
0	768
20	376
20	81
0	776
1	649
5	172
1	106
0	434
7	260
5	312
0	2
0	2
0	2
0	0
0	0
0	0
0	0
0	0
0	0
5	1164
155	0
46	240
130	1164
115	337
6	405
3	0
0	0
0	0
0	0
0	1
0	0
0	0
0	1
0	0
0	0
0	0
0	0
63	0
434	969
503	625
0	605
0	777
2	285
0	777
3	1
0	1
3	7
0	0
3	6
0	0
0	3
2	3
0	1
0	1
0	1
3	0
0	0
0	0
0	0
0	0
0	0
0	0
0	0
0	0
0	0
0	0
0	0
10	892
2	892
0	44
0	0
3	159
9	673
64	283
0	597
6	12
0	162
0	60
0	44
0	146
0	146
671	68
0	68
12	93
9	102
0	10
0	8
0	98
0	7
0	29
0	48
62	24
3	21
0	14
21	815
0	824
0	827
0	7
1	128
2	116
1	77
1	74
5	27
7	34
10	0
0	1094
16	1061
0	806
0	852
0	117
3	144
0	689
4	476
0	799
0	110
9	440
13	453
0	438
0	449
11	298
1806	504
14	504
29	35
6	35
0	0
0	0
0	0
0	0
0	0
0	0
0	0
0	27
9	32
0	6
3	27
13	23
297	85
0	85
1	0
0	958
0	57
0	3
0	0
0	962
1	3
1	281
0	95
0	281
0	278
0	278
0	684
20	667
77	610
0	600
0	318
0	470
0	473
0	0
18	1222
0	1265
0	1265
23	126
10	337
2	460
1	142
0	97
0	9
0	361
11	361
28	80
1	12
15	82
0	0
0	22
3	206
54	287
0	49
10	59
388	107
14	41
2	39
0	30
0	23
0	14
5	15
1495	3225
3	756
2	2176
5	935
0	2535
0	0
0	0
0	1
0	7
0	7
0	6
0	6
0	7
0	0
184	347
0	306
1	281
8	24
0	43
0	3
0	119
83	96
2	54
6	26
0	2
0	4
2	26
0	360
0	504
7	0
0	82
64	278
0	62
0	97
10	11
2	0
0	504
0	25
0	36
3	59
0	72
0	71
0	5
0	0
0	0
0	0
0	0
20	1478
0	7
0	1414
0	653
4	65
0	173
5	320
25	98
0	0
31	1618
4	72
10	219
2	393
3	346
13	917
1	68
0	1035
0	1073
7	1202
0	1034
130	5
92	1157
103	81
0	118
0	351
0	0
36	17
0	1
0	5
0	12
0	37
57	37
1	46
0	0
1	0
0	41
0	11
0	14
0	0
0	0
0	0
0	0
0	100
12	100
0	24
0	13
0	73
0	75
0	74
0	89
3	20
0	12
0	17
2	6
0	4
0	41
0	195
0	178
0	177
3	100
2	24
15	70
1	82
0	34
591	458
0	17
0	193
1	257
0	0
235	1762
12	1762
17	671
37	43
0	141
34	99
0	531
0	460
3	80
47	32
4	61
0	48
0	51
5	57
0	34
0	21
0	542
20	1053
0	1053
0	0
0	0
583	499
38	40
15	92
119	365
0	66
0	2
0	2
0	1
0	0
0	0
0	0
0	0
0	0
0	0
0	0
0	0
0	0
0	0
0	1
0	0
3	1
0	145
0	324
0	318
0	48
0	36
1	0
0	0
0	0
0	0
0	536
4	1343
2	0
2	1334
0	106
0	106
0	0
0	0
0	0
0	0
0	0
0	0
0	0
0	0
0	15
0	14
1	11
0	8
0	15
4	0
0	0
69	1021
9	994
0	27
0	0
336	89
7	59
2	0
2	15
0	15
0	0
0	0
0	0
0	0
0	1
0	0
0	0
0	0
0	0
0	0
0	0
0	188
2	11
0	8
0	0
0	0
3	754
75	672
50	236
21	2273
2	427
12	2236
6	176
0	268
0	393
38	147
2	194
0	27
0	16
104	6
947	50
0	50
355	67
15	67
0	20
0	0
68	637
0	594
37	491
0	369
5	88
0	1
51	1445
6	2370
0	2246
906	2492
34	72
12	263
6	16
0	16
0	16
0	4
12	7
0	4
0	2
0	0
0	5
0	5
0	3
2	0
29	6270
115	6266
0	4251
0	1054
0	4261
55	0
0	523
17	377
4	54
0	89
0	1
0	523
0	0
0	0
0	0
2	0
323	498
10	478
12	87
1	461
2	388
2	395
0	113
1	130
0	104
0	70
0	105
0	49
1	15
0	18
0	22
0	32
0	41
0	230
0	75
0	33
0	39
0	188
0	59
6	30
0	4
0	229
0	44
0	230
0	32
0	15
1	88
0	216
0	24
0	146
0	95
0	17
8	50
0	228
0	215
196	88
0	70
4	43
0	18
653	12993
0	12970
65	4955
43	1925
0	1240
0	0
0	0
0	0
0	0
0	0
7	1884
0	1780
0	1735
4	1819
13	63
0	151
11	41
0	271
0	293
1	7
3	417
0	66
46	342
0	0
14	118
0	0
0	0
0	0
0	0
0	0
0	9
0	9
0	9
0	9
0	9
0	0
0	0
0	0
0	0
0	0
0	0
0	0
0	0
0	0
0	0
0	0
0	0
0	0
27	2560
2	2092
2	2530
0	264
1	262
43	4269
0	3265
23	4228
11	2580
4	732
7	2557
4	34
0	58
0	53
2	10
0	12
0	5
0	3
0	3
1007	3
5	3
0	9
0	3
0	0
0	0
0	0
0	1
0	4
0	0
0	0
0	0
0	9
0	11
0	11
0	12
0	12
30	1442
0	1340
0	150
0	752
104	1619
0	836
0	583
0	337
0	306
17	107
0	399
0	214
70	61
8	389
15	113
0	51
0	0
0	0
0	2
0	4
0	3
0	3
0	0
0	0
0	467
0	446
0	387
0	19
2	0
23	0
0	113
0	14
0	13
0	0
0	0
0	0
1458	0
0	0
0	0
0	0
0	3
0	5
0	3
0	5
0	2
68	0
33	13
2	13
1	3
0	1
3	152
0	137
0	56
0	7
18	7
0	55
0	20
1	39
1	59
0	519
0	510
3	18
6	141
0	43
3	42
4	61
24	27
1	22
0	24
0	19
0	7
0	23
0	7
0	12
0	9
129	608
56	1060
1	362
0	743
0	55
0	49
0	51
0	50
0	37
0	31
0	28
0	19
0	5
0	3
0	3
0	3
0	0
0	0
0	0
0	0
0	0
0	6
0	0
0	0
0	2
0	5
0	43
5	196
0	62
0	146
1	13
0	187
0	0
0	0
0	0
13	114
2	114
5	0
0	112
0	83
0	10
0	1
0	83
0	4
2	5
0	110
0	0
0	0
0	0
0	0
0	0
0	129
0	126
0	110
0	8
0	23
1	28
5	12
0	7
0	5
0	110
3	674
1	638
3	606
1	639
2	292
0	286
0	286
0	282
2	193
0	0
80	33251
37	33076
4	3529
14	5070
58	8342
0	6474
0	3465
2	3071
20	3590
0	1361
59	3573
6	184
0	118
0	231
8	3112
19	3114
62	3018
22	123
0	239
0	61
14	0
2	0
23	80
0	80
1	4880
0	254
0	52
19	190
0	4880
12	1439
7	1438
12	1438
0	52
0	335
1	1278
0	1279
43	1002
0	154
0	219
1	0
0	0
0	0
16	3
0	3
5	231
15	682
0	593
0	72
0	486
0	316
0	240
0	1
0	1
0	1
0	0
0	0
0	0
0	0
0	0
0	0
0	0
0	0
0	0
1085	0
0	0
0	0
0	0
55	31
5	13
0	7
0	11
0	0
0	0
0	0
0	0
7	290
4	280
0	200
0	186
6	144
0	161
0	69
43	0
2	0
0	5
26	0
0	0
0	0
0	0
0	0
0	562
28	85
0	135
0	139
9	25
8	48
0	562
3	318
0	317
0	307
0	302
0	291
1	253
0	289
0	26
3	47
5	22
0	0
0	0
0	0
0	263
13	261
0	13
0	60
0	26
41	1013
16	601
30	275
0	648
0	0
9	0
442	111
11	44
10	74
12	32
0	0
0	8
0	3
0	16
0	5
0	26
0	46
0	51
0	17
6	0
0	0
0	0
0	0
5	195
0	179
4	104
4	33
0	6
0	0
0	0
11	106
0	32
0	47
0	25
0	54
0	36
0	13
0	34
11	37
0	6
0	106
0	161
0	168
0	136
0	168
1	85
0	79
0	35
0	40
0	34
0	40
18	8
0	0
0	0
0	0
0	3
4	12
0	2
0	12
0	2
0	0
0	0
0	0
0	682
0	0
0	0
0	0
0	0
0	0
0	0
0	0
0	0
0	0
0	0
0	1087
125	1103
0	1128
4	154
1	2073
53	2024
17	2031
0	306
0	379
0	296
185	688
0	137
0	687
56	398
0	154
1	0
2	23
1012	41
50	41
0	0
0	0
0	0
0	0
0	0
0	0
0	0
0	249
0	264
1	156
0	250
2	141
0	141
20	70
0	0
0	0
0	0
0	0
0	0
0	0
0	0
0	0
0	0
0	0
0	0
0	0
599	1545
10	281
1	462
9	311
26	116
53	401
0	734
8	182
0	142
145	171
1	116
6	47
0	31
0	89
0	88
0	101
0	43
2	48
9	65
0	65
67	21
173	174
0	50
0	77
0	123
0	61
10	210
0	0
3	210
0	26
0	169
6	945
0	911
0	860
6	99
8	1
2	0
2	0
0	0
0	0
0	0
0	0
0	0
0	0
422	390
69	390
6	10
0	0
0	0
0	1
0	0
0	1
0	0
0	0
0	0
0	0
0	0
0	0
0	0
0	0
0	0
0	0
0	0
0	0
5	1904
19	1906
66	1906
0	128
0	123
0	0
0	0
0	0
0	0
52	1791
21	1779
25	1576
18	67
0	51
0	1779
11	721
2	274
7	160
1	602
0	672
6	44
4	66
38	8
0	20
4	542
0	124
0	32
4	129
0	18
0	162
17	18
0	0
1	82
0	7
0	0
0	74
0	0
0	2
0	0
0	0
0	2
0	2
0	1
0	0
0	0
0	0
0	0
19	855
0	121
3	445
0	305
4	275
2	318
1	147
29	87
0	110
0	0
0	0
3	1
0	1
440	122
1	41
0	81
4	192
0	192
9	25
0	34
2	2
0	0
0	0
33	498
1	354
25	497
1	20
0	73
0	10
0	12
3	70
3	4
0	17
0	9
1	2
2	73
0	62
1	165
0	163
0	108
12	122
0	119
2	43
2	33
8	27
0	0
9	14
0	12
0	3
0	0
0	421
11	93
0	26
0	421
0	0
0	162
7166	2510
46	470
1	1143
0	1087
0	991
0	589
0	12
54	1445
14	596
0	1844
0	0
30	406
0	512
16	714
7	456
0	0
0	0
0	0
205	27
0	27
185	27
20	27
880	0
0	0
0	9
0	6
0	3
0	3
0	3
0	0
2	0
1	42
0	42
0	42
0	38
0	35
0	20
0	0
0	0
0	0
0	59
0	0
0	2
0	46
0	48
1	46
0	48
0	7
0	59
0	7
0	8
0	2
0	1
0	2
1	1
0	0
0	0
0	0
0	40
0	33
0	9
18	286
4	52
0	119
10	210
45	43
3	145
0	0
0	0
0	0
0	0
0	0
35	0
0	0
0	0
0	242
0	357
2	819
159	1926
1	50
0	695
0	513
1	1482
11	167
0	51
3	16
4	700
0	3
4	3
0	0
0	0
0	0
0	0
0	0
0	0
0	0
0	0
0	0
227	397
0	359
5	90
0	117
0	0
0	0
0	0
0	0
0	0
0	0
0	0
0	0
0	0
0	3
0	2
0	1
0	1
0	0
0	1
0	2
239	43
0	11
2	25
0	3
0	3
0	3
0	0
0	0
0	0
0	0
44	799
10	60
0	577
2	118
0	742
0	798
5	4
0	4
0	0
1	0
0	154
42	155
0	64
1	95
0	60
0	86
6	31
1	12
194	206
6	11
2	6
0	2
1	165
0	173
4	15
0	934
0	27
0	121
20	0
0	58
2	903
0	0
0	0
0	0
0	0
112	200
0	23
0	100
0	37
15	26
19	17
0	2
28	129
0	4
0	151
0	171
0	207
0	822
0	812
3	721
10	711
5	2
0	159
0	77
0	93
0	111
0	153
0	146
9	88
0	655
0	21
0	27
0	24
0	2
0	3
0	0
431	75
6	75
169	0
0	0
0	0
1	5
10	5
0	0
0	0
0	1
0	0
7	0
15	0
0	1
0	1
34	395
3	395
2	0
40	34
16	5
0	651
2	683
62	73
65	653
233	73
151	78
2	637
0	70
0	151
5	188
1	7
31	5
0	108
0	146
0	3
0	3
0	0
0	0
0	0
0	0
0	0
0	0
0	0
0	0
0	2
0	2
0	2
0	0
0	0
0	2
1	1
0	2
0	1
0	18
0	24
0	16
1	24
0	1
0	0
0	0
0	0
0	1
0	0
0	0
0	0
0	0
0	1
0	1
0	1
0	60
19	55
0	61
2	74
0	77
0	74
0	139
0	324
0	324
1	12
0	35
0	67
0	4
514	178
66	178
0	0
8	87
5	76
0	0
0	0
0	0
0	0
0	0
0	0
0	0
352	152
24	0
0	53
0	101
0	94
0	16
0	106
0	10
0	0
0	0
0	0
0	0
0	0
0	0
0	0
0	0
21	0
0	1
0	16
0	16
0	9
0	16
186	6765
22	1341
16	6666
0	0
0	0
0	0
8	510
1	416
3	449
1	448
0	250
1	144
15	175
0	58
0	58
88	36
0	26
0	454
0	0
0	0
0	0
71	2407
4	2406
0	1547
0	235
0	302
2	332
0	0
0	0
0	0
0	0
0	0
0	0
687	976
7	301
5	972
55	686
0	34
16	150
0	362
0	473
9	439
1	260
0	187
0	124
0	176
0	59
0	1274
0	1011
1	759
0	289
4	422
0	189
0	1274
6	255
0	256
3	224
0	18
0	29
0	33
0	11
0	140
0	140
0	255
0	19
2	19
0	19
0	0
0	0
0	0
0	0
0	19
0	167
0	178
0	207
15	94
0	141
4	2
0	93
0	48
0	173
0	22
0	94
0	27
3	36
21	15
0	42
10	18
0	31
0	9
0	86
0	141
0	198
88	168
0	50
0	77
66	200
3	38
0	0
0	0
134	185
2	177
3	37
0	22
0	1
0	17
9	21
115	945
2	914
0	692
0	28
7	24
0	28
0	0
0	77
0	95
0	16
3	6
0	26
0	24
0	1
0	0
0	0
0	0
0	0
0	0
2	0
0	0
0	0
135	80
0	52
0	66
0	19
0	21
0	14
7	12
0	0
0	0
70	0
0	2
0	0
0	2
0	9
0	0
0	29
1	29
0	90
0	26
0	36
12	2
1	28
0	14
19	14
1	6
0	98
1	0
7	447
28	469
0	494
0	403
0	262
0	260
13	74
0	11
0	52
0	104
0	159
0	119
0	46
0	76
0	4
0	29
6	4
24	25
0	11
0	13
0	11
0	0
0	0
0	0
0	0
0	0
0	0
0	0
12	0
0	0
1	652
0	0
4	5
0	5
0	0
0	15
0	15
3	3
1	2
0	0
0	0
0	252
29	243
28	34
0	227
2	58
10	13
0	36
184	3603
0	528
7	3318
7	451
0	2507
0	2713
10	3
1	64
0	1288
0	326
2	18
0	299
4	95
4	64
0	53
0	58
1	4
0	13
0	12
0	5
2	14
213	0
0	135
5	34
0	17
0	119
0	40
0	94
0	25
0	74
0	52
0	7
0	7
0	0
173	42
2	8
0	34
3	1304
8	1304
9	229
14	141
122	146
0	49
7	2
4	111
0	19
0	67
0	18
1	34
0	29
288	153
816	2048
0	94
1582	131
0	34
266	89
0	3
0	610
10	1606
1	44
0	81
0	94
105	31
0	276
6	94
42	37
0	141
44	34
0	0
2	58
5	232
0	385
0	1019
0	3
0	69
1	39
1	21
4	22
0	24
0	87
0	61
7	57
0	1018
6	88
0	62
84	36
311	154
2	36
0	55
3	71
0	379
0	19
3	91
8	153
0	152
0	150
0	146
0	166
0	67
0	128
0	134
0	120
0	14
3	42
2	461
3	475
0	6
0	379
0	11
25	6
0	48
7	77
0	137
13	80
2	99
5	47
0	32
7	46
0	44
11	89
1	87
637	0
14	953
5	908
0	127
58	144
0	188
0	101
0	0
0	1
0	0
0	0
0	0
0	1
0	0
0	1
0	0
53	214
0	164
0	157
3	36
0	0
246	336
5	11
0	0
0	38
6	29
4	29
0	3
0	1
0	4
5	4
0	4
0	33
0	36
0	0
219	24
0	24
702	1259
0	986
0	736
0	873
2	521
3	430
4	79
75	0
0	33
96	32
9	1
0	3
3	10
0	3
3	10
0	0
4	0
710	69
0	69
0	33
6	0
32	7
0	5
0	0
0	0
0	0
0	113
0	124
8	116
0	63
3	73
0	53
0	43
0	43
7	5
0	0
0	0
2	64
0	818
0	523
0	805
0	640
11	782
12	43
0	88
12	23
10	47
0	101
0	0
0	0
0	0
0	0
19	14
2	14
0	41
0	0
0	38
1	0
0	41
0	0
0	0
5	391
0	1219
14	1192
5	1165
0	1218
0	60
21	125
6	5
0	73
29	58
0	213
0	210
3	12
16	213
6	2
77	150
0	587
0	577
0	136
0	238
0	211
6	67
0	420
0	556
135	87
0	15
0	20
5	75
0	87
11	1186
240	1244
0	142
0	134
0	0
0	0
0	0
0	0
0	0
0	0
6	307
0	303
0	286
0	146
0	125
0	36
0	67
612	234
0	49
1	67
9	118
1	2
0	50
0	21
0	0
0	0
0	0
0	0
0	0
0	0
0	0
11	145
0	25
0	3
1	19
0	26
1	9
0	216
0	209
15	205
0	211
0	213
0	210
0	37
0	45
0	29
0	35
0	32
0	39
0	36
0	38
37	1471
1	836
1	914
0	1183
0	340
18	134
0	0
0	0
0	0
0	0
0	0
0	0
0	0
1	110
0	114
2	18
0	9
0	17
0	113
1	17
0	25
0	25
0	0
0	0
0	0
0	0
14	41
0	41
0	25
0	1
0	65
0	3433
0	3123
0	3350
0	157
0	109
0	122
1	111
0	2591
7	1596
0	568
146	2332
206	301
0	2171
0	68
6	450
50	386
0	3359
0	2963
273	116
1	113
0	26
104	293
0	182
9	135
1	49
0	25
44	57
16	12
0	152
1	30
0	0
0	70
0	113
16	15
8	0
0	401
0	478
0	422
1	437
29	210
0	493
0	467
1	1
0	46
0	416
2	56
0	80
0	109
0	38
0	42
2	13
0	55
2	5
5	27
0	68
0	52
0	73
1	91
0	0
0	0
0	0
0	0
0	0
0	0
0	0
0	0
1	0
0	0
0	0
0	0
0	0
0	0
0	0
0	635
0	536
4	432
0	262
0	0
0	0
0	0
3	9
30	36
70	178
0	52
0	49
2	33
0	15
2	35
0	89
5	124
1103	944
1	413
2	242
24	96
0	331
2	0
0	0
0	0
0	0
0	0
0	0
0	726
0	292
0	117
0	657
0	272
10	105
0	80
0	90
1	107
0	97
0	22
0	1028
0	1130
0	1053
0	807
0	920
0	627
0	783
5	316
12	174
0	0
42	49
3	26
0	19
0	7
1	7
0	6
29	0
17	249
0	244
42	52
7	6
0	0
0	0
0	224
0	168
22	8
18	39
0	215
3	22
25	0
11	0
11	438
5	1
3	439
1	14
0	0
0	46
0	4
0	38
0	21
0	7
1	24
0	3
0	8
4	5
2	12
51	302
0	303
0	309
0	10
6	10
2	301
0	1
0	97
0	13
0	50
0	240
0	171
5	58
0	76
0	2
32	234
5	39
10	80
43	42
0	42
1	17
0	46
0	20
4	47
0	0
0	0
0	0
0	0
299	0
0	0
0	0
0	0
24	768
0	770
0	673
1	3
8	663
0	525
0	529
3	10
0	11
8	0
0	450
0	447
0	114
2	131
1	279
0	37
1	13
0	62
0	91
0	460
0	0
0	0
0	0
0	0
0	0
0	0
0	0
0	0
0	2
0	2
0	0
137	31
0	28
2	31
1107	314
0	314
25	414
54	412
0	33
0	0
9	380
1	37
2	96
0	45
1	289
0	41
24	18
6	0
148	14
0	12
0	2
0	0
0	0
0	0
0	0
0	0
0	0
0	215
0	173
2	53
1	166
0	486
163	499
1	134
2	170
0	201
24	0
6	0
143	0
201	913
205	913
0	0
0	0
2	0
0	0
0	4
0	4
0	0
0	2
0	0
0	0
0	0
30	4122
73	4116
521	1828
412	1616
0	1
0	1
0	0
0	0
0	0
0	0
1	273
0	107
3	259
0	280
0	267
0	262
0	273
0	28
0	212
11	22
1	9
7	3
6	55
6	8
9	39
0	10
0	27
0	52
0	19
0	18
0	22
1	0
0	2
0	2
0	2
0	0
0	0
0	0
0	0
207	320
0	53
3	44
0	20
2	50
0	255
0	235
0	182
0	163
0	158
0	160
0	135
0	126
0	104
0	40
0	11
0	0
11	270
0	270
1	16
0	0
0	0
0	0
373	468
0	153
6	86
15	143
1	143
2	0
1	7
0	4
1	1
0	6
0	0
0	0
0	0
1	6
0	6
0	6
0	0
0	0
0	0
0	0
0	0
649	15
1	15
0	7
27	904
76	201
24	882
0	290
0	0
0	0
1495	4089
4	960
44	3861
0	6
0	6
3	0
0	0
0	0
0	0
0	0
2	130
0	130
0	39
0	32
0	27
0	26
0	4
0	4
24	79
0	224
0	59
0	342
0	392
0	86
0	0
0	0
0	0
0	0
0	0
0	0
0	0
0	0
0	0
0	0
0	0
0	0
0	0
0	0
0	0
0	0
0	0
0	161
0	165
0	165
0	161
0	152
8	158
0	169
0	172
0	160
3	24
1	0
0	0
0	2
0	2
0	0
0	0
0	2
0	0
0	2
255	10
0	6
0	10
0	46
0	61
27	1165
74	254
0	61
0	513
2	550
1	730
0	1151
45	0
0	65
2	668
0	694
11	79
1	91
5	18
2	35
8	74
47	31
0	74
3	4
0	732
0	0
0	0
25	59
403	37
0	48
10	22
10	137
675	137
2	65
5	61
0	28
0	7
2	53
0	42
2	22
0	1473
3	59
0	1479
0	1165
4	42
5	14
69	314
0	329
0	4
0	4
0	4
0	0
0	0
978	16
30	16
0	299
70	870
0	365
11	156
0	54
0	18
16	30
0	31
0	29
0	18
0	20
0	14
0	11
0	9
8	8
0	3
81	388
0	235
0	239
12	214
0	360
0	185
129	313
1247	175
6	175
9	0
5	0
1	0
0	576
100	2002
149	1880
26	0
0	0
0	0
0	0
167	0
0	0
0	0
0	1
0	1
619	282
0	58
0	121
1	158
1	0
0	0
0	0
0	0
6	295
33	331
35	64
0	12162
0	12261
13	186
3	4
0	934
124	859
1	788
0	60
0	529
0	318
0	74
0	146
0	0
789	103
3	55
9	56
0	44
0	700
0	45
15	0
0	57
2	0
4	70
1	519
5	269
2	700
0	6
0	8
0	2
0	2
0	0
0	0
3041	301
0	103
0	174
0	127
13	25
1	27
0	27
0	24
0	9
2	1
0	31
15	10
0	10
0	4
0	0
0	0
0	0
0	0
0	2
0	2
0	2
0	0
0	1
63	82
0	79
0	71
0	27
0	0
0	3
0	3
0	4
0	4
0	3
0	1
0	0
0	2
0	1
0	1
0	1
0	3
0	0
0	0
0	0
0	0
0	0
0	0
0	0
7	585
0	601
0	605
2	559
3	590
0	591
0	575
0	46
0	43
0	0
0	0
0	0
0	0
0	0
28	3213
0	3136
0	3139
0	3137
0	3139
16	2717
2	2354
4	1228
0	471
4	375
114	646
5	617
0	90
1	74
39	241
13	12
0	68
0	62
3	52
0	7
0	15
2	22
0	6
0	21
0	17
0	12
0	0
0	0
0	0
1	0
159	383
0	348
55	35
1	3
0	24
0	28
0	28
0	25
0	3
0	1
0	4
0	3
0	0
2	8
0	0
0	0
0	0
0	0
0	0
0	0
0	0
0	1159
0	2039
46	1330
1	1297
12	485
2	426
0	2
0	0
0	2
0	0
0	0
0	0
368	315
3	103
24	187
0	94
0	83
0	47
216	921
0	810
0	323
0	232
3	227
0	360
4	144
41	493
8	146
0	0
3	328
0	97
3	157
21	213
0	147
13	147
20	127
0	7
0	7
1	7
0	2
0	13
3	13
0	14
0	14
8	686
0	659
1	547
151	275
0	231
13	216
5	39
0	27
11	21
0	33
0	21
34	0
0	0
0	0
0	0
0	0
0	0
0	0
0	0
0	0
0	2
0	2
0	2
0	0
52	801
0	799
6	325
0	252
0	0
0	0
0	538
0	486
0	416
0	212
0	275
0	475
87	388
0	286
0	185
1	351
0	316
74	529
0	84
0	468
0	0
0	0
0	0
0	0
0	0
0	0
0	0
0	0
20	1
61	67
0	49
0	39
58	2
0	14
0	0
0	0
0	0
0	0
0	8
1	8
0	1
0	6
3	393
0	383
0	375
2	234
0	250
63	163
0	58
0	26
1	7
787	174
4	174
0	8
0	8
0	4
0	2
0	1
0	6
0	6
0	4
0	4
0	14
1	14
0	36
146	36
1	148
84	148
0	0
23	15248
43	1767
49	0
18	4551
8	1757
8	5722
11	2207
33	5777
0	34
786	399
2	165
0	200
0	0
0	0
0	106
0	59
0	12
0	12
0	20
0	105
0	105
19	3
0	3
98	13
4	13
1	84
0	84
0	68
0	68
0	73
0	68
0	68
0	60
0	60
0	74
0	71
0	73
0	57
0	63
0	63
0	66
0	22
0	71
0	71
0	61
0	22
0	20
0	28
0	33
0	19
0	12
0	11
0	5
207	555
8	268
0	471
0	486
0	297
0	221
1	3
1	9
0	9
0	9
83	147
1	10
0	8
1	114
1	103
2	100
0	0
0	0
813	477
0	343
19	359
1	178
14	80
0	0
0	0
38	54
0	54
0	19
0	10
0	3855
73	3386
0	3817
0	3863
236	3229
3	837
47	1175
0	184
0	43
29	454
0	68
0	98
0	189
25	32
0	117
10	118
7	24
0	31
0	27
4	18
0	0
0	0
2	111
0	438
93	553
0	478
0	552
0	48
25	49
8	27
3	106
27	0
12	554
0	2
1962	0
3	1729
0	1517
26	709
45	1487
0	0
0	0
0	0
0	0
0	0
613	995
35	268
1	727
0	0
0	0
0	0
0	0
156	35
1	35
1	600
4	559
0	79
0	93
0	76
4	104
11	79
130	51
0	2
0	7
0	81
0	71
0	0
0	0
0	540
2	302
4	325
0	0
0	0
22	267
122	10
0	267
3	60
11	18
981	1076
0	558
9	10
1	1036
0	933
0	889
0	816
1	557
6	542
1	216
0	152
0	103
0	35
36	6
898	934
0	934
0	3
0	0
0	0
0	0
0	0
39	20
0	9
0	15
0	340
10	379
0	138
14	188
0	0
1	2
0	2
1359	43
6	43
92	2587
6	2569
1	1884
15	2615
8	22
0	2606
2	0
2	346
0	375
0	291
0	255
20	337
13	94
0	0
0	0
0	6
0	5
0	0
0	0
0	0
0	4
0	0
0	5
0	0
0	6
0	4
0	6
0	5
0	5
0	0
0	5
0	5
0	5
0	5
0	0
0	1
5	2
0	1
0	6
0	1
0	1
0	0
207	9296
0	6863
0	3665
18	7067
10	0
3	9297
0	565
12	265
1	82
0	372
51	53
0	559
0	495
0	416
0	495
12	85
5	388
1	246
0	222
5	73
2	102
0	107
1	166
0	145
22	47
0	80
9	54
7	17
3	2
0	196
0	47
0	12
0	5
116	195
1	33
0	40
1	90
4	34
3	909
0	2154
32	64
26	58
0	2133
0	63
4	38
8	369
43	219
0	2116
0	79
44	416
7	134
0	130
11	58
1	224
333	0
0	4314
0	525
92	124
1	127
6	294
5	294
3	6
15	125
0	147
5	32
12	22
4	12
0	506
321	4605
43	3
0	3
0	250
0	346
23	74
0	210
0	173
3	199
0	199
20	266
0	217
13	163
1	185
12	3
0	331
0	0
0	0
0	0
0	0
0	0
0	0
0	0
17	258
1	5
0	258
0	5
0	23
9	100
6	70
3	44
4	0
731	8075
6	872
24	17
0	17
22	9
0	13
0	9
0	4
7	5440
396	5395
136	5530
0	293
0	4832
12	933
0	2
0	2
0	0
0	0
0	0
0	0
0	0
0	10
0	10
2	10
0	7
0	7
0	6
6	4
0	1
0	1
0	0
1	2
0	2
0	0
0	0
0	0
0	0
0	0
0	0
0	0
0	0
0	0
0	0
0	0
1	33
21	58
0	22
0	15
0	0
0	0
0	0
0	0
0	0
13	1414
72	1393
2	66
2	196
2	205
1	25
1	50
0	4
0	2
0	3
0	3
0	3
0	1
0	4
60	324
0	324
0	155
0	174
0	171
0	318
0	0
0	0
0	0
0	0
0	0
1	0
88	0
0	0
343	475
0	475
14	0
14	24
0	0
0	0
0	0
0	0
0	0
0	0
0	0
0	0
0	0
0	2
0	2
0	2
0	2
0	0
56	10595
2	10809
6	2830
0	5068
0	5068
0	5043
1	2736
0	2299
22	22
0	0
0	0
0	0
0	0
11	78
0	1253
0	38
1	33
0	1228
1	78
0	0
0	327
34	321
2	46
5	84
0	316
0	37
0	67
0	0
0	0
111	292
0	292
16	124
0	821
0	753
1	41
15	0
0	118
4	305
10	249
34	176
1	66
0	93
200	39
0	39
0	0
0	0
0	20
0	24
1	24
0	5
0	2
0	7
1	0
0	5
20	3881
0	5100
8	1770
2	4657
18	4742
9	1989
12	630
59	334
4	226
47	8677
27	8618
1	3611
12	6291
5	3712
32	62
2	62
0	0
0	1
0	1
0	0
0	607
4	221
3	543
0	398
0	452
0	53
0	405
0	51
7	7
0	402
0	84
0	360
0	360
0	0
0	0
0	68
598	384
1	127
0	155
5	37
3	64
6	30
135	0
0	0
108	19
0	19
55	0
335	255
10	39
0	156
2	214
124	255
0	141
1	200
0	98
0	25
0	173
0	0
0	0
0	0
0	0
0	0
0	0
141	823
0	580
2	591
0	545
0	334
0	261
4	277
8	32
1	1
0	1
0	0
0	0
0	0
218	370
0	318
24	74
0	187
0	0
0	0
0	0
0	99
96	99
0	6
0	5
0	7
0	7
0	115
0	2
0	30
0	112
0	91
8	97
7	14
0	72
1	38
0	0
0	0
0	0
0	0
0	2
0	2
0	2
38	680
1	680
0	3
0	3
0	0
0	1
0	1
2	1
0	167
5	1788
1	1502
4	1788
1	420
4	342
1	0
0	0
0	0
0	0
0	596
89	888
0	875
0	339
4	16
0	0
0	0
0	0
0	0
0	0
0	0
0	0
0	0
0	5
0	3
0	4
2	18
0	15
0	14
0	2
0	7
0	21
0	7
0	7
0	6
0	6
0	0
0	0
0	0
0	0
0	0
7	90
0	93
2	2
1	63
0	46
3	30
7	91
0	13
0	0
0	0
1448	0
0	0
0	98
8	104
0	50
2	43
1	2
29	864
4	256
59	505
0	849
0	110
0	39
15	17
10	25
20	11
0	143
28	14
253	0
0	4
0	0
0	0
0	0
3782	1904
17	308
75	772
0	344
39	200
0	286
1	307
5	473
1	128
0	0
0	0
0	0
0	0
48	92
2	92
0	14
0	14
0	26
0	13
955	6886
2	4047
1	4430
4	1631
2	0
149	375
5	378
3	86
0	51
42	148
11	51
2	50
0	0
0	0
0	0
0	7
0	7
1	7
2	17
0	12
5	17
0	15
4	5
0	0
65	39
0	24
0	36
0	0
0	0
0	0
0	0
0	0
0	0
304	144
0	144
23	430
665	612
0	162
2	31
1	82
18	153
0	1185
1	1478
2	1461
0	0
1	1
0	1
0	1
0	0
0	0
0	0
0	229
34	222
4	185
7	2
3	14
4	24
2	58
0	37
0	41
1	34
187	1032
0	509
0	165
26	119
2	505
0	1
0	0
0	0
0	0
2	0
0	1
0	0
0	0
0	0
0	0
3	224
20	225
0	94
0	109
13	2971
11	2971
1	2971
3	2971
6	1370
0	28
2	336
0	372
1	409
7	187
7	189
1	3
12	34
1	192
2	36
0	42
0	35
2	17
1	32
0	32
4	8
2836	984
43	55
0	0
0	0
0	0
0	14
0	180
5	0
0	87
4	158
9	56
0	145
0	177
7381	3386
1	3062
0	1243
0	0
0	0
0	0
0	0
0	0
0	26
3	6
14	180
0	162
0	182
15	0
7	4
4	14
0	175
0	0
0	0
0	0
0	0
0	5
7	6
0	6
0	0
0	0
0	0
0	0
0	0
505	7582
16	1378
0	0
0	0
102	85
0	85
6	0
4	0
9	530
0	163
6	516
0	238
6	21
0	201
0	0
0	0
0	0
0	5
0	4
0	3
0	1
0	2
0	3
0	1
0	0
1	0
0	0
8	111
0	99
5	16
0	91
0	79
0	62
0	0
0	3
0	0
0	0
0	3
0	536
3	95
2	483
0	193
9	102
0	58
0	44
0	39
21	85
0	96
76	10
161	77
0	68
4	43
6	37
1	30
0	12
2	283
9	283
3	111
0	74
0	100
1	55
0	51
0	41
0	8
0	0
0	0
0	0
0	0
0	0
0	0
0	0
0	2
0	2
0	2
0	2
0	2
0	0
0	2
1	922
1	193
0	761
0	394
0	109
0	186
0	193
0	31
0	56
13	2
0	922
0	806
0	916
6	198
0	115
1	165
11	152
0	127
0	75
0	9
55	9
0	85
0	0
0	0
0	0
0	0
0	0
0	0
0	0
0	0
0	0
0	0
0	0
0	0
0	0
0	0
0	0
0	0
0	0
0	0
0	5
0	5
0	0
0	5
0	0
8	144
2	134
0	44
0	69
2	38
17	173
0	101
3	50
0	44
0	45
0	5
0	5
0	1
0	5
0	4
0	5
0	5
0	5
0	0
0	0
0	0
0	0
2	572
26	4
0	1
0	568
0	4
2	239
0	19
0	10
10	9
0	250
3	576
0	4
0	4
0	0
0	1
0	0
0	0
0	0
0	0
0	0
0	0
0	0
0	0
0	0
0	0
0	0
0	0
0	0
107	1913
95	14
0	155
8	150
8	254
0	114
97	174
0	136
13	147
17	1409
0	0
0	1
0	1
0	4
0	0
0	3
1	120
0	29
0	10
0	1
4	10
0	3
0	1
0	0
0	0
0	0
0	0
0	0
0	0
52	0
0	714
15	206
22	50
7	74
23	24
8	197
0	237
1	195
4	234
5	183
45	139
0	86
0	59
0	24
1	88
0	14
1	49
5	66
0	54
2	44
0	44
0	29
0	30
1	20
274	133
21	14
0	9
0	90
0	15
0	18
3	17
0	2
2050	287
67	267
3	0
0	0
0	0
0	5
3	6
0	1
2	709
0	1187
4	1183
16	1183
4	25
19	305
56	447
0	1181
0	1
0	1
0	1
0	1
5	0
0	0
0	0
0	0
0	0
0	0
0	0
0	0
0	0
12	26
0	26
25	2408
1	2009
3	1997
4	2187
12	1309
3	682
0	1027
566	156
0	0
0	0
6	370
5	587
0	581
0	130
0	361
1	351
2	234
5	259
18	229
0	57
0	0
3	612
12	678
0	12
1	128
2	656
0	161
1	390
5	86
0	655
6	132
13	185
0	655
0	633
421	272
1	125
4	114
0	33
1	139
0	6
0	21
0	0
0	0
0	0
6	56
4	3
0	56
4	56
0	2
0	2
0	31
0	7285
1	7272
21	3633
0	5551
0	929
3	986
0	4336
0	1242
1	923
8	1421
0	717
43	843
14	477
11	2449
1	138
10	397
120	408
1	190
1	370
0	155
0	229
5	90
1	403
4	133
2	129
4	80
0	1
0	1
0	5
1	5
0	401
0	421
1	436
2	11
2	9
0	62
0	166
0	19
0	20
1	10
0	22
0	11
0	9
0	25
3	10
0	7
0	61
8	64
0	4
1	4
10	2
1	0
0	0
0	0
0	0
0	246
892	507
0	252
9	170
1	899
0	61
0	883
0	626
0	0
0	0
1	0
0	0
60	2473
7	2387
2	394
28	61
77	396
19	317
653	170
86	180
0	55
2	81
0	42
0	51
4	0
167	62
0	10
10	15
12	46
12	2
0	2
0	0
0	0
1	0
0	328
0	252
0	325
8	56
12	71
0	21
8	1
8	1
0	0
0	0
0	0
0	0
0	0
4	369
0	379
9	89
13	107
13	110
0	35
3	213
0	196
15	112
0	119
0	209
0	304
0	283
3	10
0	0
0	0
0	0
0	0
0	0
0	0
0	0
0	0
0	0
0	0
0	0
0	0
2	160
6	291
2	121
0	106
4	159
2	145
0	0
0	0
1	29
10	28
0	25
0	23
0	16
122	166
0	89
0	125
1	3
4	4
2	8
0	0
0	0
0	0
138	168
0	168
0	23
0	78
0	0
0	0
0	0
0	0
0	0
0	0
0	0
0	0
0	65
0	65
0	0
0	0
0	0
0	0
0	0
10	285
0	285
11	57
0	0
18	1854
0	1851
21	237
0	233
1	147
0	99
0	119
13	153
0	104
0	605
11	67
31	22
0	16
0	10
0	4
0	4
0	2
0	0
0	0
1	10
0	5
0	5
1	10
2	10
0	4
0	9
0	0
0	0
0	0
0	0
0	0
0	0
0	0
0	0
0	0
0	0
0	0
0	0
0	0
0	0
0	0
0	0
0	0
0	0
0	94
16	94
0	5
1	14
0	160
0	154
0	69
0	122
1	10
0	2
0	12
0	4
1	0
0	26
0	160
0	0
0	0
0	5
17	245
7	96
4	12
4	154
9	92
0	228
2	3
0	3
0	0
0	22
0	19
1	21
0	22
0	20
0	6
0	3
0	0
3	0
1049	2273
0	1284
41	577
50	616
8	687
10	400
11	416
0	388
52	74
1	129
0	347
36	255
1	46
0	95
3	23
1	87
0	66
29	145
0	61
5	10
0	45
0	41
3	35
0	28
0	14
0	43
1	140
0	173
7	167
0	54
0	45
0	173
0	61
36	54
0	0
0	0
0	0
0	0
0	0
0	0
0	0
0	0
0	0
0	0
0	0
0	0
0	0
0	0
40	98
0	110
0	105
2	2
0	2
1	2
0	0
0	2
102	638
7	272
0	609
3	308
0	0
3	454
17	454
0	81
0	8
24	150
1	115
0	68
0	37
19	6
0	0
173	511
1717	511
12	511
31	419
1	160
1	84
0	0
0	0
5	89
571	89
11	31
0	31
0	3
0	5
0	0
0	0
0	0
0	0
0	1051
6	133
0	99
0	113
0	61
0	35
3	16
0	1023
0	0
0	0
0	0
0	0
0	0
0	0
0	0
0	0
0	0
6	665
240	1648
0	103
0	1502
1	177
0	81
7	214
0	0
0	0
54	53
0	53
0	36
0	33
0	49
21	186
1	51
16	1
14	152
1	55
0	58
3	23
1	15
1	30
1	24
0	0
0	0
5	0
29	73
8	69
8	69
58	32
8	32
1	14
0	2
0	0
0	4
0	0
0	0
0	0
0	0
0	0
0	0
0	0
0	0
0	0
1	0
0	768
32	3939
0	640
3	81
2	103
14	97
6	115
63	1526
24	2320
7	47
158	0
51	19
62	94
4	214
17	0
0	0
0	0
0	0
0	98
6	98
1	44
0	12
0	11
0	4
125	149
0	149
2	27
1	27
344	26
0	26
14	240
0	146
0	402
59	381
2	157
12	35
0	24
0	52
1	236
0	121
11	73
0	39
16	14
0	268
0	9
0	52
47	268
0	268
21	49
0	138
0	70
2	38
6	23
0	56
0	60
0	0
0	0
0	0
0	0
0	0
0	0
1074	281
0	110
3	29
5	29
1	134
1	0
0	0
0	0
0	0
0	0
0	0
0	0
11	0
0	0
2	3879
0	867
10	91
14	856
0	3625
0	3139
0	1271
0	572
0	2889
2	401
3	833
0	964
1	2227
0	596
0	128
1	972
23	422
0	1
0	1
0	0
0	0
0	0
0	0
0	0
0	0
0	0
0	0
0	0
0	0
0	0
0	1
9	1
0	5
0	2
0	5
0	4
0	2
0	0
0	3
0	2
0	0
0	0
90	612
3	1
0	172
5	502
4	467
196	110
7	110
0	0
0	0
0	0
0	0
0	0
0	0
0	1
0	1
0	1
0	1
0	0
0	0
0	0
0	0
0	0
0	0
0	175
0	30
4	11
0	178
0	169
5	130
0	26
27	43
12	26
0	57
0	17
0	69
93	37
0	37
0	0
0	195
0	77
0	19
0	194
0	0
0	0
0	0
0	0
0	0
0	0
0	0
0	0
0	0
0	0
0	0
0	0
0	401
7	401
0	270
1	68
0	42
0	0
0	2
0	2
0	0
0	0
6	6
0	6
0	6
0	6
0	2
0	153
62	124
0	12
0	66
0	104
10	0
2	62
0	42
0	65
0	0
38	0
147	82
4	73
0	27
0	24
2	35
4	53
0	0
0	0
0	0
0	0
0	0
0	0
0	0
0	0
0	0
16	24
1	260
4	288
3	19
0	267
0	19
0	245
0	1
2	16
15	9
8	96
0	292
0	0
0	0
0	0
22	0
0	0
1	0
0	7
0	7
123	962
2	958
15	107
2	140
0	0
0	8
0	8
0	7
0	0
18	81
0	30
0	11
0	16
0	24
1	24
0	19
3	0
0	12
3	0
0	0
0	0
0	0
0	0
0	134
0	110
17	103
0	96
0	133
0	0
1196	127
11	127
192	22
0	3
0	11
0	18
0	9
0	0
14	0
2	8
1	8
1	2
4	116
10	179
1	227
0	228
0	16
0	16
0	1
0	0
0	3
0	16
0	1
0	0
0	1
0	1
0	0
0	0
0	0
0	0
0	0
0	0
0	0
0	0
0	2654
4	946
159	2588
1	629
1	644
2	743
30	2006
0	2654
0	262
0	263
0	228
0	66
3	60
2	106
27	119
0	90
0	80
0	101
0	56
0	70
6	46
5	34
0	47
0	55
0	33
2	11
0	262
0	261
12	260
2	175
10	202
0	213
481	342
0	194
0	174
0	77
29	8
0	0
178	138
8	69
19	5
0	22
0	21
0	21
0	17
0	16
0	15
0	20
0	4
0	1
0	2
0	0
0	4
8	132
2	124
1	18
143	372
3	114
0	373
7	13
7	1
1	84
5	68
0	51
32	39
5	42
24	31
0	105
1	20
0	0
0	43
0	37
4	4
28	67
15	4
31	28
1637	28
48	145
0	49
0	100
0	11
30	6
5	82
0	187
0	168
9	197
0	145
0	150
0	116
9	51
0	6
0	0
0	0
0	0
0	0
0	1543
14	1531
4	963
0	188
113	135
4	101
16	0
2	310
10	260
12	207
19	33
0	155
0	147
6	821
0	10
8	82
0	156
4	794
0	68
0	571
0	192
0	39
0	156
0	1562
28	1136
0	127
0	1177
0	442
0	751
0	751
0	16071
18	15776
1	541
22	2444
0	1014
17	7
0	588
0	2492
67	14094
1	3866
6	1386
36	448
0	98
0	22
0	25
0	26
0	14
0	35
0	112
6	7
0	20
1	12
1098	889
0	716
16	561
4	141
226	73
2	73
1	30
5487	6201
0	0
0	0
0	102
2	116
0	10
302	124
0	20
0	0
0	0
6	316
0	295
3	290
8	155
2	38
1	46
5	14
0	18
0	98
0	95
1	40
0	0
0	0
0	0
0	0
0	0
0	0
0	0
0	0
0	0
0	0
0	0
0	0
0	0
0	0
0	0
0	0
176	303
6	90
0	218
5	1
11	7
143	1121
12	1065
15	262
31	1036
0	1023
0	894
0	768
0	818
0	220
0	360
40	304
17	27
0	23
0	384
6	722
1	703
0	729
13	43
1	151
0	151
0	0
0	0
34	0
48	9
0	4
0	3
0	2
1	2
0	2
45	2
44	94
0	94
0	0
0	0
0	0
0	0
51	1588
236	1999
7	1001
0	1107
30	1175
0	848
4	433
0	513
7	348
1212	758
53	758
23	178
147	172
113	0
0	10
234	49
1	12
0	24
0	23
0	0
0	0
0	0
0	0
0	0
18	5
0	1
0	5
1	2
0	49
0	49
0	49
0	66
0	0
1	0
0	66
31	829
2	540
0	461
3	58
0	9
8	522
17	23
0	89
0	541
2	492
96	38
45	31
38	7
0	1646
2	1607
25	406
1	432
1	323
1	104
0	7
1	192
69	1376
47	1138
9	1361
48	107
53	239
4	13
0	0
0	0
59	1258
13	921
0	502
0	253
7	40
0	71
19	321
0	0
0	0
0	0
0	0
0	1
0	1
0	0
0	0
0	0
2	0
0	3
0	3
0	0
0	0
0	0
0	0
0	0
0	0
0	0
0	2380
551	2310
0	1372
0	643
0	348
54	463
31	88
0	238
3	103
5	0
73	43
0	548
0	482
8	160
206	56
5	2380
0	0
0	0
0	0
0	0
0	0
0	0
177	16
36	2829
0	2798
5	31
0	1408
3	1470
4	2045
2	1595
0	604
0	101
0	30
147	639
1	30
0	77
0	104
0	100
0	597
0	142
3	139
0	244
2	20
5	16
0	19
1	19
0	2
0	2
0	0
0	0
0	874
0	858
0	881
0	897
0	115
0	18
1	124
0	112
0	39
0	24
7	0
0	876
0	876
1	220
0	202
0	315
579	411
1	170
19	411
0	94
0	663
0	541
0	663
0	641
9	96
0	85
2	99
0	35
0	52
0	25
36	67
19	19
3	43
0	56
0	0
1	0
3	636
112	77
0	77
0	56
21	36
0	38
0	56
0	46
0	24
0	19
0	57
0	24
1	48
0	20
0	30
1	19
1	59
0	41
0	24
0	67
0	12
0	32
0	75
6	178
32	178
0	35
46	965
0	965
9	213
0	37
17	122
0	5
0	5
0	0
0	0
0	0
0	0
0	0
0	0
0	0
0	0
8	582
124	1
102	499
0	334
0	332
0	138
0	68
0	234
0	135
1	0
0	13
0	21
0	230
35	237
18	428
1	418
1	84
0	70
0	65
5	65
27	0
0	43
31	14
1	29
43	36
0	35
0	8
0	13
0	7
19	13
0	29
0	0
0	0
0	0
0	0
0	0
4	0
8	11
0	3
2	1
0	0
0	3
1	2
0	5
0	74
0	74
0	82
0	23
0	82
38	676
0	676
1	13
0	117
5	57
3	60
157	164
0	11
0	34
0	73
34	65
0	64
2	14
0	2
0	44
3	4
0	21
0	22
1	29
0	21
4	22
0	7
0	63
160	1243
2	85
0	716
1	90
0	385
6	290
4	55
5	59
1	76
0	76
8	31
1	77
1	1
5	8
0	0
0	0
0	0
0	0
0	0
0	0
0	0
5	239
6	237
0	31
0	0
0	0
0	0
0	0
0	0
0	0
0	0
0	0
0	0
0	0
0	0
0	1171
0	1344
20	354
0	1271
0	1341
12	949
0	327
0	111
0	94
0	89
33	146
20	717
1	160
22	59
2	142
57	50
0	47
0	13
0	13
0	13
1	0
0	3
0	1
0	2
0	1
5	0
0	2
0	0
0	2
0	0
1269	288
92	288
0	15
1	13
1	13
0	1
1	1
150	332
7	164
8	34
3	162
0	0
0	0
2608	390
6	390
702	0
0	6
0	6
0	6
0	132
0	139
0	134
0	59
0	23
0	8
0	1
0	1
0	0
0	0
0	0
57	100
0	99
0	28
0	52
1	526
31	526
9	0
0	0
0	0
1	9
0	8
0	4
0	9
0	0
1	0
3	388
0	404
3	486
0	386
4	60
48	273
0	253
3	19
5	0
2	43
2	33
4	7
0	2
0	4
4	4
0	4
90	96
4	52
0	56
0	26
1	0
0	280
0	310
0	67
10	4
0	54
11	39
0	0
0	0
0	0
0	0
6	126
5	125
0	27
14	77
0	35
4	43
0	9
2	13
7	10
0	3
0	19
0	4
0	18
0	1
0	3
0	0
0	0
0	2
0	11
0	9
2	222
0	261
3	146
0	65
0	214
0	244
0	152
0	187
0	164
1	37
0	101
0	14
0	0
0	0
0	0
0	245
4	204
10	199
50	1843
0	186
62	1711
16	364
1	461
1	27
0	0
0	69
0	71
0	60
0	68
0	66
0	883
0	842
5	886
34	330
1	18
0	108
53	10
11	206
0	135
0	176
4	14
0	0
0	0
0	0
162	907
2	885
0	399
0	130
15	22
3	661
0	69
0	698
8	29
19	38
30	33
0	211
1	17
0	165
20	676
146	757
0	233
1	108
0	0
11	26
1	5
0	25
11	20
0	5
1	3
1	18
0	5
0	11
2	16
0	12
0	9
8	3
101	0
18	498
0	520
1	103
5	194
32	11
0	0
0	0
18	51
39	51
265	0
4	0
0	0
23	553
0	127
0	93
0	434
0	44
0	9
1	28
1	34
1	21
0	34
21	94
34	296
52	13
13	295
229	432
0	432
3	9
0	4685
58	4685
35	1885
0	0
12	11
0	11
2	1666
0	1643
0	1238
1	1297
2	75
27	286
0	158
0	164
2	113
2	205
235	179
4	179
94	15
10	88
0	7
0	7
6	81
2	0
0	0
1	0
0	0
511	190
2	191
19	126
4	41
0	59
1	58
0	59
0	0
0	0
0	8
0	8
0	0
0	0
0	0
0	0
0	86
3	78
30	10
0	22
1	72
0	86
3	0
0	52
0	0
0	0
0	0
0	0
90	22
5	37
1	27
0	15
1	22
0	19
156	1096
6	982
0	860
1	759
3	889
1	303
19	281
72	372
14	677
30	677
1	128
21	66
5	2
4	485
2	488
0	410
0	494
1	0
0	341
0	76
0	162
0	0
0	117
0	287
0	304
2	16
0	289
34	271
0	134
0	12
0	85
3	30
6	12
0	49
0	45
100	44
3	25
2	17
0	13
0	0
0	0
0	0
0	0
0	0
0	0
0	0
0	0
0	0
0	0
0	0
0	0
0	0
0	0
0	0
0	0
0	0
0	0
0	0
4	0
32	233
13	205
33	0
21	221
0	58
0	131
1	136
17	63
0	32
4	46
4	0
9	915
0	917
29	847
0	113
17	66
0	89
0	195
3	98
1	82
1	19
2	19
0	17
0	7
0	0
0	0
0	2
0	3
0	3
0	2
0	2
0	3
0	3
0	46
0	51
0	49
0	8
0	3
30	0
0	31
35	444
89	64
0	63
0	146
0	31
2	167
11	173
0	58
0	147
0	60
0	54
0	384
0	38
144	11
0	38
7	19
0	38
1	29
0	8
0	16
0	98
5	5
4	23
0	15
0	52
5	0
0	0
2	82
20	221
0	282
2	274
0	89
0	51
2	25
0	7
1	0
4	105
14	109
0	94
7	86
3	66
0	51
0	36
376	387
1	387
0	70
4	26
59	58
585	58
0	5531
21	5525
0	647
0	54
4	99
0	36
0	29
0	23
0	65
2	16
3	31
0	12
0	12
0	113
0	17
0	27
4	67
0	63
0	65
2	14
1	35
0	43
0	0
0	0
0	0
0	4
0	4
0	4
0	4
0	0
0	0
0	0
0	0
0	0
0	0
0	0
40	6
0	6
0	6
0	2
1	2
0	0
0	2
0	2
0	2
0	2
0	2
0	2
0	2
0	2
0	0
0	0
0	0
0	0
0	0
0	0
47	0
383	586
0	290
14	259
0	50
5	108
2	174
9	122
0	91
0	0
0	0
0	0
0	0
0	0
0	0
31	46
0	14
0	32
0	0
0	9
0	9
0	6
0	4
0	4
0	0
0	41
33	88
0	134
0	361
18	631
0	55
0	93
0	145
28	39
0	123
0	369
86	138
9	75
0	150
13	118
0	111
1	46
0	22
0	22
0	1
0	0
0	21
0	0
0	0
0	0
0	0
32	0
296	965
2	965
4	941
0	24
7	112
8	130
6245	5070
5	3041
7	4742
0	2752
6	4200
0	0
0	0
0	0
0	0
904	632
10	83
12	143
99	119
0	103
21	80
1	184
1242	0
41	739
7	749
14	10
7	275
0	191
6	10
0	1138
16	2
5	5
21	48
0	1138
42	3
3	3
0	0
0	0
0	0
0	0
416	25
0	16
0	9
1	0
0	1
0	1
44	146
0	143
0	22
4	14
0	37
6	0
261	157
1	157
9	0
0	0
0	0
0	0
0	0
0	0
0	0
0	0
0	0
0	0
0	0
0	0
0	0
0	0
0	0
0	0
0	0
0	0
35	0
7	193
0	193
0	0
0	0
0	0
0	88
0	27
0	58
0	30
0	21
0	23
0	88
0	13
0	12
5	25
1	17
0	0
0	0
0	0
0	0
0	1047
0	1352
0	1017
1	1335
0	223
0	1008
6	21
2	309
0	1245
14	28
0	567
1	275
0	0
0	0
0	0
0	0
0	0
343	157
15	144
1	52
3	13
0	2
0	1
0	0
0	0
0	0
0	1
0	0
3	40
0	52
0	51
1	53
0	0
0	33
0	4
0	1
2	0
0	1
0	1
0	0
1	25
0	24
3	26
0	23
1	15
0	0
1	14
0	0
0	17
0	7
0	0
0	0
0	0
0	0
0	0
0	0
0	0
0	201
138	216
0	81
12	63
1	27
2	0
0	1
0	0
0	0
0	0
0	0
0	0
0	0
0	0
0	0
0	0
0	1
0	0
0	0
0	0
0	0
0	0
13	3507
0	280
0	823
0	3345
20	517
0	590
5	160
0	3507
0	3401
69	4133
0	4364
24	1527
3	3846
1	2323
0	0
240	569
25	569
4	10
0	16
0	71
0	88
0	245
0	76
0	73
0	92
0	252
0	79
0	79
16	32
0	270
0	268
0	270
0	120
2	58
0	0
0	0
0	3
0	3
0	2
0	2
0	0
0	0
66	980
0	469
3	643
0	390
75	638
5	261
14	179
2	64
0	4
1	3
0	367
4	88
0	301
39	324
0	0
0	0
0	0
0	10
1	17
0	16
0	12
0	2
0	3
0	1
0	17
1	29
0	29
0	22
1	21
0	0
0	0
0	5
0	4
0	5
50	7
1	5
3	5
0	0
0	614
0	576
1	32
11	140
0	25
5	38
0	63
34	0
7	52
21	52
2	40
1	447
6	333
0	425
0	35
2	59
0	114
9	40
0	44
0	117
6	28
0	153
7	169
1	149
0	183
4	151
0	132
0	117
44	10
10	85
4	174
0	177
0	14
2	3
0	220
36	219
38	187
17	69
0	74
13	59
3	28
0	13
4	5
626	16349
0	2849
9	13122
1	4329
45	12827
0	12792
0	10461
5	10431
0	7199
3	9269
0	7644
0	5163
13	9430
0	4779
0	3603
0	629
2	2773
0	707
56	0
3	230
7	249
0	13
23	54
0	5
0	32
9648	4817
0	1199
0	250
32	1135
0	297
6	91
0	22
1	8
0	20
0	3
0	3
254	98
29	0
27	98
27721	1
0	0
0	0
0	0
0	0
0	1
0	0
0	0
0	0
0	0
5	1
0	0
0	7
0	7
20	186
0	327
0	353
0	364
0	347
0	342
10	234
0	40
0	48
0	35
0	11
0	3
0	363
605	0
977	436
0	436
0	82
0	79
0	40
0	45
1	35
0	28
0	9
4	0
0	2
423	21
9	21
15	21
2	21
130	494
59	441
11	493
0	194
18	462
4	36
4	43
11	143
0	88
0	500
0	64
3	17
0	14
0	25
0	9
3	2
0	64
0	7
0	8
0	2
8	3
0	2
0	0
1	1
0	27
0	27
416	174
0	159
0	937
55	328
0	1023
1	416
19	144
8	214
0	87
1	428
1	48
3	27
0	49
21	442
0	0
0	0
0	0
0	0
9	310
2	456
14	456
0	388
2	461
0	203
0	80
0	43
1	36
0	112
0	61
0	138
0	104
0	11
0	0
0	0
2	26
0	3
2	26
59	233
5	206
0	112
2	175
0	87
0	97
0	21
3	22
0	21
0	2
0	21
0	0
273	2141
0	1767
38	816
0	52
1	52
1	5
0	11
0	25
6	15
1	21
4	17
0	12
4	14
0	0
0	490
0	891
4	886
0	889
0	802
0	727
0	103
3	53
1	21
24	28
5	27
2	352
5	143
0	35
0	904
0	0
0	0
0	0
0	167
2	156
1	32
5	17
0	42
1	38
3	29
0	194
0	194
0	1
0	1
0	1
0	84
1	336
5	245
0	353
4	197
6	12
5	260
1	24
1	343
2	55
13	228
6	138
2	280
2	262
0	62
0	224
0	205
3	195
0	37
8	11
2	5
4	11
305	530
2	392
0	290
3	113
8	1586
5	1532
3	1153
6	745
0	74
0	1545
0	343
1	320
0	173
0	891
0	129
50	241
0	96
19	69
3	190
0	189
0	43
0	166
0	7
42	5
0	0
0	0
0	0
0	0
0	0
1	245
694	698
0	417
0	176
4	456
0	0
0	0
1	97
2	97
10	76
16	76
2	6
0	34
0	14795
24	497
1	471
0	89
41	13
1	2
0	2
0	1
0	4
0	11
0	710
34	0
0	0
192	36
2	30
19	19
37	182
3	214
17	234
0	53
0	75
0	62
0	70
0	30
0	23
0	1
0	721
0	47
0	29
0	33
0	0
0	0
0	0
0	0
0	0
0	0
0	0
0	0
0	0
9	0
0	0
0	0
0	0
0	0
0	0
0	0
30	0
0	0
0	0
6	64
0	64
0	352
1947	621
14	24
0	165
0	190
18	0
52	51
14	0
24	25
31	0
0	46
32	42
4	3
0	3
0	0
0	0
0	0
0	0
0	0
0	0
0	0
0	0
9	99
0	8
0	5
0	10
0	20
0	7
1	11
2	7
2	67
0	61
0	11
0	17
4	41
0	12
6924	5494
5	5001
12	1370
22	493
236	293
1	58
1	53
3	66
0	130
222	580
14	58
8	570
4	0
4	37
0	52
0	39
16	39
0	34
0	7
2	4
2	4
0	0
0	0
0	4
0	4
0	3
0	4
0	3
0	2
0	1
0	1
0	0
0	0
0	0
0	0
22	52
19	10
34	83
106	162
3	29
0	91
0	153
1	29
0	0
0	0
0	0
380	257
1	78
0	69
0	9
0	130
0	0
1	249
4	169
1	246
12	242
0	34
11	85
0	25
0	176
5	31
0	7
3	175
0	7
2	20
0	6
2	62
6	33
0	51
0	17
0	0
177	85
0	69
1	61
0	48
0	0
0	0
0	0
0	0
0	0
0	0
0	0
0	0
0	0
0	0
84	115
0	58
0	23
3	37
0	73
7	12
0	16
0	55
4	6
0	9
0	23
0	18
0	23
0	2
0	1
0	0
0	2
0	2
1	0
0	1
1	1
0	1
0	0
0	0
0	0
0	0
0	0
0	0
0	0
0	0
0	0
0	0
0	0
0	0
0	1068
98	1074
4	478
1	1049
11	150
6	314
81	1
4	1
591	6374
475	6433
2	2084
0	1276
0	917
5	920
60	570
11	1881
4	1771
0	0
0	0
0	0
0	0
0	0
0	0
0	0
2	0
9	1
0	1
0	1
0	1
0	1
0	200
0	223
7	146
0	166
10	131
15	94
0	56
0	41
0	43
0	31
0	23
4	207
107	0
126	2813
1	50
3	273
0	850
0	846
0	52
0	848
0	48
0	164
4	834
7	62
0	45
0	0
307	1050
0	1053
0	15
4	272
0	77
0	206
0	103
0	144
12	139
0	1
4	48
0	48
1	39
0	7
0	1
110	1
0	7
0	2
0	0
0	7
124	59
1	59
0	0
0	0
0	0
0	0
0	0
44	2
0	2
462	133
1	133
7	99
2	89
2	69
2	67
0	0
7	189
3	190
0	190
1	174
0	189
0	8
0	1
6	5
0	16
2	1
0	1
0	1
0	1
0	1
26	362
10	255
0	574
7	552
1	24
4	2
0	45
16	323
7	0
0	0
1	0
0	0
0	0
0	0
0	0
0	0
0	0
0	0
20	254
2	12
0	18
4	36
1	31
0	22
0	254
0	0
0	0
817	267
0	267
0	2
0	2
1	36
1	0
1	36
0	0
0	0
0	0
0	0
0	0
0	0
1	0
1	3
0	3
0	46
0	36
1	3
2	10
0	15
2	73
4	79
2	0
0	92
0	94
0	143
4	167
6	13
0	48
21	30
0	30
9	0
0	0
0	0
0	0
5	48
11	256
0	87
0	254
0	88
13	0
0	79
0	54
0	1525
0	1438
5	270
0	213
0	567
0	12
1	63
49	63
0	12
0	0
0	0
0	0
0	6
0	0
0	0
0	0
0	4
0	6
70	3
0	3
0	5
0	64
0	77
9	62
0	79
0	0
366	931
17	849
0	957
16	42
6	119
0	799
0	87
2	108
0	79
60	96
34	3
14	96
0	54
8	8
0	0
0	0
0	0
0	0
0	88
2	5
1	162
2	966
1	184
0	966
0	130
0	133
5	47
0	3
19	146
0	16
2	2
0	32
0	5
0	19
2	19
0	5
0	0
0	0
0	0
0	0
0	0
0	0
2	0
18	348
1	177
45	279
0	347
2	64
24	186
1	172
0	186
7	14
0	0
0	0
0	1
0	1
0	1
0	1
0	0
0	0
0	0
84	0
0	1
0	0
0	1
0	1
0	1
0	1
0	0
0	0
0	0
0	0
0	0
0	0
0	0
0	0
0	2
0	1
0	1
0	1
0	486
0	5804
0	5839
0	322
1	3719
2	221
17	166
18	167
64	1271
12	2556
267	804
3	5703
0	79
0	74
0	30
0	3
0	8
6	13
10	1
0	3
0	12
0	4
0	0
0	0
0	0
0	0
0	0
0	106
13	1735
163	785
40	1735
14	855
0	886
0	311
0	2022
110	307
0	1941
0	2001
0	2045
1	186
4	116
0	282
0	398
9	160
1	92
0	177
4	622
18	651
0	664
3	627
2	506
6	64
1	88
7	71
81	79
0	67
0	70
0	76
0	80
1	9
0	2
3	8
2	8
0	6
0	9
0	11
0	5
0	2
2	0
0	4
2	4
0	77
372	19053
1	19053
31	2384
3	313
80	1579
0	1545
2	22
0	17
0	18
0	14
0	6
0	6
0	7
0	0
0	5
0	3
0	1
0	419
171	105
38	82
0	75
0	60
1	75
0	0
0	0
0	0
0	0
0	0
0	16
156	7468
8	3160
0	4119
85	5197
11	1700
0	0
0	0
0	0
3	115
0	118
2	40
0	33
0	10
1	28
0	183
0	249
32	227
0	156
1	30
7	0
0	18
0	153
0	157
1	37
2	29
0	10
2	14
2	0
0	10
22	2
11	0
977	62
0	62
6	79
6	79
0	0
0	0
0	0
0	0
6	8
52	8
0	131
0	140
15	3030
28	3020
218	443
308	153
255	158
26	2
4	2816
129	0
0	0
0	0
0	0
460	0
281	887
0	130
3	883
0	126
11	3
1	12
0	30
2	31
0	65
1	40
0	60
0	64
0	30
0	0
7	4
0	1
0	0
0	3
0	2
0	2
64	14
0	14
7	0
14	6
0	6
1	22
16	260
0	188
0	188
1	55
0	266
0	245
0	226
0	262
0	57
0	45
0	16
0	79
0	78
0	72
0	0
0	0
0	2889
34	2850
0	2802
93	44
0	240
0	2840
193	157
0	2849
0	2878
0	126
0	2610
9	2201
12	321
94	0
17	118
10	167
1	1
0	167
2	94
1	111
0	21
0	98
1	35
0	36
0	35
1	34
0	32
0	32
0	22
0	5
0	5
0	3
0	1
0	3
11	4
5	0
0	3
0	3
0	3
0	4
0	4
0	0
0	0
0	0
0	0
128	987
0	987
5	295
0	295
36	1
1	1
0	0
0	87
0	13
0	16
0	16
0	3
0	0
0	3
0	3
256	0
3	5
0	5
0	0
35	330
0	330
0	12
68	21
5	2
1	21
1	0
150	0
10	227
0	99
4	222
2	27
5	14
5	0
1	150
0	121
0	99
5	105
0	0
21	153
4	0
0	291
1	108
6	40
1	14
0	2
52	26
0	26
0	6
0	0
0	0
2	0
0	0
5	38
0	38
1	8
5	12
3	12
0	5
0	2
0	5
0	199
0	337
0	156
0	31
0	38
0	323
0	118
0	54
141	274
0	258
1	43
0	4
36	139
0	133
2	30
0	138
2	122
1	9
0	20
2	17
0	16
1	28
0	20
5	23
2	9
1	12
0	8
0	0
27	15
0	10
114	0
0	567
1	49
0	0
4	79
0	4
76	571
8	0
1	87
0	3
135	88
0	12
0	2
2	25
0	33
19	0
0	0
2	15
1	15
115	0
0	0
0	0
0	0
1	553
10	652
1	451
0	839
5	605
178	58
0	839
40	10
11	10
0	139
4	150
0	46
0	32
0	0
0	0
0	0
0	0
0	0
0	0
0	0
0	0
89	180
784	207
0	36
0	27
95	148
0	79
0	51
2	6
0	54
2	16
19	16
0	24
0	59
81	3285
4	3244
10	2008
0	705
1	334
4	46
4	41
3	331
4	1042
0	70
0	1084
2	171
120	90
157	811
5	181
5	65
0	48
8	106
0	99
0	0
0	9
86	6289
8	4445
3	5620
41	292
6	1755
14	16
0	1
1	1
0	14
0	7
33	287
3	91
13	287
1	51
0	0
0	0
0	0
0	0
0	0
0	0
0	0
0	0
135	122
1	92
2	45
2	36
1	0
0	0
0	426
0	408
3	59
0	86
0	120
0	356
0	281
0	298
0	311
26	68
12	49
2	110
1	10
384	216
22	216
0	9
18	2
0	1
0	56
0	1
2	16
0	59
0	71
0	56
0	53
0	14
0	9
1	11
0	54
0	0
0	0
0	29
0	655
0	619
1	17
0	112
0	601
0	83
0	138
2	564
6	12
13	31
1	12
2	20
1	12
1	19
0	8
0	0
0	13
0	5
0	7
3	7
0	6
0	0
0	1
0	0
28	383
0	385
0	211
7	79
0	69
0	165
17	18
0	125
0	21
41	2
133	114
2	40
0	74
76	2117
0	294
0	261
1	196
0	2116
318	0
16	1626
27	1440
0	1296
86	57
180	56
3	191
0	7
4	420
0	1296
1	0
0	0
2	0
0	0
0	0
0	0
11	543
16	523
0	207
0	0
0	206
3	19
1	499
0	59
1	29
20	3
6	22
37	751
4	751
0	1
0	0
0	1
0	1
0	152
0	320
27	342
0	131
0	277
0	56
0	38
0	97
15	25
0	239
7	43
1	74
0	155
0	71
0	43
3	30
21	1951
35	257
1	212
0	1576
0	1576
9	1753
0	1536
0	0
0	0
0	0
0	0
0	0
0	0
0	0
0	0
0	0
25	683
15	692
1	135
5	444
1	41
0	73
7	79
3	2
7	692
141	240
1	240
21	189
0	19
0	3287
0	3739
12	206
1	830
1	830
5	815
27	346
33	780
1	639
0	797
11	134
2	53
0	0
75	66
0	66
0	63
0	18
0	11
0	24
5	4137
18	1809
18	4134
4	1015
16	1012
836	1851
3	1921
0	1010
0	335
11	404
0	378
2	211
0	277
2	64
0	149
0	4
3	56
0	56
3	187
4	218
0	165
0	154
0	91
0	88
0	65
1	0
0	0
0	0
3	454
0	251
1	441
0	455
0	292
0	291
0	92
0	42
4	25
0	47
0	41
0	7
1	276
0	280
0	64
2	7
11	9
0	425
42	2757
129	2718
51	760
66	712
104	0
48	191
5	137
12	179
27	1089
0	1159
9	653
0	140
0	69
0	5
0	5
1	1
108	4544
0	4544
117	406
0	224
53	128
10	172
6	201
57	4514
0	27
0	16
0	27
3	14
0	0
0	0
0	0
0	409
0	0
16	185
1	185
0	8
4	44
5	48
0	69
0	12
0	0
4	50
0	74
0	65
0	41
0	69
1	891
12	92
1	1042
2	1030
4	24
0	54
0	176
0	85
1	1032
539	639
105	639
37	41
15	27
4	19
0	0
0	41
0	0
0	0
0	0
0	0
6	1974
0	2001
0	1942
0	0
0	0
0	0
509	222
0	107
1	45
0	104
3	2
2	2
3	1
3	1
0	1
0	1
0	0
0	1
0	0
0	0
0	206
3	170
25	58
0	148
0	56
0	46
0	1
0	8
0	63
1	210
53	192
8	37
0	150
0	108
0	61
0	45
0	13
5	0
3	1032
1	93
54	159
2	59
33	1032
0	159
0	42
8	159
5	988
0	862
155	522
0	450
0	416
7	291
0	989
2	935
112	902
1	1036
0	1159
0	1441
23	816
35	122
1	158
52	61
10	17
1	1398
0	0
0	0
0	0
0	0
0	0
0	0
0	0
0	3186
0	1481
0	52
0	2
0	2547
0	2543
0	3020
0	872
0	2543
0	0
0	0
0	54
0	3413
0	912
3	3205
0	2810
8	3183
0	217
0	698
1	2283
0	2283
3	666
0	3082
0	3301
0	52
1139	0
0	0
0	0
0	0
0	0
0	0
0	0
0	4
0	4
0	4
0	4
0	3
0	2
3	2
0	0
2	1
0	1
0	4
2	4
349	389
0	375
0	64
1	44
0	188
0	177
0	161
3	53
1	18
2	26
0	63
0	42
0	14
0	34
0	39
0	17
40	2403
42	251
0	1893
0	109
2	49
0	46
1	78
1	1014
5	2403
176	1165
1	924
63	536
4	933
1	158
0	28
2	927
0	823
6	98
0	98
1	94
0	94
0	857
5	65
0	250
2	186
1	73
0	83
0	80
10	12
0	12
42	448
4	422
0	106
0	180
0	45
29	1
0	10
0	8
0	2
0	4
0	4
0	4
4	202
5	4864
12	4188
0	4788
3	615
5	469
0	3922
0	0
0	566
9	430
2	129
0	336
21	324
0	202
6	60
0	0
0	89
23	89
0	20
0	10
0	56
0	46
0	11
30	265
0	121
548	773
1	773
33	30
0	105
0	0
0	0
1	0
0	21
0	26
0	18
0	18
0	4
0	5
0	2
0	0
0	0
0	0
0	2
0	0
0	3
0	0
0	0
1	0
1	0
0	0
426	141
0	141
20	356
8	496
0	500
0	60
9	57
7	21
0	151
2	151
1	16
0	22
0	22
0	37
0	151
1	71
0	0
0	73
0	71
0	60
43	125
14	18
3	91
0	21
0	2
1	60
0	34
179	1206
2	1000
0	1115
0	126
0	131
8	114
61	176
0	24
0	125
0	189
0	134
0	46
0	60
0	104
21	122
0	83
0	51
6	65
0	44
8	24
1	10
0	18
0	399
4	383
0	133
0	135
0	2
0	400
0	0
0	0
3	537
0	539
0	555
0	535
0	517
0	569
0	375
0	26
8	361
0	125
0	193
0	146
1	100
2	377
1	251
0	321
64	139
20	0
0	0
0	0
413	0
0	0
2	17
56	758
2	673
0	280
0	68
0	13
0	6
0	7
0	15
0	20
0	73
0	24
0	8
2	74
3	1
0	0
0	0
0	0
0	1
2	1419
76	927
1	1780
0	724
3	527
230	9652
164	8446
18	572
1	4655
9	4656
1	12
1	0
1	0
3	10
0	94
3	25
6	6
5	53
0	72
1	38
0	10
42	33
95	155
0	146
0	165
0	18
0	8
0	63
0	63
0	0
0	0
862	105
1	105
251	620
5	607
5	180
17	22
0	914
3	130
1	0
0	106
0	105
9	212
7	388
0	0
0	731
2	221
6	183
0	188
1	83
0	98
0	66
10	27
3	214
0	102
0	98
0	92
0	25
3	16
0	4
182	0
0	1595
6	963
197	1897
7	50
13	103
1	172
0	90
29	1876
0	0
0	0
0	0
0	0
0	0
68	187
25	187
2	0
0	0
0	0
0	0
1	26
44	452
1	201
0	49
0	78
0	176
7	134
125	1
1	39
0	60
0	66
64	0
9	34
0	139
0	133
0	127
0	128
0	43
0	94
0	19
11	110
0	6
0	12
2	9
0	16
0	21
0	23
0	14
0	10
1	5
0	0
78	0
184	0
124	985
0	21
28	985
0	125
0	14
0	12
0	1
0	1
0	15
242	441
9	450
0	415
1	69
0	32
0	34
5	23
98	28
0	28
0	39
0	52
0	13
0	12
5	0
0	0
1	2131
0	287
0	148
0	107
0	2135
6	42
0	26
0	41
51	132
0	132
3	14
0	266
0	400
0	84
0	62
1	174
8	468
9	452
9	51
1	2552
0	2551
0	2506
0	542
0	756
23	32
43	146
4	563
0	322
0	2324
47	2562
3	0
495	46
3	29
0	17
0	0
0	0
0	0
0	0
0	634
0	637
0	94
6	20
0	0
0	0
0	14
0	10
0	6
0	2
0	1
17	329
0	321
3	297
2	106
1	67
13	1
0	1
0	7
0	15
4	15
0	9
0	1377
0	1255
3	1378
0	1476
267	1612
0	1173
0	82
0	344
0	10
0	268
3	0
684	1919
7	1788
50	131
0	0
0	0
0	681
1	681
1	53
26	53
0	1
0	1
131	396
0	231
1	391
4	113
2	18
0	33
3	28
4	33
0	49
0	45
0	28
0	33
0	48
16	48
1	26
0	57
285	2127
0	95
0	21
0	6
0	4
0	1
0	2
54	95
444	179
0	179
125	1255
8	1226
3	1241
0	208
9	94
0	129
1	59
0	61
3	34
0	126
0	215
11	75
0	240
3	166
1	0
29	5
0	5
40	481
0	138
1	142
0	95
0	43
0	3
0	479
0	864
0	869
7	74
0	69
0	184
0	184
0	120
1	96
0	36
1	232
0	232
1	120
0	99
1	66
2	8
0	864
37	3
3	3
1	0
0	0
46	47
0	37
3	11
8	1004
1	993
0	976
1	395
0	685
0	819
0	190
0	492
1	378
0	429
0	1004
0	62
13	0
0	9
0	2
0	0
0	0
3	2
0	8
0	6
0	3
3	3
0	62
1	1
0	1
0	0
0	0
1	0
0	0
0	0
0	0
2676	1507
34	1156
0	516
29	47
133	487
0	46
2	326
0	149
0	217
13	240
1	302
0	0
0	0
0	0
0	111
0	114
0	111
0	114
0	10
11	7
8	139
2	526
0	528
24	542
0	512
0	301
2	35
0	42
0	33
0	44
0	13
0	21
0	0
0	0
0	2293
0	2
0	3042
2	7
0	2
0	2
0	0
0	0
0	3
0	2
24	363
185	0
54	71
77	0
27	98
1	3032
78	699
17	302
0	656
7	109
1	25
5	0
0	0
0	1
0	0
0	1
400	219
3	207
0	113
0	61
55	84
0	3
0	15
0	66
39	0
0	89
1	89
0	6
1	5
4	93
3	96
0	96
13	47
0	24
0	9
26	6
0	6
3	26
0	2
0	96
2089	2
36	2
0	71
0	69
0	71
0	69
0	14
0	15
0	1
5	0
0	71
24	54
0	64
0	56
1997	12111
2	9536
0	5714
0	5015
1	0
17	0
400	92
68	92
0	436
7	428
1	62
1	12
0	202
0	186
0	176
0	127
0	90
6	6
0	31
1	29
0	44
0	14
0	40
0	20
0	9
1	3
0	1315
33	781
0	1203
165	923
0	0
0	0
0	0
0	0
0	0
0	0
0	0
0	0
0	18
0	47
0	47
0	2
0	10
0	39
0	7
0	0
9	10
0	10
0	0
0	0
0	0
0	0
0	0
0	0
0	0
505	491
23	74
0	32
0	52
0	97
1	257
0	32
0	0
0	0
0	0
0	0
0	0
0	0
0	0
0	285
0	15
0	34
0	263
12	287
0	95
0	2
0	244
0	136
6	21
0	278
1	119
2	40
0	35
0	85
0	116
0	106
0	51
2	5
0	13
3	10
0	13
0	8
0	10
0	14
0	9
0	1
0	2
0	116
568	61
6	61
11	9
314	581
2	0
126	581
0	0
0	1
0	1
0	0
0	0
0	0
0	0
0	0
3	507
4	515
9	507
1	478
0	78
72	836
0	100
94	716
1	20
3	174
0	232
7	107
92	1307
136	1307
0	0
0	0
1029	2038
9	1756
0	567
24	789
0	181
0	15
3	15
0	0
151	0
0	0
145	239
0	105
0	205
0	126
23	25
0	40
0	21
0	64
28	47
0	107
3	61
0	104
0	104
0	104
0	13
0	87
1	27
0	79
1	8
0	6
0	4
0	0
0	0
0	0
0	0
0	0
0	0
61	18
1	1
0	11
0	11
0	17
3128	364
1	364
1	0
0	377
49	378
0	222
47	585
4	213
7	322
43	341
0	19
0	787
0	769
0	254
0	162
0	476
0	68
1	202
24	86
16	165
3	86
0	102
0	26
0	0
0	26
0	1
0	26
2	59
7	59
47	389
0	395
0	404
0	362
4	20
114	71
0	45
2	25
0	18
0	13
0	0
0	1
0	4
0	1
0	0
0	0
0	2
0	4
235	2327
19	982
15	2308
3	82
0	182
2	559
9	16
27	943
0	252
5	133
6	10
0	182
0	256
0	786
0	762
0	316
0	708
0	648
15	200
0	512
0	204
3	214
32	153
0	82
0	184
0	52
0	184
11	190
330	652
0	652
0	124
0	98
3	322
3	0
0	2
7	3
1	11
0	1
0	11
0	1
0	1
0	0
0	0
23	2473
0	2448
6	2442
3	217
7	409
18	1499
2282	2201
0	363
2	272
4	226
84	43
0	4
13	39
0	15
0	3
0	11
0	2
49	61
5	61
17	0
0	28
0	31
0	30
0	33
0	31
0	12
0	10
1	1
5	19694
3	6289
0	1494
1	11282
8	7120
0	6174
14	3339
8	1401
0	19372
22	7
0	2
0	2
0	2
0	5
197	340
1	340
0	105
28	55
1	28
0	27
0	0
0	0
0	241
1	33
2	45
3	33
0	226
3	235
763	0
0	67
0	29
155	67
0	0
0	0
0	0
0	0
89	481
393	341
3	277
1	15
2	49
0	45
4	19
9	11
3	88
0	51
0	44
0	291
0	383
10	95
0	164
0	261
1	326
1	77
0	74
0	120
0	416
0	0
0	0
0	0
0	2
0	2
0	0
0	0
0	0
102	481
1	176
5	136
0	46
18	4
0	155
0	32
26	0
0	0
2	19
0	2
5	19
2	0
2	78
3	96
26	820
0	813
0	639
2	73
0	171
831	761
0	131
0	249
0	395
0	311
6	52
0	52
1	5
0	6
1	29
4	6
0	3
0	1
1	13
0	3
0	3
0	3
0	10
0	2
0	3
14	1
0	2
13	3
2	2
0	2
0	2
12	0
0	861
0	547
6	186
1	278
20	48
5	148
0	1035
5	1085
0	1052
0	273
10	1063
85	1054
2	1035
5	597
200	36
0	36
541	273
0	264
0	183
5	163
0	49
7	163
0	47
0	67
9	163
15	2
0	32
0	36
8	434
38	753
4	272
14	30
0	40
0	111
24	283
0	100
0	184
0	151
15	19
0	1
0	1
0	1
9	156
1	108
0	75
32	3
1	23
6	5
8	2
0	88
0	68
25	228
1	228
0	56
0	0
0	0
0	0
1	2
0	0
0	0
0	2
0	422
0	429
1	5
0	209
61	9
49	451
65	422
0	290
7	339
51	415
0	1050
1	1011
254	0
0	0
0	0
0	0
0	0
4	2157
13	2296
2	2185
1	252
4	186
0	190
1	1799
229	2044
31	151
0	411
19	344
1	288
8	2
0	681
1	139
4	180
13	496
35	42
1	35
0	28
12	1
0	1
0	0
0	0
0	0
0	0
0	0
0	0
0	0
3	218
17	218
1	6
0	0
92	1062
0	1062
2	47
0	334
14	98
7	3
5	12
0	41
0	549
19	0
0	516
0	504
4	88
0	515
0	427
0	204
21	208
549	400
0	123
106	0
0	20
0	8
1	19
0	1
2	12
0	0
0	0
0	9
0	9
529	53
0	53
0	715
0	71
145	715
0	0
0	0
0	0
0	0
0	0
2	13
0	13
14	29
0	70
0	44
0	30
0	53
0	237
0	43
2	19
0	286
0	286
214	0
6	179
71	55
435	295
1	269
1	210
0	5
0	59
0	4
0	61
3	0
0	9
0	63
579	0
47	3
2	3
1015	309
3	309
0	33
0	54
196	169
0	24
0	156
1	24
0	16
0	16
0	0
0	8
10	16
6	13
87	13
0	0
0	0
0	0
0	0
0	10
0	10
0	934
0	1906
0	1941
2	8
0	1965
0	0
2	111
0	1864
3	13
2	33
8	1
155	58
0	9
1	98
139	230
2	209
0	67
75	30
0	54
0	0
0	0
0	0
0	1
1	1
0	1
0	0
0	0
0	0
0	17
0	228
2	58
3	223
0	228
10	11
0	11
1	0
126	911
1	518
44	62
0	529
0	19
0	324
0	49
0	14
0	464
0	899
96	834
24	747
1	551
1	539
0	352
0	130
0	3
0	0
0	0
1	0
0	0
0	0
0	0
0	0
0	0
0	0
0	0
43	23
1	23
30	1
12	1
0	0
0	0
0	0
0	0
0	0
0	495
0	3
0	3
0	0
0	0
0	0
0	0
0	0
0	0
166	0
0	0
1	0
0	0
0	0
0	598
0	624
3	62
11	78
15	188
0	98
11	126
0	47
37	1316
5	1325
1	168
0	376
6	216
326	1365
411	0
0	1
0	0
0	1
2	1
116	79
0	19
2	19
0	19
0	50
1	19
5	42
0	5
0	6
0	6
0	1
0	0
1	57
9	31
0	142
460	642
2	483
2089	236
64	236
75	264
0	226
2	94
0	78
0	60
0	0
1141	154
4	154
0	110
99	471
0	29
0	162
10	23
0	1143
57	1131
0	95
68	234
1	1099
388	91
0	91
1	47
0	61
0	36
0	34
0	34
0	5
1	13
0	11
0	11
0	3
37	55
0	0
0	0
760	129
0	129
4	56
1	55
0	9
22	20
0	13
0	17
0	17
0	4
2	8
0	8
15	7
10	0
0	0
0	0
0	23
6	23
0	21
0	22
2	0
0	0
0	0
0	0
96	0
1	57
1	98
0	98
1	0
0	57
0	0
0	0
0	0
0	0
0	0
0	0
4	1
0	1
197	292
10	294
0	2
0	25
3	33
24	8816
1	8425
2	8411
1	5058
0	4269
22	5044
0	4632
1	3776
6	3405
9	3700
0	3181
0	2575
35	733
440	733
0	367
33	94
4	0
19	28
0	0
0	0
0	0
0	214
0	151
0	190
0	18
0	199
0	141
14	6
0	201
0	0
0	9
0	22
0	247
3	235
0	35
17	540
3	540
0	164
0	126
0	135
6	65
0	56
0	39
1	20
0	0
0	0
39	307
0	265
0	416
5	629
1267	629
0	0
0	0
0	0
0	0
0	0
0	0
0	114
0	29
599	138
0	0
1	0
0	0
30	532
0	398
20	518
0	0
33	287
6	61
1	104
1	86
2437	74
330	74
0	11
0	69
0	120
0	9
0	120
12	118
0	9
0	113
0	11
2	374
40	374
0	367
0	0
0	0
0	0
0	0
0	0
0	0
0	0
0	0
0	0
0	46
0	23
0	14
0	0
0	48
142	0
0	0
0	0
0	1
2	1
0	86
0	25
0	4
8	3
0	87
168	9
2	164
0	164
0	0
0	0
0	0
0	0
0	0
13	2
0	2
0	2
5	16
0	16
1	9
1	7
0	0
0	0
52	588
0	2
3	2
56	667
0	699
0	309
9	374
0	458
0	468
0	445
0	95
0	202
0	101
152	0
68	10
465	752
9	177
18	575
0	0
0	0
1	285
0	607
6	402
0	367
5	373
0	214
0	129
0	39
0	56
2	460
0	460
0	20
19	1
26	0
0	0
0	0
0	0
0	0
0	0
0	0
0	0
0	0
0	0
0	0
0	0
0	0
0	0
0	0
0	0
0	599
0	234
0	1356
0	132
3	69
0	572
0	1171
137	4
4	142
0	1352
29	3
0	3
246	310
5	310
0	0
0	0
23	1
0	0
0	0
0	1
0	0
0	0
0	1
0	3
0	7
0	7
0	10
0	18
0	18
13	0
0	18
0	0
0	0
0	0
777	178
0	172
7	126
0	0
0	9
2	0
0	0
0	0
5	9
0	9
0	9
5	125
3	26
0	122
0	11
0	0
1	37
0	34
2	4
1	190
3	6
0	12
0	190
0	181
133	0
46	116
11	109
6	27
13	42
3	23
2	11
11	182
1	174
0	109
0	62
160	8153
0	859
4	8153
0	5
1	5
0	95
15	764
19	739
32	93
1	160
25	131
0	115
0	75
474	0
0	2435
0	25
24	219
3	305
6	2407
6	273
3	100
22	326
3	233
5	125
5	2512
0	0
0	3104
0	53
41	3288
0	3285
6	3289
2	74
0	53
0	3380
2	3361
472	0
18	26
0	16
0	26
5	0
66	17
556	49
6	49
103	0
152	0
0	0
0	0
0	0
0	0
0	0
0	0
0	0
0	2
0	7
0	7
0	2
0	0
0	0
9	437
1	100
2	1
1	62
7	437
1	0
1	0
0	21
0	21
0	21
0	21
0	0
0	0
0	1
0	0
0	0
0	0
0	0
0	21
617	45
2	6
4	17
6	22
47	985
13	985
0	1
0	1
0	1
0	0
0	0
0	0
7	0
0	0
0	0
0	0
0	0
0	0
2	0
2	7
0	7
0	4
0	0
0	6
0	6
0	6
0	0
12	602
2	112
65	602
0	114
98	47
0	5
0	42
1	25
1	249
0	321
12	383
0	392
14	135
9	51
0	127
25	260
116	182
0	185
0	91
1	189
0	34
0	235
0	0
0	0
0	0
0	0
0	0
1	110
0	109
0	9
1	145
9	74
0	36
0	13
22	225
1	65
57	0
1	503
0	395
0	76
0	5
0	1094
0	1584
2	445
0	116
52	83
7	1609
0	38
0	362
0	11
0	406
0	352
17	801
2	815
0	0
0	1
0	0
0	2
0	0
0	4
0	5
0	6
0	6
0	6
0	6
1	6
3	14
0	14
0	8
0	0
0	13
0	14
0	14
0	8
0	8
0	0
1	0
0	225
1	11
0	28
0	227
5	24
4	0
5	3
0	2
0	8
17	22
0	18
0	0
0	0
0	0
0	0
158	451
60	451
10	222
0	0
0	1
0	0
0	1
0	1
0	3
0	3
0	0
2	86
0	39
21	2
0	395
0	196
0	401
128	403
0	0
0	0
0	0
31	1
2	1
0	79
102	98
5	2
0	0
0	2
0	0
0	0
0	0
0	0
0	0
0	0
2	0
0	0
0	0
0	0
0	0
0	1
0	1
0	4
0	1
0	0
0	18
0	0
17	19
0	1
0	5
0	5
0	0
0	0
0	0
0	5
0	67
23	116
0	130
0	110
0	80
0	5
10	115
0	0
0	0
0	11
4	22
0	6
1	1
0	15
0	0
0	3
0	3
353	930
23	558
22	882
1	330
0	147
21	77
0	27
0	70
0	47
0	16
0	37
0	18
0	9
0	4
0	24
0	23
0	20
0	17
0	18
0	13
1	6
0	5
1	2
0	0
0	1
0	2
0	1
0	1
76	147
0	144
1	8
0	16
1	17
0	0
0	0
0	0
0	0
1	47
1	2025
20	360
33	2026
4	56
0	0
0	1
0	1
0	1
0	0
0	0
0	1
0	1
0	1
163	241
2	241
4	50
0	21
12	1346
37	1243
33	37
19	100
11	10
0	454
0	445
4	45
0	1346
0	0
0	0
0	0
10	0
360	89
0	0
0	0
8	0
0	0
1	0
0	0
0	0
0	0
0	0
0	0
0	0
152	765
0	674
0	67
5	68
8	64
0	0
0	0
0	0
0	1
0	1
0	0
0	1
0	0
0	0
0	0
0	0
0	0
0	0
0	0
0	63
1	233
2	204
0	256
1	215
0	156
0	105
0	31
0	72
0	73
72	41
1	14
0	53
2	50
0	16
0	40
0	40
0	0
0	0
0	0
26	7
0	0
0	7
0	0
0	2
2	4501
14	441
53	4580
149	0
752	110
76	8
0	50
0	55
0	1
0	1
0	0
0	0
0	56
70	18
0	18
1	65
0	67
0	65
0	0
0	0
0	0
0	0
0	0
0	2
0	2
0	11
0	1
0	0
1	0
0	0
1	2
0	2
0	3
0	1
0	0
1	11
0	11
0	11
1	37
8	37
0	0
0	1
0	0
2	1
0	0
0	0
0	0
0	0
0	0
0	0
0	0
8	78
1	67
0	41
0	26
0	32
0	23
0	27
0	12
0	300
2	300
0	301
0	240
0	197
7	32
0	21
4	18
1	2
272	1546
1	1269
4	16
0	1138
0	133
0	494
19	40
199	86
0	8
0	80
0	13
0	4
0	4
0	3
0	0
0	1
0	3
13	45
0	44
0	6
0	80
1	79
2	9
0	1
0	0
0	3
0	5
0	3
0	3
2	0
0	7
0	5
0	0
0	0
0	2
0	0
0	2
0	2
0	0
0	2
0	0
0	2
48	588
0	657
3	61
0	573
0	591
4	10
0	46
6	418
2	75
0	24
0	78
0	67
33	203
0	183
87	0
0	0
37	163
29	220
92	278
21	58
36	127
1	33
0	80
0	32
0	50
1	18
0	12
0	32
0	5
0	6
0	275
6	273
0	28
0	2
0	2
1	11
0	21
192	264
1	24
0	66
1	62
3	58
0	48
0	81
0	77
0	41
0	2
0	12
0	2
2	11
0	2
0	2
0	12
27	0
0	0
0	0
0	0
0	14
0	14
0	4
0	7
3	0
0	0
7	0
0	50
1	50
0	50
0	5
0	2
0	0
1	0
0	35
0	12
1	4
0	16
0	4
0	35
1025	963
0	808
0	599
2	420
0	64
0	918
1	821
0	175
4	203
0	167
0	832
0	42
0	138
7	18
7	25
2	729
0	127
0	1738
10	1047
2	1738
284	33
60	44
5	5
7	33
4	36
0	0
0	0
0	0
0	0
0	0
0	0
0	0
0	0
1	18
0	5
0	4
0	4
0	4
0	2
0	3
0	0
0	23
0	26
1	397
23	397
0	95
2	341
21	0
8	1
0	1
0	0
0	1
0	1
0	1
0	0
123	111
0	95
0	59
58	17
0	7
394	0
152	393
0	63
20	61
3	249
37	177
0	76
0	182
1	44
1	180
0	47
0	91
0	41
1	56
24	50
0	56
0	57
18	12
4	59
0	58
2	38
3	53
1	36
4	11
9	257
0	292
12	393
2	295
0	125
0	0
0	0
0	0
0	0
0	0
0	0
0	0
0	0
0	0
0	0
1	372
17	372
1	26
0	40
0	40
0	23
0	19
0	3
3	3
0	0
0	0
13	0
0	0
0	0
0	168
0	758
0	267
0	655
0	721
0	204
0	722
0	101
0	360
2	757
0	597
0	690
0	165
18	745
0	272
0	203
7	212
1	189
0	0
0	0
0	0
0	0
0	0
0	0
0	0
3035	1969
0	637
0	1550
1	16
0	16
0	1
0	1
0	0
0	3371
21	3371
43	950
10	100
0	950
0	18
6	0
3	29
2	29
0	6
0	2057
0	2001
0	1838
0	2123
0	2067
5	482
0	322
0	188
44	63
0	118
0	9
5	0
0	1195
2	688
74	425
0	868
0	75
17	842
0	42
1	440
0	89
19	1120
3	1086
10	100
0	81
2	52
0	1087
9	1101
0	24
0	0
0	0
0	0
0	0
0	0
0	0
22	6
4	6
0	0
907	1204
0	320
29	125
32	304
15	0
2	36
0	888
3	11
0	52
10	53
0	0
0	0
0	0
0	0
42	2299
3	2299
0	5
0	5
0	0
0	0
0	20
0	20
0	22
0	2
225	601
4	423
14	178
1	0
1	0
0	5
0	2
7	17
23	75
14	74
0	11
5	5
0	67
460	307
0	307
22	227
66	15
49	214
3	48
6	50
0	55
0	68
6	13
0	10
0	2
0	35
0	37
6	43
0	35
0	27
0	15
0	9
92	2035
14	116
0	1540
11	1596
0	0
0	0
0	0
0	0
0	0
36	1
1	1
0	1
0	0
0	0
0	1
0	1
0	1
252	32
3	26
2	26
0	7
0	0
0	343
0	346
0	7
0	348
0	8
2	36
0	293
80	14649
0	14649
1	12627
245	20
0	20
1	92
0	615
0	602
67	155
2	13
1	298
0	81
0	13
25	70
0	28
0	29
0	30
1	11
31	137
1	133
3	38
5	28
15	41
1	76
4	3
1	0
19	9
0	44
1	26
3	6
1	2
0	0
0	2
0	0
0	0
0	0
0	1
0	0
0	2
0	0
0	0
0	0
0	0
0	0
0	7
0	7
0	6
0	7
1	6
0	7
25	0
0	0
0	142
0	102
0	77
0	27
0	1
0	18
0	18
4	1
0	18
0	4
27	23
0	23
69	86
0	86
2	14
0	18
0	37
0	135
0	135
0	4
0	1
45	65
0	40
4	24
0	0
0	5
0	4
0	310
13	220
0	190
13	163
20	1701
12	472
11	113
0	470
15	1695
3	1215
0	1233
0	1233
3	1259
2	634
0	232
0	14
3	14
0	1
0	1
0	18
31	21
0	0
0	18
1	450
0	450
0	0
1	513
0	59
2	80
0	513
0	0
0	0
0	0
0	0
0	0
0	0
2	22
0	87
1	83
0	0
0	0
0	169
0	168
0	172
0	53
0	155
0	162
0	174
0	171
0	152
11	169
0	94
0	23
0	32
0	58
0	60
29	85
0	55
0	53
0	36
0	11
0	7
4	4
20	3
0	3
3	10
0	10
0	0
0	0
0	0
0	0
0	0
0	0
0	0
0	160
3	31
0	141
0	0
17	0
0	1004
0	1000
0	1003
1	90
0	99
0	1030
0	1003
0	85
10	122
2	133
0	103
0	1199
24	1178
3	50
5	146
145	1175
0	3
0	3
0	0
0	0
0	0
0	0
0	0
0	0
0	0
0	3
1527	1362
2	899
62	1177
0	448
9	811
5	896
0	680
0	1119
31	86
2	380
8	743
24	255
179	225
24	32
0	212
0	9
1	218
0	162
0	198
0	25
0	133
0	124
0	112
0	113
9	31
1	16
10	0
0	4
0	6
16	7
0	6
0	0
0	0
0	2
0	0
0	0
0	0
0	0
0	0
0	0
0	0
804	178
20	157
0	134
5	97
2	5
0	16
10	20
1	10
6	35
1	0
0	19
2	673
30	765
0	723
0	488
0	103
0	30
9	469
0	769
0	871
2	93
0	206
0	20
0	860
0	856
0	856
90	52
5	16
0	32
0	31
0	29
4	11
0	23
13	0
6	8
0	17
42	152
13	0
4	0
0	1
1	10
1	125
0	37
1363	377
0	222
10	274
0	91
0	0
4	140
3	140
109	116
0	92
0	69
0	72
0	14
38	114
21	204
5	1234
31	1312
5	1176
0	1318
3	927
0	1234
10	247
0	14
0	74
0	6
0	7
0	74
6	71
0	18
0	0
2	132
18	184
1	109
0	188
1	116
3	24
0	48
0	25
0	12
3	38
0	588
6	88
2	545
0	565
0	585
1	97
0	94
0	69
156	0
0	0
2	620
0	6
0	1
1	9
0	598
8	508
2	39
0	24
0	25
0	28
2	10
0	47
0	154
10	356
0	10
0	19
0	0
0	71
12	0
3	69
0	4
0	4
0	4
0	0
341	236
0	237
0	78
4	92
2	2
0	2
0	0
0	0
0	0
0	0
0	0
0	0
0	0
0	0
0	0
0	2
88	16
0	16
1	2
365	97
1	70
0	64
4	2
3	26
0	65
0	0
0	0
0	0
0	0
0	418
4	203
0	285
0	380
0	405
0	330
11	3
6	34
78	94
5	94
61	2
3	0
433	580
0	560
5	55
0	304
0	87
0	321
0	213
2	97
4	28
0	1
0	0
0	0
0	1
0	1
0	0
0	0
0	0
0	0
0	0
0	131
1	327
0	323
18	339
9	78
0	93
0	41
49	725
0	725
0	97
0	98
2	421
0	21
91	345
20	40
99	42
0	14
0	2
7	7
12	19
4	14
5	14
2	148
9	137
0	34
1	0
0	0
0	0
0	0
0	0
0	0
363	241
1	241
0	128
0	128
0	70
7	72
0	14
0	16
0	10
0	23
0	28
5	32
0	12
0	19
0	57
9	54
0	24
0	13
0	28
0	17
0	10
0	0
0	0
0	0
0	0
0	0
0	0
0	0
0	0
0	0
0	22
0	20
0	13
0	8
0	12
9	161
0	1
2	161
14	0
0	0
0	0
0	20
0	24
0	21
0	9
0	4
265	61
6	49
0	59
7	49
1	44
0	0
2	257
0	741
47	470
45	42
10	257
417	1495
14	232
26	488
0	37
0	1575
13	90
0	4306
0	4324
6	1556
2	1919
55	492
0	395
1	118
17	1804
3	55
3	93
1	205
0	5
5	75
3	1804
0	0
0	113
1	113
8	0
0	1
0	1
0	0
0	0
4	0
0	1
0	1
0	1
0	3
0	3
0	0
0	0
0	0
0	0
0	0
0	0
0	0
0	0
3	1
0	1
8	3
0	3
0	9
0	406
38	5
3	108
0	375
0	75
1	95
0	140
0	31
0	139
9	127
0	61
0	330
0	9
0	134
0	59
0	158
0	86
0	52
0	68
1	66
0	64
0	375
0	361
0	218
1	66
0	0
0	0
0	0
131	0
1695	380
0	140
1	168
0	241
18	0
73	1908
0	1778
1	1244
0	1456
0	1630
0	1196
40	1207
0	974
0	244
1	314
45	179
0	136
0	0
0	0
0	0
0	0
0	0
1	0
0	0
0	0
0	76
1	125
0	179
0	205
0	117
17	170
2	153
0	36
0	50
0	57
0	77
3	56
31	8
349	268
0	114
0	182
0	277
0	47
15	115
0	51
0	67
0	81
10	3
0	3
0	5
4	83
1	16
0	83
0	83
0	83
0	25
0	45
9	45
0	65
74	113
8	72
0	93
0	0
0	0
0	0
1	0
0	21
0	21
0	0
0	21
2	0
0	0
0	0
0	0
0	0
0	0
792	66
0	52
0	23
0	0
14	156
5	156
2	38
1	36
1	16
127	0
0	0
0	0
0	0
15	2
0	2
0	37
0	4
0	3
0	3
0	37
0	602
0	596
0	101
2	168
0	99
0	144
0	41
0	5
13	340
0	43
0	352
23	46
1	66
0	0
8	334
2	334
3	51
0	12
2	0
0	13
0	0
0	0
7	451
3	635
0	74
0	400
0	599
0	634
116	14
0	3
0	0
0	11
15	43
247	269
0	19
0	245
0	17
0	88
0	105
99	73
5	72
0	35
0	33
0	34
0	35
0	0
0	1
0	9
0	0
0	0
0	0
1	0
0	33
0	0
0	0
0	0
0	0
0	0
28	319
0	319
2	32
1	84
6	160
5	4
0	0
0	2
0	2
0	2
0	2
0	0
0	0
0	0
0	0
0	0
0	2
0	3
0	3
0	3
0	1
0	1
0	3
0	3
0	3
0	3
0	3
0	3
0	0
15	348
2	283
0	285
0	263
1	188
0	213
6	98
0	59
41	34
4	3
0	0
0	0
0	0
0	0
0	0
0	0
0	0
0	0
0	0
4	718
14	1054
1	0
0	1142
0	0
0	1005
262	1051
0	1230
0	1417
0	1683
0	410
38	3
0	246
0	1076
0	1698
0	1658
0	1005
2	840
0	602
0	206
5	362
0	704
29	97
0	414
0	650
16	328
1	109
0	32
0	213
30	215
0	131
1	42
25	0
215	52
16	19
1	33
113	238
0	238
0	23
2	1
0	1
0	1
115	181
0	114
6	67
0	65
0	48
3	36
0	29
0	32
0	0
0	0
0	0
0	63
169	177
0	25
8	19
11	8
3	39
1	39
0	154
0	7
0	2
0	7
0	4
0	0
1	0
0	0
105	28
20	28
0	0
0	0
4	2317
0	2182
0	113
0	50
2	2126
5	243
1	111
0	111
1	106
0	10
0	39
0	34
0	15
0	8
0	8
0	5
0	0
3	0
0	1
0	1
0	0
0	0
0	1
0	1
0	0
0	0
0	0
0	0
0	0
622	602
0	602
1	53
0	979
2	0
1	159
0	979
0	69
0	0
0	0
296	95
0	23
2	48
0	24
0	27
0	11
0	160
0	160
0	16
0	13
0	1
0	55
2	3
2	24
0	14
0	7
0	0
0	0
0	0
0	0
0	0
0	0
0	0
167	558
76	327
0	538
0	385
0	105
0	121
0	89
0	89
0	90
441	50
48	146
1	137
0	146
0	195
0	188
0	22
8	192
0	6
0	0
0	42
0	2
0	0
0	0
0	0
0	0
139	0
2	90
0	91
0	90
0	91
0	45
0	44
8	7
0	42
0	23
1	0
32	249
0	249
52	1537
15	710
15	306
0	1441
0	1019
0	0
0	58
0	57
0	1
0	7
10	3
1	0
2	249
0	244
0	252
0	37
0	55
0	32
0	26
0	0
0	0
0	0
0	0
0	0
0	0
1	0
7	51
2	67
0	67
5	67
0	61
0	36
0	20
0	188
0	161
0	188
0	0
0	28
0	38
0	29
0	0
0	22
0	23
0	35
0	32
0	25
0	38
0	0
0	0
0	0
0	0
0	0
1	34
0	42
4	175
0	136
0	1
0	1
0	8
0	12
3	10
0	144
0	0
0	0
0	0
0	0
0	0
0	0
0	0
0	0
0	0
36	490
0	490
0	94
1	42
6	24
0	109
0	2
0	2
0	0
0	2
2	85
0	85
0	16
10	10
1	8
13	415
0	64
0	85
0	84
0	389
31	111
0	330
0	88
5	171
12	173
0	98
20	2256
0	2256
6	2250
6	96
17	92
1	409
0	76
1593	0
0	0
0	0
0	0
0	0
41	11
0	6
0	5
11	66
0	66
2	61
0	0
171	94
1	70
1	77
27	33
0	32
0	6
0	19
0	28
0	5
0	0
65	585
35	582
0	35
10	76
64	76
0	2
1	2
0	0
0	0
0	0
195	253
0	217
0	185
2	36
0	15
0	0
0	0
0	0
0	0
0	0
0	0
0	0
0	0
0	0
0	0
0	173
0	177
1	41
0	51
14	52
3	75
20	1198
0	73
6	1198
17	41
0	90
9	142
1	20
0	41
1	37
0	6
0	6
0	6
0	0
0	0
0	2
0	0
0	1
0	1
0	1
0	1
0	1
0	0
0	1
0	0
0	474
48	482
0	225
0	45
4	18
4	10
34	17
0	483
10	269
0	218
0	298
0	7
0	47
2	20
0	31
0	129
0	30
10	17
0	1
0	16
356	79
1	79
0	0
0	0
28	4000
0	419
10	260
18	338
489	4018
7	16
13	17
0	1
0	136
3	74
0	93
2	32
0	0
0	0
0	0
0	0
0	0
0	0
0	0
0	0
0	0
0	0
193	608
0	608
0	61
260	541
0	467
0	74
13	243
0	64
7	243
5	49
0	0
0	0
0	43
17	92
0	48
0	67
1	36
0	0
0	0
0	0
0	241
0	242
0	113
0	237
0	155
0	10
42	275
1	382
7	306
10	249
74	25
8	25
0	0
0	0
0	0
0	0
29	0
0	0
0	0
0	0
0	0
0	0
0	0
0	0
0	0
178	83
2	5
0	49
0	53
0	0
5	43
1	43
0	43
0	23
0	0
0	0
13	787
0	765
0	90
0	93
1	123
210	1008
0	981
2	35
4	132
5	62
0	0
0	0
0	0
0	0
0	0
0	0
0	0
2	0
0	0
0	0
0	0
0	0
0	0
0	0
0	0
0	0
0	0
19	0
0	0
0	0
0	0
0	0
0	0
202	1
3	1
284	0
6	0
0	32
2	36
0	4
0	3
1	2
0	6
7	126
0	31
0	126
2	1413
21	1360
4	197
44	344
13	71
5	132
0	892
64	1076
0	1161
129	3284
0	56
2	134
2	134
0	0
1	0
0	0
0	2
0	0
0	2
0	0
0	0
0	0
12	120
7	120
63	0
0	0
0	0
0	0
0	0
0	354
0	361
3	116
0	136
0	100
1	97
0	90
0	54
0	60
0	53
0	10
1	322
23	0
4	0
3	0
178	92
1	42
0	19
0	50
41	13
0	9
0	13
5	13
0	0
0	4
0	0
0	3
0	3
113	314
0	87
5	0
0	314
0	307
10	69
1	129
0	69
0	111
9	20
0	99
0	73
0	63
0	44
2	25
6	22
1	66
0	37
0	0
6	0
0	0
0	0
0	0
0	0
71	0
3	0
0	0
0	31
3	39
0	30
0	27
3	26
0	27
0	0
0	1
0	1
0	0
0	0
0	1
0	0
0	0
0	0
2	169
3	171
2	87
0	14
0	51
19	51
0	35
0	0
0	0
0	10
1	10
0	0
0	0
9	681
1	362
0	470
0	189
0	462
0	125
0	481
0	363
0	0
0	0
0	0
0	0
0	0
2	20
0	23
0	23
0	22
0	11
0	22
0	18
4	4
3	242
1	8
47	216
0	25
0	242
647	85
0	85
572	1155
5	507
0	358
0	869
3	201
0	267
2	0
0	0
0	18
0	9
0	9
0	8
35	68
0	59
20	20
1	0
0	0
0	363
0	688
3	722
0	396
317	773
18	17
16	5
234	454
0	454
12	400
81	453
13	135
0	410
0	331
0	331
0	158
0	53
0	279
1	0
722	473
0	357
2	352
0	330
1	304
0	38
0	431
25	535
1067	535
9	458
1	177
1	510
0	498
0	244
0	278
0	231
1	61
0	0
0	0
0	0
0	0
0	0
0	0
0	0
0	0
13	100
0	563
10	589
8	619
0	660
2	659
1	44
1	143
0	0
1	0
0	0
0	2
0	0
0	0
0	0
1	0
0	0
0	0
210	188
2	179
0	6
0	87
0	27
0	23
0	40
5	26
0	4
0	0
0	0
7	10
3	5
0	6
0	10
1	6
0	4
0	6
3	0
123	677
0	415
3	32
0	182
6	169
28	23
0	13
0	50
0	34
0	40
2	3
0	2
0	1
0	53
0	24
0	24
0	3
0	6
0	0
0	0
0	0
0	4
0	0
0	0
0	0
0	0
0	0
0	0
2	0
841	1836
4	1778
0	412
3	104
0	117
8	57
0	52
11	50
6	36
0	49
0	51
0	59
0	53
0	48
0	49
0	31
0	15
0	9
0	60
413	1239
0	733
0	131
0	57
0	55
2	80
1	77
0	36
2	36
0	75
0	29
6	336
53	20
25	116
2	177
66	127
0	120
0	94
0	350
19	120
0	340
0	99
34	337
0	327
0	92
1	90
26	340
15	0
0	77
4	88
0	12
5	154
0	151
0	144
0	128
0	14
0	13
0	23
3	15
0	1304
20	50
21	260
0	260
0	1174
1	0
0	1058
3	79
3	13
10	1295
0	50
10	112
0	54
0	54
2	12
2	32
3	23
3	9
0	25
3	16
0	0
0	0
0	0
0	0
0	0
0	0
0	0
2	37
0	24
0	24
0	36
0	37
1	36
0	18
0	14
0	17
49	1556
0	1556
2	136
3	111
1	103
5	0
0	0
0	0
140	241
9	113
0	0
0	0
0	0
0	0
0	0
0	0
0	0
0	0
786	891
3	410
0	666
0	599
0	303
12	261
0	260
0	0
0	0
0	0
0	0
0	0
0	0
0	0
0	0
0	0
0	0
0	0
0	12
0	72
0	13
42	125
50	51
1	1
0	46
0	49
0	73
2	0
0	0
0	0
0	0
0	15
1	45
54	162
0	14
0	42
0	10
0	96
38	50
0	774
24	225
29	1078
302	893
0	78
0	225
20	618
0	128
59	56
6	78
6	18
2	23
0	83
0	92
0	774
0	0
38	2
2	25
53	215
1	197
0	80
0	1
0	1
0	0
0	0
0	0
0	0
0	0
0	1
0	1
0	0
0	1
0	0
0	93
106	104
7	17
2	11
345	0
222	4
31	4
0	0
0	2650
0	1862
4	172
0	1366
4	2304
11	178
7	209
0	213
0	334
0	120
43	798
0	114
0	897
0	116
0	208
0	190
8	699
0	100
21	516
4	54
13	98
160	287
0	106
0	2629
0	1379
0	0
0	18
0	19
0	13
0	2
0	1
0	2
0	5
0	6
0	7
0	6
59	21
2	17
0	4
0	1
0	3
0	3
0	0
0	0
0	0
0	0
0	3
77	707
3	173
15	640
0	96
1	146
3	295
1	0
3	236
0	82
1	42
0	0
0	0
0	0
0	456
0	438
2	442
0	462
0	461
2	98
0	8
0	35
0	3
0	0
966	112
0	112
45	0
0	25
8	40
92	50
0	9
0	0
0	25
0	8
0	17
0	820
9	112
8	79
0	745
1	162
9	738
1	126
66	1340
0	1503
2	232
3	651
4	1397
0	229
0	244
0	487
1	427
0	453
0	556
0	537
27	186
0	5
0	6
0	1
0	0
0	0
0	1
0	0
0	0
0	0
0	0
206	135
0	50
1	85
2	44
5	0
0	0
0	0
0	0
0	0
0	0
0	0
0	240
0	0
0	68
0	0
0	236
0	0
0	0
0	0
0	192
0	0
0	0
81	1833
1	1810
0	626
0	23
0	0
0	0
0	0
0	0
0	0
0	0
0	0
0	0
0	0
0	0
0	0
0	0
0	0
0	5
14	48
6	32
0	124
1	93
6	4
12	8
0	113
0	0
0	0
0	0
0	0
0	367
0	93
0	96
0	2
0	0
5	44
10	371
0	364
2	816
16	1113
0	917
3	0
2	49
0	1222
0	0
0	0
0	0
3	0
0	0
0	0
0	0
44	3
0	3
0	1
0	1
0	0
0	1
0	1
0	1
0	1
129	21
0	14
0	8
0	0
0	0
0	1
0	215
52	216
0	144
19	107
0	37
10	0
1	0
0	1623
30	1546
0	108
22	251
0	0
0	407
0	322
13	39
79	156
0	131
2	59
2	14
8	92
187	158
0	111
3	52
54	75
16	186
0	3
0	177
0	63
0	3
0	7
0	12
3	12
0	2
0	2
0	0
0	0
1	34
0	1
0	32
0	32
0	21
0	4
3	0
1	3
0	0
0	0
0	0
0	0
0	3
0	3
0	0
0	0
0	1
2	2
0	1
0	0
0	1
0	0
0	0
0	0
0	0
0	0
0	0
1	0
4	16
43	129
0	131
0	123
79	702
0	569
1	553
44	133
0	2
0	2
0	0
0	61
0	13
0	97
0	113
0	8
0	13
0	3
0	3
1	2
0	33
1	1
0	94
16	15
34	38
4	45
0	1
0	1
0	0
8	0
0	81
0	100
0	92
0	24
0	10
0	11
41	17
0	4
0	6
0	6
2	30
0	0
0	0
5	97
111	112
0	1
0	14
104	9
0	9
0	0
0	0
0	0
0	0
0	0
0	0
0	0
22	55
4	140
18	143
2	146
1	28
41	805
0	814
0	809
0	92
7	101
0	23
1919	179
12	179
0	49
1	1908
2250	2153
0	289
3	49
4	159
0	0
1	3
0	9
0	8
1	0
0	0
0	2
0	2
4	0
62	95
4	76
0	0
0	1
0	1
0	1
0	1
0	0
0	0
0	0
0	1
0	0
0	1
0	1
0	0
0	0
0	0
0	0
0	0
0	0
0	0
0	0
0	0
0	0
16	120
101	706
1	53
8	146
48	325
0	124
2	199
0	672
0	1734
8	1598
0	1502
0	785
0	643
0	435
0	130
2	168
0	154
0	37
0	22
0	150
5	37
1	51
7	9
0	0
0	0
0	0
0	0
9	1
0	0
0	0
0	0
0	0
0	0
0	0
0	0
0	0
0	0
0	0
0	0
0	0
0	0
0	0
0	0
0	0
0	0
0	0
0	0
0	0
635	22
6	22
51	276
0	233
0	274
16	53
0	0
0	0
0	0
21	35
70	586
0	18
0	586
0	88
0	514
1	1
0	116
0	157
0	81
29	0
4	0
26	10
0	8
0	2
0	3
0	3
0	0
0	0
0	0
0	0
0	0
0	0
0	0
0	24
0	21
0	24
325	0
0	0
1198	191
1	191
0	0
0	0
0	0
0	0
0	0
0	0
0	232
0	241
7	93
0	79
6	48
0	27
1	43
0	10
0	0
0	0
0	0
0	136
0	144
0	10
0	14
0	0
1	0
0	0
0	0
0	0
0	0
0	0
0	0
3	0
0	0
2	737
16	737
63	737
0	636
2	417
0	76
0	74
8	155
0	72
1	56
0	31
5	13
0	732
4	0
0	0
5	2070
0	2070
0	1784
1	39
2	88
12	77
5	32
0	150
4	102
0	2070
0	1126
0	3
0	0
0	0
0	0
0	0
0	3
5710	1165
62	30
6	459
0	553
11	610
0	17
0	17
0	3
0	16
0	17
3	832
0	845
0	483
5	477
1	74
1	42
0	19
79	25
0	0
1	78
83	102
0	31
3	18
3	26
0	78
0	40
2	85
0	18
0	21
2	20
0	455
0	474
2	298
25	221
0	58
0	0
0	0
0	0
2	0
0	0
0	0
313	241
51	0
136	241
0	110
0	6
0	0
20	6
55	265
11	265
103	0
4	5
3	5
0	2
0	2
0	0
0	0
1	0
33	518
0	822
0	1031
3	53
0	21
0	6
0	0
0	954
592	0
0	0
0	0
5	874
0	867
10	830
0	867
0	507
0	138
1	142
22	122
1	14
0	0
0	0
0	0
0	0
0	4
0	4
0	0
0	0
0	0
1	0
0	0
0	0
0	0
0	0
0	0
0	0
0	0
0	0
0	0
1	60
3	16
0	55
0	56
301	168
0	85
1	95
4	64
0	74
14	20
3	42
0	5
1	42
0	2
0	125
12	413
6	407
8	413
0	399
0	0
0	0
0	2282
0	1192
0	2425
0	2270
3	403
0	1927
9	443
0	969
0	1005
0	1303
0	1499
0	1463
0	1493
0	1504
0	1309
0	1248
0	1259
0	1350
0	1289
0	1295
13	289
1	154
51	210
11	106
0	254
14	301
89	67
402	0
30	1590
0	6314
3	4117
0	6200
159	6133
467	5663
2	423
0	0
0	0
0	0
0	0
0	0
42	362
12	316
0	315
0	47
0	105
0	30
0	91
179	13
0	12
4	5
0	199
40	909
2	858
22	160
12	870
0	104
2	714
0	208
0	124
5	1
2	238
26	107
0	112
0	80
0	10
0	2
28	6
0	6
0	1
0	522
105	2698
0	2347
0	2142
0	1531
3	428
9	333
0	466
27	1137
0	455
9	2
26	117
9	0
0	2
0	2
0	0
929	218
6	51
2	167
0	0
0	0
0	0
0	0
30	377
0	377
1	28
0	86
5	70
0	0
0	0
0	0
0	0
0	0
0	0
0	0
0	0
0	0
0	0
0	0
0	0
12	297
349	292
8	59
0	71
1	39
2	265
381	648
0	408
0	354
0	230
46	33
47	598
1	486
0	984
0	494
0	528
1	407
0	984
0	0
0	0
0	2
0	2
0	2
0	680
0	668
0	625
0	5
14	42
11	296
0	61
0	61
1	37
0	17
385	339
0	233
3	142
0	94
6	24
0	80
2	60
1	40
46	170
43	137
5	38
0	44
0	1
0	10
0	10
0	0
0	0
17	0
5	1
0	1
0	0
0	0
0	0
0	0
0	0
0	0
0	0
0	67
1	83
1	20
0	39
0	16
0	0
0	0
0	0
0	59
0	10
2	0
0	59
0	388
2	396
0	408
78	231
0	1
0	70
0	48
0	65
0	27
0	333
9	82
3	138
3	249
47	155
0	111
105	0
273	156
20	149
0	83
3	0
0	0
0	0
28	0
12	76
13	42
7	5
1	70
0	70
0	19
0	72
0	2
0	6
0	108
2	169
0	169
1	161
3	49
0	28
0	29
0	8
0	36
0	2
0	2
0	0
0	0
0	0
0	0
0	0
2	2
0	10
3	10
0	2
0	0
0	4
0	461
0	0
194	226
12	64
0	64
0	241
0	220
0	256
0	241
27	306
0	17
0	77
1	37
6	102
0	0
0	0
0	0
10	0
0	0
0	0
0	0
0	0
1551	0
313	325
1	307
0	60
352	509
0	18
0	266
0	266
25	266
0	159
0	146
2	156
0	337
0	329
3	329
0	337
0	0
0	0
0	0
296	1017
2	154
8	369
0	998
0	206
29	458
0	1
20	637
6	83
21	251
0	79
0	32
2	0
0	0
0	0
0	0
0	1
0	1
18	64
1	40
0	16
0	44
0	26
17	19
12	2
0	2
725	467
36	211
0	162
2	88
2	62
51	21
11	21
0	0
0	0
3	1641
0	1636
1	973
4	213
1	1395
0	324
0	26
0	27
40	38
0	0
0	0
0	0
0	0
14	40
0	27
5	25
0	6
0	17
1	4
0	5
0	2
0	2
0	1
0	0
0	0
0	0
0	0
17	0
0	0
0	0
0	0
0	0
0	0
0	0
0	0
4	0
0	0
0	0
0	0
0	0
0	0
317	453
4	200
11	377
0	134
18	246
5	116
0	140
0	0
19	0
1	771
55	78
1	25
9	501
24	263
6	708
0	0
13	109
10	65
0	62
0	106
2	21
0	0
0	0
0	0
16	320
2	320
8	0
0	0
0	0
0	0
0	0
0	1257
0	1257
50	596
20	584
0	210
0	240
0	377
0	436
10	436
12	4
0	84
6	84
0	38
0	1
0	1
2	0
0	0
0	0
0	0
0	0
0	0
0	0
0	0
0	0
0	0
0	0
6	115
0	114
36	107
0	103
1	114
128	798
8	272
0	428
0	71
12	0
19	68
9	102
1	120
1	249
0	133
28	81
9	86
3	204
1	97
0	88
10	8
0	57
5	100
202	262
0	20
0	6
9	237
0	1
0	0
327	5
0	5
0	3492
3	3397
15	2832
3	492
17	157
0	542
12	64
2	254
0	0
0	0
59	93
0	85
0	58
4	25
0	42
0	574
2	577
2	570
0	625
0	124
0	151
0	34
0	49
0	15
0	35
0	18
0	40
0	31
0	40
0	37
0	29
0	22
0	29
0	14
10	11
0	0
3	70
0	64
0	67
0	65
15	65
0	65
7	939
25	744
1	885
0	925
0	882
0	234
1	462
7	79
0	180
2	121
1	49
0	0
12	188
0	118
0	173
0	47
0	33
0	25
0	57
4	21
0	0
0	0
0	0
0	0
0	0
0	0
55	0
0	0
0	0
29	7
0	7
0	0
0	0
0	0
0	0
0	22
26	54
1	32
0	0
0	0
53	44
0	4
0	40
1631	519
123	41
7	126
78	91
13	90
4	171
0	516
1	169
0	56
0	516
0	86
0	438
19	482
1	3
12	19
0	86
38	295
2070	0
7	15
0	12
0	3
0	5
0	2
0	0
1	26
10	444
3	444
0	358
0	103
0	0
10	455
0	315
2	149
4	308
1	345
3	117
0	400
0	400
1	16
1	37
0	163
0	46
2	22
0	46
0	60
0	10
8	23
0	18
0	11
0	11
0	11
0	6
0	11
6	10
0	9
0	4
0	4
0	3
0	9
0	3
0	9
1	2
0	0
0	0
0	0
0	0
0	0
0	0
2	0
0	0
21	0
0	0
0	0
274	468
3	452
0	330
2	72
0	468
0	0
0	0
0	0
0	0
0	0
0	0
0	0
0	0
0	0
0	0
2	1
50	143
1	143
24	0
0	0
0	0
0	0
0	1390
32	1116
799	1366
0	2
0	2
0	1
0	1
0	0
0	0
0	0
0	0
0	0
4	348
1	295
0	554
0	875
0	597
0	61
0	37
5	32
0	599
0	554
0	537
16	0
0	614
0	541
0	373
29	144
0	618
0	565
3	201
1	207
0	209
0	2
0	4
0	4
21	3
0	4
0	0
0	0
0	0
0	0
0	0
0	2
0	0
0	2
0	0
0	0
30	0
0	0
3	0
0	0
0	0
0	0
1	30
0	32
0	32
5	1
0	30
0	28
0	21
0	23
0	21
2	0
0	0
4	0
0	0
0	5
0	5
0	5
0	1
0	1
0	1
0	0
0	0
1	0
241	0
342	598
0	595
3	93
6	48
2	43
0	176
9	116
5	0
0	0
0	0
1	0
0	0
0	0
0	0
0	0
4	27
18	158
40	137
0	154
1	143
5	12
0	15
30	0
644	0
4	524
0	139
7	517
0	517
10	115
0	152
4	8
0	8
1	3364
0	5642
16	2698
0	5146
26	1481
0	2825
0	4328
0	4883
0	4670
0	2283
2	4356
28	5515
0	2688
0	3649
0	2998
0	3591
0	2227
0	1820
0	1945
0	2016
0	2356
0	2131
0	1461
0	1229
0	2425
0	1256
5	1677
0	2585
9	432
58	302
19	1072
0	0
0	0
0	0
0	0
212	71
0	66
17	9
2	1
0	0
0	1
255	313
168	272
0	285
0	88
0	17
0	34
1	62
0	54
0	0
0	0
91	477
70	116
119	82
5	57
0	431
0	88
12	1
0	301
3	0
0	0
0	702
34	247
0	690
0	101
0	690
0	702
2	0
0	0
1	0
0	0
306	1937
172	1877
43	244
2	738
0	692
0	150
0	657
0	0
0	0
0	0
0	0
8	68
0	117
0	106
0	69
0	109
0	97
0	80
0	27
0	35
38	0
0	3
0	0
0	0
0	3
0	0
0	0
0	407
0	78
0	407
1	98
0	98
0	70
0	95
0	71
0	28
0	28
0	15
0	2
4	1
0	3
0	0
0	0
0	0
0	0
0	0
0	0
1678	538
0	480
0	371
11	20
1	16
7	58
0	0
0	0
0	0
485	114
0	114
0	0
10	358
4	0
0	196
11	162
95	1080
4	833
16	1168
0	324
0	0
0	7
0	3
0	2
0	7
0	7
0	2
434	1139
7	1139
0	0
0	0
0	0
2	0
0	0
0	0
0	0
0	0
0	0
0	0
0	0
20	1786
0	5083
0	4844
12	299
0	1491
0	2661
0	257
10	1901
0	79
3	115
0	2797
37	395
8	222
3	58
0	54
0	37
0	318
0	24
0	759
0	794
54	376
0	340
0	249
10	209
3	94
0	137
21	120
0	63
0	70
3	40
1308	46
0	23
1	23
0	629
0	639
0	69
0	98
0	318
0	271
1	281
0	51
10	151
0	57
3	0
1	58
1	42
0	80
5	101
10	39
0	54
1	42
0	0
0	0
0	0
0	0
0	0
0	0
0	0
0	1133
0	1087
0	45
293	1189
2	1146
1	789
12	465
3	84
6	76
0	166
9	46
24	144
0	190
3	4
0	188
0	46
5	112
0	128
8	1
0	1
0	0
0	0
14	22
0	22
1	126
0	135
0	86
0	28
2	28
0	14
0	4
0	3
13	456
5	450
58	6
0	94
0	12
382	439
0	261
22	316
0	32
6	38
6	56
0	0
0	0
0	266
0	264
0	84
0	215
0	257
0	28
2	37
0	14
0	63
0	95
14	72
0	40
0	16
4	16
0	0
0	0
0	0
0	0
0	0
0	0
0	0
0	1
1	51
0	52
0	4
0	2
0	35
0	0
0	0
0	118
0	107
2	5
0	41
0	27
7	102
0	72
4	42
0	13
1	14
4	2
13	70
0	70
0	236
0	226
0	236
0	224
3	41
0	1329
8	1227
26	109
104	1218
0	394
0	343
60	1217
46	27
0	17
0	15
0	22
1	11
0	20
0	0
0	0
0	0
0	0
112	408
2	284
16	239
0	80
0	76
0	79
1	3
1313	145
7	6
7	4
0	141
0	0
0	0
0	0
0	0
0	0
0	0
0	0
0	0
0	0
0	0
0	0
0	0
0	0
4	1
14	426
37	124
5	425
0	11
0	25
3	90
0	497
33	0
0	115
3	143
42	80
0	487
0	66
10	360
0	0
0	0
0	0
0	0
0	0
0	0
0	0
0	5
0	0
0	100
0	201
6	0
0	181
0	13
3	146
0	268
22	174
0	13
7	103
4	8
0	129
1	78
0	253
0	0
0	2
0	2
0	0
1	0
0	0
4	34
0	30
189	374
17	62
0	333
11	116
49	10
0	265
1	120
1	395
0	394
0	411
0	410
0	401
0	259
0	256
0	241
0	200
0	61
0	57
0	46
10	32
0	7
0	8
0	2
0	368
1	364
2	142
0	77
0	205
0	0
0	0
0	0
0	0
0	0
0	0
0	0
0	12
0	0
0	0
0	0
0	0
0	12
0	725
0	720
2	635
0	537
0	324
0	105
130	125
0	0
1	317
6	118
0	217
14	167
0	36
0	62
0	373
6	72
0	217
0	98
6	178
0	74
0	187
7	43
7	256
0	142
0	111
0	105
2	97
0	0
0	0
0	34
0	18
0	34
0	34
0	34
0	48
0	25
0	39
0	39
0	48
77	211
61	200
78	105
0	66
1	24
0	37
521	284
5	284
16	77
37	104
0	68
0	46
4	46
4	26
0	25
0	7
0	0
0	0
0	0
0	0
0	0
0	1
3	1
1	65
0	46
3	76
0	66
6	38
0	17
1	30
0	46
0	14
0	2
0	20
0	6
0	7
0	13
458	174
0	154
44	0
5	136
2	131
0	43
9	20
2	5
39	1
0	120
1036	210
9	196
0	5
2	271
648	497
0	449
4	271
0	279
15	109
0	130
0	160
0	77
0	77
0	22
0	7
0	57
907	36
1	36
1	4
0	4
0	1
0	0
0	0
0	0
0	0
0	0
79	19
0	19
2	30
0	30
0	0
11	2
0	0
1	2
81	0
0	115
0	100
8	120
59	129
0	39
0	19
0	2
0	2
0	51
169	528
4	70
14	366
0	284
0	474
0	175
1	112
9	3
0	2
0	2
0	0
0	0
0	0
0	0
0	0
0	0
0	0
0	0
0	0
0	0
0	0
21	35
1	27
18	293
410	367
29	349
12	53
0	270
0	93
7	93
0	38
1	38
18	196
12	36
1	50
0	67
0	30
17	34
0	34
0	4
1	4
0	1
7	14
63	15
0	0
0	268
0	32
0	36
0	24
5	29
0	293
1	121
2	87
2	67
2	49
1	0
0	573
220	573
7	492
4	282
7	181
7	174
3	189
1	94
0	273
1	778
4	741
3	729
0	114
24	1643
16	594
0	17
0	954
85	203
0	492
1	129
0	60
6	39
1	495
3	495
0	175
0	175
0	0
0	0
45	494
1	185
0	385
15	369
0	85
0	287
0	148
0	126
12	1
475	33
0	304
0	131
0	53
0	298
0	264
863	906
5	75
0	89
38	111
1	773
8	35
12	564
0	89
8	43
3	108
58	204
0	0
0	0
0	146
0	19
206	269
0	229
131	0
0	489
8	488
0	482
0	123
0	13
0	21
1	59
0	12
8	37
0	46
0	42
3	54
0	44
5	97
0	19
0	88
1	0
0	555
0	539
1	552
0	448
4	99
0	82
1	0
0	265
0	214
1	123
0	230
16	64
0	52
0	3
0	30
0	0
0	0
0	0
0	0
0	41
0	0
0	0
9	0
0	3
0	3
0	0
18	0
17	1
0	303
1	303
0	330
0	0
0	11
17	267
0	330
0	1
2	0
0	0
0	0
133	6307
467	651
0	6307
59	4433
144	205
61	112
764	1098
1	99
2	253
2	283
8	330
0	133
3	205
1	205
23	131
0	20
0	0
3	200
0	87
0	29
0	9
2837	2858
4	2858
0	965
0	109
17	361
0	343
0	233
4	162
3	375
0	121
0	177
4	91
0	146
0	21
423	0
0	2
0	2
0	2
0	2
0	0
0	2
0	0
0	0
0	0
0	0
0	0
0	0
0	0
0	9996
37	7815
0	10391
394	10145
3	8709
0	0
0	0
0	0
0	0
11	175
0	80
0	31
0	207
3	27
0	207
28	122
1	249
0	249
0	231
0	65
1	112
0	6
2	0
3	230
32	62
0	62
0	243
0	80
0	22
0	22
0	16
0	15
0	0
0	2
0	43
21	168
0	42
7557	3244
120	1375
23	1054
7	362
28	908
162	223
9	359
0	0
0	0
0	0
0	0
0	0
0	0
0	0
0	0
0	0
0	0
0	3094
0	1632
0	2875
0	632
0	313
10	202
1	1
0	342
0	2611
0	2614
9	3340
0	3345
0	263
9	141
85	1226
14	1226
31	95
3	94
0	21
0	21
389	17
0	17
9	6
0	14
0	0
43	240
0	257
6	195
0	1
0	1
0	139
2	139
0	131
1240	427
96	290
75	163
2	156
0	210
1	6
0	4
0	0
0	2
9	17
0	9
0	1
0	8
1	3
0	3
5	28
0	28
0	9
7	682
168	2654
1	2653
0	1
0	1
0	0
0	1
0	0
0	500
19	508
5	22
7	25
46	0
35	202
1	140
0	169
3	108
0	49
1	106
0	73
0	52
3	28
23	19
2	1
1	66
0	6
3	18
0	46
0	42
0	0
2	42
0	35
0	3
0	2
2	32
0	91
0	0
0	0
0	0
0	0
0	0
0	0
0	0
0	0
0	0
0	59
0	59
8	14
2	53
0	221
0	104
0	231
1	177
0	270
0	293
0	311
0	273
34	6
4	193
0	35
0	295
4	30
2	11
0	70
8	97
0	108
0	56
0	35
0	57
0	31
0	84
0	56
339	279
0	133
4	42
0	233
1	201
0	185
71	403
0	353
0	65
3	64
0	79
1	92
0	294
5	22
0	316
20	255
2	191
0	255
1	10
0	265
0	219
0	126
0	0
0	0
0	239
6	195
0	204
4	54
2	45
1417	348
2	206
0	142
0	0
0	0
0	0
0	0
0	0
6	148
27	150
0	18
18	300
0	14
3	505
110	219
11	385
5	250
3	284
15	228
6	17
3	98
0	14
0	1
1253	447
3	233
6	200
0	137
0	856
1	47
5	16
0	242
0	128
1	49
15	6
0	32
2	13
0	85
0	24
8	4
12	0
0	130
0	9
2	844
0	0
0	0
26	56
18	38
100	952
321	890
13	914
0	59
1	100
6	147
0	3
0	3
0	0
0	3
0	0
0	0
0	3
0	0
0	4
0	1
0	1
0	5
19	1
0	4
0	4
0	5
0	2
0	0
0	1
0	1
0	1
0	0
0	0
0	4
0	5
0	0
3	0
0	21
0	33
0	33
2	11
0	0
0	0
0	0
0	0
0	0
0	0
0	0
0	0
14	396
4	404
4	40
1	7
0	7
16	148
0	13
0	147
3	728
0	709
0	642
16	149
36	29
0	0
0	8
5	8
0	3
0	8
0	9
0	0
6	9
0	3
0	2
0	4
0	2
0	0
0	0
0	0
0	0
112	741
3	174
4	228
24	105
4	13
84	6
8	532
0	532
0	370
129	509
4	220
1	468
15	11
55	0
0	0
0	0
1	88
0	49
15	48
157	0
3	1413
1	1566
361	1505
0	316
2	286
6	147
0	167
0	10
0	0
0	0
0	0
0	614
1	559
13	103
62	139
0	243
0	211
2	205
0	177
2	162
0	110
4	126
0	186
0	120
0	75
0	35
0	13
0	186
0	0
48	39
20	37
21	98
1	58
13	33
1	28
0	35
878	1200
1	1200
0	0
0	0
0	0
0	0
0	0
0	0
0	0
0	0
0	0
0	0
666	121
7	32
1	72
3	31
8	53
0	58
0	100
0	100
0	200
0	52
0	183
0	5
0	0
0	7
2	82
174	82
0	0
0	6255
0	5694
204	4634
1	1081
0	528
2	1072
0	2400
0	1035
13	1022
0	783
1	489
0	363
17	295
0	1
48	116
4	2
1	12
0	118
9	23
2	1
27	4
2	5
0	1
5	97
0	19
0	152
0	84
0	244
0	29
0	76
0	202
0	216
20	138
39	4
0	69
0	224
6	61
0	195
0	0
0	334
55	0
0	173
25	79
0	134
13	72
6	202
25	413
1	284
1	260
3	73
49	24
0	31
0	12
3	5
0	24
0	0
0	0
0	0
0	14
0	10
4	14
0	2
0	2
0	0
0	0
3	89
3	84
3	5
5	96
0	46
0	35
0	29
0	32
0	14
0	6
7	11
3	2
1	14
0	11
0	9
2	0
29	442
1	480
8	250
4	28
3	3
2	1314
0	1056
11	3322
6	59
0	3191
0	3065
15	85
0	232
0	1048
1	9
2	9
1	3
0	3
0	1
0	0
0	0
0	0
0	0
17	277
10	232
0	25
0	277
0	0
0	0
0	0
4	1270
5	285
515	2785
0	1610
2	293
4	1242
1	115
0	143
308	165
2	164
2	22
2	92
0	0
0	0
0	0
0	0
0	0
0	0
0	0
27	439
23	448
0	47
0	114
0	61
0	17
4	11
0	11
25	11
0	4
29	3217
1	178
29	48
6	30
0	33
0	46
4	6
0	7
1	0
0	4302
0	4175
0	4189
0	4125
10	386
16	4096
7	79
14	101
1	10
0	767
1	70
0	356
36	840
0	209
19	181
0	214
2	153
1	0
19	899
0	177
67	64
1	147
9	7
0	0
0	6
0	6
0	7
0	7
0	0
0	201
55	15
34	9
0	120
0	206
0	175
0	155
53	24
0	33
0	25
8	25
0	32
0	193
1132	459
0	386
0	350
0	0
0	0
0	0
0	8
0	8
1	6
180	96
0	96
0	35
0	9
0	3
0	0
4	1184
3	1184
5	1088
2	20
0	25
0	17
0	11
0	5
0	25
3	142
5	142
1	29
0	28
1	9
1	12
0	4
0	4
0	4
0	0
0	0
0	0
0	0
0	0
0	0
0	0
0	0
0	0
0	0
0	0
7	0
0	0
103	0
0	0
0	0
0	2
0	0
0	2
0	7
0	2
0	2
0	5
0	5
0	2
0	2
0	0
0	0
0	7
0	2
0	1
0	0
0	1
0	0
440	0
0	1735
0	1591
0	1304
1	867
3	702
4	433
0	295
5	124
12	43
0	56
1	602
0	616
58	0
29	20
0	403
0	503
0	621
0	1
3	4
0	4
29	0
0	0
0	258
0	254
30	153
5	29
2	34
0	13
1	9
121	515
9	508
2	258
8	7
0	0
0	0
0	0
0	0
0	1833
178	2465
85	632
0	0
0	0
0	0
1	0
0	0
0	0
571	246
0	246
0	0
0	0
0	341
0	18
1	12
16	58
1	63
0	258
0	332
35	995
14	383
0	992
2	357
0	291
4	18
6	59
5	18
2	182
0	0
0	0
0	0
0	5
1	5
0	0
2	67
1	152
14	281
0	23
0	97
0	15
2	254
1	31
0	111
0	250
0	0
0	0
0	0
0	0
23	0
0	0
0	0
0	0
0	0
0	0
0	0
0	0
0	0
0	3
0	3
0	1
0	28
2	0
0	0
0	3
0	2
0	0
0	219
67	81
0	10
3	76
0	166
3	33
0	155
0	37
6	35
0	0
0	0
1	142
0	119
0	84
0	138
0	0
0	0
0	0
0	0
0	0
0	0
0	1
0	0
0	0
0	0
0	0
0	0
0	0
0	0
0	0
0	0
0	0
0	0
0	0
0	0
0	0
0	0
0	0
0	0
0	0
0	0
0	0
0	0
0	0
0	538
21	538
0	109
13	103
14	87
6	45
0	0
1396	549
4	112
0	437
0	194
0	208
0	200
0	52
0	41
0	28
10	0
0	0
0	0
0	0
0	0
0	0
0	0
0	0
0	0
0	0
11	23
2	18
0	4
0	13
0	0
0	2231
26	2231
3	0
0	0
0	0
0	508
0	518
1	55
3	430
15	10
0	0
0	0
0	0
0	0
0	0
0	0
0	0
0	0
0	0
0	0
0	0
0	22
5	22
0	6
0	11
0	0
0	0
0	0
0	0
619	1114
0	1114
0	197
0	72
0	0
0	0
2	604
12	146
2	394
1	259
1	264
0	0
0	0
0	0
0	0
0	0
0	0
0	0
0	0
0	0
0	0
0	9
0	9
0	0
0	0
3911	0
1192	2256
12	2265
0	2306
27	1747
0	1808
13	131
120	672
64	264
5	0
1	0
0	0
0	0
0	0
0	0
0	0
0	0
0	0
0	0
0	0
0	0
19	702
139	2018
0	593
41	179
3	333
4	30
0	276
5	166
0	35
0	264
0	111
0	264
0	32
0	45
0	0
0	0
0	0
0	0
0	2
0	354
0	21
0	0
0	61
0	24
0	90
0	356
0	80
0	103
0	47
0	171
15	25
0	70
0	16
0	62
7	132
0	159
0	319
2	49
0	48
0	43
0	322
1	111
52	910
3	910
0	858
12	22
6	146
4	148
70	4898
60	420
0	1531
24	1149
0	4862
2	305
9	387
61	494
0	2122
10	248
3	308
14	308
2	308
63	636
4	2152
5	3
10	2149
6	208
1	310
3	258
23	44
0	295
7	296
0	53
1198	487
0	255
2	38
112	298
0	61
11	61
0	14
0	387
27	20
3	56
1	385
0	237
8	46
1	41
1	24
0	17
0	118
35	636
4	31
0	559
0	31
1	4
1	62
3	20
0	27
2	184
2	10
0	31
0	663
84	548
5	28
0	79
14	189
0	111
993	497
0	114
50	42
6	0
2	52
19	47
1	291
0	4
0	0
0	0
0	4
16	18852
0	5130
152	17258
164	16758
26	5929
2	6363
56	960
161	119
263	135
2	66
3	16
0	0
0	0
0	0
0	2
0	2
0	0
0	0
0	0
0	0
0	0
0	0
6	981
177	802
0	1486
0	927
12	1470
207	1485
117	835
37	45
0	289
182	8
1	203
0	2567
3	2339
18	625
8	236
32	119
3	159
0	159
1	36
1	55
3	0
0	0
0	0
0	0
0	0
0	0
0	0
7	0
0	0
0	0
0	0
0	0
0	3
0	1
0	0
0	0
0	0
124	2238
811	2259
0	0
0	0
0	0
0	0
0	0
0	0
0	0
0	0
0	0
0	0
0	0
0	0
0	0
0	0
1	0
0	0
0	0
0	0
0	0
0	2
0	1
0	1
0	0
0	0
0	0
97	134
0	0
0	0
0	0
87	49
0	0
0	0
0	0
2	29
0	9
13	6
7	11
0	0
0	0
0	0
0	8
0	0
0	0
0	0
0	0
0	0
0	0
0	0
0	0
0	0
0	0
0	1
0	0
0	0
0	2
0	0
0	0
1	24
0	0
0	0
0	0
0	0
0	0
0	0
0	0
1	88
0	0
0	0
16	1
0	0
0	12
0	0
51	20
2	3
156	117
0	8
0	4
0	0
0	0
0	0
0	0
13	3
0	0
15	0
0	0
0	0
0	0
0	0
0	130
0	0
0	0
0	0
0	0
0	0
0	0
472	0
0	0
0	0
0	0
153	0
0	0
0	0
0	50
0	0
0	0
1	1
0	0
91	0
0	0
0	0
0	0
16	119
3	119
3	156
118	1
0	0
0	0
0	0
1	0
24	0
41	26
0	0
0	0
0	0
0	0
0	0
0	0
0	0
0	0
0	0
0	0
0	0
0	0
0	0
0	0
3	25
0	6
0	0
0	12
0	0
0	0
0	0
0	0
0	0
4	1
2	0
0	0
0	8453
0	0
0	0
0	0
0	0
0	0
0	0
0	0
0	0
0	0
0	0
0	5991
1	0
0	0
0	29
0	0
0	0
0	0
0	0
0	0
0	0
14	33
0	8
0	5
4	8
1	4
4	7
20	18
1	10
0	9
5	0
0	0
0	0
0	0
0	0
0	0
0	0
0	0
0	0
0	0
0	0
0	0
1	76
0	12
4	0
0	0
0	0
0	0
0	7
22	37
3	0
5	0
0	0
0	7
1	11
0	0
0	0
0	0
0	0
0	0
0	0
0	0
0	0
57	0
0	0
0	0
0	0
0	0
0	0
1	0
0	0
1	0
0	0
0	0
0	0
0	0
0	0
0	0
158	1
0	0
0	1
0	0
0	0
0	0
0	0
5	0
0	0
0	0
1	4
0	4
3	0
0	0
1	24
1	0
0	0
38	190
0	0
0	7
0	0
0	1
2	0
0	0
0	53
5	40
1	32
0	11
0	36
0	12
0	12
0	3
0	17
0	24
0	16
0	9
1	2
0	9
0	3
0	17
0	3
0	7
0	0
0	0
0	0
0	0
0	0
0	0
0	0
0	0
0	0
73	236
3	10
2	226
11	16
0	88
0	85
0	36
3	61
0	3
4	2
9	21
0	10
164	1502
0	1893
67	879
0	1531
0	573
267	1017
1	1856
0	134
0	61
732	296
0	137
1	168
0	210
0	192
0	0
0	78
0	0
0	0
0	0
0	0
0	0
0	0
0	0
0	0
0	0
0	0
0	0
0	0
841	656
38	7
0	35
1	656
2	84
0	146
0	3
0	7
0	7
0	4
0	5
0	4
0	3
0	1
0	4
8	0
14	411
3	171
0	133
3	411
0	150
0	74
7	45
193	1199
2	1199
111	83
0	41
100	44
3	83
45	914
102	914
1	346
132	142
11	114
1	38
0	31
0	60
20	157
7	33
0	40
0	20
0	17
0	14
0	12
0	14
0	11
0	57
9	5
2	19
16	40
0	273
0	271
0	60
1	2
0	271
0	1183
0	2388
0	2252
9	2204
13	168
3	1739
8	49
0	4
38	1624
0	147
4	336
0	57
0	50
2	60
3	60
2	18
2	48
0	16
11	797
1	1891
2	308
0	362
1	746
1	746
0	31
0	97
1	50
7	73
1	100
1	40
0	48
18	415
9	60
15	46
20	264
5	13
15	95
0	1657
2	382
0	388
168	0
0	17
3	225
0	229
0	30
0	22
230	92
0	92
0	6
0	6
0	6
0	6
0	6
0	2
0	0
0	4
0	6
0	41
1	1434
0	41
1	1566
35	1434
5	997
18	1473
175	34
4	13
0	21
0	7
0	7
2	811
6	154
6	36
0	753
0	414
4	637
0	637
0	72
0	0
97	438
0	417
1	21
0	15
0	0
0	0
0	0
0	0
0	0
0	0
0	0
0	0
0	0
0	0
0	0
0	0
0	0
2	0
0	0
0	0
0	0
0	0
1	3
0	3
167	365
1	330
1	95
1	74
2	65
0	121
0	16
4	39
0	26
46	0
0	0
0	2181
6	545
0	797
4	1745
14	29
6	508
65	547
0	0
0	0
0	0
0	2938
0	2816
0	2869
0	2919
6	2600
2	2543
0	1091
15	1287
42	543
27	341
100	269
1	573
3	228
11	724
50	307
2	346
0	136
0	293
0	136
0	225
0	218
61	125
6	370
125	309
1	309
0	72
0	119
0	50
0	24
0	17
0	20
0	17
3	0
0	16
2	0
0	22
0	8
0	122
0	72
0	50
0	287
10	223
6	287
0	0
0	0
0	0
0	0
0	0
0	0
0	0
1	5
0	0
0	0
102	542
0	498
3	23
1	154
14	16
4	22
3	36
0	0
0	0
0	0
114	40
0	0
0	0
0	0
0	0
0	0
0	0
0	0
0	312
10	320
1	278
0	309
0	39
0	74
0	21
0	27
0	10
0	0
0	0
0	0
0	0
0	0
0	0
0	0
0	0
3082	164
5	164
3	163
0	369
4	184
2	259
1	123
1	276
1	30
1	41
8	0
0	0
0	0
0	0
2	0
0	462
0	285
5	605
22	1154
144	16
0	387
0	78
1	251
192	28
2	76
59	376
0	115
12	233
102	53
24	584
1	327
1	6
0	1
0	5
0	4
0	4
0	3
0	63
0	59
1	60
0	4
0	21
395	0
0	40
0	40
0	0
0	0
0	0
1	110
2	109
2	14
0	0
0	0
0	0
0	0
0	0
0	17
0	54
0	55
0	39
0	30
2	15
0	1
0	0
0	0
0	0
14	4
0	4
2	4
490	529
3	273
6	344
0	342
0	183
47	0
0	0
0	0
0	0
13	914
0	913
1	56
0	23
3385	625
0	232
2	27
0	221
4	104
0	12
0	0
0	12
0	12
1	3
0	0
0	0
0	2
0	4
0	4
0	2
0	1
0	0
0	1
0	0
0	0
0	0
0	1
314	166
0	69
1	129
0	32
7	39
19	62
4	94
1	4
3	20
2	8
5	2
0	32
5	0
0	0
0	0
0	0
0	0
0	0
0	0
0	0
0	0
0	0
0	0
0	0
0	12
0	12
0	13
0	13
0	0
0	1
0	0
0	0
0	0
4	16
0	13
0	11
0	3
0	10
0	6
0	10
0	12
0	3
1	268
55	268
0	17
0	15
0	15
0	0
0	0
0	0
0	0
0	0
5	491
2	0
1521	2022
0	1945
22	1598
2	1224
0	1223
0	185
39	255
251	59
0	257
6	170
0	134
78	29
7	519
16	516
1	480
0	411
5	59
1	58
0	129
1	1302
1	1389
0	239
0	852
0	425
4	322
3	322
0	208
7	179
0	41
0	1356
0	0
85	20
8	20
0	18
2	15
0	8
0	7
0	6
0	1
4	0
0	0
0	0
0	0
0	0
0	0
1	2
0	3
0	4
4	1
2	6
0	0
0	0
0	76
1	2
3	76
2	74
6	3
9	321
0	351
0	98
4	40
0	53
1	101
48	2
2	2
117	319
1	60
2	280
0	62
8	30
0	0
1	121
19	59
9	25
0	34
0	34
0	2508
9	2499
41	2402
4	6
1	309
1385	267
20	267
0	3
0	3
0	1
0	3
0	2
0	2
0	0
0	3
271	455
761	470
0	15
17	0
0	0
0	0
0	63
0	1
0	62
2	86
0	497
4	387
2	212
1	180
229	0
2	27
0	11
0	4
0	0
0	0
0	0
0	0
0	0
0	0
137	143
0	107
3	107
0	17
0	16
0	135
0	98
5	10
3	40
8	29
0	2
0	15
0	0
0	0
12	459
6	114
0	261
12	350
0	447
0	104
24	366
1	553
3	36
0	19
0	36
0	0
0	0
0	0
0	0
0	0
0	0
0	0
0	0
0	0
0	0
0	0
0	0
0	0
0	88
53	214
0	221
0	34
0	42
0	93
0	114
51	115
0	52
0	108
46	898
0	799
0	222
0	241
0	265
3	67
2	133
2	49
6	176
1	106
1	74
0	381
0	61
0	381
16	128
0	117
0	0
0	0
0	0
0	0
0	0
0	0
0	0
0	0
0	0
0	0
0	0
0	0
0	0
0	0
0	0
0	0
2	107270
1	35
5	47
0	46
0	26
0	0
26	7
0	0
0	0
0	0
0	0
0	0
0	0
0	0
0	0
0	0
0	0
5	0
0	0
0	0
0	0
0	0
3	0
0	2
0	0
0	0
0	0
0	0
0	0
0	0
0	0
0	0
0	45
0	43
1	28
0	37
0	15
5	40
0	43
0	26
2	17
0	10
0	15
0	7
0	5
0	5
0	41
0	40
0	43
0	42
0	1
0	0
0	1
0	1
0	0
0	0
0	0
9	17
0	17
0	0
0	0
0	0
297	0
0	0
0	0
0	0
0	0
0	0
0	0
0	0
0	0
0	0
0	0
0	0
0	0
1	0
0	0
2	11
43	101
0	43
1	53
0	54
34	1240
0	1093
0	1097
1	1094
10	43
19	0
0	194
2	0
0	60
0	27
0	17
0	58
0	61
0	25
0	61
0	60
0	11
0	33
0	2
0	0
1	10
0	10
0	2
0	0
1	0
18	290
0	292
0	253
67	124
0	5
4	90
5	17
1	57
369	203
3	0
1	0
0	0
0	0
0	0
0	0
0	0
0	0
0	0
0	0
0	0
0	0
0	170
3	165
10	15
9	2
0	43
10	45
0	13
0	14
2	2
4	368
0	386
12	686
0	593
0	75
1	1
0	1
0	0
0	1
112	1214
2	197
17	344
8	22
6	241
41	63
78	311
9	250
2	216
0	209
0	68
279	293
0	9
8	60
6	143
0	142
9	132
0	208
0	180
0	138
1	184
3	0
3	5
0	5
0	0
0	0
0	0
0	0
0	0
0	0
0	0
0	0
0	0
0	0
65	1083
28	987
4	393
9	236
0	229
0	33
0	22
0	23
0	0
0	27
48	39
2	31
0	39
0	102
0	99
0	101
7	2
2	88
1	4
0	17
0	12
0	4
1	2
0	51
7	46
0	0
0	0
0	621
88	583
0	606
0	417
3	497
0	234
0	0
0	0
0	339
0	329
2	327
14	321
0	155
0	329
2	134
0	134
246	278
2	278
0	135
2	18
5	13
0	0
0	0
0	0
0	0
0	0
0	0
0	0
0	0
0	0
0	0
0	0
0	0
0	0
0	0
0	0
0	0
0	0
0	0
0	0
88	407
0	310
0	313
16	133
1	290
1	385
1	102
0	151
0	120
0	0
0	0
0	0
0	0
3	98
10	25
9	93
0	11
0	84
3	0
0	0
0	0
0	0
0	0
0	0
0	0
18	25
0	22
1	4
0	21
1	18
0	20
1	7
4	10
0	0
3	131
4	201
3	461
4	338
12	454
1	89
0	85
2	103
1	88
1	71
0	35
2	12
0	460
0	0
0	0
0	0
0	0
0	0
0	573
0	99
0	0
0	0
210	48
0	31
3	17
12	1
0	1
0	0
0	0
0	0
0	0
0	0
0	0
0	0
0	0
0	569
0	95
0	1
0	1
0	1
0	0
3	1107
0	1102
0	240
1	111
0	1166
10	60
2	367
4	301
0	0
413	94
0	58
2	22
22	9
4	6
0	13
1635	60
0	57
0	51
0	16
0	0
0	0
0	416
1	411
0	411
0	105
0	25
0	0
0	0
0	0
65	12
0	2
0	5
6	7
3	3
6	4
0	0
0	237
3	198
5	70
6	109
13	14
0	42
6	22
0	0
0	0
0	0
691	254
0	192
0	110
37	63
0	83
0	0
0	0
0	0
0	0
0	1
0	1
0	0
0	0
0	0
0	286
0	275
0	247
30	55
51	111
0	25
17	0
0	86
0	18
0	0
0	0
0	0
0	0
0	0
0	0
0	0
0	169
147	732
13	92
0	260
65	543
1	10
0	158
7	56
0	80
0	0
0	0
0	0
0	0
0	0
0	0
0	0
843	200
8	0
5	200
10	89
19	578
0	933
0	955
7	659
2	220
0	0
0	0
0	0
0	0
0	0
0	0
0	0
0	0
0	0
109	455
0	62
16	392
0	99
0	38
2	11
16	2
0	0
0	440
0	524
0	400
1	428
0	513
0	338
0	446
11	133
0	147
0	76
0	65
0	23
0	27
3	21
72	0
0	0
0	0
0	0
0	0
0	0
0	0
0	0
0	0
0	0
227	1757
0	1330
6	467
0	22
128	238
26	377
102	0
0	10
0	0
0	2
6	50
0	11
0	11
0	48
0	10
0	50
0	11
0	2
0	9
1	4
1553	34
0	0
0	0
0	0
0	0
0	0
0	0
0	0
0	0
0	0
0	0
0	0
0	0
0	0
0	1
0	1
0	1
0	1
0	0
0	0
0	10
0	10
0	1
0	1
48	0
0	58
0	56
0	61
0	0
1350	921
3	374
0	476
1	87
0	299
13	214
4	111
3	0
0	0
0	9
1	56
0	53
11	1
0	17
5	0
4	7
0	0
17	21
0	21
431	349
0	388
98	272
0	0
0	0
0	0
0	0
0	0
153	68
1	68
10	19
0	27
0	22
98	88
2	19
0	1
0	0
0	1
0	1
0	1
0	1
0	445
6	9
0	9
4	279
6	34
0	3
0	159
38	76
15	122
0	137
0	260
26	89
0	62
0	68
0	102
0	7
1	34
21	14
4	28
2	26
1	41
3	48
0	0
1	223
2	224
1	453
0	330
0	428
0	27
129	417
0	257
0	0
2	0
0	145
0	34
3	31
0	1837
2	1345
0	1709
330	1951
123	7
2	320
7	866
0	507
0	683
7	501
13	464
3	418
3	186
0	105
0	20
0	8
0	1
16	0
25	64
0	4
6	5
3	51
1	20
0	633
5	17
7	613
0	219
48	652
0	642
0	605
0	204
46	241
6	93
0	102
0	0
0	251
0	243
0	156
4	114
8	63
13	0
0	117
5	74
0	112
0	51
1	33
1	21
0	10
0	9
0	16
0	7
0	4
0	9
0	222
1	202
0	199
0	96
0	166
0	207
0	194
0	139
0	163
7	73
0	107
0	159
0	6
0	37
0	108
4	40
0	0
2	1
0	0
0	1
0	1
0	0
0	0
0	1
0	1
0	1
0	0
0	0
30	141
5	141
11	1057
20	1000
0	981
0	932
0	996
3	1020
0	1008
1	222
0	264
0	0
23	183
0	171
0	429
0	200
85	576
15	376
0	234
3	133
235	553
3	400
1	335
1	0
0	0
0	0
0	0
6	5
0	0
0	0
0	0
0	0
0	0
0	0
0	0
0	0
0	177
1749	378
22	0
0	109
0	329
0	0
0	0
0	0
190	685
13	397
4	2
0	2
0	2
0	0
0	1
0	1
0	0
0	2
2	74
0	74
0	76
1	37
0	0
0	0
0	0
0	0
140	0
19	763
20	499
0	0
0	739
3	609
5	361
0	0
0	0
0	0
0	0
0	0
0	0
0	0
0	0
0	0
0	167
0	174
2	57
0	40
2	3
0	0
0	0
0	0
0	0
0	3
0	3
0	3
0	0
0	0
0	0
0	0
0	0
0	228
0	169
0	230
0	11
4	67
0	51
0	14
0	4
0	4
0	0
40	439
0	192
1	288
1	103
2	294
1	221
0	239
0	80
0	13
2	13
221	54
0	42
10	22
0	136
0	210
173	217
2	152
1	129
0	91
0	0
0	0
0	0
0	0
0	0
0	0
0	0
0	0
0	411
4	697
255	713
8	638
19	60
0	9
0	9
0	1
0	0
0	1
0	0
0	1
0	0
0	0
0	9
0	0
0	0
0	0
0	363
0	0
0	0
0	0
0	0
0	0
0	0
0	0
0	0
0	0
0	0
0	0
0	0
0	0
0	0
0	0
0	0
0	0
0	0
0	0
0	0
0	0
0	0
0	0
0	0
0	0
0	0
0	0
0	0
0	0
0	0
0	0
3	1
0	1
37	6
3	3
2	3
0	2
0	0
0	0
1	0
0	0
0	0
1031	553
0	450
3	29
0	5
573	1
227	319
1	319
0	8
0	269
0	223
0	268
3	247
0	268
0	26
0	108
1	67
0	210
0	114
0	25
0	77
0	34
0	97
0	52
4	22
0	36
2	40
0	114
9	97
0	114
1	114
0	104
0	102
0	98
0	86
0	109
0	0
0	0
0	12
0	2
0	292
0	228
2	209
0	88
35	0
0	86
288	1820
5	99
68	1787
0	1858
0	19
0	113
1	0
1	1030
0	0
0	0
0	0
0	0
0	0
0	0
0	0
0	0
28	0
2	378
5	0
0	378
0	0
0	0
0	0
0	0
0	0
0	0
0	0
66	1175
0	0
0	0
0	0
0	0
0	0
0	0
0	0
0	0
0	244
0	82
0	0
0	0
22	0
14	0
1	0
0	0
0	0
0	0
0	0
0	0
0	0
0	0
0	0
0	0
0	78
0	255
4	233
6	170
0	185
5	191
5	35
915	253
11	127
8	126
1120	0
39	162
0	183
0	148
3	148
3	55
0	0
0	0
376	176
10	42
1	151
1	1
0	10
0	10
0	3174
1	14
2	3142
35	3174
0	3065
1	215
1	2018
10	219
8	12
0	83
0	181
4	408
3	220
11	119
0	177
6	151
37	17
1	10
1	17
0	9
0	7
2	3
3	0
0	0
808	447
0	91
0	190
0	174
0	114
0	7
0	1
0	1
0	0
0	0
0	1
0	0
142	0
26	471
0	299
12	219
66	15
1	15
0	5
1	5
0	2
0	0
0	0
0	0
0	615
3	770
22	167
150	581
86	53
1	68
2	697
32	232
7	0
0	0
0	0
0	0
0	0
0	0
0	0
0	2
0	43
3	234
1	30
0	82
0	176
0	59
0	45
33	70
0	20
0	89
0	18
3	13
0	0
34	48
0	28
1	18
0	16
0	14
12	0
8	4
0	4
0	0
0	3
858	0
0	0
0	0
0	0
0	0
10	10
23	1098
0	290
1	1044
10	110
0	110
0	21
2	24
0	0
0	0
0	0
0	0
0	0
0	0
0	24
195	198
0	36
4	162
0	31
0	13
1	2
2	1
0	0
0	31
19	1150
0	1140
1	1146
0	1074
103	783
8	312
12	543
0	1150
4	167
0	18
23	167
0	31
0	120
0	47
0	33
0	81
0	86
0	54
2	13
0	4
4	10
39	13
0	2
0	2
0	2
0	0
0	0
12	204
797	204
0	5
0	8
0	4
0	0
0	0
0	0
0	0
0	0
0	0
0	0
1	0
0	190
3	10
0	30
0	11
0	190
12	149
6	53
1	43
18	15
0	15
0	318
1	318
0	79
0	167
0	119
1	115
0	90
4	74
0	73
0	54
3	20
0	18
0	2
0	0
4	2
0	318
0	319
1	246
2	396
0	482
2	145
3	202
9	214
0	83
26	41
1	4
0	263
5	113
0	50
43	19
0	12
1	258
3	72
0	148
3	98
0	148
0	0
58	277
8	54
21	223
0	116
3	73
0	0
0	0
0	0
0	0
0	0
0	0
0	0
0	0
0	0
0	0
0	0
0	0
0	3
0	1
0	2
0	0
0	620
6	287
0	183
3	111
3	40
0	94
0	82
0	50
0	620
4	204
18	94
0	15
0	23
10	0
6	80
6	28
1	40
3	7
4	871
8	871
0	2
1	95
0	64
0	0
0	0
0	0
0	0
0	8
18	6
32	506
6	506
5	52
22	40
1	39
0	0
0	0
0	0
0	0
2	59
0	49
0	48
0	28
0	42
2	27
0	0
0	24
4	31
1	24
2	24
0	15
0	2
0	48
1	95
8	133
3	109
0	8
1	122
0	0
1	0
0	0
0	0
0	0
0	0
0	0
0	0
22	50
0	0
0	8
0	8
0	25
0	1
2	52
2	6
0	0
2	370
1	1
25	370
19	14
0	14
0	0
0	0
0	0
0	0
0	0
0	0
0	0
0	0
0	0
0	0
0	0
5	0
0	0
0	0
0	0
0	0
0	0
0	0
0	0
0	0
0	0
0	0
0	0
0	0
0	0
0	0
878	0
353	1168
0	78
1	517
3	603
0	422
1	604
6	536
11	222
0	323
5	558
0	0
63	9
3	0
4	4
0	5
5	2207
25	626
2	104
6	115
0	131
5	166
1	124
0	2207
0	1369
0	104
163	934
0	351
0	1301
0	1348
0	1310
0	435
0	1133
2	202
0	1246
0	751
0	137
0	871
0	1176
0	840
9	65
0	707
0	0
0	0
0	0
0	0
31	497
2	62
0	458
1	43
0	45
9	364
11	8
0	11
1	66
3	23
19	366
3	366
4	64
0	55
0	2
0	37
0	2
2	3
3	34
1	156
0	41
1	1
0	1
0	0
0	0
0	0
1	0
3	0
0	0
0	23
0	22
0	22
0	2
0	0
0	0
107	106
0	106
0	0
0	19
0	0
0	0
0	0
0	0
0	0
0	0
0	0
0	0
0	0
0	0
0	4
0	0
0	0
0	0
3	0
85	8
6	10
1	2
0	0
3	0
0	0
76	24
4	10
3	3
0	11
0	11
1	11
0	0
0	0
0	0
0	0
0	24
26	2167
9	2168
4	51
1	1253
4	52
2	21
0	118
2	91
69	82
4	0
0	0
0	0
0	2
0	2
0	2
0	2
0	0
0	0
0	0
56	266
2	259
0	140
3	395
0	228
0	193
0	131
94	0
0	391
6	1
0	0
0	1
0	0
0	0
0	0
0	0
0	0
0	0
0	0
0	32
0	182
0	207
0	167
0	208
0	204
0	216
2	157
0	69
1	5
17	82
0	23
1	0
0	21
10	663
1	635
3	0
62	2
0	431
0	634
10	209
5	98
0	98
0	34
0	34
0	21
7	1117
0	125
0	996
44	252
7	138
5	31
12	98
1	15
0	15
0	13
0	12
0	11
1	1
0	4
152	0
104	18
0	18
0	0
0	1871
0	1851
8	1412
8	1139
54	114
217	1848
0	117
24	118
0	71
3	66
0	117
0	117
12	10
0	10
0	1
43	423
0	127
0	27
0	60
0	57
58	21
0	17
17	12
2	30
36	423
0	0
0	0
0	0
0	0
0	33
36	1932
6	1427
35	1915
8	0
0	89
0	81
0	122
0	25
18	14
3	105
1	0
0	0
0	0
0	0
0	60
0	49
0	43
2	0
0	60
0	17
505	149
0	51
2	9
0	89
0	0
0	0
0	0
0	0
0	0
0	0
0	0
0	0
0	0
0	0
0	0
0	0
84	0
26	18
0	18
0	21
0	25
0	20
0	0
0	0
0	0
31	5648
0	5648
74	5299
0	5645
2	5184
1	478
22	948
0	0
0	0
0	0
0	0
0	0
0	0
0	135
5	135
0	0
0	0
0	0
0	0
0	0
0	0
0	0
0	0
0	0
2	74
3	76
0	72
3	24
0	22
0	15
0	44
0	43
1	46
0	46
1	40
1	18
34	0
0	72
0	0
0	99
4	19
25	98
0	57
0	3
0	0
0	0
0	0
0	0
0	0
7	143
0	71
0	0
0	0
1	14
1	13
6	16
4	2
0	3
0	0
0	0
0	0
0	0
0	183
2	153
0	88
3	163
0	0
0	0
0	0
0	0
0	0
0	0
0	0
0	0
0	0
0	0
0	0
1	5
0	5
0	0
0	0
0	3
0	3
6	991
31	991
1	791
0	776
0	995
0	454
1	270
9	58
0	0
63	313
9	313
9	276
0	16
22	4
0	20
56	92
0	59
0	38
0	63
1	60
0	18
0	18
0	18
0	15
0	75
0	69
22	6
0	4
0	7
0	6
0	21
0	6
0	61
0	8
0	65
32	71
0	6
0	1
0	0
0	0
0	0
0	1
0	1
9	1
0	0
0	0
0	0
0	0
0	0
0	0
0	0
0	0
0	0
0	0
0	0
5916	4354
0	4354
2	1018
2703	89
15	295
16	17
4	28
19	39
8	295
2	0
2	323
5	321
0	321
0	323
0	190
0	0
0	0
0	0
0	1024
42	1024
13	22
2	129
0	0
0	1
21	5
0	4
0	4
0	0
0	1
1	1
22	427
20	137
8	48
0	461
0	147
9	29
0	23
7	22
17	10
1	12
0	9
0	0
0	1400
1	114
11	977
1	1021
0	429
17	115
0	1245
0	0
0	0
0	0
0	0
0	0
0	0
0	0
1	3
0	0
0	1
0	3
0	2
3	2
0	2
0	1
0	2
0	0
0	0
0	0
0	0
0	0
0	0
46	114
0	19
1	50
1	1
0	53
3	21
3	274
1319	10364
6	1801
13	1688
2	943
0	10326
42	29
12	29
1	12
1	30
0	242
2	327
1	327
0	3
0	49
4	52
0	330
6	0
0	0
11	0
44	445
10	520
498	1079
1	24
1	48
3	591
0	283
48	176
0	674
0	140
19	958
20	882
0	100
2	287
0	24
31	173
0	21
0	52
0	16
1	1
0	0
0	2
0	1
0	1
0	0
0	0
3	22
0	4
2	21
0	0
2	2
0	0
0	0
60	80
2	80
12	1
5	8
290	5742
0	11546
60	13664
0	6396
0	5416
15	1415
179	283
4	283
1	0
9	0
6	0
0	0
0	0
0	21
2	21
0	24
8	9
2	9
4	15
403	0
10	13
0	13
0	0
0	11
0	1
0	3
0	0
0	1
0	2
0	0
0	5
0	9
0	3
0	1
0	3
0	3
0	3
0	0
0	0
0	53
0	53
0	53
1089	291
11	85
2	80
58	126
0	0
0	0
0	0
75	2216
1	2180
24	36
0	159
12	202
6	170
5	387
0	0
0	0
0	0
0	0
0	0
0	0
0	0
0	0
4	520
0	520
0	0
0	0
0	0
0	0
0	0
0	2
0	81
1	81
0	2
0	74
0	6
0	19
214	32
1	15
0	17
392	192
0	71
0	143
0	82
0	0
0	0
0	0
0	0
0	0
0	0
0	0
0	0
0	0
0	0
0	0
0	0
0	0
86	98
0	44
1	28
41	383
0	383
0	364
2	112
0	110
0	32
0	20
0	42
0	32
0	32
0	90
0	53
0	0
0	0
0	0
0	0
0	0
0	0
0	0
0	0
0	0
0	0
0	0
0	0
0	0
0	0
0	211
0	107
0	78
1	124
0	176
0	17
5	1
19	81
20	3
0	178
0	0
0	0
0	0
0	0
0	0
124	1229
1	1182
0	93
8	80
23	56
1	493
9	583
0	23
0	6
0	6
0	0
3	25
3	685
0	722
553	722
0	414
0	177
0	179
0	45
1	20
0	125
0	8
0	168
0	168
0	161
0	63
0	46
0	62
0	12
0	23
0	4
0	23
0	9
0	0
0	0
0	0
0	0
28	279
0	50
0	40
3	12
0	11
0	198
0	25
2	31
0	216
3	19
0	216
0	216
0	216
0	2985
0	1957
0	1981
0	636
0	426
0	253
2	640
1	351
0	310
12	115
0	3010
0	2982
0	150
0	3084
0	2589
0	2098
0	87
20	87
4	20
28	1108
394	1335
0	739
196	13
1	102
0	26
4	146
5	18
6	128
3	104
9	99
0	0
0	0
0	0
0	0
0	0
0	0
0	0
0	0
0	216
19	5
0	10
0	0
0	0
0	0
0	0
0	0
0	0
0	0
0	0
0	0
0	0
0	0
2	1
0	0
105	92
0	226
43	220
0	44
0	0
4	25
7	10
0	1
50	11
0	0
8	4
0	4
0	0
0	0
0	0
0	0
0	0
648	0
0	1
0	527
0	58
0	58
0	13
0	520
0	550
4	503
6	0
0	342
0	53
4	72
0	126
0	295
0	103
5	56
0	0
0	0
0	0
0	0
0	0
0	0
890	2822
4	2772
300	299
112	533
8	4
0	21
0	18
0	21
0	1
0	21
0	6
0	14
0	0
0	0
0	27
0	19
2	27
0	0
0	0
0	0
0	0
0	0
0	0
0	0
0	459
0	459
0	73
0	22
0	0
3	21
0	20
0	0
0	458
72	72
0	72
1	157
2	165
0	155
0	44
2	38
1	14
0	51
1	61
0	0
1054	1712
0	1711
13	1308
74	257
0	0
1930	0
0	0
0	0
0	0
0	0
5	40
132	268
0	294
11	163
0	1
0	55
0	51
0	55
0	51
0	51
0	18
0	18
0	1
11	1
0	55
0	0
0	1
0	0
0	0
0	0
0	0
0	0
0	0
0	0
3	6
0	130
687	130
212	105
0	130
0	0
0	0
0	0
0	0
0	0
0	0
0	4910
0	90
2	4888
0	4
0	4
0	0
0	0
0	0
0	0
0	0
1	1
0	1
0	1
0	0
0	0
0	0
0	0
51	1060
11	505
115	140
0	84
0	50
13	347
8	541
12	320
2	131
1	81
0	20
0	42
1	0
179	12183
16	12036
0	11958
15	11946
4	2675
57	589
0	12179
0	12
4	12
1	29
0	32
0	245
120	252
3	15
0	0
2	0
0	23
4	7
4	11
4	3
0	0
181	264
0	211
1	207
0	82
0	0
593	129
0	19
0	20
1	64
0	10
0	62
0	101
8	101
2	3
0	0
0	0
0	0
0	0
0	0
0	0
0	2
0	2
0	1
0	0
0	0
0	0
0	0
0	0
0	0
0	0
0	0
0	0
0	18
0	18
0	3
0	2
0	2
0	2
0	2
0	0
0	0
0	0
22	182
0	49
0	54
0	168
0	102
0	64
11	25
0	49
0	49
16	24
3	2
0	2
0	0
0	0
0	0
0	1305
0	57
6	1196
10	945
2	55
0	349
7	142
15	96
2	67
0	1238
3	156
3	321
0	221
0	0
0	0
0	0
0	0
0	0
0	0
0	0
0	2
0	1
0	2
0	0
0	12
277	268
33	268
2	195
1	18
6	123
17	100
0	24
0	33
0	1
0	1
0	0
0	0
0	0
0	0
0	0
0	0
0	0
0	0
0	0
0	0
22	599
8	127
0	114
0	605
46	965
2	901
1	865
10	746
6	768
0	151
4	88
0	70
0	59
0	84
0	4771
0	40
1	218
0	16
4	78
120	1088
56	84
18	4771
278	149
0	42
1	11
2	15
3	44
13	21
0	25
1	27
0	20
2	6
8	0
2	0
14	0
0	6
0	37
0	1225
0	1156
2	134
186	43
0	1081
0	1150
0	26
0	26
0	26
0	26
0	6
0	4
0	0
0	1
0	1
0	1
0	0
0	0
1	0
0	0
0	0
0	0
0	0
0	0
0	0
0	0
0	0
51	16
2	2
6	14
0	3
16	36
3	52
4	27
6	27
115	19
0	7
5	0
0	8
0	4
7	0
2	177
0	0
0	760
0	618
23	565
0	219
12	88
26	36
111	10
0	0
0	0
0	8
0	219
0	44
0	5
0	5
0	5
1	7
2	9
1	164
0	233
0	0
0	0
0	77
25	252
8	4
0	16
0	171
319	285
0	213
0	13
0	132
0	79
0	204
98	2671
27	2728
6	2734
0	2763
0	534
0	416
20	175
0	155
0	163
5	128
15	6
0	1
18	0
0	13
22	11
4	4
1	15
0	22
1	383
0	55
0	368
0	141
0	2
0	12
0	11
0	129
0	1
0	22
0	20
0	13
0	22
0	13
0	211
207	260
1	30
21	238
0	0
4	0
2	145
0	0
0	42
12	42
67	361
49	361
36	6
0	0
0	0
0	0
285	1450
0	1284
69	332
26	127
6	166
73	2
1	290
143	188
1	161
0	89
0	0
0	0
0	15
0	1
0	6
0	14
0	5
136	105
5	36
0	88
0	57
0	54
0	23
0	0
0	0
0	0
0	0
0	0
0	0
0	826
13	143
38	761
0	47
12	757
0	0
139	347
0	342
5	125
1	13
6	56
0	45
13	22
1	0
0	0
0	0
0	0
0	0
0	123
1	127
0	107
514	55
0	55
0	0
0	0
0	0
0	0
0	0
2	215
0	9
3	214
0	45
4	0
0	0
0	0
0	0
0	0
0	0
0	0
0	0
0	0
0	0
0	0
1	482
0	69
9	75
3	0
0	482
14	124
1	127
0	126
0	125
0	121
2	15
0	4
0	77
4	78
1	2
0	8
0	61
2	53
2	23
0	25
0	0
0	0
228	702
36	534
0	176
26	104
33	168
0	98
302	211
0	211
39	366
16	362
0	102
0	0
0	0
26	1618
6	1539
0	243
0	1461
0	1492
0	1480
0	1481
0	1438
0	1502
0	1532
0	1555
0	1492
0	1481
0	1556
0	1401
0	1476
0	1400
0	1462
0	1419
0	1515
4	54
12	158
3	78
11	29
78	85
0	1618
215	1444
2	135
0	1311
56	82
55	0
11	42
2	500
25	0
0	0
0	0
0	0
0	0
0	0
0	0
0	0
0	0
0	0
0	0
0	0
0	0
0	0
0	0
0	0
121	108
0	8
5	69
1	38
0	39
0	0
0	0
0	0
107	278
11	78
0	132
7	32
0	118
0	84
0	12
3	24
2	14
0	80
1	723
707	1025
2	80
4	76
15	123
12	60
0	0
35	1160
66	1177
1	1700
0	556
1	15
13	32
0	743
0	757
7	64
0	752
0	141
0	0
0	41
0	0
0	0
9	907
0	719
3	946
1	810
3	412
5	377
0	588
0	330
0	105
3	0
16	63
2	70
0	70
2	70
0	54
0	70
151	145
0	165
1	75
48	78
0	17
0	0
0	0
0	0
0	0
0	0
68	426
5	0
4	37
48	37
0	9
15	8
0	3
0	7
0	0
0	1
28	420
0	0
0	0
0	0
107	371
0	315
0	13
0	17
0	48
0	49
2	139
0	15
0	13
1	32
83	150
0	13
0	3
6	0
66	0
2	0
7	954
45	1912
3	238
0	951
0	48
0	22
3	102
0	142
1	45
1	938
103	134
0	35
1	130
16	0
0	23
33	30
0	16
3	30
118	16
0	3
1	9
0	4
3	0
0	0
0	0
102	0
1539	1413
0	103
23	291
0	377
0	507
0	511
3	11
0	11
24	281
0	270
0	35
0	30
17	368
32	96
4	227
4	352
4	22
3	0
173	54
11	54
11	69
1	17
0	66
1	17
34	943
9	943
63	58
0	0
0	0
0	0
0	0
0	0
0	0
0	0
0	0
0	0
0	0
0	0
0	0
0	0
0	0
0	0
0	0
0	0
0	0
1	0
20	545
5	545
1	199
0	62
1	56
0	107
0	98
1	126
1	69
893	257
1	7
0	250
10	315
0	307
1	8
0	18
1	39
0	15
1	36
2	5726
1	1799
1	5048
0	5658
0	4827
0	4815
0	3259
1	4069
7	431
0	2097
8	1794
0	2025
0	1973
0	1854
0	1965
37	0
0	2
0	2
0	609
81	581
0	183
24	38
10	106
0	135
1	38
0	93
0	43
0	3
0	0
0	2
0	1
0	93
120	4328
0	3230
4	551
14	0
5	926
7	315
27	303
17	1950
3	225
0	143
0	17
2	0
1	26
0	14
0	14
0	23
0	11
0	18
0	12
0	5
0	143
0	0
0	0
13	544
7	450
6	290
0	543
4	20
0	9
0	133
0	84
0	2
4	2
0	1
0	1
0	0
0	0
0	0
0	0
0	0
3	0
0	130
4	130
0	36
3	17
0	0
0	0
1	93
273	216
0	35
0	21
0	8
0	219
0	0
0	0
0	0
0	0
2	13
4	13
0	0
0	944
0	947
0	963
2	734
0	379
0	328
0	407
0	407
0	426
0	401
0	420
3	420
3	11
0	66
5	37
6	7
16	7
8	3
0	420
0	401
3	896
337	1697
0	1
0	1
0	0
0	0
140	87
0	86
0	84
0	0
0	0
0	0
0	25
9	21
0	22
0	38
3	25
0	2
5	0
0	0
0	0
0	0
0	0
0	0
1485	844
0	844
17	306
0	4
0	348
18	4
0	17
5	28
0	75
2	0
0	348
0	0
0	0
0	0
0	0
0	0
0	0
0	0
0	0
0	0
0	0
0	0
6	27
0	110
0	299
57	265
0	1
6	15
0	424
0	422
24	5
10	7
0	42
12	197
0	199
0	0
0	5
0	33
0	10
0	417
0	42
1	42
0	9
0	405
15	3
7	0
0	45
0	55
0	40
0	0
0	0
0	0
0	0
0	0
231	693
0	706
0	77
0	39
5	42
5	58
0	66
33	13
0	0
0	0
0	0
0	0
0	0
0	0
0	0
0	0
0	0
0	0
0	0
0	0
0	0
0	0
0	0
0	0
0	138
0	24
5	92
0	136
0	140
0	0
0	0
0	0
0	0
0	0
19	119
1	116
0	3
0	119
142	0
0	0
5	1
0	0
0	0
0	1
0	0
0	0
0	0
2	2383
34	165
0	2347
0	157
104	50
85	461
0	1218
0	1089
0	1160
0	141
0	355
0	422
1	154
0	118
12	56
0	140
0	177
0	0
0	0
0	0
0	0
0	0
0	0
0	0
0	0
0	0
0	0
0	40
95	136
1	102
0	4
1	0
0	31
0	3
0	0
0	4
0	4
1	4
0	0
0	0
0	0
2	54
1	54
1	6
0	6
0	6
1	6
0	6
2	9
0	4
0	1
0	6
0	6
0	2
42	188
1	93
2	41
4	14
6	78
0	87
0	0
0	0
0	0
0	0
0	0
0	0
0	0
4	1
0	0
0	1
0	0
0	0
1	0
0	0
0	0
0	0
0	0
0	0
0	0
0	0
0	0
0	0
0	0
0	831
76	1060
3	747
0	971
0	515
2	324
45	462
2	86
0	262
0	140
1	58
60	2218
21	811
6	1141
0	942
45	1910
2	394
9	119
0	751
5	740
0	627
0	2211
1	7
9	11
0	68
0	65
1	28
0	222
19	219
1	50
3	217
0	13
0	7
2	30
1	24
2	26
1	13
1	8
0	31
0	38
0	0
0	0
13	69
516	217
5	142
25	76
15	13
21	14853
80	3789
0	7492
16	1494
0	4252
48	13513
17	1640
0	0
0	0
0	0
0	0
2	0
0	0
0	0
0	0
0	0
0	0
301	761
1	114
31	759
0	0
0	0
0	0
0	0
0	0
21	3920
0	3907
0	2800
0	2710
15	759
9	1473
0	1
0	1
0	1
0	1
0	1
0	0
0	0
0	0
0	0
0	0
0	0
65	5
1	5
89	125
0	126
0	0
0	70
3	55
5	16
2	50
5	155
2	1
1	154
0	0
0	0
0	0
0	0
0	0
1	416
0	404
0	472
12	12
0	145
0	68
0	4846
11	3342
0	3345
0	2456
0	835
24	769
5	368
0	351
147	129
3	4739
0	0
0	0
0	0
0	0
0	0
0	0
0	0
1	0
3	505
0	529
3	183
19	89
0	82
0	221
2	243
48	161
0	161
0	36
0	311
0	0
0	81
0	79
0	16
2	19
1	0
5	27
0	9
0	423
0	430
0	425
0	426
27	387
8	69
0	81
0	155
0	164
0	123
3	73
2	68
0	7
0	12
0	9
2	2
3	2
0	0
0	0
2	11
0	0
0	58
0	58
0	20
0	15
0	0
0	9
0	0
0	0
0	0
0	0
1	1
86	1
0	0
45	1182
0	1133
0	744
1	10
0	106
0	46
1	46
0	0
0	9
0	0
0	0
0	0
0	8
0	6
0	0
0	1
0	8
0	8
0	8
0	0
3	0
0	0
0	0
27	51
6	21
0	3
1	22
5	113
1	32
0	45
0	15
0	14
0	15
0	13
0	0
0	111
0	109
0	0
0	0
0	0
0	6
0	6
0	0
0	0
0	0
0	6
0	0
0	0
0	0
146	646
6	130
0	72
1	54
0	395
0	111
0	155
6	21
0	23
0	4
0	14
1	138
4	135
0	51
0	38
0	32
13	14
0	7
0	0
0	0
0	0
4	273
0	252
22	135
4	5
1	25
0	0
0	0
0	0
343	577
4	482
0	103
0	0
0	89
20	4
26	1
0	524
0	512
0	146
0	457
2	106
0	152
10	239
0	160
0	0
0	0
2	11
0	11
728	92
0	92
0	78
3	99
0	96
0	82
0	1
0	0
0	1
0	67
1	77
3	12
0	54
0	59
0	51
0	20
0	19
22	83
0	20
2	45
0	16
0	23
0	5
2	19
0	7
0	0
0	164
3	36
0	969
136	1180
0	70
0	89
5	125
7	56
4	150
0	1132
13	1078
13	107
0	107
0	736
8	60
7	502
5	150
0	63
0	149
0	151
0	79
5	123
0	44
0	13
0	0
2	0
148	191
43	0
0	11
0	31
0	28
5	191
0	0
0	0
0	0
0	0
0	0
0	0
0	207
8	516
0	0
12	473
3	71
1	0
0	0
0	0
0	0
0	0
0	0
0	0
22	61
0	61
0	1535
0	1498
8	1398
1	163
21	46
9	987
9	77
12	145
0	209
0	212
0	154
0	143
0	1501
0	3117
24	3082
0	61
8	58
8	99
3	48
56	180
17	667
5	647
0	74
1	2931
17	2008
60	1975
164	1808
83	15
0	3
0	14
0	0
0	0
1233	6077
0	5959
9	4053
0	4269
446	4126
317	1151
0	5482
0	3785
1	1263
765	151
0	599
3	561
9	596
5	100
14	37
10	182
0	74
6	229
39	227
2	81
0	115
57	12
0	45
14	15
0	87
38	54
0	12
0	45
7	1
0	45
5	117
1	71
5	89
0	41
4	22
0	22
0	3666
0	913
1	3
6	88
9	3682
0	3762
1	0
4	3853
38	50
0	3603
5	2436
0	500
0	411
0	328
3	621
6	7
50	85
0	166
29	0
0	0
1025	933
39	933
0	621
0	587
0	574
1	489
4	50
0	89
1	95
0	93
12	17
0	53
5	89
1	42
0	29
15	4050
0	1772
13	115
4	759
15	1576
21	101
4	90
1	291
0	0
10	399
0	399
1035	112
3	30
1	81
0	1
0	0
0	0
0	0
0	0
0	0
0	0
1	16
0	13
0	14
0	12
0	14
0	14
0	13
9	9
0	1
4	0
0	79
5	10
0	78
9	7
0	13
0	0
0	0
0	0
0	0
0	0
0	0
0	0
0	0
0	2
0	2
0	2
0	0
0	2
0	1
0	0
816	581
4	339
36	547
5	141
4	89
2	97
17	1430
0	1429
0	118
0	184
0	476
0	0
0	0
0	0
0	0
0	7
0	7
0	0
0	361
3	431
0	33
0	248
0	372
0	417
95	124
0	24
0	493
0	205
3	458
1	168
0	78
0	138
0	14
0	113
0	22
5	111
1	70
8	34
0	0
0	0
0	12
0	9
0	9
1	3
1	3
0	8
3	5
0	2
0	2
0	5
0	10
0	9
2	82
1	82
0	0
0	0
0	0
0	0
0	0
0	0
0	0
0	0
7	1
0	0
0	1
0	0
0	0
0	0
0	0
41	0
0	0
0	0
0	0
0	0
0	0
0	0
0	0
0	0
0	15
0	16
0	6
0	0
1	2
0	0
0	185
1	68
0	91
8	185
0	186
0	0
0	0
0	0
0	0
0	0
0	0
0	0
492	281
0	281
30	184
0	217
0	202
0	14
1925	9818
33	9818
4	716
0	0
0	108
6	28
9	45
36	108
3	13
0	9
0	5
3	4
0	2
0	2
0	0
0	0
153	439
0	445
17	469
0	462
0	486
0	136
0	412
0	66
1	355
0	40
0	112
39	86
0	43
0	61
2	48
9	85
0	90
0	54
0	22
0	13
0	476
3	0
0	0
0	0
0	0
0	0
0	0
0	0
0	0
55	1183
1	122
0	1183
0	319
6	7
9	405
0	167
6	168
1	173
0	168
0	43
3	23
2	14
0	6
3	22
27	18
1	18
0	0
3879	1442
96	1419
12	125
8	439
0	368
1	117
0	243
0	77
0	46
2	15
96	40
0	25
32	120
0	20
0	25
0	105
269	22
0	22
0	0
0	0
0	0
0	0
0	0
0	156
0	148
0	86
16	78
0	73
2	141
0	110
9	23
0	98
3	0
0	0
0	0
77	175
0	172
1	111
1	46
0	31
0	33
0	15
0	11
0	559
113	559
0	50
0	23
27	140
4	62
37	89
178	462
6	30
22	434
0	23
15	4
0	4
0	4
0	0
0	0
0	0
0	0
0	69
0	140
0	1
5	44
7	131
0	5
2	5
6	62
0	35
0	3
0	8
0	2
0	8
0	8
137	1072
0	1072
0	0
0	0
0	0
0	0
0	2960
3321	22560
0	0
0	0
0	252
24	228
2	219
0	27
0	2
4	36
0	96
0	92
0	1
0	99
0	69
2	86
1	43
1	18
0	26
1096	0
0	0
0	0
0	0
0	0
0	0
7	0
0	0
0	0
5	0
1	2168
0	2125
1	1083
0	983
6	902
0	769
1	607
5	412
1	170
0	125
57	2235
2074	783
3	517
20	339
0	230
6	209
1	43
0	70
18	693
0	24
0	92
1	692
0	90
2	129
7	160
0	142
1	126
0	0
0	0
0	0
0	0
0	0
0	5
0	7
0	7
17	230
0	196
0	136
24	6
0	17
2	28
0	23
4	6
0	0
42	223
1	223
0	1
0	1
0	1
0	0
0	1
0	1
0	0
0	0
0	1
0	1
0	1
0	1
0	1
0	360
1	9
4	54
110	331
12	352
0	135
1	95
0	64
0	67
1	74
0	0
0	0
0	0
0	0
51	74
0	73
0	63
0	62
0	66
0	14
0	6
0	0
0	0
0	0
0	0
0	0
0	0
0	0
0	0
1	0
0	0
0	30
7	30
10	71
2	37
0	37
2	32
0	16
0	0
0	0
0	21
0	3
0	18
0	7
0	1275
0	0
6	69
16	68
0	38
20	518
3	403
1	33
17	159
1	37
6	466
0	465
0	130
1	57
0	0
0	0
0	0
0	0
0	2
0	2
0	2
0	2
0	2
1	210
3	210
0	209
0	0
0	1
0	0
0	1
0	1
0	1
0	1
0	1
0	1
0	50
0	150
0	123
0	18
0	15
0	1
0	6
6	16
10	7
28	0
0	14
3	131
0	133
0	18
0	0
0	0
44	6842
0	8614
71	1130
1	8133
0	7776
0	1538
2	5716
0	2207
10	416
0	0
0	0
0	0
8	360
0	316
0	133
0	125
0	18
1	26
0	23
0	15
0	0
0	0
0	0
0	0
0	0
0	0
0	0
0	0
0	10
0	15
0	15
40	37
0	37
115	84
0	2
1	26
12	45
0	49
0	7
1	103
0	103
2	1
1	9
0	0
56	576
3	355
0	530
0	233
34	137
14	240
0	264
4	29
26	43
0	26
0	20
0	112
0	17
0	10
0	26
0	112
16	19
0	19
0	0
0	0
0	0
0	0
0	0
67	0
0	0
0	0
0	0
0	0
0	9
0	0
0	0
0	0
0	0
0	0
0	0
134	41
0	30
1	17
0	0
27	934
8	932
36	525
0	184
2	173
0	68
22	144
18	56
1	0
0	0
0	0
21	25
0	25
0	25
0	0
0	0
0	0
123	283
55	283
0	0
0	0
0	0
0	469
102	0
1	0
0	0
0	0
0	0
0	130
1	414
0	421
1	126
0	5
0	69
15	1
3	2
0	472
0	18
0	18
3	29
0	31
0	31
0	31
0	29
0	29
0	31
0	11
0	0
0	2
0	0
0	6
2	325
0	325
0	137
0	87
0	18
3	17
0	0
0	0
177	140
0	140
0	0
1	0
0	0
22	657
1	650
61	625
0	608
0	699
0	1280
0	1100
2	486
0	1016
0	812
4	605
0	363
4	263
3	371
12	117
1176	675
26	73
3	394
1	364
0	362
0	47
3	0
0	0
7	18
0	3
0	18
0	2
0	4
0	3
0	1
2	240
68	265
8	259
0	0
0	198
38	307
13	307
133	23
0	10
0	12
0	13
0	187
0	180
0	127
0	84
0	69
0	78
0	54
0	54
0	57
0	58
4	55
0	20
0	24
14	33
0	2
0	29
0	26
5	28
2	28
0	17
13	17
0	17
0	9
0	0
0	0
0	191
0	193
0	187
0	0
0	0
0	0
0	187
0	156
0	161
0	101
1	101
1	129
0	34
1	7
0	4
0	179
0	0
0	0
0	0
0	0
0	0
0	0
0	487
1	414
45	466
2	81
0	101
0	64
50	253
6	44
0	0
0	0
0	0
0	0
0	0
0	0
493	837
0	54
0	152
0	819
73	0
1	0
0	0
0	0
0	0
0	0
0	0
0	0
0	0
0	0
57	319
238	360
13	257
0	221
3	162
100	111
0	1056
3	1059
3	269
2	110
5	113
0	77
16	0
0	0
0	0
0	0
0	0
36	1244
1	1244
5	41
21	263
53	10
0	39
0	129
0	114
0	224
1	223
8	167
14	111
9	102
294	0
0	130
0	264
0	219
2	226
0	213
0	83
0	76
20	10
23	0
0	15
13	5
6	11
0	13
5	7
0	7
3	7
7	0
0	0
6	3
0	0
0	0
0	0
0	0
0	0
0	4
0	4
0	4
0	4
0	4
0	4
0	0
0	566
0	537
0	477
0	375
0	352
0	323
0	382
0	363
0	342
0	381
0	381
0	339
0	5
2	48
13	7
20	1672
0	27
4	1355
47	1666
0	5
0	5
0	4
0	1
0	2
0	0
24	106
80	936
22	742
2	774
0	0
7	3606
0	507
0	393
107	3606
0	613
2	627
0	222
14	83
0	53
0	8
0	24
1	6
0	24
0	61
1	33
2	4
0	46
13	8
0	208
189	0
0	0
0	0
0	0
0	0
0	0
0	0
0	0
0	0
5	0
0	734
1	725
1	17
0	43
0	84
4	712
1	713
0	0
2	60
0	517
0	9
0	50
0	22
1	13
3	5
6	4
16	69
0	109
0	25
12	258
0	0
0	735
0	0
0	0
0	0
0	0
0	0
0	0
0	0
0	0
0	6206
41	6728
4	5352
28	6426
0	0
0	0
0	0
1	0
0	0
898	191
28	22
2	108
3	169
0	0
1	158
0	269
4	269
1	0
0	85
0	253
0	251
2	310
0	298
1	289
0	307
9	193
0	308
0	38
0	163
0	68
0	64
277	1580
0	0
0	0
0	0
247	0
4	0
20	174
8	98
0	153
0	17
0	26
0	82
0	82
128	143
0	89
0	19
1	17
0	32
0	24
0	2
0	2
0	0
0	20
0	17
0	13
0	13
0	4
0	0
1	1
0	2
0	1
2	0
0	16
8	19
0	3
0	108
3	90
0	97
0	73
14	0
8	0
2	1605
53	548
10	731
0	1524
0	0
0	0
0	0
0	0
0	0
0	0
0	0
0	0
0	271
0	178
0	210
6	122
0	0
0	0
64	7767
15	7765
0	7778
0	1466
0	557
0	3817
0	3887
0	134
0	2905
0	823
2	550
0	7765
0	6792
7	7358
0	7790
0	0
0	0
2	377
0	373
0	372
1	38
0	193
0	40
0	74
0	56
0	66
0	28
5	134
24	99
0	17
1	58
0	42
2	32
1	19
0	0
0	4
0	4
0	3
0	3
0	4
0	1
0	1
0	1
0	1
1	5011
20	4570
0	1130
1	3348
2	4979
12	2222
3076	1245
34	1234
0	621
2	269
14	0
0	0
0	0
0	1
0	1
0	0
0	0
0	0
353	19
8	19
0	34
93	34
0	0
0	1
0	9
0	9
0	2
0	0
0	0
0	0
0	77
6	65
4	77
0	77
0	13
3	60
0	71
45	236
4	29
0	13
30	225
0	200
0	51
0	32
23	63
48	63
701	1419
1	158
19	452
0	399
1	364
0	0
0	0
0	0
0	0
0	0
0	0
0	0
0	0
0	0
0	0
0	0
18	38
24	232
9	228
0	61
0	74
0	3
157	77
0	13
9	4
4	2
0	0
0	0
1	0
0	0
0	0
28	1187
0	93
0	225
0	1068
5	209
68	1124
0	83
5	282
7	44
0	406
6	453
3	115
0	170
0	92
2	7
0	531
0	426
20	90
0	516
0	136
28	136
0	74
6	362
16	242
0	15
1	10
0	15
0	105
8	54
14	114
0	52
82	672
114	577
0	662
133	570
0	201
0	490
0	325
22	6
895	96
10	96
0	0
0	0
0	0
0	0
0	0
0	0
0	0
0	1
0	1
0	0
1	0
0	0
1	1
1	1
868	290
77	290
0	32
18	63
0	127
0	83
0	93
60	78
0	0
0	0
0	0
0	0
0	0
0	0
0	0
554	0
0	5
0	12
0	10
0	8
0	9
0	58
1	53
2	53
0	56
0	52
3	52
0	29
0	29
0	29
0	3
0	1
0	1
0	1
0	1
0	1
0	1
0	1
0	1
0	1
0	1
0	1
0	1
0	0
0	17
0	1
0	12
1	1
0	0
0	29
0	29
6	14
0	14
0	14
9	0
0	0
10	130
0	127
1	33
0	63
2	5
89	799
42	762
8	377
4	384
19	291
19	117
0	26
21	92
0	799
1293	187
9	187
0	77
0	53
0	77
118	317
1	277
0	227
7	123
0	54
2	21
3	643
0	644
0	625
1	48
111	356
0	850
0	0
0	0
0	0
0	0
13	197
18	197
0	2
0	241
0	257
0	288
0	288
0	288
0	300
0	231
0	113
0	38
0	38
5	62
0	65
1	14
0	3
1	0
15	1207
0	24
0	65
5	1095
0	957
0	112
0	842
6	804
0	1155
0	1163
0	29
3	58
0	744
0	124
8	76
1	70
0	86
0	296
0	1199
0	1212
0	55
0	0
0	0
0	0
0	1
0	0
0	0
0	1
0	0
0	0
0	0
0	0
4	1456
0	884
2	68
0	47
0	18
0	885
0	0
0	0
7	796
249	1155
0	1155
16	51
1	165
0	0
0	283
5	110
1	235
0	0
0	5
0	45
1	174
0	132
0	176
2	148
0	132
1	2
1	17
0	23
4	11
0	28
0	29
0	8
0	0
150	35
0	31
4	4
36	4
1	0
0	0
5	363
0	372
0	160
0	228
0	144
0	93
4	0
0	0
0	96
299	96
16	43
0	30
313	925
0	861
4	396
0	0
0	0
2	0
87	146
0	0
0	0
0	0
0	0
0	0
0	0
0	0
0	0
0	0
0	0
0	0
0	0
0	0
0	0
0	0
0	0
0	0
0	0
0	0
0	0
0	0
0	8
0	8
0	2
0	4
0	2
0	6
0	0
1	0
0	0
0	833
0	760
4	780
18	732
0	799
0	91
0	119
15	128
0	0
0	0
0	0
0	0
0	0
0	0
0	0
0	0
0	0
3	0
191	61
0	61
2	17
6	5
0	16
0	22
1	151
30	16
0	150
8	147
0	0
0	0
0	0
0	0
0	1
0	1
0	1
55	1066
3	1052
1	864
11	386
3	296
0	234
11	385
0	164
0	350
27	552
2	134
0	90
0	404
0	258
0	763
0	147
0	813
4	414
0	0
0	0
0	33
0	33
3	24
0	2
9	6
0	0
0	0
0	0
0	0
20	1943
5	1937
1	1680
0	740
14	341
9	3985
1	3858
0	3875
0	3892
0	3832
0	3836
0	3914
0	3809
0	3993
0	3966
0	4027
3	235
55	562
0	346
6	121
0	3902
0	25
1	25
0	0
0	0
0	0
0	0
0	0
0	0
0	1
0	7
0	7
7	24
2	86
2	36
0	93
0	282
3	210
1	99
1	5
0	306
0	0
0	0
0	0
0	0
0	0
3	1507
0	1591
0	1407
6	388
0	127
0	455
1	501
0	512
0	329
0	307
2	30
11	211
0	977
6	781
1	1863
185	343
26	95
0	521
3	603
0	1008
0	1827
0	0
1	0
0	0
0	0
0	0
21	1013
0	910
0	268
8	110
23	116
0	40
185	92
12	84
25	38
119	0
10	0
2	2
0	2
0	2
0	0
0	0
0	81
0	74
0	0
0	22
2	7
3	78
0	0
2	8
0	9
0	9
0	0
1	7
0	0
0	0
0	0
0	0
0	0
10	29
0	29
0	10
0	2
3	519
5	95
0	451
16	283
0	470
1	226
0	302
696	1609
0	0
0	0
0	0
0	0
0	184
8	167
2	712
0	553
0	228
0	139
99	194
0	115
12	100
14	958
880	124
2	124
0	0
10	39
6	29
432	68
198	225
0	225
3	41
1	14
30	37
2	11
1	11
312	204
1	194
0	199
0	176
0	157
29	36
4	126
78	17
0	170
0	175
20	899
0	306
31	17
4	42
1	277
2	25
0	42
3	88
0	87
48	252
0	0
0	0
0	0
17	937
2428	436
13	72
25	364
4	452
3	1341
68	186
0	85
1	6
4	71
0	53
0	27
5	29
0	29
18	39
0	5
0	10
3	2
0	2
0	2
0	2
0	0
1	21
0	10
0	2
0	21
34	25
0	24
0	3
0	20
0	20
0	20
0	20
0	20
0	20
0	20
0	3
30	0
0	0
0	67
814	67
2	913
44	10
0	750
45	887
27	426
0	567
0	222
0	41
13	99
0	75
0	4
0	0
0	4
0	2
0	4
0	4
0	405
0	114
0	104
0	144
13	275
2	17
0	17
1	0
0	0
0	0
0	0
0	0
0	0
1	0
0	0
0	0
0	0
0	0
0	0
0	0
0	0
0	0
313	0
194	120
0	120
2	105
0	0
0	0
0	0
0	0
0	0
0	0
0	0
1	0
0	0
0	5
0	5
0	0
0	0
0	0
0	5
0	5
6	84
0	84
0	0
0	0
0	0
0	0
0	0
0	3
0	3
0	0
0	0
0	0
1	270
0	9
1	283
0	100
735	0
34	0
24	14
0	14
0	0
0	0
0	0
0	0
0	0
0	0
0	0
0	0
0	0
0	2
0	0
0	0
0	2
0	0
0	0
0	0
0	0
37	474
0	527
0	437
0	264
1	392
0	91
4	63
0	65
0	153
0	388
0	41
0	2
0	2
0	407
0	403
13	19
0	1650
0	1775
0	794
0	450
1	347
0	337
2	144
141	112
0	105
0	107
12	23
0	12
0	9
0	0
0	0
0	0
0	0
0	0
0	0
383	688
48	528
7	160
219	12
0	0
0	0
0	0
0	0
0	0
0	0
0	45
0	24
86	94
0	78
1	0
0	667
0	0
0	0
1	0
104	0
0	0
0	0
0	0
0	0
0	0
0	0
0	0
0	0
0	13
4	13
0	0
0	2
0	3
0	0
0	1
0	1
0	1
0	1
0	0
0	0
0	0
0	0
0	0
0	0
0	0
17	19
0	173
0	119
0	178
0	116
2	164
0	10
0	62
1	0
0	327
0	0
2	81
2	159
21	98
7	342
30	28
4	75
2	1
116	131
0	1
0	124
0	6
6	21
0	8
0	15
0	9
0	0
0	0
235	33
0	30
19	32
0	13
0	3
0	0
0	3
0	3
0	3
0	0
0	359
0	525
23	163
0	13
0	508
0	88
11	359
15	228
0	28
1	58
55	149
274	457
0	284
1	0
2	38
0	222
0	38
22	101
0	59
0	89
0	6
1	13
1	79
0	15
0	0
0	0
0	0
80	155
0	155
0	148
0	21
0	33
0	7
0	4
0	0
0	0
0	0
60	134
0	115
0	0
0	19
0	0
0	0
0	0
0	0
0	132
0	83
0	47
0	0
0	0
0	0
0	0
0	0
0	0
0	0
0	0
451	610
1	305
0	305
0	0
0	0
1	0
0	0
44	548
4	548
0	0
1	271
0	268
191	82
7	26
7	42
0	268
0	99
0	65
0	47
33	199
0	269
0	0
0	0
0	0
0	0
0	0
0	0
1	679
0	656
0	648
0	321
0	323
0	116
9	77
0	13
6	19
21	708
0	0
674	164
4	135
0	0
1	29
0	38
3	36
0	35
3	5
8	668
1	0
0	0
0	0
0	0
0	0
0	0
0	0
0	0
0	0
0	0
0	0
0	0
0	9
0	7
0	0
0	0
0	0
0	0
0	0
12	463
0	74
292	461
0	363
3	23
0	23
0	16
0	12
0	0
0	0
0	0
1049	616
39	92
2	34
1	211
15	127
0	245
2	105
0	0
0	0
0	0
0	0
0	99
0	40
18	185
50	413
724	413
0	73
414	384
1	258
0	0
0	0
0	2
0	0
0	0
0	0
0	0
0	0
0	0
1	369
523	866
6	411
2	276
226	944
3	265
101	123
7	7
4	155
0	789
17	11
5	3
11	6
0	11
0	0
0	0
1	7
1	0
0	0
0	7
2	0
0	0
0	0
5	0
0	0
0	0
0	0
0	0
0	0
0	0
0	0
0	0
0	0
36	29
0	4
0	5
1	29
21	57
1	64
0	34
0	3
0	3
0	0
0	1
0	0
0	0
0	0
0	0
0	0
0	0
0	0
0	0
0	0
0	0
0	0
302	303
0	261
0	123
5	37
88	34
0	9
0	5
0	5
0	1
0	1
0	1
0	1
0	1
0	1
0	1
0	1
0	1
0	1
0	5
0	5
0	1922
13	1930
0	0
28	24
0	14
1	4
0	6
0	8
0	5
0	6
0	37
2	102
1	8
0	0
3	100
0	59
4	86
0	0
0	4
0	0
0	0
0	0
0	0
0	0
0	0
0	0
0	0
0	0
0	0
0	0
0	0
0	0
0	0
0	0
0	0
0	0
0	0
0	0
0	0
0	0
0	0
0	0
0	0
0	0
0	0
0	0
0	0
0	0
0	0
0	0
0	0
0	0
0	0
0	0
0	0
0	0
0	0
76	1
1	1
0	0
0	0
0	0
0	0
0	0
1	2
0	2
7	126
5	34
0	126
0	25
14	28
0	2
0	2
0	0
0	0
0	0
1	11
1	11
0	21
0	2
0	2
0	0
0	7
0	21
2	2
0	0
0	0
0	0
0	0
0	213
0	201
0	103
46	24
5	200
26	206
0	0
0	0
0	0
0	925
0	1334
0	1083
43	162
4	32
3	75
8	84
0	861
6	24
0	24
1	2313
22	2747
36	171
4	327
31	164
15	2586
0	0
20	2111
0	2231
0	2154
239	452
0	2636
0	2848
0	2724
103	546
0	593
36	98
0	860
432	1140
0	2366
28	0
460	0
0	115
35	105
2	34
0	3
4	58
0	8
0	35
0	31
0	31
6	0
0	105
0	115
98	187
2	180
0	123
0	69
0	74
3	29
1	365
196	373
0	39
0	0
11	538
0	509
0	561
7	142
12	45
2	0
0	149
0	65
1	343
5	343
0	0
2	0
4	0
131	245
0	11
0	231
0	25
0	20
10	3
0	15
0	14
102	8
10	8
13	248
0	248
1	220
0	4
1	32
0	0
0	424
0	394
0	0
0	403
0	33
2	416
0	19
2	25
0	32
0	348
0	20
1	235
4	366
0	69
0	59
0	22
0	1
0	20
0	31
1	409
0	25
0	15
0	14
0	183
1	7
0	17
0	394
0	2708
0	2695
0	2646
7	2
0	0
9	31
5	1
0	29
0	6
0	0
0	0
0	0
0	0
16	0
0	0
0	0
0	0
0	0
26	282
5	263
0	129
0	78
0	1655
0	140
0	156
1	132
0	103
0	147
0	39
0	43
50	226
72	241
0	62
26	157
33	93
0	0
0	0
0	0
0	0
40	625
14	609
83	201
0	599
0	458
11	539
0	72
22	147
7	43
69	40
28	27
67	10
49	1726
0	325
23	1897
0	1774
0	340
1	619
0	58
71	320
0	771
21	200
0	650
0	756
29	479
3	554
0	112
66	31
8	561
0	0
0	0
0	0
0	0
0	0
0	0
0	0
88	78
0	77
0	1
44	146
2	145
0	83
0	76
0	55
0	48
0	47
4	11
0	10
6	8
0	1174
0	0
0	0
0	0
0	0
0	0
0	0
0	0
0	0
0	0
0	0
0	0
0	0
0	0
0	0
2	289
0	261
0	23
4	0
1	61
0	22
244	0
24	170
111	319
31	131
0	240
1	213
2	29
0	41
2	8
1	106
0	9
0	13
2	18
0	40
0	54
2	30
0	24
1	14
3	16
0	32
0	0
0	0
0	0
0	0
0	0
511	658
14	77
57	3
9	481
1	199
6	93
1	0
0	46
4	0
68	9
14	134
0	0
0	0
0	0
0	0
0	1
0	0
0	0
0	0
0	0
0	0
0	0
0	0
0	0
0	0
0	0
0	0
0	0
0	1
0	1
0	0
0	0
0	0
0	0
0	0
0	0
88	984
0	976
0	968
0	965
0	953
0	929
0	779
0	817
2	83
0	46
0	47
0	122
1	58
6	66
0	24
1	19
0	938
0	975
0	968
0	0
0	0
79	13651
3	74
0	580
116	13651
154	0
20	0
2	0
0	0
14	274
0	229
1	106
0	0
0	0
0	0
0	0
0	0
0	0
0	0
0	0
0	194
0	260
0	238
0	245
0	74
0	49
0	245
0	0
0	0
0	0
0	0
0	0
0	0
0	0
0	0
0	0
0	0
0	0
597	0
6	2
1	0
172	462
0	462
4	73
2	0
15	49
56	70
0	82
821	646
3	646
0	340
0	0
45	669
0	669
0	0
0	0
0	102
1	102
85	32
0	33
20	0
4	17
2	17
0	18
0	0
0	3
8	15
9	357
9	150
2	307
0	339
79	553
4	320
743	717
3	185
2	707
1	175
15	0
2	185
2	204
0	47
0	2
0	2
0	2
0	1
1	600
0	642
0	626
0	625
0	67
0	623
0	238
0	600
0	590
0	39
3	647
0	628
0	624
0	41
0	608
0	574
0	493
0	181
90	91
0	149
0	22
5	118
0	0
0	0
0	96
0	109
0	14
1	793
0	811
23	266
12	98
8	335
0	90
0	584
0	11
0	780
0	42
0	342
0	383
0	1
0	26
0	45
4	27
0	584
24	1174
12	223
26	227
0	207
0	53
0	26
38	34
0	8
0	0
92	447
0	411
0	16
4	163
0	132
43	58
1	134
0	48
20	67
0	0
0	0
0	0
2	1655
0	164
0	167
0	161
0	61
2	88
0	70
9	62
0	51
2	40
0	2
5	11
12	7
4	260
3	48
0	207
0	17
3	26
4	23
5	11
6	35
0	111
7	16
1	0
0	0
2	0
0	0
0	0
0	0
0	0
0	0
0	0
0	0
0	0
0	0
8	265
0	266
0	200
0	170
1	60
9	42
5	37
0	16
0	0
0	0
0	0
0	0
3335	1576
52	0
0	1576
21	91
0	115
0	147
0	123
0	39
0	10
0	0
0	0
0	0
0	0
0	0
0	0
251	91
13	91
46	0
0	0
0	0
0	0
0	0
0	0
0	0
1	28
35	28
4	68
22	212
0	212
7	200
0	196
4	204
0	203
0	203
0	143
0	12
0	10
0	18
0	13
15	10
0	8
3	5
0	0
0	0
0	0
0	0
0	0
0	0
0	0
0	0
0	0
0	0
96	103
0	1382
4	59
0	79
0	253
0	1086
15	66
0	1493
0	179
42	62
0	977
16	150
14	834
2	74
17	726
0	711
0	856
0	567
0	386
0	324
0	221
0	250
0	223
0	306
0	235
0	106
2	167
0	148
0	0
0	0
0	0
0	0
0	0
0	0
0	0
0	0
0	0
0	0
0	0
6	439
0	73
10	378
0	55
0	209
0	147
0	430
0	17
0	31
0	0
1	150
0	439
0	0
0	0
0	0
0	0
0	0
0	0
0	1306
2	1379
4	338
0	105
0	1377
0	37
47	37
33	309
0	17
0	51
0	309
0	3
0	309
0	173
0	171
0	0
0	0
1169	334
1	69
0	61
3	205
0	966
54	353
0	547
222	1182
0	222
1	123
75	172
0	689
6	1113
0	493
0	494
0	308
0	113
5	79
0	120
0	82
96	19
8	508
0	65
326	500
0	2695
5	2684
0	840
490	797
0	752
45	145
0	0
0	0
0	3
0	3
0	3
0	0
0	0
1	0
0	1
0	1
0	0
376	105
0	72
5	33
0	0
132	459
6	144
0	160
20	206
21	187
19	144
3455	0
0	0
0	0
0	0
0	932
0	797
0	877
0	881
0	817
0	652
14	656
0	734
0	156
0	610
0	561
0	479
0	571
52	478
0	447
0	422
0	235
0	95
0	231
0	201
12	80
0	963
82	578
0	6
13	224
0	147
0	22
0	168
0	193
0	147
3	30
8	324
0	306
1	594
24	502
25	8
0	241
0	8
4	239
0	4
0	228
0	242
57	659
2297	659
0	7
0	0
1	0
0	0
0	0
0	0
0	1124
26	1126
0	323
0	1106
0	71
6	56
31	100
0	95
0	2
0	2
0	2
0	1
0	2
0	1
0	1
0	0
0	304
0	272
0	67
0	74
0	58
625	165
2	160
3	67
1	5
2	1
0	0
0	0
0	1
3	0
0	0
0	0
9	806
73	1246
35	851
21	248
0	16
0	22
0	6
0	22
0	21
0	13
0	0
0	0
1	6
0	21
0	1
0	1
0	1
0	1
0	1
0	1
0	0
0	0
0	0
0	0
0	0
0	0
0	0
0	0
77	12267
22	3663
0	3161
74	3365
0	6054
0	3281
0	0
0	0
0	0
0	0
0	0
0	6
196	238
0	238
402	198
2	198
15	20
20	371
0	365
1	359
8	356
5	60
2	21
17	36
1	86
0	58
0	22
5	24
2	15
0	0
0	0
0	0
6	19
0	0
0	19
0	0
0	2
0	1
0	7
563	231
0	231
0	0
0	0
0	0
0	0
0	0
14	223
0	202
4	65
0	122
2	121
1	121
0	8
0	25
0	112
0	171
0	0
0	0
0	0
0	0
0	0
0	0
0	0
0	0
0	0
0	0
0	0
0	0
0	0
0	0
0	0
5	4
0	4
51	55
0	12
0	9
1	142
0	149
6	149
1	13
0	94
1	93
0	63
0	828
19	772
7	629
1	105
1	296
0	186
0	11
0	10
0	0
0	0
0	0
0	0
0	0
21	3525
0	3506
0	2054
0	1716
1	1628
3	1589
0	528
0	300
0	803
0	305
0	271
4	98
21	142
1	98
0	77
0	37
1	12
1	0
0	0
1	0
13	94
18	85
0	37
5	14
0	4
6	5
0	0
0	4
0	4
7	278
2	272
0	272
0	186
1	129
2	127
0	18
0	282
0	0
0	15
1110	282
0	276
5	27
0	145
0	130
0	0
0	0
0	0
0	0
0	0
242	34
0	2
2	26
0	26
2	24
0	166
0	102
14	0
0	1
0	1
0	1
0	1
0	0
0	0
0	1
6	753
28	109
0	486
2	728
0	405
0	290
4	13
4	16
4	0
1	11
0	11
5	1
1	3
0	1
0	0
0	0
0	0
0	0
7	3366
0	3412
0	3031
0	3419
0	3611
221	3605
16	145
43	351
65	94
0	133
0	116
0	125
3	77
0	19
0	16
1	30
0	27
3	128
0	1315
0	659
0	621
4	6
0	785
0	826
0	811
0	859
0	758
3	812
0	806
0	776
0	770
0	1273
0	806
0	815
0	871
0	788
0	836
0	784
5	55
0	40
38	60
117	22
22	20
0	0
0	0
0	0
0	0
0	0
0	0
0	0
0	0
1	0
0	0
0	5
0	5
22	13
0	2
0	0
0	4
0	7
0	28
478	62
0	29
20	5
0	0
3	54
0	54
0	28
7756	314
12	302
0	12
0	477
16	494
0	495
1	476
4	146
8	261
0	208
0	305
0	246
0	43
0	34
0	54
0	28
0	477
0	2
0	2
363	790
8	790
0	599
13	366
84	246
0	223
0	1
0	1
0	0
0	519
9	497
1	42
0	43
0	16
11	43
0	146
6	117
0	527
31	363
0	527
0	112
2	77
1	105
0	103
0	0
1	22
0	1
2	8
1	5
2	6
0	17
0	112
25	130
4	10
6	4
0	130
24	682
0	441
0	360
21	33
0	43
3	18
0	677
0	682
8	22
0	2
0	0
0	20
0	2
0	1
0	1
59	110
0	110
0	110
4	110
0	0
22	1941
5	1941
0	241
3	231
0	26
114	91
0	81
8	91
7	70
25	75
5	5
0	0
5	304
2	304
5	228
0	227
0	307
1	0
0	0
0	0
0	0
0	2907
3	1897
4	318
28	0
13	0
38	26
0	1008
0	211
0	991
20	33
0	836
114	657
2	349
0	312
0	168
0	24
76	0
0	2898
0	0
0	384
49	476
19	53
0	464
0	461
0	61
0	193
1	31
0	12
18	14
0	21
36	95
0	96
0	3
0	21
0	158
0	155
0	84
3	86
16	84
2	36
3	42
0	0
0	0
0	0
0	0
0	0
7	69
2	28
0	69
5	0
0	115
0	95
0	106
0	52
1	34
0	56
0	33
0	18
0	111
47	8
9	8
0	176
4	147
0	166
0	134
3	19
0	177
0	60
0	32
0	131
0	12
0	176
240	55
0	55
0	0
1	232
38	348
1	63
0	61
7	15
100	179
0	175
106	5
0	159
0	40
0	137
0	35
2	6
1	0
0	135
3	56
2	16
0	12
0	135
44	888
201	1423
1	834
3	535
0	501
15	265
58	260
6	226
3	105
0	162
0	0
0	434
7	361
4	365
0	160
0	297
16	124
0	93
0	46
0	32
0	8
0	8
5	78
0	62
0	50
0	23
0	21
0	19
3	36
0	18
0	428
389	101
2	22
7	58
0	35
0	472
0	453
9	447
0	169
2	95
0	95
7	434
47	116
0	85
14	269
0	67
37	12
0	0
3	531
8	527
0	126
0	17
0	233
0	56
6	77
0	66
0	71
11	39
9	22
22	184
0	102
0	45
0	0
0	0
0	0
0	0
0	0
0	0
0	0
0	212
0	212
0	166
2	106
0	0
0	0
0	0
0	0
0	0
0	0
0	0
159	168
0	25
11	41
1	23
0	59
0	17
0	48
0	0
0	0
393	694
0	403
0	129
3	388
2	277
4	77
357	71
0	59
2	46
355	106
2	3
0	3
0	3
0	3
0	3
0	1
0	1
0	1
0	3
0	3
0	15
0	17
0	27
1	2
1	27
0	27
0	8
0	0
37	49
0	51
1	5
0	2
0	0
0	0
0	0
0	9
0	9
0	1646
187	1973
19	7
4	122
0	85
5	414
1	148
1588	882
0	882
0	5
0	11
1247	2236
0	996
1	870
10	798
0	0
1	67
0	73
0	317
0	103
0	210
0	57
0	163
0	38
0	142
4	29
0	165
0	50
0	54
0	95
0	315
0	74
3	273
0	263
0	89
0	80
0	84
0	51
0	48
8	48
0	63
0	65
0	29
0	240
0	39
0	163
0	119
0	55
2	103
0	171
7	18
261	83
8	83
0	2
0	4
0	4
0	3
0	1
0	0
0	0
0	0
0	0
0	0
0	0
0	0
0	0
0	2540
0	2338
133	944
0	1518
0	232
0	0
0	0
0	0
41	200
12	103
10	74
0	70
0	50
164	0
0	0
582	75
10	75
6	0
0	14
0	14
0	14
0	8
5	27
0	27
1	0
0	0
0	3
0	2
1	9
0	0
0	24
1	29
0	22
2	7
1	108
0	104
0	8
0	11
0	1
5	96
0	0
0	0
0	0
0	0
0	0
0	0
0	0
0	0
0	0
0	0
0	0
0	2102
1	908
0	1081
0	637
3	458
42	533
0	153
0	2102
0	0
319	40
0	40
20	29
0	31
0	2
6	131
23	517
0	55
1	23
88	386
2	2
0	0
15	95
11	95
2	77
0	176
0	143
0	146
25	78
0	0
0	5
0	5
0	0
4	41
1	38
19	42
2	14
6	18
0	42
0	6
9	42
0	43
0	18
0	14
0	5
1	0
0	56
0	90
2	150
2	182
0	2
0	15
0	2
15	0
1	4
13	92
213	104
0	58
4	53
14	38
1	25
0	39
0	17
1	37
1	30
0	26
0	36
12	122
0	130
0	13
0	0
0	0
0	0
9	516
30	438
1	417
0	427
0	256
0	171
46	0
0	496
0	18
1	0
31	0
71	13
0	13
0	136
0	148
16	107
0	0
0	0
0	0
0	0
0	0
0	0
1	140
0	140
0	80
0	8
0	88
0	97
9	9
0	93
23	113
0	49
3	41
1	28
0	18
25	26
0	16
0	15
24	34
0	1
0	23
2	12
1	1
3	1493
0	1439
0	1435
2	1188
0	1019
0	1055
1	330
3	119
0	0
180	0
0	117
0	37
0	53
1	118
0	41
1	113
0	19
0	18
13	6
19	31
1	8
1	34
3	42
25	41
0	17
0	0
0	0
0	90
0	68
0	97
0	100
0	16
0	36
0	29
0	39
0	27
6	178
11	413
5	413
64	178
6	13
4	801
1	785
0	732
0	414
0	38
0	218
1	30
0	117
2	40
51	0
0	22
0	7
28	0
0	0
0	0
0	0
0	0
0	0
0	0
0	0
0	0
0	0
0	0
0	0
0	0
0	0
27	1635
0	1613
0	1138
2	45
7	5
0	114
0	86
3	72
39	57
6	0
3	57
0	10
0	84
0	90
0	69
0	65
1	19
0	14
8	10
4	13
2	8
0	4
0	0
30	0
0	0
0	0
0	0
13	0
0	0
0	2
0	2
0	0
0	0
0	0
0	0
0	0
0	0
0	0
2	0
106	0
0	0
0	0
0	0
0	23
1	25
0	23
0	23
0	0
0	0
0	1
0	1
0	4
0	2
0	3
0	1
0	0
0	23
0	25
0	23
1152	149
0	85
24	64
0	0
0	0
0	0
0	0
2	17
0	17
0	9
1	0
0	2
0	2
33	18
1	471
0	905
2	798
0	709
0	584
0	897
0	907
0	219
2	80
5	60
2	120
0	0
0	0
2	0
0	0
0	0
0	0
0	0
0	0
0	0
0	0
0	739
14	0
0	731
1	568
0	563
0	744
0	736
5	54
2	20
2	98
0	22
1	108
1	0
0	0
10	0
0	6
0	6
0	6
0	6
0	6
0	0
0	0
0	0
0	1
0	1
0	1
0	2
0	2
0	1
0	1
0	1
0	0
0	0
0	1
0	1
0	0
1	4
1	4
0	2
0	4
0	36
1	38
6	38
0	38
0	34
2	5
0	0
27	389
4	391
1	291
2	52
0	82
0	49
0	48
0	19
10	15
0	0
0	0
35	32
10	32
0	10
0	141
2	2
4	19
0	132
0	137
1	22
0	14
0	21
1	14
1	8
0	269
6	255
0	185
0	195
0	269
0	7
0	7
0	7
0	0
11	249
0	118
0	224
0	204
0	147
0	123
110	24
5	1340
3	1348
0	1239
1	1146
12	1314
0	803
0	843
6	41
7	52
0	671
37	0
1	72
7	0
0	3
0	58
947	1235
0	344
2	85
0	804
0	49
2	108
111	920
0	840
8	17
4	158
0	174
8	193
1	66
0	32
128	19
0	20
14	4
0	3
0	0
0	0
0	189
0	188
0	189
0	189
0	75
4	104
0	0
0	0
0	0
0	0
0	0
0	0
0	0
415	15
0	8
0	7
624	10
0	0
6	290
2	264
0	325
15	9
0	0
0	0
0	0
0	0
0	0
11	14
143	123
0	109
0	0
18	17
0	1
0	15
0	0
0	0
0	0
0	0
0	0
0	0
0	0
12	46
0	46
3	188
0	121
8	18
0	18
0	0
0	0
0	0
0	0
29	1258
0	236
0	29
10	1213
0	153
0	417
1	311
0	449
1	0
0	0
20	335
0	168
23	181
6	92
3	309
2	79
0	83
0	0
0	508
33	700
50	480
4	648
7	648
14	586
0	365
0	778
0	1
0	1
0	0
0	1
0	1
0	0
184	407
3	407
10	317
2	5
231	75
0	46
0	8
0	23
1	24
0	277
9	0
0	52
0	257
2	68
1	97
2	15
4	22
28	33
79	32
0	11
0	5
0	24
0	0
0	0
0	0
0	0
0	0
0	0
0	0
6	495
47	495
3	11
0	0
0	0
0	0
0	0
0	0
0	0
0	0
0	0
0	109
1	110
33	3
0	109
2	94
2	0
0	0
29	263
0	94
0	117
0	100
0	75
18	207
1	61
0	12
19	207
1	206
0	11
0	506
14	329
2	466
0	457
8	498
2	267
17	100
2	73
5	0
0	506
0	0
0	0
0	0
0	727
0	582
1	452
0	517
0	114
0	122
7	195
6	78
0	116
2	101
0	620
0	640
0	710
1	0
0	0
0	66
0	0
0	2898
0	2338
23	176
0	1253
20	383
0	2854
32	1646
0	1664
2	1364
0	117
7	59
94	1250
5	106
0	161
2	210
2	447
0	447
0	445
1	289
0	168
0	150
0	43
0	45
0	37
35	2
0	0
0	0
0	0
0	0
0	0
0	0
0	0
0	0
0	0
0	0
0	0
0	0
0	0
0	0
0	0
0	0
0	3
0	3
0	3
1	3
0	0
0	3
0	0
2	0
0	0
0	0
0	0
0	0
0	0
0	0
0	4
0	0
0	0
0	0
0	0
0	0
0	0
0	0
0	0
0	0
0	0
0	0
0	0
0	0
0	0
0	0
0	0
68	0
0	0
0	0
0	0
0	0
0	0
0	0
0	0
0	0
0	0
0	0
1105	236
0	22
1	99
1	115
221	636
0	636
0	47
5	81
2	140
3	24
0	0
0	0
0	0
0	0
0	0
31	0
0	0
0	0
18	30
1	30
0	25
0	0
1	0
0	55
1	42
0	17
0	18
5	51
0	25
3	10
0	18
448	18
100	2022
0	1117
0	1830
44	594
3	420
163	211
0	292
2	98
5	98
11	131
5	120
25	22
1	242
0	252
0	229
0	251
0	19
0	34
0	62
0	6
16	38
0	73
0	53
0	68
0	48
0	64
2	32
0	15
0	11
0	15
269	353
0	332
10	21
0	7
0	7
77	11
0	182
0	35
11	2037
6	127
0	2025
1	170
5	670
0	277
1	337
0	0
0	0
0	0
0	0
0	0
349	51
5	51
0	0
0	0
0	0
0	0
0	0
0	4685
1	1089
0	4505
1	4578
0	566
1	138
5	229
13	352
1	377
0	482
9	576
0	0
0	5
0	8
0	8
0	0
0	7
0	0
0	0
0	8
0	0
0	8
0	4
0	2
0	1
0	2
0	0
0	0
0	2
285	208
0	208
0	0
0	17
0	23
0	16
12	114
1	211
57	200
0	0
0	0
0	0
0	0
0	0
0	0
0	0
0	2
0	2
0	0
0	2
0	0
0	2
0	2
0	232
0	1361
1	1260
0	1263
1	187
18	1158
25	87
7	59
61	475
0	281
0	325
0	213
8	353
0	284
23	181
0	5
0	5
0	0
0	0
0	0
0	0
0	0
0	0
0	0
0	0
0	0
0	0
0	0
3	59
1	40
0	42
0	57
2	15
0	2257
0	60
0	785
20	69
0	30
3	113
0	93
62	1035
0	18
11	2255
0	267
0	233
1	81
0	1813
0	2169
0	162
0	312
4	39
0	0
0	0
0	0
27	39
0	19
0	23
0	2
0	2
296	129
0	242
214	935
19	935
0	495
12	316
0	80
0	0
0	0
0	0
0	0
0	6
0	0
0	6
130	73
8	73
1	11
0	0
0	0
0	0
0	0
0	0
0	0
0	0
0	0
0	0
0	0
22	154
2	154
0	116
0	32
0	0
0	0
0	0
0	0
0	0
3	1
0	0
0	1
568	893
4	877
6	165
42	140
103	202
1	152
13	184
11	119
11	97
0	0
0	0
0	0
0	0
0	0
0	0
0	20
0	0
0	0
199	162
0	45
10	20
6	114
0	0
0	57
0	0
0	0
0	0
4	294
23	285
4	129
0	53
0	129
2	79
0	93
1	20
71	661
0	65
9	53
2	661
1	6
0	59
0	38
6	30
0	0
0	55
2	54
0	41
2	22
0	0
0	7
0	0
117	770
2	767
0	121
171	55
0	44
0	55
0	679
0	670
0	387
0	92
0	428
3	125
1	3
2	72
0	0
0	0
14	330
7	290
0	36
6	84
0	321
134	201
2	201
0	66
3	25
173	2196
17	969
0	1528
49	10
15	713
293	79
0	0
45	721
0	676
1	176
6	251
2	13
2	0
0	13
0	22
2	22
0	0
0	0
0	0
0	0
1	43
0	0
0	52
0	9
0	49
0	51
0	60
0	54
0	52
1	15
0	12
0	11
0	12
0	11
0	11
0	12
0	2
0	0
0	0
0	1
0	0
0	0
0	0
0	0
0	0
0	0
0	0
0	0
0	0
0	0
30	125
0	74
0	89
3	109
10	25
0	0
0	0
0	0
0	0
0	22
81	36
1	7
0	7
0	4
0	12
27	54
0	54
0	27
0	0
0	0
0	0
0	0
0	0
33	23
1	4
3	19
0	1
0	1
0	1
0	1
0	0
0	0
0	0
1	0
0	1
0	0
0	0
0	0
0	0
0	1
0	0
0	3
0	3
0	0
2	2
0	0
0	1
0	3
41	19
0	8
0	0
0	0
0	430
0	410
0	418
2	14
1	398
0	289
2	283
5	52
0	1
0	1
109	0
0	0
0	0
0	0
0	0
1	1
0	1
0	1
2	631
1	628
0	261
1	254
0	281
1	71
0	94
0	82
11	9
0	0
0	0
0	0
0	0
0	17
29	17
0	0
0	0
44	4
2	1
0	5
0	254
0	263
2	229
1	16
0	253
0	8
5	7
0	0
0	0
0	0
0	0
4	4
0	4
29	1856
0	1806
91	0
3	716
0	126
15	122
0	489
0	570
5	80
2	353
0	233
0	90
0	75
0	104
2	63
0	406
3	85
1	19
0	41
199	244
0	146
0	107
1	6
3	47
0	47
995	327
23	327
0	0
0	0
0	3
0	0
0	0
0	3
0	0
0	2
0	0
0	0
0	0
0	0
0	0
0	0
0	0
0	0
0	826
0	773
1	831
0	466
0	351
2	325
0	362
0	350
0	360
0	340
3	344
9	275
4	96
0	23
6	111
0	29
3	1
5	18
0	82
1	78
0	739
0	0
0	0
0	0
0	0
5	236
174	201
54	643
352	667
0	121
8	134
0	432
1	1
0	11
0	11
0	11
0	0
0	3
0	3
0	4
0	2
0	1
2	2
0	2
0	0
0	0
0	1
0	1
0	1
0	0
0	0
0	0
0	1
0	1
0	0
0	0
0	0
0	0
0	0
0	0
0	0
0	0
54	41
0	38
0	37
0	6
0	3
0	2
0	0
0	2
0	2
30	1093
0	1090
0	1121
0	60
3	27
2	970
0	18
19	236
0	79
3	599
0	474
0	1104
0	635
18	501
0	741
0	534
12	714
62	65
0	65
12	49
0	726
12	732
0	194
23	12
0	43
21	134
4	34
0	81
34	32
74	26
0	48
0	163
1	246
164	747
0	231
2	579
0	514
0	108
0	48
0	215
37	97
3	266
0	110
0	94
0	61
5	2
2	436
0	352
2	255
0	214
2	48
4	29
1	16
0	70
0	47
0	51
0	79
0	50
2	3
0	3
0	3
0	2
1	0
0	0
256	0
0	0
0	0
0	0
0	0
0	0
0	0
0	0
0	0
0	445
569	841
15	242
25	222
4	366
2	373
0	25
0	12
12	353
0	36
9	415
199	0
0	59
0	92
1	850
14	29
1	23
0	477
0	715
43	148
0	278
17	18
1	37
2	6
2	9
0	42
13	16
1	46
0	0
0	0
0	0
0	0
0	0
0	0
0	0
47	35
0	35
5	0
36	731
0	125
15	478
64	217
1	728
8	358
0	82
0	80
0	80
0	235
0	44
4	274
3	247
0	269
0	218
2	114
1	104
7	257
0	172
0	233
7	154
4	47
1	0
338	472
2	467
16	7
0	2
238	0
1	0
100	305
0	121
0	305
29	22
0	22
0	1
0	2
0	1
2	5
117	49
0	6
0	49
0	0
0	0
0	0
249	411
29	413
0	31
1	701
0	408
0	627
0	183
3	131
2	108
0	217
1	112
1	292
4	124
2	11
2	11
0	3
0	2
0	1
284	69
7	21
2	48
1	4
0	4
0	0
53	163
0	163
0	76
14	23
0	6
0	1
0	245
0	246
7	244
0	93
0	92
6	26
0	43
0	35
3	34
1	1
139	0
55	128
0	78
0	119
0	115
293	620
1	252
5	617
0	0
0	0
220	415
6	335
0	50
0	42
0	0
0	106
0	4
0	4
0	1
0	4
0	3
0	0
0	3
9	0
0	224
1	227
1	227
10	227
0	226
0	25
2	8
1	28
0	16
0	26
0	28
0	18
0	36
0	0
0	0
0	0
0	0
0	0
11	2
3	15
0	15
0	15
1	15
0	12
0	4
0	2
0	2
0	0
0	0
0	0
0	0
0	0
0	0
52	28
0	18
0	10
0	0
0	0
0	0
0	0
4	5
0	6
0	2
2	1
82	254
0	36
3	146
0	137
4	0
0	48
1	46
0	23
2	23
0	48
0	0
0	0
125	6326
20	3
3	6313
21	6335
11	797
67	1991
0	3
0	0
0	3
809	935
73	950
0	804
40	22
0	66
30	219
21	390
5	184
0	0
0	0
0	0
0	0
0	0
0	1
0	0
0	0
0	1
0	0
0	0
0	0
0	0
0	0
0	0
0	0
0	0
0	38
0	23
0	41
0	110
0	0
0	1
0	113
52	1962
1	872
0	1918
4	1762
3	1839
0	611
8	101
0	396
0	278
0	601
0	556
7	603
7	291
22	213
0	0
0	0
0	0
0	0
0	75
0	188
15	24
9	54
0	94
0	69
0	195
0	201
0	2
0	0
0	0
0	2
0	2
0	0
0	0
0	0
0	0
0	0
0	0
0	0
0	0
0	0
0	0
0	367
0	379
0	59
0	34
5	248
54	129
3	30
0	49
2	45
0	21
0	4
572	1904
0	123
0	1904
0	9
0	1
0	9
0	5
0	0
0	1
0	0
0	0
0	0
0	0
0	0
1	58
2	61
0	22
0	20
0	30
0	3
0	15
0	5
0	0
0	0
0	0
0	0
0	0
0	0
198	12
0	0
0	0
0	0
0	0
0	0
0	39
164	456
0	433
0	94
17	13
5	0
0	47
6	10
0	0
0	0
0	0
0	2384
38	2536
61	2504
113	30
0	281
38	281
0	209
0	0
0	0
0	0
9	1640
9	681
2	876
4	774
0	0
0	0
0	0
0	0
0	0
0	0
0	0
0	235
449	231
0	72
0	83
0	71
0	235
0	0
0	0
0	0
0	0
0	0
0	0
0	0
0	0
0	0
0	0
0	0
0	0
0	0
0	0
0	0
0	0
0	0
1	0
324	111
0	49
0	42
0	20
18	2810
41	233
4	2808
0	2322
0	2090
9	791
10	44
181	311
14	118
0	35
24	34
0	55
0	55
5	50
4	54
14	0
0	0
0	0
0	445
0	442
0	366
0	442
0	341
2	22
0	8
0	12
0	201
3	33
0	362
95	0
0	0
0	0
227	311
0	311
0	16
0	16
0	16
0	16
0	2
0	11
0	15
0	1
0	12
0	6
0	0
0	16
0	16
0	0
0	0
0	0
132	706
0	145
724	1
20	316
0	189
1	67
2	94
0	74
7	308
79	290
86	661
0	373
19	232
0	1
0	1
0	0
0	0
0	0
0	0
0	0
0	0
0	0
0	0
4	125
0	167
0	203
2	62
21	0
13	329
7	319
0	26
1	596
64702	13742
7	8712
0	588
0	0
0	0
23	204
27	204
2	261
1	225
0	241
0	20
194	64
0	40
1	33
0	25
0	22
0	8
0	13
0	9
0	0
0	0
0	0
0	0
0	3
0	3
0	1
0	2
0	2
0	0
0	0
266	0
0	384
0	0
0	1635
0	1638
0	1639
0	410
0	0
0	0
0	1
0	0
4	0
0	421
54	303
0	1649
0	61
0	184
0	306
0	674
0	187
0	115
0	1635
0	13
0	13
0	13
0	13
24	241
0	35
0	242
0	39
2	3
0	0
0	0
33	197
0	197
0	6
1	26
0	19
0	4
0	1
0	1
0	0
0	0
0	0
0	0
0	917
0	67
3	70
9	534
3	81
14	10
6	273
29	917
1	100
0	100
5	63
3	61
158	0
0	0
0	0
1	0
5	0
0	3
0	48
0	48
0	29
0	3
4	9
0	3
0	7
0	3
0	2
0	12
0	11
0	4
0	47
0	48
0	47
0	47
175	197
1	205
19	201
2	34
1	606
79	601
3	601
0	116
4	10
0	196
0	126
0	0
0	181
706	907
5	379
9	177
19	143
5	287
33	966
12	829
0	754
22	874
0	18
0	267
591	24
0	897
7	786
70	553
563	390
0	390
0	44
3	44
0	0
0	0
0	0
0	0
601	881
0	856
0	871
5	741
9	70
0	57
2	555
944	935
8	935
0	77
2123	0
1	68
0	68
2	64
0	65
4	15
0	0
1	6767
0	6913
0	6910
0	6522
0	5979
0	6671
4	1704
0	1582
0	6791
0	6658
0	334
0	306
0	193
5	366
0	134
0	141
4	86
0	30
0	7
0	52
2	138
15	138
2	69
0	2
0	0
0	0
139	367
50	320
0	0
0	0
0	0
41	60
3	60
0	40
0	45
0	34
0	24
0	0
0	0
0	0
0	0
0	0
0	0
0	0
130	280
55	279
132	90
2	23
0	1
0	22
0	0
0	2
0	3
0	3
0	3
0	0
0	0
0	0
0	0
1	0
0	0
0	0
0	0
0	0
0	0
0	0
0	0
38	15
0	15
386	351
0	234
10	51
1	52
0	1
0	0
0	0
0	173
10	100
1	8
1	119
2	123
0	54
0	596
0	775
58	1222
20	0
1	917
4	5
0	1217
0	260
50	37
0	0
0	64
20	156
1	122
0	150
0	121
0	135
0	93
2	81
0	2
13	1
31	2
0	36
0	34
19	0
0	967
0	147
2	992
0	71
1	977
0	124
61	15
9	202
0	961
0	92
0	82
0	10
0	6
0	12
2	5
6	1
0	6
0	260
2	147
0	267
0	25
0	30
5	72
0	258
0	0
0	68
0	68
4	68
0	3
0	374
0	442
51	101
5	154
11	20
0	0
2	323
6	323
11	2
25	5
10	0
3	350
3	24
0	346
0	61
0	69
0	30
0	2
3	71
0	18
0	18
0	1897
4	1901
52	1860
2	326
13	251
28	298
0	253
1	75
1	155
13	8
0	96
1	58
0	16
0	17
0	7
0	5
0	6
0	5
0	6
0	1
0	3
0	0
0	0
0	51
0	0
0	0
0	0
0	0
0	0
0	0
0	0
0	66
0	71
0	76
0	76
0	13
0	41
0	1
2	39
0	11
2	28
0	7
1	5
47	215
0	114
0	176
16	6
0	37
1	0
5	39
69	39
0	0
0	0
0	0
0	0
0	0
0	0
0	3234
1	3234
126	833
0	106
3	8
0	29
0	35
0	13
32	37
0	211
0	204
4	31
4	21
1	199
1	143
9	18
1	133
0	0
0	0
0	0
0	0
0	0
1	0
0	0
0	0
0	0
0	0
1	1
0	1
0	35
0	0
0	0
0	0
0	0
0	0
0	0
0	1476
0	683
0	1085
1	802
3	1186
0	1113
2	766
1	160
0	916
97	0
11	527
134	34
1	34
0	0
1	51
0	51
0	6
18	0
243	767
0	672
4	350
17	57
7	30
0	17
0	17
0	2
0	2
184	5550
412	5177
0	0
3	7
0	7
0	5
1163	1578
6	429
9	1149
37	35
6	327
0	648
50	528
7	414
5	34
39	2
0	0
0	0
0	0
0	0
0	0
0	0
9	0
0	0
0	0
0	0
0	0
0	0
0	0
1	50
0	31
0	33
56	50
0	17
0	11
1	16
0	31
0	31
0	31
0	22
0	22
0	68
0	67
9	82
0	81
0	62
1	0
0	0
0	0
0	0
0	0
0	0
0	0
16	127
8	165
0	19
0	165
0	2
0	19
1	15
3	19
0	25
4	86
0	5
6	11
6	45
0	20
0	173
0	0
0	0
5641	913
4	913
0	0
0	0
0	0
14	14
0	14
24	628
0	628
6	624
0	432
2	0
0	253
0	319
3	425
2	212
0	191
0	55
0	256
5	296
0	432
22	157
13	157
0	6
0	83
0	49
0	36
0	0
0	0
2	0
0	0
0	250
0	193
36	197
3	48
0	56
0	37
0	102
7	58
0	135
0	99
1	0
315	539
0	82
0	92
0	47
1	537
11	15
0	17
5	20
10	33
0	78
1	81
0	86
2	32
0	0
0	0
1	0
0	0
0	0
0	197
0	208
0	202
0	5250
0	5315
0	0
0	0
0	0
0	0
0	0
75	98
77	133
0	126
0	8
17	0
0	31
0	31
0	0
0	0
0	0
0	0
0	0
0	0
0	305
0	1811
0	164
0	1925
0	1772
1	1129
0	1769
0	219
0	1889
1	41
0	14
0	41
1	15
5	145
237	144
2	54
0	52
0	0
183	0
0	448
0	513
32	391
0	209
0	1
0	1
0	0
0	0
0	0
0	1
0	1
0	0
0	1
1	17
0	22
3	22
0	15
0	6
0	826
8	837
9	766
11	303
0	232
0	133
0	176
109	110
171	274
0	143
1	71
8	198
0	116
1	8
0	102
0	109
0	51
0	73
0	17
1	0
0	0
0	71
234	49
11	34
0	11
2	15
0	479
0	435
0	64
0	1
5	225
26	64
21	654
367	654
17	9
11	0
4	112
50	351
12	0
0	194
0	67
6	80
329	111
142	31
59	450
0	36
4	82
7	29
0	279
3	196
0	413
0	345
0	341
0	341
0	301
0	41
3	207
0	34
0	90
1	18
0	0
0	0
0	55
0	60
0	9
0	31
0	61
0	53
0	6
0	9
8	9
0	24
0	25
0	11
0	14
0	10
0	14
26	14
0	0
0	0
0	0
0	0
652	1599
6	1599
0	253
0	264
2	610
0	319
0	6
0	6
25	5192
8	5192
0	0
0	0
3	0
0	12
0	15
0	15
1	0
0	486
13	418
5	486
3	12
0	364
0	0
0	0
0	0
0	0
0	0
2	0
0	639
0	639
52	11
44	5348
5	8968
18	8863
58	5713
0	15
0	14
0	22
1	22
0	11
0	18
0	12
0	6
0	6
0	6
1	1175
0	1171
3	104
5	169
3	85
7	23
0	0
0	220
0	96
1	0
0	0
0	0
9	72
0	3
0	12
0	0
0	0
0	0
9	3
0	2795
16	613
5	2795
0	40
0	5
0	96
9	96
166	236
0	64
0	145
0	146
27	129
0	129
0	17
0	40
19	6
8	58
0	0
0	0
0	0
11	2428
892	2428
4	139
19	506
12	271
0	0
0	0
0	0
0	0
0	0
0	0
0	22
0	15
0	0
0	0
0	0
3	387
2	6
657	325
0	227
43	271
806	1469
3	1216
1	44
0	44
0	9
0	14
0	6
0	10
0	20
0	15
0	3
1	9
0	9
0	16
0	15
2	9
0	4
0	5
7	7
2	6
0	0
0	0
0	0
0	0
0	0
0	0
0	0
0	0
3	99
1	46
0	99
0	0
0	0
11	0
142	39
5	39
0	11
8	0
0	0
0	0
0	0
0	0
0	0
0	6
0	6
0	4
0	2
0	51
0	0
292	78
4	77
1	53
0	64
0	53
0	48
0	0
0	0
419	0
2	287
0	250
2	83
0	120
0	0
0	0
0	0
2	125
0	107
2	186
0	130
0	94
0	1041
5	1018
4	1025
3	36
1	22
1	81
0	31
1	20
0	35
0	22
9	43
0	16
1	23
0	0
152	510
0	510
0	0
0	0
0	1395
0	1414
11	716
0	1127
14	1071
0	183
4	42
17	375
0	870
14	135
6	118
3	345
14	246
0	29
14	1
0	1
0	0
0	0
0	0
0	0
0	0
0	0
0	0
439	142
12	52
2	72
0	82
15	1480
675	2520
11	475
4	165
1	545
1	338
33	133
0	81
172	333
0	7
2	134
0	37
0	0
0	0
0	0
0	0
0	1
0	0
0	0
0	1
48	642
0	658
4	345
0	205
0	95
0	43
1	207
0	125
0	105
0	90
10	372
15	383
0	100
493	94
11	94
8	34
5	0
152	95
6	95
6	69
591	57
2	57
0	0
635	269
0	118
1	114
1	74
32	7
5	4
0	3
68	0
0	439
2	0
0	86
1	94
0	54
1	112
0	88
0	65
0	59
3	70
1	439
0	0
0	0
3	636
5	526
1	528
7	616
0	165
0	317
0	472
2	184
0	0
0	0
1	0
0	21
0	33
0	153
0	7
4	153
0	57
2	47
30	57
0	47
0	7
5	12
0	0
34	0
1860	1545
0	1569
17	1428
18	47
67	181
1	160
0	154
13	161
2	7
0	31
16	79
4	40
80	1388
1	1388
0	1388
25	945
44	1594
0	743
39	1325
0	106
13	18
0	83
3	154
12	115
0	50
96	2135
0	0
0	0
0	0
0	0
0	0
0	0
0	0
224	9
11	9
3	0
3	0
0	0
1	1
1	1
223	94
37	94
16	34
22	64
4	51
0	42
46	20
0	17
0	13
0	13
0	0
0	12
0	12
0	1
0	1
0	0
0	0
0	12
1016	543
0	21
1	4
1	62
0	49
7	23
10	35
9	9
1	15
0	55
5	15
0	65
3	20
120	38
18	319
3	38
0	98
0	97
0	5
1	7
3	15
0	8
0	7
0	0
60	1
0	0
2	1
0	3
0	3
0	0
0	0
0	3
1	0
0	0
0	0
0	0
11	1324
25	4233
1	4212
0	0
30	455
0	766
0	0
54	126
0	0
0	0
0	0
0	0
481	0
0	0
1	0
0	0
0	0
0	0
27	284
0	195
11	175
0	43
0	46
11	25
0	24
10	19
9	3
1	10
0	334
2	262
6	204
0	202
0	243
0	64
2	33
0	25
0	0
0	316
3	294
2	42
27	97
0	416
0	0
0	0
0	0
0	0
0	0
0	0
0	0
0	0
0	0
1	0
0	519
2	516
0	486
6	52
11	238
3	80
0	4
5	28
0	515
10	309
24	100
169	333
5	35
14	32
0	32
0	0
0	324
0	281
0	229
1	3
0	9
0	307
6	333
0	327
5	242
0	0
0	0
0	0
0	359
0	365
0	238
0	9
0	354
0	60
0	359
0	364
1	362
0	16
0	365
0	215
0	268
2	9
0	75
0	51
19	14
0	119
13	0
0	0
0	93
1	88
0	28
0	76
0	7
0	38
19	42
1554	1102
0	259
4	632
0	211
0	0
0	0
0	6
1	35
0	1
1	0
0	28
0	0
0	0
0	0
0	0
0	0
0	0
7458	6005
5	1602
22	646
29	3863
121	34
0	5
0	5
19	0
0	0
140	4731
1	3495
11	632
0	0
0	0
0	0
33	531
1	543
20	674
2	537
0	514
0	635
8	78
3	119
0	79
40	314
0	55
27	24
4	45
1	51
2	10
1	10
0	0
0	0
0	0
0	0
0	2
0	2
2	0
0	0
0	0
0	2
0	2
0	0
79	11
0	0
0	0
0	0
0	0
0	0
0	0
1	0
1	0
0	0
0	641
0	0
0	0
0	0
0	0
0	0
0	111
1	111
3425	76
0	76
10	0
0	5
0	5
0	5
0	5
0	5
0	5
0	0
0	0
0	0
0	5
0	0
0	0
10	377
0	350
7	105
69	160
0	0
0	208
1	60
4	34
0	228
2	228
0	157
0	141
10	29
0	0
900	230
0	230
141	895
0	908
0	139
0	125
0	408
2	167
21	89
5	88
0	6
7	6
0	0
0	0
0	0
0	0
0	0
0	0
0	0
0	0
155	5
9	5
178	200
0	194
3	81
1	2
26	25
2	123
0	18
0	114
1	91
0	98
0	12
0	14
31	1105
0	1077
12	1101
0	1062
1	97
0	971
1	131
13	34
0	176
1	416
3	191
21	137
2	66
7	28
0	0
0	0
0	0
0	0
0	0
0	0
0	0
0	0
0	21
6	21
2	0
0	20
0	1
0	1
0	0
0	0
0	0
0	0
0	0
0	0
0	1
2	0
0	3598
31	0
42	2631
12	1681
0	2886
0	3162
0	3048
0	1438
2	658
0	352
11	84
0	84
0	75
0	30
0	21
2	641
7	554
0	635
13	578
0	599
2	166
0	0
0	1
0	1
0	0
0	1
4	1
0	297
7	357
0	0
2	9
0	26
137	362
0	344
0	241
0	0
0	0
28	8486
2111	9062
0	3874
3	1479
9	576
10	32
0	8
1	4
3	0
0	45
0	1
0	17
0	0
0	0
0	0
0	0
0	0
60	323
39	323
0	11
0	12
0	12
0	4
0	0
2	702
1	702
0	0
0	0
0	0
0	205
0	1
0	0
0	1
0	1
0	0
0	1
0	1
0	1
0	1
0	0
0	0
0	0
0	0
0	0
0	0
0	0
0	0
0	0
0	0
0	0
0	0
0	0
0	0
0	0
0	0
1	117
57	0
648	220
0	163
9	58
0	0
0	0
0	0
0	0
0	968
0	69
3	150
0	973
1	85
1	18
0	75
0	101
1	139
0	91
4	103
488	11052
12	11056
44	11056
2	9259
25	8667
0	2459
4	2567
13	2584
4	2323
7	2557
7	189
0	596
0	0
0	428
1	1
0	402
0	2
0	448
0	378
0	136
0	5
0	136
0	32
0	446
1	426
0	390
0	402
8	33
0	23
1	419
0	439
69	165
3	395
0	368
0	414
0	33
0	414
0	121
7	0
5	50
1	103
8	25
0	179
0	65
0	55
0	42
0	28
0	15
288	10
4	10
12	73
0	68
0	5
0	10
4	14
0	11
0	5
4	1
1	1
0	0
0	0
0	0
0	0
282	779
0	791
1	284
47	508
0	31
2	24
0	16
0	0
0	0
0	0
9	15
0	28
0	0
7	202
0	193
0	205
1	79
0	15
2	21
0	0
0	0
0	0
0	0
0	0
0	21
15	20
0	19
0	16
0	0
0	12
0	21
0	21
0	0
345	897
9	893
0	556
78	45
6	10
17	290
0	292
0	231
0	229
0	74
0	69
0	0
0	0
0	0
0	0
0	0
826	0
310	817
10	766
3	55
0	656
33	125
5	50
339	16
4	8
0	0
2	9
0	3
3	5
0	0
1	2
0	4
0	66
0	0
968	794
5	794
3	56
0	57
0	190
23	139
0	1
0	1
0	1
0	95
1	2013
0	737
0	182
0	1802
0	483
79	80
16	1093
12	293
0	149
0	68
24	170
181	119
0	269
1	304
0	63
17	84
10	115
3	41
0	105
0	0
0	0
0	0
23	246
17	8
4	238
0	4
0	0
0	0
0	0
0	0
1	202
0	50
193	1471
1	137
7	527
2	1315
3	111
1	357
22	128
0	489
1	169
2	196
13	182
0	0
0	3
0	3
0	3
0	0
0	0
0	0
0	0
0	0
0	0
0	78
0	78
14	14
0	14
0	14
0	14
1371	219
7	113
3	106
0	0
9	3
0	3
0	3
3	2
0	2
1	2
0	2
0	2
404	1338
0	1010
83	1285
0	358
0	0
10	146
3	13
0	114
0	56
0	44
0	5
0	5
0	209
2	302
5	195
0	109
62	98
0	225
0	244
0	25
1	26
4	37
5	37
0	22
0	924
235	940
0	498
4	176
0	233
0	0
0	2
0	2
50	5
75	34
0	1
0	1
0	1
0	1
0	0
0	0
4	716
251	755
0	185
8	143
0	39
0	364
0	4
0	39
0	50
0	364
0	351
0	377
0	16
0	48
14	13
2	362
8	21
0	83
0	82
0	59
0	90
2	27
0	44
15	173
0	73
0	144
0	364
0	0
0	0
0	0
0	0
0	0
0	0
0	0
0	0
0	0
164	171
1	84
0	60
1	40
10	47
0	51
56	100
0	41
6	11
0	79
1	100
147	104
0	26
0	16
0	11
3	18
0	17
11	0
2	0
7	93
0	96
0	56
1	15
0	0
0	525
0	584
0	99
0	68
1	90
0	95
0	27
270	55
1	6
0	92
0	77
0	17
0	25
0	2
9	93
0	6
0	1442
3	1327
122	1258
13	1249
97	1237
114	370
0	285
60	3
0	21
0	43
0	30
1	239
42	269
1	269
0	34
8	87
653	587
4	39
2	39
173	37
7	3
0	2
0	0
0	1
0	0
0	0
0	0
5	886
0	931
0	187
0	1001
0	618
0	132
1	89
108	37
0	34
0	6
0	5
6	10
0	10
0	6
20	535
6	334
0	492
5	412
1	41
3	0
5	721
0	349
1	734
1	738
0	721
0	389
24	118
7	144
2	117
0	26
8	0
23	12
1	125
49	126
0	19
2	4
75	1
7	1
24	908
0	778
0	748
0	32
1	635
0	106
0	88
169	2
3	2
0	0
0	0
0	0
0	0
0	0
0	0
0	0
0	0
0	0
0	0
0	0
233	273
78	160
0	67
2	146
2	69
0	79
0	175
39	1396
10	73
0	95
2	97
0	74
1	95
33	469
0	1328
10	38
3	135
6	144
70	11
8	25
41	40
0	69
7	113
0	102
0	16
0	25
0	5
0	119
0	113
68	74
0	65
0	20
0	12
2	20
0	0
36	70
7	50
0	60
0	8
0	36
0	36
0	26
1	4
371	0
0	0
0	0
0	0
0	0
0	0
0	69
0	2442
115	496
0	578
0	2500
0	1791
0	1684
0	351
7	591
17	169
90	13
5	13
105	372
313	375
13	259
1	260
2	1
0	0
0	1
0	8
0	0
43	0
0	0
1	0
7	284
0	284
3	277
47	127
2	23
0	31
0	8
0	9
0	8
0	28
0	3
0	5
0	29
0	7
0	12
1	8
1	9
1	2
0	13
0	8
0	7
0	0
0	0
0	0
0	14
3	14
167	0
0	0
0	0
0	0
0	0
0	2
0	2
0	2
0	0
0	0
0	0
0	2
0	0
0	0
0	0
0	0
3	0
0	0
0	4
0	3
0	3
0	4
1	2
0	0
0	0
0	0
0	0
0	0
0	0
0	0
1	262
0	290
5	69
6	452
0	239
1	383
0	421
0	405
0	104
0	171
1	135
0	151
0	144
0	151
5	19
0	31
1	7
0	3
0	150
14	420
19	420
0	377
5	378
0	351
7	142
0	152
1	14
0	15
0	59
0	56
0	11
0	131
0	132
0	41
5	7
0	6
1	60
5	51
0	17
0	3
0	1501
0	1388
76	0
7	1195
0	1490
60	126
0	126
0	125
0	0
1	76
5	565
6	42
15	11
6	4
1	176
0	71
0	565
0	0
0	0
0	0
0	0
0	0
0	0
420	455
0	455
2	255
0	255
0	226
0	86
0	60
0	0
0	1
40	29
0	29
104	61
5	59
54	2
0	607
0	1898
0	2177
2	2181
0	230
5	75
5	106
0	129
0	0
2	669
0	760
0	736
0	744
0	514
0	521
11	14
0	144
0	57
0	105
9	23
0	281
1	93
0	50
27	48
0	0
12	43
0	26
0	40
9	42
0	39
472	49
0	22
5	49
271	1624
45	143
10	130
0	1662
21	353
1042	846
30	846
10	277
0	293
0	5
1	172
0	166
0	144
0	17
0	8
0	7
8	14
1	0
0	15
0	30
2	11
0	0
0	30
0	0
0	0
0	16
0	0
0	0
0	16
0	1992
5	125
0	1948
8	510
0	632
98	1
0	1
0	1
0	1
3	1006
0	127
0	50
0	80
20	65
74	22
1	48
0	186
1	45
0	887
0	0
0	0
2	24884
19	10662
1	14023
5	22330
54	11381
1	10841
0	0
0	0
0	0
0	0
1	134
6	134
0	50
0	26
0	0
0	3
0	2
0	3
0	3
0	0
0	3
0	3
0	0
0	0
0	3
0	3
274	0
0	0
0	0
0	0
10	63
0	30
0	0
0	0
0	0
0	0
0	0
0	0
0	0
783	408
0	363
0	361
5	114
2	59
0	0
0	0
0	0
1	9
40	141
5	92
2	71
0	92
0	0
0	0
0	0
0	0
0	0
1883	1343
0	1343
19	3
1	77
0	0
0	0
1	46
1	47
3	48
24	243
0	231
0	32
78	8
0	39
0	74
0	79
0	79
0	18
0	5
0	35
0	35
0	40
7149	1207
10	506
1	701
0	167
6	151
0	168
0	139
6	0
3	56
13	63
6	46
14	51
0	2
0	2
0	0
0	0
0	0
0	0
0	0
0	80
0	232
46	27
0	42
0	237
0	20
4	50
0	152
0	42
0	1842
7	1034
87	1
7	294
1	336
0	430
7	151
13	0
4	1374
10	24
0	392
6	0
10	175
0	0
0	0
0	0
0	0
0	0
0	0
0	0
0	0
0	188
0	0
1492	256
4	256
84	34
4	34
0	21
0	16
0	0
0	8
0	49
0	49
0	49
1	49
0	6
2	13
0	4
1	14
0	2
0	0
66	0
0	10509
37	7140
0	7815
2	9512
47	4208
0	1507
8	1852
157	502
0	470
0	7
0	70
2	57
0	15
16	47
0	0
1	53
3	56
0	17
0	5
2	5
93	0
0	0
0	0
5	103
11	103
25	0
90	0
0	79
0	71
0	84
0	85
0	0
0	0
0	0
0	0
0	0
0	0
0	0
0	0
0	0
0	90
134	8
0	6
1	2
0	0
0	2
0	2
0	0
0	0
0	2
1	2
0	0
0	2
2	0
0	275
2	243
6	194
6	12
6	251
2	257
0	58
0	272
0	0
0	1
0	1
0	1
17	66
0	66
0	0
0	10
5	9
16	1
0	5
0	5
0	0
0	0
210	122
0	17
0	15
2	22
10	267
0	228
4	252
0	212
0	226
0	226
0	210
0	77
0	187
1	35
0	19
0	188
0	16
0	17
0	41
0	14
0	36
0	0
0	0
0	571
0	605
0	643
0	44
7	383
4	307
1	39
0	64
0	61
0	70
0	42
0	6
0	6
2	10
0	643
0	616
0	0
0	0
0	0
260	0
205	295
5	27
23	7
0	252
1	16
0	212
0	128
0	44
0	56
1	24
0	8
138	20
31	69
0	45
0	0
0	0
0	1
0	211
0	0
0	8
0	8
0	0
0	0
0	0
118	150
3	151
34	12
0	158
43	409
4	0
0	0
21	321
0	319
0	264
0	80
0	86
0	63
0	59
1	26
0	0
28	524
319	748
11	266
10	343
1	66
3	135
2	18
67	12
0	222
0	18
0	2
21	9
0	3
0	229
0	57
17	3
5	198
1	25
0	225
0	225
0	652
0	547
54	379
1	871
0	28
0	118
1	72
0	34
18	96
0	70
36	241
0	75
7	103
0	45
3	39
0	70
0	71
0	4
0	3
0	2
0	32
1	71
0	0
0	776
0	747
0	631
0	613
22	232
0	445
0	463
29	484
1	133
7	94
12	175
3	97
0	758
0	12
0	16
0	29
0	32
0	0
1	20
0	5
0	1
0	0
0	0
5	122
1	1618
0	1675
4	44
1	192
0	192
8	108
19	10
0	60
0	49
2	52
0	725
0	81
0	0
19	44
3	44
0	21
0	0
4	24
10	30
0	3
1	12
6	30
0	8
1	14
0	10
0	0
0	1198
12	852
15	0
1	31
2	91
14	548
12	506
68	144
26	97
0	68
0	1192
8	7
0	483
2	483
7	481
0	12
2	142
13	138
0	36
0	0
0	0
0	0
0	0
0	0
0	0
0	0
0	0
0	41
0	3
13	16
2	41
1	26
0	26
3	18
0	13
0	12
0	2
4	2
10	0
0	0
0	0
1252	207
14	63
16	144
6	145
0	145
23	2211
65	2259
11	589
3	2172
10	160
0	199
0	0
0	92
0	84
0	28
0	64
1	17
0	48
52	103
0	0
0	0
0	0
0	0
0	0
0	0
0	9
0	10
4	0
0	10
6	6
0	8
0	482
0	483
0	478
0	104
0	438
0	452
0	416
0	458
0	156
0	424
0	431
0	447
0	450
1	51
7	182
0	94
0	43
0	103
7	290
0	106
0	87
11	15
0	60
0	70
1	67
0	79
0	66
28	62
0	37
0	33
0	455
0	0
795	279
68	279
0	0
0	120
0	120
0	99
0	11
0	11
0	11
2	104
0	104
0	104
7	54
1	25
0	24
1983	507
8	96
3	200
0	183
1	142
14	15
1	69
43	2
6	2
0	0
0	0
8	1
0	1
0	0
0	0
0	0
0	6
0	7
0	7
0	0
0	0
0	0
156	146
1	89
0	80
0	13
22	60
0	47
0	52
0	12
3	16
10	7
2	7
0	0
527	0
24	0
0	0
0	39
0	4
2	4
0	4
0	0
78	0
146	0
57	166
0	0
3	1213
3	1296
9	40
8	376
0	457
1	164
56	46
26	35
18	0
0	3
4	3
0	0
1	0
0	1
0	0
0	0
0	0
0	0
259	157
1	27
0	26
0	126
2	8
5	82
0	53
459	978
0	313
9	486
12	13
4	220
0	259
2	487
133	5
0	58
2	174
6	221
0	167
0	494
0	0
0	0
299	1452
7	708
0	344
5	190
16	9
15	10
3	13
0	4
7	6
0	0
0	0
0	2
0	2
0	3
0	3
0	0
0	0
0	7
1	7
0	0
0	0
11	65
521	138
0	0
0	0
0	0
28	319
1	1250
3	771
21	183
72	268
92	1189
7	54
14	13
37	136
0	74
0	47
0	0
0	1
0	1
0	0
998	33
0	33
82	406
0	403
0	372
16	176
2	45
0	20
0	36
0	34
27	44
3	143
1	113
56	157
28	59
0	37
2	37
0	35
0	37
0	109
0	328
0	333
3	308
0	287
0	289
0	293
0	266
6	235
5	218
0	129
0	118
27	0
50	0
0	0
0	0
1	0
0	0
0	0
0	0
0	0
1	1232
3	1152
24	1140
0	1135
1	142
7	370
4	331
1	0
0	5
156	131
0	10
0	20
0	35
9	8
1	18
0	12
0	13
5	14
0	44
12	26
0	61
5	25
0	0
0	0
0	76
3094	9432
0	496
19	2198
3	5361
3	2733
13	1101
5	1441
1	3764
10	2146
0	310
0	372
0	253
0	266
2	226
5	129
58	541
2	570
2	463
0	117
7	47
0	47
0	135
2	145
0	138
10	101
0	74
0	46
0	21
0	45
0	0
0	0
0	0
2	23
0	4
10	17
2	2
0	0
0	2
0	0
0	2
0	2
0	92
0	10
0	55
3	0
2	3
0	2
0	4
0	5
0	15
0	88
0	16
0	22
0	29
0	19
2	3
11	312
3	304
0	152
3	198
0	170
0	113
0	138
0	74
43	77
192	0
565	232
1	17
0	2
6	65
0	56
0	45
30	115
0	42
1	44
0	39
2	21
0	4
44	5
0	0
0	191
0	0
0	0
0	194
0	183
12	182
0	139
0	184
0	0
0	0
0	0
0	0
0	0
0	0
0	0
0	1
0	0
0	0
0	1
0	0
0	0
0	0
0	0
0	7
0	7
0	0
0	0
0	0
0	0
0	0
0	7
17	11
0	0
0	6
1	8
0	2
2	2
0	25
1	25
1	52
0	39
0	49
0	40
6	0
0	0
0	0
0	0
0	0
0	0
0	0
0	0
0	0
0	0
353	106
0	66
3	40
6	0
0	0
0	0
0	0
9	63
0	42
0	45
0	5
3	32
14	0
26	0
2	1432
12	491
0	521
2	374
0	327
11	0
0	0
135	1432
0	2
0	0
0	0
0	2
0	2
0	2
0	1
0	1
0	1
1	147
0	509
4	449
0	423
1	47
22	8
3	36
0	0
0	0
0	0
0	0
0	0
0	544
0	424
11	551
14	98
0	98
1	139
0	150
0	5
9	164
0	206
0	194
0	65
0	60
0	35
7	33
139	52
0	55
5215	3847
0	3635
2	0
0	15
0	40
0	38
0	36
0	27
0	9
0	11
0	27
0	27
0	27
0	5
0	5
0	1
0	27
0	3
0	2
1	3
0	0
0	32
0	180
0	119
0	126
10	167
32	2
0	12
2	0
0	8
0	39
0	1
0	0
0	7
0	30
0	0
0	0
0	0
0	0
0	0
1	0
75	0
0	0
33	14
2	14
0	0
2	0
12	112
0	133
12	27
0	29
0	43
2	28
4	17
0	140
119	0
22	198
7	297
4	650
34	658
0	65
0	65
1	59
13	10
0	0
0	0
0	0
0	0
0	0
0	1
0	1
0	1
124	1005
0	1017
3	971
0	103
0	135
0	0
0	7
0	4
0	4
10	7
2	206
0	88
0	119
0	169
0	117
0	126
48	166
0	206
0	35
0	132
0	120
0	130
4	65
6	66
14	663
33	663
3	126
6	126
0	138
0	135
0	83
0	80
0	0
0	0
0	0
0	0
0	0
0	0
0	0
0	0
0	0
18	6940
39	737
14	6832
0	6450
0	6648
82	89
6	3639
6	881
181	186
161	82
65	93
80	0
92	24
0	3620
580	2398
1	2385
122	0
13	1853
0	2402
2	672
14	935
0	1520
5	366
2	1808
2	619
14	877
4	1107
0	57
0	0
0	0
0	265
0	229
0	261
0	228
0	267
8	104
0	27
2	10
99	1262
2	1233
0	514
4	450
0	53
0	330
0	231
0	111
0	74
15	39
16	29
0	1
1	212
0	193
0	49
1	40
0	203
0	126
0	16
0	125
0	70
0	3
0	88
0	38
0	116
0	103
0	29
2	14
0	76
0	33
0	48
4	22
0	17
7	0
26	0
0	4
2	556
12	552
1	165
0	2227
20	2188
1	1955
15	1770
8	343
0	0
0	0
0	0
0	0
2	2
0	2
2	0
0	19
0	19
0	7
14	593
0	590
0	128
0	59
2	56
16	14
0	123
44	258
0	86
2	14
0	402
993	402
3	98
0	59
0	58
0	58
0	6
0	6
0	4
1	3
0	58
0	5383
2	343
0	394
6	649
16	404
3	566
2	265
0	4919
0	5383
0	224
0	78
0	29
1	78
0	82
18	7
15	84
7	50
0	13
0	510
0	492
0	258
0	277
0	253
0	260
3	219
0	67
0	127
0	34
2273	934
0	793
0	141
0	2
0	2
0	2
0	0
0	0
0	0
11	307
1	26
1	307
63	404
0	211
1	389
2	377
0	0
0	0
0	0
0	0
0	0
0	0
0	0
0	0
17	178
3	180
4	174
1	2
0	48
0	47
1	45
0	77
0	56
0	82
0	4
3	23
2	4
0	0
0	9
0	8
0	20
0	278
4	281
1	280
0	2
0	21
0	18
1	14
6663	29179
7	3389
43	2715
9	5055
18	1713
0	12427
32	4591
57	5982
120	8046
1	3901
2	4927
3	3985
1	4094
0	4095
12	4393
0	4927
0	0
0	2436
0	2151
0	704
1	1340
0	624
12	366
2	2203
1	2322
4	403
6	155
13	320
9	148
15	32
1	255
3	257
1	2536
4	1391
0	1408
0	1349
0	1419
2	1418
0	1479
0	283
0	1307
2	1231
0	169
21	79
1	244
0	271
3	149
55	7
0	100
0	70
6	18
11	15
0	253
0	253
0	46
0	17
0	25
0	9
0	10
0	16
0	24
0	4
0	4
0	5
0	1
0	12
0	232
0	207
0	240
0	241
1	240
0	103
0	40
0	64
6	25
0	14
0	0
0	0
0	0
0	414
6	191
7	128
0	238
7	51
51	1061
0	877
0	311
0	291
0	326
4	435
3	167
511	0
0	267
0	545
30	2040
0	1787
21	1628
0	1443
1	253
76	1618
0	234
4	26
0	76
0	0
0	15
0	15
0	6
0	10
0	13
0	13
0	15
0	15
0	15
0	13
0	6
0	2
1	0
0	7
0	2
0	0
0	0
94	34
13	34
7	0
0	0
0	0
0	117
0	4807
117	5112
0	461
0	185
5	999
38	4607
0	709
0	771
5	364
2	1796
9	641
113	46
2	45
0	0
1	8
28	3938
37	3938
0	66
55	121
14	0
123	131
0	616
2	450
13	451
0	459
1	598
870	443
8	89
2	23
0	176
0	326
0	52
0	349
0	101
6	295
6	157
3	16
0	16
0	3
889	1698
0	476
5	573
0	804
0	667
0	1280
0	129
1	130
1	49
0	11
0	149
69	1030
25	1026
0	21
0	9
0	21
0	21
0	21
0	5
456	1050
0	955
0	423
2	176
0	121
0	22
0	20
0	12
0	0
1	10
0	260
25	260
2	10
3	57
0	9
4	348
10	228
0	393
48	168
0	178
0	175
0	139
0	10
0	181
0	168
0	21
0	31
0	59
0	43
9	7
6	0
0	0
0	5
0	6
0	5
0	6
0	6
0	1
0	5
0	1
1	6
0	0
0	839
3	911
0	250
7	68
0	155
0	794
101	629
2	52
0	113
0	2
0	625
0	110
3	208
9	16
1	16
31	55
0	42
0	77
3	167
0	173
0	81
0	73
0	37
0	213
0	75
0	169
0	44
0	50
34	7
5	25
0	21
0	18
0	8
0	14
0	46
23	9
0	7
3	7
0	25
79	5132
25	5158
114	671
3	475
0	322
0	322
0	311
0	1
0	0
0	322
19	72
5	63
0	72
0	20
0	12
0	72
35	961
14	468
2	43
20	74
0	509
0	43
4	50
1	35
0	13
9	13
67	314
2	314
17	35
0	0
0	0
0	166
2	139
0	55
4	11
0	9
0	146
0	5
0	55
0	4
0	151
3	97
5	117
0	66
0	40
0	3
0	1
0	3
1	2
0	1
354	156
0	38
3	107
0	18
0	13
25	1
0	82
0	93
0	96
0	97
0	52
2	11
0	18
5	8
12	20
2	36
0	14
305	0
239	356
3	273
16	31
3	85
0	621
33	682
14	508
8	481
0	167
1	79
106	0
11	0
0	0
0	0
0	0
5	5
0	0
0	0
0	0
0	18
0	82
0	101
2	48
3	16
8	0
0	134
4	145
0	69
6	0
0	145
0	0
0	0
1	2447
59	363
74	1356
0	2423
17	2404
19	147
0	47
4	147
10	13
1	13
8	0
0	0
1	10
0	10
0	10
0	0
0	0
0	0
0	0
0	0
5	92
0	112
9	24
0	77
3	42
12	24
15	27
11	42
0	34
0	99
0	0
5	0
406	131
0	131
1935	747
0	747
233	125
0	24
0	67
0	48
3	78
1080	446
0	72
7	205
0	222
0	31
0	0
33	0
0	0
0	0
1254	0
0	0
0	0
0	0
0	0
57	1660
255	1659
4	47
0	47
0	11
0	28
0	0
0	0
333	28
10	28
0	0
0	0
0	0
0	0
0	0
0	0
0	0
0	0
0	0
0	0
0	0
0	375
0	107
0	84
27	319
4	138
0	32
0	0
0	0
0	0
0	4
0	4
0	0
0	0
0	4
23	1
2	1
177	0
0	0
188	953
2	896
2	73
2	351
0	60
12	53
46	28
0	0
5	45
0	46
0	38
16	14
37	0
0	3
0	4
0	4
0	4
0	4
0	0
0	1
0	0
0	0
0	3
0	3
0	2
1	73
47	17
115	527
0	89
2	247
22	238
11	202
0	0
0	0
0	1351
1	1307
0	1351
0	173
11	103
66	827
3	21
12	43
5	28
11	35
0	31
0	0
0	0
0	0
0	75
0	76
15	72
6	71
2	219
0	193
0	148
0	61
1	17
0	20
0	29
0	0
0	0
0	0
0	0
0	0
0	0
0	0
0	0
1	295
9	287
4	285
4	297
0	44
2	46
2	9
0	7
0	298
4	0
4	0
0	0
0	0
0	0
0	0
0	1
0	1
0	1
0	0
0	0
5	26
0	5
0	23
0	23
0	0
0	23
0	21
0	9
0	0
1	0
0	0
0	0
0	0
0	0
4	339
2	605
0	571
0	409
0	1268
2	121
3	33
1	26
6	623
0	580
0	1278
143	0
17	284
0	39
3	268
0	69
418	48
0	48
0	0
28	0
0	19
0	7
1	74
1	75
9	38
0	6
0	18
2	9
1	9
9	0
0	142
232	172
1	171
4	4
0	0
2	4
0	61
0	21
0	21
0	0
3	588
0	82
29	604
20	103
0	35
13	80
3	57
0	111
0	192
313	297
2	106
2	276
13	142
0	250
3	253
0	27
0	39
44	547
23	520
3	317
10	116
0	30
0	0
0	0
32	103
0	28
0	54
0	11
0	11
4	51
0	14
0	15
0	17
0	5
0	68
0	17
0	62
0	35
0	4
0	0
0	0
0	0
959	0
57	0
3	353
17	405
0	358
0	361
16	354
0	214
0	138
0	152
7	309
0	3
0	3
0	20
0	297
2	23
2	0
0	316
0	6
0	1
0	63
5	0
0	320
0	49
0	49
0	11
0	20
8	1194
5	47
2	134
0	168
0	145
3	114
4	86
26	55
1	0
0	1172
0	1194
0	0
32	347
40	319
13	34
0	185
20	108
0	17
7	99
0	85
0	108
0	89
0	84
0	108
0	0
240	154
0	154
200	1
0	1
0	2
0	2
12	617
4	754
54	530
11	240
0	44
0	172
53	1660
11	85
35	110
6	72
4	37
13	1660
19	668
1	735
0	558
0	73
0	384
0	81
0	547
3	196
2	207
0	498
16	223
1	226
30	45
0	26
0	33
2	29
2	68
3	51
2	22
0	47
0	24
1	347
1	104
39	347
0	17
0	17
1	53
0	48
0	43
0	48
9	52
0	2
0	2
0	0
0	0
0	0
0	2
0	0
35	7
23	31
0	31
93	6350
4	6054
289	2890
1	723
57	3249
19	482
896	23
0	676
0	606
3	609
3	233
6	272
7	0
0	768
0	743
0	571
0	537
0	259
1	116
0	38
0	35
0	35
0	30
0	25
0	25
0	0
227	124
0	34
4	90
0	42
0	29
1	25
0	17
37	53
0	80
0	0
0	73
0	80
0	6
0	15
0	26
0	80
0	80
4	23
0	31
2	43
1	34
0	326
0	264
0	112
13	16
0	34
3	226
57	6
13	13
0	15
0	72
1	18
0	22
0	222
0	262
0	0
0	0
117	0
25	190
0	196
0	17
2	130
2	35
4	33
0	0
0	0
0	0
0	0
0	0
0	6
3	0
0	0
0	6
4	186
60	180
3	31
8	31
0	0
0	0
1625	727
13	366
3	451
0	158
17	0
2	96
0	0
0	0
0	0
0	0
0	0
1	0
0	0
0	3
0	1
0	0
0	136
70	200
0	43
6	169
0	1
0	1
0	3
0	0
0	3
0	0
0	3
79	46
1	23
2	35
3	24
0	13
0	0
0	0
8	284
0	262
0	49
30	129
0	124
0	5
0	15
0	14
0	29
1	82
0	35
0	0
4	985
1	976
0	964
4	705
4	13
2	113
0	419
2	72
0	64
12	59
0	419
0	19
0	15
0	14
702	141
2	51
4	124
1	41
9	48
1	0
0	36
0	161
0	11
0	22
1	23
0	21
0	59
1	34
0	288
0	224
0	198
5	251
0	1
1	9
3	9
0	304
0	278
0	303
0	285
0	260
0	0
5	0
1507	783
0	348
2	365
1	155
35	87
0	0
3	25
11	8
0	25
0	12
0	12
0	23
1	3
2	3
1	1
0	3
17	5
377	0
0	12
0	9
0	5
0	0
0	0
0	0
0	0
0	0
0	1
0	0
0	1
0	1
0	0
1	0
0	0
156	16
0	16
0	0
28	0
7	3155
16	42
3	272
0	94
6	24
0	43
1	68
4	35
0	47
10	100
0	3120
2	201
0	1243
9	188
0	691
28	54
143	353
4	322
0	1255
0	0
0	0
0	0
0	1
0	0
0	1
0	0
0	0
0	0
0	0
0	0
0	0
0	0
0	0
0	0
0	5
0	5
0	2
621	0
9	147
0	0
0	0
0	0
0	0
0	0
0	0
0	0
0	0
0	0
0	0
0	0
0	0
0	0
0	3
0	3
0	1
0	3
0	3
0	1
0	3
0	0
0	0
6	0
8	906
393	1165
0	269
0	1088
0	548
0	563
3	625
149	0
23	31
0	36
0	36
4	9
0	190
0	202
17	16
1	42
0	15
0	44
0	4
2	10
0	1
0	10
0	0
12	0
10	0
0	190
0	191
1	1
0	0
0	0
0	0
0	0
0	0
0	0
0	0
0	0
0	0
0	0
0	0
0	0
0	146
0	0
0	146
1	2
3	6
0	0
42	23
1	162
0	140
12	338
1	309
0	248
0	251
0	157
1	183
0	0
240	93
0	73
1	31
1	28
8	58
0	73
0	30
0	32
0	17
0	0
47	22
7	13
0	4
1	5
0	6
0	0
0	0
0	0
44	420
0	493
0	478
0	93
0	4
0	74
0	2
0	14
0	14
0	74
0	327
0	327
0	18
13	330
0	139
0	327
13	327
215	0
0	0
149	336
0	231
0	154
3	131
0	99
0	81
2	2367
0	2160
3	346
0	48
1	12
0	0
0	0
12	413
0	227
0	413
0	11
0	41
0	11
0	30
0	7
4	22
0	20
7	0
28	320
0	88
0	287
0	36
36	0
0	134
40	64
0	34
0	1
0	1
0	9
30	18
1	7
0	9
0	11
0	15
38	18
87	9
0	3
0	7
0	0
0	0
0	0
0	0
0	0
0	0
0	0
406	83
8	35
0	88
14	0
0	2
0	2
0	2
0	2
0	0
0	0
0	0
0	0
41	25
0	25
0	0
0	0
0	0
0	0
0	0
0	0
0	0
0	0
0	0
0	0
0	0
0	0
0	14
2	100
0	283
0	17
0	39
0	286
45	286
0	31
0	33
1	0
0	0
14	1
0	0
0	1
0	0
0	0
0	0
122	606
1	304
0	396
0	606
1	6
0	6
0	0
254	20
1	20
4	0
0	8
150	8
0	0
0	0
0	0
0	0
0	0
0	142
0	156
0	157
4	142
0	13
0	24
2	3
1	53
372	200
4	200
0	0
0	0
0	0
4	33
918	293
0	108
4	29
4	26
0	97
10	28
8	24
1	594
2	601
6	62
0	0
0	0
0	0
0	0
0	0
0	0
0	0
0	0
0	0
0	0
25	0
0	0
0	0
0	0
0	0
29	851
2	29
1	12
0	791
21	4
0	57
0	50
3	108
0	195
6	124
3	124
0	228
1	152
0	128
0	147
18	123
3	0
0	2
0	1238
1	975
6	1236
0	1
0	1
0	1
0	1
0	1
0	1
0	1
0	1
0	1
0	0
0	0
0	0
0	0
0	0
0	0
0	0
0	0
0	0
0	0
0	0
0	0
0	0
0	2
0	2
8	207
66	425
5	523
0	523
0	4
4	219
10	27
2	93
0	1481
1	1360
20	1428
27	431
3	109
0	172
33	42
0	635
0	102
11	56
1	16
8	89
50	126
1	59
0	59
0	38
0	44
308	213
0	146
0	116
0	129
0	1886
87	578
0	240
0	975
0	1037
0	1917
85	28
0	28
0	563
0	118
0	294
0	122
0	195
0	544
0	65
57	85
2	126
0	115
15	82
1	83
0	47
0	35
0	75
110	75
0	0
0	0
0	0
0	0
0	0
0	0
0	2
0	10
0	9
0	2
0	3
14	490
25	783
0	681
0	337
0	306
0	289
8	334
0	1
0	103
0	0
0	0
0	0
0	0
0	0
37	35
0	51
7	201
2	213
1	203
0	202
6	35
0	61
0	0
0	0
1	0
0	0
0	0
0	0
0	0
0	0
0	0
0	4031
0	4380
0	3970
0	4174
48	4060
153	3797
9	4017
0	873
12	450
8	400
2	153
0	64
0	3931
0	0
0	0
0	0
0	0
0	0
0	0
0	146
0	147
1	147
3	110
287	2361
9	514
33	2204
0	1073
57	1671
1	76
2	93
12	62
0	148
0	46
0	43
9	1671
18	17
0	17
5	13
2	1
0	0
0	0
0	0
0	0
36	712
6	615
0	202
0	281
1	86
0	57
0	389
0	425
0	412
0	143
387	2
0	0
0	0
0	0
42	159
0	45
21	30
1	31
0	23
0	123
0	0
0	0
0	0
0	0
0	0
4	160
1	160
33	0
0	0
0	0
0	0
0	0
0	0
109	197
8	486
1	523
0	524
0	3
1	3
0	0
0	0
0	0
0	0
0	1
0	0
0	0
4	0
0	0
0	0
0	0
0	1
0	0
0	31
1	15
0	15
0	0
3	13
0	15
0	8
0	35460
0	35455
3	34521
0	7
0	7
150	0
66	206
1	206
11	27
1	18
2	20
6	15
0	0
0	0
0	0
0	0
43	4
0	4
0	2
13	24
0	24
0	2
13	90
0	90
0	90
3	31
0	0
0	249
0	37
0	110
0	223
0	188
0	95
0	60
0	31
1	42
2	18
0	11
0	13
0	0
0	0
32	100
0	46
50	58
0	0
7	780
4	773
6	306
0	533
4	52
2	60
3	36
0	44
0	9
0	0
0	0
10	0
1303	275
5	252
53	2
1	108
1	177
624	0
2	0
0	0
0	0
0	0
0	0
0	0
0	0
3	3
1	3
0	403
0	243
0	1
0	404
0	402
477	579
163	533
0	91
0	116
0	49
3	128
436	185
0	58
51	176
4	185
0	42
1	1525
11	121
5	1182
1	120
22	1467
0	126
5	41
3	187
0	651
0	645
7	386
6	0
1	18
0	28
0	35
26	649
0	0
0	0
0	0
0	0
0	0
0	0
0	0
0	0
0	0
0	0
0	0
0	0
16	969
0	970
13	643
28	0
0	1
0	0
0	1
0	0
0	0
0	0
0	0
0	0
0	0
0	0
0	0
0	0
0	1
4	4
0	4
0	4
0	4
0	0
0	0
0	2
0	2
0	0
0	2
14	44
1	44
0	14
0	6
0	2
0	17
0	6
0	9
1	1
1	0
0	0
43	6
0	1
2	6
189	701
0	564
0	66
3	216
0	105
5	21
0	0
0	0
0	0
0	0
0	0
19	2453
29	2461
0	1009
622	221
0	209
0	186
0	132
12	218
1	198
11	265
18	76
0	491
3	49
3	143
1	158
0	93
5	1236
0	5
0	5
0	5
13	5
0	5
0	2
0	10
0	2
0	2
0	10
0	10
0	58
1	58
0	54
0	28
0	28
13	0
1	30
1	30
0	25
0	0
1	9
2	0
21	169
0	58
43	4
0	81
2	50
10	42
11	1419
25	1149
0	1218
0	1218
0	1155
0	590
1	88
0	88
0	25
432	431
24	415
5	406
1	5
14	721
0	658
0	590
8	31
0	48
0	0
0	0
0	0
0	0
138	2421
0	976
2	1034
0	805
0	886
2	108
3	227
7	190
1	105
1	57
0	0
463	89
24	43
0	46
216	153
0	31
0	123
2	123
0	79
0	105
0	96
10	87
0	67
0	56
0	24
36	17
0	7
0	9
0	3
0	7
0	7
478	897
100	6430
8	6399
263	1701
4	482
13	1022
68	893
36	257
0	1555
5	747
6	293
0	1488
24	259
36	445
0	205
12	127
0	0
0	0
0	44
7	19
0	12
0	34
0	41
0	32
0	21
10	21
17	0
12	71
0	14
0	57
0	12
0	0
0	1145
5	1087
49	309
0	0
4	76
0	65
0	0
45	124
6	96
0	115
15	292
0	84
0	157
1	157
6	282
248	689
98	336
0	329
4	57
4	688
1	199
1	297
56	210
0	118
0	125
5	108
5	35
16	33
62	1
0	228
0	9
4	64
0	5
0	230
1	65
2	123
181	121
0	9
0	121
0	2
0	2
0	0
0	0
0	0
19	23
0	19
1	15
1	6
4	101
47	106
0	0
0	0
0	949
152	878
12	200
0	91
0	121
0	64
0	0
0	533
11	533
71	474
4	500
1	501
0	526
0	231
0	263
124	3489
66	761
0	925
163	390
0	1222
7	344
59	278
0	414
5	107
96	18
3	1103
18	43
1	173
0	2727
0	1
0	1
0	0
450	39
0	39
0	326
0	309
0	243
0	288
1	282
0	20
0	305
0	85
0	40
0	67
0	82
0	27
0	70
0	0
0	6
0	0
0	0
0	70
3	1653
4	1622
24	1612
23	847
0	1202
2	1049
4	296
228	0
26	78
3	30
0	90
0	62
2	36
0	0
0	0
286	0
1	42
0	0
0	0
0	0
0	0
516	0
0	0
0	0
0	0
5	0
0	1
0	1
3	1226
8	1220
156	621
0	1028
19	357
0	1217
0	1220
0	1136
1	20
0	9
0	20
5	0
52	113
0	113
0	0
1	6
0	6
0	0
0	0
0	0
0	0
0	0
0	0
0	0
0	0
107	251
0	29
0	198
38	87
0	61
16	55
0	55
0	17
0	17
0	17
67	21
2	19
0	19
1	20
0	0
49	239
0	238
0	113
4	39
62	79
179	652
0	656
2	124
16	64
42	139
0	213
0	132
0	147
0	743
0	32
0	33
0	289
1	631
15	672
0	244
0	126
10	54
0	205
0	215
0	245
0	116
911	165
1	89
0	104
13	0
11	94
0	93
0	45
0	37
0	9
2	0
1	0
0	95
0	0
0	0
0	0
294	562
11	219
66	354
25	311
0	171
0	59
1	306
0	0
0	0
0	0
2	0
0	315
0	315
0	326
0	290
0	19
5	295
0	308
0	6
0	310
0	202
0	19
1	18
0	70
0	312
0	0
0	0
0	0
0	0
0	0
0	0
0	0
0	0
0	2
0	2
0	2
0	2
0	2
0	2
0	0
0	0
0	0
0	0
264	126
0	126
0	126
0	0
0	0
0	0
0	0
0	0
0	0
0	0
0	0
0	0
154	155
0	45
1	119
0	38
42	16
0	4
0	2
0	10
0	0
0	0
0	0
0	0
1	996
1	653
0	144
2	44
0	13
0	56
42	950
2	769
11	58
0	31
11	87
15	22
0	73
0	0
0	0
0	31
0	0
0	31
0	9
0	13
0	13
0	17
0	0
0	0
0	0
0	0
0	0
1	2
0	0
0	26
1	2
0	9
0	0
0	2
1	24
0	42
0	18
0	17
0	856
0	884
15	941
0	748
0	720
7	82
11	36
7	215
0	109
96	149
0	123
0	10
0	2
0	0
0	0
0	0
0	0
0	0
0	0
0	0
2	299
23	286
0	126
2	12
23	4
0	245
344	902
0	851
3	160
11	167
6	250
8	31
0	59
2	18
0	18
0	0
0	0
0	0
0	38
0	48
0	34
0	26
0	8
0	38
0	1
0	0
0	0
0	1
0	11
0	0
0	47
27	228
0	228
0	485
0	483
0	403
17	345
3	328
0	370
0	59
3	233
24	17
0	35
0	33
40	37
80	0
0	270
0	280
0	190
11	177
0	162
3	87
3	6
306	517
0	442
0	478
19	320
0	106
0	292
5	449
0	77
0	102
0	81
0	83
267	12
64	3357
1	372
14	3350
69	88
131	141
0	132
0	123
2	103
0	50
15	37
4	2581
0	1258
5	1272
2	2303
9	980
0	573
0	399
3	296
21	249
0	740
0	691
0	711
6	699
11	698
9	52
4	156
2	109
0	37
0	0
3	196
0	0
0	963
5	973
41	433
0	636
0	5
0	605
0	949
0	622
0	613
4	0
0	0
0	736
0	802
9	769
4	290
73	20
0	473
23	92
0	85
0	48
0	41
5	24
0	14
6	17
0	13
0	4
1	2
67	384
4830	507
3	492
0	0
0	0
12	112
0	111
0	44
1	113
4	112
0	57
0	78
0	73
0	30
0	29
1	6
0	2
0	0
0	0
0	0
0	0
0	0
0	0
0	0
0	0
0	0
0	3
0	0
0	3
0	146
9	138
3	128
4	5
0	23
2	54
863	167
65	167
23	0
1390	202
0	202
1741	440
0	392
0	104
78	56
4	45
32	11
0	0
0	0
0	0
0	0
0	0
0	0
0	0
0	0
0	0
0	0
0	15
0	15
2	12
9	10
0	6
2	12
1	13
13	0
7	15
0	10
40	6
0	6
0	3
0	0
0	0
0	0
0	0
49	146
0	67
2	102
2	3
0	3
0	0
2	0
0	18
0	18
0	26
0	26
51	24
58	24
0	51
0	28
21	51
4	154
1	259
3	314
0	319
1	244
0	246
2	109
6	48
0	34
0	22
1	0
2690	0
0	74
0	74
0	79
2	6
10	29
0	9
11	2
0	7
0	4
0	9
0	5
0	8
0	70
21	70
0	20
0	17
0	57
0	3
4	1
10	86
0	18
0	82
0	15
1176	288
3	236
0	149
1	1469
32	501
19	1078
1	352
0	145
1	40
0	110
2	227
38	229
21	393
4	321
5	17
0	0
424	1931
40	123
1	703
0	1169
4	14
5	1
4	14
23	649
2	34
19	1
8	0
15	13
0	136
0	63
2	126
0	50
0	39
324	8
4	8
1	67
0	67
0	1
123	2396
28	2400
1	57
0	0
0	0
12	581
0	741
4	812
0	828
11	35
18	76
1	406
1	157
19	155
0	102
0	0
0	0
0	0
0	0
0	0
0	0
0	0
0	0
0	0
0	0
0	1
684	77
50	77
296	869
65	645
3	72
0	149
5	281
8	51
18	54
0	185
7	12
0	0
0	0
0	0
0	0
216	100
0	61
10	106
0	106
7	28
2	14
14	0
0	81
0	0
0	0
0	0
0	0
52	1886
3	1835
0	1856
0	1315
0	1433
0	1463
6	100
33	125
15	396
1	109
0	222
0	34
0	1688
9	785
6	37
9	360
0	22
1	449
26	75
2	0
0	0
0	0
417	323
0	47
0	276
10	0
1	0
0	0
0	0
1	395
8	192
4	263
0	45
3	182
1	70
3	1
18	1
0	2264
1	2194
85	1460
4	34
1	34
0	32
0	3
0	0
0	0
0	282
0	130
2	19
0	270
0	38
4	29
7	135
0	66
1	34
0	428
1	389
0	322
2	237
0	227
0	210
1	95
9	92
8	118
0	137
0	101
5	88
29	1473
0	3
0	3
0	3
0	3
0	1
0	1
0	0
0	0
0	0
0	0
0	0
0	0
0	0
0	0
0	0
0	0
0	0
0	0
0	0
144	1194
197	170
0	4
7	6
7	51
0	128
6	22
4	15
0	72
11	17
0	51
0	84
0	70
0	40
0	12
0	31
0	36
0	6
0	5
0	42
0	29
0	0
0	0
0	0
0	0
585	4782
0	4846
97	1588
27	949
573	249
0	249
0	0
0	3
0	0
0	2
0	2
0	2
0	2
0	3
0	3
0	2
0	3
356	85
12	29
0	24
8	36
5	0
0	0
0	342
0	348
0	197
0	134
23	0
12	102
2	7
15	96
6	85
13	62
0	0
0	20
0	20
0	0
0	3
0	0
0	0
0	0
0	3
0	0
0	13
3	13
0	13
0	1
0	13
0	1
0	1
0	4
0	4
0	0
0	4
0	4
0	4
0	0
0	0
0	0
0	0
0	0
0	0
0	0
0	0
0	0
0	0
0	0
0	0
0	0
0	0
0	4
0	0
0	0
0	0
0	0
0	0
0	0
0	8
0	8
0	8
0	6
126	754
0	5374
15	18
0	5335
0	0
0	0
0	0
0	0
384	103
0	63
2	83
0	68
0	0
0	0
0	0
153	28
8	28
0	0
0	3
0	3
0	2
0	0
0	0
0	43
0	50
0	7
0	7
3	5
0	4
0	43
0	1
0	1
0	0
0	1
0	0
0	0
0	0
0	1078
8	276
0	737
0	866
0	876
0	1135
0	924
45	315
0	800
0	1080
0	1053
0	698
6	999
0	98
0	617
0	59
0	57
0	95
0	573
10	28
0	58
0	641
42	0
4	0
0	159
6	0
7	327
0	1109
0	1113
0	1094
0	6
0	4
0	3
0	2
1	1
0	0
0	0
0	0
4	19
0	12
3	7
0	5
0	4
0	0
0	0
0	0
0	0
0	0
0	0
0	0
0	0
0	0
0	0
0	0
0	0
0	1692
11	170
0	769
0	35
64	71
9	1581
0	129
0	147
0	41
23	180
4	153
0	115
0	112
0	44
3	43
0	78
551	0
0	0
0	0
0	0
0	0
0	149
0	144
0	85
0	61
0	19
0	0
0	149
0	144
0	226
0	160
3	243
0	235
12	0
0	0
8	826
0	838
5	142
1	257
0	1
0	1
0	0
2	517
29	435
0	491
12	486
4	502
11	123
877	7991
0	8008
0	7031
76	2416
0	678
3	829
0	724
3	663
10	85
0	62
59	2
14	781
103	36
0	785
68	821
6	157
6	0
12	0
0	0
0	0
0	0
348	0
8	0
0	0
0	0
0	0
10	256
0	242
0	114
0	104
0	114
0	65
69	1028
2	908
4	48
0	58
2	45
2	88
6	46
0	140
4	49
224	520
7	523
0	6
7	0
0	148
32	322
1	62
0	201
43	288
0	0
0	0
0	0
3	0
0	0
0	0
0	0
0	0
3	18
0	0
0	14
0	4
0	4
0	14
0	157
6	36
5	75
0	202
0	195
9	157
1	36
6	14
3	26
0	14
3	88
0	79
17	70
0	347
15	356
16	10
0	12
0	245
0	245
0	256
2	2
0	238
0	219
0	224
0	230
0	235
0	89
2	0
0	20
1	39
6	32
0	0
0	0
0	0
0	0
0	0
0	0
0	1046
16	82
1	70
0	36
0	0
0	0
0	0
0	0
0	0
0	1
0	5
0	19
0	1
0	18
0	12
3	0
0	6
2	0
0	1
13	22
0	22
0	215
52	219
0	209
0	213
33	186
0	98
0	21
59	27
5	10
0	6
0	4
0	5
0	3
0	2
92	37
0	19
0	18
31	0
0	0
0	0
47	6714
1	5006
7	429
0	0
0	0
0	0
0	44
0	27
2	44
0	6
12	11
5	18
0	4
5	36
0	28
0	8
1	8
0	0
0	0
0	0
0	0
1	28
0	30
0	3
0	0
0	2
355	85
1	85
0	0
0	0
0	0
0	0
0	0
0	0
0	0
9	1
0	1
0	0
0	321
0	118
0	200
4	321
0	166
0	99
5	3
0	3
0	0
0	0
0	0
0	0
0	0
14	706
0	700
0	302
56	312
0	428
2	69
4	201
0	122
5	90
3	67
0	60
17	902
1	213
0	66
0	0
0	0
0	0
0	0
0	0
0	0
10	662
0	138
21	521
2	110
6	662
0	96
26	97
7	139
1	56
0	3
0	3
1	1
0	3
0	0
0	0
35	15
0	14
0	6
0	3
1	3
0	0
0	1
0	0
0	0
0	0
0	0
0	0
1	0
0	0
0	0
0	0
0	0
0	0
0	0
0	0
0	0
1	0
37	1224
0	1258
23	1228
8	242
8	122
31	575
7	297
0	60
0	202
14	182
19	123
0	11
0	12
0	0
0	0
0	0
0	0
0	0
0	0
0	0
6	7
0	7
1	2
0	2
0	0
50	37
435	37
823	120
0	4
0	116
0	3
0	3
0	3
0	3
0	0
0	0
0	0
0	0
0	0
0	0
0	0
0	31
21	0
7	124
0	274
91	315
86	237
0	81
1	15
0	50
112	13
0	0
0	0
0	0
0	0
0	2
0	0
0	69
7	41
4	29
67	32
0	0
0	21
9	21
0	21
0	0
0	7
0	9
0	1
0	0
0	0
2	150
0	2586
0	1969
192	150
2	1173
40	0
104	321
0	1472
2	1825
0	1921
33	141
32	39
3	227
8	76
0	1413
0	368
2	293
0	192
0	130
0	305
5	43
0	1074
11	128
5	48
3	48
0	0
0	482
1258	2930
35	1063
13	692
42	1399
9	325
7	482
128	33
0	33
0	0
0	0
0	0
0	258
0	250
67	275
0	0
0	13
0	11
0	11
0	9
0	20
1	62
0	34
260	223
0	225
0	221
0	41
0	69
0	43
0	24
0	12
42	64
0	88
1	5
3	13
6	60
0	13
79	31
0	14
0	18
0	1
0	99
1	99
0	31
0	4
18159	124922
90	39935
8	33632
12	86531
139	45606
0	72129
75	62629
25	57179
9	363
9	366
0	331
0	145
0	0
0	0
0	0
0	0
0	0
0	0
0	0
0	0
0	0
91	305
53	48
0	274
0	49
1	9
0	176
1	275
6	10
0	50
0	104
9	33
0	56
4	118
0	118
0	32
0	0
0	43
0	118
1	30
0	0
0	2
0	0
0	0
0	0
0	0
0	0
1	19
0	0
0	0
0	0
0	0
1340	5496
18	961
3	1371
9	699
0	0
0	0
0	0
119	197
0	201
0	419
8	302
17	519
44	712
9	214
0	781
0	207
0	456
3	463
0	308
0	21
5	61
146	72
0	2
0	11
1	7
1	42
1	48
0	1
0	1
0	1
0	336
0	22
4	229
0	281
74	524
2005	679
3	155
0	218
245	68
0	44
0	24
1	28
10	0
32	1812
18	981
0	447
1	731
1	1775
1	136
1	965
7	0
4	2598
0	920
0	1204
16	0
0	2014
8	296
9	312
0	235
0	0
471	545
9	58
11	186
24	118
15	102
18	27
139	1141
0	225
3	171
4	113
0	209
6	8
0	1029
0	554
545	44
1	44
232	67
1	31
2	67
0	13
173	61
0	48
0	10
0	12
0	225
1	130
72	114
0	57
0	211
0	0
6	0
0	0
4	27
0	10
0	10
1	17
0	10
0	0
7	75
0	64
0	25
0	61
0	53
0	12
0	61
0	0
0	0
0	0
270	0
0	0
1378	2687
10	222
0	2015
0	1330
4	2552
0	2042
348	954
0	809
1	394
0	244
0	130
0	107
0	203
0	174
6	503
9	609
0	55
0	141
0	139
0	87
0	0
0	140
0	109
0	148
0	363
1	469
0	178
6	166
0	395
0	358
10	362
2	248
0	4
0	3
1	0
0	4
232	142
0	134
1	63
0	51
0	17
0	16
0	19
0	18
0	9
0	11
0	5
0	0
0	0
0	1
0	1
0	17
4	16
0	4
1	2
0	0
0	15
0	0
0	9
2	14
427	278
0	282
1	120
0	123
0	33
0	52
0	28
0	38
0	20
0	13
0	8
0	4
0	4
0	1
1	0
82	166
0	88
0	66
1	70
0	57
0	4
0	60
0	63
0	6
0	0
0	0
0	0
0	0
319	153
0	57
0	67
0	8
10	82
2175	0
0	4460
0	4459
0	4346
0	0
0	0
0	0
0	392
3	24
0	245
0	338
9	386
8	40
4	198
106	139
0	124
20	110
0	128
0	76
0	7
4	23
0	8
0	3
0	2
0	0
280	112
1	17
654	1766
8	14
27	23
0	1553
82	0
56	22
5	106
0	59
0	1739
0	40
1	37
0	30
0	23
0	0
4	20
0	1
274	60
0	45
0	30
0	0
0	0
0	0
0	0
0	0
0	0
0	0
0	0
0	0
0	0
0	0
0	0
0	112
0	0
0	235
15	8
3	408
0	178
0	34
0	21
9	188
26	255
9	418
0	341
118	823
0	243
0	33
0	225
38	94
1	42
3	20
4	3
1	61
0	366
0	51
7	29
0	19
11	0
4	0
4	0
0	0
0	0
0	0
70	2591
0	965
1	0
8	178
1	169
0	221
4	1630
3	171
0	304
0	256
0	147
0	281
0	328
1	269
0	0
0	0
0	0
0	0
0	0
0	0
5	4477
0	766
0	1126
44	629
2	318
276	3
0	1129
0	1144
1	619
0	877
0	1148
34	21
2	203
0	2726
1	647
0	63
0	865
0	301
0	381
11	718
0	388
0	296
0	505
0	2655
0	2565
0	983
24	2431
0	558
7	910
0	2206
0	373
0	702
7	310
0	376
0	191
0	536
6	219
2	314
0	700
0	655
0	566
0	394
0	519
0	523
0	364
4	17
0	274
0	0
0	0
0	216
0	227
3	130
1	161
5	13
4	2271
1	2312
4	715
1651	8062
9	7867
77	5776
6	1739
4	2171
0	2023
2	446
0	2125
7	3274
24	850
19	1092
0	0
0	0
0	0
0	0
0	0
0	0
0	1
0	1
0	0
0	0
0	1
0	0
0	0
0	1
3	132
0	157
1	150
0	0
0	0
0	0
0	0
0	0
0	0
0	0
0	0
0	0
0	0
0	0
2	0
430	73
0	73
5	0
0	0
0	3
0	10
7	295
0	243
6	175
0	298
34	295
0	261
57	5
335	0
199	0
0	0
188	64
0	14
14	64
0	0
0	0
0	0
0	0
0	0
0	0
0	0
0	0
0	0
0	0
0	0
0	0
0	0
0	211
0	192
0	206
1	227
0	152
0	33
1	39
58	316
9	188
3	312
1	8
0	159
0	1071
27	76
0	220
50	1213
0	163
0	0
70	6
0	4
0	4
0	2
0	0
0	16
0	16
0	16
0	92
2	92
1	6
0	0
180	216
62	2
0	214
0	313
0	21
0	1
0	43
0	305
29	148
0	0
0	292
0	25
0	85
0	306
0	322
0	323
0	334
0	268
0	288
0	16
0	80
0	0
0	0
8	332
5	483
5	412
3	135
12	94
25	73
8	66
0	49
0	0
9	0
0	2
0	0
0	2
0	53
0	353
0	339
0	616
7	589
0	561
5	570
0	546
25	396
7	322
26	71
3	0
0	0
0	0
0	0
13	32
70	206
0	180
1	28
2	16
0	364
0	382
0	71
0	118
0	175
0	157
0	110
1	165
2	57
0	148
0	64
0	96
13	72
0	0
0	11
0	7
0	5
0	5
0	5
0	0
0	4
0	11
0	52
61	56
1	52
0	56
1	0
0	0
0	0
17	5
0	12
0	13
12	215
10	712
0	65
0	77
0	335
0	724
0	3
0	54
380	56
6	16
0	39
9	617
26	617
1862	605
12	25
0	0
165	532
3	203
0	776
0	708
0	797
0	819
0	778
16	649
50	608
0	559
1	64
91	331
119	316
0	60
0	0
2	273
0	168
0	169
0	32
0	23
7	40
1	28
4	4
16	41
0	20
0	18
0	260
0	1115
279	1292
3	863
0	1090
1	1052
9	174
17	15
5	212
71	34
2	550
13	82
3	62
0	88
5	150
0	201
0	225
0	39
0	257
0	390
2	199
0	182
20	187
14	96
45	13
9	48
614	48
0	0
0	0
0	0
0	0
47	10
0	10
1	4
0	2
0	0
0	2
8	2
0	0
0	0
0	0
0	0
0	78
11	72
4	16
2	1163
61	1164
35	313
111	1163
0	95
0	144
1	80
0	19
13	8
0	8
9	682
1	579
0	608
0	636
13	125
10	36
1	174
6	123
0	76
2	0
0	0
0	0
0	0
0	0
0	0
44	924
0	714
2	925
0	806
486	172
19	172
0	0
0	23
0	30
0	90
0	60
12	25
0	44
0	0
2	0
9	80
0	43
1	5
0	26
0	0
0	0
0	0
0	0
0	0
0	0
0	0
0	0
670	5395
4	5076
0	2920
4	306
0	1748
0	388
0	5104
0	0
0	0
336	87
0	41
6	67
462	966
2	135
1	61
15	902
15	903
36	82
0	152
71	930
0	952
0	243
6	19
0	138
0	101
0	202
2	63
1	54
0	49
1	33
1	19
3	9
0	8
0	1
0	0
162	336
0	349
1	288
0	203
0	19
0	3
0	2
10	0
0	2
0	0
0	1
0	0
0	0
0	1
0	65
73	67
0	26
0	0
0	0
0	0
0	0
0	179
24	179
0	38
1	0
0	0
0	0
0	0
0	0
0	1
0	1
0	1
0	1
0	1
0	0
0	0
0	1
0	1
0	0
0	0
0	3
0	0
0	2
449	1
0	0
0	0
0	0
0	0
0	0
52	142
0	109
0	33
2	76
29	5
17	44
20	15
0	0
0	0
0	0
53	280
0	257
2	207
1	91
0	327
1	279
10	96
0	89
0	200
0	247
0	23
0	0
0	0
0	0
0	0
0	0
0	0
0	13
4	20
2	7
0	3
0	12
0	0
0	1
0	1
72	3
11	3
0	186
182	2071
0	1738
9	99
1	210
11	35
16	538
34	20
121	0
40	8
0	412
0	417
0	418
0	419
1	82
2	110
4	20
0	419
6	749
3	751
0	698
29	698
34	15
0	63
0	156
2	112
4	42
0	286
6	0
1	0
15	10
0	4
0	10
3	357
0	133
10	224
1	83
0	72
7	90
0	74
2	0
7	40
0	0
0	320
0	318
14	315
0	217
0	273
0	71
0	29
9	29
3	220
0	133
3	3
0	15
0	59
0	0
0	0
865	171
15	45
23	126
0	44
0	139
0	20
26	17
0	134
0	54
0	83
6	131
5	121
0	59
0	47
0	101
0	82
0	120
0	115
0	137
0	37
0	139
0	0
0	0
0	0
183	0
0	0
0	0
0	0
0	0
0	0
0	0
0	0
0	0
16	272
55	84
2	156
0	160
26	58
81	425
0	415
2	278
0	413
0	72
8	39
0	78
0	36
0	68
0	60
0	57
1	24
0	2
0	1
0	1053
1	558
1	3799
0	4535
120	3711
9	2519
24	886
4	358
3	776
29	307
0	133
0	196
0	183
0	144
0	123
0	25
0	52
0	195
0	52
0	52
0	42
0	32
0	34
11	23
0	17
0	4
5	0
0	136
0	134
0	136
67	64
0	133
1	136
0	32
0	0
979	118
0	122
6	4
106	0
70	330
2	164
0	248
0	55
0	163
1	189
0	105
18	18
1	5
0	0
0	13
0	0
1	0
0	0
0	0
0	0
0	382
0	363
0	383
0	331
0	382
0	48
0	196
0	196
1	21
0	38
0	111
3	64
0	40
0	0
20	48
5	1
0	47
1	46
0	28
2	21
0	18
0	0
0	331
2	112
0	0
8	115
5	92
0	35
0	28
0	92
0	102
0	96
0	92
0	40
0	9
0	12
0	34
0	21
0	26
0	19
0	15
3	14
4	2
0	9
0	0
18	261
1	196
2	39
0	261
0	10
0	8
0	10
0	0
9	0
0	476
0	471
0	482
0	201
0	200
0	119
0	121
5	53
0	70
2	75
15	26
4	14
68	8
0	0
0	0
0	0
0	0
0	0
0	0
1	0
0	0
0	0
2	18
0	14
0	16
0	3
0	7
0	16
0	642
0	604
0	405
13	87
1	46
0	0
0	0
0	0
0	0
1	2
0	2
0	2
20	909
0	1096
0	1033
0	145
9	115
0	5
0	5
0	5
0	5
0	5
0	5
0	5
0	5
0	5
0	5
0	5
0	5
0	5
0	0
0	0
19	2
2	541
0	1080
4	157
13	280
1	703
1	3
31	326
0	892
0	1076
0	1
0	1
0	5
15	267
0	185
0	231
0	107
0	101
1	253
0	135
0	122
0	32
0	23
0	19
0	14
0	0
0	147
0	164
5	135
2	33
247	448
0	74
0	1
0	14
7	30
0	457
6	230
0	0
0	0
0	0
0	0
0	15
0	14
0	0
0	13
0	26
7	38
17	26
0	12
0	0
0	0
0	0
0	0
1	97
4	373
7	317
4	213
183	36
0	36
0	0
0	0
0	0
30	86
4	2
0	2
1	88
0	475
0	479
86	1362
14	1354
0	421
0	0
0	0
0	0
0	0
20	82
5	77
0	77
0	68
3	0
4	167
4	73
0	90
5	95
140	166
0	0
15	652
3	611
0	142
0	40
230	385
0	385
0	27
3	200
167	959
0	135
50	915
0	787
9	768
55	658
0	0
0	13
0	12
0	13
0	4
0	12
3	0
0	0
121	1431
0	1117
0	1372
0	1061
0	1003
0	498
0	573
23	743
12	144
0	466
0	51
111	0
0	0
0	0
0	0
0	0
0	0
0	0
0	0
25	2
31	22
0	2
0	1
0	4
0	18
453	1438
0	1438
4	281
0	0
0	0
6	285
0	164
0	289
0	266
0	231
0	62
1	121
0	57
1	85
0	64
1	39
0	43
0	29
0	29
0	0
0	0
0	0
0	0
0	0
0	614
19	596
0	155
7	286
0	218
0	203
0	0
0	173
13	31
0	44
13	182
0	5
0	5
0	3
0	3
0	3
1	0
15	57
0	58
0	45
3	15
1	16
0	0
0	0
1152	34
38	34
0	0
0	0
0	0
0	0
0	0
0	0
125	284
1	275
12	163
0	0
0	0
3	27
0	27
0	13
0	4
0	5
0	3
55	3
238	31
3	29
0	0
0	0
0	0
0	0
0	0
0	0
0	0
0	0
0	0
0	0
0	0
0	0
0	0
0	0
0	0
0	0
0	0
0	0
0	0
0	0
0	0
0	0
0	0
0	0
0	0
0	0
0	0
0	0
0	0
0	0
0	0
0	0
0	0
0	0
0	0
0	0
0	0
0	0
0	0
0	0
0	0
0	0
0	0
0	0
0	0
0	0
0	0
0	0
0	0
0	0
0	112
3	4
0	11
22	11
0	108
1	110
5	18
14	221
0	215
0	200
0	216
2	157
0	5
37	798
2	140
0	783
0	325
0	340
7	259
0	433
4	78
0	11
0	340
1	15
0	0
0	0
0	0
0	0
0	0
0	0
0	0
0	0
0	0
0	0
0	3
4	11
0	8
1	5
0	105
82	105
13	7
0	7
32	0
847	282
0	252
0	48
0	238
2	2
4	49
2	65
347	405
19	252
0	160
5	64
22	75
0	75
138	0
1	0
7	5528
111	4464
279	20
63	4440
3	4389
4	5503
0	4051
8	4420
14	2817
18	258
0	37
0	9
0	37
0	28
0	37
0	4
0	0
2	14
0	0
1	0
0	1
0	1
0	0
0	0
0	0
0	0
0	0
0	0
0	0
0	0
0	0
0	0
0	0
0	0
1661	80
81	45
111	35
0	0
0	69
0	68
0	16
0	25
9	1
28	0
268	438
0	355
13	1027
58	368
0	810
0	671
2	44
10	10
5	3
0	10
0	34
2008	837
5	349
3	487
5	0
80	893
1831	1198
4	286
2	244
6	305
39	64
0	0
0	0
0	0
0	0
0	0
0	0
0	0
20	1990
0	810
27	1877
1	73
0	148
30	547
152	1318
136	1354
92	271
0	232
0	23
0	73
7	55
1	112
0	0
11	0
0	16
0	1
15	24
1226	66
0	72
0	8
1	0
1566	1808
5	424
0	675
66	932
14	154
0	226
22	438
5	275
2	204
0	106
4	119
9	31
16	0
0	0
0	0
3	0
0	158
0	166
3	162
0	18
0	158
1	102
2	107
0	18
2	15
1	17
0	19
0	2
3	17
0	32
0	0
0	0
18	2
32	157
45	208
0	73
0	157
22	112
0	0
0	0
605	196
16	196
0	73
93	27
0	27
60	298
0	278
2	116
5	43
0	0
16	0
324	201
0	177
5	24
0	3
0	3
0	0
0	0
0	0
0	0
0	0
0	0
1	330
0	345
4	345
0	270
8	57
0	43
0	32
0	795
0	869
17	869
0	98
0	986
0	971
0	324
0	531
1	101
0	302
0	22
2	81
4	79
20	106
0	923
0	1039
0	0
13	1186
0	1137
0	12
0	165
8	110
0	146
0	137
0	91
1	432
0	139
0	77
0	140
0	45
4	213
0	0
0	0
0	0
0	8
0	0
0	8
0	8
0	138
5	138
10	21
631	21
14	17
0	0
0	0
0	0
0	0
0	0
0	0
0	0
2	274
1	148
147	578
1	155
5	92
1	521
0	0
326	258
0	41
0	128
1	76
4	27
5	3
0	0
0	0
0	0
0	0
1	1
0	0
0	0
0	0
0	10
0	1
0	3
0	1
32	1
0	10
0	0
1	0
0	0
0	37
38	87
0	39
0	74
0	12
2	30
10	20
0	39
0	0
0	1
0	0
0	0
0	0
0	0
0	1
1	0
0	0
0	0
0	0
0	0
0	0
0	0
0	0
0	0
0	0
0	0
0	0
0	0
1	0
0	0
0	0
16	129
0	119
0	88
0	64
0	23
0	0
67	757
0	757
7	161
46	258
0	8
24	250
0	0
0	0
2	277
5	27
12	3
0	300
0	30
0	300
3	112
0	112
0	112
0	48
0	8
0	0
0	0
3310	874
0	59
0	202
5	38
12	588
0	500
1	149
45	7
229	402
0	13
64	13
0	16
0	399
0	850
0	204
0	155
0	155
0	860
0	156
0	268
0	31
0	85
20	86
0	77
1	43
1	49
0	33
0	5
0	9
35	263
0	980
2	329
0	100
0	981
0	787
0	0
0	0
0	3
79	133
70	27
0	106
18	266
0	266
0	63
0	51
0	18
13	14
0	5
1	2
18	8
2	8
172	470
0	495
0	346
0	52
66	59
1	29
0	39
0	31
0	40
0	15
0	4
0	2
0	4
0	1
0	3
0	2
0	4
63	8010
0	8104
23	8000
1	109
3	183
6	541
19	1434
17	410
57	0
19	5176
0	5813
4	4103
0	5397
1	6012
59	5182
21	4220
44	5766
15	2378
43	199
0	0
0	0
0	0
0	0
0	0
0	0
69	1453
1	5578
17	615
0	5606
0	1872
4	1890
0	5602
0	5588
0	45
0	25
3	92
4	37
3	78
0	8
1	1
1	165
1522	746
3	259
0	284
18	222
53	183
157	120
211	0
0	0
0	0
0	0
0	0
0	14
0	3
2832	156
88	121
0	35
0	0
0	0
44	82
0	19
1	154
0	58
31	32
207	32
0	12
0	27
0	0
0	0
55	11
17	11
2	11
5	125
0	23
0	27
1	27
0	23
0	21
0	11
47	0
0	0
0	0
455	0
6	31
0	9
0	258
0	249
0	8
0	29
3	0
4	134
0	15
6	10
0	23
0	115
1	7
0	34
0	1
6	5
1	18
15	1056
0	421
68	668
3	837
1	490
0	224
29	47
4	341
90	930
5	930
0	145
11	77
7	4886
0	48
288	19
0	4880
0	111
0	85
1	36
0	23
310	820
67	9
14	114
48	0
0	484
1	356
1	437
22	16
0	53
10	4
0	630
0	645
0	202
0	40
0	29
7	645
6	343
0	630
0	645
1	105
0	24
0	84
0	9
3	78
0	645
0	645
0	1
0	1
0	1
17	18
3	1
0	4
0	4
0	17
0	2
0	6
136	244
8	244
16	0
0	0
2	42
1	31
0	35
0	12
0	6
99	4440
20	4376
0	285
7	104
24	140
0	269
6	2241
9	2229
0	238
57	74
0	1763
3	90
67	732
0	359
0	183
2	442
2	286
10	424
18	410
7	49
0	67
1	297
0	58
60	89
0	16
1	35
0	55
0	30
1	26
0	18
0	15
0	830
0	816
6	806
0	24
3	0
0	1
2	825
68	0
0	317
4	309
2	54
29	161
0	31
1007	305
16	84
48	0
0	190
1	183
4	166
10	89
0	26
0	5
6	10
18	9
3	16
0	14
0	9
0	183
0	1915
2	1914
0	332
0	329
0	330
0	316
0	220
15	187
0	154
0	161
2	140
0	88
0	66
0	38
0	1914
6	0
0	0
0	0
0	0
0	0
2	0
17	321
0	321
2	49
0	0
0	0
0	9511
0	170
3	167
0	76
0	24
0	23
1	1
0	170
0	170
0	0
0	244
1	245
0	241
0	22
0	126
0	126
0	126
15	0
33	58
7	61
0	16
0	20
3	21
112	1022
1	767
18	637
0	652
0	553
0	459
0	468
0	447
0	446
0	354
7	403
0	402
0	216
0	0
0	0
0	0
0	0
0	0
878	524
26	524
1207	0
0	0
13	4221
82	531
0	291
0	2976
0	3918
20	3516
3	2608
6	447
0	0
4	18
5	6
0	3
0	1
1	0
0	18
0	0
88	9
0	9
1	0
30	54
0	54
0	26
0	33
0	28
1	13
0	13
127	111
0	19
0	80
5	62
0	67
9	65
14	70
0	330
0	297
1	76
6	0
118	0
0	93
25	2449
9	873
5	1612
23	1797
0	2449
0	634
0	28
29	3
0	541
0	542
22	110
1	25
2	46
0	0
0	0
0	0
0	0
0	0
1	109
0	83
0	23
0	66
0	50
0	15
4	76
0	94
0	29
2	84
0	20
2	25
0	22
0	102
1	654
0	659
0	382
0	683
38	278
65	325
0	572
0	455
1	580
4	317
0	629
0	600
0	655
0	58
0	439
3	663
0	598
0	386
0	54
0	60
1	110
0	91
8	47
1	60
2	56
0	6
0	4
0	4
0	2
5	211
0	249
5	247
0	220
0	28
0	41
0	64
0	0
0	0
0	0
0	0
34	0
0	0
0	0
25	121
1	61
0	60
0	0
0	0
0	0
0	0
0	1167
0	1197
0	1239
40	534
7	47
44	161
6	191
1	85
0	1195
0	1237
213	0
16	0
513	0
186	96
0	96
34	10
1	5
0	6
0	0
214	107
13	46
74	78
0	23
1	21
4	13
0	0
321	2
0	2
0	2
0	0
0	0
0	0
0	1
3	43
0	47
1	45
0	43
0	45
0	5
0	0
0	6
0	8
0	5
0	2
0	0
0	4
0	45
0	291
3	4
0	32
0	285
0	219
0	224
7	12
8	25
22	0
0	18
5	398
0	13
0	401
5	39
11	116
0	23
0	51
17	0
107	279
16	638
163	1152
2	239
11	104
0	50
17	126
2	388
0	96
100	719
0	719
0	0
0	14
0	0
13	32
0	269
1	120
10	256
320	150
5	30
2	1040
0	1042
1	287
0	347
8	1060
2	262
0	157
0	64
0	143
0	632
1	239
0	0
0	0
0	0
0	0
0	0
0	0
0	0
38	51
2	36
4	8
0	32
1	11
129	7
0	7
0	154
0	762
0	810
0	822
3	388
87	814
0	66
0	497
82	178
5	0
0	0
0	0
0	37
0	41
0	47
0	18
24	45
0	40
0	39
0	35
0	45
0	45
0	43
0	44
1	38
0	40
0	7
7	12
0	0
0	0
117	610
7	345
4	101
13	101
9	23
0	93
22	77
0	20
2	25
0	0
0	0
0	0
0	0
0	0
0	0
0	0
0	0
0	0
0	0
0	0
0	0
0	0
0	0
0	0
36	219
0	29
0	170
1	27
0	148
87	550
12	62
0	29
1	29
5	504
20	7
1	6
0	7
1	1
26	7
0	5
0	7
0	2
0	0
0	0
0	0
0	0
0	0
0	0
0	0
0	0
0	0
0	0
0	0
0	0
0	0
0	81
13	81
0	0
0	0
0	0
0	0
0	1
0	0
0	51
0	0
8	35
0	0
3	59
0	0
0	5
0	1
0	15
5	28
2	16
0	0
279	28
9	28
8	14
0	0
0	0
0	0
0	0
0	0
0	0
0	0
0	0
1	0
0	17
0	20
0	21
0	21
0	3
0	1
0	2
0	1
0	1
0	1
0	1497
1	1428
2	1401
0	1238
2	1212
55	7
136	176
0	240
1	463
185	25
7	604
183	245
0	165
0	132
0	77
16	72
0	56
0	24
0	3
0	60
0	133
0	51
23	133
0	56
0	54
3	133
0	2
0	2
0	2
0	0
1	0
0	1
0	1
0	0
0	200
31	133
0	7
0	189
0	18
4	31
3	35
706	186
12	97
0	200
32	0
22	16
0	13
1	6
95	414
0	353
0	145
1	77
17	160
0	1
0	0
0	0
0	0
0	0
0	0
0	0
256	446
6	433
1	41
11	38
19	444
0	0
0	0
8	780
0	1187
0	356
0	326
1	455
7	188
14	41
16	2
0	2
0	94
1	90
0	82
0	93
0	0
0	0
0	1
193	627
192	569
9	116
0	0
3	25
0	20
0	18
37	3
0	150
0	0
1	42
0	15
2	48
3	5
0	150
0	29
0	12
0	150
572	1492
62	1516
1	705
0	781
6	85
2	190
0	89
0	0
0	0
0	0
0	0
0	0
0	0
0	0
0	0
0	0
0	0
0	0
0	0
0	0
0	0
0	0
0	1
0	1
0	0
0	0
0	0
0	0
0	0
0	0
0	0
0	0
147	0
1	0
0	0
0	0
0	0
0	0
0	0
0	0
80	185
28	137
0	20
1	63
0	0
1	0
0	0
0	1
0	157
6	42
0	138
0	138
1	2
0	2
72	169
2	168
0	48
0	56
0	25
4	26
1	68
0	68
0	10
0	10
0	8
0	8
3	4
3	18
1	3604
13	3359
81	17
82	30
21	3490
0	3514
13	1114
12	43
4	29
0	3561
0	140
0	140
0	144
0	145
0	3
0	162
0	157
0	18
0	16
0	15
3272	1200
0	1188
471	455
0	261
0	659
1	59
36	21
0	448
0	76
5	638
13	47
9	145
0	136
0	139
0	9
0	0
0	0
0	6
0	9
0	5
0	9
6	6410
201	6501
93	210
0	94
36	1179
5	306
2	264
73	138
0	43
3	138
0	9
0	3
0	0
0	0
0	0
0	0
0	0
54	302
1	282
0	14
9	0
85	445
6	438
4	129
1	6
0	38
0	636
1	791
5	603
0	0
6	11074
6	11074
6	5784
0	4
0	1
1	303
0	0
0	2959
0	2436
23	2888
0	658
14	525
30	144
0	173
0	284
0	160
9	37
0	60
24	1
1	51
4	0
0	446
27	446
0	122
0	109
0	205
6	40
0	24
4	1023
0	451
5	664
8	76
0	96
3	1033
33	0
3	1916
59	1811
0	1986
0	836
0	1024
0	529
6	916
8	0
50	87
8	87
0	1485
1	1517
0	191
0	343
9	376
0	224
4	44
2	1446
0	8
103	287
1	258
0	29
1882	15400
74	15400
12	1413
41	2120
34	1165
31	1264
0	636
0	587
18	476
0	155
240	0
8	0
4	0
724	60
5	60
0	0
0	0
0	0
0	0
0	0
586	152
6	152
0	1
0	103
0	66
0	32
0	119
0	105
0	59
0	107
0	58
0	49
0	38
0	39
0	65
0	27
0	85
0	64
0	45
0	87
7	7
0	116
0	44
0	60
0	52
0	49
0	44
0	42
0	47
0	27
0	82
0	40
0	43
0	59
0	36
0	2
0	55
202	236
0	220
8	122
1	2961
0	616
0	2588
0	51
2	2128
12	2650
11	11
0	569
0	1316
0	2874
21	0
0	9
92	147
0	147
4	0
32	0
371	50
2	50
1	0
0	0
0	0
0	4
0	4
0	1
0	1
0	1
2	0
0	2
0	0
0	0
0	0
0	0
0	0
0	1
0	4
10	0
0	0
0	248
0	529
0	274
0	434
0	94
5	45
0	163
2	46
3	92
0	107
1	36
0	71
2	21
1	0
0	0
0	0
0	0
0	0
0	0
0	0
0	0
0	56
0	11
0	13
0	0
0	33
0	23
0	0
0	839
0	901
0	920
0	924
0	70
0	100
2	840
0	854
0	871
3	932
2	99
1	46
3	66
24	194
0	66
0	130
0	22
0	62
0	79
0	41
0	27
29	15
0	7
0	1
0	8
0	877
105	783
3	201
7	96
3	140
0	540
0	509
22	32
7	170
6	374
3	34
56	3
20	57
5	154
71	103
0	89
0	27
0	27
33	10
421	879
2	879
17	31
0	15
0	5
0	8
0	15
0	0
0	0
4	0
201	301
1	200
4	86
0	126
1	80
3	103
2	2
0	0
0	0
0	119
0	126
0	27
0	4
0	82
3	19
0	57
0	2115
0	2177
0	2130
0	2034
0	160
0	160
0	48
0	171
3	107
0	184
0	102
0	209
0	123
0	83
0	2176
28	317
0	50
0	317
0	311
52	0
5231	1589
16	47
0	47
0	39
0	1
0	0
0	12
753	322
0	268
0	174
20	0
0	37
0	1
0	1
0	1
0	1
0	1
0	0
0	0
0	0
0	0
0	0
0	0
0	0
0	88
9	394
0	41
0	161
0	402
0	73
2	88
0	80
0	49
1	107
0	0
0	0
0	0
0	0
0	0
0	0
0	0
0	0
0	0
1	74
6	122
12	142
0	9
0	76
0	124
0	122
0	87
1	1
73	174
12	1
2	154
0	157
0	167
0	142
0	43
0	144
0	95
0	95
0	19
0	94
0	1
0	2
0	1
0	2
0	0
0	4
0	4
0	4
5	9
0	16
0	3
0	8
2	17
0	5
0	15
0	13
0	4
0	0
0	11
0	907
49	897
7	192
0	307
0	907
0	26
0	26
0	8
0	26
0	0
0	0
0	0
0	0
0	0
0	0
0	0
967	51
1	51
0	36
0	0
0	0
0	0
102	94
0	70
0	24
0	2
0	2
0	2
0	0
0	0
0	0
0	0
0	0
0	0
0	0
0	0
0	0
0	0
0	2
0	0
536	428
0	166
0	82
1	269
0	183
13	14
0	1
6	693
0	402
127	17
0	684
314	353
6	257
0	333
11	19
0	0
0	0
8	7
0	0
0	0
0	0
0	292
8	292
1	292
0	0
0	0
0	0
0	0
0	0
0	0
0	0
24	527
2	502
0	39
49	19
0	21
7	10
0	1
0	0
0	10
8	14
0	3
0	9
0	6
0	1
8	806
0	935
5	32
0	947
0	1
0	1
0	0
0	0
0	0
0	0
0	0
0	0
0	0
0	0
0	0
0	0
0	0
1	891
0	1035
0	297
0	353
0	98
0	1033
0	0
0	0
2	2
1	0
0	0
0	0
14	0
0	108
0	27
0	178
0	159
0	14
0	3
0	0
0	3
0	11
0	11
1	39
5	85
0	74
0	0
8	1
1	32
0	32
0	28
0	28
0	2
1	1
0	1
0	0
5	0
5	17
0	22
24	11
0	7
0	66
0	65
0	66
0	0
23	90
8	1762
1	1769
10	2027
15	93
0	224
1	166
1	555
6	202
36	1081
33	2032
47	34
3	32
1	2
0	0
0	0
0	0
0	0
0	0
0	0
0	0
2	339
1	139
3	174
0	288
10	152
5	99
1	152
2	1
0	393
18	397
2	300
2	152
0	135
0	126
0	8
56	4
0	0
0	0
0	1
0	1
0	1
0	0
0	0
0	0
0	0
0	0
0	0
0	0
0	0
0	0
0	2
0	2
0	0
0	239
8	240
5	29
2	15
6	37
0	3
0	7
0	0
0	0
0	0
0	0
326	36
0	9
0	37
0	35
1	564
0	351
0	266
3	385
12	583
34	67
4	265
5	2
7	246
0	295
0	0
19	824
38	823
8	127
15	76
6	279
4	262
0	29
0	27
0	27
0	2
1	2
0	0
132	0
0	0
0	1
0	1
0	1
0	1
0	1
0	0
4	3
29	390
25	32
0	396
0	157
0	394
1	17
0	186
0	63
0	43
0	114
0	44
4	1
4	27
0	8
0	8
0	6
1	4
0	1
1	0
0	0
0	0
0	8
0	0
0	380
0	366
0	326
6	31
0	52
0	90
73	525
0	476
0	475
0	524
128	410
0	91
0	192
2	160
0	66
0	136
0	131
0	3
0	0
0	3
0	0
0	0
0	0
91	638
12	612
0	354
33	447
0	313
0	233
0	0
1	410
0	431
1	151
0	381
1	0
0	0
0	24
0	11
0	3
2	5
3	13
0	5
0	0
55	202
0	196
0	168
1	35
0	12
0	0
8	57
271	1069
0	1068
8	2306
84	7044
2	1570
10	33
30	1219
0	1469
12	1504
0	1384
0	300
0	228
31	0
12	35
0	7485
0	4
3	1
0	4
0	0
0	0
0	0
21	5
0	5
0	1
0	5598
488	175
0	175
3	281
0	559
18	560
0	576
0	611
0	382
0	1
0	1
0	1
0	2
5	2
33	555
6	551
0	547
8	353
0	337
17	12
0	300
10	46
1	0
0	54
1	2
58	325
0	146
0	142
0	153
0	96
1	58
1	64
0	61
0	30
0	0
0	0
0	351
2	54
0	29
0	208
3	0
0	144
25	4
1	24
0	351
0	184
0	132
8	111
0	73
0	184
0	132
0	18
0	0
0	1
0	1
0	0
0	0
0	1
0	0
0	0
0	1
0	1
0	1
0	1
0	0
0	0
0	0
899	175
0	92
0	72
6	66
1	1
0	1
0	1
0	1
0	1
0	0
0	0
0	0
3	133
214	139
0	48
33	45
4	10
1	5
139	82
2	106
43	106
0	21
0	38
0	12
0	38
0	22
0	35
0	6
0	3
0	5
1	6
0	38
0	6239
0	6148
0	6389
0	6322
0	6095
0	6256
0	6295
0	6178
0	6292
0	5191
0	6408
0	6359
0	6242
0	6457
0	6129
0	6394
0	6406
0	6469
0	6206
0	6129
0	6214
18	6003
0	6378
0	907
0	885
1	648
1	56
14	52
0	6082
0	6296
0	0
0	0
0	0
0	1
2	22
0	22
0	21
0	22
1	0
91	21
0	21
0	5
3	5
12	395
83	419
0	24
0	0
0	0
0	0
0	0
0	0
0	0
0	0
0	0
0	0
0	0
1	0
526	211
0	181
0	74
0	61
0	16
22	0
1	61
0	135
0	111
0	2
0	2
0	2
0	173
0	174
11	137
2	129
4	3321
216	3321
20	268
26	0
26	37
0	0
0	37
41	24
0	19
0	3
5	7
1	5
0	0
0	0
0	0
0	0
0	0
6	10
0	10
0	122
0	0
0	141
0	571
0	574
0	21
0	164
0	225
0	558
1	232
0	185
9	126
67	579
0	77
1	30
0	56
0	190
0	186
3	169
0	539
0	154
0	209
0	198
11	82
6	13
0	56
2	59
5	120
1	108
1	12
0	90
0	62
0	87
3	3
1	9
1	3
0	20
0	29
0	0
0	0
11	0
0	0
173	2
5	2
0	4
0	4
0	4
0	0
0	0
0	0
0	0
2	0
0	0
0	0
0	0
0	0
0	0
0	0
59	80
0	79
0	40
0	17
0	8
0	12
0	6
0	54
1	8
0	0
0	8
0	40
0	8
8	48
1	39
1	6
0	2
0	0
0	8
6	1090
1	1107
0	226
1	131
10	300
0	99
16	92
80	646
2	649
11	78
0	169
0	100
21	128
2	292
8	303
7	153
60	49
0	34
0	17
2	32
7	11
0	11
0	3
66	197
5	17
0	197
0	194
20	17
85	634
50	673
2	172
6	53
9	101
1	101
0	54
4	53
0	23
0	39
0	6
0	8
0	0
0	8
0	8
0	8
0	8
0	8
0	8
0	1
0	4
0	3
0	3
0	0
0	0
0	0
0	0
0	0
0	0
0	0
1482	1898
10	179
1	172
1	562
3	324
0	306
48	181
0	454
0	299
5	0
494	554
0	381
0	381
0	382
0	413
14	1
0	100
0	96
0	171
0	170
0	171
0	305
0	129
0	0
0	44
0	0
222	138
4	135
8	29
10	0
0	0
0	0
0	4
0	4
0	2
0	4
0	0
0	2
5	24
0	24
0	19
0	19
0	14
0	3
0	0
976	5239
11	2014
3	3486
0	3931
1	88
12	295
0	998
368	143
4	142
0	54
0	224
1	224
27	295
1	252
6	49
0	47
1	60
0	77
0	9
0	9
0	10
0	1
0	1
0	1
0	1
1	0
0	1
0	0
0	10
0	10
3	26
0	0
14	41
1	6
0	5
0	1
0	4
4	312
1	280
0	289
24	55
6	31
0	313
0	34
0	53
0	68
4	34
3	0
0	4
0	4
0	0
0	0
0	0
0	0
0	0
0	0
0	0
0	0
0	0
0	0
0	0
0	0
0	0
0	0
0	0
0	0
0	0
2	0
0	0
0	0
0	0
0	81
0	81
0	3
0	0
0	0
0	14
0	163
1	210
0	207
4	185
0	0
0	11
0	12
0	198
2	11
0	0
0	52
2	53
0	38
1009	0
75	92
5	91
0	89
2	23
0	23
0	22
0	0
6	1117
6	1117
0	1117
0	1117
0	1117
1	1118
0	1117
4	204
1	197
0	191
0	128
0	10
8	48
0	0
0	391
1	14
7	391
0	489
0	26
0	468
0	479
0	16
0	10
14	7
0	32
0	68
4	93
2	816
0	742
0	51
6	816
0	0
0	0
0	0
0	0
0	0
0	6
2	10
0	9
0	1
0	420
0	411
21	293
0	302
0	82
1	79
1	49
5	5
0	0
0	0
0	0
0	0
111	1988
0	1918
1	439
2	604
9	1010
0	401
0	541
0	0
0	0
0	0
1	1
0	1
89	13
0	13
4	0
69	37
0	31
0	28
3	34
1	14
0	0
0	0
0	0
0	0
0	0
0	0
0	17
0	8
0	16
3	17
0	1
0	4
0	1
0	16
0	1
0	0
0	0
0	0
4	37
10	37
0	10
2	6
0	0
257	218
2	34
18	116
9	100
2	0
0	1
0	3
0	0
0	5
0	3
0	3
0	0
0	0
0	3
0	3
0	3
0	3
0	3
0	0
0	3
0	5
0	2
0	0
0	5
0	0
0	0
0	0
0	0
0	1
0	0
0	0
0	1
0	0
0	1
0	0
0	0
64	359
26	894
0	9
6	53
12	679
2	156
0	0
0	0
0	0
0	0
52	5414
0	240
3	240
0	145
0	113
1	113
2	310
0	270
0	129
0	114
0	34
0	166
0	88
25	99
1	129
21	137
0	107
6	48
9	241
0	0
0	241
10	78
1	0
1	3
0	3
0	3
0	3
0	8
35	241
0	203
0	24
1	9
3	44
0	7
0	4
0	20
0	8
0	6
0	6
0	6
0	6
0	3
0	3
0	2
0	1
0	0
0	18
0	0
3549	2799
0	37
0	1745
1	1124
0	0
0	0
13	0
2	2393
1	409
0	1289
5	745
0	1086
4	2050
0	117
1	119
0	134
3	129
0	145
7	129
0	129
1	29
0	25
1	2989
10	2735
0	2009
4	218
4	1259
10	1276
0	359
0	85
356	0
8	727
0	744
3	236
3	282
0	298
4	81
0	123
44	123
5	4
0	0
0	2
1	4
0	3
0	0
0	1
0	2
2	0
0	0
0	0
0	0
0	0
0	0
0	0
0	329
1	323
0	334
0	345
105	779
0	1173
0	74
0	1179
0	1159
831	0
0	0
0	0
0	12
0	235
0	131
0	238
0	232
0	232
0	38
0	22
0	23
0	264
28	5
21	89
0	12
0	90
0	35
0	54
0	4
0	4
0	0
0	2
0	5
0	5
0	5
0	4
0	1
1	0
0	1222
15	34
1	379
27	462
2	1105
0	1172
0	1171
0	1078
0	1177
21	425
3	0
1	41
15	43
0	0
0	0
124	601
1	600
0	46
10	0
138	20
0	15
11	50
2	65
0	97
43	114
14	261
0	261
23	253
0	19
0	0
1	31
1	30
0	15
0	3
1	1
0	114
11	101
0	59
0	70
0	13
0	26
0	0
0	0
0	0
0	0
0	0
0	0
0	0
6	384
0	373
1	128
2	43
3	43
0	0
0	10
0	10
0	2
0	2
0	2
0	1
1	0
3	0
0	0
0	0
0	0
0	0
0	0
0	0
0	0
0	2
0	2
0	2
85	81
2	16
0	66
0	0
0	0
0	0
0	0
36	214
0	168
0	144
1	123
1	20
8	72
1	44
0	23
2	21
116	740
0	244
15	322
0	248
0	283
18	0
0	181
0	241
3	2
0	2
0	2
0	0
0	0
0	0
0	0
0	0
28	89
2	82
0	87
7	68
0	59
0	0
0	0
0	0
0	0
0	0
0	0
0	0
0	1700
1	1610
17	36
0	900
3	782
4	434
0	738
0	768
0	726
0	735
0	558
0	228
3	548
0	430
0	55
0	239
0	232
2	82
0	67
0	70
0	22
0	6
1	31
4	33
39	20
0	548
17	25
0	10
2	6
0	25
0	7
0	0
0	1
47	2
3	0
0	2
0	0
3	1
0	0
0	1
0	1
0	0
0	0
8	0
2	4
5	1
0	4
2	3
0	0
0	1
113	0
109	142
0	92
0	43
0	118
0	115
0	102
0	19
2	16
0	1
0	0
0	18
0	18
0	7
0	18
0	3
0	2
0	1
0	0
0	2
495	703
75	703
0	315
13	95
4	560
1	490
32	462
5	409
24	227
0	0
0	0
0	0
0	0
0	0
0	0
0	0
0	0
1257	5109
3	3744
2	758
0	881
0	3135
6	65
0	65
0	61
0	61
0	0
0	61
0	7187
0	5900
2	4419
5	7086
5	2921
0	3408
13	3490
5	1423
0	1987
13	3410
0	7187
0	0
14	1215
12	1215
0	20
6	69
1	6
0	4
7	2
0	197
0	209
1	186
0	161
0	179
0	182
187	215
0	178
0	144
0	174
2	96
0	96
2	44
0	33
0	12
0	7
1	0
0	0
0	0
0	0
1113	448
5	284
0	206
0	448
4	64
0	88
0	11
6	63
1	8
1	24
0	12
0	82
0	5
0	12
0	28
1	11
2	149
0	149
0	139
0	16
0	0
28	0
0	0
9	248
1	141
30	237
0	92
2	194
1	163
13	21
1	2
1	4
0	20
0	1
4	0
0	0
6	52
0	52
0	19
1	3
0	6
0	4
1	4
0	3
0	0
0	0
0	51
0	89
0	66
0	69
3	7
0	7
21	274
8	274
34	72
16	553
0	553
0	102
0	63
0	465
11	26
30	27
0	37
11	11
0	0
0	0
0	1
0	0
0	0
0	1
2	198
0	174
0	34
0	14
3	119
427	259
7	20
1	62
0	58
6	305
0	316
0	316
10	316
0	252
0	269
0	262
0	5
3863	138
776	0
319	121
0	24
1	100
0	116
0	101
34	313
1	316
5	54
453	227
0	226
2	1
0	215
8	217
1	2
0	47
4	12
0	0
231	0
753	0
0	0
0	0
0	11
0	10
2	5
0	6
0	2
0	3
3	58
45	59
2	2
3	20
0	21
0	26
59	1285
0	1304
2	1341
0	1341
19	453
3	53
0	0
3	115
0	115
0	0
0	0
55	2
0	2
0	201
0	710
16	332
1	343
5	380
23	7
572	260
0	27
0	114
0	63
0	101
0	55
0	45
0	308
0	297
0	50
0	116
4	33
0	36
0	4
0	3
0	4
0	308
0	1109
40	0
3	344
0	240
0	1078
0	1102
0	97
0	132
3	109
0	119
0	35
0	41
5	60
14	872
0	898
10	1041
0	142
0	1044
62	339
1	145
2	215
9	0
6	257
4	28
3	1057
1	0
0	0
106	246
0	102
5	3
8	0
0	144
0	1
0	1
0	1
0	0
0	1
0	0
0	0
0	0
0	0
0	0
1	133
15	149
0	130
11	10
0	155
0	152
0	142
0	0
0	0
291	1053
7	68
0	7
0	0
7	1004
0	615
0	36
9	66
0	848
0	25
0	58
3	86
0	34
0	70
0	1002
0	64
0	43
0	20
0	20
241	229
0	167
0	133
13	13
0	36
0	90
1	66
4	39
30	0
0	79
29	0
2	349
6	3324
0	272
0	150
0	69
0	250
0	198
0	185
0	295
0	316
0	329
0	203
19	108
0	83
0	137
0	340
0	87
1	335
0	197
0	335
1	335
0	291
0	290
0	131
6	24
3	66
64	25
1	0
0	18
0	18
0	18
17	12
0	0
3	95
0	24
0	92
0	90
0	41
0	43
0	82
0	30
0	90
1	79
0	5
0	77
1	41
0	2
0	36
0	26
0	15
859	151
47	151
64	101
0	5
4	5
0	0
0	1364
10	40
102	27
0	54
0	1392
2	68
3	332
0	344
0	272
0	53
3	415
1	0
0	0
0	0
0	0
0	0
0	0
32	875
0	30
1	618
20	764
0	62
5	260
0	240
0	29
0	128
0	0
0	0
0	131
0	37
75	504
52	5
1	571
0	596
0	621
0	0
0	0
888	168
2	168
0	2
0	2
0	0
0	0
0	0
0	0
0	804
0	764
1	254
0	106
0	112
1	90
1	65
0	31
0	19
0	0
4	326
0	212
4	269
0	97
1	0
0	5
0	5
0	0
110	1886
0	267
86	128
30	1589
0	321
0	297
0	78
5	133
0	0
0	0
0	193
5	198
0	232
0	292
1	288
0	285
0	292
0	193
0	193
0	174
0	5
3	0
12	153
24	9
1	23
6	43
1	38
0	0
0	198
12	198
2	26
0	198
0	191
4	191
0	7
0	15
0	37
1	7
1	54
0	30
0	95
0	545
24	585
2	35
3	486
1	23
8	39
0	87
0	24
0	84
0	114
0	92
0	52
0	156
2	46
1	141
0	22
0	47
1	188
10	245
6	414
0	94
0	89
0	5
0	104
0	285
0	93
5	80
0	190
0	158
0	68
0	16
0	0
0	0
0	0
0	501
392	522
2	473
0	474
0	0
0	0
0	0
0	0
24	56
0	54
23	72
0	17
2	18
0	11
0	14
0	2
2	3
4	6
0	6
0	4
20	99
0	99
1007	30
0	3
0	0
0	3
0	0
0	0
10	0
0	0
0	0
0	0
2	0
0	0
0	0
0	0
0	26
0	24
0	14
0	25
0	12
0	11
3	11
2	1
0	25
16	199
94	117
291	177
43	492
965	507
1	168
1	19
121	650
9	0
0	169
1	208
0	199
1	70
0	276
5	0
2	140
8	17
0	22
0	161
0	245
0	343
0	166
1	103
1	211
1	262
2	39
1	274
0	52
13	51
0	36
0	22
0	1
0	1
0	1
0	1
0	342
11	0
1	140
4	321
0	207
1	0
2	120
5	1536
0	1622
11	1454
0	719
0	116
0	299
3	319
3	69
1	1622
0	0
0	0
447	0
0	14
13	640
0	56
0	135
0	638
0	640
0	3
0	3
0	0
0	3
0	3
0	3
0	0
0	3
0	0
0	0
0	0
0	0
0	0
0	0
0	0
3	91
0	54
379	55
0	84
200	71
3	12
86	41
0	41
0	3
0	5
0	0
4	5
2	7
0	125
1	130
9	378
0	346
0	33
0	41
3	19
12	128
0	329
0	0
0	0
0	0
0	0
0	0
0	194
41	194
34	104
0	1
2	1
0	5
0	2
0	5
0	1
0	2
0	2
0	1
0	0
0	0
0	142
0	140
0	0
0	0
0	0
0	13
1	52
0	498
4	478
0	95
0	363
0	422
0	67
0	0
0	395
0	419
13	314
0	335
0	232
0	89
5	70
9	19
0	6
0	7
60	48
0	29
0	6
0	0
0	73
0	26
1	8
0	63
0	29
0	927
18	35
0	112
0	716
3	146
0	88
1	137
0	160
0	25
0	146
0	867
1	116
0	59
0	222
0	921
0	73
0	91
3	142
1	110
0	867
0	634
13	110
7	99
0	561
8	92
0	271
0	243
0	568
0	587
0	615
0	0
7	4
0	4
0	3
0	2
0	0
0	0
0	0
1	10
4	135
0	3
0	132
0	0
0	0
0	0
0	0
0	6
0	5
0	1
0	1
0	2234
8	2238
11	2183
0	1894
2	668
15	294
4	422
3	275
0	152
2	292
0	285
35	1238
3	255
4	419
7	146
1	50
0	49
0	41
0	3
0	0
0	452
830	884
6	141
1	354
0	85
0	267
7	529
7	579
0	170
0	2
0	1
0	1
0	0
0	253
0	269
14	258
0	256
0	205
1	167
3	40
0	37
0	43
0	18
0	23
0	14
0	146
0	0
0	0
0	0
0	0
0	0
0	0
0	0
0	0
0	0
0	0
0	0
0	0
0	0
0	0
0	0
0	0
0	0
0	0
0	0
0	0
0	0
0	0
0	0
0	0
0	0
0	0
0	0
0	0
0	0
0	0
0	0
0	0
0	0
0	0
2	539
4	415
4	488
17	613
36	260
31	661
29	198
6	195
2	402
0	0
0	1
0	0
0	1
6	40
1	40
0	37
1	37
1	19
0	9
0	15
1	12
6	15
0	9
0	13
0	37
79	26
4	26
3	0
27	0
0	70
0	62
0	63
61	0
0	0
0	0
0	0
0	0
5	0
0	33
0	0
0	4
0	32
0	0
0	0
497	0
12	602
0	609
0	268
12	92
0	24
30	3
4	22
1	57
0	0
0	0
0	0
0	0
0	0
0	72
0	82
10	27
7	0
0	72
0	0
0	2
0	3
0	3
0	2
0	2
0	2
0	1
0	2
0	2
0	2
130	24
15	24
0	10
0	147
0	140
0	6
0	0
3	1062
8	1480
302	675
1	612
0	743
0	811
0	1043
12	26
0	806
32	55
2	263
0	262
0	31
4	262
1	37
0	251
0	33
0	31
0	56
0	136
8	37
0	68
0	0
2	27
0	26
0	27
0	4
0	6
0	0
0	0
0	0
0	0
0	0
0	0
0	0
0	0
0	0
0	0
0	0
0	0
2	0
0	0
0	0
0	0
11	2841
0	296
0	222
37	92
1	285
1	372
76	178
94	25
0	2841
0	0
0	0
0	0
0	44
0	3
0	4
0	1
0	1
0	0
0	70
0	70
0	206
0	74
722	219
5	189
0	152
0	0
0	0
0	0
0	0
0	0
366	171
2	20
18	99
19	55
29	20
0	0
0	0
0	428
0	170
3	36
0	109
2	71
65	428
19	0
0	14
4	14
0	14
0	14
0	1
358	201
50	200
13	124
0	25
4	27
0	0
0	0
0	54
0	220
6	42
1	200
0	220
1	0
0	0
0	0
0	0
0	0
0	12
0	1
28	0
0	0
0	195
0	184
2	44
0	66
2	15
0	186
0	71
0	0
0	0
27	15
0	42
0	2
0	14
0	273
12	271
3	152
0	12
0	34
0	24
0	100
0	204
37	0
254	239
0	238
0	185
1	224
0	139
0	1
0	1
21	0
0	83
0	8
14	16
0	83
0	195
0	134
0	192
1	43
0	60
0	15
7	16
0	3
1	0
0	0
3	232
0	197
4	140
6	49
0	214
0	218
0	44
0	119
90	350
11	311
0	341
31	239
0	231
2	88
0	57
18	73
0	38
9	0
0	80
0	80
0	80
0	80
0	41
0	42
2	73
0	16
0	0
0	8
0	8
0	4
0	4
0	0
0	0
0	0
0	0
0	7
11	333
1	330
6	3
0	0
0	10
0	13
0	6
0	356
0	340
10	281
0	5
21	35
2	71
0	1
0	1
0	1
181	0
28	250
0	267
33	1084
4	27
0	306
0	77
8	52
0	1057
413	1088
55	1065
1	826
27	764
5	368
0	347
1	35
1	35
4	0
0	0
0	0
0	0
0	0
3	0
0	262
0	28
0	74
3	41
1	244
10	72
0	30
0	260
195	91
2	73
2	18
8	338
0	330
0	338
0	66
0	51
0	178
0	332
1	36
2	13
0	66
5	182
5	52
2	2
277	13811
0	7011
0	21309
6	21405
0	13310
0	5693
14	8030
2	6003
0	4598
0	2320
0	13
12	34
0	21308
0	5
0	5
0	4
0	0
0	0
0	0
0	0
0	0
0	0
32	606
11	537
34	555
0	19
338	186
0	163
0	9
7	1
3	18
2	23
34	327
1	30
12	313
2	189
2	16
13	55
0	241
3	61
0	236
0	216
0	111
0	111
40	55
614	52
0	8
17	15
0	29
280	245
0	58
7	0
58	24
0	159
0	58
7	121
0	131
3	2
0	2
1	2
1	0
0	0
0	0
0	0
0	0
0	0
0	0
0	1
0	1
0	0
0	28
1	24
0	0
0	22
2	0
0	0
0	51
0	4
0	51
687	743
4	293
5	48
0	107
0	6
245	124
0	0
0	0
0	0
0	0
0	0
0	0
0	0
0	0
31	0
0	0
0	0
0	81
0	85
30	73
0	81
2	81
0	71
16	69
2	7
0	10
0	16
1	1
0	1
0	1
0	0
6	152
1	33
0	28
90	0
0	0
0	0
1	91
96	211
1	148
26	63
0	162
0	0
92	278
21	13
1	324
0	262
32	185
1	11
8	0
10	241
1	11
1	214
0	218
0	12
0	230
0	0
0	0
0	0
1	240
657	355
2	166
0	197
0	0
178	77
0	71
0	6
1251	1201
6	385
49	816
0	0
0	0
0	0
0	0
0	0
0	0
0	0
0	0
0	346
0	100
0	263
0	263
5	43
0	16
0	130
1	24
0	98
0	55
0	65
0	55
3	68
634	65
6	58
0	1837
0	1840
0	1782
0	1350
0	1149
3	991
8	772
1	267
0	195
0	85
23	125
0	93
0	10
0	1840
0	0
0	0
0	0
0	0
0	0
0	0
0	0
0	0
0	0
0	0
0	0
0	0
0	0
24	612
0	606
0	615
0	621
7	310
11	208
0	233
0	38
0	212
0	201
0	192
0	68
0	10
11	20
0	20
0	2
0	4
0	0
8	684
8	83
2	201
6	685
0	155
11	0
5	0
4	106
13	1257
0	356
0	704
0	646
78	1181
3	411
21	730
21	461
0	382
13	163
0	28
180	4959
30	4883
0	3185
10	0
0	0
0	0
0	0
0	1
0	0
8	45
0	45
0	32
0	23
0	16
0	8
1	8
0	2
6	565
7	565
0	441
2	36
49	123
5	87
12	11
0	0
0	0
0	0
0	0
0	0
0	0
0	0
0	0
11	93
0	521
0	518
14	533
0	555
0	564
23	39
0	87
0	0
1	0
0	0
0	0
0	0
808	1342
10	584
0	541
0	670
0	244
0	13
0	12
0	1
0	13
0	13
0	1
0	9
0	13
0	13
0	1
1	1
0	13
0	0
4	12
0	2
0	0
0	9
0	5
0	140
10	1244
20	1245
0	3
0	52
3	1234
0	0
0	0
0	2
0	2
4	154
41	10
7	38
3	34
0	162
0	132
0	117
0	16
0	53
0	28
0	0
0	0
0	0
0	0
4	134
0	145
70	189
0	72
2	55
4	91
13	58
1	146
0	59
0	119
0	52
0	32
0	273
1	405
0	101
0	90
5	5
0	20
1	151
16	163
4	25
0	1
0	6
0	0
0	0
199	351
3	351
346	3582
98	0
0	3083
0	3148
5	953
11	627
0	311
0	397
6	118
3	397
0	604
203	926
0	446
3	532
0	548
0	948
0	933
0	0
0	0
987	325
10	189
0	99
0	127
0	14
0	405
18	1691
222	1816
8	1644
8	370
63	1455
1	550
214	268
0	396
2	370
1	3
0	0
0	83
0	169
0	129
0	19
0	9
0	9
0	7
0	6
0	2
0	2
0	4
5	116
22	21
0	9
3	14
4	0
156	0
0	0
0	1
0	1
0	1
0	1
0	1
0	0
0	0
0	0
0	0
0	0
0	0
0	0
0	0
0	0
0	0
0	0
0	1
0	1
0	1
0	0
2804	961
5	155
1	806
0	0
0	1202
3	227
0	491
34	1203
85	3011
16	2571
5789	6411
0	462
0	867
54	775
22	1494
2	325
2	325
0	77
8	7
68	69
0	60
0	90
3	10
0	291
0	15
0	0
0	0
0	538
3	421
0	284
709	627
1	0
0	449
6	239
6	27
0	89
61	126
0	29
0	59
0	48
0	24
8	18
0	4
0	0
0	0
0	1
0	0
5	62
0	55
0	67
22	32
0	0
0	4
0	0
8	183
4	183
0	49
0	170
0	51
15	0
0	0
0	0
0	0
0	1
0	0
0	1
806	0
0	0
0	1003
31	5987
18	414
4	5639
0	5570
0	3251
11	3074
27	1408
0	1374
0	0
15	109
2	82
7	91
5	108
0	37
0	5
17	66
0	0
0	3
2	0
0	0
0	1
0	3
0	1
0	62
0	58
7	49
0	0
2	60
0	779
21	859
5	52
0	1578
9	1566
0	413
6	403
0	3
0	2
0	5
0	5
0	2
0	4
0	3
0	4
0	1
1	3
0	6
0	5
0	5
0	5
0	3
0	0
0	1
0	3
0	25
56	32
7	7
1	0
1708	885
1	884
2	758
121	42
1	42
0	1
0	1
0	0
0	0
0	0
0	0
0	0
0	0
0	0
704	2791
4	837
20	246
24	278
0	296
0	636
123	2324
0	0
0	2
0	0
0	2
273	191
0	81
8	146
0	56
16	53
3	15
0	28
48	7
0	0
0	0
12	228
0	13
0	6
0	189
0	157
14	120
0	216
0	56
0	113
4	0
0	0
0	0
0	0
0	0
0	0
0	0
1	0
416	101
1	95
6	30
0	10
1	10
5	24
1	16
1	8
1	11
0	13
32	8
9	4
0	0
0	136
66	989
5	139
0	131
5	88
78	630
2	47
7	114
9	556
16	445
14	150
34	2
314	1395
110	1395
12	34
15	7
5	561
5	1
0	1
1	0
0	0
0	1
0	0
0	0
3	1
0	1
0	445
0	450
0	146
0	298
0	78
13	97
0	393
0	434
0	67
0	9
0	9
0	5
2	2
0	2
0	2
0	3
0	0
0	1
0	37
0	14
0	3
0	1
0	0
0	32
74	49
6	19
6	0
0	50
33	3
0	7
130	1978
64	1975
1	468
7	312
12	363
27	127
0	1705
0	1703
0	1622
0	1103
7	709
0	318
0	329
6	283
0	272
2	77
0	1704
0	1703
0	0
0	0
0	0
0	0
0	0
0	0
0	0
0	0
0	0
0	0
2	16
0	83
0	28
2	6
3	13
8	63
0	0
0	0
0	41
0	40
0	40
0	35
2	1
0	6
0	5
0	0
598	208
0	21
0	48
81	136
0	59
0	76
0	29
3	85
3	420
24	152
0	145
0	135
0	420
34	1
1	1
42	265
5	163
0	38
4	110
5	94
0	1
68	1
0	0
0	0
0	0
259	245
2	105
0	66
0	149
0	98
3	5
0	35
31	592
0	583
9	360
61	371
0	57
25	201
0	118
0	114
155	38
0	48
0	45
0	14
16	14
151	0
0	32
2	11
1	9
148	5
1	22
0	49
0	0
0	0
0	0
0	93
10	0
23	1144
50	361
0	1131
0	34
0	98
14	41
0	56
0	91
1	287
0	32
0	23
0	29
0	22
0	14
0	13
0	5
0	9
0	10
0	13
0	6
0	5
0	0
0	0
0	0
12	0
2	148
0	146
0	125
3	136
7	49
7	739
39	738
2	318
35	3
0	73
70	0
64	0
1098	574
89	572
55	76
0	50
1	142
11	5
0	1
0	2
0	2
413	87
1	16
5	12
2	66
0	5
0	5
0	2
0	1
0	1
0	5
0	0
19	2
0	2
0	2704
0	1506
23	1535
0	2703
0	247
4	951
15	2029
0	324
1	138
338	0
440	0
497	81
115	366
0	61
0	12
0	230
0	133
15	54
19	365
2	355
0	0
20	0
0	0
0	0
0	0
0	0
6	0
0	0
0	0
0	0
0	0
0	0
3	0
0	1
5466	16185
72	5741
0	8081
54	2704
86	2527
88	2370
5	2581
12	438
0	3141
41	690
37	3835
0	0
0	0
0	315
0	253
4	322
0	256
11	124
0	153
88	301
4	58
0	29
0	15
1	11
1	26
0	5
61	26
0	14
16	12
0	0
108	226
3	139
146	38
4	197
0	122
7	9
2	120
1205	88
9	88
0	2
1	2
0	7
0	6
0	7
0	3
0	3
0	4
1	6
0	4
0	6
0	6
0	6
0	6
0	6
0	1
0	0
283	1318
2	1295
60	90
0	112
18	55
11	36
0	55
0	48
4	30
0	34
1	4
62	1
0	18
0	18
0	0
5	51
0	53
0	52
9	52
0	17
3	97
0	774
375	804
64	62
0	344
1	294
0	460
0	460
0	461
0	461
0	507
0	463
0	461
2	458
0	411
3	391
0	79
0	121
0	42
134	27
0	5
0	6
0	13
0	9
0	6
0	13
0	36
0	263
20	137
0	237
3	263
1	0
0	1
2	145
0	38
0	117
0	40
0	24
0	2
39	0
0	0
0	0
0	0
0	0
0	0
0	0
0	13
0	13
3	4
0	1
0	0
23	745
1	1009
0	1233
7	230
0	713
0	734
2	182
2	69
2	155
0	95
6	338
0	37
15	1
0	332
0	1
0	31
0	27
3	19
4	10
0	0
0	0
0	0
0	0
0	0
0	0
0	0
0	0
0	301
0	266
1	7
0	198
0	36
20	92
0	20
0	5
24	90
7	6
0	16
3	13
0	0
0	276
0	1
0	1
0	0
0	0
0	2
0	2
0	0
0	0
0	0
0	0
0	0
0	0
0	0
0	0
0	0
0	0
0	0
0	0
1	0
0	244
22	298
0	252
0	305
0	173
2	54
0	63
0	92
1	32
35	161
5	25
3	82
0	2863
8	4784
157	4789
0	357
1	4757
0	0
9	190
2	654
66	675
19	37
0	31
0	672
0	0
0	0
0	0
0	0
0	0
46	113
52	100
0	103
3	39
15	9
0	0
24	15
45	14
27	1
0	0
0	0
591	648
1	139
0	69
1	49
35	360
89	383
0	307
0	1
0	0
0	0
0	34
0	19
0	4
0	2
0	0
0	1
0	1
2	35
0	36
0	32
14	20
0	30
519	0
10	358
658	358
62	3
0	0
0	0
0	0
0	0
0	0
0	0
0	0
0	0
0	0
0	0
0	0
0	0
0	0
3	87
0	121
0	114
0	119
4	68
16	24
0	119
82	102
0	0
23	48
0	53
0	65
0	1996
43	1801
0	506
0	787
5	138
7	45
0	392
15	221
101	80
0	154
6	78
268	64
0	64
0	0
42	49
0	49
0	0
0	0
1811	5833
0	5757
1	5694
13	2365
0	1670
13	690
0	135
0	74
2	5
1	1
0	0
0	1
0	0
0	0
0	1
500	359
5	98
0	183
0	11
20	73
1	210
804	0
9	66
0	58
2	28
0	13
1	10
12	8
0	0
1	9
1	9
0	0
0	0
180	0
0	0
0	0
0	16
498	104
0	103
0	4
0	4
0	4
0	0
0	12
207	286
0	35
1	69
1	154
0	254
1	23
1	7
36	60
48	60
0	0
0	0
0	0
0	0
0	0
0	0
0	0
0	0
0	0
2	463
5	457
0	78
4	107
9	54
0	15
0	0
0	0
0	0
0	0
0	0
0	0
0	0
0	0
0	0
0	0
0	0
0	0
1	493
0	497
0	463
0	10
0	15
3	21
16	22
0	51
11	44
9	276
0	82
0	82
1	86
28	123
0	80
0	99
0	188
6	179
0	118
0	134
0	58
0	33
0	33
0	43
0	10
0	0
0	0
0	0
0	0
0	0
0	0
0	0
0	0
0	0
0	0
0	0
0	0
0	0
0	0
0	586
0	915
3	617
1	914
0	30
0	443
0	472
0	191
37	55
0	49
0	28
0	20
0	25
0	25
0	10
0	0
0	0
2	24
1	8
0	23
0	0
0	108
0	107
0	5
0	5
113	158
2	142
0	22
42	16
31	6
1	6
0	1162
65	1124
9	195
0	546
82	42
0	39
0	21
0	3
1	159
4	138
6	121
2	20
1	26
14	35
0	2
11	0
3	6
10	153
0	14
3	14
0	112
0	39
0	112
0	0
0	12
0	12
0	0
0	0
0	0
19	76
0	4
1	76
0	10
0	10
0	6
0	8
0	10
0	7
0	8
3	0
0	0
0	0
0	327
0	0
0	326
0	42
2	11
0	9
0	76
0	11
1	7
0	327
0	0
0	11
0	3
4	113
0	296
6	70
0	45
1	668
0	668
12	122
0	122
14	47
1	90
0	12
0	71
2	33
12	0
0	18
0	0
0	0
0	0
0	0
2707	0
0	1
0	3
1	2
0	0
0	2
0	1
0	0
1	0
2	25
0	11
0	4
0	14
0	0
0	6
0	1
0	0
0	0
0	0
0	0
0	0
0	0
0	0
0	0
0	688
0	641
18	166
5	659
1	140
0	638
5	1463
39	216
0	726
0	1479
0	140
11	28
0	305
3	305
1	318
2	106
1	0
0	370
2	117
12	32
0	348
0	1470
2	3
0	3
0	2
0	2
0	2
287	619
156	757
187	185
0	209
0	628
0	170
2	75
0	3
32	3
1	135
0	110
0	36
0	57
0	109
86	135
0	18
4	135
0	33
26	42
0	0
0	0
0	0
0	0
0	0
0	0
12	383
0	245
0	299
0	205
0	0
1	27
0	351
0	0
0	0
1	5
6	65
0	70
0	72
0	37
0	8
6	9
0	4
0	12
0	0
295	23
1	22
0	2
0	0
0	0
0	1
0	1
0	0
0	0
0	0
12	207
258	206
3	9
0	87
0	87
0	56
0	48
1	3
0	13
0	2
0	2
0	2
0	0
0	0
0	0
0	0
0	0
0	0
0	3
0	0
0	4
1	3
0	3
0	4
0	34
0	15
0	33
0	8
2	6
0	1
3	5
0	6
0	5
3	1
0	1
0	1
0	1
0	6
0	0
0	2
0	1
0	0
0	1
0	0
0	1
0	3
6	0
946	0
0	0
0	0
0	0
0	15
0	6
0	6
0	6
0	15
0	0
2	3
0	6
0	3
1	1
0	1
1	0
0	2
0	291
17	286
2	258
0	36
343	0
6	0
3	283
1	288
3	5
222	1049
5	1050
0	1041
0	1027
0	1026
0	112
1	968
0	119
0	82
1	76
1260	1049
1	897
137	941
17	154
140	573
36	252
0	3
0	0
0	3
0	0
0	28
0	30
0	5
0	9
0	29
0	3
0	8
3	12
0	4
0	8
0	7
0	2
0	0
373	221
0	174
11	24
5	93
2419	0
0	1
0	1
0	1
0	0
0	0
0	0
1	0
0	0
0	0
0	0
1	0
2	0
0	0
133	1031
192	127
0	127
0	0
0	0
0	0
22	0
37	0
47	27
4	27
0	0
0	32
0	22
0	13
0	0
0	6
13	3
3	5
0	1
0	5
0	5
0	7
0	3
0	4
0	6
0	6
0	0
0	0
0	0
0	5
0	6
0	4
0	3
0	0
0	0
0	0
0	3
0	4
0	5
0	1
0	1
0	1
0	4
0	29
54	261
4	27
2	1
4	225
0	28
7	35
0	56
0	53
0	40
4	110
9	76
7	31
0	305
0	289
0	269
0	335
0	281
0	79
2	86
13	30
0	322
0	147
0	288
0	16
0	213
0	57
2	90
979	59
1	59
29	75
0	75
0	45
1	7
0	17
0	13
0	230
0	16
0	230
16	41
0	43
66	43
2	0
0	0
4327	1519
13	279
16	1324
1	8
17	134
2	134
2	0
0	63
10	38
0	34
1	26
10	102
4	102
0	50
178	44
0	44
0	0
0	0
0	2
0	1
0	2
0	0
0	1
0	2
0	117
2	162
0	162
0	68
0	33
6	61
0	64
0	49
0	18
0	0
0	0
0	0
0	0
0	0
0	0
0	0
0	0
0	0
0	0
0	0
0	0
0	398
0	400
24	4
4	173
0	412
0	259
0	254
0	0
0	9
37	9
0	1
0	3
0	1
0	3
0	0
0	2
1	3
0	2
0	0
0	0
50	354
0	337
10	258
19	177
573	842
1	781
0	121
0	83
4	291
7	311
0	311
5	49
290	1003
272	1007
1	973
0	974
0	976
0	971
0	976
0	976
416	61
0	0
0	0
23	52
0	17
0	5
0	52
0	450
0	36
4	337
12	414
0	361
0	106
0	25
0	129
14	52
4	257
5	40
0	42
0	80
5	68
4	0
18	1983
1	1952
0	579
1	214
16	43
0	0
0	0
0	0
0	0
0	0
0	0
0	0
0	0
0	0
0	0
0	0
0	0
232	305
0	135
0	170
0	41
0	13
2	27
0	14
0	34
0	28
1	25
0	23
918	657
0	291
0	623
6	194
42	148
0	148
4	52
2	26
228	307
7	93
7	38
0	41
9	2
1	305
3	0
0	0
0	0
0	0
0	0
0	0
1	352
3	166
0	58
2	11
0	354
44	70
0	70
5	12
363	6613
10	512
58	1639
18	4757
23	648
95	64
79	2003
5	31
2	29
0	29
0	0
0	0
0	0
0	0
0	0
0	0
28	994
2	584
0	178
1	348
0	799
0	196
0	49
0	204
0	410
1	112
457	0
5	0
0	0
0	0
0	0
0	0
0	0
0	0
0	0
0	0
22	748
0	119
8	225
2	14
2	58
2	22
1	732
0	739
0	253
0	101
0	420
4	144
2	118
0	688
14	175
2	163
0	61
3	26
0	39
1	33
0	7
0	3
0	4
0	4
422	629
0	439
1	289
0	180
5	626
0	129
0	371
7	0
0	0
0	0
0	0
538	153
51	44
3	109
0	0
0	0
0	0
0	0
0	0
3	0
0	0
0	0
41	10
0	10
0	0
0	0
27	0
0	1
0	1
0	1
0	1
0	1369
176	1256
0	1135
3	364
0	288
0	194
0	102
9	29
0	8
0	18
0	21
0	3
6	14
0	0
0	0
0	0
0	0
0	0
0	0
0	0
2216	262
0	241
70	23
4	25
0	25
0	23
0	2
2	5
0	159
334	6
1	6
0	13
1	93
2	624
1	655
0	148
2	18
0	336
0	650
0	78
81	222
1	25
0	51
0	222
0	302
6	322
0	326
0	237
0	3
0	38
3	20
2	123
448	123
2	58
0	0
0	0
1	171
0	170
0	169
0	169
0	149
0	100
0	23
0	21
0	23
0	19
0	8
1	5
0	5
0	170
0	0
0	0
0	0
317	113
0	48
0	108
2	22
11	8
56	0
0	23
0	108
11	1551
0	1637
0	1406
5	336
0	91
76	601
56	48
71	132
6	10
0	0
0	0
1	11
0	11
0	1
0	10
0	5
0	0
0	3
0	11
10	3633
4	3968
1	935
1	81
0	1018
1	762
2	703
6	492
7	1504
16	129
6	931
0	0
0	0
4	10
0	2
0	7
1195	0
0	0
17	135
3	46
0	0
0	1
0	1
0	1
0	1
0	1
0	1
0	1
0	0
0	0
0	0
0	0
0	0
0	0
0	0
0	0
0	0
0	0
265	1031
339	0
0	0
0	0
0	0
0	0
0	0
0	0
1	175
0	171
0	141
0	7
0	12
0	122
0	7
7	9
5	117
0	17
3	54
0	0
0	0
0	0
1	93
0	114
2	141
0	78
2	77
2	28
0	4
0	2
0	0
0	4
3	4
0	0
1	2
13	436
0	493
0	468
0	361
12	310
0	1
0	1
0	0
0	0
0	0
38	238
5	238
6	956
0	569
0	93
5	122
3	719
0	60
0	83
9	34
0	2
0	2
0	0
0	0
0	0
0	1
0	0
0	0
0	0
0	0
0	0
0	0
0	0
0	0
1	0
0	9
0	9
0	3
0	1
0	0
3505	122
11	122
0	0
0	269
4	269
5	85
1	49
0	10
0	250
0	2
31	0
0	32
0	12
4	32
0	51
2	32
0	20
4	13
0	30
1	0
4	2
13	56
1	55
0	7
0	38
0	0
0	0
0	0
0	10
8	70
83	92
12	11
30	0
0	70
0	15
0	0
1	404
35	235
0	54
8	271
1	54
1	27
0	0
0	0
0	0
0	0
0	0
851	223
26	223
5	0
0	14
0	14
0	215
0	220
0	221
0	220
0	2
0	13
0	13
1	6
0	35
0	1
0	145
0	19
0	28
3	8
0	27
0	22
0	455
0	107
0	3
0	625
0	470
0	414
0	0
0	3
0	0
0	3
0	1
0	0
132	22
0	22
0	0
1	0
0	0
0	0
0	0
0	0
0	0
0	0
0	0
4	1190
0	422
331	633
29	1206
0	35
0	1179
1	0
0	0
0	0
0	0
0	0
513	0
0	0
0	0
0	0
0	0
0	0
0	0
0	0
3	87
18	2
8	74
0	91
5	17
603	0
1459	1429
0	10
9	150
7	343
0	1274
10	112
29	43
79	198
0	165
0	171
0	27
0	158
0	125
0	54
0	80
0	47
18	0
0	0
0	374
24	207
0	193
109	361
0	326
0	2
0	4
0	4
0	4
0	4
0	0
0	0
0	0
0	143
0	553
0	430
169	553
0	475
0	93
8	51
2	44
73	392
33	0
0	30
0	35
20	366
6	93
0	49
0	108
0	80
10	100
152	64
0	0
0	325
0	362
0	257
0	65
1	232
0	87
0	190
0	44
0	70
0	10
7	172
0	18
8	151
6	26
0	23
1	23
0	6
0	5
1343	0
207	1717
0	1723
0	1702
0	1013
2	1163
0	1801
0	799
0	160
1	400
0	395
1	794
4	348
0	623
2	680
2	106
9	145
44	830
9	753
7	189
11	183
55	260
72	245
0	137
0	131
10	152
3	114
0	119
0	136
0	66
0	91
0	22
6	6
98	0
0	0
10	718
2	355
0	281
41	3
18	21
0	83
2	377
0	0
0	231
0	9
0	214
0	234
0	4
5	8
1	31
0	20
0	228
0	239
0	248
1	250
0	243
15	244
3	65
1	227
0	26
0	85
3	16
0	0
0	0
0	0
0	0
0	0
0	52
0	28
0	15
0	3
0	14
38	34
0	0
0	1
0	2
0	2
259	175
3	74
0	1
0	102
0	0
0	0
0	340
0	312
0	288
8	191
0	83
0	12
0	14
0	100
0	93
0	12
1	56
0	94
0	90
0	56
0	64
0	6
0	22
80	230
13	222
0	76
1	39
0	29
1	23
0	0
0	0
0	0
263	0
0	0
0	0
98	5451
6	5440
2	2841
2	863
0	0
0	0
0	0
9	725
21	724
1	28
0	89
121	231
5	1
0	0
0	0
0	0
0	0
0	0
0	0
4	810
3	1414
0	1405
94	887
0	987
0	4
4723	0
0	0
0	0
0	0
0	1
0	0
0	0
0	1
0	0
0	0
337	689
39	330
23	359
0	0
2	0
0	0
0	1
0	1
0	0
0	1
42	0
0	0
0	0
0	0
17	2529
4	626
0	2007
0	2445
14	2281
0	2365
0	2411
0	470
3	207
0	1500
25	239
474	121
3	106
0	96
0	81
171	1008
3	22
7	85
1	171
0	969
0	3
0	3
0	3
0	0
0	0
0	0
0	682
2	1575
0	1698
0	568
11	897
0	310
5	607
32	431
0	4
0	4
0	2
0	1
0	1
0	0
2	0
0	0
17	1
0	1
2056	0
96	374
1	64
8	111
0	263
0	0
2	0
0	306
128	312
6	140
2	19
48	16
0	0
0	0
444	652
2	60
0	494
0	158
334	97
0	95
0	16
2	20
8	16
31	319
2	248
0	396
3	135
2	79
7	48
318	332
0	208
10	290
4	95
52	92
1	92
13	99
0	95
0	73
0	79
0	4
1	45
1	28
1	23
0	0
0	95
0	0
0	434
10	155
0	434
1	358
3	13
0	0
202	693
1	519
8	456
0	319
0	247
4	148
0	3
2	12
0	12
170	494
0	347
0	139
0	270
0	444
0	1448
23	6
0	0
0	6
0	6
0	6
233	761
0	579
0	100
17	25
0	739
0	0
0	0
0	0
0	27
0	30
13	27
104	71
13	56
0	142
0	124
0	115
0	131
0	103
0	123
1	117
0	21
3	31
0	26
0	41
0	37
0	52
327	1122
0	541
4	1030
0	1088
0	1133
20	1088
3	196
7	57
717	141
0	141
0	0
0	0
0	0
132	851
10	277
0	252
0	205
4	841
1	162
2	140
7	266
9	40
0	54
1	412
11	42
98	402
8	10
9	155
0	435
2	375
2	406
1	58
1	338
0	14
5	2
3	17
1	7
0	6
0	7
0	0
1	0
2	596
0	668
18	714
0	114
2	101
0	144
36	4
0	0
147	0
0	4
0	4
209	62
3	52
4	10
0	0
0	0
46	540
0	547
0	543
2	146
43	0
0	0
18	12
0	0
0	7
0	7
0	7
0	0
0	8
0	4
0	0
0	0
4	0
113	1166
10	1165
2	175
0	131
15	1055
17	713
0	289
3	654
78	220
1	4
0	3
0	1
0	1
0	1
0	0
0	0
0	539
1	502
6	279
0	59
2	80
18	126
0	7
0	25
0	4
0	8
4	2
62	56
2	5
0	42
11	3077
0	2336
0	2905
66	3122
0	2766
59	181
44	1975
0	816
13	111
18	351
16	107
31	144
2	322
7	147
0	3109
0	385
0	15
12	105
4	226
0	59
0	364
0	53
8	16
0	42
0	34
13	164
0	142
0	37
19	52
2	44
21	2
3	335
0	43
0	287
0	147
0	361
0	118
5	30
1	65
4	179
6	287
0	141
0	141
0	123
0	97
3	109
0	24
3	25
0	25
65	92
0	2
0	85
0	0
0	0
0	0
0	0
0	0
0	0
0	0
0	0
0	0
0	0
0	0
1488	4559
0	4014
0	626
0	2437
0	505
6	1777
0	556
26	74
0	4
0	3
0	2
0	0
0	3
0	3
0	1
0	2
0	0
8	125
1	125
38	9
0	2
0	2
0	0
4	1
1	6
0	0
23	188
4	170
1	184
0	188
0	13
0	149
41	16
2	9
0	0
0	2
0	7
0	0
424	10136
41	6109
6	9157
22	9211
2	5536
23	6923
118	0
0	197
0	197
2	119
8	55
1	81
0	7
0	5
0	192
3266	0
1	0
0	37
0	0
0	37
37	54
0	51
0	23
0	22
0	3
0	1
0	242
9	242
0	197
18	10
0	25
0	32
36	3507
0	3507
11	3513
6	3470
0	3475
0	1897
23	1013
0	3194
149	131
2	131
0	2
0	2
0	2
0	0
0	199
0	44
0	24
4	37
0	70
0	181
0	6
0	5
13	0
0	8
4	50
3	21
4	19
0	36
0	31
0	8
0	19
0	195
39	2539
428	2747
0	460
10	378
1	287
0	666
1	500
5	182
0	32
0	17
0	0
0	0
0	0
0	0
0	14
1	14
2	478
18	6779
51	6779
0	0
0	0
0	0
0	33
0	87
0	17
0	33
0	0
0	5
3	87
0	5
0	10
0	1802
1	1198
8	273
1	468
23	608
0	1552
0	1
0	0
0	1
0	1
0	1
1	3
0	3
0	3
0	3
1	14
0	14
0	14
0	0
1083	455
0	362
2	181
11	98
0	0
0	0
0	0
0	0
0	0
0	0
0	0
0	0
0	0
0	2
1	5
32	363
0	358
3	377
0	119
0	47
0	17
0	880
0	838
0	99
0	87
1	133
10	100
0	122
0	63
52	880
0	7227
0	7325
52	1322
0	6989
0	295
0	679
41	0
0	312
10	337
61	96
22	2115
0	414
0	445
40	2032
10	75
86	1287
0	7464
1	199
0	199
0	177
1	181
0	193
0	186
1	35
7	0
0	29
1	2
0	22
0	0
0	29
0	2
0	42
0	41
0	4
0	570
9	88
0	373
0	603
0	587
0	52
0	87
27	33
0	0
0	0
0	0
154	146
0	610
0	619
0	619
0	619
8	52
3	28
1	35
0	57
0	149
0	2
0	0
33	369
0	26
0	342
3	295
4	23
66	35
0	18
0	18
0	0
0	2
0	0
4	2
0	1
0	0
0	10
0	0
0	0
0	0
0	0
0	0
0	0
0	0
0	0
0	0
0	1
0	1
148	0
1	2
0	2
66	90
6	90
1	5
0	4
0	2
0	2
0	1
0	0
671	1724
37	995
2	665
0	1403
3	40
0	210
11	40
0	219
5	69
1	62
0	26
0	222
0	0
0	0
0	0
0	0
0	0
0	0
329	1106
0	916
0	225
14	1045
0	1051
0	79
67	171
0	20
0	20
0	107
0	91
0	8
6	1
10	66
1	36
9	75
0	26
0	67
0	14
0	19
0	37
0	28
5	21
18	0
0	0
0	0
0	1
0	1
0	0
0	1
0	0
0	0
0	0
0	0
0	0
0	19
1	19
4	97
0	303
3	284
1	292
2	295
0	196
0	72
71	0
5	673
4	0
61	27
33	285
0	0
2	223
0	152
13	662
0	0
3	0
44	98
23	1668
343	2031
19	1837
1	282
0	567
0	272
0	747
0	658
0	467
0	567
0	738
0	412
2	583
0	392
1	376
2	376
0	0
0	63
26	5
3	0
9	0
2	0
52	325
2	325
19	39
0	18
3	76
0	7
0	7
0	97
0	98
0	78
0	79
0	28
0	0
0	97
11	279
7	276
0	176
12	0
0	360
0	375
2	150
7	214
0	88
0	4
0	2
0	2
0	2
22	785
12	305
16	742
1	707
0	603
0	166
1	203
0	0
0	0
2	0
0	0
0	0
0	181
0	773
0	582
0	763
9	771
32	210
86	102
3	68
0	53
1	51
0	759
0	59
2	68
0	72
0	2
0	72
0	27
0	13
0	13
0	12
0	10
0	6
2	3
0	5
2	3
1	5
2	4
0	20
9	20
74	838
0	101
0	775
6	775
0	29
9	276
1	20
169	209
0	211
2	202
0	123
4	0
2	73
10	57
1	33
0	0
1	352
1	334
1	105
17	146
0	33
0	0
0	0
1	0
0	0
0	0
0	0
0	0
0	0
0	0
0	0
3	365
0	320
0	73
1	286
3	243
3	176
0	192
15	196
0	21
0	15
0	48
4	39
0	48
0	0
0	35
1	34
3	35
0	9
57	194
0	118
3	151
3	14
4	0
0	0
0	6
0	0
0	4
0	8
0	8
1	5
0	8
0	0
0	0
0	0
0	0
0	0
176	351
0	351
0	0
0	0
2290	0
0	0
15	0
31	21
3	21
1	483
0	453
0	156
0	195
11	81
2	22
0	131
0	46
2	63
2	3
0	150
109	256
0	224
0	70
0	193
0	32
0	46
55	81
2	40
2	0
11	15
0	72
1	71
19	61
0	61
0	55
17	56
0	59
0	16
6	72
0	24
7	24
0	0
0	391
27	391
32	233
0	0
0	0
0	0
34	135
0	136
1	3
0	8
0	1
0	9
0	0
5	31
4	55
0	38
0	6
11	0
691	66
0	66
50	29
2	29
0	11
8	278
0	225
0	174
0	141
0	106
26	0
6	361
0	275
0	0
0	57
4	30
0	287
0	325
0	0
3179	2193
0	422
3	1068
12	663
9	659
0	454
0	3
0	3
0	3
0	629
10	152
0	544
17	605
57	560
0	615
0	40
2	23
2	139
0	95
23	221
0	0
0	0
0	0
0	0
0	0
0	0
0	0
0	0
9	4
0	0
0	176
3	142
2	87
0	81
0	155
0	79
0	30
0	31
0	63
0	7
3	52
0	12
0	1
0	1
0	0
0	1
0	12
0	32
0	32
0	21
3	1
1151	1236
9	339
0	510
0	504
20	338
85	58
0	58
256	96
0	68
2	96
0	0
0	1
0	1
0	1
0	0
0	14
0	25
0	88
0	95
0	31
0	11
0	95
23	462
15	456
14	154
0	107
0	110
0	10
0	0
0	12
0	0
104	20
1	20
29	35
0	35
0	1
0	1
0	1
0	0
0	0
0	1
3	0
0	18
0	23
0	18
0	23
8	295
9	354
0	254
0	46
107	126
3	126
0	0
0	4364
0	30
0	207
0	4384
0	14
2	4440
0	2630
9	2531
12	192
0	2668
0	4403
0	2623
0	4376
0	0
0	0
0	0
207	402
0	231
0	304
0	305
0	191
0	405
0	192
2	271
1	61
788	961
0	652
3	369
0	0
1	122
0	121
0	37
0	0
95	118
2	130
0	123
0	130
56	12
131	354
285	454
7	327
0	323
1	338
1	154
37	149
21	107
1	106
2	63
0	68
0	895
18	839
0	897
47	76
0	868
0	76
10	875
0	0
28	8
0	8
4	7
5	643
0	438
0	85
0	40
1	23
0	644
4753	354
7	253
62	147
73	84
1812	1051
3	412
0	639
0	0
0	0
0	0
0	0
0	0
0	0
0	0
0	0
0	9906
22	14382
3	11525
27	6475
23	6367
0	7095
14	4487
0	14396
102	0
29	9543
0	6678
0	3490
2	9516
37	1404
4	3903
0	4020
19	4972
1	921
0	2064
21	2225
422	0
0	46
0	37
0	29
0	17
2	0
0	549
0	45
0	134
0	561
0	72
0	481
0	6
5	6
0	18
0	553
21	528
0	128
0	46
9	294
0	45
0	9
0	197
0	235
0	318
0	335
0	220
0	304
0	37
0	91
2	43
0	8
3	8
21	21
0	13
8	8
0	0
10	97
24	97
0	0
101	166
0	36
4	67
14	150
0	114
3	86
0	0
0	51
4	51
197	176
0	176
0	3272
308	5340
3	2735
0	3660
8	581
40	3660
3	909
39	2059
27	1175
194	1626
1684	422
29	137
0	31
0	31
0	0
0	0
8	640
0	552
6	124
3	15
0	8
0	11
17	937
5	895
0	1069
0	61
5	181
20	377
0	147
516	0
1	0
12	650
22	650
2	4
4	11
2	19
0	92
0	38
1	10
118	150
0	29
0	32
0	150
6	40
4	9
0	23
4	636
0	110
0	627
0	421
0	634
0	621
0	10
5	28
0	57
0	21
0	51
0	10
0	47
0	46
15	0
0	36
3	52
16	6
0	0
0	0
0	0
0	0
0	0
0	0
0	2
0	3
0	0
0	1
1	1
0	0
101	35
0	35
24	0
7	14
0	0
0	0
1907	0
0	1
0	3
0	2
0	0
0	2
0	2
7	0
60	0
0	297
0	0
0	0
0	0
0	0
0	0
47	183
50	0
0	91
1	85
5	95
3	7
0	0
42	63
0	32
0	63
0	11
0	11
0	11
0	9
0	0
0	0
398	0
0	4
3	4
0	40
1	139
0	46
0	140
0	35
0	148
0	139
4	9
3	12
0	148
0	138
0	518
0	503
10	538
0	505
5	549
2	10
0	42
32	51
1	37
4	11
0	3
32	49
27	358
6	358
2	63
0	93
0	0
0	0
0	41
0	289
1	353
0	262
7	4
3	16
2	3
0	0
0	0
0	0
12	75
1	75
29	96
17	36
0	74
0	0
2	6
0	94
0	0
0	0
0	0
0	0
0	0
0	0
0	0
63	47
0	0
15	4
0	4
0	0
1	0
0	0
0	0
0	0
1	1
0	1
0	0
0	0
0	0
0	0
0	0
7	0
0	0
0	0
0	0
0	0
0	70
0	18
0	70
0	8
0	9
0	7
1	86
4	0
43	77
0	54
0	66
0	7
1	18
0	0
0	0
0	0
0	0
0	0
0	0
0	0
0	0
157	0
10	45
1	11
1	2
0	45
1	30
0	0
0	28
0	3
0	12
0	2
0	2
0	2
0	0
0	0
0	0
0	0
0	178
66	166
0	121
4	166
10	12
0	12
0	0
0	0
0	0
0	0
0	0
0	0
0	0
0	0
194	0
0	0
0	0
0	0
8	0
497	424
1	50
0	392
21	3
17	127
7	26
0	127
0	0
0	0
0	0
0	0
0	0
0	0
0	0
0	0
0	0
0	0
7	0
0	2
0	0
0	2
0	0
0	0
0	0
0	0
0	0
0	0
0	0
977	3974
7	907
8	1556
29	2777
8	2244
282	0
4	0
0	0
0	0
852	1481
5	1952
0	817
73	98
0	0
0	1
0	0
0	1
772	0
1344	2601
1	44
0	6
0	646
1	251
9	294
13	514
6	314
16	882
6	206
25	206
0	40
21	0
44	0
22	2793
89	2696
33	2590
0	313
1	1627
60	3
0	220
296	0
3	222
0	98
0	2
0	0
0	222
107	0
0	5
0	44
0	47
0	0
0	0
4	21
1	7
0	7
0	5
0	42
0	42
0	6
0	0
0	19
0	4
0	0
0	0
0	5
0	6
0	6
0	5
0	5
0	47
0	48
145	926
1	224
4	275
0	76
11	34
1	30
20	135
72	0
0	0
0	17
310	91
0	0
0	38
7	2
1	39
0	0
0	0
0	0
395	32
0	9
0	17
0	23
0	0
0	0
0	0
0	0
0	0
0	0
0	0
0	0
0	0
0	0
76	2648
0	341
41	131
1520	2613
0	1515
0	1464
436	488
0	426
9	80
2	0
0	42
3	42
3	99
0	22
0	100
0	100
0	101
3	67
0	20
0	18
1	10
0	9
0	95
354	98
1	98
0	0
0	0
0	0
0	0
0	0
0	0
0	0
0	0
52	19
0	24
2	27
0	8
2	101
0	101
0	41
0	80
0	28
0	74
0	37
1	37
0	58
2	25
0	20
0	31
3	10
5	11
0	8
0	0
0	0
0	33
0	111
0	187
0	174
0	170
1	19
0	27
0	28
1	81
7	81
7	52
0	183
0	0
4	2
0	62
7	20
0	32
0	57
0	63
0	50
0	0
0	1
0	8
0	7
0	8
1	0
0	140
0	7
0	51
0	22
0	6
2	5
0	139
2	25
0	19
4	24
1	2
0	0
0	0
1	5
1	5
0	5
0	5
2	0
1	0
0	0
0	0
0	0
33	791
0	732
0	841
0	0
0	0
0	12538
0	12538
0	242
0	249
8	236
0	73
3	87
0	39
2	3
0	26
2	13
2	2
10	0
0	4
0	2
0	4
0	4
0	4
0	2
0	2
0	0
0	0
0	0
3	0
0	46
0	42
0	4
0	0
0	0
2	0
0	0
167	14
8	6
8	14
56	204
0	56
0	41
4	56
0	56
0	43
0	27
0	18
0	18
0	2
0	0
2	0
0	0
0	1
0	0
0	0
1	2
0	104
124	128
0	78
0	93
0	124
0	11
0	26
0	30
0	6
0	118
0	73
0	114
0	115
9	0
13	5
0	14
0	2
0	0
139	173
0	125
3	14
0	47
2	83
6	59
1	8
2	13
0	37
0	0
0	37
0	0
0	2
0	2
0	2
0	2
34	1185
11	1182
8	211
9	154
42	0
97	325
13	101
0	224
13	0
0	0
0	0
1	0
0	92
0	77
4	319
0	307
2	65
2	10
0	8
1	7
0	2387
0	2070
0	2376
3	1358
0	58
1	179
5	2321
63	3219
14	950
8	1530
0	2952
2	516
790	2583
4	216
3	186
0	376
4	311
3	321
2	336
7	93
1	351
0	562
1113	317
1	356
1	307
0	155
20	309
11	134
0	8
0	7
0	2
0	3
0	2
0	1
0	1
0	1
0	1
0	3
0	3
0	3
0	2
27	78
0	81
0	47
0	26
4	24
0	12
0	18
1	511
0	722
0	706
0	243
2	649
0	103
1	558
0	546
4	398
0	652
0	348
24	274
3	249
134	176
0	74
0	53
0	87
0	64
0	106
0	62
0	76
0	62
0	17
0	0
2	15
2	22
0	14
0	15
1	12
0	1
0	0
7	121
0	2
2	133
0	0
0	125
12	129
1	119
0	32
0	0
0	0
0	0
0	0
0	0
0	0
0	0
0	0
0	0
0	0
0	0
0	0
0	0
0	0
0	1
0	0
0	0
32	0
58	436
0	423
0	437
0	444
0	31
1	4
11	1
2	49
0	1898
0	2362
27	43
0	1883
167	0
0	2056
238	8
20	1311
16	183
102	238
0	458
0	2203
0	0
0	0
0	0
0	0
0	0
0	0
0	0
0	25
0	12
0	22
0	5
0	5
0	17
0	3
0	18
0	14
0	23
0	1
0	2
1	15
7	800
0	800
0	764
0	325
0	123
0	183
0	222
0	244
0	136
1	19
15	42
0	0
0	0
0	0
0	795
0	0
0	0
0	0
0	0
1637	11248
0	94
0	94
1	94
0	91
0	16
0	10
1	15
0	10
0	10
0	5
0	6
3	0
0	3
0	6
0	1
0	6
141	299
0	283
1	41
0	86
1	0
3	5
0	320
1	18
164	13600
12	10057
92	11117
1	11591
6	12652
8	5945
2	9650
0	6052
0	281
1	49
0	0
0	0
95	32
1	17
16	15
9	0
0	3661
0	13373
24	9801
33	4179
0	9841
31	5771
0	11
0	11
0	8
69	118
0	31
0	12
0	16
0	71
0	20
0	200
29	12
1	183
78	187
0	194
0	32
4	7
39	2
0	6
0	2
2	290
1	201
0	273
0	205
0	230
0	42
1	5
0	227
3650	2496
0	855
0	1845
1	929
0	247
28	396
2	514
13	260
90	69
0	0
0	0
0	0
0	0
0	0
0	0
0	0
0	0
0	0
258	113
0	113
3	1422
2	565
77	1001
109	750
30	725
1	120
0	301
5	66
15	249
11	0
15	69
0	18
0	23
0	17
0	11
0	11
0	11
5	0
85	8
0	8
0	3
0	3
0	3
0	0
6	28
0	28
0	3
2	4
0	7
0	2
0	1
3	1
691	2284
53	1528
0	269
6	124
0	464
0	446
0	234
0	0
2	54
0	11
0	46
0	1
0	1
0	71
0	2
0	8
0	16
0	17
0	70
0	68
0	68
42	163
6	5
27	40
0	54
26	8
9	39
6	13
11	67
16	38
0	0
60	5000
285	5776
0	2553
0	2778
4	1623
7	1237
27	282
7	203
5	106
101	85
0	107
0	60
27	8
0	62
0	57
0	20
23	28
0	57
0	0
0	0
0	0
0	0
0	0
0	0
0	412
0	176
7	584
162	0
1	9
0	5
0	2
0	0
0	7
0	4
0	4
0	5
0	5
0	147
2	0
0	134
0	0
2	145
0	131
0	7
9	0
0	20
0	102
0	52
0	0
2199	790
15	393
7	502
0	501
3	502
0	329
0	269
44	151
0	0
0	1
0	0
0	3
0	2
3	0
0	2
0	0
0	3
0	0
0	0
132	57
1	57
0	5
0	0
0	0
0	0
0	0
0	0
0	0
0	0
0	0
0	0
0	0
0	0
0	0
0	0
0	0
0	0
0	0
0	0
0	0
0	0
0	0
0	0
0	0
155	198
49	198
0	81
0	36
0	81
0	0
0	0
37	9
0	9
1	160
0	1388
9	1268
4	47
6	333
0	328
0	8
0	43
21	194
10	275
0	18
31	93
1	9
2	64
1	7
0	65
0	17
0	68
0	12
0	1
0	1
0	0
0	1
0	1
0	1
0	0
0	1
0	0
0	0
0	0
0	0
2	43
3	49
0	58
0	52
0	9
0	12
0	16
0	0
0	0
0	0
0	0
0	0
0	0
0	0
0	0
0	0
0	136
4	45
0	180
4	220
0	120
2	0
0	92
1	35
26	28
0	1
0	0
0	0
0	0
0	0
0	0
0	0
0	0
0	12
0	0
0	11
0	14
0	13
0	0
0	0
0	0
0	0
0	2
0	2
0	2
87	30
11	30
5	11
22	119
5	119
0	0
0	0
0	0
0	0
0	0
0	0
0	0
0	0
2	4
0	4
0	3
0	3
0	0
3	23
0	21
0	21
0	17
1	22
0	22
0	1
2	10
0	10
262	274
0	259
0	91
0	111
3	229
0	149
1	164
1	113
0	74
16	93
0	29
0	66
0	0
0	0
0	0
0	0
0	0
0	0
0	0
0	1
0	1
0	0
0	0
0	0
0	0
0	0
0	0
12	1
0	1
67	377
1	47
13	46
0	17
0	16
0	16
2	8
0	351
809	667
10	470
0	221
3	88
13	409
28	157
0	4
12	46
0	14
1	87
0	14
0	117
0	23
12	10
46	1604
9	1024
2	734
0	784
0	666
0	536
2	289
2	153
0	155
62	265
0	203
0	0
0	0
0	0
0	0
0	0
0	1
0	0
0	0
2	1
0	20
0	191
0	16
0	142
1	13
3	181
70	1490
37	2287
1	2285
0	208
58	260
0	47
0	40
0	2285
677	649
11	379
1	360
0	42
2	592
20	120
11	352
0	0
0	0
0	2
0	2
0	0
8	7805
24	8120
2	5258
23	6609
21	399
0	5851
0	0
0	0
0	0
0	0
0	0
0	0
0	0
0	0
0	0
0	0
0	0
0	0
70	314
59	2190
0	298
6	2186
0	157
1	120
0	272
1	236
67	234
0	7
0	33
0	17
7	87
0	110
0	14
0	98
0	39
2	47
0	72
0	0
0	0
0	0
0	0
193	12
0	12
2	17
0	351
0	964
42	972
40	346
2	10
0	121
55	0
87	501
124	360
4	83
2	977
0	21
1	581
1	576
10	579
18	139
5	13
18	13
18	34
1	1
0	0
0	0
0	0
0	0
0	0
0	0
0	0
0	0
1	318
647	2027
1	1951
11	315
0	436
0	5
3	17
0	0
8	12
0	12
281	396
14	305
6	171
0	53
0	0
0	0
0	319
0	319
0	26
0	41
0	0
1	0
486	354
8	98
0	333
2	255
0	6
101	116
4	116
0	0
0	0
0	18
0	119
5	46
4	18
0	17
0	23
11	55
0	38
0	117
0	260
0	20
0	276
0	56
0	32
0	24
0	141
0	16
5	19
1	0
0	37
0	45
7	783
47	780
5	773
0	137
10	31
39	0
1	46
52	1
0	14
0	0
0	0
0	0
0	93
1	41
0	20
0	86
0	47
0	26
477	1678
40	1680
6	147
21	79
8	52
1	171
0	145
0	53
0	69
0	47
15	802
2	791
0	617
38	37
0	123
3	38
0	0
0	0
0	0
0	194
0	183
0	201
0	199
0	176
0	56
0	74
0	50
2	28
0	29
5	14
0	7
0	201
0	200
0	0
0	0
22	52
0	46
16	20
4	509
25	176
0	497
0	10
0	167
1	35
15	21
20	389
0	1134
0	214
0	24
0	1010
0	788
2	151
0	2
0	0
0	2
2711	0
0	0
0	0
6	3
0	0
0	33
19	33
1	5
1	0
0	4
1	4
0	0
92	0
270	487
22	120
0	376
5	430
11	230
8	90
0	16
1	6
211	361
0	4
18	361
30	27
0	0
1	106
0	75
15	53
0	28
5	5
0	63
530	199
0	180
0	170
1	57
0	75
0	62
0	45
1	8
38	11
0	0
124	2962
6	1918
0	2896
4	145
14	2743
28	57
1	411
0	172
265	485
39	80
25	0
25	728
0	0
290	0
0	0
2	1058
58	95
36	66
3	1031
0	5
0	69
15	0
26	349
43	744
3	746
8	154
0	215
0	131
0	685
0	0
139	110
10	5
7	9
0	59
3	3
34	47
0	64
0	71
0	36
4	35
0	0
0	0
0	0
0	0
0	0
0	0
0	0
0	0
0	0
18	304
14	3
40	28
0	304
0	35
3	9
27	1
3	33
0	40
0	0
0	0
0	0
0	0
0	1475
21	198
8	511
0	385
62	861
2	806
5	69
0	15
0	11
1	218
0	0
0	0
0	0
0	0
0	283
502	502
0	163
0	280
9	0
3	181
0	0
0	0
171	609
54	508
0	0
11	103
0	103
8	101
0	101
0	24
2	13
2	0
0	0
0	0
1	0
0	0
0	0
0	0
0	0
106	619
0	451
0	384
4	30
0	271
0	278
0	271
0	178
0	133
2	132
17	70
820	572
0	516
1	493
32	2661
2	2661
0	409
4	347
17	121
0	0
0	0
0	0
0	0
0	0
7	1
1	3
0	2
0	0
0	0
0	0
0	0
0	0
0	0
0	0
0	0
0	0
0	0
0	0
0	0
0	0
4736	2312
144	472
0	2073
43	589
0	3
0	3
0	3
0	0
0	0
0	0
0	0
0	0
0	0
0	0
0	0
0	0
0	0
0	0
0	0
0	0
0	0
0	0
0	0
0	0
0	0
0	0
0	0
0	0
0	0
0	0
0	0
95	9
1	0
2	9
0	0
34	0
0	0
0	0
0	0
0	0
0	0
0	0
0	0
0	0
0	0
0	0
0	0
203	132
1	8
0	36
0	84
0	16
0	5
0	33
0	34
1	21
0	332
0	23
0	9
0	9
0	9
0	12
22	323
0	313
53	3
0	37
16	294
42	152
50	392
0	1189
46	1148
4	272
6	1035
9	47
62	139
0	11
0	6
1	11
0	9
0	6
0	0
0	11
0	0
0	0
0	0
0	0
46	922
0	3422
0	226
1	2572
33	54
3	244
4	500
0	452
6	434
0	18
1	24
0	81
110	81
0	5
0	8
0	24
0	3
0	165
1	165
0	18
2	14
0	0
0	0
32	0
28	224
146	355
20	224
0	65
46	131
2	54
187	2790
1	105
1	114
4	70
2	2666
1	47
6	97
71	54
10	153
18	399
2	127
0	240
9	49
0	121
0	2
0	2
0	0
0	0
0	0
0	0
2	480
0	341
1	431
0	373
0	330
12	149
3	47
0	0
0	0
0	0
0	0
0	0
0	0
85	143
11	143
0	0
0	0
62	141
335	113
85	138
0	39
1	121
0	124
0	0
878	2919
0	2252
23	67
3	331
22	95
0	210
18	308
1	153
37	557
0	2
0	2
0	1
0	28
3	31
0	43
0	0
0	42
0	31
0	4
4	18
0	5
0	9
15	22
0	2
0	13
2	12
1	3
0	12
0	2
0	2
0	0
0	517
1	169
0	250
5	45
10	111
166	727
0	830
1	0
0	664
1	658
0	174
0	243
0	151
0	163
2	117
0	26
0	12
0	97
0	0
0	0
0	0
0	0
7	90
2	87
0	90
0	4
0	1
0	1
0	0
0	0
0	0
67	16
9	1
0	17
0	9
0	2
0	2
0	2
0	2
0	98
0	0
2	1505
8	1008
1149	1505
12	46
0	34
0	153
5	161
96	19
421	0
0	0
0	0
0	1030
0	145
0	268
0	797
0	608
0	653
10	411
0	303
9	168
6	28
0	60
0	166
1	48
0	150
0	77
2	80
0	43
0	49
0	38
5	4
11	27
0	32
0	40
11	27
0	0
0	0
0	0
0	1
0	0
0	0
0	0
1	1
0	0
0	1
0	0
0	0
0	1
0	1
0	1
0	1
61	386
1	374
10	34
0	16
0	1
0	5
0	67
0	60
2	42
18	53
0	0
0	0
702	810
46	665
25	112
0	145
0	0
0	0
0	0
0	0
0	0
0	0
0	0
0	0
0	0
0	0
0	0
0	0
0	0
0	104
271	2157
0	2228
0	2495
55	2032
0	1825
19	318
0	905
3	2471
21	674
0	633
0	17
16	622
8	473
28	487
25	113
0	0
0	0
0	0
0	0
0	0
18	1627
5	152
54	340
1	1210
0	1423
0	1476
4	88
0	163
0	35
0	99
264	35
0	5
1	30
1	0
42	45
5	45
0	331
7	59
0	98
0	27
1	263
0	235
0	6
2	26
0	0
0	0
0	0
0	0
0	0
0	3
0	0
0	3
7	0
0	1
0	0
0	0
6	398
29	162
0	0
3	149
0	388
0	59
0	0
0	0
0	0
0	0
1	0
0	0
0	599
109	0
1812	1096
41	183
138	352
43	131
37	85
47	85
6	355
134	249
27	249
0	0
58	477
0	477
0	0
0	0
0	0
0	0
0	246
0	246
0	246
52	9
0	9
0	0
0	0
0	0
0	0
0	0
0	0
0	0
0	143
0	138
0	65
0	61
0	31
1	67
0	37
55	168
0	168
0	91
0	0
0	1
0	14
0	14
0	14
0	2
0	8
0	0
0	3
0	3
0	0
0	1
0	1
0	0
0	0
0	0
0	273
402	276
9	270
8	589
0	586
0	435
0	362
15	151
2	121
0	114
0	98
0	0
0	0
2	208
0	257
0	263
5	40
8	4
0	248
0	0
0	0
0	0
0	1
0	2
1	2
0	1
0	1
0	0
0	0
2	927
58	599
1	783
1	1134
0	336
9	1115
0	750
0	34
10	64
0	56
25	21
0	11
8	60
0	0
0	0
0	0
0	0
0	0
8	346
1	120
1	30
12	987
0	1691
29	1664
2	97
0	130
0	347
126	167
7	145
13	180
6	387
5	97
152	5931
42	5321
0	5884
0	5592
1501	5892
35	930
42	987
0	876
12376	1269
0	336
0	319
1	0
5	44
52	44
6	730
2	145
21	6
11	116
0	1015
5	13
0	11
0	448
0	977
0	0
26	12
5	12
13	5
0	5
0	0
0	0
0	492
33	492
0	4
0	5
0	6
0	0
0	8
0	8
0	9
0	9
0	0
0	1
0	2
0	1
0	0
0	0
134	192
4	136
2	74
0	66
0	66
0	41
0	40
0	0
0	35
0	21
0	24
0	66
0	0
0	0
0	19
29	165
1	165
0	20
11	13
2	26
3	50
0	0
2	726
0	682
0	463
18	300
24	726
0	0
0	0
0	18
3	387
0	12
0	43
0	30
0	375
10	12
0	0
2	31
0	27
0	16
0	26
0	35
0	26
1	12
43	176
0	176
0	0
0	0
7	290
11	404
0	406
7	242
0	277
0	116
0	613
0	89
4	590
0	107
0	356
0	197
0	58
2	52
0	0
0	2
0	1
0	1
0	1
0	2
0	0
10	64
4	65
0	65
1	60
0	31
2	14
0	17
1	9
0	0
0	0
5	0
0	451
1	227
0	409
0	401
26	396
0	157
0	149
0	60
0	475
0	1
0	1
0	1
0	0
0	0
0	0
0	0
0	0
91	610
0	497
0	130
0	95
0	113
0	0
0	0
0	0
0	112
0	114
0	110
0	145
0	150
0	19
0	114
9	20
0	112
0	149
0	144
0	152
0	81
0	19
0	112
0	6
0	18
0	193
0	0
12	288
0	2
0	286
1	17
0	18
0	204
0	196
3	83
6	35
0	31
2	16
2	805
2	12
0	5
44	715
12	81
30	17
0	18
0	37
7	713
39	448
0	403
8	429
0	0
2341	817
75	817
1	558
230	77
4	29
4	33
12	16
4	505
2	534
0	158
3	71
6	48
10	76
0	57
0	144
3	108
2	52
372	713
0	175
2	195
3	313
0	122
0	432
10	242
8	368
0	60
0	177
0	187
0	188
14	166
2	136
0	70
0	137
0	133
0	117
0	76
0	76
377	225
1	123
0	102
0	40
0	0
0	0
0	0
0	0
0	23
0	36
1	10
0	3
0	11
0	8
0	553
10	657
0	0
0	0
0	0
31	171
0	256
4	2082
33	5
0	62
3	2065
7	145
0	2095
75	5
0	54
0	53
0	18
0	13
2	11
0	12
10	4
0	4
0	0
62	211
72	409
0	155
0	369
0	303
0	105
0	86
3	134
0	122
0	129
4	14
1	98
0	26
0	0
108	257
10	257
101	130
1	14
7	116
5	18
0	18
0	2
0	0
0	0
0	0
30	0
0	30
0	43
0	43
0	43
1	39
0	30
1	16
1	3
0	0
5	15
1388	745
5	21
2	115
7	154
0	167
0	178
1	117
0	4
0	4
0	1
0	1
0	2
0	0
0	0
0	0
0	940
0	939
0	922
2	9
0	283
4	111
0	2
0	0
0	324
11	3
2	3
1	9
1	81
0	80
0	12
0	5
1	8
0	24
0	35
0	0
0	2
4	0
0	2
1	14
0	6
0	14
0	16
0	36
0	2
0	34
0	0
0	27
5	33
0	25
0	12
0	2
0	24
13	30
0	72
404	556
0	556
0	0
1038	0
0	167
0	160
0	93
0	39
6	62
10	143
49	7
18	8040
0	0
0	40
0	0
0	40
0	0
0	37
0	34
0	0
0	0
0	37
0	40
0	5
7	415
0	439
29	0
0	171
0	129
0	46
0	11
0	227
0	191
12	46
0	47
1	218
6	167
0	48
0	65
2	25
18	322
0	283
3	195
0	119
0	38
5	0
12	342
26	383
3	77
4	313
1	194
0	29
3	25
0	4
6	88
0	313
0	60
0	93
0	100
0	20
0	18
0	11
0	19
1	15
2	15
4	102
0	60
0	0
0	0
0	135
18	27
0	26
0	134
4	175
0	44
1	91
0	136
0	28
0	35
0	43
1	59
0	45
0	48
0	9
5	47
0	43
0	65
0	42
0	54
51	0
0	394
0	395
0	338
0	37
14	293
0	48
0	55
0	44
0	4
0	25
1	11
1	1128
14	1099
7	675
2	327
0	28
0	254
85	148
0	148
3	9
12	602
0	645
18	614
86	50
0	0
0	0
0	0
7	65
3	51
0	61
0	9
0	12
1	7
0	18
0	25
0	18
0	29
0	0
0	0
0	4
0	3
0	3
0	4
0	1
3	4
0	3
0	6
0	6
0	4
0	2
0	0
0	1
23	0
0	0
0	0
20	307
9	81
0	273
0	273
0	307
0	307
3	0
0	3
0	1
0	3
0	1
2	7
0	7
0	2
8	8
8	19
0	8
0	6
2	8
2	11
1	0
1	0
0	0
203	174
0	81
0	45
2	55
1	431
0	318
0	124
0	431
0	0
0	0
0	1
0	0
0	0
0	0
0	0
0	0
0	0
0	1
0	4
0	2
0	2
0	4
0	0
0	0
0	0
0	0
0	0
0	1639
141	977
0	1554
0	1705
1	878
0	730
6	861
0	782
0	768
3	1018
3	320
0	290
466	156
0	89
0	66
5	41
0	27
2	33
0	23
0	2
0	2
7	260
1	261
8	258
1	220
0	3
603	354
2	126
0	107
0	281
2	230
3	30
0	14
0	49
0	46
0	14
0	7
59	20
0	9
0	15
22	0
1696	865
19	720
7	334
2	1026
22	56
230	2065
0	62
1	130
0	2065
3	9
0	9
0	9
0	10
0	10
0	8
0	9
0	8
0	5
0	6
0	4
0	5
0	1
0	2
0	3
0	2
1	1
1	0
0	81
8	83
5	106
12	44
0	110
0	95
7	764
0	767
4	186
1	41
15	61
0	181
0	140
0	4
47	35
0	0
0	0
3143	813
35	503
0	132
112	33
0	177
16	133
9	608
0	189
4	672
0	303
15	288
1	371
2	398
0	179
1	402
83	402
41	2
1	162
2	69
5	2460
0	1095
120	58
0	424
12	544
13	854
0	24
0	492
0	2299
0	636
0	0
2892	1688
16	1687
3	7
4	488
929	9857
67	9779
0	612
19	959
29	520
8	637
5	593
17	1174
22	1840
0	928
2	1520
3	1127
16	325
24	183
0	0
2	0
0	0
0	0
0	0
0	0
0	0
6268	0
2	310
0	817
5	84
44	23
4	517
1	91
1	300
1	44
0	16
0	38
0	26
0	9
0	0
0	5
3	6
0	2
0	6
0	1
0	1
0	5
0	5
0	0
4	6
0	6
0	6
0	6
0	0
0	0
0	0
312	782
0	812
11	322
0	0
0	228
1	186
0	53
0	84
0	0
0	0
0	0
0	0
0	0
107	2364
6	2425
3	1765
0	252
0	304
11	169
0	15
0	15
0	3
0	4
0	4
0	3
0	35
5	662
0	0
0	0
0	0
0	0
0	0
0	0
0	0
0	0
0	0
0	0
0	0
0	0
0	0
0	0
0	0
0	0
391	1597
5	686
3	602
0	825
0	108
20	48
0	17
562	1160
0	988
21	538
0	455
5	130
0	307
1	201
748	79
1	73
4	36
0	64
54	5
167	385
0	312
3	312
4	18
0	17
2	0
0	18
0	8
16	484
44	481
0	471
22	270
0	16
2	127
1	374
47	10
70	0
231	22
0	105
0	105
0	105
1	0
227	406
1	176
1	375
0	163
0	405
0	27
0	0
0	0
4	4
0	4
0	0
0	0
0	0
0	0
0	1738
22	2035
0	1909
0	1776
0	2324
12	314
15	901
0	201
0	199
0	2029
37	1818
4	1960
0	144
1	198
0	202
0	198
15	11
10	38
1	26
1	50
1	38
95	898
15	901
0	831
9	137
3	51
13	204
0	54
0	174
0	182
3	179
3	179
0	153
0	96
0	54
1	32
0	49
1	31
31	207
0	200
0	192
0	100
0	63
0	15
35	16
10	7
1	0
0	0
0	0
0	0
2	0
0	0
17	214
14	219
0	43
1	9
0	26
50	0
4	1300
15	1665
11	1397
35	0
2	1423
4	251
3	17
0	194
0	226
1	98
2	98
0	0
0	0
59	711
9	711
94	44
0	208
6	0
0	96
0	0
0	0
0	0
1	0
0	0
0	0
7	983
10	1151
0	1154
18	0
13	575
6	1179
411	663
0	56
1	439
0	373
29	10
12	10
0	5
3	1
0	0
8	510
19	218
3	250
9	144
11	217
0	8
0	7
0	4
0	3
0	2
0	0
0	0
6	0
0	0
0	761
19	716
1	598
0	514
0	426
27	312
0	64
0	67
1	95
0	30
1	1
32	19
0	1
5	23
5	682
265	118
6	107
7	10
1	36
2	5
8	18
0	11
9	3
0	3
0	4
1	0
0	0
0	16
0	18
0	17
0	10
0	0
0	0
0	0
0	4
0	4
0	4
0	1
1	4
44	0
0	0
0	0
0	91
1	100
0	100
0	91
0	17
0	0
0	0
0	10
0	17
2	26
0	91
2	169
0	170
0	169
0	116
0	116
0	115
3	69
0	76
0	65
0	23
4	411
28	411
24	6
14	7
3	0
0	4
5	13
0	0
1	8
0	3
0	1
0	0
0	0
402	0
0	0
0	4
0	0
0	0
0	0
0	0
0	0
0	4
0	0
0	0
0	0
0	0
0	0
0	0
0	0
0	0
10	5
1	5
0	0
0	0
0	236
0	245
1	12
0	87
0	239
1	0
0	0
0	26
0	0
0	27
0	26
0	26
1	7
0	22
0	25
0	25
0	4
0	2
0	3
7	0
0	3
0	4
0	4
0	10
3	3
259	302
3	260
0	11
0	64
0	20
13	108
0	38
0	0
0	12
0	4
0	1
0	1
1	3
0	4
1	2
368	2
140	86
0	52
0	22
0	25
1	23
0	13
0	19
0	15
698	796
1	150
0	212
0	87
11	25
0	177
0	280
2	340
9	6
2	266
305	466
45	433
0	451
0	94
0	116
0	59
0	0
0	0
0	2
0	3
0	2
0	2
0	2
1	1
0	48
0	45
0	48
1	1
0	17
0	0
0	0
0	18
4	18
33	85
0	39
11	85
27	87
0	80
0	74
0	43
0	58
4	32
0	11
0	1722
118	1719
17	206
3	192
27	173
0	0
0	0
0	0
0	0
0	0
0	0
0	0
0	0
65	209
0	193
0	202
1	183
0	18
9	4
0	0
0	0
0	0
1	2
0	2
0	2
0	0
5830	630
8	238
0	272
0	0
0	365
1	364
0	356
31	10
0	3
0	10
2	2
0	0
0	0
0	0
0	1
6	1
113	495
0	419
14	402
0	431
2	490
8	484
0	484
1	477
29	62
0	43
0	67
0	56
0	49
0	411
2	0
0	2
0	3
0	3
0	3
0	0
0	0
0	0
0	0
0	3
2	154
23	154
0	21
0	31
7	173
1	223
12	98
4	188
0	172
1	219
0	204
0	221
0	188
0	214
0	44
0	23
0	37
0	38
0	16
5	24
0	0
0	0
13	0
52	0
0	84
0	84
1	24
1	6
0	25
0	0
0	0
0	84
57	0
0	0
0	0
0	0
0	0
195	154
0	133
1	153
1	122
4	0
0	0
0	0
0	0
0	0
0	0
0	0
0	0
0	0
0	0
0	0
0	0
250	0
0	1
0	1
0	1
0	1
0	1
0	1
0	0
0	0
0	0
0	0
0	0
0	0
142	26
3	2
0	24
814	578
10	578
0	208
332	1347
50	1325
1	438
11	338
3	970
1	1116
0	1179
0	1114
1	232
63	0
10	125
3	215
102	0
2	113
0	1461
0	1305
0	0
0	0
56	319
6	315
12	54
0	60
0	95
4	74
0	109
0	0
0	0
0	0
0	0
0	0
0	0
86	196
3	33
1	16
7	169
1	127
56	280
0	149
1	246
0	235
0	48
0	20
0	23
0	0
0	26
1	21
2	0
0	6
0	4
1	6
0	26
0	584
0	0
7	180
0	21
0	586
0	42
0	69
45	418
0	576
10	12
0	19
0	12
3	57
1	50
5	19
2	33
0	72
2	83
4	42
0	587
0	0
0	1
0	1
0	0
0	0
0	0
0	255
0	255
0	255
4	7
0	0
0	0
0	0
0	0
0	0
0	0
0	0
2	9385
2	0
0	0
0	8625
1484	9039
24	1836
0	8728
68	2051
0	6656
0	6684
502	115
1	112
0	95
0	78
23	110
2	110
0	104
5	9
0	2
0	22
0	1
0	0
10	239
0	57
0	228
0	30
0	22
0	234
0	0
8	234
1759	1071
5	224
1	490
10	181
0	1071
0	1
0	1
0	0
0	1
0	1
29	1915
0	1924
3	130
1	243
9	69
6	755
0	1892
5	0
168	1294
8	92
1	1294
0	0
6	199
454	764
0	379
29	45
44	21
29	127
1	52
1	240
0	116
0	229
5	3
217	145
1	55
4	39
0	51
0	5
1	6
76	4
0	53
96	964
3	136
20	873
0	276
3	97
0	198
0	90
0	194
7	68
10	1003
4	25
0	21
2	1003
0	368
0	56
68	440
1	35
0	53
1	15
0	22
0	35
16	4
40	335
0	347
0	177
0	169
0	157
0	126
0	24
0	22
1	9
38	2
8	104
1	11
0	16
6	56
0	104
0	0
0	0
0	0
0	46
0	46
0	2402
0	239
467	3577
0	441
0	251
2	607
0	29
0	1145
472	20
11	433
3	3217
1170	1768
0	230
148	92
87	96
0	62
12	371
58	418
1	341
6	299
3	179
1	24
1	10
0	351
12	3691
0	3760
6	656
6	1689
33	572
0	3468
5	1116
3	1261
0	3648
0	311
2	263
1	80
0	311
381	5
0	5
124	443
2	424
13	265
1	52
0	0
0	0
0	0
3	3
0	3
0	0
0	0
0	0
26	30
2	30
45	107
0	108
0	8
3	88
8	0
3	97
3	79
0	10
0	9
7	8
213	600
2	407
29	389
5	55
2	61
12	35
2	33
4	35
0	0
0	0
0	0
0	0
0	0
0	0
0	0
0	0
2	9
0	9
0	0
0	0
0	0
0	0
0	0
0	0
527	0
0	0
0	0
23	944
10	1008
0	977
0	782
86	724
5	725
4	217
59	90
71	32
0	0
0	0
0	0
1	19
0	7
0	18
0	19
0	19
0	19
0	19
0	14
0	13
0	15
0	15
0	15
0	15
0	15
0	15
1	14
0	14
0	14
0	12
0	0
0	0
0	2
0	16
0	18
0	17
0	17
0	54
0	55
1	14
1	52
0	9
3	4
0	0
0	0
3	349
0	349
5	14
0	109
10	14
0	89
3	121
21	153
0	72
1	140
0	71
2	42
21	42
0	40
0	8
27	0
65	29
0	0
0	0
0	0
0	0
0	0
1	0
0	26
1	13
1	5
0	9
0	43
0	93
0	77
9	68
79	181
527	1323
123	510
1	441
19	799
0	685
0	341
12	262
0	88
8	569
2	362
10	561
75	181
188	317
0	21
0	185
5	109
18	1318
7	1318
4	13
4	59
1	57
6	75
0	986
15	24
10	66
1	0
0	0
2	0
0	2
0	2
0	0
0	1
0	1
0	1
0	1
169	1129
1	305
1	824
0	708
6	0
2	10
0	15
0	13
0	2
0	12
0	2
0	3
268	0
11	51
0	51
0	14
0	17
0	10
9	0
0	0
0	0
0	0
0	0
1	787
0	639
1	234
0	396
0	260
125	0
0	3
207	87
0	87
13	11
1	4
0	4
0	4
0	0
0	0
0	0
0	0
0	0
0	0
0	0
0	30
0	19
0	19
3	10
0	3
17	0
0	0
0	3
0	0
12	31
0	26
0	25
0	25
0	26
0	0
0	0
0	0
0	0
0	4
6	175
5	175
3	13
3	14
4	38
0	130
0	145
3	146
0	24
27	100
0	86
6	44
5	100
14	89
0	17
0	37
0	22
0	0
22	35
1	0
0	0
0	0
0	0
0	0
0	0
0	0
1	0
0	0
0	0
0	0
5	3
0	0
0	0
0	2
0	2
0	1
0	34
0	34
0	34
0	28
0	0
1	0
0	0
0	0
0	0
0	0
0	0
0	1
0	1
0	0
0	0
0	0
0	0
0	0
0	0
0	0
0	24
0	22
0	21
211	360
3	25
31	154
0	45
7	111
3	38
0	18
2	10
4	0
0	0
0	0
0	0
0	0
0	0
0	0
0	3
101	221
4	19
0	186
14	175
0	13
0	15
9	9
28	43
2	43
1	2212
0	8
0	0
5	8
0	0
0	0
0	0
0	1355
1	268
108	103
0	1269
5	384
1	339
1	23
63	306
0	53
1	145
1	65
14	24
0	11
0	170
90	172
0	31
0	9
0	3
0	3
0	96
39	0
8	0
3	0
0	0
0	0
0	0
2	5
0	31
1	11
1	14
0	10
0	12
0	11
0	22
0	23
0	6
1	10
0	32
0	0
0	0
0	0
0	109
1	127
0	130
0	102
0	134
0	59
0	99
0	7
0	1
0	2
0	99
0	7
4	7
0	17
0	3
0	16
0	0
0	0
0	0
0	0
0	0
0	0
781	137
11	12
0	126
5	78
0	30
66	340
1	361
6	354
6	288
0	33
0	63
0	74
0	49
0	225
0	5
0	88
0	38
0	23
14	48
0	0
124	0
2	0
0	0
0	0
0	0
0	0
0	0
1589	729
0	557
2	344
0	0
0	6
0	0
0	4
0	6
0	1
0	0
0	1
0	1
0	0
0	5
0	0
0	0
0	1
0	2
0	2
0	2
139	24
12	0
8	2
5	22
0	0
0	0
15	10
2	1
0	7
0	10
384	162
0	162
0	2
0	2
0	0
0	0
0	0
1221	1
68	1
44	1219
0	1193
0	679
0	67
5	174
2	95
2	6
0	136
0	91
0	238
0	698
0	457
0	668
0	663
6	61
0	0
0	24
0	34
0	24
3	71
1	71
0	9
3	0
0	2
0	13
0	33
0	0
0	0
0	0
61	1654
45	1330
0	1502
0	130
52	34
0	34
15	2028
0	2079
1	643
0	763
1	734
0	735
4	0
8	100
1	62
172	127
0	0
0	0
0	0
0	36
0	35
0	1
0	36
0	495
0	61
0	491
1	479
3	447
0	491
0	69
0	457
0	17
0	18
0	21
0	4
0	0
0	19
0	21
0	4
0	2
8	3
0	4
0	3
0	3
0	16
0	16
0	18
0	2
0	4
0	3
0	2
0	2
0	1
561	67
0	50
15	18
8	29
1	20
0	28
0	0
0	1
0	0
0	0
0	0
0	3
0	7
0	0
0	0
0	0
0	0
0	0
0	0
0	3519
4	1733
0	3465
0	862
50	3334
0	1737
0	3292
20	642
25	368
9	1271
133	103
6	626
0	3519
2	24
0	20
162	183
0	178
0	126
0	88
0	0
0	0
10	7
0	2054
4	215
0	20
11	2034
10	366
0	279
0	223
3	130
5	54
8	120
0	404
0	0
0	0
0	0
0	0
0	55
0	56
2	72
3	13
2	20
0	20
0	92
6	92
45	42
0	40
0	37
0	3
0	3
0	1
0	1
0	0
0	0
2	0
2	1
0	1
0	1
0	0
0	1
0	1
0	1
0	1
0	0
0	0
0	7
0	0
0	7
0	1
0	0
0	2
0	0
0	0
0	0
0	0
384	712
60	375
16	337
4	630
2	585
1	615
19	120
0	120
0	5
0	63
0	1
0	408
0	63
0	0
0	52
0	411
0	52
3	72
0	58
0	92
6	17
4	96
0	71
1	0
0	0
0	0
0	0
0	0
0	0
0	0
0	0
4	0
0	26
0	6
0	16
98	42
0	31
0	0
0	0
29	143
0	45
4	137
47	445
18	443
175	122
96	122
3	309
0	284
2	26
0	112
0	22
9	9
0	7
2	5
0	0
0	32
2	25
0	20
1	0
8	1101
0	1075
0	565
21	10
9	93
0	111
1	124
0	35
5	6
112	475
12	18
0	20
0	11
4	37
103	17
74	1
4	120
5	120
0	113
0	75
0	25
2	6
1	5
0	3
0	2
3	0
0	0
0	876
2	876
6	809
1	180
0	319
1	376
0	449
0	434
20	329
0	0
0	0
0	0
0	0
0	1
0	1
0	0
0	0
0	8
0	4
1	1
0	1
0	2
0	8
98	614
52	572
3	28
90	64
0	39
0	0
0	0
0	0
0	0
0	0
0	0
0	0
0	0
701	922
2	200
0	354
20	7
1	1723
3	2014
4	2031
4	259
0	1931
0	1646
13	1020
0	1631
1	0
0	344
2	904
14	466
2	72
0	1895
9	350
0	463
0	446
0	1
0	1
0	0
0	1
0	0
464	102
0	33
1	69
0	18
0	3
0	3
0	0
0	0
0	0
0	324
518	324
36	0
69	777
0	1699
4	1704
0	1679
41	447
4	591
5	661
0	1150
0	1213
13	693
3	656
0	650
86	639
4	389
7	255
0	125
1	122
42	0
118	1317
176	1320
6	290
0	394
3	128
0	0
0	0
0	0
0	0
0	0
0	0
0	0
0	0
0	0
0	0
0	0
0	0
0	0
0	253
0	252
0	0
1	53
0	90
2	73
1	88
0	45
0	73
0	20
0	13
752	655
57	0
55	216
0	666
0	32
153	257
0	257
13	88
0	69
0	38
0	70
0	27
0	39
0	50
0	50
0	41
0	48
0	1
0	0
0	0
0	0
0	0
0	0
0	0
0	12
27	12
1	0
0	0
0	0
0	0
0	0
0	1
0	1
0	1
0	1
394	260
3	260
1135	0
21	164
54	164
6	18
26	6
0	0
0	0
32	444
1	364
2	96
0	0
0	0
0	0
111	0
52	19
5	17
0	9
0	3
0	0
0	0
0	0
4	4
0	4
1	608
0	593
6	332
0	220
0	51
47	168
0	0
0	0
0	0
0	0
0	0
0	0
0	0
550	2028
75	181
43	104
93	119
25	1601
7	155
21	22
8	185
10	148
28	152
14	50
0	0
59	107
35	556
55	33
42	555
1	137
0	20
0	14
0	20
11	197
0	197
916	1393
482	1661
42	1661
45	436
17	846
0	406
8	0
0	0
0	0
0	0
3	143
9	139
0	57
0	143
0	143
0	67
0	11
0	38
0	12
8	13
0	407
0	56
0	60
0	46
0	22
1	58
10	0
0	64
0	39
41	71
2	56
0	43
0	30
0	25
0	10
0	4
0	392
5047	12478
2	2256
0	12478
0	78
8	63
2	56
0	53
18	0
5	4
0	0
55	0
34	431
152	466
0	237
12	0
2	146
0	103
4	4
0	1
0	1
0	0
0	0
0	272
0	277
0	305
0	236
9	231
0	18
0	72
3	21
0	80
0	64
0	20
20	2
0	104
1	9
5	19
4	103
0	4
0	103
5	4
0	0
0	0
0	0
0	0
4	1659
37	451
0	1659
0	699
0	492
1	98
0	1
0	1
0	1
0	0
3	6
0	4
0	3
0	3
0	1
0	0
0	0
0	0
0	0
1	476
24	447
0	409
0	393
2	281
0	355
0	225
0	247
0	199
0	106
0	18
0	104
1	94
0	50
0	0
0	0
0	0
0	0
0	0
0	0
0	0
0	0
403	2603
3	2600
7	274
0	411
6	317
15	207
5	3
0	3
1	0
0	8
0	19
0	19
0	5
0	5
0	26
0	6
0	50
0	0
5	3
0	48
41	51
3	16
0	13
0	23
0	14
0	15
0	16
0	14
0	3
0	0
1	75
0	0
0	0
0	0
6	37
0	57
0	255
8	50
0	256
0	75
2	20
1	22
0	49
53	1185
0	966
0	1090
0	87
9	3
1	109
0	109
0	31
0	0
0	0
0	0
11	1828
0	718
0	1936
13	1876
0	597
6	1624
39	96
0	118
8	41
3	58
2	12
1	0
0	0
0	4
0	4
0	0
0	0
0	0
0	3
0	4
0	3
3	3
0	3
0	1
0	1
0	1
22	441
7	53
17	163
0	424
0	25
0	441
411	99
0	17
1	42
5	46
0	0
0	0
0	0
0	0
0	0
0	0
2	37
0	52
0	29
0	4
0	15
0	9
2	20
0	15
0	6
0	10
0	4
0	4
16	5
0	29
11	675
0	471
0	95
0	675
0	0
264	1073
57	1
0	273
89	819
20	236
6	204
0	310
1	296
30	153
1	155
49	149
16	157
0	0
0	0
6	121
0	64
5	45
7	38
0	23
0	31
0	57
0	0
0	145
2	143
6	119
0	147
0	34
0	139
0	134
1	121
0	7
5	0
0	10
3	25
1	0
0	98
0	63
0	64
10	98
0	1
0	24
0	28
0	12
3	0
7	238
0	260
0	218
227	33
0	33
1	2
0	0
0	0
0	0
0	0
0	0
0	0
0	0
5	0
0	0
4	0
4	263
0	165
0	30
0	39
0	158
314	644
0	631
0	146
1	440
19	468
0	4
0	3
1	1
3	0
3213	27
38	13
0	0
0	0
0	0
0	0
1	147
380	147
0	316
2	310
6	114
426	2761
90	2744
96	672
93	786
79	283
14	283
8	146
1	0
0	1
0	1
0	1
0	0
0	0
73	107
0	106
3	7
48	1873
0	1636
1	1758
0	1732
0	935
60	7
13	1589
2	355
1	439
1515	568
55	144
0	251
0	120
0	122
2	120
10	42
0	121
0	85
0	45
237	186
26	125
0	30
0	2
0	14
2	15
0	15
0	50
140	35
0	9
0	26
0	1
0	12
0	0
0	6
0	9
0	12
0	52
0	52
0	45
7	3
0	49
0	51
0	43
0	48
3	4
0	48
0	4
0	41
1	46
0	12
0	14
0	9
0	24
0	4
0	15
1	1174
0	1191
0	1144
3	1163
2	0
2	0
41	62
0	149
71	1119
1	66
0	1192
0	200
0	81
18	272
0	535
16	94
0	52
0	155
2	231
0	0
0	0
0	0
0	0
0	0
0	0
0	0
0	0
83	155
3	144
1	114
0	55
0	26
3	56
0	426
1	431
2	340
0	425
2	408
0	413
0	413
0	402
3	51
0	71
0	98
0	56
0	119
0	109
0	53
0	36
0	28
9	1
0	1
0	25
1	51
0	53
0	30
0	21
0	49
0	30
0	0
0	43
1	27
1	43
4	322
23	294
0	122
0	281
0	233
4	10
0	39
629	0
163	139
3	107
0	77
0	57
0	5
0	5
0	5
0	0
0	4
0	5
0	0
0	0
0	0
0	0
0	0
0	13
0	13
1	0
0	3
0	3
0	0
0	1
0	1
372	95
3	95
0	0
0	0
1	0
0	0
0	0
0	64
0	5
0	67
1	25
0	756
1	157
0	710
0	766
1	109
3	73
0	69
21	142
0	94
2	25
0	141
0	202
1	173
8	196
1	119
0	90
0	45
0	51
0	22
4	11
0	45
13	202
0	144
2	112
0	49
7	256
28	957
4	701
0	25
0	0
0	0
0	0
0	0
0	1371
639	3239
14	1130
25	310
0	877
13	289
0	603
0	559
10	357
4	734
334	0
2	0
0	0
0	0
0	0
0	0
0	0
0	0
0	0
7	104
0	6
0	105
0	30
0	13
0	42
4	407
0	405
1	383
20	181
9	141
6	120
0	73
0	32
23	10
72	359
0	357
0	360
3	189
0	317
0	75
8	37
2	0
10	18
5	52
0	175
0	218
364	195
3	195
161	93
0	79
0	49
36	62
0	0
0	0
0	0
0	0
0	0
2	249
0	145
129	261
7	17
4	154
0	99
79	1204
1	933
8	1
0	125
10	280
0	264
0	117
16	120
3	64
5	1
2	19
0	9
0	0
0	16
127	1801
0	1130
0	1789
0	1632
0	1711
0	1789
0	1789
17	790
1	379
5	164
0	0
7	849
55	229
172	1065
9	1203
0	59
5	0
14	407
0	3
0	0
0	0
0	0
2	0
0	0
0	0
81	40
0	0
0	0
0	0
0	0
0	0
0	0
0	0
0	0
0	0
0	0
0	0
0	0
0	0
31	19
0	13
3	15
5	0
8	0
0	0
0	0
0	0
32	35
0	35
0	0
0	0
1	0
0	0
0	0
0	0
1	0
0	0
0	0
0	0
75	34
0	22
6	26
6	714
90	430
0	730
2	552
8	46
37	94
0	103
0	214
17	96
13	34
26	140
0	0
0	0
15	0
0	261
0	332
0	152
6	222
7	58
5	106
8	113
55	43
0	1433
0	1578
5	252
1	193
0	69
27	1358
4	100
0	31
3	27
0	218
11	34
0	34
2	34
0	34
0	1333
0	0
0	0
2	64
0	59
1	12
0	0
0	66
0	0
0	0
0	167
0	331
0	315
0	1029
0	1055
1	1020
0	75
0	760
0	108
0	131
0	182
2	164
0	207
0	108
2	174
0	128
0	13
1	43
0	89
4	45
0	0
0	0
0	0
0	0
0	0
0	0
0	0
0	0
0	0
0	0
0	0
2	0
0	0
0	0
0	0
0	277
0	282
2	35
0	74
3	113
0	85
0	96
714	1043
38	964
2	109
0	206
7	2
324	457
17	321
0	108
0	97
6	27
35	21
5	215
7	222
0	39
2	7
0	5387
0	5131
0	5162
0	1902
0	1451
0	1640
13	1224
36	117
42	5203
0	0
489	2
0	1113
2	1990
11	37
1	56
2	2198
94	157
81	76
0	75
4	34
4	64
1	34
0	7
0	4
168	0
0	30
0	30
0	0
0	0
0	0
0	456
0	0
0	50
103	1046
207	621
0	611
5	87
40	0
1	31
0	31
0	21
0	0
0	1
0	21
0	7
0	6
0	2
0	0
0	0
0	4
0	15
0	15
0	7
4	0
0	0
0	879
0	911
12	130
0	727
10	360
0	456
0	621
64	252
0	1
0	1
0	913
0	83
0	8
1	4
0	12
0	33
3	2
0	10
0	34
0	13
0	34
2	37
5	3
0	0
0	2
0	34
0	1
8	954
0	953
2	237
0	210
1	274
0	270
0	82
0	59
0	66
0	74
0	68
0	31
0	72
0	320
0	311
0	315
1	317
0	236
0	3
8	23
0	199
200	532
0	552
7	148
0	535
2	669
0	671
1	330
0	1
0	1
0	0
0	2
3	2
0	2
0	2
7	19
22	19
0	10
0	0
784	5777
15	5683
250	852
1	4798
24	5406
0	3215
5	4224
0	5914
134	3025
0	1624
0	1890
20	2460
0	2145
2	2525
0	2988
0	0
0	4
0	4
0	4
0	1
0	3
0	3
0	0
0	3
0	0
0	0
0	0
0	0
0	0
0	0
0	0
0	0
7	272
0	78
0	91
0	160
21	6
0	251
0	250
13	56
0	104
0	240
0	53
0	239
26	43
0	225
0	36
0	219
0	213
1	209
0	209
0	14
0	204
6	18
0	57
68	69
0	202
0	197
0	197
0	192
0	215
0	0
1	4
1	4
0	4
1	0
0	0
0	0
0	43
3	43
0	0
0	0
0	0
0	0
0	0
0	0
0	0
0	204
15	74
0	198
8	203
0	203
0	43
0	44
1	114
0	6
0	6
0	6
0	0
0	5
1	0
0	0
0	2
1	15
2	14
0	16
4	6
0	0
0	0
1	15
55	274
0	12
0	75
4	253
0	29
0	17
1	15
8	64
1	49
3	0
0	0
0	0
0	0
0	0
0	0
0	0
0	0
0	0
0	0
0	0
0	0
0	2
0	2
0	551
430	559
0	119
0	6
39	49
0	51
0	50
4	245
0	124
0	32
0	53
786	497
101	314
18	140
0	0
11	493
1	304
13	61
0	0
32	1060
0	881
0	1058
0	983
17	70
0	189
3	246
0	104
62	47
25	0
0	0
0	0
0	0
0	0
0	0
0	0
0	0
0	0
0	0
0	0
0	0
23	1
0	0
0	0
0	0
6	556
9	556
2	556
0	173
0	115
0	131
2	168
22	0
50	340
0	0
0	222
10	3
0	1
0	1
0	2
0	2
0	80
0	41
0	71
1	108
0	119
0	38
2	0
5	255
0	256
13	212
3	209
0	0
0	0
52	652
0	688
9	618
0	546
0	609
0	630
0	554
0	298
4	23
0	473
0	133
6	0
7	351
5	46
7	288
0	0
0	30
1	19
342	0
14	0
0	0
1247	1101
28	216
6	608
0	883
4	371
1	339
0	182
13	113
0	310
0	0
0	20
0	13
0	20
0	19
0	17
0	18
0	18
2	0
0	18
0	0
3	45
7	45
0	0
0	0
529	90
7	90
3	262
90	351
57	5
9	248
2	0
0	0
0	0
0	0
615	132
0	116
0	57
1	74
0	120
0	120
0	110
0	111
0	111
0	69
0	15
1	9
0	8
0	118
0	0
0	0
0	0
0	0
0	0
0	0
0	0
51	1144
0	210
0	298
0	1145
21	191
0	260
0	249
0	130
2	248
0	123
45	210
0	196
1	33
0	15
0	21
0	38
0	95
0	7
130	137
0	136
70	3
3	44
7	1
0	0
0	0
444	75
0	0
0	0
0	0
0	0
1605	5204
6	5096
2	99
3	138
2	473
20	3258
0	327
0	407
8	253
2	218
2	319
0	4
0	0
111	6
0	6
0	0
0	0
0	0
0	0
0	0
0	0
0	0
0	0
0	0
0	0
0	0
0	0
0	0
0	0
0	0
0	0
0	0
0	0
0	0
0	0
0	0
0	0
0	0
0	0
0	0
0	0
0	0
0	0
0	0
0	11
0	2
0	3
0	10
0	11
0	11
0	11
0	2
0	0
0	3
0	3
0	0
0	0
0	0
0	0
0	2
0	4
0	0
0	0
2	2
1	0
0	0
0	3
3	29
2	29
0	1
1	1
0	1
0	0
0	1
0	0
0	0
28	1079
158	1020
4	198
22	68
0	371
0	122
173	65
4	320
0	159
0	239
0	263
4	76
48	86
0	0
0	0
14	0
0	10
0	10
0	11
0	0
0	1
0	3
0	10
27	1145
6	993
16	230
10	17
26	0
0	0
19	207
7	0
40	836
18	836
7	948
0	997
0	1077
1	781
2	15
4	12
12	23
2	254
1	0
0	0
0	0
0	0
0	592
10	156
7	590
1	60
0	39
0	467
1	38
2	64
4	41
3	910
4	274
2	246
0	296
0	268
0	100
0	247
0	281
9	0
0	0
98	0
0	1850
2	27
22	33
7	0
0	8
0	1
0	4
0	0
0	0
0	0
0	0
0	1
0	1
0	0
1	0
1	0
26	134
87	134
2	100
0	333
2	277
2	101
5	143
0	125
2	358
21	364
0	35
0	119
0	69
20	128
0	138
0	6
31	105
0	56
2	19
0	31
307	170
10	54
1	92
30	74
0	0
0	0
0	0
0	0
0	0
0	0
0	0
0	0
0	0
0	0
0	0
0	1274
0	1246
0	1247
0	1344
0	281
3	1361
0	1258
0	1074
0	1161
18	132
60	708
2	259
0	1
0	1
159	10583
2	2520
0	93
2	1048
25	10583
161	163
0	163
0	0
0	0
555	112
7	24
1	66
0	0
0	922
0	922
92	155
31	15
3	19
0	39
0	154
0	7
1	7
0	129
2	87
0	84
0	78
2	68
3	42
5	43
0	453
0	262
57	453
0	24
1	1
0	24
2	1850
0	0
0	0
0	0
0	0
0	0
0	0
0	5
0	10
0	5
0	10
0	0
0	5
0	8
0	1
118	0
41	8
4	7
0	4
0	4
11	1791
7	1764
2	852
0	0
0	0
0	0
0	1515
3	516
0	1498
20	350
3	72
0	1639
401	20
4	4825
3	535
0	169
1403	5020
1	517
34	537
31	1013
72	130
0	2
0	5
0	5
0	5
0	0
0	0
0	0
2	81
0	81
0	1
23	0
0	0
0	0
0	0
0	0
0	0
0	0
0	0
0	0
0	0
0	0
0	0
0	0
0	0
0	0
0	0
0	3
0	3
0	3
0	3
0	3
0	0
0	0
0	0
0	0
0	0
0	0
0	0
0	0
0	0
7	0
3	9
4	41
1	34
0	34
0	0
0	0
1	0
0	0
0	0
2	554
14	714
0	33
693	704
10	704
5	506
2	4
638	119
0	131
0	21
2	12
508	231
11	200
0	62
0	37
10	29
0	0
0	0
0	0
0	0
0	3
0	3
19	14
0	0
0	4
0	4
0	4
0	4
0	4
0	0
0	0
0	0
0	0
0	0
0	0
0	0
0	0
40	694
9610	22727
8	5175
0	3407
1	8013
10	5202
3	6675
18	4184
6	2442
8759	5464
10	4147
6	1640
2	1509
728	95
16	95
0	21
0	21
10	6
0	18
0	4
0	4
0	5
0	0
283	0
0	8
0	328
4	347
1	0
0	323
0	0
0	3
0	209
0	221
0	345
3	144
0	13
2	5
0	16
0	318
0	40
0	50
3	25
0	16
0	0
0	2
0	2
1473	1023
15	123
0	655
0	366
1	520
0	0
0	0
0	0
0	64
0	62
0	58
0	63
0	0
0	7
1	3
0	61
93	591
57	952
0	91
70	952
0	166
500	0
0	0
115	190
0	188
0	188
0	172
0	109
0	40
0	47
1	49
0	48
0	52
3	17
0	28
0	29
0	4
0	0
0	0
0	0
0	0
0	0
0	738
11	44
282	11
1	11
0	121
0	103
1	97
0	101
0	97
0	100
0	83
0	118
5	0
0	38
5	0
4	0
0	421
2	111
0	111
4	106
4	7
0	421
0	0
0	0
0	0
71	695
0	50
1	53
0	9
0	5
38	393
0	374
0	384
0	82
0	0
0	0
0	0
2	75
2	30
4	26
0	39
0	22
0	43
0	68
0	66
0	68
0	68
0	42
1	0
29	366
3	39
8	366
96	149
0	154
0	147
0	125
19	112
0	90
0	91
23	76
5	72
0	66
30	21
0	125
0	0
0	0
0	0
3	0
8	192
0	172
0	164
0	6
0	104
0	70
8	11
1	25
2	16
0	0
0	0
0	11
0	224
47	540
25	5
0	128
2	257
14	13
0	116
4	271
23	0
0	0
0	141
0	143
0	73
27	32
0	15
2	2
0	140
4	4
5	141
0	138
2	82
0	31
0	60
0	8
0	1
0	10
0	8
0	3
0	0
0	100
0	10
0	90
0	64
0	76
0	5
0	53
0	3
0	163
0	154
3	13
1	4
0	20
0	1
1765	177
5	65
13	112
6	136
4	378
0	403
0	361
0	369
0	281
8	196
0	86
0	162
0	89
6	34
0	33
0	197
18	472
0	457
2	206
1	482
24	19
4	37
0	0
0	5514
0	6883
0	6990
34	6576
28	6483
114	393
70	861
1	699
1	846
64	0
8	330
2	282
1	0
1	166
0	73
0	176
0	26
0	187
0	182
0	17
0	27
0	177
0	25
0	31
0	30
3	0
0	10
0	12
1	0
0	0
0	6
0	11
0	10
0	0
0	3
0	7
0	0
14	162
763	162
0	0
362	377
6	377
0	315
1	33
0	33
0	0
0	0
0	0
0	0
0	0
0	0
0	0
0	0
0	0
0	5
0	8
0	8
0	5
0	5
0	0
0	0
0	0
0	4
0	4
0	4
84	76
0	19
0	50
1	50
7	41
17	53
0	13
0	736
6	42
254	265
0	22
29	201
9	133
17	186
15	171
0	36
0	79
0	32
45	61
7	27
0	57
0	49
6	49
2	0
47	43
0	43
0	5
1	15
0	15
0	10
0	14
0	16
0	10
0	11
0	12
0	15
0	16
0	14
0	14
0	1
0	1
0	2
0	147
0	2
0	4
0	1
0	0
0	96
0	94
0	96
0	4
1	26
1	8
5	5
0	36
714	36
3	0
73	0
0	52
0	31
1	38
0	32
1	56
0	6
0	47
0	26
0	20
0	35
0	42
0	17
0	5
0	11
4	12
143	122
0	122
4	0
15	0
0	795
0	825
4	140
0	25
0	115
53	0
0	47
263	49
0	9
0	40
0	0
5	270
4	139
2	270
0	119
1	58
0	137
0	136
1	150
0	1
4	0
0	0
0	0
0	0
0	0
0	0
2	687
4	578
0	751
14	216
0	187
0	390
1	93
1	276
3	275
2	214
16	24
42	563
0	206
60	2
3	479
0	72
9	204
1	340
1	536
723	141
4	141
0	0
0	0
5	2
0	2
0	0
0	0
17	939
0	953
4	973
0	1095
0	499
5	1098
0	0
1	6
0	5
0	5
0	1
0	1
0	1
0	0
0	77
186	125
0	61
0	39
3	0
168	21
4	21
44	105
0	104
52	23
1	0
12	0
5	117
0	117
12	117
0	77
1	0
0	0
52	50
0	0
0	0
0	0
0	0
5	91
0	387
36	322
15	276
33	120
35	215
0	120
2	109
20	167
0	139
1	91
1	0
6	98
5	76
0	77
0	0
0	388
0	370
0	377
0	376
0	8
6	9
0	16
0	65
0	16
0	4
1	14
0	70
0	388
0	0
0	0
0	0
0	0
0	0
0	0
0	0
0	0
0	0
0	0
0	0
0	0
47	696
0	0
0	0
0	0
0	0
20	8
40	309
0	58
0	45
0	308
0	0
0	0
0	0
0	0
0	0
0	0
0	0
0	0
0	0
0	0
0	0
0	0
0	0
0	0
0	0
0	53
0	20
0	46
8	8
1	11
0	53
0	8
0	13
0	0
2	25
0	0
0	4854
171	3904
38	229
5	173
5	728
6	10
0	3842
0	4851
210	66
1	45
0	21
138	32
0	13
0	7
0	12
1	26
3	239
0	242
0	236
0	31
0	11
0	8
105	427
1	348
0	279
0	131
1	101
0	0
0	0
3	735
0	805
0	101
0	25
0	52
0	181
15	558
0	802
0	788
0	802
1	131
0	102
5	6
3	52
1	51
0	72
0	42
0	19
0	49
2	61
2	0
0	61
0	61
0	61
0	0
0	0
392	17
0	17
0	1476
0	736
0	512
0	231
0	493
0	456
0	45
0	65
9	218
0	349
0	345
1	241
7	82
0	163
2	1490
0	0
0	0
0	0
0	0
0	0
0	0
0	0
0	0
0	0
0	6
18	22
0	22
0	3
2	6
1	35
1	57
0	0
0	0
0	0
0	301
24	301
0	300
3	0
0	0
0	0
0	0
0	0
0	308
0	0
1	0
3	1115
0	297
1	344
1	1110
0	0
0	0
0	0
0	0
0	0
0	3
0	0
0	3
0	0
0	3
0	3
0	0
0	0
12	650
0	544
24	41
0	606
25	361
0	66
50	307
0	303
0	68
2	30
3	231
0	214
0	174
2	191
0	179
0	183
0	161
0	152
0	49
0	13
1	44
4	38
6	12
28	0
0	177
0	184
0	0
2	1
0	4
0	3
0	3
0	1
1	461
248	626
0	132
1	32
0	55
0	136
0	105
0	0
0	0
0	0
0	0
0	0
45	18
0	15
0	17
2	15
0	0
0	18
0	0
0	0
0	0
7	0
159	313
0	287
1	258
4	25
1	23
6	0
0	1
0	8
0	7
0	0
0	0
0	0
0	0
0	0
0	0
0	0
443	95
0	78
0	94
0	63
25	547
0	376
1	374
0	392
1	299
61	251
0	394
0	6
0	6
33	695
0	0
0	0
1	0
0	0
0	0
0	0
750	261
12	11
0	250
286	0
0	267
0	270
0	210
0	81
17	119
10	12
8	40
0	18
209	38
3	6
7	19
9	0
0	0
0	2739
8	2479
85	491
2	2704
33	224
63	458
0	0
0	0
0	0
0	0
0	0
0	0
8	11
14	0
2	171
0	11
402	171
0	288
9	266
9	255
0	273
0	8
25	48
3	112
2	25
0	44
1	12
161	1389
4	1358
0	335
121	190
0	207
0	266
0	294
0	288
4	77
14	70
2	21
1	40
69	46
0	45
21	21
4	99
0	106
0	93
0	0
0	211
0	225
2	225
2	139
0	200
0	109
0	29
2	6
4	4
0	37
65	12
7	0
0	0
0	1
0	3
0	8
27	0
3	173
242	250
0	127
6	18
6	77
26	2
0	1
0	0
0	0
0	0
0	0
0	1159
0	1157
0	101
1	173
2	267
1	223
1	74
0	70
2	8
0	1169
0	1159
0	0
0	347
170	347
0	12
5	30
8	304
25	285
5	240
0	145
0	88
24	95
9	95
0	22
0	21
0	13
0	20
0	17
0	0
0	0
0	0
0	0
0	0
40	571
0	8
0	576
0	28
0	15
0	6
0	6
0	6
0	5
0	1
0	0
0	1
0	1
0	0
5	868
0	528
5	727
9	877
0	561
0	285
0	0
0	0
0	0
3	0
43	2301
9	1558
68	14
0	1733
0	2158
0	8
0	276
120	1563
0	0
0	0
0	0
0	0
0	0
65	302
0	302
1	92
1	77
2	77
0	34
3	1904
0	1650
0	1614
0	1577
0	1220
0	1571
0	1868
6	1211
0	1419
0	1057
1	965
0	347
3	302
75	212
0	16
0	11
0	8
0	1896
12	703
0	3
0	109
0	97
2	105
4	26
13	26
0	108
0	194
549	1471
0	1201
31	620
0	1353
5	538
0	361
0	612
2	1233
2	334
0	260
0	387
21	297
12	90
0	0
0	0
768	0
1296	0
0	0
85	697
23	697
1	0
0	0
76	2635
2	2502
11	2500
3	2619
9	242
5	119
39	113
0	0
0	0
0	0
0	0
4	0
336	72
0	72
13	0
7	0
238	0
1	190
11	754
1	59
8	106
24	24
17	140
0	742
0	754
280	18760
26	7577
2	9497
21	3718
98	9315
96	4580
0	0
0	0
0	0
0	0
0	1
0	1
0	0
0	1
0	1
0	0
0	0
0	0
0	1
0	0
0	3
0	1
0	1
0	3
0	1
0	1
0	186
0	173
0	172
0	64
0	146
5	0
0	1039
7	670
1	1037
2	597
0	284
0	382
0	427
0	332
0	98
0	200
0	205
0	304
4	59
0	59
0	49
0	47
1	4
0	1
2	1
0	0
0	0
0	0
0	0
0	0
3	12899
7	12893
297	31
0	0
0	0
462	510
29	154
11	154
10	109
2	509
32	27
0	0
0	0
0	0
0	0
0	726
0	697
10	31
211	362
3	73
18	369
4	200
4	1
11	1
0	0
3	0
0	0
2	357
0	524
1	355
0	508
11	45
1	128
0	0
0	11
0	11
0	2
2	0
0	5572
0	6342
6	7215
0	6065
293	5827
0	6800
0	4902
0	5686
0	6434
0	4179
0	4193
0	2620
0	4646
0	4172
0	3287
0	4287
0	2861
563	4304
676	329
314	2802
12	2431
0	0
0	0
0	0
0	0
0	424
0	404
11	107
1	84
26	36
4	11
0	5
0	6
0	0
0	0
0	0
0	0
10	17
0	15
0	2
0	15
0	0
0	3
0	17
0	0
0	0
0	0
0	0
0	0
0	0
0	0
0	100
1	67
626	213
0	113
1	113
0	206
0	0
0	0
0	0
50	4032
34	3786
0	3389
16	585
28	11
0	5
0	2
0	2
1	4
0	3
7	203
0	203
0	35
0	138
2	30
2	77
0	0
0	0
16	16
0	16
0	8
1	0
0	16
0	0
0	0
0	0
0	0
0	0
0	0
0	101
0	101
0	101
2	98
0	7
2	55
0	1
2	15
0	9
0	0
0	0
0	1040
0	1318
0	1539
16	90
60	929
17	1135
22	119
0	102
2	90
0	1639
0	1225
4	278
0	604
0	613
3	268
3	380
3	12
8	23
4	3
0	599
0	0
0	0
0	1974
0	1999
0	364
2	729
0	1860
0	1763
0	420
0	340
0	570
0	1620
12	232
1	88
0	601
1	45
0	31
0	571
1	345
0	1974
1	88
241	88
481	113
16	113
0	442
0	442
1791	1790
0	13
0	8
159	20
0	12
8	46
0	46
83	15
3	6
0	9
0	9
0	9
0	3
0	166
0	152
1	25
0	166
4	133
47	75
10	75
0	0
0	0
31	313
3	313
5	36
2	107
3423	5720
3	5720
6	1025
0	0
0	0
0	0
0	0
0	0
0	0
1188	0
517	29
2	720
7	26
1	1
0	1
0	0
0	0
0	15
2	2
0	1
0	4
0	4
0	2
0	14
90	580
0	549
1	382
1	144
0	1
0	1
0	1
0	1
2	811
1	117
0	0
0	0
0	0
0	0
0	0
0	0
0	0
0	0
0	0
0	0
526	1382
0	1351
4	298
15	120
11	102
12	139
2	280
0	374
26	131
12	271
0	365
1	5
0	18
0	0
0	0
33	694
0	0
0	0
19	250
5	38
5	250
0	0
0	0
0	0
0	0
5	0
0	0
0	0
0	0
0	0
0	0
0	0
0	0
18	941
0	753
7	941
0	0
0	0
0	0
18	2
0	2
0	0
129	28
3	1
6	27
17	624
0	1341
0	998
3	43
0	45
0	3
0	7
0	1
44	2634
0	2906
404	2927
0	1061
3	1113
3	723
3	416
0	344
15	287
0	87
23	3
0	3
4	0
72	99
1	30
1	0
19	19
0	19
43	16
47	10
1	62
0	0
0	0
0	0
0	0
3	7
0	23
297	23
6	1108
2	104
21	1107
0	14
38	89
0	0
0	1
0	1
0	0
0	0
0	0
0	0
0	0
0	0
0	1
0	1
1021	2595
0	2595
0	0
0	0
0	0
0	0
0	0
0	0
0	0
0	0
0	3
0	3
0	3
0	3
0	0
0	0
0	0
0	0
513	60
28	58
16	0
0	0
0	0
0	0
0	9
0	9
0	3
0	4
0	2
0	2
0	2
9	0
0	43
0	0
0	0
0	43
5	67
4	478
3	478
39	129
0	16
2	15
1	29
3	24
0	29
39	16
7	16
86	133
0	85
1	30
0	91
0	88
154	235
0	152
4	183
0	0
0	0
0	0
0	0
6	336
17	336
6	174
0	253
3	98
0	23
0	9
103	222
10	2
0	210
3	202
0	207
1	746
21	51
3	1122
11	1138
0	1088
3	143
0	868
5	327
1	249
4	174
17	146
47	694
7	0
0	0
0	0
1	0
130	1275
0	1295
19	77
0	222
21	170
44	13
0	109
1	24
0	0
26	1
0	1
0	1
0	1
0	0
0	0
0	1
0	0
0	0
0	0
0	0
0	0
36	615
0	375
0	100
0	161
2	165
0	165
0	9
3	104
9	96
2	198
0	0
0	2
0	1
0	2
0	1
0	1
0	2
0	713
0	25
18	35
345	566
0	35
2	529
0	46
4	70
0	37
28	46
0	33
0	554
12	43
3	123
0	33
1	65
0	174
0	147
0	158
49	216
3	205
0	219
71	13
0	41
0	33
0	0
0	0
1	0
0	0
0	0
0	0
0	0
0	0
229	322
9	268
17	16
26	23
10	44
19	698
1	0
49	837
522	1243
107	391
0	320
22	406
160	285
0	251
38	27
0	55
0	0
0	0
0	8
0	8
0	8
0	0
0	8
0	0
0	1
0	0
0	0
0	1
0	1
0	1
0	0
0	0
0	0
2	0
0	0
0	0
0	0
0	0
1	0
0	0
0	6
0	10
0	4
0	0
0	0
0	0
0	0
0	0
0	436
0	1
2	436
0	3
257	621
8	617
0	320
2	5
9	62
0	0
0	0
0	0
0	242
0	710
0	704
0	29
6	94
0	65
0	163
59	59
0	39
0	124
0	17
4	211
0	15
0	202
0	3
0	22
0	211
0	7
3	207
0	211
0	26
0	15
0	15
0	125
8	15
0	210
0	0
0	1529
0	1527
1	145
48	29
37	1302
0	106
11	88
2	722
4	260
3	122
0	5
0	5
1	0
1	2
0	1
0	1
0	0
0	1
0	1219
6	1164
7	1123
1	217
2	372
0	20
0	17
0	17
0	24
636	1287
1	773
6	343
0	0
0	385
78	3662
71	3662
12	171
0	341
60	198
0	249
0	436
0	1176
0	1177
0	71
0	381
2	753
0	525
0	1063
0	916
0	504
0	341
0	16
2	783
63	21
0	378
0	797
0	814
10	814
6	5
1	4
0	71
0	59
1	703
3	196
0	0
0	0
0	0
0	0
0	0
0	0
1	360
5	342
0	374
0	366
0	275
0	270
0	128
0	241
0	51
1	130
1	162
2	126
0	87
18	78
0	0
0	23
0	23
3	38
1	37
0	37
0	2
0	0
0	0
0	106
111	355
2	59
1	195
92	352
0	0
0	71
5	38
3	37
18	10
6	40
2	34
0	34
0	31
0	2
0	1
0	8
0	3
0	10
0	2
0	1
1	5
0	4
0	2
0	0
0	209
0	138
0	114
1	207
11	16
0	23
0	9
4	0
0	175
0	185
0	121
1	10
2	12
3	3
1	8
0	8
65	0
7	47
233	47
4	0
0	0
0	0
0	0
0	0
0	0
0	0
0	0
1	1
2	1
0	36
186	568
2	568
2	6
4	111
3	345
0	0
0	0
0	0
0	0
0	0
0	56
0	0
0	0
22	15
2	15
1	8
107	110
8	57
1	26
2	73
0	0
711	42
4	42
86	199
0	194
22	81
8	57
0	0
0	0
0	0
0	0
7	382
30	382
0	39
0	16
0	0
0	13
0	0
0	0
0	1
0	4
0	0
3	4
0	1
0	13
3	449
38	440
0	433
0	33
1	39
22	4
0	0
0	0
0	0
0	0
0	0
1491	409
8	409
0	0
0	0
0	0
0	0
0	0
601	232
0	113
7	232
27	231
0	92
18	96
0	96
0	16
0	16
0	10
0	2
1	10
0	0
0	0
0	0
0	18
0	18
0	18
0	16
0	16
0	1
0	4
0	1
0	8
0	8
0	12
0	4
0	8
0	4
0	0
0	15
0	2
0	18
4	80
0	80
97	297
0	194
16	161
0	0
61	2
4	2
3	326
1	327
0	4
2	2
4	57
0	70
32	204
1	100
2	256
0	63
0	53
0	126
2	101
5	89
37	1306
123	1326
0	69
13	93
6	342
9	127
0	715
0	769
0	128
86	3
0	73
0	1164
127	91
0	245
1	955
14	36
10	774
8	54
9	28
87	9
1	91
1	85
0	159
0	0
0	0
172	212
3	212
0	68
0	0
0	0
2	104
0	114
0	102
2	72
0	109
0	95
0	29
0	21
0	41
0	13
0	29
0	33
0	9
0	0
105	282
0	152
0	275
7	106
1	0
13	504
0	169
0	478
0	54
1	79
10	338
42	494
0	326
1	325
0	96
13	22
61	173
49	27
0	0
0	0
1	0
24	694
148	0
0	0
0	0
324	446
0	381
8	159
396	78
0	24
0	17
0	33
0	4
1	0
1076	1031
2	243
5	135
34	563
8	702
0	224
0	256
5	35
5	231
0	143
0	0
0	0
0	0
0	0
0	0
0	0
0	0
0	0
0	951
2	996
297	1095
0	902
0	283
7	171
3	340
1	45
4	131
2	377
0	24
48	1185
0	1185
0	0
0	0
0	0
0	0
0	0
0	0
0	0
0	0
2	3354
0	878
17	706
199	862
2	96
3	3267
7	755
36	284
0	0
0	0
0	0
0	0
0	0
0	0
0	0
0	0
0	0
1	13
0	245
1	247
0	246
0	240
0	22
27	4
2	1021
0	824
0	665
46	8
143	514
0	871
0	4
0	0
0	0
0	0
0	0
0	0
0	0
0	0
0	0
0	0
2	0
0	2
0	0
0	0
0	0
0	2
1027	2341
92	1033
0	340
0	273
60	205
0	1
0	1
0	0
0	1
0	0
0	0
1	0
1	0
0	0
0	0
0	0
0	0
0	0
787	213
83	184
0	209
0	95
0	25
0	24
0	98
6	144
0	22
21	108
98	8
0	65
0	225
0	20
0	20
0	0
1	0
0	0
0	17
0	17
1	0
35	2449
2678	2460
31	185
0	0
0	0
0	0
0	0
0	0
0	0
0	745
1	39
17	101
0	240
0	745
0	11
0	11
0	13
0	13
0	6
0	2
0	9
0	4
1	2
2	16
0	8
0	23
3499	23
0	0
0	1
0	1
0	0
65	10
1	10
0	2
0	1
1	0
0	0
0	0
0	0
360	845
0	431
0	228
5	229
4	55
43	313
0	164
8	45
0	0
0	0
0	66
0	57
0	4
0	13
4	210
3	198
0	100
45	155
2	149
2	34
0	98
0	0
2	199
0	205
0	49
0	50
1	49
1	0
0	1
0	1
0	1
0	1
0	0
0	0
0	0
0	0
0	0
0	0
0	0
47	752
7	752
0	100
2	30
0	0
0	0
0	0
4	122
8	122
1373	735
33	735
9	716
7	994
0	841
0	772
0	331
0	126
1	0
10	981
0	0
0	0
0	0
0	0
0	0
0	0
0	0
0	0
0	0
0	1
0	0
0	1
0	1
0	0
0	1
0	1
0	0
0	0
0	1
0	0
0	0
0	0
0	0
0	0
0	1
74	4943
1	4890
10	1856
33	1439
93	1770
3	1540
1	1069
4	1021
0	771
0	668
0	552
98	49
0	34
6	0
0	0
0	0
0	0
0	0
0	0
0	0
0	0
0	0
0	0
0	0
0	0
0	84
1	84
0	36
0	33
1	43
2	39
3	21
0	31
3	60
0	60
1	2387
0	940
2	1941
2	90
13	1022
60	44
2	101
38	518
45	346
0	94
0	2282
0	0
8	384
3	37
0	282
0	247
2	230
0	220
1	310
4	195
0	2
0	2
0	2
0	0
0	0
2	116
0	30
0	117
0	116
1	18
0	55
1	20
0	82
0	60
0	32
1	84
0	60
0	8
1	2
491	20
0	115
0	311
0	323
0	310
0	184
0	204
0	148
3	208
6	17
29	109
0	18
1	17
11	151
0	0
0	150
4	129
0	79
1	0
3	0
210	0
0	0
1	0
0	0
0	0
372	272
0	272
1	63
11	145
0	75
0	0
14	4
0	0
0	0
1	570
0	551
0	529
0	220
19	18
0	105
2	200
10	31
0	81
0	0
0	0
0	0
0	0
0	0
0	0
0	1
0	1
0	0
0	0
0	1
19	1184
37	1156
20	1135
40	11
112	599
0	13
107	3
2	20
14	23
0	0
0	0
0	0
0	0
0	0
0	0
0	0
0	0
82	5
1	5
19	462
2	462
2	33
4	150
0	53
0	44
4	4
0	113
0	0
0	0
790	0
0	1
0	1
0	0
0	1
0	1
0	0
326	0
0	0
0	168
4	153
0	165
13	140
0	15
94	106
13	7
28	21
14	20
0	7
42	13
18	13
34	8
0	7
14	550
13	550
0	42
1	54
0	39
3	53
0	92
1	92
0	27
0	15
2	725
11	32
178	65
0	46
2	19
14	0
0	0
349	43
0	43
3	37
0	20
0	0
0	0
0	0
0	0
1	272
0	115
1	64
1	3
0	3
0	3
6	146
9	296
34	304
0	304
0	304
0	253
0	46
1	16
0	93
0	131
0	79
0	0
0	0
0	0
2	81
0	81
0	0
0	406
2	80
0	38
0	26
81	59
0	406
9	167
258	711
0	328
29	542
3	304
1	352
0	30
2	33
0	4
3	44
0	46
0	30
0	29
0	28
4	1
4	3
0	0
23	14
7	0
464	467
0	177
1	239
49	453
36	163
0	143
0	215
0	10
1	328
1	0
163	159
1	142
0	12
0	7
19	84
61	128
0	2
2	558
2	0
0	438
20	1445
0	1445
10	489
2	99
0	355
3	108
674	1
0	0
0	0
0	0
0	0
0	0
0	0
0	19
0	3
0	3
0	19
0	0
0	0
1	0
0	0
0	0
0	0
560	0
3	0
39	140
0	17
1	65
1	39
2	22
9	256
0	258
0	48
0	22
0	50
0	39
0	15
0	47
0	0
0	1
0	0
0	1
0	0
0	1
0	1
1	1
0	1
0	0
0	1
0	0
0	0
0	0
1	764
0	63
0	111
20	157
0	0
0	337
3	2732
23	670
60	1239
16	178
0	471
0	2615
0	73
0	2521
51	294
39	626
158	484
111	490
1	23
1	23
2588	741
5	741
40	755
0	755
9	189
0	34
8	87
0	171
0	117
0	119
61	43
341	61
68	61
3	85
20	678
0	692
0	351
2	140
0	193
5	196
0	0
0	0
0	0
7	69
8	79
2	28
6	43
0	0
0	0
0	0
0	0
0	0
0	0
711	586
2	586
39	0
8	0
0	0
0	0
22	295
0	2
0	289
4	266
11	45
0	176
0	33
16	266
0	30
22	200
0	200
0	203
0	72
1	13
0	66
0	24
0	44
0	27
0	30
0	30
0	30
0	15
1	2
0	0
0	0
0	0
1	286
0	283
1	287
0	87
2	83
0	16
0	66
0	35
0	74
2	87
0	36
0	288
0	0
5	8
0	7
0	8
0	8
0	0
0	7
0	0
1	0
362	103
16	71
4	87
5	16
0	0
0	0
0	0
0	54
1	16
1	54
2	53
0	147
1	147
0	86
0	6
6	3
0	150
0	189
0	206
3	27
0	196
0	24
0	52
22	103
3	46
0	25
38	1001
0	798
7	204
3	1157
2	1163
0	1163
0	90
8	73
0	18
0	1139
0	918
0	4
24	4
1	0
0	0
0	0
0	0
0	0
0	256
4	129
3	63
1	254
0	150
0	3
0	3
0	1095
0	912
0	935
0	703
0	272
0	680
0	713
0	458
46	1
0	287
6	206
13	153
0	1091
0	0
0	0
0	0
0	0
0	0
0	0
0	0
0	0
0	0
0	0
0	0
0	0
56	2680
43	2657
3	2626
0	2384
0	1580
26	1545
5	241
0	57
5	233
3	0
28	241
9	0
0	0
0	0
1	0
141	377
13	149
1	5
0	30
14	2
2	223
0	0
0	0
0	0
79	308
6	128
1	114
1	22
16	0
153	0
0	0
0	0
30	185
10	129
1	55
9	45
1	21
0	715
0	0
0	83
0	79
0	78
10	155
3	39
0	5
0	5
175	271
0	58
0	241
4	6
0	40
3	128
0	57
0	224
0	144
0	37
2	32
5	41
0	25
19	61
4	11
5	29
20	0
4	0
0	0
0	0
0	0
0	0
0	0
0	0
0	0
0	0
0	0
14	8
0	2
0	2
0	4
13	642
1	627
1	136
0	24
3	33
0	90
1	66
1	56
171	155
1	80
18	75
5	111
2	126
6	111
0	109
225	433
9	100
0	399
2	66
5	42
0	0
0	0
0	0
0	0
0	185
0	68
0	5
0	11
1	184
0	77
6	90
0	0
0	0
0	0
0	0
0	610
0	13
5	569
5	101
2	33
0	1
0	1
0	0
0	0
8	106
0	78
1	15
0	95
429	1559
52	1453
0	1150
0	175
10	66
63	66
4053	0
2	21
27	71
0	71
0	71
0	15
0	31
61	25
0	33
0	8
44	696
6	0
1	0
0	4546
0	549
3	419
2	71
14	403
0	245
140	26
0	4585
0	0
3	4
0	4
0	0
0	0
0	0
0	0
0	0
0	475
1178	406
105	275
174	99
0	67
0	32
9	968
35	957
8	866
0	263
0	240
5	2
0	2
26	205
0	191
0	41
9	93
0	72
0	0
0	1
0	1
0	2
0	2
0	0
306	1406
4	161
0	178
77	382
10	189
11	68
7	341
36	744
0	132
0	91
1	369
7	117
0	347
4	47
41	281
36	278
0	64
0	115
52	69
185	97
8	7
0	97
0	12
388	162
0	100
0	67
0	110
8	54
25	8
4	704
55	1180
0	1170
0	200
0	977
0	137
3	11
0	294
0	11
0	100
0	0
156	192
3	98
2	186
0	169
8	81
0	13
0	8
0	8
0	1
0	0
0	0
0	0
0	0
1	3
0	3
0	1
0	1
0	0
2	2457
0	319
0	2185
13	63
0	2176
23	653
19	178
0	178
18	18
0	61
0	42
13	24
8	2
0	2
0	1
0	1
0	2
0	1
0	1
0	1
0	0
1	65
5	48
0	42
4	17
4	4
0	4
1995	479
61	23
0	538
0	64
0	172
0	155
0	149
0	148
0	79
0	119
0	40
0	39
0	39
0	40
0	95
1	6
933	1169
12	1169
0	1060
1	928
0	2
0	2
0	2
0	2
0	2
0	2
0	2
0	2
0	2
0	2
0	1
0	0
0	2562
2	2562
1	927
5	1591
60	536
7	32
0	490
0	2
0	2
0	0
0	0
235	0
2	5
0	5
0	0
0	0
0	0
0	0
0	0
0	0
61	40
0	14
2	26
460	39
6	39
1	2
0	1
0	1
0	0
0	2
0	0
0	0
6	1043
0	1018
0	549
0	975
0	552
0	526
0	979
0	976
0	63
60	883
6	826
0	232
0	0
7	123
0	123
1	115
1	0
0	0
0	0
0	0
0	0
0	0
0	0
0	0
0	0
22	99
0	99
7	2
0	14
0	3
0	212
0	145
0	131
15	154
9	92
2	15
1	24
0	222
0	17
0	36
7	0
0	14
1	6
0	1
1	0
1	1
1	10
0	6
0	6
4	9
0	5
0	3
0	36
0	0
0	0
0	0
150	48
0	19
2	23
0	24
3	5
18	3
122	34
0	29
268	834
0	686
18	525
23	745
0	102
0	645
1	86
0	1295
4	1331
0	169
1	127
0	62
0	121
0	58
0	0
0	0
0	0
0	0
0	385
0	11
0	374
0	135
9	273
0	317
5	359
5	85
0	127
0	73
0	132
0	0
0	2
0	2
0	2
0	0
0	0
0	0
3	109
0	78
64	681
89	663
1	148
0	125
0	138
8	77
2	63
0	52
0	23
0	29
222	555
2	295
5	261
0	273
13	50
3	7
0	7
0	139
0	62
3	139
11	139
3	0
0	0
0	0
0	0
0	394
2	5
1	394
0	50
0	340
0	106
0	234
56	87
0	224
0	224
0	111
29	97
2	1
15	0
1	31
1	17
0	16
0	205
859	949
11	660
0	838
7	30
1	33
0	216
4	30
0	388
697	1331
1	187
0	679
0	1081
10	0
0	0
0	0
0	0
0	0
341	709
1	709
0	671
0	105
0	24
0	27
0	18
0	27
0	21
1	9
0	24
1	6
0	20
0	2991
0	3196
0	282
0	699
3	365
0	93
0	316
93	403
0	341
0	357
31	234
33	14
255	1174
0	44
0	482
6	1124
0	934
6	275
0	452
14	248
80	112
0	206
0	82
0	7
0	0
0	0
0	0
0	4
0	4
0	4
0	4
0	2
0	4
0	2
0	0
0	0
0	0
2	0
30	0
3	0
406	99
0	99
1	487
0	523
0	606
3	640
0	647
0	620
0	0
30	196
26	205
52	18
0	51
0	14
0	29
0	59
0	1
0	1
0	0
0	0
0	0
0	0
0	0
0	0
0	0
0	0
1582	14235
59	1433
0	14232
300	33
0	19
9	15
1	18
0	0
0	0
0	0
0	0
0	0
0	0
0	0
0	0
0	0
0	0
52	113
0	37
0	92
0	18
15	2
0	14
0	0
1	0
0	0
0	0
0	0
0	0
0	0
0	0
0	0
0	0
8496	2804
21	974
17	626
37	113
11	1012
0	0
1372	853
1	783
0	272
47	358
0	141
3	180
4	43
4	223
6	26
1	42
0	21
0	3
0	2
0	0
0	3
0	2
0	2
0	2
0	0
0	0
0	17
0	0
0	0
0	0
0	0
0	0
0	0
0	0
0	0
0	0
0	0
0	0
0	0
0	0
0	0
925	7078
4	5238
53	362
3	338
1	86
3	84
1	24
0	0
55	0
0	0
0	0
0	0
0	0
0	0
0	419
0	374
100	140
0	30
2	18
25	71
1	9
3	5
0	4
0	4
0	230
34	251
0	17
0	5
0	206
0	51
585	819
14	819
6	225
2	23
0	183
0	126
0	210
2	177
6	62
0	65
0	63
0	10
0	25
0	8
0	28
0	28
1	1
0	41
0	65
0	50
0	5
15	0
0	7
0	41
0	18
0	17
5	45
0	63
0	1
0	1
0	0
146	0
0	1745
0	19
9	15
10	329
27	1598
2	4
0	4
61	108
18	59
1	1733
445	1253
0	1253
0	0
0	0
96	377
2	0
1	377
5	88
4	151
11	6
196	199
16	70
1	196
0	0
0	0
0	0
0	0
0	0
0	0
0	0
0	0
0	0
106	0
542	209
57	166
629	1
9	0
0	0
0	106
13	38
0	52
0	48
4	82
0	75
0	63
94	76
0	75
1	52
0	53
0	30
0	53
19	159
0	148
2	33
16	0
0	109
191	120
5	157
5	149
4	21
0	132
49	123
0	16
0	23
0	33
0	25
0	19
0	14
0	0
0	0
20	29
7	29
2	29
0	30
0	17
0	1
0	0
0	1
0	19
6	0
2233	4228
6	3382
19	864
18	674
0	0
10	0
16	0
0	0
0	0
0	0
0	0
0	0
0	0
0	0
0	0
5	271
7	283
0	135
16	25
0	27
0	37
0	0
0	0
0	0
1	0
638	26
1	26
0	0
0	0
0	0
0	0
0	0
0	1624
71	1444
0	0
0	810
9	136
1	272
0	424
12	681
0	548
4	1556
0	1
2	8
0	8
0	6
0	8
0	8
3	5
0	6
0	1
5	4
0	0
0	0
0	0
0	0
1	61
5	330
2	34
1	38
308	330
0	0
0	0
2	0
0	0
4607	430
91	524
0	0
0	0
0	0
0	0
20	101
2	101
0	0
1	160
0	150
0	164
5	54
0	27
0	23
1	46
0	0
0	0
0	0
0	0
0	0
0	0
0	0
0	0
0	0
0	0
0	0
0	0
0	0
0	487
1	487
20	31
58	49
0	11
0	3
1	3
0	3
0	3
0	0
0	0
0	1
0	13
0	14
3	13
0	0
0	3
0	3
0	0
2	14
0	0
0	0
0	0
0	0
0	0
0	0
0	0
0	0
0	0
0	0
0	0
0	0
0	0
17	5
4	5
0	0
1	124
0	22
0	119
0	13
0	1
105	1654
5	1654
11	888
0	1
0	1
0	0
0	0
0	1
11	534
3	658
0	525
35	570
0	557
0	513
5	27
0	196
1	9
3	63
0	70
1	116
0	66
0	330
4	285
0	61
0	68
26	134
0	93
57	38
3	56
8	339
0	334
0	350
0	317
19	349
0	344
0	18
0	58
0	64
1	31
4	61
0	1
18	0
0	339
0	628
21	34
0	141
0	563
0	514
1	274
0	210
0	576
0	245
4	248
1	218
0	101
0	64
0	52
0	51
0	0
3	4
0	51
0	51
0	52
19	55
110	75
0	20
0	75
0	46
3	73
18	0
0	73
0	28
0	66
0	73
0	24
0	38
0	45
0	21
1	9
0	8
0	2
0	2
0	2
0	8
0	4
0	7
0	4
0	6
1	7
2	3
0	1
5	1
1	1826
461	1826
8	1131
0	0
0	27
0	0
2	27
1	1
0	0
0	17
14	28
22	30
26	52
1	37
4	24
0	41
107	221
0	221
0	0
0	0
0	0
0	0
0	0
0	0
0	0
0	0
0	0
0	0
0	0
0	1
0	0
0	1
0	1
0	0
0	0
0	1
0	0
0	0
0	0
0	0
0	0
0	1
0	0
0	1
0	0
0	0
0	0
0	0
0	1
0	0
0	0
0	0
0	1
0	0
0	0
0	0
0	0
0	0
0	0
0	0
0	0
0	1
13	644
2	544
19	145
112	636
0	0
0	0
0	0
0	0
8	320
7	319
0	316
7	316
19	0
5	191
0	74
28	348
8	348
26	41
3	72
2	38
37	2
0	0
0	0
0	0
2	0
1	46
0	0
0	136
0	138
1	128
0	8
0	33
0	117
0	3
2	112
0	11
0	21
0	22
2	13
0	8
0	0
0	13
0	6
0	135
0	137
1	279
0	273
0	281
0	6
0	281
0	46
3	3
0	65
0	1069
0	1036
5	1023
0	1056
49	1031
0	1008
0	68
0	1042
0	1038
0	972
54	915
7	37
0	63
3	2
0	2
0	59
2	64
6	0
0	29
1	276
0	57
0	197
71	34
0	255
0	0
0	67
0	122
0	239
3	16
3	44
20	1
5	19
1	40
0	46
0	34
1	24
0	103
11	25
0	80
2	66
3	41
210	116
0	116
0	0
0	0
291	0
0	10
11	6
8	6
3	6
0	1216
1	1098
21	455
3	179
12	797
2	61
5	176
32	816
0	0
1587	0
3	70
0	63
1	67
0	5
0	49
0	83
0	76
0	20
7	13
0	20
0	16
0	25
6	25
1	23
1	15
3	5
0	2
0	0
0	0
0	0
0	2
0	587
5	689
6	451
80	691
2	575
0	583
0	166
8	612
0	397
0	327
42	39
30	60
0	84
2	71
17	376
8	376
2	23
0	51
4	28
8	10
0	0
0	0
102	2639
8	2639
24	72
1	221
3	228
0	120
12	213
16	320
3	466
0	417
5	1212
1	691
38	134
0	134
3	2
0	0
0	0
0	0
0	0
0	0
0	0
0	0
0	0
0	0
0	0
0	0
0	42
0	45
0	44
0	21
0	9
0	0
0	2
0	2
126	315
1	313
1	2
4	8
1	9
28	8
0	9
0	0
0	0
0	0
0	1
0	1
0	1
0	0
11	949
0	1054
0	1033
0	104
1	201
17	893
2	0
0	337
0	330
0	323
2	175
1	154
1	150
1	104
2	56
0	49
0	0
0	22
0	22
0	0
0	0
0	0
0	0
82	6
7	5
0	1
0	39
0	3
0	38
0	21
2	8
0	0
0	8
118	275
0	55
4	321
5	321
1	51
0	6
0	31
6	27
0	176
1	0
0	3
0	20
0	163
0	10
0	163
5	6
0	25
2	14
14	2
0	20
0	48
0	60
29	95
0	35
1	8
0	1
1	667
33	695
0	0
0	0
0	0
0	0
2065	137
5	70
0	139
2	127
0	67
43	486
36	467
0	476
0	390
0	89
193	0
863	421
5	421
52	13
0	13
0	1991
12	2091
20	434
0	1545
5	903
4	536
0	387
2	503
0	525
3	81
0	254
0	278
0	250
0	46
0	44
9	44
0	56
0	0
0	0
9	0
0	175
0	100
0	22
0	22
0	22
0	22
0	118
0	28
1950	2398
0	439
23	1162
2	300
0	371
0	277
68	104
55	9
0	74
0	13
0	13
0	13
4	136
2	151
0	30
1	149
0	10
0	0
163	80
0	3
9	30
2	69
0	0
2899	0
0	0
0	0
0	0
0	0
0	0
0	0
0	0
0	0
0	984
0	75
1	1
0	18
13	51
0	984
35	7278
28	43
0	4698
12	6501
0	509
0	6795
32	2610
1	0
25	211
8	30
36	113
0	26
0	210
0	0
0	72
16	533
0	530
0	142
0	527
0	346
3	57
0	57
1	31
0	1
0	0
0	12
0	7
70	298
15	60
0	238
0	0
0	0
0	0
0	0
0	0
0	0
1870	308
3	259
45	49
0	0
0	0
0	0
0	0
1	67
1	57
0	60
0	8
0	8
0	2
0	0
0	7
0	0
0	33
0	10
0	63
9	189
0	196
0	139
0	175
3	147
0	10
1	3
0	0
0	0
0	0
0	0
0	37
0	37
0	37
2	40
0	38
1	6
0	11
0	13
2	12
16	10
0	5
2	2
1	0
0	0
0	0
0	38
0	1771
1012	1771
119	261
1	1328
0	132
5	118
3	54
0	1487
0	1508
0	294
21	382
0	1585
58	297
0	371
0	134
140	204
0	0
0	1582
0	199
0	461
11	0
28	459
0	34
34	238
1	10
2	228
0	0
0	0
0	0
0	0
0	0
0	0
0	0
0	0
0	0
0	0
0	0
0	0
0	126
1	7
4	125
0	124
0	8
0	7
1	4
4	3
0	11
0	0
0	6
0	3
1	7
0	7
0	0
33	117
0	94
0	32
0	5
281	697
127	84
0	59
0	642
0	49
0	153
0	303
6	174
29	125
0	1
0	1
0	1
0	438
13	138
13	361
0	245
0	143
0	150
0	132
0	102
15	14
0	64
5	23
0	3
0	3
0	3
0	3
0	0
0	0
0	0
0	0
0	0
0	62
115	62
0	19
0	19
0	9
0	3
15	159
0	125
0	146
0	163
0	79
11	6
0	54
11	2
5	23
0	3
1	7
3	0
172	132
6	2
0	29
0	6
0	52
0	30
1	18
0	34
0	19
4	0
0	4
0	0
0	5
0	8
0	8
1	5
0	4
0	4
0	0
0	0
23	3
0	0
0	5
5	45
3	144
15	242
0	144
0	205
0	0
0	7666
0	7165
0	6943
0	7500
0	7278
15	7555
0	7444
20	3224
3	212
0	1031
4	577
13	361
39	1712
0	219
0	1126
18	955
4	388
448	77
2	58
0	19
0	14
0	3
0	2
9	245
0	242
0	245
0	125
57	103
0	95
0	100
3	78
5	17
85	31
0	31
12	0
0	208
0	208
0	0
0	284
0	262
18	105
2	0
3	168
1	119
1	94
0	52
0	75
646	319
25	0
65	42
0	23
0	13
0	8
0	0
0	0
0	0
0	2
0	2
0	2
0	0
0	0
170	946
0	242
0	192
3	189
0	822
0	713
1	720
0	370
2	455
0	659
14	291
63	331
0	181
859	1788
0	1620
0	463
69	0
0	216
132	0
0	5
1145	1164
125	1164
0	0
0	0
0	0
0	0
0	0
2	1179
0	1273
6	862
0	475
5	375
1	338
77	491
0	457
0	465
0	431
3	352
21	83
0	117
3	42
2	174
1	0
0	0
0	0
0	0
36	965
0	654
0	688
26	484
1	326
0	226
52	246
11	73
0	0
0	0
0	385
0	486
0	173
2	134
0	37
0	0
0	0
0	514
0	252
58	6
92	7
0	64
37	255
182	1007
0	925
0	882
0	895
2	886
7	5
1	5
0	4
0	2
6	2
0	0
0	0
0	0
0	0
0	0
0	0
216	21
0	21
0	33
3	390
4	391
0	44
3	92
0	88
2	25
8	78
0	97
0	50
0	202
4	52
0	0
0	0
0	0
0	0
0	0
0	0
0	0
0	2
1	2
0	0
0	0
0	0
0	440
0	478
0	6052
0	6055
0	3823
0	5700
0	3474
0	3587
0	605
4	429
0	6132
1	1536
0	479
0	6148
0	444
6	6040
0	448
6	573
7	5415
0	398
5	202
0	202
0	282
28	138
0	6163
0	784
2	783
0	782
7	787
1	38
0	35
1	38
2	4
3	0
12	893
0	358
0	948
11	130
0	49
23	48
35	519
2	162
0	1030
35	0
7	662
3	316
0	0
920	203
0	112
0	155
0	71
0	1681
5	1688
6	1660
0	80
0	1653
0	241
4	170
0	1672
0	1205
31	1207
2	117
4	1146
0	88
0	109
0	273
0	279
0	281
0	164
0	0
0	0
0	0
0	0
0	2
0	129
0	1
0	129
0	448
1	365
0	178
0	363
0	493
0	51
0	516
0	375
0	86
2	76
8	172
0	133
0	123
0	73
0	51
0	576
0	555
0	548
1	547
0	530
0	547
0	519
0	505
1	60
1	47
0	81
0	98
0	569
1484	202
50	0
0	32
0	0
7	4
4	82
24	85
0	0
0	74
1	3
0	41
0	0
1	77
2	25
0	68
0	3
0	10
0	9
0	0
0	0
0	0
0	0
0	0
0	0
23	18
0	15
0	10
5	6
2	6
0	6
3	459
7	471
0	305
5	235
0	95
4	13
0	12
0	13
0	1
0	0
0	0
0	0
0	0
0	0
0	0
0	0
0	0
0	0
0	0
0	0
0	0
1	339
13	339
0	163
14	334
0	226
0	159
0	45
0	12
0	1
51	202
0	202
0	202
7	8
0	0
0	15
0	22
0	18
1	7
0	0
3	19
1	14
0	13
3	2
0	4
7	1
0	0
0	1
0	0
0	0
0	528
0	195
11	38
0	33
0	533
9	12
0	4
0	8
1850	1726
16	1726
0	530
0	127
17	274
1	52
0	41
35	34
4	10
0	19
0	119
0	103
3	16
0	43
0	0
0	0
0	0
0	0
0	0
0	0
0	0
0	0
0	0
0	0
0	0
0	0
0	0
0	0
0	15
1	55
0	56
0	56
0	2
0	1
0	18
0	12
0	14
1987	534
51	0
0	376
101	81
2	81
0	65
0	49
1	12
0	12
0	12
0	8
0	0
0	0
193	0
911	105
4	105
4	219
8	219
6	215
0	29
0	36
4	168
4	16
0	11
2	0
0	0
4	336
10	25
1	338
1	29
1	73
0	10
159	438
0	384
5	386
0	278
0	55
36	14
43	108
40	16
1	8
0	109
0	0
0	0
0	0
0	0
0	0
11	4
0	4
2	3
2	2
0	3
72	26
30	136
52	138
1	26
0	50
0	33
8	18
0	0
0	0
0	11
1	11
1	2
0	2
1	0
0	0
227	138
1	48
9	95
1	83
2	48
0	19
0	124
128	124
8	121
5	6
0	24
0	3
0	3
0	3
0	2
0	1
0	3
0	3
0	3
0	3
66	125
0	125
0	0
406	157
0	131
0	101
98	2929
6	2343
13	111
6	374
68	2168
2	630
0	712
8	608
0	0
0	0
0	0
0	0
0	0
0	0
0	0
0	0
0	0
0	0
0	0
0	503
5	498
0	498
1	511
0	12
0	0
0	0
0	0
0	0
186	922
0	436
52	0
54	2
0	488
4	96
0	134
2	536
35	177
0	267
0	544
0	536
0	550
0	192
12	64
2	4
126	75
0	0
0	0
0	0
0	0
0	0
0	1
1	1
0	0
0	5
0	12
0	0
1	3
0	0
0	3
0	0
0	7
0	13
0	13
0	13
0	13
5	676
3	676
5	334
6	281
0	257
0	131
0	95
0	334
0	938
0	593
2	472
14	6
3	935
0	0
4	32
7	22
2	20
0	21
0	11
0	3
38	27
0	6
2	27
8	654
0	377
0	195
7	54
10	648
7	650
2	651
0	20
13911	16285
57	7040
37	8114
0	0
0	846
0	287
0	369
0	863
0	854
0	188
0	850
8	30
1	147
0	851
0	847
0	862
46	0
0	0
0	0
0	0
0	0
0	0
0	0
0	361
3	361
0	41
0	0
75	1217
0	1343
0	1339
0	1279
0	1319
0	1207
0	1093
0	1129
0	992
0	374
0	444
3	5
0	0
92	965
1	175
0	826
0	964
3	527
2	143
1	74
0	58
2	33
0	4
3	158
0	152
19	158
0	61
0	23
0	0
0	0
0	0
0	142
0	43
23	145
0	46
0	682
23	519
7	577
2	660
0	0
9764	0
0	0
1	2
9	52
0	50
1	0
9	222
0	209
35	299
0	159
0	77
0	68
0	6
0	6
0	5
0	0
0	0
0	0
5	0
0	0
270	0
0	0
0	0
0	0
0	0
0	0
0	0
0	0
0	0
0	0
0	0
0	0
0	0
0	0
0	0
0	0
0	0
0	0
0	0
0	0
0	0
346	147
0	56
0	98
0	0
0	0
235	0
10	0
0	0
0	113
0	110
0	113
2	111
0	6
0	3
2	3
0	0
0	0
1	891
0	836
0	871
0	874
0	873
41	837
1	832
0	795
0	80
0	634
0	40
0	391
65	215
0	172
0	136
11	80
62	61
0	13
1	79
0	18
18	13
0	15
72	22
26	0
0	14
0	13
0	79
0	0
0	0
0	0
0	0
0	0
0	0
0	0
0	0
0	0
0	0
0	0
0	0
0	0
0	0
0	0
0	0
0	0
0	0
0	0
0	0
0	0
0	0
0	0
205	157
0	140
0	122
0	5
0	0
3	18
0	18
0	0
1	4
1	3
0	1
0	1
1	4
0	0
0	0
0	0
0	208
0	447
2	439
237	0
35	185
0	185
1	0
0	0
997	0
0	0
0	0
0	0
0	0
0	50
0	18
0	45
0	35
0	9
0	49
0	329
177	0
0	420
0	189
1	173
0	178
0	176
0	167
0	170
0	193
0	197
1	39
1	10
6	23
0	43
2	24
11	17
2	626
0	168
0	626
0	306
0	0
0	0
0	0
0	0
0	0
0	0
0	363
0	0
4056	1587
3	290
0	567
3	126
0	773
0	0
0	0
93	681
5	681
5	947
0	329
0	33
0	325
4	58
0	51
12	919
0	144
31	116
10	24
9	44
9	75
0	140
2	160
1	132
0	1
0	1
0	2
0	0
0	2
0	223
0	231
0	220
0	223
0	62
0	81
0	11
164	243
0	133
0	68
3	159
1293	2516
0	1912
0	818
15	520
0	0
1	64
0	0
0	64
0	2564
0	1
0	1
0	0
0	0
0	0
0	0
0	0
0	0
0	868
31	412
3	584
0	740
0	745
0	302
0	297
0	1042
0	154
0	99
0	140
0	1045
5	3
0	3
0	0
0	0
0	0
0	2
0	2
0	2
1	1
0	0
0	0
0	0
0	0
0	0
4	91
27	199
162	1421
47	1356
0	212
0	425
16	805
2	293
0	62
0	161
0	25
58	166
5	8
0	9
0	10
0	7
0	18
1	86
0	3
0	3
0	3
7	3
36	4
0	0
0	0
0	0
0	0
0	0
351	403
9	267
4	349
0	173
0	121
0	110
0	34
87	2
5	183
2781	3054
0	2891
1	2842
0	1005
5	1004
1	129
3	0
0	0
41	100
1	33
3	100
0	8
0	20
1	43
0	42
0	24
3	2
0	0
0	0
2309	382
0	101
18	99
6	94
5	24
9	83
12	5
0	246
0	0
0	2275
1	2279
2	2276
34	2279
45	2064
7	184
5	36
2	37
55	0
1	311
0	944
21	328
1	133
9	36
11	903
5	41
2	35
0	12
0	0
0	0
0	1
0	0
0	1
0	1
0	0
0	0
32	749
30	380
22	368
37	97
79	25
0	0
0	0
2	46
0	47
1	32
0	26
0	67
0	47
15	21
6897	2842
0	529
113	66
70	2246
92	1794
0	727
0	170
197	118
187	342
96	48
8	257
0	85
0	0
0	0
52	112
3	71
0	76
0	113
0	77
0	0
0	0
9	0
0	0
0	0
143	489
22	489
0	4
0	0
0	0
0	318
0	1767
222	1864
135	415
6	237
0	91
7	0
0	0
1	45
0	31
3	3
0	0
0	0
0	45
2453	102
0	102
0	496
0	416
0	137
0	81
0	105
0	41
2	7
0	499
0	1766
0	1785
0	390
1	1152
75	9
75	390
0	584
0	217
18	10
0	557
6	533
0	417
43	2
0	4
0	3
0	3
0	2
0	0
0	2
0	2
0	5
0	0
0	0
0	0
2	202
0	202
3	59
0	193
0	23
18	86
0	64
0	177
0	0
0	0
0	0
0	311
2	311
3	0
14	488
5	268
3	0
17	95
2	4
2	91
0	0
0	0
0	0
48	0
0	0
0	0
0	0
1	0
0	100
0	0
0	0
0	0
0	0
0	0
3	115
0	104
1	101
4	79
0	13
21	1
0	1
0	0
0	132
6	108
2	132
0	47
1	69
8	20
2	33
0	6
2	5
0	1
1	12
0	8
790	1021
8	867
0	591
0	2
0	2
0	1
0	1
0	0
0	0
0	0
0	0
0	0
0	0
0	0
0	0
0	3669
19	932
0	865
28	723
0	885
57	26
0	10
0	26
9	19
1	0
0	0
0	0
0	0
0	0
0	0
0	0
0	0
0	0
0	0
0	1
0	1
0	0
0	0
667	563
6	560
5	457
3	1
12	114
0	17
0	18
112	327
0	148
0	0
0	0
0	0
0	0
0	0
0	0
0	0
0	0
79	0
1	182
1	182
0	19
0	0
0	0
0	0
0	8
0	0
0	9
0	9
0	8
0	0
0	1
0	1
0	0
0	3
0	9
436	226
2	213
3	0
231	368
0	163
0	216
4	33
15	80
1	118
0	1
0	1
0	0
5	589
2	338
3	579
0	460
0	139
0	125
10	2
1	2
0	0
0	0
0	0
0	0
0	0
0	0
0	0
2242	535
3	214
0	153
4	59
2	109
116	223
8	0
0	223
0	0
4	140
5	0
0	137
0	16
0	30
0	1
0	47
0	0
5	30
0	30
0	0
0	0
0	560
37	560
163	0
295	1026
16	378
108	221
5	15
140	2
48	109
0	181
0	532
0	352
0	331
26	14
0	259
3	184
0	0
0	0
350	974
0	7
1	0
639	967
15	8
0	735
23	4864
7	4887
8	2
0	121
0	2884
9	14
0	4864
0	0
4	202
0	53
0	164
3	159
0	62
2	6
0	6
82	1252
0	1178
1	209
8	82
18	44
0	378
8	839
20	46
6	382
0	143
2	0
0	0
0	0
324	90
11	88
39	2
571	77
0	1276
1417	1396
0	1168
0	1035
5	0
0	628
1	8
0	0
0	8
0	453
5	410
42	206
0	410
0	428
2	132
0	2399
155	1190
1	342
0	1537
0	2312
0	2302
0	2158
0	2032
1	638
36	39
1	861
0	167
6	72
1	192
0	2375
0	0
0	0
0	0
0	0
0	0
0	0
0	0
0	0
8	9
1	8
0	1
0	2
0	27
0	40
0	25
0	39
0	0
0	0
0	0
0	0
0	0
0	0
0	0
0	0
0	0
0	0
0	0
0	0
0	0
12	2592
42	2546
0	2438
0	2434
6	2290
12	107
29	196
0	56
5	12
5	94
14	93
0	0
0	0
0	0
0	0
0	0
0	0
0	0
0	0
0	0
0	0
0	0
0	0
5	37
0	32
0	36
0	9
0	3
0	2079
96	2023
0	1576
8	220
12	124
13	215
7	530
0	495
0	706
0	0
0	0
0	0
0	0
0	0
0	0
0	0
0	0
0	0
71	324
16	271
59	43
3	367
3	350
0	100
6	57
8	47
3	20
0	35
0	39
0	30
0	31
0	2
0	0
19	2338
0	2339
64	0
2	2292
0	0
0	0
0	0
32	26
0	0
0	0
0	26
0	0
0	0
0	0
72	0
0	1
0	1
0	1
0	64
0	58
16	10
0	40
0	40
0	28
0	2
0	60
61	22
0	21
96	81
0	81
3	26
1	14
2	21
0	0
0	0
0	0
0	0
13	3
0	3
0	1
0	1
0	1
0	0
0	1
0	0
0	1
0	1
0	0
0	1
0	0
0	0
0	0
0	0
0	4
18	6
0	311
0	347
0	2
0	349
10	210
3	297
0	218
0	0
0	0
0	0
0	0
159	1421
5	1414
0	1347
1	99
89	0
4	46
0	0
0	0
22	14
0	14
0	3
0	1
0	2
14	712
4	718
3	577
0	10
0	718
5	344
0	37
0	33
0	39
1	41
0	3
0	2
0	0
0	2
0	3
0	0
0	0
0	0
0	0
0	0
21	398
0	156
4	81
0	0
0	299
0	391
0	456
0	530
0	474
0	401
10	195
14	85
0	0
1	0
0	0
0	0
0	0
0	0
208	277
0	42
1	57
5	12
0	254
0	130
0	66
0	2
0	2
0	0
0	2
0	206
3	186
0	316
0	266
0	220
0	270
0	258
0	255
0	210
0	281
0	163
0	103
0	233
0	205
0	0
0	0
0	0
0	0
0	0
0	57
4	58
139	272
16	271
0	55
10	55
1469	561
172	202
127	542
0	0
0	0
0	0
5	11
4	11
0	0
0	0
3	789
8	341
16	463
0	425
0	765
0	753
0	502
0	498
0	553
0	747
0	777
0	753
1	656
5	351
0	17
1	308
0	329
6	202
0	9
0	0
0	268
0	311
2	282
3	82
0	48
0	250
0	151
0	1
0	1
0	125
0	125
1	38
0	30
0	223
0	55
0	72
0	241
0	710
146	782
0	687
0	725
4	11
1	44
20	6
0	33
13	557
0	526
0	94
5	355
0	11
2	290
38	19
0	0
0	506
3	515
0	134
1	88
5	59
0	17
0	10
0	0
0	0
0	0
0	0
0	0
0	0
0	0
0	462
3	450
21	457
0	14
0	0
0	0
0	399
0	210
0	221
0	249
0	86
0	95
3	83
30	61
0	59
0	53
0	28
24	207
1	181
0	143
1	1721
6	1695
0	1714
0	28
2	26
0	1697
0	0
0	0
1	454
0	461
0	529
6	584
4	70
0	71
1	366
0	536
62	558
0	95
0	356
0	104
39	27
16	451
0	110
5	81
0	592
4	81
0	101
0	269
3	494
0	15
37	6
0	585
14	158
22	80
59	80
9	435
0	435
1	340
0	426
0	61
0	88
3	24
0	76
0	84
0	22
0	0
0	0
0	0
0	0
0	0
0	0
0	0
0	1
0	1
0	1
0	1
0	1
0	1
0	1
0	1
0	0
0	0
0	0
0	0
0	0
0	0
0	0
0	0
3	1205
0	901
2	1009
15	166
8	1149
0	111
10	366
14	244
0	0
0	29
0	6
0	770
2	0
0	138
0	0
47	8
8	0
0	763
0	2
0	770
49	126
27	139
3	276
30	136
0	770
0	0
0	0
3	374
1	374
0	41
0	0
0	206
0	225
0	195
0	238
5	173
0	213
0	213
0	152
0	8
16	2065
0	2029
0	1824
1	1610
0	1545
0	268
0	318
171	115
1	115
0	0
0	0
0	0
9	1
0	1
0	1
0	1
0	0
0	0
0	0
0	0
2	0
0	9
0	3
2	29
1	29
0	11
391	254
0	55
0	73
16	145
0	0
0	6
0	50
2	50
0	7
0	1
0	1
0	0
1	0
0	2
0	2
0	2
0	0
0	0
0	163
0	152
0	62
11	66
8	135
0	140
3	45
325	750
0	73
0	588
1	109
1	180
0	97
2076	6505
17	1407
51	2297
7	2742
0	980
0	5579
0	831
9	402
21	686
22	340
11	140
0	4
0	3
0	4
0	3
0	0
0	0
0	0
18	2695
1	788
5	726
0	113
8	235
12	958
0	462
1	110
2	192
11	91
2	38
0	109
7	82
0	57
46	0
0	2638
0	0
0	0
0	0
0	0
0	0
0	214
0	214
0	0
0	0
1	0
12	413
0	370
52	100
0	100
0	41
0	0
0	0
0	0
0	0
0	0
0	0
3	7
1	7
0	7
1	1
0	1
4	618
1	219
5	67
9	16
0	47
0	633
0	0
0	0
0	0
0	0
0	0
0	0
0	0
0	0
0	0
0	0
1	1
0	1
0	1943
0	1023
67	663
0	1105
3	274
87	371
99	59
109	110
0	1975
0	2294
0	8579
0	2655
0	443
12	51
0	1433
19	204
9	1328
2	1307
3	937
5	1337
3	375
0	253
680	97
0	8573
33	419
16	81
0	29
0	338
9	75
0	0
0	0
142	186
335	186
0	0
0	0
0	0
0	0
273	160
0	110
27	78
7	10
56	277
0	14
7	14
0	170
0	119
7	424
0	429
1	407
1	43
31	107
0	424
0	8
1	4
0	44
0	424
0	425
0	0
0	0
0	0
0	0
0	0
0	0
0	0
0	1
0	0
0	0
0	1
1	0
0	0
0	0
0	0
0	0
0	0
0	0
0	1
0	0
0	0
8	22
0	24
0	25
0	24
0	7
3	5
0	1
0	2
0	1
3	1
1	155
1	151
6	109
0	123
0	42
0	63
0	37
0	41
0	37
0	0
0	0
0	0
0	0
0	118
5	98
4	9
0	120
0	3
0	4
0	0
0	1
0	3
0	3
0	0
72	159
6	140
0	61
11	21
4	0
6	478
0	332
1	336
19	83
0	351
0	38
77	84
6	62
1	10
0	83
1	40
5	4
17	587
0	860
0	808
0	819
0	731
2	158
1	124
0	49
0	0
0	1
0	1
5	166
0	178
0	0
0	202
7	3
0	0
0	178
0	53
1	171
0	202
3	74
0	118
0	93
750	444
10	444
8	304
0	89
0	56
2	16
0	15
9	15
0	89
0	0
0	0
0	0
0	0
0	0
0	0
0	0
0	2
0	2
0	2
0	2
0	2
0	0
0	0
160	805
5	802
0	390
73	0
0	0
0	0
0	0
135	0
0	0
0	1
0	1
0	0
0	0
0	0
0	0
0	0
0	0
0	0
0	0
0	0
9	4014
51	24
0	1231
3	3373
0	3516
0	3370
0	3513
0	3542
0	298
0	69
10	15
0	253
1	197
0	519
79	5
20	195
3	247
0	4089
0	217
347	522
0	297
3	21
27	179
3	369
1	347
3	411
1	246
0	7
0	0
2	4
0	7
0	0
0	0
0	0
0	0
8	319
0	141
0	275
0	313
0	53
0	52
0	37
0	0
17	131
1	66
0	68
0	20
146	9
0	5
2	4
2	435
0	47
40	110
0	70
0	395
15	152
8	472
0	26
0	64
7	170
48	51
0	0
0	0
0	0
0	0
0	0
0	0
0	0
0	0
0	0
6	3
1	7
0	4
78	194
3	4
0	4
0	0
0	0
0	0
0	39
0	46
2	55
10	40
0	0
1	3
0	53
0	47
0	0
0	0
0	0
0	2
0	2
0	25
0	0
0	0
0	6
0	0
0	2
0	2
0	25
0	0
0	0
0	0
0	0
0	0
2	0
1	0
0	0
0	0
0	0
0	0
0	0
0	0
0	0
0	0
0	0
0	0
51	218
15	218
462	93
32	93
0	104
2	102
0	62
0	22
0	25
0	12
3	30
13	9
0	38
19	36
3	85
342	218
3	4
0	0
0	198
29	5
0	4
0	1
0	0
0	0
18	89
787	335
0	205
33	41
35	0
19	0
0	605
0	542
0	20
16	419
1	202
0	198
0	0
0	0
0	0
0	0
0	0
0	0
0	0
0	0
0	0
0	0
0	0
69	46
0	46
0	11
387	89
67	49
2	40
22	0
0	181
0	206
23	161
0	152
0	151
0	123
4	114
0	54
0	52
9	0
49	0
19	71
4	71
0	152
44	152
11	25
6	21
5	30
11	7
0	8
0	20
0	6
0	4
0	28
0	12
393	68
1	65
0	7
245	719
0	719
0	718
0	0
0	0
0	0
0	0
0	0
0	0
0	0
0	0
0	0
0	0
0	0
1	3
0	0
0	0
0	0
0	0
0	34
0	34
1	0
0	0
3	615
210	710
3	460
0	13
9	13
0	13
0	0
0	1
0	1
0	1
0	1
0	1
0	0
11	0
0	0
0	0
0	0
0	0
0	66
0	27
45	15
0	33
0	18
0	5
5	33
1	6
1	6
0	5
0	5
0	1
0	23
0	23
0	14
0	12
0	0
0	0
0	3
3	0
1315	163
20	161
0	1
0	1
1	137
4	379
0	362
4	19
2	138
0	5
0	81
9	67
0	0
0	0
0	0
0	117
19	21
22	32
0	71
1	9
0	0
0	32
2	5
0	52
0	27
0	39
0	275
0	276
0	234
0	240
0	189
0	123
1	88
3	52
0	113
0	51
0	40
1	275
0	0
0	0
1	0
0	23
1	3
0	17
0	22
0	19
2	3
0	0
0	2
0	3
0	5
1	5
0	0
0	3
87	0
0	28
2	32
1	32
0	0
0	3
0	225
0	235
0	229
0	220
0	65
0	65
0	62
0	40
0	17
0	1
0	0
0	0
3	58
0	0
0	5
0	57
3	0
0	48
2	48
0	8
5	30
2	993
5	751
10	974
0	716
0	716
0	716
0	838
11	104
0	9
0	151
0	137
6	0
7	11
0	126
0	43
0	43
1	38
1	148
7	8
5	14
0	38
38	75
0	0
0	0
0	1
0	1
1	0
5	568
0	0
192	214
5	156
4	146
0	97
6	115
0	60
4	183
1	188
0	291
0	377
0	54
1	45
0	52
0	49
1	5
0	5
0	0
0	16
4	160
0	177
76	155
1	286
0	64
0	64
0	259
3	126
0	83
0	115
45	227
30	545
3	552
4	107
0	97
0	60
3	241
0	71
0	47
0	26
2	13
0	23
230	44
3	52
3	67
0	21
3	47
0	38
0	550
0	0
0	0
0	0
0	0
0	0
2	53
3	270
0	153
127	259
109	713
99	48
21	156
18	718
0	440
6	5
307	28
1	28
1	182
0	83
1	184
0	181
0	184
0	90
0	90
2	42
0	60
0	22
0	22
0	47
10	220
0	228
0	29
0	49
0	17
0	22
15	75
1	1
2653	37
26	50
9	5
2	777
0	17633
4	17232
0	981
14	468
17	330
36	207
82	3819
82	4041
1	396
39	407
0	0
6	0
0	0
0	0
0	0
0	0
6	11
0	29
0	13
0	23
0	92
0	81
0	32
138	4397
0	4316
0	3621
0	514
2	810
16	638
0	151
79	410
0	2
0	2
0	2
0	2
0	2
0	2
0	2
0	2
0	2
0	2
0	1
0	4315
2230	4512
5	1263
3	1125
2	2034
6	1081
1	1155
6	895
0	0
0	0
0	0
0	500
0	446
0	219
6	114
0	184
0	179
5	17
0	140
1	140
0	33
0	83
0	79
64	3
0	500
17	199
0	200
10	171
0	158
0	45
0	34
0	6
0	33
0	6
0	16
0	20
0	23
0	13
0	14
0	12
0	11
9	11
3	7
43	903
0	1025
0	871
0	889
1	117
0	0
0	0
0	0
0	0
0	0
0	0
146	13
39	13
0	13
0	15
0	13
0	11
2	3
1	3
0	2
0	2
0	0
0	2
0	0
0	0
6	0
0	13
1	151
2	352
0	12
4	25
1	28
4	5
0	8
2	4
0	155
0	0
48	643
0	611
5	326
1	56
33	12
146	77
0	59
0	41
285	1109
1	1044
0	109
46	393
11	38
0	0
0	0
0	0
0	0
0	0
201	176
52	176
0	0
0	0
0	0
251	190
0	120
0	85
0	113
0	0
0	0
141	22
0	22
0	0
0	0
0	0
0	0
0	1
0	1
0	0
727	83
19	84
54	84
0	0
0	0
0	0
0	0
0	0
0	0
0	0
0	0
0	0
610	1365
5	1365
1	0
1	5
0	5
0	0
0	0
0	0
0	0
0	0
0	0
744	13
1	13
0	0
0	0
0	0
0	5
0	1
0	1
0	5
0	0
3	5
0	1
0	0
0	0
0	0
0	0
0	0
0	0
0	1
0	1
0	0
0	0
0	0
0	1
1	0
0	1
0	0
0	1
0	1
0	1
0	1
0	1
0	3
0	3
0	0
0	0
0	0
0	0
0	0
0	0
1174	138
2	138
0	18
0	28
0	28
0	0
0	137
214	248
0	253
1	239
9	113
3	62
0	23
0	35
0	49
21	130
0	253
10	2
0	32
82	121
0	28
0	78
0	2745
0	1086
49	154
0	1341
0	1533
0	134
0	1566
0	573
1	367
18	1334
0	141
0	115
0	2668
0	2749
14	13
0	113
0	1
0	6
4	13
0	92
1	86
1	93
0	152
0	151
0	140
0	151
0	149
6	126
0	142
0	18
0	19
0	19
0	0
0	27
0	48
0	44
0	31
0	35
0	26
0	36
0	26
0	18
0	25
0	22
0	9
0	8
0	3
2	455
1	453
0	446
17	229
0	161
2	53
0	465
321	1175
8	0
1	21
1	21
0	2
0	0
0	0
0	61
1	49
0	47
0	18
0	18
0	21
0	9
2	24
0	13
1	11
2	14
0	0
1	10
0	0
2138	2645
0	1038
84	243
218	1723
1	261
0	408
0	398
2	265
0	0
0	0
0	0
0	0
24	438
0	522
3	613
2	8
0	0
0	0
0	0
0	0
0	0
0	0
0	0
0	0
0	0
0	0
0	0
0	0
0	0
0	0
0	0
146	282
0	282
709	446
0	350
2	199
11	16
22	305
0	1
0	239
0	64
1	86
0	255
3	61
7	81
0	0
0	0
0	2
1	2
0	41
0	42
0	37
1	22
0	37
0	32
0	41
0	41
0	35
0	36
0	9
0	2
0	2
2	0
0	158
4	158
20	0
0	44
0	21
0	6
0	0
0	1072
0	1138
0	1047
0	1114
2	91
3	198
3	100
2	203
0	0
0	0
0	0
0	0
0	1
0	1
0	1
0	1
0	1
0	1
0	113
0	113
0	11
1	21
0	30
27	118
0	29
0	18
16	1
0	0
0	0
1	188
13	2
20	188
0	2
0	184
0	167
2	48
0	0
0	0
0	0
0	0
0	0
0	0
431	1753
19	549
146	919
5	70
2	502
5	419
0	0
1192	0
3	838
3	771
0	204
0	878
0	81
78	0
155	0
2	586
12	42
0	5
0	5
1	34
0	2
0	1
0	2
0	5
0	6
0	1
0	5
0	21
23	21
0	0
0	6
0	0
1	6
0	0
0	0
0	0
0	1
0	1
0	1
0	1
0	2
18	0
26	350
10	371
0	60
102	15
34	246
17	4
0	104
0	111
13	240
215	235
0	164
0	0
0	0
0	0
0	0
0	0
0	0
0	0
0	0
7	397
96	420
0	336
2	74
12	2445
2	2257
2	454
0	1740
0	24
1	190
0	33
0	1
134	437
0	406
1	43
0	408
13	74
0	259
0	61
0	28
0	38
30	210
0	194
0	175
0	31
0	61
0	17
0	98
0	0
0	0
0	810
0	806
6	562
1	29
1	87
0	98
13	23
3	100
2	81
0	15
0	10
0	9
0	3
0	3
0	1
3	0
0	2
0	2
0	0
2	0
0	0
131	26
0	26
0	0
0	0
3	6
0	3
0	3
0	0
0	137
0	139
0	64
0	0
0	88
0	131
0	39
1953	598
5	443
11	120
1	190
32	89
15	203
0	199
21	29
0	0
0	0
0	0
0	0
0	0
0	0
0	0
0	0
0	0
0	345
0	344
0	169
0	90
0	10
0	346
2	7
12	1
3	3
1	0
0	8
0	53
97	53
109	2245
1	1027
0	2196
0	2191
0	2127
0	191
0	131
0	84
0	112
0	171
0	213
0	111
1	120
3	51
678	0
0	8
0	8
0	8
0	8
0	2
0	203
0	4
0	203
0	14
9	49
0	11
1	189
6	2
0	0
0	1
0	2
0	1
2	0
2	573
2	579
47	163
0	34
0	112
7	104
0	135
0	141
15	334
0	287
0	46
0	36
1	73
12	133
16	114
5	9
0	0
0	0
6	6
0	0
1	0
0	354
0	16
5	217
9	6
0	178
1	157
1	37
0	25
0	2
0	134
1	85
0	2
0	7
0	79
1	3
0	5
0	84
0	3
0	13
0	10
0	37
0	5
0	0
0	0
0	777
0	639
0	356
21	242
0	21
2	8
0	4
0	0
0	777
30	306
2	243
3	137
2	115
31	388
7	93
0	299
23	80
0	87
1	76
976	710
1	701
0	174
1	95
30	717
0	683
0	128
0	132
0	0
178	106
1	12
0	94
25	18
4	125
1	138
0	51
2	174
0	147
0	136
41	143
6	8
0	116
0	1110
10	153
0	1109
34	1630
0	33
129	18
8	1614
0	0
0	0
0	0
0	0
0	0
0	10
3	8
3	2
0	2
1	0
0	0
17	2342
0	2383
35	2346
4	365
1	1880
43	2257
476	1041
0	4
0	257
37	40
15	475
0	215
4090	957
2	957
3	513
0	1253
1	154
0	447
0	1248
283	429
0	218
0	175
1	108
2	1195
1	56
12	175
24	758
0	753
65	90
48	65
1	51
0	469
0	138
0	11
0	5
0	0
0	0
0	0
0	1
5	3
0	3
0	0
0	4
0	21
1	4
0	0
0	22
24	153
0	153
1	15
0	29
0	50
48	125
0	98
0	0
0	0
2	0
4	34
0	26
0	26
0	32
0	80
0	12
3	10
0	78
2	25
2	14
0	11
0	17
2	6
4	5
0	6
32	3542
5	104
0	3056
0	2292
70	49
1	3
2	4
4	23
0	13
39	8
0	10
5	14
2	4
0	221
0	48
0	192
1	126
25	28
0	78
2	43
0	52
5	529
0	270
2	353
0	451
0	478
0	272
2	374
136	641
0	451
0	566
11	127
0	25
33	114
0	110
1879	1262
50	1108
139	87
0	261
0	385
1	514
106	429
24	416
0	114
13	280
42	41
19	41
12	3
0	1
7	10
0	5
0	5
0	5
0	1
2	0
0	1
0	5
0	7
0	7
0	0
0	0
0	2
0	1
1	0
3	345
21	578
0	525
33	477
4	82
582	1082
8	891
17	1072
138	81
0	3
1	2
1	3
28	0
23	0
2	114
498	114
2	6
0	24
0	23
0	5
3	4
0	24
0	26
0	614
1	614
0	4
1	3
0	163
0	615
18	326
20	513
0	64
0	139
0	89
0	2
6	97
0	15
0	8
0	2
2	11
0	26
0	97
0	97
0	0
0	0
0	0
0	0
0	0
0	0
0	0
19	0
2	252
1	216
21	56
0	99
3	189
0	247
4	63
0	2
0	2
0	2
0	2
0	2
0	2
0	2494
0	2569
0	2571
0	2423
249	609
0	1842
2	2482
0	1015
1	2205
0	1951
0	895
1	2120
0	153
97	184
3	82
0	151
2	151
35	1115
4	369
118	514
80	0
0	0
44	98
0	68
0	86
0	0
0	0
0	0
0	0
0	0
0	0
0	7
13	503
0	311
1	74
2	272
44	311
0	106
177	259
1	74
6	1054
0	1093
4	134
4	759
0	626
2	81
0	84
5	54
0	166
0	40
12	38
0	129
6	1
2	32
0	0
0	0
0	0
0	31
2	155
2	178
0	177
0	297
5	115
0	159
0	172
0	156
41	146
2338	1731
82	400
2	1371
25	175
0	80
5	80
0	80
2	45
0	33
0	29
0	16
0	0
0	0
0	0
9	89
0	11
0	89
7	1
17	80
5	79
2	10
17	176
2	158
0	24
0	1
0	0
0	22
5	287
3	198
1	193
0	27
0	49
5	79
25	25
9	44
127	25
4	56
0	21
0	0
1	1
0	1
0	0
97	6556
1	2069
29	1617
20	1830
0	6453
5	1
0	500
472	1417
1	1175
77	434
124	167
52	22
34	0
47	41
0	0
0	0
0	0
0	0
0	0
0	0
0	0
0	0
0	0
0	0
0	0
0	0
0	0
0	0
0	0
0	0
0	0
0	0
0	0
0	0
0	0
0	0
0	0
0	0
0	0
0	53
0	36
0	173
0	138
0	36
0	15
0	13
0	33
5	18
0	0
0	0
0	0
0	0
0	0
0	22
0	1057
35	644
1	86
40	16
0	25
10	1051
0	1023
0	547
0	538
2	284
91	289
0	86
3	0
0	540
0	0
199	200
8	200
0	0
0	1707
0	1707
0	183
7	197
22	1685
9	522
0	0
0	0
0	3
0	4
0	2
0	3
0	0
0	0
0	2
0	2
0	0
205	0
0	8
157	40
1	7
0	24
0	9
4	0
0	3
1	3
4	551
1	544
10	301
0	0
0	0
0	0
0	1244
3	645
0	308
0	1189
0	1263
0	816
43	38
0	26
0	96
0	1170
0	72
8	72
0	25
1	64
1	21
5	0
32	0
0	10
0	0
0	0
0	0
0	0
0	0
0	0
1	64
0	58
0	24
0	0
0	0
0	0
0	0
0	0
0	0
0	0
0	0
0	0
0	0
0	613
0	161
7	119
0	91
0	81
0	613
0	0
0	0
0	0
0	0
0	0
0	0
0	0
0	0
0	0
0	0
0	0
17	93
126	0
0	473
0	469
7	451
0	139
0	47
0	471
0	472
0	7
0	9
0	18
0	18
2	29
0	273
0	10
0	33
0	0
0	0
0	0
0	0
0	0
985	559
5	175
11	56
0	369
0	0
0	0
0	0
0	0
0	0
0	0
0	0
0	0
0	0
0	0
0	0
0	0
0	0
0	397
1	390
1	74
2	226
0	78
0	27
0	28
0	32
0	33
0	33
1	23
0	21
0	9
0	3
0	5
1	5
0	0
0	0
0	0
0	0
0	0
0	0
0	0
8	358
0	322
1	43
6	27
0	44
14	1351
0	1379
3	143
9	14
2	1385
0	0
0	3
0	3
0	3
0	3
0	2
1	4
0	4
0	4
0	0
0	0
65	0
0	0
0	0
0	1
0	0
0	0
0	1
0	0
592	367
0	253
0	25
72	260
0	109
0	83
0	0
0	0
1	0
1412	646
4	175
0	423
2	331
5	303
0	237
563	0
0	1
0	1
0	1
0	0
0	0
0	0
0	0
0	0
0	0
0	0
0	0
0	0
0	0
0	185
2	208
0	34
0	198
3	5
0	0
0	0
0	0
0	0
0	0
0	0
0	0
0	0
0	0
0	4
0	5
0	4
0	0
0	0
3	866
9	856
4	543
0	736
0	0
34	403
28	838
0	0
0	0
0	0
0	0
0	0
0	0
0	2
4	16
0	1
0	0
0	1
0	1
0	4
0	13
0	8840
103	1688
34	0
2	593
0	8764
0	8731
0	8805
0	8173
9	233
25	601
21	0
9	101
1	403
4	200
3	448
0	8734
0	7806
0	7146
28	444
0	326
0	422
0	3947
479	7273
0	1935
0	1950
0	1223
0	362
29	7258
0	7101
0	861
0	1883
29	745
62	733
117	3462
0	1028
7	1598
0	810
0	1578
0	7148
0	4671
0	5450
0	86
3	206
0	28
0	50
0	27
0	43
0	11
5	10
0	2
0	0
0	4
0	4
0	5
0	6
0	0
0	0
98	669
0	131
1	587
0	0
73	86
8	407
0	0
0	0
622	7061
0	5285
3	6896
2	2293
5	467
29	389
0	456
34	2817
2	972
0	1553
11	1051
0	0
0	0
0	25
0	143
0	139
0	6
0	17
7	129
0	0
0	0
0	2
0	2
0	1
0	9
0	3
0	2
0	9
0	65
267	124
0	124
5	3
0	3
2	1
0	0
0	0
0	1
0	0
0	3
0	0
0	3
0	3
0	3
0	3
6	0
0	0
0	0
1	125
708	125
147	607
11	2
0	226
2	67
0	100
147	312
197	224
99	224
9	21
6	21
4	2
0	2
0	0
0	0
120	97
0	26
0	0
0	50
6	29
0	96
143	1976
0	1869
0	314
1	359
0	322
2	269
0	816
0	816
0	816
0	684
0	2
0	2
0	0
0	0
0	0
0	2
0	0
0	0
0	0
0	17
0	12
0	13
0	17
0	0
0	19
2	0
0	201
6	201
0	66
3	30
0	10
22	43
0	6
0	0
120	0
7	0
0	0
0	0
877	834
0	447
70	323
31	54
0	65
0	0
0	0
0	0
0	55
7	95
0	14
257	237
2	227
0	0
0	0
0	0
2	0
0	0
0	3
0	2
0	2
0	2
0	2
0	1
0	0
256	80
0	80
0	86
0	52
3	3
19	1
0	0
0	0
0	9
4	9
0	429
0	197
0	360
0	300
1	254
0	104
0	361
0	301
0	291
17	271
69	390
0	42
0	100
0	63
0	1
0	1
0	1
0	0
0	0
1	0
0	0
0	0
0	135
2	121
2	135
0	23
0	114
0	0
0	0
0	31
0	0
0	0
0	0
7	83
0	52
0	78
339	938
15	882
15	995
17	317
183	20
13	138
0	135
96	134
0	111
0	0
0	0
0	0
0	0
0	0
0	0
0	0
0	0
0	0
0	0
0	0
0	0
0	0
49	250
22	33
0	38
1	0
16	49
0	201
285	1755
14	588
10	533
0	952
99	337
0	7
0	7
5	0
0	7
0	0
0	0
30	603
0	372
32	103
2	236
0	603
0	114
9	40
5	110
12	86
1	111
0	0
5	15
0	15
3	0
0	1
0	1
0	2
0	1
0	1
0	0
0	0
0	0
0	0
0	0
0	0
0	0
0	0
0	0
0	0
207	22
0	22
1	0
0	0
0	0
0	0
0	0
0	0
10	73
1	73
1476	0
1	14
1179	751
0	739
1	569
0	76
16	136
3	15
0	63
0	37
0	23
0	51
0	1
0	0
0	1
0	1
0	0
0	0
0	0
0	1
0	0
0	0
0	0
0	0
0	7
2	7
0	7
0	0
0	0
5	21
1	21
3	17
0	0
0	0
0	0
0	126
0	149
0	148
4	120
8	21
0	39
0	0
0	0
0	0
0	0
0	0
131	1970
0	121
0	148
0	752
0	1866
0	1820
2	1777
14	217
0	0
0	204
0	133
18	123
20	48
0	264
0	318
0	291
125	183
0	135
0	171
0	169
0	164
0	169
0	176
0	167
0	162
0	169
0	171
0	162
0	164
0	153
0	157
0	156
0	153
0	151
0	0
3	21
0	6
0	12
2	6
3	106
0	108
0	14
1	25
0	2
0	169
0	169
0	2
0	0
0	2
1	821
1	821
12	821
5	781
2	665
2	58
0	21
0	142
73	243
0	31
3	22
0	231
0	45
3	39
0	0
0	0
0	0
0	0
4	309
167	1554
14	307
2	1356
54	1515
0	7
0	0
0	0
0	0
0	0
0	0
0	109
7	126
0	3
1	5
0	4
0	4
0	2
0	2
0	0
0	2
0	0
0	0
0	0
4	4
5	11
1	17
0	8
0	11
42	18
0	4
0	4
2	3
0	3
0	0
0	0
0	99
203	99
1341	729
83	729
0	2
0	5
0	8
0	5
0	9
0	7
0	0
0	6
2	8
0	3
0	3
0	4
0	5
0	6
0	6
195	789
6	481
4	223
2	41
0	120
0	131
12	158
223	203
14	171
3	32
101	8
0	8
0	394
0	251
28	394
0	2
19	2
0	2
0	4
1	6
0	10
0	9
0	5
0	11
0	11
0	0
0	2
0	2
0	2
0	2
0	0
0	2
0	2
0	215
2	217
0	215
2	201
0	23
0	48
1	47
0	23
0	14
0	5
0	36
0	0
12	6
0	73
111	567
0	234
1	191
0	94
26	155
0	77
30	596
8	98
3	16
523	0
1	574
1024	1004
6	119
2335	547
31	54
4	410
7	154
0	534
0	91
15	52
28	170
0	93
48	544
0	334
4	6
3	545
8	0
0	100
0	100
1	12
0	0
0	0
2	145
0	142
0	0
0	0
0	0
0	0
0	0
0	0
0	0
0	0
0	0
0	0
0	16
0	6
77	20
359	79
13	12
0	36
0	44
0	3814
8	801
10	3812
5	2937
0	751
0	2329
16	162
0	131
0	429
0	3364
0	261
0	340
0	1004
0	842
37	511
14	2253
0	0
1	0
0	0
0	0
0	0
0	250
0	189
0	207
1	18
0	114
0	97
0	142
0	124
0	120
0	46
1	29
40	0
0	0
0	0
0	0
0	0
0	0
0	0
0	0
0	0
0	22
0	22
0	18
0	0
0	2
0	1
1	11
0	2
0	2
0	1
0	0
0	22
4	71
52	8
9	79
248	1355
0	958
7	1233
26	228
142	97
1	65
0	1
0	33
1	0
0	0
2	0
233	147
0	147
21	23
6	18
1	13
1	9
0	9
0	4
0	0
0	4
0	1
0	0
0	0
0	0
0	1
0	1
0	0
0	0
0	0
0	0
0	0
0	1
0	393
0	373
91	286
0	48
3	66
4	12
321	201
0	44
2	17
13	2
1	78
1	164
0	165
0	0
0	0
0	35
0	35
0	2
5	0
1	209
0	146
1	87
0	237
0	214
0	113
0	146
0	145
0	51
3	33
5	12
0	218
0	211
171	1376
562	1376
0	0
0	0
0	0
0	0
0	0
0	0
0	0
0	0
0	0
0	0
0	0
0	0
0	0
0	0
0	0
0	932
32	212
0	947
2	22
2	162
2	934
0	659
0	28
8	90
0	129
7	98
0	32
0	947
0	2
3	2
0	422
0	14
0	42
0	39
0	422
0	74
1	183
0	136
35	319
13	29
0	375
0	14
2	213
0	210
0	144
0	222
0	319
0	120
1	49
5	48
0	44
0	6
0	22
0	7
4	12
1	10
8	1464
4	1466
26	991
3	179
8	129
1595	198
90	198
34	368
0	95
121	290
84	135
0	17
1	78
0	20
0	20
3	46
0	39
0	14
4	19
6	13
0	1
0	0
0	0
0	0
0	0
0	0
0	0
0	208
0	216
38	177
0	181
10	15
4	174
0	40
0	48
0	43
5	192
0	192
42	922
1	86
1	136
15	63
7	147
15	787
0	276
97	0
15	128
2	19
25	32
2	2
0	3
0	6
0	3
0	5
0	4
0	3
0	3
0	11
1	11
1	10
0	3
0	2
131	228
4	228
0	0
0	182
31	13
1	79
7	89
1	67
103	1129
0	899
48	1076
0	514
12	181
151	124
0	105
3	0
0	0
0	0
0	7
1	7
0	4
0	4
0	2
0	2
0	0
0	0
0	0
0	7
0	7
0	5
0	1
1	1
0	1
0	1
0	0
0	0
0	0
0	1
0	0
0	2
0	3
0	2
1	879
0	574
3	866
0	54
0	170
33	199
4	30
15	54
91	66
0	12
0	32
0	30
0	289
1	295
0	45
1	100
0	20
0	35
165	35
0	0
13	1040
0	1651
0	1605
0	0
0	0
0	0
0	0
0	0
0	0
0	146
0	133
9	146
0	145
0	145
6	127
0	105
0	106
0	7
5	8
0	28
0	106
38	9
0	2
0	9
0	7
0	2
2	2
0	0
0	0
0	0
1	4
0	4
445	119
0	60
0	16
0	49
38	8
2	235
744	235
29	74
15	2422
0	817
32	1176
0	1021
4	1043
3	735
6	443
1	289
0	2576
10	6
0	6
4	652
2	2370
1	2531
6	2137
0	649
123	695
0	781
0	483
4	144
0	244
4	372
0	241
0	344
2	153
24	133
0	10
180	0
1	0
0	0
0	0
962	0
0	0
0	0
0	219
0	78
0	112
0	26
0	212
0	170
0	212
1	26
2	53
0	44
0	52
5	21
0	0
6	94
11	95
0	95
396	198
57	88
5	167
160	704
557	837
0	863
0	60
0	14
2	12
0	5
0	8
0	4
0	2
0	2
0	2
0	2
0	2
110	822
0	444
0	395
11	52
129	0
0	43
1	76
5	36
6	32
0	52
0	27
0	5
0	19
2	21
3	8
0	76
0	0
0	0
0	0
797	2689
4	2500
17	1976
16	1863
0	970
243	0
3	0
1	0
2	558
0	558
4	53
5	4
0	119
0	203
0	563
0	178
0	413
8	158
0	393
6	380
51	5
0	5
565	645
0	90
2	211
3	404
3	21
7	71
2	231
14	8
0	65
0	1788
50	1788
0	52
0	4
0	4
0	0
0	0
0	0
0	0
0	0
135	1789
0	102
0	102
0	729
2	699
1	41
0	59
0	26
0	715
2	728
629	105
3	47
11	57
5	2914
1	2921
6	16
0	573
2	163
16	2932
8	2930
1	1079
1	159
0	101
15	281
0	1069
52	103
0	690
0	271
0	257
6	1079
0	8
0	6
0	8
1	13
3	67
7	368
5	345
1	188
0	25
0	33
0	0
0	0
0	0
0	362
0	305
0	211
3	146
1	59
0	18
0	207
321	0
22	88
1	63
0	88
0	262
11	262
0	4
0	936
36	1028
0	973
1	923
119	50
0	662
0	917
0	904
0	16
0	748
5	942
144	3
91	990
0	0
0	0
0	0
0	0
0	0
0	0
0	0
0	0
0	0
0	0
0	0
0	0
0	0
0	0
0	0
0	0
0	0
0	0
0	0
0	0
0	0
0	0
0	0
0	0
0	0
0	0
0	0
0	0
0	0
4	913
17	427
0	67
26	215
20	280
0	507
0	524
2	129
0	92
0	38
2	17
0	97
19	0
0	51
0	49
1	10
3	4
493	0
0	0
172	0
3117	75
144	101
1	61
23	28
344	236
1	236
6	0
0	24
0	25
5	25
0	25
0	0
0	0
1	0
0	0
0	2
0	50
5	67
2	5
12	4
0	58
0	0
0	0
0	0
45	5
3	2
0	5
7	129
0	84
1241	524
9	391
0	0
0	0
0	0
0	4
0	4
0	0
0	3
0	0
0	1
5	0
0	166
0	165
1	32
0	157
0	40
0	0
0	0
0	0
623	526
0	364
0	63
0	100
3	170
0	186
0	92
0	95
0	83
0	96
6	2
0	2
3	21
0	19
0	3
4	2
0	2
0	16
0	0
0	0
0	0
0	0
0	0
0	0
0	0
0	0
0	0
0	0
1991	0
0	311
37	323
5	218
1	47
12	13
0	25
86	52
0	5
0	52
0	0
0	6
0	0
0	0
0	0
0	0
0	0
0	0
0	0
0	0
0	0
0	0
0	0
0	0
0	0
1	10
0	0
0	51
0	40
0	55
0	56
0	27
0	33
0	20
0	22
0	42
3	34
1	23
0	7
22	0
0	50
0	34
1300	0
5	0
0	0
0	0
0	9
0	9
0	0
0	0
0	0
0	0
0	0
16	615
29	615
44	45
2	65
0	31
0	53
7	55
0	50
0	52
0	17
1	52
0	9
1	0
65	312
0	303
0	203
9	193
38	0
0	0
0	181
0	64
0	183
0	0
0	57
0	70
0	29
0	49
0	0
0	55
0	29
1	29
6	58
3	4
0	42
0	0
1551	936
8	2
0	144
59	459
27	225
1	267
0	90
16	89
4	169
15	102
13	13323
1	4051
21	1014
48	3301
11	3510
19	8987
0	0
0	0
1	0
0	1
0	0
1	2
0	0
0	0
0	3
0	1
0	1
0	655
0	629
0	103
0	615
0	611
0	61
4	578
3	30
0	67
3	45
3	39
3	25
0	3
0	0
0	3
0	3
0	3
65	90
0	21
0	55
0	64
0	69
1	43
0	1207
4	5380
43	475
8	1703
4	91
0	463
11	4095
0	1673
1	380
1	731
4	404
8	493
0	461
3	5
6	220
1	159
0	34
0	11
5	0
12	0
16	50
0	50
1	15
0	5
0	4
0	12
0	0
0	0
0	0
0	0
0	0
0	0
0	0
0	0
1	2
0	2
0	0
0	0
0	0
0	0
0	0
1544	79
186	79
244	0
1	0
0	1517
1	1469
8	1023
0	1457
1242	9342
18	3525
58	1193
0	0
0	0
0	1
0	1
0	1
0	1
0	1
0	1
0	1
0	0
0	0
0	1
0	0
0	0
0	1
0	1
0	1
0	1
0	1
0	0
0	0
0	0
0	1
0	0
3	1
1	1
0	3
0	4
0	0
0	5
0	3
0	5
2	3
1	0
0	2
0	3
0	1
0	5
159	0
4	638
0	305
0	141
0	301
0	219
0	340
0	19
0	184
0	609
0	145
7	103
0	0
0	0
4401	1153
19	539
14	0
2	1095
33	1095
138	215
6	232
8	25
0	216
2	181
0	48
81	65
1	46
0	32
0	34
0	33
0	35
0	30
0	32
0	33
0	7
0	9
0	0
0	0
0	1
0	3
64	1442
0	1494
0	608
0	1424
63	1158
3	1036
0	140
3	163
246	0
13	0
0	0
0	0
0	0
1	2194
9	1990
17	625
0	79
2	321
1	522
12	93
0	683
65	124
0	0
0	73
0	73
0	37
0	4
0	1
0	1
0	160
0	156
6	28
0	66
0	157
0	114
0	156
1	80
0	0
0	0
0	0
0	0
0	0
0	0
0	0
0	0
0	0
0	0
54	24
0	15
0	8
0	4
0	2
0	0
0	0
0	0
0	0
6	0
7	18
0	2
0	18
0	3
0	0
0	0
27	436
0	238
0	226
0	415
0	69
7	196
0	0
0	0
0	0
0	0
0	0
0	0
0	0
0	0
0	0
7	0
0	53
2	3
44	54
0	53
0	53
0	51
0	43
0	33
8	8
0	8
0	0
0	0
0	0
0	4
24	412
2	410
2	130
0	185
0	94
4	151
0	172
2	177
1	112
5	0
9	0
0	0
569	60
0	60
1	2
0	2
0	1
0	1
0	1
0	0
3368	228
3	167
11	61
0	0
0	0
978	0
0	4
0	4
0	4
0	4
0	1
0	15
0	1
10	15
0	0
0	0
0	6
0	3
0	3
0	0
0	6
0	8
0	5
0	8
3	0
0	0
0	0
0	0
13	4528
40	583
20	1593
0	4232
4	4241
6	2336
5	23
0	23
0	23
231	874
622	874
0	157
0	152
6	109
0	49
55	88
1	28
0	40
0	207
2	174
1	134
0	146
11	41
4	3
0	11
0	11
0	11
0	2
0	1
0	2
0	2
0	0
0	1
0	4
0	4
11	750
17	48
0	734
0	274
42	302
0	402
3	496
0	238
116	861
6	861
83	223
0	125
0	106
4	67
0	1
0	1
0	1
1	59
0	65
0	64
0	0
0	4
0	14
671	493
26	493
0	63
0	25
0	0
0	0
0	0
0	0
0	0
0	0
1	1
27	1288
1	1061
1	1060
11	1053
0	954
4	222
0	218
11	107
6	127
3	191
0	104
356	207
0	13
19	97
14	169
0	140
0	11
21	59
1	39
0	49
2	0
0	0
0	0
0	0
0	0
0	0
0	0
0	0
0	0
0	0
0	0
1	967
0	940
0	759
0	440
0	851
0	160
6	368
3	119
0	85
1	113
3	23
0	0
0	449
0	432
0	192
0	51
2	18
0	40
0	0
80	90
227	915
24	0
0	126
2	87
3	273
6	429
0	846
5	32
49	801
1	76
0	366
3	213
33	110
15	459
0	0
0	0
0	0
0	0
0	0
1	0
0	0
0	1
0	1
51	824
4	815
0	197
1	37
1	45
93	145
4	91
0	1
0	90
20	158
0	57
4	74
17	20
12	2
1	39
0	54
203	97
1	7
0	1
0	0
0	1
0	316
1	140
0	98
1	128
0	97
2	80
0	3
0	324
7	158
3	139
2	72
0	25
0	0
0	0
9	11
0	9
0	11
0	273
0	285
0	258
0	253
19	197
1	73
0	104
5	43
0	46
0	93
3	57
0	82
17	51
0	246
24	2757
0	2474
45	2237
84	2736
0	2722
0	2464
4	200
36	434
3	261
179	2
0	2739
236	1143
0	1108
6	98
3	23
11	104
0	185
23	239
35	7
42	0
3	91
0	47
4	38
1	49
4	3
33	16
1	294
48	294
0	88
0	14
0	17
0	19
2	15
0	13
0	4
38	589
28	325
31	264
27	269
0	206
23	205
16	218
5	87
0	16
0	41
9	88
0	76
5	29
149	0
73	41
278	900
20	56
7	112
47	894
0	108
4	0
0	0
0	4139
0	4516
4	3988
16	1801
25	190
0	2540
24	340
7	519
15	505
15	11
3	678
32	664
13	9
2	332
0	145
4	25
0	98
39	97
3	2
0	2
6	547
34	1664
0	236
0	1588
5	1377
0	1653
0	1244
10	131
44	798
0	142
6	121
5	154
0	0
0	0
0	0
0	0
0	56
0	42
0	4
0	39
1	18
0	0
0	56
0	0
0	0
0	0
0	0
1	890
0	388
79	3185
0	93
0	1900
0	2237
7	46
2	1784
0	1906
2	1882
0	2859
0	2753
0	197
39	206
0	1025
69	798
15	60
219	0
4	127
3	128
0	43
0	15
0	11
27	26
0	6
7	9
0	93
233	270
1	270
9	187
0	50
0	0
0	0
0	0
0	0
0	0
0	1483
0	1474
2	1463
0	1461
0	565
1	192
0	150
0	122
5	79
0	85
0	62
0	27
0	39
5	31
3	11
0	16
0	11
0	1493
0	2
0	2
0	2
0	0
0	0
0	0
0	2
0	2
0	0
0	0
345	0
33	0
0	5
0	0
0	0
0	5
0	0
28	161
0	0
0	0
0	0
0	1
0	0
0	1
0	0
0	0
0	1
0	1
0	0
0	0
0	16
0	15
0	7
0	7
1	6
11	3
0	4
0	2
0	0
1	1
10	1
0	26
2	349
0	539
7	3163
0	3163
3	6
0	6
0	3
2	5
5	409
2	0
4	0
4	51
23	495
2	29
0	457
0	438
0	465
0	24
0	210
16	0
3	404
2	288
0	23
0	9
0	29
0	27
0	286
0	70
0	25
1	13
0	275
0	360
0	301
0	330
0	330
3	263
0	141
0	321
0	294
0	222
0	61
23	102
0	19
0	202
3	28
0	169
0	197
0	16
2	48
0	409
0	206
0	420
0	405
0	408
388	0
232	737
3	342
4	170
0	259
3	17
0	7
107	33
0	19
10	25
0	3
0	33
0	60
0	103
0	60
4	388
0	386
8	427
0	179
2	178
0	178
1	137
0	123
0	221
0	223
1	173
26	119
1	135
0	135
33	5
5	56
0	4
22	35
0	9
0	6
0	14
0	25
0	19
0	0
0	0
0	0
0	0
9	0
20	0
1	0
0	82
0	82
0	83
0	80
0	54
0	29
0	17
0	2
0	4
12	5
2	23
0	3
0	4
0	0
0	0
1	298
3	1611
0	20
27	1605
4	1589
3	94
1	200
2	119
0	0
0	0
0	0
1756	0
2	35
1	82
0	66
7	47
1	47
0	1
0	1
26	2320
0	1881
2	300
0	652
4	325
3	145
2	465
0	91
0	2320
1330	577
6	422
46	163
2	35
569	0
21	0
0	75
0	19
0	22
0	1
0	13
2	15
0	11
1	3
0	60
0	0
0	162
145	166
8	0
20	4
0	17
357	185
7	185
0	217
5	12
2	208
57	52
0	52
300	322
0	322
0	59
1	0
0	0
0	0
29	912
26	894
0	570
14	435
0	761
0	0
0	0
0	5
0	5
0	3
0	1
1	1
0	0
0	1
0	0
0	1
0	0
39	0
0	0
0	0
49	6
0	278
0	2178
190	248
2	872
0	2202
0	1177
0	0
0	0
0	38
0	11
23	43
0	7
0	1
0	7
0	7
0	7
1	5
0	7
3	7
0	7
0	7
0	2
0	0
0	1
0	1
0	0
25	0
0	42
0	13
3	11
0	37
0	26
0	0
0	0
31	0
0	0
0	1529
12	1241
0	1033
0	579
0	285
1	19
5	212
0	518
4	216
0	361
0	106
0	139
0	824
0	745
0	622
2	550
0	285
0	179
0	550
19	14
18	797
1	797
0	798
0	312
0	1
0	1
0	0
0	0
0	0
0	0
0	0
0	0
0	0
0	0
0	0
36663	3243
0	1078
1	1072
206	3115
3	954
0	0
0	809
44	815
72	14
2	692
4	31
0	195
1	92
186	274
33	95
1	75
0	21
6	0
2	10
1968	591
1	55
1	228
0	308
21	393
1	351
0	403
0	195
3	8
1	0
0	0
0	0
0	0
0	0
0	0
102	1899
61	1967
0	143
54	220
34	82
9	18
101	1933
0	0
0	0
0	0
11	26
3	17
0	9
0	10
0	10
0	10
2	10
2	4
0	3
13	65
0	48
0	5
0	37
7	4
0	4
0	1
0	3
39	1303
3	344
0	35
6	462
7	398
2	204
0	1277
13	135
0	90
4	59
0	184
2	59
0	104
0	235
0	212
265	225
0	28
9	153
2	18
1	42
0	49
0	50
0	3
0	6
0	2
0	4
0	4
0	1
0	1
3	0
0	0
0	0
0	0
0	0
0	0
0	22
0	22
10	409
1	333
367	436
2	436
2	294
0	28
79	169
1302	1589
28	830
8	128
4	19
0	78
5	5
5	234
29	330
2	246
0	0
0	1
0	7
0	0
0	1
0	6
0	1
0	0
0	0
0	7
60	8
0	6
1	3
0	1
0	1
100	154
317	154
23	411
0	408
47	220
0	186
1	68
0	0
0	0
0	0
0	0
0	0
0	0
0	0
0	0
3	353
26	713
26	290
2	108
0	231
11	171
3	24
10	33
0	10
150	74
0	24
0	22
4	15
1	15
0	14
23	284
3	0
1	16
0	16
0	0
0	0
0	7
0	7
0	2
0	0
0	0
0	0
0	0
0	0
0	0
0	0
0	0
1	0
1	0
21	262
0	154
0	150
0	258
0	165
3	107
112	131
1	79
28	90
0	0
0	0
0	0
0	23
0	3
0	1
0	1
0	2
0	2
0	19
0	3
0	23
0	23
0	0
288	69
0	46
0	37
2	24
0	23
350	2364
0	2292
12	86
5	205
0	520
404	3
3	3
0	3
0	0
0	0
0	0
3	138
0	138
0	2
728	1277
41	84
21	1151
0	219
7	175
2	205
0	0
0	4
0	6
0	4
0	4
0	7
0	6
53	731
3	275
0	272
0	457
2	60
8	260
0	0
0	0
0	4
0	4
0	4
0	0
0	0
154	345
0	304
8	41
0	13
0	13
0	15
0	13
0	13
0	10
59	538
0	462
0	209
1	101
0	216
0	117
0	36
7	5
0	5
0	216
0	7
0	6
0	1
0	1
0	0
0	0
0	60
6	6
0	54
0	2
25	90
0	199
0	511
0	210
8	0
0	124
3	2
0	96
0	76
1	210
1	0
0	44
4	215
0	0
0	0
27	0
0	0
8	0
0	0
0	164
3	160
0	23
0	94
0	21
117	1903
0	1918
2	905
4	31
5	1027
3	1380
12	747
27	435
0	481
76	448
0	121
0	0
0	90
0	84
0	10
0	11
0	12
0	93
0	102
0	94
0	0
0	20
0	83
2	19
1	11
0	0
134	495
5	485
0	3
6	223
4	47
0	1487
0	27
2	49
0	197
0	328
7	21
1	1067
3	0
24	17
22	183
0	183
3860	3418
1	2140
2	1327
440	251
0	45
2	75
0	118
0	90
83	913
0	50
2	207
0	1134
0	1155
1	1142
12	1109
0	1599
9	1599
0	1035
0	1476
43	712
5	1569
1	98
0	281
0	206
1	47
2	196
0	49
7	5
120	107
0	94
3	30
9	1050
0	823
0	824
6	410
2	85
0	39
0	405
20	35
81	719
3	278
6	505
0	505
2	105
249	0
0	1063
4	109
1	97
0	7
23	102
44	1820
66	1217
6	990
2	471
125	669
0	712
33	477
0	0
0	0
1	19
0	12
0	3
0	17
0	0
0	128
6	203
8	170
1	163
0	31
8	480
0	19
1	28
2	468
2	86
0	9
0	13
0	4
0	0
0	9
0	13
0	1849
0	1655
0	623
7	467
15	968
6	1796
279	322
1	72
14	249
0	0
0	0
0	0
0	0
3	1398
5	359
0	1408
0	40
1	154
14	40
102	168
0	24
2	73
8	31
0	10
0	19
0	19
2	9
0	9
0	3
0	4
3	0
2079	1599
0	868
18	136
0	403
7	403
415	456
191	367
31	26
6	28
0	0
0	0
0	0
0	0
0	0
0	0
0	0
0	0
0	0
0	0
0	0
0	0
0	0
0	0
0	0
0	0
0	0
87	2438
7	2369
18	609
0	296
17	0
3	72
0	60
22	7
14	27
0	0
0	0
0	0
1	0
1	0
0	17
0	13
0	0
1	2
0	6
0	0
0	18
0	51
2	381
0	62
2	14
0	6
0	395
0	397
0	383
0	3
0	13
0	51
0	13
0	397
0	396
1	94
0	94
0	95
0	95
0	86
0	91
4	2
1	4
3	34
0	4
0	1
0	0
0	94
0	14
0	21
0	21
0	21
0	3
0	0
0	94
15	58
0	3
10	41
5	59
0	89
1	24
2	59
1	9
1	90
611	1079
1	89
452	990
1264	617
0	0
0	0
0	0
0	0
0	0
1	14
0	14
0	5
0	0
0	0
3	232
0	180
0	228
7	215
13	0
1	12
0	3
0	3
0	3
0	0
59	2
9	1170
135	1203
4	68
55	0
0	527
2	35
1	128
1497	2707
0	1288
0	1414
4	378
15	369
432	49
2	49
0	0
0	0
0	0
39	114
756	500
7	202
19	43
1	28
0	132
2	60
6	76
2	0
0	0
0	0
0	0
88	597
18	597
48	188
1	96
0	0
0	0
0	0
1	23
0	23
0	23
0	0
0	0
0	0
0	315
0	296
3	188
21	150
78	8
1	16
0	316
75	327
6	327
27	120
32	25
1	0
1	5
0	5
2	18
0	0
0	0
0	0
0	1
0	1
0	1
3	0
0	202
1706	202
0	0
59	0
1	0
0	0
0	0
0	0
3	0
0	0
0	0
0	0
0	4
0	4
0	4
0	4
0	0
0	4
0	0
0	83
0	81
0	3
19	90
0	89
0	12
0	80
0	0
0	0
0	0
0	0
0	0
142	15
0	15
0	0
0	0
0	0
0	0
18	30
0	30
0	3
1	640
0	97
23	1
132	186
17	507
0	1269
20	134
0	185
6	134
24	629
0	1619
1	267
103	672
3	672
1	391
6	219
1	113
0	0
0	0
2	0
0	0
0	0
0	0
0	0
403	226
13	226
13	38
5	103
0	0
0	0
0	0
0	0
0	0
0	830
0	801
2	774
4	467
0	170
0	97
11	101
0	28
7	148
16	93
0	143
2	255
2	144
43	304
10	90
6	35
1	36
0	842
0	0
0	0
0	0
0	0
7	50
0	0
0	0
0	0
0	0
1	0
0	0
0	0
2	3
0	13
0	57
0	57
0	13
0	15
0	15
0	1
0	50
0	0
0	0
5	0
0	0
0	0
2	127
3	148
0	129
1	117
0	148
11	130
0	5
0	0
0	0
0	0
0	1
0	21
0	20
0	0
0	0
11	447
0	174
0	176
0	192
18	273
2	32
243	1386
55	12
0	1118
4	13
2	1360
6	91
0	181
53	44
5	494
0	506
0	225
49	213
20	0
0	371
279	2022
0	651
0	1924
0	1767
76	295
0	1801
6	124
0	413
27	1587
5	1754
0	149
24	94
16	32
4	1057
25	110
13	639
195	120
0	120
4828	78
6	78
450	48
10	48
0	43
0	2
0	2
0	0
0	0
0	0
0	0
0	0
0	0
0	0
6	244
2	244
0	0
0	0
0	0
0	0
0	0
0	0
0	0
0	0
0	0
123	1212
1	1033
0	38
28	977
0	791
1	22
7	87
2	830
19	317
8	265
0	42
0	6
0	6
5	384
0	370
0	28
0	8
0	28
183	60
0	0
1	0
0	60
2	43
0	0
0	4
0	30
1	30
1	219
0	221
0	192
0	136
0	116
2	6
17	57
813	57
0	45
0	49
0	61
2	60
5	60
0	61
0	60
10	4
10	59
54	59
0	9
0	7
0	0
4	57
7	58
0	6
0	16
901	586
11	179
0	59
1	394
0	1
3	27
0	7
0	7
0	7
0	7
0	0
0	0
0	117
141	204
16	120
0	110
0	8
0	10
0	473
0	469
2	72
11	46
3	13
0	68
3	17
11	18
0	51
8	8
0	68
10	0
0	0
0	0
777	3185
11	352
16	60
14	81
0	278
0	42
0	41
1	3
2	4
0	5
3	4
32	15
0	4
0	11
0	0
0	0
0	0
1	44
0	43
13	18
0	18
0	2
2	0
0	0
0	0
0	0
0	58
2	18
0	59
0	30
4	49
1	26
117	1494
0	452
2	1370
0	0
0	0
0	0
0	6296
0	6101
0	6164
0	5969
3	5869
1	358
3	232
23	0
1	24
1	28
81	61
8	6
0	11
13	46
0	110
20	138
0	3
0	27
0	0
1	0
34	15
0	1
9	2
0	0
4	0
0	12
0	7
0	6
0	11
0	4
0	9
406	122
2	63
19	59
0	9
36	17
0	17
294	121
1	66
3	98
6	50
4	29
0	19
0	20
1	0
0	2
0	0
0	0
0	0
0	0
0	0
0	0
0	0
37	270
0	706
0	564
53	769
24	22
2	19
17	56
0	156
0	0
0	246
1	243
33	232
0	176
0	138
0	1
29	86
1	86
236	146
55	12
10	41
0	55
0	102
0	22
3	75
364	3171
6	2898
9	2984
88	2943
244	72
4	435
3	125
17	2
106	0
0	0
0	0
0	0
0	0
0	0
11	119
1	119
1	109
0	109
0	108
0	104
2	0
0	1
0	1
0	1
0	1
0	1
0	1
0	1
0	1
0	1
0	0
0	0
0	0
0	0
0	0
0	92
0	81
0	90
0	436
0	429
18	439
0	451
0	151
7	66
1	120
0	122
3	93
49	54
0	19
0	174
27	123
0	28
0	176
1	1347
3	949
0	1369
86	772
14	174
0	61
0	53
0	44
0	200
0	1343
0	145
0	8
0	4
0	4
2	140
0	37
0	100
0	17
0	3
0	5
1	9
0	36
0	4
0	11
0	701
0	694
0	115
3	538
2	196
65	205
8	29
2	257
2	124
0	95
0	73
0	127
0	227
0	142
0	221
4	57
0	175
0	158
17	125
14	43
4	32
0	73
0	17
58	18
6	2
0	1
0	1
0	1
0	1
0	0
0	422
2	33
13	381
0	346
12	9
0	9
51	337
0	333
0	269
26	14
1	46
0	31
0	42
0	16
0	0
0	13
1	0
0	13
0	13
2	12
0	12
0	13
0	617
21	612
0	374
0	482
1	162
1	4
142	57
0	25
3	486
278	506
0	17
0	421
14	5
6	24
0	0
0	5
0	0
0	0
0	5
0	0
0	5
0	0
0	5
0	0
0	0
0	3
0	0
0	0
3	4
0	4
0	0
0	40
16	299
1	292
10	11
40	101
0	297
1311	0
0	710
0	25
0	1180
0	612
0	21
17	1251
2	113
0	1026
1	789
0	265
0	561
4	179
0	377
5	293
4	204
0	234
34	816
11	3419
0	3419
0	2093
181	2094
65	3352
0	3351
206	44
3	44
8	15
0	15
0	0
6	0
0	0
38	22
0	22
0	2
0	2
0	2
0	56
0	56
0	0
692	1007
0	155
0	862
251	0
5	1402
0	98
0	319
3	268
76	1407
0	367
0	237
17	271
11	167
5	88
854	0
24	360
0	323
6	421
2	159
15	108
0	112
0	35
0	53
3	2016
0	784
0	1456
0	1725
2	776
24	332
65	833
377	1365
39	205
0	0
0	0
0	0
0	0
0	0
1	3650
121	1163
0	3650
0	7
0	62
0	16
0	60
0	38
0	17
169	0
0	0
0	24
0	427
0	429
0	430
27	432
8	94
0	31
0	371
0	163
3	35
1	78
0	71
0	46
0	27
1	27
0	17
0	17
0	8
0	3
0	0
0	0
0	0
0	0
0	0
0	0
17	18755
0	14470
56	3291
811	13661
0	13567
10	2461
1441	2672
5	1126
0	745
0	0
3	91
0	91
3	0
2	19
5	12
0	0
0	0
0	0
39	422
6	414
0	389
209	179
0	38
0	21
0	389
0	714
66	716
0	490
0	456
281	46
0	46
2	0
0	0
0	0
0	0
0	0
0	891
0	1040
0	403
1	934
0	419
2	285
0	507
0	197
0	254
0	460
1	424
3	425
2	372
0	186
1	125
3	3
0	3
0	0
0	0
0	4
0	4
0	0
0	0
0	0
0	4
0	6
2	4
33	157
10	157
5	44
0	0
0	0
15	268
227	788
0	228
0	263
0	280
4	325
2	327
18	85
0	0
0	0
0	0
0	0
0	0
0	0
0	0
0	0
0	0
0	0
0	0
1	0
0	0
34	185
0	0
0	0
0	0
0	0
0	0
0	0
0	0
0	0
0	0
0	0
0	0
0	0
0	0
0	0
0	0
0	0
0	0
0	0
0	0
0	0
0	0
0	0
0	0
0	0
0	0
0	0
0	0
2	580
0	580
0	580
0	3
0	3
0	0
0	0
2046	431
0	214
0	215
0	0
0	0
0	0
0	0
0	28
0	0
0	10
0	28
6	10590
1	808
4	10073
8	6627
66	10111
0	10042
0	0
136	222
1	54
0	20
3	5
0	201
0	30
56	42
0	42
5	1182
179	1210
0	1213
170	1180
1370	111
236	32
1	32
0	0
0	0
0	0
0	0
0	0
53	113
0	21
0	104
0	21
0	89
0	2
0	90
1	22
0	15
0	22
0	0
0	0
0	0
0	0
0	0
6	0
0	0
0	0
0	0
75	333
0	139
0	96
0	202
0	32
1	2
0	2
0	1
0	0
0	0
0	0
0	0
291	0
0	0
0	14
35	27
0	26
0	0
0	0
0	0
0	0
0	0
0	0
0	0
0	0
0	0
0	0
0	0
1	0
137	107
38	11
0	111
9	88
0	4
0	0
0	94
0	748
37	369
16	13
6	688
3	353
0	706
0	657
0	50
4	20
0	81
0	249
1	232
4	139
0	149
0	175
0	121
1	73
2	82
3	47
2	16
45	0
1	0
0	0
180	69
1	34
0	23
0	20
0	49
0	124
0	116
0	43
0	7
4	29
0	23
32	8
7	0
0	0
54	94
0	61
0	0
0	0
0	103
3	33
0	42
0	72
6	17
0	16
1	28
1	8
7	2
384	65
0	18
0	55
0	26
0	40
10	4089
0	1351
0	2352
48	270
13	509
0	1482
0	1251
1	960
0	1076
0	306
16	402
0	4089
2	62
109	152
0	161
17	57
0	147
0	9
0	1
0	4
0	9
0	9
14	109
0	79
0	87
0	67
0	47
0	40
0	50
0	8
0	26
0	14
20	26
0	2
123	187
2	197
0	137
0	110
9	8
0	101
0	254
797	584
8	402
9	91
1	100
20	76
0	926
6	40
0	350
0	274
11	499
5	116
0	58
8	14
0	162
0	926
0	26
1266	26
0	0
15	4393
0	4574
0	3887
0	5070
11	879
25	1302
282	30
428	426
5	49
4	377
0	106
0	12
41	0
0	0
0	0
0	0
66	1355
84	1874
0	364
0	174
0	524
0	20
1	20
0	0
0	0
0	288
23	288
3	35
447	844
0	158
1	277
2	322
4	96
3	75
0	449
5	455
0	0
0	0
0	0
0	0
0	0
0	0
0	0
0	0
0	0
0	0
0	0
268	0
34	206
0	10
0	25
0	206
1	8
0	0
0	0
0	0
0	0
0	0
0	1
0	1
0	1
0	1
4	12
0	8
0	4
2	4
8	57
0	57
0	12
0	3
0	6
0	16
0	0
0	0
45	0
0	824
0	0
0	0
0	826
1	573
0	692
26	37
0	18
3	33
3	35
1	13
0	0
0	0
0	0
0	0
0	0
0	0
0	0
0	0
0	0
0	0
0	18
0	32
0	0
0	31
0	18
116	67
8	67
10	1
222	12
1	12
0	0
0	65
0	65
4	63
0	64
0	64
0	65
57	0
4489	0
23	15
3	15
0	0
0	0
92	323
0	38
16	272
30	1
2	39
0	73
1	45
13	119
0	84
1	91
0	0
0	0
0	0
0	0
1	3
101	57
0	17
0	3
0	0
1	57
90	74
0	35
0	26
0	15
0	5
0	6
4	20
13	188
0	175
2	187
19	0
0	0
0	0
0	0
1	0
0	0
0	0
0	1
0	0
0	0
0	1
0	1
0	0
0	0
0	0
0	0
120	540
3	540
2	13
323	2279
2	50
13	206
7	2023
9	3
2	62
7	407
3	178
0	0
0	0
0	0
0	0
0	0
0	0
0	0
1	160
2	164
1	160
0	144
9	4
2	0
0	0
5	624
0	473
1	341
0	466
9	439
26	45
7	124
2	35
1	1
0	349
0	359
0	52
9	359
0	138
0	46
2	36
72	2457
2	4899
5	2455
7	4728
19	3292
22	698
0	4
0	2
0	5
0	2
0	3
0	2
0	3
0	2
0	2
0	3
17	607
21	211
18	153
86	178
4	74
0	68
0	68
5	36
0	21
1	4
0	11
0	6
2	10
1	6
0	1
0	1
0	1
0	1
0	0
0	0
427	97
6	97
0	0
0	0
0	0
0	0
0	0
0	0
0	0
0	0
0	0
0	0
0	0
0	0
0	0
0	0
0	0
0	0
0	0
3	117
0	94
0	92
13	105
0	94
0	112
1	69
0	15
13	0
0	373
0	366
41	21
3	23
3	9
0	9
0	0
0	0
701	349
0	349
0	412
8	394
0	297
1	76
11	85
13	65
1618	1535
5	124
57	1410
9	534
27	174
0	219
2	219
0	168
0	141
0	136
0	141
9	29
0	67
0	27
0	143
0	139
0	143
0	130
0	141
0	1
0	1
0	1
0	1
0	1
0	274
0	251
0	259
0	247
1	257
2	79
184	473
1	473
0	159
0	0
15	2
0	0
0	0
1	8
0	2
0	8
0	7
0	1
0	1
0	2
0	0
0	1
0	0
0	0
0	0
349	129
0	107
0	129
0	102
0	95
0	76
0	0
5	7
0	7
0	0
0	7
0	6
1497	1715
4	1715
0	892
0	510
0	245
4	0
4	20
5	954
0	248
2	916
7	233
0	189
2	275
1	840
7	107
9	185
0	10
0	14
2	20
0	1
0	1
0	4
0	1347
35	0
2	1400
1	39
0	263
0	844
0	220
0	108
1	3
2	105
0	0
0	0
0	0
0	0
0	0
0	0
1	0
0	0
0	0
42	119
0	118
0	45
0	13
2	48
0	0
0	0
0	0
0	0
0	0
0	0
10	568
0	602
27	593
0	583
0	228
2	1
0	1
0	0
0	0
0	0
0	0
5	0
0	0
0	0
0	0
0	0
0	0
0	0
0	0
0	0
0	0
0	0
11	566
0	660
0	272
0	477
0	508
0	502
2	33
9	17
8	34
0	275
31	64
11	18
1	343
0	163
0	49
12	27
2	27
0	25
4	167
0	105
0	62
221	7542
0	7518
64	7425
14	7644
0	7644
40	9908
2	9878
209	9907
0	9617
11	9253
0	9533
17	25
0	7
0	1
36	21
1	0
0	0
333	989
45	768
0	573
0	1314
1	1681
23	291
0	413
0	369
17	19
22	5
0	0
0	5
3	0
0	0
0	0
0	0
0	0
0	0
0	76
20	65
2	60
0	43
0	16
0	23
0	68
0	1
0	1
3	0
1	0
0	0
0	0
5	0
0	0
0	0
4	517
0	504
0	448
1	508
6	79
3	32
0	8
1	0
0	5
0	19
0	2
3	9
0	10
0	13
0	0
0	0
9	3353
0	3365
0	3379
0	3382
0	3392
1	1897
9	3665
16	1607
10	384
0	19
3	0
0	19
0	14
0	14
1	14
0	19
0	9
0	7
0	7
0	0
5	1
0	1
0	0
0	0
0	0
0	0
7	11
0	10
0	1
0	1
0	1
0	1
0	1
0	3
0	3
0	3
0	3
0	0
0	0
0	3
0	3
0	12
0	21
0	21
0	19
0	10
0	10
2	0
0	0
0	19
0	820
0	639
5	545
1	249
12	617
7	112
3	0
0	0
0	0
0	0
0	0
0	0
0	0
2	51
0	52
0	26
0	35
0	31
3	31
0	19
0	22
0	22
0	25
0	26
0	23
0	20
0	23
0	19
5	13
0	18
6	16
1	13
0	11
0	1725
0	1172
0	927
3	424
25	1178
19	496
5	299
1	299
0	0
0	0
0	0
0	0
0	0
0	0
0	0
0	0
0	0
0	0
0	0
0	0
0	0
0	0
0	0
0	0
10	0
1	4
0	4
25	22
3	4
0	0
0	0
0	0
0	4
0	7
4	3
0	10
0	9
1	5
0	4
0	4
4	5
127	358
4	358
0	8
0	3
0	4
0	5
0	4
0	4
0	1
2	2
0	0
0	0
0	0
1	0
0	9
0	0
0	0
0	0
0	1
0	1
0	0
1	11
0	11
4	139
8	0
36	139
0	0
0	0
0	0
901	564
0	564
0	0
3	6
0	1
0	0
0	6
0	137
9	182
0	108
8	161
14	1185
14	1185
0	1079
0	1184
0	163
15	21
42	161
0	1
0	0
0	1
0	0
0	1
0	0
0	0
0	0
0	0
905	229
18	76
10	153
34	35
0	3
0	2
8	2
0	3
318	20
9	20
11	53
0	48
3	35
7	142
0	18
16	126
0	79
0	16
3	37
2	29
0	17
27	12
24	7
0	0
0	0
0	0
14	128
0	0
0	0
0	0
0	0
0	0
2	0
0	0
0	0
0	0
0	1
0	1
0	1
49	0
0	0
0	0
0	0
0	38
0	177
0	91
0	176
1	0
7	25
0	1
0	29
1	25
0	23
5	0
0	0
0	0
0	0
0	0
0	45
0	9
0	4
0	45
0	45
2	174
70	528
15	464
0	42
5	184
0	0
0	0
104	12133
0	12285
0	5403
53	6545
0	11324
0	11150
3	148
10	2358
30	0
18	875
1	600
33	410
88	4
1	18
0	0
0	0
1	0
7	505
0	420
7	529
1	159
0	222
27	223
0	194
3	0
0	420
0	1389
0	1415
9	829
0	1187
112	64
0	791
15	688
0	204
0	71
0	19
54	3
0	63
11	136
0	1
0	1
0	1
0	0
0	0
0	0
0	1
80	1993
1	390
2	341
0	245
0	394
4	217
0	524
1	681
1	287
5	804
301	1177
1	250
0	927
25	729
55	231
0	0
0	0
0	2
0	14
0	14
0	0
0	501
0	536
0	92
1	177
0	93
0	210
3	78
0	65
1	174
0	86
0	81
116	45
796	413
2	80
7	262
0	330
0	274
0	942
0	77
1	89
0	129
0	134
0	808
35	44
0	5
0	5
0	0
0	0
2	52
32	98
0	98
0	0
0	0
0	0
1103	143
6	143
0	0
0	0
0	0
0	0
0	0
0	0
0	0
0	0
0	0
0	0
4	209
2	209
1	71
10	5
0	7
44	144
1	16
0	19
2	128
5	24
0	15
0	15
0	72
0	67
0	58
0	59
0	64
0	20
4	12
0	0
4	450
89	453
19	362
0	17
1	128
0	320
0	43
3	115
3	54
0	26
0	202
6	28
0	155
4	634
0	561
0	244
0	348
0	330
0	280
0	193
1	299
0	251
0	66
0	37
0	0
0	0
0	0
0	0
0	0
0	0
0	0
0	0
0	0
0	0
0	0
0	0
0	0
0	0
0	0
0	0
0	0
0	12
0	4
0	0
1	0
0	12
0	2
13	164
1	163
0	47
0	65
0	63
6	61
2	0
13	18
0	0
0	0
0	0
0	0
0	0
0	0
0	0
0	0
0	143
11	606
9	879
0	888
0	89
0	61
18	65
0	22
0	10
0	14
0	17
0	12
0	10
0	10
0	4
0	12
0	0
0	0
0	0
0	56
0	286
0	178
9	92
1	82
0	181
0	119
0	146
13	104
0	272
3	32
40	3615
0	102
5	157
2	82
35	3599
8	0
67	126
0	100
0	106
4	23
0	18
0	22
0	12
0	28
2	33
0	37
0	23
16	10
0	259
0	115
0	258
8	6
0	232
0	111
12	203
13	89
0	28
4	61
1	256
5	262
0	90
0	12
0	25
2	29
0	24
0	17
0	19
0	27
2	4
1	0
0	340
7	354
0	389
0	466
0	501
6	383
0	8
0	382
0	7
0	7
0	1
2	0
0	0
1	0
0	1
0	0
0	0
5	0
0	0
0	0
0	0
0	0
0	0
0	0
0	0
383	0
0	0
3	110
0	331
2	331
8	250
461	791
5	674
2	340
1	149
5	103
13	25
20	157
0	0
0	0
0	0
3102	0
129	95
2	82
0	86
5	32
0	0
0	958
39	1008
41	2
4	346
46	259
4	34
0	0
0	0
0	0
0	0
0	13
10	259
0	39
92	316
1	211
0	259
0	179
0	127
18	30
2	16
2	9
0	0
0	0
0	0
0	0
0	0
0	0
0	0
0	0
0	1
0	1
0	0
0	0
0	0
12	121
0	121
0	323
8	0
1	10
0	323
12	109
0	150
0	178
0	161
0	110
0	35
0	33
0	24
0	17
0	19
0	33
1	13
0	29
2	14
0	20
4	6
0	0
10	0
0	0
279	0
0	7
0	7
2	1089
1	28
0	96
19	1034
1	176
0	151
1	134
13	152
0	0
0	0
0	0
0	0
0	0
0	0
0	0
0	0
0	0
0	0
0	0
0	0
10	0
0	100
0	64
1	74
0	38
16	287
0	92
0	97
7	2
0	287
1	84
1	0
0	0
0	0
0	0
0	33
20	149
0	13
0	149
0	157
0	152
0	110
0	112
0	46
0	44
0	17
0	0
0	0
0	0
0	0
0	0
0	0
0	0
0	0
0	0
0	0
0	0
0	0
0	0
0	0
0	0
1	77
5	23
0	6
0	148
0	170
0	0
0	0
0	0
0	0
0	0
0	0
11	0
0	218
0	205
1	160
0	205
9	134
1	205
0	78
0	75
1	31
0	79
0	20
5	212
0	212
0	220
0	202
1	25
0	17
2	7
0	0
0	0
230	44
3	44
51	173
1	53
0	169
0	0
0	0
0	0
27	104
0	23
0	81
0	2
0	2
0	0
0	0
0	0
0	0
15	312
4	306
85	52
39	4
4	40
2	40
94	1183
3	1047
0	63
13	895
3	962
0	783
0	686
6	121
0	98
6	61
6	60
12	41
2	117
3	11
0	962
8	0
2	0
4	0
46	0
40	396
8	393
3	366
0	322
0	372
0	266
7	120
0	3
0	6
0	9
0	6
1	699
24	706
17	14
7	93
0	0
0	0
0	0
0	0
114	414
4	86
24	401
0	51
84	307
0	121
3	489
12	402
3	489
4	200
0	0
0	0
0	0
0	0
0	0
0	130
0	172
0	136
0	11
0	166
0	167
4	58
0	130
0	125
0	119
0	130
4	157
0	113
2	74
0	105
0	77
0	62
0	1296
1	1413
4	1240
0	682
1	228
0	346
14	189
600	370
0	367
45	263
0	0
27	522
3	525
0	35
0	7
0	0
0	0
0	0
0	0
0	0
3	96
7	78
0	8
1	13
2	26
18	20
0	514
0	434
0	348
94	363
1	208
0	58
0	203
26	9
0	514
0	434
35	0
0	0
0	0
0	0
0	0
0	0
1	659
0	490
0	859
0	3523
161	8179
180	383
0	227
2	500
4	7767
149	36
0	36
460	320
0	59
23	153
0	305
0	0
0	0
0	0
0	0
0	0
0	0
0	0
0	0
0	0
38	247
29	23
33	93
0	0
0	247
0	243
0	261
0	190
0	186
0	270
2	168
3	62
1	141
0	110
0	92
0	165
14	0
1	35
8	0
0	54
6	89
3	61
0	34
0	34
4	20
0	0
0	0
0	0
0	0
0	0
0	135
0	137
0	142
0	142
3	127
23	184
0	55
0	137
0	177
6	0
85	2198
12	641
0	1870
224	1534
0	1850
100	269
0	1872
0	2110
4	2082
13	89
0	427
19	257
0	322
0	320
0	211
251	624
0	109
271	40
0	188
20	1227
2	863
12	1781
938	5
25	5
0	30
3	1083
0	45
0	864
6	14
8	945
0	484
52	96
5	36
129	71
18	71
6	24
0	0
0	0
3	0
0	0
0	0
0	0
0	0
0	0
1	179
2	179
1	0
0	0
0	0
0	0
0	0
0	0
0	0
0	0
0	0
0	0
0	0
0	0
0	0
0	0
423	0
0	0
0	0
0	0
0	0
0	0
0	0
14	0
12	638
684	1080
1	901
13	125
10	128
0	0
0	0
0	0
0	1683
23	1654
0	200
15	1475
7	55
1	105
16	0
0	201
0	184
0	0
480	2016
1	1743
0	1804
11	1721
2	1509
47	0
0	1421
0	326
12	165
0	326
50	294
13	442
51	144
296	1515
2	1515
4	59
7	14
0	161
0	0
0	0
0	0
0	0
0	0
0	0
0	0
0	0
0	0
0	0
0	0
0	0
56	11
0	11
0	15
1	124
0	129
1	109
5	25
6	31
1	0
0	0
0	0
1487	344
15	96
0	198
1	3
5	122
0	10
0	182
2	37
0	0
0	0
0	0
0	585
2	502
4	98
0	59
0	585
0	94
0	139
3	8
0	107
0	0
6	112
110	36
0	30
0	175
0	153
0	19
0	175
0	0
0	0
0	0
0	0
0	0
1730	651
5	417
9	447
0	300
1	1
0	1
0	1
0	1
0	1
227	285
1	67
3	161
4	58
0	40
1	1
0	33
0	33
0	33
0	17
5	9
0	34
1299	94
3	69
6	18
59	21
2	0
0	0
1	41
6	36
0	37
0	41
0	3
0	0
4	126
0	119
0	19
0	9
0	20
0	19
0	2
0	2
0	0
0	130
1	130
5	63
10	0
0	0
0	0
0	0
0	106
1	0
0	50
0	85
0	23
1	47
0	91
63	172
0	25
0	163
2	85
1	9
0	0
0	0
0	0
0	0
0	0
0	0
0	0
524	7272
457	6486
43	7272
18	2914
37	23
0	120
30	3
3	52
5	20
0	20
2	41
0	39
0	39
0	39
0	39
0	34
687	1201
10	664
0	837
1	173
45	18
315	141
0	145
8	59
0	27
0	1
0	0
0	0
0	1
0	1
1	0
0	0
0	0
0	1
0	0
0	0
0	1
0	1
0	0
191	94
5	74
0	7
0	60
0	20
0	39
0	0
0	0
0	0
0	0
0	0
0	0
0	0
0	0
6	0
1	380
0	414
30	8
17	28
10	56
6	0
1693	0
0	0
0	0
711	75
0	52
0	11
0	1
0	13
1	41
4	6
0	10
0	6
0	2
1	0
0	0
0	0
0	0
0	0
0	0
0	0
6	0
0	0
281	0
5	6
0	6
0	1
0	2
0	1
0	1
0	0
0	0
0	0
0	0
0	4150
41	61
179	4211
245	41
0	5
1	36
1	637
66	2
0	145
12	32
4	605
132	22
0	22
0	0
0	0
0	0
0	32
0	32
2	31
2	2
1	1344
0	0
0	0
0	0
0	0
2	0
4	1344
0	579
34	44
0	745
0	44
43	24
0	45
0	745
1	139
1	139
0	27
0	0
17	104
1	6
0	9
10	113
0	10
0	0
0	0
0	0
0	0
0	0
0	0
1	44
0	44
1	43
4	10
1	0
2	0
0	0
0	0
0	0
0	0
0	0
0	4
0	4
0	4
0	0
0	0
0	0
0	557
0	150
6	196
6	514
0	155
1	0
1	28
43	97
11	46
7	29
0	514
2	0
0	0
0	0
0	0
0	0
69	438
0	448
0	62
0	42
0	442
0	0
0	0
0	0
2	0
0	220
2	205
0	91
4	11
4	52
1	107
0	27
5	81
0	14
0	14
0	6
0	7
1	5
3	5
0	0
0	0
12	1
0	1
86	8
4	8
0	0
0	0
26	47
0	43
0	47
0	47
0	12
0	2
0	15
0	116
72	25
9	32
372	1170
37	143
0	1185
0	0
0	0
0	0
0	0
13	35
1	32
0	0
0	0
0	0
0	0
0	0
0	0
0	0
0	0
0	0
0	2
0	2
0	2
0	146
0	6
3	54
21	28
0	20
0	149
0	19
0	17
0	12
0	4
0	13
0	6
0	0
0	0
0	0
2	0
0	0
455	654
1	654
48	110
0	0
0	0
113	1048
11	1022
1	28
0	13
13	13
28	12
1	3258
0	3402
0	232
0	82
16	253
245	1867
3	1401
4	1377
3	1349
1	1103
12	278
21	1
98	138
40	213
0	208
0	215
0	132
0	38
83	0
6	0
0	70
0	44
3	0
1059	190
4	190
0	0
1	2
0	2
0	6
0	0
0	0
0	0
1	1876
0	538
91	1873
8	301
2	294
6	427
3	310
6	219
0	0
0	0
0	0
0	0
0	0
0	0
0	77
0	47
33	161
3	1202
6	170
0	1072
3	1167
0	1116
0	0
0	245
25	873
0	138
0	166
1	122
2	411
1	113
0	167
85	103
0	64
0	61
22	62
0	80
0	30
0	3
0	107
0	105
0	0
0	0
0	0
0	0
0	2
1	22
0	15
14	53
20	51
0	52
4	1
3	194
0	190
0	22
0	34
0	26
0	38
2	34
0	23
1	317
9	321
0	318
0	308
0	1
73	65
0	0
0	8
0	12
0	15
0	42
9	90
0	55
0	90
1	54
3	7
7	59
0	39
0	0
0	0
0	0
0	1
0	1
1329	395
0	388
14	25
0	106
0	37
48	0
0	1
0	13
2	1
0	0
0	1
0	13
0	0
0	1
0	0
0	0
580	93
0	93
5	1918
1	837
6	1668
6	37
12	100
13	95
1	97
0	0
0	0
0	0
0	0
0	0
0	0
0	0
0	0
2266	358
34	358
0	182
0	351
16	351
13	1134
0	1103
0	131
0	863
0	114
12	85
35	177
1	31
0	68
6	59
0	22
2	49
1	2688
37	3053
0	387
2	1239
5	132
24	195
5	634
55	495
0	1
0	1
1	0
0	0
0	0
0	319
0	305
0	309
0	254
0	21
14	117
2	11
2	23
0	31
0	20
1	25
12	0
0	17
0	16
0	0
8	4415
1	4415
15	492
0	29
1	28
5	15
0	7
7	5
0	30
312	149
0	21
0	125
0	147
0	66
0	23
0	17
0	22
0	0
0	3
0	3
0	6
0	1
0	1
0	0
0	0
0	0
338	0
0	1790
0	345
5	689
3	416
0	1726
0	552
1	345
2	160
0	0
0	0
46	20
0	20
0	1388
1	1334
0	1353
3	1368
3	1298
0	65
4	49
3	133
5	18
0	39
0	1
0	1
0	1
0	1
7	3373
0	842
31	3060
0	0
4	0
169	2395
8	2305
37	253
0	2137
149	108
0	382
44	3
0	0
0	0
0	0
0	0
0	0
0	0
0	0
0	0
0	0
0	0
0	0
0	0
0	0
0	0
0	0
0	0
0	0
0	0
0	0
0	0
0	0
2	43
224	63
9	24
0	20
57	1
0	1
4	0
0	1835
2	1240
21	17
8	366
18	185
23	146
0	94
0	1835
666	1648
0	1535
3	465
1	154
1	276
8	114
0	211
0	530
0	15
0	535
15	11
0	155
0	1
0	1
0	0
0	0
0	0
0	0
0	0
0	0
0	0
0	0
0	0
0	0
200	123
1	123
0	0
0	0
0	0
0	0
47	0
33	0
16	55
0	51
0	1
6	21
0	4
176	113
0	38
0	92
0	53
5	9
1	10
154	186
0	179
0	0
0	25
9	17
2	7
0	0
0	1
0	230
0	77
0	30
0	185
0	168
3	112
2	153
0	155
6	89
3	106
743	0
0	0
0	0
0	0
0	0
0	50
0	58
0	47
0	35
7	13
4	0
0	0
0	0
0	398
0	409
0	358
5	76
0	17
2	22
1	42
0	140
0	0
0	0
0	0
0	0
0	0
0	0
0	0
0	0
0	0
0	0
0	0
0	0
0	0
1	0
0	0
4006	1283
46	13
88	1264
0	1039
157	2
136	6
0	10
0	7
0	0
1	0
0	0
0	0
2	0
0	0
0	10
61	29
3	29
20	38
0	38
0	3
0	0
0	0
0	33
0	19
0	1
0	0
0	1
0	0
0	0
0	0
0	0
0	135
9	132
0	46
0	37
1	53
0	26
0	13
21	10
0	0
0	0
5	0
0	33
499	1441
56	1026
4	1333
98	1282
0	210
34	476
6	3
49	37
4	91
0	0
0	0
0	0
0	250
3	249
33	7
8	218
402	183
0	183
0	24
1	31
0	31
0	0
0	0
0	0
0	0
0	0
0	0
0	0
0	0
0	0
0	0
0	0
0	0
0	0
0	0
0	0
0	0
0	0
0	0
0	0
0	0
0	0
0	0
0	0
0	0
0	0
539	0
0	0
0	0
0	0
0	192
9	182
8	58
9	129
0	197
21	187
0	52
0	192
0	10
18	94
0	22
0	111
0	21
0	32
0	17
0	49
24	237
0	237
0	27
0	22
0	52
0	77
20	77
0	0
0	0
0	0
0	0
0	0
0	0
0	519
2	515
0	509
12	465
5	522
1	68
0	472
4	45
4	490
81	3
0	2
0	31
0	78
0	20
1	29
0	37
1	88
0	48
0	4
46	27
8	0
0	466
0	437
0	455
0	411
0	0
0	0
0	0
0	0
2	106
0	106
0	32
0	12
0	6
0	18
0	19
0	12
1	35
0	3
0	89
3	91
3	33
3	8
0	91
80	87
0	63
0	45
0	0
0	0
0	0
0	0
0	0
10	0
0	0
0	0
0	0
0	0
0	0
0	0
0	0
0	0
0	0
0	0
0	0
0	0
0	0
0	0
0	0
0	0
1	356
1375	767
6	158
10	125
0	181
0	87
0	70
0	0
0	0
31	183
0	167
2	133
0	50
1	139
0	21
0	53
0	0
0	0
0	0
1	0
0	0
3	0
0	0
0	0
0	0
0	0
0	1
0	43
0	43
0	5
0	10
0	0
0	0
5	314
0	157
1	329
5	9
0	90
0	29
0	331
0	67
0	50
266	170
0	138
0	53
0	141
0	125
0	66
1	78
0	92
7	13
10	45
1	29
0	0
0	0
0	0
0	0
11	0
24	266
27	268
0	20
0	47
0	44
0	6
139	23
1	23
0	133
0	25
0	454
0	454
0	383
0	383
14	454
26	68
0	71
3	5
0	11
0	4
4	375
13	375
0	83
0	36
106	575
0	575
3	0
5	1
15	1
3	1
0	0
0	108
0	117
0	3
0	11
1	2
0	9
943	4
0	1
2	1
0	19
0	20
0	20
0	1
0	3
2	0
1	4
0	4
0	0
0	0
1	73
1	81
0	80
0	6
0	0
0	0
0	0
0	0
0	0
0	0
0	0
0	0
0	0
0	58
1	643
3	70
6	642
0	643
0	0
0	0
0	0
0	0
0	0
0	0
0	0
0	0
3	2
3	2
243	1770
40	1770
0	1093
11	913
38	0
144	1201
1	1200
26	119
1	219
14	471
31	146
3	107
0	27
0	0
0	0
0	0
0	0
0	0
0	0
0	0
0	0
0	0
0	0
0	0
0	0
0	0
0	1
0	0
0	928
84	997
1	995
0	446
0	316
3	152
0	0
0	0
0	0
0	0
0	0
0	0
5	116
0	162
0	147
0	151
0	104
0	148
0	84
0	0
0	0
0	0
0	0
0	0
0	0
0	0
0	0
0	0
0	0
0	0
0	0
0	0
11	1584
0	1666
174	1653
159	0
0	348
0	95
0	332
0	136
5	1127
0	250
0	1169
12	564
1	1075
51	1
0	1150
5	602
0	95
0	108
0	0
0	0
2	11
1	0
0	6
0	0
0	5
0	4
1	4
0	72
21	328
0	826
1	401
0	22
0	751
4	760
144	415
4	148
1	17
0	9
0	10
4	103
0	85
0	833
0	0
0	0
0	0
0	0
0	0
0	0
0	0
0	0
0	0
0	0
0	0
0	0
0	0
0	0
0	0
3	2
17	37
10	37
0	31
15	31
9	23
0	23
4	2
17	18
1	19
0	2
0	29
0	5
0	13
0	5
0	4
0	7
0	2
0	2
0	4
0	4
0	3
0	1
0	3
0	0
0	2
0	0
0	29
11	302
2	300
0	67
15	66
0	110
0	47
0	2
0	13
1	348
4	339
16	308
0	47
4	28
9	258
22	258
0	1
0	1
1	0
12	373
10	373
11	9
2	3
1	0
0	0
0	0
0	0
5	63
251	201
0	138
0	9
0	9
0	9
0	6
0	6
2	0
0	7
0	7
0	2
0	9
1	207
0	40
6	207
1	11
0	37
0	6
0	25
0	21
0	10
0	8
0	14
0	13
0	0
0	0
0	0
0	0
0	0
22	1
0	0
0	0
0	0
0	1
0	0
1	42
0	89
35	323
1	86
3	52
3	56
0	23
0	125
1	41
51	36
0	19
0	18
19	0
0	14
0	1
3	1
4	1966
0	0
0	0
178	1343
40	1343
0	0
0	0
0	0
310	2
3	2
602	0
0	0
0	0
0	0
0	0
7	12
0	3
0	4
0	0
0	6
0	7
0	4
0	0
0	437
0	399
1	225
49	127
0	115
2	105
12	89
0	457
0	0
16	7
0	7
0	0
0	0
0	0
0	0
0	0
0	0
0	0
0	0
0	0
1	7
159	79
26	52
2	29
0	36
0	0
0	0
0	384
0	557
10	325
11	277
4	286
30	37
131	177
28	118
0	104
1	12
0	9
0	0
0	0
19	4849
225	1429
8	5719
0	5711
0	436
0	1263
0	223
62	229
0	191
0	13
0	13
0	13
0	0
0	0
33	274
0	254
13	34
6	28
2	62
1	3
0	3
0	0
0	0
0	0
0	0
112	411
0	411
0	146
0	0
0	0
0	0
0	0
0	0
0	0
0	0
0	0
1	586
0	65
0	0
0	0
1	0
8	2306
13	605
87	2367
18	148
5	121
0	0
0	0
0	68
0	9
0	61
0	8
1	11
3	53
0	14
18	5
0	30
0	54
0	51
5	353
0	313
4	348
1	0
0	33
0	195
8	21
0	742
5	21
11	295
3	110
0	579
7	690
31	54
0	75
0	75
0	15
0	1
0	23
24	64
10	8
0	60
2	15
0	62
0	49
0	3
0	20
0	0
0	0
0	0
0	0
0	0
0	0
0	0
252	464
2	79
1	273
18	179
0	124
0	181
0	113
2	11
0	15
7	2
2	0
0	0
0	0
2	30
0	6
0	22
5	46
0	41
0	18
1	42
0	362
1	337
10	250
0	63
0	72
0	97
0	0
0	0
0	0
1	0
0	0
0	0
0	0
0	0
428	2839
1	1290
11	548
0	236
30	580
0	1229
3	126
0	237
0	121
14	115
125	11
0	10
2	1
0	10
0	521
0	483
10	122
0	73
67	0
9	16
0	58
0	104
0	81
1912	13611
15	11877
8	7196
18	5093
1	0
2	0
0	0
0	0
11	0
0	3
0	0
3	0
0	2
0	2
0	0
0	3
0	8
0	8
0	40
0	5
0	33
0	32
0	0
0	2
0	2
0	40
4	437
55	445
3	53
6	49
15	3
0	13
0	23
0	0
0	3
0	3
0	2
0	0
0	2
0	0
0	0
0	1
0	1
0	0
0	0
0	19
3	19
0	18
0	18
0	17
0	0
928	15
10	15
4	0
650	1326
8	1215
13	1292
1	293
73	1158
0	38
77	555
2	114
0	38
0	41
0	3
0	31
0	41
0	35
0	35
339	60
0	34
0	0
0	0
0	0
1	3
0	3
0	447
0	604
0	512
20	81
2	63
10	150
10	0
0	201
2451	440
10	151
3	88
0	1
0	2
0	2
0	2
0	1
0	0
1	0
0	0
0	0
5	205
0	207
39	84
146	407
2	3
0	83
51	2
21	246
0	0
155	0
7	347
5	89
0	90
8	74
0	329
0	1
0	1
0	1
0	0
0	1
0	1
39	364
0	829
0	816
0	1068
0	1075
0	792
0	563
69	482
0	1150
1	193
0	381
0	313
1	367
0	183
0	89
0	110
0	5
0	29
3	138
6	18
0	80
0	0
6	0
0	0
0	0
0	0
22	4083
2	4084
0	4081
0	4083
0	0
0	0
50	135
6	19
0	135
0	91
0	26
2	30
0	0
0	0
10	8164
7	8072
0	1729
13	1911
10	2057
0	0
0	0
0	0
0	0
0	0
0	0
0	0
0	0
0	0
0	0
0	0
0	0
0	0
5	2
0	5
14	7
0	4
3	153
0	255
5	321
2	394
0	155
0	51
502	934
1	828
0	726
11	124
53	400
0	0
0	0
0	0
0	0
0	0
0	0
0	0
0	1369
0	1364
0	1351
0	165
0	188
40	25
0	45
0	1399
0	1388
1	268
1	101
8	0
0	268
55	60
0	60
0	0
0	0
0	0
0	389
3	382
0	22
0	38
0	31
0	0
1	0
12	0
273	327
9	170
2	317
0	0
0	0
0	0
108	58
0	46
0	20
0	0
0	0
0	0
0	0
0	0
0	0
1	0
0	0
0	0
0	0
0	0
0	28
0	28
98	0
6	0
0	0
0	52
0	18
8	278
0	267
0	55
0	54
2	45
0	26
0	30
0	24
1	12
0	29
0	36
0	31
0	179
0	33
9	43
0	171
0	176
9	6
0	14
0	30
0	24
2	21
5	12
0	76
14	316
1	392
0	445
4	206
0	0
0	0
0	0
0	0
0	1
0	1
0	1
0	0
0	1
0	0
0	0
0	1
0	1
0	0
415	2
1	97
0	28
4	98
0	98
98	4
0	4
4	196
0	183
0	66
20	46
0	63
0	55
3	43
7	49
1	25
5	495
16	495
4	29
0	8
0	17
0	16
1	15
0	937
4	68
0	23
0	839
0	484
0	58
0	0
173	152
1	152
1	41
48	108
20	232
15	223
1	45
135	3028
27	995
0	92
51	2033
226	80
0	9
0	33
1	16
1	0
16	7
0	0
30	326
1	11
0	16
0	29
1	2
0	324
0	0
0	0
8	6
1	322
15	431
131	703
2	129
1	618
0	119
0	0
2	37
0	1
0	41
0	40
0	42
0	4
0	39
0	34
0	65
58	57
0	0
0	0
0	0
183	0
0	0
0	0
0	0
0	0
1	0
0	0
0	2970
1	2470
6	3033
3	3029
0	95
0	373
35	253
1	506
97	28
0	14
2	18
8	698
43	704
0	105
24	81
0	700
18	1
0	0
0	3
0	0
0	3
2	8
0	11
0	10
0	2
3	2
0	1
0	1
0	0
0	0
0	0
0	0
0	0
0	0
0	0
0	0
0	1
1	6
0	4
0	6
0	4
4	4
0	0
0	0
0	0
0	0
0	0
0	0
0	0
0	0
0	0
0	0
0	0
0	0
0	0
2	0
0	35
2	9
0	20
0	31
0	31
2	55
1	55
1	168
509	476
0	467
0	461
14	148
362	0
502	68
0	68
58	287
18	280
0	5
0	26
0	16
2	31
0	18
8	19
0	12
4	18
4	4
50	840
6	838
0	119
780	219
46	219
0	81
4	58
0	0
0	0
0	0
0	0
0	0
0	0
1	239
3	428
0	430
27	30
0	0
0	0
0	0
0	0
0	0
208	83
8	253
87	230
0	215
0	5
3	26
0	29
0	30
0	30
1	103
1	101
4	15
0	16
0	9
0	9
0	26
1	13
3	4
0	0
0	0
0	13
37	108
0	106
0	0
0	0
0	0
0	0
0	0
0	0
0	0
0	0
0	0
0	0
0	0
0	0
0	0
0	0
0	0
0	0
0	0
0	0
0	0
0	6
0	6
0	0
0	6
10	1674
5	63
229	1635
10	7
0	1634
11	81
26	0
0	0
0	0
26	326
0	16
0	15
0	197
0	326
56	917
2	917
0	89
10	106
0	80
18	4
0	3
0	3
22	8
0	8
0	0
0	0
0	0
0	0
0	0
0	349
0	344
1	255
32	195
1	18
1	35
0	58
0	56
0	1
0	7
0	5
0	0
0	5
0	7
0	5
0	7
0	2
0	7
0	0
0	0
0	0
0	0
0	0
0	12
0	4
0	12
0	12
0	0
45	85
0	85
2	6
1	21
188	2
4	2
0	4
0	4
0	0
1	0
0	0
0	1
0	0
0	0
0	0
0	0
0	0
0	52
0	52
0	52
0	43
0	52
0	6
0	3
0	2
131	0
0	9
0	3
0	9
0	1
0	1
0	1
0	1
87	197
0	197
0	147
44	49
0	3
0	0
0	3
5	11
0	10
0	11
0	11
0	1
9	151
0	122
12	56
7	102
0	21
0	31
2	32
1	27
0	48
0	33
0	0
0	0
0	0
0	0
0	0
0	0
0	0
12	35
0	0
0	0
0	0
1034	1235
4	765
0	470
22	13
1	13
0	0
0	0
0	0
0	0
0	0
0	0
216	0
20	0
0	16
0	53
449	506
0	156
1	340
3	283
0	0
0	0
0	0
0	0
0	0
0	0
0	0
0	2587
0	2485
0	1669
0	1567
0	1038
42	483
0	688
11	160
0	496
0	720
772	48
0	0
0	0
1	13
0	13
0	0
0	40
0	40
3	25
1	304
3	235
2	231
0	49
0	233
0	260
11	26
0	73
0	0
0	71
0	71
204	82
14	73
3	343
0	354
0	27
3	306
13	0
7	1
0	505
3	25
0	7552
0	53
1	29
0	36
0	17
0	21
0	7725
0	41
7	7549
0	53
6	0
0	0
0	0
0	0
4	1590
2	1484
6	806
1	167
2	47
4	9
0	0
210	1009
0	642
21	778
0	509
9	788
1	26
2	103
3	395
0	0
0	0
0	0
0	0
101	17
0	17
15	495
3	2096
0	2017
0	163
0	260
0	2087
4	96
0	966
0	975
7	308
1	368
0	235
1	45
0	19
0	3597
47	399
3	95
3890	788
0	209
0	188
14	383
0	0
0	0
0	3
0	1
1	2
0	0
3	355
1	341
1	45
0	0
3	104
0	4
4	1
40	103
0	33
0	103
0	46
20	2863
2	1977
0	977
0	976
1	416
4	2860
8	293
1	115
0	114
0	69
11	52
0	62
24	104
0	57
0	23
1159	2428
0	1037
0	1995
0	1819
0	0
0	1
1	1
0	0
0	76
0	41
0	76
0	28
1	61
828	127
0	72
10	126
6	45
0	0
0	0
0	255
114	255
0	178
48	0
0	124
0	0
0	0
0	0
0	0
0	0
602	637
9	432
26	451
0	0
0	0
0	0
0	0
3	26
1	0
0	26
3	2145
17	8784
0	7911
0	7946
0	392
0	637
0	0
0	0
69	0
0	1183
0	728
20	364
166	1473
5	570
0	555
0	329
0	1130
0	1233
0	2738
0	105
23	131
2	350
6	249
15	249
23	8590
0	8728
0	2
0	2
78	0
7	277
0	517
0	529
0	525
0	12
0	71
5	45
0	67
0	42
0	15
0	29
0	2
60	85
0	82
0	85
0	5
0	38
1	576
0	580
0	186
6	185
1	104
10	19
1	77
2	2
0	23
0	104
0	2
0	2
0	2
0	78
0	72
0	13
0	0
0	0
2	305
0	325
0	303
25	0
0	1
0	1
0	0
0	0
0	0
0	0
0	0
0	0
0	0
0	0
0	0
0	0
0	0
0	0
0	0
0	0
0	0
0	0
0	39
2	117
510	349
1	334
0	190
0	77
2	99
0	334
0	38
0	38
5	39
1	0
0	12
0	11
0	38
0	25
0	26
5	291
0	351
0	98
15	166
4	188
3	151
4	124
0	92
54	17
0	3
0	0
0	0
0	0
0	0
0	0
0	0
0	0
0	0
0	0
0	0
2	0
0	151
0	152
7	145
0	182
0	271
0	266
0	177
5	129
0	177
1	68
0	108
0	153
0	91
7	54
0	814
0	814
59	860
11	27
2	41
46	29
327	234
0	45
0	193
0	171
7	116
6	69
0	0
0	0
0	0
0	0
0	0
0	0
0	0
0	0
0	15
0	15
0	15
0	0
0	0
0	0
1	314
2	219
0	260
4	27
0	0
2767	502
3	339
35	163
8	1
121	16
0	16
34	4159
5	1168
0	1683
0	1242
0	1599
9	170
0	4155
1707	1331
5	975
0	356
7	0
64	667
3	652
0	652
2	652
8	95
0	114
1	114
75	15
0	0
0	0
0	0
0	0
0	0
0	2
82	19
5	19
0	4
0	12
0	12
1	171
2	92
0	127
0	153
1	33
22	750
0	0
0	0
0	0
0	0
0	0
0	0
0	0
0	0
0	0
0	0
172	594
0	48
3	86
0	86
40	30
0	48
0	46
11	54
0	60
0	46
0	6
0	35
2	12
0	22
0	25
0	43
0	25
0	4
0	4
0	0
0	4
0	0
0	0
5	72
4	72
0	5
159	32
0	32
0	0
0	0
0	0
0	0
0	0
0	23
0	411
0	9
4	602
0	119
0	553
2	68
0	639
0	93
0	7
5	7
0	7
0	0
0	0
3	4
0	4
0	0
0	55
0	90
5	273
10	304
0	405
0	480
0	458
24	376
0	51
289	107
3	107
3	147
301	178
0	151
0	12
37	57
1	32
6	33
0	151
10	1
21	337
35	872
32	872
28	303
18	1
6	937
0	56
0	785
0	462
0	482
0	936
27	60
1	42
0	0
0	0
0	0
0	0
0	0
1	15
0	17
1	1
0	15
0	0
0	4
0	8
0	43
0	128
0	114
0	128
0	30
0	99
0	99
7	85
20	54
0	0
316	340
0	1150
6	855
4	550
399	651
1	68
3	50
0	97
18	509
0	144
0	58
14	205
4	53
0	182
0	14
0	2
0	14
0	13
0	13
0	0
0	0
0	0
0	0
0	7
0	4
0	2
0	2
0	4
0	2
317	251
19	297
15	166
21	185
0	92
0	101
11	49
0	4
0	0
0	0
0	0
3	3570
0	1966
2	61
247	3249
1	137
7	59
134	1404
565	498
0	513
51	94
7	61
4	28
0	0
0	0
2764	795
0	795
0	0
0	19
0	63
0	0
0	0
0	0
0	0
0	0
0	0
0	0
0	0
0	0
36	48
0	118
39	139
0	83
0	129
0	43
0	15
2	42
0	8
0	17
17	26
114	155
2	140
0	16
1	137
0	37
2	62
12	62
0	0
0	0
0	0
0	0
2198	173
0	130
1	128
0	64
25	94
0	92
0	94
2302	917
3	450
7	473
0	18
15	476
1	461
7	20
0	21
0	146
2	27
0	60
2	1067
0	1025
46	543
0	1033
0	995
0	7
0	7
0	4
1	0
97	296
0	60
0	275
6	96
37	129
31	288
0	270
0	237
0	139
0	24
86	75
1	43
0	482
14	482
1	452
1	63
3	158
27	23
3	197
0	643
3	663
0	653
0	690
8	47
0	94
11	89
0	11
0	670
0	0
0	0
0	0
0	0
0	0
3	4196
143	5058
110	24
0	5036
0	0
0	0
0	0
0	0
0	0
0	0
0	0
0	0
232	180
1	180
3	180
0	180
0	0
0	0
0	0
0	0
0	0
0	0
0	0
0	0
595	164
1	60
5	104
1925	351
0	97
1	91
0	100
0	51
0	23
52	59
7	59
0	0
682	272
13	794
0	1329
0	346
45	458
6	108
0	148
3	148
4	10
4	670
8	601
14	53
3	366
18	366
17	105
0	234
0	205
0	205
1	24
23	0
0	83
9	30
0	31
0	0
0	0
848	3323
13	51
3	83
0	174
0	209
0	183
7	206
0	197
209	142
0	162
31	800
0	1019
0	132
114	522
3	1594
0	723
2	458
6	531
0	313
2	260
0	185
16	24
0	179
50	186
0	178
4	125
0	35
3	59
1	59
0	1
1	1
12	716
0	641
13	568
4	55
15	399
0	147
19	5
0	131
8	57
7	612
0	441
0	541
1	577
6	29
53	116
0	126
0	1
36	48
0	0
58	32
0	32
0	0
0	0
0	0
0	0
0	0
0	0
0	0
0	0
0	0
0	0
0	0
0	0
0	0
0	0
0	0
0	0
0	0
257	0
0	0
0	0
0	0
0	0
0	0
0	0
14	0
0	0
0	0
0	4
0	4
0	4
0	1
0	1
0	1
0	1
0	1
0	0
0	0
0	0
0	0
7	103
0	2
0	132
0	78
0	51
0	16
0	45
0	40
0	45
5	39
1	35
234	1026
0	1010
1	265
2	144
9	0
0	0
0	0
1	1
0	3
0	3
0	1
0	0
0	0
0	0
0	0
0	0
0	0
0	0
0	0
47	1416
0	1707
0	1688
4	380
0	87
60	638
0	612
13	479
0	509
0	97
0	262
0	268
0	292
1	241
0	8
12	0
56	337
19	474
0	53
0	111
5	146
0	427
0	221
7	212
32	43
0	0
0	0
0	0
0	0
0	0
485	2072
54	439
5	415
0	198
0	30
0	24
122	73
0	401
21	100
3	100
0	9
3	11
0	0
0	2
1	3
2	1
0	3
0	3
102	957
3	23
0	7
0	0
0	23
241	0
0	0
0	225
7	227
2	181
0	120
166	18
0	0
0	0
2	4
0	0
1	0
0	0
0	3
0	4
0	4
0	0
0	0
18	91
6	91
190	500
2	21
0	457
22	250
1	361
0	27
0	10
0	0
21	230
5	230
0	15
35	29
1	26
0	0
0	27
0	197
21	197
0	55
1	27
2	0
0	0
0	0
0	0
0	0
0	0
0	0
0	0
0	0
0	52
0	15
0	28
0	12
3	1
444	1795
1	172
3	148
4	38
0	0
0	0
0	0
0	0
0	0
1	0
0	0
0	133
3	133
2	6
7	8
251	1912
4	632
17	382
0	0
0	0
0	0
0	0
0	0
0	0
0	0
0	1660
0	1705
0	153
0	1343
0	141
1	106
0	436
0	203
1	313
18	24
75	321
3	172
11	6
1	23
0	14
0	1
0	23
0	44
0	40
0	41
4	0
2	4
0	40
0	4
0	37
0	30
0	39
5	4
0	9
0	25
5	35
2	27
0	0
0	0
0	0
894	1662
121	1414
0	324
12	843
0	0
0	1178
5	0
37	272
47	155
7	231
24	614
17	415
0	5
0	5
0	5
0	3
0	211
0	183
0	189
9	87
27	39
0	37
0	0
0	0
0	0
0	0
0	0
0	0
17	3
0	1
1	0
0	2
588	179
0	62
0	179
595	1304
0	1168
47	1263
8	45
0	238
2	266
44	198
0	12
2	10
0	9
0	9
0	12
0	8
0	8
0	20
0	117
0	181
5	23
0	97
0	87
9	95
0	118
0	80
0	31
0	17
0	77
0	24
0	97
0	83
1	0
2	18
3	94
0	17
0	100
0	21
0	21
0	16
3	91
0	11
1	11
0	71
0	20
0	23
3	76
0	17
0	69
0	77
0	11
1	14
0	64
0	41
13	5
0	6
0	69
0	13
0	9
0	14
0	19
0	13
1	76
0	20
0	25
0	20
0	22
0	88
10	2
0	1
0	15
0	12
0	23
3	12
0	60
17	5
28	46
0	23
0	180
0	33
0	145
0	145
1	33
4	11
8	5
0	0
0	0
0	0
0	0
1	1
0	1
0	1
14	7
0	593
6	1166
91	1267
30	249
0	122
3	117
22	306
5	439
0	211
0	137
1	211
0	1
0	1
0	0
0	0
0	0
0	0
305	0
4	28
0	6
0	19
0	28
0	8
2	17
0	183
8	39
0	0
8	0
0	182
3	23
0	0
0	0
0	0
0	0
0	0
0	0
0	0
0	2
0	2
1	0
0	1
0	0
0	0
0	0
0	1940
93	8115
4	692
0	2945
4	47
19	219
7	109
2	280
2	255
10	145
1	230
0	8122
187	499
2	242
0	263
0	204
1	2
0	2
0	0
0	0
0	0
0	0
0	0
0	0
0	0
0	0
0	103
10	18
0	75
1	75
0	9
0	10
0	1
0	0
0	0
0	0
0	0
3	3
0	3
0	3
0	0
0	0
0	0
0	0
110	94
0	65
1	65
0	42
0	39
33	2
0	12
6	6
0	2
3	29
35	1145
0	938
20	1138
0	182
2	134
0	345
2	146
0	0
0	0
0	0
0	438
1004	2755
38	1478
10	2354
39	2716
6	52
0	2205
0	0
0	0
0	0
0	0
0	0
0	64
0	45
0	64
0	58
822	98
11	53
1	48
16	45
0	0
0	0
2	0
535	487
8	365
4	414
0	14
1	18
20	20
0	0
0	0
0	0
0	0
0	0
0	0
0	0
81	2409
0	445
3	1752
0	1138
4	26
0	1779
25	572
1992	644
0	0
14	644
1289	231
5	46
0	214
0	0
0	0
0	0
0	0
0	0
0	0
1330	2136
24	585
24	413
13	640
35	509
0	0
0	0
0	0
0	0
0	0
0	0
0	0
0	0
0	0
0	0
0	0
0	0
0	0
410	183
2	156
4	27
0	0
0	0
0	0
1	3
0	3
0	0
0	0
0	2
276	137
3	18
10	137
9	137
0	33
33	35
0	23
0	335
6	327
0	324
11	293
2	122
6	66
3	17
0	324
0	0
0	0
0	0
0	2
0	2
0	2
0	2
0	0
0	486
0	427
5	86
0	435
0	338
0	92
0	143
1	39
0	67
13	50
0	16
2	311
6	0
0	311
0	0
0	0
0	0
0	0
216	50
15	50
236	180
3	96
0	84
0	0
0	0
0	0
0	0
36	22
0	22
0	0
0	6
67	16
0	4
4	6
0	10
0	0
0	0
0	0
0	0
0	0
0	0
0	0
0	0
0	0
0	0
0	0
0	0
0	0
0	0
0	0
0	0
0	0
0	0
9	152
6	144
18	86
4	14
18	2
28	11
0	33
4	16
0	0
0	0
0	0
0	0
0	1
0	1
0	1
0	0
0	0
0	0
160	184
0	2
0	99
2	59
2	184
0	1
0	1
0	0
0	0
25	1539
0	3
4	2
0	2
0	0
0	0
0	0
0	0
0	0
0	0
75	759
0	181
3	181
0	118
2	181
0	1
0	147
0	3
0	17
0	15
0	9
4	1
2	50
0	63
28	19
0	19
0	19
0	0
0	0
0	0
0	1884
61	323
1	34
4	1757
0	1830
0	1616
0	1616
0	1610
15	1409
18	2
0	1317
0	1475
0	1272
0	1367
0	1402
0	11
0	63
31	107
2	114
1	42
60	113
10	97
0	1820
0	1816
106	1075
10	501
3	655
1	543
5	63
3	2
8	1094
1	1122
3	222
0	54
0	76
2	252
3	2
14	26
1	201
0	0
0	1
0	1
0	0
0	0
1458	22
0	12
0	16
0	51
3	51
0	2
0	2
0	10
0	0
1	0
33	10119
5	8394
12	9592
0	0
0	0
0	0
0	0
229	54
0	21
1	52
0	19
0	0
1	66
0	1
4	64
0	44
0	41
0	0
0	0
0	0
0	0
0	0
0	1514
7	1514
5	0
0	0
3	0
0	0
156	107
0	107
0	42
1	5
1416	319
157	0
2	9
0	9
365	721
1	717
62	2849
3	2746
2	915
85	14
47	8
0	0
0	0
0	2
0	2
0	1
3	1
0	0
0	3
0	3
0	1
0	0
0	0
0	1
0	0
0	1
0	0
0	0
60	139
0	4
0	139
0	25
0	115
0	0
0	0
0	1
0	0
0	0
0	1
0	0
0	0
0	0
0	71
0	74
1	51
1	9
14	18
0	9
0	9
0	1
0	1
0	0
0	92
32	167
0	155
27	1103
0	1483
1	1380
2	43
44	369
6	365
0	88
4	139
1	0
0	0
6	0
0	141
7	761
0	612
0	308
1	262
0	260
0	103
0	154
0	296
23	357
1	0
0	0
0	10
55	38
0	28
26	0
0	0
0	0
0	0
0	0
0	0
0	5
1	0
0	10
0	5
0	4
0	4
0	3
0	2
0	7
0	0
0	0
0	25
0	64
0	65
0	129
1	456
0	161
0	0
0	39
0	65
2	265
0	363
0	20
0	54
0	40
0	456
0	456
0	456
0	452
11	232
0	204
0	101
7	232
6	75
0	219
0	0
0	0
35	0
0	0
0	0
0	0
0	0
0	0
0	0
0	0
0	0
0	0
0	0
0	0
0	42
0	12
0	40
0	40
0	39
0	39
0	3
0	0
0	0
0	8
0	4
0	1
0	2
0	0
0	0
0	1
0	1
0	830
1	2
0	725
0	842
0	229
1	27
3	248
2	3
0	154
0	830
0	0
0	0
0	153
0	77
0	152
0	21
0	99
0	4
0	24
0	23
0	8
0	0
0	0
0	0
1	0
0	0
0	8
0	7
0	8
0	2
0	0
6	0
0	0
18	81
163	390
0	390
0	105
1	87
0	76
0	54
2	47
30	0
5	1146
3	1167
18	39
1	251
4	189
0	416
2	265
0	82
11	137
0	338
27	81
0	0
0	0
0	1
0	3
0	3
0	0
0	13
0	0
2	7
4	7
1	12
7	396
0	400
1	94
1	86
0	158
0	130
0	143
7	91
1	10
0	0
0	1
0	0
0	0
0	0
0	0
0	0
0	0
0	1
26	426
0	95
0	399
0	393
2	18
3	120
0	5
29	6434
0	2
0	2
0	2
0	0
0	0
0	2
0	2
0	2
0	0
0	0
0	0
0	4
0	0
0	0
0	4
0	0
0	0
0	0
0	0
0	0
0	0
0	4
0	0
56	412
28	410
0	0
0	0
0	0
0	0
0	0
0	0
0	0
0	0
0	0
0	155
107	201
1	201
0	160
0	13
113	32
0	18
5	14
0	3
0	3
0	3
0	33
0	33
0	33
0	9
0	33
0	2
0	33
0	0
2	135
0	128
3	40
0	0
0	1
0	1
0	0
1	1
0	0
0	0
0	0
0	0
0	0
0	0
0	0
0	0
0	0
0	3
0	0
2	3
0	0
0	3
0	0
0	0
0	0
0	0
0	0
0	0
0	0
0	4
0	4
0	4
0	0
0	1
0	1
0	3
0	0
0	94
0	90
0	92
0	92
0	92
1	54
0	92
0	208
0	634
0	21
113	208
1	231
1	59
0	634
0	0
0	0
0	0
0	0
18	608
0	332
10	249
0	221
0	96
0	0
0	608
5	297
0	391
0	389
0	201
40	162
4	1
5	1967
0	1967
3	309
0	1881
1	23
0	67
0	41
1	66
2	248
3	31
10	397
0	20
1	154
0	55
0	157
1	24
1	141
0	407
0	18
0	177
0	36
0	18
0	15
0	24
0	109
0	11
19	17
3	14
0	217
0	223
2	190
0	93
1	20
0	48
5	51
0	14
113	215
2	4545
5	4553
134	4387
0	0
0	0
0	0
0	0
0	0
0	0
0	0
0	0
0	0
0	0
0	284
36	434
0	422
0	26
3	26
0	0
0	4
0	4
0	4
0	2
0	4
0	0
0	0
1	0
0	0
0	4
13	83
233	691
17	241
59	379
0	0
2	230
1	222
0	208
4	53
0	8
0	190
0	17
0	79
3	65
0	33
1	105
0	3
0	3
4	294
19	294
35	51
0	49
1	34
0	28
0	28
0	8
0	0
0	28
0	28
0	0
0	0
0	0
0	0
0	0
0	0
0	0
0	0
0	0
0	0
0	1348
2	33
17	1217
2	806
0	1348
0	0
0	0
0	0
0	0
0	0
0	0
0	0
0	0
0	0
0	0
0	0
0	0
0	0
0	0
248	20
0	0
0	0
0	0
0	0
3	5
0	5
0	590
20	804
2	105
6	375
2	351
0	182
5	95
0	0
0	0
0	0
0	0
0	0
0	0
160	133
1	35
7	98
0	54
0	33
25	0
0	1808
0	313
0	311
2	26
1	74
0	255
0	0
0	1808
0	0
47	429
4	62
0	55
0	23
0	196
8	18
6	95
6	148
4	5
0	0
0	0
0	0
0	0
34	12
0	12
0	6
0	0
0	6
0	0
0	0
0	199
0	224
1	185
0	128
3	121
1	24
7	33
0	8
0	498
0	154
0	141
0	496
0	84
5	84
3	29
6	68
0	24
0	0
0	0
0	0
0	0
0	0
0	0
0	0
0	0
0	0
0	0
0	0
0	0
0	0
0	0
0	0
0	0
0	0
0	0
0	0
0	0
0	0
0	51
0	0
0	0
0	0
0	0
2	0
5	0
0	0
0	0
178	0
0	219
0	220
3	220
2	220
1	29
0	28
0	24
96	0
5	66
0	52
1	9
0	41
0	6
0	32
21	0
17	8
0	2
0	6
0	5
2	34
0	68
44	98
0	0
11	25
0	30
0	0
0	0
0	0
0	0
100	1518
106	953
95	919
0	1230
0	76
5	306
69	134
0	1386
0	0
0	0
0	70
0	27
0	11
0	31
0	58
0	0
2	168
13	15
27	178
47	0
1377	2320
11	513
7	240
6	281
1	1112
3	1042
37	740
0	141
0	0
0	0
6	4
0	4
1	0
0	105
0	123
5	334
0	120
13	60
4	157
0	119
0	111
0	219
131	100
0	187
0	66
1	15
2	21
0	0
0	0
0	0
0	0
0	0
0	0
0	0
0	0
0	0
0	2280
32	0
0	1715
1	899
65	208
17	169
38	16
150	55
0	0
0	1
0	1
0	1
0	1
0	1
0	0
0	0
0	0
1	1
0	1
3	24
0	38
0	101
0	116
0	48
0	31
0	30
0	10
0	10
0	1
2	0
0	11
0	12
0	11
0	3
17	3
3	6
160	500
0	448
16	122
0	252
24	0
20	76
8	0
0	0
0	0
0	0
0	0
0	0
0	0
0	4
0	4
0	4
0	0
0	0
0	0
0	0
1	0
0	2
0	2
3	2
0	1
0	13
0	13
0	13
0	13
0	14
0	1
0	1
0	0
0	0
0	14
2487	0
0	10
7	10
828	0
0	0
0	0
0	44
2	44
2	1
0	1
0	0
0	0
0	0
0	0
0	0
0	0
0	0
0	0
0	0
0	0
0	0
0	0
0	0
0	0
0	0
39	16
0	16
0	0
0	0
0	0
0	0
0	0
0	0
2008	235
0	104
4	19
32	133
148	5118
2600	5118
102	59
82	898
2	748
26	684
0	517
17	708
97	459
0	0
34	2603
5	129
18	68
0	83
0	158
0	2400
0	351
9	233
3	102
0	270
0	380
7	364
11	184
0	163
10	48
79	44
0	9
1	31
7	4
7	4
0	0
61	1040
0	1069
15	11793
40	8595
39	9705
0	9812
61	4692
24	412
27	195
0	156
17	173
0	1628
0	955
27	1175
83	2762
0	11901
10	0
0	0
0	0
0	0
0	0
0	0
0	0
0	0
0	0
0	0
0	0
0	0
0	0
0	0
0	272
568	438
0	196
10	377
4	179
0	200
0	3
0	213
0	213
0	207
0	9
1	21
0	23
0	73
6	4
0	16
0	34
0	65
0	39
0	34
0	0
0	17
0	17
0	17
0	41
0	17
0	32
0	21
0	41
0	41
0	33
0	41
0	37
0	31
0	31
0	21
0	26
0	19
0	21
0	5
0	20
0	19
0	28
0	1
0	31
1	17
0	12
0	30
0	22
5	0
0	41
0	0
0	0
0	195
0	172
0	13
0	202
134	18
0	18
0	7
0	6
0	0
3	0
3	1
0	3
0	2
0	0
0	0
195	117
11	43
0	104
0	0
1	26
0	174
11	162
1319	147
0	124
381	3960
0	3571
0	3322
0	1582
7	594
0	634
2	202
0	635
0	843
1	810
0	0
0	0
0	0
0	110
0	110
0	0
30	537
2	537
1	100
7	101
0	0
0	0
0	0
0	0
0	0
0	0
0	0
0	0
0	0
0	0
0	0
60	352
0	334
3	33
1	295
0	187
9	77
0	0
0	0
95	747
0	279
0	57
0	37
6	0
33	154
2	26
3	11
9	103
2	2
4	0
4	357
49	53
0	56
575	1347
3	1347
10	147
0	4
0	151
0	151
12	48
0	26
0	5
0	5
0	0
0	0
0	157
2	149
0	138
0	48
0	146
0	54
11	63
1	61
0	47
1	3
0	3
0	3
0	68
10	23
5	132
0	147
245	133
0	55
1	4
0	6
0	2
0	48
3	11
4	50
0	0
0	127
3	386
12	321
8	169
0	356
0	35
0	0
47	3
0	638
5	607
25	174
25	313
146	285
45	63
3	637
1281	604
1	604
63	50
23	0
72	1054
8	279
3	840
1	337
0	567
0	153
2	15
0	15
0	10
12	12
4	8
0	0
0	0
279	208
0	46
2	162
5	44
3	25
0	3093
28	3567
0	3168
0	3113
14	773
3	287
223	1863
0	540
0	419
2	195
17	0
60	175
0	34
0	43
0	22
0	50
0	76
6	57
6	62
4	611
20	6680
2	623
0	6791
0	6704
2	147
10	182
2	31
0	763
0	5834
0	1021
146	5544
0	611
2	1126
3	1
0	1
0	0
0	0
0	0
0	0
0	0
0	0
0	0
0	0
102	187
0	44
0	30
0	46
37	16
0	79
1	130
0	183
0	0
0	0
0	950
0	974
0	961
0	1014
3	623
0	850
0	707
0	125
0	113
140	276
0	94
0	53
0	101
0	11
0	77
0	40
10	4
0	4
0	1
0	0
230	454
1	371
0	90
0	121
0	356
6	390
1	0
1	248
27	24
0	0
0	0
0	0
0	0
0	0
0	0
0	0
0	0
0	0
4	553
0	22
0	540
0	0
0	0
0	0
0	0
0	0
0	0
0	0
0	1
10	29
0	30
3	30
0	10
0	0
0	0
0	0
0	0
0	0
0	0
0	0
0	0
0	0
0	0
0	0
0	0
0	0
0	0
0	1
0	1
0	31
0	31
0	3
0	0
0	17
0	13
0	17
0	3
0	4
0	21
3	902
2	476
0	688
6	280
0	0
5	1
0	0
0	0
0	0
0	0
0	0
0	0
0	0
48	3079
0	2755
0	2339
0	254
0	2810
0	2745
54	252
1	734
2	1363
5	396
64	264
23	2
0	547
0	428
11	237
107	24
2	9
7	15
0	4
5	494
4	489
0	101
0	0
0	0
527	0
0	374
1	292
0	100
0	18
1	272
8	47
27	122
366	475
0	189
0	280
0	576
0	296
2	90
0	565
2	572
0	60
1	51
1	26
14	8
1	18
9	646
0	562
0	20
60	6
14	165
0	33
1	579
65	265
0	109
3	46
0	64
0	745
0	747
0	895
0	305
0	118
0	19
13	192
2	185
0	234
7	42
0	45
0	149
4	202
6	199
129	0
7	55
0	55
2	1
8	2
0	1
150	2224
35	2224
0	42
0	151
1	202
20	38
8	35
8	1
3	2
0	1073
25	1079
0	815
0	716
55	706
4	921
0	717
0	919
0	139
27	31
0	349
0	642
0	624
0	929
0	800
0	799
0	731
0	996
0	787
0	29
0	77
0	124
1	54
0	150
0	30
0	52
0	811
0	694
0	0
0	0
0	0
0	0
0	0
0	0
0	0
0	0
0	0
0	0
0	0
0	5
0	0
0	0
0	1
0	1
0	5
0	0
0	0
0	0
0	0
0	0
0	0
0	0
135	1376
1	0
0	0
116	0
537	3935
1	3510
115	1116
132	1197
0	688
0	538
1	366
0	29
0	29
0	11
9	25
2	24
211	2335
1	132
6	134
2	134
0	132
0	42
0	22
0	24
0	23
0	20
0	19
0	6
5	2
0	0
0	0
0	0
0	0
193	373
2	161
17	96
0	323
11	40
0	0
0	0
0	0
0	0
0	0
0	163
0	320
3	152
11	8
3	19
0	19
1	8
5	12
0	19
0	8
0	11
0	154
0	8
0	321
61	0
96	649
0	622
0	217
3	38
7	91
4	39
0	13
1	554
8	554
0	534
22	0
93	534
6	0
0	316
2	274
0	184
5	51
1	85
0	41
0	56
0	61
0	103
9	28
0	316
346	1045
0	1026
0	132
0	128
13	399
0	299
1	159
2	48
0	0
0	0
2	2
0	2
180	848
1	166
6	62
0	68
0	34
5	48
1	61
3	113
13	85
0	0
0	0
0	0
0	0
72	30
0	30
33	85
1	76
11	16
8	9
18	7660
0	7855
18	6159
0	7644
0	7065
0	7666
0	6902
0	1988
0	3288
0	1763
0	2136
0	1005
29	492
0	333
0	1124
0	3478
10	1640
10	1966
0	3302
0	983
2	3024
0	2303
0	2388
0	1680
15	2543
11	973
0	411
1	1929
3	1097
2	1816
20	1678
140	1142
29	1094
3	542
379	1111
55	1085
10	39
8	35
1	85
27	123
7	99
17	56
0	90
0	36
0	0
3	13
1	2064
0	1711
0	1731
0	1810
0	1875
3	1597
34	320
22	70
821	45
0	45
0	281
16	282
3	281
10	79
0	142
0	109
0	84
0	79
0	54
0	5
0	0
0	1
0	2
0	2
0	1
0	1
0	2
0	0
0	0
0	1
0	1
0	1
0	0
0	1
0	1
0	2
0	2
0	2
0	2
0	2
0	2
0	1
0	1
0	1
0	1
0	2
84	77
0	76
1	32
0	1
195	892
5	47
5	296
0	881
1	48
0	820
31	229
0	331
1	331
0	464
2	453
0	93
59	0
5	0
0	1561
7	1600
0	44
0	49
2	99
0	58
0	55
0	47
0	20
0	18
1	35
0	12
0	28
0	7
0	56
86	854
15	854
21	83
135	114
3	108
1	31
0	0
0	0
0	0
0	0
0	0
0	0
0	0
0	0
43	652
0	399
0	671
9	102
0	378
1	85
0	542
4	101
21	218
0	45
1	26
0	37
0	518
1	3
0	3
0	3
102	718
2	0
345	164
0	145
0	19
0	0
0	3
0	3
0	0
0	11
6	25
11	45
12	20
0	0
0	0
0	0
0	0
0	0
0	0
0	0
0	0
1	46
0	24
109	216
1	31
0	109
0	49
0	0
0	79
0	21
1	21
0	32
1	49
0	35
0	3
0	3
0	0
1	0
0	0
0	0
0	0
0	0
0	32
1	32
0	307
0	53
0	84
6	50
0	57
7	42
0	84
0	110
1	78
2	16
4	32
0	306
0	0
0	0
0	0
0	0
0	59
2	0
7	15
0	157
0	14
4	6
0	166
0	0
0	0
0	0
0	542
0	816
0	273
10	302
0	423
0	38
0	138
0	415
0	399
0	436
0	398
0	150
1	297
1	2
0	0
0	2
0	1
0	0
0	0
0	0
0	0
0	0
0	0
0	340
0	476
5	422
0	171
0	195
0	218
2	45
10	0
0	0
0	0
0	0
0	0
0	2
0	0
0	0
0	0
0	2
0	0
0	0
0	0
0	0
0	0
0	1
0	1
0	1
0	0
0	0
0	0
0	0
0	0
2	0
0	0
0	0
0	0
1	79
0	0
2	79
0	5
0	7
0	4
5	28
0	4
0	4
0	0
0	20
0	4
0	0
0	0
0	0
0	0
26	0
12	94
236	255
23	125
0	245
0	0
0	0
0	0
0	0
0	0
0	0
0	0
0	0
0	0
0	0
0	0
0	0
2	0
0	0
0	49
36	49
0	0
0	8
0	3
0	812
0	583
32	797
0	795
0	744
0	227
1	62
0	32
6	66
0	44
1	88
184	426
0	370
0	38
0	40
2	111
3	166
1	73
3	100
0	7
0	114
0	4
0	109
0	10
0	30
0	74
0	98
1	12
0	9
0	19
0	66
0	2
1	8
2	7
1	14
1	48
0	17
0	45
0	5
0	38
0	6
60	21
5	0
0	3
0	18
0	0
0	0
0	0
0	0
0	321
29	243
0	300
0	37
0	36
0	29
0	59
0	29
0	6
22	72
15	72
0	0
957	0
1	0
559	0
0	13
0	2
0	1
0	2
0	2
0	13
267	0
0	2
6	181
298	326
0	249
0	198
0	189
2	36
25	59
6	65
0	219
1	159
0	168
0	202
0	75
2	100
0	13
0	0
3	13
0	201
0	0
0	0
0	0
0	0
1	1
0	1
0	0
0	0
0	0
0	0
0	0
105	58
2	58
23	56
0	56
0	0
13	13
0	0
0	0
0	0
0	0
0	0
0	0
0	0
0	0
0	0
0	0
1	0
0	51
40	68
0	2
6	10
0	9
0	15
76	27
0	6050
0	1
16	11
0	7
0	5
0	2
20	0
0	59
0	59
1	5978
0	673
1	664
0	1199
4	849
12	642
0	486
196	319
14	238
0	14
1	14
530	19
0	0
74	35
0	20
0	4
0	2
1	19
15	25
2	13
2	0
0	12
41	45
1	45
7	29
0	4
0	5
0	29
0	0
0	1
0	1
0	0
0	0
3	5377
0	5370
0	5377
283	5376
10	5381
1	5377
0	5373
0	3451
0	3372
0	3366
24	1460
0	1675
122	5377
0	0
0	0
0	0
0	0
0	0
19	364
2	36
0	309
3	86
9	0
0	134
1	36
0	310
74	116
0	4
1	112
1	70
0	1
0	145
20	10
23	145
0	11
0	119
0	74
0	105
0	80
0	71
0	108
0	58
2	50
0	41
0	41
0	20
1	6
8	5
3	25
0	5
0	4
0	6
0	0
0	0
0	771
0	69
0	40
6	40
0	670
0	595
0	429
0	61
0	771
0	0
0	0
0	0
0	5
106	5
19	333
0	341
0	3
0	26
0	20
2	3
3	3
0	72
0	114
3	83
0	18
0	545
0	545
0	545
0	31
0	26
1	116
0	85
612	395
8	133
2	92
0	245
0	0
0	2
0	2
0	0
652	12005
4	0
0	0
0	0
0	0
0	0
0	0
0	0
0	2
2	2
0	365
5	6
2	24
3	359
8	69
0	358
224	2326
0	0
1	16
0	16
0	5
0	4
42	29
14	95
930	93
269	52
0	20
23	32
0	47
0	47
0	7
0	1
1	1
0	8
0	10
0	9
1	0
0	0
0	0
4	0
0	0
0	0
0	0
0	602
15	197
4	428
0	613
0	166
2	55
0	31
2	62
0	424
0	13
0	0
0	0
0	108
1	8
1	69
0	112
0	73
0	1
0	73
0	113
0	74
0	117
0	2
0	73
0	113
0	9
0	0
0	113
0	0
0	0
0	0
1	759
3	776
1	152
2	380
1	745
2	316
0	385
0	739
10	31
809	494
24	494
3	80
0	0
0	40
7	38
0	8
1	16
0	16
0	16
0	0
0	0
2447	260
2	260
1	0
0	0
0	0
0	0
0	0
0	0
12	0
20	1965
0	231
3	163
0	205
0	489
1	37
3	109
4	64
7	166
12	1935
0	0
4	30
0	30
0	4
0	6
0	1
0	0
0	334
10	618
5	284
17	622
1	119
0	255
0	62
0	120
1	122
0	60
0	63
0	132
0	13
0	0
2617	258
4	258
669	28
0	28
2	28
28	0
0	0
1	107
11	74
7	105
1	0
0	0
0	0
0	0
0	0
0	0
4	57
0	57
0	2
0	1
0	53
19	310
0	324
3	24
0	0
0	0
0	0
348	562
4	115
1	150
99	9
9	9
0	5
0	0
0	0
0	0
15	1424
0	1896
0	229
37	295
15	95
3	158
0	89
26	139
0	73
3	81
0	0
0	0
0	0
0	3
0	156
2	156
1	14
0	22
3	13
0	10
0	2
3	1201
11	770
4	1086
0	1244
44	1257
2	815
17	130
0	98
1	92
0	13
0	0
0	0
0	7
0	1
0	1
0	7
0	1
0	2
0	2
13	3193
0	1163
2	1037
10	2613
0	1717
11	199
0	31
8	31
2	13
0	8
0	0
4	2
0	2
0	0
0	1
0	1
0	0
0	0
0	0
1	12
0	12
0	2
0	0
0	4
0	2
0	0
0	0
2	269
1	266
1	35
8	17
3	2
0	2
0	0
0	0
0	0
0	0
0	0
0	0
0	0
0	0
0	0
0	0
0	48
14	1812
218	153
0	1593
11	1764
14	26
0	40
1	88
2	120
7	506
19	159
0	159
0	117
2	25
67	0
0	0
0	0
0	0
0	0
0	0
0	0
0	0
0	0
2	1430
0	1432
0	774
0	772
7	540
1	112
3	57
0	24
0	964
0	1402
0	0
1	601
0	579
4	91
0	321
0	0
0	261
0	172
13	1529
0	1529
74	36
831	905
0	241
7	136
0	110
5	138
15	375
0	184
10	21
15	473
10	95
1	473
0	9
36	16
0	0
0	16
165	119
8	119
9	5
3	0
0	950
0	924
0	858
0	539
4	721
4	81
3	460
13	359
2	231
0	199
0	0
0	0
0	0
0	0
0	0
0	0
0	0
0	0
0	0
0	0
0	0
0	0
0	0
0	0
0	0
2	2
0	2
0	0
0	0
0	0
0	0
0	0
0	0
0	0
0	0
0	0
0	0
0	0
0	0
0	0
0	0
0	0
0	0
0	0
0	0
0	0
0	0
0	0
0	0
0	0
0	0
0	0
0	0
0	0
0	0
0	0
0	0
0	0
0	0
0	0
0	0
0	0
0	0
44	4101
6	4123
5	4004
9	284
11	154
5	35
0	4098
0	0
485	1892
9	730
1	1643
0	1735
7	257
219	3
1	15
0	0
0	220
0	215
0	16
24	182
0	1
11	87
0	73
7	3
30	36
0	31
64	370
107	370
0	0
0	0
0	0
0	0
0	0
0	0
0	0
218	0
1	0
0	0
2	2063
0	2257
0	1089
0	821
0	0
0	0
0	0
0	0
0	0
0	0
0	0
0	0
0	0
0	0
0	0
0	0
0	0
0	0
0	0
0	0
0	0
3	254
1	254
2	9
10	389
0	126
0	308
15	623
1	866
0	396
76	308
2	313
56	28
0	56
0	95
10	868
4	129
0	97
14	16
2	194
6	385
0	0
0	0
0	0
1	0
0	0
0	0
0	271
1	244
0	252
4	15
0	40
0	7
0	163
2	157
0	28
0	164
47	31
0	6
0	12
0	27
0	339
0	335
0	380
0	377
17	22
0	148
7	57
1	0
0	0
0	0
0	0
0	0
0	0
0	0
0	0
5	132
1	58
0	26
0	27
0	16
0	71
0	17
0	39
3	0
1	53
423	717
0	717
3	368
3	403
0	416
0	78
0	366
0	19
0	18
0	2
1	2
0	1
0	1
27	1521
1	1462
1	352
3	100
53	606
0	49
6	270
4	450
5	1
0	0
0	2
0	2
0	0
0	0
0	0
0	0
0	0
0	0
0	0
0	0
0	0
0	0
0	0
0	0
0	0
0	0
0	0
0	0
0	0
0	0
0	0
350	32
14	14
0	19
2	0
0	0
0	0
0	0
0	0
25	608
1	608
0	73
0	85
0	89
0	23
0	9
0	7
1	11
0	9
2	5
76	107
0	97
6	51
0	18
0	19
0	14
3	0
0	0
0	0
0	0
0	0
0	0
0	0
0	0
0	0
0	0
0	0
0	0
6	108
2	1140
7	187
0	102
0	1116
0	144
18	34
19	624
26	554
2	83
0	138
0	70
9	16
0	96
45	1876
56	1876
2	82
78	1478
0	1379
0	1075
2	16
0	123
11	105
0	209
4	307
0	146
3	19
0	4
103	16
0	996
33	15
0	808
4	176
0	463
0	357
9	98
0	0
297	118
0	109
0	9
4	743
31	287
36	322
0	744
13	735
0	0
21	777
0	440
0	28
10	535
6	350
0	474
0	289
0	0
8	1473
0	1277
35	1340
0	1257
1	363
8	156
0	115
27	233
61	147
7	99
0	50
0	38
1	45
0	10
0	4
1	940
0	969
7	10
1	0
0	40
69	11
0	0
0	1308
0	16
43	1297
16	1
0	103
3	47
0	174
20	902
18	97
0	1
0	1
0	1
0	1
0	0
1	1062
0	1059
0	713
0	91
2	611
0	533
0	3
0	3
0	0
0	0
0	1756
1	925
0	678
0	1725
0	218
0	354
1782	0
36	1437
0	435
0	995
1	304
3	91
0	99
3	327
0	74
3	140
3	50
0	81
1	106
7	957
0	244
0	28
47	539
1	69
0	1
0	1
0	0
0	0
0	1
0	0
0	0
0	0
0	1
5	0
1	0
0	0
0	0
0	0
4	781
0	806
2	50
1	240
7	37
6	95
6	133
7	42
11	35
29	100
0	49
22	775
29	227
0	62
0	635
0	271
8	71
2	196
0	77
0	0
0	0
0	0
23	0
0	244
0	62
51	245
2	4
0	64
2	30
0	0
0	0
0	0
0	0
0	0
0	0
0	0
0	0
0	1342
0	1342
8	471
0	59
13	150
41	27
0	81
12	176
1	54
1	3
0	14
36	4
1	16
0	0
332	376
8	376
32	319
1	176
0	133
0	0
3	0
0	0
0	0
0	0
0	0
12	695
20	768
0	788
11	55
0	218
5	0
833	151
3	142
136	12
0	0
0	0
0	0
566	41
8	41
0	1095
0	1095
0	123
30	104
186	664
0	178
0	109
0	65
0	167
1	631
0	145
0	64
0	174
0	1
0	1
2	13
10	13
7	13
65	96
0	96
0	0
0	8
0	5
0	18
0	8
0	15
0	0
0	0
1	164
12	23
0	144
0	169
0	0
0	0
0	0
13	25
0	113
0	43
0	0
0	58
0	18
0	20
0	104
1	97
6	550
1	317
43	545
4	136
0	216
0	57
0	0
0	0
0	0
0	0
0	0
0	0
0	0
0	0
0	0
0	0
50	210
72	165
5	191
8	2
8	0
0	0
1	0
517	49
9	49
20	26
0	22
0	9
0	0
6	1481
0	1533
6	196
0	90
5	896
0	49
0	155
0	86
0	1
0	1
0	0
0	0
0	0
0	159
1	1210
88	3
0	117
0	54
0	117
4	53
3	957
1	30
2	1202
0	0
16	2
12	1670
2739	2463
54	1750
0	250
0	386
1	243
0	0
0	0
320	11352
131	1519
0	1073
0	9827
20	4308
10	9
3	19
0	12
0	0
0	21
0	47
0	15
0	41
1	0
0	0
0	0
0	0
0	0
0	0
0	0
0	10
41	259
3	211
0	31
0	0
6	131
1	22
0	2479
2	2450
6	1721
0	2490
0	0
17	141
0	73
0	3
0	141
0	0
254	0
13	171
1	147
1	69
2	45
0	45
0	42
0	0
0	0
0	0
0	0
0	0
0	0
0	0
0	0
0	0
0	0
0	0
0	0
0	0
0	0
134	17
0	15
0	0
0	0
3	145
0	55
0	139
3	1
3	1
0	131
30	0
0	52
3	30
3	46
13	3
0	36
802	0
0	0
0	0
293	208
2	51
10	0
12	157
8	82
0	1178
23	1861
0	1553
70	0
24	159
30	0
0	0
16	971
6	262
9	903
0	614
5	74
0	38
236	2506
0	1380
36	537
0	1830
264	394
0	293
0	56
0	115
26	918
0	148
1	27
11	34
0	4
0	140
5	394
12	535
17	575
2	551
1	132
33	228
2	378
0	1108
25	17
0	236
0	233
0	1117
0	1115
10	5
0	5
3	99
0	36
0	35
0	17
0	43
4	35
10	44
0	19
0	8
0	8
0	0
5	705
2	1069
3	1171
9	1171
0	1175
2	590
35	410
0	881
0	0
0	0
0	0
0	0
5	374
3	374
8	284
27	7721
4	7741
38	1167
0	0
0	0
0	2
0	2
0	2
0	2
0	2
1	0
0	0
0	0
0	0
0	0
0	0
0	0
545	145
0	41
1	73
16	0
1	8
1	0
5	22
12	0
11	0
21	6
0	0
0	0
0	0
0	0
1	1027
43	1117
0	1066
95	1203
0	1648
0	1944
0	1816
0	1742
0	1863
16	1944
0	1720
0	1118
391	439
1	921
6	128
0	230
0	1926
0	1951
0	1961
52	26
1	26
8	20
2	1
0	0
343	530
0	114
0	52
0	530
0	1
0	7
0	3
0	0
0	7
3	495
0	537
0	123
0	139
0	529
0	173
0	515
0	3
3	53
0	529
0	2
0	1
0	1
1	2
0	1
0	0
0	1
0	2
0	1
0	2
0	2
0	1
10	1
0	0
1	4
0	0
0	4
0	4
0	4
0	4
0	4
0	2
0	1
0	0
0	1
0	1
0	0
0	0
0	0
0	0
0	0
0	0
0	0
0	0
0	0
1	0
0	1
0	1
0	1
0	0
0	1
1	0
0	0
0	0
0	0
0	0
0	0
0	0
1	0
11	1073
1	416
1	1012
1	31
44	6
7	6
6	9
0	285
14	58
5	24
0	0
0	0
0	0
0	0
0	0
0	0
10	0
0	91
0	1
14	35
0	27
0	4
5	17
5	1
1	0
0	0
0	0
15	1
0	1
0	3134
0	3033
0	3071
0	2970
0	2863
0	2901
0	2964
0	2800
0	2895
25	281
58	60
0	3093
23	286
11	293
0	100
11	14
1	7
25	87
2	0
0	0
0	0
0	0
0	0
0	0
0	0
0	71
15	137
17	130
0	370
3	329
0	345
28	103
0	351
0	37
34	56
4	65
1	336
0	314
9	9
0	61
0	181
0	66
0	102
0	42
0	37
14	277
0	277
1	217
13	0
3	16
0	1
0	1
0	1
0	1
0	1
0	1
7	1
6	0
0	0
0	0
0	0
7694	0
0	0
0	11
0	11
0	10
0	10
0	11
0	11
0	11
0	9
0	0
0	9
528	126
11	126
8	157
2	170
0	357
8	1
0	174
0	65
0	76
0	58
0	0
2	38
384	357
35	7402
0	3067
0	5926
0	907
0	5614
1	5688
25	743
5	2039
22	2174
0	1
0	0
0	1
0	0
0	0
0	0
0	1
0	1
0	0
0	0
0	2
0	2
89	96
0	96
0	10
5	8
28	22
0	0
0	0
54	1321
5	21
2	45
17	156
0	132
0	54
286	40
0	40
0	0
0	0
0	0
0	0
0	6
0	5
0	4
0	1
1793	259
4	186
46	16
1	57
0	0
0	0
0	0
0	0
0	0
0	0
0	0
0	0
0	4
0	3
0	0
0	0
0	4
1	0
0	0
0	0
0	5
3	201
0	205
0	196
0	112
0	21
0	4
0	2
1	0
0	0
0	0
0	0
0	0
0	0
0	0
0	0
0	0
0	0
0	0
0	0
0	602
6	518
0	611
0	65
14	677
1774	2215
0	450
0	2178
285	380
1	210
103	146
152	49
0	0
0	0
0	0
0	0
0	0
0	0
436	0
11	4836
1	4854
8	139
1	166
6	32
1	347
0	1322
3	1178
16	372
73	841
0	577
3	240
1	160
0	43
0	0
0	0
0	0
0	0
0	0
0	0
6	95
20	95
0	285
37	285
0	75
11	80
3	31
0	14
0	24
182	2683
5	2683
0	2
0	2
0	0
0	0
0	0
0	6
0	2
0	3
0	5
0	4
0	0
0	5
0	3
0	3
0	2
0	4
0	3
0	1
0	1
1	3
0	904
0	385
0	277
0	904
0	823
0	0
0	0
0	0
0	0
0	0
1	0
0	0
0	0
0	0
0	0
0	0
0	0
0	0
3	3
54	301
0	406
11	542
9	284
15	298
1	274
0	472
0	321
0	553
5	25
0	25
0	10
0	1
1	3
2	6
0	3
1	109
0	59
0	41
0	1
0	4
0	104
0	105
0	0
737	465
0	100
0	207
0	198
6	68
1	65
0	34
7	345
35	306
0	454
0	459
3	208
2	109
0	161
3	117
0	0
0	0
0	0
0	0
0	0
0	0
0	2868
85	653
51	18
0	649
0	0
0	0
0	0
0	0
459	342
3	316
1	143
27	16
1	7
1	6
1	9
251	343
34	0
2	558
0	360
0	372
6	341
0	303
0	343
60	202
0	555
0	1
0	1
0	1
0	0
0	1
0	1
0	1
0	0
0	0
0	323
0	320
45	50
0	41
0	25
3	261
5	156
0	3
0	19
4	298
22	5
0	5
83	147
0	134
0	89
3	76
4	10
6	0
0	0
0	0
0	0
0	0
0	0
0	0
0	0
0	0
0	2
0	2
0	0
0	0
0	0
0	0
2	1
0	1
144	70
0	70
0	423
0	452
0	432
0	388
0	88
0	376
0	43
0	23
1	17
1	20
11	22
0	22
0	443
0	0
5	2314
37	2285
0	2250
9	2246
20	1509
16	9
46	613
0	386
0	321
4	276
0	444
0	41
26	42
0	11
0	14
0	8
0	15
48	15
21	154
4	146
3	2255
0	2253
0	1698
0	1944
0	2325
8	241
4	113
0	252
0	99
20	250
23	2
6	12
8	120
0	161
4	71
0	252
748	0
0	0
30	2087
13	23
0	250
3	1899
34	783
2	1419
8	1398
0	1095
0	1008
24	77
1	1434
11	0
2	0
0	0
0	0
0	257
0	7
0	204
0	250
0	28
0	157
0	36
4	6
6	43
0	14
696	44
5	44
0	0
0	0
0	0
0	0
0	0
0	0
0	0
1	0
0	35
58	100
0	21
0	28
1	76
2	23
0	166
11	336
5	357
0	110
0	34
3	118
5	35
0	34
0	12
0	0
0	18
7	18
0	3
0	23
3116	434
0	0
0	0
0	0
165	644
0	0
0	0
0	0
1	0
0	0
0	0
0	0
0	0
0	0
0	0
1113	66
0	55
0	8
16	3
0	0
0	0
0	0
0	0
0	0
0	0
472	564
21	536
10	7
160	67
0	10
0	67
0	0
5645	1168
4	1168
7	0
0	0
0	0
0	0
0	0
0	0
0	0
0	0
0	0
20	647
92	683
2	745
2	290
0	18
0	14
0	11
0	11
0	9
0	0
1	9
0	1
0	1
0	4
2	0
0	0
0	17
0	18
0	18
0	11
13	134
2	141
3	37
0	6
14	13
0	12
10	12
0	6
5	8
0	0
2	0
0	0
0	1
0	1
0	0
209	682
0	630
0	223
0	681
0	0
0	0
0	0
1504	481
1	353
0	164
0	128
1	0
257	129
0	129
1	14
0	0
0	0
0	129
0	0
0	0
0	16
0	13
0	129
1	131
1	4
5	25
1	53
1	26
0	129
0	131
0	0
0	0
543	1238
0	0
0	0
0	0
0	0
0	0
0	0
0	0
20	2
0	0
0	0
0	0
165	1461
0	7
0	6
0	1
0	4
0	1
0	88
1	88
0	51
0	27
0	49
9	48
1	10
14	19
0	3
0	10
0	1
0	9
0	7
1487	495
2	495
0	0
0	0
0	0
0	0
0	0
142	900
17	7
0	4
0	7
0	0
0	0
51	424
2	100
0	121
0	133
14	48
1	14
0	162
1	28
4	28
0	0
47	838
0	391
0	268
0	591
0	586
2	271
0	375
1	200
0	179
1	214
12	32
0	1
0	1
0	1
0	1
0	1
0	1
0	1
0	1
0	0
0	0
0	0
0	0
0	0
0	0
0	0
0	0
163	860
0	17
7	843
0	155
0	167
7	165
4	21
1	29
0	22
0	2
3	0
0	0
0	0
0	0
3	0
10	0
0	0
0	0
0	0
0	0
0	0
0	0
1	401
3	384
41	148
6	38
0	50
0	24
4	30
14	432
17	445
20	295
4	117
5	136
0	144
7	26
0	258
0	7
0	0
0	7
0	0
0	0
0	7
0	7
0	7
264	2508
42	2559
109	2198
4	0
0	0
112	30
0	20
0	10
29	932
8	932
10	2480
202	2558
13	576
9	120
17	263
0	588
31	87
0	2
0	0
1	6
0	0
0	0
0	1
0	0
0	6
115	0
1557	472
4	173
17	45
5	254
0	0
0	0
0	0
0	0
0	0
0	0
0	0
0	0
0	0
0	0
158	0
49	195
0	195
0	21
0	0
0	0
0	0
0	1
0	0
0	0
0	0
0	1
0	0
0	0
0	0
0	1
0	0
0	0
278	0
44	8751
0	1763
0	253
0	253
0	1017
0	7162
1	8657
35	78
21	118
109	1422
51	2839
0	7011
33	195
29	153
359	1858
0	2556
12	116
0	296
0	259
0	8718
308	37
1	37
8	16
0	0
0	0
0	0
0	0
0	0
0	0
0	0
0	0
0	0
0	0
0	0
0	0
29	651
0	462
0	462
0	652
0	0
0	0
22	0
0	0
0	37
4	33
0	37
0	15
0	6
0	0
0	0
0	6
0	0
0	0
1	74
3	82
2	69
35	47
13	5
9	30
0	16
8	4
0	0
0	0
0	0
0	0
0	0
0	0
0	0
0	0
30	123
9	105
161	148
0	88
0	0
0	0
0	47
0	2
0	0
7	45
3	7
0	0
0	0
0	0
0	0
0	0
2	1
0	1
1	0
0	0
50	134
0	134
1	0
0	0
0	0
0	0
0	0
0	72
0	71
0	72
2	15
0	65
5	8
0	0
0	0
0	0
191	941
0	0
0	0
0	0
0	0
0	0
0	0
0	0
0	0
0	0
0	0
0	495
27	476
0	464
5	402
0	64
9	139
0	154
0	100
1	46
0	165
6	162
1	75
19	106
0	0
0	0
0	46
0	21
0	21
7	748
0	31
0	72
0	749
0	0
0	0
0	0
0	0
0	0
0	0
0	0
0	0
6	94
1	78
0	40
0	23
29	219
0	105
0	183
0	115
0	116
0	101
0	19
1140	85
138	85
0	0
0	0
0	0
0	0
0	0
109	92
7	92
0	0
0	0
223	143
1	143
11	135
5	127
6	34
0	0
0	0
0	0
0	0
0	0
7	216
0	160
0	2
0	0
9	131
1	54
0	8
7	8
0	9
0	1
0	6
0	0
0	216
0	6
0	5
52	32
1	23
0	9
1	9
1	29
0	18
0	6
36	0
21	163
0	163
0	91
0	10
206	1781
9	193
0	1383
0	68
2	193
10	910
3	809
55	160
2	761
130	558
41	46
267	0
17	105
0	97
0	102
0	122
0	84
0	47
0	58
0	47
2	59
1	12
0	0
0	0
5	1
0	487
0	448
0	259
0	297
0	85
0	141
6	98
3	48
0	446
1	0
0	0
6	0
0	0
0	0
0	0
0	0
0	0
0	0
0	0
610	141
0	106
9	103
0	56
4	36
0	0
0	0
2	126
0	15
0	23
0	36
0	12
0	9
0	119
5	0
60	0
0	54
4	107
3	18
0	104
0	0
2	195
811	866
0	663
12	80
1	0
0	0
0	0
0	0
5	78
0	77
6	77
9	76
16	65
0	13
0	10
0	69
0	0
0	0
0	0
1181	3037
0	0
0	0
0	0
34	1
15	831
0	846
0	229
0	183
0	180
0	31
5	846
0	0
36	0
1108	6
8	6
0	0
636	183
2	135
16	93
1	69
15	338
11	338
10	270
982	2116
32	2116
0	21
0	21
0	21
0	2
0	0
0	0
0	0
1	0
0	0
172	43
2	43
12	6
0	205
6	219
406	219
0	61
0	0
0	0
0	0
0	0
21	6133
1	655
117	2055
456	6124
7	0
0	0
0	37
0	38
0	11
0	18
0	20
0	14
0	13
0	10
0	3
0	7
0	80
0	29
449	206
10	7
0	42
0	70
0	0
0	0
34	1667
0	1012
0	112
0	227
41	208
5	1668
0	0
0	0
7	182
0	211
0	226
0	234
0	234
34	195
0	190
48	0
2	0
0	0
76	44
2	161
0	0
0	0
6	0
34	635
2	85
0	635
14	19
1815	1263
0	153
1	1147
16	131
97	51
1	0
943	0
0	1
0	6
0	6
0	6
1319	36
0	36
0	0
0	0
0	0
0	0
0	610
0	545
0	595
66	322
0	143
0	120
0	32
0	208
0	123
1	31
0	19
2	14
320	469
0	469
2	363
0	129
0	129
0	181
11	1
0	1127
0	1064
0	1455
0	1781
1	1440
0	140
0	297
0	1701
0	1294
7	254
0	374
0	1772
0	1064
0	0
0	1121
0	1430
0	1064
1	14
0	231
0	369
1	168
82	194
31	64
0	8
28	93
171	210
0	210
0	72
3	11
5	1438
0	495
139	2023
0	2147
2	1584
0	382
0	0
0	0
0	0
0	0
0	0
0	0
88	634
1	517
0	125
1	8
2	8
0	0
0	3
0	0
1	3
0	3
0	0
169	1023
0	0
0	0
372	0
0	0
357	2285
6	422
98	2072
87	140
2	98
0	735
0	268
169	614
0	0
0	1
23	199
0	198
0	105
0	83
2	97
3	101
20	1
0	101
0	0
482	0
53	371
869	989
0	226
13	252
0	297
0	830
0	474
3	504
2	475
1	642
0	602
5	78
0	512
9	454
1	52
19	94
7	39
3	2298
0	1551
0	2206
0	2040
5	1990
37	870
1	1975
0	1983
0	1526
0	891
0	879
0	1373
0	1456
0	743
0	264
0	0
0	0
0	0
315	922
0	694
0	696
0	643
0	635
0	584
0	671
0	433
22	292
0	210
28	143
0	172
2137	870
0	724
0	0
0	0
0	0
79	112
0	461
0	3782
48	354
0	118
0	126
1	3607
25	985
0	1079
4	3396
0	452
0	2662
10	80
0	2104
16	0
0	493
17	744
0	0
0	0
5	52
0	52
0	12
0	40
0	39
1	40
14	832
9	112
0	842
0	33
3	12
1	54
0	338
4	15
0	107
0	83
62	36
0	2
0	22
0	0
0	31
0	5
0	2
1	4
0	3
0	8
0	0
0	0
0	0
0	0
0	0
0	0
0	0
0	0
726	141
2	141
0	0
0	0
0	0
0	0
0	0
24	1220
5	164
38	229
96	433
60	980
0	951
1	805
36	138
0	348
0	277
83	759
6	144
11	126
0	1
0	0
0	2
2	3
0	2
4	3
0	2
0	2
1	0
0	2
0	2
0	0
9	334
41	332
0	340
0	33
0	0
0	0
0	140
97	160
50	176
130	76
0	33
0	29
0	82
7	31
0	0
0	0
0	0
0	0
0	153
9	153
0	152
0	102
2	82
0	20
44	7
0	12
0	0
2	412
1	356
11	412
1096	0
92	924
15	924
4	141
1	45
376	955
0	501
2	897
4	290
20	26
0	24
0	4
0	4
0	0
3	0
0	0
0	0
0	0
0	11
0	2093
14	97
53	666
3	144
2	110
3	2063
12	261
0	95
0	82
3	78
10	412
0	72
8	0
0	0
0	0
0	0
0	770
0	9
0	40
0	777
0	0
0	0
0	0
0	0
0	0
0	0
0	0
0	0
8	0
0	37
1	27
4	29
0	0
545	219
1	219
108	69
3	69
0	0
270	3054
23	3053
12	616
2	721
7	35
0	26
0	0
0	0
0	80
62	337
0	3603
6	1587
2	1177
3	70
0	3335
46	836
0	2778
0	3251
0	3251
0	3165
0	0
61	1094
0	604
0	759
5	1100
6	631
0	610
0	1106
0	758
66	13
54	244
3	226
0	0
0	0
0	0
0	0
0	0
0	0
0	0
0	0
0	0
0	0
0	0
0	0
105	32
0	32
0	302
2	302
461	302
0	0
1	0
0	0
0	595
22	595
1	0
0	0
0	0
0	0
0	0
0	0
0	0
0	0
0	0
0	0
0	0
0	0
0	0
0	0
0	0
0	0
0	0
0	0
0	0
6	1180
4	1051
39	1309
1	829
1	1416
0	1469
0	1003
35	285
0	0
0	0
0	0
0	0
0	0
0	0
0	0
0	0
0	2322
686	2348
4	1228
0	383
41	324
0	2286
0	908
3	234
0	269
2	0
0	0
0	0
35	585
0	585
0	70
0	87
0	59
5	16
6	59
2	10
1	141
8	30
0	69
0	132
0	0
28	32
4	32
25	223
0	4
1	219
1	0
2	0
0	17
52	124
0	107
56	78
0	77
0	80
1	20
1	2
0	117
0	510
6	510
0	0
0	0
0	0
22	22
0	22
0	0
0	1
0	21
0	23
0	15
0	0
6	0
0	0
24	0
1561	1657
4	1579
2	1467
0	116
75	77
58	20
804	86
45	123
0	123
0	4
0	4
0	0
0	4
0	1
0	0
0	0
0	0
0	2
0	2
0	0
0	2
0	2
220	355
0	328
53	28
0	0
23	601
93	650
1	7
0	131
0	217
1	194
2	96
0	88
0	85
0	74
0	0
0	0
168	20241
26	19227
24	2992
20	20125
22	4239
0	3442
10	2798
0	2842
36	2385
0	0
0	0
3	0
0	0
0	0
289	0
31	481
35	493
3	114
0	0
0	0
0	89
244	161
15	2
0	41
0	48
0	14
0	32
0	67
0	0
0	0
0	0
0	0
0	0
11	2
0	3
2	1
0	1
0	0
0	0
0	0
0	0
382	289
0	98
1	191
0	2446
0	556
26	2408
1	321
21	177
0	2419
0	0
0	0
0	25
1	5
218	50
0	5
0	25
0	5
7	3
0	8
1	4
0	21
0	0
0	0
0	311
133	325
0	71
1	14
7	12
0	0
0	0
0	0
0	0
2	4
0	0
0	0
0	3
0	4
0	1
0	0
0	0
0	1
0	0
0	0
0	0
0	0
0	0
0	0
0	3
0	3
0	3
0	0
0	0
0	0
1	9
0	3
0	9
0	3
0	2
0	1
0	2
0	329
0	335
32	292
0	46
32	144
0	113
2	138
0	68
0	10
1	14
0	42
0	20
15	34
0	18
0	0
0	0
129	946
0	542
0	854
5	429
6	113
1	94
2	83
0	80
0	45
0	53
0	19
0	24
0	16
0	8
0	24
0	13
0	18
0	6
0	0
1	140
0	286
2	280
0	283
5	9
14	76
0	0
0	18
0	18
0	1
1	2
1	1
0	0
0	112
2	106
0	69
33	0
0	15
11	56
0	42
6	0
0	0
0	0
0	24
5	29
0	11
0	11
0	0
0	214
3	54
0	199
0	36
0	93
0	60
1	56
0	59
0	4
10	0
0	69
0	0
14	0
0	0
0	0
0	0
0	0
0	0
0	0
0	259
21	259
0	31
1	38
0	13
4	46
0	84
0	84
2	40
0	24
4	31
14	3
0	0
0	0
0	0
19	0
2	81
0	80
0	80
0	31
0	63
4	35
0	2
0	0
0	2
0	0
193	2585
19	2441
14	1850
6	1487
6	639
0	1199
0	784
19	726
0	559
8	128
0	0
0	0
0	0
0	0
0	0
0	0
0	64
0	65
0	48
0	0
0	0
0	1
0	1
0	1
0	0
0	0
0	0
0	0
78	0
2	50
188	59
45	46
0	46
0	34
1	11
0	0
1280	1944
141	1118
63	1337
34	1716
34	1466
4	650
10	421
0	114
0	323
5	36
0	9
8	3
5	3
0	1
2	1
114	178
0	95
4	12
4	85
7	122
57	6
0	0
0	0
16	24
0	24
0	18
0	6
59	677
39	159
0	190
6	196
0	81
0	264
0	249
0	1
0	1
0	0
0	0
0	0
0	19
0	3
0	5
0	1
0	0
0	18
0	0
0	3
4	0
1	3
0	3
0	0
2	0
0	0
0	0
0	0
0	3
4	0
6	31
11	118
0	49
1	0
0	0
7	69
1	26
1	31
0	636
0	697
0	693
7	892
0	898
0	867
0	403
0	1
2	176
9	520
0	46
0	260
0	202
0	134
3	153
0	154
0	133
0	107
0	77
39	10
0	0
0	3
0	1
0	3
0	0
0	0
0	0
1	598
2	50
0	151
0	51
0	598
0	22
0	28
0	10
0	23
3	23
0	6
0	15
0	0
0	0
1	0
0	0
0	0
0	37
0	37
0	0
0	0
0	0
0	0
0	4
0	4
0	2
4	3
0	70
0	3
0	58
0	51
0	36
0	36
0	36
0	38
0	31
0	35
0	39
0	41
0	39
0	4
0	22
0	13
0	9
0	4
1	4
0	5
0	2
0	2
0	2
0	2
0	4
0	4
7	2
0	2
0	2
1	0
0	72
0	0
1	45
8	79
4	70
0	24
0	18
1	4
0	0
0	0
0	0
0	0
0	0
0	0
0	0
10	5273
1	4939
5	710
4	875
0	900
0	198
8	171
12	286
3	191
5	115
127	292
0	108
0	40
5	31
0	59
0	91
0	29
0	168
0	147
0	84
0	79
4	57
0	0
0	0
0	1
1	3
0	2
0	2
0	1
0	2
0	0
3	159
0	99
0	65
2	26
0	42
6	29
5	29
0	2
1	10
0	9
0	2
0	158
0	0
0	0
0	0
0	0
0	0
0	0
1	0
0	0
0	0
0	0
0	0
0	0
104	109
0	109
0	5
0	0
0	0
0	0
0	0
0	0
0	0
0	0
0	0
0	539
146	545
0	173
0	323
0	164
6	68
29	175
0	428
4	30
0	8
6	4
0	94
2	99
6	68
8	27
0	36
0	76
8	75
0	47
0	428
0	8
0	1
0	1
0	0
0	0
0	8
0	0
0	0
0	0
0	0
0	0
6	0
0	52
1	1
1	45
0	4
0	52
0	45
0	52
0	132
0	129
0	106
0	89
0	124
0	118
5	54
0	8
0	5
39	0
71	115
39	108
2	27
0	606
0	636
2	632
0	543
0	612
0	73
0	606
0	516
0	56
88	26
69	0
71	483
20	18
4	17
6	11
0	251
0	228
4	231
0	216
0	237
0	231
0	28
0	237
7	84
0	146
5	8
0	10
0	57
2	12
0	107
0	96
43	333
0	328
0	249
0	13
0	243
2	82
10	37
0	21
7	111
9	85
0	9
0	0
0	0
0	0
0	1
0	0
0	0
0	1
0	1
0	0
0	0
0	0
0	1
0	0
0	0
0	0
0	450
4	11
0	433
0	64
4	43
6	41
2	53
2	129
1	33
0	119
1	1215
0	1286
36	839
1	48
8	19
0	0
0	0
1354	1906
0	211
3	1684
20	38
7	0
0	0
7	0
0	0
0	0
2	796
565	796
0	499
0	804
0	33
6	480
0	21
0	78
1	90
0	107
1	21
0	817
0	517
215	66
0	66
5	60
0	26
221	332
0	332
0	1219
0	1220
0	1042
0	946
0	169
0	2
2	366
0	368
0	358
6	362
0	57
0	98
16	368
0	0
1	2
0	2
0	2
0	2
0	2
0	0
0	2
0	0
0	0
0	0
45	212
0	140
0	74
0	0
0	0
0	4
0	0
1	4
0	4
0	2
1	173
7	187
0	46
4	10
571	236
9	236
136	236
11	90
0	90
3	31
0	25
63	284
0	317
0	294
0	54
0	80
3	29
1	162
26	21
0	158
97	259
6	259
0	46
7	31
0	92
0	1610
0	2022
26	27
0	26
1	22
0	18
0	18
0	18
0	5
0	6
0	6
1	2
0	0
0	4
1	30
0	2
0	33
0	33
4	27
0	34
0	31
0	31
0	10
0	6
0	1
0	30
11	4025
27	1357
0	4039
217	683
1	683
0	7
0	0
0	1
0	7
0	2
0	7
0	2
0	2
0	0
1	725
18	315
10	727
1	232
0	25
53	3
13	12
0	35
3	9
1	0
0	226
0	252
0	29
0	49
0	36
0	48
8	34
0	89
0	82
0	33
0	25
6	22
1	110
5	6
0	52
0	251
43	731
0	745
29	112
11	307
10	280
39	277
12	46
43	227
0	112
13	38
0	310
28	310
0	46
1	34
0	34
0	0
2794	0
0	5
0	5
0	3
0	5
0	9
0	9
2	2
0	1
0	10
2	95
0	487
0	346
0	333
0	413
0	0
0	0
0	0
0	0
0	0
0	0
3	0
0	513
0	517
1	13
9	148
0	4
865	66
0	66
0	0
0	0
0	0
0	0
0	0
0	0
0	0
0	0
0	0
0	156
0	325
0	110
0	452
3	131
9	52
22	107
0	0
0	0
0	0
0	0
0	0
806	968
32	968
0	13
3	27
4	26
0	41
1	43
0	8
0	52
0	10
0	8
0	38
3	43
0	7
2	5
0	29
3	11
0	11
4	11
0	20
0	12
0	0
0	0
0	0
2	37
0	37
1073	5403
8	5401
2	5374
6	5399
11	141
6	118
12	7
0	0
0	0
0	0
0	0
0	0
0	0
0	0
0	0
0	0
0	0
1	16
0	16
0	5
0	0
0	0
0	0
243	409
8	401
0	65
305	3686
0	1217
0	3683
27	1268
0	767
55	315
18	1803
0	0
0	0
0	0
0	113
0	113
0	2
0	93
1	79
1	16
0	19
8	1
0	49
0	44
0	98
0	33
0	4
0	98
3	759
371	785
1	242
12	102
0	0
29	269
0	370
18	370
0	34
23	159
0	47
0	49
0	0
0	0
2	0
0	0
0	0
0	0
0	0
0	0
0	0
0	0
459	0
0	269
0	558
0	561
1	317
0	426
50	742
1	769
0	435
5	547
0	580
2	63
0	128
11	209
60	27
20	584
30	1335
35	3
0	559
1	751
0	0
0	0
0	0
0	0
0	1
0	2
0	2
0	34
0	34
0	34
0	35
3	35
0	2
0	3
2	151
0	5
0	151
0	151
0	6
0	151
0	5
0	23
0	10
6	23
3	3
132	292
19	129
15	291
3	49
0	50
0	53
0	58
0	29
0	20
0	10
9	260
0	236
11	0
0	10
5	108
0	271
0	257
0	1
0	2
0	2
0	1
0	0
0	1
0	191
0	163
0	0
0	0
0	0
28	101
5	60
2	101
0	64
18	63
0	146
0	152
3	26
1	3
0	3
0	1
0	0
0	152
0	19
0	0
2	34
0	33
0	33
0	28
0	33
0	6
1	17
0	23
0	10
286	862
57	308
6	860
0	0
0	0
0	0
0	0
0	0
0	0
694	783
0	783
0	508
1	311
0	0
0	0
0	0
0	0
0	0
0	0
0	0
0	0
0	0
807	1363
1	126
1	255
91	1064
1	778
88	0
3	778
0	1
0	1
0	1
0	1
0	1
0	0
0	0
0	0
0	1
0	0
0	1
0	0
0	1
51	193
0	187
0	0
0	0
0	66
0	66
100	32
0	32
0	31
4	0
0	0
0	0
0	30
0	32
0	13
23	42
0	35
0	22
3	19
2	14
0	56
0	56
0	50
9	0
0	9
3	9
0	7
0	7
0	7
0	52
0	50
2	7
4	35
0	56
0	56
0	0
0	0
0	0
0	0
0	0
0	0
1	0
4	1791
119	168
0	782
0	6
0	1791
0	0
0	0
590	375
7	300
0	116
19	15
187	369
3	179
2	190
7	274
9	25
0	113
0	202
0	152
0	42
1	47
0	60
0	101
0	47
0	46
0	31
8	345
4	345
16	17
0	28
0	0
0	0
695	918
9	520
0	777
7	440
8	14
18	0
4	0
14	28
21	48
0	132
0	23
1	23
0	0
237	159
1	159
0	2
0	0
0	0
0	0
0	2
0	0
1127	477
4	477
0	0
0	0
0	0
604	367
2	350
0	73
10	14
0	85
0	73
5	39
0	25
0	0
0	0
0	0
5	37
0	37
0	9
0	0
0	4
2	0
0	112
3	49
12	157
0	48
0	65
7	4
6	105
0	11
9	213
0	211
0	17
0	23
2	25
0	8
0	63
0	207
0	20
3	43
0	0
0	0
0	0
0	0
0	0
0	0
0	0
0	0
0	0
0	2
0	0
0	0
0	0
0	0
0	0
0	0
0	0
0	0
0	0
0	0
1	0
0	0
0	0
0	0
0	0
0	2
0	25
1	58
3	59
52	49
0	48
53	736
0	693
0	216
0	53
1	27
18	957
0	987
7	909
0	378
4	41
0	432
0	127
1	472
0	116
0	459
0	147
0	306
0	117
0	338
0	218
2	507
0	188
0	181
0	168
0	114
0	85
0	114
0	114
1	9
0	1
0	0
0	0
247	0
0	0
0	0
0	0
0	0
1	500
0	1681
0	1739
6	947
2	129
0	146
4	114
0	111
7	244
0	131
2	60
1	837
15	21
1	83
1	117
0	140
3	58
35	66
0	32
1	1067
0	978
39	56
0	175
0	1042
0	135
5	97
0	9
0	4
0	3
0	7
0	0
0	0
0	0
0	0
0	0
0	0
0	0
0	0
0	0
0	0
0	0
0	0
0	0
0	0
0	0
48	802
11	18
2	0
0	784
0	0
0	0
0	0
0	166
8	322
0	371
0	189
1	38
29	28
0	123
1	93
0	178
0	178
4	82
0	178
0	41
0	133
2	121
0	39
13	74
1	8
0	0
1009	317
68	235
0	0
0	0
0	0
0	0
0	0
0	0
0	0
23	293
1026	324
0	165
3	31
6	45
0	0
33	1092
0	1092
3	1091
7	241
10	125
0	0
0	0
0	0
0	0
0	0
1	16
2	4
0	16
0	1
0	1
58	27
0	4
0	3
0	24
0	517
152	228
19	444
0	36
46	59
3	32
89	191
13	199
0	121
0	60
2	121
0	78
2	48
0	0
0	0
0	0
0	5
0	5
0	0
0	5
0	5
0	5
0	0
0	5
0	0
0	0
0	0
0	0
0	0
0	0
0	0
0	1
0	1
0	0
0	0
83	1405
3	84
0	300
0	245
163	1909
5	1905
6	335
1	616
0	211
2	240
68	454
21	44
0	10
0	68
0	128
5	67
0	176
5	12
50	59
0	0
0	0
0	627
0	1112
0	1034
0	1156
0	1077
0	928
0	1005
0	651
41	638
0	274
4	464
0	273
0	402
2	85
2	119
0	80
4	69
4	1060
0	886
0	12
0	113
0	113
1	17
0	11
13	444
29	227
11	287
0	48
3	73
0	0
0	0
0	0
0	0
0	1
0	1
0	1
0	1
0	1
0	1
0	0
0	0
0	0
0	0
0	0
71	638
0	97
0	631
1	498
110	391
3	62
3	110
0	107
0	121
0	113
1	17
0	75
0	86
2	3
6	1
3	45
0	15
2	18
3	11
0	15
1	2
283	32
0	32
0	0
0	0
0	123
0	23
61	1167
0	307
4	861
4	727
5	0
13	169
3	0
1	41
1	1
29	10
0	1
0	5
0	5
0	0
0	6
0	2
0	5
0	4
3	0
0	3
0	4
0	3
13	599
2	272
17	552
0	84
1	153
0	200
4	9
25	0
7	76
163	450
0	493
0	342
0	343
0	138
0	257
0	97
42	29
24	204
0	96
16	97
0	0
0	0
0	0
0	0
0	0
0	0
0	0
0	0
0	0
0	0
0	0
0	0
3	649
0	489
0	560
0	618
0	679
0	356
0	106
0	212
0	208
0	208
1	253
0	190
1	205
0	165
0	12
0	81
0	143
113	88
1	110
11	875
0	718
0	1147
0	1126
0	1130
1	844
2	175
0	111
0	1150
0	1122
8	19
0	19
0	14
0	0
0	0
0	0
0	0
0	0
0	0
0	0
0	0
23	0
6	685
0	529
0	481
0	216
0	115
0	104
6	123
159	63
0	52
9	0
235	51
0	37
0	25
2	14
0	0
0	0
2	0
0	0
11	0
14	153
0	179
57	129
1	60
0	52
0	92
2	77
0	37
2	38
564	129
2	129
0	491
0	492
0	341
0	340
45	99
2	234
21	183
0	82
0	82
3	56
0	53
7	16
6	84
3	51
0	0
0	0
0	0
54	164
0	153
0	109
22	1
0	15
341	138
0	26
0	60
0	56
0	49
0	49
0	44
0	11
0	6
0	12
0	24
0	8
0	6
0	19
2	19
0	17
0	5
0	4
0	8
0	0
1	0
0	26
61	83
2	37
14	41
0	105
218	560
0	365
0	365
0	64
0	560
1092	200
2	84
4	27
3	99
11	281
0	281
0	7
112	219
0	219
0	0
0	0
0	1971
1963	1974
104	83
0	83
0	72
0	1
0	1
0	5
0	1
0	0
0	4
0	0
0	0
0	0
0	11
0	341
1	357
0	357
44	85
2	184
0	229
134	60
1	38
0	22
2	35
0	271
0	281
0	248
0	213
7	69
2	46
4	33
0	18
1	38
0	0
0	3372
23	80
11	429
0	263
1	302
8	3251
0	0
0	0
0	0
0	0
0	0
0	0
0	0
0	0
0	0
0	0
23	2174
0	2440
8	2364
9	0
6	257
88	73
2	727
3	725
0	65
0	5
13	63
0	0
0	0
0	0
0	0
0	0
2	0
1313	1075
0	1060
5	115
0	201
1	117
2	36
238	333
0	333
0	63
4	330
1	22
34	334
2	1
27	108
0	48
1	27
0	30
0	36
0	95
203	95
0	66
20	9335
16	4323
4	4676
2	9333
0	4314
29	3865
7	449
0	283
0	172
0	283
0	216
0	208
0	2
0	2
2	8
36	39
42	52
0	34
0	26
0	147
24	1519
0	1513
0	1462
0	1468
8	1427
4	6
0	1512
0	1517
16	537
0	534
1	82
27	13
0	145
27	140
8	47
17	73
0	1910
1305	3056
21	289
6	1732
8	196
76	425
12	337
11	319
41	609
0	357
0	0
0	0
0	0
0	0
0	0
0	0
0	0
0	0
0	0
25	137
2	124
13	25
0	181
0	27
0	0
0	0
0	0
0	0
0	0
0	0
0	107
0	38
0	13
0	101
0	19
6	0
0	23
2	103
0	13
0	13
0	12
0	9
0	3
0	2
0	545
1	344
0	63
0	416
43	495
0	0
14	80
0	168
0	166
1	132
0	149
0	123
1	83
10	25
0	6
0	29
0	2
30	0
5	809
0	34
0	25
0	34
2	0
0	809
1	119
73	67
0	14
0	53
0	196
11	656
759	656
2	465
0	49
276	8
24	8
2	56
0	40
0	27
0	54
0	51
3	37
0	46
0	5
0	5
0	5
0	0
0	0
0	0
0	0
0	0
0	0
0	0
0	0
0	0
0	0
2	70
9	70
3	116
0	121
6	26
12	51
0	7
0	7
0	0
0	0
0	0
0	0
0	0
10	24
0	24
0	4
0	0
0	0
0	0
0	0
0	0
0	0
0	0
0	4
0	4
0	0
1	0
0	0
0	0
0	0
396	321
18	58
8	185
9	268
0	103
2	5
0	1
6	1
0	0
0	103
0	0
0	1
0	2
0	2
0	0
0	0
0	0
0	0
12	874
0	8
1	50
15	844
0	712
0	43
0	2
0	1
0	1
0	1
0	0
0	0
169	159
14	19
0	47
2	101
3	39
0	0
0	0
0	0
3	712
0	64
2	712
2	11
2	7
0	0
1007	415
0	415
0	7
0	7
0	4
0	7
0	0
0	3
0	0
0	2
561	21
69	21
0	0
0	0
0	0
0	0
0	0
5	0
0	0
0	0
1	0
8	97
1	97
0	0
0	0
3	16
0	16
0	1
0	16
0	94
746	553
48	3
1	61
0	56
0	551
0	102
3	0
0	0
0	0
0	0
49	7
3	7
0	1552
0	1547
40	1563
0	1020
0	1075
3	79
4	39
3	0
0	0
0	0
0	0
0	0
0	0
0	0
0	0
0	0
0	0
0	0
0	0
0	0
2678	0
1422	625
14	506
36	28
2	115
2	119
14	0
0	54
0	196
0	123
0	50
0	1
1	106
0	58
0	199
0	196
0	0
0	0
94	0
0	0
0	0
0	0
53	150
5	235
8	388
0	429
0	439
7	441
34	177
25	15
1	62
1	146
0	54
2	36
9	1465
0	1512
2	312
1	188
3	230
5	35
1	77
8	55
7	582
59	52
7	0
0	0
0	0
0	445
0	436
0	436
0	436
0	418
0	299
0	232
9	65
0	177
0	195
9	175
0	118
0	152
0	153
1	166
0	122
0	143
0	89
1	87
0	96
0	96
0	16
0	48
0	42
0	418
0	0
0	0
0	0
924	168
0	164
0	99
0	54
3	3
0	3
0	1
1	1
0	1
2	1045
0	1068
72	86
0	97
0	1036
0	1083
0	75
0	89
2	1006
68	1084
0	1055
0	28
4	162
0	146
0	280
7	376
13	0
4	1
0	0
0	0
0	11
0	11
0	6
0	7
0	2
0	0
0	0
9	18
0	0
1	18
0	5
0	0
0	0
0	0
0	0
0	0
0	0
1	280
63	538
34	85
0	214
15	355
10	233
0	240
0	267
6	269
0	151
20	125
0	200
2	144
1	42
36	101
0	44
0	0
92	17
112	0
72	7
0	7
0	0
0	0
0	0
1	0
0	0
200	221
1	96
0	83
0	127
6	8
0	2
0	2
1939	537
13	354
12	28
3	155
14	56
5	56
0	29
2	18
0	8
0	3
0	0
0	103
1	161
11	150
0	67
0	100
5	26
608	601
8	105
0	78
7	72
0	9
15	48
3	35
17	265
0	64
0	76
0	56
185	460
3	231
1	42
0	57
7	11
0	194
0	258
2	336
0	72
19	274
0	228
5	242
0	196
5	50
0	10
0	0
0	0
0	0
0	0
0	0
0	20
4	20
1	17
0	0
0	0
0	0
0	0
0	0
0	0
0	0
0	0
0	0
0	0
0	0
0	0
0	0
0	0
0	0
5	10
0	7
0	2
0	3
0	0
0	0
0	0
0	0
764	60
1	16
0	44
0	0
0	0
0	6
0	74
0	70
4	5
4	63
34	5
0	60
0	1
0	60
0	5
0	6
0	70
0	95
406	506
0	370
8	145
0	0
0	0
0	0
19	76
0	72
0	4
12	74
0	102
0	0
0	0
0	0
34	278
0	273
0	0
0	0
0	0
0	0
0	0
0	0
0	0
0	0
0	0
1	0
2	0
2	143
0	132
2	22
17	87
62	21
0	21
1	232
4	232
0	0
0	0
0	0
0	123
5	90
2483	2962
96	129
12	2962
501	127
9	10
2	2
0	3
0	3
0	3
0	0
0	0
0	0
0	2551
1	1413
1	1765
7	177
0	255
47	152
0	1873
17	1854
0	0
639	1226
0	627
0	796
0	1090
0	0
0	0
380	38
9	31
2157	188
0	188
0	0
0	0
74	1044
4	1044
30	1
676	87
0	87
0	0
97	21
0	1
0	20
105	441
44	289
6	256
0	251
1	152
0	2
0	2
0	0
9	237
0	225
3	12
0	58
3	53
1	119
0	131
5	40
0	43
0	5
3	23
2	42
0	42
0	43
945	82
24	89
2	0
5	11
66	254
13	254
22	5
0	60
19	11
8	42
0	72
0	31
0	31
0	3
0	3
0	3
0	3
0	0
769	0
0	0
0	0
0	422
2	423
3	308
8	197
4	64
0	72
13	137
0	2
0	0
0	0
0	2
2	685
0	285
0	314
0	159
0	175
3	152
0	32
1	38
4	23
0	2232
12	1396
0	1685
0	384
0	1469
72	813
0	1271
0	433
10	2146
0	244
0	400
0	709
4	1545
56	553
3	368
2	166
0	759
3	460
22	3
19	195
0	0
0	0
378	0
46	212
0	38
8	34
1	38
9	13
1	55
28	123
0	0
3	112
0	107
0	112
0	26
0	81
0	0
0	0
0	0
0	28
0	29
0	14
0	15
0	11
0	1
0	0
0	0
0	0
0	0
0	0
0	0
0	0
0	6
0	6
17	5
0	0
0	0
0	0
1	168
0	99
39	74
5	110
2	59
1	92
0	64
10	91
0	1
0	0
0	0
0	0
78	0
0	59
0	59
0	68
0	68
0	54
0	53
0	15
0	2
0	9
0	2
0	2
7	3
0	1
0	9
6	23
0	2
0	15
0	20
0	6
4	43
0	43
0	37
0	0
0	0
0	0
0	0
0	0
54	618
271	840
13	327
1	513
0	392
0	139
5	84
22	1678
0	1683
0	161
2	58
12	0
3	1367
0	188
5	105
0	106
3	1
1	3
0	0
0	3
1	2
0	2
2	0
0	0
0	0
0	5
0	1
0	5
0	0
0	0
0	0
7	0
0	0
0	0
0	11
24	11
0	2
0	6
0	3
67	48
0	33
1	26
0	0
0	9
0	42
0	42
0	42
0	0
0	0
1	565
44	563
0	575
0	380
23	178
0	108
23	93
10	3570
3	150
2	234
0	3549
0	40
31	2121
1	3222
0	42
273	1245
29	28
1	529
0	650
0	188
0	150
0	1523
12	1289
0	221
215	190
113	1396
0	151
16	254
0	0
0	2
3	2
0	1
0	0
0	0
0	0
0	0
0	4
0	4
0	1
0	4
0	1
0	0
1	0
0	0
0	1003
19	1000
0	51
7	91
2	97
0	533
3	537
0	518
14	24
3	85
7	61
2	57
0	36
0	145
6	139
1	121
2	533
0	1
0	0
0	1
0	0
0	0
0	0
0	0
0	0
0	0
0	0
0	0
0	0
0	0
0	0
0	0
11	0
0	0
0	0
0	0
0	0
0	0
0	0
0	3
0	158
0	158
0	0
1	0
665	218
7	42
31	20
0	134
1	136
42	89
2	38
1340	320
0	34
1	80
35	12
0	102
3	43
0	87
80	0
2	0
0	0
0	0
0	0
0	0
0	0
0	0
0	25
0	15
0	15
0	5
0	28
23	41
0	25
0	11
0	0
0	1
0	1
0	1
0	1
0	0
0	0
0	0
0	0
0	0
0	0
0	0
0	0
0	0
0	0
0	0
0	0
0	0
0	0
0	0
0	0
0	0
0	0
0	0
0	0
0	0
0	0
0	0
0	0
0	1
0	1
0	0
0	0
0	0
0	0
0	0
0	0
0	0
0	1
0	0
0	0
1	2
0	0
0	2
0	0
0	0
0	0
0	0
0	0
0	0
0	0
12	2
0	2
0	0
0	0
0	0
0	0
0	2
0	1
0	1
0	0
0	0
6	2
0	2
0	0
175	4337
2	4030
5	772
8	779
0	747
12	726
1	781
0	30
10	5
0	107
0	107
0	107
2	4
96	1192
27	1195
0	415
0	85
1	99
0	0
0	0
0	0
0	0
67	13
1	2
2	11
0	0
0	0
0	0
0	0
2	564
3	467
0	535
0	432
0	13
0	57
0	48
1	11
2	11
0	27
1	60
1	26
7	8
0	85
0	37
0	6
0	575
0	5
0	6
3	482
11	467
0	430
0	410
1	26
1	41
3	38
0	0
0	0
0	0
0	0
6	686
0	690
0	35
0	29
0	478
5	394
4	488
0	128
1	9
0	34
0	68
0	51
0	29
0	180
0	236
0	33
0	216
3	172
0	101
0	8
1239	172
1	172
0	0
0	0
375	702
18	702
0	0
0	443
0	476
0	236
1	107
21	266
59	273
6	67
0	39
0	30
47	177
13	433
51	433
69	185
0	184
0	5
0	36
0	47
0	27
0	31
0	27
0	21
49	58
0	0
5	15
0	3
2	18
0	0
0	0
0	0
0	0
0	0
0	0
7	2
0	2
0	11
0	11
0	3
5	6
0	0
0	0
0	3
0	0
0	0
0	1138
29	1447
0	503
2	138
0	89
1	74
51	323
9	606
0	589
1	43
0	78
6	374
10	374
1	8
1	23
1	72
0	42
0	0
0	0
0	0
0	0
0	0
0	0
0	0
0	13
0	13
0	8
0	14
0	13
0	13
0	13
0	0
0	9
0	13
0	1
0	8
0	12
0	8
0	8
0	8
0	8
0	8
0	12
0	12
0	3
0	1
0	8
0	13
0	13
0	14
0	13
83	3527
10	330
2	198
2	248
2	343
0	403
0	592
8	384
38	766
41	274
0	446
1	3527
0	0
0	0
0	13
0	13
5	13
1	4
0	0
0	0
0	0
0	0
1	0
0	0
0	0
0	0
0	0
5	0
1	0
196	346
2	22
0	53
0	35
22	62
2	187
3	112
0	344
2	42
0	70
0	11
0	32
0	56
2	0
0	35
0	8
0	23
0	13525
0	58
49	5
0	58
0	53
0	41
1	0
0	0
0	0
0	0
0	0
0	0
0	0
0	0
7	8317
1	8282
0	6390
0	4349
0	1154
1	5100
0	1892
0	7608
0	8141
4	1851
0	3274
5	248
0	7449
0	7600
0	3346
106	6283
11	778
0	455
2	10
0	788
1	8
0	6
2	3
0	1
0	2
0	2
0	3
0	1
0	208
0	284
0	218
0	33
0	33
0	17
27	96
18	0
0	273
4	134
4	52
24	75
10	268
0	304
42	52
20	0
1	0
0	0
0	0
0	0
0	0
0	0
0	0
0	0
0	0
0	0
0	0
0	0
0	0
0	0
0	36
0	2
0	36
12	687
0	0
0	0
0	0
0	0
3	218
2	24
8	13
0	218
22	70
0	90
3	0
0	33
4	99
0	216
0	0
0	0
0	46
11	46
0	11
0	31
0	0
0	11
1	10
0	10
0	0
0	0
49	1222
10	1226
2	36
6	162
0	83
4	85
7	43
0	0
0	0
702	149
80	0
0	149
12	83
0	108
0	43
0	133
4	45
0	130
0	53
0	53
1	123
0	129
6	0
0	127
0	0
0	0
0	0
0	0
0	260
0	207
0	254
0	237
0	235
0	0
0	0
0	0
125	5
0	5
0	0
0	0
0	0
0	0
0	0
132	0
0	0
0	0
0	0
0	0
163	130
0	0
1	116
5	116
4	0
0	0
0	0
4	194
0	973
8	993
0	14
11	18
15	281
1	25
0	48
5	0
2	0
41	0
0	0
0	0
0	334
2	547
0	81
0	294
0	250
0	199
3	294
0	537
6	0
0	0
23	570
0	0
0	0
0	0
2	0
0	4
8	4
0	0
0	0
0	0
0	0
0	0
0	4
0	0
0	0
0	0
0	0
0	0
0	0
0	0
0	0
0	0
0	0
31	46
0	46
0	179
85	185
2	23
1	62
2	5
0	4
1	5
0	0
0	5
0	81
0	7
0	81
0	0
0	0
120	461
26	410
0	33
0	61
7	97
0	121
13	30
0	0
0	0
0	0
0	0
0	0
0	2643
4	1755
0	288
101	2602
15	260
2	80
1	2639
0	0
0	0
103	122
19	50
7	32
0	77
0	11
0	25
0	26
55	56
0	52
0	0
10	969
0	741
2	954
20	487
16	0
52	817
0	106
0	109
4	10
8	48
0	822
0	0
0	0
0	0
107	861
14	21
45	840
10	145
0	329
0	64
5	36
17	236
0	7
0	12
0	25
0	324
0	327
0	85
0	20
0	239
0	215
0	173
1	64
0	51
0	10
0	31
3	58
0	58
0	1
0	0
0	69
28	42
2	42
0	63
0	19
44	38
0	32
4	36
0	36
0	27
0	22
2	310
0	314
0	311
1	305
0	311
0	304
0	49
1	18
0	15
0	9
0	629
0	0
0	0
0	0
3	0
0	0
0	0
0	0
0	0
0	0
8	90
1	90
12	11
0	0
13	2
0	809
30	1697
142	1736
570	1719
3	1716
11	1733
1	1
0	1
0	0
0	0
0	0
0	0
0	1
0	5
0	1
3	5
0	1
299	1615
0	1301
30	71
0	314
23	73
4	73
0	0
0	10
0	8
0	0
0	0
0	0
0	0
0	43
3	78
7	39
573	221
0	144
0	22
0	99
0	0
0	0
0	0
0	0
0	0
0	0
0	0
26	644
593	644
8	648
0	345
0	630
0	26
0	642
3	37
0	37
0	23
0	0
0	0
0	0
172	925
0	537
0	574
0	570
0	562
10	227
7	134
4	162
19	489
0	126
0	93
0	1
0	1
0	0
0	0
0	0
0	0
1	1
0	1
0	356
0	327
1	181
9	0
0	328
24	169
0	84
20	43
0	175
0	0
0	0
1	0
0	0
0	0
0	0
0	0
0	5
0	232
0	176
22	0
0	58
0	176
0	142
6	231
5	179
12	179
0	12
0	4
0	41
0	40
5	31
5	13
0	0
3143	0
0	356
0	355
0	317
0	334
14	19
2	105
1	36
9	2
0	0
96	348
0	15
0	65
0	345
0	0
0	0
0	0
0	0
0	0
7	59
1	59
0	13
48	123
0	121
16	32
0	33
5	16
0	13
0	7
15	4
0	25
0	262
0	259
3	93
0	228
0	194
0	39
0	30
2	24
4	54
0	629
292	629
31	629
5	101
437	52
0	29
93	241
0	0
121	1777
0	1496
64	334
0	495
0	0
0	0
0	0
0	0
46	28
0	19
0	28
0	5
0	0
326	197
0	197
2	23
0	0
0	0
0	0
126	292
0	155
0	167
0	53
0	75
0	2
0	2
0	0
0	0
0	3
3	3
0	2
4	4
0	0
0	0
0	4
0	0
0	0
0	22
3	46
1	21
0	46
413	422
35	322
1083	713
7	195
0	651
3	384
0	431
9	8
316	412
84	134
0	411
26	51
2	24
0	0
0	24
0	4
0	6
0	1
0	5
0	15
19	408
0	404
10	240
0	219
0	379
0	214
0	168
0	236
138	86
45	1038
17	1064
0	844
0	19
0	8
0	1
0	32
0	32
0	5
1	2
0	14
1	0
0	0
0	0
0	0
0	0
0	0
0	0
0	0
0	0
0	0
0	0
0	86
0	86
0	6
0	753
0	760
22	166
0	253
23	86
0	85
6	41
0	1
0	752
0	15
0	338
0	102
18	140
2	81
32	342
0	0
0	0
0	10
0	10
0	6
0	0
0	7
0	3
13	7
1	5
127	28
12	28
0	20
4	757
0	834
0	241
0	615
0	129
22	103
0	360
0	20
0	103
0	1
0	8
1	8
0	8
0	9
0	9
0	7
0	10
0	3
0	8
0	37
3	25
0	1
0	33
0	3
0	3
0	3
0	2
0	3
0	3
262	1236
0	1205
0	591
0	611
3	489
139	220
30	194
0	201
4	177
0	43
10	129
0	83
7	83
1	81
34	0
0	0
0	0
81	104
0	106
0	105
0	83
12	68
49	276
0	255
1	221
6	244
0	219
23	304
39	304
48	183
14	150
242	222
0	31
3	13
0	48
0	26
0	0
0	0
0	0
0	0
0	0
4	2
0	2
0	0
0	0
0	0
0	0
0	0
0	0
0	0
0	0
0	0
0	0
0	697
0	745
0	703
0	742
0	716
0	693
143	0
0	109
120	333
1	40
29	4
0	0
0	0
0	1308
0	1379
2	1312
5	1390
0	225
1	47
1	14
0	499
0	488
0	14
0	14
0	0
0	0
0	0
0	0
0	0
101	258
0	258
1	82
0	0
0	0
315	850
5	395
5	327
0	103
987	1332
0	738
0	713
28	455
40	0
29	1
0	0
0	0
0	0
0	0
483	4320
35	3419
12	1274
10	103
105	0
0	0
475	1
3	16
87	324
0	255
0	83
13	101
0	32
0	0
0	12
0	23
0	0
0	0
26	57
106	60
0	5
0	0
0	0
0	0
0	0
0	0
0	0
0	0
0	0
21	2
0	2
0	0
0	0
0	0
0	0
3	2
0	2
0	0
0	0
72	95
0	26
18	23
0	82
0	13
4	15
2	49
1	45
19	137
0	48
0	96
0	90
7	89
4	45
35	425
0	422
0	248
0	0
0	0
0	0
0	0
0	0
503	0
22	33
408	289
24	23
0	262
8	440
0	512
0	92
4	274
0	263
3	136
0	0
0	0
0	0
1	526
14	252
0	681
11	376
3	0
2	23
8	101
0	31
4	636
0	38
6	0
2	90
145	323
0	78
0	0
0	0
112	3168
0	3210
35	3105
0	3286
0	486
1	729
1	194
0	506
326	780
0	306
0	2
0	2
0	2
0	2
0	2
0	2
0	2
0	0
0	0
0	0
0	0
0	0
0	8
0	10
0	10
2	3
0	1
0	2
11	2624
0	2553
0	568
10	333
36	1227
0	501
76	1165
37	183
0	124
35	2681
160	218
1	218
0	0
0	0
0	0
0	0
0	0
0	0
0	0
0	4
16	4
768	4
24	4
0	946
0	709
0	1147
1	6815
22	5779
0	6890
0	6692
3	6690
0	6692
0	8228
21	492
581	364
0	1912
34	2012
4	45
0	8253
0	6448
0	8148
0	0
0	0
0	0
0	0
0	0
0	0
0	0
18	522
0	475
1	522
6	177
0	141
0	106
0	172
27	115
13	46
109	3
1	3
0	630
0	438
0	446
0	469
6	625
1	643
0	334
0	554
0	655
0	84
1	9
0	73
0	55
2	32
2	77
0	54
0	19
0	5
0	0
0	0
0	0
0	0
0	0
3	95
0	286
6	278
2	42
8	155
3	5
12	102
1	11
6	211
2	140
0	207
3	211
7	10
0	151
0	77
0	91
1	109
254	1049
1	1049
321	477
0	440
4	61
0	28
6	37
0	0
10	101
2	101
0	0
1	1
0	1
13	564
0	569
0	568
28	191
0	304
0	275
0	250
22	154
5	0
0	49
421	214
4	69
0	167
0	8
5	76
0	0
23	0
0	2
0	2
74	967
0	162
0	139
5	859
143	296
0	296
0	0
1	4
0	4
0	5
1	93
0	91
10	1
0	86
0	59
2	14
10	30
6	638
0	609
10	171
1	499
0	177
161	2885
0	2898
31	1397
10	506
0	87
3	1024
70	388
4	0
6	9
1	57
0	57
0	54
3	47
0	18
5	41
0	10
0	17
1	18
0	44
0	53
3	4
1	4
0	0
0	0
0	0
0	0
0	0
14	603
0	595
0	40
3	65
0	8
0	98
0	26
4	53
0	60
156	16
1	6
0	5
1	3
0	5
0	4
0	0
0	0
0	0
0	0
8	0
14	61
0	61
0	12
0	52
0	38
0	24
0	0
0	0
0	0
0	0
0	0
0	0
28	38
2	38
0	2
0	4
0	32
52	328
2	328
1	0
3	18
0	22
1142	0
0	0
0	0
0	0
0	0
0	0
0	0
0	0
0	0
0	0
0	0
0	0
0	0
0	0
0	0
0	0
0	0
0	0
0	0
3	116
0	127
0	29
0	53
1	28
7	364
54	443
7	314
22	654
2	588
4	497
53	34
0	43
0	68
40	10
0	109
4	25
0	360
0	88
0	39
131	21
0	0
0	0
0	0
0	0
32	117
0	101
21	55
0	26
21	198
11	198
330	512
34	512
0	233
0	25
36	0
3	142
0	143
0	13
0	97
0	84
11	11
0	8
6	8
15	15
0	0
0	0
498	1060
5	238
0	879
2	589
0	545
4	369
1	441
0	443
5	279
6	116
0	3
0	0
38	293
23	428
17	274
1	207
7	18
0	17
5	0
1	236
0	147
0	62
0	47
0	77
12	3
0	36
0	235
22	290
28	683
21	1018
0	1048
59	0
0	60
2	32
0	1030
0	415
0	1144
3	977
9	1055
7	359
29	320
7	153
34	247
217	247
0	78
2	96
0	88
1	60
0	57
0	17
196	129
0	68
0	51
6	14
33	18
0	0
0	0
0	0
0	0
56	56
0	56
4	7
2	0
27	0
3	0
0	0
0	0
0	0
0	0
6	1
0	0
0	1
0	0
0	0
1	0
0	0
8	420
812	912
58	4
13	27
0	49
0	80
6	162
0	0
0	0
0	0
0	0
4296	2087
0	150
3	1937
94	17
15	105
46	0
0	1164
1	675
4	38
0	1215
0	1229
0	1018
13	1220
0	1210
0	1229
2	74
0	1229
0	801
0	852
8	0
36	89
0	24
0	40
0	32
0	40
3	24
0	71
5	21
3	7
0	21
1429	62
138	62
0	872
0	206
0	854
1	812
64	439
0	828
5	811
9	739
0	359
1	252
0	276
1	280
9	109
197	0
1	206
36	67
56	0
0	0
0	0
0	0
0	0
0	0
0	0
0	0
0	0
0	28
0	26
1	29
0	3
30	28
0	0
0	37
0	37
202	287
0	287
73	1
0	0
2	340
0	324
0	340
29	243
0	220
0	227
0	33
0	12
4	15
0	4
0	18
10	13
0	1
1	0
22	427
4	108
34	1698
0	1719
0	0
0	0
0	0
0	0
0	0
0	0
0	69
0	71
3	40
34	85
3	54
4	36
1	33
0	5
415	86
0	42
0	44
2	316
0	349
0	311
0	105
0	131
0	46
0	48
0	349
0	349
0	0
6	32
0	34
0	17
0	2
0	0
0	4
0	2
0	2
0	0
105	16
0	8
0	16
7	0
29	518
1	171
0	27
0	518
0	0
183	178
605	936
1	931
3	298
840	0
0	0
0	0
0	0
0	0
0	0
0	0
0	0
0	0
0	0
0	3
0	2
0	1
0	1
0	0
0	0
0	0
0	0
0	0
0	73
8	198
0	158
0	164
3	100
0	162
5	58
1	76
0	32
0	121
0	44
0	16
0	20
1	101
0	117
0	39
1	60
0	43
0	0
0	0
0	0
273	45
1	17
3	45
0	0
0	0
0	0
0	0
0	0
510	4233
70	2110
29	2938
3	1416
102	61
0	0
0	0
2810	2939
8	917
0	2338
0	2015
137	1321
5	118
0	0
0	0
0	225
0	1
2	27
1	0
3	281
1	225
1	178
0	18
4	45
6	140
40	68
0	100
305	0
1	260
0	238
0	215
0	236
3	256
1	114
4	12
597	1373
0	277
7	1373
10	184
0	0
0	0
0	0
4	0
0	0
0	0
177	184
0	99
1	102
1	13
0	1
0	0
0	1
0	0
0	0
68	17
12	17
8	10
1	0
0	0
0	0
155	467
14	93
6	58
22	34
0	188
0	95
1	206
1	163
3	71
0	0
0	0
55	817
0	816
0	141
9	23
1	0
0	107
1	87
0	106
0	7
1	1
0	0
0	1
0	1
0	0
0	3
0	3
0	1
0	0
0	149
1	396
0	395
0	356
8	377
0	389
0	352
0	84
0	127
0	87
0	64
10	76
0	73
10	15
0	20
15	94
0	0
0	82
5	77
0	71
0	32
0	13
13	0
0	493
0	542
7	556
2	538
3	74
0	2
0	2
0	0
0	2
0	0
0	0
0	2
0	0
0	0
0	90
1	90
1	56
0	14
0	0
0	0
0	0
0	0
0	0
0	0
1	134
0	82
0	33
0	106
0	42
0	67
2	67
0	100
0	108
756	0
0	33
0	33
0	28
0	17
0	11
0	0
0	0
1	0
0	41
2	27
6	25
3	11
0	30
0	7
0	8
0	0
0	0
0	0
165	155
0	150
0	115
0	12
0	1
0	12
0	1
0	1
0	1
0	1
0	1
0	1
0	0
0	0
0	0
0	0
0	0
0	0
0	0
0	0
0	8
0	0
0	1
0	8
1	8
0	8
0	8
0	8
0	8
0	1
0	0
0	7
2	7
0	5
0	7
0	7
0	5
0	8
151	901
36	568
0	303
6	48
0	285
316	12
9	12
0	121
0	107
4	6
0	63
0	100
13	62
2	98
2	25
0	7
0	16
99	0
0	0
40	0
0	0
0	0
0	0
0	2
0	0
0	0
0	2
1	12
16	55
0	42
8	33
0	29
0	12
2	12
0	805
1	439
10	512
0	375
0	386
0	325
1	182
1	150
0	43
0	746
0	0
0	1
0	1
0	0
0	1
910	1031
2	1031
3	7
0	5
2	0
0	2
31	1
0	1
0	351
407	351
6	4
11	332
10	30
2	114
4	4
0	4
332	169
0	118
32	104
64	28
2	29
0	16
0	2
0	2
0	2
0	21
45	0
40	577
109	577
0	1285
0	1002
0	919
0	583
0	536
0	862
4	1064
2	810
17	208
0	849
0	767
0	690
0	138
1	28
0	492
8	63
0	0
0	0
0	0
0	0
1	0
2	2
0	2
1892	1805
111	10
2	1374
0	409
5	1055
0	0
0	0
0	0
0	0
0	0
0	0
0	1
0	1
0	0
0	0
0	0
0	0
0	0
0	0
0	0
0	0
0	0
0	0
34	44
0	44
1	327
9	107
0	318
5	3
0	0
0	0
0	0
23	135
0	50
0	136
0	77
0	85
0	20
0	43
6	15
0	38
0	48
0	29
0	5
0	36
0	541
1	0
12	368
14	356
48	351
50	305
0	547
283	365
1	352
0	364
1	272
0	76
2	129
202	343
0	338
49	133
13	148
0	122
3	281
1	4
9	294
0	39
0	241
240	458
0	36
2	22
46	464
2	32
1	24
0	27
5	9
0	1
2	0
0	9
1	5
373	495
62	116
88	495
0	118
0	97
0	18
48	47
2	106
0	107
3	51
0	0
0	0
0	0
23	198
0	186
12	141
0	104
2	120
0	21
64	0
1	17
25	363
0	29
0	339
4	3
0	51
0	161
181	0
0	0
0	0
0	0
0	6
0	4
0	2
0	2
0	0
0	0
0	0
0	0
0	0
0	0
0	0
0	0
0	0
0	0
0	0
0	0
0	0
0	0
0	0
0	1
0	1
0	1
403	107
0	107
26	1268
15	11
676	1257
28	213
0	72
889	72
0	0
0	0
0	260
0	211
1	182
4	12
2	33
0	0
3	260
1	0
0	0
0	237
2	37
34	842
0	789
1	317
0	225
5	93
0	0
0	0
0	0
15	96
373	111
1	54
5	53
0	0
0	0
0	0
0	0
0	0
0	0
1599	0
0	0
0	0
0	0
0	0
0	0
0	0
0	0
0	0
0	0
0	85
1	85
25	5
0	0
0	0
0	0
0	0
0	0
1	815
0	0
0	0
0	0
0	0
22577	10848
0	787
21	1303
0	2197
123	6350
132	5228
1	4803
0	3256
423	2781
226	714
156	62
0	143
0	687
30	38
64	22
0	97
3	85
1	85
0	44
1	45
0	45
4	46
0	21
0	10
1	9
1	2
0	2
2	0
0	0
0	51
12	443
0	142
0	459
8	581
0	59
1	171
1	226
0	149
13	261
0	232
3	152
0	241
0	92
61	62
0	104
16	1007
6	357
8	293
4	149
1	0
393	36
0	36
32	362
3	303
3	160
0	136
0	3950
9	3795
1	3549
200	2362
48	1239
0	636
0	301
16	100
41	25
0	0
0	0
0	0
0	0
0	0
0	0
2	0
190	0
16	59
1	59
2	438
43	438
2	13
0	8
0	0
0	3
0	1
0	1
0	3
0	0
2	1
2	0
0	0
1	0
0	0
0	0
2	2207
35	2207
1	1906
1	89
4	707
44	458
0	397
0	180
0	189
0	189
0	184
0	97
0	5
0	7
4	13
0	180
0	186
753	0
0	0
1	0
0	1
0	1
0	0
0	0
0	0
0	299
0	249
13	138
0	188
3	141
6	125
3	46
0	15
3	8
0	24
2	34
42	129
1	3
1	16
1	50
0	66
0	38
0	0
1	195
0	194
10	106
3	7
1	189
13	52
1	43
0	51
0	53
0	113
0	0
0	0
0	0
5	106
3	106
0	105
2	107
0	25
0	19
0	15
0	28
0	21
0	8
5	15
0	106
0	122
138	277
20	299
2	221
0	0
0	467
787	467
0	467
566	155
19	155
4	11
169	486
0	286
1	260
1	71
0	200
30	60
0	3
0	60
0	0
18	113
0	113
71	34
0	32
0	19
0	32
4	0
0	0
3	0
0	88
0	10
0	87
8	113
1	191
0	185
0	189
0	81
1	3
0	5
1	7
22	316
24	317
1	275
1	261
5	43
0	1873
0	1693
0	5268
1	5589
0	5697
0	5514
5	4552
0	4517
0	4574
0	4641
0	4540
17	467
6	438
0	152
361	45
10	232
113	527
69	272
0	1629
0	5343
3	157
15	128
10	88
13	45
12	352
0	151
108	491
0	466
47	279
8	203
0	0
0	24
20	34
0	385
25	146
0	373
0	340
0	230
0	236
0	277
5	288
3	43
0	176
2	66
23	0
1	22
0	31
6	210
1	373
10	18
128	35
0	283
0	602
0	617
4	628
0	0
0	0
0	0
0	0
5	631
0	640
0	153
2	93
0	15
1	601
1	174
0	61
0	592
0	162
1	80
0	30
6	325
2	8
0	55
0	246
5	107
8	338
0	275
18	3
2	288
0	95
0	129
0	187
0	119
1	55
0	0
0	37
2	38
0	198
17	853
1	62
0	212
9	10
1	432
0	251
0	62
0	70
0	739
54	77
5	191
15	192
0	2
0	2
68	874
0	955
0	802
2	379
39	57
0	0
0	0
0	0
0	0
0	0
0	0
0	0
303	112
0	112
4	90
27	36
0	444
0	611
2	582
0	208
9	176
0	262
0	116
0	161
0	92
1	29
0	0
0	0
0	0
0	0
0	0
0	919
1	785
0	300
0	363
0	415
1	240
0	88
0	328
2	234
0	220
34	593
1	3146
0	286
1	796
0	3125
2	7
0	0
0	7
2	0
0	0
0	0
7	163
2	163
0	8
0	6
1	288
33	141
0	245
0	208
5	35
0	62
0	9
0	0
166	27
0	7
0	18
0	18
0	39
0	39
0	1
0	1
0	21
0	8
0	39
918	369
39	35
0	96
0	209
0	209
9	230
1	0
0	0
0	0
0	0
0	0
0	0
0	0
0	0
0	0
0	0
0	0
0	1772
0	1063
2	5024
4	3284
458	4877
8	1038
1	2356
0	0
0	0
0	2339
31	15
2	567
0	2318
15	2209
0	34
0	14
50	0
0	52
1	205
3	2319
22	41
0	4
0	32
1	21
0	27
0	18
0	16
0	25
0	17
0	8
70	130
1	130
0	42
0	44
0	53
0	35
0	3
8	8
0	7
1	0
0	1
0	10
0	9
0	11
0	11
17	6
3	0
0	0
0	0
14	1872
787	1998
99	1287
35	73
50	166
1	418
0	434
5	292
0	353
0	0
32	396
2	12
0	119
3	318
0	168
0	1443
5	109
5	166
36	108
264	1720
0	160
2	358
1	274
0	574
0	328
1	603
2	324
0	452
1	470
25	1196
0	1327
96	1308
20	19
1	26
0	0
0	0
0	0
0	0
0	156
246	156
0	33
4	146
0	91
0	0
941	516
0	290
3	448
11	121
9	1663
0	564
0	157
7	156
2	149
1	186
0	8
0	516
13	368
2	198
6	308
2	67
57	67
0	1728
15	362
0	311
40	362
60	17
0	6
1	11
0	4
0	2
0	1
0	1
0	3
0	0
496	197
0	197
0	119
2	110
6	494
0	457
18	426
0	35
3	73
0	15
66	49
632	14
0	14
121	796
0	531
0	46
35	265
0	105
0	65
0	66
13	42
4	22
0	3
0	3
0	3
0	3
0	0
0	0
0	0
0	0
0	0
0	0
0	210
0	319
0	281
0	270
4	302
4	148
0	172
7	150
0	119
0	84
8	73
0	0
0	0
0	0
14	0
0	0
0	24
1	5
0	5
0	5
0	4
0	5
0	5
0	216
0	170
2	83
0	79
0	60
0	216
0	47
6	67
0	62
1	18
1	48
1	1
0	5
0	2
195	161
3	33
1	29
2	118
47	395
2	319
2	99
15	155
628	243
0	167
0	77
0	0
0	0
26	338
16	332
8	0
10	133
27	27
0	32
1	30
0	3
0	0
0	4
0	10
0	7
0	3
0	7
0	10
0	10
0	10
0	10
0	12
0	11
0	8
0	3
0	2
0	0
0	0
0	0
0	0
0	0
0	0
0	0
0	0
0	0
0	0
0	0
104	33
0	54
12	0
3	9
1	9
0	22
0	0
0	0
0	0
0	0
0	0
2	1
0	0
0	9
0	6
0	11
0	3
0	5
0	4
0	0
0	0
0	0
0	0
0	0
7	1460
6	1244
0	683
1	548
20	265
16	409
0	221
295	203
0	82
0	6
116	96
0	199
0	2
0	16
0	16
0	14
0	8
0	4
0	0
0	0
0	0
87	2229
0	1879
0	1361
0	808
33	721
0	254
0	144
2	16
0	11
0	0
0	15
0	16
0	16
4	5
2	3
0	1
0	0
0	0
0	0
400	188
0	37
0	34
4	36
36	0
164	121
0	0
0	0
0	0
0	0
0	0
0	0
0	0
0	0
0	0
0	0
703	360
12	91
1	95
6	174
0	108
67	293
0	32
0	297
41	15
3	11
3	26
0	46
3	0
1	246
0	10
0	164
0	10
0	9
0	9
0	4
3	186
0	167
1	148
0	127
0	103
0	102
0	86
0	42
3	4
0	3
13	2038
38	2038
0	138
252	138
0	94
0	16
7	0
0	138
104	36
0	35
13	1
4	3
0	4
19	944
0	944
0	96
1	69
1	4
0	315
4	299
0	299
0	21
0	314
0	314
1	149
39	409
0	209
22	59
0	185
0	167
0	404
22	27
1	36
19	39
1	43
0	96
19	10
3	1191
0	211
0	211
0	1226
1	1043
56	979
5	1066
1	1066
0	967
6	633
0	126
85	484
21	0
0	176
2	179
0	112
0	141
0	85
1	3
2	12
0	0
0	0
0	0
0	0
0	0
0	848
10	924
0	920
1	770
0	793
0	541
15	132
0	283
0	161
1	204
0	101
0	203
0	188
0	63
0	80
0	58
0	50
0	80
1	850
0	51
0	334
13	334
0	0
0	0
0	0
0	0
173	323
0	325
4	11
4	24
22	42
25	291
15	185
0	286
1	46
3	70
0	141
0	130
44	0
0	0
0	0
0	0
0	1
0	1
0	1
0	0
0	0
0	0
0	0
0	0
0	0
0	358
0	533
0	127
0	83
0	583
0	534
0	2
0	2
0	2
1	13
0	13
663	245
6	245
0	454
0	480
0	464
1	20
0	467
15	0
5	285
1	32
1	18
1	8
0	282
0	87
4	12
0	2
0	2
0	2
4	111
0	111
0	58
0	13
0	15
0	4
2	3
82	2358
20	1956
3	541
3	650
0	53
0	0
0	0
0	0
0	581
15	608
18	6
1	352
0	65
28	0
2	6
0	81
19	149
0	144
0	0
0	0
0	0
0	0
0	0
0	0
0	0
9	376
0	376
0	192
0	103
0	43
0	15
611	57
3	42
11	0
3	11
0	0
47	69
0	0
0	69
0	1
0	1
0	0
0	4
0	0
0	0
0	0
0	4
0	4
0	3
0	4
0	0
0	191
2	180
0	179
0	190
19	2
0	13
4	12
57	17
5	4
0	15
154	495
2	393
12	268
0	178
0	0
0	0
0	0
0	0
0	0
0	0
0	0
0	0
0	0
0	0
0	0
0	9
0	9
0	5
2	9
0	9
0	7
0	9
0	130
0	44
7	112
1	25
6	9
0	8
0	2
2	1
0	0
0	194
0	159
0	168
0	194
0	194
0	145
0	188
0	194
0	181
0	145
0	145
1	172
0	77
0	84
5	18
3	0
0	0
20	36
5	35
15	26
62	609
27	608
0	126
0	0
0	0
0	0
0	0
0	0
0	0
0	29
0	37
0	38
0	5
0	31
0	42
0	2
0	2
0	0
21	36
0	7
0	18
0	28
0	0
0	0
0	0
0	0
0	0
213	298
0	296
0	264
209	210
0	101
12	440
23	440
78	892
0	883
8	112
0	0
0	0
0	0
0	0
0	0
0	0
0	0
1	0
209	803
4	378
19	817
0	1212
41	1234
0	39
1	777
8	167
6	167
9	165
0	0
0	0
0	0
0	0
0	0
0	0
0	0
0	0
215	66
6	24
10	42
0	0
0	0
0	0
0	0
0	0
0	0
11	27
0	13
4	16
3	379
10	369
0	122
0	373
0	183
0	58
0	15
0	0
354	151
0	151
15	135
3	10
1	132
0	28
0	51
1	64
0	0
3	0
0	0
0	0
0	59
0	56
0	58
0	1
96	228
0	149
0	197
4	227
34	94
0	71
628	685
0	569
2	294
5	63
151	657
0	558
2	616
3	0
69	453
0	98
0	388
2	114
11	34
0	42
1768	20
2	20
0	0
0	0
0	0
0	7
1	89
0	710
0	709
0	575
0	112
2	31
14	25
0	144
0	500
15	136
12	69
0	18
0	0
0	523
10	521
10	274
4	512
1	158
0	349
7	239
0	31
0	69
2	160
1	527
3	464
3	432
1	165
0	106
3	25
6	0
0	67
0	23
0	82
16	3
0	71
0	79
1	14
1	0
0	37
0	0
0	0
0	0
0	0
0	0
0	0
2	0
0	0
0	0
0	0
0	0
578	0
146	661
0	661
10	0
1	0
2	403
87	487
0	106
6	35
0	50
0	45
1	13
1	53
81	0
0	0
0	0
0	0
0	0
0	105
0	98
7	1
0	105
247	12
0	12
59	416
0	126
1	362
2	116
0	93
32	245
0	186
0	91
20	129
16	0
6	88
2	64
0	26
343	0
0	0
0	0
9	371
0	368
0	143
0	0
9	102
2	94
0	89
0	20
37	95
93	187
0	118
44	0
2	65
182	651
0	648
4	190
8	0
0	0
0	0
0	0
42	30
859	92
4	37
0	150
0	164
5	136
0	152
11	30
1	47
0	146
0	63
1	57
0	47
20	100
0	0
11	160
0	154
0	32
1	152
0	19
0	50
0	38
0	10
1	8
0	19
0	16
0	0
0	0
3	0
0	0
0	0
0	0
0	40
1	37
0	6
0	15
0	6
0	11
12	60
0	48
0	37
8	54
0	3
0	53
0	7
0	59
0	52
0	0
0	0
0	0
0	0
0	0
0	0
0	0
0	0
32	5030
4	5030
2	3608
30	5
0	927
5	5104
142	1356
15	504
49	285
0	297
47	243
0	0
0	0
0	5
0	5
0	5
0	5
0	5
1	2
0	0
0	0
503	4
14	4
0	149
7	10
0	103
0	50
0	60
9	245
0	245
0	1272
5	1319
2	658
0	955
82	947
0	1055
0	1057
40	359
62	242
13	118
190	1669
47	1628
0	1471
0	321
3	2
130	556
0	585
0	400
2	125
0	123
0	19
0	58
0	8
1	3
0	7
0	0
0	0
0	0
217	0
0	0
750	53
0	53
1136	1122
0	1073
5	65
2	113
0	8
0	0
0	0
0	0
0	0
0	0
0	0
0	0
0	0
0	0
0	0
0	0
2	0
0	0
0	2
0	2
0	1
0	1
0	0
0	0
0	0
3	166
2	80
0	153
6	41
21	63
2	43
0	29
0	5
10	3
15	5
0	0
11	318
3	314
2	318
0	0
0	139
0	139
3	133
0	116
4	46
1	5
1	98
0	70
0	73
0	42
0	18
0	0
0	124
0	0
0	0
0	0
0	0
29	10
0	11
0	6
2	10
0	1159
39	1099
0	577
9	441
17	538
0	550
53	28
0	108
1	208
0	0
0	0
0	0
0	0
0	0
0	0
0	0
0	0
1	21
0	21
0	23
2	20
0	7
0	3
0	0
0	0
0	49
0	57
0	56
0	59
1	3
0	58
0	1
1	56
0	8
0	0
2	12
0	46
3089	293
5	116
17	275
2	0
0	0
0	0
0	0
0	0
0	0
14	385
10	385
1	185
0	144
1	9
0	139
15	0
0	28
5	89
0	0
4	1
0	0
0	0
0	0
0	9
0	9
0	9
1	172
0	317
0	344
6	335
0	308
0	116
0	125
0	12
0	24
2	15
0	1
0	1
0	1
0	0
0	0
0	295
0	125
5	57
0	27
10	273
0	202
0	109
0	9
0	0
3	9
1	6
0	7
314	24
0	24
0	0
0	6
0	6
0	6
1	0
0	0
0	247
5	125
8	228
0	43
0	0
21	19
0	15
0	229
0	50
2	51
2	44
0	1
2	2
0	2
0	0
0	0
0	0
0	0
0	0
7	0
12	207
0	136
6	191
1	65
0	198
189	503
0	103
0	492
0	500
0	379
6	499
0	97
17	26
0	23
0	96
3	68
4	15
0	482
6	0
0	19
0	19
0	1
0	1
0	1
0	1
0	1
0	1
0	1
0	0
0	0
0	0
0	0
0	0
0	0
0	0
0	0
0	0
0	0
0	0
0	0
0	0
0	19
0	19
0	0
48	105
5	105
36	699
1	523
0	36
43	337
15	298
3	239
1	49
0	27
0	1008
7	62
0	1009
0	138
3	14
3	867
0	229
0	1009
3	870
0	839
7	870
1	54
57	704
0	29
3	97
4	3
0	160
3	81
2	7
1	100
49	5548
2	4385
3	5469
21	4801
33	2483
0	4403
30	3539
0	5134
11	5
0	5
0	2
0	0
0	0
0	0
0	0
0	0
0	0
0	0
0	0
0	0
0	0
0	0
0	0
0	0
0	0
0	0
0	0
0	0
0	0
0	0
0	0
0	0
0	0
0	0
0	0
0	0
0	0
0	0
0	331
6	535
0	576
0	93
2	3
0	4
0	4
0	4
0	0
41	715
11	708
26	82
0	119
0	86
3	25
5	25
0	0
0	0
0	0
0	0
0	0
0	0
127	1904
3	1922
172	1915
0	1933
0	104
9	50
4	177
9	46
14	235
95	396
1	394
10	250
0	0
0	0
1	0
0	75
0	71
12	60
0	39
0	20
0	41
6	57
0	26
0	15
0	20
0	6
0	4
8	7
2	6
0	0
88	251
2	34
3	3
5	0
1	10
0	194
0	146
0	109
21	0
11	0
2	1
0	58
1	666
3	549
6	25
1	589
0	194
0	64
0	21
0	644
4	644
0	0
0	0
1	0
0	0
0	0
0	0
0	0
53	4
0	0
0	0
0	0
0	0
0	0
1958	834
0	834
0	0
1	1
0	1
0	0
0	0
0	0
0	0
0	0
0	0
0	0
0	63
0	148
1	150
0	24
0	12
1	23
1	8
0	0
0	471
1	464
9	486
0	484
0	471
0	169
2	238
2	228
7	25
0	35
0	62
0	27
0	407
0	0
2	5
1	5
0	5
157	0
0	0
0	0
0	0
1	50
0	26
4	58
1	14
2	1
3	31
3	614
159	457
1	520
6	583
0	614
2	6
1	38
0	4
0	18
2	4
12	6
0	20
5	4
7	18
22	700
51	299
0	523
0	202
0	591
8	77
0	0
0	0
0	0
0	0
0	0
0	232
3	253
1	247
2	35
2	4155
9	1931
21	741
0	4155
113	0
4	138
0	141
0	5
2	5
19	693
0	667
0	693
0	187
2	12
0	0
1	0
0	0
0	0
0	0
2	112
0	90
13	30
1	38
0	21
0	76
0	9
0	27
0	0
0	0
0	0
3	170
5	170
10	17
1	20
0	15
46	369
0	399
0	343
0	84
6	24
0	109
24	25
5	94
1	0
0	1
0	0
0	1
0	0
67	261
1	251
0	286
0	349
0	329
0	370
1	27
34	159
0	66
0	38
0	105
0	87
0	61
0	56
0	20
0	63
2	95
0	83
3	0
0	0
0	0
0	0
0	0
0	0
1	2
0	2
0	0
920	150
0	38
0	65
0	60
0	42
0	0
6	63
0	63
0	18
0	63
0	0
22	0
400	333
0	21
2	331
0	0
0	0
0	0
0	0
7	284
0	54
0	106
0	2
0	82
28	102
0	55
0	311
8	191
5	521
3	381
12	516
0	0
0	249
2	244
5	5
0	243
0	52
7	23
2	12
6	1140
0	1671
74	1026
34	131
0	1012
1	477
0	486
0	479
0	451
0	391
6	429
0	96
0	33
2	49
4	67
34	323
0	339
0	74
0	79
0	72
2	24
18	4
1	53
0	41
0	8
0	14
0	13
0	9
0	8
0	9
0	13
13	45
0	45
0	5
0	0
0	0
0	0
0	5
30	14
0	14
1	148
10	105
0	116
0	4
0	0
0	0
428	1891
0	66
29	1674
7	60
8	90
0	215
0	2
0	2
0	0
0	0
0	0
0	0
1	1464
4	1490
8	710
15	843
7	29
1	631
6	749
29	776
0	709
1	687
0	709
0	50
0	150
7	2
0	69
0	119
2	119
2	118
0	16
92	360
2	303
0	176
1	120
0	128
0	83
0	71
1	56
0	12
29	20
14	176
0	176
27	177
0	0
26	125
2	125
2	2
63	0
0	0
0	0
0	0
0	0
0	0
0	0
0	0
0	0
0	0
0	0
0	0
0	0
0	0
0	0
0	59
0	56
17	14
0	70
0	16
0	0
0	40
0	28
0	10
1	6
0	15
0	15
0	2
2	0
0	15
0	10
0	7
0	8
0	1
0	2
0	1
0	0
0	0
0	0
1	0
0	1375
0	1370
1	1306
7	1247
1	1098
6	147
0	248
0	82
8	61
4	175
0	109
26	6
0	1373
0	533
0	150
0	520
0	370
0	533
5	381
0	302
0	291
0	298
0	28
0	302
0	282
0	344
0	19
4	254
1	7
0	22
0	29
0	42
0	149
0	7
0	1
1	138
0	35
1142	580
104	32
246	148
0	602
6	30
8	94
2	78
4	80
3	72
0	239
0	0
0	0
0	0
0	0
0	0
0	210
0	2
0	30
1	27
13	208
0	208
1	0
0	0
1	0
0	0
0	0
44	38
0	1
6	37
0	11
2	135
4	7
101	135
1	13
0	18
0	122
0	112
0	112
1	0
8	983
0	628
14	959
0	360
0	881
0	679
15	213
0	371
19	384
0	409
0	202
0	234
3	306
11	177
3	63
0	39
0	51
0	19
0	15
0	3
0	42
0	0
0	2
0	2
0	2
0	1
0	0
0	2
18	3611
1	3751
40	3991
0	4036
1	185
12	43
10	3536
113	1573
0	3563
0	3569
25	103
52	926
0	3157
33	96
0	322
25	957
10	0
154	5
0	427
51	331
0	288
1	198
14	144
0	0
0	0
0	0
0	0
0	54
0	54
0	13
0	11
0	11
1	7
0	4
0	4
0	0
227	92
1	92
19	0
1	33
0	31
0	31
3	6
0	18
0	0
0	0
0	0
0	0
0	0
0	0
1	41
0	39
0	32
0	6
0	0
0	0
0	0
0	0
0	0
0	0
0	0
0	0
0	0
0	0
0	0
80	0
0	4904
2	332
1	34
44	3442
0	272
0	410
1	872
5	3443
0	68
0	41
0	13
4	15
0	68
0	11
0	218
0	184
0	229
0	45
13	217
1	218
0	0
0	0
0	1
0	1
0	0
117	593
0	491
0	3
0	24
0	40
0	40
0	40
0	24
0	0
0	1
0	24
0	16
0	0
3	11
0	0
0	6
0	6
6	5
0	1
0	0
0	0
0	0
0	0
3	0
0	0
0	3
2	3
0	0
0	2
0	3
0	0
0	0
0	0
0	0
0	10
0	237
0	227
0	143
0	46
0	13
20	32
93	10
0	3
1	110
146	1074
1	947
2	990
0	215
0	213
0	161
11	109
0	38
0	216
0	0
403	370
0	317
7	132
0	53
8	0
0	1209
15	845
38	118
30	1162
4	5
5	93
31	0
2	526
0	188
2	184
5	2
153	3
0	1
573	443
0	228
18	55
0	132
0	128
0	37
4	58
5	3
0	3
0	20
0	3
26	307
5	101
0	170
3	91
7	48
0	207
8	0
93	2264
0	1558
170	28
29	2140
3	0
3	48
0	2
2	67
0	95
0	105
0	71
4	26
0	53
0	1
2	20
0	4
0	3
0	16
2	0
0	71
1	151
0	161
0	151
0	110
0	93
0	92
0	27
0	5
0	3
0	3
0	8
0	8
0	109
3	7
0	0
1444	66
6	57
18	9
214	108
0	108
0	71
0	0
0	0
0	0
0	0
0	0
0	0
31	500
0	514
0	4
31	118
0	15
18	29
60	37
0	216
0	19
0	216
0	4
0	205
1	94
1	212
1	19
0	49
12	1048
0	192
10	204
0	184
1	11
0	0
0	7
2	32
4	15
0	32
0	7
5	23
0	0
0	0
3	4
1	4
0	2
0	0
0	0
0	2
0	0
1	56
2	96
2	87
16	55
0	260
0	263
0	244
0	101
0	168
11	66
2	33
169	497
4	379
7	330
6	104
0	192
0	1
0	1
0	1
0	4
0	5
141	5
0	2
2	6
851	810
7	40
6	816
0	252
0	18
0	23
0	17
0	2
0	2
0	4
23	21
1	15
3	14
1	0
68	374
0	435
6	423
0	429
0	421
0	409
1	90
7	286
10	269
2	256
0	249
6	5
0	20
0	85
0	53
10130	1684
7	287
0	535
1	290
0	93
0	242
3	81
2	235
0	0
0	0
0	0
0	0
0	0
0	0
0	0
1	213
0	213
2	209
0	21
0	32
0	37
0	21
0	20
0	212
158	63
0	20
1	45
0	27
0	33
1	12
32	375
15	375
0	287
0	274
0	286
4	263
1	273
25	270
0	44
1	46
0	118
0	49
5	17
0	22
0	20
0	11
4	23
64	168
0	180
1	180
0	69
0	154
1	0
11	9
0	170
0	166
25	84
0	159
0	16
0	15
4	11
0	0
0	0
0	1
0	1
0	0
0	0
0	0
0	0
0	0
122	147
0	142
3	127
27	621
0	571
7	306
0	53
18	129
321	231
0	233
33	81
0	83
38	826
59	802
0	791
2	612
35	589
0	577
0	137
0	44
35	0
14	117
9	51
65	24
4	21
3	2
0	13
1	2
1	20
0	2
0	543
0	0
14	2098
1	1966
0	625
37	436
0	456
18	29
0	362
1	351
1	321
26	7
0	1
1	2
11	9
1	9
22	1
0	1
0	104
0	85
0	86
2	16
8	21
0	4
0	2
0	102
0	104
2	698
0	692
0	274
0	102
0	59
0	76
0	51
0	82
0	328
0	244
6	7
0	698
0	0
0	2
0	0
0	147
0	150
3	142
2	34
300	0
5	76
0	1
1	20
0	8
0	76
3	18
0	5
0	3
0	11
3	8
0	0
0	0
0	0
0	3
0	3
0	0
0	3
0	0
0	0
0	0
57	1078
8	1549
61	5954
50	992
15	5643
1	209
8	39
0	218
11	192
42	381
15	98
0	278
8	161
11	184
2	2996
0	2997
0	4150
8	201
27	1053
12	2020
9	1585
0	4149
702	66
2	66
0	0
0	0
0	0
0	0
0	0
0	0
0	0
0	0
0	0
339	213
0	213
2	30
0	296
0	296
29	1824
0	810
0	1509
0	1619
0	1732
0	1635
28	1259
0	920
0	1113
6	1072
3	545
0	713
0	487
8	840
5	671
23	14
0	14
0	0
0	0
0	0
0	0
0	0
160	36
5	11
0	11
0	19
1	8
0	6
4	9
0	462
1	439
2	71
3	24
0	38
0	158
0	92
0	0
0	0
0	0
1460	564
0	165
0	144
0	48
0	251
40	4
0	2
7	65
0	36
7	37
0	32
0	13
8	5
18	27
0	37
0	147
0	147
0	0
0	0
0	0
0	56
5	361
0	126
0	93
0	188
0	361
64	787
0	265
42	779
0	273
26	41
14	107
1	107
0	74
0	103
0	11
223	0
3819	969
5	232
15	484
10	94
1	262
0	3024
326	3207
0	224
0	184
7	224
23	68
52	111
0	224
1	0
6	69
23	95
0	0
0	0
0	9
0	7
0	10
0	1
0	5
18	0
24	813
0	748
2	726
8	177
0	678
184	42
15	0
2	42
9	28
0	0
0	0
0	3
0	3
16	22
35	22
0	10
558	4244
0	4090
0	94
14	44
28	53
19	20
3	537
21	359
11	297
93	225
1	0
0	0
0	289
0	186
2	328
1	301
4	82
1	76
0	116
0	966
10	602
0	778
0	958
1	175
9	63
867	5046
0	4593
7	684
1	846
0	0
5	0
0	0
0	3
2	34
0	5
0	42
0	40
1	2
0	29
0	28
0	2
2	2
3	26
0	28
0	42
0	26
0	21
0	37
0	36
0	18
0	3
0	0
0	2
0	1
0	2
0	1168
4	159
374	1304
7	249
2	528
0	853
0	264
0	0
0	0
0	0
0	0
0	0
0	0
0	0
0	0
0	269
1	0
0	0
8708	1650
13	1173
28	477
0	0
0	0
0	0
0	0
0	0
0	0
0	11
0	8
0	278
1	34
0	278
1	1
5	3
0	17
0	0
0	0
29	677
27	642
0	19
569	935
0	492
0	110
0	333
0	1183
0	508
8	1
1	355
0	551
0	238
0	187
0	3
0	50
0	68
0	550
0	40
0	47
2	1
0	430
0	44
0	545
0	539
0	1058
0	217
0	15
0	18
32	185
0	8
0	55
17	1186
23	1187
0	1002
0	119
0	92
27	201
0	245
0	110
0	149
4	41
0	0
0	0
0	0
0	2
0	1
0	0
0	0
0	2
34	607
2	71
41	389
0	522
1	133
3	80
2	20
5	111
0	111
0	20
6	19
2	8
0	18
0	0
0	1
0	4
0	5
0	0
0	0
0	0
0	0
0	0
0	0
0	0
0	0
0	0
0	0
0	98
96	161
0	27
0	150
0	16
0	0
0	4
0	5
0	0
0	16
0	0
5	453
221	517
12	185
63	160
0	68
5	0
0	507
1	0
0	0
0	0
0	0
0	0
0	0
154	545
56	545
16	73
0	200
28	235
1	235
0	149
4	111
3	6
0	0
0	6
0	0
0	1
0	1
0	0
0	1
0	1
0	1
0	0
0	0
0	0
5	1193
0	1222
4	226
181	425
1	172
8	113
17	110
0	418
4	410
0	16
10	2
19	16
0	304
0	2377
113	2374
8	2289
0	82
0	35
1	29
0	0
5	36
0	6
21	46
0	82
201	984
0	913
8	594
5	523
0	0
0	0
0	0
0	0
11	256
0	0
8	8
0	6
0	255
1	238
0	104
428	365
0	267
9	365
71	906
4	906
0	689
0	172
0	61
0	48
0	50
0	0
0	0
127	0
1115	1042
33	561
45	834
10	1015
34	134
0	783
2	337
0	886
0	0
0	0
0	0
0	0
1512	931
15	752
57	174
0	252
0	377
3	368
0	327
1	132
0	111
1	88
0	98
0	81
2	384
0	0
0	0
0	0
4	0
0	0
0	0
0	0
0	0
0	0
0	0
0	0
10498	35950
13	2311
0	22809
10	18999
2	15041
1	1841
3	11042
11	8578
10	7650
1	0
0	0
0	0
0	0
0	0
0	0
39	666
0	589
0	589
3	399
0	0
17	0
30	367
0	348
0	93
0	28
0	278
0	275
1	280
0	255
0	257
0	24
0	14
0	29
0	35
24	31
0	173
3	50
1	127
0	13
13	69
0	88
0	70
0	20
0	121
0	121
0	80
0	80
0	117
0	11
0	13
0	3
0	5
19	76
11	75
1	52
1	0
0	0
0	0
2	1
0	90
0	200
0	328
0	335
84	164
0	241
0	4
0	40
0	35
0	158
34	203
8	68
3	4
0	172
0	76
0	0
0	0
0	0
1	152
0	149
0	162
1	127
0	57
0	67
1	25
5	7
0	5
0	3
0	57
0	754
9	627
0	26
1	24
0	404
0	69
0	38
0	35
0	32
0	20
0	734
0	602
0	0
0	1
0	1
0	0
0	0
0	4
0	2
3	379
0	379
0	391
52	367
0	226
54	58
0	48
0	0
55	2
0	104
0	413
0	112
1	61
107	413
0	232
1	104
0	10
1	127
0	6
0	315
84	6
2	123
21	83
0	66
8	0
1	16
0	137
0	168
0	525
1	468
4	76
9	371
1	0
0	0
0	0
0	0
0	0
0	0
0	0
0	0
0	0
0	0
0	0
0	0
0	0
1	0
0	0
0	0
0	0
0	0
0	0
0	0
12	0
0	0
0	0
8	20
0	20
0	18
0	1
0	1
0	0
1	0
0	0
0	0
825	635
11	457
0	459
0	0
0	0
0	0
17	183
3	128
0	226
0	174
0	176
0	6
1	4
0	4
0	3
1	0
0	1
0	3
22	0
25	1042
0	1005
0	981
5	62
7	68
0	159
0	0
0	0
0	0
4	66
9	66
0	0
0	0
0	0
0	0
0	0
0	12
0	26
0	26
0	5
1195	1093
3	12
0	0
0	12
0	12
0	0
0	3
0	1
0	0
3	107
0	101
0	4
0	13
2	33
0	0
0	0
0	0
0	0
0	178
0	191
11	176
2	163
9	1
0	29
4	25
924	741
52	680
6	393
2	129
0	0
0	0
0	0
8	24
55	177
0	939
5	926
41	277
3	164
0	141
5	150
1	73
17	11
0	94
2	87
465	87
456	5931
28	5931
5	1949
6	1906
0	1969
6	225
0	1570
7	90
0	148
3	127
0	294
36	94
30	230
3	28
0	51
0	51
0	48
0	14
0	14
0	18
2	17
0	36
1	11
0	5
1	10
0	5
0	0
0	0
0	0
0	0
0	0
0	0
8	602
23	491
0	612
0	498
0	539
0	573
0	471
0	235
0	303
0	241
0	82
0	75
0	114
0	85
0	82
0	40
8	78
2	31
0	74
9	67
47	0
0	423
90	611
0	423
4	449
0	52
0	74
1	22
2	169
2	21
4	0
14	50
0	50
0	130
0	130
0	0
1	76
10	6
2	72
0	0
0	72
10	1
0	11
841	872
0	108
2	692
0	220
8	123
0	182
0	125
63	101
0	762
0	0
0	0
0	0
0	0
0	0
0	9
0	0
0	0
0	6
0	0
0	6
0	6
0	9
0	9
0	9
0	9
0	0
0	0
0	0
0	0
0	0
0	0
0	0
0	0
0	0
0	0
0	0
0	95
93	285
0	32
21	278
0	0
0	0
0	0
0	0
0	0
0	0
0	0
0	0
0	0
124	0
0	5
71	5
0	906
8	802
2	250
0	250
5	624
7	823
1	409
0	641
3	160
0	511
0	197
0	145
0	247
456	838
1	666
6	395
13	219
32	103
2	0
0	0
0	0
0	0
0	0
227	745
0	740
18	562
0	0
0	19
1	19
2	0
77	0
19	268
0	0
0	0
26	23
0	0
1	27
6	268
1	15
0	6
6	43
0	1
0	1
0	1
0	2
0	0
0	0
0	0
0	1
40	81
4	56
2	51
4	34
7	2
0	128
0	137
0	7
0	34
0	44
0	8
12	664
0	664
0	642
0	653
0	661
3	0
318	402
23	5
0	402
0	61
2	8
0	44
0	0
0	0
0	0
0	0
0	0
0	0
0	1
0	1
86	1815
6	1801
85	116
287	190
52	53
3	137
8	23
1	59
0	0
0	0
0	1
0	1
0	1
2	0
362	697
5	291
14	406
126	174
1	170
0	9
0	1
0	0
0	2
0	2
0	2
3	0
0	0
24	289
1	8
8	258
5	1
0	263
12	44
0	279
0	0
1	263
1	30
1	32
0	250
0	1
0	1
0	0
0	236
50	317
0	86
19	162
33	151
2	52
0	292
0	255
0	93
1	120
56	0
0	0
0	1
0	1
0	1
0	0
0	0
0	0
4	9
0	0
0	0
0	9
0	493
6	843
0	855
0	807
0	855
0	806
4	72
0	237
0	196
0	28
0	28
0	855
1	8
0	8
4824	0
0	0
0	0
115	20
2	8
0	5
0	13
2	7
294	297
0	43
3	34
0	59
3	67
21	162
7	105
0	101
1	46
0	20
0	46
0	56
0	51
0	10
0	18
0	20
0	7
1	0
0	0
0	0
0	0
0	0
0	0
2	158
602	189
0	54
4	13
4	17
0	4
5	11
0	3
0	13
0	2
0	0
0	475
34	522
8	16
19	30
3	20
2	265
0	190
3	83
0	0
0	0
0	2
0	2
0	0
2	0
1	0
43	75
0	55
0	75
0	0
0	27
0	35
1	8
0	13
0	0
0	4
0	0
0	0
0	0
1	0
77	809
0	685
0	197
0	97
0	80
43	121
11	175
0	38
361	1227
0	380
0	191
6	1018
0	245
24	368
2	193
2	67
7	94
0	94
5	25
0	0
0	0
0	0
0	0
0	0
0	0
20	534
0	96
1	462
264	121
0	105
0	383
5	259
8	353
6	281
1	252
417	1039
53	0
0	1039
10	806
0	925
0	394
0	1035
13	0
0	210
143	83
0	1055
0	0
12	130
0	137
5	137
22	103
289	592
13	592
1	191
8	175
2	79
0	15
0	8
0	7
0	16
0	8
0	8
0	0
0	0
0	0
0	269
0	288
2	97
1	24
0	4
0	13
297	13
0	13
14	0
1	163
147	163
2	51
0	252
0	147
4	188
0	127
0	51
162	43
19	43
2	0
0	0
134	323
2	314
1	14
0	0
0	0
0	0
10	3
0	4
0	4
0	17
0	18
0	19
0	19
0	2
0	0
0	0
0	0
0	0
0	1776
0	1404
3	134
1	188
28	109
0	154
11	646
0	595
0	92
43	465
4	347
0	112
57	5
0	108
0	1758
0	0
0	0
0	0
97	104
44	122
2	37
0	1
0	0
0	0
0	0
0	0
0	1
57	20
2	1
10	19
11	420
0	420
8	420
0	265
30	13
0	318
5	76
0	244
14	259
0	154
22	301
0	107
0	0
0	0
0	0
0	176
4	10
0	140
0	161
2	27
0	113
0	0
0	0
0	0
11	54
0	54
1247	4402
31	1254
23	1229
5	1988
2	1580
0	0
0	0
0	0
0	0
0	0
0	0
0	0
0	0
0	0
0	126
0	121
14	50
23	69
0	121
0	126
0	27
0	121
0	126
0	0
4	99
0	48
1	101
0	30
0	60
0	3
0	3
0	0
0	0
0	0
0	0
473	115
5	101
1	109
6	0
0	191
1	98
3	189
1	135
0	23
0	194
19	8
431	253
3	171
0	56
10	82
0	0
0	0
0	0
0	0
0	846
0	466
7	380
0	810
2	250
0	0
0	0
0	0
0	0
111	901
0	389
7	377
0	277
0	282
0	259
0	430
0	455
7	294
0	0
21	592
2	541
1	376
0	502
5	55
0	588
0	537
0	2693
8	449
5	449
1	59
1	12
0	312
0	289
0	291
0	36
0	299
0	296
0	16
0	2
32	148
215	768
0	339
0	388
5	510
1	630
0	334
10	362
2	151
0	33
1	398
0	388
5	164
4	0
3	3
17	26
0	0
8	2201
42	2187
0	90
31	15
0	13
2	13
32	12
0	7
0	0
0	0
0	0
0	0
0	0
22	6
0	5
0	5
0	1
0	2
2	284
0	486
0	568
0	565
6	222
0	561
1	96
0	93
0	554
0	552
0	265
0	558
1	517
1	143
10	377
0	565
139	1204
15	89
46	312
0	971
1	520
4	87
3	470
1	0
211	31
0	31
1	1
0	0
0	0
0	0
0	0
0	0
0	0
0	0
0	0
0	0
0	0
0	192
12	54
0	199
0	162
0	193
0	38
3	161
0	18
0	47
3	16
1348	0
0	2
0	0
0	2
0	0
0	0
0	0
0	2
120	2
2	0
0	91
1	8
1	4
0	1
1	2
2	91
2	0
0	0
0	63
0	69
0	68
6	6
0	70
0	15
6	6
0	99
0	101
0	101
0	2
0	2
0	0
0	16
0	15
0	12
152	383
9	108
1	304
0	187
3	115
0	5
0	181
0	131
0	121
3	72
0	40
0	17
0	181
19	0
292	619
0	609
4	67
0	10
0	1179
0	1141
0	1147
0	1188
2	37
0	113
3	53
0	73
4	313
0	186
0	527
0	131
2	149
3	291
0	0
0	0
5	478
0	404
0	412
0	190
1	121
4	89
2	279
66	1223
0	1109
79	147
22	79
82	207
1	197
154	13
0	0
0	0
0	0
0	0
0	0
0	0
16	460
4	391
0	84
5	458
10	61
0	459
2	35
2	60
0	3
37	7
1	7
0	0
0	0
0	0
0	1
0	0
0	1
0	0
0	0
0	0
0	42
98	42
1	0
0	0
42	3934
0	3938
19	476
43	1880
1180	912
0	403
19	241
15	1
1	596
0	194
0	347
0	596
17	59
0	39
0	0
0	0
0	0
0	0
112	31
0	33
2	28
0	4
0	0
0	4
0	0
0	0
22	18
7	15
0	12
0	8
1	3
0	3
0	1
0	1
0	1
0	1
0	38
0	26
0	24
0	25
0	2
0	1
0	0
8	114
32	64
0	309
3	289
7	261
6	12
0	68
0	2250
0	2412
20	420
0	198
4	1443
0	1231
0	182
16	200
67	122
0	227
1793	278
0	277
6	163
1	0
0	175
13	99
7	167
0	27
0	48
0	46
20	25
0	33
6	21
16	22
1	1589
11	1582
0	1586
0	1582
0	284
4	130
0	62
0	0
0	0
0	3
4	914
0	922
3	6
10	913
0	83
0	591
0	922
90	60
0	90
0	53
0	47
0	103
0	20
1	34
0	0
0	0
0	0
0	0
14	17
0	17
0	7
23	803
30	817
0	392
9	125
7	81
3	445
0	238
0	365
0	235
13	6
1	3
0	3
1	3
0	244
0	265
0	262
0	77
19	53
2	116
0	65
458	167
9	164
8	66
3	98
4	225
0	265
1	77
0	22
0	29
2	64
1	15
1	39
0	41
16	13
0	224
0	1
0	5
1	1
0	0
0	1
0	5
0	0
0	5
0	0
0	1
1	0
0	0
3	1
0	0
147	420
8	412
1	197
0	202
1	401
0	391
12	6
0	4
0	4
0	4
0	5
0	5
0	3
0	2
0	2
0	0
0	0
0	2
0	0
0	0
0	761
7	746
2	664
254	80
0	747
98	239
11	77
3	30
11	16
228	158
6	110
0	107
0	32
0	0
0	0
0	0
0	0
0	0
0	0
0	0
6	1396
0	1360
0	1874
63	1803
0	1788
0	1011
0	851
0	850
17	152
224	384
0	0
0	3
2	149
126	154
0	138
2	122
0	84
0	103
7	106
0	114
0	43
0	48
0	54
2	7
0	21
1	45
5	41
0	1
0	1
0	21
22	0
7	0
0	6
0	20
0	20
0	7
0	20
0	0
0	20
0	20
0	21
0	20
0	21
0	20
15	3
0	1
0	3
2	0
0	0
0	3
50	165
11	18
0	138
0	122
0	28
0	28
0	49
0	49
0	1
0	0
0	0
0	0
32	1019
400	1019
40	433
0	1106
1	1019
0	995
0	1023
0	703
12	594
0	0
0	106
0	103
2	101
0	35
0	71
0	29
0	48
0	51
33	0
35	0
0	0
34	1
0	1
0	1
177	0
0	5
0	5
0	1
0	0
0	0
11	762
0	752
7	803
67	0
0	1
0	1
0	1
0	0
0	0
0	0
0	0
0	0
0	0
0	0
0	0
280	0
0	0
0	0
0	0
0	0
0	0
4	0
0	0
0	0
0	0
0	0
0	1
0	0
0	0
0	0
0	1
3	324
0	322
1	28
0	322
50	245
0	36
0	55
36	265
8	265
0	5
5	0
0	0
1267	264
0	9
23	158
87	97
50	0
0	1
10	1009
2	1034
9	589
6	319
9	242
0	0
0	0
0	0
0	0
0	0
0	197
0	203
0	149
0	53
0	203
176	435
0	401
0	331
0	428
2	145
3	99
9	267
0	99
5	12
0	74
0	0
0	0
0	0
0	0
0	0
0	0
0	0
0	1
0	201
0	190
7	199
3	16
0	58
0	1216
0	1814
656	1983
5	120
4	1349
0	1801
7	143
18	427
4	395
8	129
2	97
25	304
0	309
1	591
23	138
0	281
1	189
40	121
0	8
7	0
0	0
0	0
176	56
74	56
6	821
2	821
0	690
0	291
0	255
0	63
0	154
1	0
16	3
0	3
5	3
0	1
0	16
0	12
1	5
0	3
0	5
0	5
3	4
19	425
21	175
0	65
0	12
4	237
0	0
0	0
0	0
0	0
0	0
0	0
0	0
0	0
86	16
1	16
0	0
0	0
0	0
0	0
0	0
3	144
0	139
10	30
0	30
73	78
0	78
51	37
38	498
0	498
0	240
0	85
0	158
0	125
0	100
157	15
0	12
9	10
0	7
0	2
187	989
1	987
80	48
27	107504
14125	107358
7	107369
0	22550
0	12143
0	4974
6	3905
12	2319
6	70644
0	0
0	0
0	83
0	346
0	52
2	10
0	20
3	141
2	34
9	0
0	0
0	1
8	1
0	1
77	120
28	59
0	59
0	116
5	38
11	114
0	13
0	44
0	43
0	120
2316	1277
8	854
8	289
0	0
0	0
27	224
0	86
28	266
3	229
0	109
41	643
555	643
1	35
2	35
0	0
96	113
0	25
0	24
0	11
5	25
8	21
6	4318
0	3802
0	3071
0	4181
0	1926
0	3604
3	1393
0	408
0	103
0	96
3	66
1	6
0	104
0	0
0	0
0	0
0	0
0	0
0	0
0	68
0	67
0	68
0	13
0	9
0	9
0	0
15	202
1	202
14	191
2	191
1	53
0	741
0	457
0	598
1	27
31	596
0	65
0	111
0	0
0	0
0	0
1	6
1	3
0	5
0	2
0	4
28	22
0	20
0	0
0	5
1427	296
7	296
22	22
22	0
0	1
0	1
0	0
3	172
1	164
0	153
0	78
0	74
0	110
0	52
0	30
0	78
10	32
1	23
0	22
0	51
0	0
0	0
0	0
0	0
0	0
0	0
0	0
0	0
0	0
0	0
0	0
0	0
0	0
0	0
0	0
20	162
285	161
0	1
0	1
0	0
0	0
0	0
20	1601
0	1003
38	1572
152	310
110	843
0	206
14	34
0	378
4	197
0	132
0	119
50	218
0	88
0	0
0	0
0	2
0	2
0	2
0	0
0	0
758	402
12	237
0	187
3	222
1	86
0	16
0	268
4	271
0	55
21	82
0	7
4	26
4	25
0	26
7	25
1	4
0	3
0	88
0	0
0	0
0	0
0	0
0	0
0	0
0	0
0	0
0	0
0	0
0	0
0	0
0	0
0	0
0	0
0	0
0	0
0	0
0	0
0	0
186	1
0	0
17	264
1	264
0	262
0	0
0	0
0	0
0	0
0	0
0	0
0	0
0	854
0	816
0	1
1	241
0	64
0	136
0	152
0	185
4	53
2	835
118	223
0	838
0	802
0	840
0	0
0	0
0	0
0	0
0	0
0	0
0	0
0	0
0	0
0	0
0	1092
10	1089
2	447
6	109
8	13
2	44
0	1083
13	376
45	1104
0	1077
0	102
0	166
0	180
9	94
363	709
11	76
4	631
7	239
0	271
0	149
0	879
0	920
0	883
0	855
0	511
0	136
0	524
0	25
0	866
3	3967
2	3829
13	865
0	2528
3	0
269	0
0	32
0	22
0	30
64	0
0	0
1	0
0	0
40	614
297	182
47	614
6	49
77	372
6	337
1	0
0	0
0	0
0	74
0	61
0	60
3	30
0	73
0	80
0	50
2	75
10	77
0	28
7	9
0	43
13	61
0	0
2	0
274	406
201	124
0	124
0	0
0	0
0	0
0	0
0	0
0	0
3	6830
151	6691
0	5068
14	1115
0	1117
0	983
33	815
0	1131
16	162
0	6816
0	8
0	58
21	80
0	82
0	87
0	2
0	2
0	2
0	2
0	2
0	0
1	1
60	221
12	41
0	2659
0	2625
0	2598
33	2572
0	2429
5	32
1	974
3	7
5	96
29	28
31	299
0	189
0	0
0	0
0	0
0	0
0	162
8	162
0	7
0	0
0	0
0	0
0	0
0	0
2	755
0	690
12	736
0	664
17	132
0	0
367	900
0	921
0	854
7	766
0	648
0	472
0	729
1	627
0	630
0	654
0	266
93	433
0	156
0	213
4	65
0	794
0	21
0	0
0	0
0	0
0	0
0	2
0	0
0	0
0	0
0	120
354	236
0	268
0	280
17	6
2	21
19	14
959	478
2	478
671	634
0	603
0	36
2	3
1	3
0	0
23	803
0	1018
1	428
0	37
0	0
0	0
0	0
0	0
0	0
0	2
0	36
0	36
0	0
0	0
0	0
0	0
0	0
0	0
0	0
78	0
2	279
0	279
1	18
0	279
0	354
23	223
43	258
61	116
0	159
0	161
9	80
0	6
39	7
1	4
3	6
0	2
0	1
1	2
0	2
0	1
0	0
0	0
0	0
0	0
0	0
0	0
0	832
248	1022
1	888
6	567
0	0
0	0
0	0
0	0
3	0
239	87
13	16
0	44
50	16
11	11
7	29
0	14
0	0
1	13
0	1
0	1
1	0
1	0
0	12
0	1
0	0
3	0
2	0
0	10
0	11
0	3
0	11
0	11
0	11
0	10
0	3549
0	1798
0	77
0	32
0	311
0	239
0	56
0	121
0	1948
0	579
0	936
0	846
3	783
0	1795
5	420
0	2113
2	389
0	509
0	499
0	1525
0	1417
0	1532
0	907
0	1545
1	1144
8	680
3	321
0	2853
0	2902
0	2768
0	322
0	308
0	320
0	283
7	30
7	44
3	38
0	177
0	5
0	31
0	3
6	56
13	27
0	627
2	198
0	504
14	172
0	167
0	74
2	32
0	13
0	621
186	61
0	61
1	116
19	128
0	142
82	777
27	482
5	777
0	182
5	273
2	43
0	43
0	43
0	0
0	0
0	0
0	0
0	0
0	0
0	0
10	171
0	171
0	5
0	223
0	218
0	223
5	83
0	246
13	38
1	81
0	128
4	131
0	176
0	174
0	234
0	138
3	18
1	177
0	190
12	5
0	36
0	25
0	56
0	109
0	43
0	43
0	59
8	0
0	37
15	0
617	747
0	693
15	30
22	189
60	406
0	41
17	291
0	56
4	1480
20	1423
0	1455
0	943
4	1040
2	382
5	165
1	242
3	437
16	94
6	193
0	160
3	49
1	51
72	115
341	109
0	99
34	56
0	66
23	30
6	332
1	141
0	136
3	310
0	237
0	296
0	267
2	65
0	29
5	259
0	1
0	1
0	0
0	0
0	0
0	0
0	0
0	0
0	0
0	0
0	0
0	0
0	0
0	0
0	0
0	0
0	0
0	0
0	0
0	0
178	73
1	73
0	0
0	0
0	0
110	0
0	0
0	0
0	0
131	419
0	202
0	295
2	101
7	68
0	51
16	67
13	100
30	20
2	139
5	0
0	73
1	0
7	0
2	0
0	0
0	18
4	17
0	0
0	0
0	39
0	39
0	58
1	3
0	0
0	14
14	123
0	26
0	111
0	0
195	3975
18	3969
0	2200
0	1253
148	749
0	0
250	71
4	18
4	71
0	690
9	406
6	528
4	490
4	74
5	64
0	31
4	691
0	0
81	353
1	339
0	338
15	141
0	136
0	62
0	0
0	33
0	33
0	2
0	8
0	30
0	1
0	1
0	0
0	2
0	0
0	4
0	1
0	3
0	3
0	1
0	32
0	1
0	1
0	1
0	0
0	0
168	1403
4	1217
7	103
23	253
30	458
0	312
12	38
0	296
21	94
12	49
18	3775
0	4347
0	3616
186	3892
3	3155
61	363
26	58
4	648
3	935
3	298
13	688
148	0
16	219
0	219
19	192
0	214
1105	1369
0	866
0	5
2	1164
0	734
0	7
1	2
4	70
0	43
3	73
0	91
0	0
0	0
0	0
0	0
0	0
0	0
0	0
4	1
0	1
41	1633
0	1633
0	1633
0	438
1	454
0	447
0	462
0	59
0	256
0	15
16	129
2	2
0	53
5	833
0	743
0	759
6	62
0	752
0	69
387	486
0	479
0	8
0	13
0	0
0	0
0	0
0	0
0	0
0	0
0	0
0	0
0	0
0	0
0	0
0	0
0	0
8	186
2	10
0	11
0	115
0	162
0	4
9	14
0	991
12	991
10	125
0	177
1	204
4	20
6	6
0	991
1	120
1	17
0	145
0	56
0	97
0	1263
17	1259
1	892
11	108
0	87
0	98
0	63
0	105
5	16
71	4
0	1
0	2
0	0
0	1
0	0
1324	0
0	0
16	6133
11	5940
0	5628
3	5217
5	1348
0	5134
9	317
21	423
27	688
0	1439
10	910
1	936
9	1609
0	467
8	600
0	4
0	4
0	4
0	0
0	2
0	4
0	4
0	0
0	4
0	4
0	4
0	0
0	0
0	0
0	0
0	0
0	0
0	0
0	0
0	0
0	0
0	18
0	17
0	2
0	2
24	490
1	30
2	22
0	490
0	0
0	0
0	0
0	0
0	51
0	105
0	42
0	135
0	34
0	81
43	93
1	9
0	10
0	6
0	5
0	8
1	1
34	88
1	15
0	17
2	55
17	85
7	73
0	0
0	0
0	0
0	0
0	0
0	0
0	57
0	53
0	340
1055	488
0	5
122	151
608	1183
0	240
1	515
0	134
1	405
2	316
0	1008
1	680
14	266
0	0
0	0
2	14
0	10
9	10
0	9
15	593
6	46
3	48
1	593
0	0
0	0
0	0
0	0
0	0
0	293
0	0
0	0
0	0
16	27
1	7
2	19
0	14
0	7
0	13
1238	28
0	0
0	0
17	330
0	42
0	54
3	68
1	86
44	132
0	299
3	25
1	173
3	22
12	58
3	34
0	68
0	0
0	293
0	210
0	293
0	178
13	293
0	210
2	210
17	0
355	0
0	0
0	0
0	0
1	575
2	522
6	612
96	602
0	183
0	169
0	154
0	325
20	65
0	399
1	388
2	57
1	35
1	43
0	0
0	0
0	6
0	6
0	2
0	3
0	1
0	4
0	3
0	1
0	0
0	0
0	4
0	0
0	1
0	0
34	5
5	5
22	97
6	3
0	90
0	87
0	0
0	0
0	0
0	0
0	0
0	0
0	0
0	0
0	0
0	0
0	0
0	0
0	0
0	0
0	0
311	305
0	92
45	92
22	46
0	0
0	43
0	43
0	1
0	5
0	39
0	1
0	2
0	462
0	46
0	127
0	127
0	41
1	23
0	102
1	25
0	22
0	15
13	9
229	30
1	13
0	17
0	108
0	164
2	19
3	177
0	470
2	30
22	67
0	464
0	24
0	61
13	180
3679	806
0	806
41	112
1	112
8	2
0	19884
10	17774
25	5305
3	326
6	9851
3	17697
14	7375
0	7772
31	240
1	569
33	68
2	299
10	110
7	0
3	119
0	87
0	199
0	0
0	0
0	0
0	0
0	0
0	0
0	0
0	0
0	0
0	0
0	0
0	0
0	0
0	0
0	0
0	0
0	0
0	0
7	11
83	11
0	0
0	0
0	0
0	0
0	0
0	0
36	19
0	150
36	145
0	5
3	32
12	30
9	32
0	0
0	0
0	0
0	0
4	6
0	6
0	6
0	6
0	0
0	0
4	204
0	204
0	0
23	222
0	224
0	202
0	27
0	32
0	17
2	11
0	103
0	84
0	30
0	29
219	801
0	105
0	770
5	21
0	0
0	0
0	0
0	0
0	0
0	0
0	0
14	0
0	0
0	0
0	0
0	0
5	796
0	823
3	796
2	796
0	104
0	0
0	0
12	3
0	3
0	0
0	0
0	0
0	2578
634	2572
1	1967
1	3612
0	4246
0	2556
27	1126
0	24
86	67
3	67
0	27
0	39
0	53
0	58
0	386
2	334
71	182
1	82
11	56
11	434
0	390
15	401
0	410
11	381
0	401
0	287
0	0
0	0
0	0
10	4270
35	4229
19	131
5	251
0	499
0	488
0	0
5	674
0	705
3	609
0	1574
0	21
0	1501
118	168
0	13
0	29
0	101
3	35
7	79
112	54
0	81
0	0
0	4
0	0
0	4
0	2
0	0
0	2
0	2
0	0
0	0
0	0
0	0
0	0
0	0
0	0
0	0
0	0
0	0
0	0
0	0
0	0
0	0
0	0
0	0
0	0
0	0
0	0
168	0
62	88
0	47
0	76
0	22
0	21
0	0
72	93
0	73
11	75
0	75
0	0
0	0
0	0
0	0
0	0
0	0
0	0
0	216
0	233
0	28
3	231
20	34
0	66
0	0
0	0
10	462
0	441
2	294
3	803
0	626
0	583
0	0
0	0
0	0
122	105
1	2
108	193
0	88
1	116
1	9
0	0
0	0
0	0
0	0
0	0
0	0
0	0
0	0
0	0
707	361
27	361
10	32
0	5
0	4
0	0
0	0
0	0
0	0
0	2
0	5
8	93
2	0
10	121
1	93
1	28
0	20
0	18
0	23
0	20
0	12
0	84
28	84
0	20
0	30
4	18
0	48
62	71
1	8
0	71
0	49
0	0
0	0
0	0
1	1
0	1
0	0
0	0
0	0
0	0
0	0
55	399
0	396
0	415
0	195
39	27
3	365
70	405
0	162
10	140
0	72
0	18
30	5
0	5
0	0
0	0
0	0
0	0
0	0
0	0
57	175
0	169
0	6
146	784
27	12
14	62
0	80
0	448
0	203
4	479
0	593
0	511
0	319
8	323
5	10
0	3
0	0
0	1
0	3
0	3
0	0
0	0
0	0
0	399
0	382
5	343
0	239
0	34
4	27
1	89
0	71
3	23
0	0
0	0
46	0
0	0
0	0
0	0
0	0
0	0
0	0
0	0
0	0
0	0
0	0
0	0
0	0
1	0
0	0
0	0
0	0
0	0
0	0
0	0
0	0
0	406
1	209
27	378
0	213
604	90
0	166
40	407
15	134
1	134
1	133
2	1
0	0
0	1
0	0
163	4
0	16
20	15
0	0
0	0
0	0
0	0
0	0
2	0
0	0
0	0
0	0
0	0
6	4
0	0
0	119
3	13
3	8
23	219
0	204
5	8
0	82
0	0
0	0
0	0
4	0
0	0
0	0
0	129
0	130
0	137
1	136
0	99
6	30
6	27
0	127
0	0
0	0
0	1
0	1
5	5
0	4
0	1
0	1
0	0
0	0
0	0
0	0
0	0
0	0
0	0
0	0
0	0
0	0
0	0
0	0
0	0
0	0
5	0
10	592
15	592
0	542
12	55
22	0
29	772
0	772
2	735
29	52
0	2033
0	228
0	1915
10	166
4	70
3	220
0	179
0	339
0	458
60	49
0	37
0	24
0	28
0	6
3	1
0	0
0	0
0	0
0	0
0	0
0	0
0	0
0	42
0	42
0	22
0	26
0	35
0	9
0	19
0	31
1	35
0	17
0	8
0	3
0	42
0	0
0	0
1318	0
100	72
0	72
5	772
0	24
0	22
0	27
0	11
1	43
0	31
0	79
0	35
0	46
0	57
0	785
1	40
26	63
0	9
6	56
0	33
8	24
0	0
0	0
20	873
0	882
1	2
9	35
20	221
0	631
45	0
0	0
44	29
0	23
0	7
0	4
0	0
0	0
0	0
0	188
151	155
8	191
2	184
0	39
0	48
1	28
0	17
0	0
0	0
0	0
0	0
1	0
0	0
0	0
83	0
0	0
0	0
0	0
0	0
0	0
0	0
0	0
0	0
258	0
0	114
84	115
5	11
3	106
0	102
0	114
0	0
0	0
0	0
0	0
0	0
0	0
0	0
0	0
0	582
17	1033
0	294
0	939
0	935
0	1010
0	996
23	105
2	138
6	0
2	575
0	115
62	598
0	120
0	127
8	133
0	243
2	202
0	990
0	0
0	0
0	0
0	0
0	0
0	0
0	0
0	0
0	0
0	513
55	128
1	88
10	386
30	0
0	544
13	488
45	287
1	439
15	109
0	0
0	0
0	115
0	46
0	0
0	0
0	0
0	0
0	0
0	0
0	0
0	0
0	0
0	0
5	728
0	971
16	176
0	786
0	791
0	780
0	623
0	555
0	208
3	976
0	0
1	1
0	0
0	0
0	1
2	18
0	18
0	1
0	0
0	1
0	2
0	0
0	1
0	10
0	0
0	23
0	107
0	110
0	108
5	85
5	51
0	52
0	1
0	1
0	1
0	1
0	1
0	1
0	1
0	1
0	1
0	1
0	1
0	1
0	1
35	471
0	473
1	485
0	15
0	0
0	0
243	6917
51	5856
0	1677
0	919
46	1670
0	6649
0	3420
10	3890
25	5408
11	890
57	1770
110	1896
0	1323
0	395
0	137
0	137
0	0
0	0
1529	907
3	337
31	161
30	57
8	127
2	176
38	35
7	73
0	201
0	0
0	0
0	0
1488	0
52	95
0	95
5	146
0	46
0	0
0	0
0	0
0	0
0	0
0	0
0	325
0	315
19	34
0	60
0	17
3	53
15	60
2	36
0	0
0	0
0	0
0	0
0	0
0	0
0	0
0	0
0	0
0	0
0	0
0	0
0	0
0	0
0	0
339	454
5	454
0	5
0	5
0	4
0	5
0	5
0	1
0	0
2614	1598
6	1594
7	0
5	94
15	88
0	36
0	0
0	0
15	0
0	3
0	0
0	3
10	387
27	168
14	80
0	219
0	265
0	376
106	395
3	405
0	279
1	395
0	453
1106	728
0	842
1	0
14	0
23	1014
106	1102
31	470
42	75
19	1140
0	1037
5	1091
0	1041
0	296
706	1703
1	957
0	296
0	446
0	118
0	79
0	375
1	0
0	0
0	0
0	0
0	0
0	0
0	0
0	0
0	0
0	0
0	0
0	0
4	0
0	1
0	1
0	1
0	1
0	0
0	9
0	0
0	0
0	0
0	0
0	0
0	0
0	286
1	339
0	304
1	32
0	354
0	290
0	2
1	49
0	436
1	436
0	279
0	436
0	1
0	1
0	0
0	0
0	0
0	0
0	0
0	320
6	320
58	300
294	94
8	94
0	2150
388	2160
0	230
56	2142
1	2109
0	2177
0	223
0	1982
0	0
0	0
0	0
0	0
83	1584
63	884
19	1029
8	79
9	712
0	511
0	7
7	289
0	0
0	0
0	0
0	0
0	0
2	7
16	623
1	153
14	623
0	0
0	0
0	0
0	0
0	0
0	2
0	2
0	0
0	0
187	1817
0	1801
0	340
0	1553
0	1034
0	533
1	389
1	407
114	80
14	77
0	0
0	0
0	0
0	0
0	0
0	0
0	0
0	0
0	0
0	0
0	0
0	2
0	0
0	0
0	0
0	0
0	452
0	373
12	163
0	439
0	339
3	191
0	7
5	101
0	107
7	430
14	45
1	328
21	52
0	52
0	19
0	1
9	1
2	1
8	1
17	0
0	0
0	0
0	0
0	0
0	0
0	0
0	0
0	0
0	0
1	0
0	0
0	0
3	2400
0	2398
2	334
8	1
0	0
0	0
0	0
0	0
0	0
0	0
0	183
0	159
1	183
0	17
3	180
5	192
0	73
1	1
450	77
129	210
1	210
0	660
18	674
0	0
2	15
0	14
0	0
3	5
0	14
0	0
0	0
0	0
0	0
0	0
0	0
0	0
0	0
2	453
0	450
0	449
0	267
0	344
0	359
0	345
535	0
9	453
0	605
0	577
4	557
0	510
0	600
13	429
0	59
96	326
0	326
35	245
155	272
0	219
0	50
0	0
0	0
0	0
0	0
0	0
0	0
0	0
0	0
0	0
0	0
0	0
0	0
0	0
0	0
67	0
0	0
0	0
0	0
0	0
298	133
0	133
0	0
0	0
0	0
0	0
97	1188
0	26
31	18
0	3
0	187
0	866
2	243
0	34
8	34
12	14
0	0
0	0
0	493
0	0
61	79
0	62
1	48
46	21
2	21
0	18
0	0
0	0
0	287
936	983
0	77
0	94
1	111
2	870
2	112
51	6
3	6
4	0
0	443
0	477
0	492
0	434
0	189
4	73
0	30
32	211
4	45
0	181
0	158
20	58
0	92
0	0
0	0
0	0
0	0
0	1
19	1
20	92
0	0
48	32
0	0
0	32
0	0
0	0
0	0
0	7
0	7
0	75
3	54
0	54
1	25
4	26
0	0
0	0
0	0
0	0
0	0
0	0
0	0
0	0
0	0
0	0
0	247
0	247
0	251
0	163
16	0
3	6
5	10
3	4
10	0
0	0
0	0
0	0
0	0
0	1
0	1
0	0
0	52
85	304
0	110
21	103
1	196
12	29
1	86
16	95
0	86
0	51
1	60
0	31
0	43
0	25
2	56
5	8
0	27
0	0
0	0
0	0
0	0
0	0
0	0
0	0
0	0
0	0
0	0
0	4
0	2
0	4
0	1
0	1
85	366
1	262
6	196
1	125
0	0
0	0
0	0
0	0
0	0
0	0
0	0
0	0
0	0
0	0
0	0
0	17
0	17
0	17
0	1
0	1
7	1
0	0
0	0
0	0
0	0
0	0
0	0
0	0
0	22
688	1049
37	171
0	253
1	179
0	671
0	162
12	808
0	229
10	86
9	0
0	0
0	0
0	7
0	7
0	3
0	3
0	1
0	3
0	0
0	0
0	7
1	3603
29	3603
1	546
19	148
2	894
0	615
0	518
0	0
0	0
0	0
0	0
0	0
0	0
0	0
0	0
0	0
0	0
0	10
6	8
0	3
0	0
248	522
0	263
0	198
0	187
0	189
467	0
0	0
0	0
0	0
0	417
0	314
16	162
0	69
1	84
1	51
40	298
144	126
1	114
0	36
3	74
0	0
0	18
0	0
0	0
0	0
0	0
0	0
0	1
0	18
0	0
0	0
0	0
0	0
0	4
0	4
170	341
0	309
0	79
4	44
0	74
3	16
1	29
1	7
8	24
3	0
0	0
0	0
0	0
0	113
0	112
0	36
1	56
0	49
3	34
0	31
0	27
0	5
5	5
0	0
18	1545
8	1545
0	90
8	305
0	71
1	71
0	58
2	6
11	0
0	0
3	204
0	204
0	98
3	17
12	0
24	114
0	106
1	10
0	9
0	8
0	0
0	0
0	8
0	3
0	0
0	0
0	0
0	1
1	1
7	0
64	19
0	16
1	3
0	9
0	9
0	9
1	8
11	20
0	20
0	16
3	4
0	0
0	0
0	0
209	355
9	111
0	79
2	236
0	306
433	83
1	84
1	42
0	0
6	35
0	11
0	0
0	20
0	5
188	3628
5	3409
0	3303
38	2933
62	411
77	37
37	103
0	1155
20	135
6	406
8	93
2	105
2	120
0	0
0	0
0	0
0	0
0	0
0	0
0	0
2	0
0	0
0	0
0	94
32	1
0	1
0	0
0	0
0	215
0	65
0	0
0	0
0	0
0	0
0	0
0	0
779	17
29	21
40	15
0	6
0	6
0	10
2	2
0	11
0	11
1	17
0	11
0	16
0	1
0	0
0	0
382	274
3	274
6	585
1	47
0	12
0	585
10	6209
15	52
0	84
25	443
24	359
3	102
20	114
6	54
0	84
71	95
0	29
0	74
0	32
0	12
2	26
0	9
0	3
0	2
6	0
26	0
22	0
2	0
0	1
1	2
0	0
0	1
0	0
0	0
0	0
0	0
0	0
7	0
0	321
67	321
0	306
0	0
0	0
1	2855
7	4382
0	1624
4	4310
7	3924
7	682
1	1253
2	4
0	18
0	59
1	57
0	60
2	18
0	59
2	7
2	7
0	6
1	39
0	6
0	5
1	2
0	51
0	610
2	178
107	5
0	547
0	5
7	46
0	151
2	0
0	0
19	238
0	171
6	237
0	129
4	30
4	105
0	114
0	742
0	740
0	740
4	126
5	175
1	101
0	0
28	53
0	0
0	0
0	0
0	0
0	0
0	0
0	0
0	0
0	0
0	0
0	0
663	0
25	632
0	621
5	388
3	17
0	24
0	71
0	48
0	0
0	0
43	256
1	1919
0	556
8	80
0	91
3	87
0	141
0	1395
0	132
3	24
0	115
2	9
3	172
1	81
0	0
7	0
0	0
0	0
0	0
0	0
0	0
0	0
0	315
0	103
0	121
1	208
0	313
1	68
1	121
0	128
0	88
5	29
0	93
1	315
0	0
0	0
216	0
0	81
11	284
3	59
9	209
1	226
1	49
0	57
3	56
3	85
2	85
0	0
0	0
0	5
0	5
0	5
0	3
0	3
0	3
0	0
0	0
0	0
0	0
0	0
0	0
0	0
0	0
0	0
0	0
0	0
0	0
0	5
6	8
0	8
0	0
2	0
0	0
520	0
0	0
0	0
0	0
0	7
0	0
0	0
0	7
2	199
0	214
0	212
0	34
2	0
6	1
104	552
0	378
0	37
0	31
33	5
6	6
8	184
15	2
0	0
0	0
0	0
0	539
0	214
10	328
0	286
0	91
4	7
0	174
0	502
0	96
9	78
0	0
0	0
0	0
0	0
2	95
0	70
2	24
24	26
0	9
0	212
0	177
2	24
0	204
0	191
0	73
0	17
0	26
0	2
0	2
0	0
0	28
73	49
0	21
0	42
2	7
0	8
2	3
0	117
7	113
0	96
0	20
3	2
0	1
27	336
0	336
0	336
4	39
0	39
0	33
0	39
1	9
0	17
0	18
0	0
4	1
0	0
0	1
0	0
0	0
0	0
0	0
0	0
0	0
0	0
0	0
0	0
0	0
0	101
2	88
0	12
0	37
0	34
0	29
2	26
0	75
0	63
0	38
0	0
40	471
2	428
46	95
14	38
32	13
0	13
780	1337
0	337
0	841
41	904
18	133
17	43
6	63
0	0
0	351
4	349
41	298
3	11
311	868
2	868
0	0
0	0
0	0
0	0
0	12
0	12
0	0
0	0
0	0
0	0
0	0
0	0
0	0
0	0
0	0
0	0
0	0
0	0
0	1858
1	1756
3	98
0	87
4	1715
3	115
1	123
0	282
0	184
3	75
0	93
5	144
10	148
0	364
0	351
0	57
27	157
0	10
9	48
0	48
142	401
82	401
1	13
0	1
0	6
1	13
0	6
0	9
3	433
0	433
13	183
0	62
0	63
0	58
0	58
0	60
0	58
0	20
5	6
1	1
0	61
344	1054
0	562
3	280
2	267
1	248
109	152
16	93
59	176
0	178
1	180
5	0
7	1325
230	653
25	1304
4	131
38	222
44	444
22	87
130	106
0	1398
0	1433
5	255
27	282
6	170
3	48
2	146
0	932
0	0
0	0
0	181
12	181
1	55
0	0
0	0
178	23
0	11
0	1066
0	1063
1875	1064
0	414
0	0
0	0
0	0
260	2306
0	2306
22	78
0	85
0	160
3	1143
0	104
0	180
0	0
0	0
0	0
0	29
0	32
0	20
1	18
0	28
0	14
0	24
0	0
0	0
351	6
388	455
0	396
0	87
0	0
0	0
0	0
0	0
290	70
1	70
0	0
0	0
0	0
0	0
188	2078
0	2019
15	2061
1	184
0	853
14	6
0	1
0	0
0	5
0	0
0	0
0	0
0	0
0	0
0	0
0	752
38	755
0	108
0	64
0	34
0	83
0	37
0	23
100	318
0	4
0	200
30	807
2	718
181	523
0	556
0	357
9	136
0	0
0	0
0	0
0	0
0	0
0	0
782	4
2	4
0	0
0	333
3	42
0	327
0	261
0	3
2	261
0	248
1	100
0	41
0	24
0	326
0	0
0	0
0	16
0	16
1	16
0	1
0	1
0	0
2	1
1	2
0	0
0	0
0	0
0	2
1	75
1	65
0	12
0	21
0	86
320	104
0	104
1	0
75	0
303	60
1	60
154	57
8	56
9	11
0	27
11	27
0	29
0	96
0	74
0	16
0	26
1	55
0	59
1	55
20	69
3	2
0	2
0	2
0	0
64	158
0	158
1	18
0	0
0	0
1	304
4	130
0	131
0	237
4	22
3	246
0	402
50	510
0	38
0	16
0	466
0	121
0	167
15	433
1	57
0	498
0	456
0	79
21	383
0	327
21	30
44	0
0	82
4	147
5	28
0	8
13	1
0	470
0	0
0	0
0	0
0	0
0	120
1	120
0	120
2	23
0	2
0	120
6	43
0	63
2	5
1	52
0	200
0	168
0	919
6	919
2	57
0	59
3	38
0	13
0	19
0	0
0	0
0	0
0	1
0	1
0	0
0	0
0	0
0	0
0	0
0	0
0	0
0	0
0	1
0	42
0	42
0	1
8	25
1366	25
0	0
0	0
6	141
16	164
0	44
0	151
1	28
0	13
26	12
2	17
11	0
0	0
0	0
0	0
3	0
0	0
0	0
0	0
0	0
0	0
0	0
0	0
0	0
0	2
1	0
0	0
0	0
0	2
0	0
0	0
0	0
0	0
0	0
0	0
0	0
3	43
0	47
0	44
0	54
0	20
0	33
0	54
0	36
0	31
0	52
0	33
1	27
0	27
0	35
0	6
0	40
0	34
0	42
0	33
0	26
0	35
0	21
0	23
0	21
0	20
0	17
0	13
0	13
0	29
1	29
0	20
0	20
0	2
0	21
0	27
0	2
0	62
0	60
0	54
521	0
0	0
0	0
0	0
0	0
0	0
0	0
0	0
0	0
0	0
19	5
0	5
0	0
2	926
5	922
14	886
23	13
3	70
19	238
1	96
1	0
0	0
0	0
0	0
0	0
0	0
0	0
0	0
0	0
9	0
0	0
0	0
0	0
0	1
0	0
8	1859
0	2111
0	2111
4	628
11	86
1	451
0	2111
0	0
0	0
0	0
0	0
189	26
0	26
0	13
0	0
0	0
0	0
6	152
0	9
0	4
0	5
0	6
0	4
0	2
0	2
0	1
0	0
0	49
4	155
1	155
1	0
0	0
0	0
0	0
0	0
0	0
0	0
0	278
0	224
0	279
4	154
94	290
3	39
0	0
0	0
0	0
0	0
0	0
0	0
1	649
16	833
1	381
25	169
3	67
0	634
162	169
0	89
0	74
0	64
5	40
0	5
0	0
0	0
0	0
0	0
0	0
0	0
0	0
0	0
336	279
1	279
0	0
0	0
0	0
0	0
0	0
420	167
2	48
0	101
0	76
0	12
0	92
0	87
12	0
0	0
0	0
0	0
373	115
5	31
7	73
7	11
0	0
0	0
0	0
1007	725
0	102
2	78
15	116
12	393
0	181
700	282
0	169
0	83
7	39
0	30
3	1
3	1
0	1
0	77
18	2201
18	1377
7	33
2	108
1	85
1	14
4	93
16	222
0	194
27	2275
0	0
0	0
0	0
0	0
0	0
0	0
0	32
0	99
3	14
0	48
0	54
0	62
1	66
0	10
1	60
0	36
0	30
0	8
0	0
0	4
0	20
17	23
0	7
0	203
0	167
1	195
0	1
0	26
0	1
0	1
0	0
0	0
0	0
0	0
0	0
0	0
0	0
4	68
0	15
0	5
0	56
0	0
2	158
0	116
1	1506
2	1731
0	650
1	91
4	1958
0	46
4	514
43	1900
0	259
14	153
12	135
0	1142
0	265
101	144
10	53
1	91
0	3443
40	3421
0	3429
8	184
0	3296
0	304
15	14
0	1
0	1
0	1
0	0
0	0
0	0
0	267
0	341
0	131
5	88
0	120
5	90
0	76
6	142
0	0
49	1428
4	22
64	665
10	1452
5	123
0	1373
0	0
0	0
0	0
0	0
0	0
0	0
0	0
0	0
0	0
0	0
0	0
629	0
0	0
41	231
298	2424
0	2412
16	24
9	929
55	696
0	4
0	272
0	133
5	276
0	31
5	205
2	38
9	24
0	0
0	44
0	43
0	30
0	10
0	42
0	2
0	0
0	0
0	42
151	101
64	39
0	25
0	5
1	69
0	8
2	32
0	0
0	0
0	0
0	1
0	1
0	1
175	554
0	627
0	613
5	601
0	524
0	544
1	634
0	442
0	650
0	403
0	169
0	627
0	0
0	0
0	0
86	548
41	479
4	125
3	72
11	48
0	82
2	54
2	60
0	76
0	0
0	0
0	0
0	0
0	0
0	0
0	0
0	0
0	0
0	0
0	0
0	0
0	0
569	18
0	18
0	0
0	0
0	0
0	0
0	0
0	0
0	0
0	0
0	0
0	0
0	0
0	0
0	0
0	0
0	0
0	0
0	0
0	0
0	0
0	0
0	0
1	105
0	105
0	0
0	0
46	74
8	74
0	0
0	0
0	0
0	0
0	0
0	0
0	0
30	1916
0	1131
1	70
3	121
5	1921
0	0
0	0
0	0
0	0
0	0
0	0
0	0
0	0
0	0
0	0
0	0
0	2
0	3
0	0
0	0
0	3
0	0
0	0
0	0
0	0
0	0
0	0
0	0
0	0
0	0
0	0
0	0
0	0
0	0
0	1
0	1
0	0
0	0
0	0
0	0
0	0
0	0
0	0
0	0
0	0
3	0
1186	8226
1	7983
60	7222
50	176
40	10
0	10
0	8
0	4
4	2
0	2
0	0
0	71
0	43
66	76
0	0
0	0
0	0
0	0
0	0
0	3
26	3
1	5
3	5
0	0
10	306
3	306
1	90
1	42
10	1
0	1
0	0
0	0
0	0
0	0
0	0
0	0
0	0
0	0
0	0
52	254
0	78
0	254
62	2090
3	743
0	1499
0	567
14	322
0	712
0	329
119	11
0	0
0	0
0	0
0	0
0	8
0	8
2	352
0	147
1	353
0	351
2	195
0	110
0	30
9	0
0	0
0	0
0	0
0	0
0	0
0	111
0	97
0	117
1	39
0	105
5	106
0	8
0	8
0	16
0	1
0	39
0	33
0	10
3	10
0	107
0	91
66	81
4	81
1	4
0	8
0	0
2	2078
1	2244
24	464
6	551
0	488
0	368
89	545
14	398
211	86
241	687
0	428
3	490
2	612
0	664
0	0
0	0
0	1
0	1
0	1
0	1
0	0
2760	1743
12	0
204	1743
1	1010
5	1760
78	1759
0	198
0	1724
58	542
1	1545
0	1549
0	1256
65	849
0	1272
0	1165
0	964
14	331
4	387
382	341
0	295
0	13
23	11
9	6
0	1
1	2
0	2
0	6
0	1
145	50
0	10
0	0
0	49
0	0
5	6
0	10
0	10
0	1
0	1
0	11
0	1
0	0
0	49
0	50
0	50
2	1
7	1
0	0
0	0
0	5517
4	1858
8	35
25	58
40	762
63	631
1	704
52	101
0	1
95	909
15	444
0	42
65	4
0	5514
0	0
0	0
0	0
0	0
0	0
117	39
0	35
0	2
0	2
0	17
61	0
0	0
12	0
0	0
0	1
0	1
10	6
0	6
0	10
0	8
2	5
0	5
0	5
0	8
0	0
0	2
0	0
0	0
0	0
0	0
0	7
0	5
0	5
0	5
0	6
0	8
0	7
0	8
0	3
0	2
0	22
0	23
0	14
0	6
0	6
0	5
0	1
0	0
0	7
1898	2078
99	2078
4	56
9	108
0	0
0	0
0	0
0	0
0	0
0	0
0	0
0	0
0	0
1327	81
58	190
3	2442
0	16
0	89
0	129
2	82
0	129
25	192
2	178
0	163
0	93
2	92
0	0
0	0
358	0
0	0
0	2
1	1
0	0
0	1
0	1
0	0
0	0
1	2
0	2
0	0
0	0
0	0
0	218
1	266
9	313
4	166
1	254
0	274
0	3
0	2
0	1
0	9
0	9
0	0
0	4
91	1732
0	1723
14	40
0	1256
0	1492
2	4
0	107
2	10
0	53
3	18
0	24
0	55
5	38
0	55
6	4
4	8
1	26
0	53
0	55
0	55
0	150
0	134
6	125
0	66
3	157
0	157
0	141
0	0
0	0
57	232
0	227
1	48
0	6
5	6
0	7
0	19
108	60
1	18
0	46
0	24
637	427
1	163
0	419
0	66
0	0
0	0
0	0
1	0
0	0
0	0
0	0
80	76
0	193
5	23
1	31
0	219
0	71
0	162
11	0
2	17
0	21
2	6
11	20
0	1
0	0
0	0
0	0
0	0
0	0
7	120
2	114
0	50
0	0
0	0
0	0
0	0
0	0
0	0
0	0
0	0
0	0
0	0
0	0
0	0
0	0
0	0
0	0
0	0
0	0
687	983
0	620
0	284
22	70
0	200
32	2
0	2
0	0
0	0
0	0
0	0
0	0
0	102
0	82
130	103
1	7
8	55
1	30
0	17
0	7
2	3
0	19
16	19
0	10
0	0
0	198
0	0
0	207
11	85
0	200
11	172
0	26
0	70
1	101
3	57
10	905
0	930
0	927
3	892
7	37
1	25
0	370
0	86
0	20
11	634
0	633
0	484
20	157
0	78
0	125
34	50
24	213
45	9
0	212
0	0
0	0
2	1
0	0
3	1
0	0
0	0
11	0
0	0
0	0
0	0
0	0
5	0
0	0
0	0
64	0
10	68
0	85
142	256
0	76
0	29
1	29
0	84
0	76
0	95
0	20
0	0
0	0
2	221
112	1408
5	1303
0	73
2	812
0	132
0	937
0	525
0	914
0	20
1	334
4	634
1136	291
4	7
0	284
0	54
0	0
0	53
0	0
0	16
0	0
0	31
0	0
0	91
6	6
0	13
5	45
0	0
0	37
4	91
1	5
0	76
0	89
0	69
16	34
0	20
0	2
0	23
0	18
0	13
4	1
11	1261
1012	1383
0	1296
70	176
1	339
0	143
0	304
4	249
1	195
0	200
11	100
2121	1153
71	1136
83	1098
46	272
0	1074
23	1027
0	995
47	817
0	117
5	233
2	116
0	43
793	783
0	249
0	93
0	500
452	489
14	489
0	230
5	170
0	0
0	0
0	0
0	0
0	0
0	0
0	0
0	7
5	9
0	7
5	2
0	0
0	0
0	0
0	0
0	0
0	0
0	0
0	0
0	1925
0	1876
0	158
0	214
0	170
21	51
4	188
0	200
0	199
1	211
8	164
0	54
6	182
0	1892
0	1928
0	0
0	0
0	0
0	0
0	0
0	0
0	0
0	16
0	15
0	7
0	13
0	16
0	15
0	6
0	4
0	7
0	207
10	207
0	78
4716	2256
4	2229
1	1740
0	759
0	784
5	1601
3	1
0	0
0	0
0	26
0	26
0	25
0	20
0	1
0	26
0	479
11	458
0	482
54	147
6	150
219	106
3	106
0	2
0	2
0	0
0	0
0	0
0	1
0	115
285	362
1	362
0	267
0	184
13	112
0	113
1	105
0	103
0	9
9	9
7	9
0	7
4	0
0	0
0	0
0	0
0	0
0	0
0	0
0	0
0	0
0	0
0	0
0	0
0	0
0	0
0	0
0	0
0	0
0	0
0	0
0	0
28	0
0	0
0	0
0	0
166	2899
57	180
11	110
8	28
2	2893
0	114
44	83
0	198
0	104
0	0
0	0
0	0
0	0
1344	657
0	1
0	1
0	538
1	426
0	534
6	341
1	88
0	186
0	538
2	29
0	185
4	226
13	142
0	62
0	43
4	69
0	19
0	10
0	31
0	27
3	26
0	20
1	14
245	95
0	64
7	53
5	84
2	2
0	6
0	23
0	49
0	23
0	22
0	23
0	49
0	30
0	48
0	49
0	192
0	386
0	414
3	36
89	57
0	693
8	665
0	702
2	62
11	80
2	29
12	1
113	116
17	79
0	89
4	1
1	1
6	2
0	53
0	58
0	28
0	61
0	59
0	30
1	59
0	50
0	58
0	56
0	33
0	56
0	58
11	3
0	65
0	66
0	11
0	26
0	1
0	22
0	270
0	232
0	133
0	22
0	10
0	14
0	21
0	0
0	40
0	40
3	0
539	494
9	59
0	481
0	0
63	1912
17	5
5	1912
0	0
0	0
0	0
0	0
0	0
0	0
0	0
0	0
0	5
0	12
0	11
2	4
70	1265
0	1275
2	269
0	235
2	88
0	0
0	0
0	0
0	0
0	0
0	0
0	0
0	0
0	0
0	0
1194	176
3	84
3	69
12	51
2	951
0	944
0	861
0	867
0	80
4	37
1	169
24	154
5	90
0	0
0	0
0	0
0	0
0	0
0	0
0	0
0	0
0	0
0	0
0	0
0	0
2778	0
639	255
0	29
8	92
0	180
0	145
3	38
0	39
3	20
0	14
0	16
0	0
0	7
0	0
0	0
0	0
0	0
0	0
7	7
2	10
0	8
2	5
9	0
368	0
75	1
0	0
0	0
0	3
0	3
0	0
1	0
0	0
0	0
0	0
56	550
57	580
13	705
7	180
6	247
8	142
18	63
109	549
25	545
9	219
29	221
2	12
0	1
0	1
0	1
0	1
0	1
0	1
0	1
0	0
0	2
0	2615
0	3958
2	5053
0	3175
2	10118
63	1051
2	7668
6	3026
0	7775
0	3437
0	2733
26	256
11	256
0	0
0	0
73	5
0	1540
240	1552
0	74
0	870
0	1453
0	64
1	167
0	1339
0	1282
0	1436
0	1396
0	1399
0	1377
0	1512
0	1533
0	865
6	80
0	0
0	0
218	400
0	400
0	37
3	28
7	1252
75	1112
9	1198
336	1225
2	149
0	197
0	177
1	180
0	0
0	0
0	0
0	0
0	0
0	0
0	0
0	0
0	0
0	0
0	0
0	0
0	4
0	2
0	2
0	2
0	2
0	1
0	2
0	2
0	0
1	0
0	0
0	0
0	0
0	0
0	0
0	0
0	0
758	0
0	0
0	0
0	0
1	1
0	1
0	0
0	0
0	0
0	2
2	2
0	416
1	54
7	401
10	7
0	58
0	65
7	19
2	47
1	20
7	132
0	61
20	12
2	16
0	415
0	3
0	3
0	3
0	3
0	4
0	41
0	218
4	218
77	271
0	219
0	174
0	218
0	190
0	237
0	98
4	0
0	36
0	0
431	4914
2	4914
172	117
0	64
0	37
0	5
0	16
5	38
0	33
0	4
0	1
0	33
0	7
0	191
0	63
0	68
9	156
0	125
2	51
0	20
20	102
25	173
0	160
0	51
22	8
14	66
0	1
0	1
0	1
3	11
0	0
0	0
0	4
0	11
0	0
3	4
9	4
0	0
0	0
5	0
0	0
0	0
0	0
0	0
0	0
36	0
731	0
0	0
0	303
0	293
0	102
6	26
0	45
0	42
4	32
1	6
4	838
87	838
0	0
0	0
0	0
0	0
0	0
0	0
0	0
0	0
0	0
0	0
0	0
0	3
0	8
3	8
1	2
0	2
0	2
0	0
0	2
1	204
874	204
22	152
0	0
0	0
0	0
195	0
1	1
0	1
0	1
0	0
0	0
0	0
0	0
0	0
0	0
0	0
0	0
0	0
0	0
0	0
0	34
0	189
0	1
0	57
0	0
6	218
0	173
0	171
5	57
2	15
3	34
0	110
0	1
0	218
0	0
0	0
0	0
0	0
1	128
0	114
0	41
39	128
0	0
0	0
0	0
0	0
0	4
0	5
0	4
0	1
0	1
0	0
0	0
0	0
0	0
0	0
0	0
0	0
0	0
0	0
0	0
0	0
0	0
0	0
1735	0
108	93
0	92
0	89
0	60
0	25
0	16
0	15
0	0
0	0
0	0
0	0
0	0
0	0
0	0
0	1
0	1
0	1
0	38
0	48
1	0
0	56
0	44
0	51
0	0
0	0
0	0
0	0
0	0
0	0
0	0
1007	181
205	181
0	83
1	13
0	7
0	21
0	86
1	0
0	0
2	0
16	367
0	64
0	273
3	113
4	63
2	25
0	0
0	0
0	267
0	299
0	266
0	232
2	186
0	257
2	250
0	210
9	233
0	218
3	97
0	66
7	2
0	32
57	4
0	0
0	0
0	0
0	0
1	0
177	141
13	141
0	0
0	0
0	231
0	248
0	214
0	213
0	21
6	202
25	1
15	179
0	11
0	5
18	60
3	18
4	12
0	55
4	35
0	255
0	252
6	1
0	0
0	1
13	0
0	0
2	205
10	206
1	131
0	41
0	14
0	0
0	0
0	0
0	0
0	0
0	23
0	84
53	210
8	106
7	68
4	195
1	32
0	0
0	0
0	0
0	173
0	162
0	167
0	156
1	46
5	147
0	165
0	152
0	9
2	7
0	21
4	6
0	40
113	102
0	20
3	23
0	39
1	9
0	21
0	27
0	0
0	0
0	0
0	0
0	0
0	0
0	0
0	0
0	0
0	0
0	0
0	0
0	0
0	0
0	0
0	0
9	3921
0	3503
97	1471
0	557
4	161
0	3892
0	3742
0	0
21	70
0	70
0	0
0	0
0	0
11	31
1	31
0	117
0	116
0	115
0	120
0	34
0	15
1	18
4	2
0	11
13	28
0	8
0	4
0	1
0	221
11	205
1	209
0	219
0	0
817	363
0	363
0	1934
3	1776
9	1872
5	1810
1	367
0	288
20	82
0	316
0	1607
0	0
12	0
0	0
0	0
0	0
0	0
0	0
0	0
0	0
0	0
0	0
3	131
2	114
19	83
2	15
2	1
0	1
74	195
0	22
0	195
0	78
0	4
0	4
0	0
0	1
0	1
0	1
0	1
0	1
6	4
0	4
0	2
0	0
9	160
1	159
0	140
1	134
0	138
0	138
0	66
0	23
0	164
0	0
0	0
0	0
0	0
3	9
0	0
0	0
0	0
0	1
0	0
0	1
0	0
0	4
2	0
0	8
0	0
0	0
0	0
0	0
80	20
7	19
0	0
0	6
0	0
0	0
0	2
0	0
0	4
0	152
1	173
0	174
0	100
0	39
0	67
0	37
40	17
24	0
0	1
0	1
0	1
0	1
3	0
0	0
0	2
0	2
0	2
0	0
0	0
0	0
0	0
1	0
19	485
31	481
7	30
5	69
0	145
0	69
10	31
9	55
47	3
1	67
1	69
0	66
153	105
4	242
0	138
0	89
6	3
0	3
0	152
0	31
553	31
0	698
3	660
0	661
0	508
0	693
0	677
0	671
0	659
0	93
0	29
1	534
1	0
1	88
1	24
0	125
0	249
6	0
0	34
0	60
0	80
0	78
4	53
0	82
0	53
1	60
1	0
0	714
0	680
439	315
5	231
8	79
1	0
0	0
0	0
0	0
0	0
0	0
1	424
1	338
8	96
2	45
3	132
0	128
0	51
0	73
0	87
41	7
18	12
3	133
7	142
11	87
0	1
0	1
0	0
0	1
0	1
0	358
0	28
0	259
1309	415
26	142
286	296
0	220
1	211
2	246
1098	0
0	0
0	0
0	0
3	11
759	11
0	1
1	0
0	1
0	0
0	26
1	117
0	25
0	27
4	117
0	0
0	0
0	0
86	0
86	814
10	23
7	692
2	78
1	21
0	431
0	318
0	692
1	562
10	692
61	104
2	74
0	25
0	16
1	0
0	6
6	24
0	0
0	0
53	16
0	13
0	0
0	0
0	0
0	0
0	0
0	0
0	0
0	0
0	4
0	4
0	0
0	4
0	2
0	4
0	2
0	2
0	0
0	6
355	97
0	59
1	14
12	59
0	83
225	95
5	85
10	71
0	0
0	0
0	0
0	0
0	0
0	0
0	0
0	0
0	0
0	0
20	264
0	30
4	234
1	12
4	210
1	39
1	56
0	39
0	18
0	13
0	0
0	0
0	1
0	0
0	1
0	0
0	0
0	0
0	0
91	0
15	176
0	51
1	6
0	176
1	19
0	19
0	3
0	3
0	0
0	0
0	0
0	8
85	113
5	72
1	66
0	0
0	0
0	0
1	0
0	0
0	0
0	2
0	0
0	0
0	2
0	2
0	2
0	0
0	2
0	982
1908	1433
13	470
0	234
0	0
0	0
0	0
0	0
0	0
6	532
4	99
0	532
0	0
3	0
0	0
0	0
134	121
62	43
0	96
0	20
4	34
0	20
3	30
3	24
7	18
0	19
0	0
0	0
0	0
0	0
0	0
47	7826
16	6672
1	7740
44	7233
1446	809
39	0
0	809
1	24
54	25
569	357
24	243
1	322
0	210
0	0
1	1753
0	1740
0	174
11	51
0	335
1	138
0	109
0	5
3	3
0	0
0	4
0	0
0	0
0	0
0	0
0	0
0	0
7	335
6	112
48	299
0	192
0	37
113	118
6	32
0	0
0	0
2	322
9	313
24	359
0	345
0	348
0	359
8	66
0	65
23	14
0	155
0	100
0	105
0	115
0	649
1	452
103	329
0	547
2	0
0	499
57	0
0	0
0	0
0	0
0	0
121	154
3	154
10	6
0	0
0	0
0	0
0	244
0	701
0	678
0	588
6	637
0	575
0	88
2	466
0	499
0	147
0	494
4	76
9	3
11	98
0	646
885	849
11	394
0	269
1	34
49	191
1	336
0	277
0	1
3	15
0	3
0	2
0	0
0	5
0	0
0	0
2	0
0	0
0	0
9	226
6	0
3	0
1	81
0	158
0	0
0	0
0	0
0	0
0	0
0	0
0	0
0	0
0	0
0	0
0	0
1	0
0	0
0	0
0	0
48	13
6	13
0	1
0	1
0	1
0	0
0	2
0	2
0	2
0	0
0	1
0	1
0	1
0	2
0	1
0	0
0	0
0	0
0	0
0	0
0	0
0	0
0	0
0	0
0	0
0	0
0	0
0	0
0	0
0	0
0	0
0	0
0	0
0	0
0	0
0	0
0	2326
122	2277
0	743
5	75
0	255
0	142
0	129
0	128
0	5
0	0
0	0
0	1
0	4
17	298
32	748
4	713
54	435
10	41
63	354
0	124
34	45
31	56
0	71
10	18
0	20
8	20
1	6
0	3
0	3
0	0
2	0
0	0
14	231
393	533
40	533
0	0
0	0
1	1313
0	1368
4	940
0	0
0	0
0	0
0	0
0	1
0	1
0	14
0	12
0	12
0	9
0	8
0	8
1	16
0	5
0	0
0	0
0	2
0	0
176	246
0	47
2	218
5	54
0	11
53	0
58	0
0	3
0	3
0	3
0	3
0	3
0	3
0	3
0	3
1553	883
0	258
2	310
2	498
7	374
1347	1928
1	1498
0	430
0	0
0	0
0	0
0	0
0	0
0	0
0	0
0	0
0	0
0	0
0	0
0	0
13	2535
9	2351
0	761
0	161
0	1
0	1
0	0
0	1
0	0
0	0
0	0
37	794
13	785
5	144
46	2
6	764
9	764
488	0
0	0
0	0
0	0
0	0
89	831
0	164
5	139
1	533
0	545
0	545
0	3340
15	3251
0	3340
0	0
0	0
23	0
4	714
83	715
420	715
123	512
141	11
0	0
0	3
0	3
0	0
0	0
2	517
189	517
16	7142
2	7142
2	6256
0	576
3	2396
36	102
3	1009
0	53
226	82
1	65
14	0
18665	0
0	1
0	0
0	1
0	1
0	0
0	1
0	1
0	1
0	0
0	1
0	1
0	1
0	1
0	1
0	0
0	0
0	7
2	0
0	0
0	0
0	0
0	0
0	0
0	0
424	133
5	133
0	17
0	11
0	5
5	3285
64	2232
22	103
0	0
0	0
0	7
36	389
0	349
0	38
3	38
2	5
90	18
0	32
8	25
1	0
0	5
1	8
0	2
25	7
0	5
0	5
0	2
0	0
3	5
0	5
0	4
0	4
0	2
0	1
0	35
499	79
0	23
4	10
1	9
0	18
0	0
1	0
0	0
0	0
0	1
0	1
0	1
0	0
0	0
0	0
0	0
0	0
0	0
0	0
728	15
0	0
0	102
3	132
1	93
0	134
12	8
0	11
14	20
0	20
1	15
4	4
0	4
0	0
0	263
8	144
0	286
1	135
2	173
11	37
0	0
0	0
0	126
0	133
0	97
19	131
0	80
1	36
8	121
26	108
1	39
0	22
1	16
0	32
7	34
0	35
0	19
4	11
0	16
8	19
0	21
0	27
0	6
0	0
0	5
0	5
4	5
1	13
0	5
0	9
0	35
0	0
0	0
0	0
1	93
0	0
0	0
0	0
0	0
0	0
0	0
0	0
0	0
0	0
0	0
0	0
0	0
29	152
0	87
3	126
0	43
0	30
0	13
1	21
0	12
0	30
0	22
0	38
0	26
0	26
0	11
0	20
0	16
0	7
1	0
0	0
0	0
0	0
0	0
0	0
0	0
0	0
0	0
0	0
0	0
0	0
0	0
0	0
71	57
12	19
0	38
0	0
0	0
18	0
7	160
1	10
3	130
0	153
0	0
0	286
0	293
0	185
0	192
10	21
1	5
0	6
0	117
2	0
0	0
0	0
3	0
18	88
1	71
0	536
0	585
2	387
0	1976
0	78
19	1208
1	45
0	399
1	60
0	55
25	601
0	582
0	576
0	64
6	38
6	31
30	192
15	63
0	53
7	17
0	1989
0	0
0	0
0	0
0	0
0	0
0	0
0	0
0	0
0	0
0	0
0	0
0	0
0	0
0	0
0	0
266	167
20	56
7	10
1	37
3	80
0	0
0	0
0	0
0	0
0	0
9	797
44	175
1	372
0	278
2	376
0	363
22	538
0	103
0	21
0	39
0	42
1	39
0	7
677	1032
7	603
0	810
1	301
1	665
2	168
0	0
8430	2448
0	1673
0	775
0	1
0	1
0	1
0	2
0	1
0	1
0	0
0	2
0	5
0	5
0	5
0	0
0	0
0	0
20	47
15	34
0	30
137	280
44	3793
3	239
12	282
41	1918
0	3702
102	869
0	2976
44	117
6	703
186	59
0	1408
5	97
0	3828
0	0
0	0
0	0
0	0
0	0
0	0
0	0
0	0
0	0
0	0
0	0
0	0
2	0
0	0
3	92
80	281
0	281
7	75
35	753
0	605
0	756
1	359
0	682
0	253
50	387
48	356
0	721
0	0
0	0
0	0
0	0
0	1
0	1
0	1
0	1
0	1
0	2
0	0
0	2
0	0
0	0
0	350
0	8
1	285
0	191
5	191
0	282
1	29
4	2
0	5
0	145
5	14
0	43
0	36
2	32
0	350
0	285
0	286
0	0
0	0
0	0
0	0
0	0
0	0
0	0
0	1555
0	3588
0	1520
0	3360
0	3478
0	1728
0	3287
2	890
0	624
0	983
0	1475
0	3217
0	1241
0	778
0	1402
0	3198
1	1327
5	220
0	220
0	72
0	9
0	10
3	16
0	11
0	56
1	13
0	63
6	0
0	63
3	49
0	2
12	2
0	0
0	0
4	2343
39	2343
0	23
76	50
0	36
0	67
1	44
2	41
0	41
0	804
0	951
2	1076
0	2088
83	2457
27	363
7	959
0	0
0	237
33	2197
836	3327
0	2475
137	29
0	512
0	0
2	140
3	122
0	227
0	192
3	569
12	66
1	202
5	203
0	29
0	2
0	205
130	96
3	74
9	22
0	17
0	17
0	17
0	0
0	311
0	45
321	309
0	52
1	41
0	16
0	5
0	5
0	4
0	3
0	2
0	1
0	8
0	15
0	15
0	3
0	0
0	7
0	0
266	279
8	181
13	2
21	3
3	239
0	18
12	4
3	0
114	55
1	28
7	8
0	5
0	14
7	329
0	12
0	329
1	9
5	14
0	31
1	8
1	42
39	110
0	100
5	96
1	11
0	11
11	5
1	12
8	9
3	1
0	581
0	503
46	6084
0	752
28	5701
2	2816
0	3198
0	5563
0	6062
2	6081
20	17274
0	17014
0	2917
6	1003
0	1797
0	861
0	1204
18	0
76	389
91	335
0	197
0	126
70	101
0	0
1	0
0	0
0	0
0	0
1	0
0	116
3	113
0	0
0	17
0	23
0	0
284	932
0	596
0	265
0	324
4	336
168	401
0	401
1	413
47	111
0	243
0	221
0	7
0	0
0	0
0	0
0	0
0	0
0	0
19	0
0	0
54	1322
0	127
0	60
0	132
2	89
10	181
1	223
1	391
11	115
232	193
0	193
0	70
0	1322
0	85
0	85
5	14
0	1
0	13
1	0
0	0
0	256
0	206
0	250
3	150
20	149
4	16
2	144
0	20
0	94
4	138
0	4
10	96
0	63
0	0
4	0
0	0
0	52
0	55
0	23
0	55
0	49
0	50
0	16
4	0
0	0
0	0
0	0
283	675
60	383
2	611
3	43
8	118
5	91
0	78
1	260
0	107
0	0
0	4
0	0
0	0
0	4
0	3
0	0
0	1
0	2
0	1
0	0
0	1
0	2
0	0
0	1
0	0
0	1
0	45
2	87
296	100
0	2
5	13
0	0
1	13
6	13
0	1
0	0
0	86
0	268
0	268
0	88
0	135
0	270
0	133
13	267
1	302
34	115
0	271
0	117
0	88
0	0
0	0
1	0
4	0
0	0
0	0
0	0
0	0
0	0
0	0
0	0
133	202
6	202
3	1
0	142
0	1483
0	1477
2	1201
1	1002
12	114
0	100
0	0
0	11
0	1
0	1
1	8
0	10
0	9
0	11
0	3
1	7
0	3
0	0
0	3
0	3
0	0
0	0
0	0
0	0
0	0
0	0
0	0
0	0
0	0
0	0
0	0
0	0
155	444
6	434
0	459
43	47
3	456
0	388
0	8
1	15
0	15
0	15
0	0
0	0
0	0
3	0
0	0
0	0
0	0
21	0
0	0
0	0
0	0
0	0
1	0
0	0
0	0
0	0
16	10
0	10
3	20
5	5
4	830
2	907
0	852
0	0
52	814
2	712
0	809
25	199
0	69
0	116
6	191
4	54
0	0
0	0
4	1
0	0
0	1
0	0
0	0
0	0
0	9
0	1
0	4
5	9
0	4
0	2
1	5
45	688
0	95
0	688
0	0
0	0
0	0
0	0
0	0
0	0
0	0
0	1
0	1
0	1
0	1
0	1
0	1
0	1
0	1
0	0
1	0
581	271
174	240
3	153
1	254
0	0
0	0
6	0
0	0
0	0
0	0
0	0
0	0
0	0
7	448
18	100
0	113
1	94
9	46
1	498
294	1001
0	952
0	924
8	156
3	88
7	169
0	51
0	40
24	111
0	83
11	45
0	55
0	56
5	0
9	80
0	71
0	0
14	389
4	389
0	112
2	35
0	151
1	106
3	3
0	0
0	0
0	0
0	0
0	0
0	0
0	0
0	0
3	40
430	40
49	23
0	7
0	2
0	20
3	13
0	9
1	5
0	0
0	0
0	0
0	0
0	0
0	0
0	0
0	0
0	0
0	0
53	0
0	0
22	35
0	3
0	0
0	0
0	0
0	0
0	40
0	40
0	4
0	0
0	0
0	0
0	0
0	0
0	0
0	0
0	0
0	0
0	0
0	127
0	72
0	107
0	8
4	0
4	41
0	131
14	928
0	1057
0	756
0	1065
0	922
0	472
0	293
40	335
8	151
4	50
36	0
0	0
0	30
11	0
0	19
0	21
0	20
0	20
5	16
0	3
0	0
0	0
0	0
0	0
0	0
0	0
0	0
0	0
0	0
0	0
0	0
0	0
0	0
88	745
0	733
0	750
4	750
0	435
3	131
1	141
0	159
0	100
3	89
2	64
0	55
0	747
0	0
0	0
0	0
0	0
32	285
1	125
20	1
0	258
0	44
1	58
3	35
5	33
0	0
0	0
0	0
18	76
0	63
0	71
0	62
0	3
0	59
0	7
0	0
0	0
0	0
0	0
0	0
0	0
0	0
0	0
0	0
0	0
0	0
0	0
0	0
0	191
4	190
26	154
2	146
2	55
1	3
0	63
0	120
323	427
166	64
46	341
60	86
0	175
20	300
39	149
0	415
1	413
1	274
0	28
0	10
0	12
0	17
13	16
0	12
0	0
0	0
0	0
0	0
0	0
0	0
0	0
0	0
0	0
1	8
0	226
1	218
0	16
0	0
8	197
0	44
2	9
0	112
3	94
20	1323
1	1323
89	473
216	131
0	139
2	0
0	0
253	23
15	23
0	0
0	1422
0	263
0	302
0	83
0	129
4	167
101	13
0	1419
0	1280
0	1202
0	1253
0	2165
0	2053
1	1273
0	943
0	1792
2	259
15	159
0	289
23	387
10	171
71	390
0	245
0	169
0	81
4	68
1	75
34	194
0	115
4	163
11	333
75	108
6	68
0	1280
4	0
0	0
7	356
1	337
1	31
10	0
0	1
3	1
0	1
2	2
0	1
0	4
1	55
0	50
1	32
0	3
0	18
0	18
0	10
0	2
0	2
0	0
3	59
0	57
2	59
0	54
0	10
0	0
0	0
0	0
0	0
0	0
0	0
0	0
538	909
0	909
8	355
6	363
0	277
0	0
0	117
0	133
3	157
0	151
0	151
3	128
0	409
2	400
6	85
5	253
23	109
22	407
0	75
72	1
0	78
1	77
0	40
0	54
0	0
1	33
120	149
1	12
0	137
9	56
54	2
0	38
0	0
0	0
0	0
0	26
0	27
0	25
0	25
0	14
0	19
0	7
4	5
0	12
0	6
0	4
0	4
0	10
0	3
1	62
102	137
0	28
25	0
0	123
0	1
8	27
0	27
2	2814
32	916
0	388
11	126
13	345
56	1659
3	187
145	667
0	61
27	190
2	31
0	52
22	57
0	74
0	23
16	13
1	13
23	1
4	777
0	719
0	819
0	650
0	118
0	711
7	268
22	158
1	375
0	355
0	267
0	268
1	134
0	41
0	0
0	692
0	328
3	441
0	270
0	1
29	277
0	0
2	0
19	45
6	0
38	0
0	45
1394	90
2	90
4	0
0	0
0	0
0	0
0	0
0	0
0	0
0	3
0	0
0	0
0	0
0	3
0	2
0	0
0	0
0	0
0	0
0	0
0	0
0	0
0	0
0	0
0	0
0	0
0	0
0	0
0	0
0	0
0	0
0	0
0	0
0	0
0	1
0	4
0	4
1	0
239	749
16	529
0	278
0	177
0	115
9	8
0	8
0	1
0	4
0	9
11	612
1	368
0	557
61	713
0	701
0	483
8	0
0	113
98	114
1	80
0	407
2	869
0	459
51	175
43	154
0	87
0	139
6	139
0	61
19	9
0	862
0	633
12	629
3	51
0	72
2	110
0	85
0	0
6	143
1	102
0	87
0	0
0	0
0	0
0	0
0	0
0	204
4	204
0	196
0	66
0	36
2	0
0	0
0	3
0	3
0	3
0	2
6	2
0	0
15	29
2	29
0	0
0	0
0	0
0	0
16	0
0	0
0	26
0	16
0	21
1	0
0	0
0	0
0	30
0	0
0	0
0	0
0	0
0	0
0	0
742	778
9	377
0	495
0	0
0	0
0	0
0	0
0	0
0	0
0	0
0	0
0	0
0	0
4	40
0	40
5	0
0	9
145	12
3	12
0	0
0	61
21	61
0	2
757	7536
35	7510
19	5160
0	7
0	28
0	353
0	21
0	213
0	173
1	59
45	88
37	18
21	28
3	353
115	95
1	43
0	0
0	52
79	0
0	3
0	3
0	23
2	25
0	24
0	25
0	0
0	6
0	10
1	0
0	0
0	65
0	59
0	60
0	45
0	12
0	2
0	5
0	556
225	503
0	139
0	48
0	110
0	474
0	447
0	438
0	264
0	256
0	311
0	331
3	327
0	79
0	41
0	207
0	234
0	95
0	141
12	61
0	31
0	46
0	40
0	33
0	42
1	26
0	19
3	5
0	201
0	159
101	201
1	247
0	288
18	271
2	60
0	0
0	0
9	180
0	76
5	164
0	134
0	67
0	68
0	53
0	37
2	242
91	217
0	69
0	119
50	0
2	20
0	24
0	9
1680	0
4	458
0	448
0	170
0	51
0	110
0	110
7	83
9	13
1	33
10	194
33	144
0	153
18	179
0	0
119	239
0	205
0	19
0	73
938	682
36	682
0	1
0	0
0	6
0	6
0	17
0	38
0	0
0	0
0	0
0	0
0	0
0	0
0	0
0	0
0	0
0	0
0	0
0	0
0	0
0	0
0	0
0	0
0	0
0	0
13	413
0	398
0	145
8	112
0	41
2	121
0	38
0	78
2	27
1	19
25	0
3	0
0	0
0	0
0	0
589	42
0	0
0	0
0	0
0	4
0	4
0	4
0	16
0	7
0	11
38	4
0	0
0	0
0	0
0	26
0	17
3	10
0	6
0	8
0	13
0	6
2	3
0	23
0	7
0	30
1	33
0	8
7	2
0	13
0	5
0	7
0	5
0	3
0	7
0	6
0	3
0	33
0	30
143	191
0	191
5	13
2	79
1	1
0	1
0	0
0	1
4	1034
0	499
0	1036
11	736
0	437
8	529
63	68
0	0
0	0
0	0
1	0
0	0
3	33
6	2
0	31
2	12
0	10
3	0
0	0
0	0
170	353
0	0
0	0
0	0
0	0
0	0
0	0
0	30
0	119
0	95
0	115
0	63
2	109
0	63
0	0
0	0
0	0
0	0
0	0
0	0
0	0
0	3
162	14
0	14
0	0
0	0
0	0
0	163
18	163
0	5
1	7
4	786
0	177
1	765
0	805
0	705
5	609
0	512
0	547
0	137
1	105
8	90
27	34
8	240
1	39
0	128
3	0
0	699
0	750
0	600
0	4
0	4
0	4
0	4
0	4
0	0
0	0
0	0
0	0
0	0
0	4
0	0
0	0
0	0
0	0
0	0
0	0
0	0
0	0
0	0
0	73
0	0
3	76
1	55
0	46
0	10
0	16
0	16
0	47
0	6
0	1
0	0
1736	644
0	42
32	358
2	137
0	140
5	34
1	51
0	351
4	72
10	44
15	47
47	320
2	320
2	59
0	10
13	0
0	64
239	1146
0	393
0	133
113	0
0	728
0	22
0	55
17	0
2	281
58	0
29	418
0	0
9	82
7	32
0	82
0	13
5	9
0	4
0	1
57	740
0	495
25	724
2	355
1	45
0	25
0	25
0	0
0	275
23	275
1	54
0	11
2	34
0	35
23	35
0	36
15	8
0	0
7	0
2	16
0	17
1	0
0	87
0	87
15	25
5	11
0	24
0	17
2	11
4	20
0	20
1	96
3	96
0	5
2	6
19	7
4	0
0	2
0	2
0	0
0	0
0	0
0	0
0	0
468	375
0	225
89	211
0	174
11	94
4	13
0	13
0	0
0	0
0	0
0	0
0	0
0	0
0	0
2	2069
2	1014
0	2052
0	1670
2	164
0	274
1	349
7	257
12	221
70	104
0	220
0	0
0	0
0	0
0	0
0	0
0	0
0	60
0	0
0	0
0	156
0	138
202	160
0	41
1	5
0	0
0	0
5	0
0	224
12	128
0	696
0	0
1	747
4	57
0	215
0	709
0	0
0	0
0	0
0	0
61	948
19	948
5	951
0	299
1	165
0	66
156	0
28	0
0	12
0	12
0	0
0	10
0	0
0	1
0	5
0	2
0	0
0	0
0	0
0	0
0	0
0	5
0	0
0	0
0	1
0	5
0	0
0	479
1	721
0	133
0	678
0	0
0	0
0	0
0	2415
2	1959
34	577
2	45
20	73
4	2363
0	0
0	0
505	0
0	0
0	0
0	0
44	52
0	22
3	23
0	16
0	0
0	0
0	11
0	6
0	11
0	8
0	11
0	3
0	0
0	2
0	0
0	0
0	0
0	0
0	0
0	0
0	9
113	237
0	234
1	125
0	93
0	89
1	35
0	3
0	3
0	6
0	6
0	5
0	6
0	0
0	0
1	25
0	0
0	4
0	25
0	0
0	0
33	895
38	44
0	149
0	53
0	669
1	37
0	40
0	306
0	0
0	0
0	0
0	0
7	0
247	3
5	3
0	0
0	0
0	0
0	0
0	0
74	166
16	34
1	22
0	132
0	0
0	0
0	0
1	52
0	35
150	1100
4	1721
3	1103
0	310
3	1102
0	71
8	1675
1	167
0	1717
0	38
0	0
0	0
0	0
0	0
0	0
13	2743
2	2318
40	1165
17	1076
0	1666
41	349
5	308
0	0
0	0
416	1359
0	1251
1	561
17	176
28	169
0	86
0	169
197	32
1	32
0	294
0	318
0	318
0	201
0	317
9	256
3	75
6	151
0	55
0	50
0	82
5	69
0	33
0	0
3	56
7	0
2	28
0	299
0	1
94	1625
3	1628
22	687
2	318
0	284
1	76
12	0
0	0
0	0
0	0
0	0
0	0
122	785
1	785
0	133
1	1263
3	621
0	461
0	76
0	87
131	37
163	26
0	1218
0	0
0	0
1	2
1	3
0	3
42	0
0	1
4	103
0	103
0	35
5	79
6	8
0	4
0	95
23	1
8	9
0	9
0	11
2	11
0	10
0	0
0	0
0	0
0	0
0	0
3	0
0	0
1	478
0	52
0	478
0	1718
0	231
0	231
0	191
15	788
3	170
0	1704
2	44
12	207
0	467
19	476
0	58
1	0
24	253
0	47
0	1
0	0
0	1
22	156
0	156
16	158
31	146
4	156
0	0
0	0
0	0
0	0
0	0
0	0
578	673
58	423
9	235
0	0
0	0
0	0
0	0
0	0
18	82
5	82
0	37
0	0
10	0
0	0
0	518
7	541
2	363
0	192
0	251
0	51
0	0
0	0
0	0
0	0
0	0
0	0
0	0
0	2
0	3
0	3
0	1
0	0
0	0
0	0
0	3
0	0
0	0
0	0
0	0
9	322
1	472
1	472
5	25
12	7
0	57
2	0
0	0
0	0
0	0
2728	88
0	0
0	0
0	0
0	10981
421	11441
106	7567
3916	11504
0	11827
366	11046
0	11150
1	11391
1	18
0	10029
25	3181
9	11076
59	71
3	23
0	69
34	15
12029	1312
224	1096
1122	156
11	156
3	53
0	8
0	8
0	3
0	0
0	0
0	2
0	8
71	108
0	16
0	7
0	6
0	24
0	30
0	18
1	82
12	57
2	112
6	448
2	697
1	112
2	80
0	697
0	10
0	419
2	131
0	382
0	310
4	261
0	395
0	147
2	56
0	301
0	412
0	41
0	0
0	0
0	0
0	50
152	319
0	303
17	167
0	6
88	6
0	0
0	0
2	0
0	0
0	0
0	0
0	0
0	0
30	228
0	228
2	0
0	0
4	4
0	21
19	127
0	122
0	169
0	177
2	130
1	51
5	51
17	0
0	0
46	0
0	0
0	0
0	0
0	0
0	0
0	0
0	0
0	0
0	0
1	0
0	0
0	0
5	0
0	246
0	199
0	46
11	101
2	6
0	84
0	56
0	12
2	54
5	160
0	85
10	2
1	16
0	244
86	108
0	68
2	14
3	45
0	25
19	0
1	312
0	317
0	346
0	319
5	226
0	287
0	308
0	124
0	188
0	152
0	32
0	106
0	43
0	75
3	20
0	65
0	60
0	0
0	53
0	43
0	27
0	28
0	29
0	8
0	14
9	0
1157	0
0	0
0	923
0	873
4	129
0	129
0	120
9	7
0	46
1	68
2	12
0	1
0	6
0	9
0	3
0	5
0	1
0	0
0	2
1	0
14	623
0	699
4	73
1	699
18	170
0	170
0	42
0	0
0	0
0	0
0	0
1	0
0	0
672	883
0	157
0	66
6	80
5	464
0	323
3	1648
0	180
0	180
0	10
0	0
2	0
0	1
0	0
0	2
0	0
0	3
0	2
0	0
0	7
0	3
0	0
0	3
1227	1148
0	1139
0	958
0	642
0	438
1	207
54	350
0	276
0	213
0	175
47	0
0	25
0	25
0	25
1	23
1	23
0	16
0	5
0	3
0	0
0	0
0	0
0	0
0	0
0	0
0	0
333	373
0	354
7	19
44	0
94	0
96	43
0	43
0	30
0	22
0	18
0	11
0	14
0	14
0	4
184	3904
15	3380
164	3808
0	773
0	346
0	1164
11	459
1	425
0	403
0	0
0	0
0	0
0	0
0	0
0	0
0	0
0	0
0	0
0	0
0	5
0	5
0	1
0	4
0	22
1	31
0	31
3	14
0	17
0	32
0	0
33	24
0	10
2	14
55	100
0	0
0	37
0	89
0	0
0	0
17	259
0	218
0	59
0	60
68	136
0	10
0	57
0	25
0	26
3	30
2	16
0	31
0	2
590	600
3	600
0	9
0	0
104	6
0	4
0	7
56	3
0	0
0	0
0	0
0	0
0	0
0	0
0	0
260	37
0	5
0	34
0	0
0	7
2	308
5	308
0	43
0	48
0	0
5	292
0	270
0	152
4	7
4	97
0	18
0	19
68	17
0	0
0	0
0	37
2	244
0	157
0	81
4	235
0	14
0	244
0	0
0	0
0	0
0	0
0	9
3	51
0	50
2	27
0	50
0	44
17	10
0	8
4	15
0	6
15	2
0	4
200	571
6	53
7	116
0	105
0	92
0	13
0	96
2	94
0	0
0	0
0	0
0	0
0	132
0	131
0	6
0	10
0	9
0	2
474	279
1	36
1	42
49	164
0	65
0	0
0	0
0	0
0	0
0	0
0	0
49	200
7	405
0	211
3	17
55	218
0	1
0	0
1962	630
0	241
51	255
19	242
0	81
0	181
138	181
0	8199
0	7812
0	6614
0	7095
12	7859
0	6843
6	7659
334	736
93	13
0	1552
1	1323
0	1116
7	1594
1	5107
20	492
7	270
16	816
129	573
3	0
5	1526
0	75
10	1337
25	440
76	12
0	276
13	284
0	450
0	415
0	172
4	794
0	289
73	157
0	226
0	64
0	216
0	285
0	0
0	0
0	0
0	0
0	0
0	0
0	0
0	0
0	0
0	0
0	0
0	0
34	176
0	110
0	41
10	123
10	84
0	0
0	0
0	0
616	939
0	872
0	68
0	583
5	91
0	775
541	766
0	389
0	752
52	864
171	855
7	766
0	176
0	226
0	215
0	0
0	215
0	212
34	214
12	6
2	212
46	214
3	85
51	12
0	219
1	39
2	216
0	296
47	296
1	23
0	55
0	52
0	147
0	210
1	194
6	198
0	46
8	51
2	0
0	0
0	0
0	0
6	254
3	264
8	207
0	239
0	23
5	65
4	45
10	4
10	267
1	267
13	267
0	131
0	0
0	0
0	0
0	0
0	0
0	0
0	0
0	0
1	0
123	2542
62	1039
141	682
1	1658
224	775
0	48
2	335
1	338
1	148
3	72
3	47
30	45
0	43
0	0
0	0
0	0
0	0
0	0
0	0
0	0
0	0
0	0
0	0
0	0
0	0
0	0
0	0
0	6
0	6
4	6
0	72
342	255
2	63
14	50
4	219
0	143
73	203
2	190
0	180
0	178
0	0
0	4
0	4
0	4
0	4
0	0
22	25
0	3
0	1
0	22
0	1
0	1
0	1
74	48
0	48
0	0
0	0
0	0
0	0
0	0
0	0
0	0
5348	253
14	251
65	109
0	37
2	73
5	80
1	61
1	74
4	30
0	73
0	76
8	33
0	0
0	0
0	0
0	0
8	0
1	575
5	575
150	54
0	50
0	37
0	37
1	26
0	22
0	21
3	0
1304	0
0	4
0	4
0	3
0	3
0	3
0	3
0	3
0	0
0	22
0	13
0	19
0	10
0	15
0	6
0	1
0	1
0	0
23293	0
0	0
0	0
3	21
0	21
0	4
0	0
0	0
1	0
0	0
0	0
0	118
0	394
0	11
0	50
0	209
2	177
3	197
0	13
9	96
0	376
22	353
4	331
0	42
0	55
1	0
1	59
139	221
7	197
0	156
0	21
223	195
5	98
0	633
0	1058
0	352
0	99
2	5
6	11
9	300
1	25
74	62
2	96
0	395
0	421
0	48
0	37
65	397
0	352
9	41
0	2
48	0
0	12
2	11
519	278
1	40
0	104
0	92
0	96
0	3
0	18
15	13
388	948
43	0
81	9
41	224
0	136
1	869
0	169
16	272
0	0
0	0
0	0
0	0
0	0
0	0
0	0
27	602
0	512
0	602
0	601
0	602
0	525
0	145
4	72
0	63
7	52
31	34
0	26
0	27
0	332
23	1786
0	1278
2	599
0	124
0	86
103	0
0	672
2	623
2	100
0	117
8	41
19	351
1	110
0	1595
0	1615
0	0
0	0
0	0
0	0
0	0
0	0
1	0
0	0
0	0
0	0
0	0
0	0
0	0
0	0
0	0
0	0
0	0
0	0
0	0
0	0
0	0
0	0
9	7
0	1
0	1
0	1
0	1
0	7
0	0
0	0
0	0
0	0
0	0
0	0
0	0
0	0
0	0
0	0
0	0
0	0
0	0
0	0
14	23
0	0
0	0
0	0
0	0
0	0
0	0
0	0
0	0
0	0
0	0
0	0
0	0
0	0
221	1045
4	763
2	361
145	456
0	418
0	107
0	80
1	0
0	0
0	0
0	0
0	0
0	0
0	87
3	90
0	68
0	58
0	41
0	51
0	24
0	1
0	0
0	0
354	520
1	253
0	0
0	0
0	0
0	2
0	2
0	2
4	0
1	55
0	54
1	55
0	1
3	20
0	20
0	0
1	4
1	7
0	7
2	4
0	1
0	0
25	177
9	184
0	21
2	82
3	33
0	39
10	18
0	19
0	198
0	187
4	60
0	65
0	80
10	106
0	55
96	116
0	100
1	48
0	31
9	0
0	0
0	0
0	0
0	0
0	99
0	76
0	95
0	105
1	95
0	50
1	16
1	9
0	0
0	0
0	0
0	197
0	203
9	216
148	221
0	70
140	544
14	486
1	151
4	33
0	14
3	389
18	92
0	93
4	2
0	0
473	20
0	20
6	61
0	48
0	29
0	0
0	0
0	0
0	0
0	0
0	0
0	0
0	388
2	350
3	193
0	292
0	4
0	0
0	0
0	1
0	1
0	3
0	0
0	4
1	3
0	0
0	0
0	3
0	0
0	0
0	34
99	148
0	134
63	35
807	2558
0	122
0	189
65	176
4	40
4	2031
17	158
0	348
0	0
0	0
0	0
0	0
0	0
0	0
0	0
2	275
3	251
1	275
2	261
47	88
0	22
8	87
0	0
0	0
282	776
1	746
39	635
0	114
0	152
2	134
0	134
1	32
0	21
0	0
0	0
0	0
0	0
0	0
0	0
502	751
0	755
105	367
21	311
25	263
1	0
72	390
0	382
0	239
1	116
1	159
14	150
1	10
151	245
3	61
5	37
1	54
0	32
4	30
94	61
0	0
0	0
0	0
0	0
0	0
0	0
0	0
2	114
0	35
0	64
0	9
0	86
1	254
6	239
20	149
0	239
0	0
0	0
0	0
20	18
0	11
175	139
0	122
21	138
5	120
0	0
0	0
0	0
0	0
0	0
0	0
0	0
0	34
0	13
0	0
0	0
0	0
0	0
0	0
0	0
0	0
0	0
0	61
181	641
0	600
0	97
167	217
2	508
0	515
0	511
0	45
0	34
14	301
2	4
7	122
4	41
0	19
2	41
0	0
0	0
0	0
0	0
182	131
0	644
1	584
29	614
0	93
0	174
0	75
2	378
0	129
3	28
2	17
3	19
0	10
0	29
2	20
93	70
0	20
0	10
0	33
0	0
0	0
0	0
0	0
0	0
0	0
0	0
0	0
0	0
0	0
0	0
0	0
0	0
0	0
0	0
0	0
0	0
0	0
0	0
0	0
0	0
0	0
0	0
0	0
4	0
0	0
52	31
0	11
0	20
1	1051
2	63
2	151
7	234
103	953
0	791
1	277
1	102
6	71
6	73
0	16
0	0
0	0
0	0
0	0
0	56
0	56
2	391
0	355
3	66
87	127
9	74
17	106
0	0
0	0
0	311
2	0
0	0
0	0
0	0
0	0
0	0
0	0
0	0
0	12
0	9
0	8
0	0
30	1189
0	1066
6	428
3	304
0	0
0	0
0	0
0	0
0	0
0	239
1	9
0	238
0	237
8	7
0	0
0	0
0	0
0	0
0	0
0	0
0	649
0	0
8	66
2	66
2	45
0	45
0	16
6	0
0	46
0	319
0	9
0	285
2	311
12	37
21	36
4	30
0	0
0	14
0	10
2	0
0	5
0	1
0	5
0	0
578	870
0	553
0	47
0	71
0	85
0	51
0	45
2	9
0	830
0	0
0	0
0	0
0	0
0	0
0	0
0	0
47	30
0	26
2	8
0	6
0	3
0	0
0	4
0	0
0	0
0	0
0	38
0	0
1	3
0	38
0	40
0	0
0	40
95	165
0	165
0	28
0	3
358	531
19	531
4	146
0	215
0	280
0	248
0	197
18	142
0	124
0	84
0	273
3	71
0	281
2	259
0	218
0	240
2	205
0	270
3	10
0	89
0	9
0	57
2	37
0	54
324	540
0	156
0	58
10	58
7	358
11	29
7	69
0	62
5	69
153	209
15	70
13	147
23	151
6	48
0	0
0	13
0	13
0	13
0	16
0	13
0	13
0	13
3	16
0	0
0	0
0	13
0	3
0	13
0	0
0	0
0	0
0	0
0	0
0	0
0	0
143	437
24	0
0	437
0	0
0	0
0	0
0	0
0	0
0	0
0	0
0	2
22	45
0	4
0	70
0	70
36	475
1364	910
15	264
5	0
0	5
15	0
53	135
48	300
19	391
3	391
0	340
0	85
0	1
0	1
1	0
0	0
0	0
0	0
0	0
0	57
0	56
0	7
0	7
0	7
0	16
0	4
0	16
0	0
0	8
0	7
0	13
0	16
0	17
0	0
0	23
2	18
0	29
0	13
0	0
0	0
0	0
0	5
54	33
0	0
0	0
0	0
84	77
6	65
18	77
0	56
0	18
1	169
0	0
0	0
9	0
0	0
0	0
0	0
0	0
21	684
1	652
0	1
0	1
0	0
94	26
210	29
222	196
2	16
0	0
0	0
0	0
0	4
22	4
0	2
0	3
12	539
0	539
16	73
6	103
3	87
2	0
0	0
0	0
0	0
0	0
0	0
0	0
1	51
6	51
5	8
1	8
3	26
2	35
0	0
0	0
0	0
0	0
0	0
0	0
0	0
0	0
0	0
499	3308
53	3302
8	3087
0	0
0	0
0	0
0	0
40	0
5	738
1	2306
5	340
2	82
153	21
3	189
0	611
7	62
9	2279
0	0
1	9
0	9
0	0
0	0
0	0
0	23
0	22
0	23
0	11
106	0
0	0
10	125
7	676
0	275
5	8
0	678
19	3
4	3
2	0
2	531
0	268
0	150
0	219
0	297
1	0
0	0
0	311
0	299
0	291
0	71
0	31
0	42
0	162
178	273
0	162
0	114
0	88
0	227
1	128
42	43
7	14
1	150
0	14
87	21
53	150
0	29
8	7
0	9
0	9
0	1
0	0
0	44
0	45
0	9
285	836
0	828
0	732
6	717
13	285
36	328
24	270
27	270
0	0
0	0
0	0
0	0
0	0
0	0
0	0
0	0
0	0
0	0
0	0
0	0
0	0
0	0
0	3
0	3
0	3
0	0
159	345
20	326
9	318
6	280
2	70
4	6
39	62
3	19
361	48
0	11
0	0
0	0
0	0
0	0
0	0
0	40
14	0
154	157
0	40
0	35
0	87
0	69
14	2
2	63
0	0
0	0
0	0
0	1493
1	304
2	1060
0	107
6	45
0	269
0	373
0	0
0	0
0	0
0	0
42	741
0	36
1	722
0	113
26	119
0	153
0	720
6	384
0	46
3	689
0	641
9	82
1	62
17	147
5	38
0	47
0	0
0	0
0	3
0	4
3	4
0	4
0	4
0	3
0	3
0	1
0	0
2	2
0	2
7	154
1	154
0	52
67	0
0	376
22	346
0	404
27	332
0	20
0	0
1	0
0	0
0	0
0	0
0	0
0	0
0	0
0	0
168	787
0	216
26	594
0	210
11	56
0	0
1	1
0	1
0	1
0	0
3	517
0	712
0	733
6	703
1	36
2	78
0	86
81	86
0	0
0	0
0	0
0	0
2	0
0	0
271	0
432	84
1	76
0	8
8	1191
3	228
0	226
6	1097
5	42
7	1102
9	3
0	1160
1	1071
0	1015
0	629
5	47
0	38
0	164
0	1139
0	1182
9	1348
46	167
0	0
0	226
2	226
0	226
0	226
0	35
0	34
0	11
0	10
198	250
1	134
8	63
0	86
0	0
0	0
0	0
0	0
272	87
3	57
2	59
0	0
215	513
2	504
0	96
15	109
1	17
247	264
0	255
1	66
5	35
0	3
2	32
2	9
0	22
5	11
0	14
558	6184
2	347
81	3409
2	1325
0	5775
0	715
19	1117
23	437
5	804
20	120
0	150
0	150
2	0
0	0
0	0
0	0
0	0
0	0
0	0
0	0
0	0
0	0
0	0
0	0
0	0
0	0
0	0
5	0
0	0
0	0
0	0
0	0
0	0
0	0
0	648
0	660
0	645
0	26
0	16
3	11
0	31
1	0
0	14
0	21
0	21
0	15
0	38
0	1
0	3
0	41
4	6
0	9
3	0
0	8
119	212
16	212
0	65
3	54
1	132
0	0
0	0
0	0
0	0
0	0
0	0
1	4
0	4
0	4
407	527
0	499
0	351
0	127
0	113
7	117
0	110
0	116
0	89
0	74
0	24
1105	293
8	65
6	228
5	84
2	23
3	15
229	584
3	236
0	144
0	102
0	45
45	7
0	0
0	584
0	22
7	22
11	4
269	717
3	708
33	143
0	4
1	12
3	47
0	49
0	2
0	2
0	2
0	0
0	0
0	0
0	0
0	0
8	5
0	5
0	0
0	0
0	3
0	3
0	3
0	3
96	1290
3	743
0	1272
6	114
0	287
30	142
34	85
3	3
0	0
0	3
0	0
2	0
0	0
2	0
0	0
0	0
0	97
0	0
506	878
2	137
0	47
0	878
1	741
1	878
0	0
0	0
0	0
0	4
0	0
0	0
0	4
0	4
0	0
2070	455
25	455
11	257
0	97
3	0
0	0
0	0
0	0
0	0
0	0
0	0
603	122
7	101
0	2440
0	1693
0	257
12	121
36	42
30	512
5	169
4	141
0	0
0	2276
162	212
4	212
9	12
19	0
0	0
3	9
0	9
0	4
58	169
31	42
0	130
0	0
0	0
2	1
0	3
0	3
0	0
0	0
0	0
0	1
0	1
0	38
0	0
0	0
0	6
0	1
0	3
2	3
2	1
0	1
0	0
3	11
0	3
0	0
0	38
1226	247
0	48
3	199
27	34
0	0
0	0
0	0
0	0
0	0
0	0
0	0
0	0
0	0
0	0
0	0
0	0
0	0
0	43
0	29
0	40
0	64
0	18
8	11
5	1
0	33
0	29
7	7
0	22
46	478
1	384
3	384
31	47
0	232
0	126
0	227
0	119
0	119
503	94
40	94
33	616
0	463
5	149
145	271
0	343
0	467
0	72
0	78
0	54
0	20
0	0
57	25
0	7
0	0
0	7
1	13
3	0
0	0
0	0
0	0
0	0
0	1
0	1
0	1
0	1
0	0
0	0
0	0
0	0
0	0
0	0
0	0
0	0
0	0
0	0
0	0
0	0
0	6
15	6
0	3
0	0
0	0
0	0
0	0
0	0
0	0
0	0
0	0
0	0
0	0
3	275
0	227
88	278
0	0
561	304
0	273
2	49
2	196
2	135
10	24
29	29
17	10
0	35
0	1
1	1
0	1
0	1
0	0
0	0
0	0
0	0
0	0
0	0
0	0
0	0
0	0
0	0
0	0
0	27
19	27
0	0
0	0
0	0
0	0
0	0
1	21
122	115
0	96
0	0
0	0
0	0
0	0
0	0
0	0
0	0
0	0
0	0
0	0
0	0
0	0
126	76
7	11
2	73
0	4
0	3
1	65
2	65
1	65
16	41
0	40
0	0
0	0
0	0
0	0
0	0
0	0
116	64
3	58
0	6
0	0
0	0
0	0
0	0
0	0
34	614
0	562
0	247
0	781
368	834
0	631
0	483
0	0
0	0
8	33
30	33
30	7
41	10
0	2
0	27
0	22
1	0
0	0
0	0
0	0
0	0
0	0
0	0
0	0
0	0
0	0
0	0
0	0
0	0
0	0
0	0
0	0
27	54
0	52
0	16
0	162
0	179
0	118
62	79
0	151
0	52
0	53
24	84
4	5
0	28
4	38
1	32
3	13
0	132
0	0
0	0
0	0
59	0
1	14
0	15
0	14
0	0
0	1
5	0
13	8
0	0
0	0
0	10
4	150
0	0
0	86
0	128
0	132
0	86
119	150
6	463
15	141
1	61
0	100
6	251
6	2233
0	2202
0	2320
0	2324
0	2339
16	548
0	120
0	197
2	155
0	1562
11	197
2	310
0	211
6	364
0	234
52	60
0	29
2	36
260	49
0	40
4	52
3	61
0	184
0	168
0	19
1	71
3	0
0	71
0	66
0	68
0	0
0	0
38	465
18	134
0	198
0	304
0	54
0	21
0	188
561	57
0	57
21	1
1	1
0	46
3	48
0	20
0	7
4	314
0	204
0	1
0	111
1	1
0	134
0	556
1	377
1	511
0	511
1	6
0	3
77	0
8	50
0	25
0	544
0	0
23	318
0	267
0	13
5	166
2	17
0	0
0	0
0	0
0	0
0	0
4	54
0	53
0	2
2	7
0	6
0	51
0	17
0	13
0	9
0	0
0	2
0	1
0	0
0	0
0	1
0	0
0	1
0	0
0	0
0	0
0	0
12	526
0	569
26	240
0	568
1	73
4	47
2	165
11	153
0	169
0	166
3	66
0	0
0	0
0	0
0	196
0	157
0	172
0	136
0	65
1	18
0	139
0	14
0	107
0	56
0	69
0	72
0	183
0	0
1	0
0	0
0	0
0	0
0	0
0	0
1050	1722
5	13
61	533
3	134
0	1114
23	902
19	677
0	0
0	0
0	0
0	92
0	103
0	103
0	90
0	102
36	22
0	37
0	29
7	22
0	44
4	50
2	30
16	16
0	0
0	0
0	0
0	0
0	0
0	0
0	0
0	0
432	1399
2	1399
0	0
0	65
0	65
4	11
1	31
3	35
0	65
0	5
0	55
3	54
0	17
0	8
0	12
0	0
0	0
6	2054
48	2074
14	2044
0	1316
0	0
0	0
0	0
0	5
0	18
2	16
0	10
0	18
0	0
0	0
580	101
6	101
0	471
506	1297
4	0
0	330
0	797
0	485
0	0
155	67
6	67
2	60
3	59
2	1
9	30
0	30
0	7
0	27
1	71
0	66
3	1
6	12
7	10
1	20
0	1
0	8
4	9
0	342
0	362
0	162
8	32
0	75
0	87
1	139
0	105
0	14
0	64
4	74
0	0
0	48
0	49
1	7
1	0
0	9
0	7
0	7
2	13
0	7
0	7
0	15
0	15
0	5
0	6
0	0
0	0
0	0
0	0
0	0
0	0
0	0
102	139
0	68
1	55
0	67
2	39
0	37
0	9
16	18
0	0
0	0
0	0
7	2
0	2
0	0
0	35
48	1597
0	175
14	1596
42	238
2	163
85	3
1	43
0	114
15	66
133	124
0	296
5	0
0	0
0	0
0	0
0	20
0	17
0	1
0	2
0	15
0	2
1	2
0	2
0	0
0	5
0	5
0	20
0	0
0	0
0	0
0	0
0	0
0	0
7	0
0	0
0	0
0	0
0	0
0	0
0	0
0	0
0	0
37	38
0	38
0	5
2	18
0	2
0	4
0	2
34	0
1	623
2	623
0	617
0	36
0	17
0	15
0	15
1	11
5	11
0	12
0	9
0	8
0	7
0	0
0	0
0	0
27	94
0	367
0	357
0	359
4	226
3	226
0	3
5	35
0	202
0	85
0	0
0	0
0	0
0	0
596	175
3	161
0	0
0	0
0	0
0	0
56	65
0	0
0	534
19	534
5	157
0	17
1	6
3	12
1	6808
22	6812
2	6866
16	4821
3	6764
0	5439
32	3181
0	5355
0	0
0	0
0	0
0	0
0	0
0	0
0	405
0	2
2	2
0	2
0	0
0	1
0	1
0	0
200	73
4	53
0	70
2	40
1	15
0	6
0	0
0	0
0	0
0	0
0	0
406	282
1	252
1	30
0	0
2	227
1	109
1	44
3	111
0	120
0	14
0	14
5	399
90	451
44	16
0	339
12	106
0	0
0	0
0	0
0	0
7	276
0	100
3	91
2	60
0	39
1	123
0	84
0	0
0	49
0	34
0	259
0	252
0	229
0	76
0	224
0	219
0	97
3	174
0	108
3	123
2	118
18	24
0	109
0	44
0	0
0	0
0	0
0	0
0	0
0	0
0	0
0	0
0	0
0	0
199	73
2	38
20	35
0	0
0	0
0	0
1	5
0	10
0	11
0	0
0	3
0	7
0	8
0	2
0	2
0	0
22	1290
0	1107
0	556
0	711
1612	559
6	547
0	216
4	180
0	40
6	58
307	660
18	137
0	446
3	512
6	270
64	532
0	532
0	0
0	0
0	178
11	167
0	0
0	0
211	430
0	68
29	347
2	15
0	62
0	34
0	0
0	0
0	0
0	0
0	0
69	679
10	176
0	278
0	213
1	539
10	162
0	151
0	0
29	89
45	109
12	78
1	87
0	50
0	34
0	6461
0	2640
100	324
0	317
3	105
0	101
6	97
0	5
15	7
0	0
0	0
0	0
0	681
0	211
0	163
0	162
6	0
0	681
119	188
0	155
8	15
3	13
5	188
0	0
0	0
0	26
0	26
0	26
0	2
0	2
0	0
0	0
0	0
0	0
0	0
0	157
0	48
0	126
1	2
12	19
2	96
1	98
1	5
41	13
0	0
0	0
0	0
0	0
0	0
0	0
0	0
0	0
11	104
1	205
0	68
1	197
0	32
0	37
28	47
0	60
0	7
0	25
0	22
1	2
12	175
1	5
0	57
0	53
1	17
1	47
0	1
0	16
0	57
0	299
0	325
1	92
0	300
1	239
7	114
0	75
17	13
0	332
0	324
0	324
0	0
0	340
17	353
7	275
1	352
1	128
0	52
0	245
1	0
0	608
0	855
0	516
0	824
0	850
6	15
10	425
15	218
0	141
0	140
0	55
7	99
0	858
23	0
24	5
0	0
0	0
0	0
2	4
0	0
0	0
1209	84
0	63
0	237
0	242
2	242
0	30
0	242
0	237
37	67
1	67
2	30
0	0
23	363
3	381
8	362
11	137
137	1
409	182
0	107
6	76
0	50
3	57
4	29
0	0
0	0
105	0
0	0
6	2
0	2
3	0
2	0
128	0
0	0
0	0
0	0
0	0
0	0
21	78
2	78
0	0
0	0
0	0
0	0
0	0
0	0
0	72
0	91
5	91
0	0
0	0
0	0
0	99
0	132
0	347
0	367
0	370
5	321
61	92
49	27
0	0
0	0
1875	3498
0	3164
331	21
10	58
6	900
0	1573
0	1307
22	1307
1	140
4	88
0	11
0	151
0	121
0	35
0	23
0	54
0	104
3	64
0	4
0	27
0	85
0	15
1	44
0	7
0	38
0	0
26	682
15	653
1	61
2	131
4	54
56	235
14	235
0	12
0	0
0	50
0	29
2	1
0	13
0	50
0	0
0	0
0	0
0	36
673	162
0	61
0	40
0	6
4	56
18	36
0	293
0	199
0	85
0	0
34	816
0	816
2	291
0	176
2	39
0	102
1	214
24	14
1	40
110	17
2	17
0	8
0	6
0	9
0	0
0	0
0	24
0	24
13	2
1	2
0	0
1	556
9	574
4	574
0	573
0	78
0	50
0	140
9	43
0	120
7	58
0	159
1	155
121	178
1	7
0	7
0	12
0	22
0	53
0	44
0	1
0	1
0	0
0	0
0	0
0	0
0	0
0	0
0	0
0	32
0	31
0	31
0	16
2	25
0	1
0	11
0	0
3	8
0	8
0	52
2	1546
1	101
19	591
60	9911
9	1203
17	1710
0	152
0	168
81	458
0	1700
0	9736
0	2498
7	214
0	144
28	283
4	95
2	244
5	144
1	297
30	135
0	0
0	0
97	290
0	192
3	110
1	39
0	0
0	0
5	14
0	5
0	1
5	9
0	9
0	281
110	54
3	38
0	8
0	51
67	12
1	0
0	8
9	4
0	1813
92	1813
1	19
0	136
0	357
21	220
9	152
9	65
0	0
0	0
0	0
0	214
2	158
206	3
1	187
46	213
0	9
0	192
0	20
9	132
1	93
11	678
0	687
0	684
0	635
0	471
0	276
0	109
11	171
0	19
0	0
717	14
0	0
0	0
0	0
0	0
0	0
0	0
0	0
0	0
0	0
0	72
11	72
0	47
0	1
6	1
83	839
0	813
0	189
55	753
2	196
2	42
0	62
0	343
8	226
11	141
0	224
2	91
98	169
1	112
8	20
0	53
5	2
0	69
0	81
7	81
0	64
0	11
0	1155
0	1054
0	0
5	1155
1	0
0	1090
1	1155
1	90
16	502
27	0
5	86
0	0
0	2281
0	0
0	1990
21	558
0	469
80	484
45	559
0	261
0	35
7	444
480	681
1	63
0	169
24	111
0	118
0	14
0	0
10	143
333	143
0	0
0	0
3	0
0	19
0	1
0	19
0	1
0	0
0	0
0	0
0	19
0	0
304	0
0	0
0	0
0	0
0	0
0	231
0	163
0	68
0	69
0	0
0	0
0	0
0	0
12	7553
42	7534
1	453
11	1289
3	981
3	632
0	0
0	0
0	0
0	0
0	0
0	0
0	0
0	0
0	0
0	0
0	0
0	0
0	0
0	0
0	0
0	574
5	568
6	573
0	554
0	161
0	242
0	160
0	177
3	134
0	508
2	0
0	0
0	0
0	0
48	623
0	455
0	611
1	88
135	0
0	0
0	0
14	147
2	107
0	31
0	2310
2	288
0	228
1	2259
0	2281
0	2310
0	2248
0	2321
0	0
0	0
0	0
0	31
1	90
0	84
1	71
2	39
4	9
13	0
97	49
1	1
1	29
1	5
3	43
2	0
0	10
0	6
0	0
0	0
0	134
0	10
79	168
0	168
89	441
31	15
0	15
10	29
0	32
0	15
0	55
0	441
0	0
0	0
0	0
0	0
50	72
0	56
0	19
0	0
0	0
0	0
0	0
0	0
0	0
0	0
0	0
31	9
0	9
9	1366
13	0
0	444
0	802
0	634
4	755
1	678
14	652
0	663
0	471
6	0
0	573
120	511
2	854
0	53
8	54
1	8
0	27
8	24
16	15
32	90
0	95
0	62
4	40
0	0
0	0
0	0
0	0
0	0
0	0
0	0
0	162
5	25
1	25
3	4
0	54
2	98
0	139
3	0
0	0
99	812
1	812
0	87
0	155
3	286
59	240
5	257
0	172
8	229
0	17
3	14
0	16
0	6
7	558
347	1505
50	452
1	125
0	97
0	81
18	151
19	23
0	260
40	441
1	320
20	345
1	172
0	44
0	31
33	36
15	598
8	335
0	598
376	373
3	321
18	35
4	29
2	3
1	0
0	0
0	0
200	0
0	0
0	0
0	0
0	0
1	29
0	29
0	0
0	1
0	0
0	1
0	3
0	0
0	11
0	0
0	0
0	0
0	0
0	0
3	977
0	701
0	894
0	82
0	94
2	211
1	169
0	0
0	192
0	191
54	199
0	78
6	1
9	20
0	16
0	16
1	3
0	3
0	3
0	0
0	0
0	0
0	0
0	0
0	0
0	0
2	23
2	0
3	0
0	0
0	0
0	0
0	0
0	190
0	88
0	0
0	0
0	0
0	0
0	0
0	0
0	0
10	45
0	45
0	22
1	9
1	6
0	0
0	0
202	1250
0	1021
0	685
0	228
12	86
64	300
0	101
1	199
282	47
1	47
49	0
0	0
1	6
1	40
0	43
0	46
0	244
1	239
2	113
0	30
0	236
2813	406
3	236
18	170
0	0
0	0
0	0
28	143
0	132
2	44
28	55
7	0
0	16
0	27
0	3
164	0
0	0
0	0
0	0
0	66
1	68
0	39
0	38
0	6
2	2
0	7
0	2
5	0
0	0
0	0
0	2
0	0
0	2
0	0
0	0
423	77
115	77
0	535
0	545
2	501
0	479
8	331
0	364
4	14
10	51
0	299
0	310
0	154
0	52
0	61
0	0
0	0
895	373
0	373
0	0
0	0
0	0
0	828
3	178
0	103
13	822
5	100
0	151
0	0
0	0
2	3
0	0
0	3
0	2
0	1
0	0
0	0
0	0
0	0
129	216
6	45
0	138
0	12
24	61
0	0
21	1489
0	1128
1	1087
4	46
52	55
22	48
48	9
0	48
76	28
0	1517
0	0
0	0
0	0
0	0
0	260
0	157
0	1584
1	1169
1	830
2	1289
22	1275
2	1262
0	479
0	277
0	156
3	111
0	112
2	21
52	39
7	206
10	205
0	1430
282	1053
16	291
3	255
14	110
5	151
0	287
9	197
0	212
0	112
17	0
0	0
0	0
0	0
0	0
0	0
298	76
0	76
892	245
0	216
0	99
0	118
0	0
0	0
0	0
0	0
0	0
0	0
1013	627
22	29
0	565
0	567
1	25
36	103
0	24
0	102
3	5
0	9
2	3
0	27
118	1
0	18
3	20
0	0
0	1
1	1
2	8
0	0
0	3
2	1
0	5
0	5
0	0
0	0
1	270
4	270
5	108
29	2
0	2
24	947
4	1101
0	1008
6	529
0	138
1	164
0	165
7	324
3	145
0	0
0	0
0	4
0	287
0	49
0	290
304	289
1	112
299	759
2	45
4	447
0	0
0	0
0	0
0	0
0	260
4	219
2	240
8	133
62	101
1	48
5	19
8	11
40	19
0	0
0	0
1	200
0	73
0	187
1	4
0	189
0	566
0	226
0	177
7	565
4	433
0	90
2	42
0	1236
0	1237
22	1232
64	0
14	28
26	2
0	66
0	222
2	210
2	185
2	13
0	172
0	172
0	160
0	12
0	0
0	0
0	71
0	70
0	71
0	71
0	66
438	161
0	104
0	93
0	3
0	5
0	28
2	6
0	3
0	17
0	33
0	0
0	0
0	0
0	0
0	0
0	0
1	610
1	594
0	585
7	18
0	54
6	173
1	13
18	404
1	30
0	371
1	45
3	248
0	149
1	113
0	3
0	3
0	0
0	0
0	0
0	0
0	0
72	301
0	39
0	291
1	172
0	21
0	15
0	262
0	899
0	933
9	878
235	962
28	0
0	68
2	69
0	24
0	7
54	113
7	85
12	363
0	0
0	0
0	0
0	837
0	1227
10	77
6	1212
0	125
4	5
0	58
3	122
0	0
0	0
0	0
16	442
0	153
3	394
2	283
0	165
0	228
0	258
1	102
1	129
0	129
86	0
3	1194
0	993
1	476
4	1162
155	615
73	13
3	311
0	991
0	0
0	0
59	150
0	148
122	0
0	850
8	851
19	849
8	352
0	371
0	372
8	64
0	52
0	11
0	7
1	82
956	198
0	132
0	68
3	35
0	33
0	21
1	22
0	0
2	0
0	0
0	0
0	0
0	0
0	0
0	0
0	0
0	0
0	0
63	36
22	31
207	119
1	162
33	44
7	39
85	43
0	0
0	0
0	358
10	52
1	348
6	55
205	374
0	282
4	27
0	57
26	6
27	0
6	47
0	30
1	23
0	27
0	27
0	367
0	0
0	0
0	609
0	658
6	638
0	466
0	102
0	110
0	92
3	53
0	62
0	69
6	27
0	675
0	0
0	0
0	141
0	138
7	2
0	132
0	12
135	12
5	23
2	382
0	385
1	380
17	19
0	359
0	0
0	0
0	0
0	0
0	0
2	13
99	13
0	13
0	0
29	353
6	351
5	278
1	97
11	29
41	2
0	0
0	0
2	5
4	5
0	144
2	143
9	139
4	11
0	11
0	7
72	771
19	831
0	399
0	350
22	32
24	464
7	47
0	141
0	117
0	0
533	129
4	129
13	95
0	6
0	0
0	6
0	0
118	29
24	29
41	12
0	12
137	71
0	11
22	11
0	55
8	0
0	1
0	1
0	1
0	1
0	0
0	0
0	0
0	0
0	0
0	0
0	0
0	0
0	1
0	1
0	1
0	29
0	34
0	0
0	0
2	29
0	21
3	18
0	22
0	30
0	22
0	34
0	0
0	0
0	6
0	6
0	2
0	6
0	0
0	4
1309	46
0	46
0	0
0	0
0	0
0	0
0	7
2	7
0	0
0	0
0	0
0	0
0	0
0	0
0	0
0	0
0	0
223	0
0	0
0	0
0	0
0	0
0	0
0	0
0	0
0	0
0	0
0	0
0	0
0	0
0	0
0	0
0	0
0	0
0	0
0	0
0	0
32	364
19	117
17	319
6	56
3	51
4	172
0	0
0	0
0	0
0	0
0	0
13	1
0	1
0	0
0	0
0	0
1	2
0	2
3	2
0	2
314	1356
1	748
52	0
5	639
14	0
63	10
0	345
73	30
5	390
0	50
47	0
17	51
17	238
2	21
35	112
68	61
0	0
1	2859
2	2856
1	2863
2	419
7	25
23	155
16	377
4	0
0	0
0	0
0	0
0	22
0	891
0	873
0	864
13	185
0	324
0	415
0	326
0	421
0	403
1	76
0	63
0	43
10	44
0	50
17	36
0	57
0	10
48	34
3	2
242	23
0	23
0	0
0	0
0	0
0	0
0	0
0	0
0	0
0	0
0	0
0	0
0	0
0	0
7	0
0	364
2	43
0	27
1	150
5	362
661	689
0	257
1	543
0	336
20	250
4	175
1	46
0	0
0	0
0	0
0	0
0	0
0	0
0	0
0	0
0	0
86	133
0	125
121	9
0	0
0	0
0	0
0	0
0	0
0	0
10	39
0	39
0	10
0	15
0	18
5	23
0	20
0	39
1	0
0	0
0	0
0	304
0	295
0	399
33	165
0	422
33	125
0	422
0	129
0	151
1	18
0	5
0	25
0	4
0	0
0	0
0	0
0	0
0	0
0	0
0	0
10	146
326	1423
211	361
0	269
2	298
215	971
2	5
1	2
0	0
0	0
0	0
0	0
0	0
0	92
0	84
0	62
0	34
1	29
1	7
0	11
0	10
0	6
0	5
0	4
0	0
1	0
0	1
0	1
14	0
3	4
3	73
1	197
1	199
1	70
25	18
2	18
0	80
0	53
2	50
0	41
0	29
0	0
18	175
3	549
2	181
0	171
0	536
0	542
0	0
0	0
0	0
0	0
0	0
17	359
0	369
0	360
0	58
1	348
0	53
13	11
1	0
4	0
0	0
0	0
0	0
0	0
0	0
0	0
0	0
0	0
0	25
0	25
0	0
0	0
0	0
207	263
4	1
2	35
3	261
0	29
1	95
1	68
3	64
4	1456
22	1138
0	1497
1	1186
1	116
31	610
0	156
12	50
84	127
15	0
1	0
0	0
0	0
0	0
0	0
0	0
0	0
0	0
0	110
4	110
0	0
1	18
0	18
0	15
1	309
0	281
2	32
238	14
0	14
28	211
0	260
0	32
0	234
0	0
0	0
0	0
0	0
0	0
0	0
0	0
0	0
0	0
0	0
0	0
0	0
0	0
0	0
0	0
84	482
2	2
10	482
6	0
0	104
2	1
0	45
0	11
1	389
1	137
0	26
0	389
56	7
0	4
0	7
0	0
0	0
0	0
50	579
168	1126
0	821
12	538
0	250
9	295
0	0
0	0
18	395
0	391
7	162
14	15
10	25
0	0
0	0
0	0
0	0
0	4
0	4
0	4
200	305
0	276
0	235
112	0
1	22
0	82
14	3150
26	3150
11	833
0	14
0	0
0	14
327	272
8	209
0	227
0	220
3	115
0	272
0	0
0	0
0	0
0	0
0	0
0	0
0	4
0	4
0	0
0	0
0	5
0	5
0	5
0	5
0	7
0	3
0	0
0	0
0	0
0	0
0	4
0	7
0	8807
0	8857
15	8393
1	8390
1	8392
91	0
0	27037
187	19675
0	7641
38	10317
17	2314
1	5854
0	25256
0	4068
1	4053
0	2129
109	244
0	195
35	16
0	43
0	15
284	2018
2	1619
0	130
5	46
3	35
9	116
10	59
0	30
2	43
9	34
0	25
0	26
1	13
0	9
0	0
50	0
0	0
0	0
0	0
0	444
0	416
0	154
6	354
10	450
0	80
22	0
1	50
0	0
0	0
0	0
0	0
0	0
0	0
0	0
0	0
10	0
2	0
1	1028
0	1015
0	0
0	0
0	491
735	1065
185	552
0	220
1	1006
0	512
0	421
0	0
0	0
79	210
0	109
0	36
0	31
1	93
11	79
0	13
0	0
0	0
0	0
0	0
12	70
30	70
0	0
0	0
0	0
0	0
0	0
151	70
3	14
3	2
0	56
4	49
0	1
0	0
0	1
0	0
0	0
0	1
1	1083
0	1041
19	173
0	1024
0	231
0	1059
0	35
79	20
8	174
0	355
0	368
0	105
24	141
0	118
140	105
0	6
0	0
0	0
0	0
68	142
0	21
0	21
0	40
0	78
0	74
55	46
0	1981
291	1981
4	703
15	1156
6	1156
0	0
0	0
0	0
3	4
0	3
0	1
0	0
0	0
0	0
0	0
0	2
0	2
0	1
0	0
0	0
0	1
33	388
15	206
1	355
15	197
121	356
0	238
0	21
12	17
0	15
0	16
0	1
0	0
0	0
0	0
4	314
1	311
0	42
2	36
0	32
0	48
0	77
0	18
0	38
11	10
90	33
2	14
61	8
2	17
0	19
3	55
0	9
0	7
0	36
0	4
126	122
0	88
0	122
6	32
18	0
12	10
14	48
0	55
1	28
2	36
0	0
0	0
0	0
0	0
0	0
1	4152
2	4152
2	2499
37	4148
94	883
3	1602
446	855
0	650
49	352
0	22
5	212
2	281
1	129
4	56
0	154
8	10
485	178
6	5
0	5
0	9
2	15
5	109
7	79
0	0
0	0
0	0
0	0
0	0
0	184
0	320
0	19
0	33
4	413
0	339
11	614
1	139
0	33
0	104
0	608
11	170
1	170
0	37
0	0
0	0
0	0
11	18
0	17
0	1
0	1
0	0
0	2
0	12
0	0
3	22
60	78
0	53
0	1
1	32
0	20
6	21
28	785
1	158
1	636
2	335
1	385
0	668
0	323
0	311
0	248
0	118
8	55
6	0
0	0
1	0
0	0
0	0
0	0
8	91
0	91
0	55
2	2
0	0
0	91
0	1
0	6
0	6
0	0
0	0
0	0
0	0
0	0
0	0
0	0
0	0
0	0
0	0
1094	426
6	380
17	76
62	10
0	10
0	0
0	0
0	0
0	0
0	0
0	0
0	0
0	0
0	0
0	87
11	680
53	732
12	180
0	199
0	0
0	201
0	200
0	18
14	83
3	86
0	0
0	0
0	0
0	0
0	0
0	1881
7	3696
0	2019
8	4158
0	192
1	927
0	1632
193	4143
0	417
9	1667
1410	290
0	4198
3	3885
7	637
113	304
50	2265
1	0
0	2
0	2
0	0
3	1227
0	1044
6	172
0	149
3	387
1	454
0	129
19	0
0	0
0	0
0	0
0	0
10	82
4	80
0	25
0	71
1	15
0	3
0	3
0	0
0	0
7	327
0	338
11	4
1	3
0	64
0	21
16	0
0	0
0	0
0	0
0	0
44779	14065
11	4288
18	7105
5	0
0	0
0	0
0	0
0	0
0	0
0	0
0	0
0	0
0	0
0	0
0	0
0	0
0	0
0	0
0	0
1	0
0	0
0	0
0	0
0	0
0	0
0	0
0	0
0	3
0	0
0	3
1	2
0	3
0	5
12	415
128	9
9	38
0	141
0	368
0	170
0	217
19	12
6	58
5	3
0	25
0	25
0	0
0	2
16	2
0	67
6	94
0	283
42	26
0	81
0	86
6	91
1	39
0	6
24	58
0	6
0	28
0	275
2592	8
4	8
0	0
1	33
1389	33
3	1
0	1
0	0
1	0
27	7
0	0
0	0
0	0
0	0
0	0
0	0
0	0
0	0
0	0
0	0
0	0
0	0
0	0
0	0
0	0
0	1
0	1
0	0
0	1
16	79
0	83
3	238
6	70
0	87
0	55
2	17
0	14
0	9
0	4
0	9
0	9
0	2
0	1
14	3
1	20
36	17
35	13
0	13
0	685
0	685
5	47
2	105
0	652
4	0
0	0
0	0
0	2
0	2
0	2
1	0
0	0
0	0
0	1
0	2
0	0
0	0
0	2
0	2
0	4
0	4
0	4
0	2
0	2
0	4
0	2
0	0
0	0
5	324
14	340
0	315
0	0
0	0
0	0
0	0
0	0
0	0
0	0
0	0
0	0
0	0
0	0
0	0
0	1
0	0
0	0
0	0
0	0
1	64
0	64
1	58
0	64
0	64
0	12
0	11
0	7
1	0
0	22
0	22
0	20
0	19
0	5
0	5
0	4
0	0
0	0
1	12
0	3
1	10
0	5
0	2
0	1
0	4
0	0
0	4
0	2
0	2
0	4
26	2
125	51
2	985
5	175
0	982
5	411
1	644
0	203
0	48
0	0
0	207
0	339
0	203
0	203
0	203
1	198
5	197
0	203
0	203
3	178
0	164
1	195
0	164
0	40
4	100
0	50
0	61
1	68
0	49
1	127
0	97
0	57
2	30
0	0
0	0
0	0
0	0
0	1
0	1
0	0
0	0
0	0
342	248
23	206
0	151
0	33
0	246
22	784
0	437
0	345
48	3
0	3
0	0
0	0
0	4
2	4
231	334
18	303
5	184
1	119
0	27
0	36
0	36
0	11
0	9
0	9
0	9
0	9
0	9
0	8
0	6
0	0
0	0
0	0
0	36
0	36
0	36
0	36
0	126
66	179
0	40
4	80
0	82
0	0
0	0
0	0
52	0
34	374
79	571
0	289
93	189
0	106
5	196
0	38
0	38
0	29
0	22
3	41
0	41
0	25
0	19
0	5
0	0
2	4
0	0
0	0
0	0
14	1
0	296
1	305
0	339
0	344
0	328
1	261
0	9
0	59
11	8
0	25
9	20
2	13
0	0
0	0
0	75
3	92
0	89
0	130
0	141
0	52
15	57
3	54
0	18
0	0
0	0
0	0
0	0
0	0
0	0
0	0
0	0
0	0
0	0
0	0
0	0
0	0
0	0
0	0
0	0
0	0
0	0
0	2
0	0
0	0
0	0
0	0
0	480
0	508
11	295
4	110
4	98
0	2
0	2
0	2
0	0
0	0
0	0
0	0
359	2835
0	702
0	316
70	2231
0	135
29	196
0	0
0	0
0	126
16	9
2	126
24	115
0	9
0	0
0	0
11	152
0	375
0	291
0	181
3	25
1	30
0	36
0	0
0	0
0	0
0	0
0	0
0	0
114	0
8	0
0	0
15	28
58	38
0	16
31	486
0	420
19	107
20	242
21	29
0	7
0	7
0	7
1	32
0	24
0	33
0	38
0	0
0	0
0	0
0	0
502	109
2	3
5	45
0	64
2	245
2	101
0	241
12	85
2	49
3	55
1	17
0	0
0	0
0	0
0	1
0	1
0	0
0	0
0	0
42	1675
0	192
0	65
32	151
1	77
0	1310
2	135
4	51
3	55
9	129
0	5
0	118
0	47
0	635
18	140
0	94
8	250
0	626
0	0
0	0
9	3
0	3
1	0
0	0
2	3236
0	2816
3	266
28	49
0	2
0	2
0	0
0	0
0	0
0	0
0	0
0	0
0	0
0	0
0	0
0	0
0	0
0	0
0	0
0	0
0	0
0	0
504	0
0	0
0	0
0	0
0	0
0	0
0	0
0	862
0	851
0	121
0	664
21	550
4	62
0	134
0	592
1	104
26	29
0	0
0	0
13	237
0	199
0	231
0	52
0	80
0	10
0	10
0	59
0	9
0	22
64	20
0	1
0	1
0	0
0	33
0	23
0	25
0	4
0	3
0	0
0	1
0	32
1	141
1	109
3	107
5	15
0	109
0	0
0	0
0	0
0	0
0	0
0	0
0	0
29	433
0	363
0	400
11	46
46	52
385	211
11	197
7	148
0	0
0	0
1	106
0	103
0	107
0	6
0	7
0	4
0	5
0	6
0	5
0	5
0	4
0	4
0	0
0	3
0	3
0	3
0	1
0	0
0	1
0	0
3	1
0	1
0	0
0	0
0	87
41	86
1	76
0	31
0	39
0	60
0	2
0	40
6	7
1	1175
8	180
0	0
16	4
26	0
2	1167
0	2391
0	607
410	2639
3	480
463	792
0	604
59	2066
0	0
5	1
2	1
0	0
5	1051
21	1051
0	222
14	0
12	352
0	516
0	365
0	339
9	401
0	151
0	95
0	118
2	130
0	154
36	17
0	17
323	532
9	320
0	503
0	350
13	22
0	71
0	46
0	39
0	12
0	530
0	502
0	0
0	0
0	0
0	0
0	28
1	31
0	46
3	42
0	45
0	30
0	47
0	9
0	21
0	21
6	19
6	134
0	41
0	134
522	589
32	516
0	58
1	73
1	16
0	4
0	4
0	25
2	2
23	19
0	8
0	25
0	19
7	2
0	0
0	0
0	2
0	2
0	0
586	430
40	44
1	416
12	255
0	238
0	1
0	1
0	0
0	1
0	1
0	1
0	1
0	0
0	1
0	1
0	1
0	1
0	0
369	1116
4	1084
0	982
0	1026
0	906
0	1024
0	760
1	325
18	291
3	4
0	20
1	291
0	22
3	0
0	81
0	321
8	244
0	253
0	223
0	114
0	193
0	112
0	297
2	54
6	60
0	307
7	356
31	372
2	354
0	345
0	100
2	107
0	103
0	78
0	0
24	179
0	178
5	177
0	119
15	1187
25	4
28	21
0	1187
4	31
1	4
2	305
0	2
1	308
1	3
0	1
0	0
0	0
0	0
0	0
0	0
0	1
0	0
0	0
5	5
0	0
0	2
0	0
0	0
0	0
0	1
0	0
0	0
0	3
0	3
0	2
0	0
0	0
10	143
0	142
9	141
2	143
0	0
0	0
0	139
0	136
1	77
0	49
0	13
4	14
0	12
0	4
2	0
30	330
593	330
4	0
0	0
0	0
0	0
0	0
0	0
0	0
0	0
0	0
0	0
0	1
0	0
0	0
0	1
0	0
0	1
6	2
0	1
2	0
0	0
0	1
0	0
0	1
0	1
0	0
0	0
1	0
0	1
0	0
0	601
16	1562
9	1678
20	1220
0	1318
0	1038
9	1000
0	1294
25	131
4	12762
27	4813
8	12056
0	1256
12	320
77	293
0	626
6	270
1	3001
0	5780
116	453
23	30
5	945
87	93
0	2617
5	1112
3	412
0	12847
0	3933
0	0
12	3934
1	1414
22	3576
0	1998
16	2705
0	1202
3	2565
30	14
5	14
0	0
0	0
0	0
0	26
2	0
0	54
0	49
0	508
10	698
0	48
7	0
0	8
0	688
0	14
8	252
19	196
0	89
0	140
1	543
1	99
0	41
0	154
0	101
14	540
0	44
0	104
0	498
0	96
0	69
0	70
6	7
0	8
0	0
1	65
0	100
0	0
0	0
0	0
0	0
0	1
0	1
0	0
0	11
0	11
0	4
0	11
0	0
0	1
0	0
0	0
0	11
0	1
0	0
1	1
0	0
182	924
2	940
13	353
0	216
0	217
0	0
82	154
10	157
0	119
0	5
0	0
3	0
0	0
0	0
0	0
0	367
0	258
0	444
0	353
1	432
0	355
0	0
0	0
2	1779
0	1861
0	1733
1	669
17	905
2	681
0	3
0	1861
17	107
2	100
1	27
0	0
154	0
1	0
0	163
22	17
29	7
0	94
0	19
5	152
21	16
26	0
7	18
0	0
249	212
55	18
2	194
2	0
0	0
0	0
2	6
0	6
0	5
0	3
0	0
0	0
57	11
0	11
0	7
0	0
0	7
0	400
0	401
0	411
0	445
0	445
6	443
1	16
0	91
0	2
0	2
0	2
0	2
0	2
0	0
0	0
0	0
0	0
0	0
0	0
0	0
0	0
0	0
17	11
2	12
0	12
0	6
130	2311
6	314
28	2245
30	2199
3	160
15	772
4	78
1	446
7	131
0	0
0	0
5	46
0	46
0	46
0	9
0	11
0	10
1	6
11	6
0	0
0	0
0	0
0	0
0	0
0	0
0	120
8	118
0	105
0	3
9	1
0	30
16	115
0	45
0	13
0	25
0	5
0	24
0	4
1	24
0	14
0	0
0	0
0	0
0	0
0	0
0	1
0	1
0	232
8	223
0	212
4	27
0	23
4	3
6	23
0	90
1	89
1	3
0	1
84	92
5	92
0	33
0	1
0	0
0	0
0	0
0	0
0	139
146	107
0	119
0	145
29	11
7	22
0	118
0	0
0	0
0	0
0	0
0	0
0	0
0	0
0	0
0	0
0	0
0	0
0	0
0	0
0	0
0	0
0	0
0	0
0	0
0	0
0	0
0	0
0	0
7	303
0	265
0	46
8	14
6	3
0	57
10	51
10	40
0	77
25	69
0	4
0	6
0	6
0	6
0	4
0	6
0	6
0	2
0	0
2	4
250	410
0	132
7	87
1	60
14	38
26	102
1	177
0	1
0	1
2	1373
8	1426
0	1492
5	41
0	1225
0	1366
1	2
0	2
0	2
0	1
0	0
0	174
19	318
1	0
18	198
8	269
93	95
16	95
12	479
9	0
0	36
15	473
19	46
1	13
2	13
0	1
0	11
0	11
0	12
0	1
0	4
221	425
0	456
0	393
0	364
42	200
0	66
0	78
0	53
0	23
0	24
9	26
43	0
17	0
0	30
15	302
56	219
0	0
9	2
2	285
0	1
0	20
18	1
26	1
0	292
0	414
0	416
0	173
0	289
0	279
0	269
0	14
0	16
0	16
0	5
0	38
0	25
0	7
0	9
0	4
0	4
0	8
8	0
0	6
0	4
0	0
0	415
0	0
0	0
0	0
248	0
3	12
0	12
0	0
0	0
158	0
0	0
0	0
46	0
1	2
0	0
0	2
0	0
0	0
0	0
0	0
0	0
0	0
0	0
1	500
0	75
1	469
4	97
0	460
0	29
4	54
0	29
0	49
146	27
2	27
0	1
0	1
0	0
0	1
0	1
0	1
0	1
0	0
0	1
1	0
126	666
99	73
5	289
0	133
12	93
0	665
0	0
0	367
0	0
0	0
0	0
0	0
0	0
2	98
0	85
0	96
2	1
38	35
1	7
13	27
14	5
0	44
0	92
3	10
6	32
12	54
3	14
6	46
0	7
0	28
4	1
0	11
0	7
4	4
0	1696
0	84
14	217
0	86
449	225
3	223
8	84
2	75
0	118
13	285
44	584
0	284
17	111
31	28
2	2
0	5
0	5
0	1
0	5
645	40
1040	198
0	47
5	63
0	25
0	59
2	22
0	0
0	0
0	0
0	0
0	0
0	0
0	0
0	0
0	0
0	0
0	0
0	0
0	0
0	0
0	0
0	0
0	0
0	0
0	0
0	1
0	1
0	0
15	163
9	194
1	218
0	16
2	1
3	25
0	462
0	446
0	423
0	154
0	163
12	163
1	24
4	3
4	0
0	3226
28	811
0	3148
0	407
0	302
3	6
21	377
12	408
0	614
3	3142
12	15
80	2291
53	608
3	204
6	42
4	67
0	209
75	138
0	297
6	47
8	153
0	0
0	0
23	24
0	18
0	21
1	5
0	53
44	125
0	53
1293	125
497	111
0	42
5	69
0	6
0	4
0	6
0	6
0	2
0	0
0	0
0	0
0	0
0	0
0	1566
0	1443
0	0
0	0
0	0
0	0
0	0
0	0
9	10
0	30
0	15
23	11
21	12
0	36
1	27
1	25
2	9
2	1194
34	442
0	1039
0	1137
1	1175
0	423
0	64
0	284
6	271
1	203
0	187
0	327
31	69
0	242
0	117
0	210
1	156
0	180
0	123
0	113
6	71
7	49
3	53
21	25
0	999
0	1151
1	62
0	62
0	0
0	0
0	0
0	0
27	457
1	709
0	747
0	67
6	119
0	151
0	171
1	151
2	152
0	126
26	253
0	0
456	124
0	1023
0	875
2	986
0	987
1	409
0	222
0	163
2	274
4	126
0	51
9	70
0	4
23	893
77	2718
0	826
0	2676
5	1557
10	99
0	647
0	544
26	350
8	298
65	0
29	0
0	0
0	0
0	0
0	0
0	0
2	2
2	10
0	10
0	0
0	0
0	0
0	0
0	0
0	0
0	0
1	2
0	1
0	1
0	40
0	16
5	344
203	763
0	300
0	0
0	0
0	0
0	0
0	0
0	0
51	339
34	0
4	339
9	464
3	461
0	467
1	61
0	36
1	8
2	6
7	2
50	193
10	197
88	13
9	13
0	766
12	768
2	47
2	66
0	57
64	33
0	33
0	156
0	160
0	0
0	0
0	0
0	0
0	0
0	0
0	0
0	0
10	358
0	42
0	51
0	335
0	204
0	105
2446	794
74	687
0	586
3	735
0	692
0	2
0	2
0	0
0	0
0	0
0	0
6	417
3	35
0	0
0	2
0	14
0	0
0	0
0	0
0	299
0	305
6	17
0	295
6	58
22	40
11	30
0	6
9	217
2	27
115	86
0	5
0	0
0	74
0	36
0	7
3	7
308	1418
2	88
0	1350
0	60
14	349
30	839
1	153
9	152
1	512
1	375
0	253
0	0
0	0
0	0
4	0
0	0
0	0
0	0
0	0
0	0
0	0
0	0
9	178
40	178
1	1
0	0
0	0
397	2
16	2
0	572
0	68
2	495
0	532
0	58
0	0
0	0
0	0
0	0
0	1
0	1
0	1
0	1
0	0
0	0
0	1
0	0
0	0
0	0
0	0
2	0
559	1289
2	58
0	159
0	117
0	36
0	1289
0	0
0	0
0	0
0	0
0	0
0	0
0	0
0	0
0	0
0	0
0	158
1	181
0	183
0	14
0	173
4	307
9	307
1	4
0	4
4	22
0	19
0	88
1	56
4	9
0	307
0	0
4	3730
80	3730
0	257
43	0
0	2
0	2
0	1
0	1
0	0
0	0
0	0
0	0
0	0
0	0
0	0
1	183
1	182
3	182
9	199
1	16
2	211
0	757
6	748
0	703
0	725
0	663
21	645
0	89
0	112
0	49
0	83
0	55
1	56
0	56
0	739
0	748
0	677
0	0
0	0
0	0
0	0
0	0
0	0
0	0
0	0
0	0
0	0
0	0
0	0
0	0
0	0
0	0
0	602
80	619
50	7
19	220
16	14
82	0
6	24
3	0
667	542
26	465
4	103
2	28
8	48
6	201
32	589
0	555
3	98
28	382
19	85
0	168
0	98
3	92
0	90
0	59
0	0
0	0
0	0
0	0
0	0
0	0
31	2
2	2
0	0
0	0
0	0
0	0
0	0
0	0
0	0
0	0
0	0
0	0
0	0
12	1134
16	1036
718	53
2	53
2	0
0	0
0	0
0	0
549	657
9	88
0	168
39	168
10	118
3	184
4	235
15	134
0	26
0	215
0	19
0	244
0	244
0	46
1	3
0	8
0	208
1	0
27	504
50	507
50	525
0	528
3	51
0	526
0	0
0	0
0	0
35	231
123	243
1	99
0	44
0	0
0	0
0	0
0	0
0	0
0	0
0	0
0	0
0	0
0	0
0	0
0	0
0	0
4773	363
33	9
1	9
0	2
4	1
10	1
0	0
1	733
1	737
0	734
5	49
0	116
4	52
2	366
6	169
3	732
0	59
3	59
0	7
2	0
0	0
0	0
0	0
0	0
0	0
0	0
0	0
0	0
0	0
0	32
0	31
0	0
0	1
0	4
0	5
0	0
0	33
11	0
8	37
0	0
2	24
0	16
0	1
0	20
0	0
0	3
0	12
18	54
0	0
0	0
0	0
0	0
0	0
319	80
3	80
0	25
1	36
3	0
0	0
0	0
0	0
0	0
0	0
0	0
0	0
0	0
0	0
0	0
0	0
0	0
0	0
0	0
0	0
0	0
0	0
0	4
0	0
34	26
1	25
6	26
0	11
3	14
0	66
0	63
0	63
0	56
0	16
4	9
0	58
125	182
9	0
0	182
1	0
0	0
0	0
0	1
0	0
0	0
0	1
0	0
0	0
3	2
0	0
0	0
0	2
0	2
0	0
0	0
0	0
0	0
0	0
0	0
0	0
0	0
0	0
0	0
0	0
29	140
0	26
1	52
0	48
4	117
2	0
0	0
0	0
0	0
0	0
0	0
0	0
0	0
0	4
0	4
0	0
0	0
228	1797
0	1797
345	933
84	955
2	119
3	80
28	66
4	314
7	5
0	4
0	1
0	0
43	147
0	128
0	112
0	81
17	33
0	33
0	36
0	7
6	757
3	299
0	549
7	45
0	63
2	14
0	221
0	80
7	61
0	67
2	16
2	276
0	25
0	626
0	650
0	647
2	28
9	32
0	699
0	0
0	0
0	0
0	0
0	0
0	0
0	0
0	0
0	0
0	91
0	103
0	99
0	0
1	13
0	13
38	166
0	166
18	8
0	57
0	0
58	2
27	986
14	986
0	106
0	44
7	227
1	216
1619	3117
31	2680
17	2529
3	2396
0	1966
61	1925
2	1148
69	56
0	60
0	15
0	15
0	25
0	2
0	8
0	8
16	12
20	12
0	0
0	0
0	0
0	0
0	0
0	0
0	0
0	0
0	0
2120	0
0	0
0	0
0	576
0	541
0	553
0	330
0	335
0	327
0	126
0	96
0	82
0	46
4	59
0	40
0	0
0	0
0	0
0	0
0	0
0	0
0	0
2	435
14	177
2	434
0	41
1	42
1	175
0	127
4	41
74	20
0	20
3	0
0	0
0	0
1	26
0	26
0	0
0	0
0	940
0	835
0	895
0	931
8	918
0	860
0	893
5	13
1	58
10	181
56	23
2	15
44	58
0	69
25	54
0	51
0	51
0	0
0	0
0	0
0	0
1	301
13	301
0	55
0	57
0	29
9	20
0	341
1	16
0	595
36	159
20	145
2	542
6	257
0	565
3	18
24	18
713	686
42	328
2	210
0	530
5	1155
6	1176
18	684
0	1172
0	51
438	9931
6	9909
0	374
25	197
0	374
0	0
0	0
0	0
38	138
5	2
0	0
0	0
0	2
0	119
23	109
0	0
0	2
0	2
0	0
0	0
0	0
0	0
0	1
0	2
0	0
0	2
0	0
0	1
0	1
0	0
0	0
0	0
0	0
0	0
0	96
0	91
8	87
20	92
0	86
0	2
0	4
0	20
0	89
0	3
0	3
0	0
0	0
1	0
0	0
0	0
0	12
0	15
0	18
0	18
2	15
0	11
0	57
2	55
15	8
1	2
0	2
0	0
0	0
0	9
0	9
0	6
0	2
0	4
0	6
0	3
0	5
0	5
0	1
3	2
0	0
38	249
0	216
3	241
0	149
0	0
1	1264
0	1260
3	1235
6	793
0	172
0	23
0	37
0	48
0	22
2	11
27	28
0	10
0	6
0	2
0	8
0	7
1	9
0	0
0	0
0	0
0	0
20	0
0	0
0	45
9	326
25	320
4	174
0	160
2	45
0	148
0	148
3	12
6	0
0	34
0	0
0	53
0	14
0	14
0	55
0	55
0	52
0	37
0	17
0	1
0	48
0	102
3	0
0	67
0	18
0	66
0	86
6	10
0	44
0	57
0	73
0	11
0	13
0	27
0	58
0	0
0	0
0	0
1293	1118
0	824
5	718
1	716
0	173
16	193
0	0
0	0
0	492
3	492
0	67
4	33
1	131
5	0
2	492
0	0
0	0
0	0
0	0
0	0
0	0
0	0
0	0
0	0
0	0
0	0
0	0
0	0
0	0
0	0
0	0
0	0
0	0
0	0
0	0
0	0
0	0
0	0
0	0
0	0
0	0
0	0
0	0
0	0
0	0
0	0
0	0
0	0
0	0
0	0
0	0
0	0
0	0
0	0
0	0
0	0
69	1787
0	80
0	54
0	0
0	8
0	8
0	6
0	5
0	0
0	0
0	0
0	0
0	0
0	0
0	0
0	0
0	0
0	0
0	0
0	0
0	0
0	12
3	12
0	6
0	1
0	0
0	4
0	7
0	7
0	5
0	4
0	7
67	17
0	17
4	5
0	5
4	0
0	0
0	0
0	0
0	0
0	0
0	0
0	241
0	265
11	260
0	34
0	220
6	19
0	48
0	14
0	22
11	12
0	11
0	11
2489	241
1	132
3	109
0	0
0	0
0	0
0	0
568	1248
1	1076
2	7
7	14
47	703
37	172
4	32
2	51
0	505
974	1043
0	932
0	809
2	178
3	245
15	249
9	154
327	1069
0	1069
506	118
6	61
6	13
5	118
4	35
0	283
1	266
0	221
6	226
1	266
0	269
0	73
0	92
0	7
0	7
0	0
0	0
0	0
844	163
6	116
4	0
27	87
0	82
0	36
0	7
0	0
0	0
5	0
2	3
0	6
2	6
0	0
3	8
0	8
0	0
0	0
0	14
0	14
0	14
0	0
0	2
0	0
0	0
0	0
0	0
0	0
0	0
3	654
0	767
0	732
0	757
2	84
1	81
0	58
0	48
1	94
0	61
46	80
2	41
0	41
0	60
21	49
4	28
2	0
0	0
0	0
0	0
0	0
0	0
0	0
0	770
1	765
4	36
12	65
5	87
0	292
8	56
0	419
4	60
0	89
31	235
0	4
4	121
0	770
1	50
0	53
6	47
1	33
0	5
0	5
1	0
0	0
0	0
0	0
0	0
0	0
0	0
0	0
0	0
0	47
0	102
19	98
0	7
0	11
1	10
0	6
0	10
3	191
0	50
0	200
0	179
20	82
30	66
0	28
0	34
0	19
0	13
5	22
3	16
4	24
0	25
341	10910
7	8941
100	10803
0	2208
0	1219
15	1800
1	1800
4	1025
0	706
0	468
10	860
0	17
0	4
4	128
0	51
1	864
0	0
0	0
0	0
43	0
13	0
4	49
0	5
0	5
0	1
0	48
1	6
0	359
0	412
1	91
0	53
0	95
0	54
0	0
0	0
0	0
0	0
3	86
1	368
0	324
0	364
0	17
12	165
49	29
0	90
1	54
0	19
0	942
0	579
26	659
0	497
1	10
0	70
0	4
0	15
0	659
0	444
4	30
0	504
0	47
48	6
0	6
0	3
0	0
0	0
0	0
0	0
0	100
40	59
0	100
47	5335
0	199
26	1961
212	34
0	4908
0	316
8	2221
1	10
15	611
6	1165
17	83
0	83
0	0
0	0
1	0
0	0
0	0
1	0
0	0
0	0
0	0
0	1086
0	1051
0	957
8	482
2	63
0	196
1	134
0	0
78	49
2	49
0	14
0	0
0	0
0	0
1268	90
0	10
6	80
0	0
0	0
0	0
0	0
0	0
0	0
0	0
0	0
0	0
237	371
1	83
28	65
0	107
3	107
0	51
0	10
0	7
0	0
0	10
48	240
2	10
0	230
0	17
0	401
17	16
1	408
0	400
0	401
1	83
4	56
0	64
1	28
1	75
0	0
0	0
0	0
1	35
0	0
16	45
0	30
0	0
385	191
1	72
0	66
6	642
10	579
17	565
10	619
1	280
0	135
0	126
27	62
1	27
2	0
0	0
25	0
2342	1405
9	152
0	344
147	1144
0	305
0	237
0	225
0	448
0	207
4	436
9	400
26	398
0	71
4	0
0	0
0	0
0	0
0	0
0	1265
0	398
0	146
0	29
0	35
3	41
2	9
5	1262
0	0
0	0
0	0
0	0
0	0
0	0
0	0
0	0
0	0
1	7
2	7
6	114
2	114
1	4
3	20
0	21
0	103
94	4
0	0
0	0
0	0
0	0
0	0
0	0
0	0
0	724
0	734
10	707
44	5
0	696
0	234
0	350
0	196
2	141
22	1324
2	1324
1	613
0	402
0	194
0	99
0	9
0	0
0	365
0	311
7	308
0	260
1	23
11	0
1	36
0	366
0	22
0	21
0	0
0	0
45	157
0	39
0	39
0	4
1	0
0	33
0	39
339	200
5	200
0	140
0	140
0	0
0	0
1072	5
15	5
0	17
0	15
3	1
3	1
0	10
0	2
0	2
0	0
0	0
6	0
0	0
0	0
0	0
479	162
19	162
251	655
2	86
16	414
14	39
0	198
0	156
3	106
15	126
0	65
9	126
2	49
0	14
0	1
397	688
14	58
0	64
12	641
0	281
0	31
0	7
0	30
0	28
1	159
0	176
0	183
0	16
0	262
0	0
0	267
0	1
0	1
0	1
0	1
0	0
0	0
0	0
0	0
0	0
0	0
151	87
0	23
0	40
0	0
0	0
0	0
0	0
0	0
0	0
0	0
0	0
0	0
0	0
0	0
0	0
0	185
0	125
0	45
0	41
0	38
8	149
4	21
10	53
2	26
3	84
0	63
0	35
0	61
0	2
20	2
0	0
0	0
0	0
2	0
0	0
0	0
0	0
0	0
0	0
0	9
0	8
0	6
0	2
1	3
0	0
0	1
1	5
0	4
0	1
0	0
0	0
0	0
0	0
2	0
0	0
0	0
0	0
0	0
141	63
0	56
0	58
0	19
0	53
6	34
1	28
1	15
0	15
0	0
0	22
1	785
3	54
0	99
4	92
0	16
2	10
3	21
0	235
0	161
0	33
1	25
0	8
0	13
1	84
0	10
0	785
0	0
0	0
0	0
0	0
0	0
0	0
0	0
0	0
0	0
99	459
6	455
0	16
12	12
0	1
0	58
0	1070
0	17
0	103
10	1068
0	10
0	838
0	1072
9	1065
0	0
0	0
0	20
0	24
0	23
472	673
1	156
7	68
2	104
1	163
0	648
44	10
0	9
6	9
0	7
0	0
0	0
0	0
0	0
0	0
0	0
0	88
0	86
0	85
9	2
1	309
47	285
2	234
0	0
1	19
0	19
547	217
3	23
0	62
2	22
0	73
389	179
0	178
20	556
0	555
22	531
8	40
0	326
0	343
4	34
0	248
6	203
4	74
5	145
0	87
7	42
1	1
39	0
0	0
0	0
0	0
17	1339
2	875
2	1287
103	19
27	430
0	902
3	896
0	421
3	131
0	344
0	252
27	102
2178	107
0	104
0	429
9	139
5	146
15	345
0	0
0	0
0	0
0	0
14	176
1	36
0	174
0	1
0	1
0	1
1	328
6	332
39	234
123	294
0	234
0	298
2	75
0	189
13	138
0	50
0	0
0	42
1	352
0	296
0	281
0	343
0	92
185	299
1	260
32	211
2	290
0	290
1	0
0	0
0	0
0	0
0	0
0	0
0	0
0	0
0	0
9	210
2	23
0	136
6	75
7	4
0	34
0	205
5	0
1	27
6	2
3	7
0	70
0	70
1	41
18	23
0	12
0	0
1	11
0	0
0	0
0	225
0	261
31	227
12	155
0	106
0	32
0	27
9	161
7	121
0	43
0	39
0	23
306	271
2	220
0	52
40	1
12	23
0	3
0	23
3	0
0	2
0	1
2	0
0	20
0	20
0	8
0	0
0	0
0	0
1	0
0	0
28	0
0	13
0	0
0	13
0	2
0	7
0	0
839	985
47	897
3	7
0	277
0	96
0	0
0	0
0	707
12	5033
0	2800
5	4470
0	3107
6	327
0	5015
0	5012
0	4472
66	5015
0	0
0	0
18	4
1	0
2	0
0	4
0	0
0	0
0	0
0	0
0	81
1	83
0	83
6	22
4	17
0	9
1	4
194	0
0	0
0	0
0	0
0	0
0	0
0	53
3	53
3	49
0	0
0	0
0	0
0	0
2	17
0	54
16	71
0	22
0	26
0	11
0	18
0	13
0	9
5	4
0	17
0	0
0	5
0	5
3	138
0	138
2	0
0	0
0	0
0	0
0	0
4	0
0	0
0	0
0	0
0	0
0	0
0	0
117	44
1	44
0	44
0	116
0	78
3	89
0	103
0	14
0	17
0	20
0	4
0	0
0	0
52	198
2	181
3	76
0	185
334	115
0	46
0	43
0	43
0	23
0	133
0	166
0	166
0	10
0	63
0	166
0	0
0	0
0	0
0	0
0	0
0	0
0	0
0	0
12	278
0	329
15	325
0	6
0	0
0	0
0	0
0	0
0	0
0	0
0	0
0	0
0	0
0	0
0	0
0	0
0	0
0	3
0	3
0	1
1	5
1	0
0	1
0	0
0	1
0	1
0	0
1	1
0	1
3	142
1	138
0	30
0	43
0	29
0	137
0	0
0	0
0	0
0	0
0	0
9	28
1	30
18	2
0	0
0	0
0	0
0	0
0	0
0	0
0	0
0	0
0	0
0	0
0	0
2	0
138	728
3	666
161	693
35	82
69	6
4	95
12	95
1	44
1599	31
5	31
0	0
0	0
660	137
0	107
49	30
0	1225
0	1210
37	836
12	172
0	112
0	124
90	489
0	3
1	14
0	17
150	1265
131	17
10	17
0	5
0	5
16	67
0	51
0	1
0	24
1	0
0	0
0	0
0	0
0	0
0	1528
31	458
29	687
0	1438
0	148
0	1177
0	309
0	468
35	325
45	0
0	155
56	831
0	1464
50	18
4	200
0	466
0	1477
0	1085
0	132
0	1071
11	192
8	1069
1	235
2	51
3	15
0	148
7	133
909	0
0	0
0	0
0	0
0	0
2	149
2	12
8	137
0	24
0	13
14	21
0	20
0	19
0	20
0	2
0	4
2	0
0	1
0	1
0	0
0	0
0	0
0	0
222	30
2	14
0	16
65	155
11	744
0	77
0	748
0	0
0	0
0	0
0	0
0	0
0	0
0	0
0	1
0	1
0	0
0	1
0	0
0	1
0	0
0	0
0	0
0	0
30	29
0	29
6	158
0	92
0	110
0	123
0	69
0	43
0	109
0	41
0	0
0	0
8	0
0	0
0	0
0	0
4	152
0	161
0	136
7	80
2	58
12	45
0	93
0	0
0	0
0	0
0	0
0	0
17	1882
14	154
0	60
0	147
22	1907
0	60
6	204
0	1910
221	916
1	184
2	907
0	102
6	16
0	55
23	316
0	256
1	82
99	16
0	21
0	1
0	1
0	105
13	102
10	264
0	1052
0	9
0	12
0	924
0	65
0	684
0	318
2	77
4	30
2	22
0	1020
0	1026
12	4
0	4
0	169
19	71
1	159
0	11
0	23
0	45
0	565
0	566
0	377
0	447
0	482
0	504
0	453
0	565
4	629
100	458
0	314
0	480
1	46
0	596
0	0
3	265
142	438
12	438
0	0
0	35
3	8
1	41
7	33
0	29
0	16
0	16
372	0
5	498
0	210
3	266
0	275
42	176
34	61
0	161
6	153
0	199
8	0
2	0
53	0
0	188
20	161
16	117
0	63
0	100
1	142
462	284
0	272
7	20
1	93
0	68
41	24
0	24
0	6
0	4
0	0
0	3
1	4
0	4
2	54
104	136
2	77
4	133
0	0
0	0
0	984
0	38
0	492
0	821
30	970
0	9
0	431
6	186
0	13
0	12
21	2088
120	2088
0	1403
1	929
6	534
32	181
0	630
0	616
38	70
0	372
0	54
0	368
5	371
76	3
0	79
2	36
1	69
1	84
0	0
0	0
0	0
0	4
0	0
0	0
0	10
0	1
0	4
0	4
0	4
0	10
7	38
0	37
0	2
0	0
0	3
0	2
0	0
277	42
0	38
2	17
7	0
0	0
0	0
153	3
29	3
25	621
0	158
79	401
0	63
0	194
0	616
0	63
1	0
14	267
0	247
0	19
3	16
0	24
21	60
0	53
5	15
0	3
0	16
0	9
0	9
0	9
0	3
0	3
0	3
0	1
2	2
0	6
0	16
240	388
4	7
41	308
2	39
0	84
0	0
9	961
0	19
0	108
6	463
3	127
39	5
0	691
0	36
5	115
0	96
0	45
0	115
0	27
0	27
0	20
0	24
0	27
0	17
0	24
0	15
0	14
0	6
0	787
0	804
0	748
0	692
0	798
0	712
0	730
6	213
0	154
0	169
8	142
0	851
0	854
0	839
0	661
0	0
29	217
0	28
7	169
6	103
0	52
13	16
18	13
0	6
0	192
0	0
0	2
0	1
0	0
0	2
0	3
0	3
0	0
0	4
0	7
0	8
0	7
0	8
3	3
2	1
0	0
4	81
0	58
0	11
3	4
9	65
365	0
0	0
0	0
0	0
4	34
0	98
1	100
0	53
1	15
0	0
0	0
0	0
10	33
0	31
0	14
0	7
0	4
0	0
0	0
0	0
0	0
0	0
0	0
0	0
0	0
0	0
1	2
0	1
0	1
0	1
0	1
0	0
0	2
107	1606
22	838
0	204
0	107
14	1225
4	518
8	0
1	379
0	141
144	146
0	129
3	75
0	54
1	4
0	835
7	2062
1	118
0	102
1	132
2	128
0	2
0	2066
479	245
57	32
7	86
2	49
9	50
0	0
11	725
13	703
10	62
3	75
0	0
0	0
0	0
0	0
0	0
0	0
0	0
0	0
0	0
0	0
0	0
0	0
0	0
0	0
0	0
0	0
0	0
0	0
7	140
0	160
1	50
0	37
9	14
41	0
0	128
0	148
2	150
0	150
0	119
0	0
66	22
274	210
0	223
1	46
3	2846
3	2825
1	838
130	794
341	610
12	14
2	10
0	0
0	0
0	0
0	34
0	29
0	34
0	0
0	13
1	6
0	40
0	8
0	0
0	0
2	3
0	0
0	3
0	3
0	13
8	13
0	2
1	1
0	5
0	4
0	2
5	482
38	0
7	12
191	482
0	0
0	0
0	39
0	39
10	36
30	45
0	36
0	0
0	0
3	106
0	6
0	106
0	0
0	0
0	0
0	0
0	0
0	0
9	18
0	1
0	1
0	8
1	2
0	16
0	2
35	20
0	4
0	3
0	0
0	0
0	0
0	0
0	0
0	0
0	0
0	0
0	0
0	0
0	0
1	4
90	4
0	0
0	0
0	0
22	158
2	138
0	95
0	101
0	94
0	3
0	0
0	0
0	0
0	0
0	0
0	0
0	0
0	863
0	21
0	1
0	1061
5	361
5	334
0	259
0	36
428	1051
0	0
0	0
0	1
0	1
0	0
0	0
0	0
0	0
0	0
0	0
16	290
8	296
1	196
0	149
0	288
0	58
1	166
4	0
0	0
0	0
0	0
37	288
7	289
0	115
12	103
1	241
3	36
0	5
0	32
1	32
0	20
0	3
5	11
2	21
0	39
0	18
45	18
0	182
7	183
0	194
0	78
0	63
0	34
0	27
0	48
1	10
1	19
0	0
0	0
10	38
0	25
2	38
14	0
0	0
0	28
0	28
0	17
0	3
0	22
0	2
0	1
0	16
0	19
0	0
0	0
0	0
0	0
0	0
0	0
0	0
0	825
33	814
0	515
0	605
0	94
0	564
0	826
0	503
0	557
0	608
39	508
0	80
0	553
3	560
65	8
58	49
0	742
3	7
0	86
8	0
0	234
0	181
0	113
0	0
0	0
0	0
0	0
0	123
0	123
0	72
0	22
24	117
0	202
0	218
0	203
0	190
0	53
0	99
2	122
0	0
32	2
0	29
14	26
1	26
0	0
0	0
0	0
0	0
0	0
0	0
0	0
0	0
0	1273
13	40
0	74
2	168
2	1273
1	261
0	252
0	252
0	263
2	236
1	253
0	252
1	34
0	46
2743	1217
12	942
0	1473
1	1474
7	1443
6	141
0	65
0	186
0	55
0	60
2	33
4	0
1	0
3	0
1	0
0	0
0	0
0	0
0	0
0	0
0	0
0	0
0	0
0	1
0	1
0	1
0	1
0	1
0	0
0	0
0	0
0	0
0	0
0	0
0	0
0	0
0	0
0	0
9	51
0	4
4	12
2	51
3	10
0	25
2	6
0	3
0	0
0	0
0	0
0	0
0	0
0	0
0	1
0	1
0	0
0	31
36	31
10	343
15	409
0	420
12	4
0	0
0	0
0	0
0	0
0	0
1	582
36	440
0	183
2	580
0	576
0	585
0	459
0	422
8	40
3	155
0	82
341	147
15	147
5	123
0	137
2	20
0	0
1	4
0	1
0	3
0	363
0	40
0	5
0	363
0	0
0	0
0	0
0	0
0	0
0	0
0	0
0	0
167	3987
32	285
53	3
15	64
0	3987
0	0
0	0
0	0
0	0
0	0
0	5
0	5
0	0
0	0
0	0
0	0
3	11
0	11
177	8
98	8
0	0
0	0
0	0
0	0
81	258
16	252
1	12
0	0
0	0
5	174
0	300
1	291
0	300
0	300
0	43
1	51
10	35
3	34
0	24
0	22
0	3
0	1
1	0
1	1234
121	121
0	77
0	411
297	1136
0	307
0	216
0	151
15	0
0	1113
0	0
0	0
0	0
0	0
0	0
0	0
0	0
26	246
0	268
5	45
0	72
0	264
0	4
8	63
0	56
4	22
2	0
5	159
2	165
11	120
0	0
0	0
0	0
0	0
0	0
0	0
0	204
0	0
0	0
0	0
0	0
0	0
0	0
0	0
0	3
2	2
0	2
0	2
0	3
0	0
0	0
0	3
0	2
0	0
0	0
491	1956
0	655
0	1729
0	579
0	776
7	93
0	180
57	98
0	131
2	93
0	48
73	391
47	28
14	131
12	310
1	81
0	0
0	0
0	31
0	25
1	31
0	33
0	20
2	45
0	32
8	15
1	19
0	20
0	45
0	0
0	0
0	0
0	0
0	0
0	0
0	0
0	0
17	0
0	0
0	0
0	0
0	0
0	0
0	0
0	0
0	0
0	0
0	0
6	6
76	6
153	133
6	48
0	0
0	0
0	0
0	1
0	0
0	1
0	0
2	417
9	353
5	402
34	49
0	31
53	256
0	191
6	15
0	19
0	7
0	7
0	0
0	5
0	0
0	0
0	0
13	236
0	215
0	231
0	33
0	0
0	0
0	0
0	0
0	0
0	0
0	0
0	0
32	329
0	1
0	0
0	1
0	0
0	0
0	0
461	169
2	120
11	128
0	0
0	0
0	0
0	0
357	190
0	0
0	0
0	0
0	0
0	0
0	0
0	0
0	0
0	0
0	0
0	0
0	0
0	0
0	0
0	0
0	0
0	0
0	0
0	877
1	876
3	192
105	77
0	340
0	351
0	337
6	382
2	348
0	207
1	27
0	39
0	0
0	0
101	1282
46	1267
307	15
21	3
0	2
0	2
0	2
0	3
0	0
0	0
0	0
0	0
0	0
0	0
0	0
310	476
0	431
0	277
0	288
2	63
0	0
96	108
2	108
25	67
3	10
9	76
0	32
0	29
0	24
1	23
8	15
0	4
15	11
0	11
0	7
0	0
0	15
0	15
1	4
0	15
0	15
0	15
0	15
0	0
0	2
0	15
2	5
0	0
1	0
0	0
0	4
0	1
0	3
0	2
0	0
0	2
0	0
0	0
0	0
0	0
0	0
0	0
15	804
0	810
2	6
0	42
1	94
1	37
0	0
0	0
92	9949
224	1400
0	10105
0	6426
0	1007
21	6
62	0
0	0
0	0
180	5441
260	3256
2	2546
0	2364
0	1662
0	1267
13	1082
1	719
85	2138
4	424
4	321
0	0
0	0
615	176
0	59
0	94
2	23
55	499
810	568
6	324
1	120
0	0
0	0
38	738
191	738
1	101
0	0
0	0
0	0
0	0
107	109
0	124
0	55
0	46
2	194
0	182
0	182
0	14
1	11
0	17
5	109
3	8
3	3
0	12
0	12
13	0
8	858
1	812
3	856
7	132
0	257
1	136
29	46
0	220
24	0
374	347
0	118
24	232
0	11
2	153
1	10
22	728
0	715
3	4
0	132
5	51
0	68
28	228
1	163
0	728
0	0
0	0
0	2
0	2
0	2
0	0
0	0
27	365
0	310
11	323
0	0
0	0
0	1927
0	1975
2	1983
0	1778
0	270
24	356
2	161
150	10202
4	10178
28	5739
1278	22
0	22
0	0
0	0
0	0
0	0
203	570
1	74
0	34
51	47
0	570
0	32
0	9
0	33
1	2
0	0
0	31
1	31
0	0
0	28
0	3
0	26
0	27
0	2
0	25
5	1
0	4
0	2
0	31
0	0
0	0
0	0
60	1497
0	405
0	281
0	3098
3	2981
0	2865
89	729
0	3566
12	249
14	133
7	299
4	517
33	1500
73	1789
0	1816
12	2091
1	2719
0	61
16	348
0	3492
0	0
0	0
0	0
0	2
0	2
0	4
0	0
0	0
0	0
79	23
0	20
6	5
424	129
2	104
0	78
2	84
2	4
0	4
0	1
0	0
0	0
101	29
0	29
0	6
11	2
0	2
0	0
0	0
0	0
0	8445
0	6947
0	121
1	343
11	315
7	0
0	23
0	287
0	117
0	146
2	5
0	100
4	51
52	746
5	746
10	23
1	125
8	45
0	639
0	674
0	525
9	24
0	26
1	4
0	3
1	4
0	4
58	644
0	0
0	0
0	0
1794	691
83	14
0	14
6	9
0	0
0	0
0	0
0	1
0	1
753	542
2	543
2	86
0	40
1	30
0	1
1	21
0	101
20	97
0	98
0	0
1	1
0	0
0	543
0	4
28	89
0	8
0	86
4	72
0	13
0	7
4	3
0	15
0	21
0	10
0	18
0	11
0	1
0	6
0	10
0	10
0	10
0	10
0	12
0	0
0	10
0	2
0	1
0	10
0	0
0	0
0	0
0	0
0	0
0	0
2	302
0	299
0	254
3	89
0	30
0	1
1	104
16	47
1	3
0	302
0	0
0	0
0	0
0	0
0	0
0	0
0	0
0	0
0	0
6	150
2	130
0	55
0	31
0	17
1	99
1	29
0	39
0	29
1	0
0	0
0	0
0	0
0	0
0	0
0	0
0	0
0	0
0	0
0	0
0	0
0	0
0	15
0	15
0	0
4	779
137	861
67	754
2	153
2	237
1	122
7	103
121	15
0	60
0	647
2	0
1	43
19	43
0	5
0	0
0	5
0	0
0	5
0	5
0	0
0	2
0	0
0	0
0	0
0	0
18	1781
17	1860
95	1844
0	22
0	22
0	20
0	8
0	14
0	14
0	14
0	0
0	0
0	0
0	0
0	0
0	0
0	0
317	123
0	110
0	24
0	0
0	1
0	0
0	1
0	0
1	788
1	698
0	788
0	0
0	1497
0	0
0	0
0	106
204	143
19	74
0	83
0	39
0	61
29	50
319	0
441	90
0	2
0	33
0	50
1	49
20	98
0	33
3	33
3	6
0	84
0	72
1	14
0	0
0	0
0	53
13	53
0	5
2	4
0	2
9	131
0	133
0	10
0	20
27	150
0	0
0	0
0	0
0	0
0	0
0	0
0	0
0	0
0	0
3	0
0	0
0	0
0	0
1	23
0	100
0	117
16	2
1	695
0	334
1	472
0	287
0	150
260	1658
47	1549
8	109
0	0
0	0
0	0
0	0
0	0
15	432
0	29
157	408
0	27
202	689
4	545
0	610
1	138
7	146
0	0
0	0
0	0
0	0
0	0
0	0
0	0
77	71
5	53
0	2
1	14
0	2
0	28
0	20
21	354
0	324
0	391
17	308
0	63
0	73
0	108
0	118
0	105
2	84
0	73
0	44
424	0
532	0
0	0
1	534
9	1276
4	77
16	1276
0	0
0	0
0	0
0	0
0	0
0	0
0	0
0	0
0	0
0	0
2	0
0	0
0	0
0	0
0	0
0	0
0	22
0	18
0	9
5	6
0	0
0	0
0	0
0	0
0	0
0	40
0	35
0	38
14	34
0	39
0	18
0	26
0	9
0	5
0	0
0	0
0	3
0	3
0	3
0	3
0	0
1	3
0	488
1	117
12	162
0	10
0	29
0	492
0	506
0	0
0	0
0	0
0	0
0	0
0	32
0	14
0	7
90	15
0	40
2	33
8	17
0	26
0	11
0	0
316	8
1	27
0	14
0	15
0	11
26	0
0	976
0	935
2	948
0	906
1	8
10	262
15	186
0	57
192	1971
0	2068
0	368
105	1265
0	1270
0	368
34	252
1	252
1	149
5	191
0	0
0	0
1	172
0	307
4	90
0	276
2	366
0	223
13	366
0	299
0	223
0	119
0	115
1	37
0	6
2	36
1	20
0	25
17	9
0	5
0	45
0	30
0	30
0	30
0	30
0	0
0	0
0	2
0	2
0	2
19	77
1	77
0	61
3	255
0	254
1	12
1	21
0	34
0	0
2	28
0	26
2	5
0	1
0	6
15	3
251	762
27	458
1	382
1	173
0	0
0	0
0	2
0	2
2	2
0	1
0	0
0	0
0	2
0	0
0	0
0	0
0	0
0	0
0	0
0	0
2516	94
21	94
0	0
0	0
135	166
0	166
0	61
0	0
0	22
0	4
0	0
0	0
0	0
241	463
1	105
0	162
2	244
0	157
0	112
0	70
0	0
0	0
0	0
0	0
0	0
0	0
0	0
0	0
0	0
0	0
1	733
2	640
6	510
0	365
0	101
123	6
2	5
0	1
0	0
0	0
0	0
0	0
0	0
0	0
0	0
0	0
0	0
0	0
0	0
1	0
0	0
327	69
1	30
3	39
0	0
144	3
8	3
0	1951
3	1940
32	1705
0	1798
0	424
2	1731
0	114
0	1891
0	1810
92	2
0	109
2	443
0	898
15	316
1	83
13	212
754	550
52	190
0	219
2	118
3	192
3	255
0	27
185	169
14	107
0	51
0	50
2	43
1	19
0	1
0	1
0	0
0	0
0	0
0	0
0	0
0	0
0	0
0	0
0	0
4	57
0	5
37	158
0	134
0	30
0	24
0	21
0	26
0	36
5	110
0	109
0	9
0	11
0	3
0	22
0	12
0	109
0	109
6	855
0	865
5	123
9	43
22	199
9	200
3	35
129	508
0	333
11	0
0	1520
0	1500
1	637
3	189
0	636
0	92
1	134
2	1284
1	750
0	325
10	39
37	510
109	15
0	88
0	27
0	198
5	183
2	174
30	129
0	1504
0	1
0	1
0	0
0	0
0	0
0	0
0	0
0	0
0	0
0	0
0	0
0	0
0	0
0	0
0	0
0	0
0	2192
11	2261
2	22
32	833
8	78
13	78
8	476
2	2213
0	88
0	252
3	155
0	215
0	200
0	94
0	0
0	0
0	0
390	983
0	30
10	475
6	942
5	528
33	16
2	41
30	8
7	973
0	0
0	0
0	163
0	36
0	163
0	183
2	146
0	0
0	9
0	39
0	142
0	82
0	54
0	163
0	0
0	0
0	0
0	0
0	0
0	9
0	54
0	35
0	34
0	32
0	30
0	32
0	56
0	55
0	0
0	0
0	0
0	0
0	0
0	0
0	0
0	0
0	0
0	0
0	1
0	3
0	0
0	3
0	1
0	0
0	1
0	1
0	0
0	0
5	0
0	0
0	0
26	40
3	0
0	36
0	0
0	0
0	0
0	295
17	605
0	118
0	446
39	177
0	277
0	121
0	0
0	0
0	0
0	0
0	0
0	0
0	0
0	0
0	0
0	0
9	217
2	217
0	31
2	69
0	29
0	38
0	8
0	0
0	604
0	340
0	101
0	108
0	68
0	597
0	498
0	148
41	33
0	51
0	491
0	0
0	0
0	0
1	549
0	558
0	574
1	508
11	486
133	13
0	12
0	3
0	1
0	3
3	43
0	3
0	26
0	43
401	233
22	96
8	228
0	0
0	0
0	0
0	0
0	0
0	460
0	479
0	370
0	469
0	160
1	14
0	401
0	155
0	429
14	151
0	45
5	7
0	229
0	206
17	0
0	0
0	0
0	0
0	0
0	0
0	67
1	93
1	75
52	0
3	44
46	94
0	61
0	61
9	0
0	26
14	0
0	0
27	27
3	5
0	2
1	15
1	20
24	73
3	46
0	0
6	0
0	0
0	0
0	418
0	129
0	43
0	118
0	97
0	109
0	68
0	96
0	399
2	187
2	376
1	73
3	0
0	147
0	418
0	418
320	175
5	19
11	114
12	79
1	95
0	153
4	103
13	20
8	2
0	1173
0	1119
0	1171
7	848
1	308
1	142
7	289
0	254
28	1354
1	429
161	503
0	778
5	647
39	256
38	323
0	234
0	0
0	0
76	410
0	132
1	400
2	229
0	94
0	0
0	0
0	0
0	0
0	0
0	0
0	0
15410	0
0	1866
0	1544
44	136
0	347
4	1559
0	1544
0	1626
2	1229
3	118
56	0
35	97
0	866
0	68
0	502
77	109
1	20
12	31
0	0
0	0
0	0
0	0
14	35
0	79
111	99
0	44
0	6
0	20
0	0
0	0
0	0
0	0
0	0
0	0
0	0
0	0
0	0
0	0
0	0
0	0
0	0
0	0
0	0
0	0
0	0
0	0
0	0
2	72
0	72
1	3
0	3
0	0
47	0
0	0
0	0
0	0
0	0
0	0
0	0
0	0
0	0
0	0
0	0
0	0
0	0
0	3
0	3
0	0
0	0
0	0
1	0
0	0
0	0
1	0
0	0
0	0
0	0
0	0
0	0
0	0
0	0
0	0
1	7
0	1
0	3
0	5
0	2
0	2
14	0
0	7
0	0
0	0
0	0
329	574
0	69
5	494
0	100
0	94
75	153
8	14
0	53
0	375
0	324
9	34
0	361
0	333
36	38
0	1
0	128
44	140
5	108
0	39
0	18
0	30
0	78
0	79
0	54
5	11
5	16
0	10
314	176
19	1322
21	1468
0	1468
102	1340
196	260
14	243
1	32
0	0
0	59
0	0
0	0
1	0
0	0
0	12
9	37
2	0
0	37
0	0
1	6
1	200
0	6
12	102
387	202
0	0
0	0
0	0
0	0
0	0
0	712
0	0
0	160
0	203
0	861
0	1004
0	740
0	1004
0	698
0	448
1	998
0	979
0	183
4	92
0	708
0	59
0	458
0	155
1	82
0	56
0	67
0	59
0	138
0	100
1	103
50	251
4	35
2	105
0	90
0	173
0	47
0	42
1	13
0	173
237	0
0	0
0	0
4	0
22	425
42	384
3	125
0	115
3	19
1	62
0	0
0	162
0	66
1	132
1	128
0	64
0	124
0	67
3	59
0	159
64	255
2	15
0	255
0	792
14	812
0	287
19	111
0	10
3	67
7	445
113	3
0	0
11	179
4	768
7	408
7	33
28	0
39	165
0	767
4	0
0	13
32	7
11	3
11	1
0	31
20	1381
12	305
0	597
9	1379
2	390
3	349
0	638
0	311
37	490
0	691
0	397
0	0
0	0
0	0
0	0
0	0
0	0
17	21
0	0
0	0
0	0
0	0
0	0
0	0
0	0
4	4
0	4
0	0
0	0
0	0
0	0
0	156
229	788
0	1526
1	23
0	151
16	1526
18	159
13	1902
408	1902
0	0
0	0
0	0
0	0
0	0
0	0
0	0
15	160
0	160
3	42
0	16
1	42
3	371
0	355
0	353
0	248
11	71
0	0
0	0
0	0
0	0
0	0
0	0
0	0
0	0
1	20
22	20
0	5
1	2
22	1
0	3
0	0
0	0
0	0
0	0
0	0
227	1512
4	604
0	1373
13	677
8	232
0	63
0	46
0	66
0	24
2	55
4	6
0	3
0	0
0	3
0	3
0	1
0	1
0	0
0	0
0	0
0	0
0	1
0	1
0	1
0	0
0	0
0	0
0	0
324	195
63	18
7	32
0	145
240	86
0	0
0	1
0	1
1	84
0	0
0	0
0	0
0	0
0	0
0	0
62	28
0	28
6	1923
3	8601
0	8570
4	8600
99	0
31	3124
1	8462
0	4285
1	5411
9	8514
0	478
0	473
0	469
0	454
0	283
0	22
1	94
6	231
0	65
1	9
2	11
0	9
0	176
6	176
0	176
9	1
0	22
4	13
5	13
0	9
0	504
41	915
2	1306
9	1080
0	913
527	239
0	239
0	0
0	0
0	0
524	8991
50	8991
15	3
650	0
45	900
9	251
0	734
159	57
9	229
39	363
0	613
0	858
0	76
5	58
0	16
1	49
96	190
0	22
0	17
2	9
1	31
0	9
0	26
0	41
2	107
0	3
0	2
0	0
0	0
0	0
0	0
327	0
0	0
405	29
62	29
292	581
4	465
0	249
0	216
3	146
0	195
0	186
0	169
0	80
2	98
0	148
0	122
0	0
0	0
0	0
0	0
0	0
0	0
0	0
0	0
0	0
0	0
0	0
0	0
0	0
0	8
10	8
4	0
1	0
0	9
0	9
0	2
0	2
130	0
0	0
0	0
0	0
0	0
62	55
0	46
0	54
0	26
19	27
0	27
0	59
18	1199
0	98
13	1199
0	0
0	0
0	0
13	583
0	611
1	579
0	86
0	415
0	0
12	611
0	0
0	0
0	0
0	0
0	0
0	0
0	111
0	223
1	194
27	37
0	68
0	47
0	134
2	0
0	0
0	0
1	0
0	0
0	0
0	0
0	0
0	0
0	0
106	320
3	671
0	16
0	39
0	28
0	654
0	1302
0	573
0	1247
42	461
0	1063
23	136
5	424
0	1297
1	0
0	0
0	0
312	0
31	1198
0	70
9	26
0	39
0	725
0	114
0	41
12	20
13	583
13	375
0	89
0	0
0	0
731	512
11	37
0	247
1	310
21	659
0	493
39	266
532	719
35	190
1	0
8	18
0	15
0	12
0	0
0	169
14	319
0	33
0	30
0	33
0	16
0	0
1	8
3	140
36	10
9	90
8	80
8	54
64	92
81	140
5	121
0	54
0	0
0	0
0	0
0	0
0	0
7	34
1	34
0	215
5	207
36	4
0	34
0	14
0	182
0	142
0	40
0	8
0	12
0	25
18	82
0	0
23	127
0	8
0	6
38	7
0	127
0	93
0	107
0	100
0	66
0	47
5	52
1	10
0	14
538	0
0	192
13	195
0	89
0	25
3	12
0	898
0	927
150	329
3	111
2	751
0	766
4	61
3	47
3	54
0	59
14	66
0	78
5	68
2	16
0	0
0	0
2	0
0	0
0	0
0	0
0	0
0	0
60	14
0	14
0	0
0	0
0	0
0	0
0	0
0	0
0	0
0	0
0	1025
114	72
2	955
0	858
0	344
12	6
0	1025
22	714
8	712
5	116
18	1
0	144
0	0
0	0
0	0
28	311
0	101
0	50
1	14
1	44
0	35
0	30
7	178
3	47
0	52
16	42
0	70
0	71
0	9
0	72
0	1
1	5
0	0
0	0
0	0
0	0
2	1
0	0
0	1
3	283
0	283
0	30
4	5
1	22
0	195
0	61
0	1
0	0
0	24
0	0
0	0
0	0
0	0
0	0
0	0
0	0
0	0
0	0
0	4
0	142
0	0
0	4
0	0
0	0
0	0
0	142
0	0
0	0
0	0
0	512
0	0
0	0
0	0
0	0
0	0
0	0
0	0
0	0
0	0
0	0
0	0
0	89
0	0
0	3
0	0
0	0
0	3
0	26
0	411
0	0
0	0
0	0
0	0
0	0
0	0
0	0
0	1
0	0
0	0
0	0
0	0
0	85
0	416
0	1323
0	250
0	14
0	34
0	31
0	20
0	0
0	0
0	0
0	43
83	0
0	0
0	0
0	0
0	0
0	424
0	333
0	155
0	285
0	0
0	0
0	0
0	8439
0	6941
0	0
0	0
0	0
0	0
0	0
0	0
0	0
0	0
0	466
5	0
0	0
0	19
0	0
0	0
0	1
139	0
0	101
0	254
0	1188
0	12
663	0
0	0
54	0
0	49
0	0
0	0
51	183
12	183
0	162
0	158
0	0
0	0
0	0
0	0
0	0
0	0
0	0
0	0
0	0
0	0
0	0
0	0
0	0
0	0
0	0
0	0
0	0
0	0
0	0
0	0
0	0
0	0
0	0
0	0
0	0
0	0
0	0
0	0
0	0
0	0
0	0
0	0
0	0
0	0
0	0
0	0
0	0
0	0
0	0
0	0
0	0
0	0
0	0
0	0
0	0
0	0
0	0
0	0
0	0
0	0
0	0
0	0
0	0
0	0
0	0
0	0
0	0
0	0
0	0
0	0
0	0
0	0
0	0
0	0
0	0
0	0
0	0
0	0
0	0
0	0
0	0
0	0
0	0
0	0
0	0
0	0
0	0
0	0
0	0
0	0
0	0
0	0
0	0
0	0
0	0
0	0
0	0
0	0
0	0
0	0
0	0
0	0
0	0
0	0
0	0
0	0
0	0
0	0
0	0
0	0
0	0
0	0
0	0
0	0
0	0
0	0
0	0
0	0
0	0
0	0
0	0
0	0
0	0
0	0
0	0
0	0
0	0
0	0
0	0
0	0
0	0
0	0
0	0
0	0
0	0
0	0
0	0
0	0
0	0
0	0
0	0
0	0
0	0
0	0
0	0
0	0
0	0
0	0
0	0
0	0
0	0
0	0
0	0
0	0
0	0
0	0
0	0
0	0
0	0
0	0
0	0
0	0
0	0
0	0
0	0
0	0
0	0
0	0
0	0
0	0
0	0
0	0
0	0
0	0
0	0
0	0
0	0
0	0
0	0
0	0
0	0
0	0
0	0
0	0
0	0
0	0
0	0
0	0
0	0
0	0
0	0
0	0
0	0
0	0
0	0
0	0
0	0
0	0
0	0
0	0
0	0
0	0
0	0
0	0
0	0
0	0
0	0
0	0
0	0
0	0
0	0
15	6
3	6
0	0
0	0
0	0
0	0
0	0
0	0
0	0
0	0
0	0
0	2
0	2
0	2
1	0
0	3
15	8
0	5
0	2
3	0
3	1
5	0
4	0
0	1
2	2
0	1
2	0
0	0
2	0
0	0
0	0
0	0
0	0
0	0
2	6
3	4
0	4
0	0
0	0
0	0
0	0
0	0
0	0
0	0
0	0
0	0
0	1
0	1
0	0
0	0
0	0
0	0
0	0
0	0
0	0
0	0
4	0
21	9
0	9
1	42
0	30
7	99
107	98
0	8
0	1
0	0
0	8
1	5
3	50
0	25
11	27
0	0
0	0
0	0
0	8
0	0
1	5
1	0
0	0
5	0
1	0
4235	10150
0	0
19	0
7	0
0	0
1	0
0	0
0	0
4	0
0	0
1	0
2	0
1	0
0	6
0	0
0	15
0	0
0	0
54	216
0	0
0	0
0	0
0	0
0	0
1	3
0	0
0	0
2	0
2	0
0	0
0	0
8	14
0	0
0	0
0	0
0	0
0	0
0	2
199	1798
26	0
0	7
533	13694
0	0
1	0
0	0
2	0
0	0
0	0
0	0
0	6
0	0
0	0
0	0
0	0
6	0
0	0
0	0
0	0
503	272
0	0
0	0
0	0
2	0
0	0
0	0
0	1
0	4
0	0
0	0
10	2
0	4
0	0
0	0
0	23
0	1
1	0
1	0
1	0
7	5
8	0
1	0
0	0
0	0
0	0
1	4
0	0
0	0
2	0
222	575
1131	7547
1	0
0	0
0	0
34	15
13	0
0	0
1	0
0	0
0	5
0	0
0	0
1	2
0	4
0	0
0	0
4	0
0	0
0	0
0	0
0	0
0	0
0	0
241	30
0	29
0	130
0	126
0	0
0	0
0	0
0	0
0	0
0	0
1	0
0	0
0	0
0	0
0	0
0	0
0	0
0	0
0	0
0	0
12	46
38	95
57	87
0	31
16	66
0	64
0	23
0	4
12	2
6	0
3	0
4	32
1	0
3	0
0	0
3	0
0	0
0	0
0	0
0	0
0	0
0	0
0	0
0	0
0	0
0	0
0	0
0	0
0	0
1	0
0	0
0	0
0	0
0	0
0	0
0	0
0	0
0	0
0	0
0	0
8	193
0	75
0	108
0	0
0	0
0	0
0	0
0	0
0	0
0	0
0	0
0	0
0	0
0	0
0	0
0	0
232	1936
0	1590
0	0
0	581
2174	1090
0	0
0	0
0	0
0	0
0	0
0	0
0	0
0	0
0	0
0	0
0	0
0	0
0	0
0	0
0	0
0	0
0	0
0	0
0	0
0	0
0	0
0	0
0	0
0	0
0	0
0	0
0	0
0	0
0	0
0	0
0	0
0	0
0	0
0	0
0	0
0	0
0	0
0	0
0	1
0	1
0	29
6	0
0	0
0	0
0	0
0	0
0	0
0	0
0	0
0	0
0	0
0	0
0	13
0	13
0	0
0	0
4	0
0	0
0	0
0	0
0	0
45	82
0	9
0	1
1	12
0	11
0	8
0	6
0	0
0	0
0	0
2	0
0	0
0	0
0	0
0	0
0	0
0	0
0	0
0	0
0	0
0	0
0	0
3	9
0	10
0	6
0	10
0	0
0	0
0	0
0	0
0	0
0	0
0	0
0	0
0	0
0	0
0	0
0	0
0	0
0	0
0	0
0	0
0	0
0	0
0	0
0	0
0	0
0	0
0	0
0	0
60	42
0	1
1	5
0	0
0	0
0	0
0	0
0	0
0	0
0	2
0	29
1	2
0	0
0	0
0	0
0	0
0	0
0	0
0	0
0	0
0	0
0	0
0	0
0	0
0	0
0	0
0	0
0	0
0	0
0	0
0	5
1	14
0	3
0	0
0	0
0	0
0	0
0	0
0	0
0	0
0	0
0	0
0	0
3	24
0	24
0	0
0	0
0	0
0	0
4	0
0	0
0	0
0	0
0	0
0	0
1	0
0	0
0	0
0	0
0	0
0	0
27	75
27	98
0	0
0	0
0	0
0	0
0	0
0	0
0	0
0	0
0	0
0	0
0	0
0	0
0	0
0	0
0	0
0	0
0	0
0	0
0	0
0	0
0	0
5	0
0	1
0	1
0	0
0	0
0	0
2	0
0	0
0	0
0	0
2	0
0	0
5	1
0	0
0	0
0	9
0	10
0	1
0	264
8	344
0	14
0	8
13	39
0	17
24	5
0	5
77	46
0	45
0	0
0	0
0	0
0	0
0	0
0	0
0	0
0	0
0	0
0	0
0	0
0	0
0	0
0	0
0	0
0	0
0	0
0	0
0	0
0	0
0	0
0	0
0	0
0	0
0	0
0	0
0	0
2	20
0	20
0	86
5	80
4	398
21	299
0	0
0	0
0	4
0	2
17	28
0	0
0	0
0	0
0	0
0	0
0	0
0	0
0	0
0	0
0	0
0	0
0	0
0	0
0	0
0	0
0	0
0	0
0	0
0	0
0	0
0	0
0	0
0	0
0	0
0	0
0	0
6	19
0	18
26	18
14	36
0	28
15	21
1	0
2	2
0	0
0	0
0	3
0	4
0	1
0	0
0	0
0	0
0	0
0	0
0	0
0	0
0	0
0	0
0	0
0	0
0	0
0	0
0	0
0	0
0	0
0	0
0	0
0	0
0	0
0	0
0	0
0	0
7	8
0	41
1	0
0	0
1	0
0	0
0	0
0	0
0	0
0	0
0	0
0	0
0	0
0	0
0	0
0	0
0	0
0	0
0	0
0	0
0	0
0	0
0	0
3	0
0	9
0	9
2	8
7	0
4	0
0	0
0	0
31	1
0	1
37	111
39	176
0	285
0	264
0	0
0	0
0	0
1	0
0	0
0	0
0	0
6	214
51	43
2	259
0	17
10	38
2	29
0	19
0	1
0	3
3	76
5	28
0	43
3	48
0	0
0	0
0	0
0	0
0	0
0	0
0	0
0	0
0	0
0	0
0	0
0	0
0	0
0	0
0	0
0	0
0	0
0	0
0	1
3	2
25	1
0	6
0	6
2	7
0	0
0	0
0	0
0	0
0	0
0	0
0	0
0	0
0	0
0	0
0	0
1	0
0	0
0	0
0	0
0	0
0	0
0	0
0	0
0	0
4	0
1	58
0	40
2	13
16	14
0	14
7	21
0	3
0	6
0	0
0	0
0	0
0	0
2	0
0	0
10	7
0	4
0	0
0	0
0	0
0	0
0	0
0	0
0	0
0	0
0	0
0	0
0	0
0	0
0	0
0	0
0	0
0	0
0	0
0	0
0	0
0	0
0	0
0	0
0	0
0	0
0	0
0	0
0	0
0	0
0	0
0	75
0	75
0	0
0	0
0	0
0	0
0	0
0	0
0	0
0	6
0	7
0	6
5	0
0	0
0	0
0	0
0	0
1	1
0	1
0	0
0	0
0	0
0	0
0	0
0	0
0	0
0	0
0	0
0	0
0	0
0	0
0	0
0	0
78	43
0	43
35	4
11	0
0	0
0	0
0	0
0	0
0	0
0	0
0	1
0	1
0	0
0	0
0	0
0	0
0	0
0	0
0	0
0	0
0	0
0	0
0	13
0	0
0	0
0	0
0	0
0	0
54	20
0	20
0	0
0	0
0	0
0	0
0	0
0	38
0	34
0	0
7	0
0	0
2	0
0	0
0	0
0	0
0	0
0	0
0	0
0	0
0	0
0	0
1	0
0	0
0	6
0	6
0	0
0	0
2	0
0	0
0	0
0	0
1	11
0	26
0	0
0	0
0	0
0	0
0	2
0	2
0	2
5	1
0	0
0	0
0	0
0	0
0	0
0	0
0	0
27	459
1	157
0	174
0	400
7	37
0	403
60	235
0	193
0	0
0	5
7	7
0	6
0	6
0	0
0	7
0	1
0	1
0	5
0	1
0	1
0	1
0	1
0	1
1	1
0	0
0	0
0	1
0	1
0	1
0	0
0	0
0	0
0	0
0	0
0	0
0	0
0	0
0	0
0	1
0	1
0	1
0	1
0	0
0	0
0	0
0	0
0	0
0	0
0	14
0	2
0	4
0	0
0	0
0	0
0	0
0	0
1	50
0	27
0	0
0	0
0	0
0	0
0	0
0	0
0	0
0	0
0	0
0	0
2	24
13	1265
0	0
0	0
0	0
6	0
0	0
0	134
12	1679
0	0
0	0
0	0
0	0
0	0
0	0
0	0
0	0
8	17
0	0
3	539
0	0
0	0
0	0
0	0
0	102
0	0
5	2556
0	0
0	0
2	0
0	10
0	0
0	0
0	0
0	0
0	19
0	94
0	16
0	0
0	0
0	0
1	829
0	0
0	0
0	0
0	0
0	0
0	0
0	0
0	0
0	0
0	0
0	0
0	0
0	0
0	0
0	0
0	0
0	0
0	0
0	0
6	86
0	0
0	0
0	0
156	74
150	1057
1	43
0	0
0	0
0	0
0	264
0	0
0	14
0	0
0	0
0	0
2	0
8	0
10	1
0	0
0	4
0	0
0	0
0	70
6	135
0	0
0	0
0	0
2	0
4	109
0	0
0	0
1	0
0	0
0	0
0	67
0	0
0	0
1	0
0	0
1	278
0	0
0	0
6	16
0	0
0	0
2	57
1	733
0	0
0	0
0	0
0	0
0	0
0	0
0	0
0	0
0	0
1	270
0	0
0	0
0	0
0	0
0	0
0	0
0	0
0	0
0	22
0	0
0	0
0	0
0	0
6	1957
0	60
0	0
0	0
0	0
0	1
0	0
1	95
34	271
0	0
0	149
0	0
0	0
2	0
0	0
0	0
0	0
0	0
0	0
1	0
0	0
144	2193
1	2403
0	90
0	0
1	0
0	9
0	0
0	0
0	0
0	0
0	0
0	0
0	0
0	1
1	0
0	0
4	3385
0	0
0	0
0	0
0	0
0	0
0	0
0	0
13	4383
0	0
0	0
3	686
0	427
0	0
0	0
0	22
0	4
0	0
0	0
0	0
0	0
0	0
0	0
0	37
1	7
0	0
0	0
163	9417
0	0
7	0
0	127
1	0
0	844
0	0
0	0
85	0
0	0
1	249
0	0
0	0
0	0
2	0
0	0
3	8572
0	0
0	0
0	0
6	55
0	0
0	0
0	51
0	0
0	0
0	0
0	0
5	0
0	0
0	0
0	1
0	0
1	0
0	0
0	0
0	0
0	0
1	4341
0	0
0	0
0	0
0	0
0	0
0	0
0	0
53	428
2	56
1	2
0	0
0	0
0	2
0	0
0	0
0	0
0	0
136	54
0	0
0	0
0	0
0	381
0	0
2	0
71	571
0	0
1	0
0	0
0	0
0	0
0	0
0	0
0	194
0	0
0	0
0	0
123	4825
0	0
0	0
0	0
0	0
0	0
0	0
0	0
0	10
0	0
0	3
3	15
0	0
2	2220
0	3
0	0
0	0
3	562
0	17
0	0
0	0
0	3
0	0
0	0
6	5027
0	0
2	340
0	13
0	0
0	250
0	1629
0	0
0	151
0	1
0	0
1	29
5	0
0	0
0	0
0	0
0	0
0	0
0	0
4	0
2	0
0	1619
0	0
0	108
0	0
6	1519
0	0
2	283
0	0
0	0
16	0
0	0
2	457
0	0
0	1514
6	654
0	0
0	0
0	0
1	51
0	0
0	34
0	0
0	0
0	2981
0	0
0	3
0	0
0	210
7	0
0	0
0	1
0	2
0	0
7	0
0	102
0	0
0	1
0	0
0	1
0	0
2	1241
1	6
0	0
0	0
0	1
2	105
0	0
0	0
0	0
13	3377
0	3
0	0
0	0
0	0
0	250
0	0
0	0
0	0
0	0
0	0
0	4
5	148
0	0
0	0
0	0
1	2
0	84
0	0
0	0
0	0
0	4
0	0
0	3847
0	0
0	0
4	172
0	749
0	1
0	0
0	0
1	3953
0	0
0	1
0	0
0	0
2	25
0	332
0	0
3	0
0	0
0	0
0	0
0	0
0	0
0	0
0	0
0	0
0	0
0	4
0	0
0	1
0	0
0	8
1	93
0	0
0	18
0	0
0	0
0	0
1	0
0	0
7	269
0	0
4	0
0	0
0	0
0	0
0	0
0	0
0	7
0	0
0	0
0	0
0	0
2	0
0	0
0	0
0	94
0	0
0	0
5	2069
0	0
0	0
0	0
0	0
0	0
0	2
0	0
0	0
0	0
2	0
0	0
2	0
0	0
0	0
4	11848
0	38
0	1217
0	0
2	157
0	0
1	11
0	0
0	15
0	0
0	1
0	0
0	0
0	0
0	0
0	0
0	0
0	0
0	0
0	0
0	0
0	0
0	0
0	0
0	1
0	0
0	0
12	4232
0	0
0	0
4	507
0	0
0	0
0	0
1	24
0	0
0	0
0	0
0	0
1	5515
0	28
0	0
0	0
0	0
0	0
40	188
1	364
0	0
0	0
0	0
0	0
0	0
0	0
0	0
0	0
0	127
0	0
0	0
0	0
0	0
0	0
0	0
4	0
0	0
0	0
0	0
0	0
0	0
0	0
0	878
0	0
0	0
0	0
0	0
0	0
0	0
65	724
0	0
1	0
0	0
2	850
0	0
0	0
0	0
0	0
0	2
0	0
0	0
0	0
0	0
5	7006
0	0
0	139
1	7
0	0
1	9
0	0
29	156
0	0
0	0
0	0
0	0
0	0
0	0
0	0
0	0
0	0
0	0
10	0
0	9
0	0
0	0
0	3
13	2072
0	0
248	5086
0	0
0	0
0	0
0	0
666	3719
0	0
0	0
0	0
0	0
0	2
0	2
18	0
0	0
0	33
0	0
0	0
0	63
0	0
0	556
0	0
0	0
0	0
0	0
0	0
8	796
0	0
0	0
0	0
0	0
0	0
0	0
0	0
0	0
0	0
0	0
0	428
0	0
1	0
0	0
0	0
0	318
0	0
50	1815
202	7729
0	0
0	0
32	3668
0	0
0	0
1	22
0	30
0	0
0	0
0	0
0	0
0	0
0	7283
0	0
0	0
0	66
0	0
0	0
0	1
0	0
0	1
0	0
0	0
0	0
1	0
0	0
0	0
0	0
0	0
0	0
2	534
4	0
0	1
0	0
0	0
1	1
0	0
0	0
0	0
1	1127
1	0
1	548
0	0
0	0
2	2
0	0
0	0
0	0
0	7
0	0
0	0
4	0
0	0
0	10
0	0
0	57
0	3
0	1
1	464
0	0
0	2
9	0
0	0
0	0
0	0
0	0
0	0
0	0
0	0
0	0
4	0
0	0
2	0
0	0
11	3459
0	0
1	0
13	0
0	0
0	0
0	313
0	0
0	0
0	14
0	0
2	338
0	0
0	0
0	0
0	0
0	0
0	0
0	108
0	0
0	0
0	0
0	0
0	0
0	38
12	92
1	4
0	0
0	48
0	0
1	575
0	117
2	0
0	0
0	22
0	69
0	0
0	0
0	0
0	0
0	0
0	0
0	0
0	0
0	0
0	0
0	0
0	0
2	0
0	0
0	9
0	0
50	2145
0	497
0	0
0	0
0	0
0	8
3	0
0	0
0	0
0	0
0	0
400	454
0	0
0	0
0	0
0	0
0	0
1	4
0	0
0	0
0	0
0	0
3	5052
2	613
0	0
2	0
0	69
0	0
6	244
0	0
0	0
2	0
0	0
0	0
0	0
0	0
0	0
0	0
33	3892
0	0
0	0
0	0
0	1
10	508
0	1347
12	662
0	0
0	0
0	0
0	5
0	0
1	3610
1	1
5	654
0	12
0	0
0	0
0	0
0	0
0	2
2	2
0	0
0	0
0	0
0	4
0	0
0	0
0	729
0	0
0	0
0	0
0	0
0	1
0	0
8	1003
0	0
0	447
0	0
0	0
2	0
0	2
0	0
0	0
0	0
0	204
0	11
0	0
0	1
0	0
0	0
0	0
0	0
0	7655
0	0
31	299
0	0
1	658
0	0
6	6
0	0
0	445
0	0
0	35
0	0
1	10
0	2
0	1
0	0
3	0
0	23
0	0
3	271
0	0
0	0
0	0
2	0
0	0
0	121
0	0
0	0
2	0
2	172
0	0
0	7
0	0
0	0
4	310
1	5
0	0
0	1
0	0
0	0
0	0
0	0
0	0
0	0
0	0
0	809
0	0
0	0
0	0
0	0
0	0
0	0
0	5846
1	0
0	0
0	0
0	0
0	0
0	0
0	562
1	5120
0	0
8	478
0	0
0	0
0	0
0	0
0	0
0	0
3	316
0	0
9	10
0	0
3	9
2	0
0	0
0	0
0	0
0	0
1	0
0	1
0	0
24	1081
0	32
0	0
3	25
0	0
0	0
0	0
0	0
0	1
0	0
0	2
0	0
109	112
0	0
0	3
0	0
0	0
0	0
0	0
0	0
0	3
1	18
0	0
0	0
0	104
0	0
0	0
0	14
0	0
0	1195
0	0
0	0
0	0
2	3237
0	0
0	0
3	49
0	0
0	0
0	0
0	0
0	1
0	0
2	0
0	0
0	0
0	0
1	0
0	0
0	27
0	0
0	0
0	0
0	0
0	0
0	1938
0	0
0	0
0	0
0	0
0	0
31	2973
8	0
11	735
0	0
0	0
0	0
0	0
3	0
0	0
0	0
0	0
0	0
5	2
3	46
0	0
0	0
0	0
0	0
3	206
0	0
0	0
0	0
0	0
2	81
0	0
0	0
0	21
0	0
0	0
0	0
0	0
14	3423
0	0
0	0
3	766
0	0
1	0
0	0
1	9
2	0
2	0
0	0
0	0
0	4
0	0
0	0
0	0
0	0
0	0
0	27
0	0
0	14
5	4
0	0
0	0
0	0
4	21283
1	0
0	0
0	1
0	0
0	0
0	0
297	7467
0	0
0	0
2	0
0	0
0	247
0	0
8	2
0	0
0	0
0	0
0	21
0	0
0	0
0	8
0	0
1	72
0	0
0	0
0	1583
0	0
0	118
0	331
0	0
0	501
0	0
0	0
0	0
1	25
0	1674
0	0
0	0
0	0
0	10326
0	0
0	0
0	0
0	0
0	0
0	0
0	0
0	7
0	0
0	0
6	0
0	0
0	0
0	0
1	0
0	1
0	0
0	1
0	0
0	0
0	0
0	12
0	0
1	616
1	1347
0	0
16	7893
0	0
0	0
0	0
0	0
0	0
0	0
0	0
0	26
0	1005
0	12
0	0
0	47
0	37
0	0
0	0
0	0
5	268
0	0
0	0
1	24
0	0
0	0
0	0
0	0
0	0
0	1225
0	16
14	338
0	10
0	147
0	0
0	0
0	7237
0	0
4	4097
0	0
0	0
0	5
0	2
0	0
0	0
3	432
0	0
0	0
2	0
0	0
1	0
0	0
2	104
0	0
0	1
0	0
0	0
0	3
0	0
0	0
0	0
0	0
0	1
0	0
0	0
0	0
3	9
0	129
0	0
0	0
0	0
0	2
0	0
0	0
0	0
0	0
0	1
22	131
0	0
0	0
0	0
0	0
0	0
1	3187
11	0
10	0
0	0
0	2
5	0
3	296
0	0
0	0
0	0
2	159
14	3279
0	0
4	219
0	4
1	12
0	0
0	0
27	1913
0	0
0	0
0	37
0	136
0	1199
4	3
2	4966
7	6
0	0
0	0
353	3506
0	0
0	0
40	0
0	0
0	0
0	0
2	4
2	44
0	0
0	0
3	100
0	0
0	0
0	0
0	0
2	10
0	0
0	0
0	610
0	271
0	0
0	0
0	0
0	0
0	0
0	0
0	4
2	2
0	0
0	0
0	11
5	12
0	0
0	0
0	4
0	0
0	0
1	0
0	0
0	0
4	129
0	0
0	0
0	0
0	0
0	0
0	0
0	0
0	0
0	0
1	0
4	7
0	0
0	0
0	0
0	0
0	544
0	59
0	0
0	0
0	0
0	0
0	0
0	0
0	0
0	0
0	0
0	1
2	309
0	0
0	0
1	174
0	0
0	0
0	0
0	0
0	0
0	0
0	0
0	0
0	0
0	0
1	170
1	37
0	0
2	9526
0	0
5	17
0	0
0	0
0	0
0	4
0	0
0	0
697	2204
0	0
0	42
0	0
0	0
1	636
20	294
0	0
0	0
0	0
0	0
4	0
27	8811
0	0
0	0
0	0
0	2
0	0
0	0
0	0
0	0
0	0
0	0
0	0
0	0
0	0
0	0
0	0
0	657
0	0
0	250
0	0
0	0
0	0
0	0
0	0
1	44
0	0
0	0
0	0
0	0
0	1
0	0
0	0
0	0
0	0
0	0
5	74
0	0
1	185
0	2204
0	1
0	0
0	0
0	0
0	0
0	0
0	0
0	0
0	0
0	0
0	0
0	0
0	3
2	0
0	0
0	0
0	0
0	0
0	0
0	0
0	0
0	0
0	0
0	0
0	0
0	0
0	0
0	0
0	34
0	0
0	76
6	0
0	0
0	0
0	0
0	0
0	0
0	0
0	0
0	0
1	308
0	49
0	0
0	0
5	3094
0	0
0	264
0	0
0	0
0	0
0	0
0	0
0	0
0	0
0	0
0	0
2	0
0	0
0	0
0	1128
0	0
0	0
0	0
0	0
0	5
0	0
15	532
0	0
0	0
0	0
0	0
0	0
0	0
0	0
0	0
0	0
0	0
0	0
0	2
2	0
492	2076
0	0
0	0
0	0
0	0
0	0
0	0
0	0
1	0
0	0
0	0
0	362
0	0
0	0
0	0
0	0
16	7886
0	0
0	265
0	0
0	0
0	3
0	0
0	0
0	0
0	0
0	113
11	292
0	0
0	0
0	0
0	0
0	0
2	0
0	0
0	0
0	0
0	0
0	0
0	8
0	39
1	0
0	0
1	127
0	0
0	0
0	0
0	0
0	0
0	0
0	0
0	0
0	0
0	124
0	0
0	0
0	10
0	0
0	139
0	0
0	0
2	99
0	0
19	95
0	0
0	0
0	511
2	6
3	78
0	0
0	0
0	0
0	0
0	6
0	0
0	0
0	0
0	0
11	2
0	7
0	0
0	0
0	0
0	0
0	0
0	25
0	0
0	0
0	0
0	0
0	0
0	0
0	0
0	43
0	0
0	0
0	0
0	81
0	153
0	29
0	0
0	0
0	27
0	8
0	0
0	0
2	1209
0	0
0	9
0	0
2	38
0	0
1	7
0	0
0	0
0	0
0	1
0	0
1	344
22	495
0	0
0	0
0	0
0	0
0	0
0	0
25	370
0	0
0	0
0	0
0	0
0	0
0	0
0	0
0	0
0	0
0	0
0	2
0	0
0	0
0	0
0	2
0	3293
0	0
1	41
0	44
0	0
0	232
0	0
0	0
0	0
0	0
0	0
0	0
7	7004
6	3
0	0
0	0
0	0
0	0
0	0
47	315
0	0
0	0
0	0
0	0
0	0
4	149
0	0
0	3130
0	0
0	0
0	0
0	4
0	0
0	0
2	177
0	0
0	0
0	0
1	720
0	0
8	1025
0	0
0	0
0	0
4	58
0	0
2122	11894
0	28
0	0
0	0
0	0
0	0
0	0
2	1681
0	35
0	0
0	435
0	0
14	58
0	0
0	5
0	0
0	0
0	0
0	0
0	0
0	0
0	15
0	0
0	0
0	0
0	0
0	0
0	0
0	0
0	0
0	0
0	0
0	288
0	0
0	0
0	1
0	0
0	718
0	0
0	3
35	86
0	0
0	0
0	0
0	0
0	0
0	0
0	91
0	0
0	0
0	0
0	0
0	0
0	0
0	6471
0	0
0	0
0	0
0	0
0	279
0	0
0	0
0	0
0	0
0	149
0	0
1	2
0	0
0	0
0	0
1	1
0	0
1	0
0	2
0	0
0	0
0	0
0	0
0	0
0	0
0	0
0	0
0	1
0	0
0	0
0	0
0	0
0	0
0	0
1	6
0	0
0	0
3	150
0	0
0	7
3	1106
0	0
2	1
0	0
0	0
0	0
0	0
5	2263
0	0
0	0
4	1
0	0
0	3
1	0
0	0
0	4
0	0
0	0
0	0
0	0
0	0
0	319
2	5
0	0
0	0
0	0
1	49
0	0
0	1
0	0
0	0
0	0
0	0
0	1266
0	0
1	35
0	0
0	0
0	0
0	0
0	0
1	126
0	0
0	0
2	0
0	0
3	0
0	0
0	102
0	0
0	0
1	0
0	0
13	401
0	1
0	0
0	0
0	0
0	0
0	0
0	2622
0	0
0	0
0	0
0	0
2	3087
0	0
0	4
1	87
0	0
0	0
0	0
0	0
0	0
0	0
0	0
0	0
3	0
0	0
0	0
0	13
0	0
0	0
0	0
0	0
0	0
0	0
0	0
0	0
2	392
0	0
150	1231
0	0
1	126
0	0
5	463
0	0
0	0
0	0
0	4
0	0
0	72
0	0
0	0
0	0
0	0
0	0
0	68
0	0
69	239
0	0
0	0
0	2
0	0
0	0
0	92
0	0
0	0
34	257
0	0
0	0
0	0
0	1
0	0
0	0
0	0
0	0
0	0
0	0
0	0
0	0
0	0
0	0
0	46
0	0
0	4
0	209
0	257
8	488
0	0
0	0
0	0
0	0
0	0
0	0
0	0
0	0
0	0
0	0
0	0
0	0
0	0
23	7079
0	0
0	0
1	51
0	0
0	0
0	10
0	0
43	108
0	0
0	0
0	0
0	45
1	1
0	0
0	0
0	37
0	0
0	0
14	6151
0	0
0	0
0	0
0	0
0	0
0	0
0	0
0	0
0	0
0	0
0	0
0	0
1	0
0	0
0	0
0	0
0	0
0	0
4	5467
10	699
0	0
0	0
0	0
0	0
0	1
3	0
0	0
0	7
23	167
3	2074
0	4963
3	0
0	0
0	0
0	0
0	0
0	1
0	0
0	0
0	0
0	0
0	105
0	0
0	3
167	240
0	0
0	0
0	1
0	0
0	5100
0	0
0	0
0	0
0	0
0	0
0	0
0	0
0	0
2	0
0	0
0	139
0	0
0	1
0	0
0	0
1	10
0	0
0	0
0	0
0	0
0	0
0	0
0	0
0	0
0	0
0	0
0	0
0	0
0	2
0	0
211	447
3	1014
9	23
0	26
0	0
0	0
0	0
0	0
0	1
1	155
0	0
54	749
0	44
0	0
0	0
0	0
0	0
0	0
0	0
0	0
0	0
2	101
0	0
0	0
0	63
0	106
0	0
0	0
0	0
1	195
0	5
29	498
0	0
0	0
0	0
0	0
0	0
1	156
0	0
0	0
0	0
0	0
0	0
7	16
0	0
0	0
0	0
0	0
0	0
0	0
0	1
4	2511
0	20
0	175
0	0
0	0
0	0
0	0
0	0
2	0
0	0
0	0
0	0
0	9
0	0
0	0
0	0
0	3
0	8
0	0
0	0
0	0
0	0
0	33
0	2
0	0
8	0
0	0
0	0
1	24
0	0
1	8
0	7
0	2
0	0
0	1395
0	0
0	0
0	0
0	0
0	0
0	0
11	1356
0	0
0	0
0	0
0	0
15	1
0	0
0	29
0	0
0	0
0	0
0	0
0	0
0	0
0	0
0	0
0	0
0	15
0	0
0	138
0	0
0	11
0	0
0	0
176	10843
4	59
0	373
5	6
0	0
0	0
0	0
0	0
0	0
0	0
0	0
0	0
0	0
0	0
0	0
0	0
0	27
0	0
0	30
0	0
0	0
0	0
0	0
0	0
0	0
0	0
0	0
0	0
0	0
0	0
0	0
0	0
1	298
0	0
0	1
0	0
0	20
0	0
0	0
0	0
0	0
0	0
0	0
0	1
0	0
0	0
1	0
4	3
0	0
0	0
0	0
0	0
0	0
0	0
0	0
0	0
0	0
0	0
0	0
0	0
0	0
0	0
0	0
21	64
0	8
0	0
0	0
4	0
0	0
0	288
0	0
12	0
0	3
0	0
0	0
0	0
0	0
0	0
0	0
0	0
0	0
0	0
0	0
0	149
0	0
0	0
0	0
21	303
14	18
0	2
0	0
0	0
274	1006
0	0
0	0
7	2
0	0
0	0
0	0
0	0
0	0
0	0
656	5067
0	0
0	0
0	0
0	102
0	0
0	0
0	99
98	133
0	0
5	682
0	0
0	0
0	0
0	0
0	0
0	0
0	0
1	0
0	0
0	0
0	0
0	0
0	0
0	0
0	0
0	0
0	0
0	0
0	0
2	102
0	0
0	0
0	0
0	0
0	0
1	1
0	0
0	0
0	0
0	0
2	0
1	0
0	0
0	0
0	0
0	0
0	0
0	0
1	842
0	32
0	0
0	17
0	0
0	0
0	0
0	826
1	0
0	0
32	408
0	0
40	553
0	348
0	0
0	0
0	0
0	0
0	0
0	0
0	31
0	0
0	0
0	7
0	0
0	0
201	451
0	0
2	0
0	0
0	0
0	0
0	0
0	249
0	0
0	0
0	0
7	234
0	0
0	0
0	7936
0	0
0	0
1	0
0	0
0	0
0	4
4	774
0	0
0	0
0	0
0	0
0	0
0	0
0	0
0	0
0	0
0	0
0	0
0	0
0	0
9	428
0	0
0	0
0	0
0	0
0	0
0	0
0	3
0	0
1	0
0	2
0	521
0	0
1	5
0	12932
0	1
0	0
0	0
0	0
0	0
0	0
0	0
0	179
0	0
0	0
0	0
0	3029
0	0
0	0
0	412
0	0
0	0
0	0
0	0
0	0
0	0
0	0
0	0
0	0
0	11
0	0
0	0
0	0
0	0
0	0
0	0
0	0
0	0
0	0
4	5815
0	0
0	27
0	0
0	0
0	0
0	0
0	0
0	0
2	82
0	0
0	0
0	3381
0	0
0	0
0	0
0	0
0	41
0	0
0	0
2	0
0	2
0	0
0	0
0	0
0	0
11	1329
0	0
0	0
9	0
0	0
2	7
0	0
2	6
0	0
0	0
0	0
0	0
0	0
0	0
0	0
0	0
0	0
0	0
0	9
0	0
0	0
0	0
0	0
0	0
0	13
0	0
0	0
0	0
0	32
0	0
1	0
0	0
0	0
0	0
0	0
43	0
0	539
0	3421
0	74
0	0
3	1075
0	0
0	0
0	0
59	550
0	0
0	1034
0	0
0	0
0	0
0	0
0	0
0	0
0	0
0	0
0	0
0	0
1	167
0	0
4	0
9	193
0	0
0	6
0	0
0	0
0	313
0	0
0	202
0	0
0	0
0	0
0	0
4	705
0	3
0	0
0	0
0	0
0	0
1	67
0	0
0	10315
0	0
1	6709
8	18
7	23
0	0
1	82
0	0
0	0
0	15
0	0
0	0
0	0
0	0
0	0
0	0
0	0
0	0
0	0
3	2289
0	0
0	0
0	0
0	0
0	24
0	0
0	0
0	0
0	0
0	0
1	0
0	15
0	0
0	5779
6	0
0	0
0	0
0	0
0	481
21	0
1	139
0	0
0	81
0	0
0	347
0	0
0	0
1	708
0	0
0	1
0	0
4	174
0	0
2	0
0	0
1	53
2	0
0	0
0	0
0	0
0	0
0	0
0	0
0	0
0	0
0	0
2	220
0	0
0	0
6	103
0	0
0	0
0	0
0	1
0	0
0	0
0	683
0	0
0	0
0	0
0	0
0	0
8	4671
2	1
0	0
0	0
0	0
0	0
0	0
0	0
0	0
0	0
0	0
0	0
1	33
0	1
0	0
0	0
0	0
51	9108
0	0
0	1
0	0
0	0
0	0
0	33
0	0
0	0
0	0
0	0
0	0
0	0
1	1194
0	0
0	0
1	110
8	1268
0	0
0	0
0	0
0	0
0	0
0	0
0	0
0	0
0	0
0	6
0	0
0	0
0	0
0	0
0	0
0	0
0	0
0	0
0	0
0	0
0	0
0	0
0	0
0	0
0	0
0	0
0	0
40	5696
1	0
0	0
0	0
2	1
0	0
0	0
0	2
0	0
0	0
0	0
0	0
1	303
0	91
0	2
0	0
0	0
0	6
0	0
1	0
0	0
0	0
0	0
0	0
0	0
0	0
13	4133
0	0
0	1
0	1
0	0
0	0
0	0
0	0
0	19
0	0
11	302
0	0
0	0
0	0
0	0
0	0
0	0
0	0
0	0
0	334
0	0
0	0
0	0
0	0
0	0
0	0
0	0
0	0
0	0
0	0
0	0
0	0
26	5
0	0
2	0
0	0
0	0
0	0
0	0
0	0
0	0
0	0
4	10
0	0
0	0
0	285
0	0
5	54
0	0
0	0
0	0
0	0
0	0
2	0
0	0
0	0
0	29
0	0
0	0
0	300
0	2566
0	0
0	0
0	44
0	0
7	7886
0	83
0	0
1	15475
0	0
0	0
0	0
0	0
0	0
0	0
4	54
0	0
14	1893
0	21
0	0
0	0
0	2
0	0
0	0
0	0
0	0
0	0
0	0
0	100
0	0
0	0
0	0
0	0
0	0
0	4
0	34
0	0
0	0
0	0
0	0
0	126
0	0
0	0
0	0
0	0
0	0
0	0
0	77
0	0
0	0
0	0
0	0
0	0
0	0
0	0
1	124
0	31
0	0
1	8
0	0
0	4
0	0
0	0
0	0
0	0
20	11056
0	0
0	129
0	0
1	0
0	0
0	0
0	727
0	0
0	0
0	0
0	0
0	6
0	0
0	284
0	0
0	0
16	94
0	0
0	0
0	0
0	0
0	0
275	6941
0	0
0	0
0	0
0	0
19	1738
0	0
0	0
0	0
0	0
0	0
0	0
0	0
0	0
0	0
0	0
1	0
0	0
0	0
0	0
0	0
0	0
0	0
0	0
0	0
0	12
0	0
3	0
5	0
0	0
1	0
3	1
0	0
0	0
0	0
0	0
0	0
2	192
0	0
0	0
0	4
0	1
0	0
3	4122
0	0
0	387
0	0
0	0
0	0
0	0
3	0
0	0
0	0
2	0
0	0
0	161
0	0
0	0
0	0
0	0
0	0
5	2482
0	0
0	0
4	0
0	174
0	0
0	0
0	0
5	0
0	0
0	0
0	0
0	2
0	0
0	0
0	0
0	0
0	0
0	0
0	0
0	0
0	0
0	0
0	0
0	0
0	0
0	16
0	0
0	0
0	0
0	0
0	0
1	0
0	1
0	0
0	0
0	0
0	0
0	0
0	0
0	0
0	0
0	0
0	0
34	2295
1	648
0	0
0	237
81	353
0	0
0	0
0	0
0	0
0	0
13	0
0	5
0	206
13	2
0	0
42	1072
0	0
0	0
0	0
0	0
0	0
0	0
0	0
0	0
0	0
0	0
0	42
0	0
0	0
0	13
0	0
0	0
0	0
0	22
9	59
0	0
0	0
0	0
0	0
0	1
0	0
0	0
0	0
0	0
0	0
0	0
0	1
0	0
0	0
4	271
0	0
0	0
0	0
2	1807
0	0
0	0
0	0
0	74
0	0
3	13
0	0
0	0
0	0
0	0
0	0
0	791
0	0
0	0
1	19
13	3
0	1
4	466
0	0
0	1
0	0
0	0
0	0
8	4
0	0
0	0
0	1
46	8
0	0
0	0
0	0
0	0
0	0
15	2976
0	0
1	993
0	214
0	0
0	0
0	0
0	747
0	0
0	0
0	1
0	0
6	8590
0	0
2	0
0	0
0	0
0	0
0	0
0	0
0	0
2	200
0	471
0	0
0	0
0	1
0	0
2	0
0	0
0	0
0	0
0	0
0	17
0	0
0	16
26	2
5	15297
0	0
1	1
0	0
31	668
0	0
0	0
0	85
0	518
0	74
0	0
0	0
0	0
0	0
1	0
0	0
0	0
0	0
10	1212
5	0
1	0
0	77
0	0
0	1
0	0
0	0
0	0
0	0
0	0
0	0
0	0
0	6
0	0
0	6
0	0
0	382
0	0
2	3
0	0
0	8
0	0
0	0
2	4
0	0
0	20
0	0
0	0
0	0
0	0
3	81
35	81
0	0
0	0
0	0
0	5
0	0
50	5831
3	1
0	0
0	0
0	0
0	0
0	0
0	0
0	0
0	0
0	0
0	0
0	0
0	0
0	0
4720	12258
0	0
0	0
0	0
0	0
0	0
2	0
0	30
0	0
0	0
0	1
0	0
0	0
0	0
0	137
0	0
0	0
0	64
0	0
0	0
0	0
0	2
0	0
0	6
0	0
0	3
0	0
0	0
0	0
0	0
0	0
6	6201
0	0
0	0
0	0
0	0
0	0
0	263
0	0
0	0
0	361
0	0
0	0
0	0
0	0
0	0
0	0
43	135
0	0
0	0
0	0
0	35
0	0
0	0
0	7
1	0
0	0
1	0
0	0
0	0
0	0
26	4695
0	0
0	0
0	3
0	0
0	0
0	0
0	0
0	0
8	0
3	8
5	0
0	0
0	0
0	0
0	48
0	0
0	708
0	0
0	1
0	0
0	0
0	0
0	0
0	129
0	1
0	16
9	4
0	0
1	0
0	0
0	0
0	0
0	0
0	0
0	0
0	0
0	0
0	0
0	0
1	0
0	382
9	8
0	0
0	0
0	0
0	2
0	0
0	0
0	0
11	42
0	0
0	0
0	0
0	2
0	0
0	0
0	0
0	0
0	0
0	0
0	3
0	0
0	0
0	0
0	0
0	0
0	3
0	0
0	0
0	0
0	0
0	0
0	6
0	12
0	3179
1	0
0	0
0	1
0	0
0	0
2	33
0	0
1	0
0	5
0	0
0	0
0	0
0	0
0	0
0	0
0	0
0	0
6	1354
0	0
0	0
0	0
0	0
0	0
0	0
0	0
0	0
0	0
0	0
0	0
0	0
0	0
0	0
0	0
0	0
0	0
0	80
0	0
0	64
0	0
0	0
0	0
0	0
0	0
0	0
0	0
0	0
0	0
0	0
0	0
0	0
0	0
0	0
0	0
0	0
0	0
0	0
0	0
0	0
6	23
12	32
0	0
0	0
0	17
0	1575
0	0
0	0
0	0
0	41
0	0
0	0
0	0
0	0
0	154
0	0
0	0
0	0
15	0
0	0
0	0
0	0
0	0
0	1
0	0
0	0
0	0
0	0
0	0
54	1296
0	0
0	0
0	5854
0	52
0	0
0	0
0	0
0	0
0	0
0	6
1	1024
0	0
0	5
0	0
0	0
0	0
0	0
2	24
0	28
0	0
0	0
0	0
13	2932
1	71
0	0
0	71
0	0
0	0
0	0
0	0
0	1
0	0
0	0
0	0
0	0
0	4210
0	0
0	0
7	0
0	0
0	0
0	0
0	177
0	0
0	0
0	0
0	0
0	0
0	0
0	0
0	0
0	0
0	0
0	0
7	50
0	0
10	204
0	1351
0	0
0	30
0	0
0	0
0	0
0	0
0	0
0	0
0	0
0	0
0	0
0	0
0	0
0	0
0	6
0	0
3	0
0	0
21	0
0	0
0	0
0	0
0	0
0	0
1	7996
0	0
1	1230
61	458
0	1230
0	0
0	0
0	9
0	0
1	3239
0	0
0	0
0	0
7	129
0	6
0	0
0	0
0	0
0	0
0	0
0	0
0	6
0	0
0	0
0	0
0	0
0	0
0	0
1	3
0	0
0	0
0	0
0	0
0	0
0	4
0	0
0	0
0	0
0	0
0	65
4	1
0	0
0	0
0	0
0	0
0	0
0	0
0	0
0	0
0	0
14	0
0	0
0	0
0	0
0	0
0	8
0	0
0	0
0	0
0	6
1	726
0	0
0	0
0	0
0	0
0	4
0	0
273	306
0	0
11	1
0	0
0	0
0	0
0	0
0	0
2	0
0	0
0	0
0	5
0	0
0	396
0	0
0	0
2	0
0	0
2	0
0	0
0	0
0	0
0	0
0	3
4	770
0	0
0	96
0	0
6	11
0	0
0	0
0	0
0	4
0	0
0	0
1	1
0	0
0	0
0	0
0	0
0	0
0	71
0	247
0	0
0	0
0	0
0	0
0	0
0	0
0	0
0	0
0	0
0	199
0	0
0	0
1	1
0	0
0	6
0	4
0	0
0	13
7	0
0	0
0	0
0	0
0	213
0	0
26	1286
0	0
0	0
0	0
0	0
0	0
0	0
0	9
0	0
0	0
0	0
0	0
3	0
0	0
0	0
0	0
0	0
0	280
0	0
0	0
0	0
0	0
0	0
0	1
0	0
0	0
0	0
0	0
0	0
8	285
0	0
89	239
5	0
0	0
1	479
0	0
2	0
0	0
0	0
0	0
0	0
0	0
0	0
0	0
0	0
3	0
0	594
0	0
0	0
1	172
0	0
0	0
0	0
0	0
0	0
0	0
2	0
0	0
0	0
0	0
22	1367
0	0
0	0
0	2
0	0
0	0
2	0
0	0
0	0
0	0
24	1
8	965
1	294
0	0
0	0
0	0
5	13165
0	0
0	0
0	0
0	0
0	0
0	0
0	8163
0	0
0	0
0	0
0	0
6	0
0	0
0	0
0	0
0	4
0	72
0	0
0	9
0	0
3	2228
0	4
0	0
0	0
0	0
0	0
0	0
0	5
0	0
0	0
1	0
14	113
0	0
0	0
0	0
8	4930
11	1153
5	0
0	0
0	0
0	0
0	0
0	0
0	0
0	0
0	0
1	0
0	0
0	0
10	986
0	0
0	0
0	0
0	0
0	0
0	1687
0	0
0	0
0	0
0	50
0	9
3	1645
0	0
0	0
0	9
0	0
0	0
0	9
0	0
2	0
0	0
0	4
0	0
0	0
0	0
3	0
0	0
0	448
2	153
0	0
0	0
0	0
0	0
0	0
0	449
0	0
0	0
0	0
2	0
0	0
0	5666
0	0
0	0
0	0
2	6547
0	0
0	0
0	0
3	214
0	0
0	0
0	0
8	252
2	8
0	95
0	0
7	257
1	0
6	2619
0	0
0	0
0	0
2	0
0	1
0	0
0	0
0	0
0	1
0	0
0	0
0	0
0	0
0	130
0	0
0	1
0	0
0	0
4	0
9	0
0	0
0	0
0	0
0	0
0	0
0	0
0	0
0	0
9	0
0	0
0	0
1	169
0	0
0	0
0	0
0	0
0	0
0	538
0	0
0	144
0	0
0	0
0	0
0	0
0	0
0	0
0	0
21	9458
0	0
1	4316
0	0
0	0
0	0
0	0
0	0
1	3421
0	0
0	0
3	42
0	0
0	69
16	430
0	0
13	5478
0	0
0	0
0	0
0	0
0	0
0	0
0	0
0	0
0	0
0	0
0	0
0	0
0	322
0	0
0	0
0	15
1	7
0	13
23	2413
0	0
0	0
0	0
0	0
0	0
0	0
0	0
0	0
0	0
0	0
11	5
0	0
0	0
0	0
0	0
0	2
0	0
0	0
0	136
0	0
0	0
0	0
0	363
0	0
0	3
0	0
0	0
1	57
0	0
0	0
0	0
20	302
0	0
0	0
0	0
0	0
0	2
0	0
0	0
3	259
0	0
0	8
0	0
0	0
0	258
0	0
0	0
0	0
0	0
0	0
0	0
0	0
0	0
0	0
0	0
0	235
0	0
0	1
0	0
1	0
0	1589
2	3851
4	10775
1	994
0	3
1	9
0	0
0	0
0	81
0	0
0	0
0	0
0	0
0	0
4	1
0	0
0	25
0	0
0	0
7	4
0	0
4	5
0	0
0	0
0	0
0	0
1	0
0	0
0	5348
10	1495
0	0
0	0
2	992
0	0
0	0
2	1788
0	0
0	9
1	1895
89	396
0	0
0	0
0	0
0	0
0	0
0	0
4	72
0	0
1	3821
0	0
0	18352
0	2
1	265
0	0
0	0
0	0
0	0
42	62
0	0
0	0
16	46
0	0
0	0
0	0
0	1
0	0
0	0
0	0
0	0
1	29
0	0
0	0
0	76
0	0
0	0
0	0
0	0
0	368
0	0
0	0
0	0
0	48
0	0
0	0
10	0
0	0
0	0
0	0
0	6
0	0
2	4
0	0
0	0
0	0
0	0
0	0
0	0
0	113
0	9
0	0
9	1002
0	0
0	0
0	0
0	0
0	0
0	0
0	0
1	8281
0	0
0	0
0	0
3	117
16	52
0	0
0	0
0	132
0	0
0	188
0	1
1	31
0	0
0	0
0	0
7	5773
0	0
0	4
0	930
7	0
4	0
0	18
5	8936
0	0
0	0
0	0
0	9
0	0
0	0
0	0
0	0
0	0
0	0
8	4041
0	0
0	0
0	0
0	0
0	0
1	0
10	693
99	154
0	0
0	0
0	0
0	0
10	1009
0	0
0	0
0	0
0	1670
0	0
0	0
3	0
0	0
0	0
0	0
0	83
0	0
0	0
0	0
0	0
0	0
0	0
0	0
0	0
0	0
0	17280
0	0
0	0
0	0
0	170
0	0
0	0
1	0
0	0
0	0
15	387
2	130
0	0
0	1
0	0
0	2
0	1
0	0
0	0
0	0
0	0
0	43
0	49
0	0
0	58
0	0
0	0
0	0
0	0
0	0
0	37
0	0
0	0
0	0
0	1
0	0
0	0
0	0
0	0
0	0
0	0
0	0
0	0
0	0
0	0
0	72
0	0
6	1400
0	0
0	0
0	0
9	3351
0	0
0	0
0	0
0	0
0	0
0	0
1	67
42	47
0	0
0	1
0	0
2	1487
0	0
0	0
3	0
0	50
0	0
0	0
0	0
0	0
14	301
0	0
0	0
0	0
0	281
0	3
0	0
0	0
2	1786
0	0
0	0
0	0
0	0
0	0
0	0
0	7
0	0
0	20
0	0
0	0
0	23
0	0
0	0
0	0
0	90
0	0
0	0
3	3
0	0
0	0
0	0
0	1
0	0
1	28
1	33
0	0
0	1
0	0
2	760
0	0
0	0
0	0
0	0
0	0
0	0
0	0
0	0
0	0
0	1
0	13587
1	1473
0	0
0	0
0	274
0	0
49	3858
0	0
0	0
0	0
0	0
2	1492
0	0
0	12
2	3
0	0
0	6
0	0
0	0
0	0
0	0
0	0
0	0
0	0
0	0
0	0
0	0
0	3
0	200
1	1127
0	0
0	0
0	0
0	0
0	0
0	0
0	0
0	0
35	0
2	1368
0	0
0	0
0	0
0	0
0	0
0	0
0	0
0	0
0	2
20	0
6	4105
0	0
0	0
0	0
0	0
0	0
6	58
1	0
0	0
0	0
0	0
0	0
0	0
0	0
0	0
0	0
0	0
2	0
0	0
0	15
7	4496
0	0
0	0
0	272
18	9187
0	0
0	0
0	0
1	0
0	0
0	0
0	0
0	89
0	0
0	0
0	0
3	0
58	0
0	0
0	0
0	0
0	0
0	0
0	0
0	0
0	0
7	1816
0	1
0	0
0	0
0	6
0	0
0	0
2	0
0	0
14	15374
0	0
0	0
0	2
0	0
0	0
0	0
0	0
0	0
0	0
0	1
0	0
0	0
1	0
0	0
0	0
0	0
0	0
0	0
0	0
0	0
0	0
0	103
0	0
0	0
0	0
0	0
0	0
0	0
5	23
0	357
5	28
0	0
0	0
0	13
0	0
0	0
0	0
0	0
2	0
0	0
0	0
0	0
0	0
8	140
0	0
0	0
0	0
0	0
0	0
0	0
0	0
0	0
0	0
0	21
1	1982
0	0
14	20
0	0
0	0
0	0
0	0
0	0
0	0
0	0
0	0
0	1
0	0
0	299
0	0
0	0
0	0
0	1
2	2
0	0
0	0
0	7884
0	0
0	0
0	11
0	1
0	0
0	0
5	435
8	7
0	0
0	0
0	79
0	0
0	0
0	882
0	0
0	0
0	0
0	0
0	0
6	1690
0	0
0	0
0	0
0	0
0	0
0	0
0	0
0	0
0	0
0	0
0	0
0	0
0	5
0	0
4	0
0	0
0	0
0	0
0	28
0	0
0	65
1	130
0	10
0	0
0	0
0	207
0	0
0	0
0	0
0	0
0	4
0	0
1	0
0	0
0	0
0	3879
0	0
0	7
0	0
0	0
0	0
0	0
0	0
1	0
0	0
1	177
0	0
0	0
0	0
0	0
0	0
0	0
0	0
0	0
19	47
0	5
0	763
0	0
1	491
0	0
0	0
0	0
1	0
25	133
0	98
0	0
0	122
0	0
0	0
3	500
0	0
0	0
0	0
0	0
0	0
0	0
0	62
0	0
3	453
0	0
0	0
2	86
0	1
0	0
25	10
0	0
0	0
0	7547
0	0
1	0
0	0
1260	4817
0	41
6	2110
0	53
1	410
1	12
0	0
0	1813
0	0
0	0
0	0
0	0
0	0
29	16
0	0
0	0
0	0
5	37
0	0
24	13
0	0
0	0
0	0
0	0
0	13
0	0
0	229
0	0
0	171
1	47
0	4
0	0
0	54
0	0
0	0
0	0
0	146
0	61
0	1
13	2038
0	0
0	0
1	19
0	0
0	0
0	0
0	0
0	0
0	0
0	0
0	155
0	0
0	284
0	0
0	0
0	0
0	0
0	0
0	0
1	1
0	0
3	1746
12	1437
1	2
0	0
0	0
0	12
0	0
0	0
2	0
0	0
0	0
0	0
0	0
0	0
0	0
0	0
1	5
17	0
0	0
0	189
11	308
1	389
0	0
0	0
0	0
1	30
0	0
0	0
2	0
0	0
0	0
0	0
0	0
0	0
0	26
22	27
0	1
0	0
0	0
287	1841
0	0
0	0
0	0
0	0
0	0
0	0
0	9
0	0
0	0
0	0
0	0
0	0
0	0
0	0
0	0
0	0
0	0
0	0
0	0
0	0
0	0
0	1
0	0
3	8
0	0
0	0
0	25
0	0
55	921
0	0
1	0
0	0
0	0
0	0
0	0
0	0
0	27
0	0
2	743
0	0
0	0
1	92
1	7
0	0
0	0
0	0
0	0
1	2
0	0
0	0
0	0
0	0
0	0
0	0
6	491
0	182
0	0
0	0
0	0
0	0
0	210
32	54
0	48
0	0
12	2173
2	249
1	392
0	0
0	0
0	0
0	0
0	0
0	0
0	0
0	4
0	0
0	1
0	0
0	0
15	430
0	0
0	0
3	5
0	0
0	0
0	0
3	4939
0	0
0	0
21	5231
0	0
0	0
0	46
0	8
2	0
0	0
0	0
0	0
0	0
0	0
0	0
0	2
0	0
1	4
2	0
0	0
0	0
1	68
0	0
0	0
2	1654
0	0
0	0
0	0
0	0
2	5
0	0
0	0
0	0
0	0
0	2
0	0
0	0
0	0
0	1
0	0
0	0
0	0
0	0
0	0
0	0
0	0
0	0
0	0
0	17
0	0
0	0
0	0
0	2
0	0
0	0
0	0
0	0
0	50
0	29
0	3
0	0
74	146
0	1
0	7
0	0
0	0
0	130
0	0
19	3
0	0
21	445
12	1554
0	27
0	0
0	0
0	0
0	0
0	0
2	1054
0	72
0	0
0	0
48	888
0	24
0	0
0	5
0	0
0	0
0	0
0	0
0	0
7	72
0	0
0	0
0	0
0	0
0	0
0	0
0	0
0	0
0	320
0	0
0	0
3	169
0	0
0	0
0	0
0	0
0	0
0	0
0	0
0	0
0	0
25	579
0	158
0	10
16	72
0	249
11	324
0	0
0	0
0	0
0	0
0	0
1	0
0	0
0	0
5	0
3	0
0	0
0	0
0	156
0	0
67	1567
1	0
0	0
0	0
0	0
0	0
0	0
0	0
0	0
0	0
0	0
0	0
0	29
0	0
0	46
0	0
0	0
0	0
3	2522
6	20
0	0
0	0
0	0
0	0
0	0
0	0
0	0
0	0
4	259
0	0
0	0
0	0
6	18
0	0
0	0
0	0
0	7
1	2
0	0
0	0
0	0
0	0
0	313
0	0
0	0
0	0
0	0
19	912
3	2454
0	0
0	0
0	0
0	0
0	0
0	0
4	0
0	0
0	0
1	0
0	0
0	0
0	0
0	0
0	10
363	3126
1	0
0	0
0	0
0	10
0	0
0	0
0	0
0	0
16	8369
0	388
16	0
0	28
8	2785
0	0
0	0
0	0
0	0
0	0
0	0
2	0
9	197
0	0
0	0
0	0
0	0
0	0
2	4498
0	17
0	0
1	173
0	0
0	0
0	0
0	0
0	0
0	0
4	285
0	0
0	0
0	0
0	0
0	0
0	0
0	0
5	35
0	0
0	0
0	0
0	0
0	0
0	2
0	0
0	0
0	75
0	3
0	0
0	0
1	0
0	0
0	0
0	0
0	0
0	0
0	0
0	735
0	140
5	0
0	0
3	890
0	0
0	0
0	0
0	0
0	0
0	0
0	0
0	0
1	0
0	0
0	1
0	0
0	0
0	0
0	0
0	0
1	4
0	129
0	0
3	868
0	1
0	0
0	0
0	0
0	0
0	0
0	32
0	0
0	0
0	0
2	142
0	0
0	0
1	0
3	7563
0	0
0	0
3	0
0	0
0	0
0	0
5	0
0	0
0	0
0	0
0	0
0	0
0	0
0	0
0	1
1	355
0	0
12	320
0	0
2	0
0	1
5	962
0	0
2	67
0	1
0	0
0	0
0	0
0	0
1	0
0	0
0	10
0	0
0	0
0	0
1	788
0	0
11	2
0	0
0	0
0	0
0	0
0	0
0	0
0	0
0	0
0	0
0	0
0	0
14	191
0	9
22	205
6	530
0	0
1	0
0	0
0	0
1	9
0	0
0	0
0	0
1	9
0	0
69	650
7	3637
0	1
0	0
0	0
0	644
0	0
0	0
0	0
0	61
0	0
0	0
0	0
0	286
0	0
0	0
0	0
0	0
0	0
0	0
8	0
0	0
0	0
0	5
2	24
0	0
0	0
0	0
0	0
0	0
0	0
656	4395
0	0
0	0
3	2579
0	0
0	1
0	0
0	0
0	0
0	0
0	0
0	0
0	0
0	18
107	3678
0	0
0	0
0	0
0	1
2	0
0	3
0	0
0	0
0	0
0	0
10	72
0	0
0	0
0	0
0	0
7	573
0	0
0	0
0	0
0	0
4	564
0	5
0	0
0	0
0	0
11	2315
0	0
0	7329
2311	4905
0	0
0	0
0	0
0	0
0	0
0	0
12	25
0	0
0	0
0	0
0	0
0	0
0	0
40	1038
0	0
0	0
0	0
1	1
0	10
0	0
0	0
0	189
0	0
0	0
0	0
0	0
0	0
0	0
0	0
12	366
0	171
0	0
0	0
0	0
13	5685
0	0
0	0
0	2
0	27
0	0
2	970
0	0
0	0
0	0
0	0
0	0
17	89
0	0
0	644
2	534
0	7
0	0
0	424
0	0
0	0
0	67
0	0
0	425
0	0
0	0
0	0
0	0
0	0
0	0
0	0
0	18
0	0
4	2
0	0
0	0
1	0
0	0
0	0
7	4465
0	0
0	0
0	0
0	0
0	0
0	0
0	0
0	0
0	0
0	0
0	0
0	26
0	0
0	0
0	0
0	0
0	0
0	0
1	2
0	0
0	0
0	113
0	0
0	0
0	0
5	344
0	0
0	0
0	0
0	0
21	408
0	2
1	333
0	121
3	166
0	0
0	0
0	0
0	0
0	0
0	1
0	0
0	0
0	2
0	0
0	1378
0	0
0	0
0	0
0	0
0	0
1	133
0	0
0	0
0	0
0	0
0	0
0	1
0	0
0	0
0	0
0	0
0	98
0	510
0	0
0	0
0	0
0	0
0	0
0	0
0	0
0	0
0	0
0	37
0	0
0	0
0	0
0	0
0	0
0	318
51	707
0	743
0	0
0	0
0	8
0	1
0	0
0	0
0	0
0	0
0	0
0	0
0	0
6	4
0	0
0	0
0	0
5	2844
8	105
0	0
0	0
0	0
0	491
0	0
0	0
3	597
0	0
0	0
0	1
0	0
0	0
51	363
1	0
0	0
5	1911
0	0
0	5
0	0
0	0
0	0
0	0
0	0
0	0
0	7
0	0
0	0
0	44
0	30
0	2
0	0
0	424
0	116
0	0
0	0
0	3
0	0
0	0
0	0
0	0
0	0
0	0
0	0
0	0
2	187
0	0
0	4
0	0
0	0
0	0
0	0
0	0
0	0
1	56
0	0
0	118
0	0
0	0
0	0
7	5037
0	0
0	93
0	0
5	11
0	0
0	0
5	0
0	0
0	0
0	0
0	1
0	0
0	0
0	0
0	0
27	840
0	0
0	4
6	1752
0	5
0	0
0	1
0	0
0	29
0	0
0	0
0	0
2	109
0	0
0	0
5	385
0	118
0	0
0	0
0	153
3	77
0	0
0	0
0	231
0	0
0	0
0	0
0	0
0	0
0	0
0	5
0	0
0	3881
5	85
0	0
0	59
1	1629
0	0
0	0
1	0
17	304
0	0
0	0
0	0
0	0
0	6
0	0
1	13
0	0
1	0
1	28
0	0
5	386
0	0
5	3
0	0
0	0
0	0
0	0
0	0
0	0
153	17561
0	0
0	0
0	0
0	0
0	1
0	54
0	0
0	0
0	0
0	0
0	0
0	1
0	0
0	0
0	0
0	0
0	0
0	0
0	0
0	0
1	27
0	0
0	0
6	0
0	0
0	0
0	67
0	0
0	617
0	0
0	0
0	0
0	0
0	0
0	0
0	0
0	0
0	0
0	0
0	0
0	0
0	4
0	0
0	0
0	0
0	0
3	73
0	0
36	0
0	0
9	1246
0	1
0	0
0	0
0	0
0	0
0	0
0	0
0	0
0	327
0	0
0	434
0	0
2	0
0	0
0	0
0	0
0	0
0	0
0	0
0	0
0	62
0	0
1	4
0	0
0	0
1	32
0	0
0	0
0	0
2	914
0	0
0	244
0	0
0	0
0	0
0	0
0	1
0	0
0	7
0	0
0	0
29	487
0	0
0	80
0	0
0	0
0	0
0	0
0	0
4	250
0	0
0	111
0	0
0	0
2	0
0	0
0	0
0	0
0	4
0	0
0	0
0	0
0	0
0	0
9	0
0	0
0	0
0	0
0	0
0	0
0	0
0	0
0	0
2	195
0	0
0	0
0	0
0	0
0	0
9	503
0	22
0	0
0	0
0	0
0	64
0	1
0	172
17	1354
0	64
0	0
0	0
5	121
2	2421
0	0
0	0
0	0
0	0
0	0
0	0
0	0
0	0
0	0
0	21
0	0
0	0
0	0
0	0
1	30
0	0
0	0
0	0
0	0
0	0
1	0
0	0
0	0
0	0
49	783
2	5
0	0
0	0
0	0
0	0
0	0
0	0
0	0
0	0
1	16
14	1464
0	0
0	33
0	0
0	0
0	46
9	55
0	0
0	9
0	21
0	0
0	2
0	0
0	0
0	0
0	0
0	69
0	0
5	1
12	934
0	0
0	0
0	62
1	3
7	0
0	0
0	0
0	601
0	0
0	0
0	0
0	0
0	0
0	0
0	0
0	0
2	2
0	0
7	295
0	21
0	0
0	0
0	0
0	0
0	0
119	5
0	0
0	0
0	0
6	145
0	58
0	0
0	0
0	1
0	0
0	0
0	0
0	0
0	0
0	0
17	1074
0	0
0	0
146	15
1	818
0	0
3	2
0	0
0	0
0	15856
0	0
0	0
0	0
0	0
0	0
0	2
0	0
0	0
0	0
0	0
0	3099
0	0
0	0
6	2
0	0
0	0
0	0
0	0
0	0
0	0
0	0
0	0
0	0
0	0
0	0
4	0
0	0
0	347
0	0
0	2
0	0
0	0
0	19
0	0
0	0
0	0
1	3
2	0
0	0
0	0
2	0
0	0
0	0
0	76
0	656
0	0
0	0
0	0
0	1
1	3
0	0
0	0
0	0
0	0
0	0
11	26
0	2
0	0
0	3742
0	126
0	0
0	0
0	0
0	80
1	3
0	0
1	17
0	0
0	0
0	0
0	0
0	0
0	0
0	0
0	0
0	0
1	6
0	0
0	0
0	0
0	4
0	0
0	0
6	0
0	0
0	0
0	0
0	1
0	0
0	0
0	0
0	0
0	0
0	0
0	0
0	0
0	10
0	11
1	0
7	2722
0	0
0	2
0	0
0	0
0	9
0	0
0	0
0	0
0	0
0	0
0	0
0	0
0	0
0	0
0	0
0	0
0	0
0	0
0	0
9	0
0	0
1	249
0	0
0	0
2	1618
0	0
0	242
0	0
0	0
0	51
0	0
4	0
0	1
0	0
0	11
2	0
0	0
1	0
0	0
0	72
2	6498
0	4
0	0
0	0
13	92
0	0
0	0
0	1
0	0
37	406
0	0
37	447
0	0
0	0
3	3795
0	0
0	0
0	23
0	0
0	0
1397	813
0	2
0	0
0	0
0	0
0	0
0	1
9	3250
11	0
0	187
0	0
0	0
0	0
0	4
0	18
0	0
0	0
0	0
0	0
0	0
1	0
0	15
0	2550
0	26
5	736
0	0
0	651
0	181
0	0
0	0
0	0
15	6984
0	0
0	9
1	727
0	0
0	0
0	0
14	1354
3	34
8	2757
0	0
0	5
3	0
0	58
0	0
0	0
0	0
0	0
0	0
0	471
0	0
1	242
1	13
0	0
0	2
8	572
1	1
1	1
0	0
0	75
0	50
0	0
0	417
0	0
0	0
0	0
6	2375
0	0
0	0
1	4
45	276
4	0
0	0
0	417
0	471
0	0
0	0
0	12
0	61
0	0
0	0
0	0
0	0
0	0
0	0
0	0
0	0
0	1
0	0
1547	1295
0	0
11	3397
0	0
18	1940
0	0
0	0
0	0
0	60
0	106
0	0
0	0
17	459
8	170
0	0
0	0
0	0
0	0
0	0
0	0
0	0
0	139
0	0
3	5668
0	0
0	0
0	0
0	3
0	4
1	7
0	0
0	0
0	0
0	0
0	0
0	2
0	0
0	0
0	0
0	0
0	0
0	0
0	0
0	0
0	0
0	1
0	5
0	3
16	63
4	952
0	0
0	0
0	0
1	2
0	0
1	2
0	0
0	0
0	0
0	0
0	0
0	0
0	0
1	101
0	0
0	0
3	28
29	10
0	0
0	39
0	0
0	0
62	963
4	0
0	0
0	0
0	0
0	0
0	0
0	0
0	0
0	0
0	0
0	0
0	0
0	406
20	1903
0	0
0	0
0	1
0	0
0	0
0	120
0	0
0	0
0	0
0	0
0	7
0	0
0	0
2	0
0	0
0	0
0	0
0	0
0	0
19	447
0	0
0	0
0	0
0	0
1	35
0	81
0	0
0	0
0	0
0	0
0	0
0	3
0	0
0	0
0	0
0	0
0	128
792	1896
0	0
0	0
0	0
1	495
0	165
0	0
2	0
2	0
0	0
0	0
0	0
0	0
3	657
1	2
0	0
0	8
0	0
0	0
0	0
0	0
0	0
0	0
0	0
0	0
0	0
0	0
0	0
1	36
0	0
6	2
0	0
0	0
0	0
0	0
1	0
13	0
0	0
3	55
0	823
0	8
0	0
0	0
2	0
0	0
0	25
3	6
0	0
0	39
0	0
0	1
0	0
3	28
0	0
0	0
0	0
0	92
0	0
0	0
0	0
0	0
0	0
5	5
0	27
0	0
0	0
0	0
0	0
0	0
0	0
0	0
0	0
0	310
0	1
0	1
0	0
0	0
0	0
0	0
0	0
0	0
0	0
0	0
0	1
0	4
0	0
0	0
0	0
0	0
0	0
0	316
0	4279
1	4
0	0
12	7
0	0
0	0
0	0
0	0
1	0
0	0
0	0
0	0
4	782
0	1
0	0
0	0
0	0
0	0
0	0
1	0
0	0
7	4563
0	450
0	0
0	166
0	0
0	1
0	0
0	0
0	0
0	1
0	0
0	0
0	0
0	0
0	0
0	0
4	72
0	0
10	0
3	1602
0	0
11	295
0	0
0	0
0	0
0	0
0	0
0	0
0	0
0	0
0	0
0	0
0	0
9	475
0	0
0	0
0	1
0	0
0	1
2	112
0	0
0	0
0	0
0	0
0	0
0	773
9	15675
0	64
0	0
0	6482
0	0
0	0
0	0
0	5
0	0
0	0
0	0
0	0
2	630
0	0
2	8
3	0
2	5
0	0
0	0
0	0
0	0
0	0
0	0
0	0
0	0
0	4
0	0
1	0
0	0
0	0
0	0
0	0
0	0
0	0
0	0
0	0
27	16
0	0
0	0
617	1552
0	0
0	0
0	0
0	0
0	79
16	0
0	28
0	0
2	1
0	2
0	22
0	0
0	0
0	0
3	92
0	0
0	0
0	0
0	2
0	0
0	0
0	0
1	24
3	0
0	0
0	5
0	0
2	0
2	2189
0	0
0	0
0	0
0	0
0	0
1	0
0	0
0	0
0	190
2	72
0	0
0	3
0	0
0	0
0	0
0	0
0	0
0	1
0	0
0	0
0	0
0	0
0	0
1	161
0	0
0	0
0	0
0	0
13	329
0	0
0	0
0	2
0	30
0	687
2	1114
0	0
0	0
0	0
0	6
0	0
0	0
0	0
0	0
0	0
0	0
1	132
0	0
0	0
0	0
0	47
0	0
0	0
0	0
0	0
0	0
0	0
0	0
0	0
0	0
0	0
0	0
0	0
4	6361
0	0
0	0
0	0
0	0
0	0
0	0
0	538
0	0
0	0
1	1
0	0
0	0
0	0
0	0
0	0
0	0
0	0
0	238
0	0
0	0
0	0
0	0
0	0
0	0
0	0
1	97
0	0
0	54
0	0
0	0
0	0
0	0
1	4
0	0
0	0
0	2
0	15
0	0
0	0
0	1
0	0
0	0
0	0
0	0
1	222
0	0
1	43
4	801
0	0
0	0
2	153
15	4294
0	0
0	0
0	35
0	4
0	0
0	14
0	0
0	23
0	0
0	0
0	0
2	94
16	342
0	0
0	0
264	3322
0	0
0	49
1	180
0	0
0	0
0	0
0	0
0	18
0	0
0	0
0	0
0	0
0	0
0	288
0	0
0	4
0	0
0	0
0	121
0	0
0	0
0	0
0	1
0	0
0	0
0	9
0	0
0	0
0	0
0	0
6	12
0	0
0	0
0	0
0	0
0	0
0	0
0	0
0	0
0	0
0	0
0	0
0	0
1	0
0	0
0	0
0	54
0	0
0	0
0	0
0	0
0	29
0	0
0	337
0	0
0	0
0	0
1	32
0	0
0	0
0	0
0	0
0	0
0	0
0	0
16	1620
0	20
0	0
0	0
0	0
0	0
0	4
0	0
3	219
0	0
0	0
2	3
0	0
0	0
3	0
0	0
0	1
1	525
0	0
2	17
0	0
0	0
0	0
5	0
0	0
1	0
0	0
2	532
0	0
0	148
0	100
0	4935
0	0
0	0
0	0
0	0
0	0
0	0
11	6
8	40
0	0
0	0
10	108
0	0
0	0
0	0
0	0
0	0
1	0
0	0
0	0
0	0
0	0
0	720
0	0
0	0
0	0
0	0
0	0
0	0
0	0
0	0
1	100
0	0
1	0
1	0
0	0
0	0
0	0
0	0
0	483
0	0
0	0
0	10
0	0
0	0
0	0
1	0
0	0
0	0
40	130
0	0
0	23
0	0
0	0
0	0
0	0
15	6509
0	0
0	0
0	0
0	6
0	0
0	0
0	0
0	10
0	0
1	3741
0	0
6	3
0	0
0	0
0	613
48	469
1	198
0	0
0	0
0	0
0	0
0	0
5	4476
0	0
0	79
0	0
1	188
0	95
0	0
0	0
0	198
0	145
0	0
0	0
2	958
0	0
0	0
0	127
0	0
0	0
0	0
0	0
0	0
0	0
0	0
0	8
0	0
0	0
0	0
0	0
0	0
0	0
0	0
0	158
0	0
0	0
0	1
0	0
0	0
0	12
0	0
0	0
0	0
0	0
0	0
0	0
2	0
54	148
0	0
0	0
0	0
0	0
0	0
2	0
0	38
3	0
0	0
2	1
0	0
0	0
0	0
0	0
0	0
0	0
0	0
0	5135
0	15
0	76
6	1013
0	0
61	1147
0	0
0	0
0	0
0	0
0	62
101	3069
0	0
0	0
13	404
0	0
27	239
0	0
0	0
0	0
0	0
0	1
0	0
0	0
1	123
0	0
1	1
0	0
0	2507
0	0
0	0
0	224
0	757
0	0
11	7118
0	1969
0	0
0	0
0	0
0	0
0	0
0	0
0	0
0	0
0	0
0	0
0	0
0	81
5	0
0	0
0	0
0	0
0	0
0	0
0	0
0	0
0	0
0	0
0	0
0	0
0	0
0	0
0	0
1	14
0	0
0	0
0	0
0	0
0	903
0	0
0	0
0	5
0	0
0	0
0	0
0	0
0	15
0	0
0	0
0	0
0	0
0	0
4	100
15	50
0	0
0	0
0	0
0	0
0	0
0	0
0	0
0	0
0	0
0	0
0	0
0	0
0	0
0	0
0	0
0	5
0	0
0	0
0	6
0	11
0	0
0	0
0	0
0	0
0	16
29	3039
0	0
0	0
0	30
1	377
0	0
0	0
0	0
1	8
0	0
0	7
0	0
0	0
4	868
0	3
4	0
3	22
3	118
0	0
0	0
0	2
6	0
0	1
0	0
0	0
0	29
0	0
0	0
0	0
0	0
0	0
0	120
0	0
0	0
0	0
0	0
0	679
0	0
0	0
0	0
0	0
5	573
74	366
0	0
0	0
0	0
0	0
5	0
0	0
0	0
0	0
0	0
0	0
0	0
0	0
3	0
5	5402
0	0
0	0
64	228
0	0
0	0
0	0
0	0
2	418
0	0
6	0
2	0
0	6
0	0
0	0
0	2
0	7
5	76
0	0
0	0
0	0
0	0
0	1
3	526
0	0
0	0
0	0
0	0
0	43
0	0
0	0
13	238
0	0
0	0
0	0
21	105
0	0
0	0
0	0
0	0
0	0
0	0
0	0
0	0
0	0
0	0
0	0
0	0
0	0
0	0
0	0
0	0
6	22
0	278
1	146
0	0
0	0
3	0
0	3
0	0
0	0
0	0
0	4
0	0
3	149
0	0
21	163
0	0
0	0
0	0
0	0
4	0
6	1351
1	101
5	38
0	0
6	510
0	0
0	67
0	0
1	83
0	0
0	0
0	0
0	0
0	0
0	0
3	0
0	14
10	0
0	6
6	10642
1	0
0	0
0	0
0	1203
0	0
0	0
1	0
0	3
0	0
0	0
0	0
0	2124
0	0
0	0
0	0
0	1
0	0
0	61
0	0
0	0
0	3
0	0
0	0
0	0
0	1
0	0
1	0
0	0
0	0
0	0
0	0
0	0
11	8972
0	0
0	0
0	5
0	0
0	0
0	0
0	0
13	0
1	5
0	0
0	0
0	0
0	0
0	0
1	4
0	0
0	0
50	779
0	0
0	0
0	0
4	1
0	0
1	598
0	0
0	0
0	0
0	0
0	0
0	0
0	0
0	0
0	0
0	0
0	0
0	0
0	0
0	0
0	0
0	0
0	0
0	0
0	10
0	165
0	0
0	0
0	7
1	0
0	0
0	0
0	0
0	0
0	7
0	2
0	0
0	91
0	0
0	0
0	0
0	0
0	0
0	0
0	0
0	5
0	0
14	3115
0	0
0	0
0	0
0	0
0	0
1	1
0	0
0	0
0	0
0	0
0	0
3	4121
0	0
6	106
5	2430
0	0
0	0
0	0
11	1047
0	0
0	0
0	0
0	0
0	0
0	0
0	0
2	7
0	0
0	0
0	0
0	0
0	0
0	0
0	0
0	0
0	0
0	0
0	0
0	0
0	0
0	0
0	0
16	73
235	10989
2	0
0	51
0	0
0	40
0	0
0	0
1	0
0	0
0	3
0	126
0	0
0	0
1	0
15	4903
0	0
0	0
0	0
0	38
7	0
0	0
10	0
0	0
0	0
0	0
0	0
0	0
0	0
0	2497
0	0
0	0
0	0
0	164
0	2
0	0
0	0
0	0
0	0
0	0
0	0
0	0
0	0
0	0
0	0
0	0
0	0
0	31
0	0
0	0
0	0
0	0
0	0
0	0
0	1
0	0
0	0
0	0
0	1086
0	0
0	0
0	1
0	0
0	0
0	0
0	0
0	0
0	7
0	0
0	0
0	0
0	0
0	0
9	0
0	0
0	0
0	0
0	2
0	1
0	0
1	323
0	0
0	190
0	0
0	0
1	178
0	0
0	0
0	0
0	0
0	29
0	0
0	0
0	0
0	0
0	2
0	1
0	0
0	0
2	22
0	0
0	0
0	0
0	157
0	0
1	4
0	169
0	155
0	0
0	0
0	3
0	0
0	0
0	0
0	0
0	0
0	0
0	0
0	0
0	0
0	0
0	0
0	0
0	0
5	1986
15	887
0	0
3	29
0	0
0	0
0	0
0	0
0	0
0	0
0	0
0	0
0	0
0	0
0	3
26	2692
0	0
0	0
0	0
0	0
0	0
0	0
0	0
0	0
13	847
0	0
0	0
0	0
0	0
0	0
0	0
0	3913
0	0
0	0
0	0
0	128
2	801
0	0
0	2
0	0
0	0
0	378
0	0
5	3150
0	0
0	0
0	0
0	0
0	0
0	0
5	35
60	310
0	0
0	0
0	0
0	0
0	0
0	0
2	0
10	33
0	2
0	0
0	0
0	11
0	0
45	707
3	0
0	0
0	0
0	0
3	0
0	0
0	0
0	1
0	0
0	0
0	0
0	0
0	0
0	0
0	0
0	0
0	0
0	0
0	0
2	288
0	0
0	159
0	57
0	0
0	0
2	0
0	0
0	0
0	0
0	0
0	0
1	2
0	0
0	201
0	0
0	0
0	0
1	1894
0	0
1	0
0	0
0	236
0	0
0	0
0	0
11	0
0	0
0	0
0	0
0	0
1	162
30	1347
0	650
0	20
0	0
3	5
0	0
0	505
0	0
0	0
0	0
0	0
0	0
0	56
0	0
0	0
4	954
0	0
0	0
7	0
0	0
0	0
0	0
0	0
0	0
0	0
0	0
0	0
0	0
0	0
0	0
0	0
0	0
2	1128
2	30
0	0
0	0
0	0
0	125
0	0
0	0
0	0
0	0
0	0
0	4
0	0
0	0
3	0
0	0
0	0
0	857
1	994
0	0
0	0
0	0
0	0
0	0
11	10
6	11
0	0
17	4804
0	0
0	210
0	1
0	0
0	169
0	0
0	0
1	111
3	7573
0	0
0	0
0	13
0	0
0	0
0	53
0	0
1	0
0	0
0	17
0	0
10	0
0	8
0	0
0	0
0	17
0	0
0	0
0	103
0	0
0	0
644	6748
0	0
0	0
0	0
0	0
0	2
0	0
0	0
6	259
2	0
1	0
0	7
6	337
0	7017
0	11
0	0
2	0
0	0
0	0
0	0
0	0
0	0
0	0
0	0
2	66
0	0
3	0
0	0
0	0
0	0
0	0
0	488
2	881
0	5
0	0
3	0
0	0
0	0
6	0
0	0
0	0
0	0
1	32
0	0
2	14
0	0
0	0
0	47
4	235
0	0
13	2778
0	112
0	0
0	0
2	16294
0	0
0	0
0	0
0	0
5	46
21	146
0	0
0	2
0	0
0	2
0	5792
0	5664
0	1
0	0
13	920
0	0
1	0
0	0
0	0
0	0
0	0
0	0
0	0
0	0
164	2263
0	0
0	0
8	271
0	0
0	0
0	292
0	257
0	0
0	0
0	2
0	0
0	1
869	10128
0	0
0	511
2	35
0	0
1	20
0	0
0	68
0	0
0	0
0	0
0	0
0	0
3	431
0	0
0	14
0	16
3	0
1	4
0	0
4	4
13	2
0	0
0	0
2	0
0	0
1	1
0	322
0	0
0	0
0	0
0	0
0	0
0	0
0	0
0	0
0	0
0	0
0	17
7	0
0	0
0	83
0	0
0	0
0	0
0	0
0	0
0	0
0	0
0	0
0	7
0	0
0	0
0	0
0	0
0	0
2	0
0	0
0	0
0	0
0	0
0	0
0	0
0	16
0	0
0	0
0	0
0	0
0	0
67	16481
0	288
0	0
0	0
0	0
8	222
0	0
0	4
0	1
0	238
0	0
0	0
0	0
0	0
0	6
0	3
0	0
0	0
5	497
0	0
0	0
0	0
0	217
136	1906
0	0
1	208
0	0
0	0
0	0
0	0
16	22
0	0
0	0
0	0
0	0
0	0
0	0
10	959
0	0
0	0
1	0
0	0
0	5
0	19
19	0
0	0
0	4
0	0
1	99
0	0
0	12
0	0
0	0
0	0
0	0
0	0
0	0
1	9
0	0
0	0
0	0
0	0
0	0
0	0
0	0
0	0
10	0
0	0
0	0
0	0
0	0
0	0
0	0
0	0
0	0
8	0
0	1
262	849
0	0
0	0
0	0
0	0
0	0
0	275
0	0
8	11400
0	0
0	0
5	4183
0	0
0	0
0	0
0	0
11	1175
1	2
0	11775
0	7
0	0
0	2
1	10
0	0
0	0
1	0
0	0
0	10
0	0
20	371
0	0
29	286
23	146
0	0
0	6
0	0
0	0
0	0
0	0
0	0
0	0
0	0
0	0
0	0
0	0
0	0
0	0
0	0
0	0
0	0
1	0
0	0
0	0
2	0
0	0
0	0
0	0
2	129
0	0
0	0
0	0
0	0
0	0
0	0
1	0
0	2
0	0
0	0
0	0
0	0
0	425
2	0
0	0
0	0
0	4
0	24
0	0
0	0
0	0
0	0
3	591
0	0
2	0
0	1
0	0
0	364
0	0
14	1583
0	0
0	0
0	0
0	2
0	33
4	162
3	8
0	0
0	0
0	86
0	11
0	0
0	0
0	0
1	1
0	0
0	0
0	0
0	0
0	0
0	0
0	4
6	962
0	0
0	0
7	0
0	0
0	0
1	803
0	17
0	32
0	0
0	0
1	0
0	0
0	0
14	25
0	0
4	20
0	0
0	0
0	0
0	0
0	0
0	0
0	0
0	0
0	0
0	0
0	120
0	0
0	1220
0	0
0	0
0	0
15	17
0	0
0	0
3	160
0	7
0	0
0	25
33	9665
92	833
0	0
0	0
0	0
0	34
0	0
0	0
379	2037
0	0
29	30
2	0
0	0
0	0
0	0
0	0
0	0
0	10
0	0
0	0
0	0
0	0
0	0
0	0
0	0
0	0
0	0
0	0
0	0
0	0
0	0
1	14
3	8739
0	0
0	0
0	0
0	0
5	737
0	10
0	0
0	0
0	0
0	6
0	0
0	0
0	0
0	0
0	0
0	0
2	113
0	0
0	7
0	0
0	0
0	0
0	0
1	5980
0	0
2	0
0	0
0	0
0	0
0	0
0	0
0	49
0	0
0	0
1	626
0	3
0	0
0	0
0	0
0	0
4	0
0	0
0	0
0	0
0	0
0	0
0	0
0	0
0	0
0	0
2	270
0	0
0	0
0	0
0	0
0	0
3	0
5	368
0	7
0	7
0	0
0	0
0	0
0	0
0	0
0	0
2	0
0	0
0	0
0	0
3	0
0	0
0	0
0	35
2	139
0	0
2	3748
0	0
0	0
0	0
0	6
0	2173
0	0
0	0
0	170
0	0
0	0
0	0
0	0
0	0
0	0
0	0
0	0
0	512
0	0
0	0
6	23
0	0
0	0
0	0
0	0
12	0
0	0
0	0
0	0
0	0
0	17
0	0
1	23
0	0
0	0
0	0
0	0
0	0
0	0
1	0
2	130
0	0
0	0
0	0
0	85
8	1889
0	0
0	133
0	0
0	0
0	0
0	0
0	0
0	0
0	0
0	0
0	0
11	5386
0	0
0	0
0	0
0	0
0	0
438	1009
0	0
0	0
0	0
0	0
0	0
0	0
0	0
8	5548
0	0
0	0
0	684
0	0
0	0
0	0
0	0
0	0
0	0
0	508
0	0
0	0
0	0
0	0
0	0
0	0
0	0
0	11
0	0
0	0
0	0
0	0
0	0
0	0
0	0
0	0
0	0
0	0
2	729
0	0
0	0
0	0
0	0
0	0
5	189
0	0
0	0
0	0
0	57
0	0
0	0
0	0
0	0
0	5
0	0
0	7
0	0
0	0
0	0
0	0
0	11755
0	0
7	0
0	0
0	0
0	0
0	0
0	0
0	0
0	1564
0	0
55	508
4	0
171	566
0	0
0	0
0	0
0	7
0	0
0	0
0	0
0	0
0	683
201	5298
0	0
0	22
0	0
0	0
0	0
0	3
1	1
0	0
0	635
0	0
0	0
0	0
0	0
0	0
0	4
2	0
0	0
0	2
0	0
0	0
0	31
0	0
0	0
0	281
0	0
3	5673
0	0
0	6
0	151
16	506
16	105
0	0
0	0
0	0
0	0
0	0
0	0
0	0
0	61
0	1592
0	0
0	0
0	0
0	0
0	72
0	0
0	17
2	100
3	39
0	0
0	0
0	0
0	0
3	202
16	65
0	0
0	0
0	0
0	0
0	0
2	1797
0	0
4	2950
0	0
0	0
0	0
0	0
13	548
0	0
0	0
0	0
0	0
0	0
0	0
0	5
0	0
0	0
0	0
0	0
0	0
0	47
0	0
42	700
0	0
0	0
0	0
0	0
0	373
0	0
0	7
0	0
0	0
31	126
4	0
6	0
4	6
0	0
0	0
0	0
0	0
0	0
0	0
0	0
1	7
0	0
1	143
0	0
0	0
0	0
0	0
0	0
0	0
0	5163
0	0
0	0
6	0
0	63
0	0
0	0
0	0
0	2384
0	0
0	0
0	0
0	0
0	0
0	16
0	0
0	0
0	0
0	0
0	0
0	0
0	0
0	0
0	0
0	0
0	0
0	0
0	0
0	0
0	0
0	0
8	3490
0	0
0	0
0	0
0	0
0	0
0	0
0	0
0	0
0	0
0	0
0	0
0	0
1	655
0	0
0	0
0	0
0	0
0	0
6	705
0	0
0	0
0	0
0	0
0	0
0	197
0	0
0	0
0	0
0	0
0	0
0	50
0	0
0	0
10	7914
0	0
0	2
0	0
0	0
0	0
0	0
0	0
0	0
0	0
0	0
0	0
0	0
2	0
27	273
3	643
0	4
0	0
0	0
0	1
3	1
44	523
0	63
0	0
0	0
0	0
0	0
0	141
0	32
0	0
0	0
4	1
0	2
0	0
0	0
0	0
0	0
1	0
0	0
0	0
0	0
0	0
0	0
12	0
2	372
0	0
0	0
0	0
0	0
0	0
0	0
5	98
3	321
0	0
0	21
0	0
0	0
0	0
0	0
0	0
0	0
0	1887
0	0
0	0
0	0
0	0
0	0
0	0
0	0
17	267
0	0
0	0
0	0
0	0
0	0
0	1
0	0
0	0
0	0
0	0
0	0
0	0
0	0
0	194
1	0
0	0
6	711
0	0
0	1777
0	0
0	0
0	0
0	0
0	0
1	76
0	0
0	0
0	131
0	43
0	0
0	0
0	0
0	0
0	0
0	0
14	1
0	150
0	142
0	0
0	0
0	0
0	0
0	3742
4	20
0	0
0	0
0	30
0	0
0	0
0	0
152	903
0	0
0	0
0	0
0	0
0	0
0	6
1	146
0	0
0	0
0	0
0	0
0	0
0	0
0	323
0	0
0	0
10	202
0	0
0	0
0	0
0	0
0	34
0	0
0	0
0	0
0	0
0	31
0	0
0	0
25	854
0	0
0	0
0	67
1	202
0	0
0	33
0	0
0	6837
9	8360
0	0
0	0
0	0
0	0
0	0
0	0
0	0
0	7
0	0
0	0
3	278
0	0
0	0
0	0
0	0
0	0
0	0
25	3
0	0
0	0
0	0
0	157
0	0
0	0
0	0
0	0
0	0
0	0
0	0
0	0
0	0
16	223
0	21
0	0
0	0
0	0
0	0
0	0
0	0
0	0
0	0
0	0
0	0
0	0
0	0
0	0
0	0
0	0
0	0
0	0
0	0
0	0
0	0
0	0
0	0
0	0
0	0
0	0
0	0
0	0
0	0
0	3
0	0
0	48
0	0
0	0
0	0
0	0
20	0
0	0
0	0
0	0
0	0
0	0
0	0
1	2605
0	0
0	81
0	22
0	0
0	198
0	0
0	0
0	0
0	0
0	0
0	0
0	0
1	20
0	0
0	0
0	0
0	0
194	3981
0	0
0	0
0	0
0	587
0	0
0	0
0	0
0	0
0	0
0	0
801	40422
0	0
4	10750
0	0
0	0
0	0
2	0
0	0
0	0
8	681
0	6
0	0
0	0
0	0
0	237
0	0
4	5689
0	0
0	1
0	0
0	0
2	0
0	0
1	0
1	0
0	0
0	0
0	0
0	0
0	0
2	369
28	359
0	0
0	0
0	42
0	0
0	0
1	289
8	1970
0	0
0	0
0	0
0	0
0	0
0	4
0	0
0	0
0	0
1	211
0	0
0	0
0	0
0	0
0	0
0	0
0	0
0	0
0	0
0	0
0	0
0	0
0	0
0	0
0	52
0	1
0	0
29	114
0	0
0	1
0	0
0	0
0	0
0	0
1	48
0	0
5	5
0	0
0	0
0	0
0	0
0	0
0	0
0	0
0	0
0	0
0	0
0	0
0	0
0	0
73	0
0	1
0	79
1	719
0	0
0	0
2	214
0	179
0	0
4	342
0	0
0	0
0	0
0	481
0	0
0	0
1	0
0	2
20	18
0	23
0	0
0	0
0	0
0	3
0	125
0	0
0	0
0	0
0	2
0	0
0	0
0	0
0	0
0	0
0	0
0	0
0	0
4	1
0	0
4	18
2	2499
0	0
0	0
0	0
0	0
0	0
0	0
0	20
0	0
0	0
0	0
46	1341
0	1
0	0
0	27
0	0
0	0
0	2
0	0
0	349
0	0
0	0
0	0
0	0
0	0
0	0
1	202
0	0
0	0
0	0
0	0
34	3080
0	0
29	3449
0	0
0	0
0	0
0	0
0	0
0	9
1	0
0	1944
0	0
0	0
0	0
0	0
0	97
0	0
0	0
0	0
0	0
0	337
0	0
0	0
1	706
0	0
0	0
0	0
0	0
0	0
0	0
0	51
0	0
0	0
0	0
0	27
0	0
0	101
0	4
0	0
1	0
0	0
0	0
0	0
0	0
0	0
454	2065
0	0
0	0
0	0
0	0
0	0
0	0
0	0
0	0
0	0
0	0
0	1121
0	0
5	25
1120	20262
0	1
0	0
2	0
0	0
0	0
0	0
0	0
0	0
1	611
0	0
10	10
11	0
0	0
0	32
0	0
2	0
0	0
13	7291
0	0
0	0
0	0
0	0
0	0
0	0
0	0
0	0
0	0
0	0
0	0
0	0
0	2
0	0
0	0
38	573
0	2
0	0
0	0
0	0
2	51
0	75
0	0
0	0
0	0
0	2
0	0
0	1002
0	12
0	0
0	0
0	0
0	0
0	0
0	0
9	1594
0	0
0	0
2	2285
0	38
0	0
0	0
0	0
0	274
0	0
0	0
0	0
0	0
0	0
0	0
0	1
0	0
0	0
0	8
0	115
1	218
0	0
0	0
0	2
0	0
0	0
0	0
0	2
0	37
0	0
0	0
0	0
0	0
0	0
0	0
0	0
0	13
0	0
0	15
0	18
86	3863
0	0
0	0
0	0
1	0
0	0
0	0
0	0
0	103
0	0
0	0
0	0
0	8657
0	0
0	0
0	0
0	0
0	2
0	0
0	0
0	0
0	0
0	0
0	0
0	0
0	0
0	0
0	0
0	0
0	0
2	28
0	23
0	0
0	0
0	0
0	0
0	0
0	0
3	9744
0	0
0	0
0	0
0	0
0	0
0	0
0	0
0	0
0	0
2	0
0	0
1	0
0	0
1	0
2	9
3141	1546
0	0
0	0
0	0
2	0
0	0
0	0
15	56
0	1
6	0
0	0
8	805
0	0
0	1
0	0
1	0
0	0
0	0
0	0
0	0
0	0
0	0
0	0
0	158
0	0
0	0
2	1220
0	0
0	0
0	0
0	0
0	0
0	0
2	4208
0	0
0	0
0	0
0	0
3	184
8	0
0	0
0	0
0	0
0	0
0	0
0	0
0	15501
0	9
0	0
0	0
0	21
6	0
0	0
0	0
73	73
0	0
0	0
2	0
0	0
0	0
0	0
0	0
8	0
0	0
0	1
1	0
0	2
0	0
0	0
0	0
0	0
0	0
0	0
0	0
0	0
151	0
0	0
0	0
0	0
0	0
0	0
0	0
0	200
1	0
0	0
0	0
0	0
0	0
0	0
0	0
0	0
8	0
0	6
0	0
0	1236
0	0
0	0
0	0
0	3086
2	3
0	0
0	23
13	1768
0	0
0	0
0	123
4	0
1	0
0	0
0	6
0	0
18	293
5	2
0	1
0	0
0	0
0	0
0	4
0	0
0	0
0	0
0	0
0	0
1	301
10	106
0	0
0	0
0	0
0	0
0	0
0	0
0	0
6	0
0	0
0	0
0	0
0	0
0	0
0	0
0	0
0	0
0	0
0	0
0	0
0	211
0	0
0	0
0	0
0	0
0	22
0	0
0	0
0	0
0	0
0	0
0	0
1	0
0	0
5	66
0	0
0	0
0	0
0	0
1	0
3	321
0	0
0	0
0	0
0	5
0	0
0	99
0	0
0	0
0	0
2	1
0	0
0	0
0	0
0	0
2	0
0	0
0	0
0	0
0	0
0	0
0	0
0	0
0	1230
0	7132
7	8
0	0
0	0
0	162
0	0
0	0
0	0
3	549
0	2
0	0
0	0
0	0
0	0
0	0
0	360
0	0
0	0
0	0
0	0
0	0
1	290
0	0
0	0
0	0
0	0
0	0
0	0
0	0
17	111
0	0
0	0
2	0
0	0
0	0
0	0
0	2
0	0
0	0
0	0
0	0
0	0
0	1
1	0
0	4044
0	0
0	0
0	0
0	364
0	2
0	3
0	0
0	0
0	0
0	0
0	0
0	0
0	0
0	0
0	0
0	0
0	7
0	0
0	0
0	0
0	0
0	0
0	0
0	0
0	0
0	3
0	412
0	0
0	0
0	0
0	0
0	0
1	52
0	0
0	0
0	0
0	0
251	4582
0	0
0	0
0	0
4	6326
0	1
0	35
3	2458
1	18
0	0
0	0
0	0
0	0
0	0
0	0
0	3
0	0
0	0
0	0
2	243
0	0
0	0
1	0
1	272
0	0
0	21
0	0
1	62
0	0
0	47
1	0
0	0
0	0
0	0
0	44
1	0
0	3
0	0
0	0
0	0
0	0
2	85
0	0
0	0
0	0
0	0
0	0
1	0
0	0
46	18
0	0
0	0
0	0
0	0
0	0
0	0
0	93
0	0
0	0
0	0
0	0
0	0
0	0
32	4759
0	0
0	4
0	0
1	279
0	0
0	48
0	0
77	125
0	0
0	0
0	0
0	0
0	0
5	72
0	0
0	6
0	3
0	0
0	0
2	0
0	0
0	2
0	0
0	0
1436	1151
0	0
0	0
0	0
0	0
6	1
0	0
0	1
60	2
0	337
0	0
0	24
0	0
0	0
0	0
0	0
0	0
0	0
0	0
0	0
2	2
0	85
0	14
1	2209
0	0
0	0
0	0
0	0
0	0
0	0
0	0
0	0
2	5971
0	0
0	5
0	0
0	0
0	0
0	0
0	0
2	0
0	0
0	0
1	0
0	0
0	0
855	4327
0	0
0	0
0	0
0	37
0	0
0	561
0	8
0	186
30	263
2	636
0	0
0	1
0	0
2	48
0	1
0	5
0	0
0	0
0	77
2	9
0	24
7	49
0	0
3	1189
0	0
0	0
0	0
0	1
0	0
0	5
0	0
0	0
0	1606
0	0
0	1606
0	0
0	0
0	0
0	0
7	0
0	0
0	0
0	14
4	0
0	0
0	0
0	0
0	0
0	0
0	0
0	0
0	0
0	0
0	0
0	0
0	4
0	0
3	0
0	0
0	0
0	16
0	0
0	0
0	0
0	0
0	0
0	0
0	0
0	50
0	0
0	294
0	19
8	47
370	1087
0	0
0	0
0	0
0	0
0	0
0	0
0	0
1	3906
0	0
1	180
0	0
0	0
0	0
0	0
0	13
0	0
27	2424
0	0
0	0
0	0
0	0
0	0
2	8
7	0
0	0
0	0
0	0
0	0
0	0
0	0
0	0
0	0
0	0
22	2227
0	0
0	0
0	0
0	0
2735	6129
0	9
0	0
2	0
0	0
0	26
0	0
0	0
0	0
0	0
0	0
0	0
0	0
0	0
0	0
0	545
1	982
0	0
0	0
0	0
0	0
11	2261
0	0
0	0
0	0
0	0
1	59
210	139
25	54
0	6
3	4
0	1
689	156
0	124
0	0
0	197
0	3
34	202
0	0
0	0
0	0
1	14
0	0
0	39
7	619
0	0
0	0
0	0
2972	1115
0	0
4	1748
0	0
4	34
0	0
0	0
1	8
3	2
0	1040
17	75
0	0
0	0
23	102
0	0
0	0
0	136
0	0
0	0
0	12
0	0
0	669
0	55
0	0
0	0
0	0
0	29
0	0
0	0
3	848
0	0
0	0
0	0
0	13
0	0
0	0
0	0
0	0
4	3903
0	653
0	0
1	19
28	195
0	10541
0	0
0	1
0	0
2	2
0	0
0	0
0	0
1	379
0	0
0	0
0	0
1	0
19	0
0	0
34	432
0	0
0	0
0	0
0	0
0	0
0	0
0	0
0	0
8	2
0	1636
10	28
0	34
6	6
0	0
0	6
0	0
0	1
0	0
0	0
0	0
1	0
5	352
13	78
0	0
0	0
0	0
0	0
0	0
6	348
3	403
0	0
0	0
0	0
5	0
0	0
0	0
0	0
0	0
0	0
0	0
0	0
1	12
0	0
11	1351
0	0
0	0
0	2
0	141
71	349
0	0
0	0
0	0
0	0
0	0
0	0
0	0
0	0
0	0
0	0
0	0
0	2
0	0
0	0
0	0
0	0
0	0
0	0
0	0
0	686
0	0
4	0
0	0
24	5484
0	147
0	0
0	0
1	0
0	0
0	0
0	3
0	0
0	0
0	0
1	181
0	0
1	0
0	0
0	0
0	1
0	0
0	0
5	1548
0	0
0	46
0	0
0	0
0	0
0	0
0	0
0	0
0	5
29	146
0	0
0	0
0	0
1	8
0	0
0	0
0	0
102	4972
0	0
0	0
0	23
0	39
1	18
0	0
2	91
0	0
0	0
0	0
0	0
0	0
4	36
0	0
0	0
0	0
0	0
0	0
0	0
0	0
0	0
0	0
0	0
0	838
0	1
0	0
0	0
0	0
0	0
0	0
0	0
0	0
0	0
11	1293
0	0
0	0
0	0
0	0
0	0
0	0
0	0
0	0
0	0
0	15
26	2091
0	0
0	0
0	0
0	0
0	0
0	0
0	58
0	0
0	0
0	0
1	21
0	0
1	8
0	0
0	0
0	0
0	0
5	0
0	0
0	0
0	0
0	103
0	0
0	0
0	0
0	0
0	0
0	0
0	0
0	15
0	6
0	0
0	0
0	0
0	2514
0	0
0	94
0	2
0	0
0	0
0	0
0	0
0	0
0	0
0	23
0	0
0	0
1	4823
0	0
5	7
0	0
0	0
0	0
0	0
1	100
0	0
0	0
0	0
0	0
0	0
29	0
0	310
0	0
0	0
0	0
0	0
0	0
0	0
0	0
0	0
0	0
0	0
0	0
0	137
0	0
0	0
0	0
0	0
0	0
0	0
0	0
0	0
0	0
1	64
9	8
0	0
0	0
0	0
0	0
0	0
0	0
0	0
0	0
0	0
0	0
1	13
0	0
0	0
0	388
3	2
0	0
0	0
0	0
0	0
0	8
0	0
0	0
0	28
0	74
0	89
0	0
0	0
0	0
0	19
0	0
0	0
2	0
0	0
0	11
0	0
1	1
39	7
0	0
1	0
0	0
0	0
0	0
0	0
2	38
0	0
0	0
31	33
0	0
0	1410
0	0
0	0
0	0
0	0
5	0
1	2244
0	0
0	8
0	0
0	0
0	0
0	0
0	0
0	0
0	0
0	0
0	0
0	0
0	41
0	0
0	0
0	0
0	0
0	0
0	0
0	0
0	0
0	0
0	0
0	0
0	0
0	0
0	0
0	0
0	0
0	0
0	0
0	0
0	0
0	0
0	0
0	0
0	0
0	0
0	0
0	0
0	0
0	0
0	0
0	0
0	2
0	65
0	0
0	0
0	0
3	0
2	87
0	0
0	0
0	0
0	0
0	17
0	0
0	0
0	0
0	0
0	0
0	0
0	0
0	0
1	72
0	0
0	0
0	0
2	255
0	0
0	0
0	0
0	0
0	0
0	3
0	0
0	0
0	0
3	0
0	0
1	27
0	0
0	0
0	0
0	0
0	0
0	52
0	0
0	0
1	9
7	1904
0	0
3	1336
0	0
8	6712
0	0
0	21
0	0
0	0
0	0
0	0
0	0
1	70
0	0
0	0
0	0
0	0
0	0
0	0
0	0
0	0
1	44
2	0
0	0
0	0
4	71
0	0
0	0
0	0
0	0
0	0
0	0
0	0
0	0
0	0
0	0
102	430
0	0
0	0
0	0
4	0
0	0
1	0
0	0
1	1872
0	0
0	1
3	309
55	683
11	1139
0	0
0	0
3	253
0	2
0	117
0	0
0	0
0	0
0	0
0	0
0	0
0	0
2	2
0	1
0	0
0	31
0	1
0	0
0	0
0	0
0	35
0	908
0	0
0	0
0	0
0	1
0	0
0	0
15	3
0	0
0	0
0	0
0	0
0	0
0	1
0	0
0	0
2	1254
0	0
0	0
0	0
0	0
0	196
0	0
0	0
0	5
0	0
0	0
0	0
0	5
0	0
0	0
0	0
0	0
0	0
0	0
0	0
0	0
0	876
0	0
0	0
0	0
0	0
0	1
0	0
0	0
0	0
0	0
0	0
0	0
0	0
0	0
0	1677
0	5
0	0
0	0
0	0
0	0
0	0
0	0
0	0
0	0
0	0
0	0
0	0
0	0
0	0
0	0
0	0
0	0
0	0
0	0
0	0
0	0
0	0
0	0
1	0
0	0
0	0
0	0
0	0
0	0
0	0
0	0
0	0
0	0
0	0
0	0
0	0
0	0
0	0
0	0
0	0
5	0
0	0
0	0
0	0
0	0
0	0
0	0
0	0
0	0
0	0
0	0
0	0
0	0
19	9
1	9
0	0
3	0
0	0
0	0
2	0
12	31
0	1
0	0
20	0
1	940
0	4373
160	146
0	141
1	5
0	70
0	0
81	833
0	833
0	64
0	53
6	1663
0	1329
3	4232
0	4004
0	0
0	0
0	0
0	0
1	0
0	0
0	0
0	0
0	0
0	0
0	0
0	0
0	0
0	0
0	0
0	0
0	0
0	0
18	4
1	4
0	0
0	0
97	18605
0	0
1	34
1	86
0	84
0	541
0	120
3	314
0	0
1	0
0	0
0	0
3	11
0	11
4	0
3	0
0	0
9	6
0	4
54	130
0	55
0	109
0	0
0	0
0	2
0	2
0	0
0	0
0	533
1	534
0	0
0	0
0	1
0	0
0	0
0	6
0	6
9	71
0	71
0	0
0	0
5	0
0	0
0	0
0	0
0	0
0	0
0	0
0	0
0	0
0	0
0	0
0	0
0	0
0	0
0	2
0	0
0	1
0	1
3	5
0	4
2	0
0	0
0	0
0	0
0	0
0	0
0	3
0	2
0	0
0	0
0	0
0	0
0	0
0	0
0	0
0	0
0	0
1	582
0	233
0	105
0	39
0	0
0	44
23	0
0	0
0	1
0	0
0	0
0	0
40	495
0	0
0	0
0	0
0	0
0	0
0	0
0	0
0	0
0	0
0	0
0	0
0	0
0	0
0	0
0	8
0	8
6	6
0	6
0	0
0	0
0	0
0	0
0	0
0	0
0	0
0	0
0	0
0	0
0	0
0	0
3	0
0	3
4	3
1	0
0	0
0	0
0	0
0	0
0	0
0	0
0	0
0	0
0	0
0	0
0	355
0	355
0	355
0	2
0	0
0	0
0	0
0	0
32	13
0	4
0	8969
0	8669
0	4
0	5
3	42
0	31
1	0
0	0
0	0
0	0
0	0
0	0
0	3001
0	13
0	13
0	1341
0	1341
0	1316
0	0
0	0
0	0
0	0
0	0
0	0
0	0
0	14765
5	8409
0	10155
3	99
0	76
0	0
0	0
1	1456
0	2476
7	374
0	0
0	1
0	1
0	0
0	2
0	2
0	0
0	0
0	0
0	0
0	1
0	1
0	8
0	8
0	3
0	3
0	3
0	131
0	110
0	0
0	0
0	0
28	4
0	4
16	0
0	0
0	0
0	0
0	0
0	0
0	0
0	0
0	0
0	0
0	0
0	717
0	665
7	3
2	3
0	0
0	4
0	4
6	0
0	0
0	0
0	119
0	45
0	6
0	0
2	0
0	0
0	0
0	1789
0	0
0	0
0	0
0	0
0	0
0	0
0	74
5	461
0	11889
0	11775
0	0
0	6939
0	0
0	0
0	0
0	0
0	1
0	0
0	0
1	964
0	56
0	10
0	0
0	0
0	8572
0	6661
0	2
0	2
0	0
0	242
0	0
0	0
3	174
0	79
0	0
0	0
3	3
0	8
5	3
0	3
0	75
0	75
0	69
0	0
0	1
0	1
4	115
0	1643
0	0
0	0
0	107
0	852
0	550
0	0
0	0
0	0
0	0
0	0
0	0
0	0
0	0
5	0
0	0
0	0
35	1
0	250
9	279
0	0
0	0
20	0
0	0
0	0
0	0
0	0
0	585
0	133
0	0
0	53
0	39
9	4229
0	3621
0	470
0	2
0	2
0	0
0	0
0	0
0	0
0	0
2	0
0	0
0	0
0	0
4	0
5	3302
1	3300
0	2790
0	0
0	0
0	13
0	13
0	0
0	0
0	0
0	0
0	0
0	0
0	18478
0	16167
8	2
0	0
0	2
0	0
0	0
0	0
0	0
0	2544
0	2544
0	0
0	0
0	0
0	0
0	0
0	0
0	0
0	1
0	0
0	0
0	0
22	0
0	5
0	3
72	50
11	172
0	0
0	0
0	0
0	0
0	0
0	0
28	4
0	4
0	0
0	0
0	71
0	71
8	1
1	4
3	1
0	1
1	0
186	3996
0	3141
0	0
0	0
0	0
0	0
0	0
0	0
0	0
4	0
0	611
0	574
9	450
0	62
0	0
15	2
0	0
0	0
0	0
0	0
2	18
0	4
61	14
0	1
0	1
0	0
6	1
0	0
0	0
0	7
12	0
0	0
0	218
0	136
0	57
4	1
33	1
0	0
0	0
0	0
1	0
0	0
0	0
0	0
0	0
0	0
0	0
0	0
0	0
1	76
0	0
0	0
0	0
0	220
1	1352
0	0
0	0
1	29
0	0
17	136
1	119
0	0
0	0
0	0
0	0
0	0
0	0
0	6
0	5
0	0
0	0
0	0
0	0
0	0
4	4269
0	0
0	0
0	0
0	0
0	0
0	0
0	10
0	10
0	0
0	0
0	0
0	0
0	0
0	0
0	784
0	406
0	1675
0	1675
4	1
20	15
6	2
4	26
0	0
0	0
0	0
0	0
0	1
0	0
3	2
0	12
0	0
1	0
0	0
0	0
0	0
0	0
0	0
0	0
1	10
0	10
0	8
0	0
0	0
0	0
12	6
0	6
0	0
2	0
0	1
0	1
0	0
0	0
0	0
0	2
0	2
0	0
0	0
0	0
0	1
2	1
1	8
0	2540
0	4253
2	3
0	0
9	31
2	27
1	4
0	0
0	0
0	0
12	4554
190	4190
12	4
0	4
0	0
0	0
0	0
0	0
0	0
0	0
7	16405
0	13703
2	2580
0	2575
0	7
0	0
0	0
0	0
0	0
0	0
0	0
0	0
0	0
0	3
0	0
0	0
0	0
0	0
0	0
0	0
0	0
0	2
0	0
0	0
0	0
0	0
0	0
0	0
0	0
0	0
0	0
0	0
0	0
0	0
0	0
0	0
0	0
0	0
0	0
0	0
0	0
0	0
0	0
0	0
0	0
0	0
0	0
0	0
0	0
0	0
0	1
0	0
0	0
0	0
0	1
0	0
0	0
0	0
0	0
0	0
0	0
0	0
0	0
0	0
0	0
0	0
0	0
0	0
0	0
0	0
0	0
0	0
0	0
0	0
0	0
0	0
0	0
0	0
0	0
0	0
0	0
0	0
0	0
0	0
1	0
0	0
0	0
0	0
0	0
0	0
0	0
0	0
0	0
0	0
0	12
0	0
0	0
0	0
0	0
1	0
0	0
0	0
0	0
0	0
0	0
0	0
0	0
0	0
0	0
0	0
0	0
0	0
0	0
0	0
0	0
0	0
0	0
0	0
0	0
0	0
0	0
0	0
0	0
0	0
0	0
0	0
0	0
0	0
0	0
0	0
0	0
0	0
0	0
0	0
0	0
0	0
0	0
0	0
0	0
0	0
0	0
0	0
0	0
0	0
0	0
0	0
0	0
0	0
0	0
0	0
0	0
0	0
0	0
0	0
0	0
0	0
0	0
0	0
0	0
0	0
0	0
0	0
0	0
0	0
0	0
0	0
0	0
0	0
0	0
0	0
0	0
0	0
0	0
0	0
0	0
0	0
0	0
0	0
0	0
0	0
0	0
0	0
0	0
0	0
0	0
0	0
0	0
0	0
0	0
0	0
0	0
0	0
0	0
0	0
0	0
0	0
0	0
0	0
0	0
0	0
2	26
0	0
0	0
0	2
0	4
0	0
0	0
0	3
0	0
0	4
0	17
0	0
0	10
0	4
0	1
0	1
0	25
0	0
3	17
10	36
0	0
8	18
0	20
0	14
4	8
19	0
0	0
0	1
0	3
0	2
12	1
0	0
0	0
0	0
0	0
0	0
0	0
0	0
0	0
0	0
0	0
0	0
0	0
0	0
0	0
0	0
0	0
0	0
0	0
0	0
0	0
0	0
0	0
0	0
0	0
0	5
0	0
0	0
0	0
2	108
0	0
0	0
0	0
0	0
0	0
64	199
0	0
0	0
0	0
0	0
0	0
0	0
0	0
3	0
0	0
0	0
0	0
0	0
1	1
0	0
0	0
1	0
0	0
0	0
0	0
0	0
0	0
0	0
0	0
0	0
0	0
0	0
0	0
0	0
0	0
0	0
0	0
0	0
18	1152
0	0
0	67
0	0
0	0
0	0
0	0
0	0
0	0
0	0
0	0
0	0
0	0
0	0
0	0
0	0
0	0
0	0
0	0
0	0
0	0
0	7
0	0
0	0
0	73
0	0
0	0
0	0
0	5
0	0
3	0
8	839
0	0
0	0
0	0
0	0
0	0
0	0
0	0
0	0
0	0
0	0
0	0
0	0
0	0
0	7
0	0
0	0
0	0
0	0
0	0
0	0
0	0
0	0
0	0
0	0
0	0
0	0
0	0
0	0
0	0
0	0
0	0
0	0
0	0
0	0
0	0
0	0
0	0
0	0
0	0
0	0
0	0
0	0
0	0
0	0
0	0
0	0
0	0
0	0
0	0
0	18
0	0
0	0
0	0
0	0
0	0
0	0
0	0
0	0
0	0
0	0
0	0
0	3
0	0
0	0
0	0
0	0
0	0
0	0
0	0
0	776
0	0
0	0
0	0
0	0
0	0
0	0
0	0
0	0
0	0
0	5
0	0
0	0
0	0
0	11
0	0
0	0
0	0
0	4
0	0
0	0
0	0
0	0
0	0
0	0
0	0
0	0
0	0
0	0
0	0
0	0
0	0
0	0
0	0
0	0
0	0
0	0
0	0
0	0
0	0
0	0
0	0
0	0
0	0
0	0
0	18
0	0
0	0
0	0
0	0
0	0
0	0
0	0
0	0
0	28
0	0
0	0
0	0
0	0
0	0
0	0
0	0
0	0
0	0
0	0
0	0
0	0
0	513
0	0
0	0
0	0
0	0
0	0
0	0
0	0
0	0
0	0
0	0
0	0
0	0
0	0
0	0
0	0
0	0
0	0
0	0
0	0
0	0
0	0
0	0
0	0
0	0
0	0
0	0
0	0
0	0
0	0
0	0
0	0
0	0
0	0
0	0
0	0
0	0
0	0
0	0
0	0
0	0
0	0
0	0
0	0
0	0
0	0
0	0
0	0
0	0
0	0
0	0
0	0
0	0
0	0
0	0
0	0
0	0
0	0
0	0
0	0
0	0
0	0
0	0
0	0
0	0
0	0
50	4
0	0
0	0
0	0
0	0
0	0
0	0
0	0
0	0
0	9
0	0
0	0
0	0
12	2
0	0
0	0
0	0
0	0
0	0
0	0
0	0
0	0
0	0
0	0
0	0
0	0
0	0
0	0
0	0
0	0
0	58
0	0
0	0
0	0
0	0
0	0
0	0
0	0
0	22
0	0
0	0
0	0
0	0
0	0
0	0
0	0
0	0
648	1681
0	0
0	117
0	0
0	0
0	0
0	0
18	7
0	0
0	0
0	0
0	0
0	0
8	23
0	0
0	0
0	0
0	0
0	0
0	0
0	0
0	0
0	0
0	0
0	0
0	0
0	0
0	0
0	0
0	0
0	0
0	0
0	0
2	0
0	0
0	0
0	0
0	0
0	0
0	0
0	0
0	0
0	0
0	0
0	0
0	0
0	0
0	0
0	0
0	0
0	0
0	0
0	0
0	0
0	0
4	8
16	4
0	0
0	28
33786	32181
0	0
0	0
0	0
6459	301
1987	17042
0	0
0	0
0	0
0	0
0	0
0	0
0	0
0	0
0	0
0	2
0	8
0	0
0	0
0	0
0	0
141	316
0	0
0	0
0	0
0	0
0	2
0	0
0	0
0	0
4	6
0	0
3	10
0	0
0	0
0	0
0	0
0	0
0	0
0	0
0	0
0	0
0	0
0	0
0	0
0	0
0	0
0	0
0	0
0	0
0	0
0	0
7	16
0	0
2	37
0	0
0	0
0	8
0	0
0	0
0	0
0	0
0	0
0	0
0	0
0	0
0	0
0	0
0	0
0	0
0	0
0	0
0	0
0	0
0	0
0	0
0	0
15	384
0	0
0	0
0	0
0	0
0	0
0	0
0	0
0	0
0	0
0	0
0	0
0	0
0	0
0	0
0	0
0	0
0	0
0	0
0	0
0	0
0	0
0	0
0	0
0	0
0	0
0	0
0	0
0	0
0	0
0	0
0	0
0	0
0	0
0	0
0	0
0	0
0	0
0	0
0	0
0	0
0	0
0	0
0	0
0	2
0	0
0	0
0	0
0	0
0	0
0	0
0	0
0	0
0	0
0	0
0	0
0	0
0	0
0	0
0	0
0	0
0	0
0	0
0	0
0	0
0	0
0	0
0	0
0	0
0	0
0	82
0	0
0	0
0	0
0	0
0	0
0	0
0	0
0	9
0	18
0	0
0	0
0	0
0	0
0	0
0	0
0	0
0	0
0	0
0	0
0	0
0	0
0	0
0	0
0	0
0	0
0	0
0	0
0	4
0	0
0	0
0	0
0	0
0	0
0	0
0	0
0	0
0	0
0	0
0	0
0	0
0	0
0	0
0	0
0	0
0	0
0	0
0	0
0	0
0	0
0	0
0	0
0	0
0	0
0	0
0	0
0	0
0	0
0	0
0	0
0	0
0	0
0	0
0	0
0	0
0	0
0	0
0	0
0	0
0	0
0	0
0	0
0	0
0	0
0	0
2	0
0	0
0	0
0	0
0	0
0	0
0	0
0	0
0	0
0	0
0	0
0	0
0	0
0	0
0	0
0	0
0	0
0	0
0	7
0	0
0	0
11	89
0	0
0	0
0	0
0	0
0	0
0	0
0	0
0	0
0	16
0	0
0	0
0	0
0	0
0	0
0	0
0	0
0	0
0	0
0	0
0	0
0	0
0	0
0	0
0	0
0	0
0	0
0	0
0	0
0	0
0	0
0	0
0	0
0	0
0	0
0	0
0	0
9	25
0	0
0	0
0	0
0	0
0	0
0	0
0	0
0	0
0	0
0	0
0	0
0	0
0	0
0	5
0	0
2	19
0	0
0	0
0	0
0	0
0	11
0	0
0	0
0	0
0	94
0	0
0	0
0	0
0	0
0	0
0	0
0	0
0	0
0	0
0	0
0	0
0	0
0	0
0	0
0	0
0	0
0	0
0	0
0	441
0	0
0	4
0	0
0	0
0	0
3	0
0	0
0	0
0	0
0	0
0	0
0	0
0	0
0	0
0	0
0	0
0	0
0	0
0	0
0	0
0	0
0	0
0	0
0	0
0	0
0	0
0	0
0	0
0	0
0	0
0	0
0	0
0	0
0	0
0	0
0	0
0	0
0	0
0	0
0	0
0	0
0	0
0	0
0	0
4	50
0	0
0	0
0	0
0	0
0	0
0	0
0	0
0	0
0	0
0	0
0	0
0	0
0	0
0	0
0	1
0	385
0	0
0	0
0	0
0	0
0	0
0	0
0	0
0	0
0	0
0	0
0	0
0	0
0	0
0	0
0	0
0	0
0	0
0	0
0	0
0	0
0	0
0	0
0	0
0	0
0	0
0	0
0	0
0	0
0	0
0	0
0	0
0	0
0	0
0	0
0	0
0	0
0	0
0	0
0	0
0	0
0	0
0	0
0	0
0	0
0	0
0	0
0	0
0	13
1	14
0	15897
0	4411
0	3803
0	0
0	0
3	29
0	0
0	41639
0	0
0	0
0	0
0	0
0	0
0	54724
0	0
0	0
0	0
0	0
1	0
0	0
2	0
0	0
0	0
0	0
0	0
0	0
0	36971
0	0
0	0
0	16985
0	0
0	0
0	0
0	0
0	0
0	0
0	0
0	7
11	47
0	0
0	0
0	15
0	0
0	0
0	0
0	16
0	0
0	0
0	0
0	0
0	0
0	0
0	0
0	0
0	0
0	0
0	0
0	0
0	0
0	0
0	0
0	0
0	0
0	0
0	0
0	0
0	0
0	0
0	0
0	0
0	0
0	0
0	0
0	0
0	0
0	0
0	0
0	0
11	4051
1	0
0	0
0	0
0	0
0	0
0	0
0	0
0	0
17	769
0	0
0	0
0	0
0	0
0	0
0	0
0	0
0	0
0	0
0	0
0	0
0	0
0	0
0	0
0	0
0	0
0	0
0	0
0	0
0	0
0	0
0	0
0	0
0	0
0	0
0	0
0	0
0	0
0	0
0	0
0	0
0	0
0	0
0	0
0	0
0	0
0	0
0	0
0	0
0	0
0	0
0	0
0	0
0	0
0	0
0	0
0	0
0	0
0	0
0	0
0	0
0	0
24	238
0	0
0	0
0	0
0	0
0	0
0	0
0	0
0	0
0	0
0	0
0	0
1	54
0	0
0	0
0	0
0	0
0	0
0	0
0	0
0	0
0	0
0	0
0	0
0	0
0	0
0	0
0	0
0	0
0	0
0	0
0	0
0	0
0	0
0	0
0	0
0	0
0	0
0	0
0	0
0	0
0	0
0	0
0	0
0	0
0	0
0	0
1	4
0	0
0	0
0	0
0	0
0	0
0	0
0	23
0	0
0	0
0	0
1	20
0	0
26	14
0	0
2	0
42	10
0	0
0	0
0	0
0	0
0	158
0	0
0	0
0	0
0	0
0	0
0	0
0	0
3	1
0	0
0	0
0	0
0	0
0	1
0	0
0	0
0	0
1	2
0	0
0	0
0	0
0	0
0	0
0	0
0	0
0	0
2	2
0	0
0	0
0	0
0	0
0	0
0	0
0	0
0	0
0	0
0	0
0	0
0	0
0	0
0	0
0	0
0	0
0	4
0	0
0	0
0	0
0	0
0	85
0	0
3	27
0	0
0	0
4	12
0	0
0	0
0	2
0	0
0	0
0	0
0	0
0	0
0	0
0	0
0	0
35	0
0	0
0	0
0	0
0	10
0	0
0	0
0	0
0	2
4	3
0	0
0	0
0	0
0	0
0	0
0	0
0	0
0	0
0	0
0	0
0	0
0	0
0	0
0	0
0	0
0	0
0	0
0	0
0	0
0	0
0	0
1	23
0	0
0	0
0	0
0	0
0	0
0	0
0	0
0	0
0	0
0	0
0	0
0	0
0	0
3	0
0	0
0	0
0	0
0	0
29	5
0	0
0	0
0	0
8	1311
0	0
0	1
0	0
0	0
0	0
0	0
0	0
0	0
0	92
0	0
12	12
0	0
0	0
0	0
0	0
0	42
0	0
0	0
0	0
0	0
0	0
7	15
0	0
0	0
0	0
0	0
0	0
0	0
0	0
0	0
16	150
5	9
0	0
0	0
0	0
0	0
0	0
0	0
0	0
0	0
0	0
0	0
0	0
0	0
0	0
3	517
0	1
0	0
0	0
0	0
0	17
0	0
0	0
0	2
0	0
0	0
0	0
0	0
0	0
0	0
0	0
0	0
0	0
0	0
0	18
0	0
0	0
0	0
0	0
0	0
0	0
0	0
0	0
0	0
0	0
0	0
0	0
0	6
0	0
0	0
0	0
0	0
0	0
0	0
0	0
0	0
0	0
0	0
0	0
0	0
0	0
1	494
0	0
0	0
0	0
0	0
0	1
0	0
0	0
3	1
0	0
0	0
0	0
0	0
0	0
0	0
0	0
0	0
0	0
0	0
0	0
0	0
3	186
0	0
0	0
0	0
0	0
0	0
0	0
0	0
0	0
0	0
0	0
0	0
0	0
0	0
0	0
0	0
0	0
0	0
0	0
0	0
0	2
0	0
0	0
0	0
0	0
0	0
0	0
0	0
0	0
0	0
0	0
0	0
0	0
0	0
0	0
0	0
0	0
0	0
0	0
0	8
0	0
0	0
0	0
0	0
0	0
0	0
0	0
0	0
0	0
1	315
0	0
0	0
0	0
0	0
0	0
0	0
0	0
0	22
0	0
0	0
0	0
0	0
0	17
0	0
0	0
0	0
0	0
0	0
5	251
0	38
0	0
0	0
0	0
0	0
0	0
0	0
0	0
0	0
1	1019
0	43
0	0
0	0
0	0
0	0
0	0
0	0
0	0
0	0
0	0
0	31
0	2
0	0
0	0
0	0
0	0
0	0
0	0
0	0
0	0
0	0
0	0
0	0
0	0
0	0
0	0
0	0
0	0
0	0
0	0
0	0
0	0
0	0
0	0
0	0
0	0
0	0
0	0
0	0
0	0
0	0
0	0
0	0
0	0
0	0
0	0
0	0
1	0
0	0
0	0
0	0
0	0
0	0
0	0
0	0
0	0
0	0
0	0
0	0
0	0
0	0
0	0
0	0
0	0
0	0
0	0
0	0
0	0
0	0
0	0
0	0
0	0
0	0
0	0
0	0
0	0
0	0
0	0
0	0
0	0
0	0
0	0
0	0
0	0
0	0
0	0
0	0
0	0
0	0
0	0
0	0
0	0
0	0
0	0
0	0
0	0
0	0
0	0
0	0
0	0
0	0
0	0
0	0
0	0
0	0
0	0
0	0
0	0
0	0
0	0
0	0
0	0
0	0
0	0
0	0
0	0
0	0
0	0
0	0
0	0
0	0
0	0
0	0
0	0
0	0
0	0
0	0
0	0
0	0
0	0
0	0
0	0
0	0
0	0
0	0
0	0
0	0
0	0
0	0
0	0
0	0
0	0
0	0
0	0
0	0
0	0
0	0
0	0
0	0
0	0
0	0
0	0
0	0
0	0
0	0
0	0
0	0
0	0
0	0
0	0
0	0
0	0
0	0
0	0
0	0
0	0
1	173
0	0
0	0
0	0
0	0
0	0
0	0
0	0
0	0
0	0
0	0
0	0
0	0
0	0
0	0
0	0
0	0
0	0
0	0
0	0
0	0
0	0
0	0
0	0
0	0
0	0
0	0
0	0
0	0
0	0
0	0
0	0
0	0
2	0
0	0
0	0
0	0
0	0
0	0
0	0
0	0
2	0
0	1
0	0
0	0
0	0
0	0
0	0
0	0
0	0
0	0
0	0
0	0
0	0
0	0
0	0
0	0
0	0
0	0
0	0
0	0
0	0
0	0
0	3
0	0
0	0
0	0
0	0
0	0
0	0
0	0
0	0
0	0
0	0
0	0
0	0
0	0
0	0
0	0
0	0
0	0
0	0
0	0
0	0
0	0
0	0
0	0
0	0
0	44
0	0
0	0
0	0
0	0
0	0
0	0
0	0
0	0
0	0
0	0
0	0
0	0
0	0
0	0
0	6
0	0
0	0
3	66
0	0
0	0
0	0
0	0
0	0
0	0
0	0
0	0
0	0
0	0
0	0
0	1
0	0
0	6
0	0
0	0
0	11
0	0
0	0
0	0
0	0
0	0
0	0
0	0
0	0
0	0
0	0
0	0
0	0
0	0
0	0
0	0
0	0
0	0
0	0
0	0
0	0
0	0
0	0
0	0
0	0
0	0
0	0
0	0
0	0
0	0
0	0
14	4
0	0
0	0
0	0
0	0
0	0
0	0
0	0
0	0
0	0
0	0
0	0
0	0
0	0
0	0
0	0
0	0
0	0
0	0
0	0
4	0
0	0
0	0
0	0
0	0
0	0
0	0
0	0
0	0
0	0
0	0
0	0
0	0
0	0
0	0
0	0
0	0
0	0
0	0
0	0
0	0
0	0
0	0
0	0
0	0
0	0
0	0
0	0
0	0
0	0
0	0
0	0
0	0
0	0
0	0
0	0
0	0
0	0
0	0
0	0
0	0
0	0
0	1
0	0
0	0
0	0
0	0
0	0
0	0
0	0
0	0
0	0
0	0
0	0
0	0
0	0
0	0
0	0
0	0
0	0
0	0
0	0
0	0
0	0
0	0
0	0
0	0
0	0
0	0
0	0
0	0
0	0
3	0
0	0
0	0
0	0
0	0
0	0
0	0
0	0
1	0
0	0
0	0
0	1
0	0
0	0
0	0
0	0
0	0
6	0
0	0
0	0
0	0
0	0
0	0
0	0
0	63
0	0
0	0
0	0
0	0
0	0
0	0
0	0
0	0
0	0
0	0
0	0
0	0
0	0
0	0
0	0
0	0
76	105
0	0
0	0
0	0
0	0
0	0
0	0
0	0
0	0
0	0
0	0
0	0
0	0
0	0
0	0
0	0
0	4
0	0
0	1
0	0
0	0
0	11
0	0
0	1
0	0
0	0
0	0
0	0
0	0
0	0
0	3
0	0
0	0
0	0
0	0
0	0
0	0
0	0
0	0
0	0
0	0
0	0
0	2
0	0
0	0
0	0
0	0
0	0
0	0
0	0
0	0
0	0
0	0
0	0
1	0
0	0
0	0
0	0
0	0
0	0
0	0
0	0
0	0
0	0
0	0
0	0
2	32
0	3
1	178
0	0
0	0
0	0
0	0
0	0
1	24
0	0
0	0
0	0
0	0
0	0
1	15
0	0
0	0
2	0
0	0
0	0
0	0
0	0
0	0
0	0
0	8
0	1
0	0
0	0
0	3
0	0
0	0
0	0
0	0
0	0
0	0
0	0
0	0
0	0
0	0
0	0
0	9
0	0
0	0
0	0
0	0
0	0
0	0
0	0
0	0
0	0
7	56
0	0
0	0
0	11
0	0
0	0
0	0
0	0
0	0
0	0
0	0
0	0
0	0
0	0
0	13
1	2
0	0
0	8
0	0
0	0
0	0
0	0
0	1
0	0
0	0
0	0
0	0
20	19
0	0
0	0
0	0
0	1
0	0
0	0
0	0
0	0
100	23
0	0
0	0
0	0
0	0
0	0
0	0
0	0
0	0
0	0
0	0
0	0
0	0
0	0
0	0
0	0
0	0
0	0
0	0
0	0
0	0
0	0
0	0
0	0
0	0
3	0
0	0
5	0
5	28
0	0
0	0
0	0
0	0
0	0
0	0
0	0
0	0
0	0
0	34
0	0
0	0
0	0
0	0
0	0
0	0
0	0
0	0
0	0
0	0
0	0
0	0
0	25
0	0
0	0
0	0
0	0
0	42
0	0
0	0
0	0
0	0
0	0
0	0
0	0
0	145
0	0
3	9
0	83
0	0
0	0
0	0
0	0
0	0
0	83
0	0
0	0
0	0
0	0
0	0
0	0
0	0
0	0
0	0
0	0
0	0
0	0
0	0
0	0
0	0
0	0
0	0
0	0
0	0
0	0
0	0
0	0
0	1
0	0
0	0
0	0
0	0
0	0
0	0
0	9
1	2
0	0
0	0
0	0
1	2
0	1
0	0
0	0
0	0
8	325
0	0
114	15
0	0
0	0
0	0
0	0
0	0
0	0
0	0
0	0
0	0
0	0
0	0
0	0
0	0
0	0
0	0
0	0
0	0
0	2
0	0
0	0
0	0
0	0
0	0
0	0
0	0
0	6
0	0
0	0
0	0
0	0
0	0
0	0
0	0
0	0
0	0
0	0
0	0
0	0
0	0
0	0
0	0
0	1
0	1
0	0
0	0
0	0
14	27
0	0
0	0
0	0
0	0
0	0
0	0
0	3
0	0
0	0
0	0
0	0
0	0
0	0
0	0
0	3
1	27
0	0
0	0
0	0
0	0
0	0
0	0
0	0
0	0
0	0
0	0
0	0
0	3
0	0
0	0
0	0
0	0
0	0
0	0
0	0
0	0
0	0
0	0
0	0
0	0
0	0
0	0
0	0
0	0
0	0
0	0
0	0
0	0
0	0
0	0
0	0
0	0
0	0
0	0
0	0
0	0
0	0
0	0
0	0
0	0
0	0
0	0
0	0
0	0
0	0
0	0
