UniqueCount	AmbigCount
0	0
0	0
0	0
0	0
0	0
0	0
0	0
0	0
0	0
0	0
0	0
0	0
0	0
0	0
0	0
0	0
0	0
0	0
0	0
0	0
0	0
0	0
0	0
0	0
0	0
0	0
0	0
0	0
0	0
0	0
0	0
0	0
0	0
0	0
0	0
0	0
0	0
0	0
0	0
0	0
0	0
0	0
0	0
0	0
0	0
0	0
0	1
0	0
0	0
0	0
0	0
0	0
0	0
0	0
0	0
0	0
0	0
0	0
0	0
0	0
0	0
0	0
0	0
0	0
0	0
0	0
0	0
0	0
0	0
2	0
0	0
0	0
0	0
0	0
0	0
0	0
0	0
0	0
0	0
0	0
0	0
0	0
0	0
0	1
0	0
0	0
0	0
0	0
0	0
0	0
0	0
0	0
0	2
0	2
0	0
0	0
0	0
0	0
0	0
0	0
0	0
0	0
0	0
0	0
0	0
0	0
0	0
0	0
0	0
0	0
0	0
0	0
0	0
0	0
0	0
0	0
0	0
0	0
0	0
0	0
0	0
0	0
0	0
0	0
0	0
0	0
0	0
0	0
0	0
0	0
0	0
0	0
0	0
0	0
0	0
0	0
0	0
0	0
0	0
0	0
0	0
0	0
0	0
0	0
0	0
0	0
0	0
0	0
0	0
0	0
0	0
0	0
0	0
0	0
0	0
0	0
0	0
0	0
0	0
0	0
0	0
0	0
0	0
0	0
0	0
0	0
0	0
0	0
0	0
0	0
0	0
0	0
0	0
0	0
0	0
0	0
0	0
0	0
0	0
0	0
0	0
0	0
0	0
0	0
0	0
0	0
0	0
0	0
0	0
0	0
0	0
0	0
0	0
0	0
0	0
0	0
0	0
0	0
0	0
4	7
0	0
0	0
0	0
0	0
0	0
0	0
0	0
0	0
0	0
0	0
0	0
1	4
1	1
3	4
3	19
0	20
0	0
0	0
0	0
0	0
0	0
0	0
0	9
0	21
0	21
0	21
0	9
0	0
0	9
0	5
0	5
0	9
0	21
0	21
0	229
0	274
0	15
0	49
0	274
0	0
0	0
0	0
0	0
0	0
0	0
0	0
0	0
0	0
0	0
0	0
0	0
0	0
0	20
0	20
0	0
0	0
0	0
0	0
0	0
0	0
0	0
0	0
0	38
16	1
0	36
2	20
0	38
82	121
8	12
0	95
0	66
0	26
0	65
0	0
0	1
0	1
0	0
2	742
0	70
0	0
0	0
0	0
0	0
0	0
0	0
0	0
0	0
0	0
0	0
0	0
0	0
0	0
0	0
0	0
0	0
0	0
0	0
0	0
0	0
0	0
0	0
0	0
0	0
0	0
0	0
0	0
0	0
0	0
0	0
3	67
0	68
0	66
0	68
0	66
0	67
0	66
0	3
0	2
0	2
0	68
0	0
0	0
6	9
9	56
0	56
0	10
0	16
0	12
0	0
0	0
0	0
0	0
0	0
0	0
0	0
0	1
0	0
0	0
0	0
0	0
0	0
0	0
0	0
0	0
0	0
0	0
0	0
0	0
0	0
0	0
0	0
0	0
0	5
0	5
0	6
0	3
0	3
0	1
0	3
0	1
0	0
0	1
0	0
0	6
0	0
0	0
0	0
0	0
0	0
0	0
0	0
0	0
0	0
0	0
0	0
0	0
0	0
0	0
0	0
0	0
0	0
0	0
0	0
0	0
0	0
0	0
0	0
0	0
0	0
0	0
0	0
0	0
0	0
0	0
0	0
0	0
0	0
0	0
0	0
0	0
0	0
0	0
0	0
0	0
0	0
0	0
0	0
0	0
0	0
0	0
0	0
0	0
0	0
0	0
0	0
0	0
0	0
0	0
0	0
0	0
0	0
0	0
0	0
0	0
0	0
0	0
0	0
0	0
0	0
0	0
0	0
0	0
0	0
0	0
0	0
0	0
0	0
0	0
0	0
0	0
0	0
0	0
0	0
0	0
0	0
0	0
0	0
0	0
0	0
0	0
0	0
0	0
0	0
0	0
0	0
0	0
0	0
0	0
0	0
0	0
0	0
0	0
0	0
0	0
0	0
0	0
0	0
0	0
0	0
0	0
0	0
0	0
0	0
0	0
0	0
0	0
0	0
0	0
0	0
0	0
0	0
0	0
0	0
0	0
0	0
0	0
0	0
0	0
0	0
0	0
0	0
0	0
0	0
0	0
0	0
0	0
0	0
0	0
0	0
0	0
0	0
0	0
0	0
0	0
0	0
0	0
0	0
0	0
0	0
0	0
0	0
0	0
0	0
0	0
0	0
0	0
0	0
0	0
0	0
0	0
0	0
0	2
0	2
0	0
0	0
0	0
0	0
0	0
0	0
0	0
0	0
0	0
0	0
0	0
0	0
0	0
0	0
0	0
0	0
0	0
0	0
0	0
0	0
0	0
0	0
0	0
0	0
0	0
0	0
0	0
0	0
0	0
0	0
0	0
0	0
0	0
0	0
0	0
0	0
0	0
0	0
0	0
0	0
0	0
0	0
0	0
0	0
0	0
0	0
0	0
0	0
0	0
0	0
0	0
0	0
0	0
0	0
0	0
0	0
0	0
0	0
0	0
0	0
0	0
0	0
0	0
0	0
0	0
0	0
0	0
0	0
0	0
0	0
0	0
0	0
0	0
0	0
0	0
0	0
0	0
0	0
0	0
0	0
0	0
0	0
0	0
0	0
0	0
0	0
0	0
0	0
0	0
0	0
0	0
0	0
0	0
0	0
0	0
0	0
0	0
0	0
0	0
0	0
0	0
0	0
0	0
0	0
0	0
0	0
0	0
0	0
0	0
0	0
0	0
0	0
0	0
0	0
0	0
0	0
0	0
0	0
0	0
0	0
0	0
0	0
0	0
0	0
0	0
0	0
0	0
0	0
0	0
0	0
0	0
0	0
0	0
0	0
0	0
0	0
0	0
0	0
0	0
0	0
0	0
0	0
0	0
0	0
0	0
0	0
0	0
0	0
0	0
0	0
0	0
0	0
0	0
0	0
0	0
0	0
0	0
0	0
0	0
0	0
0	0
0	0
0	0
0	0
0	0
0	0
0	0
0	0
0	0
0	0
0	0
0	0
0	0
0	0
0	0
0	0
0	0
0	0
0	0
0	0
0	0
0	0
0	0
0	0
0	0
0	0
0	0
0	0
0	0
0	0
0	0
0	0
0	0
0	0
0	0
0	0
0	0
0	0
0	0
0	0
0	0
0	0
0	0
0	0
0	0
0	0
0	0
0	0
0	0
0	0
0	0
0	0
0	0
0	0
0	0
0	0
0	0
0	0
0	0
0	0
0	0
0	0
0	0
0	0
0	0
0	0
0	0
0	0
0	0
0	0
0	0
0	0
0	0
0	0
0	0
0	0
0	0
0	0
0	0
0	0
0	0
0	0
0	0
0	0
0	0
0	0
0	0
0	0
0	0
0	0
0	0
0	0
0	0
0	0
0	0
0	0
0	0
0	0
0	0
0	0
0	0
0	0
0	0
0	0
0	0
0	0
0	0
0	0
0	0
0	0
0	0
0	0
0	0
0	0
0	0
0	0
0	0
0	0
0	0
0	0
0	0
36373	1502
1286	157
21143	2628
20007	11559
66	5100
47	4500
10	43828
47	45431
546	0
6	45858
30088	51916
16435	183
29335	0
1	0
0	377
0	405
0	301
7	432
0	96
0	52
0	206
0	328
0	149
0	86
0	145
0	87
1116	959
4	410
0	218
2	262
0	346
108	12
0	353
2	226
0	355
16	211
6	336
0	60
0	11
1	30
0	91
0	158
0	169
3	51
1	31
34	133
0	30
0	45
0	355
0	0
0	0
0	0
0	0
284	562
69	9
3	127
0	559
1	180
0	97
0	48
0	341
7	339
5	0
385	2945
180	2945
183	221
7	28
0	19
0	74
0	56
1	72
0	110
3	8
0	343
0	171
0	23
6	343
1	449
0	460
0	347
0	431
0	381
0	90
4	44
0	39
4	134
2	321
8	197
2	155
0	92
0	0
5374	67
217	1926
3	1823
4	1796
0	2
0	2
0	0
0	0
0	2
0	0
0	0
22	5
0	2
0	2
0	3
0	0
1	971
79	1153
14	323
6	0
0	61
0	247
0	32
0	32
0	79
0	57
0	37
12	4
9	4
0	1579
0	1419
0	1126
1	258
0	62
0	52
0	58
1	62
7	13
4	9
4	0
1	13
0	5
0	0
0	27
3	27
0	20
4	27
0	0
0	0
67	983
15	951
1	131
0	3
5	446
10	64
0	0
50	4349
4	4349
17	2677
29	111
5	428
2	2668
0	208
0	49
4	175
0	127
3	160
24	97
10	97
0	0
0	91
0	88
10	87
0	2
0	83
0	12
0	20
0	15
0	15
0	22
0	5
0	83
0	3
50	96
1	14
0	75
0	97
6	0
0	0
0	0
0	0
0	0
0	0
0	0
0	22
0	31
0	28
0	20
0	21
0	3
0	3
0	15
0	15
0	4
0	1
0	8
0	8
0	8
0	0
0	3
0	0
0	0
7	0
0	0
0	0
0	0
0	0
0	0
0	0
0	0
0	0
0	0
0	0
45	2
0	0
0	2
0	0
0	0
0	0
0	0
0	0
202	1177
61	532
12	163
64	957
1	843
0	217
0	220
1	314
0	288
6	51
1	192
3	340
467	297
0	2
9	295
1	46
350	46
0	0
0	1
0	1
25	0
127	631
0	158
3	123
130	429
3	146
26	9
0	9
99	57
0	24
0	2
0	53
284	55
3	55
2	850
0	127
0	230
2	221
26	796
0	159
3	121
4	513
0	491
1	287
5	256
18	256
0	112
0	112
0	76
17	2
6	303
0	303
0	31
3	5
10	220
0	130
3	220
12	2
0	3
4	2
1	2
12	2307
39	2302
0	4
69	621
47	510
20	103
0	0
2	0
0	65
0	44
0	508
0	29
0	312
3	8
0	45
0	0
0	0
0	0
0	0
0	0
0	0
0	0
0	0
0	0
0	0
0	0
0	0
0	250
1	250
0	204
0	0
0	13
0	4
0	10
2	10
0	9
0	1
0	0
0	0
0	0
0	0
0	0
0	0
0	0
0	0
18	85
0	1
0	3
0	3
0	82
0	4
0	2
0	17
1	1
0	0
0	0
0	1
0	130
2	128
0	131
0	8
0	10
0	11
0	0
0	0
0	0
0	0
0	0
0	0
0	0
0	0
163	124
1	27
0	124
15	60
15	1743
0	221
0	176
1	12
0	78
0	1746
0	0
5	102
0	102
2	170
11	179
0	36
0	16
0	0
0	0
0	0
3	4
1	16
0	0
0	25
0	473
0	0
2	445
0	475
17	416
22	1
78	1
242	0
147	35
0	40
0	40
0	0
0	399
1	0
0	27
0	18
0	396
0	29
0	399
0	0
5	0
778	581
1	285
10	174
62	122
611	180
0	27
0	158
2	135
138	244
0	204
0	0
5	66
7	19
8	4
0	44
270	1442
1	242
1	1439
0	969
2	512
0	1187
0	12
3	185
1	158
0	193
0	149
2	71
4	208
2	208
0	208
0	208
0	143
0	145
0	107
0	0
0	44
0	169
0	89
2	102
1	91
0	436
10	436
0	437
0	420
25	0
322	98
35	76
0	98
0	9
0	0
0	0
0	0
0	0
0	0
0	0
0	0
0	0
243	63
0	63
27	9
20	90
20	16
0	27
0	74
0	155
5	57
5	211
1	156
16	55
0	0
0	1
0	1
4	475
0	492
0	393
0	113
0	138
1	126
19	137
10	88
0	113
0	0
166	31
0	31
7	15
0	0
0	6
0	5
0	6
0	77
0	77
2	17
0	67
0	49
11	0
0	18
4	14
0	25
3	11
145	24
16	34
0	15
13	4
0	65
8	0
2	1726
34	228
3	36
0	221
0	34
0	139
0	1724
0	0
0	0
0	2
0	2
0	0
0	0
0	0
0	0
0	0
0	0
0	0
0	0
0	0
0	0
0	0
0	0
0	745
0	460
0	600
0	480
0	245
0	250
4	213
0	495
0	636
14	194
0	356
7	643
44	635
4	464
0	128
0	163
5	132
0	474
0	75
0	119
0	157
0	753
0	34
0	34
0	18
0	0
0	1
0	2
0	5
0	5
1	3
584	105
1	105
10	1
7	0
0	0
262	5894
0	6063
32	5812
2	427
3	282
1	166
0	0
19	1496
0	670
14	757
1	907
0	704
11	11
76	880
4	452
3	238
0	601
0	172
4	7
0	40
0	332
2	42
0	38
0	33
0	50
0	50
0	830
0	1
0	0
0	1
0	0
0	1
0	1
121	556
49	459
2	37
9	97
6	97
10	97
6	74
1	0
8	59
0	18
0	26
70	96
0	90
0	17
3	26
2	16
665	780
3	780
1381	8486
0	4110
7	2575
346	6202
28	3822
0	0
50	3305
37	190
12	1191
14	502
0	405
88	1
1	105
6	2004
3	215
10	118
7	191
7	63
23	5
267	76
0	76
0	4
0	1
5	0
229	457
16	245
0	296
14	555
0	411
0	553
0	256
0	21
4	73
2	5
0	546
0	351
8	328
0	263
1	299
0	334
0	17
0	45
0	285
0	0
0	0
0	0
0	0
0	0
6	82
1	0
0	29
0	15
0	54
1	12
0	12
3	0
0	10
5	1118
0	1704
1	43
0	64
630	1734
4	984
0	197
0	26
0	441
1	202
0	77
2	36
26	0
20	34
0	201
0	141
0	542
1	106
1202	25
6	25
11	120
0	3
0	1
0	12
11	14
0	20
0	23
7	99
1	59
0	1
0	1
0	0
0	0
0	0
0	0
0	130
6	195
3	195
0	55
22	1745
0	1808
9	1776
15	97
0	246
6	1771
2706	153
54	93
1	57
5	57
7	7
24	1823
4	2775
2	32
14	2791
22	538
2	1329
40	2739
48	2791
10	28
1	3
2	3
0	0
61	415
7	408
2	20
1113	422
6	109
3	130
3	183
0	0
8	0
0	0
0	0
0	1
0	1
0	0
0	0
0	0
1685	1775
1	1772
0	150
1	9
0	37
18	319
0	218
2	217
0	7
0	7
0	6
0	218
1	0
77	14287
50	6320
14	14608
14	432
282	549
1	431
0	357
50	456
0	54
0	18
9	116
16	50
0	215
0	0
0	0
12	94
0	758
4	49
0	42
0	196
179	0
0	165
8	336
31	63
6	50
1	171
0	599
1	728
0	768
0	753
0	798
0	391
2030	0
0	0
0	0
0	0
0	0
0	0
0	0
0	0
6	10
0	10
0	1
0	4
0	3
0	473
54	19
4	19
0	0
0	0
0	0
0	0
0	61
0	1
0	6
1	17
0	29
0	19
0	48
0	5
1	1
0	19
0	23
1	22
81	25
0	25
0	410
45	1110
0	1111
0	4948
24	4782
1	2536
0	502
0	353
14	350
3	215
2	162
0	4948
599	707
0	63
39	194
0	144
0	144
1	276
3	203
4	135
2	72
1	79
1	2150
0	2123
0	229
25	696
52	1672
0	352
0	199
1	175
0	444
0	101
0	251
35	1041
0	210
1	263
1	244
0	673
0	96
0	119
0	126
137	3
58	130
1	7
0	50
0	6
3	17
3	40
0	19
0	21
0	1
181	100
5	100
0	15
0	0
0	695
27	492
1	383
0	125
1	137
0	171
3	11
1	65
0	77
0	650
8	61
7	61
0	0
0	0
0	0
0	0
0	0
0	0
0	0
0	0
0	0
0	0
0	0
0	0
0	0
0	0
1	0
1	0
0	0
0	0
0	0
1	22
0	49
4	37
0	16
0	49
0	18
1	39
0	18
0	30
0	23
1	4
2	4
0	8
0	2
0	52
9	52
256	52
63	37
0	22
0	25
536	264
1	86
0	180
0	0
0	0
0	0
0	0
0	0
0	178
0	159
9	688
0	770
22	40
0	548
2	193
0	1
1	5
0	5
0	5
0	4
0	5
0	6
0	5
0	1
0	1
0	2
1	1
0	0
0	0
0	0
38	10
1	10
19	0
0	0
0	0
0	1
0	1
3	0
0	1
0	1
0	1
0	0
0	1
0	1
0	1
37	591
14	621
17	279
2	2
0	22
4	21
0	3
3	20
13	426
1	426
1	106
5	0
0	0
556	417
22	96
0	305
0	115
12	121
0	0
0	0
16808	725
1	724
0	391
20	391
7	175
0	103
3	70
10	11
0	21
0	17
0	3
0	3
0	21
12	1020
2	142
18	436
0	481
0	501
2	147
0	69
0	78
0	41
0	13
0	72
0	144
128	405
3	156
0	134
1	27
0	556
1	27
0	38
32	20
0	33
0	21
0	16
2	21
0	313
0	562
0	92
2	664
13	294
5	47
1	46
0	278
0	83
0	223
8	113
0	298
0	0
0	0
0	0
0	0
0	0
0	0
0	14
0	13
0	0
0	16
0	1
0	0
0	14
0	4
0	2
0	2
2	3
0	0
0	17
0	1
0	1
0	1
0	1
1	117
81	117
461	325
3	92
0	56
1	70
3	107
0	31
103	31
7	17
0	0
0	0
0	483
0	407
13	221
0	483
0	479
0	0
0	0
1	109
0	75
0	102
1	79
1	34
0	10
0	3
0	10
0	0
0	4
0	1
0	3
0	4
7	791
29	719
3	309
2	69
0	127
0	246
3	64
6	109
0	201
145	8669
9	8668
0	301
16	215
5	12
0	0
0	164
19	178
0	177
2	12
3	26
91	0
1	346
0	338
0	355
0	106
0	25
0	304
0	27
0	91
0	124
2	63
1	137
1	110
0	68
0	53
0	20
5	131
0	142
0	131
48	20
0	16
0	0
2	0
0	0
0	0
0	0
0	0
225	0
0	2
0	0
0	0
0	2
0	2
0	0
0	2
0	0
0	0
21	16
0	6
0	16
0	6
0	0
0	51
4	68
0	70
11	43
0	26
4	12
2	0
0	1941
9	51
12	1892
0	156
0	253
8	44
18	1409
47	203
13	38
12	211
19	20
1	172
10	264
0	259
0	257
23	23
0	262
0	236
24	73
0	78
0	117
7	32
0	55
0	52
31	76
962	165
1	164
0	289
0	102
13	74
13	289
174	38
0	38
0	31
8	977
0	978
59	222
1	178
0	214
0	78
0	174
22	432
80	83
12	59
0	351
1	203
1	351
0	1635
42	1625
0	207
9	207
3	207
0	14
0	0
0	0
0	0
0	0
0	0
0	0
2	0
0	1
0	1
0	0
0	0
0	2
0	1
0	0
1	2
0	1
425	868
0	585
0	77
2	172
0	120
3	25
0	61
0	11
3	11
8	265
0	302
0	302
0	267
0	45
0	82
170	83
0	0
0	0
0	0
0	0
0	0
0	578
6	14
0	578
0	50
0	52
0	208
0	51
0	32
1	5
0	208
0	47
11	476
0	473
1	107
0	98
0	157
1	582
0	129
1	92
0	645
3	2
0	2
403	12
33	60
1	59
35	0
1	35
0	55
46	36
0	629
4	677
88	16
12	65
0	677
0	1
0	1
0	0
0	0
109	301
0	153
0	143
1	99
0	32
0	1
0	1
0	290
773	693
5	298
1	105
2	227
138	1229
8	0
2	1025
0	495
2	1228
123	0
0	1
0	1
0	1
0	0
0	1
0	0
1	623
0	400
0	376
0	632
0	0
0	0
0	780
0	99
21	43
0	778
0	168
11	393
0	68
10	94
4	108
15	33
0	10
27	75
0	66
0	0
0	0
0	0
0	0
0	85
0	12365
8	12326
0	5144
1	879
0	32
3	122
141	5
0	9
0	192
1	15
4	555
0	249
0	215
0	516
6	554
0	0
0	70
0	28
0	87
2	73
16	53
5	96
0	827
0	850
0	850
0	27
0	390
0	87
0	100
1	360
0	223
2	55
0	298
0	234
0	128
0	168
0	144
0	101
2	64
35	41
0	41
0	3
0	0
2	106
0	33
2	23
16	123
1	212
0	51
1	229
5	57
0	30
0	132
0	103
57	88
7	18
0	278
9	1
3	1729
27	1803
0	109
0	0
1	31
0	23
4	46
9	69
0	37
3	52
0	0
0	0
0	0
6	0
0	0
0	0
0	0
0	0
0	0
0	0
0	0
9	0
0	7
0	1
0	7
0	2
0	0
0	0
0	1
1	11
0	22
0	148
1	31
119	146
0	145
4	5
2	5
0	105
0	145
0	48
2	131
0	145
4	127
0	187
1	254
0	565
1	137
0	67
6	496
0	156
0	654
1	596
1	77
0	76
0	112
0	154
3	206
3	134
8	351
10	389
0	155
0	85
0	134
0	46
1	85
1	277
10	103
1	318
6	16
0	35
0	68
0	53
21	137
0	150
1	16
3	144
0	19
3	12
363	212
0	1
0	1
0	1
1	1
5	88
12	0
5	73
13	822
0	234
13	897
526	922
0	11
0	4
3	0
0	36
2	0
0	0
17	36
1	144
9	304
0	223
292	0
0	17
0	96
1	43
2	55
0	449
170	458
26	193
29	85
0	13
0	0
0	21
85	33
0	24
0	32
0	25
43	39
1	16
12	9
0	28
1	17
0	81
0	33
0	76
151	81
0	157
1347	157
258	0
0	28
0	56
0	64
0	82
0	161
6	180
1	11
0	74
7	24
0	64
0	12
0	44
0	74
0	9
0	0
0	0
0	0
1	0
0	2
0	2
0	21
2	24
0	26
30	26
2	21
10	82
28	221
12	77
31	708
111	803
3	440
0	86
2398	0
0	0
0	1
4	1
0	117
354	117
412	1146
0	1151
0	70
3	492
0	89
0	1
0	1
0	205
11	195
0	6
1	176
0	184
0	16
1	199
0	205
0	195
19	273
5064	273
3	155
3	5
283	238
3	108
1	57
0	115
2	196
0	65
0	45
0	84
0	80
4	15
0	19
6	8
22	235
0	254
0	183
28	139
2	16
0	15
0	18
0	14
0	18
0	19
0	101
4	46
0	40
0	27
0	35
0	8
0	10
0	7
7	11
77	11
4	61
6	276
14	301
0	1
11	1
573	137
10	137
0	0
0	0
7	0
0	175
0	186
0	183
0	170
4	132
0	157
1	94
7	1
0	32
0	22
0	187
1	0
0	0
0	1
2	1
0	4
6	4
0	4
0	0
0	0
0	0
2	777
2	918
0	1616
27	1784
679	0
4	114
3	114
2729	678
0	513
1	84
33	50
46	40
0	133
0	291
1	227
7	480
17	291
0	109
0	122
0	57
0	14
0	1
0	1
0	1
0	1
1	0
0	1
0	0
0	0
0	0
0	0
407	0
605	0
0	112
0	115
0	120
0	76
0	101
0	106
4	75
0	17
0	0
0	0
0	0
0	8
0	5
0	8
0	5
0	6
0	6
0	6
0	6
0	3
0	2
0	1
0	1
0	0
0	0
0	0
0	0
0	0
0	0
0	0
0	0
0	0
151	39
0	39
0	485
0	486
0	462
0	484
0	463
0	461
0	408
8	470
0	485
0	256
2	260
4	64
3	21
0	5
7	0
0	0
0	1526
0	1578
14	1347
0	1416
2	1438
19	530
0	1580
0	704
137	927
5	125
0	858
6	95
0	0
13	716
2	85
6	277
0	235
0	106
0	3
1	5
0	1
0	2
0	0
0	1
0	0
0	4
0	4
0	971
0	830
2	963
1	161
0	193
2	170
0	131
0	0
0	0
0	0
0	0
10	134
5	131
7	82
1	73
0	369
3	78
34	1269
165	1740
0	1745
3746	3890
8	891
0	376
15	608
2	602
6	546
58	1217
88	355
4	673
1	125
51	123
0	26
5	0
0	0
72	2337
26	814
0	2182
0	1928
8	126
0	0
0	0
0	0
3	79
0	35
0	22
0	44
1	30
7	60
372	60
0	45
708	170
0	90
1	119
14	43
0	0
0	6
0	6
0	6
0	322
0	393
0	376
0	32
1	51
5	68
0	0
8	0
2	12
0	25
47	0
0	0
5	706
1	764
0	771
0	784
0	782
0	776
0	95
0	632
0	612
0	51
2	85
6	22
4	29
4	43
7	26
1	80
0	71
172	25
7	50
0	778
0	783
43	127
0	101
3	79
783	0
0	234
0	215
0	37
0	181
0	109
0	183
1	174
13	9
0	19
35	19
0	19
0	10
0	10
0	10
264	273
0	143
0	55
54	5
0	77
55	138
1	22
0	128
0	267
0	0
0	0
0	2
0	2
0	1
0	0
3	1
0	1
131	873
0	255
0	242
0	745
3	19
0	48
0	32
316	411
0	71
13	186
0	20
0	4
0	4
0	4
0	1
0	0
0	1
0	4
0	4
4	450
1	418
0	342
0	398
0	375
25	119
4	117
3	148
0	143
8	96
0	355
5	275
0	128
2	296
11	37
0	13
53	13
9	268
0	268
18	0
0	0
1	0
0	0
0	0
0	0
0	0
0	0
138	3434
61	3434
4	527
12	160
0	0
0	0
0	0
0	12
199	86
0	84
0	1
0	57
0	86
0	0
0	0
4	48
4	109
0	106
0	83
2	10
8	1
32	771
7	140
0	158
0	309
6	631
5	232
1286	1451
21	152
27	492
0	780
0	609
0	380
0	357
1	60
0	0
0	0
0	0
2	0
0	0
0	0
0	0
0	0
0	0
0	0
0	0
0	0
0	0
0	373
0	378
1	343
0	351
0	160
0	30
0	26
9	2
2	37
1	23
0	0
0	0
0	0
0	0
0	0
0	5037
0	10834
0	9821
32	258
5	569
6	7780
0	1060
0	5042
0	2302
2	618
0	10732
1	3435
0	3762
20	3164
3	10732
112	80
0	32
0	48
0	0
0	0
2	14
0	5
4	18
3	1
0	14
0	5
0	11
0	56
0	17
0	35
0	35
1	54
0	48
0	16
0	27
0	51
0	51
1	38
0	40
0	2
0	4
0	7
1	16
2	370
0	360
0	371
12	0
0	299
1	310
0	371
0	36
0	70
0	312
16	27
11	42
0	9
0	9
4	0
1	4
0	4
0	7
0	5
0	8
0	4
0	4
0	2
0	3
0	1
0	0
0	2
0	5
0	4
0	0
0	3
0	2
21	0
0	0
0	0
0	717
0	2
12	718
0	2
0	1
0	185
0	34
0	124
0	59
0	180
0	53
0	249
0	190
0	133
1	67
0	74
0	48
33	46
5	4
0	16
0	18
0	18
0	16
0	0
0	5
0	0
102	0
0	605
1	542
0	578
16	820
0	909
0	0
0	0
0	0
0	0
0	354
0	330
0	339
6	56
7	36
0	354
0	251
16	883
2	847
2	831
15	48
17	0
0	28
0	27
0	25
1	30
0	24
0	10
0	5
703	392
1	249
0	49
0	49
0	0
0	47
0	30
0	49
1	23
1	47
0	42
2	21
1	0
0	4
0	0
1	4
0	0
0	0
0	0
0	0
0	0
0	0
41	21
507	1361
0	19
25	1359
0	270
13	205
50	28
5	221
4	489
0	491
0	489
0	27
1	191
0	38
0	38
0	30
0	18
0	491
0	479
0	75
0	17
0	10
0	75
0	8
0	9
1	42
0	4
0	2357
4	2255
44	1460
0	1635
155	186
0	2338
19	2350
0	389
6	190
0	521
0	1244
7	284
1	321
2	10
36	0
0	0
445	34
0	39
0	942
0	7
0	942
52	218
6	10
2	216
0	4
2	0
0	4
0	36
0	36
0	12
0	0
0	1
0	13
0	0
0	0
0	0
0	0
0	0
0	554
10	628
2	311
2	147
18	222
0	155
8	165
1	116
8	31
171	145
0	102
4	269
0	97
0	31
5	195
0	38
9	259
336	1036
0	670
0	75
2	115
2	158
1	52
0	20
0	1
2	1
0	1
0	1
0	20
0	169
0	169
0	124
11	153
0	17
3	3
4	16
162	344
0	344
0	27
0	309
9	299
0	59
0	41
2	5
0	80
0	12
0	12
0	27
3	19
0	2
13	0
3	0
6	292
0	318
0	499
1	458
0	59
3	235
2	76
0	86
0	0
0	0
0	0
0	0
0	0
5	1848
89	1862
9	798
0	1634
2	143
9	197
18	568
0	81
2	181
0	141
1	129
1	175
7	157
2	19
0	12
1	6
0	0
2226	210
0	89
7	121
3	110
1563	645
8	21
18	514
0	0
0	0
0	0
1	26
159	0
2	0
5	0
0	109
0	63
0	0
0	0
0	52
0	48
0	63
0	15
80	123
0	27
2	10
19	84
0	179
0	112
0	182
0	166
0	15
1	14
6	32
0	135
0	19
4	316
34	316
0	17
0	40
0	19
0	7
0	2
0	19
0	19
0	19
1	24
0	7
0	5
0	22
0	23
0	2
0	9
0	10
0	3
0	19
316	201
0	98
19	44
6	26
1	109
0	38
1	107
0	61
0	34
0	44
0	41
0	102
221	7
1	0
0	7
0	0
0	0
0	5
3	48
184	102
4	78
0	58
0	44
0	0
0	0
0	0
3	324
40	916
44	934
0	647
1	236
50	98
0	959
4383	0
0	0
0	0
0	0
0	0
0	0
0	0
0	0
0	0
271	0
14	127
1	127
7	121
3	71
0	69
0	44
10	53
3	26
1	33
1	39
0	9
2	9
0	4
0	1
0	1
0	0
3	0
0	0
0	0
0	0
0	8
0	5
0	8
0	8
0	0
0	0
0	1
0	1
0	1
0	1
0	0
0	0
102	75
1	28
0	32
0	90
7	985
0	784
0	43
57	677
0	145
1	95
0	193
0	147
0	0
0	0
0	0
0	0
0	0
0	0
0	0
0	0
0	0
0	1
0	1
684	2829
96	2508
0	773
10	1346
22	0
151	212
0	209
0	199
0	3
0	0
0	1680
0	1802
0	135
0	80
0	154
0	112
0	43
0	48
0	0
0	0
0	0
0	0
0	0
0	0
0	0
0	0
0	0
0	0
0	0
0	0
0	0
0	0
0	0
0	0
7	538
24	498
0	608
0	212
0	281
6	232
0	16
1218	704
41	711
12	49
7	817
8	785
13	806
21	17
25	85
0	77
4	94
5	93
0	26
0	31
0	19
10	18
1	0
0	0
0	0
0	0
0	1496
0	1484
0	435
0	181
0	170
125	95
0	93
0	0
54	2
0	168
0	173
1	161
1	163
0	164
2	145
753	2036
0	2045
26	0
89	1602
4	201
22	103
816	197
12	197
2	63
0	234
2	222
0	236
0	20
2	1
0	0
0	0
0	0
0	0
0	0
0	0
0	0
0	0
0	0
0	352
0	74
2	373
1	77
0	231
0	116
0	536
0	375
0	531
0	501
0	141
0	81
0	60
0	40
0	24
0	92
116	513
0	105
5	343
0	67
0	0
0	0
0	100
0	64
0	64
1	64
0	97
0	55
0	97
0	39
0	51
0	14
0	10
0	21
0	28
0	28
0	25
0	16
0	16
0	16
0	12
0	14
0	92
0	0
0	0
0	0
0	0
1379	286
6	165
2	120
13	160
0	808
875	776
80	382
1	259
0	273
1	16
5	15
6	131
0	117
6	39
0	4
0	31
0	0
0	0
8	396
0	284
0	21
0	339
1	353
20	17
0	214
0	32
0	306
2	23
0	22
0	43
0	396
8	223
0	214
0	44
0	0
0	0
0	0
12	130
0	131
0	111
0	131
26	118
0	118
3	103
4	115
1	19
3	0
0	0
0	0
0	0
2	113
0	17
0	0
0	113
0	0
0	0
399	0
12	223
0	177
0	203
0	143
0	207
0	188
0	193
1	190
0	127
0	96
0	62
7	32
58	40
0	14
0	28
0	4
0	10
0	1
0	276
3	268
0	33
0	37
0	49
0	27
1	20
0	0
0	0
0	0
0	0
0	0
0	685
0	735
7	251
1	71
0	685
18	297
1	297
1	9
25	199
0	26
0	12
0	12
4	9
0	1
0	0
0	48
0	0
0	0
0	0
0	0
0	0
0	0
202	90
0	523
7	1678
48	1395
2	112
0	112
0	48
0	11
0	28
0	61
1	61
0	28
0	28
5	59
0	66
0	66
0	36
0	0
0	0
0	0
0	0
0	9
0	0
0	9
3	0
0	0
0	9
14	8
0	8
0	7
0	7
0	6
0	5
0	5
5	396
7	361
0	358
0	360
0	351
0	141
7	59
0	184
0	33
0	153
0	25
0	19
0	14
11	12176
108	12175
4	12175
0	12173
0	12175
0	12175
0	12180
1	12176
0	3751
0	2860
0	2115
0	1905
0	1933
0	1835
0	0
0	3
2	13
0	11851
0	12033
0	12039
1	12180
0	11823
0	1
0	1
0	1
0	1
0	1
0	1
0	0
0	1
63	196
2251	899
78	429
0	862
0	452
0	109
0	0
0	0
0	0
0	0
0	2122
658	1500
2	2713
184	853
0	2275
4	1996
2	8
0	397
6	1104
1	2771
257	0
456	1314
0	1192
1	122
447	44
0	44
263	329
5	9
0	320
7	107
0	0
0	107
0	14
0	0
0	0
0	0
0	0
0	0
0	0
4	0
0	0
3	1429
0	1212
6	1127
1	165
0	206
43	374
0	429
1	430
18	418
11	0
21	539
0	34
0	29
0	989
1	1
0	1
0	1
0	1
0	1
0	1
0	1
0	111
61	245
0	117
9	104
0	146
1	0
0	0
0	0
0	0
0	0
0	0
0	0
0	0
0	0
4	2204
0	2319
33	2205
0	2258
0	282
3	307
1	717
5	109
0	386
0	250
0	62
1	276
2	275
52	670
0	670
0	0
0	0
0	0
0	0
0	0
2072	479
45	228
5	251
0	0
738	60
1	60
4	1343
1	1326
21	128
6	59
12	47
0	2
0	2967
72	2770
93	3079
83	2930
134	2714
11	83
10	1170
0	805
16	189
39	592
61	498
0	229
2	84
1	4
0	592
0	0
1	0
0	0
0	0
1	555
1	273
6	37
12	447
0	0
0	0
0	0
0	0
0	0
0	0
0	0
0	423
0	423
3	63
7	124
0	0
0	0
0	0
0	0
16	353
39	353
6	38
5	24
2	220
10	0
0	0
0	0
0	1273
15	1340
0	512
0	322
0	497
0	240
1	314
3	289
30	108
1	169
4	115
2	30
71	49
3	648
2	20
1	34
0	644
4	200
1	20
0	190
0	163
0	0
0	0
0	0
0	0
0	0
0	0
0	0
0	0
0	0
0	0
17	253
0	255
0	59
0	80
6	24
0	0
0	0
0	0
0	1
0	1
0	0
0	0
0	0
36	297
0	237
1	82
0	297
0	0
0	0
80	0
8	64
3	64
0	58
0	0
0	0
0	0
20	942
30	942
4	719
0	0
0	0
0	0
0	153
16	59
0	153
3	8
0	21
0	58
0	0
0	22
1	26
0	0
0	0
0	2
0	2
0	3
0	0
745	503
0	66
0	366
1	131
20	54
0	0
97	9
2	0
0	0
0	0
0	0
0	0
0	0
0	0
186	40
2	40
3	26
0	0
0	0
0	0
0	0
0	0
0	0
518	164
1	115
0	0
0	0
385	0
0	0
0	0
0	0
6	1
0	1
0	0
0	0
206	926
0	867
3	405
0	43
12	164
0	0
0	1
0	0
0	1
0	1
0	0
0	0
0	0
0	0
0	0
0	0
0	0
0	0
0	0
0	0
0	0
14	0
7	0
0	0
0	0
0	0
171	3100
3	3100
0	165
3	0
0	0
0	0
0	0
1	0
0	0
19	3488
73	2803
0	2545
0	2913
0	222
0	278
456	2164
30	6735
0	6374
2	575
11	542
60	4
0	0
0	0
0	0
0	0
10	16
0	0
0	0
52	6
0	3
0	3
0	2
2	65
0	0
0	0
0	0
0	0
0	0
0	0
0	0
0	0
0	0
8	455
0	455
13	211
0	366
0	234
0	250
1	9
0	29
0	2
0	87
2	28
0	52
1	0
0	27
0	394
0	377
1	394
26	358
0	284
1	2
0	54
1	16
24	2
0	394
0	1
0	1
0	1
0	0
0	0
0	21
1	38
1	37
0	0
4	2657
0	2556
2	2516
0	2617
6	422
5	139
12	309
1	0
0	87
0	82
0	88
0	81
0	88
0	82
0	81
0	88
0	87
0	78
0	3
0	3
0	6
5	4
0	49
0	88
0	119
4	118
52	97
122	5
0	7
0	11
28	101
5	78
11	15
0	5
2	2
0	30
177	30
2	11
0	0
0	0
0	0
0	156
0	151
0	150
0	155
0	156
0	160
0	161
4	143
0	5
408	0
0	189
9	128
10	39
1	175
0	140
0	12
0	22
0	12
0	31
4	34
0	7
4	1
0	62
0	72
143	920
0	758
0	682
0	937
0	644
11	292
31	97
16	122
0	63
1	164
1	105
0	5
20	114
0	60
0	53
12	5
0	31
4	47
2	90
5	77
0	16
7	11
3	11
2	272
2	151
0	1
0	103
0	36
1	101
0	249
0	0
0	0
0	0
0	0
0	0
0	0
849	742
3	676
14	182
9	75
0	18
0	103
2	362
0	337
2	369
0	362
0	7
105	792
0	305
0	158
0	786
39	672
0	235
3	356
0	664
0	571
0	268
0	196
81	2
5	1
0	1
0	0
225	1021
8	35
2	935
111	390
0	390
0	0
0	56
0	52
0	113
16	6
0	12
92	25
21	0
0	0
0	0
0	0
0	0
0	0
0	504
1	133
0	570
8	363
0	579
31	8
5	8
0	0
0	0
0	0
0	0
0	0
0	0
0	0
0	0
0	0
0	0
3	131
0	117
8	119
0	80
0	5
0	49
1	105
0	50
0	3
25	50
0	5
0	3
0	3
0	0
0	0
0	0
0	0
0	4
0	0
0	10
0	10
0	10
0	0
0	4
0	4
0	7
0	0
0	0
0	0
0	1
0	1
0	0
0	1
0	10
0	10
223	259
0	238
0	62
0	51
143	100
3	100
3	56
0	0
0	0
0	0
0	0
0	0
0	0
0	0
0	0
0	0
0	0
0	166
0	159
0	18
0	164
0	22
0	30
0	1
0	36
3	0
1	22
4	38
3	40
0	16
0	40
0	164
32	1334
0	89
14	1401
0	995
0	1337
14	867
1	1305
0	98
5	97
1	162
1	89
7	232
158	48
0	48
0	9
1	9
0	0
3	0
0	0
0	3
263	1
0	5
0	2
0	3
0	2
2	3
0	2
1	2
0	0
0	0
0	835
8	701
73	990
0	8
1	307
0	141
4	88
0	7
0	5
33	340
0	327
7	237
1	25
0	3494
4	738
0	1089
0	2333
0	179
21	116
1	184
0	122
0	350
0	133
0	559
4	110
0	3352
0	3607
0	3410
3	28
1	29
7	32
1	3
0	146
5	137
4	19
0	71
0	96
0	135
0	1
0	65
0	73
0	146
0	1830
741	2639
5	2442
3	240
3	363
0	53
0	17
0	1
0	1
0	0
0	240
17	298
1	244
0	295
0	1335
2	1168
0	660
1	1302
0	36
0	632
0	11
0	75
6	10
0	1242
0	232
0	745
5	109
0	1319
0	145
0	79
0	46
2	26
10	145
0	0
0	0
0	0
0	0
1	0
0	0
81	0
24	0
0	0
0	0
0	0
0	0
0	9
0	5
0	9
0	0
13	220
0	220
0	85
0	66
0	143
0	152
0	10
0	30
0	150
0	11
0	11
0	8
0	9
0	0
0	5
0	0
0	0
0	0
0	11
0	6040
23	6037
2	656
1	1604
1	1601
0	188
0	0
0	0
0	0
80	178
1	14
0	3
4	3
2	0
0	0
7	7295
12	6788
49	4183
16	3495
7	2799
5	2531
0	7225
317	271
2	57
0	108
4	48
0	47
7	30
1	30
0	41
0	36
221	0
3	1032
0	500
0	1032
1	75
0	38
0	59
242	0
0	3618
0	4258
2	1096
7	768
3	106
8	189
0	806
0	574
1	177
2	67
100	68
31	195
0	0
6	0
95	46
5	45
5	46
0	16
0	11
0	7
449	2116
43	577
0	651
6	1691
10	439
15	1999
1	1946
2	8
0	292
1	1307
106	1518
2	1505
2	67
0	173
3	0
0	0
0	1146
0	1167
0	41
86	106
70	1221
0	45
0	195
0	205
1	14
0	12
2	13
0	52
0	94
94	189
28	203
0	166
2	426
0	426
1	8
0	73
0	398
1	379
12	36
9	54
0	40
0	43
0	16
307	93
0	93
0	33
3	149
2	124
0	150
1	0
12	0
2	1081
0	1130
15	762
118	331
41	199
143	5
0	0
0	0
24	270
1	129
0	270
0	68
3	23
1	13
34	4345
429	4349
0	2457
0	443
0	290
1	277
3	60
0	253
1	218
0	67
0	0
33	90
227	149
10	96
9	27
0	0
0	0
0	0
150	937
0	904
19	470
0	533
7	752
50	13
4	364
2	281
5	50
5	0
0	0
0	0
1	367
2	1562
0	1590
0	698
2	276
0	447
0	106
538	3982
0	3787
0	319
2	218
18	261
20	1449
6	422
19	420
0	320
9	267
2	163
15	5
0	15
24	2
60	172
0	157
0	133
9	9
2	46
0	159
0	0
0	0
0	0
0	0
0	0
0	0
0	0
0	0
0	0
0	0
0	0
0	0
363	145
10	145
4	183
0	620
0	603
0	177
0	308
2	555
1	126
0	112
10	6
25	55
0	45
17	85
1	22
0	22
0	612
2	85
0	80
0	59
0	64
0	35
0	65
1	65
0	64
0	46
0	45
0	26
0	15
0	19
0	17
0	718
0	684
0	233
2	5468
0	5303
0	909
0	35
3	112
6	557
0	83
1	5443
4	0
29	1515
0	38
4	291
1	7
102	313
0	299
0	0
0	0
11	147
0	472
22	47
9	244
31	26
0	62
4	439
22	290
17	1428
0	2942
0	3011
0	1
0	1924
28	1916
62	241
62	680
0	1905
0	1994
7	1901
4	247
6	261
59	143
0	143
0	143
0	0
38	3399
2	141
2	1408
0	3586
6	185
0	411
7	3403
0	1735
0	4521
26	2173
2	197
93	1239
77	303
96	69
12	4489
0	0
0	0
2249	1205
1	1170
0	821
1	222
0	322
0	310
0	86
0	89
0	81
1	19
15	6
1	40
0	9
0	0
0	0
0	0
0	0
18	155
0	2
237	153
2	153
10	57
0	239
0	238
1	231
0	52
7	6
0	20
0	21
0	3
2	0
0	0
373	377
0	126
5	69
0	131
1	95
0	0
0	0
0	0
0	0
157	1284
2	1282
1	1282
27	63
11	1
2	405
0	373
6	105
0	31
0	25
0	15
0	10
0	4
394	387
2	403
1	3
48	143
21	349
15	59
2	0
0	0
0	0
0	0
0	0
0	0
0	1
0	1
0	0
0	0
4	444
6	861
1	837
0	173
6	103
0	0
0	0
0	5
0	0
1	5
0	5
0	2
0	5
0	0
0	0
0	0
0	0
0	0
0	0
0	0
0	0
101	11
4	11
0	0
0	0
0	0
559	377
8	118
2	186
1	42
16	49
6	52
2	24
164	139
1	101
0	38
1	378
2	378
3	0
7	77
0	165
0	433
7	433
2728	2813
8	2813
0	0
0	0
0	0
0	0
0	0
0	0
863	0
0	4
0	4
0	0
258	889
0	290
0	41
18	326
0	46
0	15
9	352
0	0
85	17
2	18
0	18
409	483
37	483
0	5
0	0
0	5
0	0
0	5
0	3
0	0
0	0
0	2
0	0
0	0
974	296
1	296
0	1355
0	211
0	310
0	258
0	313
0	301
0	0
0	62
0	88
0	267
0	285
1	222
0	213
9	208
0	40
7	2
0	0
0	1352
956	524
9	64
21	460
7	6
0	230
0	270
2	138
0	264
0	65
1	71
0	0
0	0
0	0
0	0
0	0
0	0
0	1
0	1
0	0
2	24
0	259
10	259
0	5
0	9
11	18
2	0
2	14
0	37
0	27
116	245
0	186
2	183
0	126
0	79
2	0
153	144
0	112
6	29
0	60
0	65
3	22
0	0
0	35
0	27
0	44
0	37
0	5
2	8
0	0
0	44
140	359
1	85
24	87
0	292
3	131
1	162
1	122
0	76
0	69
1	52
1	57
0	0
0	0
0	0
0	0
0	0
0	69
42	192
2	20
26	78
6	191
0	28
1	61
8	42
0	22
84	459
3	379
1	326
0	0
0	0
0	0
0	0
0	0
0	0
0	0
0	0
0	1066
0	1417
0	284
0	844
0	304
5	171
0	238
0	108
0	180
0	105
0	344
0	266
0	332
0	0
0	0
142	13153
3	13107
0	12485
0	300
10	0
0	13153
7	752
0	83
9	37
0	17
0	713
0	0
0	0
0	0
8	196
0	199
0	176
3	1
0	1
12	72
2	108
0	0
0	0
0	0
0	0
4	350
19	60
0	2
47	329
0	19
7	392
0	36
0	333
0	253
0	203
2	70
0	76
0	0
0	0
0	0
0	0
31	3923
119	3923
1	1115
4	1052
146	867
1	0
0	0
0	0
0	0
0	0
0	0
0	0
4207	2279
738	2279
61	47
6	45
0	0
1	20
0	17
0	0
0	0
0	0
0	0
0	24
0	24
0	24
0	15
0	0
19	51
21	51
17	356
0	19
0	199
2	237
0	0
0	0
144	1154
36	284
2	459
0	0
0	0
0	1
0	1
0	1
0	1
0	5
0	5
0	5
0	195
0	138
0	132
3	0
0	60
24	0
0	21
0	37
345	54
0	54
0	46
6	0
0	6
0	6
0	0
0	0
0	23
0	9
0	20
0	8
0	23
0	0
0	0
0	0
0	0
0	3
0	2
0	3
0	1
0	1
282	68
0	61
9	21
1	12
2	14
0	14
1	238
4	239
0	239
1	57
3	17
16	17
0	0
0	0
0	0
0	0
0	1157
14	546
24	125
0	1194
0	1002
8	260
2	121
0	629
14	400
6	454
0	7
0	7
0	2
0	0
0	0
0	0
0	0
0	0
0	0
7	1687
82	0
27	373
138	1687
49	534
3	579
0	0
0	0
0	0
0	0
0	0
0	0
0	0
0	0
0	0
0	0
0	0
0	0
54	0
1202	2657
414	1621
0	1923
0	1866
0	778
0	1866
0	0
0	0
6	10
0	3
2	9
2	1
0	3
1	4
0	1
0	1
0	0
0	0
0	0
0	0
0	0
0	0
0	0
0	0
0	0
0	0
0	0
0	0
0	0
9	1001
1	1001
0	55
0	0
0	307
10	1275
99	517
1	1125
5	31
1	290
2	110
2	89
0	185
0	185
806	97
0	97
22	107
4	108
2	16
0	7
0	93
0	6
0	30
3	49
113	47
0	43
0	29
21	1254
0	1268
0	1269
2	7
4	220
0	177
4	119
6	118
2	39
6	50
8	0
0	1015
19	982
0	735
0	771
0	90
0	121
0	643
0	414
0	732
0	134
12	593
8	607
0	581
0	596
3	367
2732	792
6	792
36	38
8	38
0	0
0	0
0	0
0	0
0	0
0	0
0	0
0	52
24	57
0	5
3	38
8	30
658	312
0	312
4	0
0	1125
0	53
0	4
0	0
0	1127
0	5
2	218
0	57
0	219
0	219
0	219
0	825
38	797
93	735
0	708
0	354
0	598
0	604
0	0
44	2098
0	2160
0	2155
14	195
10	571
1	872
3	200
0	151
1	33
2	628
17	630
34	98
0	8
21	99
1	1
0	24
9	246
73	335
0	56
6	64
411	105
12	57
3	23
0	11
0	23
0	20
0	16
1686	3906
4	969
0	2598
18	1132
0	3033
0	0
1	0
0	2
0	15
0	15
0	10
0	10
0	13
0	0
233	560
1	492
5	432
17	45
0	49
6	7
0	163
64	154
3	94
4	26
0	8
0	4
0	20
0	628
0	509
6	0
0	60
24	236
0	32
0	86
3	9
2	0
0	509
0	47
0	39
6	83
0	94
0	89
0	4
0	0
0	0
0	0
0	0
30	2001
0	11
0	1922
0	923
8	88
0	257
7	439
21	117
0	0
36	2296
8	75
9	253
5	539
3	473
20	1401
0	68
0	1300
0	1375
13	1434
0	1359
99	1
38	1364
67	128
0	182
0	424
0	0
56	28
0	2
0	4
0	24
0	36
51	36
2	97
0	1
2	1
0	94
0	15
0	24
0	0
0	0
0	0
0	0
0	94
4	95
0	24
0	16
0	75
0	74
0	76
0	88
1	13
0	9
0	17
0	7
0	4
0	67
0	242
0	215
0	226
1	155
4	50
9	61
3	102
0	47
570	585
0	21
2	217
2	357
0	0
377	2356
5	2356
10	848
24	39
3	182
69	153
0	386
1	270
1	45
11	18
0	38
0	30
0	39
6	38
0	25
0	18
0	390
15	1390
0	1390
0	0
0	0
544	550
21	58
9	92
42	369
0	84
0	2
0	2
0	2
0	0
0	0
0	2
0	1
0	0
0	0
0	0
0	0
0	1
0	0
0	1
0	1
0	1
3	164
0	402
0	391
0	63
0	59
0	0
0	0
0	0
0	0
0	652
1	1519
0	0
1	1514
0	314
0	314
0	0
1	0
0	1
0	1
0	1
0	0
0	1
0	0
1	72
0	77
3	53
0	38
1	76
0	0
0	0
33	1334
16	1299
0	35
0	0
296	71
0	50
0	0
1	10
0	11
0	0
0	0
0	1
0	0
0	0
0	0
0	1
0	0
0	0
0	1
0	1
0	231
1	17
0	5
0	0
0	1
2	722
80	651
63	229
26	2173
5	391
5	2153
3	179
4	220
0	428
21	156
1	177
0	31
3	6
81	1
900	35
0	34
364	51
4	51
0	21
0	0
106	875
0	820
37	671
0	509
4	108
3	3
20	1584
4	2469
1	2386
861	2582
8	61
1	272
4	17
0	17
0	17
0	4
6	11
0	9
0	3
0	3
0	6
0	6
3	6
3	0
15	7675
142	7671
0	5392
6	1385
0	5396
85	0
0	562
20	426
3	64
0	88
0	1
0	562
0	0
0	0
0	0
2	0
490	693
14	668
11	121
5	646
1	530
8	551
0	144
3	207
0	145
0	98
2	136
0	71
2	17
0	22
0	31
0	56
0	80
0	360
0	116
0	27
0	73
2	291
0	105
1	64
0	2
0	349
0	64
0	350
0	34
0	36
0	124
0	350
0	24
0	259
0	187
0	31
6	79
0	360
0	344
192	71
3	55
9	43
0	16
714	13201
7	13162
103	5077
18	2129
0	1362
0	0
0	0
0	0
0	0
0	0
6	2217
0	2159
1	2120
5	2175
2	86
0	136
10	38
1	324
3	299
0	11
2	492
0	100
30	377
0	0
19	97
1	0
0	0
0	0
0	0
0	0
1	7
0	7
0	7
0	7
0	7
0	0
0	0
0	0
0	0
0	0
0	0
0	0
0	0
0	0
0	0
0	0
0	0
0	0
46	4221
6	3632
2	4142
2	449
7	440
39	4614
0	3540
12	4577
13	2968
5	808
2	2931
15	35
0	80
0	69
1	11
0	17
0	5
1	5
0	6
406	5
5	5
1	15
0	3
0	2
0	2
0	0
0	0
0	10
0	3
0	2
1	1
0	15
0	4
0	4
0	4
0	4
64	3681
0	3498
0	286
0	1486
124	3745
0	1929
0	1136
1	790
1	946
29	131
0	1259
0	650
80	148
1	781
6	135
0	101
0	2
0	2
2	0
0	2
0	1
0	3
0	0
0	0
0	635
0	611
0	539
1	36
1	0
29	0
4	171
0	9
0	9
0	0
0	0
0	0
1560	0
0	0
0	0
0	0
0	2
0	4
0	2
0	4
0	2
103	0
54	41
0	41
5	21
0	5
6	231
0	203
0	99
0	8
26	8
2	104
0	43
0	80
3	98
3	561
0	547
0	29
3	142
0	35
1	46
2	77
21	22
1	17
0	21
0	16
0	0
0	19
0	16
0	16
0	11
123	748
68	1285
0	454
0	946
0	35
1	30
0	34
0	34
0	31
0	15
3	13
1	9
0	2
0	1
0	1
0	1
0	0
0	1
0	0
0	1
0	0
0	7
0	0
0	2
0	1
0	5
0	38
0	172
0	63
3	126
0	17
0	164
2	0
0	0
0	0
13	148
3	148
2	0
0	203
0	144
0	31
0	10
4	144
0	15
3	14
0	200
0	0
0	0
0	0
0	0
0	0
0	56
3	57
0	53
0	5
0	12
0	13
2	4
0	1
0	0
0	53
8	979
1	953
3	852
0	953
0	438
0	466
0	466
0	466
5	244
0	0
160	55894
49	55598
9	5831
7	9126
30	13208
1	10775
0	5810
7	5125
15	5232
0	2114
39	5222
1	337
0	152
0	330
12	4540
6	4540
82	4472
34	157
1	329
0	45
1	0
3	0
30	129
0	129
2	5623
5	349
0	75
2	245
0	5622
6	1988
3	1988
18	1988
0	92
0	515
1	1788
0	1788
37	1379
0	224
0	272
1	0
0	0
0	0
13	10
0	10
8	362
10	1070
8	936
0	99
1	721
1	500
0	354
0	0
0	0
0	0
0	5
0	5
0	5
0	0
0	0
0	0
0	2
0	0
0	5
1237	0
0	0
0	0
0	0
107	34
5	14
0	6
0	14
0	0
0	0
0	0
0	0
11	325
2	311
0	222
0	204
5	164
0	184
0	70
17	0
1	0
0	9
29	0
0	0
0	0
0	0
0	0
0	970
36	70
0	164
0	165
3	10
11	40
0	970
4	421
3	421
0	415
0	407
0	401
2	321
0	373
7	41
2	60
4	37
0	0
0	0
0	0
0	499
36	491
0	19
0	66
0	37
78	1096
22	660
23	259
0	723
0	0
17	1
636	106
9	48
9	67
9	42
2	0
0	1
0	1
3	16
0	8
0	18
0	43
0	49
0	8
3	0
0	0
0	0
0	0
8	327
0	315
1	150
1	59
1	21
0	0
0	0
11	46
1	15
0	27
0	19
0	23
0	10
0	8
0	13
2	12
0	10
0	46
0	222
0	221
1	201
0	229
0	123
0	110
0	45
0	58
0	44
0	58
11	16
0	0
1	0
0	0
0	1
2	15
0	3
0	15
2	0
0	0
0	0
0	0
0	1070
0	0
0	0
0	0
0	0
0	0
0	1
0	1
0	1
0	0
0	0
0	1418
142	1436
0	1463
9	178
0	3703
29	3577
22	3633
0	547
0	474
0	380
270	777
0	144
0	776
55	492
0	167
2	0
3	34
1223	43
34	43
0	0
0	0
0	0
0	0
0	0
0	0
0	0
0	428
0	456
0	293
0	434
1	229
0	227
23	100
0	0
0	0
0	0
0	0
0	0
0	0
0	0
0	0
0	0
0	0
0	0
0	0
606	1433
6	249
2	501
3	299
16	145
33	334
0	629
4	144
5	174
154	200
1	129
3	54
1	37
2	111
0	94
0	122
0	54
4	53
4	83
0	83
82	18
236	233
2	62
5	131
0	170
0	89
13	258
0	0
1	258
0	22
0	264
10	1692
3	1636
0	1592
7	162
6	8
0	0
0	0
0	0
0	0
0	0
0	0
0	0
0	0
481	388
54	388
3	5
0	0
0	0
0	0
0	0
0	0
0	0
0	0
0	0
0	0
0	0
0	0
0	0
0	0
0	0
0	0
0	0
0	0
1	2261
8	2261
65	2261
1	158
0	146
0	0
0	0
0	0
0	0
53	2496
21	2480
48	2220
12	73
1	55
2	2480
15	1123
2	449
10	282
0	969
0	1057
17	88
0	138
37	11
0	28
9	798
0	173
0	51
0	179
0	19
0	213
30	19
0	0
1	110
0	8
0	1
0	101
0	1
0	4
0	0
0	0
0	2
0	3
0	3
0	1
0	1
0	0
0	0
18	1155
0	138
3	614
0	440
4	350
2	467
0	200
25	155
0	189
0	1
0	1
0	0
0	0
569	187
0	66
0	121
2	143
0	143
15	11
0	14
0	0
0	1
0	1
54	694
0	494
11	692
1	23
0	95
0	13
0	15
0	89
3	12
0	21
0	19
2	1
7	95
4	88
0	232
0	226
1	146
20	135
0	141
0	38
1	25
6	18
0	0
3	19
4	17
0	3
2	0
1	486
18	92
0	36
0	486
0	0
0	216
8680	2999
65	606
0	1530
0	1458
0	1320
0	869
0	18
52	1822
14	874
0	2171
0	0
9	601
2	588
12	695
7	419
0	0
0	0
0	0
249	40
0	40
318	42
18	42
931	0
0	3
0	4
0	3
0	1
0	0
0	0
0	0
1	0
0	13
0	13
0	13
0	10
0	10
0	5
0	0
0	0
0	0
0	107
0	0
0	2
0	69
1	70
0	68
0	69
0	7
0	107
0	8
0	12
2	6
0	0
0	6
1	1
0	0
0	0
0	0
0	35
0	32
1	10
34	442
8	70
0	169
8	356
46	79
1	225
0	0
0	2
0	0
0	0
0	2
23	0
0	0
0	0
0	225
0	344
0	798
151	2061
3	64
0	727
0	551
1	1626
12	226
1	38
4	23
3	729
0	0
4	0
0	0
0	0
0	0
0	0
0	0
0	0
0	0
0	0
0	0
333	554
1	511
14	114
0	150
0	0
1	0
0	0
0	0
0	0
0	0
0	0
0	0
2	0
0	0
0	0
0	0
0	0
0	0
0	0
0	0
419	103
2	19
0	70
0	0
0	0
0	0
0	0
0	0
0	0
0	0
122	1544
12	105
0	1072
1	232
1	1385
0	1540
3	4
0	3
0	1
0	1
0	275
49	283
0	71
0	162
0	90
0	130
4	50
3	20
357	247
10	19
1	13
0	0
2	206
0	208
6	26
1	1571
0	12
0	159
36	0
1	57
3	1550
0	2
0	2
0	2
0	2
90	118
0	6
0	43
0	17
14	9
6	5
0	2
6	84
1	2
0	97
0	102
0	181
0	677
0	673
0	585
12	584
8	12
0	127
0	52
0	65
0	120
0	158
3	155
22	78
0	542
0	8
0	13
0	12
0	0
0	2
0	0
662	89
9	89
183	0
0	0
0	0
0	8
9	8
0	0
0	0
0	3
0	0
3	0
32	0
0	0
0	0
42	384
2	384
6	0
38	28
11	4
0	644
0	645
68	42
69	623
209	41
101	52
9	650
0	62
1	170
1	232
0	12
23	3
1	133
0	134
4	1
0	0
0	1
0	0
0	0
1	0
0	0
0	0
0	0
0	0
0	1
0	1
0	1
0	0
0	0
0	0
0	0
0	0
0	0
0	21
0	22
0	19
0	22
0	7
0	0
0	0
0	0
0	0
0	0
0	0
0	0
0	0
0	0
0	0
0	0
0	89
24	81
0	91
0	109
0	113
0	109
0	127
0	296
0	294
3	7
0	48
0	46
1	5
745	201
81	201
0	0
6	142
7	135
0	0
0	0
0	0
0	0
0	0
1	0
0	0
537	310
29	1
0	128
1	203
0	203
0	25
0	235
0	14
0	0
0	0
0	0
0	0
0	0
0	0
0	0
0	0
23	0
2	2
0	11
0	9
0	2
0	11
284	9994
32	2058
4	9866
0	0
0	0
0	0
1	409
0	360
0	369
2	369
0	201
0	130
8	155
1	34
0	34
74	23
0	11
0	371
0	0
0	0
0	0
78	2677
2	2699
1	1844
0	317
0	412
1	446
0	0
0	0
0	0
0	0
0	0
0	0
866	1107
8	312
5	1104
120	781
0	36
18	179
0	438
0	539
20	485
1	271
0	220
0	138
0	202
2	71
0	2903
0	2378
1	1772
0	649
3	861
0	377
0	2903
1	203
0	202
0	171
0	22
0	25
0	18
1	9
2	101
0	101
0	203
0	21
0	20
0	20
0	0
0	0
0	0
0	0
0	21
0	442
0	486
0	535
29	251
0	365
8	3
0	247
0	128
0	453
0	60
0	279
0	65
1	76
39	29
0	138
11	58
0	111
8	57
0	238
0	365
0	501
59	154
0	33
0	59
63	168
4	35
0	0
0	0
216	264
3	257
3	48
0	19
1	2
0	12
10	32
367	1423
0	1392
0	878
0	37
4	28
0	27
0	0
0	71
0	78
0	16
0	7
0	16
0	15
0	3
0	3
0	0
0	0
0	0
0	0
3	0
0	0
0	0
147	75
0	42
0	66
2	21
0	23
0	13
11	12
0	0
0	0
57	0
0	0
0	0
0	0
0	8
0	0
0	26
0	26
0	92
0	25
0	46
9	9
0	50
1	10
11	10
4	16
0	97
3	1
10	729
29	713
0	738
0	671
1	379
0	440
9	134
0	22
0	90
0	206
0	266
0	189
0	82
0	92
0	14
4	37
2	14
28	17
0	13
0	3
0	7
1	0
0	0
0	0
0	0
0	0
0	0
0	0
4	0
0	0
2	857
0	0
2	4
0	4
0	0
0	3
0	3
0	1
1	0
1	0
1	0
0	199
11	174
17	21
0	187
0	46
3	10
1	22
298	4324
0	502
3	4053
6	408
0	3201
0	3372
12	2
2	62
0	1459
0	313
3	24
0	319
0	111
2	67
0	56
0	64
0	13
1	11
2	13
0	10
1	13
175	0
0	114
0	38
0	7
0	104
0	42
1	80
0	10
0	59
0	46
0	4
0	4
1	0
201	53
2	5
1	48
18	1453
8	1453
6	268
5	136
170	141
2	64
7	0
9	102
0	19
0	59
0	15
2	19
0	17
112	129
672	1421
2	68
668	81
0	19
102	46
0	4
0	380
2	1073
1	61
1	36
0	72
36	30
0	210
2	86
23	14
0	100
27	22
0	0
9	98
8	396
0	672
0	1964
0	4
0	132
0	82
0	50
1	27
2	40
0	214
2	165
5	137
0	1970
7	64
0	49
53	34
282	133
2	33
1	46
0	59
0	640
0	52
8	261
6	414
0	403
0	381
0	386
0	445
0	181
0	328
0	301
0	344
0	41
1	106
0	282
1	291
0	9
0	244
0	9
11	8
0	27
6	43
0	85
4	50
0	61
4	32
0	16
1	20
0	27
5	44
1	45
1113	0
8	700
7	665
1	82
44	109
0	147
0	60
0	0
0	0
0	0
0	0
0	0
0	0
0	0
0	0
0	0
107	458
0	368
0	349
14	58
0	0
346	531
4	16
0	0
0	23
0	13
1	18
0	0
0	0
0	4
0	7
0	7
0	20
0	21
0	0
325	39
0	39
1803	1752
0	1393
0	940
0	1136
0	677
6	542
6	76
78	0
0	12
50	12
4	0
0	0
3	7
0	0
0	7
0	0
1	1
634	41
0	41
0	20
0	0
18	2
0	1
0	0
0	0
0	0
0	130
1	145
7	140
0	69
2	84
0	60
0	43
0	42
8	7
0	0
0	0
0	87
3	1099
2	699
1	1036
0	865
13	1008
8	61
0	123
7	30
5	41
2	166
0	0
0	0
0	0
0	0
15	18
3	18
0	63
0	0
0	63
5	1
0	63
0	0
0	0
9	516
0	1629
12	1596
5	1544
1	1629
0	59
8	96
5	7
1	46
23	81
0	341
0	331
2	13
21	341
4	5
73	134
0	514
0	514
0	131
0	198
0	179
2	66
0	363
0	498
202	124
1	2
0	20
0	103
1	124
8	1516
244	1580
0	153
0	206
0	0
0	0
0	0
0	0
0	0
0	0
2	376
0	373
4	357
0	153
0	128
0	21
1	45
943	329
0	96
2	69
12	164
2	4
0	60
0	24
0	0
0	0
0	0
0	0
0	0
0	0
0	0
1	109
0	33
0	3
3	19
0	33
0	8
0	213
0	208
15	205
0	211
0	219
0	217
0	30
0	60
0	51
0	58
0	46
0	57
0	56
0	52
41	2062
3	1172
1	1247
0	1632
2	411
22	145
0	0
0	0
0	0
0	0
0	0
0	0
0	0
1	92
0	99
2	7
0	7
0	8
0	100
3	17
0	18
5	40
0	0
0	0
0	0
0	0
2	33
0	33
1	22
0	8
1	105
1	4619
0	4205
0	4457
0	132
0	158
1	166
0	152
0	3389
14	2269
0	739
52	3109
74	268
0	2780
0	49
2	748
17	585
0	4507
0	3914
319	164
0	163
0	35
174	406
1	226
5	168
4	76
0	26
54	100
14	15
0	254
0	40
2	0
0	93
0	203
11	12
4	0
0	562
0	700
0	585
1	601
37	294
0	716
0	666
0	0
1	57
0	571
7	63
3	92
0	161
0	61
0	57
0	18
0	75
0	15
10	31
0	77
0	67
0	88
3	148
0	0
0	2
0	2
0	2
0	4
0	3
0	4
0	1
0	0
0	0
0	0
0	0
0	0
0	0
0	0
4	728
0	668
21	499
0	355
0	0
0	0
0	0
4	21
19	62
114	287
0	73
0	52
0	51
0	22
1	71
0	141
1	83
1438	1361
4	597
4	320
12	146
1	468
2	1
0	1
0	0
0	0
0	0
0	0
0	672
0	255
0	111
2	617
4	239
11	102
0	76
0	120
0	136
0	118
2	28
0	1423
0	1537
0	1448
0	1194
0	1348
0	868
0	937
0	385
5	224
0	0
32	81
5	32
0	36
0	0
0	0
0	0
20	0
10	207
1	205
36	50
4	0
0	0
0	0
0	311
0	234
31	5
18	41
0	303
2	29
22	4
7	0
3	434
3	0
4	434
11	19
0	0
1	61
0	2
0	57
4	15
1	6
0	21
0	0
6	6
5	14
0	24
48	268
1	268
0	274
0	8
3	8
1	268
0	1
0	106
1	16
0	52
0	277
1	207
2	54
0	84
0	10
25	277
4	52
8	93
27	39
0	39
0	27
0	54
0	29
0	70
0	0
0	0
0	0
0	0
444	0
0	0
0	0
0	0
33	1100
0	1119
0	967
1	3
6	1004
0	769
0	773
3	3
0	3
14	1
0	370
1	370
0	85
0	98
0	231
0	22
0	22
0	84
1	87
0	373
0	1
0	0
0	1
0	1
0	0
0	0
0	0
0	0
0	0
0	0
0	0
172	38
3	22
2	38
875	262
0	262
77	832
74	825
0	85
0	0
14	441
0	70
0	116
0	46
1	329
0	41
30	8
8	2
409	38
0	21
0	17
2	0
0	0
0	0
0	0
0	0
0	0
0	330
0	270
5	49
0	213
0	769
261	787
2	183
2	258
0	286
21	0
29	1
64	0
286	1141
209	1141
0	0
0	0
0	0
0	0
0	0
0	0
0	0
0	0
0	0
0	0
0	0
47	5526
91	5524
539	2564
481	2264
1	0
0	0
0	0
0	0
0	0
0	0
3	594
8	249
4	579
0	601
0	584
0	578
0	590
0	85
0	448
7	50
0	28
7	10
0	73
3	13
14	82
0	35
0	68
0	94
0	39
0	44
0	42
0	0
0	0
0	0
0	0
0	0
0	0
0	0
0	0
242	388
0	66
2	62
0	22
0	46
0	311
0	293
0	244
2	210
0	199
0	187
0	164
0	160
0	145
0	44
0	4
0	0
16	390
0	390
0	24
0	0
0	0
0	0
530	683
0	211
4	158
4	173
7	175
8	0
0	2
3	0
2	0
0	2
0	0
0	0
0	0
1	4
0	3
0	4
0	2
0	2
0	1
0	0
0	0
494	8
1	6
0	5
23	795
40	173
33	778
1	262
0	0
0	0
2881	6360
12	1594
39	5941
1	11
8	12
6	3
0	1
0	0
0	0
0	0
0	58
0	58
0	20
0	15
0	11
0	11
0	3
0	2
25	144
0	305
0	90
0	484
0	547
0	126
0	0
0	0
0	0
0	0
0	0
0	0
0	0
0	0
0	0
0	0
0	0
0	0
0	0
0	0
0	0
0	0
0	0
0	268
0	268
0	268
0	265
0	238
22	244
0	279
0	261
0	256
19	41
5	1
0	1
0	8
0	8
0	0
0	0
0	0
0	0
0	8
552	26
0	22
4	26
0	94
0	104
60	2236
38	506
0	105
0	975
10	1038
7	1420
0	2213
33	0
0	111
7	1304
1	1369
5	150
2	167
1	32
3	61
1	125
23	51
0	156
2	27
0	1443
0	0
0	0
14	21
436	27
0	14
5	20
12	163
715	163
0	16
2	15
1	6
0	2
1	14
0	13
0	3
0	1989
0	72
0	1993
0	1644
3	71
2	31
26	309
0	324
0	0
0	0
0	0
0	0
0	0
904	9
17	9
3	789
190	2314
0	1021
14	320
0	183
0	25
30	38
0	40
0	34
0	25
0	32
0	24
0	25
0	22
5	24
1	4
85	531
0	366
4	375
5	301
0	461
0	281
123	416
1327	241
1	241
7	0
0	0
0	0
0	560
70	2188
124	2066
55	0
0	0
0	0
0	0
241	0
0	0
0	0
0	0
0	0
724	367
0	55
3	157
8	209
0	0
0	0
0	0
0	0
10	324
40	389
40	92
0	13569
0	13641
14	183
0	3
0	575
28	523
0	488
8	44
0	338
0	193
0	34
0	87
1	0
963	102
7	51
3	56
0	42
3	735
0	47
17	0
0	48
0	6
6	64
0	549
1	268
1	735
2	4
0	4
1	1
0	0
0	0
0	0
3911	400
3	145
3	251
2	149
11	17
0	18
0	18
0	17
0	6
1	2
0	20
26	10
0	10
0	8
0	0
0	1
0	1
0	0
0	0
0	1
0	0
0	0
0	1
47	78
0	78
0	60
0	28
0	0
0	1
0	1
0	1
0	1
0	1
0	0
0	0
0	0
0	0
0	0
0	0
0	1
0	0
0	0
0	0
0	0
0	0
0	0
0	0
3	549
2	559
0	561
0	528
3	541
0	547
1	535
0	34
1	28
0	4
0	0
0	0
0	4
0	4
24	3558
0	3490
0	3492
0	3492
1	3491
8	2973
3	2646
9	1452
0	576
2	467
160	1175
12	1137
0	166
0	128
32	409
12	16
0	108
0	91
7	64
0	10
0	16
0	50
0	12
0	45
0	44
0	27
2	0
0	0
0	0
3	1
179	486
1	455
47	31
0	1
0	23
3	24
0	28
0	23
0	0
0	3
0	1
1	3
0	0
0	8
0	0
0	0
0	0
0	0
0	0
0	6
0	6
0	1201
0	2311
52	1406
1	1387
4	491
1	446
0	0
1	0
0	0
0	0
0	0
0	0
690	639
1	248
9	344
0	175
0	178
0	90
331	1226
0	1061
0	454
0	310
8	396
0	478
1	182
24	645
10	169
0	0
6	401
0	112
5	178
8	278
0	232
5	232
20	204
0	0
0	0
0	0
0	0
0	9
9	9
0	13
0	13
9	739
0	725
0	578
107	331
0	214
10	208
3	40
0	27
10	26
0	32
0	10
15	0
0	0
0	0
0	0
0	0
0	0
0	0
0	0
0	0
0	0
0	0
0	0
0	0
53	1218
0	1218
7	498
0	380
0	1
0	1
0	570
0	471
0	403
2	208
1	296
0	463
54	369
0	254
0	180
0	343
2	307
73	565
0	93
0	500
0	1
0	1
0	1
0	1
0	0
0	0
0	0
0	0
13	0
41	55
0	40
2	26
39	3
0	13
0	0
0	0
0	0
0	0
0	2
0	3
0	2
0	1
6	474
0	459
0	454
2	215
0	236
35	163
0	70
0	30
4	3
852	167
2	167
0	15
0	15
0	8
0	6
0	4
0	9
0	9
0	3
0	3
0	35
9	37
0	75
184	75
0	190
86	190
0	0
42	17760
32	2482
71	0
25	5333
16	1924
5	6693
33	2468
38	6771
0	31
1054	644
0	159
0	454
0	0
0	0
0	104
0	41
0	6
0	6
0	12
0	100
0	101
7	0
0	0
99	27
1	27
1	162
0	152
0	137
0	139
0	149
0	137
0	138
0	120
0	120
0	151
0	144
0	148
0	133
1	139
2	111
0	132
0	33
2	145
0	148
1	136
0	52
0	22
0	37
0	84
0	56
0	41
0	43
0	27
135	401
5	210
0	358
0	362
1	218
0	151
0	1
1	1
2	1
0	1
55	178
0	14
0	15
0	120
2	135
9	132
0	0
0	0
1084	736
0	530
19	511
3	266
14	118
0	0
0	0
35	18
0	18
1	3
0	9
2	7914
118	6852
1	7863
0	7947
293	6503
2	1830
74	2464
0	453
0	84
75	1067
0	165
0	253
0	422
24	88
2	134
15	134
9	37
1	36
0	32
0	24
0	0
0	0
2	112
0	532
155	682
0	585
3	688
0	45
14	62
6	41
4	150
20	0
2	687
0	1
1576	0
8	2235
2	2042
25	803
56	1977
0	0
0	0
0	0
0	0
0	0
1182	1710
41	462
2	1248
0	0
0	0
0	0
0	0
99	25
0	25
0	1186
4	1116
0	136
4	156
0	136
1	205
13	58
134	63
0	3
1	17
0	62
0	41
0	0
0	0
1	672
1	350
1	433
0	0
0	0
31	307
118	11
0	306
0	74
12	37
679	716
0	425
6	17
1	685
0	607
0	589
0	557
2	381
4	363
5	254
0	188
2	130
0	48
49	0
1179	1324
5	1324
0	2
0	0
0	0
0	0
0	0
41	19
0	9
0	16
2	400
9	426
0	127
29	221
2	0
1	6
0	6
2092	67
2	67
148	3808
6	3798
0	2549
26	3839
11	15
0	3828
0	0
1	554
0	598
0	474
0	407
45	518
5	167
0	0
0	0
0	15
0	8
0	5
0	0
0	5
0	5
0	0
0	8
0	0
0	11
0	6
0	15
0	9
0	3
0	0
0	8
0	4
0	3
0	4
0	1
0	6
3	3
0	3
0	15
5	0
0	0
0	0
162	10361
2	7456
0	4429
41	7517
8	0
1	10361
0	666
9	338
3	96
0	465
20	36
0	655
0	595
1	512
0	595
7	92
4	490
0	273
0	218
1	70
0	119
0	112
1	197
0	169
12	36
1	107
14	81
4	15
0	2
0	326
0	64
0	6
1	3
187	326
0	38
0	87
0	122
10	35
2	1017
0	2915
29	64
15	75
0	2856
0	61
7	49
7	546
46	291
0	2876
0	158
78	627
9	212
1	201
8	91
2	323
236	0
0	6313
0	594
81	120
0	124
8	327
3	327
1	10
18	161
0	191
0	33
5	32
0	20
1	565
450	7124
80	1
0	1
0	296
0	392
11	85
0	258
0	208
4	231
0	233
14	303
0	255
7	189
0	215
14	10
0	383
0	0
0	0
0	0
0	0
0	0
0	0
0	0
34	219
1	11
1	218
0	8
0	14
2	87
0	66
0	53
3	0
1368	12483
7	1469
40	17
0	17
29	14
0	17
0	11
0	6
3	3040
118	3014
51	3070
0	117
0	2771
1	626
0	2
0	2
0	0
0	0
0	0
0	0
0	0
0	3
0	3
1	3
0	2
0	0
0	0
2	0
0	0
0	0
0	0
1	5
0	4
0	1
0	1
0	0
0	0
0	0
0	0
0	0
0	0
0	0
0	0
0	0
0	25
33	44
0	18
0	7
0	0
0	0
0	0
0	0
0	0
12	2377
145	2362
3	180
2	265
0	271
1	73
0	60
0	6
0	4
0	4
0	4
0	4
0	3
0	6
96	505
0	505
1	230
0	266
0	259
0	490
0	0
0	0
0	0
0	0
0	0
0	0
103	0
0	0
607	815
1	815
13	0
23	35
0	0
0	0
0	0
0	0
0	0
0	0
0	0
0	0
0	0
0	0
0	0
2	2
0	1
0	1
24	10131
3	10273
5	2544
0	4249
0	4249
0	4233
1	2366
1	1806
9	11
0	0
0	0
0	0
0	0
4	74
0	1458
0	51
0	44
0	1443
0	89
0	0
5	527
82	518
0	91
16	161
0	492
0	64
0	121
0	0
0	0
147	355
0	355
9	178
0	1095
0	1040
1	37
11	0
3	100
8	592
10	496
41	357
2	114
0	185
158	39
0	39
1	0
0	2
0	36
0	51
0	49
0	9
0	3
0	8
0	9
0	16
13	5404
0	7203
7	2621
2	6572
18	6642
9	2854
30	760
49	357
2	243
80	9277
37	9229
2	4064
9	6692
16	3916
24	45
0	45
0	0
0	3
0	3
0	0
0	452
9	167
1	396
0	337
0	362
0	110
0	591
0	105
6	22
0	576
0	137
0	509
0	509
0	0
0	0
0	119
1570	800
2	336
1	277
4	78
4	106
10	64
98	0
0	0
142	15
0	15
99	0
351	308
13	49
0	224
2	247
85	308
0	188
0	265
1	127
0	38
0	198
0	0
0	0
0	0
0	0
0	0
0	0
173	867
0	625
2	668
2	611
0	410
1	278
5	290
6	31
5	1
0	1
0	0
0	0
0	0
479	616
7	518
45	112
2	341
0	0
0	0
0	0
0	162
158	162
1	13
0	13
0	0
0	0
0	145
0	3
0	50
0	141
1	111
1	118
3	30
0	72
2	37
0	0
0	0
0	0
0	0
0	2
0	2
0	2
104	1375
6	1375
0	1
0	1
0	0
0	0
0	0
2	0
0	200
16	1895
2	1513
10	1895
3	374
2	330
0	2
0	0
0	0
0	0
0	889
121	1273
0	1249
0	452
18	27
1	0
0	0
0	0
0	0
0	0
0	0
0	0
0	0
0	13
0	4
0	9
1	24
0	23
0	15
0	4
0	13
0	30
0	13
2	13
0	2
0	2
0	0
0	0
0	0
0	0
0	0
27	139
0	139
0	5
5	98
0	79
1	42
2	131
0	14
0	0
0	0
1375	0
2	4
0	125
11	125
0	53
1	50
0	2
26	1512
7	435
46	871
0	1489
0	164
0	93
18	51
2	34
16	19
0	223
24	25
538	0
0	2
0	0
0	0
0	0
4695	2476
9	354
59	893
0	425
21	305
0	415
2	469
5	585
0	155
0	0
0	0
0	0
0	0
77	115
1	115
0	17
0	21
0	27
1	9
1044	8759
2	5463
6	5573
7	2264
2	0
268	719
2	721
0	157
0	61
35	245
5	67
4	119
0	0
0	0
0	0
0	7
0	7
1	4
11	33
0	18
4	32
0	32
2	15
0	4
112	109
5	61
1	104
0	0
0	0
0	0
0	0
0	0
0	0
464	262
0	262
23	701
1197	1010
0	269
3	71
7	114
13	245
0	1272
0	1600
2	1577
0	0
0	5
0	5
0	4
0	0
0	0
0	0
0	262
27	256
1	225
14	6
2	20
2	41
0	72
3	51
0	56
1	26
400	1747
7	880
0	311
39	171
9	816
0	1
0	0
0	0
0	0
0	0
0	1
0	0
0	0
0	0
0	0
5	216
9	216
0	82
0	111
29	3556
8	3557
7	3556
4	3558
1	1621
4	7
1	401
0	456
2	500
2	221
7	296
3	12
5	77
2	299
0	78
0	89
4	56
2	34
0	45
0	43
3	9
5279	1845
50	60
0	0
0	0
0	0
0	28
0	175
0	3
0	88
1	152
11	59
0	145
0	164
8065	3720
3	3396
0	1346
0	0
0	0
0	0
0	0
0	0
0	29
1	9
12	249
2	230
0	264
7	0
21	0
2	11
0	242
0	0
0	0
0	0
0	0
0	3
26	4
0	4
0	0
0	0
0	0
0	0
0	0
1126	11918
17	2253
0	0
0	0
178	108
1	108
2	0
10	0
14	337
0	104
5	325
0	168
2	23
0	104
0	0
0	0
0	0
0	1
0	1
0	0
0	0
0	0
0	0
0	0
0	0
0	0
0	0
13	153
0	142
7	17
2	131
0	120
0	102
0	0
0	1
0	0
0	0
0	1
0	489
1	89
1	426
0	169
7	90
0	55
0	29
2	37
19	71
0	79
93	16
161	77
0	64
0	56
0	52
9	44
0	9
2	417
22	417
1	143
0	94
0	139
0	101
0	84
0	78
0	11
0	0
0	0
0	0
0	0
0	0
0	0
0	0
0	0
0	0
0	0
0	0
0	0
0	0
0	0
6	1146
0	249
0	956
0	566
0	184
0	233
0	286
0	52
0	70
9	2
0	1147
0	952
0	1117
8	331
0	180
0	262
10	221
0	240
1	103
0	16
71	16
0	129
0	0
0	0
0	0
0	0
0	0
0	0
0	0
0	0
0	0
0	0
0	0
0	0
0	0
0	0
0	0
0	0
0	0
0	0
0	0
0	0
0	0
0	0
0	0
10	248
6	242
0	85
0	107
4	54
8	250
0	145
7	75
5	66
0	59
0	1
0	1
0	1
0	1
0	0
0	1
0	1
0	1
0	0
1	2
0	0
0	2
5	756
28	6
1	2
0	753
0	15
1	294
0	27
0	12
6	12
0	309
0	758
1	2
0	2
0	0
0	0
0	0
0	0
0	0
0	0
0	0
0	0
0	0
0	0
0	0
0	0
0	0
0	0
0	0
72	1867
39	5
0	103
3	94
10	204
0	112
38	213
0	163
6	165
9	1410
0	0
0	0
0	0
0	0
0	0
0	0
2	172
0	37
0	25
0	7
6	25
0	6
0	3
0	2
0	2
0	2
0	0
0	1
0	0
117	0
0	1026
12	269
13	81
5	113
39	43
9	364
4	395
0	250
6	277
6	197
57	186
6	124
2	99
0	52
9	132
0	65
2	172
21	203
0	133
0	111
0	111
0	89
0	89
0	29
515	265
41	13
1	17
0	206
0	26
0	27
2	25
1	7
2794	378
64	346
0	0
0	0
0	1
0	1
5	1
0	0
1	871
0	1687
3	1680
11	1679
3	54
6	376
52	745
0	1678
0	1
0	2
0	3
0	3
6	0
0	0
0	0
0	0
0	0
0	0
0	0
0	0
0	0
21	48
0	48
11	4980
0	4288
2	4280
3	4713
5	3114
3	1564
0	2060
494	235
0	0
0	0
7	253
4	395
0	378
0	173
0	454
2	430
0	284
7	308
19	290
0	65
0	0
1	933
7	1004
0	26
0	168
3	981
0	276
0	598
6	134
0	982
7	200
5	240
0	982
0	962
495	283
0	130
1	115
0	33
0	148
0	7
0	18
0	0
0	0
0	0
3	57
9	2
0	58
8	57
0	0
0	0
0	77
0	12855
0	12821
28	6641
0	9967
0	1853
0	1786
0	7801
2	2300
0	1571
6	2478
0	1133
31	1364
5	800
11	4202
0	138
2	416
140	424
0	191
0	361
0	165
0	259
4	97
0	422
1	137
0	145
1	64
0	1
0	1
0	1
0	1
0	287
0	304
2	326
0	7
0	5
0	53
0	112
1	18
0	16
0	7
0	23
0	11
1	6
0	24
0	1
0	1
0	32
2	32
0	2
0	3
2	1
6	3
0	3
0	0
0	0
0	221
1070	480
1	254
18	162
1	1128
2	60
0	1119
0	757
0	7
0	7
0	0
0	0
73	2846
7	2741
1	432
23	84
82	461
14	366
487	132
55	134
0	41
0	58
2	32
0	30
2	0
208	128
0	34
20	30
17	94
16	5
0	5
0	0
0	0
1	0
0	778
0	640
3	765
5	150
19	124
0	38
4	0
6	3
0	0
1	0
0	1
0	1
0	0
3	303
0	310
6	77
8	97
11	68
0	20
7	354
0	317
10	158
0	238
0	311
0	428
0	413
3	26
0	0
0	0
0	0
0	0
0	0
0	0
0	0
0	0
0	0
0	0
0	0
0	0
4	214
7	391
3	139
0	184
3	211
1	198
0	0
0	0
0	39
10	33
0	24
0	32
0	24
172	183
0	96
0	141
0	7
10	3
4	14
0	0
0	0
0	0
145	158
0	158
0	14
0	72
0	0
0	0
0	0
0	0
0	0
0	0
0	0
0	0
0	66
0	66
0	0
0	0
0	0
0	0
0	0
13	222
2	222
3	46
0	0
19	1835
0	1833
23	260
3	266
2	161
1	134
2	140
6	179
0	107
0	550
3	50
38	26
0	25
0	4
0	10
0	10
0	7
0	0
0	0
0	8
0	4
0	2
0	8
0	2
1	1
0	1
0	0
0	0
0	0
0	0
0	0
0	0
0	0
2	0
0	0
0	0
0	0
0	0
0	0
0	0
0	0
0	0
0	0
0	0
0	163
16	162
0	9
0	30
0	217
0	210
0	91
0	163
0	0
3	8
0	7
0	8
0	10
0	26
3	217
0	0
0	0
0	10
15	269
4	105
0	30
10	170
7	89
1	253
1	2
0	6
0	1
0	49
0	48
0	47
0	47
4	40
0	18
0	5
0	0
1	0
981	2091
0	1200
24	530
36	518
3	692
12	797
20	787
0	743
52	150
0	265
0	678
40	244
2	35
0	75
0	22
1	98
1	72
28	162
0	75
1	31
0	50
0	31
1	27
0	26
0	5
0	90
2	261
0	296
4	290
0	97
0	86
0	296
0	108
43	97
0	0
0	0
0	0
0	0
0	0
0	0
0	0
0	0
0	0
0	0
0	0
0	0
0	0
0	0
32	90
0	99
2	98
0	4
0	1
0	1
0	0
0	1
82	589
7	323
0	561
1	355
0	0
1	492
17	492
0	91
0	10
17	171
0	110
0	85
0	41
13	16
0	0
294	439
1090	439
18	438
13	351
2	154
0	68
0	1
0	1
3	123
1049	123
7	22
0	22
0	4
0	2
0	0
0	0
0	0
0	0
0	1628
1	229
2	151
0	169
0	98
0	39
4	23
0	1590
0	0
0	0
0	0
0	0
0	0
0	0
0	0
0	0
0	0
3	822
352	2087
2	180
1	1884
4	191
0	79
16	247
0	0
0	0
100	46
0	46
1	33
0	28
0	52
17	181
2	52
6	0
10	152
0	51
0	51
1	26
2	13
0	26
0	23
0	0
0	0
6	0
21	97
2	84
3	84
56	51
8	51
6	14
0	5
1	0
0	13
0	1
0	1
0	0
0	0
0	0
0	0
0	0
0	0
0	0
0	0
0	1019
29	4505
0	822
7	105
7	152
10	105
1	106
39	1794
18	2506
11	28
70	1
48	24
46	102
4	248
6	0
0	0
0	0
0	0
0	70
1	70
0	30
0	14
0	6
0	3
118	122
0	122
5	61
0	61
258	18
0	18
26	318
0	153
0	496
59	460
3	153
16	36
0	20
0	48
2	311
0	182
13	117
0	68
16	11
0	243
0	19
0	77
25	245
0	244
9	43
0	120
0	48
5	31
0	23
0	42
1	42
0	0
0	0
0	0
0	0
0	0
0	0
1057	299
0	100
2	36
3	38
0	149
4	0
0	0
0	0
0	0
0	0
0	0
0	2
6	2
0	0
2	6895
0	1567
3	82
10	1290
0	6506
1	5808
0	2197
0	912
1	5115
0	659
1	1126
0	1724
5	3902
0	1082
0	172
0	1920
9	839
0	0
0	0
0	0
0	0
0	0
0	0
0	0
0	0
0	0
0	0
0	0
0	0
0	0
0	1
7	1
3	7
0	2
0	7
0	7
0	4
0	1
0	4
0	2
0	0
0	0
145	796
2	0
0	248
1	656
0	604
266	161
2	161
1	0
0	0
0	0
0	0
0	0
0	2
3	4
0	4
0	4
0	4
0	0
0	0
0	0
0	0
0	0
0	0
0	208
0	35
3	10
0	201
0	199
7	145
0	50
20	61
9	38
1	49
0	15
0	61
79	32
0	32
0	0
0	305
0	123
1	27
0	303
0	0
0	0
0	0
0	0
0	0
0	0
0	0
0	0
0	0
0	0
0	0
0	0
0	276
4	276
0	182
0	52
0	25
0	1
4	2
0	2
0	0
0	0
2	0
0	0
0	0
0	0
0	0
0	203
40	158
0	25
0	111
0	132
11	1
6	105
0	68
0	65
0	0
47	0
151	187
7	181
0	39
0	44
2	99
3	147
0	0
0	0
0	0
0	0
0	0
0	0
0	0
0	0
0	0
12	40
0	350
7	408
1	35
0	378
0	12
0	343
0	2
0	32
17	12
7	157
0	421
0	0
0	0
0	0
38	3
0	3
1	0
0	5
0	5
105	991
3	987
8	125
0	146
3	1
0	12
0	10
0	12
0	1
23	105
0	34
0	15
0	23
1	36
0	34
0	29
1	0
0	17
11	0
0	0
0	0
0	0
0	0
0	153
0	129
17	134
0	133
0	140
0	5
1492	235
15	235
310	49
0	12
0	18
0	34
0	22
0	0
12	0
2	5
0	5
2	2
11	125
20	197
3	261
0	261
0	24
0	24
0	9
0	3
0	7
1	15
0	2
0	1
0	5
0	5
0	0
0	0
0	0
0	0
0	0
0	2
0	0
0	2
1	2130
5	695
92	2038
1	490
1	477
1	566
13	1614
0	2130
0	239
0	237
0	199
0	65
0	55
2	103
15	102
0	76
0	62
0	91
0	50
0	67
11	33
1	20
0	39
5	41
0	36
1	6
0	239
0	270
11	270
2	175
19	198
0	219
670	575
5	299
0	303
0	115
40	5
1	0
162	127
17	71
11	14
0	10
0	12
0	10
0	9
0	9
0	10
0	12
0	0
0	1
0	1
0	0
0	1
3	160
0	152
5	16
129	372
0	122
0	373
8	20
1	0
0	95
0	66
0	55
21	41
0	22
23	40
0	130
0	27
0	2
2	45
2	45
1	3
44	89
10	2
19	6
1768	6
98	288
1	118
2	169
0	21
32	14
7	71
0	211
0	176
20	223
0	169
0	144
0	155
7	49
2	7
0	0
0	0
0	0
0	0
0	2724
19	2699
5	1610
0	293
75	277
5	163
15	0
7	488
1	373
14	330
20	67
0	323
0	323
1	1059
0	7
6	62
0	138
10	1034
0	53
0	694
0	142
0	33
0	112
0	1206
22	841
0	86
0	950
0	314
0	649
0	649
0	20664
18	20262
0	677
42	3384
2	1327
14	4
0	637
0	3346
128	17868
0	4974
3	1692
58	656
0	131
0	39
0	19
3	36
0	17
0	54
0	157
12	0
1	23
0	13
2079	1745
0	1440
5	1032
12	284
314	62
2	62
1	25
4386	4651
0	0
0	0
0	135
1	149
0	19
378	164
1	31
0	0
0	0
6	341
0	323
2	319
4	157
3	16
1	39
2	22
3	11
0	126
0	109
1	40
0	0
0	0
0	0
0	0
0	1
0	0
0	1
0	0
0	0
0	0
0	0
0	0
0	0
0	0
0	0
0	0
175	282
4	99
0	189
1	3
7	10
202	1236
5	1173
5	223
12	1126
0	1117
0	1004
1	877
0	936
0	257
0	347
26	274
27	24
0	30
0	377
4	913
0	887
0	921
3	77
6	215
0	215
1	0
0	0
106	0
72	18
0	10
0	3
0	6
3	0
0	1
88	1
31	68
0	68
0	0
0	0
0	0
0	0
45	1518
241	1898
2	1040
0	1138
29	1181
0	866
10	407
0	507
25	321
2793	2224
70	2224
38	580
208	557
104	0
0	12
177	45
1	7
0	22
0	21
0	0
0	0
0	0
0	0
0	0
16	4
1	0
0	4
0	2
0	42
0	42
0	42
0	52
0	0
0	0
0	51
28	1043
0	719
0	525
2	62
0	11
22	1155
31	50
0	251
0	1192
3	1086
101	88
50	69
42	17
0	1252
3	1229
2	304
0	294
0	248
0	89
0	6
0	160
117	2963
69	2419
28	2932
57	247
88	531
2	16
0	0
0	0
143	2454
3	1773
0	929
0	422
15	74
0	130
19	648
0	0
1	0
0	0
0	0
0	4
0	4
0	0
0	0
0	0
0	0
4	3
0	3
0	1
0	0
0	0
0	0
0	0
0	0
0	0
0	3835
827	3671
0	2215
0	979
0	558
63	723
32	144
0	378
1	164
3	2
46	68
0	847
0	755
4	263
183	61
7	3835
0	0
0	0
0	0
0	0
0	0
0	0
194	10
57	3591
0	3569
15	22
2	1833
3	1909
5	2557
5	1950
0	781
0	114
0	34
116	815
5	32
0	97
0	95
1	138
0	738
0	165
2	168
0	320
4	26
7	13
0	51
0	51
0	4
0	2
0	0
0	0
0	643
0	628
0	654
0	669
0	111
0	19
2	101
1	83
1	23
0	18
5	1
0	650
0	650
2	400
0	362
0	567
841	730
2	287
35	730
0	156
0	506
1	420
0	505
0	500
5	88
0	62
2	74
0	35
0	36
0	25
11	47
20	18
3	39
0	34
0	0
2	0
0	486
216	101
0	101
0	64
28	25
0	46
0	63
0	44
1	32
0	14
0	66
0	17
0	56
0	16
0	29
0	16
2	66
0	45
0	22
0	74
2	10
0	32
0	99
12	272
20	272
0	47
70	971
0	971
11	233
2	47
19	105
0	5
0	5
0	0
0	0
0	0
0	0
0	0
0	0
0	0
0	0
7	553
29	0
52	485
0	302
0	313
0	176
0	109
0	309
0	170
1	0
0	20
0	32
0	295
35	316
42	727
1	678
3	146
0	101
1	121
10	120
28	0
0	56
32	14
2	26
46	31
0	26
0	3
0	11
0	6
15	18
0	25
0	0
0	0
0	0
0	0
0	0
0	2
6	21
0	2
0	1
1	1
0	1
0	3
0	15
0	90
0	90
0	92
0	29
0	92
94	1142
0	1142
2	23
1	213
1	130
5	63
106	148
0	11
0	31
0	52
41	53
0	53
5	6
0	3
0	27
3	2
1	20
0	15
4	19
0	27
0	27
0	10
0	73
212	1969
1	113
0	1098
6	166
0	663
2	462
4	79
3	86
1	116
0	116
5	55
2	109
2	0
5	8
0	0
0	0
0	0
0	0
0	0
0	0
0	0
4	320
7	315
1	43
0	0
0	0
0	0
0	0
0	0
0	0
0	0
0	0
1	0
0	0
0	0
0	1444
0	1730
15	373
2	1602
0	1726
22	1206
0	425
0	102
0	102
0	91
23	142
8	888
0	213
23	77
9	196
36	59
0	52
0	13
0	13
0	12
0	0
0	11
0	1
0	10
0	3
5	0
0	1
0	0
0	1
0	0
1750	297
90	297
0	9
1	9
0	9
0	0
1	1
189	364
5	226
8	73
1	121
0	1
6	1
2635	450
4	448
834	0
0	9
0	9
0	2
0	223
0	237
0	234
0	86
0	34
0	8
2	0
0	0
0	0
0	0
0	0
85	132
0	133
0	31
1	82
0	522
70	522
7	2
1	0
0	2
0	5
0	5
0	4
0	5
0	0
0	0
3	565
0	598
0	669
0	561
5	55
35	437
0	383
3	32
4	4
7	51
3	40
14	11
0	2
0	6
8	7
0	7
191	189
1	67
5	89
0	81
2	0
0	389
0	427
0	113
6	11
0	73
4	57
0	0
0	0
0	0
0	0
5	205
4	193
1	26
5	141
0	53
2	60
0	14
7	23
2	16
0	4
0	13
0	2
0	9
0	2
0	6
0	1
0	0
0	0
0	5
0	2
1	394
1	432
11	221
1	91
0	332
0	376
0	269
0	305
0	240
2	71
3	207
6	14
0	0
0	0
0	0
0	391
0	311
13	358
75	2955
0	294
69	2812
21	450
1	563
0	17
0	0
0	43
0	46
0	32
0	43
0	40
0	1214
1	1170
6	1217
11	439
2	31
1	174
42	14
7	317
0	196
1	220
1	45
0	0
0	0
0	0
128	990
2	977
0	453
2	173
11	13
0	476
0	58
0	499
7	20
15	25
21	22
1	213
0	11
0	168
8	488
120	542
0	220
0	79
1	0
9	31
1	0
0	31
15	30
0	4
0	2
1	27
0	6
0	16
11	21
0	20
0	12
7	2
117	0
24	776
0	809
0	135
3	290
37	21
0	0
0	0
23	67
72	67
424	0
0	0
0	0
30	643
2	138
0	83
0	514
0	35
0	8
0	24
1	21
0	15
0	46
38	113
32	427
42	9
12	422
436	699
0	699
0	19
1	3427
28	3427
36	1578
0	0
60	40
0	40
1	1588
0	1571
5	1299
1	1324
2	91
41	238
0	155
0	149
5	122
1	174
300	230
6	230
71	10
9	76
0	4
0	4
12	72
1	0
0	0
0	0
0	0
544	177
0	177
1	128
20	77
0	89
1	88
0	90
0	0
0	0
0	2
0	2
0	0
0	0
0	2
0	2
2	94
7	73
10	10
0	21
3	58
0	101
0	0
7	57
0	0
0	4
1	4
0	0
133	29
2	45
0	36
3	14
0	28
1	28
297	2204
6	1984
1	1622
2	1399
11	1673
2	530
29	599
140	765
57	1361
47	1361
3	318
25	108
4	3
6	554
5	559
2	496
0	573
5	1
3	416
0	90
0	165
0	0
0	140
0	405
0	440
3	34
0	423
35	366
1	142
2	22
2	138
0	39
1	13
0	90
0	96
87	39
0	27
0	14
0	10
0	0
0	0
0	0
0	0
0	0
0	0
0	0
0	0
0	0
0	0
0	0
0	0
0	0
0	0
0	1
0	1
0	1
0	1
0	0
1	0
68	318
10	296
75	4
25	317
0	102
1	191
2	204
32	88
1	52
1	49
5	0
18	1473
0	1459
19	1376
2	229
10	142
0	152
0	340
3	152
8	83
0	4
0	3
0	3
0	1
0	1
0	1
0	0
0	1
0	1
0	1
0	0
0	1
0	1
0	33
0	34
0	33
0	3
0	2
20	0
0	38
56	587
108	78
0	74
0	180
1	38
0	192
7	187
0	66
0	180
0	69
0	65
0	492
0	53
130	14
1	73
4	46
0	54
1	28
0	11
0	27
0	137
6	16
2	29
0	3
2	63
3	0
0	0
4	65
9	201
0	250
2	242
1	78
3	55
2	24
0	10
1	0
1	107
11	114
1	93
14	82
0	51
0	47
0	32
463	399
0	399
0	58
3	24
73	51
712	51
0	10267
45	10261
1	1455
3	36
3	79
0	28
0	25
0	22
0	52
3	7
1	26
2	20
0	13
5	144
2	21
0	22
2	73
0	81
0	81
0	21
0	52
0	54
0	0
0	0
0	0
0	2
0	2
0	2
0	2
0	0
0	1
0	0
0	1
0	0
0	0
0	0
68	8
1	8
0	7
0	0
1	0
0	0
0	0
0	0
0	0
0	0
0	0
0	0
0	0
0	0
0	0
0	0
0	0
0	0
0	0
1	0
53	0
539	791
0	449
17	365
0	75
0	153
6	179
3	163
1	125
0	0
0	0
0	0
0	0
0	0
0	0
13	33
0	17
0	16
0	0
0	9
0	8
0	7
0	0
0	0
0	0
0	14
29	65
0	150
1	421
41	842
0	37
0	112
0	172
26	51
0	148
0	591
87	166
1	95
1	214
16	126
0	116
1	61
0	12
0	12
0	1
0	0
0	12
1	0
0	0
0	0
0	0
17	0
532	1297
1	1296
2	1269
2	36
11	156
2	181
7217	6038
5	3497
6	5612
0	3522
18	5101
0	0
0	0
0	0
0	0
1215	889
4	106
9	207
60	110
2	155
11	122
0	311
1373	0
38	795
10	803
22	9
2	287
0	180
11	20
0	1375
10	3
5	4
11	41
0	1375
132	7
4	7
0	0
0	0
2	0
0	0
395	16
0	7
0	9
0	0
0	0
0	0
49	234
1	229
0	15
6	20
0	45
3	5
376	127
0	127
17	0
1	0
0	0
0	0
0	0
0	0
0	0
0	0
0	0
0	0
0	0
0	0
0	0
0	0
0	0
0	0
0	0
0	0
81	0
8	334
0	334
0	0
0	0
0	0
0	95
0	26
0	63
0	34
0	23
0	8
0	93
0	8
0	7
3	13
0	16
0	0
0	0
0	0
1	0
0	600
0	772
0	584
0	772
0	107
0	578
0	7
1	160
1	726
3	38
0	331
0	160
0	0
0	0
0	0
0	0
0	0
678	230
29	219
7	66
8	11
1	0
0	0
0	0
0	0
0	0
0	0
0	0
0	33
0	45
0	44
0	46
0	2
0	30
0	3
0	1
1	0
0	0
2	2
0	0
0	14
0	12
1	14
0	12
0	10
0	2
1	8
0	0
0	8
3	5
0	0
0	0
0	0
0	0
0	0
0	0
0	0
0	199
176	210
0	72
4	59
4	26
2	0
0	0
0	0
0	0
0	0
0	0
0	0
0	0
0	0
0	0
0	0
0	0
0	0
0	0
0	0
0	0
0	0
9	3685
0	317
0	843
0	3523
17	502
0	593
2	148
0	3683
0	3606
20	5348
0	5702
29	1807
3	4998
1	3308
0	0
138	564
17	564
5	17
0	15
0	69
0	88
0	277
0	73
0	73
0	103
0	286
0	80
0	78
4	39
0	301
0	297
0	302
3	143
0	52
0	0
0	0
0	3
0	3
0	1
0	0
0	0
0	0
132	1410
0	723
0	826
0	499
63	797
7	321
15	201
0	117
0	13
5	9
0	440
5	132
0	366
16	379
0	0
0	0
0	0
0	18
0	24
0	23
0	11
0	1
0	3
0	1
0	24
0	70
0	70
0	67
0	49
0	0
0	0
0	12
0	14
0	14
75	30
5	12
0	29
0	0
0	872
0	820
6	59
4	173
0	28
9	52
0	87
160	0
7	109
20	109
0	86
0	731
2	557
1	684
1	50
0	66
0	161
10	85
0	99
0	170
0	75
1	146
6	188
1	139
0	187
2	142
2	132
0	139
20	13
8	79
14	240
0	240
0	13
2	3
2	198
29	198
40	178
5	66
0	67
10	55
0	33
2	4
2	13
665	17156
1	2743
6	13961
0	4392
62	13538
0	13610
0	11138
2	11014
0	7518
2	9551
0	8101
0	5444
5	9673
0	4827
0	3676
0	680
1	2806
0	728
90	0
6	372
7	389
2	23
21	67
0	13
0	25
9227	5044
2	1103
2	192
16	1040
0	323
7	62
0	19
2	9
0	17
0	2
0	2
204	162
40	4
11	158
20014	0
0	0
0	0
0	0
0	0
0	0
0	0
0	0
0	0
0	0
1	0
2	1
0	7
1	7
19	168
0	314
0	339
0	365
0	337
0	342
11	229
0	26
0	70
0	60
0	19
0	1
0	364
1097	0
899	359
0	359
0	59
1	60
0	30
0	30
0	27
0	25
0	2
1	0
1	1
620	31
9	31
27	40
1	40
192	545
21	491
8	549
1	198
12	508
3	26
0	29
10	131
0	80
0	548
0	76
5	34
0	26
2	29
2	7
2	3
0	76
0	4
5	6
0	3
4	4
0	0
0	0
1	4
1	50
0	50
706	264
1	235
4	1193
35	379
0	1291
2	534
18	192
12	245
0	118
3	504
0	44
1	25
0	64
8	510
0	0
0	0
0	0
0	0
7	316
3	433
10	433
0	337
0	434
0	226
0	85
1	45
1	24
0	92
0	54
0	97
1	50
0	21
0	0
0	0
0	34
0	2
3	34
100	552
7	503
0	312
1	401
0	194
0	200
0	32
1	33
3	32
0	4
0	32
0	0
419	2207
0	1799
36	833
1	79
2	80
7	9
0	13
0	39
1	3
0	3
0	2
1	2
2	2
1	0
0	745
0	1359
0	1359
0	1350
5	1245
0	1093
2	169
4	96
2	36
17	41
3	37
11	510
1	232
0	54
0	1373
0	0
0	0
0	0
1	219
9	208
3	42
3	40
0	53
2	78
2	30
0	298
0	298
0	0
0	0
0	0
0	131
1	551
12	404
0	577
0	333
10	11
11	442
2	44
0	549
1	134
10	350
8	224
1	473
4	447
0	111
0	390
0	321
0	291
0	69
3	16
4	1
1	14
512	754
2	577
0	395
10	131
15	2226
1	2159
2	1513
8	986
0	107
1	2188
1	443
0	420
0	194
0	1181
4	151
76	322
2	135
11	106
10	187
1	181
0	33
0	162
0	7
54	1
0	0
0	0
0	0
0	0
0	0
0	557
1396	1573
0	939
4	408
4	1020
0	0
0	0
1	79
16	81
15	57
27	57
0	11
0	18
0	15500
22	586
1	562
2	101
151	39
1	8
0	8
0	6
0	11
0	33
0	900
67	1
0	1
307	69
7	55
22	31
22	214
4	247
14	299
0	34
0	122
0	116
0	106
0	35
0	23
0	1
0	907
0	72
0	55
0	56
0	0
0	3
0	0
0	0
0	0
0	3
0	0
0	3
0	3
23	0
0	0
0	0
0	0
0	0
0	0
0	0
61	0
0	0
0	0
18	56
0	56
0	492
2509	827
49	15
0	198
0	236
26	0
57	53
7	0
9	44
26	0
0	79
18	17
9	3
0	3
0	0
0	0
0	4
0	4
0	1
0	0
0	0
0	0
17	201
0	23
2	13
0	19
1	36
0	18
2	9
6	4
2	132
0	124
1	16
0	35
5	69
1	16
7128	5159
5	4742
6	1342
12	417
424	499
2	121
4	74
14	93
2	237
145	617
4	56
5	602
4	0
15	84
0	131
0	100
25	94
0	79
0	9
4	20
4	20
0	0
0	0
0	8
0	8
0	7
0	3
0	1
0	3
0	1
0	3
0	4
0	1
0	1
0	0
14	48
18	5
11	63
98	167
1	25
0	87
0	157
1	27
0	0
0	0
0	0
424	266
3	67
2	84
5	10
3	132
0	0
0	283
8	204
0	278
24	265
0	61
24	79
0	7
0	225
9	27
0	4
2	223
0	2
1	15
0	0
1	92
6	40
0	65
2	20
2	5
169	112
2	75
4	83
0	50
0	0
0	0
0	0
0	0
0	0
0	0
0	0
0	0
0	0
0	0
100	168
2	78
0	36
1	45
2	120
4	22
0	4
0	81
7	1
0	18
0	36
0	42
0	9
0	4
0	1
0	0
2	4
0	4
0	0
0	3
0	1
0	2
0	0
0	0
0	0
0	0
0	0
0	0
0	0
0	0
0	0
0	0
0	0
0	0
0	1142
85	1147
0	492
0	1126
7	148
5	326
30	0
0	0
1118	11243
677	11204
1	3563
0	2247
0	1374
9	1503
65	1038
3	3204
12	2986
0	0
0	0
0	0
0	0
0	0
0	0
0	0
0	0
8	6
1	0
0	0
0	0
0	6
0	219
0	260
8	131
0	200
16	156
8	129
0	86
0	71
0	78
0	53
0	13
3	236
193	0
165	3375
0	83
8	381
0	1194
0	1191
0	93
0	1192
0	81
0	231
3	1179
9	105
0	82
0	0
612	1800
0	1809
0	28
1	445
1	122
0	296
0	184
0	207
23	188
0	4
7	41
0	42
0	36
0	8
0	0
160	4
0	5
0	2
5	0
0	5
220	108
5	108
0	0
0	0
0	0
0	0
0	0
59	2
0	2
661	230
2	230
11	108
9	96
2	77
1	79
0	0
7	182
1	184
0	186
0	165
4	182
0	16
0	1
5	13
0	8
0	0
0	0
0	0
0	0
0	0
23	527
12	372
0	836
12	809
0	32
0	11
0	59
16	436
5	1
0	1
4	0
0	0
0	0
0	0
0	0
0	0
0	0
0	0
27	281
2	13
0	16
7	20
0	46
1	30
0	281
0	0
0	0
983	366
0	366
2	1
0	1
2	18
1	0
1	18
0	0
0	0
0	0
0	0
0	0
0	0
1	0
4	0
0	0
1	50
0	33
0	5
2	17
0	23
5	93
1	103
1	0
0	172
0	174
0	251
8	272
0	31
1	67
7	26
0	26
19	3
0	1
0	0
0	2
1	37
8	225
2	65
0	216
0	79
3	1
0	74
0	36
0	1385
3	1298
7	185
0	138
0	498
0	12
0	92
50	92
0	12
0	0
0	0
0	0
0	5
0	1
0	0
0	0
0	3
0	5
70	0
0	0
0	6
0	89
0	111
3	86
0	111
0	0
392	1106
8	1007
0	1128
3	64
2	166
0	928
0	143
21	187
0	116
57	142
22	1
19	142
0	90
7	19
0	0
0	0
0	0
0	0
0	68
0	3
0	116
2	906
0	138
0	902
4	226
1	230
9	74
0	11
81	247
0	18
5	8
0	60
2	20
0	51
0	51
0	26
0	0
0	0
0	0
0	0
0	0
0	0
1	0
27	264
0	100
30	185
0	263
0	32
10	124
1	121
0	123
1	10
0	0
0	0
0	0
0	0
0	0
0	0
0	0
0	0
0	0
147	0
0	0
0	0
0	0
0	0
0	0
0	0
0	0
0	0
0	0
0	0
0	0
0	0
0	0
0	0
0	0
0	0
0	0
0	0
0	506
0	7470
0	7541
1	356
1	4651
2	236
7	260
12	245
30	1699
10	3379
108	1039
1	7317
0	96
0	94
0	23
0	1
0	3
9	5
2	0
0	0
0	5
0	1
1	1
0	0
0	0
0	0
0	0
0	86
19	1513
46	665
46	1513
17	699
0	741
0	302
0	1539
64	265
0	1450
3	1499
0	1535
1	162
3	69
1	197
0	245
2	138
2	67
0	127
0	795
8	846
0	864
5	834
5	693
0	127
0	154
16	114
166	142
2	110
0	111
0	140
0	85
0	1
3	3
4	8
0	3
0	6
0	7
2	11
0	1
2	9
0	0
0	1
2	1
0	83
487	23997
2	23997
28	2887
2	446
80	1926
0	1883
5	95
0	83
0	68
0	59
0	28
0	26
0	18
0	2
0	11
0	9
2	7
0	683
296	210
16	189
0	96
0	64
5	94
0	0
0	0
0	0
0	0
0	0
0	23
200	7588
8	2607
0	3548
124	5397
25	2090
0	0
0	0
0	0
4	99
0	99
4	32
0	30
0	7
0	21
0	169
0	234
32	206
0	148
3	34
4	0
0	46
3	251
0	260
0	75
12	41
0	38
16	11
5	3
1	16
19	2
14	0
581	28
0	28
3	128
0	128
0	0
0	0
0	0
0	0
0	5
53	5
0	92
0	97
9	4562
33	4539
269	707
255	160
256	216
19	2
2	4254
80	0
0	0
0	1
0	1
531	0
294	1196
0	150
3	1180
0	247
21	2
1	17
0	61
3	46
0	114
0	90
0	122
0	134
0	48
0	0
7	3
0	1
0	0
0	1
0	2
0	1
62	8
0	9
19	1
26	7
0	7
0	17
6	276
0	188
1	186
0	66
0	276
0	252
0	223
0	275
0	60
0	50
0	8
0	84
1	85
0	81
0	0
0	0
0	3335
104	3318
0	3255
53	38
0	268
0	3308
109	194
0	3332
0	3369
1	111
0	3090
10	2660
9	423
59	0
15	129
18	367
9	3
0	367
8	152
0	175
1	27
1	159
5	48
0	48
0	48
0	47
0	47
0	48
3	25
0	10
0	4
1	1
1	1
0	8
3	7
9	0
0	4
0	4
0	4
0	5
0	5
0	0
0	0
0	0
0	0
141	1197
0	1197
7	448
0	448
46	6
3	3
0	3
0	88
0	10
0	10
0	10
0	0
0	0
0	0
0	0
263	0
5	0
0	0
0	0
64	642
0	642
0	23
24	20
6	3
0	20
0	0
179	0
1	132
0	51
2	132
1	12
1	5
2	0
0	234
0	202
0	183
6	196
0	0
14	236
0	0
2	444
1	171
10	66
2	18
3	6
60	35
0	35
0	10
0	0
0	0
0	0
0	0
4	52
0	52
4	15
0	11
2	9
0	6
0	2
0	4
0	170
0	345
0	129
0	21
0	43
0	340
0	111
0	44
140	342
1	313
0	74
0	14
58	163
0	163
2	23
0	154
0	141
0	13
0	21
4	17
0	16
5	24
0	14
0	21
4	15
0	20
0	7
0	0
37	24
0	18
224	0
0	991
2	89
0	0
2	134
1	3
105	994
14	0
3	107
0	0
123	107
0	16
0	0
4	23
0	39
9	0
1	0
1	25
0	25
147	0
0	0
0	0
0	0
0	792
8	858
0	623
0	1112
3	863
160	63
0	1112
15	5
9	5
0	140
3	155
0	75
0	31
0	0
0	0
0	0
0	0
0	0
0	0
0	0
0	0
71	197
920	241
3	65
0	44
94	141
3	66
0	39
3	5
1	53
2	19
15	16
0	25
0	59
101	4590
2	4557
9	2804
0	1100
1	479
5	48
11	33
3	431
6	1799
0	89
0	1826
2	308
55	49
108	1324
0	311
5	109
0	92
8	152
0	150
0	0
1	7
59	9228
7	6584
14	8175
55	484
18	2886
15	11
0	3
0	0
0	8
0	0
37	313
2	118
5	312
0	69
0	0
0	0
0	0
0	0
0	0
0	0
0	0
0	0
183	150
2	109
1	66
2	54
0	0
0	0
1	544
0	511
3	53
0	93
0	143
0	425
0	321
0	345
0	410
11	97
1	47
0	160
2	20
436	294
15	289
0	17
15	1
0	7
0	108
0	6
3	36
0	111
0	138
0	110
0	102
0	21
1	19
0	23
0	101
0	0
0	0
0	29
0	409
0	391
0	12
0	82
0	377
0	62
0	93
1	351
0	13
5	25
0	5
3	14
0	4
6	14
0	8
0	1
0	10
0	5
0	1
1	3
0	1
0	0
0	2
0	0
65	585
5	587
1	325
13	110
0	92
0	282
24	34
0	246
0	34
77	2
84	90
0	32
0	58
118	3109
0	364
0	307
2	278
0	3109
352	0
28	1581
39	1331
0	1410
92	52
168	49
8	244
0	2
1	460
0	1410
0	0
0	0
1	0
0	0
0	0
0	0
12	230
5	215
0	87
0	1
0	86
0	4
0	207
0	30
1	21
11	1
4	6
43	1106
0	1106
0	0
0	0
0	0
0	0
0	151
0	318
65	336
0	133
0	284
0	59
0	41
0	102
23	28
0	262
5	43
2	69
0	149
0	101
0	71
2	55
16	3190
38	452
3	322
0	2581
0	2586
10	2798
0	2461
0	1
0	0
0	1
0	0
0	0
0	1
0	1
0	1
0	1
17	647
16	660
7	121
3	440
1	44
0	54
3	60
0	1
6	660
216	398
1	398
13	295
8	22
1	4101
0	4763
8	294
5	1236
0	1237
0	1182
28	443
34	1191
3	977
0	1209
19	189
0	65
0	0
53	82
0	82
0	82
0	18
0	9
0	29
20	5605
17	2200
45	5600
4	1384
32	1384
1242	2494
1	2619
0	1291
0	468
28	489
2	467
12	274
0	381
1	97
0	218
1	4
4	35
0	35
15	408
6	457
1	360
2	348
2	238
1	223
0	162
2	2
0	2
0	2
1	554
0	292
0	532
0	554
1	347
1	347
0	128
0	73
2	54
0	67
1	47
0	5
3	264
0	274
0	61
2	19
15	13
0	548
73	3522
126	3429
33	975
49	881
94	0
69	230
1	180
5	193
39	1639
0	1790
21	1007
0	220
0	105
1	1
0	1
0	0
86	6199
1	6199
131	699
0	442
44	178
4	207
5	300
107	6181
0	28
0	11
2	28
9	7
0	0
0	0
0	0
0	511
0	0
42	300
3	298
0	11
1	30
1	31
0	63
0	6
0	0
0	33
0	72
0	68
0	29
0	63
0	540
3	76
1	645
1	634
2	11
0	27
0	99
0	49
0	641
808	718
107	718
66	77
16	57
2	46
0	2
0	77
0	3
0	3
0	0
0	0
4	2277
0	2289
0	2212
0	2
0	2
0	2
444	222
0	113
1	43
0	97
8	2
0	2
3	0
3	1
0	1
0	1
0	1
0	0
0	1
0	0
0	324
1	282
27	89
0	238
0	84
0	62
0	0
0	16
0	70
1	292
55	251
6	39
0	200
0	149
0	87
0	49
0	17
1	0
5	1600
0	147
43	267
1	93
51	1600
0	104
2	28
1	102
2	849
0	774
121	386
0	330
0	319
4	209
0	850
5	759
80	734
0	856
1	995
0	1216
6	666
26	106
0	142
26	61
2	17
0	1188
0	0
0	0
0	0
0	0
0	0
0	0
1	0
0	2960
0	1304
0	48
0	0
0	2357
0	2356
0	2796
0	888
0	2357
0	0
0	0
0	49
0	3117
0	920
1	2920
0	2635
9	2905
0	178
1	652
0	2043
0	2043
8	508
0	2924
0	3080
0	48
1027	0
0	0
0	0
0	0
0	0
0	0
0	0
0	3
0	3
0	3
0	1
0	0
0	0
2	0
3	0
0	1
0	0
0	3
3	3
347	465
0	440
0	95
2	47
0	249
0	248
0	228
1	55
4	23
1	48
0	105
0	72
0	41
0	53
0	58
2	28
61	3079
32	379
0	2530
0	143
0	68
0	127
0	128
2	1281
4	3079
393	1543
0	1153
56	652
10	1204
1	218
0	59
0	1378
0	1250
8	161
0	160
0	156
0	156
0	1311
0	95
0	298
9	267
2	114
0	131
0	125
9	8
0	8
42	423
0	392
0	76
0	163
0	42
35	1
6	12
0	12
0	2
0	8
0	7
0	3
0	169
1	5112
2	4490
1	5026
3	531
4	414
0	4059
0	5
0	718
8	472
7	133
0	591
57	558
0	328
7	108
0	0
0	35
8	35
0	9
0	0
0	63
1	43
0	17
40	249
0	132
775	874
5	874
24	60
0	134
0	1
0	1
2	1
0	10
0	15
0	11
1	11
0	3
0	4
0	2
0	1
0	0
0	0
0	2
0	0
0	2
0	0
0	0
0	0
0	0
0	0
572	169
0	169
23	797
27	1104
0	1108
1	117
11	109
0	46
1	128
3	128
0	15
0	18
0	13
0	25
0	128
0	138
0	0
0	138
2	134
0	125
37	177
11	17
2	137
0	53
0	7
2	103
0	39
324	2281
10	1870
0	2158
0	211
0	218
7	174
55	192
0	26
0	154
0	209
0	163
0	65
0	70
0	131
18	145
0	110
0	69
3	93
0	62
8	28
2	18
0	31
1	1019
13	986
0	343
0	335
3	2
0	1017
6	0
0	0
0	626
0	629
0	645
0	626
0	605
0	666
0	485
1	25
4	453
1	182
0	248
0	194
0	117
0	520
0	309
0	460
58	192
14	0
0	0
0	0
530	0
0	0
3	20
58	915
0	815
3	329
0	65
0	9
0	4
0	9
0	12
1	17
0	76
0	11
0	11
2	80
5	3
0	0
0	0
0	0
1	3
1	1783
135	1141
8	2246
0	983
5	689
226	9083
135	7851
16	602
2	4363
18	4363
1	7
1	1
0	1
8	4
3	83
2	11
4	3
6	59
0	72
3	51
0	17
29	33
69	112
0	92
0	115
0	10
0	15
0	59
0	59
0	0
0	0
1129	90
1	90
257	753
4	726
2	205
24	45
0	1375
7	182
10	0
1	152
0	158
1	302
2	608
2	0
0	1048
1	263
1	206
0	215
0	78
0	120
0	89
12	25
6	260
0	117
0	110
0	103
0	33
0	15
3	7
88	0
0	1896
0	1045
573	2240
8	85
5	131
0	160
0	115
26	2200
0	0
0	0
0	0
0	0
0	0
73	233
34	233
1	0
0	0
0	0
0	0
0	39
84	741
8	309
0	85
0	117
0	267
6	209
114	1
1	83
0	110
0	116
51	7
10	57
3	105
0	104
0	99
0	99
0	30
0	81
0	12
5	84
2	3
0	5
0	9
0	13
0	15
0	16
0	8
0	6
0	1
0	0
82	0
239	0
94	799
0	3
24	799
0	105
0	14
0	11
0	1
0	0
0	14
379	734
5	729
0	630
1	93
0	51
0	42
2	17
86	27
1	27
0	22
2	25
0	7
0	3
3	0
0	0
3	3145
0	400
0	230
0	174
0	3150
17	40
0	25
0	38
50	100
0	100
0	14
3	410
0	625
0	127
1	145
2	318
13	588
8	566
3	69
2	3199
0	3198
0	3142
0	700
0	963
22	55
22	198
3	590
0	314
0	2941
31	3203
2	0
489	50
2	27
1	23
0	0
0	0
0	0
0	0
1	1000
0	1001
0	152
11	21
0	0
0	0
0	6
0	1
0	6
0	2
0	3
23	411
2	391
7	352
0	149
1	96
23	2
0	2
0	3
0	9
3	9
0	4
1	2202
1	1932
18	2193
0	1973
220	2347
0	1565
0	188
0	531
0	23
0	380
0	0
976	2481
9	2330
44	151
0	0
0	0
0	1085
5	1083
1	98
28	96
0	0
0	0
187	663
1	458
1	652
13	132
0	18
2	28
9	17
4	28
0	49
0	57
0	17
1	28
0	48
18	43
0	27
1	58
297	2128
0	125
0	40
0	8
0	8
0	4
0	4
89	125
617	325
0	325
327	1818
6	1789
5	1790
0	274
5	141
1	164
0	85
0	64
2	43
3	181
0	300
6	127
0	371
0	209
2	0
5	1
0	1
37	651
0	177
0	176
0	114
1	61
0	5
0	654
0	1170
0	1177
12	88
0	83
0	245
0	247
3	157
1	124
0	41
1	273
8	273
0	135
3	110
0	74
0	10
0	1158
35	4
6	4
0	0
0	0
33	28
1	23
0	6
20	1448
5	1440
0	1425
1	560
0	1051
0	1211
0	224
2	811
3	593
2	705
0	1448
0	107
16	0
1	19
0	6
2	4
0	6
0	6
0	9
0	8
1	2
0	5
0	107
1	5
0	5
0	0
0	0
0	0
0	0
0	0
0	0
4107	2024
61	1640
3	797
51	31
154	673
0	83
1	477
0	223
0	273
15	332
3	411
0	0
0	0
0	0
0	120
2	126
0	120
0	126
0	23
5	17
0	175
3	511
0	511
8	521
0	504
0	366
2	34
0	44
2	35
0	44
0	7
0	17
0	0
1	0
0	2416
0	2
0	3567
0	5
1	0
0	0
0	0
0	0
0	1
1	1
5	289
211	0
61	114
63	0
41	145
1	3556
118	906
11	362
0	857
2	129
3	52
1	0
0	0
0	1
0	0
0	1
741	393
1	370
0	210
0	107
81	132
0	8
0	30
0	94
54	0
0	170
0	170
0	9
2	6
2	102
0	107
0	102
13	42
0	22
0	1
19	1
0	7
1	31
0	3
0	102
1437	3
10	3
0	84
0	84
0	84
0	84
0	20
0	21
1	0
0	0
0	84
100	85
0	104
0	87
1985	12728
7	10002
0	6288
1	5449
0	0
34	0
538	51
25	51
0	707
3	674
0	114
13	38
0	359
0	323
0	327
0	217
0	150
5	28
0	32
1	35
0	49
2	23
0	47
0	25
0	14
0	4
2	1323
15	780
3	1229
105	864
0	0
0	0
0	0
0	0
0	0
0	0
0	0
0	0
0	10
0	55
3	55
0	2
0	3
0	23
0	3
0	9
5	8
0	8
0	0
0	0
1	0
0	0
0	0
0	0
0	0
681	698
34	98
2	37
1	76
0	145
0	380
0	38
0	0
0	0
0	0
0	0
0	0
0	0
0	0
0	204
0	25
0	23
0	179
3	206
0	53
0	3
0	147
0	93
3	29
0	195
0	110
2	28
0	19
0	76
0	110
0	95
0	63
3	2
0	13
3	6
0	12
0	7
0	13
0	13
0	11
0	2
0	6
0	111
666	46
6	46
23	2
282	570
3	0
151	570
0	0
0	0
0	0
0	0
0	0
0	0
0	0
0	0
11	556
7	565
21	557
0	534
0	125
122	1298
0	125
64	1138
1	21
1	290
0	447
6	106
48	1742
196	1742
0	0
0	0
1637	2970
5	2511
0	629
13	1274
0	305
0	10
1	10
0	0
136	0
0	0
319	426
0	243
0	334
0	245
41	50
0	49
0	41
0	76
34	80
3	135
1	66
0	125
0	125
0	125
2	25
0	93
0	39
0	74
1	17
0	7
0	7
0	0
0	0
0	0
0	0
0	0
0	0
49	8
0	0
0	6
0	6
0	8
3884	393
3	393
0	0
3	448
32	448
0	258
64	791
8	291
2	442
34	465
0	16
0	1252
0	1238
0	410
1	248
0	748
0	113
2	364
15	157
8	259
1	98
0	112
0	12
0	1
0	12
0	2
0	12
6	123
0	123
50	482
0	494
0	512
1	435
8	24
125	64
0	47
6	24
1	8
4	2
0	0
0	1
0	3
0	1
0	0
0	0
0	1
0	3
275	3096
14	1222
19	3065
4	127
0	283
0	876
6	26
17	1232
0	313
4	169
5	15
0	252
0	307
0	1041
0	990
1	395
0	879
0	812
15	222
0	659
0	233
5	263
41	200
3	84
1	183
0	60
0	182
8	195
396	1036
0	1036
0	172
2	152
3	756
2	0
0	16
20	1
7	58
1	2
0	55
0	0
0	0
0	0
0	0
6	2558
0	2537
12	2514
5	220
5	493
6	2339
3571	3514
1	521
0	446
6	426
168	66
0	0
28	66
0	25
0	8
0	3
0	1
73	137
5	135
19	3
0	42
0	44
0	41
0	43
1	43
0	18
0	14
0	5
4	24215
1	7453
0	1639
0	13212
9	8369
2	7050
19	3995
6	1532
0	23933
21	8
0	3
0	5
0	4
0	2
296	614
7	614
0	241
41	112
0	42
0	70
0	2
0	2
3	379
0	44
4	60
2	58
2	348
4	368
490	0
0	102
3	45
201	102
0	0
0	0
0	0
0	0
56	410
549	630
4	495
3	45
0	90
0	54
4	10
17	4
1	150
3	105
0	82
0	508
0	656
11	168
0	252
0	472
0	578
1	151
0	161
0	213
0	724
0	1
0	1
0	0
0	1
0	1
0	0
0	0
0	0
87	410
0	141
1	117
1	26
12	3
0	130
0	26
25	0
0	2
2	14
0	4
0	14
0	2
0	104
1	88
22	1090
3	1069
0	858
1	121
8	200
1343	1254
5	223
1	434
0	668
0	479
2	63
0	62
0	11
0	6
0	38
3	7
0	2
0	2
0	35
0	5
0	5
0	4
0	26
0	2
0	19
8	1
0	2
21	1
0	2
0	2
0	0
14	0
0	1037
5	666
9	213
2	370
17	39
1	200
0	1272
2	1208
0	1236
0	260
20	1339
34	1282
3	1283
3	619
246	95
0	95
460	280
1	272
4	204
4	309
0	89
14	309
2	79
0	111
6	309
9	13
1	77
0	61
4	749
100	1382
12	453
20	54
0	64
0	244
16	541
0	210
0	356
0	293
13	33
0	0
0	0
0	0
7	244
1	154
0	108
14	6
0	25
8	4
8	0
0	145
0	99
37	367
3	367
0	70
0	0
0	0
1	0
1	0
0	0
0	0
0	0
0	374
0	379
0	3
0	178
39	18
24	385
37	374
0	265
9	301
36	379
0	883
0	849
222	0
0	0
0	0
0	0
0	0
9	2284
8	2425
0	2297
2	278
1	202
0	229
2	2453
499	2752
7	255
0	565
14	473
1	418
8	19
1	906
1	206
1	267
9	570
44	73
2	61
3	53
1	0
0	0
0	0
0	0
0	0
0	0
0	0
0	0
0	0
1	267
12	267
1	8
0	0
140	1664
1	1664
11	54
1	498
15	116
5	10
0	15
0	46
0	562
10	0
0	558
0	521
1	85
0	531
0	482
3	230
12	213
823	466
0	179
118	0
0	10
0	5
2	9
0	0
3	4
0	3
0	0
0	16
0	16
592	63
0	63
0	580
2	53
104	580
0	0
0	0
0	0
0	0
0	0
5	27
0	3
11	37
0	74
1	56
0	26
0	78
2	299
0	45
7	20
0	383
1	386
318	0
0	156
105	52
380	279
1	250
2	186
0	11
0	155
0	9
0	171
16	1
1	31
0	175
650	0
92	5
0	5
872	304
3	304
0	35
0	67
354	274
0	34
0	263
4	40
0	18
0	18
0	2
0	2
14	18
1	8
57	8
0	0
0	0
0	0
0	0
0	5
0	3
0	1346
0	2579
0	2624
0	14
2	2638
3	0
3	145
0	2500
1	16
1	44
14	2
129	77
0	22
2	131
147	291
3	267
1	97
93	56
0	77
0	0
0	0
0	0
1	0
4	0
0	0
0	0
0	0
0	0
2	33
0	418
1	127
2	407
0	420
8	10
1	10
2	0
147	946
0	503
45	72
0	510
0	26
0	311
0	52
0	11
0	449
0	930
178	1122
56	1018
1	798
1	792
0	484
0	218
0	5
1	0
0	0
0	0
0	0
0	0
0	0
0	0
0	0
0	0
0	0
35	31
0	31
45	0
20	0
0	0
0	0
0	0
0	0
0	0
0	534
0	0
0	0
0	0
0	0
0	0
0	0
0	0
0	0
259	0
0	0
0	0
0	1
0	1
0	763
0	796
3	81
4	90
17	246
0	120
6	180
4	43
15	1844
14	1878
0	258
0	502
0	235
460	1909
510	0
0	0
0	0
0	0
0	0
168	119
4	20
2	20
0	20
0	81
0	20
10	62
0	11
2	1
0	1
0	0
0	0
0	124
8	91
1	254
782	1023
8	739
2604	221
52	221
118	385
0	341
0	116
0	130
0	111
0	0
1567	257
1	257
1	114
60	668
0	29
0	227
4	11
1	1601
39	1562
0	119
64	357
0	1545
742	177
0	177
0	46
0	49
0	25
0	29
0	25
0	13
0	13
0	11
0	10
0	3
55	54
0	0
0	0
983	152
3	152
1	33
0	32
0	11
38	23
0	16
0	15
0	17
0	8
2	9
0	4
3	6
6	0
0	0
0	0
0	44
1	43
0	44
0	47
2	0
0	0
0	0
0	0
20	0
1	28
13	123
0	121
0	2
0	28
0	0
0	0
0	0
0	0
0	0
0	0
2	0
0	0
310	424
8	432
2	8
3	14
4	41
21	14400
0	13985
9	13955
0	8355
0	7240
67	8347
0	7526
1	6131
14	5359
0	5909
0	4988
0	3911
52	1179
561	1179
4	593
18	150
8	0
18	53
0	0
0	0
0	0
0	338
0	210
0	289
0	33
0	298
0	230
10	11
0	304
0	0
0	5
0	15
0	425
0	408
0	64
18	686
6	685
0	214
0	190
0	239
1	103
0	90
1	63
0	22
0	0
0	0
44	477
0	418
0	690
11	1018
1665	1018
0	0
0	0
0	0
0	0
0	0
0	0
0	168
0	19
944	176
0	0
0	0
0	0
44	593
1	451
18	578
0	1
30	315
7	63
1	105
0	97
3083	60
189	60
0	15
0	65
0	93
1	13
0	89
10	90
0	13
0	90
0	17
1	435
45	435
0	429
0	0
0	0
0	0
0	0
0	0
0	0
0	0
0	0
2	0
5	52
0	29
0	9
0	5
0	47
144	0
0	0
0	0
0	4
0	4
1	72
0	22
0	9
9	2
0	73
169	13
2	182
0	182
0	0
0	0
0	0
0	0
0	0
18	4
0	4
0	1
8	2
0	2
0	1
1	1
1	0
0	0
156	1659
3	2
2	2
59	689
0	732
0	273
5	361
0	456
4	482
0	459
0	66
0	190
0	107
140	0
57	5
810	1203
3	317
14	886
0	0
0	0
3	397
0	1153
15	558
0	488
9	510
0	292
1	196
0	78
1	84
1	406
0	406
0	5
11	0
12	0
0	0
0	0
0	0
0	0
0	0
0	1
0	1
0	2
0	1
0	0
0	0
0	0
0	0
0	1
0	0
0	975
0	376
0	2152
0	220
1	118
0	896
0	1875
99	1
5	243
0	2148
80	2
1	2
435	568
8	568
0	0
0	0
20	2
0	0
0	0
0	4
0	1
0	0
0	3
0	16
0	21
0	20
1	25
0	30
0	29
9	0
0	29
0	1
0	1
0	0
1153	397
0	375
9	255
0	0
0	15
0	0
0	0
0	1
3	15
0	15
0	15
7	153
5	52
3	143
0	32
0	0
5	30
0	26
2	9
15	284
3	16
2	21
0	284
0	267
276	0
131	239
8	222
11	69
10	101
5	45
0	35
22	265
2	252
0	177
0	117
238	10130
0	980
4	10130
0	5
1	5
0	177
23	1533
10	1445
42	174
4	377
23	257
1	210
0	160
559	0
0	1980
0	25
18	235
1	253
0	1890
2	189
1	58
10	283
6	150
4	100
1	2098
0	0
0	2643
0	46
18	2752
2	2770
5	2752
0	70
0	63
1	2830
4	2831
503	0
55	76
0	50
2	76
8	0
20	16
809	54
0	53
54	0
166	0
0	0
0	0
0	0
0	0
0	0
0	0
0	0
0	1
0	11
0	10
0	0
0	0
0	0
7	807
1	169
1	6
3	87
12	807
1	0
0	0
0	38
0	37
0	38
0	38
1	0
4	0
0	4
0	0
0	0
0	0
0	0
0	37
1027	99
1	6
2	53
8	40
65	1818
48	1818
0	1
0	1
2	0
0	0
0	2
0	2
7	0
0	0
0	0
0	0
0	0
0	0
6	0
0	3
0	3
0	1
1	0
0	7
0	7
0	7
0	3
16	322
0	82
35	325
0	55
56	15
0	4
0	11
1	42
1	275
0	323
8	427
0	437
34	239
11	69
5	142
60	371
162	210
0	204
0	119
1	214
2	47
0	270
0	0
0	0
0	0
0	0
0	0
0	137
0	137
0	15
1	161
9	86
2	51
5	17
17	255
5	84
28	3
0	544
2	404
5	73
0	8
0	1268
0	1648
0	468
0	163
74	82
6	1759
1	33
0	600
0	5
0	571
0	495
20	1242
1	1253
0	0
0	4
0	4
0	3
0	2
0	5
0	6
0	3
0	3
0	3
0	3
0	3
5	24
0	24
0	10
0	0
0	17
0	23
0	23
0	10
0	11
0	0
2	0
0	370
0	21
0	42
0	373
2	42
5	0
6	13
0	13
0	32
18	50
0	34
0	0
0	0
0	0
0	0
107	445
134	445
10	214
0	0
0	4
0	1
0	4
0	4
0	4
0	4
0	2
0	71
0	30
15	4
0	318
0	178
0	322
104	322
0	0
0	0
0	0
65	8
3	8
5	97
178	133
3	8
0	2
0	8
0	2
0	0
0	0
0	2
0	2
0	0
0	2
0	3
0	0
0	1
1	0
0	3
0	2
0	14
0	2
0	0
0	26
2	0
15	28
0	3
0	0
0	0
0	0
0	0
0	0
0	0
0	97
14	128
0	150
0	126
0	73
0	3
5	124
0	0
9	0
0	7
8	13
0	6
0	1
5	11
0	1
0	5
0	4
538	1385
43	751
12	1292
0	497
0	210
17	91
0	26
0	81
0	70
0	22
0	54
0	27
0	16
0	7
0	25
0	27
0	23
0	21
0	23
0	17
0	6
0	7
0	4
0	2
0	1
0	2
0	0
0	2
96	243
0	243
4	21
2	34
3	11
0	0
0	0
0	0
0	0
0	30
1	2809
17	475
32	2807
8	67
0	0
0	4
0	4
0	4
0	0
0	0
0	6
0	6
0	6
195	286
4	285
0	41
0	15
1	1480
27	1315
9	23
16	89
24	12
0	399
1	392
0	49
0	1480
0	0
0	0
0	0
12	0
459	65
0	0
0	0
12	0
0	0
2	0
0	0
0	0
0	0
0	0
0	0
0	0
307	1367
1	1220
0	134
6	110
4	70
0	0
0	0
0	0
0	0
0	0
0	0
0	0
0	0
0	0
0	0
0	0
0	0
0	0
0	0
0	78
4	319
1	292
0	378
0	272
0	200
0	140
3	27
0	134
0	97
100	66
3	32
0	93
1	83
0	26
0	34
3	34
0	0
0	0
0	0
39	6
1	2
0	1
0	2
0	1
0	7473
13	794
85	7621
361	0
963	118
77	7
0	55
0	58
0	0
0	0
0	0
0	0
0	47
35	12
4	12
0	40
0	40
0	40
0	2
0	2
0	0
0	0
0	0
0	7
0	8
0	13
0	6
0	3
0	0
0	0
1	8
0	6
0	10
0	7
0	0
0	8
0	13
0	13
7	59
0	59
0	1
1	1
0	0
6	0
0	0
0	0
0	0
0	0
0	0
0	0
0	0
5	60
4	54
0	30
0	29
0	32
0	28
0	10
0	4
1	417
0	417
0	417
0	356
1	282
6	39
0	33
3	29
0	6
338	1644
8	1355
6	11
0	1147
1	120
0	517
23	43
291	126
0	24
0	108
0	30
0	0
0	0
0	0
0	0
0	0
0	0
27	61
0	59
0	5
4	146
1	143
0	16
0	4
1	2
0	5
0	5
0	6
0	6
3	1
0	5
0	6
0	0
0	0
0	1
0	1
0	2
0	2
2	1
0	1
0	0
0	1
17	647
1	764
2	81
0	649
0	676
1	13
0	39
1	489
1	82
0	31
0	133
0	115
28	299
0	276
146	0
0	0
61	254
15	289
116	358
23	66
68	238
3	37
0	122
0	62
0	77
1	69
2	25
1	52
1	7
0	8
3	498
10	497
0	69
0	7
1	10
5	21
1	20
234	340
0	39
1	93
0	83
0	91
0	76
0	98
0	93
2	57
0	2
0	16
0	6
4	17
0	4
0	3
0	18
0	0
0	1
0	1
0	1
3	10
3	10
0	6
0	6
3	2
0	2
6	0
5	53
0	53
0	54
0	12
0	2
0	3
0	1
0	33
0	8
0	4
1	12
0	3
0	33
789	596
0	500
0	362
0	267
1	72
4	1242
2	1106
0	235
4	233
0	219
0	1150
0	50
0	161
6	22
2	32
2	1035
0	175
0	2096
7	1301
5	2096
245	33
57	49
12	1
2	34
4	44
0	0
0	0
0	0
0	0
0	0
0	0
0	0
0	0
0	7
0	0
0	0
0	0
0	0
0	0
0	0
0	0
0	13
0	13
0	425
27	425
2	100
0	329
15	0
4	3
0	3
0	0
0	3
0	3
0	3
0	0
135	114
0	95
6	70
69	22
0	9
444	0
160	340
0	60
24	50
4	236
47	173
0	53
0	136
0	27
0	134
0	32
0	62
0	31
2	39
8	34
0	36
0	42
13	2
1	43
0	46
3	27
7	44
0	31
1	13
15	357
0	372
14	546
1	398
0	196
3	0
0	0
0	1
0	0
0	0
0	0
0	0
0	0
0	0
0	1
0	262
14	262
0	31
0	57
0	57
0	28
0	23
0	6
5	2
0	0
0	0
1	0
0	0
0	0
0	102
0	471
0	163
0	403
0	430
0	121
0	440
0	60
2	229
0	473
0	394
0	414
0	112
6	448
0	166
1	112
0	120
1	116
0	0
0	0
0	0
0	0
0	0
0	0
0	0
3707	2069
0	640
0	1651
3	10
0	10
0	0
0	0
0	0
1	2539
12	2539
38	1075
11	101
2	1075
1	44
10	0
5	35
2	35
1	10
0	2428
0	2355
1	2177
0	2474
0	2401
4	577
0	360
2	215
42	82
0	133
2	8
0	0
1	1417
8	786
70	498
0	1031
0	146
26	995
0	43
0	544
0	86
11	883
1	862
6	85
1	88
2	21
0	1000
8	1007
0	25
5	0
0	0
0	0
0	0
0	0
0	0
27	17
19	17
0	0
1296	1989
0	590
32	258
20	558
17	0
3	61
0	1391
13	24
0	62
8	93
0	0
0	0
0	0
0	0
33	3528
5	3528
0	0
0	0
0	0
0	0
0	14
1	14
0	13
2	0
455	1002
1	649
8	353
3	0
1	0
0	1
0	0
4	11
13	47
5	47
0	11
2	1
0	44
517	412
0	412
32	389
77	27
57	367
4	72
14	39
0	41
0	53
1	9
0	9
1	6
0	53
0	60
8	79
0	60
0	56
0	43
0	27
99	1941
8	91
8	1400
13	1563
0	0
0	0
0	0
0	0
0	0
34	1
0	1
0	1
0	0
0	0
0	0
0	0
0	0
248	27
10	21
2	19
0	6
1	0
0	308
0	309
0	0
0	309
0	7
2	25
1	267
92	14954
1	14955
6	12770
48	3
0	3
0	198
0	975
0	962
64	305
10	25
5	510
0	124
0	33
32	75
0	22
0	29
0	26
0	5
25	159
2	158
0	67
4	31
18	16
1	45
4	1
0	0
7	11
0	28
0	16
2	2
0	0
0	0
0	0
0	0
0	0
0	0
0	0
0	0
0	0
0	3
0	0
0	3
0	0
0	0
0	2
0	2
1	1
0	2
0	2
0	2
10	0
0	0
0	133
0	88
0	66
0	36
0	3
0	11
0	11
1	5
0	11
0	0
34	21
1	21
71	125
0	125
0	12
0	22
4	43
0	90
0	90
0	1
0	1
110	112
0	73
1	44
2	2
0	2
0	0
0	380
10	262
0	250
15	212
49	2733
7	680
17	179
0	670
3	2718
0	1965
0	1991
3	1997
2	1948
15	1022
1	377
0	24
3	24
0	5
0	1
0	10
30	15
0	0
0	13
2	359
0	359
0	0
6	813
2	84
3	129
0	813
0	0
0	0
0	0
0	0
0	0
0	0
5	24
0	85
1	80
0	0
0	0
0	91
0	105
2	105
3	41
0	105
0	92
0	102
0	102
0	96
2	96
0	51
0	12
0	12
0	81
0	83
16	85
0	75
1	76
1	63
0	24
0	1
8	1
20	5
1	5
3	7
0	7
0	0
0	0
0	0
0	0
0	0
0	0
0	0
0	98
3	15
0	93
0	0
10	0
0	1532
0	1534
1	1533
5	150
0	150
0	1558
0	1529
1	109
16	158
4	181
0	141
0	1848
23	1793
2	103
0	227
303	1812
0	6
0	5
0	3
0	0
0	0
0	0
0	0
0	0
0	0
0	6
1873	1573
0	986
31	1312
0	457
3	862
5	985
1	692
0	1222
24	94
7	371
2	943
16	395
266	240
16	35
0	225
0	5
6	234
0	150
1	200
0	32
1	121
0	111
0	96
0	100
3	19
7	18
5	0
0	0
0	3
14	3
0	2
0	0
0	0
0	0
0	0
0	1
0	1
0	1
0	1
0	0
0	0
957	190
22	182
0	155
0	129
5	2
0	9
2	23
1	5
0	36
7	0
0	22
0	838
37	962
0	912
0	547
0	120
2	24
1	528
0	990
0	1144
0	96
0	272
0	23
0	1142
0	1140
0	1140
66	29
0	8
0	20
0	20
0	18
0	16
0	24
2	0
4	6
0	12
33	130
7	0
7	0
0	1
0	8
1	103
0	40
1585	373
0	200
5	261
0	71
0	0
3	122
2	122
156	158
0	131
1	104
0	101
3	9
41	156
14	335
10	1880
28	2004
12	1793
0	2051
14	1517
7	1879
24	302
2	7
0	47
0	2
0	2
0	43
1	46
0	9
0	0
3	194
10	278
4	172
0	278
6	183
3	32
0	67
2	47
0	13
0	20
0	790
8	124
1	714
0	766
0	797
1	144
0	125
0	91
248	0
0	0
1	730
0	15
0	7
3	18
0	697
5	617
0	42
0	27
0	31
0	31
0	11
0	47
0	175
10	447
0	10
0	16
0	0
0	102
8	0
8	82
2	12
0	12
0	10
0	2
373	325
0	325
2	77
2	133
3	1
0	1
0	0
0	0
0	0
0	0
0	0
0	0
0	0
0	0
0	0
3	6
74	18
0	18
1	6
402	101
1	81
1	79
6	2
0	20
0	80
0	0
0	0
0	0
0	0
0	577
0	283
0	383
0	525
0	546
0	448
15	2
11	29
102	116
8	116
64	5
4	0
753	1046
0	1026
12	119
2	527
0	155
0	550
0	371
0	175
4	60
0	1
0	1
0	0
0	1
0	1
0	1
0	3
0	2
0	1
0	0
0	229
0	504
0	501
19	491
6	132
0	140
0	63
69	1057
0	1057
1	119
0	111
9	665
0	25
144	579
31	55
110	50
0	6
0	3
11	10
10	31
3	12
3	12
3	123
6	116
0	45
1	0
0	0
0	0
0	0
0	0
0	0
575	534
0	534
2	123
0	105
0	54
8	69
0	10
0	12
0	15
0	26
2	36
5	38
0	12
0	18
0	93
5	92
0	37
0	23
0	38
0	26
0	9
0	0
0	0
0	0
0	0
0	0
0	0
0	0
0	0
0	0
0	41
0	34
0	19
0	9
0	12
4	103
1	3
3	102
14	0
0	0
0	0
0	11
0	11
0	10
0	1
0	0
354	63
5	56
5	59
12	56
2	41
0	0
1	207
2	635
24	372
17	25
3	207
295	1289
8	185
27	398
0	16
0	1349
7	95
0	6871
0	6892
1	2733
0	3280
52	810
3	620
2	162
11	1852
2	78
4	123
2	168
0	7
6	70
1	1852
1	0
3	204
0	204
7	0
0	0
0	0
0	0
0	0
13	0
0	1
0	1
0	1
0	1
0	1
0	0
0	0
0	0
0	0
0	0
0	0
0	0
0	0
1	2
0	2
14	9
0	9
0	24
0	549
38	9
0	144
0	505
0	106
2	154
4	198
0	48
0	195
11	182
1	85
0	454
0	17
0	193
0	88
0	192
0	111
0	62
0	73
1	78
0	69
0	505
0	497
0	302
0	88
0	0
0	0
2	0
157	0
2133	432
0	171
1	219
0	268
12	0
92	3474
0	3263
2	2342
0	2742
0	3113
0	2414
83	2401
0	1913
3	505
0	588
64	340
0	249
0	0
0	0
0	0
0	0
0	0
0	0
0	0
0	0
0	91
0	170
0	206
0	245
0	135
8	210
0	195
0	66
0	62
0	69
0	86
4	60
35	10
255	306
0	141
0	208
0	314
0	54
24	130
0	72
0	86
0	93
5	1
0	1
1	3
7	49
2	13
0	49
0	49
0	49
0	26
0	29
11	28
0	34
105	200
12	105
0	149
0	0
0	0
0	0
3	0
0	20
0	20
0	3
0	20
2	0
0	0
0	0
0	0
0	0
0	0
788	94
0	69
0	38
0	0
11	155
5	155
4	26
4	49
0	16
102	0
0	0
0	0
0	0
10	0
0	0
0	15
0	0
0	0
0	0
0	15
0	547
0	542
1	124
2	140
0	92
0	150
0	73
2	5
48	420
0	59
0	424
31	54
3	65
0	0
4	438
0	438
2	58
0	26
0	0
0	16
0	0
0	0
0	229
4	345
0	30
0	190
0	330
0	345
169	28
0	5
0	0
0	23
32	48
418	481
0	17
0	449
0	16
0	134
0	165
93	129
2	139
0	17
0	17
0	17
0	17
0	0
0	0
0	3
0	1
0	2
0	0
0	1
0	17
0	1
0	1
0	0
0	0
0	0
37	337
0	338
1	24
1	84
4	178
9	4
0	0
0	2
0	0
0	2
0	1
1	0
0	0
0	1
0	0
2	0
0	2
0	0
0	0
0	0
0	0
0	0
0	0
0	0
0	0
0	0
0	0
0	0
0	0
16	495
2	387
0	415
1	325
0	249
0	334
4	117
0	63
31	36
2	5
1	0
0	0
0	0
0	0
0	0
0	0
0	0
0	0
0	0
3	863
16	1278
0	0
0	1377
0	0
0	1201
234	1271
0	1450
0	1650
0	1901
0	498
26	3
0	295
0	1286
0	1926
0	1885
0	1201
2	1390
0	968
2	312
4	579
0	1139
5	140
0	654
0	1107
12	571
0	160
0	101
9	276
52	279
2	179
1	59
13	0
184	33
7	17
0	16
125	300
0	300
0	34
0	0
0	0
0	0
172	309
0	216
7	93
1	131
0	95
3	75
0	58
1	55
0	0
0	0
0	0
0	38
170	196
8	30
0	26
8	13
0	23
0	22
0	191
0	4
0	1
0	4
0	3
0	0
0	1
0	1
167	20
19	20
0	0
0	0
0	1592
0	1512
0	70
1	14
3	1431
2	151
0	54
0	54
0	47
0	2
0	24
0	24
0	10
0	8
0	7
0	6
1	0
10	0
0	8
0	9
0	3
0	1
0	5
0	5
0	0
0	0
0	0
0	0
0	0
1135	1195
0	1195
2	91
1	1260
1	0
2	238
0	1260
0	32
0	0
0	0
590	215
0	62
0	90
2	63
0	42
0	21
1	230
0	230
0	22
0	17
0	6
0	88
0	8
2	37
2	22
0	10
0	0
0	0
0	0
0	0
0	0
0	0
0	0
209	694
144	435
0	665
0	462
0	114
0	105
0	76
0	76
0	76
355	44
17	96
0	89
0	96
0	230
1	227
2	13
3	220
0	6
0	0
0	35
0	4
0	0
0	0
0	0
0	0
217	0
0	41
0	42
0	41
0	42
0	29
0	25
19	2
0	26
0	12
5	0
32	287
0	287
63	1765
7	893
14	449
1	1641
0	1180
0	0
0	62
0	61
0	0
0	13
11	4
0	1
5	291
3	273
0	292
0	58
2	71
0	46
0	37
0	0
0	0
0	0
0	0
0	0
0	0
1	0
1	99
3	111
0	111
0	111
0	105
0	25
0	12
0	104
0	81
0	105
0	1
0	21
0	30
1	27
1	0
0	12
0	13
0	25
0	23
0	6
0	16
5	0
0	0
0	0
0	0
0	0
0	20
0	30
5	162
0	143
3	0
0	2
0	10
0	4
2	4
0	147
0	0
0	0
0	0
0	0
0	0
0	0
0	0
0	0
0	0
42	857
2	857
0	180
0	69
16	36
1	184
0	4
0	4
0	0
0	0
2	81
0	81
0	13
7	18
1	10
10	439
0	63
0	72
0	77
0	418
26	81
0	342
0	81
9	148
14	228
0	103
29	3888
0	3888
17	3870
7	119
14	188
6	681
0	104
1566	0
0	0
0	0
0	0
0	0
30	10
0	6
0	4
24	168
1	166
5	161
0	0
118	47
0	30
0	36
28	18
0	12
0	3
0	8
0	15
0	6
0	0
75	831
57	831
0	38
6	84
106	84
0	0
1	0
0	0
0	0
0	0
285	499
0	432
0	369
1	67
0	16
0	0
0	0
0	0
0	0
0	2
0	2
0	2
0	0
0	0
0	2
0	258
2	267
3	63
0	75
4	82
6	94
36	1247
3	82
14	1246
6	44
0	120
12	126
3	21
0	45
0	41
0	5
0	8
0	11
0	0
0	5
0	8
0	3
0	2
0	9
0	11
0	10
0	10
0	7
0	7
5	0
0	351
61	369
3	185
0	43
0	12
2	5
31	14
0	354
14	300
0	242
0	330
2	5
0	58
3	36
0	37
0	129
0	27
8	8
0	1
0	7
445	103
4	101
0	0
0	0
41	5201
3	620
2	354
3	374
702	5231
4	6
17	8
0	2
0	131
1	97
0	92
0	23
0	0
0	0
0	0
0	0
0	0
0	0
0	0
0	0
0	0
0	0
258	752
0	752
0	99
290	624
1	547
0	77
10	290
0	91
5	290
5	64
0	0
0	0
0	34
17	85
5	39
0	62
0	39
0	0
0	0
0	0
0	427
0	425
1	208
0	422
0	262
0	4
36	325
0	487
6	394
2	315
107	28
9	28
0	5
0	5
0	0
0	0
42	0
0	0
0	0
0	0
0	0
0	0
0	0
0	0
0	0
228	119
1	12
0	67
0	68
0	0
7	87
3	87
0	87
0	48
0	0
0	0
11	701
0	689
1	95
4	80
0	106
270	1415
0	1388
1	33
6	169
1	60
0	0
0	0
0	0
0	0
0	0
0	0
0	0
1	0
1	0
0	0
0	0
0	0
0	0
0	0
0	0
0	0
0	0
22	0
0	0
0	0
0	0
0	0
0	0
259	3
7	3
302	0
4	0
0	43
5	45
0	12
0	14
0	5
0	7
32	186
0	43
0	186
8	2473
24	2402
5	384
17	655
11	127
4	207
0	1625
36	1808
0	2007
128	3812
0	40
0	85
2	85
0	0
1	0
0	0
0	0
0	0
0	0
0	0
0	0
0	0
8	139
18	139
19	0
0	0
0	0
0	0
0	0
0	336
0	339
2	125
0	95
0	76
1	75
0	70
0	32
0	38
0	26
2	4
0	313
5	0
6	0
4	0
286	135
0	79
0	25
0	56
52	17
0	16
0	16
3	12
0	9
0	10
0	0
0	4
0	4
134	348
0	112
8	0
0	350
0	330
15	92
0	130
0	71
0	265
9	44
0	236
0	177
0	185
0	115
2	35
19	51
0	147
0	87
0	0
2	0
0	0
0	1
0	0
0	1
58	0
2	0
0	0
1	32
2	40
0	26
0	27
6	29
1	28
0	0
0	5
0	4
0	0
0	0
0	4
0	0
0	1
0	0
0	117
4	120
0	53
0	6
0	41
23	41
0	30
0	0
0	0
0	1
4	1
0	0
0	0
13	731
0	386
0	509
0	200
0	473
0	143
0	495
0	416
0	0
0	0
0	0
0	0
0	0
8	11
0	20
0	20
0	20
0	8
0	11
0	7
0	7
5	391
0	17
35	358
0	61
1	391
759	99
0	99
689	1482
0	602
0	414
0	1085
1	283
0	372
0	0
0	0
2	36
0	23
0	7
1	27
59	85
5	66
25	25
0	0
0	0
0	448
0	897
8	941
0	470
391	991
16	36
22	8
333	592
2	592
6	527
211	447
13	146
0	416
0	359
1	357
0	196
0	29
0	269
1	0
755	372
0	267
0	264
0	261
2	225
0	32
0	341
15	851
1519	851
10	493
0	161
0	601
3	578
1	211
1	302
0	229
2	68
0	0
1	0
0	1
0	1
0	1
0	0
0	0
0	0
7	127
0	784
30	820
6	825
0	910
0	903
2	83
0	208
0	0
9	0
0	2
0	3
0	2
0	0
0	3
2	1
0	0
0	0
486	386
6	359
0	14
0	191
0	45
0	56
3	81
9	47
0	10
0	0
0	0
0	14
1	8
0	9
0	14
0	7
0	8
0	5
3	0
297	1143
1	745
11	52
1	282
16	347
7	7
0	6
0	23
0	10
0	20
0	1
0	1
0	0
0	26
0	57
1	58
0	23
0	14
0	6
0	8
0	8
0	2
0	0
0	0
0	0
0	0
0	0
0	0
0	0
1230	3022
2	2940
0	593
3	82
0	175
20	53
0	48
6	42
6	36
0	43
0	47
0	52
0	49
0	47
0	43
0	34
0	16
1	3
0	53
498	1475
1	918
0	161
0	58
0	69
1	113
4	93
0	56
1	56
0	95
0	40
10	358
51	31
21	103
0	173
97	138
0	124
0	120
2	585
19	199
0	584
0	177
42	553
0	562
0	131
4	145
26	584
14	0
0	62
1	71
0	13
6	185
3	183
0	171
0	148
0	21
0	16
0	29
2	23
0	1783
18	79
8	352
0	352
0	1551
1	0
0	1434
5	135
5	40
6	1772
2	55
5	155
1	66
0	66
1	10
6	39
5	30
1	25
0	36
3	21
0	0
0	1
0	0
0	0
0	0
0	1
0	1
0	51
0	27
0	27
0	51
0	51
2	51
0	23
1	18
0	27
96	2341
0	2341
3	154
0	194
0	126
0	0
0	0
3	0
126	232
4	131
0	0
0	0
0	0
0	0
0	0
0	0
0	0
0	0
970	958
3	488
3	688
0	658
2	342
8	299
1	299
0	0
0	0
0	0
0	0
0	0
0	0
0	0
0	0
0	0
0	0
0	0
0	15
6	82
0	16
55	135
80	56
1	1
0	39
0	56
0	80
2	1
0	1
0	0
0	0
1	28
0	42
67	258
0	21
0	36
0	18
0	164
71	77
0	773
7	203
26	1150
78	959
1	76
0	203
6	750
0	176
31	53
2	74
2	21
2	38
0	86
0	89
0	773
0	0
29	0
6	32
61	223
4	211
0	77
0	2
0	2
0	0
0	0
0	0
0	0
0	0
0	2
0	0
0	0
0	2
0	0
0	147
153	153
1	19
1	4
522	0
536	12
27	12
0	0
0	3274
0	2304
0	226
0	1711
5	2909
4	235
3	265
2	280
2	402
1	149
77	1026
0	150
0	1157
0	163
0	243
0	237
23	901
0	116
29	666
12	87
7	114
111	345
2	104
0	3265
0	1726
0	0
1	14
0	18
0	10
1	1
0	3
0	1
0	7
0	11
0	10
0	6
61	20
3	10
0	10
1	2
0	3
0	3
0	2
0	2
0	0
0	0
0	3
93	991
2	247
18	891
0	118
2	218
18	395
0	0
0	445
0	150
1	93
0	1
0	1
0	0
0	364
0	346
1	358
0	376
0	377
3	109
0	6
0	32
1	1
0	0
1037	88
0	88
73	0
2	30
0	42
104	53
2	13
0	0
0	22
0	9
0	17
1	878
11	131
1	88
0	807
0	186
4	797
1	147
41	1399
0	1602
1	188
2	693
4	1463
0	188
0	259
0	528
0	401
0	454
0	571
0	579
6	167
0	9
0	10
0	0
0	2
0	0
0	0
0	5
0	3
0	3
0	0
471	305
3	73
0	230
4	111
0	0
0	0
0	0
0	0
0	0
0	0
0	0
0	453
0	0
0	137
0	0
0	445
0	0
0	0
0	0
0	242
0	0
0	0
100	2366
17	2346
1	780
0	20
0	0
0	0
0	0
0	0
0	0
0	0
0	0
0	0
0	0
0	0
0	0
0	0
0	0
0	6
5	44
3	31
0	96
0	62
3	13
6	15
0	87
0	0
0	0
0	0
0	0
0	1414
0	385
0	404
1	15
15	0
12	182
23	1439
0	1407
3	1333
38	1886
0	1597
9	0
8	48
1	1994
0	0
0	0
0	0
0	0
0	0
0	0
0	0
69	4
0	4
0	0
0	0
0	0
0	1
0	1
0	1
0	1
195	43
2	27
0	15
1	1
0	0
0	6
0	335
101	332
1	235
11	172
0	54
15	0
0	0
0	2606
31	2499
0	181
31	396
0	0
0	619
1	504
14	58
140	198
0	155
3	90
1	17
1	43
87	64
0	51
1	22
8	27
25	299
1	3
0	289
0	101
0	7
0	8
0	9
0	13
0	2
0	0
0	2
0	0
5	21
0	0
0	20
0	20
0	11
0	0
0	0
0	1
0	0
0	0
0	0
0	0
0	2
0	2
0	0
0	0
0	1
0	1
0	1
0	0
0	0
0	0
0	0
0	0
0	0
0	0
0	0
0	3
5	12
45	195
0	196
0	178
113	1054
0	872
2	841
64	182
0	3
0	3
0	0
4	165
0	16
0	261
0	321
0	9
0	26
0	12
0	8
0	9
0	121
4	4
0	262
18	10
22	45
3	57
0	0
0	0
0	0
13	0
2	168
0	180
1	163
0	48
0	24
0	27
53	45
0	6
3	10
0	12
4	48
0	0
0	0
4	92
107	114
0	2
0	20
108	11
0	11
0	0
0	0
0	0
0	0
0	0
0	0
0	0
14	44
6	159
27	163
3	168
0	32
23	910
0	929
1	921
0	133
13	166
2	12
1628	160
4	160
0	30
0	1654
2002	1832
0	203
4	30
0	90
0	0
0	1
0	7
0	7
0	0
0	0
0	5
0	1
5	2
134	122
4	86
0	0
0	3
0	3
0	3
0	0
0	2
0	0
0	1
0	2
0	0
0	1
0	1
0	0
0	0
0	0
0	0
0	0
0	0
0	0
0	0
0	0
0	0
29	160
170	987
0	62
4	248
45	412
2	198
6	230
0	658
0	1796
4	1662
0	1572
0	785
0	756
2	529
0	190
4	264
0	251
1	54
0	35
0	233
3	53
0	79
10	13
0	0
0	0
0	0
0	0
19	1
0	0
0	0
0	0
0	0
0	0
0	0
0	0
0	0
0	0
0	0
0	0
0	0
0	0
0	0
0	0
0	0
0	0
0	0
0	0
0	0
1249	57
5	56
41	218
0	202
0	219
11	59
0	0
0	0
0	0
6	33
118	768
0	14
0	771
0	127
0	668
2	1
2	127
0	178
0	98
18	0
1	0
28	15
0	3
0	12
0	0
0	0
0	1
0	1
0	1
0	0
0	0
0	0
0	0
0	21
0	15
0	21
341	0
0	0
1499	181
1	181
0	0
0	0
0	0
0	0
0	0
0	0
0	356
0	366
13	127
3	101
2	81
0	57
0	74
0	21
0	0
0	0
0	0
0	161
1	167
0	29
0	22
0	0
1	1
0	1
0	0
0	0
0	0
0	0
0	0
0	0
0	0
0	1215
15	1216
46	1215
0	1051
1	686
0	104
0	140
10	228
0	134
0	75
0	30
7	17
0	1211
0	0
0	0
2	2034
0	2034
0	1767
0	63
1	80
5	61
3	25
0	199
2	135
0	2034
0	1142
0	3
0	0
0	2
0	0
0	0
0	3
10609	2045
64	77
9	770
0	953
11	1105
0	17
0	17
1	5
0	16
0	17
0	779
0	802
0	453
0	447
1	97
0	53
0	16
55	17
0	0
0	99
91	119
0	49
0	25
4	29
0	88
0	54
2	105
0	8
0	8
1	7
0	336
1	354
4	242
6	154
0	40
0	0
0	0
0	0
1	0
0	0
0	0
534	416
41	0
95	416
1	184
0	20
1	9
31	20
58	276
16	276
116	0
3	6
0	5
1	3
0	2
0	0
0	0
1	0
42	571
0	960
0	1169
1	68
0	13
0	4
0	0
0	1082
1099	0
0	0
0	0
8	845
0	839
9	776
0	837
0	515
0	176
0	221
20	181
2	25
0	0
0	1
0	1
0	1
0	0
0	0
0	0
0	0
0	0
1	0
0	0
0	0
0	0
0	0
0	0
0	0
0	0
0	0
0	0
0	118
10	43
0	93
0	113
253	164
0	75
0	89
2	64
0	84
13	9
1	63
0	13
1	63
0	4
0	91
2	362
2	348
8	362
0	345
0	0
0	0
0	3859
0	2155
0	4056
0	3850
3	803
0	3254
5	845
0	1803
0	1857
0	2186
0	2530
0	2476
0	2529
0	2510
0	2287
0	2176
0	2157
0	2321
0	2210
0	2211
5	512
3	253
43	383
3	217
0	384
9	418
174	85
520	0
16	1806
0	6377
0	4241
0	6246
59	6190
376	5531
3	405
0	0
0	0
0	0
0	0
0	0
78	554
8	479
0	483
0	67
1	141
0	36
0	119
268	32
0	32
0	4
1	147
54	722
1	700
18	113
10	692
0	73
0	607
0	159
0	91
5	3
2	240
20	117
0	123
0	84
0	18
0	4
18	5
0	5
0	0
0	873
105	4513
0	3935
0	3646
0	2610
5	806
2	541
0	799
20	1879
0	810
11	7
8	224
8	0
0	0
0	0
0	0
1085	173
2	45
0	128
0	0
0	0
0	0
0	0
33	341
1	341
0	27
1	103
1	36
0	0
0	0
0	0
0	0
0	0
0	0
0	0
0	0
0	0
0	0
0	0
0	0
0	347
433	341
2	52
0	50
1	30
1	320
472	867
0	544
1	471
0	296
42	26
40	924
1	726
0	1475
0	716
0	791
4	646
0	1474
0	0
0	0
0	0
0	0
0	0
0	566
0	558
0	511
1	13
13	46
15	255
2	47
0	58
2	21
0	5
408	373
0	271
0	153
0	92
11	28
0	93
0	71
3	37
51	249
52	210
11	47
0	55
0	0
0	9
0	9
0	0
0	0
12	0
5	1
0	1
0	0
0	0
0	0
0	0
0	0
0	0
0	0
0	56
4	68
2	16
0	38
0	15
0	0
0	0
0	0
5	63
0	6
1	0
0	63
0	284
2	291
0	299
36	166
1	5
0	72
0	81
0	43
0	17
0	398
19	91
4	204
3	313
16	124
0	109
147	0
413	246
11	234
0	129
1	0
0	2
0	2
53	0
11	88
12	48
7	3
1	90
2	90
0	36
0	90
0	4
0	7
0	146
1	209
2	207
0	198
1	93
0	38
0	33
0	9
0	42
5	0
0	0
0	0
0	0
0	0
0	0
0	0
2	1
0	4
0	4
0	1
0	1
0	0
0	566
0	0
234	239
34	123
0	123
0	349
0	313
0	354
2	349
37	410
0	25
0	122
1	57
6	116
0	0
0	0
0	0
10	0
0	0
0	0
0	0
0	0
2931	0
203	337
2	323
2	40
557	648
2	16
0	324
0	324
26	324
0	250
0	239
2	204
7	579
2	543
7	542
0	577
0	0
0	0
0	0
407	843
3	146
13	281
0	800
0	169
27	374
0	1
12	526
1	74
30	195
0	78
1	29
1	0
0	3
0	3
0	3
1	3
1	3
35	118
0	85
3	33
0	63
0	27
8	30
10	0
0	0
1192	745
36	325
5	256
2	173
4	100
82	49
4	49
0	0
0	0
8	2080
1	2074
2	1176
7	242
2	1787
1	450
2	40
0	30
57	41
0	2
0	2
0	2
0	2
17	25
0	22
0	21
0	8
0	5
0	2
0	2
0	1
0	1
0	0
0	0
0	0
0	0
0	0
8	0
0	0
0	0
0	0
0	0
0	0
0	0
0	0
1	0
0	0
0	0
0	0
0	0
0	0
419	664
8	334
12	577
1	238
18	344
2	135
0	183
0	0
16	0
7	1050
53	137
1	43
12	702
14	416
9	920
3	0
7	176
1	108
0	72
2	88
5	39
1	0
0	0
0	0
15	436
8	437
10	2
0	0
0	0
0	0
0	0
0	1756
0	1756
21	586
13	567
0	192
0	221
0	597
0	681
11	681
13	11
0	118
4	118
0	48
0	1
0	1
1	2
0	2
0	0
0	0
0	0
0	0
0	9
1	9
0	6
0	4
0	2
19	191
2	189
26	173
0	167
3	189
142	1047
8	336
0	615
0	58
18	0
23	54
6	99
1	175
0	263
1	187
22	85
17	57
1	244
3	116
0	109
7	3
0	84
4	166
276	417
0	25
0	4
8	392
0	2
0	0
388	5
0	5
0	7323
12	7110
9	5884
5	1034
12	316
0	1033
16	97
0	491
0	0
0	0
109	122
0	122
0	77
2	26
0	60
11	1467
4	1476
10	1474
0	1589
4	279
0	333
0	93
0	116
0	34
0	79
1	53
0	107
0	74
0	104
0	101
0	70
2	64
0	77
0	39
18	24
0	0
1	67
0	64
0	66
0	65
17	63
0	61
22	1080
32	855
2	1014
0	1077
0	1016
0	299
0	551
3	92
1	198
0	151
0	36
0	0
7	145
4	114
0	152
0	60
0	28
0	24
0	37
1	23
0	0
0	0
0	1
0	0
0	0
0	1
80	0
0	0
0	0
25	9
0	9
0	0
0	0
0	0
0	0
0	64
37	105
2	41
0	0
0	0
82	81
2	31
0	50
3007	859
98	26
10	214
74	175
12	159
7	285
0	649
2	194
4	76
0	647
0	95
0	579
11	618
6	16
9	30
0	83
25	378
2879	0
6	15
1	13
0	5
0	3
0	0
0	0
2	27
17	445
6	445
0	395
0	146
0	0
7	836
0	512
7	324
5	496
2	650
3	150
0	529
1	523
3	22
2	47
0	188
0	43
3	23
0	56
1	68
0	20
16	48
0	41
0	27
0	24
0	20
2	8
0	23
2	22
0	20
0	11
0	8
0	6
0	8
4	5
0	11
1	0
0	0
0	0
0	0
0	0
0	0
0	0
1	0
0	0
6	0
0	0
0	0
201	436
7	417
0	342
2	55
0	436
2	0
0	0
0	1
0	0
0	0
0	1
0	1
0	0
0	0
0	1
2	9
46	177
1	177
60	0
0	0
0	0
0	0
0	1106
24	880
628	1088
0	1
0	1
0	1
0	1
0	0
0	0
0	0
0	0
0	0
5	321
1	280
0	647
1	965
0	698
0	45
0	37
10	30
0	708
3	638
0	642
21	0
0	725
0	660
0	467
46	183
0	721
0	678
1	195
1	198
0	198
0	6
0	8
0	5
40	1
1	1
0	0
0	0
0	0
0	0
0	0
0	1
0	0
0	1
0	0
0	0
37	0
0	0
7	0
1	3
0	0
0	3
1	38
0	38
0	34
6	2
0	31
0	30
0	15
0	19
0	14
1	0
0	0
1	0
0	0
1	4
2	4
0	4
0	0
0	0
0	0
0	0
0	0
2	0
454	0
543	901
0	893
3	161
8	60
5	68
0	292
6	166
9	0
0	0
0	0
0	0
0	0
0	0
0	0
2	0
3	37
22	174
46	158
0	170
0	162
5	20
1	18
12	0
945	0
9	840
0	236
4	828
0	828
0	157
0	223
1	9
0	9
0	3815
0	6390
7	3173
0	5693
11	1657
0	3297
0	5142
0	5423
0	5485
0	2799
3	5166
27	6309
0	3303
0	4335
0	3604
0	4188
0	2569
0	2256
0	2308
3	2499
0	2832
0	2463
0	1830
0	1567
0	2767
0	1285
7	1897
0	2919
9	415
48	342
15	1242
0	0
0	0
0	0
0	0
228	72
0	71
23	1
0	0
0	0
0	0
451	455
209	404
3	421
0	100
0	39
3	55
0	61
1	62
0	0
0	0
163	579
41	112
68	82
2	53
0	539
0	95
2	2
0	347
0	0
0	0
0	1733
43	533
0	1674
0	242
0	1675
0	1733
0	0
0	0
2	1
0	0
640	4873
138	4552
13	521
2	2037
0	1595
0	311
0	1292
0	0
0	0
0	0
0	0
8	82
0	148
0	143
0	79
0	146
0	129
0	113
0	41
0	49
42	0
0	0
0	0
0	0
0	0
0	0
1	0
1	711
1	123
0	711
1	132
0	132
0	102
0	114
0	82
0	36
0	36
0	18
0	5
2	1
0	1
0	0
0	0
2	0
0	0
0	0
0	0
1942	586
0	554
0	423
13	37
0	34
3	32
0	0
0	0
0	0
541	86
0	86
0	0
5	376
1	0
0	198
8	178
85	487
6	303
5	463
0	215
0	0
0	8
0	6
0	2
0	5
0	5
0	0
375	1255
12	1255
2	0
0	1
0	1
0	1
0	0
0	1
0	1
0	0
0	0
0	0
0	0
28	2375
0	6674
0	6514
9	460
0	1816
0	2851
0	295
8	1866
4	76
0	103
0	2967
32	517
7	342
0	122
0	115
0	57
0	370
0	34
1	820
0	851
130	730
0	697
1	455
9	324
0	133
0	166
32	139
0	79
0	83
7	58
1634	62
0	32
0	30
0	864
0	867
5	103
0	124
0	392
0	365
3	368
0	61
7	177
2	62
2	1
2	63
2	41
0	100
1	124
10	51
0	69
1	48
0	0
0	2
0	0
0	0
0	2
0	0
0	1
0	1814
0	1721
0	80
416	1888
0	1817
2	1167
9	730
9	147
8	109
0	273
3	74
39	235
0	304
7	6
0	296
1	55
4	157
0	179
17	2
1	2
0	3
0	3
14	28
0	28
8	309
0	325
0	162
0	10
0	10
0	1
0	2
0	1
9	520
3	516
91	4
0	176
0	30
685	610
2	305
24	349
0	49
6	90
6	126
0	0
0	0
0	287
1	284
0	79
0	225
0	276
0	24
1	42
0	24
1	74
0	100
8	64
0	33
0	11
0	11
0	1
0	1
0	0
0	0
0	0
0	0
0	0
0	0
0	73
0	74
0	3
0	3
0	55
0	0
0	0
0	178
0	153
13	2
2	45
0	37
10	157
0	87
3	66
0	14
2	38
17	5
8	112
0	112
0	269
0	257
0	271
2	245
0	32
0	1889
12	1734
15	174
104	1708
3	541
0	463
68	1647
60	52
0	31
0	25
0	15
7	8
0	11
0	0
0	0
0	0
0	0
81	411
0	263
12	221
0	101
0	98
1	99
3	1
957	101
2	7
1	6
0	95
0	0
0	0
0	0
0	0
0	0
0	0
0	0
0	0
0	0
0	0
0	0
0	0
0	0
5	0
19	385
45	116
1	384
0	7
0	28
0	68
0	401
35	0
0	122
0	135
20	60
1	389
0	77
18	273
2	0
0	0
1	1
0	0
0	0
0	1
0	1
0	7
0	0
0	96
0	241
3	0
2	213
0	15
0	181
0	320
14	186
0	20
14	101
1	15
0	123
0	96
0	292
0	0
0	7
0	7
0	0
0	0
0	0
0	54
0	53
283	754
11	145
0	659
10	166
45	4
1	519
3	213
1	692
0	691
0	732
0	731
0	715
0	468
0	461
0	418
0	323
0	111
1	108
0	91
11	63
0	26
1	16
0	2
0	569
2	566
1	197
0	90
0	323
0	1
0	0
0	0
0	1
0	0
0	0
0	0
0	1
0	0
0	1
0	1
0	0
0	1
0	962
0	937
7	802
0	752
0	457
0	175
130	180
0	0
0	378
12	118
0	271
11	243
0	26
2	69
0	468
6	68
0	234
0	89
7	197
0	59
0	199
8	38
6	393
0	227
0	165
0	158
5	133
0	0
0	0
0	17
0	9
0	17
0	20
0	17
0	20
0	16
0	18
0	15
0	20
93	258
57	246
49	138
0	74
0	15
1	28
755	404
9	404
24	135
29	140
0	96
2	71
5	71
13	49
0	46
0	13
0	0
0	0
1	0
0	0
0	0
0	8
5	8
12	101
0	74
3	118
0	102
5	47
1	32
0	38
0	68
0	12
0	12
0	23
0	13
3	9
0	16
521	194
0	173
48	0
3	99
1	94
1	34
8	5
6	12
24	5
0	109
982	199
5	177
0	7
3	265
610	401
0	383
6	274
0	281
16	111
0	117
0	160
0	97
0	100
1	16
3	11
0	33
1504	56
1	56
2	7
0	7
0	0
0	0
0	1
2	1
0	0
0	1
60	16
0	16
6	77
0	77
0	0
5	0
0	0
0	0
88	0
0	121
2	102
3	115
42	124
1	54
0	19
0	3
0	3
0	139
213	936
7	122
21	627
0	462
0	820
0	305
0	198
9	3
0	5
0	5
0	0
0	0
0	0
0	0
0	0
0	0
0	0
0	0
0	0
0	0
0	0
15	26
1	36
42	462
647	545
62	531
7	70
0	443
0	112
2	112
0	69
1	59
33	353
9	60
1	92
0	132
0	50
31	45
0	45
1	11
0	11
0	0
4	16
81	16
3	0
0	341
0	47
0	54
0	37
11	33
0	362
1	141
0	111
1	87
0	72
0	1
0	1026
338	1025
21	909
14	382
7	207
2	218
0	278
0	107
0	272
0	1513
14	1427
2	1397
0	195
20	1443
26	457
1	13
0	804
34	156
0	352
0	97
0	26
2	24
0	355
3	355
3	324
2	324
0	0
0	0
32	427
0	136
0	321
11	339
0	60
0	253
1	106
0	126
4	0
789	63
0	558
0	228
2	120
0	605
0	519
929	1047
1	77
0	108
43	106
8	891
7	48
9	695
0	110
8	51
0	135
74	263
0	0
0	0
0	242
0	39
332	552
0	469
128	0
0	648
11	647
0	623
0	149
0	38
1	27
0	61
0	25
5	48
0	58
0	72
0	69
0	87
1	139
0	27
0	173
1	0
0	974
1	938
2	973
0	734
9	156
0	125
1	0
0	546
0	327
1	166
0	469
20	104
0	107
0	11
0	56
0	0
0	0
0	0
0	0
0	77
0	2
0	1
6	2
1	3
1	3
0	1
21	1
22	0
0	503
6	503
0	567
0	4
0	22
21	491
0	566
0	0
1	0
0	0
0	0
198	13406
406	1406
1	13405
55	9121
149	531
66	190
746	1096
1	105
6	265
1	303
2	302
2	121
4	341
4	341
22	216
0	31
5	0
0	330
0	168
0	58
0	12
5190	4894
3	4894
0	1845
0	197
18	401
0	374
0	249
7	183
6	430
0	121
0	195
1	90
0	244
0	41
209	0
0	0
0	0
0	0
0	0
0	0
0	0
0	0
0	0
0	0
0	0
0	0
0	0
0	0
0	12217
11	9152
0	12615
433	12274
3	10708
0	0
0	0
0	0
0	0
14	311
0	115
0	58
0	240
5	38
0	240
12	234
1	315
1	317
0	286
3	105
3	138
0	11
5	4
1	275
32	85
0	92
0	360
0	154
0	7
0	7
0	4
0	4
0	0
0	0
0	88
56	358
0	88
9630	4165
101	1679
36	1252
5	445
10	1304
183	308
18	406
0	0
0	0
0	0
0	0
0	0
0	0
0	0
0	0
0	0
0	0
0	3529
0	1743
0	3308
0	642
0	304
10	191
1	2
0	448
0	2918
0	2922
0	3834
0	3838
1	260
12	117
86	1323
9	1321
53	117
4	105
0	18
0	38
371	31
0	29
1	19
0	18
0	0
76	273
0	297
17	233
0	5
0	5
0	106
0	106
0	102
2566	919
97	639
66	345
0	325
0	431
2	12
0	1
0	0
0	11
15	15
0	10
0	3
0	5
0	2
0	1
15	30
0	30
0	11
0	616
144	2279
0	2275
0	0
0	0
0	0
0	0
0	0
0	621
23	625
0	31
0	28
46	0
61	392
0	299
0	328
1	160
0	129
0	157
0	100
0	98
2	82
8	38
4	0
4	71
0	3
3	17
0	54
0	34
0	0
0	36
1	30
0	2
6	3
5	66
0	120
0	1
0	1
0	1
0	1
0	1
0	1
0	1
0	1
0	1
0	97
1	97
19	17
0	92
0	337
0	153
0	233
4	194
0	282
0	299
0	312
0	291
31	11
0	199
0	52
0	291
1	47
1	13
0	55
2	97
0	105
0	46
0	75
7	111
0	65
0	125
0	107
241	190
0	70
1	28
0	170
0	144
0	140
52	340
0	292
0	51
3	57
0	64
0	74
2	245
1	17
0	272
21	242
2	185
0	242
0	48
0	541
0	335
0	190
0	0
0	0
0	486
10	312
0	406
19	118
0	81
2251	546
1	354
0	192
0	3
0	3
0	3
0	0
0	0
17	231
42	336
0	50
82	390
0	7
8	694
88	311
14	489
2	364
1	368
20	299
6	12
1	102
0	19
0	6
572	212
0	122
2	96
0	56
0	1156
1	70
2	26
0	336
0	212
0	93
7	7
0	59
2	32
0	151
0	41
19	3
12	1
0	176
3	11
0	1138
0	0
0	0
40	64
15	47
107	2852
825	2787
9	2795
1	161
3	198
4	254
0	1
0	1
0	1
1	1
0	0
0	2
0	2
0	0
0	7
0	2
0	2
0	7
5	0
0	8
0	2
0	7
0	0
0	2
0	2
0	0
0	5
0	0
0	0
0	8
0	8
0	0
0	0
0	51
0	74
0	74
7	14
0	0
0	0
0	0
0	0
0	0
0	0
0	0
0	0
8	389
7	399
2	32
0	2
0	2
26	291
0	53
1	239
2	779
0	764
0	689
14	186
50	34
0	0
0	9
5	9
0	6
0	9
2	8
0	0
7	8
0	4
0	4
0	6
0	2
0	0
0	0
0	0
0	0
175	956
4	193
3	295
24	156
1	12
74	11
11	380
0	378
0	271
62	217
2	96
1	210
25	29
95	0
0	0
0	0
0	115
0	53
23	63
282	0
9	1180
1	1277
254	1236
0	261
2	228
3	143
0	158
0	11
0	0
0	0
0	0
0	615
0	544
12	106
9	118
0	247
0	217
0	201
0	182
0	169
0	136
5	150
0	216
1	133
0	75
0	53
0	23
0	216
0	0
79	82
20	63
28	170
1	116
45	79
0	37
0	26
1484	1730
4	1730
0	0
0	0
0	1
0	1
0	0
0	0
0	0
0	0
0	0
0	0
1219	224
4	48
1	155
4	87
9	75
1	72
0	124
0	124
0	388
1	79
0	362
0	11
0	0
0	11
14	84
196	84
0	0
0	15067
0	13561
216	10760
1	2356
0	1182
0	1765
2	6113
0	2596
14	2555
0	1963
5	1293
0	893
8	743
3	3
136	195
10	5
0	22
0	193
6	39
3	0
16	3
0	20
0	2
3	141
0	39
0	282
0	144
0	422
0	32
0	123
0	359
0	391
28	236
52	6
0	159
0	429
20	107
0	359
0	0
0	456
85	0
0	199
39	94
1	150
12	99
11	298
52	531
7	392
7	310
9	100
96	52
0	59
0	39
2	16
0	37
0	0
0	0
0	0
3	14
3	10
15	14
0	10
1	10
0	0
0	0
3	79
7	71
2	8
2	123
0	47
0	37
0	35
0	50
0	25
0	13
5	8
0	2
2	20
0	20
0	16
1	0
32	801
3	866
6	435
6	36
0	3
1	2223
0	1856
5	5203
9	121
0	5009
0	4894
21	98
0	390
0	1859
1	6
1	6
1	4
0	4
0	4
0	0
0	1
0	0
0	0
54	538
17	439
0	28
0	538
0	0
0	0
0	0
9	1412
0	378
484	2842
3	1719
5	383
9	1172
0	136
0	151
318	175
5	175
1	13
2	111
0	0
0	0
0	0
0	0
0	0
0	0
0	0
21	566
23	572
0	52
1	159
0	113
0	29
6	30
0	30
37	23
0	6
47	5158
0	293
102	118
13	50
6	55
0	116
21	25
0	13
1	1
0	7871
0	7778
0	7785
0	7668
6	564
40	7601
3	123
20	170
2	27
0	1548
0	101
0	722
12	1671
0	459
7	364
1	340
0	251
0	2
7	1422
1	324
51	99
0	184
3	3
0	0
0	3
0	3
0	3
0	3
3	0
0	313
55	21
19	22
0	179
0	310
2	253
0	217
36	53
0	62
0	45
6	41
0	72
0	297
1427	574
0	503
0	431
0	0
0	0
0	0
0	4
0	4
0	4
257	179
0	179
2	43
0	13
1	9
0	3
6	848
3	848
0	802
0	19
0	22
0	16
0	11
0	4
0	22
0	120
13	120
8	32
0	29
0	9
0	11
0	3
0	3
0	3
0	0
0	0
0	0
0	0
0	0
0	0
0	0
0	0
0	0
0	0
0	0
5	0
2	0
133	0
0	0
0	0
0	8
0	0
0	8
0	14
0	8
0	8
0	8
0	12
0	8
0	8
0	0
0	0
0	14
0	8
0	0
0	0
0	0
0	0
246	0
0	2189
6	1966
0	1623
1	1155
2	885
5	549
0	364
8	155
32	63
0	83
8	970
0	998
46	0
41	23
0	672
0	831
0	1003
0	0
1	4
0	4
12	0
0	0
3	301
3	299
22	160
6	37
1	28
2	11
2	9
271	847
8	839
1	431
6	12
0	0
0	0
0	0
0	0
0	2062
162	2774
67	712
0	0
0	0
0	0
0	0
0	0
0	0
673	320
0	320
0	0
0	0
0	254
0	12
3	19
13	46
0	51
0	195
0	235
56	1738
18	686
0	1736
5	670
0	499
5	37
16	118
1	40
2	296
0	0
0	0
0	0
0	2
0	2
0	0
7	94
0	177
7	314
0	19
1	119
0	18
1	287
3	23
0	96
1	288
0	0
0	0
0	0
0	0
16	0
0	0
0	0
0	0
0	0
0	2
0	2
0	0
0	0
0	0
0	0
0	0
0	30
0	0
0	0
0	0
0	0
0	0
1	243
67	101
4	9
3	82
0	193
10	35
0	162
0	43
17	38
0	0
0	0
10	155
2	139
0	90
0	159
0	0
0	0
0	0
0	0
0	0
0	0
0	0
0	0
0	0
0	0
0	0
0	0
0	0
0	0
0	0
0	0
0	0
0	0
0	0
0	0
0	0
0	0
0	0
0	0
0	0
0	0
0	0
0	0
0	0
0	694
16	692
0	127
5	146
11	152
2	52
0	0
2045	859
2	165
1	694
0	188
0	205
0	194
0	49
0	30
1	23
14	0
0	0
0	0
0	0
0	0
0	0
0	0
0	0
0	0
0	0
13	26
2	19
0	6
0	14
1	0
2	3684
40	3684
2	0
0	0
0	0
0	700
0	718
3	84
1	576
24	18
0	0
0	0
0	0
0	0
0	0
0	0
0	0
0	0
0	0
0	0
0	0
0	33
5	33
0	11
0	15
0	0
0	1
0	0
0	1
920	2094
0	2094
1	395
0	134
0	0
0	0
3	880
12	216
1	567
0	393
1	398
0	0
0	0
0	0
0	0
0	0
0	0
0	0
0	0
0	0
0	0
3	10
0	10
0	0
2	0
3536	0
1578	2965
18	2981
0	3021
34	2399
0	2453
4	225
66	973
44	315
0	0
0	0
0	0
0	0
0	0
0	0
0	0
0	0
0	0
0	0
0	0
0	0
17	861
117	2426
0	706
67	222
3	395
5	39
2	306
4	147
0	62
0	372
0	164
0	372
0	55
0	54
0	0
0	0
0	0
0	1
0	2
0	406
0	28
0	0
1	75
2	35
0	107
0	405
0	96
0	141
0	51
0	208
4	30
0	106
1	8
0	75
5	176
0	196
0	369
0	64
0	64
0	74
4	378
2	138
88	1375
4	1375
0	1283
11	23
5	204
4	201
76	4810
27	412
0	1485
12	996
4	4781
0	263
0	303
34	479
0	2089
2	247
1	317
16	317
4	317
54	1320
4	4351
7	6
2	4345
12	357
1	578
5	479
27	64
0	302
2	302
0	69
670	285
0	152
2	20
72	175
2	94
13	94
0	9
0	300
33	14
10	44
0	300
0	176
6	44
2	41
0	29
0	8
0	115
38	731
6	36
2	648
0	40
2	6
0	60
1	33
0	44
4	233
3	21
0	48
0	566
101	471
0	21
1	64
11	135
4	115
2040	973
1	231
43	87
11	0
7	64
21	144
0	580
0	19
0	7
0	1
0	19
2	19762
0	5177
226	18096
210	17559
25	6372
2	6606
92	872
143	105
252	121
0	54
5	16
0	0
0	0
0	0
0	2
0	2
0	0
0	0
0	0
0	0
0	0
0	0
4	945
136	822
0	1416
0	912
15	1410
199	1422
58	790
37	57
0	270
107	16
0	188
0	2747
2	2507
53	675
9	251
37	134
3	150
0	150
1	37
2	40
5	0
0	0
0	0
0	0
0	0
0	0
0	0
5	0
0	0
0	0
0	0
0	0
0	0
0	1
0	0
0	0
0	0
125	2390
961	2415
0	0
0	0
0	0
0	0
0	0
0	0
0	0
0	0
0	0
0	0
0	0
0	0
0	0
0	0
3	0
0	0
0	0
0	0
0	0
0	5
0	9
0	20
1	0
0	0
0	0
7	8
0	0
0	0
0	0
11	4
0	0
0	0
0	0
0	5
0	3
1	3
0	1
0	0
0	0
0	0
0	10
0	0
0	0
0	19
0	0
0	0
0	0
0	0
0	0
0	0
0	0
0	0
0	2
0	0
1	2
0	0
0	0
1	3
0	0
0	0
0	0
0	0
0	0
2	0
0	0
7	103
0	0
0	0
31	0
0	1
0	10
0	0
5	9
0	1
9	9
0	4
0	2
0	0
0	0
0	0
0	0
15	1
0	0
1	0
0	0
0	0
0	0
0	0
0	97
0	0
0	0
0	0
1	0
0	0
0	0
641	0
0	0
0	0
0	0
176	0
0	0
0	0
0	56
0	0
0	0
0	1
0	0
118	0
0	0
0	0
0	0
13	204
6	204
3	26
189	4
0	0
0	0
0	0
2	0
64	0
3	2
0	0
0	0
0	0
0	0
0	0
0	0
0	0
0	0
0	0
0	0
0	0
0	0
0	0
0	0
0	2
0	1
0	0
0	11
0	0
0	0
0	0
0	0
0	0
2	0
0	0
0	0
0	8789
0	0
0	0
0	0
0	0
0	0
0	0
0	0
0	0
0	0
0	0
0	9180
0	0
0	0
0	3
0	0
0	0
0	0
0	0
0	0
0	0
2	3
0	0
0	1
0	1
0	0
0	0
3	0
0	0
0	0
7	0
0	0
0	0
0	0
0	0
0	0
0	0
0	0
0	0
0	0
0	0
0	0
2	71
0	5
5	0
0	0
0	0
1	0
0	12
38	57
2	0
9	0
0	0
0	9
1	15
0	0
0	0
0	0
0	0
0	1
0	0
0	0
0	0
31	0
0	0
0	0
0	0
0	0
3	0
0	0
0	0
0	0
0	0
0	0
0	0
0	0
0	0
0	0
239	0
0	0
0	1
0	0
0	0
0	0
1	0
16	0
0	0
1	0
2	12
0	12
9	1
0	0
0	2
0	0
0	0
2	26
0	0
0	10
0	0
0	0
1	0
0	0
0	54
1	42
0	33
1	6
0	40
0	7
0	6
0	11
0	29
0	28
0	27
0	20
0	6
0	13
0	1
0	9
0	4
0	5
0	1
0	1
0	1
0	1
0	0
0	0
0	0
0	0
0	0
72	279
1	3
0	276
8	18
0	87
0	86
0	30
0	73
0	2
2	3
13	41
0	20
154	2775
1	3347
56	1613
0	2725
0	1107
218	1725
1	3183
0	183
1	73
1222	464
2	189
2	244
0	306
0	306
3	0
0	121
0	0
0	0
0	0
0	0
0	0
0	0
0	0
0	0
0	0
0	0
0	0
0	0
1239	1199
55	0
0	29
1	1199
0	97
0	278
0	0
0	2
0	2
0	2
0	2
0	2
0	0
0	0
0	2
11	0
13	266
2	88
0	74
0	267
0	87
0	57
7	31
98	932
1	932
65	104
1	27
49	49
4	66
56	1124
117	1124
7	350
134	188
11	153
1	42
0	40
0	36
4	112
11	11
0	17
0	13
0	12
0	9
0	7
0	12
0	9
0	40
0	4
0	5
4	31
0	268
0	263
0	59
4	7
0	263
5	1547
0	3155
0	2936
14	2861
9	270
2	2240
1	54
1	7
15	2206
0	184
2	415
0	111
0	67
1	91
0	91
5	13
3	82
0	21
9	1003
0	2144
0	477
0	569
10	895
6	752
0	41
0	83
1	41
2	75
0	94
0	50
0	41
11	473
2	69
2	45
7	263
5	6
19	79
0	1869
0	288
5	290
241	0
0	16
2	167
0	157
0	19
0	14
324	156
0	156
0	5
0	4
0	4
0	4
0	3
0	0
0	0
0	0
0	5
2	52
1	1975
1	52
0	2137
30	1977
29	1339
31	1979
284	23
3	14
1	9
2	8
0	8
3	1141
7	145
5	30
0	1073
0	611
1	963
0	963
5	109
0	0
92	544
1	513
2	31
0	10
0	0
0	1
0	1
0	1
0	1
0	1
0	0
0	1
0	0
0	0
0	0
0	0
0	0
0	0
0	0
0	0
0	0
0	0
0	1
0	1
223	492
0	443
0	154
0	94
1	89
0	165
0	28
0	49
0	33
30	0
0	0
0	2907
3	574
0	1057
16	2496
12	38
5	840
53	843
0	0
0	0
0	0
1	3739
3	3668
1	3712
0	3763
11	3272
0	3165
0	1404
15	1512
36	647
18	469
96	380
4	691
0	221
10	804
32	369
5	373
1	114
0	185
2	146
0	248
0	218
78	116
7	239
67	261
2	271
1	132
0	223
0	78
0	40
0	25
3	29
0	29
6	0
0	23
3	0
0	28
0	9
0	225
0	132
0	90
0	382
7	263
1	380
0	0
0	0
0	0
0	0
0	0
0	0
0	0
0	6
0	0
0	0
182	883
1	819
4	39
0	229
11	13
7	30
4	89
0	0
0	0
0	0
166	60
0	0
0	0
0	0
0	0
0	0
0	0
0	0
3	451
10	475
3	427
0	451
0	72
0	98
2	23
0	54
0	16
4	0
0	0
0	0
0	0
0	0
0	0
0	0
0	0
3306	178
3	178
3	177
0	599
8	290
4	446
3	154
1	397
4	45
2	96
11	1
0	1
0	0
0	0
2	0
0	412
0	268
1	556
13	1126
159	1
0	386
0	81
0	234
165	26
0	91
30	325
1	125
10	214
79	39
32	603
1	334
4	10
0	1
0	10
0	4
0	5
0	4
0	79
0	78
0	66
0	3
0	23
598	0
0	41
0	41
0	0
0	0
0	0
1	253
0	253
7	39
0	1
0	1
0	1
0	1
0	0
0	33
0	125
0	129
0	93
0	67
1	35
0	0
0	0
0	0
0	0
24	12
0	14
0	9
637	780
4	346
5	483
0	480
0	294
75	0
0	0
0	0
0	0
15	1078
1	1078
0	38
0	19
3868	682
1	225
5	42
3	229
1	149
0	7
0	0
0	7
5	7
0	2
0	0
0	0
0	0
0	12
0	12
0	12
0	3
0	1
0	3
0	0
0	0
0	0
1	1
430	179
0	53
15	154
0	43
12	48
7	82
11	118
0	8
4	26
3	9
5	8
0	36
6	0
0	0
0	0
0	0
0	0
0	0
0	0
0	0
0	0
0	0
0	4
0	0
0	8
0	8
0	7
0	5
0	0
4	0
0	0
0	0
0	0
22	19
0	16
0	12
0	7
0	12
0	6
0	11
0	16
0	9
3	302
112	302
7	14
0	5
0	5
0	0
0	0
0	0
0	0
0	0
2	400
3	4
1289	1567
0	1469
5	1187
2	905
0	929
0	139
28	194
170	37
0	165
2	121
0	106
55	25
22	491
3	487
0	473
0	404
7	38
6	68
0	116
1	943
0	1009
0	170
0	630
0	335
1	236
2	236
0	172
7	142
0	37
0	990
0	0
36	8
8	8
0	14
1	14
0	1
0	1
0	1
0	7
11	0
0	0
0	0
0	0
0	0
0	0
0	5
0	5
0	2
6	0
8	6
0	0
0	0
1	128
0	1
5	128
5	118
5	0
4	444
2	490
0	121
0	82
0	94
1	145
40	2
0	2
115	316
1	44
2	273
1	42
5	19
0	2
0	143
51	61
13	23
0	38
0	38
1	2698
2	2670
39	2561
6	3
0	306
1587	322
12	322
0	3
0	3
0	0
0	3
3	2
0	2
1	0
0	3
348	375
595	390
0	15
12	0
0	1
0	1
0	81
0	0
0	81
3	191
0	708
3	470
1	400
1	366
401	0
3	38
0	19
0	6
0	0
0	0
0	0
0	0
0	0
0	0
124	108
0	107
3	107
0	18
1	12
1	98
1	81
3	7
0	31
3	19
0	1
0	10
0	0
0	0
16	578
3	96
0	246
10	443
0	592
0	105
27	438
1	639
6	58
0	41
1	55
0	0
0	0
0	0
0	0
0	0
0	0
0	0
0	0
0	0
0	0
0	0
0	0
0	0
0	47
12	228
3	240
0	15
0	23
0	66
0	69
33	69
0	26
0	107
53	1443
0	1240
1	335
0	410
0	429
1	85
4	216
7	76
2	291
3	181
0	169
0	440
0	69
0	440
31	151
0	134
0	0
0	0
0	0
0	0
0	0
0	0
0	0
0	0
0	0
0	0
0	0
0	0
0	0
0	0
0	0
0	0
19	98771
2	97
9	121
0	121
0	78
0	0
18	8
0	0
0	0
0	0
0	0
0	0
0	0
0	0
0	0
0	0
0	0
1	1
0	0
0	1
0	0
0	0
0	0
1	0
0	0
0	0
0	0
0	0
0	0
0	0
0	0
0	0
0	59
0	45
3	21
0	40
0	8
6	46
0	62
0	18
7	35
2	22
0	26
0	14
0	8
0	8
0	40
0	40
0	56
0	62
0	0
1	0
0	0
0	0
0	0
0	0
0	0
35	27
0	27
0	0
0	0
0	0
409	0
0	0
0	0
0	0
0	0
0	0
0	0
0	0
0	0
0	0
0	0
0	0
0	0
0	0
0	0
1	14
39	209
1	137
0	149
0	66
88	1851
0	1639
0	1712
0	1711
12	147
19	0
3	354
2	0
0	129
0	68
0	45
0	107
3	122
0	60
0	122
0	113
0	24
0	51
0	9
0	0
0	14
0	14
0	1
0	0
0	0
21	385
0	386
0	305
86	326
0	6
2	194
7	42
1	180
908	554
3	0
0	0
0	0
4	1
0	0
0	0
0	1
0	1
0	0
0	0
0	1
2	0
0	233
1	221
8	27
6	1
0	62
3	64
0	23
1	33
3	3
15	358
0	372
12	728
1	639
0	55
0	4
0	4
0	2
0	4
160	1697
2	267
10	410
9	22
1	273
14	88
104	448
1	407
0	361
0	355
0	98
252	262
5	8
5	47
2	166
0	164
8	143
0	146
0	119
0	125
1	182
11	1
0	3
2	3
0	0
0	1
0	1
0	0
0	0
0	0
0	0
0	0
0	0
0	0
97	1172
21	1076
4	405
6	281
1	275
0	46
0	22
0	22
0	0
0	34
58	51
4	40
0	52
0	109
0	107
0	100
9	0
0	92
2	10
0	21
0	9
0	1
2	7
0	53
5	45
0	0
0	0
0	939
63	810
0	854
0	651
0	758
0	352
0	0
0	0
0	382
0	369
1	357
17	371
0	161
0	369
6	206
0	206
478	435
3	435
2	210
3	24
11	25
0	0
0	0
0	0
0	0
0	2
0	2
0	1
0	0
0	0
0	0
0	0
0	0
0	0
0	0
0	0
0	0
0	0
0	0
0	0
145	523
0	383
0	379
19	157
9	351
4	508
1	139
1	206
0	169
0	0
0	0
0	0
0	0
3	147
5	37
6	141
0	14
0	124
0	0
0	0
0	0
0	0
0	0
0	0
0	0
37	40
0	29
0	13
0	36
0	19
0	24
2	10
2	13
0	0
5	159
4	241
9	611
7	416
8	607
0	136
0	93
2	182
5	127
1	111
1	73
0	30
0	611
0	1
0	1
0	0
0	1
0	0
0	859
0	207
0	0
0	0
340	72
0	55
9	18
13	2
0	2
0	0
0	0
0	0
0	0
0	0
0	0
0	0
0	0
0	854
0	202
0	0
0	0
0	0
0	0
5	1472
0	1497
0	298
1	178
0	1577
5	103
11	463
2	357
0	0
403	92
0	46
0	23
18	3
0	17
0	17
1905	82
0	80
0	52
0	11
0	0
0	0
1	608
0	606
0	604
0	169
0	25
1	0
0	0
0	0
89	34
0	13
0	3
4	15
6	4
5	14
1	4
1	379
0	333
5	139
1	213
19	11
0	49
17	15
0	1
0	0
0	1
734	365
0	258
0	170
56	103
0	122
0	0
0	0
0	0
0	0
0	0
0	0
0	0
0	0
0	0
0	289
0	281
0	250
20	64
87	194
0	70
29	0
0	124
1	14
0	1
0	0
0	0
0	0
0	0
0	0
0	0
0	160
152	1050
9	125
0	366
33	805
1	22
0	231
2	97
0	137
0	0
0	0
0	0
0	0
0	0
0	0
0	0
878	180
14	0
3	180
2	85
13	749
0	1147
0	1170
11	760
0	216
0	0
0	0
0	0
0	0
0	0
0	0
0	0
0	0
0	0
126	747
0	67
16	679
2	198
2	70
2	12
9	4
0	0
0	530
0	649
3	512
4	547
0	640
0	437
1	580
14	169
0	197
0	91
0	75
0	23
1	30
5	21
127	0
0	0
0	0
0	0
0	0
0	0
0	0
0	0
0	2
0	2
403	2503
1	1835
2	674
0	39
104	365
35	573
65	0
0	8
1	0
0	1
1	72
0	10
0	18
0	71
0	10
0	73
0	16
0	2
0	17
0	4
2642	53
0	0
0	0
0	0
0	0
0	0
0	0
0	0
0	0
0	0
0	0
0	0
0	0
0	0
0	0
0	0
0	0
0	0
0	2
0	0
0	2
0	2
0	0
0	0
44	0
0	79
1	76
0	81
0	0
1840	1354
18	573
0	672
0	129
0	415
11	323
1	147
0	0
0	0
0	6
2	62
0	59
4	3
0	13
3	2
0	12
0	0
42	29
2	29
518	355
0	375
51	276
0	0
0	0
0	0
0	0
0	0
314	115
1	115
2	12
0	49
0	31
118	109
12	12
0	0
0	0
0	0
0	0
0	0
0	0
2	633
1	1
0	6
1	403
6	45
1	2
0	240
31	105
7	190
0	231
0	380
32	132
0	107
0	130
0	120
0	5
3	23
24	13
7	32
6	40
1	50
5	52
0	0
2	202
7	202
2	379
0	273
0	366
0	5
147	359
0	224
0	1
0	1
0	145
0	32
1	26
0	1967
2	1460
0	1862
342	2081
69	1
4	363
4	904
0	516
0	667
7	534
6	491
2	433
15	187
0	132
0	21
1	13
0	2
25	0
20	111
0	8
4	8
2	88
0	20
0	698
1	23
2	685
0	188
39	684
0	716
3	659
0	158
52	225
18	102
0	94
0	0
0	291
0	278
0	191
12	143
6	59
14	0
0	73
4	31
0	78
0	26
0	29
7	33
0	11
0	10
0	23
0	1
0	6
0	10
0	219
1	195
0	192
0	77
0	149
0	196
0	190
0	121
0	153
0	55
0	99
0	146
0	6
1	23
0	109
9	45
0	0
1	1
0	0
0	1
0	1
0	0
0	0
0	1
0	0
0	1
0	0
0	0
49	155
7	155
19	2015
25	1907
0	1905
0	1823
1	1920
2	1945
0	1933
2	433
0	538
0	0
10	306
0	304
0	833
0	297
82	1104
7	817
1	460
3	262
215	608
3	464
4	368
3	0
0	0
0	0
0	0
20	8
0	1
0	0
0	0
0	0
0	0
0	0
0	0
0	0
0	242
2375	519
12	1
0	153
0	462
0	0
0	0
0	0
330	1503
19	990
1	1
0	1
0	1
0	0
0	0
1	0
1	0
0	1
0	89
0	88
0	92
1	50
0	0
0	0
0	0
0	0
165	0
26	1278
31	867
0	0
5	1235
5	974
4	566
0	0
0	0
0	0
0	0
0	0
0	3
0	3
0	3
0	1
0	325
0	330
1	118
0	76
3	10
0	0
0	0
0	0
0	0
0	3
0	3
0	2
0	0
0	0
0	2
0	2
0	0
0	227
0	182
0	233
1	26
0	54
0	44
4	17
0	4
0	4
0	0
46	695
1	304
0	473
2	180
1	491
3	355
1	360
4	131
3	16
0	16
169	32
0	26
15	11
0	201
0	285
207	284
1	211
5	188
0	138
0	0
0	0
0	0
0	0
0	0
0	0
0	0
0	0
2	574
6	906
358	927
4	809
24	101
0	23
0	23
0	1
0	0
0	3
0	0
0	7
0	0
0	0
0	23
0	0
0	0
0	0
0	415
0	0
0	0
0	0
0	0
0	0
0	0
0	0
0	0
0	0
0	0
0	0
0	0
0	0
0	0
0	0
0	0
0	0
0	0
0	0
0	0
0	0
0	0
0	0
0	0
0	0
0	0
0	0
0	0
0	0
0	0
0	0
1	4
0	4
15	3
1	3
0	1
2	0
0	3
0	3
0	0
0	0
0	0
1722	828
0	673
3	42
2	1
782	0
273	321
1	321
0	18
0	278
0	239
0	278
3	258
0	279
0	47
0	107
0	72
0	206
4	92
0	27
2	90
0	52
0	107
0	68
6	18
3	54
5	52
0	58
5	44
0	59
4	59
0	50
1	46
0	47
0	43
0	52
0	0
0	0
0	5
0	1
0	159
0	132
1	127
0	47
16	0
0	39
340	1887
0	102
38	1874
0	1934
3	9
2	91
3	0
1	1093
0	0
0	5
0	5
0	2
0	1
0	1
0	0
0	0
20	0
1	430
26	0
0	430
0	0
0	0
0	0
0	0
0	0
0	0
0	0
100	2252
0	0
0	0
0	0
0	0
0	0
0	0
0	0
0	0
0	203
0	70
0	0
0	0
19	0
18	0
0	0
0	0
0	0
0	0
0	0
0	0
0	0
0	0
0	0
0	0
0	130
0	337
0	285
6	177
0	208
2	212
6	52
832	223
3	133
11	90
1693	0
57	150
0	161
0	128
2	128
4	55
0	0
0	0
554	227
4	59
0	192
4	0
0	2
0	1
0	3884
1	17
4	3809
48	3881
0	3731
1	263
1	2442
9	293
6	7
0	111
0	255
24	621
4	264
7	173
4	196
0	209
43	33
0	11
8	33
0	12
0	9
0	6
9	0
0	0
1457	887
0	197
0	356
0	355
2	226
0	14
0	1
0	1
0	0
0	0
0	1
0	0
206	0
27	672
2	421
16	315
51	9
2	9
0	6
0	3
0	1
0	0
0	0
0	0
0	880
4	1097
8	257
84	827
52	64
0	96
0	1005
22	365
15	0
0	0
0	0
0	0
0	0
0	0
0	0
0	0
1	39
1	295
3	26
0	88
0	224
0	56
0	50
49	74
0	12
0	135
0	25
3	9
1	0
32	34
2	23
1	9
1	8
0	8
1	0
13	12
0	12
0	6
0	5
719	0
0	0
0	0
0	0
0	0
14	24
15	1740
0	363
1	1688
5	112
0	112
0	15
5	12
0	0
0	0
0	0
0	0
0	0
0	0
0	11
97	89
0	14
2	75
0	68
0	41
1	3
1	3
1	0
0	68
30	1695
11	1668
1	1697
0	1591
94	1142
12	332
9	808
0	1693
3	70
0	5
17	70
0	16
0	50
0	11
0	11
0	31
0	29
0	22
2	31
0	2
2	19
106	31
3	1
0	1
0	1
0	0
0	0
7	324
1541	324
0	1
0	5
0	1
0	0
0	0
0	0
0	0
0	0
0	0
0	0
3	0
0	175
4	26
0	41
0	23
3	175
11	146
6	33
2	21
34	12
0	12
0	579
0	565
0	114
0	324
0	250
1	242
0	197
8	179
0	170
0	116
1	69
0	68
0	0
0	3
4	0
0	568
0	572
0	598
1	913
1	1155
0	382
12	446
18	522
0	157
68	71
5	21
0	218
7	74
0	34
29	19
0	10
0	216
1	83
0	146
1	104
0	146
0	0
93	264
10	55
20	209
0	112
2	76
0	0
0	2
0	2
0	1
0	2
0	0
0	1
0	0
0	0
0	0
0	0
0	0
0	0
0	0
0	0
0	0
0	981
14	461
0	277
0	150
2	72
0	164
0	138
0	77
0	981
7	244
27	99
2	16
0	28
13	0
4	77
13	43
4	55
4	14
2	664
7	664
0	6
1	73
0	70
0	2
0	1
0	0
0	0
0	4
15	1
47	679
4	679
2	76
22	55
1	54
0	0
0	0
0	0
0	0
3	24
0	19
0	20
0	14
0	20
0	17
0	2
0	16
0	16
3	11
3	13
0	5
3	2
0	19
2	182
15	255
1	198
0	18
0	224
0	0
0	0
0	0
0	0
0	0
0	0
0	0
0	0
14	20
0	0
0	2
0	2
0	6
0	1
0	21
1	2
0	0
4	634
2	0
14	634
4	3
0	3
0	0
0	0
0	0
0	0
0	0
0	0
0	0
0	0
0	0
0	0
0	0
7	0
0	1
0	1
0	1
0	0
0	1
0	1
0	1
0	0
0	0
0	0
0	0
0	0
0	0
0	0
776	0
506	1601
0	110
3	763
1	935
0	594
1	937
0	860
23	301
0	456
8	695
0	0
50	23
3	0
6	16
0	7
2	2220
21	676
3	81
6	139
0	165
1	174
0	109
0	2220
2	3137
0	258
263	2108
0	685
0	2897
0	3055
0	3010
0	909
0	2648
5	449
0	2948
0	1624
0	290
0	1930
0	2715
0	1903
10	129
0	1643
0	0
0	0
0	0
0	0
37	692
0	82
4	649
1	48
0	59
21	516
5	13
0	16
1	95
1	15
28	576
0	575
8	75
0	66
0	0
0	95
0	7
1	4
4	89
0	155
0	55
1	5
0	5
0	0
0	0
0	0
3	0
4	0
0	0
0	27
1	25
0	25
0	4
0	0
0	0
158	109
0	108
0	1
0	30
0	0
0	0
0	0
0	0
0	0
0	0
0	0
0	0
0	0
0	0
0	4
0	2
0	2
0	2
2	0
91	15
8	17
7	2
0	0
11	0
0	0
129	62
17	26
4	13
0	19
0	19
0	23
0	0
0	0
0	0
0	0
0	13
32	2481
5	2481
14	57
10	1403
9	80
0	29
0	124
1	76
64	69
3	0
0	0
0	0
0	0
0	0
0	0
0	0
0	0
0	0
0	0
78	404
0	390
0	229
0	540
0	198
0	156
0	119
79	0
0	536
3	1
0	0
0	1
0	1
0	0
0	0
0	0
0	0
0	0
0	0
3	35
0	324
0	342
0	307
0	345
2	335
0	356
0	292
0	161
4	6
9	86
1	68
4	0
0	65
8	582
4	554
1	2
66	2
0	399
0	553
4	174
8	120
0	120
0	22
0	22
0	53
5	1993
0	215
0	1688
33	460
10	302
4	74
6	168
0	10
0	10
0	10
0	9
0	8
0	0
0	1
174	0
164	17
0	17
0	0
0	2498
0	2468
11	1899
9	1496
51	164
361	2473
0	118
16	111
0	75
0	47
0	110
0	118
21	11
2	11
0	3
29	441
0	115
0	25
0	48
0	45
40	21
0	17
19	4
1	24
27	441
0	0
0	0
0	0
0	0
0	57
44	3304
7	2499
60	3263
11	0
0	161
1	165
2	215
0	34
9	36
2	247
1	2
0	2
0	2
0	2
0	127
0	113
0	95
2	8
1	125
0	30
344	114
0	47
1	11
2	56
0	0
0	0
0	0
0	0
0	0
0	0
0	0
0	0
0	0
0	0
0	0
1	3
51	3
15	7
0	7
0	12
0	13
0	11
0	0
0	0
0	0
19	5130
0	5134
31	4763
0	5116
5	4729
0	366
40	847
0	0
0	0
0	0
0	0
0	0
0	1
0	148
0	148
0	0
0	0
0	0
0	0
0	0
0	0
0	0
0	0
0	0
0	155
3	157
0	154
13	64
0	57
0	43
0	92
0	83
0	84
0	82
1	56
0	35
38	0
0	154
0	0
0	216
6	39
35	218
0	138
0	16
1	0
0	0
0	0
0	0
0	0
7	105
0	63
0	0
0	0
5	20
1	20
5	22
2	2
0	0
0	0
0	0
0	0
0	0
0	195
0	160
0	109
4	183
0	0
0	0
0	0
0	0
0	0
0	0
0	0
0	0
1	0
0	0
0	0
0	0
0	0
0	0
0	0
0	10
0	10
13	2600
72	2601
3	2112
0	2115
0	2619
0	1120
4	790
19	229
0	0
103	411
10	411
22	339
0	4
18	3
0	12
49	85
0	48
0	37
0	65
2	57
0	24
1	24
0	24
0	11
0	33
0	33
16	0
0	0
0	1
0	3
0	6
0	2
0	27
0	15
0	104
52	115
0	15
0	0
0	0
0	0
0	0
0	0
2	5
16	5
0	0
0	0
0	0
0	0
0	0
0	0
0	0
0	0
1	0
0	0
0	0
7921	5196
0	5199
0	1046
1178	67
15	331
13	15
3	30
8	61
7	331
0	0
1	93
2	93
0	93
0	93
0	62
0	0
0	0
0	0
0	1282
45	1282
20	38
1	202
0	0
0	0
21	7
0	5
2	2
0	2
0	1
4	1
55	578
12	116
0	38
0	592
0	238
2	66
0	36
11	31
37	51
1	55
1	37
0	6
2	1445
0	146
6	948
1	1005
0	437
12	142
1	1334
0	0
0	0
0	0
0	0
0	0
1	2
0	1
0	0
0	0
0	0
0	2
0	14
14	16
0	16
0	13
0	16
0	0
0	0
0	0
0	0
0	0
0	0
71	252
0	60
0	117
1	17
0	102
3	36
8	422
1259	10206
9	1900
13	1760
1	1138
1	10167
55	62
15	62
0	10
0	48
1	364
1	530
2	529
0	5
0	104
0	88
0	540
22	0
0	0
7	0
48	580
7	662
552	1370
0	34
1	79
0	731
0	346
23	206
2	788
0	134
31	1140
19	1071
0	144
8	346
0	23
25	199
0	28
0	61
0	18
0	8
0	0
0	3
0	4
0	2
0	0
0	0
1	29
0	6
2	25
1	2
0	2
0	0
0	0
58	99
0	99
3	7
2	2
388	5869
0	12478
71	14456
0	6120
2	6122
17	1827
159	256
3	256
5	0
11	0
6	0
0	0
0	0
0	24
1	24
0	21
8	14
2	14
5	14
483	0
7	13
0	13
0	0
0	13
0	3
0	3
0	1
0	2
0	10
0	5
0	10
0	10
0	7
0	4
0	6
0	6
0	7
0	0
0	0
0	63
1	60
0	63
1371	308
14	122
1	85
69	101
0	0
0	0
0	0
111	3464
0	3413
23	51
0	261
6	351
3	255
3	625
0	0
0	0
0	0
0	0
0	0
0	0
0	0
0	0
2	698
0	698
0	0
0	0
0	0
0	0
0	0
0	3
4	74
0	74
0	2
0	69
0	11
0	14
319	47
3	25
0	22
397	198
0	71
0	128
0	94
0	0
0	0
0	0
0	0
0	0
0	0
0	0
0	0
0	0
0	0
0	0
2	0
0	0
71	78
0	47
0	14
58	562
0	562
0	553
3	174
0	165
0	29
0	19
0	62
0	23
0	29
0	134
0	77
1	0
0	0
0	0
0	0
0	0
0	0
0	0
0	0
0	0
0	0
0	0
0	0
0	0
0	0
0	258
0	130
0	90
1	146
0	227
0	17
4	3
12	102
8	4
0	233
0	0
0	0
0	0
0	0
0	0
200	1981
13	1914
0	165
7	121
11	104
0	840
6	967
0	36
1	2
0	2
0	0
9	36
13	1445
0	1546
1052	1546
0	823
0	242
0	243
0	42
2	19
0	182
0	5
0	225
0	228
0	219
0	57
2	41
0	51
0	14
0	31
6	1
0	26
0	9
0	0
0	0
0	0
0	0
22	281
2	71
1	45
0	13
0	20
0	187
0	35
1	36
0	258
7	25
0	257
0	257
0	258
0	4347
0	3127
0	3110
1	1034
1	690
0	379
7	1032
1	517
0	505
28	166
0	4387
0	4404
0	167
0	4515
0	3801
1	3285
0	106
9	106
1	30
35	1243
387	1529
0	877
125	16
1	133
0	43
8	184
6	22
6	170
4	123
15	99
0	0
0	0
0	0
0	0
0	0
0	0
0	0
0	0
0	257
16	4
0	19
0	0
0	0
0	0
0	0
0	0
0	0
0	0
0	0
0	0
0	0
0	0
3	1
0	0
160	128
0	431
48	424
0	92
0	0
10	41
4	13
0	1
38	14
0	0
21	7
0	7
0	0
0	0
0	0
0	0
0	0
772	0
0	0
0	855
0	97
0	92
3	23
0	822
0	898
4	824
11	6
0	549
0	74
5	114
0	209
0	451
0	165
3	90
0	0
0	0
0	0
0	0
0	0
0	0
979	3687
2	3644
100	285
90	724
4	0
0	13
0	12
0	13
1	1
0	13
0	0
0	12
0	0
0	0
0	20
0	15
2	20
0	0
0	0
0	0
0	0
0	0
0	0
0	0
0	562
0	559
0	65
0	13
0	0
6	11
0	8
0	0
0	559
154	130
0	130
5	279
0	299
0	277
0	77
0	70
1	32
0	103
2	103
0	0
1331	1874
1	1874
12	1410
62	299
0	0
2223	0
0	0
0	0
0	0
0	0
11	28
294	394
0	417
13	247
0	4
0	80
0	80
0	80
0	80
0	79
0	27
0	27
0	5
11	3
0	80
0	2
0	2
0	0
0	0
0	0
0	0
0	0
0	0
0	0
0	7
0	210
1230	211
353	151
0	211
0	0
0	0
0	0
0	0
1	0
0	0
0	9111
0	101
5	9079
0	3
0	3
0	2
0	2
0	2
0	2
0	2
0	0
0	0
0	0
0	0
0	0
0	0
0	0
36	1176
7	518
81	171
0	108
0	67
10	375
4	620
6	376
0	106
1	86
1	25
0	47
2	0
275	16939
28	16735
1	16667
35	16641
10	4082
92	839
0	16931
2	13
7	11
3	34
0	40
0	452
219	471
3	29
0	2
6	0
0	39
19	9
0	26
8	3
0	0
140	165
0	135
0	141
0	29
0	0
472	125
0	25
0	31
1	61
0	13
0	58
1	151
7	151
2	5
1	0
0	0
0	0
0	0
0	0
0	0
0	2
0	2
0	0
0	0
0	0
0	0
0	0
0	0
0	0
0	0
0	0
0	0
1	16
0	16
0	4
0	4
0	4
0	0
0	3
0	3
0	3
0	0
25	203
0	51
0	56
0	181
0	103
0	72
6	15
0	51
0	52
27	36
1	1
0	1
0	0
0	0
0	0
0	1582
0	67
11	1398
2	1047
1	54
1	351
2	181
13	98
4	40
0	1488
2	139
2	265
0	172
0	0
0	0
0	0
0	0
0	0
0	0
0	0
1	2
0	0
0	2
0	0
0	13
323	251
10	251
0	173
4	17
25	190
14	160
0	47
0	43
0	4
0	4
0	0
0	0
0	0
0	0
0	0
0	0
0	0
0	0
0	0
0	0
29	611
4	112
0	138
0	620
111	1126
7	1060
0	980
16	859
12	865
0	160
0	115
0	53
0	52
0	67
0	7176
0	74
5	384
0	42
3	128
82	1662
42	115
6	7176
287	193
0	55
2	14
1	13
0	52
8	31
0	31
0	33
0	32
2	12
2	0
12	0
12	0
0	2
0	25
0	995
0	948
1	93
140	28
0	925
0	972
0	55
0	55
0	55
0	52
0	11
1	4
0	2
0	1
0	1
0	1
0	0
0	0
1	0
0	0
0	0
0	0
0	0
0	0
0	0
0	0
0	0
56	24
0	13
3	11
0	2
1	19
2	37
0	18
4	12
39	12
0	8
5	0
0	14
0	8
4	0
0	118
0	0
0	959
0	806
35	781
0	254
15	42
23	17
103	4
0	0
0	0
0	27
0	268
0	64
0	25
0	25
0	25
1	3
2	9
3	177
0	275
0	0
0	0
0	47
20	181
9	3
0	13
0	131
484	344
1	276
0	30
0	182
0	99
0	242
215	3601
20	3692
5	3703
0	3721
0	732
0	559
21	108
0	97
0	103
5	73
9	1
1	2
19	2
0	10
19	1
10	7
1	29
0	33
1	689
0	74
0	670
0	217
1	5
0	14
0	19
0	193
3	1
0	37
1	37
0	13
0	40
0	32
0	361
329	535
0	51
18	497
1	0
9	0
2	253
0	0
0	84
9	84
30	486
59	486
21	4
0	0
0	0
0	0
311	1473
0	1281
81	347
48	123
8	195
75	6
9	281
141	204
2	187
0	62
0	0
0	0
0	16
0	0
0	8
1	13
0	6
204	156
13	69
0	125
0	94
0	89
0	39
0	0
0	2
0	2
0	1
0	0
0	0
0	1257
11	182
26	1155
0	69
9	1152
0	0
166	474
0	468
16	174
2	16
7	73
0	62
10	22
1	0
0	0
0	0
0	0
0	0
0	71
1	74
0	69
588	42
0	42
0	1
0	1
0	1
0	1
0	0
4	251
0	3
3	247
1	47
1	0
0	0
0	0
0	0
0	0
0	0
0	0
0	0
0	0
0	0
0	0
3	571
0	95
12	99
4	0
0	571
18	201
0	209
0	204
0	206
0	182
5	28
0	19
0	46
3	45
0	3
1	6
0	30
0	27
4	10
0	12
0	0
0	0
338	1097
8	801
1	197
6	183
15	296
2	171
387	237
0	237
102	767
27	737
0	213
0	0
0	0
49	1889
13	1839
0	251
2	1778
0	1814
0	1810
0	1799
0	1780
0	1818
0	1814
0	1862
0	1810
0	1829
0	1874
0	1768
0	1813
0	1765
0	1814
0	1780
0	1814
7	95
9	170
0	149
4	26
85	94
0	1889
205	2011
4	181
0	1902
36	133
40	0
7	64
7	691
27	0
0	0
0	0
0	0
0	0
0	2
0	2
0	2
0	2
0	2
0	0
0	2
0	2
0	2
0	2
0	2
130	159
0	13
2	91
4	56
1	66
0	0
0	0
0	0
139	419
6	85
2	219
6	58
2	183
0	102
0	20
4	32
2	20
0	94
4	1174
1015	1734
0	139
5	180
8	178
4	123
0	0
41	1299
95	1309
1	1834
0	537
0	2
2	48
1	818
0	834
9	78
0	823
0	181
0	0
1	68
0	0
0	0
13	1242
0	906
11	1267
2	1095
1	442
6	484
0	848
0	542
0	140
6	0
12	63
0	69
0	69
1	72
2	65
0	72
195	187
0	202
0	103
36	98
0	19
0	0
0	0
0	0
0	0
0	0
103	532
12	0
5	45
77	45
0	6
14	9
0	1
0	7
0	0
0	1
30	457
0	0
0	0
0	0
190	527
3	454
0	19
0	31
0	63
1	64
6	180
0	19
0	16
4	32
105	205
0	15
0	3
5	0
71	3
1	3
9	1705
109	3325
7	447
0	1696
0	69
0	27
1	165
0	311
3	53
5	1573
106	129
0	34
0	121
10	0
0	26
72	31
2	7
13	31
166	31
0	14
0	14
0	3
2	0
0	0
0	0
214	0
1229	1123
0	79
3	200
2	299
0	387
0	456
5	6
0	6
42	334
0	327
0	33
0	24
9	544
23	158
5	360
2	532
8	46
4	0
268	70
10	70
18	84
0	23
0	80
12	47
31	1430
28	1430
69	117
0	0
0	0
0	0
0	0
0	0
0	0
0	0
0	0
0	0
0	0
0	0
0	0
0	0
2	0
0	0
0	1
0	1
0	1
0	0
26	810
5	810
1	235
0	84
1	60
0	158
0	153
2	232
0	67
1625	491
4	2
0	489
14	328
0	323
2	7
0	20
1	35
1	26
1	38
1	6367
1	2088
2	5688
0	6324
0	5297
0	5394
0	3371
3	4481
6	469
0	2310
0	1792
0	2158
0	2078
0	1999
0	2216
25	0
0	4
0	4
1	612
75	591
0	152
35	22
12	120
0	134
2	23
0	66
0	27
0	3
2	0
0	1
0	1
0	63
101	4424
1	3314
0	639
10	0
10	943
0	338
14	323
5	1889
1	147
2	152
0	19
6	0
0	20
0	21
0	18
0	16
0	7
0	7
0	1
0	2
0	152
0	0
0	0
12	395
6	325
12	202
0	392
4	7
4	2
0	97
0	55
0	7
1	6
0	3
0	5
0	0
0	0
0	0
0	0
0	0
0	0
0	187
5	187
0	37
3	38
0	0
0	0
2	114
350	295
0	26
0	31
0	26
0	302
0	0
0	0
0	0
0	0
0	7
1	7
0	0
0	338
0	341
0	344
1	251
0	151
0	132
0	161
0	161
0	167
0	158
0	164
1	164
0	4
0	21
2	11
6	4
12	3
1	1
0	164
0	158
1	325
599	3318
0	2
0	2
2	1
0	0
151	109
0	108
0	104
0	0
0	0
0	0
2	48
6	40
3	35
0	63
2	48
1	6
4	2
0	2
0	2
0	2
0	2
0	2
1964	966
0	966
19	356
0	4
0	417
28	4
0	24
2	32
0	96
5	0
0	416
0	0
0	0
0	0
0	0
0	0
0	0
0	0
0	0
0	0
0	0
0	0
17	19
0	172
0	476
40	410
2	2
6	17
0	374
3	368
18	3
5	5
0	45
3	165
0	166
0	0
0	3
0	37
0	9
2	365
0	45
0	45
0	13
1	360
10	2
9	0
0	41
0	51
0	42
0	0
0	2
0	0
0	0
0	0
219	558
0	560
0	56
0	34
1	28
8	52
0	54
16	2
0	0
0	0
0	0
0	0
0	0
0	0
0	0
0	0
0	0
0	0
0	0
0	0
0	0
0	0
0	0
0	0
0	183
0	25
4	130
0	179
0	185
0	0
0	0
0	0
0	0
0	0
24	140
2	136
0	4
0	140
230	0
0	0
9	8
0	0
0	0
0	1
0	7
0	0
0	0
2	2663
32	153
0	2640
1	151
83	76
94	504
0	1299
0	1141
0	1221
0	136
0	360
0	446
4	182
0	140
6	65
0	113
0	167
0	0
0	0
0	0
0	0
0	0
0	0
0	0
0	0
0	0
0	0
0	57
129	158
0	116
0	13
5	0
0	38
4	4
2	0
1	2
0	1
0	2
0	1
0	0
1	0
4	81
2	81
0	2
0	2
0	2
0	4
0	2
0	4
0	0
0	0
0	2
0	4
0	0
28	187
2	95
1	31
2	20
5	78
0	84
0	0
0	0
0	0
0	0
0	0
0	0
0	0
0	3
0	3
0	3
1	0
0	0
0	0
0	0
0	0
0	0
0	0
0	0
0	0
0	0
0	0
0	0
0	0
0	739
48	932
2	697
0	877
0	361
3	235
8	302
1	45
0	163
0	82
1	28
82	3477
24	1115
1	1797
0	1263
63	3012
0	477
9	151
1	1065
4	1053
0	982
0	3462
3	12
12	17
0	83
0	80
3	37
0	208
24	206
1	59
0	206
1	13
1	15
0	34
1	17
0	17
5	10
0	6
0	21
0	35
2	0
0	0
14	126
547	343
8	217
44	127
14	23
13	14633
107	3957
0	7347
31	1620
0	4434
14	13308
45	1703
0	0
0	0
0	0
0	0
4	0
0	0
0	0
0	0
0	0
0	0
486	1065
10	171
79	1064
0	0
0	0
0	0
0	0
0	0
13	4346
0	4312
0	2977
0	2873
23	949
23	1490
0	1
0	1
0	1
0	1
0	1
0	0
0	0
0	0
0	0
0	0
0	0
67	0
2	0
180	256
0	260
1	0
0	158
3	156
18	13
0	41
11	138
1	1
1	138
0	0
0	0
0	0
0	0
0	0
5	611
0	610
0	680
19	14
0	219
0	144
0	8376
4	5888
0	5891
0	4296
0	1592
6	1488
6	794
0	740
107	168
0	8250
0	0
0	0
0	0
0	0
0	0
0	0
0	0
0	0
1	395
0	400
1	151
10	86
0	81
0	161
1	163
41	98
0	98
3	30
0	448
0	0
0	103
1	98
0	19
4	17
3	1
5	28
0	7
0	635
0	642
0	650
0	648
29	557
12	76
0	88
0	226
0	244
0	175
0	122
0	127
0	23
0	12
0	5
0	2
1	2
0	0
0	0
4	11
0	0
0	85
1	85
0	33
0	18
0	0
1	7
0	0
0	0
0	0
0	0
7	3
167	3
0	0
68	1001
0	973
0	597
3	7
0	88
2	99
4	99
0	0
0	13
0	0
0	0
0	1
0	3
0	3
0	0
0	0
0	2
0	2
0	2
0	0
0	1
0	0
0	0
19	65
10	11
0	2
1	44
2	254
5	83
0	89
0	35
0	30
0	23
0	20
2	0
0	252
0	254
0	0
0	0
0	0
0	8
0	8
0	4
0	1
0	1
0	8
0	0
0	0
0	0
186	829
12	175
0	101
0	60
0	516
0	89
0	148
1	29
0	21
0	4
0	14
0	194
2	188
0	82
1	61
0	45
13	14
5	8
0	0
0	0
0	0
0	215
0	195
25	100
11	9
4	16
0	0
0	0
0	0
457	737
3	643
0	142
1	0
0	78
15	11
27	2
0	450
0	433
0	88
0	365
1	72
0	102
12	213
0	123
1	0
0	0
6	12
8	12
876	69
0	69
0	109
22	137
1	124
0	117
0	2
0	0
0	2
0	127
1	125
3	35
0	110
0	107
0	108
0	51
0	26
9	129
0	48
3	117
0	28
0	23
0	11
1	51
1	17
0	0
0	438
0	116
0	2663
259	3178
3	194
0	196
6	413
4	157
7	392
7	1992
18	1904
7	191
0	191
0	1352
15	81
19	968
3	290
0	160
3	211
0	212
0	120
7	161
0	51
0	13
0	0
2	0
202	216
40	2
0	10
0	51
0	25
6	214
0	0
0	0
0	0
0	0
0	0
0	0
1	260
5	629
2	0
10	578
4	87
0	0
0	0
0	0
0	0
0	0
0	0
0	0
37	65
0	65
0	1705
0	1701
2	1581
0	265
6	56
3	1173
5	92
5	156
0	222
0	222
0	166
0	133
0	1682
0	4176
19	4108
0	73
7	54
9	157
0	59
76	199
21	790
1	760
1	99
2	3879
11	1942
74	1921
108	1744
54	6
0	2
0	5
0	0
0	0
1576	5710
0	5659
5	3777
0	3915
196	3837
150	831
0	5421
0	3701
5	1231
476	86
3	845
0	805
8	845
6	159
8	62
7	239
0	83
7	277
52	279
0	84
0	120
35	12
0	43
11	23
0	115
35	50
0	10
0	48
1	0
0	46
26	110
0	69
5	81
1	36
0	11
0	11
0	4207
0	1071
2	3
4	85
6	4229
0	4361
0	0
2	4430
48	27
0	4119
2	2922
0	617
6	559
0	451
15	729
12	14
68	92
0	176
26	0
0	0
1352	1324
65	1323
2	660
0	626
0	625
0	562
1	70
0	96
1	135
0	105
2	16
0	62
1	106
0	44
0	28
28	5464
2	2092
13	150
11	977
13	2399
23	122
4	104
1	405
0	0
9	505
0	505
1491	169
2	43
0	122
0	4
0	1
0	1
0	1
0	0
0	0
0	1
0	8
0	5
0	5
0	5
0	5
0	5
0	5
2	5
0	0
6	0
0	159
1	6
0	157
3	8
0	42
0	2
0	0
0	0
0	0
0	0
0	0
0	0
0	0
0	2
0	2
0	2
0	0
0	1
0	0
0	0
238	199
0	122
8	190
4	35
0	34
1	23
17	2722
0	2721
0	275
0	302
0	935
0	0
0	0
0	0
0	0
0	7
0	7
2	0
0	292
1	364
0	18
0	208
0	308
2	345
52	66
0	15
0	402
0	169
0	377
0	85
0	75
1	104
0	16
0	84
0	15
3	82
2	48
18	54
0	0
0	0
0	31
0	16
0	15
0	11
1	11
0	16
0	12
0	3
0	4
1	14
0	28
0	27
3	138
3	138
0	5
0	5
0	1
0	1
0	1
0	0
0	0
0	0
2	0
0	0
0	0
0	0
0	0
0	0
0	0
91	0
0	0
0	0
0	0
0	1
0	1
0	1
0	1
0	0
0	4
0	4
0	1
0	0
0	0
0	0
0	444
2	149
0	234
11	445
0	450
0	0
0	0
0	0
2	0
0	0
0	0
0	0
589	275
0	275
16	149
0	180
0	172
0	9
2723	12621
35	12621
3	902
0	0
1	148
5	48
10	64
39	148
1	42
0	36
0	25
2	6
0	6
1	6
0	0
0	0
209	680
0	694
12	705
0	691
0	724
0	197
0	636
0	137
0	557
0	81
0	130
30	107
0	35
0	59
0	70
7	161
0	172
0	78
0	41
0	4
0	713
2	0
3	0
0	0
0	0
0	0
0	0
0	0
0	0
28	1187
1	161
0	1187
0	335
8	8
3	453
0	174
2	175
12	177
0	173
0	34
1	21
1	22
0	2
0	10
37	28
1	28
0	0
4957	2050
71	2030
5	160
19	462
0	404
1	125
0	284
1	89
1	47
1	35
231	83
0	48
48	138
0	18
0	25
0	126
198	19
1	19
0	0
0	0
0	0
0	0
0	0
0	188
0	182
0	27
6	21
0	90
0	163
0	115
4	26
1	93
4	0
0	0
0	0
135	168
0	166
0	108
4	41
1	119
0	124
0	57
0	40
4	1012
220	1012
0	107
5	59
55	247
1	143
68	136
248	721
4	53
15	668
0	25
13	3
0	5
0	5
0	0
0	0
0	0
0	0
3	47
0	98
0	7
1	27
3	93
0	3
0	5
6	47
0	30
0	2
0	3
0	0
2	9
0	9
377	2316
0	2316
3	0
0	0
0	0
0	0
1	1674
1777	13035
0	0
0	0
0	280
21	254
3	244
0	15
1	5
7	45
0	90
0	80
0	3
0	84
0	83
0	96
4	55
0	37
2	21
2211	0
0	0
0	0
0	0
0	0
0	0
2	0
0	0
0	0
77	0
0	2222
0	2248
0	1098
1	1062
6	901
3	804
4	642
2	375
1	193
0	115
85	2348
1978	897
11	522
28	468
0	278
6	261
0	51
0	92
12	729
0	40
0	104
0	727
0	105
4	150
8	168
0	152
1	148
0	2
0	1
0	1
0	2
0	0
0	9
0	12
0	12
70	632
0	543
0	415
21	33
0	26
0	58
0	42
5	18
0	0
53	209
1	209
0	3
0	1
0	3
0	2
0	3
0	3
0	0
0	0
0	0
0	0
0	0
0	0
0	0
1	191
0	3
0	33
43	177
1	180
0	65
2	118
0	73
3	92
2	88
0	1
0	1
0	0
0	0
61	101
0	101
0	91
0	91
0	94
1	18
0	20
0	0
0	0
0	0
0	0
0	0
0	0
0	0
0	0
0	0
0	0
6	37
5	33
12	84
0	49
0	37
0	40
0	16
0	0
0	0
0	6
0	0
0	6
0	1
0	1316
0	0
14	143
24	141
0	91
16	785
0	631
5	63
16	162
3	32
3	313
0	314
0	72
0	54
0	0
0	0
0	0
0	0
0	0
0	0
0	0
0	0
0	0
4	197
6	197
0	197
0	0
0	1
0	0
0	1
0	2
0	1
0	0
0	1
0	0
0	32
0	91
1	73
0	5
0	18
0	2
3	12
4	11
1	5
7	0
0	3
7	143
0	149
0	52
0	0
0	0
21	7234
0	8941
116	1098
8	8497
0	8237
0	1813
0	5416
0	1955
23	449
0	0
0	0
0	0
22	413
1	351
0	190
0	176
0	43
2	43
0	33
0	7
0	0
0	0
0	0
0	0
0	0
1	0
0	2
0	2
0	7
0	7
0	7
43	35
0	35
100	91
0	3
0	22
11	64
0	65
0	17
0	161
0	161
0	2
0	17
0	2
42	638
0	405
0	598
0	240
11	153
6	267
1	266
3	23
13	13
0	30
0	24
0	108
0	20
0	10
0	29
0	108
41	19
1	19
1	0
0	1
0	0
0	0
0	0
34	0
0	0
0	0
0	0
0	0
0	13
0	0
0	0
0	0
0	0
0	0
0	0
115	54
0	39
0	22
0	0
42	1100
11	1100
13	625
0	203
0	171
0	70
9	133
8	85
0	0
0	0
0	0
49	27
0	27
0	27
0	0
0	0
0	0
148	369
52	369
0	0
0	0
0	0
0	337
118	1
6	1
1	1
2	1
0	0
0	99
0	310
0	315
2	92
0	4
1	50
3	0
2	1
0	338
1	43
1	43
4	20
0	24
0	20
2	19
0	24
0	19
0	24
1	8
0	1
0	1
0	0
0	7
4	313
0	313
0	116
0	59
0	15
1	15
0	0
0	0
115	118
0	118
0	0
3	0
0	0
41	995
0	971
39	1001
0	990
0	1061
0	2178
0	1848
4	772
0	1691
0	1406
3	1049
0	610
0	478
0	613
11	206
2536	1474
29	160
0	184
0	171
0	172
0	18
1	0
0	0
4	27
0	6
0	27
0	6
0	9
0	9
0	0
0	309
52	356
5	340
0	0
0	262
43	456
32	456
209	14
0	1
0	10
0	13
0	231
0	220
0	159
0	126
0	108
0	112
0	91
0	102
0	108
0	92
3	91
0	43
0	55
12	53
0	8
0	30
0	23
13	20
0	20
0	16
10	16
0	16
0	2
0	0
0	0
0	242
0	245
0	231
0	0
0	0
0	0
0	305
1	248
0	251
0	172
0	175
0	206
0	44
2	10
0	13
0	283
0	0
0	0
0	0
0	0
0	0
0	0
0	1152
4	983
54	1080
0	169
0	220
0	102
57	571
7	117
0	0
0	0
0	0
0	0
0	0
0	0
612	1044
0	50
0	177
1	1032
49	0
3	0
0	0
0	0
0	0
0	0
0	0
0	0
0	0
0	0
56	339
172	358
9	269
0	244
6	159
86	87
1	1181
1	1128
5	295
1	134
4	131
0	52
12	0
0	0
0	0
0	0
0	0
37	1420
1	1420
1	54
18	286
48	7
0	52
0	140
0	125
0	247
0	243
4	169
13	96
5	126
742	0
0	199
0	328
0	251
3	272
0	240
0	129
0	103
30	5
28	1
0	21
8	2
13	6
0	28
10	6
0	5
6	5
4	0
0	0
11	3
0	0
0	0
0	0
0	0
0	0
0	0
0	0
0	0
0	0
0	0
0	0
0	1
0	491
0	473
0	424
0	309
0	306
0	277
0	323
0	315
0	309
0	323
0	323
1	301
0	13
2	34
7	5
6	2500
0	70
14	2074
47	2462
0	3
0	3
0	3
0	3
0	0
0	0
9	123
59	932
14	678
0	730
0	0
9	5867
0	790
0	606
149	5863
3	967
1	985
0	291
10	113
0	83
0	10
0	34
3	8
0	34
0	64
0	51
1	8
0	60
12	10
0	268
280	0
0	5
0	5
0	0
0	0
0	0
0	0
0	0
2	0
1	0
1	1411
0	1382
3	29
0	73
0	177
2	1364
12	1368
1	0
4	139
1	923
0	16
0	90
0	43
1	23
6	7
2	4
15	82
0	141
0	37
16	524
3	0
0	1400
0	0
0	0
0	0
0	0
0	0
0	0
0	0
0	0
0	8461
82	9141
6	7365
23	8788
0	0
0	0
0	0
0	0
0	0
2073	417
30	22
3	264
1	395
0	0
0	361
0	536
2	537
0	0
11	80
2	268
0	289
1	339
0	333
2	316
0	338
4	220
0	352
0	39
0	174
2	70
0	62
607	5332
0	3
0	3
0	0
251	0
7	0
41	265
6	126
1	244
0	28
0	26
1	75
2	75
156	110
0	64
0	22
3	15
0	28
0	22
0	0
0	0
0	0
0	56
0	51
0	34
0	39
0	14
0	5
0	2
0	1
0	1
1	1
0	5
0	6
0	1
0	171
0	145
0	156
0	114
8	0
29	0
0	1487
18	453
1	629
0	1414
0	0
0	0
0	0
0	0
0	0
0	0
0	0
0	0
4	404
0	258
0	344
6	191
8	4
0	4
143	11553
25	11551
0	11568
0	2650
0	1100
0	5449
0	5549
0	223
0	4326
0	1266
3	1068
0	11552
0	9879
8	10899
0	11590
0	0
0	0
5	357
0	346
0	350
3	44
0	152
0	28
0	66
0	56
0	48
0	30
16	110
29	93
0	22
0	62
0	51
2	18
3	5
0	0
0	8
0	8
0	7
0	7
0	7
0	0
0	0
0	0
0	1
0	6109
6	5542
0	1346
1	3918
6	6088
22	2457
2480	662
10	660
0	352
3	148
23	0
0	0
0	0
0	2
0	2
0	0
0	0
0	0
342	17
8	17
0	29
171	29
0	0
0	3
0	6
0	6
0	1
0	0
0	0
0	0
2	54
0	45
3	54
0	46
0	12
1	38
0	55
98	396
5	88
0	16
42	342
1	289
0	78
0	79
9	106
48	105
688	1518
3	241
15	401
0	437
3	363
0	0
0	0
0	0
0	0
0	0
0	0
0	0
0	0
0	0
0	0
0	0
4	15
20	128
1	128
0	79
0	113
0	5
289	117
0	16
4	9
2	4
0	0
0	0
2	0
0	0
0	0
24	1248
0	127
0	234
1	1138
0	171
63	1200
0	98
3	302
3	58
0	461
10	497
8	134
3	203
0	67
2	4
3	657
1	550
22	84
0	647
0	170
25	160
0	73
0	462
17	301
0	17
6	15
0	24
0	156
11	95
24	188
0	96
107	1171
129	962
0	1134
101	1016
1	328
2	856
0	556
27	13
1657	191
7	191
0	0
0	0
0	1
0	0
0	0
0	0
0	0
0	1
0	1
0	0
3	0
0	0
0	1
3	1
1994	711
143	711
0	93
16	145
0	324
0	198
0	230
64	237
0	1
0	1
0	0
0	0
0	0
0	0
0	0
949	0
0	9
0	20
0	27
0	19
2	20
2	114
1	104
3	109
0	96
0	88
3	91
0	23
0	23
0	23
0	4
0	1
0	1
0	1
0	1
0	1
0	1
0	1
0	1
0	1
0	1
0	1
0	1
0	0
0	13
0	1
1	5
2	1
0	0
0	23
0	23
8	4
0	4
0	4
2	0
0	0
14	228
0	219
6	74
0	110
2	11
52	778
32	736
1	366
5	362
12	255
25	107
0	40
61	76
0	776
1758	291
10	291
0	66
0	46
0	66
131	286
0	246
0	194
2	119
0	54
0	20
12	1207
0	1214
0	1193
1	83
211	685
0	1571
0	0
0	0
0	0
0	0
7	190
8	190
0	9
0	331
1	314
0	379
0	379
0	381
3	388
0	301
0	139
0	35
0	38
5	129
0	131
7	22
0	11
1	0
1	1121
1	20
0	53
3	985
0	853
0	92
0	767
4	739
0	1071
0	1081
1	21
1	64
0	652
0	95
5	56
3	59
0	55
0	235
0	1119
0	1136
0	60
0	0
0	0
0	0
0	4
0	0
0	3
0	4
0	0
0	0
0	0
0	0
21	3276
7	1677
1	159
0	93
0	44
0	1677
0	0
0	0
6	1677
248	1389
0	1389
8	77
0	228
0	0
0	256
0	118
0	226
3	0
0	8
0	31
0	141
0	114
0	142
1	120
0	114
0	4
0	17
0	17
2	7
0	22
0	20
0	13
0	0
216	50
0	43
8	7
32	7
5	0
1	0
7	727
0	745
0	323
0	427
0	316
0	193
2	0
0	0
0	130
464	130
24	49
0	44
289	664
0	610
10	258
0	0
0	0
0	0
353	461
0	0
0	0
0	0
0	0
0	0
0	0
0	0
0	0
0	0
0	0
0	0
0	0
0	0
0	0
0	0
0	0
0	1
0	1
0	1
0	1
0	0
0	9
0	9
0	1
0	7
0	1
0	9
0	0
1	0
0	0
1	1350
0	1263
1	1253
12	1234
0	1307
1	146
0	224
8	163
0	0
0	0
0	0
0	0
0	0
0	0
0	0
0	0
0	0
4	0
252	62
0	62
5	25
0	4
1	13
0	28
0	121
23	24
0	122
13	120
0	0
0	0
0	0
0	0
0	0
0	0
0	0
43	650
0	654
0	531
5	188
0	152
0	402
9	599
0	247
2	582
42	922
7	215
0	124
0	662
2	447
0	1230
0	227
0	1315
10	681
0	0
0	0
0	22
1	22
0	16
0	0
4	5
0	1
0	1
0	1
0	1
14	2655
2	2641
1	2302
0	1026
8	516
17	5312
0	5143
0	5243
0	5225
0	5154
0	5134
0	5204
0	5116
0	5298
0	5280
0	5368
3	285
24	771
0	462
0	148
0	5223
1	44
0	44
0	1
0	0
0	1
0	1
0	0
0	0
1	8
1	12
1	12
8	42
2	109
1	50
0	141
0	345
3	270
0	121
2	3
0	374
0	0
0	0
0	0
0	0
0	0
2	1366
0	1497
0	1278
7	332
0	122
1	483
1	497
0	436
0	262
1	301
1	18
4	137
0	960
10	787
3	4544
334	719
54	183
0	1127
12	1460
0	2304
0	4472
0	0
0	0
0	0
0	0
0	0
13	802
0	713
1	249
4	99
10	107
0	37
79	84
11	72
17	16
190	0
20	0
0	2
0	2
0	2
0	2
0	2
0	120
0	105
0	0
0	22
2	13
0	109
1	0
12	13
3	13
0	12
0	0
1	8
0	0
0	0
0	0
0	0
0	0
18	34
0	34
0	8
0	5
3	836
5	179
1	587
10	425
1	593
4	274
0	450
891	2226
0	0
0	0
0	0
0	0
0	95
12	154
0	592
0	463
0	180
0	107
57	120
0	89
4	67
26	729
949	166
1	166
0	0
9	28
5	57
453	85
200	247
0	247
4	34
1	23
28	33
0	12
0	12
298	192
1	187
0	188
1	162
0	148
28	26
3	116
45	8
0	158
0	161
68	2712
0	573
16	60
5	15
0	444
7	54
0	89
5	123
2	135
50	459
1	0
0	0
0	0
55	2839
3642	757
8	126
25	631
5	996
10	4505
66	177
3	68
0	8
4	51
0	55
0	45
7	46
0	46
11	30
0	8
0	6
0	0
0	2
0	2
0	2
0	0
1	31
0	5
1	4
0	33
78	45
0	43
0	0
0	32
0	30
0	30
0	32
0	32
0	32
0	30
0	1
44	0
0	0
0	68
1059	68
2	1102
64	16
0	937
52	1077
34	572
1	688
0	268
0	53
10	76
0	78
0	1
0	1
0	1
0	0
0	0
0	0
1	579
0	195
0	148
1	184
19	395
7	45
1	45
0	0
0	2
0	1
0	0
0	0
0	0
0	0
0	0
0	0
0	0
0	0
0	0
0	0
0	0
0	2
379	0
266	149
0	149
0	129
0	0
0	0
0	0
0	0
0	0
0	0
0	0
0	0
0	0
0	2
0	2
0	0
0	0
0	0
0	2
0	2
4	93
0	93
0	0
0	0
0	0
0	0
0	0
18	7
0	7
0	0
0	0
0	0
2	307
1	8
1	317
0	84
803	0
45	0
6	16
0	16
0	0
0	0
0	0
0	0
0	0
0	0
0	0
0	0
0	0
1	4
0	3
0	3
0	2
0	0
0	0
0	0
0	0
23	459
0	397
0	339
0	182
0	288
0	82
3	68
0	110
0	190
0	524
0	69
0	1
0	1
0	541
0	541
4	20
0	1559
0	1680
0	682
0	438
0	331
0	317
4	154
92	56
1	50
0	53
10	10
0	8
1	4
0	0
0	0
0	0
0	0
0	0
0	0
468	929
58	743
11	186
185	7
0	0
0	1
0	1
0	1
0	0
0	0
1	61
1	34
89	128
0	108
0	0
1	1171
0	0
0	0
0	0
76	0
0	0
0	0
0	0
0	0
0	0
0	0
0	0
0	0
0	6
3	6
0	4
0	2
0	0
0	0
0	1
0	1
0	1
0	1
0	0
0	0
0	0
0	0
0	0
0	0
0	0
12	19
0	243
0	171
1	244
0	152
4	227
2	9
0	88
0	0
0	383
0	0
0	130
6	217
34	154
8	411
40	25
2	110
0	0
108	122
0	1
0	117
0	11
5	27
0	12
0	12
0	6
0	0
0	0
349	33
0	29
24	24
0	4
0	2
0	0
0	0
0	2
0	2
0	0
0	571
0	818
20	178
1	15
0	784
0	188
4	614
12	436
1	26
4	122
18	172
311	537
0	348
6	0
0	55
0	250
0	44
31	127
0	77
0	112
0	8
1	10
0	98
0	19
0	2
0	3
1	3
77	132
0	131
1	128
0	13
0	14
0	7
0	6
0	0
0	0
0	0
43	103
0	96
1	1
1	7
0	0
0	0
0	0
0	0
2	186
0	118
0	48
0	0
0	0
0	1
0	1
0	0
0	0
0	0
0	0
558	619
1	336
2	283
0	0
0	1
6	0
0	0
65	814
1	814
0	0
2	315
0	306
148	90
0	26
4	58
0	308
0	131
0	88
0	43
30	214
0	317
0	0
0	0
0	0
0	0
0	0
0	0
0	1025
3	992
0	977
2	469
0	488
0	180
10	129
0	25
20	14
70	1513
0	0
832	184
2	155
2	3
1	29
5	92
5	84
0	86
0	7
34	1861
0	0
0	2
0	0
0	0
0	0
0	0
0	0
0	0
0	0
0	1
0	1
0	0
0	8
0	13
0	0
0	0
0	0
0	0
0	0
30	377
0	53
263	369
0	266
14	48
0	48
0	37
0	31
0	0
0	0
0	0
1817	1212
37	184
2	69
1	449
12	280
0	428
4	166
0	0
0	0
0	0
0	0
0	73
0	40
12	175
45	477
729	477
0	66
372	393
1	279
0	0
0	0
0	7
0	0
0	0
0	0
0	0
0	0
0	0
0	614
893	1546
5	685
7	514
539	1921
5	508
204	233
19	21
0	275
0	1646
10	10
1	3
9	7
0	11
0	0
0	0
1	5
0	1
0	0
0	5
2	5
0	5
0	0
3	0
0	4
0	4
0	4
0	0
0	0
0	0
0	0
0	0
0	0
64	73
0	8
2	13
0	73
15	57
2	66
0	39
0	0
0	0
0	0
0	0
0	0
0	0
0	0
0	0
0	0
0	0
0	0
0	0
0	0
0	0
0	0
388	330
0	298
0	129
0	42
64	44
6	19
0	4
0	4
0	0
0	0
0	0
0	0
0	0
0	0
0	0
0	0
0	0
0	0
0	4
0	4
0	6070
30	6084
0	0
14	14
0	12
0	7
0	2
0	2
0	0
0	2
0	25
9	119
9	8
8	0
4	106
0	72
1	95
2	0
0	5
0	1
0	0
0	1
0	1
0	0
0	0
0	1
0	0
0	1
0	0
0	0
0	1
0	0
0	0
0	0
0	0
0	0
0	1
0	0
0	0
0	1
0	0
0	0
0	0
0	0
0	0
0	0
0	0
0	0
0	0
0	0
0	0
0	0
0	0
0	0
0	1
0	0
0	1
64	0
0	0
0	0
0	0
0	0
0	0
0	0
1	1
0	1
19	157
1	45
1	157
0	43
6	37
0	2
0	2
0	1
0	0
0	0
8	25
6	25
1	32
0	4
0	4
0	1
0	8
0	32
5	0
0	0
0	0
0	0
0	0
0	251
0	245
1	82
45	20
11	242
20	248
0	0
0	0
0	0
0	1401
0	2144
2	1784
53	277
8	71
9	148
5	154
0	1329
11	27
0	27
2	2467
7	2881
33	211
0	317
10	159
18	2720
0	0
47	5493
0	5661
0	5548
358	923
0	7141
0	7516
0	7262
147	1427
0	1782
42	258
0	2328
528	3238
0	5923
37	0
785	0
0	195
44	186
2	53
0	1
1	89
0	19
0	43
0	38
0	35
14	1
0	190
0	195
87	169
0	161
0	94
0	33
0	52
3	30
0	440
272	441
0	34
0	0
30	554
0	506
0	576
9	156
14	48
2	0
0	136
0	69
0	206
0	206
0	0
3	3
2	3
156	299
0	15
0	282
0	32
0	24
4	4
0	6
5	20
128	7
8	7
11	303
0	303
0	280
2	3
0	50
0	0
2	538
0	461
0	1
0	501
0	60
0	520
0	25
0	34
0	59
0	444
0	25
4	272
14	462
0	95
0	90
0	30
0	0
0	28
0	57
0	486
0	35
0	19
0	15
0	260
2	2
0	66
0	464
0	8580
0	8558
0	8448
8	10
1	1
39	53
12	2
0	45
1	12
0	1
0	0
0	1
0	0
8	0
0	0
0	0
0	0
0	0
43	160
4	151
0	68
0	58
1	4078
0	162
0	169
0	161
6	114
2	167
0	58
0	50
55	338
69	353
0	73
23	209
35	135
0	0
0	0
0	0
0	0
17	855
10	863
40	215
0	805
1	682
25	781
1	117
13	126
2	32
39	41
8	18
41	20
58	2222
0	478
44	2416
1	2273
2	492
1	832
0	87
39	356
0	993
45	245
0	871
0	1020
33	640
4	744
0	149
99	44
1	718
0	0
0	0
0	0
0	0
0	0
0	0
0	0
158	200
0	200
0	1
82	173
8	170
0	88
1	105
0	85
0	68
0	65
3	11
0	21
3	20
0	2861
0	0
0	0
0	0
0	0
0	0
0	0
0	0
0	0
0	0
0	0
0	0
0	0
0	0
0	0
3	544
0	495
0	50
8	0
1	94
0	34
593	0
16	245
177	443
26	153
0	353
0	312
1	55
0	52
1	8
5	179
3	12
0	14
2	41
0	68
0	87
1	32
0	26
0	34
6	30
0	48
0	2
0	2
0	2
0	1
0	0
498	674
7	57
41	1
4	515
0	209
7	91
2	0
0	40
1	0
58	10
6	117
0	0
0	0
0	0
0	0
0	0
0	0
0	0
0	0
0	0
0	0
0	0
0	0
0	0
0	0
0	0
0	0
0	0
0	0
0	0
0	0
0	0
0	0
0	0
0	0
0	0
66	917
0	916
0	909
0	906
0	899
0	865
0	715
0	739
1	84
0	39
0	48
0	112
3	39
2	50
0	15
0	17
0	886
0	922
0	909
0	0
0	0
74	14071
0	105
1	650
129	14071
99	0
27	0
0	0
0	0
10	271
0	230
1	90
0	0
0	0
0	0
0	0
0	0
0	0
0	0
0	0
0	354
0	454
1	417
0	440
1	113
0	74
0	440
0	0
0	0
0	0
0	0
0	0
0	0
0	0
0	0
0	0
0	0
0	0
673	0
1	0
0	0
256	615
0	615
1	94
3	0
3	56
32	100
0	132
1178	887
3	887
2	500
1	0
54	751
0	751
0	0
0	0
0	135
1	135
163	69
0	70
18	0
9	40
1	40
0	41
0	0
0	1
5	37
16	587
11	223
7	479
3	550
91	867
11	403
1069	941
2	231
0	916
3	204
5	0
1	235
3	271
5	78
0	5
0	3
0	3
0	1
0	986
0	1057
0	1028
0	1049
0	126
0	1039
0	439
0	980
0	958
0	46
1	1064
0	1035
0	1049
3	47
0	994
0	960
0	817
0	295
38	142
0	250
0	33
3	190
0	0
0	0
0	171
0	211
0	43
2	1262
0	1266
29	462
13	176
5	527
0	165
0	929
1	39
0	1207
0	70
0	551
0	608
0	1
2	45
0	62
2	50
0	929
73	2865
9	140
13	144
1	135
0	24
0	4
23	9
0	5
0	0
109	465
0	441
0	3
2	169
0	150
14	33
1	144
0	61
17	99
0	0
0	0
0	0
27	4078
0	164
0	171
0	145
0	50
0	83
0	81
2	73
0	68
0	48
0	4
0	6
18	2
5	333
5	54
0	260
0	35
6	27
2	23
1	19
3	51
0	152
7	20
2	0
0	0
0	0
0	0
0	0
0	0
0	0
0	0
0	0
0	0
0	0
0	0
9	544
6	546
0	385
0	425
0	187
4	99
12	88
0	50
0	0
0	0
0	0
3	0
2023	1076
22	0
4	1076
41	164
0	218
2	313
0	259
0	62
0	37
0	0
0	0
0	0
0	0
0	0
0	0
426	134
25	134
42	0
0	0
0	0
0	0
0	0
0	0
0	0
0	42
67	42
11	49
61	347
0	347
5	327
3	319
3	334
0	329
0	333
0	216
0	18
0	17
0	28
0	24
28	15
0	14
3	7
0	1
0	1
0	1
0	1
0	0
0	0
0	0
0	0
0	0
0	0
131	127
0	1761
13	82
0	114
0	318
0	1415
7	90
0	1859
0	225
27	118
1	1134
8	131
13	1027
1	56
14	525
0	535
0	605
0	424
0	287
0	191
0	145
0	136
0	153
0	175
0	149
0	59
0	86
0	68
0	0
0	0
0	0
0	0
0	0
0	0
0	0
0	0
0	0
0	0
0	0
1	475
0	62
15	427
1	39
0	191
3	125
1	469
0	14
0	31
2	0
3	115
0	476
0	0
0	0
0	0
0	0
0	0
0	0
0	894
3	940
5	224
0	70
0	940
0	48
35	48
13	157
0	3
0	17
0	159
0	4
0	158
0	97
0	96
1	0
0	0
1818	458
6	114
2	69
1	277
0	964
48	298
0	524
328	1306
0	160
0	97
52	151
0	607
4	1178
0	441
0	471
0	228
0	128
5	77
0	120
0	77
71	10
4	488
1	43
321	481
0	8558
4	8510
6	875
710	806
0	803
39	126
0	0
0	0
1	1
0	1
0	1
0	0
0	0
0	0
0	0
1	0
0	0
579	241
0	181
2	60
0	0
388	1300
11	435
0	505
8	548
21	450
12	381
2680	0
0	0
0	0
0	0
0	995
0	813
0	941
0	941
0	903
0	702
6	709
0	780
0	178
0	695
0	605
0	542
0	624
34	488
0	508
0	490
0	291
0	135
0	232
0	217
6	114
0	1010
60	635
0	1
5	274
0	172
0	39
0	206
5	234
2	162
2	24
10	449
0	431
0	738
12	625
19	6
0	172
0	6
2	169
0	6
0	155
0	174
51	651
2003	651
0	13
0	0
0	0
0	1
0	1
0	1
0	1192
27	1194
0	287
0	1183
1	65
2	51
67	126
0	122
0	0
0	0
0	0
0	2
0	0
0	2
0	1
0	0
0	203
0	183
0	49
0	49
0	34
347	97
1	87
0	34
0	10
4	0
0	0
0	0
0	0
1	0
0	0
0	0
7	794
72	1224
62	830
6	356
0	30
0	35
0	17
0	33
0	29
0	16
0	2
0	4
1	3
0	31
0	1
0	1
0	1
0	1
0	1
0	1
0	0
0	0
0	0
0	0
0	0
0	0
0	0
0	0
66	13302
17	4105
0	3653
59	3731
0	6333
0	3328
0	0
0	0
0	0
0	0
0	0
0	1
390	388
2	388
540	288
2	288
15	31
42	293
0	287
1	284
3	269
1	39
0	15
7	33
0	87
0	56
0	28
4	25
0	12
0	0
1	0
0	0
10	8
0	0
0	8
0	0
0	0
0	0
0	8
699	276
0	276
0	0
0	0
0	0
0	0
0	0
19	234
0	207
5	69
0	81
0	80
0	81
0	7
3	14
0	76
0	167
0	0
0	0
0	0
0	0
0	0
0	0
0	0
0	0
0	0
0	0
0	0
0	0
0	0
0	0
0	0
3	4
0	4
51	75
0	16
0	10
1	193
0	203
2	203
0	31
0	66
0	63
0	103
2	842
14	792
7	662
0	128
2	303
2	193
0	3
0	3
0	0
0	0
0	0
0	0
0	0
9	3879
0	3868
0	2399
0	1953
0	2024
1	1983
1	602
2	343
0	937
0	375
0	327
5	122
3	191
7	224
0	172
0	70
0	27
0	0
0	1
1	1
30	157
25	145
0	53
1	39
0	1
4	4
0	0
0	1
0	1
8	236
2	234
0	235
0	167
0	118
2	116
0	17
0	239
0	0
0	12
2150	425
0	410
7	40
0	197
0	219
0	0
0	0
0	0
0	0
0	0
332	47
0	4
1	41
0	41
1	37
0	114
0	80
9	0
0	0
0	0
0	0
0	0
0	0
0	0
0	0
13	748
29	126
0	514
0	722
2	355
0	255
0	12
2	12
3	0
1	5
0	5
3	1
0	1
1	1
0	1
0	0
0	0
3	1
13	3830
1	3723
0	3532
0	3812
0	4047
212	3929
11	110
27	333
30	68
0	243
0	222
1	232
6	147
2	38
0	30
2	58
0	53
1	238
0	1770
0	942
0	892
2	8
0	1075
0	1166
0	1178
0	1203
0	1048
1	1140
0	1166
0	1121
0	1100
0	1712
0	1156
0	1110
0	1258
0	1083
0	1201
0	1078
6	88
0	85
18	98
52	55
25	21
0	0
0	0
0	0
0	0
0	0
0	0
0	0
0	0
4	0
0	0
0	14
0	14
20	2
0	1
0	0
0	1
0	0
0	42
670	141
0	82
25	17
0	0
12	112
2	101
0	59
10915	449
5	423
0	26
0	444
12	450
0	460
9	440
0	155
5	254
0	139
0	256
4	166
0	25
1	31
0	44
0	20
0	444
0	3
0	3
419	1020
3	1020
1	816
4	459
68	290
0	269
0	2
0	2
0	2
0	607
3	590
2	34
0	56
0	16
17	53
0	158
10	134
0	409
25	237
0	412
0	92
1	58
0	83
0	86
0	0
0	14
0	1
3	4
0	16
0	6
0	14
0	92
51	277
6	9
12	6
0	277
15	724
0	452
0	377
7	21
0	22
0	19
0	733
0	724
11	21
0	3
0	2
0	18
0	1
0	0
0	6
64	90
3	90
2	144
0	144
0	0
7	3467
7	3467
1	198
3	191
0	15
118	84
0	74
12	84
8	68
49	70
1	1
6	0
8	261
8	261
4	201
0	223
3	262
4	0
0	0
0	0
0	0
0	4013
4	2608
7	412
20	3
7	0
43	26
0	1373
0	256
0	1361
13	37
0	1148
70	936
0	513
0	411
0	178
0	20
29	0
0	3998
1	0
1	611
71	792
21	70
0	784
0	782
0	141
0	352
3	76
0	21
30	24
0	29
60	128
0	133
0	17
0	36
0	103
0	101
0	43
7	43
13	43
11	28
1	34
0	0
0	0
0	0
0	0
0	0
26	113
6	50
0	113
5	0
0	103
0	73
0	98
0	38
0	23
0	40
0	39
0	15
0	91
78	4
9	4
0	210
10	178
1	196
0	163
1	16
0	209
0	64
0	41
0	168
0	14
0	210
406	90
0	89
0	0
4	300
49	454
0	81
0	104
2	40
130	177
0	172
118	8
0	153
0	44
0	135
0	31
0	6
0	0
0	89
3	35
0	10
0	12
0	90
74	1186
227	1763
3	924
2	636
0	594
15	327
24	437
1	383
3	200
0	284
0	0
0	815
1	731
1	651
0	279
0	511
21	203
0	191
0	140
0	52
1	13
0	12
2	91
0	72
0	46
0	29
2	13
0	13
0	36
0	27
0	814
476	118
0	29
9	72
1	28
0	216
0	206
8	202
0	71
3	33
0	33
2	190
43	39
0	50
13	119
0	39
13	5
0	0
2	833
26	830
0	161
0	32
0	375
0	70
4	110
0	83
0	122
8	74
6	37
9	296
0	135
0	64
0	0
0	0
0	0
0	0
0	0
0	0
0	0
0	161
0	161
0	125
0	90
0	0
0	0
2	0
0	0
0	0
0	0
0	0
313	402
1	74
24	125
1	84
0	124
1	34
0	87
0	0
0	0
491	928
3	536
0	186
0	500
0	383
2	113
652	128
0	105
5	78
378	90
0	4
0	4
0	4
0	4
0	0
0	0
0	0
0	0
0	4
0	4
0	16
0	31
0	36
1	0
1	36
0	36
0	10
0	4
89	63
0	59
3	1
0	5
2	0
0	0
0	0
1	25
0	25
0	2855
410	3465
53	14
2	235
0	180
2	782
2	319
1584	860
0	860
0	8
0	10
1296	2227
1	957
7	959
2	807
0	0
0	56
0	61
0	302
0	92
0	197
0	50
0	151
0	37
0	145
2	26
0	165
0	47
0	45
0	90
1	297
2	75
0	261
0	248
0	83
1	69
0	69
0	51
0	54
1	54
0	48
0	56
0	27
0	234
1	34
0	157
0	126
0	37
0	89
0	144
2	17
355	82
4	82
0	14
2	21
6	16
0	16
0	2
0	0
0	0
0	0
0	0
0	0
0	0
0	0
0	0
0	3040
0	2784
82	1093
1	1834
0	272
0	1
0	1
0	0
55	200
6	89
16	64
0	76
1	60
233	0
0	0
655	57
12	57
6	0
0	22
0	19
0	19
0	9
0	14
0	14
0	0
0	0
0	4
0	3
0	3
0	0
0	29
0	30
0	25
0	5
1	201
0	193
0	8
0	12
1	1
5	189
0	0
0	0
0	0
0	0
0	0
0	0
0	0
0	0
0	0
0	0
0	0
0	3103
0	1338
1	1618
3	890
3	718
50	766
0	230
0	3103
0	0
440	31
0	31
26	44
2	49
0	4
8	122
14	550
0	40
5	15
54	433
4	10
0	0
9	126
10	126
10	124
0	252
0	221
0	228
32	125
0	0
0	5
0	5
0	0
6	96
5	91
26	105
3	44
6	61
0	115
0	21
1	115
0	104
10	60
0	32
0	13
1	2
0	42
0	75
1	141
5	164
0	5
1	12
0	3
12	2
0	1
20	55
301	128
2	70
2	51
17	44
4	40
1	38
0	16
4	31
3	34
0	23
0	32
17	141
0	152
0	18
0	0
0	0
0	0
10	613
52	518
0	509
0	500
0	298
0	212
35	0
0	608
0	13
1	0
47	0
111	52
0	52
0	103
0	114
21	86
0	0
0	0
0	0
0	0
0	0
0	0
0	457
0	449
0	284
1	33
0	118
0	151
8	33
1	119
17	142
0	62
4	61
6	42
0	30
41	41
0	29
1	29
37	44
0	0
0	32
2	20
7	2
2	2393
0	2342
0	2308
4	1916
0	1678
0	1728
0	569
3	190
0	0
367	0
0	277
0	96
0	124
1	261
0	101
2	272
0	28
0	14
17	2
31	76
0	16
1	76
4	72
33	65
0	27
0	0
0	0
2	82
3	51
0	103
0	92
0	5
0	43
0	34
0	56
0	30
2	138
9	370
2	370
43	138
5	19
8	789
3	778
0	733
0	421
0	36
0	197
3	25
0	135
0	59
21	0
0	16
0	8
31	0
0	0
0	0
0	0
0	0
0	0
0	0
0	0
0	0
0	0
0	0
0	0
0	0
0	0
14	1943
0	1903
0	1370
2	39
24	18
0	160
0	97
1	84
71	82
5	4
7	78
0	32
2	147
4	158
0	104
1	105
1	45
0	31
6	21
2	15
7	7
0	10
0	0
58	0
0	0
0	0
0	0
10	0
0	0
0	0
0	0
0	0
0	0
0	0
0	0
0	0
0	0
0	0
0	0
183	0
0	0
0	0
0	0
0	8
0	7
0	5
0	5
0	0
0	1
0	0
0	0
0	1
0	2
0	1
0	0
0	0
0	8
0	7
0	8
1787	229
0	158
40	71
0	0
0	0
0	0
0	0
0	10
0	11
0	7
3	1
0	0
0	0
4	20
0	541
0	1048
0	906
5	834
0	675
0	1023
0	1046
5	233
0	98
5	62
7	127
0	0
0	0
0	2
0	0
0	2
0	0
0	0
0	0
0	0
0	0
0	666
19	0
0	664
1	519
0	517
0	674
0	669
3	39
0	21
1	71
0	22
0	80
2	0
0	0
10	0
0	24
0	24
0	24
0	24
0	22
0	2
0	2
0	2
0	0
0	0
0	0
0	0
0	0
0	0
0	0
0	0
0	0
0	0
0	0
0	0
0	0
0	5
0	5
0	2
0	5
0	56
1	60
5	57
0	60
0	57
1	8
0	0
65	785
23	791
2	603
4	101
3	124
0	87
0	89
0	40
10	23
0	0
0	0
31	47
6	47
0	16
0	81
5	1
3	13
0	74
0	80
0	13
0	4
2	12
1	10
1	2
0	413
10	400
0	268
3	280
0	413
1	9
0	9
0	9
0	1
3	187
0	73
0	158
0	174
0	127
0	114
84	10
0	1480
4	1474
3	1354
0	1264
19	1426
0	824
0	852
3	38
1	55
0	790
30	0
0	118
7	0
0	3
0	83
1832	2263
0	694
3	168
0	1399
2	104
9	196
151	1015
0	917
6	10
1	181
1	204
14	213
0	78
0	43
362	42
0	44
30	11
0	9
0	0
0	0
2	369
0	369
1	369
2	369
0	129
0	194
0	0
0	0
0	0
0	0
0	0
0	0
1	0
350	28
1	12
0	16
594	9
2	0
2	306
0	275
0	337
6	7
0	0
0	0
0	0
0	0
0	0
12	8
220	207
0	199
0	0
15	34
0	1
0	33
0	0
0	0
0	0
0	0
0	4
0	3
0	0
3	29
1	29
3	138
0	89
9	21
0	21
0	0
0	0
0	0
1	0
29	2071
1	446
0	78
18	1993
2	246
0	691
0	434
0	700
2	0
0	0
37	530
1	239
17	241
0	183
11	483
1	174
0	177
0	0
0	757
57	1053
84	720
10	1027
6	1022
13	819
0	502
0	1115
0	0
0	0
0	0
0	0
0	0
0	0
318	559
4	559
16	424
4	1
319	144
1	91
0	12
0	44
0	43
0	282
20	1
2	56
0	270
1	97
1	68
2	13
0	17
26	35
107	37
0	12
0	4
0	33
0	0
0	0
0	0
0	0
0	0
0	0
0	0
4	352
35	352
0	10
0	0
0	0
0	0
0	0
0	0
0	0
0	0
0	0
0	98
1	99
31	1
0	97
0	85
2	0
0	0
34	325
0	112
1	146
0	143
0	94
19	229
0	73
1	20
30	343
1	343
0	31
0	305
5	207
1	278
0	286
3	303
2	158
3	61
0	41
6	0
0	305
0	0
0	0
0	0
0	814
0	649
0	507
0	595
0	115
0	106
13	192
4	68
0	124
1	77
0	706
0	734
0	793
3	0
0	0
0	115
3	0
0	3309
0	2527
7	235
0	1360
6	564
0	3266
9	1964
3	2006
2	1628
0	123
17	60
45	1443
1	109
2	199
14	272
2	617
0	617
0	615
2	391
0	199
0	173
0	47
0	61
0	55
42	0
0	0
0	0
0	0
0	0
0	0
0	1
0	1
0	0
0	1
0	0
0	0
0	0
0	0
0	0
0	1
0	1
0	3
0	3
0	3
0	2
0	0
0	3
0	0
1	3
0	3
0	0
0	0
0	4
0	4
0	0
0	0
0	0
0	0
0	0
0	0
0	0
0	0
0	0
0	0
0	0
0	0
0	0
0	0
0	0
0	0
0	0
0	0
72	0
0	0
0	0
0	0
0	0
0	0
0	0
0	0
0	0
0	0
0	1
2376	467
0	26
3	216
1	225
408	857
0	857
0	101
2	160
2	192
3	58
0	0
0	0
0	0
0	0
0	0
27	0
0	0
0	0
28	46
0	43
1	21
0	4
1	1
1	51
1	38
0	11
0	11
12	51
0	28
4	10
0	8
392	8
107	2629
0	1390
0	2436
38	749
1	571
152	204
1	271
1	76
2	76
3	106
8	98
14	15
1	246
0	262
0	248
0	256
0	17
0	27
0	53
0	8
5	37
0	77
0	59
0	70
0	53
0	71
1	30
0	14
4	12
0	17
480	438
2	426
24	12
0	7
0	13
68	15
0	145
0	35
0	1928
1	104
0	1914
0	125
2	640
0	223
1	359
0	0
0	0
0	0
0	0
0	0
644	64
3	64
0	0
0	0
0	0
0	0
0	0
6	5456
2	1237
0	5305
1	5373
0	707
2	191
1	190
16	331
5	465
0	570
6	713
0	1
0	5
0	6
1	7
0	0
0	7
0	0
0	1
0	6
0	1
0	6
0	2
0	1
0	0
0	1
0	1
0	0
0	0
567	281
0	281
0	0
0	10
0	18
0	9
2	142
0	261
80	259
0	0
0	0
0	0
0	0
0	0
0	0
0	0
0	3
0	3
0	0
0	0
1	0
0	0
0	0
1	293
0	1800
2	1660
0	1697
1	245
24	1517
35	115
6	85
60	564
1	305
0	348
0	347
2	519
0	365
20	221
0	0
0	0
0	0
0	0
0	0
0	0
0	2
0	2
0	0
0	0
0	0
0	0
0	0
5	80
2	46
0	55
4	85
3	21
0	882
0	27
0	266
4	30
0	12
0	49
1	38
22	452
0	5
6	878
0	92
0	78
5	30
0	701
0	858
0	63
0	140
1	15
0	1
0	1
0	0
36	105
0	60
0	64
0	0
0	0
353	148
0	435
308	1368
25	1371
0	674
26	449
0	104
0	0
0	0
0	0
0	0
0	2
0	0
0	2
173	79
3	77
2	10
0	2
0	2
0	0
0	0
0	2
0	0
0	0
0	0
0	0
0	2
29	129
1	129
0	89
3	30
1	0
0	0
0	0
0	0
0	0
2	2
0	0
0	2
584	1014
3	982
8	186
24	198
78	190
2	157
6	205
9	106
10	125
0	4
2	4
0	0
0	0
0	0
0	0
0	17
0	0
0	0
68	99
0	25
3	7
2	69
0	0
0	48
0	0
0	0
0	0
5	425
26	417
3	186
0	74
0	186
0	111
0	130
5	39
103	930
0	105
10	86
3	930
4	22
0	63
2	58
6	27
0	0
4	85
0	83
0	43
1	25
0	0
0	19
1	0
222	1481
6	1464
0	246
192	80
0	57
0	80
0	1092
0	1077
0	603
1	161
0	675
5	192
3	15
5	91
0	0
0	0
26	594
13	508
1	56
0	175
0	572
172	295
1	295
0	122
5	47
189	2739
10	1192
0	1842
42	14
8	932
167	117
0	0
45	813
3	788
6	194
1	244
0	19
4	0
0	19
0	35
0	35
1	0
0	0
0	0
0	0
0	44
0	0
0	46
0	12
0	44
0	44
0	46
0	53
0	47
0	11
0	5
0	3
0	5
0	3
0	3
0	5
0	3
0	0
0	0
0	0
0	0
0	1
0	0
0	0
0	1
0	1
0	0
0	0
0	1
0	0
51	257
0	144
0	167
5	227
8	67
0	0
0	0
0	0
0	0
1	54
165	82
3	11
0	11
0	4
0	19
41	83
3	83
1	37
0	0
0	0
0	0
0	0
0	0
27	31
1	7
5	24
0	2
0	3
0	3
0	3
0	0
0	0
0	0
0	0
0	0
0	1
0	0
0	0
0	0
0	3
0	0
0	15
0	15
0	2
1	0
0	0
0	4
0	15
91	15
0	2
0	0
0	0
0	488
0	456
0	481
1	9
5	470
0	435
1	426
3	92
0	0
0	0
72	0
0	0
0	0
0	0
0	0
0	0
0	4
0	4
2	956
0	936
0	404
0	417
0	457
0	116
0	152
0	111
3	8
0	0
0	0
0	0
0	0
0	59
65	59
3	0
0	0
67	0
2	1
0	1
0	248
0	259
0	226
0	17
0	244
1	11
1	6
0	0
0	0
0	0
0	0
16	3
0	3
35	1725
0	1675
44	0
4	708
0	133
4	132
0	502
0	537
5	99
0	514
0	324
0	85
0	86
1	159
2	69
0	565
3	109
0	29
0	53
294	322
0	200
6	124
3	9
5	48
0	47
1051	304
38	304
0	3
0	3
0	1
0	0
0	0
0	1
0	0
0	0
1	0
0	0
0	0
2	0
0	0
0	0
0	0
0	0
0	1042
0	1001
0	1039
0	541
0	407
0	371
0	411
0	397
0	399
0	379
0	388
5	337
2	103
0	39
1	148
0	48
4	0
4	17
0	75
1	71
0	937
0	0
0	0
0	0
0	0
3	141
114	110
39	417
332	457
1	129
3	89
0	269
0	0
0	5
0	5
0	5
0	0
1	1
0	2
0	1
0	1
0	2
3	0
0	0
0	0
3	0
0	0
0	0
0	0
0	0
0	0
0	0
0	0
0	0
0	0
0	0
0	0
0	0
0	0
0	0
0	0
0	0
34	25
0	26
0	26
0	11
0	4
1	1
2	1
0	1
0	0
23	1202
0	1198
0	1220
0	71
1	26
0	1075
0	42
8	293
0	108
0	624
0	520
0	1203
0	769
11	626
0	861
0	661
19	800
61	62
0	62
16	50
0	855
2	851
0	230
15	10
0	56
6	126
4	20
0	72
26	29
42	43
0	57
0	191
0	260
214	793
0	223
0	613
0	573
0	129
0	72
0	198
25	115
3	307
0	124
0	103
0	91
8	7
1	480
1	397
0	245
0	195
0	54
1	34
0	11
0	64
0	51
0	69
0	81
2	60
3	0
0	0
0	0
0	0
0	0
0	0
255	0
0	0
0	0
0	0
0	0
0	0
0	0
0	0
0	0
1	537
592	981
9	238
19	230
4	428
7	426
8	29
0	20
12	393
1	48
11	474
206	0
0	87
0	133
9	1137
11	38
3	43
0	656
0	951
28	208
0	345
8	19
0	82
1	13
0	30
0	89
23	17
3	86
0	0
0	0
0	0
0	0
0	0
0	0
0	0
48	34
1	34
2	0
52	893
0	154
10	596
42	269
1	892
2	489
0	121
0	108
0	108
0	316
0	78
3	396
3	294
0	322
0	302
0	130
1	114
7	324
0	232
0	291
9	208
0	54
2	0
620	631
5	628
13	4
1	1
893	0
0	0
121	419
0	174
0	419
74	38
0	36
0	0
0	8
0	2
1	8
57	45
1	12
0	45
0	0
0	0
0	0
329	573
42	579
0	80
0	663
0	382
0	597
0	174
2	154
0	139
0	202
2	80
4	239
0	120
0	2
0	2
0	2
0	0
0	2
412	84
6	24
6	60
0	2
0	2
0	0
81	211
0	211
2	100
10	22
1	14
0	0
0	230
0	226
19	225
0	74
0	67
3	14
0	34
0	35
3	23
2	0
177	0
103	216
0	124
0	164
0	192
453	1035
2	445
0	1032
0	0
0	0
444	594
8	488
0	79
0	49
2	0
0	152
0	4
0	5
0	2
0	2
0	1
0	0
0	3
34	0
0	396
3	423
2	423
1	424
0	412
0	48
0	19
1	41
5	18
0	37
1	43
0	25
0	54
0	0
0	0
0	0
0	0
0	0
15	2
0	12
0	12
0	12
0	15
0	8
0	5
0	0
1	0
0	0
0	0
0	0
0	0
0	0
0	0
130	25
0	19
0	6
0	0
0	0
0	0
0	0
1	2
0	2
0	0
1	0
82	268
0	43
1	146
0	148
4	0
0	45
5	45
0	20
4	19
0	44
0	0
0	0
166	7329
21	2
2	7337
44	7350
30	1081
76	1953
1	2
0	1
0	2
1440	2468
277	2568
0	2188
56	69
0	165
33	565
31	1138
16	503
0	0
0	0
0	0
0	0
0	0
0	3
0	0
0	0
0	3
0	0
0	0
0	0
0	0
0	0
0	0
0	0
0	0
0	58
0	33
0	56
0	153
0	3
0	7
0	155
80	3178
0	1405
0	3071
5	2793
1	2926
0	1027
17	200
0	669
0	419
0	953
0	878
9	943
4	439
18	297
0	0
0	0
0	0
0	0
0	104
0	225
7	23
7	43
0	123
0	92
0	225
0	236
0	0
0	0
0	0
0	0
0	0
0	0
0	0
0	0
0	0
0	0
0	0
0	0
0	0
0	0
0	0
0	482
0	476
1	75
0	41
1	333
36	149
5	43
1	74
3	67
0	23
1	4
441	2114
0	154
0	2114
0	4
0	0
0	4
0	3
0	0
0	0
0	1
0	0
0	0
0	0
0	1
1	74
3	80
0	22
0	26
0	27
0	6
0	1
0	1
0	0
0	0
0	0
0	0
0	0
0	0
300	22
0	0
0	0
0	0
0	0
0	0
1	30
169	498
1	482
0	143
16	7
7	0
0	48
3	12
0	0
0	0
0	0
0	2337
48	2472
38	2459
124	28
0	323
36	323
0	243
0	0
0	0
0	0
6	2176
0	700
0	1018
4	1167
0	0
0	0
0	0
0	0
0	0
0	0
0	0
0	282
483	277
0	93
0	101
1	83
0	282
0	0
0	0
0	0
0	0
0	0
0	0
0	0
0	0
0	0
0	0
0	0
0	0
0	0
0	0
0	0
0	0
0	0
0	0
530	177
1	101
2	55
0	30
40	3208
68	335
12	3220
0	2509
0	2440
9	926
18	40
140	424
36	258
1	73
36	58
0	118
1	142
1	106
7	137
14	0
0	0
0	0
0	618
0	608
1	532
0	608
0	486
0	28
0	5
0	17
0	273
5	41
1	521
72	0
0	0
0	0
433	618
1	618
0	41
0	40
0	40
0	42
0	9
0	30
0	39
0	3
4	27
2	11
2	0
0	40
0	40
0	0
0	0
0	0
275	1408
1	243
972	0
35	477
1	290
0	87
4	155
2	97
7	472
58	243
69	534
0	267
15	190
0	1
0	1
0	1
0	0
0	0
0	0
0	0
0	0
0	0
0	2
2	181
0	211
0	254
3	67
44	0
14	723
6	700
0	50
1	830
70484	16041
7	10536
0	816
0	0
0	0
28	263
16	263
2	206
2	170
0	185
0	19
163	81
0	46
0	45
0	36
0	35
0	14
0	14
0	12
0	0
0	0
0	0
0	0
0	4
0	4
0	3
0	3
0	3
0	0
0	0
445	0
0	506
0	0
2	2491
1	2496
0	2497
0	576
0	1
0	1
0	7
0	1
8	0
0	588
91	408
0	2504
0	78
0	253
0	367
0	977
0	289
0	125
0	2491
0	20
0	20
0	21
0	21
33	453
0	49
2	456
0	72
6	12
0	0
0	0
61	362
0	362
0	21
3	46
0	18
2	8
1	2
0	2
0	2
0	0
0	0
0	0
1	1274
1	116
5	79
6	734
4	109
11	15
2	295
26	1274
4	138
0	138
11	104
3	96
153	0
0	0
0	0
0	0
1	0
0	3
0	26
0	26
0	13
0	2
6	6
0	2
0	4
0	6
0	3
0	2
0	2
0	2
0	26
0	27
0	27
0	27
233	272
0	281
30	272
6	41
0	672
79	669
0	669
0	132
2	9
0	169
0	101
0	0
0	215
927	1072
1	470
7	190
18	185
12	314
33	816
7	747
0	683
19	736
1	16
0	232
432	22
0	793
2	675
54	505
486	438
1	438
0	65
3	65
0	0
1	0
0	0
0	0
739	1170
0	1112
0	1156
2	1022
19	96
0	88
1	753
1682	1807
8	1807
0	150
1649	0
4	73
0	76
1	75
0	74
4	13
0	0
1	4665
0	4487
0	4488
0	4159
0	4028
0	4137
6	1048
2	1081
0	4427
0	4661
0	280
3	229
2	153
1	298
0	97
0	106
2	60
1	20
0	3
0	46
5	183
26	183
0	83
0	2
0	0
0	0
154	578
46	478
0	0
0	0
0	0
89	150
2	149
0	84
0	118
0	95
3	60
0	0
0	0
0	0
0	0
0	0
0	0
0	0
216	409
84	407
85	148
15	58
0	1
0	57
0	1
0	8
0	3
0	2
0	0
0	1
0	1
0	0
1	1
0	0
0	0
0	0
0	0
0	0
0	0
0	0
0	0
38	14
0	14
573	702
5	426
8	104
1	105
0	1
0	0
0	0
0	391
10	215
0	29
1	276
4	268
2	113
0	1262
0	1204
70	1958
18	0
3	1480
4	4
0	1954
0	484
79	56
0	0
0	62
34	218
0	152
0	201
0	152
0	182
0	111
0	91
0	4
9	2
30	1
1	67
5	60
37	2
0	1279
0	172
4	1293
0	76
2	1269
0	143
18	23
9	272
0	1276
0	117
0	98
0	13
0	3
0	20
12	3
16	2
0	6
2	264
1	138
0	278
0	36
0	27
1	92
0	274
0	0
1	95
0	95
1	94
0	9
1	485
0	558
19	145
13	218
5	20
0	0
3	334
11	334
21	1
42	12
7	0
7	937
0	63
0	902
1	159
0	217
0	107
0	13
5	218
0	71
0	70
2	1927
2	1932
47	1889
1	335
12	254
25	469
0	416
3	113
1	231
5	10
0	157
0	64
0	50
0	51
0	6
0	4
0	6
0	4
0	7
0	2
0	3
0	2
0	0
0	38
0	0
0	0
0	0
0	0
0	0
0	0
0	0
0	80
0	91
0	95
0	99
0	6
0	62
0	2
2	60
0	21
0	38
0	9
0	6
47	215
0	113
0	149
11	8
0	50
0	0
6	23
66	23
0	0
0	0
0	0
0	0
0	0
0	0
1	3534
2	3534
79	745
0	145
1	10
0	52
0	58
0	12
17	58
0	358
0	338
8	38
8	57
0	346
5	252
1	59
1	213
0	0
0	0
0	0
0	0
0	0
2	5
0	0
1	0
0	0
0	0
0	0
0	0
0	25
0	0
0	0
0	0
0	0
0	0
0	0
1	2123
0	1030
1	1524
2	1163
0	1766
0	1647
1	1008
0	211
0	1274
60	0
14	719
193	24
3	24
0	0
0	62
0	62
2	10
39	0
486	1018
0	832
4	430
12	109
8	39
5	12
0	9
1	3
0	1
217	7185
534	6796
0	1
0	15
0	15
0	4
976	1759
8	463
5	1296
21	32
1	371
2	777
61	638
2	484
15	24
17	0
0	0
0	0
0	0
0	0
0	0
0	1
8	1
0	0
0	0
0	0
0	0
0	0
0	0
5	88
0	51
0	51
129	89
0	27
2	18
1	25
0	46
0	46
0	46
0	29
0	29
0	111
0	113
9	136
1	133
0	102
5	0
0	0
0	0
0	1
0	1
0	1
0	1
2	129
11	175
0	28
0	173
0	3
0	25
0	21
0	28
0	32
0	69
0	2
0	30
2	49
0	34
0	181
0	0
0	0
7340	1337
2	1337
0	0
0	0
0	0
27	28
0	28
11	507
0	507
3	499
0	838
11	0
1	433
0	557
11	834
0	371
2	347
0	71
3	510
6	571
0	838
21	214
10	214
0	14
0	103
0	74
0	51
0	0
0	0
0	0
0	0
0	228
0	176
15	173
1	44
0	71
0	33
0	105
1	38
0	128
0	88
0	0
425	590
0	92
0	94
0	38
7	582
8	18
0	13
1	20
4	21
0	105
0	107
0	62
0	28
0	0
0	0
0	0
0	0
0	0
0	122
0	126
0	119
2	14892
0	15039
0	0
0	0
0	0
0	0
0	0
78	111
93	154
1	150
4	8
15	0
3	66
0	66
0	0
0	0
0	0
0	0
0	0
0	0
0	500
0	2877
0	285
1	3131
0	2763
2	1751
0	2761
0	380
0	3032
3	48
0	8
0	48
1	26
13	183
346	180
0	62
0	59
0	0
189	0
1	555
0	626
59	476
0	233
0	4
0	4
0	0
0	1
0	1
0	1
0	1
0	1
0	0
1	21
0	30
4	30
0	22
0	20
0	1078
6	1100
13	1006
14	458
0	379
0	243
2	237
175	177
247	463
0	249
4	121
5	336
0	206
4	21
0	188
0	198
0	59
1	126
0	60
4	0
0	0
0	148
258	43
17	24
1	16
0	19
0	1215
3	1147
0	178
0	8
14	536
38	137
14	1055
733	1055
49	14
10	0
10	204
36	532
23	0
0	156
0	66
6	117
482	145
154	28
21	444
0	39
5	71
0	35
2	263
1	169
0	411
0	351
0	341
0	341
0	317
0	53
3	170
0	34
0	77
2	15
0	0
0	0
0	155
0	146
0	55
1	102
0	157
0	138
1	25
0	23
6	26
0	43
0	54
0	25
2	18
1	20
0	28
40	28
0	7
0	7
0	7
0	0
573	1590
1	1590
0	189
0	187
1	498
0	310
0	8
0	8
37	5055
10	5055
0	0
0	0
0	2
0	8
0	8
0	8
1	0
1	498
6	420
1	498
6	28
0	348
0	0
0	0
0	0
0	0
0	0
1	0
0	659
0	659
81	23
72	6933
6	11520
23	11397
133	7627
0	18
0	13
0	29
0	29
0	12
0	25
0	10
0	10
0	10
0	6
0	1101
0	1095
8	85
11	177
8	74
6	39
0	0
0	176
0	93
2	0
0	0
0	0
13	52
0	1
0	8
0	0
0	0
0	0
12	5
0	2514
13	582
13	2518
0	25
0	1
0	74
3	74
210	284
3	88
0	177
0	171
9	144
0	143
0	14
0	37
26	7
6	66
0	0
0	0
0	0
20	2557
855	2557
6	178
20	508
16	264
0	0
0	2
0	1
0	2
0	1
0	2
0	16
0	7
0	0
0	0
0	0
7	267
0	7
778	397
0	302
58	462
1762	2495
22	2069
0	64
0	69
0	25
0	30
0	8
0	19
0	24
0	20
1	10
2	4
0	6
0	9
0	8
0	6
0	4
3	2
10	20
3	21
0	4
0	0
0	0
0	0
0	0
0	0
0	0
0	0
7	66
0	35
0	66
0	0
0	0
11	0
262	90
3	90
0	46
17	0
0	0
0	0
0	0
0	0
0	0
0	1
0	1
0	1
0	0
0	38
0	0
425	60
5	58
5	70
0	78
0	58
0	61
0	0
0	0
810	0
1	575
0	517
6	158
0	216
0	0
0	0
0	0
3	150
0	88
3	192
0	135
0	69
5	1088
10	1062
5	1052
1	34
0	18
14	101
0	26
0	6
0	31
0	15
4	70
0	28
1	30
0	1
116	787
0	787
0	0
0	0
0	1969
0	2000
7	1040
13	1555
8	1268
1	269
3	57
16	437
0	1189
27	170
1	170
1	528
24	376
0	33
21	1
0	1
5	0
0	0
0	0
0	0
0	0
0	0
0	0
872	249
7	60
5	148
0	175
8	2027
984	3269
4	636
3	204
1	595
2	329
28	142
0	90
225	424
0	16
2	136
0	39
0	0
0	0
0	0
0	0
0	0
0	0
0	0
0	0
99	1305
0	1346
0	737
0	465
0	203
1	77
1	403
0	237
0	198
0	174
10	518
14	532
1	113
754	135
6	135
4	51
1	0
315	75
0	75
2	35
730	109
1	109
0	0
642	209
0	89
1	90
2	71
21	2
0	1
0	1
86	1
1	395
2	0
1	73
0	70
0	37
0	99
1	108
0	73
7	42
2	69
3	395
0	0
0	0
7	873
4	705
9	706
7	536
0	138
0	259
0	397
1	156
0	2
0	2
0	2
0	20
0	21
0	93
0	6
5	93
1	45
9	37
44	45
0	36
0	8
1	8
0	0
72	0
2649	1685
0	1690
20	1537
11	77
56	196
1	174
0	232
13	241
0	28
1	32
10	105
4	38
50	2024
5	2024
0	2024
19	1492
56	2317
0	1284
27	1857
0	168
1	23
0	120
5	215
16	146
0	58
66	3229
0	0
0	0
0	0
0	0
0	0
0	0
0	0
268	12
7	12
0	0
0	5
0	5
0	0
3	0
278	116
57	116
11	25
24	88
1	74
0	61
24	20
0	11
0	21
0	22
0	0
0	22
0	22
0	1
0	2
0	0
0	0
0	22
1112	591
0	10
0	1
0	65
1	71
3	28
3	50
4	9
4	21
0	80
1	16
0	60
2	10
67	26
25	300
0	23
0	108
1	108
0	4
4	5
1	26
0	14
0	8
0	0
88	1
0	0
0	1
0	4
0	2
0	1
0	0
0	3
0	0
0	0
0	0
0	0
14	1701
24	5408
0	5405
0	0
31	568
0	1039
0	0
42	128
0	0
0	0
0	0
0	0
651	0
0	0
0	0
0	1
0	1
1	0
50	302
0	199
8	163
0	32
0	53
6	29
0	26
6	18
3	16
0	6
0	390
1	301
0	246
0	238
0	254
0	63
1	26
0	21
0	0
0	372
1	349
3	38
29	99
0	506
0	4
0	4
0	0
0	0
0	0
0	0
0	0
0	0
0	0
0	0
0	826
1	826
0	785
10	79
11	351
6	113
0	3
9	46
0	825
13	372
23	108
191	402
4	35
12	54
0	54
0	2
0	646
0	564
0	458
0	4
1	9
0	611
11	301
0	289
3	238
1	0
0	0
0	0
0	390
0	395
0	275
1	12
0	378
0	72
0	389
0	397
1	384
0	19
0	393
0	246
0	295
1	12
0	87
0	50
10	14
0	121
16	0
0	0
0	103
6	103
0	30
0	92
0	1
0	27
42	34
1937	1328
0	235
4	835
0	258
0	0
0	0
0	4
3	20
1	1
1	0
0	16
0	0
0	0
0	0
0	0
0	0
0	0
8588	7625
2	2090
14	865
21	4832
141	26
1	3
0	3
17	0
0	0
136	5983
1	4237
10	831
0	1
0	1
0	1
21	476
0	487
13	572
0	471
0	479
0	556
10	77
9	126
0	49
30	204
0	54
20	25
6	28
0	54
1	4
0	4
0	0
0	0
0	1
1	1
0	1
0	1
0	0
0	0
0	0
0	1
0	1
0	1
90	14
0	0
0	0
0	0
0	0
0	0
0	0
0	0
2	2
0	2
0	878
0	0
0	0
0	0
0	0
0	0
0	86
0	86
7213	136
0	134
15	2
0	5
0	5
0	5
0	5
0	5
0	5
0	0
0	0
0	0
0	5
0	0
0	0
14	477
1	424
12	128
71	178
0	0
0	195
0	50
2	20
0	227
1	227
3	166
0	153
6	34
0	0
1011	266
0	266
173	5289
8	5471
0	823
0	828
0	2113
2	891
43	436
19	428
0	38
9	38
0	1
0	2
0	2
0	2
0	0
0	0
0	0
0	0
150	20
2	20
146	296
0	283
0	109
0	3
27	32
17	222
0	35
0	203
1	165
1	165
0	19
0	27
39	1438
0	1393
19	1423
3	1388
3	188
0	1182
5	154
3	49
0	251
4	496
2	233
25	172
1	84
9	27
0	0
0	0
0	0
0	0
0	0
0	0
0	0
1	0
0	21
0	21
1	0
0	13
0	2
0	2
0	0
0	0
0	0
0	0
0	0
0	0
0	2
8	0
0	6414
72	8
87	4729
21	3049
0	5109
0	5658
0	5391
0	2535
1	1175
1	662
17	110
0	110
3	97
2	34
0	17
7	896
12	784
0	851
31	799
0	843
0	130
0	0
0	0
0	0
0	0
0	0
3	1
0	378
4	475
0	0
2	20
1	59
124	458
0	450
0	307
0	1
0	0
31	10496
2365	11091
0	4833
7	1963
4	595
21	40
0	16
5	6
3	1
1	42
0	2
0	12
0	0
0	0
0	0
0	0
0	0
67	348
38	348
0	4
1	8
0	8
0	0
0	0
10	1331
1	1331
0	0
0	0
0	0
0	211
0	3
0	0
0	3
0	3
0	0
0	3
0	3
0	3
0	0
0	0
0	0
0	0
0	0
0	0
0	0
0	0
0	0
0	0
0	0
0	0
0	0
0	0
0	0
0	0
0	0
0	126
28	0
1100	381
1	277
9	104
0	0
0	0
0	0
0	0
1	1268
1	92
2	200
0	1279
0	114
4	16
0	85
0	139
0	145
1	89
12	149
858	12427
17	12430
52	12425
9	10484
44	10241
1	2812
4	2902
7	2924
9	2600
11	2890
13	211
2	617
0	0
0	270
1	1
0	247
0	2
0	274
0	236
0	64
0	2
0	64
0	14
7	272
0	267
0	250
0	252
8	14
0	12
0	260
0	266
27	81
0	248
0	237
0	257
1	14
0	258
0	59
4	0
0	28
0	62
5	19
0	141
0	48
0	40
0	46
0	29
0	30
299	7
6	7
37	135
2	124
0	16
0	18
0	24
0	21
0	7
1	2
11	6
2	4
0	0
0	0
0	0
383	1254
0	1273
4	481
67	782
1	30
0	23
2	11
2	4
0	3
0	4
7	4
0	16
2	0
10	186
0	180
0	187
1	70
3	4
1	6
0	0
0	0
0	0
0	0
0	0
0	21
7	21
0	22
1	13
0	1
0	2
0	21
0	21
0	0
489	1238
8	1214
0	837
92	65
18	24
30	277
0	287
0	217
0	207
0	65
0	60
0	6
0	0
0	0
0	0
0	1
1631	0
423	995
13	924
4	93
0	839
38	163
7	65
273	20
27	10
0	0
2	12
1	3
3	5
0	0
2	1
0	6
0	72
0	0
1728	1333
14	1333
1	112
3	116
1	345
29	213
0	2
0	2
0	2
0	112
1	2115
0	807
0	235
0	1829
0	566
43	50
20	1151
5	290
0	172
0	65
20	191
208	107
0	270
0	298
0	58
10	63
32	72
0	28
0	107
0	0
0	0
0	0
29	371
26	10
2	361
0	4
0	0
0	0
0	0
0	0
0	163
0	35
263	1870
5	158
5	635
6	1695
0	134
5	447
32	189
0	606
8	213
1	246
15	295
0	0
0	2
0	2
0	2
0	0
0	0
0	0
0	0
0	0
0	0
0	126
0	126
6	12
0	12
0	7
0	12
1652	297
3	127
0	170
1	0
5	3
0	2
0	2
0	1
0	0
0	0
0	0
0	0
406	1385
0	1077
91	1364
0	485
0	0
15	99
1	4
0	79
0	39
0	32
1	3
2	4
0	63
2	156
1	59
0	47
35	93
1	102
0	103
0	10
0	12
1	13
3	13
0	3
0	1145
283	1161
0	618
2	202
0	269
0	1
0	3
0	3
57	5
101	20
0	1
0	1
0	1
0	0
0	0
0	0
6	904
328	947
0	240
4	178
0	43
0	298
0	1
0	25
0	35
0	298
0	305
5	295
0	16
0	42
10	0
0	290
5	17
0	64
0	66
0	51
0	65
6	26
0	34
9	130
0	60
0	131
0	298
0	0
0	0
0	0
0	0
0	0
0	0
0	0
0	0
0	0
196	228
0	105
0	120
7	29
14	94
0	68
60	123
0	40
0	12
0	97
3	123
230	138
0	29
0	20
0	8
0	7
0	8
13	0
0	0
10	154
1	159
0	82
1	29
1	0
0	518
0	570
0	94
0	75
0	90
0	87
0	26
494	57
1	9
0	100
0	89
0	23
0	22
0	1
17	99
0	17
0	1573
7	1458
83	1376
9	1390
109	1319
96	325
0	250
71	6
0	14
0	36
0	29
1	246
38	272
1	272
0	34
5	76
647	467
11	38
0	38
175	25
2	2
0	1
0	1
0	1
0	0
0	0
0	0
8	1251
1	1324
0	266
0	1439
0	855
0	192
6	154
139	37
0	37
0	4
3	4
3	28
0	28
0	12
16	819
6	530
0	757
3	648
4	49
6	0
13	1191
9	617
0	1203
0	1208
4	1194
0	593
15	166
14	186
0	163
1	47
13	0
20	8
1	241
102	243
0	35
0	9
187	0
17	0
23	1214
0	1037
0	1022
5	84
1	855
2	143
0	134
72	0
3	0
0	0
0	0
0	0
0	0
0	0
0	0
0	0
0	0
0	0
0	0
0	0
218	194
15	123
0	57
0	94
0	50
0	50
0	292
78	2421
13	134
0	161
0	139
1	107
0	140
25	825
0	2312
15	92
0	282
8	277
51	6
8	17
32	88
1	126
3	189
0	173
0	38
0	52
0	8
0	192
0	190
111	132
0	117
0	26
0	49
0	62
0	0
96	154
7	120
10	136
0	27
0	96
0	92
4	61
5	7
467	0
0	0
0	0
0	0
0	0
0	0
0	82
0	3060
61	589
0	716
0	3129
0	2305
0	2207
0	524
5	693
6	158
132	15
1	15
156	568
511	573
15	394
3	398
5	1
0	1
0	1
0	6
0	0
113	3
0	3
2	3
9	481
0	482
7	473
68	205
2	17
0	22
0	6
0	3
0	10
0	17
0	1
0	6
0	22
0	11
0	15
0	8
0	10
0	1
0	9
0	9
0	5
0	1
0	1
0	0
0	3
3	3
350	0
0	0
0	0
0	0
0	0
0	1
0	1
0	1
0	0
0	0
0	0
0	1
0	0
0	0
0	0
0	1
3	1
0	0
0	1
0	1
0	1
0	1
1	1
0	0
2	1
0	0
0	0
0	0
0	0
0	0
0	296
0	305
1	104
4	461
0	275
0	366
0	424
0	436
0	133
0	145
2	187
0	218
0	215
0	227
4	29
0	59
3	12
1	7
0	217
19	406
17	406
2	377
1	372
0	349
0	153
0	152
4	17
1	4
0	58
0	56
0	4
0	162
0	162
0	52
2	14
0	16
2	64
9	61
0	14
0	2
1	2105
2	1933
95	4
2	1651
0	2092
110	203
0	203
0	200
0	0
1	46
0	366
2	29
3	7
2	5
0	99
0	35
1	363
0	0
0	0
0	0
0	0
0	0
0	0
474	547
0	547
2	320
0	317
0	273
2	100
0	63
0	0
0	6
30	47
0	47
109	101
2	100
67	4
0	1051
3	3046
0	3361
19	3362
0	349
8	153
7	187
0	139
0	0
4	730
0	800
0	791
0	804
0	582
0	558
8	8
0	124
0	58
0	97
6	22
0	319
0	86
0	49
19	49
0	0
12	68
0	22
0	60
18	68
0	59
628	78
0	29
0	76
233	1240
30	122
6	117
0	1269
14	287
1222	1238
31	1238
12	238
1	247
0	2
0	147
0	134
0	123
1	8
0	5
0	1
11	15
0	1
0	19
0	30
0	9
0	3
0	27
0	0
0	0
0	12
0	0
0	1
0	12
0	3714
4	225
0	3639
10	924
0	1068
109	1
0	1
0	3
0	3
3	1109
1	144
2	68
0	105
11	98
38	20
6	48
0	174
0	47
0	1006
0	0
0	0
4	14515
7	6611
2	8601
10	13023
12	6983
4	6454
0	0
0	0
0	0
0	0
0	112
2	112
0	33
0	21
1	0
0	1
0	0
0	1
0	1
1	0
0	1
0	1
0	0
0	0
0	1
0	1
335	0
0	0
0	0
0	0
7	105
0	57
0	0
0	0
0	0
0	0
0	0
0	0
0	0
709	359
0	309
0	336
3	112
0	36
0	0
0	0
0	0
2	32
32	110
0	72
1	52
0	72
0	0
0	4
0	0
0	4
0	4
2905	2008
0	2008
14	5
3	129
0	0
0	0
3	32
0	34
2	34
23	280
0	259
0	54
98	6
0	53
0	92
2	96
0	96
0	22
0	7
0	39
0	40
3	57
8511	1345
14	501
2	844
0	190
5	163
0	189
0	159
11	0
6	66
1	67
4	42
4	70
0	4
0	4
0	0
0	0
0	0
0	0
0	0
0	121
0	292
52	34
0	65
0	317
0	20
0	83
0	178
0	74
0	2192
30	1249
84	0
12	360
0	411
0	513
7	201
19	0
7	1644
6	41
0	517
1	2
7	232
0	0
0	0
0	0
0	0
0	0
0	0
0	0
0	0
0	252
0	0
924	199
5	199
130	85
0	84
2	58
2	38
0	0
0	14
0	43
0	43
1	42
0	42
0	6
0	10
0	5
0	9
0	4
0	0
72	0
9	11355
23	7668
0	8644
0	10103
30	4465
0	1749
10	2051
184	784
1	733
4	7
0	108
5	92
0	13
10	64
0	0
0	115
8	123
0	32
1	16
3	6
144	0
0	0
0	0
10	126
31	126
13	0
70	0
1	57
0	56
0	62
0	65
0	0
0	0
0	0
0	0
0	0
0	0
0	0
0	0
0	0
0	59
321	38
0	28
0	10
0	0
0	0
0	0
0	0
0	0
0	0
0	3
0	0
0	3
1	0
0	295
2	267
2	195
1	7
7	262
4	287
0	64
0	289
0	0
0	1
0	0
0	1
51	174
0	174
0	4
0	31
8	36
19	1
0	4
0	4
0	2
0	2
268	123
0	21
0	4
2	24
7	221
0	189
2	214
0	167
0	189
0	189
0	164
0	72
0	148
1	34
0	16
0	146
0	15
0	14
0	50
1	13
0	9
0	0
0	0
0	618
0	685
0	717
0	41
1	387
3	322
0	48
0	58
0	35
0	79
0	59
0	15
0	15
1	20
0	715
0	696
0	0
0	0
0	0
419	0
216	310
1	11
3	2
1	281
1	18
0	213
0	150
0	52
0	67
1	25
0	9
80	20
27	81
0	43
0	3
0	3
0	5
0	213
0	0
0	0
1	0
0	0
0	0
0	0
170	162
3	174
13	26
0	180
59	646
4	0
0	0
29	649
0	651
0	548
1	163
0	165
0	127
0	93
0	45
0	0
30	781
399	1018
2	293
3	542
3	108
4	220
0	29
56	18
0	385
0	18
0	3
22	10
0	3
0	378
0	84
10	7
1	348
0	32
0	375
0	375
0	833
0	658
50	299
18	952
0	37
0	111
0	61
0	50
1	87
0	87
31	342
0	118
16	145
0	65
1	49
0	47
0	49
0	7
0	7
0	4
0	37
1	49
0	0
0	857
0	812
0	719
0	686
8	240
0	530
0	563
10	569
0	180
0	143
7	200
1	111
0	824
0	18
0	20
0	33
2	32
0	4
6	15
0	2
0	2
0	0
0	0
2	170
0	2461
0	2529
1	84
10	272
0	290
0	168
15	28
0	91
0	80
3	93
0	1022
3	110
0	0
30	99
3	99
0	35
0	0
2	33
16	37
0	6
1	19
4	33
0	14
0	14
1	13
0	0
1	1130
14	759
9	0
2	42
2	54
4	482
13	460
41	115
17	88
0	47
0	1132
4	8
0	605
1	605
6	605
0	12
13	308
5	291
1	104
0	0
0	0
2	1
0	1
0	0
0	0
0	1
0	0
0	107
1	15
16	57
2	107
1	50
1	50
0	39
0	18
0	22
0	10
4	15
18	9
0	0
0	0
2646	434
14	138
16	296
5	136
0	136
17	2955
96	2992
10	915
2	2854
17	224
1	212
0	0
0	76
0	65
1	19
0	48
3	13
0	38
48	83
0	0
0	0
0	0
0	0
0	0
0	0
0	10
0	10
0	0
0	10
1	6
0	5
0	529
0	531
0	537
1	113
0	487
0	503
0	487
0	508
2	163
0	474
0	479
0	503
0	496
1	50
4	191
0	85
0	65
0	114
3	322
0	139
0	99
7	16
0	78
0	90
2	96
0	109
0	95
20	52
0	35
0	29
0	505
0	0
822	303
105	303
0	0
0	95
0	95
0	81
0	9
0	8
0	8
4	204
0	204
0	204
8	106
0	43
1	40
4375	1043
3	266
3	401
0	342
1	292
2	48
8	84
40	0
15	0
0	0
0	0
17	2
0	2
0	0
2	0
0	0
0	0
2	3
0	3
0	0
0	0
0	0
192	147
0	98
0	77
0	8
31	63
0	113
0	123
0	21
4	34
13	5
2	4
0	9
457	0
17	0
0	0
0	24
0	0
5	3
0	3
0	0
63	0
200	0
88	182
0	0
2	1528
1	1623
2	82
3	433
0	505
1	211
13	59
6	32
10	0
0	4
6	4
0	0
0	0
0	1
0	0
0	0
0	0
0	0
767	517
7	89
0	88
0	413
10	25
2	73
1	48
466	1148
1	332
6	547
12	25
8	316
0	259
9	536
126	0
0	77
2	201
3	255
0	174
0	553
0	0
1	0
739	3294
4	1617
0	846
12	491
8	13
14	19
6	22
0	8
2	9
0	0
0	0
0	4
0	4
0	5
0	6
0	0
0	0
4	15
1	15
2	7
0	0
3	77
493	163
0	0
0	0
0	0
16	389
0	1699
3	997
16	199
81	365
65	1607
5	52
12	15
35	210
0	145
3	67
0	0
0	0
0	0
0	0
775	29
1	29
266	460
0	459
0	422
14	201
6	42
2	17
0	61
7	55
24	33
12	172
2	129
93	184
34	77
2	58
0	61
0	31
0	42
0	134
0	279
0	280
0	264
0	246
0	248
0	265
0	240
2	224
9	203
0	94
1	95
29	0
28	0
0	1
1	1
0	0
0	1
0	1
0	0
0	0
0	2429
8	2273
60	2277
0	2322
1	299
5	721
11	686
0	0
0	1
182	190
0	28
0	33
0	65
1	2
1	44
0	8
0	34
2	38
0	49
3	30
0	102
0	37
0	0
0	0
4	161
4699	13018
0	387
39	3182
22	7862
10	4182
41	1589
21	2440
4	5444
15	2753
0	346
0	420
2	300
1	309
4	257
6	156
35	464
3	508
0	435
0	106
3	37
0	37
0	169
0	188
0	181
17	144
0	109
0	48
0	32
0	66
0	1
0	1
0	0
1	24
0	9
4	13
4	0
0	0
0	0
0	0
0	0
0	0
0	142
0	21
0	79
0	0
0	6
0	2
0	5
0	9
1	28
0	136
0	19
0	27
0	35
0	25
0	4
20	445
2	436
0	269
2	318
1	293
1	185
0	219
1	131
46	98
212	0
645	318
0	19
0	7
7	61
0	51
0	62
23	195
0	88
0	112
0	77
3	36
0	3
39	3
0	0
0	157
1	0
0	0
0	167
0	159
3	155
0	127
0	153
0	0
0	0
0	0
0	0
0	0
0	0
0	0
0	1
0	0
0	0
0	1
0	0
0	0
0	1
0	1
0	3
0	3
0	1
0	0
0	0
0	0
0	0
0	3
9	12
0	0
0	1
3	11
0	6
1	11
0	24
0	24
0	53
0	42
0	53
0	46
14	0
0	0
0	0
0	0
0	0
0	2
0	2
0	2
0	0
0	0
398	131
0	76
3	55
0	0
0	0
0	0
0	0
13	73
0	62
0	54
1	5
6	26
8	0
37	2
2	1974
13	693
0	743
5	548
0	498
7	3
2	3
146	1971
0	3
0	0
0	0
0	1
0	3
0	3
0	0
0	0
0	0
0	118
0	457
5	410
1	389
0	31
43	14
1	38
0	0
0	0
0	0
0	0
0	0
0	621
0	502
14	628
15	108
0	121
2	148
0	166
0	1
8	265
0	336
0	327
0	102
0	93
0	62
6	51
95	59
0	66
4425	3198
0	3046
0	0
1	14
0	39
0	39
0	32
0	29
0	2
0	5
0	63
0	67
0	62
0	24
0	23
0	1
0	62
0	2
0	2
1	2
0	2
0	33
0	132
0	80
0	83
15	119
13	3
0	11
0	0
0	7
0	34
0	1
0	1
0	14
0	30
0	0
0	0
0	0
0	0
0	0
0	0
239	0
0	0
53	20
0	20
0	0
0	0
10	116
0	141
8	24
0	40
0	55
4	28
3	13
0	156
158	0
44	239
7	341
0	841
54	862
0	96
0	85
1	80
16	24
0	0
0	0
0	0
0	0
0	0
0	0
0	0
0	0
222	1667
0	1670
4	1573
0	134
1	278
0	0
1	9
0	10
0	10
12	9
13	177
0	61
0	113
0	142
0	83
0	90
33	137
0	177
0	29
0	114
1	111
0	120
0	64
1	62
38	799
30	799
6	147
7	146
0	152
1	145
0	74
0	74
0	0
0	0
0	0
0	0
0	0
0	0
0	0
0	0
0	0
25	9830
34	917
17	9677
0	9157
0	9498
114	120
8	5301
1	1257
138	345
185	117
62	118
63	1
121	19
0	5240
490	2214
4	2196
78	0
6	1666
0	2214
0	545
4	818
0	1430
0	259
0	1647
1	609
9	921
5	1040
0	88
0	0
0	0
0	226
0	197
0	222
0	198
0	217
9	80
0	29
0	11
111	1096
0	1071
0	529
3	438
2	52
0	271
0	195
0	75
0	51
25	23
16	15
0	0
2	274
0	256
0	62
2	51
0	274
0	183
0	30
0	151
0	81
0	10
0	114
0	44
1	158
0	144
0	43
2	19
0	122
0	58
0	48
4	34
2	28
10	0
29	0
1	2
2	527
8	525
0	167
0	3358
38	3303
2	3051
18	2593
5	529
0	0
0	0
0	0
0	0
0	0
0	0
4	1
5	52
1	51
0	36
20	713
1	713
0	146
1	58
7	52
19	11
0	150
30	321
0	99
3	19
0	419
994	419
2	92
0	26
0	26
0	26
0	1
0	3
1	1
0	1
0	26
0	6558
5	389
0	451
2	779
14	427
3	780
1	353
0	5977
0	6558
0	242
0	130
1	34
0	130
0	127
13	2
12	132
2	83
0	15
0	527
0	516
0	259
0	270
0	280
0	257
1	231
0	98
0	134
0	20
1795	617
0	547
0	70
0	0
0	0
0	0
0	0
0	0
0	0
8	317
1	19
0	317
174	691
3	378
2	667
0	654
0	0
0	0
0	0
0	0
0	0
0	0
0	0
0	0
8	200
4	203
0	182
0	0
0	46
0	51
0	78
0	44
0	25
0	47
0	4
0	20
0	4
0	0
0	40
0	40
0	66
0	712
0	713
0	713
0	1
0	54
0	52
1	35
6184	26098
16	3055
55	2947
20	4741
39	1792
2	11640
46	4176
74	5926
213	6340
2	2874
0	4908
0	4014
2	4066
0	4067
13	4442
0	4905
0	0
0	2927
0	2648
0	872
1	1651
0	808
20	446
4	2704
1	2818
1	516
5	208
4	396
4	196
2	39
3	311
4	248
0	3048
3	1402
0	1407
0	1366
1	1433
0	1436
0	1474
0	255
0	1304
0	1251
0	123
17	91
0	302
0	285
0	182
23	9
0	113
0	77
7	15
11	14
0	375
0	375
0	100
0	19
0	25
0	12
0	13
0	16
2	26
0	5
0	6
0	3
0	1
0	11
0	437
0	388
0	445
0	445
0	445
0	172
0	94
0	124
2	47
0	26
0	0
0	0
0	0
0	432
2	168
4	124
0	251
4	50
84	2438
1	1979
0	645
0	614
0	727
15	1059
7	387
902	0
0	201
0	494
49	2096
0	1840
21	1684
0	1498
3	216
51	1669
0	185
4	51
0	92
0	0
0	30
0	36
0	18
0	24
0	34
0	37
0	36
0	34
0	36
0	33
0	16
0	5
14	2
0	15
0	6
0	0
0	0
72	30
6	30
4	0
1	0
0	0
0	187
1	7291
166	7721
0	677
0	268
12	1571
37	6878
0	1067
0	1235
6	624
5	2627
7	979
119	55
1	54
1	0
0	9
30	3469
19	3469
0	65
20	102
8	0
73	117
4	1050
1	847
14	832
0	872
0	1028
984	449
7	87
2	33
0	168
0	321
0	50
0	349
0	106
6	291
11	150
6	4
0	4
0	1
1016	1942
0	515
6	661
0	971
0	746
0	1495
0	194
6	196
2	81
0	29
0	47
15	433
12	432
0	13
0	8
0	13
0	13
2	13
1	4
549	1277
0	1126
0	475
0	253
0	164
4	35
1	31
0	32
0	0
1	15
1	408
49	408
5	16
1	105
0	6
2	531
16	297
0	634
16	223
0	330
0	154
0	116
0	8
0	154
2	147
0	12
0	20
0	58
1	48
15	7
0	0
0	0
1	8
0	8
0	8
0	8
0	8
0	1
0	7
0	3
0	8
0	0
0	1035
8	1100
0	330
2	96
0	169
0	969
105	723
1	43
0	128
0	12
0	723
0	97
2	197
10	10
0	8
33	65
0	37
0	87
1	140
0	178
0	93
0	89
0	47
0	195
2	60
0	174
0	35
0	52
29	17
3	41
0	20
0	36
0	8
0	7
0	47
11	6
0	1
1	6
3	22
74	5169
47	5198
109	756
5	567
0	571
0	571
0	559
0	8
0	0
0	571
14	126
5	113
0	126
0	32
0	12
0	126
24	1039
6	508
7	64
16	74
0	556
0	39
1	41
0	40
0	11
6	11
72	257
0	257
8	20
0	0
0	0
0	132
1	113
0	42
6	7
0	7
0	117
0	7
0	41
0	2
0	116
1	89
2	87
0	43
2	27
0	0
0	1
0	1
1	1
0	1
312	156
0	38
3	114
1	33
0	10
25	1
0	147
0	143
0	151
0	155
0	79
1	8
0	33
1	12
13	12
6	43
1	7
220	0
296	417
0	310
8	40
0	90
0	595
52	703
3	499
9	551
0	164
1	107
165	0
6	0
0	0
0	0
0	0
5	2
0	0
0	0
0	0
0	15
2	87
1	134
7	77
1	20
13	0
1	233
0	248
0	119
1	0
0	248
0	0
0	0
1	3582
53	490
81	2008
0	3553
56	3518
14	99
0	54
1	99
12	11
0	11
21	1
0	1
4	14
1	14
0	14
0	0
0	0
0	0
0	0
0	0
2	120
0	152
16	30
1	108
1	57
24	27
34	36
28	57
0	43
0	139
0	1
5	1
649	214
1	214
1599	467
0	467
377	229
0	48
0	104
0	71
6	143
722	277
0	53
13	120
0	116
0	28
0	0
23	0
1	0
0	0
1772	0
0	0
0	0
0	0
0	0
77	1987
319	1984
1	57
0	57
0	5
0	38
0	0
0	0
434	59
8	59
0	0
0	0
0	0
0	0
0	0
0	0
0	0
0	0
0	0
0	0
0	0
0	579
0	156
0	95
19	521
3	149
0	81
0	1
0	1
0	1
0	1
0	2
0	2
0	0
0	0
36	2
0	0
252	0
0	0
180	996
2	925
7	59
2	442
0	71
11	64
45	30
0	0
4	45
1	51
1	44
17	12
52	0
0	0
0	4
0	4
0	0
0	4
0	0
0	0
0	0
0	0
0	2
0	2
0	1
0	70
22	6
98	425
0	45
6	173
8	187
10	193
0	0
0	0
0	1517
2	1486
0	1524
0	187
9	113
45	936
6	19
10	30
1	15
12	20
0	20
0	0
0	0
0	0
0	53
0	87
13	82
11	73
4	161
0	141
0	115
2	58
3	10
0	20
0	26
0	0
0	0
0	0
0	0
0	0
0	0
0	0
0	0
0	204
3	197
8	194
4	205
2	29
2	42
0	9
1	6
0	202
27	3
21	4
0	4
1	1
0	0
0	0
0	4
0	4
0	4
0	3
0	0
2	15
0	1
0	35
0	35
0	0
0	35
1	32
0	7
0	0
1	0
0	0
0	0
0	0
0	0
6	378
5	628
0	614
0	455
0	1278
2	121
4	46
1	37
8	574
0	629
0	1293
200	0
17	545
0	52
4	505
0	155
514	59
0	59
0	0
7	0
0	45
0	12
0	141
1	144
16	78
0	11
1	43
2	20
0	20
9	0
0	166
324	197
6	197
9	4
0	0
2	3
0	116
1	29
0	29
2	0
0	756
0	65
22	772
6	139
0	39
3	137
0	95
0	174
0	271
432	507
3	144
6	439
24	204
0	443
3	393
0	40
1	58
44	971
22	923
0	566
7	171
0	81
0	0
0	0
37	106
2	32
0	61
0	10
0	7
1	52
0	25
0	14
0	20
0	3
2	130
0	48
0	112
0	43
1	3
0	0
0	0
0	0
979	0
37	0
6	404
16	478
1	446
0	442
9	436
0	238
0	146
0	167
3	450
0	9
1	9
0	59
0	429
0	52
0	0
0	482
3	21
0	1
0	84
14	0
0	496
0	63
0	63
0	13
0	21
3	1549
4	67
2	182
0	237
1	225
0	172
9	148
18	73
0	0
0	1519
0	1547
0	0
25	504
67	468
13	40
0	267
19	95
0	11
1	74
0	66
0	103
0	96
0	83
0	102
0	0
150	87
1	87
309	5
0	5
2	3
0	3
2	814
3	973
64	704
10	329
0	70
0	244
50	2135
2	111
27	89
4	39
8	38
13	2135
62	668
0	752
0	563
4	104
0	374
0	77
0	545
5	195
0	200
0	495
6	320
3	326
29	67
0	25
0	50
1	50
0	102
0	56
3	41
4	54
0	57
0	450
4	164
59	450
0	47
1	46
5	75
0	53
1	45
0	67
1	69
0	0
0	0
0	0
0	0
0	0
0	0
0	0
70	3
38	46
0	46
119	8619
3	8193
234	3950
5	1112
46	4354
19	665
1095	19
0	923
0	794
2	797
1	368
12	362
12	0
0	756
0	725
0	534
0	496
0	216
1	124
1	37
0	8
0	8
0	8
0	8
0	8
0	0
155	85
0	32
1	53
0	11
0	11
2	11
0	8
34	72
0	89
0	0
0	81
0	89
0	1
0	9
0	22
0	89
0	89
3	34
0	73
5	85
0	69
0	426
0	377
0	126
12	15
0	47
6	268
41	7
4	17
2	15
0	84
2	12
1	25
0	320
0	373
0	0
0	0
229	0
24	207
2	210
0	35
1	131
1	47
7	32
0	0
0	0
0	0
0	0
0	0
0	12
4	3
0	3
0	10
10	181
57	174
3	30
17	34
0	0
0	0
2319	1040
8	524
3	629
0	221
27	0
4	113
0	0
0	0
0	2
0	2
0	2
0	4
2	7
3	17
0	1
0	0
0	167
64	232
0	50
13	203
0	0
0	0
0	0
0	0
0	0
0	0
0	0
67	90
0	52
0	68
2	15
0	11
0	0
0	0
15	408
1	363
1	94
21	113
0	99
0	6
0	24
0	20
0	35
1	66
0	37
0	0
1	1153
1	1144
0	1134
3	859
0	12
3	96
0	727
4	135
1	113
10	81
0	727
0	13
0	12
0	12
875	159
2	43
0	144
1	52
2	39
4	0
0	31
0	141
4	20
0	32
0	36
0	24
0	49
0	38
0	253
3	202
0	173
3	204
0	8
0	16
2	19
0	271
0	238
0	266
0	266
0	231
0	0
0	0
1579	778
0	324
1	344
0	180
9	136
0	0
0	26
5	7
0	25
0	14
0	16
0	18
0	5
2	1
1	0
0	8
33	7
532	0
0	14
0	2
0	1
0	0
0	5
0	2
0	5
0	3
0	5
0	2
0	5
0	5
0	0
5	1
0	0
194	33
0	33
0	0
31	0
34	8083
18	100
3	645
0	268
3	62
0	111
2	142
8	139
0	100
13	211
3	8017
2	168
0	1267
14	164
0	670
10	61
72	333
5	304
0	1280
0	3
0	0
0	3
0	9
0	0
0	9
0	3
0	0
0	0
0	0
0	0
0	0
0	0
0	0
0	1
0	0
0	0
0	0
642	0
7	144
0	0
0	0
0	0
0	0
0	0
0	0
0	0
0	0
0	0
0	0
0	0
0	0
0	0
0	0
0	0
0	0
0	0
0	0
0	0
0	0
0	0
0	0
4	0
4	1060
386	1331
0	268
0	1224
0	675
0	672
5	708
134	0
18	36
0	36
0	37
2	8
0	213
0	216
16	18
0	36
3	20
0	39
0	7
0	9
0	3
0	6
0	0
3	0
6	0
0	207
0	206
0	0
0	0
0	0
0	0
0	0
0	0
0	0
0	0
0	0
0	0
0	0
0	0
0	0
0	135
1	0
0	136
0	2
2	9
0	0
6	23
1	153
0	126
8	452
1	400
2	336
0	363
0	230
4	257
0	0
247	80
0	69
2	27
1	16
41	178
0	252
0	121
0	139
0	74
0	1
60	8
16	4
1	1
0	1
3	3
0	0
0	0
0	0
37	383
0	462
0	447
0	94
0	2
1	109
0	2
0	22
0	25
0	109
0	667
0	667
1	58
29	682
0	280
0	665
2	666
481	0
0	0
159	476
0	363
0	184
0	163
0	118
0	102
5	1711
6	1574
4	233
0	27
0	7
0	0
0	0
17	551
0	309
0	551
0	14
1	41
0	16
1	50
4	7
1	25
0	35
9	1
53	370
0	101
0	353
0	47
25	0
0	179
48	56
0	36
0	0
0	0
0	19
53	43
1	24
0	23
4	22
0	24
68	27
101	19
0	3
0	14
0	0
0	0
0	0
0	0
0	0
0	0
2	0
777	159
6	58
0	160
21	0
0	0
0	0
0	0
0	0
0	0
0	0
0	0
0	0
78	22
0	22
0	0
0	0
0	0
0	0
0	0
0	0
0	0
0	0
0	0
0	0
0	0
0	0
0	29
4	147
0	423
2	30
0	68
0	434
58	427
0	62
0	45
0	1
0	1
40	14
1	2
0	9
0	0
0	0
0	0
176	691
4	367
0	496
0	691
2	13
0	13
0	2
519	41
1	41
4	0
0	8
202	8
0	0
0	0
0	0
0	0
0	0
1	253
0	269
0	271
6	247
0	14
0	32
6	8
5	91
477	256
15	256
0	0
0	0
0	0
3	60
1678	530
0	221
9	51
4	43
0	155
6	42
16	7
2	626
3	631
0	80
1	0
0	0
0	0
0	0
0	0
0	0
0	0
0	0
0	0
0	0
25	0
0	0
0	0
0	0
0	0
18	602
1	23
1	10
0	559
13	3
0	41
0	53
0	68
0	214
3	132
3	135
0	263
2	162
0	144
0	168
26	134
1	0
0	4
1	1453
0	1119
3	1449
0	11
0	7
0	9
0	8
0	8
0	8
0	9
0	11
0	9
0	0
0	3
0	1
0	1
0	0
0	2
0	2
0	0
0	0
0	0
0	0
0	0
0	0
1	0
0	0
20	254
76	555
1	736
0	732
9	17
1	239
22	34
1	185
0	2081
0	1892
17	2007
18	689
0	158
0	272
14	60
0	815
0	126
2	90
0	26
13	140
97	214
4	102
2	97
0	78
0	91
287	153
0	113
0	77
0	95
0	1900
54	689
0	297
0	1041
0	1173
0	1951
114	36
2	36
0	943
0	224
0	522
0	206
0	335
0	886
0	118
63	123
1	227
0	195
17	144
0	131
0	93
0	70
0	66
70	66
0	0
0	0
0	0
0	0
0	0
0	0
0	1
0	5
0	5
0	1
0	0
14	767
19	1210
0	1110
0	543
2	587
0	361
2	379
0	4
0	103
0	0
0	0
0	0
0	0
0	0
33	36
0	54
16	245
0	239
1	243
0	247
3	45
0	69
0	0
0	0
0	0
0	0
0	0
0	0
0	0
0	0
0	0
0	4784
0	4993
0	4628
0	4643
50	4495
120	4216
19	4388
1	1056
12	691
2	567
3	192
0	93
3	4610
0	0
0	0
0	0
0	0
0	0
0	0
0	217
0	219
1	219
0	185
249	2630
15	591
43	2426
1	1226
95	2665
0	128
1	183
5	66
0	208
3	56
0	46
9	2665
20	26
0	28
2	17
5	4
0	0
0	0
0	0
0	0
44	752
11	609
0	226
0	272
0	88
0	85
0	413
0	435
0	410
0	161
565	0
0	0
0	0
0	0
53	229
0	76
2	57
0	52
0	46
0	160
0	0
0	0
0	0
0	0
0	0
3	136
0	136
35	0
0	0
0	0
0	0
0	0
0	0
122	218
24	605
0	643
0	643
0	4
0	4
0	0
0	0
0	0
0	1
3	1
0	1
0	0
1	0
0	0
0	0
0	0
0	1
0	0
0	65
0	12
0	12
0	0
0	2
0	2
0	0
0	45071
0	45064
2	44106
0	6
0	6
308	0
69	259
1	259
13	24
0	15
4	29
3	16
0	0
0	0
0	0
0	0
34	3
0	3
0	1
19	14
0	12
8	2
17	193
1	193
3	192
9	64
0	0
0	344
4	54
4	154
0	299
0	266
1	149
0	94
0	47
1	78
2	33
0	17
2	23
0	0
0	0
52	128
0	58
50	81
0	0
9	739
3	725
5	323
0	521
2	58
0	57
2	31
0	47
0	5
0	0
0	0
16	0
946	199
4	184
34	0
0	69
0	126
702	0
2	2
0	3
0	2
0	2
0	2
0	0
0	0
7	0
7	1
0	270
0	140
0	0
0	270
0	270
741	740
145	688
0	82
0	128
0	66
4	143
543	243
0	66
29	238
1	107
0	33
2	955
5	62
4	799
1	62
10	916
0	65
0	34
0	139
0	628
0	624
3	354
14	1
0	18
0	33
1	54
60	626
0	0
0	0
0	0
0	0
0	0
0	0
0	0
0	0
0	0
0	0
0	0
0	0
14	801
0	809
3	562
48	0
0	1
0	0
0	1
0	0
0	0
0	0
0	0
0	0
0	0
0	0
0	0
0	0
0	0
0	2
0	2
0	2
2	2
0	0
0	0
0	0
0	0
0	0
0	0
9	55
1	55
2	41
0	4
0	1
1	46
0	9
0	14
0	0
0	1
0	0
177	13
0	5
3	13
310	1096
0	918
1	91
4	286
0	141
4	28
0	0
0	0
0	0
0	0
0	0
38	3055
27	3044
0	1275
369	278
0	203
0	220
1	158
3	236
0	251
5	307
19	72
6	595
4	70
2	176
1	219
0	87
1	1486
0	10
0	10
0	10
9	9
0	9
2	9
0	14
0	9
0	9
0	15
0	15
2	165
0	165
2	151
0	77
2	65
18	0
16	67
5	67
0	64
0	6
3	13
1	0
11	126
0	48
47	1
0	66
2	34
3	31
42	3322
24	1321
0	1408
0	1407
0	1319
0	676
3	76
0	76
0	30
416	353
8	331
8	338
5	7
10	1187
0	1096
0	927
14	60
0	77
0	0
0	0
0	0
0	0
534	7926
0	1080
2	1130
0	852
0	956
1	130
0	235
14	175
1	95
0	43
0	0
496	91
11	42
0	49
179	154
0	71
0	178
1	178
0	87
0	108
0	107
19	96
0	74
0	65
0	29
47	49
0	30
0	21
0	10
0	10
9	9
1663	2468
196	11708
8	11682
108	2414
7	488
17	1546
61	1606
26	403
5	2824
9	1241
0	565
0	2660
31	521
29	691
0	342
13	142
0	0
0	0
0	36
1	18
0	15
0	31
0	32
0	33
0	21
8	17
22	0
13	65
0	14
0	51
0	9
0	0
0	1822
1	1704
66	556
2	4
8	109
0	119
3	4
50	207
1	147
0	158
11	452
0	169
0	181
4	181
2	155
207	495
38	176
0	192
9	38
0	495
0	159
0	291
62	176
0	158
0	163
1	142
13	31
15	47
30	1
0	306
0	3
3	108
2	2
0	306
1	119
1	197
178	94
0	13
0	94
0	1
0	1
0	0
0	0
0	0
57	61
0	45
0	36
2	21
1	191
61	191
0	0
0	0
0	1097
149	1037
9	288
0	115
3	116
0	80
3	0
0	367
9	367
56	340
3	531
1	534
0	564
2	245
0	282
193	7077
86	1499
1	1871
227	778
0	2500
2	702
40	524
0	834
7	150
80	22
4	2197
19	102
0	398
0	5576
0	0
0	0
0	0
621	51
0	51
0	481
0	459
0	374
0	448
3	396
0	26
0	453
0	147
0	68
0	89
0	89
2	44
2	86
0	2
0	11
0	1
0	0
0	86
2	1893
4	1832
15	1854
31	905
0	1380
3	1209
4	348
247	0
13	72
1	30
0	78
0	64
1	22
0	0
0	0
790	0
0	27
0	0
0	0
0	0
0	0
307	0
0	0
0	0
0	0
4	0
0	0
0	0
3	1818
15	1805
164	829
0	1583
36	527
1	1805
0	1805
0	1720
3	10
0	7
0	9
1	0
29	153
0	153
0	0
1	1
0	1
0	0
0	0
0	0
0	0
0	0
0	0
0	0
0	0
117	293
0	41
0	228
43	121
0	74
19	119
0	119
2	53
0	53
0	53
158	51
3	42
0	46
0	47
0	0
62	269
0	267
2	140
10	40
53	69
236	839
0	840
0	176
8	116
41	213
0	309
1	197
0	225
0	1029
0	47
0	41
0	445
0	875
14	885
0	396
0	174
6	96
0	292
0	304
0	342
0	140
1240	208
1	131
0	119
20	0
6	63
0	71
1	33
0	31
0	19
0	5
0	5
0	77
0	0
0	0
0	0
300	562
24	228
66	341
19	311
0	180
1	56
1	310
0	0
0	0
0	0
1	0
0	552
0	552
0	603
0	541
0	11
3	499
0	545
0	5
1	559
0	325
4	40
2	33
0	117
0	552
0	0
0	0
0	0
0	0
0	0
0	0
0	0
0	0
0	2
0	2
0	2
0	1
0	2
0	2
0	0
0	0
1	1
0	1
410	207
1	207
0	206
0	0
0	0
0	0
0	0
0	0
0	0
0	0
0	0
0	0
300	353
2	76
8	295
0	111
108	43
0	12
0	10
0	21
0	0
0	0
0	0
0	0
5	1333
0	866
0	165
2	59
0	14
0	53
35	1272
12	1038
9	102
0	42
14	107
3	42
2	100
0	0
0	0
0	12
0	0
0	12
0	3
0	3
0	3
0	5
0	0
0	0
0	0
0	0
0	0
0	4
0	0
5	37
7	7
0	8
0	0
0	2
0	30
0	36
0	9
0	8
0	1200
0	1226
16	1319
0	1016
1	987
10	129
12	53
6	306
0	134
78	165
0	164
0	9
2	2
0	0
0	0
0	0
0	0
0	0
0	0
0	0
8	540
30	513
1	245
1	15
33	10
0	443
541	1081
0	1005
2	177
8	201
1	294
9	58
0	68
0	4
0	4
0	0
0	0
0	0
0	16
0	26
0	13
1	14
0	2
0	14
0	1
0	0
0	0
0	0
0	1
0	0
0	27
17	165
0	165
0	441
3	437
0	348
11	308
9	296
0	322
0	53
2	226
7	20
1	34
0	23
11	24
33	0
1	333
0	350
0	223
23	237
0	216
2	110
7	12
348	588
0	480
0	541
7	344
0	104
0	342
6	489
1	71
0	128
0	128
2	115
281	15
115	5844
0	520
16	5832
53	121
271	218
0	203
0	189
0	160
0	74
10	52
1	3163
2	2022
29	2026
1	2812
15	1671
0	885
0	660
0	422
7	358
0	1130
0	1607
0	1637
68	1669
31	1678
0	117
3	405
4	248
0	74
0	0
4	211
0	0
0	1256
7	1251
73	555
0	789
0	1
0	824
0	1231
0	780
0	776
0	0
0	0
0	592
0	670
3	645
1	229
57	9
0	387
49	220
0	217
1	88
0	86
3	51
0	18
9	20
0	16
4	2
4	0
46	519
7200	704
7	689
0	0
0	0
10	151
2	144
0	50
2	139
3	136
0	73
0	102
0	99
0	52
0	41
0	14
0	6
0	0
0	0
0	0
0	0
0	0
0	0
0	0
0	0
0	0
1	4
1	0
0	4
1	112
8	99
6	97
4	1
0	26
0	33
625	77
51	77
79	0
1884	401
0	401
1660	429
0	386
1	103
178	130
5	99
63	31
0	0
0	0
0	0
0	0
0	0
0	0
0	0
0	0
0	0
0	0
0	26
0	26
7	24
17	16
0	13
8	24
2	28
38	0
11	34
0	10
20	10
0	5
0	10
0	0
0	0
0	0
0	0
61	226
0	96
7	168
5	3
0	2
1	1
1	0
0	21
0	20
0	39
0	39
132	36
89	36
0	54
0	30
44	58
0	132
0	216
1	258
0	268
0	224
0	223
6	91
8	48
0	18
2	26
0	0
2841	0
1	60
1	60
0	62
3	4
3	28
0	11
9	0
0	8
0	7
0	9
1	8
0	8
0	110
41	110
0	37
1	33
0	87
0	7
8	3
11	127
0	37
0	121
1	14
1349	400
0	354
0	170
3	1795
36	570
20	1320
0	439
0	164
0	65
0	135
2	288
20	269
22	511
2	384
4	13
0	0
473	2642
17	118
6	953
0	1623
11	15
5	4
2	34
19	879
5	15
3	0
10	0
15	19
0	117
0	38
11	110
1	63
0	56
398	3
4	3
2	145
0	145
0	0
40	1059
9	1062
3	21
0	0
0	0
42	711
0	928
2	988
0	1020
6	53
10	100
0	509
3	203
40	202
0	120
0	0
0	0
0	0
0	0
0	0
0	0
0	0
0	0
0	0
0	0
0	0
88	8
9	8
295	997
62	766
3	73
0	203
2	341
17	71
13	50
0	176
3	20
0	0
0	0
0	0
0	0
377	168
3	97
3	119
0	119
9	23
1	8
18	0
0	82
0	0
0	0
0	0
0	0
53	1867
1	1816
0	1862
0	1325
0	1489
1	1494
10	121
31	88
3	276
3	72
0	177
0	23
0	1659
15	853
9	28
4	394
0	24
1	481
21	69
0	0
0	0
0	0
588	390
4	48
0	342
6	0
0	0
0	0
0	0
0	518
6	275
0	327
0	47
1	226
0	92
0	1
6	1
0	2867
0	2770
123	1773
3	15
1	15
2	15
0	1
0	0
0	0
0	153
0	65
0	6
0	144
0	23
1	16
1	63
1	35
2	22
2	524
0	473
0	355
0	253
0	218
0	195
0	72
2	103
2	93
0	114
1	86
2	70
154	3487
0	1
0	1
0	1
0	1
0	1
1	1
0	1
2	1
0	1
0	0
0	0
0	1
0	0
0	0
0	1
0	0
0	0
0	0
0	0
737	3655
269	213
4	0
0	7
0	55
2	152
3	48
3	21
0	141
19	31
0	111
1	159
0	145
3	92
0	35
0	62
0	79
0	14
0	15
0	52
0	20
0	0
0	1
0	1
0	1
451	3900
0	3935
61	1289
16	881
794	361
0	361
0	0
0	0
0	0
0	0
0	0
0	0
0	0
0	0
0	0
0	0
0	0
395	92
23	32
0	35
7	41
2	0
0	0
0	400
0	412
1	251
0	181
18	0
10	144
0	13
16	142
4	130
19	100
0	0
0	33
0	31
0	0
0	4
0	0
0	0
0	0
0	5
0	0
0	7
2	8
0	7
0	6
0	8
0	5
0	0
1	6
0	4
0	0
0	4
0	6
0	6
0	0
0	0
0	0
0	0
0	0
0	0
0	0
0	0
0	1
0	1
0	0
0	0
0	1
0	1
0	6
0	0
0	0
0	0
0	0
0	0
0	0
0	1
0	1
0	0
0	1
42	882
0	6889
4	26
0	6850
0	0
0	0
0	0
0	0
519	139
1	90
0	100
4	108
0	0
0	0
0	0
167	37
4	37
0	0
0	0
0	0
0	0
0	0
0	0
0	80
0	83
0	3
0	15
0	12
0	8
0	80
0	3
0	3
0	1
0	2
0	2
0	0
0	0
0	1838
3	470
0	1237
0	1498
0	1508
0	1951
0	1600
36	540
0	1403
0	1847
0	1823
0	1285
31	1773
2	213
0	1097
0	106
0	106
0	157
0	1030
3	49
0	92
0	1079
30	0
9	0
0	291
19	0
14	521
0	1881
0	1912
0	1867
1	9
0	6
0	4
0	4
0	0
0	0
0	0
0	0
15	18
0	13
0	5
0	5
1	0
0	0
0	0
0	0
0	0
0	0
0	0
0	0
1	0
0	0
0	0
0	0
0	0
0	1269
2	131
0	599
0	26
38	38
2	1198
0	70
0	136
0	26
10	158
1	95
0	86
0	89
0	45
1	45
0	55
633	0
0	0
0	0
0	0
0	0
0	136
0	137
0	75
0	59
2	19
3	0
0	136
0	137
1	368
0	238
2	396
0	389
18	0
0	0
11	789
0	808
9	126
0	226
0	2
0	2
0	0
2	1435
38	1220
0	1367
32	1331
2	1412
14	279
1303	9705
0	9727
0	8725
55	2738
0	718
3	1044
0	914
5	822
17	108
0	81
81	0
22	1124
105	44
0	1135
124	1189
4	205
0	0
19	0
0	0
1	0
0	0
428	0
10	1
0	1
0	0
1	0
22	361
0	343
1	149
0	145
0	156
0	89
115	1549
3	1341
1	85
0	92
7	86
1	120
4	93
0	222
0	69
170	624
5	624
0	5
2	0
0	338
36	629
0	71
0	402
121	614
0	0
0	0
0	0
3	1
0	1
0	0
0	0
0	0
9	48
0	4
0	40
0	10
1	5
0	43
0	220
6	44
5	83
0	279
0	274
13	229
0	69
12	40
1	38
0	40
3	106
7	95
11	84
0	513
41	519
16	17
0	22
1	339
0	356
0	366
7	3
0	331
0	315
0	317
0	325
0	327
0	106
6	0
1	17
2	82
10	47
0	0
0	0
0	0
0	0
0	0
1	0
3	1099
45	75
0	59
0	20
2	3
0	0
0	4
0	2
0	0
0	3
0	13
0	39
0	3
0	28
0	23
6	2
0	20
0	1
0	7
20	28
0	25
0	242
62	261
0	245
0	252
37	225
0	131
0	30
87	27
12	11
0	5
0	5
0	4
0	4
0	4
78	44
0	12
0	32
17	0
0	0
0	0
62	7700
1	5797
5	605
0	0
0	0
0	0
0	113
1	56
1	102
0	21
13	32
1	31
0	4
7	58
0	42
0	16
0	8
0	0
0	0
0	0
0	0
0	38
0	43
0	4
0	4
0	9
337	87
0	87
0	0
0	0
0	0
0	0
0	0
0	0
0	0
16	0
0	0
0	0
0	510
2	223
0	355
0	510
0	298
0	190
1	2
0	2
0	0
0	0
0	0
0	0
0	0
32	1568
0	1514
1	843
91	913
1	924
2	96
6	268
0	321
4	182
10	131
1	49
26	1401
0	159
0	60
0	1
0	1
0	0
0	1
0	1
0	0
5	1082
1	177
19	901
9	147
7	1081
1	200
21	184
3	236
6	78
0	8
0	9
0	4
0	6
0	0
0	1
45	24
0	20
0	6
0	0
0	9
0	1
0	3
0	0
1	0
0	0
0	0
0	0
0	0
0	0
0	0
0	0
0	0
0	0
0	0
0	0
0	0
0	0
14	2049
0	2090
13	1948
4	398
2	196
25	883
8	487
0	79
0	328
6	299
9	175
0	3
0	3
0	0
0	0
0	0
0	0
0	0
0	0
0	0
0	3
0	3
0	1
0	1
0	0
81	91
730	91
1113	180
0	11
1	169
0	1
0	1
0	1
0	1
0	0
0	0
0	0
0	0
0	0
0	0
0	0
0	26
9	0
3	109
1	219
53	243
80	189
0	65
1	10
1	28
114	6
0	0
0	0
0	0
0	0
0	0
0	0
0	146
16	75
7	65
118	78
0	0
0	26
4	26
0	26
0	0
0	5
0	10
0	0
0	0
0	0
1	122
0	2933
0	2201
102	121
2	1327
58	0
74	419
0	1562
0	1963
0	2111
11	218
31	78
0	207
9	91
0	1434
0	317
1	240
0	204
0	117
0	355
7	58
0	1328
8	173
10	58
1	58
0	0
0	485
1620	3521
41	1289
29	825
42	1683
14	436
9	694
116	31
1	31
0	0
0	0
0	0
0	313
1	306
63	336
0	0
0	29
0	23
0	25
0	12
0	25
1	57
0	50
417	265
0	265
0	265
0	49
0	74
0	54
2	30
0	10
38	71
0	97
0	2
1	8
5	49
1	4
86	16
0	4
0	15
0	3
3	175
1	175
2	38
0	10
17357	126405
89	40446
12	35521
40	89205
188	47244
1	73179
105	63692
56	57550
3	398
8	398
0	359
0	141
0	0
0	0
0	0
0	0
0	0
0	0
0	0
0	0
0	0
179	602
45	111
0	525
1	108
2	25
0	362
0	527
0	14
0	129
0	166
8	63
1	125
5	121
0	121
0	34
0	0
0	52
0	116
0	41
0	0
0	0
0	0
0	0
0	0
0	0
0	0
1	34
3	0
0	1
0	1
0	0
1825	7687
23	1390
2	1923
5	938
0	0
0	0
0	0
141	248
1	253
0	493
11	351
18	587
65	828
16	275
0	890
0	263
0	514
2	542
2	310
0	20
4	64
175	81
1	1
1	26
6	13
0	40
0	36
0	2
0	2
0	0
0	393
1	32
3	276
0	347
41	851
2993	1053
2	202
0	228
250	44
0	34
0	10
3	26
22	0
44	1895
5	910
1	493
0	673
0	1860
0	167
0	924
3	0
0	3125
0	1080
0	1470
15	0
3	2495
3	316
12	329
0	237
2	1
745	832
8	84
0	271
38	158
16	209
9	36
425	1635
0	299
2	206
0	134
1	321
6	11
0	1506
0	779
789	58
2	58
233	78
0	31
4	78
0	9
213	69
2	58
0	10
0	10
0	190
0	126
63	113
0	50
2	183
0	0
0	0
1	0
0	35
0	19
0	19
4	23
0	10
0	0
3	44
0	39
0	18
0	31
0	30
0	5
0	31
0	0
0	0
0	0
202	0
0	0
2672	5497
18	464
0	4124
4	2705
1	5226
0	4200
384	1104
0	926
0	457
0	275
0	151
0	108
0	249
0	198
6	659
17	743
0	85
1	149
0	174
3	110
0	0
0	180
0	120
0	183
0	472
1	619
0	252
8	234
7	512
0	469
9	472
1	299
0	3
0	3
0	0
0	3
272	191
0	178
0	102
0	81
0	29
0	33
0	35
0	31
0	28
0	23
0	4
0	0
0	0
0	0
0	0
0	27
10	26
0	8
1	6
0	2
0	23
0	2
0	13
13	16
560	322
2	328
0	108
0	108
0	27
0	39
0	19
0	26
0	17
0	14
0	7
0	5
1	2
0	2
1	0
93	190
0	82
0	77
1	102
0	77
0	4
2	79
0	85
0	17
0	0
0	0
0	0
0	0
361	122
0	59
0	48
0	9
3	70
1751	0
0	4319
0	4315
0	4217
0	0
0	0
0	0
2	750
5	67
2	477
3	600
2	728
12	73
3	372
216	269
1	239
15	229
2	241
0	141
0	29
5	32
0	14
0	5
0	0
1	0
342	169
1	24
1477	4626
4	38
86	73
0	4026
85	0
55	77
1	307
1	161
0	4520
0	58
0	51
0	39
0	38
0	0
0	28
0	1
429	141
1	113
0	87
0	0
0	0
0	0
0	0
0	0
0	0
0	0
0	0
0	0
0	0
0	0
0	0
0	169
0	0
1	250
12	6
3	400
0	173
0	26
0	17
4	208
23	240
8	454
1	372
161	860
0	275
0	33
0	220
54	87
1	48
6	26
1	0
0	55
0	364
0	64
1	40
0	23
8	0
1	0
3	0
0	0
0	0
0	0
116	5056
0	2099
2	0
8	389
5	440
0	418
6	2961
0	211
0	388
0	315
0	162
1	329
0	416
0	319
0	0
0	0
0	0
0	0
0	0
0	0
8	4336
0	878
0	1326
10	751
3	410
142	3
0	1333
0	1346
1	744
0	974
0	1352
21	27
3	152
0	3018
2	723
0	77
0	1007
0	262
0	356
2	775
0	426
0	320
0	585
0	2930
0	2805
0	1128
11	2763
0	632
10	1012
0	2480
0	389
0	822
3	381
0	474
0	223
0	597
4	261
1	325
0	725
0	684
2	582
0	431
0	544
0	548
0	373
1	18
0	278
0	0
0	0
0	486
0	506
6	306
1	379
1	25
0	3493
0	3542
3	1137
2987	19083
25	18691
206	13699
8	4318
19	5468
0	5102
19	838
0	5356
53	7873
85	1888
60	2699
0	0
0	0
0	0
0	0
0	0
0	0
0	1
0	1
0	1
0	0
0	0
0	1
0	1
0	0
12	126
0	157
2	147
0	2
0	2
0	0
0	0
0	0
0	0
0	0
0	0
0	0
0	0
0	0
0	0
682	94
0	94
6	0
0	0
0	2
0	13
8	427
0	370
2	221
0	432
28	433
0	378
65	7
669	0
270	0
0	0
295	91
4	10
15	91
0	0
0	0
0	0
0	0
0	0
0	0
0	0
0	0
0	0
0	0
0	0
0	0
0	0
0	312
0	269
0	318
0	334
0	186
0	54
0	42
86	652
12	346
3	628
0	43
0	343
0	1136
29	83
0	203
35	1255
0	151
0	0
114	1
2	1
0	1
0	0
0	0
0	8
0	8
0	8
1	236
1	236
0	6
1	0
177	254
85	5
0	249
2	411
0	17
0	0
0	51
1	425
13	162
0	0
0	372
2	22
0	85
0	425
1	436
0	439
0	428
1	364
0	381
0	17
0	105
0	0
0	0
9	519
21	797
0	674
3	217
23	165
30	132
17	130
2	90
0	0
12	0
0	5
0	0
0	5
2	167
1	865
0	829
0	1146
14	1063
0	978
29	1015
0	977
44	897
14	721
19	136
0	0
0	0
0	0
0	0
9	45
87	284
0	241
0	41
0	14
0	304
0	318
0	52
0	110
0	162
0	144
0	95
0	145
4	41
0	121
0	53
0	74
5	58
1	0
1	13
0	5
0	5
0	4
0	4
0	0
0	4
0	13
0	55
33	58
1	55
0	56
3	3
0	3
0	0
17	4
0	8
0	8
9	327
6	907
0	88
0	84
0	472
0	955
0	11
0	72
551	74
6	29
0	55
4	504
14	504
1821	498
7	42
0	0
271	780
2	302
0	734
0	653
0	735
0	760
0	728
2	612
41	580
0	551
1	47
69	279
59	269
0	66
0	0
0	263
0	166
0	167
2	43
2	30
2	45
0	40
6	12
18	21
0	6
0	12
0	250
2	1581
252	1721
5	1231
0	1547
6	1544
9	215
9	26
4	276
110	57
2	814
1	95
5	60
0	133
6	258
0	325
0	311
0	79
1	374
0	407
3	242
2	220
9	234
22	130
38	6
11	70
907	70
0	0
0	0
0	0
0	0
40	11
0	11
0	5
0	1
4	0
0	0
6	0
0	0
0	0
0	0
0	0
0	148
39	141
0	40
2	1086
59	1087
17	295
116	1085
1	79
1	137
0	65
0	20
3	11
0	11
22	843
0	671
0	715
3	780
19	198
26	65
0	260
5	179
0	124
3	0
0	0
0	0
0	0
0	0
0	0
39	1256
1	934
7	1256
0	1089
551	137
13	137
0	0
2	23
0	30
0	123
0	89
10	22
0	56
0	1
2	0
15	114
5	62
0	0
0	36
0	0
0	0
0	1
0	1
0	0
0	0
0	0
0	0
827	7206
38	6817
5	3950
1	347
0	2473
0	458
0	6872
0	0
0	0
613	136
0	74
3	82
923	1656
8	235
1	112
7	1447
24	1449
43	156
0	227
64	767
0	774
0	206
3	12
2	96
0	92
0	165
2	60
4	51
0	52
1	41
0	13
0	4
0	4
0	0
0	0
133	343
0	350
0	301
0	223
0	24
1	6
1	5
16	2
0	5
0	0
0	0
0	0
1	0
0	0
0	55
90	56
0	20
0	0
0	0
0	0
1	0
0	230
33	230
0	53
0	1
0	1
0	0
0	0
0	0
0	0
0	0
0	0
0	0
0	0
0	0
0	0
0	0
3	0
0	0
0	0
2	1
0	0
0	1
631	0
0	0
0	0
0	0
0	0
0	0
90	185
0	134
0	36
1	115
24	7
27	63
33	15
0	0
0	0
0	0
76	409
0	362
3	319
2	160
0	460
3	394
5	122
0	153
0	325
0	348
3	36
0	0
0	0
0	0
0	0
0	0
0	0
0	5
2	10
1	5
0	1
0	3
0	0
0	0
0	0
89	1
30	1
0	260
296	3744
2	3259
5	186
0	422
13	80
11	891
27	40
229	0
31	5
0	608
0	623
0	626
0	612
3	123
2	163
1	38
0	610
1	566
4	569
0	507
19	538
6	3
0	67
0	100
1	59
0	25
0	213
11	1
6	1
10	5
0	5
0	5
6	487
0	164
8	323
0	125
0	110
5	135
0	107
3	0
6	64
0	0
0	417
0	416
11	409
0	240
0	361
0	73
0	29
4	39
8	290
0	138
5	2
1	25
0	53
0	0
0	0
931	211
8	74
4	137
0	31
0	164
0	27
11	15
0	153
0	72
0	96
10	148
11	127
0	74
0	39
0	110
2	87
0	151
0	141
0	161
0	36
0	164
0	0
0	0
0	0
249	0
0	0
0	0
0	0
0	0
0	0
0	0
0	0
0	0
51	425
55	119
0	255
0	239
19	117
120	622
0	601
3	425
0	609
0	120
5	57
0	135
0	55
0	97
0	82
0	75
0	11
0	7
0	5
0	1130
0	610
0	4556
0	5297
77	4289
3	2808
21	987
4	333
1	807
28	410
0	214
3	242
0	215
0	197
0	160
0	41
0	90
0	237
0	89
0	89
0	66
0	59
1	47
8	33
0	30
0	4
4	0
0	147
0	146
0	147
86	72
0	144
4	147
0	34
0	0
1398	251
0	257
9	11
66	0
51	363
3	179
0	269
0	69
1	166
3	197
0	132
26	36
0	16
4	0
0	19
0	1
0	0
0	1
0	1
0	0
0	517
0	475
0	517
0	455
0	517
1	78
0	265
0	265
1	30
0	57
2	162
7	80
0	43
0	2
11	50
0	6
0	43
1	41
0	26
0	21
0	17
0	0
0	455
0	151
0	1
12	156
11	115
0	58
1	40
0	120
0	133
0	145
0	129
0	53
0	12
0	12
0	49
0	33
0	27
0	20
0	13
3	13
0	1
0	10
1	0
21	470
1	317
3	104
0	468
0	8
0	3
0	8
1	0
10	0
1	722
0	717
0	722
0	312
0	297
0	193
0	177
7	69
0	115
1	114
8	45
8	26
107	14
0	0
0	0
0	0
0	0
0	0
0	0
2	1
0	1
0	0
2	56
0	53
0	50
0	6
0	17
0	51
2	980
0	955
0	586
23	105
2	32
0	0
0	0
0	0
0	0
1	3
0	2
0	2
14	1034
0	1173
0	1109
4	188
7	139
0	3
0	3
0	3
0	4
0	5
0	5
0	4
1	4
0	4
0	4
0	3
0	3
0	4
0	0
1	0
31	2
1	612
0	1131
3	158
11	297
1	752
1	5
21	337
0	964
0	1123
0	0
0	0
0	5
9	325
0	217
0	303
0	181
0	161
3	309
0	182
0	118
0	41
0	31
0	27
0	14
0	0
4	161
0	177
3	149
4	48
333	559
2	93
0	1
0	15
4	43
0	562
25	300
0	0
0	0
0	0
0	0
0	14
0	12
0	1
0	10
0	18
4	19
4	16
0	7
0	0
0	0
0	0
0	0
0	95
4	509
5	428
8	318
250	73
2	73
0	0
0	0
0	0
28	62
1	4
1	4
0	63
0	670
0	675
72	1306
11	1300
0	422
0	0
0	0
0	0
0	0
21	47
0	46
0	46
0	25
3	0
0	85
1	32
0	48
5	57
39	85
0	0
18	673
7	605
2	195
0	33
180	261
0	261
0	23
21	561
390	2714
2	406
120	2601
0	932
19	912
26	795
0	0
0	10
0	10
0	10
0	1
0	5
0	0
0	0
270	3722
0	3192
0	3536
0	3006
0	2693
0	1500
0	1170
6	1917
12	545
0	1376
0	180
87	0
0	0
0	0
0	0
0	0
0	0
0	0
0	0
22	1
24	8
0	1
0	1
0	0
0	8
696	2466
2	2466
2	462
0	0
0	0
19	351
0	211
0	356
0	327
0	294
0	71
2	140
0	65
0	91
0	72
0	53
0	60
0	36
0	33
0	4
0	4
0	2
0	0
0	2
1	700
4	690
0	175
13	310
0	203
0	192
0	0
0	134
7	19
0	29
11	143
0	3
0	3
0	0
0	0
0	0
1	1
20	110
0	111
2	88
0	26
4	28
0	0
0	0
2001	60
34	60
0	0
0	0
0	0
0	0
0	0
0	0
105	253
2	249
2	132
0	0
0	0
4	41
0	41
0	14
0	13
0	11
0	18
76	11
325	61
6	50
0	0
0	0
0	0
0	0
0	0
0	0
0	0
0	0
0	0
0	0
0	0
0	0
0	0
0	0
0	0
0	0
0	0
0	0
0	0
0	0
0	0
0	0
0	0
0	0
0	0
0	0
0	0
0	0
0	0
0	0
0	0
0	0
0	0
0	0
0	0
0	0
0	0
0	0
0	0
0	0
0	0
0	0
0	0
0	0
0	0
0	0
0	0
0	0
0	0
0	0
0	143
0	9
0	21
19	21
1	132
0	139
5	26
11	229
0	216
0	197
1	219
0	138
5	12
64	1075
10	226
0	1056
0	495
0	514
6	407
2	623
2	90
0	10
0	514
0	25
0	0
0	0
0	0
0	0
0	0
0	0
0	0
0	0
0	0
0	0
0	4
0	15
0	14
0	6
0	130
102	130
46	31
0	31
40	0
797	233
1	226
2	52
0	187
1	2
6	54
0	49
359	438
9	258
0	170
2	83
24	109
0	109
121	0
0	0
2	5250
32	3999
382	17
78	4358
2	4304
9	5224
0	3990
13	4331
7	2449
11	224
0	33
0	2
0	33
0	30
0	33
2	1
0	3
0	21
0	1
1	1
0	2
0	0
0	2
0	0
0	0
0	0
0	0
0	0
0	0
0	0
0	0
0	0
0	0
0	0
2212	127
108	86
133	41
0	0
2	62
0	57
0	7
0	18
6	5
15	0
305	503
0	419
34	1521
44	402
0	1277
0	1050
1	57
14	3
5	3
1	4
0	52
1827	752
8	353
2	398
9	0
71	1023
2163	1417
2	314
4	246
6	394
35	113
0	0
0	0
0	0
0	0
0	0
0	0
0	0
10	2057
0	780
16	1951
0	40
0	119
24	548
146	1395
204	1413
133	395
0	352
0	30
0	93
3	71
5	151
0	0
4	0
0	24
0	6
11	33
1308	90
0	90
0	0
0	0
1587	1814
2	455
0	587
56	903
7	180
1	244
13	447
5	294
0	223
0	107
4	107
10	21
11	0
0	0
0	5
3	5
0	113
0	118
4	115
0	14
1	115
3	90
1	93
1	20
3	18
4	20
0	24
0	2
5	19
1	19
0	1
0	1
19	9
27	188
43	241
0	83
0	194
16	123
0	0
0	0
622	254
3	254
0	77
146	48
3	48
68	392
0	369
0	130
3	38
0	0
38	0
345	361
0	339
4	23
0	4
0	4
0	1
0	2
0	0
0	0
0	0
0	0
1	267
0	282
3	280
0	224
3	18
0	47
0	39
0	1304
0	1399
20	1399
4	105
0	871
0	854
0	317
0	477
2	92
0	290
0	32
0	68
3	50
23	107
0	807
0	933
0	0
9	1192
0	1166
0	8
2	158
3	116
2	143
1	181
0	101
1	474
0	179
0	121
0	172
0	60
2	212
0	0
0	0
0	0
0	9
0	0
0	9
0	9
0	110
3	110
13	17
835	17
6	16
0	0
0	0
0	0
0	0
0	0
0	0
0	0
0	184
0	130
129	428
0	135
7	73
2	382
0	0
522	373
2	66
1	164
1	116
0	46
3	9
0	0
0	0
0	0
0	0
0	2
0	0
0	0
0	0
0	16
3	2
0	0
0	3
65	0
1	16
0	0
0	0
0	0
0	41
31	71
1	43
0	59
0	11
2	32
3	12
1	38
0	0
0	2
1	0
0	1
0	1
0	0
0	1
0	1
0	0
0	0
0	0
0	3
0	3
0	2
0	0
0	1
0	0
0	1
0	1
0	0
1	0
0	0
0	0
24	180
1	177
0	143
0	103
0	50
0	0
71	1050
0	1050
14	242
33	271
0	2
41	269
0	0
0	0
6	507
9	83
14	6
0	547
0	94
0	547
2	248
0	248
0	245
0	93
0	13
0	1
0	0
4568	1276
0	70
0	246
0	47
6	923
0	793
2	241
26	15
411	794
3	14
104	16
0	21
0	788
0	848
0	245
0	191
0	191
0	861
0	192
0	275
0	45
0	101
30	116
0	99
3	57
3	64
0	39
1	2
2	17
27	353
0	1304
3	422
0	132
0	1306
0	1056
0	0
0	0
0	6
53	149
43	22
0	127
23	311
0	311
0	122
0	94
0	27
28	22
0	8
2	2
16	14
1	14
243	820
1	839
0	506
0	42
66	81
2	47
0	41
1	37
0	42
0	8
0	2
0	4
0	5
0	2
0	0
0	5
0	5
90	14886
0	15046
42	14862
4	79
4	177
14	1045
32	2983
32	927
70	0
25	5629
0	6392
4	4541
1	5905
0	6619
107	5640
22	4646
60	6362
18	2724
40	244
1	0
0	0
0	0
0	0
0	0
0	0
31	1593
1	6181
16	694
0	6218
0	2119
2	2153
0	6214
0	6202
0	24
0	9
7	139
8	47
0	126
0	17
0	6
2	148
1630	858
6	294
0	377
12	222
55	175
115	117
218	0
0	0
0	0
0	0
0	0
1	8
0	2
5375	342
91	263
0	79
0	0
0	0
30	61
1	10
3	120
0	44
24	30
315	31
1	9
0	14
0	0
0	0
100	15
24	15
1	15
0	88
0	40
1	42
0	42
0	38
0	24
0	20
27	0
0	0
0	0
639	0
7	22
0	8
4	341
2	314
0	30
0	51
1	10
6	204
5	19
0	16
0	35
0	130
1	7
0	28
2	4
1	12
0	17
9	1289
1	494
39	762
7	985
2	562
2	278
20	65
4	462
123	1437
16	1437
0	246
18	130
1	5244
2	44
159	8
0	5242
0	127
0	98
0	43
0	26
266	767
68	19
17	130
30	0
1	445
0	283
7	376
9	22
0	29
12	7
0	781
0	794
0	271
1	46
0	45
2	794
7	424
0	781
0	794
1	135
0	59
0	117
0	38
2	114
0	794
0	794
0	0
0	0
0	0
4	14
1	2
0	2
0	2
0	14
0	3
0	4
200	546
20	546
49	0
0	0
1	31
3	14
0	14
0	20
0	5
111	5790
29	5726
0	311
7	128
21	195
0	288
4	2207
2	2189
0	222
29	61
0	1813
3	105
66	716
0	333
1	197
11	487
1	334
2	472
17	448
6	84
0	69
0	315
0	104
95	163
1	20
3	66
0	94
0	64
1	56
1	39
0	17
0	872
0	859
2	845
0	17
3	0
0	0
2	866
54	0
0	439
12	435
2	81
33	252
0	34
1003	333
21	91
42	0
5	208
0	306
2	276
6	140
0	30
0	3
5	9
30	12
1	24
0	14
0	5
2	308
1	1987
5	1987
0	289
0	287
0	288
0	282
0	224
12	191
0	151
2	157
2	147
0	104
0	76
0	41
0	1988
8	0
0	0
0	0
0	0
0	0
1	0
2	327
3	327
0	67
0	0
0	0
0	11824
0	241
0	236
0	114
0	9
0	8
5	3
0	241
0	240
0	0
0	237
0	237
1	236
0	24
0	120
0	120
0	120
24	0
12	56
5	60
0	8
0	24
1	28
219	2469
0	1958
23	1572
0	1522
2	1276
0	1122
2	1125
0	1081
0	1081
0	701
5	888
0	888
0	410
0	1
0	1
0	0
1	0
0	0
1657	756
11	756
2089	0
0	0
32	4800
67	575
0	304
0	3474
0	4530
36	4033
9	3128
3	516
4	0
5	13
1	4
0	3
0	0
4	0
0	13
0	0
174	5
3	5
3	0
41	64
2	64
0	45
0	51
0	48
1	31
0	28
157	128
3	18
0	80
4	56
0	69
9	65
4	80
0	210
0	181
1	52
1	0
136	0
0	173
33	4915
15	1738
4	3232
58	3531
0	4917
3	1204
0	33
32	9
0	335
0	335
6	90
0	21
1	28
0	0
0	0
0	0
0	0
0	0
0	103
0	73
0	15
0	57
0	39
0	10
1	64
0	78
2	33
0	87
0	17
0	18
0	26
0	93
2	679
0	692
0	344
0	708
31	318
54	364
0	578
0	467
0	575
4	354
0	662
0	609
0	679
0	71
0	475
2	691
0	632
0	396
0	41
0	65
3	101
0	77
4	42
0	53
1	48
0	19
0	10
0	10
0	9
4	283
0	331
15	339
0	299
1	53
0	59
0	79
0	0
0	0
2	0
0	0
57	0
0	0
0	0
39	154
1	79
4	75
0	0
0	0
0	0
0	0
0	1561
0	1598
0	1638
29	690
4	75
30	205
13	191
1	96
0	1599
0	1639
269	0
19	0
245	0
306	138
0	138
25	16
0	12
1	6
0	0
507	206
15	45
45	97
1	55
2	50
3	30
1	1
468	0
0	1
0	1
0	0
0	0
0	0
0	0
0	17
0	17
0	18
0	17
0	17
1	1
0	1
0	2
0	2
0	1
0	0
0	1
0	0
0	17
0	320
1	1
0	39
0	314
4	245
0	228
10	14
23	23
28	0
0	24
17	740
0	22
0	764
1	59
14	184
5	40
1	93
18	0
80	243
18	574
159	1047
0	214
8	107
0	36
16	122
1	351
0	56
123	889
0	889
0	1
0	6
0	1
4	31
0	341
1	154
13	335
370	168
9	41
1	1364
0	1364
0	315
0	411
4	1385
1	320
0	135
2	48
1	129
1	792
2	360
0	0
0	0
0	0
0	0
0	0
0	0
0	0
27	75
3	61
3	12
0	47
0	6
177	8
3	8
0	187
0	1062
0	1060
0	1097
0	475
73	1085
0	96
0	724
46	230
5	1
0	0
0	1
0	25
0	26
0	27
0	17
20	27
0	26
0	24
0	23
0	28
0	25
0	26
0	28
0	26
0	26
0	4
6	5
0	0
0	0
329	1408
24	820
7	193
17	197
19	54
0	150
18	123
0	34
0	21
0	0
0	0
0	0
0	0
0	0
0	0
0	0
0	0
0	0
0	0
0	0
0	0
0	0
0	0
0	0
35	249
0	23
0	198
0	45
0	168
161	1115
14	137
0	102
0	82
19	1029
41	9
1	9
0	4
0	0
27	10
0	10
0	10
0	5
0	0
0	0
0	0
0	0
0	0
0	0
0	0
0	0
0	0
0	0
0	0
0	0
0	0
0	84
7	84
0	0
0	0
0	0
0	0
0	1
0	0
0	52
0	0
8	35
1	1
8	66
0	3
0	5
0	1
0	8
18	23
0	22
2	0
382	51
1	50
18	27
0	0
0	0
0	0
0	0
0	0
0	0
0	0
0	0
2	0
0	14
0	25
0	25
1	25
0	5
0	8
0	3
0	3
0	3
0	0
1	2121
0	1993
0	1935
7	1747
0	1636
21	8
63	163
0	321
1	566
89	26
2	778
247	268
1	164
0	154
0	103
7	43
0	69
0	33
0	6
0	78
0	176
0	60
7	176
0	68
0	63
0	176
2	1
0	1
0	1
0	0
0	0
0	0
0	0
0	0
0	352
43	237
0	20
0	334
0	39
1	53
4	50
1033	263
2	89
0	276
42	0
9	18
0	17
0	10
126	554
0	475
4	221
0	112
28	205
0	0
0	0
0	0
0	0
0	0
0	0
0	0
376	899
6	882
3	107
6	108
32	895
0	0
0	0
5	1393
0	2104
0	689
0	539
0	802
9	280
5	47
7	2
0	2
0	117
4	113
0	101
0	116
0	0
0	0
0	0
289	378
127	329
2	89
0	0
4	46
0	33
0	39
35	3
0	133
1	1
0	33
0	16
0	43
7	5
0	133
0	28
0	15
0	135
439	1274
53	1281
6	592
0	643
4	83
2	121
0	62
0	0
0	0
0	0
0	0
0	0
0	0
0	0
0	0
0	0
0	0
0	0
0	0
0	0
0	0
0	0
0	0
0	1
0	1
4	1
3	0
0	0
0	0
0	0
0	0
0	0
111	0
3	0
0	0
0	0
0	0
0	0
0	0
0	0
136	214
44	178
0	29
1	60
0	0
0	0
0	0
0	0
0	302
6	105
0	270
0	270
1	0
0	0
134	278
0	273
0	77
0	86
0	44
1	49
3	50
0	50
0	9
0	9
0	2
0	1
0	1
0	32
2	5289
18	4918
75	29
61	53
22	5128
0	5153
9	1769
15	62
7	31
0	5232
0	157
0	158
0	160
0	159
0	16
0	150
0	148
0	10
0	10
0	6
5345	2023
0	2009
357	744
0	480
0	699
1	74
39	20
0	505
0	78
2	681
7	44
6	202
0	175
0	200
0	2
0	0
0	0
0	6
0	8
0	2
0	8
0	6257
270	6339
60	179
0	89
33	1266
2	304
4	258
131	197
0	61
1	197
3	9
0	1
0	0
0	0
0	0
0	0
0	0
55	306
0	291
0	16
13	2
100	419
0	417
1	135
0	12
1	39
0	1050
1	1271
7	912
0	0
4	12290
12	12290
29	6674
0	2
0	0
0	395
0	0
5	4511
0	3684
42	4449
0	870
3	844
13	248
1	172
0	349
1	232
12	37
0	103
49	13
3	65
20	0
1	313
28	313
0	106
0	71
0	151
3	35
1	21
2	1164
6	560
3	733
3	74
0	104
5	1178
13	0
1	3038
23	2828
0	3172
0	1337
6	1612
0	740
5	1491
28	0
128	223
19	223
3	2136
0	2186
0	343
0	550
3	593
0	371
2	82
3	2070
0	2
216	600
0	519
0	81
5355	27557
67	27556
26	2453
91	3993
37	2401
63	2110
3	853
0	763
21	613
0	229
212	0
8	0
2	0
677	55
2	55
0	0
0	0
0	0
0	0
0	0
675	157
10	157
0	4
0	154
0	105
0	41
0	176
0	160
0	85
0	143
0	87
0	83
0	64
0	54
0	79
0	26
0	132
0	106
0	55
0	130
3	2
0	173
0	68
0	111
0	69
0	66
0	86
0	46
0	72
0	55
0	110
0	45
0	60
0	90
0	56
0	1
0	93
174	280
0	270
10	129
0	3250
1	585
0	2819
0	22
1	2329
9	2881
11	6
0	567
0	1373
0	3205
14	0
0	6
71	103
2	103
0	0
37	0
471	59
5	59
2	0
0	0
0	0
0	11
0	10
0	1
0	1
0	2
0	0
0	3
0	0
0	0
0	0
0	0
0	3
0	1
0	11
9	0
0	0
0	377
0	766
2	340
3	587
0	124
1	69
0	210
1	65
3	162
0	142
6	46
0	89
3	24
0	0
0	0
0	0
0	0
0	0
0	0
0	0
0	0
0	68
0	14
0	14
0	0
0	48
0	36
0	0
0	1061
0	1104
0	1113
0	1118
0	64
0	93
2	1061
0	1063
0	1083
0	1118
5	124
6	93
4	98
30	269
0	107
0	143
0	29
0	45
0	54
0	25
0	18
15	9
0	5
0	4
0	2
0	1081
86	782
4	173
1	98
2	136
0	579
0	539
9	43
2	164
9	400
3	39
47	3
29	65
0	151
64	91
0	123
0	39
0	33
20	6
734	1361
3	1361
11	53
0	13
0	6
0	8
0	13
0	0
0	0
1	0
277	292
2	211
7	100
0	148
1	84
3	89
1	0
0	0
0	0
3	223
0	214
0	51
0	6
2	160
6	55
0	92
0	3429
0	3500
0	3446
0	3278
0	209
4	207
3	65
0	235
0	162
0	265
7	131
0	293
0	161
0	144
0	3500
28	455
0	70
0	452
0	449
27	0
4386	1539
3	50
0	50
0	44
0	0
0	0
0	26
1189	483
0	401
0	259
33	5
0	57
0	0
0	1
0	1
0	0
0	0
0	0
0	0
0	0
0	0
0	0
0	0
0	0
1	79
8	372
0	33
0	153
0	375
0	58
5	79
0	88
6	53
0	96
0	5
0	5
0	2
0	0
0	0
0	0
0	0
0	0
0	0
3	110
3	155
3	170
0	7
0	113
0	158
0	155
0	119
0	0
52	129
12	0
1	97
0	108
0	122
0	89
0	31
0	98
0	64
0	65
0	11
0	56
0	1
0	6
0	21
1	9
1	0
0	2
0	2
0	2
10	13
0	48
0	5
0	9
4	52
0	5
0	42
1	48
0	5
0	0
0	32
0	631
29	628
5	163
0	260
0	631
0	66
1	66
0	20
0	66
0	0
0	0
0	0
0	0
0	0
0	0
0	0
1548	71
1	71
1	49
0	0
0	0
0	0
139	98
0	78
1	20
0	3
0	1
0	0
0	0
0	0
0	0
0	1
0	3
0	0
0	2
0	3
0	0
0	0
0	3
0	3
643	764
0	305
0	165
17	476
0	330
7	36
1	5
2	790
0	439
86	16
0	785
325	387
14	265
0	350
4	28
0	0
0	0
23	13
0	0
0	0
0	0
1	212
2	212
0	212
0	0
0	0
0	0
0	0
0	0
0	0
0	0
11	392
0	369
0	42
22	36
0	24
3	21
0	6
3	0
0	21
13	36
0	12
2	19
1	29
2	11
12	1026
0	1202
3	36
4	1209
0	6
1	7
0	2
0	0
0	0
0	0
0	0
0	0
0	0
0	0
0	0
0	0
0	0
4	866
0	1036
0	266
0	313
0	59
0	1036
0	0
0	0
1	5
1	0
0	0
0	0
40	0
0	334
0	97
0	509
0	434
0	40
0	11
11	0
1	11
0	33
0	16
2	122
2	191
0	178
0	4
15	13
0	74
0	75
0	73
0	73
0	9
6	4
0	4
0	2
8	0
10	23
2	23
19	4
0	1
2	29
0	29
0	29
0	0
19	104
25	2616
3	2632
24	2966
18	112
2	350
3	238
2	914
18	368
27	1487
37	2977
51	27
1	22
0	5
0	0
0	0
0	0
0	0
0	0
4	0
0	0
12	769
0	301
6	385
0	666
10	186
2	105
2	186
1	2
0	443
6	449
4	335
0	149
0	186
0	170
0	18
57	6
0	0
0	0
0	0
0	0
0	0
0	0
0	1
0	0
0	1
0	1
0	1
0	0
0	1
0	0
0	0
0	0
0	1
0	301
21	302
2	57
5	16
2	43
0	4
0	4
0	0
0	0
0	0
0	0
350	43
0	6
0	43
0	42
1	988
0	580
0	392
1	619
16	1045
28	96
8	428
8	0
1	370
0	442
0	1
8	786
26	777
6	130
6	65
10	230
3	225
0	77
0	73
0	73
0	14
1	7
0	1
207	0
0	0
0	0
0	0
0	0
0	0
0	0
0	0
0	5
56	470
0	27
0	477
0	218
0	473
0	28
0	217
0	74
0	62
0	159
0	73
2	1
0	47
0	5
0	5
0	5
0	0
0	0
0	0
0	0
1	0
0	5
0	0
1	480
0	448
0	396
14	23
0	32
0	142
39	439
0	382
0	376
0	433
46	305
0	68
0	137
3	126
0	49
0	91
0	93
0	6
0	2
0	8
1	0
4	0
0	0
113	581
16	554
0	276
18	353
2	218
0	200
0	0
7	776
1	804
8	285
0	725
0	0
0	0
0	57
0	17
0	0
0	4
2	40
0	4
0	0
39	110
0	109
0	97
0	14
0	5
0	0
10	83
357	1220
0	1217
7	2373
92	7631
9	1676
3	32
14	1270
0	1620
12	1673
1	1493
2	292
0	229
16	0
8	28
0	8079
0	6
0	0
0	6
0	0
0	0
0	0
23	2
0	2
0	0
0	6762
615	222
0	222
0	290
0	505
14	539
0	517
0	571
0	331
0	1
0	1
0	0
0	1
5	1
29	818
16	816
0	807
6	493
2	472
14	4
0	436
7	67
0	0
0	93
1	3
82	515
0	220
0	211
0	226
0	140
0	116
0	120
0	110
0	36
0	0
0	0
1	555
9	117
0	59
0	277
13	0
0	200
29	6
0	27
0	555
0	350
0	209
4	222
2	171
0	350
0	209
0	17
0	0
1	3
0	5
0	1
0	1
0	7
0	0
0	0
0	2
2	4
0	0
0	0
0	0
0	4
0	4
1461	242
1	121
0	103
4	78
0	3
0	3
0	3
0	3
0	3
0	1
0	0
0	0
4	132
270	137
0	40
68	37
1	8
4	3
148	130
0	152
24	152
2	36
0	38
1	11
0	40
0	17
0	34
0	7
0	1
0	6
1	4
0	37
0	7262
0	7269
0	7533
0	7454
0	7084
0	7377
0	7431
0	7276
0	7447
0	6215
0	7599
0	7526
0	7371
0	7611
0	7172
0	7540
0	7545
0	7616
0	7361
0	7239
0	7304
15	7132
0	7578
0	1157
0	1248
1	849
3	62
13	58
0	7209
0	7388
0	0
0	0
0	5
0	7
0	26
0	26
0	24
0	23
0	1
61	17
0	17
0	8
0	7
2	270
112	314
0	44
0	0
0	0
0	0
0	0
0	0
0	0
0	0
0	0
0	0
0	0
1	0
756	313
0	267
1	133
0	93
0	18
15	0
0	92
0	214
0	188
0	3
0	3
0	3
1	219
0	222
11	175
4	168
15	5601
368	5601
29	447
8	0
58	120
0	0
1	120
19	20
0	16
0	5
2	8
0	8
0	0
0	0
0	0
0	0
0	0
5	11
0	11
0	96
0	1
0	135
0	570
0	570
0	18
0	148
0	226
0	561
3	229
0	176
6	108
52	561
0	54
2	21
0	37
0	186
0	186
1	162
0	539
0	139
0	200
2	229
10	91
0	14
0	51
4	58
5	126
0	115
0	20
0	99
0	78
0	87
1	5
0	12
1	7
0	25
0	35
0	0
0	0
20	0
0	0
148	7
2	7
0	0
0	2
0	2
0	0
0	0
0	0
0	0
0	0
0	0
0	0
0	0
0	0
0	0
0	0
64	83
0	80
0	41
0	9
0	9
4	17
0	9
1	58
0	13
0	4
0	9
0	48
0	9
4	50
4	47
3	5
1	2
0	1
0	9
10	1469
1	1501
0	329
3	167
7	394
1	154
19	96
31	697
0	722
6	80
0	193
0	82
3	120
0	311
3	313
6	148
66	59
0	35
0	24
3	41
4	13
0	13
1	6
154	200
1	12
0	200
0	199
6	12
86	657
40	676
0	183
5	46
3	78
1	78
0	47
2	37
1	18
7	19
0	2
0	12
0	1
0	8
0	11
0	12
0	14
0	11
0	11
0	0
0	0
0	11
0	12
0	0
0	2
0	3
0	4
0	0
0	3
0	0
2104	2808
13	269
1	191
1	865
3	586
0	438
43	288
1	672
0	516
1	0
468	529
0	396
0	396
0	397
0	436
15	1
0	88
0	104
0	165
0	157
0	165
0	277
0	137
0	0
0	29
0	0
150	110
1	106
0	28
8	0
0	0
0	0
0	0
0	0
0	0
0	0
0	0
0	0
1	11
0	11
0	10
0	6
0	6
0	0
0	0
1195	6310
12	2624
3	4206
0	4746
7	136
11	242
0	1227
673	313
7	312
0	119
1	587
15	587
37	474
3	385
7	70
1	109
1	93
0	127
0	5
0	10
0	10
0	3
0	1
0	5
0	1
1	0
0	1
0	1
0	2
0	2
0	6
0	0
7	16
0	2
0	2
1	5
0	1
3	514
0	458
5	482
24	94
6	40
0	527
1	60
0	77
1	101
11	53
10	0
0	2
0	2
0	0
0	0
0	0
0	0
1	0
0	0
0	0
0	0
0	0
0	0
0	0
0	0
0	0
0	0
0	0
0	0
0	0
0	0
0	0
0	0
0	0
0	94
2	93
0	4
0	0
0	0
1	7
0	194
0	265
0	259
0	253
0	4
0	25
0	30
0	244
1	27
0	0
1	33
1	39
0	40
1300	0
141	138
2	138
0	138
0	30
0	30
0	30
0	1
5	993
3	993
0	993
0	993
0	993
0	993
0	993
2	208
1	201
0	203
0	112
1	13
9	47
0	0
2	473
0	17
3	473
0	775
0	33
0	746
0	745
0	30
1	15
14	13
0	64
1	115
5	147
4	1163
0	1057
2	94
18	1163
0	0
0	0
0	0
0	0
0	0
0	2
3	2
0	2
0	1
0	713
0	713
29	683
0	683
1	137
0	117
8	90
11	13
0	0
0	0
0	0
0	0
183	2489
0	2441
3	645
5	823
5	1362
0	559
2	677
0	0
0	0
0	0
3	1
1	1
136	12
0	12
1	0
73	48
0	48
0	44
1	43
0	7
0	0
0	0
0	0
0	0
0	0
0	0
0	13
0	5
0	13
0	13
0	1
0	3
0	0
0	13
0	0
0	0
0	0
0	0
9	23
7	23
0	3
0	6
0	0
342	213
4	41
20	137
2	74
0	0
0	0
0	0
0	0
0	1
0	0
0	0
0	0
0	0
0	0
0	1
0	1
0	1
0	1
0	0
0	0
0	1
0	1
0	0
0	1
0	0
0	0
0	0
0	0
0	0
0	0
0	0
0	0
0	0
0	0
0	0
0	0
49	343
16	874
1	7
2	64
18	699
1	111
0	0
0	0
0	0
0	0
49	5988
3	412
19	410
2	272
1	204
4	204
10	466
1	416
0	176
0	179
2	28
0	220
0	141
30	151
0	168
14	172
0	155
3	73
2	313
0	0
3	313
5	89
0	0
0	1
0	1
0	1
0	1
0	3
38	313
0	278
0	47
2	17
4	61
0	2
0	1
0	4
0	0
0	1
0	1
0	1
0	1
0	1
0	1
0	1
0	1
0	0
0	3
0	0
5146	3988
0	33
4	2404
3	1711
0	0
2	0
11	0
2	2506
0	481
0	1575
6	738
0	1346
10	2249
0	107
0	115
0	145
5	124
0	151
16	144
0	141
0	47
0	45
0	3436
4	3108
0	2252
2	254
2	1489
6	1473
0	374
0	95
639	0
0	1136
0	1162
4	293
1	494
0	520
12	120
0	250
97	248
5	2
0	0
0	1
2	2
0	2
0	0
0	0
0	0
2	1
0	1
0	0
0	0
0	0
0	0
0	0
0	373
0	373
3	379
0	390
49	1620
0	2448
2	165
0	2464
0	2371
1416	0
0	0
0	0
0	17
0	320
0	175
7	314
0	315
0	283
1	52
0	27
0	27
0	337
93	4
27	101
0	7
0	103
0	34
0	49
1	4
0	4
0	0
0	0
0	0
0	0
0	0
0	0
0	0
0	0
1	1864
15	54
1	689
6	847
0	1704
0	1797
0	1809
0	1661
0	1775
3	846
3	1
2	98
7	51
0	0
0	0
73	548
0	546
0	31
2	4
77	5
0	18
6	31
4	48
1	109
12	118
22	266
1	266
29	258
0	26
0	0
0	19
0	16
0	4
0	5
0	2
0	139
21	128
0	80
1	84
0	7
1	18
0	0
0	0
0	0
0	0
0	1
0	0
0	1
15	713
2	692
0	257
1	68
5	101
0	1
0	9
0	9
0	3
0	3
0	6
0	5
0	0
3	1
0	1
0	0
0	0
0	0
0	0
0	0
0	0
0	6
2	0
0	0
84	91
1	29
0	62
0	0
0	0
0	0
0	0
61	375
0	257
0	246
3	253
2	53
16	148
1	107
0	40
1	34
217	1035
0	334
24	429
1	322
1	366
26	0
0	252
0	357
7	4
0	4
2	0
0	3
0	0
0	0
0	0
0	0
8	43
0	38
0	43
10	41
0	36
0	0
0	0
0	0
0	0
0	0
0	0
0	0
1	2558
5	2373
10	26
0	1466
4	1228
4	485
0	787
0	799
0	776
0	784
0	586
0	211
8	512
0	434
0	50
0	217
0	213
3	69
0	63
0	52
0	5
0	2
1	15
0	15
28	3
0	512
62	59
0	27
1	4
0	59
0	22
0	8
0	4
32	0
2	1
0	1
0	1
2	4
0	0
0	3
0	3
0	0
0	0
3	0
2	1
9	0
0	0
6	0
2	0
0	1
139	0
121	170
0	110
0	61
0	140
0	137
0	112
2	35
6	17
0	1
0	0
0	11
0	10
1	4
0	11
0	1
0	0
0	0
0	0
0	0
323	503
16	503
0	225
1	80
2	395
0	327
12	288
1	265
13	132
0	0
0	0
0	0
0	0
0	0
0	0
0	0
0	0
1433	8624
2	6535
1	1176
0	1362
1	5154
0	96
0	96
3	88
0	88
0	0
0	88
4	8047
0	6665
0	4827
9	7963
15	3295
0	3879
38	3892
9	1848
1	2426
17	3765
0	8047
0	0
11	2461
31	2461
0	19
7	183
2	8
0	8
10	0
0	294
1	306
2	278
0	232
1	270
0	272
375	307
0	266
0	217
0	266
0	113
0	113
8	51
0	35
0	11
2	8
4	2
0	2
0	0
1	0
1217	375
10	253
0	150
0	379
3	118
0	139
0	17
2	112
1	13
0	25
0	19
0	134
1	19
0	34
0	45
1	15
0	86
0	86
0	81
0	8
0	0
23	0
0	0
9	334
4	188
51	328
4	126
4	260
5	222
39	39
0	3
1	12
4	35
0	4
20	0
0	0
18	75
0	75
0	34
0	2
0	13
0	6
0	14
0	7
0	0
1	0
0	74
1	98
0	81
0	81
17	9
0	27
34	582
28	576
55	116
24	1116
0	1122
0	197
0	130
3	953
10	48
30	35
0	61
32	39
0	0
0	0
0	2
0	0
0	0
0	2
0	242
0	209
0	34
0	17
2	235
838	551
2	32
2	137
5	147
2	275
0	282
0	282
6	279
0	228
0	245
0	243
1	11
6977	184
1034	0
505	137
0	31
0	112
0	124
1	102
38	454
0	460
6	88
389	226
0	224
1	2
0	314
11	316
4	2
0	64
2	10
0	1
365	0
858	0
0	0
0	1
0	6
1	4
1	1
0	3
0	0
0	4
7	40
28	47
3	7
1	10
1	17
0	17
69	2562
0	2607
1	2645
1	2655
13	946
1	73
0	1
5	170
0	170
0	0
0	0
29	1
0	1
0	268
0	976
18	489
4	429
3	556
11	11
548	231
0	25
0	93
1	38
0	94
0	56
1	39
0	459
0	449
0	60
0	134
3	32
0	34
0	12
0	10
0	8
0	459
3	1560
66	0
5	485
0	347
0	1515
0	1547
0	110
0	159
4	120
0	151
4	47
0	44
2	110
1	892
0	871
9	1040
1	139
0	1027
55	334
0	169
1	216
3	0
1	232
1	57
0	1032
2	0
0	0
179	328
0	121
7	5
5	0
2	207
0	2
0	2
0	2
0	0
0	2
0	0
0	0
0	0
0	0
0	0
1	90
4	88
0	73
15	8
0	93
0	76
0	84
0	0
0	0
219	1060
8	53
1	14
0	1
7	1004
0	619
0	32
4	59
1	860
1	23
0	63
5	53
1	21
0	104
0	1019
0	57
0	46
0	21
0	20
305	342
0	234
0	178
19	16
0	46
0	106
1	107
2	67
30	0
0	133
8	0
0	420
19	3811
0	328
0	186
0	71
0	285
0	237
0	215
0	346
0	369
0	394
0	227
32	118
0	113
0	166
0	408
0	121
1	402
0	226
0	401
0	402
0	338
0	344
0	161
4	27
0	83
75	40
2	0
0	22
0	22
1	21
16	25
0	3
2	111
6	30
1	103
0	101
0	52
0	37
0	88
0	45
0	100
0	82
0	2
1	82
0	47
0	10
0	46
0	22
0	15
1189	131
28	131
20	96
0	11
0	11
0	0
0	2058
9	45
96	31
0	114
0	2119
3	125
9	489
12	457
1	397
0	78
5	631
3	4
0	6
0	0
0	2
0	3
0	0
31	966
0	26
3	753
23	850
0	76
3	341
0	319
0	35
0	186
0	0
0	0
0	90
0	42
83	548
39	3
1	586
0	607
0	635
0	0
0	0
1886	315
6	315
0	0
0	0
0	0
0	0
0	0
0	0
1	876
0	857
2	320
5	85
0	97
0	73
3	40
0	13
0	15
0	0
14	556
1	393
5	467
0	130
0	0
0	7
0	7
0	2
126	2630
0	449
112	224
48	2210
0	437
0	418
0	104
8	177
0	1
0	1
0	89
0	91
0	112
0	134
1	131
0	124
0	133
0	92
0	93
0	87
0	3
2	1
5	63
7	10
6	6
8	13
4	11
0	0
0	243
12	243
0	27
0	536
0	530
5	528
0	9
1	37
0	85
0	22
8	142
1	103
0	274
0	442
26	473
5	17
4	391
4	7
5	18
0	66
0	21
0	75
0	135
0	57
1	38
0	197
2	66
1	169
0	35
0	69
3	246
7	282
6	445
0	104
0	131
0	6
0	146
0	336
0	124
0	88
0	183
2	133
1	52
0	6
0	2
0	2
0	0
0	679
469	709
2	658
0	654
0	0
0	0
0	0
0	0
23	92
0	104
9	117
0	28
2	29
0	21
0	15
0	12
5	4
14	8
0	9
0	8
6	75
1	75
1021	50
0	0
0	0
0	0
0	0
0	0
10	2
1	2
3	0
0	0
1	1
0	0
0	0
0	1
0	10
0	8
0	9
0	10
0	6
2	4
0	6
0	0
0	8
6	163
75	85
177	122
11	446
988	472
1	241
0	15
184	741
2	3
0	257
0	224
0	295
0	87
0	350
5	1
6	214
1	54
1	40
0	176
0	291
0	367
2	186
0	71
3	229
0	276
1	38
0	272
0	88
45	109
0	97
2	25
0	0
0	0
0	0
0	0
0	326
12	3
0	135
4	318
0	228
0	0
0	99
17	1811
0	1921
18	1717
0	828
2	128
0	334
1	396
0	102
8	1921
0	0
0	0
413	0
0	25
6	725
0	72
0	134
0	721
0	724
0	1
0	1
0	0
0	1
0	1
0	1
0	0
0	1
0	0
0	0
0	0
0	0
0	0
0	0
0	0
3	142
0	105
396	36
0	64
172	51
1	15
123	58
0	54
0	10
0	12
1	1
0	8
0	17
0	142
0	152
1	431
1	412
2	70
0	80
7	20
8	174
0	363
0	0
0	0
0	0
0	0
0	0
0	255
60	255
38	128
0	5
4	5
0	10
1	14
0	4
0	5
0	4
0	8
0	0
0	0
0	0
0	124
1	123
0	0
0	0
0	0
0	22
0	59
0	765
9	718
0	110
0	532
0	667
1	87
0	0
0	323
0	330
12	233
0	280
0	233
0	84
1	59
7	13
0	12
0	2
34	33
0	29
0	6
0	0
0	101
2	30
2	11
0	86
0	22
0	1054
8	18
0	117
0	793
4	155
1	101
0	151
0	171
0	18
0	151
0	982
2	115
0	80
0	249
0	1052
0	59
0	91
7	159
0	128
0	983
0	669
19	104
10	110
0	623
9	89
0	275
0	267
0	635
0	648
0	656
0	0
6	5
0	4
0	4
0	5
0	0
0	0
0	0
0	10
7	152
0	9
0	143
0	0
0	0
0	0
0	0
0	1
0	1
0	1
0	1
0	3016
5	3017
13	2916
1	2674
1	924
10	495
8	596
4	377
0	217
1	408
0	393
20	1586
1	348
1	569
6	233
0	29
0	29
0	20
0	2
0	0
0	691
1458	1413
20	202
1	511
0	115
0	361
2	828
9	899
0	287
0	0
0	0
0	0
0	0
2	356
3	375
27	358
0	361
0	311
3	261
4	42
0	39
0	67
4	16
0	36
0	19
0	229
0	0
0	0
0	0
0	0
0	0
0	0
0	0
0	0
0	0
0	0
0	0
0	0
0	0
0	0
0	0
0	0
0	0
0	0
0	0
0	0
0	0
0	0
0	0
0	0
0	0
0	0
0	0
0	0
0	0
0	0
0	0
0	0
0	0
0	0
0	460
1	334
0	410
15	522
5	254
23	573
3	192
4	183
0	316
0	0
0	1
0	0
0	1
11	88
1	88
0	17
1	17
0	7
0	2
0	5
1	5
4	5
0	5
0	4
0	17
195	31
10	31
2	1
36	0
0	274
0	257
0	228
40	0
0	0
0	0
0	0
0	0
0	0
0	7
1	0
0	0
0	7
0	0
0	0
641	0
22	667
0	677
1	299
14	128
0	33
25	1
0	12
1	26
0	0
0	0
0	0
0	0
0	0
0	68
0	74
7	13
10	0
0	68
0	0
1	5
0	5
0	5
0	3
0	3
0	4
0	4
0	4
0	4
0	4
172	33
19	33
0	45
1	425
0	382
0	39
0	0
6	1288
1	1812
267	794
8	758
0	945
0	977
5	1258
9	42
0	1022
29	71
5	278
0	285
0	45
4	285
1	55
0	257
0	53
0	38
0	44
0	111
8	39
0	51
0	0
5	37
0	37
0	37
0	4
2	2
0	1
0	1
0	1
0	1
0	1
0	1
0	1
0	1
0	1
0	0
0	0
0	0
0	0
0	0
0	0
0	0
19	4259
0	303
0	466
43	158
2	557
0	533
93	268
87	20
0	4259
0	0
0	0
0	0
0	40
0	3
0	3
0	2
0	2
1	0
0	92
0	92
0	173
0	74
1533	415
10	376
2	262
0	0
0	0
0	0
0	0
0	0
607	311
2	38
2	172
10	101
24	46
0	0
0	0
1	672
0	241
4	67
0	142
1	94
91	672
25	0
0	6
3	6
0	6
0	6
0	4
372	192
38	192
17	102
0	19
5	19
0	0
0	0
0	48
0	274
9	41
3	247
0	271
0	0
0	0
0	0
0	0
0	0
0	11
0	3
31	0
0	0
0	195
0	188
5	33
0	53
1	10
0	190
0	88
0	0
0	0
20	21
2	60
0	9
0	19
0	435
13	433
1	223
0	26
0	71
0	55
0	171
0	323
17	0
504	543
0	540
0	420
1	505
0	317
0	1
0	1
28	0
0	86
0	13
13	17
0	86
1	180
0	121
0	168
3	37
0	48
0	16
4	7
1	3
3	0
0	0
2	352
0	343
3	211
13	49
0	257
0	267
0	48
0	227
82	552
13	486
1	532
22	393
1	403
0	92
0	69
37	74
0	37
7	0
0	84
0	84
0	84
0	84
0	52
0	52
3	60
0	27
0	0
0	7
0	6
0	2
0	1
0	0
0	0
0	0
0	0
0	6
11	354
0	346
3	8
0	5
0	12
0	13
1	6
0	425
0	401
2	333
0	7
15	46
4	97
0	3
0	2
2	3
506	0
26	261
0	283
44	1123
0	18
0	348
0	100
14	55
0	1096
407	1125
47	1094
0	831
15	772
0	560
0	531
0	11
0	11
1	0
1	2
0	3
0	3
0	2
0	2
0	204
0	14
0	42
3	26
2	187
11	41
0	16
0	200
322	134
9	108
1	26
10	606
3	588
0	606
0	119
1	97
0	378
0	591
1	83
1	17
0	98
8	352
2	74
0	0
571	24026
0	11861
0	37766
6	37999
0	23963
0	10393
13	15084
4	10765
1	8527
3	4288
0	34
27	70
0	37763
0	6
0	6
0	5
0	0
0	0
0	0
0	0
0	0
0	0
90	998
8	914
96	915
0	23
362	200
4	176
0	12
1	3
4	19
0	24
73	612
4	61
4	581
9	373
1	61
6	132
4	397
5	84
0	368
0	340
0	196
0	182
47	77
1151	123
2	29
19	36
0	58
382	347
0	106
9	0
30	15
0	193
0	57
12	141
1	186
3	3
0	3
3	3
0	0
0	0
1	0
0	0
0	0
0	0
0	0
0	2
0	2
0	0
0	51
2	51
1	0
0	39
15	1
0	1
0	48
1	4
0	48
1132	1313
6	474
6	97
0	122
0	1
221	137
0	0
0	0
0	0
0	0
0	0
0	0
0	0
0	0
28	0
0	0
0	0
0	59
0	61
25	54
1	58
0	60
0	49
14	48
1	2
0	4
0	17
3	1
0	1
0	1
2	0
7	184
1	40
0	39
107	0
0	0
0	0
1	142
129	312
2	208
11	104
0	244
0	1
125	401
25	9
7	465
0	372
40	284
0	18
2	0
24	406
0	13
0	344
0	354
0	30
0	388
1	0
0	0
0	0
1	308
756	459
0	243
4	268
0	1
99	30
0	25
0	6
2780	1988
2	603
58	1385
0	0
0	0
0	0
0	0
0	0
0	0
0	0
0	0
0	545
0	144
0	410
0	410
5	67
0	23
0	209
1	30
0	142
0	70
0	114
0	79
5	93
590	59
2	47
0	2837
1	2839
0	2765
0	1930
2	1635
6	1424
18	1105
1	407
0	285
2	133
40	223
0	131
0	49
0	2839
0	0
0	0
0	0
0	0
0	0
0	0
0	0
0	0
0	0
0	0
0	0
0	0
0	0
27	652
0	647
0	655
0	660
5	340
2	235
0	219
0	41
0	218
0	215
0	208
1	66
0	14
7	36
0	36
2	10
0	3
0	0
15	644
2	84
1	184
1	648
1	165
6	0
6	0
2	142
22	2265
0	681
0	1170
0	1122
70	2115
6	658
11	1239
17	760
0	737
8	193
0	39
175	6238
24	6176
0	3808
2	0
0	0
0	1
0	1
0	3
0	0
7	51
0	53
0	37
0	21
2	15
0	13
7	11
0	1
43	831
15	831
0	654
0	49
49	159
4	93
8	47
0	1
0	1
0	0
0	0
0	0
0	0
0	0
0	0
19	151
0	673
0	673
16	690
0	621
0	628
27	62
0	89
0	0
0	0
0	0
0	0
0	0
1237	2245
13	955
0	933
0	1058
1	425
0	20
0	16
0	5
0	20
0	20
0	2
0	13
0	20
0	20
0	11
0	12
0	16
0	11
2	8
0	2
1	0
0	2
0	1
0	120
6	1094
32	1094
0	4
0	67
0	1086
0	0
0	0
1	6
0	6
3	201
41	4
3	58
18	48
0	216
0	186
0	172
0	31
0	81
1	55
0	0
0	0
0	0
0	0
0	70
0	190
42	137
0	45
1	33
0	44
14	74
1	197
0	34
0	52
0	19
0	72
0	325
1	488
0	112
2	92
0	4
0	16
7	174
19	184
0	20
1	4
0	6
0	0
0	0
428	756
2	756
376	5162
135	0
0	4493
0	4586
10	1364
7	924
0	566
0	621
3	187
1	621
0	911
115	1343
0	693
2	726
0	840
0	1370
0	1369
0	0
0	0
1021	323
14	219
3	90
2	84
0	16
0	523
40	2334
202	2138
4	2043
4	354
32	1825
2	560
511	417
0	546
2	517
1	8
0	0
1	95
0	171
0	124
0	20
0	6
0	5
0	6
0	6
0	0
0	1
0	0
1	113
28	17
0	14
4	10
0	0
217	0
0	0
0	4
1	4
0	4
0	4
1	4
0	0
2	0
0	0
0	0
0	0
0	0
0	0
0	0
0	0
0	0
0	0
0	4
0	4
0	4
0	0
5600	1984
9	306
2	1678
0	0
0	1602
1	321
0	683
40	1615
59	3548
6	3054
7271	7506
0	681
0	1078
25	952
22	1756
7	457
0	458
0	116
6	6
68	119
2	95
0	124
1	24
0	405
0	14
0	0
0	0
0	648
1	498
0	314
838	711
0	0
0	500
8	269
7	9
0	112
61	138
0	29
0	50
1	38
0	29
14	15
0	2
0	0
0	0
0	1
0	1
13	101
0	89
1	100
22	43
0	0
2	1
0	0
11	346
1	347
0	88
0	332
0	108
24	2
0	0
0	0
0	0
0	1
0	1
0	1
942	0
0	0
0	1180
45	7455
22	507
17	7048
1	6945
0	4266
17	3741
42	1799
0	1691
0	0
16	189
0	137
10	165
10	184
0	66
0	9
23	136
0	0
0	9
0	0
0	0
0	2
1	9
0	2
7	74
0	68
4	67
0	0
1	78
0	972
41	1028
8	73
0	1834
13	1811
0	551
1	528
0	8
0	2
0	8
0	8
0	0
0	6
0	8
0	2
0	0
2	0
0	8
0	2
0	6
0	2
0	1
0	0
0	4
0	8
0	19
49	21
7	2
3	0
1302	629
1	628
0	535
76	22
2	22
0	0
0	0
0	0
0	0
0	0
0	0
0	0
0	0
0	0
1380	5616
7	1732
11	495
29	697
4	596
0	1193
176	4807
0	0
0	1
1	0
0	1
257	172
0	80
7	118
0	41
8	38
6	11
2	25
44	13
7	0
0	0
3	247
2	16
0	17
0	213
1	189
5	135
0	233
0	73
0	123
1	0
0	0
0	0
0	0
0	0
0	0
0	2
1	2
591	176
0	162
6	47
0	30
0	27
9	40
0	31
4	23
0	20
0	22
36	7
6	5
0	0
0	168
61	1483
1	180
0	163
26	144
61	961
3	89
3	130
21	915
11	750
14	228
32	0
348	1059
102	1059
6	16
8	1
3	425
1	3
0	3
0	0
0	0
0	3
0	0
0	0
0	2
0	2
0	465
0	472
2	169
1	341
0	83
12	102
0	425
0	452
0	76
0	23
0	21
6	14
2	7
2	11
3	8
0	12
0	0
0	15
0	45
0	16
0	0
1	6
0	9
0	33
86	67
6	30
5	8
0	73
28	0
1	11
256	3469
108	3467
0	776
1	690
1	676
16	108
0	1550
0	1535
0	1484
0	1035
4	654
0	304
0	340
8	291
0	278
0	99
0	1534
0	1535
0	0
5	0
0	0
0	0
0	0
0	0
0	0
0	1
0	1
0	0
1	34
2	172
2	64
3	13
0	24
7	131
0	0
0	0
0	59
0	54
0	58
1	53
1	2
3	13
1	9
0	2
453	150
0	3
0	22
34	65
0	10
0	63
1	2
0	69
1	574
48	231
0	223
0	198
0	577
28	1
2	1
64	238
4	158
0	40
6	78
0	74
0	2
57	2
0	0
0	0
0	0
321	365
2	166
0	106
1	201
0	121
0	4
0	35
71	536
0	536
6	369
54	378
0	58
17	207
0	119
1	120
74	36
0	61
0	57
0	9
16	9
132	0
1	47
1	8
0	7
124	3
2	28
3	60
0	0
0	0
0	0
0	157
5	0
27	1760
23	548
1	1724
0	62
0	134
11	48
0	71
0	125
1	466
0	86
0	79
0	75
0	63
0	54
0	31
0	10
0	26
0	20
0	31
0	19
0	10
0	0
0	0
2	0
17	0
2	161
1	160
2	128
5	144
5	56
11	1032
30	1031
0	463
27	1
0	105
50	0
30	0
1135	684
68	684
39	87
0	61
0	146
10	7
0	3
0	1
0	3
746	137
4	21
9	15
0	106
0	8
0	10
0	5
0	3
1	3
0	10
0	0
40	2
0	2
0	3675
0	2032
34	2063
5	3676
0	354
7	1303
10	2751
0	368
1	206
310	0
462	0
608	79
84	289
0	49
0	10
0	185
0	130
8	46
8	283
1	280
0	0
9	0
0	2
0	2
0	2
0	2
7	2
0	0
0	0
0	0
0	0
0	0
2	0
0	0
8314	24211
69	8875
0	11722
30	4056
107	3760
87	3771
3	3930
15	779
1	4793
36	1066
66	5770
0	0
0	0
0	348
0	290
12	348
0	292
2	152
0	184
54	322
5	81
2	32
0	12
4	18
2	40
0	16
78	51
1	39
18	12
0	0
150	313
2	194
123	46
7	267
0	177
13	10
3	158
1817	213
3	213
0	1
0	1
0	7
0	7
0	7
1	0
0	1
0	7
3	7
0	7
0	7
0	7
0	7
0	7
0	7
0	0
0	0
294	2023
3	1993
86	174
0	202
29	79
16	61
0	80
0	70
20	52
0	72
0	31
61	14
0	19
1	19
0	0
5	94
1	103
0	83
9	101
1	41
7	149
0	869
523	928
58	94
3	357
0	340
0	463
0	458
0	462
0	462
0	552
0	467
0	462
2	465
0	371
1	346
0	143
0	117
0	36
150	43
0	10
0	8
0	21
0	12
0	6
0	18
8	31
2	240
18	136
1	224
18	239
2	0
0	0
13	138
0	38
0	116
3	30
0	18
0	7
65	0
0	1
0	1
0	0
0	0
0	0
0	0
0	3
0	3
0	1
0	0
0	1
21	1303
3	1800
0	2144
5	306
0	1215
0	1220
4	244
1	155
1	321
5	149
6	345
3	31
9	4
0	342
0	4
0	42
0	37
0	27
7	10
0	0
0	1
0	1
0	1
0	0
0	0
0	0
0	0
0	273
0	252
0	7
0	196
0	39
23	72
2	19
0	3
33	66
3	4
0	11
0	10
0	0
0	252
0	4
0	4
0	0
0	0
0	1
0	0
0	1
0	0
0	0
0	0
0	0
0	0
0	1
0	0
0	0
0	0
0	0
0	0
0	0
0	307
13	310
0	313
0	315
0	168
7	58
0	86
3	140
2	51
20	179
5	14
3	82
0	2833
9	5180
170	5186
0	301
2	5143
0	0
13	246
0	956
143	992
20	51
0	42
0	984
0	0
0	0
0	0
0	0
0	0
101	167
76	123
2	153
2	33
20	8
0	6
17	31
47	30
22	3
0	0
0	0
1463	1400
1	321
0	238
5	160
32	728
52	684
0	618
0	1
0	1
0	3
0	30
0	17
0	8
0	0
0	0
0	3
0	3
8	101
0	102
0	98
12	61
0	84
477	0
13	401
813	401
77	2
0	0
0	0
0	0
0	0
0	0
0	0
0	0
0	0
0	0
0	0
0	0
0	1
0	1
4	133
0	180
0	172
0	178
2	109
18	40
0	174
78	115
3	0
44	71
2	71
1	103
0	2090
57	1907
0	523
0	838
0	209
0	31
0	396
17	218
65	88
0	132
3	35
166	28
0	28
0	0
46	78
0	78
0	0
0	0
2859	9718
1	9602
0	9663
18	4083
0	2798
24	1083
1	182
0	110
5	16
2	1
0	1
0	1
0	0
0	0
0	0
926	703
6	124
0	313
0	5
23	109
1	451
987	0
34	98
0	83
1	29
0	19
0	11
26	11
0	0
5	8
0	8
0	0
0	0
311	0
0	0
0	0
0	5
503	76
0	76
0	1
0	1
0	1
0	0
0	12
264	398
0	33
0	69
8	182
0	363
2	42
1	2
35	95
56	95
0	0
0	0
0	0
0	0
0	0
0	0
0	0
0	0
0	0
1	560
5	557
0	71
5	173
8	79
0	7
0	0
0	0
0	0
0	0
0	0
0	3
0	2
0	0
0	3
0	0
0	0
0	0
1	594
0	592
0	550
0	18
1	19
1	26
21	22
0	50
20	46
12	322
0	82
0	108
0	105
28	133
0	74
0	79
0	159
1	134
0	84
0	93
0	45
0	43
0	35
0	54
0	14
0	0
0	0
0	0
0	1
0	1
0	1
0	0
0	1
0	0
0	1
0	0
0	0
0	0
0	0
0	636
0	1007
1	677
1	1009
0	27
1	435
0	454
0	190
47	58
0	60
2	27
1	27
3	30
0	30
0	2
0	0
0	0
0	13
7	3
0	12
0	0
0	58
1	55
1	3
0	5
144	199
3	189
1	37
60	10
30	0
0	6
0	1389
65	1348
13	248
0	670
161	57
0	46
0	16
0	11
0	120
3	105
7	100
0	23
0	16
13	32
1	1
6	0
4	3
3	117
0	11
3	11
0	53
0	23
3	53
0	0
2	2
0	2
0	0
0	0
0	0
18	61
0	2
0	61
0	11
0	12
0	9
0	11
0	10
0	3
0	3
1	0
0	0
0	0
0	415
0	0
0	413
0	48
2	15
0	13
0	90
0	8
6	0
1	416
0	1
0	16
0	3
5	121
0	323
14	70
0	54
0	877
0	877
32	250
3	244
13	120
0	187
0	33
0	140
0	69
18	2
0	15
0	0
0	0
0	0
0	0
4332	0
1	4
0	6
0	4
0	2
0	4
0	2
0	0
1	0
3	15
0	7
0	0
0	9
0	2
0	5
0	0
0	2
0	2
0	0
0	0
0	2
0	0
0	0
0	0
0	399
0	373
22	95
0	379
2	87
0	512
1	1289
35	152
0	599
0	1297
2	106
6	35
0	260
4	261
0	241
0	89
0	7
0	265
6	94
5	21
1	244
0	1288
1	0
0	0
0	5
0	5
0	4
293	608
99	679
191	128
1	144
1	610
0	152
2	47
0	1
20	1
2	111
0	129
3	36
0	61
0	110
83	184
0	31
0	184
0	29
9	59
0	0
0	0
0	0
0	0
0	0
0	0
3	534
0	336
0	438
0	292
2	0
0	49
0	492
0	0
0	0
0	7
4	63
0	73
0	74
0	46
0	15
3	11
0	9
0	17
0	0
348	26
0	26
0	0
0	0
0	0
0	0
0	0
0	0
0	0
0	0
14	390
438	390
1	6
0	86
0	85
0	50
0	45
0	3
0	10
0	2
0	2
0	0
2	0
0	0
0	0
0	0
0	0
0	0
0	0
0	0
0	1
1	0
0	0
0	1
0	25
0	20
0	19
0	8
3	6
0	0
2	6
0	8
0	6
0	2
0	0
0	2
0	1
0	7
0	0
0	2
0	0
0	1
0	2
0	1
0	1
0	2
15	0
1342	0
0	0
0	0
0	0
0	9
0	1
0	4
0	4
0	10
0	1
0	2
0	5
0	2
0	0
0	0
0	0
0	2
0	406
13	394
0	402
0	47
437	0
3	0
2	295
6	300
4	5
395	1669
0	1670
0	1668
0	1633
0	1639
1	187
0	1556
0	219
2	147
4	92
2842	2676
1	2361
106	2441
27	498
163	1481
37	567
2	9
0	0
0	9
0	0
5	66
0	71
0	23
0	37
0	61
1	7
0	24
0	27
0	20
0	24
0	25
0	9
0	0
569	317
1	265
10	55
6	124
2438	0
0	0
0	0
0	0
0	0
0	0
0	0
0	0
0	0
0	0
0	0
0	0
0	1
0	1
161	1459
205	150
1	150
0	0
0	0
0	0
19	0
24	0
49	28
3	28
1	0
0	28
0	20
0	14
0	0
0	3
1	1
1	6
0	1
0	4
0	6
0	6
0	4
0	6
0	6
0	6
0	0
0	0
0	0
0	6
0	6
0	4
0	4
0	1
0	0
0	0
0	3
0	5
0	5
0	0
0	0
0	1
0	5
0	25
32	183
0	42
0	4
2	125
0	12
1	11
0	27
0	32
0	23
0	63
10	56
2	19
0	238
0	227
0	221
0	267
0	229
0	60
0	64
7	22
0	255
0	98
0	226
1	4
0	166
0	42
0	78
863	46
0	46
25	128
0	127
0	87
0	12
0	29
0	22
0	433
0	39
0	433
20	37
0	37
29	36
0	0
0	0
4773	1865
10	330
14	1610
5	9
17	195
7	195
2	0
0	88
4	62
0	56
5	29
9	150
1	150
0	56
110	50
3	50
0	0
0	0
0	1
0	1
0	1
0	0
0	0
0	1
0	132
5	171
0	171
2	48
0	33
15	44
0	51
0	39
0	20
0	0
0	0
0	0
0	0
0	0
0	0
0	0
0	0
0	0
0	0
0	0
0	0
2	601
0	608
24	2
3	281
0	618
0	382
0	362
0	0
0	7
58	7
0	0
0	1
0	1
0	1
0	0
0	6
0	7
0	7
0	0
0	0
73	487
1	478
4	337
21	220
906	1653
5	1523
0	257
1	183
0	276
7	303
3	303
3	36
262	1428
611	1446
3	1399
0	1402
1	1409
0	1404
0	1411
0	1414
624	78
1	0
0	0
28	43
0	15
1	1
0	43
0	403
0	21
2	266
9	376
0	277
0	85
3	22
0	116
15	46
1	249
0	37
0	37
0	44
2	71
16	0
33	2727
4	2704
0	793
0	295
14	37
0	0
0	0
0	0
0	0
0	0
0	0
0	0
0	0
0	0
0	0
0	0
0	0
254	390
0	177
0	213
2	35
0	23
0	40
0	21
0	23
0	19
1	54
0	23
914	497
0	264
0	488
1	116
103	187
1	187
4	76
6	38
378	438
2	98
4	27
0	28
23	4
1	435
9	0
0	0
0	0
0	0
0	0
0	0
2	433
2	218
2	50
1	23
0	432
28	57
0	56
3	9
557	6678
6	408
12	1549
17	4739
14	576
42	55
48	2032
4	31
3	30
0	25
0	0
0	0
0	0
0	0
0	0
0	0
84	1580
7	920
0	229
0	520
1	1270
0	291
0	128
0	362
1	687
2	166
796	0
5	0
0	0
0	0
0	0
0	0
0	0
0	0
0	0
0	0
17	832
0	140
7	264
0	17
0	78
0	23
0	812
0	818
0	298
0	129
0	479
3	188
7	116
0	771
17	167
1	154
0	56
1	18
0	24
0	22
1	4
0	2
0	2
0	0
431	925
0	614
1	431
0	289
0	920
0	221
3	562
7	0
0	0
0	0
0	0
316	91
22	9
0	82
0	0
0	0
0	0
0	0
0	0
7	0
0	0
0	0
95	13
1	13
0	2
0	2
37	0
0	2
0	2
0	2
0	2
0	1174
123	1035
0	1006
0	282
0	324
0	185
3	62
1	13
0	4
0	12
0	13
0	0
3	1
0	0
0	0
0	0
0	0
0	0
0	0
0	0
3309	385
1	364
78	24
5	13
1	13
0	12
0	3
0	3
0	374
630	9
1	9
0	16
0	91
4	661
0	704
0	157
5	13
3	350
0	693
0	152
138	498
4	62
0	106
0	498
0	439
12	495
0	502
0	355
0	17
0	61
1	37
6	157
356	157
0	68
0	0
0	0
0	318
0	323
0	317
0	319
0	273
0	184
0	38
0	37
0	32
0	23
0	3
2	11
0	11
0	323
0	0
0	0
0	0
329	198
0	67
2	189
4	25
11	8
64	0
0	69
0	196
13	2050
0	2156
1	1905
4	371
0	125
54	865
56	63
46	177
6	6
0	0
0	0
0	10
0	11
0	0
0	11
0	1
0	0
0	0
0	10
5	4258
25	4792
0	1384
0	80
1	1386
3	990
0	922
10	623
6	1738
6	152
2	1045
0	0
0	0
2	20
0	6
0	13
1328	0
0	0
60	322
0	97
5	2
0	2
0	2
0	2
0	2
0	2
0	2
0	2
0	1
0	1
0	1
0	1
1	1
0	1
2	0
0	0
0	1
0	0
351	1459
372	0
0	0
0	0
0	0
0	0
0	0
0	0
2	276
0	266
0	230
0	14
3	14
0	195
0	8
5	20
1	161
2	27
1	66
0	0
0	0
0	0
2	194
0	234
0	268
0	111
0	107
3	34
0	3
0	4
0	0
0	20
12	16
0	4
3	1
26	624
0	549
0	521
0	550
13	359
0	0
0	0
0	0
0	0
0	0
50	233
8	233
5	1047
0	591
0	94
2	105
3	814
2	55
0	115
5	27
0	1
0	1
0	0
0	1
0	1
0	0
0	0
0	0
0	0
0	0
0	0
0	0
0	0
0	0
0	0
0	8
0	8
0	0
0	1
0	0
6296	209
18	209
0	0
0	297
1	297
3	85
0	41
0	10
0	283
0	2
19	0
0	22
0	7
0	19
0	54
5	36
0	17
5	14
0	34
0	0
0	0
49	68
0	68
1	8
0	47
0	0
0	0
0	0
0	15
6	128
108	159
7	12
21	0
0	123
0	30
0	0
5	557
18	330
0	71
14	371
1	80
2	40
0	0
0	0
0	0
0	0
0	0
776	189
12	189
4	0
0	11
0	20
0	261
0	267
0	266
0	264
0	7
0	11
0	10
0	5
0	46
0	3
0	172
1	42
0	61
0	22
0	54
1	16
0	419
0	85
0	1
0	614
0	463
0	409
0	0
0	10
0	0
0	10
0	1
0	1
247	23
0	23
0	0
1	0
0	0
0	0
0	0
0	0
0	0
0	0
0	0
7	2385
2	909
339	1203
51	2417
0	50
0	2373
4	0
0	0
0	0
0	0
0	0
724	0
0	1
0	1
0	1
0	0
0	0
0	0
0	0
7	61
8	0
10	50
0	62
3	13
863	0
1689	1615
0	8
2	182
7	392
0	1430
22	145
29	40
66	169
0	145
0	148
0	28
3	131
0	107
0	50
0	67
1	41
11	1
0	1
0	695
29	358
0	320
219	688
3	636
0	0
0	3
0	3
0	3
0	3
1	0
0	0
0	0
0	168
0	639
0	469
159	640
0	536
0	109
7	57
4	43
69	262
37	0
0	17
0	18
3	248
5	68
0	36
0	66
0	52
10	60
84	46
0	0
0	166
0	220
1	167
1	63
2	160
0	50
0	92
0	27
0	43
0	2
5	94
0	4
2	66
0	14
0	10
0	10
0	4
0	4
2158	0
163	1716
0	1701
0	1685
4	1028
0	1179
0	1778
0	802
0	168
2	423
0	409
3	729
1	364
0	637
0	653
0	87
1	109
95	1298
5	1175
12	341
7	309
79	391
80	374
0	177
0	163
13	209
1	177
0	184
0	184
0	86
0	136
0	28
1	6
40	0
0	0
13	792
2	411
0	339
43	4
11	21
0	92
2	401
0	0
1	198
0	5
0	174
0	200
0	5
6	6
2	38
4	31
0	196
0	353
0	358
7	358
0	331
14	358
1	98
4	329
0	34
0	173
2	29
0	0
0	0
0	0
0	0
0	0
0	62
0	37
0	22
0	5
0	12
34	31
0	0
0	0
0	0
0	0
290	187
0	84
1	1
2	104
0	0
0	0
2	442
0	437
1	387
5	296
1	119
0	13
2	24
0	108
0	86
0	10
5	51
0	104
0	94
0	51
0	46
0	7
0	19
116	335
13	327
0	133
2	80
4	47
2	48
0	0
0	0
0	0
350	0
0	0
0	0
100	6401
9	6379
14	3505
5	1046
0	0
0	0
0	0
8	657
17	655
0	28
1	81
78	212
1	2
0	0
0	0
0	0
0	0
0	0
0	0
1	1027
8	1769
0	1766
77	1214
0	1252
0	14
5026	0
0	0
0	0
0	0
0	0
0	0
0	0
0	0
0	0
0	0
303	732
34	369
14	363
0	0
1	0
0	0
0	4
0	4
0	1
0	4
55	0
0	0
0	0
0	0
17	1431
2	378
0	1074
0	1360
7	1314
0	1299
0	1356
0	324
2	132
0	795
15	145
446	114
0	99
0	98
0	83
180	1143
3	19
14	79
4	223
0	1103
0	4
0	4
0	1
0	3
0	3
0	0
0	787
12	1754
1	1925
3	574
2	1004
0	362
5	753
33	558
0	9
0	10
0	8
0	3
1	2
0	0
5	1
0	1
2	0
0	0
1397	0
50	197
0	25
3	56
1	145
0	0
18	0
0	501
172	507
3	230
6	19
94	23
0	0
0	0
540	769
4	43
0	544
0	225
433	140
0	136
0	25
1	32
8	25
51	309
0	230
0	391
2	144
0	77
6	54
284	325
0	231
20	304
4	103
59	92
1	92
8	85
0	84
0	68
0	67
0	4
1	47
0	37
5	34
0	0
0	86
0	0
0	572
7	204
0	572
4	458
1	21
0	0
157	720
2	543
9	470
0	325
0	242
0	152
0	1
5	4
0	4
148	504
0	347
3	144
0	275
0	448
3	1349
22	0
0	0
2	0
0	0
0	0
256	847
0	654
1	116
8	25
0	823
0	0
0	0
0	0
0	22
0	30
7	30
84	58
19	44
0	233
0	215
0	202
0	223
0	192
0	209
0	210
0	60
3	56
0	51
0	53
0	56
0	63
385	1490
0	787
8	1352
0	1462
0	1467
15	1447
0	252
8	87
958	176
1	176
0	0
0	0
0	0
236	1182
5	340
0	322
0	271
4	1172
2	259
0	244
4	383
1	88
0	84
0	318
15	48
75	307
4	11
10	125
1	324
0	263
1	313
0	26
0	228
0	11
0	1
1	14
2	13
0	5
0	13
0	0
0	0
0	704
3	799
32	859
1	174
1	132
0	142
35	2
0	0
143	0
0	0
0	0
101	29
1	27
0	2
0	0
0	0
40	937
0	940
0	940
1	298
57	0
0	0
36	9
0	0
0	4
0	5
0	5
0	0
0	9
0	0
0	0
0	0
2	0
158	1464
14	1446
3	193
0	150
27	1299
10	807
0	307
5	749
60	241
1	7
0	6
1	2
0	1
0	1
0	0
0	0
0	790
0	739
19	394
0	91
4	133
23	199
0	9
0	73
0	7
0	11
1	2
85	126
4	8
1	106
22	3090
1	2310
2	2921
67	3117
0	2770
27	176
31	1990
0	741
9	109
29	352
15	95
7	129
0	325
15	177
0	3105
0	547
0	34
24	152
3	341
0	82
0	512
1	72
11	38
0	39
3	32
18	246
4	203
4	47
8	66
2	46
7	5
5	449
0	49
0	372
1	190
0	479
0	137
13	36
3	71
0	232
27	372
0	229
2	231
0	207
0	147
6	164
0	42
6	33
0	33
69	168
0	2
0	167
0	0
0	0
0	0
0	0
0	0
0	0
0	0
0	0
0	0
0	0
0	0
1526	4741
0	4262
0	759
0	2543
0	485
1	1946
2	644
8	53
2	11
0	11
0	8
0	2
0	7
0	7
0	1
0	0
0	0
9	146
4	146
46	8
0	0
0	0
0	0
1	3
1	5
0	0
17	259
1	242
2	252
0	259
0	8
0	208
71	29
0	17
0	2
0	3
0	12
0	0
679	10841
53	6447
5	9774
31	9855
0	5849
33	7721
154	0
0	120
0	119
1	68
0	32
3	55
0	4
0	7
0	120
4699	0
1	0
0	16
0	0
0	16
63	88
0	83
3	28
5	26
0	10
1	5
1	261
5	260
0	190
5	10
0	17
0	23
27	3406
1	3403
4	3408
3	3384
0	3390
0	1898
17	992
0	3174
168	127
2	127
0	0
0	0
0	0
0	0
0	339
2	75
0	38
2	47
0	103
0	308
0	8
2	13
20	0
0	11
4	62
1	46
15	41
0	70
0	58
2	14
1	31
0	339
34	2738
438	2937
0	511
3	454
3	348
0	702
0	499
6	205
0	28
0	12
3	3
0	0
0	3
0	0
0	10
0	10
9	723
20	9849
116	9849
0	0
0	0
0	0
0	106
0	227
0	56
1	106
0	0
0	6
12	227
0	19
0	28
7	2066
0	1482
13	344
1	422
29	561
0	1799
3	2
0	2
0	2
0	2
0	2
0	0
0	2
0	1
0	2
0	5
0	5
0	5
1	0
1174	574
0	476
5	247
6	98
0	0
0	0
0	0
0	0
0	0
0	0
0	0
0	0
0	0
0	9
6	14
50	515
0	498
1	510
4	169
0	79
0	33
0	1211
0	1152
0	152
0	99
2	205
5	172
0	148
1	99
72	1211
3	10488
4	10697
53	2056
0	10204
0	483
0	910
62	2
0	380
9	461
52	115
21	3061
0	563
0	472
30	2926
4	154
64	1831
1	10894
5	142
2	142
0	139
1	121
0	141
0	144
2	19
24	0
0	20
0	1
0	16
0	1
0	19
2	5
0	41
0	41
0	9
1	898
7	138
1	596
0	927
0	913
0	46
0	170
31	53
0	0
0	0
0	0
240	213
0	869
0	883
0	883
0	883
5	91
0	39
0	51
0	88
0	222
0	11
0	4
51	451
0	38
0	408
8	349
11	28
170	71
0	35
0	36
0	7
3	6
3	3
6	12
0	2
2	1
5	5
0	0
0	0
0	0
0	0
0	0
0	0
0	0
0	0
0	0
0	1
0	1
316	0
0	3
0	3
108	121
2	121
4	12
2	2
0	2
0	0
0	0
0	0
784	2199
47	1271
2	868
0	1748
4	20
0	184
3	20
0	199
1	64
0	61
0	13
0	201
0	0
0	0
0	0
0	0
0	0
0	0
460	1577
0	1332
0	318
3	1119
0	1144
1	90
58	197
0	17
0	17
0	104
0	74
0	1
3	0
6	70
1	39
10	73
0	34
0	70
0	17
0	12
0	84
0	49
2	55
21	0
0	0
0	0
0	0
0	0
0	0
0	0
0	4
0	4
0	3
0	4
0	0
0	2
0	2
4	112
0	440
3	395
1	436
3	436
0	295
1	107
58	0
7	939
5	0
42	38
21	419
0	0
0	317
0	217
7	925
1	0
2	0
43	115
19	2263
452	2814
13	2524
1	339
0	685
0	386
0	933
2	948
2	603
0	757
0	1002
0	554
2	878
0	587
1	516
8	516
3	2
0	107
41	8
6	0
25	3
5	3
57	516
2	516
7	62
0	22
0	111
0	10
0	10
0	137
0	137
0	108
0	111
0	44
0	2
0	137
16	544
7	541
1	373
4	0
0	618
0	652
2	248
9	394
0	180
0	7
0	0
0	0
0	0
23	589
7	221
11	551
1	543
0	449
0	109
0	154
0	0
0	0
0	0
0	0
0	0
1	149
0	599
0	463
0	592
0	596
5	161
13	82
0	47
0	30
0	23
0	586
1	36
0	56
1	57
0	5
2	58
0	24
0	17
0	17
0	16
0	16
0	3
0	2
0	9
0	1
0	9
0	3
2	53
5	53
193	1452
0	206
0	1333
21	1325
0	63
9	439
3	20
207	233
7	235
6	227
0	124
6	0
3	77
12	56
0	23
0	0
1	506
1	482
3	162
13	220
1	52
0	0
0	0
1	0
0	0
0	0
0	0
0	0
0	0
0	0
0	0
13	427
0	350
3	103
0	370
1	314
0	170
0	184
21	196
0	29
1	19
0	69
1	59
0	39
0	0
0	64
6	57
6	61
0	19
162	416
0	183
3	315
9	65
0	0
0	0
0	16
0	0
0	6
0	16
0	16
0	18
0	16
0	1
0	0
0	0
0	0
0	0
250	466
1	466
0	0
0	0
2574	0
0	0
7	0
23	14
0	14
0	677
2	640
0	212
0	269
20	100
4	31
0	200
0	61
4	106
4	3
0	201
123	296
0	253
0	83
0	221
0	59
0	65
34	81
1	34
5	0
6	10
0	65
0	64
7	58
0	61
0	50
8	51
0	58
0	21
3	66
0	10
3	11
0	0
0	217
25	216
26	116
0	0
0	0
0	0
33	113
0	106
1	0
0	3
0	3
0	7
0	0
3	30
0	56
0	37
0	1
6	0
1078	85
0	85
53	22
2	22
0	7
13	264
0	231
0	155
2	125
0	99
17	0
5	529
0	402
2	0
0	99
2	46
1	412
0	457
0	0
5317	4032
0	621
10	1749
19	1394
29	1404
0	418
0	0
0	0
0	0
0	933
22	281
0	809
21	889
26	848
0	911
0	81
0	42
5	224
0	187
25	383
0	0
0	0
0	0
0	0
0	0
0	0
0	0
0	0
1	1
0	0
0	197
1	152
0	85
0	78
0	172
0	80
0	31
2	30
0	69
0	5
4	57
0	25
0	4
0	8
0	1
0	2
0	25
0	35
0	35
0	27
1	2
2022	1748
6	640
0	901
0	888
14	603
160	68
0	68
259	114
0	74
3	114
0	0
0	1
0	1
0	0
0	0
0	22
0	62
1	224
0	224
0	55
3	13
0	224
16	499
12	497
12	147
0	105
6	114
0	16
0	0
3	14
0	4
117	30
2	30
10	36
0	36
0	1
0	1
0	1
0	0
0	0
0	1
0	0
0	14
0	17
0	13
0	17
3	314
14	381
1	297
0	70
82	67
2	67
0	6
0	6339
0	62
0	264
0	6364
1	20
1	6425
0	3747
39	3645
12	358
0	3811
0	6382
0	3736
0	6347
0	0
0	0
0	0
271	453
0	249
0	313
0	312
0	210
0	464
0	203
1	284
0	68
782	1165
0	810
8	432
1	0
0	176
0	167
0	43
0	0
60	48
2	55
1	52
0	53
40	4
64	243
390	396
1	232
0	233
2	270
1	111
17	141
25	104
7	90
1	53
0	63
0	941
17	866
0	934
39	76
1	914
0	76
9	908
0	0
46	13
0	13
3	12
8	992
0	755
0	165
0	86
0	43
0	992
6299	427
0	335
42	215
132	74
2439	1498
5	616
0	882
0	0
0	0
0	0
0	0
0	0
0	0
0	0
0	0
0	9701
52	14516
7	11603
34	6630
51	6831
0	6398
22	4833
0	14540
99	0
31	11845
3	8755
0	4733
6	11824
71	1974
2	5486
0	5380
36	6715
3	1451
0	2955
41	2882
254	0
2	45
0	33
0	40
0	23
0	1
0	842
0	61
0	218
0	860
0	109
0	723
0	12
16	12
0	39
0	844
24	780
2	204
0	60
0	508
0	64
0	8
0	307
0	349
1	503
0	530
0	314
0	463
2	68
1	136
6	77
1	5
2	5
41	24
0	11
13	14
1	0
9	87
19	85
0	2
138	227
0	55
5	94
28	193
0	144
7	119
0	0
0	50
0	50
236	208
0	208
0	3553
242	5880
0	2824
0	4140
1	523
17	4141
2	1008
15	2298
20	1251
172	1781
2518	472
43	102
0	26
0	26
0	0
0	0
20	1345
0	1150
7	280
0	12
0	3
0	9
10	1581
5	1476
0	1770
0	120
8	229
18	618
9	228
542	0
4	0
7	547
31	547
3	11
3	17
2	24
0	85
0	40
0	10
326	297
0	39
0	45
1	297
5	69
2	9
2	53
7	926
0	175
0	915
0	610
0	927
0	889
0	19
9	42
0	77
0	28
0	55
0	6
0	85
0	78
20	0
0	56
0	97
6	9
0	0
0	0
0	0
0	0
0	2
0	1
0	1
3	3
0	0
0	1
0	1
0	0
52	10
0	10
12	0
6	1
0	0
0	0
2256	0
0	5
0	21
0	20
0	9
0	8
0	1
9	2
63	0
0	376
0	1
0	1
0	0
0	1
0	1
83	358
58	0
3	187
2	192
6	178
5	12
0	0
62	70
0	31
2	70
0	6
0	6
0	6
0	2
0	0
0	0
476	0
0	2
1	2
1	60
8	198
0	79
0	199
0	18
0	93
0	91
3	2
7	6
0	93
0	90
0	804
0	775
22	835
0	787
13	857
3	12
0	45
32	65
5	44
6	22
1	2
36	55
44	539
6	539
1	75
0	118
0	0
0	0
0	31
1	442
0	545
0	396
13	6
0	33
1	1
2	0
0	0
0	0
29	222
2	222
45	121
7	45
0	100
0	0
0	3
0	121
0	1
0	1
0	0
0	0
0	0
0	0
0	0
51	34
0	2
11	3
0	1
2	1
0	0
0	0
0	0
0	0
3	6
0	6
0	1
0	0
0	0
0	0
0	0
8	0
0	0
0	0
0	0
0	0
0	42
0	2
0	42
1	1
0	1
0	1
3	116
2	2
72	109
0	76
2	82
0	14
2	41
0	0
0	0
0	0
0	0
0	0
0	0
0	0
0	0
106	0
14	63
0	12
3	7
0	63
10	71
1	6
0	67
0	15
0	19
0	0
0	0
0	0
0	0
0	0
0	0
0	0
0	247
87	231
0	166
1	231
11	10
0	10
0	2
0	2
0	2
0	2
0	1
0	0
0	0
0	2
327	0
0	3
0	2
0	2
12	0
497	444
0	37
0	423
27	1
15	139
2	25
2	139
0	0
0	0
0	0
0	0
0	0
0	0
0	0
0	0
0	0
0	0
10	0
0	4
0	2
0	2
1	1
0	2
0	2
0	2
0	2
0	0
0	0
791	4306
12	985
11	1723
41	3010
19	2268
367	0
0	0
0	0
0	0
1036	1711
5	2161
0	994
76	81
0	1
0	1
0	1
0	0
657	0
1447	2786
2	38
1	5
0	619
0	284
5	324
13	573
2	354
6	929
13	226
11	226
0	31
37	0
43	0
35	3718
168	3656
35	3507
0	458
4	2163
57	2
8	289
258	0
5	548
0	277
0	4
8	0
0	548
75	0
1	8
0	56
0	62
0	0
1	0
2	26
2	13
1	8
0	10
0	55
0	54
0	8
0	4
0	20
0	5
1	1
0	1
0	3
0	6
0	6
0	4
0	0
0	62
0	64
262	1852
7	455
2	506
0	200
11	88
0	75
26	287
75	0
0	0
1	32
412	140
0	0
0	60
15	1
2	78
1	0
0	0
0	0
823	57
0	16
0	15
0	41
0	0
0	0
0	0
0	0
0	0
0	0
0	0
0	0
0	0
0	0
118	4970
0	585
68	241
3015	4959
0	2817
0	2755
580	733
0	647
6	118
0	0
0	63
2	63
3	171
0	41
0	176
0	176
0	182
1	132
0	38
4	33
2	1
0	1
0	181
494	133
4	133
0	0
0	0
0	0
0	0
0	0
0	0
0	0
0	0
97	34
1	42
0	47
0	14
4	104
0	103
0	53
0	84
0	38
0	79
0	47
1	39
1	56
1	22
0	18
0	40
4	4
6	5
0	4
2	0
0	2
0	40
2	85
0	144
0	139
0	135
0	16
0	24
0	23
3	61
8	61
9	37
0	142
0	0
2	1
0	104
4	17
0	43
0	102
1	103
0	95
0	0
0	3
0	7
0	7
0	7
0	0
0	130
0	9
0	44
0	29
0	3
2	4
0	129
1	22
1	18
0	22
0	2
0	0
0	0
0	14
1	15
0	16
0	14
0	0
4	9
2	9
0	7
0	2
49	1075
0	1012
0	1136
0	1
0	1
0	12858
0	12858
0	287
0	299
3	276
3	78
1	117
0	53
4	6
0	33
3	13
1	3
10	0
0	4
0	3
0	4
0	4
0	4
0	4
0	0
0	0
0	0
0	1
4	1
2	33
0	32
0	5
0	0
0	0
0	1
0	1
218	7
10	1
16	7
47	253
0	49
0	27
3	156
0	156
0	133
2	83
0	31
0	31
0	1
0	0
0	0
0	0
0	0
0	1
0	0
2	1
0	122
134	162
0	113
0	128
1	162
0	5
0	44
0	39
0	19
0	155
0	106
0	139
0	157
8	0
12	5
3	25
0	5
0	1
253	269
0	193
0	28
0	108
3	133
4	79
1	19
2	23
0	54
0	0
1	54
0	0
0	0
0	0
0	0
0	0
103	2052
46	2040
12	377
7	305
47	0
154	461
10	149
1	312
6	0
0	0
0	0
0	0
0	198
0	172
5	323
0	303
0	88
0	13
0	18
0	15
2	3925
0	3415
0	3879
2	2268
0	94
0	290
3	3820
102	5776
16	2028
9	3001
0	5285
2	592
967	3260
4	230
1	215
0	449
1	349
4	368
0	405
16	132
3	476
2	775
1771	436
4	527
5	413
0	249
17	412
16	207
0	2
0	2
0	2
2	2
0	2
0	1
0	2
0	1
0	1
0	0
0	0
0	6
0	0
20	59
0	54
0	31
0	25
2	25
0	18
0	20
2	634
0	902
0	882
0	308
7	811
3	140
0	641
3	630
3	499
0	811
0	371
22	128
0	117
37	85
2	49
0	36
0	50
0	37
0	41
0	29
0	27
0	28
0	12
0	0
2	27
1	32
3	18
0	22
0	21
0	5
0	1
7	91
0	0
0	100
0	2
0	99
42	94
0	95
0	19
0	0
0	0
0	0
0	0
0	0
0	0
0	0
0	0
0	0
0	0
0	0
0	0
0	0
0	0
0	3
0	0
0	0
55	0
68	475
1	454
0	466
0	478
0	30
0	10
12	1
0	27
0	3551
0	4153
7	120
0	3505
128	0
0	3743
174	24
19	2498
26	276
101	339
0	690
0	3989
0	0
0	0
0	0
0	0
0	0
0	0
0	0
0	17
0	12
0	17
0	3
0	7
0	14
0	5
0	17
2	12
0	15
0	4
0	1
0	14
5	1222
0	1222
2	1129
0	436
0	144
0	288
0	344
0	392
0	250
4	56
29	75
0	0
0	0
1	0
0	1213
0	0
0	0
0	0
0	0
2012	13539
0	201
1	201
2	201
0	185
0	25
0	26
0	48
2	26
0	26
0	21
0	11
0	0
0	2
0	11
0	6
0	11
208	365
0	354
0	66
2	100
0	1
1	11
0	392
0	18
116	10871
17	8354
73	8661
5	8754
5	10096
5	4899
1	8081
1	5181
3	365
0	55
0	0
0	0
148	59
0	44
21	15
23	0
0	4177
3	16199
28	12126
54	4975
4	12265
54	7057
0	2
0	2
1	0
116	252
0	81
0	53
3	28
0	142
2	50
0	247
28	12
6	225
81	228
1	240
0	42
6	2
45	4
1	3
0	1
4	250
0	174
0	238
0	178
0	194
0	35
7	1
0	199
2526	1611
0	559
0	1138
0	612
0	163
16	228
3	328
4	159
29	48
0	0
0	0
0	0
0	0
0	0
0	0
0	0
0	0
0	0
158	71
0	71
3	1578
4	627
48	1103
123	945
33	912
2	150
0	361
2	63
8	255
1	0
10	64
0	25
0	32
0	19
0	17
0	19
0	7
4	0
71	13
0	13
0	3
0	3
0	3
0	0
11	9
0	9
0	0
0	0
0	0
0	0
0	0
0	0
865	2879
46	1991
0	270
5	148
2	580
1	565
0	299
0	5
2	81
1	16
0	73
0	5
0	5
0	58
0	1
0	4
0	8
0	10
0	58
0	56
0	56
36	198
8	1
13	49
0	65
9	4
4	38
10	13
19	90
16	52
0	0
83	4131
216	4743
0	2087
0	2148
11	1464
12	1117
20	215
11	294
0	165
92	117
1	158
0	119
23	25
0	113
0	104
1	29
22	47
0	104
0	1
0	1
0	1
0	1
0	0
0	0
0	386
0	90
1	474
252	0
0	10
0	11
0	9
0	0
0	1
0	1
0	1
0	11
0	11
0	210
0	1
0	192
0	0
1	202
0	189
0	7
2	0
0	30
0	152
0	69
0	0
1426	510
4	202
4	350
1	350
2	350
0	268
0	216
11	104
0	0
0	0
0	0
0	12
0	3
0	0
0	3
0	0
0	12
0	0
0	0
227	117
6	117
1	18
0	0
0	0
0	0
0	0
0	0
0	0
0	0
0	0
0	0
0	0
0	0
0	0
0	0
0	0
0	0
0	0
0	0
0	0
0	0
0	0
0	0
0	0
189	273
60	273
0	109
0	32
1	120
0	0
0	0
74	2
1	2
12	167
0	1645
3	1529
5	65
5	406
0	396
0	9
0	70
6	248
5	316
1	44
23	68
1	9
0	74
1	9
0	74
0	17
0	72
0	11
0	0
0	0
0	0
0	0
0	0
0	0
0	0
0	0
0	0
0	0
0	0
0	0
2	57
7	61
0	81
0	73
0	21
0	14
0	25
0	0
0	0
0	0
0	0
0	0
0	0
0	0
0	0
0	0
1	268
9	43
1	352
7	388
0	241
3	0
0	152
0	59
24	17
0	0
0	1
0	1
0	1
0	0
0	0
0	0
0	0
0	5
0	1
0	2
0	5
0	5
0	0
0	0
0	0
0	0
0	0
0	0
0	0
80	47
11	47
2	22
27	168
3	168
0	0
0	0
0	0
0	0
0	0
0	0
0	0
0	0
0	2
0	3
0	1
0	0
0	0
11	20
0	20
0	20
0	15
6	18
0	18
0	0
3	12
0	12
294	336
0	319
0	114
0	117
0	248
1	159
4	176
0	121
1	68
19	113
0	16
1	82
0	0
0	0
0	0
0	0
0	0
0	0
0	0
0	0
0	0
0	0
0	0
0	0
0	0
0	0
0	0
8	0
0	0
96	530
3	81
10	76
0	14
0	10
0	10
1	3
0	498
730	585
9	415
2	186
4	72
35	551
27	202
0	6
6	58
0	49
0	121
1	4
1	157
0	25
9	22
53	2477
12	1604
5	1186
0	1232
0	1135
1	796
0	350
5	192
2	236
48	384
1	299
0	0
0	0
0	2
0	2
0	0
0	0
0	0
0	0
0	0
0	23
0	194
0	15
1	135
1	19
1	183
41	1722
21	2685
8	2683
0	279
36	290
0	37
0	32
0	2685
1140	1138
5	619
0	585
0	43
1	996
16	211
3	576
0	0
0	0
0	0
0	0
0	0
8	7971
15	8257
6	5448
50	7028
34	390
5	6004
0	0
0	0
0	0
0	0
0	0
0	0
0	0
0	0
0	0
0	0
0	0
0	0
24	165
34	1667
0	146
1	1674
1	52
3	51
0	196
5	156
90	180
0	14
0	36
0	20
9	111
0	139
1	24
0	120
0	54
2	63
0	80
0	0
0	0
0	0
0	0
198	8
0	8
3	32
0	443
2	1086
55	1114
19	436
0	16
0	169
45	0
124	522
87	380
6	109
1	1095
0	44
5	967
5	956
47	965
7	229
9	10
9	28
7	67
0	0
1	0
0	0
0	0
0	0
0	0
0	0
0	0
0	0
0	327
622	2180
3	2092
17	306
1	445
0	3
0	5
0	0
19	25
0	25
491	619
8	474
0	315
0	87
0	0
0	0
0	532
0	532
0	37
0	50
0	0
4	3
579	417
5	104
0	403
5	312
0	7
140	186
0	186
0	0
0	0
0	23
5	183
2	77
4	23
0	20
0	31
8	87
0	62
0	183
0	285
0	15
0	298
0	43
1	31
1	42
0	162
0	30
0	18
1	0
0	62
0	52
4	1101
27	1103
27	1110
0	222
10	17
64	2
0	63
52	4
0	36
0	0
0	0
0	0
1	180
2	80
0	28
0	155
0	105
0	53
639	2214
47	2215
5	239
17	81
10	93
0	258
1	228
0	70
3	118
0	67
2	304
2	303
0	229
11	6
0	67
0	11
0	0
0	0
0	0
0	365
1	321
0	367
0	365
4	317
0	116
0	145
0	120
2	63
0	68
2	35
1	6
0	370
0	364
2	0
0	0
25	45
2	42
23	18
1	776
15	242
0	763
0	13
0	201
0	47
11	19
16	508
0	1236
0	282
0	27
0	1051
0	826
0	144
0	1
0	0
0	1
2763	0
0	0
0	0
18	2
0	0
0	33
15	36
0	5
0	0
0	5
0	5
0	0
204	0
278	385
8	95
1	283
2	327
5	170
3	56
0	15
4	3
190	333
0	1
6	333
8	31
0	0
0	80
0	64
0	38
0	17
6	5
0	45
745	231
1	217
0	206
0	61
0	77
0	63
0	44
2	5
18	8
0	0
81	1883
2	1184
0	1890
0	92
5	1799
13	33
1	198
0	124
57	256
10	38
5	0
4	535
0	0
377	0
0	0
1	1372
81	151
20	88
2	1353
0	5
0	97
31	1
15	253
23	580
1	597
2	148
0	147
0	80
0	548
0	0
265	232
12	12
12	35
0	118
3	7
36	100
2	117
0	143
0	67
2	66
0	2
0	0
0	2
0	2
0	0
0	0
0	0
0	0
2	0
24	454
23	6
23	42
0	454
0	48
5	27
25	9
1	52
1	38
0	0
0	0
0	0
0	0
0	1121
6	132
2	388
0	312
50	644
0	685
2	84
2	16
0	8
1	182
0	1
0	1
0	1
0	1
0	354
561	550
0	213
0	364
17	4
4	155
0	0
0	0
234	863
81	713
0	4
15	77
0	77
1	75
0	78
0	15
1	7
0	0
0	3
0	0
3	0
0	0
0	0
0	0
0	0
60	374
0	269
0	212
5	14
0	166
0	174
0	165
0	100
0	103
1	100
9	42
791	659
4	583
0	571
21	4259
0	4259
0	726
1	517
11	153
0	0
0	0
0	0
0	0
0	0
2	0
0	0
0	0
0	1
0	0
0	0
0	1
0	1
0	0
0	0
0	0
0	0
0	0
0	0
0	0
0	0
3860	2309
69	447
0	2103
8	558
0	0
0	0
0	0
0	2
0	2
0	2
0	2
0	2
0	2
0	2
0	2
0	2
0	2
0	2
0	2
0	0
0	1
0	1
0	1
0	1
0	1
0	2
0	1
0	1
0	1
0	1
0	1
85	10
0	0
0	10
0	0
58	1
0	1
0	0
0	0
0	0
0	0
0	0
0	0
0	0
0	0
0	0
0	0
379	274
0	26
0	42
0	181
2	44
0	22
0	66
2	38
0	25
0	320
0	13
0	2
0	3
0	2
0	2
24	303
0	311
48	0
0	32
13	299
36	129
68	410
0	1398
44	1354
0	323
1	1199
3	60
49	149
0	4
0	3
0	4
0	2
0	1
1	0
0	4
0	0
0	0
0	0
0	0
37	893
0	3510
0	225
0	2684
12	54
14	206
2	608
0	571
0	565
0	27
6	33
0	101
107	101
0	5
0	5
0	24
0	2
2	182
2	182
0	19
2	12
0	0
0	0
46	0
12	210
231	360
15	210
0	79
43	150
8	50
311	4705
4	158
0	205
4	92
1	4510
0	125
5	191
53	70
1	237
4	636
1	248
0	472
6	77
1	184
0	0
0	0
0	0
0	0
0	0
0	0
5	796
1	574
4	715
0	601
1	531
3	213
1	60
0	0
0	0
0	0
0	0
0	0
0	0
180	369
29	369
0	5
0	5
141	230
646	177
108	230
1	23
0	105
0	112
0	0
1058	3019
0	2292
19	67
3	292
11	107
0	183
7	288
2	166
23	577
0	5
0	3
0	1
0	36
6	50
0	83
0	2
0	80
0	66
0	19
8	27
0	8
0	9
7	25
0	0
0	20
1	19
0	4
0	17
0	3
0	5
2	0
1	812
3	268
1	431
4	62
2	207
259	1188
0	1094
0	0
0	725
2	724
0	139
0	186
0	121
0	127
1	89
0	21
0	10
0	97
0	0
0	0
0	0
0	5
4	147
6	142
3	146
0	8
0	0
0	0
0	0
0	0
0	0
68	18
5	0
0	18
0	14
0	1
0	17
0	16
0	9
0	224
0	0
0	1668
3	1125
1116	1668
7	53
0	32
1	199
2	208
127	23
490	0
0	0
0	0
0	1245
0	190
0	338
0	914
0	697
0	820
14	426
0	386
11	252
8	26
0	82
1	242
4	72
0	219
0	110
4	138
0	55
0	81
0	48
4	13
4	30
0	48
0	33
6	44
0	5
0	5
0	4
0	1
0	0
0	0
0	0
0	1
0	0
0	1
0	0
0	0
0	1
0	1
0	1
0	1
56	568
0	562
4	64
0	11
0	4
0	5
0	106
0	84
1	91
3	92
0	0
0	0
885	1195
40	968
9	154
4	227
0	0
0	0
0	0
0	0
0	0
0	0
0	0
0	0
0	0
0	0
0	0
0	0
0	0
0	83
357	2671
0	2777
0	3147
39	2619
0	2322
15	376
0	1210
0	3057
47	666
0	595
0	13
6	585
4	454
24	486
30	115
0	0
0	0
0	0
0	0
0	0
10	1792
4	181
38	395
3	1377
1	1618
0	1617
14	105
0	211
0	41
11	111
241	35
0	6
1	29
0	0
47	56
3	56
0	308
2	45
0	76
0	25
1	226
1	201
0	6
1	35
0	0
0	0
0	0
0	0
0	0
0	1
0	0
0	1
11	0
0	2
0	1
0	0
8	492
9	210
0	0
0	179
0	473
0	74
0	0
0	0
0	0
0	0
1	0
0	0
0	1316
227	1
2266	1496
47	271
80	472
35	225
38	154
39	138
12	377
161	270
32	270
0	0
59	459
1	459
0	0
0	0
0	0
0	0
0	229
0	229
0	229
55	4
0	4
0	1
0	1
0	1
0	1
0	1
0	1
0	0
0	191
5	190
0	95
0	74
0	30
0	106
0	45
84	178
0	178
1	91
0	0
0	3
0	7
0	7
0	7
0	0
0	1
0	0
0	2
0	2
0	0
0	0
0	0
0	0
0	0
0	0
0	381
416	384
10	383
5	778
0	775
0	505
0	405
4	185
0	134
0	120
0	108
0	0
0	0
2	216
0	260
0	262
5	49
10	8
0	247
0	0
0	2
0	2
0	2
0	4
0	4
0	2
0	2
0	0
0	0
2	789
40	459
3	627
3	1520
0	454
10	1505
1	1027
0	57
20	90
0	76
25	30
0	14
10	74
0	0
0	0
0	0
0	0
0	0
4	350
3	136
3	19
7	1175
0	2126
14	2112
3	125
0	172
0	468
118	203
6	173
8	205
7	522
5	141
181	8299
40	7460
0	8281
0	7682
2789	8258
36	1271
29	968
0	660
8897	957
0	248
0	243
7	0
2	60
65	60
8	796
2	141
30	1
18	101
0	1048
7	11
0	18
0	542
0	1045
0	0
51	30
7	30
8	6
0	5
0	1
0	0
0	500
28	500
0	8
0	8
0	8
0	2
0	10
0	10
0	10
0	10
0	0
0	4
0	0
0	0
1	0
0	0
132	212
3	145
0	71
3	264
0	264
0	171
0	168
1	0
0	146
0	77
2	82
0	264
0	0
0	0
0	49
57	261
0	261
7	40
9	32
1	29
3	103
0	0
0	587
0	560
0	398
17	264
15	587
0	0
0	0
0	8
8	504
0	14
0	67
0	47
0	498
28	14
0	0
2	17
0	14
0	13
2	14
0	19
0	17
1	7
57	201
0	201
0	0
0	0
19	534
12	741
0	746
3	505
0	521
0	262
2	877
0	114
8	827
3	123
1	493
0	267
0	76
2	74
0	0
0	0
0	2
0	2
0	0
0	0
0	0
10	69
6	69
0	69
9	67
0	35
3	14
2	14
0	6
0	2
0	2
8	2
0	597
0	332
0	562
0	542
28	511
0	197
0	201
0	92
0	632
0	0
0	0
0	0
0	1
0	1
0	1
0	0
0	0
78	535
3	427
1	118
0	79
0	108
0	0
0	0
0	0
0	200
0	209
4	195
0	255
2	257
0	23
0	209
2	23
0	200
0	251
0	243
0	266
0	130
0	27
0	200
0	17
0	14
3	237
0	0
11	226
0	8
1	222
0	15
0	13
0	251
1	248
0	121
14	53
0	31
0	13
10	1094
4	13
0	7
57	998
8	84
13	27
0	9
1	30
8	1023
95	712
0	530
6	587
0	0
2163	792
64	792
1	570
323	89
0	34
4	39
9	27
0	596
7	653
0	204
1	82
2	57
0	106
0	60
4	164
2	136
3	52
553	1030
3	282
1	298
4	506
0	148
0	684
6	313
14	342
0	30
0	113
0	113
0	115
3	87
0	97
0	42
0	92
0	89
0	77
0	35
0	35
642	418
0	215
0	203
4	85
0	0
0	0
0	0
0	0
0	25
0	32
1	11
0	8
0	6
0	3
0	1004
24	1209
0	0
0	0
0	0
10	139
0	199
1	1997
19	6
0	34
0	2001
0	146
0	2001
187	23
1	61
0	57
0	21
0	11
1	5
3	12
9	9
0	9
0	0
91	329
149	620
0	240
3	562
0	396
0	115
0	83
7	150
0	135
2	137
0	23
2	107
0	18
0	0
98	150
6	150
138	263
1	25
7	238
2	9
0	9
0	4
0	4
0	0
0	0
26	0
0	66
0	79
0	77
0	80
1	78
1	69
0	53
3	22
0	2
0	31
2414	1483
8	40
2	278
1	275
2	304
0	313
0	267
0	3
0	1
0	2
0	0
0	1
0	0
0	0
0	0
0	936
0	937
1	925
0	22
0	315
2	115
0	2
0	0
0	377
7	5
0	5
2	22
1	114
1	90
0	12
0	2
4	6
0	29
0	43
0	3
0	10
2	3
0	10
0	20
1	7
0	17
1	25
0	54
0	10
0	47
0	3
0	29
4	36
0	39
3	12
0	9
1	24
3	30
0	96
501	862
0	862
0	0
1757	0
3	432
0	424
0	185
1	92
2	134
8	374
100	8
45	14246
0	0
0	33
0	0
0	33
0	0
0	27
0	21
0	0
0	0
0	27
0	33
1	0
3	643
0	686
29	0
0	282
0	223
0	45
0	9
0	284
0	240
10	49
1	58
0	256
9	197
1	59
0	64
2	25
18	411
5	361
4	233
0	163
0	61
1	0
16	622
46	713
9	127
1	310
0	205
11	36
2	32
0	4
8	84
0	310
0	131
0	196
0	199
1	37
0	50
0	26
0	25
5	14
3	14
0	204
0	131
0	1
0	2
0	180
29	24
0	25
3	174
7	202
1	47
0	83
0	179
0	32
0	34
0	37
0	63
0	61
0	64
0	17
8	37
0	63
1	85
1	56
0	70
72	0
0	332
0	332
0	306
0	39
13	288
0	54
0	69
1	64
1	12
0	37
2	19
0	1369
10	1319
0	850
2	403
0	22
0	327
115	174
5	174
3	12
6	776
0	846
8	812
68	85
0	0
0	0
0	1
2	49
0	30
0	47
0	7
0	11
0	5
0	9
0	14
0	12
0	18
0	0
0	0
0	13
0	8
0	12
0	13
0	4
3	13
0	12
1	9
0	9
1	7
0	1
1	0
0	1
11	0
0	0
0	0
20	368
12	95
0	329
0	329
1	366
0	366
6	0
0	4
0	0
1	4
0	0
7	19
0	19
0	2
14	16
5	26
0	16
0	5
0	7
1	10
2	4
0	0
4	0
264	241
0	115
0	86
1	66
1	646
0	533
0	203
0	646
0	1
0	1
0	3
0	0
0	0
0	0
0	0
0	0
0	0
0	4
0	4
0	4
0	0
0	3
0	0
0	1
0	1
0	0
0	0
0	2037
147	1183
0	1912
0	2068
1	1067
0	873
0	1023
0	1020
0	968
17	1252
0	385
0	289
425	163
2	82
0	81
4	39
0	29
2	34
0	28
2	7
0	7
5	360
1	361
18	351
0	289
0	8
740	552
0	142
0	136
0	476
4	413
4	45
0	25
0	105
0	99
0	22
0	28
51	12
0	3
0	11
12	0
2652	1108
14	925
15	391
1	1292
51	48
525	4692
2	202
5	319
0	4692
1	4
0	4
0	4
0	4
0	4
0	4
0	4
0	4
0	0
0	0
0	0
0	0
0	0
0	0
0	0
1	0
0	0
0	0
0	113
17	134
13	200
11	85
0	202
0	188
4	1001
1	1003
5	244
1	39
10	97
0	215
0	176
0	2
28	27
0	0
0	0
3442	998
38	644
0	220
80	37
0	162
9	160
13	628
0	142
6	582
0	297
4	168
0	374
1	423
0	200
1	546
117	546
26	4
1	219
0	104
3	3197
0	1401
104	39
0	595
12	716
15	1160
0	17
0	715
0	3050
0	848
0	0
2840	1641
21	1632
3	12
16	465
1859	17763
95	17639
0	950
8	2007
21	1204
16	1150
6	1200
8	1913
13	3641
3	1701
3	2562
2	1630
36	420
19	276
0	1
6	2
0	2
0	0
0	0
0	0
0	0
8697	0
6	450
1	1242
3	143
48	42
10	803
1	180
0	355
1	83
0	36
8	72
0	50
1	18
0	1
1	6
14	15
0	7
0	10
0	4
0	4
0	6
0	9
2	3
0	1
0	1
0	1
0	0
0	0
0	0
0	0
393	1021
0	1046
8	433
0	1
0	403
5	356
0	52
0	157
0	0
0	0
0	0
0	0
0	0
102	2655
16	2731
1	1976
0	212
0	329
22	207
0	18
0	18
0	1
0	3
0	2
0	9
0	56
7	1416
0	0
0	0
0	0
0	0
0	0
0	0
0	0
0	0
0	0
0	0
0	0
0	0
0	0
0	0
0	0
0	0
678	3141
9	1328
9	1164
0	1662
0	202
14	126
0	13
616	1199
0	1067
17	513
0	404
0	109
0	260
5	182
872	98
0	91
0	50
1	79
36	6
173	346
1	285
1	285
8	20
0	20
0	0
0	20
0	4
23	592
21	540
0	562
11	296
0	9
2	117
2	393
28	2
72	0
133	18
0	123
0	123
0	123
3	0
192	587
0	228
2	522
0	196
1	587
0	45
3	1
0	1
5	5
0	5
0	0
0	0
0	0
0	0
0	2176
15	2442
0	2336
0	2213
0	2789
9	276
6	1196
0	262
0	278
0	2376
50	2185
2	2414
0	110
2	152
0	152
0	152
4	7
11	35
4	17
1	27
2	23
96	1244
30	1227
0	1203
5	166
0	61
12	331
0	38
0	208
0	214
1	215
2	215
0	193
0	118
1	71
3	38
0	61
3	32
51	281
0	281
4	269
1	132
0	99
0	14
24	10
21	0
0	2
0	2
0	2
0	0
0	0
0	0
23	355
20	353
0	77
0	25
0	36
21	0
3	1370
2	1638
7	1290
63	0
0	1300
7	185
5	5
0	159
0	156
1	106
4	106
0	0
0	0
52	623
22	623
32	22
0	127
8	1
0	62
0	0
0	0
0	0
0	0
0	0
0	0
8	1196
13	1337
0	1350
25	1
7	673
6	1386
613	912
10	63
1	616
0	492
71	15
15	15
1	6
10	5
0	1
11	689
8	323
2	390
9	211
27	253
0	9
0	6
0	6
0	3
0	0
0	0
0	0
8	1
0	1
0	794
18	757
0	626
0	508
0	410
31	345
0	67
0	72
1	106
2	27
3	0
33	19
0	5
10	14
10	717
567	300
6	274
9	24
2	90
0	12
4	28
0	9
6	12
0	7
0	1
2	0
0	1
0	23
0	27
0	21
0	15
0	0
0	0
0	0
0	2
0	2
0	2
0	1
0	2
74	0
0	0
0	0
0	55
2	60
0	60
0	54
0	8
0	0
0	0
0	7
1	9
0	14
0	55
0	171
0	171
3	170
0	120
0	120
0	117
1	63
0	91
0	70
0	13
11	848
62	847
17	9
20	3
6	0
0	3
3	17
0	0
1	9
0	3
0	5
0	0
0	0
551	0
0	0
0	25
0	8
0	1
0	0
0	0
0	0
0	25
0	0
0	0
0	0
0	0
0	0
0	0
0	0
0	0
18	1
2	1
0	0
0	0
0	384
0	408
1	26
1	142
0	394
0	0
0	1
0	22
0	0
0	19
0	22
0	14
1	3
0	15
2	22
0	13
0	10
0	7
0	7
3	12
0	7
1	3
0	3
0	2
1	0
435	464
8	419
0	20
0	82
4	20
9	121
0	39
0	0
0	0
0	6
0	1
0	1
0	1
0	6
5	10
445	10
241	129
0	69
0	48
0	29
1	37
0	17
0	35
0	10
1005	1099
1	162
0	264
0	73
12	34
0	274
1	496
0	446
27	14
0	355
401	542
38	500
0	531
0	103
2	103
0	40
0	0
0	0
0	3
0	8
3	8
0	8
0	0
2	3
0	28
0	27
0	28
1	1
2	12
1	0
0	0
0	42
12	42
41	167
0	32
9	167
10	38
0	38
0	34
0	30
1	13
1	6
0	1
0	2662
180	2659
5	329
7	317
34	232
0	0
0	0
0	0
0	0
0	0
0	0
0	0
0	0
75	241
0	219
0	226
2	211
0	31
3	12
0	0
0	0
0	0
0	5
0	6
1	6
0	8
8006	814
1	275
0	374
0	0
2	607
0	607
7	593
69	19
1	1
0	19
0	14
0	4
0	7
0	5
0	2
19	2
114	390
0	327
11	310
0	337
0	386
9	361
0	361
2	368
13	40
0	27
0	63
0	54
0	43
0	320
2	0
0	1
0	2
0	2
0	2
0	0
1	0
0	0
0	0
0	2
6	185
14	185
0	15
0	51
10	175
3	215
17	115
8	182
0	174
0	209
0	192
0	213
0	184
0	203
0	53
0	35
0	28
0	26
0	12
0	12
0	0
0	0
15	0
13	0
0	132
0	132
1	45
1	30
1	56
0	0
0	0
0	132
55	0
0	0
0	0
0	0
0	0
117	96
0	87
0	96
3	80
7	0
0	0
0	0
0	0
0	0
0	0
0	0
0	0
0	0
0	0
0	0
0	0
284	0
0	1
0	0
0	1
0	1
0	0
0	0
0	0
1	0
0	0
0	0
0	0
0	0
186	52
4	5
1	48
874	624
12	623
0	216
468	1346
82	1329
1	433
10	322
1	959
9	966
0	1048
0	967
1	254
48	0
2	71
4	215
71	0
2	143
0	1330
0	1316
0	0
0	0
106	545
6	526
20	113
0	135
0	124
8	87
0	129
0	0
0	0
0	0
0	0
0	0
0	0
118	209
3	30
2	19
10	186
0	143
63	342
0	152
2	296
0	280
0	47
0	4
0	6
0	0
0	6
0	4
1	0
0	1
0	1
1	1
0	6
2	705
0	5
6	217
0	23
0	718
1	54
0	100
42	523
1	711
8	21
6	21
0	15
3	72
0	60
0	26
2	49
0	109
2	123
1	71
0	709
0	0
1	0
0	0
0	0
0	0
0	0
0	185
0	185
1	185
0	5
0	0
0	4
0	0
0	0
0	0
0	4
0	0
2	10907
5	0
0	0
3	11497
1768	11924
16	2209
0	11537
27	2598
0	8537
0	8562
925	138
0	136
0	140
2	101
41	158
0	158
0	147
0	7
0	1
0	39
0	0
0	0
3	319
0	82
4	308
0	50
0	46
0	312
0	0
24	312
1649	981
0	222
0	508
6	158
0	981
0	2
0	2
0	0
0	1
0	1
42	2803
0	2824
3	230
0	428
9	85
2	1012
0	2787
5	0
181	1345
7	110
0	1345
0	0
1	323
694	1227
0	589
12	75
24	14
22	181
0	92
2	423
0	226
0	388
2	11
466	333
4	130
9	82
0	112
4	23
2	37
102	4
0	53
95	842
4	127
4	710
0	282
2	84
0	187
0	59
0	158
8	66
25	1494
9	37
0	22
0	1493
0	467
0	107
93	572
2	47
0	70
1	10
0	36
0	53
21	6
58	402
0	418
0	197
0	209
0	193
0	151
0	40
0	38
4	23
79	9
5	125
0	20
2	21
3	57
0	125
0	0
0	0
0	0
0	68
0	68
4	2770
0	242
565	4119
4	486
0	256
2	727
0	21
0	1322
368	13
9	496
5	3666
659	1984
0	280
104	103
62	125
0	41
7	471
31	591
1	729
7	635
3	377
1	73
0	17
0	744
21	5068
0	5159
9	899
4	2339
29	769
0	4873
4	1483
9	1514
0	5084
1	741
0	646
0	201
0	741
285	5
2	5
187	521
1	502
6	288
1	44
0	0
0	0
0	0
1	1
0	1
0	0
0	0
0	0
26	19
1	19
66	122
0	120
0	12
0	97
11	1
2	102
1	96
0	5
7	12
4	5
236	660
4	534
9	463
0	76
0	22
7	24
1	23
4	43
0	0
0	0
0	0
0	0
0	0
0	0
0	0
0	0
3	7
0	7
0	0
0	0
0	0
0	0
0	0
0	0
1132	0
0	0
0	0
23	1344
35	1575
0	1435
0	1110
77	1012
1	1012
1	306
57	114
84	57
0	0
0	0
0	0
1	18
0	4
0	14
0	18
0	16
0	16
0	16
0	15
0	16
0	16
0	16
0	16
0	16
0	16
0	16
0	15
0	15
0	15
0	15
0	0
0	0
0	1
0	16
0	16
0	17
0	17
0	71
0	73
7	23
0	71
0	16
1	6
0	0
0	0
1	379
0	379
7	14
0	127
6	15
0	83
4	91
12	116
2	64
0	112
0	69
2	37
11	37
0	20
0	3
18	0
55	16
0	0
0	0
0	0
0	0
0	0
1	0
0	41
0	14
0	1
1	20
0	42
0	145
0	124
15	92
59	198
613	1977
109	767
0	644
36	1253
0	1139
0	543
11	504
0	143
20	885
2	530
4	757
90	251
196	401
0	38
0	222
8	169
14	1617
9	1617
2	28
8	74
2	64
0	98
0	1182
28	43
6	72
3	0
0	0
3	0
0	0
0	0
0	0
0	0
0	0
0	0
0	0
312	1827
0	547
2	1280
2	1155
17	0
1	11
0	13
0	11
0	2
0	10
0	3
0	3
864	0
10	48
0	48
2	5
2	14
1	7
4	0
0	0
0	0
0	0
0	0
0	724
1	599
2	199
0	355
2	226
226	0
0	5
241	106
0	106
2	11
4	2
0	0
0	2
0	0
0	0
0	0
0	0
0	0
0	0
0	0
0	23
0	17
0	16
0	10
0	2
5	0
0	0
0	0
0	0
4	23
0	43
0	43
0	44
0	43
0	0
2	0
0	0
0	0
0	2
11	204
7	204
2	8
3	19
2	63
0	137
0	145
0	156
0	23
33	163
1	141
7	53
4	126
4	114
0	21
2	45
0	23
0	0
40	46
0	0
0	0
0	0
0	0
0	0
0	0
0	0
0	3
0	3
0	0
0	0
0	8
0	2
0	4
0	6
0	2
0	1
0	16
0	16
0	16
1	12
0	0
0	0
0	0
0	0
0	0
3	0
0	0
0	0
0	0
0	0
0	0
0	0
0	0
0	0
0	0
0	0
0	31
0	29
2	30
389	525
1	38
59	186
0	49
9	137
4	36
0	24
5	13
6	0
0	3
0	0
0	3
0	0
0	0
0	3
0	5
128	279
7	21
0	242
13	197
0	8
0	14
12	13
26	49
1	49
0	2329
0	8
0	0
0	8
0	0
0	0
0	0
0	2067
0	431
60	148
3	1925
3	636
0	554
3	33
65	512
0	66
0	204
1	90
18	39
0	6
0	129
90	140
0	22
0	18
0	9
0	5
0	70
67	1
2	0
12	0
0	0
0	0
0	0
2	3
0	48
2	14
0	13
0	8
0	9
0	8
0	38
0	40
0	4
0	12
0	48
0	0
0	0
0	0
0	140
0	138
3	138
1	112
0	142
0	79
0	124
0	22
0	4
1	8
0	122
0	6
0	9
1	27
0	3
0	27
0	0
0	0
0	0
0	0
0	0
0	0
1045	179
5	8
0	171
4	115
0	61
144	422
0	435
9	431
0	357
1	64
0	111
0	119
1	100
1	293
0	3
0	158
0	75
0	37
23	53
0	0
127	0
0	0
0	0
0	0
0	0
0	0
0	0
5213	2086
1	1686
9	786
0	0
0	4
0	2
0	4
0	4
0	2
0	2
0	2
0	3
0	2
0	2
0	0
0	0
0	0
0	0
0	0
0	0
215	37
23	0
2	4
4	33
0	0
0	0
20	31
0	6
0	27
0	30
422	204
0	204
0	3
0	3
0	0
0	1
0	0
1646	0
47	0
45	1350
0	1296
0	765
0	54
1	209
0	101
7	12
0	126
1	72
0	321
0	839
0	542
0	810
0	801
4	51
0	0
0	20
0	27
0	22
1	94
0	94
0	12
0	0
0	2
2	6
0	52
3	1
0	0
0	0
36	1484
32	1194
1	1366
0	96
38	16
0	16
35	3337
0	3389
2	1019
0	1178
0	1148
0	1150
0	0
8	163
2	92
231	151
0	0
0	0
0	0
4	59
1	54
0	0
0	59
0	501
1	79
0	493
0	463
2	430
0	485
0	59
0	444
0	20
0	20
0	23
0	5
0	0
0	25
0	25
0	7
0	5
18	7
0	2
0	2
0	3
1	20
0	19
0	20
0	6
0	7
0	5
0	7
0	5
0	1
841	120
0	99
40	24
3	23
8	19
0	23
0	6
0	11
0	0
0	0
0	0
2	3
0	13
0	0
0	0
0	0
0	0
0	0
0	0
0	4905
11	2271
0	4861
0	1199
117	4684
0	2273
0	4560
26	912
25	544
16	1794
112	111
0	859
0	4905
1	20
0	11
128	175
0	166
0	120
0	84
0	2
0	0
15	5
0	2467
4	319
0	27
9	2446
2	493
0	380
0	285
2	203
5	53
3	162
2	507
0	0
0	0
0	0
0	0
1	59
0	62
0	65
0	11
0	21
0	20
0	59
11	59
25	35
0	35
0	30
0	0
0	5
0	6
0	6
1	0
0	0
0	0
0	0
0	0
0	0
0	0
0	0
0	0
0	0
0	0
0	0
0	0
0	32
0	7
0	31
0	3
0	4
0	9
0	6
2	0
0	0
0	0
554	931
29	417
13	514
7	930
1	862
1	897
18	150
0	150
0	5
0	87
1	1
5	597
0	88
2	0
0	71
0	576
1	65
0	105
0	77
0	111
1	42
4	158
0	89
0	0
1	0
0	0
0	0
0	0
0	0
0	1
0	1
2	0
0	47
0	24
0	9
160	56
1	44
0	0
0	0
44	169
0	62
0	160
58	575
14	575
249	116
61	116
8	496
0	460
5	39
0	168
0	24
16	14
0	11
3	11
0	0
0	29
5	25
0	20
2	0
14	1714
0	1703
0	859
15	18
0	161
0	214
0	174
2	48
3	18
58	792
10	22
0	41
1	29
8	40
92	18
72	4
4	178
20	178
0	164
0	123
0	43
5	12
0	10
0	3
0	1
4	3
0	0
0	1020
7	1020
3	928
2	196
0	377
0	452
0	522
0	505
26	390
0	0
0	0
0	0
0	1
0	1
0	1
0	0
0	1
0	6
0	0
0	1
0	0
0	2
0	6
147	1099
44	1060
2	67
74	70
0	45
1	0
0	1
0	0
0	0
0	0
0	0
0	0
0	1
943	1120
5	210
0	443
23	10
0	2041
0	2442
0	2446
3	296
0	2264
0	1948
5	1326
0	1940
1	0
0	477
4	1048
25	525
0	70
0	2234
3	214
0	292
0	282
0	0
0	0
0	0
0	0
0	0
577	130
0	33
0	97
0	26
0	0
0	0
0	0
0	0
0	0
0	409
428	408
26	1
38	679
1	1542
3	1551
0	1525
47	835
3	1160
4	1251
8	2147
0	2293
28	798
0	708
0	736
77	744
2	489
8	298
0	166
0	155
38	0
106	934
174	934
5	189
0	194
2	35
0	0
3	0
0	0
0	0
0	3
0	3
0	3
0	3
0	3
0	3
0	3
0	0
0	0
0	144
0	144
6	0
0	53
0	83
2	63
0	79
0	42
0	76
0	21
2	11
878	845
43	0
46	302
0	849
0	33
230	280
0	280
18	115
0	90
0	69
0	67
0	62
0	32
0	53
0	32
0	42
0	54
0	1
0	0
0	0
1	0
1	0
0	0
0	0
0	52
63	52
0	0
0	0
0	0
0	0
0	0
0	0
0	0
0	0
2	0
550	367
5	367
1442	0
44	212
102	210
1	10
52	2
0	0
0	0
73	674
2	562
3	126
0	0
0	0
0	0
153	0
125	38
0	26
2	13
0	19
0	0
0	0
0	0
1	12
0	12
0	324
0	322
5	138
0	133
0	21
23	113
0	0
0	0
0	0
0	0
0	0
0	0
0	0
797	2819
40	249
17	111
53	162
11	2275
1	215
13	35
5	233
4	159
9	177
6	77
0	0
32	69
35	594
27	7
41	592
0	142
5	39
0	21
0	39
17	287
0	287
1474	1809
411	2188
83	2188
48	601
7	1035
1	632
1	0
0	0
0	0
0	0
2	105
2	100
0	39
0	105
0	105
0	33
0	2
0	20
0	2
5	2
0	475
1	43
0	62
0	66
0	27
0	83
11	0
0	93
0	48
30	81
3	76
0	61
0	43
0	37
0	14
0	9
0	468
7621	17515
6	2998
0	17515
4	79
3	58
1	63
0	55
6	0
4	6
0	0
84	0
10	363
180	401
0	261
0	3
0	127
0	64
5	19
1	2
0	7
0	0
0	0
0	212
0	219
0	233
0	175
2	169
1	5
1	45
3	17
0	59
0	42
0	26
22	3
0	175
0	10
2	30
0	174
0	10
0	174
0	13
0	0
0	0
0	0
0	0
1	3377
61	830
0	3380
0	1275
0	933
5	214
0	0
0	1
0	4
0	3
1	2
0	1
0	2
0	0
1	0
0	0
0	0
0	0
0	0
0	475
22	432
0	410
0	378
2	249
0	325
0	219
0	244
2	182
0	88
0	23
2	133
0	113
0	43
0	0
0	0
0	0
0	0
0	0
0	0
0	0
0	0
682	3566
4	3560
2	455
1	590
13	548
19	150
7	2
0	0
1	2
2	9
0	22
0	22
4	6
0	6
0	16
0	4
0	32
0	2
0	3
0	31
8	35
3	11
0	12
0	12
0	4
2	11
0	9
0	9
0	0
0	0
0	89
0	0
0	0
0	0
5	38
0	69
0	261
3	66
0	265
0	94
0	17
1	22
0	56
26	968
0	824
0	952
0	61
7	3
0	67
0	69
0	12
0	1
0	1
0	1
6	2327
0	948
0	2453
16	2378
0	807
8	2080
42	146
2	170
4	53
2	42
0	12
3	0
0	0
0	5
0	5
0	0
0	0
0	0
0	5
0	5
0	5
1	6
0	6
0	2
0	2
0	3
28	820
17	102
25	333
0	763
0	48
0	820
586	132
0	31
3	58
8	60
0	0
0	0
0	0
0	0
0	0
0	0
1	74
0	93
0	42
2	7
0	24
0	14
0	34
2	25
0	19
0	19
0	16
0	16
14	9
0	49
18	431
0	304
0	54
0	431
0	0
217	930
79	8
2	442
104	1198
24	344
7	279
0	444
1	402
30	232
1	232
50	214
23	219
0	0
0	0
3	98
0	62
5	45
0	41
0	16
0	29
0	36
0	0
0	125
0	121
4	103
0	124
0	17
0	119
0	123
2	106
0	3
5	1
0	22
1	28
1	2
0	135
0	91
0	97
7	134
0	8
0	44
0	28
0	5
0	0
8	139
0	397
0	322
226	32
4	32
0	6
0	0
0	0
0	0
0	0
0	0
0	0
0	0
11	0
0	0
0	0
7	404
0	187
0	29
0	37
0	184
376	722
0	710
0	201
2	500
17	538
0	0
0	7
1	1
1	2
3251	18
74	5
1	0
0	0
0	0
0	0
1	138
457	138
0	478
5	449
15	175
560	3583
36	3561
86	879
21	1067
71	253
5	253
9	119
0	0
0	1
0	1
0	1
0	0
0	0
64	113
0	110
1	7
106	2898
1	2599
4	2605
1	2566
0	1394
40	10
6	2418
4	719
0	582
2225	771
62	244
0	346
0	161
0	145
1	143
9	43
0	180
0	128
0	59
272	235
41	171
0	31
0	1
0	26
1	20
0	20
0	44
159	17
0	4
0	13
0	0
0	3
0	0
0	2
0	3
0	2
0	67
2	67
0	61
14	2
0	79
0	70
0	84
0	74
6	3
0	81
4	4
0	51
2	75
3	12
0	27
0	22
2	43
0	7
0	20
3	1468
0	1496
0	1401
1	1433
7	0
0	0
42	82
0	182
23	1345
0	87
0	1503
0	283
0	108
9	352
0	639
21	135
1	44
1	136
2	265
0	0
0	0
0	0
0	0
0	0
0	0
0	0
1	0
128	203
0	166
0	175
0	74
0	42
1	55
0	695
0	720
16	526
0	699
0	656
0	702
0	699
2	677
4	91
1	110
0	176
0	106
0	195
0	158
0	85
0	43
1	45
7	0
0	0
0	34
1	61
0	71
0	23
0	34
0	53
0	21
0	0
0	16
0	8
0	16
3	478
28	457
0	179
2	432
0	362
3	18
0	60
844	0
466	314
0	273
1	198
0	112
0	5
0	5
0	5
0	1
1	5
0	5
0	0
0	0
0	0
0	0
0	0
0	4
0	4
0	1
0	2
0	2
1	1
1	0
0	2
472	158
1	158
0	0
0	0
0	0
0	0
0	0
1	74
0	1
0	74
0	28
0	1171
1	213
5	1081
0	1175
0	128
6	77
0	89
16	197
5	119
2	20
0	196
0	193
1	177
9	190
0	96
0	67
0	48
0	47
0	26
1	7
1	76
31	386
0	291
4	212
0	72
7	256
37	1147
1	891
0	19
1	0
0	0
0	0
0	0
0	2702
1092	5970
18	2212
26	710
0	1682
6	543
2	1009
0	898
7	580
2	1290
668	0
0	0
0	0
0	0
0	0
0	0
0	0
0	0
0	0
5	157
0	24
0	162
0	67
0	19
1	60
3	529
0	521
1	501
16	263
5	221
9	198
0	119
0	36
14	36
43	195
0	188
0	189
1	89
0	168
0	33
4	17
1	0
1	9
2	31
0	79
0	100
426	263
0	263
139	63
1	58
1	45
48	50
0	0
0	0
0	0
0	0
0	0
1	161
0	86
102	163
11	3
0	82
0	58
131	1759
1	1408
15	0
0	134
13	366
2	346
0	101
14	218
6	131
12	2
4	1
0	0
0	0
0	1
112	2122
0	1293
0	2104
0	1918
0	1980
0	2104
0	2104
29	1022
0	506
10	210
0	0
11	1350
40	330
394	1834
8	2048
0	134
0	0
28	737
0	4
0	1
0	1
0	1
2	1
0	1
1	0
88	80
0	1
0	0
0	1
0	0
0	0
0	1
0	0
0	1
0	1
0	1
0	0
0	0
0	0
42	26
0	18
0	24
1	0
5	0
0	0
0	0
0	0
21	42
0	42
0	0
0	0
0	0
0	0
0	0
0	0
2	1
0	0
0	0
0	0
79	28
0	24
2	17
22	1170
62	704
0	1194
1	879
4	86
35	155
0	157
0	394
23	165
6	42
24	210
0	0
0	0
14	0
1	362
0	466
0	238
14	341
9	59
1	174
2	153
75	41
0	1895
0	2083
2	339
1	247
0	95
52	2294
5	189
0	70
2	57
2	335
15	27
0	25
0	27
0	26
0	2270
1	0
0	0
6	111
0	102
0	10
1	0
0	114
0	2
0	2
0	190
0	361
0	317
0	1301
0	1329
1	1282
0	89
0	921
2	120
0	140
0	203
0	178
1	235
1	129
4	208
0	174
0	19
1	92
1	113
3	58
0	0
0	0
0	0
0	0
0	0
0	0
0	0
0	0
0	0
0	0
0	0
2	0
0	0
0	0
0	0
0	229
0	230
0	39
0	64
1	82
0	59
0	73
808	1180
31	1133
1	171
0	186
14	1
506	655
32	476
0	154
0	137
6	31
29	13
1	295
6	309
0	35
4	14
0	7111
7	6865
0	6916
0	2559
0	1971
0	2062
16	1653
46	123
54	6872
0	0
401	2
0	1416
5	2462
19	39
5	79
6	2702
44	149
194	111
0	109
1	51
9	86
9	36
0	13
0	9
184	0
0	23
0	23
0	0
0	0
0	0
0	686
1	0
0	96
186	1497
168	849
0	864
19	141
41	0
1	36
0	36
0	22
0	0
0	4
0	23
0	13
0	7
0	1
0	0
1	0
0	0
1	23
0	23
0	10
0	0
0	0
0	972
0	992
7	106
2	767
6	343
0	500
0	685
56	313
3	2
0	2
0	1441
4	113
0	12
0	5
0	23
0	58
2	1
1	16
0	57
0	24
0	54
6	60
1	2
0	0
0	0
0	57
0	5
5	1506
1	1494
0	366
2	328
0	311
2	299
3	100
0	56
0	80
0	91
0	84
3	51
0	88
2	557
0	541
0	544
6	554
3	392
0	1
4	38
0	336
660	1136
0	1163
5	429
0	1142
2	1068
0	1068
5	522
0	0
0	0
0	0
0	2
0	0
0	0
0	0
3	6
23	6
0	4
0	0
1187	8365
17	8282
220	1191
3	7141
49	8027
0	4467
2	6225
0	8625
104	4108
0	2127
0	2541
22	3456
1	2994
0	3780
0	4618
0	0
0	3
0	4
0	2
0	1
0	1
0	1
0	1
0	2
0	0
0	0
0	0
0	0
0	0
0	0
0	0
0	0
3	413
0	111
0	112
0	239
37	11
0	407
0	396
10	74
0	129
1	442
0	100
0	441
49	83
0	364
0	64
0	371
0	370
2	360
3	344
1	28
2	349
4	34
0	98
78	109
0	318
0	324
0	320
0	311
0	339
0	0
1	5
0	5
0	4
4	4
0	4
0	0
0	29
0	29
0	0
0	0
0	0
0	0
0	0
0	0
0	0
0	333
22	125
0	319
7	329
0	329
0	85
0	90
0	159
0	1
0	1
0	1
3	0
0	1
0	0
0	0
0	0
0	30
0	17
0	31
8	19
0	0
0	0
0	20
52	349
0	10
1	54
7	322
0	43
0	37
6	38
19	97
2	86
1	0
0	1
0	1
0	0
0	0
0	0
0	0
0	0
0	0
0	0
0	0
0	0
0	3
0	3
1	542
422	547
0	105
0	4
62	93
2	93
0	93
8	340
0	191
8	48
0	56
1061	514
108	267
15	174
0	0
11	653
4	433
11	93
0	1
33	1382
2	1137
0	1383
0	1305
6	94
0	311
1	334
0	185
105	78
41	0
1	0
0	0
0	0
0	3
0	0
0	3
0	0
0	3
0	0
0	0
0	3
39	4
0	0
2	0
0	0
19	710
15	710
3	710
0	227
1	140
0	250
0	278
65	5
183	620
0	0
0	379
6	11
0	3
0	2
0	12
0	10
0	70
0	33
0	69
2	94
0	99
0	34
0	0
8	168
1	168
14	138
1	133
0	0
0	0
39	630
0	684
22	616
0	564
0	603
0	620
0	523
0	297
2	15
0	443
0	113
12	0
4	352
13	54
13	280
0	0
0	47
0	11
495	0
24	0
0	0
3019	3001
44	467
18	1571
0	2550
2	681
0	624
0	298
21	180
0	546
0	0
0	43
0	26
0	41
0	41
0	38
0	40
0	35
3	0
1	37
0	0
1	29
6	29
0	0
0	0
713	90
12	90
1	319
129	425
73	0
5	313
0	0
0	0
0	0
0	0
954	218
0	192
0	96
0	103
0	83
0	76
0	82
0	79
0	79
2	46
0	11
2	11
0	11
0	83
0	0
0	0
0	0
0	0
0	0
0	0
0	0
55	1073
0	167
0	287
1	1072
14	142
0	259
0	190
0	133
0	226
0	92
45	266
0	254
7	36
0	17
0	41
0	45
0	126
0	15
122	160
0	160
39	7
8	41
3	3
0	0
0	0
736	122
0	0
0	0
0	0
0	0
2174	9207
10	9039
3	185
1	236
0	896
26	5678
0	565
0	616
36	416
4	407
0	568
0	2
0	0
241	36
0	36
0	0
0	0
0	0
0	0
0	0
0	0
0	0
0	0
0	0
0	0
0	0
0	0
0	0
0	0
0	0
0	0
0	0
0	0
0	0
0	0
0	0
0	0
0	0
0	0
0	0
0	0
0	0
0	0
0	0
0	14
0	8
0	8
0	13
0	14
0	14
0	14
0	8
0	7
0	1
0	1
0	0
0	0
0	0
0	0
0	1
0	2
0	0
1	0
0	0
0	0
0	0
0	0
6	58
0	58
0	0
0	0
0	0
0	0
0	0
0	0
0	0
55	1119
121	1087
5	238
11	73
0	367
0	158
536	179
0	444
1	233
0	332
0	312
4	115
24	93
0	0
0	0
16	0
0	17
0	17
0	21
0	1
0	2
0	8
0	17
36	1444
0	1265
13	289
7	32
29	0
0	0
15	239
4	0
72	1743
11	1743
7	1494
0	1570
0	1670
0	1244
4	22
2	23
17	68
0	371
1	1
0	0
0	0
0	1
0	700
27	162
13	698
0	70
0	32
0	566
2	42
1	39
3	31
16	1800
12	431
11	402
0	480
0	451
0	182
4	399
0	466
12	1
0	1
153	0
0	4061
3	42
42	59
6	0
1	17
0	11
0	14
0	0
0	0
0	0
0	0
0	0
0	0
0	0
0	0
0	0
39	132
84	132
6	97
0	340
1	295
0	98
4	127
0	156
2	463
39	470
0	36
0	141
0	77
33	188
0	199
5	11
53	142
0	85
3	11
0	45
217	186
5	63
0	104
10	66
0	0
0	0
0	0
0	0
0	0
0	0
0	0
0	0
0	0
0	0
0	0
1	1532
0	1521
0	1466
0	1605
0	292
0	1612
0	1465
0	1336
0	1372
27	175
59	917
3	267
0	1
0	1
120	12120
3	2824
1	102
6	1438
26	12120
77	77
0	77
4	0
0	0
926	256
2	58
2	121
1	0
0	1830
0	1830
100	336
28	37
4	37
0	71
0	335
0	27
0	27
0	298
7	181
8	175
0	169
3	131
5	82
7	67
0	609
0	329
86	609
0	26
0	4
1	26
10	4061
0	0
0	0
0	0
0	0
0	0
0	0
0	1
0	5
0	0
0	4
0	0
1	1
0	2
0	1
176	0
37	7
9	5
0	5
0	5
25	2631
2	2582
8	1263
0	0
0	0
0	0
0	1040
3	321
0	1026
13	244
0	30
0	1120
530	21
0	12518
0	1335
0	430
2974	12999
0	1239
57	1830
56	3122
87	263
0	0
0	0
0	0
0	0
0	0
0	0
0	0
6	96
0	95
0	3
41	1
0	0
0	0
0	0
0	3
0	3
0	3
0	3
0	0
0	0
0	0
0	0
0	0
0	0
0	0
0	0
0	2
0	2
0	2
0	2
0	2
3	0
0	0
0	0
0	0
0	0
0	0
0	0
0	0
0	0
7	0
3	4
4	41
0	38
0	38
0	0
0	0
0	0
0	0
0	0
6	958
45	1262
0	61
1225	1225
2	1225
8	941
1	25
813	176
1	200
0	38
5	8
854	383
11	345
0	96
0	54
20	37
0	0
0	1
0	1
0	0
0	2
0	2
82	48
0	0
0	4
0	4
0	4
0	0
0	4
0	0
0	4
0	4
0	0
0	0
0	0
0	0
0	0
30	721
14606	33007
20	7434
0	4957
3	11432
22	7795
1	9566
25	6360
6	3675
11015	7506
37	5521
7	2253
9	2228
424	85
19	85
0	16
0	20
14	7
0	16
0	3
0	5
0	3
0	0
1187	0
0	6
0	173
5	188
2	1
0	169
0	1
0	3
0	111
0	113
0	186
4	76
0	10
1	2
0	12
0	164
0	17
0	22
4	16
0	10
0	0
3	1
0	1
1802	1347
22	138
0	900
3	508
0	737
0	0
0	0
0	0
0	79
0	81
0	81
0	82
1	0
0	3
2	3
0	82
195	1101
47	1223
0	93
65	1223
0	149
2765	0
1	0
146	158
0	158
0	158
0	148
0	81
0	33
0	36
1	44
0	36
0	67
3	30
0	22
0	13
0	1
0	0
0	0
0	0
0	0
0	0
0	772
18	51
374	15
2	15
1	169
0	146
0	136
0	137
0	123
0	132
0	114
0	163
5	0
0	53
7	0
19	0
0	708
1	182
1	179
4	190
3	24
1	708
0	0
0	0
0	0
83	721
0	38
0	38
0	3
0	4
33	264
2	257
0	265
0	45
0	0
0	0
0	0
13	86
0	38
8	37
1	53
0	35
0	44
0	94
0	90
0	94
0	94
0	51
0	0
19	740
1	66
4	740
150	176
0	175
0	173
0	150
18	134
0	107
1	110
8	96
3	73
0	72
20	23
0	150
0	0
0	0
0	0
1	0
3	270
1	245
0	201
0	21
0	165
0	131
1	15
2	21
4	17
0	0
0	0
0	2
0	378
90	967
38	10
0	188
0	434
9	27
0	245
2	520
32	1
0	1
0	146
0	151
0	91
20	34
2	17
1	5
0	150
2	1
4	123
0	122
1	56
0	21
0	48
0	3
0	2
0	2
0	1
0	1
0	0
0	118
2	10
0	105
0	65
0	82
2	2
0	59
0	7
0	212
0	209
0	11
3	19
0	10
1	1
1610	214
7	58
11	156
2	156
5	399
0	412
0	400
0	405
0	316
3	218
0	113
0	112
4	73
2	28
0	28
0	331
14	785
0	762
0	333
2	764
11	31
6	52
0	0
0	5675
0	6691
0	6795
28	6446
9	6431
65	423
30	777
0	656
1	645
24	0
6	276
4	181
4	0
1	301
0	137
0	311
0	47
0	326
0	306
1	18
0	55
0	292
0	43
0	59
0	50
2	1
0	28
0	29
0	0
1	0
0	16
0	28
0	26
0	3
0	1
0	5
0	0
15	194
1199	194
0	0
604	601
8	601
0	524
0	24
0	24
0	2
0	0
0	2
2	0
0	0
0	0
0	0
0	0
0	0
0	6
1	8
0	8
0	1
0	1
0	0
0	0
0	0
0	0
0	0
0	0
71	88
0	26
0	61
1	58
6	54
16	61
0	8
1	764
5	44
340	471
0	40
44	347
10	237
23	316
20	306
0	69
0	139
0	48
102	115
5	41
0	105
5	48
12	48
1	0
105	68
0	68
3	8
3	10
0	10
0	8
0	9
0	7
0	4
0	5
0	5
0	8
0	8
0	8
0	9
0	0
0	0
0	2
0	183
0	1
0	4
0	1
1	1
0	93
0	89
0	93
0	7
2	21
0	5
7	1
0	50
932	50
3	0
105	0
0	64
0	40
0	49
0	37
9	76
0	1
0	59
0	25
0	24
0	34
0	47
0	18
0	3
0	24
9	27
189	155
0	152
1	1
11	0
0	936
4	952
2	154
0	29
0	151
49	0
0	82
233	47
0	6
0	41
0	0
15	318
3	137
2	318
0	123
1	75
0	154
1	152
2	166
0	2
3	0
0	0
0	0
0	0
0	0
1	0
0	653
1	561
0	713
14	220
0	215
0	395
9	77
0	257
0	256
2	205
5	25
47	761
0	314
61	0
0	628
0	100
8	311
6	496
0	718
1033	284
1	284
0	0
0	0
2	1
0	0
0	1
0	0
26	1195
0	1191
5	1243
0	1350
0	707
3	1357
0	0
0	6
0	1
0	6
0	1
0	0
0	0
0	0
0	115
347	216
1	95
0	81
1	0
89	10
1	10
70	134
3	131
42	26
0	0
7	2
0	141
0	141
12	141
0	78
0	1
0	1
90	56
0	0
0	0
0	0
0	0
5	154
0	484
54	416
10	368
17	172
59	238
0	139
0	124
36	232
0	202
4	87
6	0
4	95
10	152
0	64
0	0
0	481
5	469
0	475
0	474
0	4
6	5
0	30
3	92
0	24
0	2
0	19
0	74
0	481
0	0
0	0
0	0
0	0
0	0
0	0
0	0
0	0
0	0
0	0
0	0
0	0
70	721
0	0
0	0
0	0
0	0
37	4
58	408
0	66
1	33
0	407
0	0
0	0
0	0
0	0
0	0
1	0
0	0
0	0
0	0
0	0
0	0
0	0
0	0
0	0
0	0
1	73
0	19
0	65
13	15
2	13
3	73
0	15
0	10
0	2
0	37
0	0
0	7344
231	6055
34	277
6	203
0	883
8	12
0	5943
0	7340
243	94
0	77
1	17
277	69
0	15
0	32
0	22
3	20
1	271
0	272
0	266
0	35
1	14
0	11
113	594
4	487
1	348
0	140
0	137
0	0
0	0
1	510
1	571
0	70
0	14
0	30
0	115
8	378
1	578
0	564
0	578
1	87
0	68
2	5
0	35
1	56
0	42
0	17
0	15
0	18
0	22
3	0
0	46
0	46
0	46
0	3
0	0
759	29
1	29
1	1704
0	808
0	590
0	247
0	546
0	512
0	63
0	63
9	259
0	402
0	390
2	268
9	94
0	171
0	1718
0	3
0	0
0	0
0	0
0	0
0	4
0	1
0	3
0	4
0	1
21	28
1	28
0	2
2	6
4	28
2	70
0	0
0	0
0	0
0	473
48	473
1	465
6	0
0	0
0	0
0	0
0	0
0	353
0	4
0	1
0	1191
0	347
2	400
0	1185
0	0
0	0
0	0
1	0
0	0
0	0
0	0
0	0
0	0
0	0
0	0
0	0
0	0
76	1350
1	1153
8	128
0	1248
21	691
0	96
33	346
0	344
2	79
0	36
1	343
0	312
0	278
0	295
0	152
3	150
0	125
0	135
2	56
2	6
0	58
1	39
5	9
40	0
0	148
0	154
0	0
3	3
0	5
0	2
0	2
0	2
0	492
272	687
0	151
0	53
0	115
0	186
0	127
0	0
0	0
0	0
0	0
0	0
26	10
0	9
0	9
0	9
0	0
0	10
0	0
0	0
0	0
9	0
309	447
0	403
6	363
9	62
1	61
2	0
0	5
0	7
0	18
0	0
0	0
0	0
0	0
0	0
0	0
0	0
536	91
0	79
0	88
0	50
25	860
0	326
0	320
0	325
3	249
70	193
0	331
0	6
0	5
73	720
0	0
0	0
0	1
0	1
0	1
0	0
856	296
2	5
0	291
283	0
0	444
0	441
0	370
0	131
23	208
11	23
10	66
0	18
350	58
0	14
14	30
4	0
0	0
0	3854
39	3561
37	805
0	3806
22	364
41	627
0	0
0	0
0	0
0	0
0	0
0	0
15	5
19	0
1	204
0	5
402	204
0	497
9	473
9	449
0	468
0	6
13	75
3	193
4	32
0	97
0	14
219	1554
1	1533
1	357
131	112
0	134
1	300
0	341
0	332
11	113
30	94
11	36
0	43
78	36
0	35
25	11
5	264
0	274
0	247
0	0
0	346
0	389
5	386
7	239
0	313
6	179
0	54
0	8
4	2
0	49
84	32
9	0
1	0
0	5
0	2
0	25
59	0
5	266
331	383
0	179
3	34
4	117
23	2
2	1
0	0
0	0
0	0
0	0
0	1409
0	1410
0	128
1	228
0	256
0	292
0	99
0	97
1	14
0	1422
0	1409
0	0
0	468
178	470
1	23
5	56
6	394
24	352
13	296
2	202
0	126
9	132
7	132
0	16
0	15
0	9
0	16
0	9
0	0
0	0
0	0
0	0
0	0
32	1122
2	8
0	1142
0	57
0	50
0	3
0	3
0	3
0	3
0	0
1	0
0	0
0	0
0	0
3	765
0	432
3	657
3	777
1	467
0	216
0	0
0	0
0	0
0	0
77	2754
12	1927
43	6
0	2091
1	2566
0	0
0	318
51	1868
0	0
0	0
0	0
0	0
0	0
96	593
1	592
4	200
0	126
0	126
0	85
6	2356
0	2092
0	2014
0	1958
0	1552
2	1918
0	2276
4	1534
0	1678
1	1180
10	1052
0	427
4	341
111	250
0	31
0	23
0	8
0	2345
20	750
0	13
0	110
0	93
0	105
1	26
22	25
0	110
0	303
697	1742
4	1416
19	764
0	1570
2	676
0	457
0	760
4	1476
0	393
10	332
0	456
5	337
12	138
0	0
2	0
832	0
1261	0
0	0
80	893
4	893
7	0
1	0
81	3150
1	3034
19	3023
0	3109
2	378
8	237
29	221
0	0
0	0
0	0
0	0
0	0
796	191
0	191
34	0
19	1
272	0
3	241
8	963
0	61
7	126
15	51
17	142
0	947
0	963
580	20382
37	8024
9	10340
43	3790
121	10240
129	4985
0	0
0	0
0	0
0	0
0	0
0	3
0	0
0	3
0	3
0	0
0	0
0	0
0	0
0	0
0	0
0	0
0	0
0	0
0	0
0	0
0	184
0	164
0	164
1	78
0	142
8	0
0	1467
0	913
0	1460
6	799
0	359
0	482
0	583
0	508
0	129
0	252
0	265
0	433
1	36
0	35
0	31
0	29
0	3
0	4
0	13
0	0
0	0
3	0
0	0
0	9
3	11264
19	11257
165	36
0	0
0	0
539	488
26	124
8	124
10	81
1	488
35	37
0	0
0	0
0	0
0	0
6	751
0	722
8	29
296	517
3	115
19	518
0	265
2	5
0	1
0	2
0	1
1	3
0	436
0	660
1	436
0	647
9	33
1	183
0	0
0	8
0	8
0	0
0	0
0	6417
0	6544
5	7438
0	6343
249	5980
0	7059
1	5932
0	6431
0	7236
0	5251
0	3535
0	2580
0	3741
0	3843
0	2576
0	3560
0	2688
327	3617
494	395
134	2461
1	2131
0	0
0	0
0	0
0	0
0	644
0	614
11	163
1	129
27	56
18	31
0	27
0	3
0	0
0	0
0	0
0	0
4	6
0	6
0	2
0	6
0	0
0	2
0	6
0	0
0	0
0	0
0	0
0	0
0	0
0	0
0	91
0	50
498	157
2	95
8	95
1	157
0	0
0	0
0	0
44	4776
30	4401
0	4063
17	753
29	21
0	7
0	2
0	2
1	7
0	7
7	202
0	202
0	50
1	146
1	21
3	91
0	0
0	0
44	42
0	41
0	13
4	2
0	41
0	0
0	0
0	0
0	0
0	0
0	0
0	165
2	165
0	162
4	161
0	12
5	101
0	5
1	1
0	0
0	0
0	0
0	752
0	928
0	1150
12	59
36	663
9	802
18	104
0	92
1	65
0	1200
0	852
6	257
0	525
0	532
4	203
3	297
1	13
5	16
1	7
1	524
0	0
0	0
0	3319
0	2986
0	687
7	1321
0	2823
0	3052
0	631
0	654
0	1075
0	2766
7	442
1	161
9	878
0	76
0	39
12	728
0	552
0	3322
2	230
578	230
532	191
23	191
0	374
0	374
2779	2530
0	12
0	9
236	18
0	9
21	72
1	72
86	6
5	4
0	2
0	2
0	2
0	0
0	120
0	129
1	17
0	119
3	115
80	146
13	146
0	0
0	0
122	696
1	696
7	86
0	224
4292	6929
9	6929
3	1029
0	1
0	1
0	1
0	0
0	0
0	1
1238	0
1109	78
3	754
9	33
1	3
1	3
0	0
0	2
0	20
4	2
1	2
0	6
0	6
0	2
0	18
125	656
1	633
1	449
5	132
0	0
0	0
0	0
0	0
6	909
1	188
0	0
0	0
0	0
0	0
0	0
0	0
0	0
0	0
0	0
0	0
742	1992
1	1953
1	493
4	45
5	82
2	70
0	164
0	224
13	96
11	160
0	220
0	1
0	10
0	0
0	0
35	721
0	1
0	1
15	269
4	47
0	269
0	0
0	0
0	0
0	0
4	0
0	0
0	0
0	0
0	0
0	0
0	0
0	0
44	2806
0	2234
33	2793
0	1
0	1
4	0
23	4
0	4
0	0
137	40
2	4
6	36
9	608
0	1346
0	1035
4	28
0	29
0	1
0	5
1	2
27	2858
0	3082
343	3109
0	1051
11	1194
2	854
14	480
2	413
4	250
3	63
23	19
0	19
4	0
97	181
3	57
8	0
10	9
0	9
40	38
25	18
3	116
0	0
0	0
0	0
0	0
2	27
0	48
662	48
2	1013
1	90
15	1013
9	12
25	96
0	0
0	0
1	0
0	0
0	0
0	0
0	0
0	0
0	1
0	1
0	0
1250	3410
0	3410
0	0
0	0
0	0
0	0
0	0
0	0
0	0
0	0
0	0
0	0
0	0
0	0
0	0
0	0
0	0
0	0
696	56
19	49
18	0
0	0
2	0
0	0
0	4
0	4
0	2
0	1
0	0
0	0
1	0
10	0
0	36
0	0
0	0
1	36
1	118
21	947
9	947
62	243
0	33
4	22
0	58
1	57
0	57
61	25
12	25
153	201
0	125
3	34
0	147
1	155
108	271
0	163
14	209
0	0
0	0
0	3
0	3
5	303
15	303
9	336
0	409
1	90
0	19
0	16
110	320
18	1
1	311
9	302
0	294
2	779
28	59
0	1319
5	1332
0	1285
5	169
0	1012
2	362
6	252
6	222
12	244
78	720
15	0
0	0
0	0
1	0
110	1205
1	1208
18	85
0	277
15	166
13	8
0	102
0	29
0	1
21	7
0	0
0	0
0	0
0	0
0	0
0	0
0	0
0	0
0	0
0	0
0	0
73	763
0	508
0	113
1	184
0	184
0	232
1	30
0	148
7	95
1	212
0	0
0	2
0	1
0	1
0	1
0	0
0	2
1	765
1	60
12	32
574	940
0	32
1	881
0	70
7	91
1	54
31	70
0	32
0	934
3	96
3	260
0	77
3	126
0	206
0	176
0	188
47	228
0	217
0	238
47	6
0	45
4	33
0	0
1	0
0	0
0	0
0	0
0	0
2	0
0	0
656	889
12	744
17	65
20	63
9	129
31	722
4	0
23	898
552	1287
94	420
0	321
24	389
335	476
0	432
46	40
0	73
0	0
0	0
0	9
0	9
0	9
0	2
0	6
0	0
0	1
0	0
0	0
0	3
0	3
0	2
0	1
0	0
0	0
0	1
0	1
0	1
0	0
0	0
0	0
0	0
0	4
5	21
0	17
0	0
0	0
0	0
0	0
0	0
0	557
0	9
0	555
0	3
198	608
3	603
0	375
0	7
9	80
0	0
0	0
0	0
0	277
0	733
2	727
0	50
3	91
0	66
0	142
53	50
0	24
0	127
0	18
0	215
0	15
0	204
0	4
0	33
0	216
0	10
7	204
0	217
0	26
0	14
0	15
0	129
5	17
0	212
0	0
0	1802
0	1795
1	224
52	68
13	1514
0	128
16	102
11	884
3	390
3	185
0	8
0	5
1	2
1	1
0	0
0	0
0	0
0	0
0	1583
8	1502
7	1466
2	256
4	427
0	27
0	18
2	19
0	23
1077	2609
2	1547
7	685
0	0
3	409
59	4091
83	4091
10	217
0	360
23	262
0	311
0	610
0	1566
0	1555
0	77
0	509
3	983
0	684
0	1435
0	1237
0	637
0	477
2	31
1	996
78	19
0	484
0	1026
0	1042
12	1044
4	9
0	9
1	70
0	57
1	939
1	238
0	0
0	0
1	0
0	0
0	0
0	0
7	924
6	874
0	988
0	978
0	370
0	359
0	179
1	325
0	84
3	190
0	216
3	182
0	140
19	118
0	1
0	13
1	13
4	17
0	16
0	17
0	0
0	0
0	0
0	107
134	369
0	64
0	175
67	366
0	0
0	80
0	19
0	57
7	7
4	52
0	52
0	51
0	43
0	6
0	2
0	5
0	2
0	0
0	3
0	6
0	5
0	2
0	2
1	0
0	144
0	91
2	67
0	144
4	8
0	20
0	28
0	0
0	351
0	380
0	265
0	32
0	34
3	4
2	11
0	22
36	0
8	44
272	44
10	0
0	0
0	0
0	0
0	0
0	0
0	0
0	0
0	2
4	2
2	42
290	876
5	876
2	14
5	152
1	450
0	0
0	0
0	1
0	1
0	1
0	68
0	0
0	0
17	15
0	15
0	11
155	168
11	76
0	28
0	119
0	0
861	47
4	47
114	221
0	213
15	75
4	39
0	0
0	0
0	0
0	0
3	402
24	402
3	45
0	23
0	0
0	2
0	0
0	0
0	1
0	2
0	0
0	0
0	0
0	2
8	320
10	316
0	309
0	15
0	19
8	2
0	0
0	0
0	0
0	0
0	0
1707	359
4	359
0	0
0	1
0	1
0	1
0	0
1106	335
0	142
4	335
39	334
1	130
67	134
0	134
0	10
0	9
0	6
0	5
0	8
0	4
0	4
0	0
1	14
0	15
0	14
0	10
0	9
0	2
0	4
0	0
0	5
0	4
0	7
0	4
0	4
0	3
0	0
0	8
0	0
0	15
2	131
0	131
48	177
0	125
6	82
0	0
112	10
2	10
4	421
1	423
0	4
9	5
1	52
1	67
90	273
0	89
2	242
3	53
0	50
0	126
0	96
1	89
35	1495
92	1497
0	58
12	98
0	393
10	160
0	861
0	900
0	149
50	1
1	103
0	1381
100	112
0	278
0	1086
4	59
7	900
5	62
5	45
64	3
2	161
3	140
1	215
0	0
0	0
291	333
22	333
0	97
0	0
0	0
0	38
0	45
0	42
1	29
0	42
0	31
0	2
0	3
0	24
0	1
0	10
0	22
0	1
0	0
111	289
0	157
1	284
20	114
1	0
17	446
0	165
0	428
0	46
0	84
7	284
57	443
0	301
3	296
0	99
5	16
23	142
29	19
0	0
0	0
0	0
35	721
131	0
0	0
0	0
497	540
0	473
4	182
323	76
0	16
0	29
0	24
0	7
2	0
1327	1133
0	314
6	164
32	560
10	724
0	189
0	206
8	21
4	188
0	111
0	0
0	0
0	0
0	0
0	0
0	0
0	0
0	0
0	1584
3	1664
430	1767
0	1490
0	481
7	295
6	619
3	73
8	172
1	487
2	37
44	1336
0	1336
0	0
0	0
1	0
0	0
0	0
0	0
0	0
0	0
0	2498
0	530
11	393
68	540
1	30
2	2454
0	601
11	203
0	0
0	0
0	0
0	0
0	0
0	0
0	0
0	0
0	0
2	20
0	305
4	308
1	306
0	303
0	17
37	5
1	1130
0	872
0	756
20	12
130	552
0	934
0	16
0	3
0	3
0	2
1	2
0	0
0	0
0	0
0	0
0	0
1	0
1	2
0	0
2	0
0	0
0	2
1593	3364
81	1590
0	548
0	409
51	285
0	1
0	1
0	0
0	1
0	0
0	0
0	0
0	0
0	0
0	0
1	0
0	0
0	0
922	222
105	191
0	219
1	67
0	26
0	26
0	126
11	120
0	26
14	131
62	5
0	77
18	231
0	22
0	25
0	0
5	0
0	0
2	7
0	7
0	0
68	4083
4122	4105
36	327
0	0
0	0
0	0
0	0
0	0
0	0
0	821
1	39
23	113
0	228
0	821
0	33
0	32
0	32
0	32
0	17
0	4
0	27
0	12
1	6
3	23
0	8
2	27
4419	27
0	0
0	1
0	1
0	0
159	24
2	24
0	1
0	2
0	0
0	0
0	0
0	0
406	1219
0	594
4	265
6	263
1	107
37	482
0	272
4	51
0	0
0	0
0	136
0	118
0	9
2	38
5	124
1	102
0	47
27	101
0	98
2	20
0	62
3	0
2	304
0	312
0	88
0	97
2	62
1	0
0	0
0	0
0	0
0	0
0	0
0	0
0	0
0	0
0	0
0	0
0	0
86	864
11	864
0	118
0	33
0	0
0	0
0	0
2	179
13	179
986	654
16	654
21	895
7	1324
1	1098
3	1048
0	479
0	224
5	0
13	1304
0	0
0	0
0	0
0	0
0	0
0	0
0	0
0	0
0	0
0	0
0	0
0	0
0	0
0	0
0	0
0	0
0	0
0	0
0	0
0	0
0	0
0	0
0	0
0	0
0	0
45	3651
1	3633
4	1435
5	993
108	2557
0	2204
0	1532
8	1477
0	1086
0	987
0	757
109	45
0	37
3	0
0	0
0	0
0	0
0	0
0	0
0	0
0	0
0	0
0	0
0	0
0	0
1	96
0	86
0	40
0	35
0	46
5	47
0	21
1	36
4	72
0	71
0	3146
0	1170
3	2609
6	115
12	1436
48	37
4	161
23	683
35	458
1	118
0	3027
0	3
14	804
12	81
0	599
1	570
1	451
0	463
0	683
1	491
0	5
0	5
0	5
0	0
1	0
0	148
0	31
0	149
0	148
0	21
0	73
0	29
1	66
0	42
0	21
0	66
0	41
0	0
0	2
494	39
0	131
0	383
0	409
3	389
0	245
0	255
0	173
8	248
7	21
46	139
4	19
0	18
15	162
1	0
0	154
1	140
0	80
0	0
8	0
350	0
0	0
0	0
0	0
0	0
449	342
0	342
0	74
6	214
0	102
0	0
9	7
0	1
0	1
0	686
0	673
0	631
0	284
13	13
1	130
0	276
13	48
0	125
0	0
0	0
0	0
0	0
0	0
0	0
0	2
0	3
0	0
0	1
0	1
11	1281
20	1242
23	1179
26	23
76	597
0	13
75	0
2	4
3	18
0	0
0	0
0	0
0	0
0	0
0	0
0	0
2	0
65	0
1	0
49	615
1	615
3	24
2	199
0	59
0	79
2	13
0	77
0	0
0	0
878	0
0	1
0	1
0	1
0	1
0	1
0	0
468	0
0	0
0	195
5	181
0	190
9	155
0	11
74	115
5	1
27	31
10	23
0	8
14	15
16	13
58	7
1	7
26	1034
16	1034
0	132
14	125
0	112
6	60
1	144
0	144
0	31
0	15
4	745
6	24
209	116
0	94
4	22
13	0
0	0
333	34
1	34
2	27
0	14
0	2
0	3
0	2
0	1
0	232
0	98
0	49
3	2
0	4
0	4
6	123
4	224
8	233
0	231
0	231
0	191
0	42
4	18
0	63
0	79
0	35
0	0
0	0
0	0
0	132
0	132
0	0
0	565
7	117
1	66
1	38
55	87
0	565
6	273
433	1098
0	493
43	812
2	438
1	516
0	55
3	62
2	2
1	54
0	54
0	16
0	51
0	44
3	1
2	12
0	0
14	38
2	0
503	376
0	122
0	220
14	360
24	131
0	132
0	184
0	5
2	273
0	0
240	218
2	216
0	14
0	19
23	153
78	161
0	10
4	589
1	0
0	476
38	1512
1	1512
11	472
3	110
0	427
7	134
1068	0
0	0
0	0
0	0
0	0
0	0
0	0
0	16
0	4
0	3
0	15
0	0
0	0
0	0
0	0
0	0
0	0
716	0
2	0
39	162
0	17
3	73
0	40
4	36
10	320
2	316
0	45
0	37
0	58
0	43
0	19
0	59
0	0
0	0
0	0
0	0
0	0
0	0
0	0
3	1
0	1
0	1
0	0
0	0
0	0
0	0
0	770
0	40
0	75
25	105
0	0
2	626
7	3504
6	764
50	1400
21	268
0	844
2	3337
0	74
0	3252
31	344
16	712
116	870
84	887
1	15
2	15
3756	1315
5	1315
50	704
0	704
2	205
0	46
5	68
0	173
0	98
0	98
43	27
279	62
70	62
2	111
22	968
0	985
0	472
1	166
0	252
5	261
0	1
0	1
0	0
14	161
18	170
8	46
6	97
0	0
0	0
0	1
0	1
0	0
0	0
724	625
3	625
11	0
0	0
0	0
0	0
25	349
0	2
0	338
4	310
6	46
0	194
4	43
11	321
0	49
18	218
0	227
0	227
0	88
2	11
0	77
0	32
0	44
0	30
0	27
0	27
0	28
0	20
1	7
2	0
0	0
0	0
7	504
0	502
6	502
0	191
0	107
0	10
0	82
0	46
2	132
0	158
0	64
0	506
0	0
10	3
0	3
0	3
0	3
0	0
0	2
0	0
0	0
393	117
17	65
4	92
0	25
0	0
0	0
0	0
0	85
1	16
1	82
0	82
0	296
1	299
0	156
0	9
6	3
0	300
0	287
0	299
3	42
2	289
0	48
0	76
35	127
8	62
0	52
55	1588
0	1254
8	337
1	1978
2	1982
0	1983
0	150
2	88
1	57
0	1935
0	1533
0	4
38	4
0	0
0	0
0	0
0	0
0	0
0	368
2	177
1	104
2	368
0	215
0	0
0	0
0	1941
0	1584
0	1556
0	1183
0	492
0	1145
0	1228
0	831
52	0
1	505
5	290
12	242
0	1920
0	2
0	0
0	0
0	0
0	0
0	2
0	1
0	0
0	1
0	0
0	0
0	0
111	3019
46	2969
5	2933
0	2564
0	1761
14	1713
10	182
0	35
0	174
0	1
15	181
8	6
0	6
0	5
0	3
191	468
25	179
1	13
0	44
18	8
0	278
0	0
0	0
0	0
87	472
6	215
3	201
0	56
14	0
257	1
0	0
0	0
61	262
15	183
2	72
12	54
4	31
0	752
0	0
0	90
0	77
0	84
6	199
0	107
0	10
0	0
223	227
0	56
0	195
2	9
0	39
5	138
0	67
0	197
0	125
0	51
0	29
6	34
0	22
5	32
4	9
0	26
7	0
1	0
0	0
0	0
0	0
0	0
0	0
0	0
0	0
0	0
0	0
35	32
0	20
0	6
0	6
24	786
1	768
0	164
2	19
0	22
0	95
1	113
1	53
337	321
4	136
32	185
7	126
2	125
5	127
0	117
295	438
12	66
1	415
2	58
1	34
0	0
0	0
0	0
0	0
1	221
1	88
2	4
0	13
1	220
2	92
3	110
0	0
0	0
0	0
0	0
0	593
0	19
4	565
1	92
6	33
0	1
0	1
0	0
0	0
5	143
0	97
0	31
0	137
826	2129
88	1824
0	1513
0	213
15	35
46	34
6855	0
1	60
26	138
0	138
0	126
0	38
0	59
87	13
1	14
0	1
71	720
8	0
0	0
0	5622
0	758
0	530
7	88
16	475
0	307
82	15
0	5710
0	0
3	4
0	4
0	0
0	0
0	0
0	0
0	0
0	389
1231	362
19	254
138	65
2	54
1	11
14	955
26	943
1	863
0	234
1	208
18	6
0	6
45	298
0	287
0	47
8	126
0	112
0	0
2	2
0	2
0	2
0	2
0	0
432	1569
5	206
0	239
41	433
0	204
8	44
2	405
43	803
2	140
0	79
0	330
2	86
0	325
3	31
22	253
23	251
0	54
0	98
34	75
212	135
12	8
0	132
0	13
426	241
1	153
0	94
0	157
0	71
11	4
4	759
33	1223
0	1225
0	244
0	1011
1	120
1	18
1	262
0	39
0	109
0	0
139	210
0	91
7	194
0	180
8	76
0	26
0	20
0	20
0	7
0	7
0	7
0	6
0	0
4	5
0	5
0	4
0	4
0	0
1	4351
0	443
3	3778
19	46
4	4005
28	1029
46	211
0	211
8	41
0	59
0	42
11	32
4	0
0	0
0	0
0	0
0	0
0	0
0	0
0	0
0	0
2	88
4	55
0	49
4	31
2	6
0	6
1493	380
56	18
0	419
0	65
0	133
0	124
0	122
0	121
0	70
0	104
0	60
0	60
0	59
0	59
0	98
1	4
1131	1499
4	1499
0	1337
12	1144
0	0
0	0
0	0
0	0
0	0
0	0
0	0
0	0
0	0
0	0
0	0
0	0
0	4047
0	4049
2	1525
10	2431
30	681
14	29
0	826
0	13
3	13
0	7
0	0
430	0
0	0
0	0
0	0
0	0
0	0
0	0
0	0
0	0
57	47
0	12
1	37
419	46
4	46
0	0
0	0
0	0
0	0
0	0
0	0
0	0
15	985
0	961
0	539
0	912
0	554
0	523
1	913
0	919
0	33
34	835
1	782
0	263
0	0
6	171
0	172
1	165
1	0
0	0
0	0
0	0
0	0
0	0
0	0
0	0
0	0
16	109
0	109
6	0
0	22
0	0
0	331
1	247
1	206
32	187
9	88
0	16
1	34
0	334
2	27
1	58
7	5
0	25
2	15
0	3
0	0
1	2
0	11
0	6
0	3
0	8
0	7
0	5
0	58
1	0
0	0
0	0
112	42
0	19
0	18
0	25
2	8
40	3
152	49
0	36
452	1011
1	755
11	569
23	857
0	122
0	815
0	72
0	1851
3	1901
0	235
4	171
0	86
0	137
0	78
0	0
0	0
0	0
0	0
0	614
1	11
0	585
0	259
7	444
0	476
2	559
1	146
0	245
0	132
0	216
0	0
0	0
0	0
0	0
0	0
0	0
0	0
8	121
1	102
69	679
52	664
4	152
0	137
0	145
14	101
0	92
0	62
0	28
1	39
283	654
0	298
7	354
0	370
11	48
6	21
0	21
0	121
0	42
14	122
13	125
1	2
0	2
0	1
0	0
0	371
4	5
2	371
0	42
0	307
0	136
0	259
64	83
0	246
0	244
0	108
18	86
2	1
9	0
6	36
4	13
1	31
0	216
1226	1330
29	914
0	1248
7	34
0	43
0	334
6	58
0	396
677	1343
0	170
1	732
0	1095
19	0
0	0
0	0
0	0
0	0
421	1109
5	1107
0	1069
0	161
0	9
0	12
0	8
0	12
0	8
0	0
0	9
2	0
0	12
0	4226
0	4573
0	401
0	893
3	558
3	115
0	521
42	536
2	499
0	583
19	496
27	11
187	1897
0	41
1	835
6	1506
0	1186
7	342
0	691
10	337
91	175
0	299
2	112
0	8
0	0
0	0
0	0
0	1
0	3
0	3
0	1
0	1
0	2
0	0
0	0
0	0
0	0
1	1
59	0
0	0
495	130
1	130
1	868
1	940
0	1094
12	1155
0	1160
0	1113
0	0
23	248
37	266
42	17
0	49
1	17
0	35
0	49
0	7
0	7
0	0
0	0
0	0
0	0
0	0
0	0
0	0
0	0
1044	9730
36	891
0	9726
675	59
0	24
18	19
0	42
0	0
0	0
0	0
0	0
0	0
0	0
0	0
0	0
0	0
0	0
78	203
1	70
0	157
0	57
13	4
0	34
0	1
3	0
0	0
0	0
0	0
0	0
0	0
0	0
0	0
0	0
9337	3098
18	1028
7	709
17	129
10	1153
0	0
1542	1025
14	972
0	340
60	504
0	132
2	189
5	40
0	229
10	27
1	38
0	21
0	0
0	1
0	0
0	0
0	1
0	1
0	1
0	0
0	0
1	7
0	0
0	0
0	0
0	0
0	0
0	0
0	0
0	0
0	0
0	0
0	0
0	0
0	0
0	0
958	8684
1	6309
80	647
2	623
6	188
0	49
0	16
0	0
90	4
0	4
4	0
0	0
0	0
0	0
0	298
0	274
78	114
0	42
5	13
13	45
1	9
2	8
0	2
0	8
0	449
72	479
0	22
2	20
2	406
0	96
987	1185
4	1185
0	380
2	25
0	201
2	126
0	207
3	198
7	62
0	92
0	89
0	6
0	20
2	6
0	31
0	31
0	0
0	32
0	92
0	50
0	6
8	0
0	6
0	33
0	18
0	25
9	65
0	88
0	2
1	2
0	2
393	0
0	2218
0	30
7	29
16	532
25	2016
4	6
0	3
50	169
21	89
1	2199
775	1639
0	1639
0	0
0	0
142	401
5	0
0	401
5	107
1	155
21	5
153	198
21	44
2	195
0	0
0	1
0	2
0	2
0	2
0	1
0	0
0	0
0	0
129	0
858	376
53	286
477	0
4	0
0	0
6	114
13	50
0	75
0	58
0	94
0	72
1	67
96	74
0	77
0	57
0	53
0	33
0	64
18	212
0	204
2	40
12	0
1	187
270	199
8	211
11	198
3	20
0	188
54	175
2	25
0	41
0	55
0	22
0	21
1	9
0	0
0	0
20	49
6	47
0	53
0	54
0	37
0	3
0	0
1	3
0	34
4	0
2604	5441
6	4327
21	1127
20	836
0	0
9	0
16	0
0	0
0	0
0	0
0	0
0	0
0	0
0	0
0	0
5	451
10	462
0	208
16	34
0	44
0	44
0	0
0	0
0	0
0	0
578	29
0	29
0	0
0	0
0	0
0	0
0	0
1	3951
72	3649
0	0
3	1953
20	325
0	629
1	913
17	1696
0	1258
13	3863
0	0
0	13
1	13
0	12
0	12
0	17
8	16
0	9
0	2
3	7
0	0
0	0
0	0
0	0
0	37
6	194
0	17
1	19
245	194
0	0
0	0
1	0
0	0
5011	421
107	538
0	0
0	0
0	0
0	0
34	99
0	99
0	0
5	178
0	166
0	185
8	62
0	31
1	28
5	39
0	0
0	0
0	0
0	0
0	0
0	0
0	0
0	0
0	0
0	0
0	0
0	0
0	0
0	711
0	711
13	33
135	54
0	16
0	4
0	4
1	6
0	6
0	2
0	2
1	3
0	9
0	7
0	6
0	0
0	2
0	2
0	1
3	9
0	0
0	0
0	0
0	0
0	0
0	0
0	0
0	0
0	0
0	0
0	0
0	0
0	0
16	2
3	1
0	1
8	167
0	26
0	162
0	23
0	9
122	1712
0	1712
6	933
0	2
0	2
0	0
0	0
0	2
15	561
0	705
0	536
13	605
0	593
0	544
3	29
1	208
2	22
4	63
0	67
0	115
0	82
0	342
1	306
0	85
0	69
16	128
0	70
30	48
3	31
5	500
0	482
0	485
0	469
10	497
1	495
0	32
0	91
0	75
0	34
16	44
0	3
38	0
0	501
0	864
9	43
0	200
0	747
0	682
0	438
0	365
0	799
0	274
7	279
0	246
3	86
0	58
0	28
0	28
0	0
3	1
0	29
0	29
0	29
11	47
141	57
0	10
0	81
0	69
5	81
37	0
0	81
0	36
0	72
0	81
0	21
0	27
0	37
0	17
0	12
1	6
0	0
0	0
0	0
0	13
0	10
0	31
0	21
0	35
0	13
4	16
0	10
11	6
2	2216
409	2216
5	1286
0	0
0	28
0	0
4	28
0	1
0	2
1	14
11	17
8	18
30	38
0	31
4	21
0	30
139	294
0	294
0	0
0	0
0	0
0	0
0	0
0	0
0	0
0	0
0	0
0	0
0	0
0	0
0	0
0	0
0	0
0	0
0	0
0	0
0	0
0	0
0	0
0	0
0	0
0	0
0	0
0	0
0	0
0	0
0	0
0	0
0	0
0	0
0	0
0	0
0	0
0	0
0	0
0	0
0	0
0	0
0	0
0	0
0	0
0	0
14	640
4	543
5	168
42	636
0	0
0	0
0	0
0	0
7	326
2	328
1	319
12	317
17	0
5	168
0	63
32	539
6	539
6	58
0	131
11	73
21	1
0	0
0	0
0	0
0	0
0	33
0	0
3	122
0	122
3	116
2	9
0	15
0	110
0	0
0	108
0	8
0	11
0	15
5	12
0	12
0	0
0	5
0	0
0	123
0	119
2	274
0	267
0	270
0	5
0	271
0	49
4	9
0	80
0	1129
0	1077
5	1079
1	1109
43	1073
0	1058
0	79
0	1098
3	1088
0	997
66	990
4	27
0	67
2	0
0	0
1	69
0	71
2	0
0	24
2	365
0	89
3	277
51	30
0	332
0	0
0	104
0	180
0	306
1	23
0	86
7	4
8	43
0	44
0	72
0	28
1	34
0	112
9	32
0	83
4	60
3	38
218	164
2	164
0	0
0	0
321	0
0	8
3	7
5	8
4	6
0	1331
0	1215
30	549
3	164
15	939
4	88
2	243
32	958
0	0
1580	0
0	47
0	41
2	45
0	11
0	28
1	54
0	48
0	13
4	5
0	18
0	17
3	25
10	25
3	17
1	15
3	6
0	2
0	1
0	1
0	1
0	2
0	560
2	650
0	407
50	596
2	560
0	559
0	136
8	571
0	364
0	309
8	62
12	56
0	51
0	59
31	513
6	513
0	39
0	68
3	42
2	14
0	5
0	5
144	3552
5	3552
31	85
2	259
2	306
0	164
18	289
13	354
0	528
1	478
1	1642
3	961
70	171
0	171
7	6
0	1
0	1
0	1
0	0
0	0
0	0
0	0
0	0
0	0
0	0
0	0
0	67
0	74
0	74
2	21
0	12
0	3
1	5
0	2
155	401
1	396
0	2
4	0
0	2
17	5
0	4
0	1
0	1
0	1
1	0
0	0
0	0
0	0
9	778
0	822
1	861
0	80
0	167
19	680
1	0
2	332
3	329
0	319
9	192
0	154
2	150
0	114
2	42
1	31
0	1
0	21
0	21
0	3
0	3
0	2
0	2
54	2
9	2
0	0
0	35
0	7
0	35
0	18
4	7
0	1
0	6
153	376
1	75
13	419
2	419
2	58
0	2
0	71
5	62
0	464
0	0
0	7
0	58
0	441
0	38
2	441
6	33
0	85
3	44
17	9
0	58
0	116
0	142
63	200
0	54
0	22
1	0
3	511
15	538
0	0
0	0
0	0
0	0
2249	135
9	57
0	129
1	124
0	75
31	536
27	543
0	536
0	441
0	74
210	0
1274	546
5	546
70	15
0	15
3	2287
21	2451
10	495
0	1741
2	1031
18	628
0	408
5	594
0	605
1	89
0	412
2	446
5	387
4	79
0	48
12	49
0	70
0	1
0	1
4	0
0	138
0	80
0	19
0	19
0	19
0	19
2	87
0	37
3315	3937
3	703
31	1852
5	490
0	568
1	523
75	212
66	19
0	67
0	30
0	30
0	29
2	142
0	157
1	21
0	156
0	9
2	0
109	46
3	2
4	10
3	41
0	0
3265	0
0	0
0	0
0	0
0	0
0	0
0	0
0	0
0	0
0	971
0	92
2	0
0	9
2	47
0	972
50	8754
61	81
1	5547
30	7849
0	611
0	8202
43	3671
0	0
68	382
21	60
30	189
0	37
0	376
0	0
0	91
18	623
0	617
1	140
0	618
0	404
6	108
1	108
0	51
0	3
1	0
0	14
0	4
125	524
9	95
2	429
0	0
0	0
0	0
0	0
0	0
0	0
1282	205
3	187
25	18
0	2
0	0
0	0
0	2
5	136
5	119
0	132
0	18
0	4
1	9
0	0
0	34
0	7
0	74
0	24
0	137
4	193
0	204
1	153
0	188
1	157
1	4
1	0
0	0
0	0
0	0
1	0
0	74
0	74
0	74
0	81
0	74
4	12
0	45
0	52
2	52
12	40
0	13
0	7
0	0
0	0
0	0
0	81
0	2121
1218	2121
56	304
0	1651
2	199
24	155
0	84
0	2149
0	2183
0	479
9	590
0	2285
61	478
0	573
0	198
182	310
0	0
0	2286
0	292
1	668
6	0
18	661
0	54
31	193
2	8
0	185
0	0
0	0
0	0
0	0
0	0
0	0
0	0
0	0
0	0
0	0
0	0
0	0
0	252
4	4
9	242
0	248
0	34
0	14
0	3
4	0
4	32
0	0
0	7
0	4
2	7
0	7
0	2
40	152
0	125
0	32
0	8
477	816
135	74
1	53
0	732
0	45
0	191
0	359
1	226
27	163
0	0
0	0
0	0
0	640
10	182
6	533
1	350
0	221
0	213
0	195
0	153
8	22
1	93
5	10
0	4
0	4
0	4
0	3
0	0
0	0
0	0
0	0
0	0
0	36
167	36
0	31
0	31
0	13
1	0
24	223
0	178
0	236
1	247
0	86
2	9
0	63
25	1
2	10
0	5
0	25
10	3
150	98
2	7
0	22
1	7
0	32
0	23
0	13
0	23
0	13
1	0
0	0
0	0
0	3
0	0
0	0
0	3
0	0
0	0
0	0
0	0
5	0
0	0
0	10
0	33
3	275
25	460
0	279
1	381
0	0
0	3984
0	3698
0	3584
0	3908
0	3794
9	3929
0	3871
5	1721
0	146
0	504
0	266
2	176
10	913
0	109
0	558
8	464
0	192
233	16
0	11
0	5
0	4
0	0
0	0
8	477
0	444
0	477
0	217
47	174
0	193
0	202
4	144
10	41
147	69
1	69
11	1
0	337
0	337
0	0
5	402
0	359
17	169
0	7
4	208
0	131
6	88
0	49
0	100
822	438
44	0
53	49
1	36
0	10
0	11
0	0
0	0
0	0
0	1
0	1
0	1
0	1
0	0
335	1748
3	504
0	391
0	303
8	884
0	731
1	770
0	424
0	504
0	706
13	345
56	370
1	194
1082	2231
0	2049
0	535
57	2
1	208
101	0
0	6
889	896
110	896
0	0
0	0
0	0
0	0
0	0
1	1248
0	1313
2	793
0	385
4	289
0	274
64	453
0	406
0	428
0	381
0	344
8	85
0	138
3	54
0	147
14	2
0	2
0	1
4	1
21	786
3	527
0	565
11	376
1	247
0	175
33	183
5	47
0	0
0	0
0	468
0	597
0	227
15	170
0	70
0	0
2	3
0	763
0	333
49	2
66	14
0	72
47	407
200	1461
0	1334
0	1292
0	1301
1	1292
8	5
0	5
0	4
0	2
15	2
0	0
0	0
0	0
0	0
0	0
0	0
236	14
0	14
0	64
5	712
7	716
0	84
1	174
0	161
0	48
4	145
1	197
0	94
0	356
0	91
0	0
0	0
0	0
0	0
0	0
0	0
0	0
0	2
2	2
0	0
1	0
0	0
1	787
1	812
2	12146
1	12072
0	7437
0	11509
0	6906
0	7078
0	993
0	753
0	12223
0	3104
0	816
0	12323
0	707
3	12160
0	763
0	895
3	11112
0	840
5	423
1	504
0	673
24	275
0	12289
0	1137
7	1137
0	1137
6	1166
0	73
0	47
0	73
7	28
3	6
3	936
0	313
3	1012
11	113
0	34
34	33
28	582
0	159
0	1087
13	0
15	770
1	291
0	0
1573	322
0	154
0	241
0	81
0	2464
3	2468
6	2418
0	114
0	2424
0	326
5	236
0	2450
0	1177
13	1129
0	102
1	1088
0	79
0	104
0	190
0	307
0	295
0	207
0	0
0	0
0	0
0	0
0	1
0	111
0	3
0	110
0	376
1	329
0	163
0	311
0	413
0	60
0	455
0	333
0	73
1	58
8	163
0	91
0	93
0	43
0	39
0	1794
0	1715
0	1652
3	1659
0	1591
0	1641
0	1636
0	1570
1	158
5	136
0	284
2	376
0	1731
1486	253
55	0
0	36
0	0
1	6
16	70
17	143
0	8
1	125
0	17
3	60
0	0
6	114
2	25
0	108
1	9
0	21
0	11
0	0
0	0
0	0
0	0
0	0
0	0
22	38
0	17
0	22
0	14
0	14
3	14
1	780
19	800
1	540
7	412
0	192
3	11
0	7
0	10
0	4
0	1
1	0
0	0
0	0
0	0
0	0
0	0
0	0
0	0
0	0
0	0
0	0
2	305
19	305
1	135
8	304
0	211
0	146
0	45
0	8
0	3
101	260
0	261
0	261
10	4
0	1
0	25
0	29
0	26
0	14
0	1
0	28
0	26
0	26
0	0
0	7
5	4
0	1
0	4
0	2
0	0
5	541
0	223
6	31
0	30
0	542
17	9
0	1
0	8
2415	1977
6	1977
3	701
0	235
20	484
0	42
0	39
28	28
1	14
0	10
7	293
0	238
0	55
0	125
0	0
0	0
0	0
0	0
0	0
0	0
0	0
0	0
0	0
0	0
0	0
0	0
0	0
0	0
0	17
2	38
0	41
0	41
0	14
0	6
0	6
1	6
0	5
2895	744
54	0
1	563
55	62
1	63
0	49
0	38
0	8
0	8
0	7
0	5
2	0
0	1
431	0
1090	82
6	82
2	220
4	219
0	211
0	15
0	30
0	172
2	12
0	11
2	0
0	0
2	504
21	51
0	509
3	56
0	123
6	17
253	636
0	544
7	535
0	467
0	59
38	36
78	179
58	48
0	26
0	181
0	0
0	0
0	0
0	0
0	0
11	2
0	2
0	2
0	2
0	0
76	27
53	151
64	151
0	27
1	49
0	33
4	22
0	0
0	0
0	14
2	14
2	2
0	2
5	2
2	0
193	90
1	24
3	66
0	57
3	26
0	7
0	134
132	134
12	130
8	5
1	19
0	2
0	2
0	2
0	2
0	0
0	2
0	2
0	2
0	2
90	175
0	165
0	9
260	65
0	51
1	50
156	6119
8	4938
23	276
9	757
159	4522
10	1370
0	1541
8	1131
0	0
0	0
0	0
0	0
1	0
0	0
0	0
0	0
0	0
0	0
0	0
0	787
5	780
0	779
2	789
0	12
0	0
0	0
0	0
0	0
298	1349
0	599
51	0
43	0
0	750
3	156
0	167
9	668
54	191
0	354
0	688
0	667
0	664
0	221
3	88
10	2
132	88
0	0
0	0
0	0
0	0
0	0
0	0
1	0
0	0
0	0
0	1
0	0
0	0
0	0
0	0
0	0
0	1
0	1
4	17
0	21
0	21
0	672
2	672
1	404
3	346
0	330
0	174
0	139
0	410
0	1050
0	660
1	534
6	10
0	1046
0	0
10	70
6	62
3	51
0	40
0	25
0	13
28	29
2	7
1	30
16	641
0	336
0	144
6	51
7	639
4	639
0	641
0	17
14461	17271
100	7502
40	8639
0	0
0	1545
0	504
0	671
0	1568
0	1550
3	354
0	1546
5	70
0	243
0	1549
0	1545
0	1568
55	0
0	0
0	0
1	1
0	1
0	0
0	0
0	357
2	357
0	43
0	0
131	1056
0	1250
1	1225
0	1128
1	1195
0	1086
0	1038
0	1054
0	907
0	303
0	412
6	18
0	0
120	850
1	139
0	745
0	848
3	472
0	107
0	39
1	26
1	36
0	5
3	189
2	170
18	189
0	67
0	33
0	0
0	1
0	1
0	237
0	73
30	243
0	78
0	804
13	613
9	698
2	787
0	0
5564	0
0	0
1	4
8	78
0	76
2	2
8	472
0	434
78	641
0	318
0	155
0	171
0	8
0	8
0	8
0	0
0	0
0	2
0	0
0	0
338	0
0	1
0	1
0	1
0	1
0	1
0	1
0	0
0	0
0	0
0	0
0	0
0	0
0	0
0	0
0	0
0	0
0	0
0	0
0	0
0	0
267	139
0	45
0	100
0	0
0	0
249	0
6	0
0	0
0	135
0	128
0	136
6	130
0	13
0	5
0	2
0	0
0	0
0	909
0	812
0	867
0	891
0	890
27	868
6	827
0	798
2	88
0	686
0	36
0	421
30	247
0	203
0	191
6	90
74	52
3	18
4	53
0	10
8	5
0	5
50	15
27	1
0	10
0	10
0	53
0	0
0	0
0	0
0	0
0	0
0	0
0	0
0	0
0	0
0	0
0	0
0	0
0	0
0	0
0	0
0	0
0	0
0	0
0	0
0	0
0	0
0	0
0	0
275	246
0	199
0	189
0	0
0	0
0	4
0	4
0	0
1	0
0	0
0	0
0	0
0	2
0	0
0	0
0	0
3	329
0	675
0	671
294	0
29	284
0	284
3	0
0	0
1085	0
0	0
0	0
0	0
0	0
1	23
0	11
0	21
0	19
0	1
0	23
0	548
281	0
0	698
1	285
0	283
0	254
0	295
0	266
0	266
0	322
0	326
0	65
2	17
2	40
0	67
5	36
3	33
7	826
0	228
0	826
0	483
0	0
0	0
0	0
0	0
0	0
0	0
0	564
0	1
4100	1554
1	329
0	570
4	116
0	686
0	0
0	0
104	1076
5	1076
12	1575
1	527
0	64
0	499
0	88
0	48
21	1499
0	260
17	181
11	16
6	109
17	137
1	234
2	247
3	143
0	0
0	0
2	0
0	0
0	0
2	286
0	286
0	285
0	286
0	93
0	126
0	1
167	219
0	107
0	69
3	143
1374	2777
0	2055
1	986
6	583
0	0
0	62
0	0
0	62
0	2792
0	5
0	5
0	0
0	0
0	0
0	0
0	0
0	0
0	1244
36	602
2	854
0	1045
0	1048
0	426
0	423
0	1486
0	224
1	128
0	163
0	1486
1	3
0	3
0	0
0	0
0	0
0	1
0	1
0	1
0	1
0	0
0	0
0	0
0	0
0	0
1	108
35	239
316	2373
64	2233
0	326
1	818
16	1384
1	516
0	89
0	168
0	26
75	173
3	11
0	11
0	11
1	11
0	22
0	98
0	6
0	6
1	6
11	17
51	22
0	0
0	0
0	0
0	0
0	0
386	429
7	285
6	372
2	191
0	128
0	120
0	28
87	0
12	175
3107	3361
1	3205
2	3134
0	1187
7	1182
1	185
8	0
0	1
29	151
0	33
5	155
0	11
0	30
4	65
6	63
0	46
0	10
0	0
0	0
3394	554
3	134
2	117
0	148
2	37
5	151
9	4
0	355
0	0
0	2530
3	2532
0	2531
21	2532
27	2270
2	280
3	60
0	60
54	0
1	399
0	812
6	262
0	106
5	35
4	793
23	56
4	47
0	13
0	0
0	0
0	0
0	0
0	0
0	0
0	0
0	0
31	472
11	208
20	263
24	61
53	16
0	0
0	0
0	61
0	61
0	34
0	23
0	87
1	62
11	27
9080	3506
1	652
88	82
45	2770
49	2244
0	836
1	198
139	134
278	533
83	59
2	394
0	139
0	0
0	0
57	202
0	136
0	143
0	186
0	126
1	0
0	0
20	0
0	0
0	0
166	568
4	568
3	16
0	0
0	0
0	291
0	1631
213	1719
146	379
3	200
0	96
0	0
0	0
0	63
2	50
2	6
0	1
0	1
0	63
2721	134
1	134
1	914
1	777
0	231
0	156
0	163
0	87
4	6
0	898
0	3008
0	3085
2	574
1	1792
34	9
107	572
1	1008
0	363
4	12
0	956
6	900
0	667
51	2
0	4
3	4
0	4
0	3
1	0
3	0
0	0
0	4
0	0
0	0
0	0
4	178
2	178
3	25
0	175
0	7
16	78
0	51
0	169
0	0
0	0
0	0
1	312
2	312
7	0
9	337
0	193
2	0
12	89
0	3
1	86
0	0
0	0
0	0
63	0
0	0
0	0
0	0
0	0
0	48
0	0
0	0
0	0
0	0
0	0
5	141
0	110
2	117
0	121
0	36
24	8
1	8
0	0
0	150
2	122
2	150
0	43
0	65
3	10
3	30
0	9
0	8
0	2
4	7
0	7
919	1360
14	1127
1	924
0	1
0	1
0	0
0	0
0	0
0	0
0	0
0	0
0	0
0	0
0	0
0	0
0	4446
15	1143
0	1079
11	893
0	1104
69	9
0	2
0	9
6	8
0	0
0	0
0	0
0	0
1	0
0	0
0	0
0	0
0	0
0	0
0	5
0	5
0	0
0	0
860	674
5	648
11	575
0	0
10	150
0	10
1	17
85	401
0	195
2	1
0	0
0	1
0	0
0	0
0	0
0	0
0	0
101	0
0	170
0	171
0	16
0	0
0	0
0	4
0	9
0	3
0	10
0	10
0	9
0	0
0	1
0	5
0	0
0	6
0	10
279	139
5	132
0	0
394	621
0	279
0	349
1	27
28	118
1	187
0	6
0	6
0	0
7	1436
7	845
4	1390
0	1158
0	305
0	321
17	1
2	1
0	0
0	0
1	0
0	0
0	0
0	0
0	0
2984	667
9	254
4	225
2	77
6	111
163	264
7	0
1	264
0	0
4	148
2	0
0	146
0	8
0	14
0	0
0	26
0	0
7	49
0	49
0	0
0	0
0	516
45	516
101	0
385	1202
24	437
60	262
5	13
96	0
35	113
0	215
0	601
0	402
0	387
41	6
0	333
0	246
0	0
0	0
536	884
2	14
0	4
567	870
14	8
1	606
21	4781
6	4804
9	3
0	112
0	2860
9	12
0	4778
0	0
4	181
0	28
1	156
2	153
0	41
2	1
0	19
227	2082
0	1950
0	299
13	110
23	57
4	649
8	1461
17	78
5	639
1	267
0	0
0	0
0	0
474	100
13	100
56	1
745	57
0	1753
1787	1877
0	1548
0	1404
5	0
0	913
1	23
0	2
0	23
0	780
4	729
52	319
0	729
0	743
1	248
0	3684
144	1691
2	559
0	2101
0	3549
0	3533
0	3225
0	2992
0	832
46	85
0	1320
0	268
6	123
0	277
0	3669
0	0
0	0
0	0
0	0
0	0
0	0
0	0
0	0
3	0
5	0
2	0
0	4
0	86
0	106
0	81
0	106
0	0
0	0
0	0
0	0
0	0
0	0
0	0
0	0
0	0
0	0
0	0
0	0
0	0
34	3526
41	3451
1	3305
0	3304
4	3127
12	160
14	237
4	85
1	12
2	117
22	110
0	0
0	0
0	0
0	0
0	0
0	0
0	0
0	0
0	0
0	0
0	0
0	0
9	49
0	46
0	46
0	9
0	8
0	3001
109	2938
0	2172
3	200
14	106
20	343
5	856
0	800
0	1165
0	0
0	0
0	0
0	1
0	0
0	0
0	1
0	0
0	1
95	554
13	455
61	97
0	648
15	602
0	235
18	56
13	92
0	27
0	63
0	91
2	79
0	73
0	2
0	0
17	3356
0	3357
66	0
3	3255
0	0
0	0
0	0
27	29
0	1
1	0
0	28
0	0
0	0
0	0
92	0
0	1
0	1
0	0
0	116
0	83
34	9
0	88
0	88
3	58
0	0
0	89
72	20
0	20
140	134
0	134
3	42
1	31
3	24
0	0
0	0
0	0
0	0
13	3
0	3
0	1
0	1
0	1
0	0
0	1
0	0
0	0
0	0
0	0
0	0
0	0
0	0
0	0
0	0
0	3
33	5
0	382
0	426
0	7
0	427
3	300
4	370
0	275
0	0
0	0
0	0
0	0
217	1481
5	1487
1	1425
0	103
49	0
1	43
0	0
0	0
6	10
0	9
0	0
0	1
0	5
12	1372
5	1378
3	1158
1	30
0	1356
7	557
0	14
0	12
0	14
0	14
0	4
0	2
0	0
0	4
0	2
0	6
0	6
0	3
0	3
0	2
50	591
0	214
2	115
0	0
1	268
1	370
0	462
0	526
0	487
0	413
9	171
6	85
0	0
1	0
0	0
0	0
0	0
0	0
255	324
0	48
6	61
13	16
0	303
1	134
0	68
0	6
0	4
0	0
0	6
0	148
0	129
0	228
0	177
0	143
0	190
0	177
0	178
0	131
0	201
0	109
0	56
0	155
0	127
0	0
0	0
0	0
0	0
0	0
0	52
12	52
112	312
6	312
0	52
9	52
1288	528
73	237
62	503
0	0
0	0
0	0
6	14
8	14
0	0
0	0
0	1070
10	472
11	663
5	591
0	1050
3	996
0	732
0	687
0	789
0	986
0	1016
0	979
2	872
3	478
0	17
2	391
0	449
8	261
0	5
0	0
0	260
0	317
0	278
3	82
0	58
0	354
0	231
0	0
0	0
0	83
0	83
1	28
1	23
0	231
0	67
0	80
0	247
0	759
190	868
0	730
0	802
4	6
0	43
16	12
3	41
12	616
0	585
0	136
3	377
0	4
5	294
33	9
0	0
1	742
0	753
0	177
1	110
3	80
0	21
0	11
0	0
0	0
0	0
0	0
0	0
0	0
0	0
0	1006
6	985
73	1000
0	17
0	0
0	0
0	551
0	295
0	322
0	351
0	93
0	97
1	81
35	77
0	71
0	63
0	41
13	231
4	194
0	161
0	1821
1	1803
0	1839
0	56
1	18
0	1801
0	0
0	0
0	918
0	945
0	1020
10	1089
3	92
0	148
1	820
1	1052
38	1105
0	221
0	777
3	247
34	46
19	926
0	266
6	175
0	576
5	66
0	79
0	276
2	419
0	14
39	0
0	557
17	147
12	89
58	89
11	581
0	581
0	433
2	566
0	99
0	144
1	38
6	124
0	130
0	29
0	0
0	0
0	0
0	0
0	0
0	0
1	0
0	1
0	1
0	1
0	1
0	1
0	1
0	1
0	0
0	0
0	0
0	0
0	0
0	0
0	0
0	0
0	0
2	1430
2	1059
1	1175
28	221
13	1390
1	137
12	392
8	259
0	0
0	49
0	9
0	1048
0	2
0	180
0	2
44	10
8	1
1	1033
0	1
0	1049
60	168
25	183
2	412
44	217
0	1046
0	0
0	0
7	457
0	457
0	49
0	0
0	276
0	289
0	267
0	310
1	239
0	271
0	255
0	216
1	34
29	2621
0	2588
0	2339
0	2098
0	1989
0	415
0	486
138	97
2	97
0	0
0	0
0	0
14	8
0	7
0	5
0	5
0	0
0	0
0	0
0	0
8	0
0	5
0	5
0	23
6	23
3	8
647	355
0	83
1	132
38	166
0	0
0	11
0	31
2	31
0	11
0	0
0	0
0	0
3	0
0	0
0	0
0	0
0	0
0	0
0	109
0	98
0	36
10	41
6	80
0	82
2	21
308	742
0	96
0	581
2	124
0	175
0	101
3123	9094
21	2064
49	3271
5	3916
0	1429
0	7776
1	1382
7	705
19	972
26	368
3	214
0	8
0	7
0	8
0	4
0	0
0	1
0	0
17	3999
2	1011
0	933
4	128
12	327
12	1358
5	608
10	149
4	283
4	110
0	53
0	207
8	137
1	92
63	0
0	3907
0	0
0	0
0	0
0	0
0	0
0	276
1	276
0	0
0	0
4	0
23	284
0	260
70	65
3	65
0	29
0	0
0	0
0	0
0	0
0	0
0	0
4	8
0	8
0	7
2	2
0	2
5	607
0	223
3	63
6	21
0	25
0	620
0	0
0	0
0	0
0	0
0	0
0	0
0	0
0	0
0	0
0	0
2	2
0	2
0	6669
0	3933
85	2483
0	4182
0	1131
108	1149
87	106
78	346
0	6796
0	1999
0	7591
0	2259
1	299
15	36
0	1214
13	127
6	1141
0	1134
1	849
4	1152
12	307
0	161
262	42
0	7646
57	573
12	83
0	23
0	490
4	119
0	0
0	0
226	272
413	272
0	0
0	0
0	0
0	0
261	124
0	90
15	65
6	11
66	220
0	18
12	18
0	162
0	99
0	467
0	470
1	451
0	43
39	91
0	463
1	6
1	16
0	48
1	463
0	463
0	0
0	1
0	1
0	1
0	0
0	0
3	0
0	1
0	0
0	0
0	1
0	0
0	0
0	0
0	0
0	1
0	0
0	1
0	3
0	3
0	0
7	56
0	59
0	61
0	59
0	15
9	19
0	2
0	10
0	8
4	5
13	183
0	173
2	122
0	134
0	20
0	85
0	46
0	55
0	49
0	0
0	0
0	0
0	0
14	223
9	186
3	9
0	221
0	11
0	12
1	1
0	5
0	3
0	4
0	2
61	117
9	103
1	29
7	14
8	0
6	614
0	422
2	429
12	58
0	431
0	75
80	139
3	98
2	4
0	128
5	59
11	1
34	695
0	1028
0	947
0	950
0	871
0	203
0	172
0	82
0	0
0	0
0	0
12	222
0	253
0	0
0	285
13	8
0	6
0	253
0	85
0	241
2	285
4	96
0	159
0	131
710	475
13	475
10	359
1	65
0	52
0	10
2	8
7	3
0	65
0	0
0	0
0	0
0	0
0	0
0	0
0	0
0	1
0	1
0	1
0	1
0	1
0	0
0	0
250	1147
5	1143
0	477
56	0
0	0
0	0
0	0
129	0
0	0
0	2
0	2
0	0
0	0
0	0
0	0
0	0
0	0
0	0
0	0
0	0
10	4705
34	21
0	1423
0	3907
0	4079
0	3949
0	4053
0	4162
0	357
0	99
15	8
0	276
2	189
0	552
57	3
15	256
9	362
0	4823
0	160
465	442
2	240
3	8
16	129
9	283
0	266
4	329
2	217
0	8
0	0
4	6
0	9
0	0
0	0
0	0
0	0
23	573
0	296
0	488
0	565
0	94
0	115
0	88
0	0
25	205
6	31
0	33
0	12
165	16
0	9
1	10
0	325
0	39
14	103
0	51
0	288
12	145
1	331
0	23
2	60
4	155
26	24
0	0
0	0
0	0
0	0
0	0
0	0
0	0
0	0
0	0
23	6
0	15
3	9
73	232
4	0
0	0
0	0
0	0
0	0
0	44
0	83
2	86
11	47
1	0
2	3
0	81
0	85
0	0
0	0
0	0
0	2
0	2
0	22
0	0
1	0
0	5
0	1
0	3
0	1
0	22
0	0
0	0
0	0
0	0
0	0
5	0
1	0
0	0
0	0
0	0
0	0
0	0
0	0
0	0
0	0
0	0
0	0
39	272
17	272
590	135
40	135
0	108
3	103
0	58
0	15
1	25
0	15
9	43
4	14
1	33
32	28
0	74
334	251
1	1
0	0
0	235
68	31
0	12
0	19
0	0
0	0
18	98
1054	417
0	255
17	64
28	0
14	0
0	1322
0	1189
7	21
34	962
10	367
0	371
0	0
0	0
0	0
0	0
0	0
0	0
0	0
0	0
0	0
0	0
0	0
97	75
1	75
0	16
706	161
62	81
1	80
38	0
0	263
0	300
46	249
0	208
0	235
0	199
1	185
0	102
1	93
11	0
46	0
24	97
6	97
0	118
33	115
9	31
3	27
7	43
13	12
0	12
0	36
0	9
0	6
0	37
0	19
834	90
0	88
0	10
250	705
0	705
0	705
0	0
0	0
0	0
0	0
0	0
0	0
0	0
0	0
0	0
0	0
0	0
0	3
0	0
0	0
0	0
0	0
0	36
0	39
2	0
0	0
3	492
163	579
6	315
0	5
9	1
0	1
0	0
0	1
0	1
0	1
0	1
0	1
0	0
22	0
0	0
0	0
0	0
0	0
0	53
2	31
44	19
0	23
0	19
0	6
3	27
0	6
4	18
0	16
0	16
0	2
0	28
0	29
0	23
0	19
0	0
1	4
0	4
2	0
1118	151
25	150
2	1
0	1
0	251
5	619
1	591
1	24
5	241
2	12
1	131
5	98
0	0
0	0
0	0
0	145
20	23
14	48
0	94
0	5
0	0
0	35
0	2
0	75
3	44
0	44
0	289
0	296
0	256
0	253
2	203
0	131
0	98
4	72
0	117
3	30
0	69
0	295
0	2
0	2
0	2
0	50
1	12
0	43
0	49
0	38
1	4
0	3
0	5
0	7
0	7
1	3
0	0
0	1
76	0
0	20
0	26
0	26
0	0
0	7
0	323
0	341
0	352
0	349
0	91
0	113
0	94
0	74
0	30
0	5
0	0
0	0
10	71
0	0
0	18
0	62
0	0
0	39
1	39
0	5
2	25
7	1171
4	865
11	1159
0	835
0	835
0	834
0	987
16	87
0	1
0	123
0	108
5	0
10	13
0	93
0	24
0	24
0	23
0	113
2	8
3	9
0	30
40	47
0	0
0	0
0	0
0	0
0	0
7	537
0	0
289	385
15	282
2	266
0	158
9	223
0	122
2	194
0	205
0	266
0	314
0	37
4	48
0	36
0	23
1	7
0	7
5	0
0	21
6	262
0	277
129	257
2	437
0	112
0	114
0	393
0	185
0	125
0	159
73	343
26	887
0	901
0	159
4	132
0	96
1	374
0	140
0	92
0	58
5	61
0	24
289	33
0	40
0	73
0	13
6	60
0	30
0	898
0	0
0	0
0	0
0	0
0	0
2	53
18	394
0	250
280	462
146	766
112	30
17	142
8	769
0	441
4	12
495	66
1	66
4	169
0	103
2	164
0	162
0	164
0	98
0	98
2	60
0	69
0	26
0	21
0	50
1	157
0	162
0	29
0	52
0	18
0	19
2	69
6	1
3693	67
22	74
15	11
2	981
2	21779
7	21417
0	1249
16	745
3	553
24	262
37	4407
69	4537
2	476
30	526
0	0
4	0
0	0
0	0
0	0
0	0
6	6
0	21
0	11
1	18
1	126
0	100
0	48
209	8076
0	7910
0	6810
0	905
1	1605
12	1260
0	290
80	861
0	2
0	0
0	0
0	0
0	2
0	1
0	0
0	0
0	0
0	1
0	0
0	7907
2836	6026
7	1687
1	1436
7	2816
5	1424
0	1584
6	1229
0	0
0	0
0	0
0	711
0	640
0	352
4	187
0	269
0	261
9	11
0	217
0	217
2	46
0	158
0	151
66	7
0	717
24	237
0	237
7	202
0	183
0	36
0	26
0	3
0	26
0	6
1	11
0	8
0	14
0	7
0	7
0	4
0	6
9	5
1	1
25	1099
0	1253
0	1067
1	1098
1	152
0	0
0	1
0	1
0	1
0	0
0	0
235	43
31	43
0	8
0	8
0	4
0	2
0	0
0	0
0	0
0	0
0	0
0	0
0	0
0	0
5	0
0	8
8	236
1	425
0	9
5	31
2	41
0	5
0	18
1	12
0	240
0	0
109	942
0	899
10	415
0	62
25	11
108	73
0	52
0	44
187	899
1	839
0	92
17	290
1	25
0	0
0	0
0	0
0	0
0	0
254	122
47	122
0	0
0	0
0	0
286	204
0	136
0	89
0	117
0	0
0	0
309	39
1	39
0	0
0	0
0	0
0	0
0	0
0	0
0	0
1002	83
22	85
52	85
0	0
0	0
15	0
0	0
0	0
0	0
0	0
1	0
0	0
566	1557
3	1557
0	0
2	1
1	1
0	0
0	0
0	0
0	0
0	0
0	0
965	14
0	14
0	0
0	0
0	0
0	2
0	2
0	2
0	2
0	2
4	1
0	0
0	0
0	0
0	0
0	0
0	0
0	0
0	1
0	1
0	0
0	0
0	0
0	1
2	0
0	2
0	3
0	2
0	2
0	2
0	3
0	2
0	0
0	0
0	0
0	0
0	1
0	1
0	1
0	1
1351	140
2	140
0	13
0	25
0	25
0	0
0	132
249	243
0	254
3	240
8	118
1	65
0	30
0	44
0	72
22	118
0	253
4	2
2	74
86	174
0	53
0	79
0	2494
0	964
35	105
0	1171
0	1381
0	100
0	1410
0	509
1	338
13	1232
0	119
2	118
0	2447
0	2485
18	22
0	207
0	1
0	2
11	21
0	172
0	166
8	181
0	212
0	212
0	193
0	212
0	205
9	157
0	201
0	22
0	26
0	47
0	0
0	34
0	72
0	69
0	54
0	57
0	31
0	50
0	45
0	32
0	46
0	40
0	18
0	16
0	3
1	580
0	570
0	573
41	289
0	201
5	38
0	596
562	2252
8	1
0	3
0	3
0	1
0	0
0	0
0	84
0	73
0	61
0	44
1	41
0	45
0	14
1	35
0	24
0	16
2	23
0	0
0	9
0	0
2878	3526
0	1368
94	329
136	2222
2	322
0	542
1	531
1	290
9	1
0	1
0	0
0	0
15	348
0	462
4	524
2	6
0	1
0	0
1	0
0	0
0	0
0	0
0	0
0	0
0	0
0	0
0	0
0	0
0	0
0	0
0	0
235	381
0	381
796	513
0	416
1	190
16	7
38	400
0	0
0	314
0	111
2	137
0	362
3	95
3	109
0	0
0	0
0	1
0	1
0	50
0	51
0	44
0	30
0	47
4	49
0	50
0	50
0	51
0	48
0	10
0	9
0	14
0	0
0	217
2	217
2	0
0	64
7	45
0	8
0	2
3	836
3	869
1	791
1	859
0	47
6	135
4	49
1	137
0	0
0	0
0	0
0	0
0	0
0	0
0	0
0	0
0	0
0	0
0	194
0	196
0	20
2	27
0	50
36	206
0	45
0	40
59	2
0	0
0	0
3	209
12	0
18	209
0	0
0	207
1	193
1	57
0	0
2	0
0	0
0	0
0	0
0	0
487	2356
13	774
195	1193
3	89
1	637
2	508
0	1
1943	0
3	904
1	859
4	248
0	969
2	87
41	0
124	0
8	589
6	35
0	3
0	3
0	46
0	3
0	3
0	3
0	3
0	1
0	2
0	3
0	1
2	1
1	0
0	10
0	1
1	10
0	0
0	0
0	2
0	5
0	5
0	0
0	5
0	7
17	0
7	366
8	402
0	70
85	28
22	257
9	2
0	113
0	119
12	251
204	246
0	163
0	0
0	0
0	0
0	0
0	0
0	0
0	0
0	0
13	778
201	820
0	603
0	93
7	3326
0	3194
3	747
0	2371
0	76
1	313
0	38
0	3
96	299
0	285
0	33
0	287
6	46
0	189
0	37
0	5
0	14
39	222
0	207
0	163
0	21
0	74
1	13
2	88
0	0
0	0
1	811
0	809
12	612
9	51
1	119
0	145
7	33
1	115
2	97
0	12
1	12
0	5
0	3
0	1
1	0
1	0
0	0
0	0
0	0
0	0
0	0
305	89
0	89
0	0
0	0
4	7
0	2
0	5
0	1
0	161
0	162
0	72
4	0
0	95
0	156
1	52
1760	448
0	277
0	116
0	174
10	71
16	148
1	148
10	20
0	3
0	3
0	3
0	0
0	0
0	0
0	0
0	0
0	0
0	420
0	426
0	170
0	82
2	25
0	428
1	13
24	0
3	3
0	0
0	14
0	48
116	48
228	3750
1	1716
0	3664
2	3650
0	3498
0	378
2	204
0	134
0	196
0	280
0	357
0	133
12	175
2	107
1181	0
0	19
0	19
0	20
0	20
0	7
0	143
0	1
0	143
0	13
5	29
4	11
1	136
30	9
0	6
0	8
0	8
0	8
0	0
1	501
9	501
48	128
2	20
0	77
9	81
0	103
0	120
32	468
0	425
0	77
0	71
1	111
36	169
29	146
9	15
0	0
0	0
21	9
0	0
5	0
0	404
0	18
7	250
10	6
0	206
0	191
0	54
0	20
1	4
0	150
1	121
0	5
0	8
0	106
2	5
0	8
1	117
0	5
1	8
0	9
0	43
0	22
0	0
0	0
1	581
0	469
1	272
3	163
0	11
0	2
0	1
0	0
0	581
30	362
3	294
1	154
1	149
33	639
4	116
0	507
15	114
0	169
2	137
1396	1208
1	1193
1	383
0	202
15	568
0	537
0	100
0	112
0	0
227	130
0	16
3	114
13	34
0	256
0	293
0	124
3	351
0	296
0	286
25	300
22	1
0	229
0	1630
4	226
1	1630
52	2146
0	49
171	12
18	2137
0	0
0	0
0	0
0	0
0	0
2	16
4	14
3	0
0	2
0	0
0	0
41	2872
0	2930
22	2858
4	447
2	2287
58	2805
252	1307
0	5
0	376
25	62
5	592
1	284
3425	847
1	847
1	521
0	1222
1	113
0	440
0	1212
112	426
0	214
0	133
0	89
0	1191
2	64
7	140
13	726
0	715
22	88
29	76
4	59
0	424
0	106
0	2
0	3
0	0
0	2
0	2
0	0
0	0
0	2
0	0
0	0
0	5
0	1
0	0
0	5
50	303
0	303
0	27
0	70
0	105
99	151
0	114
0	1
13	0
11	1
0	40
0	23
0	23
0	55
1	162
0	16
2	16
0	161
1	44
0	23
0	21
0	27
2	4
2	4
0	4
20	4716
4	111
0	4053
0	2949
94	95
3	9
2	7
8	59
2	27
49	6
0	12
5	15
0	4
2	330
1	70
0	308
3	179
20	41
0	137
3	82
0	65
1	1005
0	615
4	756
1	913
0	928
0	613
2	548
241	1161
0	911
0	1060
38	195
0	44
33	168
0	163
2185	1503
33	1313
77	123
0	340
1	537
2	673
178	597
29	578
0	191
14	386
49	31
21	30
32	6
1	3
5	9
0	3
0	11
1	3
0	1
0	0
5	2
0	3
3	18
0	18
0	0
0	3
0	0
0	6
0	0
2	341
14	595
0	539
35	516
2	82
1154	1717
8	1417
6	1684
104	112
0	5
0	5
5	5
35	0
35	0
1	168
584	168
5	6
0	13
2	13
0	5
5	2
0	13
0	84
0	759
2	759
0	10
10	1
1	200
0	679
8	349
13	568
0	87
1	154
0	116
0	8
2	108
0	15
1	14
0	7
0	17
0	29
0	108
0	108
0	0
0	0
0	0
0	0
0	0
0	0
0	0
22	0
3	287
0	266
11	38
0	84
1	235
0	279
1	62
0	1
0	1
0	1
0	0
0	1
0	0
0	1984
0	2070
0	2094
0	1951
130	402
0	1261
0	2035
0	622
0	1817
0	1684
0	601
1	1803
0	106
58	128
1	84
0	135
2	139
48	1117
3	383
152	603
100	0
0	0
37	68
1	48
1	61
0	0
0	0
0	0
0	0
0	0
0	0
0	6
14	498
0	330
0	75
3	273
35	329
0	97
151	257
3	86
6	944
0	973
6	108
4	672
0	559
3	79
1	85
2	45
0	122
0	31
12	19
0	144
1	2
3	46
0	0
0	0
0	0
0	56
2	242
10	235
0	229
0	420
1	128
0	253
0	264
0	248
67	232
3073	1987
39	339
4	1693
24	152
3	141
3	141
0	138
0	81
0	52
0	47
0	30
0	0
0	0
0	0
12	74
0	9
0	74
39	7
41	157
5	155
6	22
40	241
1	230
0	44
0	6
2	9
0	34
6	379
0	253
7	256
0	47
0	66
0	104
32	19
10	59
94	44
0	78
0	17
0	0
0	0
0	0
1	0
147	8618
4	2313
41	1785
22	1929
0	8548
16	6
0	809
743	2211
11	1830
47	645
92	256
49	54
35	0
51	60
0	1
0	1
0	1
0	1
0	1
0	1
0	1
0	1
0	1
0	1
0	1
0	1
0	1
0	1
0	1
0	1
0	1
0	1
0	0
0	0
0	0
0	0
0	0
1	0
0	0
0	103
0	70
0	212
0	157
0	59
0	37
0	31
0	52
6	18
0	0
0	1
0	0
0	1
0	0
0	13
0	1041
48	603
3	75
47	12
0	27
8	1039
0	1009
0	998
1	983
0	445
139	459
2	154
1	0
0	983
0	0
210	286
5	286
1	0
0	2213
0	2213
1	223
12	276
21	2185
6	634
0	0
0	0
0	8
0	8
0	6
0	6
0	0
0	0
0	7
0	7
0	0
213	0
0	23
245	81
0	13
2	53
0	15
4	0
0	0
0	0
11	617
2	610
9	339
1	0
0	0
0	0
0	1877
1	1092
2	520
0	1849
0	1930
0	1293
45	28
0	39
0	245
0	1795
1	135
8	133
0	58
1	119
0	45
7	0
16	0
1	12
0	0
0	0
0	0
0	0
0	0
0	0
3	87
0	84
0	28
0	0
0	0
0	0
0	0
0	0
0	0
0	0
0	0
0	0
0	0
0	616
0	146
8	132
0	100
0	80
0	616
0	0
0	0
0	0
0	0
0	0
0	0
0	0
0	0
0	0
0	0
0	0
53	207
234	0
0	833
3	815
10	773
0	246
0	102
0	805
0	830
0	16
0	21
0	18
0	17
0	42
0	487
0	30
0	81
0	1
0	1
0	1
0	1
0	1
1561	957
6	290
10	127
0	591
0	0
0	0
0	0
0	0
0	0
0	0
0	0
0	0
0	0
0	0
0	0
0	0
0	0
1	595
1	575
1	168
0	307
2	106
0	31
0	34
0	39
0	40
0	42
1	38
0	34
1	19
0	6
4	13
5	13
0	1
0	0
0	0
0	0
0	1
0	0
0	0
19	431
0	397
3	53
2	26
0	44
12	1771
0	1774
1	165
7	12
0	1795
0	0
1	0
0	0
0	0
0	0
0	0
0	0
0	0
0	0
0	0
0	0
37	0
0	0
0	0
2	2
0	0
0	0
0	0
0	2
1069	751
0	463
1	52
81	474
0	276
0	232
0	2
0	0
0	2
1451	690
1	173
0	435
2	329
6	290
0	264
751	0
0	0
0	0
0	0
0	0
0	0
0	0
0	0
0	0
0	0
0	0
0	0
0	0
0	0
0	275
1	295
0	32
0	284
4	7
0	0
0	0
0	0
0	0
0	0
0	0
0	0
0	0
0	2
0	3
2	5
0	0
0	0
0	0
3	1144
18	1131
1	640
0	936
0	2
67	597
63	1098
1	0
0	0
0	0
0	0
0	0
0	0
0	8
6	23
0	9
0	0
0	5
0	7
0	2
0	21
0	14460
92	2848
46	3
0	1028
0	14498
0	14559
0	14514
0	13546
2	491
21	1001
29	0
14	179
1	581
3	284
6	699
0	14295
0	4609
3	4179
25	411
0	307
0	295
0	2388
599	4511
0	1198
0	1199
0	737
0	351
51	4499
0	4131
0	544
0	1126
58	520
51	474
113	2237
0	632
8	1024
1	624
0	1148
0	4181
0	3060
0	3268
0	134
1	242
0	42
0	62
0	28
0	44
0	9
5	9
0	0
0	0
0	3
0	3
0	3
0	3
0	0
0	0
157	869
0	156
2	748
0	2
82	103
15	519
0	0
0	0
680	8023
0	5709
0	7757
6	2342
1	534
32	431
0	496
32	3410
0	1049
2	2046
4	1407
0	0
0	1
1	27
0	144
0	136
0	10
1	11
10	132
0	0
0	0
0	7
0	6
0	7
0	15
1	9
0	9
0	15
0	168
791	403
0	401
4	9
0	5
0	4
0	1
0	1
1	1
1	1
0	1
0	0
0	1
0	1
0	1
0	1
3	0
0	0
0	0
1	160
1027	160
80	411
4	0
0	112
4	59
0	93
61	240
252	205
65	205
10	33
1	33
2	13
0	13
2	8
0	0
126	77
0	34
0	0
0	31
14	49
0	77
170	2692
1	2547
1	408
1	589
4	318
7	294
0	958
0	959
0	959
0	821
0	2
0	2
0	0
0	0
0	0
0	2
0	0
0	0
0	0
0	7
0	5
0	5
0	7
0	0
0	7
4	1
5	235
9	236
0	75
4	30
0	18
19	62
0	9
0	0
167	0
4	0
0	0
0	0
1217	1206
0	592
34	536
21	62
0	98
0	0
0	0
0	0
0	58
18	103
0	9
267	280
1	272
0	0
0	0
0	0
0	0
0	0
0	3
0	5
0	5
0	5
0	3
0	0
0	0
494	138
0	140
3	158
0	120
7	2
14	4
0	0
0	0
0	20
5	20
0	401
0	153
0	341
0	290
3	249
0	66
0	342
0	291
2	341
22	326
85	456
1	32
1	118
0	72
0	0
0	0
0	0
0	0
0	0
0	1
0	0
0	1
0	182
2	164
3	182
0	25
0	149
0	0
0	0
0	32
0	0
0	0
0	0
3	110
0	51
0	108
614	1824
18	1734
7	1818
16	625
221	36
6	150
0	99
81	99
0	81
0	0
0	0
0	0
0	0
0	0
0	0
0	0
0	1
0	1
0	0
0	0
0	0
0	0
64	264
20	16
1	19
1	0
12	81
0	202
315	2238
3	781
6	773
0	1170
68	411
0	9
0	9
9	0
0	8
0	0
0	0
31	1253
2	749
38	234
0	452
0	1253
0	228
5	97
7	193
10	191
1	210
0	1
4	22
0	21
0	1
0	3
0	1
0	1
0	1
0	1
0	0
0	0
0	0
0	0
0	0
0	0
0	0
0	0
0	0
0	0
176	22
0	21
0	1
0	0
0	0
0	0
0	0
0	0
10	91
6	91
926	0
0	13
1367	617
3	600
2	449
0	70
17	91
0	18
0	97
2	33
0	29
1	77
0	14
0	10
0	14
0	10
0	7
0	6
1	7
0	4
0	7
0	0
0	0
0	0
0	7
0	7
0	7
0	0
0	0
1	19
1	19
3	16
0	3
1	0
0	0
0	148
0	177
0	176
2	134
0	28
2	37
0	0
0	0
0	0
0	0
0	0
145	2125
2	146
0	184
0	873
0	2022
2	1918
3	1907
10	262
0	0
0	217
0	126
5	168
12	36
0	238
0	283
0	279
48	180
0	122
0	264
0	259
0	256
0	252
0	258
0	249
0	241
0	256
0	260
0	245
0	249
0	239
0	241
0	240
0	239
0	230
2	0
1	47
1	12
2	23
0	10
0	134
1	137
0	33
0	34
0	3
0	255
0	255
0	0
0	0
0	0
0	779
1	779
10	779
0	747
0	647
3	51
0	16
0	130
90	225
0	29
3	16
0	215
0	29
2	32
0	0
0	0
0	0
0	0
1	264
191	1486
1	262
0	1299
63	1465
0	2
0	0
0	0
0	0
0	0
0	0
3	196
7	209
0	3
2	11
0	11
2	11
0	2
3	2
0	0
0	0
0	0
0	0
0	0
13	3
0	7
1	46
0	5
0	7
86	48
0	2
0	2
1	0
0	0
0	0
0	0
0	53
182	53
2188	919
73	919
0	9
0	10
0	13
0	11
0	19
0	18
0	3
0	9
0	16
0	8
0	3
0	7
0	1
0	5
0	7
284	1310
8	788
2	360
1	49
3	167
0	264
35	298
264	253
13	199
3	54
122	7
3	7
2	424
2	248
30	424
0	3
26	3
0	3
0	0
0	5
0	8
0	8
0	5
0	8
0	8
0	0
0	2
0	2
0	2
0	0
0	0
0	2
0	2
1	372
1	376
0	374
1	355
0	35
0	77
0	56
0	48
0	23
0	8
0	88
0	0
29	18
0	108
223	1128
4	524
6	380
0	192
21	259
1	120
57	718
3	103
0	23
829	0
13	691
985	945
7	104
1465	362
6	29
2	259
1	90
2	359
0	48
4	24
21	140
0	83
28	317
0	212
4	15
3	320
13	0
1	130
0	137
1	38
0	0
0	0
6	231
0	222
0	0
0	0
0	0
0	0
0	1
0	0
0	0
0	0
3	1
0	1
0	5
0	3
60	6
564	107
9	21
0	47
0	58
0	5334
9	1181
6	5306
4	4031
1	1174
0	3251
14	196
1	221
0	570
3	4679
0	374
0	533
0	1428
0	1092
23	684
13	3165
0	0
0	0
0	0
1	0
0	0
0	385
0	268
0	323
0	47
0	125
0	110
0	160
0	144
0	137
0	46
2	23
22	0
0	0
0	0
0	0
0	0
0	0
0	0
0	0
0	0
0	50
0	50
0	47
0	3
0	10
0	7
2	2
0	20
0	20
0	9
0	9
0	49
11	96
42	20
8	116
266	1513
3	1084
11	1419
11	329
236	195
0	135
0	9
0	61
0	0
0	1
0	1
382	251
0	251
43	23
12	17
7	17
1	13
0	10
0	6
0	2
1	5
0	1
0	1
0	1
0	0
0	0
0	0
0	0
0	0
0	0
0	0
0	0
0	1
0	245
0	226
20	177
0	27
0	35
1	6
468	296
0	83
2	23
4	2
1	107
0	229
0	230
0	0
0	0
1	49
0	49
0	1
3	0
0	239
0	167
0	100
0	259
0	252
0	120
1	174
0	163
0	62
2	48
6	12
0	255
0	234
226	1229
349	1229
0	0
0	0
0	0
0	0
0	0
0	0
0	1
0	0
0	1
0	0
0	0
0	0
0	0
0	0
0	0
0	1510
32	321
0	1535
1	38
2	240
6	1513
0	1065
0	53
6	135
3	244
4	195
0	52
0	1534
0	2
2	2
0	219
0	8
0	20
0	20
0	216
0	39
4	81
1	73
8	137
1	19
0	193
0	11
0	109
0	103
0	80
0	109
0	151
0	65
1	12
4	13
0	18
0	0
0	22
1	22
3	36
4	26
7	763
8	763
18	482
2	110
3	86
1404	186
41	186
16	357
0	80
130	274
82	131
0	18
3	54
1	27
0	17
2	19
0	19
0	7
1	6
0	2
0	1
0	0
0	0
0	0
0	0
0	0
0	0
0	258
1	268
22	212
3	228
12	14
5	205
0	60
0	48
0	48
7	249
0	249
26	540
0	33
1	78
3	11
1	83
4	458
0	175
19	0
4	77
2	33
24	49
0	2
0	0
0	11
0	3
0	3
0	1
0	0
0	0
0	6
0	4
0	4
0	2
0	0
136	208
1	208
0	0
0	180
35	7
4	83
11	87
0	64
77	1023
0	804
40	976
1	475
14	178
130	117
0	88
13	6
5	6
0	0
0	3
1	3
0	3
0	3
0	1
0	1
0	0
0	0
0	0
0	13
0	13
0	13
0	2
1	1
0	2
0	0
0	2
0	0
0	0
0	2
0	0
0	2
0	2
0	2
1	964
0	564
0	944
0	63
0	196
27	151
2	46
5	22
41	25
0	7
1	65
0	60
0	593
1	607
3	68
0	232
0	34
0	9
99	9
0	0
8	1335
0	2214
3	2162
0	0
0	0
0	0
5	0
0	0
0	0
0	132
0	127
2	134
0	135
0	138
2	114
0	91
0	96
3	5
5	10
0	20
0	94
29	2
1	0
1	2
3	1
0	0
0	0
0	0
0	0
0	0
0	9
0	9
579	172
0	67
0	38
0	81
15	13
11	276
794	276
29	98
14	1549
1	559
28	765
1	678
14	665
3	447
7	299
2	198
0	1635
3	12
0	12
12	1011
0	4551
6	4778
51	3946
0	960
85	994
0	1149
0	731
6	174
1	321
1	694
0	403
0	649
1	240
19	238
0	11
212	0
1	0
0	0
0	0
1028	0
0	0
0	0
0	162
1	65
0	78
0	20
0	156
0	120
0	156
1	20
2	25
0	22
0	43
0	26
0	0
12	171
25	168
1	171
508	269
55	103
12	229
206	747
641	890
0	901
0	26
1	12
0	10
0	2
0	5
0	5
0	3
0	2
0	4
0	3
0	2
190	1371
0	873
0	673
18	51
150	0
0	94
3	141
2	78
4	62
0	92
0	61
0	17
0	48
2	37
4	26
0	141
0	0
0	0
0	0
1206	3971
0	3752
19	2737
12	2687
0	1420
697	0
0	0
1	0
1	865
1	867
2	64
5	2
0	199
0	259
0	868
0	259
0	792
8	234
0	767
6	752
83	11
0	11
986	924
3	110
2	299
2	536
0	41
9	67
1	380
23	15
0	133
2	2396
30	2396
0	91
0	1
0	1
0	0
0	0
0	0
0	0
0	0
262	2840
0	177
5	178
0	1258
9	1178
3	75
0	111
0	39
0	1232
0	1256
587	59
6	25
7	34
1	3151
1	3158
2	15
4	684
0	167
16	3220
8	3211
0	1417
4	225
0	90
3	323
0	1412
46	138
0	919
0	378
0	312
8	1417
0	17
0	14
0	15
0	23
0	119
4	555
2	505
3	292
0	37
0	44
0	0
0	0
0	0
0	443
0	373
0	237
4	159
4	49
0	22
0	231
400	0
23	103
1	67
0	103
0	274
5	274
0	7
0	966
45	1046
0	1219
0	1181
69	54
0	326
0	485
0	1145
0	25
0	488
4	1076
45	8
29	998
0	1
0	0
0	1
0	1
0	0
0	0
0	0
0	1
0	1
0	3
0	0
0	1
0	1
0	1
0	1
0	0
0	0
0	0
0	0
0	3
0	0
0	0
0	0
0	0
0	0
0	0
0	0
0	0
0	0
9	1374
17	751
0	111
14	418
20	480
0	887
0	927
0	222
0	102
1	25
3	11
0	171
27	0
0	54
0	51
3	16
1	6
477	0
0	0
335	0
3195	74
64	81
0	48
4	27
381	273
0	273
1	0
0	38
0	41
0	38
0	41
0	0
0	0
0	0
0	0
0	2
0	71
3	98
8	5
13	3
0	92
0	0
0	0
0	0
47	13
0	3
0	13
6	200
0	141
1930	814
18	586
0	0
0	0
0	0
0	2
0	2
0	0
0	0
0	0
0	2
3	0
0	160
0	160
1	40
0	147
0	25
0	2
0	2
0	2
923	782
8	465
0	91
0	192
0	202
0	219
0	88
0	93
0	88
0	102
13	2
0	2
8	49
0	39
0	9
4	4
0	6
0	44
0	2
0	2
0	2
0	0
0	0
0	0
0	0
0	0
0	0
0	0
3487	0
3	450
28	469
2	301
1	50
3	13
0	32
45	48
0	5
0	48
0	0
0	1
0	0
0	0
0	0
0	0
0	0
0	0
0	0
0	0
0	0
0	0
0	0
0	0
0	0
1	6
2	1
0	71
0	61
2	68
0	73
0	45
0	49
0	20
0	30
1	39
1	35
1	23
0	11
19	0
0	68
0	56
1033	0
4	0
0	0
0	0
0	4
0	4
0	0
0	0
0	0
0	0
0	0
62	928
21	928
51	48
1	145
1	79
0	55
9	51
0	50
0	50
0	26
2	50
0	9
0	0
59	415
0	400
1	273
1	256
24	0
0	9
0	395
0	94
0	395
0	0
0	82
0	102
0	38
0	69
0	0
0	86
0	38
2	37
1	82
0	4
0	62
0	0
2343	1321
8	5
0	175
58	611
40	268
7	400
0	91
25	94
3	212
1	209
16	13737
3	3862
17	938
27	3062
21	3283
18	9555
0	0
0	0
0	1
0	8
0	1
1	2
0	1
0	1
0	9
0	1
0	8
0	992
0	949
0	128
0	936
0	914
0	95
1	880
5	20
0	75
0	52
5	69
5	48
0	0
0	0
0	0
0	0
0	0
100	153
0	35
0	107
0	112
0	100
2	77
0	3694
2	15199
174	1300
8	4870
32	236
4	1302
78	11299
2	4943
10	1161
2	1949
17	1046
5	396
0	385
0	5
4	141
0	98
0	24
0	3
4	0
33	0
14	84
0	84
3	10
0	2
0	2
1	8
0	0
0	0
0	0
0	0
0	0
0	0
0	0
0	0
2	0
0	0
0	0
0	0
0	0
1	0
0	0
1621	61
82	60
384	0
3	0
0	1649
2	1569
9	1144
0	1608
1267	11119
21	4749
77	1277
0	0
0	0
0	0
0	0
0	0
0	0
0	0
0	0
0	0
0	0
0	0
0	0
0	0
0	0
0	0
0	0
0	0
0	0
0	0
0	0
0	0
0	0
0	0
0	0
3	3
0	3
0	1
0	4
0	0
0	5
0	2
0	5
0	2
2	0
0	1
0	2
2	1
0	4
382	0
1	1167
0	604
0	273
1	596
0	456
0	598
0	57
0	380
0	1146
0	323
7	187
0	1
0	0
5410	1763
43	818
20	0
8	2608
56	2608
110	228
3	222
14	12
0	228
1	189
2	43
89	57
0	50
1	42
0	42
0	39
0	42
0	34
0	37
0	36
1	3
0	4
0	0
0	0
0	6
0	8
67	1662
0	1705
0	693
3	1620
19	1304
3	1160
0	145
4	137
269	0
18	0
0	0
0	0
0	0
0	2523
10	2213
16	646
0	75
1	343
0	710
3	131
0	995
72	146
0	1
1	71
3	71
0	25
0	3
0	5
2	5
0	186
0	163
3	29
0	78
0	185
0	131
1	162
2	104
0	0
0	0
0	0
0	0
0	0
0	0
0	0
0	0
0	0
0	0
68	24
0	11
0	9
0	5
0	4
0	2
0	0
0	0
0	0
0	0
5	14
0	0
0	14
0	7
0	0
0	0
45	581
0	334
0	315
0	546
0	75
3	252
0	0
0	0
0	0
0	0
0	0
0	0
0	0
0	0
0	0
5	0
0	34
1	1
40	35
0	34
0	34
0	33
0	32
0	25
5	2
0	2
0	0
0	0
0	0
0	4
24	590
5	590
2	196
0	145
0	58
6	118
0	125
0	134
0	105
5	0
9	2
0	2
886	95
0	95
2	1
0	1
0	1
0	1
0	1
0	0
4511	371
6	221
16	150
0	0
0	0
1189	0
0	1
0	1
0	1
0	1
0	0
0	13
0	1
18	13
0	2
0	0
0	2
0	2
0	0
0	0
0	2
4	15
0	12
0	8
3	0
0	0
0	0
0	0
23	4059
59	460
26	1588
0	3862
11	3864
11	1761
4	43
0	38
0	36
524	941
639	941
0	157
0	197
6	150
2	77
100	124
0	46
0	49
0	245
1	178
2	175
6	172
2	37
0	3
0	9
0	9
0	8
0	1
0	3
0	3
0	4
0	3
0	2
0	0
0	0
46	1318
9	77
3	1274
0	461
55	360
1	494
1	601
1	293
196	1629
4	1629
105	195
0	106
0	94
1	49
0	1
0	1
0	1
1	66
0	73
0	73
0	0
0	8
1	10
827	531
20	531
0	73
0	21
0	0
0	0
0	0
0	0
0	0
1	0
0	0
59	1115
1	933
1	863
8	846
0	764
0	144
2	177
5	105
4	141
3	157
0	83
609	436
0	12
11	199
20	378
0	311
0	13
12	54
0	38
5	41
0	0
0	0
0	0
0	0
0	0
0	0
0	0
0	0
0	0
0	0
0	0
8	692
0	677
0	541
1	298
0	612
0	105
6	238
0	138
0	100
2	132
1	38
0	0
0	637
0	619
0	244
2	58
2	25
3	44
0	0
162	199
376	1558
37	0
0	179
0	101
3	463
6	728
0	1009
1	28
48	946
7	90
0	409
3	311
19	82
12	513
0	8
0	8
0	8
0	0
0	0
0	0
0	0
0	3
0	3
65	1292
4	1283
0	285
1	57
2	47
96	243
6	169
0	0
0	169
22	208
3	59
3	94
25	34
7	14
1	49
0	70
350	218
0	20
0	0
0	0
0	0
0	376
1	161
0	112
0	151
0	113
10	74
1	5
0	385
13	234
8	228
4	90
2	19
0	0
0	0
4	11
0	11
0	11
0	281
0	306
0	278
0	267
1	206
0	78
0	126
4	54
0	57
1	72
0	48
2	75
13	52
0	253
32	3985
0	3583
39	3305
108	3964
0	3951
0	3597
2	259
43	622
2	334
136	8
0	3972
189	868
0	848
2	73
1	29
2	95
0	145
28	208
13	7
10	0
0	88
0	49
5	46
3	53
2	1
8	17
0	572
113	572
0	143
0	9
0	9
0	10
0	6
0	5
0	3
53	599
20	332
5	267
14	250
0	218
20	212
9	217
4	73
1	17
0	33
5	70
0	70
4	16
109	1
38	25
157	552
10	29
5	70
29	548
0	60
3	0
0	0
0	4573
0	4888
17	4340
2	1822
8	229
0	2828
13	457
9	526
24	547
11	4
11	930
22	910
15	20
4	410
0	166
2	43
0	92
24	84
1	0
0	0
3	874
30	2631
1	349
0	2537
2	2227
1	2627
0	2009
10	202
48	1351
0	213
4	232
12	205
0	0
0	0
0	0
0	0
0	32
0	25
0	2
0	20
0	19
0	0
0	32
0	0
0	0
0	0
0	0
0	1456
0	586
76	4309
0	102
0	2626
0	2755
3	35
1	2459
0	2635
3	2607
3	4149
0	4079
0	312
14	202
0	1624
40	1331
8	48
162	0
3	191
7	193
0	79
0	14
0	20
10	39
0	11
8	9
0	131
299	392
0	392
2	286
0	84
0	0
0	0
0	0
0	0
0	0
0	2073
0	2090
0	2078
0	2078
2	700
5	238
0	203
0	175
3	110
0	127
0	81
0	40
0	50
0	43
7	47
0	31
0	29
0	2104
0	2
0	2
0	2
0	0
0	0
0	0
0	7
0	7
0	1
0	1
561	0
49	0
0	10
0	0
0	4
0	8
0	0
17	150
0	0
0	0
0	0
0	0
0	0
0	0
0	0
0	0
0	0
0	0
0	0
0	0
0	39
0	32
0	19
0	16
0	10
13	5
1	9
0	1
0	3
1	4
4	4
0	23
9	587
3	952
7	4888
0	4891
4	8
0	8
0	7
6	1
4	489
5	0
4	2
4	49
43	603
1	34
0	556
0	514
0	545
0	24
0	300
6	0
0	468
3	343
2	19
0	12
0	32
0	25
0	405
0	101
0	33
0	14
0	386
0	491
0	412
0	443
0	443
2	363
0	228
0	443
2	412
0	318
2	111
13	111
0	18
0	244
1	37
0	213
0	242
0	7
1	48
0	483
0	293
0	487
1	471
0	475
659	0
364	1161
1	520
6	296
0	413
10	43
1	17
137	63
0	53
15	48
3	5
0	63
4	180
0	250
0	185
9	973
0	978
4	468
0	187
1	187
0	186
0	132
0	132
0	247
0	238
0	191
29	123
0	232
0	232
36	23
7	76
0	2
30	30
0	1
0	9
0	1
0	16
0	17
0	1
0	1
0	2
0	2
5	0
20	0
4	0
0	70
2	70
1	70
0	61
0	55
0	28
0	5
0	1
0	1
1	4
0	10
0	0
0	5
0	3
0	0
5	302
4	1423
0	16
25	1423
8	1401
0	76
1	238
2	148
0	0
0	0
0	0
927	0
3	55
0	97
0	69
7	42
1	43
1	0
0	0
27	3882
0	3052
2	473
0	966
4	534
5	252
1	799
1	175
0	3882
1297	528
1	432
58	96
1	26
1145	0
11	0
0	85
0	34
0	31
2	13
0	8
6	11
0	9
1	3
0	71
0	0
2	166
172	173
10	1
19	7
0	23
499	216
7	216
2	196
2	17
5	183
115	129
0	129
435	490
0	490
5	134
0	0
0	1
0	1
19	1124
15	1110
1	729
2	507
0	966
0	2
0	2
0	31
0	31
2	22
0	0
1	8
0	0
3	8
0	1
0	3
0	0
51	0
0	0
0	0
61	4
0	414
0	3047
134	362
1	1255
0	3096
1	1751
1	0
0	0
0	21
0	19
19	36
0	5
0	1
0	3
0	3
0	5
0	3
0	3
1	5
1	5
0	3
0	0
0	0
0	0
0	0
0	0
41	0
2	50
0	8
6	6
0	41
0	34
0	0
0	0
74	0
0	0
0	3611
24	2606
0	2228
1	1262
0	570
18	50
10	440
0	1482
9	484
0	832
0	313
0	245
0	1875
0	1891
0	1694
2	1423
0	830
0	513
0	1441
10	17
20	856
0	853
0	857
0	425
0	3
0	3
0	0
0	0
0	1
0	0
0	0
0	0
0	0
0	0
0	0
68730	3151
0	1057
5	1027
88	3064
9	970
0	0
2	1097
58	1138
75	20
0	969
10	31
0	267
0	133
146	346
30	173
2	151
0	24
7	1
8	53
3018	1091
4	99
0	443
1	549
16	632
0	563
0	654
0	281
1	25
0	0
0	0
0	0
0	0
0	0
0	0
118	2588
78	2742
0	174
26	373
41	106
16	17
99	2674
0	0
1	0
3	0
28	73
3	48
0	25
0	15
0	15
0	15
1	15
3	0
0	0
26	121
0	95
0	3
0	72
7	3
0	3
1	0
0	0
62	1284
0	345
0	29
5	445
6	391
3	198
0	1266
8	129
0	79
0	55
0	144
1	44
0	87
0	171
1	163
312	257
0	30
26	162
0	15
3	61
0	31
0	31
0	3
0	0
0	0
0	3
0	3
0	1
0	0
2	0
0	0
0	0
0	0
0	0
0	0
0	14
0	14
9	850
2	671
750	911
7	911
5	597
1	46
48	146
1782	2350
4	1302
6	219
1	28
0	115
4	4
0	346
25	482
1	365
0	0
0	1
0	7
0	0
8	1
0	6
0	0
0	1
0	1
0	7
85	8
0	6
0	8
0	1
0	1
112	141
191	141
13	233
0	230
15	119
0	97
0	37
0	0
0	0
0	0
0	0
0	0
0	0
0	0
0	0
1	296
13	574
11	222
4	79
0	186
8	123
1	23
3	25
0	9
218	132
0	46
0	25
2	32
0	32
0	33
18	237
5	0
0	1
0	1
0	0
0	0
0	6
0	7
0	1
0	0
0	0
0	0
0	0
0	1
0	0
0	0
0	0
1	0
0	0
14	257
0	122
0	118
0	246
0	150
6	133
116	120
1	79
27	86
0	0
0	0
0	0
0	39
0	0
0	5
0	0
0	0
0	0
0	36
1	0
0	39
0	39
0	0
417	140
0	104
1	79
1	42
0	36
425	2742
3	2676
5	104
7	245
3	576
526	1
9	1
1	1
0	0
0	0
0	0
0	164
0	164
1	3
964	1608
32	86
25	1447
0	285
2	240
0	223
0	0
0	7
0	12
0	6
0	7
0	10
0	5
48	827
3	303
0	302
0	531
0	69
0	356
0	0
0	0
2	8
2	8
0	5
1	3
2	3
232	515
0	454
14	61
1	14
0	14
0	14
0	12
0	14
0	8
80	502
1	423
0	211
1	109
0	262
0	123
0	34
8	7
3	6
0	262
0	1
0	1
0	0
0	0
0	0
0	0
0	72
5	2
0	70
0	0
12	115
4	218
0	626
1	269
5	0
0	149
1	0
0	133
0	96
0	230
1	0
0	46
14	264
4	0
0	0
47	0
0	0
12	1
0	0
0	373
2	359
1	63
0	189
0	45
211	2682
0	2712
0	1249
5	29
1	1559
1	2006
7	1081
28	523
0	612
69	577
0	192
0	0
0	53
0	51
0	4
0	4
0	4
0	52
0	56
0	54
0	0
0	6
0	51
0	12
1	6
0	0
135	596
5	574
0	4
2	235
0	45
0	2095
0	21
11	45
0	190
0	407
7	17
1	1678
0	0
29	14
20	177
0	177
4716	4551
2	2810
1	1783
528	307
0	48
1	92
0	119
0	141
133	1470
0	50
1	389
0	1715
0	1775
1	1772
2	1683
0	2385
15	2385
1	1511
4	2191
23	1089
7	2367
5	121
0	430
0	370
1	94
1	282
0	93
5	6
131	129
0	110
2	36
16	1569
2	1240
0	968
4	514
2	61
0	70
0	496
8	68
75	864
3	388
2	660
0	657
2	100
235	0
0	1535
3	104
0	86
0	9
31	94
29	1147
20	693
2	665
2	322
34	322
0	406
17	395
0	0
0	0
0	37
2	14
0	3
0	34
0	0
1	152
15	261
12	199
0	218
0	64
11	713
0	10
0	59
6	703
6	108
0	15
0	23
0	8
0	0
0	15
0	23
0	2975
0	2618
0	1032
5	872
7	1468
7	2878
510	603
0	184
27	416
0	0
0	0
0	0
0	0
0	1465
2	362
0	1470
0	43
0	185
6	40
200	161
0	30
0	65
14	26
0	5
0	21
0	20
0	8
0	7
0	1
0	5
3	1
2279	1616
3	706
14	157
1	563
11	563
935	680
178	473
40	66
3	52
0	2
0	0
0	0
0	2
0	0
0	0
0	0
0	0
1	0
0	0
0	0
0	0
0	0
0	0
0	0
0	0
0	0
89	3141
12	3070
27	716
1	359
10	0
5	125
1	116
25	14
9	34
0	0
0	0
0	0
0	0
0	0
0	26
0	21
1	0
0	4
0	15
2	0
0	26
0	35
1	357
0	50
0	9
0	3
0	369
0	373
0	369
1	4
0	12
1	36
0	13
1	370
0	369
0	108
0	108
0	110
2	110
0	92
0	100
0	3
0	12
4	49
0	0
0	2
0	0
0	108
0	2
0	3
0	3
0	3
0	1
0	0
0	130
20	60
0	18
14	48
6	107
1	123
1	44
0	90
2	1
1	130
564	1252
0	81
548	1171
1088	556
1	0
0	0
0	0
0	0
0	0
1	5
0	5
0	3
0	0
0	0
2	224
0	191
0	222
1	199
25	0
1	7
0	1
0	2
0	2
0	0
55	1
9	1798
317	1858
4	66
53	0
1	824
0	64
0	192
1378	3023
1	1470
0	1572
8	400
26	375
657	66
2	66
0	0
0	0
0	0
44	142
1073	798
2	308
6	67
0	47
0	194
5	118
2	128
9	0
0	0
1	0
0	0
98	505
22	501
35	162
10	115
0	0
0	0
0	0
1	26
0	26
0	25
0	0
0	0
0	0
0	392
0	368
0	253
18	173
141	15
0	28
0	393
197	432
20	432
27	208
24	31
3	0
0	7
1	13
0	12
0	0
0	0
0	0
0	0
0	0
0	0
0	0
1	296
2811	296
0	0
79	0
0	0
0	0
0	0
0	0
3	0
0	0
0	0
0	0
0	0
0	0
0	0
0	0
0	0
0	0
2	0
0	93
0	92
1	2
21	97
0	94
0	9
0	92
0	0
0	0
0	0
0	0
0	0
117	8
0	8
0	0
0	0
0	0
0	0
31	55
0	54
1	7
1	513
0	80
34	2
81	122
12	449
1	1181
13	63
0	119
4	61
22	559
0	1463
4	227
130	844
6	838
2	469
6	297
0	158
0	0
0	1
0	1
0	1
0	1
0	0
0	0
547	279
16	279
27	34
1	126
0	0
0	0
0	0
0	0
0	0
0	1732
0	1660
1	1625
2	986
0	398
0	240
3	239
0	62
1	372
5	208
0	336
0	522
2	268
34	548
5	134
3	78
1	63
0	1746
0	0
0	0
0	0
0	0
2	39
0	1
0	1
0	1
0	0
0	0
0	0
0	0
0	1
0	11
0	28
0	28
0	11
0	11
0	11
0	0
0	26
0	0
0	0
18	0
0	0
0	0
0	149
0	160
0	149
1	140
2	160
5	146
0	3
0	0
0	0
2	0
0	8
0	24
0	17
0	0
0	0
12	649
1	252
0	249
5	252
33	397
3	35
208	1273
58	4
0	1031
5	4
4	1248
1	56
0	166
49	37
3	477
0	489
0	222
37	207
15	0
0	552
628	2664
0	761
0	2423
0	2180
43	411
0	2261
2	174
0	477
11	1954
3	2278
0	218
22	143
7	40
0	1365
22	111
18	775
275	134
0	134
5960	157
6	157
679	58
3	58
0	55
0	7
0	7
0	0
0	0
2	0
0	0
0	0
0	0
0	0
5	346
0	346
0	1
0	1
0	1
0	1
0	1
0	1
0	0
0	0
0	0
110	1334
0	1136
3	46
36	1112
0	859
7	29
2	53
3	951
6	362
12	290
0	47
0	6
0	6
19	752
0	728
0	45
0	10
0	57
156	91
0	0
8	0
0	91
1	64
0	0
0	9
0	21
2	21
1	249
0	252
0	220
1	172
0	137
0	1
17	76
784	44
0	32
1	37
0	29
0	29
5	29
0	29
0	29
0	17
5	71
69	69
0	25
2	18
0	0
3	22
9	27
0	5
1	8
1399	833
17	329
0	80
0	475
0	3
8	40
0	14
0	14
0	14
0	14
0	1
0	0
0	153
189	289
39	189
0	179
0	5
0	10
0	524
0	524
1	76
14	67
3	23
0	131
1	40
10	41
0	90
0	13
0	131
25	5
0	5
0	5
1460	6190
13	699
18	154
26	225
0	592
0	71
0	73
0	5
3	8
0	4
0	6
46	24
0	8
0	17
0	0
0	0
0	0
0	33
0	33
14	15
2	15
0	2
4	0
0	0
0	0
0	0
0	50
2	13
0	52
0	16
4	46
0	18
129	1763
0	570
2	1606
0	0
0	0
0	0
0	10272
0	10004
0	10115
0	9847
1	9742
5	580
4	410
25	0
1	29
0	41
100	94
12	4
1	24
5	44
0	101
31	123
0	5
0	22
0	0
0	0
25	21
0	5
1	6
0	0
2	0
0	10
0	7
0	5
0	8
0	0
0	8
472	152
0	90
29	62
1	13
36	23
1	23
279	151
0	87
6	117
3	60
3	45
0	37
0	37
0	0
0	7
0	0
0	0
0	0
0	0
0	0
0	0
0	0
21	473
0	1113
0	915
94	1197
19	32
10	35
14	101
0	269
0	0
0	448
2	447
46	405
0	310
0	254
1	4
35	94
0	94
412	214
43	24
23	58
0	80
0	159
4	40
1	110
565	4493
21	4164
0	4269
98	4304
155	118
6	606
0	178
8	2
91	0
0	0
0	0
0	0
0	0
0	0
21	135
0	133
0	119
0	117
1	115
0	112
0	0
0	0
0	0
0	0
0	0
0	0
0	0
0	0
0	0
0	0
0	0
0	0
0	0
0	0
0	0
0	60
1	50
0	59
0	772
2	751
18	765
0	782
0	276
4	111
2	195
0	230
8	157
28	96
0	28
0	138
27	101
0	16
0	135
0	1141
2	844
0	1169
83	752
9	191
0	81
0	63
0	48
1	170
0	1136
0	170
0	18
0	17
0	12
0	160
0	33
0	109
0	12
0	0
0	1
0	4
0	44
0	4
0	11
0	1292
0	1289
1	228
4	1012
0	330
88	332
2	62
0	397
1	172
3	166
0	124
0	254
0	400
0	194
0	377
4	55
0	319
0	308
16	200
10	61
9	39
0	103
0	18
33	20
7	6
0	0
0	0
0	0
0	0
0	0
0	746
3	84
14	655
0	559
16	26
0	26
66	563
0	544
1	471
37	17
1	46
0	62
0	82
0	23
0	0
0	24
6	0
0	25
0	24
0	23
0	24
0	25
0	987
28	979
0	595
0	796
0	281
2	5
164	47
0	15
0	561
327	586
0	10
0	479
14	5
7	23
0	0
0	4
0	0
0	0
0	4
0	0
0	4
0	1
0	1
1	1
0	1
1	3
0	0
0	0
1	0
0	0
0	0
1	47
24	486
0	470
8	23
61	154
1	484
1408	0
0	1100
0	39
0	1691
0	942
0	11
24	1777
5	165
0	1463
3	1189
1	374
1	832
1	288
0	523
4	427
5	323
0	351
28	1113
14	5372
0	5374
4	3128
322	3128
56	5342
4	5342
210	49
0	49
11	12
0	10
0	2
11	0
0	0
53	22
0	22
0	0
0	0
0	0
0	121
0	121
0	0
948	1543
0	304
0	1244
311	0
4	1414
0	83
0	306
4	268
69	1422
0	374
0	217
0	271
11	195
7	89
963	0
19	361
0	293
11	416
1	170
2	81
2	119
0	31
0	71
8	2339
0	853
0	1726
0	2012
2	836
22	324
35	981
568	1957
33	331
0	0
0	0
0	0
0	1
2	1
5	6744
146	2144
0	6744
0	8
0	80
1	6
0	81
0	62
0	38
500	0
0	0
0	25
0	572
0	578
0	582
38	588
2	107
0	38
0	487
0	201
1	39
0	108
0	85
0	64
0	35
1	35
0	21
0	25
0	7
0	6
0	0
0	0
0	0
0	0
0	0
0	0
36	23616
1	18307
84	4232
1406	16972
1	16818
7	3331
4498	7797
9	3429
1	2076
0	0
4	93
0	93
2	2
6	23
5	14
0	0
0	0
0	0
60	413
6	410
0	393
241	138
0	36
0	22
0	393
0	851
41	855
2	609
0	553
401	100
0	100
1	0
0	0
0	0
0	0
0	0
0	937
0	1103
1	391
2	973
0	475
0	337
0	573
0	218
2	277
0	517
3	468
0	464
0	417
0	204
4	124
5	5
0	3
0	0
1	2
0	15
0	15
0	0
0	0
0	0
0	3
0	3
0	0
41	156
11	156
5	36
0	0
0	0
15	254
251	843
0	233
2	261
0	308
10	353
4	353
15	84
0	0
0	0
0	0
0	0
0	0
0	0
0	0
0	0
0	0
0	0
0	0
0	0
0	0
20	188
0	0
0	0
0	0
0	0
0	0
0	0
0	0
0	0
0	0
0	0
0	0
0	0
0	0
0	0
0	0
0	0
0	0
0	0
0	0
0	0
0	0
0	0
0	0
0	0
0	0
0	0
0	0
2	708
0	708
1	706
2	7
0	7
1	0
2	0
3133	696
0	304
0	387
0	0
0	0
0	0
0	0
0	27
0	0
0	7
0	27
7	17722
1	1649
4	16666
20	11073
166	16802
0	16691
0	0
141	218
0	61
0	31
0	14
0	207
0	33
54	38
0	38
8	1488
86	1516
0	1560
110	1501
793	71
329	44
2	44
0	0
0	0
0	0
0	0
0	0
33	114
0	28
0	111
0	24
0	72
0	0
0	85
2	24
0	26
0	26
1	3
0	3
0	3
0	1
0	0
2	0
0	0
0	0
0	0
95	398
0	172
0	106
0	250
0	44
3	2
0	2
0	1
0	1
0	0
0	0
0	0
451	0
0	0
0	5
37	19
0	17
0	0
0	0
0	0
0	0
0	0
0	0
0	0
0	0
0	0
0	0
0	0
0	0
186	125
32	17
0	129
7	99
0	6
0	0
0	166
0	933
44	454
10	6
3	877
1	429
0	864
0	872
0	83
5	36
0	123
0	336
5	312
4	167
0	218
0	209
0	200
2	136
1	114
2	64
0	24
52	0
1	0
0	0
222	69
0	35
0	28
3	13
0	57
0	146
0	131
0	61
2	7
1	28
0	18
17	14
3	1
0	0
92	166
0	115
1	4
0	4
0	170
0	76
0	65
0	107
8	24
0	22
0	41
3	8
4	22
576	110
0	50
0	105
0	70
0	85
6	4338
0	1489
0	2659
36	321
14	559
0	1496
0	1302
0	1022
0	1044
0	339
6	346
0	4336
2	55
111	147
0	152
14	47
0	127
0	1
0	0
0	0
0	1
0	1
9	93
0	72
0	77
0	56
0	41
0	36
1	33
0	8
0	21
0	7
15	35
0	15
180	243
9	254
0	167
0	145
9	25
0	120
0	374
1442	943
1	610
5	133
0	213
6	116
0	1270
13	52
3	516
0	412
5	717
6	175
4	89
5	31
0	218
0	1270
0	5
1350	5
0	0
9	6587
0	7345
0	6075
0	7828
19	1164
28	1545
243	28
393	459
2	43
4	416
0	120
0	19
52	0
0	0
0	0
0	0
53	1766
106	2439
0	340
0	143
0	603
0	7
1	7
0	0
0	0
0	645
46	645
2	59
608	1295
0	186
3	399
3	423
2	115
4	88
0	722
7	749
0	0
0	0
0	0
0	0
0	0
0	0
0	0
0	0
0	0
0	0
0	0
324	0
55	299
0	28
0	44
0	299
1	12
0	0
0	0
0	0
0	0
0	0
0	0
0	0
0	0
0	0
4	6
1	2
0	4
0	4
6	56
0	56
0	16
0	1
0	6
1	17
0	0
0	0
46	0
0	610
0	1
0	1
1	612
0	433
1	496
41	38
0	27
2	31
4	34
2	7
0	0
0	0
0	0
0	0
0	0
0	0
0	0
0	0
0	0
0	0
0	21
0	32
0	0
0	31
3	20
141	67
5	67
5	3
158	9
1	9
1	0
0	17
0	17
0	16
0	17
0	16
0	17
77	0
6020	0
20	13
3	13
0	0
0	0
163	578
0	72
19	515
16	2
10	86
0	139
1	71
9	238
2	142
1	142
0	0
0	0
0	0
0	0
1	4
59	32
0	5
0	4
0	0
1	32
148	142
0	90
0	38
1	30
0	9
0	6
1	27
7	210
0	199
0	210
46	0
0	0
0	0
0	0
2	0
0	0
0	0
0	0
0	0
0	0
0	0
0	0
0	0
0	0
0	0
0	0
107	576
1	576
4	29
362	2195
0	46
28	249
3	1900
8	1
0	97
6	305
6	207
0	0
0	0
0	0
0	0
0	0
0	0
0	0
0	246
11	253
0	243
0	227
7	20
3	1
0	0
9	520
0	405
0	254
0	347
7	330
11	43
0	92
3	23
3	1
1	372
0	377
0	52
0	377
0	128
0	45
2	40
58	3229
0	5805
10	3219
16	5557
26	3637
22	802
0	3
0	4
1	1
0	1
0	0
0	0
0	0
0	0
0	0
0	0
3	395
9	98
0	122
27	133
4	40
0	36
0	33
12	65
0	41
1	9
0	27
0	7
2	8
0	7
0	0
0	0
0	0
0	0
0	0
0	0
434	100
3	100
0	0
0	0
0	0
0	0
0	0
0	0
0	0
0	0
0	0
0	0
0	0
0	0
0	0
0	0
0	0
0	0
0	0
13	130
0	103
0	94
14	107
0	104
0	128
1	67
0	14
13	0
0	544
0	531
30	46
3	47
2	5
1	5
0	0
0	0
668	347
1	347
0	537
11	512
0	389
0	116
3	120
7	77
1674	1418
8	119
45	1299
7	547
26	153
0	306
4	305
0	236
0	176
0	170
0	175
5	46
0	88
0	23
0	178
0	171
0	176
0	162
0	176
0	1
0	1
0	1
0	1
0	1
0	435
0	412
0	414
0	366
0	411
3	137
179	431
1	431
0	188
0	0
9	11
0	0
3	2
0	23
0	15
0	23
0	22
0	1
1	1
0	11
1	0
0	0
0	0
0	0
0	0
273	150
0	137
0	150
0	121
0	100
0	78
0	0
4	11
0	11
0	1
0	10
0	4
1755	1662
6	1662
0	845
2	476
12	213
2	0
0	21
9	1058
0	308
0	1022
2	224
0	238
2	300
0	979
5	114
4	230
2	8
0	10
12	13
0	0
0	1
0	2
4	1864
36	0
5	1923
5	47
0	408
1	1138
0	303
0	65
5	11
1	54
0	0
0	0
0	0
0	0
0	0
0	0
1	0
0	0
0	0
41	168
0	164
0	63
0	22
0	84
0	1
0	1
0	1
0	0
0	0
0	0
2	707
0	755
25	737
0	741
0	267
2	1
0	0
0	0
0	0
0	1
0	0
4	0
0	0
0	0
0	0
0	0
0	0
0	0
0	0
0	0
0	0
0	0
12	1126
0	1312
0	513
0	993
0	1052
0	1031
2	61
13	25
7	66
0	573
44	122
16	27
1	732
0	367
0	83
16	41
3	61
1	29
13	201
4	107
0	94
154	10829
0	10840
127	10755
17	10894
0	10894
60	10632
2	10588
217	10620
0	10310
21	9734
0	10192
39	68
0	3
0	2
21	17
0	0
1	0
355	1123
40	891
0	634
5	2329
0	3030
28	585
0	753
0	706
41	28
9	3
0	0
0	3
3	0
0	0
0	0
0	0
0	0
0	0
0	123
15	100
0	82
0	50
0	23
0	14
0	110
0	0
0	0
5	0
0	1
0	1
0	1
13	0
0	0
0	0
0	929
0	923
1	770
4	923
1	163
2	50
0	5
5	0
0	4
0	29
0	1
2	9
0	15
0	28
0	0
0	0
15	4057
0	4079
0	4095
0	4075
0	4091
1	2527
6	4446
13	2176
12	501
0	51
1	0
0	51
0	35
0	35
0	35
0	50
0	19
0	4
0	4
0	0
3	5
1	5
0	0
0	0
0	0
0	0
15	13
0	13
0	0
0	0
2	0
1	2
0	2
0	2
0	2
0	2
0	2
0	0
0	0
0	2
0	2
0	10
0	14
0	14
0	10
0	6
0	6
0	0
3	0
0	10
0	899
0	673
2	606
1	273
11	696
6	92
1	0
0	0
0	0
0	0
0	0
0	0
0	0
1	40
0	39
1	11
0	23
0	22
3	22
0	9
0	14
0	11
0	16
0	16
0	11
0	9
0	14
0	11
4	13
0	13
3	13
2	12
0	8
0	1949
0	1316
8	1019
4	498
28	1276
17	517
13	371
5	371
0	1
0	1
0	0
0	1
0	0
0	1
0	0
0	0
0	0
0	0
0	0
0	0
0	0
0	0
0	0
0	0
6	0
0	1
0	1
8	13
0	1
0	0
0	0
0	0
0	1
0	3
3	2
0	10
0	4
0	10
0	9
0	9
0	10
137	399
3	399
0	4
0	1
0	1
0	1
0	1
0	1
1	0
1	0
0	0
0	0
0	0
0	0
0	4
0	0
0	0
0	0
0	0
0	0
0	0
0	18
1	18
5	159
5	0
26	159
0	1
0	0
0	0
1400	848
1	848
0	0
4	12
0	3
0	1
0	12
0	142
15	190
0	87
11	162
11	1069
15	1069
2	980
0	1068
0	150
18	8
13	132
0	4
0	0
0	1
0	0
0	4
0	0
0	0
0	0
0	0
977	220
2	78
1	142
12	31
0	8
0	0
9	1
0	8
460	24
6	24
20	81
2	78
5	45
3	100
0	12
17	95
0	52
0	4
1	24
1	27
0	22
18	11
28	5
0	3
0	3
0	0
23	157
0	4
0	3
0	0
0	4
0	3
2	0
0	0
0	0
3	0
0	2
0	2
0	2
171	0
0	0
0	0
0	0
0	59
0	264
0	128
0	262
0	0
10	47
1	4
1	51
0	34
0	26
9	3
0	0
0	0
0	0
0	0
0	30
0	1
0	0
0	30
0	30
2	217
158	795
10	696
0	68
6	286
0	0
0	0
186	16865
0	16986
3	7396
51	8853
0	15673
0	15258
7	237
13	3281
38	0
10	1197
5	863
19	547
62	5
2	43
0	0
0	0
0	0
6	689
0	579
6	707
1	209
0	295
21	295
0	271
7	0
0	578
0	1568
0	1635
5	978
0	1289
117	52
1	908
11	789
0	203
1	83
0	19
50	6
2	75
3	116
0	6
0	3
0	2
0	4
0	4
0	4
0	4
91	2267
3	406
4	326
0	296
0	437
2	261
0	650
2	854
0	336
0	939
387	1443
3	317
7	1126
13	843
49	257
0	0
0	0
0	0
0	16
0	16
0	0
0	715
0	799
2	131
3	240
0	119
0	361
1	103
0	73
6	225
0	139
1	111
86	26
898	366
2	89
5	252
0	289
1	405
3	1448
0	72
5	82
1	195
0	191
0	1236
27	65
0	0
0	0
0	0
0	0
0	34
24	88
0	88
0	0
0	0
0	0
1388	202
7	202
0	4
0	2
0	2
0	1
0	2
0	0
0	0
0	0
0	0
0	0
19	365
3	365
0	121
5	6
0	23
55	188
2	27
0	26
0	159
1	25
0	24
0	29
0	30
0	29
0	27
0	26
0	27
0	7
10	5
0	0
4	295
104	297
89	695
0	34
2	261
4	589
0	122
11	211
1	71
0	41
3	372
6	44
0	273
0	568
0	512
0	227
0	342
0	334
0	291
0	236
3	315
0	253
0	89
0	36
0	1
0	1
1	1
0	0
0	0
0	1
0	1
0	1
0	0
1	0
3	0
0	2
0	2
0	2
0	1
0	1
0	0
0	5
0	1
0	1
1	0
0	5
0	0
26	194
0	194
0	65
0	90
1	88
9	92
13	0
21	17
0	0
0	0
0	0
0	0
0	0
0	0
0	0
0	0
0	86
3	282
2	432
0	439
0	53
0	25
5	69
0	18
0	13
0	17
0	13
0	5
0	5
0	4
0	1
0	5
0	1
0	0
0	0
0	75
0	378
0	232
9	118
2	108
0	241
0	148
0	195
18	142
0	369
3	25
28	2435
0	84
2	106
2	34
33	2427
1	1
48	103
0	84
0	92
2	12
0	16
0	19
0	12
1	24
1	32
0	18
1	12
11	6
0	385
0	176
0	386
8	14
0	358
0	167
17	295
7	119
0	34
8	104
3	408
0	423
0	169
0	32
0	33
0	38
2	33
0	26
0	28
0	38
1	7
0	0
0	277
0	260
0	297
0	419
0	448
10	463
0	10
0	463
0	4
0	4
0	2
0	0
0	0
0	2
0	2
0	1
0	0
1	0
0	0
0	0
0	3
0	3
0	0
0	2
0	1
535	0
0	0
12	136
0	342
1	342
10	246
535	880
0	753
9	445
0	252
7	188
6	34
15	185
0	0
0	0
0	0
3798	0
141	91
2	81
1	79
1	43
1	0
0	941
70	975
28	3
2	282
27	238
3	11
0	0
0	0
0	0
0	0
0	5
13	209
0	30
106	253
0	175
0	211
0	155
0	113
12	21
2	25
4	15
0	0
0	0
0	0
0	0
0	0
0	0
0	0
0	0
0	0
1	0
0	0
0	0
0	0
7	99
0	99
0	262
3	0
0	2
0	262
7	65
0	89
0	112
0	102
0	61
0	26
0	22
0	11
0	8
0	10
0	26
0	8
0	24
0	9
0	11
3	2
0	0
17	0
0	0
241	0
0	14
0	14
0	1347
4	40
3	169
18	1308
0	256
0	175
0	151
8	171
0	0
0	0
0	0
0	0
0	0
0	0
0	0
0	0
0	0
0	0
0	0
0	0
10	0
0	89
0	51
1	67
0	24
13	284
0	96
3	100
3	1
1	284
1	53
0	0
0	0
0	0
0	0
1	32
21	129
0	9
0	129
0	131
0	115
0	105
0	104
0	55
0	56
0	20
1	0
0	0
0	0
0	0
0	0
0	0
0	0
0	0
0	0
0	0
0	0
0	0
0	0
0	0
0	0
7	105
7	37
0	11
0	190
0	228
0	0
1	1
0	1
0	0
0	0
0	0
22	0
0	340
0	314
1	226
2	321
6	223
0	315
0	112
0	111
0	57
0	107
0	41
5	304
0	304
3	308
1	295
0	38
0	16
1	10
0	0
0	0
138	30
1	30
59	174
0	53
0	171
0	0
0	0
0	0
18	112
0	24
0	88
0	0
0	0
0	0
0	0
0	0
0	0
40	382
3	381
94	43
40	1
2	73
2	73
100	1656
4	1497
0	81
14	1260
4	1121
0	915
0	776
0	139
0	90
3	45
11	106
14	50
2	121
2	10
0	1129
15	0
0	0
4	0
72	0
71	654
16	649
2	636
0	578
0	631
0	447
7	156
0	5
0	2
0	13
0	8
0	423
17	423
15	8
3	43
0	0
0	0
0	0
0	0
275	763
8	194
53	721
1	100
88	528
0	236
0	591
9	494
2	591
5	232
0	0
0	0
0	0
0	0
0	0
1	124
0	159
0	146
1	10
0	152
0	158
0	67
0	137
0	119
0	121
0	139
2	154
0	109
0	62
0	78
0	65
0	52
1	1867
2	2017
2	1789
0	956
0	355
0	474
23	271
787	467
0	459
31	355
0	0
54	605
10	609
0	39
0	7
0	0
0	0
0	0
0	0
0	0
9	58
1	50
0	10
2	3
2	22
10	16
0	486
0	414
0	339
78	338
0	196
1	61
0	185
22	8
0	486
0	416
37	0
0	0
0	0
0	0
4	0
0	0
5	797
0	624
0	1071
0	4728
181	10921
205	560
1	297
0	726
0	10350
92	19
0	19
553	421
1	67
33	187
0	397
0	0
0	0
0	0
0	0
0	0
0	0
0	0
0	0
0	0
42	396
40	37
57	141
1	0
0	396
1	307
0	321
0	258
0	245
0	336
0	223
0	75
4	204
0	173
1	117
0	205
14	0
1	40
1	0
0	63
4	94
0	71
1	34
0	43
4	21
0	0
0	0
0	0
0	0
0	0
0	94
0	94
0	99
0	100
0	96
19	127
0	31
0	94
0	121
13	0
74	2678
4	883
0	2277
161	1984
0	2231
59	326
0	2330
0	2442
8	2510
2	120
0	451
20	264
0	322
0	322
0	233
239	506
0	115
177	28
0	209
32	1605
1	1207
14	2396
1791	3
14	3
0	35
0	1525
1	45
4	1186
2	11
2	1326
0	694
64	141
3	65
146	74
10	74
3	37
0	0
0	0
0	0
0	0
0	0
0	0
0	0
0	0
0	168
3	168
2	0
0	0
0	0
0	0
0	0
0	0
0	0
0	0
0	0
0	0
0	0
0	0
0	0
0	0
504	0
0	1
0	0
0	1
0	0
0	0
0	2
13	0
12	913
886	1560
6	1295
3	195
2	184
0	0
0	0
0	0
1	1872
10	1841
0	267
15	1594
4	53
4	107
12	0
0	260
0	237
0	0
610	2382
0	2156
1	2110
7	2027
0	1744
54	0
0	1619
1	378
2	192
0	396
24	339
10	440
25	130
403	2275
1	2275
4	103
5	15
0	227
0	1
0	0
0	0
0	1
0	1
0	1
0	1
0	0
0	0
0	0
0	0
0	0
57	6
1	6
0	26
5	225
0	251
2	201
5	44
3	72
2	0
0	0
0	0
1911	459
9	155
0	281
2	0
0	136
0	13
0	237
0	51
0	0
0	0
0	0
0	820
0	710
3	107
0	60
0	820
0	82
0	229
9	4
1	94
0	0
1	96
262	110
0	94
0	135
0	121
3	15
0	135
0	0
0	0
0	0
0	0
0	0
2150	838
0	536
8	547
0	329
0	0
0	0
0	0
0	0
0	0
269	358
2	104
1	197
10	60
0	43
1	2
0	31
0	31
0	31
0	12
0	5
0	29
1527	86
4	74
11	17
44	27
4	9
0	9
7	43
4	40
0	40
0	43
0	10
0	2
0	36
0	36
0	7
0	0
0	4
0	4
1	7
0	7
0	0
0	196
2	197
3	107
2	0
0	1
0	1
0	1
0	216
1	1
0	90
0	182
0	60
0	102
0	191
74	167
1	21
0	152
1	92
3	3
0	0
0	0
0	0
0	0
0	0
0	0
0	0
474	6204
764	5616
60	6204
8	2531
36	35
1	161
41	9
5	43
3	38
0	38
1	75
0	75
0	75
0	75
0	75
0	64
854	1462
10	868
0	971
1	162
52	11
230	124
0	124
3	54
0	22
0	0
0	0
0	0
0	0
0	0
5	0
0	0
0	0
0	0
0	0
0	0
0	0
0	0
0	0
390	195
9	130
0	16
0	104
6	64
4	67
1	0
0	0
0	0
0	0
0	0
0	0
0	0
0	0
4	0
6	606
0	622
29	32
22	18
14	45
6	0
2336	0
0	0
0	0
896	50
0	23
0	3
0	1
0	9
5	21
1	4
1	5
1	3
0	0
0	0
0	0
0	0
0	0
0	0
1	0
0	0
3	0
0	0
127	0
11	4
0	4
0	0
0	0
0	0
0	0
0	0
0	0
0	0
0	0
0	4914
35	41
121	4955
303	43
0	9
1	34
1	817
56	0
0	190
5	26
0	791
305	34
0	34
0	0
0	0
0	0
1	44
0	43
3	43
2	11
1	1265
0	0
0	0
0	0
0	0
0	0
8	1265
0	933
35	49
3	1143
0	65
39	44
0	85
0	1143
7	185
0	185
0	42
6	0
20	106
0	2
0	2
9	109
0	19
0	0
0	0
0	0
0	0
0	0
0	0
0	48
0	49
2	47
8	14
1	1
7	1
0	0
0	0
0	0
0	0
0	0
0	0
0	0
0	0
0	0
0	0
0	0
0	823
0	223
9	302
5	761
0	235
5	0
4	37
35	159
4	78
1	43
0	764
3	0
0	0
0	0
0	0
2	0
96	737
0	778
0	132
0	62
0	765
0	0
0	0
0	0
0	1
0	272
6	254
5	127
2	25
2	70
1	126
1	33
0	89
0	5
0	5
0	5
0	5
0	0
3	11
0	0
0	0
22	0
3	0
238	43
12	43
0	0
0	0
56	67
0	69
0	70
0	70
0	12
0	7
1	32
0	182
89	20
3	26
411	1258
12	127
1	1266
0	0
0	0
0	1
0	1
25	86
0	75
0	0
0	0
0	0
0	0
0	0
0	0
0	0
0	0
0	0
0	0
0	0
0	0
0	180
0	13
9	77
15	33
0	35
0	180
0	18
0	28
1	13
1	4
0	7
0	8
0	0
0	0
0	0
0	0
0	0
572	886
0	886
49	131
0	0
0	0
140	1127
10	1100
1	27
0	8
6	8
19	8
16	2999
0	3160
0	200
0	63
20	231
323	1875
0	1372
4	1360
4	1332
0	1065
5	277
34	0
124	218
32	433
0	445
0	448
0	265
0	59
149	0
5	0
1	133
0	75
0	0
1275	236
6	233
0	0
0	1
0	1
0	7
0	0
0	1
0	1
1	1848
0	569
110	1848
5	277
0	290
0	417
0	371
4	212
0	0
0	0
0	0
0	0
0	0
0	0
0	162
0	87
5	186
20	1947
3	249
0	1768
4	1904
0	1829
1	0
0	320
24	1515
0	215
0	273
0	193
0	701
0	215
0	275
48	66
0	38
0	34
9	36
0	50
0	22
1	0
0	64
0	66
0	1
0	1
0	0
0	0
0	4
0	28
0	19
18	77
17	62
0	77
5	2
5	278
0	271
0	32
0	34
0	18
0	52
1	45
0	33
0	327
10	329
0	316
0	303
0	0
128	117
3	2
0	16
0	22
2	37
0	62
20	154
0	92
0	154
2	79
4	7
2	146
0	81
0	0
0	0
0	0
1	7
0	7
1642	496
0	492
18	37
1	144
6	35
31	0
0	7
9	30
0	2
0	1
0	7
0	30
0	0
0	7
0	0
0	0
601	97
0	97
3	2831
2	1227
7	2503
9	68
13	148
10	139
0	131
0	0
0	0
0	0
0	0
0	0
0	0
0	0
0	0
2727	465
7	465
0	228
0	601
9	597
29	1248
0	1234
0	129
2	959
0	137
6	61
22	140
3	22
0	53
3	53
0	12
4	33
0	2749
40	3044
0	469
3	1283
9	166
22	214
1	506
56	362
0	0
0	0
0	0
0	0
0	0
0	353
0	336
0	333
0	257
0	19
7	103
2	11
0	31
0	37
0	24
5	32
5	0
1	17
1	17
0	0
38	6762
1	6762
35	608
0	53
1	51
7	25
0	18
3	4
0	56
246	130
0	34
0	115
0	129
0	58
0	57
0	53
0	51
0	6
0	4
0	2
0	13
0	1
0	0
0	0
0	0
0	0
441	0
1	2756
1	412
9	954
10	518
0	2695
0	872
0	531
1	278
0	0
0	0
45	20
0	20
0	1680
7	1627
1	1644
2	1661
0	1609
0	81
4	51
0	159
6	30
0	36
0	0
0	0
0	0
0	0
3	2899
0	699
45	2660
0	0
0	0
259	3910
5	3731
31	426
0	3501
122	232
3	640
75	2
0	0
0	0
0	0
0	0
0	0
0	0
0	0
0	0
0	0
0	0
0	0
0	0
0	0
0	0
0	0
1	0
0	0
0	0
0	0
0	0
0	0
3	57
147	81
15	33
0	24
101	7
0	7
17	0
0	2159
1	1474
6	14
14	424
14	226
15	194
0	158
0	2159
592	1447
0	1354
5	424
1	142
7	228
15	108
1	169
0	798
0	30
0	812
17	18
1	219
0	0
0	0
0	0
0	0
0	0
0	0
0	0
0	0
0	0
0	0
0	0
0	0
320	242
10	242
0	0
0	0
0	0
0	0
15	0
82	0
22	70
0	62
0	11
0	35
0	8
219	152
0	48
0	122
0	62
5	13
1	7
172	225
0	222
1	0
0	32
8	37
2	3
0	0
0	0
0	265
3	83
0	28
2	208
0	192
1	121
2	180
0	174
1	90
3	128
1118	0
0	0
0	0
0	0
0	0
1	70
1	77
0	64
0	52
5	11
2	1
0	1
0	0
0	370
3	375
0	326
0	70
0	5
0	10
0	41
0	141
0	0
0	0
0	0
0	0
0	0
0	0
0	0
0	0
0	0
0	0
0	0
0	0
0	0
3	0
0	0
4524	1519
41	28
62	1475
0	1239
74	2
99	4
1	4
6	0
0	0
1	0
0	2
0	2
0	2
0	0
0	4
56	31
1	31
24	75
0	75
0	1
0	1
0	1
0	109
0	62
0	2
0	0
0	2
0	0
0	0
0	0
0	0
0	143
6	131
2	41
0	29
0	55
0	40
0	8
21	4
0	0
0	0
11	0
0	109
512	1608
49	1123
9	1513
75	1473
0	250
22	510
1	4
49	28
2	98
0	0
0	0
0	0
0	317
1	316
28	7
6	295
641	252
0	252
0	8
1	8
0	8
0	0
0	0
0	0
0	0
0	0
0	0
0	0
0	0
0	0
0	2
0	2
0	2
0	0
0	2
0	0
0	0
0	0
0	0
0	0
0	0
0	0
0	0
0	0
0	0
0	0
999	0
0	0
0	0
0	0
2	234
6	225
3	77
4	149
0	426
52	406
1	110
1	414
0	10
31	163
0	47
0	216
0	53
0	62
0	39
1	15
11	111
0	111
0	6
0	5
0	27
1	50
10	50
0	0
0	0
0	0
0	0
0	0
0	0
0	436
0	438
0	435
10	383
5	421
3	59
0	396
4	40
8	370
53	1
0	6
0	21
0	66
0	15
3	16
0	38
3	79
0	24
0	3
38	21
6	0
0	394
0	376
0	371
0	357
0	0
0	0
0	0
0	0
0	97
0	97
0	41
0	13
0	2
0	29
0	29
0	9
0	46
2	8
0	144
3	145
1	48
3	21
0	146
132	78
3	55
1	49
0	0
0	0
0	0
0	0
0	0
8	0
0	0
0	0
0	0
0	0
0	0
0	0
0	0
0	0
0	0
0	0
0	0
0	0
0	0
0	0
0	0
0	0
2	560
2277	1219
0	269
4	208
0	240
0	113
0	171
0	0
0	0
45	413
0	395
0	269
0	76
1	316
1	51
1	157
0	0
0	0
0	0
0	0
0	0
1	0
0	0
0	0
0	0
0	0
0	2
1	30
0	30
0	3
0	1
0	1
0	0
4	524
0	269
1	551
2	18
0	128
8	30
0	554
0	50
0	32
275	139
0	139
0	36
0	108
0	103
2	65
0	70
0	91
5	5
7	36
2	42
0	0
0	0
0	0
0	0
19	0
32	400
23	398
0	16
0	62
0	46
0	14
69	29
2	29
1	105
0	38
1	472
0	472
0	396
5	396
14	472
47	91
0	92
3	7
0	12
0	2
9	323
11	322
0	51
0	14
78	478
0	478
1	0
3	1
9	0
6	1
0	2
1	128
0	132
1	5
0	5
0	4
0	13
1851	8
0	0
0	0
0	13
0	11
0	11
0	0
0	2
2	0
0	3
0	3
0	0
0	0
1	75
0	83
0	79
0	8
0	0
0	0
0	0
0	0
0	0
0	0
1	0
0	0
0	0
0	48
2	597
8	61
14	597
0	598
2	0
0	0
0	0
0	0
0	0
0	0
0	0
0	0
7	1
0	1
201	2179
61	2179
0	1355
15	1143
27	0
253	2013
3	2012
24	266
2	304
9	813
27	270
3	169
1	20
0	0
0	0
0	0
0	0
0	0
0	0
0	0
0	0
0	0
0	0
0	0
0	0
0	0
0	4
0	0
0	854
84	901
0	899
0	478
2	313
1	159
0	2
0	2
0	2
0	2
0	0
0	2
5	104
0	139
0	127
0	134
0	86
0	117
0	73
3	0
0	0
0	4
0	0
0	4
0	4
0	1
0	4
0	0
0	1
0	0
0	0
0	4
28	4276
8	4011
183	3791
224	0
0	902
0	366
0	518
0	90
3	2558
0	478
1	1052
9	483
2	990
62	3
0	1040
7	517
0	91
1	104
0	0
0	0
0	22
1	0
0	7
0	1
0	14
0	8
0	6
0	110
24	391
0	1051
0	506
0	41
0	988
1	958
152	500
5	167
0	39
0	22
0	21
6	132
0	108
0	1071
0	0
0	0
2	0
0	6
0	6
0	6
0	6
0	6
0	3
0	0
0	0
0	3
0	0
0	0
0	6
6	6
13	26
12	26
1	12
11	12
20	22
0	22
6	6
13	33
1	33
0	4
0	26
0	3
0	8
0	3
0	0
0	4
0	0
0	2
0	2
0	2
0	2
0	2
0	2
0	1
0	0
0	0
0	25
21	475
1	470
0	119
29	91
0	143
0	60
1	4
0	30
2	437
0	428
6	400
0	108
6	48
14	246
72	246
0	1
0	3
2	0
7	482
8	482
11	21
2	2
0	0
0	0
0	0
0	0
2	65
292	183
1	118
0	34
0	34
0	36
0	27
0	28
0	3
0	28
0	26
0	10
0	38
4	271
0	64
12	271
0	3
0	73
0	14
0	37
0	29
0	25
0	24
0	10
0	39
0	0
0	0
0	0
0	0
0	0
14	1
0	0
0	0
0	0
0	0
0	1
0	83
0	166
62	558
0	159
0	94
13	86
0	54
0	180
3	93
47	49
0	32
1	17
21	0
0	21
0	0
11	0
6	2690
0	0
0	0
246	1871
38	1871
0	0
0	0
0	0
460	9
6	9
843	0
3	0
0	0
0	0
0	0
7	22
0	6
0	1
0	0
0	7
0	12
0	3
0	1
0	609
0	530
0	333
37	141
0	138
4	130
19	103
0	627
0	0
26	6
1	6
3	0
0	0
0	3
0	3
0	0
0	0
0	0
0	0
0	0
0	6
165	114
25	78
7	28
1	39
0	0
0	0
1	382
0	524
8	316
11	250
9	256
33	41
172	178
9	123
0	85
6	8
0	15
0	0
0	0
47	5352
266	1642
7	6206
3	6191
0	599
0	1409
0	333
72	335
0	262
0	4
0	4
0	4
0	0
0	0
43	359
2	332
12	14
4	9
3	89
0	0
0	0
0	0
0	0
0	0
0	0
66	403
0	403
0	114
0	0
0	0
0	0
0	0
0	0
0	0
0	0
0	0
2	1355
0	90
0	0
0	0
0	0
29	2566
2	772
108	2616
8	196
1	205
0	0
0	0
0	110
0	16
0	96
0	13
0	18
0	91
0	23
21	7
0	55
0	90
0	83
3	395
1	361
0	382
1	0
0	35
0	237
7	22
0	1026
2	35
10	451
3	172
0	809
11	951
36	68
1	57
0	57
0	10
0	3
0	15
31	57
12	7
0	47
4	15
0	56
0	43
0	4
0	11
0	0
0	0
0	3
1	2
0	0
0	0
0	3
306	536
9	70
0	330
15	210
0	135
0	227
0	134
5	14
0	16
11	6
0	0
0	0
0	0
5	33
0	8
0	27
3	47
0	41
0	26
0	40
0	193
0	190
2	123
2	28
0	52
0	55
0	0
0	0
0	2
0	2
0	2
0	2
0	0
0	0
542	3896
1	1739
7	769
0	314
23	775
0	1737
5	206
0	319
0	169
3	162
257	29
0	20
0	9
0	20
0	819
0	770
20	226
0	129
117	1
11	37
0	124
0	207
0	152
2302	14799
25	12778
10	7704
30	5641
3	0
0	0
1	0
0	0
0	0
0	0
1	0
0	0
0	0
0	0
0	0
0	0
2	17
0	17
0	44
0	10
0	43
0	43
0	0
0	0
0	0
0	44
0	702
106	717
7	101
1	96
21	3
0	14
1	50
1	0
0	3
0	1
0	3
0	1
0	3
0	0
0	0
0	2
0	2
0	2
0	0
0	19
1	17
0	10
0	12
0	12
0	0
1218	17
2	17
7	0
560	2018
8	1859
28	1966
2	568
62	1748
1	52
60	726
1	183
0	36
0	37
0	4
0	21
4	34
0	21
0	29
465	111
0	62
0	0
0	0
0	2
2	4
0	4
0	786
1	1047
0	918
25	240
5	166
4	251
16	5
1	144
2819	381
6	189
2	48
0	2
0	5
0	5
0	5
0	0
0	0
0	0
0	0
0	0
3	320
0	325
68	140
242	683
4	10
0	112
46	0
16	424
0	0
161	0
14	634
18	119
0	117
8	99
0	609
0	2
0	2
0	2
0	2
0	2
0	0
42	462
0	1638
1	1633
0	1934
0	1928
0	1592
0	1210
57	1063
0	2016
5	248
0	500
0	413
2	481
0	228
3	105
0	138
0	9
3	57
3	190
9	33
0	102
0	0
5	0
0	0
0	0
0	0
44	5065
10	5065
3	5061
1	5062
0	2
0	2
52	180
1	15
1	180
0	121
0	29
0	49
0	0
0	0
17	11451
7	11364
0	2737
8	2688
11	3021
0	0
0	0
0	0
0	0
0	0
0	0
0	0
2	0
0	0
0	0
0	0
0	0
0	0
5	14
0	14
13	16
0	16
0	193
0	318
3	343
2	440
0	198
0	64
510	807
5	745
0	644
4	115
49	318
0	0
0	0
0	0
0	0
0	0
0	0
0	0
0	1319
0	1314
0	1306
0	174
0	196
22	31
1	44
0	1347
0	1339
2	482
5	143
3	7
0	482
71	82
0	82
0	0
0	0
0	0
0	450
3	447
0	31
0	41
1	32
0	0
2	0
13	0
642	739
18	438
3	721
0	0
0	0
0	0
198	102
0	81
0	32
0	0
0	0
0	0
0	0
0	0
0	0
0	0
0	0
0	0
0	0
0	0
0	27
0	27
153	0
7	0
0	0
0	61
1	12
9	404
0	396
0	49
0	64
1	53
0	26
0	30
0	19
2	7
1	21
0	26
0	23
0	168
0	17
4	34
0	162
0	167
4	2
0	12
0	22
0	18
0	17
1	7
0	109
18	407
5	512
0	591
0	339
0	0
0	0
0	0
0	0
0	2
0	0
0	0
0	0
0	0
0	0
0	0
0	0
0	2
0	0
759	5
1	181
0	58
0	185
0	185
100	0
1	0
7	266
0	242
0	79
29	55
0	98
0	89
1	70
15	75
2	41
7	567
32	567
6	23
0	6
0	9
0	7
2	7
0	1535
6	102
0	30
0	1366
0	796
2	82
0	1
235	142
1	142
0	39
41	100
37	333
18	308
4	62
237	4155
30	1321
0	113
82	2834
482	179
3	25
0	64
6	21
1	0
9	11
0	0
36	270
0	11
0	20
0	25
4	2
0	268
0	0
0	0
0	10
0	237
3	333
95	564
4	123
3	491
0	89
0	0
0	21
0	0
1	25
0	20
0	24
0	1
0	36
0	34
0	127
138	121
0	0
0	0
0	0
235	0
0	0
0	0
0	0
0	0
1	0
0	0
5	3612
2	2952
0	3667
4	3658
0	83
0	462
34	323
2	686
119	39
0	20
9	30
4	740
36	742
0	104
13	74
1	746
30	0
0	0
1	0
0	0
0	0
0	3
0	5
0	5
0	1
0	0
0	0
0	0
0	0
0	0
0	0
0	0
0	0
0	0
0	0
0	0
0	2
0	9
0	6
0	9
0	7
1	6
0	1
0	0
0	0
0	0
0	0
0	0
0	0
0	0
1	0
0	0
0	3
0	3
0	2
1	0
0	40
0	10
0	24
0	32
0	32
3	96
0	96
2	96
361	340
0	338
0	323
14	77
328	0
878	104
3	104
99	396
37	364
1	25
0	29
0	31
1	61
0	26
7	27
0	25
3	25
3	5
27	719
9	717
0	69
1144	318
39	318
0	108
10	66
0	0
0	0
0	0
0	0
0	0
0	0
3	326
6	540
0	546
28	51
0	3
0	0
0	0
0	3
0	3
295	112
8	258
82	249
1	228
0	1
3	57
0	60
0	53
0	44
4	174
0	170
0	17
0	35
0	37
0	27
0	43
1	27
6	15
0	2
0	0
0	10
40	83
0	82
0	0
0	0
0	0
0	0
0	0
0	0
0	0
0	0
0	0
0	1
0	0
0	1
0	1
0	0
0	0
0	0
0	0
0	0
0	0
0	3
0	3
0	1
0	3
7	1763
6	73
227	1723
7	11
0	1721
14	116
55	1
0	1
0	0
13	354
0	27
0	17
0	193
0	356
73	852
5	852
0	128
20	154
0	103
20	9
0	2
2	1
63	6
0	6
1	0
0	0
0	0
0	0
0	0
0	401
1	393
5	316
17	246
0	23
3	42
1	62
0	48
0	0
1	0
0	1
0	0
0	1
0	0
0	0
0	0
0	0
0	0
1	0
0	0
0	0
0	0
0	0
0	1
0	0
0	1
0	1
0	0
56	144
0	143
4	7
5	40
389	9
2	9
0	2
0	2
0	1
0	1
0	1
0	0
0	0
0	0
0	0
0	1
0	1
0	55
0	55
1	53
0	46
0	55
0	1
0	4
0	4
67	0
0	10
0	7
0	10
0	0
0	0
1	1
0	1
159	256
0	256
0	199
67	53
0	3
0	1
0	3
1	11
0	8
0	12
0	10
0	1
17	253
1	189
3	104
10	173
0	56
0	51
1	54
7	27
0	78
0	58
0	0
0	0
0	0
0	0
0	0
0	0
0	0
17	75
0	0
0	0
0	0
1504	1500
0	882
0	618
31	31
2	31
0	4
0	4
0	2
0	2
0	0
0	0
496	0
29	0
0	18
0	47
381	446
0	175
0	283
2	236
0	0
0	0
0	0
0	0
0	0
0	0
0	0
0	5497
0	5190
0	3577
0	3270
0	2015
25	845
0	1429
16	524
0	1058
0	1527
1271	56
0	2
0	2
1	4
0	4
0	0
0	146
0	146
0	97
1	334
4	262
1	263
0	50
2	272
0	288
10	22
0	93
0	0
0	63
0	61
233	78
12	67
1	249
0	240
0	22
0	272
1	0
1	2
1	398
5	14
0	7745
0	61
0	20
0	27
0	10
1	16
0	7912
0	38
5	7759
0	61
13	0
0	0
0	0
0	0
3	4615
11	4240
12	2304
12	391
12	169
7	42
0	0
694	3013
0	716
19	819
0	596
20	843
0	44
3	130
0	395
0	0
0	0
0	0
0	0
64	15
0	15
90	1435
3	3557
0	3404
7	270
0	421
0	3543
2	158
0	1663
0	1676
9	581
0	604
1	382
1	54
3	22
0	4582
129	790
7	132
6419	1285
3	291
2	406
6	577
0	0
0	0
3	4
1	2
1	2
0	0
0	102
0	96
0	14
0	0
5	137
2	11
7	4
92	133
0	47
1	132
0	47
17	3041
2	2115
1	1076
0	1074
1	445
7	3038
2	295
3	135
0	134
2	86
17	65
0	69
13	114
0	65
0	17
2963	5918
0	2661
0	4913
1	4614
0	0
0	6
0	7
0	1
1	90
0	53
1	90
0	44
3	79
1496	226
0	105
5	226
12	66
0	0
0	0
4	354
121	355
1	243
70	0
2	163
0	0
0	0
0	0
0	0
0	0
172	241
3	176
9	176
0	0
0	0
0	0
0	0
1	22
1	0
0	22
0	2539
17	10146
0	9132
0	9215
0	313
2	756
0	0
0	0
87	0
0	1426
0	868
16	435
141	1695
6	672
0	636
1	321
0	1364
1	1441
0	2954
0	120
12	89
1	397
2	276
21	279
16	9805
0	9980
0	0
0	0
163	0
3	392
0	738
0	759
0	750
0	24
0	78
4	49
0	71
0	41
1	14
0	37
0	3
83	130
0	123
0	131
0	6
0	38
1	581
0	604
0	267
0	264
9	162
6	36
0	123
3	13
1	38
0	162
0	0
0	0
0	0
0	63
0	59
0	14
0	0
0	0
4	308
0	344
0	309
44	0
0	2
0	2
0	0
0	0
0	0
0	0
0	0
0	0
0	0
0	0
0	0
0	0
0	0
0	0
0	0
0	0
0	0
0	0
1	70
21	161
920	555
7	501
0	266
0	106
1	160
0	501
0	76
0	70
3	84
1	0
0	22
0	23
0	78
5	38
0	50
0	451
0	512
1	137
17	266
7	265
0	220
3	146
0	105
50	24
5	7
0	0
0	0
0	0
0	0
0	0
0	0
0	0
0	0
0	0
0	0
13	0
4	156
0	167
7	147
0	186
0	271
0	268
0	183
5	147
1	176
1	81
0	109
0	166
0	89
5	39
0	1181
0	1180
42	1268
8	44
1	65
34	59
292	196
0	51
0	151
0	132
7	91
2	35
0	0
0	0
0	0
0	0
0	0
0	0
0	0
0	0
0	24
0	24
0	24
0	0
0	0
0	0
0	330
0	212
0	277
2	37
1	0
2327	374
3	304
22	70
10	2
131	23
1	23
54	4039
4	1248
0	1626
0	1242
0	1508
5	176
0	4037
1442	1125
2	847
0	278
2	0
46	672
0	670
4	670
1	670
0	113
0	111
1	111
38	2
0	0
0	0
0	0
0	0
0	0
0	15
150	20
6	20
1	3
0	14
0	14
0	182
0	95
0	127
0	170
0	25
117	2257
0	0
0	0
0	0
0	0
0	0
0	0
0	0
0	0
0	0
0	0
412	1143
0	52
10	117
0	115
32	29
2	59
0	63
19	75
0	72
0	64
0	6
1	45
4	11
0	23
0	33
0	61
0	36
0	7
0	8
0	2
0	7
0	0
0	0
1	44
1	44
0	3
246	30
0	30
0	0
0	0
0	0
0	0
0	0
3	18
0	562
0	17
3	812
0	140
0	749
2	106
0	853
0	141
0	7
1	7
0	7
0	0
0	1
2	1
0	1
0	0
0	64
0	103
5	268
4	306
0	417
0	525
1	503
21	379
0	55
325	96
6	96
9	164
265	201
0	234
0	26
45	86
0	57
9	39
0	234
19	1
9	214
18	685
11	680
30	192
16	0
6	880
0	37
0	708
0	413
0	422
0	883
17	39
0	30
0	0
0	0
0	0
0	0
0	0
5	21
0	23
0	4
0	15
0	0
0	3
0	2
1	70
0	195
0	176
0	196
0	53
2	155
1	157
13	126
30	70
0	1
1203	1060
3	910
7	662
2	511
648	1187
1	151
6	93
4	140
20	917
0	236
0	74
3	107
1	31
0	86
0	75
0	18
0	75
0	72
0	69
0	9
0	17
1	2
0	4
0	24
0	23
0	7
0	3
0	11
0	12
371	346
11	380
20	186
26	377
2	202
0	223
15	91
0	4
0	0
0	0
0	0
0	4206
0	2222
1	55
352	3880
0	167
5	69
99	1612
904	797
0	817
24	181
5	104
3	37
0	0
0	0
2750	884
0	884
0	0
0	6
0	23
0	0
0	0
0	0
0	0
0	0
0	0
0	0
0	0
0	0
49	44
0	162
47	191
0	135
0	179
2	47
3	24
0	64
4	27
0	30
33	23
155	279
11	255
1	25
0	250
0	59
3	60
17	60
1	0
0	0
0	0
0	0
4507	266
1	206
1	206
4	88
27	223
0	222
0	221
2284	815
5	446
13	373
0	35
10	730
0	700
26	31
2	37
1	240
3	42
0	99
0	768
0	726
21	385
0	737
0	699
2	0
0	0
0	0
0	0
63	273
0	38
0	265
6	95
34	130
86	344
0	333
0	282
0	109
0	19
6	8
0	3
1	444
6	444
0	375
1	69
1	114
18	19
0	189
0	548
1	562
0	573
0	591
6	47
0	70
3	61
0	4
0	570
0	0
0	0
0	1
0	1
0	0
0	4526
75	5577
58	30
1	5547
0	0
0	0
0	1
0	3
0	3
0	0
0	0
0	0
271	155
0	155
0	155
0	155
0	0
0	0
0	0
0	0
0	0
0	0
0	0
5	0
895	188
2	69
0	119
4619	683
0	110
0	98
0	110
1	61
0	24
68	69
4	69
0	0
1032	511
7	870
0	1404
1	354
26	458
9	106
0	179
0	196
6	21
1	698
4	623
1	105
3	475
8	475
32	150
0	358
0	306
0	300
0	14
16	0
2	148
4	20
0	22
4	0
0	0
1277	5438
13	81
0	93
0	286
0	355
0	292
3	335
0	329
183	221
0	262
20	1294
0	1626
0	243
166	883
11	2632
0	1230
0	809
9	944
0	534
17	449
0	308
7	69
0	303
46	322
0	242
14	202
0	58
2	46
1	47
0	1
0	3
9	975
2	860
15	812
4	75
37	645
0	299
21	31
1	191
2	95
4	998
0	686
0	870
0	952
8	77
22	157
0	210
0	3
26	56
0	0
34	33
0	33
0	0
0	0
0	0
0	0
0	0
0	0
0	0
0	0
0	0
0	0
0	0
0	0
0	0
0	0
0	0
0	0
0	0
158	0
0	0
0	0
0	0
0	0
0	0
0	0
10	0
3	0
0	0
0	9
0	10
0	9
0	2
0	2
0	4
0	1
0	0
0	0
0	0
0	3
0	3
13	195
0	3
0	224
0	141
0	85
3	31
0	74
0	61
0	50
31	35
1	32
335	1735
2	1701
15	467
7	259
24	0
0	0
0	0
0	0
0	1
0	1
0	0
0	0
0	0
0	0
0	0
0	0
0	0
0	1
0	0
237	3175
0	1881
0	1860
8	396
0	113
72	656
0	620
11	468
0	507
0	79
0	266
0	278
0	306
1	259
0	7
7	0
49	585
21	916
0	84
0	162
7	218
0	839
0	465
13	457
16	69
0	0
0	0
0	0
0	0
0	0
903	6515
64	482
0	469
0	183
0	22
0	17
141	40
0	468
28	147
11	147
0	8
3	8
0	5
0	0
0	6
0	7
0	0
0	8
275	3244
1	58
0	8
0	4
0	58
259	0
0	0
0	268
27	275
1	217
0	132
138	32
0	0
0	0
1	5
0	0
0	0
1	0
0	2
0	5
0	5
0	0
0	0
9	77
12	77
279	850
6	25
0	765
32	399
0	589
0	54
0	23
0	0
41	374
2	374
0	20
12	46
0	34
0	0
0	31
1	249
16	249
0	89
1	45
2	0
0	0
0	0
0	0
0	0
0	0
0	0
1	0
0	0
0	59
2	7
1	38
0	20
1	2
655	2439
0	213
3	183
2	62
0	0
0	0
0	1
0	1
0	0
0	0
0	1
0	124
3	124
4	6
1	6
406	4071
6	1278
12	736
0	0
0	0
0	0
0	0
0	0
0	0
0	0
0	3098
0	3189
0	253
0	2551
0	244
5	210
0	921
4	427
0	521
31	25
61	535
4	313
16	19
2	35
0	24
0	4
0	35
0	39
0	37
0	39
13	2
3	14
0	36
0	14
0	38
0	32
0	26
4	0
0	3
0	20
3	23
0	17
0	0
0	0
0	0
542	1534
131	1469
0	277
0	696
0	0
0	1229
1	0
23	208
27	63
12	255
7	575
10	484
0	10
0	10
0	10
0	4
0	417
1	374
1	359
37	170
14	64
1	70
0	0
0	0
0	0
0	0
0	0
0	0
17	9
0	2
0	2
0	7
712	242
0	80
1	242
688	1692
0	1487
8	1619
7	64
0	300
2	359
24	319
0	5
5	5
0	6
0	6
0	5
0	4
0	4
0	27
0	174
6	283
3	31
0	136
0	133
6	141
0	181
0	122
0	45
0	16
0	127
0	35
0	138
0	120
3	0
0	29
2	136
0	28
0	138
0	30
7	31
0	20
1	132
0	19
2	20
0	111
0	29
0	41
0	111
0	19
0	108
0	113
0	18
0	14
0	102
0	66
19	6
0	5
0	105
0	19
0	13
0	14
0	22
0	15
1	104
0	42
0	50
0	31
0	32
0	137
21	1
0	0
0	18
0	16
0	33
0	17
0	94
10	17
7	61
1	20
0	283
0	59
0	193
0	194
0	60
4	25
5	9
0	0
0	0
1	0
0	0
0	0
0	0
0	0
17	1
0	824
9	1629
128	1723
50	368
0	208
1	200
9	427
13	530
0	362
0	232
3	362
0	1
0	1
0	0
0	1
0	0
0	0
305	0
1	22
0	4
1	10
0	22
0	4
2	19
0	331
9	68
1	0
7	0
1	328
2	47
0	0
0	0
0	0
0	0
0	0
0	0
0	0
0	0
0	0
0	0
3	0
0	0
0	0
0	0
0	2769
88	11331
1	1037
0	4032
4	53
10	301
6	136
7	379
4	320
5	197
2	292
0	11340
327	755
0	341
0	432
0	277
1	1
0	1
0	0
0	0
0	0
0	0
0	0
0	0
0	0
0	0
0	118
20	25
0	83
0	83
0	5
0	5
0	0
0	0
0	0
0	0
0	0
1	7
0	7
0	5
0	1
0	1
0	0
0	0
133	128
0	92
1	94
0	51
2	44
33	4
0	33
7	15
4	10
8	34
21	1131
0	1014
32	1121
0	98
1	122
0	301
1	141
0	0
0	0
0	0
0	547
1109	3049
48	1690
13	2630
27	3019
3	69
0	2428
0	0
0	0
0	0
0	0
0	0
0	45
0	33
0	45
0	43
535	75
3	50
0	44
6	25
0	1
0	1
0	1
652	693
10	537
1	583
0	23
0	27
53	34
0	0
0	0
0	0
0	0
0	0
0	0
0	0
23	967
0	192
0	704
0	429
0	18
0	704
10	219
2288	742
0	0
1	742
1597	303
5	58
0	273
0	0
0	0
0	0
0	0
0	0
0	0
2058	3077
16	887
19	530
4	988
54	724
0	0
0	0
0	0
0	0
0	0
0	0
0	0
0	0
0	0
0	0
0	0
0	0
0	0
429	214
1	177
8	37
0	0
0	0
0	0
0	1
0	1
0	0
0	0
0	1
224	119
8	22
0	119
17	118
0	35
19	28
0	20
0	404
5	388
0	380
5	355
0	136
1	81
0	23
0	380
0	0
0	0
0	0
0	0
0	0
1	0
0	0
0	0
0	558
1	485
8	79
0	495
0	444
0	89
0	177
1	45
0	86
32	73
0	12
3	327
0	0
1	327
0	0
0	0
0	0
0	0
269	68
6	68
365	334
9	174
0	160
0	0
0	0
0	0
0	0
62	41
1	41
0	0
0	7
54	13
1	5
0	7
0	6
0	0
0	0
0	0
0	0
0	0
0	0
0	0
0	0
0	0
0	0
0	0
0	0
0	0
0	0
0	0
0	0
0	0
0	0
15	222
1	215
25	108
6	26
24	0
23	19
0	38
1	12
0	0
0	0
0	0
0	0
0	1
0	1
0	1
0	0
0	0
0	0
334	470
8	28
3	312
2	138
7	470
0	0
0	0
0	0
0	0
81	3684
2	1
5	0
0	0
0	0
0	0
0	0
0	0
0	0
0	0
142	1623
0	270
0	271
0	186
3	271
0	4
0	232
0	0
0	22
0	26
0	31
6	7
0	61
0	84
28	26
0	26
0	26
0	0
0	0
0	0
0	1972
65	310
2	32
0	1867
0	1919
1	1656
0	1656
0	1661
11	1486
6	0
0	1375
1	1562
0	1333
0	1424
0	1474
0	13
0	64
28	100
1	115
0	48
93	123
2	106
0	1912
0	1906
87	996
1	417
5	649
3	516
1	88
0	0
15	1703
0	1747
4	407
2	95
0	107
0	393
8	3
11	33
4	300
0	0
0	0
0	0
0	0
0	0
2950	126
0	14
0	21
1	123
4	123
0	4
0	4
1	24
0	5
5	0
30	10854
11	8811
14	10383
0	0
0	0
0	0
0	0
238	78
0	42
6	70
0	38
0	0
1	66
0	2
11	66
0	54
0	49
0	0
0	0
0	0
0	0
0	0
1	4901
22	4901
2	0
0	0
2	0
0	0
233	229
1	227
0	94
3	17
3116	567
215	0
4	24
0	24
430	895
1	894
75	2756
3	2650
4	831
82	5
45	14
0	1
0	1
0	3
0	3
0	2
0	1
0	1
0	1
0	1
0	2
0	2
0	0
0	0
0	0
0	2
0	2
0	2
77	135
0	7
0	135
0	17
0	117
0	0
0	0
1	2
0	0
0	0
0	2
0	0
0	0
0	0
1	165
0	167
2	116
3	28
19	28
0	8
0	8
0	0
0	0
0	0
1	43
20	88
0	83
40	1003
0	1339
0	1215
11	60
80	546
1	549
0	123
7	207
1	0
0	0
7	0
2	172
2	934
0	791
0	396
0	333
0	330
0	134
0	214
0	283
14	358
11	0
0	0
0	11
39	34
0	23
10	0
0	0
0	0
0	0
0	0
0	0
0	16
1	0
0	16
0	15
0	7
0	14
0	9
0	9
0	2
0	0
0	0
0	20
0	52
0	55
0	124
1	501
0	167
0	0
0	23
0	56
3	277
0	378
1	14
0	55
0	42
0	501
0	500
0	500
0	495
6	352
0	299
3	168
8	352
4	113
0	339
0	0
0	0
22	0
0	0
4	1
0	1
0	0
0	0
0	0
0	0
0	0
0	0
0	0
0	0
1	84
0	35
0	80
0	80
0	72
0	80
0	2
0	2
0	0
0	4
0	5
0	5
0	4
0	0
0	0
0	7
0	1
0	1009
3	10
0	883
0	1003
0	288
1	40
2	325
2	6
0	197
0	1009
0	0
0	0
0	217
0	130
0	215
0	40
0	147
0	11
0	39
4	38
0	6
0	1
0	0
0	0
3	0
0	3
0	9
0	9
0	9
0	1
0	0
2	0
0	0
11	73
176	353
4	353
0	81
0	60
0	71
0	68
2	61
20	0
9	1892
10	1918
12	66
1	413
4	320
0	684
0	451
1	151
6	238
0	522
19	150
0	0
0	0
0	0
0	1
3	1
0	0
4	16
0	0
0	8
1	8
0	16
3	446
0	448
2	103
5	113
0	209
0	159
2	188
14	105
5	9
0	0
0	2
0	0
0	1
0	0
0	1
0	1
0	0
0	2
51	527
0	141
0	480
0	475
6	30
8	141
0	15
34	7365
0	1
0	1
0	8
0	7
0	6
0	0
0	0
0	0
0	0
0	0
0	0
0	5
0	1
0	0
0	4
0	0
0	0
0	0
0	0
0	0
0	0
0	5
0	1
103	647
34	641
0	0
0	0
0	0
0	0
0	0
0	0
0	0
0	0
0	0
0	208
105	253
3	252
0	215
0	24
197	29
0	20
4	9
0	4
0	4
0	5
0	49
0	49
0	49
0	20
0	49
2	7
0	49
0	0
0	145
0	143
0	40
0	0
0	0
0	0
0	0
1	0
0	0
0	0
0	0
0	0
0	0
0	0
0	0
0	0
0	0
0	1
0	1
5	2
0	0
0	2
0	1
0	0
0	0
0	0
0	0
0	0
0	0
0	3
0	4
0	4
0	0
0	3
0	3
0	1
0	0
0	93
0	88
0	92
0	92
0	92
0	41
0	92
0	397
0	996
0	34
205	394
1	418
1	86
0	993
0	0
0	0
0	0
0	0
8	496
0	270
4	218
0	176
0	64
0	0
0	496
2	483
0	604
0	618
3	341
64	265
4	4
2	2508
0	2508
5	467
0	2380
4	34
0	97
0	41
1	90
2	268
1	48
17	447
0	33
0	148
0	64
0	134
0	18
1	128
0	464
1	30
2	189
0	50
0	22
3	14
0	26
0	103
0	11
12	19
5	28
0	234
0	235
0	221
0	96
4	19
0	60
2	64
1	7
182	234
6	3246
0	3255
78	3122
0	0
0	0
0	0
0	0
0	0
0	0
0	0
0	0
0	0
0	0
0	307
28	444
4	421
0	37
2	27
0	0
0	8
0	8
0	8
0	3
0	8
0	0
0	0
0	0
0	0
0	8
14	101
377	1064
10	360
103	622
0	0
0	272
3	271
0	233
2	86
0	3
0	205
0	12
3	96
0	103
2	42
0	125
0	2
0	2
2	378
34	378
34	71
4	57
4	36
0	28
0	28
0	7
0	1
0	28
0	28
0	0
0	0
0	0
0	0
0	0
0	0
0	0
0	0
0	0
0	0
0	1778
4	39
32	1572
2	984
0	1778
0	0
0	0
0	0
0	0
0	1
0	1
0	1
0	0
0	0
0	3
0	1
0	3
0	3
0	0
297	29
0	0
0	0
0	0
0	0
9	6
0	6
0	505
5	719
5	80
6	329
3	308
0	150
0	61
0	0
0	0
0	0
0	0
0	0
0	0
93	77
0	25
4	52
0	40
3	28
37	0
4	2642
2	480
0	475
0	32
0	117
0	394
0	0
0	2642
0	0
60	638
2	94
0	80
0	38
0	302
15	15
1	144
1	204
2	12
0	1
0	1
0	1
0	1
43	9
0	9
0	2
0	0
2	2
2	0
0	0
3	244
0	276
3	232
0	155
4	153
0	27
17	41
0	9
0	611
0	186
0	163
0	611
0	73
4	73
4	48
13	81
0	34
0	0
0	0
0	1
0	1
0	1
0	1
0	1
0	1
0	1
0	0
0	0
0	1
0	0
0	0
0	0
0	0
0	0
0	0
0	1
0	0
0	0
0	38
0	0
0	0
0	0
0	0
1	0
1	0
0	0
0	0
349	0
0	257
0	259
4	259
1	259
4	42
0	36
0	33
85	0
6	60
0	47
2	14
0	40
1	7
0	29
43	0
2	4
0	0
0	4
3	3
0	54
2	96
42	144
0	0
7	54
0	56
0	0
0	0
0	0
0	0
109	1760
55	1085
71	1000
0	1402
0	122
4	348
35	164
0	1602
0	0
0	0
0	146
1	39
0	31
0	107
0	115
0	0
11	286
9	18
44	291
80	0
1789	2676
13	640
16	232
3	282
4	1331
6	1251
54	901
0	159
0	0
0	0
5	1
0	1
0	0
0	106
0	118
3	293
0	125
7	55
2	137
0	124
0	113
0	203
193	66
0	157
0	37
6	15
10	24
0	1
0	1
0	1
0	0
0	0
0	0
0	0
0	0
0	0
0	3058
75	0
0	2276
0	1257
116	378
22	316
58	23
173	83
0	0
0	5
0	6
0	5
0	3
0	4
1	1
0	1
0	1
2	3
2	2
0	38
4	42
0	109
0	134
0	52
4	32
0	37
0	6
0	5
0	2
1	0
0	28
0	30
0	29
2	0
17	2
7	2
210	507
0	460
10	115
0	273
9	2
19	74
9	0
0	0
0	0
0	0
0	0
0	0
0	0
0	4
0	3
0	3
0	0
0	0
0	0
0	1
1	1
0	4
0	4
1	1
0	4
0	30
1	30
0	29
0	28
0	30
0	5
1	2
0	2
0	0
0	30
5139	0
0	5
4	5
1840	0
0	0
0	0
0	38
0	38
0	1
0	4
0	0
0	0
0	0
0	0
0	0
0	0
0	0
0	0
0	0
0	0
0	0
0	0
0	0
0	0
0	0
56	41
0	41
0	0
0	0
0	0
0	0
0	0
0	0
2861	284
1	140
1	32
21	147
132	5460
2789	5460
62	38
60	968
1	780
22	728
0	554
8	799
73	413
0	0
32	2172
3	128
15	97
0	88
0	124
0	2009
0	290
4	188
4	103
0	187
0	325
4	294
2	140
0	144
1	66
138	69
0	9
2	58
8	14
3	14
0	0
51	1174
0	1218
13	13884
13	10232
110	11331
0	11520
49	5777
10	511
5	213
0	159
16	162
0	1659
0	902
17	1288
78	3117
0	13924
14	0
0	0
0	0
0	0
0	0
0	0
0	0
0	0
0	0
0	0
0	0
0	0
0	0
0	0
0	366
966	661
0	326
4	547
3	249
0	101
0	1
0	103
0	100
0	95
0	4
0	16
0	15
0	26
0	2
0	11
0	15
0	27
0	15
0	15
0	1
0	9
0	11
0	9
0	29
0	11
0	18
0	13
0	29
0	29
0	21
0	31
0	23
0	20
0	18
0	13
0	14
0	12
0	11
0	4
0	11
0	12
0	14
0	1
0	20
0	11
0	6
0	17
0	12
0	0
0	30
0	0
0	0
0	187
0	154
0	4
0	191
217	35
0	35
0	17
1	17
0	0
0	0
1	0
0	5
0	5
0	0
0	0
239	120
19	48
0	108
1	0
0	16
0	115
7	105
640	99
2	85
613	6728
0	6081
0	5701
0	2815
6	862
0	974
1	460
0	1074
0	1409
0	1335
0	0
0	0
0	0
0	204
4	204
0	0
30	687
3	687
1	158
6	175
0	0
0	0
0	0
0	0
0	0
0	0
0	0
0	0
2	0
0	0
0	0
62	624
0	614
4	66
8	503
0	322
23	147
0	0
0	0
68	775
0	345
0	33
1	31
4	0
23	131
1	28
2	12
13	94
2	3
10	0
16	401
32	45
1	48
615	1912
0	1912
25	275
0	6
1	184
0	184
11	59
0	36
3	9
0	18
6	0
0	0
0	112
1	104
0	96
0	17
0	102
0	25
1	37
1	23
0	18
2	0
0	0
0	0
0	60
7	17
3	137
0	134
238	149
0	56
1	4
0	10
0	1
0	68
3	16
1	46
0	0
0	232
8	665
16	574
11	304
0	592
0	34
0	0
82	14
0	1177
8	1105
33	347
29	593
160	482
58	97
0	1175
1342	586
0	586
55	72
17	0
141	1987
7	524
0	1576
0	675
0	1049
0	309
4	10
0	10
0	30
41	33
11	9
0	0
0	0
531	491
0	132
2	359
2	71
0	48
2	6950
80	7916
1	7067
0	6833
13	1805
5	546
246	4139
0	1363
0	1020
0	405
24	0
140	432
0	49
0	81
0	43
2	85
1	145
6	188
6	179
4	269
9	4317
1	278
0	4392
0	4329
1	67
1	87
0	18
0	491
0	3943
0	637
90	3815
0	396
0	796
5	1
0	1
0	0
0	0
0	0
0	0
0	0
0	0
0	0
0	0
181	412
0	121
0	66
3	118
38	47
0	201
3	238
0	356
0	0
0	0
0	1547
0	1563
0	1546
0	1604
1	935
0	1216
0	1038
3	181
0	145
114	346
0	115
0	63
1	185
0	23
0	120
0	63
10	10
0	10
0	3
0	0
200	338
0	285
0	62
0	68
0	264
3	294
4	0
1	156
25	20
0	1
0	0
0	0
0	0
0	0
0	0
0	0
0	0
0	1
3	581
0	14
2	576
0	0
0	0
0	0
0	0
0	0
0	0
0	0
0	5
13	31
0	31
14	31
0	8
0	0
0	0
0	0
0	0
0	0
0	0
0	0
0	0
0	0
0	0
0	0
0	0
0	0
0	0
0	0
0	0
0	24
0	24
0	0
2	0
0	16
0	16
0	16
0	3
0	4
0	13
0	1291
1	678
0	997
12	379
0	0
0	4
0	0
0	0
0	0
0	0
0	0
0	0
0	0
65	4124
0	3843
0	3176
0	316
0	3883
0	3574
38	313
1	1052
2	2053
6	574
74	380
15	0
0	653
0	438
10	228
158	23
1	5
11	18
1	7
5	941
3	925
0	188
0	0
0	0
680	0
1	528
0	413
0	150
0	35
0	405
15	28
32	80
298	371
0	160
1	210
0	1140
0	551
0	155
1	1120
0	1128
0	103
0	135
0	63
16	19
9	38
8	839
0	745
0	15
18	9
9	208
0	31
5	760
50	329
0	133
5	49
0	72
0	487
3	478
0	584
0	210
0	67
0	11
13	124
0	123
0	172
4	21
0	32
0	73
9	141
4	141
226	0
16	126
0	126
0	0
4	0
0	0
310	3383
47	3383
0	122
0	325
0	399
41	37
10	28
1	4
1	5
0	1801
45	1811
0	1248
0	1068
43	1096
2	1508
0	1129
0	1513
0	246
26	38
0	578
0	1023
0	991
0	1607
0	1261
0	1308
0	1166
0	1697
0	1247
3	53
0	113
0	213
1	108
0	283
0	71
0	92
0	1281
0	1049
0	2
0	2
0	2
0	2
0	0
0	0
0	0
0	0
0	2
0	0
0	2
0	5
0	1
0	1
0	2
0	0
0	4
0	0
0	0
0	0
0	0
0	0
0	0
0	0
226	3089
2	2
0	2
207	0
586	3846
0	3497
43	822
92	909
1	587
0	440
1	311
0	15
0	15
0	9
2	11
1	11
332	7262
0	217
5	229
2	231
0	217
0	47
0	24
0	54
0	54
0	40
0	42
0	12
4	12
0	0
0	0
0	0
0	0
210	688
0	346
3	226
5	562
6	74
0	0
0	0
0	0
0	0
0	0
0	104
1	214
0	98
4	6
0	10
0	10
0	2
0	9
0	10
0	7
0	12
0	107
0	0
0	214
20	0
133	757
0	730
0	220
4	29
11	138
5	40
0	13
0	729
3	729
4	695
24	0
130	695
7	0
0	400
0	372
0	196
0	66
0	96
3	50
0	73
0	82
0	100
9	32
0	400
508	1288
0	1268
5	162
0	147
16	448
2	357
0	157
0	36
0	0
0	0
3	17
0	17
802	2484
8	168
6	75
0	63
1	52
2	69
0	74
0	106
7	75
0	0
0	0
0	0
0	0
140	79
0	79
48	123
1	121
6	4
7	16
12	11946
0	12138
19	9543
0	11923
0	10943
0	11778
0	10626
0	3024
0	4643
0	2552
1	2841
0	1492
16	741
2	477
0	1465
0	5487
13	2763
8	3325
0	5490
0	1879
2	4929
0	3550
0	3534
2	2652
15	3980
24	1464
0	586
1	3009
0	1462
2	2839
27	2549
158	1655
38	1468
1	782
417	1223
56	1173
19	62
5	56
4	89
18	104
4	87
8	39
0	107
0	50
1	1
12	8
0	2320
0	1912
0	1949
0	2094
0	2173
1	1837
21	432
19	74
1279	44
4	44
0	332
13	334
0	324
11	130
1	184
3	132
0	92
0	77
3	32
0	2
0	0
0	5
1	5
0	5
0	4
0	3
0	5
0	0
0	0
0	1
0	1
0	0
0	0
0	0
0	0
0	5
0	5
0	5
0	2
0	2
0	2
0	2
0	2
0	2
0	0
0	2
153	138
0	137
0	74
0	1
304	1143
1	47
4	369
0	1110
0	51
0	1038
34	306
0	445
0	445
0	637
0	604
0	101
77	0
10	0
1	2052
4	2096
6	52
2	70
0	112
0	137
0	120
0	99
0	40
0	39
2	80
0	23
0	42
0	6
0	133
110	1364
12	1364
15	162
171	174
4	165
0	40
0	0
0	0
0	0
0	0
0	0
0	0
0	0
0	0
26	534
0	323
0	553
7	94
0	309
0	84
0	444
2	98
11	167
0	38
0	19
0	25
0	423
0	1
0	1
0	1
207	1648
1	0
431	227
0	203
0	24
0	0
0	0
0	0
0	0
0	11
6	23
4	35
18	12
0	0
0	0
0	0
0	0
0	0
0	0
0	0
0	0
2	40
0	33
142	279
0	40
0	167
0	73
1	0
2	101
0	28
1	28
0	44
2	70
0	55
0	0
0	0
0	0
1	0
0	0
0	0
0	0
0	0
3	54
2	54
0	445
0	57
0	85
4	52
0	73
0	52
0	155
0	235
3	136
4	20
7	79
0	444
0	0
0	0
0	0
0	0
0	203
0	0
4	41
2	427
0	35
4	40
0	462
0	0
0	0
0	0
0	849
0	1172
0	430
16	385
0	692
0	53
0	193
0	618
0	594
0	702
0	613
0	271
2	363
2	3
0	0
0	3
0	0
0	0
0	0
0	0
0	0
1	0
0	0
1	450
0	690
2	605
0	235
0	265
1	288
0	56
6	0
0	0
0	0
0	1
0	0
0	0
0	0
0	0
0	0
0	0
0	1
0	0
0	1
0	0
0	1
0	1
0	1
0	1
0	0
0	0
0	0
0	0
0	0
2	0
0	0
0	0
0	1
1	66
0	2
0	66
0	12
0	10
0	20
6	25
0	10
1	12
0	0
0	10
0	2
0	0
0	0
0	0
0	0
95	0
14	189
512	533
17	241
0	504
0	1
0	0
0	1
0	0
0	0
0	0
0	0
0	0
0	1
0	0
0	0
0	0
1	1
0	1
0	66
102	66
2	0
0	6
0	0
0	1133
0	837
23	1099
0	1103
0	1045
0	279
2	58
0	64
10	65
2	60
2	114
319	708
0	599
0	74
0	80
5	207
0	309
5	129
3	109
0	8
0	123
0	2
0	121
0	9
0	35
0	85
0	97
0	16
0	10
0	20
2	71
0	1
0	13
0	6
0	11
3	32
0	6
0	32
0	3
0	42
0	4
59	6
3	0
0	0
0	6
1	0
0	0
0	0
0	0
0	371
38	282
0	354
0	61
0	41
0	46
0	33
0	12
0	6
7	56
8	56
0	0
1590	0
1	0
531	0
0	9
0	2
0	2
0	1
0	1
0	9
359	0
0	5
4	217
317	400
0	328
0	253
0	229
1	65
11	67
4	68
0	291
0	222
1	232
0	256
0	83
1	169
0	16
0	4
3	5
0	280
0	0
0	0
0	0
0	0
2	3
0	3
0	1
0	0
0	0
0	0
0	1
155	68
0	68
24	103
0	103
0	0
33	17
0	0
0	0
0	0
0	0
0	0
0	0
0	0
0	0
0	0
0	0
3	0
1	49
29	76
0	9
4	19
0	19
0	18
54	18
0	8982
0	5
14	19
0	15
0	9
0	7
25	0
0	37
0	37
2	9180
1	952
0	1030
0	1880
0	1301
16	982
0	763
292	480
8	363
1	4
7	9
496	6
0	0
68	33
0	22
0	10
0	10
0	15
6	13
3	9
8	0
0	8
43	28
0	28
9	90
0	24
0	9
0	90
0	1
1	2
0	1
0	1
0	0
4	8299
0	8284
0	8299
276	8287
4	8304
1	8281
0	8279
0	5482
0	5309
0	5287
18	2383
0	2876
110	8302
0	0
0	0
0	0
0	0
0	0
13	418
0	43
0	336
1	88
12	0
0	185
5	29
0	337
80	186
1	0
0	186
1	95
0	7
0	151
23	10
31	151
0	16
0	137
0	95
1	125
0	94
0	83
0	116
0	109
0	92
0	97
0	97
1	38
1	7
7	5
0	72
1	16
0	14
0	9
0	0
0	1
0	1093
2	136
0	92
3	91
1	899
0	816
1	567
3	58
0	1090
0	0
0	0
0	0
0	5
109	5
33	290
0	298
1	4
0	14
0	11
2	6
0	6
0	72
0	109
0	70
0	23
0	1735
2	1735
0	1735
0	102
0	105
0	307
0	236
514	346
0	109
4	70
0	220
0	0
0	7
0	6
2	0
791	18129
4	0
0	1
0	1
0	6
0	0
0	0
0	0
0	7
4	7
1	409
3	12
0	31
1	397
5	81
0	409
226	3343
0	0
0	0
0	0
0	0
0	0
17	24
15	67
746	65
500	38
0	22
36	16
1	70
0	70
0	10
0	4
0	5
0	10
0	8
0	15
0	0
0	0
0	0
11	0
0	0
0	0
0	0
1	806
4	297
6	573
0	815
0	276
4	119
0	80
0	91
0	568
0	21
0	0
0	0
0	165
0	19
0	120
0	164
0	130
0	1
0	130
0	166
0	131
0	168
0	5
0	130
0	167
0	27
0	0
0	167
0	0
0	0
0	0
2	1192
4	1211
3	241
7	619
0	1173
1	495
3	613
0	1152
14	37
1133	624
23	624
0	99
0	0
0	51
14	44
0	16
1	17
0	17
0	17
0	0
0	0
1872	246
4	246
1	0
0	0
0	0
0	0
0	0
0	0
0	0
19	2839
0	381
1	214
0	267
4	668
0	72
3	129
3	94
2	233
14	2818
0	0
7	50
0	50
0	14
0	16
0	3
0	0
0	441
25	813
2	356
14	799
0	119
0	331
0	86
0	168
6	163
0	89
0	98
0	176
0	18
0	0
3062	296
0	296
1047	40
0	40
2	40
33	0
0	0
0	67
11	49
20	68
0	2
0	0
0	0
0	0
0	0
0	0
2	92
0	92
0	4
0	2
0	88
26	264
0	284
3	28
0	0
0	0
0	0
484	693
0	130
1	225
127	25
2	25
1	8
0	0
0	0
0	0
29	1918
0	2589
0	468
66	629
17	159
4	267
0	162
23	243
1	198
4	202
0	1
0	1
0	0
0	4
1	211
7	211
6	22
0	35
7	17
1	10
0	5
4	1443
5	946
2	1311
0	1486
35	1498
2	953
13	163
0	99
4	103
0	13
0	0
0	0
1	3
0	0
0	0
0	3
0	0
1	2
0	1
22	3377
0	1284
1	1114
28	2785
0	1923
26	192
0	58
10	58
3	9
1	19
0	0
0	1
0	1
0	0
0	0
0	0
0	0
0	0
0	0
3	22
0	22
0	3
0	3
0	10
0	0
0	2
0	5
3	243
1	241
0	20
30	13
4	1
0	1
0	0
0	0
0	0
1	0
0	1
0	0
0	0
0	1
0	0
0	1
0	90
22	2369
141	232
0	2117
22	2294
11	40
0	76
0	94
0	123
5	667
21	198
0	198
0	114
3	18
109	0
0	0
0	0
0	0
0	0
0	0
0	0
0	0
0	0
2	3177
0	3180
0	1622
1	1619
30	1138
0	228
4	90
2	45
0	1966
0	3095
0	0
0	783
0	763
9	92
0	438
0	0
0	268
0	153
8	1555
2	1555
128	78
1269	1407
4	327
3	168
0	165
10	218
14	684
0	276
8	24
22	392
12	83
0	392
0	3
44	14
5	3
0	11
155	159
8	159
14	9
1	2
0	1302
2	1253
0	1176
0	755
3	987
0	108
3	617
5	466
3	315
3	261
0	0
0	0
0	0
0	0
0	0
0	0
0	0
0	0
0	0
0	0
0	1
0	1
0	0
0	1
0	1
4	1
0	1
0	0
0	0
0	0
0	0
0	0
0	0
0	0
0	0
0	0
0	0
0	0
1	0
0	0
0	0
0	0
0	0
0	0
0	0
0	0
0	0
0	0
0	0
0	0
0	0
0	0
0	0
0	0
0	0
0	0
0	0
0	0
0	0
0	0
0	0
0	0
0	0
36	6973
9	7004
6	6782
11	438
7	216
11	47
1	6980
0	0
698	2455
9	757
5	2283
0	2378
11	354
191	2
5	17
0	0
0	300
0	289
1	26
28	232
0	0
4	109
0	96
20	4
22	56
0	43
94	635
75	635
0	1
0	1
0	1
0	0
0	0
0	0
0	0
222	0
3	0
0	0
11	3524
0	3861
0	1873
1	1408
0	0
0	0
0	0
0	0
0	0
0	0
0	0
0	0
0	0
0	0
0	0
0	0
0	0
0	0
0	0
0	0
0	0
5	371
3	370
11	13
14	616
0	192
0	497
17	927
0	1260
0	551
55	414
4	417
62	48
1	111
1	176
15	1265
5	231
0	167
6	29
0	205
7	530
0	0
0	0
0	0
0	0
0	0
0	0
0	314
0	278
1	275
12	21
0	39
0	7
3	193
0	180
2	44
3	196
72	43
0	3
0	10
0	40
0	481
0	490
0	526
0	538
7	31
0	154
8	93
1	0
0	0
0	0
0	0
0	0
0	0
0	0
0	0
11	169
4	74
0	38
0	44
0	15
0	103
0	18
0	71
7	3
0	47
359	814
0	814
6	633
8	714
0	719
0	121
0	643
0	40
0	33
0	0
0	0
0	0
0	0
11	1655
2	1598
4	350
9	107
44	693
0	46
9	363
3	524
2	8
0	0
0	0
0	0
0	0
0	0
0	0
0	0
0	0
0	0
0	0
0	0
0	0
0	0
0	0
0	0
0	0
0	0
0	0
0	0
0	0
0	0
0	0
843	55
37	16
0	30
0	0
0	0
0	0
0	0
0	0
30	989
2	989
2	136
0	79
1	82
0	17
0	8
0	7
0	5
0	4
3	1
196	160
0	139
4	79
0	32
0	36
3	27
1	0
0	0
0	0
0	0
0	0
0	0
0	0
0	0
0	0
0	0
0	0
0	0
10	150
6	1760
6	318
0	175
2	1727
0	257
11	70
26	937
15	819
1	103
0	173
0	68
6	21
0	51
76	2876
49	2876
1	144
108	2161
0	2009
10	1616
1	5
0	170
6	145
2	351
16	501
0	244
9	25
1	1
105	23
0	2304
49	27
0	1977
12	308
0	1055
0	639
11	142
0	0
302	129
0	115
0	14
0	1044
18	344
27	375
0	1041
27	1039
0	0
21	818
0	464
1	25
3	593
3	363
0	478
1	304
0	0
1	640
0	579
19	594
3	580
0	154
4	63
2	41
6	93
20	56
8	131
1	71
0	60
3	60
1	15
0	4
2	706
0	738
3	22
2	0
0	45
25	9
0	0
0	1910
0	17
53	1888
11	5
0	126
6	74
0	216
42	1430
27	142
0	1
0	1
0	1
0	1
0	0
0	1126
0	1116
0	782
0	72
1	719
2	653
0	2
0	2
0	0
0	0
0	2431
16	1278
0	1033
2	2373
0	291
0	454
2116	0
74	1466
0	433
0	1039
1	305
1	108
0	103
0	335
2	81
1	143
2	59
0	82
0	112
4	955
0	271
0	50
26	526
2	61
0	1
0	1
0	0
0	0
1	4
0	0
1	0
0	0
0	0
0	0
1	1
0	4
0	0
0	0
1	553
0	568
5	37
0	201
8	14
1	53
0	94
10	34
10	26
17	67
0	26
18	1295
35	353
0	105
0	1097
0	442
6	91
1	252
0	110
0	0
0	0
0	0
52	0
0	271
1	81
58	277
7	7
0	60
4	50
0	1
0	0
0	1
0	0
0	0
0	1
0	1
0	0
1	1642
0	1642
7	593
0	87
18	216
42	32
0	82
18	163
3	47
1	5
2	25
26	10
2	27
1	0
310	393
0	393
22	315
5	171
1	116
0	1
2	3
0	0
0	0
0	0
0	2
6	937
17	1013
0	1051
5	108
2	296
7	0
1118	214
2	206
67	12
0	0
0	0
0	0
793	35
9	35
0	1254
0	1255
0	160
29	127
220	616
0	125
0	115
0	54
0	135
0	584
0	119
0	57
0	149
1	1
2	1
0	13
21	13
17	13
52	180
1	180
0	0
0	8
0	7
1	49
0	8
0	49
5	0
0	0
0	140
10	21
0	122
0	142
0	0
0	0
0	0
16	29
0	153
0	59
0	7
1	68
0	34
0	31
0	146
1	143
3	839
5	476
50	828
4	172
0	325
5	79
0	0
0	0
0	1
0	1
0	0
0	0
0	0
0	0
0	0
0	0
30	182
21	141
0	169
33	3
10	0
0	0
0	0
1011	74
8	74
27	25
1	24
0	2
0	0
8	1502
0	1538
2	219
3	98
3	890
0	43
0	177
0	117
1	0
0	0
0	0
0	0
0	0
0	257
0	1693
68	1
0	112
0	56
1	112
5	56
3	1402
0	33
4	1685
0	0
44	0
8	1700
2881	2678
28	1746
0	307
0	414
3	327
0	0
0	0
432	11188
189	1464
0	977
3	9743
15	3850
14	4
0	16
0	14
0	4
2	22
0	52
0	28
0	51
0	0
0	0
0	0
0	0
0	0
0	0
0	0
0	11
60	410
3	295
0	46
0	0
1	219
0	24
0	3499
18	3446
3	2492
1	3489
0	0
10	161
0	43
1	5
0	161
0	0
334	0
15	179
1	140
3	77
1	38
0	37
0	34
0	0
0	0
0	0
0	0
0	0
0	0
0	0
0	0
0	0
0	0
0	0
0	0
0	0
0	0
138	37
0	31
0	2
2	2
9	254
0	111
1	245
4	3
2	3
0	235
56	0
0	104
1	43
3	76
18	4
0	71
1392	0
0	1
0	1
294	221
0	65
22	0
14	156
13	84
0	1472
12	2214
0	1736
70	0
8	239
24	0
0	0
14	1393
3	402
13	1271
0	813
7	88
0	56
311	3384
0	1840
29	723
2	2533
301	535
0	380
0	68
0	179
9	1233
0	276
0	55
10	56
0	10
0	266
7	540
7	681
19	707
9	657
0	160
35	286
1	447
0	1633
27	39
0	293
0	277
0	1645
0	1635
7	2
0	2
12	85
0	37
0	21
0	7
0	36
10	29
15	36
0	17
0	7
0	7
0	1
1	888
3	1237
2	1383
14	1381
0	1385
1	655
30	428
0	1079
0	0
0	0
0	0
0	0
14	468
5	467
11	338
52	8266
5	8292
63	1657
1	0
0	0
0	0
0	0
0	0
0	0
0	0
0	0
0	0
0	0
0	0
0	0
0	0
0	0
853	165
1	55
1	81
11	0
0	11
4	0
5	12
13	0
9	0
30	12
0	0
0	0
0	0
0	0
2	1319
19	1422
2	1411
96	1510
0	2093
0	2431
0	2313
0	2177
0	2334
15	2432
0	2094
0	1386
219	525
0	1090
2	158
1	270
0	2435
0	2434
0	2481
67	48
0	45
2	27
0	7
0	1
451	710
0	190
0	38
0	710
1	0
0	9
0	1
0	0
0	9
15	1261
0	1331
0	319
3	349
0	1303
0	465
0	1296
0	21
4	141
0	1303
0	0
0	0
0	0
1	0
0	0
0	0
0	0
1	0
0	0
0	0
0	0
0	0
4	0
0	0
0	13
0	5
0	13
0	13
0	12
0	12
0	12
0	8
0	4
0	0
0	4
0	3
0	3
0	4
0	4
0	4
0	4
0	4
0	4
0	2
0	1
0	1
0	2
0	2
0	2
0	0
0	2
1	1
0	0
0	0
0	0
0	0
0	0
0	0
0	0
24	1094
8	460
1	1030
1	41
32	2
3	2
2	11
0	266
2	42
11	22
0	0
0	0
0	0
0	0
0	0
0	0
11	0
0	48
2	1
14	35
0	40
0	19
17	31
10	1
0	0
0	0
0	1
28	2
0	2
0	5413
0	5208
0	5383
0	5178
0	4933
0	5108
0	5138
0	4903
0	5019
15	449
34	109
0	5410
44	313
10	319
4	115
2	14
0	6
43	133
3	0
0	0
0	0
0	0
0	0
0	0
0	0
0	76
35	179
12	154
0	448
2	395
0	426
43	102
0	422
0	40
22	47
4	56
0	424
0	383
5	6
0	73
0	204
0	77
1	101
0	36
0	34
10	381
0	382
0	306
15	0
2	29
1	1
0	1
0	0
0	0
0	0
0	0
4	0
0	0
0	0
0	1
0	0
10028	0
0	0
0	13
0	13
0	13
1	7
0	13
0	7
0	4
0	13
0	9
0	7
715	194
9	194
0	157
3	161
0	366
15	5
0	168
0	60
0	60
0	41
2	0
1	36
414	366
64	8825
2	3885
0	7158
0	1050
0	6829
0	6812
54	789
1	2273
27	2586
0	1
0	0
0	1
0	0
0	1
0	0
0	1
0	1
0	0
0	0
0	3
0	3
81	81
0	81
0	11
4	21
23	10
0	0
0	1
39	1465
11	30
1	79
32	323
0	273
1	103
275	29
2	29
0	0
0	0
0	0
0	0
0	5
0	5
0	2
0	2
2418	283
6	196
24	12
4	75
0	1
0	1
0	1
0	1
0	1
0	1
0	0
0	0
0	26
0	13
0	0
0	0
0	26
0	0
0	0
0	0
0	30
2	241
0	243
0	234
0	133
0	22
1	3
0	4
0	0
0	0
0	0
0	0
0	1
0	1
0	0
0	0
0	1
0	0
0	0
0	0
2	1040
0	816
0	1058
1	178
27	740
1985	2591
0	560
1	2562
409	553
3	345
103	205
139	29
0	0
0	0
0	0
0	0
0	0
0	0
482	0
3	8127
0	8172
4	144
4	271
8	82
2	524
0	2250
4	2001
3	551
61	1247
3	876
5	369
2	264
0	56
0	0
0	1
0	1
0	1
0	0
0	0
7	179
23	179
0	216
39	216
0	117
11	125
2	54
0	29
0	35
281	3567
9	3564
0	1
0	1
0	0
0	0
0	0
0	8
0	2
0	4
0	8
0	8
0	0
0	6
0	4
0	6
0	1
0	6
0	6
0	0
0	0
1	1
0	1013
0	453
0	322
0	1013
0	932
0	0
0	0
0	0
0	0
0	0
0	0
0	0
0	0
0	0
0	0
0	0
0	0
0	0
0	1
50	259
0	435
16	574
16	239
15	257
1	228
1	524
0	384
0	597
1	31
0	31
0	6
0	0
0	6
1	7
0	1
3	167
0	105
0	76
0	5
0	0
0	164
0	167
0	0
1075	650
0	129
3	328
2	248
6	86
1	77
0	58
27	417
27	402
0	602
0	601
11	245
0	132
3	189
1	142
0	0
0	0
0	0
0	0
0	0
0	0
0	3951
210	924
67	18
0	922
0	0
0	0
0	0
0	0
833	614
7	582
4	234
26	15
3	9
0	7
0	7
245	350
22	2
0	530
0	382
0	385
6	350
0	293
1	351
37	157
0	522
0	0
0	0
0	0
0	0
0	0
0	0
0	0
0	0
0	0
0	426
0	418
12	63
0	60
0	29
6	333
4	190
0	8
0	22
3	409
19	2
0	2
143	234
0	212
5	134
7	120
1	11
3	0
0	0
0	0
0	0
0	0
0	0
0	0
0	0
0	0
0	0
0	0
0	0
0	0
0	1
0	0
2	0
0	0
92	40
0	40
0	531
0	568
0	543
0	468
0	99
0	507
0	35
1	14
2	21
0	16
10	28
4	29
0	571
1	0
7	4971
54	4923
0	4863
14	4865
36	3109
13	14
71	858
0	518
0	469
8	407
0	594
1	88
22	85
0	19
1	15
2	6
4	21
116	21
26	255
9	245
5	3100
2	3101
3	2108
0	2462
0	3156
21	435
12	166
1	254
0	70
30	261
35	0
11	9
3	113
0	165
3	67
0	254
945	0
0	0
39	2865
10	26
0	298
1	2640
45	795
1	1426
5	1392
0	1031
0	942
7	67
1	1430
14	0
3	0
0	0
0	0
0	313
0	8
0	239
0	302
0	37
0	186
0	63
0	8
1	52
0	9
868	34
2	34
0	0
0	0
0	0
0	0
0	0
0	0
0	0
2	0
4	28
89	142
1	17
0	41
1	94
4	46
0	136
8	243
9	255
0	87
0	32
5	78
3	16
0	24
0	13
0	0
0	54
11	68
0	5
0	84
5662	759
0	0
0	0
0	0
457	1240
0	0
0	0
0	0
0	0
0	0
0	0
0	0
0	0
0	0
0	0
1817	76
0	56
0	15
23	5
0	0
0	0
0	0
0	0
0	0
0	0
357	629
35	580
6	8
224	88
0	9
0	88
0	0
8152	1304
1	1304
7	0
0	0
0	0
0	0
0	0
0	0
0	0
0	0
0	0
39	965
48	956
8	1052
3	426
1	11
0	4
0	4
0	4
1	4
0	1
0	4
0	0
0	0
0	1
1	0
0	0
0	11
0	11
0	11
0	4
15	206
1	205
0	72
0	1
12	12
0	9
4	9
0	2
7	2
0	0
0	0
0	0
0	0
0	0
0	0
337	1146
0	1084
0	364
0	1146
0	1
0	1
0	0
1626	493
0	352
0	149
1	141
0	0
381	187
1	187
1	31
0	0
0	0
0	175
0	0
0	0
0	25
0	25
1	175
0	180
0	12
1	56
0	98
1	39
0	175
0	175
0	0
0	0
1396	3834
0	0
0	0
0	0
0	0
0	0
0	0
0	0
12	0
0	0
0	0
0	0
393	3257
0	8
0	8
0	5
1	5
1	3
0	51
0	51
0	33
0	14
0	33
2	38
1	8
3	20
0	2
0	4
0	1
0	8
0	7
3732	1011
5	1011
0	0
0	0
0	0
0	0
0	0
380	1906
12	7
0	6
0	7
0	0
0	0
94	1087
4	288
0	343
0	377
8	138
0	32
1	381
1	69
5	50
0	0
74	1171
1	594
0	408
0	834
0	828
1	339
0	480
2	251
1	234
1	259
7	26
0	4
0	4
0	4
0	4
0	1
0	4
0	1
0	3
0	0
0	0
0	0
0	0
0	0
0	0
0	0
0	0
211	1446
0	17
5	1429
0	80
0	85
0	82
1	24
2	17
2	11
0	2
2	0
0	0
0	0
0	0
7	0
6	1
0	1
0	1
0	1
0	1
0	1
0	0
0	586
0	567
54	179
4	40
1	62
0	48
1	50
11	682
28	701
17	439
2	174
4	188
1	217
11	39
0	402
0	15
0	0
0	15
0	1
0	0
0	15
0	15
0	15
902	5636
25	5763
198	5064
0	0
0	0
119	47
0	28
0	19
23	663
16	663
5	2895
249	2986
5	810
1	186
17	292
0	675
15	98
0	2
0	0
0	3
0	1
0	2
0	0
0	0
0	2
190	0
1856	483
3	158
6	65
2	260
0	0
0	1
0	1
0	0
0	0
0	1
0	1
0	1
0	1
0	0
97	0
45	290
0	290
0	25
0	0
0	0
0	0
0	0
0	0
0	0
0	0
0	0
0	0
0	0
0	0
0	0
0	0
0	0
450	0
49	8504
0	1626
0	239
0	238
0	927
0	7001
1	8466
20	72
28	105
79	1280
37	2622
0	6878
19	170
7	136
542	1930
0	2726
12	131
0	276
0	221
0	8539
649	71
4	71
3	15
0	0
0	0
0	0
0	0
0	0
0	0
0	0
0	0
0	0
0	0
0	0
0	0
24	758
0	528
0	527
0	758
0	0
0	0
7	0
0	0
0	55
6	52
0	55
0	6
0	2
0	0
0	0
0	2
0	0
0	1
7	84
10	88
2	66
32	34
26	5
16	26
0	18
4	14
0	0
0	0
0	0
0	0
0	0
0	0
0	0
0	0
54	198
16	173
207	247
0	146
1	0
1	1
3	32
0	5
0	1
4	26
5	4
0	0
0	0
0	0
0	0
0	0
1	5
0	5
0	1
0	1
116	189
2	189
3	3
0	1
0	1
0	0
0	0
0	108
0	108
0	108
2	31
0	94
1	18
0	1
0	1
0	1
661	2881
0	0
0	0
0	0
0	0
0	0
0	0
0	0
0	0
0	0
0	0
0	370
19	354
0	346
6	302
0	45
5	104
0	111
0	89
0	28
0	110
2	124
0	51
6	73
0	0
0	0
0	32
0	27
0	25
5	544
1	20
0	38
0	546
0	0
0	0
0	0
0	0
0	0
0	0
0	0
0	0
21	158
6	113
0	74
0	32
41	268
0	147
0	219
0	136
0	156
0	111
2	20
1092	83
92	83
0	0
0	0
0	0
0	0
0	0
178	108
3	108
0	0
0	0
388	258
3	258
12	95
1	88
2	26
0	0
0	0
0	0
0	0
0	0
7	149
0	107
0	1
0	0
0	90
0	41
0	7
2	4
0	7
0	0
0	3
0	0
0	149
0	3
0	5
72	28
1	12
0	5
7	8
0	25
1	19
0	6
7	0
31	174
0	174
0	97
0	10
198	1959
6	177
0	1539
0	113
3	219
5	877
8	781
43	139
4	781
165	610
36	27
279	1
12	226
0	223
0	196
2	241
0	134
0	69
0	70
0	74
0	85
0	5
0	0
0	0
0	0
0	514
1	468
0	279
0	299
1	102
5	138
3	74
8	37
0	480
4	0
0	0
6	0
0	0
0	0
0	0
0	0
0	0
0	0
0	0
629	163
0	128
2	133
0	88
0	43
0	0
0	0
12	211
0	39
0	59
0	82
0	35
0	25
0	197
3	0
73	0
0	94
10	129
2	43
0	129
0	0
10	223
978	1129
0	900
3	100
0	0
0	0
0	0
0	0
6	143
0	139
22	142
11	138
21	95
0	17
0	15
0	126
0	0
0	0
0	0
1080	3394
0	0
0	0
0	0
12	0
8	1517
1	1535
0	441
1	377
2	372
0	66
0	1522
0	0
89	0
1070	3
14	3
0	0
493	132
0	87
9	91
0	75
27	544
6	544
10	444
1259	2970
19	2970
2	23
0	23
0	23
0	5
0	4
0	4
0	4
1	0
0	0
93	17
1	17
11	8
0	266
1	281
376	290
1	92
0	0
0	0
0	0
0	0
15	9286
1	934
87	3399
649	9285
3	0
0	0
0	45
0	42
0	12
0	18
0	16
0	15
0	15
0	10
2	7
0	3
0	86
0	64
645	289
7	20
1	60
1	88
0	0
0	0
42	2303
0	1321
0	115
0	288
37	294
15	2303
0	0
0	0
3	125
0	128
0	131
0	144
2	143
52	352
0	345
87	0
1	0
0	0
75	82
1	317
0	3
1	3
13	0
58	689
2	82
0	688
9	22
1549	1220
0	188
0	1077
11	134
67	63
0	0
521	0
0	1
0	5
0	5
0	5
1789	23
6	23
0	0
1	0
0	0
0	0
0	692
0	611
0	685
53	354
1	154
0	107
0	38
0	269
0	178
0	38
0	17
1	12
311	445
0	445
0	310
0	121
0	111
0	145
4	0
0	932
0	899
0	1371
0	1667
0	1290
0	120
0	274
0	1602
0	1066
0	239
0	329
0	1657
0	900
0	5
0	920
0	1320
3	898
2	3
0	178
0	300
1	138
55	170
21	79
0	13
27	92
262	227
0	227
1	70
2	6
5	1203
0	421
158	1532
1	1639
0	1245
0	318
0	0
0	0
0	1
0	1
0	0
0	0
134	932
0	756
0	186
2	10
0	6
0	0
0	2
0	0
0	2
0	2
0	0
684	3050
0	0
0	0
367	0
0	0
413	3618
4	657
111	3334
58	247
1	161
0	1273
5	481
394	1150
0	0
0	0
39	225
3	225
0	150
0	126
3	154
4	142
34	7
0	164
0	0
2760	0
56	582
1280	1571
0	333
17	390
1	468
0	1353
1	830
0	923
1	828
1	1139
0	1109
4	136
0	867
18	812
3	81
39	138
8	87
1	2785
0	1944
0	2713
0	2394
9	2325
29	990
0	2297
0	2469
0	1816
1	1164
3	1161
0	1712
0	1776
0	908
0	268
0	0
0	0
0	0
199	838
0	635
0	633
0	555
0	553
0	507
0	596
0	361
43	281
0	182
31	114
0	124
2194	903
0	799
0	0
0	0
0	0
95	121
0	679
0	5126
37	503
2	135
0	152
7	4882
27	1442
1	1425
6	4593
0	629
0	3530
7	119
1	2813
12	3
0	746
39	942
0	0
0	0
13	39
0	39
0	7
0	71
0	63
0	71
23	1483
18	175
0	1503
0	56
1	14
4	139
0	717
2	30
0	234
0	158
98	46
0	4
0	24
0	10
0	41
1	20
0	13
0	19
0	17
0	18
0	0
0	0
0	1
0	0
0	1
0	0
0	1
0	0
980	233
2	233
0	0
0	1
0	0
0	1
0	1
28	1266
0	182
36	241
119	484
32	1084
0	1042
0	904
50	164
0	359
0	268
95	742
0	152
12	127
0	0
0	0
0	0
7	1
0	1
1	1
1	0
0	1
1	0
0	1
0	1
0	0
3	303
10	311
0	309
0	18
0	0
0	0
0	128
101	140
53	151
106	56
0	24
0	23
1	80
2	31
0	0
0	0
0	0
0	0
0	233
7	233
0	234
0	146
2	144
0	46
58	8
2	18
1	0
1	247
0	216
0	247
1188	0
173	1259
16	1259
0	268
7	83
756	1268
2	730
2	1211
5	341
42	48
0	47
1	14
0	5
0	0
11	0
0	0
0	0
0	0
0	17
1	2254
8	123
26	826
1	197
1	141
7	2236
12	261
1	82
0	60
2	84
16	423
2	93
14	0
0	0
0	0
0	0
1	1331
0	8
0	59
0	1341
0	0
0	0
0	0
0	0
0	0
0	0
0	0
0	0
16	0
5	90
0	69
15	64
1	0
432	233
1	233
129	84
4	84
0	0
202	1798
23	1798
6	311
3	354
7	32
0	26
0	0
0	0
2	58
36	275
0	3307
0	1518
0	1192
2	57
0	3086
21	751
10	2526
0	3004
0	3003
0	2914
0	0
57	1357
2	750
2	936
0	1364
1	782
0	751
1	1364
0	936
35	6
49	275
6	293
0	0
0	0
0	0
0	0
0	0
0	0
0	0
0	0
0	0
0	0
0	0
0	0
116	38
0	38
0	385
0	385
391	385
0	0
0	0
0	0
1	826
36	826
4	1
0	1
0	0
0	0
0	0
0	0
0	0
0	0
0	0
0	0
0	0
0	0
0	0
0	0
0	0
0	0
0	0
0	0
0	0
4	2179
12	2025
45	2330
13	1619
23	2417
0	2524
0	1974
49	474
0	0
0	0
0	0
0	0
0	0
0	0
0	0
0	0
0	3400
978	3428
5	1980
0	549
53	470
3	3377
0	1497
1	304
0	444
1	0
0	0
1	0
32	853
1	853
1	111
0	113
0	94
7	13
2	115
2	16
1	224
3	48
0	109
3	170
0	0
55	30
12	30
55	309
0	13
6	296
5	0
4	2
4	26
227	398
0	372
101	107
0	112
0	116
3	23
0	2
0	237
0	933
12	933
0	0
0	0
0	0
18	19
0	19
0	0
0	0
0	11
0	11
0	7
0	0
1	0
0	0
34	0
1412	1433
4	1372
1	1295
0	108
44	57
65	13
611	42
54	148
1	148
0	9
0	7
0	2
0	7
0	2
0	0
0	0
0	0
0	1
0	1
0	0
0	1
0	0
34	39
2	37
12	2
0	0
64	1281
175	1330
0	20
0	256
0	395
2	390
2	185
0	218
0	192
0	162
0	0
0	0
222	20095
22	19087
63	3492
78	19946
60	3754
1	2895
24	3731
0	3773
76	3145
0	0
0	0
7	1
0	1
0	0
209	0
27	892
67	911
2	210
0	0
0	0
0	120
376	208
12	5
0	40
0	59
1	21
0	36
0	67
0	0
0	0
0	0
0	0
0	0
19	2
0	3
1	1
3	0
0	0
0	0
0	0
0	0
503	369
0	118
0	251
0	3064
0	593
18	2987
0	333
7	194
0	3008
1	0
0	0
0	53
2	14
387	109
0	13
0	51
0	14
15	6
0	17
2	21
0	35
0	0
0	0
1	223
99	236
0	46
0	13
1	11
0	0
0	0
0	0
0	0
0	0
0	0
0	0
0	0
0	0
0	0
0	0
0	0
0	0
0	0
0	0
0	0
1	0
0	0
0	0
0	0
0	0
0	0
0	0
0	0
0	0
3	6
0	2
0	5
1	2
0	0
0	0
1	0
0	427
2	436
17	319
0	43
55	208
0	167
2	192
0	80
0	5
1	15
0	58
0	35
15	34
0	10
0	0
0	0
121	944
0	483
0	875
9	545
11	107
1	121
2	129
0	123
1	77
0	94
0	20
0	26
0	24
0	14
0	32
0	19
0	13
0	4
0	5
1	230
0	449
3	428
0	432
6	23
7	126
0	0
0	23
0	23
0	2
0	2
2	8
0	5
0	285
3	251
0	167
36	0
0	62
6	182
0	123
11	0
0	0
0	0
0	32
0	37
0	16
0	16
0	0
0	235
9	55
1	223
1	26
1	98
0	77
3	68
0	66
2	8
3	0
0	85
0	0
13	0
0	0
0	0
0	0
0	0
0	0
0	0
3	413
29	413
0	40
2	49
1	10
0	15
0	42
0	42
3	26
0	11
2	24
13	9
0	0
0	0
0	0
5	0
0	90
0	91
0	91
0	31
1	48
1	30
0	2
0	0
0	1
0	0
367	4980
39	4785
17	3867
1	3228
6	1405
0	2507
0	1800
19	1481
3	1213
7	262
0	0
0	0
0	0
0	0
1	0
0	0
0	79
0	79
1	61
0	0
0	0
0	0
0	0
0	0
0	0
0	0
0	0
0	0
63	0
7	81
397	122
47	64
0	64
2	42
1	8
0	0
1190	1732
105	937
41	1147
21	1483
36	1254
2	548
9	355
0	85
0	316
1	53
0	1
12	5
1	5
0	1
0	1
299	312
0	188
0	14
5	151
6	220
58	2
0	0
0	0
13	50
1	52
0	41
0	12
92	941
42	196
0	253
2	302
0	115
0	380
0	366
0	2
0	2
0	0
0	0
0	0
0	28
0	5
0	6
0	2
0	0
0	26
0	2
0	7
2	2
1	3
0	5
0	4
3	0
0	2
0	0
0	0
0	3
1	1
5	20
18	121
0	50
2	0
0	0
7	70
1	14
0	15
0	1150
0	1237
0	1250
13	1543
0	1553
0	1478
0	675
0	2
2	275
2	1029
4	115
2	473
0	350
0	235
1	265
0	267
0	238
0	172
0	155
26	19
0	0
0	2
0	2
0	2
0	0
0	0
0	0
0	885
0	80
0	245
0	111
0	885
0	36
0	32
0	19
0	34
0	34
1	5
0	24
0	1
0	0
1	4
0	0
0	0
0	57
0	57
0	0
0	0
0	0
0	0
0	6
0	5
0	2
3	5
0	108
0	1
0	67
0	56
0	36
0	40
0	40
0	39
0	32
0	38
0	39
0	42
0	43
0	2
0	21
1	9
0	4
0	1
0	1
0	1
0	2
1	0
0	4
0	6
0	4
0	6
1	4
0	0
0	0
0	0
0	108
2	0
1	46
12	79
8	68
0	16
0	13
0	14
0	4
0	0
0	1
0	1
0	1
0	0
0	4
6	5151
1	4830
0	618
5	853
0	878
11	217
2	188
4	281
0	176
6	102
312	582
0	211
0	80
5	74
0	135
0	207
1	69
1	317
0	257
0	183
1	165
4	118
0	0
0	0
0	0
0	5
0	5
0	5
0	3
1	3
0	1
2	156
0	91
0	56
3	18
0	44
9	29
8	29
1	2
0	4
0	2
0	1
0	156
0	0
0	0
0	0
0	0
0	0
0	0
10	0
0	0
0	0
0	0
0	0
0	0
99	94
0	94
0	6
0	0
0	0
0	0
0	0
0	0
0	0
0	0
0	0
0	739
214	742
0	220
0	386
0	219
2	75
20	237
0	505
6	35
1	7
22	3
0	133
0	125
5	59
3	31
0	41
0	95
3	93
0	61
0	505
1	13
0	1
0	0
0	0
0	0
0	13
0	0
0	0
0	0
0	0
0	0
5	0
0	108
1	9
1	96
0	11
0	108
0	96
0	107
0	197
0	192
0	164
0	156
0	174
0	169
7	72
0	16
0	10
35	0
109	222
65	211
0	28
0	960
0	1038
4	1019
0	917
0	992
1	98
0	985
0	836
0	102
76	48
57	0
74	795
31	26
6	26
1	14
0	236
0	211
4	217
0	202
0	227
0	211
0	19
0	223
3	90
0	125
7	7
0	10
0	47
1	10
0	92
0	81
100	563
0	559
0	428
0	17
0	432
1	202
20	65
0	42
20	158
20	116
1	10
0	0
0	0
0	0
0	4
0	4
0	4
0	4
0	4
0	0
0	0
0	0
0	4
1	4
0	2
0	0
0	820
2	10
0	787
4	99
1	67
3	86
7	76
4	306
7	90
0	187
0	1334
0	1399
27	947
1	78
0	12
0	0
0	0
2513	3111
0	434
1	2668
8	49
13	9
0	4
1	3
0	3
0	9
1	1316
863	1316
0	235
0	335
0	22
2	176
2	8
0	22
0	31
0	37
0	7
0	342
0	243
322	121
0	121
1	104
0	46
234	413
0	413
1	1928
0	1931
1	1627
0	1535
0	235
0	6
0	456
2	457
0	441
3	441
0	58
0	120
35	457
0	0
2	6
0	6
0	1
0	1
0	1
0	0
0	0
0	0
0	0
0	0
44	228
0	183
0	46
0	0
0	1
0	4
0	1
1	3
0	3
1	1
0	188
12	200
0	65
0	9
889	427
16	427
90	204
8	97
0	97
2	29
0	22
49	292
0	342
0	307
0	51
0	84
2	41
2	213
33	26
0	213
64	235
7	235
0	39
5	27
0	89
0	1526
0	2035
41	18
0	17
2	15
0	10
0	11
0	9
0	2
3	9
1	9
0	1
0	1
0	1
0	10
1	1
0	11
0	11
0	10
0	11
0	9
0	9
0	1
0	6
0	3
0	8
15	5957
30	2102
0	5967
268	901
1	901
0	3
0	0
0	0
0	3
0	1
0	3
0	0
0	0
0	0
0	859
15	374
9	861
8	263
0	38
48	4
14	17
0	18
1	4
7	0
0	210
0	249
0	48
0	64
0	29
0	45
2	27
0	106
0	95
0	37
0	40
1	27
0	97
0	5
0	46
0	249
52	1064
0	1096
13	158
7	429
15	369
27	380
5	34
39	300
0	192
21	36
4	672
37	672
0	119
7	69
0	72
2	0
2516	0
0	6
0	6
0	1
0	6
0	13
1	13
1	6
0	1
0	31
1	181
2	770
0	581
0	506
1	637
0	0
0	0
0	0
0	0
0	0
0	0
1	0
0	756
0	764
2	44
13	246
5	8
1285	86
0	86
0	0
0	0
0	0
0	0
0	0
0	0
0	0
0	0
0	0
0	165
0	336
0	115
0	525
1	189
10	72
23	122
0	2
0	2
0	2
1	0
0	0
1172	1169
53	1169
2	15
2	23
1	38
0	44
0	42
0	20
0	54
0	12
0	18
0	36
4	44
0	8
7	0
0	41
0	13
0	29
0	13
0	15
1	15
0	0
0	0
0	0
1	52
0	52
1755	8087
13	8090
1	8025
7	8090
16	245
7	191
13	11
0	0
0	0
0	0
0	0
0	0
0	0
0	0
0	0
0	0
0	0
0	27
0	27
0	4
0	1
0	0
0	0
196	356
7	346
0	57
258	3162
0	1004
0	3161
28	1048
0	666
53	271
15	1585
0	0
0	0
0	0
1	118
1	121
1	6
0	100
0	76
0	20
0	29
0	3
0	47
0	41
5	163
0	57
0	8
0	163
3	1121
640	1173
0	363
9	151
0	0
7	235
0	323
13	323
0	26
20	100
0	37
0	43
0	2
0	2
0	0
0	0
0	2
0	0
0	0
0	0
0	0
0	2
819	0
0	283
0	600
0	604
2	375
0	464
69	853
0	874
0	459
10	579
0	606
0	73
0	140
13	229
82	32
9	759
31	1680
25	2
0	737
0	921
0	1
0	1
0	0
0	1
0	3
1	6
0	8
0	15
0	14
0	14
0	15
3	15
1	1
1	2
14	205
0	7
0	205
0	203
1	9
0	206
0	5
0	29
0	10
9	29
2	1
159	336
21	169
14	336
0	43
0	36
0	48
0	49
0	16
0	18
0	12
2	349
0	341
7	0
0	14
6	169
0	372
0	357
0	0
0	0
0	0
0	0
0	0
0	0
0	93
1	85
0	0
0	0
0	0
35	215
4	120
1	215
1	151
13	122
0	148
0	151
1	23
0	4
0	5
2	2
3	0
1	151
0	8
0	0
2	36
1	35
0	35
0	31
0	34
0	7
5	17
0	19
0	9
446	965
99	343
17	964
0	0
0	0
0	0
0	0
0	0
0	0
535	738
0	738
0	479
0	268
0	0
0	0
0	0
0	0
0	0
0	0
0	0
0	0
0	0
436	677
0	53
1	153
47	510
2	335
82	0
3	335
0	3
0	3
0	3
0	3
0	3
0	0
0	0
0	0
0	3
0	0
0	3
0	0
0	3
45	164
0	160
0	0
0	0
3	90
0	90
148	51
2	51
7	41
3	2
0	2
0	0
0	21
0	25
0	5
12	29
0	22
0	15
2	11
0	9
0	68
0	68
0	67
9	0
0	8
0	8
0	11
0	11
0	11
0	65
0	68
8	11
6	41
0	68
0	68
0	1
0	1
0	0
0	0
0	0
0	0
0	0
10	2286
75	178
0	961
0	22
0	2286
0	0
0	0
635	466
6	400
0	125
10	13
127	199
2	87
0	112
1	210
12	8
0	86
0	159
0	114
0	22
0	34
0	42
0	76
0	35
0	29
0	26
6	515
8	515
6	39
0	49
0	0
0	0
902	944
11	584
0	847
7	394
5	15
6	0
1	0
10	11
12	37
0	109
0	7
1	7
0	0
289	231
2	231
0	2
0	0
0	0
0	0
1	2
0	1
1350	638
3	638
0	0
0	0
0	0
818	429
1	393
0	79
5	22
0	83
1	79
1	28
0	9
0	0
0	0
0	0
0	41
0	41
0	6
0	2
0	3
3	0
0	170
22	78
16	229
0	84
3	118
6	10
5	141
0	21
9	321
2	317
2	17
1	37
0	50
0	11
0	81
0	309
0	24
2	81
0	0
0	0
0	0
0	3
0	0
0	3
0	2
0	0
0	0
0	0
0	3
0	0
0	0
0	0
0	0
0	0
0	0
0	0
0	0
0	0
0	0
0	1
0	0
0	0
0	0
0	0
1	37
0	83
2	83
80	73
0	73
52	696
2	652
0	231
0	56
0	31
11	907
0	935
6	844
0	368
1	35
0	421
0	146
2	470
0	114
0	444
0	171
0	310
0	133
0	336
0	236
0	502
3	201
0	189
0	178
0	71
0	47
0	71
0	69
4	12
0	4
0	0
0	0
276	0
0	0
0	0
0	0
0	0
1	546
0	2040
0	2106
2	1055
1	128
2	114
1	111
0	148
4	298
0	138
2	69
1	1063
6	31
1	66
7	126
0	228
3	101
36	129
0	40
0	1092
0	1020
21	85
0	195
0	1041
0	214
5	92
0	4
0	1
0	5
0	5
0	0
0	0
0	0
0	0
0	0
0	0
0	0
0	0
0	0
0	0
0	0
0	0
0	0
0	0
0	0
60	759
11	9
10	2
0	748
0	0
0	2
0	2
0	204
11	441
0	493
0	221
0	28
38	23
0	128
0	132
0	235
0	235
3	116
0	235
0	55
0	158
0	147
0	48
8	91
2	18
0	2
1098	273
55	197
0	0
0	0
0	0
0	0
0	0
0	0
0	0
32	322
1377	371
0	170
2	37
5	62
0	0
64	2474
0	2474
6	2473
11	522
2	228
0	0
0	0
0	0
0	0
0	0
0	11
4	2
0	11
0	0
0	0
92	72
0	13
0	7
0	65
0	917
92	426
8	762
0	51
17	98
0	55
123	262
6	264
0	133
0	53
1	133
0	100
7	86
0	0
0	0
0	0
0	3
0	3
0	1
0	3
0	3
0	3
0	0
0	2
0	0
0	0
0	0
0	0
0	0
0	0
0	0
1	0
0	0
0	0
0	0
66	1662
5	77
0	327
0	273
136	2210
11	2205
0	377
2	686
0	404
2	463
118	868
33	85
0	7
0	130
3	212
0	107
0	369
6	34
38	115
0	0
0	0
0	648
0	1080
0	1025
0	1157
2	1055
0	1003
0	992
0	633
36	595
0	283
8	417
0	226
0	358
5	45
0	119
0	83
3	56
0	1046
0	891
1	7
0	84
0	84
0	15
1	6
10	344
21	166
6	235
0	40
2	60
0	0
0	0
0	0
0	0
0	0
0	0
0	0
0	0
0	0
0	0
0	0
0	0
0	0
0	0
0	0
81	924
1	110
0	918
6	503
68	442
1	101
2	155
1	155
0	172
4	151
2	24
0	112
0	121
4	11
7	9
3	56
0	21
0	19
5	17
1	24
4	6
126	10
0	10
0	0
0	0
0	197
1	21
107	1834
4	551
4	1410
2	1159
0	0
16	268
5	0
0	81
2	1
29	28
0	2
0	21
0	0
0	7
0	12
0	5
0	11
0	10
0	2
0	6
0	10
0	5
18	695
0	360
5	665
0	85
0	182
0	274
0	21
23	0
5	102
168	489
0	534
0	345
0	374
0	159
0	247
0	130
31	63
24	188
0	88
7	73
0	0
0	0
0	0
0	0
0	0
0	0
0	0
0	0
0	0
0	0
0	0
0	0
4	629
0	460
0	517
0	598
0	648
0	351
0	118
0	199
1	223
0	206
4	245
0	167
0	212
0	178
0	13
0	104
0	161
63	88
0	109
18	1062
0	815
0	964
0	956
0	930
3	756
3	144
1	98
0	956
0	955
3	6
4	6
0	4
0	0
0	0
0	0
0	0
0	0
0	0
0	0
0	0
23	0
0	688
6	537
0	497
0	262
0	157
0	136
7	170
230	94
4	59
4	0
169	60
0	45
1	35
0	15
0	0
0	0
7	0
0	0
22	0
19	543
0	633
91	455
0	216
0	183
0	339
10	265
0	130
1	137
526	93
2	93
0	708
0	703
0	463
0	468
56	168
0	352
25	251
0	126
0	111
2	79
1	77
10	32
20	111
1	85
0	0
2	0
0	0
61	217
0	187
2	138
14	0
0	29
345	180
0	35
0	81
0	84
0	58
0	58
0	53
0	18
0	5
0	16
0	26
0	12
2	7
0	44
0	42
0	40
1	4
0	3
0	21
0	5
0	0
0	29
54	114
0	46
35	65
0	81
307	614
0	380
2	380
0	84
0	614
881	187
0	79
0	27
2	96
14	331
0	331
0	10
163	259
0	259
0	0
0	0
0	3673
4001	3681
177	114
0	114
0	99
0	0
0	0
0	0
0	0
0	0
0	0
0	0
0	0
0	0
1	18
0	604
1	627
0	623
36	218
4	354
0	355
179	73
3	49
1	24
8	32
2	504
0	540
0	499
0	386
16	111
3	69
1	47
0	21
3	68
0	0
0	4955
21	112
1	601
0	411
1	546
14	4839
0	7
0	15
0	15
0	15
0	15
0	12
0	0
0	0
0	4
0	2
43	1895
0	2130
6	2057
6	0
2	244
22	72
0	973
3	968
0	81
0	19
31	117
0	0
0	0
0	0
0	0
0	0
0	0
1569	1428
0	1407
0	141
1	295
0	145
5	39
358	448
0	448
3	84
0	445
0	25
24	450
1	3
20	164
0	75
0	26
0	29
0	26
0	105
147	105
0	77
30	10914
14	4973
11	5504
5	10912
0	4964
22	4397
7	520
0	244
0	149
0	242
1	192
0	188
1	5
0	2
1	13
31	62
21	72
2	51
0	33
0	121
7	1317
0	1316
0	1237
0	1244
2	1200
4	1
0	1319
0	1326
8	765
0	765
0	172
20	13
0	143
47	143
11	36
33	65
0	2691
1632	4224
19	382
7	2481
4	296
60	501
19	427
9	403
73	885
0	623
0	0
0	0
0	0
0	0
0	0
0	0
0	0
0	0
0	0
25	139
0	138
14	13
0	179
0	26
3	0
0	0
0	0
0	0
0	0
0	0
0	239
0	106
0	21
0	226
0	50
1	1
0	71
3	236
0	46
0	45
1	44
1	30
0	7
0	4
5	838
1	505
0	69
0	568
42	787
0	0
4	171
0	233
3	209
1	175
3	194
0	156
0	106
18	39
0	8
0	45
0	13
46	5
1	570
0	15
0	16
0	14
3	0
0	566
5	93
86	72
0	17
0	55
0	231
8	853
928	853
3	663
0	57
352	4
24	4
2	75
0	41
0	28
0	70
0	61
0	42
0	52
0	11
0	11
0	11
0	1
0	0
0	3
0	0
0	0
0	0
0	0
0	0
0	0
0	0
3	102
6	102
11	163
0	169
4	33
6	86
0	6
0	6
0	0
0	0
0	0
0	0
0	0
4	10
0	10
0	13
6	0
0	3
0	3
3	0
0	0
0	1
0	0
0	13
0	13
0	0
0	0
0	0
0	0
0	0
419	356
15	94
6	208
12	309
0	54
3	0
0	0
3	0
0	0
0	54
0	0
0	2
0	0
0	0
0	0
0	0
0	0
0	0
9	1481
0	21
0	101
16	1426
0	1208
0	54
0	4
0	0
0	3
0	4
0	0
0	0
237	330
11	22
0	126
0	236
5	72
0	0
0	0
0	0
0	1323
0	157
9	1323
0	3
0	0
0	0
1199	446
0	446
0	2
0	2
0	1
0	2
0	0
0	0
0	0
0	1
635	16
56	16
0	0
0	0
0	0
0	0
0	0
2	0
0	0
0	0
7	0
14	167
0	167
0	0
0	0
0	8
0	9
0	1
0	9
0	92
672	563
28	1
0	54
0	56
0	563
2	131
16	0
0	0
0	0
0	0
44	20
0	20
0	2092
0	2090
51	2110
0	1397
1	1516
2	132
4	75
0	0
0	0
0	0
0	0
0	0
0	0
0	0
0	0
0	0
0	0
0	0
0	0
0	0
3284	0
1908	878
11	720
28	53
2	168
0	158
25	0
0	34
0	104
1	66
0	34
0	1
0	59
0	35
0	105
0	103
0	0
0	0
156	0
0	0
0	0
0	0
40	120
2	207
6	382
0	423
0	422
13	426
27	165
19	23
0	46
5	138
1	37
1	23
18	1441
0	1487
2	280
0	150
1	226
7	31
3	111
11	61
4	604
66	99
7	0
0	0
1	0
0	669
0	668
0	664
0	670
0	646
0	532
0	434
15	127
0	314
0	332
7	278
0	217
0	263
0	254
1	289
0	230
3	251
0	169
0	167
0	191
0	157
0	38
0	77
0	63
0	648
0	0
0	0
0	0
1459	307
0	275
4	153
0	75
6	1
0	1
0	1
0	1
0	0
3	1668
0	1685
71	118
0	121
0	1606
0	1713
0	77
0	111
4	1593
80	1527
0	1488
0	39
3	275
0	225
1	408
7	549
7	0
15	0
0	0
0	0
0	7
0	7
0	2
0	7
0	2
0	0
0	0
24	12
0	1
0	12
0	3
0	0
0	0
0	0
0	0
0	0
0	0
2	737
97	1235
37	184
0	577
19	783
21	209
0	227
0	238
2	244
2	174
19	143
0	219
1	146
5	45
26	117
1	60
0	0
84	5
100	0
93	24
0	24
0	0
0	0
0	0
0	0
0	0
202	273
0	126
0	109
2	154
0	2
0	0
0	0
2598	752
5	501
8	52
0	199
10	30
0	30
0	14
0	9
0	6
0	5
0	0
0	130
2	180
4	171
0	51
2	124
7	24
884	809
2	160
1	125
8	62
0	35
12	53
3	41
32	354
0	100
0	123
0	80
317	571
0	293
2	68
0	88
7	14
0	278
0	304
1	407
0	71
16	345
0	291
5	313
0	248
2	43
0	19
0	0
0	0
0	0
0	0
0	0
0	39
2	39
0	36
0	0
0	0
0	0
0	0
0	1
0	0
0	0
0	0
0	0
0	1
0	1
0	1
0	1
0	1
0	0
7	10
1	10
0	1
0	0
0	0
0	0
0	0
0	0
946	94
3	27
0	67
0	0
0	0
0	5
0	65
0	56
0	1
8	49
31	9
0	47
0	1
0	47
0	10
0	14
0	56
0	86
747	675
0	475
4	151
0	0
0	0
0	0
60	164
0	148
0	21
7	130
1	209
0	0
0	0
0	0
35	379
0	376
0	0
0	0
0	0
0	0
0	0
0	0
0	0
0	0
0	0
0	0
0	0
1	155
0	141
3	23
20	96
96	27
0	27
0	881
51	881
1	0
0	0
0	0
0	207
12	122
2823	3553
72	236
18	3553
689	208
1	5
0	7
0	7
0	2
0	2
0	0
0	0
0	0
0	2612
11	1474
0	1836
9	170
0	264
24	166
3	1941
5	1929
0	0
938	1830
9	965
0	1203
0	1655
0	0
0	0
544	23
1	19
2658	253
2	253
0	0
0	0
80	1170
0	1170
11	1
689	101
0	101
0	0
105	39
0	6
0	34
105	416
63	256
7	282
4	209
0	114
0	1
0	1
0	0
13	267
0	249
3	9
1	83
0	78
0	115
1	116
1	31
0	29
0	9
1	21
1	29
0	29
0	29
1043	86
48	97
4	1
5	15
65	215
5	216
20	9
0	47
7	11
5	22
0	33
0	51
0	51
0	0
0	0
0	0
0	0
0	0
838	0
0	0
0	0
0	399
0	392
1	298
6	192
3	73
0	45
5	154
0	3
0	2
0	0
0	3
0	1503
0	451
0	502
0	264
0	295
1	260
1	59
0	81
17	26
0	4187
14	2547
0	3184
1	590
0	2670
42	1393
0	2392
0	693
9	4059
0	266
0	657
0	1079
10	2884
46	1007
0	679
1	279
0	1523
4	883
13	10
27	384
0	0
0	0
708	0
75	247
0	32
1	24
1	47
6	14
2	69
26	143
0	0
3	53
0	51
0	53
1	20
0	23
0	0
0	0
0	0
0	6
0	6
0	2
0	1
0	0
0	0
0	0
0	0
0	0
0	0
0	0
0	0
0	0
0	12
0	8
49	10
0	0
0	0
0	0
0	150
0	85
31	44
0	82
2	50
0	159
0	100
10	159
0	0
0	0
0	0
0	0
64	0
0	30
0	31
0	38
0	39
1	28
0	29
0	12
0	3
0	2
0	1
0	0
0	0
0	0
0	3
3	6
0	0
0	3
0	4
0	3
11	47
3	47
0	34
3	0
0	0
0	0
0	0
0	0
76	631
380	893
10	374
0	519
0	373
0	103
9	64
16	1939
0	1946
0	172
0	61
6	0
1	1625
1	208
1	95
1	95
1	7
6	4
1	1
0	2
0	1
0	1
2	0
0	1
0	0
1	5
0	1
0	5
0	0
0	0
0	0
1	0
0	0
0	0
0	40
31	46
1	6
0	24
0	11
49	51
0	35
0	32
0	0
3	14
0	56
0	56
0	56
2	0
0	0
0	1010
44	994
0	991
0	689
43	294
1	176
47	157
8	4551
2	195
6	301
0	4511
0	64
31	2615
6	4212
0	56
230	1458
20	47
0	620
0	755
0	265
0	200
0	1364
10	1174
2	173
149	118
92	1245
1	110
7	207
0	0
0	4
5	4
0	2
0	0
0	0
0	0
0	0
0	7
0	7
0	2
0	7
0	1
0	0
0	1
0	1
1	1277
37	1274
0	76
3	75
0	116
0	716
0	764
0	723
9	41
4	108
9	74
4	80
0	49
0	166
21	165
2	148
0	716
0	0
0	0
0	0
0	0
0	0
0	0
0	0
0	0
0	0
0	3
0	3
0	0
0	3
0	1
0	0
6	0
0	0
0	0
0	0
0	0
0	2
0	2
0	3
0	211
0	211
0	0
0	0
971	335
15	96
31	44
0	168
0	164
45	101
1	64
2245	564
0	52
3	157
18	25
4	162
1	79
0	165
96	0
0	0
0	0
0	0
0	0
0	0
0	0
0	0
0	12
0	13
0	14
0	2
0	23
38	32
0	13
0	10
0	0
0	1
0	1
0	0
0	0
0	2
0	2
0	0
0	5
0	1
0	3
0	1
0	0
0	0
0	0
0	0
0	0
0	0
0	0
0	5
0	0
0	1
0	1
0	0
0	0
0	0
0	0
0	0
0	0
0	2
0	2
0	1
0	1
0	0
0	0
0	0
0	0
0	0
0	2
0	0
0	0
1	1
0	0
0	1
0	0
0	0
0	0
0	0
0	0
0	0
0	0
7	5
0	5
0	0
0	0
0	0
0	0
0	0
1	1
0	1
0	1
0	1
6	4
0	2
0	0
507	10014
2	9288
53	1709
3	909
0	885
24	834
2	914
0	34
8	1
0	150
0	150
0	150
0	15
160	1407
22	1410
0	516
0	116
0	145
0	0
0	0
0	0
0	0
86	14
0	5
3	9
1	0
0	0
0	0
0	0
0	879
3	709
1	825
0	690
0	26
1	94
0	53
0	17
1	29
0	56
1	89
1	56
4	13
0	147
0	69
0	9
2	881
0	2
0	2
1	883
61	863
1	789
0	731
1	57
1	82
4	71
0	1
0	1
0	1
0	1
10	946
0	949
0	69
0	32
0	711
6	609
2	739
0	174
0	17
0	39
0	94
0	75
0	34
0	197
0	237
0	22
0	220
2	185
0	106
0	6
1068	139
3	139
0	0
0	0
538	812
24	812
0	2
0	724
0	787
0	367
0	167
33	447
69	456
2	93
0	37
0	32
47	256
50	614
83	614
134	201
0	203
0	7
1	37
0	31
0	18
0	28
0	30
0	20
62	69
4	0
0	18
1	8
2	20
0	0
0	0
0	0
0	0
0	0
0	0
3	5
0	5
0	8
0	8
0	0
3	9
0	0
0	0
0	0
0	0
0	0
0	1044
28	1251
0	383
1	115
0	86
1	76
45	247
25	977
0	930
1	95
0	113
7	905
37	905
0	10
0	55
9	154
0	79
0	0
0	0
0	0
0	0
0	0
0	0
0	0
0	41
0	40
0	31
0	41
0	41
0	35
0	35
0	0
0	30
0	34
0	6
0	21
0	27
0	21
0	21
0	21
0	21
0	21
0	27
0	27
0	24
2	7
0	25
0	34
0	35
0	35
0	34
91	3359
3	305
4	179
0	231
1	309
0	361
0	572
3	451
30	784
12	349
0	398
4	3359
3	0
0	0
0	18
0	18
0	18
0	3
0	0
0	0
0	0
0	0
0	0
0	0
0	0
0	0
0	0
4	0
0	0
199	310
0	14
0	39
0	27
18	56
1	172
7	93
0	309
0	39
0	70
0	8
0	31
0	51
2	0
0	32
0	10
0	23
4	24125
5	110
42	10
0	110
1	100
0	83
0	0
0	0
0	0
0	0
0	0
0	0
0	0
2	0
9	9224
0	9201
0	7420
0	4565
0	1145
0	6020
0	1845
0	8579
0	9028
0	1746
0	3459
7	271
0	8415
0	8591
0	3657
142	7363
5	1270
0	766
0	24
0	1281
0	5
0	5
1	4
0	4
0	4
0	4
0	2
0	2
1	255
0	381
0	314
0	62
0	61
0	27
25	148
24	0
0	370
2	149
7	51
46	78
16	404
0	439
40	51
24	0
1	0
0	0
0	0
0	0
0	0
0	0
0	0
0	0
0	0
0	0
0	0
0	0
0	0
0	0
0	48
0	2
0	48
5	648
0	0
0	0
0	0
0	0
2	280
1	27
4	16
0	274
14	85
0	120
3	0
0	27
0	134
0	280
0	0
0	0
0	36
7	37
0	8
0	31
0	0
0	4
0	5
0	9
0	1
0	0
61	1509
11	1507
0	40
2	233
1	88
6	92
15	66
0	0
0	0
864	185
53	0
0	186
6	86
0	114
0	39
3	126
4	46
0	125
0	77
0	77
1	126
0	125
1	0
0	126
0	0
0	0
0	0
0	0
0	361
0	286
0	359
0	318
0	330
0	0
0	0
0	0
296	14
0	14
0	0
0	0
0	0
0	0
0	0
141	0
0	0
0	0
0	0
0	0
179	132
0	1
3	123
9	115
2	0
0	0
0	0
0	221
0	1253
5	1275
3	18
11	24
9	384
1	29
0	89
7	0
0	0
78	0
0	0
0	0
0	340
0	506
0	89
0	266
0	237
0	202
1	264
0	500
2	0
0	0
22	537
0	0
0	0
0	0
1	0
0	3
3	3
0	1
0	2
0	2
0	0
0	2
0	5
0	0
0	0
0	0
0	0
0	0
0	0
0	0
0	0
0	0
0	0
34	65
0	65
0	363
185	386
3	46
3	130
2	3
0	3
0	4
0	0
0	4
0	65
0	2
0	65
0	0
0	0
170	638
23	564
0	51
0	61
4	138
0	198
11	25
0	0
0	0
0	0
0	0
0	0
0	2357
7	1546
0	252
86	2310
11	236
0	74
0	2354
0	0
0	0
105	168
20	62
7	35
0	109
0	15
0	22
0	49
126	111
0	97
0	0
11	1329
8	1005
9	1313
3	597
19	0
60	1625
0	244
1	231
3	25
10	107
0	1635
0	0
0	0
0	0
127	537
5	20
20	517
5	240
3	433
0	120
2	72
13	261
0	11
0	10
0	19
0	429
0	416
0	145
0	57
0	372
0	337
0	238
1	86
1	54
2	28
1	51
11	59
0	59
0	1
0	0
0	153
42	91
2	91
8	148
0	50
29	42
1	29
2	41
0	41
0	24
0	21
1	221
0	226
0	221
2	215
0	221
0	212
0	30
0	13
0	10
0	4
0	987
0	1
0	1
0	1
0	1
0	0
0	0
0	0
0	1
0	1
23	126
0	126
27	20
0	0
34	0
0	669
28	1585
169	1686
569	1623
4	1603
11	1622
5	0
0	0
0	0
0	0
0	0
0	0
0	1
0	3
0	1
4	3
0	1
122	915
2	737
9	42
0	178
25	109
8	109
3	1
0	10
1	6
0	0
0	0
0	0
0	0
0	93
6	152
15	69
537	242
0	167
0	17
0	92
1	3
0	3
0	0
0	0
0	3
0	3
0	0
26	617
579	617
7	676
0	370
0	653
0	28
0	668
1	86
0	86
0	54
0	0
1	0
0	0
390	2061
0	1302
0	1213
0	1254
0	1137
3	507
8	296
11	352
29	977
0	210
1	249
0	4
0	4
0	0
0	0
0	0
0	0
0	4
0	4
0	444
0	409
2	220
6	0
0	430
7	202
0	80
16	64
0	227
0	0
0	0
1	0
0	0
0	0
0	0
0	0
1	4
0	306
1	211
28	0
1	95
0	220
0	194
12	297
4	156
3	156
0	5
0	1
0	27
0	34
6	24
2	14
0	0
3769	0
0	578
0	577
0	514
0	544
17	33
0	183
0	46
13	6
0	0
151	395
2	39
0	62
0	394
0	0
0	0
0	0
0	0
0	0
3	62
4	62
1	12
105	309
0	308
38	69
0	61
2	44
0	43
0	7
18	0
0	36
0	221
2	211
0	70
1	194
0	160
0	16
0	15
2	12
0	44
0	987
559	987
47	987
0	170
363	104
0	44
80	341
0	0
399	4303
1	3705
100	989
0	1301
0	0
0	0
0	0
0	0
50	19
0	14
0	19
0	0
0	0
429	176
0	176
4	15
0	0
0	0
0	0
273	436
3	221
3	253
9	80
2	126
1	3
0	3
0	2
1	1
0	8
0	8
0	6
0	6
0	0
0	0
0	6
0	0
0	0
0	48
0	127
1	61
0	127
1101	961
75	688
1421	994
13	247
0	914
3	522
0	578
6	6
585	574
55	199
0	574
22	62
11	19
0	0
0	19
0	3
0	8
0	1
0	4
0	13
36	707
3	704
3	406
0	367
0	655
2	329
0	265
0	401
88	126
57	1935
24	1978
1	1577
0	29
0	10
0	8
6	42
0	35
0	12
1	3
0	14
0	0
0	0
0	0
0	0
0	0
0	0
0	0
0	0
0	0
0	0
0	0
0	39
0	39
1	2
0	1314
0	1324
23	284
0	417
32	149
0	149
10	86
1	4
0	1301
0	9
1	379
4	167
29	128
3	66
55	386
0	0
0	0
0	16
0	16
0	8
0	3
0	2
0	1
11	2
0	1
146	16
7	16
0	29
0	757
1	821
0	212
0	642
0	97
20	83
0	376
0	37
0	78
0	2
0	16
1	20
0	17
0	20
0	22
0	14
0	22
0	11
0	12
0	56
6	43
0	4
0	49
0	1
0	1
0	0
0	0
0	1
0	1
247	1209
0	1186
0	553
0	567
2	389
79	168
13	344
0	362
7	322
0	78
9	207
2	119
4	119
8	116
41	1
0	1
0	0
46	70
4	68
0	70
2	58
12	48
72	436
0	403
2	344
2	368
0	329
19	443
50	443
64	300
19	231
392	339
0	59
3	30
0	65
0	40
0	0
0	0
0	0
0	0
0	0
0	0
0	0
0	0
0	1
0	0
0	0
0	1
0	0
0	0
0	0
0	0
0	0
0	864
0	921
0	879
0	910
0	855
0	854
90	0
0	113
66	448
0	58
18	4
0	0
0	0
0	1340
0	1402
7	1333
2	1393
0	241
0	47
4	14
0	460
0	469
0	7
0	7
0	0
0	0
0	0
0	0
0	0
126	293
0	293
0	95
0	0
0	0
405	868
1	399
8	336
1	111
800	1174
0	691
1	609
14	373
49	0
20	0
0	0
0	0
0	0
0	0
551	5031
19	3942
18	1568
33	139
151	0
0	0
483	0
10	14
109	375
0	298
1	108
3	124
0	52
0	0
0	9
0	27
0	0
0	0
57	59
138	63
0	8
0	0
0	0
0	0
0	0
0	0
0	0
0	0
0	0
18	14
0	14
0	0
0	0
0	0
0	0
9	6
0	6
0	2
0	2
76	78
0	16
25	8
0	64
0	14
2	19
5	27
0	66
30	195
0	69
0	129
0	126
15	126
5	66
5	148
0	148
1	88
0	0
0	0
0	0
0	0
0	0
434	0
23	24
426	314
29	23
2	299
6	459
0	552
1	66
2	299
0	262
10	182
0	0
0	0
0	0
9	672
11	292
1	942
12	425
0	0
0	41
13	117
0	32
2	903
0	45
4	0
3	109
187	364
0	76
0	1
0	0
77	4130
0	4320
32	4231
0	4308
0	528
3	1111
1	303
0	756
378	1151
0	550
0	1
0	1
0	1
0	1
0	1
0	1
0	1
0	0
0	0
0	0
0	0
0	0
0	26
1	28
0	28
2	5
0	2
0	3
20	3489
0	3330
0	675
11	461
26	1695
0	645
63	1599
13	253
3	138
58	3570
264	317
1	317
4	0
0	3
0	0
0	0
0	0
0	3
0	3
0	4
17	4
1108	5
21	5
0	1067
0	787
0	1260
0	8884
19	7575
0	9109
0	8870
2	8865
0	8841
0	10668
53	690
852	558
0	2430
23	2531
3	53
0	10697
0	8580
0	10587
0	0
0	0
0	0
3	0
0	0
0	0
0	0
24	490
2	437
0	487
3	182
0	129
0	112
2	169
21	107
6	46
125	7
0	7
0	686
0	522
0	540
0	566
4	675
1	704
0	386
0	623
0	726
0	106
3	14
0	81
0	62
3	44
0	55
0	40
0	18
0	5
0	0
0	0
0	0
0	0
0	0
3	100
0	347
7	333
2	85
8	193
0	9
15	137
1	22
11	195
2	134
0	195
14	196
5	5
0	139
0	61
0	76
1	114
227	849
3	849
570	690
0	667
8	104
0	45
1	23
0	0
17	114
1	114
0	0
0	0
0	0
13	608
1	619
0	623
47	260
0	365
0	325
1	299
22	190
5	0
0	58
487	214
0	67
0	165
0	17
7	79
0	0
22	0
0	1
1	1
96	1441
2	253
0	228
2	1283
232	302
0	302
0	7
5	7
0	7
7	3
0	166
0	162
27	1
0	149
0	114
3	21
17	54
16	1009
0	987
8	196
2	835
0	260
204	3045
0	3053
20	1310
5	473
0	79
2	1196
41	498
2	0
9	38
0	130
0	131
0	125
1	116
0	29
6	77
0	6
1	24
3	43
0	110
0	125
1	15
2	15
0	0
0	0
0	0
0	0
0	0
16	772
0	760
2	54
0	77
0	15
0	97
0	37
9	89
0	76
254	50
2	9
0	6
0	9
0	14
0	18
0	1
0	1
0	0
0	1
0	0
57	136
0	136
0	29
0	123
2	68
5	49
0	0
0	0
0	0
0	0
0	0
0	0
50	55
0	55
0	2
0	4
0	48
54	404
1	404
2	0
7	22
0	16
1251	0
0	0
0	0
0	0
0	13
0	15
0	2
0	3
0	3
0	4
0	3
0	15
0	0
0	0
0	0
0	0
0	0
0	0
0	0
4	114
0	119
2	20
0	36
1	24
19	623
76	724
5	469
28	867
2	708
2	640
36	65
1	58
0	100
42	27
1	164
3	55
0	475
0	143
0	79
130	23
0	0
3	0
0	0
0	0
73	246
1	215
34	118
1	46
18	305
5	305
397	520
37	517
0	197
0	23
50	0
3	187
2	193
0	14
0	142
0	126
9	18
0	11
3	20
19	18
0	0
0	0
921	2131
18	520
0	1801
9	1192
0	1095
3	725
1	912
1	901
5	595
3	215
0	1
0	1
45	273
44	428
21	248
1	228
9	25
0	17
7	0
19	488
0	266
0	89
0	71
1	137
28	22
0	65
0	485
17	269
25	818
29	1208
0	1231
48	0
0	76
3	14
0	1217
0	423
0	1058
0	870
18	968
2	344
36	266
7	120
36	338
305	338
0	97
0	104
0	111
0	62
0	72
0	36
251	215
0	109
0	79
2	33
33	23
1	0
0	0
0	0
0	0
69	63
0	63
8	9
5	0
54	3
3	3
0	0
0	0
0	0
0	0
2	7
0	4
0	6
0	3
0	1
0	0
0	0
11	337
1049	900
42	7
9	35
0	80
2	85
6	189
0	0
0	0
0	0
0	0
5261	2396
1	157
5	2239
60	20
8	156
24	0
0	1715
1	1034
4	44
0	1798
0	1813
0	1538
21	1798
0	1764
0	1813
0	118
0	1812
0	1262
0	1239
2	0
38	102
0	35
0	49
2	34
0	57
3	35
0	80
5	30
3	24
0	20
909	64
66	64
0	1005
0	234
1	930
0	929
30	485
0	935
7	908
10	840
2	405
3	246
0	261
2	343
12	132
142	0
1	264
45	92
29	0
2	0
0	0
0	0
0	0
0	0
0	0
0	0
0	0
0	46
0	44
2	47
0	5
47	46
1	0
0	36
0	36
209	326
0	326
95	0
0	0
2	410
0	387
0	405
22	306
0	287
0	293
0	19
0	10
6	10
0	2
0	22
11	21
0	3
0	1
17	661
3	197
39	2519
0	2548
0	0
0	0
0	0
0	0
0	0
0	0
0	65
0	68
4	24
33	86
0	45
2	19
2	18
0	5
509	120
1	53
0	67
8	293
0	311
0	296
0	72
0	97
0	23
0	23
0	311
0	311
0	0
14	33
0	33
0	22
0	6
0	0
0	4
0	1
0	0
0	0
109	15
0	11
1	13
9	2
16	370
3	116
2	21
0	370
0	0
122	188
702	991
2	986
1	322
1029	0
0	0
0	0
0	0
0	0
0	0
0	0
0	0
0	0
0	0
0	0
0	0
0	0
0	0
0	0
0	0
0	0
0	0
0	0
0	105
19	284
0	233
0	246
0	144
0	257
3	73
1	139
0	45
0	170
0	81
2	23
0	38
2	151
0	166
0	51
1	109
1	74
0	0
0	0
0	0
324	50
0	30
0	50
0	0
0	0
0	0
0	0
0	0
625	6614
82	3504
40	4846
2	1928
168	122
0	0
0	0
3037	2299
0	655
0	1640
0	1698
76	874
4	126
0	0
0	0
1	389
0	5
3	53
0	4
1	437
0	352
2	295
4	49
5	73
9	216
27	116
0	153
404	0
4	615
0	541
0	482
0	538
0	606
3	235
3	34
515	1069
0	239
9	1069
3	168
0	0
0	0
0	0
0	0
1	0
0	0
215	146
0	68
1	85
0	22
0	4
0	2
0	4
0	0
0	0
51	27
5	27
4	17
2	0
0	0
0	0
296	822
8	198
3	130
25	78
0	324
1	199
1	289
0	244
9	80
0	0
0	0
68	993
0	993
0	191
6	51
1	0
1	182
2	147
0	175
0	13
5	0
0	0
0	0
0	0
0	0
0	7
0	8
1	1
0	2
0	196
0	597
0	592
0	540
2	578
0	594
0	535
0	109
2	158
0	116
1	119
15	106
1	126
3	23
1	34
15	122
0	0
0	68
2	61
0	52
0	25
0	5
14	0
1	479
0	510
3	543
0	526
2	74
0	3
0	3
0	0
0	3
0	0
0	0
0	3
0	0
0	0
0	45
1	45
0	14
0	6
0	0
1	0
0	0
0	0
0	0
0	0
4	167
0	92
0	30
0	137
0	53
0	71
0	91
4	121
0	141
941	0
0	24
1	24
0	20
0	14
0	12
0	0
0	0
1	0
0	48
3	34
6	24
0	3
0	32
0	8
0	19
0	0
0	0
1	0
228	176
0	174
0	139
0	8
0	2
0	8
0	9
0	6
0	6
0	6
0	6
0	7
0	0
0	0
0	2
0	2
0	0
0	1
0	1
0	1
0	5
1	0
0	0
0	5
0	5
0	5
0	5
0	5
0	5
0	0
0	0
0	5
5	5
0	0
0	4
0	4
0	0
0	5
402	1195
35	768
0	385
10	82
0	345
555	27
22	27
0	156
0	127
1	3
0	90
0	120
16	88
4	122
6	30
0	9
0	27
107	0
0	0
47	0
0	0
0	0
0	0
0	7
0	0
0	0
0	7
1	12
21	72
0	56
1	41
1	46
0	22
2	11
0	1425
0	734
8	861
0	760
0	778
0	660
5	376
0	292
1	81
0	1323
0	0
0	0
0	0
0	0
0	0
1186	1481
6	1481
18	4
0	2
1	0
0	2
21	1
0	1
3	704
713	704
5	1
7	636
12	63
0	215
6	1
0	1
447	271
0	192
13	163
63	25
1	25
0	14
4	3
0	3
0	3
0	31
81	0
73	645
203	645
0	1008
0	828
0	782
0	505
0	465
1	734
5	857
0	642
10	160
0	644
0	601
0	512
0	112
0	28
0	387
7	49
0	0
0	0
0	0
0	0
0	0
4	1
0	1
2342	2585
139	9
6	2034
0	541
3	1577
0	0
0	0
0	0
0	0
0	0
0	0
0	1
0	1
0	0
0	0
0	0
0	0
0	0
0	0
0	0
0	0
0	1
0	1
68	54
0	54
0	511
10	194
0	506
13	22
0	0
0	0
0	0
34	139
1	64
0	146
2	87
0	82
1	20
0	44
7	11
0	38
0	37
0	14
1	14
0	46
0	651
1	0
11	437
19	436
39	421
31	371
0	665
479	612
6	582
0	611
3	454
1	149
1	171
191	345
0	341
50	114
11	154
0	166
15	469
1	12
3	468
0	49
1	363
296	393
0	21
0	20
29	414
3	42
0	34
1	13
4	17
0	1
0	0
0	17
0	9
360	435
49	110
70	435
1	182
2	150
0	35
63	72
4	161
0	174
0	82
0	0
0	0
0	0
19	140
0	123
9	104
0	85
5	82
0	17
66	2
1	18
57	361
0	26
0	342
3	3
1	44
0	154
238	0
0	0
0	0
0	0
0	9
1	11
0	6
0	0
0	0
0	0
0	0
0	0
0	0
0	0
0	0
0	0
0	0
0	0
0	0
0	0
0	0
0	0
0	0
0	1
0	1
0	1
743	137
0	137
47	1821
10	16
1043	1805
27	258
0	80
1312	80
0	0
0	0
0	335
0	267
1	231
11	24
2	34
5	0
17	335
0	0
0	0
0	301
2	54
56	1099
4	1046
1	408
1	296
8	107
0	0
0	0
0	0
3	181
885	207
6	92
2	123
0	0
0	0
0	0
0	0
0	0
0	0
2376	0
0	3
0	1
0	2
0	1
0	0
0	0
0	0
0	0
0	0
0	82
3	82
20	5
0	0
0	0
0	0
0	0
0	0
0	1008
0	0
0	0
0	2
0	2
24429	12470
0	782
14	1271
0	2169
52	7998
58	6572
1	6104
0	4109
197	3403
207	927
140	66
0	185
0	884
22	52
46	38
0	120
3	109
3	109
0	36
0	34
0	37
1	37
0	17
0	0
1	11
1	1
0	5
1	0
0	0
0	96
6	423
0	127
0	429
11	384
1	33
3	146
2	181
0	83
8	165
1	146
1	99
0	142
0	57
34	50
0	75
15	1255
4	390
1	320
7	100
2	0
502	48
0	48
41	464
0	390
1	244
0	170
0	4306
5	4181
0	3966
148	2531
36	1451
0	661
0	337
16	96
30	12
0	0
0	0
0	0
0	0
0	0
0	0
0	0
172	0
12	43
2	43
2	665
66	665
10	45
0	18
1	0
0	1
0	2
0	6
0	10
0	0
1	8
0	2
0	4
0	0
0	0
0	0
2	2934
49	2934
0	2481
2	131
0	834
34	514
0	449
0	162
0	169
0	170
0	165
0	99
0	3
0	4
2	15
0	162
0	167
895	0
0	0
0	0
0	0
0	0
0	0
0	0
0	0
0	247
0	235
3	113
0	125
4	76
5	62
8	34
1	11
0	0
0	6
0	29
43	146
1	7
3	10
4	42
0	69
0	61
0	0
4	415
0	421
10	216
1	24
8	407
12	89
0	95
0	129
0	151
0	207
0	0
0	0
0	0
4	114
0	116
0	112
0	114
0	29
0	22
0	16
0	26
0	20
0	11
4	9
0	116
0	127
194	422
10	446
6	337
0	0
0	489
720	489
0	489
873	280
20	280
4	20
153	583
0	361
3	328
9	88
0	221
28	37
0	4
0	35
0	0
13	142
0	142
128	75
0	70
0	43
0	64
0	0
0	0
5	2
0	205
0	36
0	192
17	209
5	368
0	372
0	361
0	147
0	17
1	25
7	17
32	491
12	493
0	451
0	424
1	70
0	2677
0	2422
0	7141
0	7689
0	7820
1	7562
3	6040
0	5940
0	6047
0	6095
0	5964
21	748
1	747
0	289
292	83
8	342
98	501
57	186
0	2317
1	7229
2	193
4	183
4	104
11	68
31	448
2	196
122	592
0	570
27	347
17	253
0	0
0	40
12	44
0	577
29	249
0	573
0	535
0	406
1	390
0	495
2	462
0	89
0	280
0	106
26	0
2	27
0	49
4	298
7	575
11	35
248	56
0	319
0	623
0	654
3	663
0	0
0	0
0	0
0	0
3	667
0	656
0	162
4	69
0	15
0	609
1	185
0	37
0	640
0	172
0	74
1	44
4	373
3	9
3	48
0	233
4	85
23	542
0	403
14	6
0	466
0	133
0	171
0	332
4	170
8	83
0	0
0	30
1	85
0	183
21	699
4	71
0	177
6	9
0	335
0	205
0	65
1	55
0	573
18	62
3	135
6	180
0	1
0	1
53	700
0	782
0	628
2	278
19	51
0	0
0	0
0	0
0	0
0	0
0	0
0	0
466	170
0	170
3	141
26	43
0	524
0	736
7	711
0	259
2	166
0	303
0	169
0	221
0	131
1	17
0	0
0	0
0	0
0	0
0	0
0	1038
0	875
0	346
0	450
0	461
0	238
0	65
0	320
4	238
1	239
56	1295
2	7212
0	641
2	1767
0	7220
0	10
0	0
0	10
0	0
1	0
0	0
11	196
1	196
0	11
0	10
0	337
19	155
0	292
0	230
1	41
1	78
0	4
0	3
330	71
0	3
1	64
0	12
0	38
0	39
0	1
0	2
0	14
0	15
0	38
1556	649
35	34
0	193
0	372
0	390
4	406
3	0
0	0
0	0
0	0
0	0
0	0
0	0
0	0
0	0
0	0
0	0
0	3828
0	2342
1	10547
8	6617
459	10179
16	2178
3	4563
0	0
2	0
0	3190
42	8
0	748
0	3167
16	2996
0	35
0	17
78	0
0	54
2	186
10	3176
16	23
0	4
0	15
0	17
0	19
0	8
1	7
0	10
0	13
0	9
71	143
2	143
0	100
0	112
0	132
0	81
0	3
4	19
0	17
0	0
0	3
0	16
0	14
0	16
0	16
4	7
2	0
0	0
0	0
32	2723
1090	2890
121	2073
48	102
45	247
0	652
0	631
12	518
0	497
0	0
29	588
0	5
0	213
4	475
0	236
0	2785
6	153
0	235
54	180
466	3299
0	254
0	557
2	448
0	1180
1	703
0	1235
0	618
0	790
0	958
20	1739
0	1916
122	1882
15	34
7	33
0	0
0	0
0	0
0	0
0	125
303	134
0	40
1	130
2	70
0	0
1114	583
0	368
2	510
3	119
17	2630
0	792
0	195
8	188
5	276
2	332
0	11
0	861
15	585
0	314
24	477
10	106
87	105
0	2735
15	632
4	515
94	630
59	18
0	15
0	3
2	4
0	0
0	0
0	2
0	0
0	2
1048	332
3	332
3	231
0	85
9	359
0	339
12	324
0	19
3	38
0	10
38	22
495	24
0	24
106	814
0	526
0	41
19	285
1	134
0	91
0	85
2	43
10	31
0	3
0	1
0	1
0	1
0	2
0	0
0	0
0	0
0	0
0	0
0	163
0	318
0	274
0	257
3	301
4	161
0	216
6	187
0	153
0	106
3	97
0	0
1	0
0	0
20	0
0	0
0	18
0	5
0	5
0	5
0	5
0	5
0	5
0	336
0	251
4	98
0	182
1	133
0	334
0	64
8	96
0	91
2	21
0	58
0	1
0	4
0	4
85	83
0	17
0	12
0	63
73	579
5	423
2	138
18	283
341	126
0	91
0	37
0	0
0	0
46	450
30	436
7	0
5	204
15	39
0	69
0	42
0	1
2	0
0	2
0	4
0	4
0	1
0	3
0	3
0	3
0	3
0	4
0	4
0	3
0	1
0	2
0	1
0	0
0	1
0	0
0	0
0	0
0	0
0	0
0	0
0	0
0	0
0	0
171	44
0	56
5	0
6	4
4	4
0	13
0	0
0	0
0	0
0	0
0	0
2	1
0	0
0	24
0	18
0	24
0	5
0	20
0	19
0	0
0	0
0	0
0	0
0	0
9	1791
8	1487
3	798
3	667
26	353
20	556
0	309
438	225
2	86
0	8
92	113
0	223
0	0
0	28
5	28
0	28
0	15
2	7
0	0
0	0
0	0
58	3334
3	2844
0	2042
10	1269
27	1084
0	372
0	234
1	13
0	8
0	2
0	12
0	11
0	11
0	3
2	3
0	1
0	0
0	0
0	0
684	279
0	67
1	61
2	44
47	0
173	184
0	0
0	0
0	0
0	0
0	0
0	0
0	0
0	0
0	0
0	0
822	455
6	150
2	100
5	205
0	125
87	378
0	49
0	397
42	14
5	8
6	41
0	90
0	0
2	318
0	15
0	207
3	24
0	5
0	6
0	7
0	240
0	215
0	201
0	156
0	133
0	116
0	107
0	53
3	12
0	11
2	2341
27	2341
0	127
151	127
0	79
0	6
4	0
0	127
193	73
0	68
32	6
1	4
0	9
19	1218
0	1218
0	112
2	94
0	0
3	490
0	485
0	483
2	52
1	495
0	495
0	216
77	810
1	298
12	60
0	258
0	229
0	784
23	28
0	50
24	62
0	123
0	237
23	33
0	1027
1	215
0	215
0	1051
0	898
51	814
8	800
2	801
0	774
0	490
0	115
38	362
18	0
0	131
1	141
0	92
0	123
1	80
2	2
0	10
0	0
0	0
0	0
0	0
0	0
0	1149
9	1233
0	1225
0	1027
0	1058
0	781
8	190
0	367
0	210
0	268
0	127
0	294
4	262
2	74
0	78
0	61
0	58
0	78
4	1156
1	70
0	472
4	472
0	0
0	0
0	2
0	2
248	318
0	320
2	15
0	28
22	36
53	357
16	187
0	338
4	70
2	73
0	175
0	169
17	0
0	0
0	0
0	0
0	0
0	0
0	0
0	0
0	0
0	0
0	0
0	0
0	0
0	364
0	618
0	173
0	67
0	668
0	570
0	2
0	2
0	2
0	10
0	10
744	195
4	195
1	641
0	638
0	644
0	22
0	634
17	0
2	404
0	49
6	31
0	18
0	361
0	125
0	7
0	5
0	5
0	2
0	127
0	127
0	58
0	27
0	11
0	6
0	3
58	2231
9	1846
6	524
1	655
3	47
0	0
0	0
0	0
0	500
14	529
32	13
0	306
0	50
19	0
1	8
0	67
50	228
0	215
1	0
0	0
0	0
0	0
0	0
0	0
0	0
21	377
1	377
0	172
0	104
0	43
0	22
1060	90
24	68
36	0
0	15
2	0
112	137
2	0
0	137
0	0
0	0
0	0
0	4
0	0
0	0
1	0
0	1
0	4
0	1
0	2
0	2
0	425
1	418
0	409
0	423
22	2
0	29
10	25
54	14
0	5
0	13
136	510
2	414
5	288
0	188
0	0
0	0
0	0
0	0
0	0
1	0
0	0
0	0
0	0
0	0
0	0
0	25
0	25
0	13
0	25
0	25
0	16
0	25
1	157
0	58
8	138
0	42
5	15
0	8
0	0
0	7
0	0
0	305
0	262
0	258
0	306
0	306
0	235
0	292
0	305
0	290
0	235
0	234
2	267
0	121
0	158
7	19
1	0
0	0
30	20
0	20
14	12
120	1047
39	1045
0	159
0	0
0	0
0	0
0	0
0	0
0	0
0	62
0	56
2	60
1	9
0	63
0	69
0	0
0	2
0	2
30	53
1	11
0	24
0	40
0	0
0	0
0	0
0	0
0	0
295	337
0	333
0	289
124	246
0	103
18	759
71	759
89	1237
0	1221
8	129
0	2
0	2
0	0
0	0
0	0
0	2
0	0
0	0
219	1546
0	716
108	1567
0	1903
33	1931
0	46
1	1394
5	350
4	347
15	387
0	0
0	0
0	0
0	0
0	0
0	0
0	0
0	0
367	136
7	71
8	65
5	1
0	0
0	0
0	0
0	0
0	0
13	35
0	18
1	20
1	357
3	347
0	107
0	350
0	177
0	35
0	15
1	0
446	179
0	179
34	168
4	7
0	168
0	36
0	81
0	79
2	0
1	0
0	1
0	1
1	107
0	96
0	107
2	0
132	266
0	173
3	237
10	264
54	113
0	69
782	771
0	644
3	333
5	68
104	574
0	447
0	545
2	2
115	581
0	127
0	479
5	139
5	50
0	62
1665	6
0	6
0	0
0	0
0	0
0	34
1	287
0	1984
0	1978
0	1606
0	360
0	126
10	106
0	335
0	1326
10	312
7	141
0	83
0	0
0	926
17	911
15	463
7	898
3	245
0	609
7	421
3	70
0	105
13	275
5	923
16	677
0	635
5	251
0	167
1	24
12	1
0	71
1	30
0	88
3	9
0	68
1	83
0	23
0	0
0	28
0	0
0	0
0	0
0	0
0	0
0	0
1	0
0	0
0	0
0	0
0	0
716	0
202	766
0	766
13	0
0	0
0	634
119	793
0	164
7	58
0	79
0	105
0	28
0	83
190	0
0	0
0	0
0	0
0	0
0	85
0	81
0	0
0	85
237	21
0	21
130	447
0	144
3	395
1	126
0	95
23	258
0	203
0	126
27	160
18	0
21	111
3	93
1	35
434	0
0	0
0	0
11	484
0	483
0	219
0	0
27	99
3	94
0	86
0	31
13	119
137	260
0	173
23	0
0	86
272	992
0	991
0	243
5	0
0	0
0	0
0	0
40	38
1217	180
1	66
0	211
0	233
2	147
0	176
20	46
2	58
0	198
0	62
4	57
0	46
7	130
0	0
23	151
0	150
0	23
1	149
0	18
0	68
0	59
0	2
1	19
0	38
0	27
0	0
0	0
2	1
0	1
0	1
0	1
0	60
0	53
0	6
0	23
0	6
1	32
10	127
0	102
0	88
13	126
0	13
0	114
0	19
0	125
0	115
0	0
0	0
0	0
0	0
0	0
0	0
0	0
0	0
22	8978
16	8978
2	6340
19	13
1	1586
7	9039
149	2285
20	961
74	368
0	369
6	276
0	0
0	0
0	14
0	16
0	18
0	14
0	10
0	7
0	0
0	0
610	8
9	8
0	106
3	2
0	77
0	38
0	37
25	293
0	293
0	2131
16	2173
10	1057
0	1710
88	1708
0	1811
0	1821
33	671
36	382
14	141
247	1851
47	1822
0	1622
0	399
1	0
126	440
0	477
1	356
1	70
0	67
0	2
0	37
0	5
0	1
0	3
0	0
0	0
0	0
281	0
0	0
1147	65
4	65
1372	1291
0	1235
3	79
0	121
4	6
0	0
0	0
0	0
0	0
0	0
0	0
0	0
4	3
0	0
0	3
0	2
1	0
0	0
0	3
0	3
0	1
0	1
0	2
0	2
0	0
1	223
3	105
0	215
9	47
8	96
0	56
0	18
0	6
7	4
7	4
0	0
19	345
3	341
5	345
0	0
0	222
0	220
6	215
0	194
4	121
0	15
5	141
0	96
0	113
0	95
0	33
0	0
0	212
0	0
0	0
0	0
0	0
39	18
0	19
0	4
0	1
0	1205
20	1175
0	577
10	427
11	679
0	686
43	16
0	141
0	235
0	2
0	2
0	2
0	0
0	0
0	0
0	0
0	0
2	46
0	52
0	55
3	57
0	26
0	21
0	0
0	0
0	68
0	82
0	80
0	81
3	6
0	80
0	6
0	81
0	17
0	4
4	20
0	50
7913	835
9	378
16	779
2	1
0	1
0	0
0	0
0	0
0	0
12	245
13	245
2	127
0	87
1	6
0	86
16	0
0	9
0	59
1	0
1	1
0	0
0	0
0	0
0	3
0	3
0	3
1	169
1	357
0	388
9	376
0	349
0	112
0	126
0	12
0	26
1	25
0	0
0	0
0	0
0	0
0	0
0	574
0	235
7	96
0	29
5	538
0	403
1	152
0	12
0	1
0	8
1	5
2	9
519	31
0	31
0	0
0	3
0	3
0	3
0	0
0	0
0	417
3	219
10	385
0	66
0	0
16	14
0	38
0	368
0	82
3	87
1	75
0	7
7	8
0	6
0	0
0	0
0	0
0	0
0	0
13	0
32	506
0	308
2	436
0	164
1	480
393	635
0	146
0	630
0	638
0	457
10	629
0	141
17	30
0	18
1	80
6	62
0	21
0	604
2	0
0	15
0	15
0	0
0	0
0	0
0	0
0	0
0	0
0	0
0	0
0	0
0	0
0	0
0	0
0	0
0	0
0	0
0	0
0	0
0	0
0	0
0	0
0	14
0	15
0	0
108	137
13	137
30	572
6	425
0	33
38	299
8	254
1	182
0	48
1	9
0	1879
5	124
0	1880
0	311
4	36
5	1620
5	369
0	1878
11	1025
7	988
21	1024
1	43
57	839
1	35
5	117
1	1
1	179
2	90
0	6
0	106
48	5477
0	4402
9	5404
24	4783
51	2226
0	4421
22	3737
0	5118
5	6
0	6
0	1
0	0
0	0
0	0
0	0
0	0
0	0
0	0
0	0
0	0
0	0
0	0
0	0
0	0
0	0
0	0
0	0
0	0
0	0
0	0
0	0
0	0
0	0
0	0
0	0
0	0
0	0
0	0
0	288
2	424
0	470
0	63
3	3
0	3
0	3
1	3
1	0
52	1023
7	1007
18	96
0	168
0	120
0	51
7	47
0	0
0	0
0	0
0	0
0	0
0	0
127	3160
9	3221
82	3184
0	3233
0	195
5	75
4	244
10	61
20	365
59	265
1	264
10	152
0	0
0	0
0	0
0	86
0	87
5	83
0	45
0	22
0	35
19	73
0	43
1	42
1	13
0	11
0	11
5	12
0	11
0	0
95	232
0	37
0	3
4	0
0	6
0	179
0	135
0	97
6	0
6	0
2	0
0	64
4	1150
14	1018
10	47
0	959
0	270
0	90
0	45
0	1124
0	1122
0	0
0	0
0	0
0	0
0	0
0	0
0	0
72	11
1	0
0	0
0	0
0	0
0	0
2871	1270
0	1270
0	0
0	1
0	1
0	0
0	0
0	0
0	0
0	0
0	0
0	0
0	63
0	205
5	209
0	21
0	14
8	23
0	7
0	0
0	451
0	450
16	452
0	460
0	454
0	147
0	263
1	228
7	39
0	24
0	30
0	16
0	391
0	0
0	1
0	1
0	1
305	0
0	0
0	0
0	0
2	81
0	35
13	100
1	24
1	4
1	61
0	795
106	605
0	667
1	751
0	795
0	6
3	71
0	1
0	31
1	13
9	7
0	34
11	9
10	33
61	1333
55	613
0	1002
0	420
0	1129
9	154
0	0
0	0
0	0
0	0
0	0
7	455
0	474
0	465
0	65
3	5208
10	2391
9	917
0	5208
124	0
3	135
0	137
7	5
2	8
9	658
1	630
0	657
3	181
1	15
0	3
3	2
0	2
0	3
0	0
5	201
0	157
14	30
7	52
2	52
0	158
1	21
0	51
0	0
0	0
0	0
12	239
5	239
3	33
0	28
0	20
87	576
0	629
0	551
0	161
5	25
0	160
16	32
4	132
9	0
1	5
0	2
0	3
0	0
60	330
2	391
0	418
0	495
0	439
0	525
0	62
45	257
0	76
0	51
0	179
0	126
0	110
0	101
0	19
1	100
1	145
0	121
0	0
0	0
0	1
0	0
0	0
0	1
1	1
0	1
1	0
1012	187
0	78
0	100
0	49
0	48
0	0
3	140
0	140
1	29
0	140
0	0
28	0
567	387
0	53
3	381
0	0
0	0
0	0
0	0
7	454
0	100
0	179
1	0
0	164
24	186
1	120
0	486
13	322
5	739
4	565
7	726
0	0
0	250
0	244
8	3
0	245
0	57
4	20
6	10
13	865
0	1243
42	733
20	112
0	778
3	665
0	668
1	675
0	615
0	598
11	580
3	147
0	49
0	83
2	109
61	414
0	470
0	72
0	120
6	74
6	23
13	5
1	65
2	44
0	3
0	5
0	5
0	4
0	1
0	4
0	5
20	24
0	24
0	4
0	2
0	0
0	0
0	4
53	13
0	13
3	248
12	159
5	212
2	1
0	0
0	0
636	2346
0	73
40	2092
9	66
10	110
0	253
0	1
0	1
0	0
0	0
0	0
0	0
3	1673
2	1697
12	842
4	922
6	56
1	756
5	570
20	584
1	550
0	540
0	550
0	22
3	116
2	2
0	63
0	102
0	100
1	100
0	1
69	472
4	420
0	203
1	144
0	166
0	100
0	78
0	56
0	11
38	19
14	242
0	246
36	246
1	0
54	178
0	178
7	2
61	0
0	0
0	0
0	0
0	0
0	0
0	0
0	0
0	0
0	0
0	0
0	0
0	0
0	0
0	0
0	33
0	40
14	15
0	45
0	16
2	1
0	33
0	19
0	7
0	15
0	36
0	36
0	3
0	0
0	36
0	5
1	5
0	0
0	0
0	3
0	0
1	0
0	0
0	0
1	0
0	1198
0	1187
0	1120
7	1085
0	988
13	159
0	240
0	111
11	43
2	131
0	76
28	4
0	1194
0	114
0	20
0	107
5	89
0	114
1	481
0	367
0	352
0	363
0	46
0	378
0	350
1	434
0	14
5	326
1	17
0	31
0	25
0	48
0	184
0	11
0	0
0	170
4	29
1837	1124
56	57
231	200
0	1075
6	46
25	139
2	109
5	115
3	103
0	231
0	0
0	0
0	0
0	0
0	0
0	260
0	0
0	35
0	21
18	272
0	260
0	0
0	1
2	1
0	1
0	1
38	32
1	0
5	32
0	14
5	174
1	1
108	174
1	11
0	19
0	163
0	110
0	110
0	0
11	1976
0	1253
24	1914
0	695
3	1768
0	1314
16	415
0	762
25	726
0	790
2	434
1	464
3	604
12	368
0	33
0	21
0	33
0	9
0	11
0	7
0	26
1	0
0	1
0	1
0	1
0	1
0	0
0	1
27	4084
6	4292
61	4477
0	4542
1	164
19	51
18	4053
70	1703
0	4125
0	4132
26	122
34	934
0	3660
19	75
0	303
20	1205
19	0
94	6
0	509
39	413
0	347
4	211
19	158
0	0
0	0
0	0
0	0
0	97
0	97
0	32
0	27
0	27
0	20
0	8
0	4
0	0
346	187
0	187
30	0
1	44
0	43
0	37
4	5
0	20
1	0
0	0
0	0
0	0
0	0
0	0
5	71
0	67
0	59
0	14
0	0
0	0
0	1
0	1
0	1
0	0
0	0
0	0
0	0
0	1
0	1
87	0
0	4933
7	258
3	18
28	4364
0	212
0	319
3	976
9	4362
0	34
0	26
0	10
0	10
0	30
0	6
0	209
0	166
0	224
0	60
26	216
2	209
0	0
0	0
0	4
0	4
1	0
225	872
0	728
0	6
0	39
0	56
0	56
0	56
0	39
0	0
0	5
0	35
0	22
0	3
1	12
0	0
0	5
0	5
1	4
0	2
0	0
0	0
0	0
0	0
2	0
0	0
1	10
1	10
0	4
0	4
0	9
0	0
0	0
0	0
0	0
0	13
0	269
0	262
0	160
0	40
0	18
23	48
113	19
0	11
4	201
303	1841
1	1613
0	1685
0	225
0	224
0	155
3	96
0	32
0	224
0	0
389	367
0	335
2	185
0	32
11	0
2	1934
12	1297
20	134
16	1815
2	8
6	146
17	0
3	874
0	332
0	307
4	12
203	17
1	5
718	578
0	284
13	73
0	183
0	173
0	30
5	83
4	1
1	1
1	15
0	0
35	310
4	60
1	204
0	116
1	68
0	245
4	0
132	3084
0	1784
149	18
53	2958
3	0
9	64
5	0
0	59
0	85
0	88
0	64
7	14
0	50
1	0
4	9
0	1
0	1
0	8
0	0
0	138
1	321
0	332
2	322
0	209
2	174
0	173
1	49
1	15
0	6
0	6
0	10
0	10
0	203
0	4
0	2
1681	32
5	19
38	13
274	141
0	141
0	93
0	4
0	3
0	4
0	0
0	1
0	0
45	633
0	635
1	18
34	151
0	19
19	55
54	70
0	280
2	26
0	222
1	11
1	200
1	106
0	220
1	15
0	39
19	1342
0	285
4	292
2	270
2	12
0	0
0	10
1	52
4	19
0	51
0	8
13	24
0	0
0	0
2	3
2	3
0	1
0	0
0	0
0	1
0	0
0	31
2	62
1	60
20	30
0	177
0	181
0	171
0	57
0	107
13	35
3	27
377	686
0	524
11	459
8	149
0	274
0	1
0	1
0	1
0	1
0	2
184	1
3	1
0	1
1065	1022
3	73
1	1023
0	309
0	8
0	12
0	8
0	3
0	3
0	2
9	4
0	3
1	0
1	1
100	402
0	448
5	431
0	408
0	393
0	383
2	80
5	266
15	234
1	229
0	217
5	12
0	17
0	75
0	41
12668	1855
2	366
0	637
2	308
1	115
3	239
8	100
1	188
0	0
0	0
0	0
1	0
0	0
0	0
0	0
1	455
0	455
2	444
0	36
0	64
0	77
0	58
0	39
0	455
372	130
0	50
1	76
0	50
0	57
0	28
21	366
22	366
0	317
0	315
0	322
1	308
0	310
28	293
0	52
0	41
0	120
0	34
2	6
0	26
2	41
0	19
4	21
44	126
0	138
0	138
1	52
1	107
0	0
4	2
0	220
2	210
5	115
0	210
3	21
0	19
0	6
0	0
0	0
0	1
0	1
0	0
0	0
0	0
0	0
0	1
129	119
0	117
2	105
81	937
0	883
9	427
0	60
25	184
401	294
0	296
27	53
0	55
41	989
77	971
0	939
7	696
21	672
0	658
2	176
1	68
56	0
14	142
4	81
54	20
2	17
4	6
0	13
0	3
0	14
0	0
0	616
0	0
23	3367
2	3227
0	969
49	515
0	650
14	37
16	440
1	427
0	361
32	4
0	2
0	3
4	7
0	7
35	1
0	1
0	131
0	106
0	108
0	12
16	32
2	6
0	8
0	125
0	131
1	702
0	694
0	243
0	59
0	36
2	51
0	31
0	62
2	359
0	272
5	6
0	694
0	0
0	3
0	0
6	190
0	199
2	174
0	63
241	0
6	76
1	1
5	18
0	5
0	76
6	28
0	10
1	11
0	14
1	10
0	0
0	0
0	0
0	0
0	0
0	0
0	0
0	2
0	2
0	0
66	1469
3	2085
43	8393
28	1363
28	8062
2	295
4	47
1	317
8	399
38	448
4	106
1	423
4	241
10	276
4	3416
0	3416
2	4521
7	266
40	1436
4	2198
13	1654
0	4519
898	96
1	96
0	0
0	0
0	0
0	0
0	0
0	0
0	0
0	0
0	0
391	216
1	216
7	44
0	407
0	407
38	2128
0	986
0	1815
0	1921
0	2019
0	1934
13	1440
0	1078
2	1298
4	1217
0	635
0	813
0	578
7	956
6	800
25	32
2	32
0	0
0	0
0	0
0	2
0	2
215	31
1	8
1	8
0	19
0	5
0	3
0	10
0	619
1	589
1	78
2	8
0	44
0	197
0	104
0	0
0	0
0	0
1865	747
1	197
0	206
0	71
0	343
37	1
0	1
1	76
0	53
7	55
1	50
1	16
4	5
15	21
0	55
2	157
5	157
0	0
0	0
0	0
1	91
2	605
0	195
0	144
2	332
0	604
119	1873
0	493
24	1851
0	614
27	104
14	101
0	101
0	71
0	100
0	13
30	0
3448	959
1	245
12	478
6	75
0	239
0	5487
807	5851
2	428
2	360
13	428
17	110
49	237
0	428
1	1
6	107
4	140
0	0
0	0
4	16
0	12
0	16
0	0
0	8
22	0
31	1219
0	1145
5	1066
4	283
0	1031
307	83
11	1
0	83
7	60
0	0
0	0
0	1
0	1
23	35
71	35
2	21
741	5257
0	5031
0	170
21	72
5	63
16	18
0	668
18	491
17	423
44	328
0	0
0	0
0	330
0	200
0	380
0	342
6	65
0	69
0	188
0	1428
13	866
0	1125
1	1414
4	278
10	69
1004	5904
0	5297
3	833
0	964
0	0
22	0
0	0
0	3
0	30
0	2
0	27
0	30
0	1
0	27
0	23
0	0
2	1
0	23
0	27
0	30
0	22
0	18
0	28
0	26
0	9
0	3
0	2
0	1
0	4
0	4
0	1870
10	167
531	2083
8	445
14	859
1	1238
0	513
0	0
0	0
0	0
0	0
0	0
0	0
0	0
0	0
0	375
1	0
0	0
12489	2492
18	1750
45	742
0	0
0	0
0	0
0	0
0	0
0	0
0	15
0	9
4	260
0	32
1	260
1	0
4	8
2	19
1	0
0	0
24	814
58	761
1	45
658	1165
0	643
0	131
1	391
0	1419
0	601
4	0
0	434
0	661
0	289
0	153
0	7
0	64
0	109
0	643
0	45
0	48
2	0
0	527
0	52
0	650
0	650
0	1270
0	272
0	12
0	16
16	169
0	12
0	73
15	1424
24	1424
1	1205
0	137
0	104
21	246
0	285
0	137
0	160
0	65
0	0
0	0
0	0
0	3
0	3
0	0
0	0
0	3
47	697
0	115
38	481
0	594
2	205
5	80
3	25
7	125
0	125
0	17
3	17
3	8
0	18
0	1
0	0
0	6
0	8
0	0
0	0
0	0
0	1
0	1
0	0
0	1
0	0
0	0
0	0
0	143
166	240
0	52
0	221
0	21
0	1
0	0
0	5
0	1
3	21
0	0
29	753
280	836
8	331
28	288
0	135
6	0
0	826
1	0
0	0
0	0
0	0
0	0
0	0
219	1050
73	1050
19	175
1	431
13	373
5	372
0	234
0	218
1	7
0	1
0	6
0	0
0	4
0	4
0	1
0	1
0	1
0	0
0	0
0	0
1	1
5	1896
0	1929
23	317
109	576
0	228
4	168
16	235
0	1115
14	1075
0	35
17	11
19	23
0	876
0	2599
104	2593
5	2474
2	255
0	149
5	133
0	7
18	99
0	16
26	109
0	255
268	2000
0	1869
9	1199
3	1066
0	0
0	0
0	0
0	0
13	266
0	0
5	1
0	3
0	265
0	243
0	113
505	356
0	259
1	356
86	1238
8	1238
0	923
0	211
0	75
0	69
0	69
0	0
0	0
137	0
1111	934
9	505
48	760
15	923
41	121
0	723
1	277
0	813
4	0
0	0
0	0
0	0
1375	770
3	623
23	139
0	276
0	399
0	383
0	362
0	141
1	113
3	81
0	98
0	77
2	410
0	0
0	0
0	0
11	1
0	0
0	0
0	0
0	1
0	0
0	0
0	0
12389	41049
14	1931
0	26726
11	21578
2	16512
4	2156
5	12723
7	9532
21	8487
4	0
1	1
0	1
0	1
0	0
0	0
33	776
0	690
0	691
1	476
0	0
26	0
14	348
3	332
1	66
3	21
0	291
0	285
0	288
0	291
0	289
0	25
0	7
0	22
0	22
16	22
0	199
1	45
1	160
0	32
7	78
0	102
0	78
0	14
0	110
0	110
0	76
0	73
0	107
0	4
0	4
0	0
0	0
19	79
12	81
0	43
0	0
0	0
0	0
0	0
0	130
0	292
0	471
0	490
71	227
1	330
1	14
0	48
0	48
0	297
72	354
9	112
3	7
0	315
0	152
0	0
0	0
0	0
10	325
0	329
3	344
0	291
0	99
0	106
0	42
17	16
2	25
0	14
0	99
0	1006
11	836
0	37
1	31
0	524
0	77
0	43
0	27
0	21
0	23
0	975
0	790
0	0
1	0
0	0
0	0
0	0
0	1
0	1
0	513
0	513
0	524
45	498
0	283
31	62
0	51
0	0
49	3
0	149
0	541
0	158
0	93
157	541
0	313
3	145
0	18
0	172
2	10
0	400
121	10
3	154
47	112
0	102
3	0
0	22
0	161
0	266
0	861
0	768
0	131
8	659
0	1
0	1
0	0
0	0
0	0
0	0
0	0
0	0
0	0
0	0
0	0
0	0
0	0
1	0
0	0
0	0
0	0
0	0
0	0
0	0
4	0
0	0
0	0
18	54
0	50
0	50
0	3
0	5
0	3
2	0
0	0
0	0
525	383
3	286
0	273
0	0
0	0
0	0
9	113
0	86
0	147
0	120
0	121
0	11
0	11
0	11
0	7
0	1
0	0
0	6
14	0
24	977
0	940
0	924
5	57
8	77
1	139
0	0
0	0
0	0
6	90
10	90
0	2
0	2
0	0
4	0
0	0
0	7
0	11
0	8
0	2
1032	1170
6	17
0	3
0	17
0	13
0	0
1	2
0	5
0	1
2	96
0	96
5	3
0	9
0	18
0	0
0	0
0	0
0	0
1	154
1	158
11	142
0	131
3	3
0	16
4	13
1239	855
29	769
4	452
1	177
0	0
0	0
0	0
9	16
24	217
0	1342
6	1317
24	309
1	197
0	234
6	226
0	84
10	19
1	156
7	95
499	95
516	5465
20	5465
4	2512
14	2419
0	2538
4	303
0	2150
5	130
0	184
5	154
3	405
27	145
26	198
9	24
2	50
0	51
0	44
0	11
0	11
0	20
1	20
0	39
0	6
0	14
0	17
0	6
2	0
0	0
0	0
0	0
0	0
0	0
5	782
23	628
0	778
0	635
0	652
0	755
0	623
0	291
0	391
0	320
2	113
0	108
0	164
0	132
0	122
0	59
5	128
1	43
0	89
16	86
44	0
0	610
201	804
0	613
0	648
2	74
0	107
1	15
0	219
1	37
6	1
27	71
0	71
0	153
0	153
0	0
4	103
9	26
0	90
1	0
0	82
6	2
0	11
938	923
0	131
0	715
0	260
5	144
0	212
0	149
76	117
0	784
0	0
0	0
0	0
0	0
0	0
0	17
0	0
0	0
0	16
2	5
0	16
0	11
0	20
0	20
0	20
0	20
0	0
0	0
0	0
0	0
0	0
0	0
0	0
0	0
0	0
0	0
0	0
0	111
155	357
0	43
4	344
0	0
0	0
0	0
2	0
0	0
0	0
0	0
0	0
0	0
114	0
0	2
183	2
0	953
5	851
1	257
0	257
2	671
10	865
0	443
0	682
16	208
0	509
0	198
0	148
0	425
370	598
2	482
3	230
12	197
12	76
0	0
0	0
0	0
0	0
0	0
257	1032
0	1022
10	746
0	0
0	17
1	17
0	0
26	0
15	264
0	0
0	0
31	17
0	0
0	22
3	264
0	12
0	6
4	49
0	3
0	3
0	2
0	2
0	2
0	2
0	1
0	1
52	132
2	112
4	77
2	44
8	1
0	286
0	304
1	21
2	68
0	68
0	10
18	641
0	641
3	618
0	635
0	639
1	0
459	486
15	11
0	486
0	42
1	5
0	45
0	0
0	0
0	0
0	0
0	0
0	0
0	0
0	0
92	2073
13	2063
82	90
640	405
55	131
5	274
11	58
2	110
0	0
0	0
0	2
0	2
0	2
1	0
536	975
1	405
16	570
171	313
7	308
0	25
5	8
0	0
0	5
0	5
0	3
1	0
0	1
16	391
2	9
32	354
7	2
0	361
25	79
0	382
3	0
0	286
0	25
0	25
0	278
0	0
0	0
0	0
0	240
57	304
0	77
9	145
30	141
5	47
0	282
1	241
0	77
1	124
65	0
0	0
0	0
0	0
0	0
0	0
0	0
0	0
9	1
0	0
0	0
0	1
0	481
15	829
0	838
0	811
0	839
0	808
4	77
0	231
0	163
0	25
0	24
0	839
8	18
0	18
3207	0
0	0
0	0
73	18
3	8
0	9
0	10
1	7
447	548
2	104
8	75
0	122
3	111
27	285
13	215
0	209
3	76
0	33
0	52
0	55
1	53
0	23
0	24
0	30
0	6
2	0
0	0
0	0
0	0
0	0
0	0
6	140
564	194
0	73
1	17
5	19
1	7
3	16
0	4
0	11
0	2
3	1
0	432
52	475
3	5
11	20
0	16
0	207
0	151
13	63
0	12
0	12
0	14
2	14
0	12
0	0
0	0
56	85
0	60
5	85
0	3
0	63
0	66
0	6
0	19
1	2
0	12
0	5
0	0
0	0
1	0
145	1348
0	1132
1	371
0	180
1	114
67	231
16	299
0	53
415	1654
4	485
0	263
11	1373
0	272
20	557
5	306
6	87
28	109
1	107
1	36
0	0
0	0
0	0
0	0
0	0
0	0
32	658
2	109
2	569
195	143
0	146
3	435
0	350
2	432
7	344
0	261
520	1085
46	0
0	1082
5	824
0	971
0	463
0	1052
5	0
0	273
100	91
0	1088
1	0
14	208
5	233
2	231
37	197
375	764
17	764
0	236
4	241
2	106
0	9
0	7
0	7
0	10
0	11
0	11
0	0
0	0
0	0
0	436
0	475
8	158
0	56
0	4
5	25
359	8
0	8
7	0
1	145
181	145
1	33
0	342
0	188
10	231
0	174
0	75
245	76
33	76
1	0
0	0
82	254
0	244
0	15
0	0
0	1
0	1
7	6
0	19
0	17
0	21
0	26
0	26
0	25
0	4
0	0
0	0
0	0
0	0
0	2047
0	1684
3	185
0	243
14	140
0	190
4	701
0	669
0	136
25	502
1	344
0	117
25	10
0	85
0	2034
0	0
0	0
0	0
73	82
31	85
2	14
0	0
0	0
0	0
0	0
0	0
0	0
131	45
3	11
15	34
8	581
0	581
17	581
5	239
23	19
0	301
5	50
0	212
21	216
0	129
19	242
0	81
0	0
0	0
0	0
4	273
0	8
0	214
0	255
7	32
2	179
0	0
0	0
0	0
26	116
0	116
2027	6732
17	2072
9	1832
4	2907
2	2430
0	0
0	0
0	0
0	0
0	0
0	0
0	0
0	0
0	0
0	115
0	109
24	30
50	51
0	109
0	115
0	24
0	109
0	115
0	0
2	65
0	30
0	65
0	15
0	43
0	2
0	2
0	0
0	0
0	0
0	0
328	85
3	78
0	82
1	0
0	252
0	116
1	254
0	215
0	23
0	255
14	0
457	277
2	188
0	52
11	89
0	0
0	0
0	0
0	0
0	967
0	607
13	509
0	948
1	329
0	0
0	0
0	0
0	0
98	1121
0	486
11	485
0	416
0	392
0	317
0	530
0	531
4	370
0	0
27	760
0	716
7	471
0	652
12	47
0	759
0	707
0	4394
5	379
5	379
2	33
0	6
0	326
0	316
0	322
0	31
0	319
0	311
0	23
0	5
51	160
204	685
0	332
4	387
1	470
0	569
0	302
6	346
0	124
0	30
2	457
0	444
4	206
1	0
6	5
16	35
0	0
25	3782
22	3763
1	198
39	19
2	13
3	13
43	9
0	12
0	0
0	0
0	0
0	0
0	0
51	9
0	9
0	5
0	2
0	2
2	213
0	423
0	525
0	505
3	167
0	515
1	86
1	83
0	505
0	485
0	230
0	513
0	463
1	116
10	377
0	513
171	1328
11	64
41	367
1	1064
4	542
8	76
1	535
5	0
169	20
0	20
0	0
0	0
0	0
0	0
0	0
0	0
0	0
0	0
0	0
0	0
0	0
0	334
4	71
0	340
4	269
0	334
0	59
7	283
1	23
1	65
11	34
1415	0
0	3
0	2
0	3
0	0
0	0
0	0
0	7
219	7
2	0
0	129
6	14
4	7
0	2
1	5
6	129
0	0
0	0
0	65
0	71
0	69
5	5
0	71
0	16
2	2
5	78
0	78
0	79
0	4
0	2
0	0
0	7
0	6
0	5
190	412
8	91
6	328
0	196
1	104
1	7
0	240
1	165
0	146
0	108
1	64
3	23
0	240
35	0
312	621
0	615
0	52
3	6
0	1175
0	1129
0	1131
0	1177
1	37
0	121
0	60
1	61
2	300
0	176
0	542
0	127
2	149
1	324
0	0
0	0
3	607
0	511
1	528
0	229
0	166
6	123
0	165
26	941
0	918
53	154
25	71
49	189
2	189
90	3
0	0
0	0
0	0
0	0
0	0
0	0
25	730
13	637
0	109
4	733
11	73
0	729
2	96
0	56
0	2
54	12
5	12
0	0
0	0
0	0
0	0
0	0
0	0
0	0
0	0
0	0
0	35
161	35
0	0
0	0
44	4905
0	4912
7	561
38	2397
1313	1032
0	481
6	243
14	1
2	610
0	195
1	331
0	620
10	52
0	38
0	1
0	1
0	1
0	1
270	83
3	83
1	69
0	0
0	0
0	0
0	0
0	0
10	12
1	9
0	3
0	3
0	3
0	3
0	0
0	0
0	0
0	0
0	53
0	28
0	38
0	37
0	2
0	7
0	0
12	121
12	65
0	257
0	228
13	199
4	13
0	46
0	2800
0	3008
12	535
0	260
7	1754
0	1480
0	237
14	257
61	172
0	318
2688	503
0	497
6	278
4	0
1	186
16	104
7	178
0	21
1	52
0	46
15	32
0	35
1	23
28	12
1	1626
11	1623
0	1626
1	1624
0	276
2	97
0	36
6	3
0	3
0	2
6	1007
0	1012
4	8
6	1006
0	99
0	648
0	1015
130	87
0	121
0	92
0	41
0	130
0	29
0	48
0	2
0	2
0	0
0	0
11	16
0	13
0	9
26	1100
20	1076
0	539
10	216
3	128
9	607
0	303
0	460
0	287
2	7
1	1
0	1
3	6
1	221
0	228
0	228
0	56
18	61
1	110
0	73
586	161
13	152
0	60
2	59
3	174
0	217
0	46
0	10
0	19
3	72
3	9
1	47
0	47
7	15
0	167
0	5
0	6
0	4
0	0
0	5
0	5
0	1
0	6
0	0
0	2
0	0
0	1
3	1
0	0
142	390
3	388
1	165
1	164
0	372
0	357
35	2
0	6
0	6
0	6
1	3
0	3
0	3
0	2
0	2
0	0
0	0
0	2
0	0
0	0
0	655
6	645
0	562
157	64
0	647
129	231
11	101
3	45
11	16
262	128
2	92
0	87
0	34
0	0
0	0
0	0
0	0
0	0
0	0
0	0
3	1306
0	1290
0	1826
43	1782
0	1758
0	1025
0	873
0	865
17	182
147	327
0	0
1	1
3	171
166	174
0	155
9	139
0	90
0	124
9	143
0	142
0	65
0	86
2	73
3	12
0	22
0	56
4	48
0	5
0	5
0	3
11	0
1	0
0	0
0	2
0	2
0	0
0	2
1	0
0	2
0	2
0	3
0	2
0	3
0	2
20	10
0	5
0	9
1	3
6	2
1	5
43	228
15	18
0	177
0	177
0	51
0	51
1	69
0	67
0	6
0	0
0	0
0	0
60	3321
1572	3321
44	1308
3	1862
0	1656
0	1652
0	1691
0	1148
3	1018
0	0
0	130
0	129
2	130
0	35
0	97
0	40
2	70
0	73
25	0
24	2
3	0
31	4
0	4
0	1
178	0
0	9
0	9
0	3
0	0
0	0
3	1059
0	1067
1	1120
97	0
0	0
0	0
0	0
0	4
0	4
0	1
0	0
0	0
0	0
0	0
0	0
239	0
0	0
0	0
0	0
0	0
0	0
6	0
0	0
0	0
0	0
0	0
0	0
0	0
0	0
0	0
1	0
7	180
1	178
8	17
0	174
23	127
0	7
0	36
16	427
15	427
0	26
5	3
0	2
1551	378
0	43
25	197
67	138
41	0
0	0
15	1839
0	1854
39	981
16	602
8	338
0	0
0	0
0	0
0	0
0	0
0	177
0	178
0	132
0	44
0	178
298	647
0	584
0	508
4	633
9	217
7	128
3	401
0	138
8	15
0	125
0	0
0	0
0	0
0	0
0	0
0	0
0	0
0	0
1	191
0	185
1	190
0	13
0	67
0	1533
0	2170
795	2355
2	140
2	1624
0	2174
3	128
2	468
1	464
2	136
9	106
12	455
1	412
2	788
13	162
0	290
1	181
28	107
0	7
13	0
0	0
0	0
246	53
72	53
3	767
2	767
0	659
1	325
1	287
0	42
0	127
0	0
6	8
0	2
7	2
0	0
0	8
0	6
6	1
0	0
0	3
0	3
0	3
16	427
19	163
2	82
2	28
2	237
0	0
0	0
0	0
0	0
0	0
0	0
0	0
0	0
197	41
0	41
0	0
0	0
0	0
0	0
0	0
6	207
0	198
20	52
0	52
46	65
0	65
81	49
79	840
0	840
0	387
0	117
0	261
0	199
0	183
201	13
0	13
23	7
0	7
0	0
386	1770
1	1770
158	58
29	98944
10922	98827
8	98826
0	20353
0	9753
0	3662
11	3086
11	1816
2	61422
0	0
0	0
1	93
0	393
0	48
1	18
0	17
3	162
0	40
79	2
0	2
0	0
17	4
0	4
67	189
32	69
0	68
1	182
4	55
15	184
0	29
2	62
0	63
0	189
4179	1632
6	1099
1	342
0	2
0	2
21	261
0	95
43	290
2	267
0	102
27	810
581	810
2	34
2	34
0	0
107	119
0	16
0	11
0	6
8	20
17	11
1	5587
0	4945
0	4236
0	5447
0	2444
0	4791
7	1949
0	421
0	161
0	150
4	95
2	11
0	166
0	0
0	0
0	0
0	0
0	0
0	0
0	53
0	51
0	53
0	15
0	13
2	7
0	0
19	228
2	228
12	266
6	266
0	52
4	477
0	282
0	398
0	21
11	385
0	66
0	66
0	0
0	0
0	0
3	11
0	10
0	11
0	5
0	5
22	11
0	10
1	0
0	2
1735	364
1	364
29	39
8	2
0	0
0	0
0	0
1	226
0	201
3	178
0	108
0	106
0	123
0	65
0	44
0	71
3	56
0	44
0	44
1	39
0	0
0	0
0	0
0	0
0	0
0	0
0	0
0	0
0	0
0	0
0	0
0	0
0	0
0	0
0	0
8	112
222	109
0	5
0	5
0	0
0	0
0	0
34	1308
0	728
27	1281
112	241
58	600
0	156
8	27
0	323
2	189
0	109
0	81
46	171
0	69
0	0
0	0
0	3
0	3
0	3
0	0
0	0
801	475
7	257
0	157
1	278
2	96
0	33
0	374
13	379
0	83
18	113
2	24
0	24
1	20
0	24
5	21
2	7
0	5
0	122
0	0
0	0
0	0
0	0
0	0
0	0
0	0
0	0
0	0
0	0
0	0
0	0
0	0
0	0
0	0
0	0
0	0
0	0
0	0
0	0
662	3
8	0
27	432
0	434
0	429
0	0
0	0
0	0
0	0
0	0
0	0
0	0
0	924
0	874
0	7
2	201
0	64
0	144
0	154
0	224
1	70
2	899
116	196
0	908
0	861
0	911
0	0
0	0
1	0
0	0
0	0
0	0
0	0
0	0
0	0
0	0
0	1289
8	1284
4	529
9	127
3	26
1	65
0	1288
19	685
60	1819
2	1786
0	228
0	245
0	281
17	154
573	1106
8	113
9	988
14	376
1	433
0	271
0	863
0	910
0	842
0	813
0	464
0	163
0	500
0	25
0	827
0	4852
5	4688
7	1166
0	3213
2	0
362	0
0	95
0	57
0	95
69	0
1	0
1	0
0	0
66	828
191	246
145	828
5	55
135	459
3	433
0	0
0	4
0	4
0	78
0	65
0	58
3	29
0	80
0	81
3	52
3	81
3	80
4	16
1	13
0	50
4	64
0	3
0	1
377	565
175	102
0	102
0	0
0	0
0	0
0	0
0	0
0	0
1	7608
82	7423
0	5804
12	1286
0	1038
0	999
23	1178
0	1591
6	114
0	7583
0	15
0	77
49	103
1	104
0	106
0	13
0	13
0	13
0	13
0	9
0	3
3	2
34	398
8	68
0	3806
0	3788
0	3729
49	3694
0	3389
17	66
2	1456
8	11
2	105
7	32
15	387
0	257
0	0
0	1
0	0
0	0
1	170
2	170
0	2
0	0
0	0
0	0
0	0
0	0
3	619
0	580
8	609
0	553
17	126
0	0
381	1193
0	1259
0	1173
6	1041
0	765
0	485
0	838
0	707
0	707
0	743
0	310
37	481
0	186
0	238
0	82
0	1116
0	8
0	0
0	0
0	0
0	0
0	1
2	0
0	0
0	0
1	142
424	249
0	262
0	281
8	11
0	30
14	28
1260	640
0	640
732	752
0	720
5	36
1	5
0	5
0	3
10	1404
0	1670
2	533
0	65
0	0
0	0
0	0
0	0
0	0
0	1
0	64
0	64
0	0
0	0
0	0
0	0
0	0
0	0
0	0
86	0
2	355
0	355
1	18
0	355
0	501
15	321
20	372
44	148
0	270
2	234
8	100
0	1
45	2
0	2
3	1
0	0
0	0
2	0
0	0
0	0
0	0
0	0
0	0
0	0
0	0
0	0
0	1539
334	1947
1	1672
6	981
0	0
0	0
0	0
0	0
9	0
276	61
16	9
0	28
35	8
28	2
16	29
2	5
0	0
3	14
0	3
0	2
0	0
0	0
0	11
0	1
0	1
0	0
0	1
0	36
0	35
0	1
0	33
0	35
0	28
0	29
0	4690
0	2173
0	83
0	47
0	373
0	139
0	66
0	42
0	2378
0	395
0	1168
0	1006
1	968
0	2140
1	437
0	3099
2	613
0	906
0	724
0	2023
0	1908
0	1977
0	1239
0	1927
1	1396
12	861
0	356
0	4030
0	4096
0	3989
0	161
0	155
0	161
0	143
1	12
3	15
0	13
0	104
0	1
0	18
0	4
0	39
4	15
0	1236
0	391
0	1078
14	363
2	338
0	148
4	63
0	18
0	1198
169	77
0	77
2	233
66	251
5	275
118	999
33	611
8	1001
0	215
8	331
1	57
0	96
1	96
0	1
0	1
0	1
0	1
0	1
0	1
0	0
7	346
0	346
0	0
0	175
0	168
0	176
10	67
0	192
8	27
3	66
0	99
3	102
0	129
0	134
0	185
0	115
0	14
10	137
0	143
14	6
0	32
0	25
0	56
0	71
0	29
0	29
0	49
15	0
0	30
8	0
782	881
0	831
14	34
26	266
61	487
0	63
28	307
0	52
4	1531
21	1453
0	1510
0	1047
1	1173
4	435
4	197
0	258
1	437
12	116
0	195
1	177
1	54
1	54
34	77
174	96
0	92
10	36
0	40
40	26
1	585
2	248
0	243
0	573
0	456
0	544
0	502
11	146
0	82
9	491
0	0
0	0
0	0
0	0
0	0
0	0
0	0
1	0
0	0
0	1
0	1
0	1
0	0
0	0
0	0
0	0
0	0
0	0
0	0
0	0
223	121
3	121
0	0
0	0
0	0
147	0
0	0
0	0
0	0
117	608
2	261
0	413
1	128
8	86
0	61
18	78
11	120
45	35
11	213
1	3
0	54
0	3
3	3
1	0
0	0
0	7
5	6
2	3
0	3
0	23
0	23
0	49
0	2
0	0
0	19
4	218
0	53
0	199
0	0
168	2971
17	2964
0	1616
1	920
51	464
0	0
290	81
8	18
3	81
0	1050
10	627
12	801
4	758
4	91
4	97
0	48
14	1055
0	0
122	480
0	473
2	460
9	230
0	167
0	72
0	0
1	96
0	96
0	13
0	22
0	83
0	0
0	8
0	1
0	9
0	1
0	6
0	7
0	2
2	16
3	1
0	95
0	3
0	1
0	3
0	0
0	0
174	1877
8	1623
7	133
17	368
33	606
0	432
4	63
0	417
7	120
9	104
33	5260
0	5901
1	5015
189	5275
0	4246
36	394
25	99
2	858
2	1153
2	391
7	816
127	0
27	225
0	225
30	191
0	216
1680	2052
0	1262
0	15
0	1795
0	1100
0	25
3	11
6	134
0	57
1	97
0	93
0	0
0	0
1	0
0	0
0	0
0	0
0	0
2	0
0	0
27	1869
0	1869
0	1869
0	1064
1	1101
0	1087
0	1127
0	150
1	641
0	61
22	324
1	11
0	99
0	569
0	511
0	520
11	42
0	519
0	32
629	506
2	504
0	4
0	3
0	0
0	0
0	0
0	0
0	0
0	0
0	0
0	0
0	0
0	0
0	0
0	0
0	1
10	207
0	5
0	8
0	133
0	193
0	7
0	10
1	1909
9	1909
3	231
0	385
0	365
2	69
3	36
0	1909
0	143
0	28
0	160
0	67
0	102
0	1723
8	1714
2	1225
6	120
0	144
0	163
0	124
0	145
7	16
41	10
0	1
0	3
0	0
0	3
0	3
1326	0
1	0
26	5586
15	5351
0	5127
9	4751
3	1050
8	4272
4	261
6	375
24	616
2	1372
18	937
6	982
6	1191
0	492
18	451
0	5
2	7
0	3
0	0
0	0
0	3
0	7
0	0
0	7
0	7
0	7
1	0
0	1
0	1
0	0
0	0
0	0
0	0
0	0
0	0
0	0
0	13
0	13
0	0
0	0
43	1219
3	77
3	61
0	1219
0	0
0	0
0	0
0	0
0	53
0	110
0	40
0	126
0	25
0	69
41	63
9	20
0	20
0	16
0	5
0	9
0	0
88	164
0	35
0	40
3	80
17	114
10	96
0	0
0	0
0	0
0	0
0	0
1	0
0	77
0	68
1	394
1293	602
0	6
72	210
920	1752
0	366
1	730
0	154
3	564
3	455
0	1464
5	1075
11	391
0	0
0	0
8	28
0	7
5	6
0	6
8	910
12	28
5	31
0	910
0	0
0	0
0	0
0	0
0	0
0	454
0	0
0	0
0	0
34	16
3	2
0	12
0	9
0	3
0	6
1226	16
0	0
0	0
27	643
0	98
0	62
1	44
0	55
30	233
0	552
7	57
0	334
2	14
11	89
4	68
0	138
0	0
0	454
0	378
0	454
3	209
11	454
3	378
0	378
22	0
208	0
0	0
0	0
0	0
0	461
0	422
2	434
72	418
0	116
0	109
3	101
0	466
23	115
0	551
2	550
1	112
0	52
4	45
0	0
0	0
0	11
0	12
2	7
0	6
0	6
0	7
0	1
0	0
0	0
0	0
0	5
0	0
0	4
0	0
43	8
10	8
12	106
1	1
0	104
0	91
0	0
0	0
0	0
0	0
0	0
0	0
0	0
0	1
0	1
0	1
0	1
0	1
0	0
0	0
0	0
304	251
1	121
34	121
19	37
1	0
0	32
0	33
0	0
0	2
0	33
0	1
0	3
0	1152
0	33
0	88
0	88
0	36
1	11
0	74
1	20
0	11
0	19
12	7
191	31
0	16
0	15
0	158
2	221
1	19
5	230
0	572
0	36
16	88
0	569
0	31
0	99
11	240
4330	818
0	818
49	108
2	108
5	3
0	23042
14	21307
37	5195
7	249
11	10562
0	21281
19	8232
0	8871
62	631
0	1424
26	150
0	762
16	296
16	0
0	291
0	186
0	514
0	0
0	0
0	0
0	0
0	0
0	0
0	0
0	0
0	0
0	0
0	0
0	0
0	0
0	0
0	0
0	0
0	0
0	0
2	17
121	17
0	0
0	0
0	0
0	0
0	0
0	0
39	28
0	168
32	157
0	11
0	59
4	20
4	17
0	0
0	0
0	0
0	0
6	1
0	0
0	0
0	0
0	1
0	0
6	222
0	222
0	0
77	388
0	387
0	356
0	60
0	40
0	14
0	12
2	149
4	115
0	70
6	66
253	956
0	115
1	920
3	36
0	0
0	0
0	0
0	0
0	0
0	0
0	0
18	0
0	0
0	0
0	0
0	0
5	1131
2	1171
17	1132
2	1130
0	137
0	0
0	0
19	1
0	1
0	0
0	0
0	0
1	2234
600	2211
0	1750
3	3498
0	3988
0	2201
46	1118
0	76
130	74
5	74
0	33
1	41
0	62
0	66
2	561
2	482
74	284
0	172
2	88
6	642
0	594
9	605
0	571
13	526
0	605
0	391
0	0
0	0
0	0
15	7807
71	7677
19	232
4	539
6	992
0	853
0	0
3	755
0	781
6	628
0	1726
0	15
0	1634
156	211
0	17
0	22
4	130
3	45
13	72
73	58
0	99
0	0
0	0
0	0
0	0
3	6
0	1
0	5
0	2
0	0
0	0
0	0
0	0
0	0
0	0
0	0
0	0
0	0
0	0
0	0
0	0
0	0
0	0
0	0
0	0
0	0
0	0
0	0
162	0
132	144
0	80
0	130
0	33
0	26
0	0
104	115
0	95
18	77
0	77
0	0
0	0
0	0
0	0
0	0
0	0
0	0
0	265
0	280
1	24
0	278
21	41
0	75
0	0
0	0
11	439
0	416
1	292
6	475
0	381
0	330
0	0
0	0
0	0
306	220
0	11
104	228
0	82
3	146
15	5
0	0
0	0
0	0
0	0
0	0
0	0
0	0
0	0
0	0
867	378
12	378
3	21
0	15
0	14
0	1
0	3
2	2
1	4
0	6
0	15
2	127
7	1
19	176
0	127
0	56
0	21
0	14
0	16
0	18
0	17
1	74
22	74
0	20
0	20
0	24
0	47
74	76
0	11
1	73
0	56
0	1
0	0
0	1
2	5
0	5
0	0
0	0
0	0
0	0
0	0
50	370
0	368
2	391
0	169
49	27
1	228
36	248
0	82
0	70
0	47
2	14
30	3
0	3
0	0
0	0
0	0
0	0
0	0
0	0
54	346
0	337
10	9
189	1106
15	10
6	105
2	121
0	546
0	315
1	797
0	919
0	823
0	407
1	416
13	9
1	6
0	0
0	2
0	5
0	5
0	0
0	0
0	0
0	364
0	358
5	304
3	195
0	49
5	26
0	91
0	60
2	18
0	0
0	0
112	6
0	6
0	0
2	1
0	1
0	0
0	0
0	0
0	0
0	0
0	0
0	0
0	0
0	0
0	0
0	0
0	0
0	0
0	0
0	0
0	0
0	412
0	213
7	368
0	234
515	98
0	132
46	410
36	155
4	156
3	155
1	0
0	0
0	0
0	0
180	4
0	20
19	20
0	1
0	0
0	0
0	0
0	0
1	0
3	0
0	0
0	0
0	0
7	0
0	0
0	149
9	24
4	12
58	265
0	250
3	19
0	106
0	0
0	0
0	0
9	2
0	2
0	0
0	284
1	282
0	287
2	290
0	233
24	51
5	35
1	276
0	0
0	0
0	3
0	3
10	7
0	7
0	3
0	3
0	0
0	0
0	0
0	0
0	0
0	0
0	0
0	0
0	0
0	0
0	0
0	0
0	0
0	0
2	0
6	537
7	537
0	482
5	63
25	0
19	925
0	927
6	869
25	33
0	3918
1	346
0	3729
13	242
3	169
5	367
0	370
0	703
3	865
113	86
0	65
1	35
0	52
0	6
2	3
0	0
0	0
0	0
0	0
0	0
0	0
0	0
4	31
0	31
0	19
0	23
0	25
0	7
0	16
0	28
3	30
0	7
0	5
1	2
0	31
0	0
0	0
2352	0
131	92
0	92
5	664
0	11
0	19
0	22
0	2
2	32
0	35
0	64
0	26
0	32
0	40
0	688
7	16
20	53
1	10
2	44
0	33
18	28
0	0
0	0
10	919
0	922
2	3
5	35
18	234
0	637
28	0
0	0
40	32
0	25
0	11
0	4
0	1
0	1
0	1
0	199
93	175
1	186
6	188
0	25
0	43
0	19
0	17
0	0
0	0
0	0
0	0
0	0
0	0
0	0
89	0
0	0
0	0
0	0
0	0
0	0
0	0
0	0
0	0
359	0
3	224
103	228
2	9
17	217
0	195
0	216
0	0
0	0
0	0
0	0
0	0
0	0
0	0
0	0
2	1652
16	1500
0	493
0	1367
1	1420
0	1472
0	1448
9	147
2	187
8	0
0	802
0	147
41	840
0	131
0	205
4	215
0	368
3	308
0	1435
0	0
0	0
0	0
0	0
0	0
0	0
0	0
0	0
0	0
1	627
80	155
2	108
5	485
35	0
0	655
22	697
26	432
0	581
21	110
0	0
0	0
0	133
0	44
0	0
0	0
0	0
0	0
0	0
0	0
0	0
0	0
0	0
2	0
3	791
0	1173
13	311
0	837
0	839
0	832
0	793
1	749
0	253
2	1176
0	0
0	2
0	0
0	0
0	0
1	19
0	19
0	2
0	3
0	2
0	2
0	0
0	0
0	19
8	0
0	20
1	94
2	95
1	94
6	90
5	51
0	57
0	0
0	0
0	0
0	0
0	0
0	0
0	0
0	0
0	0
0	0
0	0
0	0
0	0
43	523
0	519
0	537
0	14
0	0
0	0
281	7804
105	6614
0	1681
0	866
71	1690
0	7450
0	3946
20	4054
7	6206
30	892
75	2004
115	2118
0	1349
0	480
0	209
0	208
0	0
0	0
1447	759
1	279
24	167
14	25
5	79
2	146
15	44
1	69
0	186
0	0
0	0
0	0
1791	0
95	159
0	159
2	113
0	43
0	0
0	0
0	0
0	0
0	0
0	0
0	432
0	412
15	40
0	69
0	24
1	50
29	66
0	32
0	0
0	0
0	0
0	0
0	0
0	0
0	0
0	0
0	0
0	0
0	0
0	0
0	0
0	0
0	0
686	727
2	727
0	1
0	1
0	1
0	1
0	1
0	1
0	0
3601	1859
3	1853
3	0
10	102
19	87
0	34
0	0
0	0
8	0
0	0
0	0
0	0
13	409
19	180
10	85
0	232
0	370
0	478
84	505
0	518
1	333
7	504
0	639
1114	1017
0	1184
2	0
6	0
29	1231
211	1495
32	555
75	170
33	1494
0	1342
1	1382
0	1269
1	362
1119	2184
1	1262
4	447
0	490
3	97
1	107
0	576
0	0
0	0
1	0
3	0
0	2
0	2
0	0
0	2
0	2
0	0
0	0
0	0
10	0
0	0
0	0
0	0
0	0
0	0
0	9
1	0
0	0
0	0
0	0
0	0
0	0
0	323
0	370
0	331
3	21
0	381
0	321
3	5
0	40
2	665
2	665
3	408
2	665
0	1
0	0
0	0
0	0
0	1
0	0
0	0
0	384
2	384
39	370
390	125
4	125
0	2916
624	2927
0	392
61	2901
2	2858
0	2948
0	389
0	2737
0	0
0	0
0	0
0	0
97	1942
52	1048
4	1258
3	98
2	898
0	612
0	18
10	387
0	0
0	0
0	0
0	0
0	0
0	3
29	537
2	121
38	537
0	0
0	0
0	0
0	0
0	0
0	1
0	1
0	0
0	0
259	2926
0	2914
0	590
0	2569
0	1706
0	873
0	594
0	645
93	86
4	83
0	0
0	0
0	0
0	0
0	0
0	0
0	0
0	0
0	0
0	0
0	0
1	3
0	0
0	0
0	0
0	0
0	573
2	484
5	227
0	566
0	413
3	240
4	10
1	132
0	136
6	540
14	57
1	416
30	31
0	30
0	9
0	5
1	4
3	4
16	5
16	0
0	0
0	0
0	0
0	0
0	0
0	0
0	0
1	2
3	0
1	2
0	0
0	0
7	2879
0	2877
0	314
3	0
0	0
0	0
0	0
0	0
0	0
0	1
3	251
0	219
0	250
0	22
0	221
7	233
0	84
6	9
522	97
90	181
1	181
1	1150
11	1168
0	0
0	8
0	8
1	0
0	0
0	5
0	1
0	1
0	1
0	1
0	1
0	0
0	0
0	0
2	799
0	818
0	810
0	391
0	609
0	611
0	613
795	0
9	643
0	868
0	845
1	804
0	717
0	866
22	648
0	101
119	464
0	466
28	346
137	373
6	280
0	49
0	0
0	0
0	0
0	0
0	0
0	0
0	0
0	0
0	0
0	0
0	0
0	0
0	0
0	0
117	0
0	0
0	0
0	0
0	0
513	193
0	193
0	0
0	0
0	0
0	0
104	1740
0	43
48	33
0	7
0	259
0	1240
0	364
3	94
0	94
15	24
0	0
0	0
4	775
0	0
82	83
0	55
0	36
28	34
0	34
0	33
0	0
0	0
0	451
1158	1383
0	133
0	170
1	206
3	1240
2	143
50	12
0	12
1	2
2	604
0	614
0	649
0	568
0	289
5	114
0	52
26	291
11	77
0	268
0	183
15	93
0	80
0	0
0	0
0	0
0	0
0	0
11	0
37	198
0	0
24	28
0	0
0	28
0	0
0	0
0	0
0	11
0	11
0	157
0	134
0	136
4	66
3	30
0	0
0	0
0	0
0	0
0	0
0	0
0	0
0	0
0	0
0	0
0	326
0	326
0	328
0	224
14	0
2	22
0	24
3	7
13	0
0	0
0	0
0	0
0	0
0	0
0	0
0	0
0	73
164	553
0	154
21	156
0	311
8	37
2	152
17	154
0	136
0	105
0	63
0	95
0	92
0	69
1	99
10	10
2	65
0	0
0	0
0	0
0	0
0	0
0	0
0	0
0	0
0	0
0	0
1	8
0	8
0	3
0	5
0	2
186	597
5	441
8	298
1	213
0	0
0	0
0	0
0	0
0	0
0	0
0	0
0	0
0	0
0	0
0	0
0	36
0	41
0	36
0	0
0	0
2	0
0	5
0	5
0	0
0	0
0	0
0	0
0	0
0	21
738	1363
39	188
0	308
1	215
3	897
0	214
10	1061
0	291
5	160
4	0
0	0
0	1
0	3
1	3
0	2
0	2
0	1
0	1
0	1
0	0
0	3
1	3990
27	3991
2	615
18	151
0	1040
0	675
0	552
0	2
0	2
0	2
0	0
0	0
0	0
0	0
0	0
0	0
0	0
1	8
8	7
0	0
1	1
332	539
0	296
0	214
0	174
0	177
525	0
0	0
0	0
0	0
0	697
0	554
22	246
1	135
1	127
1	97
36	528
179	232
9	224
1	43
1	127
0	0
0	13
0	0
0	0
0	0
0	0
0	0
0	0
0	13
0	0
0	0
0	0
0	0
0	1
0	1
317	590
1	528
0	157
0	75
0	105
0	36
2	75
0	27
1	30
8	5
0	0
0	0
0	0
0	102
0	95
0	13
1	49
0	41
1	31
0	28
0	21
0	10
1	8
0	0
37	2494
22	2494
0	135
6	400
0	80
1	80
0	75
0	7
15	0
0	0
8	255
0	255
1	135
0	14
11	0
43	283
0	277
1	43
0	7
0	14
0	12
0	0
0	5
0	2
0	0
0	0
0	0
0	1
1	1
11	0
95	12
0	9
0	3
0	14
0	14
0	14
0	14
3	33
0	33
0	24
4	4
0	0
0	0
0	0
356	799
9	192
0	119
0	487
0	691
847	183
2	185
4	90
0	0
2	27
0	8
0	0
0	6
0	4
258	7971
18	7540
0	7280
30	6475
57	936
53	94
32	254
0	2397
12	254
0	822
1	168
0	207
4	268
0	0
0	0
1	0
0	0
0	0
0	0
0	0
0	4
0	2
0	4
0	78
31	3
0	3
1	2
0	2
0	168
0	73
0	0
0	0
0	0
0	0
0	0
0	0
630	16
19	18
26	15
0	8
0	8
0	7
0	5
0	22
0	25
0	25
0	21
0	14
0	4
0	0
0	0
484	300
1	300
4	899
0	84
1	30
0	899
3	5841
11	42
0	68
18	393
11	325
0	105
11	119
0	51
0	68
55	157
4	33
0	131
0	49
0	12
0	45
0	23
0	2
4	4
5	0
21	1
32	0
0	0
0	0
5	1
0	0
0	1
0	0
0	0
0	0
0	0
0	0
4	0
0	472
96	473
0	454
0	0
0	0
3	3969
3	5948
0	2175
9	5880
9	5492
12	839
2	1629
1	4
1	8
0	47
0	45
0	47
2	9
0	48
0	1
1	4
3	7
2	36
0	6
0	3
0	0
1	58
0	615
2	161
112	7
0	571
0	9
3	52
0	123
0	0
0	0
46	322
0	267
10	312
0	191
4	54
11	115
0	120
0	744
3	743
0	743
4	115
4	165
1	89
0	0
14	38
0	0
0	1
0	2
3	2
1	0
0	0
0	0
0	0
0	0
0	0
0	0
1330	0
34	690
0	684
10	501
1	23
0	46
0	65
0	60
0	0
0	0
60	166
6	3439
0	1032
1	105
0	165
0	148
0	271
0	2490
0	249
6	31
0	209
5	17
6	312
0	111
0	0
2	0
0	0
0	0
0	0
0	0
0	0
0	0
0	348
0	128
3	155
1	252
0	347
1	54
2	153
0	131
0	105
4	41
1	113
0	350
0	0
0	0
149	0
0	145
19	422
2	61
15	307
0	322
1	78
0	92
0	83
5	116
1	116
0	0
0	0
0	15
0	15
0	15
0	11
0	10
1	10
0	2
0	2
0	1
0	1
0	0
0	0
0	0
0	0
0	0
0	0
0	0
0	0
0	14
7	5
0	5
1	0
0	0
0	0
626	0
0	0
0	0
0	0
0	7
0	1
0	1
0	7
0	346
0	368
0	364
0	66
3	0
14	0
123	770
0	535
1	43
0	50
21	5
10	14
11	254
25	8
0	0
0	0
0	0
0	758
0	279
17	398
0	348
0	154
0	10
0	221
0	708
0	108
18	124
0	0
0	0
0	0
0	0
7	131
0	101
1	23
25	30
0	17
0	317
0	282
2	33
0	298
0	286
0	122
0	40
0	50
0	0
0	0
0	0
0	45
58	63
2	26
0	59
0	8
0	16
2	4
0	113
4	110
0	93
0	15
6	1
0	1
28	511
0	511
0	511
2	36
0	36
0	33
0	36
1	14
0	14
0	13
1	0
4	6
0	0
0	3
0	1
0	2
0	0
0	3
0	0
0	0
0	0
0	0
0	0
0	0
0	146
11	129
0	8
0	46
0	60
0	46
3	34
1	105
0	93
0	63
0	0
107	752
4	654
20	211
11	78
30	24
1	24
813	1614
0	409
0	1048
35	1097
23	129
8	47
2	73
0	0
0	282
4	282
10	242
7	4
569	1405
1	1405
0	0
0	0
0	0
0	0
0	2
0	2
1	0
0	1
0	1
0	1
0	1
0	1
0	0
0	0
0	1
0	0
0	0
0	0
0	2945
2	2795
1	137
0	156
11	2780
5	182
2	212
1	455
1	320
4	167
0	177
2	256
4	208
0	402
0	393
0	86
20	142
0	6
21	78
0	78
157	529
87	529
0	24
0	3
0	12
2	25
1	11
0	16
13	685
0	685
13	268
1	37
0	33
0	35
0	31
0	31
0	31
0	14
10	1
0	0
0	33
541	1429
0	681
0	431
3	432
0	403
91	183
10	92
98	220
0	221
1	222
22	0
12	2034
176	1011
52	2011
0	230
18	327
24	686
22	140
98	101
0	2073
0	2090
10	309
10	377
0	229
5	88
0	174
0	1320
0	0
0	0
0	287
13	287
0	83
0	0
0	0
203	23
0	11
2	1390
0	1387
2328	1387
2	485
0	0
0	0
0	0
489	3879
4	3879
23	159
0	186
0	307
1	2014
0	169
2	322
0	0
0	0
0	0
0	24
0	40
0	16
4	14
0	34
0	16
0	37
0	0
0	0
633	16
616	736
0	611
1	156
0	0
0	0
0	0
0	0
449	86
1	85
0	1
0	0
0	0
0	0
239	2767
0	2708
14	2750
0	163
0	1113
16	10
0	1
1	5
0	12
0	4
0	0
0	0
0	0
0	0
0	0
1	949
33	954
0	111
0	61
0	32
0	108
0	35
3	39
182	405
0	2
0	280
18	1158
3	1053
186	820
0	749
0	475
6	135
0	0
0	0
0	0
0	0
0	0
0	0
697	5
0	5
0	0
0	511
2	51
0	492
0	326
0	3
3	326
0	333
2	164
0	62
2	25
0	493
0	0
0	0
0	8
0	8
0	8
0	1
1	1
0	0
1	1
0	0
0	0
0	0
0	0
0	0
0	92
3	65
0	17
1	17
0	98
281	100
0	100
2	0
85	0
338	62
0	62
207	75
9	75
15	13
2	47
20	45
0	52
1	127
0	114
0	43
1	53
0	73
0	80
0	81
32	86
4	10
0	10
3	9
1	0
52	157
0	157
0	20
0	0
1	0
0	301
1	125
0	125
0	256
11	29
3	223
0	372
75	464
2	41
0	11
0	416
0	113
0	136
5	384
0	45
0	436
1	382
0	52
14	328
0	290
19	21
26	0
0	86
1	128
4	27
0	6
7	0
0	415
0	0
0	0
0	0
0	0
0	152
0	152
0	152
0	36
0	1
0	152
5	70
0	74
0	11
0	56
0	236
0	218
0	514
10	514
1	52
0	52
2	37
0	14
0	18
0	0
0	0
0	0
0	0
0	0
0	0
0	0
0	0
0	0
0	0
0	0
0	0
0	0
0	0
0	34
8	34
1	7
11	31
2218	31
0	0
0	0
6	193
7	205
0	38
0	198
0	36
0	22
21	39
2	24
44	2
0	0
0	3
0	0
2	0
0	0
0	0
0	0
0	0
0	0
0	0
0	0
0	0
0	0
0	0
0	0
0	0
0	0
0	0
0	0
0	0
0	0
0	0
0	0
0	0
2	32
0	36
0	30
0	61
0	14
0	42
0	57
0	18
0	38
0	55
0	23
0	35
0	35
0	23
0	6
0	50
0	48
0	51
0	48
0	23
1	47
0	14
0	14
0	16
0	19
0	31
0	22
0	21
0	31
0	32
0	13
3	13
0	2
0	23
0	26
0	3
0	64
0	64
0	61
752	0
0	0
0	5
0	5
0	4
0	1
0	0
0	0
0	0
0	0
28	3
0	3
0	1
6	994
3	993
14	951
8	14
0	66
8	230
1	114
1	0
0	0
0	0
0	0
0	0
0	0
0	0
0	0
0	0
16	0
0	0
0	0
0	0
6	4
0	0
18	2176
0	2507
0	2507
8	717
7	111
5	520
0	2507
0	0
0	0
0	0
0	0
211	37
0	37
0	11
0	0
0	0
0	0
18	119
0	8
0	8
0	17
0	19
0	15
0	6
0	2
0	4
0	0
0	110
15	255
2	256
1	0
0	0
0	0
0	0
0	0
0	0
0	0
0	394
0	315
0	391
6	239
114	421
3	67
0	0
0	0
0	0
0	0
0	0
0	0
19	906
26	1111
0	474
23	200
7	42
0	950
257	324
0	146
0	155
0	148
3	90
0	12
0	0
0	0
0	0
0	0
0	0
0	0
0	0
0	0
437	249
0	249
0	0
0	0
0	0
0	0
3	0
1779	660
5	172
3	384
0	298
9	63
0	353
0	303
71	4
0	0
0	0
0	0
209	64
0	14
1	44
0	6
0	0
0	0
0	0
1800	1185
0	185
4	177
6	183
13	597
0	263
1086	553
0	337
0	153
12	89
0	63
0	5
5	0
0	0
0	82
25	2376
10	1591
12	33
1	95
0	50
0	8
0	116
27	213
0	207
21	2430
0	0
0	0
0	0
0	0
0	0
1	2
0	36
0	74
1	19
0	29
0	43
0	40
0	60
0	8
0	32
0	22
2	25
0	2
0	0
0	5
0	17
6	21
0	4
0	191
0	149
2	189
2	3
0	29
0	2
0	2
0	0
0	0
0	0
0	0
0	0
0	0
3	0
1	45
0	16
0	4
0	30
0	1
3	422
2	319
2	3397
7	3885
0	1401
7	210
4	4354
0	145
6	1103
83	4179
6	598
4	317
3	277
1	2448
0	540
137	165
4	76
0	89
0	5810
56	5790
0	5778
16	231
0	5625
0	557
16	20
0	1
0	1
0	1
0	0
0	0
0	0
1	446
0	572
3	252
1	124
0	229
1	183
0	108
4	231
0	0
39	965
3	18
38	449
10	989
1	80
0	953
0	0
0	0
0	0
0	0
0	0
0	0
0	0
0	0
0	0
0	0
0	0
1067	0
0	0
26	286
302	2565
4	2538
13	59
14	926
57	707
0	5
0	276
0	136
4	286
0	41
2	214
5	37
1	29
0	0
0	10
0	10
0	5
0	5
0	10
0	0
0	0
0	0
0	10
280	186
52	62
0	33
0	26
3	128
0	16
5	55
0	0
0	0
0	0
0	0
0	0
0	0
115	393
0	457
0	450
6	440
0	345
0	425
1	468
0	309
0	466
0	308
0	144
0	458
0	0
0	0
0	0
69	478
30	423
3	132
1	90
6	48
0	60
0	43
2	26
0	58
0	0
0	0
0	0
0	0
0	0
0	0
0	0
0	0
0	0
0	0
0	0
0	0
0	0
715	51
0	51
0	0
0	0
0	0
0	0
0	0
0	0
0	0
0	0
0	0
0	0
0	2
0	2
0	0
0	0
0	0
0	0
0	0
0	0
0	0
0	0
0	0
7	139
0	139
0	0
0	0
53	114
6	114
0	0
0	0
0	0
0	0
0	0
0	0
0	0
22	2104
0	1096
3	92
3	126
3	2105
0	0
0	0
0	0
0	0
0	0
0	0
0	0
0	0
0	0
0	0
0	0
1	2
0	2
0	0
0	0
0	2
0	0
0	0
0	1
0	0
0	0
0	0
0	0
0	0
0	0
0	0
0	0
0	0
0	0
0	1
0	1
0	0
0	0
0	0
0	1
0	1
0	1
0	1
0	1
2	0
11	0
1053	6393
5	6240
36	5703
20	105
18	4
0	4
0	1
0	1
1	4
0	4
0	0
0	96
0	60
90	101
0	0
0	0
0	0
0	0
0	0
0	3
3	3
3	15
2	15
0	0
16	348
4	348
0	98
1	51
4	2
0	2
0	1
0	0
0	0
0	0
0	1
0	0
0	0
0	0
0	0
55	299
0	92
0	299
72	2799
7	936
0	2062
0	767
19	429
0	975
1	518
115	13
0	0
0	0
0	0
0	0
0	1
0	1
5	467
0	228
0	467
0	455
1	220
0	114
0	24
17	0
0	0
0	0
0	0
0	0
0	0
0	151
0	132
0	156
0	68
0	140
0	140
0	21
0	18
0	34
1	6
0	41
0	40
0	10
0	7
0	145
0	122
73	83
8	83
0	7
0	2
0	0
1	2618
0	2824
28	449
5	591
2	559
0	458
50	710
14	538
106	101
248	864
0	527
6	548
1	764
0	791
0	0
0	0
0	4
1	4
0	4
0	4
0	0
3812	2415
10	0
141	2412
1	1585
9	2422
69	2424
2	298
2	2385
37	864
13	2260
0	2283
0	1897
88	1249
0	1915
0	1766
0	1508
10	474
1	599
404	446
0	413
0	22
20	22
8	4
0	0
0	0
1	0
0	2
0	2
152	16
0	4
4	0
0	11
0	0
0	5
0	6
0	4
0	2
0	0
0	4
0	2
0	0
0	11
0	14
0	14
0	1
3	1
0	0
0	0
0	5971
3	2159
5	77
6	80
20	986
41	844
3	843
46	124
8	3
57	793
14	397
1	24
29	1
0	5971
0	1
0	0
0	1
0	0
0	0
88	41
0	37
0	0
0	0
0	11
104	0
0	0
11	0
0	0
0	0
0	0
12	14
0	14
0	1
0	2
0	2
0	2
0	2
0	1
0	1
0	1
0	0
0	0
0	0
0	0
0	18
0	17
6	28
0	28
0	30
0	38
0	28
0	37
0	15
0	12
0	20
0	20
0	12
0	9
0	9
0	8
0	2
0	0
0	18
2637	3324
72	3324
5	90
9	191
0	0
0	0
0	0
0	0
1	0
0	0
0	0
0	0
0	0
2409	152
137	331
6	3371
0	19
2	144
0	230
0	130
0	217
36	233
0	208
0	194
0	95
0	94
0	0
0	0
448	0
0	0
0	0
0	0
0	0
0	0
0	0
0	0
0	0
4	0
0	0
0	1
0	1
0	0
0	195
0	235
6	277
2	165
1	212
0	226
0	0
1	0
0	0
0	6
0	6
0	0
0	2
147	1633
0	1633
16	33
2	1136
0	1456
1	1
0	127
0	8
0	68
2	31
0	41
0	70
6	48
0	70
10	4
5	7
2	24
0	68
0	70
0	70
0	215
1	180
5	165
0	103
1	123
1	123
2	115
0	0
0	0
69	263
0	240
1	65
1	22
1	24
0	27
0	29
192	107
0	26
1	62
0	34
634	406
0	127
0	397
0	45
0	1
1	1
0	1
1	0
0	0
0	0
0	0
46	78
0	146
17	24
1	31
0	180
0	72
1	120
12	1
0	12
2	24
2	9
21	20
1	4
0	0
0	0
0	0
0	0
0	0
5	78
1	76
1	24
0	0
0	0
0	0
0	0
0	0
0	0
0	0
0	0
0	0
0	0
0	0
0	0
0	0
0	0
0	0
0	0
0	0
891	1459
0	894
0	454
27	101
0	308
32	2
1	2
0	0
0	0
0	0
0	0
0	0
0	163
0	137
178	165
4	11
12	91
1	60
0	38
0	5
0	1
6	23
17	23
2	8
0	0
0	259
0	0
0	259
5	102
0	247
8	217
0	31
0	74
1	131
1	92
2	1093
0	1099
0	1099
0	1083
5	41
0	23
0	403
0	65
0	11
12	485
0	484
0	359
12	158
0	68
0	95
14	36
27	352
54	8
1	352
0	0
0	0
9	0
0	0
0	7
0	0
0	0
15	1
0	1
1	1
4	0
0	1
0	0
0	0
0	0
44	0
3	42
3	53
147	222
0	52
0	41
0	41
0	82
1	56
0	79
0	20
0	0
0	0
1	290
133	1716
5	1555
0	112
0	974
0	161
0	1124
0	622
0	1124
0	8
2	353
2	741
1373	288
2	6
0	282
2	64
0	0
0	25
0	0
0	10
0	0
0	43
0	0
0	84
5	3
0	26
5	22
0	0
0	56
1	80
1	4
0	71
0	78
0	66
13	13
0	10
4	2
0	29
0	28
0	9
1	2
3	872
633	968
0	896
34	107
0	243
0	102
0	199
2	183
1	142
0	149
2	77
2738	1618
64	1599
136	907
15	228
0	846
19	789
0	757
31	634
1	110
2	157
4	92
0	18
924	1004
0	317
0	154
0	607
958	898
37	898
0	417
18	300
0	0
0	0
0	0
0	0
1	0
0	0
0	0
0	9
1	8
0	9
17	3
0	0
0	0
0	0
0	0
0	0
0	0
0	0
0	0
0	3468
0	3410
0	291
0	391
0	354
29	99
5	346
0	386
2	399
3	412
3	243
1	67
2	240
0	3426
0	3472
0	0
0	0
0	0
0	0
0	0
0	0
0	0
0	18
0	16
0	7
0	15
0	17
0	17
0	7
0	4
0	7
8	301
8	301
0	112
6701	2906
6	2880
10	2222
0	1079
1	1127
13	1966
2	0
0	0
0	0
0	20
0	20
0	15
0	11
0	0
0	20
5	437
2	429
0	432
61	124
5	120
323	210
2	210
0	4
0	4
0	0
0	1
0	1
0	1
0	162
491	525
1	525
0	387
1	300
17	135
0	137
0	129
0	125
0	11
3	11
7	11
0	8
0	0
0	0
0	0
0	0
0	0
0	0
0	0
0	0
0	0
0	0
0	1
0	1
0	1
0	0
0	0
0	0
0	0
0	0
0	0
0	0
16	0
0	0
0	0
0	0
227	3813
24	223
11	138
1	17
0	3810
0	141
46	77
0	308
1	156
0	0
0	0
0	0
0	0
1425	1004
0	0
0	0
0	712
5	568
0	707
3	467
0	110
0	248
0	713
4	14
3	211
9	232
25	127
0	69
0	43
6	65
0	16
1	29
1	51
1	36
0	42
0	21
0	21
253	116
1	88
3	70
1	98
3	2
0	13
0	53
0	87
0	42
0	42
0	38
0	81
0	55
0	81
0	87
0	193
0	479
0	507
7	32
42	65
0	915
3	869
0	912
3	65
10	68
5	30
15	1
200	212
17	161
0	161
0	0
0	0
5	9
0	89
0	92
0	41
0	98
0	96
0	49
1	93
0	75
0	89
0	87
0	45
0	87
0	89
12	7
0	95
0	100
0	16
0	32
0	0
0	37
0	641
0	575
0	314
0	35
6	23
0	24
0	34
0	0
2	75
0	74
1	5
857	829
7	134
3	795
0	0
48	1323
5	3
9	1323
0	0
0	0
0	0
0	0
0	0
0	0
0	0
0	0
0	8
0	20
1	19
2	8
138	2312
0	2328
6	458
0	436
7	134
0	0
0	0
0	0
0	0
0	0
0	0
0	0
0	0
0	0
0	0
1271	179
4	90
1	66
8	57
3	1674
0	1638
0	1498
0	1533
1	161
1	71
2	338
12	288
4	201
0	0
0	0
0	0
0	0
0	0
0	0
0	0
0	0
0	0
0	0
0	0
0	0
2968	0
786	318
0	29
23	125
0	235
0	167
2	62
1	57
0	34
0	25
0	30
0	0
0	1
0	0
0	0
0	0
0	0
0	0
1	7
4	8
0	8
2	4
11	0
511	0
84	4
0	0
0	0
0	0
0	0
0	0
0	0
3	0
1	0
0	0
43	486
49	543
18	652
4	197
0	252
13	152
17	47
160	878
48	868
6	358
29	370
6	16
0	0
0	0
0	0
0	0
0	0
0	0
0	0
0	0
0	0
0	2897
1	4480
1	6046
6	3894
1	11781
93	1283
3	9110
5	3740
0	9236
2	3942
0	3347
19	283
7	282
0	0
0	0
96	0
0	2421
332	2416
4	86
0	1353
0	2303
0	63
1	210
3	2114
0	2019
0	2273
0	2211
0	2239
0	2175
0	2338
0	2395
0	1374
16	114
0	0
0	0
260	374
0	374
1	49
1	36
8	1212
34	1060
5	1154
250	1187
6	125
0	109
1	89
1	79
0	0
0	0
0	0
0	0
0	0
0	0
0	0
0	0
0	0
0	0
0	0
0	0
0	19
0	19
0	19
0	7
0	0
0	0
0	2
0	18
0	0
0	0
0	0
0	0
0	0
0	0
0	0
0	0
0	0
1005	0
0	0
0	0
0	0
0	1
0	1
0	0
0	0
0	0
2	4
1	4
2	535
1	79
7	525
13	5
0	73
0	81
5	21
1	71
1	31
6	193
0	63
17	14
2	15
0	535
0	0
0	0
0	0
0	0
0	0
0	72
0	509
4	509
234	721
0	571
0	432
0	509
0	466
1	651
0	272
6	0
2	91
0	0
386	4137
7	4137
247	122
0	60
2	26
0	3
0	27
2	43
0	28
0	3
0	2
0	28
0	4
0	355
0	110
0	123
10	288
0	237
10	88
1	29
22	165
32	278
5	258
0	103
28	8
13	93
0	0
0	0
0	0
3	6
0	0
0	0
0	1
0	6
0	0
0	5
7	5
0	0
0	0
4	0
0	0
0	0
0	0
0	0
0	0
47	0
785	0
0	0
0	283
0	276
2	115
15	13
0	37
0	40
1	29
1	3
5	850
61	850
0	0
1	1
0	1
0	1
0	0
0	0
0	0
0	0
0	0
0	0
0	0
0	4
1	19
9	19
3	4
0	1
0	1
0	0
0	1
0	291
1204	291
18	174
0	0
0	0
0	0
294	0
5	5
0	5
0	5
0	5
0	5
0	0
0	0
0	0
0	0
0	0
0	0
0	0
0	0
0	0
0	18
0	89
0	2
0	34
0	0
3	113
0	81
0	77
2	34
0	8
0	17
0	58
0	4
0	111
0	0
0	0
0	0
0	0
0	148
4	118
0	38
58	148
0	0
0	0
0	0
0	0
0	0
0	1
0	0
0	1
0	1
0	0
0	0
0	0
0	0
0	0
0	0
0	0
0	0
0	0
0	0
0	0
0	0
0	0
1387	0
162	231
0	231
0	227
0	136
0	68
0	48
0	35
0	0
0	0
0	0
0	0
0	0
0	0
0	0
0	1
0	1
0	1
0	37
0	58
0	0
0	66
0	49
0	67
0	0
0	0
0	0
0	0
0	0
0	0
0	0
878	200
215	200
0	121
9	20
1	9
2	26
3	125
1	0
0	0
10	0
20	667
0	95
1	480
7	225
1	135
2	62
0	0
0	0
0	394
0	420
0	367
0	330
0	263
0	365
3	362
0	292
16	317
0	300
5	116
0	118
7	7
0	49
38	3
0	0
0	0
0	0
0	0
1	0
61	85
1	85
0	0
0	0
0	353
0	373
0	335
0	327
0	32
8	298
22	1
22	275
0	9
1	6
20	89
1	38
4	26
0	74
4	38
0	392
0	378
1	6
0	4
2	2
11	0
0	0
0	191
6	191
1	130
0	51
0	8
0	0
0	0
0	0
0	0
0	0
1	25
2	166
71	453
6	195
7	125
6	434
3	82
0	0
0	0
0	0
0	185
0	174
0	183
0	172
0	48
3	160
0	187
0	175
0	10
3	19
0	22
0	1
2	30
163	151
0	29
2	20
2	44
0	28
1	43
0	58
0	0
0	0
0	0
0	0
0	0
0	0
0	0
0	0
0	0
0	0
0	2
0	2
0	0
0	0
0	0
0	0
21	6922
0	6292
50	2835
2	1013
4	288
0	6902
0	6684
2	0
21	48
0	48
0	0
0	0
9	0
13	40
3	40
0	154
0	151
0	152
0	158
0	36
0	11
3	29
1	3
0	4
13	49
1	11
0	9
0	1
0	174
6	166
0	164
0	171
0	0
808	367
0	367
3	3627
17	3284
23	3503
16	3435
0	780
3	513
30	175
0	603
0	3051
0	0
9	2
0	0
0	0
0	0
0	0
0	0
0	0
0	0
0	0
0	0
12	216
1	189
19	116
2	15
0	7
0	10
55	232
0	19
2	232
0	93
0	8
0	8
0	0
0	0
0	0
0	0
0	0
0	0
6	4
0	4
0	3
0	0
4	139
0	139
0	113
1	111
0	112
0	111
0	48
0	16
0	140
0	0
0	0
0	0
0	0
3	15
1	2
0	4
0	5
0	4
0	0
0	2
0	1
1	10
1	0
0	11
0	0
0	0
0	0
0	0
115	28
6	32
0	0
1	1
0	0
0	0
0	0
0	0
0	1
0	220
2	269
0	270
0	108
0	73
1	99
0	52
47	22
18	0
0	12
0	6
0	12
0	13
1	0
0	3
0	0
1	0
1	0
0	0
0	0
0	0
0	0
1	0
18	428
16	425
5	40
1	60
0	122
0	53
7	24
13	58
21	1
7	50
0	59
0	52
91	87
4	446
0	203
0	135
1	6
0	7
2	307
1	57
1040	57
0	1535
10	1510
0	1470
0	1201
0	1555
0	1512
0	1534
0	1494
1	220
0	75
4	1191
5	1
0	194
0	66
0	241
3	498
12	1
1	90
0	125
0	164
0	144
6	107
0	152
0	105
1	108
21	0
0	1578
0	1517
776	580
4	424
10	153
4	2
0	2
0	2
0	0
0	0
0	0
0	522
0	403
4	100
1	44
7	126
0	140
0	66
0	70
0	86
25	4
7	18
3	194
3	209
8	136
0	0
0	0
0	0
0	0
0	0
0	324
0	49
0	262
989	373
37	135
334	386
0	281
4	273
0	317
1230	0
0	0
0	0
0	0
6	25
1237	25
6	5
0	0
0	5
0	0
0	44
15	190
0	21
0	21
4	190
0	0
0	0
0	0
122	0
60	754
29	29
4	627
1	91
5	19
0	405
0	299
5	627
3	500
4	627
127	168
5	117
0	39
0	19
2	3
1	18
5	34
0	0
0	0
48	26
0	23
0	0
0	0
0	0
0	0
0	0
0	0
0	0
0	0
0	1
0	1
0	0
0	0
0	0
0	0
0	0
0	0
0	0
0	0
521	92
0	78
1	14
3	75
0	78
338	127
5	118
9	84
0	0
0	0
0	0
0	0
0	0
0	0
0	0
0	0
0	0
0	0
19	352
0	45
10	307
4	16
4	295
0	40
0	151
0	107
0	72
2	26
0	0
0	0
0	1
0	0
0	1
0	0
0	0
0	0
0	0
121	0
16	237
0	87
2	9
0	237
0	24
0	24
1	6
0	4
0	0
0	0
0	0
1	20
145	243
16	171
3	135
0	0
0	0
0	0
0	0
0	0
0	0
0	1
0	0
0	0
0	1
0	0
0	0
0	0
0	1
0	674
1235	915
1	299
0	98
0	0
5	2
2	2
0	2
0	2
5	456
4	81
0	456
0	0
0	0
0	0
0	0
117	117
61	37
0	80
0	17
9	16
0	20
7	32
2	30
1	25
3	26
0	0
0	0
0	0
0	0
0	0
22	7265
33	6151
5	7206
33	6775
1413	794
33	0
0	794
0	8
73	8
854	414
20	272
2	357
0	246
0	0
1	2286
1	2274
3	265
4	54
0	417
1	152
4	171
1	9
1	9
0	7
0	9
1	0
0	0
0	0
0	0
0	0
0	0
11	406
3	176
55	390
0	214
0	32
180	201
4	56
0	0
0	0
0	376
12	376
27	403
0	380
0	392
0	402
5	83
0	74
16	11
0	132
0	83
2	89
0	84
0	600
2	475
138	346
0	493
4	0
0	443
82	0
0	0
0	0
0	0
0	0
150	206
1	206
7	16
0	0
0	0
0	0
0	230
0	619
0	599
0	494
3	555
0	493
0	100
0	412
0	439
0	150
0	450
1	70
8	11
10	89
0	573
888	799
8	361
0	238
1	16
14	82
1	224
0	234
0	0
1	9
0	3
0	2
0	0
0	1
0	0
0	0
1	0
0	0
0	0
18	376
5	0
2	4
1	133
0	256
0	0
0	0
0	4
0	0
0	0
0	0
0	4
0	1
0	0
0	0
0	1
0	0
0	0
0	0
0	0
106	44
6	44
0	0
0	0
0	0
0	0
0	0
0	0
0	0
0	0
0	0
0	0
0	0
0	0
0	0
0	0
0	0
0	0
0	0
0	0
0	0
0	0
0	0
0	0
0	0
0	0
0	0
0	0
0	0
0	0
0	0
0	0
0	0
0	0
0	0
0	0
7	2906
103	2855
0	920
15	102
2	279
0	167
0	151
0	145
2	9
0	2
0	0
0	2
0	5
27	586
93	1534
1	1464
68	879
7	127
99	747
1	242
37	92
30	128
2	173
8	39
0	57
14	64
0	27
0	18
4	10
0	3
4	6
0	3
28	276
551	657
38	657
0	0
0	0
3	3051
0	3130
6	2087
0	0
0	0
0	0
0	0
0	0
0	1
0	7
0	4
0	4
0	6
0	7
0	6
2	9
0	1
0	0
0	2
1	4
0	0
202	304
2	55
1	255
6	67
0	10
134	0
97	0
0	2
0	2
0	2
0	2
0	2
0	2
0	2
0	2
1016	760
0	261
7	268
1	495
13	300
1331	1520
0	1191
0	329
0	0
0	0
0	0
0	0
0	0
0	0
0	0
0	0
0	0
0	0
0	0
0	0
22	4005
34	3641
1	1263
2	175
0	1
0	1
0	0
1	1
0	1
0	0
0	1
38	695
6	687
3	123
40	1
6	675
17	675
575	0
0	0
0	0
0	0
0	0
199	1100
0	196
1	167
0	763
0	737
0	738
1	3790
9	3650
0	3790
0	0
0	0
11	0
9	525
47	525
295	525
48	358
66	9
0	0
1	2
0	2
0	0
0	0
1	316
69	316
18	9233
3	9232
9	8235
1	812
7	3280
42	105
3	1296
0	32
346	58
2	46
53	0
14159	0
0	0
0	0
0	0
0	0
0	0
0	0
0	0
0	0
0	0
0	0
0	0
0	0
0	0
0	0
0	0
0	0
0	1
0	0
0	0
0	0
0	0
0	0
0	0
0	0
579	134
1	134
0	15
0	12
0	9
4	3721
23	2543
12	133
0	0
0	0
0	1
62	705
1	635
0	68
3	68
1	7
146	33
0	46
10	37
2	3
2	3
0	6
1	1
22	7
0	4
0	4
0	5
0	2
21	12
0	12
0	11
0	11
0	6
0	1
1	21
580	104
0	16
7	20
3	5
0	35
0	0
3	0
0	0
0	0
0	0
0	0
0	0
0	0
0	0
0	0
0	0
0	0
0	0
0	0
1357	16
5	0
0	101
14	148
1	92
0	148
14	8
0	10
24	16
0	17
0	9
4	11
0	10
0	1
0	413
10	239
0	444
0	179
0	240
5	52
0	0
0	0
0	160
0	160
0	130
27	130
0	99
1	43
3	130
24	106
1	65
0	39
0	30
0	46
9	57
0	60
0	17
0	14
0	14
12	15
0	23
0	40
0	4
0	0
0	9
0	2
4	14
0	34
3	18
1	21
0	60
0	0
2	0
1	0
3	163
0	0
0	0
0	0
0	0
0	0
0	0
0	0
0	0
0	0
0	0
0	0
0	0
40	268
2	134
2	217
0	79
0	60
0	25
0	38
1	21
0	60
0	37
0	61
0	39
0	39
0	20
0	29
0	22
0	5
0	0
0	0
0	0
0	0
0	0
0	0
0	0
0	0
0	0
0	0
0	0
0	0
0	0
0	0
104	103
13	26
0	77
0	0
0	0
13	0
10	260
0	11
2	213
1	257
0	0
0	385
0	392
0	266
0	272
6	35
1	8
1	1
0	255
0	1
0	1
0	1
5	0
8	127
0	94
1	614
0	683
0	457
0	2378
0	107
25	1472
0	42
0	465
2	56
0	66
16	668
0	635
0	624
1	56
8	28
0	21
16	200
10	78
2	58
3	21
0	2403
0	0
0	0
0	0
0	0
0	0
0	0
0	0
0	0
0	0
0	0
0	0
0	0
0	0
0	0
0	0
456	276
30	54
17	19
0	68
0	163
0	0
0	0
0	0
0	0
0	0
5	1140
33	249
0	527
1	399
3	550
0	509
10	804
2	232
0	20
0	86
0	85
6	101
0	15
910	1772
4	1054
3	1384
0	396
3	1219
4	371
0	0
7968	2542
0	1752
0	790
0	0
0	0
0	0
0	0
0	0
0	0
1	0
0	0
0	0
0	0
0	0
0	0
0	0
0	0
49	86
21	31
0	28
123	290
61	5120
7	213
21	312
36	2681
0	5079
97	1123
0	4077
42	122
11	987
137	72
0	1873
21	127
0	5168
0	0
0	0
0	0
0	0
0	0
0	0
0	0
0	0
0	0
0	0
0	0
0	0
0	0
0	0
0	135
102	354
0	354
11	91
28	999
0	834
0	1019
0	568
0	924
2	379
77	506
46	424
0	967
0	0
0	0
2	0
0	0
0	0
0	0
0	0
0	0
0	0
0	2
0	0
0	2
1	0
0	0
0	864
0	30
5	733
0	492
9	476
0	722
0	85
1	11
0	38
0	332
17	39
3	67
0	49
2	41
0	864
0	733
0	733
0	0
0	0
0	0
0	0
0	0
0	0
0	0
0	1829
0	4129
0	1795
0	3998
0	4035
0	1973
0	3931
1	1010
0	967
0	1055
0	1817
0	3534
0	1374
0	1092
0	1756
0	3813
1	1616
19	300
0	300
0	91
0	13
0	11
2	23
0	16
0	78
0	19
0	89
7	0
0	89
6	75
0	9
29	9
0	0
0	0
5	2506
69	2506
0	34
79	65
0	67
0	109
0	57
1	45
0	45
0	684
1	857
0	979
0	2095
98	2375
21	280
6	864
0	0
0	260
58	2797
861	4017
0	3143
105	22
0	562
0	0
0	142
0	171
1	271
2	205
5	549
13	101
0	344
4	343
4	52
0	1
0	334
188	169
5	122
4	45
0	44
0	44
1	44
0	1
0	343
0	62
403	335
0	56
0	43
0	17
0	4
0	5
0	3
0	3
0	0
1	0
0	9
0	10
0	9
0	7
0	1
0	1
0	0
490	527
7	348
12	4
36	7
0	434
0	35
14	8
15	1
227	116
0	54
2	18
1	4
0	40
19	467
0	22
2	467
0	17
1	26
0	46
1	16
1	60
28	104
4	100
7	84
0	17
0	12
13	7
1	10
9	10
3	1
0	1192
0	1091
55	10395
3	1369
52	9555
2	5212
0	5865
1	9291
0	10364
0	10399
12	16533
0	16346
0	2798
7	978
0	1687
0	887
0	1204
9	0
67	291
137	270
0	159
0	81
42	73
0	1
0	0
0	1
0	0
0	0
0	0
0	209
10	201
0	0
0	42
0	37
0	0
536	1518
0	1000
0	471
0	491
3	518
150	338
0	338
2	366
43	68
0	237
0	223
0	14
0	0
0	0
0	0
0	0
0	0
0	0
22	0
0	0
39	1292
0	104
0	80
1	127
7	112
7	181
2	263
0	398
9	100
174	177
0	179
0	62
0	1290
0	116
2	116
5	21
0	2
0	19
1	5
0	5
0	448
0	350
0	442
2	219
8	48
3	2
0	44
1	3
0	36
3	43
0	4
5	30
0	29
1	0
3	0
0	0
0	43
0	47
0	21
0	47
0	41
1	41
0	16
2	0
0	0
0	0
0	0
276	792
73	449
0	725
0	45
5	163
1	113
0	98
0	311
0	120
0	0
0	7
0	0
0	0
0	7
0	6
0	0
0	0
0	0
0	0
0	0
1	0
0	0
0	0
0	1
0	0
0	1
0	74
0	152
620	212
1	2
5	60
0	0
0	11
7	11
0	3
0	0
0	48
0	142
0	142
0	48
0	75
0	142
0	75
5	139
0	146
12	51
0	115
0	52
0	51
0	0
0	0
1	0
10	0
0	0
0	0
0	0
0	0
0	0
0	0
0	0
92	151
3	151
2	5
0	99
0	2556
0	2534
2	2014
6	1654
11	183
0	204
0	0
0	18
0	0
0	4
1	11
0	17
0	15
0	18
0	2
1	11
0	4
0	1
0	3
0	5
0	2
0	5
0	0
0	0
0	0
0	0
0	0
0	0
0	0
0	0
0	0
0	0
205	453
5	437
0	466
61	73
0	465
0	362
1	3
0	21
0	21
0	21
0	0
0	0
0	0
2	0
0	0
0	0
0	0
33	0
0	0
0	0
1	0
0	0
0	0
0	0
0	0
0	0
16	9
1	9
10	9
0	0
2	610
1	633
0	558
0	0
87	1018
2	909
1	1006
4	228
0	82
0	145
6	255
5	99
0	0
0	0
13	0
0	0
0	0
0	0
0	0
0	0
0	14
0	0
0	3
6	14
0	0
0	0
1	6
31	619
0	101
0	619
0	0
0	0
0	0
0	0
0	0
0	0
0	0
0	0
0	0
0	0
0	0
0	0
0	0
0	0
0	0
0	0
0	0
605	305
124	239
0	164
3	281
0	0
0	0
8	2
0	2
0	0
0	0
0	0
0	0
0	0
28	513
20	85
0	93
0	99
6	45
0	547
252	1408
0	1363
0	1340
8	158
3	83
7	217
0	60
0	66
17	140
0	152
5	42
0	90
0	91
4	0
9	152
0	129
0	0
11	491
4	491
0	126
1	46
0	179
0	152
5	11
0	0
0	0
0	0
0	0
0	0
0	0
0	0
0	0
0	36
252	36
43	10
0	1
0	0
0	10
1	11
0	9
1	1
0	0
0	0
0	0
0	0
0	0
0	0
0	1
0	1
0	1
0	0
63	0
0	0
42	46
0	11
0	0
0	0
0	0
0	0
0	102
0	102
0	9
0	0
0	0
0	0
0	0
0	0
0	0
0	0
0	0
0	0
0	0
0	187
0	107
0	166
0	18
5	0
14	55
0	199
8	1280
0	1460
0	1085
0	1490
0	1296
0	606
0	360
37	429
14	201
6	46
7	0
0	0
1	84
7	2
0	58
0	59
0	53
2	53
2	57
0	14
0	0
0	0
0	0
0	0
0	0
0	0
0	0
0	0
0	0
0	0
0	0
0	0
0	0
157	970
0	958
0	973
2	973
0	520
6	202
8	150
2	166
0	90
4	75
0	48
0	40
0	972
0	0
0	0
0	0
0	0
30	322
6	115
41	0
0	307
5	39
1	46
7	22
10	34
0	0
0	0
0	0
14	72
0	62
0	67
0	68
0	3
1	48
0	6
0	0
0	0
0	0
0	0
0	0
0	0
0	0
0	0
0	0
0	0
0	0
0	0
0	0
0	244
5	237
24	193
2	201
3	77
0	1
0	84
0	165
283	437
104	79
23	360
25	77
0	350
34	539
46	211
1	289
0	286
0	176
0	22
0	4
0	4
1	8
6	14
0	4
0	0
0	0
0	0
0	0
0	0
0	0
0	0
0	0
0	0
1	2
1	247
0	245
0	36
0	0
2	206
0	37
1	18
0	114
0	75
37	2226
12	2226
58	734
105	73
0	93
1	0
0	0
251	13
14	13
0	0
0	2079
0	342
0	365
0	103
0	198
7	229
74	26
0	2072
0	2046
0	1899
0	1992
0	3159
0	3033
6	2047
0	1544
0	2639
7	393
13	249
0	510
25	661
23	279
68	653
0	414
0	328
3	128
6	108
3	99
33	236
0	138
9	221
5	416
48	105
6	78
0	2055
8	1
0	1
12	595
0	528
1	96
11	0
0	3
0	5
0	3
1	4
0	1
4	10
0	29
0	24
1	15
2	5
0	13
2	13
0	5
0	0
0	0
0	0
10	41
0	42
4	41
0	37
0	3
0	0
0	0
0	0
0	0
0	0
0	0
0	0
725	1247
0	1247
8	488
9	550
0	434
0	0
0	243
5	250
0	297
0	301
0	297
2	258
0	527
0	509
13	69
0	291
24	98
9	519
4	90
52	1
1	114
0	123
0	43
1	78
0	0
3	22
179	214
0	24
0	190
22	88
53	1
0	42
0	0
0	0
0	0
0	39
0	53
0	52
0	49
0	25
0	13
0	18
7	25
0	30
0	25
0	19
0	21
0	18
0	2
1	61
139	242
0	34
52	0
0	239
0	0
3	25
0	25
10	5109
29	1573
0	592
16	179
20	603
35	3012
14	337
140	1232
0	62
36	403
4	77
0	134
13	105
0	156
1	62
22	14
0	14
23	5
3	907
0	842
3	963
0	793
2	156
0	830
2	352
7	204
2	433
0	380
0	303
0	293
0	139
0	61
0	0
2	486
2	244
1	307
0	166
0	2
19	434
0	0
22	0
22	94
23	0
59	1
0	93
1722	85
1	85
0	0
0	0
0	1
0	5
0	0
0	4
0	0
0	4
0	2
0	2
0	2
0	4
0	4
0	0
0	2
0	2
0	2
0	2
0	2
0	2
0	2
0	2
0	0
0	0
0	0
0	0
0	0
0	0
0	0
0	0
0	0
0	0
1	0
0	2
0	2
0	1
338	1184
31	818
0	478
0	350
0	215
7	12
3	17
0	4
0	12
0	10
28	720
0	468
0	668
107	818
4	815
0	591
21	2
0	143
79	135
0	82
0	465
1	995
0	535
52	271
44	248
0	115
0	205
6	155
6	84
13	11
0	997
1	551
15	548
1	51
0	75
3	92
3	60
0	0
10	146
5	103
0	78
1	6
0	6
0	5
0	0
0	0
2	270
9	270
0	261
0	98
0	51
1	0
0	0
0	5
0	6
0	6
0	0
9	0
0	0
22	55
1	55
0	0
0	0
0	0
0	0
18	0
0	0
0	6
0	1
0	1
0	0
0	0
2	0
0	6
0	0
0	1
0	1
0	0
0	0
0	0
902	992
5	490
0	602
0	0
0	0
1	0
0	0
0	0
0	0
0	0
0	2
0	2
0	1
8	53
0	53
3	0
0	6
148	35
8	35
0	0
0	57
10	57
0	3
818	9003
12	8952
35	6492
0	9
0	27
0	538
0	19
0	301
0	239
1	95
21	124
26	14
11	57
1	538
84	76
0	41
0	0
0	35
75	0
0	6
0	8
2	72
1	72
0	60
0	72
3	2
0	43
1	18
0	3
0	0
5	74
0	72
0	67
0	55
0	14
0	5
1	7
0	955
338	894
1	168
0	43
0	137
0	677
0	524
0	515
0	272
0	243
0	351
0	379
2	361
0	56
0	55
0	214
0	246
0	93
0	121
13	55
0	30
0	36
0	34
0	35
0	23
0	9
0	8
5	13
0	156
0	127
68	156
0	331
0	396
40	381
1	81
0	0
0	0
15	331
0	142
4	308
0	251
1	120
2	123
0	90
0	62
1	339
55	276
0	103
0	211
29	0
0	11
0	15
0	5
1315	0
3	686
0	665
0	257
3	98
0	216
0	211
4	145
5	14
0	11
21	237
16	160
1	165
25	211
0	0
120	219
0	190
0	19
0	82
1067	863
23	863
1	15
0	0
0	19
0	20
0	10
0	26
0	1
0	2
0	1
0	1
0	1
0	1
0	1
0	0
0	1
0	0
0	0
0	0
0	0
0	1
1	0
0	0
0	0
0	0
8	569
0	559
0	226
17	135
0	69
0	139
1	48
0	92
3	50
1	10
42	0
3	2
0	1
0	0
0	1
533	50
0	5
0	0
0	0
0	4
0	4
0	4
0	15
0	13
0	4
34	9
0	3
0	0
0	3
0	53
0	42
0	40
0	20
0	20
0	21
0	19
0	17
0	52
0	11
0	59
5	60
0	13
12	0
0	29
0	11
0	20
0	19
0	12
0	16
0	12
0	1
0	61
0	50
172	259
0	259
0	13
4	110
2	6
0	5
0	1
0	3
1	835
0	417
0	836
1	594
0	347
4	405
43	47
0	0
0	0
0	0
3	0
0	0
2	46
4	10
0	43
2	14
0	9
1	0
0	0
0	0
128	236
0	0
0	0
0	0
0	0
0	0
0	0
2	44
0	110
0	94
0	112
0	64
3	100
0	64
0	0
0	0
0	0
0	0
0	0
0	0
0	0
0	5
149	24
0	24
0	0
0	0
0	0
0	156
31	158
0	14
0	16
5	740
0	157
0	711
0	763
1	662
0	576
0	507
0	537
0	178
0	124
3	91
7	46
1	197
0	27
0	96
2	0
0	657
0	704
0	574
0	0
0	0
0	0
0	0
0	0
0	0
0	0
0	0
0	0
0	0
0	0
0	0
0	0
0	0
0	0
0	0
0	0
0	0
0	0
0	0
0	47
0	0
0	48
0	32
0	23
0	9
0	16
0	16
0	28
0	5
0	4
1	0
2910	1050
0	62
19	510
4	246
1	228
3	55
1	116
1	503
5	125
8	91
16	140
43	213
3	213
0	45
0	12
2	0
0	43
291	1006
0	378
0	130
72	1
0	655
0	27
0	88
3	0
4	239
26	0
9	350
0	0
15	152
9	66
0	149
0	26
0	13
0	7
1	0
27	580
3	390
24	572
1	248
2	27
0	17
0	14
0	3
0	313
47	313
1	42
0	25
0	37
0	33
16	46
0	41
7	7
4	0
3	0
5	30
4	20
3	0
2	175
0	175
18	25
5	15
0	24
0	18
0	14
8	20
0	24
1	143
1	143
0	4
1	11
39	14
9	0
0	0
0	0
0	0
0	0
0	0
0	0
0	3
614	445
0	227
83	258
0	203
7	124
14	28
0	28
0	0
0	1
0	3
0	0
0	0
0	0
0	0
1	2539
3	1180
0	2530
0	2099
2	185
0	323
2	403
11	367
2	336
74	129
0	319
0	0
0	0
0	0
0	0
0	0
0	0
1	54
0	1
4	1
5	338
0	295
478	343
0	84
3	20
0	0
0	0
1	0
0	217
12	150
0	586
0	0
0	695
4	68
0	199
0	640
0	0
0	0
0	0
0	0
85	1254
13	1254
8	1259
0	440
5	267
1	100
187	0
35	2
0	4
0	4
0	0
0	4
0	0
0	0
0	3
0	1
0	0
0	0
0	0
0	0
0	0
0	8
0	1
0	0
0	0
0	8
0	0
1	605
2	853
1	186
0	815
3	0
0	0
0	0
0	3841
4	3248
49	952
4	65
18	127
10	3744
0	0
0	0
1416	0
0	0
0	0
0	0
30	71
2	40
7	33
0	22
0	0
0	0
0	10
0	5
0	9
0	7
0	8
0	3
0	1
0	1
0	0
0	0
1	0
0	0
2	0
1	0
0	10
88	257
0	259
0	121
0	99
0	88
0	26
0	1
0	1
0	1
0	1
0	1
0	1
0	0
0	0
7	49
1	0
0	18
0	49
0	0
0	2
53	1212
58	41
0	207
0	68
1	902
2	55
0	57
0	412
0	0
0	0
0	0
0	0
22	0
412	0
5	0
0	3
0	0
0	0
0	0
0	0
76	134
7	23
7	19
0	111
0	0
0	0
0	0
0	86
1	65
183	1502
3	2528
6	1503
0	474
6	1502
1	120
8	2439
16	234
0	2522
0	57
0	1
0	1
1	0
0	0
0	0
4	3354
1	2872
66	1230
17	1450
0	2267
15	388
8	430
0	0
0	0
421	1535
0	1459
3	670
11	157
14	157
0	102
2	157
215	29
0	29
0	281
0	312
0	316
0	188
0	303
2	242
2	52
1	145
0	63
0	53
0	76
0	60
0	45
0	1
1	51
2	0
0	31
0	282
0	0
94	1945
1	1948
15	867
0	465
0	387
1	120
9	2
0	1
0	0
0	0
0	0
0	0
11	60
0	60
0	13
1	700
2	323
0	253
1	28
0	36
34	21
24	14
0	677
0	0
0	0
4	5
0	5
0	4
42	0
0	0
7	160
0	160
0	46
3	123
3	11
1	4
0	153
40	0
41	22
0	22
0	3
0	3
0	2
0	0
0	0
0	0
0	0
0	0
0	0
0	0
3	568
0	58
1	568
4	2305
0	232
0	232
0	197
23	1096
3	171
1	2281
0	58
20	196
0	457
17	470
0	83
1	0
11	259
0	50
0	4
0	0
0	4
36	298
0	298
11	254
23	234
1	246
0	0
0	0
0	0
0	0
0	0
0	0
698	715
62	387
11	303
0	0
0	0
0	0
0	0
0	0
30	78
0	78
0	38
0	0
7	0
0	0
0	721
6	745
1	513
0	276
0	343
0	86
0	0
0	0
0	0
0	0
0	0
0	0
0	0
0	2
0	2
0	2
0	1
0	1
0	0
0	0
0	3
0	0
0	0
0	0
0	0
6	275
4	439
0	440
1	26
7	4
2	42
5	0
0	0
0	0
0	0
4496	158
1	0
1	0
0	0
0	12152
343	12652
201	8921
4339	12815
0	13228
368	12224
0	12377
6	12603
4	36
2	11398
54	3546
11	12256
54	118
3	39
0	117
36	10
11495	1204
166	1002
1259	162
7	162
7	52
2	7
0	6
0	2
0	1
0	1
0	1
0	7
38	126
0	29
0	11
0	11
0	41
0	54
0	35
3	92
17	51
4	69
0	419
7	611
0	79
1	83
0	611
0	8
0	756
4	219
7	696
0	571
9	491
3	695
0	262
0	78
0	563
0	743
0	81
0	0
0	0
0	0
5	53
200	424
0	413
34	203
0	2
30	2
0	0
0	0
2	1
0	1
0	0
0	0
0	0
0	0
11	147
0	147
6	0
0	0
0	1
0	19
12	114
0	108
0	143
0	150
3	122
0	52
5	52
7	0
0	0
98	0
0	0
0	0
0	3
1	3
0	2
0	2
0	2
0	0
0	2
0	2
0	2
0	0
5	0
0	265
0	226
0	38
19	110
0	8
0	81
0	55
4	10
3	58
0	163
0	98
3	3
14	26
0	260
37	102
0	73
2	15
3	41
0	20
4	0
0	327
0	322
0	325
0	322
5	229
0	306
0	313
1	111
0	156
0	135
0	33
0	120
0	49
0	65
0	11
0	58
0	57
1	0
0	42
0	44
5	29
0	19
1	34
0	7
0	17
9	0
1429	0
0	0
0	1021
0	965
1	132
0	117
2	126
7	14
0	70
0	87
1	7
0	0
0	5
0	7
0	1
0	3
0	2
0	0
0	3
0	0
12	680
0	809
0	59
0	809
10	255
0	255
0	43
0	1
0	0
0	0
0	0
0	0
0	0
653	991
0	177
0	60
4	77
13	474
0	388
3	2233
0	189
0	189
0	3
0	0
0	0
0	2
0	1
0	1
0	0
0	2
0	0
0	0
0	2
0	0
0	0
0	0
1805	1827
1	1820
7	1449
0	836
5	495
1	470
95	679
0	524
0	445
0	408
39	0
0	37
0	41
0	41
0	37
3	37
0	22
0	5
0	5
0	0
0	0
0	0
0	0
0	0
0	0
0	0
226	334
0	307
2	27
23	0
79	0
99	56
0	56
0	47
0	39
0	35
0	25
0	29
0	28
0	5
79	2482
8	2189
90	2430
0	610
0	245
0	789
1	246
1	225
0	213
0	0
0	0
0	0
0	0
0	0
0	0
0	0
0	0
0	0
0	0
0	7
0	7
0	3
0	2
0	6
0	19
0	20
0	4
0	15
0	19
0	0
16	19
0	9
1	10
94	263
0	6
0	131
0	229
0	0
0	0
22	286
0	250
0	69
0	25
61	111
0	8
0	58
0	24
0	29
0	41
2	30
0	43
0	8
542	571
0	571
3	21
0	0
88	12
0	1
0	13
28	0
0	0
0	0
0	0
0	0
0	0
0	0
0	0
318	44
0	5
0	37
0	0
0	7
1	419
7	419
1	98
0	105
0	0
8	490
0	477
0	254
2	5
7	184
0	61
1	7
61	5
0	0
0	0
0	51
6	419
0	257
0	132
4	396
0	32
0	419
0	0
0	1
0	1
0	0
0	4
0	33
0	31
2	6
0	32
0	32
9	10
0	0
3	13
0	9
9	4
0	6
113	210
1	75
8	158
0	142
0	130
0	27
0	134
3	116
0	0
0	0
0	0
0	0
0	41
0	41
0	2
0	9
0	9
0	4
600	420
1	66
0	87
37	208
1	105
0	1
0	0
0	0
0	0
0	0
0	0
120	256
7	483
0	205
8	15
60	215
0	0
0	0
2226	822
0	300
30	315
10	313
0	125
1	236
102	243
1	9254
0	9011
0	7605
0	8210
7	9098
0	7973
2	8834
190	761
111	8
1	1788
0	1560
0	1239
5	1837
0	5732
7	606
2	337
9	829
40	210
0	0
4	1542
0	35
13	1261
14	376
53	3
0	201
10	217
0	470
0	440
0	165
8	832
0	246
65	224
0	242
0	77
0	153
0	245
0	0
0	0
0	0
0	0
0	0
0	0
0	0
0	0
0	0
0	0
0	0
0	0
47	175
0	88
0	44
10	145
9	99
0	0
0	0
0	0
742	1206
1	1115
1	61
0	803
13	150
0	762
1104	843
2	421
0	812
39	890
107	799
1	738
0	172
1	245
1	239
0	1
0	239
0	238
16	238
21	8
1	238
49	238
2	90
123	18
2	229
5	52
0	243
0	310
90	320
1	34
0	64
0	55
0	143
0	227
2	257
9	260
2	30
3	79
0	0
0	0
0	0
0	0
8	291
1	302
23	275
0	280
0	26
2	62
0	44
37	7
2	418
0	418
20	418
0	221
0	0
0	0
0	0
0	1
0	1
0	1
0	0
0	0
0	1
121	2553
33	1130
68	697
5	1587
103	787
1	22
0	390
0	394
1	172
1	109
1	39
25	30
0	32
2	2
0	2
0	0
0	0
0	0
0	0
0	0
3	0
0	0
0	0
0	0
0	0
0	0
0	0
0	13
0	13
0	13
7	57
342	251
6	56
30	40
7	212
0	156
100	322
1	312
0	301
0	282
1	0
0	13
0	13
0	13
0	13
0	0
9	7
0	2
0	0
0	5
0	2
0	2
0	2
99	52
1	52
0	0
0	0
0	0
0	0
0	0
0	0
0	0
5507	351
13	351
77	209
3	69
0	155
4	149
6	46
5	61
4	30
0	59
0	64
26	22
0	0
0	0
0	0
0	0
7	0
0	871
1	871
172	72
1	69
1	49
2	52
2	39
0	36
0	36
2	0
1294	0
7	3
0	3
0	2
0	2
0	2
0	2
0	2
0	0
0	32
0	22
0	29
0	20
0	18
0	4
0	4
0	4
0	0
26733	0
0	0
0	0
1	17
0	17
1	1
0	0
0	0
1	0
0	0
0	0
0	167
1	565
0	16
1	56
0	265
11	222
0	253
0	14
33	140
0	543
27	490
3	452
0	69
0	95
1	0
7	95
172	257
3	221
0	178
0	17
290	252
5	125
0	702
1	1248
0	367
0	95
0	3
4	22
14	318
0	37
118	83
0	128
0	492
0	534
2	55
0	40
71	497
0	441
8	69
0	1
15	0
0	17
0	17
637	390
0	61
0	132
0	138
0	146
1	1
0	6
7	12
655	1605
60	3
61	21
43	378
0	196
2	1474
1	264
7	495
0	0
0	0
0	0
0	3
0	3
0	3
0	0
34	604
1	521
0	607
0	597
0	596
0	516
0	120
5	62
0	56
2	41
37	31
0	25
0	24
0	336
21	2441
0	1711
1	818
0	182
0	94
68	0
0	978
16	888
1	110
0	168
5	81
18	496
1	142
0	2191
0	2206
0	0
0	0
0	0
0	0
0	0
0	0
0	0
0	0
0	0
0	0
0	0
0	0
0	0
0	0
0	0
0	0
0	0
0	0
0	0
0	0
0	0
0	0
10	6
0	2
0	1
1	0
0	0
0	4
0	0
0	0
0	0
0	0
0	0
0	0
0	0
0	0
0	0
0	0
0	0
0	0
0	0
0	0
6	8
0	0
0	0
0	0
0	0
0	0
0	0
0	0
0	0
0	0
0	0
0	0
0	0
0	0
339	1673
5	1218
9	599
240	641
1	590
0	187
5	90
0	0
0	0
0	0
0	0
0	0
0	0
0	153
4	154
1	77
0	65
0	51
0	58
0	34
2	3
0	0
0	0
491	700
5	377
3	0
0	0
0	0
0	5
3	7
0	7
0	0
0	57
1	51
0	57
0	2
2	16
0	16
0	0
0	1
0	2
0	2
0	0
0	0
0	0
4	104
3	109
0	14
0	45
3	24
0	26
2	7
6	32
0	271
0	234
3	73
1	89
0	129
5	131
0	70
91	159
0	133
1	70
0	32
25	1
0	1
0	0
0	0
0	0
1	107
0	68
0	93
0	110
1	86
0	53
7	27
3	4
0	0
0	0
0	0
2	141
0	154
9	160
102	160
0	43
305	1732
28	1546
0	524
12	105
0	72
11	1151
19	208
1	300
6	4
0	0
505	26
0	25
13	134
1	119
0	32
0	0
0	0
0	0
0	0
0	0
0	0
0	0
0	190
0	171
1	79
0	132
0	3
0	2
0	3
0	1
0	0
0	1
0	0
0	3
1	1
0	3
0	0
0	3
0	0
0	0
0	57
195	213
0	186
85	38
1062	3123
0	190
0	316
41	221
5	30
1	2366
5	155
0	385
0	0
0	0
0	0
0	4
0	1
0	4
0	0
3	736
15	700
0	736
0	707
49	80
0	12
10	80
0	0
0	0
237	697
5	672
11	584
1	117
0	112
5	109
2	107
0	20
0	13
0	0
0	0
0	0
0	0
0	0
0	0
695	962
0	962
78	490
14	411
17	349
0	0
69	485
0	483
0	282
2	151
2	200
20	188
0	10
220	363
5	102
1	60
0	98
0	55
2	45
52	48
0	0
0	0
0	0
0	0
0	0
0	0
0	0
1	141
0	47
0	76
0	1
0	117
1	284
3	271
15	141
0	271
0	0
0	0
0	0
35	31
0	8
187	190
0	167
34	189
6	161
0	0
0	0
0	0
0	0
0	0
0	0
0	0
0	57
0	20
0	0
0	0
0	0
0	0
0	0
0	0
0	0
0	0
0	52
295	1129
0	1056
0	126
79	220
6	826
0	836
0	833
0	93
0	70
55	590
1	1
21	247
10	80
0	44
11	112
0	0
0	0
0	0
0	0
182	171
0	906
0	756
7	809
0	121
0	245
0	80
7	443
0	158
1	38
6	25
10	19
3	10
0	36
1	15
174	113
1	18
0	14
0	67
0	0
0	0
0	0
0	0
0	0
0	0
0	0
1	0
0	0
0	0
0	0
0	0
0	0
0	0
0	0
0	0
0	0
0	0
0	0
0	0
0	0
0	0
0	0
0	0
4	0
0	0
107	29
0	14
0	15
0	1727
0	82
3	181
14	303
103	1589
0	1378
5	498
0	168
5	60
4	60
0	10
0	2
0	2
0	1
0	0
1	61
1	61
1	310
1	282
2	48
97	159
9	92
39	137
0	0
0	0
1	715
1	0
0	0
0	0
0	0
0	0
0	0
0	0
0	0
6	19
2	17
0	13
0	0
31	2818
0	2619
1	823
3	615
0	0
0	0
0	0
0	0
0	0
0	558
3	40
0	558
1	557
23	31
0	0
0	0
0	0
0	0
0	0
0	0
0	628
0	0
18	65
4	65
1	55
0	55
0	18
6	1
0	50
0	526
8	7
0	426
0	516
6	46
24	46
2	49
0	0
0	35
0	29
0	2
3	12
0	6
2	8
0	0
1031	1435
0	896
3	104
0	120
0	112
0	85
2	86
2	13
0	1388
0	0
1	0
0	0
0	0
0	0
0	0
0	0
41	13
0	12
0	1
0	1
0	0
0	0
0	1
0	0
0	0
0	0
0	31
0	0
5	6
0	31
0	31
0	0
0	31
91	226
0	226
0	50
0	0
459	657
23	653
9	173
3	288
0	326
3	285
0	214
36	168
4	153
0	84
0	415
2	98
0	416
11	363
0	330
0	382
6	314
2	410
1	15
0	136
0	11
0	92
3	82
0	111
530	1013
1	205
2	81
1	101
1	772
10	91
7	134
0	127
2	134
348	307
17	90
9	226
20	226
6	52
0	0
0	5
0	7
0	7
0	8
0	7
0	5
0	7
5	8
0	0
0	0
0	5
0	0
0	7
0	0
0	0
0	0
0	0
0	0
0	0
0	0
128	500
11	0
0	500
0	0
0	0
0	0
0	0
0	0
0	0
0	0
4	1
20	56
0	6
0	94
3	94
22	673
1831	1185
4	373
15	0
0	15
11	0
44	177
44	335
67	845
2	845
2	742
0	195
0	1
0	1
0	0
0	1
0	0
0	0
0	0
0	93
0	92
0	11
0	11
0	14
0	33
1	9
0	32
0	5
0	14
0	15
0	23
0	33
0	32
0	6
0	38
1	26
0	20
0	23
0	1
0	0
0	0
0	25
112	100
2	0
0	0
0	0
94	83
2	56
41	83
1	63
0	20
1	355
0	0
0	0
28	0
1	0
0	0
0	0
0	0
10	1115
5	1057
0	1
0	1
0	0
127	46
356	47
187	197
2	8
0	3
0	0
0	0
0	17
32	18
0	10
0	15
6	754
0	754
11	93
2	216
3	189
1	0
0	0
0	0
0	0
0	0
0	0
0	0
5	43
10	43
6	10
1	10
1	23
1	22
0	0
0	0
0	0
0	0
0	0
0	0
0	0
0	0
0	0
401	3612
26	3609
3	3391
0	0
0	0
0	0
0	0
29	0
6	1216
5	3595
10	519
1	127
83	22
2	312
1	1011
13	109
3	3557
0	0
1	7
0	7
0	0
0	0
0	0
0	19
0	19
0	18
0	12
102	0
0	0
5	140
6	796
0	275
3	6
0	801
13	3
1	3
0	0
2	681
3	270
1	155
0	236
0	446
0	1
0	1
0	369
0	358
0	350
0	86
1	43
0	39
6	357
182	545
0	362
0	216
0	191
1	437
2	302
60	103
0	8
0	20
0	8
16	4
10	20
0	2
2	1
0	3
0	3
0	0
0	0
0	42
0	42
0	8
227	654
0	653
0	584
8	573
3	264
30	209
15	165
28	165
0	0
0	0
0	0
0	0
0	0
0	0
0	0
0	0
0	0
0	0
0	0
0	0
0	0
0	0
0	2
0	2
0	2
0	0
267	448
31	410
31	431
14	362
3	85
10	28
52	88
4	37
446	78
2	2
0	0
0	0
0	0
0	0
0	0
0	44
17	0
112	140
0	30
0	24
1	74
0	63
7	5
0	57
0	0
0	0
0	0
0	2252
0	408
2	1638
0	107
3	119
0	383
1	618
0	0
0	0
0	0
0	0
53	657
0	45
1	645
0	121
21	125
0	155
2	641
5	358
0	45
6	574
0	547
23	90
2	56
16	114
4	18
0	24
0	0
0	0
0	2
0	2
2	2
0	2
0	2
0	2
0	0
0	0
0	0
0	0
0	0
52	243
3	243
4	98
85	5
1	402
12	373
0	408
15	315
0	29
0	0
0	0
0	0
0	0
0	1
0	1
1	0
0	0
0	0
101	710
2	226
28	491
0	134
4	38
0	0
3	4
0	4
0	0
0	0
9	843
0	1239
0	1250
6	1218
3	45
0	120
0	91
110	91
0	0
0	0
0	0
0	0
0	0
0	0
437	0
524	88
0	81
0	7
5	1456
5	252
0	272
7	1411
0	57
9	1373
10	4
0	1436
2	1307
0	1246
0	831
4	67
0	52
2	221
0	1405
0	1171
4	1316
74	145
0	0
0	462
2	464
0	463
0	462
3	80
2	70
0	8
0	7
315	418
3	226
3	91
0	129
0	0
0	0
0	0
0	0
410	126
0	96
0	82
0	0
192	625
7	612
0	83
26	170
2	23
377	567
1	559
1	121
7	28
0	5
1	24
0	12
0	18
1	4
0	6
773	7494
2	355
51	4015
2	1435
0	7009
0	873
7	1312
17	598
11	969
13	274
0	347
0	347
0	0
0	0
0	1
0	0
0	0
0	0
0	0
0	0
0	0
0	1
0	1
0	1
0	0
0	0
0	0
0	0
1	0
0	0
0	0
0	0
0	0
0	0
1	997
0	1016
0	990
0	55
2	43
1	15
3	61
8	1
0	6
0	6
0	6
0	6
0	51
0	1
0	2
0	51
5	4
0	2
2	2
0	9
150	219
12	219
4	73
1	38
9	128
0	0
0	0
0	0
0	0
0	0
0	0
2	6
0	6
0	6
367	619
0	605
0	367
0	172
0	159
5	161
4	157
0	161
0	118
0	109
2	19
1434	312
4	102
3	210
8	94
0	42
1	16
167	471
7	196
0	93
0	83
0	47
32	17
0	0
0	471
0	19
4	19
8	2
438	755
4	745
28	116
0	2
1	6
2	63
1	45
0	0
0	0
0	0
0	0
0	0
0	0
0	0
0	0
9	3
11	3
0	0
0	2
0	5
0	4
0	7
1	7
127	1427
0	870
0	1391
8	130
1	302
16	138
24	76
5	3
0	1
0	2
0	0
6	0
0	0
3	2
0	2
0	0
0	95
0	0
687	1072
0	140
3	52
0	1073
0	862
0	1073
0	0
0	0
0	0
0	3
0	0
0	1
0	3
0	3
0	0
1807	375
12	375
14	242
0	79
0	0
0	0
0	0
0	0
0	0
0	0
0	0
1139	240
15	188
0	2643
0	1775
0	241
14	106
17	25
20	536
7	226
7	200
0	1
0	2423
346	338
2	338
18	23
22	1
0	1
0	19
4	20
0	1
54	205
23	49
0	158
0	0
0	0
0	0
0	1
0	1
0	0
0	0
0	0
0	0
0	0
0	60
0	0
0	0
0	3
0	0
0	1
1	5
1	0
0	0
0	0
1	21
2	7
0	2
0	60
2682	624
0	134
6	490
79	54
0	0
0	0
0	0
0	0
0	0
0	0
0	0
0	0
0	0
0	0
0	0
0	0
0	0
0	65
0	41
0	34
0	69
0	16
4	9
1	3
0	39
0	33
4	6
0	19
66	687
0	529
0	576
20	70
0	329
0	197
1	317
0	189
0	189
427	74
35	74
40	837
0	618
8	145
104	388
0	480
0	670
0	97
0	106
0	54
0	64
0	0
59	39
0	12
0	0
0	13
1	14
0	1
0	1
0	1
0	0
0	1
0	0
0	0
0	0
0	0
0	0
0	0
0	0
0	0
0	0
0	0
0	0
0	0
0	0
0	0
0	0
0	0
0	1
3	2
0	2
0	0
0	0
0	0
0	0
0	0
0	0
0	0
0	0
0	0
0	0
4	362
0	311
94	367
0	0
635	377
0	335
0	55
1	238
0	183
5	23
38	35
44	12
0	43
0	0
0	1
0	1
0	1
0	0
0	1
0	1
0	0
0	0
0	0
0	0
0	0
0	0
0	0
0	0
2	38
34	42
2	4
0	0
0	0
0	0
0	0
2	19
107	116
0	105
0	0
0	0
0	0
0	0
0	0
0	0
0	0
0	0
0	0
0	0
0	0
0	0
174	118
10	23
3	104
0	6
4	14
0	60
2	60
0	58
6	30
0	27
0	0
0	0
0	0
0	0
0	0
0	0
62	62
1	53
0	9
0	0
0	0
0	0
0	0
0	0
6	452
0	420
0	169
0	1003
553	1124
0	834
1	625
0	0
0	0
8	37
52	37
11	7
39	11
0	2
0	31
0	26
0	0
0	0
0	0
0	0
0	0
0	0
0	0
0	0
0	0
0	0
0	0
0	0
0	0
0	0
0	0
0	0
68	54
0	43
0	24
0	148
0	167
0	101
74	84
0	144
0	46
0	61
33	73
3	16
0	24
4	32
7	36
3	16
0	131
0	0
0	0
0	0
5	0
0	23
0	23
0	22
1	0
0	3
8	0
13	15
0	0
0	0
0	6
0	158
0	0
0	97
1	141
0	141
0	97
125	158
1	825
21	285
7	106
0	188
1	404
1	2505
2	2480
0	2633
0	2629
0	2658
1	706
0	131
4	251
4	181
0	1704
7	251
0	324
1	194
2	316
0	279
48	55
0	21
0	18
286	29
1	54
7	67
0	99
0	280
0	257
0	29
5	90
1	0
2	90
0	87
0	90
0	0
0	0
84	649
16	188
0	272
1	442
0	99
0	26
0	255
612	78
1	78
25	3
0	3
0	34
5	38
0	16
2	7
7	354
0	229
2	0
0	130
5	10
3	181
1	727
0	473
0	665
0	667
2	10
0	7
83	0
5	58
0	21
0	683
0	0
12	412
0	377
0	27
2	140
0	16
0	0
0	0
0	0
0	0
0	0
9	61
1	61
0	9
2	5
0	7
0	59
0	31
0	22
0	16
0	3
0	4
0	4
0	0
0	0
1	4
0	0
0	4
0	1
0	1
0	0
0	0
9	764
0	821
25	308
0	818
6	88
20	52
1	247
11	221
0	277
0	246
9	84
0	0
0	0
0	0
0	291
12	215
0	247
0	195
0	101
1	27
0	229
0	24
0	173
2	78
3	99
3	99
0	269
0	0
0	0
0	0
0	0
0	0
0	0
0	0
1757	2993
2	24
51	919
10	226
1	1941
21	1551
22	1137
0	0
0	0
0	0
0	78
0	179
0	181
1	154
0	173
42	43
0	62
0	60
1	38
0	74
4	75
0	49
10	28
0	0
0	0
0	0
0	0
0	0
0	0
0	0
0	0
418	1153
2	1153
0	0
0	40
0	40
0	4
0	7
2	9
0	40
0	3
0	58
0	57
0	18
0	7
0	11
0	0
0	0
10	3303
46	3335
12	3291
3	2153
0	0
0	0
0	0
0	3
0	8
4	6
0	4
0	8
0	0
0	0
858	178
3	178
0	253
252	773
5	0
0	182
1	516
2	287
0	0
236	93
15	93
9	78
4	81
0	4
5	19
0	19
0	0
0	24
3	79
0	78
0	1
2	20
2	14
0	24
0	1
0	4
1	11
0	420
0	463
0	192
4	37
1	82
0	114
0	192
0	170
0	6
0	93
3	141
0	0
0	45
0	48
2	4
2	0
0	7
1	7
0	5
0	10
0	15
0	12
0	38
0	41
0	4
0	4
0	0
0	0
0	0
0	0
0	0
0	0
0	0
149	221
0	103
1	83
0	98
5	72
0	54
0	28
28	22
0	0
0	0
0	0
19	10
0	10
0	0
0	31
49	1184
0	165
7	1184
38	188
0	161
37	0
3	39
2	106
4	52
177	219
0	530
25	0
0	0
0	0
0	0
0	25
0	18
0	0
0	3
1	12
0	6
0	3
0	4
0	0
0	4
0	3
0	25
0	0
0	0
0	0
0	0
0	0
0	0
6	1
0	0
0	0
0	0
0	0
0	0
0	0
0	0
0	0
30	9
0	9
0	0
4	6
0	1
0	1
0	1
14	0
0	686
1	689
0	683
1	47
0	23
1	20
0	19
0	14
1	13
0	17
0	13
2	12
0	12
0	0
0	0
0	0
17	91
0	297
0	294
0	290
13	279
4	279
0	6
6	46
0	188
0	77
0	0
0	0
0	0
0	0
1054	314
8	300
0	0
0	0
0	0
0	0
58	59
0	0
0	444
5	444
0	150
0	39
1	12
0	22
0	6553
14	6559
1	6592
19	4714
1	6495
4	5008
25	3102
0	4884
0	0
0	0
0	0
0	0
0	0
0	0
3	556
0	3
0	3
0	2
0	0
0	1
0	2
0	0
189	91
2	68
0	90
2	42
1	19
2	6
0	1
0	1
0	0
0	0
0	0
593	445
2	396
0	49
0	0
1	294
0	146
3	41
1	131
0	190
0	21
0	20
3	520
62	566
27	10
0	432
14	97
0	0
0	0
0	0
0	0
10	414
0	136
2	137
1	106
0	93
4	208
0	143
0	0
1	64
0	43
2	439
0	433
0	393
0	139
0	395
0	379
0	162
3	261
0	177
3	211
2	198
41	48
0	194
0	36
0	0
0	0
0	0
0	0
0	0
0	0
0	0
0	0
0	0
0	0
234	69
5	30
19	39
0	0
0	0
0	0
1	7
1	7
0	8
0	0
0	6
0	7
0	4
0	0
0	0
0	0
31	1641
0	1474
0	701
0	939
862	264
4	261
0	96
0	91
0	17
15	28
311	817
12	152
1	582
4	636
5	271
137	759
0	759
0	0
0	0
0	262
14	253
0	0
0	0
534	1099
0	135
25	929
0	37
0	178
0	101
0	0
0	0
0	0
0	0
0	0
82	720
6	224
0	332
0	220
6	553
15	164
0	130
0	0
50	105
79	149
5	74
0	101
0	49
0	66
0	6104
0	2528
91	319
0	319
2	92
0	95
1	90
0	10
9	2
0	1
0	1
0	0
0	798
0	250
0	193
0	191
9	0
0	798
110	201
2	158
6	25
7	19
5	201
0	0
0	0
3	6
0	6
1	6
0	4
0	4
0	0
0	0
0	0
0	0
0	0
0	262
0	77
0	212
0	1
13	52
1	148
0	141
0	9
94	23
0	0
0	0
0	0
0	0
0	0
0	0
0	0
0	0
6	131
2	278
0	85
0	268
0	52
0	72
27	65
0	73
0	11
0	36
0	32
7	9
16	253
2	10
0	55
0	51
3	37
1	46
0	4
0	6
0	55
0	305
0	323
0	105
0	303
3	257
8	113
0	55
6	4
0	336
0	323
0	323
0	0
0	372
15	402
8	302
4	402
0	119
0	46
0	280
0	0
0	912
0	1231
0	809
0	1183
0	1220
1	31
12	626
24	246
0	138
0	161
0	83
4	120
0	1231
22	0
25	5
0	0
0	0
0	0
0	5
0	0
0	0
2009	265
0	72
0	203
0	203
11	203
0	18
0	208
0	206
31	80
5	80
5	55
0	0
28	741
0	769
5	745
13	248
120	1
596	214
0	118
2	77
0	60
12	77
5	24
0	0
0	0
140	0
0	0
6	3
1	0
5	3
0	0
269	0
0	0
0	0
0	0
0	0
0	0
13	91
4	91
0	1
0	1
0	1
0	0
0	0
0	0
0	58
0	82
1	82
0	0
0	0
0	0
0	139
1	167
0	409
0	413
0	430
0	382
29	123
35	30
0	0
0	0
1426	3771
1	3502
218	24
11	76
5	973
0	1679
0	1984
22	1984
1	127
0	71
0	8
0	111
0	109
0	29
0	16
0	29
0	71
0	66
1	3
0	21
1	65
0	14
1	41
0	9
2	33
0	0
36	694
9	665
0	45
1	163
5	70
49	284
12	284
0	10
0	3
0	38
0	22
0	1
0	6
0	38
0	0
0	0
0	0
0	21
395	138
1	35
0	17
2	7
2	79
8	14
3	488
0	165
0	79
1	0
32	1008
0	1007
5	378
0	233
1	46
2	153
0	249
17	3
0	60
172	12
5	20
0	7
6	6
0	13
0	0
0	0
0	33
0	33
4	4
0	2
2	2
2	709
13	758
2	758
0	737
0	66
0	67
6	239
4	64
0	122
3	47
1	211
2	193
168	230
3	3
0	3
0	20
3	25
0	66
0	39
0	3
0	3
0	0
0	0
0	0
0	0
0	0
0	0
0	0
0	18
0	21
0	22
0	7
7	21
0	0
0	6
0	0
7	3
0	3
2	68
7	2539
2	137
9	897
76	14661
5	1840
11	2734
0	206
0	253
42	754
0	2762
0	14415
0	4024
3	431
0	169
23	324
8	78
6	239
6	191
0	395
13	165
0	0
0	0
132	275
0	199
2	112
2	39
0	1
0	1
5	11
0	2
3	2
5	2
0	5
0	267
177	109
12	59
0	7
2	106
74	15
0	0
0	15
8	0
0	2233
152	2230
0	36
0	166
0	465
14	238
10	184
2	75
0	0
0	0
0	0
0	322
3	240
260	2
0	279
77	321
0	9
0	293
0	23
15	211
2	141
36	1307
0	1315
0	1321
0	1199
1	877
0	452
0	143
8	324
1	32
0	0
756	13
0	0
0	0
0	0
0	0
0	0
0	0
0	0
0	0
0	0
0	150
17	150
0	85
0	4
8	4
197	1030
0	1007
0	178
31	868
1	249
0	66
0	106
0	470
4	350
5	229
0	250
1	136
67	147
0	78
5	38
0	53
3	1
0	84
0	98
5	98
0	73
0	20
0	1119
0	1001
4	0
6	1119
4	0
0	1032
1	1119
0	81
14	409
13	0
9	126
0	0
0	1357
0	0
0	1137
23	969
1	789
103	804
79	967
0	466
0	72
5	627
529	860
3	56
1	163
10	103
0	112
0	10
0	0
10	195
385	195
0	2
0	0
0	1
0	21
0	1
0	19
0	0
0	0
0	0
0	0
0	19
0	0
729	0
0	2
0	2
0	0
0	0
0	441
0	353
0	119
0	112
0	0
0	0
0	0
0	0
11	8265
38	8243
2	461
3	1414
9	1064
5	651
0	0
0	0
0	0
0	0
0	0
0	0
0	0
0	0
0	0
0	0
0	0
0	0
0	0
0	0
0	0
2	479
2	471
2	476
2	462
0	144
0	215
0	150
0	152
1	108
0	424
0	0
0	0
0	0
0	0
58	903
0	654
0	893
3	148
84	0
0	0
0	0
19	176
1	134
0	8
0	1381
0	182
0	141
0	1339
0	1360
0	1384
0	1341
0	1382
0	0
0	0
0	0
0	27
8	114
1	113
3	93
0	49
4	1
15	0
133	74
0	1
0	39
1	23
2	51
1	0
0	12
0	9
0	0
0	0
0	152
0	12
78	163
0	163
110	562
50	15
0	15
18	34
0	33
0	22
2	91
0	562
1	0
0	0
0	0
0	0
33	76
1	65
2	12
0	0
0	0
0	0
0	0
0	0
0	0
0	0
0	0
22	10
1	10
9	1267
7	0
0	413
0	787
1	637
3	727
0	701
15	687
0	695
1	483
6	0
1	561
65	484
0	767
0	41
5	41
1	5
0	15
4	14
12	6
74	107
0	108
0	80
14	44
0	0
0	0
0	0
0	0
0	0
0	0
0	0
0	123
12	12
0	11
0	2
0	37
3	73
0	108
4	0
0	0
115	1154
1	1154
0	128
0	278
12	568
120	443
5	502
0	306
4	428
1	11
0	11
0	11
0	8
38	715
542	1954
32	650
0	185
0	137
0	110
13	186
7	42
0	327
29	611
0	436
15	386
0	188
0	80
0	51
17	75
15	808
7	421
0	808
473	683
2	617
25	67
3	71
1	1
3	0
0	0
0	0
378	0
0	0
0	0
0	0
0	0
0	54
1	53
0	0
0	0
0	0
0	0
0	3
0	2
0	23
0	0
0	1
0	0
0	0
0	1
2	1479
0	958
0	1374
0	113
1	116
1	278
1	240
1	3
0	296
0	300
101	305
0	118
7	3
13	46
0	7
0	7
0	0
0	0
0	0
0	0
0	0
0	0
0	0
0	0
0	0
0	0
0	13
2	0
0	0
0	0
0	0
0	0
3	0
0	166
0	79
0	0
0	0
0	0
0	0
0	0
0	0
0	0
12	66
0	70
0	27
0	12
0	12
0	0
0	0
273	1588
0	1347
0	854
0	328
7	131
51	319
0	103
1	216
394	84
2	84
47	0
0	0
4	1
1	56
0	68
0	71
0	249
0	240
2	102
0	25
0	240
3184	506
1	289
24	217
1	0
0	0
0	1
23	110
0	104
1	39
27	80
2	2
1	19
0	11
2	6
117	0
0	0
0	0
0	0
0	100
4	101
0	62
0	59
0	22
0	6
0	6
0	1
5	0
0	0
0	0
0	0
0	0
0	0
0	0
0	0
523	69
73	69
0	607
0	611
0	571
0	526
9	353
0	400
6	14
17	76
0	482
0	497
0	250
0	68
1	85
0	0
0	0
1380	603
8	603
0	0
0	0
0	0
0	754
0	124
0	65
48	751
7	79
2	125
0	0
0	0
3	0
0	0
0	0
0	0
0	0
0	0
0	0
0	0
0	0
101	211
1	54
0	130
0	11
11	59
0	0
30	1875
0	1524
1	1464
2	78
36	104
19	82
44	11
2	113
45	59
0	1913
0	0
0	0
0	0
0	0
0	441
0	188
3	2074
1	1542
0	1074
1	1705
29	1691
7	1723
0	715
0	388
0	256
7	171
0	216
2	37
34	91
8	272
4	271
0	1903
731	2315
21	587
6	515
4	176
15	256
0	646
12	507
0	521
0	287
34	0
0	0
0	0
0	0
0	0
0	0
175	51
0	51
1155	290
0	263
0	90
0	136
0	3
0	2
0	2
0	0
0	0
0	0
1826	1112
72	40
0	984
0	993
0	28
29	138
0	31
0	138
5	8
0	12
1	10
0	24
51	0
0	12
2	8
0	0
0	0
2	0
2	6
0	0
0	0
8	0
0	6
0	6
0	0
0	0
7	431
2	431
0	172
72	4
0	4
37	1252
3	1433
0	1345
3	751
0	152
2	293
0	299
2	446
2	202
0	1
0	1
0	7
0	473
0	96
0	482
416	328
1	139
542	1341
1	92
7	770
1	0
0	0
0	0
0	0
0	212
5	175
2	191
3	101
27	84
0	36
2	5
4	9
11	9
0	0
0	0
3	231
0	82
0	225
0	7
0	225
0	731
0	279
0	221
27	728
2	547
0	126
1	47
0	1577
2	1584
20	1574
79	0
7	29
40	9
0	42
0	228
13	222
0	192
1	14
0	183
0	183
0	180
0	20
0	0
0	0
0	63
0	63
0	63
0	61
0	58
420	216
0	132
0	117
0	4
0	15
0	24
0	5
0	10
0	35
2	41
0	0
0	0
0	0
0	0
0	0
0	0
0	934
0	906
0	892
5	40
0	91
6	285
2	12
8	607
2	69
0	509
0	60
1	332
0	191
1	120
0	0
0	0
0	0
0	0
0	0
0	0
0	0
208	633
1	61
0	618
3	395
1	75
1	27
0	565
0	946
0	967
3	939
240	1010
45	0
0	86
0	86
0	42
0	14
58	139
11	111
6	381
0	0
0	0
0	0
4	1116
0	1645
14	75
2	1623
0	156
5	14
0	53
1	172
0	0
0	0
0	0
14	647
1	233
6	565
0	359
0	234
0	286
4	346
0	130
0	100
2	100
132	0
1	1783
0	1516
0	792
4	1701
139	1055
68	54
3	613
0	1514
0	0
0	0
74	176
0	175
206	0
3	1071
13	1072
16	1070
24	713
0	765
5	768
20	120
0	89
1	22
0	15
16	108
1623	274
0	157
0	118
9	61
0	57
0	51
0	52
0	0
4	0
0	0
0	0
0	0
0	0
0	0
0	0
0	0
0	0
0	0
90	48
36	41
399	188
0	221
42	41
4	29
83	33
0	0
0	0
0	572
9	74
3	568
16	74
205	277
0	208
0	17
0	46
45	3
23	0
1	34
0	15
0	7
0	20
0	20
0	269
0	0
0	0
0	701
0	760
13	746
0	585
0	121
0	132
0	99
0	54
0	55
0	54
4	25
0	775
0	0
0	0
0	131
1	129
10	3
0	124
0	20
118	20
18	37
3	490
0	499
5	488
18	27
0	462
0	0
0	0
0	0
0	0
0	0
1	22
138	22
1	21
0	0
15	326
3	325
4	233
6	93
3	28
49	4
0	0
0	0
0	1
1	1
0	94
0	91
4	92
2	5
0	9
0	6
93	994
27	1031
0	530
0	461
26	36
36	656
5	61
1	182
0	152
0	0
714	207
3	207
14	143
0	4
0	2
0	2
0	0
271	33
15	33
59	16
0	12
88	20
0	4
6	4
0	15
5	0
1	0
0	0
0	0
0	0
0	0
0	0
0	0
0	0
0	0
0	0
0	0
0	0
0	2
0	2
0	2
0	15
0	17
0	2
0	2
3	13
0	13
1	17
1	18
0	13
1	12
0	19
0	0
0	0
1	7
0	7
0	5
0	11
0	0
0	6
1847	65
1	65
0	0
0	0
0	0
0	0
0	8
0	7
0	2
0	0
0	0
0	0
0	0
0	0
0	0
0	0
0	0
401	0
0	0
0	0
0	0
0	0
0	0
0	0
0	0
0	0
0	0
0	0
0	0
0	0
0	0
1	0
0	0
2	0
0	0
0	0
0	0
45	315
6	83
4	274
3	64
0	52
1	135
0	0
0	0
0	0
0	0
0	0
17	0
0	0
0	1
0	0
0	1
4	1
0	1
0	1
2	1
452	2288
3	1333
45	4
0	1025
26	0
77	28
0	559
73	60
7	613
0	95
37	0
12	107
17	337
4	20
47	160
77	97
0	0
9	3671
3	3662
0	3673
1	490
7	54
13	152
7	575
3	2
0	2
0	0
0	0
0	29
0	1281
0	1245
0	1235
8	318
4	531
0	695
4	535
0	704
0	668
0	133
0	89
0	75
16	63
0	72
30	44
1	84
0	16
71	57
4	1
300	27
0	27
0	0
0	0
0	0
0	0
0	0
0	0
0	2
0	2
0	2
0	2
0	0
0	0
2	0
0	248
1	31
2	18
0	129
6	246
1058	1222
0	454
1	958
2	573
31	377
0	256
0	43
0	0
0	0
0	0
0	0
0	0
0	0
0	0
0	0
0	0
95	185
0	173
118	12
0	0
0	0
0	0
0	1
0	1
0	1
9	29
0	29
0	1
0	9
0	9
6	22
0	22
0	29
0	1
0	1
0	0
2	410
1	398
0	498
46	253
1	571
27	165
0	571
2	99
2	108
5	13
0	7
0	12
0	3
0	0
0	0
0	0
0	0
0	0
0	0
0	0
29	116
266	1342
118	323
3	294
0	242
139	936
4	12
0	10
0	1
0	0
0	2
1	1
0	2
0	54
1	46
0	26
0	15
0	22
3	6
0	31
0	31
0	5
0	9
0	9
0	4
0	0
0	12
0	9
18	0
6	6
1	114
1	255
1	268
2	96
54	36
1	19
0	93
0	52
0	67
0	61
0	33
0	0
17	172
0	539
9	152
0	167
0	531
0	528
0	0
0	0
0	0
0	0
0	0
4	375
0	384
1	374
0	50
1	364
0	27
9	11
1	0
1	0
0	0
0	0
0	0
0	0
0	0
0	0
0	0
0	0
1	24
0	24
0	0
0	0
0	0
330	341
0	1
0	60
6	338
0	30
0	99
0	77
4	102
5	1410
32	1109
0	1461
1	1163
0	109
36	598
0	188
7	78
86	108
12	0
0	0
0	0
0	0
0	0
0	0
0	0
0	0
0	0
1	115
1	115
0	0
3	8
1	8
0	8
2	388
1	357
2	35
284	11
0	11
27	166
0	216
2	20
0	189
0	0
0	0
0	0
0	0
0	0
0	4
0	0
0	0
1	0
0	0
0	0
0	0
0	0
0	0
0	0
61	366
1	0
14	366
0	0
0	116
3	1
0	37
0	11
2	553
0	163
0	43
0	553
53	4
0	3
0	3
0	0
0	0
0	0
51	553
180	1175
0	862
3	617
1	289
1	318
0	0
0	0
34	1036
0	1024
16	464
4	42
11	42
0	0
0	0
0	0
0	0
0	2
0	2
0	2
188	358
3	336
0	263
83	0
3	17
0	73
16	2022
7	2022
3	562
0	2
1	0
0	2
341	257
6	207
0	218
0	214
9	122
0	257
0	0
0	0
0	0
0	0
0	0
1	0
0	11
0	11
0	0
0	0
0	12
0	14
0	14
0	12
0	18
1	0
1	3
0	0
1	0
0	0
0	12
0	16
0	9165
1	9191
6	8771
3	8767
0	8770
103	0
3	53837
313	38769
0	15416
62	20449
22	4256
0	11270
2	50392
0	7217
2	7754
0	4497
118	303
0	257
52	15
0	48
1	22
543	4060
2	3202
2	230
4	107
3	102
3	216
8	55
0	26
2	44
6	31
0	18
0	22
3	23
1	10
0	0
85	3
0	3
0	0
0	0
0	411
0	399
0	133
17	355
8	397
0	76
21	0
1	25
0	0
0	0
0	0
0	0
0	0
0	0
0	0
0	0
7	0
6	0
5	1993
0	1979
0	0
0	0
0	656
963	1498
72	738
0	301
0	1420
0	676
0	663
0	0
0	0
157	380
0	214
0	80
0	58
2	134
9	108
0	25
0	0
0	0
0	0
0	0
3	76
41	76
1	0
0	0
0	0
0	0
0	0
153	54
3	11
2	4
0	43
2	34
0	1
0	0
0	1
0	0
0	0
0	0
2	2776
0	2590
2	380
0	2524
0	538
0	2698
0	131
70	52
0	438
0	967
1	967
0	197
7	245
0	203
90	197
0	0
0	0
0	0
0	0
111	242
0	32
0	32
0	52
0	141
0	143
69	100
0	2852
300	2852
2	1127
40	1717
13	1717
0	0
4	2
0	2
13	4
0	0
0	4
2	0
0	3
0	0
0	0
0	0
0	0
0	0
1	0
0	0
0	0
30	510
15	263
4	463
14	247
244	474
0	324
0	31
18	35
0	34
0	26
0	5
0	0
0	0
0	0
8	362
0	359
0	25
0	24
0	20
0	43
1	97
0	25
0	40
3	23
139	45
0	30
52	19
0	11
0	18
8	59
0	11
0	6
0	41
0	6
146	140
0	101
0	140
2	34
7	0
17	19
18	62
0	71
0	26
0	39
0	0
0	0
0	0
0	0
0	0
4	4536
0	4536
0	2702
34	4540
89	938
3	1568
757	1199
0	914
54	436
1	35
2	322
0	311
2	213
12	66
0	225
7	11
601	217
2	5
2	9
0	9
2	42
2	131
4	76
0	0
0	0
0	0
0	0
0	0
0	207
0	407
2	21
5	48
5	509
0	446
16	733
1	154
0	32
0	146
0	724
14	247
0	247
0	47
0	0
0	0
0	0
6	18
0	15
2	0
0	1
0	3
0	4
0	5
1	3
0	32
82	116
0	92
1	5
0	55
0	27
8	17
52	1016
6	264
4	823
2	481
7	549
1	874
0	408
0	382
0	319
0	159
5	72
4	1
0	0
1	1
0	0
0	1
0	0
6	113
0	113
1	70
1	1
0	0
0	113
2	7
4	22
0	20
0	0
0	0
0	0
0	0
0	0
0	0
0	0
0	0
0	0
0	0
1528	715
3	632
14	133
143	8
0	8
0	0
0	0
0	0
0	0
0	0
0	1
0	0
0	0
0	0
0	101
26	677
69	714
2	189
0	176
0	0
1	265
0	264
0	13
20	133
2	82
0	0
0	0
0	0
0	0
0	0
0	1644
2	3313
2	1805
4	3752
0	161
0	886
0	1387
192	3744
0	379
2	1485
866	187
0	3748
0	3386
2	571
47	260
34	2144
0	0
0	0
0	0
0	0
23	1511
0	1283
9	259
0	198
1	485
1	528
0	163
13	0
1	0
0	0
0	0
0	0
6	92
0	91
0	30
1	78
0	14
0	0
0	0
0	0
1	0
4	297
0	302
5	10
2	5
1	57
0	16
28	0
0	0
0	0
0	0
0	0
38316	12190
6	4251
10	5839
10	0
0	0
0	0
0	0
0	0
0	0
0	0
0	0
0	0
0	0
0	0
0	0
0	0
0	0
0	0
0	0
0	0
0	0
0	0
0	0
0	0
0	0
0	0
0	1
0	3
0	1
0	0
1	0
0	0
0	3
4	380
97	0
9	30
0	101
0	349
0	147
0	178
6	8
0	48
14	11
0	52
0	52
0	0
0	3
13	3
1	88
8	105
0	352
44	15
0	104
0	102
9	111
2	45
0	15
24	47
0	11
0	24
0	349
2398	7
9	7
0	0
0	50
1904	50
7	2
0	2
0	0
9	0
46	8
0	0
0	0
0	0
0	0
0	0
0	0
0	0
0	0
0	0
0	0
0	0
0	0
0	0
0	0
0	0
0	0
0	0
0	0
0	0
23	113
0	126
1	443
15	155
0	166
0	123
0	27
0	22
0	14
0	9
4	21
0	21
1	3
0	3
4	3
0	10
21	7
58	37
0	37
0	1101
0	1098
3	101
2	226
0	1040
0	0
0	0
0	0
0	3
0	3
0	3
0	0
0	0
0	0
0	0
0	2
0	0
0	0
0	3
0	3
0	5
0	5
0	5
0	5
0	3
0	5
0	4
0	1
0	2
7	402
26	423
0	384
0	0
0	0
0	0
0	0
0	0
0	0
0	0
0	0
0	0
0	0
0	0
0	0
0	5
1	0
0	0
0	0
0	0
2	103
3	103
1	93
1	102
0	102
0	22
0	11
0	5
3	1
0	28
0	29
0	27
0	15
0	0
0	9
0	11
0	0
0	2
0	18
0	3
8	10
0	5
1	8
0	7
0	11
0	0
0	4
0	2
0	3
0	3
22	0
150	59
0	1081
0	215
0	1088
15	465
0	689
0	200
0	44
0	0
0	251
0	375
0	242
0	242
0	241
0	236
0	236
0	241
2	241
0	208
0	215
2	224
0	193
1	58
0	109
0	60
0	54
0	64
0	45
8	124
0	96
0	58
1	25
0	1
0	0
0	0
0	0
3	4
0	4
0	2
0	0
0	0
579	446
32	349
0	296
2	60
0	279
24	1011
0	571
0	480
30	1
0	1
0	0
0	0
0	2
6	2
293	409
14	355
3	226
2	170
0	31
0	21
0	21
0	6
0	7
0	5
0	5
0	4
0	3
0	3
0	1
0	0
0	0
0	0
0	21
0	22
0	22
0	21
0	106
50	141
2	29
3	56
0	51
0	0
0	0
0	0
50	0
22	495
105	787
0	345
34	219
1	155
3	286
0	28
0	28
0	21
0	19
3	46
0	46
0	18
0	14
0	2
0	0
1	1
0	0
0	0
0	0
7	0
0	527
3	557
0	623
0	623
0	590
0	470
0	23
2	125
7	33
0	77
11	61
0	10
0	0
0	0
0	78
5	90
0	84
0	151
0	158
0	60
21	60
7	60
0	21
0	0
0	0
0	0
0	0
0	0
0	0
0	0
0	0
0	0
0	0
1	0
0	0
0	0
0	0
0	0
3	0
0	0
0	0
0	6
0	0
0	0
0	1
0	1
0	1003
0	1062
15	612
12	263
13	235
0	2
0	0
0	2
0	0
0	0
0	0
0	0
341	2514
5	620
0	309
62	1960
0	95
25	153
0	0
0	0
0	106
29	8
2	106
17	97
1	12
0	0
0	0
22	124
0	333
0	264
0	153
1	24
0	11
0	24
0	0
0	0
0	0
0	0
0	0
0	0
83	0
10	1
0	1
20	64
165	77
0	32
46	796
1	645
19	155
24	513
32	58
0	9
0	9
0	10
2	20
0	9
1	19
0	28
0	0
0	0
0	0
0	0
492	105
3	1
4	34
0	71
1	225
8	90
0	224
5	84
1	37
2	40
3	8
0	0
0	0
0	0
0	3
0	3
0	0
0	0
0	0
65	2044
0	191
0	54
12	146
0	82
0	1639
5	263
4	83
5	100
17	244
0	11
0	150
0	56
0	823
21	165
0	120
3	304
0	806
0	0
0	0
9	6
0	6
0	0
0	0
0	3809
1	3274
3	257
79	78
0	0
0	0
0	0
0	1
0	0
0	0
0	0
0	0
0	0
0	0
0	0
0	0
0	0
0	0
0	0
0	0
0	0
0	0
662	0
0	0
0	0
0	0
0	0
0	0
0	0
0	1199
1	1172
0	177
0	901
26	730
4	124
5	208
0	860
0	168
14	47
0	0
1	0
20	323
0	273
0	310
0	61
0	99
0	17
0	17
0	69
0	8
0	30
48	6
0	0
0	0
0	0
0	61
0	39
0	43
0	5
0	5
0	0
0	7
0	61
3	233
0	186
1	175
2	34
0	177
0	0
0	0
0	0
0	0
0	0
0	0
0	0
8	664
0	576
0	623
13	57
81	64
619	325
21	301
7	184
0	0
0	0
9	102
0	99
7	102
0	4
0	4
0	3
0	4
0	4
0	4
0	3
0	2
0	2
0	1
0	1
0	1
0	1
0	0
1	0
0	0
0	0
4	0
0	0
0	0
0	0
0	90
26	89
0	81
0	29
0	28
0	70
0	2
0	48
6	13
4	1940
11	302
0	0
34	17
16	0
6	1930
0	5180
0	994
750	5719
1	903
409	1257
0	995
72	4433
2	0
10	6
1	5
0	1
1	702
22	702
0	172
57	0
24	354
0	488
0	333
0	320
10	359
0	129
0	84
0	103
0	129
0	150
51	18
0	18
247	486
6	272
2	457
1	370
10	8
0	80
1	57
1	42
0	11
0	483
0	1052
0	0
0	0
0	0
0	0
0	58
0	73
0	93
10	76
4	82
0	68
0	78
0	33
0	41
0	38
1	35
6	138
0	35
0	138
520	363
9	297
0	37
3	66
4	8
0	0
0	0
0	23
1	0
13	17
0	9
0	24
0	18
1	0
0	0
1	0
0	0
0	0
0	0
712	463
27	27
0	456
5	265
0	266
0	0
0	0
0	0
0	0
0	0
0	0
0	0
0	0
0	0
0	0
0	0
0	0
0	0
420	1251
2	1216
0	1126
0	1135
0	1029
0	1168
0	845
0	332
38	510
1	0
0	43
0	510
0	40
12	0
2	123
0	262
9	213
0	209
0	205
0	114
0	176
0	113
0	253
0	46
1	46
0	256
6	446
37	457
1	444
0	427
0	78
0	101
0	150
0	101
0	0
28	270
0	270
3	258
0	166
10	1807
46	5
20	27
0	1807
5	20
0	4
2	383
0	3
0	383
0	0
0	0
0	0
0	0
0	0
0	0
0	0
0	0
0	0
0	0
6	21
0	0
0	7
0	0
0	11
0	5
0	16
0	2
0	2
0	9
0	2
0	2
0	0
0	0
0	136
0	138
5	136
1	138
0	0
0	0
1	66
0	65
3	32
0	20
0	5
1	4
0	1
0	3
0	0
56	456
840	456
8	0
0	0
0	0
0	0
0	0
0	0
0	0
0	0
0	0
0	0
0	0
0	0
0	0
0	0
0	0
0	0
8	1
0	1
0	0
2	0
0	0
0	4
0	4
0	0
0	0
0	0
1	0
0	4
0	0
5	908
11	1959
2	2269
27	1435
0	1786
0	1446
5	1423
0	1890
26	123
0	17914
35	6845
16	16535
0	1885
12	612
77	419
0	933
4	358
0	3767
0	7848
56	717
18	46
6	1250
49	97
0	3241
0	1287
1	454
0	17964
0	4874
2	0
10	4876
1	1525
53	4447
0	2226
14	3291
1	1461
17	3247
63	25
9	25
1	0
0	0
0	0
0	33
3	0
0	65
0	61
1	675
10	953
0	60
5	1
0	4
1	947
0	22
15	512
18	355
1	223
0	327
0	693
0	164
0	77
0	231
0	177
18	691
0	84
2	180
0	618
0	160
0	109
0	109
9	18
0	18
0	0
1	101
0	148
0	0
0	0
0	0
0	0
2	3
0	3
0	0
1	20
0	20
0	10
0	20
0	0
0	4
0	2
0	0
0	20
0	20
6	2
2	20
0	7
219	1107
0	1123
14	459
0	206
0	208
0	0
106	173
11	174
0	132
0	7
3	0
4	5
1	0
0	0
0	5
0	420
0	140
0	276
0	222
0	258
0	218
0	0
0	0
2	2011
9	2081
1	1951
2	627
13	1145
1	910
1	5
0	2081
21	92
0	83
3	27
0	0
164	0
0	0
0	156
17	6
13	3
0	77
1	12
1	150
3	13
23	0
2	10
0	0
311	207
60	35
4	172
1	0
0	0
0	0
1	1
0	1
0	1
0	0
0	0
0	0
51	19
1	19
0	11
0	0
0	9
0	337
0	337
1	347
0	385
2	385
1	384
0	10
0	74
0	0
0	0
0	0
0	0
0	0
0	0
0	0
0	0
0	0
0	0
0	0
0	0
0	2
0	2
50	21
3	22
0	22
0	15
99	1976
1	236
24	1915
31	1879
1	122
17	688
1	55
3	395
0	105
0	0
0	0
1	74
0	74
0	71
0	18
0	29
0	21
0	4
8	7
0	0
0	0
0	0
0	0
0	0
0	0
0	146
13	146
0	125
0	6
29	2
0	35
7	133
0	39
0	8
0	19
0	6
0	15
0	2
1	15
0	4
0	0
0	0
0	0
0	0
0	0
0	0
0	0
0	351
16	346
0	329
3	34
0	24
1	12
1	28
0	124
1	122
0	7
3	3
84	82
0	82
0	23
0	0
0	0
0	0
0	0
0	0
0	184
182	149
0	168
0	194
21	11
5	48
0	171
1	0
0	0
0	0
0	0
0	2
0	0
0	1
0	1
0	3
0	0
0	4
0	4
0	4
0	4
0	4
0	4
0	4
0	2
0	3
0	0
0	0
0	4
15	357
0	308
1	52
11	33
6	7
1	89
3	72
4	50
0	78
37	64
0	1
0	4
0	4
0	2
0	2
0	2
0	2
0	0
0	0
1	3
344	404
0	127
2	100
4	77
3	61
8	120
0	162
0	0
0	0
2	1966
2	2070
0	2141
2	62
2	1723
0	1927
0	0
0	0
0	0
0	0
1	0
1	236
24	585
4	0
27	395
7	475
191	240
40	240
10	535
10	2
0	38
7	522
15	39
1	12
0	12
0	2
0	9
0	9
0	11
0	0
0	6
421	802
0	880
0	760
1	728
54	419
0	138
0	164
0	106
4	26
0	40
7	43
59	0
38	0
0	38
12	323
72	241
0	1
15	6
2	305
0	1
0	23
17	0
19	0
0	314
0	167
0	167
0	74
0	102
0	93
0	89
0	4
0	8
0	8
0	6
0	8
0	9
0	3
0	3
0	2
0	1
0	1
3	1
0	1
0	1
0	0
0	166
0	0
0	0
0	0
431	0
4	17
0	17
0	1
0	0
141	0
0	1
0	1
61	0
2	0
0	0
0	0
0	0
0	0
0	0
0	0
0	0
1	0
1	0
0	520
0	74
7	475
3	114
0	488
1	21
6	84
0	41
0	59
190	43
0	43
0	0
0	0
0	0
0	0
0	0
0	0
0	1
0	1
0	1
0	0
360	911
87	108
5	367
1	173
9	114
0	911
0	0
0	420
0	0
0	1
0	1
0	1
0	1
5	191
0	170
0	186
0	6
29	64
2	12
17	60
4	15
0	53
0	91
4	17
2	21
3	65
2	14
1	60
0	22
0	37
3	2
0	4
0	1
1	1
0	2078
0	82
6	262
0	131
745	353
21	351
12	130
5	129
0	163
32	473
70	864
1	356
18	190
23	27
5	4
0	5
1	5
0	1
0	3
1472	70
1316	349
0	79
0	108
3	43
0	108
1	38
0	0
0	0
0	0
0	0
0	0
0	0
0	0
0	0
0	0
0	0
0	0
0	0
0	0
0	0
0	0
0	0
0	0
0	0
0	0
0	0
0	0
0	0
12	264
6	277
1	318
0	40
1	0
2	63
2	549
0	514
1	508
0	198
4	280
4	280
1	48
1	3
0	0
0	4553
20	1183
0	4472
4	614
0	453
0	2
32	529
18	659
1	963
6	4467
9	25
110	3159
79	919
2	268
4	36
1	67
2	343
44	250
2	503
6	71
7	244
0	0
0	0
36	33
0	28
0	26
0	9
1	48
23	161
0	48
1427	161
377	69
0	24
4	45
0	13
0	15
0	15
0	14
0	12
0	1
0	0
0	1
0	1
0	0
0	1901
0	1745
0	0
0	0
0	0
0	0
0	0
0	0
9	1
0	18
0	5
10	2
4	5
0	23
2	18
2	17
1	8
6	1628
24	632
0	1438
0	1549
0	1593
2	561
0	88
0	446
0	426
1	328
0	280
0	411
10	61
0	304
0	149
1	240
2	184
0	219
0	147
0	131
0	92
5	53
0	72
5	30
0	1384
0	1571
6	108
0	108
0	0
0	0
0	0
0	0
56	649
0	985
0	1010
0	85
6	140
0	215
0	273
6	244
2	242
1	160
37	314
0	0
729	139
0	1816
0	1546
0	1772
2	1775
0	779
0	417
0	314
3	481
4	223
0	87
7	95
1	10
5	794
141	2940
0	741
0	2913
14	1632
9	104
0	619
0	490
22	453
5	383
42	0
15	0
0	1
0	1
0	0
0	0
0	0
0	0
3	0
0	0
0	0
0	0
0	0
0	0
0	0
0	0
0	0
2	3
0	1
0	2
0	100
2	50
20	436
201	872
0	366
0	0
0	0
0	0
0	0
0	0
0	0
76	284
10	0
0	284
2	922
12	894
0	921
1	101
0	83
7	8
2	4
9	4
89	223
9	410
182	18
11	18
3	844
7	846
0	49
0	69
0	81
141	47
0	47
0	382
0	387
0	0
0	0
0	0
0	0
0	0
0	0
0	0
0	0
4	412
1	55
0	61
0	380
0	222
0	113
1626	543
55	490
0	400
8	479
3	493
0	4
0	4
0	0
0	0
0	0
0	0
3	430
14	30
0	2
1	2
0	2
0	2
0	1
0	1
0	403
0	407
1	20
0	393
3	81
19	60
20	31
0	23
11	283
6	15
141	158
2	11
1	10
0	129
0	61
0	16
1	10
473	1991
2	147
0	1880
4	98
9	524
32	1115
2	198
10	200
4	681
1	432
1	294
0	0
0	0
0	0
10	0
0	0
0	0
0	0
0	0
0	0
0	0
0	0
10	189
31	189
0	5
0	0
0	0
594	6
41	6
0	714
4	87
2	600
0	673
0	70
0	0
0	0
0	0
0	0
0	2
0	2
0	2
0	2
0	2
0	1
0	0
0	0
0	0
0	0
0	0
1	0
679	1610
1	101
0	211
0	158
0	62
0	1610
0	0
0	0
0	0
0	0
0	0
0	0
0	0
0	0
0	0
0	0
0	137
0	155
0	163
0	12
1	151
3	476
6	476
1	5
2	11
9	41
0	40
0	134
0	83
11	15
0	476
0	0
21	4901
115	4901
1	368
42	0
0	2
0	2
0	0
0	0
0	0
0	0
0	0
0	0
0	0
0	0
0	0
2	236
3	236
4	236
17	249
4	13
3	283
0	788
6	784
0	743
0	766
0	691
7	653
0	76
0	78
0	39
0	55
0	34
6	35
0	34
0	780
0	786
0	699
0	0
0	0
0	0
0	0
0	0
0	0
0	0
0	0
0	0
0	0
0	0
0	0
0	0
0	0
0	0
0	502
67	521
55	2
18	190
28	25
79	0
12	16
2	0
930	756
13	646
1	163
3	33
4	65
5	258
59	978
0	918
0	148
33	664
19	128
1	258
0	184
4	180
0	180
0	105
0	0
0	0
0	0
0	0
0	0
0	0
70	9
0	9
0	0
0	0
0	0
0	0
0	0
0	0
0	0
0	0
0	0
0	0
0	0
21	1761
44	1652
754	45
4	45
1	0
0	0
0	0
0	0
655	823
7	71
0	198
47	198
2	170
6	236
18	275
8	157
0	31
0	375
0	21
2	413
0	413
0	67
0	3
0	12
0	365
1	0
49	810
41	812
76	840
0	841
7	65
0	839
0	0
0	0
0	0
39	290
99	295
0	107
0	14
0	0
0	0
0	0
0	0
0	0
0	0
0	0
0	0
0	0
0	0
0	0
0	0
0	0
7049	648
42	14
1	14
0	2
7	2
9	2
0	0
1	935
1	944
0	944
8	81
1	137
7	81
0	453
1	238
3	932
2	100
3	100
1	22
1	1
0	0
0	0
0	0
0	0
0	0
0	0
0	0
0	0
0	0
1	12
0	12
0	0
0	0
0	2
0	2
0	0
0	54
11	0
17	25
0	0
0	31
0	27
0	0
0	25
0	0
0	3
0	12
27	63
0	0
0	0
0	0
2	0
0	0
341	145
5	145
0	50
5	58
0	0
0	0
0	0
0	0
0	0
0	0
0	0
0	0
0	0
0	0
0	0
0	0
0	0
0	0
0	0
0	0
0	0
0	0
0	0
0	0
25	31
0	26
4	31
1	16
0	19
0	61
0	59
0	61
0	58
0	8
4	4
0	58
186	257
4	0
1	257
1	0
0	0
0	0
0	2
0	0
0	0
0	2
0	0
0	0
1	4
0	3
0	3
0	1
0	0
0	0
0	0
0	0
0	0
0	0
0	0
0	0
0	0
0	0
0	0
0	0
9	89
0	21
1	47
1	44
1	74
2	0
0	1
0	1
0	0
0	0
0	0
0	0
0	2
0	9
0	9
0	0
0	0
242	2654
0	2654
322	1690
182	1746
2	219
2	153
29	137
6	543
22	9
0	9
2	0
0	0
48	153
0	123
0	107
0	77
15	38
0	38
0	43
0	6
22	772
2	292
0	585
1	20
0	53
0	21
0	255
0	114
7	78
0	72
0	17
2	246
0	10
0	549
0	586
0	627
0	12
6	19
0	657
0	0
0	0
0	0
0	0
0	0
0	0
0	0
0	0
0	0
0	149
0	154
1	125
0	0
2	13
1	12
67	161
1	161
7	7
0	51
0	0
51	4
28	824
10	824
0	110
0	55
6	231
3	207
1729	3183
71	2750
26	2664
3	2571
0	2092
65	2073
0	1256
78	51
0	52
0	10
1	10
0	9
0	3
0	1
0	2
10	5
13	5
2	0
0	0
0	0
0	0
0	0
0	0
0	0
0	0
0	0
2885	0
0	0
0	0
0	608
0	576
0	599
0	377
0	375
0	362
0	145
0	111
0	81
0	28
4	53
0	26
0	0
0	0
0	0
0	0
0	0
0	0
0	0
2	649
3	296
1	649
0	45
0	109
0	271
4	156
3	55
106	59
1	59
12	0
0	0
0	0
0	24
0	24
0	0
0	0
0	1188
0	1060
0	1146
0	1175
7	1157
0	1112
0	1140
10	19
0	52
21	206
71	16
2	14
68	36
0	38
10	34
0	23
0	26
0	0
0	0
0	0
0	0
1	344
8	344
0	84
0	61
2	23
3	26
0	331
0	19
0	575
24	158
2	123
0	517
4	239
0	549
2	12
28	12
744	635
40	291
3	220
1	503
6	2117
15	2171
54	1431
0	2135
0	96
669	18454
81	18448
0	562
29	304
0	562
0	0
0	0
0	0
21	112
4	0
0	0
0	0
0	0
0	103
20	96
0	0
0	2
0	2
0	0
0	0
0	0
0	0
0	2
0	2
0	0
0	2
0	0
0	0
0	0
0	0
0	0
0	0
0	0
0	0
3	111
0	104
2	88
11	110
0	90
0	9
0	5
0	30
0	106
0	7
0	7
0	0
0	0
0	0
0	0
0	0
0	8
0	9
4	16
0	13
1	12
0	5
1	98
1	95
25	4
1	0
0	0
0	0
0	0
0	11
0	9
0	8
0	0
0	0
0	7
0	4
0	3
0	3
0	1
3	0
1	0
56	417
0	390
9	410
1	214
0	0
0	1391
0	1392
0	1389
16	885
0	180
0	31
0	61
0	49
0	47
7	9
20	53
0	10
0	17
0	6
1	13
1	15
2	19
0	0
0	0
0	0
0	0
16	0
0	0
0	57
15	432
51	419
9	190
0	213
2	35
0	260
2	258
1	30
7	3
0	35
0	0
0	65
0	7
0	7
0	71
0	72
1	60
0	52
0	14
0	2
0	128
0	233
4	1
0	135
0	69
0	132
0	196
1	20
0	99
0	125
0	164
0	17
0	45
0	57
2	107
0	0
6	0
0	0
1247	1165
0	855
6	709
3	712
0	200
16	197
0	0
0	0
0	489
1	491
0	44
5	22
2	150
1	0
0	489
0	0
0	0
0	0
0	0
0	0
0	0
0	0
0	0
0	0
0	0
0	0
0	0
0	0
0	0
0	0
0	0
0	0
0	0
0	0
0	0
0	0
0	0
0	0
0	0
0	0
0	0
0	0
0	0
0	0
0	0
0	0
0	0
0	0
0	0
0	0
0	0
0	0
0	0
0	0
0	0
0	0
111	2807
3	179
6	119
0	0
0	2
0	2
0	2
0	1
0	1
0	1
0	1
0	0
0	0
0	0
0	0
0	0
0	0
0	0
0	0
0	0
0	3
0	10
0	10
0	6
0	2
0	2
0	1
0	1
0	1
0	1
0	0
0	1
103	29
0	29
1	4
0	4
0	2
0	1
0	2
0	2
0	2
0	0
0	1
0	269
1	298
6	272
0	39
0	226
7	10
0	37
0	24
0	44
12	25
0	24
0	29
3311	299
1	180
8	119
0	0
0	0
0	0
0	0
747	1999
3	1747
0	24
1	23
44	1150
29	252
0	45
0	66
0	866
1240	1405
0	1221
0	1158
0	227
2	305
8	370
4	215
710	1680
0	1680
473	71
2	34
2	7
3	71
1	26
0	361
5	343
0	284
5	315
1	350
0	356
0	108
0	118
2	4
0	4
0	0
0	0
0	0
1723	413
5	312
2	0
35	110
0	108
0	36
0	3
0	0
0	7
1	7
12	2
0	7
0	7
0	0
19	12
0	12
0	0
0	1
0	24
0	24
0	23
0	2
1	2
0	0
0	0
0	0
0	0
0	0
0	0
4	620
0	709
0	690
0	693
8	75
3	66
0	36
0	34
0	90
0	50
65	75
2	42
0	35
0	60
49	51
18	28
5	3
4	3
0	0
0	0
0	0
0	0
0	0
0	1212
0	1208
3	56
5	84
3	136
0	458
5	59
0	696
6	114
0	140
21	370
0	0
10	197
0	1212
11	55
0	56
8	49
0	39
0	5
7	13
1	0
0	0
0	0
0	0
0	0
0	0
0	0
0	0
0	0
0	64
0	159
7	154
1	9
0	9
0	8
0	4
0	8
5	264
0	68
0	270
0	241
24	108
13	49
0	23
0	22
0	14
0	5
3	13
1	9
1	17
0	12
501	16335
15	13404
165	16151
3	3127
0	1996
24	2521
4	2520
3	1489
3	1146
3	704
23	867
1	28
0	9
7	151
0	70
0	874
0	0
0	0
0	0
116	0
20	0
6	159
0	7
0	7
0	10
0	157
1	29
0	455
0	524
2	104
0	60
0	133
0	77
0	0
0	0
0	0
0	0
5	62
0	283
0	253
0	287
0	15
4	115
36	14
0	63
1	45
0	15
0	1176
0	758
53	1114
0	796
0	22
0	111
0	16
0	37
0	1112
0	688
1	58
0	806
0	84
98	13
0	13
0	6
0	0
0	0
0	0
0	0
0	175
115	107
0	175
66	7245
0	208
30	2735
258	50
2	6695
0	450
3	3080
2	17
39	799
14	1704
11	75
1	75
0	0
0	0
3	0
0	2
0	0
1	0
0	2
0	0
0	0
0	1376
2	1310
0	1203
4	656
0	60
0	246
0	190
0	0
66	39
1	39
1	8
0	0
0	0
0	0
1716	121
0	25
2	96
0	0
0	0
0	0
0	0
0	0
0	0
0	0
0	0
0	0
361	581
8	154
18	95
1	136
4	134
0	52
0	15
0	10
0	0
0	24
45	314
6	21
0	289
2	10
0	345
1	4
0	345
0	340
0	343
3	72
2	58
0	65
10	22
2	63
0	0
0	0
0	0
0	31
0	0
23	45
0	28
0	0
472	167
0	62
1	46
0	666
0	593
37	579
15	645
0	299
0	118
1	118
32	45
1	19
0	0
0	0
35	0
1656	1014
5	107
0	232
86	839
0	196
0	140
0	184
0	338
0	127
4	322
13	307
4	304
0	51
5	0
0	0
0	0
0	0
0	0
0	1179
0	399
0	155
0	35
0	41
0	52
0	13
1	1181
0	0
0	0
0	0
0	0
0	0
0	1
0	1
0	0
0	1
1	8
0	8
1	145
8	145
4	8
6	30
0	23
0	116
80	2
0	0
0	0
0	0
0	0
0	0
0	0
0	0
0	1062
0	1079
23	1037
29	0
0	1022
0	313
0	433
0	293
3	250
16	1410
0	1410
1	641
0	459
1	229
0	87
0	10
3	0
0	190
0	153
3	153
0	122
2	12
4	0
0	21
0	190
0	23
0	23
0	0
0	0
91	234
0	49
0	48
0	6
1	0
0	48
0	49
278	189
4	189
0	130
0	130
0	0
0	0
1378	5
13	5
1	20
0	20
2	2
0	2
1	4
0	0
0	0
0	1
0	1
7	0
0	0
0	0
0	0
805	191
19	191
451	1275
4	180
20	850
19	54
0	371
0	317
8	203
24	121
2	72
10	121
0	54
1	14
0	2
644	1116
11	83
0	89
12	1046
2	476
0	45
0	3
0	45
0	38
4	206
0	246
0	256
0	15
0	349
0	0
0	359
0	1
0	1
0	0
0	0
0	1
0	1
0	0
0	0
0	1
0	1
178	158
0	18
0	104
0	0
0	0
0	0
0	0
0	0
0	0
0	0
0	0
0	0
0	0
0	0
0	0
0	339
0	233
0	75
0	63
0	54
10	267
2	43
4	77
0	44
4	151
0	119
0	58
0	115
0	7
18	9
0	0
0	0
0	0
1	0
0	0
0	0
0	0
0	0
0	0
1	13
0	13
0	8
0	2
0	0
0	2
0	0
3	1
0	0
0	0
0	0
0	0
0	0
0	1
4	0
0	0
0	0
0	0
0	0
121	58
0	53
0	55
4	13
0	52
4	36
1	30
3	12
0	14
1	0
0	13
6	929
4	46
0	92
2	85
0	9
6	9
4	14
0	272
0	188
0	21
0	24
1	16
0	19
0	115
0	12
0	928
0	0
0	0
0	0
0	0
0	0
0	0
0	0
0	0
0	0
164	579
1	576
2	22
24	15
0	0
1	94
0	1695
0	12
0	187
7	1680
1	14
1	1234
0	1685
5	1680
0	0
0	0
0	20
0	22
1	21
507	819
0	201
18	71
2	139
2	201
0	789
78	26
0	26
1	25
0	21
0	0
0	0
0	0
0	0
0	0
0	0
0	137
0	137
4	135
9	0
1	246
17	233
3	189
0	0
0	21
0	21
836	378
5	27
0	144
1	37
3	134
280	146
2	146
26	959
0	957
30	943
2	73
0	599
0	612
1	50
0	413
1	326
5	134
4	245
0	152
6	91
3	0
23	3
0	0
0	0
0	0
30	2423
10	1518
5	2307
95	27
18	868
0	1162
21	1158
0	476
5	109
0	412
0	330
48	114
1352	86
0	86
1	443
10	168
4	173
12	356
0	1
0	1
0	1
0	1
6	270
0	56
0	269
0	0
0	0
0	0
5	290
12	293
24	221
72	272
0	221
0	276
5	80
0	166
16	133
0	34
0	0
0	30
2	494
0	409
0	396
0	478
0	113
177	407
5	363
19	299
2	324
2	324
1	2
0	2
0	2
0	1
0	0
0	0
0	0
0	0
1	0
3	181
4	14
0	103
2	58
5	0
1	17
0	181
0	0
2	19
9	1
0	4
0	92
0	92
0	61
13	14
0	12
0	0
0	2
0	0
0	0
0	139
0	177
31	149
12	96
0	58
0	33
0	13
25	173
4	138
0	47
0	42
0	28
376	447
0	354
0	94
59	1
76	46
1	0
0	44
3	1
0	1
2	3
1	0
0	13
0	13
0	4
0	0
0	0
0	0
0	0
0	0
39	0
0	8
0	0
0	8
0	0
0	2
0	0
1042	937
48	855
1	6
0	272
0	102
0	0
0	0
0	801
9	5082
3	2713
3	4505
0	3008
15	319
0	5084
0	5074
0	4508
65	5084
0	0
0	0
26	13
0	1
0	0
0	13
0	1
0	1
0	0
0	0
0	65
1	69
0	69
2	13
2	12
2	5
0	5
206	0
0	0
0	0
0	0
0	2
0	2
2	61
2	59
2	56
0	0
0	0
0	0
0	0
0	14
0	40
3	59
0	9
0	14
0	6
1	9
0	10
0	7
2	5
0	19
1	0
0	0
0	0
0	154
2	154
2	0
0	0
0	0
0	0
0	0
12	0
0	0
0	0
0	0
0	0
0	0
0	0
212	50
8	50
3	50
0	101
0	59
9	80
0	93
0	12
0	14
0	17
0	8
0	0
0	0
78	252
1	219
0	90
0	228
279	98
0	31
0	56
0	53
0	9
1	240
0	324
0	324
1	16
0	98
0	324
0	0
0	0
0	0
0	0
0	0
0	0
0	0
0	0
4	196
0	248
4	245
0	5
0	0
0	1
0	0
0	0
0	1
0	1
0	0
0	0
0	0
0	0
0	0
0	0
0	0
0	1
0	1
0	0
1	5
0	0
0	0
0	0
0	0
0	0
0	0
4	2
0	2
4	170
0	169
1	30
0	43
0	42
0	170
0	0
0	0
0	0
0	0
0	0
20	53
2	62
18	9
0	0
0	0
0	0
0	0
0	0
0	0
0	0
0	0
0	0
0	0
0	0
5	0
173	1231
4	1132
176	1191
52	93
55	22
2	166
11	163
0	82
1806	22
2	22
0	0
0	0
1288	266
0	212
61	54
0	1419
2	1386
37	925
4	157
0	135
0	159
43	496
0	7
1	36
1	43
334	2909
159	16
11	14
0	3
0	3
20	107
0	70
0	6
0	50
2	0
0	0
0	0
0	0
0	0
0	1980
19	581
20	880
0	1867
0	172
2	1494
6	406
0	563
25	364
46	0
0	183
37	1039
2	1859
38	26
12	233
0	628
0	1867
0	1391
4	178
0	1366
20	278
16	1375
5	254
3	46
14	32
0	169
7	129
977	0
0	0
0	0
0	0
0	0
7	230
1	17
5	200
0	43
3	28
4	17
0	17
0	16
0	16
0	0
0	7
0	0
0	0
0	0
0	0
0	0
0	0
0	0
285	37
5	23
1	14
65	168
3	755
0	85
0	758
0	0
0	0
0	0
0	0
0	0
0	0
0	0
0	10
0	8
0	9
0	3
0	0
0	8
0	0
0	0
0	0
0	0
35	26
0	26
6	175
0	106
0	116
0	140
0	80
0	51
0	113
1	42
0	0
0	0
12	0
0	0
0	0
0	0
9	196
0	209
0	158
8	62
0	52
13	34
2	93
0	0
0	0
0	0
0	0
0	0
33	1701
6	183
0	56
2	172
10	1721
0	57
3	222
0	1739
555	1905
2	371
0	1871
2	217
9	48
0	100
48	618
0	454
3	116
76	16
0	39
0	0
0	0
0	147
16	131
8	474
0	1924
0	4
0	9
0	1680
4	96
0	1276
0	623
1	171
0	92
7	26
0	1867
0	1882
1	0
0	0
0	286
11	121
1	272
0	30
2	55
0	78
0	408
0	410
0	308
0	352
0	379
0	392
0	336
0	408
1	460
80	335
0	224
0	347
1	32
0	442
0	0
4	206
160	440
9	440
0	0
0	86
2	17
0	81
6	64
0	68
1	32
0	33
521	0
5	324
0	126
0	144
0	181
65	205
28	75
0	210
0	191
1	233
5	0
9	0
64	0
1	357
30	289
13	201
0	104
0	235
1	270
504	489
0	473
16	20
1	185
0	146
48	53
0	51
1	4
0	2
6	1
0	3
1	3
2	3
4	109
151	244
0	140
0	233
0	0
0	0
0	1151
0	32
3	591
0	970
19	1141
1	10
0	515
6	211
0	10
0	9
37	2265
203	2264
0	1454
2	1005
1	523
23	180
0	730
1	717
46	39
0	580
0	109
0	577
2	578
49	13
0	148
4	54
4	76
0	141
0	0
0	0
0	0
0	1
0	0
0	0
0	7
0	1
0	1
0	4
0	4
0	7
8	20
0	18
0	4
0	1
0	6
0	4
0	1
215	36
0	29
3	22
8	1
0	0
0	0
172	3
41	3
27	926
0	217
93	490
0	106
0	318
2	890
0	79
0	0
17	543
0	493
1	45
3	26
0	67
44	135
0	109
10	34
0	16
0	17
0	11
0	12
0	11
0	2
0	1
0	2
0	2
0	2
0	9
0	17
331	534
2	14
36	437
1	46
0	99
0	0
7	897
0	39
0	121
1	464
0	141
22	3
0	633
0	30
11	134
0	94
0	46
0	134
0	31
0	25
0	23
1	21
0	26
0	16
0	25
0	17
0	12
0	9
0	1021
0	1029
0	981
0	914
0	1010
0	854
0	938
3	262
0	174
1	242
10	224
0	1096
0	1079
0	1090
0	811
0	0
45	304
4	35
11	250
5	168
0	81
22	30
10	13
1	8
0	275
0	0
2	2
0	2
0	0
0	2
0	1
0	2
0	0
1	3
1	6
0	7
0	6
0	6
6	1
2	2
0	0
2	78
0	57
1	7
7	3
11	67
554	0
0	0
0	0
0	0
2	25
0	69
2	70
0	36
0	16
0	0
0	0
0	0
8	29
0	27
0	21
0	8
0	5
0	0
0	0
0	0
0	0
0	0
0	0
0	0
0	0
0	0
0	0
0	0
0	0
0	0
0	0
0	0
0	0
116	1889
39	1002
0	236
0	87
6	1452
1	708
21	0
4	449
1	209
153	311
0	270
7	181
3	152
3	6
0	1001
7	2258
1	160
0	121
3	165
5	145
0	0
0	2264
574	369
81	65
8	146
2	72
11	49
0	0
9	848
6	815
5	70
0	86
0	0
0	0
0	0
0	0
0	0
0	0
0	0
0	0
0	0
0	0
0	0
0	0
0	0
0	0
0	0
0	0
0	0
0	0
11	335
0	383
1	135
1	79
9	54
111	0
0	149
0	179
4	182
0	182
0	137
0	0
44	25
341	264
0	279
1	66
4	2840
10	2824
5	818
83	751
360	526
7	11
0	9
0	0
0	0
0	0
0	28
0	24
0	28
0	0
0	16
2	6
0	30
0	6
0	0
0	0
0	0
0	0
0	0
0	0
0	13
26	13
0	4
0	2
0	2
0	2
0	2
9	521
44	0
2	9
151	521
0	0
0	0
0	63
0	63
11	54
48	80
0	64
0	0
0	0
3	73
0	14
3	73
0	0
0	2
0	2
0	0
0	2
0	0
16	52
0	2
0	1
0	14
2	0
0	50
2	0
50	62
0	23
0	28
0	0
0	0
0	0
0	0
0	0
0	0
0	0
0	0
0	0
0	0
0	0
0	2
79	2
1	0
0	0
0	0
32	208
1	183
0	138
0	146
0	130
1	3
0	0
0	0
0	0
0	0
0	0
0	0
0	0
0	912
1	13
0	3
0	1120
1	330
0	313
0	262
0	39
552	1123
0	0
0	0
0	1
0	1
0	0
0	0
0	0
0	0
0	0
0	0
5	324
10	330
0	258
0	194
1	324
0	73
7	227
0	0
0	0
0	0
0	0
33	350
0	351
1	161
19	125
0	281
1	51
0	9
0	43
0	63
0	36
0	4
12	8
2	29
2	65
1	38
36	37
0	208
4	194
0	228
0	78
0	93
0	44
0	48
0	80
4	16
0	41
0	0
0	0
14	51
5	23
20	51
15	0
0	0
1	48
0	44
0	30
0	5
0	39
0	9
0	2
0	16
0	21
0	0
0	0
0	0
0	0
0	0
0	0
0	0
0	731
94	724
0	435
0	507
0	50
0	480
0	731
0	416
0	465
0	517
17	433
0	52
0	468
0	487
29	2
24	30
0	669
0	15
0	59
8	8
0	199
0	162
0	105
0	0
0	0
1	0
0	0
0	176
0	176
0	105
0	51
24	139
0	323
0	349
0	338
1	298
0	74
0	123
3	234
0	0
39	1
0	31
23	32
3	32
0	0
0	0
0	0
0	0
0	0
0	0
0	0
0	0
1	1876
10	57
1	150
0	247
0	1876
5	305
0	292
0	292
2	302
0	279
0	287
0	288
5	37
0	51
2923	1315
20	1051
0	1708
0	1709
1	1645
0	253
2	59
0	260
0	79
0	81
0	55
2	0
1	5
3	2
1	3
2	3
0	3
0	0
0	0
0	0
0	0
0	0
0	0
0	6
0	9
0	6
0	8
0	3
0	1
0	2
0	2
0	0
0	0
1	0
0	0
0	0
0	0
0	0
9	78
0	4
9	20
1	78
1	21
0	34
9	9
0	1
0	0
0	0
0	0
0	0
0	0
0	0
0	2
0	2
0	1
0	94
100	94
15	476
52	586
0	599
12	6
0	0
0	0
0	0
0	0
0	0
9	693
22	533
1	226
0	687
0	681
0	687
0	538
0	507
0	54
2	206
0	102
392	136
9	136
6	118
0	122
0	12
0	0
1	4
0	3
0	3
0	824
0	119
0	15
0	824
0	0
0	0
0	0
0	0
0	1
0	1
0	0
0	0
292	7162
39	549
57	3
14	80
1	7162
0	0
0	1
0	1
0	0
0	0
0	3
0	1
0	0
0	0
0	0
0	0
1	12
0	12
216	5
113	5
0	0
0	0
0	0
0	0
83	234
23	232
0	10
0	0
0	0
0	155
0	345
1	325
4	345
0	353
3	67
0	66
11	53
8	53
1	53
0	43
2	9
0	1
0	0
0	2151
135	133
0	64
1	625
254	2052
0	586
3	327
0	271
12	0
0	1885
0	0
0	0
0	0
0	0
0	0
0	0
0	0
21	259
5	282
0	40
1	77
0	277
0	1
1	50
0	47
2	18
0	0
5	227
6	234
24	167
1	0
0	0
0	0
0	0
0	0
0	0
0	174
0	0
0	0
0	0
0	0
0	0
0	0
0	0
0	3
0	2
2	1
0	1
0	2
0	1
0	0
0	3
0	1
0	0
0	1
523	2071
0	717
0	1818
0	619
0	847
4	143
2	162
51	68
0	109
7	77
0	22
155	635
37	34
25	183
8	461
2	174
0	0
0	0
0	44
0	38
2	44
0	44
0	21
2	16
0	11
0	6
1	10
0	7
0	16
0	1
0	1
0	0
0	0
0	0
0	0
0	0
0	0
11	0
0	0
0	0
0	0
0	0
0	0
0	0
0	0
0	0
0	0
0	0
0	2
103	2
122	113
0	37
0	0
0	0
0	0
1	1
0	0
0	1
0	0
7	755
3	636
12	729
18	99
0	87
24	414
0	318
1	30
0	40
0	4
0	4
1	1
0	0
0	1
0	0
0	0
6	229
3	205
0	222
0	38
0	0
0	0
0	0
0	0
0	0
0	0
0	0
0	0
38	458
0	0
0	0
0	0
0	0
0	0
0	0
603	225
0	156
13	176
0	0
0	0
0	0
0	0
561	322
0	0
0	0
0	0
0	1
0	0
0	0
0	0
0	0
0	0
0	1
0	0
0	1
0	1
0	0
0	0
0	0
0	0
0	0
0	920
2	919
6	224
114	86
0	409
0	435
0	403
2	432
0	435
0	247
3	24
0	29
0	0
0	0
97	2007
33	1987
181	20
6	2
0	1
0	1
0	1
0	2
0	0
0	0
0	0
0	0
0	0
0	0
1	0
385	685
0	631
0	434
1	424
1	61
0	0
123	165
4	165
35	111
6	6
7	125
1	36
0	27
0	32
5	38
4	31
0	6
33	20
0	20
2	8
0	0
0	25
0	27
0	12
0	27
0	23
0	27
0	27
0	0
0	2
0	24
0	9
0	1
2	2
0	2
0	2
1	0
0	6
0	5
0	0
0	4
0	1
0	3
0	1
0	1
0	1
0	0
22	1248
0	1256
1	6
0	51
5	167
0	59
0	0
0	0
123	18584
281	2375
0	18797
0	10237
0	1883
18	5
94	0
0	0
0	0
245	7471
376	4291
0	3309
2	3117
0	2230
0	1715
25	1436
5	879
87	3059
9	643
5	348
0	0
0	0
913	262
0	91
2	115
4	56
191	1109
784	1208
14	716
0	240
0	0
0	0
21	427
78	427
0	62
0	0
0	0
0	0
0	0
195	113
0	134
1	68
2	43
1	185
1	174
0	170
0	17
8	12
1	16
1	103
1	7
13	5
0	7
0	9
12	0
3	1459
1	1383
5	1455
2	208
0	404
0	208
16	68
0	340
31	0
434	447
0	168
30	281
0	16
5	177
1	9
15	826
0	814
0	5
1	156
2	80
0	101
5	253
4	191
0	826
0	0
0	0
2	2
0	2
0	1
0	0
0	0
19	322
1	285
2	289
0	0
0	0
1	2649
0	2712
0	2715
0	2462
0	317
20	432
5	190
112	10491
3	10472
61	6178
2284	56
0	56
0	0
0	0
0	0
0	0
195	869
0	137
1	58
48	71
0	869
0	37
0	9
0	38
1	4
0	1
0	36
0	36
0	1
0	34
0	5
0	28
0	32
2	1
0	28
1	1
1	2
2	8
0	36
0	0
0	0
0	0
71	1718
0	512
0	341
0	4283
8	4160
0	3837
63	868
0	5989
5	291
14	145
11	340
2	537
9	1669
182	2303
4	2382
42	3003
2	4962
0	165
34	871
0	5901
0	0
0	0
0	0
0	2
0	1
0	3
0	0
0	0
0	0
143	72
2	63
15	10
561	155
6	121
0	98
3	101
3	11
0	11
0	1
0	0
0	0
198	33
0	33
0	14
7	1
0	0
0	0
0	1
0	0
0	11770
0	9694
0	117
0	325
4	297
5	1
0	18
0	267
0	125
0	156
0	4
0	104
1	44
72	1238
3	1238
10	62
9	223
4	58
0	820
0	887
0	672
5	34
0	22
0	3
0	1
0	1
0	3
44	824
0	0
0	0
0	0
2020	707
103	12
0	12
0	10
0	0
0	0
0	0
0	2
0	2
720	455
6	456
1	66
0	27
0	24
1	0
1	20
0	118
10	111
0	111
0	0
1	0
0	0
0	456
0	11
43	98
0	12
2	96
0	86
4	23
0	17
3	2
0	19
0	25
0	11
1	13
0	38
0	17
0	34
0	38
0	38
0	38
0	38
0	37
0	5
0	22
0	4
0	1
0	38
0	0
0	0
0	0
0	0
0	0
0	0
3	439
0	435
3	363
4	140
0	26
0	1
0	159
23	66
0	16
0	439
0	0
0	0
0	0
0	0
0	0
0	0
0	0
0	0
0	0
1	143
0	126
0	35
0	18
0	15
3	81
3	12
0	16
0	42
0	0
0	0
0	0
0	0
0	0
0	0
0	0
0	0
0	0
0	0
0	0
0	0
0	0
0	10
0	10
1	0
4	1091
214	1160
48	1083
1	209
1	329
0	147
4	118
83	7
0	64
0	883
0	0
0	21
5	21
0	1
0	0
0	7
0	1
0	6
0	7
0	0
0	6
0	0
0	0
0	0
0	0
16	2030
17	2097
110	2097
0	20
0	20
0	20
0	4
0	19
0	19
0	18
0	0
0	0
2	0
0	0
0	0
0	0
0	0
294	116
0	107
0	19
0	0
0	1
0	1
6	1
0	0
0	1165
2	1045
0	1165
0	0
0	1752
0	0
0	0
0	206
238	153
17	76
0	91
0	31
0	50
15	37
689	0
836	198
1	2
3	79
3	97
4	100
47	159
4	44
1	51
6	13
0	143
0	128
3	10
0	0
0	0
2	88
13	88
0	11
6	1
0	0
15	294
0	297
1	14
0	7
46	274
0	0
0	0
0	0
0	0
0	0
0	0
0	0
0	0
0	0
6	0
0	0
0	0
0	0
2	43
0	268
0	306
30	16
1	484
0	240
1	318
0	164
0	98
214	1261
44	1207
9	54
0	1
0	1
0	1
0	1
0	0
15	676
0	51
232	638
0	51
251	848
0	661
0	739
1	199
5	186
0	0
0	0
0	0
0	0
0	0
0	0
0	0
73	108
8	89
0	5
0	33
0	16
0	37
2	25
48	754
0	704
0	816
27	637
0	131
0	122
0	250
0	260
0	175
4	131
0	123
0	69
387	0
699	0
0	0
5	625
5	1583
4	101
18	1583
0	0
0	0
0	0
0	0
0	0
0	0
0	0
0	0
0	0
0	0
0	0
0	0
0	0
0	0
0	0
0	0
0	33
0	24
0	11
3	3
0	0
0	0
0	0
0	0
0	0
0	27
0	22
1	27
16	29
0	27
0	21
0	23
0	5
0	6
0	0
0	0
0	4
0	4
0	4
0	4
0	1
0	3
0	599
1	128
13	167
2	13
0	21
0	605
0	603
0	0
0	0
0	0
3	0
0	0
0	26
0	9
2	8
109	18
0	30
6	24
2	15
0	19
0	16
4	1
327	15
0	28
0	12
0	12
0	8
55	0
0	1544
0	1452
2	1480
0	1432
5	16
5	361
7	263
0	123
323	2652
6	2855
0	552
80	1993
0	2018
0	571
54	365
10	364
2	183
7	259
0	0
2	0
1	250
0	466
3	127
0	413
4	539
0	346
17	539
0	451
4	339
0	115
0	111
3	42
0	4
5	38
0	13
0	22
25	2
0	1
0	40
0	48
0	48
0	48
0	48
0	0
0	0
0	0
0	0
0	0
19	121
1	121
8	94
3	129
0	129
0	5
0	17
0	23
0	0
7	46
0	47
0	8
0	5
0	5
11	1
420	1159
23	669
1	606
1	276
0	0
0	0
0	2
0	2
2	2
0	0
0	0
0	0
0	2
0	0
0	0
0	0
0	0
0	0
0	0
0	0
2567	73
9	73
0	0
0	0
221	251
0	251
0	82
0	0
0	29
0	2
0	0
0	0
0	0
559	968
2	217
3	278
1	455
0	384
0	302
0	203
0	0
0	0
0	0
0	0
0	0
0	0
0	0
0	0
0	0
0	0
0	1155
4	1015
11	850
0	571
0	164
122	17
0	15
1	2
0	0
0	0
0	3
0	0
0	0
0	3
0	0
0	0
0	1
0	0
0	1
0	0
0	0
295	75
0	32
0	43
0	0
245	2
13	2
1	2036
2	2062
29	1981
0	2057
0	399
0	1964
0	123
0	2065
0	2008
61	9
0	118
0	485
0	909
16	406
0	134
7	216
843	658
66	190
0	259
1	129
3	214
8	291
2	43
233	212
16	144
0	59
1	68
4	47
7	21
0	3
0	3
0	1
0	0
0	0
0	0
0	0
0	1
0	1
0	1
0	1
2	48
0	2
27	137
0	115
0	26
0	22
0	18
1	33
1	50
2	137
0	145
0	8
0	15
0	8
0	25
0	26
0	145
0	135
7	832
0	833
1	96
3	19
1	197
12	198
1	17
260	660
0	468
22	0
0	1917
0	1879
0	784
3	233
0	782
0	93
1	175
0	1641
0	888
0	414
12	43
34	651
78	8
0	104
1	30
0	236
5	203
1	237
14	172
0	1909
0	0
0	0
0	0
0	0
0	0
0	1
0	1
0	0
0	0
0	0
0	0
0	0
0	0
0	0
0	0
0	0
0	2578
32	2636
1	30
19	1069
1	84
10	111
2	506
8	2582
0	120
1	372
3	235
0	332
0	302
0	128
0	0
0	0
0	0
508	1133
1	36
4	543
13	1082
6	588
30	13
2	60
35	5
14	1116
0	0
0	0
0	256
0	52
0	256
0	244
11	212
0	5
0	31
0	37
0	209
0	102
0	75
0	216
0	0
0	0
0	0
0	0
0	0
0	3
0	60
0	45
0	42
0	25
0	40
0	22
0	63
0	60
0	0
0	0
2	1
0	1
0	2
0	0
0	1
0	0
0	0
0	0
0	5
0	4
0	0
0	5
0	6
0	0
0	5
0	1
0	0
0	0
2	0
0	0
0	0
36	56
2	0
0	53
0	0
0	0
0	0
1	459
45	887
1	215
0	608
76	249
3	407
0	114
0	3
0	3
0	3
0	1
0	0
0	0
0	3
0	0
0	0
0	0
14	407
7	404
3	57
4	138
0	59
0	71
0	16
0	0
0	720
1	423
0	150
0	108
0	80
0	711
0	630
1	166
29	30
0	48
0	623
0	0
0	0
0	0
0	439
0	444
0	454
1	418
4	376
193	15
0	14
0	5
0	4
0	5
22	84
0	4
0	53
0	84
341	180
6	79
6	175
0	0
0	0
0	0
0	0
0	0
0	402
0	416
0	319
0	411
0	152
0	22
0	323
1	120
0	343
38	114
0	43
2	10
0	192
1	180
9	0
0	0
0	0
0	0
0	0
0	0
0	97
1	122
4	108
70	1
6	77
82	126
0	79
0	93
19	1
0	31
3	0
5	3
36	45
6	19
0	5
4	45
1	33
29	177
11	132
0	0
14	0
0	0
0	0
0	448
0	150
0	60
0	145
0	127
0	144
0	95
0	127
0	438
2	194
2	399
0	104
3	0
2	157
0	450
0	449
653	470
5	27
4	284
13	160
0	221
0	421
0	270
12	66
3	1
2	1576
0	1511
0	1568
8	1190
2	425
4	203
0	446
0	151
19	973
1	259
36	327
0	576
2	489
18	178
7	257
0	170
0	0
0	0
86	558
0	148
4	550
6	345
0	173
0	0
0	0
0	0
0	0
0	0
0	0
0	0
20958	0
0	3302
0	2806
72	306
0	647
9	2945
0	2807
0	2970
0	2322
9	260
94	0
58	167
0	1524
0	82
0	879
77	106
3	20
13	35
0	0
0	0
0	0
0	0
13	27
0	95
153	123
1	44
0	3
0	28
0	0
0	0
0	0
0	0
0	0
0	0
0	0
0	0
0	0
0	0
0	0
0	0
0	0
0	0
0	0
0	0
0	0
0	0
0	0
5	104
0	104
0	4
1	2
0	0
57	0
0	0
0	0
0	0
0	0
0	0
0	0
0	0
0	0
0	0
0	1
0	1
0	1
0	1
0	0
0	1
0	2
0	2
0	0
0	0
0	0
2	0
0	0
0	0
0	0
0	0
0	0
0	0
0	0
0	0
0	19
0	14
3	8
0	14
0	5
0	6
21	0
0	19
0	0
0	0
0	0
556	878
3	104
14	786
0	199
0	176
99	234
5	16
0	59
0	431
0	383
11	28
0	415
0	404
55	67
2	0
0	138
37	134
3	103
0	33
1	23
0	28
0	55
0	55
0	40
2	2
2	12
3	9
263	208
19	1348
16	1421
0	1447
67	1342
167	270
10	277
5	39
0	0
1	55
0	0
0	0
0	0
0	0
4	18
21	47
7	0
0	47
0	0
6	1
1	196
0	0
6	103
377	201
0	0
0	0
0	0
0	0
0	5
0	1048
0	5
0	291
0	384
0	1242
0	1515
0	1095
0	1537
0	1049
0	772
0	1520
0	1466
0	346
2	162
0	1046
1	145
3	762
0	294
0	196
0	125
0	146
0	145
0	255
0	169
2	157
32	370
1	75
4	154
0	97
2	274
2	90
0	54
2	15
0	274
379	0
0	0
0	0
5	0
49	612
55	546
0	159
1	169
6	7
1	91
0	0
0	151
0	42
0	117
0	114
0	79
0	109
0	46
4	37
0	149
58	308
1	11
1	308
0	1008
24	1037
0	293
20	202
0	16
4	108
4	566
151	2
0	0
15	203
11	1111
6	533
5	31
29	0
10	182
0	1111
4	0
0	18
21	4
9	14
6	1
0	62
5	725
2	194
0	319
8	725
1	228
5	213
0	340
0	204
41	283
0	348
0	181
0	0
0	0
0	0
0	0
0	0
0	0
27	16
0	0
0	0
0	0
0	0
0	0
0	0
0	0
14	3
0	3
0	0
0	0
0	0
0	0
0	261
300	1203
0	2311
1	26
4	249
21	2306
37	258
39	1827
349	1827
1	0
0	0
0	0
0	0
0	0
0	0
0	0
41	185
0	185
0	27
1	13
0	27
0	468
0	462
2	455
1	289
9	83
0	0
0	0
0	0
0	0
0	0
0	0
0	0
0	0
4	32
16	32
0	7
0	7
30	0
1	0
0	0
0	0
0	0
0	0
0	0
246	2358
5	979
0	2179
13	1015
6	328
0	61
0	96
0	57
0	32
0	101
7	0
2	0
0	0
0	0
0	0
0	0
0	0
0	0
0	0
0	0
0	0
0	4
0	4
0	4
0	0
0	2
0	2
0	2
519	298
47	28
18	65
3	205
256	87
0	0
0	0
0	0
1	87
0	0
0	0
0	0
0	0
0	0
0	0
137	60
0	60
8	2252
0	9178
1	9160
0	9178
150	0
51	3538
2	8973
2	4832
0	6048
8	9041
0	428
0	419
0	415
0	398
2	253
0	35
1	72
17	199
0	63
6	9
2	8
0	9
0	304
7	317
5	314
3	2
0	57
0	19
4	19
0	15
6	622
36	1111
15	1640
1	1347
0	1140
632	289
0	289
0	0
0	0
0	0
554	10205
85	10205
19	6
1181	0
57	1371
13	290
0	1009
143	76
3	254
48	362
0	1010
0	1357
0	109
11	88
0	19
0	74
119	224
0	22
0	15
0	11
1	42
0	15
0	44
0	45
1	117
0	2
0	13
0	0
0	0
0	0
0	0
412	0
0	0
561	11
39	11
436	714
6	533
0	167
0	152
0	97
0	125
0	114
0	81
0	56
1	67
0	88
0	67
0	0
0	0
0	0
0	0
0	2
0	0
0	2
0	0
0	0
0	0
0	0
0	0
0	0
0	4
5	4
0	0
0	0
0	16
7	16
0	4
0	3
113	0
0	0
0	0
0	0
0	0
92	72
0	54
0	69
0	21
12	22
0	22
0	58
25	1547
0	148
26	1547
0	0
0	0
0	0
1	527
0	544
1	528
0	84
1	418
1	0
2	544
1	0
0	0
0	0
0	0
0	0
0	0
0	147
0	264
1	246
22	66
1	106
0	54
0	162
1	0
0	0
0	0
0	1
0	1
0	0
0	0
0	0
0	0
0	0
216	722
8	1361
0	43
0	101
0	83
0	1320
0	1495
0	635
0	1447
19	540
0	1208
12	159
2	474
0	1490
0	0
0	0
0	0
435	0
41	1979
0	81
11	26
0	49
0	1158
0	218
0	96
13	33
2	992
11	612
0	152
0	2
0	2
556	442
4	25
0	195
0	271
9	864
0	680
19	335
1190	948
39	231
1	0
9	33
1	31
0	19
0	0
0	225
25	399
0	55
0	40
0	52
0	33
0	1
0	25
1	145
28	15
4	92
14	82
9	49
30	108
119	177
3	144
0	77
0	0
0	0
0	0
0	0
0	0
2	4
1	4
1	263
3	235
49	2
0	41
0	8
0	221
0	177
0	64
0	14
0	22
0	44
15	101
0	0
19	136
0	4
0	13
43	11
0	136
0	91
8	99
1	98
0	68
0	43
17	58
1	10
0	9
580	0
0	176
13	177
1	93
0	32
0	15
2	1169
0	1201
120	424
6	173
0	907
0	921
5	49
1	88
7	62
0	43
6	69
0	72
8	90
2	13
0	0
0	0
0	0
0	0
0	0
0	0
0	0
0	0
55	10
0	10
0	0
0	0
5	0
0	0
0	0
0	0
0	0
0	0
0	1846
179	75
3	1621
0	1637
2	587
14	50
0	1846
43	1034
12	1033
13	182
33	7
0	214
0	0
0	0
0	0
32	300
0	100
0	46
0	30
1	56
1	42
0	33
4	162
3	60
0	50
10	37
1	139
0	139
0	20
3	141
0	2
0	18
0	0
0	0
0	0
0	0
4	0
0	0
0	0
0	384
0	384
0	30
3	6
0	15
0	301
0	64
0	1
0	0
0	14
0	0
0	0
0	0
0	0
0	0
0	0
0	0
0	0
0	0
0	5
0	77
0	0
0	4
0	0
0	0
0	0
0	77
0	0
0	0
0	0
0	980
0	0
0	0
0	0
0	0
0	0
0	0
0	0
0	0
0	0
0	0
0	0
1	109
0	0
0	0
0	0
0	0
0	0
0	14
2	506
0	0
0	0
0	0
0	0
0	0
0	0
0	0
0	1
0	0
0	0
0	0
0	0
0	95
0	506
0	1231
0	205
0	13
0	30
0	28
0	7
0	0
0	0
0	0
0	39
88	0
0	0
1	0
0	0
0	0
0	655
0	501
0	266
0	348
0	0
0	0
0	0
0	11800
0	9724
0	0
0	0
0	0
0	0
0	0
0	0
0	0
0	0
0	520
3	0
0	0
0	14
0	0
0	0
0	1
84	0
0	120
0	163
0	470
0	10
523	0
0	0
105	0
0	65
0	0
0	0
76	134
7	134
0	174
0	173
0	0
0	0
0	0
0	0
0	0
0	0
0	0
0	0
0	0
0	0
0	0
0	0
0	0
0	0
0	0
0	0
0	0
0	0
0	0
0	0
0	0
0	0
0	0
0	0
0	0
0	0
0	0
0	0
0	0
0	0
0	0
0	0
0	0
0	0
0	0
0	0
0	0
0	0
0	0
0	0
0	0
0	0
0	0
0	0
0	0
0	0
0	0
0	0
0	0
0	0
0	0
0	0
0	0
0	0
0	0
0	0
0	0
0	0
0	0
0	0
0	0
0	0
0	0
0	0
0	0
0	0
0	0
0	0
0	0
0	0
0	0
0	0
0	0
0	0
0	0
0	0
0	0
0	0
0	0
0	0
0	0
0	0
0	0
0	0
0	0
0	0
0	0
0	0
0	0
0	0
0	0
0	0
0	0
0	0
0	0
0	0
0	0
0	0
0	0
0	0
0	0
0	0
0	0
0	0
0	0
0	0
0	0
0	0
0	0
0	0
0	0
0	0
0	0
0	0
0	0
0	0
0	0
0	0
0	0
0	0
0	0
0	0
0	0
0	0
0	0
0	0
0	0
0	0
0	0
0	0
0	0
0	0
0	0
0	0
0	0
0	0
0	0
0	0
0	0
0	0
0	0
0	0
0	0
0	0
0	0
0	0
0	0
0	0
0	0
0	0
0	0
0	0
0	0
0	0
0	0
0	0
0	0
0	0
0	0
0	0
0	0
0	0
0	0
0	0
0	0
0	0
0	0
0	0
0	0
0	0
0	0
0	0
0	0
0	0
0	0
0	0
0	0
0	0
0	0
0	0
0	0
0	0
0	0
0	0
0	0
0	0
0	0
0	0
0	0
0	0
0	0
0	0
0	0
0	0
0	0
0	0
0	0
0	0
0	0
0	0
0	0
43	4
1	4
0	1
0	1
0	2
0	2
0	1
0	0
0	0
0	0
0	0
0	4
0	4
0	4
0	0
1	7
8	30
0	24
0	4
1	1
3	4
3	0
2	1
0	2
1	11
0	9
0	0
0	0
1	0
0	0
0	0
0	0
0	2
1	2
1	4
0	4
0	0
0	0
0	0
0	0
0	0
0	0
0	0
0	0
0	0
0	0
0	0
0	0
0	0
0	0
0	0
0	0
0	0
0	0
0	0
0	0
2	0
58	37
0	37
0	75
2	61
15	202
131	209
2	3
0	3
1	2
0	2
2	1
1	33
0	19
2	22
1	0
2	0
0	0
0	14
0	0
0	0
4	0
0	0
9	0
0	0
4521	10123
0	0
15	0
5	0
0	0
1	0
0	0
0	0
2	0
0	5
0	0
1	0
0	0
0	0
0	0
0	16
0	0
0	0
85	403
0	0
0	0
0	0
0	0
0	0
5	5
0	0
0	0
0	0
1	0
0	0
0	0
7	31
0	0
7	0
0	0
0	0
0	0
0	0
269	2422
7	0
0	0
505	13882
0	0
0	0
2	0
3	0
0	0
0	0
0	0
0	11
0	0
0	0
0	0
0	0
0	0
0	0
0	0
0	0
456	216
1	0
0	0
0	0
3	0
0	0
0	0
0	0
2	2
0	0
0	0
3	1
0	2
0	0
0	0
0	74
0	2
1	0
0	0
1	0
11	4
12	0
0	0
0	0
0	0
0	0
1	2
0	0
0	0
1	0
242	486
1153	8170
3	0
0	0
0	0
39	32
16	0
0	0
0	0
0	0
1	4
0	0
0	0
4	2
0	2
0	0
0	1
5	0
0	0
0	0
0	0
0	0
0	0
0	0
211	19
0	19
0	162
0	148
0	0
0	0
0	0
0	0
0	0
0	0
1	1
0	1
0	0
0	0
0	0
0	0
0	0
0	0
0	0
0	0
17	41
31	92
36	86
0	28
5	64
0	64
0	26
2	0
4	4
1	0
2	0
0	26
0	0
16	0
0	0
0	0
0	3
0	0
0	0
0	0
0	0
1	0
0	0
0	0
0	0
0	0
0	0
0	0
0	0
4	0
0	0
0	0
0	0
0	0
0	0
0	0
0	0
0	0
0	0
0	0
4	317
0	123
0	172
0	0
0	0
0	0
0	0
0	0
0	0
0	0
0	0
0	0
0	0
0	0
0	0
0	0
222	1484
0	1209
0	0
1	456
1775	823
0	0
0	0
3	0
0	0
0	0
0	0
0	0
0	0
0	0
0	0
0	0
0	0
0	0
0	0
0	0
0	0
0	0
0	0
0	0
0	0
0	0
0	0
0	0
0	0
0	0
0	0
0	0
0	0
0	0
0	0
0	0
0	0
0	0
0	0
0	0
0	0
0	0
0	0
0	2
0	4
0	24
9	0
0	0
0	0
0	0
0	0
0	0
0	0
0	0
0	0
0	0
0	0
0	21
0	21
0	0
0	0
2	0
0	0
0	0
0	0
0	0
56	105
0	10
0	1
2	11
0	10
0	10
0	8
0	0
0	0
0	0
5	2
0	0
0	0
0	0
0	0
0	0
0	0
0	0
0	0
0	0
0	0
0	0
14	7
0	18
0	3
0	18
0	0
0	0
0	0
0	0
0	0
0	0
0	0
0	0
0	0
0	0
0	0
0	0
0	0
0	0
0	0
0	0
0	0
0	0
0	0
0	0
0	0
0	0
0	0
0	0
99	41
0	1
3	12
0	0
0	0
0	0
0	0
0	0
0	0
0	2
0	21
0	2
0	0
0	0
0	0
0	0
0	0
0	0
0	0
0	0
0	0
0	0
0	0
0	0
0	0
0	0
0	0
0	0
0	0
0	0
0	4
6	18
0	7
0	0
0	0
0	0
0	0
0	0
0	0
0	0
0	0
0	0
0	0
0	19
0	19
1	0
0	0
0	0
0	1
1	3
0	0
0	0
0	0
0	0
0	0
0	0
0	0
0	0
0	0
0	0
0	0
15	31
13	53
0	0
0	0
0	0
0	0
0	0
0	0
0	0
0	0
0	0
0	0
0	0
0	0
0	0
0	0
0	0
0	0
0	0
0	0
0	0
0	0
0	0
2	0
0	4
0	4
0	0
0	0
0	0
3	1
0	0
0	0
0	0
0	0
0	0
0	0
0	0
0	0
0	6
0	6
0	3
1	283
3	371
0	8
0	8
19	109
0	56
59	16
0	16
60	62
0	84
0	0
0	0
0	0
0	0
0	0
0	0
0	0
0	0
0	0
0	0
0	0
0	0
0	0
0	0
0	0
0	0
0	0
0	0
0	0
0	0
0	0
0	0
0	0
0	0
0	0
0	0
0	0
2	21
0	21
4	74
1	70
6	370
22	276
0	0
0	0
0	13
0	1
16	22
0	0
0	0
0	0
0	0
0	0
0	0
0	0
0	0
0	0
0	0
0	0
0	0
0	0
0	0
0	0
0	0
0	0
0	0
0	0
0	0
0	0
0	0
0	0
0	0
3	0
0	0
5	25
0	20
17	28
14	34
1	27
12	31
0	0
8	2
0	2
0	3
0	9
0	9
0	2
0	0
0	0
0	1
0	1
0	0
0	0
0	0
0	0
0	0
0	0
2	0
0	0
0	0
0	0
0	0
0	0
0	0
0	0
0	0
0	0
0	0
0	0
0	0
0	5
0	24
0	0
0	0
0	0
0	0
0	0
0	0
0	0
0	0
0	0
0	0
0	0
0	0
0	0
0	0
0	0
0	0
0	0
0	0
0	0
0	0
0	0
10	2
0	14
0	12
2	11
2	0
8	0
0	0
0	0
30	0
0	0
46	161
36	234
0	324
0	310
0	0
0	0
0	0
1	0
0	0
0	0
0	0
3	227
119	59
5	291
0	8
15	22
0	16
0	8
0	0
0	0
4	58
11	19
1	38
9	39
0	0
0	0
0	0
0	1
0	1
0	0
0	0
0	0
0	0
0	0
0	0
0	0
0	0
0	0
0	0
0	0
0	0
0	0
0	2
7	5
24	3
0	1
0	1
2	2
0	0
0	0
0	0
0	0
0	0
0	0
0	0
0	0
0	0
0	0
0	0
0	0
1	0
0	0
2	0
0	0
0	0
0	0
0	0
0	0
0	0
15	69
0	50
8	16
35	31
0	31
18	49
0	5
0	21
0	0
0	0
0	0
0	0
0	0
0	0
7	17
0	7
0	0
0	0
0	0
0	0
0	0
0	0
0	0
0	0
0	0
0	0
0	0
0	0
0	0
0	0
0	0
0	0
0	0
0	0
0	0
0	0
0	0
0	0
0	0
0	0
0	0
0	0
0	0
0	0
0	0
0	41
0	41
0	0
0	0
0	0
0	0
0	0
0	0
0	0
0	8
0	6
0	8
1	0
0	0
0	0
0	0
0	0
0	0
0	0
0	0
0	0
0	0
0	0
0	0
0	0
0	0
0	0
0	0
0	0
0	0
0	0
0	0
0	0
139	110
0	110
36	2
27	0
0	0
0	0
0	0
0	0
0	0
0	0
0	0
0	0
0	0
0	0
0	0
0	0
0	0
0	0
0	0
0	0
0	0
0	0
0	23
0	0
0	0
0	0
0	0
0	0
85	28
0	28
0	0
0	0
0	0
0	0
0	0
0	34
0	30
0	0
8	0
0	0
2	0
0	0
0	0
0	0
0	0
0	0
0	0
0	0
0	0
0	0
0	0
0	0
0	4
0	4
0	0
0	0
0	1
0	1
0	0
0	0
0	11
0	22
0	0
0	0
0	0
0	0
0	1
0	1
0	1
10	4
0	1
0	0
0	0
0	0
0	0
0	0
0	0
8	333
1	122
0	125
0	286
7	32
0	289
28	153
0	146
0	1
0	3
6	1
0	3
1	3
0	0
0	1
0	0
0	0
0	1
0	0
0	0
0	0
0	0
2	4
0	4
0	3
0	0
0	1
0	1
0	1
0	1
0	0
0	0
0	0
0	0
0	0
0	0
0	0
0	0
0	0
0	0
0	0
0	0
0	0
0	0
0	0
0	0
0	0
0	0
0	17
0	7
0	8
0	0
0	0
0	0
0	0
0	0
1	36
0	26
0	0
0	0
0	0
0	0
0	0
0	0
0	0
0	0
0	0
0	0
3	37
36	1299
0	0
0	0
0	0
3	0
0	0
1	332
15	2337
0	0
1	0
0	0
0	0
0	0
0	0
0	0
0	0
14	13
0	0
1	877
0	0
0	0
0	0
0	0
2	130
0	0
11	3655
2	0
0	0
2	0
1	16
0	1
0	0
0	0
0	0
0	19
0	140
0	33
0	0
0	0
0	0
5	1415
0	0
0	0
0	0
0	0
0	0
0	0
0	0
0	0
0	0
0	0
0	0
0	0
0	0
0	0
0	0
0	0
0	0
0	0
0	0
22	155
0	0
0	0
0	0
126	87
298	1659
6	65
0	0
4	0
0	0
0	478
0	0
0	12
0	0
0	0
0	0
2	0
4	0
11	0
0	0
0	0
0	0
0	0
3	48
6	175
0	0
0	0
0	0
4	0
10	282
0	0
0	0
3	0
0	1
0	0
0	178
0	0
0	0
0	0
0	0
0	248
0	0
0	0
10	16
0	0
0	0
0	68
7	1539
0	0
0	0
0	0
0	0
0	0
0	0
0	0
0	0
0	0
1	213
0	0
0	0
0	0
0	0
0	0
0	0
0	0
0	0
0	34
0	0
0	0
0	0
0	0
10	2394
0	198
0	0
0	0
1	0
0	1
0	0
0	149
62	425
0	0
0	165
0	2
0	0
0	0
0	0
0	0
0	0
0	0
0	0
0	11
0	0
216	2905
5	3008
0	112
0	0
0	0
3	10
0	0
0	0
0	0
0	0
0	0
0	0
0	0
0	10
3	0
0	0
4	4411
0	0
0	0
0	0
0	0
0	0
0	0
0	0
18	4501
0	0
0	0
8	739
2	672
0	0
0	0
0	21
0	6
0	0
0	0
0	0
0	0
0	0
0	0
0	47
0	12
0	0
0	0
229	8398
0	0
3	0
0	284
1	0
5	1027
0	0
0	0
29	0
0	0
0	322
0	0
0	0
0	0
0	0
0	0
2	8992
0	0
0	0
0	0
4	22
0	0
0	0
0	101
0	0
0	0
0	0
0	0
4	4
0	0
0	0
0	1
0	0
1	0
0	0
0	0
0	0
0	0
1	5666
0	0
0	0
0	0
0	0
0	0
4	0
0	0
102	948
1	66
0	3
0	0
0	0
2	5
0	0
0	0
0	0
0	0
129	67
0	0
0	0
0	0
0	488
0	0
3	0
132	927
0	0
0	0
0	0
0	0
0	0
0	0
0	0
1	385
0	0
0	0
0	0
242	7836
0	0
0	0
3	0
0	0
0	0
0	0
0	0
0	9
0	0
0	0
2	16
0	0
2	1839
0	14
0	0
1	0
0	551
1	34
0	0
0	0
1	0
0	0
0	0
4	4942
0	0
0	499
0	26
0	0
0	205
0	3379
0	0
0	255
0	0
0	0
1	23
5	0
0	0
0	0
0	0
0	0
0	0
0	0
4	0
0	0
0	2064
0	0
0	212
0	0
3	2494
0	0
2	339
0	0
0	0
9	0
0	0
9	513
0	0
0	2883
9	1128
1	0
0	0
0	0
0	74
2	0
0	49
0	0
0	0
0	4063
0	0
0	0
0	0
0	369
6	0
0	0
0	2
5	3
0	0
1	0
0	163
0	0
0	21
0	0
0	1
0	0
8	1544
5	10
0	0
0	0
0	18
3	155
0	0
0	0
0	0
14	4491
0	6
0	0
0	0
0	0
0	342
0	0
0	0
0	1
0	0
0	0
1	0
12	437
5	0
0	0
0	0
0	0
1	140
0	1
0	0
0	0
0	4
0	0
0	5025
0	0
0	0
6	208
0	744
0	2
0	0
0	0
1	3920
0	0
0	4
0	0
0	0
3	25
2	372
0	0
7	0
0	0
0	0
0	0
0	3
1	0
0	0
0	0
0	0
0	0
0	9
0	0
0	0
0	0
3	12
1	116
0	0
0	38
0	0
0	0
0	0
0	2
0	0
9	304
0	0
4	0
0	0
2	0
0	0
0	0
0	0
0	1
0	0
0	0
0	0
0	0
1	0
0	0
0	0
0	198
0	0
0	0
19	3959
0	0
0	0
0	0
0	0
0	0
0	2
0	0
0	0
0	0
1	0
0	0
0	0
0	0
0	0
2	21354
0	46
0	1315
0	0
5	138
0	0
2	9
0	0
3	16
0	3
0	6
0	0
0	0
0	0
0	0
0	0
0	0
0	0
0	0
0	0
0	0
0	0
0	0
0	0
0	0
0	0
0	0
10	4824
0	0
0	0
6	625
0	0
0	0
0	0
0	24
0	0
0	0
0	0
0	1
3	7308
0	25
0	0
0	0
0	0
0	0
29	261
1	597
0	0
0	0
0	0
0	0
0	0
0	0
0	0
0	0
0	136
0	0
0	0
0	0
0	0
0	0
0	0
5	0
2	1
0	0
0	0
0	0
0	0
0	0
0	1427
0	0
0	1
0	0
0	0
0	0
0	0
87	866
0	0
1	0
0	0
4	934
0	0
0	0
0	0
0	0
0	5
0	0
0	0
0	0
0	0
12	8364
0	0
0	225
5	2
0	0
2	2
0	2
57	262
0	0
0	0
0	0
0	0
0	0
0	0
0	0
0	0
0	0
2	0
3	0
1	31
0	0
1	0
1	4
28	3365
0	0
420	7131
0	0
0	0
0	0
0	0
838	4865
0	0
0	0
0	0
0	0
0	5
0	5
24	0
0	0
0	39
0	0
0	0
0	127
0	0
0	873
0	0
0	0
0	0
2	0
0	0
5	955
0	0
0	0
0	0
0	0
0	0
0	0
0	0
0	0
0	0
0	0
0	392
0	0
0	0
0	0
0	0
0	197
0	0
112	2210
231	7848
0	0
0	0
24	3509
0	0
0	0
0	25
1	40
0	0
0	0
0	0
0	0
0	0
0	8068
0	0
0	0
0	143
0	0
0	0
1	8
0	0
0	0
0	0
0	0
0	0
0	0
0	0
0	2
0	0
0	0
0	0
1	1090
1	0
0	0
0	0
0	0
2	1
0	0
0	0
0	0
1	1141
0	6
6	607
0	0
0	0
2	1
0	0
0	0
0	0
0	3
0	0
0	0
2	2
0	0
0	19
0	0
1	98
1	7
0	0
5	669
0	0
0	6
7	0
0	0
0	0
0	0
0	0
0	0
0	0
0	0
0	0
5	0
1	0
2	0
0	0
20	5591
0	0
0	0
7	0
0	0
0	0
1	545
0	0
0	0
0	20
0	0
1	457
0	0
0	0
0	0
0	0
0	0
0	0
2	142
0	0
0	0
0	0
0	0
0	0
0	43
42	260
0	0
0	0
0	40
0	0
2	895
1	276
0	0
2	0
3	26
0	46
0	0
0	0
0	0
0	1
1	0
0	0
0	0
0	0
0	0
0	0
0	0
0	0
0	0
0	0
0	7
0	0
79	2594
0	878
0	0
0	0
0	0
0	36
5	0
0	0
0	0
1	0
0	0
424	308
0	0
0	0
0	0
1	3
0	0
0	4
0	2
0	0
0	0
0	0
2	4844
2	714
1	0
0	0
0	84
0	0
4	632
0	0
0	0
6	0
0	0
0	0
0	0
0	0
0	0
0	0
39	4260
0	0
0	0
0	0
0	0
12	688
3	1869
32	982
0	0
0	0
0	0
0	8
0	0
2	3712
0	1
27	955
0	10
0	0
0	0
0	0
0	0
0	1
0	1
0	0
0	0
1	1
0	2
0	0
0	2
0	2086
0	0
0	0
0	0
0	0
0	6
0	0
14	1130
0	0
0	669
0	0
0	0
0	0
0	1
0	0
0	0
0	0
1	318
0	19
0	0
0	0
0	0
0	0
0	0
0	0
0	8012
1	0
62	463
0	0
2	670
0	0
13	10
0	0
0	468
0	0
0	67
0	0
0	11
0	10
0	0
2	0
2	5
0	33
0	0
7	238
0	0
0	0
0	0
1	0
0	0
0	123
0	0
0	0
0	0
0	246
0	0
0	2
0	0
0	0
4	298
0	7
0	0
0	1
1	0
0	0
0	0
0	0
0	0
0	0
0	0
0	1274
0	0
0	0
0	0
0	0
0	0
0	0
0	6961
0	0
0	0
0	0
0	0
0	0
0	0
0	780
1	5566
0	0
20	800
0	0
0	0
0	0
0	0
0	1
0	0
3	422
0	0
4	18
0	0
3	11
2	0
0	0
1	0
0	0
0	0
0	0
1	2
0	0
11	2736
1	37
0	0
2	49
0	0
0	0
0	0
0	0
0	0
0	0
0	2
0	0
102	147
0	0
0	8
0	0
0	0
0	0
0	0
0	0
0	6
0	32
0	0
0	0
1	85
0	0
0	0
0	13
0	1
8	1348
0	1
0	0
0	0
3	3327
0	0
0	0
6	80
0	0
0	0
0	0
0	0
0	0
0	0
1	0
0	1
0	0
0	0
0	0
0	0
1	48
0	0
0	0
0	0
0	0
0	1
2	2327
0	0
0	0
0	3
0	0
0	0
32	3385
6	0
9	1041
0	0
0	0
0	0
0	0
4	0
2	0
0	0
0	0
0	0
9	3
3	88
0	0
0	0
0	0
0	0
4	380
0	0
0	0
0	0
0	0
4	135
0	0
0	0
0	83
0	0
0	0
0	0
0	0
19	4266
0	0
0	0
2	827
0	0
0	0
0	1
13	28
2	0
2	0
0	0
0	0
1	3
1	0
0	0
0	0
0	0
0	0
3	45
0	0
0	16
9	20
0	0
0	3
0	0
2	37625
0	0
0	0
0	0
0	0
0	0
0	0
296	7920
0	0
0	0
2	0
0	0
1	286
0	1
12	2
0	0
0	0
0	1
0	15
0	0
0	0
0	16
0	0
0	82
0	1
2	0
4	1533
0	0
0	138
2	753
0	0
0	644
0	0
0	0
0	1
0	16
0	1874
0	0
0	0
0	0
0	11012
0	0
0	0
0	0
0	0
0	0
0	0
0	0
1	23
0	0
0	0
1	0
0	0
0	0
0	0
0	0
0	1
0	0
3	0
0	0
0	0
0	0
0	16
0	0
0	947
15	1756
0	0
18	8710
0	0
0	0
0	0
0	0
0	0
0	0
0	0
0	32
0	1274
0	10
0	0
1	52
0	44
0	0
0	0
0	0
31	356
0	2
0	0
0	58
0	4
0	0
0	0
1	0
0	0
17	2048
1	27
14	320
0	20
0	224
0	0
4	0
0	8132
0	1
8	4521
0	0
0	0
0	3
0	2
0	0
0	0
6	706
0	0
0	0
0	0
2	0
1	1
1	0
1	160
0	0
0	2
0	0
0	0
0	1
0	0
0	0
0	0
0	0
1	4
0	0
0	0
0	0
1	19
0	171
0	0
0	0
0	0
0	4
0	0
0	0
0	0
0	0
0	3
19	187
0	0
0	0
0	0
0	0
0	0
7	3107
7	0
7	0
0	0
0	11
4	2
7	579
0	1
0	2
0	0
5	198
10	3339
0	0
1	429
0	12
0	12
0	0
0	0
53	3781
0	0
0	0
0	29
0	142
0	1721
10	12
2	5691
4	10
0	0
0	0
325	4487
0	0
0	0
30	1
1	0
0	0
0	0
2	11
1	68
0	0
0	0
1	163
0	0
0	0
1	8
0	0
5	7
0	0
0	0
0	545
2	375
0	0
0	0
0	0
0	0
0	0
0	0
0	7
2	7
0	0
0	0
0	27
0	20
0	0
0	0
0	8
0	0
0	0
0	0
0	0
0	0
11	241
0	0
0	0
0	0
0	0
0	0
0	0
0	0
0	0
0	0
2	1
4	7
0	0
1	0
0	0
0	0
0	648
4	131
0	0
0	0
0	0
0	0
0	0
0	0
0	0
0	0
0	0
0	0
3	309
1	0
0	1
0	395
0	0
0	0
0	8
0	0
0	0
0	0
0	0
0	0
0	0
0	0
6	146
0	29
0	1
1	10266
0	0
8	13
0	0
0	0
0	0
1	0
0	0
0	0
534	1771
0	0
2	91
0	0
0	7
8	796
38	379
0	2
0	0
0	0
0	0
8	0
34	8325
0	0
0	0
0	0
0	8
0	0
0	0
0	0
0	0
0	0
0	0
0	0
0	0
0	0
0	0
0	0
1	1004
0	0
1	366
0	1
0	0
0	0
0	0
0	0
0	90
0	0
0	0
0	0
0	0
0	0
0	0
0	0
0	0
0	0
0	0
17	76
0	0
0	206
0	4097
0	0
0	0
0	0
0	0
0	0
0	0
0	0
0	0
0	0
0	0
0	0
0	0
4	5
0	0
0	0
0	0
0	0
0	0
0	0
0	0
0	0
0	0
0	0
0	0
0	0
0	0
0	0
0	0
0	28
0	0
0	161
5	0
0	0
0	0
0	0
0	0
0	0
0	0
0	0
0	0
5	353
0	147
0	0
0	0
6	5342
0	0
0	290
0	0
0	0
0	0
0	0
0	0
0	0
0	0
0	0
0	0
1	1
0	0
0	0
1	989
0	0
0	0
0	0
0	0
0	5
0	0
11	702
0	0
0	0
0	0
0	0
0	0
0	0
0	0
0	0
0	0
0	0
1	1
0	4
4	1
574	2330
0	0
0	0
0	0
0	0
0	0
0	0
0	0
0	0
0	0
0	0
3	636
0	0
0	3
0	0
0	0
15	8203
0	0
0	294
0	0
0	0
0	5
0	0
0	0
0	0
0	0
0	138
30	600
0	0
0	0
0	0
0	0
0	0
0	0
0	0
0	0
0	0
0	0
0	0
2	26
0	111
2	0
0	0
1	122
0	0
0	0
0	0
0	0
0	0
0	0
0	0
0	0
0	0
0	166
0	0
0	0
0	9
0	0
0	160
0	0
0	0
5	199
0	0
19	77
0	0
0	0
2	779
1	22
1	86
0	0
0	0
0	0
0	0
0	5
0	0
0	0
0	0
0	0
20	0
0	20
0	0
0	0
0	0
0	0
0	0
0	38
0	0
0	0
1	0
0	0
1	0
0	0
0	0
0	98
0	0
0	0
0	0
0	79
0	145
0	54
0	0
0	0
0	41
0	2
0	0
0	0
2	633
0	0
1	9
0	0
4	73
0	0
2	8
0	0
0	0
0	0
0	0
0	0
1	428
22	560
1	0
0	0
0	0
0	0
0	0
0	0
38	326
0	0
0	1
0	0
0	0
0	0
0	0
0	0
0	0
0	0
0	0
0	4
0	0
0	0
0	0
0	1
0	4368
0	0
7	29
0	30
0	0
0	205
0	0
0	0
0	0
0	0
0	0
0	0
16	12643
7	9
0	0
0	0
0	0
0	0
0	0
65	487
0	0
0	0
0	0
0	0
0	0
3	154
0	0
3	3557
0	0
0	0
0	0
0	3
0	0
0	0
5	199
0	0
0	0
0	0
1	1350
0	0
22	1173
0	0
0	0
0	0
18	51
0	0
2240	11246
0	29
0	0
0	0
0	0
0	0
0	0
3	1583
0	66
0	0
5	605
0	0
9	77
0	0
0	5
0	0
0	0
0	0
0	0
0	0
0	0
0	27
0	0
0	0
0	0
0	0
0	0
0	0
0	0
0	0
0	0
0	0
0	705
0	0
0	0
0	3
0	0
0	691
0	0
0	14
90	216
0	0
0	0
0	0
0	0
0	0
0	0
0	61
0	0
0	0
0	0
0	0
0	0
0	0
0	11124
0	0
0	0
0	0
0	0
0	406
0	0
0	0
0	0
0	0
0	182
0	0
0	1
0	0
0	0
0	0
0	8
0	0
1	0
0	2
0	0
0	0
0	0
0	0
0	0
0	0
0	0
0	0
0	2
0	0
0	0
0	0
0	0
0	0
0	0
0	2
0	0
0	0
5	184
0	0
0	10
16	1309
0	0
6	0
0	0
0	0
0	0
0	0
11	2677
0	0
0	0
3	0
0	0
0	3
0	0
0	0
0	3
0	0
0	0
0	0
0	0
0	0
2	438
3	12
0	0
0	0
0	0
0	123
0	0
1	0
0	0
0	0
0	0
0	0
0	1623
0	0
2	27
0	0
0	0
0	0
0	0
0	0
3	210
1	0
0	0
5	0
0	0
1	0
0	0
3	142
0	3
0	0
3	0
0	0
37	652
0	1
0	0
0	0
0	0
0	0
0	0
0	2515
0	0
0	0
0	0
0	0
2	2933
0	0
0	5
2	109
0	0
0	0
0	0
0	0
0	0
0	0
0	0
0	0
12	0
0	0
0	0
2	5
0	0
0	0
0	1
0	0
0	0
0	0
0	0
0	0
13	482
0	2
148	1519
0	0
8	131
0	0
7	496
0	0
0	0
0	0
0	6
0	0
0	111
0	0
0	0
0	0
0	0
0	0
0	86
0	0
57	329
0	0
0	0
1	11
0	0
0	0
0	139
1	0
0	0
36	472
0	0
0	0
0	0
0	3
0	0
0	0
0	0
0	0
0	0
0	0
0	0
0	0
0	0
0	0
2	53
0	0
0	11
3	290
1	250
5	534
0	0
0	0
0	0
0	0
0	0
0	0
0	0
0	0
0	0
0	0
0	0
0	0
0	0
19	7513
0	0
0	2
0	42
0	0
0	0
0	16
0	0
23	94
0	0
0	0
0	0
5	80
2	7
0	0
0	0
0	183
0	0
0	0
15	5721
0	0
0	0
0	0
0	0
0	0
0	0
0	0
0	0
0	0
0	0
0	0
0	0
0	0
0	0
0	0
0	0
1	0
0	0
15	7112
13	666
0	0
0	0
0	0
0	0
0	0
0	0
1	0
0	13
23	261
10	3774
1	6048
5	0
0	0
0	0
0	1
0	0
0	0
0	0
0	0
2	0
0	0
0	156
1	0
0	8
139	253
0	0
0	0
0	1
0	0
1	6672
0	0
0	0
0	0
0	0
0	0
0	0
0	0
0	0
3	0
0	0
0	121
0	0
0	6
0	0
0	0
0	18
0	0
0	0
0	0
0	0
0	2
0	0
0	0
0	0
0	0
0	0
0	0
0	0
0	1
0	0
204	526
2	692
5	34
0	14
0	0
0	0
0	0
0	0
0	1
11	234
0	0
86	1127
0	67
0	0
0	0
0	0
0	0
0	0
0	0
0	0
0	0
0	133
0	0
0	0
0	61
0	145
0	0
0	0
0	0
0	293
0	6
38	896
0	0
0	0
0	0
0	0
0	0
5	265
0	0
0	0
0	0
0	0
0	0
7	24
0	0
0	0
0	0
3	0
0	0
0	0
0	1
3	4308
0	29
0	207
0	0
0	0
0	0
0	0
0	0
5	0
0	1
0	0
0	0
0	7
0	0
0	0
0	0
0	1
0	46
0	0
0	0
0	0
0	0
0	40
0	1
0	0
1	0
0	0
0	0
0	40
0	0
0	19
0	20
1	2
0	0
0	1131
0	0
0	0
1	0
0	0
0	0
1	0
26	1461
0	0
0	0
0	0
0	0
11	8
0	0
0	30
0	0
0	0
0	0
0	0
0	0
0	1
0	0
0	0
0	0
0	13
0	0
1	184
0	0
2	25
0	0
0	0
507	22458
3	58
0	323
7	2
0	0
0	0
0	0
0	0
0	0
0	0
0	0
0	0
0	0
0	0
0	0
0	0
3	54
0	0
0	53
0	2
0	0
0	0
0	0
0	0
0	0
0	1
0	0
0	0
0	0
0	0
0	0
0	0
0	488
0	0
0	1
0	0
3	45
0	0
0	0
0	0
0	0
0	0
0	0
1	10
0	0
0	0
4	0
11	1
0	0
0	0
0	0
0	0
0	0
0	0
0	0
0	0
0	0
0	0
0	0
0	0
0	0
0	0
0	0
13	103
2	14
0	0
0	0
6	0
0	0
2	264
0	0
19	0
0	3
0	0
0	0
0	0
0	11
0	0
0	0
0	0
0	0
0	0
0	0
1	158
0	0
0	0
0	0
16	363
30	12
0	6
0	0
0	0
394	1378
0	0
0	0
3	1
0	0
2	0
0	0
0	0
0	0
0	0
894	4634
0	0
0	0
0	0
0	129
1	0
0	0
0	236
82	127
0	3
11	834
0	0
0	0
0	0
0	0
0	0
0	0
0	0
1	0
0	0
0	0
0	0
0	0
0	0
0	0
0	0
0	0
0	0
0	0
0	0
5	168
0	0
0	0
0	0
0	0
0	0
1	1
0	0
0	0
0	0
0	0
3	0
0	0
0	1
0	0
0	0
0	0
0	0
0	0
8	1075
0	54
0	0
0	58
0	0
0	0
0	0
5	1126
1	0
0	0
26	449
0	0
37	710
2	413
0	0
0	0
0	0
0	0
0	0
0	0
0	83
0	0
0	0
2	10
0	0
0	0
174	478
0	0
5	0
0	0
0	0
0	0
0	0
0	497
0	0
0	0
0	0
2	468
0	0
0	0
0	8393
0	0
0	0
0	0
0	0
0	0
0	7
0	663
0	0
0	0
0	0
0	0
0	0
0	0
0	0
0	0
0	0
0	0
0	0
0	0
0	0
14	535
0	0
0	0
0	0
0	0
0	0
0	0
0	2
0	0
0	0
1	1
0	724
0	0
0	0
0	22863
0	2
0	0
0	0
0	0
0	0
0	0
0	0
3	201
0	0
0	0
0	0
0	3252
0	0
0	0
1	512
0	0
0	0
0	0
0	0
0	0
0	0
1	0
0	0
0	0
0	17
0	0
0	0
0	0
0	0
0	0
0	0
0	0
0	0
0	0
3	5381
0	1
0	18
0	0
0	0
0	0
0	0
0	0
0	0
0	231
0	0
0	0
4	6024
0	0
0	0
0	0
0	0
0	51
0	0
0	2
6	0
0	1
0	2
0	0
0	0
0	0
6	1464
0	0
0	0
4	0
0	0
2	15
0	0
0	28
0	0
0	0
0	0
0	0
0	0
0	0
0	0
0	0
0	0
0	0
0	2
0	0
0	0
0	0
0	0
0	0
1	47
0	0
0	0
0	0
0	53
0	0
0	1
0	0
0	0
0	0
0	0
18	2
0	1180
5	3478
0	143
0	0
6	1379
0	0
0	0
0	0
135	1036
0	0
0	1201
0	0
0	0
0	0
0	0
0	0
0	0
0	0
0	0
0	0
0	0
1	537
0	0
0	0
20	411
0	0
0	11
0	0
0	0
0	554
0	0
0	276
0	0
0	0
0	0
0	0
11	824
0	4
0	0
0	0
0	0
0	0
4	115
0	0
0	10981
0	0
3	7954
0	25
18	85
0	0
5	175
0	0
0	0
0	26
0	0
0	0
0	0
0	0
0	0
0	0
0	3
0	0
0	0
8	2317
0	0
0	0
0	0
0	0
0	49
0	0
0	0
0	0
0	0
0	3
2	0
0	26
0	0
0	5480
11	2
0	0
0	0
0	0
3	610
18	0
3	252
0	0
0	111
0	0
0	358
0	0
0	0
3	877
0	0
0	1
0	0
2	169
0	0
3	0
0	0
0	32
7	2
0	0
0	0
0	0
0	0
0	0
0	0
0	1
0	0
0	0
3	523
0	0
0	0
13	169
0	0
0	0
0	2
1	6
0	0
0	0
0	1033
0	0
0	0
0	0
0	0
0	0
8	5418
0	1
0	0
0	0
0	0
0	0
0	0
0	0
0	0
0	0
0	0
0	0
3	41
0	0
0	0
0	0
0	0
84	15213
0	0
0	1
0	0
0	1
1	0
0	43
0	0
0	0
0	0
0	0
0	0
0	0
4	1362
0	0
0	1
0	82
11	1097
0	1
0	0
0	0
0	0
0	0
0	0
0	0
0	0
0	0
1	5
0	0
0	0
0	0
0	2
0	0
0	0
0	0
0	0
0	0
0	0
0	0
0	0
0	0
0	0
0	0
0	0
0	0
31	7472
0	0
0	0
0	0
2	2
0	0
0	0
0	3
0	0
0	0
0	0
0	0
6	400
1	111
0	0
0	0
0	0
0	17
0	0
0	0
0	0
0	0
0	0
0	0
0	0
0	0
10	3208
0	0
0	0
0	5
0	0
0	0
0	0
0	0
0	64
0	0
12	490
0	0
0	0
1	0
0	0
0	0
0	0
0	0
0	0
0	699
0	0
0	0
0	0
0	0
0	0
0	0
0	0
0	0
0	0
0	0
0	0
0	0
74	9
0	0
0	0
0	0
0	0
0	0
0	0
0	0
0	0
0	0
2	25
0	0
0	0
0	551
0	0
8	69
1	0
0	0
0	0
0	0
0	0
4	0
0	0
0	0
0	58
1	4
0	0
0	401
0	3008
0	0
0	0
0	24
0	0
13	8203
1	159
0	0
5	27991
0	0
0	0
0	0
0	0
0	0
0	1
4	39
0	0
20	2635
0	30
0	0
3	0
2	3
3	0
0	0
0	0
0	0
0	0
0	0
0	172
0	0
0	0
0	0
0	0
0	0
0	5
0	41
0	0
0	0
0	0
0	0
0	167
0	0
1	0
0	0
0	0
0	0
2	1
0	98
0	0
0	0
0	0
0	0
0	0
0	0
0	0
6	361
2	65
0	0
2	2
0	0
0	0
0	0
0	0
0	0
0	0
18	5994
0	0
1	350
0	0
0	1
0	0
0	0
2	1050
0	0
2	0
0	0
0	0
0	21
0	0
0	503
0	0
0	0
11	63
0	0
0	1
0	0
0	0
0	0
288	8119
0	0
0	0
0	0
1	0
25	1506
0	0
0	0
0	0
0	0
0	0
0	0
0	0
0	0
0	0
0	0
3	0
0	0
0	0
0	0
0	0
0	0
0	0
0	0
0	0
0	3
0	1
0	0
0	0
0	0
0	0
1	0
0	0
0	0
0	0
0	0
0	0
0	464
0	0
0	0
0	8
0	5
0	0
7	5297
0	0
0	629
0	0
0	0
0	0
0	0
0	0
0	0
0	0
0	0
0	0
0	312
0	0
0	6
0	0
0	0
0	0
7	2546
0	0
0	0
2	0
0	266
0	0
0	0
0	0
11	0
0	0
0	0
0	0
0	1
0	0
0	0
0	0
0	0
0	0
0	0
0	0
0	0
0	0
0	0
0	0
0	0
0	0
1	35
0	0
0	3
2	0
0	0
0	0
1	0
0	2
0	0
0	0
0	0
0	0
0	0
0	0
0	0
0	0
0	0
0	0
65	2986
1	881
0	0
0	384
185	991
0	0
0	0
0	0
0	0
0	0
12	0
0	2
0	400
16	0
1	0
49	822
0	0
0	0
0	0
0	0
0	0
0	0
0	0
0	0
0	0
0	0
0	27
0	0
0	0
0	34
0	0
0	0
0	0
0	19
21	127
0	0
0	0
0	0
0	0
0	1
0	0
0	1
0	0
0	0
0	0
0	0
0	2
1	0
0	0
1	462
0	0
0	0
0	0
5	1564
0	0
0	0
0	0
0	144
0	0
0	16
0	0
0	0
0	0
0	0
0	0
11	1198
0	0
0	0
0	14
14	10
3	2
8	719
0	0
0	2
0	0
0	0
0	0
7	3
0	0
0	0
0	0
49	13
0	0
0	0
0	0
0	0
0	0
18	2828
0	0
5	1189
3	143
0	1
0	0
0	0
3	984
0	0
0	0
0	6
0	0
7	7538
0	0
0	0
0	0
0	0
0	0
0	0
0	0
0	0
3	457
3	812
0	0
0	0
0	0
0	0
1	0
0	0
0	0
0	0
0	0
0	29
0	0
0	31
22	0
12	27780
0	0
1	7
0	0
83	1359
0	0
0	0
0	172
0	462
1	153
0	0
0	0
0	0
0	0
2	0
0	0
0	0
0	0
11	1331
1	3
0	0
0	97
0	0
0	1
0	0
0	0
0	1
0	0
0	0
0	2
0	0
0	9
0	0
0	9
0	0
0	711
0	0
2	1
0	0
1	10
0	0
0	0
5	7
0	2
0	44
0	0
0	0
0	0
0	0
2	146
29	111
0	0
0	0
0	0
0	10
0	0
81	5849
9	1
0	0
0	0
0	0
0	0
0	0
0	0
0	0
0	0
0	0
0	0
0	2
1	0
0	0
4006	12329
0	0
0	0
0	0
0	0
0	0
2	1
1	17
0	0
0	0
0	2
0	0
0	1
0	0
0	169
0	0
0	0
0	155
0	0
0	0
0	0
0	0
0	0
0	16
0	0
0	0
0	0
0	0
0	0
0	0
0	0
13	4651
0	0
0	0
0	0
0	0
0	0
3	515
0	0
0	0
0	1108
0	0
0	0
0	0
0	0
0	0
0	0
58	162
0	0
0	0
0	0
0	82
0	1
0	0
0	1
2	0
0	2
0	0
0	0
0	0
5	0
28	5695
0	0
0	0
0	5
0	0
0	0
0	0
0	0
0	0
0	0
5	2
4	0
0	0
0	0
0	0
0	53
0	0
0	794
0	0
0	1
0	0
0	0
0	0
0	0
0	148
0	2
0	15
17	0
0	0
0	0
0	0
0	0
0	0
0	0
0	0
0	0
0	0
0	0
0	0
1	0
1	0
0	711
5	11
0	0
0	0
0	0
0	7
0	0
1	0
0	0
8	52
1	0
0	0
0	0
0	1
0	0
0	0
0	0
0	0
0	0
0	0
0	5
0	0
0	0
0	0
0	0
0	0
0	5
0	0
0	0
0	0
0	0
0	0
0	5
0	45
0	3668
8	0
0	0
0	2
0	0
0	0
2	39
0	0
0	0
0	5
0	0
0	0
0	0
0	0
0	0
0	0
0	6
0	0
1	1132
0	0
0	0
0	0
0	0
0	0
0	0
0	0
0	0
0	0
0	0
0	0
0	0
0	0
0	0
0	0
0	0
0	0
0	68
0	0
0	80
0	0
0	0
0	0
0	0
0	0
0	0
0	0
0	0
0	0
0	0
0	0
0	0
0	0
0	0
0	0
0	0
0	0
0	0
0	0
0	0
2	27
19	32
0	0
0	0
0	29
0	2360
0	0
0	0
0	0
0	38
0	0
0	0
0	0
0	0
0	330
0	0
0	0
0	0
15	0
0	0
0	0
0	0
0	0
0	0
0	0
0	0
0	0
0	0
0	0
47	1546
0	0
0	0
0	6966
0	71
0	0
0	0
0	0
0	0
0	0
0	4
0	1125
0	0
0	5
0	0
0	0
0	0
0	0
0	37
29	28
0	0
0	0
0	0
28	5281
0	89
0	0
1	160
0	0
0	0
1	0
0	0
0	11
0	0
0	0
0	0
0	0
0	5197
0	0
0	0
10	0
0	0
0	0
0	0
6	247
0	0
1	0
0	0
0	0
0	0
0	0
0	0
0	0
0	0
0	0
0	0
21	74
0	0
22	253
0	2051
0	0
0	53
0	0
0	0
0	0
0	0
0	0
0	0
0	0
0	0
0	0
0	0
0	0
0	0
0	9
0	0
5	0
0	0
24	0
0	0
0	0
0	0
0	0
0	0
3	9451
0	0
1	1283
76	764
0	1286
0	0
0	0
0	57
0	0
1	3521
0	0
0	0
0	0
5	159
0	9
0	0
0	0
0	0
0	0
0	0
0	0
0	9
0	0
0	0
0	0
0	0
0	0
0	0
0	6
0	0
0	0
0	0
0	0
0	0
0	11
2	0
0	0
0	0
0	0
0	74
3	0
0	0
0	0
0	0
0	0
0	0
0	0
0	0
0	0
0	0
12	0
0	0
0	0
0	0
0	0
0	13
0	0
0	0
0	0
1	19
3	1073
0	0
0	0
0	0
0	0
0	16
0	0
206	244
0	0
18	1
0	0
0	0
0	0
0	0
0	0
1	0
0	0
0	0
0	7
0	0
0	527
0	0
0	0
0	0
0	0
6	0
0	0
0	0
0	0
0	0
0	8
1	716
0	0
0	155
0	0
3	17
0	0
0	0
0	0
0	1
0	0
0	0
4	2
0	0
0	0
0	0
0	0
0	0
0	98
0	230
0	1
0	0
0	0
0	0
0	0
0	0
0	0
0	0
0	0
0	235
0	0
0	0
2	1
0	0
1	38
1	1
0	0
2	29
10	0
0	0
0	0
0	0
0	425
0	0
17	1206
0	0
0	0
0	0
0	0
0	0
0	0
12	21
0	0
0	0
0	0
0	0
0	0
0	0
0	0
0	0
0	0
0	412
0	0
1	0
0	0
0	0
0	0
0	1
0	0
0	0
0	0
0	0
0	0
7	318
0	0
132	285
4	0
0	0
2	557
0	0
0	0
1	0
0	0
0	0
0	0
0	0
0	0
0	0
0	0
5	0
1	1313
1	0
0	4
1	237
0	0
0	0
0	0
0	0
0	0
0	0
0	0
1	0
0	0
0	0
23	1493
0	0
0	0
0	1
0	0
0	0
4	0
0	0
0	0
0	0
23	0
22	1900
0	281
0	0
0	0
0	0
26	23073
0	0
0	0
0	0
0	0
0	0
0	0
0	9582
0	0
0	0
0	1
0	0
3	0
0	0
0	0
0	0
0	7
0	87
0	0
2	14
0	0
7	2380
1	3
0	0
0	0
0	0
0	0
0	0
0	7
0	0
0	0
2	3
39	207
0	0
0	0
0	0
13	6895
20	1505
3	0
0	0
0	0
0	0
0	0
0	0
0	0
0	0
0	2
0	3
0	0
0	0
13	924
0	0
0	0
0	0
0	0
0	0
1	2006
0	0
0	0
0	0
0	44
0	9
2	1733
0	0
0	0
0	9
0	0
0	0
0	14
0	0
0	0
0	0
0	3
0	0
0	0
0	0
2	0
0	0
0	717
2	191
0	0
0	0
0	0
0	0
0	0
0	824
0	0
0	0
0	0
0	0
0	0
0	10474
0	0
0	0
0	0
1	7151
0	5
0	0
0	0
20	414
0	0
0	0
0	0
7	497
7	5
0	140
0	0
14	237
0	0
6	4741
1	0
0	0
0	0
0	0
1	0
0	0
0	0
0	1
0	0
0	9
0	0
0	0
0	0
0	283
0	0
0	1
0	0
0	0
18	1
21	0
0	0
0	0
0	0
0	0
0	0
0	0
1	0
0	0
16	0
0	0
5	0
1	168
0	0
0	0
0	2
0	0
0	0
2	867
0	0
0	146
0	0
0	0
0	0
0	0
0	0
0	0
0	0
41	11128
0	0
0	4392
0	0
0	0
0	0
0	0
2	0
0	3455
0	0
0	0
0	40
0	0
0	71
9	551
0	0
21	9461
0	0
0	0
0	0
0	13
0	0
0	0
0	0
0	0
0	0
0	0
0	0
0	0
4	449
0	0
0	0
0	27
0	6
1	14
6	3160
0	0
0	0
0	2
0	0
0	0
0	0
0	0
0	0
0	0
0	0
18	0
0	0
0	0
0	0
0	0
0	7
0	0
0	0
0	141
0	0
0	0
0	0
0	476
0	0
0	7
0	1
0	0
0	103
0	0
0	0
1	0
25	337
0	0
0	0
0	0
0	0
1	1
2	0
0	0
3	317
0	0
0	2
1	0
0	0
4	563
0	0
0	0
0	0
0	0
0	0
0	0
0	0
0	0
0	0
0	0
3	302
0	0
1	7
0	0
0	0
0	1920
3	6410
8	10536
14	1199
0	2
1	19
0	0
0	0
1	141
1	0
0	0
0	0
0	2
2	2
1	1
0	0
13	39
0	0
0	0
0	4
3	0
3	5
0	0
0	0
0	0
0	0
6	0
0	0
0	12439
10	1690
0	0
0	0
7	989
0	0
0	0
0	2092
0	0
0	19
0	2108
114	483
0	0
0	0
0	0
0	0
0	0
0	0
4	66
0	0
5	3685
0	0
1	19227
0	9
0	359
0	0
0	0
0	0
0	0
107	107
0	0
0	0
20	107
0	0
0	0
0	0
0	1
0	0
0	0
0	0
0	0
1	24
0	0
0	0
0	144
0	0
0	0
0	0
0	0
0	449
0	0
0	0
0	0
0	79
0	0
0	0
26	1
0	0
0	0
0	0
0	4
0	0
4	7
0	0
0	0
0	0
0	0
0	1
0	0
0	242
0	4
0	0
8	1318
0	0
0	0
0	0
0	0
0	0
0	0
0	0
2	7971
0	0
0	0
0	0
3	129
20	38
0	0
0	0
3	249
0	0
5	378
1	1
9	73
0	0
0	0
0	0
4	6391
0	0
0	0
2	1079
6	0
6	0
0	29
6	7881
0	0
0	0
0	0
0	11
0	0
0	0
0	0
0	0
0	0
0	0
9	4642
0	0
0	0
0	0
0	0
1	2
2	0
22	720
133	206
0	0
0	0
0	0
0	0
17	1094
0	0
0	0
0	0
1	1390
0	0
0	0
1	1
0	0
0	0
1	0
0	87
0	0
2	0
0	0
0	0
0	0
0	0
0	0
0	0
1	0
0	31355
0	0
0	0
0	0
0	261
0	0
0	0
0	0
0	0
0	0
26	538
1	163
0	0
0	0
0	0
0	11
1	2
0	0
1	0
0	2
0	0
0	63
0	59
0	0
0	138
0	0
0	0
0	0
0	0
0	0
0	89
0	1
0	0
0	0
0	1
0	0
0	0
0	0
0	0
0	0
0	0
0	0
0	0
0	0
0	0
0	72
0	0
1	2239
0	0
0	0
0	0
17	3621
0	0
0	0
0	0
0	0
0	0
1	0
3	140
16	38
0	0
0	0
0	0
3	3003
0	0
0	0
0	0
0	37
0	0
0	0
0	0
0	0
15	402
0	0
0	0
0	0
0	338
0	5
0	0
0	0
1	2194
0	0
2	0
0	0
0	0
0	0
0	0
0	22
0	0
0	60
0	0
0	0
0	13
0	0
0	0
0	0
0	115
0	0
0	0
3	0
1	0
0	0
0	2
0	0
0	0
3	63
0	54
0	0
0	0
0	0
0	951
0	0
0	0
0	0
0	1
0	0
0	0
0	0
0	0
0	2
0	4
0	14769
0	1787
0	0
0	0
0	622
2	0
46	4067
0	0
0	0
0	0
0	0
1	1949
0	0
0	2
0	9
0	0
0	14
0	0
0	0
0	0
0	0
0	0
0	0
0	0
0	0
0	0
0	0
0	5
0	300
6	2247
0	0
0	0
0	0
0	0
0	0
0	0
0	0
0	0
21	0
5	1387
0	0
0	0
0	0
0	1
0	0
0	0
0	0
0	0
0	5
25	0
7	3921
0	0
0	0
0	0
0	0
0	0
8	85
0	0
0	0
0	0
0	0
0	0
0	0
0	0
0	0
0	0
0	0
1	0
0	0
0	41
12	6781
0	0
0	0
2	297
13	9646
0	0
0	0
0	0
1	0
2	0
1	0
0	0
3	96
0	1
0	0
0	0
1	2
42	0
0	0
0	0
0	0
0	0
1	0
0	0
0	0
0	0
8	2945
0	1
0	3
0	0
3	5
0	0
0	0
0	0
0	0
18	27833
0	0
0	0
0	3
0	0
0	0
0	0
0	0
0	0
0	3
0	3
0	0
0	0
0	0
0	0
0	0
0	0
0	0
0	0
0	0
0	0
0	0
0	176
0	0
0	0
0	0
0	0
1	0
0	0
10	39
0	815
12	60
0	0
0	0
0	40
0	0
0	0
0	0
3	0
3	0
0	0
0	0
0	0
0	6
15	222
0	0
0	0
0	0
0	0
0	0
0	0
0	1
0	0
0	0
0	18
1	2514
0	0
4	25
0	0
0	0
0	0
0	0
0	0
0	0
0	0
0	0
0	7
0	0
0	335
0	0
0	0
0	0
2	1
0	1
0	0
0	0
0	7968
0	0
0	0
5	19
0	2
0	0
0	0
7	429
6	12
1	0
0	0
2	343
0	0
1	0
0	1432
0	0
0	0
0	0
0	0
0	0
10	2166
0	0
0	0
0	0
0	0
0	0
0	0
0	0
0	2
0	0
0	0
0	0
0	0
0	9
0	0
1	0
0	0
0	0
0	0
2	51
0	0
1	120
0	169
0	31
0	0
0	0
0	297
2	0
0	0
0	0
0	0
0	2
0	0
2	0
0	0
0	0
0	5178
0	0
0	9
0	0
0	0
0	0
0	0
0	0
1	0
0	0
2	302
0	0
0	0
0	0
1	0
0	0
0	0
0	0
0	0
66	67
4	12
0	872
0	0
1	578
0	0
0	0
11	27
0	0
18	266
0	99
0	0
0	165
0	0
0	1
2	741
0	0
0	0
0	0
0	0
0	0
0	0
0	72
0	0
0	557
0	0
0	0
2	106
0	2
0	0
29	25
0	0
0	0
0	7679
0	2
1	0
0	0
1225	5044
1	92
32	5173
1	403
2	443
0	15
0	0
0	2363
0	0
0	0
0	0
0	0
0	0
33	19
0	0
0	0
0	0
11	27
4	0
17	16
0	0
0	2
0	0
0	0
3	20
0	0
5	257
0	0
1	200
0	66
0	4
0	0
0	62
0	0
0	0
0	0
0	107
1	108
0	3
19	2517
0	0
0	0
0	37
0	0
0	0
0	0
0	0
0	0
0	0
0	0
0	276
0	0
0	431
0	0
0	0
0	0
0	0
0	0
0	2
0	4
0	0
7	1799
19	1482
0	4
1	0
0	0
1	17
0	0
0	0
10	0
0	0
0	0
0	0
0	0
0	0
0	0
0	0
0	6
8	3
0	0
0	210
9	680
1	829
0	0
0	0
0	0
6	66
0	0
0	0
0	0
0	0
0	0
0	0
0	0
0	0
0	18
33	37
0	0
0	0
0	0
389	2608
0	0
0	0
0	0
0	0
0	0
0	0
0	14
0	0
0	0
0	0
0	0
0	0
0	0
0	0
0	0
0	0
0	0
0	0
0	0
0	0
0	0
0	1
1	0
1	14
0	0
0	0
0	68
0	0
59	1765
0	0
0	0
0	0
0	0
0	0
0	0
0	0
0	17
0	1
9	913
0	0
0	0
0	138
0	29
0	0
0	0
0	0
0	0
0	2
0	0
0	0
0	0
0	0
0	0
0	0
3	655
3	267
0	0
0	0
0	0
0	0
0	309
42	77
0	101
0	0
11	2413
0	571
0	471
0	0
0	0
0	0
0	0
0	0
0	2
0	1
0	0
0	0
0	4
0	0
0	0
42	1017
0	0
0	0
3	9
0	0
0	0
0	0
3	4458
0	0
0	0
38	5061
1	0
0	0
0	62
1	7
0	0
0	0
0	0
0	0
0	0
0	0
0	0
0	3
0	0
0	6
0	0
0	0
0	0
1	85
0	0
0	2
3	2229
0	0
0	0
0	0
0	0
14	19
0	0
0	0
0	0
0	0
0	4
0	0
0	0
0	0
0	0
0	0
0	0
0	0
0	0
0	0
0	0
0	0
0	0
0	0
0	11
0	0
0	0
0	0
0	1
0	0
0	0
0	0
0	0
0	56
0	39
0	8
0	0
81	198
0	1
0	29
0	0
0	0
0	150
0	0
14	4
0	0
23	571
25	2693
2	54
0	1
0	0
0	0
0	0
0	0
0	2327
0	105
0	0
0	0
65	848
0	51
0	0
0	6
0	0
0	0
0	0
0	0
0	0
9	113
0	0
0	0
0	0
0	0
0	0
0	0
0	0
0	0
3	235
0	0
0	0
1	262
0	0
0	0
0	0
0	0
0	0
2	0
0	0
0	0
0	0
22	340
1	230
0	13
34	122
0	325
11	324
0	0
0	0
0	0
0	0
0	0
0	0
0	0
0	0
14	3
6	0
0	0
0	0
1	448
0	2
109	2032
2	2
0	0
0	0
0	0
0	0
0	0
0	0
0	1
0	0
0	0
0	0
1	15
1	0
4	59
0	0
0	0
0	0
2	3248
5	25
0	0
0	0
0	0
0	0
0	0
0	0
0	0
0	0
5	296
0	0
0	1
0	0
1	12
0	0
0	0
0	0
1	9
5	1
0	0
0	0
0	0
0	0
0	239
0	0
0	0
0	0
0	0
24	825
1	2641
0	0
0	0
0	0
0	0
0	0
0	0
11	0
0	0
2	0
0	0
0	0
0	0
0	0
0	0
2	15
668	6117
4	0
0	0
0	0
1	10
0	0
0	0
0	0
0	0
15	8795
4	543
10	0
2	24
7	3154
0	0
0	0
0	1
0	0
0	0
0	0
4	0
8	212
0	0
0	0
0	0
0	0
0	0
0	5530
3	41
0	0
0	255
0	0
0	0
0	0
0	0
0	0
0	0
1	257
0	0
0	0
0	0
0	0
0	0
0	0
0	0
5	16
0	0
0	0
0	0
0	0
0	0
0	0
0	0
0	1
0	197
0	0
0	0
0	0
1	0
0	0
0	0
0	0
0	0
0	0
0	0
1	1090
1	259
1	0
0	0
5	1879
0	0
0	0
0	0
0	0
0	0
0	0
0	0
0	0
0	0
0	0
0	2
0	0
0	0
0	0
0	0
0	0
1	3
0	180
0	0
1	1016
0	0
0	0
0	1
0	0
0	0
0	0
1	39
0	0
0	0
0	0
0	329
0	0
0	0
1	2
6	8520
0	0
0	0
4	1
0	0
0	0
0	0
3	0
0	0
0	0
0	0
0	0
0	0
0	0
0	0
0	0
17	786
0	0
16	287
0	0
2	0
0	2
2	1439
0	0
4	119
1	1
0	0
0	0
0	0
0	0
0	0
2	0
0	13
0	0
0	0
0	0
0	868
0	0
5	15
0	0
0	0
0	0
0	0
0	0
0	0
0	0
0	0
0	0
0	0
0	1
21	278
0	5
43	184
2	680
0	0
0	0
0	0
0	0
0	4
0	0
0	0
0	0
1	9
0	0
91	726
2	4010
0	4
0	0
0	0
0	1533
0	0
0	0
0	0
1	82
0	0
0	0
0	0
0	307
0	0
0	0
0	0
0	0
1	0
0	0
18	0
0	0
0	0
0	4
0	20
0	0
0	0
0	0
0	0
0	0
0	0
612	4784
0	3
0	0
5	2932
0	0
1	8
0	0
0	0
0	0
0	0
0	0
0	0
0	0
0	36
154	4918
0	0
0	0
0	0
0	5
0	0
0	1
0	0
0	0
0	0
0	0
13	103
0	2
0	0
0	0
0	1
14	1265
0	0
0	0
0	0
0	0
16	1233
0	0
0	0
0	0
0	0
13	2959
0	0
0	8645
2330	5029
0	0
0	0
0	0
0	0
0	0
0	0
21	48
0	0
1	0
0	0
0	0
0	0
0	0
44	950
0	0
0	0
0	0
1	8
1	4
0	0
0	0
0	307
0	0
0	0
0	0
0	0
0	0
0	0
0	0
4	350
0	90
0	0
0	0
0	0
17	10465
0	0
0	5
0	0
0	47
0	0
3	871
0	0
0	0
0	0
0	0
0	1
17	65
0	1
0	1533
2	712
0	10
0	0
0	765
0	1
0	0
1	91
1	0
0	765
0	0
0	0
0	0
0	0
0	0
0	0
0	1
1	46
0	0
10	0
0	0
0	0
0	0
0	0
0	0
8	5920
0	0
0	0
0	0
0	0
0	0
0	0
0	0
0	0
0	0
0	0
1	0
0	43
0	0
0	0
0	0
0	0
0	0
0	0
0	9
0	2
0	0
0	130
0	0
0	0
0	0
5	306
0	0
0	0
0	0
0	0
43	466
0	3
6	292
0	276
4	205
0	1
0	0
0	0
0	0
0	0
0	2
0	0
0	0
0	3
0	0
0	1109
0	0
0	0
0	0
0	0
0	0
0	135
0	0
0	0
0	0
0	0
0	0
0	0
0	0
0	0
0	0
0	0
1	160
0	547
0	0
0	0
0	0
0	0
0	0
0	0
0	0
0	6
0	0
0	84
0	0
0	0
0	0
0	0
0	0
2	415
28	660
4	1234
0	1
0	0
0	28
0	3
0	0
0	0
0	0
0	0
0	0
0	0
0	0
0	10
0	0
0	0
0	0
2	2895
9	148
0	0
0	0
0	0
0	442
0	0
0	0
4	658
0	0
0	0
0	5
0	0
0	0
85	504
3	0
0	0
7	2477
0	0
1	6
0	0
0	0
0	0
0	0
0	2
0	0
0	30
0	0
0	0
1	68
2	53
0	1
0	0
0	483
1	166
0	0
0	0
0	1
0	0
0	0
0	0
0	0
0	0
0	0
0	0
0	0
2	191
0	0
0	3
0	0
0	0
0	0
0	0
0	0
0	0
7	70
0	0
0	107
0	0
0	0
0	0
38	10757
0	0
0	263
0	0
7	23
0	0
0	4
1	0
0	3
0	0
0	0
0	1
0	0
0	0
0	0
0	0
50	904
0	0
0	8
0	2437
0	17
0	0
0	2
0	0
0	47
0	0
0	0
0	0
3	165
0	0
0	0
11	393
0	165
0	0
0	0
0	125
2	57
0	0
0	0
0	364
0	0
0	0
0	0
0	1
0	1
0	0
1	8
0	0
0	4148
1	76
0	0
0	53
2	2075
0	0
0	0
0	0
25	763
0	0
0	0
0	0
0	0
0	8
0	0
0	19
0	0
0	0
0	37
0	0
1	308
0	0
3	3
0	0
0	0
0	0
0	0
0	0
0	0
223	18163
0	0
0	0
0	0
0	0
0	1
0	112
0	0
0	0
0	0
0	0
0	0
1	0
0	0
1	0
0	0
0	0
0	0
0	0
0	0
0	0
8	90
0	0
0	0
0	2
0	0
0	0
4	137
0	0
0	556
0	0
0	0
0	0
3	0
0	0
0	0
0	2
0	0
0	0
0	0
0	0
0	0
0	3
0	0
0	0
0	1
0	0
3	104
0	0
24	0
0	0
10	959
0	2
0	0
0	0
0	0
1	0
0	0
0	0
0	0
0	519
0	0
3	702
0	0
4	0
0	0
0	0
0	0
0	0
0	0
0	0
0	0
0	22
0	0
0	5
0	0
0	0
4	70
0	0
0	0
0	0
1	982
0	0
1	468
0	0
0	0
0	6
0	0
0	1
0	0
0	3
0	0
0	0
42	802
0	0
0	109
0	0
0	0
0	0
0	0
0	0
14	512
0	0
1	375
0	0
0	0
3	0
0	0
0	0
0	0
0	8
0	0
0	0
0	0
0	0
0	0
7	0
0	0
0	1
0	0
0	0
0	0
0	0
0	0
0	0
4	304
0	0
0	0
0	0
0	0
0	0
16	765
1	24
0	0
0	0
0	0
0	69
0	2
1	257
25	1884
0	69
0	0
0	0
10	156
1	1750
0	0
0	0
0	0
0	0
0	0
0	0
0	0
0	0
0	1
0	28
0	0
0	0
0	0
0	0
0	36
0	0
0	0
0	0
0	1
1	0
0	0
0	0
0	0
0	0
67	1491
0	18
0	0
0	0
0	0
0	0
0	0
0	0
0	0
0	0
4	11
24	2597
0	0
0	79
0	0
0	0
0	36
9	53
0	0
0	4
0	36
0	0
0	3
0	0
0	0
0	0
0	0
0	74
0	0
4	1
23	2075
0	0
0	0
0	83
0	2
5	0
0	0
0	0
1	624
0	0
0	0
0	0
0	0
0	0
0	0
0	0
0	0
0	4
0	0
6	605
0	29
0	0
0	0
0	0
0	0
3	0
87	5
0	1
0	0
0	0
17	339
0	64
0	0
0	0
0	2
0	0
0	0
0	0
0	0
0	0
0	0
20	1095
0	0
0	0
188	36
3	952
0	0
0	1
0	0
0	0
0	28619
0	0
0	0
0	0
0	0
0	0
0	9
0	0
0	0
0	1
0	0
0	3384
0	0
0	0
8	7
0	0
0	0
0	0
0	0
0	0
3	0
0	0
0	0
0	0
0	0
0	0
1	0
0	0
0	549
0	0
0	2
0	0
0	0
0	14
0	0
1	0
0	0
1	6
3	0
0	0
4	0
7	0
0	0
0	0
0	143
0	475
0	0
0	2
0	0
0	0
0	1
0	0
0	0
0	0
0	0
0	0
10	26
0	0
0	0
0	8236
0	277
0	0
0	0
0	0
0	84
0	2
0	0
1	16
0	0
0	0
0	0
0	0
0	0
0	0
0	0
0	0
0	0
1	18
0	0
0	0
0	0
1	1
0	0
0	0
8	0
0	1
0	0
0	0
0	3
0	0
0	0
0	0
0	0
0	0
0	0
0	0
0	0
0	10
0	44
1	0
14	2595
0	3
0	0
0	0
0	0
0	2
0	0
0	0
0	0
0	0
0	0
0	0
0	0
0	0
0	0
0	0
0	0
0	0
0	0
0	0
7	4
0	0
0	380
0	0
0	0
8	2412
0	0
2	568
0	0
0	0
1	85
0	0
2	0
0	1
0	0
0	10
6	0
0	0
3	1
0	0
2	112
1	7330
0	3
0	0
0	0
21	115
0	0
0	0
0	0
0	0
78	645
0	0
138	935
0	0
0	1
1	2825
0	0
1	0
0	17
0	0
0	0
1430	798
0	3
0	0
0	0
0	1
0	0
0	8
6	3989
5	0
0	402
0	0
0	0
0	0
2	6
0	45
0	0
0	0
0	0
0	0
0	0
0	0
4	26
0	3051
2	112
0	1497
0	0
2	915
0	427
0	0
0	0
0	0
10	4208
1	0
0	5
2	1271
0	1
0	0
0	0
13	1769
0	52
6	2976
0	0
1	4
0	0
1	75
0	0
0	0
0	0
0	0
0	0
0	506
0	0
2	384
0	50
0	0
0	0
24	1537
3	0
1	3
0	0
0	132
0	44
0	0
0	447
0	0
0	1
0	0
14	2880
0	0
0	0
0	6
93	779
1	0
0	0
0	447
0	506
0	0
1	0
0	9
1	159
0	0
0	0
0	0
0	0
0	1
0	0
0	0
0	0
0	4
0	0
1523	1210
0	0
6	4185
0	0
8	2441
0	0
0	0
0	0
3	112
4	218
0	0
0	0
8	583
4	208
0	0
0	0
0	0
0	0
0	0
0	0
0	0
0	143
0	0
11	5849
0	0
0	0
0	0
2	0
0	4
0	9
0	0
0	0
0	0
0	0
0	0
0	3
0	0
0	0
0	0
0	0
0	0
0	0
0	0
0	0
0	0
0	3
0	8
0	7
21	60
17	847
0	0
0	0
0	0
0	20
0	0
3	2
0	0
0	0
0	0
0	1
0	0
0	0
0	0
0	109
0	0
0	0
2	47
35	7
0	0
0	46
0	0
0	0
88	1398
1	0
0	0
0	0
0	0
0	0
0	2
0	0
0	0
0	0
0	0
0	0
0	0
3	565
11	2332
0	0
0	0
0	0
0	0
0	1
0	304
0	0
0	0
0	0
0	0
0	7
0	0
0	0
3	0
0	0
0	0
0	0
0	0
0	0
23	404
0	0
2	0
0	0
0	0
3	95
0	120
0	0
0	0
0	0
0	0
0	0
0	15
0	0
0	1
0	0
0	0
0	109
830	2015
0	0
0	0
0	0
0	598
0	115
0	0
6	1
2	0
0	0
0	0
1	0
0	0
9	1177
1	3
0	1
0	3
0	0
0	0
0	0
0	0
0	0
5	0
0	0
0	0
0	0
0	0
0	2
0	78
0	0
1	4
0	0
0	1
0	1
0	0
2	0
12	0
0	0
1	128
0	1007
0	2
0	0
0	0
2	0
0	0
1	40
7	4
0	0
0	62
0	0
0	0
0	0
1	19
0	0
0	0
0	0
2	165
0	0
0	0
0	0
0	0
0	0
8	12
0	28
0	0
0	0
0	0
0	0
0	0
0	0
0	0
0	0
1	509
0	12
0	0
0	0
0	2
0	0
0	0
0	0
0	0
0	0
0	0
0	1
0	19
0	0
0	0
0	0
0	0
0	0
1	496
8	7905
0	11
0	0
5	11
0	0
0	0
0	0
0	0
2	0
0	0
0	3
0	0
14	653
0	4
0	0
0	0
0	0
0	0
0	0
0	0
0	0
15	8286
0	650
0	0
0	167
0	0
1	1
0	0
0	0
0	0
0	0
0	0
0	0
0	0
0	0
0	0
0	0
19	133
0	0
12	0
1	1859
0	0
10	548
0	0
0	0
0	0
0	0
0	0
0	0
0	0
0	0
0	0
0	0
0	0
23	825
0	0
0	0
0	7
0	0
0	1
0	143
0	0
0	0
0	0
0	0
0	0
0	1668
6	28142
0	123
0	2
0	6186
0	0
0	0
0	0
0	4
0	0
0	0
0	0
0	0
8	774
0	0
4	9
0	0
6	10
1	2
0	0
0	0
0	0
0	0
0	0
0	0
1	0
2	1
0	0
1	0
0	0
0	0
0	0
0	0
0	0
0	0
0	0
0	0
55	27
0	0
0	0
573	1477
0	0
1	0
0	0
0	0
0	55
21	0
0	24
0	0
10	0
1	5
0	28
0	0
0	0
0	5
3	254
0	0
0	0
0	0
0	0
0	0
0	0
0	1
1	38
3	0
0	0
0	2
0	0
0	0
7	2052
0	0
0	0
0	0
0	0
0	0
0	0
0	0
0	0
0	322
8	148
0	0
0	5
0	0
0	0
0	0
0	0
0	0
0	9
0	0
0	0
0	0
0	0
0	0
1	165
0	0
0	0
0	0
0	0
17	265
0	0
0	0
0	1
3	91
0	818
3	1305
0	0
0	1
0	0
0	13
0	0
0	1
0	0
0	0
0	0
0	0
0	135
0	0
0	0
0	0
0	55
0	0
0	0
0	0
0	0
0	0
0	0
0	0
0	0
0	0
0	0
0	0
0	0
10	11087
0	0
0	0
0	0
0	0
0	0
0	0
0	1058
0	0
0	0
0	1
0	0
0	0
0	0
0	0
0	0
0	0
0	0
0	241
0	0
0	0
0	0
0	0
0	0
0	0
0	0
0	106
0	0
0	60
0	0
0	0
0	0
0	0
0	9
0	0
0	0
0	1
0	45
0	0
1	3
0	2
0	0
0	0
0	0
0	0
2	331
0	0
3	39
18	1869
0	0
0	0
2	213
8	4487
0	0
0	0
0	32
1	31
0	0
0	12
0	0
0	21
0	0
0	0
0	0
2	136
28	689
0	0
0	0
341	4303
0	0
0	92
6	227
0	0
0	0
0	0
0	0
1	31
1	0
0	0
0	0
0	0
0	0
2	376
0	0
0	8
0	0
0	0
1	160
0	0
0	0
0	0
0	1
0	0
0	0
0	21
0	0
0	0
0	0
0	0
9	12
0	0
0	0
0	0
0	0
0	0
0	0
0	0
0	0
0	0
0	5
0	0
0	0
1	0
0	0
0	0
1	86
0	0
0	0
0	0
0	0
0	28
0	0
2	379
0	0
0	0
0	0
0	37
0	0
0	0
0	0
0	0
0	0
0	0
0	0
18	2026
0	39
0	0
0	0
0	0
0	0
0	7
0	0
4	260
0	0
1	0
1	0
0	0
0	0
4	0
0	0
0	0
1	487
0	0
3	27
0	0
0	0
0	0
6	0
0	0
1	0
0	0
3	632
0	0
0	172
1	158
1	6420
0	0
0	0
0	0
0	0
0	0
0	0
18	7
2	45
0	1
0	0
12	142
0	0
0	0
0	0
0	0
0	0
0	0
0	0
0	0
0	0
0	0
0	861
0	0
0	0
0	0
0	0
0	0
0	0
0	0
0	0
0	208
0	0
2	0
1	0
0	0
0	0
0	0
0	0
0	477
0	0
0	0
2	5
0	0
0	0
0	0
0	1
0	0
0	0
99	347
0	0
0	35
0	0
0	0
0	0
0	0
20	11499
0	0
0	0
0	0
0	10
0	0
0	0
0	0
0	31
0	0
6	5687
0	0
2	6
0	0
0	0
0	610
66	568
0	276
0	0
0	0
0	0
0	0
0	0
11	4007
0	0
1	66
0	0
0	349
0	80
0	0
0	0
1	224
0	208
0	0
0	0
2	930
0	0
0	0
0	284
0	0
0	0
0	0
0	0
0	0
0	0
0	0
0	30
0	0
0	0
0	0
0	0
0	0
0	0
0	0
5	301
0	0
0	0
0	5
0	0
0	0
1	22
0	0
0	0
0	0
0	0
0	0
0	0
0	0
47	165
0	0
0	0
0	0
1	0
0	0
5	0
0	73
3	0
0	0
3	2
0	0
0	0
0	0
0	0
0	0
0	0
0	0
0	6335
1	14
1	129
4	1388
0	0
83	2083
0	1
1	1
0	0
0	0
0	53
91	2747
0	0
0	0
21	478
0	0
23	213
0	0
0	2
0	0
0	0
0	0
0	0
0	0
2	172
0	0
2	0
0	0
0	2163
0	0
0	0
1	183
0	916
0	0
4	7585
0	2471
0	0
0	0
0	0
0	1
0	0
0	0
0	0
0	0
0	0
0	0
0	0
0	87
12	10
0	0
0	0
0	0
0	0
0	0
0	0
0	0
0	0
0	0
0	0
0	0
0	0
0	0
0	0
3	25
0	0
0	0
0	0
0	0
0	1460
0	0
1	0
0	16
0	0
0	2
0	0
0	0
0	12
0	0
0	0
0	0
0	0
0	1
5	134
16	114
0	0
0	0
0	0
0	0
0	0
0	0
0	0
0	0
0	0
0	0
0	0
0	0
0	0
0	0
0	0
0	16
0	0
0	0
0	1
0	18
0	0
0	1
0	0
0	0
0	19
34	4501
0	0
0	0
7	37
0	699
0	0
0	0
1	0
0	3
0	0
3	8
0	0
0	0
3	1312
0	9
1	0
8	29
1	203
0	2
0	0
1	0
1	0
0	0
0	0
0	0
0	12
0	0
0	3
0	0
0	0
0	0
6	201
0	0
0	0
0	0
0	0
0	834
0	0
0	0
0	0
0	0
10	857
156	238
0	0
0	0
0	0
0	0
11	0
0	0
0	0
0	0
0	0
0	0
0	0
0	0
1	0
7	7261
0	0
0	0
106	342
0	0
0	0
0	0
0	0
0	891
0	0
8	0
5	0
0	4
0	0
0	0
0	3
0	17
9	75
0	0
0	0
0	0
0	0
1	1
8	659
0	0
0	0
0	0
0	0
1	89
0	2
0	0
18	238
0	0
0	0
0	0
45	124
0	0
0	0
0	0
0	0
0	0
0	0
0	0
0	0
0	0
0	0
0	0
0	0
0	0
0	0
0	0
0	0
7	26
0	270
2	264
0	0
0	0
3	11
0	2
0	0
0	0
0	0
0	3
0	0
0	170
0	0
16	195
0	0
0	0
0	0
0	0
0	0
7	1428
0	92
13	48
0	0
22	753
0	0
3	108
0	0
0	102
0	0
0	0
0	0
0	0
0	0
0	0
8	0
0	18
17	0
0	24
4	12676
3	0
0	0
1	0
0	1442
0	0
0	0
0	0
0	0
0	0
0	0
0	0
0	2678
0	0
0	0
0	0
0	0
0	0
0	69
0	0
0	1
0	4
0	0
0	0
0	0
0	0
0	0
0	3
0	0
0	0
0	0
0	0
0	0
8	7290
0	0
0	0
0	10
0	0
0	0
0	0
0	0
3	0
0	8
0	0
0	0
0	0
0	0
0	0
0	2
0	0
0	0
96	1374
0	0
0	0
0	0
1	1
0	0
6	610
0	0
0	0
0	0
0	0
0	0
0	0
0	0
0	0
0	0
0	0
0	0
0	0
0	0
0	0
0	0
0	0
0	0
0	0
0	20
0	181
0	0
0	0
1	12
0	0
0	0
0	0
0	0
0	0
4	10
0	4
0	0
0	63
0	0
0	0
0	0
0	0
0	0
0	0
0	0
0	10
0	0
6	3709
0	0
2	0
0	0
0	0
0	0
0	3
0	0
0	0
0	0
0	0
0	0
3	4188
0	0
11	281
2	2820
0	0
0	0
0	0
11	1184
0	0
0	0
0	0
0	0
0	0
0	0
0	0
7	7
0	0
0	0
0	0
0	0
0	0
0	0
0	0
0	0
0	0
0	0
0	0
0	0
0	0
0	0
0	0
19	150
296	13971
0	1
3	102
0	0
0	70
0	0
0	0
0	0
0	0
0	9
0	285
0	0
0	0
0	0
17	5848
0	0
0	0
0	0
0	23
12	0
1	3
25	0
0	0
0	0
0	0
0	0
0	0
0	0
6	4357
0	0
0	0
0	0
0	144
0	0
0	0
0	0
0	0
0	0
0	0
0	0
0	0
0	0
0	1
0	0
0	0
0	0
0	26
0	0
0	0
0	0
0	0
0	0
0	0
0	4
0	0
0	0
0	0
0	1438
0	0
0	0
0	1
0	0
0	0
0	0
0	0
0	0
0	32
0	1
0	0
0	0
0	0
0	0
22	0
0	0
0	0
0	0
0	6
0	5
0	0
0	283
0	2
0	372
0	0
0	0
2	202
0	0
2	0
0	0
0	0
1	56
0	0
0	0
0	0
0	0
0	1
2	4
0	0
0	0
0	20
0	0
0	0
0	0
1	236
0	0
0	7
1	258
0	247
0	0
0	0
0	0
0	0
0	0
0	0
0	0
0	0
1	0
0	0
0	0
0	0
0	0
0	0
0	0
2	0
0	2604
48	1692
0	0
0	42
0	0
0	0
0	0
0	0
0	0
0	0
0	0
0	2
0	0
0	0
0	10
64	5678
0	0
0	1
0	0
0	2
0	0
0	0
0	0
0	0
17	569
0	0
1	0
0	1
0	0
0	0
0	0
0	4387
0	0
0	0
0	0
0	133
4	1002
0	2
0	4
0	1
0	0
2	524
0	0
13	3399
0	0
0	0
0	0
0	0
0	0
0	0
12	110
90	494
0	0
0	1
0	0
0	0
0	0
0	0
0	0
14	33
0	5
0	0
0	0
2	18
0	0
69	1068
0	0
0	0
0	0
0	3
1	0
2	0
0	0
0	1
0	0
0	0
0	0
0	0
0	0
0	0
0	0
0	0
1	0
0	0
0	0
3	303
0	0
4	381
4	72
0	0
0	0
5	0
1	0
0	0
0	0
1	0
0	0
1	8
0	0
1	348
0	0
0	0
0	0
4	1977
0	0
0	0
0	0
0	227
0	0
0	0
0	0
9	0
0	0
0	0
0	0
0	0
6	372
54	1698
0	1009
0	14
0	0
7	13
0	0
2	381
0	0
0	0
0	0
0	0
0	0
0	126
0	0
0	0
3	816
0	0
0	0
13	0
0	1
0	0
0	0
0	0
0	0
0	0
0	0
0	0
0	0
0	0
0	0
0	0
0	0
0	1057
1	41
0	0
0	0
0	0
0	120
0	0
0	0
0	0
0	0
0	0
0	9
0	0
0	3
4	0
0	0
0	0
0	1325
0	2236
0	0
0	0
0	0
0	1
0	0
20	17
6	29
0	0
20	5871
0	0
0	625
0	0
0	0
8	207
0	0
0	0
0	100
7	8232
0	0
0	0
0	6
0	0
0	0
3	94
0	0
3	0
0	0
0	23
0	0
1	2
0	13
0	0
0	0
4	30
0	0
0	0
0	183
0	0
0	0
658	7611
1	1
0	0
0	0
0	0
0	0
0	0
0	0
10	415
1	0
1	0
0	13
4	704
0	6698
0	30
0	0
0	0
0	0
0	0
1	0
0	0
0	0
0	0
0	0
2	40
0	2
0	0
0	0
0	0
0	0
0	0
1	661
2	707
0	3
0	0
2	0
0	0
0	0
7	0
0	0
0	0
0	0
2	53
0	0
0	10
0	0
0	0
0	48
7	285
0	0
8	2861
3	199
0	0
1	0
10	29483
0	0
0	0
0	0
0	0
4	52
30	160
0	0
0	1
0	0
0	4
0	7706
1	7270
2	2
0	0
18	1067
0	0
0	0
0	0
0	0
0	0
0	0
0	0
0	0
0	0
191	2934
0	0
0	0
6	335
0	0
0	0
1	647
0	338
0	0
0	0
0	4
0	0
0	0
520	10890
0	0
1	1052
2	21
0	0
1	49
0	0
0	100
0	0
0	0
0	0
0	0
0	0
1	465
0	0
0	20
0	14
3	0
16	14
0	0
3	4
8	2
0	0
0	0
1	0
0	0
0	3
0	450
0	0
0	0
0	0
0	0
0	0
0	0
0	0
0	0
0	3
0	0
0	37
2	0
0	0
0	131
0	0
1	0
0	0
0	0
0	0
0	0
0	1
0	0
0	7
0	0
0	0
0	0
0	0
0	0
6	0
0	0
0	0
0	0
0	0
0	0
0	0
0	14
0	0
0	0
0	0
0	0
0	0
107	15392
2	396
0	0
0	0
0	0
9	220
0	0
0	7
0	3
0	224
0	0
0	0
0	1
0	0
0	11
0	5
0	0
0	0
21	791
0	0
0	0
0	0
5	380
117	2080
0	0
1	166
0	0
0	0
0	0
0	0
15	27
0	0
0	0
0	0
0	0
0	0
0	0
16	1199
0	0
0	0
4	0
0	0
2	4
0	27
17	1
0	0
0	0
0	0
2	112
0	0
0	17
0	0
0	0
0	0
0	0
0	0
0	0
0	18
0	0
0	2
0	0
0	0
0	0
0	0
0	0
0	0
8	0
0	0
0	0
0	0
0	0
0	0
0	1
0	0
1	0
2	0
0	2
252	1022
0	0
0	0
0	0
0	0
0	0
0	338
0	0
13	12293
0	0
1	4
20	8059
0	0
0	0
0	0
0	1
19	1220
0	1
0	13461
1	5
1	0
0	1
1	15
0	0
0	0
4	0
0	0
1	9
0	0
26	586
0	0
27	310
18	314
0	0
1	9
0	0
0	0
0	0
0	0
0	0
0	0
0	0
0	0
0	0
0	0
0	0
0	0
0	0
0	0
0	0
2	0
0	0
0	0
0	4
0	0
0	0
0	0
0	176
0	0
0	0
0	0
0	0
0	0
0	0
0	0
1	2
0	6
0	0
0	0
0	0
2	1008
1	1
0	0
0	0
2	2
0	37
0	0
0	0
0	0
0	0
4	860
0	0
0	0
0	4
0	0
0	510
0	0
15	1758
0	0
0	0
0	0
0	6
0	45
5	124
5	6
0	0
0	0
0	125
0	15
0	0
0	2
0	1
2	2
1	0
0	0
0	0
0	0
0	1
0	0
0	14
9	1740
0	2
0	0
2	0
0	0
0	0
0	1000
0	14
0	44
0	0
0	0
2	0
0	0
0	0
12	23
0	0
15	12
0	0
0	2
0	0
0	0
0	0
0	4
0	0
0	0
0	0
0	0
2	177
0	0
1	1610
0	0
0	0
0	0
5	12
0	0
2	0
4	133
0	14
0	0
1	44
68	9914
119	950
0	0
0	0
0	0
0	35
0	0
0	0
432	1975
0	0
20	16
7	0
0	0
0	0
0	0
0	0
0	0
0	5
0	0
0	0
0	0
0	0
0	0
0	0
0	0
0	0
1	0
0	0
0	0
0	0
0	0
0	6
0	8705
0	0
0	0
0	0
0	0
3	565
0	17
0	0
0	0
0	0
0	19
0	0
0	0
0	0
0	0
0	0
0	0
3	122
0	0
0	10
0	0
0	0
0	0
0	1
1	6198
0	0
0	0
0	0
0	0
0	0
0	0
0	0
0	22
0	0
0	0
1	874
0	2
0	0
0	0
0	0
0	0
3	0
0	0
0	0
0	0
0	0
0	0
0	0
0	0
0	0
0	0
3	545
0	0
0	0
0	0
0	0
0	0
3	2
28	868
0	20
0	6
0	0
0	0
0	0
0	0
0	0
0	0
3	0
0	0
0	0
0	0
1	0
0	0
0	0
0	62
8	200
1	1
5	4259
0	0
0	0
0	0
2	10
0	2326
0	0
0	0
0	270
0	0
0	0
0	0
0	0
0	0
0	0
0	0
0	0
1	988
0	0
0	0
5	28
0	0
0	0
0	0
0	0
1	0
0	0
0	0
0	0
0	0
0	25
0	0
1	9
0	0
0	0
0	0
0	0
0	0
0	0
2	2
0	150
0	0
0	0
0	0
0	58
18	5603
0	0
1	320
0	1
0	0
0	0
0	0
0	0
0	0
0	0
0	0
0	6
16	6083
0	0
0	0
0	0
0	0
0	0
436	875
0	0
0	0
0	0
0	0
0	0
0	0
0	0
5	4935
0	0
0	0
16	1159
0	0
0	0
0	0
0	0
0	0
0	0
0	577
0	0
0	0
2	0
1	0
0	0
0	0
0	0
0	11
0	0
0	0
0	0
0	0
0	0
0	0
0	0
0	0
0	0
0	0
3	858
0	0
0	0
0	0
0	0
0	0
2	242
0	0
0	1
0	9
0	75
0	0
0	0
0	0
0	0
0	6
0	0
0	20
0	0
0	6
0	0
0	0
0	21393
0	0
6	0
0	2
0	0
0	0
0	0
0	0
0	0
0	1637
0	0
61	703
0	0
265	943
0	0
0	0
0	0
0	28
0	0
0	0
0	0
0	0
0	1568
215	6828
0	0
0	22
0	0
0	1
0	0
0	1
3	0
0	0
2	1119
0	0
0	0
0	0
0	0
0	0
0	3
3	1
0	0
0	1
0	0
0	0
0	25
0	0
0	0
1	359
0	0
2	6189
0	0
0	19
1	98
14	591
8	117
0	0
0	0
0	0
0	0
0	0
0	0
0	0
2	174
1	3459
0	0
0	0
0	0
0	0
0	189
0	0
0	58
7	104
3	80
0	0
0	0
0	0
0	0
7	221
13	86
0	0
0	0
0	0
0	0
0	0
6	2324
1	0
6	2644
0	0
3	0
0	0
0	0
35	685
0	0
0	0
0	0
0	0
0	0
0	0
0	3
0	0
0	0
0	0
0	0
0	0
0	128
0	0
71	847
0	0
0	0
0	0
0	0
0	481
0	0
0	20
0	0
0	0
51	207
5	0
2	0
2	12
0	2
0	0
0	0
0	0
0	0
0	0
0	0
2	14
0	0
6	342
1	0
0	0
0	0
0	0
0	0
0	0
1	6692
0	0
0	0
2	0
6	86
0	0
0	0
0	0
0	4254
1	0
0	0
0	0
0	0
0	0
4	33
0	0
0	0
0	0
0	0
2	0
0	0
0	0
0	0
0	0
0	0
0	0
0	0
0	0
0	0
0	0
0	0
8	4423
0	0
0	1
0	0
0	0
0	0
0	0
0	0
0	0
0	0
0	0
0	0
0	0
2	648
0	0
0	0
0	0
0	0
1	0
6	654
0	0
0	0
1	1
0	0
0	0
1	173
0	0
0	0
0	0
0	0
0	0
0	65
0	0
0	0
10	7113
0	0
0	6
0	0
0	0
0	0
0	0
0	0
0	0
0	0
0	0
0	1
0	0
3	0
29	290
0	920
0	0
0	0
0	0
0	0
0	1
136	978
1	54
0	0
0	0
0	0
0	0
0	209
0	65
0	0
0	0
1	2
0	1
0	0
0	0
1	0
0	0
0	0
0	0
0	0
0	0
0	0
0	0
9	0
4	371
0	0
0	0
0	0
0	0
0	0
0	0
0	116
3	520
0	0
2	14
0	0
0	0
0	0
0	0
0	0
0	0
0	2466
0	0
0	0
1	0
0	0
0	0
0	0
0	0
46	403
0	1
0	0
0	0
0	0
0	0
0	1
0	0
0	0
0	0
0	0
0	0
0	0
0	0
0	240
0	0
0	0
1	1092
0	0
0	1587
0	0
4	0
0	0
0	0
0	0
1	80
0	0
0	0
1	138
1	74
0	0
0	0
0	0
0	0
0	0
0	0
5	1
1	218
0	157
0	0
0	0
0	0
0	1
0	8232
7	12
0	0
0	0
0	50
0	1
0	0
0	0
183	1213
0	0
0	0
0	0
0	0
0	0
3	14
3	370
0	0
0	0
0	0
0	0
0	0
0	0
4	660
0	0
0	0
17	396
0	0
0	0
0	0
0	0
1	43
0	0
0	0
0	0
0	0
0	48
0	0
0	0
41	1013
0	0
0	0
0	60
4	307
0	0
0	56
0	7
2	8162
9	15229
0	0
0	0
0	0
0	0
0	0
0	0
0	0
0	12
0	0
0	0
5	225
0	0
0	0
0	0
0	0
0	0
0	0
32	7
0	0
0	0
0	0
0	147
0	0
0	0
0	0
0	0
0	0
0	0
0	0
0	0
0	0
46	496
0	46
0	0
0	0
0	0
0	0
0	0
0	0
0	0
0	0
0	0
0	0
0	0
0	0
0	0
0	0
0	0
0	0
0	0
0	0
0	0
0	0
0	0
0	0
0	0
0	0
0	0
0	1
0	0
0	0
0	7
0	0
2	102
0	0
0	0
0	0
0	0
25	0
0	0
0	0
0	0
0	0
0	0
0	0
3	2994
0	0
1	126
0	28
0	0
1	512
0	0
0	0
0	0
0	0
0	0
0	0
0	0
2	27
0	0
0	0
0	0
0	0
558	11665
0	0
0	0
0	0
1	467
0	0
0	0
0	0
0	0
0	0
0	0
811	40119
0	0
7	19415
0	0
0	0
0	0
0	0
0	1
0	0
11	769
1	10
0	0
0	0
0	0
2	358
0	0
8	6195
0	0
0	0
0	0
0	0
2	2
0	0
1	0
0	0
0	0
0	0
0	0
0	0
0	0
0	496
31	469
0	0
0	0
0	44
0	0
0	0
0	422
8	1984
0	0
0	0
0	0
0	0
0	0
0	3
0	0
0	0
0	0
3	234
0	0
0	0
0	0
0	0
0	0
0	0
0	0
0	0
0	0
0	0
0	0
0	0
0	0
0	0
0	67
0	1
0	0
56	247
0	0
0	1
0	0
0	0
0	0
0	0
1	50
0	0
2	3
0	0
0	0
0	0
0	0
0	0
0	0
0	0
0	0
0	0
0	0
0	0
0	0
0	0
19	7
0	1
0	98
2	1563
0	0
0	0
0	427
4	587
0	0
9	332
0	0
0	0
0	0
0	836
0	0
0	0
1	0
0	0
27	20
1	25
0	0
0	0
0	9
0	1
0	303
0	0
0	0
0	0
0	7
0	2
0	0
0	0
0	0
0	0
0	0
0	0
0	0
7	9
0	0
10	39
0	2608
0	0
0	0
0	0
0	0
0	0
0	0
6	41
0	0
0	0
0	0
106	1729
0	1
0	0
2	34
0	0
0	0
1	3
0	0
5	622
0	0
0	0
0	0
0	0
0	0
0	0
3	471
0	0
0	0
0	0
0	0
30	3004
0	0
57	2954
0	0
0	0
0	0
0	0
1	0
0	8
1	0
1	2394
0	0
0	0
0	0
0	0
0	125
0	0
1	0
2	0
0	0
0	696
0	0
0	0
4	960
0	0
0	0
0	0
0	0
0	0
0	0
0	87
0	0
0	0
0	0
0	38
0	0
0	129
0	3
0	0
1	2
0	0
0	0
0	0
0	0
0	0
577	2340
0	0
0	0
0	0
0	0
0	0
0	0
0	0
0	0
0	0
0	0
0	1272
0	0
0	68
2528	41817
0	0
0	0
0	2
0	0
0	0
0	0
0	0
0	0
0	684
0	0
3	4
11	0
0	0
0	33
0	0
3	0
0	0
15	7219
0	0
0	0
0	0
0	0
0	0
0	0
0	0
0	0
0	0
0	0
0	0
0	0
1	2
0	0
2	0
49	1250
0	1
0	0
0	0
0	0
5	70
0	143
0	0
0	0
0	0
0	0
0	0
0	1361
0	22
0	0
0	0
0	0
0	0
0	0
0	0
2	1946
0	0
0	0
3	2835
0	27
0	0
0	0
0	0
3	363
0	0
0	0
0	0
0	0
1	0
0	0
0	3
0	0
0	0
0	6
0	168
1	407
0	0
0	0
0	1
0	0
0	0
0	0
0	2
1	90
0	0
0	0
0	0
0	0
0	0
0	0
0	0
0	1
0	0
0	14
0	40
193	5784
0	0
0	0
0	0
4	0
0	0
0	0
0	0
0	69
0	0
0	0
0	0
0	8241
0	0
0	0
0	0
0	0
0	6
0	0
0	0
0	0
0	0
0	0
0	0
0	0
0	0
0	0
0	0
0	0
0	0
1	19
0	22
0	2
0	0
1	0
0	0
0	0
0	0
0	8967
0	1
0	0
0	0
0	0
0	0
0	0
0	0
0	0
0	0
1	1
0	0
0	0
0	0
1	0
9	42
4088	2623
0	0
0	0
0	0
0	0
0	0
0	0
26	85
2	0
4	0
0	0
28	2105
0	0
0	0
0	0
0	0
0	0
0	0
0	0
0	0
0	0
0	0
0	0
1	171
0	0
0	0
8	1368
0	0
1	0
0	0
0	0
0	0
0	0
0	4248
0	0
0	0
0	0
0	0
5	227
4	0
0	0
0	0
0	0
0	0
0	0
0	0
1	28027
0	13
0	0
0	0
1	27
5	0
0	0
0	0
148	149
0	0
0	0
2	0
0	0
0	0
0	0
1	0
3	8
0	0
2	3
0	4
0	1
0	0
0	0
0	0
0	0
0	0
1	0
0	0
0	0
192	0
0	0
3	0
0	0
0	0
0	0
0	0
5	352
1	0
0	0
0	0
0	0
0	0
0	0
0	0
0	0
8	0
1	4
0	0
7	2956
0	0
0	0
0	0
1	4051
1	9
0	0
0	9
12	1955
0	0
0	0
0	170
9	0
0	0
0	0
0	2
0	0
27	366
7	5
0	4
0	0
0	0
0	0
0	13
0	0
0	0
0	0
0	0
0	0
1	360
24	166
0	0
0	0
0	0
0	0
0	0
0	0
0	0
2	0
0	0
0	0
0	0
0	0
0	0
0	0
0	0
0	0
0	0
0	0
0	0
0	184
0	0
0	0
0	0
0	0
0	69
0	0
0	0
0	0
0	0
0	0
0	0
0	0
0	0
6	90
0	0
0	0
0	0
0	0
0	0
0	382
0	0
0	0
0	0
0	1
0	0
0	125
0	0
0	0
0	0
4	7
0	0
0	0
0	0
0	0
0	0
0	0
0	0
0	0
0	0
0	0
0	0
0	0
0	1282
0	6955
3	7
0	0
0	0
0	421
0	0
0	0
0	0
1	526
1	10
0	0
0	0
0	0
0	0
0	0
1	470
0	0
0	0
0	0
0	0
0	0
1	401
0	0
0	0
0	0
0	0
0	0
0	0
0	0
30	109
0	0
0	0
6	0
0	0
0	0
0	0
0	3
0	0
0	0
0	0
0	0
0	0
2	0
4	0
0	3741
0	0
0	0
0	0
0	588
0	4
5	6
0	0
0	0
0	0
0	0
0	0
0	0
1	0
1	0
0	0
0	0
0	14
0	0
0	0
0	0
0	0
0	0
0	0
0	0
0	0
0	4
0	793
0	0
0	0
0	0
0	0
0	0
1	51
0	0
0	0
0	0
0	0
294	4973
0	0
0	0
0	0
3	8126
0	6
2	51
5	3183
0	30
0	0
0	0
0	0
0	0
0	0
0	0
0	4
0	0
0	0
0	0
1	270
0	0
0	0
6	0
1	281
0	0
1	21
0	0
2	122
0	0
0	67
0	0
0	0
1	2
0	0
0	51
1	5
0	5
0	0
0	0
0	0
0	0
5	120
0	0
0	0
0	0
0	0
0	0
0	0
0	0
42	36
0	0
0	0
0	0
0	0
0	0
0	0
0	103
0	0
0	0
0	0
0	0
0	0
0	0
34	5574
0	0
2	9
0	0
5	677
0	0
0	81
0	0
50	132
0	0
0	0
0	0
0	0
0	0
4	110
0	0
1	12
0	13
0	0
0	0
0	0
0	0
0	3
0	0
0	0
1316	1242
0	0
0	0
0	0
0	0
8	0
0	0
0	3
84	11
0	317
0	0
0	41
0	0
0	0
0	0
0	0
0	0
0	0
0	0
0	0
0	7
0	94
0	13
5	3653
0	0
0	0
0	0
0	0
0	0
0	0
0	0
0	0
9	11027
0	0
0	0
0	0
0	0
0	0
0	0
0	0
0	0
0	0
0	0
0	0
0	0
0	0
796	5132
0	0
0	0
0	0
0	73
0	0
0	776
0	0
1	236
22	306
1	700
0	0
0	0
0	0
1	51
0	1
0	3
0	0
0	0
4	108
2	10
0	41
5	35
3	0
1	1280
0	0
0	0
0	0
2	0
0	0
0	22
0	0
0	0
0	1864
0	0
1	1864
0	0
1	0
0	0
0	0
4	2
0	0
0	0
3	8
0	0
0	0
0	0
0	0
0	0
0	0
0	0
0	0
0	0
0	0
0	0
0	0
0	3
0	0
11	0
0	3
0	0
0	19
0	0
0	0
0	0
0	0
0	0
0	0
0	0
2	93
0	0
0	326
0	3
19	69
16	1316
0	0
0	0
0	0
0	0
0	0
0	0
0	0
1	6024
0	0
4	599
0	0
0	0
0	0
0	0
3	36
0	0
51	2563
0	0
0	0
0	0
0	0
0	0
0	10
1	0
0	0
0	0
0	0
0	0
0	0
0	0
0	0
3	1
0	0
2	2581
0	0
0	0
0	0
0	0
3119	7157
0	10
0	0
0	0
0	0
0	47
0	0
0	0
0	0
0	0
0	0
0	0
2	0
0	0
0	0
0	734
19	1224
0	0
0	0
0	0
0	0
16	2680
0	0
0	0
1	0
0	0
0	176
424	316
28	66
1	4
2	0
0	0
1294	180
1	144
0	0
0	378
0	1
39	157
0	0
0	0
0	0
0	7
0	0
0	29
10	687
0	0
0	0
0	0
5064	1502
0	0
3	1814
0	0
13	92
0	0
0	1
1	6
0	0
0	1477
26	50
0	1
0	0
4	93
0	0
0	0
0	203
0	0
0	0
2	16
0	3
0	832
0	31
0	0
0	0
0	0
1	48
0	0
0	0
10	1171
0	0
0	0
0	0
1	27
0	0
0	0
0	0
0	0
13	4708
0	869
0	0
2	31
14	149
2	18746
0	0
0	1
0	0
2	4
0	0
0	0
0	0
6	773
0	0
0	0
0	0
5	0
21	0
0	0
35	637
0	0
0	0
0	0
2	2
0	0
0	0
0	0
0	0
12	0
0	1844
14	26
0	53
11	16
0	0
0	4
0	0
0	3
0	0
3	0
0	0
0	0
4	367
29	139
0	0
1	0
0	0
0	0
0	0
2	449
6	526
0	0
0	0
0	0
5	0
0	0
0	0
0	0
0	0
0	0
0	0
0	0
0	14
0	0
9	1358
0	0
0	0
0	2
1	232
70	398
0	0
0	0
0	0
0	0
0	0
0	0
0	0
0	0
0	0
0	0
0	0
0	2
0	0
0	0
0	0
0	1
0	0
0	0
0	0
1	845
0	0
10	0
0	0
39	6148
1	293
0	0
0	0
0	0
0	0
0	0
0	1
0	0
0	0
0	0
1	238
0	0
0	0
0	0
0	0
0	2
0	0
0	0
5	933
0	0
0	103
0	0
0	0
0	0
0	0
0	0
1	1
0	4
36	219
0	0
0	0
0	0
6	13
0	0
0	0
0	0
171	7447
0	0
0	0
0	26
1	62
3	14
0	0
3	92
0	0
0	0
0	0
0	0
0	0
4	98
0	0
0	0
0	0
0	0
0	0
0	0
0	0
0	0
0	0
0	0
0	899
0	0
0	0
0	0
0	0
0	0
0	0
0	0
0	0
0	0
18	2052
0	0
0	0
0	0
0	0
0	0
0	0
0	0
0	0
0	0
0	45
60	1785
0	1
0	0
0	0
0	0
0	0
0	8
0	89
0	0
0	0
0	0
2	12
0	0
7	7
0	0
0	0
0	0
0	0
11	0
0	0
0	0
0	0
0	223
0	0
0	0
0	0
0	0
0	0
0	0
0	0
0	32
0	4
0	0
0	0
0	0
1	2958
0	0
0	283
0	5
0	0
0	0
0	0
0	0
0	0
0	0
0	39
0	0
0	0
1	5345
0	1
11	15
0	0
0	0
0	0
0	0
4	112
0	0
0	0
0	0
0	0
0	0
15	0
0	550
0	0
0	0
0	0
0	1
0	0
0	0
0	0
0	0
0	0
0	0
0	0
1	294
0	0
0	0
0	0
0	6
0	0
0	0
0	0
0	0
0	0
0	97
16	15
0	0
0	0
0	0
0	0
0	0
0	0
0	0
0	0
0	0
0	0
0	17
0	0
0	0
0	570
5	3
0	0
0	0
0	0
0	0
0	13
0	0
0	0
0	68
0	145
1	201
0	0
0	0
0	0
2	24
0	0
0	0
0	0
0	0
2	30
0	0
0	0
53	22
0	0
4	0
0	0
0	0
0	0
0	0
0	76
0	0
0	0
80	30
0	0
3	2632
0	0
0	2
0	3
0	0
3	0
3	3953
0	0
3	8
0	0
1	0
0	0
0	0
0	0
0	0
0	0
0	0
0	0
0	0
0	86
0	0
0	0
0	0
0	0
0	1
0	0
0	0
0	0
0	0
0	0
0	0
0	0
0	0
0	0
0	0
0	0
0	0
0	0
0	0
0	0
0	0
0	0
0	0
0	0
0	0
0	0
0	0
0	0
0	0
0	0
0	0
0	2
0	88
0	1
0	0
0	0
0	0
2	112
0	1
0	0
0	0
0	0
0	13
0	0
0	0
0	0
0	0
0	0
0	0
0	0
0	0
6	77
0	0
0	0
0	0
1	271
0	0
0	0
0	0
0	0
0	0
0	4
0	0
0	0
0	0
3	0
0	0
8	85
0	0
0	0
0	0
0	0
0	0
0	80
0	0
0	0
6	17
9	3165
0	0
8	1320
0	0
16	8773
0	0
0	43
0	0
0	0
0	1
0	0
0	0
1	114
0	0
0	0
0	0
0	0
0	0
0	0
0	0
0	0
3	71
0	0
0	0
0	0
6	77
0	0
0	0
0	0
0	2
0	0
0	0
0	0
0	0
0	0
0	0
204	860
0	0
0	0
0	0
7	0
0	0
2	0
0	0
1	1905
1	0
0	3
1	459
110	1076
18	1487
0	0
0	0
1	326
0	3
0	203
0	0
0	0
0	0
0	0
0	0
0	0
0	0
0	1
1	3
0	0
0	40
0	0
0	0
0	0
0	0
0	42
3	959
0	0
0	0
0	0
0	3
0	0
0	0
19	6
0	0
0	0
0	0
0	0
0	0
1	2
0	0
0	0
0	1693
0	0
0	0
0	0
0	0
2	251
0	1
0	0
0	1
0	0
0	0
0	0
3	14
0	0
0	0
0	0
0	0
0	0
0	0
0	0
0	0
0	1391
0	0
0	0
0	0
0	0
0	3
0	0
0	0
0	0
0	0
0	0
0	0
0	0
0	0
3	1675
0	9
0	0
0	0
0	0
0	0
0	0
0	0
0	0
0	0
0	0
0	0
1	0
2	0
0	0
0	0
0	0
0	0
0	0
0	0
0	0
0	0
0	0
0	0
0	0
0	0
0	0
0	0
0	0
0	0
0	0
0	0
0	0
0	0
0	0
0	0
1	0
0	0
0	0
0	0
0	0
10	0
0	0
0	0
2	0
4	0
0	0
0	0
0	0
0	0
0	0
0	0
0	0
0	0
30	8
2	8
0	0
1	0
0	1
1	1
10	0
19	13
0	1
0	0
9	0
1	1093
1	4975
183	188
0	171
5	17
0	85
0	0
171	1400
0	1400
1	96
0	77
11	3567
0	2856
3	8278
0	7686
0	0
0	0
0	0
0	0
0	0
0	0
0	0
0	0
0	0
0	0
1	0
0	0
0	0
0	0
0	0
0	0
1	1
0	1
11	2
2	2
0	0
0	0
215	31582
0	0
0	27
0	51
0	48
0	554
0	152
1	427
0	0
0	0
0	0
0	0
7	5
0	5
6	0
2	0
1	2
10	15
0	7
58	206
0	75
0	173
0	0
0	0
1	0
0	0
0	0
0	0
0	376
0	376
0	0
0	0
1	1
0	1
0	0
0	4
0	4
10	121
0	121
0	0
0	0
3	0
0	0
0	0
0	0
0	0
0	0
0	0
0	0
0	0
0	0
0	0
0	0
0	0
0	0
0	0
0	0
4	0
0	0
2	6
0	6
2	0
0	0
0	0
0	0
0	0
0	0
0	0
0	0
0	0
0	0
0	0
0	0
0	0
0	0
0	0
0	0
0	0
0	831
0	362
0	220
0	56
0	0
0	72
12	0
0	0
0	0
0	0
0	0
0	0
98	930
0	0
0	0
0	0
0	0
0	0
0	0
0	0
0	0
0	0
0	0
0	0
0	0
0	0
0	0
0	17
0	17
5	2
0	2
0	0
0	0
0	0
0	0
0	0
0	0
0	0
0	0
0	0
0	0
0	0
0	0
2	3
0	2
0	2
1	0
0	0
1	0
0	0
0	0
0	3
0	0
0	0
0	0
0	0
0	0
0	333
0	333
0	333
0	6
0	0
0	0
0	0
0	0
35	18
0	2
0	10603
0	10175
0	3
3	4
0	32
0	21
2	0
0	0
0	0
0	0
1	0
0	0
0	3399
2	31
0	31
0	1649
0	1649
0	1625
0	1
0	1
2	0
0	0
0	0
0	0
0	0
0	14495
11	8496
0	10217
0	157
0	127
0	0
0	0
1	2727
0	5149
5	431
0	0
0	0
0	0
0	2
0	1
0	1
0	0
0	1
0	0
0	0
0	1
0	1
0	2
0	2
0	21
0	21
0	21
0	172
0	149
0	1
0	1
0	0
41	1
0	1
10	0
0	0
0	0
0	0
0	0
0	0
0	0
0	0
0	0
0	0
0	0
0	949
2	864
3	2
0	2
2	0
0	4
0	4
3	0
0	0
0	0
0	177
0	60
3	8
0	1
1	1
0	0
0	0
0	2530
0	0
0	0
0	0
0	1
0	1
0	1
1	159
9	880
0	12849
0	12760
1	0
0	9197
0	0
0	0
0	0
0	0
1	3
0	0
0	0
1	1321
0	74
0	5
0	0
0	0
0	11485
0	8543
0	2
0	2
0	0
0	233
0	0
0	0
9	434
0	223
0	0
0	0
0	16
0	29
9	22
0	22
5	102
0	102
0	82
0	0
0	1
0	1
5	191
0	1443
0	0
0	0
0	200
0	858
0	532
0	0
0	0
0	0
0	0
0	0
0	0
0	0
0	0
0	0
0	0
0	0
27	0
0	562
18	588
0	0
0	0
35	0
0	0
1	0
0	0
0	0
0	756
0	223
0	0
0	93
0	76
18	4998
0	4304
0	594
0	4
0	4
0	0
0	0
0	0
0	0
0	0
0	0
0	0
0	0
0	0
2	0
1	3681
5	3687
0	2972
0	0
0	0
1	14
0	14
0	0
0	0
0	0
0	0
0	0
0	0
0	20122
0	17679
7	6
0	0
0	2
0	0
0	0
0	1
0	1
0	4801
0	4801
0	0
0	0
0	0
0	0
0	0
0	0
0	0
0	0
0	0
0	0
0	0
36	0
0	14
0	6
87	66
8	182
0	1
0	1
0	0
0	0
0	0
0	0
46	4
0	4
0	0
0	0
5	126
0	126
9	5
3	7
0	1
0	1
2	0
158	3592
0	2820
0	0
0	0
0	0
0	0
0	0
0	0
0	0
9	3
0	872
0	797
4	415
0	61
5	0
35	4
0	0
0	0
0	0
0	0
12	59
0	18
123	41
0	1
0	1
0	0
35	4
0	2
0	4
3	18
17	1
0	1
0	307
0	199
0	84
8	6
46	6
0	0
0	0
1	0
1	0
0	0
0	0
0	0
0	0
0	0
0	0
0	0
0	0
4	102
0	0
0	0
0	0
0	160
0	1274
0	0
0	0
1	42
0	0
13	169
0	146
0	0
0	0
0	0
0	0
0	0
0	0
0	1
0	1
0	0
0	0
0	0
0	0
0	0
2	6839
0	0
0	0
0	0
0	0
0	0
0	0
0	8
0	8
0	0
0	0
0	0
0	0
0	0
0	0
0	884
0	477
1	1075
0	1075
5	9
25	41
7	9
8	31
0	0
0	0
0	0
0	0
0	4
0	0
4	2
0	25
0	0
2	3
0	3
0	0
0	0
0	0
0	0
0	0
18	43
1	43
0	37
0	0
0	0
0	3
5	2
0	2
0	0
0	0
1	0
0	0
0	0
0	0
0	0
0	1
0	1
0	0
0	0
0	0
2	2
2	2
2	3
0	3535
3	5661
8	0
0	0
15	43
1	29
1	0
0	0
0	0
0	0
11	5600
227	4999
24	5
0	5
0	0
0	0
0	0
0	0
0	0
0	0
8	16456
0	13367
0	2905
0	2888
0	16
0	0
0	0
0	0
0	0
0	0
0	0
0	0
0	0
0	0
0	0
0	0
0	0
0	0
0	0
0	0
0	0
0	2
0	0
0	0
0	0
0	0
0	0
0	0
0	0
0	0
0	0
0	0
0	0
0	0
0	0
0	0
0	0
0	0
0	0
0	0
0	0
0	0
0	0
0	0
0	0
0	0
0	0
0	0
0	0
0	0
0	0
0	0
0	0
0	0
0	2
0	0
0	0
0	0
0	0
0	0
0	0
0	0
0	0
0	0
0	0
0	0
0	0
0	0
0	0
0	0
0	0
0	0
0	0
0	0
0	0
0	0
0	0
0	0
0	0
0	0
1	0
0	0
0	0
0	0
2	0
0	0
0	0
0	0
0	0
0	0
0	0
0	0
0	0
0	0
0	11
0	0
0	0
0	0
0	0
0	0
0	0
0	0
0	0
0	0
0	0
0	0
0	0
0	0
0	0
0	0
0	0
0	0
0	0
0	0
0	0
0	0
0	0
0	0
0	0
0	0
0	0
0	0
0	0
0	0
0	0
0	0
0	0
0	0
1	0
0	0
0	0
0	0
0	0
0	0
0	0
0	0
0	0
0	0
0	0
0	0
0	0
0	0
0	0
0	0
0	0
0	0
0	0
0	0
0	0
0	0
0	0
0	0
0	0
0	0
2	0
0	0
0	0
0	0
0	0
0	2
0	0
0	0
0	0
0	0
0	0
0	0
0	0
0	0
0	0
0	0
0	0
0	0
0	0
0	0
0	0
0	0
0	0
0	0
0	0
0	0
0	0
0	0
0	0
0	0
0	0
0	0
0	0
0	0
0	0
0	0
0	0
0	0
0	0
0	0
0	0
0	0
0	0
0	0
0	0
0	1
3	67
0	0
0	0
0	3
0	11
0	3
0	3
0	11
0	3
0	9
1	14
0	2
0	29
0	11
0	4
0	0
0	65
0	2
1	19
10	93
0	1
6	27
1	57
0	16
2	15
25	0
0	0
0	0
0	6
2	3
6	2
0	0
0	0
0	0
0	0
0	0
0	0
0	0
0	0
0	0
0	0
0	0
0	0
0	0
0	0
0	0
0	0
0	0
0	0
0	0
0	0
0	0
0	0
0	0
0	0
0	14
0	0
0	0
0	0
2	100
0	0
0	0
0	0
0	0
0	0
62	152
0	0
0	0
0	0
0	0
0	0
0	0
0	0
2	1
0	0
0	0
0	0
0	0
0	0
0	0
0	0
0	0
0	0
0	0
0	0
0	0
0	0
0	0
0	0
0	0
0	0
0	0
0	0
0	0
0	0
0	0
0	0
0	0
17	870
0	0
0	113
0	0
0	0
0	0
0	0
0	0
0	0
0	0
0	0
0	0
0	0
0	0
0	0
0	0
0	0
0	0
0	0
0	0
0	0
0	18
0	0
0	0
0	86
0	0
0	0
0	0
0	1
0	0
1	0
9	657
0	0
0	0
0	0
0	0
0	0
0	0
0	0
0	0
0	0
0	0
0	0
0	0
0	0
0	15
0	0
0	0
0	0
0	0
0	0
0	0
0	0
0	0
0	0
0	0
0	0
0	0
0	0
0	0
0	0
0	0
0	0
0	0
0	1
0	0
0	0
0	0
0	0
0	0
0	0
0	0
0	0
0	0
0	0
0	0
0	0
0	0
0	0
0	0
0	0
0	38
0	0
0	0
0	1
0	1
0	0
0	0
0	0
0	0
0	0
0	0
0	0
0	2
0	0
0	0
0	0
0	0
0	0
0	0
0	0
0	1880
0	0
0	0
0	0
0	0
0	0
0	0
0	0
0	0
0	0
0	8
0	0
0	0
0	0
0	8
0	0
0	0
0	0
0	7
0	0
0	0
0	0
0	0
0	0
0	0
0	0
0	0
0	1
0	0
1	0
0	0
0	0
0	0
0	0
0	0
0	0
0	0
0	0
0	0
0	0
0	0
0	1
0	0
0	0
0	0
1	8
0	0
0	0
0	0
0	0
0	0
0	0
0	0
0	0
0	15
0	0
0	0
0	0
0	0
0	0
0	0
0	0
0	0
0	0
0	0
0	0
0	0
1	581
0	0
0	0
0	0
0	0
0	0
0	0
0	0
0	0
0	0
0	0
0	0
0	0
0	0
0	0
0	0
0	0
0	0
0	0
0	0
0	0
0	0
0	0
0	0
0	0
0	0
0	0
0	0
0	0
0	0
0	0
0	0
0	0
0	0
0	0
0	0
0	0
0	0
0	0
0	0
0	0
0	0
0	0
0	0
0	0
0	0
0	0
0	0
2	0
0	0
0	0
0	0
0	0
0	0
0	0
0	0
0	0
0	0
0	0
0	0
0	0
0	0
0	0
0	0
0	0
0	0
17	0
0	0
0	0
0	0
0	0
0	0
0	0
0	0
0	0
0	15
0	0
0	0
0	0
6	2
0	0
0	0
0	0
0	0
0	0
0	0
0	0
0	0
0	0
0	0
0	0
0	0
0	0
0	0
0	0
0	0
0	32
0	0
0	0
0	0
0	0
0	0
0	0
0	0
0	10
0	0
0	0
0	0
0	0
0	0
0	0
0	0
0	0
826	2481
0	0
0	100
0	0
0	0
0	0
0	0
15	7
0	0
0	0
0	0
0	0
0	0
2	20
0	0
0	0
0	0
0	0
0	0
0	0
0	0
0	0
0	0
0	0
0	0
0	0
0	0
0	0
0	0
0	0
0	0
0	0
0	0
0	1
0	0
0	0
0	0
0	0
0	0
0	0
0	0
0	0
0	0
0	0
0	0
0	0
0	0
0	0
0	0
0	0
0	0
0	0
0	0
0	0
0	0
1	4
12	3
0	0
1	15
37432	36454
0	0
0	0
0	0
5551	183
1564	17677
0	0
0	0
0	0
0	0
0	0
0	0
0	0
0	0
0	0
0	2
1	4
0	0
0	0
0	0
0	0
138	375
0	0
0	0
0	0
0	0
0	0
0	0
0	0
0	0
2	1
0	0
2	7
0	0
0	0
0	0
0	0
0	0
0	0
0	0
0	0
0	0
0	0
0	0
0	0
0	0
0	0
0	0
0	0
0	0
0	0
0	0
4	13
0	0
10	32
0	0
0	0
0	8
0	0
0	0
0	0
0	0
0	0
0	0
0	0
0	0
0	0
0	0
0	0
0	0
0	0
0	0
0	0
0	0
0	0
0	0
0	0
24	505
0	0
0	0
0	0
0	0
0	0
0	0
0	0
0	0
0	0
0	0
0	0
0	0
0	0
0	0
0	0
0	0
0	0
0	0
0	0
0	0
0	0
0	0
0	0
0	0
0	0
0	0
0	0
0	0
0	0
0	0
0	0
0	0
0	0
0	0
0	0
0	0
0	0
0	0
0	0
0	0
0	0
0	0
0	0
0	2
0	0
0	0
0	0
0	0
0	0
0	0
0	0
0	0
0	0
0	0
0	0
0	0
0	0
0	0
0	0
0	0
0	0
0	0
0	1
0	0
0	0
0	0
0	0
0	0
0	0
0	61
0	0
0	0
0	0
0	0
0	0
0	0
0	0
0	11
0	17
0	0
0	0
0	0
0	0
0	0
0	0
0	1
0	0
0	0
0	0
0	0
0	0
0	0
0	0
0	0
1	0
0	0
0	0
0	9
0	1
0	0
0	0
0	0
0	0
0	0
0	0
0	0
0	0
0	0
0	0
0	0
0	0
0	0
0	0
0	0
0	0
0	0
0	0
0	0
0	0
0	0
0	0
0	0
0	0
0	0
0	0
0	0
0	0
0	0
0	0
0	0
0	0
0	0
0	0
0	0
0	0
0	0
0	0
0	0
0	0
0	0
0	0
0	0
0	0
0	0
3	0
0	0
0	0
0	0
0	0
0	0
0	0
0	0
0	0
0	0
0	0
0	0
0	0
0	0
0	0
0	0
0	0
0	0
0	8
0	0
0	0
3	39
0	0
0	0
0	0
0	0
0	0
0	0
0	0
0	0
0	28
0	0
0	0
0	0
0	0
0	0
0	0
0	0
0	0
0	0
0	0
0	0
0	0
0	0
0	0
0	0
0	0
0	0
0	0
0	0
0	0
0	0
0	0
0	0
0	0
0	0
0	0
0	0
24	90
0	0
0	0
0	0
0	0
0	0
0	0
0	0
0	0
0	0
0	0
0	0
0	0
0	2
0	17
0	0
1	57
0	1
0	0
0	0
0	0
0	18
0	0
0	0
0	2
0	135
0	0
0	0
0	0
0	0
0	0
0	0
0	0
0	0
2	0
0	0
0	0
0	0
0	0
0	0
0	0
0	0
0	0
0	0
0	448
0	0
0	0
0	0
0	0
0	0
5	0
0	0
0	0
0	0
0	0
0	0
0	0
0	0
0	0
0	0
0	0
0	0
0	0
0	0
0	0
0	0
0	0
0	0
0	0
0	0
0	0
0	0
0	0
0	0
0	0
0	0
0	0
0	0
0	0
0	0
0	0
0	0
0	0
0	0
0	1
0	0
0	0
0	0
0	0
6	35
0	0
0	0
0	0
0	0
0	0
0	0
0	0
0	0
0	0
0	0
0	0
0	0
0	0
0	0
0	9
0	379
0	0
0	0
0	0
0	0
0	0
0	0
0	0
0	0
0	0
0	0
0	0
0	0
0	0
0	0
0	0
0	0
0	0
0	0
0	0
0	0
0	0
0	0
0	0
0	0
0	0
0	0
0	0
0	0
0	0
0	0
0	0
0	0
0	0
0	0
0	0
0	0
0	0
0	0
0	0
0	0
0	0
0	0
0	0
0	0
0	0
0	0
0	0
0	12
0	13
0	11559
0	5100
0	4500
0	0
0	0
2	83
0	0
0	43828
0	0
0	0
0	0
0	0
0	0
0	45431
0	0
0	0
0	0
0	0
0	0
0	0
0	0
0	0
0	0
0	0
0	0
0	0
0	45858
0	0
0	0
0	20336
0	0
0	0
0	0
0	0
0	0
0	0
0	0
0	16
15	92
2	0
0	0
0	16
0	0
0	0
0	0
0	17
0	0
0	0
0	0
0	0
0	0
0	0
0	0
0	0
0	0
0	0
0	0
0	0
0	0
0	0
0	0
0	0
0	0
0	0
0	0
1	0
0	0
0	0
0	0
0	0
0	0
0	0
0	0
0	0
0	0
0	0
0	0
0	0
6	4994
0	0
1	0
0	0
0	0
1	0
0	0
0	0
0	0
25	1092
0	0
0	0
0	0
0	0
0	0
0	0
0	0
0	0
0	0
0	0
0	0
0	0
0	0
0	0
0	0
0	0
0	0
0	0
0	0
0	0
0	0
0	0
0	0
0	0
0	0
0	0
0	0
0	0
0	0
0	0
0	0
0	0
0	0
0	0
0	0
0	0
0	0
0	0
0	0
0	0
0	0
0	0
0	0
0	0
0	0
0	0
0	0
0	0
0	4
0	0
0	0
0	1
11	191
0	0
0	0
0	0
0	0
0	0
0	0
0	0
0	0
0	0
0	0
0	0
2	78
0	0
0	0
0	0
0	0
0	0
0	0
0	0
0	0
0	0
0	0
0	0
0	0
0	0
0	0
0	1
0	0
0	0
0	0
0	0
0	0
0	0
0	0
0	0
0	0
0	0
0	0
0	0
0	1
0	0
0	0
0	0
0	0
0	0
0	0
3	2
0	1
0	0
0	0
0	0
0	0
0	0
0	48
0	0
0	0
0	0
1	32
0	0
59	21
0	0
0	0
81	15
0	0
0	0
0	0
0	0
0	350
0	0
0	0
0	0
0	0
0	0
0	0
0	0
5	0
0	0
0	0
0	0
0	0
0	4
0	0
0	0
0	0
3	2
0	0
0	0
0	0
0	0
5	0
0	0
0	0
0	0
0	1
0	0
0	0
0	0
0	0
0	0
0	0
0	0
0	0
0	0
0	0
0	0
0	0
0	0
0	0
0	0
0	0
0	2
0	0
0	0
0	0
0	0
0	116
0	1
5	21
0	0
0	0
0	9
0	0
0	0
0	6
0	0
0	0
0	0
0	0
0	0
0	0
0	0
0	0
24	1
0	1
0	0
0	0
0	15
0	0
0	0
0	0
0	2
0	6
0	0
0	0
0	0
0	0
0	0
0	0
0	0
0	0
0	0
0	0
0	0
0	0
0	0
0	0
0	0
0	0
0	0
0	0
0	0
0	0
0	0
4	17
0	0
0	0
0	0
0	0
0	0
0	0
0	0
0	0
0	0
0	0
0	0
0	0
0	0
5	0
0	0
1	0
0	0
0	0
53	9
0	0
0	0
0	0
12	1655
0	0
0	0
0	0
0	0
0	0
0	0
0	0
0	1
0	98
0	0
16	13
0	0
0	0
0	0
0	0
5	24
0	0
0	0
0	0
0	0
0	0
1	15
0	0
0	0
0	0
0	0
0	0
0	0
0	0
0	0
22	172
1	1
0	0
0	0
0	0
0	0
0	0
0	0
0	0
0	0
0	0
0	0
0	0
0	0
0	0
8	432
0	2
0	0
0	0
0	1
0	8
0	0
0	0
0	1
0	0
0	0
0	0
0	0
0	0
0	0
0	0
0	0
0	0
0	0
0	24
0	0
0	0
0	0
0	0
0	0
0	0
0	0
0	0
0	0
0	0
0	0
0	0
0	7
0	0
0	0
0	0
0	0
0	0
0	0
0	0
0	0
0	0
0	0
0	0
0	0
0	0
0	416
0	0
0	0
0	0
0	0
0	2
0	0
0	0
11	2
0	0
0	0
0	0
0	0
0	0
0	0
0	0
0	0
0	0
0	0
0	0
0	0
6	250
0	0
0	0
0	0
0	0
0	0
0	0
0	0
0	0
0	0
0	0
0	1
0	0
0	0
0	0
0	0
0	0
0	0
0	0
0	0
0	3
0	0
0	0
0	0
0	0
0	0
0	0
2	0
0	0
0	0
0	0
0	0
0	0
0	0
0	0
0	0
0	0
0	0
0	0
0	0
0	0
0	0
0	0
0	0
0	0
0	0
0	0
0	0
0	0
0	335
0	0
0	0
0	0
0	0
0	0
0	0
0	0
1	33
0	0
0	0
0	0
0	0
0	6
0	0
0	0
0	0
0	0
0	0
0	220
0	46
0	0
0	0
0	0
0	0
0	0
0	0
0	0
0	0
0	2193
0	50
0	0
0	0
0	0
0	0
0	0
0	0
0	0
0	0
0	1
0	52
0	0
0	0
0	0
0	0
0	0
0	0
0	0
0	0
0	0
0	0
0	0
0	0
0	0
0	0
0	0
0	0
0	0
0	0
0	0
0	0
0	0
0	0
0	0
0	0
0	0
0	0
0	0
0	0
0	0
0	0
0	0
0	0
0	0
0	0
0	0
0	0
2	0
0	0
0	0
0	0
0	0
0	0
0	0
0	0
0	0
0	0
0	0
0	0
0	0
0	0
0	0
0	0
0	0
0	0
0	0
0	0
0	0
0	0
0	0
0	0
0	4
0	0
0	0
0	0
0	0
0	0
0	0
0	0
0	0
0	0
0	0
0	0
0	0
0	0
0	0
0	0
0	0
0	0
0	0
0	0
0	0
0	0
0	0
0	0
0	0
0	0
0	0
0	0
0	0
0	0
0	0
0	0
0	0
0	0
0	0
0	0
0	0
0	0
0	0
0	0
0	0
0	0
0	0
0	0
0	0
0	0
0	0
0	0
0	0
0	0
0	0
0	0
0	0
0	0
0	0
0	0
0	0
0	0
0	0
0	0
0	0
0	0
0	0
0	0
0	0
0	0
0	0
0	0
0	0
0	0
0	0
0	0
0	1
0	0
0	0
0	0
0	0
0	0
0	0
0	0
0	0
0	0
0	0
0	0
0	0
0	0
0	0
0	0
0	0
0	0
0	0
0	1
0	0
0	0
0	1
5	181
0	0
0	0
0	0
0	0
0	0
0	0
0	0
0	0
0	1
0	0
0	0
0	0
1	0
0	0
0	0
0	0
0	0
0	0
0	0
0	1
0	0
0	0
0	0
0	0
0	0
0	0
0	0
0	0
0	0
0	0
0	0
0	0
0	0
0	0
0	0
0	0
0	0
0	0
0	0
0	0
0	0
0	0
0	0
0	0
0	0
0	0
0	0
0	0
0	0
0	0
0	0
0	0
0	0
0	0
0	0
0	0
0	0
0	0
0	0
0	0
0	0
0	0
0	1
1	0
0	0
0	0
0	0
0	0
0	0
0	0
0	0
0	0
0	0
0	0
0	0
0	0
0	0
0	0
0	0
0	0
0	0
0	0
0	0
0	1
0	0
0	0
0	0
1	58
0	0
0	0
0	0
0	0
0	0
0	0
0	0
0	0
0	0
0	0
0	0
0	0
0	0
0	0
0	1
0	0
0	1
2	61
0	0
0	0
0	0
0	0
0	0
0	0
0	0
0	0
0	0
0	0
0	0
0	1
0	0
0	3
0	0
0	0
0	10
0	0
0	0
0	0
0	0
0	0
0	0
0	0
0	0
0	0
0	0
0	0
0	0
0	0
0	0
0	0
0	0
0	0
0	0
0	0
0	0
0	0
0	0
0	0
0	0
0	0
0	0
0	0
0	0
0	0
0	0
20	0
0	0
0	0
0	0
0	0
0	0
0	0
0	0
0	0
0	0
0	0
0	0
0	0
0	0
0	0
0	0
0	0
0	0
0	0
0	0
0	0
0	0
0	3
0	0
0	0
0	0
0	0
0	0
0	0
0	0
0	0
0	0
0	0
0	0
0	0
0	0
0	0
0	0
0	0
0	0
0	0
0	0
0	0
0	0
0	0
0	0
0	0
0	0
0	0
0	0
0	0
0	0
0	0
0	0
0	0
0	0
0	0
0	0
0	0
0	0
0	0
0	0
0	1
0	0
0	0
0	0
0	0
0	0
0	0
0	0
0	0
0	0
0	0
0	0
0	0
0	0
0	0
0	0
0	0
0	0
0	0
0	0
0	0
0	0
0	0
0	0
0	0
0	0
0	0
0	0
0	0
0	0
1	0
0	0
0	0
0	0
0	0
0	0
0	0
0	0
0	1
0	0
0	0
0	0
0	0
0	0
0	0
0	0
0	0
10	0
0	0
0	0
0	0
0	0
0	0
0	0
0	117
0	0
0	0
0	0
0	0
1	0
0	0
0	0
0	0
0	0
1	0
0	0
0	0
0	0
0	0
0	0
0	0
49	63
0	1
0	0
0	0
0	0
0	0
0	0
0	0
0	0
0	0
0	0
0	0
0	0
0	0
0	0
0	0
0	1
0	0
1	0
0	1
0	0
3	5
0	0
0	0
0	0
0	0
1	0
0	0
0	0
0	0
0	4
0	0
0	0
0	0
0	0
0	0
0	0
0	0
0	0
0	0
0	0
0	0
0	0
0	1
0	0
0	0
0	0
0	0
0	0
0	0
0	0
0	0
0	0
0	0
3	0
0	0
0	1
0	0
0	1
0	0
0	0
0	0
0	0
0	0
0	0
0	0
0	32
0	6
3	137
0	0
0	0
0	0
0	1
0	0
0	37
0	1
0	0
0	0
0	0
0	0
1	21
0	0
0	0
2	0
0	0
0	0
0	0
0	0
0	0
0	0
0	3
0	3
0	0
0	0
0	6
0	0
0	0
0	0
0	0
0	0
0	0
0	0
0	0
0	0
0	0
0	0
0	3
0	0
0	0
0	0
0	0
0	0
0	0
0	0
0	0
0	0
15	46
0	0
0	0
0	16
0	0
0	0
0	0
0	0
0	0
0	0
0	0
0	0
0	0
0	0
1	13
0	3
0	1
0	3
0	0
0	0
0	0
0	0
0	0
0	0
0	0
0	0
0	0
23	17
0	0
0	0
0	0
0	3
0	0
0	0
0	0
0	0
80	32
0	1
0	0
0	0
0	0
0	0
0	0
0	0
0	0
0	0
0	1
0	0
0	0
0	0
0	0
0	0
0	0
0	0
0	0
0	0
0	0
0	0
0	0
0	0
0	0
2	0
0	0
1	0
9	25
0	0
0	0
0	0
0	0
0	0
0	0
0	0
0	0
0	0
0	86
0	0
0	0
0	0
0	0
0	0
0	0
0	0
0	0
0	0
0	0
0	0
0	0
0	19
0	1
0	0
0	0
0	0
0	63
0	0
0	0
0	0
0	0
0	0
0	0
0	0
1	165
0	0
1	7
0	73
0	0
0	0
0	0
0	0
0	0
0	72
0	0
0	0
0	0
0	0
0	0
0	0
0	0
0	0
0	0
0	0
0	0
0	0
1	0
0	0
0	0
0	0
0	0
0	0
0	0
0	0
0	0
0	0
0	1
0	0
0	0
0	0
0	0
0	0
0	0
0	4
1	1
0	0
0	0
0	0
1	0
0	0
0	0
0	0
0	0
10	303
0	0
107	15
0	0
0	0
0	0
0	0
0	0
0	0
0	0
0	0
0	1
0	0
0	0
0	0
0	0
0	0
0	0
0	0
0	0
0	3
0	0
0	0
0	0
0	0
0	0
0	0
0	0
0	2
0	0
0	0
0	0
0	0
0	0
0	0
0	0
0	0
0	0
0	0
0	0
0	0
0	0
0	0
0	0
0	0
0	1
0	0
0	0
0	0
6	6
0	0
0	0
0	0
0	0
0	0
0	0
0	0
0	0
0	0
0	0
0	0
0	0
0	0
0	0
0	5
7	17
0	0
0	0
0	2
0	0
0	0
0	0
0	0
0	0
0	0
0	0
0	0
0	0
0	0
0	0
0	0
0	0
0	0
0	0
0	0
0	0
0	0
0	0
0	0
0	0
0	0
0	0
0	0
0	0
0	0
0	0
0	0
0	0
0	0
0	1
0	0
0	0
0	0
0	0
0	0
0	0
0	0
0	0
0	0
0	0
0	0
0	0
0	0
0	0
0	0
0	0
