UniqueCount	AmbigCount
0	0
0	0
0	0
0	0
0	0
0	0
0	0
0	0
0	0
0	0
0	0
0	0
0	0
0	0
0	0
0	0
0	0
0	0
0	0
0	0
0	0
0	0
0	0
0	0
2	0
0	0
0	0
0	0
0	0
0	0
0	0
0	0
0	0
0	0
0	0
0	0
0	0
0	0
0	0
0	0
0	0
0	0
0	0
0	0
0	0
0	0
0	0
0	0
0	0
0	0
0	0
0	0
0	0
0	0
0	0
0	0
0	0
0	0
0	0
0	0
0	1
0	0
0	0
0	0
0	0
0	0
0	0
0	0
0	0
0	0
0	0
0	0
0	0
0	0
0	0
0	0
0	0
0	0
0	0
0	0
0	0
0	0
0	0
0	0
0	0
0	0
0	0
0	0
0	0
2	0
0	0
0	0
0	0
0	0
0	0
0	0
0	0
0	0
0	0
0	0
0	0
0	0
0	0
0	0
0	0
0	0
0	0
0	0
0	0
0	0
0	0
0	0
0	0
0	0
0	0
0	0
0	0
0	0
0	0
0	0
0	0
0	0
0	1
0	0
0	0
0	0
0	0
0	0
0	0
0	0
0	0
0	0
0	0
0	0
0	0
0	0
0	0
0	0
1	0
0	0
0	0
0	0
0	0
0	0
0	0
0	0
0	0
0	0
0	0
0	0
0	0
0	0
1	0
0	0
0	0
0	0
0	0
0	0
0	0
0	0
0	0
0	0
0	0
0	0
0	0
0	0
0	0
0	0
0	0
0	0
0	0
0	0
0	0
0	0
0	0
0	0
0	0
0	0
0	0
0	0
0	0
0	0
0	0
0	0
0	0
0	0
0	0
0	0
0	0
0	0
0	0
0	0
0	0
0	0
0	0
0	0
0	0
0	0
0	0
4	0
0	0
0	0
0	0
0	0
0	0
0	0
0	0
0	0
0	0
0	0
0	0
1	5
0	5
0	5
5	25
0	22
0	0
0	0
0	0
0	0
0	3
0	3
0	5
0	29
0	29
0	29
0	5
0	0
0	5
0	3
0	3
0	5
0	29
0	29
0	266
0	369
0	26
0	77
0	369
0	0
0	0
0	0
0	0
0	0
0	0
0	0
0	0
0	0
0	0
0	0
0	0
0	0
2	33
0	33
0	0
0	0
0	0
0	0
0	0
0	0
0	1
0	1
0	28
5	1
0	26
2	9
0	28
74	99
1	9
0	80
0	65
0	19
0	64
0	0
0	2
0	2
0	0
0	751
0	98
0	0
0	0
0	0
0	0
0	0
0	0
0	0
0	0
0	0
0	0
0	0
0	0
0	0
0	0
0	0
0	0
0	0
0	0
0	0
0	0
0	0
0	0
0	0
0	0
0	0
0	0
0	0
0	0
0	0
0	0
1	44
0	44
0	44
0	44
0	44
0	44
0	44
0	5
0	5
0	5
0	40
0	0
0	0
2	19
8	108
0	108
0	12
0	15
0	12
0	0
0	0
0	0
0	0
0	0
0	0
0	0
0	0
0	0
0	0
0	0
0	0
0	0
0	0
0	0
0	0
0	0
0	0
0	1
0	1
0	1
0	1
0	0
0	0
0	5
0	5
0	5
0	2
0	2
0	1
0	1
0	0
0	0
0	0
0	0
0	5
0	0
0	0
0	0
0	0
1	0
1	0
0	0
0	0
0	0
0	0
0	0
0	0
0	0
0	0
0	0
0	0
0	0
0	0
0	0
0	0
0	0
0	0
0	0
0	0
0	0
0	0
0	0
0	0
0	0
0	0
0	0
0	0
0	0
0	0
0	0
0	0
0	0
0	0
0	0
0	0
0	0
0	0
0	0
0	0
0	0
0	0
0	0
0	0
0	0
0	0
0	0
0	0
0	0
0	0
0	0
0	0
0	0
0	0
0	0
0	0
0	0
0	0
0	0
0	0
0	0
0	0
0	0
0	0
0	0
0	0
0	0
0	0
0	0
0	0
0	0
0	0
0	0
0	0
0	0
0	0
0	0
0	0
0	0
0	0
0	0
0	0
0	0
0	0
0	0
0	0
0	0
0	0
0	0
0	0
0	0
0	0
0	0
0	0
0	0
0	0
0	0
0	0
0	0
0	0
0	0
0	0
0	0
0	0
0	0
0	0
0	0
0	0
0	0
0	0
0	0
0	0
0	0
0	0
0	0
0	0
0	0
0	0
0	0
0	0
0	0
0	0
0	0
0	0
0	0
0	0
0	0
0	0
0	0
0	0
0	0
0	0
0	0
0	0
0	0
0	0
0	0
0	0
0	0
0	0
0	0
0	0
0	0
0	0
0	0
0	0
0	0
0	0
0	0
0	0
0	0
0	0
0	0
0	0
0	0
0	0
0	0
0	0
0	0
0	0
0	0
0	0
0	0
0	0
0	0
0	0
0	0
0	0
0	0
0	0
0	0
0	0
0	0
0	0
0	0
0	0
0	0
0	0
0	0
0	0
0	0
0	0
0	0
0	0
0	0
0	0
0	0
0	0
0	0
0	0
0	0
0	0
0	0
0	0
0	0
0	0
0	0
0	0
0	0
0	0
0	0
0	0
0	0
0	0
0	0
0	0
0	0
0	0
0	0
0	0
0	0
0	0
0	0
0	0
0	0
0	0
0	0
0	0
0	0
0	0
0	0
0	0
0	0
0	0
0	0
0	0
0	0
0	0
0	0
0	0
0	0
0	0
0	0
0	0
0	0
0	0
0	0
0	0
0	0
0	0
0	0
0	0
0	0
0	0
0	0
0	0
0	0
0	0
0	0
0	0
0	0
0	0
0	0
0	0
0	0
0	0
0	0
0	0
0	0
0	0
0	0
0	0
0	0
0	0
0	0
0	0
0	0
0	0
0	0
0	0
0	0
0	0
0	0
0	0
0	0
0	0
0	0
0	0
0	0
0	0
0	0
0	0
0	0
0	0
0	0
0	0
0	0
0	0
0	0
0	0
0	0
0	0
0	0
0	0
0	0
0	0
0	0
0	0
0	0
0	0
0	0
0	0
0	0
0	0
0	0
0	0
0	0
0	0
0	0
0	0
0	0
0	0
0	0
0	0
0	0
0	0
0	0
0	0
0	0
0	0
0	0
0	0
0	0
0	0
0	0
0	0
0	0
0	0
0	0
0	0
0	0
0	0
0	0
0	0
0	0
0	0
0	0
0	0
0	0
0	0
0	0
0	0
0	0
0	0
0	0
0	0
0	0
0	0
0	0
0	0
0	0
0	0
0	0
0	0
0	0
0	0
0	0
0	0
0	0
0	0
0	0
0	0
0	0
0	0
0	0
0	0
0	0
0	0
0	0
0	0
0	0
0	0
0	0
0	0
0	0
0	0
0	0
0	0
0	0
0	0
0	0
0	0
0	0
0	0
0	0
0	0
0	0
0	0
0	0
0	0
0	0
0	0
0	0
0	0
0	0
0	0
0	0
0	0
0	0
0	0
0	0
0	0
0	0
0	0
0	0
0	0
0	0
0	0
0	0
0	0
0	0
0	0
0	0
0	0
0	0
0	0
0	0
0	0
0	0
0	0
0	0
0	0
0	0
0	0
0	0
0	0
0	0
0	0
0	0
0	0
0	0
0	0
0	0
0	0
0	0
0	0
22644	1126
1394	113
14735	1748
14625	12551
47	4352
48	4770
18	37452
35	43421
1248	0
0	38336
19649	35069
11190	226
18511	0
9	0
0	362
0	380
0	303
5	396
0	85
0	33
0	196
0	319
2	156
0	92
0	138
2	81
1206	933
3	423
0	239
1	214
0	311
109	9
2	311
1	203
1	302
24	165
2	270
2	62
0	4
0	29
0	107
0	98
1	120
2	44
1	26
31	105
0	26
0	34
0	313
0	0
0	0
0	0
0	0
371	627
94	16
1	140
1	615
1	188
0	104
0	77
0	381
5	376
1	0
241	2427
104	2427
131	255
9	25
1	22
0	72
1	40
3	102
0	151
3	32
0	348
0	168
0	31
2	348
0	428
1	431
0	335
0	401
0	356
1	93
5	34
1	30
0	137
3	271
6	168
1	150
0	85
0	0
5316	53
119	969
2	909
2	911
4	6
0	6
0	0
0	0
0	2
0	1
0	1
19	2
0	0
0	0
0	1
0	1
0	756
64	859
6	255
5	0
0	56
0	164
0	33
0	26
0	36
0	22
0	24
18	1
7	12
0	1234
0	1108
1	887
0	201
0	36
1	34
0	31
1	36
10	16
3	5
10	0
0	5
1	2
0	0
0	15
6	15
0	12
1	15
0	0
0	0
40	735
24	716
0	104
1	7
3	338
17	46
0	0
22	2386
16	2386
14	1616
15	62
2	273
0	1340
6	133
0	39
15	133
0	98
0	62
17	80
5	80
0	0
0	92
0	93
12	91
0	8
0	73
0	13
0	30
0	28
0	25
0	32
0	7
0	72
0	2
42	66
1	9
0	46
0	66
9	0
0	0
0	0
0	0
0	0
0	0
0	0
0	7
0	8
0	3
0	2
0	2
0	0
0	0
0	0
0	0
0	0
0	0
1	1
0	1
0	1
0	0
0	0
0	0
0	0
4	0
0	0
0	0
0	0
0	0
0	0
0	0
0	0
0	0
0	0
0	0
26	3
0	0
0	0
0	3
0	2
0	3
0	3
0	0
165	892
44	395
5	137
52	747
0	653
1	176
0	151
0	230
0	207
9	40
1	144
2	264
395	305
3	5
7	300
0	51
381	51
0	0
2	0
0	0
20	0
89	423
1	98
1	97
119	295
0	78
21	9
3	9
92	75
0	39
0	5
0	67
399	42
5	42
2	668
0	90
0	166
4	199
24	647
0	131
3	96
1	350
0	360
1	192
11	172
31	221
0	57
0	57
0	41
23	4
11	352
0	352
2	33
2	4
8	145
0	91
3	145
10	2
0	5
2	2
4	3
21	2314
51	2311
0	8
47	667
38	316
14	58
0	2
2	1
0	31
0	32
0	314
0	11
0	187
1	6
0	13
0	0
0	0
0	0
0	0
0	0
0	0
0	0
0	0
0	0
0	0
0	0
0	0
2	241
4	241
0	205
1	0
0	5
0	1
0	5
1	5
0	4
0	1
0	0
0	0
0	0
0	0
0	0
0	0
0	0
0	0
22	48
0	2
0	2
0	0
0	46
0	3
3	0
0	11
0	0
0	0
0	0
0	0
9	159
3	159
0	162
0	9
0	14
0	15
0	0
0	0
0	0
0	0
0	0
0	0
0	0
0	0
146	92
1	20
0	92
18	50
16	1704
0	225
0	195
1	20
0	86
0	1704
0	0
19	92
0	92
3	110
4	114
0	25
0	16
0	0
0	2
0	1
0	7
0	16
0	0
0	16
0	301
2	0
5	290
0	304
17	273
15	0
70	0
179	0
79	28
2	32
0	32
0	0
0	356
0	0
0	28
0	24
0	354
0	29
0	356
0	0
7	0
630	541
1	306
4	126
62	109
452	170
0	37
0	139
4	124
151	320
0	263
0	1
2	116
14	31
7	7
0	65
177	939
3	155
0	934
0	617
2	341
0	1136
0	16
2	208
2	166
0	209
0	168
1	33
2	165
2	165
0	165
0	165
0	138
0	104
0	73
0	0
0	48
0	146
0	74
0	83
1	70
0	405
11	406
0	406
1	401
14	0
184	73
32	50
0	73
0	3
0	0
0	0
0	0
0	0
0	0
0	0
0	0
0	0
238	62
0	62
19	11
13	73
12	8
0	27
0	62
0	110
6	42
12	153
0	110
12	44
2	2
0	3
0	3
1	367
0	381
0	269
0	106
0	141
0	125
13	133
11	104
0	106
0	0
106	14
0	14
2	8
0	0
1	0
0	0
0	0
0	69
0	68
5	17
0	53
0	47
8	0
1	16
4	17
1	18
2	11
130	13
11	25
1	9
18	3
0	40
7	0
5	1686
31	183
3	20
4	165
0	19
0	135
0	1681
0	0
0	0
0	10
0	10
0	5
0	5
0	5
0	5
0	3
0	4
1	0
1	1
0	0
0	0
0	0
0	0
0	494
1	268
0	358
0	295
0	122
0	135
1	114
0	302
0	432
12	97
0	212
5	438
50	435
5	297
1	72
0	113
2	94
1	351
0	42
0	82
0	112
0	493
0	33
0	33
0	13
3	0
5	2
0	1
0	9
1	9
2	3
498	110
0	110
3	0
30	0
0	0
312	4200
0	4362
16	4165
5	316
2	196
0	109
0	0
17	1468
0	690
13	712
0	894
0	718
19	10
57	673
2	344
1	177
3	428
0	110
11	7
0	49
0	264
0	22
0	17
0	17
0	55
0	55
0	618
0	6
0	6
0	5
0	1
0	3
0	1
32	134
32	108
0	9
10	27
0	27
5	26
7	18
0	0
11	49
0	7
0	8
22	76
0	70
1	17
7	15
2	3
566	646
6	646
1261	6329
0	3275
0	1774
247	4283
15	2875
0	0
40	1668
21	141
11	609
4	301
1	206
77	0
3	43
6	1004
1	82
4	47
1	79
2	23
17	4
169	68
0	67
0	1
0	4
1	0
177	474
11	246
0	303
16	533
0	416
0	527
0	263
0	22
4	70
4	6
0	524
0	369
20	354
2	285
3	317
0	357
0	14
0	52
0	315
0	0
0	0
0	0
0	0
0	0
5	61
0	0
0	31
0	18
0	30
1	9
0	9
1	0
0	7
10	788
0	1271
4	36
0	59
495	1286
7	665
0	135
2	19
0	275
4	122
0	46
3	22
23	0
23	23
0	189
0	110
0	445
2	88
935	12
1	12
1	108
0	2
0	8
1	18
16	10
0	29
0	18
2	84
4	48
0	0
0	0
0	0
0	0
0	1
0	1
0	101
5	169
1	169
0	56
19	1434
0	1533
9	1481
15	81
0	206
1	1471
2106	93
47	55
0	36
5	38
7	1
6	1312
2	2085
0	6
11	2105
24	403
3	938
46	2050
24	2105
5	12
0	0
2	1
0	0
121	567
23	558
2	37
928	308
2	67
0	114
0	127
0	0
11	1
0	0
0	1
0	4
4	4
0	0
0	0
0	0
1638	1592
0	1589
1	123
3	4
0	36
16	241
0	276
0	276
0	37
0	37
0	16
0	277
1	0
33	8700
34	3846
5	8810
17	322
214	385
0	307
0	259
46	367
0	58
0	26
2	111
8	17
0	151
0	0
0	0
17	97
0	767
1	54
1	37
0	202
167	0
2	143
7	326
35	43
3	43
1	126
0	616
1	713
0	777
0	763
0	789
0	399
1970	0
0	0
0	0
0	0
0	0
0	0
0	0
0	0
17	6
0	6
0	0
0	1
0	3
0	546
89	37
0	37
0	0
0	0
0	0
0	0
2	73
0	7
0	9
2	21
0	42
0	21
0	64
0	3
0	0
5	21
0	27
0	23
123	49
0	49
0	391
52	1092
0	1092
0	3097
18	2940
1	1711
2	354
7	253
10	289
15	138
5	135
0	3097
472	445
0	55
45	127
0	96
0	96
0	150
2	146
3	70
0	35
0	52
4	1684
0	1655
2	198
9	553
36	1355
0	280
0	164
2	105
0	339
0	104
0	195
40	776
0	172
0	219
0	218
0	520
2	64
0	79
0	88
107	1
48	96
2	7
0	29
3	5
4	9
2	27
1	13
0	27
0	6
99	72
2	72
0	14
1	0
0	439
18	318
0	239
0	71
0	79
0	107
1	3
0	30
2	45
0	407
4	92
9	92
0	0
2	0
0	0
0	0
0	0
0	0
0	0
0	0
0	0
0	0
0	0
1	0
0	0
1	0
0	0
0	0
0	0
0	0
0	0
0	18
0	39
0	28
0	16
0	39
0	11
0	30
1	11
0	20
0	19
0	6
0	3
0	7
0	1
1	35
7	35
218	35
40	23
0	20
0	14
339	182
0	71
0	122
0	0
0	0
0	0
0	0
0	0
0	124
0	114
7	505
0	562
37	36
0	433
5	122
0	3
0	3
0	1
0	3
0	2
0	3
0	3
0	2
0	2
0	1
0	2
0	3
0	2
0	0
0	0
47	9
2	9
28	0
0	0
0	0
0	2
0	2
1	0
0	2
0	2
0	2
0	0
0	2
0	2
0	2
28	414
10	446
6	192
1	4
0	52
9	48
0	2
6	37
11	468
1	468
12	118
4	0
0	3
550	351
13	95
0	265
0	96
10	103
0	3
0	3
10990	461
2	461
0	417
39	417
6	166
3	103
1	76
7	17
0	33
0	27
0	5
0	4
0	32
20	683
3	81
10	256
3	354
0	311
0	96
2	41
0	65
1	25
10	9
1	45
0	90
97	269
1	114
0	87
1	23
0	427
1	16
0	34
14	13
0	24
0	14
0	22
0	15
0	241
0	437
0	109
6	578
1	258
7	56
0	52
0	258
2	66
0	137
7	94
0	211
0	0
0	0
0	0
0	0
0	0
0	0
2	17
1	11
0	0
0	24
0	0
0	0
0	20
0	0
0	0
0	0
0	3
0	0
0	22
0	0
0	0
0	0
0	0
2	104
58	104
406	315
2	72
2	78
1	68
0	97
0	41
132	39
6	21
2	0
0	0
0	358
0	318
6	185
0	358
0	353
0	0
0	0
1	130
0	93
0	112
0	84
3	35
1	9
1	4
0	1
0	0
0	1
0	0
0	1
0	1
10	657
14	614
2	264
2	55
0	100
1	181
11	63
4	115
0	172
153	5892
23	5892
0	231
18	171
8	17
6	0
0	107
16	114
0	113
0	7
3	10
73	0
1	284
0	278
0	305
0	112
0	42
0	267
0	43
0	119
0	95
2	58
2	93
0	82
0	46
0	39
0	24
2	123
0	127
1	123
31	24
0	12
0	0
0	0
0	0
0	0
0	0
0	0
276	0
0	2
0	0
0	0
0	8
0	8
0	0
0	2
0	0
0	0
16	8
0	4
0	8
0	4
0	0
5	86
1	105
3	109
11	79
0	47
5	17
1	0
1	1554
9	46
6	1508
1	115
0	192
7	27
27	1168
33	167
21	36
5	183
7	19
1	158
5	236
0	236
0	235
27	15
0	235
0	223
42	61
0	87
0	117
12	35
0	65
0	43
20	68
633	101
3	101
0	245
0	87
5	55
12	245
84	16
0	16
0	14
13	928
0	932
41	188
0	123
0	141
0	51
1	119
38	282
61	95
14	40
0	266
0	120
1	218
0	1038
27	1036
0	190
4	190
1	190
0	7
0	0
0	0
0	0
0	0
0	0
0	0
0	0
0	3
0	3
0	0
0	0
0	3
0	2
0	0
0	3
0	1
274	571
0	430
0	71
0	83
0	47
0	12
0	32
0	8
1	9
5	249
0	294
0	294
0	276
0	26
0	86
157	87
7	1
0	1
0	1
3	0
0	1
0	496
3	11
0	496
0	22
0	22
0	127
0	19
0	12
3	4
0	127
0	21
18	431
0	429
0	60
0	59
0	99
2	385
2	97
0	66
0	431
1	1
0	1
471	21
25	48
0	47
17	0
3	21
0	44
24	31
0	490
6	523
85	13
9	53
0	524
1	0
0	0
0	10
0	10
112	285
0	107
0	178
1	99
0	33
0	1
0	1
0	191
550	446
2	181
3	74
1	158
98	1186
5	0
0	1020
0	518
0	1186
110	0
0	0
0	0
0	0
0	0
0	0
2	0
2	495
0	296
4	305
0	499
0	1
1	1
0	450
0	59
40	19
0	450
0	92
5	249
0	51
3	70
1	83
21	19
0	9
13	64
0	56
0	0
0	0
0	0
0	0
0	62
0	12247
4	12202
0	5125
2	874
0	37
12	102
174	2
0	7
0	155
1	15
5	404
0	164
0	136
0	371
2	402
0	0
4	56
3	25
0	69
2	54
12	37
3	140
1	950
0	992
1	980
0	60
0	466
0	113
2	110
0	413
0	213
2	39
0	349
0	280
0	124
0	209
0	186
0	131
4	87
32	62
0	62
0	7
1	0
2	100
0	35
1	21
18	115
3	189
1	40
4	203
7	29
0	24
0	116
0	95
51	76
8	12
1	196
16	7
0	1394
15	1462
0	81
0	0
2	21
5	15
4	53
8	79
0	34
2	55
0	0
0	0
0	0
5	0
0	0
0	0
0	0
0	0
0	0
0	0
0	0
37	0
0	3
0	0
1	3
0	0
0	0
0	0
0	2
0	15
0	33
0	168
3	44
87	168
0	104
0	14
1	1
0	79
0	96
0	53
1	85
0	104
0	28
0	65
0	94
0	199
0	48
1	30
4	174
2	52
0	220
0	205
3	77
0	52
0	85
0	147
1	167
1	102
5	281
7	298
4	107
0	64
0	103
0	39
0	73
3	242
13	98
0	269
2	14
0	19
1	47
0	44
21	81
0	98
0	13
1	94
0	4
0	2
164	121
0	0
0	0
0	0
2	0
9	84
15	0
1	74
12	714
0	219
3	786
440	793
0	10
0	2
4	0
0	56
0	4
0	2
26	59
3	110
4	240
0	185
181	0
0	19
0	88
0	51
0	48
0	437
155	447
21	166
24	78
2	11
0	0
0	26
82	29
0	27
1	24
0	27
45	34
6	23
11	20
0	31
4	13
0	77
0	40
0	89
158	89
0	183
1016	183
172	0
2	23
0	34
0	30
0	36
0	106
5	110
3	10
0	48
10	20
0	46
0	11
0	35
0	48
1	2
0	0
0	0
2	0
0	0
1	2
0	2
0	37
0	40
0	42
38	42
1	37
8	105
40	232
2	87
15	658
81	737
1	411
0	72
1636	0
0	0
0	1
0	1
0	98
286	98
366	827
0	826
0	59
2	304
1	45
0	0
1	0
0	217
8	197
2	8
1	205
3	192
0	40
0	213
0	217
0	197
25	216
3955	216
12	179
3	0
231	250
0	105
0	43
0	81
2	114
0	50
1	28
0	53
0	50
3	13
0	16
8	3
18	133
0	153
2	125
13	148
0	24
0	23
0	27
0	23
0	25
0	28
0	97
5	38
0	31
1	27
0	39
1	14
0	17
1	8
4	14
108	14
20	77
17	357
25	391
0	0
10	0
615	117
5	117
0	0
0	0
6	0
0	179
0	204
0	198
0	190
15	129
2	167
0	84
4	1
2	20
0	30
0	194
0	0
0	1
0	0
0	1
0	4
3	4
0	4
0	0
0	0
0	0
0	573
1	643
1	1161
38	1279
485	0
2	128
2	128
1857	407
0	289
1	40
12	30
25	14
0	91
0	139
1	191
8	317
10	139
0	47
0	64
2	46
0	14
0	4
0	4
0	4
0	4
0	0
0	4
0	0
0	0
0	0
0	0
311	0
336	0
0	85
0	87
0	86
0	57
0	76
0	76
16	53
0	15
0	0
0	0
0	0
0	11
0	4
0	11
0	4
0	8
0	6
0	7
0	8
0	5
0	4
0	3
0	1
0	1
0	1
0	0
0	0
0	0
0	0
0	0
0	0
0	0
109	47
0	47
0	513
0	518
0	504
0	508
0	509
0	501
0	449
0	503
0	516
0	295
0	319
5	91
8	34
0	19
28	0
0	0
0	921
0	953
12	838
1	875
0	885
7	314
0	948
0	492
108	640
7	74
0	588
17	61
3	0
18	502
3	60
3	189
0	168
0	81
0	3
0	1
0	0
0	0
0	0
0	0
0	0
0	1
0	1
0	1137
0	959
1	1095
4	180
0	197
0	221
0	153
0	0
0	0
1	0
0	0
5	95
3	94
5	64
0	48
0	315
0	44
39	1022
129	1365
0	1367
2890	2716
5	615
0	259
6	462
6	476
2	326
30	854
70	269
0	447
1	98
41	98
0	12
2	0
0	0
40	2364
43	882
0	2236
0	1893
14	95
0	1
0	0
0	1
3	54
0	32
0	19
0	35
0	29
5	51
286	51
0	38
489	136
0	74
3	92
20	36
0	0
0	5
0	5
0	5
0	249
0	296
0	283
0	36
0	52
10	44
0	6
12	0
0	5
0	10
26	0
1	0
9	1006
1	1244
0	1213
0	1255
0	1244
0	1226
1	201
1	921
2	873
6	54
0	105
8	42
3	43
14	51
18	21
0	138
0	152
238	50
10	72
0	1228
0	1244
12	65
0	48
3	43
1093	0
1	247
0	216
0	37
3	177
0	116
0	185
0	175
12	6
3	14
37	14
0	14
0	2
0	2
0	2
161	144
0	74
0	24
26	2
0	32
44	69
1	11
0	63
0	140
0	0
0	0
0	5
0	5
0	0
0	0
4	5
0	5
167	1066
0	380
0	364
0	861
1	20
0	47
1	46
257	386
0	74
19	164
0	12
0	10
0	9
1	7
0	4
3	0
0	1
0	9
0	10
3	337
3	322
0	284
0	310
0	300
27	94
1	88
6	101
0	94
9	65
0	279
6	224
0	96
3	241
2	21
1	8
52	8
10	255
1	255
6	0
0	0
2	4
0	4
2	3
0	0
0	0
0	3
111	2449
45	2449
3	346
3	105
0	0
0	0
0	0
0	21
181	132
0	128
0	5
1	77
0	131
0	0
0	0
8	31
3	87
0	87
0	71
0	7
13	6
20	560
2	90
0	98
0	194
9	470
13	184
1281	1186
28	116
36	428
0	605
0	481
0	302
0	312
1	49
0	3
0	0
0	0
0	0
0	0
0	0
0	0
0	0
0	0
0	0
0	0
0	0
0	0
0	338
0	343
4	307
0	315
0	142
0	36
0	12
2	3
0	34
2	23
0	0
0	0
0	0
0	0
0	0
0	3384
0	7853
0	7228
8	199
0	397
0	5455
0	692
0	3386
0	1490
7	420
0	7765
6	2189
0	2539
7	2118
0	7765
72	78
0	31
0	47
0	0
0	0
1	19
0	9
1	16
2	7
0	19
1	2
0	14
0	61
0	18
0	42
0	35
1	61
0	47
0	26
0	28
0	62
0	49
4	47
0	40
0	8
0	8
0	8
0	13
0	137
0	130
0	137
9	0
0	114
1	127
0	137
0	7
1	14
0	127
2	19
7	25
0	37
0	34
2	3
1	9
0	13
0	31
0	10
0	31
0	22
0	23
0	19
0	19
0	0
0	0
0	19
0	27
0	20
1	4
0	20
1	3
41	0
0	0
0	0
0	549
0	0
3	549
0	0
1	0
0	146
0	20
0	111
2	57
0	136
0	49
0	179
0	157
0	94
3	59
2	49
0	19
13	17
8	3
0	4
0	8
0	8
0	5
0	1
0	4
0	0
135	0
0	408
1	355
0	389
3	630
0	704
0	0
0	0
0	0
0	0
0	313
1	276
0	300
11	35
1	29
0	313
0	236
22	551
0	535
1	515
21	20
14	0
0	34
0	29
0	33
5	39
0	33
0	16
0	5
717	364
0	230
0	16
0	16
1	0
0	41
0	30
0	42
0	26
1	41
0	34
3	20
1	0
0	3
0	1
0	2
0	1
0	1
0	2
1	2
0	0
0	2
15	20
295	873
0	20
23	873
0	168
13	126
25	16
3	163
3	336
0	337
0	336
1	21
5	147
0	37
0	35
1	28
0	15
0	337
0	331
0	109
0	23
0	16
0	109
0	16
0	12
2	65
0	13
0	1910
0	1827
53	1092
0	1294
163	177
0	1891
19	1899
0	311
5	152
0	361
0	1058
11	221
6	306
5	8
62	3
0	3
210	20
0	26
0	723
0	8
0	724
35	146
2	13
1	144
0	0
0	1
0	1
1	27
0	27
0	16
0	0
0	0
1	16
0	0
0	0
0	0
0	0
0	0
0	523
7	578
6	260
8	130
19	176
0	114
17	150
0	126
17	57
153	174
0	119
1	263
0	68
0	31
2	213
0	26
10	164
268	749
0	473
0	49
3	92
0	115
1	27
0	72
0	0
5	2
0	2
0	3
0	72
0	196
0	199
1	149
7	169
0	31
0	2
5	15
186	372
0	372
0	24
0	298
2	293
0	47
0	40
0	11
0	73
0	10
0	11
2	22
4	14
0	10
4	0
1	0
1	278
0	320
0	464
1	430
0	50
7	193
2	58
0	53
0	0
0	0
0	0
0	0
0	0
7	1470
68	1499
3	591
0	1319
2	116
4	153
11	492
1	37
0	92
0	93
6	91
0	90
5	84
0	6
0	9
0	1
0	0
2055	230
0	107
2	123
3	120
1283	560
4	19
11	421
0	0
0	0
1	0
0	32
233	0
0	0
11	0
1	89
0	51
0	4
0	5
5	39
0	142
1	173
0	31
83	141
0	31
1	8
14	102
2	83
0	43
0	88
0	79
0	8
0	8
4	16
0	61
0	5
5	327
36	327
2	15
1	36
0	9
0	2
0	1
0	9
0	11
0	12
2	12
0	3
0	2
0	12
0	9
0	0
0	3
0	2
0	1
0	11
223	173
0	73
18	50
4	36
3	95
0	60
9	104
0	53
0	45
0	52
0	34
0	97
308	11
0	0
0	11
0	0
0	0
0	5
3	64
229	115
0	102
0	68
0	36
0	0
0	0
0	0
1	271
23	741
25	758
0	519
0	168
30	65
0	772
3336	0
0	0
0	4
0	4
0	4
0	1
0	0
0	0
0	4
545	0
17	150
0	154
13	143
3	87
0	88
0	32
2	43
4	22
0	17
0	22
0	1
3	1
0	0
0	0
0	0
0	0
0	0
0	0
0	0
3	0
0	0
0	0
0	0
0	0
0	2
0	0
0	6
0	8
0	8
0	7
0	5
0	0
80	69
0	46
0	28
0	81
6	1132
0	846
0	42
67	768
0	146
0	106
0	201
0	155
0	1
0	1
0	1
0	0
0	0
0	0
0	0
0	0
0	0
0	0
0	0
431	1678
95	1547
0	439
17	846
15	0
152	178
0	166
3	165
0	12
0	0
0	1574
0	1675
0	150
0	104
0	173
0	116
0	51
0	48
0	0
0	0
0	0
0	0
0	0
0	0
0	0
0	0
0	0
0	0
0	0
0	0
0	0
0	0
0	0
0	0
2	380
14	356
0	424
0	123
0	164
3	131
0	8
722	475
37	477
12	30
0	720
8	691
11	706
24	11
10	82
0	77
4	86
7	80
0	13
0	25
2	21
15	13
0	1
0	0
0	0
0	0
0	1266
0	1259
0	361
0	156
0	149
103	65
0	65
0	0
23	0
1	168
0	172
1	155
0	154
0	160
1	140
550	1486
1	1487
22	0
98	1166
1	152
9	77
757	213
12	213
7	84
3	330
1	313
0	330
0	30
2	6
0	0
0	0
0	0
0	0
0	0
0	0
0	0
0	0
0	0
1	449
0	146
0	470
0	135
0	265
0	183
0	644
0	469
0	652
0	621
0	145
0	135
0	69
0	54
0	34
0	133
119	613
0	133
10	409
0	89
0	0
0	0
0	131
0	78
0	78
0	78
0	124
0	74
0	131
0	54
0	70
0	25
0	11
1	27
0	32
0	32
0	31
0	17
0	19
0	17
0	15
0	21
0	121
0	0
0	0
0	0
0	0
808	198
2	111
1	70
12	119
0	531
710	510
78	249
4	259
0	275
9	14
9	21
3	134
2	125
18	41
0	4
0	23
0	0
0	0
4	248
0	191
0	17
0	216
3	223
13	17
0	140
0	34
0	189
7	26
0	25
0	29
0	248
13	201
0	192
0	54
0	0
0	0
0	0
10	121
1	122
0	112
2	122
13	113
0	113
7	108
3	110
0	31
2	0
0	0
0	0
0	0
2	46
0	5
0	0
0	46
0	0
0	0
461	0
6	152
0	113
0	136
3	104
0	139
0	131
0	133
0	134
0	97
1	70
0	46
3	21
65	59
0	19
0	45
0	8
0	18
0	1
0	223
9	216
0	16
0	26
0	43
0	9
4	15
0	0
0	0
0	0
0	0
0	0
0	568
0	592
0	221
0	64
0	567
17	330
0	331
1	11
28	230
1	28
1	9
0	5
10	9
5	1
0	0
0	62
0	0
0	0
0	0
0	0
0	0
0	0
180	87
1	454
6	1309
45	1072
7	187
0	187
0	40
0	28
0	79
0	193
4	193
0	79
0	79
29	179
0	197
0	197
0	104
0	0
0	0
0	0
0	0
0	3
0	0
0	3
0	0
0	0
0	3
7	26
0	26
0	26
0	26
0	15
2	7
1	6
2	431
10	429
0	391
1	404
0	391
0	165
6	92
0	227
2	45
0	178
1	26
0	40
0	31
21	12620
85	12622
0	12621
0	12620
0	12624
0	12621
0	12625
5	12623
4	4091
0	2672
0	2005
0	1854
0	1877
0	1813
0	0
0	4
4	18
0	12408
0	12537
0	12540
2	12625
0	12386
0	0
0	0
0	0
0	0
0	0
0	0
0	0
0	0
61	164
1538	701
47	329
0	679
0	287
0	68
0	0
0	0
0	0
0	0
0	1571
435	1070
0	2064
114	575
0	1711
3	1495
2	7
0	346
6	934
4	2095
188	0
404	1151
2	1087
5	64
173	8
1	8
168	237
10	6
0	231
16	88
0	1
0	88
0	11
0	0
1	0
0	0
0	1
0	0
1	1
0	0
0	0
3	1079
0	935
2	877
0	141
0	152
44	263
2	289
0	291
16	285
10	0
23	363
0	25
0	18
0	728
0	0
0	0
0	0
0	0
0	0
0	0
0	0
0	93
96	208
1	95
3	84
0	133
1	0
0	0
0	0
0	0
0	0
0	0
0	0
0	0
0	0
1	1893
0	1991
17	1907
0	1950
3	207
4	224
1	600
14	85
0	339
0	233
1	79
6	236
3	254
39	477
0	477
0	0
0	0
0	0
0	0
0	0
1247	366
34	154
7	212
0	0
527	51
1	51
8	1311
1	1301
16	124
8	78
24	22
0	3
0	1818
39	1722
79	1869
48	1793
71	1620
5	43
7	774
0	495
11	100
31	701
80	604
0	296
11	114
1	16
0	701
0	0
2	0
0	0
0	0
1	399
0	197
7	30
15	316
0	0
0	0
0	0
0	0
0	0
0	0
0	0
0	447
0	445
2	64
20	137
0	0
0	0
0	0
0	0
9	296
27	296
6	24
7	15
2	176
10	0
0	0
0	0
0	1069
5	1087
0	407
0	271
0	446
1	207
0	275
0	257
10	96
1	151
8	111
0	23
61	42
2	522
4	9
0	20
0	522
1	154
0	11
0	140
0	148
0	0
0	0
0	0
0	0
0	5
0	5
0	0
0	0
0	0
1	0
17	164
0	168
0	38
0	50
8	14
0	0
0	0
0	0
0	0
0	0
0	0
0	0
0	0
41	203
0	155
4	50
0	203
0	0
0	0
87	0
11	83
4	83
0	70
0	0
0	0
0	0
6	520
14	520
6	370
0	0
0	0
0	0
0	123
4	41
0	117
0	3
0	12
0	46
0	3
0	18
6	23
0	0
0	0
0	1
0	2
0	2
0	0
482	345
0	37
0	253
0	127
9	52
0	1
76	5
3	0
0	0
0	0
0	0
0	0
0	0
0	0
160	32
1	32
1	21
0	0
0	0
0	0
0	0
0	0
0	0
401	159
3	114
1	0
0	0
435	0
0	0
0	0
0	0
3	1
0	1
1	0
0	0
111	721
0	680
0	320
0	34
19	165
0	0
0	3
0	0
0	3
0	3
0	0
0	0
0	0
0	0
0	0
0	0
0	0
0	0
0	0
0	0
0	0
20	0
11	0
1	0
0	0
0	0
156	2927
8	2930
0	156
0	0
0	0
0	0
0	0
0	0
0	0
34	2109
47	1741
0	1599
5	1572
0	133
0	152
382	1434
26	4202
0	3967
5	324
12	323
44	3
0	0
0	0
0	0
0	0
12	23
1	1
0	1
64	4
0	2
0	2
0	1
0	58
0	3
0	3
0	3
0	1
0	0
0	0
0	0
0	0
0	0
0	422
0	422
11	203
0	324
0	212
0	220
3	16
0	24
0	6
0	74
3	29
0	62
0	0
0	18
0	367
0	358
0	261
21	252
0	187
0	1
0	43
0	11
7	7
0	261
0	1
0	1
0	1
0	0
0	0
0	22
1	34
1	32
0	0
1	2394
0	2321
2	2292
0	2365
0	367
3	95
11	296
1	0
0	48
0	48
0	48
0	48
0	48
0	48
0	48
0	48
0	46
0	44
0	5
0	4
1	0
2	0
0	24
0	48
0	87
3	87
37	92
122	9
0	9
8	15
30	109
8	83
12	8
2	11
2	2
1	56
191	56
0	19
0	0
0	0
0	0
0	147
0	144
0	142
1	146
0	146
0	149
0	151
0	137
1	5
301	0
0	152
12	107
5	26
0	144
0	112
0	11
0	11
0	11
0	23
0	29
0	4
3	0
2	56
1	75
126	705
3	577
0	520
0	725
0	492
5	211
16	47
10	80
0	30
0	109
5	66
0	5
20	71
0	50
0	56
12	5
0	18
2	38
5	68
4	60
4	17
5	7
0	3
2	215
5	104
0	2
0	95
0	32
0	64
0	189
0	1
0	1
0	1
0	0
0	0
0	0
456	372
2	342
3	80
0	38
0	8
1	78
3	283
0	264
2	297
0	283
0	17
112	688
0	256
0	116
0	687
38	572
1	187
2	291
0	569
0	478
0	235
0	173
107	3
2	3
0	0
0	0
221	751
10	45
1	658
77	286
0	285
0	3
0	35
0	34
0	81
30	15
0	13
70	9
9	1
0	0
0	0
0	0
0	0
0	0
0	596
1	175
1	669
17	397
0	681
22	6
7	6
0	0
0	0
0	0
0	0
0	0
0	0
0	0
0	0
0	0
0	0
5	122
0	81
3	123
0	60
0	6
0	64
0	81
1	25
0	4
17	25
0	15
0	17
0	14
0	0
0	0
0	0
0	0
0	5
0	0
0	9
0	9
0	9
0	0
1	2
0	2
0	6
0	1
0	0
0	0
0	3
0	1
0	1
0	0
0	9
0	9
288	335
0	176
0	57
0	46
129	102
1	102
3	55
0	0
0	0
0	1
0	0
0	0
0	1
0	0
0	0
0	1
0	0
0	141
0	137
0	10
0	140
0	16
0	18
2	0
0	35
0	0
0	29
2	12
2	23
0	7
0	40
0	140
15	1010
0	84
17	1077
0	825
0	1021
28	705
0	989
0	91
1	88
1	143
1	55
6	207
82	31
0	31
0	6
0	6
0	1
0	1
0	0
0	18
263	9
0	18
0	4
0	10
0	4
6	13
0	9
0	9
0	1
0	1
0	661
10	544
83	773
1	9
0	209
1	109
2	89
0	17
0	19
31	240
1	227
5	183
0	26
0	2696
5	573
0	842
0	1757
1	146
21	102
1	141
0	91
0	263
0	89
0	429
10	73
0	2597
0	2773
0	2654
0	11
0	10
1	12
0	2
0	141
3	134
0	10
0	58
0	98
0	131
0	2
0	51
0	62
0	141
0	1349
615	1939
2	1813
4	166
5	267
0	27
0	21
14	7
0	7
0	1
1	165
12	237
0	165
2	231
0	1530
13	1320
0	792
1	1500
6	76
0	746
0	26
0	96
8	29
2	1394
2	275
0	833
7	141
0	1508
0	183
2	113
0	48
1	31
13	183
1	1
0	1
0	0
0	0
0	0
0	0
93	0
31	0
0	0
0	0
0	0
0	0
0	10
0	5
0	10
0	0
8	174
0	174
0	75
0	36
0	76
0	88
3	7
1	21
0	85
0	13
0	12
0	1
0	1
0	0
0	1
0	1
0	2
0	1
0	13
0	4994
16	4990
2	594
0	1242
0	1240
1	106
0	0
0	0
0	0
60	101
0	4
0	5
4	6
0	0
0	2
9	4475
7	4109
39	2523
9	2147
4	1756
5	1546
0	4425
346	270
2	34
1	84
5	32
2	77
5	38
0	38
0	40
0	42
152	0
5	873
0	391
0	875
0	49
0	39
0	54
198	0
0	2908
0	3424
0	879
4	630
0	93
7	160
0	667
1	474
1	167
1	64
77	73
23	135
0	0
3	0
83	57
4	57
1	57
0	23
0	11
0	13
406	1475
35	383
0	424
0	1199
3	346
13	1485
0	1438
1	4
2	203
4	944
84	1283
4	1264
0	68
1	177
2	0
0	0
0	1021
0	1038
0	36
85	120
59	1086
0	48
0	176
0	176
0	12
0	11
2	5
0	32
0	99
72	136
25	151
0	114
3	404
0	404
1	8
0	75
0	381
1	364
9	33
6	48
0	31
0	29
0	15
162	55
0	55
0	13
5	136
0	105
0	136
0	0
13	0
0	774
0	816
18	518
64	229
26	162
112	3
0	0
0	0
13	224
0	120
0	226
0	33
5	26
0	17
46	4308
490	4338
0	2478
0	450
0	316
5	277
4	66
0	269
0	239
0	79
0	0
39	63
170	95
5	54
9	16
0	0
0	0
0	0
203	1053
1	979
11	488
1	549
2	778
36	11
3	420
0	301
3	52
8	0
0	0
0	0
0	243
3	1217
2	1241
0	541
2	233
0	300
2	95
433	3092
0	2957
3	252
0	178
14	188
9	1097
17	352
12	339
0	200
1	213
4	92
16	6
3	15
11	1
63	85
0	83
0	76
13	1
0	17
0	81
0	0
0	0
0	0
4	0
0	0
0	0
0	0
0	0
0	0
0	0
0	0
0	0
343	144
13	144
2	108
0	335
0	328
0	112
0	176
0	304
0	70
0	69
8	6
22	29
0	26
14	36
0	13
0	13
0	334
1	61
0	55
0	45
0	35
0	24
0	45
0	45
0	42
0	34
0	31
0	9
0	13
0	14
0	10
0	618
0	585
0	171
0	3234
0	3144
0	593
0	26
1	64
6	342
1	39
1	3207
2	0
16	840
0	34
4	340
0	4
127	349
0	337
0	2
0	2
4	96
0	294
20	44
7	145
24	24
0	51
1	269
17	235
11	898
0	1892
0	1923
1	0
0	645
8	626
24	89
24	270
1	638
0	653
2	637
1	97
5	99
66	109
0	109
0	109
0	0
32	2769
2	102
2	1205
0	3196
3	130
6	332
8	3066
0	1544
2	3021
20	1381
0	149
54	769
64	168
45	46
13	3002
0	0
0	0
2088	1017
3	972
0	675
1	179
0	320
3	293
6	110
0	110
0	105
3	21
18	3
0	59
0	27
0	0
0	0
0	0
0	0
14	103
0	2
149	101
1	101
13	33
0	294
0	294
0	283
0	59
4	8
1	25
0	23
0	6
2	6
0	6
240	210
4	78
4	46
0	68
0	55
0	0
0	0
0	0
0	0
97	786
1	783
2	783
17	36
3	1
2	245
0	225
1	71
0	34
0	29
0	15
0	10
0	3
295	262
4	288
0	1
28	92
25	248
9	36
1	0
0	0
0	0
0	0
0	0
0	0
0	1
0	1
0	0
0	0
3	280
1	542
1	528
1	130
11	70
0	0
0	0
0	9
0	1
1	9
0	9
0	3
0	9
0	0
0	0
0	0
0	0
0	0
0	0
0	0
0	0
120	12
6	12
0	0
0	0
0	0
467	355
17	119
3	176
2	39
11	44
2	50
6	15
151	100
1	58
0	38
1	286
2	286
6	0
6	60
0	131
4	334
3	334
1802	1947
10	1947
0	0
0	0
0	0
0	0
0	0
0	0
552	0
0	9
0	9
0	0
162	637
0	190
1	24
14	212
1	36
0	12
7	283
0	0
40	8
2	9
0	9
216	337
53	337
0	49
0	4
0	41
1	0
1	45
0	40
0	1
0	0
0	6
2	3
0	6
1060	253
0	253
0	1296
0	190
0	296
0	243
0	296
0	276
0	1
0	57
2	91
0	258
0	274
5	200
0	185
7	191
0	39
15	1
0	1
0	1295
857	366
10	56
22	310
8	2
0	117
0	139
1	75
0	137
0	48
0	39
3	0
0	0
0	0
0	0
0	0
0	0
0	0
0	0
0	0
1	32
1	236
14	236
0	16
0	11
4	33
0	0
2	18
1	29
0	21
154	235
1	182
2	164
0	120
0	76
8	0
164	112
0	83
2	18
0	37
0	49
1	15
0	0
0	32
0	34
0	39
0	31
0	12
3	16
0	2
0	39
150	355
0	104
17	81
0	281
0	121
5	145
0	99
0	77
0	70
2	48
0	58
0	0
0	0
0	0
0	0
0	0
0	67
35	131
0	28
71	69
2	131
0	31
2	56
4	51
1	16
66	367
8	302
1	240
0	0
0	0
0	0
0	0
0	0
0	0
0	0
0	0
0	362
0	469
0	91
0	249
0	91
2	53
0	65
0	19
0	49
0	26
0	91
0	76
0	94
0	0
0	0
106	11319
11	11281
0	10730
0	297
6	0
0	11319
6	766
0	67
2	35
0	10
0	741
0	0
0	0
0	0
8	143
0	146
0	136
0	3
0	1
5	32
0	99
0	0
0	0
0	0
0	0
2	236
15	39
0	0
63	222
0	15
5	266
0	27
0	226
1	177
0	142
1	45
0	46
0	0
0	0
0	0
0	0
23	3364
91	3364
1	889
4	902
118	818
0	0
0	0
0	0
0	0
0	0
0	0
0	0
2133	1219
531	1219
47	60
3	52
1	0
0	22
0	21
0	0
0	0
0	1
0	1
0	20
1	20
1	20
0	13
0	0
22	47
49	47
4	244
0	9
0	143
1	156
0	0
0	0
151	916
21	242
9	356
0	0
0	0
0	0
0	0
0	0
0	0
0	2
0	2
0	2
0	223
0	153
0	161
1	0
0	66
17	0
0	23
0	41
388	37
0	36
0	35
2	0
0	6
0	6
0	1
0	1
0	20
0	14
0	19
0	12
1	20
0	0
0	0
0	0
0	0
0	1
0	0
0	1
0	0
0	0
207	43
0	37
13	16
1	11
0	6
0	6
1	198
0	199
0	199
0	31
0	19
8	19
0	0
0	0
0	0
0	0
0	937
10	447
33	96
0	971
3	827
8	211
2	94
0	508
9	343
9	368
0	1
0	1
0	1
0	0
0	0
0	0
0	0
0	0
0	0
5	1275
66	0
8	285
120	1276
68	377
3	430
0	0
0	0
0	0
0	0
0	0
0	0
0	0
0	0
0	0
0	0
0	0
0	0
57	0
892	1912
314	1108
0	1240
0	1373
0	476
0	1373
0	0
0	0
6	21
0	3
1	11
3	3
0	4
0	8
0	10
0	10
0	2
0	0
0	0
0	0
0	0
0	0
0	0
0	0
0	0
0	0
0	0
0	0
0	0
25	1114
4	1114
4	66
0	0
0	199
8	944
74	359
1	812
10	17
0	251
1	88
0	70
0	117
4	117
775	61
2	61
17	100
6	95
1	5
0	3
0	88
0	0
0	20
0	43
96	34
0	29
0	22
24	964
0	964
0	968
6	10
0	140
1	122
11	85
1	81
2	35
2	37
6	0
1	952
11	933
0	718
0	743
0	69
1	85
0	585
2	388
0	737
1	90
14	414
16	423
0	408
0	417
18	252
2106	531
2	531
65	56
7	56
0	0
0	0
0	0
0	0
0	0
0	0
0	0
0	21
18	22
2	3
3	18
0	12
569	209
0	209
0	0
0	796
0	55
0	0
0	0
0	801
0	5
9	163
0	35
0	163
0	163
0	163
0	547
16	517
75	477
0	429
1	256
0	374
0	375
3	0
23	1368
0	1415
0	1406
24	134
4	362
0	507
0	107
0	95
0	20
1	310
9	312
23	82
2	15
19	83
2	0
0	29
7	228
52	318
1	59
5	63
466	126
8	69
2	30
0	28
0	24
0	18
6	17
1550	3274
6	741
2	2152
8	976
0	2497
0	0
0	0
0	1
0	5
0	5
0	4
0	4
0	5
0	0
168	301
1	278
1	228
9	14
0	25
1	3
0	98
64	91
2	51
15	44
0	9
0	5
2	35
0	309
0	305
9	0
0	35
20	137
0	25
0	31
4	12
1	0
0	305
0	27
0	27
2	60
0	65
0	64
1	2
0	0
0	0
0	0
0	0
34	1953
2	7
0	1878
0	847
1	56
0	227
2	402
18	118
0	0
34	1739
7	68
4	239
7	404
1	367
14	1006
0	53
0	973
0	1012
14	1107
0	993
78	2
91	1073
72	84
0	141
0	331
0	0
71	47
0	2
0	11
0	36
0	18
56	18
6	244
0	10
2	10
1	240
0	32
0	51
0	0
0	0
0	0
0	0
0	65
3	65
0	14
0	6
0	52
0	48
0	50
0	52
5	12
1	8
0	18
1	5
0	3
0	73
0	221
0	193
0	217
4	133
6	47
22	64
1	88
0	35
413	328
0	11
1	137
0	186
0	0
347	1656
6	1656
9	553
16	40
1	142
50	110
0	450
0	333
0	63
10	18
2	41
0	24
0	32
3	36
0	20
0	17
0	457
19	1073
0	1073
0	0
0	0
476	430
20	39
8	58
63	308
1	53
0	1
0	1
2	1
0	0
0	0
0	0
0	0
0	0
0	0
0	0
0	0
0	0
0	0
0	1
0	0
4	1
2	149
0	357
0	348
0	34
0	28
0	1
0	0
0	0
0	0
0	421
6	1008
0	0
1	1000
0	261
0	260
0	0
0	0
0	0
0	0
0	0
0	0
0	0
0	0
0	43
0	42
1	35
0	27
2	44
3	0
0	0
29	979
23	957
0	23
0	0
391	97
4	56
3	0
2	11
0	30
0	0
0	0
0	0
0	0
0	0
0	0
0	0
0	0
0	0
0	0
0	0
0	204
1	17
0	6
0	1
3	0
3	476
46	430
36	148
18	1076
5	184
6	1061
1	83
1	116
0	214
25	94
1	99
0	17
0	7
77	5
873	43
0	42
359	81
3	80
0	21
0	0
121	623
0	566
32	458
0	333
3	101
4	2
25	1025
5	1643
0	1574
660	1722
7	39
4	183
4	32
0	32
1	32
0	8
8	17
0	14
0	5
0	2
0	10
0	10
0	7
0	0
10	6317
80	6316
0	4133
2	1099
0	4136
101	0
0	535
25	398
2	67
0	85
0	1
0	535
0	0
0	0
0	0
4	0
423	539
6	499
12	85
0	492
9	373
4	399
0	103
0	173
0	127
0	74
1	98
0	63
1	29
0	28
0	39
0	48
0	56
0	317
0	100
0	42
0	57
0	253
0	79
9	47
0	10
0	308
0	59
0	309
0	41
0	20
0	109
0	294
1	31
0	193
0	127
0	29
5	62
0	317
0	287
200	76
6	53
8	42
0	23
439	7891
3	7867
40	3101
14	1318
0	822
0	0
0	0
0	0
0	0
0	0
9	2084
0	2003
1	1958
18	2034
8	94
0	156
18	52
0	271
3	313
0	4
0	400
0	72
38	316
0	0
12	108
0	0
0	0
0	0
0	0
0	0
0	7
0	7
0	7
0	7
3	7
0	0
0	0
0	0
0	0
0	0
0	0
0	0
0	0
0	0
0	0
0	0
0	0
0	0
52	3261
3	2725
3	3196
2	311
4	305
50	3661
0	2516
12	3644
13	2015
5	526
4	2319
0	46
1	80
0	64
3	14
2	18
0	11
0	1
0	0
323	3
4	3
0	10
0	0
0	3
0	2
0	1
0	4
0	7
0	1
0	0
0	0
0	10
0	1
0	6
0	0
0	0
32	2430
0	2295
0	184
0	1127
110	2605
0	1391
0	835
3	526
0	539
40	129
0	676
0	359
67	68
5	607
14	122
0	56
0	4
0	4
2	0
0	1
0	0
0	2
0	0
0	0
0	430
0	425
1	323
0	13
2	0
16	0
1	83
0	3
0	9
0	0
0	0
0	0
1109	0
0	0
0	0
0	0
0	0
0	2
0	0
0	2
0	2
58	0
43	23
0	23
2	6
0	4
6	215
0	189
0	72
0	7
18	7
6	60
0	34
2	58
3	69
6	557
1	541
5	17
3	125
1	45
1	49
7	68
31	28
2	19
0	28
0	19
1	0
0	8
0	8
0	8
0	8
109	722
30	1154
1	475
0	796
0	41
0	36
0	34
0	34
0	29
0	29
0	27
0	16
0	5
0	4
0	3
0	0
0	0
0	1
0	1
0	0
0	0
1	18
0	2
0	10
0	5
0	8
0	43
1	148
1	67
0	105
0	11
0	145
0	0
0	0
0	0
7	147
0	147
5	0
0	154
0	117
0	23
0	7
0	119
0	11
3	11
0	156
0	1
0	1
0	1
0	1
0	1
0	88
0	87
0	80
0	7
1	12
0	13
0	2
0	3
0	4
0	80
7	689
0	676
0	599
1	676
0	264
0	312
0	313
0	312
4	169
0	0
73	36988
21	36788
1	3257
4	5633
19	9005
0	7636
0	4149
4	3635
23	4557
0	1764
44	4551
3	262
0	189
0	248
7	3369
5	3374
61	3296
31	144
0	274
0	56
13	0
7	0
16	97
0	97
0	6084
2	307
0	79
9	252
0	6083
2	1891
2	1891
17	1891
0	74
0	431
5	1689
0	1689
54	1300
0	240
0	298
9	2
0	2
0	0
8	3
0	3
1	267
13	801
1	713
0	111
2	541
1	356
0	305
0	4
0	4
0	4
0	1
0	1
0	1
0	0
0	0
0	0
0	0
0	0
0	1
979	0
0	0
0	0
0	0
97	40
3	7
1	8
0	25
0	0
0	0
0	0
0	0
10	242
0	238
0	150
0	142
2	100
0	119
0	52
25	0
3	0
0	2
29	0
0	1
0	0
0	1
0	1
0	669
29	66
0	118
0	118
2	15
5	34
1	669
3	436
0	436
0	425
0	416
0	405
7	331
0	367
2	48
4	51
1	26
0	0
0	0
0	0
0	420
21	417
0	22
0	68
0	39
54	1058
11	604
14	222
0	740
0	0
15	0
317	76
11	18
9	67
5	30
1	0
0	3
0	1
2	13
0	6
0	24
0	52
0	57
0	9
3	0
0	0
0	0
0	0
3	282
0	265
0	153
1	49
0	11
0	0
0	0
2	78
3	24
0	39
0	24
0	41
0	29
0	13
2	28
5	30
0	8
0	78
0	180
0	187
0	158
0	189
3	94
0	95
0	39
0	45
0	35
0	43
17	11
0	0
0	0
0	0
0	2
10	22
0	1
0	22
0	1
0	0
0	2
0	0
0	801
0	2
0	2
0	0
0	2
0	1
0	0
0	0
0	0
0	0
0	0
0	1039
101	1067
0	1086
6	106
0	2978
38	2894
22	2950
0	445
0	485
0	397
225	822
0	161
0	821
73	505
0	191
0	0
6	53
937	33
15	33
0	0
0	0
0	0
0	0
0	0
0	0
0	0
0	340
0	350
0	195
1	341
4	152
0	154
15	57
0	0
0	0
0	0
0	0
0	0
0	0
0	0
0	0
0	0
0	0
0	0
0	0
397	1021
4	210
0	338
2	221
7	108
59	237
0	427
1	109
2	174
176	198
2	127
9	60
5	41
0	100
0	91
0	115
1	49
1	59
6	86
0	86
70	13
165	189
0	50
0	88
0	138
0	90
3	272
0	0
0	272
0	27
0	164
3	1026
1	989
2	952
1	87
9	1
0	0
0	0
0	1
0	1
0	1
0	1
0	0
0	0
373	323
47	323
1	5
0	0
0	0
0	3
0	0
0	3
0	0
0	0
0	3
0	0
0	0
0	3
0	0
0	0
0	0
0	3
0	0
0	0
3	1979
5	1979
30	1979
0	137
0	132
0	0
0	0
0	0
0	0
34	1645
21	1627
23	1460
13	29
0	63
0	1628
10	690
1	253
12	169
0	595
0	661
6	44
0	71
22	12
0	26
3	499
0	102
0	22
3	115
0	17
0	141
11	17
0	0
2	65
0	7
0	2
0	57
0	0
0	5
0	0
0	0
0	2
0	5
0	2
0	2
0	2
0	0
0	0
21	910
0	152
2	498
0	299
7	230
1	311
0	119
15	99
0	134
0	0
0	0
0	0
0	0
563	149
1	37
0	112
5	165
0	165
7	29
0	34
3	1
0	1
0	1
48	670
2	485
19	669
2	18
0	74
0	10
0	10
0	72
3	10
0	8
0	5
2	1
2	74
0	114
0	296
0	292
0	186
13	201
0	208
2	55
1	47
5	36
0	0
7	10
1	8
0	1
1	0
0	454
13	86
0	31
0	454
0	0
0	103
5289	1594
22	298
0	755
0	713
0	649
0	411
0	4
41	935
14	413
0	1170
0	0
9	266
2	313
7	423
1	232
0	0
0	0
0	0
241	51
0	51
233	45
20	45
844	0
0	2
0	2
0	2
0	0
0	0
0	0
0	0
0	0
0	28
0	28
0	28
0	22
0	20
0	13
0	0
0	0
0	0
0	59
0	1
0	0
0	35
0	34
1	37
0	34
0	0
0	58
0	6
1	7
4	12
0	0
0	12
0	5
0	0
0	0
0	0
0	31
0	31
0	17
36	323
5	53
0	128
5	247
44	52
1	174
0	1
0	4
0	0
0	0
0	4
31	0
0	0
0	0
0	151
0	253
0	610
72	1225
0	47
0	560
0	389
3	927
6	140
0	25
8	20
9	570
0	1
3	1
0	1
0	0
0	0
0	0
0	0
0	0
0	0
0	0
0	0
271	460
2	424
14	83
0	111
1	2
2	0
0	2
0	0
0	2
0	0
0	1
0	1
0	0
0	5
0	5
0	2
0	0
0	0
0	0
0	2
341	67
4	19
0	43
0	0
0	0
0	0
0	0
0	0
0	0
0	0
91	1199
14	101
0	838
0	158
0	1080
0	1196
5	5
0	4
0	2
0	1
1	199
63	200
0	60
0	127
0	66
0	113
4	30
0	13
230	225
4	13
0	11
0	2
0	190
0	190
5	19
2	1370
0	24
0	151
28	0
0	64
3	1336
0	1
0	1
0	3
0	3
85	134
0	14
0	60
0	21
9	10
2	5
0	2
3	90
1	6
0	102
0	115
0	149
0	598
0	594
1	482
3	476
14	9
0	104
0	53
0	68
0	74
2	94
1	92
16	56
0	443
0	10
0	17
0	15
0	0
0	2
0	0
633	89
4	89
176	0
0	0
0	0
0	4
9	4
0	0
0	0
0	1
0	0
12	0
30	0
0	0
0	0
16	272
2	272
3	0
26	19
5	2
0	616
1	622
55	61
39	592
170	61
107	63
13	602
1	66
0	154
0	196
1	13
22	11
0	117
0	139
2	2
0	2
0	0
0	0
0	0
1	0
0	0
0	0
0	0
0	0
2	1
0	1
0	1
0	0
0	1
0	1
1	0
0	1
0	2
0	26
0	33
0	24
0	33
0	6
0	0
0	0
0	0
0	1
0	0
0	0
0	0
0	0
0	1
0	1
0	0
0	93
23	97
0	102
0	111
0	124
0	112
1	133
0	325
0	325
2	19
0	44
0	71
1	2
580	196
62	196
0	0
9	148
5	138
0	0
0	0
0	0
1	0
0	0
0	0
0	0
452	268
26	6
0	112
2	176
0	165
0	30
0	181
0	23
0	0
0	0
0	0
0	0
0	0
0	0
0	0
0	0
41	0
5	6
0	11
0	12
0	2
0	13
296	7410
27	1469
5	7313
0	0
0	0
0	0
4	425
0	373
2	384
1	384
0	214
1	132
8	159
0	64
2	37
90	42
0	27
0	388
0	0
0	0
0	0
69	2120
2	2107
2	1406
0	229
0	222
1	246
0	0
0	0
0	0
0	0
0	0
0	0
599	739
12	238
3	738
72	483
4	17
13	113
0	289
0	330
8	295
2	156
0	128
0	80
0	119
5	42
0	2098
0	1691
2	1282
0	458
7	617
1	248
0	2098
0	277
0	278
0	244
1	14
0	19
0	30
1	15
0	173
0	173
0	279
0	19
1	17
0	17
0	1
0	1
0	1
0	0
0	18
0	271
0	289
0	318
23	177
0	250
4	2
0	174
0	82
0	283
0	46
0	185
0	50
0	54
27	12
0	88
1	40
0	73
5	33
0	155
0	251
0	312
51	130
0	22
0	65
21	157
6	30
0	0
0	0
165	234
2	226
3	49
0	25
1	0
1	16
8	31
248	1057
0	1022
0	615
0	19
2	15
0	11
2	0
1	113
0	140
0	20
1	7
0	38
0	33
0	12
0	10
0	0
0	0
0	0
0	0
3	0
0	0
0	0
122	86
0	52
0	70
2	12
0	27
0	18
11	8
0	0
0	0
32	0
0	1
0	0
0	1
0	1
0	0
0	30
0	30
0	66
0	30
0	40
13	9
1	34
0	8
14	8
0	15
0	74
2	2
6	541
42	540
0	567
0	483
0	312
0	318
13	96
0	13
0	81
0	154
0	200
1	120
0	69
0	89
0	11
1	43
3	10
35	29
0	11
0	16
0	17
3	0
0	0
0	1
0	1
0	1
0	1
0	1
10	0
0	0
0	540
0	0
3	7
0	7
0	0
0	5
0	5
0	1
0	3
2	0
2	0
1	175
11	166
14	25
0	158
4	36
2	14
1	19
209	3202
0	343
5	2950
8	282
0	2252
1	2394
13	1
1	65
0	1108
0	308
1	20
1	258
1	86
2	114
0	98
0	108
0	11
0	15
0	26
0	7
5	21
149	0
2	90
1	32
3	9
0	85
0	38
2	74
0	3
0	50
0	42
0	7
0	7
0	0
199	58
1	6
1	52
8	1344
4	1344
5	218
12	135
112	109
0	44
6	0
4	85
0	11
0	51
0	8
1	24
0	14
79	101
453	1067
0	59
523	72
0	19
56	40
0	4
0	295
0	821
0	40
0	35
0	52
24	25
0	146
1	55
16	7
0	88
15	15
0	0
7	54
9	276
0	508
0	1577
0	3
0	79
0	56
2	34
0	22
0	48
1	150
1	125
3	86
0	1574
3	46
0	37
35	16
204	81
3	16
0	31
2	30
0	417
0	28
2	169
3	287
1	276
0	271
0	272
0	311
0	138
0	225
0	216
0	236
0	23
0	50
1	308
1	317
0	2
0	271
0	6
6	2
0	35
4	50
0	99
15	67
1	65
10	35
0	13
2	17
0	21
7	32
1	32
815	0
12	602
3	569
0	92
52	109
0	142
0	73
0	0
0	1
0	0
0	0
0	0
0	1
0	0
0	1
0	0
51	298
0	230
0	224
5	37
0	0
339	459
3	15
0	0
0	22
1	9
0	19
0	1
0	0
0	2
3	12
0	6
0	21
0	22
0	0
273	21
0	21
1555	1447
0	1150
0	810
0	909
0	524
1	411
7	63
50	0
0	11
16	10
1	1
0	0
0	8
0	0
0	8
0	0
1	0
300	32
0	32
0	21
6	0
19	0
0	0
0	0
0	0
0	0
0	104
1	119
15	103
0	65
4	80
0	61
0	59
0	59
2	8
0	0
0	0
3	99
4	1165
2	744
0	1137
0	913
9	1102
11	74
0	132
7	30
7	47
1	168
0	0
0	0
0	0
0	0
6	0
1	0
0	96
0	1
0	90
9	0
0	96
0	0
0	0
7	482
0	1542
10	1521
3	1482
0	1540
0	76
27	141
3	7
2	76
24	70
0	256
0	255
0	21
6	256
5	3
67	106
0	439
0	440
0	103
0	156
0	140
8	35
0	326
0	434
161	116
0	7
0	21
0	94
0	116
9	1120
187	1180
2	125
0	112
0	0
0	0
0	0
0	0
0	0
0	0
5	233
0	232
0	209
0	109
0	89
0	20
1	35
943	264
0	51
2	61
6	152
0	11
0	61
0	23
0	1
0	1
0	1
0	0
0	0
0	0
0	0
1	83
0	26
0	5
0	12
0	26
0	9
0	269
0	241
12	243
0	266
0	260
0	260
0	44
0	41
0	46
0	45
0	37
0	57
0	53
0	58
33	1418
0	774
0	831
0	1150
0	341
19	123
0	0
0	0
0	0
0	0
0	0
0	0
0	0
2	123
0	130
0	20
0	20
0	18
0	128
0	12
0	18
3	48
0	0
0	0
0	0
0	0
2	9
0	9
0	6
0	2
0	42
0	2530
0	2259
0	2406
0	116
0	74
0	85
0	76
0	1806
7	1161
0	361
74	1721
70	161
0	1535
0	26
4	375
16	283
0	2483
0	2162
225	106
0	105
0	17
125	285
0	188
4	143
9	38
0	28
36	51
12	14
0	339
3	54
1	0
1	135
0	278
8	23
6	0
0	363
0	415
0	370
1	376
31	205
0	421
0	402
2	2
0	42
0	361
3	46
0	52
0	109
0	40
0	36
0	13
0	78
1	5
10	21
0	49
0	40
0	47
9	62
0	0
0	0
0	0
0	0
0	1
0	0
0	1
0	1
2	0
0	0
0	0
0	0
0	0
0	0
0	0
1	614
0	557
9	386
0	281
0	0
0	0
0	0
0	8
17	23
82	170
1	33
0	27
0	20
3	12
0	56
0	81
0	62
1010	971
2	413
9	239
9	107
0	335
2	2
0	1
0	0
0	1
0	1
0	0
0	702
0	271
0	129
0	648
2	250
2	84
0	85
0	73
0	81
0	71
0	21
0	1258
0	1350
0	1255
0	1001
0	1113
0	725
0	858
4	321
4	165
0	0
29	40
2	15
1	22
4	14
0	14
0	13
28	0
13	182
0	180
23	38
2	5
0	0
0	0
0	219
0	160
22	9
15	43
0	206
1	16
21	0
1	0
2	473
2	1
9	474
8	17
0	0
3	79
0	1
0	70
4	32
1	9
0	22
0	1
2	2
2	8
0	31
30	219
0	221
0	224
3	9
1	9
0	219
0	3
0	60
0	13
0	37
0	145
0	110
2	40
0	48
0	9
12	143
9	27
6	52
21	27
0	27
0	11
0	28
0	9
3	29
0	0
0	0
0	0
0	0
399	0
0	1
0	1
0	1
42	1170
0	1164
0	992
0	5
8	1025
0	786
0	806
5	3
0	5
7	0
0	508
0	503
0	115
1	151
0	332
0	33
0	15
1	96
0	117
0	511
0	1
0	0
0	0
0	1
0	0
0	0
0	0
0	0
0	0
0	0
0	0
199	60
1	52
1	60
858	247
0	247
53	672
77	670
0	65
0	0
14	345
0	35
0	81
0	28
2	266
1	37
16	9
9	2
320	19
0	13
0	6
0	1
0	1
0	0
0	0
0	0
0	0
0	215
1	178
2	35
0	145
0	583
165	596
3	123
4	166
0	187
31	1
26	2
47	0
201	880
182	880
2	0
0	0
0	0
0	0
0	1
0	1
0	0
0	0
0	0
0	0
0	0
46	4283
88	4283
472	1900
462	1689
0	0
0	0
0	0
0	0
0	0
0	0
2	559
4	202
6	530
0	566
0	534
0	536
2	555
0	75
0	423
4	33
0	17
5	14
6	76
10	15
31	105
0	26
0	62
0	96
0	43
0	43
0	44
1	0
0	1
2	1
0	1
0	0
0	0
0	0
0	0
202	266
0	46
3	41
0	23
1	49
0	206
0	194
0	149
1	137
2	133
0	126
2	108
0	103
0	86
0	26
0	4
0	0
15	313
0	313
0	19
0	0
0	0
0	0
515	652
0	199
4	129
5	177
7	185
2	0
2	9
5	5
0	1
0	8
0	0
0	0
0	0
3	21
0	17
0	20
0	13
0	5
0	5
0	2
0	2
434	17
2	17
0	5
14	659
22	122
25	647
0	181
0	0
0	0
1991	4229
7	1050
35	3975
2	11
6	10
13	2
0	2
0	0
0	0
0	0
0	73
0	73
0	29
0	26
0	19
0	18
0	3
0	2
27	113
0	333
0	99
0	446
0	500
3	119
0	0
0	0
0	0
0	0
0	0
0	0
0	0
0	0
0	0
0	0
0	0
0	0
0	0
0	0
0	0
0	0
0	0
0	216
0	221
0	219
0	213
0	198
12	206
0	223
0	226
0	207
5	34
5	1
0	0
0	5
0	4
0	3
0	1
0	0
0	0
0	4
349	8
0	8
3	8
0	84
0	68
51	1590
17	371
0	68
0	711
4	764
4	1035
0	1559
33	0
0	69
0	945
0	1002
0	100
1	118
1	20
4	37
1	77
33	51
0	129
1	22
0	1050
0	0
0	0
16	25
460	46
0	18
2	31
20	167
642	167
0	9
0	8
0	3
0	0
1	22
0	18
2	8
0	1844
1	70
0	1857
0	1455
2	63
2	36
33	280
0	302
0	2
0	2
0	2
0	0
0	0
661	5
14	5
5	542
159	1557
0	634
9	249
1	105
0	55
60	92
0	97
0	86
3	55
0	65
0	48
0	51
0	39
10	51
0	27
102	508
0	312
0	319
8	280
0	459
0	228
131	390
1289	210
3	210
20	0
0	0
0	0
0	216
42	958
54	907
58	0
0	0
0	0
0	0
175	0
0	0
0	0
0	0
0	0
470	253
1	41
0	121
4	126
0	0
0	0
0	0
0	0
5	198
19	246
32	65
1	10704
0	10761
13	98
3	1
0	266
33	249
0	229
0	17
0	138
0	88
0	24
0	36
0	0
720	88
7	53
2	47
0	17
0	404
0	29
4	0
0	39
0	6
3	50
0	284
1	137
3	407
2	4
0	10
1	4
0	6
0	0
0	0
2849	266
0	86
0	158
1	108
7	19
0	9
0	13
0	14
0	5
1	0
0	18
27	15
0	16
0	10
0	0
0	1
0	0
0	0
0	0
0	0
0	0
0	0
0	0
85	119
0	113
0	90
0	39
0	0
0	0
0	0
0	0
0	0
0	0
0	0
0	0
0	0
0	0
0	0
0	0
0	0
1	0
0	0
0	0
0	0
0	0
0	0
0	0
1	586
1	605
0	609
0	560
9	592
0	598
0	580
0	29
0	60
0	0
0	0
0	0
0	0
0	0
27	3292
0	3218
0	3220
0	3218
0	3218
9	2837
2	2298
4	1204
0	481
0	381
107	801
2	767
0	84
0	74
26	300
14	6
0	76
0	78
2	55
0	16
0	22
0	14
0	5
0	11
0	11
0	6
0	0
0	0
0	0
0	0
90	203
1	186
20	17
1	0
1	6
1	5
0	6
0	6
0	0
0	2
0	0
0	1
0	0
0	3
0	1
0	0
0	0
0	0
0	1
0	1
0	1
0	1128
0	2022
54	1392
3	1373
5	441
1	458
0	4
0	0
0	4
0	0
0	0
0	2
603	548
2	193
17	304
0	142
0	159
1	108
275	732
0	615
0	277
0	182
7	206
0	291
3	132
15	368
8	120
4	0
1	217
0	71
4	105
15	163
0	119
2	118
14	94
0	19
1	25
1	25
0	5
0	8
2	8
1	42
0	42
12	655
0	644
2	502
139	250
0	138
5	127
3	21
0	14
12	19
0	19
0	12
6	0
0	0
0	0
0	0
0	0
0	0
0	0
0	0
0	0
0	0
0	0
0	0
0	0
36	876
0	875
2	317
3	234
0	0
0	0
0	508
0	398
0	351
0	147
0	191
0	386
62	326
0	217
0	146
0	303
0	261
73	499
0	62
0	461
0	1
0	1
0	0
0	0
0	0
0	0
0	0
0	0
6	1
32	31
1	20
0	17
14	0
0	6
1	0
0	0
0	0
0	0
0	9
0	11
0	2
0	9
8	347
0	336
0	333
3	145
0	159
31	95
0	33
0	14
3	5
656	116
1	116
0	12
0	12
0	4
0	2
0	3
0	7
0	7
0	3
0	2
0	29
1	32
0	46
82	46
4	160
74	160
0	0
24	13345
21	1448
60	0
11	3755
12	1561
4	5024
9	2051
20	5096
1	11
367	194
0	54
0	129
0	0
0	0
0	80
1	47
0	12
0	15
0	23
0	77
0	77
8	1
0	1
116	14
0	14
0	127
0	118
0	105
0	106
0	114
0	105
0	109
0	94
0	94
0	114
0	109
0	110
0	103
0	110
3	93
0	101
0	28
1	106
0	109
0	105
1	38
0	19
0	28
0	67
0	49
0	31
0	30
4	10
107	343
9	181
0	277
0	283
0	177
0	117
0	0
4	3
0	2
0	3
83	183
0	20
0	18
0	128
2	116
10	116
0	0
0	0
808	400
0	277
16	273
1	137
14	65
0	0
0	0
11	17
0	17
0	9
0	2
3	6066
125	5234
0	6012
0	6072
215	4991
0	1325
65	1843
0	321
0	92
65	804
0	135
0	166
0	308
29	63
3	75
9	75
2	13
0	20
0	16
1	13
0	0
0	0
4	130
3	485
173	619
0	528
0	631
0	36
16	51
6	24
4	133
24	0
9	625
0	2
1446	1
12	1610
1	1466
20	613
24	1387
0	2
0	1
0	2
0	0
0	0
687	1083
62	310
8	773
0	0
0	0
0	0
0	0
59	14
0	14
0	964
9	891
0	113
2	120
0	138
5	161
10	61
115	51
1	5
4	13
0	53
0	44
0	0
0	0
1	584
1	289
5	364
0	0
0	0
10	221
67	6
0	218
0	68
17	20
429	400
0	199
11	5
1	390
0	326
0	315
0	281
0	179
0	232
2	188
0	162
1	106
0	43
32	1
962	1150
3	1150
1	0
0	0
0	0
0	0
0	0
49	22
0	10
0	19
1	285
5	314
0	86
16	160
0	0
0	3
0	3
1547	70
3	70
90	2879
8	2867
0	2095
10	2912
17	11
0	2906
1	0
0	474
0	505
0	417
0	380
36	433
18	165
0	0
0	0
0	5
0	2
0	1
0	0
0	1
0	1
0	2
1	1
0	2
0	3
0	1
0	4
0	1
0	0
0	2
0	1
0	0
0	0
0	0
0	0
0	5
1	4
0	0
0	4
0	0
0	0
0	0
113	6862
0	5003
0	2723
33	5100
4	0
1	6863
0	683
9	339
1	102
0	450
27	57
0	676
0	444
0	362
0	445
4	103
8	361
0	157
1	126
3	40
0	78
0	59
0	107
1	105
19	24
0	61
10	60
6	13
1	5
0	245
0	36
1	2
2	2
115	245
0	29
0	57
3	136
5	37
2	1078
0	3007
43	55
21	44
0	2929
0	55
3	45
9	514
41	288
0	2980
0	127
88	587
16	195
1	166
14	78
1	314
183	0
0	5474
0	434
72	84
1	92
5	247
1	247
6	5
15	108
0	125
3	34
4	16
1	12
1	421
338	6149
67	3
0	3
0	239
1	317
10	76
0	203
0	165
3	181
0	183
21	239
0	197
14	130
0	154
6	6
0	313
0	0
0	0
0	0
0	0
0	0
0	0
0	0
36	186
1	1
1	186
0	0
0	21
5	79
3	57
1	31
3	0
1000	10624
9	1402
33	22
0	22
23	11
0	11
2	5
0	5
9	3103
168	3071
67	3125
4	182
0	2736
4	576
0	0
0	0
0	0
0	0
0	0
0	0
0	0
0	5
0	5
0	5
0	4
0	2
0	1
0	0
0	1
0	1
2	0
1	0
0	0
0	0
0	0
0	0
0	0
0	0
0	0
0	0
0	0
0	0
0	0
0	0
0	37
20	59
0	22
0	9
0	0
0	0
0	0
0	0
0	0
8	1893
96	1874
3	93
4	203
0	210
0	52
1	57
0	4
0	1
0	1
0	1
0	1
0	1
0	4
87	346
0	346
1	162
0	170
0	160
0	325
0	0
0	0
0	0
0	0
0	2
2	2
142	0
0	0
545	622
0	622
23	0
15	33
0	0
0	0
0	0
0	0
0	0
0	0
0	0
0	0
0	0
0	1
0	1
3	2
0	2
0	0
13	4672
2	4772
5	1222
0	2020
0	2020
0	2007
1	1119
0	813
17	18
0	0
0	0
0	0
0	0
12	65
0	1191
0	41
0	34
0	1178
0	97
0	0
1	454
66	445
0	76
17	128
0	415
0	55
0	106
0	0
0	0
128	216
0	216
7	83
0	933
0	873
4	48
16	0
2	101
3	389
18	333
21	258
0	105
0	113
112	28
0	28
0	0
0	0
0	16
0	24
0	24
0	3
0	1
0	2
0	4
0	8
23	2506
0	3406
4	1256
0	3055
12	3108
5	1286
15	453
28	193
3	116
49	6960
36	6916
7	3138
16	4829
5	2902
10	20
0	20
0	0
0	3
0	3
0	0
0	410
4	144
0	363
0	280
0	303
0	59
0	518
0	56
4	8
0	510
0	88
0	446
0	446
0	0
0	0
0	69
1187	643
5	265
0	221
7	63
10	94
14	48
65	0
0	0
73	8
0	8
69	0
289	205
13	47
2	147
0	161
72	205
1	126
2	170
0	78
0	33
0	124
0	0
0	0
0	0
0	0
0	0
0	0
148	696
0	490
2	508
0	439
1	274
0	233
13	240
12	10
3	1
0	1
0	0
0	0
1	0
259	498
5	430
36	87
0	301
0	0
0	0
0	0
0	74
86	74
0	2
0	2
0	1
0	1
0	140
0	2
0	43
0	139
2	113
4	119
5	32
1	83
1	33
0	0
0	0
0	0
0	0
0	1
0	1
0	1
87	1070
5	1070
0	0
0	0
0	2
0	2
0	3
0	2
0	153
8	1278
0	1050
8	1278
1	282
1	211
1	0
0	0
0	0
0	0
0	569
83	848
0	820
0	282
11	33
0	0
0	0
0	0
0	0
0	0
0	0
0	0
0	0
0	3
6	1
0	5
0	23
0	9
0	8
0	3
0	5
1	23
1	2
0	2
0	4
0	4
0	0
0	0
0	0
0	0
0	0
39	154
0	154
1	3
5	109
0	78
0	37
7	147
0	15
0	0
0	0
1006	0
3	1
0	116
8	118
0	56
0	50
4	1
28	1136
7	381
60	704
0	1100
0	144
0	64
10	27
1	30
18	10
0	144
28	19
513	0
1	4
0	0
0	0
0	0
3226	1673
7	223
33	581
0	276
13	208
0	299
5	287
12	438
0	205
0	0
0	0
0	0
0	0
120	222
1	222
0	47
0	52
0	63
0	28
962	5923
0	3732
2	3581
9	1380
0	0
203	433
1	438
0	94
0	39
39	153
10	36
7	61
1	0
0	0
0	0
0	4
0	4
2	1
1	17
0	14
7	17
0	16
2	4
0	3
103	81
2	45
0	75
0	0
0	0
0	0
0	0
0	0
0	0
473	236
0	236
17	523
841	751
0	206
8	49
4	80
22	158
0	950
1	1173
4	1151
0	0
0	2
0	1
0	2
0	1
0	0
0	0
0	223
20	214
1	196
13	10
4	10
1	20
3	51
1	40
0	38
1	29
298	987
5	496
0	131
37	100
4	468
0	0
0	0
0	0
0	0
0	0
0	0
0	0
0	0
0	0
0	0
4	194
7	192
0	79
0	96
21	3167
14	3167
7	3166
5	3168
3	1468
3	16
5	327
0	414
0	461
3	171
6	152
5	6
17	37
4	155
0	28
0	39
1	42
7	15
1	32
0	32
3	13
4511	1297
43	60
0	0
0	0
0	0
0	15
0	130
2	6
0	71
2	116
2	36
0	106
0	128
5711	2566
12	2329
0	921
0	0
0	0
0	0
0	0
0	0
0	44
2	14
10	240
0	222
1	251
11	0
6	4
1	16
0	243
0	0
0	0
0	0
0	0
0	5
30	5
0	5
0	0
0	0
0	0
1	0
0	0
972	9997
21	2152
0	0
0	0
144	92
0	92
3	0
5	0
5	287
0	81
4	277
0	135
8	13
0	123
0	2
0	2
0	2
0	1
0	1
0	1
0	1
0	1
0	1
0	0
1	1
0	0
0	0
8	151
0	134
7	15
0	135
0	120
0	110
0	3
0	4
0	0
0	0
0	4
0	275
1	38
1	256
0	81
4	40
0	23
0	32
0	12
13	30
0	53
56	6
125	58
0	49
5	41
9	37
4	31
1	8
0	367
15	367
1	149
0	97
0	130
0	71
0	50
0	50
0	12
0	0
0	0
0	0
0	0
0	0
0	0
0	0
0	1
0	1
0	0
0	1
0	1
0	1
0	1
4	869
0	141
0	755
0	358
0	81
0	160
0	212
1	47
0	45
3	0
0	869
0	774
0	868
21	276
3	161
1	226
9	192
0	163
5	79
0	15
62	14
0	90
0	0
0	0
0	0
0	0
0	0
0	0
0	0
0	0
0	0
0	0
0	0
0	0
0	0
0	0
0	0
0	0
0	0
0	0
0	1
0	0
0	1
0	0
0	0
5	180
5	176
2	59
0	77
1	28
24	245
0	140
3	63
1	56
1	56
0	13
0	7
0	1
0	7
1	6
0	7
0	7
0	13
0	4
1	5
0	4
0	1
6	608
22	10
2	4
0	601
0	6
8	217
0	19
0	10
4	8
1	263
5	610
0	0
0	0
0	0
0	0
0	0
0	4
0	3
0	4
0	0
0	0
0	0
0	3
0	0
0	2
0	2
0	0
0	2
43	995
35	4
0	77
3	72
3	109
0	58
31	92
0	66
6	78
5	752
0	0
0	1
0	1
0	1
0	0
0	0
0	159
0	42
0	17
0	2
5	17
1	6
0	5
0	0
0	0
0	0
0	0
0	0
0	0
37	0
1	655
7	180
18	39
9	83
34	37
21	235
0	252
0	168
7	179
6	131
75	181
5	115
0	75
1	32
2	122
2	53
4	160
13	188
0	120
0	95
0	95
0	73
0	73
1	9
266	119
18	6
0	12
0	92
0	44
0	46
4	41
2	5
2023	231
35	214
0	0
0	0
0	0
0	5
4	6
0	1
1	763
0	1256
3	1249
7	1254
2	29
15	338
55	452
0	1253
0	1
0	2
0	3
0	3
8	0
0	0
0	0
0	0
0	0
0	0
0	0
0	0
0	0
11	16
0	16
20	3925
0	3306
4	3292
5	3533
10	2222
1	1151
0	1526
400	164
0	0
0	0
5	288
6	462
0	448
0	160
1	464
4	439
0	289
10	308
24	289
0	83
0	0
7	735
4	791
0	17
1	90
3	769
0	213
4	459
3	71
0	769
7	159
7	234
0	769
0	764
459	209
3	97
4	81
0	39
1	111
0	6
0	17
0	0
0	0
0	0
4	35
7	3
2	35
2	35
0	0
0	0
0	40
1	9680
0	9656
42	4696
0	7215
0	1210
3	1313
0	5580
0	1524
2	1108
5	1765
0	886
27	1026
8	601
10	3479
0	109
3	335
140	340
0	150
2	312
4	125
1	186
9	79
0	339
3	100
0	107
5	76
0	2
0	2
0	0
1	0
0	472
0	490
6	507
0	31
0	12
0	72
0	178
0	28
1	24
1	10
0	24
8	9
0	12
0	27
0	4
0	2
0	65
10	65
0	0
0	6
8	0
8	4
0	4
0	0
0	0
0	221
922	473
0	231
7	173
0	711
4	52
0	694
1	462
0	6
1	6
0	0
0	2
42	2394
12	2313
2	333
27	63
47	362
12	291
542	134
55	139
0	39
1	58
0	38
0	33
2	0
184	109
0	18
21	27
14	86
13	3
0	3
0	0
0	0
0	0
2	575
0	468
4	566
8	69
17	115
0	21
4	0
9	3
0	0
0	0
0	2
0	3
0	1
1	293
0	300
10	80
9	95
12	65
1	30
2	268
0	270
5	124
0	176
0	274
0	368
0	342
4	14
0	1
0	1
0	1
0	1
0	0
0	1
0	0
0	0
0	0
0	0
0	0
0	0
7	150
11	261
2	101
0	89
2	144
0	134
0	0
0	0
2	33
3	32
0	18
0	26
0	4
73	98
0	61
0	53
0	3
4	12
3	19
0	0
0	0
0	0
92	110
0	110
0	17
1	54
0	0
0	0
0	0
0	0
0	0
0	0
0	0
0	0
1	147
0	147
0	0
0	0
0	0
0	0
0	0
5	173
2	172
0	26
0	1
14	1581
2	1580
26	243
0	198
1	126
2	84
3	89
5	140
0	66
0	411
4	28
15	9
0	7
0	3
0	1
0	1
1	1
0	0
0	0
1	17
0	7
0	3
1	17
2	10
0	2
0	9
0	0
0	0
0	2
0	2
0	0
0	0
0	0
0	0
0	0
0	0
0	0
0	2
0	0
0	0
0	0
0	0
0	0
0	0
0	109
10	108
0	11
0	24
0	310
0	303
0	131
0	235
0	8
1	3
0	10
0	8
0	14
0	45
1	310
0	0
0	0
0	0
14	124
0	36
0	6
1	58
2	35
0	115
0	1
0	6
0	2
0	59
0	56
0	52
0	56
0	45
0	26
0	6
0	0
5	0
665	1415
1	771
18	343
43	393
5	480
15	588
9	591
0	541
37	93
2	201
0	472
33	135
0	13
0	48
2	6
0	46
1	40
24	86
0	36
1	11
0	24
2	20
0	18
0	11
0	5
0	50
1	155
0	182
2	178
0	60
0	49
0	182
0	67
29	59
0	0
0	0
0	0
0	0
0	0
0	0
0	0
0	0
0	0
0	0
0	0
0	0
0	0
0	0
34	76
0	82
1	79
1	1
0	4
0	4
0	0
0	4
75	472
6	225
1	453
0	248
0	0
0	336
29	336
0	71
0	8
19	128
0	84
0	65
0	24
5	8
1	0
147	309
889	309
7	308
16	258
0	111
0	45
0	0
0	0
7	63
848	63
4	30
0	28
1	12
1	7
0	0
0	0
0	0
0	0
0	1363
4	228
2	158
0	184
1	97
0	39
0	24
0	1327
0	0
0	0
0	0
0	0
0	0
0	0
0	0
0	0
0	0
2	513
238	1288
0	109
0	1149
10	135
0	62
11	143
0	1
0	1
68	43
0	39
0	36
0	50
0	70
18	271
3	80
12	6
13	214
0	59
0	59
3	28
0	12
0	26
2	22
0	0
0	0
8	0
8	57
2	49
1	49
42	29
3	29
3	8
0	4
0	0
0	8
0	0
0	0
0	0
0	0
0	0
0	0
0	0
0	0
0	0
1	0
0	809
21	3579
0	715
3	85
2	132
5	100
5	103
38	1412
9	1998
7	30
35	1
26	20
30	68
1	160
5	0
0	0
0	0
0	0
1	35
1	35
0	15
0	4
0	3
0	1
125	97
0	97
1	40
0	40
143	15
0	15
13	293
0	161
0	430
45	403
7	163
8	45
0	13
0	60
2	260
0	142
11	76
0	48
9	8
0	296
3	17
0	72
30	296
0	297
17	56
0	126
0	41
0	31
6	18
0	42
0	59
0	0
0	0
0	0
0	0
0	0
0	0
728	189
0	52
1	23
2	24
0	112
0	0
0	0
0	0
0	0
0	0
0	0
0	0
3	0
0	0
1	4477
0	967
6	57
12	891
0	4190
0	3703
0	1364
0	593
0	3086
1	414
2	733
0	1069
1	2377
0	647
0	121
0	1160
8	408
0	0
0	0
0	0
0	0
0	0
0	0
0	0
0	0
0	0
0	0
0	0
0	0
0	0
0	1
8	1
4	8
0	2
0	7
0	8
0	2
0	2
0	2
0	0
0	0
0	0
77	524
4	0
0	170
1	450
4	367
276	195
2	195
0	0
0	0
0	0
0	0
0	0
1	1
2	2
0	2
0	2
0	2
0	0
0	0
0	0
0	0
0	0
0	0
0	190
1	26
1	8
0	184
0	189
6	145
0	33
21	50
13	35
0	48
0	14
0	64
92	44
0	44
0	0
0	239
0	125
0	27
0	237
0	0
0	0
0	0
0	0
0	0
0	0
0	0
0	0
0	0
0	0
0	0
0	0
0	233
0	233
0	160
0	46
0	15
0	2
0	8
0	8
0	0
0	0
1	0
0	0
0	0
0	0
0	0
0	160
31	131
0	23
0	80
0	118
4	1
1	66
0	50
0	68
0	0
25	0
200	163
9	151
0	48
0	46
0	91
0	114
0	0
0	0
0	0
0	0
0	0
0	0
0	0
0	0
0	0
10	29
0	282
8	338
2	26
0	294
0	12
2	275
0	5
0	25
7	11
5	128
0	348
0	0
0	0
0	0
67	2
0	2
7	0
0	2
0	2
87	1043
1	1037
15	104
1	154
1	0
0	20
0	20
0	19
0	0
19	89
0	34
0	10
0	14
0	33
1	28
0	25
6	0
0	18
14	0
0	0
0	0
0	0
0	0
0	98
0	92
14	95
0	89
0	101
0	6
1011	125
10	125
270	55
0	18
0	24
0	34
0	25
0	0
21	0
7	13
0	12
0	7
3	133
14	179
1	212
0	212
1	16
0	16
0	11
0	1
0	1
2	5
0	0
0	1
0	1
0	1
0	0
0	0
0	0
0	0
0	0
0	0
0	0
0	0
2	1610
6	572
62	1530
0	382
0	376
0	483
12	1215
0	1610
0	208
0	209
0	169
0	50
1	41
1	60
13	97
0	85
1	74
0	82
0	39
0	47
12	24
1	22
0	24
1	26
0	17
5	7
0	208
0	273
8	269
2	162
12	188
0	215
659	501
0	303
0	243
0	67
32	9
0	0
167	118
7	79
11	9
0	10
0	10
0	10
0	7
0	6
0	4
0	10
0	1
0	3
0	2
0	0
0	2
3	100
4	98
4	11
98	254
2	83
0	256
0	12
1	0
0	61
0	44
0	28
13	25
2	27
14	31
0	126
0	21
0	1
0	36
4	32
4	4
28	97
11	1
9	12
1105	12
63	184
1	80
2	117
1	17
24	5
7	100
0	240
0	210
34	249
0	191
0	171
0	163
11	59
3	6
0	1
0	1
0	0
0	0
0	1859
9	1822
9	1158
0	212
58	170
6	114
27	0
2	311
10	264
10	216
15	54
0	189
0	200
1	778
0	4
3	58
0	116
14	768
7	41
0	537
0	140
0	31
0	131
0	811
11	559
0	62
0	626
0	210
0	444
0	444
0	13953
12	13703
2	468
29	2298
0	897
11	8
0	441
0	2274
72	12044
0	3466
10	1059
47	478
0	93
0	25
0	9
0	22
0	9
1	39
0	109
2	0
0	22
3	15
1813	1356
0	1113
16	811
6	222
108	24
0	24
0	16
2013	1760
0	0
0	0
0	94
1	120
0	28
377	134
0	24
0	0
0	0
3	281
0	269
0	257
7	150
1	24
1	37
0	14
2	11
0	74
0	68
2	27
0	0
0	0
0	0
0	0
0	0
0	0
0	0
0	0
0	0
0	0
0	0
0	0
0	0
0	0
0	0
0	0
141	267
3	83
2	197
2	10
4	13
126	837
9	800
17	156
13	781
0	766
0	688
0	598
0	612
0	137
1	202
20	177
25	15
0	15
0	216
0	496
1	491
0	506
7	57
12	183
0	183
0	0
0	0
61	0
56	15
0	10
0	5
0	3
3	1
1	1
83	1
39	79
0	79
0	0
0	0
0	0
0	0
32	1148
183	1415
0	731
0	799
35	840
0	599
4	287
0	358
11	217
2499	1836
62	1836
26	455
142	458
123	0
1	17
293	76
2	17
0	40
0	32
0	0
0	0
0	0
0	0
0	0
17	6
0	1
0	6
0	5
0	47
0	47
0	47
0	51
0	0
0	0
0	51
18	758
1	476
0	431
2	59
2	5
5	648
20	37
1	135
0	665
1	607
94	48
38	49
29	9
0	921
0	909
2	187
0	223
0	200
0	77
0	4
3	112
110	1895
40	1565
15	1881
56	148
55	341
1	6
0	0
0	0
119	2451
9	1799
0	924
1	446
11	75
0	119
16	629
0	3
3	3
0	3
0	0
0	16
0	16
0	4
0	3
0	3
0	0
2	6
0	6
0	3
0	0
0	0
0	0
0	0
0	0
0	0
0	2373
623	2247
0	1363
0	604
1	341
41	439
10	85
0	254
0	83
6	0
47	42
0	509
0	476
4	137
292	58
13	2372
0	0
0	0
3	0
0	0
0	0
0	0
188	14
36	2629
0	2611
18	18
1	1344
1	1405
2	1834
6	1478
1	629
0	95
1	15
118	646
6	14
0	68
0	64
0	110
0	582
0	129
5	134
0	251
0	23
3	15
0	50
0	50
0	4
0	4
0	0
0	0
0	474
0	466
0	496
0	503
0	77
0	22
4	53
1	39
2	8
0	4
0	0
0	489
0	490
0	253
0	203
4	355
659	456
0	165
11	456
0	119
0	539
2	451
0	564
0	538
19	104
0	66
0	82
0	46
0	49
0	37
10	52
20	22
7	54
0	57
0	0
2	0
0	524
198	95
0	95
0	126
27	66
1	81
0	122
0	82
3	59
0	27
0	127
0	47
0	98
0	32
3	48
0	22
1	131
0	86
0	28
0	135
2	14
0	53
0	99
14	205
16	205
1	41
56	790
0	790
14	135
1	28
11	59
0	2
0	2
0	1
0	1
1	1
0	0
0	0
0	0
0	1
0	1
8	414
34	0
47	376
0	204
0	206
0	156
0	102
0	275
0	151
1	1
1	21
0	21
0	268
24	280
30	433
3	407
4	93
0	52
2	72
7	72
21	0
0	32
36	8
4	10
30	11
0	8
0	2
0	4
1	3
6	4
0	9
0	0
0	0
0	0
0	0
0	0
0	0
6	16
0	2
1	0
0	0
0	2
0	3
0	11
0	106
0	100
0	109
0	22
0	103
55	719
0	719
2	9
0	136
2	103
5	35
114	114
0	9
1	28
0	40
24	48
0	48
2	3
0	2
0	29
3	7
0	19
0	16
2	23
0	17
0	17
0	5
0	53
159	1448
1	80
0	787
2	103
0	512
2	389
2	55
0	58
2	80
0	80
4	31
0	77
5	1
3	7
0	0
0	0
0	0
0	0
0	0
0	0
0	0
7	467
12	462
1	55
0	0
0	0
0	0
0	0
0	0
0	0
0	0
0	0
0	0
0	0
0	0
0	1274
0	1487
18	342
0	1384
0	1500
18	1039
0	340
0	110
0	84
0	81
17	116
12	814
4	178
13	79
3	146
70	114
0	108
0	24
0	24
1	24
1	0
0	3
0	1
1	2
1	2
7	0
0	1
0	1
0	1
0	0
1373	307
74	307
0	27
1	21
2	28
0	4
8	2
124	212
6	112
8	25
0	99
0	0
2	0
2100	404
7	404
679	0
0	5
0	5
0	3
0	229
0	250
0	238
0	80
0	29
0	10
2	2
0	2
0	0
0	0
0	0
83	108
0	107
0	21
5	55
0	434
44	434
9	13
7	4
0	9
0	17
0	12
0	10
0	17
0	0
0	0
1	437
0	464
1	537
0	442
4	58
49	317
0	306
2	34
11	1
2	60
6	46
16	15
0	5
0	10
9	9
0	9
156	139
0	68
6	66
0	44
1	0
0	278
0	316
0	88
3	6
0	64
13	65
1	0
0	0
0	0
0	0
4	159
6	151
0	29
10	108
0	43
3	47
0	14
9	16
1	10
0	4
0	28
0	1
0	18
0	3
0	14
0	3
0	3
0	0
0	18
0	10
3	270
0	301
8	145
0	73
0	237
0	266
0	187
0	215
0	186
3	45
2	128
6	10
0	0
0	0
0	0
0	339
6	285
13	268
66	2187
0	221
60	2067
5	334
1	417
2	22
3	0
0	59
0	58
0	50
0	56
0	57
0	926
0	902
2	934
19	349
2	19
1	107
30	9
8	224
0	173
0	143
2	35
0	0
0	0
0	0
220	824
0	803
0	350
0	150
6	21
2	348
0	40
0	360
2	12
4	10
11	10
0	122
1	5
0	110
15	353
55	372
0	128
0	46
0	0
2	41
2	0
0	41
6	41
0	5
0	2
0	37
0	9
0	24
6	31
0	27
0	17
4	4
135	0
15	526
0	543
0	89
1	217
33	17
0	0
0	0
13	73
91	73
483	0
4	0
0	0
23	646
0	141
0	110
0	513
1	48
0	4
0	27
0	38
1	22
0	40
28	118
26	333
42	8
20	330
316	476
3	476
3	14
0	2503
24	2503
31	1116
0	0
124	68
0	68
3	1221
0	1210
4	942
3	934
0	66
51	203
0	140
0	137
3	93
0	124
187	137
5	137
78	6
17	58
0	2
1	2
6	56
1	0
0	0
0	0
0	0
349	102
0	103
6	74
13	79
0	99
2	88
0	99
0	0
0	0
0	5
0	5
0	0
0	0
0	0
0	0
1	113
14	88
18	12
0	30
3	73
0	117
0	0
3	60
0	0
0	4
0	6
0	2
109	36
2	37
0	21
0	22
3	36
1	35
225	1271
7	1111
1	982
13	862
10	1001
3	305
14	295
86	452
13	876
32	876
4	168
19	73
0	1
3	274
3	277
0	241
0	278
1	2
0	206
0	45
0	89
0	0
0	110
0	302
0	328
4	24
0	306
28	281
1	114
0	16
0	112
1	48
1	16
0	57
1	61
50	18
3	10
1	8
0	4
0	0
0	0
0	0
0	2
0	2
0	0
0	0
0	0
0	0
0	0
0	0
0	0
0	0
0	0
0	0
0	0
0	0
0	0
0	0
0	0
49	269
5	236
62	5
17	274
0	81
1	161
1	157
31	77
0	36
5	47
10	0
11	1029
0	1029
20	942
0	142
11	81
0	120
0	245
0	113
1	45
0	3
1	4
0	3
0	1
0	1
0	0
0	0
0	2
0	2
0	0
0	0
0	2
0	2
2	50
0	53
0	53
0	4
0	1
29	1
0	18
40	378
79	44
0	41
0	138
1	26
2	155
14	151
0	41
0	139
0	39
0	36
0	319
0	52
135	5
0	30
14	22
3	37
2	19
0	3
0	21
0	90
9	15
3	25
0	5
0	29
1	0
0	0
5	49
13	175
0	242
4	237
0	55
1	60
0	19
0	6
5	0
2	93
12	100
0	91
5	74
2	50
0	35
0	26
381	347
3	347
0	60
4	16
56	66
595	66
0	8778
36	8762
1	1151
1	23
5	53
0	19
0	17
0	14
0	26
0	4
0	20
0	16
0	6
4	117
2	9
0	14
3	51
0	60
0	65
1	16
0	38
0	51
0	0
0	0
0	0
0	6
0	6
0	6
0	6
0	0
0	0
0	0
0	0
0	0
0	0
0	0
59	10
2	10
0	9
0	11
0	11
0	9
0	11
0	9
0	11
0	9
0	9
0	11
0	11
0	11
0	7
0	9
0	0
0	0
0	0
2	0
55	0
372	541
0	282
5	250
0	51
1	100
5	142
3	114
0	87
0	0
0	0
0	0
0	0
0	0
0	0
16	39
0	8
0	31
0	0
0	55
0	53
0	46
0	1
0	1
0	1
0	31
20	89
0	115
1	320
19	618
1	69
0	71
0	115
27	27
0	105
0	399
73	123
5	61
0	154
13	122
1	105
0	42
0	12
0	12
0	1
0	0
0	11
0	0
0	0
0	0
0	0
28	0
487	1103
3	1102
5	1080
4	24
8	129
0	138
5692	4113
2	2302
5	3781
0	2297
12	3465
0	0
0	0
0	0
0	0
1122	700
15	92
14	164
101	124
0	119
11	91
0	201
1334	0
30	643
16	648
23	5
4	201
0	126
14	14
0	1101
15	2
6	5
4	42
0	1101
217	16
5	16
0	0
0	0
2	0
0	0
525	33
0	21
0	12
0	0
0	0
0	0
60	183
0	180
0	20
2	9
0	38
2	1
290	144
0	144
18	1
0	1
0	0
0	0
0	1
0	1
0	0
0	0
0	0
0	0
0	0
0	0
0	0
0	0
0	0
0	0
0	0
0	0
61	0
3	387
0	387
0	0
0	0
0	0
0	124
0	44
0	104
0	48
0	39
0	21
1	124
0	8
0	13
5	28
1	30
0	0
0	0
0	0
0	0
0	625
0	858
0	613
0	841
0	133
0	603
12	17
4	171
0	795
6	28
0	408
0	168
0	0
0	0
0	0
0	0
0	0
580	194
23	181
1	53
12	13
2	8
0	4
0	3
0	3
0	2
0	1
0	0
3	46
0	58
5	58
0	62
0	2
0	32
0	3
0	0
4	0
0	1
0	3
0	2
0	12
0	7
2	11
0	9
0	8
0	2
0	3
0	0
0	5
3	1
0	0
0	0
2	0
0	0
0	0
0	0
0	0
1	155
110	164
0	51
8	61
2	19
2	0
0	1
0	1
0	0
0	0
0	0
0	0
0	0
0	0
0	0
0	0
0	1
0	0
0	0
0	0
0	0
0	0
22	2814
0	204
0	574
0	2694
10	344
0	472
3	136
0	2813
0	2744
33	3765
0	4002
28	1552
2	3393
2	2016
0	0
165	439
18	439
3	17
0	20
0	74
0	86
0	271
0	65
0	72
0	90
0	272
0	90
0	84
6	42
0	295
0	288
0	294
0	137
0	68
0	2
0	2
0	0
0	0
0	0
0	0
0	0
0	0
70	1060
0	558
1	633
0	375
71	611
10	231
16	168
2	89
0	13
1	4
0	262
7	87
0	186
25	235
3	0
0	0
0	0
0	10
0	17
1	11
0	7
0	1
0	1
0	1
0	17
4	48
0	48
0	47
0	37
0	0
0	0
0	22
1	16
0	22
125	42
5	22
3	33
0	0
0	664
2	640
4	37
6	135
0	18
1	48
0	50
336	0
16	115
25	115
2	86
0	594
4	455
2	559
3	50
2	61
0	116
12	76
0	85
0	148
1	55
1	68
3	84
1	65
0	82
0	65
0	70
0	44
41	8
7	22
20	317
0	320
0	17
8	8
1	144
19	144
12	125
19	45
0	47
6	37
1	20
0	2
3	8
504	11956
0	1804
4	9722
0	3164
50	9530
0	9456
0	7723
0	7744
0	5131
4	6561
0	5513
0	3645
6	6910
0	3522
2	2690
0	455
1	2039
0	533
81	0
3	293
6	310
0	31
21	57
0	9
0	28
8100	3795
0	950
1	169
28	894
0	243
8	55
0	33
1	7
1	31
1	1
0	6
202	93
26	2
12	91
13945	0
0	0
0	0
0	0
0	0
0	2
0	0
0	1
0	0
0	0
4	2
0	1
0	1
1	1
18	158
0	297
0	312
0	330
0	309
0	316
16	201
0	28
0	49
0	40
0	19
0	2
0	329
1124	0
456	215
0	215
0	68
3	67
0	21
0	23
0	19
0	19
0	0
2	0
0	1
528	20
8	20
28	28
0	28
108	288
15	259
4	290
2	108
8	261
5	10
1	18
7	66
0	44
0	290
0	61
4	21
0	17
0	27
1	9
0	4
0	62
0	8
0	8
0	1
30	18
2	3
0	0
5	15
5	39
0	38
514	124
0	108
0	936
21	304
0	1016
1	398
12	158
8	192
0	77
4	401
0	43
9	20
0	55
9	412
0	0
0	0
0	0
0	0
21	396
0	564
8	564
0	463
0	564
0	263
0	86
3	36
4	59
0	128
0	75
0	140
2	100
0	27
0	0
0	0
1	27
0	1
1	27
95	315
5	296
0	136
6	212
0	86
0	106
0	22
2	22
0	14
0	3
0	14
0	0
255	1375
0	1110
22	446
2	165
4	173
12	10
0	28
0	89
5	4
0	4
0	3
0	3
1	2
0	0
0	807
0	1430
2	1412
0	1424
5	1309
0	1170
0	167
3	113
2	34
10	32
6	32
7	538
3	221
0	49
0	1443
0	0
0	0
0	0
0	167
6	158
0	31
1	30
0	36
0	62
0	9
0	250
0	250
0	4
0	4
0	4
0	78
0	365
10	252
0	379
1	206
10	14
5	275
6	28
0	370
0	62
16	260
12	159
1	339
8	323
0	76
0	279
0	243
0	229
0	66
11	21
5	2
2	12
419	671
2	493
0	360
1	137
14	1781
0	1726
13	1221
10	814
0	87
0	1743
0	365
1	354
0	164
0	960
2	140
65	254
0	110
13	81
11	142
1	135
0	30
1	122
0	7
38	0
0	0
0	0
0	0
0	0
0	0
0	340
1105	1013
0	574
4	236
2	676
0	0
0	0
0	70
14	69
12	43
17	43
6	2
0	24
0	10926
27	493
2	478
1	83
374	90
3	13
2	13
0	9
0	17
1	77
0	475
46	1
0	1
160	45
6	39
14	23
56	248
1	261
11	317
0	63
0	134
0	129
0	114
1	44
0	36
2	1
0	475
0	29
0	28
0	26
1	0
1	0
0	0
0	0
0	0
0	0
0	0
0	0
0	0
10	0
0	0
0	0
0	0
0	0
0	0
0	0
47	0
0	0
1	0
10	79
0	79
2	315
1559	537
15	10
0	133
0	145
23	0
49	27
4	0
11	22
19	0
0	55
22	23
8	2
0	2
0	0
0	0
0	1
0	1
0	0
0	0
0	0
0	0
23	199
0	13
3	7
0	19
0	37
0	22
0	9
6	10
4	131
0	120
0	15
0	30
5	74
2	23
5818	4034
5	3679
6	1052
9	354
383	415
1	102
2	67
7	72
2	203
170	470
9	64
8	461
1	0
6	57
1	82
0	67
13	66
0	61
0	11
1	10
2	7
0	0
0	0
0	8
0	8
0	5
0	6
0	2
0	1
0	0
2	0
0	0
0	0
0	0
0	0
20	35
6	6
14	50
98	116
0	20
0	71
0	106
1	18
0	0
0	0
0	0
345	215
0	55
2	73
6	9
1	100
0	0
0	221
3	154
1	215
10	197
0	34
11	55
0	9
0	172
6	45
0	15
7	160
0	9
0	9
3	3
4	78
6	24
0	45
3	13
3	1
158	102
3	74
9	72
0	47
0	0
0	0
0	0
0	0
0	0
0	0
0	0
0	0
0	0
0	0
92	152
0	55
0	25
1	37
3	109
2	26
0	11
0	71
3	5
0	14
0	31
0	29
0	18
0	1
0	1
0	0
3	1
0	1
1	0
0	1
0	1
0	0
0	0
0	0
0	0
0	0
0	0
0	0
0	0
0	0
0	0
0	0
0	0
0	0
0	942
66	947
6	401
3	921
9	94
6	271
26	1
1	1
1029	7497
605	7582
0	2462
0	1448
0	954
10	1020
43	738
10	2154
10	1999
0	0
0	0
0	0
0	0
0	0
0	0
0	0
1	0
6	6
0	1
0	1
0	0
0	6
0	210
0	230
19	143
0	171
13	126
7	107
0	79
0	53
0	49
0	51
0	18
3	197
145	0
103	2559
0	46
3	270
0	905
0	908
0	54
0	908
0	41
0	137
4	900
7	65
1	43
0	0
352	1098
0	1098
0	5
3	271
0	115
0	254
0	143
0	179
33	168
1	7
3	38
0	42
0	25
0	5
2	3
106	6
0	4
1	0
0	0
0	4
178	84
2	84
0	0
0	0
0	0
0	0
0	0
162	7
0	7
558	187
0	187
8	117
8	111
4	79
2	79
0	0
5	213
6	201
0	205
1	182
3	212
0	16
0	0
3	12
0	19
0	4
0	4
0	4
0	1
0	0
33	390
5	279
0	648
14	620
0	27
3	4
0	46
18	364
3	0
0	0
25	6
0	3
0	3
0	0
0	1
3	1
0	0
0	0
15	149
6	11
1	21
4	11
0	17
0	12
0	149
0	0
0	0
697	251
0	251
3	1
0	1
0	38
2	0
0	38
0	0
0	0
0	0
0	0
0	0
0	0
0	0
1	0
0	0
0	35
0	34
1	0
1	1
0	12
1	158
8	186
1	1
0	153
0	158
0	236
2	260
3	18
0	52
25	30
0	30
6	0
0	0
0	0
0	0
0	38
9	211
2	77
0	202
0	80
2	0
0	60
0	33
0	990
4	945
2	126
1	97
0	344
0	9
1	46
39	46
0	9
0	0
0	0
0	0
0	2
0	0
0	0
0	0
0	0
0	2
144	6
0	6
0	16
0	60
0	80
12	77
0	82
0	0
272	680
14	598
0	696
9	28
1	99
0	564
0	140
24	201
0	136
44	91
18	2
19	91
1	53
2	5
0	0
0	0
0	0
0	0
0	78
1	10
0	124
0	924
0	145
0	921
1	199
0	199
8	65
0	15
48	227
0	24
5	19
0	53
0	12
2	40
5	40
0	22
0	0
0	0
0	0
0	0
0	0
0	0
1	0
11	189
1	85
21	125
1	188
0	24
17	174
0	170
0	174
0	17
0	0
0	0
0	0
0	0
0	0
0	0
0	0
0	0
0	0
134	0
0	6
0	0
0	4
0	3
0	4
0	6
0	0
0	0
0	0
0	0
0	0
0	0
0	0
0	0
0	6
0	1
0	0
0	4
0	302
0	3823
0	3835
2	177
0	2333
0	136
8	89
9	108
18	832
6	1745
86	603
1	3742
0	61
0	61
0	24
0	5
0	4
2	4
2	0
0	2
0	4
0	3
0	1
0	0
0	0
0	0
0	0
0	57
5	1086
24	467
34	1086
8	503
0	526
0	209
0	1634
50	272
0	1565
0	1620
0	1644
5	147
0	87
0	202
0	306
4	158
3	96
0	166
0	568
10	608
0	616
4	584
2	476
1	71
1	94
17	55
82	65
0	50
0	50
2	65
1	104
0	4
2	4
2	8
0	6
1	3
0	10
0	13
0	5
1	8
2	0
0	4
2	4
0	97
313	15721
2	15721
11	1986
3	256
46	1275
0	1246
6	112
0	89
2	92
0	76
1	31
0	20
0	24
0	2
0	23
3	18
4	5
0	492
330	152
19	122
0	95
0	73
2	93
0	1
0	0
0	0
0	1
0	1
0	10
136	5880
18	2450
0	3174
80	3933
15	1267
0	0
0	0
0	0
3	71
0	71
3	29
0	21
0	10
0	14
0	154
0	194
29	165
0	140
8	25
1	0
0	42
0	238
0	247
0	64
7	45
0	27
4	16
3	9
0	17
23	5
5	0
610	54
0	54
3	115
1	115
0	0
0	0
0	0
0	0
2	36
101	36
0	69
0	74
7	3620
46	3614
212	555
186	127
215	132
29	6
1	3371
58	0
0	0
0	0
0	0
757	0
264	745
0	92
8	740
0	214
14	3
5	16
1	55
1	32
0	117
0	69
0	112
0	127
0	49
0	0
6	11
0	6
0	0
0	5
0	3
0	1
100	13
0	13
20	1
42	17
0	17
0	21
15	204
0	147
3	146
0	55
0	204
0	193
0	176
0	206
0	42
0	26
0	9
0	58
1	59
0	54
0	0
0	0
0	2118
79	2146
0	2066
59	39
0	200
0	2104
84	129
0	2127
0	2179
0	105
0	1923
9	1607
6	226
43	0
9	59
14	389
9	6
0	389
1	142
0	164
0	19
0	158
6	53
0	54
0	54
0	54
0	52
0	52
1	32
0	8
0	5
0	3
0	1
0	9
4	10
29	0
0	10
0	10
0	10
0	10
0	7
0	0
0	1
0	2
0	1
130	772
0	772
8	360
0	360
56	7
2	4
1	3
0	114
0	46
1	51
0	49
0	10
0	3
0	5
0	5
185	0
10	2
0	2
0	1
51	455
1	455
0	17
39	23
5	2
0	23
0	0
184	0
7	137
0	55
1	136
0	11
1	0
3	0
0	224
0	184
0	195
1	205
0	2
14	228
1	0
0	358
2	150
6	62
7	12
1	8
22	10
0	10
0	2
0	0
0	0
0	0
0	0
12	55
0	55
3	12
0	11
1	10
0	5
0	1
0	5
0	159
0	315
0	141
0	12
0	34
1	312
0	83
0	49
118	289
1	270
0	45
0	15
60	149
0	150
5	50
0	145
0	136
0	22
0	23
0	19
0	12
3	27
0	22
0	16
4	6
0	7
0	3
2	0
29	23
0	13
207	0
0	522
0	30
0	0
5	90
1	7
89	529
4	0
1	126
0	5
124	125
1	28
0	4
2	35
0	63
4	0
0	0
0	31
0	31
130	0
0	0
0	0
0	0
3	460
24	587
4	355
0	693
1	511
171	32
0	693
8	4
3	4
1	158
0	174
0	53
0	32
0	0
0	0
0	0
0	0
0	0
0	0
0	0
0	0
63	119
605	136
2	25
0	17
108	142
0	74
0	50
3	4
0	56
4	20
15	14
0	26
0	55
88	2441
2	2426
7	1489
0	549
2	273
3	22
10	15
3	325
4	1161
1	55
0	1198
2	198
54	73
141	903
1	166
1	59
0	52
11	135
1	126
1	0
0	13
140	6561
7	4500
7	5811
42	275
5	1899
18	9
2	3
0	0
1	6
1	2
40	430
5	164
18	425
3	107
0	0
0	0
0	0
0	0
0	0
0	0
0	0
0	0
141	87
0	61
2	38
0	32
0	0
0	0
1	355
0	329
0	50
0	75
0	109
0	287
0	217
0	234
0	249
14	53
1	33
0	95
1	12
383	256
15	263
0	8
24	8
1	5
0	77
0	2
3	27
0	81
0	106
0	79
0	73
0	14
0	8
0	11
0	77
0	0
0	0
0	20
0	415
0	409
0	16
0	94
0	402
0	52
0	86
0	376
0	6
7	26
0	5
0	13
0	8
3	15
0	8
0	3
0	9
0	5
0	2
3	2
0	2
0	2
0	2
0	2
79	590
3	601
0	342
8	98
0	84
1	264
21	45
0	251
0	50
61	11
100	46
1	20
0	26
61	2106
0	290
0	252
0	193
2	2106
294	0
15	1359
45	1193
0	1097
107	57
205	63
3	194
3	9
5	362
0	1097
0	0
0	0
0	0
0	0
0	0
0	0
12	212
5	201
0	57
0	0
0	54
0	2
0	192
0	22
2	13
10	2
3	5
47	863
0	863
0	0
0	0
0	0
0	0
0	80
0	150
41	164
0	80
0	128
1	30
0	26
0	52
11	19
0	110
3	19
0	39
0	63
0	24
0	15
0	8
8	2072
30	298
0	236
0	1692
0	1686
15	1849
0	1664
0	5
0	2
0	5
0	1
0	2
0	0
0	0
0	0
0	5
15	542
15	553
2	95
5	373
0	39
0	58
3	63
3	3
4	553
81	170
2	170
16	126
0	11
1	3342
1	3842
6	237
1	925
1	925
1	897
29	351
26	813
1	657
0	827
11	134
2	56
0	0
50	55
0	55
0	55
0	12
0	9
0	21
14	4343
18	1646
76	4336
3	1121
26	1120
905	1689
0	1744
0	900
0	334
28	346
0	330
2	173
0	221
1	63
0	116
0	3
0	14
0	14
14	362
9	412
0	348
0	329
0	195
1	191
0	129
6	4
0	4
0	4
4	681
0	367
0	663
0	681
1	429
1	429
0	152
0	76
0	51
0	71
0	53
1	9
1	227
0	234
0	57
3	17
24	21
0	376
77	3626
135	3541
51	949
66	860
75	0
34	188
5	136
11	154
13	771
0	855
10	505
0	105
0	66
1	4
0	4
0	0
55	4194
1	4194
52	423
0	226
49	147
1	166
27	215
83	4179
0	33
0	11
0	33
3	12
0	0
0	0
0	0
0	353
0	0
50	242
2	242
0	15
1	27
1	26
0	32
0	8
0	1
1	27
0	40
0	39
0	25
0	32
3	426
0	40
2	512
1	501
0	9
0	17
1	83
0	43
0	511
620	574
65	574
66	54
9	45
3	31
0	1
0	54
0	0
0	0
0	0
0	0
1	1667
0	1675
0	1623
0	0
0	0
0	0
390	219
0	101
0	46
1	108
3	3
2	3
3	2
4	2
0	2
0	2
0	0
0	0
0	2
0	0
0	223
0	198
26	49
0	176
0	42
0	28
0	2
0	10
0	72
1	236
58	200
0	29
0	156
0	102
0	97
0	47
1	21
2	0
6	1018
0	97
50	156
1	49
51	1018
0	114
0	33
0	114
0	672
0	595
120	337
0	287
0	273
8	199
0	672
3	569
71	577
2	644
4	817
0	1031
5	536
16	72
0	151
25	66
2	17
1	998
0	0
0	0
0	0
0	0
0	0
0	0
0	0
0	2599
0	1179
0	31
0	3
0	2084
0	2080
0	2503
0	719
0	2081
0	1
0	0
0	35
0	2783
0	774
3	2665
0	2326
13	2638
0	169
2	642
0	1839
0	1839
7	517
0	2522
0	2697
0	31
822	0
0	0
0	0
0	0
0	0
0	0
0	0
0	5
0	5
0	5
0	4
0	1
0	1
1	0
0	0
0	3
0	0
0	5
0	6
281	378
0	367
1	76
4	33
0	204
0	204
0	185
5	60
1	27
0	43
0	97
0	71
0	26
1	56
0	54
0	20
31	2133
39	267
0	1724
0	131
1	43
0	60
1	76
0	894
2	2133
392	1536
0	1184
52	664
9	1212
3	210
0	68
4	1453
0	1312
11	207
0	207
0	207
0	206
0	1394
3	125
0	282
3	257
0	116
0	157
0	145
13	9
0	9
19	390
5	364
1	72
0	152
0	46
30	0
4	13
0	13
0	4
0	7
0	5
0	2
1	138
1	3453
1	2995
0	3367
2	427
3	319
0	2719
0	0
0	433
6	310
3	108
0	461
39	443
0	252
9	88
0	0
1	51
10	51
0	12
0	6
0	42
0	39
0	11
30	187
1	101
637	658
4	658
28	31
0	98
0	0
0	0
2	0
0	4
0	10
0	7
0	8
1	2
4	9
0	9
0	7
0	0
0	0
0	7
0	2
0	2
2	2
0	2
0	0
0	0
0	0
481	163
0	163
29	772
32	1062
0	1066
0	104
9	99
6	42
1	154
3	153
0	17
2	28
0	17
0	22
0	154
3	133
0	3
0	134
3	134
0	119
30	127
7	15
0	99
0	34
0	4
6	73
0	27
254	1535
6	1291
0	1407
3	201
0	215
7	189
33	119
0	14
0	103
0	133
0	102
0	42
0	51
0	75
13	88
0	65
0	33
2	39
0	27
9	6
1	9
0	14
1	741
13	717
1	244
0	232
0	0
0	741
5	0
0	0
0	514
1	514
0	528
0	515
0	498
0	539
1	388
1	34
15	358
0	138
0	181
0	164
0	109
3	377
0	243
0	315
56	143
16	1
0	0
0	0
495	0
0	0
2	8
35	769
0	671
2	285
0	46
0	9
0	8
0	8
0	13
0	17
1	57
0	16
0	11
0	58
3	0
1	0
0	0
0	0
0	0
0	1548
111	986
2	1945
1	759
0	542
115	6258
147	5294
12	375
0	3057
18	3057
0	0
7	5
0	5
3	12
1	66
2	23
1	6
5	33
0	41
3	27
0	10
15	16
86	162
1	151
0	166
0	20
0	34
0	66
0	66
0	0
0	0
972	77
4	77
216	554
2	531
1	150
15	32
0	1253
2	177
3	0
0	137
1	138
9	272
4	522
0	0
0	1039
2	235
2	193
0	217
0	111
0	107
0	72
13	24
11	234
0	123
0	120
0	117
0	19
2	9
1	6
113	0
0	1281
4	703
472	1515
4	53
7	89
0	118
1	70
15	1493
0	0
0	0
0	0
0	0
0	0
65	185
28	185
0	0
0	0
0	0
0	0
1	40
58	502
8	189
0	41
0	62
0	175
5	156
82	1
0	51
1	76
0	91
38	6
8	37
1	99
0	94
0	94
0	89
0	30
0	73
0	13
14	81
1	9
0	10
0	3
0	12
0	17
0	10
0	10
0	3
0	0
0	0
56	0
140	1
64	492
0	3
22	492
1	57
0	12
0	10
0	1
0	1
0	13
143	224
2	216
0	184
0	33
0	12
0	9
3	9
123	34
1	34
0	23
0	28
0	9
0	2
5	0
0	0
3	2826
0	302
0	168
0	126
0	2831
11	44
0	25
1	36
37	74
0	74
1	8
0	300
0	495
0	92
0	112
6	279
16	510
7	485
8	54
0	1807
0	1807
0	1773
0	416
0	504
14	37
16	111
2	334
1	199
0	1656
23	1811
7	0
437	30
3	26
0	4
0	0
0	0
0	0
0	0
0	928
0	931
0	145
6	18
0	0
0	0
0	12
0	9
0	5
0	0
0	3
19	308
0	301
6	266
1	111
1	55
38	3
0	3
0	5
0	13
4	13
0	9
1	1452
2	1305
9	1445
0	1380
149	1601
0	1106
0	98
0	368
0	20
3	244
2	0
710	1916
8	1831
48	85
0	0
0	0
0	825
2	825
2	65
23	63
0	1
0	1
184	554
0	333
3	549
7	77
1	4
0	9
0	6
7	8
0	34
0	25
0	6
2	8
0	33
14	30
0	18
6	32
290	1623
0	119
3	27
0	8
0	5
2	1
0	3
67	119
424	206
0	206
262	1346
1	1316
2	1327
1	213
4	87
4	120
0	63
0	59
0	31
2	131
0	220
7	95
0	264
0	147
3	0
2	0
0	0
29	584
0	171
0	158
0	97
1	49
0	2
0	588
0	840
0	841
3	61
0	60
0	151
0	155
0	90
4	71
0	34
3	217
4	217
1	105
0	84
0	58
3	10
0	837
34	7
2	7
2	0
2	0
19	19
0	16
0	4
21	995
4	989
0	975
1	421
0	657
1	834
0	190
1	511
1	375
0	434
0	995
0	105
14	1
2	14
0	2
0	1
0	1
0	2
0	10
0	9
2	1
1	1
0	105
2	8
0	8
0	1
0	1
1	0
0	0
0	0
0	0
3845	1674
51	1278
0	669
39	49
151	577
0	37
0	392
0	134
1	209
7	319
6	361
0	0
0	0
0	0
0	139
3	144
0	139
0	143
0	25
10	20
4	167
1	543
0	545
14	563
0	550
0	333
1	37
0	45
0	26
0	46
1	14
2	21
0	0
0	0
0	1567
0	0
0	2370
0	5
0	0
0	0
0	0
0	0
0	3
0	3
8	214
86	0
37	54
42	0
28	89
4	2367
91	730
22	300
0	675
4	118
2	38
2	0
0	0
0	0
0	0
0	0
519	291
4	269
1	136
0	54
61	97
0	3
0	24
0	70
53	0
0	128
0	128
0	10
3	6
1	54
1	74
0	76
6	28
0	9
0	4
22	3
3	7
1	9
1	4
0	76
897	0
17	0
0	72
0	74
0	72
0	74
0	14
0	17
0	3
1	1
0	72
63	88
0	105
0	93
1685	10525
1	8115
0	4979
1	4286
0	0
22	0
537	41
63	41
0	664
4	634
0	101
7	38
0	326
1	296
0	291
0	236
0	156
6	46
0	37
5	44
0	47
0	14
0	43
0	22
0	8
1	3
5	999
24	633
0	936
76	669
0	0
0	0
1	0
0	0
0	0
0	0
0	0
0	0
0	3
0	32
0	32
0	1
0	2
0	17
0	1
0	1
5	5
0	5
0	0
0	0
0	0
0	0
0	0
0	0
0	0
543	575
23	86
1	38
0	56
0	110
0	309
0	31
0	2
0	0
0	0
0	2
60	19
1	6
2	19
0	196
0	12
2	17
0	181
9	202
0	47
0	7
0	142
0	76
4	21
0	196
4	79
4	22
0	16
1	56
0	78
0	64
0	35
1	4
0	6
0	3
0	6
0	4
0	6
0	10
0	4
0	3
0	3
0	79
550	45
2	45
20	0
225	378
0	0
83	378
0	0
0	1
0	1
0	0
0	0
0	0
0	1
0	1
4	262
4	274
14	262
2	261
0	65
84	977
0	94
52	826
0	17
0	170
0	281
4	109
66	1527
184	1527
0	0
0	0
1245	2097
7	1771
0	494
14	835
3	246
1	4
1	4
0	0
126	0
0	0
251	325
0	174
0	272
0	192
53	45
0	51
0	42
0	70
40	71
0	72
0	40
0	70
0	70
0	70
0	14
0	50
0	21
0	42
5	7
0	5
0	3
0	0
0	0
0	0
0	0
0	0
0	0
54	11
0	0
0	5
0	5
0	11
2966	312
4	312
0	0
1	335
24	335
0	175
44	501
12	207
8	260
31	273
0	13
1	1005
0	992
0	327
2	176
0	566
4	68
0	272
34	88
15	188
0	88
0	101
0	26
0	0
0	26
0	6
0	26
2	70
1	70
33	378
0	388
0	398
0	359
8	11
106	67
0	48
1	23
0	13
1	9
0	1
3	1
0	5
0	0
0	0
0	0
0	0
0	5
202	2303
9	958
9	2263
3	111
0	173
0	626
7	10
9	905
0	231
3	121
7	16
0	173
0	170
0	707
0	711
1	253
0	655
0	567
20	130
0	462
0	130
2	137
21	155
0	83
1	151
0	62
0	149
10	169
346	697
0	697
0	137
0	104
3	497
1	0
0	26
4	4
4	64
3	1
0	59
0	0
0	0
0	0
0	0
18	2132
1	2114
16	2092
1	188
2	368
11	2091
3075	3029
1	422
2	344
4	358
136	67
0	1
19	66
0	29
0	4
0	8
0	4
65	117
4	114
18	3
0	43
0	45
0	47
0	48
1	46
0	26
0	9
3	4
7	17619
4	5200
0	1180
0	9424
5	5943
0	4953
22	2857
8	1028
0	17428
48	9
0	6
0	7
0	6
0	2
252	574
2	574
0	186
47	83
3	42
0	41
0	7
0	7
0	313
0	37
3	50
1	36
2	299
10	300
309	0
0	54
3	27
118	54
0	0
0	0
0	0
0	0
51	340
514	479
4	380
3	28
1	71
0	45
2	11
3	4
0	91
0	60
0	48
0	332
0	411
19	124
0	184
0	309
0	359
0	82
0	85
0	127
0	455
0	3
1	3
0	3
0	1
0	1
0	0
1	0
0	0
85	340
0	111
1	95
1	19
11	0
0	105
0	13
9	0
0	0
4	4
0	0
0	4
0	0
2	93
5	85
22	987
4	976
0	773
7	102
1	187
789	759
0	117
1	263
2	423
0	320
4	63
0	64
0	5
1	5
2	39
5	26
0	12
0	15
8	56
1	9
0	9
0	9
0	36
0	1
0	29
3	2
0	2
16	5
3	3
0	2
0	2
29	0
0	610
1	399
15	135
0	237
19	27
4	95
0	816
2	795
0	785
0	179
43	897
21	884
2	841
1	352
94	34
0	34
405	228
1	218
9	162
0	259
0	75
8	260
0	65
0	85
7	259
13	13
0	57
0	58
12	656
62	1117
3	410
10	39
0	51
2	175
13	390
0	159
0	277
2	235
13	16
1	0
0	0
0	0
7	204
1	150
0	110
18	8
0	34
6	8
20	0
0	128
0	76
36	316
2	316
0	51
0	0
0	0
0	0
0	0
0	0
0	0
0	0
0	323
0	327
1	3
1	145
40	2
22	336
20	323
0	216
2	233
20	270
0	738
1	711
291	0
0	0
0	0
0	0
0	0
2	1630
6	1727
1	1679
1	202
5	144
0	155
1	1823
399	2117
12	211
1	401
5	340
0	322
9	13
0	667
1	139
1	188
13	507
49	61
4	52
0	36
9	2
1	2
0	0
0	0
0	0
0	0
0	0
0	0
0	0
3	163
12	163
4	6
0	0
139	1387
2	1387
1	60
0	402
21	101
2	2
0	8
0	20
0	329
12	0
0	316
0	298
2	43
0	318
1	275
1	173
12	166
519	349
3	126
65	0
0	5
1	3
0	2
0	0
3	1
0	2
0	1
0	13
0	13
501	69
1	69
0	236
0	25
36	236
0	0
0	0
0	0
0	0
0	0
3	30
0	4
7	31
0	73
0	48
0	36
0	78
0	325
0	56
7	34
0	414
1	413
346	0
2	112
82	43
349	207
1	184
4	133
0	21
0	220
0	14
0	233
7	0
0	29
0	236
685	0
65	3
1	3
698	197
1	197
0	45
1	74
236	225
0	33
0	207
1	31
0	10
0	8
0	1
0	1
7	10
0	8
58	8
0	0
0	0
0	0
0	0
0	5
0	5
0	1441
0	2676
0	2690
2	5
2	2709
2	1
3	145
0	2586
1	10
0	29
5	1
100	48
2	16
0	127
98	249
0	231
0	91
105	50
0	78
0	0
0	0
0	0
1	2
1	2
0	1
0	0
0	0
0	0
0	29
0	276
6	84
2	263
0	277
1	7
1	7
0	0
85	605
0	339
24	46
0	339
0	13
2	200
0	40
0	11
0	308
0	597
100	576
21	523
3	379
3	376
0	231
0	101
0	2
0	0
0	0
0	0
0	0
0	0
0	0
0	0
0	0
0	0
0	0
49	16
0	16
48	4
16	4
0	0
0	0
0	0
0	0
0	0
0	305
1	1
0	1
0	0
0	0
0	0
0	0
0	0
0	0
169	0
0	0
1	2
0	1
0	1
0	648
0	695
2	91
7	89
17	183
0	95
13	131
0	50
21	1506
23	1514
1	181
0	386
6	215
373	1538
346	0
0	0
0	0
0	0
0	0
167	93
4	14
3	14
0	14
0	50
1	13
13	42
0	17
0	10
0	10
0	1
0	1
0	63
2	66
2	137
554	606
1	460
2293	169
24	169
84	312
0	262
2	117
0	82
0	75
0	0
1490	208
0	208
2	94
95	589
0	27
0	194
2	8
1	1256
45	1216
0	77
38	251
2	1222
627	115
0	115
0	56
0	66
0	30
0	38
0	31
0	19
0	17
0	16
0	18
0	1
40	60
1	0
0	0
978	110
0	110
0	26
0	26
0	3
45	28
0	27
0	19
0	23
0	4
0	15
0	13
4	11
3	0
0	0
0	0
0	53
2	53
0	50
0	52
3	0
0	0
0	0
0	0
43	0
1	44
3	61
0	57
0	4
0	44
0	0
0	0
0	0
0	0
0	0
0	0
3	1
0	1
246	316
17	321
0	5
0	22
4	41
33	9877
1	9583
3	9535
2	5630
0	4881
30	5625
0	5151
3	4119
15	3632
10	3978
0	3370
0	2695
40	719
479	719
1	335
17	94
2	0
5	41
0	0
0	0
0	0
0	301
0	179
0	228
0	27
1	238
0	195
5	6
0	242
0	0
0	6
0	16
0	377
0	363
0	44
18	523
5	523
0	140
0	127
0	165
2	85
0	75
0	54
1	18
0	1
0	1
46	370
0	328
0	543
12	801
1603	801
0	0
0	0
0	0
0	0
0	0
0	0
0	133
0	22
744	146
0	0
1	0
0	0
33	437
0	312
20	423
0	0
23	227
2	45
2	103
1	62
2290	59
167	59
0	3
0	42
0	62
0	2
0	65
3	60
0	2
0	60
0	3
0	287
52	287
6	283
0	0
0	0
0	0
0	0
0	0
0	0
0	0
0	0
0	0
6	55
3	23
0	10
0	5
0	49
128	0
0	0
0	0
0	4
0	4
0	51
0	17
0	1
1	0
0	51
167	13
0	152
1	152
0	0
0	0
0	0
0	0
0	0
29	3
0	3
0	3
13	3
0	1
0	3
0	1
1	0
0	0
89	1212
2	2
3	2
46	579
0	601
0	237
11	294
0	370
4	388
0	358
0	58
0	156
0	92
81	0
53	2
563	910
2	216
14	694
0	0
0	0
5	332
0	829
15	479
0	414
5	414
0	230
1	151
0	54
2	73
2	454
0	454
0	9
10	0
19	0
0	0
0	0
0	0
0	0
0	0
0	0
0	0
0	0
0	0
0	0
0	0
0	0
0	0
0	0
0	0
1	632
0	208
0	1394
0	143
7	57
1	597
0	1147
91	2
7	148
0	1390
59	8
2	8
432	444
2	444
0	0
0	0
20	6
0	0
0	0
0	14
0	4
0	1
0	11
6	14
0	36
0	34
0	41
0	55
1	51
23	0
0	50
0	0
0	3
0	0
964	226
0	213
7	151
0	0
0	15
0	0
0	0
0	4
6	14
0	15
0	15
6	166
5	54
3	170
0	28
0	0
5	36
0	25
8	12
9	174
1	5
0	9
0	174
0	163
219	0
126	269
20	255
18	69
9	107
13	49
2	50
11	106
0	102
0	59
0	35
74	3733
0	449
2	3733
0	7
0	7
0	120
31	1036
14	972
27	110
1	220
16	160
0	138
0	90
569	0
4	1580
0	29
21	149
1	191
1	1553
1	143
0	37
2	197
5	146
2	103
0	1656
0	0
0	2037
0	49
34	2128
0	2142
7	2129
0	35
0	52
0	2195
7	2195
371	0
48	69
0	41
0	69
4	0
32	18
719	48
4	48
59	0
194	0
0	0
0	0
0	0
0	0
0	0
0	0
0	0
1	0
0	13
0	13
0	0
0	0
0	0
4	645
0	127
3	4
3	81
8	645
2	4
0	4
0	40
0	40
0	40
0	40
0	0
0	0
2	6
1	2
0	1
0	1
0	0
0	40
719	50
1	3
4	23
6	24
63	1557
26	1557
0	3
1	3
0	3
0	0
0	3
0	3
1	0
0	0
0	0
0	0
0	0
0	0
1	0
4	2
0	2
0	2
0	0
0	1
0	1
0	1
0	0
8	106
0	26
12	106
0	13
63	33
0	6
0	27
5	31
0	220
0	265
8	331
1	334
12	123
6	45
5	167
19	282
157	211
0	252
0	124
0	264
0	40
0	336
0	0
0	0
0	0
0	0
0	0
1	148
0	148
0	7
0	183
20	52
0	25
3	10
19	240
3	51
33	3
1	407
1	313
1	55
0	5
0	920
0	1310
0	379
0	64
44	46
7	1324
1	46
0	523
0	5
0	523
0	459
40	1095
1	1114
0	0
0	0
0	1
0	2
0	0
0	4
0	3
0	7
0	7
0	7
0	7
0	7
0	18
0	14
0	5
0	0
0	9
0	16
0	13
2	4
0	4
0	0
2	0
0	213
0	7
2	12
0	214
0	12
4	0
7	17
0	15
0	46
25	61
1	41
0	0
0	0
0	0
0	0
97	331
119	331
4	175
0	0
0	1
0	0
0	1
0	1
0	1
0	1
0	1
0	56
0	29
14	2
0	290
0	157
0	291
89	291
0	0
0	0
0	0
108	14
2	14
1	82
127	96
3	3
0	0
0	4
0	0
0	0
0	0
0	0
0	0
0	0
2	1
0	0
0	0
0	1
0	0
0	0
0	0
0	4
0	1
0	1
0	5
0	0
7	5
0	0
0	0
0	0
0	0
0	0
0	0
0	0
0	93
10	127
0	156
0	123
0	96
0	9
10	124
0	1
5	1
1	9
6	15
0	7
0	0
5	13
0	0
0	6
0	5
516	1098
36	676
17	1065
1	383
0	180
13	78
0	25
1	73
0	46
0	22
0	41
0	24
0	9
0	7
0	22
0	22
2	20
0	18
0	19
0	12
3	12
0	6
0	8
0	1
0	0
0	1
0	0
0	1
107	229
0	228
0	25
1	33
0	15
0	0
0	0
0	0
0	0
0	48
2	2182
31	397
34	2177
5	49
0	0
0	0
0	0
0	0
0	0
0	1
0	12
0	12
0	13
160	195
5	195
6	31
0	8
2	1140
15	1024
3	18
9	79
7	15
0	351
2	344
4	52
0	1140
0	0
0	0
0	0
14	0
389	59
0	0
0	0
10	0
0	0
2	0
0	0
0	0
0	0
0	0
0	0
0	0
255	981
0	878
0	87
11	83
4	68
0	0
0	0
0	0
0	0
0	0
0	0
0	0
0	0
0	0
0	0
0	0
0	0
0	0
0	0
1	91
1	375
3	336
0	437
0	329
0	235
1	152
5	43
0	129
0	113
124	83
0	21
2	89
2	79
0	28
0	40
2	40
0	0
0	0
0	0
27	7
1	2
0	3
0	2
0	2
0	6740
5	631
75	6845
534	0
664	76
60	7
0	31
0	42
0	0
0	0
0	0
0	0
0	27
36	13
0	13
0	26
0	27
1	26
0	2
0	2
0	0
0	0
0	0
0	17
0	18
0	39
0	17
0	7
4	1
0	4
1	19
0	16
0	16
0	18
0	3
0	29
0	39
0	36
10	163
2	163
0	4
4	5
0	0
4	4
0	0
0	0
0	3
0	0
0	0
3	0
0	4
7	46
2	44
0	19
0	18
0	23
0	23
0	10
0	9
0	352
1	352
0	353
0	294
1	231
1	43
0	38
1	34
0	8
278	1497
2	1228
4	18
0	1069
4	114
0	513
26	67
230	119
0	25
0	101
1	28
0	3
0	3
0	1
0	0
0	2
0	1
13	61
0	58
0	7
3	150
1	149
1	21
0	11
1	4
0	17
0	17
0	17
0	16
4	2
0	9
0	10
0	0
0	1
0	7
0	0
0	6
0	7
0	0
0	7
0	0
0	3
30	515
0	569
1	65
0	491
0	506
1	15
1	40
3	329
2	63
0	31
0	81
0	64
39	244
0	218
96	0
0	0
55	197
20	279
112	351
19	71
45	184
3	38
0	95
0	53
0	65
0	62
1	19
0	55
0	15
0	12
4	573
15	573
0	61
0	6
0	7
5	35
0	50
157	262
0	21
2	69
0	45
0	61
0	55
0	69
0	80
0	47
0	2
0	14
0	3
0	14
0	3
0	1
0	15
8	0
0	5
0	5
0	4
3	23
1	23
0	12
0	15
5	6
0	6
5	0
0	38
0	38
0	40
0	5
0	0
0	2
3	0
0	41
0	12
0	6
1	11
0	1
1	41
644	584
0	474
0	364
0	248
0	47
1	988
0	899
0	155
2	141
0	152
0	928
0	32
0	90
5	12
1	24
1	864
0	117
0	1541
8	888
2	1541
311	37
69	52
7	1
8	38
7	44
0	0
0	0
0	0
0	0
0	0
0	0
0	0
0	0
0	14
0	4
0	2
0	2
0	2
0	2
0	3
0	0
0	21
0	24
2	348
15	348
2	77
3	273
2	0
3	4
0	3
0	0
0	3
0	3
0	3
0	0
144	79
0	67
1	43
28	12
2	9
414	0
128	330
0	67
29	36
1	248
87	182
0	43
0	110
1	29
0	109
0	33
2	49
0	20
0	31
9	23
0	29
0	29
9	4
1	31
0	35
3	22
2	34
1	26
3	11
5	220
0	242
6	359
1	247
0	115
2	1
0	1
2	0
0	0
0	0
0	0
0	0
0	0
0	0
0	0
4	258
10	258
1	30
0	46
1	46
0	27
0	21
1	3
0	1
0	0
0	0
23	0
0	0
0	0
0	29
0	161
0	65
0	143
0	140
0	38
0	143
0	20
0	78
0	159
0	132
0	149
0	29
3	147
0	65
1	48
0	43
1	38
0	0
0	0
0	0
0	0
0	0
0	0
0	0
3085	1914
0	668
0	1404
0	2
0	2
0	0
0	0
0	0
2	2180
17	2180
28	775
2	95
0	774
0	26
17	0
17	55
0	55
0	14
0	2052
0	1944
0	1794
0	2092
0	1984
5	487
0	299
1	175
26	59
0	103
2	3
14	0
4	1129
5	616
63	414
0	793
0	104
31	770
0	47
0	477
0	87
9	757
4	740
15	54
1	74
1	21
0	984
10	990
1	22
4	0
0	5
0	0
0	5
0	5
1	0
59	45
74	45
0	1
1286	1951
0	553
31	229
23	518
14	0
0	60
0	1395
11	16
0	67
13	99
0	0
0	0
0	0
0	0
35	3250
6	3250
0	0
0	0
0	0
0	0
0	8
1	8
0	8
1	0
351	875
2	594
9	280
2	0
0	0
0	0
0	0
4	9
16	38
6	38
0	6
1	0
0	37
495	340
2	340
35	326
65	16
76	319
6	58
13	35
0	36
0	50
6	4
0	7
0	6
0	45
0	52
4	62
0	49
0	38
0	26
0	18
115	1390
9	63
4	968
5	1111
0	0
0	0
0	0
0	0
0	0
68	0
0	0
0	0
0	0
0	0
0	1
0	1
0	1
235	33
2	32
3	22
3	6
0	0
0	576
0	577
0	9
0	579
0	13
3	55
5	494
73	11653
2	11652
4	10010
74	6
0	6
2	147
0	994
0	979
90	256
3	18
5	482
0	109
0	23
15	105
0	31
1	26
0	29
1	11
32	155
7	153
3	56
6	26
11	21
1	69
6	5
2	1
15	13
0	43
2	24
1	10
0	7
0	1
0	7
0	0
0	3
0	1
0	3
0	0
0	7
0	8
0	0
0	8
3	1
0	1
0	2
0	2
0	2
0	2
0	2
0	2
47	0
0	0
0	149
0	91
0	65
0	59
1	14
0	49
0	49
13	19
0	49
0	5
22	25
1	25
54	57
0	57
5	10
0	13
0	21
0	203
0	197
0	9
0	6
77	127
0	75
2	46
2	4
0	12
0	8
0	375
8	265
0	276
10	169
24	1647
4	442
10	103
1	437
9	1635
0	1169
0	1188
0	1189
14	1214
13	645
0	277
1	36
0	36
0	3
0	1
0	18
53	22
0	0
0	18
0	268
0	268
0	0
5	614
1	78
3	80
0	614
0	0
0	0
0	0
0	0
0	0
0	0
4	12
0	44
0	44
0	0
0	0
0	170
0	178
0	183
7	63
2	166
0	168
0	177
0	169
0	161
12	174
2	93
0	19
0	24
0	84
0	87
32	102
0	89
0	80
0	62
0	15
0	8
8	4
27	5
0	5
6	10
0	10
0	0
0	0
0	0
0	0
0	0
0	0
0	0
0	147
1	27
0	131
0	0
9	0
0	1218
0	1216
0	1214
2	112
0	131
0	1238
0	1217
5	122
10	178
4	197
0	141
0	1582
17	1528
4	90
1	183
199	1556
0	4
0	4
0	3
0	0
0	0
0	0
0	0
0	0
0	0
0	4
1565	1170
0	704
11	954
1	388
2	640
5	702
0	516
0	866
15	61
4	311
3	698
9	319
187	148
9	15
0	139
0	3
4	145
0	97
1	129
0	21
1	79
0	83
0	74
0	75
1	20
1	13
1	0
0	3
0	6
13	6
0	5
0	1
0	1
0	0
0	0
0	1
0	1
0	1
0	1
0	0
0	0
926	138
26	132
1	109
1	83
8	1
0	8
6	14
2	8
6	51
1	0
0	13
2	753
17	821
1	813
0	578
1	151
0	33
2	554
0	847
0	970
0	129
0	286
0	14
0	970
0	962
0	960
62	15
0	5
0	9
0	8
0	6
0	4
0	11
6	0
2	0
0	3
14	94
0	0
9	0
0	0
1	8
2	76
0	27
1302	332
0	167
3	253
0	76
0	0
4	60
2	60
90	98
0	83
0	64
0	58
0	4
12	98
22	208
5	1236
23	1322
6	1181
0	1339
8	977
3	1236
30	194
0	1
0	11
0	4
0	4
0	10
0	10
0	1
0	0
7	197
6	285
1	161
0	290
12	170
5	43
2	83
0	53
1	14
1	19
0	584
8	85
1	537
0	560
0	576
3	93
0	104
0	74
271	0
0	0
2	579
0	10
2	4
1	10
0	558
5	496
1	49
0	21
0	28
0	31
0	16
0	39
0	126
11	371
0	16
0	22
0	0
0	67
5	0
2	76
1	8
0	8
0	6
0	2
403	303
0	302
1	86
3	127
2	0
0	1
0	4
0	1
0	4
0	2
0	2
0	4
0	2
0	0
0	0
2	0
82	10
0	10
0	0
357	66
0	49
0	45
5	2
0	18
0	46
0	0
0	0
0	0
0	0
0	389
0	180
0	257
0	356
0	368
0	305
11	2
3	41
84	67
3	67
46	2
3	0
829	1058
0	1024
15	94
3	572
0	172
3	575
0	359
2	154
0	54
0	2
0	1
0	0
0	2
0	2
0	0
2	0
0	0
0	0
0	0
0	174
0	420
0	415
14	424
5	111
4	127
0	62
56	845
0	845
2	134
0	150
9	605
0	45
181	489
28	37
88	29
0	10
0	0
10	8
5	11
0	1
1	1
1	98
10	96
0	23
0	0
2	0
0	0
1	1
0	0
0	0
479	400
0	400
5	131
0	128
0	73
5	51
0	13
0	9
0	13
0	21
1	15
11	19
0	12
0	10
0	46
2	49
0	25
0	9
0	13
0	9
0	8
0	0
0	0
0	0
0	0
0	0
0	0
0	0
0	0
0	0
0	37
0	32
0	20
0	12
0	20
5	125
0	1
1	125
7	0
0	0
0	0
0	39
0	42
0	40
0	8
0	2
310	53
14	47
2	49
9	47
0	36
0	0
2	169
2	426
23	274
19	22
6	169
274	923
18	159
12	292
0	14
0	963
4	74
0	5591
0	5602
2	1964
3	2411
59	608
0	472
1	133
11	1390
2	62
4	92
2	120
1	2
5	41
2	1390
1	0
3	219
0	219
4	0
0	0
0	0
0	0
0	0
9	0
0	0
0	0
0	0
0	1
0	1
0	0
0	0
0	0
0	0
0	0
0	0
0	0
0	0
2	3
0	3
20	16
0	16
0	18
0	411
30	10
1	129
0	388
0	88
1	119
2	171
0	41
0	167
8	155
0	78
0	357
0	26
0	172
0	61
0	143
0	89
0	39
0	46
2	48
2	44
0	388
0	380
0	243
1	72
0	0
0	0
6	0
151	0
1323	298
0	117
1	146
0	182
10	0
103	2861
0	2696
0	1752
0	2000
0	2288
0	1756
101	1747
0	1353
5	334
0	426
62	211
0	186
0	0
0	0
0	0
0	0
0	0
1	0
0	0
0	0
0	82
0	156
0	229
0	238
0	139
9	203
4	208
0	44
0	63
0	73
0	79
2	52
36	14
452	439
0	218
0	261
0	445
0	83
25	200
0	132
0	137
0	169
3	3
1	3
1	5
4	53
1	13
0	53
0	53
0	53
0	22
0	28
9	26
0	36
96	162
4	81
1	126
0	0
0	0
0	0
1	0
0	24
0	24
0	3
0	24
6	0
2	0
0	0
0	0
0	0
0	0
690	63
0	45
0	28
0	0
8	107
5	107
5	9
4	33
1	8
70	0
0	0
0	0
0	0
2	0
0	0
0	12
0	0
0	1
2	1
0	12
1	376
0	366
3	82
2	77
0	63
0	77
0	36
0	8
32	368
1	39
0	370
26	45
0	55
0	0
2	286
0	286
2	38
0	11
2	0
0	20
1	0
0	0
2	183
4	284
0	34
0	148
0	266
0	284
147	18
0	2
0	1
0	16
17	55
311	314
0	24
0	283
2	12
2	73
0	104
101	59
5	100
0	15
0	14
0	15
0	15
0	0
0	0
0	2
0	0
0	0
0	0
0	1
0	14
0	0
0	0
0	0
0	0
0	0
66	354
0	354
3	30
2	104
1	197
3	2
0	0
0	8
0	2
0	8
0	7
0	1
0	0
0	5
0	0
0	0
0	8
0	3
0	3
0	3
0	0
0	0
0	3
0	3
0	3
0	3
0	3
0	3
0	0
40	334
3	263
1	286
0	240
1	199
0	197
2	65
0	50
15	35
3	3
6	0
0	0
0	0
0	0
0	0
0	0
0	0
0	0
0	0
5	528
12	761
2	0
0	858
0	0
0	717
170	762
0	965
0	1120
0	1325
0	340
20	10
0	164
0	785
0	1336
0	1299
0	717
7	1064
0	738
3	248
7	419
0	853
5	123
0	481
0	832
3	462
0	155
0	82
4	239
27	239
1	164
2	32
10	0
154	30
15	20
1	10
118	269
0	269
0	34
1	3
0	3
0	1
157	216
0	147
2	69
0	85
0	57
0	39
0	31
0	40
0	0
0	0
0	0
1	105
384	358
8	60
8	48
12	22
1	70
0	66
0	331
0	6
0	1
0	6
0	5
1	0
2	1
0	1
124	20
25	20
0	0
0	0
0	1286
0	1234
1	43
0	12
2	1128
8	109
1	51
0	51
1	44
0	1
0	21
0	19
0	9
0	10
0	8
0	7
0	0
22	0
0	8
0	7
1	3
0	0
0	2
0	2
0	0
0	0
0	0
0	0
0	0
953	838
0	838
1	65
0	1246
3	0
0	184
0	1246
1	29
0	0
0	0
422	151
0	41
0	61
2	49
0	57
0	18
1	231
0	230
0	19
0	20
0	8
1	94
1	9
4	28
1	13
0	15
0	2
0	2
0	2
0	2
0	2
0	2
0	2
156	573
157	376
0	552
0	356
0	121
0	77
0	60
0	60
0	60
306	23
30	162
0	151
0	162
0	185
0	180
0	18
8	181
0	6
0	1
0	30
0	3
0	0
0	0
0	0
0	0
215	0
2	39
0	48
0	39
0	47
1	17
0	23
12	5
0	22
1	14
2	0
44	238
0	238
79	1245
10	599
12	257
1	1161
0	845
0	0
0	55
1	53
0	1
0	11
13	5
0	1
2	242
0	235
0	242
0	27
1	71
0	43
0	44
0	2
0	3
0	3
0	3
0	0
0	0
0	0
0	103
3	112
0	112
6	112
0	107
0	188
0	76
2	981
0	777
11	1010
0	27
1	131
0	235
0	182
9	1
0	90
0	100
0	176
0	153
0	69
0	151
0	1
0	1
0	0
0	0
0	0
0	31
0	45
4	172
0	140
2	1
0	0
0	8
0	7
2	5
0	151
0	0
0	0
0	0
0	0
0	0
0	0
0	0
0	0
0	0
42	620
1	620
0	123
0	56
10	33
0	140
0	3
0	3
0	0
0	0
0	102
0	102
0	17
13	17
2	13
10	369
0	56
0	63
0	63
0	342
32	71
0	284
0	65
6	153
22	174
0	91
25	2510
2	2511
17	2498
3	106
10	130
4	462
0	78
1123	0
0	0
0	0
0	0
0	0
27	3
0	1
0	2
44	137
0	137
2	124
0	0
130	47
1	32
0	40
22	17
0	23
0	8
0	3
0	6
0	6
0	0
68	530
28	528
2	30
3	68
65	68
0	13
8	13
0	0
0	0
0	0
220	359
1	317
0	255
2	41
0	9
0	0
0	0
0	0
0	0
0	0
0	0
0	0
0	0
0	0
0	0
0	143
0	155
1	50
0	52
9	58
2	64
25	1300
1	76
5	1301
11	46
1	107
16	103
0	41
0	45
1	40
0	5
0	5
0	5
0	0
1	3
0	3
0	3
0	3
0	9
0	9
0	8
0	8
0	4
0	7
0	0
0	283
26	289
0	140
0	31
2	11
0	1
21	13
0	283
10	236
0	195
0	259
0	5
0	41
2	24
0	21
0	93
0	16
3	12
0	0
0	12
415	72
4	69
0	0
0	0
20	3193
1	291
4	259
10	293
426	3216
10	24
32	27
0	3
0	110
0	77
0	65
2	21
0	0
0	0
0	0
0	0
0	0
0	0
0	0
0	0
0	0
0	0
197	421
1	421
0	70
199	406
0	346
2	60
6	231
0	70
4	232
7	51
0	0
0	0
0	28
12	73
4	34
0	55
0	33
1	0
0	0
0	0
0	388
0	387
2	196
0	385
1	247
0	8
41	445
1	634
18	508
17	440
76	36
7	36
0	3
0	3
0	0
0	0
13	0
0	1
0	1
0	0
0	0
0	0
0	0
0	0
0	0
265	101
2	6
0	66
0	57
0	0
10	45
1	45
0	45
0	24
0	0
0	0
10	585
0	572
0	70
0	59
0	73
221	975
0	939
0	18
1	131
2	54
0	0
0	0
0	0
0	0
0	0
0	0
0	0
7	0
1	0
0	0
0	0
0	0
0	0
0	0
0	0
0	0
0	0
34	0
0	0
0	0
0	0
0	0
1	0
319	6
13	6
336	2
6	2
1	39
1	37
1	7
5	7
0	2
0	3
20	150
0	38
0	150
3	2168
22	2095
5	265
19	473
9	69
6	118
0	1464
61	1698
0	1834
128	2828
0	66
2	127
1	127
2	0
1	0
0	1
0	2
0	1
0	2
0	1
0	1
0	1
13	216
17	216
20	0
0	0
0	0
0	0
0	0
0	393
0	405
4	122
0	142
0	92
0	94
0	91
0	45
0	53
0	38
4	4
2	374
11	0
4	0
3	0
287	123
0	64
0	26
1	59
60	16
0	14
0	16
9	10
0	5
0	5
0	0
5	13
0	13
108	309
0	98
6	0
0	309
0	292
22	86
0	107
0	50
6	199
11	38
3	169
0	138
0	122
0	83
3	16
9	19
0	119
0	67
0	0
4	0
0	0
0	0
0	0
0	0
57	0
0	0
0	0
0	68
10	75
0	52
1	57
6	55
0	52
0	0
0	9
0	9
0	0
1	2
0	9
0	1
0	0
0	0
0	48
2	50
0	20
0	7
0	57
20	57
1	43
0	0
0	0
0	9
7	9
0	0
0	0
6	513
0	273
0	350
0	162
0	342
0	120
0	350
0	306
0	0
0	0
0	0
0	0
0	0
11	19
2	27
0	23
0	23
0	7
0	20
2	17
3	5
0	335
1	14
28	303
0	43
0	335
762	105
1	105
482	947
4	369
0	281
0	704
0	179
0	232
3	0
0	0
1	23
0	9
0	6
0	16
48	91
0	79
21	16
1	0
0	0
0	345
0	701
10	738
0	367
348	779
14	15
15	4
202	331
5	331
14	273
111	271
7	98
0	256
2	212
3	212
0	109
0	29
0	153
4	0
622	323
0	224
1	223
0	210
0	189
0	38
0	296
11	781
1386	781
9	485
0	177
2	589
1	573
0	221
1	300
0	232
2	51
0	0
0	0
2	1
0	0
0	0
0	0
0	0
0	0
12	98
0	638
12	728
11	734
0	787
0	785
2	58
1	172
0	0
8	0
0	1
2	1
0	1
0	0
0	1
0	0
0	0
0	0
410	290
2	265
1	15
0	103
4	40
0	42
1	48
10	30
1	9
0	0
0	0
1	5
0	4
0	4
0	5
1	4
0	4
0	0
8	0
254	1013
3	667
13	43
3	281
24	294
12	6
0	5
0	17
0	12
0	14
0	1
2	0
0	1
0	19
1	58
1	58
0	21
1	15
0	2
0	3
0	3
0	2
0	0
0	0
0	0
0	0
0	0
0	0
1	0
1131	2510
3	2428
0	549
4	111
0	135
8	67
0	51
6	42
0	37
0	50
0	58
0	66
0	50
0	42
0	49
0	45
0	20
1	3
0	65
386	1205
0	735
0	140
0	62
0	43
2	56
7	84
0	41
1	41
3	83
0	42
8	309
38	25
29	105
0	164
70	115
0	94
0	90
1	452
19	145
0	452
1	125
35	420
0	435
0	130
5	134
28	452
12	0
0	70
2	77
0	7
6	177
1	171
0	165
0	136
0	26
0	20
1	33
10	25
0	1261
6	74
20	271
0	271
0	1103
1	0
0	1018
2	56
0	23
8	1251
0	52
5	102
3	55
0	54
3	13
1	24
9	22
4	8
0	26
1	13
0	1
0	1
0	1
0	1
0	1
0	1
0	1
6	80
0	55
0	52
0	81
0	78
2	80
0	43
0	18
0	32
136	3540
0	3540
1	283
0	248
4	173
10	0
1	0
1	0
114	152
3	77
0	0
0	0
0	0
0	0
0	0
0	0
0	0
0	0
664	701
1	327
3	521
0	466
2	259
6	224
0	224
0	0
0	0
0	0
0	0
0	0
0	0
0	0
0	0
0	0
0	0
0	0
0	11
2	51
0	5
42	117
51	43
3	9
0	48
0	42
0	74
0	0
0	0
0	0
0	0
1	26
0	59
71	243
0	21
1	54
0	15
0	153
49	68
0	491
14	109
14	681
100	566
0	47
0	109
13	434
0	98
35	39
4	38
2	8
0	13
0	53
0	55
0	491
0	0
19	7
10	31
65	214
1	202
0	71
0	3
0	3
0	0
0	0
0	0
0	0
0	0
0	1
0	0
0	0
0	1
0	0
1	162
161	171
4	23
6	9
320	0
484	10
18	10
0	0
0	1845
0	1275
0	105
0	924
6	1598
5	139
0	162
0	156
1	197
0	85
37	551
1	85
1	628
0	74
0	117
0	117
6	527
0	60
6	412
9	47
3	56
203	254
2	105
0	1834
0	928
0	0
0	22
0	30
0	19
0	0
0	2
1	4
0	7
0	15
0	15
0	7
29	10
2	3
0	7
1	5
0	5
0	5
0	1
0	0
0	0
0	0
0	5
84	660
2	156
15	602
0	84
0	131
4	254
0	0
2	339
0	115
1	71
0	0
0	0
0	0
0	375
0	362
0	363
0	377
0	379
9	94
0	4
1	30
0	6
0	2
887	71
1	71
57	0
16	37
3	51
97	65
1	13
0	0
0	21
0	7
0	22
3	919
11	94
0	93
0	857
0	166
9	831
2	134
36	1246
0	1436
3	206
1	621
5	1318
0	205
0	217
0	482
0	408
0	417
0	526
1	526
12	188
0	7
0	10
0	0
0	2
0	0
0	0
0	2
0	0
0	0
0	0
475	286
1	109
1	175
7	101
2	0
0	0
0	0
0	0
0	0
0	0
0	0
0	349
0	0
0	113
0	0
0	339
0	3
0	3
0	0
0	167
0	0
0	0
57	1918
8	1900
0	594
0	18
0	2
0	2
0	2
0	0
0	0
0	0
0	0
0	0
0	2
0	0
0	2
0	0
0	0
0	1
5	33
6	21
0	85
0	62
12	8
10	10
0	81
0	0
0	0
0	0
0	0
0	888
0	265
0	304
2	3
5	0
2	139
19	892
0	885
0	943
25	1278
0	1040
4	0
0	52
3	1368
0	0
0	0
0	0
0	0
0	0
0	0
0	0
17	1
0	1
0	0
0	0
0	0
0	0
0	0
0	0
0	0
244	41
1	29
0	8
1	1
0	0
0	7
0	213
112	215
0	145
8	119
0	45
0	0
0	0
0	1764
36	1690
0	138
34	258
0	0
0	353
3	256
5	43
98	162
0	128
1	85
2	25
4	39
97	59
0	44
3	22
27	32
29	314
2	6
0	297
0	115
0	10
0	14
0	11
1	16
0	1
0	1
1	0
0	0
7	34
0	2
0	29
0	29
0	12
0	1
1	0
0	2
0	0
0	0
0	0
0	0
0	12
0	12
0	0
0	0
0	9
0	10
0	9
0	0
0	0
0	0
0	0
0	0
0	0
0	0
0	0
0	0
0	19
37	178
0	179
3	170
90	898
1	757
4	735
55	142
1	5
3	5
0	0
1	154
2	27
0	228
0	287
0	17
0	35
1	5
0	7
0	9
0	103
2	2
0	214
16	10
32	40
11	50
0	0
0	0
0	0
9	0
1	186
0	211
1	200
0	59
0	37
0	21
26	47
0	4
5	12
0	19
5	47
0	0
0	0
9	57
56	67
0	0
1	10
83	11
0	11
0	0
0	0
0	0
0	0
0	0
0	0
0	0
10	39
1	116
13	118
5	127
0	26
31	879
0	894
0	889
0	130
18	122
0	19
1394	122
5	122
0	28
2	1291
1633	1478
0	212
2	28
4	78
0	0
3	2
0	13
0	13
1	3
0	2
0	6
0	0
7	0
90	91
3	77
0	0
0	7
0	7
0	5
0	1
0	6
0	0
0	1
0	1
0	0
0	0
0	0
0	0
0	0
0	0
0	0
0	0
0	0
0	0
0	0
0	0
0	0
19	117
144	749
1	53
7	175
30	308
0	169
5	167
0	535
0	1341
12	1239
0	1177
0	550
0	501
1	357
0	153
2	194
0	179
0	42
0	20
0	167
6	41
0	64
6	14
0	0
0	0
0	0
0	0
17	0
1	1
0	0
0	1
0	0
0	0
0	0
0	0
0	0
0	0
0	0
0	0
0	0
0	0
0	0
0	0
0	0
0	0
0	0
0	0
0	0
837	32
15	32
44	207
0	181
0	209
15	55
0	0
2	0
0	0
7	27
59	660
0	19
0	660
0	105
0	571
7	0
0	107
1	147
0	75
8	0
0	0
24	13
0	4
0	11
0	1
0	1
0	0
0	0
0	0
0	0
0	0
0	0
0	0
0	39
0	36
0	38
324	0
0	0
1045	153
1	153
0	0
0	0
0	0
0	0
0	0
0	0
0	317
0	331
22	121
0	103
6	71
0	46
2	64
1	16
0	0
0	0
0	0
2	156
0	167
0	9
0	22
0	1
3	2
0	2
0	0
0	0
0	0
0	0
0	0
0	1
0	1
0	890
8	890
54	890
0	765
0	522
2	110
0	102
3	194
0	105
0	63
0	23
10	9
0	886
2	0
0	0
2	2431
0	2431
2	2075
0	46
2	145
13	69
3	43
0	206
3	156
0	2431
0	1347
0	12
0	0
0	2
0	1
0	1
0	12
8045	1549
59	47
6	621
0	789
10	764
0	30
0	30
1	2
0	30
0	30
0	740
1	758
0	432
2	430
1	57
0	36
0	17
68	17
0	0
6	137
69	137
0	58
0	24
1	38
0	135
0	71
2	144
0	56
2	58
4	57
0	321
0	328
3	225
4	147
0	49
0	0
0	0
0	0
3	1
0	1
0	0
386	318
54	0
91	318
3	155
1	36
0	9
86	36
53	251
33	251
76	0
2	5
1	5
0	1
0	1
0	0
0	0
0	0
21	438
0	726
0	906
1	50
0	10
0	6
0	1
0	846
848	0
0	0
0	0
6	788
0	787
11	743
0	787
0	496
0	132
0	166
37	145
2	23
0	0
0	0
0	0
0	0
2	2
0	2
0	0
0	1
0	0
1	0
0	0
0	0
0	0
0	0
0	0
0	0
0	0
0	0
0	0
0	83
7	27
0	58
0	81
214	148
0	62
0	72
3	48
0	73
19	16
1	32
0	4
0	32
0	5
0	104
1	391
7	385
10	391
1	378
0	0
0	0
0	2124
0	1255
1	2197
0	2163
0	411
0	1726
3	476
0	926
0	989
0	1096
0	1333
0	1270
0	1274
0	1283
0	1173
0	1143
0	1152
0	1186
0	1156
0	1215
3	285
1	146
34	182
3	98
0	213
4	213
69	53
332	0
33	1291
0	4776
1	3072
0	4658
116	4608
261	4236
4	275
0	0
0	0
0	0
0	0
0	0
93	447
20	387
1	373
0	39
1	112
0	17
0	101
255	22
0	22
0	1
0	132
71	548
0	525
17	107
10	527
1	75
4	450
0	94
0	67
1	2
1	186
12	70
0	70
0	46
0	6
0	2
9	5
0	5
0	0
0	567
116	2639
0	2349
0	2118
0	1592
2	461
5	322
0	442
15	1133
0	428
6	3
6	120
8	0
0	0
0	0
0	0
602	103
3	19
2	84
0	0
0	0
0	0
0	0
30	328
0	328
0	20
0	78
2	40
0	0
0	0
0	0
0	0
0	0
0	0
0	0
0	0
0	0
0	0
0	0
0	0
10	325
372	322
3	64
0	72
0	36
6	295
431	639
0	370
0	370
0	222
45	37
66	937
2	671
0	1501
0	689
0	764
4	688
0	1501
0	0
0	0
0	0
0	0
0	0
0	488
2	485
1	441
0	4
17	38
9	251
0	56
0	59
1	23
0	10
390	368
0	249
2	132
0	114
8	31
0	98
2	73
5	56
34	246
62	207
12	52
0	56
0	0
1	27
0	27
0	0
0	0
5	0
0	0
0	0
0	0
0	0
0	0
0	0
0	0
0	0
0	0
0	61
7	92
1	34
1	44
0	24
0	0
0	1
0	1
3	127
0	7
4	1
0	127
0	230
1	236
0	240
25	130
7	1
0	30
0	32
0	35
1	22
0	336
4	60
5	132
0	243
24	129
0	115
147	0
326	165
11	154
1	85
0	0
0	0
2	0
49	0
6	73
13	31
2	1
0	75
0	76
0	22
0	74
0	3
0	4
1	247
2	342
2	341
1	330
11	137
0	66
0	66
0	13
0	51
1	3
0	3
0	0
0	0
0	0
0	0
0	0
0	4
0	11
0	12
0	3
0	1
0	5
0	448
0	0
230	187
18	61
1	61
0	273
0	244
0	286
1	273
33	321
0	26
0	99
5	32
4	88
0	0
0	0
0	0
10	0
0	0
0	0
0	0
0	0
2452	0
157	240
0	223
1	45
357	408
1	17
0	208
0	209
22	209
0	142
0	129
0	113
1	549
2	534
0	534
0	549
0	0
0	0
0	0
286	693
2	130
9	225
0	654
0	139
22	314
0	4
11	419
1	43
32	177
0	53
3	26
1	0
0	0
0	0
0	0
2	1
2	1
42	81
1	50
1	20
0	59
0	35
21	27
20	4
0	4
776	562
25	250
2	204
0	106
2	77
75	20
7	20
0	0
0	0
11	1497
0	1490
12	847
6	178
0	1268
3	286
0	31
0	20
61	30
0	0
0	0
0	0
0	0
22	39
1	28
1	23
2	8
0	14
2	5
0	9
0	7
0	5
0	2
0	3
0	3
0	2
0	1
16	0
0	0
0	0
0	0
0	0
0	0
0	0
0	0
1	0
0	0
0	0
0	0
0	0
0	0
295	419
0	201
8	367
0	151
12	241
3	99
1	112
0	0
32	0
5	734
41	55
1	20
3	434
9	217
4	666
0	0
9	85
5	64
1	49
1	69
0	22
0	0
0	0
0	0
13	364
1	364
10	0
0	0
0	0
0	0
0	0
0	1378
0	1378
30	441
14	434
1	120
0	145
1	611
0	728
25	728
15	0
0	70
7	70
0	20
1	0
0	0
1	2
0	2
0	0
0	0
0	0
0	0
0	2
0	2
0	0
0	2
0	1
18	135
0	134
23	124
0	122
2	134
114	789
7	259
0	402
0	68
7	0
31	59
10	91
0	120
0	178
0	128
23	52
7	58
1	216
12	100
0	89
15	3
0	98
6	174
300	390
0	23
0	5
5	355
0	2
0	0
354	2
0	2
0	6242
5	6065
14	5111
5	904
27	247
0	949
21	128
0	405
0	0
0	0
75	157
0	153
0	96
1	36
0	78
7	1184
3	1186
8	1171
0	1287
5	242
1	281
0	75
0	94
0	40
0	52
1	35
0	89
0	50
0	89
0	85
0	42
3	58
0	65
0	42
7	18
0	0
6	95
1	88
0	96
0	96
28	93
1	83
19	852
18	681
1	808
0	841
0	783
2	226
0	419
3	83
2	154
6	111
1	28
0	0
21	139
3	91
0	133
0	53
0	32
0	14
0	42
1	16
0	0
0	0
0	0
0	0
0	0
0	0
81	0
0	0
0	0
15	7
0	7
0	0
0	0
0	0
0	0
2	51
32	107
3	56
0	0
0	0
113	62
9	14
0	48
1867	550
79	40
17	121
53	101
12	113
0	175
0	532
3	169
0	76
0	532
0	95
0	456
12	496
1	12
15	21
0	82
45	295
2012	0
2	6
0	6
0	2
0	2
0	1
0	0
0	22
17	372
3	371
1	320
0	98
0	0
13	866
0	583
6	274
7	562
1	651
19	105
0	485
0	482
0	17
4	29
0	184
0	60
7	33
0	53
0	63
0	12
12	30
0	24
0	16
0	13
0	12
0	5
0	15
1	12
0	12
0	5
0	2
0	4
0	6
1	1
0	6
2	2
0	0
0	0
0	0
0	0
0	0
0	0
0	1
0	1
16	0
0	0
0	0
142	336
1	322
0	241
1	55
0	336
0	0
0	0
0	0
0	0
0	0
0	0
0	0
0	0
0	0
0	0
1	4
17	102
0	102
25	0
0	0
0	0
0	0
0	710
18	551
421	701
1	5
0	5
0	5
0	5
0	2
0	0
0	0
0	0
0	0
5	270
3	211
0	579
0	823
0	632
0	56
0	47
5	38
0	625
4	557
0	572
14	1
0	633
0	563
2	360
48	155
0	649
0	594
2	271
0	272
0	273
0	2
0	5
0	5
33	3
1	3
0	0
0	0
0	0
0	0
0	0
0	0
0	0
0	0
0	0
0	0
40	0
1	0
6	0
0	0
0	0
0	0
0	37
0	41
0	41
2	0
3	31
0	32
0	21
0	23
0	21
2	0
1	0
1	0
0	0
3	1
7	1
0	1
0	0
0	1
0	0
0	1
0	1
1	0
412	0
409	607
0	592
0	109
7	48
7	53
0	204
9	119
4	1
0	1
0	1
0	1
0	1
0	1
0	1
0	1
1	27
17	134
32	124
0	128
1	123
4	13
0	12
22	0
670	0
14	666
1	170
2	649
0	649
1	171
0	219
0	4
0	4
1	3174
0	5565
13	2526
0	4915
10	1257
0	2672
0	4263
0	4723
0	4811
0	2175
4	4285
37	5469
0	2680
0	3508
0	2941
0	3410
1	2135
0	1840
0	1853
2	2028
0	2374
0	2061
0	1631
0	1313
0	2540
0	1190
10	1700
0	2714
4	385
53	317
23	1076
0	0
0	0
0	0
0	0
153	45
0	43
21	4
0	0
0	0
0	0
454	483
202	443
2	461
0	114
0	40
0	27
2	63
0	57
0	0
0	0
164	623
54	101
74	73
3	36
0	589
0	109
3	1
0	394
0	0
1	0
0	1722
65	547
0	1712
0	296
0	1717
0	1722
2	0
0	0
2	1
0	0
681	3940
151	3759
17	479
0	1549
2	1183
0	261
0	1144
0	0
0	0
0	0
0	0
7	97
0	148
0	140
0	79
0	139
0	130
0	102
0	43
1	53
39	0
0	0
0	0
0	0
0	0
0	0
2	0
2	900
1	158
0	900
1	154
0	154
0	116
0	142
1	110
0	42
0	42
0	15
0	9
1	4
0	0
0	0
0	0
0	2
0	0
0	0
0	2
1868	478
0	442
0	364
10	23
0	15
22	36
0	0
0	0
0	0
413	66
0	66
0	0
11	323
1	0
0	165
14	158
58	412
2	300
3	400
0	140
0	0
0	9
0	2
1	3
0	8
0	8
0	0
215	786
5	786
0	0
0	0
0	0
0	0
0	0
0	0
0	0
0	0
0	0
0	0
0	0
11	974
0	2863
0	2766
4	208
0	742
1	1682
0	194
5	1112
4	38
1	46
0	1758
29	397
5	261
0	69
2	63
1	42
0	310
0	37
2	572
0	607
108	635
0	605
0	368
8	280
0	124
1	154
12	148
0	88
0	83
5	61
1083	51
1	24
1	27
0	633
0	656
1	86
0	112
2	294
0	253
1	276
0	51
8	112
0	40
1	1
0	39
3	29
0	59
0	82
2	22
0	46
1	36
0	0
0	0
0	0
0	0
0	0
0	0
0	0
1	1273
0	1234
0	49
309	1330
5	1293
1	850
15	504
5	92
6	77
0	165
9	40
33	174
0	253
0	4
0	241
1	46
8	149
0	168
12	3
1	3
1	0
0	0
14	34
0	34
5	241
0	251
0	133
0	13
0	13
0	3
0	6
0	5
16	544
4	530
86	14
0	142
0	20
533	608
3	332
40	390
1	56
13	67
5	106
0	0
0	0
0	291
1	287
0	81
0	220
0	283
0	24
3	25
1	21
0	67
0	107
15	76
0	36
0	10
4	10
0	0
0	0
0	0
0	0
0	0
0	0
0	0
0	0
0	70
1	73
0	6
0	6
0	48
0	0
0	0
0	126
2	111
2	7
0	39
0	33
12	111
0	69
1	45
0	19
8	16
13	7
1	95
1	95
0	226
0	219
0	229
0	209
2	30
0	1501
6	1366
10	146
117	1347
2	453
0	355
55	1278
47	32
0	18
1	19
0	22
1	12
0	16
0	0
0	0
0	0
0	0
85	308
0	220
14	186
0	64
0	58
0	62
3	1
666	73
3	0
1	1
0	72
0	0
0	0
0	0
0	0
0	0
0	0
0	0
0	0
0	0
0	0
0	0
0	0
0	0
5	2
11	267
23	81
0	265
0	4
0	16
3	54
0	305
36	0
0	75
1	82
23	30
0	284
0	43
14	226
0	0
0	0
0	0
0	0
0	0
0	0
0	0
0	3
0	0
0	70
0	209
3	0
0	193
2	6
0	152
0	257
17	164
2	9
9	71
0	6
0	85
0	101
0	247
4	0
0	29
1	29
0	1
0	0
0	0
1	45
0	45
208	496
11	125
0	421
3	115
42	2
1	317
4	130
0	451
0	451
0	478
0	476
0	460
0	271
1	263
0	243
0	203
0	56
1	53
0	37
10	35
0	9
1	11
0	0
3	415
8	415
3	150
0	87
0	190
0	0
0	0
0	0
0	0
0	0
0	0
0	0
0	0
0	0
0	0
0	0
0	0
0	0
0	740
0	730
1	645
2	593
0	355
0	139
106	146
0	0
0	363
8	96
0	266
19	258
0	28
0	63
0	414
15	56
2	182
0	75
14	146
0	53
0	154
3	39
7	429
0	267
0	161
0	155
3	126
0	0
0	0
0	12
0	10
0	10
0	13
0	12
0	14
0	7
0	12
0	11
0	14
91	156
33	150
58	71
0	55
0	10
0	15
600	338
7	337
18	107
22	107
0	70
0	49
0	49
8	31
0	29
0	3
0	2
0	2
0	0
0	0
0	0
0	1
7	1
4	66
0	44
1	73
0	73
3	44
6	29
0	18
2	61
0	5
0	10
0	15
0	17
0	2
0	13
505	157
0	139
27	0
3	79
1	77
0	24
0	7
3	8
10	2
0	70
638	119
6	101
0	4
0	212
482	378
0	346
12	218
0	221
18	90
0	86
0	109
0	57
0	58
3	18
0	8
0	41
1359	44
1	44
4	15
1	15
0	0
0	0
0	0
0	0
0	0
0	0
92	38
0	38
2	58
0	58
0	0
2	0
0	0
0	0
131	0
0	135
4	109
7	131
50	140
1	41
0	26
0	6
0	6
0	98
173	661
5	89
29	433
0	313
0	580
0	203
1	133
4	3
0	6
0	6
0	0
0	0
0	0
0	0
0	0
0	0
0	0
0	0
0	0
0	0
0	0
52	62
2	53
18	384
611	464
32	451
6	78
0	364
0	157
1	157
1	74
10	73
15	254
20	77
0	81
0	91
0	68
26	33
0	33
1	10
0	10
0	2
6	17
71	20
0	0
0	284
0	46
0	47
0	31
13	35
0	314
1	132
0	103
6	63
0	58
0	0
0	609
188	609
12	538
7	236
6	133
2	147
0	182
0	74
0	213
1	1018
2	948
1	947
1	147
20	1420
19	493
0	7
0	798
58	128
0	260
0	79
4	30
2	28
0	263
1	262
2	212
1	212
0	0
0	0
42	379
0	136
0	277
9	309
0	56
0	216
0	103
0	105
6	0
623	60
0	327
0	306
0	125
0	369
0	295
791	821
0	79
3	85
29	75
3	692
6	38
8	534
0	114
6	36
4	108
60	177
0	0
0	0
0	213
0	34
220	336
0	265
145	0
2	641
18	641
0	614
0	189
0	38
0	37
0	65
0	29
8	60
0	46
0	55
1	53
0	56
6	149
0	14
0	109
1	0
0	937
0	918
4	937
0	735
8	168
1	119
1	0
0	328
0	342
0	147
0	265
22	101
0	70
0	5
0	44
0	2
0	2
0	0
1	0
0	58
2	3
0	0
8	3
2	9
3	9
0	0
61	0
32	0
0	262
1	263
1	307
0	1
0	7
32	261
0	306
0	0
3	0
1	3
1	3
91	7837
230	879
0	7837
30	5605
96	326
44	101
720	974
3	99
12	259
1	270
1	242
0	104
3	201
6	201
21	120
0	17
2	0
0	196
0	104
0	47
0	6
4496	4034
3	4034
0	1351
1	132
25	328
0	307
0	193
6	126
1	347
0	108
0	150
2	56
0	215
0	36
317	0
0	1
0	1
0	1
0	1
0	0
0	0
0	0
0	0
0	0
0	0
0	0
0	0
0	0
0	9820
12	6813
0	9952
316	9882
2	8568
0	0
0	0
0	0
0	0
21	387
0	113
0	50
0	214
1	35
0	214
20	142
0	273
0	273
3	245
1	81
1	114
0	6
1	1
1	231
38	78
0	80
0	384
1	125
0	47
0	47
0	35
0	31
0	2
0	2
0	72
25	212
0	70
6867	3068
50	1263
47	944
13	320
10	857
175	276
10	340
0	0
0	0
0	0
0	0
0	0
0	0
0	0
0	0
0	0
0	0
0	2536
0	1296
0	2315
0	478
0	208
3	133
1	0
0	266
0	2105
0	2104
2	2723
0	2725
1	191
10	92
51	1026
16	1025
42	117
1	103
0	29
0	23
302	37
4	36
2	15
0	16
0	0
56	258
0	276
13	209
0	2
0	2
0	231
0	231
1	216
2135	736
102	522
58	241
0	223
0	354
0	3
0	2
0	0
0	1
10	18
0	14
0	0
0	4
0	3
0	3
15	50
0	50
0	11
5	635
134	2446
0	2446
0	0
0	0
0	0
0	0
0	0
0	579
23	581
1	25
2	20
53	0
76	312
0	216
3	268
0	141
0	90
1	156
0	118
0	75
7	62
9	37
0	0
3	24
0	2
0	5
0	18
0	27
0	0
2	27
0	17
0	5
1	0
1	56
0	143
0	0
0	0
0	0
0	0
0	0
0	0
0	0
0	0
0	0
0	86
2	86
12	20
0	77
0	362
0	147
0	272
10	223
0	288
0	310
0	334
0	292
33	5
1	239
0	50
0	312
2	39
2	20
0	81
8	113
0	129
0	72
0	54
0	78
0	54
0	128
0	77
192	159
0	61
2	28
0	138
0	108
0	104
43	352
0	309
0	53
3	45
0	62
0	66
1	257
3	7
0	280
37	269
1	198
0	269
0	37
0	328
0	347
0	182
0	0
0	0
0	306
8	323
0	239
13	71
0	67
1416	282
0	172
0	110
0	0
0	0
0	0
0	0
0	0
11	303
16	173
0	28
105	384
0	4
8	588
77	207
12	448
5	252
2	353
14	296
5	20
6	134
0	16
0	2
386	132
0	72
1	71
0	33
1	940
1	63
5	18
0	248
0	139
1	46
5	1
0	31
1	18
0	89
0	19
6	3
7	1
0	156
1	12
0	928
0	0
0	0
13	72
16	39
105	1856
660	1772
18	1765
0	135
2	185
7	280
0	3
0	3
0	0
0	3
0	1
0	0
0	0
0	0
0	2
0	0
0	1
0	4
4	0
0	4
0	1
0	2
0	0
0	0
0	0
0	1
0	2
0	0
0	1
0	4
0	4
0	0
1	0
0	43
0	63
2	63
3	19
0	0
0	0
0	0
0	0
0	0
0	0
0	0
0	0
6	396
4	411
1	46
3	0
0	0
17	186
0	40
0	259
6	535
0	521
0	470
21	108
40	40
0	0
0	8
6	8
0	7
0	8
0	10
0	0
14	10
0	4
0	1
0	1
0	0
0	0
0	0
0	0
0	0
177	716
0	161
1	191
16	84
2	6
68	5
4	361
0	361
0	262
19	88
0	48
0	74
30	19
51	0
0	0
0	0
0	95
0	68
30	67
207	0
19	1293
1	1399
305	1337
0	279
0	252
3	149
0	159
0	17
0	0
0	0
0	0
0	589
2	533
5	116
16	102
0	224
0	181
0	171
0	170
2	155
0	117
6	142
0	228
0	148
0	91
0	54
0	17
0	228
0	0
41	59
9	62
14	128
1	100
19	38
2	55
0	62
1270	1367
2	1367
0	1
0	1
1	3
0	3
0	0
0	0
0	1
0	0
0	0
0	0
872	210
7	41
1	149
8	89
7	65
2	75
0	108
0	108
0	272
8	95
0	246
0	9
0	0
2	11
8	61
181	61
0	0
0	9810
0	8847
198	6975
0	1609
0	740
0	918
1	4250
1	1796
15	1759
0	1327
2	852
0	599
7	506
0	0
105	174
12	3
0	9
0	171
5	34
3	0
17	11
1	23
0	6
9	147
0	34
0	187
0	119
0	287
0	34
0	111
0	248
0	253
19	132
38	2
0	146
0	321
13	110
0	274
0	0
0	329
78	0
0	153
24	54
0	106
3	85
12	230
33	493
9	345
5	311
5	95
22	46
2	57
0	21
2	18
0	55
0	0
0	0
0	0
2	7
1	4
19	7
0	7
0	7
0	3
0	0
1	53
3	49
2	4
0	87
0	34
0	17
0	24
0	42
0	25
0	7
10	4
1	1
0	13
0	15
0	15
0	0
23	514
0	549
10	275
1	33
1	2
1	1388
0	1110
3	3571
4	92
0	3420
0	3282
14	62
0	251
0	1099
0	5
0	5
3	3
0	3
0	2
0	0
0	0
0	0
0	0
43	621
16	541
0	53
0	621
0	0
0	0
0	0
6	1222
0	308
397	2518
2	1487
1	302
3	1054
0	106
0	104
229	129
5	129
2	27
2	62
0	0
0	0
0	0
0	0
0	0
0	0
0	0
23	465
30	465
0	45
0	111
0	70
0	15
6	9
0	9
33	7
0	3
33	3487
0	197
45	50
5	28
8	31
0	49
5	5
0	2
1	0
0	6139
0	6002
0	6038
0	5951
8	466
41	5923
0	88
22	124
5	18
0	1144
2	80
2	501
11	1279
0	361
7	236
0	308
0	224
0	3
3	1275
2	287
50	75
0	192
3	3
0	0
0	1
0	1
0	3
0	3
0	0
0	199
44	15
18	4
0	83
0	210
0	171
0	166
40	23
0	29
0	23
4	10
0	24
0	194
1153	449
0	388
0	336
0	0
0	0
0	0
0	14
0	14
0	14
296	147
1	147
0	43
0	19
0	15
0	0
2	750
1	750
0	695
3	23
0	30
0	19
0	7
0	2
0	30
1	208
5	208
2	30
2	30
0	14
1	7
0	9
0	7
0	9
0	0
0	0
0	0
0	0
0	0
0	0
0	0
0	0
0	0
0	0
0	0
9	0
5	0
95	0
0	1
0	1
0	6
0	1
0	5
0	18
0	5
0	5
0	11
0	13
0	6
0	5
0	0
0	0
0	18
0	5
0	5
0	0
0	5
0	0
266	1
0	2097
1	1884
1	1580
1	1006
2	784
8	508
0	303
5	138
28	43
0	42
3	610
0	619
25	0
36	13
0	399
0	522
0	626
0	0
0	2
0	2
12	0
0	0
3	235
3	234
16	152
0	34
3	40
0	14
2	13
243	802
4	796
4	396
8	12
0	0
0	0
0	0
0	0
0	1427
162	1903
66	476
0	0
0	0
0	0
0	1
0	1
0	0
613	291
0	291
0	0
0	0
0	276
0	18
1	14
18	56
0	58
0	207
0	263
80	1545
25	596
0	1543
2	563
0	418
10	40
12	83
4	35
2	260
0	0
0	0
0	0
0	7
0	7
0	0
6	102
1	196
3	341
1	21
0	125
1	20
2	312
6	31
0	133
1	314
0	0
0	0
0	0
0	0
27	0
0	0
0	0
0	0
0	0
0	0
0	0
0	0
0	0
0	3
0	3
0	2
0	18
1	2
0	0
0	1
0	1
0	0
1	216
37	83
1	11
1	59
0	171
6	31
0	155
0	44
10	40
0	0
0	0
1	126
1	102
0	78
0	150
0	0
0	0
0	0
0	0
0	0
0	0
2	0
0	0
0	0
0	0
0	0
0	0
0	0
0	0
0	0
0	0
0	0
0	0
0	0
0	0
0	0
0	0
0	0
0	0
1	0
0	0
0	0
0	0
0	0
0	687
15	684
0	127
8	144
11	121
0	55
0	0
1405	679
0	116
0	563
0	188
0	198
0	200
0	46
0	39
0	21
10	0
0	0
0	0
0	0
0	0
0	0
0	0
0	0
0	0
0	0
25	27
0	26
1	3
0	8
0	0
0	2879
45	2879
5	0
0	0
0	0
0	510
0	527
1	80
2	421
17	10
0	0
0	0
0	0
0	0
0	0
0	0
0	0
0	0
0	0
0	0
0	0
0	22
6	22
0	7
0	14
0	0
0	0
0	0
0	0
672	1337
0	1337
4	204
0	61
0	0
0	0
2	723
5	171
1	470
0	326
1	328
0	0
0	0
1	0
0	0
0	0
0	0
0	0
0	0
0	0
0	0
0	4
0	4
0	0
4	0
2932	0
1166	2149
14	2162
0	2225
24	1695
0	1770
3	168
75	709
33	233
1	1
0	0
0	0
0	1
0	0
0	0
0	0
0	0
0	0
0	0
0	0
0	0
16	772
130	2190
0	645
52	198
0	348
3	39
1	280
3	125
2	39
0	330
0	135
0	330
1	31
1	51
0	0
0	0
0	0
0	2
0	3
0	316
0	23
0	0
0	62
1	30
0	82
0	317
0	75
0	104
0	34
0	162
4	25
0	72
0	7
0	64
1	123
0	149
0	283
3	49
0	50
0	48
3	282
0	106
50	1012
2	1012
0	941
4	18
4	150
12	143
36	3864
28	325
0	1208
14	829
1	3827
0	231
1	262
27	308
0	1747
0	209
0	243
17	243
9	243
66	797
7	2998
5	5
3	2993
7	249
5	384
17	313
17	50
0	246
1	246
0	41
368	133
0	78
0	5
40	81
1	68
11	68
0	9
0	325
23	15
6	34
3	324
0	153
7	40
5	38
0	20
0	5
0	69
36	511
2	21
0	460
1	29
0	4
0	45
2	22
0	28
0	144
2	16
0	31
0	571
85	489
3	13
3	63
14	137
0	133
1718	745
0	199
58	60
2	0
7	46
17	86
0	437
0	11
0	4
0	0
0	11
5	15052
0	4105
170	13741
185	13245
17	4806
1	5208
80	706
118	113
238	125
1	61
4	12
0	0
0	0
0	0
0	0
0	0
0	0
0	0
0	0
0	0
0	0
0	0
2	728
104	614
0	1156
0	699
11	1155
105	1163
44	615
25	49
0	212
100	9
0	159
0	1773
2	1638
17	392
2	143
21	67
5	207
0	207
1	43
0	52
4	0
0	0
0	0
0	0
0	0
0	0
0	0
5	0
0	0
0	0
2	0
0	0
0	0
0	0
0	0
0	0
0	0
104	2756
1126	2756
0	0
0	0
0	0
0	0
0	0
0	0
0	0
0	0
0	0
0	0
0	0
0	0
0	0
0	0
8	0
0	0
0	0
0	0
0	0
0	0
0	7
0	9
0	0
0	0
0	0
26	42
0	0
0	0
0	0
52	14
0	0
0	0
0	0
1	12
0	4
5	6
1	2
0	0
0	0
0	0
0	7
0	0
0	0
0	8
0	0
0	0
0	0
0	0
0	0
0	0
0	0
2	0
0	1
0	0
0	0
0	0
0	0
1	12
4	0
0	0
0	0
0	0
0	0
0	0
0	0
12	92
0	0
1	1
15	0
0	0
0	9
0	0
4	10
0	3
38	47
0	5
0	0
0	0
0	0
0	0
0	0
3	4
0	0
3	0
0	0
0	0
0	0
0	0
0	91
2	0
0	0
0	0
1	4
0	0
0	0
659	0
0	0
0	0
0	0
170	0
0	0
0	0
0	58
0	0
0	0
0	1
0	0
117	0
0	0
0	0
0	0
17	119
6	119
1	60
181	1
0	0
0	0
0	0
2	0
36	0
6	7
0	0
0	0
0	0
0	0
0	0
0	0
0	0
0	0
0	0
0	0
0	0
0	0
0	0
0	0
1	6
0	7
0	0
0	9
0	0
0	0
0	0
0	0
0	0
0	0
0	0
0	0
0	6718
0	0
0	0
0	0
0	0
0	0
0	0
0	0
0	0
0	0
0	0
0	6188
1	0
0	0
0	8
0	0
0	0
0	0
0	0
0	0
0	0
0	11
0	2
0	2
0	2
0	0
0	2
11	9
0	2
0	2
23	0
0	0
0	0
0	0
0	0
0	0
0	0
0	0
0	0
0	0
0	0
0	0
1	39
0	0
3	0
0	1
0	0
1	0
0	5
25	44
2	0
5	0
0	0
0	10
1	9
0	0
0	0
0	0
0	0
0	1
0	0
0	0
0	0
34	0
0	0
0	0
0	0
0	0
1	0
5	0
0	0
2	0
0	0
0	0
0	0
0	0
0	0
0	0
213	1
0	0
0	1
0	0
0	0
0	0
0	0
11	0
0	0
0	0
0	6
0	6
4	0
0	0
0	8
2	1
0	0
19	73
0	0
0	9
0	0
3	0
0	0
0	0
0	46
2	34
5	29
0	4
0	33
0	7
0	4
0	10
0	22
0	24
0	20
0	12
0	2
0	13
0	3
0	12
0	3
0	7
0	0
0	2
0	0
0	0
0	0
0	0
0	0
0	0
0	2
77	290
6	4
0	286
7	10
0	85
0	81
0	32
1	62
0	5
4	6
18	23
0	9
169	1941
0	2511
37	1175
0	1947
5	768
215	1252
1	2414
2	142
2	57
828	328
3	139
2	175
0	206
0	209
1	0
0	66
0	1
0	1
0	0
0	1
0	0
0	0
0	0
0	0
0	0
0	1
0	1
0	1
1106	1008
48	15
0	52
1	1008
0	137
0	203
0	2
0	3
0	3
0	1
0	1
0	1
0	0
0	0
0	1
19	0
13	261
2	110
0	85
1	265
0	93
0	51
2	27
128	746
0	748
75	64
0	18
37	36
1	40
46	942
117	942
8	286
201	272
20	221
2	62
1	40
0	31
7	86
7	20
0	22
0	9
0	4
0	3
1	0
0	4
0	3
0	25
1	4
3	3
1	25
0	177
0	176
0	38
1	1
0	176
1	1137
0	2272
0	2176
8	2117
5	149
1	1646
0	50
0	7
27	1554
0	140
2	319
0	69
0	53
2	62
7	62
3	13
3	52
0	14
6	681
0	1600
0	281
1	345
4	647
3	629
0	34
0	67
1	47
6	59
3	62
1	41
0	29
9	377
3	41
4	46
12	203
2	10
20	59
0	1433
0	266
3	269
147	0
0	14
1	163
1	146
0	18
0	8
239	115
1	115
0	6
0	6
0	6
0	3
0	6
0	0
0	0
0	0
0	6
1	55
1	1873
0	53
0	2005
15	1875
30	1324
25	1859
141	16
1	11
1	5
1	6
0	6
0	962
3	153
4	30
0	908
1	495
4	772
1	774
12	68
0	0
81	295
0	277
3	18
0	9
0	0
0	1
0	1
0	1
0	1
0	1
0	0
0	1
0	0
0	0
0	0
0	0
0	0
0	0
0	0
0	0
0	0
0	0
2	1
0	1
193	362
0	332
0	87
0	60
1	66
0	124
0	28
2	34
0	19
34	1
0	0
0	1992
3	443
0	704
12	1635
5	28
1	517
43	543
0	1
0	1
0	0
1	2347
1	2267
0	2303
0	2348
3	1893
0	1868
1	770
3	832
33	347
41	287
73	226
1	397
0	116
3	410
45	178
4	227
0	107
0	171
1	62
0	136
0	131
43	100
11	215
71	195
0	190
2	231
0	378
0	158
0	64
1	44
0	49
0	48
3	1
0	36
7	0
0	58
0	13
0	383
0	232
0	157
0	372
4	244
7	369
0	0
0	0
0	0
0	0
0	0
0	0
0	0
1	6
0	0
0	0
177	791
0	737
8	30
0	186
9	19
14	40
1	74
0	0
0	0
0	0
139	51
0	0
0	0
0	0
0	0
0	0
0	0
0	0
5	450
13	458
2	397
0	439
0	55
0	92
0	23
0	61
0	11
0	0
0	0
0	0
0	0
0	0
0	0
0	0
0	0
2206	106
3	106
0	182
0	498
8	237
2	356
4	124
1	356
0	50
1	54
5	0
0	0
0	0
0	0
0	0
0	279
0	201
2	397
12	760
142	2
0	239
0	61
0	180
93	8
0	41
13	224
0	46
11	142
56	24
25	386
1	233
8	14
0	0
0	14
0	1
0	1
0	0
0	137
0	127
0	129
0	9
0	43
571	0
0	32
0	32
0	0
0	0
0	0
3	216
1	214
4	34
0	0
0	0
0	0
0	0
0	0
0	27
0	97
0	98
0	77
0	61
0	24
0	0
0	0
0	0
0	0
8	8
2	14
0	11
526	568
0	292
2	377
0	371
0	190
96	0
0	0
0	0
0	0
6	964
2	964
1	41
0	12
3244	546
0	176
3	24
3	197
5	114
0	14
0	0
0	14
6	14
0	1
0	0
0	0
0	0
0	9
0	9
0	9
0	3
0	1
0	3
0	0
0	0
0	0
2	0
292	143
0	48
3	125
0	41
5	38
9	78
9	100
0	5
8	18
0	5
2	1
0	22
4	0
0	0
0	0
0	0
0	0
0	0
0	2
0	2
0	0
0	0
0	1
0	0
0	20
0	20
0	20
0	9
0	0
2	0
0	0
0	0
0	0
5	22
0	18
0	9
0	4
0	15
0	7
0	10
0	15
0	6
1	287
100	287
5	27
0	8
0	8
0	0
0	0
0	0
0	0
0	0
2	311
0	0
987	1191
0	1117
9	907
0	726
0	732
0	98
26	177
115	17
0	155
2	88
0	63
57	12
6	379
6	363
3	358
1	308
5	25
2	46
1	91
2	438
0	463
0	75
0	259
0	150
2	112
2	112
0	66
1	51
1	10
0	452
0	0
41	5
2	5
0	12
1	11
0	2
0	2
0	2
0	1
8	0
0	0
0	0
0	0
0	0
0	0
0	0
0	0
0	1
0	1
3	1
0	0
0	0
1	83
3	2
4	83
10	79
12	3
6	385
12	432
0	112
1	66
0	83
1	126
33	0
2	0
108	222
0	26
0	203
2	24
7	9
0	1
0	103
32	43
10	10
0	33
0	33
0	1548
1	1528
35	1469
0	7
0	191
1367	222
15	222
0	2
0	2
0	1
0	2
2	0
0	0
0	0
0	2
280	309
487	313
0	4
19	0
0	0
0	0
0	113
0	0
0	113
2	133
0	562
1	421
1	253
0	229
260	0
0	31
0	16
0	5
0	0
0	0
0	0
0	0
0	0
0	0
78	76
0	67
1	67
0	8
0	13
0	72
0	51
4	6
1	25
0	20
0	1
0	4
0	0
0	0
14	483
5	93
0	219
24	415
0	479
0	117
25	376
3	536
2	71
0	30
3	71
0	0
0	0
0	0
0	0
0	0
0	0
0	0
0	0
0	0
0	0
0	0
0	0
0	0
0	58
22	185
1	196
0	23
0	38
0	56
0	82
30	82
0	38
0	88
66	1289
0	1141
0	318
0	351
0	347
2	77
2	176
6	54
2	256
1	155
1	134
0	554
0	108
0	554
25	117
0	110
0	0
0	0
0	0
0	0
0	0
0	0
0	0
0	0
0	0
0	0
0	0
0	0
0	0
0	0
0	0
0	0
10	46692
1	90
8	115
0	112
0	71
2	0
13	16
0	0
0	0
0	0
0	0
0	0
0	0
0	0
0	0
0	0
0	0
3	5
0	0
0	5
0	4
0	0
8	0
0	1
0	0
0	0
0	0
0	0
0	0
0	0
0	0
0	0
0	50
0	45
0	38
0	41
0	17
11	42
0	52
0	31
4	16
0	9
0	8
0	3
0	3
0	1
0	42
0	42
0	45
0	51
0	0
1	0
0	1
0	1
0	0
0	0
0	0
34	25
0	25
0	0
0	0
0	0
336	0
0	0
0	2
0	2
0	0
0	2
0	2
0	2
0	0
0	0
0	0
0	0
0	0
0	0
0	0
1	7
23	113
1	86
1	91
0	21
165	1451
0	1279
0	1284
0	1285
7	73
7	0
2	245
1	0
0	64
0	38
0	17
0	59
1	65
0	33
0	65
0	59
0	12
0	26
0	3
0	0
0	7
0	7
0	1
0	0
0	0
32	371
0	372
0	326
54	232
0	8
0	132
7	29
2	133
620	402
9	0
0	0
0	0
2	3
0	1
0	1
0	2
0	2
0	0
0	0
0	0
0	0
0	137
3	132
2	10
5	1
0	43
6	45
0	16
0	17
7	3
12	477
0	479
7	825
0	699
0	93
0	1
0	0
0	0
0	1
116	1490
3	236
7	377
13	38
2	228
20	73
130	528
13	451
2	385
0	381
0	137
220	184
1	14
1	54
5	121
0	118
7	103
0	118
0	90
0	83
2	105
3	0
0	0
0	0
0	0
0	0
0	0
0	0
0	0
0	0
0	0
0	0
0	0
0	0
55	767
13	706
1	278
7	153
0	148
0	16
0	14
0	14
0	0
0	24
30	31
0	26
0	31
0	91
1	91
0	86
2	1
0	83
0	2
0	24
0	9
0	4
1	3
0	39
4	37
0	0
0	0
0	685
58	631
0	665
0	431
4	565
0	254
0	0
0	0
0	329
0	320
0	319
15	312
0	129
0	320
5	180
0	180
543	557
2	557
0	256
4	31
12	29
0	0
0	0
0	0
0	0
0	2
0	2
0	0
0	0
0	0
0	0
0	0
0	0
0	0
0	0
0	0
0	0
0	0
0	0
0	0
48	302
0	213
0	218
10	84
1	197
2	300
2	81
0	106
0	92
0	0
0	0
0	0
0	0
4	166
5	36
11	162
0	11
0	141
10	8
0	8
0	2
0	2
1	2
0	8
0	0
29	16
0	14
0	4
0	13
0	7
0	8
1	1
0	7
0	0
7	121
2	180
8	449
14	310
4	440
0	111
0	71
0	109
0	94
1	77
3	42
2	17
0	449
0	1
0	2
0	0
0	2
0	0
0	626
0	128
0	0
0	0
280	64
0	32
3	32
13	2
0	2
0	0
0	0
0	0
0	0
0	0
0	0
0	0
0	0
0	622
0	124
0	0
0	0
0	0
0	0
3	1099
0	1093
0	251
0	110
0	1166
4	66
5	322
0	212
0	0
347	97
0	58
0	24
25	4
0	11
0	10
1504	58
0	58
0	43
0	13
0	0
0	0
0	424
1	419
1	418
0	76
2	16
0	0
0	0
0	0
69	23
0	8
0	4
6	13
6	8
9	3
2	7
7	335
2	272
10	132
5	168
4	10
0	64
8	23
0	0
0	0
0	0
599	205
0	158
0	103
46	60
0	82
0	0
0	0
0	0
0	0
0	0
0	0
0	0
0	0
0	0
0	200
0	195
0	171
15	42
80	113
0	39
21	0
0	74
0	17
0	0
0	0
0	0
0	0
0	0
0	0
0	0
0	158
115	623
6	69
0	217
45	481
4	10
1	158
4	57
0	98
0	0
0	0
0	0
0	0
0	0
0	0
0	0
894	163
13	0
4	163
9	80
20	711
0	1056
0	1073
1	625
6	187
0	0
0	0
0	0
0	0
0	0
0	0
0	0
0	0
0	0
102	462
0	43
23	423
0	105
1	58
4	0
15	4
0	0
0	646
0	790
0	627
4	661
0	774
0	538
1	695
8	204
2	239
0	135
0	89
0	40
2	38
4	24
91	0
0	0
0	0
0	0
0	0
0	0
0	0
0	0
0	0
0	0
428	2195
0	1659
0	634
0	13
88	297
30	464
39	0
0	30
0	0
0	8
6	166
0	31
0	41
0	159
0	31
0	164
2	40
0	8
0	37
2	10
2305	41
1	0
0	0
0	0
1	0
0	0
0	0
0	0
0	0
0	0
0	0
0	0
0	0
0	0
0	0
0	0
0	0
0	0
0	2
0	1
0	8
0	6
0	0
0	0
77	0
0	44
0	43
0	52
0	0
1265	857
3	388
0	416
3	66
0	241
13	218
1	80
3	0
0	0
2	12
1	91
0	84
6	2
0	14
11	1
1	14
0	0
22	11
4	11
558	348
0	367
61	252
0	0
0	0
0	0
0	0
0	0
315	131
1	131
1	23
0	26
0	19
105	77
2	23
0	0
0	0
0	0
0	0
0	0
0	0
0	456
3	5
0	6
2	376
6	34
0	1
0	189
16	98
2	140
0	169
0	349
24	118
0	79
0	78
0	138
0	7
1	32
18	17
7	18
4	55
0	79
9	33
0	0
4	149
2	149
0	248
0	178
0	243
0	9
98	241
0	133
0	0
0	0
0	81
0	19
0	9
0	1430
1	1007
0	1350
231	1494
70	3
2	251
8	608
1	344
0	482
3	384
5	337
1	310
14	112
0	79
0	17
0	9
0	1
14	0
21	66
0	1
1	12
4	47
0	21
0	534
1	12
1	514
0	174
55	555
1	536
2	512
1	175
55	192
14	79
0	82
0	0
0	237
0	217
0	158
5	141
4	70
10	0
0	120
7	66
0	117
0	40
3	43
8	25
0	15
0	10
1	23
0	6
0	7
0	10
0	248
3	238
0	221
0	89
0	157
0	225
0	229
0	141
0	188
6	70
0	110
0	187
0	5
0	40
0	122
2	52
0	0
1	0
0	0
0	0
0	0
0	0
0	0
0	0
0	0
0	0
0	0
0	0
40	141
4	141
20	1594
17	1519
0	1481
0	1416
1	1515
0	1530
0	1529
4	357
0	430
0	0
22	238
0	219
0	585
0	252
102	809
10	560
0	321
0	203
157	500
3	399
1	272
1	0
0	0
0	0
0	0
16	5
2	0
0	0
0	0
0	0
0	0
0	0
0	0
0	0
0	265
2597	595
12	9
0	163
0	521
0	0
0	0
0	0
371	1341
5	728
0	0
0	0
0	0
0	0
0	0
0	0
0	0
0	0
2	90
0	89
0	91
2	48
0	0
0	0
0	0
0	0
197	0
32	853
20	548
0	0
4	818
2	697
10	392
0	0
0	0
0	0
0	0
0	0
0	0
0	0
0	0
0	0
0	201
0	204
1	76
0	56
1	9
0	0
0	0
0	0
0	0
0	0
0	0
0	0
0	0
0	0
0	3
0	3
0	3
2	253
0	192
0	260
0	17
2	78
0	52
0	17
0	0
0	0
0	0
36	406
0	159
0	261
0	110
1	267
6	198
0	208
4	57
0	15
1	15
236	44
0	36
14	23
0	163
0	217
191	222
1	172
1	150
0	108
0	0
0	0
0	0
0	0
0	0
0	0
0	0
0	0
0	435
1	682
213	702
1	636
15	49
0	20
0	20
0	1
0	1
0	0
0	0
0	2
0	2
0	0
0	20
0	0
0	0
0	0
0	483
0	0
0	0
0	0
0	0
0	0
0	0
0	0
0	0
0	0
0	0
0	0
0	0
0	0
0	0
0	0
0	0
0	0
0	0
0	0
0	0
0	0
0	0
0	0
0	0
0	0
0	0
0	0
0	0
0	0
0	0
0	0
0	5
0	5
3	1
0	1
0	0
0	0
0	4
0	4
0	0
0	0
0	0
1280	682
0	548
3	35
4	2
816	0
222	269
0	269
0	7
0	238
0	211
0	237
2	215
0	237
1	28
0	91
0	57
0	157
5	86
0	13
4	89
0	68
0	106
0	80
3	18
2	72
7	65
2	77
4	55
0	75
1	75
0	61
0	65
1	63
0	57
0	65
0	0
0	0
0	10
0	9
0	35
0	30
0	28
0	9
2	0
0	7
277	1286
0	77
20	1268
0	1318
3	5
0	90
3	1
1	735
0	0
0	5
0	5
0	4
0	3
0	1
0	0
0	0
20	0
2	338
11	0
0	338
0	0
0	0
0	0
0	0
0	0
0	0
0	0
86	1743
0	1
0	1
0	0
0	0
0	0
0	0
0	0
0	0
0	179
0	70
0	0
0	0
3	0
99	4
1	4
0	0
0	0
0	0
0	0
0	0
0	0
0	0
0	0
0	0
0	101
0	278
0	250
11	156
0	181
2	187
6	39
689	197
5	80
3	117
1433	0
42	127
0	138
0	117
2	117
5	48
0	1
0	1
355	138
5	42
0	112
3	0
0	4
0	7
0	3390
0	9
2	3335
41	3389
0	3219
0	275
0	2136
8	264
12	7
0	85
0	214
10	499
5	225
3	124
0	150
3	177
39	22
0	10
4	22
0	7
0	9
0	4
18	8
0	8
1365	846
0	166
3	344
0	326
0	223
0	25
0	2
0	2
0	2
0	0
0	2
0	0
163	0
41	475
0	301
5	193
108	13
1	13
0	5
0	7
0	2
0	0
0	0
0	0
0	590
2	748
12	149
70	566
24	61
0	67
3	675
24	241
6	0
0	0
0	0
0	0
0	0
0	0
0	0
1	0
0	46
2	178
0	35
1	62
0	150
0	55
0	50
51	66
0	18
0	75
0	8
1	9
2	0
27	43
2	26
0	5
0	1
0	16
7	0
17	7
0	7
0	4
0	3
587	1
0	0
0	0
0	0
0	0
9	15
27	1509
0	358
5	1421
6	120
0	117
0	15
3	17
0	0
0	0
0	0
0	0
0	0
0	0
0	14
146	110
0	18
3	92
0	99
1	49
2	4
0	8
1	0
0	98
25	1373
5	1364
2	1392
0	1265
99	960
13	303
5	633
0	1372
0	39
0	3
7	39
0	3
0	30
0	10
0	10
0	22
0	22
0	18
0	40
0	5
3	35
108	41
3	0
0	0
0	0
0	0
0	0
1	198
757	198
0	8
0	6
0	4
0	0
0	0
0	0
0	0
0	0
0	0
0	0
2	0
0	156
2	14
0	29
0	15
0	156
21	130
11	35
0	27
26	15
0	15
1	569
0	563
1	107
0	300
0	233
0	227
0	178
7	161
0	157
0	102
0	42
0	44
0	0
0	3
2	0
0	568
0	567
1	430
0	784
1	930
0	295
9	338
10	378
0	115
32	66
0	17
1	127
6	57
2	20
18	12
0	10
1	127
0	75
0	118
0	91
0	118
0	0
55	143
5	35
20	108
0	67
1	36
0	0
0	0
0	0
0	0
0	0
0	0
0	0
0	0
0	0
0	0
0	0
0	0
0	0
0	0
0	0
0	0
0	668
9	349
0	172
0	102
3	55
2	97
0	71
0	44
0	668
2	154
25	85
0	11
0	22
7	0
1	75
15	15
5	33
0	10
1	667
3	667
0	1
1	76
1	75
0	1
0	1
0	1
0	0
0	5
20	5
44	509
2	509
2	58
12	46
2	38
0	0
0	0
0	0
0	0
0	13
0	8
0	12
0	3
0	9
0	8
0	0
0	2
2	9
3	5
1	4
0	1
5	2
0	12
0	98
10	157
3	108
0	8
0	146
0	0
0	0
0	0
0	0
0	0
0	0
0	0
0	0
28	38
0	0
0	1
0	1
0	19
0	1
1	45
4	7
0	0
3	560
2	0
23	560
9	2
0	2
0	0
0	0
0	0
0	0
0	0
0	0
0	0
0	0
0	0
0	0
0	0
4	0
1	0
0	0
0	0
0	0
0	0
0	0
0	0
0	0
0	0
0	0
0	0
1	0
0	0
0	0
537	0
368	1100
0	54
3	547
2	652
0	451
0	657
0	599
12	238
0	328
4	466
0	0
32	7
0	1
0	2
0	5
1	1692
20	497
0	69
7	109
0	115
1	122
0	80
0	1692
2	2641
0	234
227	1744
0	542
0	2438
0	2560
0	2483
0	669
0	2113
2	341
0	2393
0	1332
0	207
0	1556
0	2214
0	1513
1	86
0	1310
0	0
0	0
0	0
0	0
22	638
0	77
3	567
2	69
0	48
24	457
8	17
0	17
2	67
0	14
14	314
0	314
5	52
0	48
0	4
0	54
0	5
0	5
5	47
0	133
0	39
2	5
0	5
0	0
0	0
0	0
0	0
0	0
0	0
0	167
0	153
1	153
1	20
0	0
0	0
159	96
1	90
0	6
0	29
0	0
0	0
0	0
0	0
0	0
0	0
0	0
0	0
0	0
0	0
0	5
0	1
0	1
0	1
0	0
109	10
1	11
1	1
0	0
18	0
0	0
225	78
7	23
2	16
0	32
0	32
1	39
0	0
0	0
0	0
0	0
0	20
23	1816
13	1816
16	62
0	1020
5	39
0	24
0	59
0	33
52	37
1	0
0	0
0	0
0	0
0	0
0	0
0	0
0	0
0	0
0	0
33	281
0	268
3	143
4	380
0	166
0	145
0	114
75	0
0	378
3	4
0	1
0	3
0	2
2	0
0	0
0	0
0	0
0	0
0	0
1	22
0	177
0	188
1	170
0	190
2	182
0	195
3	160
0	77
0	3
11	49
1	29
3	0
0	28
3	448
1	433
4	0
42	2
0	301
0	432
8	141
9	106
0	106
0	15
0	15
1	53
8	1525
1	194
0	1332
35	356
4	214
6	49
3	127
0	21
0	19
0	21
0	16
0	18
0	3
0	2
166	0
140	14
0	12
0	2
0	1859
0	1845
3	1446
9	1118
47	103
282	1821
0	118
20	114
0	77
0	69
0	118
0	119
23	35
1	35
0	6
23	413
0	76
0	28
0	22
1	30
23	14
0	8
10	13
2	27
33	411
0	0
0	0
0	0
0	0
0	44
27	2551
15	1853
43	2535
10	0
0	100
1	107
0	146
0	30
9	21
1	183
0	0
0	0
0	0
0	0
0	141
0	115
0	107
1	9
0	139
0	32
316	116
0	40
1	12
1	64
0	0
0	0
0	0
0	0
0	0
0	0
0	0
0	0
0	0
0	0
0	0
0	3
39	3
26	15
0	15
0	26
0	24
0	17
0	0
0	0
0	0
18	3532
0	3545
39	3290
0	3540
4	3254
2	351
35	632
0	0
0	0
0	0
0	0
0	0
0	0
0	104
0	104
0	0
0	0
0	0
0	0
0	0
0	0
0	0
0	0
0	0
1	94
2	102
0	93
16	26
0	21
3	17
0	58
0	58
1	65
0	59
1	59
0	39
21	0
0	93
0	0
0	122
2	15
25	133
0	65
0	17
0	0
0	0
0	0
0	0
0	0
1	97
0	59
0	0
0	0
4	12
0	12
5	15
4	3
0	0
0	0
0	0
0	0
0	0
0	199
1	177
0	106
6	176
0	0
0	0
0	0
0	0
0	0
0	0
0	0
0	0
3	0
0	0
0	0
0	1
0	1
0	0
0	0
0	2
0	2
13	2236
115	2241
3	1835
0	1784
0	2255
0	910
7	673
19	191
0	0
75	301
8	301
12	270
1	12
28	4
0	22
57	106
0	65
1	41
0	66
3	59
0	39
0	39
0	39
1	22
0	38
0	37
19	1
0	1
0	1
0	1
0	8
0	0
0	25
0	18
0	85
33	100
0	7
0	0
0	0
0	0
0	0
0	0
1	1
9	1
0	0
0	0
0	0
0	3
0	3
0	3
0	3
0	2
0	2
0	0
0	0
6341	3645
0	3645
1	716
1292	90
8	279
4	21
4	33
9	45
6	279
0	0
0	88
0	88
0	88
1	88
0	55
0	0
0	0
0	0
0	907
59	907
18	19
3	110
0	0
0	3
45	22
0	19
1	10
0	0
0	0
1	0
27	463
19	109
1	38
0	491
0	166
7	25
1	26
1	27
25	30
1	33
0	32
0	5
0	1348
0	132
28	918
1	973
0	406
19	142
0	1213
0	0
0	0
0	0
0	0
0	0
1	4
0	1
0	3
0	0
0	2
0	5
0	10
10	13
0	13
0	9
0	13
0	0
0	0
0	0
0	0
0	0
0	0
48	171
0	38
0	71
1	4
0	72
3	39
4	299
852	6416
5	1101
3	1014
0	708
1	6394
42	51
14	51
0	14
3	48
0	352
0	465
3	463
0	16
1	89
0	90
0	469
15	0
0	0
18	0
34	401
7	446
366	818
0	34
2	38
4	425
1	215
18	127
0	702
0	142
23	1014
28	950
0	107
13	311
0	18
19	170
0	23
0	61
0	24
7	1
0	0
0	11
0	8
0	2
0	0
0	0
5	27
0	3
3	27
0	0
2	2
0	0
0	0
51	74
0	74
5	3
1	4
370	4854
0	10021
72	11719
0	5350
1	4598
2	1265
117	173
1	173
2	0
12	0
3	0
0	0
0	0
0	25
1	25
0	21
9	9
2	9
1	9
542	0
7	8
0	8
0	3
2	34
0	4
2	6
0	1
0	1
0	24
0	14
0	25
3	25
0	17
0	10
0	17
0	7
0	10
0	0
0	0
0	70
1	68
0	70
1147	253
13	86
1	71
66	96
0	0
0	0
0	0
108	2787
3	2758
14	29
0	188
4	273
5	189
4	477
0	0
0	0
0	0
0	0
0	0
0	0
0	0
0	0
1	294
0	294
0	0
0	0
0	0
0	0
0	0
0	2
0	66
0	66
0	0
0	60
0	7
0	13
318	39
5	24
0	15
407	197
3	68
0	143
0	87
0	0
0	0
0	0
0	0
0	0
0	0
0	0
0	0
0	0
0	0
0	0
0	0
0	0
71	71
1	17
0	23
55	449
0	449
1	436
1	141
0	137
0	35
0	25
0	51
0	33
0	35
0	109
0	62
0	2
0	1
0	2
0	0
0	0
0	0
0	0
0	0
0	0
0	0
0	0
0	0
0	0
0	0
0	192
0	100
0	78
2	113
0	171
0	20
3	0
14	64
7	6
0	174
0	0
0	1
0	1
0	0
0	1
190	1756
9	1704
3	126
4	111
12	59
0	673
4	900
1	19
1	1
0	1
0	0
10	19
10	1108
1	1221
919	1218
0	569
0	147
0	148
0	38
0	17
0	112
0	6
0	136
0	139
0	126
0	42
0	37
1	40
0	15
0	11
5	2
0	14
0	4
4	0
0	0
0	0
0	0
12	206
0	39
0	26
0	8
0	9
0	148
0	7
0	22
0	196
6	34
0	188
0	191
0	196
0	3235
0	2079
0	2053
0	684
1	448
0	254
3	705
0	371
0	316
6	131
0	3231
1	3250
0	105
0	3336
0	2837
3	2233
4	73
16	73
3	15
19	835
259	993
0	513
101	4
0	76
0	24
0	96
4	12
9	90
4	72
14	58
0	0
0	0
0	0
0	0
0	0
0	0
0	2
0	2
0	188
29	4
0	28
0	0
0	0
0	0
0	0
0	0
0	0
0	0
0	0
0	0
0	0
0	0
2	1
0	0
145	117
0	349
53	329
0	88
0	0
6	49
10	43
1	15
164	56
0	2
24	9
0	9
0	0
0	0
0	0
0	1
0	1
735	0
0	0
0	941
0	95
0	95
0	20
0	909
0	1009
8	904
9	2
0	559
0	62
2	114
0	254
0	575
0	215
0	111
0	0
0	0
0	0
0	0
0	0
0	0
489	1604
10	1578
70	144
52	316
6	1
0	19
0	16
0	19
2	1
0	19
0	3
1	15
0	0
0	0
0	11
0	10
1	11
0	0
0	0
0	0
0	0
0	0
0	0
0	0
0	371
0	370
0	39
0	13
0	0
7	12
0	13
0	0
0	372
183	97
0	97
5	215
0	222
0	216
1	51
1	42
1	23
0	48
3	63
0	0
1315	1743
0	1738
31	1306
53	256
0	0
1849	0
0	0
0	0
0	0
0	0
13	26
231	292
0	303
10	185
0	2
0	106
0	102
0	106
0	102
0	102
0	32
0	32
1	5
19	8
0	106
0	0
0	8
0	0
0	0
0	0
0	0
0	0
0	0
0	0
0	6
1	280
1422	280
343	198
1	280
0	0
0	0
0	0
0	0
0	1
0	1
0	6424
0	131
3	6378
1	10
0	10
0	0
0	0
0	0
0	0
0	0
0	0
0	0
0	0
0	0
0	0
0	0
0	0
34	842
12	348
73	110
0	61
1	34
10	257
5	480
5	303
8	70
1	75
0	31
0	42
6	0
194	10429
23	10334
0	10296
20	10287
5	2288
77	511
0	10428
1	7
8	7
2	31
0	33
0	306
153	315
1	20
0	0
3	0
0	30
9	8
0	13
3	3
0	0
109	109
1	84
0	93
0	23
0	0
400	99
0	16
0	17
2	44
0	7
0	47
0	129
13	129
2	4
1	0
0	0
0	0
0	0
0	0
0	0
0	3
0	3
0	0
0	0
0	1
0	0
0	0
0	0
0	0
0	0
0	0
0	0
2	43
0	43
0	2
0	2
0	2
0	2
0	0
0	0
0	0
0	0
18	177
0	52
0	58
0	157
0	111
0	59
6	18
0	51
0	51
21	37
3	2
0	1
0	0
0	1
0	0
0	1124
0	44
6	998
5	753
3	57
3	267
1	127
14	68
0	46
0	1077
4	145
0	273
0	181
0	0
0	0
0	0
0	0
0	0
0	0
0	0
0	0
0	0
0	0
0	0
0	15
262	158
14	158
0	89
0	13
10	189
10	160
0	31
0	46
0	1
0	1
0	0
0	0
0	0
0	0
0	0
0	0
0	0
0	0
0	0
0	0
18	396
11	92
0	62
0	396
137	872
6	820
1	718
9	637
11	647
1	108
0	80
0	49
0	47
0	65
0	5473
4	75
3	304
0	29
1	93
168	1251
53	94
15	5473
164	91
0	24
0	7
3	8
1	27
8	13
0	14
0	20
0	15
6	9
9	0
3	0
66	0
0	16
0	35
0	615
0	575
0	67
87	24
0	555
0	595
0	20
0	20
0	20
0	20
0	2
0	1
0	1
0	1
0	1
0	1
0	0
0	0
2	0
0	0
0	0
0	0
0	0
0	0
0	0
0	0
0	0
70	26
0	9
7	17
0	7
4	12
4	34
2	18
6	11
50	5
0	3
0	0
0	19
0	15
7	0
0	125
0	0
0	654
0	560
24	539
0	155
8	40
17	21
85	5
0	0
0	0
0	14
0	150
0	28
0	9
0	9
0	9
0	3
1	5
1	103
0	154
0	0
0	0
0	36
22	109
8	1
0	10
0	72
377	275
0	210
1	15
0	132
0	76
0	194
234	3048
32	3132
7	3147
0	3167
1	568
0	449
22	104
0	90
0	98
0	68
14	3
0	3
6	3
0	12
7	3
4	5
5	27
0	39
0	576
0	74
0	569
0	227
0	6
0	13
0	17
0	201
2	2
0	34
0	29
0	8
0	36
0	21
0	310
213	234
2	15
12	221
3	0
8	0
4	121
0	0
0	63
2	63
21	342
55	342
18	3
0	0
0	0
0	0
244	1134
0	995
74	270
33	118
4	147
63	1
3	234
88	157
2	139
0	71
0	0
0	0
2	19
0	3
0	10
0	15
0	10
214	167
12	63
0	139
0	44
0	42
0	20
0	0
0	0
0	0
0	0
0	0
0	0
0	1031
14	164
37	940
0	66
16	962
0	0
102	287
0	282
12	106
4	11
1	51
1	44
3	23
1	0
0	0
0	0
0	0
0	0
0	49
4	55
0	47
641	70
0	70
0	0
0	0
0	0
0	0
0	0
5	185
0	2
4	185
0	25
3	0
0	0
0	0
0	0
0	0
1	0
0	0
0	0
0	0
0	0
0	0
0	569
0	93
25	93
4	0
0	569
18	223
0	229
0	221
0	222
0	182
7	26
0	12
0	122
8	122
0	10
2	15
0	85
2	64
1	26
1	33
0	0
0	0
309	820
3	617
0	188
11	126
14	203
0	108
333	181
0	181
63	534
11	518
2	136
0	0
0	0
40	1326
6	1298
0	178
1	1231
0	1278
0	1235
0	1249
0	1210
0	1267
0	1263
0	1299
0	1249
0	1268
0	1323
0	1217
0	1272
0	1210
0	1253
0	1225
0	1279
8	57
10	110
4	91
2	27
59	71
0	1326
201	1463
0	144
0	1344
72	53
23	0
12	24
1	541
24	0
0	0
0	0
0	0
0	0
0	2
0	2
0	2
0	2
0	2
0	0
0	2
0	2
0	2
0	2
0	2
124	172
1	8
3	116
3	72
4	55
0	0
0	0
0	0
140	335
10	77
2	157
8	51
0	155
0	97
0	16
2	35
2	26
0	89
6	796
716	1186
0	94
2	112
4	138
3	87
0	0
35	784
83	785
0	1091
0	308
0	0
2	17
3	706
0	717
7	75
0	708
0	137
0	0
1	45
0	0
0	0
10	1083
0	804
15	1115
3	957
0	415
11	403
0	696
0	426
0	134
8	0
3	56
0	68
1	68
2	69
0	63
0	69
174	165
0	164
1	88
28	70
0	10
0	0
0	0
0	0
0	0
0	0
86	367
7	0
4	40
51	40
0	8
11	3
0	1
0	3
0	0
0	0
25	394
0	0
0	0
0	0
158	462
0	403
3	11
0	20
0	51
0	57
1	145
0	15
0	14
10	26
101	162
0	13
0	1
5	0
173	1
1	1
14	1284
103	2451
10	330
2	1262
7	40
0	31
6	158
0	179
0	52
1	1144
66	91
0	19
2	87
6	0
0	12
57	27
0	15
4	27
144	18
1	10
1	3
0	5
4	0
0	0
0	0
262	0
906	702
0	46
3	127
2	197
0	272
2	257
2	14
0	14
76	309
2	302
0	34
3	18
14	358
28	93
5	237
6	352
6	24
7	0
209	55
3	55
22	93
0	22
0	93
16	28
36	1204
14	1203
41	73
0	0
0	0
0	0
0	0
0	0
0	0
0	0
0	0
0	0
0	0
0	0
0	0
0	0
0	0
0	0
0	0
0	0
0	0
0	0
29	657
1	657
2	222
0	70
0	53
0	106
0	118
2	153
0	58
1239	374
1	4
0	370
15	343
0	337
0	9
1	15
2	34
1	32
0	42
4	4119
0	1374
0	3677
0	4083
0	3441
0	3453
0	2233
0	2837
12	315
0	1472
0	1163
0	1353
0	1330
0	1251
0	1385
16	0
0	0
0	0
0	461
50	445
1	128
29	17
10	84
0	99
0	19
1	112
0	50
0	4
3	0
0	1
0	2
0	110
97	3432
0	2358
2	517
9	0
5	686
2	228
11	225
19	1609
2	107
0	220
1	13
4	0
0	35
0	25
0	24
0	31
0	20
0	22
1	8
0	4
0	220
0	0
0	0
11	416
7	348
12	225
0	415
2	7
1	4
0	96
0	63
0	3
1	3
0	1
1	1
0	0
0	0
0	0
0	0
0	0
0	0
0	208
4	208
0	47
1	37
0	0
0	0
3	99
269	287
0	38
0	28
3	20
0	290
0	0
0	0
0	0
0	0
0	5
4	5
0	0
0	193
0	196
0	197
0	146
0	87
0	78
0	87
0	87
0	92
0	86
0	91
0	91
1	1
0	7
1	6
3	1
4	1
3	0
0	91
0	86
3	192
465	2483
0	3
0	3
0	1
0	0
134	96
0	95
0	91
0	0
0	0
0	0
0	44
2	39
0	22
0	54
2	44
0	3
11	6
0	6
0	6
0	6
0	6
0	6
2308	906
0	906
15	231
0	8
0	291
26	8
1	9
3	14
0	84
7	0
0	291
0	0
0	0
0	0
0	0
0	0
0	0
0	0
0	0
0	0
0	0
0	0
19	24
0	113
0	310
57	280
2	5
2	24
0	252
0	246
11	13
2	11
0	20
3	95
0	95
0	0
0	2
0	14
0	5
1	233
0	21
0	20
0	3
0	231
5	1
6	0
1	21
0	33
0	27
0	0
0	0
0	0
0	0
0	0
237	487
0	492
0	62
0	29
0	20
3	34
0	38
11	3
0	0
0	0
0	0
0	0
0	0
0	0
0	0
0	0
0	0
0	0
0	0
0	0
0	0
0	0
0	0
0	0
0	156
0	33
0	102
0	150
0	156
1	0
0	0
0	0
0	0
0	0
17	117
1	110
0	7
1	117
233	0
0	1
0	2
0	0
0	0
0	0
0	0
0	1
0	0
8	2002
26	76
0	1985
0	75
77	61
76	395
0	1082
0	963
0	1003
1	129
0	294
1	372
5	111
0	81
6	30
0	80
0	158
0	0
0	0
0	0
0	0
0	0
0	0
0	0
0	0
0	0
0	0
0	56
116	151
2	117
0	4
2	0
2	29
0	5
0	0
1	5
0	6
0	6
0	1
0	0
0	1
9	78
3	78
0	3
0	3
0	3
1	5
0	3
0	5
0	0
0	0
0	3
0	5
0	0
34	172
2	88
0	36
4	26
3	56
0	66
0	0
0	0
0	0
0	0
0	0
0	0
0	0
0	2
0	2
0	2
0	0
0	0
0	2
0	0
0	0
0	2
0	0
0	0
0	0
0	0
0	0
0	0
0	0
0	435
37	575
7	382
0	516
0	294
5	202
21	244
3	36
0	137
0	78
2	29
83	2728
39	938
4	1482
0	1011
28	2401
0	426
5	131
0	807
0	787
1	753
0	2718
1	9
9	16
0	82
0	80
2	36
0	370
21	364
2	81
5	364
3	23
2	22
1	60
3	28
2	46
5	20
0	14
0	46
0	57
0	0
0	0
22	63
480	202
2	125
45	79
8	8
8	8855
119	3239
0	5816
40	1558
0	3596
11	7898
35	1191
0	0
0	0
0	0
0	0
2	0
0	0
0	0
0	0
0	0
0	0
634	1281
5	163
84	1281
0	0
0	0
0	0
0	0
0	0
12	2818
0	2841
0	2092
0	2052
25	472
13	1133
0	0
0	0
0	0
0	0
0	0
0	0
0	0
0	0
0	0
0	0
0	0
30	0
0	0
156	163
0	164
1	0
0	106
2	100
5	14
0	56
7	155
1	0
1	155
0	0
0	0
0	0
0	0
0	0
4	424
0	455
0	502
18	23
0	157
0	84
0	5883
4	4002
0	4008
0	2898
0	846
4	751
2	520
0	475
95	140
4	5766
0	0
0	0
0	0
0	0
0	0
0	0
0	0
0	0
2	295
0	303
0	112
10	70
0	60
0	121
0	123
26	87
0	87
1	26
2	528
0	0
0	112
1	110
3	25
2	20
0	1
6	34
0	10
0	526
0	527
0	542
0	541
43	478
14	81
0	92
0	176
0	179
0	119
0	80
0	89
0	11
0	28
0	16
1	5
3	5
0	0
2	0
7	27
0	0
0	74
1	74
0	26
0	14
0	0
0	5
0	0
0	0
0	0
0	0
11	3
104	3
0	0
26	587
0	563
0	334
0	10
0	54
8	190
2	190
0	0
0	7
0	0
0	0
0	2
0	6
0	6
0	0
0	0
0	4
0	4
0	4
0	0
0	1
0	0
0	0
30	107
7	15
0	4
0	70
5	291
1	109
0	144
0	50
0	48
0	44
0	30
0	2
0	288
0	289
0	0
0	0
0	0
0	2
0	2
0	0
0	0
0	0
0	2
0	1
0	1
0	1
189	719
3	148
0	79
1	61
0	424
0	91
1	158
5	25
0	20
0	0
0	6
6	141
0	138
0	53
0	34
0	21
11	6
0	3
0	0
0	0
0	0
3	200
0	185
18	96
4	6
5	11
0	0
0	0
0	0
327	545
4	458
0	111
0	0
3	74
13	7
23	0
0	406
0	400
0	93
0	342
7	71
0	95
6	172
0	117
0	0
0	0
1	9
0	9
450	51
0	51
0	65
7	87
0	79
0	68
0	0
0	0
0	0
0	151
2	159
0	50
0	134
0	140
0	126
0	69
0	30
30	164
0	67
5	136
2	40
0	36
0	8
3	64
2	23
0	0
0	295
0	82
0	1703
191	2099
2	137
0	183
4	245
1	86
8	262
0	1449
9	1380
12	125
0	125
0	971
7	52
28	726
4	223
0	120
4	129
0	129
0	77
3	101
0	26
0	7
0	0
1	0
241	249
50	1
0	4
1	43
1	33
4	248
0	0
0	0
0	0
0	0
0	0
0	0
0	208
11	526
1	1
13	484
0	78
0	0
0	0
0	0
0	0
0	0
0	0
0	0
46	100
0	100
0	1467
0	1429
3	1346
0	181
13	41
1	945
13	60
1	131
0	176
0	193
0	131
0	109
0	1423
0	3109
20	3078
1	54
5	44
3	129
2	33
54	138
16	691
1	669
0	92
1	2913
10	1568
69	1553
62	1417
46	10
0	6
0	8
0	0
0	0
1372	3794
0	3718
1	2392
0	2494
214	2435
143	687
0	3454
0	2265
0	734
341	63
0	559
3	534
9	555
4	113
4	45
14	160
0	60
4	119
23	119
0	34
0	54
29	4
0	17
7	11
0	50
21	29
0	6
0	29
6	1
0	19
19	106
1	70
3	77
2	44
5	24
0	24
0	3038
0	742
2	0
3	59
4	3012
0	3104
0	0
1	3179
20	33
1	2995
1	1938
0	339
0	293
2	248
5	438
2	3
41	56
0	109
21	0
0	0
875	939
49	938
1	560
0	539
1	517
0	471
2	53
0	79
10	90
0	84
4	15
0	62
2	91
4	38
0	24
27	4262
1	1631
22	116
10	768
59	1848
38	108
3	58
0	383
0	1
9	374
0	374
1171	99
4	25
0	68
0	6
0	0
0	0
0	0
0	0
0	0
0	0
0	4
0	2
0	1
0	1
0	1
0	1
0	1
1	2
1	0
1	0
1	123
2	8
2	118
5	3
0	34
1	0
0	1
0	0
0	1
0	1
0	0
0	1
0	0
0	4
0	4
0	4
0	0
0	2
0	0
0	0
226	147
0	79
11	142
1	40
0	27
0	28
30	1836
0	1837
0	185
0	194
0	607
0	0
0	0
0	0
0	0
0	0
0	0
1	0
0	192
3	235
0	17
0	122
0	205
1	223
51	62
0	13
0	265
1	129
1	238
2	90
0	63
1	54
0	12
0	41
0	24
3	45
0	19
31	28
0	0
0	0
0	45
0	21
0	21
1	14
3	15
0	22
11	13
1	0
0	3
0	14
0	42
0	42
3	173
3	173
0	0
0	0
0	0
0	0
0	0
0	0
0	0
0	0
8	3
0	3
1	3
0	1
0	1
0	0
0	1
77	0
0	0
0	0
0	0
0	4
0	4
0	4
0	4
0	0
0	1
0	1
0	0
0	0
0	0
0	0
0	317
4	111
0	167
9	318
0	320
0	0
0	0
0	0
2	0
0	0
0	0
0	0
358	175
0	172
18	100
0	119
2	113
0	3
1534	8947
36	8947
0	614
0	0
0	177
5	36
10	63
50	177
0	27
0	15
0	12
1	12
0	15
1	15
0	0
0	0
212	593
0	617
8	608
0	587
0	648
0	190
0	554
0	118
1	459
0	78
0	129
39	100
0	55
0	66
1	37
16	125
1	136
0	114
0	54
0	16
0	635
1	0
0	2
2	2
0	0
0	0
0	0
0	0
0	0
58	1038
3	107
0	1038
0	267
7	12
8	362
0	148
3	150
4	151
0	149
1	46
0	10
1	16
1	2
0	15
48	35
1	35
0	0
3830	1441
42	1427
5	93
22	338
1	299
1	118
1	164
0	70
0	25
1	24
182	68
0	44
35	83
0	11
0	12
0	75
125	11
0	11
0	0
0	0
0	0
0	0
0	0
0	126
1	117
0	31
3	23
0	61
0	111
1	86
2	12
3	73
2	7
0	7
0	0
140	250
1	246
0	150
3	62
0	133
0	135
2	67
0	47
3	532
163	532
0	44
6	41
18	123
7	68
49	69
229	662
13	34
32	629
0	29
28	6
0	16
0	15
0	0
0	0
0	0
0	0
4	36
0	54
0	2
1	19
5	50
0	0
0	1
1	17
0	11
0	2
0	6
0	0
1	3
0	3
364	1756
0	1756
5	0
0	0
0	0
0	0
0	1226
1170	9439
0	0
0	0
0	303
23	295
5	267
0	37
2	10
11	64
0	130
0	100
1	0
2	85
0	77
0	90
0	38
2	29
1	13
1243	0
0	0
0	0
0	0
0	0
0	0
5	0
0	0
0	0
411	0
0	1716
0	1706
0	781
2	738
3	629
0	566
1	463
4	278
0	131
0	87
57	1804
1874	720
2	446
23	326
0	249
6	227
0	40
0	95
3	783
0	36
0	112
0	781
0	110
4	136
2	165
0	152
4	134
0	6
0	1
0	6
0	6
0	0
0	14
2	29
0	29
36	414
1	375
0	271
36	14
0	19
1	36
0	30
9	12
0	0
55	206
2	206
0	4
0	1
0	4
0	2
0	4
0	4
0	0
0	0
0	0
0	0
0	0
0	0
0	0
0	142
0	3
0	23
43	127
7	136
0	49
0	129
2	78
0	103
3	89
0	0
0	0
0	0
0	0
78	109
0	105
0	93
1	89
0	95
1	16
0	11
0	0
0	0
0	0
0	0
0	0
0	0
0	0
0	0
2	0
0	0
0	12
2	12
3	36
0	19
0	18
0	19
0	6
0	0
0	0
0	4
0	0
0	4
0	0
1	819
0	0
8	92
18	92
0	56
10	502
0	390
0	37
13	142
0	32
2	254
0	252
0	53
0	44
0	0
0	0
0	0
0	0
0	0
0	0
0	0
0	0
0	0
0	117
2	117
0	117
3	0
0	1
0	1
0	1
0	1
0	1
0	0
0	1
0	0
0	25
0	75
0	62
0	6
0	12
0	2
3	7
1	6
0	2
6	0
0	4
2	108
0	111
0	26
0	0
0	0
12	5389
0	6866
103	862
5	6372
0	6140
0	1098
0	3928
0	1519
23	308
0	0
0	0
0	0
15	358
0	306
3	155
0	141
1	40
1	27
0	22
0	12
0	0
0	0
0	0
0	0
0	0
0	0
6	1
0	0
0	12
0	12
0	12
41	42
0	42
124	88
1	3
0	22
23	48
0	62
1	5
0	65
1	65
3	1
0	7
0	0
57	532
7	360
0	479
0	224
23	127
6	175
2	201
2	24
11	28
0	15
0	10
0	68
0	6
0	3
0	15
0	68
11	26
0	26
0	0
0	1
0	0
0	0
0	0
37	0
0	0
0	0
0	0
0	0
0	7
0	0
0	0
0	0
0	0
0	0
0	0
127	36
0	25
0	17
0	0
21	651
8	652
15	392
0	130
2	84
0	45
8	59
10	47
0	0
0	0
0	0
58	19
0	19
0	18
0	0
0	1
0	1
120	321
58	321
0	0
0	0
0	0
0	232
47	0
2	0
1	0
1	0
0	0
0	52
0	192
0	204
1	61
0	1
1	30
6	1
2	2
0	237
2	24
0	24
10	29
0	30
0	29
0	29
0	30
0	29
0	30
0	11
0	0
0	1
0	0
0	7
4	230
0	230
0	106
0	61
0	16
1	16
0	0
0	0
90	80
0	80
0	0
6	0
0	0
20	758
2	753
28	730
0	725
0	818
0	1708
1	1422
2	526
0	1384
0	1078
2	793
0	401
1	306
0	407
14	182
1984	1135
42	147
0	225
0	219
0	203
0	31
9	0
0	0
4	7
0	2
0	7
0	2
0	2
0	1
0	0
3	229
83	269
4	258
0	1
0	203
43	262
22	262
140	22
0	8
0	10
0	14
0	186
0	183
0	144
0	112
0	93
0	97
0	68
0	81
0	85
0	75
4	70
0	30
0	42
15	44
1	4
0	32
0	27
10	15
2	15
0	13
12	12
0	12
0	1
0	0
0	0
0	205
0	201
0	186
0	1
0	1
0	0
0	943
6	753
0	779
0	469
0	469
1	608
0	139
2	45
0	34
0	893
0	0
0	0
0	0
0	0
0	0
0	0
0	880
3	736
44	834
2	133
0	150
2	84
48	418
2	73
0	0
0	0
0	0
0	0
0	0
0	0
512	772
0	47
0	118
0	746
35	0
1	0
0	0
0	0
0	0
0	0
0	0
0	0
0	0
0	0
49	144
112	165
4	104
0	105
2	80
39	63
0	991
0	1020
1	237
6	110
1	82
0	40
4	0
0	0
0	0
3	0
0	0
25	966
0	966
8	27
5	193
45	4
0	21
0	79
0	74
1	159
1	158
4	104
9	64
3	76
1035	0
0	161
0	326
0	264
0	278
0	258
0	103
0	79
18	6
15	0
0	19
17	4
13	11
0	19
10	9
0	9
8	9
9	0
1	0
10	2
0	0
0	0
0	0
0	0
0	0
1	0
0	0
0	0
0	0
0	0
0	0
0	1
0	335
0	310
0	297
0	223
0	236
0	207
0	245
0	237
0	233
0	241
0	241
0	227
0	8
3	27
8	4
17	1869
0	56
4	1545
48	1839
0	7
0	7
0	5
0	7
1	0
0	0
17	83
67	819
26	630
0	673
0	0
4	4338
3	643
0	447
128	4338
0	711
9	719
0	132
11	58
0	36
0	2
0	16
1	2
0	16
0	36
0	29
0	3
0	23
5	2
0	125
272	0
0	2
0	2
0	0
0	0
0	0
0	0
0	0
2	0
1	0
5	1243
2	1208
5	27
0	68
0	133
5	1190
9	1195
0	0
3	112
2	826
0	35
0	88
0	35
1	37
10	15
5	11
15	73
0	116
0	22
15	451
0	0
0	1230
0	0
0	1
0	0
0	1
0	0
0	0
0	0
0	0
0	5909
48	6324
5	5016
9	5920
0	0
0	0
0	0
0	0
0	0
1951	457
38	34
7	279
4	422
0	0
0	461
0	740
2	743
0	0
7	74
0	208
0	218
0	248
0	229
2	221
0	247
5	178
0	255
0	47
0	136
2	71
0	65
505	3731
0	0
0	0
0	0
261	0
30	0
24	175
5	70
0	153
0	7
0	11
0	45
0	45
71	77
0	50
0	24
4	13
0	17
2	15
0	0
0	0
0	0
0	47
0	44
0	32
0	32
0	6
0	7
0	5
0	5
0	4
2	0
0	9
1	10
0	1
0	117
4	79
0	103
0	81
11	0
11	0
0	1556
17	512
7	693
0	1484
0	0
0	0
0	1
0	1
0	1
0	1
0	1
0	0
2	289
0	212
0	244
4	123
5	3
0	3
50	6674
12	6674
0	6689
0	1194
0	470
0	2919
0	2992
0	96
0	2208
0	613
0	460
0	6674
0	5906
5	6377
0	6701
0	0
0	1
4	299
0	298
0	300
0	50
0	134
0	48
0	66
0	27
0	40
0	21
9	81
19	62
0	10
0	38
0	29
0	14
0	5
0	1
0	22
0	22
0	21
0	21
0	19
0	3
1	3
0	3
0	4
0	5074
11	4569
0	1065
1	3180
3	5038
8	2200
1712	536
7	532
0	243
9	101
8	2
0	1
0	1
0	0
0	0
0	0
0	0
0	0
306	15
7	15
0	54
199	54
0	0
0	3
0	5
0	5
0	3
0	0
0	0
0	0
0	92
0	91
4	90
0	105
0	14
2	71
0	81
78	266
7	44
0	15
38	248
0	220
0	58
0	51
5	70
44	68
433	953
7	147
9	268
2	320
3	216
0	0
0	0
0	0
0	0
0	0
0	0
0	0
0	0
0	0
0	0
0	0
16	37
50	339
18	338
0	69
0	86
0	4
190	90
0	16
12	3
4	9
0	0
0	0
0	0
0	0
0	0
25	873
0	78
0	184
0	796
0	136
55	794
0	58
7	193
2	27
0	305
2	332
8	84
0	126
0	56
1	2
0	454
1	399
18	50
1	447
0	91
15	73
0	33
0	350
15	238
0	27
8	52
0	75
1	335
64	208
51	405
0	201
103	894
113	728
0	869
107	794
0	215
0	595
0	358
22	4
1399	110
11	110
0	1
0	2
0	2
0	2
0	2
0	1
0	1
0	5
0	5
0	1
0	0
0	0
0	0
1	0
1494	512
89	512
0	83
12	115
0	230
0	149
0	164
38	159
0	1
0	1
0	0
0	0
0	0
0	0
0	0
741	0
0	20
0	26
0	33
0	23
1	26
3	167
5	159
0	154
0	137
0	127
5	119
0	26
0	26
0	26
0	7
0	5
0	5
0	5
0	5
0	8
0	5
0	5
0	5
0	5
0	5
0	5
0	5
2	0
0	17
0	5
1	5
2	1
1	0
0	29
0	26
12	3
0	3
0	3
3	0
0	0
27	168
0	163
1	39
3	71
1	5
44	619
25	579
4	317
9	285
10	213
24	113
0	31
45	87
0	615
1381	236
12	236
0	101
0	57
0	101
95	260
0	222
0	164
0	124
0	58
2	18
4	752
0	758
0	740
0	65
143	437
0	983
0	0
0	0
0	0
0	0
4	221
17	221
0	7
0	286
0	289
0	331
0	331
0	331
0	347
0	256
0	120
0	58
0	27
7	103
0	104
1	20
0	11
27	0
3	820
1	13
0	26
3	766
0	664
0	53
0	570
2	561
0	796
0	803
0	8
1	25
0	570
0	64
1	37
0	63
0	70
0	234
0	822
0	835
0	30
0	0
0	0
0	0
0	0
0	0
0	0
0	0
0	0
0	0
0	0
0	0
14	3398
6	1211
0	111
0	55
0	19
0	1211
0	0
0	0
35	1936
251	1144
0	1144
16	66
1	194
0	0
0	333
1	131
0	269
0	0
0	6
0	41
0	205
0	144
0	206
3	164
0	142
3	2
1	11
0	25
1	9
0	33
2	31
0	9
0	0
142	33
0	32
6	1
18	1
8	0
0	0
8	590
0	605
0	247
0	347
0	243
0	150
48	17
0	17
0	69
299	69
24	35
0	26
215	507
0	464
10	217
0	0
0	0
0	0
303	402
0	0
0	0
0	0
0	0
0	0
0	0
0	0
0	0
0	0
0	0
0	0
0	0
0	0
0	0
0	0
0	0
0	0
0	0
0	0
0	0
0	0
0	15
0	16
0	0
0	12
0	0
0	16
0	0
0	0
0	0
0	1148
0	1081
4	1087
16	1047
0	1120
1	143
0	192
11	135
0	0
0	0
0	0
0	0
0	0
0	0
0	0
0	0
0	0
2	0
292	66
0	66
3	20
7	1
1	34
0	11
2	135
50	15
2	139
14	132
0	0
0	0
0	0
0	0
0	2
0	2
0	0
14	453
0	456
0	358
3	161
0	125
0	261
3	393
0	162
0	367
38	633
4	112
0	104
0	434
0	288
0	835
0	149
0	888
6	444
0	0
0	0
0	23
0	23
1	19
1	1
4	3
0	0
0	0
0	0
0	0
31	2304
6	2281
3	2012
0	843
18	354
4	2711
2	2644
0	2680
0	2686
0	2627
0	2617
0	2668
0	2621
0	2710
0	2714
0	2759
0	163
18	425
0	230
1	72
0	2640
1	69
3	69
0	0
0	0
0	0
0	1
0	1
0	0
1	6
0	12
0	12
5	20
2	79
2	26
0	88
0	250
1	195
0	93
0	3
0	278
5	0
0	0
0	0
0	0
0	0
0	1259
0	1352
0	1197
7	348
0	122
2	412
2	420
0	424
0	249
1	225
0	16
10	127
0	894
10	714
6	2888
212	523
37	110
1	753
8	861
0	1452
0	2851
0	0
0	0
0	0
0	0
0	0
27	826
0	725
2	226
5	91
25	84
2	32
111	70
6	82
12	42
172	0
15	0
0	4
0	4
0	3
0	0
0	0
0	78
0	75
0	0
0	18
0	3
0	76
0	0
3	5
1	5
0	5
0	0
1	3
0	0
0	0
0	0
0	0
0	0
5	16
0	15
0	6
0	1
3	661
1	153
1	555
7	322
0	571
6	269
0	359
785	1944
0	0
0	0
0	0
0	0
0	91
6	108
0	453
0	344
0	144
0	91
42	127
0	76
6	62
21	576
772	108
8	108
1	0
9	25
4	29
397	54
160	186
1	186
3	21
0	17
18	35
0	13
3	13
234	149
0	150
0	147
4	130
0	122
12	24
4	99
46	7
0	130
0	132
112	2399
0	361
23	41
3	31
0	287
5	32
0	40
8	66
1	81
48	312
0	0
0	0
0	0
53	2563
4499	840
7	129
35	711
11	986
8	3172
73	119
0	56
3	4
7	36
0	29
0	20
6	21
0	21
17	36
0	3
0	4
1	0
0	1
0	1
0	1
0	0
1	39
0	7
0	2
0	35
68	40
0	40
0	5
0	35
0	35
0	35
0	35
0	35
0	35
0	35
0	6
37	0
0	0
0	52
720	52
7	1062
37	13
0	884
72	1068
27	542
2	645
0	268
0	63
13	97
0	107
1	0
0	0
0	0
0	0
0	0
0	0
3	581
0	176
0	145
0	200
8	409
14	52
2	52
3	0
0	1
0	1
0	1
0	1
0	1
0	0
0	0
0	0
0	0
0	0
0	0
0	0
0	0
0	1
233	0
229	148
1	148
1	126
0	0
0	0
0	0
0	0
0	0
0	0
0	0
0	0
0	0
0	11
0	11
0	0
0	0
0	1
0	11
0	11
1	84
0	84
0	0
0	0
0	0
0	0
0	0
3	2
0	2
0	0
0	0
0	0
1	265
1	7
3	281
0	85
330	0
33	0
25	18
0	18
0	0
0	3
0	3
0	0
0	0
0	0
0	0
0	0
0	0
1	2
0	0
0	0
0	2
0	1
0	0
0	0
0	0
15	344
0	333
0	285
0	183
0	228
0	71
3	44
0	64
0	133
0	361
0	38
0	3
0	3
0	386
0	384
9	22
0	1119
1	1191
0	606
0	243
0	174
0	169
1	77
64	65
0	62
0	64
10	8
0	6
0	2
0	0
0	0
0	0
0	1
0	1
0	1
331	668
25	516
2	152
126	7
0	0
0	1
0	1
0	1
0	0
0	0
0	28
0	9
48	58
0	45
0	0
0	709
0	0
0	0
0	0
59	0
0	2
0	1
0	0
0	1
0	1
0	0
0	0
0	0
0	45
11	45
0	10
0	9
0	9
0	0
0	1
0	1
0	1
0	1
0	0
0	0
0	0
0	0
0	0
0	0
0	0
5	20
0	182
0	122
0	182
0	108
0	171
0	4
0	68
0	0
0	277
0	0
1	81
9	155
49	102
3	296
41	18
1	71
0	1
214	169
0	3
0	163
0	5
8	26
0	15
0	18
0	13
0	6
0	0
300	50
0	47
34	48
0	12
0	1
0	0
0	0
0	1
0	1
0	0
2	422
0	588
25	173
0	28
1	558
0	130
13	403
9	283
0	30
0	72
32	89
250	330
0	189
1	0
0	20
0	161
0	35
30	76
0	47
0	68
0	5
3	4
0	58
0	13
0	0
0	2
0	2
105	173
0	170
2	161
2	13
0	22
0	9
4	8
0	0
0	0
0	0
37	76
0	71
0	2
1	5
0	0
0	0
0	0
0	0
0	134
0	92
0	27
1	0
0	0
0	1
0	1
0	0
0	0
0	0
0	0
461	510
4	257
0	253
0	0
0	2
0	0
0	0
43	639
0	639
0	1
0	255
0	249
91	57
0	25
10	45
0	249
0	100
0	63
0	26
21	171
0	254
0	0
1	0
0	0
0	0
0	0
0	0
0	659
0	648
0	624
0	304
0	295
0	138
15	69
0	17
9	11
89	1646
0	0
471	108
0	95
0	1
0	13
5	113
7	109
0	109
4	18
32	1785
0	1
0	0
0	0
0	0
0	0
0	0
0	0
0	0
0	0
4	0
0	0
0	0
0	23
0	26
0	0
0	0
0	0
0	0
0	1
19	352
0	49
186	337
0	236
5	31
0	31
0	25
0	19
0	0
0	0
0	0
1353	902
30	163
0	65
0	291
19	223
0	296
3	109
0	0
0	0
0	0
0	0
0	95
0	46
7	170
32	368
646	368
0	41
318	280
1	215
0	0
0	0
0	0
0	0
0	0
0	0
0	0
0	1
0	1
0	440
741	1144
2	470
5	400
197	723
4	200
172	107
10	9
1	115
0	608
9	20
2	6
13	8
0	20
0	0
0	0
7	5
0	1
0	0
0	5
1	4
0	3
0	0
2	0
0	4
0	4
0	4
0	0
0	0
0	0
0	0
0	0
1	0
98	61
0	5
5	7
0	61
23	61
1	68
0	31
0	1
1	1
0	0
0	1
1	0
0	0
0	0
0	0
0	0
0	0
0	0
0	0
0	0
0	0
0	0
341	314
0	275
0	136
3	43
53	46
0	18
0	20
0	20
1	4
0	4
0	4
0	7
0	5
0	5
0	5
0	4
0	4
0	7
0	20
0	20
1	4389
65	4414
0	0
8	8
0	7
0	1
0	0
0	1
0	1
0	13
0	35
7	135
3	12
2	0
1	109
0	98
1	81
1	0
0	5
1	9
0	9
0	9
0	9
0	9
0	9
0	9
0	9
0	7
0	9
0	9
0	9
0	9
0	9
0	9
0	9
0	9
0	7
0	9
0	9
0	9
0	6
0	8
0	8
0	6
0	0
0	2
0	0
0	1
0	8
0	8
0	8
0	8
0	8
0	8
0	6
0	8
0	8
21	0
0	0
0	0
0	0
0	0
0	0
0	0
1	0
0	0
15	97
4	26
0	97
0	24
5	26
0	0
0	0
0	1
0	0
0	0
4	30
4	30
0	32
0	5
0	5
0	0
0	9
0	32
7	1
0	0
0	0
0	0
0	0
0	195
0	184
0	57
39	10
6	187
29	185
0	0
0	0
0	0
0	1049
0	1532
8	1236
76	198
1	52
4	114
6	119
0	974
3	15
0	15
0	1971
18	2391
21	126
2	309
29	166
10	2254
0	0
37	4189
0	4421
0	4220
377	1018
0	5499
0	5929
0	5705
137	1300
0	1303
45	217
0	1697
412	2431
0	4650
237	0
712	0
0	184
33	179
0	55
0	1
0	86
0	13
0	45
0	37
1	32
6	1
0	180
0	184
43	133
1	123
0	80
1	34
0	40
2	18
0	518
366	519
0	42
0	0
24	413
0	376
0	419
6	114
27	41
5	0
0	142
0	64
1	193
0	193
0	0
1	0
0	0
107	223
0	10
0	210
0	13
1	12
5	1
0	14
0	15
203	10
14	10
8	271
0	271
1	245
0	1
0	41
0	0
3	477
0	428
0	5
0	450
0	58
0	459
0	21
0	34
1	59
0	387
0	23
2	285
5	406
0	99
0	87
0	33
0	3
0	27
0	55
2	449
0	35
0	22
0	14
0	173
2	3
0	28
0	419
0	6122
0	6085
0	6012
5	3
0	0
21	32
13	1
1	31
1	4
0	0
0	0
0	0
0	0
21	0
0	0
0	0
0	0
0	0
27	222
0	210
0	108
0	72
0	3962
0	138
0	149
0	129
2	100
0	139
1	46
0	35
39	213
51	221
0	45
27	143
43	99
0	0
0	0
0	0
0	0
11	401
6	388
41	104
0	383
4	319
24	352
0	41
10	62
10	14
33	22
9	17
28	17
38	1793
0	330
54	2235
0	2038
0	346
0	679
0	110
39	496
0	782
36	194
0	677
0	794
27	510
4	582
0	130
83	26
2	542
0	0
0	0
0	0
0	1
0	1
0	0
0	1
97	142
0	140
0	2
80	141
10	140
0	81
0	88
0	61
1	53
0	50
6	16
0	11
8	11
0	2426
2	0
0	0
0	0
0	0
0	0
0	0
0	0
0	0
0	0
0	0
0	0
0	0
0	0
0	0
1	356
0	320
1	18
7	0
0	67
0	19
479	0
17	145
123	292
16	101
0	231
0	210
3	31
0	45
3	5
8	172
1	14
0	24
3	32
0	62
0	87
3	51
0	44
0	19
7	25
0	47
0	1
0	1
0	1
0	0
0	0
350	445
11	44
29	0
5	342
2	113
6	67
2	0
0	32
1	0
43	12
5	74
0	0
0	0
0	0
0	0
1	1
0	0
0	0
0	0
0	0
0	0
0	0
0	0
0	0
0	0
0	0
0	0
0	0
0	1
0	1
0	0
0	0
0	0
0	0
0	0
0	0
47	665
0	672
0	662
0	660
0	629
0	601
0	487
0	518
0	50
0	34
0	36
0	67
1	19
1	37
0	7
1	11
0	624
0	674
0	662
0	0
0	0
68	12562
3	86
1	548
106	12562
93	0
10	0
2	0
0	0
12	238
0	197
3	93
0	0
0	0
0	0
0	1
0	1
0	0
0	0
1	1
1	286
0	352
0	330
0	337
2	96
0	59
0	333
0	0
0	0
0	0
0	0
0	0
0	0
0	0
0	0
0	0
0	0
0	0
435	0
3	1
0	0
175	416
0	416
1	69
3	0
4	41
35	68
0	71
889	650
2	650
2	383
4	0
58	708
0	708
0	0
0	0
0	82
0	84
190	57
0	63
5	0
15	25
0	25
0	26
0	0
0	3
2	18
11	381
12	167
4	320
0	357
84	633
4	242
851	656
1	132
0	651
1	126
4	0
1	160
5	191
3	68
0	4
0	3
0	3
0	0
0	639
0	687
0	674
0	680
0	76
0	666
0	261
0	633
0	631
0	45
3	691
0	678
0	673
0	44
0	648
0	620
0	527
0	187
39	96
0	145
0	19
4	114
0	1
0	1
0	107
0	131
0	34
1	877
0	869
17	306
11	107
6	327
0	105
0	623
0	18
0	838
0	38
0	387
0	449
0	0
0	46
0	52
3	35
0	623
44	2426
4	159
24	167
1	164
0	26
1	9
24	14
0	9
0	0
71	440
0	424
0	8
0	150
0	101
8	26
1	106
0	50
16	65
0	0
0	0
0	0
7	3962
1	187
0	194
0	167
0	56
0	79
0	75
4	70
1	66
0	46
0	3
3	10
20	0
5	186
5	37
0	139
0	11
8	22
3	11
2	8
10	39
0	74
5	9
0	0
0	0
0	0
0	0
0	0
0	0
0	0
0	0
0	0
0	0
0	0
0	0
13	411
0	411
0	306
0	275
2	126
6	68
6	53
0	26
0	0
0	0
0	0
11	0
1926	887
21	0
2	887
43	181
0	215
0	280
0	246
0	65
3	40
0	0
0	0
0	0
0	0
0	0
0	0
321	96
7	96
30	0
0	0
0	0
0	0
0	0
0	0
0	0
0	28
46	28
3	32
112	1138
0	1139
11	1071
7	1043
12	1096
0	1054
0	1083
0	679
2	64
0	76
0	101
0	87
43	44
1	41
10	14
0	0
1	0
0	0
0	0
0	0
0	0
0	0
0	0
0	0
0	0
94	132
0	1365
4	69
0	96
2	263
0	1067
4	75
0	1466
0	189
20	79
0	877
7	128
12	759
3	59
25	503
0	503
0	581
0	397
0	272
0	217
0	167
0	176
0	162
0	206
0	147
0	71
2	98
0	77
0	0
0	0
0	0
0	0
0	0
0	0
0	0
0	0
0	0
0	0
0	0
3	435
0	63
12	385
1	52
0	178
0	133
1	439
0	17
0	36
4	0
0	133
0	436
0	0
0	0
0	0
0	0
0	0
0	0
0	898
4	924
2	184
0	56
0	924
0	29
11	29
18	126
2	5
0	19
0	126
0	2
0	126
0	58
0	58
0	0
0	0
1554	452
0	78
0	92
2	282
0	709
33	221
0	367
260	956
0	118
0	68
30	107
0	456
2	882
0	324
0	328
0	167
0	88
3	70
0	106
0	63
55	12
5	871
1	111
631	845
0	6085
4	6069
2	715
509	662
0	625
46	102
0	1
0	1
0	2
0	2
0	2
0	0
0	0
0	0
0	0
0	0
0	0
491	172
0	128
3	44
0	0
308	837
2	293
0	343
23	349
21	271
30	245
2554	0
0	0
0	0
0	0
0	952
0	759
0	846
0	806
0	777
1	595
3	601
0	665
0	164
0	568
0	481
0	427
0	529
30	401
0	402
0	385
0	234
0	123
0	174
0	178
2	83
0	947
63	545
0	1
5	158
0	105
1	15
0	122
0	129
0	111
10	17
2	237
0	223
2	404
8	345
23	4
0	159
0	4
3	156
0	4
0	149
0	161
29	483
1463	483
0	9
0	0
0	0
0	0
0	0
0	0
0	1117
27	1118
1	341
0	1108
3	78
1	70
87	154
0	149
0	0
0	0
0	0
0	0
0	0
0	0
0	0
0	0
0	187
0	164
0	58
0	28
0	45
283	78
2	71
0	28
1	7
2	4
0	3
0	3
0	2
0	2
0	2
0	0
1	736
48	1125
59	756
6	289
0	38
0	56
0	19
0	46
0	44
0	25
0	10
0	6
0	6
0	54
0	0
0	0
0	0
0	0
0	0
0	0
0	0
0	0
0	0
0	0
0	0
0	0
0	0
0	0
45	9817
7	2989
0	2749
78	2610
0	4584
0	2446
0	0
0	0
0	0
0	0
0	0
0	1
337	358
0	358
439	191
4	191
11	20
51	295
0	291
1	289
4	279
0	47
2	24
9	47
0	84
0	54
0	22
3	18
1	13
1	0
0	0
0	0
3	4
0	0
0	4
0	0
0	0
0	1
0	2
463	170
0	170
0	0
0	0
0	0
0	0
0	0
24	235
0	225
7	44
0	70
0	68
0	70
0	5
1	14
0	66
0	192
0	0
0	1
0	1
0	0
0	1
0	1
0	0
0	0
0	0
0	0
0	0
0	0
0	0
0	0
0	0
6	3
0	3
72	61
0	22
0	18
0	159
0	161
8	161
0	17
0	71
0	71
0	79
7	596
17	566
3	418
1	95
1	190
0	111
0	6
0	3
0	0
0	0
0	0
0	0
0	0
15	3328
0	3320
1	1920
0	1555
0	1479
2	1434
0	484
0	281
0	717
0	260
0	217
3	68
7	105
6	165
1	141
0	30
0	16
1	0
0	0
1	0
29	114
32	108
1	59
0	16
0	2
4	2
0	0
0	1
3	0
2	212
2	209
0	209
0	137
0	109
6	107
0	18
0	212
0	0
0	19
1455	298
0	279
5	33
0	142
0	154
0	0
0	0
0	1
0	1
0	0
309	29
0	3
0	26
0	26
1	15
0	116
0	85
22	0
0	0
0	0
0	0
0	0
0	0
0	0
0	0
5	455
14	80
0	329
2	436
0	204
0	143
0	9
0	7
5	0
3	35
0	36
7	8
3	4
6	4
0	0
0	0
0	0
0	0
13	2757
2	2638
0	2561
0	2718
0	2912
247	2779
12	89
24	255
52	39
0	173
0	157
1	165
4	102
1	17
0	11
1	28
0	47
5	170
0	1431
1	700
1	666
6	21
0	838
0	879
0	892
0	902
0	817
1	859
0	876
0	852
0	854
0	1383
0	879
0	866
0	944
0	845
0	903
0	843
1	60
0	69
7	67
41	41
13	18
0	0
0	1
0	0
0	0
0	0
0	1
0	0
0	0
11	0
0	0
0	5
0	5
9	4
0	1
0	0
0	2
0	1
0	49
574	106
0	51
10	6
0	0
3	79
2	66
0	39
6518	312
4	297
0	15
0	489
15	481
0	495
10	485
3	154
6	258
0	173
0	280
0	203
0	45
1	27
0	68
1	22
0	489
1	7
0	7
349	689
3	689
0	509
8	303
65	228
0	205
0	1
1	2
0	1
0	478
1	462
1	29
0	42
0	12
16	47
0	114
3	85
1	343
15	185
0	343
0	79
1	54
1	75
0	76
1	4
1	9
1	1
1	4
0	11
1	2
0	8
0	79
16	149
3	7
13	1
0	149
14	537
0	368
0	267
18	23
0	29
2	16
0	537
0	537
10	13
1	1
0	1
0	12
0	0
0	0
0	0
52	110
0	110
0	50
0	50
0	0
23	2853
9	2853
0	150
3	140
0	16
109	90
1	91
12	90
3	83
43	84
3	7
0	0
7	224
1	224
5	147
0	178
0	227
2	0
0	0
0	0
0	0
0	3320
3	2120
4	383
20	1
5	0
27	21
0	1120
0	216
0	1082
18	30
0	901
51	717
3	394
0	302
0	163
0	24
29	0
0	3298
0	0
0	486
62	647
21	79
0	624
0	613
0	113
0	296
2	73
0	27
40	34
0	51
70	156
0	166
0	29
0	22
0	112
0	114
0	49
5	57
20	51
4	41
4	33
0	1
0	1
0	1
0	1
0	0
10	106
2	41
0	106
8	0
0	113
0	83
2	110
0	47
1	25
0	39
0	31
0	10
0	104
50	17
8	17
0	176
7	132
1	160
0	138
2	23
0	169
0	59
0	36
0	128
0	16
0	177
318	56
1	56
0	0
1	163
27	281
0	52
0	80
2	32
100	142
0	153
83	13
0	126
3	25
0	110
0	29
1	2
0	0
0	27
3	13
0	1
0	0
0	27
60	878
171	1326
2	724
0	448
0	448
12	211
24	315
2	275
2	159
0	228
0	0
0	725
3	633
1	614
0	221
0	475
21	184
0	178
0	118
0	72
1	23
0	23
2	112
0	77
0	48
0	28
0	16
0	13
0	42
0	23
0	717
330	102
0	26
8	63
0	25
0	186
0	175
7	175
0	52
0	28
0	28
2	170
39	34
0	44
15	111
0	24
20	0
1	0
0	733
17	726
0	144
0	29
0	260
0	67
6	65
0	47
0	119
9	58
9	27
21	329
0	137
0	59
0	1
0	1
0	0
0	0
0	0
0	0
0	0
0	47
0	47
0	38
0	34
0	0
0	0
0	0
0	0
0	0
0	0
0	0
228	289
0	52
6	92
0	54
0	105
0	36
1	55
0	0
0	0
432	747
5	415
0	120
2	413
1	313
4	101
490	86
0	76
5	48
247	69
0	3
0	3
0	3
0	3
0	2
0	2
0	2
0	0
0	3
0	3
0	37
0	50
0	53
3	11
6	59
0	53
1	14
0	3
66	40
1	39
2	3
0	6
0	3
0	0
0	0
2	18
0	18
0	2157
278	2561
46	6
1	167
0	113
3	629
4	270
1031	518
0	518
0	21
0	25
917	1668
0	741
4	715
2	579
0	0
1	63
0	75
0	298
0	103
0	205
0	53
0	163
0	42
0	155
10	26
0	158
0	53
0	53
0	89
0	295
1	69
2	250
0	243
1	75
0	72
0	78
0	50
0	46
8	46
1	52
0	62
0	28
0	235
0	36
0	168
0	132
0	40
4	102
0	135
6	20
228	55
8	55
0	19
4	25
1	21
0	21
0	4
0	0
0	0
0	0
0	0
0	0
0	0
0	0
0	0
0	1980
0	1841
75	746
0	1159
0	163
0	0
1	0
0	0
51	186
21	103
1	62
0	56
1	47
208	0
0	0
549	62
6	62
7	0
0	11
0	11
0	11
0	6
0	11
0	11
0	1
0	0
0	1
0	0
0	5
0	1
0	17
0	18
0	14
0	4
0	153
0	148
0	5
0	11
0	4
2	142
0	1
0	1
0	1
1	2
0	2
0	2
0	0
0	2
0	2
0	0
0	2
1	2657
1	1089
0	1376
2	801
1	565
47	614
2	181
0	2657
0	0
318	16
0	16
18	29
0	30
0	1
13	116
15	482
0	55
2	25
67	370
0	4
0	0
14	91
14	91
3	85
0	178
0	161
0	163
24	86
0	0
0	1
0	1
0	0
3	76
5	69
20	76
3	30
11	40
0	79
0	7
1	79
0	77
14	40
0	21
0	12
4	3
0	55
0	89
1	90
5	110
0	2
2	12
0	1
3	1
0	1
8	47
319	124
0	71
5	38
12	38
9	32
0	35
0	19
1	35
2	28
0	26
0	32
11	160
0	166
0	18
0	0
0	0
0	0
3	602
54	508
0	482
0	484
0	297
0	209
49	0
0	590
0	14
0	0
27	0
118	30
1	30
0	43
0	48
7	33
0	0
0	0
0	0
0	0
0	0
0	0
0	314
1	305
1	195
2	26
0	77
0	100
4	23
0	95
9	111
0	54
14	48
4	33
0	24
21	29
0	20
0	18
30	31
0	1
0	21
0	15
0	3
3	1634
0	1601
0	1585
10	1307
0	1142
1	1152
2	389
2	97
1	0
277	0
0	219
0	69
0	89
0	217
0	74
1	214
0	23
0	11
11	2
34	73
3	17
4	67
2	66
30	53
0	20
0	0
0	0
1	80
2	61
0	89
0	89
0	11
0	41
0	31
0	44
0	32
3	157
9	359
10	359
56	157
2	11
6	686
1	677
0	635
0	347
0	24
0	172
0	12
0	108
1	44
24	0
0	10
0	2
33	0
2	0
0	0
0	0
0	0
0	4
0	0
0	0
0	4
0	0
0	0
0	0
0	0
0	0
19	1844
0	1819
0	1329
6	57
19	1
0	133
1	97
4	82
68	83
9	1
4	83
0	27
0	128
1	134
0	93
0	86
1	23
0	16
5	15
2	11
1	4
0	5
0	0
67	0
0	0
0	0
0	0
22	0
0	0
0	0
0	0
0	0
0	0
0	0
0	0
0	0
0	0
0	0
2	0
120	0
0	0
0	0
0	0
0	28
0	28
0	26
0	26
0	0
0	2
0	1
0	1
0	3
0	3
0	1
0	0
0	1
0	30
0	30
0	30
1514	223
3	139
32	84
0	0
0	0
0	0
0	0
1	4
0	4
0	3
3	0
0	1
0	1
17	14
2	346
0	711
3	609
1	575
0	464
0	695
0	710
2	151
0	67
2	53
2	80
0	0
0	0
0	9
2	6
0	7
0	2
0	0
0	0
0	0
0	0
0	476
12	0
0	469
2	338
1	336
0	477
0	470
1	13
0	19
0	56
0	18
0	74
1	0
0	0
3	0
0	30
0	30
0	30
0	30
0	29
0	1
0	1
0	1
1	0
0	0
0	0
0	0
0	0
0	0
0	0
0	0
0	0
0	0
0	0
0	0
1	1
0	4
0	3
0	1
0	3
0	55
1	59
6	56
0	57
0	52
4	9
0	0
49	541
7	542
5	460
2	81
1	70
1	73
0	72
1	34
13	25
0	0
0	0
21	32
5	32
0	12
0	58
3	1
5	5
0	57
1	58
3	8
0	6
1	8
2	6
0	2
0	355
7	335
0	248
0	265
0	355
0	15
0	12
0	15
0	3
7	181
0	83
0	162
0	162
0	115
0	99
54	11
0	1125
4	1135
0	1067
0	1023
12	1115
0	600
0	619
0	38
2	45
0	633
23	0
0	104
1	0
0	1
0	68
1233	1635
0	494
1	126
2	1014
0	104
7	153
144	860
0	785
4	19
4	152
0	169
13	190
0	71
0	40
257	31
0	31
32	6
0	6
0	0
0	0
0	357
0	356
0	357
1	357
0	132
2	194
0	0
0	0
0	0
0	0
1	0
0	0
0	0
212	15
1	4
0	11
484	4
0	0
5	245
0	233
0	275
2	3
0	0
0	0
0	0
0	0
0	0
6	15
202	201
1	186
0	0
15	24
0	3
1	23
0	0
0	0
0	0
0	1
0	4
0	2
0	0
5	38
0	38
0	145
0	84
41	45
0	44
0	1
0	0
0	0
0	0
23	1942
0	391
1	73
18	1872
0	243
0	698
0	416
0	694
1	0
0	0
26	361
1	169
11	176
1	107
1	331
0	97
0	101
0	0
0	589
20	815
60	555
11	815
3	815
10	663
0	381
0	889
0	0
0	0
0	0
0	0
0	0
0	0
250	490
4	490
14	372
8	1
222	113
0	76
0	16
0	43
1	26
0	179
8	0
0	44
0	172
0	54
2	41
5	9
0	15
37	20
125	38
0	12
0	7
2	30
0	0
0	0
0	0
0	0
0	0
0	0
0	0
4	272
41	272
2	6
0	0
0	0
0	0
0	0
0	0
0	0
0	0
0	1
0	82
3	82
26	7
0	84
1	66
2	0
0	0
42	303
0	106
0	142
0	129
0	92
34	221
2	70
1	16
23	254
3	254
0	19
0	364
2	233
1	327
0	332
4	357
6	176
2	75
1	51
6	0
0	364
0	0
0	0
0	0
0	708
0	547
0	429
0	497
0	83
0	103
16	164
5	52
0	92
1	84
0	604
0	637
1	681
2	1
0	1
0	76
3	0
0	2762
1	2267
14	150
1	1321
2	336
0	2725
10	1296
0	1344
2	1194
7	89
3	31
35	1079
4	100
2	146
9	202
2	428
0	428
0	427
2	267
0	161
0	133
0	24
0	26
0	24
45	0
0	0
0	0
0	0
0	0
0	0
0	0
0	0
0	0
0	0
0	0
0	0
0	0
0	0
0	0
1	1
0	1
0	9
0	9
1	9
2	5
0	1
0	9
0	0
0	0
0	0
0	0
0	0
0	0
0	0
0	0
0	2
0	0
0	0
0	0
0	0
0	0
0	0
0	0
0	0
0	0
0	0
0	0
0	0
0	0
0	0
0	0
0	0
69	0
0	0
0	0
0	0
0	0
0	0
0	0
0	0
0	0
0	0
0	0
1921	369
0	26
6	177
3	166
324	785
0	785
0	75
3	122
1	201
7	43
0	0
0	0
0	0
0	0
0	0
19	0
0	1
0	1
38	41
0	40
0	32
0	1
4	0
2	34
0	26
0	12
1	7
14	34
0	17
1	4
0	19
362	19
107	1762
0	924
0	1619
29	463
2	377
103	172
3	229
3	82
3	82
7	93
6	71
21	22
0	258
0	277
0	256
0	279
0	23
0	17
0	52
2	5
8	43
0	83
0	62
0	82
0	61
0	78
0	36
0	16
5	10
0	10
323	361
2	351
17	10
0	4
0	5
46	8
0	101
0	12
8	1158
2	53
0	1154
0	83
1	391
0	166
0	178
0	0
0	0
0	0
0	0
0	0
366	33
3	33
0	0
0	0
0	0
0	0
0	0
2	4331
3	950
0	4203
3	4269
0	520
1	129
8	205
7	267
1	375
1	427
4	569
0	0
1	2
0	2
1	6
0	0
0	6
0	0
0	0
0	6
0	0
0	2
0	4
0	0
0	0
0	0
0	0
0	0
0	1
530	285
0	285
0	0
0	15
0	18
0	10
12	126
1	330
68	317
0	0
0	0
0	0
0	0
0	0
0	0
0	0
0	2
1	2
0	0
1	0
0	0
0	0
0	0
0	250
0	1414
3	1318
0	1294
0	216
32	1171
33	92
1	67
82	399
0	216
0	252
0	229
2	397
0	346
9	213
0	2
0	2
0	2
0	2
1	0
0	0
0	1
0	1
0	0
0	0
0	0
0	0
0	0
5	76
0	58
0	77
1	89
3	22
1	815
1	12
0	232
1	19
0	7
0	31
0	21
12	405
0	3
3	819
0	86
0	47
5	15
0	656
0	819
0	77
0	116
4	13
0	0
0	0
0	0
54	164
0	86
0	98
0	1
0	1
307	131
0	265
178	993
15	995
0	524
21	350
0	96
0	0
0	0
0	0
0	0
0	4
0	0
0	4
98	40
1	40
1	9
0	2
0	1
0	0
0	0
0	1
0	0
0	0
0	0
0	0
0	2
10	86
1	86
0	64
0	13
0	0
0	0
0	0
0	0
0	0
0	1
0	1
0	0
641	917
5	884
5	167
33	162
48	170
1	148
7	194
13	110
11	109
0	0
0	0
0	0
0	0
0	0
0	0
0	15
0	0
0	0
40	42
0	8
4	5
0	33
0	0
0	42
0	0
0	0
0	0
0	342
39	334
1	166
0	64
0	128
0	68
0	96
1	18
61	656
0	84
15	68
5	656
0	17
0	58
0	37
5	24
0	0
0	60
0	55
0	33
0	10
1	0
1	5
0	0
135	1124
3	1120
0	184
228	76
0	52
0	76
0	770
0	756
0	455
0	113
0	500
6	156
2	8
9	47
0	0
0	0
25	473
33	414
1	65
2	142
0	464
126	164
0	164
0	47
6	19
91	1879
12	892
0	1246
27	20
11	542
109	61
1	0
52	706
0	660
1	184
1	245
5	33
2	1
0	33
0	37
0	37
2	0
0	0
0	0
0	0
0	49
0	0
0	57
0	3
0	59
0	59
2	64
0	61
0	62
0	24
0	12
0	10
0	12
0	10
0	6
0	8
0	5
0	0
0	0
0	0
0	0
0	1
0	0
0	0
0	1
0	1
0	1
0	1
0	1
0	0
30	192
0	100
0	132
0	150
3	39
0	0
0	0
0	0
0	0
0	33
156	49
1	9
0	5
0	2
0	13
27	66
0	66
0	29
0	0
0	0
0	0
0	0
0	0
27	30
1	11
13	19
0	1
0	8
0	9
0	9
0	0
0	0
0	0
0	0
0	0
0	2
0	0
0	0
0	0
0	8
0	0
0	18
0	18
0	2
1	0
0	0
0	0
0	18
63	16
0	6
0	0
0	0
0	404
0	380
0	396
4	7
2	384
0	316
1	304
11	69
0	0
1	0
62	1
0	1
0	0
0	0
0	0
0	0
0	0
0	0
8	706
0	692
0	262
0	265
0	287
0	86
0	108
0	69
6	6
0	0
0	0
0	0
0	0
0	44
40	44
1	1
0	1
56	0
0	0
0	0
0	215
0	224
0	195
0	11
0	213
0	6
4	3
0	0
0	0
0	0
0	0
17	5
0	5
23	1456
0	1389
57	0
3	551
0	94
9	120
0	406
0	420
4	70
0	358
0	226
0	73
0	75
0	102
0	53
0	395
11	119
0	45
0	47
248	328
0	205
2	143
6	10
0	32
0	32
690	209
21	209
0	0
0	0
0	5
0	0
2	0
0	5
0	0
0	0
2	4
0	4
0	4
0	0
0	0
0	0
0	0
0	0
2	425
0	391
0	433
0	215
0	155
0	150
0	176
0	163
0	171
0	156
1	161
5	144
1	39
0	15
2	56
0	24
3	0
4	11
0	45
0	44
0	371
0	0
0	0
0	0
0	0
5	168
86	114
33	386
325	461
0	117
0	71
0	241
0	1
0	26
0	26
0	26
0	2
3	6
0	11
0	10
0	10
0	11
1	1
0	1
0	1
5	0
0	0
0	0
0	0
0	0
0	0
0	0
0	0
0	0
0	0
0	0
0	0
0	0
0	0
0	0
0	0
0	0
32	26
0	25
0	24
0	12
0	2
1	0
1	0
0	0
0	0
17	798
0	800
0	817
0	47
2	18
3	691
0	19
14	186
0	62
1	413
0	336
0	807
0	442
10	365
0	512
0	373
14	474
37	53
0	53
6	32
0	511
9	506
0	128
14	3
1	38
15	86
3	31
0	36
34	16
63	23
0	53
0	103
2	165
178	619
0	163
0	488
0	453
0	94
0	51
0	162
25	64
3	251
0	118
0	103
0	66
7	4
2	440
2	360
4	239
2	190
2	48
6	20
2	13
1	52
5	34
0	67
0	71
3	43
0	1
0	0
0	0
0	0
0	0
0	1
219	0
0	0
0	0
0	0
0	0
0	0
0	0
0	0
0	0
0	236
350	525
9	123
11	105
2	275
6	559
12	42
0	41
13	521
0	40
13	630
235	0
1	51
0	82
6	838
7	37
0	28
0	443
0	719
18	135
0	296
23	10
2	72
0	13
1	22
0	73
26	9
0	89
0	0
0	0
0	0
0	0
0	0
0	0
0	0
16	19
0	19
1	0
70	985
0	129
9	624
36	262
8	983
5	345
0	108
0	99
0	99
0	228
0	58
7	281
1	220
0	243
0	213
9	99
1	76
8	214
0	154
0	199
9	137
1	37
0	0
546	543
3	541
8	7
0	5
602	0
0	0
141	367
0	152
0	367
70	48
0	46
0	4
0	16
0	7
2	9
70	60
1	6
0	58
0	0
0	0
0	0
322	453
21	458
0	47
0	552
3	296
0	503
1	113
5	116
2	87
0	167
1	82
3	271
1	131
0	1
1	1
0	6
0	1
0	6
326	56
0	16
5	40
0	5
0	5
0	0
89	192
0	189
1	83
11	20
1	15
0	0
1	257
0	250
10	252
0	72
0	71
6	16
0	25
0	32
3	27
2	0
160	0
84	123
0	68
0	95
0	110
372	689
4	306
3	684
0	0
0	0
176	255
2	217
0	30
0	31
0	0
0	59
0	3
0	6
0	3
0	0
0	6
0	3
0	5
20	0
0	276
0	300
5	300
3	300
1	292
0	47
0	20
3	31
0	15
0	21
0	25
0	15
0	38
0	0
0	0
0	0
0	0
0	0
5	3
2	7
0	7
0	7
1	7
0	5
0	0
0	3
3	3
0	0
0	0
0	0
0	0
0	0
0	0
25	11
0	8
0	3
0	0
0	0
0	0
0	0
0	0
0	0
0	0
1	0
73	232
0	35
3	115
0	143
2	0
0	12
3	13
0	4
2	4
0	13
0	0
0	0
148	4847
27	3
1	4859
32	4867
30	546
56	1396
0	8
0	0
1	8
849	1830
187	1927
0	1646
49	48
0	156
38	457
31	760
9	360
0	0
0	0
0	0
0	0
0	0
0	0
0	0
0	0
0	0
0	0
0	0
0	0
0	0
0	0
0	0
0	0
0	0
0	69
0	43
0	72
1	198
0	2
1	5
0	203
110	2652
0	1333
0	2517
1	2320
0	2420
0	848
4	143
0	426
1	377
0	724
0	647
7	716
9	333
17	240
0	0
0	2
0	1
0	0
0	62
0	171
9	18
4	31
0	68
0	54
0	168
0	174
2	4
0	0
0	0
0	4
0	4
0	0
0	0
0	0
0	0
0	0
0	0
0	0
0	0
0	0
0	0
0	538
0	531
1	107
0	66
7	355
42	188
5	34
1	78
0	76
0	27
1	7
320	1271
1	99
0	1271
0	13
0	0
0	13
0	12
0	0
0	2
1	6
0	5
0	0
0	0
0	2
3	57
5	64
0	15
0	15
0	18
0	6
1	6
0	0
0	0
0	0
0	0
0	0
0	0
0	0
286	16
0	0
0	0
0	0
0	0
0	0
0	20
130	335
0	323
0	82
21	8
8	0
0	29
5	4
0	0
0	0
0	0
2	1417
19	1505
35	1491
96	17
0	587
39	587
0	414
0	0
0	0
0	0
8	1676
0	698
1	946
2	742
1	0
0	0
0	0
0	0
0	0
0	0
0	0
0	238
240	235
0	77
0	89
1	70
0	238
0	0
0	0
0	0
0	0
0	0
0	0
0	0
0	0
0	0
0	0
0	0
0	0
0	0
0	0
0	0
0	0
0	0
0	0
448	118
1	62
0	40
2	21
29	2359
35	259
3	2355
0	1881
2	1696
15	609
21	36
160	251
15	158
1	39
25	35
0	66
0	89
6	73
3	89
23	0
0	0
0	0
0	598
0	596
2	508
0	597
0	464
1	24
0	6
0	10
1	239
4	32
0	489
69	0
0	0
0	0
435	496
1	496
0	77
0	75
0	75
0	79
0	15
0	52
0	75
0	7
2	44
2	29
7	3
0	75
0	77
0	0
0	0
0	0
212	1031
0	187
869	1
28	367
0	208
0	72
4	104
2	78
2	359
52	250
56	532
0	262
19	168
0	0
0	0
0	0
0	0
0	0
0	0
0	0
0	0
0	0
0	0
0	116
0	130
0	166
2	43
21	0
22	586
7	567
0	57
2	782
39055	8640
4	5242
0	765
0	0
0	0
31	237
18	237
0	257
2	210
5	233
0	12
136	61
0	29
0	39
1	34
0	31
2	7
0	14
0	12
0	0
0	0
0	0
0	0
0	13
0	13
0	5
0	6
0	6
0	1
0	0
396	0
0	406
0	4
0	1771
1	1772
0	1771
0	440
0	2
0	0
0	10
0	0
11	0
0	448
77	265
0	1778
0	63
0	198
0	299
0	697
0	221
0	113
0	1771
0	57
0	55
0	56
0	58
24	541
0	58
1	547
0	91
3	9
0	0
0	0
55	407
2	407
4	14
7	46
0	28
1	18
0	0
1	0
0	0
0	0
0	0
0	0
0	1154
2	60
6	83
11	688
0	85
6	15
2	343
45	1154
8	136
0	136
12	101
10	96
63	0
0	0
0	0
0	0
0	0
0	8
0	63
0	61
0	42
0	8
7	12
0	7
0	5
1	2
0	3
0	17
0	11
3	6
0	61
0	63
0	62
0	62
172	251
0	267
36	260
4	35
0	672
60	666
2	667
0	109
3	15
0	149
0	112
0	0
0	177
767	775
6	344
8	133
11	129
6	229
35	788
10	683
1	601
25	690
0	19
0	214
474	26
0	737
1	618
47	453
394	313
2	313
0	105
4	105
0	0
2	0
0	0
1	0
734	932
0	882
0	923
3	776
6	53
0	56
2	612
1111	1172
6	1172
1	94
1289	0
2	52
0	52
2	52
0	50
4	9
0	0
2	4146
0	4549
0	4543
0	4384
0	3611
0	4460
3	1100
0	906
0	4478
0	4127
0	448
1	343
0	199
4	468
0	75
0	78
2	47
0	12
0	1
2	31
0	167
24	167
1	66
0	5
0	0
0	0
138	515
28	453
0	0
0	0
0	0
89	109
1	109
0	76
0	78
0	44
0	28
0	0
0	0
0	0
0	0
0	0
0	0
0	0
177	309
62	307
61	118
9	95
0	4
0	95
0	1
0	3
0	8
0	6
0	2
0	3
0	4
0	0
0	6
0	2
0	0
0	0
0	0
0	2
0	0
0	0
0	0
79	13
0	13
515	560
4	371
13	98
1	97
1	0
0	0
0	0
1	213
9	117
0	12
0	151
1	155
1	57
0	787
0	1217
64	2020
23	1
0	1624
1	1
0	2018
0	409
59	77
0	0
0	64
34	172
0	133
0	145
0	120
0	148
0	108
0	97
0	0
13	0
29	5
0	44
7	41
26	2
2	948
0	132
8	958
0	71
0	928
0	117
37	23
14	200
0	924
0	76
0	66
0	1
0	6
0	10
1	2
13	2
0	3
1	296
0	139
0	303
0	30
0	31
7	90
0	297
0	0
1	118
0	118
2	112
0	11
3	404
0	482
18	103
15	175
9	9
0	0
8	251
10	251
22	0
29	11
9	0
5	749
1	41
1	716
0	135
0	220
0	91
0	11
2	224
0	56
0	55
1	1376
3	1382
36	1354
4	258
27	150
46	426
0	380
1	86
0	213
11	6
5	138
4	66
0	27
0	30
0	11
0	11
0	11
0	11
0	11
0	0
0	0
0	0
0	0
0	39
0	0
0	0
0	0
0	0
0	0
0	0
0	0
0	74
0	82
0	91
0	91
0	13
0	57
2	1
1	52
0	14
0	38
0	10
1	6
32	139
0	63
0	106
3	5
3	34
0	0
11	47
90	47
0	0
0	0
0	0
0	0
0	0
0	0
0	2254
4	2253
42	534
0	105
2	14
0	38
0	50
1	8
24	47
0	245
0	234
6	39
3	52
0	235
1	161
1	17
0	135
0	0
0	0
0	0
0	0
0	0
1	2
0	0
0	0
0	0
0	0
0	6
0	6
0	33
0	0
0	0
0	0
0	0
0	0
0	0
0	1849
0	828
0	1146
1	915
0	1627
0	1547
0	702
0	150
0	965
35	0
5	517
137	23
4	23
0	0
0	68
0	68
0	9
25	0
406	775
0	670
7	299
6	66
8	38
4	18
0	18
3	0
0	2
147	4826
443	4546
0	0
6	27
0	27
0	0
1042	1470
9	394
20	1076
23	30
0	293
1	665
56	554
4	440
10	22
26	0
0	0
0	0
0	0
0	0
0	0
0	3
17	3
0	1
0	2
0	2
0	2
0	2
0	2
1	32
0	18
0	18
66	31
0	9
0	3
0	8
0	16
0	16
0	17
0	13
0	12
0	98
0	99
9	113
0	110
1	94
2	0
0	0
0	0
0	0
0	0
0	0
0	0
5	105
16	145
0	30
0	146
0	0
0	31
0	18
0	31
0	31
0	66
0	2
0	13
5	47
0	33
0	150
0	0
0	0
5622	933
8	933
0	0
0	0
0	0
17	19
0	19
11	412
0	412
1	407
0	869
10	0
0	298
0	469
3	872
0	274
0	229
0	43
2	424
3	541
0	869
27	197
15	197
0	11
0	98
0	65
0	43
0	0
0	0
0	0
0	0
0	157
0	114
23	113
1	32
0	40
0	17
0	79
2	30
0	90
0	70
2	0
448	681
0	121
0	117
1	56
2	671
11	26
1	38
2	32
10	36
1	91
3	88
0	54
2	19
0	0
0	0
1	0
0	0
0	0
0	116
0	117
0	119
4	13315
0	13455
0	0
0	0
0	0
0	0
0	0
50	78
63	110
0	96
0	13
11	0
3	53
0	53
0	0
0	0
0	0
0	0
0	0
0	0
0	402
0	2530
0	248
1	2774
0	2369
7	1476
0	2365
1	307
0	2711
2	21
0	6
0	21
0	9
6	129
191	130
2	37
0	30
0	0
146	0
0	403
0	451
80	351
0	179
0	4
0	4
1	0
0	1
0	2
0	3
0	3
0	0
0	2
1	13
0	26
3	24
0	17
0	15
0	870
6	885
11	801
20	291
0	239
0	143
1	206
133	156
144	310
0	175
1	82
6	215
0	132
0	15
0	117
0	121
0	40
5	68
0	25
2	0
0	0
1	139
202	31
6	13
2	7
0	18
0	876
0	820
0	130
0	4
12	434
42	101
31	592
327	592
15	5
9	0
4	99
23	324
13	0
0	163
0	64
9	79
309	107
108	28
30	297
0	24
2	49
4	18
3	170
2	122
0	276
0	246
0	239
0	239
0	217
0	30
1	128
0	29
0	63
0	12
0	0
0	0
0	128
0	121
0	40
1	84
0	131
0	108
1	16
4	25
4	18
0	32
0	42
0	21
1	20
0	21
0	28
54	28
0	5
0	5
0	5
0	1
497	1098
1	1098
0	143
0	136
0	376
0	205
0	6
0	6
16	4005
10	4005
0	0
0	0
0	0
0	4
1	8
0	8
1	0
1	362
12	289
2	362
2	13
0	279
0	0
0	0
0	0
0	0
0	0
3	0
0	423
2	423
53	15
33	4856
1	7888
14	7800
81	5159
0	12
0	12
0	16
0	16
0	12
0	15
0	8
1	5
0	3
0	2
0	651
0	646
1	56
3	72
7	36
5	13
0	0
1	177
0	86
2	0
0	0
0	0
4	33
0	3
2	8
0	0
0	0
0	0
6	4
0	2539
7	584
19	2542
0	35
0	6
0	110
0	110
156	165
3	48
0	99
0	98
11	72
0	72
0	9
0	24
22	1
15	37
0	0
0	0
0	0
12	2226
804	2226
2	129
6	405
4	266
0	0
0	2
0	1
0	2
0	1
0	2
0	17
0	9
0	0
0	0
0	0
4	232
0	4
671	314
0	224
39	254
1176	1683
9	1446
0	52
0	54
1	17
0	21
0	6
0	14
0	19
0	14
1	7
5	3
0	7
0	10
0	9
0	7
0	3
4	4
19	15
2	15
0	2
0	0
0	0
0	0
0	0
0	0
0	0
0	0
3	112
1	62
2	112
0	0
0	0
37	0
202	59
0	57
0	26
10	2
0	0
0	0
0	0
0	0
0	0
0	5
0	5
0	3
0	2
0	39
0	0
376	41
6	37
3	68
0	74
0	60
0	64
0	0
0	0
799	0
1	344
0	309
9	79
0	114
0	0
0	0
0	0
1	98
0	78
0	129
0	86
0	54
1	730
0	711
5	715
1	25
5	17
10	149
2	44
0	27
0	65
0	38
18	97
0	58
1	22
0	1
165	619
0	619
0	1
0	1
0	1081
0	1089
7	533
2	874
17	720
0	157
2	19
15	303
0	662
18	113
1	76
4	270
22	196
0	16
20	2
0	2
0	0
0	0
0	0
0	0
0	0
0	0
0	0
778	281
4	82
4	149
2	179
15	1464
698	2477
7	475
5	179
2	539
3	296
28	162
0	88
224	354
3	13
1	112
0	24
0	0
0	0
0	0
0	0
0	1
0	1
0	0
0	2
97	1206
0	1239
0	678
0	455
0	214
1	60
3	330
0	214
0	173
0	143
5	470
21	498
4	135
672	106
4	106
3	36
0	0
282	80
2	80
1	33
728	91
1	91
0	0
528	213
0	90
0	99
2	63
25	3
0	1
0	2
119	0
0	333
5	0
0	69
0	71
0	23
0	87
3	77
0	55
2	51
2	57
0	333
0	0
0	0
7	714
3	594
8	595
7	493
1	128
0	243
0	364
5	141
0	0
0	0
0	0
2	18
0	29
1	137
0	4
10	137
0	46
1	39
27	46
0	44
0	17
3	4
1	0
55	0
1881	1243
0	1259
8	1138
7	48
37	171
0	149
0	198
17	202
2	17
0	32
10	87
10	48
64	1319
2	1320
0	1320
15	954
24	1554
0	840
21	1225
0	98
4	25
0	101
1	176
19	133
1	59
67	2118
0	0
0	0
0	0
0	0
0	0
0	0
0	0
199	10
6	10
2	0
0	1
0	1
2	0
0	0
179	64
32	64
17	11
17	58
0	40
0	41
25	10
0	7
0	21
0	21
0	0
0	19
0	19
0	3
0	2
0	0
0	0
0	19
778	330
1	11
0	0
0	41
2	25
1	7
2	50
2	3
2	12
0	46
0	9
0	29
0	9
47	24
18	165
0	25
0	157
0	155
6	9
3	15
2	31
0	17
0	15
0	0
58	1
0	0
1	1
0	7
0	4
0	0
1	0
0	5
0	1
0	1
0	0
0	0
12	1117
10	3554
1	3574
1	0
14	355
0	628
0	0
22	91
0	0
0	0
0	0
0	0
529	0
0	0
0	0
0	0
0	0
0	0
49	318
0	209
8	180
0	58
0	40
2	24
0	26
8	17
9	11
0	6
0	270
0	197
1	160
0	148
0	177
1	48
0	26
0	13
1	0
0	250
1	232
6	42
19	83
0	419
0	2
0	2
0	0
0	0
0	0
0	0
0	0
0	0
0	0
0	0
0	492
1	488
0	448
4	48
19	195
4	60
0	1
5	35
0	489
23	291
15	81
138	308
5	32
26	143
0	143
0	13
0	466
0	402
0	326
2	6
2	24
0	436
20	388
0	378
6	300
0	0
0	0
0	0
0	250
0	253
0	169
1	7
0	247
0	44
0	253
0	252
0	253
0	17
1	252
0	156
0	187
0	5
0	49
2	34
7	10
0	88
11	0
0	0
0	83
2	80
0	28
0	68
0	3
0	28
19	29
1428	991
3	263
3	532
0	196
0	0
0	0
0	4
4	41
0	0
3	0
0	37
0	0
0	0
0	0
0	0
0	0
0	0
6298	5471
0	1495
14	520
13	3593
143	25
4	1
0	1
31	0
0	0
221	4797
2	3783
13	473
0	2
0	2
0	2
23	421
0	436
16	583
0	416
0	407
0	557
15	68
7	110
0	54
12	260
0	69
37	25
3	26
0	30
0	5
4	5
0	1
0	0
0	2
1	2
0	0
0	0
0	0
0	0
0	0
0	0
0	0
0	0
62	5
0	0
0	0
0	0
0	0
0	0
0	0
0	0
1	0
0	0
1	722
0	0
0	0
0	0
0	0
0	0
0	69
0	69
3542	74
0	73
3	1
0	3
0	3
0	3
0	3
0	3
0	3
0	0
0	0
0	0
0	3
0	0
0	0
19	397
2	375
7	96
52	158
0	0
0	180
0	38
4	18
0	224
3	224
0	136
0	127
2	25
0	0
951	262
0	262
205	3035
1	3087
0	477
0	450
0	1205
3	479
38	258
13	242
0	30
11	30
0	2
0	5
0	5
0	5
0	0
0	0
0	0
0	0
116	4
2	4
178	236
0	225
1	104
0	1
31	43
15	202
0	30
4	184
0	150
0	151
0	21
0	29
28	1281
0	1255
9	1288
0	1243
1	137
0	1076
6	152
1	48
0	216
4	451
2	215
11	160
1	71
8	24
0	0
0	0
0	0
0	0
0	0
0	0
0	0
0	0
0	11
2	11
0	0
0	13
0	0
0	0
0	0
0	0
0	0
0	0
0	0
0	0
0	0
1	0
0	4606
52	4
70	3379
17	2047
0	3571
0	4085
0	3773
0	1761
1	933
0	488
16	125
0	125
0	114
4	53
0	29
2	644
5	571
0	642
26	590
0	586
0	111
0	0
0	1
2	1
0	0
0	0
6	1
0	231
4	292
1	0
4	5
2	30
108	296
0	274
0	176
0	0
0	0
30	7497
1866	7923
0	3417
4	1296
1	426
12	50
0	20
4	5
0	1
0	53
0	5
0	17
0	0
0	0
0	0
0	0
0	0
58	271
27	271
0	6
3	11
0	11
0	4
0	1
5	963
0	963
0	0
0	0
0	0
0	208
0	3
0	1
0	5
0	5
0	1
0	5
0	5
0	5
0	1
0	0
0	0
0	0
0	0
0	0
0	0
0	0
0	0
0	0
0	0
0	0
0	0
0	0
0	0
0	0
0	0
0	134
32	0
868	240
3	186
7	54
0	0
0	0
0	0
0	0
0	781
3	51
2	127
0	784
0	72
1	16
0	55
0	87
0	104
0	64
11	68
900	9166
26	9177
46	9175
5	7725
38	7203
1	2003
2	2356
4	2372
4	2140
6	2348
8	213
4	497
0	0
0	238
3	0
0	221
0	0
0	240
0	210
0	53
0	1
0	50
0	14
4	241
1	238
0	220
0	221
2	14
0	11
1	234
0	236
16	74
1	222
0	208
0	230
0	12
0	227
0	48
4	0
0	21
0	47
2	16
0	127
0	45
0	37
0	36
0	19
0	18
244	12
3	12
30	96
0	93
0	4
0	6
0	11
0	11
0	5
0	4
4	11
0	7
0	0
0	0
0	0
254	798
0	805
0	257
35	499
1	23
2	16
4	10
1	3
0	3
0	1
1	10
0	19
0	0
5	151
0	146
0	152
0	63
0	10
5	10
0	0
0	0
0	0
0	0
0	0
0	26
13	24
0	24
0	22
0	3
0	5
0	26
0	26
0	0
345	817
10	800
0	538
78	44
19	19
23	204
0	210
1	158
0	152
0	30
0	29
0	2
0	0
0	0
0	0
0	0
1929	0
328	816
10	786
3	76
0	668
29	129
7	60
223	12
7	10
0	0
1	8
0	3
0	7
0	0
0	1
0	0
0	59
1	0
1550	1120
16	1119
6	102
1	106
0	320
19	130
0	1
0	1
0	1
0	58
0	1422
0	489
0	136
0	1269
5	391
62	43
12	744
8	242
0	95
0	39
22	114
170	53
0	179
0	210
0	46
6	43
19	55
3	25
0	113
0	0
0	0
0	0
35	359
16	16
0	343
0	8
0	0
0	0
0	0
0	0
0	166
0	46
261	1574
3	159
5	596
1	1447
0	130
4	347
31	153
0	452
7	150
0	207
8	245
0	0
0	0
0	0
2	0
0	1
0	1
0	1
0	0
0	0
0	0
0	97
0	97
9	6
0	6
0	5
0	5
1427	269
2	143
1	126
0	0
5	3
0	2
0	2
0	2
0	0
0	0
0	0
0	0
344	1051
0	831
76	1027
0	356
0	0
7	91
2	8
0	70
0	34
0	25
0	6
3	5
0	32
4	77
0	31
0	15
19	44
0	38
0	40
0	3
1	3
0	4
2	4
0	2
0	822
217	833
0	437
0	139
1	192
0	1
1	3
0	2
63	7
56	25
0	1
0	1
0	0
0	0
0	0
0	0
7	690
235	730
0	186
7	155
0	40
0	345
0	2
0	40
0	48
0	345
4	332
0	340
0	11
0	48
10	4
0	334
12	25
0	59
0	63
0	38
0	86
7	31
0	41
10	170
0	66
0	143
0	345
0	0
0	0
1	0
0	0
0	0
0	0
0	0
0	0
0	0
181	158
0	78
0	79
10	19
4	61
0	36
24	73
0	21
1	2
0	63
1	72
192	102
0	23
0	20
0	7
0	10
0	7
12	0
3	0
14	106
0	110
0	54
0	20
1	0
0	511
0	546
0	83
0	80
1	91
0	68
0	24
495	50
3	5
0	90
1	85
0	14
0	21
0	7
9	89
0	15
0	1327
2	1224
69	1159
7	1151
116	1123
83	309
1	233
55	9
0	12
0	29
0	16
0	184
52	211
3	211
0	26
7	53
599	373
8	63
0	63
162	24
3	0
0	0
0	0
0	0
0	0
0	5
0	5
2	971
0	1046
0	230
0	1119
0	627
0	145
0	106
115	36
0	32
0	6
0	2
1	22
0	22
0	15
17	501
5	343
0	456
1	391
0	38
8	0
8	1036
12	583
0	1051
0	1052
1	1035
0	469
6	141
15	158
0	139
1	31
8	0
10	9
0	267
74	269
0	54
6	5
117	3
13	3
23	939
0	757
0	785
0	65
1	646
2	107
0	107
32	0
1	0
0	1
0	1
0	1
0	1
0	1
0	1
0	0
0	0
0	1
0	0
0	0
141	145
17	79
0	44
1	61
0	32
0	54
0	205
77	1628
7	81
0	102
2	100
1	77
0	102
23	509
0	1532
6	33
1	116
7	187
67	10
3	18
37	51
1	128
3	203
0	184
1	35
1	50
0	11
0	209
0	205
87	92
0	81
0	23
0	18
2	28
0	0
66	112
0	77
3	94
0	8
0	55
0	55
0	36
7	7
353	0
0	0
0	0
0	0
0	0
0	0
1	57
0	2125
57	382
0	463
2	2164
0	1575
0	1474
0	303
1	503
7	166
151	32
0	32
113	393
503	401
6	263
0	273
2	0
0	0
0	0
0	6
0	0
97	4
0	4
1	1
7	311
0	312
0	303
46	155
5	36
0	42
0	10
0	11
0	13
0	38
1	3
0	9
0	42
0	16
1	19
2	4
2	7
3	3
0	12
0	10
0	2
0	0
0	0
0	0
0	6
1	6
294	0
0	0
0	0
0	0
0	0
0	0
0	0
0	0
0	0
0	0
0	0
0	0
0	1
0	1
0	1
0	3
1	3
0	2
0	9
0	8
0	8
0	9
1	7
0	0
0	0
0	0
0	0
0	0
0	0
0	0
0	240
0	270
1	92
7	375
0	248
1	311
0	345
0	354
0	112
0	118
1	121
0	149
0	143
0	163
6	22
0	32
1	6
1	4
0	148
18	438
6	438
1	403
0	399
1	375
2	129
0	132
0	29
0	2
0	39
0	38
0	1
0	160
0	160
0	67
3	20
0	10
0	62
3	53
0	14
0	3
0	1649
0	1506
94	2
7	1322
0	1638
128	235
0	235
1	232
0	0
1	65
4	521
4	30
9	12
0	3
0	160
1	66
0	520
0	0
0	0
0	0
0	0
0	0
0	0
304	356
0	356
1	207
0	208
0	177
2	61
0	42
0	0
0	2
33	37
0	37
116	80
2	78
36	3
0	759
5	2287
0	2545
4	2549
0	269
2	114
6	169
0	139
0	0
2	529
0	587
0	579
0	588
0	368
0	346
5	15
0	90
0	33
0	69
1	2
0	203
0	79
0	44
14	45
0	0
7	52
0	20
0	47
16	48
0	43
545	82
0	34
1	81
188	812
13	76
7	73
0	834
7	178
1060	790
56	790
19	260
1	265
0	6
0	156
0	149
0	138
0	12
0	11
0	1
6	11
0	0
0	49
0	70
0	25
0	0
0	70
0	0
0	0
0	4
0	0
1	1
0	4
0	3615
6	166
0	3554
14	789
0	901
79	0
0	0
0	0
0	0
2	819
0	103
0	50
0	78
8	83
34	23
3	34
0	131
0	25
0	719
0	0
0	0
1	10473
10	4414
0	6008
5	9314
28	4787
0	4310
0	0
0	0
0	0
0	0
1	113
1	113
0	35
0	26
0	0
0	2
0	1
0	2
0	2
2	0
0	2
0	2
0	0
0	0
0	2
0	2
284	0
0	0
0	0
0	0
10	85
0	45
0	1
0	0
0	1
0	0
0	0
0	0
0	1
686	366
1	316
0	324
2	86
0	54
0	0
0	0
0	0
0	29
37	84
0	55
0	47
0	53
0	0
0	3
0	0
0	3
0	2
2204	1601
0	1601
11	4
3	101
0	0
0	0
3	22
0	27
3	27
22	242
0	233
0	31
95	5
0	35
0	61
0	70
0	69
0	19
0	8
0	31
1	30
2	43
6099	964
11	368
3	596
0	123
4	113
0	126
0	104
6	0
6	40
5	48
7	32
5	41
0	0
0	0
0	0
0	0
0	0
0	0
0	0
0	72
0	181
35	29
0	40
0	201
0	16
4	26
0	133
0	39
0	1867
32	1034
120	0
13	303
0	366
0	465
2	169
21	0
6	1358
13	20
0	347
5	0
7	163
0	0
0	0
0	1
0	1
0	0
0	0
0	0
1	0
0	244
0	0
1087	167
7	167
100	64
1	64
0	45
0	40
0	0
0	2
0	28
0	28
0	30
0	30
0	7
0	7
0	8
0	9
0	0
1	0
47	0
5	8395
27	5345
0	6344
0	7442
41	3664
0	1610
8	1576
172	468
0	437
3	1
1	66
0	43
0	13
10	44
1	0
0	76
5	78
1	18
2	5
2	11
82	0
0	0
0	0
5	126
10	126
39	0
77	0
0	67
0	55
1	66
0	70
0	0
0	0
0	0
0	0
0	0
0	0
0	0
0	0
0	0
0	73
231	25
4	18
1	7
0	0
0	2
0	0
0	0
0	0
0	2
4	2
0	0
0	2
1	0
0	271
2	241
3	196
5	11
17	246
4	264
0	65
0	270
1	0
0	3
0	2
0	2
33	114
2	114
0	1
0	17
4	14
16	1
0	5
0	5
0	0
1	0
221	111
0	25
0	14
1	15
6	149
0	124
6	144
0	127
0	125
0	124
0	125
0	58
0	105
0	25
0	17
0	107
0	14
0	12
0	30
0	10
0	16
0	0
0	0
2	407
0	427
0	451
0	26
3	255
1	189
0	30
0	34
0	36
0	50
0	28
0	14
0	14
1	13
0	439
0	432
0	0
0	0
0	0
352	0
103	214
2	13
11	2
1	187
0	14
0	234
0	137
0	33
0	47
2	19
0	23
96	23
20	73
0	37
0	1
0	1
0	4
0	232
0	0
0	4
2	4
0	19
2	15
0	19
181	151
1	159
28	22
0	166
30	426
10	0
0	0
43	515
0	517
0	438
0	131
0	112
4	95
0	68
0	27
0	0
23	578
346	781
9	235
4	443
4	80
1	193
1	27
85	12
0	232
0	10
0	4
15	4
0	2
0	237
0	34
5	6
1	192
0	20
0	236
0	236
0	715
0	585
51	305
13	825
0	41
0	87
0	60
0	50
9	89
0	75
28	270
0	89
12	113
1	42
9	38
0	53
0	52
0	2
0	5
0	2
0	33
1	52
0	0
0	821
0	772
0	685
0	657
12	230
0	510
0	538
10	502
1	171
0	127
5	169
2	93
0	793
0	5
0	5
0	7
0	7
0	0
2	2
0	0
0	0
0	0
0	0
3	134
0	1606
0	1654
7	54
3	162
2	199
0	111
12	13
0	47
0	44
0	38
0	684
0	79
0	0
35	85
1	85
0	42
0	0
2	26
4	27
0	11
0	18
3	20
0	15
2	5
0	5
0	0
0	846
7	577
7	0
0	26
1	57
3	371
12	336
21	79
15	60
2	38
0	845
8	12
0	373
0	372
6	372
0	14
9	228
14	223
0	64
0	0
0	0
0	0
0	0
0	0
0	0
0	0
0	0
0	103
0	15
14	40
1	101
1	54
0	54
1	39
0	30
0	27
0	9
3	14
6	5
0	0
0	0
2064	351
18	114
14	237
3	48
0	48
16	2691
135	2723
6	757
6	2580
10	207
2	233
0	0
0	60
0	53
1	8
0	49
5	13
0	40
50	65
0	0
0	0
0	0
0	0
0	0
0	0
0	17
0	22
1	0
0	23
4	11
0	16
0	384
0	386
0	391
0	94
0	347
0	360
0	346
0	362
2	121
0	349
0	355
0	375
0	370
1	41
3	157
0	66
0	45
0	82
5	230
0	90
0	68
6	9
0	57
0	59
1	58
0	71
0	63
15	51
0	30
0	26
0	361
0	0
525	188
74	188
0	0
5	155
1	155
2	125
0	18
0	18
0	18
0	163
0	163
0	163
11	96
0	31
0	29
3586	788
11	203
6	309
0	284
3	174
3	26
10	102
42	0
8	0
0	0
0	0
10	2
0	2
0	1
0	1
0	0
0	4
1	6
0	6
0	0
0	0
0	0
135	154
1	96
0	78
0	8
34	68
0	96
0	102
0	17
4	25
7	1
2	1
0	5
351	0
13	0
0	0
0	32
0	3
3	1
0	1
0	0
53	0
218	0
70	167
0	0
4	1215
6	1316
7	58
0	327
0	402
0	172
26	44
14	37
14	0
0	5
3	5
0	0
0	0
0	0
0	0
0	0
0	0
0	0
517	342
0	68
0	65
0	257
6	30
2	73
0	52
417	877
1	282
9	425
12	15
5	225
0	212
0	546
95	0
0	78
0	174
0	217
0	144
0	560
0	2
0	2
501	2356
4	1097
0	601
5	293
1	7
4	7
3	4
0	5
1	2
0	0
0	0
0	5
0	5
0	3
0	5
0	1
0	0
0	2
0	2
1	0
0	0
0	39
313	72
0	0
0	0
0	0
8	322
1	1465
1	859
11	159
55	294
73	1366
6	51
10	16
23	182
0	80
0	41
0	0
0	0
0	0
0	0
1099	36
0	36
185	348
0	348
0	312
25	142
2	32
0	9
0	37
3	45
11	29
10	135
0	109
59	150
31	58
0	38
0	38
0	31
0	38
0	103
0	348
0	361
0	327
0	322
0	326
0	325
0	304
1	267
8	269
1	155
0	156
19	0
41	0
0	1
0	1
0	0
0	1
0	1
2	1
0	0
5	1578
6	1513
33	1493
0	1484
0	162
16	458
9	423
0	0
0	4
130	212
0	21
0	28
0	61
10	6
0	30
0	9
0	26
4	27
0	52
12	36
0	125
1	57
0	0
1	0
2	107
3474	9729
0	424
43	2348
12	5682
4	3076
19	1272
14	1461
1	3817
6	2049
0	267
0	346
7	247
1	252
2	218
8	141
28	288
3	313
0	266
0	63
3	32
0	32
0	179
0	192
0	177
22	129
0	86
0	53
0	46
0	71
0	0
0	0
0	0
0	10
0	2
1	2
6	0
0	0
0	0
0	0
0	0
0	0
0	167
1	16
1	90
1	0
0	6
0	3
0	9
0	19
0	29
0	155
0	18
0	29
0	33
0	23
0	6
17	293
2	291
0	187
3	209
0	172
1	134
0	134
0	94
43	54
175	0
601	292
0	25
0	6
10	56
0	47
0	48
24	157
0	72
3	93
0	60
1	34
0	13
33	15
0	0
0	163
0	0
0	0
0	169
0	166
3	161
0	136
0	157
0	0
0	0
0	0
0	0
0	0
0	2
0	2
0	1
0	0
0	0
0	1
0	0
4	0
0	2
0	2
0	5
0	5
0	2
0	2
0	2
0	0
0	0
0	5
13	5
0	0
0	1
3	4
0	5
0	5
0	23
0	23
0	50
2	44
0	45
0	33
11	5
0	4
0	0
0	0
0	0
0	0
0	0
0	0
0	0
0	0
315	78
1	44
3	34
1	0
0	0
0	0
0	0
10	60
0	49
0	46
0	1
3	20
22	0
17	3
1	1218
7	411
0	444
6	303
0	278
15	0
3	0
94	1219
0	10
1	1
0	0
0	4
0	7
0	9
0	1
0	0
0	0
0	87
0	309
1	273
0	264
0	32
19	5
2	37
0	0
0	0
0	0
0	0
0	0
0	469
0	350
5	474
12	75
0	79
2	104
1	110
0	4
6	184
0	223
0	204
1	66
0	55
0	39
3	21
67	51
0	62
3351	2578
0	2437
0	0
0	20
0	46
0	43
0	39
0	37
0	6
0	10
0	15
0	17
0	17
0	3
0	3
0	1
0	17
0	3
0	3
0	3
0	0
0	28
0	109
0	67
0	68
7	105
9	2
0	3
0	0
0	3
0	23
0	2
0	2
0	10
1	26
0	0
0	0
0	0
0	0
0	0
0	0
316	0
0	0
44	13
0	13
0	0
0	0
12	162
0	194
15	29
1	47
0	70
1	50
6	25
0	201
119	0
17	198
13	265
0	651
66	662
0	53
0	65
1	60
13	12
0	0
0	0
0	0
0	0
0	0
0	4
0	4
0	4
325	2517
1	2522
9	2385
2	247
2	344
0	0
0	10
0	7
0	7
3	10
10	160
0	48
0	89
0	97
0	67
0	60
13	89
0	162
0	16
0	99
0	86
0	94
2	52
0	39
16	585
26	585
1	126
4	125
0	114
0	99
0	62
0	60
0	0
0	0
0	0
0	0
0	0
0	0
0	0
0	0
0	0
18	7152
49	859
10	7029
0	6646
0	6840
85	80
11	3608
2	771
164	260
148	82
64	65
59	2
100	25
0	3659
443	1503
1	1490
79	0
5	1106
0	1503
0	357
5	527
0	900
2	203
0	1089
3	357
4	543
2	667
0	81
0	0
0	0
0	223
0	194
0	218
0	194
0	217
6	87
0	25
1	10
48	900
0	889
1	373
10	305
2	42
0	210
0	139
0	72
0	51
18	14
14	23
0	0
0	248
0	237
0	79
7	57
0	246
0	166
0	39
0	135
0	63
0	8
0	84
0	45
1	122
0	108
0	12
1	8
0	89
0	22
0	44
0	29
0	24
9	0
57	0
1	3
4	396
3	393
2	123
0	1749
14	1703
0	1555
13	1363
6	277
0	0
0	0
0	0
0	0
0	1
0	1
1	2
2	26
0	26
0	19
14	606
0	604
0	133
2	54
4	42
14	17
0	130
23	254
1	69
2	19
0	210
807	210
3	55
0	44
0	44
2	44
0	1
0	4
1	1
0	1
0	44
0	4235
7	284
0	298
3	494
7	284
1	470
0	206
0	3815
0	4235
0	203
1	92
1	29
0	92
8	88
8	0
18	89
7	59
0	5
0	488
0	476
0	226
0	238
0	234
0	224
1	192
1	82
0	120
0	31
1353	578
0	505
0	73
1	3
0	3
0	1
0	2
0	1
0	0
8	325
0	19
0	324
138	519
0	304
6	507
0	504
0	0
0	0
0	0
0	0
0	0
0	0
0	0
0	0
7	146
0	148
4	134
0	0
0	26
0	39
0	57
0	39
0	21
0	40
0	2
1	15
0	2
0	0
0	89
0	91
0	160
0	1340
8	1345
8	1345
1	5
0	153
0	144
1	107
4932	19848
16	2481
32	2126
18	3748
52	1306
0	8061
33	2994
59	3951
148	5388
0	2738
3	3306
0	2693
0	2758
0	2758
10	2993
0	3306
0	0
0	2785
0	2565
0	799
2	1539
0	773
19	417
6	2536
0	2649
2	482
13	167
5	301
3	178
11	46
2	294
11	225
3	2899
1	787
0	807
0	778
3	811
0	808
0	837
0	129
0	737
1	704
0	93
2	47
0	162
0	147
0	92
13	6
0	58
1	36
4	7
1	4
0	317
0	317
1	52
0	32
0	35
0	14
0	13
0	24
2	34
0	9
0	3
1	7
0	3
2	18
1	710
0	658
0	738
0	740
0	740
0	345
0	115
0	192
4	77
0	54
0	0
0	0
0	0
0	276
1	129
3	69
0	173
5	31
129	2240
6	1830
0	587
0	540
1	597
14	835
2	317
753	0
0	147
0	358
35	1433
0	1258
24	1155
0	1000
1	158
64	1109
0	129
0	28
2	55
0	0
0	32
0	39
0	26
0	31
0	37
0	38
0	39
0	36
0	39
0	35
0	23
0	13
9	2
0	13
0	5
0	0
0	1
66	30
2	30
25	16
0	4
5	2
0	123
0	5155
209	5491
0	541
0	234
10	1137
36	4943
0	782
0	862
2	437
6	1882
7	663
83	30
1	30
0	0
0	2
14	3307
14	3307
0	77
10	91
5	0
88	114
5	931
0	725
10	685
0	752
0	897
642	230
8	33
2	14
0	89
0	186
0	20
0	185
0	40
6	158
11	98
5	12
0	10
0	4
822	1469
0	425
5	492
1	679
0	595
0	1113
1	90
0	94
1	46
1	14
0	51
20	330
14	329
2	16
0	5
1	16
0	16
0	16
1	3
1037	1917
2	1696
0	687
0	396
3	261
1	18
0	18
0	10
0	0
1	12
1	283
35	283
4	12
0	63
0	3
2	474
13	267
0	550
28	189
0	247
0	130
0	98
2	9
2	131
0	123
0	15
0	25
0	40
0	28
17	11
7	0
0	0
0	4
0	5
0	5
0	4
0	5
0	0
0	5
0	0
3	4
0	0
0	799
8	866
0	223
1	52
0	116
0	769
115	860
1	59
0	122
1	12
0	859
0	88
6	197
15	4
0	4
21	37
1	32
0	74
6	137
0	179
0	85
0	73
0	33
0	189
1	55
0	170
0	25
0	43
26	14
4	23
0	21
0	39
0	4
0	5
0	36
12	3
0	3
2	3
1	18
72	5793
24	5807
95	651
5	452
0	445
0	445
0	428
0	5
0	0
0	445
14	94
2	80
0	93
0	22
0	15
0	94
23	896
11	469
5	53
11	61
3	458
0	31
0	56
0	24
0	6
3	6
59	244
0	244
6	19
0	0
0	0
0	117
3	98
0	40
11	9
0	9
0	107
0	9
0	38
0	3
0	105
0	64
2	81
0	44
0	31
0	0
0	0
0	0
0	0
0	0
218	100
0	15
1	73
3	11
0	18
18	2
0	125
0	125
0	126
0	130
0	61
1	14
0	25
4	22
15	10
4	30
0	4
235	0
183	244
4	187
6	25
0	56
0	527
25	597
4	439
15	439
0	116
3	87
163	0
4	0
0	0
0	0
0	0
11	2
0	0
0	0
0	0
0	6
0	109
3	139
6	51
0	16
7	0
0	206
0	219
0	96
3	0
0	219
0	0
0	0
4	2567
48	379
55	1368
0	2538
16	2503
8	122
0	50
1	122
5	6
0	6
31	7
0	7
1	15
1	15
0	15
0	0
0	0
0	0
0	0
0	0
2	103
0	137
19	41
1	84
3	65
16	41
30	43
22	65
0	47
0	127
0	2
4	2
535	150
1	150
1243	485
1	485
411	204
1	39
0	95
0	63
1	135
526	175
0	26
10	84
0	96
0	8
0	0
30	0
0	0
0	0
972	0
0	0
0	0
0	0
0	0
55	1639
224	1636
1	39
0	39
0	7
0	25
0	0
0	0
308	29
10	29
0	0
0	0
0	0
0	0
0	0
0	0
0	0
0	0
0	0
0	0
0	0
0	446
1	107
0	78
34	376
5	129
0	66
0	0
0	0
0	0
0	0
0	1
0	1
0	0
0	0
32	2
3	1
134	0
0	0
127	572
0	533
2	36
0	236
0	40
4	37
32	27
0	0
6	40
2	44
0	36
13	6
97	0
0	1
0	2
0	2
0	0
0	1
0	0
0	0
0	0
0	0
0	3
0	3
0	3
0	52
27	17
98	348
0	64
2	164
14	142
7	146
1	1
0	1
0	1469
12	1441
0	1467
0	201
9	115
49	834
0	42
15	50
2	32
27	38
0	33
0	0
0	0
0	0
1	61
0	74
4	72
8	67
3	108
2	99
0	74
0	32
6	7
0	10
0	14
0	0
0	0
0	0
0	0
0	0
0	0
0	0
0	0
0	192
4	185
4	188
6	195
0	33
3	33
1	8
0	5
0	193
37	3
28	2
0	2
3	0
0	0
0	0
0	3
0	3
0	3
0	0
0	0
1	26
0	5
0	37
0	37
0	0
0	37
0	28
0	13
0	0
10	4
0	3
0	2
0	0
0	0
1	239
8	412
0	381
1	306
0	896
2	76
1	23
0	25
1	444
0	386
0	901
118	0
19	487
0	58
2	459
0	119
429	35
0	35
0	0
2	0
0	47
0	17
0	142
1	143
17	78
0	13
2	41
6	15
0	15
116	0
1	149
280	169
3	169
5	3
0	0
1	3
0	64
0	21
0	21
2	0
1	623
0	81
23	637
11	89
1	26
3	96
11	69
0	146
0	140
275	225
1	72
1	196
15	101
0	199
0	179
0	19
0	36
32	757
14	705
0	411
6	141
0	48
0	0
0	0
30	99
0	34
0	58
0	17
0	9
1	50
0	22
1	14
0	18
0	1
0	85
0	33
0	76
0	31
3	4
0	0
0	0
0	0
707	0
11	0
2	265
13	316
0	283
0	282
12	269
0	138
0	121
0	131
4	405
0	1
1	1
0	35
0	388
1	34
3	0
0	421
1	11
0	1
2	84
5	0
0	431
0	43
0	43
0	7
0	15
5	1196
1	50
0	138
0	179
0	159
0	124
5	104
4	57
1	0
0	1167
0	1196
0	0
28	400
67	382
31	22
0	179
12	66
0	13
0	45
0	30
0	68
0	66
0	48
0	68
0	0
128	67
2	67
266	4
0	4
0	0
0	0
20	535
4	670
95	448
18	143
0	22
0	191
63	1697
6	74
20	50
3	30
7	15
6	1697
77	681
2	747
0	539
1	95
0	376
2	101
0	544
11	182
1	205
0	502
8	223
4	227
23	39
0	18
0	34
0	31
1	65
0	45
1	23
4	48
0	34
0	372
0	124
38	372
0	36
0	36
1	45
0	61
5	48
0	32
4	43
0	3
0	3
0	0
0	0
0	0
0	3
0	0
35	4
83	122
0	122
62	4305
3	4106
97	1993
0	543
28	2141
11	306
762	13
0	767
0	681
0	687
2	309
8	314
6	3
0	585
0	568
0	423
4	403
0	155
0	98
0	31
0	3
0	3
0	3
0	3
0	3
0	0
103	77
0	35
0	42
0	14
0	13
0	12
0	9
21	35
0	94
0	0
0	92
0	94
0	2
0	15
0	21
0	94
0	94
2	26
0	40
6	52
0	39
0	449
0	354
0	177
14	20
0	62
2	290
35	10
0	20
1	20
0	71
4	20
0	24
0	306
0	349
0	0
0	0
354	0
34	217
0	225
0	30
1	130
0	49
3	33
0	0
0	0
0	0
0	0
0	0
0	22
16	4
0	4
0	22
2	178
57	163
5	28
15	35
6	0
0	0
1554	716
3	376
3	442
0	129
19	0
1	103
0	0
1	0
0	1
0	1
0	1
0	6
3	3
2	9
0	2
0	1
0	121
76	194
0	51
8	153
0	3
0	1
0	4
0	0
0	4
0	1
0	4
83	74
0	46
0	49
1	20
0	11
0	0
0	0
8	270
0	245
0	49
18	137
0	129
0	9
0	20
0	20
0	28
1	69
0	39
0	0
3	966
0	959
0	950
5	664
0	10
4	89
0	535
0	92
3	87
10	66
0	535
0	15
0	21
0	15
561	116
0	46
1	99
1	32
1	36
4	0
0	36
0	87
0	11
0	19
1	21
0	18
0	15
1	25
0	174
0	129
0	108
2	140
0	0
0	2
8	3
0	164
0	142
0	175
0	178
0	157
0	0
2	0
1040	468
0	192
0	220
0	104
7	79
0	0
4	20
0	7
0	20
0	12
0	16
0	16
0	3
0	3
2	0
0	6
12	10
520	0
0	11
0	6
0	5
0	0
0	0
0	0
0	0
0	0
0	0
0	0
0	0
0	0
0	0
4	1
0	0
122	26
0	26
0	0
16	0
30	6215
19	84
0	531
0	201
1	48
0	91
1	127
5	70
1	89
13	167
5	6147
6	153
1	896
6	147
0	472
13	41
73	249
4	228
0	908
0	3
0	0
0	3
0	6
0	0
0	6
0	3
0	0
0	0
0	0
0	0
0	0
0	0
0	0
0	2
0	1
0	1
0	0
609	0
5	131
0	0
0	0
0	0
0	0
0	0
0	0
0	0
0	0
0	0
0	0
0	0
0	0
0	0
2	1
0	3
0	1
0	3
0	3
0	1
0	0
0	0
0	0
18	0
5	616
305	815
0	194
0	740
0	393
1	375
2	421
195	0
20	32
0	33
0	33
3	8
0	249
0	250
25	22
0	63
0	28
0	56
0	15
1	17
0	4
0	19
0	6
11	0
4	0
0	246
0	245
1	0
0	0
0	0
0	0
0	0
0	0
0	0
0	0
0	0
0	0
0	0
0	0
0	0
0	134
0	0
0	134
0	6
0	12
0	2
22	22
1	152
0	130
9	378
1	333
3	276
0	280
0	175
3	192
0	0
228	82
0	72
0	25
0	15
37	208
0	300
1	143
0	196
0	117
0	1
54	15
2	5
0	1
0	4
2	6
0	0
0	0
0	0
26	265
0	312
0	294
0	62
0	6
2	54
0	6
0	13
0	13
0	54
2	502
0	502
0	23
19	508
0	171
0	501
2	502
342	0
0	0
163	322
0	227
0	153
1	130
0	99
0	70
6	1498
6	1386
4	187
0	17
1	2
0	0
0	0
29	613
0	323
0	613
0	19
0	45
0	19
0	47
3	11
1	35
0	35
10	0
53	298
0	86
0	276
0	42
18	0
0	126
33	66
0	35
0	0
0	0
2	9
21	19
1	8
0	9
1	11
0	13
42	15
63	9
0	0
0	9
0	0
0	0
0	0
0	0
0	0
0	0
1	0
493	106
6	43
0	110
15	0
0	0
0	0
0	0
0	0
0	0
0	0
0	0
0	0
89	38
0	37
0	1
0	0
0	0
0	0
0	0
0	0
0	0
0	0
0	0
0	0
0	0
0	0
0	22
3	112
0	304
0	22
0	53
0	299
45	286
0	39
1	38
0	0
0	0
40	10
0	2
0	7
0	0
0	0
0	0
158	460
2	229
0	316
0	460
1	9
0	9
0	1
403	31
2	31
3	0
1	5
157	5
0	0
0	0
0	0
0	0
0	0
5	257
0	285
0	282
9	245
0	21
0	36
7	6
7	60
379	203
4	203
0	0
0	0
0	0
3	53
1122	314
0	123
11	27
3	24
0	87
12	28
3	18
0	492
6	496
0	63
1	0
0	0
0	0
0	0
0	0
0	0
0	0
0	0
0	1
0	1
24	0
0	0
2	0
0	0
0	0
19	479
0	25
0	12
1	441
5	1
0	29
0	31
0	62
0	159
12	92
2	94
0	210
1	126
0	99
0	130
34	119
0	0
0	4
0	1349
0	1075
1	1345
0	21
0	19
0	11
0	10
0	10
0	10
0	11
2	13
0	11
0	1
1	2
0	1
0	1
0	1
0	0
0	0
0	0
0	0
0	0
0	0
0	0
0	0
0	0
0	0
18	236
24	469
7	682
0	678
10	13
3	232
26	34
4	161
0	1570
0	1459
19	1508
17	495
6	122
0	212
16	62
0	615
0	113
2	77
1	13
8	91
76	146
2	75
1	57
0	46
0	57
210	101
0	70
0	70
0	75
0	1565
55	498
0	181
0	816
0	848
0	1588
69	26
0	26
0	573
0	145
0	300
0	129
0	214
0	554
0	73
37	77
2	143
0	123
8	90
1	79
0	60
0	41
0	41
58	41
0	0
0	0
0	0
0	0
0	0
0	0
0	1
0	5
0	5
0	1
0	3
20	489
13	853
0	794
0	422
2	369
0	259
3	245
0	1
0	60
0	0
0	0
0	0
0	0
0	0
27	36
1	71
4	241
0	234
6	241
2	242
2	46
0	74
0	0
0	0
1	0
0	0
0	0
0	0
0	0
0	0
0	0
0	3025
0	3099
0	2910
0	2768
35	2709
66	2455
19	2654
0	602
9	385
1	325
1	177
0	70
1	2930
0	0
0	0
0	0
0	0
0	0
0	0
0	187
0	189
1	187
1	129
342	2834
15	567
59	2693
0	1309
41	1457
0	71
1	97
5	41
0	142
0	33
0	26
8	1457
13	18
0	20
5	10
5	6
0	0
0	0
0	0
0	0
33	632
7	540
0	170
0	248
0	77
0	61
0	359
0	394
0	360
0	145
497	0
0	0
0	0
0	0
45	195
0	69
7	51
1	50
0	45
0	137
0	0
0	0
0	0
0	0
0	0
0	142
1	142
31	0
0	0
0	0
0	0
0	0
0	0
156	264
10	710
0	798
0	798
0	4
3	4
0	0
0	0
0	0
0	2
0	3
0	2
0	0
0	0
0	0
0	0
0	0
0	3
0	2
0	40
2	18
0	18
0	2
0	1
0	2
0	1
0	51896
0	51884
2	50753
0	7
0	7
245	0
44	154
1	154
8	24
2	17
1	18
6	16
0	0
0	0
0	0
0	0
34	2
0	2
0	0
15	5
0	4
2	1
12	93
0	93
3	91
6	32
0	0
0	248
1	38
0	109
0	206
0	166
0	110
0	63
0	27
2	57
2	17
0	8
0	10
0	0
0	0
36	123
0	65
42	73
0	0
3	435
2	431
0	177
0	287
1	21
1	43
3	22
0	34
3	3
0	0
0	0
18	0
723	127
3	118
26	0
1	40
0	79
472	0
0	0
0	1
0	0
0	0
0	0
0	0
0	0
7	0
6	1
1	383
0	189
0	0
0	383
0	383
273	289
64	269
0	36
0	44
0	16
6	85
445	141
1	42
28	133
1	149
2	30
0	1027
10	69
5	802
0	69
6	998
0	80
2	25
0	123
0	497
0	496
9	303
10	0
0	16
0	24
1	33
54	484
0	1
0	0
0	1
0	1
0	1
0	1
0	1
0	1
0	1
0	0
0	0
0	0
22	1019
0	1025
5	688
14	0
0	2
0	0
0	2
0	0
0	0
0	0
0	0
0	0
0	0
0	0
0	0
0	0
0	0
0	4
0	4
0	3
0	4
0	0
0	0
0	1
0	0
0	0
0	1
11	53
0	53
1	63
0	15
1	6
5	80
0	26
0	47
0	6
0	5
0	2
121	15
0	12
3	14
212	761
0	610
0	74
3	230
0	104
5	29
0	0
0	0
0	0
0	0
0	0
26	2066
11	2060
0	826
341	166
0	139
0	134
0	93
2	143
0	151
5	195
15	36
0	317
1	42
0	111
3	128
0	93
0	1110
0	8
0	8
0	8
2	7
0	6
2	6
0	3
0	6
1	6
0	7
0	5
4	245
2	243
2	217
0	140
0	134
48	0
10	133
18	133
0	128
0	6
9	37
3	0
18	167
0	68
33	3
0	94
4	44
4	27
46	3351
31	1162
0	1236
0	1236
0	1163
0	592
1	55
0	55
0	17
358	362
9	336
6	334
1	9
5	917
0	829
0	740
8	35
2	77
0	1
0	1
0	1
0	0
520	5541
0	667
1	706
0	538
0	602
2	62
0	122
8	109
2	59
0	29
0	0
452	75
8	38
0	37
139	105
0	40
0	191
1	191
0	63
0	86
0	81
6	78
0	51
0	53
0	17
28	25
0	15
0	12
1	5
0	4
6	6
1154	2172
259	8332
13	8325
168	1757
2	406
15	1083
45	1075
33	273
0	1808
7	852
2	402
0	1711
26	312
25	478
0	216
9	142
0	0
0	0
0	33
4	14
0	8
0	22
0	25
0	21
0	16
6	14
11	1
22	82
1	11
0	72
0	16
0	0
0	1248
1	1175
58	398
3	2
0	87
0	61
0	2
68	126
1	75
1	97
8	314
0	102
0	93
1	93
2	178
154	435
44	193
0	183
8	34
1	432
0	132
0	284
43	168
0	153
0	151
1	125
2	34
18	45
29	2
0	285
0	5
2	92
0	3
0	286
1	98
3	152
102	51
0	5
0	51
0	2
0	2
0	0
0	0
0	0
22	28
0	24
0	18
1	7
5	132
44	132
0	0
0	0
0	801
83	760
6	215
0	77
0	80
0	63
7	0
0	148
1	148
33	134
3	625
2	629
0	642
2	247
0	262
145	5147
56	1203
2	1407
195	521
0	1802
4	471
42	381
0	598
5	130
61	19
4	1593
11	86
2	241
0	3943
0	0
0	0
0	0
518	55
0	55
0	351
0	336
0	277
0	330
2	307
0	14
0	335
0	91
0	63
0	69
0	78
2	37
0	155
0	1
0	10
0	0
0	0
0	155
0	1414
7	1356
21	1363
26	647
3	1006
6	886
8	310
204	0
11	62
6	20
0	66
0	57
0	15
0	0
0	0
575	0
0	30
0	0
0	0
0	0
0	0
232	0
0	0
0	0
0	0
1	0
0	3
0	3
1	1368
8	1362
173	599
0	1209
29	369
0	1362
1	1362
0	1276
5	6
0	3
0	6
0	0
22	94
0	94
0	0
0	6
0	6
0	0
0	0
0	0
0	0
0	0
0	0
0	0
0	0
103	212
0	22
0	164
43	77
0	53
26	85
0	85
0	65
1	65
0	65
112	36
0	30
0	33
0	33
0	0
46	207
0	207
0	125
3	35
68	41
148	629
0	632
4	124
11	70
29	135
0	191
1	131
0	171
0	753
0	30
0	33
0	294
0	643
34	674
0	252
0	123
9	58
0	227
0	232
0	279
0	110
937	163
4	105
0	95
20	0
6	79
0	78
3	36
0	24
0	8
0	2
0	2
0	82
0	0
0	0
0	0
254	439
28	160
46	250
13	226
0	124
2	46
0	262
0	0
0	0
0	0
6	0
0	529
0	529
0	559
0	492
0	14
11	501
0	511
0	10
0	493
0	346
0	29
4	53
0	108
0	528
0	0
0	0
0	0
0	0
1	0
0	0
0	0
0	0
0	2
0	2
0	2
0	2
0	2
0	2
0	0
0	0
0	0
0	0
359	197
2	197
0	197
0	0
0	0
0	0
0	0
0	0
0	0
0	0
0	0
0	0
246	269
3	63
9	220
6	82
92	25
1	7
1	9
0	9
7	0
0	0
0	0
0	0
0	1100
0	707
0	139
0	51
0	22
0	51
23	1069
10	842
9	92
0	49
7	97
9	28
0	100
0	0
0	0
0	21
0	0
0	22
1	7
0	9
0	10
0	16
0	0
0	0
0	0
0	0
0	0
2	1
0	0
6	43
8	0
0	3
0	0
0	3
1	42
0	59
0	30
0	22
0	955
0	983
13	1039
0	796
0	767
7	94
12	36
9	238
1	111
80	146
0	111
0	11
0	1
0	0
0	0
0	0
0	0
0	0
0	0
0	0
5	383
17	372
0	172
1	14
33	8
0	309
418	683
1	639
1	128
7	126
7	185
13	24
0	43
20	181
10	181
0	0
0	0
0	0
0	16
0	29
0	15
0	15
0	1
0	12
0	0
0	0
0	0
0	0
0	7
0	0
0	29
9	143
1	143
0	536
3	529
0	450
12	366
8	349
0	406
0	69
1	263
9	37
0	35
0	43
19	51
35	0
2	206
0	233
0	133
11	163
0	123
2	61
9	21
250	482
0	414
0	458
18	311
0	90
0	260
10	402
0	64
0	92
0	107
1	73
239	19
77	4571
2	435
16	4557
67	99
194	166
0	160
0	140
5	108
0	44
11	31
6	3250
1	1764
8	1777
2	2928
14	1442
0	729
0	523
0	346
11	302
0	1037
2	838
0	849
43	877
8	877
6	70
2	203
11	134
0	25
0	0
9	178
1	0
0	995
6	996
86	391
0	604
0	3
0	694
0	989
0	602
0	610
1	0
0	0
0	483
0	541
6	509
0	194
60	18
0	318
88	256
0	256
0	115
3	115
3	55
0	24
12	20
1	15
8	2
6	0
32	404
5568	568
4	554
1	0
0	0
9	146
0	131
0	58
4	126
6	123
0	81
0	85
0	97
0	33
0	33
1	6
0	1
0	0
0	0
0	0
0	0
0	0
0	0
0	0
0	0
0	0
4	30
1	0
0	30
1	126
11	117
6	114
0	3
0	22
0	36
584	72
53	72
58	0
1666	223
0	223
1369	353
4	318
0	80
151	119
11	101
38	18
0	0
0	0
0	0
0	0
0	0
0	0
0	0
0	0
0	0
0	0
0	21
0	21
2	20
9	13
0	9
3	20
2	20
34	0
10	25
0	8
12	5
0	4
0	4
0	0
0	0
0	0
0	0
61	123
1	51
4	88
1	2
0	2
0	0
2	0
0	24
0	21
0	46
0	46
108	40
126	41
0	22
0	10
23	22
9	94
0	165
0	201
1	207
1	154
0	154
2	69
5	23
0	20
0	18
3	0
2126	0
2	76
2	76
0	81
4	7
7	45
0	10
11	3
0	21
0	9
0	11
0	9
0	6
1	67
25	67
0	16
1	15
0	49
0	8
1	1
6	81
4	29
0	75
2	3
1196	283
0	234
0	123
1	1494
30	533
11	1086
0	354
0	133
0	61
0	107
1	233
31	192
26	409
2	291
4	9
0	0
377	1964
14	134
2	729
0	1183
6	19
7	2
0	28
13	690
2	40
8	0
8	0
13	15
0	96
0	61
14	88
0	36
0	21
313	4
0	4
0	65
0	65
0	0
45	1091
17	1091
1	18
0	0
1	0
32	639
0	824
2	885
0	892
6	36
14	80
0	449
5	170
15	169
0	94
0	0
0	0
0	0
0	0
0	0
0	0
0	0
0	0
0	0
0	0
0	0
15	0
1	0
348	949
87	699
7	70
2	174
3	289
26	74
12	64
0	178
6	7
0	0
0	0
0	0
0	0
304	119
1	61
4	85
0	85
9	23
2	14
12	0
0	62
0	0
0	0
0	0
1	0
46	1195
0	1172
0	1188
0	849
0	953
0	960
25	69
23	55
1	187
4	51
0	104
0	22
0	1057
11	551
9	14
10	265
0	9
0	297
21	37
0	0
0	0
1	0
418	350
5	43
0	307
8	0
6	2
1	2
0	1
0	336
10	181
2	199
0	39
0	146
0	50
0	3
7	3
0	1855
0	1813
89	1141
1	20
0	20
0	20
0	1
2	0
0	0
0	124
0	55
0	10
0	114
0	14
0	7
0	57
0	29
1	10
0	278
3	246
0	181
1	128
0	128
0	119
0	47
3	61
3	56
1	69
1	51
0	39
164	3476
0	0
0	0
0	0
0	0
0	0
0	0
0	7
1	7
0	6
0	0
0	0
0	5
0	0
0	3
0	6
0	0
0	0
0	0
0	0
566	2667
256	206
2	7
3	9
2	57
1	135
7	52
0	23
0	142
24	32
0	122
0	161
0	141
0	82
0	34
0	81
0	88
0	21
0	14
0	67
0	32
0	0
0	0
0	0
0	0
288	2831
0	2862
62	872
9	586
624	230
0	230
0	0
0	2
0	2
0	2
0	2
0	2
0	2
0	2
0	2
0	2
0	2
344	57
8	22
2	20
5	22
3	0
0	0
0	435
0	446
0	234
0	188
17	0
9	145
2	17
20	143
7	116
11	90
0	0
0	29
0	27
0	0
0	5
0	1
0	1
0	1
0	0
0	0
0	4
3	1
0	4
0	0
0	4
0	0
0	0
0	5
0	4
0	0
0	4
0	5
0	5
0	0
0	0
0	0
0	0
0	0
0	0
0	0
0	0
0	0
0	1
0	1
0	0
0	0
0	0
0	5
0	0
0	0
0	0
0	0
0	0
0	0
0	1
0	1
0	1
0	1
54	567
0	4311
3	24
0	4282
0	0
0	0
0	0
0	0
461	89
1	67
1	76
2	64
0	0
0	0
0	0
121	19
6	19
0	0
0	0
0	0
0	0
0	0
0	0
0	104
0	110
0	6
0	11
0	7
2	2
0	104
0	122
3	123
0	67
0	52
0	54
0	22
0	12
0	1102
0	299
1	726
0	893
0	896
0	1192
0	954
29	334
0	837
0	1141
0	1105
0	773
15	1086
1	141
0	645
0	70
0	70
2	104
0	587
6	52
0	63
0	627
27	0
6	0
0	149
20	0
15	338
0	1134
0	1174
0	1137
0	8
0	3
0	5
0	2
0	0
0	0
0	0
0	0
4	16
0	14
0	4
0	3
0	1
0	0
0	0
0	0
0	0
0	0
0	0
0	0
0	0
0	0
0	0
0	0
0	0
0	1028
7	92
0	437
0	15
24	25
10	985
0	65
0	84
0	23
7	128
0	88
0	67
0	56
0	26
1	26
0	46
558	0
0	0
0	0
0	0
0	0
0	135
0	135
0	72
0	47
0	20
0	0
0	135
0	135
0	229
0	159
3	250
0	243
37	1
0	1
10	888
0	886
7	144
0	241
2	4
0	2
0	2
3	1185
35	978
0	1106
32	1120
6	1174
4	242
747	6304
0	6315
1	5543
45	1915
4	463
3	713
0	627
0	560
13	74
0	56
70	0
21	828
81	55
0	850
104	909
10	167
1	0
24	0
0	0
0	1
0	1
367	0
11	2
0	2
0	0
0	0
8	281
0	269
1	107
0	102
0	114
0	68
59	1085
1	936
0	68
0	76
13	54
1	102
6	72
0	163
2	38
195	559
3	563
0	5
6	0
0	240
36	487
0	52
0	294
82	475
0	0
0	0
0	0
5	1
0	0
0	0
0	1
0	0
5	36
0	8
0	26
0	6
0	4
0	26
0	167
8	42
9	59
0	211
0	207
9	161
0	58
7	30
0	30
0	30
2	86
5	77
10	65
0	445
17	453
8	16
0	20
3	318
0	330
0	331
10	0
0	318
0	289
0	290
0	290
0	291
0	112
4	0
0	18
0	56
10	38
0	0
0	0
0	0
0	0
0	0
1	1
0	730
20	54
3	45
0	16
0	6
2	0
0	6
0	4
0	0
0	4
0	11
0	42
0	4
0	28
0	22
2	4
0	23
2	1
0	0
17	11
0	9
0	210
76	261
0	211
0	221
33	196
0	133
0	40
57	25
3	11
0	11
0	11
0	6
0	7
1	5
70	31
0	12
0	19
9	0
0	0
0	1
48	5214
7	3795
6	368
0	0
0	0
0	0
0	57
1	35
1	56
0	13
14	15
4	19
0	2
10	77
0	54
0	24
0	21
0	0
0	0
0	0
0	0
1	51
0	52
0	8
0	4
0	5
334	93
1	93
0	0
0	0
0	0
0	0
0	0
0	0
0	0
15	0
0	0
0	0
0	443
1	172
0	292
2	443
0	231
0	147
0	7
0	7
0	0
0	0
0	0
0	0
0	0
29	1267
0	1224
5	502
85	559
0	615
4	101
7	227
0	211
6	115
2	95
0	38
13	1162
0	154
0	63
0	0
0	0
0	0
1	0
0	0
0	0
14	861
0	147
30	707
1	122
3	857
0	147
25	130
3	169
3	67
0	7
1	8
0	7
0	6
0	0
0	0
38	19
0	14
0	1
0	1
0	5
0	3
0	2
0	0
0	0
0	0
0	0
0	0
1	0
0	0
1	0
0	0
0	0
0	0
0	0
0	0
0	0
1	0
23	1656
0	1704
6	1619
10	363
5	210
24	622
2	370
2	67
0	249
5	232
16	123
0	7
0	12
0	0
1	0
0	0
0	0
0	0
0	0
0	0
7	13
0	13
0	3
0	2
0	0
73	48
598	48
825	136
1	15
0	121
0	1
0	1
0	1
0	1
0	0
0	0
0	0
0	0
0	0
0	0
0	0
0	18
17	0
7	101
1	246
84	263
76	195
0	82
5	18
0	32
105	11
1	0
2	0
0	0
0	0
0	0
0	0
0	116
6	55
6	55
86	57
0	0
0	12
8	13
0	12
0	0
0	2
0	3
0	1
0	0
0	0
4	138
0	1588
0	1161
137	138
1	750
51	0
42	267
0	888
0	1052
0	1114
14	132
14	27
1	132
2	44
1	753
0	178
1	145
0	96
0	83
0	200
1	28
0	662
7	75
6	45
0	45
0	0
0	345
1230	2446
39	844
16	550
30	1233
7	331
7	507
84	20
0	20
0	0
0	0
0	0
0	229
0	227
54	258
0	0
1	14
0	11
0	12
0	3
0	33
2	38
0	34
421	289
0	295
0	295
0	70
0	101
2	82
1	43
0	7
59	95
0	132
3	0
2	11
3	59
4	9
104	22
1	12
0	16
0	5
2	127
1	127
2	26
0	6
13411	80386
58	27364
5	22804
24	55794
76	30133
1	45177
58	39672
29	35921
8	396
8	396
0	356
0	157
0	0
0	0
0	0
0	0
0	0
0	0
0	0
0	0
0	0
147	441
38	72
0	402
0	58
0	14
1	236
0	401
1	11
4	77
2	139
17	57
1	112
6	133
0	133
0	36
0	0
0	65
0	128
0	46
0	0
0	0
0	0
0	0
0	0
0	0
0	0
1	28
1	0
0	0
0	0
0	0
1279	4824
10	800
3	1225
4	609
0	0
0	0
0	0
140	227
1	228
0	324
7	254
9	389
57	564
10	216
0	623
1	209
1	333
2	342
3	200
0	13
2	27
208	98
0	5
0	27
7	17
0	46
0	35
0	0
0	0
0	0
0	294
2	14
2	219
0	247
44	472
1873	594
1	121
1	162
206	42
0	30
0	12
0	19
19	0
19	1493
7	734
0	297
2	563
4	1458
0	125
0	729
6	0
0	2484
0	737
0	1136
7	0
3	2052
4	249
6	254
0	188
0	0
614	741
17	84
3	228
46	151
17	174
10	46
302	1375
0	246
6	167
1	109
0	235
4	12
0	1265
0	652
560	45
4	45
340	80
0	39
1	79
0	13
178	69
0	59
0	14
0	10
0	161
1	125
77	113
0	36
0	152
0	0
1	0
1	0
3	20
0	15
0	15
2	16
0	4
0	0
3	68
0	60
0	35
0	58
2	39
0	5
0	58
0	0
0	0
0	0
115	0
0	0
3150	5786
21	484
0	4565
3	3195
6	5530
5	4621
323	826
0	720
0	336
0	233
2	126
0	94
0	180
0	147
9	608
10	712
1	74
0	138
0	153
2	136
0	0
2	104
2	80
0	107
0	395
0	519
0	193
6	181
2	445
0	391
6	396
2	277
0	5
0	4
0	0
0	5
249	234
0	228
0	87
0	66
0	30
0	33
0	35
0	33
0	23
0	20
0	10
0	0
0	0
0	0
0	0
0	26
4	25
0	5
0	3
0	1
0	21
0	0
0	11
5	18
396	219
0	225
0	92
0	98
0	30
0	51
0	21
0	31
0	25
0	15
0	15
0	5
0	7
0	1
0	0
73	147
0	64
0	71
0	80
0	57
0	4
2	93
0	97
0	14
0	0
0	0
0	0
0	0
358	141
0	68
0	73
0	3
2	95
1035	0
0	3502
0	3500
0	3438
0	0
0	0
0	0
0	562
9	35
2	374
0	457
19	550
8	57
1	277
146	170
0	152
9	147
5	152
0	88
0	17
1	21
0	4
0	2
0	2
0	0
453	181
1	28
1203	3305
4	40
25	63
0	2908
79	0
34	41
0	222
0	151
0	3216
0	54
0	50
1	47
0	39
0	0
3	37
0	0
383	106
0	81
2	56
0	0
0	0
0	0
0	0
0	0
0	0
0	0
0	0
0	0
0	0
0	0
0	0
0	176
0	0
0	152
6	2
8	278
0	121
0	18
0	17
2	119
27	162
5	434
2	349
129	883
0	274
0	24
0	263
45	106
0	69
7	27
1	2
0	77
0	384
1	59
5	37
0	15
13	0
0	0
4	0
0	0
0	0
0	0
92	3036
0	1133
2	0
4	201
1	252
0	249
6	1905
4	197
2	330
0	287
0	161
1	290
0	363
0	287
0	0
0	0
2	1
0	0
1	0
0	0
19	3510
0	645
0	917
18	493
2	266
150	1
0	921
0	940
0	489
2	707
0	938
9	9
0	142
0	2508
1	589
0	77
0	767
0	265
0	357
2	650
0	353
0	281
0	445
0	2429
0	2340
0	874
18	2275
0	485
8	839
0	2050
0	347
2	552
3	346
0	395
0	184
0	573
2	252
1	304
0	664
0	623
1	537
0	387
0	487
0	478
0	320
1	24
0	267
0	0
0	0
0	497
0	514
4	268
2	343
2	27
3	2902
0	2943
2	862
2751	15329
34	14963
154	10426
8	3260
4	4183
1	3908
4	722
1	4104
30	5998
39	1582
43	2142
0	1
1	1
0	1
0	1
0	1
0	1
0	3
0	3
0	1
0	1
0	2
0	0
0	0
0	2
11	102
0	114
1	107
0	0
0	0
0	0
0	0
0	0
0	0
0	0
0	0
0	0
0	0
0	0
0	0
440	54
0	54
3	0
0	0
0	10
0	23
14	375
3	309
1	188
0	380
31	373
0	325
34	11
414	0
254	0
1	0
180	54
2	9
11	54
0	0
0	0
0	0
0	0
0	0
0	0
0	0
0	0
0	0
0	0
0	0
0	0
0	0
0	209
0	183
0	208
0	226
0	134
0	41
1	25
107	588
3	292
8	585
0	24
1	345
0	886
33	41
0	152
24	988
0	115
1	0
65	6
0	4
0	4
0	1
0	0
0	14
0	14
0	10
3	226
2	226
1	13
0	0
95	120
64	2
0	118
0	369
0	18
0	0
0	41
0	386
20	148
0	0
0	343
1	16
0	81
0	387
0	389
0	392
0	398
0	326
0	342
0	14
0	89
0	0
0	0
5	436
19	673
1	591
7	198
9	144
27	89
18	63
1	53
0	0
27	0
0	0
0	0
0	0
0	160
2	932
0	885
0	1729
16	1576
0	1489
27	1552
0	1385
33	1092
18	791
28	117
6	3
1	0
0	3
0	0
14	35
83	289
0	259
2	42
2	13
1	262
0	272
0	51
0	74
0	112
0	93
0	85
0	95
1	42
1	112
2	38
0	89
1	67
6	0
1	24
0	10
0	3
2	3
0	3
0	0
1	3
0	24
0	23
32	24
3	23
0	20
0	0
0	0
0	0
25	2
0	7
0	7
12	192
4	485
0	54
0	50
0	267
0	511
0	8
0	64
459	66
19	17
0	42
3	376
16	376
1236	372
7	28
0	0
233	575
2	218
0	549
0	487
0	566
0	579
0	560
4	468
34	440
0	399
2	51
35	198
49	190
0	40
0	0
0	103
0	65
0	66
0	18
0	13
5	22
1	17
4	3
5	13
0	3
0	0
0	100
1	966
167	1066
0	753
0	939
0	921
10	125
15	15
4	159
66	32
0	495
0	52
1	42
0	83
3	160
0	222
0	186
0	49
0	234
1	272
4	166
3	154
4	152
14	69
41	14
6	61
801	61
0	0
0	0
0	0
0	0
45	8
0	8
0	0
0	1
2	0
0	1
6	1
0	0
0	0
0	0
0	0
0	85
20	83
5	18
2	899
54	900
15	202
74	896
0	58
0	78
0	65
0	22
11	21
0	21
30	1299
0	1125
0	1177
8	1191
36	250
23	94
5	342
6	243
0	148
5	0
0	1
0	0
0	0
0	0
0	0
35	1071
10	821
9	1070
3	876
494	157
5	157
0	0
0	24
0	30
0	96
0	68
12	24
0	45
0	0
1	0
11	88
1	45
0	2
0	33
0	0
0	0
0	1
0	1
0	0
0	0
0	0
0	0
798	4945
13	4674
1	2801
0	239
0	1709
0	286
0	4596
0	0
0	0
427	166
1	84
4	110
677	1192
4	162
1	67
8	1132
22	1132
52	73
0	231
36	660
0	672
0	168
1	10
0	88
0	78
0	144
0	34
1	24
0	27
1	14
0	15
0	0
0	0
0	0
0	0
132	276
0	282
0	242
0	160
0	10
1	3
0	5
9	0
0	5
0	0
0	0
0	0
0	0
0	0
1	69
79	69
0	26
0	0
0	0
0	0
1	0
5	226
31	226
0	62
0	1
0	1
0	0
0	0
0	0
0	0
0	0
0	0
0	0
0	0
0	0
0	0
0	0
0	0
0	0
0	0
0	0
0	0
0	0
450	0
0	0
0	0
0	0
0	0
0	0
42	104
0	78
0	29
3	55
17	4
24	41
15	18
0	1
0	1
0	0
55	351
0	311
1	258
1	99
0	403
0	337
8	106
0	100
0	248
0	299
1	34
0	0
0	0
0	0
0	0
0	0
0	0
0	2
4	12
0	10
0	0
0	1
0	0
0	0
0	0
37	2
21	2
0	176
288	2613
0	2238
4	122
2	296
9	61
24	636
29	21
283	0
28	8
2	766
0	790
0	793
0	772
0	167
6	162
10	34
0	772
2	348
8	354
1	320
11	326
25	4
0	21
3	62
0	42
0	15
2	130
3	0
1	0
5	3
0	0
0	3
4	263
1	84
8	179
0	88
0	77
6	95
0	78
0	0
20	44
0	0
0	299
0	300
10	295
0	187
0	265
0	60
0	25
6	34
6	191
0	125
8	3
0	20
0	33
0	0
0	0
733	185
12	35
5	150
0	47
0	181
0	33
20	19
0	168
1	73
0	93
15	170
5	148
0	89
0	53
0	135
0	92
0	166
0	153
0	181
0	52
0	180
0	0
0	0
0	0
246	0
0	0
0	0
0	0
0	0
0	0
0	0
0	0
0	0
28	313
43	88
0	164
0	182
22	60
52	437
0	426
6	281
0	427
0	96
8	35
0	91
0	35
1	68
0	52
0	50
0	12
0	3
0	2
0	753
0	381
0	2779
1	3294
62	2718
4	1742
13	618
1	266
1	525
19	320
0	165
4	175
0	165
0	132
0	102
0	25
0	50
0	172
0	46
0	47
0	43
0	29
0	34
9	13
0	11
0	2
3	0
0	122
0	121
0	122
42	55
0	118
0	122
0	30
0	0
1110	146
0	147
3	1
73	0
28	354
2	173
3	251
0	60
4	158
4	204
0	116
35	55
0	21
0	0
1	28
0	3
3	0
0	6
0	3
0	3
0	540
0	509
0	540
1	472
0	540
0	102
0	268
0	268
1	41
0	74
0	147
4	84
0	30
0	2
7	63
2	5
0	56
0	56
0	29
0	24
0	19
0	1
0	472
0	168
0	1
8	171
2	146
0	70
1	58
0	148
0	144
0	161
0	139
0	67
4	13
0	23
0	50
0	36
0	44
0	28
0	17
10	17
2	5
0	16
4	0
21	349
2	243
0	64
0	349
0	16
0	11
0	15
0	0
8	0
1	512
0	521
0	511
0	216
0	202
0	142
0	126
9	47
0	87
0	88
11	34
8	27
68	10
0	0
0	0
0	0
0	0
0	0
0	0
12	4
0	4
0	0
0	51
1	51
0	43
0	12
0	19
0	43
1	501
0	486
0	282
16	61
0	17
0	1
0	1
0	1
0	1
0	1
0	1
0	1
26	683
0	797
0	728
1	133
5	104
0	14
1	13
0	9
0	8
0	12
0	12
0	12
1	10
0	12
0	12
0	10
0	12
0	11
0	0
0	0
32	0
1	352
0	716
4	105
11	179
0	459
0	0
10	211
0	602
0	710
0	0
0	0
1	3
14	210
0	140
0	209
0	113
0	98
6	208
0	104
0	80
0	33
0	20
0	14
0	21
0	0
0	167
0	180
10	149
2	28
290	525
1	64
0	0
0	11
8	30
0	531
30	260
0	0
0	0
0	0
0	0
0	10
3	10
0	0
0	9
0	10
3	12
9	6
0	3
0	0
0	0
0	0
0	0
0	126
4	479
6	415
6	254
202	28
0	28
0	0
0	0
0	0
18	59
3	7
0	7
0	62
0	604
0	613
15	400
4	398
0	99
0	0
0	0
0	0
0	0
25	43
0	43
0	43
0	30
0	0
1	136
2	62
0	74
3	87
106	136
0	0
21	489
7	450
1	115
0	34
150	249
0	248
4	18
19	384
288	1835
2	287
72	1729
0	921
11	899
59	802
0	0
0	41
2	40
0	41
0	5
0	25
0	0
0	0
318	2377
0	1978
0	2270
0	1871
0	1664
0	906
0	774
7	1194
9	335
0	747
0	83
51	0
0	0
0	0
0	0
0	0
0	0
0	0
0	0
17	1
13	10
0	1
0	1
0	2
0	8
379	1275
2	1275
0	225
1	0
0	0
23	266
0	147
0	273
0	250
0	225
0	62
2	119
0	63
2	90
0	72
0	36
0	42
0	30
0	30
0	2
0	2
0	1
0	0
0	1
1	485
13	476
0	121
15	220
1	154
0	138
1	0
1	125
12	17
0	30
12	133
0	4
0	4
0	1
0	1
0	0
0	0
17	75
0	77
1	66
1	15
0	16
0	0
0	0
1377	40
30	40
0	0
0	0
0	0
0	0
0	0
0	0
129	246
0	242
0	126
0	0
0	0
0	20
0	20
0	5
0	2
0	2
0	4
69	6
371	63
12	57
0	0
0	0
0	0
0	0
0	0
0	0
0	0
0	0
0	0
0	0
0	0
0	0
0	0
0	0
0	0
0	0
0	0
0	0
0	0
0	0
0	0
0	0
0	0
0	0
0	0
0	0
0	0
0	0
0	0
0	0
0	0
0	0
0	0
0	0
0	0
0	0
0	0
0	0
0	0
0	0
0	0
0	0
0	0
0	0
0	0
0	0
0	0
0	0
0	0
0	0
0	104
1	11
0	23
18	23
1	99
0	97
1	17
14	217
0	210
0	195
3	212
0	139
1	5
78	1087
11	220
0	1067
0	393
0	411
14	348
0	558
5	81
0	8
0	410
0	27
0	0
0	0
0	0
0	0
0	0
0	0
0	0
0	0
0	0
0	0
0	1
0	7
0	6
0	4
0	67
53	67
31	20
0	20
45	0
704	239
0	220
1	44
0	203
0	1
3	53
0	46
342	435
16	223
0	197
3	77
32	175
0	175
110	0
0	0
6	3851
51	2953
301	5
82	3120
2	3076
5	3832
0	2821
5	3103
11	1934
14	227
0	39
2	7
0	39
0	30
0	39
1	3
0	0
0	16
0	0
1	0
0	2
0	0
0	0
0	0
0	0
0	0
0	0
0	0
0	0
0	0
0	0
0	0
0	0
0	0
1434	81
63	45
109	36
0	0
2	46
1	46
0	7
0	16
8	3
42	0
244	379
0	306
16	989
41	309
1	833
0	671
0	50
14	5
10	0
1	5
0	44
1227	426
9	207
6	217
4	2
57	934
1805	1235
4	229
2	271
6	301
20	75
0	0
0	0
0	0
1	0
0	0
0	0
0	0
5	1380
0	601
12	1282
0	63
0	134
12	386
87	892
103	912
111	319
0	287
0	25
0	74
2	59
3	135
0	0
5	0
0	5
0	1
10	16
850	53
0	53
0	1
0	0
1245	1496
2	385
0	513
52	721
3	150
1	193
9	372
8	260
2	147
0	78
1	89
5	18
28	2
0	2
0	1
2	1
0	93
0	91
2	90
0	15
1	92
0	97
1	98
0	17
4	21
3	21
0	24
0	1
2	19
1	30
0	2
0	4
18	4
18	104
36	170
0	50
0	106
12	112
0	0
0	0
485	133
9	133
0	47
134	13
3	13
39	254
0	227
0	91
3	26
0	0
86	0
398	255
2	236
4	19
0	3
0	3
0	0
0	0
0	0
0	0
0	0
0	0
2	237
0	243
1	243
0	202
5	24
0	34
0	29
0	975
0	1095
20	1095
0	83
0	681
0	668
0	232
0	338
5	58
0	206
0	25
0	64
1	53
19	97
0	645
0	744
0	0
10	1272
0	1240
0	18
0	171
5	120
0	152
4	169
0	98
2	446
0	202
0	148
0	171
0	72
2	178
0	0
0	0
0	0
0	24
0	1
0	24
0	24
0	112
2	112
8	15
644	15
7	14
0	0
0	0
0	0
0	0
0	0
0	0
0	0
2	139
0	85
120	377
1	128
2	69
0	322
0	0
463	348
0	68
0	155
3	97
1	41
3	10
0	0
0	0
0	0
0	0
3	4
0	0
0	0
0	0
0	7
2	3
0	0
0	1
43	0
0	7
0	0
0	0
0	0
0	29
50	90
1	23
0	75
0	1
2	25
2	11
0	25
0	0
0	11
2	1
0	5
0	6
2	0
0	7
0	3
0	0
0	0
0	0
0	3
0	3
0	0
0	0
0	1
0	0
0	0
0	0
0	0
0	0
0	0
0	0
8	132
0	131
0	90
0	57
0	22
0	0
79	880
0	880
12	189
18	142
0	0
32	142
0	0
0	0
9	482
8	70
8	3
0	530
0	79
2	530
4	207
0	207
0	205
1	71
0	9
0	0
0	0
3252	800
0	51
0	176
3	26
13	556
0	465
2	112
21	9
356	532
1	12
79	14
0	18
0	528
0	688
0	167
0	123
0	123
0	699
0	126
0	185
0	29
0	59
45	146
0	142
1	75
0	97
0	64
1	8
0	4
26	252
0	949
2	321
0	104
0	955
0	772
0	0
0	0
0	0
111	155
51	23
0	133
16	315
0	315
0	98
0	84
0	27
27	19
0	9
3	6
23	9
1	9
197	720
0	732
1	441
2	29
68	77
4	56
0	70
1	56
0	71
0	16
0	3
0	2
0	4
0	2
0	2
0	4
0	4
74	9676
0	9807
28	9700
2	73
9	154
12	665
26	1728
35	467
71	0
14	4552
0	5136
7	3784
0	4711
1	5261
82	4561
22	3843
64	5091
20	2036
45	134
0	0
0	0
0	0
0	0
0	0
0	0
46	1579
2	5987
11	678
0	6023
0	1954
5	1962
0	6020
0	5997
0	31
0	17
8	132
4	38
0	123
0	21
0	4
0	142
1041	522
4	205
0	186
4	146
49	115
64	75
140	0
0	1
0	0
0	1
0	1
0	25
0	17
3616	205
101	164
0	41
0	0
0	0
90	84
1	13
8	118
0	38
24	28
254	29
2	12
0	21
0	0
0	0
92	8
24	8
0	7
2	119
0	43
1	43
0	43
0	40
0	22
0	15
42	0
0	0
0	0
480	0
5	45
0	19
0	256
2	237
0	22
1	40
1	4
5	154
3	19
2	15
0	30
1	95
0	7
2	37
0	9
3	13
2	19
17	1022
0	372
38	630
0	763
8	440
7	192
15	50
3	341
49	1072
26	1071
0	172
18	72
0	4553
2	32
143	5
0	4553
0	137
0	91
0	71
0	30
270	630
40	25
12	93
16	0
0	374
0	247
3	308
6	20
0	26
9	4
0	522
0	533
0	207
0	33
0	36
9	532
4	286
0	521
0	532
0	81
0	26
0	61
0	15
5	62
0	533
0	533
0	0
0	0
0	0
20	12
1	1
0	1
0	1
0	12
0	0
1	6
149	395
30	395
34	0
0	0
2	21
2	11
0	13
0	10
0	2
130	5288
26	5224
0	342
3	154
17	146
0	325
8	2052
6	2050
0	220
29	60
0	1650
3	87
64	579
0	293
0	155
13	482
0	329
4	468
20	455
2	60
0	89
0	340
0	75
103	144
0	35
1	64
0	82
0	47
2	45
1	32
0	13
0	762
0	752
1	748
0	29
0	0
0	2
2	763
124	0
0	348
4	331
1	61
19	162
0	34
877	300
16	85
49	0
3	181
0	198
1	178
3	84
2	23
1	2
2	11
22	11
6	21
0	7
0	6
0	200
0	1166
1	1165
0	208
0	205
0	205
0	198
0	139
9	100
0	86
1	89
2	83
0	63
0	39
0	24
0	1165
2	0
0	0
0	0
0	0
0	0
0	0
7	262
0	262
0	51
0	0
0	0
0	8525
0	274
0	250
0	115
0	17
0	16
3	5
0	273
0	273
0	0
2	136
6	136
0	134
4	14
1	63
0	63
0	63
15	0
15	48
3	50
0	16
0	21
4	11
161	1941
0	1369
13	1099
0	1045
0	837
0	724
1	734
0	693
0	692
0	466
7	632
0	631
0	293
1	1
0	1
0	1
0	0
0	0
1148	565
15	565
1955	0
0	0
17	3473
61	481
1	247
0	2569
0	3219
23	2858
7	2219
5	363
0	0
2	4
0	1
0	1
0	0
5	0
0	4
0	0
190	5
0	5
0	0
33	58
0	58
0	45
0	49
0	47
0	19
1	19
113	90
4	3
0	67
4	41
0	57
9	50
3	54
2	164
0	148
1	36
5	0
125	0
0	134
42	3532
6	1147
6	2212
79	2453
0	3532
4	846
0	46
23	13
1	236
0	236
2	50
0	21
0	24
0	0
0	0
0	0
0	0
0	0
1	64
0	44
0	8
0	41
0	18
0	4
8	39
0	52
3	26
0	46
0	10
0	16
0	15
0	56
6	666
0	658
0	358
0	682
49	286
52	337
0	585
0	429
0	560
8	331
0	645
0	603
0	667
1	54
0	423
3	654
0	608
0	387
0	39
0	53
1	98
0	104
4	57
0	71
0	67
0	31
0	16
0	18
0	15
3	237
0	282
8	295
0	259
0	44
0	41
0	56
0	0
0	0
3	0
0	0
65	0
0	0
0	0
21	101
3	52
5	49
0	0
0	0
0	0
0	0
0	1173
0	1206
0	1238
31	534
2	62
19	134
8	140
1	65
0	1205
0	1237
148	0
39	0
492	0
429	173
2	173
23	4
0	2
0	3
1	2
311	149
26	53
53	95
3	44
0	25
2	17
5	13
381	0
0	5
0	5
0	0
0	3
0	0
0	1
0	14
0	14
0	12
0	10
0	12
0	4
0	0
0	2
0	4
0	2
0	1
0	0
0	2
0	12
1	149
0	3
0	18
0	142
0	119
0	114
8	7
9	22
7	0
0	10
1	478
0	37
0	493
5	60
16	144
3	10
0	62
25	0
89	256
20	529
128	977
2	222
7	96
0	46
14	94
0	359
0	64
130	554
0	554
1	13
0	21
0	3
9	12
1	301
0	125
11	294
268	136
5	53
0	1060
0	1060
1	300
0	351
1	1078
3	296
0	145
1	69
0	137
2	594
3	206
0	0
0	0
0	0
0	0
0	0
0	0
0	0
7	32
1	22
1	6
0	16
0	5
112	3
0	3
0	164
0	683
0	686
0	692
1	344
70	691
0	53
0	415
46	150
17	0
0	0
1	0
0	27
0	28
0	31
0	8
20	29
0	28
0	27
0	26
0	30
0	30
0	29
0	30
0	26
0	28
0	2
0	10
0	1
0	1
233	1220
22	689
8	147
14	147
16	32
0	669
71	568
0	150
2	121
0	1
0	1
0	1
2	0
0	0
0	0
0	0
0	0
0	0
0	0
0	2
0	2
0	1
0	2
0	1
42	234
0	30
0	179
2	36
0	150
141	848
15	105
0	70
0	60
11	779
42	9
0	9
2	7
0	4
50	11
0	9
0	11
0	2
0	0
0	0
0	0
0	0
0	0
0	0
0	0
0	0
0	0
0	0
0	0
0	0
0	0
0	61
7	61
0	0
0	0
0	0
0	0
0	2
0	1
0	52
0	1
7	34
0	3
5	66
0	1
0	4
4	3
0	7
24	24
1	16
0	0
458	65
3	65
25	39
0	0
0	0
0	0
0	0
0	0
0	0
1	0
0	0
3	0
0	8
0	21
0	21
0	21
0	6
0	1
2	8
0	7
0	6
0	0
4	1403
0	1330
0	1299
0	1162
9	1126
24	2
74	121
0	225
2	402
99	16
0	542
324	320
1	219
0	166
3	96
21	56
0	75
0	29
0	5
0	77
0	150
0	69
26	149
0	75
0	65
3	150
0	0
0	0
0	0
0	0
1	0
0	0
0	0
0	0
0	313
31	211
0	22
0	298
0	40
5	40
1	60
904	216
9	67
0	220
24	0
9	14
0	9
2	2
57	448
0	401
3	177
0	86
19	136
0	0
0	0
0	0
0	0
0	0
0	0
0	0
375	793
10	775
5	91
8	102
47	793
0	0
0	0
13	1162
0	1743
0	489
0	460
0	640
5	256
10	51
14	2
0	2
0	111
2	110
1	101
0	110
0	0
0	0
0	0
201	353
93	324
2	53
0	0
3	35
0	23
0	26
43	2
0	181
1	8
0	49
0	40
0	59
4	8
0	180
0	55
0	18
0	180
396	1055
53	1077
4	460
3	505
3	45
1	127
0	71
0	0
0	0
0	0
0	0
0	0
0	0
0	0
0	0
0	0
0	0
0	0
0	0
0	0
0	0
0	0
1	1
0	1
0	0
0	0
0	0
0	0
0	0
0	0
0	0
0	0
160	0
4	0
0	0
0	0
0	0
0	0
0	0
0	0
144	284
56	241
1	39
0	75
0	0
0	0
0	0
0	0
0	206
13	75
0	180
0	180
0	0
0	0
114	272
0	263
0	89
0	98
0	55
2	64
0	43
0	43
0	21
0	18
0	10
0	12
0	12
1	4
5	3195
18	2988
37	2
41	10
12	3093
0	3111
11	1030
6	34
3	25
0	3172
0	104
0	104
0	105
0	105
0	10
0	120
0	119
0	0
0	0
0	0
3498	1451
0	1445
270	511
0	323
0	552
0	49
51	22
0	404
0	68
2	531
16	46
2	151
0	135
0	150
0	2
0	0
0	0
0	15
0	21
1	8
0	20
1	5959
226	6057
70	240
2	108
44	1101
9	296
8	246
80	112
1	31
1	112
4	9
0	2
0	0
0	0
0	0
0	0
0	0
98	213
2	201
0	23
8	6
72	252
3	247
0	70
2	6
0	19
0	880
0	1051
3	767
0	0
7	11081
12	11081
37	5831
0	4
0	1
0	332
0	0
1	3827
0	3148
31	3746
0	713
8	723
15	197
0	179
1	302
1	175
14	40
0	62
36	0
4	49
5	0
1	258
11	258
0	100
1	69
0	110
4	35
0	13
1	883
3	435
1	547
2	79
0	101
4	900
486	0
2	2080
28	1967
1	2185
0	900
0	1089
0	490
2	1000
32	0
62	139
22	139
0	1337
1	1371
0	195
0	313
7	352
2	210
8	40
2	1311
0	12
151	417
1	365
0	52
4723	17217
65	17217
19	1961
77	2795
27	1386
54	1105
3	723
0	640
16	532
0	193
138	0
8	0
4	0
658	39
11	39
0	0
0	0
0	0
0	0
0	0
772	195
18	195
0	1
0	85
0	71
0	22
0	114
0	91
0	51
0	99
0	51
0	48
0	37
0	40
0	62
0	14
0	86
0	62
0	38
0	67
4	3
0	109
0	57
0	74
0	51
0	50
0	48
0	29
0	47
0	27
0	58
0	25
0	43
0	65
0	35
0	2
0	67
165	180
0	174
5	84
1	2872
0	529
0	2481
0	44
1	2082
6	2457
10	7
0	487
0	1178
0	2785
25	0
0	7
77	142
1	142
1	0
27	0
361	59
13	59
3	0
0	0
0	0
0	36
0	36
0	11
0	4
0	7
0	0
2	10
0	1
0	6
0	1
0	2
0	5
0	6
0	36
11	0
0	0
0	345
0	660
1	301
0	477
1	121
3	73
0	184
2	47
3	106
0	125
0	41
0	87
3	26
0	0
0	0
0	0
0	0
0	0
0	0
0	0
0	0
0	71
0	17
0	18
0	0
0	44
0	27
1	0
0	1067
0	1129
0	1122
1	1140
0	73
0	104
7	1056
0	1075
0	1092
2	1140
3	128
4	91
5	80
28	236
0	100
0	159
0	30
0	60
0	76
0	26
1	31
14	13
0	4
0	0
0	1
0	1092
80	550
1	135
4	66
2	93
0	390
0	370
10	28
8	110
1	283
2	24
48	1
25	47
4	100
66	61
0	85
0	31
0	29
12	5
424	815
2	815
12	30
0	24
0	10
0	14
0	24
0	0
0	0
7	0
305	316
3	231
8	104
0	139
2	55
5	86
0	0
0	0
0	0
3	227
0	222
0	50
0	4
4	155
6	41
0	93
0	3075
0	3150
0	3083
0	2942
0	224
0	228
2	88
0	235
4	157
0	240
1	132
0	264
0	139
0	124
0	3150
24	313
0	45
0	308
0	306
54	0
3619	1290
10	58
0	58
0	47
0	4
0	4
0	29
1086	423
0	324
0	205
28	0
0	74
0	0
0	1
0	1
0	1
0	0
0	0
0	0
0	0
0	0
0	0
0	0
0	0
0	69
1	277
0	30
0	103
0	291
0	52
2	69
0	68
6	38
0	82
0	7
0	7
0	5
0	0
0	0
0	0
0	0
0	0
0	0
0	61
6	120
3	130
0	5
0	63
0	122
0	120
0	68
0	0
33	133
18	0
4	132
0	130
0	127
0	118
0	35
0	106
0	95
0	96
0	14
0	94
0	0
0	0
0	9
0	7
0	0
0	12
0	12
0	12
10	12
0	49
0	6
0	11
2	51
0	7
0	45
2	47
0	7
0	2
0	26
0	307
17	307
1	63
0	106
0	307
0	14
0	14
0	8
0	14
0	0
0	0
0	0
0	0
0	0
0	0
0	0
1099	56
1	56
0	20
0	1
0	1
0	0
149	96
0	58
1	38
0	0
0	2
0	0
0	0
0	0
0	0
0	2
0	0
0	0
0	0
0	0
0	0
0	0
0	0
0	0
615	510
0	226
0	127
7	325
4	228
8	24
0	6
7	642
0	356
88	10
0	636
302	316
7	211
0	280
3	26
0	0
0	0
23	30
0	0
0	0
0	0
0	297
1	297
3	297
0	0
0	0
0	0
0	0
0	0
0	0
0	0
9	321
2	309
1	29
23	22
0	13
10	25
0	9
5	0
0	25
18	31
0	13
1	12
0	26
2	5
15	707
0	819
1	22
2	829
0	10
0	14
0	5
0	1
0	0
0	0
0	0
0	0
0	0
0	0
0	0
0	0
0	0
0	699
0	811
0	209
0	232
0	58
0	810
0	0
0	0
2	0
0	0
0	1
0	1
44	0
0	114
0	34
0	171
0	139
0	12
0	1
1	0
0	4
0	13
0	3
2	39
3	67
0	59
0	1
11	4
2	27
0	27
0	25
0	24
0	7
2	4
0	3
0	3
4	0
2	6
0	8
13	5
0	2
2	42
3	42
0	42
0	0
40	104
13	2016
7	2038
15	2239
12	111
0	222
2	185
0	641
10	200
19	1258
41	2248
58	35
0	29
0	6
0	0
0	0
0	0
0	0
0	0
0	0
0	0
16	734
2	328
9	399
0	611
8	98
2	55
0	98
2	0
0	378
7	379
2	294
0	144
0	160
0	147
0	2
59	2
0	0
0	0
0	0
0	0
0	0
0	0
0	2
0	0
0	2
0	2
0	2
0	0
0	0
0	0
0	1
0	1
0	2
1	294
17	295
4	45
2	20
7	40
0	3
0	1
0	0
0	0
0	0
0	0
368	27
0	2
0	27
0	27
4	711
0	343
0	248
2	400
18	736
23	50
4	255
7	0
0	229
0	284
0	0
10	550
20	540
2	103
6	35
5	178
1	172
0	39
0	41
0	41
0	3
0	2
0	0
212	0
0	0
0	1
0	0
0	0
0	1
0	0
0	0
0	7
68	387
2	35
0	380
0	142
0	382
0	20
0	181
0	62
0	39
0	109
0	42
1	5
2	31
0	0
0	0
0	0
0	0
0	0
0	0
0	0
0	0
0	0
0	0
1	311
0	298
0	270
10	28
0	34
0	59
29	346
0	309
0	304
0	341
53	254
0	52
0	103
4	93
0	27
0	70
0	71
0	2
0	0
0	2
2	0
0	0
0	0
80	537
22	520
0	283
16	348
1	227
0	192
0	0
8	514
0	531
5	200
0	470
0	0
0	0
0	58
3	6
0	0
0	0
0	52
0	12
0	0
45	222
0	218
0	191
0	34
0	16
0	0
5	62
305	998
0	995
5	1916
91	6050
4	1276
7	31
9	1032
0	1275
11	1313
0	1182
1	273
1	214
15	0
7	43
0	6434
0	6
1	1
0	6
0	0
0	0
0	0
16	10
0	10
0	2
0	5090
440	163
0	163
3	243
0	433
13	456
0	434
0	482
1	257
0	3
0	3
0	1
0	0
10	0
17	454
7	451
0	443
1	284
2	269
26	8
0	247
9	50
1	0
0	54
2	4
54	365
2	165
0	164
0	183
0	107
0	64
0	78
0	74
0	24
0	0
0	0
0	347
8	41
1	24
0	187
12	0
0	130
26	3
1	18
0	347
0	255
0	159
10	164
3	113
0	255
0	159
0	11
0	0
1	0
0	3
0	4
0	3
0	3
0	2
0	1
0	0
0	0
0	0
0	0
0	0
0	0
0	0
1002	164
0	82
0	74
4	56
0	7
0	6
0	7
0	7
0	7
1	2
0	3
0	0
4	112
227	118
0	36
59	32
4	11
0	4
150	89
0	99
37	99
0	19
1	52
0	17
0	53
0	25
0	48
0	12
0	1
0	7
0	9
0	50
0	5537
0	5486
0	5678
0	5659
0	5353
0	5529
0	5589
0	5475
0	5670
0	4611
0	5762
0	5689
0	5575
0	5759
0	5464
0	5686
0	5689
0	5762
0	5585
0	5477
0	5518
13	5339
1	5739
0	823
0	822
0	614
1	68
5	56
0	5411
0	5619
0	0
0	0
0	2
0	2
1	18
0	18
0	17
0	16
0	0
99	16
0	16
0	8
1	5
5	208
48	231
0	23
0	0
0	4
0	2
0	4
0	0
0	2
0	0
0	0
0	0
0	0
1	0
630	279
0	233
1	106
0	79
0	16
30	0
0	60
0	169
0	152
0	1
0	1
3	1
1	190
0	190
7	145
7	153
7	2631
180	2631
11	240
15	0
85	107
1	0
0	107
35	59
0	44
1	8
2	24
1	24
0	0
0	0
0	0
0	0
0	0
3	10
0	10
0	102
0	0
0	131
0	611
0	612
0	34
0	137
0	219
0	603
0	218
0	168
6	112
77	601
0	84
0	42
0	65
0	170
0	180
4	158
0	576
0	136
0	190
3	180
10	93
0	20
0	79
4	81
7	154
3	139
3	25
0	80
0	61
0	70
3	3
0	16
4	10
2	20
0	17
0	0
0	0
60	0
0	0
87	3
0	3
0	4
0	5
1	5
0	0
0	0
0	0
0	0
0	0
0	0
0	0
0	0
0	0
0	0
0	0
188	322
0	311
0	167
2	66
0	34
2	5
0	2
2	62
0	6
0	0
0	4
0	58
0	4
4	60
2	56
0	3
0	5
0	2
0	13
10	1234
0	1259
0	249
1	144
11	321
2	118
17	111
31	548
0	549
7	82
0	138
0	73
6	86
0	228
3	231
3	95
67	51
0	33
0	16
2	39
2	27
0	27
0	17
95	187
0	12
0	187
0	184
15	12
69	410
30	432
1	119
5	26
2	49
1	49
0	27
1	24
0	9
0	22
0	1
0	4
0	1
0	4
0	4
0	4
0	4
0	4
0	4
0	0
0	0
1	4
0	4
0	0
0	0
0	0
0	1
0	0
0	0
0	2
1646	2047
15	177
2	182
2	635
3	323
1	315
24	211
0	502
0	364
3	0
429	334
0	253
0	253
0	253
0	268
17	0
0	57
0	56
2	131
0	123
0	131
0	190
0	91
0	0
0	22
0	0
170	83
5	77
4	22
1	0
0	0
0	0
0	3
0	3
0	3
0	3
0	0
0	2
0	5
0	5
0	3
0	2
0	1
0	0
0	0
932	4574
11	1871
3	3125
0	3415
1	97
10	155
0	911
580	231
6	230
0	77
2	342
8	342
43	352
2	300
2	56
0	54
0	54
0	72
0	3
0	5
2	5
0	3
0	3
0	5
0	3
0	2
0	0
0	0
0	6
2	6
0	19
0	0
5	22
0	0
0	1
0	2
0	0
0	310
1	294
6	309
10	38
1	22
0	316
0	28
0	27
0	49
5	36
4	0
0	3
0	3
1	0
0	0
0	0
0	0
0	0
0	0
0	0
0	0
0	0
0	0
0	0
0	0
0	0
0	0
0	0
0	0
0	0
1	0
0	0
0	0
0	0
0	87
1	87
0	1
0	0
0	0
0	16
0	190
0	241
0	228
0	219
2	5
2	9
0	11
0	218
2	10
0	0
1	45
0	50
1	44
1094	0
68	95
3	95
0	95
0	17
0	17
1	13
0	0
0	679
2	679
0	679
1	679
0	679
2	679
0	679
0	162
0	156
0	159
0	91
2	6
8	24
0	0
2	343
0	12
5	343
0	496
0	25
0	482
0	480
0	22
0	9
17	5
0	39
0	53
2	90
1	892
0	815
0	71
19	892
0	0
0	0
0	0
0	0
0	0
0	1
0	1
0	1
0	0
0	487
0	480
39	580
1	587
0	100
0	86
8	63
9	10
0	0
0	0
0	0
0	0
159	1928
0	1893
3	467
0	655
1	1032
0	457
3	500
0	0
0	0
0	0
4	2
0	2
87	8
2	8
2	0
87	48
0	48
0	41
2	40
0	12
0	0
0	0
0	0
0	0
0	0
0	0
0	36
0	20
0	35
3	36
0	5
0	3
0	1
0	35
0	4
0	3
0	0
0	0
6	32
7	32
1	2
0	5
0	0
282	168
7	29
16	76
8	89
1	0
0	0
0	0
0	0
0	0
0	0
0	0
0	0
0	0
0	0
0	0
0	0
0	0
0	0
0	0
0	0
0	0
0	0
0	0
0	0
20	0
1	0
0	0
0	0
0	0
0	0
0	0
0	0
0	0
0	0
0	0
0	0
71	305
10	877
0	7
1	53
16	723
2	150
0	0
0	0
0	0
0	0
40	4749
0	469
9	465
1	289
3	207
6	208
4	352
0	301
0	161
0	124
0	34
0	176
0	94
18	100
2	125
21	134
0	109
3	32
1	320
0	0
0	320
6	99
0	0
1	3
0	3
0	3
0	3
0	9
31	320
0	265
0	35
1	16
5	49
0	2
0	2
1	3
0	1
0	2
0	2
0	2
0	2
0	2
0	2
0	2
0	1
0	0
0	3
0	0
3915	3191
0	41
2	1943
4	1343
0	0
0	0
6	0
1	1544
0	332
0	853
5	511
0	721
1	1362
0	80
0	89
0	106
0	97
0	113
10	103
0	103
0	30
0	29
0	2450
5	2242
0	1629
5	185
1	964
3	1003
0	287
0	101
558	0
6	755
0	766
0	220
1	334
0	344
2	89
0	175
92	165
6	6
0	0
1	3
0	6
0	5
0	1
0	1
0	1
3	4
0	4
0	0
0	0
0	0
0	0
0	0
0	306
2	307
1	312
0	326
71	1267
0	2068
0	111
0	2079
0	1975
995	0
0	0
0	0
0	16
0	241
0	110
2	226
0	227
0	206
0	41
0	25
0	25
0	251
32	2
22	47
0	6
0	50
0	23
0	34
1	2
0	2
0	0
0	0
0	0
0	0
0	0
0	0
0	0
0	0
0	1706
17	48
3	509
16	631
0	1546
0	1623
0	1680
0	1561
0	1662
11	629
2	0
2	77
10	40
0	0
0	0
75	385
8	386
0	25
3	1
50	6
1	8
0	21
0	39
0	75
20	71
32	262
0	262
19	252
0	21
0	0
0	30
0	26
0	9
1	5
0	0
0	137
18	118
0	73
0	90
0	19
0	37
0	0
0	0
0	0
0	0
0	0
0	0
0	0
14	633
0	616
2	193
2	78
2	91
0	4
0	11
0	11
0	0
0	0
0	3
0	3
0	0
2	2
0	2
0	0
0	0
0	0
0	0
0	0
0	0
0	3
0	0
0	0
96	77
3	20
0	58
2	0
0	0
0	0
0	0
66	280
0	199
0	170
0	199
8	30
15	113
3	77
0	36
0	26
191	774
0	228
22	311
2	219
1	252
24	0
0	226
2	240
0	1
0	1
2	1
0	0
0	0
0	0
0	0
0	0
9	28
0	28
0	28
11	39
0	36
0	0
0	0
0	0
0	0
0	0
0	0
0	0
0	1720
5	1605
3	31
0	983
5	864
1	321
0	519
0	531
0	518
0	516
0	375
0	127
1	323
0	260
0	35
0	141
0	139
0	46
0	33
0	34
0	5
0	3
0	14
0	15
27	11
0	323
81	97
0	38
1	12
1	97
0	24
0	6
0	11
19	0
3	0
1	0
0	6
4	7
0	0
0	1
0	1
0	0
0	0
4	1
3	3
4	1
0	3
1	3
1	0
0	0
123	0
94	97
0	75
0	21
1	73
0	73
0	55
1	12
3	10
0	2
0	0
0	20
0	20
0	11
0	20
0	0
0	0
0	0
0	0
0	0
306	396
29	396
0	180
0	83
5	288
0	221
4	198
0	173
10	89
0	0
0	0
0	0
0	0
0	0
0	0
0	0
0	0
2133	7409
5	5534
1	1046
0	1229
4	4354
0	92
0	93
0	91
0	94
0	0
0	95
4	6630
0	5540
0	4154
20	6585
13	2471
0	2920
29	3106
5	1628
0	2143
4	3425
0	6630
0	0
14	1762
10	1763
3	16
6	111
0	17
0	17
9	0
0	201
0	210
0	189
0	144
0	180
0	183
233	210
0	178
0	155
0	180
0	64
0	64
6	32
0	21
0	10
0	4
4	2
0	2
0	0
1	0
1244	426
15	267
0	198
0	430
7	106
0	132
0	11
9	107
6	10
0	20
0	13
0	127
3	21
0	32
0	48
1	18
0	142
0	142
0	127
0	3
0	0
24	0
0	0
2	329
4	200
38	320
0	111
4	251
5	207
43	34
0	5
1	15
7	30
0	5
3	0
0	0
9	63
0	63
0	23
0	4
0	8
0	2
0	6
0	1
0	0
0	0
0	63
5	89
0	75
0	79
13	6
0	24
43	452
18	444
35	106
10	887
0	895
0	153
0	104
1	746
7	34
35	40
0	55
26	12
0	0
0	0
0	0
0	0
0	0
0	0
0	140
0	126
0	17
0	7
1	170
549	390
5	44
0	82
3	94
15	289
0	297
0	300
5	299
0	245
0	262
0	256
0	12
4863	118
1037	0
339	91
0	19
0	76
0	86
0	74
30	276
1	281
16	36
266	138
0	138
3	0
0	258
11	263
5	5
0	35
3	12
0	0
276	0
784	0
0	0
2	1
0	10
5	9
0	4
0	5
0	1
0	2
10	38
30	39
6	3
0	9
0	10
0	13
81	2026
0	2060
1	2097
1	2106
6	671
3	67
0	0
4	143
0	143
0	0
0	0
67	3
0	3
3	186
0	717
9	325
2	314
3	397
15	11
382	132
0	17
0	51
0	34
0	49
0	22
0	18
0	478
0	473
0	61
0	126
9	39
0	46
0	12
0	11
0	14
0	478
0	1256
59	0
6	403
0	317
0	1215
0	1236
0	81
0	125
0	94
0	124
0	43
0	43
3	84
1	588
0	586
8	719
0	98
0	698
43	219
1	123
1	170
2	0
3	165
2	34
0	706
0	0
0	0
186	331
0	129
10	3
4	0
1	202
0	4
0	4
0	4
0	1
0	3
0	0
0	0
0	0
0	0
0	0
0	51
5	43
0	40
3	6
0	58
0	47
0	42
0	0
1	0
224	1137
5	43
0	5
0	0
11	1100
0	662
0	24
3	75
1	919
0	15
0	74
4	61
1	26
0	111
0	1099
0	58
0	53
0	23
0	14
263	253
0	180
0	150
8	4
0	24
0	86
0	83
3	45
25	0
0	89
21	0
0	321
7	2744
0	253
0	135
0	58
0	231
0	188
0	175
0	277
0	281
0	311
0	197
12	98
0	75
0	133
0	315
0	81
3	310
0	191
0	308
0	310
0	270
0	274
0	116
7	27
1	59
34	29
1	0
0	18
0	18
0	17
12	21
0	5
1	76
1	16
0	69
0	66
1	32
0	29
0	54
0	27
0	66
0	59
0	0
0	57
0	27
0	7
0	30
1	21
0	10
988	104
7	104
26	71
0	13
2	13
0	0
0	1213
3	32
67	20
0	52
0	1278
0	66
6	293
3	304
0	253
0	73
8	432
1	1
0	1
0	0
0	0
0	1
0	0
18	720
1	19
5	550
14	642
0	75
2	312
0	288
0	32
0	169
0	0
0	0
0	117
0	46
106	590
32	5
0	659
0	690
0	696
0	0
0	0
1438	270
4	270
0	0
0	0
0	0
0	0
0	0
1	0
0	753
0	715
0	232
1	90
0	115
0	98
5	84
1	34
0	41
1	0
5	294
2	191
2	245
0	82
1	0
0	13
0	13
0	1
124	2148
0	364
96	196
50	1810
0	372
0	336
0	87
2	148
0	0
0	0
0	86
1	84
0	105
0	141
2	140
0	136
0	136
0	93
0	98
0	86
1	3
5	1
14	81
8	4
3	5
10	17
0	16
0	0
0	223
13	223
0	28
0	463
0	457
7	453
0	12
0	40
0	91
0	19
4	109
1	74
0	242
1	605
22	633
2	20
0	523
4	29
1	45
2	91
1	39
0	105
0	158
0	83
2	44
0	147
2	66
0	125
0	13
1	56
1	164
15	236
4	360
0	79
0	93
0	5
0	68
0	224
0	103
3	98
0	170
0	114
4	50
0	7
0	2
0	2
0	0
0	391
356	417
2	404
0	388
0	0
0	0
0	0
0	0
21	74
0	66
25	82
0	11
0	11
0	7
0	6
0	3
4	1
11	6
0	5
0	4
21	72
0	72
976	30
0	0
0	0
0	0
0	0
0	0
19	2
2	2
1	0
0	0
4	6
0	1
0	3
0	6
0	7
0	7
0	2
0	5
0	6
0	4
0	3
1	1
0	7
6	137
56	71
161	106
27	343
809	367
0	134
1	8
140	535
7	1
0	138
0	149
0	165
6	53
0	215
7	0
2	120
3	18
0	26
0	129
0	209
0	301
0	141
0	63
1	167
0	229
1	39
0	248
0	49
44	85
0	67
5	33
0	0
0	0
0	0
0	0
0	244
7	2
0	89
6	236
0	174
1	0
0	67
7	1312
0	1373
23	1244
0	621
1	60
0	289
0	255
0	70
3	1373
0	0
0	0
428	0
0	14
21	642
0	56
0	110
0	637
0	642
0	0
0	0
0	0
0	0
0	0
0	0
0	0
0	0
0	0
0	0
0	1
0	1
0	1
0	1
0	0
3	122
0	78
291	39
0	51
105	42
0	4
118	65
0	59
0	11
0	12
2	6
4	12
0	20
0	124
0	130
3	321
1	295
0	44
0	34
1	16
4	141
0	281
0	0
0	0
0	0
0	0
0	0
0	159
36	159
25	76
1	0
5	0
0	9
0	17
0	8
1	6
0	10
0	16
0	4
0	0
0	0
0	141
0	139
0	0
0	0
0	0
0	13
0	49
0	524
4	494
0	85
0	362
0	456
0	49
0	0
0	270
0	279
11	210
0	221
0	143
0	63
1	43
6	12
0	6
0	2
26	24
1	20
1	5
0	0
0	99
1	25
0	14
0	84
1	23
0	1048
11	23
0	150
0	791
3	188
0	124
1	184
0	154
0	20
0	179
0	963
0	136
0	88
0	279
0	1045
0	84
0	112
10	191
1	121
0	963
0	524
17	80
12	93
0	478
11	79
0	210
0	201
0	485
0	500
0	509
0	0
12	5
0	3
0	5
0	2
0	0
0	0
0	0
0	8
17	134
0	16
0	118
0	0
0	0
0	0
0	0
0	11
0	5
0	2
0	2
0	2456
3	2458
12	2393
0	2070
2	704
20	347
8	463
6	312
0	176
0	313
0	304
23	1330
2	272
3	445
13	147
0	25
0	25
0	20
0	2
0	0
2	615
1170	1166
13	177
3	469
0	79
0	329
0	704
16	763
0	231
0	0
0	0
0	0
0	0
0	185
0	201
12	192
0	196
0	174
1	138
4	29
0	31
0	38
0	8
2	18
0	11
0	130
0	0
0	0
0	0
0	0
0	0
0	0
0	0
0	0
0	0
0	0
0	0
0	0
0	0
0	0
0	0
0	0
0	0
0	0
0	0
0	0
0	0
0	0
0	0
0	0
0	0
0	0
0	0
0	0
0	0
0	0
0	0
0	0
0	0
0	0
0	288
0	216
0	254
14	347
7	146
22	381
10	109
7	108
0	234
0	0
0	0
0	0
0	0
9	40
0	40
0	36
0	33
0	21
0	8
0	17
0	14
7	15
0	9
0	14
0	36
153	34
11	34
0	0
18	0
0	151
4	148
0	117
58	0
0	1
1	1
0	1
0	0
0	0
0	12
2	0
0	2
0	12
0	0
0	0
396	0
9	598
0	602
1	254
20	99
0	44
27	0
0	15
1	53
0	0
0	0
0	0
0	0
0	0
0	47
0	55
8	15
14	0
0	47
0	0
0	7
0	9
0	10
0	5
0	5
0	7
0	6
0	7
0	8
0	6
150	23
9	23
0	23
0	264
0	246
0	14
0	0
5	950
3	1302
308	572
8	546
0	675
0	676
4	929
18	37
0	732
24	38
1	186
0	185
0	28
3	191
7	34
0	173
0	21
0	16
0	42
0	83
4	22
0	31
0	0
4	25
0	25
1	25
1	2
0	2
0	2
0	2
0	2
0	2
0	2
0	2
0	2
0	2
0	0
0	0
0	0
0	0
0	0
0	0
0	0
0	0
18	3265
0	322
0	261
59	104
3	359
0	388
77	190
65	38
0	3265
0	0
0	0
0	0
0	66
0	3
0	3
0	3
0	3
0	0
0	59
0	59
0	177
0	73
903	173
1	168
0	111
0	0
0	0
0	0
0	0
0	0
417	217
1	24
8	119
10	76
17	35
0	0
0	0
0	420
0	162
0	55
0	95
4	60
70	420
19	0
2	9
1	10
0	10
0	10
0	4
379	149
37	148
5	74
0	14
2	15
0	0
0	0
0	42
0	195
8	37
2	170
0	195
0	0
1	0
0	0
0	0
0	0
0	14
0	5
56	0
0	0
0	133
0	122
2	34
0	45
0	12
0	121
0	48
0	0
0	0
22	32
1	47
0	16
0	30
0	321
10	321
0	170
0	13
0	46
0	31
0	128
0	229
5	0
345	390
0	388
0	298
3	345
0	212
2	1
0	1
32	0
0	68
0	9
4	29
0	68
0	140
1	75
0	137
1	21
0	32
1	7
6	9
1	2
1	0
0	0
0	293
0	283
4	176
13	79
0	221
0	232
0	76
2	164
78	437
10	378
1	425
29	311
0	308
0	100
0	73
62	86
0	55
14	5
0	90
0	88
0	91
0	88
0	54
0	54
0	65
0	18
3	0
0	2
0	2
0	1
0	1
0	0
0	0
0	0
0	0
0	2
20	461
1	458
3	3
0	5
0	5
0	5
1	5
0	375
0	355
6	319
0	4
16	38
5	95
0	3
0	0
1	3
450	0
18	238
0	258
35	910
2	21
0	322
0	61
8	37
0	884
304	1138
63	1103
0	806
17	750
4	437
0	415
0	19
0	19
0	0
0	1
0	1
0	1
0	1
1	1
0	163
0	19
0	41
13	22
0	152
10	43
0	18
0	161
293	115
5	93
1	23
9	316
0	308
0	316
0	73
0	56
0	179
0	302
3	35
4	9
0	67
12	161
7	49
0	1
467	19362
0	9268
0	30470
7	30632
0	19749
0	8003
8	11706
0	8156
0	6698
3	3223
0	19
23	78
0	30470
0	10
0	10
0	7
0	1
0	0
0	0
0	0
0	0
0	0
101	790
8	725
66	730
0	19
441	207
1	187
0	18
1	1
13	23
2	20
58	475
2	46
13	456
3	274
3	40
26	80
3	351
4	79
0	325
0	307
0	189
0	160
41	75
763	66
0	14
16	21
2	31
341	316
0	110
14	0
33	21
0	167
0	49
3	127
0	159
0	10
0	10
1	10
0	0
0	0
0	0
0	0
0	0
0	0
0	0
0	1
0	1
0	0
0	36
1	36
1	0
0	25
13	1
0	1
0	80
0	9
0	80
958	920
3	385
0	71
0	85
0	2
182	97
0	1
0	1
0	0
0	0
0	0
0	0
0	0
0	1
32	0
0	0
0	0
0	124
0	122
25	105
0	119
2	123
0	112
24	103
4	5
0	17
0	33
3	3
0	2
0	2
0	1
12	166
0	32
0	35
92	0
0	0
0	0
0	122
91	163
4	121
18	42
0	141
0	0
77	281
10	25
4	328
0	257
29	202
0	23
2	0
7	358
0	10
0	321
1	326
0	20
0	346
1	0
0	0
2	0
4	268
759	403
0	209
2	245
0	0
43	19
0	14
1	5
2204	1617
7	596
60	1021
0	0
0	0
0	0
0	0
0	0
0	0
0	0
0	0
0	352
0	104
0	284
0	257
7	49
0	17
0	127
1	21
0	85
0	37
0	61
0	51
4	95
482	51
0	41
0	1718
0	1717
0	1677
0	1090
1	954
1	839
6	604
0	189
0	126
0	55
21	101
0	65
0	25
0	1717
0	0
0	0
0	0
0	0
0	0
0	0
0	0
0	0
0	0
1	0
0	0
0	0
0	0
11	830
0	818
0	827
0	836
5	472
15	332
1	261
0	37
1	238
1	228
0	219
0	76
0	26
6	42
0	42
0	8
0	10
0	0
7	697
1	92
6	199
3	700
0	168
13	0
10	0
9	154
15	2041
0	667
0	1126
0	1074
76	1880
2	580
8	1186
24	661
0	583
8	174
0	35
134	4506
10	4467
0	2820
3	0
0	0
0	0
0	0
0	4
0	0
5	25
0	26
0	25
0	10
1	16
0	6
4	7
0	2
26	712
17	712
0	551
0	58
50	123
2	87
5	37
0	6
0	6
1	0
0	0
0	0
0	0
0	0
0	0
10	104
0	443
0	430
13	446
0	417
0	433
18	23
0	56
0	0
0	0
0	0
0	0
0	0
918	1611
5	614
0	675
2	859
0	342
0	35
0	31
0	7
0	32
0	35
0	5
0	28
0	32
0	32
0	17
1	19
0	32
0	17
4	17
0	6
1	0
0	9
0	8
0	152
5	985
17	985
0	12
0	86
1	966
0	0
0	0
1	1
0	1
2	205
35	4
4	44
19	59
0	200
0	188
0	142
0	34
0	81
0	40
0	0
0	0
0	0
0	0
2	62
0	135
45	104
0	55
0	44
0	47
9	67
3	142
0	46
0	51
0	10
0	48
0	274
1	426
0	88
4	88
1	8
0	25
2	172
29	192
1	29
1	1
1	5
0	0
0	0
344	569
3	569
402	3890
137	1
0	3373
0	3502
6	908
5	632
0	397
0	478
2	144
4	478
0	815
171	1233
0	597
3	723
0	744
0	1288
0	1268
0	0
0	0
679	202
7	119
2	61
0	84
0	11
0	673
42	2052
151	1801
1	1690
7	281
22	1459
1	426
301	324
0	452
3	424
0	4
0	0
2	94
0	155
0	111
0	26
0	7
0	5
0	4
0	6
1	0
0	2
0	0
0	104
16	10
0	5
0	8
1	0
151	0
0	0
0	2
0	1
0	1
0	1
0	1
0	0
0	0
0	1
0	1
0	1
0	1
0	1
0	1
0	1
0	0
0	0
0	2
0	2
0	2
0	0
4277	1333
5	185
2	1148
0	0
0	1332
2	227
0	534
38	1340
58	2148
7	1862
4617	4540
0	380
0	534
25	483
4	1132
2	467
0	467
0	119
7	18
96	132
1	104
0	136
3	14
0	396
0	17
0	0
0	0
0	479
0	388
0	256
710	479
0	0
0	343
5	223
4	14
0	72
38	103
1	23
0	38
2	38
0	29
14	22
0	3
0	0
0	0
0	0
0	0
14	76
0	66
0	77
33	40
0	0
0	7
0	0
7	373
0	376
0	116
1	337
0	126
22	0
0	0
0	0
0	0
0	0
0	0
0	0
848	0
0	0
0	869
42	5292
14	397
4	4965
0	4893
0	2868
27	2666
31	1249
1	1222
0	0
12	152
0	103
19	132
1	149
0	47
0	10
24	101
0	0
0	5
0	0
0	0
0	1
0	5
0	1
2	51
0	48
0	41
0	0
4	60
0	768
18	822
6	67
0	1322
11	1308
0	360
0	346
0	3
0	2
0	3
0	3
0	1
0	3
0	3
0	1
0	0
0	0
0	2
0	1
0	2
0	1
0	0
0	0
0	1
0	2
0	7
46	7
15	0
3	0
1494	640
0	636
3	549
67	15
2	15
0	0
0	0
0	0
0	0
0	0
0	0
0	0
0	0
0	0
1348	4520
14	1418
4	404
30	555
3	454
0	896
136	3898
0	0
0	1
0	0
0	1
271	157
0	88
7	105
0	39
6	37
11	10
2	13
38	3
1	0
0	0
3	271
0	17
0	13
0	248
2	207
4	119
0	253
0	64
0	117
0	0
0	0
0	0
0	0
0	0
0	0
0	0
0	0
528	108
0	102
7	28
0	6
0	6
6	28
2	10
0	7
3	6
0	7
42	4
4	2
0	0
0	141
66	1110
3	147
0	139
14	88
71	710
1	77
10	142
9	675
8	536
15	175
43	0
277	724
51	724
13	16
20	5
1	278
0	2
0	2
0	0
0	0
0	2
0	0
0	0
5	2
0	2
0	300
0	304
2	113
3	208
0	61
7	71
0	275
0	287
0	33
0	9
0	9
10	5
1	2
0	5
2	4
0	7
0	0
0	15
0	38
0	10
0	3
1	13
0	4
0	34
39	62
8	26
1	3
0	64
38	1
0	12
242	2539
69	2537
1	656
4	432
14	423
24	117
0	1318
0	1312
0	1257
0	823
4	534
0	209
0	232
11	196
0	185
3	55
0	1312
0	1312
0	0
0	0
1	0
0	0
0	0
1	0
0	0
0	0
0	0
0	0
1	27
0	120
0	40
1	8
0	12
9	87
0	0
0	0
0	41
0	38
0	40
0	38
1	3
0	8
0	2
0	0
481	164
0	5
0	18
36	64
0	17
0	59
0	6
0	84
3	488
45	194
0	172
0	163
0	491
24	1
0	1
42	206
1	139
0	37
2	67
0	61
0	3
42	2
0	0
0	0
0	0
344	279
6	121
0	91
3	165
2	99
1	1
1	11
75	338
0	337
4	220
42	222
1	38
9	126
0	68
0	75
70	17
1	32
0	43
0	6
4	6
104	0
4	29
1	6
1	8
84	3
1	16
1	42
0	0
0	0
0	0
0	69
4	0
15	763
24	227
0	743
0	16
0	64
5	30
0	46
0	65
0	219
0	112
0	96
0	104
0	93
0	68
1	34
0	16
0	26
0	26
0	34
0	23
1	10
0	0
0	0
1	0
6	0
5	181
7	181
3	144
7	163
7	60
2	616
23	616
1	275
20	0
2	62
45	0
23	0
950	485
74	485
42	54
0	43
0	100
19	8
1	2
0	2
0	4
757	138
3	15
8	25
0	106
0	15
1	15
0	10
0	1
0	1
0	15
0	0
40	4
0	4
0	3038
0	1697
27	1639
2	3038
0	250
3	984
11	2212
0	304
0	190
290	0
437	0
1043	123
100	277
0	32
0	6
0	201
0	96
9	29
7	273
4	274
0	0
7	0
0	0
0	0
0	0
0	0
2	0
0	0
0	0
0	0
0	0
0	0
9	0
0	2
6610	18109
48	6900
0	8607
49	3188
124	2939
99	2923
1	2814
17	533
3	3544
41	666
38	4124
0	0
0	0
0	333
0	270
4	341
0	270
9	168
0	168
63	325
4	64
4	31
0	14
2	9
5	32
2	13
86	54
0	34
15	20
0	0
72	160
11	102
127	33
2	126
0	82
11	10
3	71
1522	150
3	150
0	5
0	5
0	6
0	7
0	6
0	3
0	3
0	4
0	6
0	4
0	6
0	6
0	6
0	6
0	7
0	3
0	0
301	1444
2	1427
75	86
0	101
15	79
10	45
0	79
0	73
13	42
0	49
2	8
53	2
0	32
0	32
0	0
5	74
1	82
0	69
9	80
0	43
6	119
0	633
372	676
51	78
0	291
0	255
0	344
0	343
0	346
0	346
0	401
0	350
0	345
1	335
0	279
2	265
0	92
0	97
0	47
167	34
1	14
0	6
0	12
0	10
0	6
0	12
3	12
0	147
17	80
3	130
0	145
3	0
1	3
5	115
0	35
0	101
1	20
1	11
0	11
60	0
0	0
0	0
0	0
0	0
0	0
0	0
0	16
0	16
1	6
1	3
0	0
14	895
4	1209
0	1453
5	243
0	811
0	830
1	191
1	89
0	186
0	86
1	274
3	34
9	2
0	268
0	2
0	19
0	16
0	6
1	5
0	0
0	0
0	3
0	3
0	0
0	2
0	0
0	0
0	238
0	210
0	4
0	169
0	23
24	81
2	15
0	0
25	64
7	3
0	19
0	17
0	0
0	209
0	8
0	8
0	1
0	0
0	2
0	0
0	2
0	0
0	0
0	0
0	0
0	1
0	1
0	0
0	1
0	0
0	0
0	0
0	0
0	217
25	232
0	217
0	231
0	133
1	49
0	60
0	87
3	40
23	136
7	7
1	52
0	4392
14	7427
233	7430
0	436
5	7370
0	0
12	184
0	779
151	820
10	43
0	31
0	818
0	0
0	0
0	0
0	0
0	0
71	155
42	128
1	139
2	53
18	4
0	2
21	22
32	20
15	3
0	0
0	0
860	825
1	182
0	116
0	81
30	446
43	456
0	370
0	0
0	0
0	1
0	108
0	69
0	29
0	6
1	0
0	0
0	0
6	88
0	89
3	88
7	36
0	76
496	0
11	359
761	359
43	7
0	1
0	1
0	1
0	5
0	5
0	0
0	0
0	0
0	0
0	0
0	0
0	0
0	0
0	88
0	112
0	107
1	109
1	66
18	25
0	108
51	99
7	0
22	48
0	53
1	62
0	1469
35	1376
0	334
0	533
5	110
1	32
0	318
9	181
77	67
0	141
2	38
152	27
2	27
1	0
47	56
0	56
0	0
0	0
2585	7777
1	7679
4	7684
14	3030
0	2042
21	836
0	129
0	98
3	14
2	2
0	2
0	0
0	0
0	0
0	3
684	407
8	95
0	188
0	5
21	72
1	250
825	0
28	75
0	62
2	25
0	16
0	10
28	7
0	0
2	5
0	5
0	0
0	0
208	0
0	0
0	0
0	6
375	58
0	58
0	2
0	2
0	2
0	0
0	4
268	352
1	23
0	61
16	213
0	317
0	27
2	14
47	106
63	106
0	0
0	0
0	0
0	0
0	0
0	0
0	0
0	0
0	0
3	419
1	412
0	66
2	93
10	46
0	13
0	0
0	0
0	0
0	0
1	0
1	0
0	0
0	0
0	0
0	0
0	0
0	0
1	458
0	461
0	429
0	22
0	24
0	35
23	15
0	42
19	38
9	236
0	62
0	71
0	58
21	100
0	58
0	65
0	122
3	120
0	67
0	82
0	46
0	35
0	31
0	43
0	5
0	0
0	0
0	0
0	0
0	0
0	0
0	0
0	0
0	0
0	0
0	0
0	0
0	0
0	0
0	455
0	712
3	464
2	714
2	23
3	316
0	337
0	124
32	43
0	42
1	25
4	20
0	15
0	14
0	2
0	0
0	0
0	14
1	4
0	13
0	0
0	121
0	120
0	12
0	5
77	166
6	151
0	16
72	15
11	3
0	6
0	1011
42	992
18	203
0	472
245	93
0	82
0	38
1	11
3	232
3	202
3	183
0	42
2	22
11	51
0	6
8	0
16	11
6	221
0	15
3	15
0	74
0	22
0	74
0	0
0	5
0	5
0	0
0	0
0	0
15	73
0	2
0	73
1	16
0	14
0	13
0	13
0	12
0	2
0	4
0	4
0	0
0	0
0	238
0	0
0	234
0	24
3	7
0	7
0	58
0	6
3	0
0	239
0	1
0	8
0	5
1	79
0	184
4	46
0	33
0	674
0	674
21	128
0	126
10	58
2	95
0	13
0	73
0	37
15	0
0	14
0	0
0	0
0	0
0	0
3213	0
0	14
0	16
2	12
0	9
0	4
0	1
0	0
2	0
9	30
0	20
0	3
0	11
0	4
0	6
1	3
0	1
0	1
0	0
0	0
0	1
0	0
0	0
0	0
0	171
0	165
9	44
0	154
0	38
2	433
2	1110
24	111
0	500
0	1117
0	92
5	20
0	228
1	228
1	173
0	72
0	4
0	221
0	80
13	17
1	186
0	1113
0	0
0	0
0	6
0	6
0	6
275	509
110	588
157	178
0	161
0	509
0	127
1	68
1	1
24	1
2	105
0	109
0	19
0	74
0	93
99	120
0	15
1	120
1	23
15	43
0	0
0	0
0	0
0	0
0	0
0	0
8	473
0	312
0	396
2	248
4	0
0	38
0	432
0	0
0	0
1	7
4	44
0	45
1	44
0	21
1	7
6	7
0	2
0	9
0	0
314	33
3	33
0	0
0	0
0	0
0	0
0	0
0	0
0	0
0	0
5	235
305	235
0	8
0	100
0	100
1	62
0	56
2	6
0	12
0	2
0	2
0	1
0	0
5	0
0	0
0	0
0	0
0	0
0	0
0	0
0	0
0	0
0	0
0	0
0	12
0	10
0	10
0	15
0	8
0	1
2	8
0	15
0	8
1	4
0	0
0	4
0	2
0	11
0	0
0	0
0	0
0	3
0	0
0	0
0	2
0	7
18	0
986	0
0	2
0	1
0	2
0	24
2	13
0	15
0	15
0	25
0	2
0	9
0	16
0	9
0	3
1	3
0	1
1	1
2	469
28	458
2	448
0	57
183	0
0	0
2	195
6	202
2	7
661	2405
10	2414
0	2390
0	2324
0	2323
0	260
0	2216
0	235
3	188
3	186
1813	1209
0	1079
83	1088
25	232
139	667
38	251
2	18
0	0
0	18
0	4
2	30
0	30
0	10
0	12
0	29
0	8
0	8
1	5
0	3
0	3
0	3
0	1
1	0
590	265
0	232
7	41
6	79
1962	0
0	0
0	0
0	0
0	0
0	0
0	0
0	0
0	0
0	0
0	0
0	0
0	1
0	1
124	836
164	81
0	81
0	0
0	0
0	0
39	0
21	0
44	21
2	21
6	0
0	62
0	41
4	25
0	0
0	13
9	6
1	6
0	1
0	6
0	6
0	6
0	6
0	6
0	6
0	6
0	0
0	0
0	0
0	6
0	6
0	6
0	5
0	1
0	0
0	0
0	5
0	5
0	5
0	0
0	0
0	3
0	5
0	56
37	161
0	26
4	1
0	129
0	13
1	19
0	42
0	48
0	32
2	58
7	39
1	21
0	194
0	189
0	176
0	210
0	185
0	37
0	40
19	15
0	207
0	79
0	189
0	4
1	143
0	42
1	64
442	34
1	34
27	106
0	105
0	63
0	11
0	29
0	13
0	415
0	44
0	415
19	34
0	34
36	32
0	0
1	0
3111	1028
8	168
9	914
2	4
6	126
1	126
0	0
0	43
5	30
0	29
2	14
12	138
2	138
0	62
125	47
0	47
3	0
1	0
0	1
0	1
0	1
0	0
0	0
0	1
0	145
3	192
0	192
0	85
0	43
14	64
0	61
0	50
0	18
0	0
0	0
0	0
0	0
0	0
0	0
0	0
0	0
0	0
0	0
0	0
0	0
0	469
0	466
28	3
5	201
1	473
0	305
1	300
0	0
2	15
57	15
0	0
0	2
0	0
0	2
0	0
0	1
0	2
0	2
0	1
0	1
52	299
0	289
7	220
20	153
594	929
2	866
0	125
0	87
3	174
3	187
4	187
1	22
225	1037
502	1057
3	1011
0	1012
1	1018
0	1020
0	1018
0	1017
307	35
4	1
0	1
30	39
0	14
1	6
0	40
0	447
2	26
2	300
21	414
0	325
0	74
1	17
0	95
15	23
2	311
5	55
0	58
0	87
2	68
89	0
21	1585
6	1564
0	406
0	187
9	28
0	0
0	0
0	0
0	0
0	0
0	0
0	0
0	0
0	0
0	0
0	0
0	0
207	277
0	123
0	154
3	28
1	17
0	35
0	5
0	27
0	16
0	25
0	22
838	479
0	171
0	462
2	105
82	166
0	166
4	50
10	32
274	322
1	78
0	21
1	16
22	1
1	321
7	3
0	2
0	0
0	2
0	2
0	1
0	365
3	154
0	41
2	15
0	365
22	51
0	51
6	4
390	6526
3	559
27	1659
16	4734
14	727
67	42
49	1817
4	23
3	22
0	21
0	0
0	0
0	0
0	0
0	0
0	0
68	1357
2	725
0	241
1	439
0	1132
0	290
0	93
0	251
1	489
1	169
836	0
6	0
0	0
0	0
0	0
0	0
0	0
0	0
0	0
0	0
15	744
0	84
6	179
3	8
0	42
0	14
0	725
0	736
0	215
0	70
0	362
2	146
4	112
0	661
12	187
1	184
0	56
2	24
0	38
0	27
0	7
0	4
0	9
0	0
330	678
0	439
0	274
0	179
4	671
0	140
0	385
16	0
0	0
0	0
0	0
282	63
17	12
0	51
0	0
0	0
0	0
0	0
0	0
8	0
0	0
0	0
51	5
0	5
0	1
0	1
21	0
0	1
0	1
0	1
0	1
0	1096
81	951
2	931
0	267
0	281
0	158
0	39
6	12
0	3
0	6
0	10
0	0
4	1
0	2
0	0
0	4
0	4
0	4
0	4
0	3
2641	274
0	254
68	20
6	20
0	20
0	19
0	3
0	2
0	298
313	6
1	6
0	16
0	54
2	514
0	542
0	169
8	15
1	256
0	540
0	148
121	406
1	54
0	61
0	406
1	396
7	444
0	448
0	318
0	15
0	69
4	52
1	121
408	121
3	60
0	0
0	0
1	303
0	306
0	302
0	305
0	256
0	180
0	27
0	26
0	23
0	17
0	8
6	6
0	5
0	306
0	0
0	0
0	0
335	210
0	60
5	199
1	23
12	5
79	0
0	87
0	200
7	1451
0	1528
0	1322
5	258
4	79
43	625
55	46
46	151
5	14
0	1
0	1
0	16
0	16
0	2
0	14
0	10
0	1
0	8
0	16
9	3208
10	3494
0	816
0	78
1	894
5	673
0	624
10	446
4	1284
22	101
2	761
0	0
0	0
1	5
0	2
0	2
991	0
0	0
30	248
0	95
0	3
0	3
0	3
0	3
0	3
0	3
0	3
0	3
0	1
0	0
0	1
0	0
0	1
0	1
0	0
0	0
0	1
0	0
248	836
422	0
0	0
0	0
0	0
0	0
0	0
0	0
1	207
0	186
0	167
0	6
0	5
0	143
0	8
1	16
1	120
1	26
1	66
0	0
0	0
0	0
2	181
0	220
0	244
0	115
2	104
5	26
0	3
0	0
0	0
0	17
3	13
0	4
2	0
23	496
0	487
0	470
0	435
14	325
0	0
0	0
0	0
0	0
0	0
26	186
15	186
5	905
1	470
0	70
5	104
12	719
0	58
0	76
6	18
0	9
0	9
0	3
0	3
0	3
0	0
0	0
0	0
0	0
0	0
0	0
0	0
0	0
0	0
0	0
0	13
1	13
0	0
0	3
0	2
4565	148
4	145
0	0
0	307
3	307
2	84
0	38
0	11
0	294
1	0
25	0
0	21
0	6
5	19
0	53
2	32
0	19
3	13
0	39
1	0
0	2
18	63
0	58
0	3
0	43
0	0
0	0
0	0
0	6
12	83
83	114
6	10
12	0
0	88
1	22
0	0
2	363
16	217
0	49
7	258
0	49
1	32
0	2
0	0
0	0
0	2
0	0
766	155
22	155
2	0
0	15
0	16
0	309
0	321
0	320
0	325
1	6
0	13
0	13
1	5
0	69
0	0
0	199
1	40
0	51
0	18
0	54
2	32
0	457
0	87
0	1
0	652
0	487
0	415
0	0
0	12
0	0
1	12
0	3
0	1
189	21
0	21
0	0
0	0
0	0
0	0
0	0
0	0
0	0
0	0
0	0
5	1679
1	632
245	867
35	1706
0	31
0	1680
0	0
0	0
0	0
0	0
0	0
582	0
0	0
0	0
0	0
0	0
0	0
0	0
0	0
0	48
10	1
9	40
0	48
3	9
785	0
1083	988
0	5
9	87
5	240
0	872
14	89
21	27
88	186
1	155
0	157
0	30
2	151
0	119
0	45
0	81
0	40
8	0
0	0
0	385
21	199
0	180
138	380
1	346
0	1
0	2
0	2
0	1
0	1
1	0
0	0
0	0
0	129
0	503
0	389
134	503
0	436
0	89
6	39
7	28
47	273
37	0
0	7
0	9
8	261
12	71
2	31
0	57
0	38
12	45
111	40
0	0
1	183
0	195
0	124
0	25
2	115
0	42
0	93
0	31
0	30
0	3
11	88
0	7
4	61
11	16
0	16
0	16
0	4
0	4
1627	0
111	902
0	893
0	878
0	544
0	624
0	925
0	427
1	86
1	204
0	193
4	378
3	179
0	320
0	350
1	43
3	80
54	770
1	682
6	192
6	186
53	234
69	213
0	135
0	131
8	162
0	138
0	139
0	151
0	59
0	91
0	27
4	6
44	0
0	0
15	541
1	296
0	248
38	4
12	18
2	57
0	269
0	0
1	272
0	23
1	247
0	274
0	17
1	15
1	42
0	20
0	265
0	237
0	244
0	244
0	229
9	242
1	64
1	225
1	24
0	110
0	21
0	0
0	0
0	0
0	0
0	0
0	49
0	34
0	16
0	3
0	14
24	25
0	0
0	0
0	0
0	0
208	157
3	64
1	0
0	93
0	0
0	0
4	337
0	334
0	282
3	199
0	79
0	6
0	13
0	97
0	89
0	6
2	48
0	92
0	87
0	48
0	57
0	10
0	21
104	319
16	312
0	123
0	57
3	37
1	59
0	0
0	0
0	0
354	0
0	0
0	0
129	4453
10	4439
5	2413
6	744
0	0
0	0
0	0
8	521
14	520
1	8
0	62
77	162
0	1
0	0
0	0
0	0
0	0
0	0
0	0
5	874
10	1522
0	1519
85	1004
0	1063
0	6
3902	0
0	0
0	0
0	0
0	0
0	0
0	0
0	0
0	0
0	0
244	464
40	201
9	263
0	0
1	0
0	0
0	1
0	1
0	0
0	1
41	0
0	0
0	6
0	6
10	877
1	241
1	671
0	850
10	832
0	835
0	852
1	167
2	69
3	473
14	80
344	64
0	56
0	44
0	36
97	641
3	21
3	59
3	125
0	603
0	2
0	2
0	0
0	0
0	2
0	2
0	484
6	1375
1	1481
0	391
3	644
0	226
2	459
39	352
0	6
3	6
0	6
0	0
0	0
0	0
2	1
0	1
6	0
0	0
863	0
39	201
0	26
1	54
0	154
0	0
23	0
0	365
132	366
4	161
3	12
67	12
0	6
0	0
457	525
5	40
0	361
0	164
433	121
0	116
0	18
7	34
6	18
57	213
4	160
0	275
2	109
0	66
8	34
252	264
0	212
7	248
3	77
80	145
3	145
3	57
0	56
0	45
0	44
0	3
1	32
0	25
2	26
0	0
0	56
0	0
0	505
5	155
0	505
1	411
0	20
0	0
160	586
2	415
5	359
0	282
0	220
1	139
0	1
1	3
0	3
166	395
0	256
2	134
0	205
0	345
1	1221
22	3
0	0
0	3
0	3
0	3
231	567
1	433
0	85
11	16
0	548
0	0
0	0
0	0
0	13
1	19
9	19
67	30
20	24
0	170
0	153
0	142
1	159
0	128
0	142
0	142
0	37
1	36
0	26
0	32
0	42
0	54
306	964
0	508
5	889
0	947
0	950
19	934
0	157
2	57
826	173
1	173
0	0
0	0
0	0
150	752
3	239
0	209
0	163
0	732
0	189
0	173
8	234
1	39
0	41
0	337
20	42
126	320
8	15
10	133
0	355
2	279
3	331
1	43
3	265
1	11
6	0
6	19
5	8
0	4
0	8
0	0
5	0
4	593
5	692
27	763
0	150
0	101
0	115
41	1
0	0
217	0
0	5
0	5
101	21
0	20
1	1
0	0
0	0
32	662
1	663
0	662
1	205
45	0
0	0
55	25
0	0
0	4
0	4
0	9
0	0
0	21
0	4
0	0
0	0
0	0
63	576
7	569
0	79
0	59
5	512
18	717
0	263
0	663
84	210
1	3
0	2
0	1
0	0
0	0
1	0
0	0
0	642
0	573
13	350
0	53
4	88
14	139
0	13
0	61
0	9
0	13
5	3
79	121
6	13
2	102
14	1497
0	1110
0	1421
34	1502
0	1350
22	81
17	953
0	358
6	51
20	157
1	40
9	58
0	137
4	90
0	1509
0	553
0	17
22	164
4	354
1	86
0	521
0	87
8	28
0	65
0	41
8	174
1	154
4	34
10	58
0	41
11	3
2	371
0	36
0	317
3	147
0	389
0	103
27	24
5	59
5	178
11	317
2	163
0	159
0	134
0	90
1	104
0	26
5	24
0	25
68	112
0	5
0	111
0	0
0	0
0	0
0	0
0	0
0	0
0	0
0	0
0	0
0	0
0	0
884	2553
0	2289
0	448
1	1308
0	214
0	981
0	353
9	31
2	7
0	7
0	6
0	1
0	3
0	3
0	0
0	0
0	0
0	88
3	88
69	36
0	0
0	5
0	4
5	11
1	20
0	0
12	172
1	166
0	171
0	172
0	3
0	145
113	28
1	10
0	2
0	5
0	18
0	0
489	7238
27	4232
4	6465
17	6505
0	3958
23	5181
128	0
0	68
0	67
0	49
1	17
0	35
0	8
0	9
0	63
3474	0
2	0
0	31
0	0
0	31
51	83
0	81
3	35
1	35
0	8
0	2
5	281
0	286
0	200
8	8
0	21
1	32
18	2294
0	2294
1	2294
6	2263
0	2276
0	1258
18	628
0	2112
152	156
1	156
0	1
0	1
0	1
0	1
0	319
0	75
0	34
4	48
0	97
0	301
5	6
1	12
8	0
0	19
3	65
1	38
4	47
0	81
0	67
1	22
2	33
0	316
54	2356
391	2527
0	436
5	358
2	291
0	614
1	419
7	171
0	30
0	16
3	0
0	0
0	0
1	0
0	24
1	24
8	407
6	6287
71	6287
0	0
0	0
0	0
0	47
0	121
0	26
2	48
0	1
0	2
1	121
0	10
0	16
2	1085
5	753
7	186
0	235
19	334
0	914
1	2
0	0
0	2
0	1
0	1
0	0
0	0
0	0
0	0
0	5
3	5
0	5
0	0
879	337
0	266
4	142
3	74
0	0
0	0
0	0
0	0
0	0
0	0
0	0
0	0
0	0
0	9
4	9
71	515
2	503
0	495
3	118
0	60
0	30
0	855
1	817
0	103
1	107
3	114
4	81
0	107
0	65
71	855
4	7175
1	7309
40	1421
0	6933
0	299
0	684
42	2
0	304
5	338
62	101
18	2094
0	344
0	434
24	1909
5	95
53	1160
0	7412
4	167
5	179
1	174
0	148
0	179
0	173
0	24
17	0
0	24
0	0
0	19
0	0
0	24
3	4
0	24
0	24
0	2
5	678
12	85
0	434
0	706
0	696
0	48
0	105
23	46
0	0
0	0
0	0
158	146
0	571
0	580
0	580
0	579
1	48
0	24
2	30
0	47
0	150
0	5
0	1
46	482
0	48
0	425
7	370
2	24
129	66
0	20
0	32
0	8
2	2
4	2
10	2
3	11
9	0
3	15
0	2
0	0
0	0
0	2
0	0
0	0
0	0
0	0
0	0
0	0
0	0
250	0
6	2
1	2
117	120
7	120
0	19
1	0
0	0
0	0
0	0
0	0
636	1597
61	953
0	676
0	1298
9	35
0	183
5	35
0	194
8	59
4	51
5	17
0	195
0	1
0	0
0	1
0	1
0	0
0	0
580	1887
0	1576
0	395
4	940
0	957
0	72
48	125
0	27
0	27
0	62
0	70
0	10
4	2
2	31
0	15
6	37
0	16
0	33
0	10
0	8
0	52
0	25
0	32
9	0
0	0
0	0
0	0
0	0
0	0
0	0
0	1
0	1
0	1
0	1
0	0
1	2
0	2
2	98
0	381
2	340
1	374
0	375
0	256
0	111
122	0
11	822
4	0
43	24
26	321
0	0
1	238
0	155
13	813
2	0
1	0
43	83
22	1632
341	2041
19	1843
0	262
0	509
0	245
0	682
0	678
0	412
0	499
0	747
0	430
2	642
0	432
2	388
2	388
0	1
0	72
42	16
3	0
27	2
6	2
32	348
3	348
4	53
0	17
3	82
0	9
0	9
0	116
0	117
0	94
1	95
0	38
0	1
0	116
17	389
6	389
1	254
8	0
1	424
0	453
1	184
10	249
0	115
0	5
0	3
0	3
0	3
17	484
13	193
19	449
0	436
0	367
0	90
0	112
0	0
0	0
0	0
0	0
0	0
0	90
0	461
0	324
0	452
3	459
5	100
12	51
0	34
0	27
1	25
0	454
0	44
0	55
1	56
0	3
0	56
0	29
0	20
0	20
0	20
0	13
0	3
0	2
0	6
0	0
0	11
0	8
0	48
5	48
137	1187
0	189
0	1069
11	1066
0	46
9	326
1	32
192	186
2	192
0	186
0	112
5	0
2	71
11	53
0	26
0	0
0	400
2	372
3	148
20	158
0	25
0	0
0	0
4	4
0	0
0	0
0	0
0	0
0	0
0	0
0	0
3	289
0	246
3	64
1	239
8	203
1	213
0	220
22	219
0	26
0	24
0	56
2	42
0	58
0	0
0	34
6	34
0	34
0	7
151	306
0	166
5	255
1	52
1	0
0	0
0	8
0	0
0	1
0	8
0	7
0	4
0	6
0	1
0	0
0	1
0	0
0	0
291	473
0	473
0	0
0	0
2171	0
0	0
11	0
33	14
0	14
0	531
0	496
0	169
0	217
10	85
6	24
0	149
0	52
2	71
4	9
0	121
77	187
0	155
1	59
1	143
1	32
0	33
35	65
1	23
0	0
9	14
0	85
0	84
6	74
0	71
0	65
17	72
0	74
0	19
1	85
0	4
0	5
0	0
0	232
16	232
16	125
0	0
0	0
0	0
38	125
0	124
1	1
0	9
0	0
0	5
0	0
3	28
1	42
0	22
0	5
13	0
896	51
0	51
86	29
0	29
0	11
16	207
1	185
0	124
1	95
0	74
23	0
10	489
0	392
3	0
2	97
4	37
0	377
0	430
0	0
4699	3179
0	646
3	1346
8	1001
9	1015
2	457
0	11
0	11
0	7
0	572
23	139
0	507
23	539
28	494
0	553
0	41
0	20
11	132
0	78
14	196
0	0
0	0
0	0
0	0
0	0
0	0
0	0
0	0
0	1
0	0
0	124
5	109
0	66
0	58
0	119
0	54
0	12
4	21
0	35
0	5
0	23
0	6
0	2
0	2
0	0
0	1
0	6
0	20
0	20
0	8
4	0
1843	1361
3	601
0	719
0	707
9	439
100	41
0	41
272	103
0	77
9	103
0	0
0	0
0	0
0	0
0	0
0	36
0	64
3	249
0	258
0	61
1	23
0	258
16	408
7	404
5	111
0	215
8	219
0	23
0	0
3	20
1	6
116	14
6	14
24	32
0	32
0	0
0	0
0	0
0	0
0	0
0	0
0	0
0	3
0	5
0	5
0	5
3	304
32	373
0	264
0	52
72	89
1	89
0	9
0	6185
0	24
0	177
0	6203
5	5
2	6240
0	3488
15	3379
9	286
0	3491
0	6176
0	3463
0	6163
0	0
0	0
0	0
215	428
0	230
0	292
0	297
0	197
0	435
0	198
2	262
0	59
933	1144
0	765
10	485
0	0
0	169
0	165
2	39
0	0
45	66
4	78
0	70
0	72
67	11
39	243
336	315
2	234
1	233
2	230
0	87
14	90
24	101
2	87
0	53
0	70
0	729
23	681
0	735
30	72
0	712
0	71
5	706
0	0
30	12
0	12
4	11
11	1176
0	878
0	200
0	98
0	61
0	1179
3013	211
2	172
37	91
71	31
1754	998
6	393
0	605
0	0
0	0
0	0
0	0
0	0
0	0
0	0
0	0
0	8309
31	12627
7	9972
31	5715
31	5524
0	5910
20	4315
0	12624
133	0
34	8550
1	6328
0	3432
3	8522
67	1521
5	3926
2	3939
29	4896
3	1096
0	2112
44	2034
106	0
0	15
0	13
0	11
0	6
0	1
1	848
0	66
0	183
0	863
0	98
0	706
0	4
14	4
0	39
0	836
30	795
3	197
0	61
3	471
0	62
0	15
0	331
0	375
0	494
0	503
0	327
0	465
0	72
1	126
3	66
0	4
2	4
27	35
0	24
8	11
5	0
11	74
12	70
1	4
109	131
0	42
2	63
25	118
0	75
1	62
0	0
0	47
6	47
222	197
0	197
0	2021
248	3330
0	1558
0	2315
2	294
23	2315
2	543
20	1347
3	704
94	1005
2466	473
72	150
0	33
0	33
0	0
0	0
14	1238
2	1034
7	309
0	14
0	8
1	11
7	1177
7	1148
1	1319
0	73
9	221
11	472
0	161
425	0
5	0
20	543
32	543
6	12
3	15
2	27
0	92
0	57
0	13
165	138
0	16
0	22
0	138
3	25
6	9
0	19
1	628
0	109
0	620
0	415
0	622
0	601
0	14
4	21
0	47
0	17
2	47
1	7
1	42
0	37
15	0
0	20
1	45
12	6
0	0
0	0
0	0
0	0
0	4
0	7
0	5
4	9
0	1
0	2
0	1
0	0
41	8
0	8
7	0
5	1
0	0
0	0
1546	0
0	5
0	12
0	12
0	2
0	3
1	4
8	3
110	0
0	334
0	4
0	4
0	0
0	0
0	0
91	334
43	0
0	171
0	180
4	168
4	12
0	0
76	94
0	36
0	94
0	24
0	23
0	21
0	4
0	4
0	0
664	0
0	2
0	2
1	48
4	156
0	55
0	156
0	43
0	134
0	133
5	4
2	18
0	134
0	129
0	624
0	596
7	643
1	607
9	664
1	12
0	58
45	64
11	37
12	6
1	1
28	40
31	316
6	316
0	48
0	68
0	0
0	0
0	60
0	321
0	399
0	277
13	7
0	11
1	2
0	0
0	0
0	0
22	223
1	223
49	124
9	43
0	102
0	0
1	9
0	124
0	2
0	2
0	0
0	2
0	1
0	1
0	1
89	70
0	0
7	0
0	0
0	0
0	0
0	0
2	0
0	0
0	5
0	5
0	2
0	0
0	0
0	1
0	1
5	0
0	0
0	0
0	0
0	0
0	67
0	11
0	67
0	0
0	0
0	0
3	135
2	0
73	125
0	85
0	103
0	19
1	53
0	0
0	0
0	0
0	0
0	0
0	0
0	0
0	0
119	0
17	63
0	12
4	4
0	63
10	36
2	2
0	33
0	4
1	16
0	1
0	1
0	1
0	0
0	0
0	0
0	0
0	213
74	188
0	140
1	188
2	3
0	3
0	1
0	1
0	1
0	0
0	0
0	0
0	0
0	0
344	0
0	0
0	0
0	0
10	0
277	292
0	29
0	269
23	0
18	130
6	23
0	130
1	0
0	0
0	0
0	0
0	0
0	0
0	0
0	0
0	0
0	0
9	0
0	3
0	1
0	2
0	0
0	1
0	1
0	1
0	1
0	1
0	1
597	3162
13	657
15	1136
34	2282
11	1784
285	0
1	0
0	0
0	0
919	1247
3	1621
0	626
51	93
0	2
0	2
0	0
0	0
690	0
1038	1864
4	39
0	4
0	443
1	183
6	239
1	433
3	268
3	601
15	236
4	236
0	37
129	0
91	0
5	2573
108	2512
25	2445
0	293
1	1415
31	5
5	167
226	0
1	433
0	213
0	0
4	1
0	432
121	1
0	1
0	32
0	32
0	0
0	0
1	17
5	2
2	0
0	2
0	31
0	30
0	4
0	3
0	15
0	2
2	0
0	0
0	7
0	9
0	9
0	6
0	5
0	32
0	33
229	1625
2	350
8	533
0	178
8	76
1	70
17	235
80	0
0	0
0	38
316	98
0	2
0	57
3	3
2	33
0	0
0	0
0	0
578	47
0	8
1	21
0	39
0	0
0	0
0	0
0	0
0	0
0	0
0	0
0	0
0	0
0	0
97	3575
0	458
42	176
2212	3537
0	2074
0	2011
487	550
0	507
4	105
0	2
0	32
2	32
3	102
0	15
1	104
0	104
0	109
2	87
0	29
4	24
3	1
0	1
0	107
352	102
1	102
1	0
0	0
0	0
0	0
0	0
0	0
0	0
0	0
43	19
0	32
3	35
0	14
3	94
0	94
0	50
1	79
0	41
0	78
0	49
0	35
0	64
0	31
0	21
0	27
2	9
2	12
0	9
0	1
1	3
0	27
0	93
0	161
1	149
0	138
0	15
0	18
0	20
1	71
6	71
5	45
2	159
0	0
3	3
0	83
2	16
0	36
0	82
5	80
0	75
0	0
1	3
0	16
0	11
0	16
0	0
0	149
0	6
0	48
0	27
0	4
1	7
0	145
3	33
0	28
2	31
1	4
0	0
0	0
0	17
1	17
0	17
0	17
1	0
5	4
3	3
0	3
0	0
32	466
0	441
0	489
2	2
0	2
0	8395
0	8395
0	240
0	246
4	229
1	58
1	86
0	40
1	8
0	30
5	12
0	5
7	0
0	8
0	7
0	8
0	8
0	8
0	8
0	0
0	0
0	0
0	0
6	0
2	44
0	43
0	3
0	1
0	2
0	0
0	0
154	5
9	2
14	5
39	225
0	50
0	28
3	120
0	120
0	86
0	42
0	33
0	33
0	1
0	0
0	0
0	0
0	2
0	0
0	0
2	1
0	189
176	219
0	120
1	148
4	215
0	11
0	33
0	38
0	8
0	204
0	112
0	203
0	207
8	0
11	7
2	26
0	4
0	0
227	202
1	132
0	10
0	90
1	108
9	59
5	17
0	19
0	43
0	0
0	43
0	0
0	3
0	3
0	3
0	3
57	1630
21	1628
10	260
3	175
26	0
90	250
5	102
1	148
4	0
0	0
0	0
0	0
0	145
0	141
8	309
0	293
1	74
1	10
0	10
0	7
0	2926
1	2518
0	2923
0	1691
0	76
5	198
13	2860
89	4906
7	1398
9	2191
0	4511
3	461
784	2460
1	181
0	171
1	376
1	272
7	272
2	312
15	110
1	321
0	586
1294	312
5	387
4	359
0	208
30	359
6	173
0	9
0	7
0	6
0	7
0	6
0	6
0	7
0	5
0	6
0	4
0	5
0	10
0	9
25	77
0	71
0	45
0	35
5	28
0	20
0	16
0	481
0	650
0	636
0	212
1	579
2	116
5	467
0	457
5	364
2	580
0	289
18	119
1	105
52	82
2	57
0	31
0	38
0	26
0	28
0	15
0	20
1	21
1	6
0	0
0	27
3	38
0	21
0	26
1	23
0	8
0	0
5	104
0	5
0	117
0	5
0	108
24	114
0	109
0	28
0	0
0	0
0	0
0	0
0	6
0	6
0	0
0	0
0	1
0	2
0	0
0	0
0	0
0	2
0	3
0	0
0	0
113	0
69	498
0	488
0	493
0	501
0	38
0	2
17	4
1	47
0	2344
0	2981
10	84
0	2307
87	0
0	2503
125	19
36	1582
25	204
80	219
0	508
0	2821
0	0
0	0
0	0
0	0
0	0
0	0
0	0
0	12
0	7
0	11
0	4
0	5
0	10
0	4
0	10
2	11
0	11
0	0
0	4
2	6
7	1103
0	1105
0	1044
0	399
0	132
0	243
0	299
0	323
0	214
2	40
26	58
0	0
0	0
0	0
0	1092
0	0
0	0
0	0
0	0
1406	8949
0	178
0	178
1	178
0	167
0	26
0	23
2	35
0	9
0	9
0	5
0	13
0	0
0	6
0	13
0	5
0	13
127	252
0	234
1	39
0	81
0	0
4	3
0	274
0	15
107	7864
10	6046
78	6120
2	6281
7	7398
1	3417
2	6083
1	3943
1	317
0	47
0	0
0	0
143	41
0	27
21	14
13	0
0	2843
2	11210
34	8338
63	3717
0	8623
26	5011
1	12
1	13
1	2
90	193
0	52
0	23
0	32
0	110
0	30
0	276
30	14
1	260
61	266
2	265
1	32
3	3
26	9
1	6
0	4
5	210
1	156
0	198
0	161
0	184
0	37
8	9
0	173
1664	1090
0	426
0	729
2	360
0	95
13	148
4	228
6	99
27	24
0	0
0	0
0	5
0	5
0	1
0	0
0	0
0	0
0	0
121	30
0	30
3	1024
1	417
68	704
86	791
26	765
1	144
0	270
1	22
2	181
0	0
18	69
0	22
0	27
1	22
0	21
0	13
0	6
3	0
89	13
1	13
0	0
0	0
0	0
0	0
5	16
0	15
0	0
0	1
0	2
0	2
0	4
3	4
555	2016
27	1432
0	236
5	118
2	334
0	322
0	157
0	2
5	72
2	8
0	68
1	3
0	3
0	49
0	1
0	6
0	8
0	7
0	49
0	47
0	47
28	147
9	4
4	33
0	46
10	9
3	37
1	14
4	72
8	38
0	0
44	2863
146	3285
0	1443
0	1595
8	930
8	668
16	182
9	187
1	99
67	75
1	98
0	72
23	12
0	74
1	72
1	20
19	32
0	72
0	0
0	0
0	0
0	0
0	0
0	0
0	362
0	118
2	472
300	0
4	4
0	3
0	3
2	0
0	1
0	0
0	1
0	3
0	3
0	189
0	0
0	171
0	0
0	179
0	175
1	11
5	1
0	27
0	137
0	64
0	0
972	348
0	153
4	230
0	230
2	229
0	165
0	134
9	59
0	0
0	2
0	0
2	5
0	0
1	0
0	0
0	0
0	5
0	0
0	0
136	86
7	86
1	12
0	0
0	0
0	0
0	0
0	0
0	0
0	0
0	0
0	0
0	0
0	0
0	0
0	0
0	0
0	0
0	0
0	0
0	0
0	0
0	6
0	6
0	6
194	244
53	244
2	93
0	42
0	90
0	0
0	0
44	6
0	6
14	89
0	970
3	898
7	27
6	241
0	259
3	9
0	29
6	146
5	198
0	30
15	56
1	8
0	116
0	13
0	115
0	25
0	112
0	19
0	1
0	1
0	0
0	1
0	1
0	1
0	0
0	1
0	0
0	0
0	0
0	0
7	54
3	57
0	75
0	63
0	17
0	17
1	17
0	0
0	0
0	0
0	0
0	0
0	0
0	0
0	0
0	0
0	289
2	48
9	398
13	430
0	257
3	0
0	176
3	62
19	42
1	4
0	3
0	3
0	3
0	2
0	0
0	0
0	0
0	28
0	0
0	19
0	28
0	27
0	0
0	0
0	0
0	0
0	2
0	2
0	2
74	33
6	33
0	13
24	153
6	153
0	3
0	3
0	2
0	3
0	0
0	0
0	3
0	1
0	2
0	4
0	3
0	1
0	0
10	26
0	23
0	23
0	23
4	29
0	29
0	0
7	9
0	9
189	235
0	228
0	81
1	80
1	195
1	122
0	136
1	88
0	61
31	76
0	30
0	79
0	0
0	0
0	0
0	0
0	0
0	0
0	0
0	0
0	0
0	0
0	0
0	0
0	0
0	0
0	0
30	0
0	0
96	432
0	56
4	60
0	11
0	10
0	10
3	3
0	404
439	410
2	294
0	126
0	47
16	386
10	136
0	7
16	34
0	24
0	92
1	9
0	119
0	21
15	6
79	1872
6	1239
3	931
0	934
1	839
0	583
2	287
6	153
1	207
79	352
0	276
0	0
0	0
0	1
0	1
0	0
0	0
0	0
0	0
0	0
0	23
0	148
0	19
0	112
0	9
6	140
45	1161
20	1803
7	1801
0	168
37	192
0	55
2	46
0	1801
762	851
8	533
1	513
0	49
0	755
7	190
7	497
0	0
0	0
0	3
0	3
0	0
12	4877
7	5103
4	3019
40	4527
25	292
0	3409
0	0
0	0
0	0
0	1
0	1
0	1
0	1
0	1
0	1
0	0
0	0
0	0
38	218
26	1520
1	198
1	1522
4	101
0	91
1	121
4	106
39	110
0	10
0	14
0	14
5	81
0	97
0	22
0	85
0	39
1	49
0	56
0	0
0	0
0	0
0	0
259	10
0	10
2	34
0	290
3	791
25	822
16	275
3	13
0	119
32	0
77	414
79	314
3	60
2	799
0	36
2	805
7	780
31	782
5	168
7	24
6	13
9	39
2	3
2	0
0	0
0	0
0	0
0	0
0	0
0	0
0	0
1	147
424	1292
0	1259
8	166
2	285
2	1
1	3
0	0
12	44
0	44
337	394
4	317
4	186
0	58
1	0
1	0
0	373
0	373
0	34
0	61
1	0
2	8
443	331
6	82
0	315
6	251
0	4
104	118
0	118
0	0
0	0
0	31
1	175
2	76
3	31
0	29
0	26
22	75
0	62
0	175
0	350
0	21
0	361
0	70
1	30
2	36
0	200
0	19
2	27
1	0
0	50
1	58
10	676
28	676
14	686
0	160
8	22
33	2
0	42
37	0
0	25
0	0
0	0
0	0
0	165
7	55
2	16
0	145
0	75
0	34
403	1121
14	1121
2	126
11	38
5	36
0	163
0	139
0	40
0	70
0	39
4	263
1	263
0	202
4	15
0	48
1	12
1	0
0	0
0	0
0	293
1	270
0	296
0	295
10	262
0	98
0	118
0	92
2	54
1	62
2	28
0	11
0	300
0	291
1	0
0	0
26	61
0	55
42	25
1	640
8	217
0	623
0	13
1	181
1	43
5	18
31	433
0	1050
0	220
0	30
0	881
0	641
1	168
0	0
0	0
0	0
1710	0
0	0
0	0
7	2
0	0
0	49
17	51
1	13
0	0
1	2
0	2
0	0
182	0
324	346
8	76
0	274
1	301
3	174
7	67
0	10
0	0
159	195
0	1
1	195
12	19
0	0
2	77
0	53
6	49
0	12
8	5
0	42
673	202
0	188
1	177
0	49
1	72
0	55
0	47
0	7
18	9
0	0
80	1477
0	917
0	1461
0	78
2	1385
13	27
1	163
0	94
59	211
15	59
2	0
4	417
0	0
284	0
0	0
0	969
47	116
24	74
1	940
0	4
0	72
9	1
16	318
51	717
5	764
1	194
0	187
0	126
0	697
0	0
150	127
6	5
17	21
0	59
1	7
67	66
2	66
0	83
0	42
7	42
0	0
0	0
0	0
0	0
0	0
0	0
0	0
0	0
1	0
9	319
15	5
22	34
0	319
1	37
4	17
13	4
3	31
0	35
0	0
0	0
0	0
0	0
0	1300
24	176
5	438
0	358
53	765
0	735
3	78
2	15
0	12
4	185
0	0
0	0
0	0
0	0
2	226
465	450
0	127
0	234
11	5
3	181
0	0
0	0
155	697
62	594
0	4
9	68
0	68
2	68
0	68
0	13
0	5
0	0
0	0
0	0
5	1
0	0
0	1
0	0
0	0
48	189
0	151
0	99
3	5
0	69
0	72
0	69
1	45
0	55
3	50
3	18
772	554
0	502
1	486
22	2521
0	2521
0	363
3	309
1	111
0	0
0	0
0	0
0	0
0	0
4	3
2	9
0	7
0	1
0	1
0	1
0	1
0	0
0	0
0	0
0	0
0	0
0	0
0	0
0	0
0	0
3366	1453
78	291
0	1305
16	297
0	3
0	3
0	3
0	0
0	0
0	0
0	0
0	0
0	0
0	0
0	0
0	0
0	0
0	0
0	0
0	0
0	0
0	0
0	0
0	0
0	0
0	0
0	0
0	0
0	0
0	0
0	0
115	9
0	0
1	9
0	0
33	3
0	3
0	0
0	0
0	0
0	0
0	0
0	0
0	0
0	0
0	0
0	0
190	121
0	17
0	26
0	70
0	21
0	1
0	33
2	20
0	11
0	591
0	24
0	7
0	5
0	7
0	5
47	560
0	574
60	5
0	67
26	537
38	164
55	434
0	1424
39	1380
0	307
0	1211
6	73
41	153
0	8
0	7
0	7
0	7
0	7
0	1
0	8
0	0
0	0
0	0
0	0
36	901
0	2998
0	218
1	2133
8	64
1	100
8	523
0	470
5	454
0	26
5	35
0	103
102	102
0	6
0	5
0	25
1	7
1	196
0	196
0	40
2	23
0	0
0	0
34	0
4	166
159	276
2	165
0	63
26	110
5	36
230	3064
1	120
0	159
3	77
0	2930
0	97
4	138
34	66
3	168
0	403
2	130
1	270
4	62
1	94
0	0
0	0
0	0
0	0
0	0
0	0
3	548
0	401
4	485
0	397
0	346
13	144
0	45
0	0
0	0
0	0
0	0
0	0
0	0
135	282
12	282
0	4
0	4
72	182
531	139
100	181
0	33
1	138
0	143
0	0
883	2690
0	2072
17	47
2	278
13	98
0	192
12	276
1	113
22	526
0	3
0	3
0	3
0	29
1	34
0	52
0	0
0	52
0	44
0	8
2	25
0	4
0	17
16	20
0	0
0	9
1	7
0	0
0	7
0	1
0	1
1	0
2	555
4	188
1	286
6	47
1	126
210	809
0	819
0	0
0	535
1	537
0	112
0	165
0	104
0	108
0	88
0	18
2	5
0	77
0	0
0	0
0	2
0	4
5	155
4	150
0	152
0	10
0	0
0	0
0	0
0	0
0	0
60	23
6	1
0	22
0	16
2	5
1	34
0	31
0	12
0	165
0	0
0	1096
5	760
798	1096
10	38
0	20
0	119
4	129
81	12
443	0
0	0
0	0
1	1118
0	191
0	298
0	845
0	654
0	728
29	424
0	330
20	255
16	40
0	85
1	240
5	63
0	224
0	113
1	122
0	81
0	74
0	57
3	12
9	31
0	60
0	53
11	55
0	1
0	1
0	1
0	1
0	0
0	0
0	0
0	1
0	0
0	0
0	0
0	0
0	1
0	1
0	1
0	0
40	501
0	495
4	52
0	11
0	4
0	6
0	92
0	79
4	80
11	77
0	0
0	0
689	815
50	670
19	100
0	145
0	0
0	1
0	0
0	0
0	1
0	1
0	0
0	0
0	0
0	0
0	0
0	0
0	0
0	97
243	2221
0	2255
0	2539
32	2081
0	1915
12	294
0	979
0	2523
17	401
0	390
0	13
11	382
1	287
20	303
16	54
0	0
0	0
0	0
0	0
0	0
14	1344
1	91
49	314
1	1097
1	1217
0	1210
6	113
0	116
0	25
3	115
203	23
0	2
2	21
0	0
75	79
6	79
0	281
1	49
1	78
0	21
4	199
1	181
1	1
1	36
0	0
0	0
0	0
0	0
0	0
0	2
0	0
0	2
2	0
0	10
0	8
0	0
2	395
11	164
0	0
3	112
0	391
0	65
0	1
0	1
0	1
0	1
2	1
2	1
0	1287
188	1
1587	972
33	170
68	323
35	148
33	70
22	105
8	234
135	260
23	260
0	0
43	408
2	408
0	0
0	0
0	0
0	0
0	150
0	150
0	150
44	2
0	2
0	0
0	0
0	0
0	0
0	0
0	0
0	0
0	155
4	153
0	79
0	76
0	33
1	85
0	44
46	133
0	133
0	63
0	0
0	2
0	6
0	6
0	6
1	0
1	2
0	0
0	1
0	1
0	0
0	0
0	0
0	0
0	0
0	0
0	242
390	246
11	245
7	501
0	498
0	341
0	246
2	106
0	78
0	69
0	65
0	0
0	0
2	200
0	237
0	241
13	47
10	3
0	223
0	0
0	0
0	0
0	0
0	10
0	10
0	0
0	0
0	0
0	0
5	875
51	615
1	750
1	1645
0	451
14	1624
1	1091
0	65
14	100
0	85
25	29
0	14
7	75
0	0
0	0
0	0
0	0
0	0
6	272
10	96
0	23
9	914
0	1633
35	1629
4	87
0	107
0	278
96	133
4	122
11	131
1	379
11	117
110	5086
39	4539
0	5053
0	4669
2215	5054
31	899
38	581
0	763
9715	1062
0	274
0	240
7	0
6	51
58	51
8	625
0	123
19	2
9	83
0	855
4	17
0	19
0	397
0	836
0	0
31	20
5	20
9	4
0	4
0	0
0	0
0	437
30	437
0	12
0	13
0	13
0	1
0	14
0	14
0	7
0	14
0	1
0	2
0	7
0	4
0	0
0	0
128	148
8	101
3	49
5	549
3	554
0	290
0	284
2	1
0	251
0	152
3	210
0	556
0	0
0	0
0	30
44	146
1	146
3	26
19	14
0	11
1	55
0	0
0	354
0	335
0	223
12	133
19	354
0	0
0	0
0	9
1	431
0	12
0	73
0	43
1	428
17	12
0	0
2	7
0	4
0	4
3	5
0	6
1	6
0	5
76	194
0	194
0	0
0	0
27	439
6	574
0	581
2	371
0	382
0	198
0	566
0	92
4	528
0	78
0	321
0	184
0	35
1	67
0	0
0	2
0	8
0	8
0	2
0	2
0	0
12	60
6	67
0	68
3	66
0	20
7	12
0	18
2	8
0	2
0	2
10	2
0	475
0	233
0	421
1	411
37	390
1	172
0	125
0	73
0	493
0	0
0	0
0	0
0	0
0	0
0	0
0	0
0	0
53	388
0	285
0	65
0	47
0	103
0	0
0	0
0	0
0	145
0	150
1	146
0	218
0	221
0	19
0	150
1	20
0	145
0	216
0	212
0	226
0	125
0	21
0	145
0	7
0	15
4	233
0	0
8	160
0	0
0	160
0	16
0	11
1	242
0	241
1	101
0	42
0	47
0	11
16	977
1	6
0	3
56	877
2	69
9	24
1	7
3	31
6	933
58	655
0	511
4	554
0	0
1034	331
32	331
0	254
251	93
2	42
1	37
11	31
1	459
8	495
0	153
2	73
3	48
0	65
0	43
0	125
3	104
7	50
411	831
3	205
0	216
1	347
1	116
5	515
9	278
8	304
0	24
0	61
0	63
0	67
6	64
0	42
0	18
0	40
0	39
0	35
0	31
0	30
494	280
0	126
1	154
0	73
0	0
0	0
0	0
0	0
0	14
0	23
0	13
0	6
0	5
0	4
0	989
9	1201
0	0
0	0
0	0
9	124
0	209
2	1911
13	3
0	50
2	1890
3	116
0	1926
122	9
0	43
0	35
0	14
0	11
5	7
0	10
6	5
1	5
0	0
65	301
75	594
0	238
2	550
0	396
0	144
0	33
3	53
0	52
0	48
0	10
1	41
0	11
0	0
101	276
10	276
98	161
0	16
5	145
3	6
0	6
0	1
0	0
0	0
0	0
37	0
0	49
0	63
0	63
0	67
0	60
0	49
1	36
4	18
0	1
1	24
2307	1264
9	47
0	227
12	255
0	281
2	250
3	213
7	2
0	1
0	1
0	0
0	1
0	0
0	0
0	0
0	514
0	514
0	503
0	2
0	162
0	62
0	0
0	0
0	179
7	1
0	1
0	10
0	91
0	94
1	8
0	1
1	5
1	20
0	42
0	1
0	4
2	1
0	4
3	12
0	4
1	12
0	24
0	49
0	6
0	42
0	5
0	32
2	39
0	24
1	9
0	6
0	31
13	37
0	87
413	658
0	658
0	0
1045	0
0	450
0	438
0	168
0	81
5	114
16	376
77	12
20	11797
0	0
0	30
0	0
0	30
0	0
0	29
0	28
0	0
0	0
0	33
0	33
0	1
11	433
0	459
30	0
0	169
1	134
0	52
0	11
0	223
0	198
18	43
0	45
0	202
2	161
0	43
0	63
1	23
18	359
2	309
1	206
1	134
0	53
1	0
10	440
45	520
10	114
2	216
0	118
6	22
2	17
1	5
6	56
0	216
0	78
0	120
0	123
1	17
0	29
0	23
0	26
2	11
7	11
2	126
0	78
0	1
0	1
2	198
28	45
0	45
3	198
4	220
2	73
0	98
0	198
0	54
0	61
0	66
1	78
0	81
0	79
1	13
12	27
0	64
0	86
0	61
0	71
48	0
0	302
0	302
0	252
0	21
14	221
0	65
0	75
2	73
0	17
0	35
2	14
2	1188
8	1156
1	742
2	323
0	18
0	289
67	99
1	99
4	4
19	446
0	487
11	464
61	34
0	0
0	0
0	0
3	50
5	33
3	46
0	10
0	18
0	7
0	10
0	17
0	16
0	25
0	1
0	2
0	9
0	8
0	7
0	6
0	1
2	6
0	5
0	12
0	11
2	11
0	2
2	0
0	0
14	0
0	0
0	0
9	261
7	61
0	244
0	246
0	262
0	260
8	0
0	9
0	0
4	9
0	0
0	11
0	11
0	0
6	6
4	12
0	7
0	4
0	5
1	5
0	4
3	0
7	0
264	195
0	96
0	75
2	49
3	601
0	482
0	171
0	601
0	1
0	1
0	3
0	1
0	1
0	1
0	1
0	1
0	0
0	3
0	3
0	2
0	0
0	3
0	0
0	0
0	0
0	0
0	0
0	1820
164	1165
0	1665
0	1836
2	1013
0	852
0	912
0	828
0	774
24	1038
1	347
0	284
456	135
0	75
0	59
3	30
0	21
3	21
0	19
0	1
0	1
10	359
2	360
19	335
0	300
0	24
645	351
0	113
0	100
0	268
1	239
2	25
0	33
0	184
0	175
0	50
0	38
38	10
0	2
0	10
14	1
1760	741
25	599
9	291
2	872
21	36
526	3728
2	143
0	211
0	3728
2	13
0	16
0	13
0	16
0	16
0	8
0	16
0	15
0	6
0	12
0	7
0	6
0	0
0	3
0	9
1	4
0	12
1	1
0	86
14	93
10	142
11	56
0	157
0	129
5	1038
0	1046
6	236
3	31
16	94
0	251
0	212
1	9
37	33
0	0
0	0
2387	630
30	412
0	126
76	22
0	120
7	92
6	436
0	102
1	412
0	198
3	119
1	255
1	305
2	132
0	356
73	356
41	2
0	142
3	61
5	3199
0	1453
92	65
0	591
11	719
12	1201
0	28
0	679
0	3022
0	828
0	0
2505	1368
18	1364
12	13
11	385
1353	12128
74	12050
0	822
13	1149
25	721
6	818
7	783
28	1273
19	2185
6	1064
0	1657
1	1231
22	384
13	265
0	0
4	2
0	2
0	0
1	0
0	0
0	0
5342	0
4	239
0	736
2	80
32	17
6	502
0	76
0	265
0	78
0	32
6	64
0	47
0	17
0	0
3	5
12	16
0	5
0	6
0	2
2	2
0	10
0	11
0	2
0	3
0	2
0	2
0	3
0	0
0	0
0	0
370	846
0	866
6	376
0	0
0	366
1	327
0	45
0	107
0	0
0	0
0	0
0	0
0	0
83	1983
7	2025
1	1487
0	199
1	228
9	114
0	8
0	8
0	0
0	0
0	0
0	3
0	42
25	962
0	0
0	0
0	0
0	0
0	0
0	0
0	0
0	0
0	0
0	0
0	0
0	0
0	0
0	0
0	0
0	0
618	2126
13	909
8	796
0	1130
0	142
12	97
0	16
498	1061
1	939
10	450
0	380
1	90
0	248
4	164
788	80
0	75
2	43
0	68
31	5
156	369
0	308
3	308
3	11
0	10
0	0
0	11
0	2
7	534
26	492
0	499
6	235
0	4
0	97
7	375
23	0
50	0
123	14
0	63
0	63
0	63
2	0
207	560
3	201
2	519
1	181
0	560
0	41
0	0
0	0
11	2
0	2
0	0
0	0
0	0
0	0
0	2432
11	2652
0	2540
0	2481
0	2947
9	293
13	1276
1	310
0	332
0	2546
48	2305
6	2634
0	137
1	190
0	191
0	190
19	16
9	35
11	22
0	35
4	28
99	777
23	772
0	727
4	102
1	38
8	188
0	36
0	185
0	195
3	195
3	195
0	163
0	122
0	59
3	20
1	45
5	37
63	276
0	276
0	263
0	112
0	72
0	12
54	9
28	0
0	2
0	2
0	2
0	2
0	1
0	0
28	258
20	255
0	43
2	19
0	28
29	0
5	1302
3	1591
10	1243
36	0
2	1258
2	190
8	9
0	139
0	189
1	116
3	116
0	0
0	0
57	506
12	505
44	23
0	110
2	0
0	55
0	0
0	0
0	0
0	0
0	0
0	0
10	1024
11	1183
0	1186
12	2
21	609
7	1202
451	572
3	36
0	392
0	323
47	15
13	15
1	3
11	3
0	1
5	490
11	232
4	279
2	137
13	172
0	4
0	2
0	1
0	3
0	1
0	2
0	2
1	1
0	1
0	498
14	474
2	382
0	326
0	273
20	199
0	43
0	39
3	52
0	8
3	0
35	9
0	1
4	14
9	459
388	214
6	192
3	15
0	59
0	4
7	14
0	9
7	6
0	1
0	1
4	0
0	1
0	10
0	13
0	13
0	8
0	0
0	0
0	0
0	5
0	5
0	5
0	1
0	4
36	0
0	0
0	0
0	46
3	56
0	56
0	46
0	11
0	0
0	0
0	10
0	11
1	21
0	46
4	207
0	207
0	205
0	137
0	137
0	137
2	77
0	89
0	72
0	25
2	662
75	662
23	11
14	6
7	0
1	4
13	11
0	0
1	7
0	4
0	2
0	0
0	0
444	0
0	0
0	7
0	5
0	1
0	0
0	0
0	0
0	7
0	0
0	0
0	0
0	0
0	0
0	0
0	0
0	0
20	6
3	6
0	0
0	0
0	369
0	378
1	21
0	95
0	373
0	0
0	0
0	44
0	2
0	44
2	43
0	42
0	13
0	36
0	40
0	40
0	4
0	3
0	3
0	2
0	4
2	5
0	6
0	16
1	5
346	417
3	369
0	22
0	77
5	12
16	133
0	44
0	0
0	7
0	10
1	3
0	3
0	7
0	10
2	3
366	3
238	112
0	57
0	36
0	27
1	32
0	21
0	24
0	20
579	650
0	128
0	180
0	63
13	21
1	137
0	257
1	271
14	9
2	214
337	388
26	361
0	377
1	69
0	92
0	40
0	0
0	0
0	1
0	9
0	4
0	4
0	0
5	5
0	80
0	79
0	80
2	1
1	31
0	0
0	0
0	74
12	74
32	151
1	40
10	151
20	47
0	49
0	44
0	19
0	36
1	15
0	1
0	2043
144	2041
6	224
3	251
65	185
0	0
0	0
0	0
0	0
0	0
0	0
0	0
0	0
43	152
0	127
0	141
0	138
0	36
0	11
0	0
0	0
0	0
0	2
0	2
0	2
1	2
6907	726
2	249
0	334
0	0
0	635
0	627
0	614
35	13
0	3
1	13
0	7
0	5
0	7
0	3
0	4
15	4
119	319
0	270
9	258
0	271
0	319
16	299
0	298
0	313
15	37
0	27
0	45
0	40
0	34
0	268
0	0
0	0
0	1
0	3
0	3
0	0
0	1
0	0
0	0
0	3
11	85
12	85
0	9
0	38
11	154
0	188
20	98
4	162
0	154
2	182
0	178
0	183
0	166
0	176
0	41
0	24
0	33
0	25
0	11
2	14
0	0
0	0
31	0
21	0
0	57
0	57
2	13
2	11
0	19
0	0
0	0
0	57
59	0
0	2
0	2
0	2
0	2
117	79
0	67
0	79
5	62
3	0
0	0
0	0
0	0
0	0
0	0
0	0
0	0
0	0
0	0
0	0
0	0
244	0
1	1
0	1
0	1
0	1
0	1
0	1
0	0
0	0
0	0
0	0
0	0
0	0
205	65
5	3
2	63
885	557
10	557
0	172
283	742
43	732
0	233
7	176
0	516
4	568
0	600
0	568
3	122
21	0
7	67
4	110
33	0
2	72
0	775
0	714
0	0
0	0
90	449
10	430
17	87
0	94
0	107
7	85
0	122
0	0
0	0
0	0
0	0
0	0
0	0
106	171
3	17
4	5
17	157
0	111
39	250
0	102
1	212
0	202
0	41
0	11
0	12
0	2
0	14
0	11
3	0
0	2
0	0
3	3
0	14
1	516
0	1
17	154
0	24
0	520
0	49
0	61
31	371
1	503
4	12
8	33
0	22
2	38
2	28
0	8
1	16
0	63
7	82
1	30
0	522
0	0
0	0
0	0
0	0
0	0
0	0
0	95
0	95
0	95
1	1
0	0
0	4
0	0
0	0
0	0
0	4
0	0
3	7915
7	0
0	0
1	8683
1964	9185
19	1657
1	8775
70	2060
0	6312
0	6343
659	111
1	107
0	88
0	63
31	94
0	94
0	86
0	6
0	1
0	28
0	0
1	0
10	279
0	53
1	275
0	32
0	31
0	274
0	0
12	274
1646	1022
2	163
3	494
5	146
0	1022
0	1
0	1
0	0
0	0
0	0
39	2638
0	2644
6	196
5	396
17	70
0	921
0	2605
10	0
141	1173
15	107
0	1173
1	0
2	195
482	834
0	368
15	41
35	20
21	160
2	77
0	273
0	141
0	260
6	5
387	283
1	114
13	70
3	97
1	14
6	36
67	6
0	27
53	459
2	73
6	388
0	136
0	50
0	79
0	33
0	118
5	58
10	1317
5	44
0	38
3	1320
1	493
0	101
108	608
1	56
0	85
1	11
0	45
1	69
10	9
56	444
0	458
0	194
0	181
0	167
0	126
0	38
1	35
3	13
82	7
11	134
1	5
1	9
10	69
0	134
0	0
0	0
0	0
0	257
1	257
6	1849
0	240
556	2853
0	408
0	228
3	580
0	12
0	907
294	8
8	413
5	2574
714	1371
0	182
96	65
47	74
0	35
1	352
21	376
1	599
9	521
11	313
0	48
0	22
0	616
40	4741
0	4816
1	751
7	2033
27	638
0	4568
4	1332
7	1449
0	4724
1	749
1	649
0	182
0	749
266	4
1	4
121	346
0	338
2	195
3	22
0	0
0	0
0	0
2	0
0	0
0	0
0	0
0	0
21	19
0	19
50	96
0	99
0	6
2	81
4	0
3	90
1	85
0	10
1	19
14	6
165	536
4	384
13	369
4	60
1	36
9	23
0	21
2	43
0	0
0	0
0	0
0	0
0	0
0	0
0	0
0	0
2	10
0	10
0	0
0	0
0	0
0	0
0	0
0	0
911	0
0	0
0	0
31	1162
20	1286
0	1220
0	969
57	888
5	887
2	239
56	106
46	54
0	0
0	0
0	0
2	19
0	6
0	19
0	19
0	17
0	17
0	17
0	19
0	15
0	17
0	17
0	17
0	17
0	17
0	17
0	19
0	18
0	17
0	15
0	0
0	0
0	4
0	17
0	20
0	15
0	15
0	40
0	41
2	8
0	39
0	9
3	2
0	0
0	0
3	277
0	277
4	5
0	95
12	11
0	32
1	47
5	50
4	27
1	47
0	34
1	40
13	40
0	26
0	6
12	0
32	14
0	0
0	0
0	0
0	0
0	0
3	0
1	29
0	15
2	5
0	11
0	39
3	103
0	85
7	59
60	137
540	1195
110	458
0	343
15	741
2	590
1	292
7	300
0	107
21	476
0	299
3	483
99	312
206	485
0	34
0	257
3	115
10	1365
8	1364
6	18
3	55
0	43
3	82
1	996
16	46
6	91
1	0
0	0
5	0
0	0
0	0
0	0
0	0
0	0
0	0
0	0
243	1422
2	411
1	1011
3	900
6	0
1	24
0	26
0	24
0	3
0	22
0	1
0	3
952	0
6	30
0	30
1	7
0	11
0	7
4	1
0	0
0	0
0	0
0	0
1	586
0	461
2	186
0	334
1	196
227	0
0	0
170	80
1	80
6	2
1	2
0	0
0	2
0	0
0	0
0	0
0	0
0	0
0	0
0	0
0	44
0	31
0	30
0	13
0	7
6	0
0	0
0	2
0	0
17	44
0	20
0	20
0	18
0	20
0	1
0	1
0	0
0	0
0	0
3	163
10	163
4	6
9	9
3	36
0	94
0	117
0	120
0	31
32	127
2	108
7	50
8	99
9	96
0	18
0	25
0	9
0	0
15	47
0	0
0	0
0	0
0	0
0	0
0	0
0	0
0	0
0	0
0	0
0	0
2	2
1	0
0	0
0	0
0	0
0	2
0	15
0	15
0	15
0	13
0	0
0	0
0	0
0	0
0	0
1	0
0	0
0	0
0	0
0	0
0	0
0	0
0	0
0	0
0	0
0	0
0	24
0	24
1	24
414	629
0	43
43	141
0	49
6	92
3	24
0	17
5	12
1	0
0	0
0	0
0	0
0	0
0	0
0	0
0	0
135	219
3	27
0	181
10	161
5	6
1	6
4	5
15	36
5	36
1	1683
0	19
0	0
1	19
0	0
0	0
0	0
0	1394
0	275
66	95
0	1301
19	729
2	635
1	44
60	555
0	74
4	225
4	85
8	57
0	11
0	96
57	100
0	16
0	3
0	3
0	2
0	51
28	0
2	0
5	0
0	0
0	0
0	0
0	6
1	62
2	28
0	27
0	16
0	16
0	10
0	39
0	40
0	9
1	15
0	64
0	0
0	0
0	0
0	118
0	133
6	141
1	102
0	146
0	59
0	93
0	11
2	0
0	5
0	93
1	1
5	2
0	5
0	1
0	5
0	0
0	0
0	0
0	0
0	0
0	0
604	97
12	9
0	89
9	52
0	19
105	421
0	456
8	438
1	400
2	57
0	114
0	124
0	94
1	304
1	17
0	125
0	56
0	29
19	50
0	0
169	0
0	1
0	1
0	0
0	0
0	0
0	0
3618	1676
0	1312
7	648
0	0
0	6
0	6
0	6
0	7
0	4
0	1
0	2
0	5
0	3
0	6
0	4
0	4
0	0
0	0
0	0
0	0
171	12
13	0
9	2
1	10
0	0
0	0
13	27
0	3
0	11
0	27
430	185
2	185
0	4
0	4
0	0
0	0
0	0
1106	5
44	5
48	1176
0	1152
0	667
0	53
5	159
1	100
13	3
0	117
0	70
1	258
0	711
0	438
0	685
0	680
4	53
0	0
0	13
0	18
0	15
1	179
1	179
0	25
0	2
0	5
0	27
0	86
7	0
0	0
0	0
38	1319
25	1045
1	1221
0	93
16	14
2	14
21	2672
0	2707
3	734
0	919
0	894
0	894
2	0
2	143
0	100
179	189
0	0
0	0
0	0
0	15
0	14
0	0
0	15
0	538
1	81
0	527
0	497
0	452
1	528
0	68
0	479
0	10
0	12
0	13
0	7
0	0
0	13
0	14
0	7
0	6
28	6
0	5
0	4
0	5
0	10
0	10
0	12
0	6
0	7
0	7
0	6
1	4
0	0
707	116
3	89
25	27
2	21
3	16
0	21
0	4
2	0
0	0
0	0
0	0
1	3
0	14
0	3
1	4
0	4
0	0
0	0
0	0
1	4458
3	2020
0	4412
0	1095
122	4262
0	2032
0	4182
13	871
20	478
15	1651
131	106
7	859
0	4458
0	20
0	10
178	136
0	134
1	107
0	45
0	0
0	0
7	2
0	1602
4	192
0	32
12	1597
3	319
0	245
0	172
2	122
8	33
1	81
0	334
0	0
0	0
0	0
0	0
2	62
0	65
0	62
0	21
0	23
0	15
0	55
4	55
20	30
0	28
0	23
0	0
0	3
1	3
0	3
0	1
0	1
0	0
0	0
0	0
0	0
0	0
0	0
0	0
0	0
0	0
0	0
0	0
0	19
4	1
0	19
1	5
0	0
0	5
0	1
0	0
2	0
0	0
428	717
21	337
10	380
7	920
0	847
1	897
12	133
0	133
0	4
0	84
2	2
2	578
0	84
0	0
0	64
0	582
0	60
4	85
0	73
0	118
8	34
5	161
0	114
0	0
0	0
0	0
0	0
0	0
0	0
0	0
0	0
11	0
0	35
0	14
0	9
157	44
0	31
0	0
0	0
41	161
0	53
2	158
45	552
17	552
133	70
64	70
9	353
0	329
3	25
0	139
0	34
23	29
0	18
6	22
0	0
0	21
1	13
0	13
11	0
7	1194
0	1178
0	616
9	15
3	122
0	141
0	125
1	38
5	7
54	534
5	19
0	37
1	22
3	38
55	21
66	0
9	189
10	188
0	178
0	111
0	39
4	8
1	6
0	1
0	1
1	3
0	2
0	627
2	627
14	587
1	127
0	204
0	270
0	338
0	327
21	259
0	0
0	0
0	0
0	0
0	0
0	0
0	0
0	0
0	9
0	2
0	5
0	1
0	2
0	9
94	914
68	861
2	60
104	87
0	53
0	0
2	0
0	0
0	0
0	0
0	0
0	0
0	0
818	1151
6	212
1	459
16	7
0	1717
9	2144
1	2150
2	244
0	2003
0	1632
4	1077
0	1664
2	0
0	367
5	923
27	497
4	77
0	1963
5	116
0	162
0	157
0	1
0	1
0	0
0	1
0	0
484	107
0	40
0	67
0	14
0	4
0	4
0	0
0	0
0	0
0	278
313	278
11	0
52	608
1	1276
14	1284
0	1264
52	586
5	786
2	872
2	1549
0	1633
20	720
0	654
0	654
60	625
2	410
10	265
1	156
2	120
34	0
127	648
116	649
4	146
0	171
1	47
0	0
4	0
0	0
0	0
0	0
0	0
0	0
0	0
0	0
0	0
0	0
0	0
0	0
0	75
0	75
5	0
0	61
0	97
6	85
0	91
0	43
0	94
0	23
3	21
583	513
49	0
42	166
0	518
0	22
218	346
0	346
20	135
0	99
0	69
0	104
0	59
0	53
0	64
0	60
0	60
0	69
0	3
0	0
0	4
4	2
0	2
0	0
0	0
0	32
63	32
0	0
0	0
0	0
0	0
0	0
0	0
0	0
0	1
2	1
488	264
4	264
1117	0
31	229
82	229
3	14
41	9
0	0
0	0
53	563
0	471
1	107
0	0
0	0
0	0
156	0
86	26
0	18
4	14
2	11
0	0
0	0
0	0
16	7
0	6
0	260
0	257
4	137
1	94
0	14
9	69
0	0
0	0
0	0
0	0
0	0
0	0
0	0
648	1851
46	168
11	92
44	138
8	1489
2	152
8	21
4	167
6	127
11	111
3	39
0	0
28	49
39	461
31	12
32	460
2	105
2	39
0	21
0	39
9	262
1	262
1094	1074
258	1260
46	1260
39	363
15	627
0	369
16	3
0	3
0	0
0	0
0	102
6	101
0	46
0	102
0	102
0	53
0	8
0	25
0	9
3	12
0	331
0	23
0	41
0	38
0	18
0	58
13	0
0	64
0	40
48	62
3	49
0	36
0	28
0	21
0	16
0	7
0	318
5002	11305
2	1858
0	11305
4	61
2	51
0	46
0	40
5	0
12	3
0	0
83	0
20	277
118	298
0	156
6	0
2	105
0	52
8	7
1	0
0	1
1	0
0	0
0	179
0	188
0	195
0	152
2	145
0	11
0	39
0	7
0	47
0	35
0	17
4	1
0	214
0	15
9	47
1	214
0	25
0	214
7	24
0	0
0	0
0	0
0	0
2	2968
47	771
0	2972
0	1245
0	866
8	208
0	0
0	3
0	4
0	1
0	4
0	1
0	3
0	1
7	5
0	0
0	2
0	1
0	4
0	394
25	376
0	342
0	314
1	211
0	271
0	168
0	184
0	158
0	63
0	20
0	92
0	71
0	53
0	0
0	0
0	0
0	0
0	0
0	0
0	0
0	0
582	2108
4	2106
8	250
0	335
4	284
6	121
2	8
0	1
7	5
0	8
0	15
0	14
1	2
0	1
0	14
0	1
0	31
0	0
1	3
0	30
12	34
2	8
0	3
0	22
1	9
2	17
0	16
0	16
0	0
0	0
0	105
0	0
0	0
0	0
4	48
0	80
3	286
9	73
0	290
0	114
0	28
0	33
1	66
34	944
0	837
0	967
0	34
0	1
0	46
0	46
0	19
0	5
0	5
0	5
1	1780
0	759
0	1888
10	1805
2	653
9	1585
27	116
1	143
5	46
0	47
0	17
5	0
0	0
1	7
0	7
0	0
0	0
0	0
1	8
0	8
0	6
3	6
1	5
0	1
0	1
0	6
27	752
19	78
24	275
0	709
0	52
0	749
407	85
0	20
5	39
3	38
0	0
0	0
0	0
0	0
0	0
0	0
0	67
0	84
0	42
0	2
3	15
0	12
1	28
4	18
0	11
0	16
0	11
0	12
11	5
0	43
21	642
0	426
0	99
0	642
0	0
213	962
94	7
2	402
91	1127
16	306
6	235
0	417
0	391
17	218
0	211
36	191
17	199
0	0
0	0
6	86
0	46
4	31
1	26
0	17
0	18
0	40
0	0
0	42
2	40
2	35
0	42
0	14
0	37
0	41
2	34
0	1
2	0
0	3
2	3
0	1
0	83
0	65
0	66
8	82
0	7
0	25
0	23
0	5
5	0
1	72
0	242
4	203
223	40
2	40
1	6
0	0
0	0
0	0
0	0
0	0
0	0
0	0
3	3
0	1
0	2
7	257
0	142
0	12
1	13
0	136
301	684
0	676
0	169
2	459
6	488
1	0
0	15
6	2
2	6
2753	25
66	17
2	0
0	0
0	0
0	0
0	139
324	139
0	426
0	415
4	137
477	2491
22	2476
70	636
16	671
62	182
10	182
9	81
0	0
0	1
0	1
0	1
0	0
0	0
101	133
0	128
5	6
89	1651
0	1480
2	1518
1	1457
0	854
46	6
8	1341
6	358
0	396
1849	618
54	181
0	290
0	121
0	106
2	104
11	41
0	127
0	94
0	49
179	178
31	127
0	25
0	1
0	22
4	18
0	18
0	44
148	8
1	4
0	4
0	0
0	16
0	0
0	4
0	8
0	13
0	50
3	50
0	42
8	0
0	78
0	70
2	77
0	77
4	9
0	74
3	9
0	50
1	72
1	17
0	10
2	11
0	39
0	2
0	17
5	1185
0	1199
2	1125
1	1139
5	0
2	0
36	63
0	135
39	1091
0	61
0	1197
0	168
0	70
10	291
0	512
21	125
3	24
0	115
0	197
0	0
0	0
0	0
0	1
0	0
0	0
0	1
3	0
167	200
0	181
0	145
1	73
0	41
3	77
0	372
0	385
15	307
2	374
0	356
0	375
0	375
2	356
1	33
0	56
0	85
0	52
0	97
0	98
0	36
0	19
0	28
5	0
0	0
0	41
0	67
0	69
0	31
0	40
0	60
0	30
0	1
0	36
0	20
0	36
1	294
16	265
0	110
3	252
0	216
1	7
0	24
766	0
545	342
0	263
0	184
0	150
0	5
0	4
0	4
0	3
0	2
0	4
0	0
0	0
0	0
0	0
0	0
0	3
0	3
0	0
1	3
0	3
0	1
1	2
0	3
431	122
2	122
0	0
0	0
0	0
0	0
0	0
3	91
0	6
1	91
2	36
0	797
0	105
6	757
0	806
0	70
2	49
0	49
9	101
1	68
4	14
0	99
0	194
2	183
9	189
2	118
0	74
1	42
0	51
0	23
2	5
0	58
17	305
0	214
1	140
0	62
2	221
31	941
1	720
1	15
0	0
0	0
0	0
0	0
1	2086
1072	5250
17	1777
23	460
0	1336
1	433
0	1018
0	941
4	626
3	1271
630	0
1	0
0	0
0	0
0	0
0	0
0	0
0	0
0	0
3	115
1	8
0	116
0	60
0	14
0	28
3	456
0	446
0	418
19	220
5	164
2	153
1	92
0	27
8	26
46	169
0	169
0	170
0	79
0	147
0	29
2	11
3	0
1	6
5	20
0	72
0	95
438	195
0	195
145	68
0	55
3	38
42	51
0	0
0	0
0	0
0	0
0	0
1	172
0	100
99	173
13	2
0	106
0	51
100	1414
8	1169
8	0
0	94
11	264
1	236
2	73
16	137
4	83
24	6
0	3
0	3
0	1
0	1
57	1174
0	708
0	1167
0	1062
0	1119
0	1167
0	1167
17	547
0	287
7	128
0	0
16	982
67	252
201	1274
4	1438
0	85
0	0
24	486
0	6
0	0
0	0
0	0
0	0
0	0
0	0
67	34
0	0
0	0
0	0
0	0
0	0
0	0
0	0
0	0
0	0
0	0
0	0
0	0
0	0
70	34
0	21
1	28
3	0
7	0
0	0
0	0
0	0
25	33
0	33
0	0
0	0
0	0
0	0
0	0
0	0
0	1
0	0
0	0
1	0
90	22
1	17
7	17
19	835
58	503
0	847
2	628
12	55
28	101
0	107
0	294
27	127
18	53
22	123
0	0
0	0
3	0
1	335
0	410
0	189
7	264
6	43
1	131
1	137
47	42
0	1569
0	1690
0	222
0	152
0	63
20	1079
6	89
0	40
2	25
0	132
6	14
0	15
0	14
0	14
0	1067
1	2
0	2
2	96
0	97
0	16
0	0
0	103
0	3
0	3
1	204
0	376
0	353
2	1113
1	1127
6	1077
0	92
0	821
2	127
1	152
0	206
0	171
0	231
2	94
2	160
0	123
0	4
2	58
1	118
0	64
0	0
0	0
0	0
0	0
0	0
0	0
0	0
0	0
0	0
0	0
0	0
1	0
0	0
0	0
0	0
0	244
0	246
2	32
0	60
3	98
1	75
0	92
681	942
16	922
3	102
0	130
10	3
415	564
30	375
0	164
2	130
2	44
28	20
3	227
5	242
0	43
1	15
0	6106
6	5921
0	5980
5	2064
0	1654
0	1725
13	1405
39	129
67	5922
0	0
519	3
0	1087
1	1984
6	33
3	41
3	2174
43	154
167	107
0	110
8	59
7	90
9	49
0	15
0	9
167	0
0	4
0	4
0	0
0	0
0	0
0	491
0	0
0	60
110	1077
273	612
0	614
9	79
37	0
3	25
0	25
0	16
0	0
0	4
0	14
0	7
0	8
1	3
0	0
0	0
0	2
1	17
0	15
0	5
0	0
0	0
0	782
0	797
5	71
0	598
3	245
0	354
0	579
49	245
8	4
0	4
0	1201
2	83
0	11
0	8
0	20
0	59
2	3
0	11
0	60
0	20
0	50
7	66
3	7
0	0
0	3
0	60
0	8
5	1277
0	1272
0	340
5	310
1	250
0	243
0	75
0	49
0	53
0	75
0	68
0	40
4	69
2	472
0	453
2	444
4	468
5	338
0	1
10	30
0	289
412	764
0	784
3	264
0	769
2	834
0	837
2	389
3	1
0	0
0	1
0	0
0	0
0	1
0	1
0	13
29	13
2	8
0	0
1673	6057
10	5955
227	887
4	4844
30	5475
0	3184
1	4303
0	6204
78	2948
0	1536
0	1807
23	2360
0	2017
2	2513
0	3167
1	0
0	0
0	0
0	0
0	0
0	0
0	0
0	0
0	0
0	0
0	0
0	0
0	0
0	0
0	0
0	0
0	0
4	262
0	66
0	75
0	136
19	6
0	257
1	254
7	45
0	82
1	374
0	60
0	373
30	47
0	290
0	36
0	326
0	322
2	302
5	271
0	15
1	299
13	20
0	84
63	116
0	260
0	282
0	278
0	276
0	279
0	1
0	3
0	3
0	3
3	7
0	7
0	1
1	92
2	92
0	0
0	0
0	0
0	0
0	0
0	0
0	0
0	309
20	114
0	302
6	309
0	309
0	67
0	68
1	137
0	3
0	3
0	3
0	0
0	2
0	2
0	0
0	2
1	12
1	9
0	12
1	8
0	0
0	0
0	19
45	269
0	9
0	72
9	260
0	26
0	27
8	27
21	73
0	60
0	0
0	0
0	0
0	0
0	0
0	0
0	0
0	0
0	0
0	0
0	0
0	0
0	0
0	0
3	467
370	467
0	73
0	2
67	93
1	79
0	79
7	336
0	204
3	50
1	63
844	436
88	262
9	140
0	0
6	459
2	301
8	55
0	1
31	995
0	805
0	995
0	920
3	62
0	172
1	228
0	106
124	82
16	0
0	0
0	0
0	0
0	0
0	0
0	0
0	0
0	0
0	0
0	0
0	0
56	7
0	0
2	0
0	0
7	558
8	558
2	558
4	202
0	127
0	170
0	223
55	3
125	417
0	0
2	229
9	3
0	0
0	0
0	3
0	3
0	97
0	56
0	95
0	90
2	101
3	44
1	2
4	171
0	172
8	137
5	135
0	0
0	0
52	643
0	723
21	650
0	559
0	643
0	668
0	570
0	296
7	23
0	500
0	132
4	0
8	378
7	44
7	300
0	0
0	40
0	18
395	0
27	0
0	0
2064	2011
41	374
9	1102
0	1669
1	428
0	419
0	170
14	102
0	364
0	0
0	29
0	16
1	27
0	28
0	22
0	23
0	21
6	1
0	24
0	0
0	30
4	30
0	0
0	0
575	69
12	69
2	264
144	347
73	5
1	254
7	0
0	0
0	0
0	0
715	172
0	138
0	67
1	96
0	91
0	92
0	81
0	90
0	89
0	54
0	12
0	7
0	6
0	91
0	0
0	0
0	0
0	0
0	0
0	0
0	0
28	836
3	126
0	198
0	836
24	105
0	185
0	155
0	78
3	207
0	75
53	309
0	290
4	54
0	23
0	32
0	53
0	139
0	21
95	118
0	118
29	4
5	46
6	4
0	0
0	0
650	105
0	0
0	0
0	0
0	0
1745	6511
16	6371
3	125
1	197
0	605
25	3834
0	458
0	462
24	301
11	206
0	350
0	0
0	0
180	16
0	16
0	0
0	0
0	0
0	0
0	0
0	0
0	0
0	0
0	0
0	0
0	0
0	0
0	0
0	0
0	0
0	0
0	0
0	0
0	0
0	0
0	0
0	0
0	0
0	0
0	0
0	0
0	0
0	0
0	0
0	18
0	13
0	14
0	18
0	18
0	18
0	18
0	13
0	13
0	1
0	1
0	0
2	0
0	0
0	0
0	0
0	3
0	0
0	0
0	1
0	0
0	1
0	1
10	90
4	90
0	2
0	2
0	0
0	0
0	0
0	0
0	0
21	786
102	778
3	195
7	58
0	228
0	98
413	179
1	422
1	209
1	308
0	324
2	103
22	102
0	0
0	0
32	0
0	66
0	65
3	87
0	3
0	12
0	42
1	66
30	1100
4	947
8	230
15	29
30	0
0	0
26	161
8	0
75	1465
36	1465
4	1186
1	1245
0	1344
0	997
4	22
4	15
12	49
1	316
1	0
0	0
0	0
0	0
0	482
22	95
8	480
1	44
0	22
0	403
2	21
2	16
2	15
8	1932
6	386
8	314
0	423
0	364
1	150
4	353
0	388
12	0
0	0
279	0
0	3840
1	18
19	36
3	0
0	5
0	10
0	14
0	0
0	0
0	0
0	0
0	0
0	0
0	0
0	0
1	0
24	75
39	75
5	70
0	234
2	200
1	70
8	85
0	166
0	420
21	428
0	48
0	147
0	84
33	185
0	185
5	10
43	121
0	80
0	15
0	26
213	163
17	49
2	97
25	67
0	1
0	0
0	0
0	1
0	0
0	0
0	0
0	0
0	0
0	0
0	0
0	1152
0	1153
0	1128
0	1211
0	239
5	1207
0	1121
0	965
0	1060
12	105
25	694
5	204
0	1
0	1
132	10119
1	2286
0	77
12	1197
51	10119
142	119
0	119
0	0
0	0
632	168
3	42
1	72
0	0
0	1980
0	1980
103	222
15	23
4	21
0	45
0	223
0	15
3	14
0	189
5	142
3	137
0	132
0	99
10	56
8	52
1	480
0	264
74	480
0	58
1	21
3	58
9	3840
0	0
0	0
0	0
0	0
0	0
0	0
0	1
0	2
0	0
0	1
0	0
0	2
0	1
0	0
119	0
103	17
16	10
0	2
0	4
12	2348
12	2319
5	1128
0	0
0	0
0	0
0	881
0	251
0	859
11	242
1	17
0	959
296	8
0	7403
0	946
0	322
2489	7776
0	863
30	911
199	1921
279	223
0	2
0	2
0	2
0	2
0	0
0	1
0	0
1	41
0	37
0	0
27	4
0	0
0	0
0	0
0	0
0	0
0	0
0	0
0	0
0	0
0	0
0	0
0	0
0	0
0	0
0	0
0	1
0	1
0	1
0	1
0	1
3	0
0	0
0	0
0	0
0	0
0	0
0	0
0	0
0	0
20	0
3	2
0	19
0	18
0	17
1	0
0	0
0	0
0	0
0	0
1	639
36	866
1	35
827	830
5	829
11	652
1	25
753	150
2	160
0	32
4	12
705	284
13	245
0	84
0	53
13	39
0	0
0	3
0	3
0	0
0	4
0	4
157	38
0	0
0	4
0	4
0	4
0	0
0	4
0	3
0	0
0	0
0	0
0	0
0	0
0	0
0	0
18	732
11124	25221
10	5778
2	3762
0	8173
12	6335
0	7718
6	5100
0	2791
8621	5270
35	4122
3	1542
7	1329
590	77
19	77
0	29
0	29
14	5
0	26
0	2
1	6
0	4
0	0
923	0
0	3
0	71
0	76
1	0
0	67
0	1
0	1
0	40
0	41
0	75
0	31
0	3
0	1
0	4
0	66
0	3
0	6
1	7
0	6
0	0
2	2
0	2
1757	1252
22	164
0	875
1	440
1	638
0	2
0	2
0	2
5	103
0	106
0	105
0	107
0	0
0	4
0	7
0	107
190	1267
64	1126
0	91
53	1126
0	156
1646	0
0	0
152	196
0	195
0	192
0	180
2	96
2	36
0	52
1	56
2	52
0	76
5	26
0	36
0	24
0	9
0	0
0	0
0	0
0	0
0	1
0	774
8	43
194	16
1	16
0	142
0	117
0	109
0	111
0	102
0	112
0	94
0	131
2	0
0	54
26	0
11	0
0	851
3	241
1	240
10	248
2	23
0	851
0	0
0	1
0	1
73	732
0	33
2	34
0	4
0	6
20	241
0	234
0	242
0	42
0	2
0	1
0	2
9	78
3	28
0	33
1	46
0	31
0	42
2	79
0	70
0	79
0	79
0	50
1	0
18	544
0	29
9	543
134	145
0	146
0	137
0	117
13	102
0	74
1	85
12	65
8	63
0	59
15	20
0	117
0	0
0	0
0	0
1	0
2	178
0	160
0	151
0	12
0	95
0	71
2	8
5	18
5	16
0	0
0	0
0	5
0	321
73	753
23	8
0	176
0	364
7	32
2	162
3	378
73	1
0	1
0	77
0	78
0	48
11	19
0	8
3	1
0	77
0	4
8	70
0	69
1	38
0	20
0	23
0	1
0	0
0	2
0	1
0	1
1	0
0	136
3	15
0	121
0	72
0	84
0	3
0	57
0	6
0	51
0	56
0	1
2	3
0	0
2	2
1352	184
4	57
12	127
0	150
9	361
0	373
0	356
0	363
0	251
4	189
0	94
0	112
2	68
4	22
0	22
0	251
9	592
0	576
0	261
1	592
6	23
3	38
0	0
0	3173
0	3742
0	3808
4	3625
15	3565
40	219
26	410
0	326
0	342
24	0
7	140
0	133
5	0
0	251
0	121
0	261
0	41
0	263
0	249
2	17
2	50
0	242
0	45
0	70
0	34
3	2
0	33
0	37
1	2
0	0
0	18
0	30
0	30
0	3
0	0
0	9
0	0
23	161
901	161
1	1
520	477
11	477
0	416
3	44
0	44
1	0
0	0
0	0
0	0
0	0
0	0
0	0
0	0
0	0
0	1
0	2
0	2
0	7
0	7
0	1
0	1
2	0
0	0
0	0
0	0
67	60
0	10
0	47
1	40
2	40
11	44
0	6
0	755
1	23
241	283
0	29
30	198
4	141
9	183
23	170
1	49
1	98
1	39
53	88
16	40
0	79
5	57
4	57
0	0
136	97
1	97
0	9
0	10
0	11
0	10
0	9
0	6
0	6
0	6
0	6
0	6
0	9
0	6
0	8
0	0
0	0
0	3
0	126
0	0
0	0
0	0
0	0
0	69
0	67
0	69
0	6
2	15
4	2
3	0
0	49
914	49
3	0
86	0
0	52
0	43
0	39
0	31
6	65
0	9
0	45
0	20
0	13
0	24
0	33
0	13
0	2
0	24
5	30
190	132
0	129
1	1
28	0
0	748
3	757
0	111
0	36
0	105
28	0
0	37
168	33
0	9
0	24
0	0
13	230
1	110
3	230
0	84
4	62
0	114
0	111
3	128
0	8
8	0
0	0
0	0
0	0
0	0
0	0
0	988
0	851
0	1071
42	302
0	276
0	545
9	87
1	386
3	384
8	310
13	23
48	499
0	193
69	1
1	424
0	65
5	190
3	295
0	463
816	217
1	217
0	2
0	2
3	2
0	2
0	0
0	0
7	748
0	767
6	785
0	862
0	490
1	869
0	0
5	14
0	1
0	11
0	11
0	4
0	3
0	1
0	82
243	120
2	37
1	34
0	0
58	15
1	15
40	128
1	128
26	28
0	0
7	1
6	144
0	144
4	144
0	111
2	1
0	1
68	41
0	1
0	1
0	0
0	0
1	87
0	245
28	214
7	189
16	102
41	106
0	62
1	56
22	187
0	149
4	101
9	0
1	117
5	95
0	74
0	0
0	440
0	430
0	437
0	436
0	7
7	8
0	27
0	66
0	20
0	1
0	17
0	74
0	440
0	0
0	0
0	0
0	0
0	0
0	0
0	0
0	0
0	0
0	0
0	0
0	0
40	734
0	0
0	0
0	0
0	0
38	8
46	359
3	64
2	48
0	359
0	0
0	0
0	0
0	0
0	1
0	1
0	1
0	0
0	0
0	0
0	0
1	0
0	0
0	0
0	0
0	64
1	18
0	59
14	9
0	13
2	64
0	9
0	11
0	1
0	32
0	0
0	5829
201	4734
36	258
0	178
0	759
15	2
1	4655
0	5829
216	100
0	69
1	31
192	54
0	11
0	18
0	25
3	17
1	221
0	219
0	219
0	24
1	8
0	7
86	389
8	326
0	220
0	97
0	71
0	0
0	0
8	413
0	445
0	39
0	9
0	22
0	89
1	324
4	448
0	446
0	450
0	66
0	64
6	9
1	37
3	39
0	33
0	15
0	9
0	13
1	13
2	0
0	23
0	23
1	23
0	4
2	0
675	31
2	31
0	1641
0	702
0	520
0	226
0	473
0	454
0	58
0	72
7	223
0	325
0	319
3	218
13	78
0	130
0	1629
0	0
0	0
0	0
0	0
0	0
0	1
0	1
0	0
0	1
0	2
21	43
0	43
0	2
4	16
3	39
4	70
0	2
0	2
0	0
0	513
68	515
3	511
8	0
0	0
0	0
0	0
0	0
1	265
0	0
0	0
2	1031
0	350
2	394
0	1029
0	0
0	0
0	0
0	0
0	0
0	0
0	0
0	0
0	0
0	0
0	0
0	0
0	0
47	805
3	681
13	61
1	730
40	426
0	65
48	311
6	308
0	68
3	29
0	162
0	149
0	134
0	146
1	103
0	100
0	81
0	82
0	34
0	7
0	36
5	24
6	6
35	0
0	100
0	103
0	0
2	0
0	0
0	0
0	0
0	0
1	412
208	535
0	124
6	29
2	64
0	118
1	69
0	0
0	0
0	0
0	0
0	0
30	21
0	21
0	23
0	18
0	0
0	19
0	1
0	1
0	1
3	0
255	413
0	361
6	343
16	59
1	57
7	0
0	7
0	12
0	11
1	0
0	0
0	0
0	0
0	0
0	0
0	0
380	53
0	50
0	51
0	34
34	629
0	333
1	330
0	340
1	259
50	230
0	344
0	0
0	0
46	732
0	0
0	0
0	0
0	0
0	0
0	0
688	276
6	15
0	261
237	0
0	264
0	264
0	212
0	99
17	104
13	9
15	42
0	16
338	49
0	7
5	22
8	0
0	0
0	2479
32	2248
36	507
1	2442
9	225
40	413
0	0
0	0
0	0
0	0
0	0
0	0
5	1
16	2
0	134
0	2
410	136
1	352
12	329
3	318
0	332
0	8
16	58
2	138
1	19
1	52
0	15
152	1116
1	1104
1	231
104	106
1	140
1	205
0	297
0	290
14	92
20	72
22	27
3	33
61	43
0	43
23	20
7	214
0	225
0	211
0	0
0	268
0	299
3	306
4	180
0	260
5	135
1	46
0	4
12	6
0	41
105	33
2	0
0	0
0	5
0	4
0	25
50	0
2	193
297	284
0	141
4	34
11	91
17	4
0	2
0	1
0	0
0	0
0	0
0	1284
0	1285
0	100
3	162
1	274
0	247
0	85
1	81
2	3
0	1305
0	1284
0	0
1	343
115	343
5	15
3	52
3	301
25	261
5	209
0	137
0	65
9	72
1	72
0	32
0	28
0	17
0	27
0	20
0	1
0	1
0	0
0	0
0	0
19	537
0	2
0	539
0	14
0	22
0	7
0	8
0	7
0	8
0	1
0	0
0	1
0	1
0	0
1	693
2	400
7	579
5	707
0	443
0	234
0	1
0	1
0	1
3	0
83	2041
7	1401
29	0
0	1517
0	1890
0	0
0	231
39	1397
0	0
0	0
0	0
0	0
0	0
85	452
0	452
5	159
1	116
2	116
0	48
6	2018
0	1827
0	1776
0	1731
0	1363
2	1705
0	1964
2	1364
0	1434
0	969
9	868
0	389
5	258
110	159
0	21
0	13
0	6
0	2018
4	741
0	3
0	133
0	110
5	128
1	54
17	51
0	133
4	166
605	1143
2	927
26	506
0	1048
1	404
0	278
0	499
0	969
0	246
3	242
0	281
9	200
11	93
0	0
1	0
766	0
792	0
0	0
38	496
13	496
2	0
0	0
65	2404
0	2318
24	2317
1	2385
6	228
6	137
20	125
0	0
0	0
0	0
0	0
0	1
1233	294
0	294
52	0
26	8
253	0
1	174
18	718
1	45
1	91
15	19
14	138
0	704
0	718
418	12597
41	4891
6	6432
21	2252
94	6264
75	3179
0	0
0	0
0	0
0	0
0	2
0	4
0	0
0	2
0	4
0	0
0	0
2	0
0	0
0	0
0	0
0	0
0	0
0	0
0	0
0	0
0	111
0	96
0	94
0	43
1	72
3	0
2	1132
8	760
0	1120
4	593
0	270
0	375
0	437
0	360
0	79
0	185
0	193
0	342
1	11
0	11
0	9
0	8
1	1
0	1
0	4
0	0
0	0
0	0
0	0
0	3
4	9893
14	9885
106	34
0	1
0	1
430	374
11	118
5	118
8	79
3	374
36	21
0	0
0	0
0	0
0	0
5	761
0	732
5	29
232	351
7	64
15	354
2	213
6	1
1	0
0	0
0	0
1	1
1	361
0	588
1	360
0	581
12	40
0	194
1	0
0	12
0	12
0	1
0	0
0	3187
0	3245
9	3743
0	3146
151	3008
0	3517
0	3018
0	3187
0	3610
0	2572
0	1787
0	1259
0	1858
0	1910
0	1254
0	1789
0	1267
230	1791
281	195
98	1228
0	1103
0	0
0	0
0	0
0	0
0	469
0	449
8	112
0	83
30	41
4	13
0	13
0	0
0	0
0	0
0	0
0	0
3	6
0	4
0	1
0	4
0	0
0	2
0	6
0	0
2	0
0	0
0	0
0	0
0	0
0	0
0	60
0	39
354	114
0	61
4	61
0	113
0	0
0	0
0	0
40	3808
21	3600
0	3176
17	419
59	22
0	6
0	1
0	0
2	6
0	10
7	220
0	220
1	56
0	168
1	24
9	113
0	0
0	0
93	107
0	107
0	31
8	6
0	107
0	0
0	0
0	0
0	0
0	0
0	0
0	132
0	132
0	131
1	122
0	4
3	93
0	3
1	3
0	0
0	0
0	0
0	614
0	788
0	988
19	52
31	550
4	691
6	83
1	64
4	60
0	1046
0	754
3	198
0	397
0	403
4	154
3	229
3	3
5	9
0	2
0	390
0	1
0	1
0	1641
0	1678
0	317
6	670
0	1516
0	1520
0	298
0	280
0	502
0	1330
11	218
1	91
3	489
0	36
0	15
8	436
3	301
2	1642
3	256
737	256
548	118
36	118
0	176
0	176
2250	1882
0	9
0	7
192	21
0	14
19	67
4	67
56	11
4	1
0	8
0	8
0	6
0	2
0	227
0	222
7	46
0	225
14	208
82	124
10	124
0	0
0	0
115	468
3	468
2	51
1	120
2386	4162
4	4162
0	632
0	1
0	1
0	1
0	0
0	0
0	1
2936	0
725	71
0	755
0	23
0	0
0	0
0	0
0	0
0	24
2	1
0	0
0	10
0	10
1	2
0	24
80	629
2	605
0	462
0	120
0	1
0	1
0	0
0	1
10	857
2	125
0	0
0	0
0	0
0	0
0	0
0	0
0	0
0	0
0	0
0	0
581	1606
1	1584
1	379
4	57
1	72
9	72
0	147
0	205
19	80
6	141
0	199
0	4
0	7
0	0
0	0
21	732
0	0
0	0
11	215
5	32
3	215
0	0
0	0
0	0
0	0
3	0
0	0
0	0
0	0
0	0
0	0
0	0
0	0
54	2150
0	1607
29	2143
0	0
0	0
0	0
17	10
0	10
0	0
126	32
1	8
4	24
11	587
0	1337
0	1051
5	42
0	45
0	7
0	13
0	1
24	1772
0	1956
193	1958
0	644
6	725
5	527
18	299
0	276
10	194
5	47
15	7
0	7
1	0
77	105
3	34
15	0
14	9
0	9
22	14
15	8
0	65
0	0
0	0
0	0
0	0
0	18
0	44
339	44
2	705
1	41
16	705
0	15
22	72
0	0
0	2
1	2
0	0
0	0
0	0
0	0
0	0
0	1
0	1
0	1
941	2275
0	2275
0	0
0	0
0	0
0	0
0	0
0	0
0	0
0	0
0	0
0	0
0	0
0	0
0	0
0	0
0	0
0	0
369	49
14	40
5	0
0	0
0	0
0	0
0	9
1	9
0	3
0	1
0	1
0	1
0	1
20	0
0	33
0	0
0	0
1	33
9	158
13	947
4	947
48	267
1	17
1	21
2	59
0	67
0	63
56	38
14	38
67	78
0	39
0	11
0	62
0	64
84	144
0	70
6	113
0	0
0	0
0	4
1	4
10	292
11	292
6	345
0	415
10	86
0	21
0	10
79	244
8	0
0	236
7	228
0	224
5	789
14	57
0	834
5	841
0	806
4	84
0	630
4	249
1	173
10	146
10	137
38	732
11	0
0	0
0	0
2	0
66	719
0	726
17	43
0	148
15	102
17	7
0	71
0	17
0	1
11	0
0	1
0	1
0	1
0	0
0	0
0	1
0	0
0	0
0	0
0	0
0	0
54	612
0	398
0	105
0	149
0	137
1	175
1	22
0	113
2	83
2	177
0	2
1	3
0	1
0	1
0	0
0	0
0	3
0	741
0	15
16	27
429	707
0	27
3	667
0	64
5	87
1	54
16	64
0	25
0	698
11	73
1	168
1	67
2	65
0	135
0	121
0	113
44	166
0	162
0	162
44	12
0	23
0	15
0	0
0	1
0	0
0	0
0	0
0	2
1	2
0	2
526	723
10	628
24	60
29	49
11	80
16	735
5	0
15	706
455	1030
83	304
0	253
42	324
192	327
0	283
41	29
0	68
0	0
0	0
0	8
0	8
0	6
0	1
0	5
0	2
0	3
0	0
0	0
0	1
0	3
0	1
0	0
0	0
0	0
1	2
0	2
0	0
0	0
0	0
0	0
0	2
2	4
3	13
0	9
0	0
0	0
0	0
0	0
0	0
1	320
0	2
1	320
0	3
150	374
2	372
0	243
0	7
5	58
0	0
0	0
0	0
0	154
0	451
0	445
0	22
1	39
0	32
0	100
31	21
3	40
0	86
0	7
0	172
0	5
0	163
0	0
0	15
0	174
0	3
0	166
0	176
0	15
0	5
0	7
0	93
6	11
0	169
0	0
0	1613
0	1582
0	190
50	52
17	1336
0	110
29	89
7	829
7	351
1	158
3	15
0	13
0	3
1	2
0	0
0	0
0	0
0	0
0	1241
4	1183
8	1142
2	168
1	372
0	21
0	20
2	20
0	16
1181	2229
8	1293
11	677
0	0
0	299
33	2919
57	2919
2	147
1	256
25	165
1	274
0	524
0	1308
0	1303
2	57
0	431
5	851
0	589
0	1197
0	1025
0	563
0	419
1	19
0	877
71	9
0	417
0	896
0	907
24	908
9	9
0	9
0	78
0	59
1	786
2	214
0	1
0	0
0	0
0	0
0	0
0	0
4	849
8	848
0	930
0	926
0	550
1	542
0	261
0	489
0	106
4	286
5	326
6	261
0	179
33	162
0	2
0	6
0	6
0	23
0	23
0	22
0	0
0	0
0	0
0	89
101	300
0	39
0	163
66	298
0	0
5	64
0	35
0	26
3	2
6	18
0	19
0	17
0	17
0	0
0	2
0	1
0	0
2	1
0	0
0	2
0	2
0	2
0	2
7	0
0	135
0	98
0	74
3	135
3	9
0	19
0	13
0	0
0	236
0	241
0	148
0	7
3	10
2	5
1	9
0	13
29	0
5	32
210	32
15	0
0	0
0	0
0	0
0	0
0	0
0	0
0	0
0	1
2	1
0	22
177	562
2	562
1	4
2	103
2	454
0	0
0	0
0	0
0	0
0	0
0	71
0	0
0	0
11	8
0	8
1	2
117	136
8	69
0	41
1	89
0	0
582	27
1	27
92	172
0	165
4	66
3	40
0	0
0	0
0	0
0	0
8	362
31	362
2	43
0	22
0	4
0	27
0	4
0	0
0	6
0	9
0	0
0	5
0	9
0	19
9	333
7	329
0	319
0	22
0	21
9	0
0	0
0	0
0	1
0	1
0	0
1395	311
5	311
0	0
0	0
0	0
0	0
0	0
616	183
0	73
2	183
44	180
2	63
60	136
0	136
0	7
0	7
0	5
0	2
0	4
0	0
0	0
0	0
0	7
0	7
0	7
0	9
0	9
0	2
0	0
0	0
0	0
0	0
0	4
0	0
0	0
0	0
0	0
0	5
0	1
0	7
19	311
0	311
57	231
0	173
10	85
0	0
74	6
0	6
0	367
1	372
0	0
9	5
1	47
0	60
46	259
0	55
1	183
3	40
0	39
0	98
0	69
2	69
16	1047
75	1040
1	40
3	54
2	250
7	94
0	539
0	578
0	96
35	2
0	59
0	963
84	71
0	182
0	790
8	29
7	656
2	57
4	29
55	2
0	67
0	72
0	132
0	0
0	0
219	252
10	252
0	61
0	0
0	0
0	37
0	35
0	30
4	19
0	36
0	27
0	10
0	6
0	9
0	3
0	7
0	6
0	1
0	0
123	236
0	136
0	227
18	109
8	0
16	427
0	155
0	409
0	61
1	63
4	274
12	274
0	176
1	172
0	53
3	5
23	98
14	16
0	0
0	0
0	0
12	732
100	0
0	0
0	0
408	417
0	355
2	140
273	53
0	19
0	14
0	18
0	2
2	0
548	489
0	128
0	63
25	239
5	322
0	179
0	196
1	22
6	174
0	115
0	2
0	2
0	2
0	2
0	1
0	0
0	0
0	0
1	1138
0	1191
366	1296
0	1086
0	322
10	191
1	392
0	42
2	132
6	474
0	42
64	1163
0	1163
0	1
0	1
0	0
0	0
0	0
0	0
0	0
0	0
0	1775
0	393
10	309
85	420
0	39
0	1724
0	385
14	117
0	0
0	0
0	0
0	0
0	0
0	0
0	0
0	0
0	0
0	26
0	227
2	235
0	228
0	224
0	10
38	8
0	1153
0	898
0	750
22	5
140	558
0	978
0	11
0	1
0	1
0	0
0	0
0	0
0	0
0	1
0	1
0	1
0	0
0	0
0	0
0	0
0	0
0	0
1358	2405
70	1054
1	382
0	269
44	195
0	9
0	7
0	0
0	9
0	2
0	0
0	1
1	0
0	0
0	0
0	0
0	0
0	0
917	256
47	236
0	254
4	82
1	43
0	43
0	124
3	134
1	29
19	147
56	5
0	93
3	247
0	33
0	22
1	0
2	0
0	0
0	8
0	8
0	0
49	3036
3317	3045
36	176
0	0
0	0
0	0
0	0
0	0
0	0
0	681
2	37
12	102
0	194
0	681
0	21
0	19
0	20
0	20
0	11
0	5
0	19
0	10
0	3
4	9
0	2
0	12
2029	12
0	6
0	6
0	0
0	0
123	28
2	28
0	3
0	5
0	0
0	0
0	0
0	0
351	994
0	469
0	228
5	226
0	80
31	370
0	225
7	65
0	2
0	2
0	66
1	54
0	15
0	18
5	130
2	120
0	60
26	132
1	126
3	30
0	75
0	0
6	269
0	273
0	57
0	68
1	73
0	1
0	0
0	0
0	0
0	0
0	0
0	0
0	0
0	0
0	0
0	0
0	0
87	780
5	780
0	131
2	33
0	0
0	0
0	0
2	194
5	194
745	462
16	462
25	830
8	1170
0	971
0	906
0	410
0	131
4	0
8	1166
0	0
0	0
0	0
0	0
0	0
0	0
0	0
0	0
0	0
0	0
0	0
0	0
0	0
0	0
0	0
0	0
0	0
0	0
0	0
0	0
0	0
0	0
0	0
0	0
0	0
36	2608
0	2586
6	856
7	639
95	1571
1	1372
0	896
7	857
0	632
0	598
0	450
64	30
0	27
3	0
0	0
0	0
0	0
0	0
0	0
0	0
0	0
0	1
0	1
0	1
0	1
1	101
1	99
0	27
0	31
0	30
6	32
1	15
1	21
3	82
0	82
0	1942
0	713
4	1597
4	67
10	853
56	21
0	98
20	437
40	321
0	90
0	1869
0	0
20	538
3	44
0	371
0	373
2	315
0	279
1	436
1	317
0	4
0	4
0	4
0	0
2	0
0	121
1	29
0	122
0	121
0	18
0	63
0	24
1	63
0	57
0	32
0	65
0	57
1	4
2	2
308	9
0	154
0	337
0	359
3	329
0	204
0	205
0	147
5	174
10	19
26	90
6	9
3	18
13	187
0	0
0	177
0	152
0	75
1	0
1	0
293	0
0	0
0	0
0	0
1	0
509	339
0	338
0	93
14	189
0	112
0	0
15	7
0	0
0	0
0	622
0	611
1	576
0	213
15	11
2	86
2	196
2	29
0	109
0	0
0	0
0	0
0	0
0	0
0	0
0	4
1	4
0	1
0	1
0	0
7	990
22	978
7	954
9	3
67	533
0	6
58	2
3	30
9	22
0	0
0	0
0	0
0	0
0	0
0	0
0	0
1	0
73	5
4	5
31	523
2	523
7	27
2	175
0	44
0	77
4	11
0	97
0	0
0	0
676	0
0	0
0	0
0	0
0	0
0	0
0	0
190	0
0	0
0	164
5	156
0	159
4	132
0	10
63	102
14	0
31	37
12	31
0	11
19	18
17	16
33	10
0	9
28	769
14	769
0	88
10	105
0	79
4	54
0	136
1	136
1	24
0	11
0	748
5	16
186	77
1	61
3	16
7	0
0	0
161	9
0	9
1	4
0	2
0	0
0	0
0	0
0	0
0	148
0	62
2	26
2	1
0	1
0	1
8	141
5	239
31	239
0	238
0	238
0	201
3	42
1	15
3	58
0	85
0	50
0	0
0	0
0	0
0	77
0	77
1	0
0	438
0	94
0	52
0	36
60	79
0	438
9	170
299	740
1	369
16	563
2	304
0	379
0	34
3	38
1	1
0	49
0	51
0	19
0	46
0	41
0	0
1	5
1	1
19	31
9	1
455	295
2	90
0	141
28	275
20	99
0	91
0	115
0	4
1	215
0	0
213	180
2	168
0	20
0	5
18	120
76	118
0	10
3	371
0	0
0	285
17	945
0	945
3	305
3	38
0	235
2	84
723	0
0	0
0	0
0	0
0	0
0	0
0	0
0	25
0	6
0	3
0	25
2	0
0	4
2	3
0	3
0	0
0	0
832	0
4	0
55	138
0	17
3	73
0	30
0	24
16	245
1	241
0	51
0	14
0	30
0	15
0	19
0	35
0	0
0	0
0	0
0	0
0	2
0	2
0	2
1	0
0	0
0	0
0	0
0	0
0	0
0	0
0	793
0	51
0	96
20	142
0	0
4	459
4	3232
7	727
45	1341
23	233
4	646
1	3088
0	27
0	2941
32	271
15	699
96	662
72	671
0	21
0	21
3452	943
4	943
56	621
0	621
4	169
1	36
3	62
0	137
0	68
0	71
36	26
271	58
75	58
2	93
34	666
0	683
0	340
0	114
0	177
0	169
0	0
0	0
0	0
13	148
23	163
17	44
8	97
0	0
0	0
0	2
0	2
0	0
0	0
522	446
4	446
8	0
0	0
0	0
0	0
9	218
0	6
0	211
7	197
5	28
0	137
0	21
12	193
0	28
20	147
0	151
0	151
0	53
0	9
0	46
0	12
0	22
0	20
0	16
0	16
0	16
0	11
0	2
4	0
0	0
0	0
6	374
0	369
3	370
0	128
1	93
0	9
0	76
0	46
0	94
0	107
0	43
0	372
0	0
14	2
0	2
0	4
0	2
0	0
0	2
0	0
2	0
317	85
10	54
2	69
0	16
0	0
0	0
0	0
0	47
2	8
0	43
0	43
0	112
1	115
0	55
0	7
5	3
0	117
0	390
0	422
2	53
4	398
0	53
0	99
46	208
5	108
0	84
43	1058
2	882
6	177
3	1612
3	1620
0	1620
0	132
3	86
0	28
0	1597
0	1252
0	3
34	3
1	0
0	1
0	1
0	1
0	0
0	282
4	133
0	70
0	282
0	162
0	1
0	1
0	1412
0	1107
0	1069
0	795
0	324
0	745
0	796
0	507
40	1
1	308
11	206
13	152
0	1398
0	6
0	0
0	0
0	0
0	0
1	6
0	6
0	0
0	1
0	0
0	0
0	0
74	2309
40	2289
1	2250
0	1950
0	1262
22	1223
0	192
0	40
2	181
1	0
16	191
12	4
0	2
0	4
1	0
158	267
14	88
1	6
1	21
8	2
0	172
0	0
0	0
0	0
82	462
10	187
2	192
0	34
29	0
243	0
0	0
0	0
48	264
10	195
0	67
11	57
0	8
0	740
1	1
1	49
0	45
0	49
4	230
1	76
0	3
0	1
175	222
0	51
0	201
1	10
0	33
3	107
0	44
0	180
0	119
0	23
1	21
12	28
0	24
9	43
3	4
7	22
16	0
5	1
0	1
0	0
0	0
0	0
0	0
0	0
0	0
0	0
0	0
40	36
0	25
0	2
0	9
19	747
0	734
1	165
0	39
2	46
0	97
2	90
0	34
302	256
7	129
21	127
7	154
2	136
9	150
0	115
319	512
8	109
0	465
1	80
3	37
0	0
0	0
0	0
0	0
0	231
4	82
5	6
0	11
1	229
1	88
3	124
0	0
0	0
0	0
0	0
0	544
0	14
1	532
4	78
1	29
0	0
0	0
0	0
0	0
4	114
0	80
1	14
0	105
541	1213
41	1112
1	807
0	95
10	23
34	23
5244	0
0	40
16	119
0	119
0	102
0	17
0	57
41	8
2	11
0	3
34	733
7	0
0	0
0	3954
0	461
0	341
3	100
5	266
0	142
72	19
0	3976
0	0
4	3
0	3
0	0
0	0
0	0
0	0
0	0
0	343
945	317
24	201
123	64
3	53
0	11
18	911
28	901
8	821
0	242
1	226
7	3
0	3
35	248
0	241
0	31
2	113
0	84
0	0
5	0
0	0
0	3
0	3
0	0
311	1270
8	177
0	170
51	330
0	160
12	57
2	273
43	665
1	96
0	47
0	354
4	105
0	336
2	39
25	293
26	280
0	61
0	115
49	69
242	113
5	4
0	111
2	22
521	262
1	187
0	110
1	198
6	87
9	2
4	482
15	782
0	788
0	132
0	671
1	73
0	13
0	174
0	27
0	52
0	0
145	211
1	100
6	199
0	181
4	91
0	22
0	4
0	4
0	2
0	2
0	2
0	2
0	0
5	9
0	9
0	4
0	4
0	0
0	2600
0	278
3	2307
11	45
1	2364
17	639
40	163
0	163
10	20
0	50
0	33
12	22
21	5
0	5
0	1
0	4
0	5
0	2
0	2
0	3
0	0
0	46
1	30
0	27
1	18
0	2
0	2
1116	267
42	27
0	296
0	38
0	100
0	87
0	86
0	86
0	54
0	75
0	42
0	43
0	42
0	42
0	68
2	4
765	1156
3	1156
0	1052
1	885
0	0
0	0
0	0
0	0
0	0
0	0
0	0
0	0
0	0
0	0
0	0
0	0
2	3238
0	3240
8	1164
1	2003
29	608
18	34
0	578
0	10
0	10
1	2
0	0
400	0
0	2
0	2
0	1
0	0
0	0
0	0
0	0
0	0
56	51
0	9
0	47
431	48
5	48
1	4
0	0
0	0
0	0
0	7
0	2
0	1
7	856
0	855
0	506
0	793
0	490
0	484
1	797
0	798
0	48
48	713
3	666
0	203
0	0
11	157
0	159
0	146
0	0
0	1
0	1
0	1
0	1
0	1
0	1
0	1
0	0
9	141
4	141
10	1
0	16
0	0
0	191
1	132
0	118
23	132
8	64
2	15
1	28
0	201
0	10
0	37
1	0
0	19
0	6
0	1
1	0
2	2
0	16
0	6
0	8
2	12
0	7
0	4
0	37
0	0
0	0
0	0
174	37
0	12
0	12
0	22
1	6
13	3
117	23
0	23
320	684
0	504
18	374
22	573
0	68
0	553
0	72
0	1923
4	1955
2	276
3	174
3	76
1	182
0	67
0	0
0	0
0	0
0	0
0	430
0	10
0	399
0	166
11	322
0	332
1	391
0	92
0	148
0	100
0	153
0	0
0	0
0	0
0	0
0	0
0	0
0	0
3	81
0	53
93	531
56	519
2	143
0	114
0	111
3	70
0	61
0	49
0	14
0	18
262	451
1	248
10	212
0	220
18	38
0	6
0	6
0	120
0	39
6	120
9	120
0	2
0	2
0	0
0	0
0	352
0	4
3	352
0	41
0	298
0	107
0	173
41	64
0	164
0	164
0	82
27	70
0	0
3	0
1	22
1	10
0	6
0	144
1111	976
14	659
0	877
10	38
0	24
0	237
4	32
0	292
691	1206
3	119
1	643
0	991
49	0
0	0
0	0
0	0
0	0
420	827
5	826
2	783
0	124
0	6
0	6
0	6
0	8
0	3
0	1
0	7
0	0
0	6
0	3243
0	3478
0	327
0	770
5	379
2	118
0	351
60	456
0	372
0	377
7	223
32	2
169	1252
0	33
0	524
2	1126
0	903
1	284
0	514
23	263
80	115
0	191
1	71
0	7
0	0
0	0
0	0
0	8
0	11
0	10
0	4
0	0
0	11
0	4
0	0
0	0
0	0
1	1
90	0
1	0
362	97
0	97
0	800
3	837
0	977
11	1008
0	1038
0	1015
0	0
25	279
34	295
36	13
0	57
0	19
0	32
0	53
0	5
0	5
0	0
0	0
0	0
0	0
0	0
0	0
0	0
0	0
1035	9254
33	853
0	9250
387	45
0	17
7	13
1	32
0	0
0	0
0	0
0	0
0	0
0	0
0	0
0	0
0	0
0	0
40	96
0	42
0	83
0	16
17	3
0	11
0	3
1	0
1	0
0	0
0	0
0	0
0	0
0	0
0	0
0	0
6530	2114
10	640
3	492
13	91
9	856
0	0
1429	748
10	691
0	227
25	330
0	126
0	214
3	29
2	243
3	23
5	33
1	14
0	0
0	1
0	0
0	0
0	1
0	1
0	1
0	0
0	0
0	13
0	0
0	0
0	0
0	0
0	0
0	0
0	0
0	0
0	0
0	0
0	0
0	0
0	0
0	0
868	7140
4	5135
69	648
6	609
9	197
5	53
0	15
0	0
86	10
0	10
8	0
0	0
0	0
0	0
0	231
0	203
60	74
0	18
4	14
8	20
1	7
1	5
0	2
0	5
0	337
54	360
0	22
0	6
2	294
0	91
712	858
6	858
2	298
0	23
0	194
1	137
0	225
0	191
6	60
0	90
0	88
0	18
0	30
2	17
0	39
0	39
0	1
0	51
0	90
0	67
0	11
5	1
0	17
0	57
0	29
0	22
8	50
0	90
0	4
3	5
0	4
225	0
0	1748
1	23
10	14
28	358
21	1660
5	2
0	2
30	129
14	82
0	1734
626	1219
0	1219
0	0
0	0
154	327
7	0
0	327
1	102
2	132
21	2
164	181
24	50
6	179
1	0
0	0
0	0
0	0
0	0
0	0
0	0
0	0
0	0
143	0
536	178
51	134
428	3
2	1
0	0
10	107
21	47
0	72
0	56
1	85
0	67
0	59
98	65
0	64
0	49
0	44
0	28
1	55
28	152
0	146
3	28
16	0
0	121
194	138
0	182
5	174
0	33
0	149
31	139
6	33
0	43
0	46
0	15
0	15
0	6
0	0
0	0
23	56
8	56
1	61
0	62
0	41
1	5
0	1
0	1
0	42
0	0
2034	3883
4	2996
13	898
18	652
0	0
15	0
17	0
0	0
0	0
0	0
0	0
0	0
0	0
0	0
0	0
6	336
7	347
0	151
9	23
0	31
2	33
0	0
0	0
0	0
0	0
462	20
0	20
0	0
0	0
0	0
0	0
0	0
4	2815
71	2588
0	0
0	1254
7	226
0	412
1	635
13	1077
0	846
15	2754
0	0
0	4
1	4
0	11
0	12
0	16
4	14
0	6
1	3
8	6
0	1
0	1
0	1
0	0
1	41
4	198
2	31
0	32
163	198
0	0
0	0
0	0
0	0
3874	351
77	409
0	0
0	0
0	0
0	0
30	88
0	88
0	0
6	162
0	145
0	168
1	72
0	35
2	31
1	44
0	1
0	1
0	1
0	1
0	1
0	1
0	1
0	0
0	0
0	0
0	0
0	0
0	0
0	510
0	510
16	43
46	47
0	2
0	4
0	4
2	4
0	4
0	1
0	0
0	1
0	8
0	8
5	7
0	0
0	1
0	1
0	0
2	8
0	0
0	0
0	0
0	0
0	0
0	0
0	0
0	0
0	0
0	0
0	0
0	0
0	0
6	0
2	0
0	0
1	118
0	13
0	116
0	8
0	1
117	1646
3	1646
9	789
0	5
0	4
0	2
0	0
0	3
11	419
1	499
0	404
12	423
0	412
0	386
4	25
2	143
1	12
2	29
0	44
0	72
0	48
0	345
1	304
0	81
0	77
21	116
0	60
74	58
1	36
8	307
0	293
0	282
0	272
15	305
2	301
1	31
0	49
0	39
1	21
12	27
0	0
21	0
0	307
0	532
9	27
1	113
0	471
0	427
0	246
0	199
0	488
0	253
7	254
1	235
3	81
0	50
0	94
0	95
0	2
2	2
0	93
0	95
0	94
16	69
194	101
0	32
0	92
0	75
4	88
28	1
0	89
0	40
0	80
0	88
0	30
0	34
0	39
0	17
0	13
0	9
0	0
0	0
1	0
1	9
0	4
0	12
0	12
0	12
4	9
1	12
0	4
4	2
3	2015
407	2015
1	1141
0	0
0	48
0	0
4	48
0	0
0	3
0	29
12	14
8	15
16	23
0	21
0	15
0	18
105	205
0	205
0	0
0	0
0	0
0	0
0	0
0	0
0	0
0	0
0	0
0	0
0	0
0	1
0	0
0	1
0	1
0	0
0	0
0	1
0	0
0	0
0	0
0	0
0	0
0	1
0	0
0	1
0	0
0	0
0	0
0	0
0	1
0	0
0	0
0	0
0	1
0	0
0	0
0	0
0	0
0	0
0	0
0	0
0	0
0	1
12	461
4	390
11	102
46	458
0	0
0	0
0	0
0	0
4	262
7	262
0	253
9	253
21	0
10	170
0	57
17	604
7	604
5	56
0	120
13	68
23	1
0	0
0	0
0	0
0	0
1	29
0	0
0	82
0	85
0	77
0	6
0	17
0	71
1	1
0	68
0	7
0	10
0	13
1	12
0	10
0	0
0	3
0	1
0	82
0	82
1	240
0	231
0	238
0	2
0	237
0	29
10	5
0	69
0	1298
0	1250
10	1247
7	1277
60	1248
0	1234
0	72
0	1260
1	1252
0	1170
81	1168
1	20
0	23
2	1
0	1
0	21
0	24
8	0
0	22
3	424
4	76
3	292
69	27
0	379
2	1
0	97
0	189
0	355
6	19
1	81
12	7
9	46
0	65
0	72
0	42
1	44
0	174
23	54
0	129
2	95
12	69
272	135
0	135
0	0
0	0
359	0
0	13
6	10
12	5
1	14
0	861
1	777
13	330
1	119
16	858
5	81
4	212
31	881
0	0
1501	0
0	40
0	39
0	39
0	8
0	20
0	56
0	55
0	17
5	12
0	17
1	8
0	18
11	18
0	14
4	14
3	1
0	1
0	1
0	1
0	1
0	2
0	435
3	504
0	328
46	480
0	425
0	432
0	90
4	455
0	284
0	229
16	53
14	55
0	63
0	47
16	445
9	445
0	36
0	82
5	24
7	4
0	0
0	0
110	2334
14	2334
68	73
5	165
6	174
0	100
22	141
9	254
1	337
3	292
0	1111
1	646
57	142
0	142
4	8
0	0
0	0
0	0
0	0
0	0
0	0
0	0
0	0
0	0
0	0
0	0
0	41
0	41
0	41
0	17
0	8
0	0
0	4
0	4
123	306
2	301
2	1
3	0
0	0
12	1
0	5
0	0
0	0
0	0
0	0
0	0
0	0
0	0
2	500
0	574
0	529
0	40
0	118
25	510
4	0
4	257
1	250
0	242
5	131
0	122
3	122
0	94
5	36
3	29
0	0
1	33
0	33
0	5
0	2
0	0
0	0
108	1
9	1
0	0
0	64
0	7
0	62
0	35
2	6
0	1
0	5
71	201
0	46
4	221
1	221
5	25
0	7
0	86
7	75
0	532
0	1
0	11
0	59
0	507
0	42
2	507
1	30
3	59
3	47
22	22
0	57
2	58
1	82
37	120
0	39
2	17
0	2
10	1820
67	1904
0	0
0	0
0	0
0	0
1872	135
9	50
1	129
3	120
0	89
32	506
31	507
0	504
0	446
0	61
144	0
951	326
6	326
26	14
1	14
3	1908
15	2027
8	467
0	1446
4	791
17	742
0	548
5	706
0	717
0	100
0	343
2	394
6	338
2	57
0	47
5	53
0	82
0	2
0	2
10	0
2	158
1	102
0	34
0	34
0	34
0	34
0	99
0	27
2411	2701
1	558
15	1218
9	335
0	412
2	312
61	130
67	11
0	70
0	22
0	22
0	22
1	237
0	257
0	52
0	250
0	19
2	0
82	37
1	2
1	7
1	33
0	0
3007	0
0	0
0	0
0	0
0	0
0	0
0	0
0	1
0	1
0	574
0	50
4	0
0	13
4	15
0	574
37	6509
36	47
0	4222
37	5663
0	451
0	6099
35	2443
0	0
36	298
10	50
54	156
0	34
0	289
0	0
1	61
19	430
1	430
0	95
0	428
0	264
2	90
0	90
0	47
0	1
1	0
0	14
0	8
113	379
20	68
1	311
0	0
0	0
0	0
0	0
0	0
0	0
1068	185
4	161
31	24
0	2
0	0
0	0
0	2
2	71
0	56
0	69
0	4
0	6
0	2
0	0
0	12
0	1
1	31
0	10
0	71
9	199
0	209
0	150
0	191
2	152
3	5
0	2
0	0
0	0
0	0
5	0
0	150
0	151
0	150
2	152
0	151
3	31
0	65
0	66
2	64
21	52
0	27
0	6
0	0
0	0
0	0
0	151
1	962
367	962
29	153
0	772
0	72
14	123
0	57
0	1511
0	1528
0	317
7	418
0	1588
51	318
0	400
0	106
127	213
0	0
0	1586
0	201
0	561
4	0
26	558
4	43
45	382
3	31
0	351
0	0
0	0
0	0
0	0
0	0
0	0
0	0
0	0
0	0
0	0
0	0
0	0
0	212
0	2
3	207
0	211
0	26
0	18
0	2
5	0
6	12
1	0
0	8
0	3
2	9
0	8
0	3
55	144
0	106
0	46
0	12
382	655
100	51
1	31
0	595
0	26
0	123
0	270
1	161
19	130
0	0
0	0
0	0
0	443
7	126
12	382
3	243
0	135
0	163
1	128
0	97
15	16
0	59
6	7
0	28
1	30
0	30
0	21
0	0
0	0
0	0
0	0
0	0
0	75
281	75
0	19
0	19
0	3
0	0
25	188
0	145
0	183
0	202
0	66
4	2
0	45
16	0
2	6
0	7
0	16
1	3
266	180
8	14
0	60
0	7
0	57
0	37
2	14
0	33
0	23
2	0
0	2
0	0
0	2
1	2
0	2
0	2
0	2
0	2
0	0
0	0
11	3
0	0
0	1
7	24
3	188
26	324
0	213
0	257
1	0
2	3450
0	3234
0	3128
0	3367
0	3261
4	3408
0	3344
5	1392
2	98
0	446
1	247
7	152
9	783
0	129
0	462
4	372
0	136
112	17
1	8
0	9
0	3
0	3
0	1
11	330
0	298
0	330
0	161
47	126
0	139
0	155
2	92
10	31
68	46
0	46
7	2
0	204
0	204
0	0
4	384
0	344
15	130
0	4
1	237
4	161
5	95
0	53
0	73
648	287
37	0
56	39
0	26
0	10
0	9
0	0
0	0
0	0
0	0
0	0
0	0
0	0
0	0
307	1319
0	387
0	302
4	218
2	752
3	653
5	655
1	360
0	428
0	593
18	285
46	314
0	189
1267	1896
0	1679
0	427
53	1
0	229
64	0
1	6
743	607
53	607
0	0
0	0
0	0
0	0
0	0
0	906
0	969
2	670
0	345
5	265
0	231
48	442
0	400
0	424
0	382
0	349
10	92
0	143
4	48
4	145
2	1
0	1
1	3
9	3
19	766
0	510
0	574
8	344
0	227
0	167
29	177
7	40
0	0
0	0
0	385
0	481
0	177
6	142
1	40
0	1
2	1
0	450
0	201
31	1
55	5
0	46
29	233
161	931
0	863
0	840
0	830
1	831
0	1
0	1
0	1
1	2
10	2
0	0
0	0
0	0
0	0
0	0
0	0
301	17
1	17
0	59
8	631
4	631
0	98
0	166
0	176
1	60
3	125
2	157
0	75
0	304
0	70
0	0
0	0
0	0
0	0
0	0
0	0
0	0
0	1
1	1
0	0
0	0
0	0
0	741
0	748
1	9881
1	9815
0	6013
0	9325
0	5538
1	5680
0	879
0	680
0	9976
2	2625
0	743
0	10031
0	664
10	9888
0	676
0	808
4	8954
0	804
7	274
2	376
0	539
18	206
0	10000
0	792
8	792
1	792
5	805
0	52
0	37
0	52
7	15
4	1
5	700
0	269
0	755
9	113
0	26
24	30
19	413
0	155
0	817
13	0
18	548
10	249
0	0
1232	254
0	140
2	188
0	69
0	1681
5	1687
5	1659
0	94
0	1658
1	207
0	173
0	1669
0	1160
9	1097
0	95
3	1073
0	72
3	104
0	216
0	283
0	263
0	195
0	0
0	0
0	0
0	0
0	0
0	94
2	2
0	94
0	421
0	391
0	198
0	358
0	464
0	71
0	520
0	362
0	95
3	70
15	172
0	114
0	114
0	61
0	52
0	855
0	828
0	783
0	780
0	746
1	772
0	758
2	729
1	85
1	59
0	133
0	159
0	810
1119	148
29	0
1	22
0	0
2	2
2	56
20	68
0	2
3	168
3	16
1	90
0	0
3	171
0	47
0	156
0	14
0	33
0	20
0	0
0	0
0	0
0	0
0	0
0	0
8	30
0	12
0	11
0	7
0	7
1	8
4	588
24	617
1	408
4	309
0	158
11	15
0	7
0	14
0	3
0	1
0	0
0	0
0	0
0	0
0	0
0	0
0	0
0	0
0	0
0	0
0	0
0	241
15	242
1	118
17	246
0	152
0	111
0	46
3	10
0	4
86	251
0	253
0	251
3	12
0	0
0	7
0	6
0	5
3	0
0	0
0	8
1	7
0	7
0	0
0	1
3	1
0	0
0	1
0	1
0	0
0	464
0	174
5	24
0	24
0	464
19	19
0	1
0	18
1700	1204
8	1204
2	372
3	101
14	318
0	37
0	30
29	32
0	11
0	10
19	573
0	478
1	95
0	201
0	0
0	1
0	1
0	0
0	1
0	0
0	0
0	0
0	0
0	0
0	0
0	0
0	0
0	0
0	16
0	67
0	77
5	77
0	9
0	2
0	17
0	17
0	13
2096	564
49	0
0	417
36	33
0	33
0	24
0	15
0	1
0	1
0	1
1	0
0	0
0	0
362	0
740	57
3	57
3	222
2	221
4	217
0	21
0	26
4	161
2	17
0	12
0	0
0	0
1	420
24	40
2	420
2	40
3	95
3	18
193	506
0	449
13	454
0	331
0	76
39	24
79	146
36	26
2	9
0	144
0	0
0	0
0	0
0	0
0	0
19	8
0	8
0	6
2	3
0	5
58	21
43	151
87	156
0	21
0	43
0	32
2	14
0	0
0	0
1	16
1	16
0	4
0	4
1	0
0	0
112	77
0	27
15	55
0	40
3	17
0	4
2	93
69	93
4	91
5	4
2	15
0	4
0	2
0	4
0	2
0	0
0	4
0	2
0	4
0	2
100	154
0	149
0	5
148	57
0	42
0	43
183	5143
1	4139
21	216
5	637
129	3775
2	1185
0	1171
10	897
0	1
0	1
0	0
0	0
0	0
0	0
0	0
0	0
0	0
0	0
0	0
0	798
11	778
2	778
1	802
0	5
0	0
0	0
0	0
0	0
288	995
0	519
39	0
31	0
0	476
3	105
0	119
4	552
42	137
0	274
0	565
0	552
0	576
0	153
11	53
4	3
92	81
0	0
0	0
0	0
0	0
0	0
0	0
1	0
0	0
0	7
0	10
0	2
0	6
0	0
0	4
0	0
0	3
0	10
1	26
0	28
0	28
0	681
5	681
0	326
2	271
0	232
0	131
0	85
0	328
0	669
0	431
0	355
8	6
0	666
2	0
10	51
9	40
4	29
0	26
0	15
0	6
14	28
0	6
2	27
10	748
0	350
0	188
1	53
5	747
8	747
4	747
0	25
10157	12036
92	5547
32	5599
0	0
0	1425
0	426
0	552
0	1449
0	1433
0	263
0	1427
5	71
3	264
0	1433
0	1427
0	1453
46	0
0	2
0	2
4	8
0	8
0	2
0	6
0	240
2	240
0	35
0	0
110	878
0	976
0	961
0	931
2	967
0	859
0	763
0	800
0	687
0	255
0	318
2	16
0	0
76	664
2	116
0	589
0	664
2	372
1	66
0	42
0	29
0	34
1	1
0	148
4	140
19	149
0	47
0	19
0	0
0	0
0	0
0	141
0	42
26	144
0	45
1	493
6	365
5	410
1	483
0	0
4037	0
0	0
0	9
2	75
2	69
2	3
16	362
0	332
39	417
0	213
0	89
0	97
0	1
0	1
0	1
0	0
0	0
0	0
1	0
0	0
65	0
0	0
0	0
0	0
0	0
0	0
0	0
0	0
0	0
0	0
0	0
0	0
0	0
0	0
0	0
0	0
0	0
0	0
0	0
0	0
0	0
206	79
0	25
0	56
0	0
0	0
223	0
4	0
0	0
0	43
0	41
0	43
4	42
0	4
0	2
0	1
0	0
0	0
0	712
1	636
0	672
0	702
0	700
17	681
6	645
0	639
1	65
0	500
0	36
0	323
32	181
0	139
0	130
1	77
42	49
1	12
0	45
2	10
12	6
0	10
27	13
24	1
0	8
0	8
0	45
0	2
0	2
0	0
0	0
0	0
0	0
0	0
0	0
0	0
0	0
0	0
0	0
0	0
0	0
0	0
0	0
0	0
0	0
0	0
0	0
0	0
0	0
1	0
274	172
0	153
0	125
0	1
0	0
2	2
0	2
0	0
1	1
1	1
0	0
0	0
0	0
0	0
0	0
0	0
1	291
0	580
0	577
311	0
46	317
0	317
7	0
0	0
668	0
0	0
0	0
0	0
0	0
2	19
0	4
0	18
0	10
0	2
0	19
0	394
252	0
0	500
0	290
2	272
0	248
0	285
0	266
0	262
0	316
0	318
0	46
2	8
2	40
0	77
8	45
10	33
4	576
0	161
0	576
0	360
0	0
0	0
0	0
0	2
0	0
0	2
0	426
0	0
3692	1316
3	271
0	478
3	80
0	594
0	0
0	0
90	726
5	726
10	1924
0	581
1	60
0	555
3	119
0	66
17	1854
0	289
35	200
3	16
16	102
19	142
1	252
6	236
2	211
0	0
0	0
3	6
0	4
0	3
0	202
0	207
0	202
0	202
0	76
0	82
0	5
97	172
0	91
0	33
0	123
902	1547
0	1143
1	519
9	304
0	0
0	40
0	0
0	40
0	1601
0	4
0	4
0	0
0	0
0	0
0	0
0	0
0	0
0	879
24	417
1	600
0	724
0	726
0	315
0	313
0	1053
0	140
1	97
0	117
0	1042
4	4
0	4
0	0
0	0
0	0
0	5
0	5
0	5
2	0
0	0
0	0
0	0
0	0
0	0
11	125
40	211
236	1922
87	1813
0	336
0	675
16	1116
1	444
0	65
0	137
0	30
65	139
3	14
0	15
0	14
0	13
0	21
0	80
0	10
0	10
0	10
3	9
30	16
0	0
0	0
0	0
0	0
0	0
340	358
3	245
4	308
0	135
0	98
0	89
0	23
59	0
11	138
2303	2463
1	2345
5	2294
0	643
4	642
0	96
3	0
0	0
39	132
4	31
6	137
0	9
0	24
1	45
1	43
0	26
4	7
2	2
0	0
2177	391
5	94
13	91
0	124
4	50
8	78
4	4
0	262
0	0
0	2273
1	2274
3	2274
8	2274
43	2031
1	219
2	35
5	35
37	0
3	279
0	655
6	208
0	92
4	30
2	637
42	103
6	91
0	29
0	0
0	0
0	2
0	2
0	0
0	0
0	0
0	0
18	255
8	137
6	118
7	40
22	9
0	0
0	0
2	42
0	49
0	32
0	25
0	67
0	44
5	15
4884	2092
1	385
58	68
41	1637
46	1300
0	498
0	115
111	89
156	272
61	39
1	218
0	54
0	0
0	0
33	96
0	66
0	68
0	96
0	68
0	1
0	1
24	0
0	0
0	0
108	422
8	422
3	11
0	0
0	0
0	206
0	1165
121	1223
84	263
6	133
0	71
0	0
0	0
0	72
1	50
0	8
0	0
0	4
0	72
2564	90
0	90
2	679
0	567
0	175
0	121
0	122
0	50
5	6
0	664
0	2560
0	2608
2	497
1	1431
70	15
97	477
0	756
0	301
18	4
0	658
9	627
0	480
51	5
0	2
0	1
0	1
0	1
3	0
5	1
0	2
0	3
0	0
0	0
0	0
2	147
0	147
1	42
0	139
0	12
16	68
0	48
0	130
0	0
0	0
0	0
0	310
7	310
9	0
3	1053
5	552
6	0
7	31
0	0
0	31
0	0
0	0
0	0
91	0
0	0
0	0
0	0
0	0
0	51
0	0
0	0
0	0
0	0
0	0
7	108
0	97
10	89
1	78
0	13
18	3
2	3
0	0
0	112
4	88
2	112
0	41
0	62
4	13
2	30
0	5
0	4
0	2
4	5
0	4
855	1126
15	947
5	744
0	2
0	2
0	2
0	0
0	0
0	0
0	0
0	0
0	0
0	0
0	0
0	0
0	3037
21	828
0	792
17	640
0	789
85	17
0	2
0	17
14	15
0	0
0	0
0	0
0	0
1	0
0	1
0	1
0	0
0	0
0	1
0	4
0	4
0	0
2	0
526	470
1	460
14	408
3	0
9	105
0	8
0	15
56	257
0	120
0	1
0	0
0	1
0	0
0	0
0	0
0	0
0	0
124	0
1	132
0	132
0	8
0	0
0	0
0	6
0	46
0	3
0	47
0	47
0	46
0	3
0	6
0	12
0	0
0	37
0	47
359	149
1	146
0	0
302	503
0	242
0	271
6	15
26	75
0	187
0	1
0	1
0	0
10	1098
7	614
1	1071
0	898
0	250
2	261
11	0
1	0
0	0
0	0
0	0
0	0
0	0
0	0
0	0
2907	671
10	219
3	222
2	95
8	135
104	229
6	0
1	229
0	0
1	70
2	0
0	69
0	4
0	12
0	0
0	19
0	0
3	15
0	15
0	0
0	0
0	370
37	370
74	0
298	753
15	268
57	168
3	12
69	0
27	85
0	144
0	376
0	230
1	273
22	18
0	192
0	120
0	0
0	0
259	664
0	2
2	0
562	662
13	1
1	478
26	3533
3	3546
9	3
0	81
0	2081
3	11
0	3530
0	0
1	178
0	31
0	154
2	152
0	34
0	5
0	14
186	1333
0	1260
4	197
7	90
32	50
0	371
4	902
15	34
2	442
0	149
2	0
0	0
0	0
434	103
15	103
32	4
570	82
0	1124
1309	1184
0	967
0	894
3	0
0	543
4	54
0	7
0	54
0	550
6	520
69	196
0	520
0	526
8	185
0	2271
219	1234
0	355
0	1707
0	2212
0	2194
0	1961
1	1856
2	814
21	31
1	707
3	116
5	65
0	149
0	2256
0	0
0	0
0	0
0	0
0	0
0	0
0	0
0	0
0	5
0	5
1	0
0	3
0	150
0	185
0	148
0	178
0	0
0	0
0	0
0	0
0	0
0	0
0	0
0	0
0	0
0	0
0	0
0	0
0	0
16	1169
12	1152
0	1107
0	1104
0	1052
2	51
5	59
1	33
1	4
2	34
5	34
0	0
0	0
0	0
0	0
0	0
0	0
0	0
0	0
0	0
0	0
0	0
0	0
5	59
0	54
0	57
0	7
0	6
0	2241
115	2190
0	1607
6	165
16	109
9	237
7	592
0	553
0	890
0	0
0	0
0	0
0	2
0	0
0	0
0	2
0	0
0	0
106	332
16	273
53	72
0	404
13	373
1	156
15	48
34	93
0	35
0	67
0	83
0	63
0	62
0	2
0	0
17	2360
0	2361
44	0
1	2317
0	0
0	0
0	0
26	33
0	1
1	0
0	33
0	0
0	0
0	0
50	0
0	6
0	6
0	2
0	62
0	43
19	11
0	67
0	67
6	53
0	2
0	45
30	13
0	11
113	91
0	91
3	26
1	16
1	23
0	0
0	0
0	0
0	0
12	0
0	0
0	8
0	8
0	5
0	1
0	4
0	0
0	0
0	0
0	0
0	0
0	0
0	0
0	0
0	0
0	0
14	1
0	275
2	329
0	10
0	323
9	233
7	265
0	181
0	0
0	0
0	0
2	0
174	1057
3	1063
0	1010
0	55
52	0
2	19
0	0
0	0
13	9
0	8
0	1
1	1
0	2
13	985
6	992
3	837
4	12
1	981
7	395
0	16
0	16
0	16
0	18
0	2
0	2
0	0
0	2
0	1
0	4
0	4
0	1
0	0
0	1
40	388
0	150
4	107
0	0
2	177
0	230
0	277
0	318
0	288
0	236
11	123
2	54
0	0
4	1
0	1
0	1
0	1
0	0
230	324
0	43
2	71
2	14
0	296
0	150
0	84
0	5
0	2
0	0
1	5
0	127
0	114
0	194
0	166
0	146
0	177
0	152
0	149
0	121
0	167
0	88
0	47
0	136
0	121
0	0
0	0
0	0
0	0
0	0
0	43
9	43
125	234
7	234
1	41
8	41
972	364
72	165
53	343
0	0
0	0
0	0
1	14
1	14
0	0
0	0
0	833
14	423
12	556
0	376
0	810
0	793
0	478
0	475
0	527
0	793
0	816
0	786
1	680
1	308
0	15
0	262
0	284
26	140
0	8
0	0
0	238
0	284
2	260
6	88
0	56
0	250
0	172
0	0
0	0
0	86
0	86
0	25
0	20
1	198
0	56
0	65
0	214
0	625
171	684
0	608
0	648
3	9
0	42
16	4
0	33
15	466
0	452
0	100
11	307
0	6
4	237
21	15
0	0
1	527
2	535
0	131
0	84
3	54
0	19
0	9
0	0
0	0
0	0
0	0
0	0
0	0
0	0
0	886
7	866
78	880
0	21
0	0
0	0
0	376
0	189
0	209
0	246
0	64
1	70
5	55
62	143
0	127
0	111
0	64
7	170
0	146
0	128
0	1515
5	1500
0	1520
0	51
0	13
0	1489
0	0
0	0
3	513
0	545
0	615
10	710
3	72
0	71
1	443
3	679
55	698
0	138
0	452
0	138
32	33
11	538
0	177
7	112
0	531
3	63
0	72
0	189
2	431
1	8
38	0
0	515
7	116
6	73
38	73
3	351
1	351
0	282
1	339
1	47
0	67
1	19
1	55
0	58
0	16
3	0
0	0
0	0
0	0
0	0
0	0
0	0
0	1
0	0
0	1
0	1
0	1
0	1
0	1
0	0
0	0
0	0
0	0
0	0
0	0
0	0
0	0
0	0
4	1052
0	750
4	856
29	131
10	1007
0	111
8	322
5	223
0	0
0	33
0	13
0	896
0	0
0	136
0	0
43	14
4	3
0	879
0	0
0	891
40	117
28	134
2	311
20	148
0	896
0	0
0	0
4	360
0	360
0	42
0	0
0	181
0	199
0	171
0	215
4	159
0	196
0	182
0	140
0	16
24	2020
0	1990
0	1755
0	1518
0	1446
0	301
0	328
160	130
1	130
0	0
0	0
0	0
18	13
0	13
0	8
0	7
0	0
0	2
0	3
0	0
5	0
0	3
0	1
0	21
3	21
1	7
669	285
0	86
0	90
23	139
0	0
0	7
1	47
4	47
0	7
0	0
0	0
0	0
3	0
0	0
0	0
0	0
0	0
0	0
0	114
0	101
0	44
6	46
1	88
1	93
2	16
221	413
0	53
0	334
3	60
2	104
0	74
1866	5320
13	1173
32	1899
4	2314
3	797
0	4575
0	701
2	359
25	571
12	208
6	165
0	2
0	1
0	2
0	0
0	0
0	1
0	0
30	3068
0	793
0	746
3	105
18	203
9	999
3	460
5	100
1	202
8	85
0	42
0	146
7	96
1	89
50	0
0	2979
0	0
0	0
0	0
0	0
0	0
0	219
0	219
0	0
0	0
4	0
25	937
1	845
29	84
1	84
0	43
0	0
0	0
0	0
0	0
0	0
0	0
3	12
6	12
0	12
4	1
0	1
3	498
9	177
7	55
10	17
0	21
0	503
0	0
0	0
0	0
0	0
0	0
0	0
0	0
0	0
0	0
0	0
0	1
0	1
0	4674
0	2566
74	1695
0	2715
2	730
87	665
104	72
82	191
0	4757
0	1357
0	5500
0	1559
0	260
10	36
0	837
7	123
2	773
0	757
3	578
2	778
1	231
0	126
233	19
0	5516
55	444
24	56
0	18
0	388
7	78
0	0
0	0
200	233
368	233
0	3
0	0
0	0
0	0
189	91
0	66
8	45
1	6
70	211
0	20
13	20
0	107
0	85
5	304
0	305
0	286
0	43
35	71
0	304
0	5
1	6
0	39
0	304
0	304
0	3
0	0
0	0
0	0
0	0
0	0
0	0
0	2
0	1
0	0
0	3
2	0
0	0
0	0
0	0
0	0
0	0
0	1
0	2
0	1
0	3
4	41
0	41
0	43
0	39
0	7
3	13
0	4
0	2
0	2
6	2
8	178
0	172
4	137
0	146
1	41
0	88
0	46
0	54
0	46
0	0
0	0
0	0
0	0
6	192
8	155
3	8
0	187
0	11
3	11
0	0
1	5
0	5
1	8
0	4
49	91
1	85
2	25
5	5
4	1
4	556
0	357
0	399
17	78
0	408
0	75
116	131
1	106
1	17
0	118
3	43
5	1
30	706
0	1018
0	947
0	958
0	859
0	172
1	138
0	69
0	3
0	0
0	0
12	162
0	182
0	0
0	207
10	6
0	0
0	181
0	51
0	175
2	207
0	71
0	115
0	91
417	199
7	199
4	153
4	79
0	59
1	13
0	12
1	11
0	79
0	0
0	0
0	3
0	0
0	0
0	0
0	0
0	1
0	1
0	1
0	1
0	1
0	0
0	0
256	805
1	805
0	336
99	0
0	0
0	0
0	0
127	0
0	0
2	9
3	9
0	0
0	0
0	0
0	0
0	0
0	0
0	0
0	0
0	0
15	3868
47	26
0	1102
7	3257
0	3311
0	3201
0	3386
0	3378
0	263
0	70
6	10
0	284
3	216
0	484
43	2
10	241
5	286
0	3945
0	128
278	275
4	165
2	14
23	109
9	189
1	177
1	209
0	113
0	5
0	0
0	3
0	5
0	0
0	0
0	0
0	0
20	465
0	225
0	382
0	453
0	69
0	91
0	73
0	0
18	119
2	31
0	31
0	8
132	24
0	19
0	9
0	289
0	21
6	65
0	51
0	254
9	89
0	288
0	12
0	34
3	97
10	8
0	0
0	0
0	0
0	0
0	0
0	0
0	0
0	0
0	0
21	6
1	28
1	22
68	218
10	8
0	8
0	1
0	0
0	0
0	22
0	33
0	41
7	27
0	0
0	1
0	33
0	37
0	0
0	0
0	0
0	1
0	1
0	27
0	0
2	0
0	10
0	0
0	2
1	2
0	27
0	0
0	0
0	0
0	0
0	0
5	0
9	0
0	0
0	0
0	0
0	0
0	0
0	0
0	0
0	0
0	0
0	0
43	195
7	195
492	82
20	82
0	110
3	108
3	69
0	11
1	23
0	13
11	38
6	12
1	37
25	34
1	80
298	204
4	2
0	0
0	191
78	24
0	11
0	13
0	0
0	0
8	58
728	289
0	183
22	48
26	0
11	0
0	771
3	667
4	23
18	514
3	276
0	283
0	1
0	1
0	1
0	1
0	1
0	1
0	0
0	0
0	0
0	0
0	0
95	37
0	37
0	6
707	141
38	58
0	83
49	0
0	173
0	199
34	157
0	149
0	142
0	123
0	114
0	53
0	57
5	0
34	0
15	52
7	52
0	98
13	95
8	16
3	14
7	33
25	15
1	15
0	24
0	14
0	8
0	28
0	13
597	83
0	79
0	10
194	494
0	494
0	490
0	0
0	0
0	0
0	0
0	0
0	0
0	0
0	0
0	0
0	0
0	0
3	21
0	0
0	0
0	0
0	0
0	16
0	16
0	0
0	0
1	468
157	534
0	288
0	15
19	10
0	10
0	0
0	0
0	0
0	0
0	0
0	0
0	0
1	0
0	0
0	0
0	0
0	0
0	54
0	30
27	16
0	21
0	23
0	4
6	33
0	16
1	15
1	14
0	14
0	1
0	21
0	21
0	17
0	13
0	2
0	2
0	1
0	0
1001	138
26	135
2	1
0	1
0	230
6	719
4	683
5	36
5	239
1	27
0	211
7	167
0	0
0	0
0	0
0	98
22	20
18	29
0	61
1	3
0	0
0	19
0	7
0	54
0	27
0	34
0	195
0	197
1	180
0	172
0	145
0	85
3	65
2	53
0	72
3	16
2	49
2	197
0	1
0	1
0	1
0	80
3	21
0	59
0	70
0	49
3	9
0	3
0	7
0	8
0	8
0	14
3	0
0	0
38	0
0	7
0	9
0	9
0	0
0	2
0	304
0	331
0	329
0	332
0	88
0	101
0	86
2	62
0	32
2	11
0	0
0	0
12	88
0	3
0	19
0	75
1	0
3	48
10	48
0	3
1	34
2	1045
3	764
5	1028
0	764
0	764
0	764
1	889
11	55
0	7
0	92
0	78
2	3
3	7
0	72
0	27
0	24
0	21
1	90
7	10
8	8
0	19
32	37
0	0
0	0
0	0
0	0
0	0
2	340
0	0
250	258
4	178
5	177
0	101
2	139
0	74
1	102
1	95
0	134
0	167
0	29
0	25
0	5
0	30
1	4
0	4
1	0
0	17
2	240
0	251
101	225
0	422
0	92
0	92
0	386
0	164
0	96
0	123
56	336
17	696
1	713
0	151
3	125
0	77
2	302
2	136
0	90
0	57
3	55
0	24
189	30
4	38
1	46
0	6
5	40
0	32
0	707
0	0
0	0
0	0
0	0
0	0
2	70
14	436
2	303
352	485
118	663
91	51
24	142
8	665
0	368
11	4
439	42
1	42
6	160
0	77
1	157
0	155
0	157
0	77
0	77
0	49
0	39
0	21
0	18
0	37
3	129
0	138
0	15
1	41
0	18
0	16
1	54
2	1
3126	42
17	46
13	10
3	664
2	15588
9	15305
0	863
6	483
10	350
30	216
39	3232
101	3695
2	454
42	445
0	1
3	1
0	0
0	0
0	0
0	0
0	4
0	8
0	5
0	7
0	73
0	62
0	29
103	4025
0	3953
0	3282
0	459
0	752
8	575
0	151
46	400
0	4
0	4
0	2
0	2
0	2
0	2
0	2
0	2
0	2
0	4
0	0
0	3953
2281	4808
0	1405
3	1130
9	2170
14	1126
0	1184
4	939
0	0
0	0
0	0
2	551
0	472
0	205
5	117
0	190
0	189
4	18
1	148
0	148
0	41
1	91
0	90
35	1
0	551
13	261
0	261
4	217
0	200
2	27
0	19
0	3
0	20
0	5
3	10
0	11
0	11
0	4
0	6
0	3
0	5
10	5
4	3
15	644
0	729
0	578
0	588
3	63
1	0
0	0
0	0
0	0
0	0
0	0
142	28
17	28
0	10
0	10
0	7
0	4
0	1
0	1
0	1
0	1
0	1
0	1
0	0
0	0
1	0
0	10
5	222
2	381
0	18
8	24
2	35
5	4
0	17
0	10
0	226
0	0
76	638
2	610
3	308
1	39
13	11
81	34
0	22
0	20
175	523
1	492
0	51
10	186
3	9
0	0
0	0
0	0
0	0
0	0
198	96
34	96
0	0
0	0
0	0
228	169
0	108
1	69
0	99
0	0
0	0
185	32
2	32
1	0
4	0
1	0
0	0
0	1
0	1
0	0
644	42
20	42
35	42
1	0
0	0
2	0
0	0
1	0
0	0
0	0
0	0
0	0
419	1279
1	1279
0	0
1	25
0	25
0	0
0	0
0	0
0	0
0	0
0	0
989	12
0	12
0	0
0	0
0	0
0	2
0	0
0	1
0	2
0	0
1	2
0	0
0	0
0	0
0	0
0	0
0	0
0	0
0	5
0	3
0	0
0	1
0	1
0	5
0	0
0	3
0	3
0	3
0	3
0	3
0	3
0	3
0	0
0	0
0	0
0	0
0	1
0	1
0	1
0	1
1098	126
0	126
0	12
0	24
0	24
1	0
0	95
172	182
0	188
4	170
8	87
1	56
0	29
0	28
1	43
12	91
0	187
1	0
0	31
75	101
0	23
0	62
0	1958
0	774
28	77
0	949
0	1113
0	61
0	1134
0	422
1	302
14	945
0	112
0	85
0	1905
0	1950
13	17
0	153
0	0
0	2
3	14
0	125
0	122
3	128
1	223
0	222
0	201
0	222
0	225
10	173
0	218
0	15
0	28
0	31
0	0
0	29
0	63
0	60
0	49
0	44
0	21
0	42
0	42
0	26
0	42
0	37
0	14
0	17
1	3
2	423
0	417
0	419
54	222
0	139
4	33
0	430
470	1743
11	1
5	58
0	58
1	9
0	3
0	0
0	47
1	32
0	22
0	12
0	12
0	26
0	5
0	26
0	10
0	5
0	9
0	0
0	11
0	0
2233	2775
0	1204
79	251
93	1619
0	253
0	353
1	344
0	195
3	1
0	1
0	1
0	0
16	208
1	264
5	312
2	8
0	0
0	0
0	0
0	0
0	0
0	0
0	0
0	0
0	0
0	0
0	0
0	0
0	0
0	0
0	0
262	360
1	360
434	306
0	230
1	113
22	6
36	312
0	3
0	256
0	83
0	102
1	278
3	65
2	82
0	0
0	0
0	1
0	1
1	54
2	55
0	47
0	28
0	52
4	51
0	54
0	54
0	53
0	49
0	10
0	7
0	10
1	0
0	259
0	259
9	2
0	80
0	47
1	14
1	0
5	751
0	799
2	712
2	779
0	50
4	131
6	53
0	135
0	0
0	0
0	0
0	0
0	2
0	1
0	2
0	2
0	2
0	2
0	102
2	107
0	16
1	22
0	31
36	114
0	28
0	15
25	0
0	0
0	0
0	153
7	0
15	153
0	0
0	151
0	144
4	46
0	0
1	0
0	0
0	0
0	0
0	0
304	1436
10	503
176	703
0	80
3	375
1	297
0	0
2106	0
2	597
1	560
1	178
0	645
6	58
34	0
97	0
10	410
1	27
0	3
0	3
6	30
0	3
0	1
0	3
0	5
0	3
0	1
0	3
0	45
42	45
0	0
0	12
1	1
0	12
0	0
0	0
0	1
0	7
0	7
0	2
0	7
0	0
14	0
15	183
16	197
0	32
54	10
15	137
2	1
0	59
1	62
12	191
167	188
1	105
0	0
0	0
0	0
0	0
0	0
0	0
0	0
0	0
8	702
112	728
0	551
1	91
10	2380
0	2245
5	420
0	1735
0	34
0	211
0	38
0	3
48	191
3	179
1	18
1	172
6	27
0	119
0	21
0	10
0	12
29	175
0	159
0	136
0	11
0	39
0	7
0	81
0	0
0	0
0	596
0	595
8	436
5	33
1	70
0	91
5	18
1	76
3	66
0	2
0	2
0	0
0	0
0	0
0	0
0	0
0	1
0	1
0	0
0	0
0	0
239	74
0	74
0	0
0	0
8	1
0	0
0	1
0	0
0	148
1	151
0	75
0	0
0	98
0	147
0	37
1307	363
0	252
2	76
6	119
18	61
18	136
1	133
20	25
0	1
0	0
0	1
0	0
0	0
0	0
0	0
0	0
0	0
0	300
0	297
0	130
1	59
0	14
0	299
5	11
17	1
0	3
0	0
0	13
0	44
78	44
212	3861
3	1812
0	3754
0	3749
0	3630
0	389
2	261
0	158
1	175
0	257
0	364
0	183
8	190
3	113
1059	0
0	5
0	7
0	7
0	5
0	2
0	151
0	6
0	151
1	12
7	27
1	5
0	148
23	6
0	0
0	3
1	4
0	2
3	0
4	891
11	902
46	198
2	42
0	129
15	133
0	182
0	195
31	380
0	323
0	62
0	48
1	78
30	149
21	128
13	25
0	0
0	0
24	4
0	0
0	0
0	353
0	14
8	209
5	9
0	170
0	152
1	39
1	12
0	3
0	139
3	108
0	1
0	3
0	91
2	1
0	3
2	104
0	1
0	15
0	13
0	40
0	9
0	0
0	0
0	529
0	437
0	230
17	154
0	10
0	0
0	0
0	0
0	529
39	330
1	279
0	115
2	113
36	473
0	143
0	359
11	93
1	103
2	82
1035	794
3	781
1	219
1	123
22	443
0	415
0	85
0	98
0	0
168	83
0	9
2	74
14	26
0	210
0	238
0	90
2	301
0	257
0	224
41	232
13	5
0	196
2	1523
2	223
1	1522
55	1564
0	23
118	14
12	1550
0	0
0	0
0	0
0	0
0	0
0	24
6	22
2	6
1	2
4	0
0	0
17	1749
0	1786
20	1765
3	263
1	1398
46	1691
146	786
3	9
0	209
14	42
3	364
0	195
2237	554
3	554
1	422
0	1083
1	95
0	377
0	1086
128	347
0	185
0	109
0	73
2	1045
1	40
5	115
4	642
0	669
17	55
23	67
6	63
0	408
0	109
0	6
0	7
0	0
0	2
0	2
0	0
0	0
0	7
0	1
0	1
0	12
3	4
0	2
1	13
16	158
0	158
0	10
0	36
0	54
81	157
0	126
0	6
15	0
13	4
0	36
0	25
0	25
0	49
0	126
0	17
2	15
0	124
0	37
0	19
0	15
0	22
0	0
0	0
0	0
8	1884
0	52
0	1652
0	1231
123	67
2	5
0	8
10	38
3	15
36	9
0	11
5	14
1	5
0	240
0	42
0	224
3	123
7	40
0	96
3	52
0	54
2	736
0	387
1	494
1	651
0	672
0	390
1	457
179	841
0	651
0	759
44	140
0	22
28	130
0	118
1877	1207
25	1089
79	80
0	260
1	337
2	442
121	447
25	435
0	132
14	283
33	24
13	24
24	3
0	1
6	3
0	1
2	13
0	1
0	0
0	0
0	1
0	1
1	31
0	31
0	3
0	2
0	2
0	3
0	1
0	231
18	440
0	408
22	371
4	49
1006	1332
2	1060
13	1303
110	67
0	0
0	0
0	0
29	0
41	0
0	125
473	125
3	7
0	24
1	26
3	4
4	6
0	24
3	63
0	606
1	606
0	2
4	0
0	120
0	560
24	299
19	490
0	54
2	102
0	58
0	8
4	127
0	30
0	17
0	15
1	23
0	41
0	127
0	127
0	0
0	0
0	0
0	0
0	0
0	0
0	0
22	0
2	145
0	138
17	30
0	47
0	123
0	141
1	35
0	0
0	0
0	0
0	0
0	0
0	0
0	1724
0	1781
0	1799
0	1684
130	357
0	1181
1	1752
0	618
0	1533
0	1416
0	537
1	1525
0	89
45	115
0	78
0	110
4	114
25	877
9	325
143	444
70	0
0	0
54	124
0	79
0	112
0	0
0	0
0	0
0	0
0	0
0	0
0	2
4	364
0	227
0	73
1	183
38	227
0	83
108	180
2	57
9	995
0	1042
4	154
7	681
0	562
2	103
0	86
3	56
0	122
1	22
17	21
0	116
3	3
1	28
0	0
0	0
0	0
0	37
1	195
5	231
0	228
0	389
1	142
0	244
2	229
0	198
54	190
2712	1462
41	363
3	1144
17	173
1	103
7	103
0	100
0	52
2	30
0	29
0	12
0	0
0	0
1	0
22	180
0	34
1	180
19	1
47	143
5	143
1	22
43	174
2	159
0	33
0	1
1	0
0	31
4	271
6	169
2	178
0	35
0	53
0	68
30	25
3	48
65	29
1	51
0	25
0	0
0	0
0	0
0	0
104	6820
3	1804
35	1423
21	1515
0	6746
11	1
1	489
427	1441
8	1171
35	467
56	160
61	29
21	0
33	40
0	0
0	0
0	0
0	0
0	0
0	0
0	0
0	0
0	0
0	0
0	0
0	0
0	0
0	0
1	0
0	0
0	0
0	0
0	0
0	0
0	0
0	0
0	0
0	0
0	0
0	77
0	43
0	143
0	115
0	36
0	18
0	22
0	36
5	17
0	0
0	1
0	0
0	1
0	0
0	15
0	888
33	561
0	67
24	17
0	28
10	878
0	844
0	686
0	680
1	298
97	308
0	90
7	0
0	679
0	0
181	193
1	193
0	0
0	1659
0	1659
0	173
8	216
10	1640
13	460
0	0
0	0
0	6
0	6
0	6
0	6
0	0
0	0
0	11
0	11
0	0
256	0
2	17
295	82
0	21
0	47
0	14
5	0
0	2
0	2
7	574
0	570
9	275
1	0
0	0
0	0
0	1541
4	806
4	367
0	1514
0	1590
0	986
61	28
1	32
0	128
0	1463
0	97
3	94
0	41
0	84
0	36
5	0
19	0
0	14
0	0
0	0
0	0
0	0
0	0
0	0
1	36
0	35
0	12
0	0
0	0
0	0
0	0
0	0
0	0
0	0
0	0
0	0
0	0
0	460
0	119
17	90
0	75
0	62
0	460
0	0
0	0
0	0
0	0
0	0
0	0
0	0
0	0
0	0
0	0
0	0
25	126
172	0
0	810
2	793
6	761
0	264
0	76
0	795
0	807
1	9
0	32
0	26
1	27
1	35
0	469
1	23
0	67
0	0
0	0
0	0
0	0
0	0
1249	803
6	256
14	71
0	504
0	0
0	0
0	0
0	0
0	0
0	0
0	0
0	0
0	0
0	0
0	0
0	0
0	0
1	461
5	437
0	121
1	235
2	66
2	22
0	24
0	26
6	27
0	33
1	31
0	24
0	12
0	5
0	17
0	17
0	9
0	1
0	0
2	0
0	8
0	0
0	0
14	256
0	232
4	46
3	17
0	27
5	1487
0	1515
1	129
2	20
1	1524
0	0
4	10
0	8
0	10
0	11
0	4
1	9
0	9
0	7
0	0
0	1
21	0
0	0
0	0
9	2
0	0
0	0
0	0
1	2
847	553
0	355
4	24
73	359
0	191
0	160
3	0
0	0
0	0
1370	543
2	145
0	359
3	281
3	259
0	198
651	0
1	2
0	2
0	2
0	0
0	0
0	0
0	0
0	0
0	0
0	0
0	0
0	0
0	0
0	222
0	238
0	26
0	231
6	4
0	0
0	0
0	0
0	0
0	0
0	0
0	0
0	0
0	0
0	5
0	8
0	5
0	0
0	0
4	979
24	965
4	571
0	814
3	0
41	480
27	943
1	1
0	1
0	0
1	0
0	0
0	0
0	0
3	2
0	0
0	0
0	0
0	0
0	1
0	1
0	13519
75	2441
39	2
0	889
0	13460
0	13594
0	13650
0	12484
2	419
24	940
11	0
15	153
0	626
4	323
5	692
0	13378
0	5667
2	5209
22	415
0	347
0	389
0	2861
498	5331
0	1452
0	1440
0	855
0	377
19	5295
0	5171
0	682
0	1355
38	627
60	533
130	2546
0	723
4	1213
0	698
0	1313
0	5215
0	3456
0	3993
0	92
0	158
0	26
0	36
1	17
0	26
0	18
7	20
0	0
0	0
0	9
0	7
0	7
0	9
0	0
0	0
138	710
0	131
0	609
0	0
62	85
3	427
0	0
0	0
521	6383
0	4707
0	6240
25	2029
8	432
29	289
0	369
36	2631
2	903
0	1479
0	990
0	2
0	0
0	23
0	160
0	154
0	7
0	12
9	151
0	0
0	0
0	6
0	6
0	6
0	30
0	13
0	13
0	30
0	158
759	350
0	350
7	20
0	14
0	11
0	0
0	0
1	5
0	1
0	2
0	0
0	2
0	2
0	2
0	2
11	0
0	0
0	0
1	141
804	141
74	364
5	0
0	85
0	35
0	51
44	249
234	259
65	259
9	23
5	23
0	7
0	7
1	3
0	0
113	105
0	34
0	1
1	30
5	19
0	101
240	1885
2	1786
0	276
0	352
2	264
6	249
0	890
0	890
0	890
0	748
0	1
0	1
0	0
0	1
0	0
0	1
0	0
0	0
0	0
0	15
0	15
0	15
0	15
0	0
0	15
1	2
0	111
6	113
0	35
3	12
0	6
6	20
0	5
0	0
160	0
7	0
0	0
0	0
988	909
0	441
33	409
1	53
0	71
0	0
0	0
0	0
0	23
9	59
0	12
171	146
2	135
0	0
0	0
0	0
0	0
0	0
0	21
0	14
0	14
0	14
0	4
0	0
0	0
343	103
0	105
1	107
0	80
5	1
14	5
0	0
0	0
0	15
3	15
0	278
0	101
0	234
0	207
0	181
0	35
0	234
0	207
0	267
17	251
70	343
1	22
0	79
0	57
0	1
0	1
0	0
1	0
0	0
0	1
0	0
0	1
0	149
2	145
0	150
0	24
0	125
0	0
0	0
0	25
0	2
0	0
0	0
0	50
0	15
0	47
610	1327
12	1264
11	1340
9	406
216	25
11	140
0	91
76	94
0	73
0	0
0	0
0	0
0	0
0	0
0	0
0	0
0	0
0	0
0	0
0	0
0	0
0	0
50	274
11	18
0	23
0	0
10	78
0	213
308	1799
1	563
7	557
0	993
56	402
3	7
0	7
9	0
0	6
0	0
0	0
18	908
2	537
32	180
1	322
1	910
0	149
10	78
4	159
12	134
3	157
0	3
3	21
0	18
1	0
0	0
0	0
0	1
0	1
0	3
0	0
0	0
0	0
0	0
0	0
0	0
0	0
0	0
0	0
0	0
192	23
0	22
1	1
0	0
0	0
0	0
0	0
0	0
12	65
1	65
483	0
0	8
1007	602
0	587
2	465
0	44
5	104
0	19
0	120
2	40
0	28
0	105
0	9
0	5
0	8
0	7
0	5
0	4
0	4
0	3
0	6
0	0
0	0
0	0
0	4
0	4
0	4
0	0
0	0
0	18
3	18
0	12
0	2
0	0
0	0
0	102
0	129
0	125
4	91
2	28
2	16
0	0
0	0
0	0
0	0
0	0
91	1776
0	125
1	157
0	743
0	1737
0	1635
6	1598
6	249
0	0
0	158
0	132
16	123
19	35
1	258
0	295
1	227
61	147
0	91
0	160
0	161
0	155
0	161
0	165
0	156
0	162
0	166
0	168
0	163
0	165
0	154
0	158
0	155
0	154
0	146
1	0
0	20
0	10
0	8
0	10
0	101
0	103
0	18
0	19
0	3
0	158
0	160
0	1
0	1
0	1
1	848
4	848
2	848
4	806
0	721
1	79
0	13
0	93
88	173
0	21
5	16
0	169
0	20
0	27
0	0
0	0
0	0
0	0
2	254
138	1408
9	252
1	1252
57	1378
0	1
0	0
0	0
0	0
0	0
0	0
0	148
5	157
0	1
3	5
0	5
4	5
0	1
8	2
0	0
0	2
0	0
0	0
0	0
11	3
1	4
0	20
0	1
0	4
45	20
0	0
0	0
1	0
0	0
0	0
0	0
0	86
209	86
1621	804
69	804
0	9
0	12
0	15
0	13
0	15
0	13
0	1
0	11
1	15
0	11
0	2
0	9
0	2
0	4
0	12
242	1254
4	729
2	305
1	74
1	169
0	251
28	301
260	262
14	206
0	56
114	4
0	4
0	278
0	180
14	278
0	4
16	4
0	3
1	4
1	6
0	15
1	12
0	8
0	13
0	13
0	0
0	0
0	0
0	0
0	0
0	0
0	0
0	0
1	321
8	324
0	322
12	291
0	28
0	53
3	52
0	44
0	25
0	12
0	62
0	0
38	15
0	80
195	929
0	380
0	307
0	178
16	261
0	148
43	549
5	87
0	25
538	0
4	533
724	636
5	82
827	224
13	19
0	174
4	54
1	224
0	44
0	19
21	112
0	64
67	795
0	490
6	15
4	800
5	0
1	85
0	90
2	12
0	0
0	0
6	207
0	198
0	0
0	0
0	0
0	0
0	0
0	0
0	1
0	1
2	0
0	0
0	12
0	10
58	17
475	97
0	11
0	62
0	45
0	3740
12	813
3	3716
3	2794
0	818
0	2185
7	141
0	141
0	364
0	3259
0	273
0	308
0	981
0	734
23	439
22	2223
0	2
0	3
0	1
2	1
0	0
1	288
0	222
0	244
0	24
0	144
0	157
0	177
0	188
0	141
0	66
0	31
22	0
0	0
0	0
0	0
0	0
0	0
0	0
0	0
0	0
0	55
0	55
0	45
3	3
0	10
0	6
5	5
0	15
0	15
0	6
0	7
0	55
7	69
26	15
16	84
237	940
4	687
5	879
23	201
163	113
1	66
0	0
0	48
0	0
0	0
0	0
305	168
1	168
26	33
7	21
3	29
0	27
0	23
0	9
0	5
0	5
0	1
0	1
0	1
0	0
0	0
0	0
0	0
0	0
0	0
0	0
0	0
0	1
0	253
0	230
24	184
1	17
1	28
2	8
420	237
0	72
1	27
7	4
0	86
3	177
0	179
0	0
0	0
0	60
0	60
0	4
3	0
0	152
1	114
7	67
0	180
0	160
0	105
0	84
0	76
0	38
3	26
6	7
0	161
0	166
188	1064
432	1064
0	0
0	0
0	0
0	0
0	0
0	0
0	0
0	0
0	0
0	0
0	0
0	0
0	0
0	0
0	0
0	1176
30	217
0	1192
0	17
1	170
8	1183
0	880
0	28
1	106
1	181
10	158
0	55
0	1193
1	0
7	0
0	138
0	1
0	21
0	21
0	138
0	29
9	60
0	47
9	102
7	7
0	116
0	7
1	65
0	57
0	39
0	72
1	103
0	37
0	7
1	7
0	9
0	8
0	13
0	10
2	16
4	12
4	679
3	679
13	424
0	95
4	79
1144	129
52	129
29	337
0	85
138	246
54	143
0	14
2	57
0	18
0	10
1	31
0	28
0	15
3	17
3	11
0	0
0	0
0	0
0	0
0	0
0	0
0	0
0	153
0	157
16	114
0	134
4	6
2	129
0	32
0	34
0	27
5	150
0	149
24	671
0	52
0	89
5	30
7	102
2	576
0	210
44	0
14	80
1	28
20	54
1	5
0	8
0	13
0	0
0	7
0	7
0	6
0	5
0	20
0	20
0	19
0	6
0	4
127	171
4	171
0	0
0	156
37	9
4	62
11	64
0	39
67	894
0	684
23	862
0	410
10	156
99	96
0	67
8	11
4	11
0	0
0	15
5	15
0	12
0	12
0	11
0	10
0	0
0	1
0	0
0	15
0	15
0	14
0	3
1	0
0	1
0	0
0	1
0	0
1	0
0	1
0	0
1	2
0	2
0	2
0	749
0	455
0	719
0	38
0	145
12	165
1	41
8	55
42	19
0	3
0	35
0	34
0	409
1	415
0	58
1	134
1	25
0	11
87	11
0	0
11	890
0	1557
0	1528
0	0
0	0
0	0
3	0
0	0
0	0
0	197
0	189
16	199
0	200
0	208
18	179
3	151
0	165
2	9
7	18
0	31
0	153
37	10
0	2
0	9
0	7
0	1
1	1
0	0
2	0
0	0
0	4
0	4
602	166
0	65
2	33
2	81
17	9
3	236
667	236
30	59
21	1275
0	465
18	578
0	511
12	495
0	331
3	231
0	165
0	1339
13	35
0	35
16	793
1	3646
2	3845
7	3296
0	740
107	777
0	955
0	544
4	154
1	276
2	473
0	259
0	444
0	165
28	193
0	7
206	0
6	1
0	1
2	0
875	0
0	0
0	0
0	123
0	42
0	70
1	30
0	122
0	101
0	121
0	29
3	30
0	25
0	24
0	13
0	0
12	234
22	234
0	235
375	216
39	85
15	183
101	490
462	564
0	577
0	34
0	15
2	8
1	1
0	2
0	6
0	1
0	1
1	2
0	1
0	1
231	1299
0	885
0	635
10	46
89	0
0	73
4	102
4	55
7	45
0	54
0	36
0	15
0	19
2	23
5	12
0	105
0	0
0	0
0	0
1100	2900
1	2727
9	2110
12	1850
0	947
575	0
0	0
1	0
1	645
0	645
5	41
3	0
0	135
0	224
1	645
0	216
0	560
13	199
0	543
10	527
58	8
1	8
614	591
0	64
1	184
2	337
1	24
10	44
0	248
18	7
0	100
0	1738
24	1738
1	69
1	2
0	2
0	0
0	0
0	0
0	0
0	0
232	2404
0	141
4	141
0	997
6	934
0	54
0	88
0	19
0	980
0	997
445	37
4	18
5	19
4	2286
2	2302
2	12
1	459
2	107
17	2387
10	2365
0	1103
7	178
0	69
8	267
0	1097
38	102
0	745
0	298
1	273
7	1103
0	19
0	18
1	12
0	12
3	94
6	410
2	377
6	231
0	32
0	24
0	0
0	0
0	0
0	387
1	338
0	253
4	161
2	50
0	24
0	222
390	0
10	82
2	54
0	82
0	127
8	127
0	7
0	689
32	757
0	773
0	767
56	28
0	251
0	377
0	733
1	22
0	362
5	715
62	12
38	725
0	1
0	0
0	0
0	0
0	0
0	0
0	0
0	1
0	1
0	1
0	0
0	0
0	0
0	0
0	0
0	0
0	0
0	0
0	0
0	1
0	0
0	0
0	0
0	0
0	0
0	0
0	0
0	0
0	0
10	1253
10	687
0	100
19	408
14	458
0	798
0	841
3	223
0	96
0	29
1	30
0	153
111	0
0	103
0	99
1	17
2	5
352	0
4	0
314	0
2455	77
76	84
0	63
8	19
342	204
0	204
0	0
0	26
0	39
0	39
1	39
0	3
0	3
0	0
0	0
0	3
0	70
8	92
8	12
8	4
0	83
0	0
0	0
8	0
38	4
0	2
0	4
14	139
0	107
1411	591
14	438
0	0
0	0
0	0
0	0
0	0
0	0
0	0
0	0
0	0
0	0
2	249
0	253
8	59
0	234
0	32
0	0
0	0
0	0
653	518
0	331
0	67
1	120
1	229
0	263
0	127
0	145
0	133
0	137
6	1
0	1
5	25
0	21
0	9
1	1
0	1
0	22
0	4
0	4
0	4
0	3
0	3
0	0
0	3
0	1
0	0
0	0
2570	0
2	323
30	338
0	245
1	21
4	10
0	25
40	26
0	5
0	26
0	2
0	0
0	0
0	0
0	0
0	0
0	0
0	0
0	0
0	0
0	0
0	0
0	0
0	0
0	0
1	8
2	0
0	82
0	66
0	80
0	84
0	54
0	61
0	23
0	28
1	42
2	39
2	21
0	7
21	0
0	80
0	62
630	0
2	0
0	0
0	0
0	1
0	1
0	0
0	0
0	0
0	0
0	0
29	742
15	742
41	44
5	118
0	56
0	48
2	46
0	47
0	47
0	20
3	47
0	5
1	0
43	366
1	359
0	244
2	197
25	0
0	10
0	292
0	75
0	292
3	0
0	61
2	84
0	30
0	50
0	0
0	70
0	30
0	29
2	77
0	14
0	45
0	0
1686	1013
8	1
0	156
57	454
41	184
1	317
0	90
24	84
3	164
1	127
7	10997
2	3200
9	771
29	2623
7	2848
18	7511
0	0
0	0
0	2
1	12
0	2
1	4
0	2
0	0
0	13
0	2
0	12
0	1049
0	1010
0	130
0	969
0	986
0	84
2	934
9	24
0	115
3	86
10	49
7	43
0	0
0	0
0	0
0	0
0	0
79	127
3	30
0	85
0	104
1	86
2	58
0	3110
5	13542
143	1220
8	4282
11	209
3	1200
47	10242
2	4160
4	1050
3	1901
17	1136
5	375
0	363
5	6
3	130
2	83
0	18
0	6
2	0
28	0
10	71
0	71
0	5
0	0
0	0
0	5
0	0
0	0
0	0
0	0
0	0
0	0
0	0
0	0
0	0
0	0
0	0
0	0
0	0
0	0
0	0
1140	53
59	53
244	0
0	0
0	1316
1	1256
9	877
0	1274
832	7192
16	3029
65	901
0	0
0	0
0	2
0	2
0	3
0	3
0	2
0	2
0	2
0	0
0	0
0	2
0	0
0	0
0	2
0	2
0	2
0	1
0	1
0	0
0	1
0	1
0	2
0	0
0	8
0	8
1	3
0	4
0	1
0	6
0	4
0	6
2	5
0	0
0	2
0	3
1	0
0	6
253	0
8	871
0	419
0	181
1	416
0	300
0	423
0	30
0	268
4	846
0	194
9	123
0	0
0	0
3296	815
15	400
18	0
4	1901
35	1901
113	145
5	147
4	10
0	145
2	124
1	39
71	66
0	61
0	67
0	68
0	67
0	69
0	66
0	68
0	68
0	9
0	10
0	0
0	0
0	10
1	4
57	1294
0	1345
0	550
6	1308
33	995
4	927
0	149
5	83
194	0
11	0
0	0
0	0
0	0
0	1291
5	1128
12	319
1	30
1	172
0	328
4	63
0	468
23	82
0	0
0	71
1	72
0	24
0	5
0	10
0	10
0	169
0	145
4	25
0	58
0	165
0	100
1	141
1	76
0	0
0	0
0	0
0	0
0	0
0	0
0	1
0	1
0	1
0	0
206	79
0	31
0	40
0	11
0	2
0	15
0	0
0	0
0	0
2	0
1	20
0	2
0	20
0	7
0	0
0	0
56	542
1	284
0	266
0	508
0	75
5	233
0	0
0	0
0	0
0	0
0	0
0	0
0	0
0	0
0	0
9	0
0	36
5	3
25	38
0	34
0	34
0	32
0	30
0	15
3	3
1	3
0	0
0	0
0	0
0	2
28	374
3	374
2	117
2	73
0	44
0	60
0	64
0	67
0	38
4	0
4	1
0	1
707	90
0	90
0	0
0	0
0	0
0	0
1	0
0	0
3259	294
5	156
17	138
0	0
0	0
1034	0
0	1
0	1
0	1
0	1
0	0
0	16
0	0
20	16
0	3
0	1
0	4
0	3
0	0
0	0
0	4
25	204
0	129
0	118
3	0
0	0
0	0
0	0
18	3268
63	392
36	1189
1	3140
6	3143
9	1657
3	19
0	19
0	19
353	681
481	681
0	116
0	241
14	148
1	89
129	172
4	27
0	69
4	179
3	127
0	114
5	131
2	23
2	2
0	10
0	10
0	10
0	1
0	1
0	3
0	2
0	2
0	1
0	0
0	0
41	1000
14	37
0	980
0	296
50	285
2	404
2	482
1	248
152	1262
5	1262
86	180
0	96
0	68
2	49
0	3
0	3
0	3
2	121
0	132
2	130
0	0
0	9
0	22
710	432
23	432
1	63
0	24
0	0
0	0
0	0
0	0
1	0
2	0
0	0
15	675
0	518
0	530
5	524
0	473
2	86
2	96
6	63
2	64
1	80
0	56
548	278
0	9
4	157
19	241
0	186
0	15
20	69
0	48
1	55
0	1
0	1
0	1
0	0
0	0
0	0
0	0
0	0
0	0
0	0
0	0
0	496
0	479
0	393
0	222
0	425
0	97
0	175
2	108
0	85
1	107
0	28
0	0
1	502
0	490
0	187
0	55
5	17
0	48
0	0
107	153
349	1458
34	0
0	189
0	138
4	396
13	674
0	646
1	23
41	603
1	66
0	256
4	182
17	80
13	292
0	0
0	0
0	0
0	0
0	0
2	0
0	0
0	1
0	1
57	1094
8	1087
0	259
2	47
7	53
83	194
14	133
0	3
0	132
20	229
4	58
3	80
25	19
6	18
3	78
0	96
348	167
1	17
0	0
0	0
0	0
0	263
2	105
0	75
0	97
0	79
5	56
0	1
0	262
13	265
1	242
3	92
0	35
0	0
0	0
7	8
0	6
0	8
0	225
0	244
0	214
0	214
21	171
0	75
0	100
3	42
0	51
1	65
0	47
2	50
14	36
0	197
19	2265
0	2091
21	1940
52	2245
0	2236
0	2030
6	141
27	278
4	132
123	0
0	2253
131	565
0	551
1	45
0	24
2	57
1	109
17	147
11	4
18	0
0	58
1	38
4	30
4	31
3	5
12	12
0	376
64	376
0	87
0	1
0	4
0	6
0	2
0	0
1	0
54	648
13	359
6	289
17	276
0	230
16	223
4	231
1	88
0	13
0	43
6	86
0	85
1	23
91	1
29	21
92	364
4	23
2	50
23	356
0	37
18	0
0	0
0	3882
0	4134
12	3725
3	1716
10	186
0	2237
6	375
16	428
18	399
7	5
4	868
37	851
15	14
2	418
0	194
3	42
0	109
32	98
24	2
0	2
2	524
43	1782
0	248
0	1726
2	1452
0	1773
0	1292
6	128
63	980
0	138
1	137
0	154
0	0
0	0
0	0
0	0
0	61
0	37
0	3
0	31
2	24
0	3
0	61
0	0
0	0
0	0
0	0
0	904
0	378
59	3157
0	91
0	1858
0	2164
2	30
1	1736
0	1862
1	1823
0	2835
0	2727
0	229
15	163
2	1050
35	792
14	45
157	0
6	173
4	174
0	60
0	13
0	14
9	46
0	20
2	23
0	129
267	318
0	318
5	191
0	48
0	0
0	0
0	0
0	0
0	0
1	2466
0	2463
1	2451
0	2446
0	889
5	307
0	267
0	233
0	171
0	161
0	109
0	47
0	71
1	51
5	36
0	28
0	23
0	2490
0	0
0	0
0	0
0	0
0	0
0	0
0	4
0	4
0	5
0	5
403	0
27	0
0	12
0	0
0	2
0	12
0	0
22	104
0	0
0	0
0	0
0	1
0	0
0	1
0	0
0	0
0	1
0	1
0	0
0	0
0	26
0	24
0	13
0	12
0	4
5	4
0	6
0	0
1	2
1	1
5	1
0	9
1	256
1	471
1	2662
0	2663
0	3
0	3
0	3
5	0
4	553
0	0
6	2
2	33
52	649
2	25
0	608
0	555
0	578
1	19
0	401
2	0
0	536
2	362
0	18
0	8
1	23
0	18
0	484
0	111
0	38
0	16
0	489
0	584
0	493
0	517
0	517
3	467
0	287
0	543
1	484
0	406
3	146
34	145
0	15
0	278
0	61
0	246
0	266
0	15
0	92
0	541
0	394
0	550
0	535
0	536
599	0
259	801
2	379
2	198
0	311
6	25
0	9
163	43
1	33
12	35
3	5
0	43
0	114
0	159
0	115
13	703
0	704
9	369
0	181
2	180
0	179
0	134
0	101
0	188
0	162
0	143
21	102
0	131
0	133
16	7
10	48
0	0
34	50
0	2
0	10
0	10
0	27
0	30
0	0
0	0
0	0
0	0
4	0
15	0
2	0
0	41
0	41
0	41
0	37
0	28
0	15
0	11
0	1
0	2
1	6
0	23
1	2
0	13
0	4
0	0
3	175
2	1030
0	18
8	1031
6	1015
0	62
2	158
1	106
0	0
0	0
0	0
734	0
2	33
1	56
0	44
5	27
1	25
3	0
0	0
26	3283
0	2562
4	360
0	824
5	520
5	195
6	653
3	137
0	3283
761	378
1	267
62	114
1	39
998	0
28	0
1	60
0	21
0	21
4	3
0	7
2	16
0	11
2	7
0	45
0	0
1	113
134	115
7	1
11	2
0	14
400	152
7	152
0	170
4	10
3	158
103	115
2	115
327	376
1	376
1	95
2	0
0	0
0	0
15	790
16	787
0	461
8	331
0	638
0	0
0	0
0	14
0	14
0	5
0	0
1	4
0	1
2	6
0	3
0	2
0	0
43	0
1	0
0	0
61	2
0	256
0	1809
80	237
0	725
0	1826
2	1002
0	0
0	0
0	44
0	33
17	65
0	11
0	0
0	6
0	6
0	13
0	1
0	11
3	13
0	12
0	6
0	10
0	1
0	2
0	8
0	6
7	0
2	51
0	16
9	14
0	42
0	33
0	0
0	0
79	0
4	0
0	2262
14	1720
0	1516
1	832
0	404
1	32
5	272
0	875
6	334
0	542
0	204
0	201
0	1159
0	1120
0	943
5	816
0	489
0	327
0	795
13	15
23	909
0	904
0	909
0	438
0	2
0	2
0	1
0	2
0	0
0	0
0	0
0	0
0	0
0	0
0	0
37699	2049
0	780
21	736
68	1990
23	723
0	0
5	812
31	832
48	21
1	715
4	35
0	201
0	99
103	263
30	81
0	70
0	14
5	1
2	25
2261	754
2	107
0	323
3	324
12	482
0	440
0	504
0	224
0	19
1	0
0	0
0	0
0	0
0	0
0	0
81	1895
105	1972
0	154
25	266
22	69
6	25
84	1934
2	3
3	3
5	1
20	40
0	31
0	9
0	7
0	7
0	7
0	7
1	0
0	0
31	96
0	62
0	5
0	53
5	7
0	6
0	2
0	0
26	998
1	217
0	28
0	310
6	253
4	158
0	972
8	82
1	70
2	43
0	141
0	57
0	96
0	184
0	170
151	126
0	10
7	81
1	12
0	31
0	58
0	66
0	2
0	5
0	3
0	2
0	2
0	3
0	8
10	0
0	0
0	1
0	1
0	1
0	0
0	11
0	11
16	763
7	612
623	815
5	815
5	551
2	29
29	110
1150	1326
18	696
5	126
2	25
0	81
2	1
1	215
22	280
0	186
0	0
0	1
0	11
0	0
2	1
0	10
0	0
0	0
0	0
0	11
54	10
2	8
0	8
0	7
1	7
92	190
216	190
4	156
0	158
13	87
0	64
0	34
0	0
0	0
0	0
0	0
0	0
0	0
0	0
0	0
5	332
22	615
10	221
9	87
0	180
6	121
3	26
6	25
0	8
110	103
0	40
0	24
0	14
0	14
0	17
17	215
1	0
21	104
0	104
0	0
0	0
6	19
0	19
0	1
0	4
0	0
0	0
0	0
0	1
0	1
0	1
1	1
4	1
0	0
12	194
0	112
0	110
1	184
1	124
1	82
98	99
7	46
30	80
0	0
0	0
0	0
0	35
0	1
2	2
0	0
0	1
0	1
0	33
0	1
0	35
0	35
0	0
359	97
0	83
5	67
0	29
0	14
381	2084
2	2029
4	70
4	205
0	488
472	3
6	3
1	3
0	0
0	0
0	0
0	103
0	103
0	0
650	1202
20	67
23	1079
3	251
0	149
0	182
0	2
0	13
0	20
0	11
0	13
1	16
0	8
36	688
2	253
0	251
0	435
0	65
3	250
0	0
0	0
0	3
0	3
0	2
0	1
2	1
182	375
0	339
5	36
0	16
0	16
0	16
0	15
0	16
0	9
45	386
0	333
1	145
0	72
0	201
0	95
0	30
1	3
1	3
0	201
0	7
0	7
0	0
0	0
0	0
0	0
0	56
5	7
0	50
1	2
10	60
0	140
0	387
3	152
1	0
0	95
0	2
0	62
1	47
0	150
0	0
0	23
8	179
2	0
0	0
36	0
0	0
4	0
0	0
0	213
1	208
0	26
0	121
0	31
182	1913
0	1920
2	897
3	29
2	1098
1	1401
10	723
29	373
0	422
67	395
0	116
0	0
1	54
0	54
0	6
0	6
0	6
0	59
0	66
0	59
2	0
0	9
0	50
0	10
0	6
0	0
194	450
2	436
2	3
0	185
0	41
0	1393
0	23
6	44
0	167
0	342
3	16
3	1433
3	0
20	11
11	164
0	164
4326	3696
3	2310
5	1492
531	334
0	46
0	103
0	155
0	140
109	1245
0	47
2	279
0	1412
0	1438
5	1417
16	1379
0	1913
13	1913
0	1185
1	1738
18	799
3	1856
8	109
1	382
0	298
0	73
2	266
0	52
1	7
116	104
0	92
4	40
10	992
2	816
0	556
3	261
0	57
0	46
0	257
9	39
47	441
0	154
2	292
0	293
6	41
132	0
0	976
6	105
1	81
0	11
29	93
37	1075
22	696
1	565
5	297
42	341
0	345
21	293
0	0
0	0
0	35
1	16
0	7
0	27
0	0
0	146
5	229
23	181
0	200
0	55
8	705
4	16
1	50
8	690
3	118
0	22
0	33
0	11
0	0
0	22
0	33
1	2154
0	1860
0	770
6	613
3	1047
11	2090
470	553
0	126
18	427
0	0
0	0
0	0
0	0
1	1195
4	338
0	1202
0	33
2	146
14	31
173	203
2	45
0	101
4	26
0	4
0	9
0	8
0	4
0	4
0	1
0	1
9	0
2306	1244
1	654
13	142
0	403
7	402
728	462
186	334
31	31
5	31
2	3
0	0
0	0
0	3
0	0
0	0
0	1
0	0
1	0
0	0
0	0
0	2
0	0
0	0
0	0
0	0
0	0
51	2565
20	2520
17	611
1	298
16	0
4	95
0	83
11	13
5	35
0	0
0	0
0	0
0	0
0	0
0	32
0	23
0	0
0	5
0	14
0	0
0	32
0	39
2	402
0	53
1	9
1	1
3	408
0	409
0	401
0	4
1	5
0	43
0	5
0	409
0	407
0	124
0	124
0	126
0	126
0	93
0	117
2	2
0	9
1	55
0	6
0	3
0	0
0	124
0	11
0	16
0	16
0	16
0	0
0	0
0	135
7	59
0	13
20	52
6	99
0	126
0	31
0	93
1	13
5	134
561	1114
1	81
497	1033
1280	715
0	0
0	0
0	0
0	0
0	0
0	2
0	2
0	0
0	0
0	0
0	162
0	125
0	159
0	142
10	0
3	12
0	0
0	0
0	0
0	0
54	5
8	1373
293	1419
1	57
37	2
2	657
0	50
0	164
1231	2217
0	1052
0	1204
9	284
14	279
470	37
0	37
0	0
0	0
0	0
58	113
571	408
5	156
10	41
1	29
0	113
3	48
1	60
8	0
0	0
0	0
0	0
55	401
14	398
24	150
4	62
0	0
0	0
0	0
2	41
0	41
0	41
0	0
0	0
0	0
0	321
0	293
4	194
23	142
54	13
0	17
0	323
201	370
23	370
35	145
8	14
2	0
0	3
0	4
1	8
0	0
0	0
0	0
2	1
0	1
0	0
1	0
0	160
2070	160
0	0
35	0
0	0
0	0
0	0
0	0
0	0
0	0
0	0
0	0
2	5
0	5
0	5
0	5
0	1
0	4
0	0
0	133
0	131
0	4
18	139
0	138
0	15
0	129
0	1
0	1
0	0
0	0
0	0
89	13
1	13
0	0
0	0
0	0
0	0
26	30
0	30
1	4
1	593
0	100
27	3
98	101
8	537
0	1429
12	57
0	100
2	57
36	661
0	1792
1	293
42	203
2	203
0	106
2	71
1	33
0	0
1	4
1	4
0	4
0	1
0	0
0	0
418	247
8	247
27	28
4	118
0	0
0	0
0	0
0	0
0	0
0	1329
0	1274
2	1244
0	725
0	284
0	178
4	174
0	43
0	282
9	114
0	213
1	361
0	209
54	460
14	115
0	61
0	53
0	1345
0	0
0	0
0	0
0	0
2	23
0	0
0	0
0	0
0	0
0	0
0	0
0	0
0	6
0	8
0	15
0	15
0	8
0	8
0	7
0	0
0	11
0	0
0	0
36	0
0	0
1	0
0	77
0	84
0	79
0	72
0	84
3	79
0	0
0	0
0	0
0	0
0	11
0	24
0	17
0	0
0	0
15	581
0	249
0	251
2	253
23	332
3	38
216	998
45	9
0	838
5	11
2	990
1	42
0	123
36	16
3	389
0	402
0	164
60	163
26	0
0	279
533	1685
0	422
2	1524
0	1367
24	205
0	1399
0	107
0	283
6	1275
5	1498
0	129
14	78
6	21
1	885
25	78
14	495
286	134
0	134
4390	102
11	102
505	21
1	21
0	19
0	11
0	11
0	0
0	0
0	0
0	0
0	0
0	0
0	0
5	334
1	334
0	0
0	0
0	0
0	0
0	0
0	0
0	0
0	0
0	0
137	949
0	793
1	20
17	755
0	615
4	12
2	43
0	673
10	238
10	210
0	35
0	7
0	7
8	1007
0	987
0	88
0	8
0	73
136	45
0	0
4	1
0	46
0	31
0	0
0	4
0	14
5	14
0	145
0	146
0	130
1	90
0	81
2	3
21	39
972	62
0	48
0	54
1	54
0	54
4	54
0	54
0	52
3	10
11	78
63	77
0	18
0	12
0	0
3	25
7	25
0	0
0	11
1070	705
16	206
0	85
1	471
0	2
6	21
0	15
0	15
0	15
0	15
0	2
0	0
0	103
142	192
8	50
0	48
0	1
0	2
0	288
1	288
0	47
5	23
2	7
0	93
1	25
10	26
2	66
2	15
0	93
20	0
1	0
1	0
1209	4816
8	577
10	147
16	140
0	403
0	42
1	41
1	5
4	2
0	3
1	1
38	14
0	3
0	11
0	0
0	0
0	0
0	26
0	26
11	15
4	15
0	1
1	0
0	0
0	0
0	0
0	60
0	13
0	63
0	13
4	48
1	11
105	1161
1	307
2	1064
0	0
0	0
0	0
0	5436
0	5283
0	5331
0	5178
2	5096
6	258
4	176
15	0
2	6
0	26
64	61
7	1
3	29
6	49
0	83
14	102
1	5
0	19
0	0
2	0
31	17
0	2
2	2
0	0
1	0
0	13
0	9
0	9
0	10
0	4
0	6
472	161
0	96
24	65
0	15
38	17
0	17
259	116
1	63
5	88
2	59
4	44
2	21
0	21
2	3
0	3
0	0
0	0
0	0
0	0
0	0
0	0
0	0
28	553
0	1397
0	1144
183	1540
12	44
9	46
23	107
0	330
0	0
0	359
3	358
36	325
0	253
0	211
2	2
44	97
1	97
324	163
35	23
13	63
0	72
0	106
5	23
1	82
417	2122
8	1984
4	1991
45	1993
137	53
3	264
1	68
8	0
79	0
0	0
0	0
0	0
0	0
0	0
20	88
0	87
0	82
0	81
0	75
0	68
3	1
0	0
0	0
0	0
0	0
0	0
0	0
0	0
0	0
0	0
0	0
0	0
0	0
0	0
2	1
0	70
1	52
0	70
0	571
5	565
21	577
0	587
0	197
5	73
1	128
4	146
5	110
20	60
0	17
0	210
43	137
0	26
0	211
1	739
0	538
0	747
54	449
5	115
0	51
0	31
0	41
1	118
0	736
0	165
0	10
5	10
1	6
0	161
0	40
0	109
0	30
0	9
0	12
0	6
0	32
0	5
1	7
0	707
0	697
0	140
6	526
2	168
55	175
7	40
0	194
0	84
1	77
0	64
1	113
0	197
0	102
0	189
3	38
0	172
0	154
16	123
1	26
10	27
0	71
0	10
48	12
0	3
0	0
0	0
0	0
0	0
0	0
0	587
0	48
13	542
0	481
11	18
0	18
46	336
1	331
0	267
17	11
0	43
0	22
0	54
0	9
0	0
0	25
1	0
3	25
0	23
1	16
1	16
0	23
0	707
18	704
0	392
0	537
0	189
0	4
95	35
0	13
7	398
200	421
0	9
0	354
14	3
13	12
0	0
0	8
0	0
0	1
0	7
0	1
0	6
0	2
0	5
1	1
0	0
1	5
0	1
0	0
4	3
0	3
0	0
0	51
14	374
1	361
9	21
29	138
0	375
1074	0
0	869
2	37
0	1260
0	738
0	10
21	1351
1	146
0	1140
2	875
1	279
0	602
0	198
0	370
1	301
0	235
0	287
27	570
15	2732
1	2735
0	1557
119	1557
24	2692
0	2693
121	36
3	36
20	15
0	12
0	7
8	0
0	0
30	17
0	17
0	0
0	0
0	0
2	47
0	46
0	1
754	1112
0	216
0	909
300	0
3	869
0	73
1	238
3	214
42	876
0	283
0	128
2	150
10	109
2	60
767	0
38	350
0	302
20	410
2	153
8	85
0	102
0	39
0	57
5	1263
0	535
0	903
1	1075
0	522
15	183
20	498
580	1676
28	244
0	0
0	0
0	0
0	0
1	0
5	4155
125	1186
0	4155
0	3
0	41
0	2
0	42
0	31
0	18
1302	0
3	0
0	25
0	617
0	625
0	632
52	640
4	130
0	42
0	526
0	229
3	43
0	137
0	94
0	54
0	86
3	87
0	66
1	67
0	31
0	12
0	0
0	0
0	0
0	0
0	0
0	0
63	16019
1	13182
52	3661
649	11114
12	11049
10	1646
3223	5678
7	2444
0	1545
0	0
1	46
0	46
0	0
1	7
2	7
0	0
0	0
0	0
46	404
2	402
0	373
242	160
0	47
0	22
0	374
0	768
36	770
2	527
0	480
332	76
0	76
0	0
0	0
0	0
0	0
0	0
0	699
0	799
0	322
2	711
0	329
0	248
0	398
0	171
1	199
0	355
0	312
1	311
3	274
0	130
0	70
8	2
0	1
0	0
0	1
0	12
0	12
0	0
0	0
0	0
1	11
1	11
0	0
27	152
4	152
7	42
0	0
0	0
4	227
217	701
0	227
2	227
0	225
5	292
0	292
11	81
0	0
0	0
0	0
0	0
0	0
0	0
0	0
0	0
0	0
0	0
0	0
0	0
0	0
24	186
0	0
1	0
0	0
0	0
0	0
0	0
0	0
0	0
0	0
0	0
0	0
0	0
0	0
0	0
0	0
0	0
0	0
0	0
0	0
0	0
0	0
0	0
0	0
0	0
0	0
0	0
0	0
3	766
0	766
0	766
0	11
0	9
3	1
1	1
2622	506
0	196
0	308
0	0
0	0
0	0
0	0
0	18
0	0
0	8
0	18
6	13489
2	1271
4	12686
12	8308
141	12796
0	12670
0	0
117	177
1	53
0	27
9	15
0	165
0	29
72	40
0	40
1	966
81	992
0	1004
67	976
587	63
260	43
2	43
0	0
0	0
0	0
0	0
0	0
42	100
0	25
0	94
0	22
0	64
0	2
0	75
0	25
0	20
0	25
1	1
0	1
0	1
0	1
0	0
7	0
0	0
0	0
0	0
85	310
1	138
0	89
1	196
0	38
0	6
0	6
0	1
0	3
0	0
0	0
0	0
528	0
0	0
0	8
22	17
0	17
0	0
0	0
0	0
0	0
0	0
0	0
0	0
0	0
0	0
0	0
0	0
0	0
160	100
25	9
0	109
4	81
0	10
0	0
0	164
0	907
22	467
12	16
0	867
5	443
0	833
0	826
0	84
4	31
0	111
0	241
4	214
8	99
0	141
0	139
0	136
0	93
0	96
2	67
0	28
41	0
0	0
0	0
191	57
0	40
0	29
0	17
0	41
0	198
0	190
0	85
0	9
4	32
0	30
17	7
10	1
0	0
74	164
0	100
2	0
0	0
0	82
1	37
2	34
0	63
12	20
1	20
2	21
2	5
2	3
397	50
0	22
0	46
0	28
0	36
2	3085
0	1060
2	1784
36	228
11	312
0	979
0	812
0	650
0	722
0	220
6	278
0	3085
1	57
106	142
0	156
20	51
1	139
0	9
0	0
0	3
1	9
0	9
5	88
0	68
0	76
0	58
0	39
0	31
1	41
3	12
0	25
0	8
20	31
0	7
176	205
9	217
0	134
0	116
5	15
1	92
0	316
1150	766
3	504
9	109
1	146
4	113
0	915
17	36
0	342
0	278
2	478
11	120
1	63
5	29
2	140
0	915
0	22
1281	22
2	0
7	4246
0	4895
0	3925
0	5179
6	765
24	984
168	26
323	320
1	31
8	289
0	88
0	13
75	0
0	0
0	0
0	0
22	1128
87	1524
0	244
0	110
0	406
0	18
1	18
0	0
0	0
0	1018
46	1018
12	138
462	937
0	158
2	260
3	313
4	96
3	82
0	554
4	568
0	0
0	0
0	0
0	0
0	0
0	0
0	0
0	0
0	0
0	0
0	0
369	0
50	260
0	16
0	29
0	258
0	7
0	0
0	0
0	0
0	0
0	0
0	4
0	1
0	4
0	4
3	2
0	0
0	2
0	2
0	36
0	36
0	6
0	0
0	3
0	8
0	0
0	0
81	0
0	496
0	0
0	0
0	497
0	352
2	414
19	36
0	19
1	32
0	35
0	10
0	0
0	0
0	0
0	0
0	0
0	0
0	0
0	0
0	0
0	0
0	22
0	36
0	0
0	36
1	19
125	28
3	28
4	0
143	18
0	18
1	0
1	7
0	7
0	7
0	7
0	7
0	7
91	0
4953	0
22	4
3	4
0	0
0	0
149	475
0	59
20	416
16	2
4	59
0	90
0	50
11	186
1	126
4	120
0	0
0	0
0	0
0	0
5	2
56	18
0	2
0	2
0	0
2	18
102	78
0	43
0	19
1	17
0	6
1	1
1	15
11	169
0	159
0	169
37	0
0	0
0	0
0	0
1	1
0	1
0	0
0	1
0	0
0	0
0	1
0	1
0	0
0	0
0	0
0	0
77	384
0	384
0	17
261	1842
5	36
14	191
2	1615
10	0
1	58
11	308
3	166
0	0
0	0
0	0
0	0
0	0
0	0
0	0
2	175
2	189
0	175
0	171
7	11
2	3
0	0
5	396
0	305
1	199
0	266
6	237
12	18
1	76
1	14
4	0
0	295
0	296
0	53
2	296
0	102
0	24
6	20
61	2480
1	4387
7	2477
10	4188
14	2712
16	541
1	5
0	4
0	10
0	1
0	7
0	0
0	6
0	2
0	0
0	8
6	317
5	110
1	89
23	98
4	42
0	38
0	35
9	70
1	53
0	10
0	18
0	4
2	10
0	8
0	0
0	0
0	0
0	0
0	0
0	0
314	74
11	74
0	0
0	0
0	0
0	0
0	0
0	0
0	0
0	0
0	0
0	0
0	0
0	0
0	0
0	0
0	0
0	0
0	0
6	92
0	74
0	68
16	76
0	71
0	84
0	37
0	11
17	0
0	225
2	221
34	23
1	19
3	8
0	8
0	0
0	0
441	196
0	196
0	449
10	428
0	342
1	79
4	93
12	69
1244	1124
2	65
44	1059
3	427
16	115
0	189
0	187
0	152
0	232
0	223
0	225
14	53
0	110
0	19
0	233
0	226
0	236
0	217
0	232
0	3
0	3
0	3
0	2
0	3
0	375
0	341
2	339
0	320
0	331
2	112
179	444
4	444
0	162
0	0
3	4
0	0
6	10
0	34
0	26
0	34
0	34
0	1
0	1
0	4
0	0
0	0
0	0
2	0
0	0
300	96
0	93
0	96
0	85
0	73
2	58
0	0
2	6
0	5
0	0
0	5
0	0
809	805
3	805
0	424
0	230
7	111
0	0
2	13
1	883
0	236
2	848
1	192
0	176
3	235
1	809
6	99
1	199
1	10
1	11
4	17
1	1
0	0
0	5
6	1190
27	0
2	1238
2	30
0	208
0	795
0	229
0	64
1	2
2	62
0	0
0	0
0	0
0	0
0	0
0	0
1	0
0	0
0	0
38	96
0	97
0	44
0	14
0	54
0	0
0	0
0	0
0	0
0	0
0	0
3	589
0	645
18	622
0	632
0	236
9	4
0	0
0	1
0	0
0	3
0	0
7	0
0	0
0	0
0	0
0	0
0	0
0	0
0	0
0	0
0	0
0	0
13	618
0	706
0	290
0	497
0	533
0	526
2	26
4	16
6	33
0	304
34	44
7	8
1	369
0	171
0	32
15	14
0	30
2	29
14	154
0	87
0	67
90	5503
0	5479
48	5443
12	5549
0	5549
82	8375
0	8293
131	8319
0	8168
6	7799
0	8040
33	71
0	2
0	2
19	14
0	0
2	0
268	855
33	685
0	474
1	1794
2	2382
22	440
0	625
0	592
23	38
15	6
0	3
0	3
0	0
0	0
0	0
0	0
0	0
0	0
0	95
11	75
0	67
0	47
0	11
0	21
0	85
0	0
0	0
4	0
0	0
0	0
0	0
10	0
0	0
0	0
0	680
0	671
0	552
0	672
6	118
3	38
0	4
0	0
1	4
0	22
1	2
4	6
0	15
0	25
0	0
0	0
14	2860
0	2890
0	2911
0	2870
0	2891
0	1469
1	3036
3	1343
10	249
0	63
3	0
0	63
0	41
0	41
0	41
0	63
0	27
0	7
0	7
0	0
4	2
1	2
0	0
0	0
0	0
0	0
12	49
0	48
0	3
0	1
0	0
2	3
0	3
0	0
0	0
0	0
0	0
0	0
0	0
0	0
0	0
0	5
0	6
0	6
0	4
0	3
0	3
0	0
1	0
0	4
0	1250
0	924
3	793
2	435
20	949
6	136
3	0
0	0
0	0
0	0
0	0
0	0
0	0
6	60
0	64
0	29
0	54
0	49
5	47
0	24
0	28
0	31
0	35
0	35
0	31
0	24
0	28
0	27
7	29
0	29
6	29
4	24
0	20
0	1653
0	1183
4	930
3	368
25	1140
12	513
5	184
2	184
0	0
0	0
0	0
0	0
0	0
0	0
0	0
0	0
0	0
0	0
0	0
0	0
0	0
0	0
0	0
0	0
16	0
1	8
0	6
17	35
0	7
0	3
0	0
0	5
0	3
0	5
1	5
0	15
0	12
0	12
0	8
0	8
1	12
145	274
4	274
0	0
0	0
0	0
0	0
0	0
0	0
4	0
1	0
0	0
0	0
0	0
0	0
0	0
0	0
0	0
0	0
0	1
0	1
0	0
0	13
0	13
6	124
7	0
27	124
0	0
0	0
0	0
1157	622
0	622
0	0
0	2
0	0
0	0
0	2
0	114
9	142
0	73
6	132
16	967
22	967
2	887
0	967
0	140
5	12
15	101
0	0
0	0
0	0
0	0
0	0
0	0
0	0
0	0
0	0
964	204
8	77
5	127
25	29
0	4
0	2
10	0
0	4
436	40
7	40
7	77
0	74
4	46
13	129
0	18
20	117
0	61
0	11
0	40
0	29
0	22
15	5
17	1
0	0
0	0
0	0
18	205
0	2
0	2
0	0
0	2
0	1
1	0
0	0
0	0
0	0
0	0
0	0
0	0
242	0
0	0
0	0
0	0
0	45
0	187
0	117
0	186
0	1
0	30
0	3
0	44
0	42
0	31
0	2
0	0
0	0
0	0
0	0
0	16
0	7
0	5
0	16
0	16
2	180
81	521
12	444
0	39
7	189
0	0
0	0
178	13192
0	13292
1	6151
64	7288
0	12119
0	11761
6	184
5	2221
36	0
10	819
0	503
12	326
56	5
2	42
2	0
0	0
1	0
3	533
0	457
6	550
1	181
0	227
24	228
0	211
3	0
0	457
0	1099
0	1146
3	628
0	856
110	35
0	556
7	466
0	131
0	81
0	26
32	6
0	67
2	103
0	4
1	2
0	3
0	3
0	1
0	3
0	3
61	1385
1	302
1	243
0	186
0	236
0	155
0	342
1	531
0	178
0	602
226	955
3	238
4	717
10	534
31	165
0	0
0	0
0	3
0	30
0	30
0	0
0	508
0	549
0	81
0	169
0	74
0	196
2	77
0	63
2	189
0	92
1	80
75	32
620	297
2	45
1	206
0	243
1	307
1	1122
0	59
1	67
0	135
0	131
0	967
18	46
0	2
0	2
0	0
0	0
0	28
30	79
0	79
1	0
0	0
0	0
1156	149
4	149
1	1
3	1
0	1
0	1
0	1
0	0
0	0
0	0
0	0
0	0
34	362
4	363
0	103
8	3
1	18
48	191
0	27
0	25
0	164
1	17
0	20
0	20
0	36
0	29
0	28
0	28
0	35
0	16
2	9
0	0
1	264
87	265
54	476
0	22
3	174
0	405
0	73
4	150
0	54
0	26
1	256
8	19
0	185
1	486
0	448
0	195
0	275
0	276
0	243
0	176
1	262
0	211
0	55
1	25
0	0
0	0
0	0
0	0
0	0
0	0
0	0
0	0
0	0
0	4
3	4
0	1
0	1
0	1
0	1
0	1
0	0
0	3
1	0
0	0
0	0
0	3
0	0
19	182
0	183
0	69
0	92
0	88
3	86
0	0
15	11
0	0
0	0
0	0
0	0
0	0
0	0
0	0
0	0
0	97
2	409
5	606
0	617
0	54
0	46
12	50
0	73
0	49
0	64
0	53
0	29
0	27
0	27
0	11
0	24
0	1
0	0
0	0
0	48
0	313
0	209
6	97
0	92
0	221
1	137
1	178
14	131
0	306
0	22
29	1443
0	46
4	75
3	25
7	1437
5	0
58	104
0	81
0	77
1	14
0	13
0	15
0	4
0	25
1	23
0	44
0	23
11	11
0	366
0	145
0	369
6	14
0	341
0	146
19	273
4	108
0	35
4	106
4	372
6	390
0	145
1	31
0	29
3	77
0	71
0	59
1	61
0	71
0	15
4	0
0	225
3	247
0	271
0	359
0	372
3	453
0	4
0	452
0	9
0	9
0	5
6	0
0	2
0	1
0	3
0	0
0	2
2	1
0	0
0	1
0	6
0	6
0	0
0	0
1	4
346	0
0	0
9	100
0	248
1	248
7	180
505	728
9	646
4	369
1	169
5	125
15	34
9	182
0	0
0	0
0	0
3099	0
96	94
2	85
1	84
0	38
0	0
0	523
35	552
21	1
0	203
19	181
2	3
0	0
0	0
0	0
0	0
0	5
19	166
0	22
63	201
0	125
0	162
0	93
0	55
9	27
0	22
0	13
0	0
0	0
0	1
0	0
0	0
0	1
0	0
0	1
0	1
0	1
0	1
0	0
0	0
7	80
0	80
0	239
1	0
1	8
0	239
6	85
0	95
0	115
0	108
0	51
0	19
0	16
0	8
0	8
0	10
0	20
1	5
1	16
0	5
0	7
5	3
2	0
10	0
0	0
227	0
0	6
0	6
1	1166
3	23
0	101
6	1123
1	213
0	165
0	117
2	176
0	0
0	0
0	0
0	0
0	0
0	1
0	1
0	1
0	0
0	1
0	0
0	1
19	0
0	47
0	33
1	31
0	19
23	291
0	107
3	107
1	4
0	291
3	57
1	0
0	0
0	0
0	0
1	47
38	183
0	29
0	183
0	166
0	153
0	133
0	136
0	69
0	66
0	35
0	0
0	0
0	0
0	0
0	0
0	0
0	0
0	0
0	0
0	0
0	0
0	0
0	0
0	0
0	0
0	74
7	18
0	7
0	189
0	204
0	0
4	4
0	4
0	0
0	0
0	0
14	0
0	246
0	233
0	173
1	230
6	150
0	231
0	89
0	92
2	47
0	88
0	34
6	192
0	192
0	192
0	190
3	29
0	9
2	3
0	0
0	0
155	39
3	39
39	151
8	42
0	145
0	0
0	0
0	0
29	92
0	21
0	71
0	2
0	2
0	0
0	0
0	0
0	0
26	342
3	338
85	45
29	0
2	34
0	34
83	952
5	850
0	50
9	707
2	768
0	619
0	532
2	98
0	80
6	52
8	59
1	25
3	103
3	4
0	778
3	0
0	0
15	0
58	0
84	512
2	513
5	443
4	412
0	438
0	280
8	117
1	2
0	3
0	6
0	7
0	238
17	238
4	9
2	24
0	0
0	0
0	0
0	0
338	833
5	212
70	794
1	99
141	581
1	252
0	728
12	594
3	728
18	329
0	0
0	0
0	0
0	0
0	0
5	163
0	219
0	182
1	4
0	208
0	207
2	67
0	168
0	159
0	151
0	169
4	203
0	141
3	101
0	138
0	110
0	90
1	1055
1	1140
4	1026
0	535
2	180
0	244
9	138
598	336
1	330
47	246
0	0
47	437
5	438
1	26
0	5
0	0
0	0
0	0
0	0
0	0
2	31
2	28
0	5
1	5
0	10
7	8
0	224
0	193
0	147
47	147
0	80
0	18
0	75
19	2
0	225
0	194
46	0
0	0
0	0
0	0
0	0
0	0
2	748
0	573
0	1043
1	4443
246	10410
223	556
0	278
2	732
10	9843
60	6
1	6
409	320
0	58
29	163
0	304
0	0
0	0
0	0
0	0
0	0
0	0
0	0
0	0
0	0
19	300
30	15
35	125
0	0
0	300
0	211
1	229
1	177
0	160
0	233
1	178
0	66
4	121
0	125
0	86
2	132
11	0
1	16
5	0
0	48
8	67
0	41
0	20
1	21
1	13
0	0
0	3
0	0
0	3
0	0
0	56
0	58
0	61
0	60
0	56
6	98
0	22
0	58
0	94
2	0
127	1947
1	540
0	1499
128	1280
0	1478
81	214
0	1495
0	1809
8	1782
5	65
0	338
17	204
0	202
0	202
2	159
169	596
0	78
158	23
0	118
29	1682
0	1175
3	2596
1254	0
10	0
0	34
0	1420
0	44
0	1084
0	19
4	1267
0	634
64	121
1	54
102	64
14	64
2	16
0	0
0	0
1	0
0	0
0	0
0	0
0	0
0	0
0	111
8	111
1	0
0	1
0	1
0	1
0	0
0	0
0	0
0	0
0	0
0	0
0	0
0	0
0	0
0	0
279	0
0	2
0	0
0	1
0	0
0	0
0	2
10	0
2	572
601	934
6	790
2	99
4	121
0	0
0	1
0	1
1	1720
15	1698
0	275
3	1452
2	44
2	81
8	1
0	254
1	236
0	0
489	1468
0	1287
0	1284
17	1267
2	1075
38	0
0	996
0	201
14	101
0	190
14	203
6	312
18	117
301	1525
0	1525
8	52
4	17
0	192
0	1
0	1
0	1
0	1
0	1
0	1
0	1
0	0
0	0
0	0
0	0
0	0
133	23
0	23
1	35
2	215
0	230
1	185
5	49
4	66
0	0
0	0
0	1
1383	288
13	91
0	170
0	2
2	91
1	9
0	147
5	41
0	1
0	0
0	1
1	472
0	414
5	82
0	43
0	473
0	66
0	138
14	1
0	75
0	0
5	74
305	126
0	111
0	188
0	170
2	23
0	188
0	0
0	0
0	0
0	0
0	0
1702	533
3	355
15	369
1	223
0	1
0	1
0	0
0	0
0	0
206	348
1	109
3	194
8	46
0	31
2	2
0	23
0	23
0	23
2	15
2	5
0	46
965	83
0	59
7	25
30	37
8	10
0	10
2	44
5	40
0	42
1	44
0	8
0	2
2	51
0	50
0	6
0	3
1	7
0	7
2	6
3	6
0	0
0	156
1	158
1	87
7	0
0	0
0	0
0	0
0	179
2	0
0	69
0	146
0	50
0	86
0	154
84	148
0	22
0	137
1	79
4	2
0	0
0	0
0	0
0	0
1	0
0	0
0	0
244	3440
621	3187
41	3440
0	1347
21	34
0	124
24	5
2	67
9	33
1	33
2	53
0	54
0	54
0	53
0	54
0	46
690	1083
14	572
0	744
0	147
35	7
158	77
0	80
2	48
0	26
0	0
0	0
0	0
0	0
0	0
3	0
0	0
0	0
0	0
0	0
0	0
0	0
0	0
0	0
327	170
9	119
0	14
0	95
6	50
3	66
0	0
0	0
0	0
0	0
0	0
0	0
0	0
0	0
2	1
3	461
0	486
25	18
19	13
7	60
4	0
2524	0
0	0
0	0
721	58
2	48
0	5
0	0
0	15
4	41
1	6
0	9
0	2
1	0
2	0
0	0
0	0
0	0
0	0
0	0
0	0
6	0
0	0
75	0
8	17
0	16
0	0
0	1
0	0
0	0
0	0
0	0
0	0
0	0
0	2703
24	14
77	2717
217	14
0	0
3	14
3	594
16	5
0	123
13	27
5	567
197	36
0	36
0	0
0	0
0	0
0	16
0	16
0	16
1	2
0	1480
0	0
0	0
0	0
0	0
0	2
6	1478
0	830
40	43
5	1012
0	50
34	40
0	54
0	1012
1	141
2	141
0	42
0	0
18	73
0	8
0	8
10	79
0	7
0	0
0	0
0	5
0	5
0	5
0	0
4	70
0	76
1	71
4	16
0	6
6	1
0	0
0	0
0	0
0	0
0	0
0	0
0	0
0	0
0	0
0	0
0	0
0	791
0	152
3	222
6	727
0	168
0	0
3	12
31	147
9	76
2	34
0	719
0	0
0	0
0	0
0	0
0	0
98	544
0	565
0	66
0	50
0	554
0	0
0	0
0	0
0	1
0	187
6	174
1	79
2	12
0	48
0	98
0	38
2	66
0	4
0	5
0	2
0	3
0	2
19	17
0	0
0	0
46	7
0	7
289	46
7	46
0	1
0	0
50	83
0	85
0	85
0	85
0	11
0	11
1	31
0	113
42	11
3	11
277	737
10	87
1	739
0	1
0	1
0	0
0	0
29	57
0	52
0	0
0	1
0	0
0	1
0	0
0	0
0	1
0	0
0	1
0	5
0	5
0	2
0	182
0	13
13	79
21	49
0	42
1	182
0	26
0	42
8	13
0	5
0	10
0	6
0	0
0	0
0	0
0	0
0	0
355	519
0	519
20	68
0	0
0	0
109	869
7	835
0	30
0	6
9	5
15	10
14	2737
0	2837
0	174
0	49
12	233
331	1587
2	1177
8	1163
5	1154
0	909
2	263
14	9
148	206
31	337
0	333
0	337
0	209
0	59
123	0
11	0
2	91
0	45
0	0
1050	187
7	187
0	0
0	4
0	4
0	15
0	0
1	0
0	0
0	1568
0	416
99	1565
8	266
0	264
0	391
0	282
8	167
0	0
0	0
0	0
0	0
0	0
0	0
0	101
0	50
23	158
15	1277
7	189
0	1136
4	1245
0	1187
1	0
1	228
16	967
3	148
0	174
0	127
1	416
0	134
0	150
50	58
0	34
0	29
10	33
0	42
0	19
0	1
0	59
0	63
0	1
0	1
0	0
0	0
0	3
0	29
0	21
5	76
21	66
0	73
2	2
8	281
0	283
0	33
0	50
0	24
0	55
1	48
0	37
0	295
5	286
3	276
0	281
0	0
88	80
2	1
1	5
0	18
0	25
0	49
12	101
1	82
0	101
0	79
1	8
3	83
0	47
0	0
0	0
0	0
0	9
0	9
1478	430
0	427
11	37
0	124
3	45
24	0
0	7
3	30
3	6
1	4
0	7
0	30
0	1
0	6
0	0
0	0
520	79
0	79
7	2085
2	889
15	1852
3	41
10	103
8	131
0	122
0	0
0	0
0	0
0	0
0	0
0	0
1	0
0	0
1970	342
8	342
4	166
1	419
25	416
27	1101
0	1083
0	107
0	847
0	74
13	55
18	129
2	29
3	47
0	41
0	13
4	42
0	2056
32	2321
0	336
6	992
11	99
6	164
5	390
54	317
0	0
0	0
5	2
0	2
0	0
0	327
0	320
0	316
0	255
0	18
4	106
2	9
0	30
0	37
0	25
3	31
5	0
1	19
0	18
1	0
13	6095
0	6095
19	574
0	62
0	65
0	24
0	19
2	9
0	66
207	96
0	19
1	83
1	92
0	47
0	34
0	32
0	29
0	5
0	5
0	3
0	9
0	1
0	0
0	0
0	0
0	0
420	0
1	2541
1	458
9	923
20	559
0	2470
0	782
1	519
3	265
0	0
0	0
35	13
0	13
0	1822
2	1743
1	1769
2	1805
3	1717
0	78
8	51
1	176
9	28
0	43
0	0
0	0
0	0
0	0
3	2558
0	755
48	2265
0	0
0	0
235	2850
6	2735
40	304
0	2540
139	137
0	541
59	3
0	1
0	0
0	1
0	0
0	0
0	0
0	0
0	0
0	0
0	0
0	0
0	0
0	0
1	0
0	0
0	0
0	0
0	0
0	1
0	1
1	1
1	32
92	42
13	21
0	10
78	1
0	1
11	0
0	1411
0	944
9	22
14	300
12	174
13	151
0	105
0	1410
341	810
0	748
2	224
0	83
0	138
12	62
0	91
0	1267
0	42
1	1287
26	28
2	356
0	3
0	3
0	1
0	1
0	0
0	0
0	0
0	0
0	0
0	0
0	0
0	0
279	158
3	158
0	0
0	0
0	0
0	0
13	0
39	0
26	49
0	43
0	3
3	34
0	7
175	125
0	40
0	95
0	42
1	9
2	9
133	119
0	117
8	0
1	23
4	11
2	2
0	0
0	0
0	206
4	57
0	27
1	151
0	147
2	93
0	148
0	121
3	77
1	90
1223	0
0	0
0	0
0	0
0	0
1	29
1	35
0	27
0	26
8	10
1	0
0	0
0	0
2	247
0	254
0	239
1	60
1	5
0	6
0	20
0	74
0	0
0	0
0	0
0	0
0	0
0	0
0	0
0	0
0	0
0	0
0	0
0	0
0	0
2	1
0	1
2900	991
33	11
30	966
0	754
74	3
69	4
1	20
6	12
0	0
0	2
1	0
0	0
3	0
0	0
0	20
55	21
4	21
16	57
0	57
0	6
0	2
0	2
0	73
0	43
0	5
0	0
0	5
0	0
0	0
0	0
0	0
6	125
13	123
0	33
1	26
0	34
3	23
3	9
17	5
0	0
0	0
13	0
0	73
311	978
25	652
9	902
57	884
0	141
7	351
9	3
47	21
2	55
0	0
0	0
0	0
0	320
6	320
31	12
9	274
548	205
0	205
0	1
0	1
0	1
0	0
0	1
0	0
0	1
0	0
0	0
0	0
0	0
0	0
0	5
0	5
0	5
2	2
0	5
0	0
0	0
0	0
0	0
0	0
0	0
0	0
0	0
0	0
0	0
0	0
561	0
0	0
0	0
0	0
0	145
4	144
1	55
3	81
0	383
50	355
0	114
0	389
0	13
56	213
0	57
0	250
0	37
0	55
0	37
0	18
9	163
0	163
0	7
0	8
0	40
0	153
45	153
0	0
0	0
0	0
0	0
0	0
0	0
0	369
0	366
0	364
1	326
0	358
4	57
0	330
5	26
6	324
41	1
0	4
0	39
0	63
0	9
1	13
0	20
6	43
0	19
3	4
30	18
4	0
0	324
0	308
0	305
0	293
0	0
0	0
0	0
0	0
0	79
0	79
0	33
0	11
0	2
0	26
0	26
0	9
1	37
1	9
0	97
2	97
0	30
8	9
0	97
121	86
0	66
0	55
0	0
0	0
0	0
0	0
0	0
7	0
0	0
0	0
0	0
0	0
0	0
0	0
0	0
0	0
0	0
0	0
0	0
0	0
0	0
0	0
0	0
0	0
2	453
1538	877
1	210
8	132
0	171
0	71
0	96
2	0
2	0
45	321
0	307
0	219
0	69
1	245
3	35
1	118
0	0
0	0
0	0
0	0
0	0
0	0
0	0
0	0
0	0
0	0
1	8
3	117
1	117
0	13
0	17
0	2
0	0
4	398
0	215
0	421
3	22
0	121
1	31
0	426
0	47
0	39
191	103
0	92
0	20
0	68
0	84
0	59
0	54
0	60
4	12
6	17
2	26
0	0
0	0
0	0
0	0
7	0
38	307
19	305
0	16
0	40
0	41
0	5
63	11
0	11
1	74
0	26
0	367
0	367
0	313
4	313
10	367
31	98
0	99
9	2
6	18
1	5
6	388
9	386
0	77
0	32
56	438
0	438
1	0
3	0
10	0
1	0
1	1
0	121
0	117
1	4
0	1
1	7
0	15
1501	9
0	1
0	1
0	12
0	10
0	10
0	0
0	1
4	0
0	2
0	2
0	0
0	0
1	78
0	93
0	92
0	7
0	0
0	0
0	0
0	0
0	0
0	0
0	0
0	0
0	0
0	38
0	414
0	52
1	414
0	414
1	0
0	0
0	0
0	0
0	0
0	0
0	0
0	0
4	9
0	9
257	1928
64	1928
0	1153
10	993
29	0
189	1428
3	1427
27	158
0	212
11	556
22	198
6	136
0	36
0	0
0	0
0	0
0	0
0	0
0	0
0	0
0	0
0	0
0	0
0	0
0	0
0	0
0	3
0	1
0	608
95	661
0	659
0	331
1	228
3	104
0	1
0	1
0	0
0	0
0	0
0	1
0	121
0	157
0	151
0	160
0	115
0	162
0	101
0	0
0	0
0	1
0	0
0	1
0	1
0	1
0	0
0	0
0	1
0	1
0	0
0	1
28	3388
3	3274
189	2976
191	1
0	584
0	234
0	400
0	107
4	2104
0	490
1	724
3	301
1	685
39	4
0	725
1	326
0	53
0	61
0	0
0	0
1	29
0	0
0	14
0	0
0	15
0	9
0	8
0	63
8	275
0	619
0	331
1	17
0	585
2	571
120	297
6	82
0	21
0	20
2	15
1	69
0	57
0	635
0	0
0	0
3	0
0	3
0	3
0	3
0	3
0	3
0	0
0	0
0	0
0	0
0	0
0	0
0	3
3	12
16	21
13	21
0	11
10	11
16	29
0	29
11	12
13	31
0	31
0	6
0	31
0	3
0	11
0	6
0	1
0	4
0	0
0	2
0	3
0	2
0	1
0	0
0	1
0	0
0	0
0	0
0	31
19	433
0	427
0	83
22	107
0	146
0	66
0	0
0	29
0	384
0	378
16	343
0	57
4	44
10	285
54	285
0	1
0	3
9	0
10	393
13	393
3	9
0	0
0	0
0	0
0	0
0	0
1	29
218	137
1	108
7	275
0	242
0	261
0	187
2	209
7	18
0	184
0	165
1	67
0	289
3	247
0	55
14	247
0	6
1	63
0	10
0	26
0	21
0	21
0	16
0	7
0	40
0	0
0	0
0	0
0	0
0	0
10	0
0	0
0	0
0	0
0	0
0	0
0	63
0	131
73	445
2	114
1	91
2	63
0	48
0	154
3	55
47	47
0	32
0	19
10	0
0	20
0	1
5	1
4	3007
0	0
0	0
140	1187
22	1187
0	0
0	0
0	0
340	2
3	2
670	0
4	0
0	0
0	0
0	0
9	27
0	7
0	5
0	0
0	13
0	10
0	7
0	0
0	346
0	292
0	141
33	52
0	52
1	43
13	81
0	364
0	0
29	6
2	6
0	0
0	0
0	2
0	2
0	0
0	0
0	0
0	0
0	0
0	4
135	66
26	36
3	21
0	23
0	0
0	0
0	278
0	413
6	258
7	217
5	221
27	30
114	125
18	88
0	52
2	7
0	12
0	0
0	0
19	3717
231	1064
4	4213
5	4223
0	376
0	872
0	252
48	261
0	215
1	5
0	5
0	5
0	0
0	0
22	298
7	279
7	22
2	12
8	67
0	1
0	1
0	0
0	0
0	0
0	0
98	389
0	389
0	123
0	0
0	0
0	0
0	0
0	0
0	0
0	0
0	0
3	1177
0	53
0	0
0	0
0	0
19	1769
5	470
63	1824
2	117
5	127
0	0
0	0
0	70
0	14
1	59
0	14
0	15
0	58
0	23
12	4
0	29
0	59
0	57
3	307
1	269
3	279
0	0
0	33
0	184
5	15
0	526
1	20
9	221
3	84
0	427
15	494
26	57
0	51
0	51
0	10
0	0
0	12
21	73
3	12
0	64
6	18
0	71
0	62
0	0
1	16
0	0
0	0
0	1
0	0
0	0
0	0
0	1
256	432
3	82
0	236
5	159
0	104
0	179
0	115
11	6
0	20
6	1
0	3
0	1
0	3
0	23
1	5
0	22
9	36
1	29
0	15
0	25
0	136
0	126
6	84
0	28
0	46
0	56
0	0
0	0
0	0
0	0
0	0
0	0
0	0
0	0
360	2351
1	1018
15	406
0	162
6	498
0	1078
1	121
0	204
0	124
8	114
184	21
0	14
1	7
0	14
0	713
0	686
18	198
0	98
126	0
14	25
0	102
0	179
1	113
1714	10501
23	9156
13	5560
21	4081
9	4
0	4
0	3
0	3
1	0
0	0
0	0
0	0
2	2
0	2
0	0
0	0
0	11
0	11
0	48
0	6
1	46
0	46
2	0
0	1
0	2
0	48
1	751
93	762
3	84
2	80
21	2
0	11
1	32
0	0
0	7
0	5
0	7
0	0
0	6
0	0
0	0
0	1
0	1
0	1
0	0
0	18
1	17
0	14
0	15
0	15
1	0
980	11
6	11
2	0
657	1373
6	1269
17	1328
2	382
104	1207
2	37
54	589
0	111
0	25
0	25
0	2
0	21
1	24
0	18
0	22
408	77
0	56
0	0
0	0
0	1
2	4
0	4
0	581
1	754
0	641
13	133
3	95
3	165
13	2
1	111
1653	297
7	140
1	46
0	6
0	7
0	7
0	6
0	1
0	0
0	1
0	1
0	0
1	239
0	242
47	118
233	644
0	14
0	111
28	0
16	389
0	0
184	0
7	427
20	75
3	63
5	57
0	411
0	1
0	1
0	1
1	0
0	1
0	1
49	506
0	1102
1	1071
0	1446
0	1466
0	1048
0	730
55	656
0	1534
6	237
0	416
0	328
4	403
0	191
2	105
1	130
0	10
1	40
0	123
5	16
0	79
0	1
3	1
0	0
0	0
0	0
37	3404
8	3404
4	3404
5	3404
0	0
0	0
60	133
3	17
0	133
0	100
0	26
2	41
0	0
0	0
13	8960
6	8865
0	2011
5	2147
6	2416
0	0
0	0
0	0
0	0
0	0
0	0
0	0
0	0
0	0
0	0
1	0
0	0
0	0
1	4
0	6
11	6
0	4
3	140
0	235
3	298
2	349
0	138
0	40
398	730
9	651
0	568
3	87
29	300
0	0
0	0
0	0
0	0
0	0
0	0
0	0
0	873
0	864
0	862
0	106
0	121
26	26
1	41
0	890
0	888
4	458
1	123
2	5
0	458
60	60
0	60
0	0
0	0
0	0
0	428
3	422
1	25
0	47
0	31
0	0
6	0
7	0
547	658
15	370
0	628
0	0
0	0
0	0
163	60
0	48
0	20
0	0
0	0
0	0
0	0
0	0
0	0
0	0
0	0
0	0
0	0
0	0
0	28
0	28
165	0
12	0
0	0
0	61
0	18
5	425
0	416
0	53
0	68
1	52
0	27
0	37
2	30
0	11
1	9
0	21
0	14
0	192
0	13
7	16
0	178
0	192
8	6
1	29
1	31
0	21
1	17
2	23
1	71
8	323
4	405
0	444
4	235
0	0
0	0
0	0
0	0
0	1
0	0
0	0
0	0
0	0
0	0
0	0
0	0
0	1
0	0
667	3
0	143
1	51
1	146
0	146
73	8
0	8
5	322
0	301
0	106
23	92
0	109
0	102
2	82
7	84
0	51
3	494
21	494
2	23
0	3
0	4
0	2
0	2
0	1342
2	87
0	31
0	1212
0	638
2	60
0	0
178	147
0	147
1	50
28	114
16	252
24	229
2	59
189	3396
31	1120
0	121
56	2276
409	125
0	14
0	48
3	22
4	0
9	6
0	0
28	315
0	19
0	25
0	35
0	1
0	313
0	0
0	0
0	5
1	187
3	279
44	417
2	108
0	344
3	63
0	0
1	37
0	0
0	44
0	40
0	45
0	3
0	39
2	37
0	98
102	94
0	0
0	0
0	0
212	0
0	0
0	0
0	0
0	0
0	0
0	0
1	3255
1	2740
2	3301
9	3293
0	92
0	416
45	281
6	541
90	26
0	13
15	19
2	653
32	654
0	90
7	75
0	656
42	3
0	0
0	0
0	0
0	0
1	8
0	8
0	8
0	5
0	5
0	1
1	1
0	0
0	0
0	0
0	0
0	0
0	0
0	0
0	0
0	0
0	5
0	3
0	5
0	3
0	3
0	0
0	0
0	2
0	0
0	2
0	1
0	0
0	0
0	0
0	0
0	3
0	3
0	1
1	0
0	29
2	7
0	9
0	22
0	22
5	118
3	118
1	111
369	395
0	388
0	369
11	80
212	0
685	104
1	104
62	200
18	184
1	11
0	11
0	8
1	24
0	9
6	9
0	13
0	19
0	2
46	635
3	635
0	57
844	241
52	241
0	69
4	59
0	0
0	0
0	0
0	0
0	0
0	0
1	275
2	489
0	483
20	45
0	1
0	0
0	0
0	1
0	1
243	96
4	170
64	157
2	150
1	2
1	61
0	66
0	64
0	66
2	173
1	162
2	22
0	45
0	41
0	26
0	46
1	21
2	14
0	3
0	0
0	7
29	74
0	74
0	0
0	0
0	0
0	0
1	1
0	1
0	1
0	0
0	0
0	0
0	0
0	0
0	0
0	0
0	0
0	0
0	0
0	0
0	0
0	1
0	1
0	0
0	1
5	1764
4	55
172	1752
6	7
0	1743
16	99
30	1
0	0
0	1
12	321
0	10
0	13
0	178
0	322
47	577
5	577
0	87
10	113
0	71
21	18
0	11
0	11
39	1
0	1
0	0
0	0
0	0
0	0
0	0
0	411
0	410
1	315
23	235
3	29
4	32
0	55
0	34
0	6
0	9
0	12
0	4
0	10
0	7
0	8
0	7
0	4
0	7
0	2
0	2
0	0
0	0
0	0
0	6
0	2
0	4
0	5
0	0
57	134
2	131
3	12
10	48
304	2
8	2
0	12
1	12
0	0
0	0
0	0
0	0
0	0
0	0
0	4
0	0
0	0
0	118
2	118
2	115
0	91
1	116
0	8
0	7
0	13
59	0
0	6
0	5
0	7
0	2
0	2
0	0
0	1
96	194
0	194
2	149
47	44
0	7
0	2
0	7
1	0
0	0
0	0
0	0
0	0
11	280
3	213
8	120
7	197
0	57
0	65
1	55
6	34
0	80
0	65
0	0
0	0
0	0
0	0
0	0
0	0
0	0
14	31
0	0
0	0
0	0
1034	953
1	571
0	382
5	13
0	13
0	4
0	4
0	0
0	0
0	0
0	0
362	0
34	0
0	12
0	35
224	300
1	91
1	176
0	181
0	0
0	0
0	0
0	0
0	0
0	0
0	0
0	3677
0	3466
0	2330
0	2119
0	1304
32	594
0	954
19	276
0	735
0	1051
905	38
0	2
0	2
1	6
0	6
1	2
0	59
0	59
1	28
0	314
5	247
1	235
0	36
1	280
0	286
10	10
0	71
0	0
0	52
0	52
194	68
13	63
1	254
0	258
0	20
0	187
5	0
9	1
0	353
5	14
0	3227
0	44
6	17
0	19
0	5
0	16
0	3326
0	33
1	3250
0	44
2	0
0	0
0	0
0	0
5	3239
6	2903
2	1586
5	304
5	150
3	52
0	0
599	2751
0	541
7	636
0	445
17	694
1	28
1	112
1	360
0	1
0	1
0	0
0	1
80	19
0	19
124	1332
3	2964
0	2866
2	223
0	325
0	2955
4	111
0	1350
0	1358
9	432
1	487
0	294
0	51
8	24
0	3689
139	1008
5	73
4333	896
5	174
1	273
9	443
0	0
0	0
1	5
3	1
4	4
2	0
2	203
0	201
0	10
0	0
0	128
0	7
6	5
61	123
0	43
0	122
0	38
25	1719
2	1188
0	624
0	622
0	286
1	1716
2	190
0	106
0	103
1	65
16	49
1	52
8	91
0	48
0	13
2942	3905
0	1670
0	3305
0	2893
0	0
0	4
0	4
0	1
2	68
0	40
0	68
0	32
7	60
1480	264
0	146
5	264
15	95
0	0
0	0
0	349
104	352
0	248
56	0
0	183
0	0
0	0
1	0
0	0
0	0
154	179
6	129
6	124
0	0
0	0
0	0
0	0
3	27
2	0
0	27
0	1844
33	6979
0	6060
0	6041
0	210
0	483
0	0
0	0
62	0
0	944
0	592
4	268
82	1094
7	437
0	393
1	330
0	826
0	998
0	2070
0	89
7	67
2	254
5	189
8	188
4	6601
0	6778
0	0
0	0
101	0
8	458
0	843
0	865
0	859
0	12
0	90
4	56
1	74
0	46
1	26
0	42
0	6
94	119
0	114
0	119
0	0
0	37
2	400
0	419
0	204
1	203
2	129
9	28
2	111
4	5
0	39
0	128
0	0
0	0
0	0
0	42
0	40
0	6
0	0
0	0
4	169
0	207
0	169
75	0
0	2
0	1
0	0
0	1
0	0
0	0
0	0
0	0
0	0
0	0
0	0
0	0
0	0
0	0
0	0
0	0
0	0
0	0
2	37
9	79
508	303
3	274
0	170
0	59
0	75
0	274
0	93
0	86
3	104
0	0
0	33
0	30
0	95
0	50
0	61
0	321
0	376
0	88
15	205
12	200
1	146
0	111
2	90
41	27
0	3
0	0
0	0
0	0
0	0
0	0
0	0
0	0
0	1
0	1
0	1
13	0
4	134
0	136
11	130
0	152
0	224
0	225
0	153
1	126
1	124
7	38
0	74
0	116
0	72
10	52
2	987
0	983
37	1044
9	36
0	54
45	35
259	171
0	50
0	131
0	118
3	84
4	34
0	0
0	0
0	0
0	0
0	0
0	0
0	0
0	0
0	13
0	13
0	13
0	0
0	0
0	0
0	276
0	176
0	235
5	32
1	0
1537	314
0	251
14	63
22	1
84	16
0	16
31	2764
4	818
0	1002
0	817
0	994
2	111
0	2761
797	615
0	472
0	143
6	0
48	580
1	576
0	576
0	575
1	129
0	57
2	57
43	4
0	0
0	0
0	0
0	0
0	0
0	7
121	21
2	21
0	8
0	15
0	17
1	240
1	115
0	187
1	218
0	47
135	1776
1	0
0	0
0	0
0	0
1	2
0	2
0	2
0	2
0	0
0	0
428	1452
0	56
9	119
0	119
24	31
0	58
0	69
8	81
0	78
1	62
0	7
0	51
2	11
0	34
0	34
0	62
0	32
1	27
0	28
6	4
0	27
0	0
0	0
2	47
1	47
1	7
332	43
0	43
0	0
0	0
0	0
0	0
0	0
0	36
0	475
0	24
1	728
0	151
0	649
0	83
0	768
0	129
0	7
2	7
0	7
0	0
0	1
0	5
0	5
0	0
0	38
0	89
2	250
2	288
0	377
0	466
4	449
20	350
1	44
235	62
2	62
6	98
180	139
0	213
0	16
24	78
4	44
3	49
0	213
15	1
14	321
34	923
13	922
26	271
17	0
7	1297
0	51
0	1075
0	646
0	672
0	1301
29	55
1	66
0	0
0	0
0	0
0	0
0	0
1	23
0	27
0	1
0	21
0	3
0	3
0	0
0	65
0	192
0	179
0	193
1	58
0	139
0	143
7	128
28	66
0	1
981	1031
2	820
9	609
1	392
471	947
1	100
13	83
0	116
16	743
0	179
0	60
4	97
0	25
0	85
2	51
0	11
0	49
0	50
0	49
0	4
0	6
1	1
0	2
0	17
0	12
0	2
0	1
0	8
1	9
239	250
19	271
22	120
30	322
4	185
0	170
7	68
0	5
0	0
0	0
0	0
3	3229
0	1574
1	46
294	3028
3	120
1	50
89	1352
587	599
0	619
34	122
5	76
5	29
0	0
0	0
1987	652
0	652
0	0
0	11
0	25
0	0
0	0
0	0
0	0
0	0
0	0
0	0
0	0
0	0
35	26
0	132
43	148
0	100
0	134
0	48
0	16
0	47
1	13
0	27
20	22
184	289
7	274
0	32
0	261
0	56
3	40
10	40
0	0
0	0
0	0
0	0
2363	181
0	129
2	127
1	71
24	174
0	173
0	172
1729	575
4	302
4	277
0	24
8	577
0	556
16	19
2	23
1	180
1	22
0	63
0	878
0	839
20	378
0	853
0	815
2	5
0	5
0	2
0	0
61	198
0	31
0	189
3	72
21	92
35	187
0	178
0	142
0	79
0	15
4	9
0	6
1	311
11	311
0	276
0	37
0	84
25	12
5	191
0	570
0	598
0	599
0	628
11	45
0	81
6	72
1	12
0	609
0	0
0	0
2	0
0	0
0	0
0	3582
83	4328
62	16
1	4312
0	0
0	0
0	1
0	1
0	1
0	0
0	0
0	0
146	117
0	117
0	117
0	117
0	1
0	1
0	1
0	1
0	1
0	1
0	0
7	0
633	139
0	55
0	84
4122	570
0	131
0	111
0	129
1	81
0	35
68	74
2	74
0	0
1235	619
3	513
0	882
0	184
16	281
7	102
1	134
0	98
2	15
2	440
4	403
6	71
7	332
7	332
17	102
0	203
0	166
0	163
0	15
6	0
0	77
7	13
0	17
1	0
0	0
1597	6262
23	75
2	131
0	312
1	413
4	306
1	452
0	436
247	281
0	310
17	1414
0	1819
0	285
251	974
7	3022
0	1499
1	925
7	1105
0	564
25	455
0	303
8	64
0	322
58	343
0	258
17	233
4	57
3	90
0	90
0	0
2	7
9	793
2	694
19	610
6	56
39	455
0	162
7	13
0	158
4	58
6	839
0	584
0	728
0	804
12	63
38	123
1	144
0	0
24	38
0	0
61	32
0	32
0	1
0	1
0	1
0	1
0	1
0	1
0	1
0	0
0	1
0	1
0	0
0	0
0	0
0	0
0	0
0	0
0	1
106	0
0	0
0	0
0	1
0	1
0	0
0	1
21	0
0	0
0	0
0	7
0	7
0	7
0	1
2	1
0	4
0	1
0	1
0	0
0	1
0	4
0	4
6	200
0	8
0	217
0	132
0	91
1	19
0	97
0	71
0	47
27	38
1	35
318	1185
0	1167
10	338
8	182
15	0
0	0
0	0
0	0
0	0
0	0
0	0
0	0
0	0
0	0
0	0
0	0
0	0
0	0
0	0
152	3270
4	1397
0	1390
13	322
0	67
75	496
0	455
9	374
0	333
0	74
0	160
0	164
0	194
1	159
1	4
9	0
54	405
20	616
0	65
0	129
14	173
0	554
3	298
3	302
14	53
0	0
0	0
0	0
0	0
0	0
957	4702
37	424
6	401
0	166
0	26
2	16
96	55
0	396
24	109
17	109
0	14
0	18
2	2
0	4
0	6
0	2
3	1
0	8
261	2389
0	28
0	9
0	1
0	32
217	0
0	0
0	212
3	213
0	178
0	130
90	18
0	0
0	0
0	2
0	1
0	1
0	1
0	2
0	2
0	2
0	0
0	0
16	81
2	81
270	724
13	41
4	654
15	372
0	533
0	57
2	23
0	0
36	376
3	376
0	21
23	36
1	47
0	1
0	17
3	283
27	286
0	92
1	54
3	0
0	0
0	0
0	0
0	0
0	0
0	0
1	0
0	0
0	86
0	15
1	43
1	15
3	9
504	1814
4	182
1	155
2	50
0	0
0	0
0	3
0	3
0	0
0	1
0	3
2	188
5	188
0	10
18	14
459	3031
3	1047
12	631
0	0
0	0
0	0
0	0
0	0
0	0
0	0
0	3783
5	3865
0	375
0	3034
1	390
7	261
2	977
2	556
1	626
33	38
110	610
3	345
18	27
2	44
0	30
0	8
0	44
0	34
0	31
0	34
12	4
0	10
0	32
0	8
0	28
0	27
0	25
2	3
0	2
0	19
4	22
1	19
0	0
0	0
0	0
360	1190
162	1204
0	195
4	542
0	0
0	973
6	0
9	158
19	55
3	182
13	432
10	445
0	13
0	12
0	12
0	3
0	253
3	227
0	197
24	83
23	34
0	42
0	0
0	0
0	0
0	0
0	0
0	0
27	4
0	1
0	1
0	3
598	172
0	53
1	172
445	1076
1	913
9	1029
4	39
0	217
0	228
25	148
0	13
0	13
0	12
0	12
0	13
0	12
0	12
0	47
0	209
4	298
4	56
0	170
0	155
0	165
0	205
0	134
0	61
0	28
0	134
0	47
0	160
0	137
2	0
0	41
0	160
0	40
0	165
0	44
0	44
0	27
0	156
0	19
0	20
0	110
0	32
0	45
1	115
0	30
0	104
0	115
0	19
0	26
0	98
0	60
9	2
0	8
0	108
0	17
0	12
0	27
0	30
0	19
0	117
0	39
0	34
0	25
0	36
0	145
15	2
0	0
0	30
0	25
0	37
1	28
1	90
12	6
16	72
1	32
0	287
0	28
1	125
0	125
0	28
1	9
4	8
5	0
2	0
0	0
0	0
0	0
0	0
0	0
12	4
0	537
12	1027
95	1089
29	219
0	106
0	102
12	240
7	333
2	247
0	152
0	244
2	3
0	3
0	0
0	2
0	0
0	0
196	0
12	16
0	2
2	9
0	16
0	2
8	21
0	322
5	75
2	0
5	0
0	316
0	45
0	0
0	0
0	0
0	0
0	0
0	0
0	0
0	2
0	2
0	0
0	2
0	0
0	0
0	0
0	2222
110	9434
5	806
0	3535
1	72
11	222
8	148
0	301
2	237
11	150
2	212
0	9437
201	462
1	191
2	275
0	214
0	4
0	4
0	0
0	0
0	0
0	0
0	0
0	0
0	0
0	0
1	105
14	12
0	87
0	88
0	6
0	4
0	0
1	0
0	0
0	0
0	0
4	7
0	7
0	7
0	5
0	0
0	0
0	0
121	106
0	86
0	88
0	54
0	48
26	1
0	22
8	9
7	6
4	18
50	1551
0	1346
29	1541
0	164
0	189
0	462
6	196
0	0
0	0
0	0
0	465
965	2736
34	1456
11	2377
39	2704
9	55
0	2193
0	0
0	0
0	0
0	0
0	0
0	43
0	32
0	43
0	42
367	63
1	41
2	36
6	22
0	0
0	0
0	0
580	467
4	359
1	390
0	20
0	19
52	23
0	0
0	0
0	0
0	0
0	0
0	0
0	0
59	1336
0	270
0	953
0	575
0	25
0	963
12	287
1228	389
0	0
4	389
1609	255
0	83
0	222
0	0
0	0
0	0
0	0
0	0
0	0
1461	2174
7	633
17	419
6	661
35	519
0	0
0	0
0	0
0	0
0	0
0	0
0	0
0	0
0	0
0	0
0	0
0	0
0	0
491	185
4	171
8	14
0	0
0	0
0	0
0	3
0	3
0	0
0	0
0	3
256	120
3	19
0	120
6	119
1	28
12	20
0	15
0	271
7	266
0	255
9	241
0	94
3	41
0	21
0	255
0	0
0	0
0	0
0	0
0	0
0	0
0	0
0	0
0	521
0	432
3	55
0	446
0	407
0	84
0	169
0	42
0	70
18	60
0	11
1	379
5	0
0	379
0	1
0	1
0	1
0	1
240	80
11	80
285	233
9	136
0	97
0	0
0	0
0	0
0	0
56	37
1	37
0	0
0	13
95	36
1	2
0	9
0	22
0	0
0	0
0	0
0	0
0	0
0	0
0	0
0	0
0	0
0	0
0	1
0	1
0	0
0	0
0	0
0	0
0	0
0	0
24	175
4	166
16	80
0	7
8	0
29	7
0	25
4	24
0	0
0	0
0	0
0	1
0	1
3	1
0	1
0	0
0	0
0	0
258	348
12	17
3	230
3	95
1	346
0	1
0	1
1	0
0	0
102	3710
0	1
2	0
0	0
0	0
0	0
0	0
0	0
0	0
0	0
145	1789
0	171
2	171
0	120
1	172
0	3
0	149
0	2
0	18
0	19
0	20
3	5
0	52
0	52
3	7
0	7
0	7
0	0
0	0
0	0
0	1466
51	210
3	17
0	1369
0	1427
0	1247
0	1247
0	1221
9	1118
5	0
0	1049
0	1187
0	994
0	1079
0	1089
0	5
0	48
19	58
1	82
0	31
38	110
4	96
0	1423
0	1414
74	728
5	340
6	453
0	370
3	40
1	1
25	1486
3	1518
7	331
4	100
2	82
0	350
3	4
25	26
1	283
0	0
0	0
0	0
0	0
0	0
2826	81
0	10
0	13
0	73
3	73
0	4
0	4
0	9
0	4
2	0
27	7255
7	5847
7	6885
0	0
0	0
0	0
0	0
258	55
0	16
2	50
0	17
0	0
0	64
0	1
2	64
0	56
0	56
0	0
0	0
0	0
0	0
0	0
2	3404
10	3404
1	4
0	0
0	0
0	0
208	165
0	165
0	56
3	5
2039	483
101	1
6	22
0	22
329	517
7	512
115	2384
10	2305
3	580
53	5
37	8
0	0
0	0
0	3
0	3
0	2
0	2
0	2
0	0
0	0
0	1
0	1
0	0
0	0
0	0
0	1
1	1
0	1
104	217
0	12
2	218
0	27
0	171
0	0
0	0
1	0
0	0
0	0
0	0
0	0
0	0
0	0
0	119
0	123
0	81
2	13
15	19
0	12
0	12
0	0
0	0
0	0
0	39
19	81
0	75
41	782
0	1078
0	981
2	40
54	329
2	351
0	79
0	132
3	0
0	0
7	0
0	120
3	683
0	588
0	288
0	246
1	244
0	97
0	147
0	219
17	247
4	0
0	0
0	9
23	35
1	26
10	0
0	0
0	0
0	0
0	0
0	0
0	18
0	3
0	15
0	13
0	8
0	8
0	4
0	4
0	4
0	0
0	0
0	27
0	65
1	73
0	142
0	433
0	178
0	0
0	29
0	73
0	296
0	367
1	11
0	70
0	52
0	433
0	433
0	433
0	423
14	349
0	298
5	161
4	349
0	138
0	327
0	0
0	0
28	0
0	0
2	0
0	0
0	0
0	0
0	0
0	0
0	0
0	0
0	0
0	0
0	82
0	24
0	80
0	77
0	74
0	80
0	4
0	1
0	4
0	8
0	9
0	5
0	3
0	1
0	0
0	15
1	6
0	1151
10	27
2	980
0	1112
0	300
0	43
3	329
4	4
0	199
0	1151
0	0
0	0
0	140
0	63
0	140
0	23
0	112
0	10
0	38
0	37
0	12
0	4
0	1
1	4
1	0
0	0
0	5
0	5
0	5
0	0
0	0
1	0
0	0
11	139
189	512
6	512
0	97
0	89
0	98
0	72
1	64
41	0
1	1337
6	1357
12	34
0	229
2	194
0	468
0	291
1	102
4	157
0	392
10	108
2	0
0	0
0	0
0	0
2	0
0	5
5	20
1	2
0	13
1	10
0	13
1	398
0	394
2	106
2	98
0	168
0	122
2	142
6	81
8	14
0	0
0	1
0	1
0	1
0	1
0	1
0	0
0	0
0	1
23	405
0	108
0	358
0	348
0	19
3	108
0	4
27	5007
0	3
0	3
0	3
2	1
0	1
2	0
0	2
0	2
0	0
0	0
0	0
1	17
0	7
0	0
0	17
0	1
0	0
0	3
0	1
0	0
0	0
0	17
0	7
77	591
31	591
0	1
0	0
0	0
0	0
0	0
0	0
0	0
0	0
0	0
0	180
121	237
0	236
0	188
0	19
185	43
0	19
0	24
0	9
0	9
0	6
0	37
0	37
3	37
0	13
0	37
1	8
0	37
0	0
2	172
0	167
0	42
0	0
0	0
0	0
0	0
0	0
0	0
0	0
0	0
0	0
0	0
0	0
0	0
0	0
0	0
0	0
0	0
2	1
0	0
0	0
0	0
0	0
0	0
0	0
0	0
0	1
0	1
0	0
0	0
0	0
0	0
0	0
0	0
0	0
0	0
0	67
0	64
0	64
0	65
0	65
0	39
0	65
4	273
0	759
0	15
141	274
0	295
0	63
0	758
0	0
0	1
0	0
0	1
13	450
0	242
5	195
0	156
0	56
0	0
0	450
1	371
0	450
0	452
0	224
52	170
3	7
5	2010
1	2010
2	379
2	1921
5	29
0	84
0	48
3	92
4	270
4	44
14	430
0	37
1	155
0	76
0	141
0	18
0	129
0	438
1	21
1	185
0	57
0	21
3	18
0	33
0	122
0	19
13	23
4	28
0	204
0	206
0	186
0	81
0	15
0	48
2	50
3	11
125	202
4	2185
0	2188
74	2085
0	0
0	0
0	0
0	0
0	0
0	0
0	0
0	0
0	0
0	0
0	264
32	411
0	390
0	27
3	23
0	0
0	16
0	16
0	16
0	11
0	16
0	6
0	3
0	0
0	1
0	16
13	98
315	840
12	330
90	458
0	0
0	244
2	240
0	211
1	64
1	4
0	188
3	15
0	84
6	80
0	39
0	107
0	3
0	3
7	392
31	392
25	50
2	43
0	28
0	26
0	26
0	4
0	1
0	26
0	26
0	0
0	0
0	0
0	0
0	0
0	0
0	0
0	0
0	0
0	0
0	1304
2	25
28	1159
7	729
0	1305
0	0
0	0
0	0
0	0
0	0
0	0
0	0
0	0
0	0
0	0
0	0
0	0
0	0
0	0
231	12
0	0
0	0
0	0
0	0
1	2
0	2
0	353
7	507
0	54
2	227
2	205
0	105
4	31
0	0
0	0
0	0
0	0
0	0
0	0
68	42
1	13
6	29
0	21
1	19
18	3
4	2299
0	363
0	360
4	47
5	87
0	346
0	0
0	2299
0	0
39	577
2	80
3	66
0	20
0	245
3	11
10	133
1	232
1	5
0	0
0	0
0	0
0	0
30	18
0	18
0	6
0	0
0	6
0	0
0	0
0	347
0	404
4	327
2	246
6	170
1	57
11	77
0	20
0	440
0	132
0	113
0	440
0	57
4	57
5	37
10	65
0	18
0	0
0	0
0	2
0	1
0	1
0	1
0	1
0	2
0	1
0	1
0	2
0	1
0	1
0	1
0	0
0	1
0	0
0	1
0	1
0	0
0	0
0	18
0	0
1	0
0	0
0	0
2	0
6	0
0	0
0	0
279	0
3	190
0	191
1	191
6	191
0	24
0	19
0	19
149	0
2	88
0	71
3	6
0	58
0	11
1	45
43	0
3	2
0	2
0	0
3	4
1	73
4	124
45	177
3	0
14	51
0	56
0	0
0	0
0	0
0	0
81	1331
49	863
87	815
0	1069
0	97
5	228
39	110
0	1222
0	0
0	0
0	143
0	51
0	35
0	72
1	108
0	0
7	223
5	11
48	229
64	0
1302	2018
7	422
16	255
3	286
3	918
5	874
62	618
0	120
0	0
0	0
11	8
0	8
0	3
0	66
0	68
0	272
2	77
2	35
4	99
0	77
0	66
1	217
131	93
0	195
0	64
3	25
4	13
0	2
0	2
0	2
0	0
0	0
0	0
0	0
0	0
0	0
0	3313
46	0
0	2401
3	1232
96	241
23	200
48	12
162	53
0	0
1	0
1	1
0	0
0	1
0	0
0	1
0	0
0	0
3	3
1	3
1	22
1	24
0	75
0	91
0	37
0	23
0	30
0	2
0	2
0	4
0	0
0	19
0	22
0	19
0	1
18	4
2	5
166	342
0	298
0	91
0	180
11	1
10	49
14	0
0	0
0	0
0	0
0	0
0	1
0	1
0	28
7	23
0	27
1	0
0	1
0	0
0	4
2	7
0	3
0	3
0	1
0	3
0	17
3	17
0	17
0	17
0	18
0	2
0	1
0	0
0	0
0	18
3060	0
0	6
6	6
1508	0
0	0
0	0
0	36
0	36
1	3
0	1
0	0
0	1
0	0
0	1
0	0
0	0
0	0
0	0
0	1
0	0
0	0
0	0
0	0
0	0
0	0
48	22
2	22
0	0
0	0
0	0
0	0
0	0
0	0
2324	219
2	92
1	16
13	128
181	2841
1479	2841
35	28
57	493
7	392
17	372
0	239
6	391
45	214
0	0
25	1712
3	86
9	46
0	50
0	99
0	1580
0	207
8	145
0	64
0	137
0	223
0	220
6	129
0	137
3	47
105	41
0	14
3	27
5	5
7	5
0	0
24	553
0	570
4	7306
16	5224
24	5855
0	5936
25	2847
5	279
6	139
0	87
15	69
0	982
0	528
10	766
60	1874
0	7326
5	0
0	0
0	0
0	0
0	0
0	0
0	0
0	0
0	0
0	0
0	0
0	0
0	0
0	0
0	165
673	361
0	176
7	279
7	101
0	62
0	4
0	64
0	57
0	57
0	4
0	9
0	7
0	18
2	1
0	2
0	9
0	17
0	9
1	9
0	1
0	2
0	7
0	2
0	15
0	7
0	8
0	8
0	15
0	16
0	14
0	17
0	13
0	13
0	9
0	8
0	11
0	7
0	3
0	1
0	3
0	7
0	11
0	1
0	13
0	8
0	1
0	6
0	6
0	0
0	18
0	0
0	0
0	191
0	151
0	2
0	191
177	25
0	25
0	5
0	2
0	0
0	0
0	0
0	3
0	3
0	0
0	0
172	82
23	25
0	75
3	0
0	15
0	79
6	75
492	64
2	58
561	5277
0	4870
0	4469
1	2165
6	664
0	760
7	391
0	822
2	1041
1	919
0	0
0	0
0	0
1	181
1	181
0	0
25	477
1	477
0	108
5	112
0	0
0	0
0	0
0	0
0	0
0	0
0	0
0	0
0	0
0	0
0	0
248	515
1	502
2	79
3	328
0	200
20	83
0	0
0	0
103	571
0	218
0	37
1	27
1	0
18	118
0	26
4	12
5	105
1	2
4	0
10	255
23	32
0	40
604	1419
1	1419
13	190
0	6
1	119
0	119
6	42
0	22
1	3
0	7
4	0
0	0
0	97
0	91
0	83
0	15
0	91
0	28
5	32
3	25
0	16
3	7
0	7
0	7
0	90
5	35
4	184
0	191
334	164
0	63
0	5
0	9
0	1
0	52
7	10
9	59
0	0
0	126
5	354
8	291
5	173
3	300
0	26
0	0
59	6
0	928
10	864
27	254
21	418
141	365
39	74
0	928
880	375
0	375
38	34
6	0
196	1758
8	450
3	1389
0	555
0	996
0	234
3	12
0	12
0	19
34	21
4	7
0	0
0	0
456	396
0	87
4	309
8	86
1	57
3	2789
41	3249
1	2915
0	2791
7	732
4	224
119	1637
0	523
2	377
0	159
6	0
109	338
0	37
0	62
0	42
2	64
0	129
3	125
4	129
3	292
6	3521
0	301
0	3560
0	3524
0	82
7	99
0	19
0	374
0	3131
0	523
93	2987
0	303
4	578
0	0
0	0
0	0
0	0
0	0
0	0
0	0
0	0
0	0
0	0
114	254
0	86
0	48
0	77
27	32
0	121
1	156
0	223
0	2
0	2
0	1416
1	1436
0	1423
0	1487
4	831
0	1165
0	995
0	166
0	134
127	396
0	162
0	65
0	156
0	15
1	105
0	46
3	1
0	1
0	0
0	0
241	451
1	371
0	110
0	135
0	336
1	399
1	0
3	201
26	24
0	2
0	2
0	2
0	2
0	2
0	2
0	0
0	0
0	2
2	502
0	19
0	502
0	0
0	0
0	0
0	0
0	0
0	0
0	0
0	0
4	27
0	27
6	27
0	7
0	1
1	1
0	1
0	1
0	1
0	0
0	0
0	0
0	0
0	0
0	0
0	0
0	0
0	0
0	0
0	0
0	42
0	41
0	2
0	0
0	17
0	16
0	17
0	9
0	3
0	32
3	954
1	449
0	737
11	289
0	0
4	10
0	0
0	0
0	0
0	0
0	0
0	0
0	0
66	2929
0	2639
0	2184
0	187
0	2676
0	2613
27	181
5	672
2	1286
2	397
64	271
19	0
3	574
0	391
9	219
107	39
1	12
5	27
0	9
1	751
1	740
0	146
0	0
0	0
509	0
1	365
1	300
0	83
0	18
0	285
9	17
32	55
229	284
0	93
1	189
0	1047
0	493
2	130
0	1021
5	1039
0	123
2	120
0	66
20	13
11	51
8	485
0	418
0	19
22	3
7	133
1	13
2	416
47	178
0	86
1	27
0	44
1	318
5	361
0	414
0	149
0	65
0	8
10	62
0	60
0	103
3	21
0	18
0	66
2	127
2	126
159	0
28	138
1	138
0	0
10	0
0	0
205	2242
26	2240
1	79
0	184
0	226
5	21
6	19
1	1
2	1
1	1430
51	1451
0	935
0	786
37	843
4	1186
0	848
0	1181
0	184
35	32
4	390
0	766
0	735
0	1261
0	965
0	1012
0	885
0	1329
0	934
0	33
0	103
1	113
0	86
0	240
0	70
0	100
0	990
2	761
0	0
0	0
0	0
0	0
0	0
0	0
0	0
0	0
0	0
0	0
0	0
0	6
0	0
0	0
0	2
0	0
0	6
0	0
0	0
0	0
0	0
0	0
0	0
0	0
260	3167
1	2
0	2
125	0
504	2841
0	2636
55	590
60	652
0	372
0	265
0	317
0	18
0	19
1	9
3	12
0	13
267	5338
0	121
5	123
4	125
0	121
0	24
0	13
0	33
0	32
0	24
0	26
0	7
6	2
0	0
0	0
0	0
0	0
173	480
0	223
8	152
2	412
4	54
0	0
0	0
0	0
0	0
0	0
0	148
0	315
2	133
10	9
0	15
0	16
0	8
1	14
0	19
2	8
1	15
0	165
0	11
0	323
105	0
72	402
0	387
0	135
3	22
13	77
6	26
0	11
1	588
5	589
1	546
24	0
76	546
4	0
0	241
0	220
0	119
1	35
1	55
0	28
0	39
0	43
0	67
15	19
0	241
275	871
0	853
3	119
0	106
6	298
0	216
1	104
2	36
0	0
0	0
0	5
0	5
588	2209
6	122
12	57
2	46
0	26
6	43
0	54
1	70
9	45
0	0
0	0
0	0
0	0
211	74
0	74
48	82
2	76
9	7
4	13
31	9128
0	9291
14	7645
0	9114
0	8377
0	9010
1	8099
0	2574
0	3846
0	2161
2	2183
0	1287
18	638
0	444
0	1183
0	3665
5	1921
12	2425
0	3702
0	1319
3	3308
0	2427
0	2454
0	1746
26	2638
19	1100
0	440
0	1901
0	927
1	1803
25	1585
145	972
29	917
3	490
311	1063
63	1020
11	53
10	41
3	86
9	101
4	90
6	36
0	100
0	43
0	5
8	9
0	2286
0	1837
0	1939
0	1997
0	2096
1	1726
32	349
3	80
1280	74
0	74
1	209
13	216
2	209
4	65
0	101
2	69
0	45
0	39
1	32
0	5
0	0
0	3
0	3
0	3
0	3
0	1
0	3
0	0
0	0
1	1
0	0
0	0
0	0
0	0
0	0
0	3
0	3
0	3
0	1
0	1
0	1
0	2
0	0
2	0
0	2
0	2
94	92
0	90
2	48
0	2
228	821
1	31
5	236
0	795
0	36
0	725
16	191
0	270
1	271
0	428
0	402
1	88
108	0
5	0
0	1709
0	1737
2	39
3	51
0	79
0	77
0	67
0	63
0	39
0	40
0	46
0	19
0	38
0	8
0	68
89	1045
7	1045
7	110
194	174
1	168
4	39
0	0
0	0
0	0
0	0
0	0
0	0
0	0
0	0
47	690
0	461
0	702
7	134
0	439
1	121
0	529
2	142
8	240
0	64
0	36
0	49
0	571
0	2
0	2
0	2
178	1304
0	0
346	164
0	152
0	12
0	0
0	1
0	1
0	1
0	11
3	21
5	35
13	14
1	0
0	0
0	0
0	0
0	0
0	0
0	0
0	0
5	28
1	22
100	204
0	23
0	124
0	54
0	0
0	79
0	19
0	19
0	39
5	56
0	42
2	0
0	0
0	0
0	2
0	2
0	1
0	1
0	0
0	43
1	43
0	341
0	37
0	75
1	47
0	57
2	33
2	91
0	161
0	98
4	24
7	48
0	341
0	1
0	1
0	1
0	0
0	127
2	0
3	31
0	246
0	23
4	29
0	275
0	0
0	0
0	0
0	479
0	694
0	223
12	246
0	376
0	41
0	103
0	340
0	326
0	388
0	382
0	154
5	234
0	3
0	1
0	2
0	0
0	0
0	0
0	0
0	0
1	0
1	0
0	345
0	522
8	475
0	166
0	207
3	199
4	53
5	0
0	0
0	0
0	1
0	0
0	0
0	0
0	0
0	0
0	0
0	1
0	0
0	1
0	1
0	1
0	1
0	1
0	1
0	0
0	0
0	0
0	0
0	0
0	0
0	0
1	0
0	0
2	30
0	0
0	30
0	3
0	4
0	6
4	19
0	3
0	5
0	0
0	12
0	0
0	0
0	0
0	0
0	0
37	0
7	152
448	423
10	212
0	405
0	0
0	0
0	0
0	0
0	0
0	0
0	0
0	0
0	0
0	0
0	0
0	0
2	0
0	0
0	81
92	81
0	3
0	10
0	7
0	931
0	660
21	917
0	897
1	873
0	235
1	31
1	40
7	86
5	54
1	78
329	708
0	605
0	67
0	72
3	184
0	268
5	143
3	108
0	4
0	114
0	2
0	111
2	9
0	23
0	68
0	97
0	7
0	5
0	8
0	56
0	0
1	8
1	9
0	12
0	44
0	13
0	43
0	1
0	49
0	7
83	16
4	0
0	1
1	16
0	0
0	0
0	0
0	0
1	308
52	247
0	304
0	43
2	33
0	24
0	44
0	16
0	3
23	101
23	100
0	1
1117	0
2	0
619	0
0	10
0	3
0	2
0	0
0	0
0	10
300	0
0	5
10	213
272	349
0	298
0	240
0	223
1	60
11	41
3	47
0	336
0	275
6	288
0	309
0	73
2	187
0	22
0	6
4	8
0	316
0	0
0	0
0	0
0	0
0	6
0	6
0	0
0	0
2	0
0	0
0	0
71	38
0	38
24	58
0	58
0	0
33	6
0	0
0	0
0	0
0	0
0	0
0	0
0	0
0	0
0	0
0	0
1	0
0	42
36	62
1	5
1	14
0	13
0	16
48	17
0	6399
0	7
19	23
0	17
0	13
1	13
19	0
0	45
0	45
1	6169
0	597
0	614
0	1096
1	786
10	621
2	509
246	303
9	203
0	15
0	10
447	17
0	0
55	26
0	17
0	4
0	3
0	14
12	16
3	12
1	0
0	9
19	12
0	12
9	58
0	12
0	7
1	58
0	0
0	1
0	1
0	1
0	0
10	7320
1	7296
2	7320
202	7299
5	7321
0	7294
0	7293
2	4609
0	4438
0	4397
31	1827
0	2139
85	7320
0	0
0	0
0	0
0	0
0	0
12	316
0	35
2	276
0	56
11	0
0	123
6	34
0	280
69	116
0	5
2	111
2	59
0	1
0	120
19	14
21	120
0	10
0	303
0	221
0	276
1	214
0	199
1	265
0	76
0	70
0	68
0	68
1	36
1	3
5	10
0	44
2	4
0	12
0	10
0	3
0	1
0	838
0	78
0	55
6	55
0	678
0	616
0	429
1	66
0	838
0	0
0	0
0	0
0	0
52	0
30	258
0	259
0	3
0	12
0	11
0	1
0	7
0	52
0	89
0	66
0	18
1	1983
2	1983
0	1983
0	104
3	135
5	309
0	248
174	173
0	59
1	44
0	105
0	0
0	6
0	6
6	0
704	12517
2	0
0	0
0	0
0	0
0	0
0	0
0	0
0	1
1	1
0	340
8	2
0	27
0	338
1	70
0	340
195	2398
0	0
0	5
0	5
0	0
0	0
20	34
9	70
637	66
419	68
0	37
34	31
0	70
0	70
1	6
0	3
0	2
0	7
1	8
0	9
1	0
0	0
0	0
5	1
0	1
0	0
0	0
3	474
9	176
6	334
0	479
0	164
1	60
0	31
1	75
0	307
3	22
0	0
0	0
0	70
1	4
0	55
0	67
0	58
0	1
0	58
0	72
0	59
0	70
0	1
0	58
0	69
0	4
0	0
0	69
0	0
0	0
0	0
3	1217
3	1227
4	255
6	648
1	1203
6	524
0	582
0	1178
9	35
1222	568
27	568
6	78
0	0
0	58
6	57
0	17
0	13
0	14
0	14
0	0
0	0
1712	220
0	220
1	2
0	2
0	1
0	1
0	1
0	0
2	0
16	1883
1	261
0	166
0	175
3	471
0	61
0	100
4	48
4	150
9	1875
0	0
8	33
0	33
0	5
0	7
0	1
1	0
0	357
25	734
6	274
15	742
0	130
0	263
0	67
0	160
3	171
0	61
0	70
3	187
0	21
0	0
3049	367
3	367
716	26
0	26
1	25
11	0
0	0
3	72
6	48
4	72
0	1
0	0
0	0
0	0
0	0
0	0
2	52
0	52
0	1
0	0
0	49
18	260
0	271
2	14
0	0
0	0
0	0
442	589
1	113
1	190
94	18
3	18
0	7
0	0
0	0
0	0
20	1943
0	2769
0	390
80	531
18	136
3	245
0	118
30	205
0	164
4	164
0	0
0	0
0	0
0	5
0	179
6	180
4	28
0	36
6	18
1	8
0	3
7	1311
5	839
4	1159
0	1336
31	1351
2	848
18	122
0	104
3	125
0	14
0	0
0	0
0	2
0	1
0	1
0	2
0	1
0	0
0	0
28	2515
0	931
0	827
22	2044
0	1310
16	131
0	53
12	53
9	14
0	10
1	0
5	0
0	0
0	0
0	3
0	3
0	0
0	0
0	0
1	5
0	5
0	2
0	1
0	1
0	0
0	1
0	0
4	230
2	227
0	16
21	10
0	1
0	0
0	0
0	0
0	0
0	0
0	0
0	0
0	0
0	0
0	0
0	0
0	46
24	1747
209	198
4	1506
7	1647
16	39
0	50
0	65
5	97
1	480
13	180
0	180
0	130
0	27
83	0
0	0
0	0
0	0
0	0
0	0
0	0
0	0
0	0
1	2154
0	2160
0	996
0	991
23	761
1	165
2	98
0	53
0	1222
0	2142
0	0
0	618
0	588
4	78
2	371
0	0
0	144
0	90
7	1078
3	1078
88	57
979	1083
2	313
2	181
0	134
10	176
14	461
0	191
10	11
10	278
9	49
0	278
0	6
29	12
3	3
0	9
155	119
5	119
9	9
2	0
1	742
3	733
0	685
0	439
4	577
2	75
2	345
3	258
2	170
4	159
0	0
0	0
0	0
0	0
0	0
0	0
0	0
0	0
0	0
0	0
0	0
0	0
3	0
0	0
0	0
2	3
0	3
0	1
0	0
0	0
0	0
0	0
0	1
0	1
0	0
0	0
0	0
0	0
0	0
0	0
0	0
0	0
0	0
0	0
0	0
0	0
0	0
0	0
0	1
0	0
0	0
0	0
0	0
0	0
0	0
0	0
0	0
0	0
0	0
0	0
1	0
0	0
0	0
21	4446
4	4479
3	4350
5	254
4	124
4	26
3	4439
0	0
619	2105
5	812
9	1852
0	1943
8	287
213	7
5	15
0	0
0	195
0	185
1	20
20	152
0	1
1	71
0	56
3	7
23	41
0	25
67	476
75	476
0	1
1	1
0	1
0	0
0	0
0	0
0	0
235	0
5	0
3	0
10	2970
0	3245
0	1522
0	1136
0	0
0	0
0	0
0	0
0	0
0	2
0	2
0	0
0	0
0	0
0	0
0	2
0	0
0	2
0	0
0	2
0	0
0	262
1	261
4	8
7	452
0	126
1	371
12	586
0	916
0	337
46	257
5	266
49	31
0	46
0	97
6	918
5	126
0	100
1	20
0	145
7	322
0	0
1	0
0	0
5	0
1	0
1	0
0	234
0	191
0	199
7	30
0	28
0	10
2	124
4	107
3	44
0	121
77	35
0	3
0	6
0	34
0	381
0	385
0	441
0	450
1	39
0	129
8	69
1	0
0	0
0	0
0	0
0	0
0	0
0	0
0	0
18	119
0	57
0	31
0	34
0	16
0	69
0	17
0	54
2	0
0	30
308	696
2	696
0	494
4	569
0	562
0	103
0	503
0	35
0	32
0	0
0	0
0	0
0	0
14	1277
3	1227
0	295
5	66
38	532
0	37
15	237
6	383
3	3
4	0
0	0
0	0
0	0
0	0
0	0
0	0
0	0
0	0
0	0
0	0
0	0
0	0
0	1
0	0
0	1
0	0
0	0
0	0
0	0
0	0
0	1
537	49
29	19
0	26
1	0
0	0
0	0
0	0
0	0
33	746
1	746
0	124
0	71
3	74
0	22
0	13
0	7
0	7
0	6
1	3
284	246
0	220
8	106
0	47
1	50
0	39
4	0
0	0
0	0
0	0
0	0
0	0
0	0
0	0
0	0
0	0
0	0
0	0
9	123
3	1129
1	209
0	114
0	1078
0	167
15	32
19	607
17	542
0	86
3	133
0	67
5	21
0	22
28	1659
54	1659
0	72
60	1239
0	1153
0	906
2	6
2	90
4	76
3	207
12	305
0	138
6	16
0	2
81	8
1	2152
26	21
0	1833
7	291
0	954
0	625
12	154
0	0
308	133
0	123
0	10
5	763
7	270
18	311
0	763
27	760
0	0
21	662
0	319
1	11
2	486
4	338
0	413
2	222
0	1
1	511
0	446
12	471
0	441
0	148
3	61
0	20
7	75
19	47
11	128
1	69
3	49
1	58
3	12
0	6
2	659
0	681
1	13
2	0
0	33
31	10
0	0
0	1577
0	32
61	1565
10	1
0	107
1	74
0	157
44	1216
14	85
0	0
0	0
0	0
0	0
0	0
1	1054
0	1052
0	702
0	78
1	610
0	534
0	2
0	2
0	0
0	0
0	1932
3	1077
0	703
4	1902
0	243
0	500
1328	0
59	1427
0	436
1	1026
2	307
1	83
0	110
1	339
0	86
0	135
0	77
0	89
0	114
6	894
1	250
0	41
33	472
2	46
0	0
0	0
0	0
0	1
0	3
0	1
0	1
0	0
0	1
2	0
0	0
0	1
0	0
0	0
6	542
0	581
2	58
1	188
3	23
4	50
4	78
7	22
13	20
17	60
1	32
15	690
25	220
0	76
0	572
0	229
5	48
0	144
0	52
0	0
0	0
0	0
55	0
1	315
0	78
45	318
2	1
0	62
0	63
0	3
0	0
0	3
0	0
0	3
0	3
0	3
0	0
1	1135
0	1135
4	393
5	65
5	128
23	22
2	52
5	111
1	33
0	2
1	14
25	0
0	15
0	0
292	303
2	303
23	239
2	143
0	112
0	0
0	0
0	0
0	0
0	0
0	0
4	756
13	805
0	819
8	67
0	217
1	0
909	129
0	114
47	26
0	0
0	0
0	0
515	17
2	17
0	1312
0	1314
0	141
33	110
182	476
0	102
0	56
0	63
0	109
0	450
1	84
0	65
1	128
0	0
0	0
2	20
30	20
10	20
41	99
0	99
0	0
0	3
0	1
1	16
0	4
0	11
1	0
0	0
3	161
15	17
0	142
2	163
1	0
1	0
0	0
29	21
0	169
0	74
0	6
0	80
0	32
0	23
0	165
2	161
2	738
4	395
43	732
4	177
1	256
4	54
0	0
0	0
0	0
0	0
0	0
0	0
0	0
0	0
0	0
0	0
34	167
29	137
0	163
23	1
4	0
0	0
1	0
717	82
12	82
26	35
0	33
0	3
0	0
8	969
0	989
1	117
1	51
3	577
0	25
1	138
0	69
0	1
0	1
0	0
1	0
0	0
0	248
1	1424
72	4
0	109
0	45
0	109
2	47
0	1101
0	25
0	1414
0	0
20	0
2	1242
2120	2041
33	1254
0	232
0	274
1	246
0	0
0	0
388	7817
192	949
1	619
0	6895
3	2681
18	3
0	35
0	18
1	5
0	47
0	88
0	44
0	80
0	0
0	0
0	0
0	0
0	0
0	0
0	0
0	13
54	298
0	214
0	44
0	0
5	157
0	24
0	2933
9	2893
2	2011
0	2917
0	0
10	135
0	46
3	1
0	135
0	0
503	0
15	113
0	97
1	46
0	30
0	30
0	28
0	0
0	0
0	0
0	0
0	0
0	0
0	0
0	0
0	0
0	0
0	0
0	0
0	0
0	0
108	22
0	19
0	0
0	0
12	219
0	83
1	206
0	0
2	0
1	196
42	0
0	79
5	46
1	76
10	8
0	67
1208	0
0	0
0	0
167	111
1	33
18	0
16	78
7	40
0	1026
8	1559
0	1268
80	0
6	149
25	0
0	0
15	1086
1	286
7	1002
0	573
4	56
0	31
315	2544
0	1367
26	516
0	1948
203	401
0	314
0	50
2	107
19	979
0	198
1	37
7	38
0	4
0	192
10	407
5	542
15	576
9	535
0	125
34	253
0	371
2	1263
18	24
1	244
0	241
0	1274
0	1272
10	2
0	2
10	55
0	16
0	13
0	5
0	27
2	18
3	28
0	9
0	9
0	9
0	0
3	594
2	928
0	1033
6	1033
0	1034
3	555
23	381
0	822
0	0
0	0
0	0
0	0
11	390
1	390
11	279
23	5515
9	5523
70	737
0	0
0	0
0	4
0	4
0	4
0	4
0	4
0	0
0	0
0	0
0	0
0	0
0	0
0	0
678	126
2	43
1	65
4	0
0	6
1	0
4	14
12	1
18	1
14	2
0	0
0	0
0	0
0	0
2	895
11	962
0	933
40	1008
0	1372
0	1578
0	1486
3	1424
0	1514
8	1578
0	1328
0	832
178	307
1	671
4	119
0	151
0	1580
0	1584
0	1604
43	38
0	35
3	31
1	4
0	0
281	501
0	139
0	49
0	501
0	1
0	3
0	2
0	1
0	3
22	1220
0	1273
0	293
7	319
0	1249
0	426
0	1237
0	13
7	122
0	1249
0	2
2	2
0	2
0	2
0	2
0	0
0	2
0	2
0	2
0	2
0	2
0	1
1	0
0	0
0	9
0	0
0	9
0	9
0	5
0	7
0	6
0	4
0	0
0	1
0	0
0	2
0	1
0	1
0	1
0	0
0	0
0	0
0	0
0	0
0	0
0	0
0	1
0	1
0	1
0	0
0	0
0	0
0	0
0	0
0	0
0	0
0	0
0	0
0	0
10	769
0	299
0	732
1	17
38	1
11	1
1	16
0	181
5	32
7	11
0	0
0	0
0	0
0	0
0	0
0	0
2	0
0	21
0	1
7	32
0	29
0	5
6	14
5	1
0	0
0	0
0	0
78	7
1	7
0	5539
0	5387
0	5522
0	5370
0	5142
0	5277
0	5294
0	5125
0	5019
34	443
39	115
0	5576
18	208
10	215
0	75
7	9
0	7
22	81
1	0
0	0
0	0
0	0
0	0
0	0
0	0
0	60
19	130
14	120
0	339
2	297
0	316
15	87
0	314
0	27
22	43
1	52
0	318
0	277
3	2
0	73
0	170
0	69
0	83
0	37
0	27
10	312
0	312
1	249
7	0
2	32
0	4
0	4
0	4
0	4
0	4
0	0
9	0
2	0
0	0
0	0
0	0
6503	0
0	0
0	17
0	17
0	17
0	14
0	18
0	14
1	14
0	18
0	4
0	12
558	151
5	151
5	137
1	137
0	305
11	5
0	148
0	42
0	54
0	33
0	0
3	37
365	305
54	5787
0	2312
1	4489
0	805
0	4354
1	4278
54	634
0	1493
17	1635
1	7
0	3
0	4
0	0
0	3
0	0
1	3
0	7
0	0
0	0
3	0
0	0
156	125
1	125
0	30
11	21
28	18
0	0
0	0
39	1400
5	21
5	68
28	241
0	195
1	71
258	25
1	25
0	0
0	0
0	0
0	0
2	10
0	5
0	8
0	5
1903	217
1	161
17	7
1	49
0	1
0	1
0	1
0	1
0	1
0	1
0	1
0	0
0	11
0	7
0	0
0	0
0	11
0	0
0	0
0	2
0	15
8	238
0	243
0	233
0	150
0	33
0	1
0	13
2	0
0	0
0	0
0	0
0	0
0	0
2	0
0	0
0	0
0	0
0	0
0	0
1	586
0	464
0	595
0	84
16	627
1928	2080
0	478
3	2037
324	391
0	215
93	172
104	27
0	0
0	0
0	0
0	0
0	0
0	0
598	0
6	5799
1	5833
3	97
1	198
8	80
0	384
0	1585
2	1395
5	420
65	1007
2	762
5	320
2	237
1	66
0	0
0	0
0	0
0	0
0	0
0	0
8	178
20	178
0	143
21	143
0	132
1	135
3	68
1	26
0	44
235	3057
11	3057
0	0
0	0
0	0
0	0
0	0
1	10
0	3
0	4
0	10
0	10
0	1
0	7
0	6
0	7
0	0
0	7
0	7
0	0
0	0
0	1
0	673
0	268
0	143
0	673
0	627
0	0
0	0
0	0
0	0
0	0
0	0
0	0
0	0
0	0
0	0
0	0
0	0
0	0
1	1
30	154
0	243
8	329
15	135
12	152
1	135
1	300
0	215
0	336
6	31
0	31
0	3
0	2
0	6
0	8
1	2
3	114
0	69
0	50
0	0
0	1
0	111
0	113
0	0
860	506
0	94
0	274
0	181
2	67
0	63
0	54
16	352
24	323
0	501
0	503
3	207
1	115
1	146
5	96
0	0
0	0
0	0
0	0
0	0
0	0
0	3519
209	644
69	17
0	647
0	0
0	0
0	0
0	0
915	671
3	642
3	273
29	23
2	15
1	12
0	11
210	220
29	4
0	370
0	223
0	231
4	211
0	181
3	216
53	117
0	364
0	0
0	0
1	0
0	0
0	1
0	3
0	3
0	0
0	0
0	275
0	275
12	39
0	37
0	18
1	217
3	118
0	4
0	17
1	257
7	1
0	1
124	232
1	202
2	150
11	118
3	22
0	0
0	0
0	0
0	0
0	0
0	0
0	0
0	0
0	0
0	0
0	0
0	0
0	0
0	0
0	0
0	1
0	1
41	20
0	20
0	429
0	476
0	468
0	382
0	74
0	430
0	27
0	16
1	9
4	25
4	27
0	27
0	476
0	0
4	2427
30	2402
0	2371
12	2366
10	1453
13	11
83	772
0	495
1	411
8	359
0	553
0	73
22	73
0	21
0	15
0	14
3	19
66	19
30	226
8	218
1	2433
1	2435
2	1882
0	2113
0	2502
21	275
9	138
0	206
0	70
14	206
20	0
4	6
3	78
0	126
5	70
0	206
750	0
0	0
33	2021
12	24
0	279
1	1842
35	501
0	971
5	955
0	745
0	693
9	63
2	974
22	0
2	1
0	0
0	1
0	337
0	11
0	261
0	322
0	47
0	187
0	55
6	9
5	61
0	11
694	40
5	40
0	0
0	0
0	0
0	5
0	5
0	5
0	5
4	5
3	24
90	93
0	16
0	28
5	69
0	23
1	111
10	178
6	183
0	72
0	22
5	54
2	16
1	15
0	5
0	0
0	40
6	46
0	6
0	54
4250	652
0	0
0	0
0	0
447	1516
0	0
0	0
0	0
0	0
0	0
0	0
0	0
0	0
0	0
0	0
1567	122
0	99
0	18
28	5
0	0
0	0
0	0
1	2
0	2
0	0
470	441
27	418
11	14
249	141
0	15
0	141
0	0
5966	1006
0	1006
14	0
0	0
0	0
0	0
0	0
0	0
0	0
0	0
0	0
31	744
66	738
0	813
5	324
0	19
0	13
0	10
0	10
1	6
0	2
2	6
0	0
0	0
0	1
0	0
0	0
0	20
0	20
0	19
0	10
8	229
3	238
1	64
0	7
2	18
0	12
7	12
0	4
5	6
0	0
0	0
0	0
0	0
0	0
0	0
276	814
0	763
0	282
6	812
0	0
0	0
0	0
996	308
2	221
0	83
0	87
0	0
322	183
0	183
3	29
0	0
0	0
0	131
0	0
0	0
0	12
0	12
0	131
0	132
0	5
0	26
0	51
1	24
0	131
0	131
0	0
0	0
1066	2661
0	0
0	0
0	0
0	0
0	0
0	0
0	0
21	0
0	0
0	0
0	0
480	3332
0	3
0	3
0	2
1	2
0	0
4	127
1	127
1	92
1	53
0	92
13	100
3	24
11	40
0	7
1	25
0	5
0	18
0	15
2491	619
5	619
0	0
0	0
0	0
0	0
0	0
378	2194
41	10
0	6
0	10
0	0
0	0
105	854
2	174
0	303
0	278
12	84
0	20
0	317
6	50
7	48
0	0
50	881
2	439
0	314
0	578
0	573
1	262
0	368
2	190
2	163
6	204
10	37
0	5
0	5
0	5
0	5
0	1
0	5
0	0
0	2
3	4
0	4
0	4
0	3
0	1
0	0
0	4
0	0
199	922
0	19
4	903
0	104
0	110
1	107
3	33
0	15
1	9
4	3
0	0
0	0
0	0
0	0
7	0
10	4
0	2
0	0
0	2
0	2
0	2
0	2
0	506
0	487
34	171
3	40
0	49
0	54
7	54
15	614
20	633
14	362
3	153
6	170
0	165
7	14
0	334
0	50
0	2
1	50
0	2
0	1
0	50
0	50
0	49
531	4191
30	4305
214	3612
0	0
0	0
103	45
0	34
0	11
24	597
24	597
8	2133
156	2196
3	521
2	105
13	234
0	452
21	74
1	7
0	0
1	9
0	3
0	5
0	1
0	0
0	6
192	0
1342	428
0	144
8	56
6	228
0	0
0	0
0	0
0	0
0	0
0	0
0	0
0	0
0	0
0	0
128	0
49	245
0	245
0	34
0	0
0	0
0	0
0	1
0	0
0	0
0	0
0	1
0	0
0	0
0	0
0	1
0	0
0	0
323	0
29	6252
0	1232
0	194
0	194
0	666
0	5083
0	6233
31	56
12	77
38	972
32	2004
0	4982
9	133
9	90
225	1236
0	1913
5	109
0	259
0	195
0	6324
539	63
2	63
5	16
0	0
0	0
0	0
0	0
0	0
0	0
0	0
0	0
0	0
0	0
0	0
0	0
26	561
1	391
1	390
0	561
0	0
0	0
76	0
3	0
0	46
2	45
0	46
0	7
0	1
0	0
0	0
0	1
0	0
0	0
3	56
3	48
1	33
52	21
29	2
15	18
0	13
15	4
0	0
0	0
0	0
0	0
0	0
0	0
0	0
0	0
46	165
16	142
169	198
0	110
6	0
1	0
0	19
0	0
0	0
0	19
2	1
0	0
0	0
0	0
0	0
0	0
12	19
1	19
1	8
0	8
89	158
0	158
1	1
0	1
1	0
0	0
0	0
1	72
0	72
0	72
0	28
0	53
2	5
0	0
0	0
0	0
555	2574
0	0
0	0
0	0
0	0
0	0
0	0
0	0
0	0
0	0
0	0
0	468
29	449
0	436
3	377
0	46
4	116
0	142
0	100
1	39
0	148
1	164
0	76
10	86
0	0
0	0
0	28
0	10
0	10
3	389
1	15
0	32
0	391
0	0
0	0
0	0
0	0
0	0
0	0
0	0
0	0
10	113
0	95
0	47
0	32
36	177
0	74
0	145
0	82
0	93
2	76
1	21
894	91
61	91
0	0
0	0
1	0
0	0
0	0
149	124
12	124
0	0
0	0
299	174
4	174
9	99
0	92
6	25
0	0
0	0
0	0
0	0
0	0
7	146
1	114
0	0
0	0
0	79
0	36
0	7
2	4
0	7
0	3
0	3
0	0
0	146
0	3
0	7
64	37
3	18
0	6
8	7
3	31
0	25
0	5
19	0
22	181
2	181
0	107
0	10
162	1483
1	125
0	1204
0	73
7	152
6	741
8	665
26	117
9	642
125	494
26	40
183	0
21	201
0	184
0	180
0	206
0	125
0	83
0	63
0	62
3	64
0	5
0	0
0	0
0	0
0	335
0	301
0	189
0	205
1	72
6	108
1	70
5	43
0	309
0	0
1	0
6	0
0	0
0	0
0	0
0	0
0	0
0	0
0	0
623	177
0	135
3	132
1	79
0	39
0	0
0	0
17	158
0	15
0	24
0	35
0	14
0	8
0	149
2	0
223	0
0	66
7	106
7	26
0	106
1	0
6	210
782	884
0	666
10	82
0	0
0	0
0	0
0	0
6	119
0	117
8	115
5	113
22	89
1	8
0	21
0	98
0	0
0	0
0	0
891	2434
0	0
0	0
0	0
27	0
6	1317
0	1341
0	398
0	334
0	331
1	76
1	1321
0	0
58	0
1299	5
15	5
0	0
321	106
1	84
6	53
2	52
8	366
12	366
11	304
957	2145
9	2145
1	40
0	40
0	40
0	7
0	7
0	7
0	7
1	0
0	0
95	20
0	20
8	5
0	197
1	218
374	219
5	62
0	0
0	0
0	0
0	0
15	5036
3	524
45	1824
394	5029
17	0
0	0
0	53
0	53
0	14
0	18
0	18
0	11
0	9
0	8
1	3
0	5
0	65
0	35
440	223
3	17
0	37
0	94
0	0
0	0
23	1692
2	886
0	81
0	178
31	226
10	1692
0	0
0	0
7	76
0	86
0	85
0	93
1	92
32	260
0	247
138	0
3	0
0	0
118	87
0	285
0	1
0	1
36	0
39	578
4	105
0	578
21	27
1319	904
0	124
1	813
13	92
72	49
1	0
545	0
0	2
0	4
0	4
0	4
1099	23
5	23
0	0
0	0
0	0
0	0
0	583
0	535
0	573
59	318
0	134
0	110
0	37
0	170
1	117
1	37
0	15
2	12
260	356
0	356
2	271
0	98
0	92
0	147
5	0
0	1043
0	989
0	1514
0	1821
0	1441
0	161
0	298
0	1756
0	1172
9	257
0	369
0	1809
0	988
0	2
0	1030
0	1481
3	988
4	13
0	204
0	332
1	163
73	182
25	65
0	10
18	67
181	143
0	143
0	47
4	6
2	922
0	345
147	1437
0	1499
0	1012
0	282
0	0
0	0
0	1
0	1
0	0
0	0
133	946
1	767
4	193
2	14
0	9
0	0
0	3
0	0
0	3
0	3
0	0
500	2795
0	0
0	0
492	0
0	0
309	2605
6	504
53	2340
67	172
2	116
0	793
1	280
476	1368
0	0
0	0
34	227
2	227
1	93
0	78
0	97
2	91
19	5
0	99
0	0
1759	0
69	406
1294	1145
0	259
13	280
1	314
0	1000
0	623
0	687
2	626
0	836
0	823
3	93
0	645
8	599
5	55
20	117
10	48
1	1996
0	1353
0	1953
0	1757
3	1700
28	794
1	1689
0	1775
0	1283
1	779
0	775
0	1223
0	1268
1	709
0	199
0	0
0	0
0	0
179	643
1	486
0	488
0	441
0	439
0	372
2	468
0	276
29	219
0	145
31	110
1	88
1697	687
0	607
0	0
0	0
0	0
29	92
0	375
0	2791
29	293
0	96
0	115
4	2674
16	748
0	809
0	2475
0	336
0	1909
10	56
0	1479
8	0
0	358
10	564
0	0
0	0
3	40
0	40
0	7
0	60
0	58
0	60
18	1514
19	180
0	1522
0	59
4	21
5	94
0	680
8	32
0	250
0	119
71	54
0	3
1	33
0	6
0	49
0	20
0	10
0	15
0	14
0	21
0	0
0	0
0	0
0	0
0	0
0	0
0	0
0	0
753	164
3	164
0	0
0	0
0	0
0	0
0	0
46	925
5	148
17	193
83	362
39	753
0	733
0	611
32	99
0	259
0	193
69	582
6	111
11	79
0	0
1	0
0	0
2	0
0	0
0	0
0	0
0	0
0	0
0	0
0	0
0	0
0	149
5	149
0	150
0	2
0	0
0	0
1	124
85	122
62	140
85	48
0	17
0	16
0	62
0	31
0	0
0	0
0	0
0	0
0	175
10	175
0	175
0	103
2	90
0	17
40	5
2	5
0	0
2	307
0	258
2	307
1054	0
150	1156
15	1156
5	202
2	63
494	912
2	522
1	854
1	251
13	39
0	38
0	5
0	7
0	0
7	0
0	0
0	0
0	0
0	10
0	1641
3	105
32	555
0	132
3	96
4	1622
8	159
1	55
1	42
1	57
10	281
0	68
7	0
0	0
0	2
0	2
1	942
0	11
0	44
0	948
0	0
0	0
0	0
0	0
0	0
0	0
0	0
0	0
7	0
1	81
0	67
5	55
0	0
182	69
1	69
103	64
5	64
0	0
78	739
15	738
1	151
5	168
1	26
0	17
0	0
0	0
0	28
28	154
0	1778
0	797
0	589
4	29
0	1653
8	421
1	1388
0	1625
0	1624
0	1595
0	0
43	1090
0	546
4	724
0	1093
1	577
0	547
0	1095
0	724
42	4
31	201
1	194
0	0
0	0
0	0
0	0
0	0
0	0
0	0
0	0
0	0
0	0
0	0
0	0
143	31
0	31
0	422
4	422
419	422
0	0
1	0
1	0
2	683
24	683
9	0
0	0
0	0
0	0
0	0
1	2
0	2
0	1
0	0
0	1
0	0
0	0
0	0
0	0
0	0
0	0
0	0
0	0
0	0
6	1952
3	1798
17	1823
9	1257
5	1812
0	1882
0	1518
29	297
0	0
0	0
0	0
0	0
0	0
0	0
0	0
0	0
0	2467
803	2493
4	1415
0	416
33	347
0	2429
2	1096
3	239
0	277
0	0
0	0
0	0
28	692
0	692
1	84
0	95
0	82
4	10
12	74
2	4
4	155
3	29
0	68
1	174
0	0
43	24
10	24
28	203
0	6
7	197
5	0
1	0
0	13
84	158
0	145
54	68
0	69
0	70
3	15
0	5
0	143
0	591
18	591
0	0
0	0
0	0
10	18
0	18
0	0
0	0
0	7
0	7
0	5
0	2
1	0
0	0
84	0
1042	1191
5	1130
3	1059
0	91
51	58
39	17
525	42
49	160
0	160
0	8
0	8
0	0
0	8
0	5
0	0
0	0
0	0
0	6
0	6
1	0
0	6
0	6
30	45
1	44
10	1
0	0
40	1058
177	1125
0	14
0	176
0	338
4	344
3	135
0	186
0	172
2	139
0	0
0	0
195	15958
16	15176
40	2354
64	15882
57	3158
0	2542
6	1818
0	1851
35	1511
0	0
0	0
4	0
0	0
0	0
243	0
25	774
50	791
4	174
0	0
0	0
0	86
197	138
3	2
0	34
0	45
0	16
0	23
0	45
0	0
0	0
0	0
0	0
0	0
22	6
0	11
0	5
0	1
0	0
0	0
0	0
0	0
246	185
0	41
1	144
0	2310
0	417
12	2266
0	248
5	179
0	2274
0	0
0	0
0	47
0	9
440	105
0	9
0	42
0	9
6	3
0	17
1	25
0	33
0	0
0	0
0	231
121	239
0	64
0	8
1	7
0	0
0	0
0	0
0	0
0	1
0	0
0	0
0	1
0	1
0	0
0	0
0	0
0	0
0	0
0	0
0	0
2	0
0	0
0	0
0	0
0	0
0	0
0	0
0	0
0	0
7	15
0	7
0	15
1	5
0	7
0	3
3	5
0	335
0	346
29	246
0	20
53	171
0	144
1	160
0	59
0	7
1	9
0	36
0	38
17	32
0	10
0	0
0	0
88	915
0	583
0	796
5	388
7	66
1	67
1	70
0	62
0	40
0	55
0	18
0	16
1	12
1	10
0	17
0	14
0	10
0	9
0	2
2	164
0	308
0	297
0	301
3	15
15	80
0	0
0	35
0	35
0	10
0	4
0	13
0	4
0	176
0	149
0	111
25	0
0	46
9	107
0	65
13	0
1	0
0	0
0	20
3	21
0	9
0	9
0	0
0	172
8	35
1	155
1	22
0	83
0	41
1	36
0	37
4	6
5	1
0	52
0	0
10	0
0	0
0	0
0	0
0	0
0	0
0	0
0	413
18	413
0	41
0	59
0	10
0	12
0	33
0	33
1	22
0	11
1	19
45	8
0	0
0	0
0	0
5	0
0	65
0	65
0	65
0	24
0	48
1	28
0	2
0	1
0	3
0	0
353	3641
25	3493
12	2591
0	2198
13	946
0	1781
0	1214
15	1044
0	881
16	173
0	0
0	0
0	0
0	0
1	5
0	5
0	101
0	102
0	74
0	0
0	0
0	7
0	7
0	6
0	0
0	0
0	0
0	0
67	0
8	70
293	85
48	47
0	47
0	37
0	12
0	0
849	1122
83	615
30	744
8	973
31	816
2	374
3	231
0	56
0	229
3	17
0	1
11	3
0	3
0	2
0	1
275	298
0	167
4	8
6	154
4	209
74	3
0	0
0	0
18	39
0	39
0	31
0	6
94	874
41	206
0	242
3	256
0	98
0	328
1	320
0	0
0	0
0	0
0	0
0	0
0	60
0	7
0	7
0	5
0	0
0	59
0	2
0	11
9	2
0	6
0	9
0	6
1	0
0	0
0	7
0	2
0	3
3	2
1	14
12	69
1	31
0	3
0	1
7	38
5	6
0	5
0	1116
0	1227
0	1237
13	1637
0	1652
0	1580
0	698
2	3
3	301
4	955
5	130
3	449
0	351
0	236
0	288
0	289
0	260
0	204
0	157
33	10
0	0
0	66
1	56
0	66
0	9
0	13
2	1
0	853
0	80
0	195
0	97
0	853
0	64
0	73
0	22
0	63
0	68
0	12
0	52
0	0
0	0
2	3
0	0
0	0
0	114
0	114
0	0
0	0
0	0
0	0
0	6
0	6
1	4
4	4
0	112
0	4
0	62
0	57
0	44
0	47
0	47
0	47
0	36
0	43
0	46
0	49
0	49
0	2
0	23
4	13
0	5
0	2
1	0
0	0
0	0
0	0
0	3
0	5
0	4
0	5
0	3
0	1
0	1
1	0
0	112
0	0
0	22
11	49
1	39
0	11
0	8
3	1
0	8
0	0
0	4
0	2
0	4
0	0
0	8
4	4894
0	4601
9	595
1	753
0	771
5	210
9	172
4	260
0	170
12	83
217	411
0	169
2	63
14	69
0	105
0	157
3	54
0	226
2	178
0	143
0	108
5	69
0	0
0	0
0	0
5	11
1	11
0	11
0	7
0	5
0	0
5	158
0	96
8	60
0	13
0	36
11	25
9	25
0	5
0	2
0	3
0	1
0	158
0	0
0	0
0	0
0	0
0	0
0	0
3	0
0	0
0	0
0	0
0	0
0	0
84	106
0	106
0	2
1	0
1	0
0	0
0	0
0	0
0	0
0	0
0	0
0	637
165	642
0	177
0	333
0	187
7	79
20	174
0	411
16	37
0	13
12	11
0	103
0	95
8	52
7	31
0	45
0	72
6	69
1	44
0	412
0	7
0	0
0	0
0	0
0	0
0	7
0	0
0	1
1	1
0	0
0	0
1	0
2	101
0	7
1	89
0	12
0	101
0	89
0	101
0	120
0	117
0	111
0	91
0	113
0	111
2	37
1	17
1	13
47	1
115	201
85	192
1	27
0	720
0	761
1	755
0	651
1	738
0	90
0	719
0	607
0	81
55	31
28	0
44	566
9	7
3	7
2	4
0	260
0	219
1	232
0	205
0	241
0	226
0	25
0	251
12	76
0	152
5	14
0	14
0	68
8	15
2	93
0	78
47	390
0	386
1	295
2	10
0	312
1	128
14	33
2	31
19	127
11	94
1	11
0	0
0	0
3	0
0	3
0	3
0	3
0	3
0	3
0	0
0	0
0	0
1	3
0	3
0	0
0	1
1	646
4	14
0	612
0	100
3	74
1	87
0	40
5	219
3	55
0	120
1	817
0	851
33	537
1	35
2	8
0	0
0	0
1319	1682
0	248
1	1426
2	30
14	2
11	0
6	0
0	0
0	2
0	916
580	916
0	151
0	267
0	12
0	169
0	2
0	32
1	26
1	24
0	2
0	262
0	146
336	116
0	116
0	103
0	20
215	258
0	258
0	1465
0	1466
0	1229
1	1122
0	189
0	6
0	333
1	335
0	327
0	328
0	38
0	92
17	334
0	0
1	0
0	0
0	0
0	0
0	0
0	0
0	0
0	0
0	0
0	0
61	267
0	205
0	62
0	0
0	0
0	1
0	0
1	2
0	2
0	0
1	140
17	159
0	35
3	15
777	318
11	318
74	149
8	80
0	80
2	19
0	19
40	199
0	232
0	206
0	30
0	51
0	27
7	190
32	30
0	188
73	171
5	171
0	24
13	25
0	45
0	1446
0	1842
19	18
0	16
3	15
0	11
0	10
0	9
0	4
1	6
0	6
0	2
0	1
0	4
0	13
0	1
0	17
0	16
0	14
0	17
0	14
0	15
0	5
0	0
0	0
0	11
11	5404
36	1767
0	5411
289	922
3	922
0	3
0	0
0	0
0	2
0	0
0	3
0	3
0	3
0	2
0	644
9	313
9	644
2	193
0	17
41	6
14	10
0	25
3	8
4	0
0	173
0	183
0	10
0	45
0	27
0	33
0	24
0	63
0	58
0	25
0	8
7	7
3	85
2	8
1	43
0	183
35	656
0	693
8	92
6	261
8	225
23	234
3	34
25	178
1	92
11	38
1	459
32	459
0	72
3	44
0	63
2	0
2216	0
0	4
0	4
0	3
0	4
0	14
0	14
0	5
0	3
0	11
2	110
0	707
0	502
0	511
2	624
0	0
0	0
0	0
0	0
0	0
0	0
4	0
0	507
0	513
1	19
8	142
5	6
1096	92
0	92
0	0
0	0
0	0
0	0
0	0
0	0
0	0
0	0
0	0
0	106
0	226
0	79
0	355
1	137
9	55
25	83
0	5
0	5
0	5
0	0
0	0
901	935
32	935
0	17
2	36
1	38
0	20
2	24
0	2
0	26
0	3
0	5
0	24
6	21
0	4
4	1
0	21
0	6
0	6
0	6
2	13
0	11
0	0
0	0
0	0
1	32
0	32
1177	5597
6	5597
1	5564
6	5596
11	151
4	121
9	11
0	0
0	0
0	0
0	0
0	0
0	0
0	0
0	0
0	0
0	0
2	20
0	20
0	0
0	2
0	2
0	0
242	355
3	340
0	62
190	2814
0	872
0	2814
11	917
0	552
52	242
24	1395
0	0
0	0
0	0
1	132
1	133
0	12
0	109
0	93
3	21
0	27
2	7
0	52
0	49
2	149
0	83
0	4
1	149
3	772
457	811
1	257
4	135
0	0
18	258
0	369
10	370
0	26
38	135
0	45
0	46
0	1
1	1
0	0
0	0
0	1
0	1
0	0
0	0
0	0
0	1
662	0
0	356
0	598
0	602
1	357
0	411
60	780
3	803
0	454
20	521
0	559
0	75
0	129
19	172
69	27
10	476
28	1115
35	2
0	453
0	639
0	0
0	0
0	0
0	0
0	2
0	2
0	2
0	15
0	15
0	15
0	15
0	15
0	0
0	1
10	195
0	8
0	191
0	190
0	16
1	196
0	9
0	34
0	17
4	34
2	3
153	232
12	107
13	232
0	28
0	26
0	31
0	35
0	15
0	12
0	7
4	316
0	285
4	0
0	8
12	129
0	325
0	310
0	0
0	0
0	0
0	0
0	0
0	0
0	118
0	101
0	0
0	0
0	0
26	140
2	86
2	139
0	96
8	84
0	159
0	164
2	20
0	4
0	8
8	8
2	2
0	164
0	7
0	1
2	19
0	17
1	17
0	14
0	17
0	2
0	14
0	11
0	5
333	646
92	274
11	646
0	0
0	0
0	0
0	0
0	0
0	0
512	585
0	585
1	387
1	189
0	0
0	0
0	0
0	0
0	0
0	0
0	0
0	0
0	0
188	309
1	37
1	61
31	237
0	198
75	0
1	198
0	4
0	4
0	4
0	4
0	4
0	0
0	0
0	0
0	4
0	0
0	4
0	0
0	4
38	147
0	142
0	0
0	0
5	152
0	152
169	49
0	49
4	45
4	1
0	1
0	0
0	32
0	42
0	11
37	49
1	33
0	23
4	21
0	16
0	68
0	67
0	64
6	0
0	2
3	2
0	2
0	2
0	2
0	67
0	66
2	2
3	28
0	67
0	67
0	0
0	0
0	2
0	2
0	0
0	0
0	0
8	1971
77	200
0	882
1	7
0	1971
0	0
0	0
573	382
6	311
0	112
5	9
59	106
3	49
0	57
2	158
10	10
0	64
0	118
0	93
0	23
0	27
0	33
0	59
0	27
0	21
0	24
2	312
5	312
3	22
0	25
0	0
0	0
963	1024
6	576
0	879
3	483
6	12
4	0
1	0
9	41
19	53
1	140
0	11
2	11
0	0
231	137
4	137
0	7
0	1
0	2
0	2
1	5
0	3
1405	705
0	705
0	1
0	1
0	0
544	320
1	299
0	71
4	11
0	77
1	71
2	29
0	13
0	0
0	0
0	0
6	48
0	48
0	2
1	0
0	2
12	0
0	111
10	48
15	161
3	48
0	83
9	4
4	139
0	30
8	290
1	288
0	19
3	34
0	58
0	19
0	74
0	276
0	18
1	85
0	0
0	0
0	0
0	1
0	1
0	1
0	0
1	0
0	0
0	1
0	1
0	0
0	0
0	0
0	0
0	0
0	0
0	0
0	0
0	1
2	0
1	0
0	0
0	0
0	0
0	1
0	37
1	88
1	88
124	85
0	85
56	598
2	569
1	160
1	33
0	22
9	919
0	943
2	851
0	340
5	40
0	426
0	123
3	477
0	105
0	464
0	144
0	279
0	112
0	341
0	208
0	531
2	173
0	163
2	154
0	98
0	76
0	98
0	96
0	11
0	2
0	0
0	0
183	0
0	0
0	0
0	0
0	0
1	391
0	1380
0	1417
4	711
0	105
0	84
1	107
0	93
0	197
0	97
0	40
0	701
7	19
1	41
5	111
0	129
0	54
26	66
0	21
1	921
0	855
13	44
2	147
0	903
0	139
5	82
0	4
0	1
0	3
0	3
0	0
0	0
0	0
0	0
0	0
0	0
0	0
0	0
0	0
0	0
0	0
0	0
0	0
0	0
0	0
22	564
10	10
2	3
0	551
1	0
0	0
0	0
0	196
8	462
0	504
0	232
0	56
37	47
0	126
1	76
0	134
0	134
6	64
0	134
0	27
0	93
1	85
0	25
10	51
2	12
0	0
939	245
32	170
0	0
0	0
0	0
0	0
0	0
0	0
0	0
14	352
1443	386
2	205
1	28
3	44
0	0
47	2135
2	2135
8	2127
5	418
7	188
0	0
0	0
0	0
0	0
0	0
0	9
0	0
0	9
0	0
0	0
80	66
1	11
1	10
0	57
0	441
120	214
0	352
0	31
8	41
0	17
102	212
7	217
0	111
0	45
1	111
2	73
3	63
0	0
0	0
0	0
0	4
0	4
0	4
0	3
0	2
0	2
0	0
0	0
0	0
0	0
0	0
0	0
0	0
0	0
0	0
0	0
0	0
0	0
0	0
53	1505
4	71
0	300
0	249
108	2009
4	2007
4	341
3	633
0	319
0	375
98	705
18	72
0	14
0	112
3	170
4	92
0	296
3	16
37	97
0	0
0	0
2	484
0	737
0	696
0	789
0	734
0	699
0	688
0	387
27	362
0	194
7	247
0	131
0	205
0	29
0	64
0	59
2	35
1	734
0	555
0	3
0	98
0	98
1	8
0	11
24	654
43	334
13	389
0	96
2	129
0	0
0	0
0	0
0	0
0	0
0	0
0	0
0	0
0	0
0	0
0	0
0	0
0	0
0	0
0	0
87	716
3	69
0	708
4	340
64	319
0	88
1	133
1	132
0	154
1	139
5	19
0	101
0	116
6	4
7	2
3	47
0	14
2	18
0	9
2	27
2	6
141	17
0	17
2	0
0	0
0	130
0	15
49	1189
2	323
5	893
2	743
2	0
4	157
7	0
0	39
0	3
37	32
0	6
0	14
1	5
0	13
0	6
0	1
0	2
0	6
0	0
0	2
0	5
0	1
7	453
0	227
3	415
2	84
0	131
2	159
4	18
9	0
4	71
192	319
0	354
0	237
0	242
0	103
0	161
0	81
14	35
23	129
0	62
4	57
1	0
0	0
0	0
0	0
0	0
0	0
0	0
0	0
0	0
0	0
0	0
0	0
2	420
1	319
0	357
0	420
0	444
0	239
0	82
0	141
0	140
0	126
3	157
0	111
2	133
0	118
0	6
0	64
0	110
48	41
0	72
27	1985
0	1609
0	829
0	834
0	803
2	630
1	159
0	108
0	826
0	834
3	13
0	13
0	10
0	0
0	0
0	0
0	0
0	0
0	0
0	0
0	0
20	0
2	694
5	554
0	464
0	218
0	124
0	112
5	144
231	84
5	50
10	0
135	41
0	27
0	20
0	14
0	0
0	0
4	0
0	0
20	0
9	469
0	536
75	352
4	169
0	139
0	250
5	204
0	103
5	110
499	99
1	99
0	498
0	497
0	306
0	307
39	112
2	244
23	161
0	94
0	84
4	65
0	49
5	24
12	68
0	56
0	0
0	1
0	1
54	142
0	122
0	88
12	1
0	18
377	165
0	41
0	66
0	66
0	49
0	49
0	47
0	10
0	8
0	12
0	31
0	10
1	3
0	16
0	16
0	16
0	2
0	2
0	14
0	1
0	0
0	11
28	42
1	17
9	22
0	94
265	523
0	311
0	311
0	71
0	523
943	219
3	104
4	41
4	91
13	227
0	226
1	6
330	513
0	513
0	0
0	0
0	3448
3692	3468
180	173
0	173
2	139
0	1
0	1
0	3
0	0
0	0
0	3
0	0
0	0
0	0
0	8
0	298
0	313
0	308
32	96
5	150
0	176
175	88
1	46
0	42
4	36
1	445
0	478
0	441
0	355
11	67
2	50
0	23
0	15
1	35
0	0
0	2846
17	63
2	358
0	210
0	267
11	2738
0	7
0	15
0	16
0	14
0	16
0	13
0	0
0	0
0	4
0	0
33	1480
0	1661
10	1607
8	0
2	197
13	61
0	685
3	682
0	70
0	15
12	77
0	0
0	0
0	0
0	0
0	0
0	0
1211	1084
0	1068
5	107
4	233
0	111
1	36
269	305
0	305
0	44
2	247
0	18
21	248
0	1
13	96
0	50
0	14
0	18
1	23
0	54
106	54
0	39
23	7341
7	3398
9	3781
5	7327
1	3385
33	2879
13	277
0	242
0	141
0	236
3	180
0	173
0	1
0	1
7	11
43	39
29	52
2	41
0	21
0	119
10	702
0	700
1	641
0	641
2	617
5	2
0	700
0	700
18	630
0	630
0	113
17	12
0	141
43	137
5	45
28	68
0	2350
1628	3775
18	404
6	2147
18	212
68	500
14	359
15	372
80	807
0	307
0	0
0	0
0	0
0	0
0	0
0	0
0	0
0	0
0	0
14	83
0	86
26	10
0	114
0	13
15	0
0	0
0	0
0	0
0	0
0	0
0	310
0	109
0	23
0	294
0	52
3	0
0	71
7	308
0	25
0	22
0	20
1	13
0	2
3	5
1	886
2	555
0	76
0	671
47	814
0	0
7	134
0	288
1	225
6	179
1	204
0	181
4	120
9	16
0	4
0	20
0	2
27	1
2	541
0	30
0	19
0	31
1	0
0	540
4	61
59	57
0	10
0	47
0	186
11	647
814	647
2	492
0	17
272	1
16	1
3	26
0	13
0	15
0	23
0	16
0	12
0	18
0	19
0	19
0	19
0	0
0	3
0	2
0	1
0	0
0	0
0	0
0	0
0	0
0	0
0	84
2	84
9	120
0	125
3	24
8	65
0	10
0	10
0	0
0	0
0	0
0	0
0	0
5	10
0	10
0	32
7	0
0	5
2	5
1	2
0	0
0	1
0	0
0	32
0	32
0	0
1	0
0	0
0	0
0	0
276	242
13	53
12	151
11	209
0	36
4	1
0	1
3	1
1	0
0	36
0	0
0	0
0	0
0	0
0	0
0	0
0	0
0	0
13	1430
1	15
3	52
17	1383
0	1131
0	57
6	6
0	1
0	5
0	5
0	0
1	0
278	325
9	27
0	118
1	211
10	87
0	0
0	0
0	0
2	897
0	81
1	897
0	1
1	0
0	0
922	289
0	289
0	0
0	0
0	0
0	0
0	0
0	0
0	0
0	0
881	37
62	37
0	0
0	0
0	0
0	0
0	0
3	0
0	0
0	0
10	0
19	136
0	136
0	0
0	0
0	8
0	8
0	1
0	8
0	70
480	361
12	3
1	37
1	48
0	358
2	69
21	1
0	0
0	0
0	0
34	8
1	8
0	2144
0	2137
52	2159
0	1348
0	1551
1	103
5	62
0	0
0	0
0	0
0	1
0	1
0	1
0	0
0	1
0	1
0	1
0	1
0	0
0	1
2421	0
1429	604
3	526
18	41
0	114
0	78
27	0
0	61
0	250
1	131
0	58
0	1
0	122
0	70
0	261
0	245
0	0
0	0
131	0
0	0
0	0
0	0
105	131
11	184
2	267
0	303
0	310
10	316
20	138
12	16
2	43
10	100
0	11
1	9
7	1010
0	1045
0	195
0	93
1	174
3	18
2	75
8	43
2	431
37	55
9	0
0	0
0	0
0	802
0	788
0	797
0	792
0	766
0	579
0	442
9	113
0	348
0	376
5	333
0	235
0	299
0	296
1	326
0	262
2	299
0	188
0	185
0	216
0	194
0	52
0	100
0	78
0	770
0	0
0	0
0	0
1282	208
0	201
2	118
0	67
10	8
0	8
0	2
0	3
0	1
2	1184
0	1216
62	112
0	110
0	1160
0	1226
0	90
0	102
4	1117
72	1080
0	1041
0	37
9	173
0	107
2	255
4	412
9	0
5	2
0	0
0	0
0	7
0	5
0	4
0	7
0	3
0	1
0	1
18	6
0	0
0	6
0	1
0	1
0	0
0	0
0	0
0	0
0	1
4	609
89	1126
28	199
0	442
14	730
3	210
0	205
0	224
0	225
1	74
17	61
0	96
1	66
1	21
13	47
0	25
1	0
56	3
69	0
121	16
0	16
0	1
3	1
0	0
3	0
0	0
277	273
0	114
0	109
1	159
3	4
0	1
0	3
1932	467
3	307
10	25
1	135
22	37
0	37
3	14
0	7
0	5
0	7
0	0
0	99
1	128
3	125
0	35
1	92
5	27
740	683
0	143
0	97
7	59
0	21
13	49
5	37
31	296
0	63
0	78
0	49
251	393
1	210
0	22
1	32
3	7
0	173
0	217
1	311
0	46
18	288
0	243
9	258
0	189
4	36
0	12
0	0
0	0
0	1
0	1
0	1
0	30
2	33
0	33
0	0
0	0
0	1
0	1
1	0
0	0
0	0
0	0
0	0
0	0
0	0
0	0
0	0
0	0
0	0
4	6
1	4
0	1
0	2
0	0
0	0
0	0
0	0
590	51
0	16
0	35
0	0
0	0
0	2
0	58
0	54
4	3
1	48
21	4
0	47
0	2
0	47
0	4
0	5
0	54
1	65
483	544
0	391
5	118
0	0
0	0
0	0
28	98
0	90
1	13
16	90
0	136
0	0
0	0
1	0
19	294
0	294
0	1
1	0
0	0
0	0
0	0
0	0
0	0
0	0
0	0
1	1
0	0
3	146
0	128
1	25
13	89
44	14
0	14
0	669
72	669
1	0
0	0
0	0
1	137
4	68
1641	2049
55	111
14	2049
536	138
6	6
2	2
1	2
0	2
0	2
0	0
0	0
0	0
0	1613
2	851
1	1102
8	99
0	170
13	101
0	1187
3	1183
0	0
697	1289
4	617
0	791
0	1191
0	0
0	0
455	28
2	23
1679	134
0	134
1	1
0	1
68	1062
1	1062
14	6
526	116
0	116
0	0
110	35
0	8
0	27
94	293
47	195
10	181
1	163
0	75
0	0
0	0
0	0
12	238
0	222
2	15
0	76
1	70
0	105
0	107
2	32
0	44
0	6
5	33
0	43
0	43
0	44
852	63
23	74
5	0
1	15
77	256
6	255
20	10
0	49
21	9
7	37
0	64
0	27
0	27
0	0
0	0
0	0
0	0
0	0
774	0
0	0
0	0
0	285
0	287
7	217
3	155
4	52
0	57
3	116
0	6
0	2
0	0
0	6
0	1341
1	409
0	461
0	213
0	232
0	201
2	38
1	69
11	40
0	2673
13	1692
0	2042
0	469
0	1772
50	1027
0	1556
0	516
10	2572
0	259
0	469
0	870
19	1833
42	713
2	425
2	198
0	874
4	524
17	13
24	217
0	0
0	0
587	0
38	197
0	27
1	24
0	43
5	19
3	49
21	115
0	0
3	52
1	48
0	52
2	20
0	30
0	0
0	0
0	0
0	2
0	2
0	1
0	1
0	0
0	0
0	0
0	0
0	0
0	0
0	0
0	0
0	0
0	21
0	16
10	20
0	0
0	0
0	0
2	127
0	82
32	38
3	69
0	38
0	142
0	91
6	140
0	0
0	0
0	0
0	0
18	0
0	30
0	30
0	38
0	38
0	25
0	24
0	13
0	4
0	4
0	1
0	1
1	2
0	2
0	1
9	3
0	0
0	2
0	5
0	2
8	38
1	38
0	31
0	0
0	0
0	0
0	0
0	0
45	498
326	702
6	280
2	422
0	307
1	79
4	49
24	1630
0	1650
0	144
2	51
2	0
0	1345
2	168
2	103
3	105
2	8
3	3
0	0
0	3
2	2
0	2
1	0
0	0
0	0
0	3
0	3
0	3
0	0
0	0
0	0
0	0
0	0
0	0
0	11
19	21
4	2
0	7
0	12
52	33
0	23
0	24
0	0
1	6
0	57
0	57
1	57
4	0
0	0
0	822
54	809
0	834
0	529
50	242
3	136
49	134
9	3728
0	135
1	210
2	3699
0	35
27	2040
1	3356
0	34
134	1144
16	27
0	478
0	578
0	196
2	162
0	1083
9	941
0	156
134	120
74	989
3	101
14	161
0	0
0	3
5	3
0	0
0	0
0	0
0	0
0	0
0	11
0	11
0	3
0	11
0	0
0	0
0	1
0	1
0	1103
29	1104
0	65
2	78
1	89
0	662
0	692
0	664
16	41
6	93
7	66
6	56
0	37
0	176
17	177
3	153
0	662
0	6
0	3
0	6
0	0
0	0
0	0
0	0
0	0
0	0
1	3
0	2
0	0
0	0
0	0
0	1
6	0
3	0
0	0
2	0
0	0
0	0
0	0
0	1
0	89
0	89
0	0
0	0
834	271
11	79
28	21
2	129
0	141
40	113
0	38
1669	400
2	30
0	92
13	16
1	138
0	53
1	127
41	0
0	0
0	0
0	0
0	0
0	0
0	1
2	1
0	2
0	7
0	8
0	0
0	10
25	18
0	1
0	1
0	0
0	0
0	0
0	0
0	0
0	2
0	2
0	0
0	8
0	0
0	3
0	2
0	2
0	0
0	0
0	0
0	0
1	0
0	0
0	8
0	0
0	1
0	1
0	0
0	0
0	0
0	0
0	0
0	0
0	6
0	6
0	1
0	1
0	1
0	1
0	0
0	1
0	0
0	6
0	0
0	0
5	8
0	8
0	8
3	0
0	0
0	0
0	0
0	0
0	0
0	0
24	6
1	6
0	0
0	1
0	1
0	1
0	2
0	1
0	1
0	1
0	0
6	1
0	0
0	0
363	6616
5	6106
10	1176
1	542
0	528
18	506
1	543
0	20
11	3
0	78
0	78
0	78
0	10
96	791
9	792
2	270
0	54
0	71
0	0
0	0
0	0
0	0
79	26
2	9
2	17
1	0
0	0
0	0
0	0
3	841
6	688
1	757
0	650
0	24
0	99
0	63
0	11
4	27
0	47
2	98
4	38
2	17
0	123
0	43
0	4
0	834
0	0
0	0
0	648
41	633
0	589
0	555
1	38
1	39
4	34
0	0
0	0
0	0
0	0
3	775
0	779
1	55
0	34
0	744
8	654
6	782
0	174
3	16
0	40
0	122
0	98
0	42
0	165
0	210
0	20
0	192
3	158
0	84
0	6
822	119
4	119
0	0
0	0
539	705
32	705
0	0
0	543
0	574
0	273
0	122
8	331
53	350
5	79
0	33
0	37
23	186
19	480
75	479
33	97
0	98
0	2
0	24
0	14
0	8
0	18
0	19
0	13
140	123
9	1
4	30
0	11
3	27
0	0
0	0
0	0
0	0
0	0
0	0
3	7
0	7
0	11
0	10
0	1
3	8
0	0
0	0
0	1
0	0
0	0
1	705
12	832
0	221
3	60
0	85
0	82
26	178
19	724
0	691
0	80
0	71
8	651
18	651
2	12
0	57
2	140
0	86
0	1
1	1
0	0
0	0
2	0
0	0
0	0
0	28
0	28
0	21
0	28
0	28
0	27
0	27
2	0
0	21
0	27
0	4
0	15
0	20
0	15
0	15
0	15
0	15
0	15
0	20
0	20
0	14
0	7
0	18
0	27
0	25
0	25
0	25
71	2288
4	231
0	135
2	171
2	233
0	256
0	331
2	244
10	520
25	214
0	312
1	2288
2	0
0	0
0	44
0	44
0	40
0	14
0	2
0	0
0	0
0	0
0	0
0	0
0	0
0	0
0	0
2	0
2	0
160	233
2	15
0	51
0	41
21	29
1	108
9	64
3	233
1	16
0	42
0	10
0	23
0	40
2	0
0	13
0	8
0	8
0	19072
5	70
55	11
1	70
0	59
0	45
0	0
0	0
0	0
0	0
0	0
0	0
0	0
5	0
5	6412
0	6403
0	5179
0	3227
0	1024
0	4059
0	1467
0	5975
0	6299
4	1386
2	2598
7	299
0	5911
0	6018
0	2712
141	5051
6	780
0	463
2	17
0	789
1	8
0	8
0	6
0	1
0	2
0	4
0	2
0	4
0	199
0	281
0	236
0	40
0	39
0	18
12	99
23	0
0	275
1	85
8	24
22	47
8	197
0	220
27	22
13	0
3	1
0	1
0	0
0	0
0	0
0	0
0	0
0	0
0	0
0	0
0	0
0	0
0	0
0	0
0	67
0	5
0	67
3	399
0	0
0	1
0	1
0	0
6	331
3	31
10	14
0	325
22	112
0	156
5	0
0	43
4	129
0	324
0	0
0	0
0	149
22	152
0	31
0	102
0	0
0	19
0	14
0	48
0	0
0	0
76	1357
8	1357
0	32
1	222
0	91
1	96
11	61
0	0
0	0
705	105
42	0
0	105
7	53
0	72
0	32
0	94
3	37
0	92
0	48
0	45
3	86
0	89
1	0
0	90
0	0
0	0
0	0
0	0
0	389
0	317
0	382
0	341
0	336
0	0
0	0
0	0
239	5
0	5
0	1
0	0
0	0
0	0
0	0
127	0
0	0
0	0
0	0
0	0
161	114
3	1
2	103
8	101
4	0
0	0
0	0
4	217
0	1193
2	1221
2	20
17	24
11	349
0	33
0	81
2	0
1	0
100	0
0	0
0	0
0	264
2	415
0	68
0	234
0	188
2	141
0	218
0	403
4	0
0	0
9	340
0	0
0	0
0	0
4	1
0	5
3	5
0	2
0	2
0	2
0	1
0	1
0	6
0	0
0	0
0	0
0	0
0	0
0	0
0	0
0	0
0	0
0	0
34	74
0	74
0	339
160	354
3	37
2	124
3	2
0	2
0	2
0	0
0	2
0	96
0	11
0	98
0	0
0	0
180	609
15	525
0	42
0	74
2	116
0	201
4	45
0	0
0	0
0	0
0	0
0	0
0	2146
4	1392
0	169
144	2106
16	217
5	62
1	2140
0	0
0	0
53	75
17	34
8	28
1	44
0	12
0	19
0	22
94	84
1	82
0	0
12	856
0	611
3	849
3	349
9	0
57	1263
0	177
9	167
4	15
5	76
0	1270
0	0
0	0
0	0
94	527
6	13
20	514
1	211
0	413
0	113
1	59
18	261
0	7
1	12
0	21
0	410
0	410
3	122
0	48
0	310
0	275
0	207
2	70
0	47
1	27
0	33
3	59
0	59
0	4
0	0
0	140
32	66
0	91
2	136
0	34
40	26
3	22
3	26
0	26
0	15
0	15
2	210
0	210
0	212
1	207
0	211
0	203
2	27
0	17
0	10
0	8
0	559
0	0
0	0
0	0
2	0
0	0
0	0
0	0
0	0
0	0
11	100
0	100
33	18
0	0
26	1
0	511
8	1155
151	1251
313	1189
5	1182
5	1189
5	2
1	2
0	1
0	0
0	0
0	0
0	1
0	2
0	1
4	2
0	1
100	705
0	589
14	43
0	116
3	78
12	78
1	1
1	5
0	2
0	0
0	0
0	0
0	0
0	61
3	100
10	43
470	181
0	122
0	21
0	80
0	1
0	1
0	0
0	0
0	1
0	1
0	1
34	497
418	497
2	389
0	220
0	366
0	18
0	390
0	47
0	47
0	33
0	2
0	3
0	1
349	1466
0	905
0	884
0	892
0	828
6	345
5	192
6	269
13	738
1	159
2	160
0	1
0	1
0	0
0	0
0	0
0	0
0	1
0	1
0	323
0	296
0	153
6	0
0	314
4	141
0	42
18	40
0	172
0	0
0	0
0	0
0	0
0	0
0	0
0	0
0	2
0	203
0	153
21	0
1	51
0	156
0	101
15	201
0	134
10	134
0	6
0	2
0	27
0	29
8	25
1	8
0	0
2659	0
0	449
0	447
0	392
0	423
13	18
1	133
1	35
11	6
0	0
147	355
0	19
1	44
0	353
0	0
0	0
0	0
0	0
0	0
7	73
4	73
0	13
66	179
0	177
6	44
0	40
3	14
0	13
0	5
26	1
0	30
0	327
0	328
3	123
0	285
0	229
0	37
0	44
0	33
3	56
3	559
332	559
33	559
0	120
368	70
0	21
82	218
0	0
391	3851
0	3255
145	929
0	1272
0	0
0	0
0	0
0	0
59	18
0	20
0	20
0	4
0	2
275	194
0	194
3	27
0	0
0	0
0	0
187	325
0	187
5	170
3	38
4	68
0	3
0	3
0	1
0	0
0	9
0	9
0	5
0	1
0	0
0	0
1	1
0	0
0	0
0	26
4	71
0	30
0	71
782	772
35	549
903	737
9	218
0	677
4	342
0	397
8	6
462	500
62	153
0	500
19	63
5	18
0	0
0	18
0	5
0	10
1	1
0	5
0	15
17	514
0	508
7	296
0	259
0	485
1	242
0	202
0	280
72	82
31	954
12	981
0	801
3	23
0	0
0	13
7	72
0	68
0	26
1	7
0	24
1	0
0	0
0	0
0	0
0	0
0	0
0	0
0	0
0	0
0	0
0	0
0	31
0	31
0	4
0	977
0	987
15	227
0	321
25	104
0	109
3	55
2	0
0	968
0	11
0	248
5	74
21	87
1	46
46	248
0	0
0	0
0	16
0	16
0	4
0	5
0	5
0	1
2	5
0	3
90	8
6	8
0	22
3	581
0	647
0	173
0	493
0	84
23	60
0	253
0	26
0	63
1	2
0	10
4	13
0	10
0	10
0	10
0	8
0	11
0	3
1	10
0	108
6	87
0	20
1	94
0	0
0	0
0	0
0	0
0	0
0	0
165	722
0	697
0	338
0	347
1	272
79	122
11	205
0	222
4	183
0	48
9	135
4	80
5	79
1	77
51	4
0	0
0	0
65	92
1	91
0	91
4	73
14	54
76	366
0	332
6	263
5	316
1	274
39	386
46	382
56	202
12	158
232	237
0	24
3	16
0	53
0	22
0	0
0	0
0	0
0	0
0	0
0	1
0	1
0	0
0	0
0	0
0	0
0	0
0	0
0	0
0	0
0	0
0	0
0	631
0	687
0	639
0	679
0	640
0	633
52	0
0	100
74	332
6	34
17	1
0	0
0	0
0	677
0	698
4	677
3	710
0	113
0	20
4	3
0	222
0	210
0	4
0	4
0	0
0	0
0	0
0	0
0	0
97	259
0	259
2	51
0	0
0	0
337	593
3	293
3	202
0	54
869	1128
0	666
3	591
13	357
41	0
21	0
0	0
0	0
0	0
0	0
387	3919
47	2944
7	1340
14	93
144	0
0	0
351	0
3	10
132	304
0	238
0	71
15	116
0	51
0	0
6	12
0	18
0	0
0	0
61	65
122	68
0	3
0	0
0	0
0	0
0	0
0	2
0	2
0	0
0	2
14	2
0	2
0	0
0	0
0	0
0	0
7	12
5	12
0	5
0	0
71	99
0	16
20	17
0	91
0	9
3	19
4	55
1	31
47	152
2	75
1	104
0	80
10	77
3	31
60	951
2	950
2	520
0	0
0	0
0	0
0	0
0	0
938	0
12	15
192	162
20	12
0	152
8	430
0	501
1	72
4	270
1	224
7	132
0	0
0	0
0	0
1	625
5	286
1	854
25	431
0	0
0	34
14	125
0	47
1	816
0	51
8	0
3	105
230	385
0	95
0	0
0	0
45	3357
0	3472
21	3384
0	3471
0	462
0	708
2	200
0	541
277	799
0	326
0	3
0	3
0	3
0	3
0	3
0	3
0	3
0	0
0	0
0	0
0	0
0	0
0	15
5	17
0	17
0	1
0	1
0	0
12	2312
2	2228
0	458
5	305
21	974
0	395
69	942
13	116
1	88
33	2341
231	266
0	266
0	0
1	0
0	0
0	0
0	0
0	0
0	0
0	6
32	6
822	4
25	4
0	789
0	605
0	991
0	5942
23	5440
0	6557
0	6332
3	6330
0	6336
0	7257
17	459
721	356
0	1781
23	1883
5	33
0	7289
0	6131
0	7200
2	0
0	0
0	0
3	0
0	0
0	0
0	0
26	417
0	377
0	416
3	139
0	122
0	99
0	158
17	96
13	32
108	5
4	5
0	742
0	571
0	576
0	559
2	716
2	761
0	462
0	633
0	773
0	125
2	13
0	114
0	84
3	43
0	76
0	58
0	32
0	5
0	0
0	0
0	0
0	0
0	0
2	85
0	284
3	274
1	53
7	165
0	14
20	93
3	7
0	97
0	63
0	93
11	97
5	2
0	68
0	33
0	40
0	49
148	492
4	492
426	712
2	663
6	68
2	50
0	49
0	0
12	143
3	143
0	0
0	0
0	0
10	595
1	603
0	599
36	207
0	301
0	275
0	260
20	167
9	2
0	55
336	136
4	41
0	109
0	11
4	46
0	0
45	0
0	1
0	1
118	1245
2	225
0	160
4	1075
167	334
0	334
1	4
6	9
0	9
3	8
1	134
0	124
14	1
0	118
0	99
4	21
14	48
2	760
0	740
7	196
2	631
0	186
101	1432
0	1436
37	665
1	261
0	34
2	549
43	232
0	0
4	26
0	121
0	123
0	118
1	103
0	28
1	84
0	5
0	30
3	49
0	98
0	116
3	6
1	6
0	0
0	0
0	0
0	0
0	0
24	566
0	552
3	31
0	60
0	5
0	70
2	33
8	61
0	72
144	18
3	6
0	4
2	2
0	4
0	8
0	4
0	2
0	1
0	4
10	0
56	170
0	170
0	28
0	136
1	82
2	62
0	0
0	0
0	0
0	0
0	0
0	0
12	35
0	35
0	1
2	2
0	29
24	248
2	248
0	0
4	16
0	15
892	0
0	0
0	0
0	0
0	3
0	5
0	1
0	3
0	0
0	0
0	0
0	5
0	0
0	0
0	0
0	0
0	0
0	0
0	0
2	133
0	143
0	16
0	55
0	30
20	672
75	788
1	564
21	604
4	517
0	450
25	39
0	48
1	57
33	11
0	86
1	28
0	322
0	106
0	49
71	26
0	0
5	1
0	1
0	0
61	145
0	123
29	69
0	27
31	219
6	219
466	594
42	594
1	235
0	26
29	0
2	200
0	199
0	11
0	143
0	138
7	21
0	14
3	11
13	18
0	0
0	0
857	1782
27	455
1	1510
7	950
0	876
5	596
0	710
0	703
4	459
5	143
0	1
0	0
39	232
54	355
11	219
0	157
2	14
0	5
12	0
18	369
4	219
0	80
0	61
0	101
15	11
0	35
0	363
17	268
20	736
20	1009
0	1045
39	0
0	37
2	10
1	1024
0	313
0	1009
0	802
12	943
6	277
37	331
8	135
13	281
282	281
0	106
1	104
0	78
2	56
0	42
0	18
192	130
0	63
0	60
2	8
20	15
2	0
0	0
0	0
0	0
55	35
0	35
6	2
2	0
30	0
2	0
0	0
0	0
0	0
0	0
7	5
0	4
0	5
0	4
0	3
0	0
0	0
8	295
698	681
54	10
13	27
0	33
0	64
2	119
0	0
0	0
0	0
0	0
3648	1679
2	123
6	1556
57	10
5	125
22	0
0	1562
4	1048
3	28
0	1629
0	1638
0	1454
21	1630
2	1612
0	1638
3	71
0	1638
0	1113
0	1067
2	0
30	97
2	16
0	35
0	32
0	39
1	16
0	81
4	14
1	7
0	19
644	33
47	33
0	684
0	135
0	650
0	645
33	312
2	637
10	645
4	589
4	261
0	166
0	183
3	232
3	78
85	0
1	172
28	53
39	0
1	0
0	0
0	0
0	0
0	0
0	0
0	0
0	0
0	38
0	38
0	38
0	3
34	38
2	0
0	48
0	49
200	362
1	362
79	2
0	0
1	442
0	422
0	440
23	343
0	311
0	317
0	29
0	14
7	12
0	1
1	16
9	16
0	1
1	1
8	444
4	146
47	1789
0	1818
0	0
0	0
0	0
0	0
0	0
0	0
0	52
0	58
3	24
19	67
2	38
0	12
1	12
0	2
409	59
0	31
0	28
8	285
1	300
0	283
0	71
0	93
0	31
0	35
0	300
0	300
0	0
8	23
0	23
0	14
0	2
1	0
0	2
1	0
0	0
0	0
58	10
0	8
1	10
2	0
24	278
1	89
2	6
0	278
0	0
54	73
330	394
1	392
1	121
960	0
1	0
0	0
0	0
0	0
0	0
0	0
0	0
0	0
0	0
0	0
0	0
0	0
0	0
0	0
0	0
0	0
0	0
0	0
1	88
10	252
0	195
0	214
1	120
0	222
7	63
3	131
0	50
0	249
0	101
0	35
0	41
2	209
0	245
0	80
3	129
3	94
0	0
0	0
0	0
340	49
1	26
2	49
0	0
0	0
0	0
0	0
0	0
470	4615
85	2293
28	3238
2	1501
134	62
0	0
0	0
1870	1649
2	524
0	1270
0	1151
76	713
5	76
0	0
0	0
1	327
0	8
4	55
0	3
4	365
0	310
0	260
1	38
5	64
4	176
21	99
0	120
348	0
7	520
0	451
2	406
0	449
0	511
0	201
5	45
491	857
0	174
8	857
3	139
0	0
0	0
0	0
0	1
1	1
0	0
168	111
0	68
0	47
1	12
1	2
0	0
0	2
0	0
0	0
55	23
7	23
4	16
4	0
0	1
0	1
240	672
14	156
0	119
32	69
1	267
0	155
0	244
0	176
4	69
0	0
0	0
67	925
0	925
0	158
7	43
0	0
0	131
0	105
4	123
0	10
2	3
0	1
0	3
0	1
0	0
0	6
0	6
0	2
0	1
0	196
0	505
0	502
0	463
5	485
2	499
0	462
0	87
0	149
0	107
0	78
10	85
0	106
10	22
0	33
18	123
0	0
0	84
6	73
0	69
0	28
0	6
16	0
0	288
0	313
3	327
0	316
0	51
0	1
0	1
0	0
0	1
0	1
0	0
0	1
0	0
0	0
0	24
0	24
0	13
0	6
0	0
1	0
0	0
0	0
0	0
0	0
1	183
0	108
0	37
0	154
0	56
0	72
1	90
1	124
0	151
751	0
0	9
0	9
0	9
0	4
0	3
0	0
0	0
0	0
0	49
1	41
5	19
1	8
0	26
0	9
0	18
0	0
0	0
2	0
249	241
0	230
0	195
0	12
0	6
0	12
0	1
0	0
0	0
0	0
0	0
0	1
0	0
0	0
0	0
0	0
0	0
0	0
0	0
0	0
0	2
0	0
0	0
0	2
1	2
0	2
0	2
0	2
0	2
0	0
0	0
0	2
5	2
0	1
0	2
0	2
0	1
0	2
217	902
23	582
0	288
7	46
0	274
917	20
24	20
0	108
0	103
2	4
0	59
0	100
12	59
0	98
1	21
0	6
0	28
71	0
0	0
24	0
0	0
0	0
0	0
0	6
0	0
0	0
0	6
0	16
14	58
0	45
2	34
1	35
0	20
2	16
0	878
0	483
3	518
0	432
0	459
0	371
3	214
1	170
0	38
0	836
0	0
0	5
0	3
0	1
0	5
1253	1311
6	1311
40	14
0	6
1	3
0	5
22	0
0	0
2	415
549	415
9	0
8	381
7	38
3	145
13	2
1	2
402	231
0	166
27	134
62	52
4	52
0	33
0	0
0	0
0	0
0	16
52	0
36	389
125	389
0	811
0	623
1	589
0	367
0	343
2	534
7	664
0	502
24	120
0	501
0	476
0	432
0	85
0	19
0	317
2	45
0	0
0	0
0	0
0	0
0	2
2	3
0	1
1895	1869
110	9
1	1486
0	445
4	1097
0	0
0	0
1	0
0	0
0	1
0	1
0	1
0	1
1	0
0	0
0	0
0	0
0	0
0	0
0	0
0	0
0	0
0	0
45	71
0	71
1	408
7	148
0	402
6	13
0	0
0	0
0	0
33	141
1	52
0	140
0	92
0	92
0	23
0	43
4	14
1	43
5	36
0	18
0	16
0	38
0	510
0	0
4	358
23	357
32	350
26	313
0	518
453	532
2	494
0	532
3	387
0	124
3	136
199	243
0	240
36	87
11	111
1	176
3	374
6	15
4	377
0	52
0	301
413	621
1	45
0	23
46	648
1	48
0	54
6	27
9	13
0	1
2	0
0	13
0	7
228	310
27	82
45	310
4	103
1	79
1	13
46	45
2	93
0	96
1	44
0	0
0	0
0	0
16	109
0	100
8	74
0	65
0	54
0	14
44	2
3	12
41	288
0	20
3	261
2	2
0	44
0	113
267	0
0	1
0	1
0	0
0	6
0	6
0	4
1	0
0	0
0	0
0	0
0	0
0	0
0	0
0	0
0	0
0	0
0	0
0	0
0	0
0	0
0	0
0	0
0	3
0	3
0	1
528	148
0	148
26	1401
12	24
845	1377
11	203
0	53
801	53
0	0
0	0
0	275
0	212
0	176
4	18
4	21
2	0
15	275
2	1
0	1
0	249
1	38
42	799
6	739
1	318
5	236
8	97
0	0
0	0
0	0
10	136
672	164
7	90
5	78
0	0
0	0
0	0
0	1
0	1
0	0
2010	0
0	0
0	0
0	0
0	0
0	0
0	0
0	0
0	0
0	0
0	54
2	54
15	1
0	0
0	0
0	0
0	0
0	0
0	556
0	0
0	0
0	0
1	0
17431	8398
0	529
7	838
0	1666
61	5215
53	4285
2	3870
0	2619
154	2215
150	629
119	43
0	116
0	600
19	36
38	22
0	66
3	102
1	102
0	31
0	31
0	32
0	31
0	13
0	8
1	9
1	5
0	6
6	0
0	0
1	60
10	412
0	138
0	423
11	323
0	29
2	107
2	124
0	69
13	150
3	138
1	86
0	135
0	56
61	49
0	47
7	709
0	225
2	187
1	59
1	0
358	19
0	19
50	387
1	312
0	187
0	103
0	3787
4	3694
0	3445
191	2207
42	1241
0	638
0	323
13	124
28	10
0	0
0	0
0	0
0	0
0	0
0	0
0	0
125	0
13	34
2	34
2	605
68	605
12	12
0	3
0	0
0	0
0	0
0	3
0	3
0	0
0	3
0	0
0	0
2	0
0	0
0	0
3	2515
35	2513
4	2097
4	87
3	743
35	472
0	378
0	127
0	131
0	129
0	129
0	59
0	3
0	0
2	8
0	127
0	129
783	0
0	0
0	0
0	1
0	1
0	0
0	1
0	1
0	195
0	182
5	88
0	101
0	70
2	62
0	39
1	8
0	6
0	8
1	37
32	136
0	0
0	16
3	51
0	70
0	41
14	0
0	282
0	288
12	146
2	19
5	278
7	63
1	61
0	89
0	103
0	139
2	0
0	0
0	0
0	44
0	45
0	44
0	47
0	9
0	7
0	4
0	8
0	7
0	1
3	6
0	47
0	51
140	283
16	310
2	215
0	0
0	231
306	231
0	231
688	200
13	200
1	13
174	433
0	248
1	225
2	65
0	185
21	39
0	4
1	36
0	0
20	74
0	74
60	42
0	40
0	17
0	37
1	0
0	0
5	0
0	212
0	27
0	197
20	187
0	363
0	365
0	353
0	138
0	9
0	18
6	19
35	438
9	439
1	386
0	364
1	81
0	1395
0	1231
0	3691
0	3984
0	4035
1	3920
5	3106
0	3086
0	3135
0	3152
0	3101
14	364
3	372
0	138
170	43
8	178
43	308
33	157
0	1178
1	3748
6	122
4	96
2	43
3	47
16	272
3	120
80	365
0	341
25	202
1	162
0	0
0	16
8	31
0	419
11	186
0	410
0	382
0	280
0	270
0	332
3	319
1	49
0	198
0	75
26	0
0	25
0	45
8	197
12	408
13	17
135	43
0	156
0	356
0	372
5	376
0	0
0	0
0	0
0	0
2	426
0	429
0	106
1	72
0	16
0	391
0	108
0	46
0	395
0	117
0	49
0	30
0	227
5	9
5	20
0	166
5	78
15	548
0	421
11	3
4	490
0	152
0	191
0	373
0	198
5	92
0	0
3	39
0	79
0	127
12	574
1	51
0	154
1	8
0	270
0	141
0	42
2	31
0	491
26	35
8	132
2	136
0	2
0	2
30	436
0	479
0	375
0	164
10	37
0	0
0	0
0	0
0	0
0	0
0	0
0	0
247	115
0	117
5	92
23	39
0	429
0	585
4	574
0	240
8	120
0	219
0	132
0	147
0	77
0	13
0	0
0	0
0	0
0	0
0	0
0	723
3	617
2	220
0	291
0	339
0	202
0	66
0	244
3	191
1	172
38	949
0	5216
0	462
3	1294
0	5193
0	6
0	2
0	6
0	0
0	0
0	0
18	219
0	219
0	15
0	10
0	371
25	169
3	320
0	265
6	41
3	84
0	12
0	1
213	46
0	11
0	33
0	19
0	51
0	51
0	3
0	3
0	15
0	16
0	51
1279	487
68	46
0	125
0	274
1	284
2	299
3	0
0	0
0	0
0	0
0	0
0	0
0	0
0	0
0	0
0	0
0	0
0	2855
0	1769
0	8980
9	4950
422	8649
21	1700
3	3647
0	0
2	0
0	2673
27	13
0	660
0	2654
27	2521
0	37
0	14
45	0
0	40
0	169
11	2659
18	33
0	1
0	23
1	15
0	19
0	12
2	13
0	15
0	10
0	11
86	162
3	162
0	60
0	70
0	79
0	52
0	2
0	9
0	8
0	0
0	2
0	34
0	32
0	39
0	36
9	19
12	0
0	0
0	0
28	2096
885	2215
149	1521
26	87
28	200
0	450
2	460
10	347
0	380
0	0
21	401
0	2
0	154
2	331
0	195
0	1925
9	112
3	194
27	144
438	2301
0	175
1	391
8	277
0	754
1	451
0	830
0	399
0	594
0	624
20	1167
0	1288
126	1260
13	31
4	19
0	0
0	0
0	0
0	0
2	161
292	173
0	42
6	164
1	94
0	0
572	297
0	159
5	252
0	70
16	1438
0	465
0	98
10	94
3	124
1	172
0	5
0	444
8	310
0	125
13	239
0	93
36	90
0	1525
31	561
1	472
72	561
67	22
0	15
2	7
1	4
0	0
0	1
0	1
0	1
0	2
758	326
4	324
0	201
0	51
5	225
0	205
5	186
1	14
4	26
0	4
74	18
579	19
0	19
61	609
0	433
2	36
6	175
0	80
0	50
0	55
1	30
13	18
0	6
0	0
0	3
0	3
0	6
0	0
0	0
0	0
0	0
0	0
0	163
0	265
0	226
0	223
1	242
0	118
0	137
16	115
0	93
1	61
10	47
0	0
0	0
0	0
26	0
0	0
1	39
1	5
0	5
0	4
0	4
0	4
0	4
0	268
1	201
3	70
2	134
2	96
0	266
0	71
14	109
0	102
5	33
1	73
0	5
0	5
0	1
31	49
0	5
2	3
0	43
45	419
6	321
2	83
18	174
395	142
0	110
0	33
0	0
0	0
28	293
16	288
6	0
8	135
11	26
0	41
1	24
0	4
0	0
0	4
0	8
0	6
0	4
0	7
0	9
0	8
0	9
0	8
0	14
0	22
2	19
0	8
0	8
0	3
0	0
0	0
0	0
0	1
0	1
0	1
0	1
0	0
0	0
0	0
127	43
0	60
16	0
6	10
6	11
1	26
0	0
0	0
0	0
0	0
0	0
2	0
0	0
0	5
0	3
0	5
0	1
0	5
0	5
0	0
0	0
0	0
0	0
0	0
5	1509
7	1321
0	631
1	545
11	272
21	393
1	217
435	277
3	86
1	10
107	158
0	273
0	10
0	42
3	48
0	46
2	35
0	6
0	0
0	0
0	0
80	2225
0	1899
0	1297
1	818
14	683
0	232
0	157
1	5
0	0
0	0
0	5
0	5
0	5
0	5
0	4
0	0
0	0
0	0
0	0
471	201
1	35
1	30
7	39
21	0
196	139
0	0
0	0
0	0
0	0
0	0
0	0
0	0
0	0
0	0
0	0
695	351
6	95
5	100
6	156
0	106
57	214
0	35
0	224
33	12
7	6
2	31
3	54
0	0
4	192
0	7
0	128
0	25
0	7
0	8
0	9
1	271
0	234
3	217
0	190
2	164
0	159
0	149
0	88
5	16
0	13
15	1983
49	1983
0	244
306	244
0	120
0	19
2	0
0	244
73	35
0	31
11	4
3	4
0	8
17	948
0	948
0	87
1	69
3	3
0	549
0	533
1	533
0	40
0	551
0	551
7	123
46	458
2	177
10	46
0	144
0	128
0	442
15	23
2	30
11	28
2	62
0	151
10	16
3	993
0	200
0	200
0	1020
0	864
30	792
9	841
0	841
0	773
1	484
1	71
38	397
17	0
0	149
1	151
0	93
0	120
0	80
3	2
0	8
0	0
0	0
0	0
0	0
0	0
0	784
7	831
0	827
2	691
0	688
0	492
3	114
0	208
0	134
0	135
0	59
0	174
1	154
0	33
0	39
0	29
0	28
0	39
0	786
0	59
0	354
7	354
0	0
0	0
0	0
0	0
190	242
0	246
3	13
1	9
18	26
27	234
12	149
0	238
0	50
0	40
0	110
3	99
28	0
0	0
0	0
0	0
0	1
0	1
0	1
0	0
0	0
0	0
0	0
0	0
0	0
0	287
0	503
0	124
0	62
0	539
0	464
0	0
0	0
0	0
0	12
1	12
510	193
3	193
0	445
0	471
0	455
0	18
0	460
14	0
4	262
3	14
7	11
0	6
0	266
0	74
0	11
0	1
0	1
0	1
2	156
1	156
0	59
0	21
0	14
0	6
0	3
21	1487
6	1242
4	353
0	453
1	39
0	0
0	0
0	0
0	903
37	957
25	14
10	547
1	100
31	0
0	8
0	118
63	202
0	188
0	0
0	0
0	0
0	0
0	0
5	0
0	0
16	335
0	335
0	186
0	84
0	43
0	12
704	63
12	51
18	0
2	8
1	0
79	75
1	0
0	75
0	0
0	0
0	0
0	6
0	0
0	0
0	0
0	5
0	6
0	3
0	5
0	0
0	308
0	297
0	284
0	309
18	2
0	35
4	29
57	29
0	4
0	26
149	388
2	330
8	198
0	126
0	0
0	0
0	0
0	0
0	0
0	0
0	0
0	0
0	0
0	0
0	0
0	22
0	22
0	9
0	22
0	22
0	19
0	22
1	250
0	92
17	225
2	66
5	11
0	5
0	2
0	6
0	0
0	329
0	288
0	292
0	329
1	329
0	264
1	316
0	328
2	309
0	263
0	263
1	297
0	144
1	169
7	28
2	0
2	0
18	30
4	30
10	14
92	843
44	842
0	120
0	0
0	0
0	0
0	0
0	0
0	0
0	88
0	80
0	75
1	14
0	94
1	105
0	2
0	2
2	0
66	104
1	22
0	61
0	83
0	0
0	0
0	0
0	0
0	0
234	202
0	200
0	171
118	140
0	52
6	500
16	500
86	795
0	789
2	114
0	1
0	1
0	1
0	0
0	1
0	0
0	1
1	0
198	1057
2	496
70	1070
0	1577
39	1599
1	65
0	945
6	224
5	219
14	234
0	0
0	0
0	0
0	0
0	0
0	0
0	0
0	0
274	77
12	30
5	47
1	0
0	0
0	0
0	0
0	0
0	0
23	23
0	15
0	9
1	283
4	271
0	85
0	278
0	135
0	21
0	21
0	0
269	100
2	100
37	153
2	4
2	151
0	46
0	68
1	78
0	0
0	0
0	0
0	0
3	91
0	80
1	91
0	0
108	193
0	115
0	176
1	193
41	76
0	56
823	727
0	621
2	307
4	85
95	370
0	293
2	352
1	1
70	447
0	103
0	372
1	121
7	39
0	47
988	2
0	2
0	0
0	0
0	0
0	22
1	150
0	1082
0	1077
0	890
0	186
0	67
7	50
0	177
0	744
3	168
6	92
0	65
0	0
0	704
12	696
22	344
1	692
4	182
0	486
4	327
3	59
0	80
2	224
4	702
18	514
0	484
7	170
1	109
1	15
3	2
0	72
0	34
0	117
10	8
0	94
0	114
0	25
1	0
0	38
0	0
0	0
0	0
0	0
0	0
0	0
7	0
0	0
0	0
0	0
0	0
595	0
240	1102
0	1102
6	0
0	0
4	483
113	602
0	113
3	36
0	53
0	66
0	18
8	73
109	0
1	1
0	1
0	3
1	3
0	48
0	47
0	0
1	48
262	12
0	12
71	339
0	143
6	284
1	109
0	80
46	168
0	141
0	87
28	109
8	0
9	68
3	60
2	26
308	0
0	0
0	0
5	269
0	266
0	123
0	0
28	101
7	93
0	87
0	20
18	81
83	155
0	110
30	0
1	44
189	676
0	676
0	181
4	0
0	0
0	0
0	0
45	29
1152	163
6	45
2	250
0	277
3	155
0	188
21	54
0	87
0	229
0	69
8	47
0	49
7	134
0	0
12	123
0	118
0	22
0	114
0	17
0	55
0	41
0	9
1	10
0	22
0	17
0	0
0	0
2	0
0	0
0	0
0	0
0	49
0	41
0	2
0	28
0	2
0	31
3	138
0	112
0	102
12	128
0	6
1	122
0	25
0	136
0	116
0	0
0	0
0	0
0	0
0	0
0	0
0	0
0	0
21	5947
15	5947
0	4182
23	5
0	957
4	5995
93	1415
13	637
94	400
0	409
15	331
0	0
0	0
0	3
0	3
0	3
0	3
0	3
0	1
0	0
0	0
447	11
3	11
0	82
9	8
0	58
0	28
0	23
16	155
0	155
0	1321
9	1386
5	687
0	1010
51	1012
0	1106
0	1113
13	416
47	258
7	137
306	1554
59	1515
0	1356
0	276
2	0
149	378
0	402
2	290
0	48
0	49
0	2
0	24
0	6
0	0
1	1
0	0
0	0
0	0
177	0
0	0
1274	81
1	81
939	987
0	941
5	63
3	103
8	7
0	0
0	0
0	0
0	0
0	0
0	0
0	0
3	1
0	0
0	1
0	1
0	0
0	0
0	1
0	1
0	0
0	0
0	0
0	0
0	0
0	106
3	51
1	104
2	22
5	36
0	25
0	6
0	1
4	2
9	5
0	0
22	338
1	328
1	338
0	0
0	95
0	94
1	91
0	77
1	36
0	10
0	55
0	36
0	44
0	29
0	17
0	0
0	90
0	0
0	0
0	0
0	0
44	14
0	14
0	3
0	4
0	932
22	877
1	466
4	351
12	569
0	585
43	18
0	105
0	169
2	1
0	0
0	1
0	0
0	0
0	1
0	0
0	0
2	54
1	55
0	61
5	54
0	26
0	11
0	0
0	0
1	76
0	91
0	90
0	90
0	1
0	90
0	1
0	91
0	17
0	1
1	18
0	54
5357	508
6	204
7	475
2	2
0	2
0	0
0	0
0	0
0	0
19	336
15	336
2	164
0	116
1	13
0	116
24	0
0	20
2	78
0	1
4	6
0	0
0	0
0	0
0	10
0	11
0	11
0	202
0	413
0	444
6	434
0	409
0	131
0	142
0	8
0	23
6	23
2	0
0	0
0	0
0	0
0	0
1	276
0	105
6	56
1	17
6	256
0	189
1	185
0	11
0	0
1	9
1	4
3	9
518	38
0	38
0	0
0	0
0	0
0	0
0	0
0	0
0	354
7	188
19	329
0	43
0	0
27	21
1	24
0	325
0	70
4	77
1	70
1	5
6	9
0	5
0	0
0	0
0	0
0	0
0	0
8	2
33	417
1	242
7	356
1	137
1	393
473	679
0	147
0	673
0	679
0	500
7	671
0	134
9	27
0	20
0	100
7	52
3	21
0	647
3	0
0	16
0	22
0	6
0	3
0	0
0	0
0	0
0	0
0	0
0	0
0	0
0	0
0	0
0	0
0	0
0	3
0	0
0	0
0	0
0	0
0	0
0	0
0	20
0	20
0	0
72	112
9	112
16	396
2	283
0	23
15	186
3	157
2	114
0	35
0	17
0	1317
4	107
0	1317
0	212
0	17
4	1120
1	281
0	1316
19	1033
0	1014
24	1034
4	40
80	871
2	30
3	129
0	5
0	194
2	82
1	7
0	93
38	4311
1	3246
1	4265
14	3634
42	1737
0	3261
23	2639
0	4028
42	7
0	7
0	3
0	0
0	0
0	0
0	0
0	0
0	0
0	0
0	0
0	0
0	0
0	0
0	0
0	0
0	0
0	0
0	0
0	0
0	0
0	0
0	0
0	0
0	0
0	0
0	0
0	0
0	0
0	0
0	214
0	305
0	346
0	55
0	3
1	4
0	4
0	4
4	0
44	743
10	734
20	70
2	96
1	75
4	36
3	33
0	0
0	0
0	0
0	0
0	0
0	0
108	2062
6	2078
89	2061
0	2094
0	123
7	39
1	173
11	51
9	204
88	289
0	288
5	166
0	0
0	1
0	1
0	108
0	109
3	103
0	54
0	38
0	55
14	101
0	59
0	51
3	22
0	9
0	9
2	9
0	9
2	0
50	145
0	44
3	4
1	0
0	5
0	85
0	64
0	53
2	0
4	0
1	0
0	16
0	787
5	675
14	16
0	648
0	209
0	65
0	34
1	774
2	774
0	0
0	0
1	1
0	0
0	1
0	1
0	0
69	4
0	0
0	0
0	0
0	0
0	0
1899	795
0	795
0	0
0	0
0	0
0	0
0	0
0	0
0	0
0	0
0	0
0	0
0	82
1	203
1	207
0	37
0	15
7	25
0	9
0	0
0	409
0	408
18	415
0	413
0	410
0	171
0	188
0	171
5	14
0	25
0	37
0	22
0	350
0	1
0	7
0	6
0	2
207	0
2	4
0	1
0	4
3	87
0	49
18	95
1	26
1	2
1	61
0	777
105	596
1	684
4	749
0	777
0	3
1	33
1	0
0	18
0	11
6	8
0	15
4	5
12	13
25	820
39	365
0	611
0	247
0	698
6	88
0	0
0	0
0	0
0	0
0	0
5	327
0	351
2	341
3	45
2	4628
8	2052
13	757
0	4628
93	0
2	144
0	145
14	3
1	9
15	587
0	550
1	585
1	158
1	8
0	2
1	0
1	0
0	2
0	0
4	185
0	146
6	41
0	51
1	60
0	150
0	19
1	43
0	0
0	0
0	0
5	310
0	310
10	31
0	22
0	20
66	484
0	520
0	432
0	128
4	16
0	141
15	46
11	128
3	0
0	4
0	4
0	1
0	0
47	334
0	325
0	371
0	436
0	418
0	470
1	48
44	207
0	81
1	62
0	150
0	112
0	84
0	74
0	29
3	81
0	113
0	98
5	0
0	1
0	1
0	1
0	0
0	1
1	1
0	1
0	0
771	168
0	48
0	68
0	65
0	49
0	0
2	45
0	45
1	4
0	45
1	0
51	0
443	325
0	30
5	321
0	0
0	0
0	0
0	0
6	347
0	63
0	127
0	1
0	106
28	114
0	62
0	359
1	223
11	725
4	509
17	710
0	0
0	298
2	287
2	3
0	293
0	60
6	31
1	15
12	871
0	1220
29	655
11	78
1	803
1	638
0	645
0	642
0	601
0	544
15	546
1	118
0	42
1	70
1	116
34	516
3	565
0	89
0	125
11	127
3	68
17	8
0	71
3	50
0	8
0	11
0	10
0	6
0	7
0	8
0	10
12	21
0	21
0	9
0	0
0	0
0	0
0	9
49	9
0	9
5	194
8	148
2	148
0	6
0	1
0	0
360	1502
1	55
25	1331
8	41
4	81
0	170
0	6
0	6
0	0
0	1
0	0
2	0
3	1272
2	1292
7	594
6	733
7	16
0	542
15	457
22	457
0	419
1	405
0	419
2	25
1	90
3	3
5	60
1	95
0	93
1	93
0	12
70	420
0	371
1	153
1	107
0	113
0	80
4	58
1	46
0	6
33	17
12	126
0	127
24	127
0	0
26	112
2	112
6	1
79	0
0	0
0	0
0	0
1	0
0	0
0	0
0	0
0	0
0	0
0	0
0	0
0	0
0	0
0	0
0	26
0	29
16	6
1	31
0	7
0	0
0	19
0	17
0	8
0	18
0	41
0	41
2	3
2	1
0	41
0	8
4	9
0	1
0	1
0	6
0	0
2	0
0	0
0	0
0	0
0	904
0	900
0	829
15	784
0	753
12	104
0	170
0	65
10	22
3	138
0	69
18	3
0	900
0	401
0	91
0	383
1	276
0	401
4	447
0	349
0	339
0	343
0	41
0	345
1	318
0	399
0	21
1	291
1	17
1	24
1	17
0	35
0	175
0	5
0	3
0	167
1	29
1281	718
49	36
175	153
0	707
3	26
26	104
4	80
1	83
8	76
0	203
0	0
0	0
0	0
0	0
0	0
0	257
0	1
0	55
0	36
20	267
0	256
0	0
1	0
0	0
0	0
0	0
62	43
1	4
10	39
3	21
4	204
5	5
111	207
0	18
0	36
0	189
0	49
0	49
0	0
17	1787
0	1194
24	1739
0	709
0	1623
0	1210
9	364
0	632
24	592
0	656
1	401
2	397
2	535
9	332
0	32
0	19
0	29
0	8
0	8
0	6
0	27
256	0
0	4
0	4
0	4
0	3
0	0
0	4
31	3060
2	3161
31	3362
0	3416
7	151
10	31
13	3007
76	1294
0	3027
0	3039
20	102
20	690
0	2635
12	69
0	226
24	852
16	0
84	4
0	367
38	304
0	247
0	148
16	104
0	1
0	1
0	0
0	0
0	107
0	107
0	29
0	28
0	28
2	14
0	7
0	7
0	0
343	157
1	157
24	0
0	35
0	35
0	29
0	1
0	9
0	0
0	0
0	0
0	0
0	0
0	0
4	37
0	31
0	25
0	4
0	0
0	0
0	0
0	0
0	0
0	0
0	0
0	0
0	0
0	0
0	0
89	0
0	3736
1	288
1	20
43	3881
2	240
0	383
6	980
3	3881
0	53
1	36
0	17
0	17
0	48
0	11
1	165
0	107
0	178
0	40
29	175
2	166
0	0
0	0
0	0
0	0
0	0
182	884
0	783
0	4
0	17
0	40
1	40
0	40
0	17
0	0
0	4
0	16
0	9
0	2
0	3
0	0
0	8
0	8
1	8
0	0
0	0
0	0
0	0
0	0
4	0
0	0
0	2
0	3
0	0
0	3
0	3
0	0
0	0
0	0
0	0
0	1
1	139
0	136
0	79
0	34
0	6
17	9
66	6
0	0
4	161
310	1585
1	1438
1	1463
0	493
0	490
4	331
11	197
0	82
0	503
0	0
340	348
0	303
2	140
0	45
23	0
1	1413
15	947
10	80
17	1337
0	4
3	94
13	0
0	624
0	237
3	199
0	2
32	3
0	1
632	432
0	207
8	55
0	133
0	109
0	27
3	51
3	0
0	0
0	17
0	0
41	248
5	73
0	131
0	62
7	26
0	170
9	0
85	2152
0	1379
126	16
21	2065
1	1
2	31
2	0
0	65
0	85
0	93
0	62
8	24
0	51
0	0
6	14
0	4
0	4
0	13
2	0
0	102
0	252
0	264
3	259
0	145
5	110
1	108
1	38
1	14
0	13
0	13
0	5
0	4
0	147
2	6
0	1
1500	17
1	13
16	4
237	115
0	114
1	75
0	0
0	0
0	0
0	0
0	0
0	0
58	600
0	605
0	13
18	122
0	16
12	27
66	51
0	244
0	32
0	254
0	16
0	241
6	116
0	253
0	19
0	43
15	1110
0	254
6	263
0	232
2	11
0	0
0	12
0	49
3	19
0	45
0	10
13	34
0	0
0	0
1	4
2	4
0	5
0	0
0	0
0	0
0	0
2	37
0	52
0	49
11	35
2	150
1	153
3	147
0	53
0	95
18	34
3	22
293	458
0	360
5	308
5	78
0	185
0	2
0	1
0	2
0	2
0	5
111	4
0	1
2	6
644	589
2	49
0	595
0	187
0	10
0	10
0	7
0	0
0	0
1	0
2	6
0	5
0	1
0	1
62	387
0	422
6	407
0	379
0	368
0	359
0	73
5	241
29	213
1	203
0	194
3	15
0	28
1	61
0	27
10012	1527
5	336
0	536
0	233
3	84
2	197
4	91
0	139
0	0
0	0
0	0
0	0
0	0
0	0
0	0
1	364
0	364
1	355
0	23
0	44
0	65
0	44
3	47
0	364
198	62
0	15
1	35
0	27
0	24
0	19
15	288
23	288
1	247
0	243
2	254
0	241
0	249
12	229
0	36
0	32
0	101
0	29
4	7
3	16
0	30
0	10
1	21
52	114
0	117
0	116
1	41
0	83
0	0
3	4
0	159
1	156
5	87
0	141
2	15
0	13
9	5
0	0
0	0
0	4
0	4
0	1
0	1
0	2
0	0
0	2
76	93
0	88
2	66
35	605
0	558
5	275
0	34
26	123
355	247
0	250
14	38
0	41
47	736
46	716
0	709
6	504
22	496
0	474
0	101
1	44
34	0
11	109
1	43
26	26
5	16
5	5
0	17
2	3
0	20
0	2
0	452
0	0
22	2232
0	2094
1	622
47	441
0	480
15	19
5	340
0	334
0	283
16	6
3	6
1	7
13	12
0	12
30	2
0	2
2	93
0	79
0	73
0	15
23	22
0	2
0	8
0	87
0	93
3	455
0	449
0	206
0	35
0	17
1	37
0	30
0	36
1	182
0	139
6	1
0	449
0	0
0	1
0	0
7	215
0	223
6	209
2	93
299	0
7	65
0	0
4	20
0	6
0	65
3	33
0	12
2	21
1	26
1	9
0	0
0	0
0	0
0	0
0	0
0	0
0	0
0	0
0	0
0	0
63	1005
2	1422
42	5720
36	895
35	5424
6	187
4	30
0	199
7	260
23	336
3	86
1	311
5	181
9	183
3	1617
0	1617
1	2562
13	140
28	782
3	1003
3	752
0	2562
615	59
5	59
0	0
0	0
0	0
0	0
0	0
0	0
0	0
0	0
0	0
369	182
2	182
0	44
0	467
0	467
19	1808
0	800
0	1515
0	1620
0	1721
1	1632
19	1255
0	923
1	1113
15	1096
2	491
0	708
0	453
2	829
2	658
46	32
0	32
0	0
0	0
0	0
0	0
0	0
311	39
1	12
0	12
0	21
0	13
1	14
4	7
0	499
1	478
5	48
6	7
3	25
0	164
0	69
0	0
0	0
0	0
1035	417
2	106
0	126
0	53
0	183
27	2
1	2
2	77
0	53
4	52
0	47
0	21
9	7
16	22
0	53
2	109
0	109
0	0
0	0
0	0
0	56
3	439
0	157
0	113
0	251
0	439
108	1482
0	408
43	1451
2	526
20	64
3	100
0	100
0	82
0	96
0	10
33	0
2410	678
1	140
8	343
4	47
0	196
0	4198
560	4464
3	320
3	333
8	320
22	76
33	169
0	320
1	0
14	58
11	123
0	0
0	0
0	21
0	11
0	22
0	0
0	8
16	0
35	1104
0	1035
3	964
5	230
0	949
205	75
9	1
3	75
1	58
0	0
0	0
0	8
0	8
18	30
48	30
1	22
693	4593
0	4413
0	113
22	62
13	54
23	16
0	595
29	391
15	341
42	251
0	0
0	0
0	231
0	128
0	278
4	242
3	73
1	53
0	133
1	1127
7	686
0	905
0	1122
1	220
8	56
697	4268
0	3889
6	562
2	671
0	0
16	0
0	0
0	4
0	24
0	4
0	22
0	23
0	2
0	20
0	18
0	1
2	2
0	14
0	20
0	23
0	12
0	10
0	20
0	17
0	9
0	2
0	0
0	0
0	5
0	6
0	1614
3	172
546	1836
2	319
2	806
0	1168
0	371
0	0
0	0
0	0
0	0
0	0
0	0
0	0
0	0
0	243
2	0
0	0
9605	1802
17	1220
32	582
0	0
0	0
0	0
0	0
0	0
0	0
0	7
0	7
1	133
2	14
0	131
0	3
0	6
0	11
0	0
0	0
14	576
48	552
0	25
761	1122
0	631
2	161
0	330
0	1037
0	437
6	0
0	310
0	484
0	210
0	104
0	3
0	46
0	63
0	478
0	25
0	32
0	0
1	393
0	41
0	484
0	462
0	942
0	192
0	11
0	14
23	111
0	4
0	43
13	1038
14	1038
1	896
0	107
0	70
19	185
0	217
0	110
0	144
4	47
2	0
0	0
0	0
0	2
0	2
1	0
0	0
0	2
58	606
0	92
41	384
0	528
1	145
2	69
1	36
1	101
3	101
0	17
9	16
2	7
1	11
0	1
0	1
0	5
0	5
0	0
0	0
0	0
0	0
0	0
0	0
0	0
0	0
0	0
0	0
0	129
145	226
0	31
0	204
0	7
0	0
0	0
0	2
0	0
0	7
0	0
7	554
288	660
6	227
23	200
0	114
3	0
0	644
2	0
0	0
0	0
0	0
0	0
0	0
186	631
57	631
10	106
2	250
23	278
1	278
0	158
3	170
0	6
0	0
0	6
0	1
0	8
0	8
0	0
0	3
0	3
0	1
0	0
0	2
1	3
1	1349
0	1390
12	216
113	400
0	157
3	139
23	196
0	833
7	806
0	24
25	1
17	14
0	607
0	1630
61	1628
5	1544
2	181
0	103
1	91
0	7
4	62
0	6
44	68
0	181
431	1677
0	1600
17	904
3	819
0	0
0	0
0	0
0	0
11	150
0	0
5	5
0	2
0	150
0	144
0	61
338	290
0	209
14	290
112	905
8	905
0	647
1	123
3	69
0	57
0	57
0	0
0	0
95	0
982	818
10	487
34	682
9	805
26	126
0	625
3	207
0	712
0	0
0	0
0	0
0	0
1066	648
7	523
22	118
0	261
0	355
1	348
0	317
1	110
0	87
0	53
0	60
0	41
1	355
0	0
0	0
0	0
4	1
0	0
0	0
0	0
0	1
0	0
0	0
0	0
9338	32472
11	1599
0	21555
15	17111
3	13265
1	1717
2	9576
15	7118
13	6200
5	0
0	2
0	2
0	2
0	0
0	0
28	591
0	538
0	540
1	399
0	0
41	0
51	354
1	329
0	102
2	41
0	160
0	153
1	158
0	159
0	158
0	23
0	3
0	21
0	22
14	20
0	120
0	36
1	82
0	12
0	50
0	59
0	53
0	8
0	49
0	49
1	34
0	34
0	49
0	6
0	6
0	0
1	2
14	81
7	81
0	45
0	1
0	0
0	1
0	0
3	94
0	222
0	353
0	355
62	205
1	267
0	7
0	45
0	34
0	262
66	346
7	88
1	5
0	300
0	121
0	0
0	0
0	0
5	106
0	103
0	113
1	89
0	42
0	50
1	21
4	8
0	8
0	4
0	42
3	838
14	708
0	27
2	27
0	398
0	81
0	32
0	43
0	15
0	36
0	817
0	635
0	0
1	5
0	5
0	0
0	0
0	6
0	4
0	555
0	554
0	571
56	547
0	302
27	70
0	50
0	0
38	4
0	82
0	381
0	91
0	49
115	382
0	189
4	82
0	12
1	102
3	2
0	299
75	2
0	108
20	74
2	62
6	0
1	8
0	129
0	163
0	570
0	514
0	83
8	439
1	0
0	0
0	0
0	0
0	0
0	0
0	0
0	0
0	0
0	0
0	0
1	0
0	0
2	0
0	0
0	0
0	1
0	0
0	0
0	1
3	1
0	1
0	0
16	49
0	43
0	44
0	2
0	1
0	3
5	0
0	0
0	0
597	461
7	355
0	328
0	0
0	0
0	0
12	82
1	78
0	107
0	80
0	72
1	23
1	25
0	25
0	3
0	0
0	3
0	4
31	0
26	857
0	830
0	796
6	61
9	76
3	128
0	0
0	0
0	0
6	92
5	92
0	2
0	3
0	2
2	3
2	0
0	18
0	41
0	39
0	6
485	556
8	20
0	8
0	20
0	19
0	0
3	4
0	3
1	1
3	86
0	86
0	4
0	14
0	10
0	0
0	0
0	0
0	0
3	134
0	139
13	131
3	121
5	2
0	21
1	26
903	658
32	603
4	317
0	116
0	0
1	3
0	3
1	15
28	124
0	730
0	723
23	187
7	135
0	90
0	95
0	43
15	14
1	109
8	100
629	100
506	4125
22	4125
4	2307
9	2242
0	2342
3	285
0	1916
8	125
0	176
1	159
0	373
38	130
25	229
7	19
0	31
0	31
0	23
0	5
0	5
0	10
2	9
0	26
0	5
0	2
0	4
0	4
0	0
0	0
0	0
0	0
0	0
0	0
7	494
18	394
0	486
2	401
0	423
0	455
0	406
0	181
1	260
0	201
0	83
0	76
0	107
0	89
0	86
0	43
4	71
1	20
0	68
8	59
54	0
1	440
127	620
0	441
0	453
0	61
0	74
0	14
0	187
0	25
2	4
10	62
0	62
0	94
0	94
0	0
2	61
8	11
0	58
3	0
0	54
7	3
0	7
783	735
0	103
1	566
0	183
3	115
0	140
0	104
42	96
0	623
0	0
0	0
0	0
0	0
0	0
0	14
0	0
0	0
0	10
4	6
0	9
0	9
0	15
0	15
0	14
0	15
0	0
0	0
0	0
0	0
0	0
0	0
0	0
0	0
0	0
0	0
0	0
0	85
85	268
2	28
9	260
0	0
0	0
0	0
0	0
0	0
0	0
0	0
0	0
0	0
89	0
0	7
202	7
0	816
9	723
3	237
0	237
1	583
4	757
0	417
0	575
5	177
0	428
1	154
0	98
0	400
383	575
1	452
1	269
17	157
11	58
0	0
0	0
0	0
0	0
0	0
208	722
0	714
7	548
0	0
0	4
0	4
1	1
28	0
3	252
0	0
0	0
46	25
0	0
0	26
6	252
3	11
1	5
3	43
0	4
0	4
0	3
0	3
0	3
0	2
0	0
0	2
47	94
2	70
1	51
1	38
5	0
0	218
0	234
0	8
0	69
0	62
0	9
13	551
0	552
1	537
0	547
0	549
8	0
353	479
13	6
0	479
0	70
0	8
2	48
0	0
0	0
0	0
0	0
0	0
0	0
0	0
0	0
28	893
6	889
50	69
583	284
53	63
2	221
7	35
2	96
0	0
0	0
0	1
0	1
0	1
2	0
414	702
9	257
17	445
231	340
2	337
0	21
0	14
0	0
0	2
0	2
0	2
2	0
1	0
30	372
0	10
24	338
7	3
0	347
29	60
0	364
0	0
0	240
0	21
0	34
0	228
0	2
0	1
0	2
0	214
38	288
0	67
11	140
33	137
0	36
0	258
0	227
0	86
0	112
44	0
0	0
0	0
1	0
0	0
0	0
0	0
0	0
20	6
0	1
0	1
0	5
0	504
14	842
0	849
2	793
0	851
0	789
4	57
1	239
0	198
0	27
0	26
0	851
9	18
0	18
1921	0
1	0
0	0
65	10
6	5
0	1
0	5
1	3
392	473
0	63
0	42
0	111
1	106
25	268
9	203
0	201
1	78
0	28
0	72
0	83
0	84
0	33
0	26
0	36
0	7
1	0
0	0
0	0
0	0
0	0
0	0
6	131
485	172
0	58
0	10
4	22
0	8
0	16
1	7
0	15
0	2
0	0
0	343
38	384
3	21
3	31
6	12
0	168
0	132
7	61
0	1
0	1
0	1
0	1
0	1
4	0
1	0
41	85
1	69
5	85
0	4
0	98
0	113
1	19
4	26
0	4
0	11
0	3
1	0
0	0
0	0
120	1014
0	875
1	250
0	122
1	87
21	164
14	210
0	60
451	1494
1	471
0	219
12	1243
0	275
27	472
2	243
2	48
23	87
2	86
2	37
0	0
0	0
0	0
0	0
0	0
0	0
18	437
0	98
2	396
198	131
0	120
4	270
3	252
7	282
4	213
0	135
364	753
43	0
0	751
5	555
0	647
1	310
0	739
5	0
0	166
87	49
0	755
0	0
4	134
3	145
2	144
34	116
337	560
18	560
0	169
3	188
0	87
0	6
0	5
0	4
0	7
0	4
0	4
0	0
0	0
0	0
0	365
0	380
5	130
0	27
0	5
9	26
318	12
2	12
6	0
2	204
176	204
3	41
0	238
0	144
10	164
1	89
0	33
252	68
19	68
1	0
0	0
80	225
0	221
0	16
0	0
5	2
0	2
6	7
0	20
0	19
1	16
0	17
0	17
0	16
0	0
0	1
0	0
0	0
0	0
0	1150
0	904
1	93
0	104
5	66
0	82
8	460
0	427
0	74
25	334
0	240
0	81
21	2
0	73
0	1144
0	0
0	0
0	0
57	67
34	68
2	17
0	0
0	0
0	0
0	0
0	0
0	0
75	19
4	5
11	14
1	442
0	442
6	442
6	222
37	7
0	268
2	36
0	198
8	195
0	99
32	232
0	89
0	0
0	0
0	0
2	275
0	16
2	214
0	246
7	33
0	178
0	0
0	0
0	0
22	148
4	148
1378	4792
18	1429
15	1356
1	2094
6	1711
0	0
0	0
0	0
0	0
0	0
0	0
0	0
0	0
0	0
0	121
0	114
36	34
54	52
0	113
0	119
0	19
0	114
0	119
0	0
3	115
0	57
0	116
0	41
0	70
0	4
0	4
0	0
0	0
0	0
0	0
343	80
3	69
0	79
5	0
0	244
0	132
2	241
3	187
0	43
0	246
8	2
375	197
3	134
0	29
2	63
0	0
0	0
0	0
0	0
0	763
0	428
5	345
0	742
0	213
0	0
0	0
0	0
0	0
152	678
0	331
7	322
1	230
0	233
1	212
0	289
0	295
7	199
0	0
15	636
0	583
2	416
0	533
5	51
0	630
2	576
2	3032
5	375
1	375
0	26
0	4
0	367
0	359
0	357
2	43
0	365
0	352
0	13
1	2
50	177
123	448
0	176
1	215
4	286
0	379
0	204
8	217
0	62
0	24
3	370
2	355
4	162
4	0
5	6
29	36
0	0
12	2649
21	2638
4	115
23	12
0	10
3	10
33	10
0	8
0	0
0	0
0	0
0	0
0	0
29	5
0	5
0	4
0	1
0	1
3	206
0	377
0	454
1	430
8	158
0	441
1	82
0	79
0	438
0	419
0	206
0	441
0	407
2	109
5	313
0	438
133	1211
14	70
53	320
0	974
0	499
5	96
0	516
11	0
364	33
0	33
0	0
0	0
0	0
0	0
0	0
0	0
0	0
0	0
0	0
0	0
0	0
0	262
1	57
0	268
0	211
0	262
0	48
2	217
1	26
2	51
7	16
1087	0
0	3
0	3
0	2
0	0
0	0
0	0
0	0
155	0
7	0
0	189
6	23
6	9
0	0
0	1
4	189
3	0
0	0
0	128
1	145
0	142
24	9
0	145
0	44
4	4
4	72
0	72
0	73
0	6
0	5
0	2
0	6
0	3
0	5
137	320
7	84
0	243
0	152
0	79
2	6
0	170
0	120
0	113
0	65
1	46
5	19
0	170
24	0
183	481
0	475
0	39
0	6
0	996
0	965
0	968
0	1000
4	36
0	121
5	57
2	74
2	277
0	150
2	413
0	112
1	107
5	237
0	0
0	0
5	279
0	211
0	238
0	78
0	85
1	73
0	125
22	642
0	604
43	101
19	54
28	66
4	65
62	3
0	0
0	0
0	0
0	0
0	0
0	0
7	518
4	419
0	80
3	516
5	50
0	515
0	55
0	64
0	3
70	3
5	3
2	9
0	9
2	0
0	18
0	2
0	18
0	2
0	5
0	2
0	62
175	62
0	0
0	0
20	2509
0	2512
8	283
26	1208
718	592
0	229
5	128
11	8
0	457
0	142
0	230
0	459
11	43
0	26
0	0
0	0
0	0
0	0
170	59
5	60
1	49
5	0
0	0
0	0
0	0
0	0
14	11
0	8
0	7
0	3
0	2
0	3
0	0
0	0
0	0
0	0
0	48
1	27
0	33
0	32
0	3
0	6
0	0
13	66
16	27
0	152
0	141
8	128
4	9
1	25
0	2489
0	2689
25	510
0	227
9	1594
0	1365
0	196
15	214
40	186
1	287
2428	385
0	384
2	225
9	0
4	160
11	96
4	156
0	25
0	36
0	43
24	26
0	32
5	29
27	19
0	1185
5	1173
0	1178
0	1177
0	227
3	101
0	50
8	0
0	0
0	0
4	668
0	675
0	3
3	668
0	70
0	412
0	675
173	70
0	94
0	63
0	37
0	105
2	30
0	34
0	0
0	0
0	0
0	0
17	19
1	18
0	7
15	795
20	806
0	435
13	185
1	100
10	408
0	205
0	287
0	181
4	1
0	1
0	1
0	0
0	192
0	198
1	198
0	51
16	72
0	101
0	75
471	163
16	167
0	72
5	86
4	216
0	238
3	61
0	24
0	23
0	54
3	18
0	23
0	27
11	9
0	215
1	5
0	11
1	4
3	2
0	5
0	11
0	1
0	10
1	0
1	1
4	0
1	0
3	0
0	0
105	278
9	272
0	147
0	146
1	250
0	237
34	5
0	4
0	4
0	4
1	11
0	11
0	10
0	4
0	4
0	1
6	0
0	8
0	0
0	0
0	599
1	597
1	515
130	37
0	600
62	214
7	42
4	13
2	6
354	172
2	111
0	109
1	47
0	4
0	0
0	1
0	4
0	1
0	1
0	1
6	883
0	851
0	1267
45	1221
0	1194
0	662
0	514
1	512
14	87
114	243
0	0
0	6
4	126
175	132
0	116
2	103
0	70
1	95
16	94
0	101
0	42
0	54
3	48
2	9
0	19
1	38
4	29
0	3
0	3
0	7
7	0
4	0
0	1
0	7
0	7
0	4
0	7
0	0
0	7
0	7
0	7
0	7
0	7
0	7
20	10
0	4
0	9
0	5
0	6
0	5
28	191
5	20
0	152
0	144
0	42
0	42
2	116
0	116
0	3
0	0
0	0
0	0
29	1299
591	1299
24	525
1	1322
1	1219
0	1206
0	1233
0	804
5	772
0	0
1	89
0	91
0	89
0	28
0	51
0	21
1	35
0	36
13	0
14	0
2	0
39	1
0	0
0	1
182	0
0	18
0	18
0	8
0	3
0	1
3	792
0	804
2	843
92	0
0	1
0	0
0	0
0	1
0	1
0	0
0	0
0	0
0	0
0	0
0	0
188	0
0	0
0	0
0	0
0	0
0	0
0	0
0	0
0	0
0	0
0	0
0	0
0	0
0	0
0	0
0	0
11	271
0	268
8	14
0	264
33	202
0	37
0	48
8	383
23	383
0	17
4	4
2	2
1048	272
0	15
17	171
37	86
33	0
0	0
4	1573
4	1587
20	799
18	453
13	286
0	0
0	0
0	0
0	0
0	0
2	123
0	128
0	93
0	30
0	128
162	377
0	339
0	291
1	363
2	129
2	76
3	211
0	67
11	8
2	76
0	0
0	0
0	0
0	0
0	0
0	0
0	0
0	0
2	146
0	143
4	142
0	14
0	59
0	1218
0	1785
659	1965
2	149
2	1354
0	1820
4	109
7	457
1	384
2	118
2	83
6	339
1	313
6	561
14	98
0	269
0	196
26	144
0	7
11	0
0	0
0	0
193	47
67	47
2	679
0	679
0	592
0	259
0	231
0	53
0	113
2	0
8	7
0	2
1	2
0	0
0	4
0	4
0	3
0	1
0	1
0	1
0	0
30	232
13	84
0	29
5	14
1	133
0	0
0	2
0	0
0	0
0	1
0	2
0	2
0	1
143	21
0	21
0	0
0	0
0	0
0	0
0	0
1	155
0	146
25	31
0	31
49	59
0	59
74	26
97	856
0	856
0	362
0	101
0	221
2	166
1	165
165	15
0	15
26	14
1	14
0	1
348	1596
3	1594
141	48
9	46769
6092	46726
2	46725
0	9709
0	5631
0	2341
4	1890
5	978
4	30613
0	0
0	0
0	120
0	490
1	58
0	29
0	26
9	246
1	71
149	2
0	2
0	1
7	5
0	5
60	167
36	71
0	70
0	160
2	53
11	160
0	18
1	50
0	56
0	167
2981	924
4	643
9	170
0	2
0	2
17	238
0	95
37	258
10	235
0	102
30	584
656	584
3	21
1	21
0	0
91	101
0	9
0	13
0	5
7	18
22	14
2	3952
0	3457
0	2871
0	3852
0	1651
0	3288
4	1262
0	325
0	132
1	126
0	93
0	12
0	141
0	0
0	0
0	0
0	0
0	0
0	0
0	15
0	15
0	14
0	1
0	2
0	0
0	0
37	257
2	257
18	206
5	206
0	39
1	578
0	348
0	489
0	25
29	478
0	81
0	99
0	0
0	0
0	0
6	11
1	9
0	8
0	4
0	3
21	10
0	9
2	0
0	0
1395	333
3	333
34	29
20	1
0	2
0	2
0	0
3	158
0	155
2	126
0	69
0	70
0	86
0	38
1	33
1	43
9	36
0	32
0	30
1	28
0	0
0	0
0	0
0	0
0	0
0	0
0	0
0	0
0	0
0	0
0	1
0	1
0	1
0	1
0	0
10	116
143	110
1	2
0	2
0	0
0	0
0	0
26	1142
0	621
32	1125
85	189
39	536
0	128
11	19
0	269
5	136
0	91
0	76
21	130
0	64
0	0
0	0
1	1
0	1
0	1
0	0
0	0
573	388
16	220
0	144
1	209
0	84
0	33
0	276
4	288
0	55
37	59
1	10
1	23
4	21
0	30
3	23
0	7
0	5
0	102
0	0
0	0
0	0
0	0
0	0
0	0
0	0
0	0
0	0
0	0
0	0
0	0
0	0
0	0
0	0
0	0
0	0
0	0
0	0
0	0
387	1
2	0
12	129
2	131
0	130
0	0
0	0
0	0
0	0
0	1
0	1
0	1
0	584
0	557
1	6
0	120
0	33
0	70
0	79
0	141
7	44
0	567
79	119
0	570
0	544
0	571
0	0
0	0
0	0
0	0
0	1
0	0
0	1
0	0
0	0
0	0
0	883
4	880
1	347
9	95
4	4
2	42
0	879
4	406
52	1093
0	1066
0	108
0	185
0	194
2	118
310	666
7	68
8	596
1	272
1	297
1	170
0	818
0	839
0	796
0	784
0	414
0	117
0	438
0	18
0	794
0	2491
9	2433
2	491
0	1548
8	0
305	0
0	41
0	21
0	39
37	0
0	0
3	0
0	0
49	631
198	177
129	631
6	56
123	520
7	493
0	0
0	0
0	0
0	48
0	31
0	27
4	20
0	44
0	52
0	45
3	55
7	48
0	15
4	12
0	24
3	31
0	3
1	0
323	411
272	125
3	125
0	0
0	0
0	0
0	0
0	0
0	0
0	5966
100	5856
0	4485
8	1000
0	907
0	860
17	814
0	1099
15	113
0	5957
0	8
0	55
21	93
0	96
0	97
0	5
0	5
0	4
1	5
0	5
0	0
2	2
53	314
7	62
0	3395
0	3374
0	3326
24	3303
0	3048
4	70
2	1316
11	6
4	94
14	48
26	386
0	247
0	0
0	1
0	0
0	0
0	166
13	166
1	4
0	1
0	0
0	0
0	0
0	0
1	481
0	433
13	472
0	418
14	93
0	0
202	808
1	861
0	806
4	702
0	507
0	345
0	549
0	461
0	461
0	491
0	236
38	298
0	120
0	133
0	46
0	769
0	8
0	0
0	0
0	0
0	0
0	4
2	0
0	0
0	0
0	160
507	301
0	328
0	346
23	4
2	20
24	38
984	404
1	404
750	644
0	622
0	24
6	3
0	3
0	0
17	882
0	1037
6	310
0	105
0	0
0	0
0	0
0	0
0	0
1	4
0	100
0	100
0	0
0	0
0	0
0	0
0	0
0	0
0	0
76	0
1	265
1	265
0	9
3	265
0	394
20	239
9	266
35	101
0	192
0	212
17	103
0	1
41	1
0	0
4	1
0	0
0	0
2	1
0	1
0	0
0	0
0	1
0	1
0	0
0	1
0	1
0	1143
291	1477
0	1261
6	730
0	0
0	0
0	0
0	0
6	0
181	45
15	15
0	34
21	14
11	6
14	10
0	2
0	0
0	9
0	3
0	2
0	0
0	0
0	6
0	0
0	0
0	0
0	0
0	17
0	17
0	1
0	17
0	17
0	14
0	14
0	4500
0	1738
0	143
0	55
0	341
0	257
0	96
0	75
0	2001
0	531
0	915
0	828
0	764
2	1704
1	342
0	2579
3	504
0	820
0	639
0	1570
0	1492
0	1571
0	956
1	1804
2	1155
7	646
3	319
0	3615
0	3690
0	3592
0	157
0	146
0	156
0	137
2	9
0	17
0	14
0	86
0	6
0	21
0	3
0	34
8	17
1	842
0	252
0	699
26	241
3	228
0	114
2	58
0	4
0	819
119	55
2	55
3	145
56	155
0	179
105	1108
37	721
5	1108
0	217
3	342
7	45
0	111
2	111
0	1
0	1
0	1
0	1
0	1
0	0
0	0
0	389
0	389
0	2
0	170
0	160
0	172
5	78
0	184
16	30
1	73
0	102
9	102
0	130
0	135
0	176
0	104
1	17
3	131
0	142
4	5
0	36
0	28
0	45
0	67
0	24
0	24
0	36
7	0
0	22
6	0
577	622
0	590
7	41
18	202
55	336
0	40
10	191
0	30
12	1211
23	1140
0	1188
2	824
3	837
5	281
1	80
0	217
6	368
8	78
0	206
1	185
0	67
3	50
56	90
217	93
0	90
9	40
0	43
57	22
7	365
4	156
0	136
2	352
1	279
0	333
0	321
16	69
1	45
13	315
0	0
0	0
0	0
0	0
0	0
0	0
0	0
0	0
0	0
0	1
0	1
0	0
0	1
0	1
0	0
0	0
0	0
0	1
0	1
0	0
295	117
5	117
0	0
0	0
0	0
152	0
0	0
0	0
0	0
121	425
0	178
0	290
0	85
2	54
0	41
13	50
6	81
31	24
5	147
3	2
0	39
0	2
3	2
0	0
0	1
0	9
1	5
1	2
0	2
0	14
0	14
0	34
1	5
0	0
0	23
13	236
1	44
0	213
1	0
117	1972
14	1968
0	998
1	546
46	277
0	0
306	56
10	15
1	56
0	507
7	309
4	384
2	351
3	44
2	58
0	31
6	510
0	0
183	443
1	438
0	430
4	147
0	143
1	81
0	0
0	93
0	93
5	16
0	21
0	83
1	0
0	3
0	2
0	0
0	1
0	14
0	10
0	4
1	8
1	0
0	92
0	0
0	0
0	0
0	0
0	0
229	1632
10	1430
8	114
32	344
21	483
0	337
6	46
0	331
23	93
15	87
13	3599
0	4044
0	3451
131	3653
0	2782
47	236
23	46
1	500
1	736
0	222
11	537
145	0
26	136
0	136
29	121
0	128
1438	1641
0	978
0	8
0	1449
0	898
0	15
0	5
4	94
0	39
0	72
0	75
0	0
0	0
1	0
0	0
0	0
0	0
0	0
0	0
0	0
47	1487
0	1487
0	1487
0	577
0	590
0	593
0	601
0	86
0	347
0	30
27	178
6	14
0	62
9	418
0	376
0	373
12	34
0	386
0	35
516	463
1	462
0	6
0	5
0	0
0	0
0	0
0	0
0	0
0	0
0	0
0	0
0	0
0	0
0	0
0	0
0	1
27	375
3	13
2	17
0	250
1	337
0	11
2	15
0	1347
7	1347
3	144
0	213
0	258
3	44
5	34
0	1346
2	207
0	57
0	254
0	109
0	144
0	1182
7	1181
2	788
11	77
0	69
0	82
0	64
0	102
5	15
30	3
0	0
0	1
0	0
0	1
0	1
1072	0
0	0
17	3651
2	3499
0	3278
3	3043
5	722
5	2860
4	182
10	265
19	413
8	893
20	582
4	535
11	770
0	288
12	298
0	6
1	6
0	5
0	2
0	2
0	4
0	4
0	1
0	3
0	2
0	3
0	0
0	2
0	0
0	0
0	0
0	1
0	1
0	0
0	0
0	0
0	18
0	13
0	1
0	1
32	706
0	38
0	36
0	706
0	0
0	3
0	0
0	3
0	83
0	183
0	82
0	215
2	56
0	115
66	107
21	69
0	69
0	49
0	24
0	50
3	4
98	168
1	39
0	48
1	81
20	115
7	102
0	0
0	0
0	0
0	0
0	0
0	0
0	55
0	53
0	344
1057	490
0	6
88	151
806	1475
0	277
0	592
0	147
2	439
7	357
0	1221
0	845
3	302
0	0
0	0
11	38
1	10
1	8
0	6
8	582
2	21
1	25
0	582
0	0
0	0
0	0
0	0
0	0
0	547
0	0
0	0
0	0
49	32
4	10
2	20
0	13
0	10
0	6
987	9
0	0
0	0
39	446
1	53
0	67
0	70
3	88
31	183
0	398
0	38
0	234
2	22
9	54
2	45
0	106
0	0
0	547
0	381
0	547
1	288
9	547
4	381
5	381
23	0
336	0
0	0
0	0
0	0
2	273
0	250
2	297
48	289
0	74
0	65
1	58
0	212
28	49
0	257
1	253
0	50
0	25
2	26
0	0
0	0
0	19
0	19
0	12
0	13
0	12
0	12
0	1
0	0
0	0
0	0
0	6
0	0
0	3
0	1
41	3
3	3
8	79
3	5
0	73
2	62
0	0
0	0
0	0
0	0
0	0
0	0
0	0
0	0
0	0
0	0
0	0
0	0
0	0
0	0
0	0
226	246
3	126
41	126
32	34
0	0
0	32
0	32
0	1
0	2
0	29
0	2
0	4
0	882
0	35
2	131
0	131
0	44
1	13
0	110
4	20
0	17
1	22
4	16
218	19
1	12
0	7
0	122
0	170
5	17
4	217
0	572
1	31
13	76
0	565
0	27
0	84
15	202
3573	784
0	784
14	67
2	67
3	0
0	13417
2	12252
29	3252
3	163
6	6268
4	12233
7	4814
0	5137
63	515
0	1125
23	114
3	585
9	269
17	0
2	197
0	136
0	415
0	0
0	0
0	0
0	0
0	0
0	0
0	0
0	0
0	0
0	0
0	0
0	0
0	0
0	0
0	0
0	0
0	0
0	0
4	11
64	11
0	0
0	0
0	0
0	0
1	0
0	0
37	19
0	129
20	126
0	2
0	33
2	27
3	24
0	0
0	0
0	0
0	0
10	2
1	2
1	0
0	2
0	0
0	0
4	163
0	163
0	0
57	327
0	329
0	296
0	41
0	27
0	9
1	9
0	130
0	109
0	67
1	59
219	636
0	57
0	611
3	22
0	0
0	0
0	0
0	0
0	0
0	0
0	0
11	0
0	0
0	0
0	0
0	0
2	1035
0	1059
9	1035
0	1035
1	108
0	0
0	0
19	3
0	3
0	0
0	0
0	0
3	1778
527	1767
0	1415
10	2759
0	3132
0	1754
45	836
0	54
122	60
9	60
1	23
0	27
0	43
0	62
0	458
2	414
52	238
0	98
5	47
3	569
1	523
13	534
0	513
12	487
1	535
0	349
0	0
0	0
0	0
12	5369
31	5308
22	165
3	289
4	624
1	531
0	0
0	553
0	589
7	450
0	1258
0	15
0	1192
114	113
0	11
0	21
1	109
6	42
6	53
53	27
0	42
0	6
0	4
0	6
2	4
3	6
0	1
0	5
0	3
1	1
0	1
0	0
0	0
0	0
0	0
0	0
0	0
0	0
0	0
0	0
0	0
0	0
0	0
0	0
0	0
0	0
0	0
0	0
86	0
112	138
0	71
0	119
0	19
0	29
0	0
46	42
0	33
18	28
0	27
0	0
0	0
0	0
0	0
0	0
1	0
0	0
1	241
0	255
0	25
0	250
22	30
0	64
0	0
0	0
11	353
2	325
2	244
2	404
0	289
0	295
0	0
0	0
0	0
281	200
0	5
98	197
0	88
3	111
4	7
0	0
0	0
0	0
0	0
0	0
0	0
0	0
0	0
0	0
805	389
13	389
5	25
0	17
0	15
2	2
0	1
2	0
2	3
0	3
0	17
7	90
4	8
10	133
0	86
2	38
0	22
0	20
0	21
0	28
0	12
1	79
28	79
0	17
0	22
0	19
0	26
68	62
1	1
0	61
0	33
0	0
0	0
0	0
1	1
0	1
0	0
0	0
0	0
0	0
0	0
39	234
0	216
1	246
0	112
34	27
1	201
24	218
0	79
0	69
0	35
0	9
25	5
0	5
0	0
0	0
0	0
0	0
0	0
0	0
45	312
0	299
3	13
167	1011
17	7
6	74
3	103
0	491
2	267
7	649
0	835
0	690
0	356
5	371
5	6
0	2
0	1
0	1
0	2
0	2
0	0
0	0
0	0
0	228
0	223
6	193
0	133
0	17
6	14
0	56
0	52
2	18
0	0
0	0
170	14
0	14
0	0
2	0
0	0
1	0
0	0
0	0
0	0
0	0
0	0
0	0
0	0
0	0
0	0
0	0
0	0
0	0
0	0
0	0
0	0
1	294
0	156
10	274
0	160
422	55
0	107
19	299
23	133
0	133
3	128
1	2
0	0
0	2
0	2
161	5
0	19
17	18
0	0
0	0
0	0
0	0
0	0
10	0
0	0
0	0
0	0
0	0
17	2
0	0
0	154
11	26
4	10
52	246
0	232
8	20
0	106
0	0
0	0
0	0
20	1
0	1
0	0
0	197
0	191
0	197
0	196
0	173
19	32
2	17
0	194
0	0
0	0
0	0
2	1
9	12
0	12
0	1
1	0
0	0
0	0
0	0
0	0
0	0
0	0
0	0
0	0
0	0
0	0
0	0
0	0
0	0
0	0
2	0
8	415
9	415
1	378
4	49
21	0
21	617
0	618
1	574
12	21
2	3186
0	256
2	3041
8	172
7	126
3	291
0	302
0	588
2	708
80	55
0	41
0	31
0	33
0	6
1	5
0	0
0	0
0	0
0	0
0	0
0	0
0	0
0	7
0	7
0	4
0	3
0	5
4	1
0	3
0	6
1	6
0	4
0	2
0	1
0	7
0	0
0	0
1379	0
87	59
0	59
7	733
0	15
0	19
0	23
0	11
1	41
0	44
0	72
3	36
0	37
0	51
0	751
5	26
22	36
3	5
1	31
0	19
10	15
0	0
0	0
23	702
0	704
1	0
3	31
21	210
0	447
29	0
0	0
29	19
0	12
0	7
0	3
0	2
0	2
0	2
0	232
108	196
4	236
3	230
0	47
0	61
2	40
0	6
0	0
0	0
0	0
0	0
4	0
0	0
0	0
64	0
0	0
0	0
0	0
0	0
0	0
0	0
0	0
0	0
270	0
0	133
107	138
4	17
18	127
0	127
0	131
0	0
0	0
0	0
0	0
0	0
0	0
0	0
0	0
6	1320
9	1100
0	347
0	992
1	1014
0	1063
0	1042
8	90
0	117
7	0
0	596
0	109
34	616
0	90
0	139
0	142
0	275
2	243
0	1057
0	0
0	0
0	0
0	0
0	0
0	0
0	0
0	0
0	0
4	448
67	108
1	63
13	334
29	0
0	469
18	457
31	268
0	395
12	91
0	0
0	0
0	97
0	21
0	0
0	0
0	0
0	0
0	0
0	0
0	0
0	0
0	0
1	0
5	569
0	814
12	187
0	617
0	619
0	612
0	515
0	485
1	158
5	813
0	4
0	2
0	1
0	4
0	0
0	18
0	18
0	1
0	0
0	1
0	1
0	0
1	0
0	16
1	0
0	17
2	76
0	77
0	76
0	71
4	40
0	48
0	0
0	0
0	0
0	0
0	0
0	0
0	0
0	0
0	0
0	0
0	0
0	0
0	0
51	441
0	443
0	452
0	14
0	0
0	0
201	6371
71	5424
0	1429
0	814
98	1445
0	6033
0	3148
37	3355
4	5032
20	793
46	1544
114	1652
0	1067
0	357
0	128
0	125
0	0
0	0
888	568
0	206
13	115
16	29
4	87
0	125
26	14
1	44
0	117
0	1
0	1
0	1
1363	0
76	151
0	151
5	115
0	40
0	0
0	0
0	0
0	0
0	0
0	0
0	331
0	318
20	24
0	37
0	17
3	51
10	58
0	28
0	3
0	3
0	0
0	0
0	0
0	0
0	0
0	0
0	3
0	0
0	0
0	0
0	0
0	0
0	0
530	589
6	589
0	7
0	7
0	7
0	7
0	7
0	1
0	0
2020	999
3	997
8	0
7	58
15	57
0	26
0	0
0	0
11	0
1	3
0	0
0	3
11	301
21	139
8	60
0	163
0	262
0	369
59	387
0	404
2	255
1	387
0	416
1036	710
0	817
0	0
9	0
28	1010
191	1228
17	495
52	112
37	1345
0	1099
1	1172
0	1039
0	289
779	1739
3	1025
0	351
0	435
1	78
0	105
0	322
0	0
0	0
2	0
4	2
3	4
0	4
0	2
0	3
0	3
0	0
0	0
0	0
93	0
0	0
0	0
0	0
0	0
0	0
0	12
5	0
0	0
0	0
0	0
0	0
0	0
0	228
0	262
0	230
5	9
0	273
0	225
2	1
0	29
6	506
4	506
1	286
0	506
0	0
0	0
0	0
0	0
0	0
0	0
0	0
0	253
3	253
32	245
327	65
6	65
0	2411
376	2428
0	311
51	2403
11	2370
0	2437
0	299
0	2240
0	0
0	0
0	0
0	0
77	1346
48	795
6	923
4	92
4	561
0	423
1	12
7	226
0	0
0	0
0	0
0	0
0	0
0	0
27	581
3	118
32	581
0	0
0	0
0	0
0	0
0	0
0	0
0	0
0	0
0	0
196	1871
0	1851
0	359
0	1570
0	1027
0	550
0	400
0	427
61	108
6	101
0	0
0	0
0	0
0	0
0	0
0	0
0	0
0	0
0	0
0	0
0	0
4	0
0	0
0	0
0	0
0	0
0	360
0	308
8	138
0	360
0	258
0	129
3	3
5	71
0	70
5	345
7	37
3	264
56	72
0	67
0	32
2	9
4	5
5	5
22	10
10	1
0	2
0	2
0	0
0	0
0	0
0	0
0	2
0	0
0	0
0	0
0	0
0	0
2	1673
0	1674
2	195
6	2
0	0
0	0
0	0
0	0
0	0
0	1
0	184
0	168
0	184
0	11
1	188
10	193
0	52
4	3
392	68
75	147
1	147
0	930
11	947
0	0
0	23
0	19
4	0
3	2
0	22
0	0
0	0
0	0
0	0
0	0
0	0
0	0
0	0
0	561
0	581
0	575
0	315
0	416
0	422
0	420
487	0
8	393
0	560
0	545
1	512
0	483
0	559
13	376
1	56
113	289
0	289
9	223
113	238
5	194
0	28
0	0
0	0
0	0
0	0
0	0
0	0
0	0
0	0
0	0
0	0
0	0
0	0
0	0
0	0
135	0
0	0
0	0
0	0
0	0
327	143
0	143
0	0
0	0
0	0
0	0
108	1492
0	41
49	32
0	6
0	215
0	1087
4	303
8	64
6	64
19	10
0	0
0	0
1	636
0	0
70	62
0	37
3	31
27	28
0	27
0	25
0	0
0	0
0	376
1064	1200
0	111
0	137
2	170
0	1055
3	144
20	10
3	10
3	1
6	517
0	529
0	551
0	481
0	259
1	111
0	49
24	234
8	67
0	216
0	167
14	85
0	65
0	0
0	0
0	0
0	0
0	1
14	1
48	175
0	0
20	4
0	0
0	4
0	0
0	0
0	0
0	13
0	13
0	137
2	122
1	125
0	54
7	29
0	0
0	0
0	0
0	0
0	0
0	0
0	0
0	0
0	0
0	0
0	150
0	150
0	152
0	99
8	0
1	8
4	8
2	6
7	0
0	0
0	0
0	0
0	0
4	1
0	1
0	0
0	82
140	399
0	139
25	143
0	278
9	39
0	122
17	131
0	116
0	68
0	72
0	32
0	65
0	36
0	60
9	2
0	28
0	0
0	0
0	0
0	0
0	0
0	0
0	0
0	0
0	0
0	0
0	9
0	6
0	6
0	2
0	2
146	539
1	426
9	223
2	155
0	0
0	0
0	0
0	0
0	0
0	0
0	0
0	0
0	0
0	0
0	0
0	35
0	38
0	36
0	0
0	0
1	0
0	2
0	2
0	0
0	0
0	0
0	0
0	0
0	19
473	747
37	94
0	163
0	107
0	474
0	116
4	594
0	174
3	64
8	0
0	0
0	0
1	3
0	3
0	1
0	1
0	0
0	0
0	0
0	0
0	3
1	2116
14	2116
0	354
7	74
0	552
0	348
0	291
0	0
0	0
0	0
0	0
0	0
0	0
0	0
0	0
0	0
0	0
1	8
1	9
0	5
1	0
368	467
0	247
0	185
0	163
0	159
320	0
0	2
0	0
0	2
0	485
0	379
26	168
0	77
4	87
1	62
63	364
173	154
7	146
3	23
1	75
0	0
0	34
1	2
0	2
0	0
0	0
0	0
0	3
0	32
0	0
0	0
0	0
0	0
0	0
0	0
211	374
0	329
0	84
1	54
1	80
0	23
2	27
4	10
6	34
3	2
0	0
0	0
0	0
2	82
0	77
0	24
1	46
0	39
1	34
0	23
0	23
0	10
4	8
0	0
13	1531
18	1531
0	92
5	255
0	57
1	57
0	51
0	4
14	0
3	0
2	136
0	136
2	56
2	10
8	0
46	272
1	261
2	30
0	19
1	19
0	9
0	0
0	21
0	13
0	0
0	0
0	0
1	5
1	5
4	0
16	6
0	4
0	2
0	14
0	14
0	14
0	14
7	17
0	17
1	16
4	2
0	0
0	0
0	0
395	665
5	201
0	125
0	405
0	546
538	117
2	117
0	61
0	0
8	53
0	24
0	0
0	19
0	9
190	5209
15	4902
0	4719
32	4115
86	611
53	49
17	163
0	1542
6	158
4	499
1	96
1	115
1	170
0	0
0	0
0	0
0	0
0	0
0	0
0	0
0	6
0	2
0	6
0	77
20	2
0	2
0	1
0	1
1	164
0	65
0	0
0	0
0	0
0	0
0	0
0	0
539	12
21	13
25	6
0	4
0	4
0	4
0	2
0	17
0	21
1	21
0	17
0	14
0	2
1	0
0	0
414	258
3	258
3	825
0	83
0	31
0	825
2	4327
5	32
1	46
16	264
11	218
0	70
9	78
0	22
0	46
94	118
3	27
0	100
0	28
0	10
0	22
0	7
0	1
3	3
5	0
24	0
24	0
0	0
0	3
21	8
0	0
0	7
0	0
0	0
0	1
0	1
0	0
8	0
0	512
106	513
0	493
0	0
0	0
0	2229
3	3234
0	1069
3	3172
8	2751
18	487
0	889
0	7
0	33
0	48
0	46
0	48
1	33
0	47
1	8
1	13
0	3
0	13
0	2
0	2
0	1
2	65
1	558
2	168
92	8
0	500
0	9
2	67
0	124
0	0
0	0
30	264
0	214
17	255
0	163
6	43
12	91
0	92
0	421
0	421
0	423
3	54
5	90
0	50
0	0
10	16
0	0
0	5
0	5
0	5
0	0
0	2
0	0
0	0
0	0
0	0
0	0
1547	0
31	624
0	612
7	407
0	24
0	35
1	63
0	42
0	0
0	0
73	147
5	2328
0	641
4	99
0	108
1	81
0	183
1	1711
0	157
2	13
0	133
0	11
6	219
0	94
0	0
3	0
0	0
0	0
0	0
0	0
0	0
0	0
0	247
0	83
2	102
1	167
2	247
1	53
1	101
0	98
0	78
2	22
1	74
0	247
0	0
0	0
140	0
0	116
15	312
3	52
10	259
3	223
1	78
0	35
2	27
7	98
0	98
0	0
0	0
0	19
0	19
0	19
0	11
0	10
0	11
0	0
0	3
0	1
0	1
0	1
0	0
1	0
0	0
0	0
0	0
0	0
0	0
0	14
4	0
0	0
0	0
1	0
0	0
549	0
0	0
0	0
0	0
0	3
0	0
0	0
0	3
0	172
0	186
0	184
0	40
1	0
5	2
90	503
1	363
0	30
0	29
14	5
9	11
15	159
19	4
0	0
0	0
0	0
0	479
0	159
10	245
0	212
0	89
2	14
0	112
1	439
0	61
15	63
0	0
0	0
0	0
0	0
6	123
0	94
1	27
15	29
0	10
0	270
0	236
3	20
0	262
1	255
0	131
0	37
2	54
0	0
0	0
0	0
0	38
51	54
0	19
2	53
2	5
2	11
2	5
0	100
4	98
0	73
0	14
9	1
0	1
32	509
0	509
0	509
7	35
0	35
0	31
0	35
2	11
0	8
0	9
2	0
50	54
7	0
0	29
1	12
0	6
0	3
0	16
0	4
0	0
0	0
0	0
0	0
0	0
0	106
3	89
1	18
0	49
1	42
0	39
1	35
6	75
0	55
0	45
0	0
52	601
5	555
34	118
10	41
33	19
1	19
866	1179
0	301
0	751
30	770
12	105
11	56
1	69
0	0
0	292
10	288
15	255
2	12
456	1064
0	1064
0	0
0	0
0	0
0	0
1	19
0	19
0	2
1	5
0	5
0	4
0	4
0	4
0	0
0	0
0	4
0	0
0	0
0	0
0	2590
0	2461
2	196
0	159
11	2380
7	169
1	141
1	377
1	268
13	140
0	178
8	264
9	181
0	290
0	280
1	47
19	115
1	8
16	115
0	115
125	399
89	399
1	17
0	3
0	6
2	17
0	4
0	13
7	571
0	571
15	253
0	52
0	55
0	46
0	49
0	53
0	49
0	12
2	4
0	3
0	46
372	924
0	467
0	280
2	271
4	255
98	110
6	56
118	250
0	252
1	253
11	0
10	1533
183	721
28	1513
0	145
15	256
38	557
22	105
114	133
0	1715
1	1733
13	266
9	305
0	213
3	55
1	187
0	1099
0	0
0	0
0	185
14	185
0	40
0	0
0	0
116	9
0	5
1	808
0	806
1647	808
1	225
0	0
0	0
0	0
404	2786
3	2786
25	86
0	82
0	167
3	1376
0	108
0	222
0	0
0	0
0	0
1	19
0	31
0	19
3	19
0	27
0	18
0	24
0	0
0	0
458	9
502	604
0	514
0	119
0	7
0	7
0	5
1	0
348	99
3	98
0	1
0	0
0	0
0	0
212	2067
0	2016
2	2060
1	159
0	764
26	10
0	0
0	3
0	13
0	3
0	0
0	0
0	0
0	0
0	0
0	762
34	763
0	84
0	68
0	26
1	62
0	21
0	28
76	359
0	0
0	246
47	1096
4	980
236	784
0	699
0	413
9	115
0	0
0	0
0	0
0	0
0	0
0	0
470	6
2	6
1	0
0	327
5	32
0	312
0	223
0	5
5	223
0	228
0	79
2	26
4	10
0	313
0	0
0	0
0	14
0	14
2	14
0	1
0	1
0	0
0	1
3	1
0	0
0	0
0	0
0	1
0	94
0	71
0	16
0	24
0	99
217	57
1	57
1	0
51	0
241	39
2	39
177	85
6	83
15	20
0	44
12	44
0	34
0	140
0	126
0	33
0	54
0	78
0	86
3	91
15	108
1	3
0	2
0	3
2	0
58	150
0	150
0	20
0	0
1	0
1	315
5	131
0	131
0	254
5	24
3	240
0	247
35	322
0	11
0	13
0	281
0	67
0	111
11	368
0	58
0	433
0	400
0	67
18	315
0	257
16	27
30	0
0	82
5	123
0	30
0	2
15	0
0	408
0	0
0	0
1	0
0	0
0	149
1	149
0	149
1	27
0	0
0	149
11	65
0	73
0	8
0	62
0	160
0	141
0	406
6	406
2	57
0	60
3	41
0	19
0	18
0	0
0	0
0	0
0	0
0	0
0	0
0	0
0	0
0	0
0	0
0	0
0	0
0	0
0	0
0	26
3	26
0	0
13	28
1820	28
0	0
0	0
6	223
16	237
0	43
0	229
3	42
0	22
22	50
1	21
37	0
0	2
0	2
0	2
7	2
0	0
0	0
0	0
0	0
0	0
0	0
0	0
0	0
0	6
2	4
0	2
0	1
0	6
0	1
0	2
0	2
0	0
0	0
0	0
0	0
0	35
0	41
0	34
0	38
0	17
0	25
0	35
0	25
0	21
0	33
0	20
0	21
0	20
0	29
0	12
0	37
0	34
0	38
0	28
0	24
0	28
0	17
0	23
0	24
0	18
0	14
0	13
0	13
0	21
2	22
0	13
0	13
0	0
0	12
0	16
0	1
0	48
0	42
0	44
800	0
0	0
0	1
0	1
0	1
0	0
0	0
0	0
0	0
0	0
37	12
0	12
0	0
5	743
2	739
14	714
4	10
5	48
6	171
0	97
0	0
0	0
0	0
0	0
0	0
0	0
0	0
0	0
0	0
24	0
0	0
0	0
0	0
5	2
0	0
14	1705
0	1924
1	1924
4	472
12	80
8	383
0	1924
0	0
0	0
0	0
0	0
233	30
0	30
0	7
0	0
0	0
0	0
3	93
0	7
0	12
0	28
0	29
0	20
0	6
0	0
0	12
0	0
0	61
9	185
4	188
1	0
0	0
0	0
0	0
0	0
0	0
0	0
0	244
0	187
0	233
4	130
84	253
1	25
0	0
0	0
0	0
0	0
0	0
1	0
7	758
28	928
0	444
21	147
4	53
0	753
322	312
0	169
1	133
0	119
5	79
1	11
0	0
0	0
0	0
0	0
0	0
0	0
0	0
0	0
331	208
1	208
0	0
0	0
0	0
0	0
0	0
1491	601
3	171
4	330
0	238
4	78
0	282
0	270
42	2
0	0
0	0
0	0
247	69
2	20
5	40
4	9
0	0
0	0
0	0
1114	800
0	124
5	115
3	128
8	407
0	149
1054	427
0	267
0	113
4	59
0	47
1	8
5	0
0	0
0	79
15	2116
7	1303
3	27
4	113
0	83
2	7
2	91
8	258
0	204
24	2151
0	0
0	0
0	0
0	0
0	0
0	0
0	23
0	66
1	17
0	26
0	32
0	34
0	54
0	6
1	20
0	12
1	27
0	3
0	0
0	6
0	25
11	25
0	3
0	183
0	151
1	175
0	0
0	16
0	0
0	0
0	0
0	0
0	0
0	0
0	0
0	0
0	0
10	270
1	77
0	13
0	200
1	3
1	214
0	156
0	1826
5	2173
0	788
1	119
0	2488
0	83
3	584
30	2408
1	295
5	147
1	127
2	1373
0	295
82	112
8	46
1	66
0	4998
54	4973
2	4975
8	317
0	4745
0	462
22	22
0	0
0	0
0	0
0	0
0	0
0	0
0	495
0	604
4	237
8	137
0	212
5	166
0	121
9	254
0	0
14	684
1	15
23	307
3	697
1	47
0	673
0	0
0	0
0	0
0	0
0	0
0	0
0	0
0	0
0	0
0	0
0	0
696	0
0	0
11	211
307	2098
2	2086
7	40
8	873
36	687
0	6
1	167
0	92
8	182
0	37
2	133
8	28
2	11
0	0
0	27
0	27
0	17
0	6
0	27
0	0
0	0
0	0
0	27
231	123
45	49
0	25
0	19
5	88
0	7
1	33
0	0
0	0
0	0
0	2
0	2
0	0
105	277
0	328
0	340
4	329
0	254
0	306
2	331
0	226
0	342
0	222
0	98
0	329
0	0
0	0
0	0
66	305
30	256
2	79
1	52
9	22
0	37
1	33
0	25
2	54
0	0
0	0
0	0
0	0
0	0
0	0
0	0
0	0
0	0
0	0
0	0
0	0
0	0
595	42
2	42
0	0
0	0
0	0
0	0
0	0
0	0
0	0
0	0
0	0
0	0
0	5
0	5
0	0
0	3
0	3
0	3
0	3
0	3
0	0
0	0
0	0
9	108
0	108
0	0
0	0
62	120
9	119
0	0
0	0
0	0
0	0
0	0
0	0
0	0
22	1515
0	821
1	79
1	96
1	1525
0	0
0	0
0	0
0	0
0	0
0	0
0	0
0	0
0	0
0	0
0	0
0	6
0	6
0	0
0	0
0	6
0	0
0	0
0	0
0	0
0	1
0	0
0	1
0	1
0	0
0	0
0	0
0	0
0	1
1	13
0	13
0	1
0	0
0	0
1	0
0	1
0	1
0	0
0	0
1	0
10	0
631	5335
6	5199
13	4385
23	95
17	4
0	4
0	2
0	2
2	0
0	0
0	0
0	108
0	71
105	118
0	0
0	0
0	0
0	0
0	0
0	3
20	3
1	2
1	2
0	0
14	296
3	296
0	104
1	29
11	3
0	3
0	0
0	0
0	1
0	1
0	0
0	12
0	11
0	13
0	10
51	237
0	58
1	237
43	1931
2	746
2	1351
0	522
19	258
0	630
1	302
70	5
0	0
0	0
0	0
0	0
0	2
0	2
1	383
0	201
0	391
0	380
3	180
0	100
0	16
10	1
0	0
0	0
0	0
0	0
0	0
1	88
0	80
2	92
2	40
0	83
3	87
0	16
0	15
0	23
1	4
1	34
0	32
0	10
0	10
0	86
0	74
47	56
3	56
1	7
0	5
0	0
2	2067
0	2230
28	378
3	480
2	452
0	390
59	610
16	423
164	119
244	660
0	406
4	421
0	552
0	619
0	0
0	0
0	1
0	1
0	1
0	1
0	0
3318	1970
13	0
149	1968
0	1172
11	1994
83	1995
0	256
0	1943
35	635
5	1970
0	1994
0	1611
76	1053
0	1635
0	1463
0	1236
12	380
3	523
422	389
0	350
0	26
25	27
6	4
0	0
0	1
0	2
0	2
0	1
119	20
1	3
2	0
0	16
0	0
6	3
1	2
0	2
0	2
0	0
0	5
0	2
0	0
0	16
0	18
0	18
0	1
4	1
0	0
0	0
0	4573
5	1786
7	64
10	71
34	798
23	718
4	651
55	145
1	3
53	468
11	239
3	31
35	5
0	4573
0	0
0	0
0	0
0	0
0	0
54	16
0	13
0	1
1	1
0	7
111	0
0	0
1	0
0	0
0	2
0	2
13	11
0	11
0	5
0	5
0	4
0	4
0	4
1	2
1	0
0	0
0	0
0	0
0	0
0	0
0	22
0	20
7	24
0	24
0	24
0	25
0	22
0	25
0	5
0	3
0	9
0	10
0	4
0	1
0	0
0	0
0	1
0	0
0	22
2059	2155
55	2155
7	63
6	103
0	0
0	0
0	0
0	0
0	0
0	0
0	0
0	0
0	0
2006	93
134	279
6	2657
0	22
1	116
0	198
2	106
0	179
32	144
0	138
1	128
0	67
0	69
2	0
0	0
370	0
0	0
0	1
0	1
0	1
0	1
0	1
0	0
0	0
9	1
0	1
0	0
0	0
0	0
0	186
2	203
10	240
4	139
0	199
0	197
0	5
1	5
0	1
0	9
0	9
0	0
0	8
114	1394
0	1393
16	51
0	1078
0	1226
1	0
0	92
0	10
0	53
4	25
0	35
0	56
5	41
0	56
4	2
1	7
2	17
0	53
0	56
0	56
0	147
0	134
6	130
0	65
2	114
2	114
1	97
0	0
0	0
33	162
0	148
4	47
0	13
0	14
0	22
0	32
254	104
2	30
0	62
0	38
531	301
0	86
0	297
0	38
0	0
0	0
0	0
0	0
0	0
0	0
0	0
72	70
0	149
6	21
0	23
0	181
0	64
0	127
2	0
0	17
3	32
2	5
25	31
1	1
0	0
0	0
0	0
0	0
0	0
2	63
3	62
0	19
0	0
0	0
0	0
0	0
0	0
0	0
0	0
0	0
0	0
0	0
0	0
0	0
0	0
0	0
0	0
0	0
0	0
723	1076
0	686
0	287
23	67
1	202
27	0
1	0
0	0
0	0
0	0
0	0
0	0
0	177
2	166
218	177
0	11
10	116
3	92
0	57
0	16
0	5
1	39
35	39
2	19
0	0
2	141
0	1
0	145
11	69
0	147
4	125
0	32
0	47
0	69
1	48
5	953
0	971
0	970
0	947
7	47
1	25
1	386
0	82
0	17
11	553
0	551
0	405
16	141
0	68
1	116
7	45
19	275
49	12
0	275
0	0
0	0
6	0
0	0
2	4
0	0
0	0
6	0
1	0
0	1
0	1
0	1
0	0
0	4
0	4
30	0
8	23
0	30
77	147
0	29
0	35
0	34
0	72
1	49
0	46
0	12
6	19
0	19
2	206
155	1247
7	1152
0	67
0	650
1	112
0	777
0	437
0	804
0	14
0	261
2	571
1058	182
2	2
0	180
0	42
0	4
0	59
0	0
0	19
0	2
0	61
0	0
0	133
11	9
0	28
15	47
0	1
0	76
0	133
2	6
0	112
0	127
0	114
26	33
0	25
0	11
0	26
0	30
1	14
4	1
6	347
267	386
0	356
22	57
2	91
1	40
0	86
1	67
0	40
0	41
0	35
2604	1371
118	1357
90	702
10	179
0	685
10	632
0	619
24	499
0	60
2	130
1	65
0	25
527	639
0	222
0	92
2	385
930	967
20	967
0	438
13	328
0	0
0	0
0	0
0	0
7	0
0	0
0	0
0	15
2	22
0	15
16	9
0	0
0	0
0	0
0	0
0	0
0	0
0	0
0	0
0	2679
0	2589
0	215
0	294
0	255
21	62
1	258
0	268
0	294
2	304
4	192
0	77
8	196
0	2615
0	2690
0	0
0	0
0	0
0	0
0	0
0	0
0	0
0	18
1	14
0	10
0	12
0	18
0	18
0	10
0	8
1	4
3	202
12	202
0	78
4326	1697
1	1673
2	1317
0	628
0	659
11	1148
1	1
0	0
0	0
0	23
0	23
0	18
0	12
0	0
0	23
0	449
6	431
0	450
77	140
10	141
299	144
0	144
0	9
0	9
0	0
0	0
0	0
0	1
0	195
542	529
2	529
0	386
1	284
20	115
0	116
0	109
1	108
0	19
7	19
5	19
0	15
0	0
0	0
0	0
0	0
0	0
0	0
0	0
0	0
0	0
0	0
0	0
0	0
0	0
0	0
0	0
0	0
0	0
0	0
0	0
0	0
16	0
0	0
0	0
0	0
112	2523
21	173
6	106
4	30
0	2514
0	102
26	72
0	195
0	107
0	0
0	0
0	0
0	0
977	584
0	0
0	0
0	664
1	537
0	659
6	427
0	80
0	206
0	664
2	28
5	167
5	192
21	117
0	45
0	31
5	50
0	9
0	25
2	43
0	34
1	38
0	23
0	11
181	98
0	72
6	62
6	86
4	6
0	4
0	43
0	63
0	29
0	29
0	26
0	61
0	48
0	61
0	63
0	124
0	324
0	358
2	19
29	57
0	516
2	493
0	518
0	40
8	50
0	18
14	0
165	123
6	84
1	96
0	0
0	0
3	7
0	71
0	74
0	37
0	73
0	75
0	31
0	68
0	63
0	66
0	68
0	54
0	67
0	65
5	7
0	85
0	85
0	19
0	36
0	1
0	13
0	501
0	443
0	278
0	47
3	32
0	34
1	46
0	1
0	47
1	47
0	4
775	734
11	129
0	695
0	0
28	1050
9	9
10	1050
0	0
0	0
0	0
0	0
0	0
0	0
0	0
0	0
0	3
0	28
1	27
4	2
93	1976
0	1985
3	403
1	358
2	129
0	0
0	0
0	0
0	0
0	0
0	0
0	0
0	0
0	0
0	0
1103	180
0	75
1	92
6	48
0	1423
0	1429
0	1289
0	1283
1	164
2	99
0	267
10	201
0	171
0	0
0	0
0	0
0	0
0	0
0	0
0	0
0	0
0	0
0	0
0	0
0	0
2522	0
887	361
1	30
27	155
0	266
0	222
2	63
2	43
0	16
0	9
0	16
0	1
1	1
0	2
0	0
0	0
0	0
0	0
1	7
0	10
0	10
0	5
15	0
254	0
111	8
1	0
0	0
1	2
0	1
0	1
1	0
0	0
0	0
0	0
21	316
47	349
5	386
4	130
0	151
5	103
12	17
136	771
37	769
6	282
19	278
3	16
0	0
0	0
0	0
0	0
0	0
0	0
0	0
0	0
0	0
0	2311
0	3487
0	4464
1	2894
4	8665
51	1112
4	6604
4	2790
0	6677
0	3102
0	2428
21	271
15	271
0	1
0	1
73	2
0	1857
272	1840
1	70
0	1026
0	1750
0	51
1	167
0	1611
0	1479
0	1682
0	1675
0	1693
0	1606
0	1792
0	1837
0	1016
7	98
0	0
0	0
186	277
0	277
1	30
0	32
5	957
28	854
5	895
154	940
0	84
0	132
1	121
1	115
0	0
0	0
0	0
0	0
0	0
0	0
0	0
0	0
0	0
0	0
0	0
0	0
0	13
0	10
1	9
0	8
0	4
0	1
0	5
0	8
0	0
0	0
0	0
0	0
0	0
0	0
0	0
0	0
0	0
857	0
0	0
0	0
0	0
0	0
1	0
0	0
0	0
0	0
0	4
6	4
2	565
9	92
5	548
23	4
0	60
0	69
4	18
8	57
3	27
2	157
0	46
14	17
0	15
0	562
0	1
0	1
0	1
0	0
0	1
0	77
0	382
0	382
151	521
0	405
0	306
0	381
0	325
1	447
0	173
2	0
0	56
0	0
223	3495
1	3495
224	125
0	66
3	44
0	2
0	27
3	42
0	33
0	3
0	0
0	33
0	6
0	231
0	86
0	94
7	186
0	142
5	65
2	25
17	126
25	212
4	196
0	62
27	9
10	73
0	0
0	0
1	0
4	9
0	0
0	0
0	4
0	9
0	0
1	7
5	7
0	0
0	0
0	2
0	0
0	0
0	0
0	0
0	0
32	0
623	0
0	0
0	298
0	278
0	94
5	24
0	51
0	44
0	27
4	11
3	570
55	570
0	0
1	0
0	0
0	0
0	0
0	0
0	0
0	0
0	0
0	0
0	0
0	13
0	31
12	31
0	12
0	4
0	0
0	0
0	4
0	380
1359	380
14	208
0	0
0	0
0	0
238	0
1	4
0	4
0	3
0	2
0	2
0	0
0	0
0	0
0	0
0	0
0	0
0	0
0	0
0	0
0	9
0	116
0	0
0	21
0	0
6	136
0	108
0	106
1	22
0	6
0	8
0	71
0	1
0	134
0	0
0	0
0	0
0	0
0	124
2	105
0	37
46	124
0	0
0	0
0	0
0	0
0	4
0	5
0	4
0	3
0	1
0	0
0	0
0	0
0	0
0	0
0	0
0	0
0	0
0	0
0	0
0	0
0	0
0	0
1285	0
131	172
0	177
0	174
0	127
0	49
0	31
1	26
0	0
0	0
0	0
0	0
0	0
0	0
0	0
0	0
0	0
0	0
0	37
0	51
0	0
0	57
0	44
0	53
0	0
0	0
0	0
0	0
0	0
0	0
0	0
854	166
206	166
0	90
2	6
0	7
0	23
2	93
0	0
0	0
49	0
17	546
0	86
0	398
6	163
2	92
3	54
0	0
0	0
0	293
0	327
0	300
0	263
0	223
0	293
4	290
0	231
8	258
0	236
0	97
0	80
8	4
0	31
29	7
0	0
0	0
0	0
0	0
0	0
41	45
1	45
0	0
0	0
0	312
0	317
0	299
0	295
1	31
4	252
21	0
24	244
0	6
1	1
18	94
1	30
1	19
0	79
2	43
0	352
0	325
1	8
0	4
0	4
2	0
0	0
0	201
10	202
2	141
0	38
0	21
0	0
0	0
0	0
0	0
0	0
1	26
0	96
91	310
3	123
2	70
0	299
1	57
0	0
0	0
0	0
0	219
0	210
0	212
0	203
3	63
5	193
0	213
0	198
0	16
3	15
0	25
4	7
2	45
119	111
0	21
5	17
0	29
5	20
2	33
0	47
0	0
0	0
0	0
0	0
0	0
0	0
0	0
0	0
0	0
0	1
0	2
0	2
0	0
0	0
0	0
0	0
20	5425
0	4793
57	2025
1	684
5	206
1	5401
0	5236
3	0
15	46
0	46
0	0
0	0
7	0
9	32
5	32
0	204
0	197
0	201
0	201
1	46
0	21
3	23
4	8
0	13
30	54
0	15
0	9
0	1
0	156
7	149
0	150
2	153
0	0
436	196
0	196
1	2532
11	2367
22	2445
16	2370
1	476
0	366
23	124
0	392
0	2083
0	0
5	7
0	0
0	0
0	0
0	0
0	0
0	0
0	0
0	0
0	0
8	124
1	105
11	70
3	9
1	6
0	6
58	143
0	12
0	143
0	50
0	5
0	5
0	0
0	0
0	0
0	0
0	0
0	0
1	2
0	2
0	2
0	0
5	110
0	106
0	93
0	90
0	90
0	90
1	37
0	15
0	110
0	0
0	0
0	0
0	0
8	25
0	1
0	5
0	8
0	8
1	0
0	4
0	4
2	17
2	0
0	21
0	0
0	0
0	0
0	0
139	24
18	27
0	9
2	11
0	0
0	0
0	0
0	0
0	2
0	209
0	250
0	252
0	125
0	62
0	87
0	51
45	24
20	0
0	9
0	3
0	11
0	11
0	0
0	0
1	0
0	0
1	0
0	0
0	0
0	0
0	0
0	0
19	304
20	298
0	21
2	41
0	89
0	38
4	23
3	41
18	2
1	53
0	44
0	56
78	64
7	407
0	213
0	152
5	7
0	8
2	249
0	28
782	28
1	1079
20	1017
2	1020
0	843
0	1081
0	1058
0	1044
0	1025
0	159
0	42
2	814
3	0
0	142
0	32
0	169
1	317
4	0
0	64
0	87
0	99
0	95
13	62
0	105
0	67
0	77
9	0
0	1102
0	1046
729	428
9	314
10	111
4	1
0	1
0	0
0	0
0	0
0	0
0	319
1	239
7	82
1	42
1	98
3	96
0	53
0	51
0	55
19	4
3	9
3	91
3	116
8	77
0	1
0	1
0	0
0	1
0	1
0	209
0	26
0	163
675	245
31	91
394	334
0	237
3	231
2	270
994	0
0	0
0	0
0	0
2	27
1087	27
3	3
0	0
0	3
0	0
0	48
3	135
0	19
3	20
0	135
0	0
0	0
0	0
89	0
49	569
15	31
4	478
0	47
1	26
0	286
0	208
7	478
3	363
4	478
111	193
1	130
0	27
0	14
1	1
0	11
7	52
0	0
0	0
37	11
0	6
0	0
0	0
0	0
0	0
0	0
0	0
0	0
0	0
0	3
0	3
0	0
0	3
0	3
0	5
0	0
0	1
0	3
0	5
260	51
0	38
1	15
3	33
0	36
312	116
5	101
6	76
0	0
0	0
0	0
0	0
0	0
0	0
0	0
0	0
0	0
0	0
25	244
0	32
3	206
3	10
1	198
3	34
0	69
3	63
1	13
2	15
0	0
0	0
0	0
0	0
0	0
0	0
0	0
0	0
0	0
117	0
12	230
0	69
0	7
0	230
1	20
0	20
2	5
0	4
0	0
0	0
0	0
1	21
196	245
22	182
1	130
0	0
0	0
0	0
0	0
0	0
0	0
0	2
0	0
0	0
0	2
0	2
0	2
0	0
0	1
0	424
826	642
4	217
0	107
0	0
0	0
2	0
3	0
0	0
3	375
6	68
0	375
0	0
2	0
0	0
0	0
128	97
60	30
0	78
0	19
5	19
0	12
6	26
1	23
6	22
0	17
0	0
0	0
0	0
0	0
0	0
28	6000
30	5177
4	5938
25	5656
987	526
21	0
0	526
0	10
48	9
631	292
25	193
1	261
0	178
4	0
0	1830
0	1823
1	183
6	49
0	276
0	105
4	105
0	6
1	2
0	4
0	6
1	0
0	0
0	0
0	0
0	0
0	0
14	397
4	170
55	360
0	198
0	35
182	179
3	56
0	0
0	0
1	273
7	267
25	299
2	294
0	291
0	303
2	62
0	52
10	7
0	120
0	75
2	83
0	79
1	622
0	493
165	355
0	501
0	0
0	457
45	0
0	0
0	0
0	0
0	0
151	154
6	154
1	17
0	0
0	0
0	0
0	157
0	423
0	418
2	345
3	382
0	343
0	59
1	279
0	295
0	102
0	304
2	47
4	8
8	55
0	401
602	582
8	305
0	151
0	5
7	68
0	154
0	149
0	0
0	0
0	0
0	0
0	0
0	0
0	0
0	0
0	0
0	0
0	0
16	280
11	0
4	3
0	73
0	209
0	0
0	0
0	0
0	0
0	0
0	0
0	0
3	9
0	0
0	0
0	9
0	0
0	0
0	0
0	0
80	37
1	37
0	0
0	0
0	0
0	0
0	0
0	0
0	0
0	0
0	0
0	0
0	0
0	0
0	0
0	0
0	0
0	0
0	0
0	0
0	0
0	0
0	0
0	0
0	0
0	0
0	0
0	0
0	0
0	0
0	0
0	0
0	0
0	0
0	0
0	0
5	5087
161	5006
0	1605
15	175
4	522
0	284
4	256
0	235
0	9
0	3
2	1
0	6
0	1
28	497
53	1330
3	1275
80	785
2	116
95	668
1	229
66	97
53	81
3	128
16	33
0	41
3	42
0	15
0	6
1	2
0	0
2	1
0	0
20	204
342	471
31	471
0	0
0	0
8	2245
0	2350
5	1598
0	0
0	0
0	0
0	0
0	0
0	3
0	6
0	6
0	4
0	6
0	4
0	4
0	6
0	0
0	0
0	0
0	0
0	0
194	268
1	42
2	241
1	50
0	12
134	0
91	0
0	1
0	1
0	1
0	1
0	1
0	1
0	1
0	1
1283	794
0	228
9	272
1	465
6	332
1480	1853
1	1489
0	364
0	0
0	0
0	0
0	0
0	0
0	0
0	0
0	0
0	0
0	0
1	0
0	0
13	3180
9	2952
1	900
3	123
0	0
0	0
0	0
0	0
0	0
0	0
0	0
35	694
8	691
3	106
68	1
4	673
12	673
698	0
0	0
0	0
0	0
0	0
162	821
0	143
4	126
0	529
0	542
1	542
0	3260
8	3145
0	3260
0	0
0	0
26	0
7	483
40	483
247	483
28	318
55	15
0	0
2	1
0	1
0	0
0	0
4	278
50	278
16	6920
2	6920
14	6102
3	548
9	2371
46	85
10	1021
0	31
173	44
2	33
20	0
13425	0
0	0
0	0
0	0
0	0
0	0
0	0
0	0
0	0
0	0
0	0
0	0
0	0
0	0
0	0
0	0
0	0
0	9
8	0
0	0
0	0
0	0
0	0
0	0
0	0
531	129
1	129
0	11
0	10
0	2
7	3221
37	2225
17	77
0	0
1	0
0	9
49	496
0	447
0	48
6	49
1	10
98	28
0	30
11	16
2	9
8	1
1	11
0	1
32	13
0	9
0	12
0	6
0	3
30	35
0	35
0	34
1	33
0	13
0	9
0	17
527	93
0	15
12	26
3	8
0	30
0	4
0	4
0	4
0	0
0	0
0	0
0	0
0	0
0	0
0	0
0	0
0	0
0	0
0	0
1100	15
6	0
0	63
5	90
0	60
0	90
6	4
0	15
11	24
0	24
0	13
6	8
0	8
0	0
1	390
4	202
0	408
0	181
1	257
2	57
0	0
0	0
0	130
0	138
0	105
24	126
0	79
0	34
8	111
20	100
0	47
0	28
0	15
0	35
20	56
0	57
0	27
1	22
0	23
16	27
0	34
0	42
0	10
0	0
0	12
0	3
3	12
1	26
1	9
0	6
0	57
0	0
0	0
0	0
0	181
0	0
0	0
0	0
0	0
0	0
0	0
0	0
0	0
0	0
0	0
0	0
0	0
25	303
2	152
13	260
0	88
0	76
0	26
3	43
2	19
0	69
0	40
0	75
0	45
0	44
0	28
0	37
0	20
1	6
0	0
0	0
0	0
0	0
0	0
0	0
0	1
0	0
0	0
0	1
0	0
0	1
0	0
0	0
75	76
14	22
0	54
0	0
0	0
30	0
7	221
1	13
4	199
2	220
0	0
0	345
0	351
0	220
0	223
13	15
0	5
0	8
0	217
0	0
0	0
0	0
6	0
11	121
1	85
0	485
0	552
1	354
0	1769
0	114
17	1055
0	19
0	359
0	43
0	55
17	549
0	534
0	527
0	64
7	22
3	15
9	166
6	64
2	50
14	12
0	1780
0	0
0	0
0	0
0	0
0	0
0	0
0	0
0	0
0	0
0	0
0	0
0	0
0	0
0	0
0	0
418	234
26	52
16	19
0	77
2	123
0	0
0	0
0	0
0	0
0	0
3	727
27	162
3	315
0	244
0	331
0	306
6	513
6	199
0	13
0	55
0	56
4	74
0	7
711	1197
2	704
1	912
0	310
0	742
6	205
0	0
4844	1356
0	850
0	506
0	0
0	0
0	0
1	5
0	0
0	1
0	1
0	5
0	1
0	0
0	1
0	0
0	0
0	0
33	71
13	30
0	22
134	230
27	3879
15	181
22	208
30	1900
0	3844
82	785
0	3022
46	94
1	675
127	37
0	1457
15	112
0	3907
0	0
0	0
0	0
0	0
0	0
0	0
0	0
0	0
0	0
0	0
0	0
0	0
2	0
0	0
1	75
73	261
0	261
6	48
25	502
0	395
0	500
0	261
0	453
3	179
45	258
40	230
0	468
0	0
0	0
0	0
0	0
0	0
0	0
0	0
0	0
0	0
0	1
0	0
0	1
0	0
0	0
0	694
0	15
4	525
0	422
4	404
0	525
0	56
4	5
0	20
0	326
7	30
5	59
0	41
0	33
0	694
0	530
0	525
0	0
0	0
0	0
0	0
0	0
0	0
0	0
0	1265
0	3112
0	1226
0	3021
0	3024
0	1428
0	2962
2	636
0	699
0	682
0	1301
0	2751
0	1102
1	700
0	1252
0	2877
0	1102
17	295
0	295
0	91
0	15
0	9
3	19
0	9
0	53
1	13
0	60
1	3
0	60
1	45
0	8
33	8
3	0
0	0
14	1876
59	1876
0	37
42	41
0	53
0	76
1	33
0	27
0	27
0	522
0	630
0	720
0	1521
44	1736
17	215
4	637
0	0
0	200
52	1999
750	2928
0	2160
130	24
0	466
0	0
0	121
1	137
0	239
0	191
10	482
39	280
0	1046
25	1055
2	158
0	37
0	1024
136	144
3	100
6	41
0	25
0	25
5	25
0	2
0	288
0	36
289	286
0	53
0	48
0	17
0	3
0	3
0	0
0	0
0	0
0	0
0	10
0	12
0	11
0	5
0	3
0	2
0	2
358	407
18	268
11	2
33	4
0	351
1	29
12	6
16	0
226	105
0	56
3	13
4	1
0	35
14	317
0	10
0	317
0	6
0	20
0	35
0	9
1	44
39	211
0	200
19	188
1	27
0	24
23	17
2	37
14	33
4	10
0	791
0	693
45	7922
5	981
64	7341
1	3688
0	4190
0	7208
0	7900
0	7928
7	9974
0	9868
0	1678
2	683
0	973
0	515
0	626
0	0
58	306
107	268
0	158
0	95
47	85
0	3
1	3
2	3
0	0
0	0
0	0
0	232
9	224
2	0
0	40
0	49
0	0
340	1110
4	739
0	319
0	355
3	371
170	488
1	488
7	529
50	127
1	315
0	285
0	28
0	0
0	0
0	0
0	0
0	0
0	0
33	0
0	0
36	948
0	90
0	49
0	91
0	78
1	114
4	159
4	313
15	105
154	139
3	139
0	45
0	948
3	124
4	124
11	10
0	0
0	10
0	0
0	0
0	291
0	237
0	288
0	159
7	54
4	5
1	52
1	6
0	35
0	50
0	3
4	26
0	22
1	0
3	0
0	0
0	47
0	49
0	29
0	49
0	38
0	40
0	23
3	0
0	0
0	0
0	0
258	536
41	301
1	502
1	27
9	113
3	70
0	54
2	200
0	68
0	0
0	4
0	0
0	0
1	4
0	4
0	0
0	3
0	3
1	3
0	0
1	3
0	3
0	0
0	2
0	1
0	2
0	40
0	103
459	133
0	1
5	30
0	0
0	8
6	8
0	3
0	0
0	58
0	178
0	178
0	58
0	93
0	178
0	93
7	178
0	183
14	63
0	165
0	63
0	67
0	0
0	0
1	0
4	0
0	0
0	0
0	0
0	0
0	0
0	0
0	0
80	120
7	120
0	3
0	67
0	1954
0	1948
3	1598
0	1335
20	152
0	148
0	0
0	13
0	0
0	0
6	12
0	8
0	7
0	12
0	0
0	8
0	6
0	5
0	0
0	1
0	0
0	0
0	0
0	0
0	0
0	0
0	0
0	0
0	0
0	0
0	0
0	0
204	455
1	447
0	458
45	61
0	457
0	371
0	6
0	95
0	95
0	94
0	0
0	0
0	0
2	0
0	0
0	1
0	1
62	0
0	0
0	0
0	0
0	1
0	1
0	0
0	0
0	1
18	21
0	21
3	12
1	3
2	492
3	521
2	477
0	0
54	675
2	616
1	671
5	128
0	43
0	84
5	168
0	57
0	0
0	0
14	4
0	0
0	0
1	2
0	2
0	0
0	13
0	0
0	3
6	13
0	2
0	1
0	9
44	514
0	74
0	514
0	0
0	0
0	0
0	1
0	1
0	1
0	1
0	2
0	2
0	2
0	2
0	2
0	2
0	2
0	0
0	1
0	1
461	223
109	181
1	114
0	205
0	0
0	0
2	1
0	1
0	0
0	0
0	0
0	0
0	0
13	408
12	85
0	99
0	64
2	38
0	456
359	1221
0	1164
1	1142
3	188
2	96
4	159
0	38
0	45
16	108
0	123
7	36
1	56
1	60
7	0
17	120
0	99
0	0
18	470
3	473
0	131
6	77
0	165
0	126
1	6
0	0
0	0
0	0
0	0
0	0
0	0
0	0
0	0
0	53
407	53
43	8
0	0
0	0
0	8
3	6
0	5
0	3
0	0
0	0
0	0
0	0
0	0
0	0
0	0
0	0
0	0
0	0
36	0
0	0
19	25
0	1
0	0
0	0
0	0
0	0
0	86
0	86
0	4
0	0
0	0
0	0
0	0
0	0
0	0
0	0
0	0
0	0
0	0
0	179
0	94
0	150
0	6
4	0
9	57
0	188
12	1102
0	1260
0	898
0	1291
0	1122
0	553
0	347
29	402
11	176
6	37
35	0
0	0
0	35
11	1
0	28
0	28
3	24
0	24
4	21
0	2
0	0
0	0
0	0
0	0
0	0
0	0
0	0
0	0
0	0
0	0
0	0
0	0
0	0
251	1153
1	1134
0	1159
1	1159
0	631
8	229
8	178
0	198
0	132
2	126
0	71
0	61
0	1158
0	0
0	0
0	0
0	0
32	292
1	133
25	0
0	262
3	45
0	61
4	40
4	23
0	0
0	0
0	0
18	69
0	50
0	59
0	53
0	0
1	59
0	8
0	0
0	0
0	0
0	0
0	0
0	0
0	0
0	0
0	0
0	0
0	0
0	0
0	0
0	175
5	175
11	144
1	145
8	56
0	3
0	60
0	121
231	310
71	49
14	256
24	54
0	313
27	498
54	197
0	194
0	194
0	117
0	12
0	3
0	6
0	7
5	7
0	6
0	0
0	0
0	0
0	0
0	0
0	0
0	0
0	0
0	0
0	6
0	209
0	203
0	27
0	0
1	182
1	45
0	5
0	100
1	88
26	1681
11	1681
53	472
84	68
0	82
1	0
0	0
217	17
4	17
0	0
0	2107
0	361
0	400
0	131
0	155
4	191
94	27
0	2103
0	1450
0	1372
0	1413
0	2143
0	2078
3	1448
0	1045
0	1728
4	284
7	139
0	305
27	442
19	170
78	445
0	300
0	217
0	80
5	66
5	62
35	168
0	105
7	153
3	257
59	65
1	40
0	1449
1	2
0	2
13	476
1	432
0	59
13	0
0	0
0	2
0	0
0	1
0	1
0	3
3	29
0	27
1	13
0	5
0	19
3	19
0	9
0	3
0	2
1	1
4	39
0	39
1	39
0	35
0	4
0	0
0	0
0	0
0	0
0	0
0	0
0	0
683	944
0	944
17	396
8	407
0	343
0	0
0	170
3	185
1	203
0	203
0	202
3	188
0	380
0	374
10	57
2	221
20	81
3	372
1	63
47	1
0	74
0	73
0	25
0	46
0	0
0	36
104	179
0	17
0	162
16	64
69	0
0	41
0	0
0	0
0	0
0	43
0	50
0	45
0	45
0	20
0	20
0	16
14	19
0	27
0	20
0	11
0	15
0	14
0	2
0	41
129	215
3	35
51	0
0	206
0	0
6	14
0	14
3	3960
26	1367
0	511
21	173
21	455
18	2242
0	229
119	967
1	98
17	245
6	54
0	87
16	63
0	95
0	38
19	14
0	14
19	0
0	688
0	655
0	732
0	594
0	124
0	624
11	260
6	156
0	335
0	288
0	223
0	227
0	113
0	47
0	0
0	1196
1	557
0	707
0	420
0	4
46	343
0	0
28	0
35	60
20	0
47	1
0	59
1307	56
2	56
0	0
0	0
0	4
0	10
0	3
0	7
1	3
0	9
0	2
0	2
0	2
0	9
0	9
0	0
0	1
0	1
0	1
0	3
0	3
1	3
0	3
0	2
0	0
0	0
0	0
0	0
0	0
0	0
0	0
0	0
0	0
0	0
2	0
0	7
0	7
0	0
225	835
34	630
0	301
0	213
0	121
11	7
3	7
0	1
0	4
0	5
15	568
0	393
0	549
90	651
3	646
0	473
15	1
0	128
60	115
1	67
0	381
0	640
0	361
41	160
30	136
0	67
0	111
1	106
3	47
6	9
0	642
0	471
15	470
0	34
0	72
0	105
0	69
1	0
3	140
7	92
0	86
0	5
0	5
0	4
0	0
0	0
0	248
6	248
0	241
0	90
0	50
4	0
0	0
0	4
0	4
0	4
0	0
2	0
0	0
27	38
3	38
0	0
0	0
0	0
0	3
22	3
0	0
1	10
0	3
0	7
1	1
0	0
0	0
0	10
0	0
0	0
0	0
0	0
0	0
0	0
737	828
9	385
0	510
0	0
0	0
0	0
0	0
0	0
0	0
0	0
0	0
0	0
0	0
7	66
1	66
0	1
0	4
167	31
7	31
0	0
2	42
14	42
0	4
564	5332
16	5308
12	3787
0	3
0	28
0	397
0	20
0	212
0	162
2	79
28	82
24	15
15	38
1	397
43	37
2	24
0	1
0	14
73	0
0	5
0	7
0	36
1	37
1	33
0	37
1	2
0	13
0	15
0	3
0	0
7	92
0	96
0	96
0	71
0	20
0	5
3	11
0	718
250	666
1	121
0	35
0	95
0	584
0	429
0	426
0	221
0	204
0	305
0	321
0	294
0	50
2	52
0	179
0	203
0	95
0	95
3	35
0	20
0	27
0	22
0	24
1	25
2	12
0	12
2	8
0	160
0	120
51	160
0	370
0	467
52	437
3	114
0	0
0	0
19	242
1	94
2	211
3	179
0	86
0	98
0	100
0	76
0	399
66	338
0	112
0	188
32	0
1	17
0	23
0	9
1004	0
6	665
0	656
0	220
1	65
0	167
0	160
1	108
3	11
0	23
10	130
14	84
0	88
11	119
0	0
150	255
0	216
0	29
0	93
900	660
19	660
0	7
0	0
0	14
0	14
0	15
0	30
0	2
0	2
0	3
0	2
0	2
0	2
0	2
0	3
0	2
0	2
0	1
0	1
0	0
0	0
1	0
0	0
0	0
1	1
8	505
0	489
0	174
13	120
0	37
2	127
0	34
0	70
1	28
0	15
66	0
2	2
0	1
0	0
0	1
654	64
1	6
0	0
0	0
0	9
0	9
0	9
0	16
1	16
0	11
45	6
0	0
0	0
0	0
0	84
0	72
0	68
1	37
0	38
0	38
0	37
1	26
0	84
0	15
0	60
1	62
0	13
3	0
0	27
0	13
1	18
0	16
0	7
0	13
0	13
0	5
0	63
0	55
160	202
0	202
1	21
4	94
2	3
0	3
0	1
0	1
3	556
0	269
0	557
3	382
0	203
1	277
26	22
2	0
0	0
0	0
0	1
0	0
1	41
4	8
0	41
2	14
0	8
3	2
0	0
0	0
119	201
0	0
0	0
0	0
0	0
0	0
0	0
0	31
0	98
0	80
0	94
3	55
1	87
0	53
0	1
0	1
0	1
0	1
0	1
0	1
1	0
0	4
171	20
0	20
0	0
0	0
0	0
0	127
32	128
0	13
1	13
0	645
3	146
0	632
0	655
0	594
0	498
0	439
0	459
0	129
1	107
1	93
6	48
4	150
1	26
0	74
3	0
0	591
0	626
0	495
0	0
0	0
0	0
0	0
0	0
1	0
0	0
0	0
0	0
0	0
0	0
0	0
0	0
0	0
0	0
0	0
0	0
0	0
0	0
0	0
0	26
0	0
0	26
0	17
0	16
0	3
0	12
0	12
0	18
0	4
0	3
0	0
2025	699
0	58
24	371
2	177
2	166
5	49
0	79
0	362
3	93
16	46
12	63
26	128
1	125
2	25
0	8
1	0
0	30
214	677
0	251
0	84
65	0
2	444
0	13
0	39
3	0
1	150
26	0
8	233
0	0
24	165
8	73
0	160
0	34
3	10
0	5
2	1
28	430
2	294
11	422
0	161
0	13
0	6
2	10
0	2
0	305
22	305
1	49
0	14
0	44
0	43
22	44
0	34
1	11
0	0
7	0
1	17
4	24
2	0
1	119
0	119
26	38
5	25
1	38
0	28
0	18
3	32
0	32
2	113
0	113
0	1
5	7
31	3
9	0
0	0
0	0
0	0
0	0
0	0
0	0
0	2
249	250
0	113
140	176
1	147
4	90
7	24
0	24
0	0
0	0
0	2
0	0
0	0
0	0
0	0
4	2024
2	992
0	2012
0	1609
2	205
0	235
1	282
17	221
14	200
89	81
1	206
0	0
0	0
0	0
0	0
0	0
0	0
0	54
0	1
0	1
5	252
0	206
357	260
0	75
2	8
0	0
0	0
2	0
0	121
6	65
0	365
1	0
0	433
1	39
0	111
0	403
0	0
0	0
0	0
0	0
108	842
9	842
6	844
0	280
4	160
2	56
117	1
25	1
0	11
0	10
0	1
0	8
0	1
1	0
0	3
0	0
0	0
0	0
0	0
0	0
0	0
0	4
0	0
0	0
1	3
0	4
0	0
1	392
0	488
0	97
0	454
3	0
0	0
0	0
0	3082
5	2574
21	843
2	66
8	99
6	3021
1	0
0	0
979	0
0	0
0	0
0	0
29	40
3	19
0	12
0	14
0	0
0	0
0	10
0	7
0	8
0	3
0	6
0	2
0	1
0	2
0	2
0	1
0	1
0	0
1	0
0	0
0	7
78	242
1	236
0	114
0	74
0	70
0	34
0	3
0	3
0	4
0	4
0	4
0	4
0	0
0	0
1	21
0	0
0	9
0	21
0	0
0	0
30	932
107	35
3	151
3	46
0	692
1	47
0	64
2	361
0	0
0	0
0	0
0	0
17	0
397	4
2	4
0	0
0	0
0	0
0	0
0	0
57	169
6	24
3	19
0	145
0	0
0	0
0	0
0	59
0	48
106	832
3	1468
4	836
0	248
5	835
1	75
8	1446
6	160
0	1465
0	29
0	0
0	0
0	3
1	3
0	0
6	3044
4	2667
45	1346
24	1184
0	1812
20	330
7	355
0	0
0	0
310	1028
2	944
2	368
9	151
7	135
0	61
0	134
300	34
0	34
0	296
0	322
0	329
0	191
0	313
6	266
0	76
4	167
0	70
0	63
0	94
2	81
1	27
0	1
2	54
14	0
0	24
0	296
0	0
141	2302
5	2303
22	1050
1	466
0	393
2	94
6	1
0	0
0	0
0	0
0	0
0	0
350	2508
2	2508
2	423
0	639
1	276
0	206
0	24
0	35
13	19
36	17
0	631
0	0
0	0
1	6
0	6
0	2
20	0
0	0
4	143
1	143
2	45
3	121
5	12
0	11
0	138
20	1
19	31
0	31
0	2
3	2
0	1
0	0
0	0
0	0
0	0
0	0
0	0
0	0
4	379
0	41
1	379
1	2064
0	241
0	241
0	201
27	939
4	143
1	2048
0	48
34	184
0	453
15	459
0	66
5	0
22	237
0	50
0	3
0	2
0	3
38	228
0	228
12	191
21	177
2	189
0	0
0	0
0	0
0	0
0	0
0	0
471	504
59	292
12	206
0	0
0	0
0	0
0	0
0	0
37	58
4	58
0	16
0	1
5	0
0	1
0	605
1	622
0	446
0	270
1	263
1	71
0	0
0	0
0	0
0	0
0	0
0	0
0	0
0	1
0	2
0	2
0	3
0	1
0	0
0	0
0	4
0	0
0	0
0	0
0	0
6	244
0	364
0	364
0	24
3	10
0	38
4	0
0	0
0	0
0	0
3412	90
5	0
0	0
0	0
0	7788
511	8350
159	5914
2153	8197
0	8734
120	7836
0	7968
7	8322
3	43
2	7265
42	2067
6	7877
41	61
2	14
0	57
36	3
7106	795
79	659
1422	248
10	248
7	86
0	2
0	2
0	0
0	1
0	0
0	1
0	2
56	120
0	15
0	7
0	7
0	21
0	38
0	26
4	100
11	65
0	81
1	435
2	613
0	100
0	88
0	613
0	16
2	605
3	172
1	534
0	472
9	380
0	560
0	191
5	67
0	436
0	594
0	94
2	1
0	1
0	0
13	48
251	389
0	372
44	215
0	8
58	8
0	0
0	0
13	1
0	1
0	0
0	0
0	0
0	0
9	119
0	119
3	0
0	0
0	4
0	23
9	107
0	90
0	156
0	173
0	111
2	37
2	36
0	0
0	0
44	0
0	0
0	0
0	18
5	18
0	16
0	16
0	12
0	13
0	2
0	2
1	1
0	1
33	1
0	162
0	141
0	34
11	76
2	7
0	59
0	46
2	7
3	44
1	108
2	59
3	0
9	15
0	162
52	67
0	41
2	11
1	30
0	16
14	0
0	293
0	289
0	307
0	288
7	219
0	278
0	274
0	92
0	147
0	124
0	27
0	100
0	51
0	59
4	11
0	54
0	56
1	0
0	44
0	45
0	35
0	21
0	39
0	5
0	21
8	0
1345	0
1	0
0	671
0	642
4	91
1	89
1	77
6	11
0	39
0	60
2	12
0	1
0	6
0	7
0	2
0	2
0	2
0	1
0	0
0	0
11	535
0	607
1	56
2	608
22	214
1	214
0	43
0	0
0	0
0	0
0	0
0	0
0	0
598	809
0	157
0	62
10	78
5	408
1	286
5	1838
0	156
0	156
0	0
0	0
0	0
0	0
0	0
0	0
0	0
0	0
0	0
0	0
0	0
0	0
0	0
0	0
2187	1718
0	1710
6	1402
0	851
0	476
0	360
101	614
0	465
0	354
0	318
35	0
0	43
0	41
0	41
0	40
2	40
0	21
0	12
0	9
0	0
0	0
0	0
0	0
0	0
0	0
0	0
236	254
0	230
3	23
25	0
82	0
85	39
1	39
0	30
0	23
0	20
0	12
0	15
0	14
0	6
84	1879
12	1647
83	1820
0	367
0	152
0	554
2	194
0	166
0	157
0	0
0	0
0	0
0	0
0	0
0	0
0	0
0	0
0	0
0	0
0	29
0	29
0	4
0	17
0	34
0	9
0	9
1	2
0	8
0	13
0	0
22	25
0	9
2	16
112	185
0	5
2	93
3	156
0	0
0	0
29	266
0	226
0	60
0	49
50	129
0	13
0	42
0	15
0	30
0	31
1	18
0	35
0	13
360	373
0	373
11	7
0	0
33	1
0	2
0	3
7	0
0	0
0	3
0	0
1	0
0	3
0	0
0	0
334	60
1	1
0	56
0	0
0	10
2	383
4	383
2	49
0	60
0	0
6	254
0	241
0	115
0	7
9	99
0	23
0	8
55	7
0	0
0	0
0	47
0	352
0	198
0	91
11	326
0	36
0	352
0	0
0	1
0	1
0	0
0	8
0	29
0	29
0	14
0	29
0	27
4	11
0	3
0	15
0	12
10	4
0	5
79	128
4	87
8	142
0	126
0	104
0	14
0	106
6	118
0	0
1	1
0	0
0	1
0	22
0	22
0	2
0	0
0	0
0	0
537	342
10	62
0	83
52	161
1	73
0	1
0	0
0	0
0	0
0	0
0	0
87	209
4	357
0	145
3	7
24	148
0	1
0	0
1566	566
0	248
34	250
5	254
0	112
0	122
84	166
1	6784
0	6549
0	5491
0	5966
8	6617
0	5763
0	6450
168	602
54	5
2	1218
0	1030
0	835
9	1227
0	4287
15	405
5	277
7	708
23	130
0	0
5	1368
0	58
5	1181
10	364
28	15
0	216
4	219
0	381
0	350
0	133
2	646
0	211
66	223
0	179
0	49
1	127
0	210
0	0
0	0
0	0
0	0
0	0
0	0
0	0
0	0
0	0
0	0
0	0
0	0
23	152
0	84
0	22
7	97
8	79
0	0
0	0
0	0
416	642
0	585
1	43
0	412
4	77
3	594
943	636
0	296
0	607
38	688
61	629
2	588
0	120
0	237
7	234
0	3
0	234
0	232
26	230
15	3
5	229
30	230
8	69
70	10
0	207
2	60
0	211
0	256
68	264
0	44
0	73
1	29
0	119
0	203
3	378
4	380
1	49
1	132
3	0
0	0
0	0
0	0
11	403
2	425
20	359
0	381
0	48
1	97
0	51
31	11
0	383
1	383
13	383
1	191
0	0
0	0
0	0
0	1
0	1
0	1
0	0
0	1
2	1
72	1548
38	759
50	415
6	860
131	445
0	21
1	299
0	302
0	128
0	61
2	31
21	33
0	34
0	0
0	0
0	0
0	0
0	0
0	0
0	0
1	0
0	0
0	0
0	0
0	0
0	0
0	0
0	8
0	8
0	8
8	54
274	178
11	44
14	37
5	144
0	103
79	248
5	243
0	231
0	211
2	0
0	6
0	6
0	6
0	6
0	0
17	21
0	6
1	0
0	15
0	3
0	2
0	2
71	66
1	66
0	0
0	0
0	0
0	0
0	0
0	0
0	0
4143	291
6	290
78	152
0	52
0	98
1	109
4	34
2	40
0	17
0	38
0	41
14	16
0	0
0	0
0	0
0	0
11	0
4	695
3	695
170	58
0	57
1	32
4	32
3	20
1	20
0	19
0	0
849	0
1	1
0	1
0	0
0	1
0	0
0	1
0	0
0	0
1	46
0	28
0	45
0	27
0	29
0	13
0	7
0	5
0	0
23108	0
2	0
0	0
17	59
0	59
1	9
0	0
0	0
0	0
0	0
0	0
0	117
1	418
0	11
0	57
0	175
14	161
0	177
0	5
9	84
0	392
25	422
1	393
0	52
0	90
1	0
1	85
161	199
4	169
0	141
3	28
226	202
1	105
0	567
0	1073
0	290
0	66
2	5
15	16
9	249
0	37
169	79
0	108
0	479
0	502
0	57
0	36
71	463
0	419
7	35
0	0
23	0
3	10
3	9
386	203
1	31
2	67
0	79
0	79
0	4
0	8
7	5
357	1102
30	1
54	25
40	237
0	144
2	1030
0	171
3	289
0	0
0	0
0	0
0	0
0	0
0	0
0	0
21	462
0	378
0	462
0	456
0	454
0	399
1	110
4	58
0	50
1	39
24	28
0	24
0	24
0	249
15	1651
0	1157
0	540
0	109
0	71
55	0
0	664
1	617
0	94
0	123
16	45
8	353
3	98
0	1452
0	1465
0	1
0	1
0	1
0	0
0	0
0	0
0	0
0	0
0	0
0	0
0	0
0	0
0	0
0	0
0	0
0	0
0	0
0	0
0	0
0	0
0	0
0	0
20	13
1	10
0	7
3	0
0	0
0	3
0	0
0	0
0	0
0	0
0	0
0	0
0	0
0	0
0	0
0	0
0	0
0	0
0	0
0	0
3	9
0	0
0	0
0	0
0	0
0	0
0	0
0	0
0	0
0	0
0	0
0	0
0	0
0	0
201	975
5	698
3	357
178	473
2	421
1	119
2	89
0	0
0	0
0	0
0	0
0	0
0	0
0	184
6	184
3	118
2	95
0	73
1	85
2	35
0	8
0	0
0	0
297	393
4	226
17	2
0	2
0	2
0	7
0	7
0	7
4	0
0	19
1	19
0	20
0	1
0	7
0	7
0	0
0	4
0	7
0	7
0	2
0	1
0	0
25	129
10	136
0	17
10	64
6	35
0	22
2	15
2	21
0	209
0	192
0	61
1	66
0	83
6	117
0	54
97	111
2	97
2	52
0	26
1	0
0	0
0	0
0	0
0	0
1	103
0	68
0	96
0	106
1	92
0	51
6	24
2	1
0	0
0	0
0	0
0	163
0	178
6	185
112	182
0	58
250	1034
35	905
2	295
8	78
0	42
8	702
30	139
0	179
5	3
0	0
252	8
0	8
18	250
0	214
3	65
0	0
0	0
0	0
0	0
0	0
0	0
0	0
2	610
4	566
1	266
3	456
0	1
0	1
0	1
0	0
0	0
0	1
0	0
0	1
3	4
0	2
0	1
0	4
0	0
0	0
0	45
129	156
0	132
62	27
855	2300
0	169
0	218
36	169
2	33
6	1711
5	136
0	319
0	0
0	0
0	0
0	1
0	0
0	1
0	0
2	510
6	481
0	510
1	477
36	68
0	12
3	68
0	0
0	0
171	491
4	472
17	410
4	62
0	80
0	65
1	65
5	20
0	12
0	0
0	0
0	0
0	0
0	0
0	0
451	657
0	658
55	335
8	281
22	237
0	0
52	348
0	338
0	224
1	112
0	134
7	125
0	5
147	197
3	54
2	26
0	38
0	33
3	25
30	46
0	0
0	0
0	0
0	0
0	0
0	0
0	0
4	304
2	104
0	151
0	0
0	269
3	322
4	307
20	165
0	307
0	0
0	0
0	0
29	25
0	12
113	132
0	123
31	132
1	117
0	0
0	0
0	0
0	0
0	0
0	0
0	0
2	36
0	11
0	0
0	0
0	0
0	0
0	0
0	0
0	0
0	0
0	55
170	918
0	891
0	85
72	182
2	675
0	682
0	689
0	76
0	54
32	496
0	3
20	209
8	64
0	47
4	58
0	0
0	0
0	0
0	0
175	121
0	953
0	799
20	858
0	150
0	260
0	114
17	498
0	191
1	47
7	24
14	32
0	6
0	27
0	10
125	105
0	10
0	23
0	57
0	0
0	0
0	0
0	0
0	0
0	0
0	0
0	0
0	0
0	0
0	0
0	0
0	0
0	0
0	0
0	0
0	1
0	0
0	1
0	1
0	0
0	1
0	0
0	0
14	0
0	0
38	18
0	9
2	9
0	1664
0	94
2	178
4	324
78	1525
0	1315
10	446
1	178
3	31
5	36
0	13
0	5
0	5
0	3
0	0
0	59
0	59
1	333
3	289
1	62
59	84
2	47
22	74
0	0
0	0
1	503
1	0
0	0
0	0
0	0
0	0
0	0
0	0
0	0
6	32
0	26
0	26
4	0
68	2185
0	2015
5	651
0	472
0	0
0	0
0	0
0	0
0	0
0	443
1	28
1	440
4	438
3	19
0	0
0	0
0	0
0	0
0	0
0	0
0	430
0	0
10	57
9	57
3	34
0	34
0	9
4	0
0	37
0	328
2	13
0	277
2	321
13	24
24	27
0	35
0	0
0	32
0	29
0	3
0	8
0	2
0	2
0	0
715	724
0	453
1	33
0	55
0	53
0	34
0	38
2	7
0	689
0	0
2	1
0	0
0	1
2	0
0	0
1	0
90	28
0	28
0	1
0	4
0	1
0	3
0	0
0	0
0	0
0	0
0	22
0	0
2	1
0	22
0	22
0	0
0	22
77	147
0	147
0	35
0	0
430	553
25	555
3	152
0	246
0	295
0	266
0	217
19	135
1	120
0	61
0	395
0	108
0	400
4	357
2	322
0	387
15	316
0	393
0	10
0	130
0	6
0	91
7	82
0	106
326	627
7	165
0	57
3	42
3	452
17	34
3	110
0	83
0	110
236	259
7	54
9	210
6	204
3	52
0	0
0	4
0	4
0	4
0	6
0	4
0	4
0	4
4	6
0	0
0	0
0	4
0	0
0	4
0	0
0	0
0	0
0	0
0	0
0	0
0	0
183	473
9	0
0	473
0	0
0	0
0	0
0	0
0	0
0	0
0	0
0	3
12	44
0	1
0	62
0	62
12	495
1276	871
14	251
14	0
0	17
10	3
31	135
28	241
23	497
3	497
2	447
0	114
0	0
0	0
0	0
0	0
1	0
0	0
0	0
0	56
0	53
0	12
0	10
0	11
0	25
0	7
0	23
0	5
0	12
0	11
0	22
0	23
0	24
0	3
0	20
0	18
0	15
0	20
0	0
0	0
0	0
0	21
135	88
0	0
0	0
0	0
83	52
3	40
23	52
2	35
1	12
0	268
0	0
0	0
29	0
0	0
0	0
0	0
0	0
30	1038
5	991
0	0
0	0
0	0
115	19
262	23
138	168
1	12
1	4
0	0
0	0
0	7
28	7
0	2
0	6
8	702
0	702
16	86
0	103
2	92
2	0
0	1
0	1
0	1
0	1
0	1
0	0
0	37
7	37
7	6
0	6
0	15
1	18
0	0
0	1
0	1
0	1
0	0
0	0
0	0
0	0
0	0
458	2626
60	2626
3	2478
0	0
0	0
0	1
0	1
19	0
8	831
0	2676
3	343
1	98
62	12
2	185
1	707
10	76
1	2645
0	0
0	11
0	11
1	0
0	0
0	0
0	19
0	19
0	19
0	11
77	0
0	0
11	90
3	580
0	201
0	3
0	580
19	12
6	12
0	0
0	612
3	255
0	139
0	202
0	385
0	0
0	0
0	359
1	346
0	342
0	89
3	43
2	54
2	242
176	383
0	249
0	131
0	112
1	317
0	216
68	84
2	1
1	29
0	1
9	4
7	29
0	4
5	0
0	2
0	1
0	1
0	1
0	40
3	40
0	6
133	389
0	389
0	362
3	311
4	135
12	125
7	107
6	107
0	0
0	0
0	0
0	0
0	0
0	0
0	0
0	0
0	0
0	0
0	0
0	0
0	0
0	0
0	12
0	12
0	12
0	0
142	326
9	299
16	301
15	268
0	62
12	15
45	76
1	21
358	62
0	12
0	0
0	0
0	0
0	0
0	0
0	31
7	0
128	116
0	20
0	22
0	58
0	45
6	4
1	53
0	0
0	0
0	0
0	1543
2	274
6	1123
1	75
0	53
0	265
0	343
0	1
0	2
0	1
0	2
41	446
0	27
0	436
0	72
8	75
0	85
0	435
8	218
0	37
1	404
0	379
7	38
3	31
10	94
6	27
0	30
0	0
0	0
0	8
0	14
4	15
0	16
1	15
0	9
0	3
0	7
0	0
19	40
0	40
21	88
2	88
2	31
27	1
0	623
23	569
0	651
20	516
0	62
0	0
0	0
0	0
0	0
0	0
0	1
1	1
0	0
0	0
111	636
3	261
19	387
0	117
9	50
0	0
1	1
0	1
0	0
0	0
1	718
0	1025
0	1040
2	988
3	44
3	99
0	74
77	74
0	0
0	0
0	0
0	0
1	0
0	0
315	0
263	45
0	41
2	4
3	640
0	98
0	103
1	627
1	14
7	598
6	2
0	633
0	585
0	547
0	380
0	25
0	20
2	89
0	625
4	802
2	895
40	93
0	0
1	519
1	519
0	519
0	519
0	95
1	61
0	6
0	6
209	288
1	149
2	67
0	100
0	0
0	0
0	0
0	0
408	75
2	44
1	53
0	0
183	434
2	431
0	72
18	109
3	17
404	487
4	478
2	104
8	59
0	16
1	56
0	9
0	32
4	12
0	14
626	5626
2	320
50	3151
0	1167
0	5297
0	706
21	907
30	378
11	764
28	206
0	279
0	277
4	0
0	0
0	0
0	0
0	0
0	0
0	0
0	0
0	0
0	0
0	0
0	0
0	0
0	0
0	0
4	1
0	1
0	0
0	0
0	0
0	0
0	0
1	643
0	647
0	635
0	30
1	23
0	22
0	42
0	3
0	1
0	1
0	1
0	1
0	69
0	9
0	0
0	81
6	6
0	13
3	5
0	16
114	139
8	139
0	36
1	38
0	87
0	0
0	0
0	0
0	0
0	0
0	0
1	0
0	0
0	0
361	469
1	453
0	319
0	154
1	145
6	132
1	144
1	146
0	102
0	110
3	19
1030	243
2	46
2	197
15	84
1	39
0	14
172	487
1	224
0	108
0	80
0	49
41	12
0	0
0	487
0	15
2	15
6	2
343	751
5	744
26	134
4	2
0	9
3	60
0	49
0	0
0	0
0	0
0	0
0	0
0	0
0	0
0	0
8	0
5	0
0	0
0	1
0	9
0	9
0	10
0	10
93	1094
0	658
0	1066
1	115
1	238
24	117
21	59
2	3
0	2
0	1
0	0
1	0
0	0
3	3
0	3
0	0
0	44
0	0
474	671
0	67
0	23
0	671
0	547
5	671
0	0
0	0
0	0
0	1
0	0
0	0
0	1
0	1
0	0
1403	308
23	308
14	202
1	70
1	0
0	0
0	0
0	0
0	0
0	0
0	0
603	143
17	100
2	1916
1	1303
0	156
10	86
24	13
19	385
1	151
1	143
0	0
0	1765
256	277
2	277
9	19
20	0
1	0
1	22
2	24
2	9
40	125
10	33
2	94
0	0
0	0
0	2
0	14
0	14
0	0
0	4
0	1
0	2
0	2
0	79
0	3
3	2
0	11
2	0
0	6
1	13
1	0
0	2
1	3
9	19
1	5
2	0
0	79
2213	545
0	158
4	387
77	28
0	0
0	0
0	0
0	0
0	0
0	0
0	0
0	0
0	0
0	0
0	0
0	0
0	0
0	67
0	42
0	44
0	82
0	25
4	12
4	6
0	51
0	40
2	11
0	25
60	412
0	321
4	331
31	34
0	282
0	161
2	271
1	149
0	149
377	73
34	73
47	718
0	574
5	155
108	342
0	419
0	535
0	56
0	60
0	40
0	19
0	0
38	40
0	10
0	0
0	20
2	12
0	0
0	0
0	0
0	0
0	0
0	0
0	0
0	0
0	0
0	0
0	0
0	0
0	0
0	0
0	0
0	0
0	0
0	0
0	0
0	0
0	0
0	0
4	0
0	0
0	0
0	0
0	0
0	0
0	0
0	0
0	0
0	0
0	0
0	0
3	290
0	237
151	296
0	0
494	285
0	246
0	44
3	182
0	114
3	17
28	34
24	22
0	41
0	0
2	2
0	1
0	2
0	0
0	1
0	0
0	0
0	1
0	1
0	1
0	0
0	0
0	0
0	0
0	43
32	43
1	0
0	0
5	0
0	0
0	0
1	13
69	67
0	57
0	0
0	1
0	1
0	1
0	0
0	0
0	0
0	0
0	0
0	0
0	0
0	0
162	119
5	37
6	113
2	3
1	6
0	64
0	64
2	58
12	40
0	32
0	0
0	1
0	1
0	1
0	1
0	0
85	59
0	52
0	7
0	0
0	0
0	0
0	0
0	0
15	451
0	418
0	193
0	748
560	821
0	586
3	450
0	0
0	0
1	22
40	22
8	1
21	9
2	1
0	21
0	17
0	0
0	0
0	0
0	0
0	0
0	0
4	0
0	0
0	0
0	0
0	0
0	0
0	0
0	0
0	0
0	0
48	58
0	55
0	27
0	110
0	121
0	76
38	70
0	104
0	43
0	54
10	73
4	13
0	23
7	19
1	19
0	10
0	106
0	0
0	0
0	0
219	0
1	22
0	22
0	22
0	1
0	1
3	0
9	12
0	0
0	0
0	3
1	139
0	1
0	72
1	116
0	116
0	72
118	138
3	644
23	192
2	65
0	176
1	314
0	2412
4	2406
0	2534
0	2527
0	2550
23	656
0	161
2	240
6	180
0	1621
8	223
1	314
0	195
1	362
1	249
61	67
0	20
0	16
272	28
0	51
7	79
0	85
0	219
0	200
0	41
1	76
1	1
0	76
0	68
0	76
0	0
0	0
54	472
21	132
0	174
1	308
0	82
0	29
0	188
434	38
0	38
18	0
1	0
0	64
1	65
0	17
2	7
8	317
0	207
0	0
0	114
5	4
0	186
1	707
1	464
0	620
0	624
1	10
0	12
70	1
3	58
0	28
1	679
0	0
6	340
0	303
0	19
0	125
1	14
0	0
0	0
0	0
0	0
0	0
3	26
2	26
0	4
3	5
0	6
0	23
0	37
0	28
0	17
0	4
3	8
0	7
0	0
0	0
0	3
0	0
0	3
0	0
0	0
0	0
0	0
11	687
0	721
28	262
0	720
1	81
9	48
2	212
8	189
0	230
0	215
3	92
0	0
0	0
0	0
0	226
4	177
0	203
1	151
0	85
2	29
0	172
0	19
0	127
0	76
3	90
0	79
0	214
0	0
0	0
0	0
0	0
0	0
0	0
0	0
1308	2220
6	22
70	689
6	176
0	1404
21	1170
14	844
0	0
0	0
0	0
0	49
0	156
0	158
0	120
0	148
38	27
0	52
0	30
0	18
0	59
2	75
1	43
4	25
0	0
0	0
0	0
0	0
0	0
0	0
0	0
0	0
392	1065
1	1065
0	0
0	21
0	21
1	2
0	6
4	6
0	20
0	4
0	22
2	22
0	5
1	3
0	4
0	0
0	0
7	2955
70	2977
8	2947
3	1994
0	0
0	0
0	0
0	0
0	6
0	4
0	0
0	4
0	0
0	0
749	118
1	118
0	207
216	600
9	0
0	152
0	355
4	245
0	0
164	57
6	57
4	48
0	44
0	0
3	14
0	14
0	1
0	121
31	297
0	280
1	9
13	85
12	45
0	108
3	8
7	28
6	28
0	340
0	367
0	137
2	28
3	61
0	72
1	136
0	117
0	6
0	66
5	104
0	0
0	31
0	32
1	5
1	0
0	5
3	4
0	3
5	21
0	19
0	19
0	36
0	36
0	3
0	7
0	0
0	0
0	0
0	0
0	0
0	0
0	0
101	187
0	93
2	69
0	95
0	55
0	62
0	15
26	28
0	0
0	0
0	0
8	7
0	7
1	0
0	35
30	1086
0	147
11	1086
38	180
0	141
31	3
3	42
0	88
6	48
122	171
0	427
58	2
0	2
0	0
0	0
0	25
0	21
0	1
0	1
0	15
0	1
0	0
0	0
0	0
0	6
0	5
0	25
0	0
0	0
0	0
0	0
0	0
0	0
8	0
0	0
0	0
0	0
0	0
0	0
0	0
0	0
0	0
114	41
1	41
0	2
3	20
1	7
0	7
0	2
16	0
0	836
4	837
1	830
6	85
0	26
0	25
0	21
1	14
0	11
0	12
1	8
3	3
0	3
0	0
0	0
0	0
24	58
0	177
0	168
0	172
9	238
5	238
0	4
7	33
0	190
0	79
0	1
0	0
0	0
0	1
997	257
5	250
0	0
0	0
0	0
0	0
44	62
0	0
0	331
11	331
3	108
0	26
2	3
0	18
0	4834
13	4842
0	4857
11	3525
8	4808
1	3665
25	2174
0	3582
0	0
0	0
0	0
0	0
0	0
0	0
1	508
0	0
0	0
0	0
0	0
0	0
0	0
0	0
125	62
2	46
0	55
1	30
0	11
0	4
0	0
0	0
0	0
0	0
0	0
581	383
3	341
1	42
0	0
3	283
3	134
3	41
6	125
0	163
0	8
0	6
1	454
78	490
34	8
0	380
7	110
0	0
0	0
7	0
0	0
20	301
0	103
2	98
3	65
1	49
0	133
0	85
0	0
0	43
1	28
0	294
0	292
0	258
1	78
0	253
0	238
0	126
0	188
0	125
4	149
0	142
24	32
0	145
0	51
0	0
0	1
0	1
0	1
0	1
0	1
0	0
0	0
0	0
0	0
153	42
4	15
23	27
0	0
0	0
0	0
0	2
0	1
0	2
0	0
0	1
0	1
0	2
1	1
0	0
0	0
29	1649
1	1513
0	689
0	855
661	178
3	176
0	76
0	70
0	4
7	10
406	731
10	179
1	532
0	529
4	236
120	645
0	645
0	0
0	0
0	225
9	214
0	0
0	0
442	876
0	140
26	720
1	23
0	135
0	88
0	1
0	1
0	1
0	0
0	0
55	427
4	109
0	193
0	107
2	334
5	82
0	97
0	0
21	86
32	114
8	66
0	85
1	36
1	42
0	4531
0	1772
69	223
0	223
6	72
0	72
1	72
0	7
8	5
0	0
0	0
0	0
0	764
0	217
0	157
0	155
17	0
0	764
117	239
1	196
7	29
6	19
2	239
0	1
0	1
0	13
0	13
0	13
0	1
0	1
0	0
0	0
0	0
0	0
0	0
0	138
0	58
0	98
1	0
9	26
0	61
1	58
0	4
69	7
0	0
0	0
0	0
0	0
0	0
0	0
0	0
0	0
7	110
4	259
0	78
7	253
0	41
1	59
29	72
0	76
0	10
0	38
0	26
3	3
6	247
0	1
2	39
0	35
2	15
1	32
0	0
0	4
0	39
0	222
0	247
1	63
0	221
2	179
3	97
0	41
7	3
0	256
0	247
0	247
0	0
0	309
10	334
12	243
3	332
0	100
0	50
0	207
0	0
1	615
0	793
0	507
0	781
0	788
4	27
3	418
12	165
0	103
0	98
0	55
3	73
0	795
62	0
42	5
0	0
0	0
0	0
2	4
0	0
0	0
2054	219
1	55
0	167
0	173
4	171
0	13
0	177
0	170
20	74
3	74
2	47
0	0
27	566
1	575
6	551
12	193
111	1
360	140
0	90
2	57
0	29
10	36
1	11
0	0
0	0
99	0
0	0
2	3
0	2
4	2
3	0
193	0
1	0
0	0
0	0
0	0
0	0
15	47
2	47
0	1
0	1
0	1
0	0
0	0
0	0
0	48
0	60
4	60
0	0
0	0
0	0
0	62
1	71
0	184
0	192
0	202
2	168
27	53
35	10
0	0
0	0
1426	2664
2	2383
141	12
8	49
1	783
1	1137
0	1494
22	1494
0	143
0	85
0	15
0	183
0	122
0	28
0	12
0	65
0	150
2	78
1	14
0	40
1	133
0	29
2	79
0	8
1	74
0	0
20	603
16	584
0	49
1	137
1	57
43	156
8	156
0	16
0	0
0	29
2	12
1	1
0	4
0	28
0	0
0	0
0	0
0	16
329	77
0	27
0	19
0	3
1	36
4	11
3	488
0	168
0	78
2	0
31	685
0	684
5	261
0	177
1	35
2	94
0	178
20	10
0	35
111	19
7	14
0	8
3	3
0	6
0	0
0	0
0	40
0	40
16	3
2	1
1	2
0	732
8	746
7	746
0	743
0	91
0	65
1	157
6	86
0	160
4	92
0	129
0	127
118	137
0	5
0	5
0	8
1	13
0	41
0	26
0	1
0	2
0	2
0	1
0	2
0	1
0	0
0	0
0	0
0	27
0	25
0	39
1	6
1	37
0	0
0	6
0	0
3	9
3	10
3	77
5	1900
2	138
15	692
55	11187
9	1441
6	2063
0	184
0	247
42	586
0	2074
0	10960
2	2905
9	287
0	157
19	302
4	82
1	214
2	120
1	300
13	140
0	0
0	0
82	192
0	148
0	81
0	38
0	0
0	0
0	1
0	0
1	0
2	0
0	1
0	191
214	116
21	71
0	5
1	116
99	17
1	0
0	12
3	5
0	1312
88	1310
1	24
1	83
0	247
6	138
5	139
1	76
0	0
0	0
0	0
0	306
0	253
220	4
0	290
63	305
0	11
0	294
0	32
26	187
0	114
23	1137
0	1141
0	1162
1	1034
1	806
0	431
0	165
10	308
0	39
0	0
790	11
0	0
0	0
0	0
0	0
0	0
0	0
0	0
0	0
0	0
1	97
11	97
0	61
0	3
13	3
120	685
0	675
0	132
40	591
1	150
5	33
0	49
0	299
2	220
10	140
0	172
0	82
91	105
2	61
10	27
0	36
2	2
0	89
0	112
7	112
0	81
0	16
0	636
0	564
0	0
0	636
0	0
0	586
1	635
0	66
6	271
8	0
2	51
0	0
0	2094
0	0
0	1725
40	645
0	503
84	525
54	644
0	333
0	45
0	427
439	615
2	37
2	125
9	93
0	105
0	22
0	0
9	178
378	178
0	2
0	0
0	0
1	39
2	2
0	37
0	0
0	0
0	0
0	0
0	37
0	0
483	0
0	3
0	3
0	0
0	1
0	324
0	257
1	92
0	79
0	0
0	0
0	0
0	0
21	5478
49	5469
1	386
1	1045
6	758
8	464
0	0
0	0
0	0
0	0
0	0
0	0
0	0
0	0
0	0
0	0
0	0
0	0
0	0
0	0
0	0
1	408
6	416
3	407
1	387
0	125
0	166
0	104
0	108
1	81
0	352
0	0
0	0
0	0
0	0
46	676
0	474
0	660
2	94
71	0
0	0
0	0
19	129
5	95
0	17
1	2110
2	256
0	197
0	2118
0	2095
0	2111
0	2113
0	2116
0	0
0	0
0	0
0	24
12	98
1	96
0	88
2	36
6	2
16	0
102	49
2	0
3	26
0	11
0	38
0	0
0	10
0	7
1	0
0	0
0	94
0	10
70	139
0	139
106	522
34	3
0	3
9	47
0	27
0	22
0	69
0	522
2	0
0	0
0	0
0	0
71	123
0	94
2	33
0	0
0	0
0	0
0	0
0	0
0	0
0	0
0	0
15	3
0	3
8	1018
4	0
1	296
0	591
0	478
5	553
1	518
8	504
0	513
1	362
5	0
4	435
55	384
2	664
0	34
11	34
0	1
0	22
4	21
3	14
63	93
0	98
0	62
14	46
0	0
0	0
0	0
0	0
0	0
1	0
0	0
0	102
7	16
0	16
0	1
0	18
1	62
0	93
1	0
0	0
109	878
0	878
0	115
1	207
2	352
138	287
9	317
0	212
7	281
1	22
0	15
0	21
0	4
19	530
303	1351
21	430
0	108
0	89
0	70
9	155
8	25
2	172
10	413
0	313
9	273
0	160
0	38
0	27
11	33
7	373
11	206
0	373
544	632
6	557
28	67
2	63
1	2
0	0
0	0
0	0
348	0
0	0
0	0
0	0
0	0
1	15
1	14
0	0
0	1
0	0
0	1
0	0
0	1
0	7
0	1
0	4
0	0
0	0
0	4
3	900
0	561
0	844
1	64
0	72
4	152
3	181
0	1
0	205
0	204
60	209
0	79
7	2
13	21
0	28
0	28
0	2
0	2
0	2
0	0
0	1
0	0
0	0
0	0
0	0
0	0
1	22
1	0
1	0
0	0
0	0
0	0
1	0
0	170
0	79
0	0
0	0
0	0
0	0
0	1
0	1
0	0
5	39
0	39
0	11
0	12
0	6
0	0
0	0
229	1341
0	1100
0	718
0	225
3	103
38	317
0	91
1	226
325	54
0	54
46	0
0	0
5	2
0	34
0	38
0	40
1	317
5	304
4	125
0	12
0	303
1895	288
3	163
4	125
0	0
0	0
0	0
14	87
0	84
1	25
16	30
0	0
1	13
0	13
2	2
201	0
0	0
0	0
0	0
0	91
3	93
0	50
1	47
0	19
3	10
0	7
0	2
4	0
0	0
0	0
0	0
2	0
0	0
0	1
0	1
416	20
62	20
0	639
0	645
0	598
0	581
16	373
0	419
4	13
17	65
0	360
0	373
0	171
0	44
1	51
0	0
0	0
1029	360
13	360
0	0
0	0
1	0
0	478
2	80
0	48
26	473
1	50
1	80
0	0
0	0
1	2
0	0
0	2
0	0
0	0
0	0
0	0
1	0
0	0
132	160
3	44
1	108
0	6
13	39
0	0
18	1597
0	1207
0	1165
4	43
28	78
21	49
25	6
0	75
33	47
0	1631
0	0
0	0
0	0
0	0
0	303
0	167
3	1534
3	1098
0	806
1	1244
20	1234
8	1230
0	508
0	253
0	142
0	106
0	138
1	19
44	47
3	163
8	161
0	1368
590	1809
23	516
5	391
11	135
13	217
0	527
9	344
1	349
0	177
44	0
0	0
0	0
0	0
0	0
0	0
171	41
0	41
953	247
2	227
0	98
1	104
0	0
0	0
0	0
0	0
0	0
0	0
1417	716
68	50
0	620
0	617
0	28
19	80
0	30
0	80
5	5
0	10
0	8
0	16
53	0
0	6
4	9
3	0
0	0
10	0
3	9
0	0
0	3
6	2
1	6
0	6
0	0
0	0
11	323
5	323
2	138
55	2
0	2
39	980
10	1167
0	1107
2	577
0	118
1	198
0	202
5	305
10	194
0	0
1	0
1	4
0	325
0	73
0	327
286	288
0	114
494	1131
0	77
1	658
0	0
0	0
0	0
0	0
0	166
0	141
0	134
4	65
22	78
0	45
1	14
7	7
9	4
0	0
0	0
0	177
0	52
0	164
1	2
0	164
0	840
0	320
0	239
26	835
8	626
0	140
0	49
0	1175
1	1177
10	1173
59	0
12	26
50	3
0	44
0	221
6	211
0	194
0	6
0	175
0	175
2	168
0	18
0	0
0	0
1	88
1	88
0	88
1	88
0	83
330	135
0	79
1	62
0	4
1	8
0	10
0	5
0	3
0	31
0	21
0	0
0	0
0	0
0	0
0	0
0	0
2	926
0	899
2	899
7	28
0	73
17	237
4	11
23	637
1	40
0	560
1	75
5	412
0	255
2	169
0	1
0	1
0	0
0	0
0	0
0	0
0	0
91	315
0	50
0	304
1	215
2	28
0	17
0	282
0	706
0	731
2	705
179	773
40	0
1	54
0	48
0	25
0	12
53	110
11	101
4	294
0	0
0	0
0	0
0	795
0	1195
12	41
0	1185
0	145
11	6
2	55
1	112
0	0
0	0
0	0
11	463
0	153
4	411
0	260
0	155
1	210
3	242
0	89
0	103
0	103
109	0
5	1422
1	1231
0	526
5	1355
143	753
62	31
3	398
0	1228
0	0
0	0
40	135
2	132
172	0
0	669
5	669
22	669
17	506
0	550
2	550
6	73
0	55
1	11
0	10
3	82
1165	199
0	131
0	72
3	63
0	60
1	33
0	34
0	0
0	1
0	0
0	1
0	1
0	0
0	0
0	1
0	0
0	0
0	0
99	63
28	58
221	148
1	172
42	50
3	34
133	24
0	0
0	0
0	391
4	51
2	384
16	51
173	242
0	169
0	22
0	43
30	7
25	0
9	38
0	15
2	12
0	24
0	24
0	233
0	0
0	0
0	627
0	681
7	668
2	467
1	88
0	110
0	96
3	41
1	58
0	68
3	36
0	692
0	0
0	0
0	143
0	138
11	1
0	129
0	28
134	28
7	43
4	465
0	470
2	463
20	36
0	423
0	0
0	0
0	0
0	0
0	0
0	12
89	12
1	12
0	0
30	454
3	452
3	321
2	126
10	40
41	9
0	0
0	0
0	1
1	2
0	116
0	114
5	109
2	12
0	11
0	9
105	864
25	894
0	405
0	353
25	38
27	532
2	32
6	158
0	128
0	0
579	142
4	142
28	97
0	2
0	0
0	2
0	0
170	26
12	26
36	12
0	10
86	18
0	6
10	5
0	10
2	0
2	0
0	0
0	0
0	0
0	0
0	0
0	0
0	0
0	0
0	0
0	0
0	0
1	1
0	2
0	2
0	22
0	37
0	0
0	0
1	22
0	17
0	22
1	17
0	21
0	14
0	37
0	0
0	0
0	18
0	18
0	8
0	20
0	0
0	10
1270	41
1	41
0	0
0	0
0	0
0	0
0	8
0	6
0	0
0	0
0	0
0	0
0	0
0	0
0	0
0	0
0	0
499	0
0	0
0	0
0	0
0	0
0	0
0	0
0	0
0	0
0	0
0	0
0	0
0	0
0	0
0	0
0	0
1	0
0	0
0	0
0	0
30	245
7	52
5	222
4	41
0	36
2	130
0	0
0	0
0	0
0	0
0	0
82	6
0	6
0	0
0	0
0	0
10	6
0	6
2	0
1	0
387	1444
5	824
38	0
1	659
14	0
73	28
0	353
54	33
8	420
0	70
28	0
6	64
20	240
8	20
23	109
63	72
0	0
1	2954
2	2951
1	2954
2	455
3	16
8	129
9	385
10	1
0	1
0	0
0	0
0	27
0	1194
0	1146
0	1136
18	400
0	633
0	753
0	636
0	763
0	715
0	125
0	103
0	80
18	85
0	95
49	63
1	102
0	34
74	73
1	5
192	19
0	19
0	0
0	0
0	0
0	0
0	0
0	0
0	0
0	0
0	0
0	0
0	0
0	0
0	0
0	148
0	19
0	11
1	68
2	147
874	927
1	384
3	736
1	418
17	283
2	193
0	40
3	0
0	0
0	0
0	0
0	0
0	0
0	0
0	0
0	0
122	188
0	173
117	15
0	0
0	0
0	0
0	0
0	0
0	0
4	31
0	31
0	6
0	15
0	14
3	18
0	18
0	31
7	0
0	0
0	0
2	285
0	270
0	368
24	172
0	408
18	112
0	411
0	145
1	163
0	8
0	13
0	29
0	13
0	0
0	0
0	0
0	0
0	0
0	0
0	0
18	81
267	1043
135	303
2	208
0	171
124	695
14	5
0	1
0	0
0	0
0	0
0	0
0	0
0	53
0	49
2	20
0	17
0	17
0	7
0	38
0	37
0	6
1	10
0	10
0	5
3	0
0	14
0	10
23	0
2	7
0	93
3	248
0	246
0	90
42	31
4	9
0	91
0	48
0	50
0	44
2	24
1	0
6	124
1	339
1	85
0	119
0	330
0	329
0	0
0	0
0	0
0	0
0	0
4	351
0	359
0	354
0	45
1	344
0	50
11	13
1	0
2	0
0	0
0	0
0	0
0	0
0	0
0	0
0	0
0	0
0	14
1	14
0	0
0	0
0	0
258	202
2	0
1	28
0	202
2	12
0	56
1	54
1	63
4	1249
18	965
0	1313
1	1049
0	84
20	570
0	163
8	47
69	117
27	1
0	1
0	0
0	0
0	0
0	0
0	0
0	0
0	0
0	72
0	72
0	0
0	9
0	9
0	9
1	301
1	277
1	26
295	8
0	8
8	192
0	247
0	28
0	224
0	0
0	0
0	0
0	0
0	0
0	1
0	0
0	0
0	0
0	0
0	0
0	0
0	0
0	0
0	0
85	383
0	6
15	383
2	0
0	94
6	1
0	36
0	13
4	510
0	155
0	44
0	508
28	2
0	2
0	2
0	0
0	0
0	0
39	515
139	911
0	651
5	393
2	188
3	181
0	0
0	0
24	561
0	550
8	296
12	22
11	37
0	0
0	0
0	0
0	0
0	2
0	2
0	2
114	229
1	206
0	165
61	0
0	13
0	58
10	1148
5	1148
3	306
0	3
0	0
0	3
279	206
1	160
0	170
0	164
3	88
0	206
0	0
0	0
0	0
0	0
0	0
1	0
2	53
0	53
0	1
0	1
0	20
0	21
0	22
0	21
0	35
0	0
3	6
0	1
0	1
0	0
0	19
0	34
0	6927
0	6965
1	6642
3	6638
0	6641
88	0
6	27768
219	20000
0	8114
43	10557
19	2463
0	5876
1	26034
0	4093
1	4043
0	2111
113	336
0	277
42	25
0	55
4	29
337	2305
1	1812
3	133
2	43
4	47
8	145
5	59
0	42
3	45
0	40
0	33
0	35
3	16
0	12
0	0
63	7
2	7
0	0
0	0
0	429
0	408
0	145
6	361
15	436
1	58
25	0
4	33
0	0
0	0
0	0
0	0
0	0
0	0
0	0
0	0
5	0
2	0
1	1417
0	1408
0	0
0	0
0	356
668	852
67	409
0	158
0	810
0	376
0	380
0	0
0	0
130	312
0	174
0	48
3	46
16	124
14	100
0	28
0	0
0	0
0	0
0	0
8	49
32	49
0	0
0	0
0	0
0	0
0	0
116	26
0	4
0	1
0	22
2	19
0	0
0	0
0	0
0	0
0	0
0	0
4	2005
0	1930
3	312
0	1864
0	448
0	1934
0	66
76	33
1	350
0	661
0	648
0	118
10	150
0	124
115	118
0	0
0	0
0	0
0	0
76	199
0	22
0	22
0	38
0	123
0	116
45	87
0	1776
249	1776
3	542
36	1590
4	1590
0	0
0	0
0	0
43	18
0	5
0	13
0	0
0	3
0	5
0	5
0	2
0	2
0	0
1	0
0	0
0	2
33	352
9	184
3	310
9	173
162	326
0	210
0	27
18	31
0	29
0	16
0	9
0	0
0	0
0	0
8	321
5	315
0	36
0	32
1	26
0	32
1	82
0	16
0	30
5	24
87	52
1	22
45	11
0	17
0	14
0	42
0	13
0	11
1	28
0	4
136	83
0	53
0	83
6	17
13	0
13	6
12	32
0	44
1	22
0	29
0	0
0	0
0	0
0	0
0	0
4	2926
2	2926
0	1748
15	2920
61	654
3	1083
502	840
0	607
66	282
2	30
2	262
0	200
4	126
7	58
1	183
5	22
680	212
2	15
0	14
2	20
3	39
4	132
4	73
0	0
0	0
0	0
0	0
0	0
1	158
1	338
0	19
3	42
1	409
0	373
16	602
0	145
0	35
0	98
0	599
19	219
0	219
0	40
0	0
0	0
0	0
9	10
0	9
0	0
0	0
0	1
0	4
0	8
0	0
7	38
142	141
2	113
0	4
1	76
0	40
15	23
58	714
5	150
1	571
0	301
3	362
1	608
4	286
0	271
0	212
1	103
8	49
1	0
1	0
1	0
0	0
0	0
0	0
4	54
0	54
0	35
0	3
1	0
0	54
0	7
5	24
0	24
0	0
0	0
0	0
0	0
0	0
0	0
0	0
0	0
0	0
0	0
956	544
2	488
12	78
91	10
0	10
0	0
0	0
0	0
0	0
0	0
0	0
0	0
0	0
0	0
0	48
10	390
67	411
4	95
0	116
0	0
2	246
0	243
0	12
23	111
4	93
0	0
0	0
0	0
0	0
0	0
0	1198
5	2826
3	1322
4	3422
0	122
0	575
0	1050
308	3395
0	280
0	1134
673	161
0	3391
0	3175
0	370
36	245
28	2108
1	0
0	0
0	0
0	0
15	902
0	779
8	148
0	105
0	314
1	341
0	103
11	0
0	0
0	0
0	0
0	0
8	72
3	67
0	30
2	58
0	16
0	1
0	1
0	0
0	0
2	302
0	311
6	5
2	9
0	64
0	21
24	0
0	0
0	0
0	0
0	0
31094	9833
32	3151
15	4828
10	0
0	0
0	0
0	0
0	0
0	0
0	0
0	0
0	0
0	0
0	0
0	0
0	0
0	0
0	0
0	0
0	0
0	0
0	0
0	0
0	0
0	0
0	0
0	1
0	2
0	0
0	0
0	0
0	1
0	2
1	186
66	2
4	20
0	51
0	170
0	72
0	88
6	7
1	31
9	12
0	61
0	61
0	0
0	3
4	4
1	43
4	48
0	143
21	7
0	43
0	44
8	52
2	18
0	5
17	25
0	5
0	12
0	140
2177	10
0	10
0	0
3	46
2044	46
4	2
0	2
0	0
0	0
35	6
0	0
0	0
0	0
0	0
0	0
0	0
0	0
0	0
0	0
0	0
0	0
1	0
0	0
0	0
0	0
0	0
0	0
0	0
0	0
18	113
0	122
0	376
12	107
0	147
1	89
0	33
1	27
0	17
2	7
3	17
0	17
0	1
0	6
6	4
1	20
32	16
51	17
0	17
0	797
0	793
4	89
6	126
1	738
14	2
0	2
0	1
0	5
0	5
0	5
0	2
0	1
4	1
0	2
0	1
0	0
0	0
0	5
0	5
2	17
0	17
0	17
0	14
0	13
0	17
0	12
1	5
0	1
16	269
11	280
0	262
0	0
0	0
0	0
0	0
0	0
0	0
0	0
0	0
0	0
0	0
0	0
0	0
0	0
4	0
0	0
0	0
0	0
1	66
1	66
2	61
0	65
0	64
0	14
0	10
0	4
1	2
0	18
0	18
0	17
0	7
0	0
0	20
0	19
0	2
0	0
0	30
0	3
0	12
0	8
0	18
2	15
0	19
0	0
0	1
0	1
0	1
0	0
11	0
163	52
4	1144
1	191
1	1156
9	452
0	751
5	250
0	61
0	0
0	220
0	316
0	217
0	217
0	216
1	212
0	211
0	219
2	219
0	191
0	198
0	209
0	170
1	53
1	99
0	70
0	54
0	58
0	35
6	91
1	68
0	38
6	15
0	0
0	0
0	0
0	0
2	2
0	2
0	1
0	0
0	0
420	294
12	234
0	198
0	41
1	523
58	1668
2	988
1	731
24	2
0	2
0	0
0	0
0	1
1	1
256	273
8	230
4	163
0	120
0	33
0	49
0	48
0	6
0	7
0	5
0	5
0	4
0	5
0	4
0	0
0	0
0	0
0	0
0	48
0	49
0	49
0	48
0	91
50	131
0	23
3	61
0	70
0	0
0	0
0	0
29	0
25	275
57	427
0	215
32	148
1	73
5	149
0	35
0	35
0	36
0	5
6	24
0	24
0	11
0	9
0	2
0	0
1	1
0	0
0	0
0	0
2	0
0	489
2	516
0	575
0	579
0	542
2	428
0	15
6	131
14	28
0	70
15	61
0	0
3	0
0	0
3	154
13	177
0	171
5	316
0	326
0	146
48	139
2	134
0	38
0	0
0	0
0	0
0	0
0	0
0	0
0	0
0	0
0	0
0	0
0	0
0	0
0	0
0	0
0	0
0	1
0	1
0	1
0	0
0	0
0	0
0	3
0	3
0	1005
0	1061
13	603
17	235
17	216
0	1
0	1
0	1
0	0
0	0
0	0
0	0
327	2231
0	631
0	294
50	1658
0	86
28	147
0	0
0	0
0	120
24	8
6	120
19	109
3	11
0	0
0	0
15	125
0	320
0	261
0	154
3	16
6	18
0	23
0	0
0	0
0	0
0	0
0	0
0	0
83	0
25	0
0	0
9	42
90	52
0	21
37	581
0	470
20	113
9	338
23	49
0	2
0	1
0	2
0	32
0	19
0	23
0	35
0	0
0	0
0	0
0	0
265	50
0	2
3	17
0	33
4	183
3	69
0	182
17	67
1	45
4	49
2	14
0	0
0	0
0	0
0	8
0	8
0	0
0	0
0	0
95	1536
0	167
0	59
24	161
0	94
0	1115
0	214
1	55
3	78
12	204
1	4
0	116
0	53
0	571
18	130
0	85
5	226
0	565
0	0
0	0
11	2
0	2
0	1
0	1
1	2873
0	2501
2	195
70	79
0	0
0	0
0	0
0	1
0	1
0	1
0	0
0	0
0	0
0	1
0	0
0	0
0	0
0	0
0	0
0	0
0	0
0	0
513	0
0	0
0	0
0	0
0	0
0	0
0	0
0	832
1	822
1	138
0	639
9	512
3	69
3	147
0	573
1	127
17	27
0	0
1	0
14	262
0	223
0	260
1	47
0	74
1	17
0	17
0	59
0	17
0	20
36	13
0	9
0	9
0	0
0	76
0	45
0	54
0	12
0	11
1	1
0	3
0	75
0	201
0	156
0	142
0	21
0	145
0	0
0	0
0	0
0	0
0	0
0	0
0	0
8	428
0	363
0	396
13	35
53	36
443	249
7	226
11	168
0	0
0	0
7	89
0	90
9	93
0	6
0	6
0	6
0	6
0	6
0	6
0	4
0	0
0	1
0	0
0	0
1	0
0	0
0	0
1	0
0	0
0	3
11	2
1	2
0	0
0	0
0	60
18	59
2	53
0	20
0	19
0	41
0	1
0	26
8	11
7	1389
15	184
0	0
27	6
23	0
4	1384
0	4989
0	1012
972	5608
0	974
399	1275
0	961
77	4291
1	0
8	2
2	2
0	0
1	528
11	528
0	145
25	0
8	305
0	455
0	325
0	328
12	343
0	141
0	100
0	104
1	152
0	175
36	10
0	10
251	395
7	235
0	377
0	287
2	10
0	51
0	25
0	23
0	8
0	393
0	1054
0	1
0	0
0	1
0	0
0	45
0	52
0	72
3	59
1	66
0	49
0	65
0	24
0	40
0	33
3	28
7	97
0	29
0	97
243	167
10	148
0	14
2	19
0	3
0	1
0	1
0	17
0	1
18	8
0	5
0	18
0	9
8	2
0	1
0	1
1	1
0	0
0	0
729	521
24	41
0	512
15	277
0	264
0	0
0	0
0	0
0	0
0	0
0	0
0	0
0	0
0	0
0	0
0	0
0	0
0	0
359	1037
6	1016
2	938
4	943
0	808
0	922
0	620
0	244
34	458
0	1
0	44
2	457
0	42
6	2
1	100
0	225
8	171
1	180
0	161
0	86
0	142
2	85
0	211
0	41
5	45
0	219
3	230
33	238
0	231
0	217
0	63
0	72
0	62
0	45
0	0
15	144
0	141
4	139
1	89
13	1397
27	0
24	14
0	1397
6	29
1	7
0	305
0	4
0	308
0	3
0	0
0	0
0	0
0	2
0	2
0	2
0	2
0	0
0	1
7	15
0	1
0	3
0	0
0	9
0	5
0	12
1	0
0	1
0	5
2	3
0	2
0	0
0	0
3	64
0	64
1	64
0	64
0	0
0	0
1	198
0	195
1	123
1	77
0	26
4	28
0	23
0	6
0	0
43	355
569	354
8	0
0	0
0	0
0	0
0	0
0	0
0	0
0	0
0	0
0	0
0	1
0	0
0	0
0	2
0	0
0	2
5	13
0	13
0	0
2	0
2	0
0	5
0	5
0	0
0	0
0	0
0	0
0	5
0	0
5	605
7	1624
5	1765
23	1259
0	1328
0	1088
5	1025
0	1363
24	87
1	11683
24	4476
4	10570
0	1169
17	381
56	287
0	521
1	245
1	2407
0	4998
59	380
6	26
6	775
58	67
0	2070
0	873
3	313
0	11728
0	3059
0	0
9	3059
0	1075
29	2788
0	1471
5	2046
0	913
5	1964
69	18
6	18
3	0
0	0
0	0
0	70
4	1
0	136
0	118
0	1093
15	1523
0	117
7	2
0	13
0	1500
0	31
17	331
47	235
0	137
0	204
3	879
0	163
0	74
0	264
0	174
23	878
0	81
1	176
0	799
0	164
0	116
0	118
7	16
0	13
0	0
0	94
0	169
0	0
0	0
0	0
0	0
0	2
0	2
0	0
0	18
0	18
0	10
0	18
0	0
0	6
0	2
0	0
0	18
0	10
2	1
0	10
0	0
119	816
1	829
10	330
0	189
2	195
0	0
73	105
8	101
0	78
0	6
0	0
13	0
0	0
0	0
0	0
0	295
0	145
0	267
0	202
0	255
0	204
0	0
0	0
0	1580
6	1637
0	1531
1	524
12	806
0	626
2	7
0	1635
29	112
1	98
1	50
0	0
188	0
0	0
0	158
12	16
19	3
0	102
0	14
1	153
12	6
21	0
1	18
0	0
207	148
53	33
3	115
1	2
0	2
0	0
0	5
0	5
0	5
0	0
0	0
0	0
64	16
2	16
0	7
0	0
0	7
0	366
0	367
0	371
2	409
1	409
1	408
2	11
0	79
0	0
0	0
0	0
0	0
0	0
0	0
0	0
0	0
0	0
0	0
0	0
0	0
0	1
0	1
35	17
1	18
0	18
0	3
64	1505
5	205
34	1455
23	1426
3	107
8	568
4	43
1	262
6	80
0	0
0	0
3	64
0	64
0	65
1	19
0	26
0	17
4	5
11	6
0	1
2	0
0	0
0	0
0	0
0	0
0	105
14	105
0	93
0	2
24	0
0	21
14	101
0	26
0	2
0	15
0	2
0	14
0	2
0	15
0	3
0	0
0	0
0	0
0	0
0	0
0	0
0	0
0	282
14	272
1	260
5	26
1	17
0	11
3	24
2	106
0	105
0	3
3	2
59	75
6	75
0	25
0	0
0	0
0	0
0	0
0	0
0	115
92	79
0	90
0	121
7	9
7	26
0	93
4	0
0	2
0	2
0	2
0	2
0	2
0	2
0	2
0	0
0	2
0	2
0	2
0	2
0	2
0	2
0	2
0	2
0	1
0	2
0	0
0	0
0	2
17	340
1	283
3	54
3	36
0	6
5	104
7	71
6	51
0	56
17	47
0	3
0	9
0	9
0	5
0	5
0	5
0	5
1	2
0	0
0	6
302	381
0	116
9	78
1	46
4	53
18	120
0	161
0	0
0	0
4	1456
6	1513
0	1564
2	33
0	1296
0	1431
2	1
0	1
0	0
0	0
1	0
0	178
14	399
0	0
18	278
16	342
118	139
22	139
13	456
3	0
0	39
16	448
14	57
3	31
0	27
0	12
0	16
0	18
0	22
0	3
0	5
290	583
0	634
0	552
0	509
35	340
0	92
0	104
0	73
0	15
0	19
2	20
75	0
20	0
0	29
25	261
45	202
1	2
11	2
2	244
0	2
0	20
15	0
17	0
0	247
0	157
0	159
0	65
0	97
0	94
0	94
0	2
0	8
0	8
0	5
0	12
0	8
0	9
0	9
0	7
0	5
0	6
3	3
0	3
0	2
0	0
0	157
0	0
0	0
0	0
429	0
2	22
0	22
0	0
0	0
254	0
0	1
0	1
20	0
0	0
0	0
0	0
0	0
0	0
0	0
0	0
0	0
0	1
2	1
0	606
5	79
2	544
4	128
0	551
0	36
15	85
0	52
0	57
151	22
1	22
0	0
0	0
0	0
0	0
0	0
0	0
1	9
0	7
5	6
0	0
212	773
53	109
3	305
0	157
12	111
0	773
0	0
0	295
0	0
0	0
0	0
0	0
0	0
7	89
0	82
1	88
2	3
26	30
2	6
10	23
0	3
0	60
0	99
2	21
6	31
11	64
1	9
5	51
0	14
0	31
2	3
0	6
2	4
3	1
0	1575
1	87
7	164
0	76
523	190
6	190
7	76
7	69
0	83
25	353
48	664
0	279
29	144
19	19
8	0
1	3
0	3
0	2
0	0
1857	73
1067	227
0	63
1	81
0	21
0	63
3	23
0	0
0	0
0	0
0	0
0	0
0	0
0	0
0	0
0	0
0	0
0	0
0	0
0	0
0	0
0	0
0	0
0	0
0	0
0	0
0	3
0	3
0	0
6	163
9	190
0	220
0	30
0	2
3	37
0	560
0	527
0	516
0	192
0	232
11	232
0	57
0	9
1	3
0	3447
27	893
0	3378
3	460
0	336
2	2
21	403
16	470
0	709
2	3366
11	11
76	2409
68	770
2	229
7	27
0	101
0	297
54	203
0	387
4	52
6	190
0	0
0	0
30	27
1	22
0	19
0	11
0	34
30	106
0	34
1104	106
309	87
1	42
4	44
0	7
0	9
0	9
0	8
0	7
0	1
0	0
0	1
0	1
0	0
0	1442
0	1274
0	0
0	0
0	0
0	0
0	0
0	0
11	1
0	17
0	5
9	4
6	5
0	23
0	17
2	17
0	1
3	1251
37	507
0	1095
0	1196
1	1217
0	460
0	80
0	322
4	301
0	210
0	204
0	304
18	42
0	249
0	119
0	209
3	166
0	195
0	138
0	108
0	75
2	45
4	63
10	25
0	1051
0	1207
5	72
0	72
0	0
0	0
0	0
0	0
58	539
4	821
0	871
0	84
4	127
0	202
0	199
3	181
0	175
0	118
22	302
0	0
477	159
0	1365
0	1200
0	1336
1	1337
0	513
0	250
0	193
2	307
3	153
0	52
10	64
0	3
4	538
49	1755
0	514
0	1741
4	1009
2	85
0	385
0	288
8	235
3	165
25	0
20	0
0	0
0	0
0	0
0	0
0	0
0	0
2	0
0	0
0	0
0	0
0	0
0	0
0	0
0	0
0	0
2	6
0	6
0	0
0	64
0	30
0	284
203	630
0	257
0	0
0	0
0	0
0	0
0	0
0	0
58	319
10	0
0	319
5	898
6	891
0	896
1	108
0	75
6	10
4	6
12	3
87	325
7	264
115	17
12	17
11	545
6	550
0	49
0	46
0	41
125	32
1	32
0	233
0	241
0	0
0	0
0	0
0	0
0	0
0	0
0	0
0	0
2	270
0	36
0	24
0	257
0	126
0	58
1304	441
36	380
0	316
2	406
3	386
0	1
0	1
0	0
0	0
0	0
0	0
5	393
48	48
1	7
2	11
0	11
0	4
0	6
0	8
0	365
2	374
2	14
0	362
4	63
15	46
10	43
0	17
11	278
2	27
162	151
1	8
0	18
0	116
0	59
0	15
0	9
225	749
0	58
0	701
2	33
6	201
14	441
0	77
6	92
1	258
0	166
0	97
0	1
0	1
0	0
3	0
0	0
0	0
0	0
0	0
0	0
0	0
0	0
11	142
8	142
4	6
0	0
0	0
531	5
40	5
0	592
2	63
7	523
1	559
0	65
0	0
0	0
0	0
0	0
0	4
0	4
0	4
0	3
0	2
0	1
0	2
0	0
0	0
0	0
0	0
1	0
830	1922
0	122
0	215
0	162
0	72
0	1922
0	0
0	0
0	0
0	0
0	0
0	0
0	0
0	0
0	0
0	0
1	199
3	232
0	234
1	24
0	228
2	400
10	400
2	10
1	7
4	38
3	41
0	109
1	47
10	18
0	400
1	0
10	3925
114	3925
1	303
42	0
2	0
0	0
0	0
0	0
0	0
0	0
0	0
0	0
0	0
0	0
0	0
1	186
4	186
7	186
10	194
3	8
12	365
0	592
3	586
0	563
0	567
0	518
11	495
0	52
0	52
0	23
0	37
0	24
1	24
0	23
0	580
0	586
0	520
0	2
0	2
0	2
0	2
0	0
0	0
0	0
0	0
0	0
0	0
0	0
0	0
0	0
0	0
0	0
1	553
78	581
66	0
5	205
16	27
61	0
9	17
1	0
661	559
9	464
2	148
4	31
3	49
4	188
72	984
0	931
0	150
48	628
27	128
4	230
0	157
2	175
0	175
0	95
0	7
0	0
0	7
0	7
0	1
0	7
33	1
0	1
0	0
0	0
0	0
0	0
0	1
1	1
0	1
0	1
0	1
0	0
0	0
18	1285
29	1180
638	35
0	35
2	0
0	0
0	0
0	0
460	555
4	72
0	134
25	134
6	135
4	156
16	176
5	93
0	56
0	385
0	33
1	440
0	441
0	105
0	0
0	25
0	367
0	0
32	548
30	552
77	589
0	589
3	40
0	586
0	0
0	0
0	0
24	209
82	212
0	67
0	15
0	0
0	0
0	0
0	0
0	0
0	0
0	0
0	0
0	0
0	0
0	0
0	0
0	0
4988	400
29	1
1	1
0	1
5	2
1	2
1	0
0	726
0	737
1	736
2	81
1	131
7	82
0	317
2	159
1	726
0	50
0	50
1	8
2	0
0	0
0	0
0	0
0	0
0	0
0	0
0	0
0	0
0	0
0	19
1	19
0	0
0	0
0	1
0	3
0	0
0	43
16	0
14	53
0	0
3	29
0	20
0	1
0	23
0	0
0	7
0	17
34	73
0	0
0	0
0	0
0	0
0	0
430	96
0	96
0	39
4	40
1	0
0	0
0	0
0	0
0	0
0	0
0	0
0	0
0	0
0	0
0	0
0	0
0	0
0	0
0	0
0	0
0	0
0	0
0	5
0	0
9	15
0	14
0	15
0	9
0	15
0	62
0	61
0	59
0	50
0	12
2	9
0	56
112	173
2	0
0	173
1	0
0	0
0	0
0	1
0	0
0	0
0	1
0	1
0	1
3	4
0	3
0	1
0	1
0	1
0	0
0	0
0	0
0	0
0	0
0	0
0	0
0	0
0	0
0	0
0	0
3	69
0	8
3	37
1	23
0	63
5	0
0	0
0	0
0	0
0	0
0	0
0	0
0	0
0	9
0	9
0	0
0	0
182	2153
0	2153
252	1676
229	1724
0	208
0	160
17	137
1	542
27	10
0	7
1	3
0	0
46	123
0	100
0	85
0	55
15	26
0	26
0	31
0	8
15	859
6	366
0	649
3	43
0	71
2	31
0	238
0	80
12	85
0	84
0	27
3	296
1	9
0	457
0	482
0	493
1	10
10	11
0	529
0	0
0	0
0	0
0	0
0	0
0	0
0	0
0	0
0	0
0	120
0	128
1	106
1	0
1	13
0	8
42	163
2	163
6	5
0	60
0	0
61	5
25	755
3	755
0	69
0	29
1	157
2	153
1438	2362
50	2053
19	1907
7	1786
0	1472
30	1448
0	862
82	33
0	36
0	16
0	13
1	12
0	4
0	3
0	0
24	2
12	2
0	0
0	0
0	0
0	0
0	0
0	0
0	0
0	0
0	0
2061	0
0	0
0	0
0	464
0	432
0	431
0	238
0	246
0	235
0	93
0	68
0	63
0	34
4	44
1	32
0	0
0	0
1	0
0	0
0	0
0	0
0	0
2	475
3	194
0	475
0	41
0	64
0	217
1	149
3	66
43	20
0	19
11	1
0	0
0	0
5	16
0	16
0	0
0	0
1	1151
1	1020
0	1094
0	1136
3	1104
0	1050
0	1076
18	15
1	56
24	214
36	10
2	8
33	30
0	35
19	20
0	20
0	21
0	0
0	0
0	0
0	0
5	196
8	196
0	40
0	50
0	10
8	21
0	202
1	6
0	343
26	102
15	85
0	300
5	149
0	322
2	11
14	11
699	453
31	214
2	176
1	374
4	1172
19	1191
25	748
0	1184
0	53
446	11204
39	11198
0	477
22	210
0	477
0	0
0	0
0	0
29	135
2	0
0	0
0	0
0	0
0	119
8	117
0	0
0	4
0	4
0	1
0	1
0	1
0	0
0	3
0	3
0	1
0	4
0	0
0	0
0	0
0	0
0	0
0	0
0	0
0	0
0	86
0	85
0	67
16	87
0	65
0	7
0	4
0	19
0	83
0	13
0	13
0	0
0	0
3	0
0	0
0	0
1	14
0	16
3	24
0	20
0	20
0	13
1	64
1	63
13	3
3	6
0	6
0	0
0	0
0	15
0	13
0	11
0	0
0	2
0	11
0	9
0	8
0	8
0	2
4	0
0	0
55	394
0	374
5	385
0	202
0	0
0	1008
0	1004
2	1010
6	694
0	120
0	10
0	37
0	26
0	29
3	6
7	42
0	8
0	13
0	8
0	4
2	6
0	19
0	0
0	0
0	0
0	0
14	0
0	0
0	55
5	340
22	329
4	146
0	182
2	28
0	252
2	250
2	25
6	5
0	48
0	0
0	47
0	7
0	7
0	51
0	51
0	46
0	31
0	9
1	0
0	99
0	169
4	5
0	98
0	48
0	101
0	129
4	33
0	81
0	117
0	136
0	17
0	50
0	34
1	73
0	3
5	2
0	3
1568	1408
0	1093
3	860
3	850
0	272
23	275
0	2
0	2
0	538
1	538
0	47
3	19
3	172
0	0
0	538
0	1
0	0
0	0
0	0
0	0
0	0
0	0
0	0
0	0
0	0
0	0
0	0
0	1
0	1
0	1
0	1
0	1
0	1
0	1
0	1
0	0
0	0
0	0
0	0
0	0
0	0
0	0
0	1
0	0
0	0
0	0
0	0
0	0
0	0
0	0
0	0
0	0
0	0
0	0
0	0
0	0
104	2392
2	114
3	71
1	0
0	7
0	7
1	5
0	5
0	1
0	1
0	1
0	0
0	0
0	0
0	0
0	0
0	0
0	0
0	0
0	0
0	0
0	13
0	13
0	9
0	2
0	1
0	1
0	1
0	1
0	1
0	0
0	1
114	34
0	34
10	7
0	7
4	0
0	0
0	0
0	0
0	0
0	0
0	0
2	249
0	276
5	266
0	47
0	198
4	12
0	52
0	14
0	24
4	8
0	7
0	15
2716	219
1	130
10	89
0	0
0	0
0	0
0	0
499	1416
1	1253
1	6
9	33
52	835
28	163
3	26
1	49
0	726
988	895
0	773
0	708
0	153
3	206
7	194
5	118
636	1349
0	1349
305	65
3	36
3	4
2	64
0	25
0	356
3	327
1	283
15	297
2	335
0	340
0	112
1	98
2	4
0	4
0	0
0	0
0	0
1031	264
5	191
2	0
30	77
0	77
0	31
0	0
0	0
1	6
2	6
5	0
0	5
2	5
0	0
7	6
0	6
0	0
0	1
0	47
0	48
0	45
0	7
0	3
0	0
0	0
0	0
0	0
0	0
0	0
2	585
0	698
2	673
3	689
2	84
5	66
0	60
0	49
1	98
1	53
55	86
1	48
0	43
2	58
36	47
12	29
3	2
0	2
0	0
0	0
0	0
0	0
0	0
0	702
0	694
2	28
2	50
1	79
3	231
2	20
0	417
3	64
0	81
11	217
0	3
3	97
0	702
13	104
0	104
14	80
0	60
0	11
10	14
0	0
0	0
0	0
0	0
0	0
0	0
0	0
0	0
0	0
0	42
0	97
11	93
0	11
0	10
0	7
0	6
0	7
7	211
0	69
0	214
0	198
12	83
30	70
0	28
0	29
2	18
0	10
1	11
2	18
1	25
0	21
410	12810
8	10380
115	12656
0	2272
1	1631
25	2205
6	2205
6	1196
0	812
2	590
11	736
0	21
0	5
2	90
2	39
1	740
0	0
0	0
0	0
38	0
12	0
2	93
1	1
0	1
0	1
0	93
0	22
0	365
0	419
3	71
0	44
0	98
0	50
0	0
0	0
0	0
0	0
5	52
1	198
0	174
0	196
0	14
5	87
34	11
0	52
1	26
0	8
0	1042
0	660
61	831
0	564
2	13
0	73
0	11
0	21
1	830
0	472
0	33
0	581
0	53
72	11
0	11
0	9
0	0
0	0
0	0
0	0
0	175
136	143
0	175
72	5570
0	177
31	2031
217	46
2	5159
0	314
8	2186
0	10
17	608
10	1300
9	61
0	61
0	0
0	0
0	0
0	0
0	0
0	0
0	0
0	0
0	0
0	933
0	902
0	812
8	424
0	40
0	177
2	103
0	0
78	29
2	29
0	7
0	0
0	0
0	0
1184	63
0	17
0	46
0	0
0	0
0	0
0	0
0	0
0	0
0	0
0	0
0	0
334	460
2	107
9	63
0	146
1	137
0	81
0	22
0	15
0	0
0	24
62	313
6	21
2	288
0	11
0	329
7	13
0	332
0	316
0	319
3	65
0	39
0	43
11	24
2	42
0	0
0	0
0	0
0	33
0	0
6	35
0	32
0	0
352	164
0	53
2	57
1	514
0	403
34	396
12	492
0	173
0	80
0	100
44	37
1	10
0	0
0	0
34	0
1363	809
3	95
0	159
80	683
0	183
0	133
0	164
0	280
0	113
5	277
6	248
1	246
0	42
0	0
0	0
0	0
0	0
0	0
0	1120
0	368
0	130
0	20
0	19
0	29
0	5
11	1121
0	0
0	0
0	0
0	0
0	0
0	5
0	5
0	4
0	4
2	20
3	20
1	158
10	158
4	14
8	25
0	31
0	133
94	3
0	0
0	0
0	0
0	0
0	0
0	0
0	0
0	707
0	723
17	705
25	2
0	667
0	200
1	283
1	183
0	161
22	1027
0	1027
0	425
0	325
0	175
2	89
0	13
1	0
0	210
0	179
0	176
0	141
5	4
15	0
1	23
2	211
0	27
0	25
0	0
0	0
128	295
0	8
0	8
0	0
0	0
0	8
0	8
216	148
6	148
0	79
0	79
0	0
0	0
1054	0
16	0
0	9
0	7
1	1
1	2
1	5
0	4
0	4
0	3
0	3
12	0
0	0
0	0
0	0
646	165
16	165
401	969
5	118
23	609
22	33
3	327
0	257
2	188
21	98
1	47
9	98
0	35
2	14
0	1
573	903
12	69
0	76
13	851
0	392
0	53
0	7
0	51
0	44
2	162
0	176
0	197
0	10
0	300
0	0
0	306
0	4
0	4
0	4
0	4
0	0
0	0
0	0
0	0
0	0
0	0
160	118
0	21
0	71
0	1
0	0
0	0
0	1
0	0
0	0
0	0
0	0
0	0
0	0
0	0
0	0
0	272
0	184
0	50
0	36
0	35
7	212
2	35
3	74
0	46
4	124
0	127
0	54
0	90
0	7
13	7
0	0
0	0
0	0
5	0
0	0
0	0
0	0
0	0
0	0
1	14
0	14
0	9
0	2
1	2
0	1
0	0
0	2
0	1
0	0
0	0
0	0
0	0
0	1
1	2
0	2
0	2
0	0
0	0
84	61
0	54
0	54
2	9
0	46
4	41
0	37
0	8
0	11
0	0
0	17
6	961
1	51
1	88
1	78
0	11
5	18
1	31
0	264
0	181
0	23
0	29
1	2
0	15
0	90
0	17
0	964
0	0
0	0
0	1
0	1
0	1
0	1
0	0
0	0
0	0
77	412
3	403
0	18
22	12
0	3
0	58
0	1272
0	4
0	126
12	1263
0	8
2	1002
1	1266
5	1263
0	0
0	0
0	34
0	35
0	34
347	423
0	94
6	44
1	71
2	106
0	412
56	20
0	20
2	17
0	12
0	0
0	0
0	0
0	0
0	0
0	0
1	113
1	112
2	110
5	2
3	231
13	217
2	169
0	0
0	5
0	5
608	226
2	18
0	71
2	30
1	85
214	93
0	93
25	676
1	675
23	673
8	82
0	425
0	433
0	36
0	261
0	188
4	93
8	148
0	84
7	59
3	0
25	2
0	0
0	0
0	0
17	1502
4	926
7	1423
73	17
24	547
0	885
5	874
1	438
4	110
0	286
0	207
33	72
1158	62
0	62
0	250
7	94
4	95
6	204
0	0
0	0
0	0
0	0
29	592
0	104
0	585
0	1
1	1
0	0
3	280
12	284
38	207
80	238
0	206
0	241
5	66
0	151
13	115
0	51
0	0
2	26
8	319
0	263
0	257
0	302
0	67
184	270
4	241
27	197
0	403
3	403
0	0
0	0
0	0
0	0
0	0
0	0
0	0
0	0
0	0
3	165
0	13
0	94
5	60
3	1
0	18
2	164
2	0
5	25
0	0
1	2
0	57
0	57
0	39
14	13
0	9
0	0
1	4
0	0
0	0
0	136
0	159
24	151
10	102
0	73
0	17
0	11
19	205
4	173
0	57
0	51
0	43
452	441
2	331
0	111
43	1
40	26
0	1
0	26
0	0
0	0
0	0
2	0
0	11
0	11
0	2
0	0
0	0
0	0
0	0
0	0
59	0
0	1
0	0
0	1
0	0
0	0
0	0
770	796
19	722
0	7
0	240
0	88
0	0
0	0
2	635
6	4033
0	2131
0	3495
0	2228
6	240
0	4036
0	4022
0	3495
60	4036
0	0
0	0
21	14
0	0
1	0
0	14
0	0
0	0
0	0
0	0
0	81
0	81
0	81
7	17
3	26
0	8
0	8
157	0
0	0
0	0
0	0
0	0
0	0
0	56
0	55
6	49
0	0
0	0
0	0
0	0
0	13
0	57
11	79
1	25
0	18
0	2
2	10
0	12
0	8
4	2
1	22
0	0
1	5
0	5
0	141
0	141
0	0
0	0
0	0
0	0
0	0
9	0
0	0
0	0
0	0
0	0
0	0
0	0
227	47
7	47
5	47
0	60
0	37
8	47
0	54
0	5
1	7
0	8
0	1
0	0
0	0
71	296
0	255
0	135
0	268
306	95
1	31
0	57
0	42
0	7
1	264
0	337
0	337
5	27
0	110
1	337
0	0
0	0
0	0
0	0
0	0
0	0
0	0
0	0
1	124
3	147
5	142
2	3
0	0
0	0
0	0
0	0
0	0
0	0
0	0
0	0
0	0
0	0
0	1
0	1
0	1
0	0
0	0
1	0
5	0
0	0
0	0
0	0
0	0
0	0
0	0
2	3
0	3
4	90
2	90
0	17
0	23
1	16
0	90
0	0
0	0
0	0
0	0
0	0
14	18
4	27
12	9
0	0
0	0
0	0
0	0
0	0
0	0
0	0
0	0
0	0
0	0
0	0
11	0
95	673
0	602
139	645
32	63
44	14
1	72
8	72
0	35
1191	20
6	20
2	1
0	1
1202	255
0	180
81	75
0	1185
1	1169
13	775
8	143
0	102
0	94
36	424
0	9
2	18
4	27
218	2083
101	13
9	13
0	5
0	5
20	94
0	72
1	7
0	47
1	0
0	0
0	0
0	0
0	0
0	1862
29	579
25	819
2	1772
0	143
0	1396
3	354
0	381
8	265
49	0
0	109
26	657
2	1157
31	8
1	131
1	370
0	1172
2	1228
4	162
0	1208
31	238
15	1214
3	258
7	60
18	49
0	135
13	117
702	0
0	0
0	0
0	0
0	0
6	132
1	10
4	121
0	19
0	17
1	9
0	8
0	6
0	7
0	4
0	1
2	0
0	0
0	0
0	0
0	0
0	0
0	0
272	38
2	23
1	15
67	154
3	538
0	61
0	541
0	0
0	0
0	0
0	0
1	0
0	0
0	0
0	13
0	9
0	12
0	6
0	0
0	7
0	0
0	0
0	0
0	0
44	27
0	27
6	160
2	100
0	106
0	134
0	90
0	49
0	103
9	42
0	0
0	0
18	0
0	0
0	0
0	0
5	122
0	128
0	98
5	46
0	30
13	21
0	58
0	0
0	0
0	0
0	0
0	0
15	1306
5	97
0	35
0	85
14	1304
0	35
0	112
0	1321
498	1733
4	346
1	1688
2	190
9	34
0	109
57	490
0	359
2	101
88	13
0	34
0	0
0	0
0	105
16	88
12	294
0	1084
0	3
0	8
0	952
0	77
0	714
0	364
4	99
1	46
2	14
0	1066
0	1078
2	0
0	0
1	182
9	69
0	181
0	13
0	31
0	54
0	237
0	238
0	167
0	198
0	206
0	216
0	191
0	241
0	274
65	186
0	131
0	198
0	24
0	272
0	0
3	210
153	376
6	376
0	0
0	84
2	13
1	80
7	66
0	66
4	31
0	29
350	0
5	223
0	109
0	118
0	111
47	207
26	72
0	209
0	196
0	236
4	0
13	0
58	0
0	225
38	182
8	135
0	84
1	135
0	160
393	328
0	322
15	11
1	108
0	85
36	30
0	30
1	2
0	0
0	1
0	0
5	1
0	1
6	117
141	185
0	105
1	180
0	0
1	0
0	900
0	30
1	479
0	704
35	890
1	9
0	421
2	152
0	14
0	7
15	1526
217	1526
0	955
2	651
1	343
17	107
0	452
0	444
33	34
0	573
0	104
0	570
1	572
37	13
0	144
1	64
0	97
0	117
0	0
0	0
0	0
0	1
0	0
0	0
0	3
0	0
1	1
0	1
0	1
0	3
16	21
0	20
0	4
0	0
0	3
0	1
2	0
195	20
0	18
6	13
5	0
0	0
0	0
144	3
34	3
28	813
0	198
115	484
0	79
0	286
3	780
0	94
0	0
21	516
0	479
2	27
7	39
0	65
52	146
0	116
5	40
1	21
0	6
0	4
0	4
0	4
0	0
0	0
0	0
0	0
0	0
0	4
0	6
256	414
1	12
38	333
2	23
0	86
0	0
14	505
0	13
0	72
2	247
4	91
8	8
0	370
1	20
3	151
0	75
0	26
0	151
0	16
0	13
0	26
0	13
0	15
0	11
0	22
0	19
0	7
0	7
0	710
0	700
0	668
0	636
0	721
0	630
0	649
6	182
0	156
1	163
4	155
0	734
0	744
0	744
0	594
0	0
35	148
1	24
9	119
0	66
0	27
3	7
7	5
0	2
0	126
0	0
0	0
0	0
0	0
0	0
0	0
0	0
0	0
1	5
1	8
0	9
0	8
0	8
3	5
0	4
0	1
1	90
1	55
0	8
9	2
13	75
459	0
0	0
0	0
0	0
0	31
2	86
0	86
0	44
0	6
0	0
0	0
0	0
14	37
0	34
0	19
0	10
0	6
0	0
0	0
0	0
0	0
0	0
0	0
0	0
0	0
0	0
1	3
0	2
0	0
0	0
0	0
0	0
0	3
88	1601
36	863
0	185
0	104
6	1265
4	574
13	0
1	349
0	164
111	215
0	199
8	90
1	84
0	4
0	859
8	1919
4	128
0	93
1	121
8	175
1	0
0	1922
569	279
67	47
2	94
0	57
5	56
0	0
6	412
3	398
2	30
1	55
0	0
0	0
0	0
0	0
0	0
0	0
0	0
0	0
0	0
0	0
0	0
0	0
0	0
0	0
0	0
0	0
0	0
0	0
19	177
0	191
4	82
0	45
8	35
78	0
0	208
0	270
6	272
3	272
0	182
0	0
37	27
340	284
0	290
7	50
3	1840
11	1830
6	542
46	510
223	376
8	6
0	6
0	0
0	0
0	0
0	17
0	14
0	17
0	0
0	12
1	4
0	22
0	5
0	0
0	0
0	0
0	0
0	0
0	0
0	15
19	15
0	3
0	1
0	0
0	0
0	0
2	386
32	0
2	8
155	386
0	0
0	0
1	42
0	42
5	37
31	45
0	38
0	0
0	0
1	70
1	17
3	70
0	0
0	2
0	2
0	0
0	2
0	0
12	48
0	1
0	1
0	19
0	4
1	47
0	1
72	57
0	16
0	23
0	0
0	0
0	0
0	0
0	0
0	0
0	0
0	0
0	0
0	0
0	0
0	0
57	0
3	0
0	0
0	0
19	135
1	116
0	91
0	99
0	91
0	3
0	0
0	0
0	0
0	0
0	0
0	0
0	0
1	586
0	11
0	1
0	708
4	208
1	190
2	148
0	12
470	707
0	0
0	0
0	1
0	1
0	0
0	0
0	0
0	0
0	0
0	0
3	280
6	286
3	188
0	151
0	281
0	60
6	166
0	0
0	0
0	0
0	0
34	243
7	245
0	91
17	69
0	191
2	17
0	3
0	16
0	29
0	17
5	2
14	8
0	28
0	41
0	18
27	18
3	168
0	166
0	177
0	67
0	56
0	32
0	33
0	62
5	13
0	18
0	0
0	0
12	38
0	20
4	38
14	0
0	0
0	49
0	47
0	34
0	8
0	38
0	5
0	0
0	22
0	21
0	0
0	0
0	0
0	0
0	0
0	0
0	0
0	406
50	396
0	247
0	280
0	34
0	256
0	406
0	225
0	265
0	288
12	245
0	39
0	243
0	268
20	4
30	22
0	367
1	19
0	35
12	10
0	98
0	84
0	55
0	0
0	0
0	0
0	0
0	130
0	130
0	71
2	15
16	116
0	229
0	242
1	217
0	197
0	58
0	77
2	143
0	0
20	0
2	16
17	46
4	46
0	0
0	0
0	0
0	0
0	0
0	0
0	0
0	0
0	1105
8	36
2	80
0	157
1	1105
0	317
0	313
0	313
3	314
0	306
6	310
0	314
0	51
0	47
2507	1001
11	774
0	1288
0	1289
3	1261
4	159
6	47
0	180
0	56
0	58
1	32
2	1
2	2
0	1
2	2
0	2
0	1
0	0
0	0
0	0
0	0
0	0
0	0
0	3
0	8
0	4
0	8
0	2
0	0
1	1
0	1
0	0
0	0
1	0
0	0
0	0
0	0
0	0
7	33
0	1
1	16
0	33
1	20
0	14
0	9
0	1
0	1
0	1
0	0
0	0
0	0
0	0
0	1
0	1
0	0
2	47
58	47
10	410
51	521
0	527
16	3
0	0
0	0
1	0
0	0
1	0
4	456
34	312
1	128
1	451
0	442
0	451
0	385
0	279
2	12
1	148
0	90
326	118
14	118
4	103
0	105
4	13
0	0
3	0
0	0
0	0
1	618
0	80
0	13
0	618
0	0
0	0
0	0
0	0
0	0
0	0
0	0
0	0
276	5998
51	487
50	2
7	81
2	5998
0	0
0	0
0	0
0	0
0	0
0	8
0	5
0	0
0	0
0	0
0	0
6	9
0	9
155	14
73	14
0	0
0	0
0	0
0	0
76	201
13	197
0	10
0	0
0	0
2	162
2	389
0	377
3	393
0	401
2	56
0	60
14	51
5	53
1	39
0	31
0	11
0	6
1	4
0	1771
105	125
0	62
0	517
178	1683
1	435
0	277
0	210
13	0
0	1592
0	0
0	0
0	0
0	0
0	0
0	0
0	0
22	256
1	280
0	40
1	70
0	276
0	12
6	142
0	128
5	54
0	0
8	210
0	216
14	162
1	0
0	0
0	0
0	0
0	0
0	0
0	168
0	0
0	0
0	0
0	0
0	0
0	0
0	0
0	7
0	5
1	4
0	5
0	5
0	2
0	0
0	7
0	5
0	0
0	1
400	1206
0	417
0	1049
0	385
0	466
1	77
0	96
43	53
0	69
3	49
0	20
47	258
24	18
18	87
5	203
1	55
0	0
0	0
0	18
0	17
3	18
0	17
0	12
0	29
0	27
3	14
1	15
0	13
0	29
1	2
0	2
0	1
0	1
0	1
0	1
0	0
0	0
8	0
0	0
0	0
0	0
0	0
0	0
0	0
0	0
0	0
0	0
0	0
3	11
98	11
94	74
0	21
0	2
0	2
0	0
0	0
0	0
0	0
0	0
3	349
4	299
4	339
11	38
1	28
17	217
0	163
3	17
1	18
1	14
0	14
2	11
0	4
0	8
1	11
0	0
8	177
4	169
0	171
0	18
0	0
0	0
0	0
0	0
0	0
0	0
0	0
0	0
43	334
0	0
0	0
0	0
0	0
0	0
0	0
502	157
0	87
8	107
0	0
0	0
0	0
0	0
498	214
0	0
0	0
0	0
0	0
0	0
0	0
0	0
0	0
0	0
0	0
0	0
0	0
0	0
0	0
0	0
0	0
0	0
0	0
0	904
2	902
3	223
88	90
0	337
0	346
0	338
4	357
1	343
0	191
1	18
0	19
0	0
0	0
82	1315
26	1304
139	11
10	2
0	2
0	2
0	2
0	2
0	0
0	0
0	0
0	0
0	0
0	0
1	0
305	487
0	452
0	278
0	258
2	42
0	0
88	133
2	133
38	102
2	15
5	88
0	28
0	22
0	16
0	21
5	17
0	3
39	28
1	28
0	6
0	0
0	67
1	68
2	25
1	67
0	58
0	69
0	68
0	0
0	1
0	68
3	31
0	1
5	1
0	2
0	7
0	0
0	15
0	6
0	1
0	4
2	2
0	3
0	3
0	2
0	1
0	0
19	776
0	783
0	3
0	45
1	118
0	51
0	0
0	0
85	9283
181	1067
0	9448
0	5038
0	766
20	3
68	0
0	0
0	0
230	5124
208	3006
0	2286
0	2196
0	1470
0	1096
7	1008
1	601
54	2051
3	417
1	265
0	0
0	0
645	176
0	60
1	71
3	45
111	776
979	878
18	458
7	185
0	0
0	0
12	327
50	327
0	38
0	0
0	0
0	0
0	0
166	98
0	114
0	49
0	42
5	160
0	154
0	154
0	12
8	2
1	4
8	110
1	10
5	3
0	7
2	8
31	0
5	1062
0	1025
4	1059
0	130
0	269
5	162
23	43
0	248
37	0
278	297
0	99
35	200
0	8
3	123
0	10
4	467
0	460
0	1
0	95
2	42
0	52
10	125
0	95
0	467
0	0
0	0
1	1
1	1
0	0
0	0
0	0
15	264
0	233
4	234
0	0
0	0
0	1916
0	1959
0	1955
0	1718
1	265
11	351
2	121
126	7977
7	7960
28	4608
1105	38
0	38
0	0
0	0
0	0
0	0
217	593
0	72
2	25
50	54
0	593
0	58
0	7
0	59
2	15
0	1
0	58
0	58
0	0
0	55
0	9
0	44
0	54
1	6
0	38
4	0
0	3
0	7
0	58
0	0
0	0
0	0
34	1191
0	341
0	253
0	3179
6	3084
0	2877
39	608
0	4263
1	211
9	99
7	245
2	383
11	1235
115	1672
0	1722
14	2306
2	3558
0	111
12	736
0	4205
0	0
0	0
0	0
0	0
0	0
0	0
0	0
0	0
0	0
91	35
1	32
5	5
499	135
2	116
3	80
2	72
1	25
0	25
0	2
0	0
0	0
118	19
0	19
0	9
13	2
0	1
0	0
0	1
0	0
0	8235
0	6832
0	22
0	81
0	72
3	0
0	1
0	70
0	24
0	39
0	1
0	24
0	16
67	1129
15	1129
9	62
12	171
4	43
0	664
0	685
0	452
5	33
0	22
1	5
0	3
0	4
1	3
54	671
0	0
0	0
0	0
1891	634
122	21
0	21
2	16
0	0
0	0
2	0
0	2
0	2
695	476
6	476
4	66
0	32
0	25
0	0
0	15
0	109
6	107
0	107
0	0
1	1
1	1
0	477
0	6
27	137
0	22
1	137
1	121
6	29
0	15
3	0
0	12
0	31
0	23
0	29
0	26
0	14
0	24
0	26
0	26
0	26
0	26
0	26
0	5
0	15
1	1
1	1
0	26
1	0
0	0
0	0
0	0
0	0
0	0
3	493
0	483
6	398
9	134
0	43
1	1
4	167
18	75
0	17
0	492
0	0
0	0
0	0
0	0
0	0
0	0
0	0
1	0
0	0
1	114
2	94
0	34
0	16
0	14
3	73
0	13
0	19
0	25
9	6
0	0
0	4
2	0
2	2
0	0
0	0
0	0
0	0
0	0
0	0
0	0
0	0
0	22
0	22
0	0
7	740
143	775
41	695
1	147
0	171
3	80
4	70
104	10
0	37
0	531
0	0
0	30
4	28
0	6
0	0
0	9
0	0
0	7
0	9
1	0
0	6
0	0
0	0
0	0
0	0
12	1805
15	1854
109	1847
0	14
0	14
0	13
0	4
0	13
0	13
0	13
0	2
0	1
3	0
0	0
0	0
0	0
0	0
255	81
0	70
0	23
0	0
0	1
0	0
0	1
0	0
0	878
6	782
0	878
0	0
0	1525
0	0
0	0
0	124
163	128
16	61
0	71
0	37
0	61
11	35
598	0
947	219
3	3
1	81
1	109
3	121
34	74
1	27
4	19
0	9
0	61
0	56
0	6
0	0
0	0
8	92
11	92
4	8
11	10
0	3
9	321
0	328
1	23
0	22
38	207
0	0
0	0
0	0
0	0
0	0
0	0
0	0
0	0
0	0
40	0
0	0
0	0
0	0
2	30
0	154
0	181
9	11
11	1197
3	556
2	764
0	445
0	238
131	876
29	817
8	59
0	0
0	0
0	0
0	0
0	0
7	536
0	25
157	519
0	25
319	537
2	414
0	475
0	106
4	122
0	0
0	0
0	0
0	0
0	0
0	0
0	0
72	91
7	78
0	5
0	32
0	11
0	42
1	18
59	717
0	674
0	784
21	608
0	151
0	140
0	218
0	212
0	151
5	109
0	112
0	67
246	0
695	0
0	0
9	577
4	1431
5	86
23	1431
0	0
0	0
0	0
0	0
0	0
0	0
0	0
0	0
0	0
0	0
0	0
0	0
0	0
0	0
0	0
0	0
0	29
0	21
0	16
3	7
0	0
0	0
0	0
0	0
0	0
0	37
0	31
2	37
19	33
0	39
0	18
0	23
0	9
0	7
0	0
0	0
0	2
0	3
0	3
0	3
0	1
0	3
0	456
2	85
9	127
2	5
0	23
0	462
0	473
0	0
0	0
0	0
0	0
0	0
0	31
0	8
2	12
83	22
1	40
1	30
7	12
0	14
0	7
2	2
272	10
0	16
0	12
0	11
0	11
42	0
0	1010
0	942
2	972
0	936
3	12
7	284
5	182
0	81
182	1670
2	1783
0	306
56	1122
0	1135
1	302
32	381
6	381
4	190
5	269
0	0
0	0
0	161
0	362
0	87
0	313
3	412
0	230
16	412
0	347
6	223
0	125
0	122
2	53
1	3
2	38
0	16
0	18
19	8
1	5
0	40
0	53
0	53
0	53
0	53
13	0
0	0
0	0
0	0
0	0
27	91
0	91
1	78
0	77
0	76
0	6
0	9
0	10
0	0
5	55
0	54
3	16
0	9
0	14
4	0
256	839
28	462
0	430
5	191
0	0
0	0
0	6
0	8
1	8
0	2
0	1
0	0
0	8
0	0
0	0
0	0
0	0
0	0
0	0
0	0
1804	56
7	56
0	0
0	0
200	181
1	181
0	91
0	0
0	33
0	4
0	0
0	0
0	0
303	552
3	127
0	147
0	243
0	204
0	178
0	109
0	0
0	0
0	0
0	0
0	0
0	0
0	0
0	0
0	0
0	0
0	1025
6	915
22	691
0	476
4	165
74	23
0	18
0	5
0	0
0	0
0	3
0	0
0	0
0	3
0	0
0	2
0	3
0	2
0	1
1	0
0	0
282	78
0	34
0	44
0	0
203	5
8	5
0	1718
1	1719
32	1555
0	1627
0	366
2	1563
0	84
0	1696
0	1622
53	6
0	104
3	383
0	791
19	273
0	90
9	187
639	490
28	155
0	191
2	102
4	159
5	212
0	20
169	167
13	108
0	33
0	54
7	41
1	19
0	1
0	1
0	0
0	0
0	0
0	0
0	0
0	1
0	0
0	0
0	0
1	45
0	0
15	101
0	91
0	28
0	10
0	8
5	31
2	53
2	118
0	125
0	13
0	12
0	6
0	13
0	11
0	125
0	119
6	618
0	621
1	77
0	12
4	132
7	132
1	17
187	671
1	478
21	0
1	1515
0	1499
0	642
0	163
0	640
0	80
0	127
2	1331
1	737
0	368
11	50
38	499
56	8
0	97
0	22
0	197
3	144
3	152
13	113
0	1508
0	0
0	0
0	0
0	0
0	0
0	0
0	0
0	0
0	0
0	0
0	0
0	0
0	0
0	0
0	0
0	0
0	1891
7	1965
3	17
22	698
6	54
6	64
4	434
3	1917
0	99
0	328
5	211
0	271
0	244
0	107
0	0
0	0
0	0
342	703
0	18
5	350
6	683
6	382
18	12
2	24
26	3
9	698
0	0
0	0
0	175
0	45
0	175
0	174
4	153
0	1
0	10
0	26
0	138
0	64
0	57
0	159
0	0
0	0
0	0
0	0
0	0
0	7
0	42
0	33
0	30
0	26
1	26
0	23
0	43
0	42
0	0
0	0
0	2
0	2
0	2
0	2
0	0
0	0
0	0
0	0
0	4
0	2
0	3
0	4
0	4
0	3
0	4
0	0
0	0
1	0
2	0
0	0
0	0
44	43
2	0
0	39
0	0
0	0
0	0
0	331
24	616
0	151
0	428
75	238
11	338
0	105
0	1
0	1
0	0
0	0
0	0
0	0
0	1
0	0
0	0
0	0
11	334
7	334
4	47
5	124
0	60
0	79
0	32
0	0
0	576
0	304
0	102
0	75
0	41
0	570
0	498
2	117
17	21
0	27
0	497
0	0
0	0
0	0
1	416
1	428
0	438
0	375
2	343
144	17
0	15
0	15
0	4
0	4
24	75
0	4
0	26
0	75
299	148
11	58
4	147
0	0
0	0
0	0
0	0
0	0
0	237
0	243
0	192
0	239
0	79
0	10
0	185
0	65
0	191
5	59
0	33
1	5
0	113
0	102
3	0
0	0
0	0
0	0
0	0
0	0
0	69
3	91
1	76
53	1
1	58
59	92
0	59
2	71
7	1
0	25
9	0
2	4
32	49
3	14
0	4
3	35
0	37
29	138
13	89
0	0
8	0
0	0
0	0
0	243
0	90
0	43
0	81
0	57
0	74
0	49
0	58
0	241
7	107
2	233
0	51
1	0
0	94
0	244
0	243
334	198
8	9
6	140
12	91
0	108
0	171
2	138
10	18
6	3
2	1158
0	1105
0	1145
6	814
0	253
3	126
3	323
0	118
11	600
0	194
17	237
1	356
1	280
3	106
6	135
0	89
15	0
0	0
87	411
0	123
6	399
3	223
0	99
0	0
0	0
0	0
0	0
0	0
0	0
0	0
13310	0
0	2151
0	1829
72	230
0	411
8	1937
0	1837
0	1953
0	1489
0	193
84	0
48	124
0	1082
0	82
0	634
66	103
2	15
15	27
0	0
0	0
0	0
0	0
12	28
0	104
152	136
0	40
0	3
0	32
0	0
0	0
0	0
0	0
0	0
0	0
0	0
0	0
0	0
0	0
0	0
0	0
0	0
0	0
0	0
0	0
0	0
0	0
0	0
5	115
5	115
0	6
2	5
0	0
47	0
0	0
0	0
0	0
0	0
0	0
0	0
0	0
0	0
0	0
0	0
0	0
0	0
1	24
0	18
0	6
0	0
0	0
0	0
4	0
0	0
0	0
0	0
0	2
0	1
0	1
0	0
0	0
0	0
0	0
1	6
0	3
2	3
0	3
0	1
2	1
5	0
0	6
0	0
0	0
0	0
392	651
0	66
13	564
0	165
0	150
69	189
9	25
0	44
0	363
1	312
9	29
0	340
0	317
46	51
0	2
0	123
33	148
7	104
1	54
1	22
0	43
0	58
0	60
0	48
0	5
1	12
3	7
333	176
10	995
11	1063
0	1073
56	990
174	247
5	245
2	36
0	0
0	43
0	0
0	0
0	0
0	0
1	14
6	24
1	0
0	24
0	0
7	0
1	157
0	0
5	88
380	165
0	0
0	0
2	0
0	0
0	1
0	723
0	1
0	176
0	227
0	917
0	1084
0	752
0	1096
0	713
0	472
0	1084
0	1062
0	213
2	90
0	721
1	78
1	463
0	174
2	100
0	68
0	81
0	76
0	173
0	103
6	103
30	239
4	40
4	118
0	100
0	305
4	85
0	83
0	26
0	305
347	0
0	0
0	0
6	0
23	511
41	472
1	150
1	162
1	12
1	100
0	0
0	228
0	73
6	187
0	182
0	114
0	174
0	79
7	66
0	223
48	212
0	7
0	211
0	831
19	842
0	241
21	102
0	3
8	58
7	493
114	2
0	0
5	185
10	896
3	479
2	27
27	0
12	159
0	896
6	0
0	9
10	0
8	18
5	1
0	51
4	786
1	157
0	288
4	786
3	207
9	183
0	317
0	181
26	308
0	357
0	208
0	0
0	0
0	0
0	0
0	0
0	0
14	10
0	0
0	0
0	0
0	0
0	1
0	1
0	0
11	5
0	5
0	0
0	0
0	0
0	0
0	306
403	1470
0	2903
0	44
5	300
27	2904
45	313
35	1741
393	1741
0	0
0	0
0	0
0	0
0	0
0	0
0	0
14	143
1	143
1	28
1	9
2	26
1	266
0	260
0	255
1	161
2	46
0	0
0	0
0	0
0	0
0	0
0	0
0	0
0	0
8	10
9	10
0	2
0	2
13	0
0	0
0	0
0	0
0	0
0	0
0	0
257	1716
4	654
0	1562
2	757
4	247
0	44
0	72
0	70
0	16
1	74
17	7
0	0
0	0
0	0
0	7
0	0
0	0
0	0
0	0
0	0
0	0
0	11
0	11
0	11
0	0
0	2
0	2
0	1
415	227
42	27
6	30
0	170
155	87
0	1
0	2
0	0
0	84
0	0
1	0
0	0
0	0
0	0
0	0
92	57
0	57
3	1558
0	7220
0	7194
1	7220
98	0
49	2544
5	7108
0	3665
0	4453
10	7147
0	465
0	442
0	453
0	418
0	230
0	26
1	57
22	237
0	67
12	16
3	17
0	16
0	242
2	248
2	247
3	3
0	39
2	16
1	16
0	13
0	487
38	836
23	1209
6	1000
0	810
712	217
0	217
0	0
0	0
0	0
387	7144
72	7144
9	7
1249	0
33	910
8	188
0	683
86	58
7	143
38	214
0	666
0	900
1	108
3	78
0	28
2	87
97	221
0	28
0	15
0	16
0	37
1	20
0	31
0	41
1	113
1	1
0	3
0	0
0	0
0	0
0	0
421	0
0	0
440	15
65	15
447	742
4	586
2	206
0	184
1	137
0	129
0	119
0	73
0	41
1	49
0	74
0	59
0	0
0	1
0	0
0	1
0	1
0	0
0	0
0	0
0	0
0	0
0	1
0	1
0	0
0	20
25	20
0	0
1	1
0	14
0	14
0	7
0	3
103	0
0	0
0	0
0	0
0	0
75	73
1	65
2	71
3	30
16	28
0	28
0	48
22	1141
0	107
10	1141
0	0
0	0
0	0
7	497
0	516
1	493
0	79
2	364
0	0
8	516
0	0
0	0
0	0
0	2
0	2
0	0
0	110
0	208
0	184
14	32
0	75
0	54
0	129
0	0
0	0
0	0
0	0
0	0
0	0
0	0
0	0
0	0
0	0
124	385
7	758
0	19
0	55
0	45
0	734
0	1117
0	493
0	1077
23	391
0	912
13	123
2	360
0	1112
0	0
0	0
0	0
363	0
42	1617
0	63
0	16
0	25
0	988
0	160
0	68
13	15
2	793
10	495
0	129
0	1
0	1
381	299
1	16
4	129
0	205
8	826
0	609
25	299
1353	902
57	253
1	0
0	11
0	10
0	6
0	0
0	177
16	315
2	30
0	23
0	28
0	15
0	0
0	15
1	128
24	13
10	85
11	74
11	35
27	73
96	128
7	105
0	67
0	0
0	0
0	0
0	0
0	0
1	4
0	4
0	332
13	281
33	12
0	44
0	16
0	262
0	211
1	67
0	17
0	26
0	38
10	138
0	0
12	131
0	3
2	7
25	10
0	131
0	78
9	85
0	79
0	55
0	40
5	40
2	7
0	10
610	0
0	182
22	186
0	92
0	26
1	14
2	939
0	976
113	288
4	108
0	772
0	782
2	48
1	56
3	69
0	61
4	57
0	105
5	85
2	5
0	0
0	0
1	0
0	0
0	0
0	0
0	0
0	0
74	16
0	16
0	0
0	0
1	0
0	0
0	0
0	0
0	0
0	0
0	1214
149	92
1	1076
0	1009
2	377
6	24
0	1214
22	530
7	530
10	94
20	7
0	107
0	0
0	0
0	0
20	242
0	65
0	25
1	11
0	32
1	28
0	20
5	152
4	37
0	35
20	31
0	89
0	87
0	19
0	87
0	3
0	18
0	1
0	1
0	1
0	0
1	1
0	1
0	0
0	311
0	311
0	33
2	2
0	16
0	230
0	56
0	1
0	0
0	11
0	0
0	0
0	0
0	0
0	4
0	0
0	0
0	1
0	0
0	7
0	207
0	0
0	5
0	0
0	0
0	0
0	207
0	0
0	0
0	0
0	563
0	1
0	1
0	1
0	0
0	0
0	0
0	0
0	0
0	0
0	0
0	0
1	73
0	0
0	0
0	0
0	0
0	0
0	12
0	427
0	0
0	0
0	0
0	0
0	0
0	0
0	3
0	1
0	0
0	0
0	0
0	0
0	64
0	427
0	1916
0	192
0	10
0	108
0	103
0	6
0	0
0	0
0	0
0	22
77	0
0	0
1	0
0	0
0	0
0	403
0	343
0	192
0	273
0	0
0	0
0	0
0	8228
0	6825
0	0
0	0
0	0
0	0
0	0
0	0
0	0
0	0
0	379
1	0
0	0
0	11
0	0
0	0
0	1
180	0
0	78
0	115
0	410
0	9
442	0
0	0
79	0
0	119
0	0
0	0
83	151
5	151
0	210
0	208
0	0
0	0
0	0
0	0
0	0
0	0
0	0
0	0
0	0
0	0
0	0
0	0
0	0
0	0
0	0
0	0
0	0
0	0
0	0
0	0
0	0
0	0
0	0
0	0
0	0
0	0
0	0
0	0
0	0
0	0
0	0
0	0
0	0
0	0
0	0
0	0
0	0
0	0
0	0
0	0
0	0
0	0
0	0
0	0
0	0
0	0
0	0
0	0
0	0
0	0
0	0
0	0
0	0
0	0
0	0
0	0
0	0
0	0
0	0
0	0
0	0
0	0
0	0
0	0
0	0
0	0
0	0
0	0
0	0
0	0
0	0
0	0
0	0
0	0
0	0
0	0
0	0
0	0
0	0
0	0
0	0
0	0
0	0
0	0
0	0
0	0
0	0
0	0
0	0
0	0
0	0
0	0
0	0
0	0
0	0
0	0
0	0
0	0
0	0
0	0
0	0
0	0
0	0
0	0
0	0
0	0
0	0
0	0
0	0
0	0
0	0
0	0
0	0
0	0
0	0
0	0
0	0
0	0
0	0
0	0
0	0
0	0
0	0
0	0
0	0
0	0
0	0
0	0
0	0
0	0
0	0
0	0
0	0
0	0
0	0
0	0
0	0
0	0
0	0
0	0
0	0
0	0
0	0
0	0
0	0
0	0
0	0
0	0
0	0
0	0
0	0
0	0
0	0
0	0
0	0
0	0
0	0
0	0
0	0
0	0
0	0
0	0
0	0
0	0
0	0
0	0
0	0
0	0
0	0
0	0
0	0
0	0
0	0
0	0
0	0
0	0
0	0
0	0
0	0
0	0
0	0
0	0
0	0
0	0
0	0
0	0
0	0
0	0
0	0
0	0
0	0
0	0
0	0
0	0
0	0
0	0
0	0
0	0
0	0
0	0
0	0
33	7
0	7
0	0
0	0
0	0
0	0
0	0
0	0
0	0
0	0
0	0
0	5
0	6
0	6
0	0
2	11
16	23
0	16
0	4
0	0
0	3
2	0
2	0
0	3
2	6
0	5
0	0
0	0
0	0
0	0
0	6
1	6
0	6
0	6
0	5
3	5
0	1
0	0
0	0
0	0
0	0
0	0
0	0
0	0
0	0
0	0
0	0
0	0
0	0
0	0
0	0
0	0
0	0
0	0
0	0
0	0
7	0
72	13
0	13
0	42
0	40
8	151
105	150
3	5
0	0
0	0
0	5
2	1
0	49
0	19
6	33
0	0
0	0
0	0
0	8
0	0
0	1
4	0
0	0
7	0
0	0
1966	4588
0	0
11	0
4	0
0	0
1	0
0	0
0	0
1	0
0	2
2	0
0	0
0	0
0	1
0	0
0	20
0	0
0	0
65	270
0	0
2	0
0	0
0	0
0	0
2	0
0	0
0	0
0	0
0	0
0	0
0	0
6	28
0	0
18	0
0	0
1	0
0	0
0	0
220	1799
12	0
0	1
302	6652
0	0
4	0
1	0
7	0
0	0
0	0
0	0
0	7
0	0
0	0
0	0
0	0
7	0
0	0
0	0
0	0
329	83
0	0
0	0
0	0
2	0
0	0
0	0
0	0
5	2
0	0
0	0
0	1
0	2
0	0
0	0
0	42
0	1
1	0
0	0
2	2
3	2
8	0
1	2
0	0
0	0
0	0
0	7
0	0
0	0
0	0
112	195
659	4604
2	0
0	0
0	0
17	19
3	0
0	0
0	0
0	0
0	2
0	0
0	0
0	1
0	2
0	0
1	0
1	0
0	0
0	0
0	0
0	0
0	2
0	2
204	15
0	14
0	108
0	94
0	0
0	0
0	0
0	0
0	0
0	0
0	0
0	0
0	0
0	0
0	0
0	0
0	0
0	0
0	0
0	0
8	42
32	110
43	91
0	40
10	62
0	66
2	33
0	1
4	2
7	0
8	0
1	23
0	1
15	0
0	0
2	0
0	4
0	1
0	1
0	0
0	0
4	0
0	0
0	0
0	0
0	0
0	0
0	0
0	0
4	0
0	0
0	0
0	0
0	0
0	0
0	0
0	0
0	0
0	0
0	0
4	223
0	73
0	127
0	0
0	0
0	0
0	0
0	0
0	0
0	0
0	0
0	0
0	0
0	0
0	0
0	0
160	1070
0	841
0	0
2	351
1462	646
0	0
0	0
0	0
0	0
0	0
0	0
0	0
0	0
0	0
0	0
0	0
0	0
0	0
0	0
0	0
0	0
0	0
0	0
0	0
0	0
0	0
0	0
0	0
0	0
0	0
0	0
0	0
0	0
0	0
0	0
0	0
0	0
0	0
0	0
0	0
0	0
0	0
0	0
1	0
0	0
0	30
9	1
0	1
0	2
0	2
0	0
0	0
0	0
0	0
0	0
0	0
0	0
0	21
0	21
0	0
0	0
8	0
0	0
0	0
0	0
0	0
38	92
0	8
0	0
0	8
0	8
0	9
0	6
0	0
0	0
0	0
1	2
0	0
0	0
0	0
0	0
0	0
0	0
0	0
0	0
0	0
0	0
0	0
4	5
0	8
0	2
0	8
0	0
0	0
0	0
0	0
0	0
0	0
0	0
0	0
0	0
0	0
0	0
0	0
0	0
0	0
0	0
0	0
0	0
0	0
0	0
0	0
0	0
0	0
0	0
0	0
65	17
0	4
2	9
0	0
0	0
0	0
0	0
0	0
0	0
0	5
0	34
2	5
0	0
0	0
0	0
0	0
0	0
0	0
0	0
0	0
0	0
0	0
0	0
0	0
0	0
0	0
0	0
0	0
0	0
0	0
0	3
0	7
0	1
0	0
0	0
0	0
0	0
0	0
0	0
0	0
0	0
0	0
0	0
0	14
1	14
1	0
0	1
2	1
0	2
0	3
0	0
0	0
0	0
0	0
0	0
1	0
0	0
0	1
0	1
1	1
0	0
9	40
11	61
0	0
0	0
0	0
0	0
0	0
0	0
0	0
0	0
0	0
0	0
0	0
0	0
0	0
0	0
0	0
0	0
0	0
0	0
0	0
0	0
0	0
1	0
0	8
0	8
0	0
0	0
0	0
2	1
0	0
0	1
0	0
3	1
0	0
0	0
0	0
0	0
0	6
0	5
0	1
3	218
14	291
0	6
0	5
16	81
0	36
35	8
0	8
36	68
0	81
0	0
0	0
0	0
0	0
0	0
0	0
0	0
0	0
0	0
0	0
0	0
0	0
0	0
0	0
0	0
0	0
0	0
0	0
0	0
0	0
0	0
0	0
0	0
0	0
0	0
0	0
0	0
3	12
0	12
2	73
2	73
5	456
29	334
0	0
0	0
1	2
0	1
16	16
0	0
0	0
0	0
0	0
0	0
0	0
0	0
0	0
0	0
0	0
0	0
0	0
0	0
0	0
0	0
0	0
0	0
0	0
0	0
0	0
0	0
0	0
0	0
0	0
0	0
0	0
0	13
0	14
6	11
11	20
0	18
3	15
0	0
0	4
0	4
0	0
1	5
0	5
0	4
1	0
0	0
0	0
0	0
0	0
0	0
0	0
0	0
0	0
0	0
0	0
0	0
0	0
0	0
0	0
0	0
0	0
0	0
0	0
0	0
0	0
0	0
0	0
2	5
1	16
0	0
0	0
0	0
0	0
0	0
0	0
0	0
0	0
0	0
0	0
0	0
0	0
0	0
0	0
0	0
0	0
1	0
0	0
0	0
0	4
0	4
8	1
0	14
0	12
4	12
0	0
2	0
0	0
0	0
50	2
0	1
88	247
78	357
0	460
0	393
0	0
0	0
0	0
0	0
0	0
0	0
0	0
4	164
89	51
3	231
0	5
15	21
0	14
0	12
0	0
0	4
1	68
8	21
1	43
9	39
0	0
0	0
0	3
0	0
0	0
0	0
0	0
0	0
0	0
0	0
0	0
0	0
0	0
0	0
0	0
0	0
0	0
0	0
0	3
5	4
24	1
0	0
0	0
2	8
0	0
0	0
0	0
0	0
0	0
0	0
0	0
0	0
0	0
0	0
0	1
0	2
0	1
0	1
0	1
0	0
0	0
0	0
0	0
0	0
0	0
12	80
0	53
5	26
26	12
0	12
15	21
0	0
1	9
0	0
0	0
0	0
0	0
0	0
0	0
13	27
0	7
0	0
0	0
0	0
0	0
0	0
0	0
0	0
0	0
0	0
0	0
0	0
0	0
0	0
0	0
0	0
0	0
0	0
0	0
0	0
0	0
0	0
0	0
0	0
0	0
0	0
0	0
0	0
0	0
0	0
0	43
0	43
0	0
0	0
0	0
0	0
0	0
0	0
0	0
0	1
0	1
0	1
1	0
0	0
0	0
0	0
0	0
1	2
0	2
0	0
0	0
0	0
0	0
0	0
0	0
0	0
0	0
0	0
0	0
0	0
0	0
0	0
0	0
116	64
0	64
18	0
21	0
0	0
0	0
0	0
0	0
0	0
0	0
0	0
0	0
0	0
0	0
0	0
0	0
0	0
0	0
1	0
0	0
0	0
0	0
0	7
0	0
0	0
0	0
0	0
0	0
66	29
0	29
0	0
0	0
1	0
0	0
0	0
0	11
0	10
0	0
5	0
0	0
1	0
0	0
0	0
0	0
0	0
0	0
0	0
0	0
0	0
0	0
0	0
0	0
0	3
0	3
0	0
0	0
0	0
0	0
0	0
0	0
0	4
0	5
0	0
0	0
0	0
0	0
0	0
0	0
0	0
4	0
0	0
0	0
0	0
0	0
0	0
0	0
0	0
12	203
0	72
0	82
0	182
5	31
0	194
13	103
0	93
0	0
0	0
8	3
0	2
0	2
0	0
0	2
0	1
0	1
0	3
0	1
0	1
0	1
0	2
1	0
1	0
0	0
0	0
0	0
0	0
0	1
0	1
0	0
0	0
0	0
0	0
0	0
0	0
0	0
0	0
0	0
0	0
0	0
0	0
0	0
0	0
0	0
0	0
0	0
0	0
0	10
0	2
0	2
0	0
0	0
0	0
0	0
0	0
1	10
0	10
0	0
0	0
0	0
0	0
0	0
0	0
0	0
0	0
0	0
0	0
1	16
7	1059
0	0
0	0
0	0
5	0
0	0
0	279
9	1579
0	0
0	1
0	0
0	0
0	0
0	0
0	0
0	0
8	11
0	0
2	546
0	0
0	0
0	0
0	0
2	137
0	0
3	2423
0	0
0	0
4	0
0	9
0	0
0	0
0	0
0	0
0	12
0	122
0	22
0	0
0	0
0	0
2	1071
0	0
0	0
0	0
0	0
0	0
0	0
0	0
0	0
0	0
0	0
0	0
0	0
0	0
0	0
0	0
0	0
0	0
1	0
0	0
20	179
0	0
0	0
0	0
108	66
272	1289
5	43
0	0
3	0
0	0
2	293
0	0
0	5
0	0
0	0
0	0
0	0
2	0
5	0
0	0
0	1
0	0
0	0
0	45
4	95
0	0
0	0
0	0
2	0
5	186
0	0
0	0
4	0
0	0
0	0
0	100
0	0
0	0
0	0
0	0
0	223
0	0
0	0
5	8
0	0
0	0
0	36
0	1586
0	0
0	0
0	0
0	0
0	0
0	0
0	0
0	0
0	0
2	146
0	0
0	0
0	0
0	0
0	0
0	0
0	0
0	0
1	25
0	0
0	0
0	0
0	0
4	1584
0	140
0	0
0	0
0	0
0	0
0	0
0	129
28	285
0	0
0	206
0	2
0	0
0	0
0	0
0	0
0	0
0	0
0	0
0	3
0	0
192	1857
1	1867
0	94
0	0
0	0
1	9
0	0
0	0
0	0
0	0
0	0
0	0
0	0
0	7
0	0
0	0
0	2877
0	0
0	0
0	0
0	0
0	0
0	0
0	0
10	3610
0	0
0	0
2	535
0	380
0	0
0	0
0	25
0	1
0	0
0	0
0	0
0	0
0	0
0	0
0	22
0	2
0	0
0	0
81	5720
1	0
0	0
0	234
2	0
4	745
0	0
0	0
22	0
0	0
0	306
0	0
0	0
0	0
0	0
0	0
0	7419
0	0
0	0
0	0
3	18
0	0
0	0
0	85
0	0
0	0
0	0
0	0
3	8
0	0
0	0
0	2
0	0
0	0
0	0
0	0
0	0
0	0
0	4132
0	0
0	0
0	0
0	0
0	0
0	0
0	0
34	725
1	78
0	0
0	0
0	0
1	4
0	0
0	0
0	0
0	0
117	54
0	0
0	0
0	0
0	342
0	0
6	0
93	644
0	0
2	0
0	0
0	0
0	0
0	0
0	0
2	284
0	0
0	0
0	0
170	6565
0	0
0	0
0	0
0	0
0	0
0	0
0	0
0	5
0	0
0	0
5	15
0	0
0	1393
1	6
0	0
0	0
0	503
0	32
0	0
0	0
0	1
0	0
1	0
5	3381
0	0
0	601
0	6
0	1
0	201
0	2308
0	0
0	185
0	0
0	0
2	9
2	0
0	0
0	0
0	0
0	0
0	0
0	0
5	0
0	0
0	1179
0	0
0	219
0	0
8	1904
0	0
3	252
0	0
0	0
8	0
0	0
4	425
0	0
0	2167
5	675
0	0
0	0
0	0
1	47
0	0
0	16
0	0
0	0
0	2922
0	0
0	0
0	0
0	287
3	0
0	0
0	7
4	2
0	0
1	0
0	112
0	0
0	12
0	0
0	4
0	0
0	897
0	4
0	0
0	0
0	7
2	126
0	0
0	0
3	0
9	3292
0	0
0	0
0	0
0	0
0	339
0	0
0	0
0	0
0	0
0	0
0	0
2	234
2	0
0	0
0	0
0	0
0	135
0	0
0	0
0	0
0	0
0	0
0	3512
0	0
0	0
0	144
0	647
0	0
0	0
0	0
2	3173
0	0
0	1
0	0
0	0
2	17
3	259
0	0
7	0
0	0
0	0
0	0
0	1
0	0
0	0
0	0
1	0
0	0
0	3
0	0
0	0
0	0
1	6
2	92
0	0
0	25
0	0
0	0
0	0
0	1
0	0
3	237
0	0
1	0
0	0
0	0
0	0
0	0
0	0
0	1
0	0
0	0
0	0
0	0
2	0
0	2
0	0
0	179
0	0
0	0
13	3347
0	0
0	0
0	0
0	0
0	0
0	1
0	0
0	0
0	0
0	0
0	0
0	0
0	0
0	0
4	17430
0	27
0	1001
0	0
3	65
0	0
3	5
0	0
1	6
0	0
0	1
0	0
0	0
0	0
0	0
0	0
0	0
0	0
0	0
0	0
0	0
0	0
0	0
0	0
0	0
0	0
0	0
8	3811
0	0
0	0
4	424
0	0
0	0
0	0
0	31
0	0
0	0
0	1
0	0
1	5243
0	29
0	0
0	0
0	0
0	0
21	153
0	474
0	0
0	0
0	0
0	0
0	0
0	0
0	0
0	0
0	106
0	0
0	0
0	0
0	0
0	0
0	0
2	0
0	6
0	0
0	0
0	0
0	0
0	0
0	1030
0	0
0	0
0	0
0	0
0	0
0	0
100	924
0	0
0	0
0	0
2	731
0	0
0	0
0	0
0	0
1	2
0	0
0	0
0	0
0	0
4	6203
0	0
0	160
3	1
0	0
2	1
0	0
60	268
0	0
0	0
0	0
0	0
0	0
0	0
2	0
0	0
0	0
1	0
0	0
0	27
0	0
0	0
0	1
10	2526
0	0
269	4289
0	0
0	0
0	0
0	0
609	3400
0	0
0	0
0	0
0	0
0	0
0	0
15	0
0	0
0	32
0	0
0	0
3	96
0	0
0	543
0	0
0	0
0	0
0	0
0	0
4	598
0	0
0	0
0	0
0	0
0	0
0	0
0	0
0	0
0	2
0	0
1	364
0	0
0	0
0	0
0	0
0	138
0	0
71	1422
162	5481
0	0
0	0
23	2561
0	0
0	0
0	14
0	35
0	0
0	0
0	0
0	0
0	0
0	5708
0	0
0	0
1	103
0	0
0	0
0	5
0	0
0	0
0	0
0	0
0	0
0	0
0	0
1	1
0	0
0	0
0	0
0	886
7	0
0	0
0	0
0	0
0	0
0	0
0	0
0	0
0	897
0	0
0	367
0	0
0	0
4	6
0	0
0	0
0	0
0	11
0	0
0	0
5	0
0	0
0	8
0	0
0	41
0	1
0	1
1	508
0	0
0	0
3	0
0	0
1	0
0	0
0	0
1	0
0	0
0	0
0	0
6	0
2	0
0	0
0	0
7	5261
0	0
1	0
4	0
0	0
0	0
0	413
0	0
0	0
0	20
0	0
1	327
0	0
0	0
0	0
0	0
0	0
0	0
0	75
0	0
0	0
0	0
1	0
0	0
0	20
33	262
0	0
0	0
0	32
0	0
6	658
0	190
0	0
0	0
0	10
0	34
0	0
0	0
0	0
0	0
0	0
0	0
0	0
0	0
0	0
0	0
0	0
0	0
4	0
0	0
0	5
0	0
45	1741
0	712
0	0
0	0
0	0
0	34
6	0
0	0
0	0
0	0
1	0
290	264
0	0
0	0
0	0
0	0
1	0
0	2
0	3
0	0
0	0
0	0
3	3535
2	374
0	0
0	0
0	70
0	0
1	357
0	0
0	0
2	0
0	0
0	0
0	0
0	0
0	0
0	0
15	2731
0	0
0	0
0	0
0	1
3	445
5	1350
28	954
0	0
0	0
0	0
0	8
0	0
0	2772
0	0
17	745
0	8
0	0
0	0
0	0
0	0
0	2
0	0
3	0
0	0
0	0
0	3
0	0
0	3
0	1676
0	0
0	0
0	0
0	0
0	6
0	0
13	775
0	0
0	428
0	0
0	0
0	0
0	3
0	0
0	0
0	0
3	248
0	7
0	0
0	0
0	0
0	0
0	0
0	0
0	5414
0	0
52	415
0	0
2	442
0	0
1	1
0	0
0	320
1	1
1	48
0	1
0	15
1	5
0	0
0	0
1	1
0	14
0	0
3	156
0	0
0	0
0	0
0	0
0	0
0	84
0	0
0	0
0	0
0	246
0	0
0	3
0	0
0	0
3	267
3	12
0	0
0	0
0	0
0	0
0	0
0	0
0	0
0	0
0	0
0	1032
0	0
0	0
1	0
0	0
0	0
0	0
0	4590
3	0
0	0
0	0
0	0
0	0
0	0
0	441
0	3637
0	0
12	655
0	0
0	0
0	0
0	0
0	0
1	0
3	395
0	0
4	15
0	0
1	4
1	0
0	0
0	0
1	0
0	0
0	0
0	1
0	0
8	1744
0	21
0	0
1	30
0	0
0	0
0	0
0	0
0	0
0	0
0	1
0	0
66	141
0	0
0	2
0	0
0	0
0	0
0	0
0	0
0	1
0	27
0	0
0	0
1	88
0	0
0	0
0	11
0	0
3	920
0	0
0	0
0	0
0	2809
0	0
0	0
1	76
0	0
0	0
0	0
0	0
0	1
0	0
0	0
0	1
0	0
0	0
0	0
0	0
0	49
0	0
0	0
0	0
0	0
0	1
0	1548
0	0
0	0
0	0
0	0
0	0
10	2829
3	0
3	580
0	0
0	0
0	0
0	0
2	0
3	0
0	0
0	0
0	0
1	0
1	65
0	0
0	0
0	0
0	0
3	250
0	0
0	0
0	0
0	0
2	88
0	0
0	0
0	39
0	0
0	0
0	0
0	0
7	3451
0	0
0	0
2	600
0	0
0	0
0	0
6	20
3	0
1	0
0	0
0	0
2	2
0	0
0	0
0	0
0	0
0	0
0	34
0	0
0	25
7	5
0	0
0	1
0	0
1	30256
0	0
0	0
0	0
0	0
0	0
0	0
285	5929
0	2
1	0
2	0
0	0
3	261
0	1
2	1
0	0
0	0
0	0
0	29
0	0
0	0
0	27
0	0
0	75
0	1
0	0
2	1290
0	0
0	115
1	586
0	0
0	464
0	0
0	0
0	1
0	26
1	1541
0	0
0	0
0	0
0	8131
0	0
0	0
0	0
0	0
0	0
0	0
0	0
0	5
0	0
0	2
2	0
0	0
0	0
0	0
1	0
0	0
0	0
0	0
0	0
0	0
0	0
0	14
0	0
0	417
4	1362
0	0
11	6183
0	0
0	0
0	0
0	0
0	0
0	0
0	0
0	26
1	747
0	4
0	0
0	63
0	34
0	0
0	0
0	0
7	212
0	1
0	0
0	34
0	0
0	0
0	0
0	0
0	0
6	1563
0	25
13	246
0	12
2	183
0	0
1	0
0	5830
0	1
0	3430
0	0
0	0
0	3
0	2
0	0
0	0
2	435
0	0
0	0
0	0
1	0
2	4
0	0
1	116
0	0
0	0
0	0
0	0
1	1
0	0
0	0
0	0
0	0
0	2
0	0
0	0
0	0
2	16
0	106
0	0
0	0
0	0
2	1
0	0
0	0
0	0
0	0
0	0
21	133
0	0
0	0
0	0
0	0
0	0
4	2898
4	0
6	0
0	0
0	8
1	0
2	441
0	0
1	1
0	0
1	121
12	2176
0	0
2	278
0	7
0	8
0	0
0	0
65	2644
0	0
0	0
0	32
0	155
1	1227
4	4
1	4275
3	3
0	0
0	0
325	2960
0	0
0	2
12	0
0	0
0	0
0	0
7	5
0	79
0	0
0	0
1	85
0	0
0	0
0	2
0	0
7	16
0	0
0	0
0	421
3	281
0	0
0	0
0	0
0	0
0	0
0	1
0	3
0	7
0	0
0	0
0	13
0	24
0	0
0	0
0	5
0	0
0	0
1	0
0	0
0	0
8	145
0	0
0	0
0	0
0	0
0	0
0	0
0	0
0	0
0	0
4	0
0	3
0	0
0	0
0	0
0	0
1	461
5	91
0	0
0	0
0	0
0	0
0	0
0	0
0	0
0	0
0	0
0	0
1	270
1	0
0	0
0	237
0	0
0	0
0	1
0	0
0	0
0	0
0	0
0	0
0	0
0	0
2	135
1	44
0	1
1	8152
0	0
3	8
0	0
0	0
0	0
0	0
0	0
0	0
503	1582
0	0
0	76
0	0
0	1
3	489
23	255
0	6
0	0
0	0
0	0
12	0
17	7455
0	0
0	0
0	0
0	8
0	0
0	0
0	0
0	0
0	0
0	0
0	0
0	0
0	0
0	0
0	0
1	584
0	0
0	338
0	0
0	0
0	0
0	0
0	0
1	87
0	0
0	0
0	0
0	0
0	0
0	0
0	0
0	0
0	0
0	0
6	49
0	0
0	105
0	2931
0	0
0	0
0	0
0	0
0	0
0	0
0	0
0	0
0	0
0	0
0	0
0	0
1	1
2	0
0	0
0	0
0	0
0	0
0	0
0	0
0	0
0	0
0	0
0	1
0	0
0	0
0	0
0	0
0	27
0	0
0	97
6	0
0	0
0	0
0	0
0	0
0	0
0	0
0	0
0	0
0	280
0	85
0	0
0	0
7	3277
0	0
0	201
0	0
0	0
0	0
0	0
0	0
0	0
0	0
0	0
0	0
1	0
0	0
0	0
1	728
0	0
0	0
0	0
0	0
0	4
0	0
5	528
0	0
0	0
0	0
0	0
0	0
0	0
0	0
0	0
0	0
0	0
0	1
0	0
3	0
424	2023
0	0
0	0
0	0
0	0
0	0
0	0
0	0
0	0
0	0
0	0
4	397
0	0
0	0
0	0
0	0
4	4551
0	0
0	204
0	0
0	0
0	14
0	0
0	0
0	0
0	0
0	71
23	441
0	0
0	0
0	0
0	0
0	0
0	0
0	0
0	0
0	0
0	0
0	0
1	11
0	59
0	0
0	0
4	96
0	0
0	0
0	0
0	0
0	0
0	0
0	0
0	0
0	0
0	113
0	0
0	0
0	14
0	0
3	122
0	0
0	0
3	139
0	0
12	55
0	0
0	0
3	580
1	6
2	52
0	0
0	0
0	0
0	0
0	2
0	0
0	0
0	0
0	0
12	1
0	15
0	0
0	0
0	0
0	0
0	0
0	31
0	0
0	0
0	0
0	0
1	0
0	0
0	0
0	61
0	0
0	0
0	0
0	123
1	130
0	31
0	0
0	0
0	28
0	3
0	0
0	0
1	360
0	0
0	11
0	0
0	50
0	0
2	4
0	0
0	0
0	0
0	0
0	0
0	217
55	1109
0	0
0	0
0	0
0	0
0	0
0	0
25	154
0	0
0	0
0	0
0	0
0	0
0	0
0	0
0	0
0	0
0	0
0	3
0	0
0	0
0	0
0	0
0	3544
0	0
8	25
0	35
0	1
0	164
0	0
1	0
0	0
1	0
0	0
0	0
4	9660
4	4
0	0
0	0
0	0
0	0
0	0
38	223
0	0
0	0
0	0
0	0
0	0
0	159
0	0
3	2658
0	0
0	0
0	0
0	0
0	0
0	0
0	145
0	0
0	0
0	0
0	913
0	0
6	859
0	0
0	0
0	0
8	56
0	0
1670	10300
0	16
0	0
0	0
0	0
0	0
0	0
2	954
0	32
0	0
1	443
0	0
2	36
0	0
0	5
0	0
0	0
0	0
0	0
0	0
0	0
0	20
0	0
0	0
0	0
0	0
0	0
0	0
0	0
0	0
0	0
0	0
0	579
0	0
0	0
0	6
0	0
5	454
0	0
0	6
59	143
0	0
0	0
0	0
1	0
0	0
0	0
0	58
0	0
0	0
0	0
0	0
0	0
0	0
0	8438
0	0
0	0
0	0
0	0
0	212
0	0
0	0
0	0
0	0
2	147
0	0
0	4
0	0
0	0
0	0
1	2
0	0
1	0
0	1
0	0
0	0
0	0
0	0
0	0
0	0
0	0
0	0
0	0
0	0
0	0
0	0
0	0
0	0
0	0
0	4
0	0
0	0
1	110
0	0
1	1
4	1167
0	0
1	0
0	0
0	0
0	0
0	0
17	1751
0	0
0	0
4	0
0	0
0	0
0	0
0	0
0	1
0	0
0	0
2	0
0	0
0	0
1	287
0	10
0	0
0	0
0	0
0	63
0	0
0	1
1	0
0	0
0	0
0	0
0	1009
0	0
0	20
0	0
0	0
0	0
0	6
0	0
0	108
0	0
0	0
4	0
0	0
0	0
0	0
0	121
0	0
0	0
1	0
0	0
10	409
0	2
0	0
0	0
0	0
0	0
0	0
0	2038
0	0
0	0
0	0
0	0
0	1834
0	0
0	4
1	83
0	0
0	0
0	0
1	0
0	0
0	0
0	0
0	0
5	0
0	0
0	1
0	5
0	0
0	0
0	0
0	0
0	0
0	0
0	0
0	0
9	325
0	0
131	1102
0	0
5	100
0	0
0	462
0	0
0	0
0	0
0	9
0	0
0	100
0	0
0	0
0	0
0	0
0	0
0	98
0	0
46	264
0	0
0	0
0	5
0	0
0	0
0	107
0	0
0	0
20	309
0	0
0	0
0	0
0	0
0	0
0	0
0	0
0	0
0	0
0	0
0	0
0	0
0	0
0	0
2	45
1	0
0	4
2	136
0	161
6	396
0	0
0	0
0	0
0	0
0	0
0	0
0	0
0	0
0	0
0	0
0	0
0	0
0	0
8	5572
0	0
0	1
1	36
0	0
0	0
0	20
0	0
27	64
0	0
0	0
0	0
0	62
0	0
0	0
0	0
0	141
0	0
0	0
7	3736
0	0
0	0
0	0
0	0
0	0
0	0
0	0
0	0
0	0
0	0
0	0
0	0
0	0
0	0
0	0
0	1
4	0
0	0
6	4526
5	504
0	0
0	0
0	0
1	0
0	0
0	0
0	0
0	11
23	219
5	2846
0	3983
3	0
0	0
0	0
0	0
0	0
0	0
0	0
0	0
3	0
0	0
0	81
0	0
0	7
114	143
0	0
0	0
0	6
0	0
0	4975
0	0
0	0
0	0
0	0
0	0
0	0
0	0
0	0
2	0
0	0
0	134
0	0
0	1
0	0
0	0
0	19
0	0
0	0
0	0
0	0
0	1
0	0
0	0
0	0
0	0
0	0
0	0
0	1
0	1
0	0
183	401
4	739
8	24
0	10
0	0
0	0
0	0
0	0
0	2
5	159
0	0
55	783
0	77
0	0
0	0
0	0
0	0
0	0
0	0
0	0
0	0
1	100
0	0
0	0
0	51
0	99
0	0
0	0
0	0
0	261
0	0
39	601
0	0
0	0
0	0
0	0
0	0
5	168
0	0
0	0
0	0
0	0
0	0
0	16
0	0
0	0
0	0
0	0
0	0
0	0
0	0
4	3277
0	12
0	108
0	0
0	0
0	0
0	0
0	1
2	0
0	1
0	0
0	0
0	8
0	0
0	0
0	0
0	0
0	14
0	0
0	0
0	0
0	0
0	44
0	2
0	0
0	0
0	0
0	0
0	19
0	0
0	7
0	14
0	1
0	0
0	918
0	0
0	1
1	1
0	0
0	0
0	0
12	1153
0	0
0	0
0	0
0	0
8	3
0	0
0	17
0	0
0	0
0	0
0	0
0	0
0	0
0	0
0	0
0	0
0	18
0	0
1	118
0	0
0	19
0	0
0	0
252	11201
6	46
0	276
1	3
0	0
0	0
0	0
0	0
0	0
0	0
0	0
0	0
0	0
0	0
0	0
0	0
0	24
0	0
0	52
0	1
0	0
0	0
0	0
0	0
0	0
0	0
0	0
0	0
0	0
0	0
0	0
0	0
2	340
0	0
0	0
0	0
3	43
0	0
0	0
0	0
0	0
0	0
0	0
0	6
0	0
0	0
1	0
2	0
0	0
0	0
0	0
0	0
0	0
0	0
0	0
0	0
0	0
0	0
0	0
0	0
0	0
0	0
0	0
13	59
0	17
0	0
0	0
8	0
0	0
2	275
0	0
7	0
0	1
0	0
0	0
0	0
1	5
0	0
0	0
0	0
0	0
0	0
0	0
0	119
0	0
0	0
0	0
11	279
16	10
0	3
0	0
0	0
254	872
0	0
0	0
2	0
0	0
0	0
2	0
0	0
0	0
0	0
563	4049
0	0
0	0
0	0
0	125
1	0
0	0
0	164
43	82
0	2
5	637
0	0
0	0
0	0
0	0
0	0
0	0
0	0
0	0
0	0
0	0
0	0
0	0
0	0
0	0
0	0
0	0
0	0
0	0
0	0
3	110
0	0
0	0
0	0
0	0
0	0
0	0
0	0
0	0
0	0
0	0
2	0
0	0
0	1
0	0
0	0
0	0
0	0
0	0
6	760
0	32
0	0
0	26
0	0
0	0
0	0
0	715
1	0
0	0
15	277
0	0
27	430
2	343
0	0
0	0
0	0
0	0
0	0
0	0
0	78
0	0
0	0
1	3
0	0
0	0
169	441
0	0
3	0
0	0
0	0
0	0
0	0
0	359
0	0
0	0
0	0
3	280
0	0
0	0
0	5420
0	0
0	0
2	0
0	0
0	0
0	7
0	472
0	0
0	0
0	0
0	0
0	0
0	0
0	0
0	0
0	0
0	0
0	0
0	0
0	0
20	432
0	0
0	0
0	0
0	0
0	0
0	0
0	1
0	0
0	0
2	5
0	584
0	0
0	2
2	18655
0	2
0	0
0	0
0	0
0	0
0	0
0	0
0	158
1	0
0	0
0	0
0	2145
1	0
0	0
1	341
0	0
0	0
0	0
0	2
0	0
0	0
0	0
0	0
0	0
0	8
0	0
0	0
0	0
0	0
0	0
0	0
0	0
0	0
0	0
5	3967
0	0
0	17
0	0
0	0
0	0
0	0
0	0
0	0
0	215
0	0
0	0
4	4858
0	0
0	0
0	0
0	0
1	52
0	0
0	0
3	0
0	0
0	2
0	0
0	0
0	0
4	1228
0	0
0	0
2	0
0	0
4	18
0	0
1	9
0	0
0	0
0	0
0	0
0	0
0	0
0	0
0	0
0	0
0	0
0	3
0	0
0	0
0	0
0	0
0	0
0	22
0	0
0	0
0	0
0	41
0	0
1	0
0	0
0	0
0	0
0	0
8	0
0	1010
0	2195
0	79
0	0
8	1004
0	0
0	0
0	0
108	840
0	0
0	849
0	0
0	0
0	0
0	0
0	0
0	0
0	0
0	0
0	0
0	0
4	432
0	0
3	0
7	203
0	0
0	12
0	0
0	0
0	331
0	0
0	205
0	0
0	0
0	0
1	0
5	568
0	2
0	0
0	0
0	0
0	0
2	98
0	0
0	8119
0	1
2	5419
0	17
13	81
0	0
3	101
0	0
0	0
0	24
0	0
0	0
0	0
0	0
0	0
0	0
0	0
0	0
0	0
2	1907
0	0
0	0
0	0
0	0
0	39
0	0
0	0
0	0
0	0
0	0
3	0
0	24
0	0
0	4598
11	1
0	0
0	0
0	0
1	468
9	0
1	183
0	0
0	102
0	0
0	268
0	0
0	0
1	645
0	0
0	0
0	0
1	106
0	0
3	0
0	0
0	48
3	4
0	0
0	0
0	0
0	0
0	0
0	0
0	0
0	0
0	0
1	471
0	0
0	0
5	96
0	2
0	0
0	0
1	1
0	0
0	0
0	774
0	0
0	0
0	0
0	0
0	0
5	3122
0	0
0	0
0	0
0	0
0	0
0	0
0	0
0	0
0	0
0	0
0	0
0	28
0	0
0	0
0	0
0	0
46	10260
0	0
0	0
0	0
0	0
0	0
0	64
0	0
0	0
0	0
0	0
0	0
0	0
8	984
0	0
0	1
1	75
4	717
0	1
0	0
0	0
0	0
0	0
0	0
0	0
0	0
0	0
1	2
0	0
0	0
0	0
0	0
0	0
0	0
0	0
0	0
0	0
0	0
0	0
0	0
0	0
0	0
0	0
0	0
0	0
26	3917
1	0
0	0
0	0
0	0
0	0
0	0
0	1
0	0
0	0
0	0
0	0
0	290
0	65
0	0
0	0
0	0
0	4
0	0
0	0
0	0
0	0
0	0
0	0
0	0
0	1
3	3049
0	0
0	1
0	0
0	0
0	0
0	0
0	0
0	50
0	0
5	371
0	0
0	0
0	0
0	0
0	0
0	0
0	0
0	0
0	521
0	0
0	0
0	0
0	0
0	0
0	0
0	0
0	0
0	0
0	0
0	0
0	0
61	8
0	0
1	0
0	0
0	0
0	0
0	0
0	0
0	0
0	0
0	9
0	0
0	0
0	364
0	0
9	68
0	0
0	0
0	0
0	0
0	0
1	0
0	1
0	0
0	28
0	2
0	0
4	326
0	2078
0	0
0	0
0	25
0	0
5	4556
0	79
0	0
2	22859
0	0
0	0
0	0
0	0
0	0
0	0
1	34
0	0
17	1820
0	22
0	0
2	0
0	0
4	0
0	0
0	0
0	0
0	0
0	0
0	116
0	0
0	0
0	2
0	0
0	0
0	0
0	42
0	0
0	0
0	0
0	0
0	145
2	0
0	0
0	0
0	0
0	0
0	2
0	74
0	0
0	0
0	0
0	0
0	0
0	0
0	0
3	244
4	70
0	0
3	2
0	0
0	1
0	0
0	0
0	0
0	0
10	4470
0	0
6	229
0	0
0	0
0	0
0	0
2	985
0	0
0	2
0	0
0	0
0	11
0	0
0	301
0	0
0	0
6	56
0	0
0	2
0	0
0	0
0	0
225	5604
0	0
0	0
0	0
1	0
6	1104
0	0
0	0
0	0
0	0
0	0
0	0
0	0
0	0
0	0
0	0
0	0
0	0
0	0
0	0
0	0
0	0
0	0
0	0
0	0
1	0
0	0
3	0
0	0
0	0
0	0
0	0
0	0
0	0
0	0
0	0
0	0
0	365
0	0
0	0
0	13
0	2
0	0
3	3458
0	0
0	349
0	0
0	0
0	0
0	0
1	0
0	0
0	0
0	0
0	0
0	287
0	0
0	0
0	0
0	0
0	0
5	2052
0	0
0	0
1	0
0	201
0	0
0	0
0	0
1	0
0	0
0	0
0	0
0	4
0	0
0	0
0	0
0	0
0	0
0	0
0	0
0	0
0	0
0	0
0	0
0	0
0	0
0	23
0	0
0	2
0	0
0	0
0	0
0	0
0	4
0	0
0	0
0	0
0	0
0	0
0	0
0	0
0	0
0	0
0	0
24	2104
0	629
0	0
0	211
98	510
0	0
0	0
0	0
0	0
0	0
21	0
0	2
1	242
13	1
2	0
53	586
0	0
0	0
0	0
0	0
0	0
0	0
0	0
0	0
0	0
0	0
0	37
0	0
0	0
0	28
0	0
0	0
0	0
0	11
19	78
0	0
0	0
0	0
0	0
0	0
0	0
0	0
0	0
0	0
0	0
0	0
0	1
1	0
0	0
1	356
0	0
0	0
0	0
1	1031
0	0
0	0
0	0
0	138
0	0
2	9
0	0
0	0
0	0
0	0
0	0
4	740
0	0
0	0
0	8
8	8
0	3
3	474
0	0
0	6
0	0
0	0
0	0
4	3
0	0
0	0
0	3
44	6
0	1
0	0
0	0
0	0
0	0
8	2178
0	0
1	655
1	91
0	0
0	0
0	0
0	798
0	0
0	1
0	2
0	0
6	7137
0	0
0	0
0	0
0	0
0	0
0	0
0	0
0	0
5	383
0	546
0	0
0	0
0	0
0	0
0	0
0	4
0	0
0	0
0	0
0	15
0	0
0	16
21	0
5	22815
0	0
4	3
0	0
64	1184
0	0
0	0
0	112
0	298
0	72
0	0
0	0
0	0
0	0
1	2
0	0
0	0
0	0
5	700
5	0
0	0
0	68
0	0
0	1
0	0
0	0
0	1
0	0
0	0
0	0
0	0
0	5
0	0
0	5
0	0
0	461
0	0
3	3
0	0
0	17
0	0
0	0
3	1
0	2
0	49
0	0
0	0
0	0
0	0
4	84
22	77
0	0
0	0
0	0
1	2
0	0
65	4195
0	0
0	0
0	0
0	0
0	0
0	0
0	0
0	0
0	0
0	0
0	0
0	1
0	0
0	0
2350	5768
0	0
0	0
0	0
0	0
0	0
0	0
0	38
0	0
0	0
0	0
0	0
0	0
0	0
0	98
0	0
0	0
0	115
0	0
0	0
0	0
0	0
0	0
0	9
0	0
0	3
0	0
0	0
0	0
0	0
0	0
4	1760
0	0
0	0
0	0
0	0
0	0
3	394
0	0
0	0
0	702
0	0
0	0
0	0
0	0
0	0
0	0
35	144
0	0
0	0
0	0
0	73
0	0
0	0
0	3
2	0
0	1
0	0
0	0
0	0
0	1
13	3480
0	0
0	0
0	5
0	0
0	0
0	0
0	0
0	5
0	0
4	2
4	0
0	0
0	0
0	0
0	50
0	0
2	669
0	0
0	0
0	0
0	0
0	0
0	0
0	131
0	2
0	8
13	0
0	0
0	0
0	0
0	0
0	0
0	0
0	0
0	0
0	0
0	0
0	0
0	0
2	0
0	461
3	13
0	0
0	0
0	0
0	1
0	0
0	0
0	0
7	42
0	0
0	0
0	0
0	2
0	0
0	0
0	0
0	0
0	0
0	0
0	4
0	0
0	0
0	0
0	0
0	0
0	0
0	0
0	0
0	0
0	0
0	0
0	1
0	23
0	2308
2	0
0	0
0	0
0	0
0	0
0	27
0	0
0	0
0	1
0	0
0	0
0	0
0	0
0	0
0	0
0	3
0	0
3	837
2	0
0	0
0	0
0	0
0	0
0	0
0	0
0	0
0	0
0	0
0	0
0	0
0	0
0	0
0	0
0	0
0	0
0	57
0	0
1	34
0	0
0	0
0	0
0	0
0	0
0	0
0	0
0	0
0	0
0	0
0	0
0	0
0	0
0	0
0	0
0	0
1	0
0	0
0	0
0	0
2	13
12	14
0	0
0	0
0	15
3	1954
0	0
0	0
0	0
0	40
0	0
0	0
0	0
0	0
0	398
0	0
0	0
0	0
7	0
0	0
0	0
0	0
0	0
0	0
0	0
0	0
0	0
0	0
0	0
33	841
0	0
0	0
0	4594
0	41
0	0
0	0
0	0
0	0
0	0
0	2
0	848
0	0
0	4
0	0
0	0
0	0
0	0
0	22
13	23
0	0
0	0
0	0
15	4069
1	64
0	0
0	148
0	0
0	0
0	0
0	0
2	9
0	0
0	0
0	0
0	0
0	3338
0	5
0	0
9	0
0	0
0	0
0	0
0	178
0	0
0	0
0	0
0	0
0	0
0	0
0	0
0	0
0	0
0	0
0	0
21	79
0	0
5	225
0	1106
0	0
5	37
0	0
0	0
0	0
0	0
0	0
0	0
0	0
0	0
0	0
0	0
0	0
0	0
0	10
0	0
4	0
0	0
9	0
0	0
0	0
0	0
1	0
0	0
2	6607
0	0
2	752
69	625
0	751
0	0
0	2
0	23
0	0
1	2315
0	0
0	0
0	0
5	90
0	5
0	0
0	0
0	0
0	0
0	0
0	0
0	5
0	0
0	0
0	0
0	0
0	0
0	0
1	9
0	0
0	0
0	0
0	0
0	0
0	6
0	0
0	0
0	0
0	0
0	48
0	0
0	0
0	0
0	0
0	0
0	0
0	0
0	0
0	0
0	0
16	0
0	0
0	0
0	0
0	0
0	9
0	0
0	0
0	0
0	1
1	755
0	0
0	0
0	0
0	0
0	14
0	0
174	173
0	0
15	3
0	0
0	0
0	0
0	0
0	0
2	0
0	0
0	0
0	3
0	0
0	304
0	0
0	0
0	0
0	0
4	0
0	0
0	0
0	0
0	0
0	3
1	682
0	0
0	141
0	0
7	4
0	0
0	0
0	0
0	8
0	0
0	0
1	1
0	0
0	0
0	0
0	0
0	0
0	64
0	145
0	0
0	0
0	0
0	0
0	0
0	0
0	0
0	0
0	0
1	167
0	0
0	0
2	0
0	0
1	22
0	2
0	0
2	19
5	0
0	0
0	0
0	0
2	251
0	0
18	1002
0	0
0	0
0	0
0	0
0	0
0	0
2	16
0	0
0	0
0	0
0	0
0	0
0	0
0	0
0	0
0	0
0	307
0	0
0	0
0	0
0	0
0	0
0	0
0	0
0	0
0	0
0	0
1	0
2	237
0	0
121	288
3	0
0	0
5	409
0	0
0	0
0	0
0	0
0	0
0	0
0	0
0	0
0	0
0	0
0	0
0	933
0	0
0	0
0	152
0	0
0	0
0	0
0	0
0	0
0	0
0	0
0	0
0	0
0	0
12	1083
0	0
0	0
0	1
0	0
0	0
2	0
0	0
0	0
0	0
21	1
8	1438
0	296
0	0
0	0
0	1
21	18693
0	0
0	0
0	0
0	0
0	0
0	0
0	6703
0	0
0	0
0	0
0	0
1	0
0	1
0	0
0	0
0	5
0	78
0	0
0	9
0	0
2	1797
2	6
0	0
0	0
0	0
0	0
0	0
0	3
0	0
0	0
0	0
38	178
0	0
0	0
0	0
11	4316
10	1064
3	0
0	0
0	0
0	0
0	0
0	0
0	0
0	0
0	2
1	0
0	0
0	0
20	731
0	0
0	0
0	0
0	0
0	0
0	1350
0	0
0	0
0	0
0	23
0	5
2	1147
0	0
0	0
0	5
0	0
0	0
0	9
0	0
0	0
0	0
0	6
0	0
0	0
0	0
1	0
0	0
0	394
0	162
0	0
0	0
0	0
0	0
0	0
0	469
0	0
0	0
0	0
0	0
0	0
1	7980
0	0
0	0
0	0
6	4369
0	0
0	0
0	0
6	330
0	0
0	0
0	0
5	350
1	3
0	118
0	0
7	137
1	0
13	3560
0	0
0	0
0	0
1	0
0	0
0	0
0	0
1	0
0	0
0	7
0	0
0	0
0	0
0	171
0	0
0	0
0	0
0	0
5	1
2	0
0	0
0	0
0	0
0	0
0	0
0	0
0	0
0	0
14	0
0	0
0	0
0	141
0	0
0	0
0	2
0	0
0	0
4	720
0	0
0	152
0	0
0	0
0	0
0	0
0	0
0	0
0	0
15	8296
0	0
4	3715
0	0
0	0
0	0
0	0
1	0
2	2852
0	0
0	0
0	37
0	0
0	144
6	385
0	0
16	8235
0	0
0	0
0	0
0	6
0	0
0	0
0	0
1	0
0	0
0	0
0	0
0	0
1	292
0	0
0	0
1	20
0	8
0	3
6	2297
0	0
0	0
0	0
0	0
0	0
0	0
0	0
0	0
0	0
0	0
21	3
0	0
0	0
0	0
0	1
0	9
0	0
0	0
0	83
0	0
0	0
0	0
0	391
0	0
0	0
0	0
0	0
0	70
0	0
0	0
0	0
6	235
0	0
0	0
0	0
0	0
0	0
0	0
0	0
5	266
0	1
0	5
0	0
0	0
1	485
0	0
0	0
0	0
0	0
0	0
0	0
0	0
0	0
0	0
0	0
1	162
0	0
0	3
2	0
0	0
0	1295
0	5892
2	6323
6	838
0	0
0	9
0	0
0	0
1	84
0	0
0	0
0	0
0	1
2	1
1	1
0	0
3	35
0	0
0	0
3	3
3	0
4	2
0	0
0	1
0	0
0	0
9	0
0	0
1	8051
2	1438
0	0
0	0
2	647
0	0
0	0
0	1453
0	1
0	1
0	1779
78	360
0	0
0	0
0	0
0	0
0	0
0	0
2	67
0	0
2	2611
0	0
0	14374
0	10
0	341
0	0
0	0
0	0
0	0
67	76
0	0
0	0
16	80
0	0
0	0
0	0
0	2
0	0
0	0
0	0
0	0
2	18
0	0
0	0
0	80
0	0
0	0
0	0
0	0
0	482
1	0
0	0
0	0
0	67
0	0
0	0
26	0
0	0
0	0
0	0
0	3
0	0
2	4
0	0
0	0
0	0
0	0
0	0
0	0
0	216
0	6
0	0
5	828
0	0
0	0
0	0
0	0
0	0
0	0
0	0
3	6663
0	0
0	0
0	0
0	126
19	30
0	0
0	0
1	280
0	0
3	321
0	0
1	48
0	0
0	0
0	0
2	4908
0	0
1	0
1	844
2	0
0	0
0	14
1	7444
0	0
0	0
0	0
0	10
0	0
0	0
0	0
0	0
0	0
0	0
4	3368
0	0
1	0
0	0
0	0
1	0
4	1
9	394
96	165
0	0
0	0
0	0
0	0
5	804
0	0
0	0
0	0
0	1024
0	0
0	0
0	0
0	0
0	0
0	0
0	92
0	0
0	0
0	0
0	0
0	0
0	0
0	0
0	0
0	0
0	25451
0	0
0	0
0	0
0	204
0	0
0	0
0	0
0	0
0	0
5	344
0	161
0	0
0	2
0	0
0	3
0	7
0	0
0	0
0	1
0	0
0	54
0	38
0	0
0	105
0	0
0	0
0	0
0	0
0	0
0	75
0	3
0	0
0	0
0	0
0	0
0	0
0	0
0	0
0	0
0	0
0	0
0	0
0	0
0	0
0	73
0	0
7	1919
0	0
0	0
0	0
2	2797
0	0
0	0
0	0
0	0
0	0
2	0
1	75
18	23
0	0
0	0
0	0
4	2307
0	0
0	0
1	0
0	31
0	0
0	0
0	0
0	0
1	236
0	0
0	0
0	0
0	288
0	1
0	0
0	0
1	1680
0	0
0	0
0	0
0	0
0	0
0	0
0	31
0	0
0	58
0	0
0	0
0	17
0	0
0	0
0	0
0	90
0	0
0	0
1	1
1	0
0	0
0	0
0	2
0	0
2	37
0	32
0	0
0	0
0	0
0	556
0	0
0	0
0	0
0	0
0	0
0	0
0	0
0	0
2	7
1	1
0	10469
1	1158
0	0
0	0
1	370
1	0
9	2573
0	0
0	0
0	0
0	0
4	1562
0	0
0	2
0	4
0	0
0	7
0	0
0	0
0	0
0	0
0	0
0	0
0	0
0	0
0	0
0	0
0	0
0	296
5	1631
0	0
0	0
0	0
0	0
0	0
0	0
0	0
0	0
17	0
1	861
0	0
0	0
1	0
0	1
0	0
0	0
0	0
0	0
0	0
13	0
1	2508
0	0
0	0
0	0
0	0
0	0
6	60
0	0
0	0
0	0
0	0
0	0
0	0
0	0
0	0
0	0
0	0
0	0
1	0
0	29
5	5763
0	0
0	0
1	229
16	5832
0	0
0	0
0	0
0	0
0	0
0	1
0	0
0	80
0	0
0	0
0	0
3	0
24	0
0	0
0	0
0	0
0	0
0	0
0	0
0	0
0	0
7	2283
0	0
0	4
0	0
4	4
0	0
0	0
0	0
0	0
6	22805
0	0
0	0
0	2
0	0
0	0
0	0
0	0
0	0
0	0
0	2
0	0
0	0
2	0
0	0
0	0
0	0
0	0
0	0
0	0
0	0
0	0
0	100
0	0
0	0
0	0
0	0
3	0
0	0
4	23
0	562
11	56
0	0
0	0
0	29
0	0
0	0
0	0
1	0
2	0
0	0
0	0
0	0
0	2
18	349
0	0
0	0
0	0
0	0
0	0
0	0
0	0
0	0
0	0
0	20
1	1548
0	0
6	29
0	0
0	0
0	0
1	0
0	0
0	0
0	0
0	0
0	5
0	0
0	233
0	0
0	0
0	0
0	0
0	2
0	0
0	0
0	6008
0	0
0	0
1	28
0	0
0	0
0	0
3	301
3	8
0	0
0	0
1	260
0	0
0	0
0	1032
0	0
0	0
0	0
0	0
0	0
1	1340
0	0
0	0
0	0
0	0
0	1
0	0
0	0
0	3
0	0
0	0
1	0
0	0
0	1
0	0
2	0
0	0
0	0
0	0
0	43
0	0
1	133
0	51
0	22
0	0
0	0
0	215
2	0
0	0
0	0
0	0
0	7
0	0
0	0
0	0
0	0
0	3972
0	0
0	5
0	0
0	0
0	0
0	0
0	0
0	0
0	0
0	269
0	0
0	0
0	0
0	0
0	0
0	0
0	0
0	0
62	55
0	2
0	630
0	0
0	435
0	0
0	0
2	6
0	0
24	220
3	94
0	0
0	51
1	0
0	0
2	539
0	0
0	0
0	0
0	0
0	0
0	0
0	36
0	0
0	404
0	0
0	0
0	79
0	4
0	0
8	3
0	0
0	0
0	4872
0	3
0	0
0	0
925	3795
0	71
8	4328
0	169
3	289
1	5
0	0
0	1583
0	0
0	0
0	0
0	0
0	0
14	12
0	0
0	0
0	0
6	29
0	0
3	18
0	0
0	3
0	0
0	0
0	8
0	0
3	196
0	0
1	180
1	44
1	3
0	0
0	43
0	0
1	0
0	0
0	104
2	58
0	4
2	1706
0	0
0	0
0	19
0	0
0	0
0	0
0	0
0	0
0	0
0	0
0	207
0	0
0	353
0	0
0	0
0	0
0	0
0	0
0	0
0	1
0	0
4	1570
8	872
0	1
1	0
0	0
2	0
0	0
0	0
5	0
0	0
0	0
0	0
0	0
0	0
0	0
0	0
0	1
8	0
0	0
0	180
6	433
1	542
0	0
0	0
0	0
4	46
0	0
0	0
0	0
0	0
0	0
0	0
0	0
0	0
1	13
30	32
0	1
0	0
0	0
237	1774
0	0
0	0
0	0
0	0
0	0
0	0
1	7
0	0
0	0
0	0
0	0
0	0
0	0
0	0
0	0
1	0
0	0
0	0
0	0
0	0
0	0
0	1
0	0
2	9
0	0
0	0
0	58
0	0
68	1225
0	0
0	0
0	0
0	0
0	0
0	0
0	0
0	17
0	0
2	596
0	0
0	0
0	105
0	12
0	0
0	0
0	0
0	0
2	1
0	0
0	0
0	0
0	0
0	0
0	0
4	470
4	215
0	0
0	0
0	0
0	0
0	148
22	69
1	110
0	0
6	1972
1	363
0	332
0	0
0	0
0	0
0	0
0	0
0	0
0	0
0	0
0	0
0	1
0	0
0	0
32	768
0	0
0	0
1	3
0	0
0	0
0	0
3	3852
0	0
0	0
19	3942
0	0
0	0
0	60
1	5
0	0
0	0
0	0
0	0
0	0
0	0
0	0
1	1
0	0
0	1
5	0
0	0
1	0
0	52
0	0
0	0
7	1508
0	0
0	0
0	0
0	0
7	13
0	0
0	0
0	0
0	0
0	3
0	0
0	0
0	0
1	0
0	0
0	0
0	0
0	0
0	0
0	0
0	0
0	0
0	0
0	6
0	0
0	0
0	0
0	0
0	0
0	0
0	0
0	0
0	40
6	39
0	5
0	0
52	145
0	2
2	22
0	0
0	0
0	129
0	0
13	5
0	0
10	475
11	2194
3	89
0	1
0	0
0	0
0	0
0	0
2	1511
0	88
0	0
0	0
35	557
0	43
0	0
1	4
0	0
0	0
0	0
0	0
0	0
8	72
0	0
0	0
0	0
0	0
0	0
0	0
0	0
0	0
1	256
0	0
0	0
0	242
0	0
0	0
0	0
0	0
0	0
0	0
0	0
0	0
0	0
7	299
1	187
0	7
29	120
0	201
25	237
0	1
0	0
0	0
0	0
0	0
0	0
0	0
0	0
9	0
5	0
0	0
0	0
0	287
0	0
93	1553
3	3
0	0
0	0
0	0
0	0
0	0
0	0
0	0
0	0
0	0
0	0
1	12
0	0
1	72
0	0
0	0
0	0
8	1975
3	19
0	0
0	0
0	0
0	0
0	0
0	0
0	0
0	0
1	217
0	0
0	0
0	0
0	28
0	0
0	0
0	0
0	1
4	0
0	0
0	0
0	0
0	0
0	208
0	0
0	0
0	0
0	0
16	497
1	1666
0	0
0	0
0	0
0	0
0	0
0	0
5	0
0	0
0	0
1	0
0	0
0	0
0	0
0	0
0	17
480	4761
5	0
0	0
0	0
0	2
0	0
0	0
0	0
0	0
8	5619
1	381
9	0
2	25
6	2243
0	0
0	0
0	0
0	0
0	0
0	0
0	0
2	272
0	0
0	0
0	0
0	0
0	0
0	3579
0	56
0	0
0	186
0	0
0	0
0	0
0	0
0	0
0	0
3	157
1	0
0	0
0	0
3	0
0	0
0	0
0	0
6	12
0	0
0	0
0	0
0	0
0	0
0	1
0	0
0	0
0	195
0	3
0	0
0	0
1	0
0	0
0	0
0	0
0	0
0	0
0	0
2	760
0	132
1	0
0	0
6	1281
0	0
0	0
0	0
0	0
0	0
0	0
0	0
0	0
0	0
0	0
0	1
0	0
0	0
0	0
0	0
0	0
0	1
0	174
0	0
1	755
0	0
0	0
0	0
0	0
0	0
0	0
0	17
0	0
0	0
0	0
1	215
0	0
0	0
1	2
1	6094
0	0
0	0
1	2
0	0
0	0
0	0
0	0
0	0
0	0
0	0
0	0
0	0
0	0
0	0
0	0
3	432
0	0
5	192
0	0
0	0
0	2
6	1042
0	0
5	79
0	4
0	0
0	0
0	0
0	0
0	1
0	0
0	17
0	0
0	0
0	0
1	732
0	0
6	1
0	0
0	0
0	0
0	0
0	0
0	0
0	0
0	0
0	0
0	0
0	0
15	208
0	7
26	153
2	425
0	0
0	0
0	0
0	0
0	2
0	0
0	0
0	0
4	7
0	0
57	590
0	2915
0	0
0	0
0	0
0	1082
0	0
0	0
0	0
1	50
0	0
0	0
0	0
0	250
0	0
0	0
0	0
0	0
0	0
0	0
8	0
0	0
0	0
0	4
1	19
0	0
0	0
0	0
0	0
0	0
0	0
416	3545
0	3
0	0
2	1795
0	0
0	1
0	0
0	0
0	0
0	0
0	0
0	0
0	0
0	30
104	3769
0	0
0	0
0	0
0	0
2	0
0	1
0	0
0	0
0	0
0	0
21	116
0	0
0	0
0	0
0	0
8	705
0	0
0	0
0	0
0	0
2	941
0	2
0	0
0	0
0	0
7	2060
0	0
0	6442
1971	4378
0	0
0	0
0	0
0	0
0	0
0	0
20	40
0	0
1	0
0	0
0	0
0	0
0	0
10	550
0	0
0	0
0	0
1	1
0	0
0	0
0	0
0	191
0	0
0	0
0	0
0	0
1	0
0	0
0	0
3	248
1	46
0	0
0	0
0	0
3	8200
0	0
0	0
0	0
0	29
0	0
1	871
0	0
0	0
0	0
0	0
0	3
14	59
1	0
0	1082
1	392
0	4
0	0
0	517
0	0
0	0
0	50
1	0
0	518
0	0
0	0
0	0
0	0
0	0
0	0
0	2
1	34
0	0
5	3
0	0
0	0
0	0
0	0
0	0
2	4397
0	0
0	0
0	0
0	0
0	0
0	0
0	0
0	0
0	0
0	0
0	0
0	42
0	0
0	0
0	0
0	0
0	0
0	0
0	0
0	0
0	0
0	105
1	0
0	0
0	0
3	210
0	0
0	0
0	0
0	0
13	334
0	6
3	176
0	264
2	122
0	0
0	0
0	0
0	0
0	0
0	3
0	0
0	0
0	1
1	0
0	908
0	0
0	0
0	0
0	0
0	0
0	125
0	0
0	0
0	0
1	0
0	0
0	0
0	0
0	0
0	0
0	0
0	105
1	303
0	0
0	0
0	0
0	0
0	0
0	0
0	0
0	2
0	0
0	73
0	0
0	0
0	0
0	0
0	0
0	298
20	500
6	1014
0	0
0	0
0	17
0	0
0	0
0	0
0	0
0	0
0	0
0	0
0	0
3	5
0	0
0	0
0	0
0	2226
10	73
0	0
0	0
0	0
0	322
0	0
0	0
2	396
0	0
0	0
0	3
0	0
0	0
38	327
0	0
0	0
3	1455
0	0
2	7
0	0
0	0
0	0
0	0
1	2
0	0
0	21
0	0
0	3
0	44
1	27
0	0
0	0
0	387
0	131
0	0
0	0
0	3
0	0
0	0
0	0
0	0
0	0
0	0
0	0
0	0
0	157
0	0
0	4
0	0
0	0
0	0
0	0
0	0
0	0
5	57
0	0
0	75
0	0
0	0
0	0
11	5050
0	0
0	146
0	0
3	8
0	0
0	1
5	0
0	1
0	0
0	0
0	2
0	0
0	0
0	0
0	0
27	639
0	0
0	2
2	1423
0	12
0	0
0	2
0	0
1	37
0	0
0	0
0	0
0	126
0	0
0	0
6	260
0	122
0	0
0	0
0	95
0	82
0	0
0	0
0	269
0	0
0	0
0	0
0	2
0	0
0	0
0	7
0	0
0	2768
6	63
0	0
0	73
1	1324
0	0
0	0
1	0
23	545
0	0
0	0
0	0
0	0
0	2
0	0
0	17
0	0
2	2
1	33
0	0
1	204
0	0
5	1
0	0
0	0
0	0
0	0
0	0
0	0
105	11881
0	0
0	0
0	0
0	0
0	1
1	74
0	0
0	0
1	0
0	0
0	0
0	1
0	0
0	0
0	0
0	0
0	0
0	0
0	0
0	0
0	62
0	0
0	0
1	1
0	0
0	0
1	67
0	0
0	715
0	0
0	0
0	0
0	0
0	0
0	0
0	0
0	0
0	0
0	0
0	0
0	0
0	1
0	0
0	0
0	0
0	0
0	82
0	0
11	0
0	0
7	608
0	0
0	0
0	0
0	0
0	0
0	0
0	0
0	0
1	370
0	0
3	402
0	0
2	1
0	0
0	0
0	0
0	0
0	0
0	0
0	0
0	26
0	0
0	3
0	0
0	0
1	47
3	0
0	0
0	0
1	810
0	0
0	397
0	0
0	0
0	0
0	0
0	1
0	0
1	4
0	0
0	0
38	489
0	0
0	94
0	0
0	0
0	0
0	0
0	0
2	371
0	0
1	176
0	0
0	0
1	1
0	0
0	0
0	0
0	9
0	0
0	0
0	0
0	0
0	0
5	0
0	0
0	0
0	0
0	0
0	0
0	0
0	0
0	0
1	171
0	0
0	0
0	0
0	0
0	0
14	432
0	33
0	0
0	0
0	0
0	57
0	0
0	132
10	989
0	57
0	0
0	0
1	90
1	1668
0	0
0	0
0	0
0	0
0	0
0	0
0	0
0	0
0	0
0	22
0	0
0	0
0	0
0	0
0	33
0	0
0	0
0	0
0	0
0	0
0	0
0	0
0	0
0	0
71	1341
0	9
0	0
0	0
0	0
0	0
0	0
0	0
0	0
0	0
0	6
15	1804
0	0
2	133
0	0
0	0
0	54
3	42
0	0
0	4
0	23
0	0
0	0
0	0
0	0
0	0
0	0
0	71
0	0
6	0
21	1518
0	0
0	0
0	50
0	3
0	0
0	0
0	0
2	441
0	0
0	0
0	0
0	0
0	0
0	0
0	0
0	0
0	8
0	0
6	290
1	30
0	0
0	0
0	0
0	0
1	0
85	6
1	2
0	0
0	0
5	186
0	34
0	0
0	0
0	3
0	0
0	0
0	0
0	0
0	0
0	0
5	844
0	0
0	0
113	24
0	667
0	0
0	4
0	0
0	0
1	23159
0	0
0	0
0	0
0	0
0	0
0	2
0	0
0	0
1	2
0	0
0	2213
0	0
0	0
3	6
0	0
2	0
0	0
0	0
0	0
1	0
0	0
0	0
0	0
0	0
0	0
0	0
0	0
0	374
0	0
0	5
0	0
0	0
0	21
0	0
0	0
0	0
0	1
2	0
0	0
2	0
2	0
0	0
0	0
0	102
0	355
0	0
0	0
0	0
0	0
1	4
0	0
0	0
0	0
0	0
0	0
6	20
0	0
0	0
0	5475
1	231
0	0
0	0
0	0
0	82
0	2
0	0
0	9
0	0
0	0
0	0
0	0
0	0
0	0
0	0
0	0
0	0
0	6
0	0
0	0
0	0
0	0
0	0
0	0
1	0
0	0
0	0
0	0
0	0
0	0
0	0
0	0
0	0
0	0
0	0
0	0
0	0
0	11
0	15
1	0
8	2176
0	0
0	0
0	0
0	0
0	3
0	0
0	0
0	0
0	0
0	0
0	0
0	0
0	0
0	0
0	0
0	0
0	0
0	0
0	0
10	0
0	0
0	280
0	0
0	0
2	1682
0	0
1	398
0	0
0	0
1	58
0	0
2	0
0	7
0	0
0	18
3	0
0	0
1	0
0	0
0	54
1	4934
0	1
0	0
0	0
18	135
0	0
0	0
0	1
0	0
43	375
0	0
74	639
0	0
0	0
1	2726
0	0
0	0
0	11
0	0
0	0
1013	643
0	0
0	0
0	0
1	1
0	0
0	11
3	2807
12	0
0	294
0	0
0	0
0	0
3	3
0	39
0	0
0	0
0	0
0	0
0	0
0	0
3	24
0	2000
0	52
6	867
0	0
0	764
1	492
0	0
0	0
0	0
7	2932
0	0
0	3
1	1164
0	0
0	0
0	0
6	1302
0	54
1	2026
0	0
0	2
0	0
0	63
0	0
0	0
0	0
0	0
0	0
0	276
0	0
0	264
1	53
0	0
0	0
20	1051
1	2
0	1
0	0
1	104
0	37
0	0
0	250
0	0
0	0
0	0
3	2239
0	0
0	0
0	11
47	453
0	0
0	0
0	250
0	276
0	0
1	0
0	17
0	124
0	0
0	0
0	0
0	0
0	3
0	0
0	0
0	0
1	0
0	0
1179	904
0	0
4	3140
0	0
8	1759
0	0
0	0
0	0
0	94
2	166
0	0
0	0
11	526
6	197
0	0
0	0
0	0
0	0
0	0
0	0
0	0
0	127
0	0
2	4342
0	0
0	0
0	1
0	1
0	0
1	7
0	0
0	0
0	0
0	0
0	0
0	4
0	0
0	0
0	0
0	0
0	0
0	0
0	0
0	0
0	0
0	2
0	3
0	5
17	60
6	982
0	0
0	0
0	0
0	11
0	0
1	2
0	0
0	0
0	0
0	0
1	0
0	0
0	0
1	94
0	0
0	0
2	27
15	9
0	0
1	37
0	0
0	0
44	786
2	0
0	0
0	0
0	0
0	0
0	0
0	0
0	0
0	0
0	0
0	0
0	0
0	410
5	970
0	0
0	0
0	0
0	0
0	0
0	208
0	0
1	0
0	0
0	0
0	9
0	0
0	0
0	0
0	0
0	0
0	0
0	0
0	0
14	275
0	0
1	0
0	0
0	0
3	46
0	51
0	0
0	0
0	0
0	0
0	0
0	12
0	0
0	0
0	0
1	0
0	102
563	1389
0	0
0	0
0	0
0	423
1	72
0	0
12	0
2	0
0	0
0	0
0	0
0	0
2	702
0	0
2	0
0	3
0	0
0	0
0	0
0	0
0	0
0	0
0	0
0	0
0	0
0	0
0	0
0	57
0	0
1	0
1	0
0	0
0	0
0	0
1	0
5	0
0	0
0	116
0	752
2	5
0	0
0	0
3	0
0	1
0	18
3	0
0	0
0	32
0	0
0	0
0	0
1	22
0	0
0	0
0	0
0	95
0	0
0	0
0	0
0	0
0	0
2	3
0	40
0	0
0	0
0	0
0	0
0	0
0	0
0	0
0	0
1	290
0	4
0	0
0	0
0	0
0	0
0	0
0	0
0	0
0	0
0	0
0	1
0	5
0	0
0	0
0	0
0	0
0	0
2	431
4	6046
3	6
0	0
8	6
0	0
0	0
0	0
0	0
1	0
0	0
0	0
0	0
8	412
0	2
0	0
0	0
0	0
0	0
0	0
0	0
0	0
6	6319
0	519
0	0
0	178
0	0
0	2
0	0
0	0
0	0
0	0
0	0
0	0
0	0
0	0
0	0
0	0
10	104
0	0
13	0
1	1317
0	0
7	350
0	0
0	1
0	0
0	0
0	0
0	0
0	0
0	0
0	0
0	0
0	0
7	435
0	0
0	0
0	1
1	0
0	0
0	83
0	0
0	0
0	0
0	1
0	0
0	1101
0	22949
0	68
0	0
0	4676
0	0
0	0
0	0
0	1
0	0
0	0
0	0
0	0
5	442
0	0
2	1
0	0
5	5
0	0
0	0
0	0
0	0
0	0
0	0
0	0
0	0
0	1
0	0
3	0
0	0
0	0
0	0
0	0
0	0
0	0
0	0
0	0
45	16
0	0
0	0
441	1085
0	0
1	0
0	0
0	0
0	54
10	0
0	25
0	0
2	0
1	7
0	30
0	0
0	0
0	3
4	198
0	0
0	0
0	0
0	1
0	0
0	0
0	0
1	23
0	0
0	0
1	1
0	0
0	0
0	1218
0	0
0	0
0	0
0	0
0	0
0	0
0	0
0	0
0	214
1	68
0	0
0	1
0	0
0	0
0	0
0	0
0	0
0	0
0	0
0	0
0	0
0	0
0	0
0	119
0	0
0	0
0	0
0	0
11	237
0	0
0	0
0	0
1	74
0	658
0	944
0	0
0	0
0	0
0	1
2	0
0	0
0	0
0	0
0	0
1	0
0	107
0	0
0	0
0	0
0	51
0	0
0	0
0	0
0	0
0	0
0	0
0	0
0	0
0	0
0	0
0	0
0	0
7	8944
0	0
0	0
0	0
0	0
0	0
0	0
0	871
0	0
0	0
0	2
0	0
0	0
0	0
0	0
0	0
0	0
0	0
0	215
0	0
0	0
0	0
0	0
0	0
0	0
0	0
2	75
0	0
0	39
0	0
0	0
0	0
0	0
0	3
0	0
0	0
0	0
0	23
0	0
0	0
0	6
0	0
0	0
0	0
0	0
1	205
0	0
0	40
6	1232
0	0
0	0
0	148
8	3620
0	0
0	0
0	29
1	18
0	0
0	6
0	0
0	30
0	0
0	0
0	0
0	78
21	510
0	0
0	0
244	3090
0	0
0	57
0	160
0	0
0	0
0	0
0	0
0	26
0	0
0	0
0	0
0	0
0	0
1	292
0	0
0	8
0	0
0	0
0	81
0	0
0	0
0	0
0	1
0	0
0	0
0	11
0	0
0	0
0	0
0	0
10	4
0	0
0	0
0	0
0	0
0	0
0	0
0	0
0	0
0	0
1	2
0	0
0	0
1	0
0	0
0	0
0	63
0	0
0	0
0	0
0	0
0	6
0	0
1	263
0	0
0	0
0	0
0	23
0	0
0	0
0	0
0	0
0	0
0	0
0	0
12	1505
1	9
0	0
0	0
0	0
0	0
0	6
0	0
5	203
0	0
0	0
3	2
0	0
0	0
0	0
0	0
0	1
1	395
0	0
4	29
0	0
0	0
0	0
4	0
0	0
0	0
0	0
0	414
0	0
0	164
0	95
0	4645
0	0
0	0
0	0
0	0
0	0
1	0
17	5
3	27
0	0
0	0
11	104
0	0
0	0
0	0
0	0
0	0
1	0
0	0
0	0
0	0
0	0
0	631
0	0
0	0
0	0
0	0
0	0
0	0
0	0
0	0
0	183
0	0
1	0
0	0
0	0
0	0
0	0
0	0
2	359
0	0
0	0
0	3
0	0
0	0
0	0
0	0
0	0
0	0
116	426
0	0
0	14
0	0
0	0
0	0
0	0
22	9798
0	0
0	0
0	0
0	8
0	0
0	0
0	0
0	23
0	0
2	4053
0	0
2	0
0	0
0	0
0	410
43	268
0	214
0	0
0	0
0	0
0	0
0	0
4	2889
0	0
1	61
0	0
0	199
0	84
0	0
0	0
0	201
0	164
0	0
0	0
1	739
0	0
0	0
0	231
0	0
0	0
0	0
0	0
0	0
0	0
0	0
0	20
0	0
0	0
0	0
0	0
0	0
0	0
0	0
1	138
0	0
0	1
0	2
0	0
0	0
2	10
0	0
0	0
0	0
0	0
0	0
0	1
0	0
61	131
0	0
0	0
0	0
0	0
0	0
1	0
0	50
0	0
0	0
0	3
0	0
0	0
0	0
0	0
0	0
0	0
0	0
0	4516
1	7
2	65
1	933
0	0
49	1529
0	1
0	3
0	1
0	0
3	38
53	1939
0	0
0	0
14	353
0	0
8	123
0	0
0	0
0	0
0	0
0	0
0	0
0	0
0	137
0	0
0	0
0	0
0	1720
0	0
0	0
0	181
0	589
1	0
1	4426
0	1743
0	0
0	0
0	0
0	1
0	0
0	0
0	0
0	0
0	0
0	0
0	0
0	43
4	0
0	0
0	0
0	0
0	0
0	0
0	0
1	0
0	0
0	0
0	0
0	0
0	0
0	0
0	0
2	27
0	0
0	0
0	0
0	0
0	1118
0	0
2	0
0	0
0	0
0	0
0	0
0	0
0	6
0	0
0	0
0	0
0	0
0	2
1	133
10	75
0	0
0	0
0	0
0	0
0	0
0	0
0	0
1	0
0	0
0	0
0	0
0	0
0	0
0	0
0	0
0	0
0	0
0	0
0	1
0	9
0	0
0	0
0	0
0	0
0	14
20	3654
0	1
0	0
2	33
1	564
0	0
0	0
2	0
0	3
0	0
3	5
0	0
0	0
0	909
0	7
0	0
2	11
0	115
0	4
0	0
0	0
4	0
0	0
0	0
0	0
0	6
0	0
0	0
0	0
0	0
0	0
2	116
1	0
0	0
0	0
2	0
0	632
0	0
0	0
0	0
0	0
6	925
99	228
0	0
0	0
0	0
0	0
2	0
0	0
0	0
0	0
0	0
0	0
0	0
0	0
2	0
2	5135
0	0
0	0
93	250
0	0
0	0
0	0
0	0
0	630
0	0
7	0
5	0
0	3
0	0
0	0
0	8
0	7
8	43
0	0
0	0
0	0
0	0
0	2
5	590
0	0
0	0
0	0
0	0
1	65
0	2
0	0
8	172
0	0
0	0
0	0
19	78
0	0
0	0
0	0
0	0
0	0
0	0
0	0
0	0
0	0
0	0
0	0
0	0
0	0
0	0
0	0
0	0
2	12
0	159
4	142
0	0
0	1
3	0
0	4
0	0
0	0
0	0
0	1
0	0
0	93
0	0
14	142
0	0
0	0
0	0
0	0
0	0
7	1261
1	92
5	30
0	0
14	509
0	0
1	67
0	0
0	81
0	0
0	0
0	0
1	0
0	0
0	0
12	0
0	5
14	0
0	12
4	9083
0	0
0	0
0	0
0	1059
0	1
0	0
0	0
0	0
0	0
0	0
0	0
1	1773
0	0
0	0
0	0
0	0
0	0
0	62
0	0
0	0
0	1
0	0
0	0
0	0
0	4
0	0
0	0
0	0
0	0
0	0
0	0
0	0
1	5482
0	0
0	0
0	7
0	0
0	0
0	0
0	0
3	0
0	3
0	0
0	0
0	0
3	0
0	0
0	2
0	0
0	0
57	1041
0	0
0	0
0	0
0	2
0	0
1	427
0	0
0	0
0	0
0	0
0	0
0	0
0	0
0	0
0	0
0	0
0	0
0	0
0	0
0	0
0	0
0	0
0	0
0	0
0	21
0	144
0	0
0	0
0	6
0	0
0	0
0	0
0	0
0	0
1	6
0	7
0	0
0	33
0	0
0	0
0	0
0	0
0	0
0	0
0	0
0	3
0	0
8	2358
0	0
3	0
0	0
0	0
0	0
0	1
0	0
0	0
0	0
0	0
0	0
2	2699
0	0
3	131
2	1904
0	0
0	0
0	0
3	842
0	0
0	0
0	0
0	0
0	0
0	0
0	0
2	7
0	0
0	0
0	1
0	0
0	0
0	0
0	0
0	0
0	0
0	0
0	0
1	0
0	0
0	0
0	0
14	139
176	9160
0	1
1	91
0	0
0	83
0	0
0	0
0	0
0	0
0	7
0	225
0	0
0	0
0	0
10	4408
0	0
0	0
0	0
0	25
1	0
0	0
10	0
0	0
0	0
0	0
0	0
0	0
0	0
2	3314
0	0
0	0
0	0
0	121
0	0
0	0
0	0
0	0
0	0
0	0
0	0
0	0
0	0
0	0
0	0
0	0
0	0
0	28
0	0
0	0
0	0
0	0
0	0
0	0
0	2
0	0
0	0
0	0
0	750
0	0
0	0
0	0
0	0
0	0
0	0
0	0
0	0
0	15
0	0
0	0
0	0
0	0
0	0
17	0
0	0
0	0
0	0
0	0
0	4
0	0
0	220
1	1
0	241
0	0
0	0
0	139
0	0
0	0
0	0
0	0
1	18
0	0
0	0
0	0
0	0
0	2
0	4
0	0
0	0
0	6
0	0
0	0
0	0
0	223
0	0
0	3
1	159
0	206
0	0
0	2
0	0
0	0
0	0
0	0
0	0
0	0
0	0
0	0
0	0
0	0
0	0
0	0
0	0
2	0
3	2126
23	795
0	0
0	26
0	0
0	0
0	0
0	0
0	0
0	0
2	0
0	2
0	0
2	0
0	4
22	2802
0	0
0	0
0	0
0	3
0	0
0	0
0	0
0	0
7	487
0	0
0	0
0	7
0	0
0	0
0	0
0	2640
0	0
0	0
0	0
0	95
2	601
0	1
0	2
0	0
0	0
1	345
0	0
7	2348
0	0
0	0
0	0
0	0
0	0
0	0
5	62
64	407
0	0
0	0
0	0
0	0
1	0
0	0
0	0
7	32
0	4
0	0
0	0
0	10
0	0
48	753
0	0
0	0
0	0
0	1
2	0
1	0
0	0
0	0
0	0
0	0
0	0
0	0
0	0
0	0
0	0
0	0
0	0
0	0
0	0
0	195
0	0
0	301
5	45
0	0
0	0
3	0
2	0
0	0
0	0
2	0
0	0
1	2
0	0
0	183
0	0
0	0
0	0
1	1641
0	0
0	0
0	0
0	130
0	0
0	0
0	0
2	0
0	0
0	0
0	0
0	0
3	300
30	1182
0	1149
0	14
0	0
1	19
0	0
0	307
0	0
0	0
0	0
0	0
0	0
0	114
0	0
0	0
3	690
0	0
0	0
8	0
0	0
0	0
0	0
0	0
0	0
0	0
0	0
0	0
0	0
0	0
0	0
0	0
0	0
3	770
2	43
0	0
0	0
0	0
1	117
0	0
0	0
0	0
0	0
0	0
3	7
0	0
0	0
2	0
0	0
0	0
0	1097
0	1646
0	0
0	0
0	0
0	1
0	1
12	8
3	16
0	0
12	3758
0	0
1	384
0	0
0	0
0	189
0	0
0	0
1	85
2	5168
0	0
0	0
1	13
0	0
0	0
4	53
0	0
1	0
0	0
0	26
0	0
7	0
0	16
0	0
0	0
0	26
0	0
0	0
0	109
0	0
0	0
556	5323
0	0
0	0
0	0
0	0
0	0
0	0
0	0
15	410
0	0
1	0
0	1
2	566
0	4478
0	22
0	0
0	0
0	0
0	0
0	0
0	0
0	0
0	0
0	0
4	36
0	0
0	0
0	0
0	0
0	0
0	0
1	394
0	724
0	2
0	0
6	0
0	0
0	0
3	0
0	0
0	0
0	0
2	27
0	0
0	6
0	0
0	0
0	26
13	497
0	0
9	1997
1	126
0	0
0	0
9	23732
0	0
0	0
0	0
0	0
1	43
15	119
0	0
0	1
0	0
0	4
2	5499
0	5436
0	1
0	0
16	742
0	0
1	0
0	0
0	0
0	0
0	0
0	0
0	0
0	0
103	1969
0	0
0	0
6	224
0	0
0	0
0	545
1	248
0	0
0	0
0	3
1	0
0	0
485	8161
0	0
1	691
2	8
0	0
1	12
0	0
0	56
0	0
0	0
0	0
1	0
0	0
0	448
0	0
0	13
0	9
1	0
5	6
0	0
0	0
5	2
0	0
0	0
0	0
0	0
0	1
0	340
0	0
0	0
0	0
0	0
0	0
0	0
0	0
0	0
0	2
0	0
0	34
4	0
0	0
0	96
0	0
0	0
0	0
0	0
0	0
0	0
0	1
0	0
0	5
0	0
0	0
0	0
0	0
0	0
2	0
0	0
0	0
0	0
0	0
0	0
0	1
0	19
0	0
0	0
0	0
0	0
0	0
53	9896
1	303
0	0
0	0
0	0
8	249
0	0
0	13
0	0
0	179
0	0
0	0
0	0
0	0
0	9
0	2
0	0
0	0
13	621
0	0
0	0
0	0
1	313
138	1403
0	0
0	93
0	0
0	0
0	0
0	0
5	9
0	0
0	0
0	0
0	0
0	0
0	0
9	1196
0	0
0	0
5	0
0	0
0	5
0	29
9	0
0	0
0	2
0	0
0	93
0	0
0	12
0	0
0	0
0	0
0	0
0	0
0	0
2	12
0	0
0	0
0	0
0	0
0	0
0	0
0	0
0	0
5	0
0	0
0	0
0	0
0	0
0	0
0	3
0	0
1	0
1	0
0	0
205	647
0	0
0	0
0	0
0	0
0	0
0	318
0	0
5	9390
0	0
0	0
14	6451
0	0
0	0
0	0
0	0
3	914
2	2
0	7718
0	1
0	0
0	2
0	12
0	0
0	0
2	0
0	0
0	4
0	0
18	406
0	0
5	263
29	211
1	0
0	8
0	2
0	0
0	0
0	0
0	0
0	0
0	0
0	0
0	0
0	0
0	0
0	0
0	0
0	0
0	0
0	0
0	0
0	0
0	0
0	0
0	0
0	0
1	152
0	0
0	0
0	0
0	0
0	0
0	0
0	0
0	3
0	2
0	0
0	0
0	0
1	712
2	1
0	0
0	0
0	2
0	36
0	0
0	0
0	0
0	0
8	526
0	0
0	0
0	2
0	0
0	303
0	0
8	1006
0	0
0	0
0	0
2	0
0	36
1	119
1	10
0	0
0	0
0	100
0	8
0	0
0	0
0	0
0	0
2	0
0	0
0	0
1	0
0	2
0	0
0	13
4	1391
1	1
0	0
5	0
0	0
0	0
0	553
0	9
1	33
0	0
0	0
0	0
0	0
0	0
14	29
0	0
17	23
0	0
0	0
0	0
0	0
0	0
0	0
0	0
0	0
0	0
0	0
2	167
0	0
1	888
0	0
0	0
0	0
2	19
0	0
0	0
0	83
0	5
0	0
1	31
17	5938
67	580
0	0
0	0
0	0
0	30
0	0
0	0
308	1439
0	0
23	23
0	0
0	0
0	0
0	0
0	0
0	0
0	4
0	0
0	0
0	0
0	0
0	0
0	0
0	0
0	0
0	0
0	0
0	0
0	0
0	0
0	7
1	5755
0	0
0	0
0	0
0	0
3	448
0	9
0	0
0	0
0	0
0	12
0	0
0	0
0	0
0	0
0	0
0	0
0	85
0	0
0	7
0	0
0	0
0	0
0	0
1	4337
0	0
0	1
0	0
0	0
0	0
0	0
0	0
0	42
0	0
0	0
2	535
0	0
0	0
0	0
0	0
0	0
2	0
0	0
0	0
0	0
0	0
0	0
0	0
1	0
0	0
0	0
3	436
0	0
0	0
0	0
0	0
1	0
3	0
11	395
0	14
0	3
0	0
0	0
0	0
0	0
0	0
0	0
8	0
0	0
0	0
0	0
3	0
0	0
0	0
0	51
5	150
0	1
2	2912
0	0
0	0
0	0
0	2
0	1648
0	0
0	0
0	173
0	0
0	0
0	0
0	0
0	0
0	0
0	0
0	0
1	646
0	0
0	0
6	17
0	0
0	0
0	0
0	0
5	0
0	0
0	0
0	0
0	0
0	17
0	0
2	7
0	0
0	0
0	0
0	0
0	0
0	0
0	0
0	69
0	0
0	0
0	0
0	45
10	4072
0	0
0	252
0	0
0	0
0	0
0	0
0	0
0	0
0	0
0	0
1	5
4	4635
0	0
0	0
0	0
0	0
0	0
262	646
0	0
0	0
0	0
0	0
0	0
0	0
0	0
4	4411
0	0
0	0
5	762
0	0
0	0
0	0
0	0
0	0
0	0
0	398
0	0
0	0
2	0
0	0
0	0
0	0
0	0
0	4
1	0
0	0
0	0
0	0
0	0
0	0
0	0
0	0
0	0
0	0
3	621
0	0
0	0
0	0
0	0
0	0
5	193
0	0
0	0
0	1
0	65
0	0
0	0
0	0
0	0
0	6
0	0
0	14
0	0
0	3
0	0
0	0
0	17253
0	0
9	0
0	0
0	0
0	0
0	0
0	0
0	0
3	1313
0	0
56	498
0	0
157	627
0	0
0	0
0	0
0	14
0	0
0	0
0	0
0	0
0	1088
139	4876
0	0
0	24
0	0
0	1
0	0
0	0
2	0
0	0
0	698
0	0
0	0
0	0
0	0
0	0
0	1
1	0
0	0
0	0
0	4
0	0
0	10
0	0
0	0
0	228
0	0
2	4615
0	0
0	12
0	109
16	437
4	89
0	0
0	0
0	0
0	0
0	0
0	0
0	0
0	113
0	2531
0	0
0	0
0	0
0	0
0	138
0	0
0	26
4	81
2	42
0	0
0	0
0	0
0	0
1	167
14	44
0	0
0	0
0	0
0	0
0	0
1	1645
0	0
4	1997
0	0
6	0
0	0
0	0
6	339
0	0
0	0
0	0
0	0
0	0
0	0
0	3
0	0
0	0
0	0
0	0
0	0
0	102
0	0
31	614
0	0
0	0
0	0
0	0
0	396
0	0
0	13
0	0
0	0
47	190
1	0
3	0
1	11
0	0
0	0
0	0
0	0
0	0
0	0
0	1
3	11
0	0
6	267
0	0
0	0
0	0
0	0
0	0
0	0
0	4513
0	0
0	0
1	0
1	54
0	0
0	0
0	0
0	3335
0	0
0	0
0	0
0	0
0	0
4	14
0	0
0	0
0	0
0	0
0	0
0	0
0	0
0	0
0	0
0	0
0	0
0	0
0	0
0	0
0	0
0	0
14	3208
0	0
0	0
0	0
0	0
0	0
0	0
0	0
0	0
0	0
0	0
1	0
0	0
0	379
0	0
0	0
0	0
0	0
0	0
9	573
0	0
0	0
0	0
0	0
0	0
0	174
0	0
0	0
0	0
0	0
0	0
0	36
0	0
0	0
5	6438
0	0
0	8
0	0
0	0
0	0
0	0
0	0
0	0
0	0
0	0
0	0
0	0
4	0
22	209
0	638
0	1
0	0
0	0
0	0
0	0
62	687
0	49
0	0
0	0
0	0
0	0
0	236
1	37
0	0
0	0
1	1
0	2
0	0
0	4
1	0
0	0
0	0
0	0
0	0
0	0
0	0
0	0
8	0
1	313
0	0
0	0
0	0
0	0
0	0
0	0
2	108
2	313
0	0
4	5
0	0
0	0
0	0
0	0
0	0
0	0
1	1690
0	0
0	0
1	0
0	0
0	0
0	0
0	0
26	267
0	0
0	0
0	0
0	0
0	0
2	0
0	0
0	0
0	0
0	0
0	0
1	0
0	0
0	203
2	0
0	0
1	697
0	0
2	1111
0	0
2	0
0	0
0	0
0	0
1	59
0	0
0	0
0	140
2	80
0	0
0	0
0	0
0	0
0	0
0	0
4	1
0	104
0	125
0	0
0	0
0	0
0	0
0	5474
6	13
0	0
0	0
0	30
0	0
0	0
0	0
175	943
0	0
0	0
0	0
0	0
0	0
1	7
4	249
0	0
0	0
0	0
0	0
0	0
0	0
1	528
0	0
0	0
16	287
0	0
0	0
0	0
0	0
0	38
0	0
0	0
0	0
0	0
0	28
0	0
0	0
45	847
0	0
0	0
0	72
2	218
0	0
0	64
0	6
1	5797
13	12015
0	0
0	0
0	0
0	0
0	0
0	0
0	0
0	7
0	0
0	0
1	158
0	0
0	0
0	0
0	0
0	0
0	0
26	3
0	0
0	0
0	0
0	108
0	0
0	0
0	0
0	0
0	0
0	0
0	0
0	0
0	0
22	346
0	25
0	0
0	0
0	0
0	0
0	0
0	0
0	0
0	0
0	0
0	0
0	0
0	0
0	0
0	0
0	0
0	0
0	0
0	0
0	0
0	0
0	0
0	0
0	0
0	0
0	0
0	0
0	0
0	0
1	4
0	0
1	93
1	0
0	0
0	0
0	0
15	0
0	0
0	0
0	0
0	0
0	0
0	0
0	2234
0	0
1	61
0	15
0	0
1	359
0	0
0	0
0	0
0	0
0	0
0	0
0	0
3	37
0	0
2	0
0	0
0	0
569	10141
0	0
0	0
0	0
0	373
0	0
0	0
0	0
0	0
0	0
0	0
613	25090
0	0
9	16081
0	0
0	0
0	0
3	0
0	0
0	0
11	763
1	6
0	0
0	0
0	0
0	239
0	0
5	4524
0	0
0	0
0	0
0	0
3	0
0	0
0	1
0	0
0	0
0	0
0	0
0	0
0	0
1	395
20	311
0	0
0	0
0	20
0	0
0	0
1	288
5	1412
0	0
0	0
0	0
0	0
0	0
0	3
0	0
0	0
0	0
0	142
0	0
0	0
0	0
0	0
0	0
0	0
0	0
0	0
0	0
0	0
0	0
0	0
0	0
0	0
0	36
0	0
0	0
51	206
0	0
0	0
0	0
0	0
0	0
0	0
2	57
0	0
1	3
0	0
0	0
0	0
0	0
0	0
0	0
0	0
0	0
0	0
0	0
0	0
0	0
0	0
22	5
0	2
0	87
1	1166
0	0
0	0
2	344
0	381
0	0
8	249
0	0
0	0
0	0
0	481
0	0
1	0
0	0
0	0
19	16
0	20
0	0
0	0
3	6
0	0
0	295
0	0
0	0
0	0
0	0
1	1
0	0
0	0
0	0
0	0
0	0
0	1
0	1
5	6
0	0
10	30
1	1859
0	0
0	0
0	0
0	0
0	0
0	0
1	25
0	0
0	0
0	0
75	1175
0	0
0	0
0	46
0	0
0	0
0	0
0	0
9	676
0	0
0	0
0	0
0	0
0	0
0	0
3	300
0	0
0	0
0	0
0	0
27	2144
0	0
26	2862
0	0
0	0
0	0
0	0
0	0
0	8
0	0
2	1610
0	2
0	0
0	0
0	0
2	73
0	0
0	0
1	1
0	0
0	558
0	0
0	0
3	670
0	0
0	0
0	0
0	0
0	0
0	0
0	83
1	0
0	0
0	0
0	26
0	0
0	95
0	2
0	0
3	0
0	0
0	0
0	0
0	0
0	0
431	1546
0	0
0	0
0	0
0	0
0	0
0	0
0	0
0	0
0	1
0	0
0	528
0	0
3	85
1255	20919
0	0
0	0
0	0
0	3
0	0
0	0
0	0
0	0
0	479
0	0
2	11
10	0
0	0
0	35
0	0
1	0
0	0
8	6269
0	0
0	0
0	0
0	0
0	0
0	0
0	0
0	0
0	0
0	0
0	0
1	0
0	0
0	0
1	0
55	959
0	1
0	0
0	0
0	0
1	33
0	140
0	0
4	0
0	0
0	1
0	0
0	1078
0	16
0	0
0	0
0	0
0	0
0	0
0	0
13	1477
0	0
0	0
2	2358
0	27
0	0
0	0
0	0
0	253
0	0
0	0
0	0
0	0
0	0
0	0
0	0
0	0
0	0
0	1
0	100
0	178
0	0
0	0
0	0
0	0
0	0
0	0
0	2
0	51
0	0
0	0
0	0
0	0
0	0
0	0
0	0
0	5
0	0
0	13
0	28
135	4863
0	0
0	0
0	0
4	0
0	0
0	0
0	0
0	61
0	0
0	0
0	0
0	5711
0	0
0	0
0	0
0	0
0	4
0	0
0	0
0	0
0	0
0	0
0	0
0	0
0	0
0	0
0	0
0	0
0	0
0	18
0	14
0	7
0	0
3	0
0	0
0	0
0	0
0	8009
0	0
0	0
0	0
0	0
0	0
0	0
0	0
0	0
0	0
0	4
0	0
0	0
0	0
8	0
5	17
2843	1713
0	0
0	0
0	0
0	0
0	0
0	0
22	65
2	5
3	0
0	0
10	1382
0	0
0	0
0	0
0	0
0	0
0	0
0	0
0	0
0	0
0	0
0	0
1	108
0	0
0	0
1	918
0	0
0	0
0	0
0	0
0	0
0	0
1	3143
0	0
0	0
0	0
0	0
0	177
5	0
0	0
0	0
0	0
0	0
0	0
0	0
3	22906
0	13
0	0
0	0
0	27
1	0
0	0
0	0
116	110
0	0
0	0
0	0
0	0
0	0
0	0
0	0
1	0
0	0
2	0
0	0
0	3
0	0
0	0
0	0
0	0
0	0
0	0
0	0
0	0
216	0
0	0
0	0
0	0
0	0
0	0
0	0
0	258
1	0
0	0
0	0
0	0
0	0
1	0
0	0
0	0
2	0
1	4
0	0
1	1780
0	0
0	0
0	0
1	3158
2	8
0	0
0	7
6	1624
0	0
0	0
1	153
11	0
0	0
0	0
0	6
0	0
20	258
7	8
0	2
0	0
0	0
0	0
0	9
0	0
0	0
0	0
0	0
0	0
1	233
16	140
0	0
0	0
0	0
0	0
0	0
0	0
0	0
5	0
0	0
0	0
0	0
0	0
0	0
0	0
0	0
0	0
0	0
0	0
0	0
2	112
0	0
0	0
0	0
0	2
0	41
0	0
0	0
0	0
0	0
0	0
0	0
0	0
0	0
2	72
0	0
0	0
0	0
0	0
0	0
1	239
0	0
0	0
0	0
1	1
0	0
0	96
0	0
0	0
0	0
2	0
0	0
0	0
0	0
0	0
0	0
0	0
0	0
0	0
0	0
0	0
0	0
0	0
0	751
2	4439
5	2
0	0
0	0
0	287
0	0
0	0
0	0
0	330
0	3
0	0
0	0
0	0
0	0
0	1
0	349
0	0
0	0
0	0
0	0
0	0
0	276
0	0
0	0
0	0
0	0
0	0
0	0
0	0
9	83
0	0
0	0
9	0
0	0
0	0
0	0
0	5
0	0
0	0
0	0
0	0
0	0
1	0
2	0
0	3245
0	0
0	0
1	0
0	430
0	0
0	2
0	0
0	0
0	0
0	0
0	0
0	0
0	0
1	0
0	0
0	0
0	10
0	0
0	0
0	0
0	0
0	0
0	0
0	0
0	0
0	4
0	659
0	0
0	0
0	0
0	0
0	0
0	32
0	0
0	0
0	0
0	0
232	3156
2	0
0	0
0	0
3	5902
0	7
0	34
8	2273
0	36
0	0
0	0
0	0
0	0
0	0
0	0
0	3
0	0
0	0
0	0
0	173
0	0
0	0
4	0
2	180
0	0
0	17
0	0
2	69
0	0
0	50
0	0
0	0
1	0
0	0
0	15
0	2
0	5
0	0
0	0
0	0
0	0
0	106
0	0
0	0
0	0
0	0
0	0
0	0
0	0
32	15
0	0
0	0
0	0
0	0
0	0
0	0
0	101
0	0
0	0
0	0
0	0
0	0
0	0
22	3678
0	0
0	2
0	0
0	440
0	0
0	49
0	0
49	91
0	0
0	0
0	0
0	0
0	0
2	83
0	0
0	13
0	14
0	0
0	0
3	0
0	0
0	4
0	0
0	0
922	767
0	0
0	0
0	0
0	0
1	0
0	0
0	0
62	5
0	243
0	0
0	35
0	0
0	0
0	0
0	0
0	0
0	0
0	0
0	0
2	1
1	90
0	12
1	3183
0	0
0	0
0	0
0	0
0	0
0	0
0	0
1	0
5	8798
0	0
0	0
0	0
0	0
0	0
0	0
0	0
0	0
0	0
0	0
0	0
0	0
0	0
580	3669
0	0
0	0
0	0
0	60
0	0
0	438
0	4
0	193
13	184
0	453
0	0
0	0
0	0
0	27
0	0
0	3
0	0
0	0
1	98
1	1
0	35
0	40
1	0
0	649
0	2
0	0
0	0
0	0
0	0
0	16
0	0
0	0
0	1380
0	0
0	1381
0	0
0	0
0	0
1	0
0	2
0	0
0	0
2	3
0	0
0	0
0	0
0	0
0	0
0	0
0	0
0	0
0	0
0	0
0	0
0	0
0	5
0	0
4	4
0	0
0	0
0	11
0	0
0	0
0	0
0	0
0	0
0	0
0	0
0	64
0	0
0	253
0	14
13	54
19	900
0	0
0	0
0	0
0	0
0	0
0	0
0	0
0	4733
0	3
1	462
0	0
0	0
0	0
0	0
0	18
0	0
28	1717
0	0
0	0
0	0
0	0
0	0
0	2
5	0
0	0
0	0
0	0
0	0
0	0
0	0
0	0
0	0
0	0
0	1761
0	0
0	0
0	0
0	0
2051	5031
0	1
0	0
0	0
0	0
0	26
0	0
0	0
0	0
0	0
0	0
0	0
2	0
0	0
0	0
1	525
3	840
0	0
0	0
0	0
0	0
6	1782
0	0
0	0
0	0
0	0
0	99
402	290
41	69
0	3
0	0
0	0
834	111
0	141
0	0
0	343
0	0
39	113
0	0
0	0
0	0
1	10
0	0
1	23
2	500
0	0
0	0
0	0
3591	1126
0	0
0	1576
0	0
9	75
0	0
0	0
0	6
0	0
0	1484
14	58
0	0
0	2
3	51
0	0
0	0
0	172
0	0
0	0
0	10
0	1
0	475
0	26
0	0
0	0
2	0
1	22
0	0
0	0
6	794
0	0
0	0
0	0
0	15
0	0
0	0
0	0
0	0
4	3376
1	481
0	0
0	27
11	124
0	15243
0	0
0	0
0	0
0	2
0	0
0	0
0	0
4	493
0	0
0	0
0	0
0	0
16	2
0	0
15	452
0	0
0	0
0	0
0	0
0	0
0	0
0	0
0	0
6	1
0	1223
3	20
0	41
6	6
1	0
1	3
0	0
1	0
0	0
1	0
0	0
2	0
2	230
27	112
0	0
0	0
0	0
0	0
1	0
1	357
4	316
0	0
0	0
0	0
0	0
0	0
0	0
0	0
0	0
0	0
0	0
0	0
0	21
0	0
2	798
0	0
0	0
0	1
1	148
54	365
0	0
0	0
0	0
0	0
0	0
0	0
0	0
0	0
0	0
0	0
0	0
0	2
0	0
0	0
0	0
0	0
0	0
0	0
0	0
2	642
0	0
8	0
0	0
14	4026
0	170
0	0
0	0
1	0
0	0
0	0
0	1
0	0
0	0
0	0
0	169
0	0
2	0
0	0
0	0
0	2
0	0
0	0
6	505
0	0
0	96
0	0
0	0
0	0
0	0
0	0
0	1
0	2
37	249
0	0
0	0
1	0
1	0
0	0
0	0
0	0
163	6316
0	0
0	0
0	47
0	49
0	8
0	0
3	53
0	0
0	0
0	0
0	0
0	0
1	48
0	0
0	0
0	0
0	0
0	0
0	0
0	0
0	0
0	0
0	0
0	664
0	2
0	0
1	0
0	0
0	0
0	0
0	0
0	0
0	0
8	1299
0	0
0	0
0	0
0	0
0	0
0	0
0	0
0	0
0	0
0	45
29	1209
0	0
0	0
0	0
0	0
0	0
0	1
0	52
0	0
0	0
0	0
2	8
0	0
0	2
0	0
0	0
0	0
1	0
2	0
0	0
0	0
3	0
0	149
0	0
0	0
0	0
0	0
0	0
0	0
0	0
0	29
0	3
0	0
0	0
0	0
1	1923
0	0
0	174
0	4
0	0
0	0
0	0
0	0
0	0
0	0
0	38
0	0
0	0
0	4468
0	0
0	5
0	0
0	0
0	0
0	0
4	120
0	0
0	0
0	0
0	0
0	0
11	0
2	299
0	0
0	0
0	0
0	0
0	0
0	0
0	0
0	0
0	0
0	0
0	0
1	224
0	0
0	0
0	0
0	4
0	0
0	0
0	0
0	0
0	0
0	100
9	5
0	0
0	0
0	0
0	0
0	0
0	0
0	0
0	0
0	0
0	0
2	6
0	0
0	0
0	331
1	4
0	0
0	0
0	0
0	0
0	16
0	0
0	0
1	43
2	96
0	99
0	0
0	0
0	1
0	17
0	0
0	0
1	0
0	0
1	30
0	1
0	0
32	9
0	0
1	0
0	0
0	0
0	0
0	0
1	31
0	0
0	0
42	25
0	0
2	2056
0	0
0	0
0	1
0	0
5	0
0	2950
0	0
5	8
0	0
0	0
0	0
0	0
0	0
0	0
0	0
0	0
0	0
0	0
1	57
0	0
0	0
0	0
0	0
0	0
0	0
0	0
0	0
0	0
0	0
0	0
0	0
0	0
0	0
0	0
0	0
0	0
0	0
0	0
0	0
0	0
0	0
0	0
0	0
0	0
0	1
1	0
0	0
0	0
0	0
0	0
0	6
2	66
0	0
0	0
0	0
0	0
0	108
0	0
0	0
0	0
0	0
0	20
0	0
0	0
0	1
0	0
0	0
0	0
0	0
0	0
6	53
0	0
0	0
0	0
0	213
0	0
0	0
0	0
0	0
0	0
0	3
0	0
0	0
0	0
5	0
0	0
2	88
0	0
0	0
0	0
0	0
0	0
0	46
1	0
0	0
4	5
2	2703
0	0
4	921
0	0
2	5990
0	0
0	31
0	0
0	0
0	0
0	0
0	0
2	50
0	0
0	0
0	0
0	0
0	0
0	0
0	0
0	0
4	53
0	0
0	0
0	0
5	62
1	0
0	0
0	0
0	0
0	0
0	0
0	0
0	0
0	0
0	0
155	633
0	0
0	0
0	0
7	0
0	0
0	0
0	0
0	1519
0	0
0	5
1	258
68	1060
2	783
0	0
0	0
4	237
0	2
0	162
0	0
0	0
0	0
0	0
0	0
0	0
1	0
0	2
0	5
0	1
0	33
0	0
0	0
0	0
0	0
0	34
0	857
0	0
0	0
0	0
0	1
0	0
0	0
7	7
0	0
0	0
0	0
0	0
0	0
0	1
0	0
0	0
0	923
0	0
0	0
0	0
0	0
1	253
0	0
0	0
0	2
0	0
0	0
0	0
0	8
0	0
0	0
0	0
0	0
0	0
0	0
0	0
0	0
0	1024
0	0
0	0
0	0
0	0
0	3
0	0
0	0
0	0
0	0
0	0
0	0
0	0
0	0
2	1199
0	1
0	0
0	0
0	0
0	0
0	0
0	0
0	0
0	0
0	0
0	0
1	0
0	0
0	0
0	0
0	0
0	0
0	0
0	0
0	0
0	0
0	0
0	0
0	0
0	0
0	0
0	0
0	0
0	0
0	0
0	0
0	0
0	0
0	0
0	0
0	0
0	0
0	0
0	0
0	0
2	0
0	0
0	0
0	0
0	0
0	0
1	0
0	2
0	0
0	0
0	0
0	0
0	0
14	1
3	1
0	0
1	0
0	0
0	0
10	0
6	16
0	1
0	0
6	0
0	614
0	3001
132	158
0	147
0	11
0	79
0	0
128	1306
0	1306
1	80
0	63
13	2324
0	1779
8	6522
0	6068
0	0
0	0
0	0
0	0
0	0
0	0
0	0
0	0
0	0
0	0
1	0
0	0
0	0
0	0
0	0
0	0
0	0
0	0
15	0
1	0
0	0
0	0
82	20572
0	0
2	23
0	55
0	48
0	380
0	136
0	361
0	0
1	0
0	0
0	0
15	8
0	8
2	0
2	0
2	2
26	14
0	12
53	202
2	59
2	186
0	0
0	0
0	0
0	0
0	0
0	0
0	429
0	429
0	0
0	0
0	0
0	0
0	0
0	2
0	2
13	106
0	106
0	0
0	0
4	0
0	0
0	0
0	0
0	0
0	0
3	0
0	0
0	0
0	0
0	0
0	0
0	0
0	0
0	0
0	0
1	2
0	2
14	10
3	7
0	0
0	0
0	0
0	0
0	0
0	0
1	0
0	0
0	0
0	0
0	0
0	0
0	0
0	0
0	0
0	0
0	0
0	693
0	280
0	200
0	74
0	0
0	49
7	0
0	0
0	0
0	0
0	0
0	0
66	789
0	0
0	0
0	0
0	0
0	0
0	0
0	0
0	0
0	0
0	0
0	0
0	0
0	0
0	0
0	14
0	15
0	4
0	3
0	0
0	0
0	0
0	0
0	0
0	0
0	0
0	0
0	0
0	0
0	0
0	0
3	2
0	3
2	3
0	0
0	0
0	0
0	0
0	0
0	4
0	0
0	0
0	0
1	0
0	0
0	271
0	271
0	271
0	0
0	0
0	0
0	0
0	0
52	19
0	4
0	7072
0	6785
0	5
1	8
0	21
0	17
4	0
0	0
0	0
0	0
1	0
0	0
0	2442
4	27
0	27
0	1022
0	1022
0	1009
0	0
0	0
0	0
0	0
0	0
0	0
0	0
0	8779
0	4610
0	5563
3	145
0	117
0	0
0	0
6	2184
0	3844
2	243
0	0
0	0
0	0
0	2
0	0
0	0
0	0
0	0
0	0
0	0
0	0
0	0
1	0
0	0
0	17
0	17
0	17
0	121
0	103
0	0
0	0
0	0
33	0
0	0
9	0
0	0
0	0
0	0
0	0
0	0
1	0
0	0
0	0
0	0
0	0
2	757
0	727
3	4
0	3
0	1
0	7
0	7
4	0
0	0
0	0
0	126
0	51
0	11
0	0
0	0
0	0
0	0
0	1882
0	0
0	0
0	0
0	0
0	0
0	0
0	88
7	530
1	9265
0	9206
0	0
0	6587
0	0
0	0
0	0
0	0
2	6
0	0
0	0
0	1034
0	70
0	2
0	0
0	0
0	8620
0	6316
0	4
0	5
0	0
0	255
0	0
0	0
3	337
0	154
0	0
0	0
0	7
0	17
10	16
0	16
1	74
2	74
0	65
0	0
0	2
0	2
1	80
0	1420
0	0
0	0
0	186
0	613
0	345
0	0
0	0
0	0
0	0
0	0
0	0
0	0
0	0
3	0
0	0
0	0
15	0
0	480
21	518
0	0
0	0
24	1
0	0
0	0
0	0
0	0
0	626
0	149
0	0
0	57
0	44
12	3055
0	2487
3	443
0	0
0	0
0	0
0	0
0	0
0	0
0	0
1	0
0	0
0	0
0	0
6	0
4	2887
0	2879
0	2285
0	0
0	0
0	19
0	19
0	0
0	0
0	0
0	0
0	0
0	0
0	12442
0	10757
1	3
0	0
0	2
0	1
0	1
0	0
0	0
0	3504
0	3504
0	0
0	0
0	0
0	0
0	0
0	0
0	0
0	0
0	0
0	0
0	0
35	0
0	21
0	10
83	65
13	192
0	1
0	1
0	0
0	0
0	0
0	0
22	2
0	2
0	0
0	0
1	52
0	52
7	0
0	1
0	2
1	2
0	0
117	2412
0	1878
0	0
0	0
0	0
0	0
0	0
0	0
0	0
13	2
0	488
0	439
9	434
0	52
1	0
13	6
0	0
0	0
0	0
0	0
3	62
0	11
138	51
0	0
0	0
0	0
17	4
0	2
0	0
1	1
13	0
0	0
0	201
0	128
0	54
6	1
24	2
0	0
0	0
0	0
0	0
0	0
0	0
0	0
0	0
0	0
0	0
0	0
0	0
0	83
0	0
0	0
0	0
0	100
1	898
0	0
0	0
0	43
0	0
15	165
0	122
0	0
0	0
0	0
0	0
0	0
0	0
0	2
0	1
0	0
0	0
0	0
0	0
0	0
1	5263
0	0
0	0
0	0
0	0
0	0
0	0
0	5
0	5
0	0
0	0
0	0
0	0
0	0
0	0
0	605
0	365
0	985
0	985
3	7
9	18
5	4
7	19
0	0
0	0
0	0
0	0
0	4
0	2
2	3
0	24
0	0
1	0
0	0
0	0
0	0
0	0
0	0
0	0
13	26
0	26
0	19
0	0
0	0
0	0
4	7
0	7
1	0
0	0
0	1
0	1
0	0
0	0
0	0
0	0
0	0
0	0
0	0
0	0
0	0
0	0
0	0
0	1756
0	3130
4	0
0	0
7	38
4	24
1	0
0	0
0	0
0	0
10	4726
189	3948
20	3
0	3
0	0
0	0
0	0
0	0
0	0
0	0
3	14396
0	11700
0	1808
0	1803
0	4
0	0
0	0
0	0
0	0
0	0
0	0
0	0
0	0
0	1
0	0
0	0
0	0
2	0
0	0
0	0
0	0
0	1
0	0
0	0
0	0
0	0
0	0
0	0
0	0
0	0
0	0
0	0
0	0
0	0
0	0
0	0
0	0
0	0
0	0
0	0
0	0
0	0
0	0
0	0
0	0
0	0
0	0
0	0
0	0
0	0
0	0
0	0
0	0
0	0
0	1
0	0
0	0
0	0
0	0
0	0
0	0
0	0
0	0
0	0
0	0
0	0
0	0
0	0
0	0
0	0
0	0
0	0
0	0
0	0
0	0
0	0
0	0
0	0
0	0
0	0
0	1
0	0
0	0
0	0
1	0
0	0
0	0
0	0
0	0
0	0
0	0
0	0
0	0
0	0
0	9
0	0
0	0
0	0
0	0
0	0
0	0
0	0
0	0
0	0
0	0
0	0
0	0
0	0
0	0
2	0
0	0
0	0
0	0
0	0
0	0
0	0
0	0
0	0
0	0
0	0
0	0
0	0
0	0
0	0
0	0
0	0
0	0
0	0
0	0
0	0
0	0
0	0
0	0
0	0
0	0
0	0
0	0
0	0
0	0
0	0
0	0
0	0
0	0
0	0
0	0
0	0
0	0
0	0
0	0
0	0
1	0
0	0
0	0
0	0
0	0
0	0
0	0
0	0
0	0
1	0
0	0
0	0
0	2
0	0
0	0
0	0
0	0
0	0
0	0
0	0
0	0
0	0
0	0
0	0
0	0
0	0
0	0
0	0
0	0
0	0
0	0
0	0
0	0
0	0
0	0
0	0
0	0
0	0
0	0
0	0
0	0
0	0
0	0
0	0
0	0
0	0
0	0
0	0
0	0
0	0
1	53
0	0
0	0
0	1
0	10
0	1
0	1
0	10
0	0
0	10
0	15
0	1
0	24
0	10
0	1
0	0
0	55
0	1
1	21
6	61
0	0
12	38
1	39
0	14
3	16
16	0
0	0
0	3
0	7
0	3
10	3
0	1
0	0
0	0
0	0
0	0
0	0
0	0
0	0
0	0
0	0
0	0
0	0
0	0
0	0
0	0
0	0
0	0
0	0
0	0
0	0
0	0
0	0
0	0
0	0
0	7
0	0
0	0
0	0
0	78
0	0
0	0
0	0
0	0
0	0
51	100
0	0
0	0
0	0
0	0
0	0
0	0
0	0
1	0
0	0
0	0
0	0
0	0
0	2
0	0
0	0
0	0
0	0
0	0
0	0
0	0
0	0
0	0
0	0
0	0
0	0
0	0
0	0
0	0
0	0
0	0
0	0
0	0
14	577
0	0
0	77
0	0
0	0
0	0
0	0
0	0
0	0
0	0
0	0
0	0
0	0
0	0
0	0
0	0
0	0
0	0
0	0
0	0
0	0
0	23
0	0
0	0
0	33
0	0
0	0
0	0
0	7
0	0
1	0
5	450
0	0
0	0
0	0
0	0
0	0
0	0
0	0
0	0
0	1
0	0
0	0
0	2
0	0
0	17
0	0
0	0
0	0
0	0
0	0
0	0
0	0
0	0
0	0
0	0
0	0
0	0
0	0
0	0
0	0
0	0
0	0
0	0
0	0
0	0
0	0
0	0
0	0
0	0
0	0
0	0
0	0
0	0
0	0
0	0
0	0
0	0
0	0
0	0
0	0
0	52
0	0
0	0
0	1
0	1
0	0
0	0
0	0
0	0
0	0
0	0
0	0
0	1
0	0
0	0
0	0
0	0
0	0
0	1
0	1
0	1884
0	0
0	0
0	0
0	0
0	1
0	1
0	0
0	1
0	0
0	8
0	0
0	0
0	0
3	19
0	0
0	0
0	0
0	7
0	0
0	0
0	0
0	0
0	0
0	0
0	0
0	0
0	1
0	0
0	0
0	0
0	0
0	0
0	0
0	0
0	0
0	0
0	0
0	0
0	0
0	0
0	0
0	0
0	0
0	0
0	4
0	0
0	0
0	0
0	0
0	0
0	0
0	0
0	0
0	10
0	0
0	0
0	0
0	0
0	1
0	1
0	0
0	0
0	0
0	0
0	1
0	1
2	497
0	0
0	0
0	0
0	0
0	0
0	0
0	0
0	0
0	0
0	0
0	0
0	0
0	0
0	0
0	0
0	0
0	0
0	0
0	0
0	0
0	0
0	0
0	0
0	0
0	0
0	0
0	0
0	0
0	1
0	0
0	0
0	0
0	0
0	0
0	0
0	0
0	0
0	1
0	0
0	0
0	0
0	0
0	0
0	0
0	0
0	1
0	0
1	1
0	0
1	0
0	0
0	0
0	0
0	0
0	0
0	0
0	0
0	0
0	0
0	0
0	0
0	0
0	0
0	0
0	0
7	2
0	1
0	0
0	0
0	0
0	0
0	1
0	0
0	0
0	11
0	0
0	0
0	0
4	4
0	0
0	0
0	0
0	0
0	0
0	0
0	0
0	0
0	0
0	0
0	0
0	0
0	0
0	0
0	0
0	0
0	17
0	0
0	0
0	0
0	0
0	0
0	0
0	0
0	14
0	0
0	0
0	0
0	0
0	0
0	0
0	0
0	0
564	1717
0	0
0	103
0	0
0	0
0	0
0	0
7	4
0	0
0	0
0	0
0	0
0	0
1	12
0	0
0	0
0	0
0	0
0	0
0	0
0	0
0	0
0	0
0	0
0	0
0	0
0	0
0	0
0	0
0	0
0	0
0	0
0	0
0	0
0	0
0	0
0	0
0	0
0	0
0	0
0	0
0	0
0	0
0	0
0	0
0	0
0	0
0	0
0	0
0	0
0	0
5	3
0	0
0	0
0	0
2	3
17	3
0	0
0	10
26650	24736
0	0
0	0
0	0
5976	226
1777	16002
0	0
0	0
0	0
0	0
0	0
0	0
0	0
0	0
0	0
0	2
0	3
0	0
0	0
0	0
0	0
125	294
0	0
0	0
0	0
0	0
0	1
0	0
0	0
0	0
0	0
0	0
1	8
0	0
0	0
0	0
0	0
0	0
0	0
0	0
0	0
0	0
0	0
0	0
0	0
0	0
0	0
0	0
0	0
0	0
0	0
0	0
1	11
0	0
0	12
0	0
0	0
0	5
0	0
0	0
0	0
0	0
0	0
0	0
0	0
0	0
1	0
0	0
0	0
0	0
0	0
0	0
0	0
0	0
0	0
0	1
0	0
22	381
0	0
0	0
0	0
0	0
0	0
0	0
0	0
0	0
0	0
0	0
0	0
1	0
0	0
0	0
0	0
0	0
0	0
0	0
0	0
0	0
0	0
0	0
0	0
0	0
0	0
0	0
0	0
0	0
0	0
0	0
0	0
0	0
0	0
0	0
0	0
0	0
0	0
0	0
0	0
0	0
0	0
0	0
0	0
0	0
0	0
0	0
0	0
0	0
0	0
0	0
0	0
0	0
0	0
0	0
0	0
0	0
0	0
0	0
0	0
0	0
0	0
0	0
0	0
0	0
0	0
0	0
0	0
0	0
0	0
0	84
0	0
0	0
0	0
0	0
0	0
0	0
0	0
0	7
0	11
0	0
0	0
0	0
0	0
0	0
0	0
0	0
0	0
0	0
0	0
0	0
0	0
0	0
0	0
0	0
0	0
0	0
0	0
0	4
0	0
0	0
0	0
0	0
0	0
0	0
0	0
0	0
0	0
0	0
0	0
0	0
0	0
0	0
0	0
0	0
0	0
0	0
0	0
0	0
0	0
0	0
0	0
0	0
0	0
1	0
0	0
0	0
0	0
0	0
0	0
0	0
0	0
0	0
0	0
0	0
0	0
0	0
0	0
0	0
0	0
0	0
0	0
1	0
0	0
0	0
2	0
0	0
0	0
0	0
0	0
0	0
0	0
0	0
0	0
0	0
0	0
0	0
0	0
0	0
0	0
0	0
0	0
0	0
0	9
0	0
0	0
5	35
0	0
0	0
0	0
0	0
0	0
0	0
0	0
0	0
0	20
0	0
0	0
0	0
0	0
0	0
0	0
0	0
0	0
0	0
0	0
0	0
0	0
0	0
0	0
0	0
0	0
0	0
0	0
0	0
0	0
0	0
0	0
0	0
0	0
0	0
0	0
0	0
7	58
0	1
0	0
0	0
0	0
0	0
0	0
0	0
0	0
0	0
0	0
0	0
0	0
0	0
0	17
0	0
0	30
0	0
0	0
0	0
0	0
0	8
0	0
0	0
0	0
0	75
0	0
0	0
0	0
0	0
0	0
0	0
0	0
0	0
1	0
0	0
0	0
0	0
0	0
0	0
0	0
0	0
0	0
0	0
0	506
0	0
0	0
0	0
0	0
0	0
5	0
0	0
0	0
0	0
0	0
0	0
0	0
0	0
0	0
0	0
0	0
0	0
0	0
0	0
0	0
0	0
0	0
0	0
0	0
0	0
0	0
0	0
0	0
0	0
0	0
0	0
0	0
0	0
0	0
0	0
0	0
0	0
0	0
0	0
0	0
0	0
0	0
0	0
0	0
6	53
0	0
0	0
0	0
0	0
0	0
0	0
0	0
0	0
0	0
0	0
0	0
0	0
0	0
0	0
0	7
0	434
0	0
0	0
0	0
0	0
0	0
0	0
0	0
0	0
0	0
0	0
0	0
0	0
0	0
0	0
0	0
0	0
0	0
0	0
0	0
0	0
0	0
0	0
0	0
0	0
0	0
0	0
0	0
0	0
0	0
0	0
0	0
0	0
0	0
0	0
0	0
0	0
0	0
0	0
0	0
0	0
0	0
0	0
0	0
0	0
0	0
0	0
0	0
0	7
0	5
0	12551
0	4352
0	4770
0	0
0	0
5	61
0	0
0	37452
0	0
0	0
0	0
0	0
0	0
0	43421
0	0
0	0
0	0
0	0
0	0
0	0
0	0
0	0
0	0
0	0
0	0
0	0
0	38336
0	0
0	0
0	13836
0	0
1	0
0	0
0	0
0	0
0	0
0	0
0	4
8	47
0	0
0	0
0	11
0	0
0	0
0	0
0	8
0	0
0	0
0	0
0	0
0	0
0	0
0	0
0	0
0	0
0	0
0	0
0	0
0	0
0	0
0	0
0	0
0	0
0	0
0	0
0	0
0	0
0	0
0	0
0	0
0	0
0	0
0	0
0	0
0	0
0	0
0	0
0	0
0	3786
0	0
0	0
0	0
0	0
0	0
0	0
0	0
0	0
20	790
0	0
0	0
0	0
0	2
0	0
0	0
0	0
0	0
1	0
0	0
0	0
0	0
0	0
0	0
0	0
0	0
0	0
0	0
0	0
0	0
0	0
0	0
0	0
0	0
0	0
0	0
0	0
0	0
0	0
0	0
0	0
0	0
0	0
0	0
0	0
0	0
0	0
0	0
0	0
0	0
0	0
0	0
0	0
0	0
0	0
0	0
0	0
0	0
0	1
0	0
0	0
0	2
13	186
0	0
0	0
0	0
0	0
0	0
0	0
0	0
0	0
0	0
0	0
0	0
0	48
0	0
0	0
0	2
0	0
0	0
0	0
0	0
0	0
0	0
0	0
0	0
0	0
0	0
0	0
0	0
0	0
0	0
0	0
0	0
1	0
0	0
0	0
0	0
0	0
0	0
0	3
0	0
0	0
0	0
0	0
0	0
0	0
0	0
0	0
1	4
0	3
0	0
0	0
0	0
0	0
0	0
1	46
0	0
0	0
0	0
1	17
0	0
37	16
0	0
0	0
61	13
0	0
0	0
0	1
0	0
2	153
0	0
0	0
0	0
0	0
0	0
0	0
0	0
7	0
0	0
0	0
0	0
0	0
0	3
0	0
0	0
0	0
0	0
0	0
0	0
0	0
0	0
3	0
0	0
0	0
0	0
0	1
0	0
0	0
0	0
0	0
0	0
0	0
0	0
0	0
0	0
0	0
0	0
0	0
0	0
0	0
0	0
0	0
0	13
0	0
0	0
0	0
0	0
0	98
0	3
1	6
0	0
0	0
2	3
0	0
0	0
0	0
0	0
0	0
0	0
0	0
0	0
0	0
0	0
0	0
21	2
0	0
0	0
0	0
1	13
0	0
0	0
0	0
0	2
2	4
0	0
0	1
0	0
0	0
0	0
0	0
0	0
0	0
0	0
0	0
0	0
0	0
0	0
0	1
0	0
0	0
0	1
0	0
0	1
0	0
0	0
0	11
0	0
0	0
0	0
0	0
0	0
0	0
0	0
0	1
0	0
0	0
0	0
0	0
0	0
4	3
0	0
1	0
0	0
0	0
23	2
0	0
0	0
0	0
4	1105
0	0
0	0
0	0
0	0
0	0
0	0
0	0
0	1
0	68
0	0
13	7
0	0
0	0
0	0
0	0
4	15
0	0
0	0
0	0
0	0
0	0
4	11
0	0
0	0
0	0
0	0
0	0
0	0
0	0
1	0
22	100
1	5
0	0
0	0
0	0
0	0
0	0
0	0
0	0
0	0
0	0
0	0
0	0
0	0
0	0
9	515
0	1
0	0
0	0
0	1
0	4
0	0
0	0
0	0
0	0
0	0
0	0
0	0
0	0
0	0
0	0
0	0
0	0
0	0
1	24
0	0
0	0
0	0
0	0
0	0
0	0
0	0
0	0
0	0
0	0
0	0
0	0
0	8
0	0
0	0
0	0
0	0
0	0
0	0
0	0
0	0
0	0
0	0
0	0
0	0
0	0
0	467
0	0
0	0
0	0
0	0
0	2
0	0
0	0
7	0
0	0
0	0
0	0
0	0
0	0
0	0
0	0
0	0
0	0
0	0
0	0
0	0
4	302
0	0
0	0
0	0
0	0
0	0
0	0
0	0
0	0
0	0
0	0
0	0
0	0
0	0
0	0
0	0
0	0
0	0
0	0
0	0
0	3
0	0
0	0
0	0
0	0
0	0
0	0
0	0
0	0
0	0
0	0
0	0
0	0
0	0
0	0
0	0
0	0
0	0
0	0
0	5
0	0
0	0
0	0
0	0
0	0
0	0
0	0
0	0
0	0
0	279
0	0
0	0
0	0
0	0
0	0
0	0
0	0
0	36
0	0
0	0
0	0
0	0
0	10
0	0
0	0
0	0
0	0
0	0
5	202
0	49
0	0
0	0
0	0
0	0
0	0
0	0
0	0
0	0
3	2312
0	34
0	0
0	0
0	0
0	0
0	0
0	0
0	0
0	0
0	0
0	37
0	0
0	0
0	0
0	0
0	0
0	0
0	0
0	0
0	0
0	0
0	0
0	0
0	0
0	0
0	0
0	0
0	0
0	0
0	0
0	0
0	0
0	0
0	0
0	0
0	0
0	0
0	0
0	0
0	0
0	0
0	0
0	0
0	0
0	0
0	0
0	0
1	0
0	0
0	0
0	0
0	0
0	0
0	0
0	0
0	0
0	0
0	0
0	0
0	0
1	1
0	0
0	0
0	0
0	0
0	0
0	0
0	0
0	0
0	0
0	0
0	0
0	0
0	0
1	0
0	0
0	0
0	0
0	0
0	0
0	0
0	0
0	0
0	0
0	0
0	0
0	0
0	0
0	0
0	0
0	0
0	0
0	0
0	0
0	0
0	0
0	0
0	0
0	0
0	0
0	0
0	0
0	0
0	0
0	0
0	0
0	0
0	0
0	0
0	0
0	0
0	0
0	0
0	0
0	0
0	0
0	0
0	0
0	0
0	0
0	0
0	0
0	0
0	0
0	0
0	0
0	0
0	0
0	0
0	0
0	0
0	0
0	0
0	1
0	0
0	0
0	0
0	0
0	0
0	0
0	0
0	0
0	0
0	0
0	0
0	0
0	0
0	0
0	0
0	0
0	0
0	0
0	0
0	0
0	0
0	0
0	0
0	0
0	0
0	1
0	0
0	1
0	0
0	0
0	0
0	1
1	113
0	0
0	0
0	0
0	0
0	0
0	0
0	0
0	0
0	3
0	0
0	0
0	0
0	0
0	0
0	0
0	0
0	0
0	0
0	0
0	3
0	0
0	0
0	0
0	0
0	0
0	0
0	0
0	0
0	0
0	0
0	0
0	0
0	0
0	0
0	0
0	0
0	0
0	0
0	0
0	0
0	0
0	0
0	0
0	0
0	0
0	0
0	0
0	0
0	0
0	0
0	0
0	0
0	0
0	0
0	0
0	0
0	0
0	0
0	0
0	0
0	0
0	0
0	1
1	0
0	0
0	0
0	0
0	0
0	0
0	0
0	0
0	0
0	0
0	0
0	0
0	0
0	0
0	0
0	0
0	0
0	0
0	0
0	0
0	0
0	0
0	0
0	0
0	45
0	0
0	0
0	0
0	0
0	0
0	0
0	0
0	0
0	0
0	0
0	0
0	0
0	0
0	0
0	3
0	0
0	1
1	57
0	0
0	0
0	0
0	0
0	0
0	0
0	0
0	0
0	0
0	0
0	0
0	0
0	0
0	0
0	0
0	0
0	23
0	0
0	0
0	0
0	0
0	0
0	0
0	0
0	0
0	0
0	0
0	0
0	0
0	0
0	0
0	0
0	0
0	0
0	0
0	0
0	0
0	0
0	0
0	0
0	0
0	0
0	0
0	0
0	0
0	0
0	0
6	2
0	0
0	0
0	0
0	0
0	0
0	0
0	0
0	0
0	0
0	0
0	0
0	0
0	0
0	0
0	0
0	0
0	0
0	0
0	0
1	0
0	0
0	4
0	0
0	0
0	0
0	0
0	0
0	0
0	0
0	0
0	0
0	0
0	0
0	0
0	0
0	0
0	0
0	0
0	0
0	0
0	0
0	0
0	0
0	0
0	0
0	0
0	0
0	0
0	0
0	0
0	0
0	0
0	0
0	0
0	0
0	0
0	0
0	0
0	0
0	0
0	0
0	2
0	0
0	0
0	0
0	0
0	0
0	0
0	0
0	0
0	0
0	0
0	0
0	0
0	0
0	0
0	0
0	0
0	0
0	0
0	0
0	0
1	0
0	0
0	0
0	0
0	0
0	0
0	0
0	0
0	0
0	0
0	0
0	0
0	0
0	0
0	0
0	0
0	0
1	0
0	0
0	0
0	0
0	0
0	0
0	0
0	0
0	0
6	0
0	0
0	0
0	0
0	0
0	0
0	0
0	55
0	0
0	0
0	0
0	0
3	0
0	0
0	0
0	0
0	0
0	0
0	0
0	0
0	0
0	0
0	0
0	0
69	42
0	0
0	0
0	0
0	0
0	0
0	0
0	0
0	0
0	0
0	0
0	0
0	0
0	0
0	0
0	0
0	1
0	0
0	0
0	0
0	0
0	0
0	0
0	0
0	0
0	0
0	0
0	0
0	0
0	0
0	0
0	0
0	0
0	0
0	0
0	0
0	0
0	0
0	0
0	0
0	0
0	0
0	0
0	0
0	0
0	0
0	0
0	0
0	0
0	0
0	0
0	0
0	0
0	0
1	1
0	0
0	1
0	0
0	0
0	0
0	0
0	0
0	0
0	0
0	0
0	0
3	15
0	0
0	297
0	0
0	0
0	0
0	1
0	0
2	15
0	0
0	0
0	0
0	0
0	0
0	8
2	0
0	0
8	0
0	0
0	0
0	0
0	0
0	0
0	0
0	5
0	1
0	0
0	0
0	0
0	0
0	0
0	0
0	0
0	0
0	0
0	0
0	0
0	0
0	0
0	0
0	5
0	0
0	0
0	0
0	0
0	0
0	0
0	0
0	0
0	0
1	17
0	0
0	0
0	9
0	0
0	0
0	0
0	0
0	0
0	0
0	0
0	0
0	0
0	0
0	10
0	6
0	0
0	5
0	0
0	0
0	0
0	0
0	10
0	0
0	0
0	0
0	0
4	14
0	0
0	0
0	0
0	1
0	0
0	0
0	0
0	0
37	26
0	0
0	0
0	0
0	0
0	0
0	0
0	0
0	0
0	0
0	1
0	0
0	0
0	0
0	0
0	0
0	0
0	0
0	0
0	0
0	0
0	0
0	0
0	0
0	0
0	0
0	0
2	0
2	5
0	0
0	0
0	0
0	0
0	0
0	0
0	0
0	0
0	0
1	95
0	0
0	0
0	0
0	0
0	0
0	0
0	0
0	0
0	0
0	0
0	0
0	0
0	5
0	0
0	0
0	0
0	0
0	37
0	0
0	0
0	0
0	0
0	0
0	0
0	0
0	77
0	0
0	1
0	79
0	0
0	0
0	0
0	0
0	0
0	78
0	0
0	0
0	0
0	0
0	0
0	0
0	0
0	0
0	0
0	0
0	0
0	0
0	0
0	0
0	0
0	0
0	0
0	0
0	0
0	0
0	0
0	0
0	0
0	0
0	0
0	0
0	0
0	0
0	0
0	4
0	1
0	0
0	0
0	0
0	0
0	0
0	0
0	0
0	0
8	236
0	0
87	8
0	0
0	0
0	0
0	0
0	0
0	0
0	0
0	0
0	0
0	0
0	0
0	0
0	0
0	0
0	0
0	0
0	0
0	0
0	0
0	0
0	0
0	0
0	0
0	0
0	0
0	0
0	2
0	0
0	0
0	0
0	0
0	0
0	0
0	0
0	0
0	0
0	0
0	0
0	0
0	0
0	0
0	0
0	1
0	0
0	0
0	0
16	9
0	0
0	0
0	0
0	0
0	0
0	0
0	0
0	0
0	0
0	0
0	0
0	0
0	0
0	0
0	2
0	9
0	0
0	0
0	1
0	0
0	0
0	0
0	0
0	0
0	0
0	0
0	0
0	1
0	0
0	0
0	0
0	0
0	0
0	0
0	0
0	0
0	0
0	0
0	0
0	0
0	0
0	0
0	0
0	0
0	0
0	0
0	0
0	0
0	0
0	0
0	0
0	0
0	0
0	0
0	0
0	0
0	0
0	0
0	0
0	0
0	0
0	0
0	0
0	0
0	0
0	0
