UniqueCount	AmbigCount
0	0
0	0
0	0
0	0
0	0
0	0
0	0
0	0
0	0
0	0
0	0
0	0
0	0
0	0
0	0
0	0
0	0
0	0
0	0
0	0
0	0
0	0
0	0
0	0
0	0
0	0
0	0
0	0
0	0
0	0
0	0
0	0
0	0
0	0
0	0
0	0
0	0
0	0
0	0
0	0
0	0
0	0
0	0
0	0
0	0
0	0
0	0
0	0
0	0
0	0
0	0
0	0
0	0
0	0
0	0
0	0
0	0
0	0
0	0
0	0
0	0
0	0
0	0
0	0
0	0
0	0
0	0
0	0
0	0
0	0
0	0
0	0
0	0
0	0
0	0
0	0
0	0
0	0
0	0
0	0
0	0
0	0
0	0
0	0
0	0
0	0
0	0
0	0
0	0
0	0
0	0
0	0
0	0
0	0
0	0
0	0
0	0
0	0
0	0
0	0
0	0
0	0
0	0
0	0
0	0
0	0
0	0
0	0
0	0
0	0
0	0
0	0
0	0
0	0
0	0
0	0
0	0
0	0
0	0
0	0
0	0
0	0
0	0
0	0
0	0
0	0
0	0
0	0
0	0
0	0
0	0
0	0
0	0
0	0
0	0
0	0
0	0
0	0
0	0
0	0
0	0
0	0
0	0
0	0
0	0
0	0
0	0
0	0
0	0
0	0
0	0
0	0
0	0
0	0
0	0
0	0
0	0
0	0
0	0
0	0
0	0
0	0
0	0
0	0
0	0
0	0
0	0
0	0
0	0
0	0
0	0
0	0
0	0
0	0
0	0
0	0
0	0
0	0
0	0
0	0
0	0
0	0
0	0
0	0
0	0
0	0
0	0
0	0
0	0
0	0
0	0
0	0
0	0
0	0
0	0
0	0
0	0
0	0
0	0
4	4
0	0
0	0
0	0
0	0
0	0
0	0
0	0
0	0
0	0
0	0
0	0
0	5
0	3
6	5
2	29
0	22
0	2
0	0
0	0
0	0
0	1
0	1
0	32
0	78
0	77
0	77
0	30
0	0
0	30
0	16
0	16
0	30
0	78
0	77
2	759
0	985
9	81
3	167
2	985
0	0
0	0
0	0
0	0
0	0
0	0
0	0
0	0
0	0
0	0
0	0
0	0
0	0
0	42
0	42
1	0
0	0
0	0
0	0
0	0
0	0
0	0
0	0
0	57
16	0
0	56
2	30
0	57
86	104
2	11
2	86
0	60
0	18
0	60
0	0
0	1
0	1
0	0
2	746
0	114
0	0
0	0
0	0
0	0
0	0
0	0
0	0
0	0
0	0
0	0
0	0
0	0
0	0
0	0
0	0
0	0
0	0
0	0
0	0
0	0
0	0
0	0
0	0
0	0
0	0
0	0
0	0
0	0
0	0
0	0
5	69
0	78
0	71
0	78
0	71
0	77
0	71
0	6
0	4
0	4
0	77
0	0
0	0
17	24
24	141
0	141
0	22
0	32
0	31
0	0
0	0
0	0
0	0
0	0
0	0
0	0
0	2
0	0
0	0
0	0
0	0
0	0
0	0
0	0
0	0
0	0
0	0
0	0
0	0
0	0
0	0
0	0
0	0
0	5
0	5
0	7
0	4
0	6
3	3
0	6
0	2
0	0
0	1
0	0
0	7
0	0
0	0
0	0
0	0
1	0
1	0
0	0
0	0
0	0
0	0
0	0
0	0
0	0
0	0
0	0
0	0
0	0
0	0
0	0
0	0
0	0
0	0
0	0
0	0
0	0
0	0
0	0
0	0
0	0
0	0
0	0
0	0
0	0
0	0
0	0
0	0
0	0
0	0
0	0
0	0
1	0
0	0
0	0
0	0
0	0
0	0
0	0
0	2
0	2
0	0
0	0
0	0
0	0
0	0
0	0
0	0
0	0
0	0
0	0
0	0
0	0
0	0
0	0
0	0
0	0
0	0
0	0
0	0
0	0
0	0
0	0
0	0
0	0
0	0
0	0
0	0
0	0
0	0
0	0
0	0
0	0
0	0
0	0
0	0
0	0
0	0
0	0
0	0
0	0
0	0
0	0
0	0
0	0
0	0
0	0
0	0
0	0
0	0
0	0
0	0
0	0
0	0
0	0
0	0
0	0
0	0
0	0
0	0
0	0
0	0
0	0
0	0
0	0
0	0
0	0
0	0
0	0
0	0
0	0
0	0
0	0
0	0
0	0
0	0
0	0
0	0
0	0
0	0
0	0
0	0
0	0
0	0
0	0
0	0
0	0
0	0
0	0
0	0
0	0
0	0
0	0
0	0
0	0
0	0
0	0
0	0
0	0
0	0
0	0
0	0
0	0
0	0
0	0
0	0
0	0
0	0
0	0
0	0
0	0
0	0
0	0
0	0
0	0
0	0
0	0
0	0
0	0
0	0
0	0
0	0
0	0
0	0
0	0
0	0
0	0
0	0
0	0
0	0
0	0
0	0
0	0
0	0
0	0
0	0
0	0
0	0
0	0
0	0
0	0
0	0
0	0
0	0
0	0
0	0
0	0
0	0
0	0
0	0
0	0
0	0
0	0
0	0
0	0
0	0
0	0
0	0
0	0
0	0
0	0
0	0
0	0
0	0
0	0
0	0
0	0
0	0
0	0
0	0
0	0
0	0
0	0
0	0
0	0
0	0
0	0
0	0
0	0
0	0
0	0
0	0
0	0
0	0
0	0
0	0
0	0
0	0
0	0
0	0
0	0
0	0
0	0
0	0
0	0
0	0
0	0
0	0
0	0
0	0
0	0
0	0
0	0
0	0
0	0
0	0
0	0
0	0
0	0
0	0
0	0
0	0
0	0
0	0
0	0
0	0
0	0
0	0
0	0
0	0
0	0
0	0
0	0
0	0
0	0
0	0
0	0
0	0
0	0
0	0
0	0
0	0
0	0
0	0
0	0
0	0
0	0
0	0
0	0
0	0
0	0
0	0
0	0
0	0
0	0
0	0
0	0
0	0
0	0
0	0
0	0
0	0
0	0
0	0
0	0
0	0
0	0
0	0
0	0
0	0
0	0
0	0
0	0
0	0
0	0
0	0
0	0
0	0
0	0
0	0
0	0
0	0
0	0
0	0
0	0
0	0
0	0
0	0
0	0
0	0
0	0
0	0
0	0
0	0
0	0
0	0
0	0
0	0
0	0
0	0
0	0
0	0
0	0
0	0
0	0
0	0
0	0
0	0
0	0
0	0
0	0
0	0
0	0
0	0
0	0
0	0
0	0
0	0
0	0
0	0
0	0
0	0
0	0
0	0
0	0
0	0
0	0
0	0
0	0
0	0
0	0
0	0
0	0
0	0
0	0
0	0
0	0
0	0
0	0
0	0
0	0
0	0
0	0
0	0
0	0
0	0
0	0
0	0
0	0
0	0
0	0
0	0
0	0
0	0
0	0
0	0
0	0
0	0
0	0
0	0
0	0
0	0
0	0
0	0
0	0
0	0
0	0
0	0
0	0
0	0
0	0
0	0
0	0
0	0
0	0
0	0
0	0
0	0
0	0
0	0
0	0
0	0
0	0
0	0
0	0
0	0
0	0
0	0
0	0
0	0
0	0
0	0
0	0
0	0
0	0
0	0
0	0
0	0
0	0
0	0
0	0
0	0
29272	1171
1384	176
18542	2251
16855	9395
66	4435
35	2828
8	36450
32	36153
289	0
2	36441
23727	44944
14040	189
25633	0
4	0
0	299
0	314
0	227
6	352
0	79
0	43
0	151
0	265
1	126
0	62
0	102
1	83
1099	936
4	450
0	236
1	232
0	293
108	15
0	330
1	207
0	325
17	197
0	324
0	48
0	10
0	37
1	83
0	132
0	158
1	58
0	23
51	133
0	34
0	45
0	336
0	0
0	0
0	0
0	0
280	509
99	8
0	84
1	505
5	167
0	96
0	52
0	345
1	344
2	0
268	2145
137	2145
133	260
5	23
0	21
0	68
0	42
9	90
0	160
6	22
0	370
0	145
0	27
2	370
0	529
0	533
0	397
0	505
1	440
2	96
10	54
0	43
4	149
4	364
12	222
3	196
0	108
0	0
6744	65
196	1834
0	1719
1	1693
1	4
0	4
0	0
0	0
0	1
0	0
0	0
30	6
1	0
0	0
0	6
0	0
1	983
87	1155
21	366
6	0
0	53
0	225
0	30
0	31
0	82
0	44
0	27
20	3
9	4
0	1453
0	1296
0	1018
2	229
2	70
0	59
0	68
1	70
2	35
11	5
8	0
0	13
0	2
0	3
0	25
0	25
0	16
1	25
0	0
0	0
39	819
24	785
1	109
0	3
3	382
9	38
0	0
65	4459
4	4458
47	2807
67	113
6	430
1	2809
5	223
0	79
3	181
0	137
19	186
16	116
15	116
0	0
0	118
0	116
18	115
0	14
0	100
0	14
0	32
0	27
0	27
0	23
0	13
0	95
0	1
37	74
2	15
0	58
0	74
8	0
0	0
0	0
0	0
0	0
0	0
0	0
0	26
0	33
0	29
0	21
0	25
0	4
0	4
0	17
0	14
0	5
0	6
1	6
0	6
0	6
0	1
0	2
1	2
0	2
2	0
0	0
0	0
0	0
0	0
0	0
0	0
0	0
0	0
0	0
0	0
15	2
0	0
0	0
0	1
0	2
0	2
0	2
0	0
178	1004
76	468
18	164
70	850
2	716
5	197
0	185
2	275
0	262
10	57
0	147
4	274
362	276
4	1
8	275
0	46
391	46
1	0
1	0
0	0
29	0
129	553
2	139
2	110
126	377
0	117
33	6
4	6
67	55
0	23
0	0
0	48
244	36
1	36
0	768
0	92
0	170
2	188
51	728
0	159
1	114
1	416
0	409
0	195
8	179
13	274
0	163
0	163
0	122
14	0
2	241
0	241
0	42
1	0
12	127
0	83
1	127
10	3
0	8
8	7
0	3
6	2101
40	2097
0	2
58	627
22	461
14	87
0	3
4	0
0	52
0	45
0	459
0	24
0	255
1	10
0	31
0	0
0	0
0	0
0	0
0	0
0	0
0	0
0	0
0	0
0	0
0	0
0	0
0	241
6	241
0	182
0	0
1	13
0	1
0	12
0	12
0	10
0	8
0	3
0	4
0	4
0	2
0	2
0	2
0	0
0	0
26	118
0	1
0	3
0	10
0	115
0	2
5	0
1	26
1	1
0	1
0	0
0	0
4	163
1	160
0	164
0	7
0	12
0	11
0	0
0	1
0	1
0	1
0	1
0	0
0	0
0	0
184	136
5	25
0	136
22	69
14	1754
0	241
0	206
0	18
1	88
0	1755
0	0
5	96
0	96
1	113
6	115
0	26
0	20
0	0
0	0
0	1
0	11
1	20
0	0
0	12
1	397
0	0
3	371
0	398
17	356
29	0
94	0
215	0
133	36
0	38
0	38
0	0
0	444
2	0
1	46
0	40
0	440
0	46
0	444
0	0
14	0
670	485
3	233
6	149
67	103
667	189
1	35
0	165
2	142
128	368
0	303
1	0
8	126
16	24
15	1
0	66
183	1110
0	178
0	1102
0	739
5	401
0	1191
0	22
0	191
0	166
0	196
0	158
3	48
5	159
3	156
0	156
0	156
1	113
0	112
1	82
0	0
0	71
0	180
0	92
0	124
1	101
1	519
7	520
0	520
0	509
24	0
272	123
35	89
2	123
0	9
0	0
0	0
0	0
0	0
0	0
0	0
0	0
0	0
305	83
2	83
25	6
7	71
20	8
0	25
0	63
0	124
1	48
8	172
0	124
16	48
0	0
0	1
0	1
7	460
0	480
0	369
0	114
0	152
0	126
22	141
6	101
0	114
0	0
147	30
0	30
6	10
0	0
0	6
1	6
0	6
0	102
0	99
3	26
0	75
0	80
13	0
2	32
7	22
0	28
3	24
152	21
16	35
0	14
17	1
0	65
11	2
7	1740
41	211
2	36
0	202
0	36
0	116
0	1733
0	0
0	0
0	4
0	4
0	1
0	1
0	1
0	1
0	1
0	1
0	0
0	0
0	1
0	0
0	0
0	1
0	715
0	458
0	577
0	452
0	236
0	229
2	175
0	502
0	611
21	183
0	342
11	616
18	610
2	458
2	116
2	145
2	110
0	449
0	59
0	95
0	142
0	732
1	42
0	42
0	11
0	0
4	3
0	1
0	16
0	16
4	9
515	115
6	115
6	1
11	0
0	0
234	5343
0	5543
31	5249
5	388
5	250
0	177
0	0
16	1630
0	677
11	854
0	920
0	726
31	12
91	944
4	479
0	273
2	623
1	169
8	10
1	49
0	361
6	33
0	39
0	36
0	54
1	54
0	890
0	1
0	1
0	1
0	0
0	0
0	0
107	512
88	438
0	44
27	74
2	74
12	74
16	47
0	0
10	67
0	15
0	27
47	85
0	81
1	21
4	30
2	23
489	629
5	629
1154	7482
0	3705
0	2164
342	5481
19	3461
0	0
37	3065
53	197
8	1073
13	468
0	365
128	0
4	87
1	1873
0	187
17	113
4	202
4	58
26	1
312	116
0	116
1	1
0	2
8	0
181	353
23	180
0	237
22	633
0	477
0	625
0	304
0	24
4	81
6	3
0	622
0	448
23	405
1	315
3	369
0	406
0	19
0	57
0	375
0	0
0	0
0	0
0	0
1	0
11	76
0	0
0	29
0	20
0	48
0	18
0	18
0	0
0	11
2	973
0	1435
7	53
2	72
443	1458
7	864
0	192
1	21
0	393
1	173
0	69
3	38
32	0
29	52
0	177
0	114
0	420
2	93
891	20
7	20
4	101
0	5
0	5
0	14
30	15
0	30
0	23
4	77
6	46
2	0
0	0
0	0
0	0
1	0
0	0
0	109
1	193
0	193
0	78
13	1769
0	1873
17	1828
15	110
0	247
0	1805
2148	113
49	57
0	52
6	56
4	5
17	1758
1	2247
1	26
13	2265
31	443
3	1351
37	2209
40	2260
5	34
0	0
3	1
0	0
67	369
10	365
3	29
774	325
2	66
0	128
2	131
0	0
6	1
0	0
0	1
0	3
0	3
0	0
0	0
0	0
1448	1598
0	1594
0	136
2	10
0	37
13	256
0	303
1	302
0	28
0	28
0	14
0	305
1	0
54	12013
50	5164
23	12338
11	295
294	373
0	308
0	230
40	319
0	43
0	14
13	93
11	20
1	149
0	2
0	2
16	90
0	866
1	43
0	35
0	199
311	2
0	149
22	326
83	61
10	60
0	200
0	707
2	858
0	876
0	861
0	903
0	487
1694	1
0	0
0	0
0	0
0	0
0	0
0	0
0	0
24	7
0	7
0	0
0	1
2	1
0	448
60	17
1	17
0	0
0	0
0	0
0	0
0	87
0	7
0	11
0	22
0	36
0	27
0	76
0	6
0	0
0	22
0	26
0	38
80	29
2	29
0	430
39	1112
0	1113
1	4115
55	3965
0	2213
3	459
0	329
21	326
8	153
3	170
0	4115
451	445
0	33
22	92
0	66
0	68
0	193
1	144
2	65
7	44
0	56
4	1784
0	1758
0	228
24	584
73	1426
0	320
0	171
3	134
2	359
0	82
0	203
59	817
1	175
0	250
0	253
0	570
4	51
0	82
1	69
146	0
66	144
0	14
4	40
2	6
2	17
5	49
0	19
1	36
0	5
117	105
2	105
0	30
1	0
0	663
28	492
0	381
0	110
1	112
0	160
7	5
0	64
0	76
0	605
4	72
9	72
0	0
0	0
0	0
0	0
0	0
0	0
0	0
0	0
0	0
0	0
0	0
0	0
0	0
0	0
0	0
0	0
0	0
2	0
0	0
3	24
0	48
4	34
0	24
0	48
0	16
0	32
2	16
0	22
0	18
0	2
1	9
0	12
0	6
0	59
10	59
244	58
59	34
0	26
0	15
377	205
0	80
0	128
0	0
0	0
0	0
0	0
0	0
0	112
1	97
1	556
0	608
23	20
1	413
3	138
1	2
1	2
0	1
0	2
0	2
0	1
0	2
0	1
0	2
0	1
0	1
4	1
0	1
0	0
0	0
75	15
2	15
24	0
0	0
0	1
0	0
0	1
0	0
0	1
0	0
0	1
0	0
0	0
0	1
0	1
31	514
24	541
15	197
0	2
0	40
2	37
0	1
6	31
13	472
2	474
2	143
8	0
1	6
408	272
11	69
0	204
0	77
7	77
0	0
0	0
16138	748
1	747
1	399
33	399
13	219
4	122
0	97
11	12
0	17
0	16
0	4
0	4
0	17
15	848
5	124
9	405
3	355
0	456
0	162
0	77
1	66
0	36
5	9
0	64
0	159
101	338
2	116
0	123
0	17
0	561
0	24
0	24
24	13
0	24
0	10
0	22
2	13
0	321
0	565
0	119
0	558
6	241
8	36
1	36
0	238
0	80
0	189
6	87
1	229
0	0
0	0
0	0
0	0
0	0
0	0
0	27
0	22
0	2
0	37
0	1
0	0
0	27
0	3
0	0
0	0
0	10
0	0
0	37
0	0
0	0
0	0
0	0
4	106
89	106
465	379
1	83
1	76
3	80
0	140
0	37
118	36
11	19
0	0
0	0
0	439
0	383
16	228
0	439
0	433
0	0
0	0
2	138
0	101
0	133
0	103
2	50
0	18
0	7
0	13
0	0
0	3
0	1
0	2
0	3
6	638
31	583
7	254
0	53
0	96
0	175
7	52
7	122
0	173
140	8023
12	8023
1	289
24	219
12	16
2	0
0	170
13	192
0	190
0	11
6	29
64	0
2	330
0	323
0	351
0	107
0	31
0	292
0	31
0	114
2	116
12	68
1	129
6	121
0	62
1	56
0	20
8	118
0	129
0	118
48	20
0	17
0	2
0	2
0	0
0	2
0	0
0	0
215	0
0	0
0	0
0	0
0	4
0	4
0	0
0	0
0	0
0	0
25	16
0	10
0	15
0	11
0	0
1	60
1	77
0	81
6	50
0	31
1	17
0	0
0	1768
10	45
22	1726
6	171
0	213
7	21
26	1260
70	184
20	34
17	193
24	17
0	168
12	297
0	304
0	300
32	38
0	293
0	266
38	78
0	106
0	114
11	61
0	88
0	47
38	78
738	157
4	156
0	274
0	109
10	68
16	274
164	21
0	21
0	21
12	995
0	1000
62	218
0	163
0	193
0	75
0	167
58	381
100	114
9	32
0	291
1	127
1	217
0	1141
42	1132
0	187
11	186
11	186
1	20
0	0
0	0
0	0
0	0
0	0
0	0
0	0
0	2
1	2
0	2
0	0
0	5
0	4
0	1
3	8
0	1
400	839
0	592
2	90
0	166
0	102
0	18
0	45
0	19
0	20
9	235
0	296
0	294
0	269
0	27
0	83
124	88
0	0
0	0
0	0
0	0
0	0
0	546
6	10
0	546
0	55
0	55
0	213
0	53
0	29
1	5
0	213
0	53
14	484
0	476
4	100
0	90
0	142
2	497
0	98
2	62
0	562
0	0
0	0
534	13
23	84
0	84
28	0
3	42
0	78
37	33
0	539
4	576
135	13
22	70
0	577
0	0
0	0
0	3
0	3
126	263
0	115
0	148
1	86
0	32
0	2
0	2
0	223
746	544
0	249
6	72
1	150
158	1333
11	0
0	1142
0	487
0	1333
87	0
0	0
0	0
0	0
0	0
0	0
0	0
0	571
0	369
4	316
0	579
0	0
0	0
0	590
0	58
28	40
1	589
0	122
6	300
0	78
2	96
7	105
24	34
0	8
32	71
1	65
0	0
0	0
0	0
0	0
0	100
5	11231
1	11200
0	4652
1	855
0	35
4	136
116	4
0	12
0	145
0	16
8	452
0	224
1	179
0	403
1	452
0	0
2	63
6	32
0	73
6	60
25	36
1	130
3	770
0	811
1	813
0	54
0	413
0	83
0	119
1	381
0	217
2	46
0	297
0	247
0	128
0	178
0	172
0	121
0	84
21	55
0	55
0	5
1	0
1	118
0	28
0	15
9	128
2	224
2	48
1	230
6	44
0	35
2	145
0	96
62	72
19	23
0	221
13	7
1	1472
24	1546
0	85
0	0
2	22
4	11
2	47
13	79
0	34
8	60
0	0
0	0
0	0
12	0
0	0
0	0
0	0
0	0
0	0
0	0
0	0
5	0
0	2
0	0
0	2
0	1
0	0
0	0
0	0
0	15
0	23
0	128
1	44
133	128
0	190
0	12
7	3
1	130
0	183
0	72
0	155
0	190
0	116
0	192
0	234
0	509
2	121
1	66
5	447
3	137
0	565
6	531
3	103
0	80
0	137
0	208
0	255
3	146
12	410
12	444
0	185
2	64
0	101
0	35
0	67
1	210
11	76
0	242
5	15
0	37
0	64
0	59
29	132
0	174
0	18
4	158
0	11
0	10
389	212
0	0
0	0
0	0
4	0
4	90
18	0
3	81
13	713
0	226
14	791
409	793
0	11
0	7
0	1
0	50
0	0
0	0
17	50
2	144
8	304
0	235
334	0
0	15
1	85
0	46
0	68
0	432
179	440
31	172
21	91
0	8
0	0
0	19
74	31
1	21
0	30
0	24
35	38
9	11
20	7
0	20
1	16
0	71
0	27
0	63
142	70
0	182
1386	182
234	0
5	37
0	70
0	61
0	79
4	185
7	197
1	9
0	68
4	21
0	65
0	17
0	38
4	68
0	3
0	0
0	0
0	1
0	1
0	2
0	2
0	31
1	37
0	38
33	36
0	31
8	84
57	181
5	60
21	634
85	701
0	389
5	61
2149	0
0	0
0	0
0	0
1	127
265	127
322	1021
0	1018
0	50
0	435
1	86
0	1
0	1
0	198
10	188
0	1
2	184
0	172
0	17
2	196
0	198
0	188
27	199
3766	199
5	218
3	1
362	307
0	118
0	58
0	100
2	168
0	60
0	26
0	71
0	65
2	8
0	9
6	1
19	205
0	222
0	161
22	172
0	24
2	12
0	29
0	12
0	29
0	30
0	112
6	44
0	47
3	27
0	64
1	16
0	19
0	12
6	6
88	6
23	124
31	544
41	598
0	0
16	0
273	72
4	72
0	0
0	0
1	0
0	163
0	173
0	174
0	162
8	112
0	152
2	81
1	1
1	20
0	34
0	173
8	0
0	0
0	2
0	0
0	3
1	3
0	3
0	0
0	0
0	0
0	622
6	721
6	1388
30	1522
604	0
1	84
0	84
2424	647
1	513
2	82
26	21
63	25
0	135
1	240
1	193
11	409
13	240
0	86
0	113
0	58
0	13
0	0
0	0
0	0
0	0
1	0
0	0
0	0
0	0
0	0
0	0
358	0
670	0
0	133
0	138
0	141
0	87
0	130
0	133
10	82
0	19
0	0
0	0
0	0
0	7
0	1
0	7
0	1
0	10
0	8
0	10
0	8
0	7
0	4
0	0
0	4
0	1
1	0
0	0
0	0
0	0
0	0
0	0
0	0
0	0
120	49
0	49
0	520
0	523
0	514
0	517
0	513
0	507
0	456
1	508
0	522
0	302
0	315
0	70
0	26
1	15
23	0
0	0
0	1229
0	1275
10	1101
0	1150
1	1185
12	359
0	1259
0	587
146	797
5	105
0	746
4	88
5	0
16	592
2	54
3	265
0	235
0	122
1	7
0	0
0	0
0	0
0	0
0	1
0	0
0	0
0	1
0	1220
0	1064
0	1222
9	197
0	246
1	207
0	182
0	0
0	0
0	0
0	0
7	84
5	83
1	66
0	59
0	268
2	59
24	1029
177	1417
0	1419
2946	3083
5	703
0	314
8	524
4	553
0	423
48	885
102	285
4	550
2	123
23	123
0	16
6	0
0	0
61	2152
23	737
0	2048
0	1805
3	122
0	0
0	0
0	0
2	69
0	37
0	30
0	35
2	29
7	56
322	44
0	36
530	140
1	73
2	94
11	42
0	0
0	7
0	7
0	5
0	401
0	494
0	470
0	61
0	76
17	68
0	3
11	0
1	12
0	38
57	1
0	0
4	815
2	913
0	917
0	941
0	933
0	927
0	107
0	748
0	723
0	61
1	81
1	28
2	25
18	39
8	32
7	127
0	133
243	50
15	35
2	920
0	931
29	127
0	102
3	97
441	0
2	312
0	278
0	42
4	250
0	175
0	257
1	245
10	12
2	8
16	8
0	8
0	4
0	4
0	4
190	216
0	103
0	37
40	1
0	57
74	101
1	13
0	113
0	212
0	0
0	0
0	0
0	0
0	0
0	1
1	1
0	0
114	946
0	320
0	307
0	786
2	26
0	55
0	41
204	380
0	70
26	163
0	17
0	5
0	5
0	4
0	2
1	0
0	1
0	5
0	5
1	258
3	233
0	213
0	228
0	201
35	89
0	79
10	90
0	98
6	61
0	206
6	143
0	99
1	173
12	29
1	14
38	14
13	237
0	237
16	0
0	0
2	0
0	0
0	5
0	0
0	1
0	5
108	2883
40	2883
3	434
4	140
0	0
0	0
0	0
0	27
222	134
0	129
1	5
1	80
2	133
0	0
0	0
5	46
3	130
0	129
0	101
1	8
3	8
28	632
4	105
0	124
0	282
8	527
11	201
1275	1361
28	150
51	457
0	714
0	594
0	381
2	361
0	96
0	2
0	0
0	0
0	0
0	0
0	0
0	1
0	0
0	1
0	1
0	0
0	1
0	0
0	379
0	391
7	322
0	347
0	147
1	31
7	27
7	4
1	67
0	40
0	0
0	0
0	0
0	0
0	0
0	4319
0	9371
0	8529
33	237
2	513
1	6746
0	908
0	4323
0	1947
5	544
0	9273
1	2928
0	3262
14	2692
0	9273
89	63
0	30
0	33
0	0
0	0
2	35
0	4
4	30
3	3
0	34
1	4
0	9
0	39
0	7
0	31
0	26
1	39
0	31
0	19
0	21
0	38
0	31
0	33
0	32
0	2
0	1
0	4
0	16
1	265
0	256
0	268
9	1
0	216
4	234
1	265
0	14
4	33
0	226
11	30
14	34
0	12
0	11
1	2
2	4
0	5
0	7
0	4
0	8
0	5
0	4
0	4
0	5
0	0
0	0
0	3
0	8
0	4
0	1
0	3
0	3
14	0
0	1
0	1
0	732
0	8
14	735
0	8
3	8
0	236
0	34
0	145
0	77
0	212
0	78
0	281
0	232
0	161
3	90
0	66
0	32
10	28
1	5
0	7
0	7
0	7
0	7
0	0
0	2
0	0
111	0
0	432
0	369
1	405
9	593
0	651
0	0
0	0
0	0
0	0
0	222
4	184
0	210
2	24
1	32
0	222
0	161
8	597
1	583
0	562
30	28
35	3
0	41
0	44
0	40
9	40
0	40
0	13
0	14
600	367
0	206
0	54
0	54
1	0
0	41
0	27
0	44
2	23
0	41
0	37
8	19
0	0
0	2
0	1
2	1
0	1
0	1
0	2
0	2
0	0
0	2
49	17
378	1219
0	14
26	1216
0	239
6	192
39	25
8	193
12	545
0	546
0	545
0	31
9	209
0	47
0	44
0	30
0	20
0	546
0	536
0	73
0	6
0	2
0	73
0	1
0	4
0	47
0	7
0	2306
0	2172
57	1411
0	1646
217	178
0	2274
19	2292
0	356
8	147
1	509
0	1239
8	325
1	354
7	16
38	0
0	0
346	18
0	39
0	662
0	25
0	662
41	188
3	10
1	183
0	1
2	0
0	1
0	34
0	34
0	9
0	0
1	0
0	9
0	0
0	0
0	0
0	0
0	0
1	383
3	450
5	217
6	115
16	148
0	122
9	127
1	94
9	21
123	151
0	107
2	237
0	82
0	21
3	194
0	30
1	218
299	849
0	547
0	72
2	96
0	119
2	40
0	53
0	1
2	4
0	3
0	5
0	53
0	218
0	209
1	150
7	167
0	33
1	5
1	16
220	495
0	495
0	34
0	360
13	348
1	63
0	53
1	8
2	98
1	15
0	10
0	31
1	11
0	5
10	0
1	0
0	338
0	305
0	437
0	406
0	58
8	159
0	66
0	59
0	0
0	0
0	0
0	0
0	0
6	1649
90	1679
17	732
0	1479
0	124
7	190
25	526
2	68
2	149
0	108
5	108
3	142
8	131
0	16
0	15
0	8
0	0
1902	189
0	71
2	118
0	97
1258	468
4	20
20	351
0	1
0	0
0	1
0	38
198	0
0	0
19	0
0	97
0	39
0	3
0	10
6	58
0	46
0	61
0	15
90	120
0	28
0	10
23	82
0	133
0	69
0	134
0	121
0	14
1	13
4	18
0	103
0	18
5	313
37	313
4	26
0	31
0	26
0	13
0	3
0	26
0	31
0	32
2	32
0	13
0	12
0	33
0	29
0	13
0	17
0	14
0	0
0	29
262	170
0	74
25	30
7	15
0	115
0	44
14	104
0	75
0	40
0	60
0	47
0	104
203	8
0	0
0	8
0	0
0	0
0	4
5	42
220	97
0	85
0	57
0	41
0	0
0	0
0	0
0	299
33	853
31	876
0	611
3	249
37	91
0	896
3566	0
0	0
0	0
0	0
0	0
0	0
0	0
0	0
0	0
573	0
11	111
0	113
14	101
3	51
0	56
1	48
7	56
4	25
0	50
1	54
0	9
1	9
0	2
0	4
0	1
0	1
0	3
0	0
0	0
1	0
0	3
0	0
0	3
0	3
0	4
0	2
0	9
0	10
0	9
4	8
0	7
0	0
87	93
3	50
0	43
0	114
5	945
0	767
0	51
91	638
0	142
0	108
0	187
0	150
0	0
0	0
0	0
0	0
0	0
0	0
0	0
0	0
0	0
1	0
0	0
535	2302
120	2066
0	608
5	1148
31	0
106	169
0	164
0	155
0	5
0	0
0	1372
0	1485
0	153
0	92
0	176
0	97
0	38
0	44
0	0
0	0
0	0
0	0
0	0
0	0
0	0
0	0
0	0
0	0
0	0
0	0
0	0
0	0
0	0
0	0
1	489
21	461
0	554
0	208
1	261
1	218
0	16
957	544
48	547
13	39
0	639
4	617
13	628
17	33
17	136
0	127
8	148
12	152
0	47
0	53
0	34
18	30
0	1
0	1
1	0
0	1
0	1130
0	1121
0	366
0	148
0	137
147	107
0	101
0	0
68	6
3	146
0	143
0	135
0	131
0	129
3	120
593	1860
3	1862
29	0
114	1446
6	216
20	109
763	204
9	204
4	103
8	544
3	516
0	548
0	38
1	8
0	0
0	0
0	0
0	0
0	0
0	0
0	0
0	0
0	0
0	379
0	100
1	405
0	109
0	230
0	142
0	554
0	405
0	553
0	533
0	135
0	104
0	55
0	58
0	35
0	120
109	523
0	129
5	360
1	93
0	0
0	0
0	97
0	54
0	54
0	54
0	95
0	43
0	96
0	33
0	45
0	11
0	3
1	14
0	30
0	30
0	27
0	22
0	22
0	20
0	16
1	26
0	93
0	0
0	0
0	0
0	0
1458	288
10	179
6	124
25	152
0	835
829	804
78	446
1	359
0	375
4	13
9	25
8	181
0	159
13	60
0	4
0	39
0	0
0	0
9	374
0	273
0	18
0	338
0	342
10	17
0	224
0	28
0	297
1	20
0	19
0	39
0	374
9	198
0	190
0	61
0	0
0	0
0	0
7	116
0	116
0	99
0	116
39	106
0	106
5	83
3	96
1	24
4	0
0	0
0	0
0	0
0	49
0	7
1	0
0	49
0	0
0	0
303	0
6	167
0	124
0	158
1	109
0	158
0	148
0	150
1	154
0	96
0	81
1	61
7	32
46	35
0	6
1	31
2	4
0	4
0	5
0	258
2	258
0	27
0	39
0	54
0	20
3	17
0	0
0	0
0	0
0	0
0	0
0	640
0	673
3	247
0	71
0	640
15	368
2	369
1	21
33	245
1	32
0	8
0	6
7	7
1	0
0	0
0	73
0	0
0	0
0	0
0	0
0	0
0	0
160	104
2	471
8	1566
48	1283
4	128
0	128
0	30
0	5
0	14
0	41
3	41
0	13
0	13
24	41
0	41
0	42
0	29
0	0
0	0
0	0
0	0
0	7
0	0
0	7
0	0
0	0
0	7
8	7
0	7
0	7
0	7
0	6
3	15
0	12
1	395
5	379
0	358
0	365
0	363
0	139
5	70
0	197
0	33
2	160
2	26
0	53
0	22
10	11098
110	11098
2	11096
0	11096
0	11096
0	11096
0	11100
0	11098
1	3326
0	2392
0	1754
0	1638
0	1652
0	1579
0	0
0	1
2	7
0	10889
0	10991
0	10995
1	11100
0	10875
0	0
0	0
0	0
0	0
0	0
0	0
0	0
0	0
95	245
2149	996
94	506
0	957
1	491
0	114
0	0
0	2
0	2
0	0
0	2518
818	1765
1	3142
265	982
0	2662
5	2399
3	12
0	451
7	1228
1	3208
272	0
432	1158
0	1067
5	91
582	39
0	39
228	310
6	9
0	301
9	100
1	6
0	100
1	18
0	0
0	2
0	0
0	0
0	0
0	0
0	0
0	0
2	1247
0	1086
1	1008
0	159
0	218
56	357
0	372
0	373
18	359
5	0
19	442
0	24
0	16
0	847
1	1
0	1
0	0
0	0
0	0
0	0
0	1
0	113
93	286
0	117
12	103
0	189
0	0
0	0
0	0
0	0
0	0
0	0
0	0
0	0
0	0
6	2155
0	2296
27	2167
0	2207
2	256
2	258
1	664
18	131
2	411
0	268
0	87
1	263
1	249
28	569
0	569
0	0
0	0
0	0
0	0
0	0
1547	402
39	176
6	226
0	0
704	59
0	59
9	1371
4	1357
36	113
8	59
13	36
0	5
0	2923
65	2791
106	2961
67	2791
120	2588
3	90
4	1092
3	796
22	124
39	561
85	474
0	202
6	81
2	20
0	561
0	0
3	0
0	0
0	0
2	436
0	214
1	27
13	366
0	0
0	0
0	0
0	0
0	0
0	0
0	0
0	488
0	488
4	79
12	136
0	0
0	0
0	0
0	0
20	328
49	328
11	40
15	33
4	201
16	0
0	0
0	0
0	1242
14	1313
0	544
0	325
0	522
0	237
0	335
2	322
19	98
0	202
9	139
0	23
93	41
0	569
6	12
0	29
0	569
0	186
0	13
1	171
1	167
0	0
0	0
0	0
1	0
0	1
2	1
0	0
0	0
0	0
0	0
19	174
0	179
0	41
0	61
12	23
0	0
0	0
0	0
0	0
0	0
0	0
0	0
0	0
29	236
0	172
0	73
0	236
0	0
0	0
81	0
14	122
4	122
0	114
0	0
0	0
0	0
29	1037
42	1037
18	748
0	0
0	0
0	0
0	104
8	45
0	105
0	11
0	22
0	35
0	0
0	7
5	16
0	0
0	0
0	3
0	3
0	6
0	0
508	412
3	58
0	297
0	150
20	76
0	0
127	12
0	0
0	0
0	0
0	0
0	0
0	0
0	0
215	49
2	49
7	32
0	0
0	0
0	0
0	0
0	0
0	0
391	167
1	115
0	0
0	0
312	0
0	0
0	0
0	0
3	2
0	2
0	0
0	0
136	725
0	684
2	309
0	39
14	159
0	0
0	0
0	0
0	0
0	0
0	0
0	0
0	0
0	0
0	0
0	0
0	0
0	0
0	0
0	0
0	0
15	0
2	0
0	0
0	0
0	0
169	2927
6	2927
1	142
1	0
0	0
0	0
0	0
1	0
0	0
32	2141
77	1735
0	1545
2	1797
0	169
0	194
415	1987
25	5820
0	5513
2	450
7	415
71	1
0	0
0	0
0	0
0	0
10	16
2	0
0	0
29	3
0	0
0	3
0	3
1	44
0	2
0	2
0	2
0	0
0	0
0	0
0	0
0	0
0	0
2	533
1	534
15	258
0	417
0	265
0	276
3	14
0	37
0	8
0	83
2	43
0	82
0	0
1	21
0	472
0	459
3	468
29	441
0	331
2	3
1	73
0	22
18	1
0	468
0	1
0	1
0	1
0	0
0	0
0	26
0	34
3	30
0	0
3	2457
0	2366
1	2322
0	2413
1	410
8	123
4	330
0	0
0	70
0	70
0	71
0	70
0	70
0	70
0	70
0	71
0	70
0	66
1	1
0	9
2	0
5	0
0	37
0	70
0	92
1	90
44	99
122	8
0	6
1	11
26	75
4	56
8	7
0	7
0	0
0	48
156	48
1	21
0	0
0	0
0	0
3	205
0	205
0	201
0	206
0	208
0	212
0	216
9	183
0	9
331	0
0	200
3	137
18	45
1	182
0	142
0	9
0	14
0	25
0	35
1	30
0	11
0	1
0	72
0	81
94	718
1	604
0	545
0	742
0	521
11	320
25	92
16	118
0	62
0	170
2	104
0	9
15	108
0	71
0	88
19	12
0	25
5	50
8	100
3	87
1	14
11	8
5	6
0	264
7	126
1	2
0	101
0	30
2	74
0	242
0	0
0	0
0	0
0	0
0	0
0	0
671	575
4	531
2	136
12	49
0	12
0	88
0	291
0	281
1	295
0	291
0	4
103	748
0	283
0	152
0	743
39	624
0	235
3	338
0	615
0	541
0	238
0	175
122	2
4	2
2	0
0	0
159	691
8	29
1	619
108	385
0	385
0	2
0	62
0	61
0	95
23	11
0	6
88	7
18	0
0	0
0	0
0	0
0	0
0	0
0	875
0	226
1	989
26	634
0	1021
31	13
12	13
0	0
0	0
0	0
0	0
0	0
0	0
0	0
0	0
0	0
0	0
2	111
0	98
6	106
0	61
0	6
0	56
0	93
0	47
0	2
59	47
0	15
0	16
0	15
0	0
0	0
0	0
0	0
0	6
0	0
0	12
0	11
0	10
0	0
0	3
0	3
0	10
0	1
0	1
0	0
0	1
0	0
0	0
0	0
0	12
0	13
434	521
0	269
0	94
0	33
98	71
3	71
6	41
0	0
0	0
0	0
0	0
0	0
0	0
0	0
0	0
0	0
1	0
0	180
0	173
0	15
0	177
0	19
0	27
2	2
0	36
0	0
6	26
1	21
0	50
0	9
0	39
0	177
29	1457
0	98
25	1531
0	1090
0	1469
20	935
1	1421
2	102
15	150
2	211
1	92
7	267
121	42
0	42
0	11
0	11
0	0
0	0
0	0
0	16
222	8
0	16
0	0
0	2
0	0
1	2
0	0
1	2
0	0
0	0
0	737
9	658
84	854
3	14
3	253
2	121
6	73
0	15
0	16
43	276
0	269
5	189
1	15
0	3249
13	674
0	1009
0	2148
0	207
30	99
0	153
0	115
0	310
0	102
0	527
17	102
0	3116
0	3327
0	3167
2	34
3	31
1	43
1	3
0	133
8	125
0	20
0	79
0	78
0	118
0	2
0	69
1	79
0	133
0	1664
745	2406
5	2223
1	222
2	350
0	42
0	15
3	1
0	1
0	1
2	260
19	358
1	254
0	343
0	1082
4	919
0	565
1	1062
1	28
0	548
0	12
0	60
6	12
0	1000
0	201
0	571
3	113
0	1071
0	192
2	111
0	55
7	36
4	192
0	0
0	0
0	0
1	0
1	0
0	0
81	0
43	1
0	0
0	0
0	0
0	0
3	8
0	4
0	8
0	0
12	247
1	247
0	108
0	45
0	108
0	124
1	12
0	34
0	127
0	8
0	8
0	5
0	6
0	0
0	4
0	0
0	0
0	0
0	8
0	7325
21	7319
5	739
0	1906
0	2072
0	216
1	0
0	0
0	0
65	119
0	7
0	3
0	3
0	0
0	0
11	5819
19	5384
37	3181
25	2696
12	2175
3	1907
0	5759
375	351
0	51
0	106
13	55
4	66
6	63
0	58
0	87
0	40
215	0
2	1054
0	488
0	1054
0	78
0	39
0	50
244	0
1	3055
0	3614
0	967
3	693
5	104
7	170
0	700
0	533
2	155
1	56
118	64
35	203
0	0
5	0
74	23
9	20
4	23
0	12
0	4
0	3
316	1604
37	435
0	480
7	1254
0	350
20	1668
0	1618
3	10
0	273
0	1065
82	1316
0	1303
2	86
0	180
3	0
0	0
0	1099
1	1115
0	48
96	111
59	1154
0	65
1	211
0	228
0	24
0	20
2	22
0	51
0	111
91	165
24	185
0	142
3	444
0	444
0	5
0	67
0	348
3	327
10	29
9	33
0	21
0	34
0	12
309	79
0	79
0	21
2	138
0	113
5	138
0	1
10	1
2	1044
0	1092
17	780
86	334
37	208
109	10
0	0
0	0
20	233
3	107
0	234
0	55
5	15
2	19
24	4685
380	4709
0	2682
0	505
0	331
3	294
4	59
0	296
2	223
0	70
0	0
45	72
180	129
16	76
12	35
0	0
0	0
0	0
147	861
1	810
18	427
0	492
2	697
51	7
6	350
3	246
3	49
2	0
0	0
0	0
1	361
2	1259
1	1289
0	628
3	231
0	437
9	97
493	3481
0	3300
1	286
1	194
21	198
17	1279
17	435
23	329
2	227
4	207
2	128
12	4
1	13
24	4
58	131
0	123
0	112
24	6
1	24
0	124
0	0
0	0
0	0
0	0
0	0
0	0
0	0
0	0
0	0
0	0
0	0
0	0
447	142
11	142
5	157
0	499
0	476
0	151
0	279
2	463
3	124
0	123
4	6
22	39
0	25
22	48
0	17
0	17
0	489
3	74
0	69
0	54
0	51
4	28
0	65
0	65
0	63
0	38
0	36
0	12
0	6
0	18
0	9
1	845
0	817
0	246
1	5358
0	5195
0	894
0	28
4	140
2	578
2	85
3	5326
3	0
34	1396
0	43
1	338
0	8
153	369
0	367
0	0
0	0
14	165
0	445
17	40
7	244
29	24
0	51
0	411
27	338
20	1369
0	2820
0	2875
0	0
0	1850
32	1867
101	215
90	683
4	1836
0	1925
5	1832
3	263
9	342
45	112
0	112
0	112
0	0
43	2971
0	138
3	1145
0	2892
1	168
3	357
4	2728
0	1383
0	4326
28	2114
2	213
115	1234
108	363
108	69
17	4261
0	0
0	0
1800	993
2	973
3	696
0	172
0	279
1	240
2	100
0	100
0	94
0	18
23	5
0	62
0	23
0	0
0	0
0	0
0	0
13	131
1	0
205	131
0	131
14	44
0	248
0	247
0	242
0	59
0	11
2	18
0	19
0	1
0	1
0	1
352	316
3	104
9	66
3	112
0	90
0	0
0	0
0	0
0	0
125	927
0	923
1	923
17	42
6	0
2	273
0	248
8	66
0	14
0	13
1	6
0	5
1	0
435	439
1	456
0	1
65	144
22	389
21	59
2	0
0	0
0	0
0	0
0	0
0	0
0	2
0	2
0	0
0	0
2	317
3	664
0	657
3	153
8	106
0	0
0	0
0	9
0	1
1	9
0	9
0	2
0	9
0	0
0	0
0	0
0	0
0	0
0	0
0	0
0	0
72	7
2	7
0	0
0	0
0	0
457	323
19	81
6	153
4	53
10	41
1	45
13	11
149	143
0	87
0	49
0	355
4	355
10	0
2	93
0	156
1	405
3	405
2562	2492
6	2492
0	0
0	0
0	0
0	0
0	0
0	0
674	0
0	6
0	6
0	0
216	862
1	315
1	49
24	278
0	62
0	24
8	356
0	0
62	14
6	16
0	16
322	519
30	519
0	2
0	2
0	1
0	0
0	1
0	1
0	1
0	1
0	0
0	0
0	0
1019	322
0	322
0	1312
0	254
1	396
0	332
0	395
0	370
0	3
0	72
0	116
0	342
0	367
3	266
0	259
9	257
0	66
16	1
0	2
0	1311
792	387
10	50
23	337
8	13
2	199
0	248
1	120
0	237
0	76
1	65
1	0
0	0
0	0
0	0
0	0
0	0
0	1
0	1
0	1
0	31
0	298
9	298
0	19
0	14
10	29
0	0
2	22
1	41
0	28
138	205
0	165
2	158
0	106
0	56
5	0
188	131
2	110
3	18
0	44
0	55
3	21
0	0
0	38
0	38
0	43
0	30
0	12
0	16
0	0
0	43
167	337
0	96
33	81
0	280
0	117
4	145
0	103
0	85
0	78
1	68
3	56
0	0
0	0
0	0
0	0
0	0
0	63
46	166
0	18
24	68
8	166
0	24
7	47
4	39
0	23
68	434
2	348
3	313
0	2
0	2
0	0
0	0
0	0
0	0
0	0
0	0
0	922
0	1205
0	267
0	695
0	261
11	137
0	198
0	94
0	155
1	81
0	272
0	218
0	266
0	0
0	0
129	11890
14	11840
1	11304
0	286
11	0
0	11890
2	886
2	85
4	47
0	17
0	842
0	0
0	0
0	0
7	209
0	215
0	194
5	5
1	2
29	75
0	119
0	0
0	0
0	0
0	0
7	337
31	66
0	3
63	324
0	25
9	374
0	45
0	328
0	238
1	181
6	58
0	80
0	0
0	0
0	0
0	0
47	5017
172	5017
0	1392
5	1432
177	1303
0	0
0	0
0	0
0	0
0	0
0	0
0	0
2949	1663
746	1663
51	65
6	61
0	0
1	27
0	30
0	0
0	0
0	0
0	0
0	24
0	24
1	24
0	16
0	0
23	79
39	79
5	309
0	23
0	149
8	204
1	1
0	1
131	995
35	251
3	375
0	0
0	0
0	0
0	0
0	0
0	0
0	6
0	6
0	6
1	225
0	175
0	138
4	0
0	86
23	0
0	28
0	60
386	50
0	50
0	43
3	0
0	0
1	0
0	0
0	0
0	33
0	15
0	32
0	8
3	33
0	0
0	0
0	0
0	0
0	1
0	0
0	1
0	0
0	0
212	51
1	34
5	12
0	18
0	5
0	5
3	236
1	236
0	237
0	45
6	18
14	18
0	0
0	0
0	0
0	0
0	1006
19	524
25	102
0	1019
2	839
10	238
3	161
1	606
8	373
14	366
0	6
0	6
0	2
0	0
0	2
0	2
0	2
0	2
0	0
4	1451
82	0
31	291
135	1451
80	430
1	487
0	0
0	0
0	0
0	0
0	0
0	0
0	0
0	0
0	0
0	0
0	4
0	4
117	0
682	1757
477	1077
0	1239
0	1303
0	536
0	1303
0	1
0	1
9	11
0	3
2	6
0	3
0	1
2	1
0	5
0	5
0	4
0	0
0	0
0	0
0	0
0	0
0	0
0	0
0	0
0	0
0	0
0	0
0	0
16	1130
0	1130
0	63
0	0
3	217
6	982
70	410
2	837
10	24
0	294
2	95
1	72
0	153
1	153
712	79
0	79
22	101
0	98
2	10
0	6
2	91
0	2
0	31
0	66
115	40
1	29
0	30
25	1073
0	1089
0	1091
2	4
1	180
0	166
10	114
7	112
3	40
6	55
10	0
0	1003
12	970
0	746
0	784
0	98
1	128
0	615
9	435
0	737
0	129
13	521
8	535
0	518
1	532
21	360
2038	715
9	715
29	38
11	38
0	0
0	0
0	0
0	0
0	0
0	0
0	0
0	47
8	51
1	7
6	39
3	36
865	352
0	352
0	0
0	1095
0	60
0	1
0	0
0	1096
0	6
0	211
0	61
0	211
0	209
0	209
0	722
17	703
105	644
1	607
0	312
2	512
0	521
0	0
23	1753
0	1829
0	1825
29	194
6	526
0	696
0	169
0	125
0	22
0	498
13	499
34	103
1	7
32	108
0	0
0	32
2	226
86	335
1	46
4	83
542	146
18	70
3	38
2	23
0	32
0	27
1	22
1460	3536
5	888
3	2374
9	973
0	2805
0	1
1	0
0	1
0	15
0	15
0	10
0	10
0	14
0	0
173	454
0	406
2	364
14	29
0	58
6	7
0	131
66	128
5	81
6	23
0	7
0	4
0	16
0	493
0	490
7	0
1	52
40	268
0	30
0	76
8	12
4	0
0	490
0	66
1	56
11	111
0	121
0	119
0	6
0	0
0	0
0	0
0	0
34	1798
0	3
0	1713
0	844
2	66
0	245
4	410
16	89
0	0
31	2115
15	77
8	245
4	490
4	470
18	1227
0	76
0	985
0	1024
5	1117
0	992
89	6
58	1061
50	91
0	137
0	296
0	0
54	41
0	1
0	7
0	35
0	28
74	28
0	104
1	3
1	3
0	102
0	8
0	19
0	0
0	0
0	0
0	0
0	98
6	98
0	27
0	14
0	71
0	77
0	75
0	87
12	22
1	8
4	26
1	16
0	4
0	61
0	230
0	206
0	226
4	152
2	51
12	68
2	109
0	55
593	523
0	16
1	190
1	324
0	0
305	2177
13	2177
10	784
23	50
0	176
66	136
0	525
3	375
2	64
31	19
3	48
0	36
0	47
5	43
2	25
0	20
0	533
10	1462
0	1462
0	0
0	0
413	407
25	52
8	42
53	285
0	60
0	3
0	3
0	3
0	0
0	0
0	0
0	0
0	0
0	0
0	0
0	0
0	0
0	0
0	0
0	0
1	0
1	193
0	404
0	389
0	54
0	51
0	0
0	0
0	0
0	0
0	514
9	1143
0	0
1	1139
0	229
0	229
0	0
1	0
0	0
0	0
0	0
0	0
0	0
0	0
0	42
0	45
0	30
0	24
2	44
1	2
0	2
31	1024
23	993
0	31
0	0
249	80
5	54
3	0
0	7
0	19
0	0
0	0
0	1
0	0
0	0
0	0
0	1
0	0
0	0
0	1
0	1
0	229
0	26
0	3
0	2
1	0
6	756
64	685
76	244
32	2007
2	400
13	1987
2	169
4	232
0	389
29	131
8	173
0	21
0	10
67	4
1050	41
0	41
300	70
11	70
1	35
0	0
112	813
0	751
24	650
0	427
7	122
1	3
32	1213
2	1960
1	1882
677	2054
20	54
4	253
13	21
0	21
3	21
0	5
15	14
0	10
0	8
0	8
0	4
0	4
0	4
2	0
5	6863
148	6858
0	5043
0	1306
0	5045
63	0
0	572
35	422
4	79
0	97
0	0
0	572
0	0
0	0
0	0
2	0
458	677
5	657
11	120
3	626
1	532
0	544
0	146
0	187
0	149
0	92
0	145
0	68
0	14
0	18
0	25
0	40
0	64
0	296
0	108
0	31
0	53
1	265
1	88
6	48
0	1
0	285
0	44
0	286
0	28
0	39
2	118
0	286
1	22
0	222
0	145
0	12
7	52
0	296
0	293
191	85
3	61
7	42
0	24
533	10598
3	10576
64	4138
40	1731
0	1154
0	0
0	0
0	0
0	0
0	0
4	1886
0	1834
1	1807
7	1842
5	82
0	109
17	26
3	276
0	243
4	7
1	392
0	68
57	292
1	0
19	81
0	0
0	0
0	0
0	0
0	0
0	4
0	4
0	5
0	5
1	4
0	0
0	0
0	0
0	0
0	0
0	0
0	0
0	0
0	0
0	0
0	0
0	0
0	0
34	3155
2	2760
0	3100
0	345
2	342
34	3910
0	3005
13	3879
24	2484
1	650
5	2447
12	41
3	98
0	87
0	16
2	17
0	6
0	0
0	0
417	4
6	4
0	11
0	0
0	2
0	0
0	1
0	3
0	8
0	3
1	1
1	1
0	11
0	0
0	1
0	0
0	0
34	2908
0	2737
0	241
0	1372
143	3089
0	1659
1	1037
2	647
3	651
40	132
0	870
0	468
90	117
5	694
17	147
0	94
0	0
0	0
2	0
0	5
0	2
0	6
0	0
0	0
0	509
3	481
0	413
1	19
1	0
31	0
1	117
0	4
0	5
0	0
0	0
0	0
1180	0
3	1
0	1
0	0
0	6
0	4
0	6
0	6
0	0
59	0
63	30
0	30
4	8
0	1
6	209
0	185
0	89
0	9
35	8
2	97
0	42
1	73
0	88
0	578
1	568
2	29
9	117
0	31
1	50
2	89
10	9
0	7
0	9
0	7
0	0
0	6
0	6
0	6
0	2
129	619
45	1056
0	374
0	803
1	39
0	37
2	33
0	33
0	25
0	18
0	9
2	3
0	2
0	1
0	0
0	0
0	0
0	0
0	0
0	0
0	0
1	10
1	3
0	6
0	3
0	2
0	72
4	208
0	101
0	147
1	14
0	200
0	0
0	0
0	0
17	157
4	157
2	0
0	147
0	104
0	19
0	5
2	104
0	8
0	11
0	146
0	0
0	0
0	0
0	0
0	0
0	103
0	103
0	90
0	12
0	24
0	22
4	7
0	4
0	5
0	90
6	865
1	846
2	747
2	846
0	358
0	426
0	426
0	424
3	225
0	0
94	42009
47	41795
2	4554
13	6169
25	10610
0	9112
2	4996
4	4433
25	5023
0	1981
66	5024
1	275
0	161
0	336
7	3748
7	3751
43	3670
38	150
0	281
1	60
4	0
6	0
25	122
0	122
2	6832
4	411
0	93
6	315
0	6831
10	2409
3	2409
23	2409
4	101
0	586
0	2133
1	2133
60	1680
0	294
0	423
0	0
0	0
1	0
18	3
0	3
8	328
6	890
12	800
0	111
1	615
0	429
0	326
1	0
0	0
0	0
0	3
0	3
0	3
0	0
0	0
0	0
0	0
0	0
0	3
1452	0
0	0
0	0
0	0
109	54
9	20
0	11
0	23
0	0
0	0
0	0
0	0
14	268
0	245
0	175
0	159
1	118
0	128
0	50
24	0
2	0
0	16
20	0
0	0
0	0
0	0
0	0
0	806
53	70
0	127
0	128
4	22
12	39
0	806
3	411
1	410
0	404
0	398
0	391
6	311
0	367
3	50
3	68
5	27
0	0
0	0
0	0
0	382
26	379
0	20
0	63
0	45
58	996
7	609
14	231
0	669
0	0
16	0
474	126
22	56
9	87
13	59
0	0
0	2
0	2
0	21
0	14
0	28
0	45
0	48
0	10
4	0
0	0
0	0
0	0
8	366
0	358
4	183
1	78
2	16
0	0
0	0
14	99
0	33
0	64
0	42
0	61
0	37
0	26
0	38
9	39
0	20
0	99
0	192
0	198
0	164
0	199
1	92
0	90
0	29
0	31
0	23
0	30
10	11
0	0
1	0
0	0
0	0
6	8
0	1
0	8
0	0
0	0
0	4
0	0
0	890
0	4
0	4
0	0
0	4
0	1
0	0
0	0
0	0
0	0
0	0
0	1070
103	1102
0	1135
12	143
0	2835
48	2738
31	2777
0	406
0	426
0	317
221	679
1	165
0	671
38	442
0	171
1	0
2	22
1035	34
35	34
0	0
0	0
0	0
0	0
0	0
0	0
0	0
0	303
0	320
0	192
0	308
2	166
0	169
13	81
0	0
0	0
0	0
0	0
0	0
0	1
0	0
0	0
0	1
0	1
0	0
0	1
552	1367
4	242
3	453
2	279
24	130
71	323
0	624
7	143
0	155
147	171
3	113
0	55
5	35
1	102
0	88
0	110
1	47
1	36
9	82
0	82
91	19
205	217
0	82
2	97
0	136
0	72
8	339
0	0
2	339
0	42
0	262
1	1441
3	1402
2	1351
3	138
9	6
1	0
2	0
0	2
0	2
0	2
0	2
0	2
1	2
369	376
70	376
2	10
0	0
0	0
0	1
0	0
0	1
0	0
0	1
0	1
0	0
0	0
0	1
0	0
0	0
0	0
0	1
0	0
0	0
5	2318
9	2320
42	2320
0	184
1	176
0	0
0	0
0	0
0	0
61	2306
31	2263
45	2009
14	48
0	91
1	2263
7	1065
2	437
7	265
0	916
0	994
12	82
0	141
24	19
0	49
7	747
4	172
0	49
4	151
0	14
2	210
15	14
0	0
1	85
0	10
0	3
0	73
0	0
0	5
0	0
0	0
0	2
0	4
0	4
0	1
0	2
0	0
0	0
7	930
0	105
0	494
0	378
2	307
4	394
2	191
26	130
0	164
1	0
0	0
0	1
0	1
505	139
0	48
0	91
6	204
0	204
24	31
1	34
1	1
0	0
0	0
47	678
0	509
21	675
1	15
0	115
0	16
1	17
1	109
1	16
0	16
0	13
0	0
7	116
0	107
0	317
0	314
0	212
19	158
0	156
0	46
3	30
5	29
0	0
1	14
1	13
0	1
0	0
0	462
15	91
0	27
0	462
0	0
1	147
7022	2448
39	498
3	1196
0	1137
0	1037
0	627
0	7
67	1464
9	633
0	1782
0	0
24	426
1	533
22	598
13	373
0	0
0	0
0	0
243	45
0	45
264	29
8	29
921	0
1	3
0	11
0	4
0	7
0	7
0	4
1	2
2	1
1	17
0	17
0	17
0	16
0	15
0	4
0	0
0	0
0	0
0	115
1	0
0	0
0	72
0	76
0	74
0	76
0	3
0	115
0	9
0	14
0	2
0	0
0	2
1	0
0	0
0	0
0	0
0	50
0	47
0	22
21	404
9	64
0	164
12	298
48	58
3	204
0	0
0	2
0	0
0	0
0	2
51	0
0	0
0	0
0	235
0	322
0	663
102	1802
2	66
0	619
0	470
7	1372
16	178
0	21
3	26
3	630
0	0
6	0
1	0
0	0
0	0
0	0
0	0
0	0
0	0
0	0
0	0
201	493
0	468
5	130
0	148
2	1
0	0
0	1
0	0
0	1
0	0
0	0
0	0
0	0
0	0
0	0
0	0
0	0
0	0
0	0
0	0
360	75
6	6
0	54
0	1
0	1
0	1
0	0
0	0
0	0
0	0
82	1449
9	101
0	1011
0	211
0	1316
0	1447
4	10
0	9
0	2
0	3
5	234
73	239
0	79
0	146
1	91
0	134
1	39
4	23
404	258
11	24
1	20
0	2
0	217
0	218
6	35
1	1268
0	18
0	111
35	0
0	63
0	1248
0	0
0	0
0	0
0	0
75	156
0	12
0	67
0	22
20	21
10	15
0	0
12	111
4	1
0	121
0	130
0	231
0	785
1	778
0	667
7	661
10	16
0	143
0	66
0	76
0	104
0	160
7	153
24	78
0	619
0	17
0	24
0	20
0	5
0	4
0	0
553	96
9	96
183	0
0	0
0	0
0	10
7	10
0	0
0	0
0	2
0	0
5	0
31	0
0	0
0	0
30	434
7	434
2	0
60	34
5	2
1	529
0	539
55	30
41	533
227	30
131	34
4	530
1	43
0	130
4	201
3	6
37	11
1	103
0	129
0	3
0	2
0	0
0	1
0	0
1	1
0	0
0	1
0	0
0	0
2	9
0	9
0	9
0	0
0	0
0	1
0	1
0	1
0	0
0	16
0	22
0	13
0	22
0	3
0	0
0	0
0	0
0	0
0	0
0	0
0	0
0	0
0	0
0	0
0	0
0	98
17	89
0	102
2	112
0	120
0	114
2	143
0	330
0	330
1	21
0	39
0	60
3	4
644	217
74	217
0	0
6	151
15	142
1	0
0	0
0	0
0	1
0	1
0	0
0	0
443	232
37	1
0	105
4	157
0	152
0	22
1	159
0	21
0	0
0	0
0	0
0	0
0	0
0	0
0	0
0	0
29	0
5	2
4	8
0	8
0	5
0	8
206	7861
38	1641
19	7735
0	0
0	0
0	0
8	366
0	310
5	323
0	323
0	196
0	137
8	128
0	42
0	39
58	23
0	22
0	332
0	0
0	0
0	0
81	2260
8	2224
0	1564
0	244
0	344
8	331
0	0
0	0
0	0
0	0
0	0
0	0
705	983
11	290
4	982
95	684
5	23
15	170
0	438
0	506
7	385
4	199
0	155
0	92
0	144
1	60
0	2177
0	1767
1	1323
0	510
1	702
0	266
0	2177
2	225
0	226
1	189
0	16
0	21
2	35
0	15
3	124
0	124
0	226
0	22
2	22
0	22
0	0
0	0
0	0
0	0
0	22
0	371
0	390
0	437
22	196
0	258
9	0
0	190
0	95
0	371
0	56
0	216
0	57
1	73
36	20
0	98
5	46
2	77
5	39
0	181
0	264
0	428
61	136
0	35
0	64
57	173
4	44
0	0
0	0
155	224
1	221
5	52
0	27
2	1
0	16
14	18
331	1405
0	1373
0	890
0	39
5	37
2	24
1	0
0	86
0	111
0	21
1	9
1	39
0	33
0	5
0	4
0	0
0	0
0	0
0	0
1	0
0	0
0	0
129	86
0	52
0	68
0	12
0	32
0	19
12	14
0	0
0	0
53	0
0	1
0	0
0	1
0	3
0	0
0	40
0	40
0	81
0	34
0	41
7	6
0	30
0	7
10	7
0	13
0	88
0	2
7	669
36	666
0	704
0	607
0	345
0	424
12	137
0	14
0	88
0	184
0	246
0	161
0	68
0	92
0	17
3	40
11	17
38	32
0	20
0	12
0	11
2	0
0	0
0	0
0	0
0	0
0	0
0	0
17	0
0	0
0	770
0	0
12	7
0	7
0	0
0	7
0	7
2	2
1	0
2	0
0	0
1	182
12	168
19	23
0	170
5	44
4	15
2	21
237	3942
0	577
5	3689
10	474
0	2849
0	3014
17	0
6	87
2	1290
0	298
2	29
0	302
2	113
2	70
2	54
0	66
0	6
2	10
1	16
0	11
4	18
202	0
2	116
4	49
0	19
0	101
0	57
0	84
0	12
0	80
0	60
0	7
0	7
0	0
197	52
0	14
0	42
10	1339
3	1339
7	246
15	139
133	121
0	35
8	0
11	96
0	20
0	68
0	15
0	25
0	16
169	133
680	1639
0	62
789	87
0	21
133	58
0	3
0	453
9	1246
3	53
0	31
0	67
52	25
0	256
2	99
32	21
0	100
34	32
0	0
6	90
14	374
0	622
0	1753
0	5
0	133
1	74
5	49
10	34
0	53
1	206
0	141
5	132
0	1754
16	98
0	79
68	52
271	162
0	51
2	52
2	58
0	561
0	27
4	211
13	318
0	328
0	306
0	321
0	357
0	129
0	243
0	226
0	278
0	21
4	67
0	370
1	383
0	0
0	313
0	3
14	0
1	49
5	62
0	106
15	65
0	77
13	39
0	32
1	30
0	37
1	63
1	64
1219	0
17	819
3	763
0	115
75	128
0	179
0	81
0	0
0	1
0	0
0	0
0	0
0	1
0	0
0	1
0	0
60	348
2	291
0	260
9	48
0	0
373	537
3	20
0	0
1	48
0	20
2	44
0	2
0	0
0	12
1	16
0	13
0	43
0	43
0	0
274	35
0	35
1260	1362
0	1075
0	765
0	945
0	547
9	425
5	65
50	0
1	19
36	18
2	1
0	0
0	11
0	0
0	11
0	0
1	0
823	55
0	55
0	22
2	0
11	1
0	0
0	0
0	0
0	0
0	108
0	116
14	110
0	66
2	74
0	41
0	37
0	38
6	5
0	0
0	0
0	133
5	1337
5	900
1	1287
0	1080
14	1257
15	101
0	161
12	37
3	88
2	175
0	0
0	0
0	0
0	0
18	16
3	16
0	74
0	0
0	74
8	0
0	74
0	0
0	0
5	553
0	1695
19	1658
4	1621
0	1692
1	85
18	142
8	7
0	77
19	90
0	329
0	325
0	25
8	329
7	7
124	183
0	682
0	689
0	180
0	269
2	249
7	68
0	472
0	664
163	122
0	9
0	16
1	100
0	122
8	1369
234	1416
0	102
0	157
0	0
0	0
0	0
0	0
0	0
0	0
2	304
0	300
0	286
0	161
0	146
0	27
0	62
737	243
0	56
1	60
12	127
5	4
1	48
0	15
0	0
0	0
0	0
0	0
0	0
0	0
0	0
2	153
0	50
0	4
6	22
0	49
0	11
0	253
0	241
6	239
0	250
0	258
0	258
0	34
0	67
0	59
0	62
0	51
0	63
0	59
0	60
28	1789
2	1021
0	1093
0	1422
0	384
18	132
0	0
0	0
0	0
0	0
0	0
0	0
0	0
2	130
0	138
5	18
0	8
0	18
0	138
0	11
0	24
0	56
0	0
0	0
0	0
0	0
9	25
2	25
0	14
0	2
2	88
0	3624
0	3280
0	3470
0	126
0	123
1	138
0	132
0	2624
7	1682
0	581
85	2402
126	296
0	2182
0	68
12	512
36	387
0	3555
0	3116
211	92
0	89
2	24
121	429
0	258
2	187
3	67
0	42
64	98
30	22
0	296
0	39
0	0
1	136
0	231
4	14
5	0
0	566
0	701
0	597
2	610
41	287
0	714
0	657
0	4
4	56
0	572
3	63
0	96
0	144
0	48
0	53
3	12
0	85
1	6
6	43
0	76
0	63
0	103
7	157
0	0
0	5
0	3
0	4
0	5
0	5
0	5
0	0
0	0
0	0
0	0
0	0
0	0
0	0
0	0
0	568
0	507
12	435
0	256
0	0
0	0
0	0
2	10
35	50
122	303
0	63
0	50
0	39
3	24
0	84
0	153
0	110
1188	1034
3	437
2	249
12	120
1	366
0	0
0	0
0	0
0	0
0	0
0	0
0	730
1	318
0	123
0	649
0	299
11	110
0	92
0	105
0	117
0	102
0	24
0	1164
0	1255
0	1192
0	1001
0	1116
0	779
0	823
4	368
5	198
0	0
40	52
3	20
0	27
2	6
0	7
0	7
16	0
10	217
2	211
16	59
5	0
0	0
0	0
0	280
0	207
29	12
13	54
0	265
1	27
26	4
2	0
0	348
4	0
6	348
10	14
0	0
1	76
0	3
0	71
0	26
0	14
0	22
0	0
14	4
8	13
0	24
37	263
2	264
0	268
0	7
5	7
0	263
0	4
0	85
0	13
0	48
0	208
0	155
2	51
0	65
0	5
35	204
17	34
12	71
36	46
0	46
0	10
0	41
0	21
1	46
0	0
0	0
0	0
0	0
375	0
0	0
0	0
0	0
30	931
0	913
0	764
3	5
6	807
0	623
0	650
1	1
0	3
13	0
0	523
2	521
0	113
1	143
0	329
1	23
0	22
0	103
0	117
0	526
0	0
0	0
0	0
0	0
0	0
0	0
0	0
0	0
0	3
0	1
0	2
158	45
0	42
0	45
1013	304
0	304
46	635
82	632
0	39
0	0
17	412
3	46
0	99
0	32
0	314
0	56
13	4
5	0
431	48
0	31
1	17
0	0
0	0
0	0
0	0
0	0
0	0
0	300
1	234
6	55
0	202
0	612
177	626
2	161
11	229
0	268
23	0
27	2
68	0
210	978
198	978
0	0
0	0
0	0
0	0
0	0
0	0
0	0
0	0
0	0
0	0
0	0
32	5026
83	5026
566	2381
529	2108
0	0
1	0
0	0
0	0
0	0
0	0
0	564
3	234
2	554
0	583
0	555
0	539
2	562
0	91
0	427
4	39
2	27
10	17
3	68
5	11
22	79
0	35
0	58
0	81
0	31
0	35
0	36
0	0
0	2
3	2
0	2
0	0
0	0
0	0
0	0
225	331
0	63
4	56
0	23
0	39
0	257
0	249
0	192
0	177
0	165
3	147
1	136
0	134
0	109
0	29
0	3
0	0
10	369
0	369
2	24
0	0
0	0
0	0
524	581
0	176
7	134
13	168
10	182
12	0
0	8
4	5
0	0
0	7
0	0
0	0
0	0
0	6
0	2
0	6
0	4
0	4
0	1
0	0
0	0
482	4
3	4
0	1
26	674
59	136
32	661
0	229
0	0
0	0
1981	4570
3	1158
53	4330
0	12
5	12
6	7
0	4
0	0
0	0
0	0
0	42
0	42
0	18
0	14
0	13
0	13
0	2
0	2
36	93
0	262
0	85
0	431
1	585
0	107
0	0
0	0
0	0
0	0
0	0
0	0
0	0
0	0
0	0
0	0
0	0
0	0
0	0
0	0
0	0
0	0
0	0
1	263
0	268
0	267
0	266
0	227
15	237
0	277
0	269
0	256
8	49
3	5
0	3
0	11
0	9
0	6
0	2
1	0
0	4
0	9
448	12
0	12
2	12
0	80
0	103
58	1536
31	365
0	106
0	691
4	754
2	994
0	1524
28	0
0	108
1	924
1	961
2	104
0	97
0	19
2	30
4	78
26	37
0	112
2	34
0	1010
0	0
0	0
18	30
519	44
0	15
2	25
15	143
748	143
0	29
2	29
0	13
0	1
0	15
0	13
4	2
0	1690
0	57
0	1692
0	1357
1	60
6	28
37	253
0	262
0	3
0	4
0	4
0	0
0	0
888	7
14	7
6	462
128	1473
0	640
7	257
0	113
0	28
43	36
0	38
0	34
4	28
0	30
0	26
0	24
0	21
7	29
0	13
91	518
0	357
0	369
8	316
0	464
2	264
108	504
1256	192
10	192
12	0
7	0
0	1
0	525
75	1986
152	1860
41	0
0	0
0	0
0	0
184	0
0	0
0	0
0	0
0	0
701	346
3	47
0	144
4	202
1	0
0	0
0	0
0	0
3	333
30	390
20	71
0	11672
0	11768
12	201
5	1
0	719
95	675
1	617
2	33
0	419
0	257
0	51
0	109
2	0
931	96
14	56
5	49
0	60
1	875
0	64
14	0
0	87
1	4
1	94
0	589
3	294
1	876
1	6
0	8
2	4
0	2
0	0
0	0
3525	335
0	120
0	202
0	133
13	30
3	22
0	25
0	25
0	13
4	0
0	32
25	22
0	22
0	17
0	0
0	0
0	0
0	0
0	0
0	0
0	0
0	0
0	0
54	66
0	60
0	50
0	27
0	0
0	0
0	0
0	0
0	0
0	0
0	0
0	0
0	0
0	0
0	0
0	0
0	0
1	0
0	0
0	0
0	0
0	0
0	0
0	0
2	606
1	615
0	620
0	587
6	604
0	611
0	594
1	39
0	39
0	2
0	1
0	1
0	2
0	2
32	3060
0	3001
0	3001
0	2998
0	3006
6	2554
1	2351
6	1309
0	531
6	443
97	916
14	892
0	118
1	103
32	377
22	15
0	93
0	69
1	55
0	11
0	15
1	36
0	15
0	25
0	25
0	18
0	0
2	0
0	0
1	0
158	394
2	359
33	35
0	3
0	23
0	16
0	23
0	23
0	1
0	3
0	0
0	1
0	0
1	4
0	0
0	0
0	0
0	0
0	0
0	5
0	5
0	1138
0	2032
33	1299
1	1280
3	443
6	456
0	3
0	0
0	3
0	0
0	0
0	1
589	546
7	208
21	296
0	146
0	152
0	73
292	1015
0	883
0	384
1	234
3	341
0	422
2	178
21	521
3	147
1	0
5	332
3	103
4	157
18	228
1	168
9	168
13	149
0	1
0	2
1	2
0	0
0	7
8	7
0	16
0	16
5	685
0	672
0	575
168	285
1	196
10	164
8	22
2	13
7	15
0	26
2	33
16	0
0	0
0	0
0	0
0	0
0	0
0	0
0	0
0	0
0	0
0	0
0	0
0	0
42	992
0	991
8	355
1	270
0	0
0	0
0	565
0	464
0	392
1	198
0	266
0	455
73	365
0	271
0	186
1	327
0	297
58	563
0	64
0	493
0	0
0	0
0	0
0	0
0	0
0	0
0	0
0	0
21	1
43	60
0	36
1	32
42	8
0	19
1	0
0	0
0	0
0	0
0	4
1	4
0	0
0	4
5	439
0	420
0	420
0	206
0	225
45	156
0	74
0	26
4	8
788	131
1	131
0	7
0	7
0	5
0	3
0	0
0	3
0	3
0	2
0	2
2	50
4	56
4	109
210	109
1	140
102	140
0	0
36	14490
32	1851
58	0
31	4365
16	1641
6	5350
21	2093
31	5381
0	20
815	424
0	127
0	277
0	0
0	0
0	108
0	56
0	13
0	15
2	19
0	102
0	107
23	6
0	6
78	16
0	16
0	135
0	136
0	114
0	115
0	128
0	114
0	121
0	99
0	99
0	123
0	119
0	121
0	98
0	115
1	96
0	105
0	38
0	108
0	119
0	112
1	45
0	20
0	36
0	66
0	50
0	38
0	32
3	17
115	378
4	197
0	310
0	319
0	192
0	139
0	2
2	3
0	2
0	3
77	169
0	18
1	13
2	102
0	117
1	115
0	0
0	0
885	611
0	425
26	424
0	196
6	88
0	0
0	0
25	26
0	26
0	6
0	17
3	6411
124	5653
1	6355
0	6438
237	5423
1	1312
107	1902
0	317
0	72
55	788
1	155
0	197
0	331
27	81
3	108
13	108
9	25
0	28
2	21
0	14
0	0
0	0
5	105
5	503
126	614
0	534
0	617
0	34
16	50
6	17
8	130
27	0
5	617
0	3
2074	0
10	1893
1	1703
25	737
43	1650
0	0
0	0
0	0
0	0
0	0
915	1428
42	412
6	1016
0	0
0	0
0	0
0	0
156	29
9	29
0	929
5	866
0	101
0	116
0	119
2	161
11	75
116	75
1	12
2	18
0	82
0	55
0	0
0	0
3	731
6	413
3	419
0	0
0	0
27	228
98	9
0	228
0	49
11	17
507	536
0	310
9	6
2	513
0	459
0	440
0	407
0	288
2	286
4	291
0	247
1	171
0	71
33	2
1134	1232
0	1232
3	7
0	0
0	0
0	0
0	0
44	14
0	6
0	11
0	301
2	334
0	116
22	191
2	0
1	8
0	8
1693	56
4	56
101	3599
10	3590
0	2550
22	3628
23	20
0	3609
5	0
4	503
0	536
0	419
0	390
47	440
17	176
0	0
0	0
0	2
0	2
0	0
0	0
0	0
1	1
0	0
4	2
0	0
0	2
0	1
0	2
0	2
0	1
0	0
0	2
0	2
0	2
0	2
0	0
0	0
4	0
0	0
0	2
1	0
0	0
0	0
133	8190
0	6005
0	3413
57	6063
6	1
3	8191
0	650
8	315
0	93
0	459
31	61
0	640
0	545
1	461
0	546
6	106
5	465
0	265
0	214
4	85
0	100
0	94
3	177
0	153
27	38
0	92
13	75
17	9
6	3
0	362
0	53
0	4
0	2
215	363
0	42
0	78
1	133
5	34
5	1008
0	2506
37	60
30	59
0	2441
0	59
1	35
7	406
40	236
0	2469
0	134
59	619
15	199
2	183
14	86
0	336
221	0
0	5394
0	634
87	114
0	117
16	398
4	398
4	6
14	172
1	207
4	23
3	43
2	27
0	592
428	6014
46	1
0	1
0	301
1	373
26	87
0	270
0	207
6	231
0	231
22	285
0	246
5	187
0	211
10	9
0	370
0	1
0	1
0	0
0	0
0	0
0	0
0	0
22	231
1	8
1	230
0	7
0	22
4	90
0	72
0	46
1	0
1057	10599
6	1231
34	14
0	14
20	14
0	9
0	12
0	7
3	3430
173	3420
84	3455
0	137
0	3120
5	657
1	1
0	1
0	0
0	0
0	0
0	0
0	0
0	1
0	1
0	1
0	1
0	1
0	0
0	0
0	0
0	0
0	0
0	2
0	2
0	0
0	0
0	0
0	0
0	0
0	0
0	0
0	0
0	0
0	0
0	0
0	67
57	103
1	32
0	17
2	0
0	0
0	0
0	0
0	0
10	2047
112	2027
5	132
7	251
1	255
0	54
3	41
0	6
0	2
0	2
0	2
0	2
0	2
0	6
92	502
0	502
0	213
0	241
0	226
0	490
0	0
0	0
0	0
0	0
0	0
2	0
127	0
0	0
426	591
0	591
13	0
20	29
0	0
0	0
0	0
0	0
0	0
1	0
0	1
0	1
0	0
0	0
0	1
0	0
0	0
0	0
23	8393
0	8547
10	2035
0	3674
0	3674
0	3662
2	2046
0	1679
17	14
0	0
0	0
0	0
0	0
9	68
0	1365
1	43
0	37
0	1355
1	100
0	0
0	452
54	451
0	77
7	135
0	427
0	57
0	111
0	0
0	0
127	322
1	322
8	162
3	1055
0	978
2	57
21	0
0	124
4	459
17	389
32	271
3	85
0	129
152	37
1	37
0	0
0	2
0	32
0	45
0	45
0	8
0	1
0	7
1	7
3	16
12	4520
0	6019
32	2184
0	5433
26	5580
10	2313
29	717
76	303
14	219
62	7894
34	7847
5	3467
13	5656
8	3230
18	35
1	35
0	0
0	2
0	2
0	0
0	395
3	155
0	357
0	259
0	301
0	79
0	462
0	74
4	13
0	454
0	93
0	412
0	411
0	0
0	0
0	80
1047	605
11	219
1	232
4	72
8	82
5	39
90	0
0	0
95	11
0	11
86	0
353	295
14	72
1	207
0	228
118	295
0	182
0	239
0	120
0	48
0	176
0	0
0	0
0	0
0	0
0	0
0	0
176	750
0	546
0	563
2	496
0	340
0	223
3	251
11	29
2	4
0	1
0	3
0	0
0	0
306	456
3	398
47	71
0	263
0	0
0	0
0	0
0	195
160	195
1	14
0	14
0	0
0	0
0	148
0	7
0	44
0	142
5	112
7	120
6	29
0	89
2	38
0	0
0	0
0	0
0	0
0	2
0	2
0	2
66	1027
6	1027
0	2
0	2
0	0
0	1
0	1
0	1
0	190
3	1784
0	1470
5	1784
0	396
2	329
1	0
0	0
0	0
0	0
0	562
61	829
0	795
0	310
10	33
0	0
0	0
0	0
0	0
0	0
0	0
0	0
0	0
0	5
3	3
0	6
3	36
0	16
0	15
1	0
0	5
1	35
0	11
0	10
0	5
0	5
0	0
0	0
0	0
0	0
0	0
26	168
0	172
4	2
1	118
0	87
0	54
9	165
0	11
0	0
0	0
1462	0
1	2
0	125
3	129
0	66
0	59
2	0
26	1251
0	345
71	719
0	1232
0	112
0	62
37	29
1	31
23	18
0	182
31	21
417	0
2	6
0	0
0	0
0	0
4362	2426
4	360
60	943
0	484
23	269
0	387
6	411
7	588
0	140
0	0
0	0
0	0
0	0
136	216
3	216
0	50
0	47
0	64
1	26
1008	7018
0	4249
3	4479
15	1785
1	0
158	560
0	568
1	116
0	79
48	238
8	72
2	91
0	0
0	0
0	0
0	5
0	5
0	3
5	18
0	16
12	18
0	16
3	2
0	5
117	98
0	53
0	91
0	0
0	0
0	0
0	0
0	0
0	0
389	179
0	179
24	586
940	856
2	250
5	56
1	92
20	199
0	1161
0	1451
7	1429
0	0
1	3
0	3
0	3
1	1
0	0
0	0
0	222
34	218
0	178
5	12
1	15
2	35
1	60
2	42
0	35
3	23
309	1254
3	603
0	211
26	121
9	601
0	0
0	0
0	0
0	0
0	0
0	0
0	0
0	0
0	0
0	0
2	172
8	172
0	72
0	88
16	3812
9	3813
6	3812
5	3821
1	1753
3	24
5	435
1	475
3	483
8	221
11	272
2	10
11	57
8	274
2	47
0	56
0	65
5	38
9	49
0	60
2	14
3985	1498
45	44
0	0
0	0
0	0
0	15
0	139
2	1
1	76
3	126
11	37
0	119
0	130
6541	3134
9	2857
0	1160
0	0
0	0
0	0
0	0
0	0
0	53
2	15
12	288
0	257
0	294
10	1
5	3
0	17
0	284
0	0
0	0
0	0
0	0
0	3
16	5
0	5
0	0
0	0
0	0
0	0
0	0
809	10082
16	1965
0	0
0	0
126	99
0	99
6	0
8	0
17	353
0	107
6	345
0	189
9	31
0	106
0	0
0	0
0	0
0	1
0	1
0	0
0	0
0	0
0	0
0	0
0	0
0	0
1	0
14	131
0	111
4	23
0	108
0	88
1	77
0	0
0	6
0	0
0	0
0	6
0	449
0	93
0	399
1	198
6	98
0	51
0	21
3	34
19	82
0	96
126	14
143	105
0	93
0	67
6	72
7	58
1	18
0	372
12	372
2	161
1	112
0	136
0	80
0	43
0	62
2	14
0	0
0	0
0	0
0	0
0	0
0	0
0	0
0	0
0	0
0	0
0	0
0	0
0	0
0	0
5	865
0	179
0	741
0	472
1	128
0	197
0	254
3	57
0	60
8	0
0	866
0	718
0	852
17	287
1	151
1	243
3	217
0	215
2	124
0	23
86	17
0	140
0	0
0	0
0	0
0	0
0	0
0	0
0	0
0	0
0	0
0	0
0	0
0	0
0	0
0	0
0	0
0	0
0	0
0	0
2	1
0	1
0	0
0	0
0	0
8	224
4	217
0	78
0	98
0	50
14	222
0	121
6	72
4	63
4	65
0	15
0	10
0	5
0	10
3	2
0	9
0	9
0	15
0	0
0	0
0	0
0	0
3	883
44	3
3	3
0	881
0	15
13	328
1	22
0	16
23	19
0	368
7	886
0	2
0	2
0	0
0	0
0	0
0	1
0	1
0	1
0	0
0	0
0	0
0	0
0	0
0	0
0	0
0	0
0	0
70	1777
60	6
2	136
12	125
1	222
0	127
64	195
0	134
3	128
18	1305
0	0
0	0
0	0
0	0
0	0
0	0
0	147
0	19
0	15
0	4
5	13
0	4
0	3
0	0
0	0
0	0
0	0
0	0
0	0
140	0
1	770
6	196
15	38
7	60
35	24
3	261
0	303
0	230
4	253
10	175
48	151
2	116
0	81
2	45
3	120
0	36
3	113
1	139
0	89
0	72
0	72
0	56
0	56
3	29
592	253
48	18
3	12
2	196
0	22
0	23
1	21
0	7
2322	323
58	311
1	2
0	2
0	2
0	15
5	15
1	0
2	832
0	1529
2	1488
20	1527
2	37
17	387
69	635
0	1488
0	5
0	5
0	6
0	4
10	0
0	0
0	0
0	0
0	0
0	0
0	0
0	0
0	0
16	34
0	34
8	3692
0	3157
1	3135
0	3511
4	2313
2	1213
0	1630
442	213
0	0
0	0
20	323
4	489
2	475
0	156
0	415
1	390
1	261
13	286
21	257
0	62
0	0
0	754
1	819
0	9
0	108
8	797
0	224
0	473
3	66
0	798
16	188
11	233
0	798
0	775
619	344
3	161
2	148
0	48
0	175
0	6
0	29
0	0
0	0
0	0
13	60
5	3
1	60
3	60
0	0
0	0
0	55
0	10659
0	10631
32	5662
0	8547
1	1396
0	1496
1	6651
0	1931
5	1384
2	2174
0	1075
44	1176
18	704
7	3234
0	151
1	359
128	365
0	185
0	328
0	175
0	221
2	108
3	360
1	134
1	101
1	63
0	0
0	0
0	3
0	3
1	452
0	459
7	483
0	26
1	11
0	66
0	197
1	29
0	27
0	18
0	34
1	21
0	10
0	37
1	6
0	3
0	60
9	61
0	2
0	5
4	2
5	0
0	0
0	0
0	0
0	258
1009	561
0	287
12	183
0	904
1	71
0	887
0	605
0	0
0	1
0	0
0	1
88	2531
5	2462
0	400
13	70
70	380
19	316
573	144
88	153
0	43
1	58
0	45
0	43
6	0
235	142
0	48
10	37
12	91
10	12
0	12
0	0
0	0
5	0
1	607
1	498
7	597
6	83
26	110
0	42
7	0
14	3
0	0
0	0
0	0
0	0
0	0
2	274
0	280
8	81
15	94
10	83
0	23
6	255
0	250
11	102
0	171
0	253
0	339
0	324
6	21
0	1
0	1
0	1
0	1
0	0
0	1
0	0
0	0
0	0
0	0
0	0
0	0
6	140
10	248
1	97
0	96
1	136
4	126
0	0
0	0
1	19
5	17
0	14
0	14
0	13
159	121
1	57
0	93
0	2
4	5
5	8
0	0
0	0
0	0
155	243
0	243
0	20
0	118
0	0
0	0
0	0
0	0
0	0
0	0
0	0
0	0
0	136
0	136
0	0
0	0
0	0
0	0
0	0
11	314
3	314
6	72
0	0
16	1635
2	1630
14	234
0	263
0	179
0	131
0	118
15	146
0	94
0	481
1	53
13	3
0	3
0	0
0	1
0	1
0	1
0	0
0	0
0	18
0	7
0	2
0	18
2	8
0	2
0	8
0	0
0	0
0	0
0	0
0	0
0	0
0	0
0	0
0	0
0	0
0	0
0	0
0	0
0	0
0	0
0	0
0	0
0	0
0	119
13	119
0	7
0	24
0	221
0	210
0	91
0	155
1	4
2	2
0	11
0	5
0	5
0	28
2	221
0	0
0	0
0	2
16	194
4	65
0	4
5	112
12	70
0	177
2	0
0	7
0	1
0	55
0	53
3	52
0	54
2	47
0	21
0	5
0	0
3	0
821	1794
1	994
32	445
63	481
9	609
2	596
18	587
0	560
37	98
0	196
0	506
36	260
0	40
0	86
1	26
0	92
0	66
33	160
0	68
1	19
1	44
0	36
2	35
0	23
0	8
0	63
3	206
0	250
8	245
0	72
0	65
0	250
0	76
38	72
0	0
0	0
0	0
0	0
0	0
0	0
0	0
0	0
0	0
0	0
0	0
0	0
0	0
0	0
39	109
0	114
2	113
3	7
0	1
0	2
0	1
0	2
82	440
9	189
1	409
0	224
0	0
1	417
29	417
0	78
0	6
29	141
0	89
0	80
0	37
15	12
0	0
203	340
934	340
13	340
10	282
0	120
2	48
0	0
0	0
6	105
987	105
14	42
0	42
0	8
2	9
0	0
0	0
0	0
0	0
0	1345
9	210
1	136
0	174
0	102
0	37
3	24
0	1310
0	0
0	0
0	0
0	0
0	0
0	0
0	0
0	0
0	0
5	771
295	2066
2	146
1	1878
1	149
0	79
14	234
0	0
0	0
73	39
0	37
0	28
0	29
0	52
24	180
2	48
11	0
12	148
0	66
0	66
2	41
1	14
1	25
3	18
0	3
0	0
3	3
25	105
19	97
6	97
44	54
6	54
13	16
0	6
1	0
0	8
0	0
0	0
0	0
0	0
0	0
0	0
0	0
0	0
0	0
0	0
0	977
28	4699
0	868
7	113
3	186
26	130
3	145
59	1864
10	2775
13	46
105	7
59	28
62	94
3	256
11	0
0	0
0	0
0	0
1	104
14	104
0	39
0	14
0	10
1	5
128	135
0	135
5	42
0	42
186	8
0	8
21	348
0	215
0	511
61	489
4	226
5	69
0	23
1	97
3	298
0	150
14	83
0	44
12	9
0	299
0	26
0	104
38	300
0	304
17	70
0	128
2	65
4	53
4	29
0	47
0	39
0	0
0	0
0	0
0	0
0	0
0	0
1201	333
0	89
7	33
6	46
0	196
1	0
0	0
0	0
0	0
0	0
0	0
0	1
11	1
0	0
2	4249
0	970
5	44
17	870
0	3980
1	3475
0	1411
0	570
1	3229
0	407
0	755
0	1101
1	2412
0	681
0	127
1	1172
7	537
0	0
0	0
0	0
0	0
0	0
0	0
0	0
0	0
0	0
0	0
0	0
0	0
0	0
0	0
30	0
1	11
0	1
0	11
0	11
0	1
0	0
0	1
0	1
0	0
0	0
139	867
3	0
0	269
1	731
2	650
277	167
4	167
1	0
0	0
0	0
0	0
0	0
0	0
0	0
0	0
0	0
0	0
0	0
0	0
0	0
0	0
0	0
0	0
0	276
0	37
4	6
0	269
0	264
21	187
0	48
38	80
20	54
1	94
0	24
0	99
89	30
0	30
0	0
0	272
0	122
1	27
0	271
0	0
0	0
0	0
0	0
0	0
0	0
0	0
0	0
0	0
0	0
0	0
0	0
0	272
1	272
0	193
0	52
0	23
0	0
1	7
0	7
0	0
0	0
7	1
0	1
0	1
0	1
0	1
0	155
56	125
0	21
0	85
0	99
9	1
8	77
0	48
0	49
0	0
33	0
133	119
2	104
0	34
0	24
1	57
0	85
0	0
0	0
0	0
0	0
0	0
0	0
0	0
0	0
0	0
18	50
0	446
10	531
1	46
0	472
0	12
0	428
0	0
1	39
10	27
12	178
0	550
0	0
0	0
0	0
17	0
0	0
1	0
0	6
0	6
78	948
0	943
17	136
0	133
3	0
0	5
0	5
0	5
0	0
26	108
0	45
0	17
0	30
5	21
0	15
0	15
5	0
0	10
1	0
0	0
0	0
0	0
0	0
0	221
0	189
33	187
0	184
0	214
0	4
1249	185
11	185
388	62
0	22
0	22
0	39
1	19
0	0
15	0
3	4
0	4
3	0
4	135
24	220
2	286
0	286
0	15
0	16
0	5
0	1
0	2
1	12
0	1
0	1
0	0
0	0
0	0
0	0
0	0
0	0
0	0
0	0
0	0
0	0
0	1864
8	624
72	1755
1	453
5	453
0	510
12	1388
0	1864
0	249
0	244
0	213
0	61
2	54
1	101
16	97
0	78
1	57
0	78
0	51
0	52
13	31
1	28
0	37
0	41
0	24
6	13
0	248
0	257
10	255
2	161
11	179
0	212
645	537
1	282
0	289
0	99
51	7
2	0
149	147
6	84
20	5
0	17
0	17
0	17
0	17
0	14
0	10
0	17
1	0
0	4
0	4
0	2
0	0
9	157
0	150
2	24
111	348
0	126
0	351
9	19
0	0
0	65
1	53
0	46
21	34
2	25
22	45
0	143
2	29
1	2
1	59
0	48
6	9
43	101
29	4
32	8
1836	8
59	231
3	84
1	152
0	22
27	6
4	85
0	199
0	177
25	203
0	153
0	148
0	147
7	49
3	2
0	1
0	1
0	0
0	0
0	2204
21	2171
3	1368
0	304
85	200
7	153
26	0
8	444
4	379
10	270
13	63
0	246
0	228
5	1017
1	5
5	63
0	147
7	1005
3	44
0	658
0	148
0	31
0	138
0	1167
15	855
0	80
0	887
0	347
0	576
0	576
0	18411
27	18080
3	669
44	3130
0	1242
23	5
0	673
0	3134
139	15937
0	4334
14	1543
58	542
0	107
0	39
1	29
2	32
0	16
0	51
1	138
14	10
0	14
4	14
1317	1200
0	997
5	734
9	207
219	53
2	53
1	27
3507	3949
0	0
0	0
0	76
0	101
0	24
358	119
0	15
0	0
0	0
3	342
0	326
1	326
5	179
3	39
2	55
6	37
2	15
0	95
0	88
0	31
0	0
0	0
0	0
0	0
0	1
0	0
0	1
0	0
0	0
0	0
0	0
0	0
0	0
0	0
0	0
0	0
164	378
4	135
0	252
5	3
0	9
171	1142
14	1083
11	192
9	1057
0	1039
0	917
0	823
0	858
0	231
0	374
31	319
35	15
1	39
0	400
8	1116
2	1092
0	1129
11	109
2	240
0	240
0	0
0	0
68	0
71	26
0	13
0	6
0	6
3	2
0	6
86	6
31	101
0	101
0	0
0	0
0	0
0	0
35	1402
172	1719
0	911
0	996
41	1033
0	756
6	383
0	442
19	273
2397	1720
71	1720
18	433
190	425
111	0
0	8
192	41
2	9
0	22
0	11
0	0
0	0
0	0
0	0
0	0
17	6
1	0
0	6
0	2
0	48
0	48
0	48
0	62
0	0
0	0
0	60
51	951
0	685
0	479
0	58
2	7
10	911
18	32
0	174
0	932
2	848
79	62
42	43
24	10
0	1240
0	1215
7	274
0	328
0	268
1	109
0	1
1	126
83	2403
43	2035
19	2375
50	219
90	469
3	20
0	0
0	0
123	2312
8	1670
1	900
0	457
19	71
0	115
47	611
0	0
0	0
0	0
0	0
0	1
0	1
0	1
0	0
0	0
0	0
1	4
0	4
0	1
0	0
0	0
0	0
0	0
0	0
0	0
0	3437
774	3285
0	2024
0	848
1	476
91	595
42	126
0	320
4	142
5	0
68	69
2	794
0	728
2	214
233	61
6	3437
0	0
0	0
2	0
0	0
0	0
0	0
164	11
70	3043
0	3026
21	17
0	1515
0	1577
1	2160
1	1689
0	733
0	116
0	28
136	762
16	27
0	107
0	100
0	143
0	703
0	171
4	174
0	317
5	35
8	21
0	59
0	59
1	8
0	6
0	0
0	0
0	708
0	699
0	710
0	736
0	115
0	13
4	89
0	81
1	18
0	9
5	2
0	724
0	707
0	324
0	300
1	465
715	610
0	253
35	610
0	128
0	573
2	472
0	596
0	564
5	103
0	76
0	93
0	29
1	36
0	25
13	45
17	12
4	49
0	56
0	0
1	0
1	554
184	98
0	98
0	52
15	36
0	38
0	51
0	36
2	28
0	15
0	55
0	20
0	40
0	15
0	26
1	16
1	55
0	38
0	15
0	55
2	9
0	26
0	117
9	281
38	281
2	56
62	943
0	943
10	202
0	50
22	80
0	3
1	3
0	0
0	0
2	0
0	0
0	0
0	0
0	0
0	0
3	482
37	0
42	428
0	271
0	276
0	182
0	126
0	319
2	182
3	2
2	29
0	18
0	308
31	325
45	622
1	573
5	134
0	91
5	112
3	114
41	0
3	55
59	8
1	36
41	40
0	34
0	6
0	13
0	12
9	19
0	36
0	0
0	0
0	0
0	0
0	0
0	1
7	20
0	4
1	1
1	0
0	6
1	3
0	11
0	109
0	107
0	110
0	33
0	108
70	1065
0	1065
0	25
3	188
4	129
4	63
143	169
0	23
0	29
0	65
41	67
0	66
2	17
0	5
0	44
3	8
1	21
0	16
2	23
0	21
0	20
0	7
0	60
185	1637
2	107
0	900
10	112
0	553
1	406
8	79
1	90
1	126
0	125
5	49
2	132
5	0
3	18
0	0
0	0
0	0
0	0
0	0
0	0
0	0
9	473
8	463
0	59
0	0
0	0
0	0
0	0
0	0
0	0
0	0
0	0
0	0
0	0
0	0
0	1321
0	1554
22	361
0	1462
0	1555
11	1099
0	378
0	99
0	92
2	119
24	132
21	824
0	182
20	67
3	193
51	66
0	66
0	10
0	10
2	10
0	0
0	4
0	0
0	4
0	4
1	0
1	1
1	1
1	1
0	0
1707	339
102	339
0	12
0	8
1	12
0	5
1	4
125	296
5	170
8	37
4	120
0	0
1	0
2081	402
5	401
726	0
0	8
0	8
0	5
0	279
0	290
0	286
0	96
0	30
0	3
6	1
0	1
0	0
0	0
0	0
56	129
0	129
0	29
1	64
0	639
67	639
2	0
1	0
0	0
0	11
0	8
0	7
0	11
0	0
0	0
6	476
0	504
2	567
0	473
2	56
36	355
0	326
3	25
2	1
6	51
5	41
2	0
0	0
0	0
6	2
0	2
186	174
2	81
1	87
0	52
4	0
0	275
3	329
0	69
4	8
0	46
10	67
1	0
0	0
0	0
0	0
3	184
12	179
0	22
5	132
0	53
1	51
0	15
8	12
4	8
0	0
0	21
1	1
0	19
0	5
0	8
0	3
1	1
1	0
0	11
0	10
5	324
1	353
3	194
1	81
1	290
0	326
0	223
0	243
0	208
4	77
3	160
6	13
0	0
0	0
0	0
1	312
0	258
10	283
70	2439
0	253
75	2290
15	414
2	533
3	22
2	1
0	78
0	76
0	70
0	71
0	73
0	942
2	908
4	940
22	380
1	30
0	144
39	10
8	255
0	154
0	158
0	31
0	0
0	0
0	0
120	918
2	890
0	385
1	149
9	28
0	468
0	62
0	492
1	17
13	34
22	32
0	181
0	7
0	138
8	472
107	511
0	174
1	81
2	0
13	40
5	2
0	42
11	38
0	7
3	4
0	30
0	3
0	21
5	28
0	26
0	17
0	4
123	0
20	602
0	628
0	111
4	227
40	20
0	0
0	0
25	47
82	47
336	0
3	0
0	0
41	713
3	159
0	107
0	560
0	47
0	15
0	29
1	37
1	17
0	46
36	122
33	370
59	7
23	368
364	559
1	559
2	21
0	3638
41	3638
39	1742
0	0
68	21
0	21
1	1974
0	1947
1	1584
7	1661
0	143
48	302
0	197
0	198
1	147
4	213
196	227
12	227
71	22
4	79
0	5
0	5
14	74
2	0
0	0
0	0
1	0
412	164
0	163
7	116
19	73
0	96
6	94
0	97
0	0
0	0
0	2
0	2
0	0
0	0
0	2
0	2
1	86
2	81
9	15
0	28
2	70
0	97
0	0
5	51
0	0
0	1
0	2
0	1
135	35
2	28
4	25
0	3
0	34
0	32
201	1585
4	1443
3	1111
14	946
8	1161
0	322
20	471
129	563
18	989
37	989
2	255
37	71
0	1
9	583
0	585
0	503
0	594
4	0
1	435
2	99
0	192
0	0
0	106
0	370
0	399
2	30
0	370
46	352
0	113
3	20
0	154
0	56
2	20
0	88
4	80
104	48
1	32
3	14
0	12
0	0
0	0
0	0
0	0
0	0
0	0
0	0
0	0
0	0
0	0
0	0
0	0
0	0
0	0
0	2
0	2
0	2
0	2
0	0
3	0
45	341
8	308
54	4
18	339
0	116
0	199
0	196
29	84
0	43
1	52
5	0
10	956
0	980
27	916
0	137
25	112
1	119
0	246
0	146
2	48
2	11
2	9
0	7
0	6
0	2
0	2
0	0
0	0
0	0
0	0
0	0
0	0
0	0
0	51
0	51
0	50
0	2
0	3
14	0
1	25
56	582
94	73
0	71
0	190
0	46
2	199
13	196
0	65
0	189
0	66
0	62
0	481
0	49
161	9
0	52
9	31
0	48
3	32
0	10
0	37
0	113
18	10
7	24
2	8
1	63
1	0
0	0
5	90
27	258
0	346
3	338
0	101
2	83
0	47
0	20
5	0
5	109
13	114
0	90
12	85
1	48
0	44
0	27
420	444
0	444
0	81
9	27
90	56
746	56
0	16524
79	16519
2	2087
0	27
4	58
2	18
3	16
0	9
0	40
1	8
0	20
0	1
0	9
7	127
1	10
0	21
0	55
0	73
0	80
1	10
0	47
0	52
0	0
0	0
0	0
0	6
0	6
0	6
0	6
0	0
0	1
0	0
0	1
0	0
0	0
0	0
60	7
3	7
1	4
1	1
2	1
0	0
0	1
0	1
0	1
0	1
0	1
0	0
0	1
0	0
0	1
0	0
0	0
0	0
0	0
1	0
94	0
362	671
0	368
1	318
0	48
1	127
6	181
0	118
0	96
0	0
0	0
0	0
0	0
0	0
0	0
14	35
1	15
0	20
0	0
0	10
0	5
0	10
0	3
0	3
0	3
0	35
47	86
0	141
0	446
20	850
0	55
0	100
0	164
48	53
0	144
0	563
102	195
6	104
0	234
10	164
0	129
0	70
0	26
0	25
0	1
0	0
0	26
0	0
0	0
0	0
0	0
29	0
553	1371
2	1371
2	1342
5	29
21	192
2	217
5799	4877
7	2787
2	4516
1	2708
23	4070
0	0
0	0
0	0
0	0
1227	880
9	80
14	207
101	143
1	160
13	112
0	290
1109	0
42	652
4	656
8	4
9	239
0	164
11	20
0	1134
6	0
6	4
12	29
0	1134
91	9
1	9
0	0
0	0
1	0
0	0
446	36
0	16
0	20
2	0
0	0
0	0
66	209
0	203
0	16
0	18
0	51
4	4
346	146
0	146
11	0
0	0
0	0
0	0
0	0
0	0
0	0
0	0
0	0
0	0
0	0
0	0
0	0
0	0
0	0
0	0
0	0
0	0
60	0
7	287
0	287
0	0
0	0
0	0
0	123
0	42
0	89
0	48
0	30
0	26
0	123
0	15
0	20
8	30
2	14
0	0
0	0
0	0
0	0
0	1709
0	2271
0	1650
0	2242
0	350
0	1625
9	37
5	515
0	2082
26	73
0	994
0	425
0	1
0	1
0	1
0	0
0	0
555	191
22	173
8	65
6	18
0	0
0	0
1	0
0	0
0	0
0	0
0	0
4	26
0	42
1	42
0	43
0	1
0	34
0	6
0	0
2	0
0	1
0	2
0	0
0	19
0	17
6	18
0	18
0	9
0	0
1	7
0	0
0	8
2	1
0	0
0	0
1	0
0	0
0	0
0	0
0	0
3	203
150	213
0	66
14	81
1	28
8	0
0	0
0	0
0	0
0	0
0	0
0	0
0	0
0	0
0	0
0	0
0	0
0	0
0	0
0	0
0	0
0	0
11	3454
0	294
0	767
2	3281
8	435
0	570
4	168
0	3454
2	3344
16	3885
0	4092
15	1329
3	3554
2	2327
0	0
105	513
15	513
0	16
0	16
0	68
0	92
0	263
0	71
0	88
0	103
0	260
0	90
0	84
20	36
0	280
0	274
0	280
0	119
0	57
0	0
0	0
0	2
0	2
0	1
0	1
0	0
0	0
79	1248
0	652
5	769
0	482
77	748
2	300
12	179
3	146
0	17
5	2
0	393
4	133
0	323
26	351
0	0
0	0
0	0
0	7
1	10
0	8
0	4
0	1
0	0
0	0
0	10
1	49
0	47
0	44
0	40
0	0
0	2
0	5
0	4
0	5
40	13
0	5
0	11
0	0
0	705
0	675
5	48
7	150
2	18
2	48
0	60
82	0
18	94
9	94
0	72
2	585
2	446
0	550
2	60
1	50
0	125
4	61
0	71
0	144
4	64
4	141
4	161
1	138
0	172
1	138
1	121
2	111
25	8
7	77
13	277
0	277
0	16
3	2
1	165
31	165
43	145
11	68
0	75
8	56
1	33
1	3
4	11
487	13452
1	2212
3	11064
1	3472
72	10712
0	10578
0	8751
1	8775
0	6074
9	7617
0	6380
0	4315
4	7737
0	3800
0	2853
0	503
1	2179
0	620
73	0
3	345
6	365
0	23
27	69
0	13
0	30
9187	4614
2	1100
2	203
30	1053
0	296
6	74
0	12
1	4
0	11
0	2
0	5
161	119
22	1
9	118
18488	0
0	0
0	0
0	0
0	0
0	0
0	0
0	0
0	0
0	0
0	0
1	0
0	3
0	3
24	185
0	353
0	364
0	403
0	379
0	374
9	241
0	33
0	84
0	65
0	36
0	1
0	403
950	0
782	312
1	312
1	70
0	69
0	30
0	32
0	30
0	28
0	7
2	0
0	1
578	20
21	20
24	41
0	41
154	482
36	427
8	486
1	169
9	443
8	27
2	23
12	120
0	86
0	486
0	89
5	39
0	29
2	49
4	19
3	7
0	91
0	4
0	4
0	0
3	7
0	3
0	0
4	4
1	43
1	43
518	165
3	149
3	1166
41	392
0	1262
3	516
31	185
18	229
0	96
7	502
0	50
4	27
0	82
17	508
0	0
0	0
0	0
0	0
17	484
2	681
31	681
0	558
0	684
0	343
3	141
0	60
2	57
0	156
0	80
0	168
0	100
3	30
0	0
0	0
0	36
0	0
5	36
82	358
8	308
0	175
1	250
0	124
0	138
0	18
1	18
2	38
0	4
0	38
0	0
286	1787
0	1455
35	635
0	57
0	57
4	4
0	4
0	19
1	11
1	12
0	9
0	8
0	6
0	0
0	761
0	1489
2	1449
0	1483
4	1340
0	1198
0	133
1	81
2	21
21	54
8	51
10	576
4	284
0	57
0	1503
0	0
0	0
0	0
0	236
4	219
2	50
0	45
0	60
1	81
5	23
0	284
0	284
0	1
0	1
0	1
0	112
3	524
13	398
0	558
6	307
4	20
14	444
6	44
0	542
5	101
8	362
9	222
1	432
0	414
0	110
0	350
0	338
0	309
0	82
9	25
6	3
2	13
374	593
0	446
0	330
6	119
9	2124
2	2073
6	1473
7	978
2	99
3	2084
0	413
0	387
0	195
0	1144
3	154
75	311
0	118
9	94
4	186
0	180
0	31
0	164
0	9
38	3
0	0
0	0
0	0
0	0
0	0
3	380
1090	1189
0	694
8	286
9	811
0	0
0	0
3	80
7	83
12	55
30	55
3	8
0	23
1	12167
28	532
0	506
1	84
95	23
0	8
0	9
0	2
0	4
0	15
0	838
44	0
0	0
222	64
3	56
17	28
46	233
1	261
12	301
1	55
0	109
0	101
0	114
0	46
0	34
4	1
0	840
0	47
0	48
0	43
0	0
0	0
0	0
0	0
0	0
0	0
0	0
0	0
0	0
12	0
0	0
0	0
0	0
0	0
0	0
0	0
52	0
0	0
0	0
18	111
0	111
0	402
2167	690
25	21
0	179
0	196
26	0
48	51
16	0
13	36
30	0
0	78
27	16
4	0
0	0
0	0
0	0
0	1
1	1
0	0
0	0
0	0
0	0
14	229
0	27
1	16
0	21
1	56
0	26
1	22
16	23
5	131
0	121
2	12
0	29
1	76
2	26
6408	4772
7	4352
12	1245
21	420
364	351
0	71
2	49
5	65
0	185
125	609
8	68
12	588
7	0
5	82
0	119
0	94
16	89
0	61
2	13
3	12
7	4
0	0
0	0
0	3
0	3
0	1
0	3
0	2
0	0
0	0
0	0
0	0
0	0
0	0
0	0
18	51
14	4
15	69
117	162
2	28
0	93
1	149
1	29
0	0
0	0
0	0
413	303
7	77
0	92
1	12
1	150
0	0
0	295
5	196
4	285
23	281
0	45
18	85
0	19
1	201
11	39
0	9
2	198
1	8
2	15
5	2
0	74
6	42
0	63
4	16
5	0
189	102
0	66
0	66
0	40
0	0
0	0
0	0
0	0
0	0
0	0
0	0
0	0
0	0
0	0
92	205
1	102
0	33
2	60
2	140
4	33
0	6
0	74
1	8
1	19
0	31
0	44
0	9
0	1
0	6
0	2
4	1
0	3
2	0
0	8
0	0
0	1
0	0
0	0
0	0
0	0
0	0
0	0
0	0
0	0
0	0
0	0
0	0
0	0
0	1182
110	1185
2	561
0	1162
11	154
5	305
50	2
1	1
746	7713
697	7775
0	2567
0	1648
0	1030
7	928
60	752
3	2396
6	2255
0	0
0	0
0	0
0	0
0	0
0	0
0	0
0	0
5	8
0	0
0	0
0	0
0	8
0	218
0	256
15	166
0	194
15	153
8	115
0	63
0	49
0	48
0	39
0	16
3	236
181	0
129	2745
0	61
15	355
0	1075
0	1070
0	66
0	1070
0	60
0	193
10	1060
9	75
3	61
0	0
435	1539
0	1539
0	15
1	344
0	87
0	203
0	119
0	161
31	146
0	7
3	34
0	39
0	35
0	8
1	3
118	7
0	14
1	7
0	1
0	14
164	86
4	86
0	0
0	0
0	0
0	0
0	0
98	4
0	4
581	255
0	255
12	105
6	100
0	66
1	67
0	0
9	212
12	200
0	200
1	172
3	210
0	11
0	0
1	7
0	12
0	2
0	1
0	2
0	0
0	0
28	528
14	358
0	800
8	755
1	26
1	16
0	56
26	410
5	0
0	0
0	1
0	0
0	1
0	0
0	0
0	0
0	0
0	0
30	289
2	8
0	23
11	41
1	33
1	27
0	289
0	0
0	0
838	270
0	270
2	1
0	1
0	22
0	1
0	21
0	0
0	0
0	0
0	0
0	0
0	0
0	0
1	0
0	0
0	42
0	32
1	6
0	10
0	18
0	94
3	118
2	1
0	140
0	145
2	230
9	251
4	24
0	49
23	59
0	59
18	4
0	0
0	0
0	4
5	35
4	230
0	71
0	226
0	82
9	0
0	58
0	38
0	1200
3	1127
4	177
3	150
0	463
0	9
0	68
47	68
0	9
1	0
0	0
0	0
0	8
0	0
0	0
0	0
0	8
0	8
112	2
0	2
0	1
0	56
1	68
1	54
0	68
0	0
340	916
9	836
0	929
8	54
1	113
0	767
0	104
12	150
0	104
40	115
29	1
23	114
0	82
9	7
0	0
0	0
0	0
0	0
0	80
3	4
0	144
0	911
0	171
0	901
0	197
0	199
20	61
0	5
50	210
0	12
8	4
0	51
0	9
2	59
1	59
0	33
0	0
0	0
0	0
0	0
0	0
0	0
4	0
21	292
2	134
30	206
1	292
0	49
19	223
0	215
0	222
2	17
0	0
0	0
0	0
0	0
0	0
0	0
0	0
0	0
0	0
124	0
0	0
0	0
0	0
0	0
0	0
0	0
0	0
0	0
0	0
0	0
0	0
0	0
0	0
0	0
0	0
0	0
0	0
0	0
0	432
0	6272
0	6377
0	313
1	4016
0	210
18	197
19	190
56	1376
10	2807
156	892
2	6155
0	69
0	64
0	25
0	1
0	6
12	6
4	0
0	1
0	6
0	4
2	3
0	0
0	0
0	0
0	0
0	92
14	1733
56	751
56	1733
26	803
0	853
0	299
0	1872
73	287
1	1802
0	1840
0	1882
1	152
5	86
3	212
0	370
5	182
7	123
0	192
0	749
14	805
0	826
5	779
4	652
0	89
0	114
14	68
103	83
2	65
0	65
0	83
2	110
1	1
3	3
7	12
0	6
0	7
1	17
1	8
0	6
5	2
3	0
0	4
1	4
0	109
398	18582
0	18582
34	2196
4	336
79	1546
0	1515
3	80
0	67
0	73
0	50
0	20
0	11
0	17
0	4
0	18
2	10
2	5
0	643
222	148
23	134
0	63
0	54
1	60
0	0
0	0
0	0
0	0
0	0
0	12
142	6362
17	2434
0	3317
111	4487
29	1640
0	0
0	0
0	0
2	129
0	129
2	42
0	40
0	13
0	11
0	162
0	208
38	186
0	152
4	28
2	0
0	51
0	309
0	318
1	83
8	53
0	32
11	18
6	4
0	21
33	6
9	1
543	43
0	43
7	151
4	151
0	0
0	0
0	0
0	0
0	3
39	3
0	113
0	118
22	4375
33	4348
297	646
234	153
332	206
20	0
3	4051
85	0
0	0
0	0
0	0
480	0
367	1225
0	151
13	1210
0	172
8	0
1	15
0	40
0	39
0	77
0	67
0	78
0	87
0	33
0	0
5	10
0	5
0	0
0	5
0	2
0	2
75	23
0	25
21	0
19	18
0	18
0	17
9	335
0	244
1	236
0	71
0	337
0	321
0	286
0	337
0	94
0	58
0	19
0	90
0	84
0	88
0	0
0	0
0	2389
93	2425
0	2346
75	37
0	206
0	2388
117	155
0	2401
0	2460
0	78
0	2233
11	1915
9	275
56	0
11	90
14	249
12	9
0	249
5	182
0	200
0	27
3	186
0	57
0	58
0	55
7	55
0	55
0	55
0	26
0	5
0	11
4	6
0	2
0	9
7	8
15	0
0	7
0	7
0	7
0	7
0	7
0	0
0	0
0	0
0	0
171	1038
0	1038
4	386
0	386
29	4
2	1
0	3
0	82
0	10
0	12
0	10
0	3
0	1
0	2
0	2
218	0
13	4
0	3
0	2
53	519
1	519
2	13
43	34
5	4
0	34
0	0
189	0
5	155
0	63
3	155
1	17
2	3
6	0
0	156
0	120
0	150
3	159
0	2
9	160
0	0
0	376
1	136
12	39
11	10
0	0
40	33
0	33
0	13
0	0
0	0
0	0
0	0
6	44
0	44
4	13
0	13
5	12
1	9
0	2
0	9
0	246
0	451
0	201
0	14
0	55
0	444
0	136
0	90
124	271
0	249
0	54
0	12
66	175
0	170
2	38
0	174
0	153
1	18
0	27
3	26
0	28
2	31
0	20
0	18
2	12
0	19
0	9
1	0
39	32
0	23
161	0
0	771
2	78
0	0
6	144
1	3
84	774
10	0
0	115
0	2
110	110
0	26
0	7
1	37
0	55
17	0
0	0
4	23
1	23
136	0
0	0
0	0
0	0
0	626
9	712
3	490
0	872
3	683
224	36
0	872
21	16
7	16
0	152
1	177
0	58
0	40
0	0
0	0
0	0
0	0
0	0
0	0
0	0
0	0
65	214
852	244
0	65
0	30
96	128
0	84
0	45
3	3
0	47
4	15
15	9
0	44
0	35
62	3094
11	3080
15	1927
0	701
2	301
3	32
12	14
2	365
4	1390
0	71
0	1415
0	209
86	104
169	1106
7	237
5	87
0	57
8	117
1	116
1	0
1	12
66	8302
11	5898
9	7427
51	390
8	2396
21	15
0	4
1	1
0	10
0	3
41	355
5	142
13	353
3	74
0	0
0	0
0	0
0	0
0	0
0	0
0	0
0	0
151	122
1	85
0	58
0	48
2	0
0	0
0	425
0	411
0	55
0	74
0	121
3	340
0	280
0	290
0	320
15	89
3	31
0	108
1	15
370	247
19	244
0	7
25	0
0	7
0	83
0	0
2	22
0	83
0	100
0	77
0	72
0	17
0	15
0	20
0	84
0	0
0	0
0	30
0	594
0	576
5	13
0	108
0	560
0	77
0	118
3	526
3	12
5	29
0	5
1	11
0	5
1	14
0	6
0	1
0	9
0	6
2	2
2	2
0	3
1	2
0	1
0	2
67	545
1	551
0	331
16	128
0	109
0	248
18	31
0	191
0	38
65	6
72	86
2	22
0	64
64	2372
1	233
0	313
4	200
0	2372
393	0
17	1341
26	1165
2	1198
91	44
181	44
1	176
0	1
1	353
0	1197
1	1
0	0
0	1
0	0
4	0
1	0
16	338
10	332
0	105
0	0
0	103
0	19
0	309
0	48
1	30
14	4
3	14
40	809
3	809
0	0
0	0
0	0
0	0
0	164
0	341
46	365
0	138
0	303
0	66
0	50
0	117
20	37
0	259
3	39
1	64
0	156
0	83
0	52
0	37
22	2625
52	434
0	319
0	2262
0	2249
14	2295
0	2030
0	0
0	0
0	0
0	0
0	0
0	0
0	0
0	0
0	0
10	709
19	717
8	148
4	489
0	50
0	64
5	69
0	0
8	716
169	371
2	371
13	265
4	22
1	3203
0	3728
9	208
5	945
0	945
2	916
34	353
30	1040
1	841
2	1056
25	187
0	64
0	0
76	88
0	88
0	86
0	21
0	3
0	22
5	4485
25	1826
40	4480
4	1083
23	1078
1075	2168
7	2273
0	1200
0	412
20	515
1	493
6	302
0	384
3	105
0	217
0	15
4	58
2	58
14	270
6	319
1	254
0	241
0	139
3	132
0	101
0	0
0	0
0	0
5	636
4	333
0	612
0	636
1	436
0	436
0	144
0	78
1	49
0	47
0	40
0	1
0	270
2	282
0	82
0	26
15	23
0	447
46	3006
91	2940
53	890
88	820
110	0
65	270
7	193
9	218
26	1539
0	1650
16	956
0	207
0	122
0	6
0	6
0	0
102	5769
1	5770
99	570
0	323
42	175
3	216
4	301
104	5748
0	32
0	17
2	32
16	15
0	0
0	0
0	0
0	427
0	0
50	280
2	280
0	6
3	54
1	53
0	79
0	19
0	2
0	52
0	80
0	80
0	47
0	79
3	806
2	86
1	930
3	923
4	21
1	29
0	179
0	77
0	925
905	743
132	743
58	69
10	53
7	43
0	1
0	66
0	0
0	0
0	0
0	0
1	1732
0	1744
0	1697
0	1
0	1
0	1
419	168
0	85
1	31
1	72
8	2
2	2
3	0
1	1
0	1
0	0
0	0
0	0
0	0
1	0
0	291
1	244
26	90
0	225
0	90
0	64
0	0
0	19
0	102
1	378
79	351
1	59
0	247
0	178
0	141
0	84
0	35
4	0
6	1110
0	107
55	189
0	67
40	1110
1	159
0	54
5	158
6	818
0	722
155	441
0	386
0	366
11	258
0	815
2	838
78	805
8	939
0	1112
0	1423
15	742
26	116
0	195
56	100
6	27
4	1393
0	0
0	0
0	0
0	0
0	0
0	0
1	0
0	3025
0	1437
0	44
0	4
0	2522
0	2520
3	2860
0	899
0	2517
0	0
0	0
0	45
0	3213
0	952
4	3022
0	2725
6	2996
0	201
4	690
0	2078
0	2078
4	600
0	2998
0	3180
0	44
1205	0
0	0
0	0
0	0
0	0
0	0
0	0
0	6
0	6
0	7
0	2
0	0
0	0
1	0
1	1
5	1
0	0
0	7
4	6
318	383
0	367
0	83
3	25
3	254
0	251
0	240
1	60
0	20
0	47
0	92
0	67
0	34
2	48
0	56
2	26
53	3383
58	363
0	2709
2	157
2	61
0	104
0	140
0	1436
7	3383
337	1407
0	1062
57	596
6	1085
2	225
0	62
2	1268
0	1159
11	149
0	149
3	147
0	146
0	1207
2	78
1	266
2	248
3	99
0	106
0	111
13	10
0	10
23	388
0	370
0	72
0	157
0	50
40	0
12	23
0	23
3	2
0	15
0	8
0	8
0	190
2	4588
2	3978
1	4518
2	536
9	413
0	3674
0	0
0	580
16	390
7	120
0	527
62	507
0	325
13	100
0	0
0	35
12	35
0	8
0	0
0	66
0	52
0	19
60	317
0	160
716	851
2	851
32	49
0	98
0	3
0	3
1	3
0	10
0	10
0	9
0	9
1	0
5	3
0	2
0	1
0	0
0	0
0	2
0	0
0	1
0	0
0	0
0	0
0	0
0	0
558	187
0	187
31	484
11	681
0	682
2	83
18	82
5	33
0	246
2	245
0	18
0	62
2	25
1	59
0	246
0	130
0	5
0	128
3	127
0	112
36	149
20	25
1	114
0	33
0	3
1	69
0	35
214	1828
8	1511
0	1704
1	222
0	235
23	200
64	199
0	31
0	160
0	209
0	162
0	75
0	75
0	124
24	152
0	110
0	77
2	74
0	51
2	31
4	18
0	20
0	676
9	657
0	233
0	226
0	0
0	676
2	0
0	0
0	607
0	607
0	619
0	606
0	581
0	633
0	496
1	37
11	456
0	165
0	241
0	192
2	147
1	482
0	301
0	415
59	171
19	0
0	0
0	0
502	0
0	0
2	13
40	1059
0	900
2	406
0	71
0	16
0	11
0	14
0	20
0	25
1	87
0	21
0	17
6	88
2	0
0	0
0	0
0	0
1	0
0	1684
97	1063
10	2074
1	915
1	651
177	7775
119	6841
27	450
0	3603
18	3601
2	4
4	0
0	0
5	13
0	106
2	25
6	9
8	59
0	80
6	51
1	15
48	37
87	119
0	106
0	122
0	16
0	18
0	66
0	66
0	0
0	0
1021	66
7	66
276	729
4	714
0	202
23	44
0	1245
4	174
6	0
1	127
5	129
3	264
5	555
4	0
0	920
2	236
7	185
0	213
0	94
0	116
1	83
13	34
1	233
0	149
0	141
0	131
0	32
3	15
1	11
142	0
0	2278
3	1278
518	2686
6	104
13	155
0	185
1	143
34	2641
0	0
0	0
0	0
0	0
0	0
73	205
12	205
0	0
0	0
0	0
0	0
2	31
81	516
2	213
0	42
0	72
0	189
8	172
132	1
4	46
0	71
0	77
49	3
11	51
1	112
0	111
0	106
0	106
0	46
0	76
0	17
13	82
4	5
0	11
0	0
0	7
0	22
0	20
0	15
0	12
0	1
0	0
50	0
255	0
80	682
0	9
21	681
0	79
0	7
2	7
1	0
2	1
0	8
326	595
7	600
0	551
0	83
0	45
0	44
3	20
74	22
0	22
0	24
0	27
0	11
0	3
1	0
0	0
1	2810
0	302
0	223
0	179
0	2813
6	31
0	22
1	24
39	98
0	98
0	10
0	326
0	467
0	85
1	90
2	206
9	433
9	417
10	61
2	2926
0	2924
0	2884
0	646
0	877
31	35
34	204
5	595
1	334
0	2695
29	2935
5	0
524	46
1	29
1	17
0	0
0	0
0	0
0	0
0	894
0	893
2	156
11	23
0	0
0	0
0	18
0	12
0	12
0	2
0	2
17	353
0	340
4	305
1	104
0	83
24	8
0	8
0	4
0	12
0	14
0	11
2	1885
3	1676
16	1868
0	1780
304	2078
0	1391
0	162
1	519
0	33
2	318
7	2
707	1696
10	1617
56	81
0	0
0	0
0	951
7	951
1	84
30	78
0	0
0	0
135	486
2	261
3	483
5	134
0	20
0	37
3	29
2	34
1	56
0	60
0	29
0	34
1	56
13	53
1	30
3	63
268	1810
0	145
0	35
0	3
0	3
0	2
0	1
72	145
547	274
0	274
256	1637
0	1616
3	1623
0	259
5	124
2	145
1	82
0	73
0	49
1	172
0	243
13	102
0	299
4	184
2	0
7	2
0	2
38	580
0	166
2	165
0	102
5	43
1	3
0	578
0	1225
0	1237
8	99
0	90
0	291
0	286
2	184
0	140
1	23
4	271
7	271
1	127
4	102
0	52
0	10
0	1220
31	5
3	5
1	0
0	0
28	13
0	12
0	5
18	1132
2	1128
0	1118
1	470
0	786
0	960
0	205
0	624
3	430
2	517
0	1132
0	114
23	1
1	19
0	5
0	1
0	3
3	5
0	11
0	8
0	1
7	4
0	114
1	7
1	7
0	3
0	3
0	0
0	0
0	0
0	0
3254	1750
49	1403
0	724
54	43
138	563
0	55
3	397
0	162
0	228
13	336
8	356
0	0
0	0
0	0
0	139
2	142
0	139
0	142
0	20
16	16
2	149
0	435
0	433
20	441
0	424
0	309
4	29
0	34
0	25
0	35
1	8
1	17
0	0
0	0
0	2633
0	1
0	3638
1	9
0	1
0	1
0	0
0	1
0	1
1	3
7	360
206	0
65	130
80	0
48	141
0	3627
97	835
43	373
0	802
6	131
3	48
3	0
0	0
0	0
0	0
0	0
592	292
4	275
0	156
0	83
72	92
1	5
1	27
0	60
52	0
1	156
2	156
0	7
0	4
0	90
2	125
0	114
13	38
0	26
2	13
28	13
0	10
0	24
1	2
0	114
1387	3
18	3
0	50
0	49
0	50
0	49
0	6
0	9
0	0
1	3
0	50
60	70
0	86
0	74
1682	10904
5	8603
2	5044
4	4354
1	0
33	0
524	55
37	55
0	755
1	730
0	118
24	37
2	308
0	286
0	282
0	190
0	139
2	26
0	28
6	30
0	37
0	11
0	34
0	18
0	6
2	1
6	1337
35	844
6	1238
147	877
0	0
0	0
0	0
0	0
0	0
0	0
0	0
0	0
1	14
0	58
2	58
0	2
0	8
0	42
0	4
0	2
3	9
0	9
0	0
0	0
0	0
0	0
0	0
0	0
0	0
725	705
26	104
2	48
0	67
0	142
0	370
0	38
0	0
0	0
0	0
0	0
0	0
0	0
0	0
0	236
0	18
1	22
0	216
12	242
0	48
0	2
0	198
0	124
2	26
0	231
1	168
6	44
0	35
0	100
0	167
0	149
0	99
1	8
0	29
0	17
0	19
0	14
0	18
0	19
0	15
0	3
0	6
0	168
556	57
1	57
18	4
363	699
7	0
153	699
0	0
0	1
0	1
0	0
0	0
0	0
0	1
0	1
9	416
5	428
13	420
0	399
0	104
97	914
0	93
66	764
0	23
0	181
0	278
6	113
70	1786
204	1786
0	0
0	0
1179	2379
4	2015
0	531
19	1000
0	230
0	13
1	13
0	0
168	0
0	0
237	342
1	183
0	276
0	194
42	38
0	44
0	32
0	76
46	76
1	133
0	62
0	128
0	128
0	128
0	22
0	95
0	48
0	72
2	6
0	3
0	1
0	0
0	0
0	0
0	0
0	0
0	0
52	8
0	0
0	6
0	6
0	8
3292	352
6	352
0	0
1	414
45	414
0	221
56	673
3	272
4	358
33	378
0	4
0	1072
0	1059
0	381
0	244
0	656
0	98
5	302
24	107
10	226
0	94
0	107
0	20
0	0
0	20
0	9
0	20
1	85
1	85
46	462
0	465
0	483
3	421
3	16
131	66
3	51
1	34
0	8
5	4
0	0
0	0
0	4
0	0
0	0
0	0
0	1
0	5
263	2650
16	1098
24	2631
1	109
0	209
0	723
3	25
9	1046
0	290
3	131
6	3
0	210
0	239
0	891
0	842
1	319
0	753
0	689
14	186
0	563
0	177
3	200
20	183
0	75
1	175
0	47
0	173
21	184
355	991
0	991
0	145
0	121
2	619
2	0
0	19
4	4
3	49
0	0
0	45
0	0
0	0
0	0
0	0
11	2400
0	2372
9	2379
2	203
2	467
12	2146
3221	3191
0	448
0	405
6	380
134	34
0	0
23	34
0	11
0	1
0	5
0	0
55	130
4	128
28	2
0	29
0	30
0	28
0	26
3	28
0	10
0	13
2	3
0	18326
1	5471
0	1247
0	10395
6	6718
0	5678
11	3194
14	1242
0	18137
80	16
0	11
0	13
0	10
0	3
205	517
3	517
1	149
41	106
2	49
0	57
0	0
0	0
0	345
0	38
6	58
2	54
0	319
1	326
411	0
0	96
1	52
159	96
0	0
0	0
0	0
0	0
48	384
652	602
4	447
6	41
3	114
0	52
6	16
15	7
0	133
0	88
0	65
0	446
0	564
21	139
0	230
0	427
0	477
0	105
0	129
0	192
0	622
0	2
0	2
0	1
0	1
0	1
0	1
0	1
1	1
62	384
0	162
2	121
1	27
19	0
0	156
0	25
31	0
0	3
1	15
0	3
0	15
2	1
0	115
2	101
21	1098
2	1088
0	864
0	115
1	207
1153	1164
0	183
0	425
2	625
0	449
3	105
0	105
0	5
0	7
5	75
3	42
0	27
0	16
3	30
1	2
0	2
0	1
0	22
1	2
1	15
6	0
0	0
33	3
2	0
0	0
0	3
8	0
0	811
3	499
13	151
1	291
20	37
4	152
0	1013
0	988
0	991
0	252
20	1053
44	1016
5	1017
1	500
321	78
0	78
491	234
0	231
11	172
4	310
0	95
10	312
0	84
0	113
2	310
13	8
0	82
2	68
5	685
80	1179
9	420
15	45
0	68
0	194
17	455
0	196
0	297
0	249
18	32
1	2
0	2
0	2
7	206
4	145
0	108
33	11
0	27
10	4
13	1
0	127
0	79
36	318
2	318
0	59
0	0
0	0
1	0
0	0
0	0
0	0
0	0
0	395
0	408
1	1
0	187
41	18
16	423
31	395
0	279
4	264
35	364
0	884
0	865
295	0
0	0
0	0
0	0
0	0
11	1967
9	2102
0	1991
1	217
1	181
0	202
0	2037
295	2294
12	163
0	522
24	403
1	365
6	12
0	814
0	184
4	230
11	536
53	60
0	56
0	40
7	0
0	0
0	0
0	0
0	0
0	0
0	0
0	0
0	0
4	209
13	209
2	8
0	0
122	1334
0	1334
3	62
0	377
19	103
1	6
0	11
0	38
0	477
16	0
0	443
0	427
4	78
0	454
1	383
0	225
26	218
607	453
0	155
121	0
0	19
0	11
3	13
0	1
8	6
0	0
0	0
0	11
0	11
641	54
0	54
1	602
0	47
135	602
0	0
0	0
0	0
0	0
0	0
5	31
0	4
17	34
0	74
0	50
0	34
0	73
0	323
0	70
8	40
0	415
3	423
336	0
1	129
81	39
296	233
0	217
0	157
0	18
0	151
0	15
0	165
14	0
5	30
0	165
991	0
64	5
0	5
883	305
8	305
0	28
1	65
259	255
0	37
0	245
6	38
0	17
0	17
0	1
0	0
7	17
2	10
85	10
0	0
0	0
0	0
0	0
0	9
1	6
0	1107
0	2198
0	2218
0	9
4	2231
1	0
0	128
0	2087
3	22
0	34
13	0
124	72
0	13
1	117
130	269
2	249
0	81
95	51
0	75
0	0
0	0
0	0
0	2
2	2
0	0
0	0
0	0
0	0
0	25
0	328
0	104
0	319
0	330
3	11
0	11
5	0
114	957
0	533
43	69
0	537
0	12
0	309
0	47
0	17
0	473
0	949
123	888
53	821
0	638
3	634
0	390
0	173
0	2
0	0
0	0
0	0
0	0
0	8
0	5
0	8
0	8
0	8
0	8
41	19
0	19
48	3
25	3
0	0
0	0
0	0
0	0
0	0
0	418
1	0
0	0
0	0
0	0
0	0
0	0
0	0
0	0
243	0
0	0
0	1
0	1
0	1
0	735
0	762
1	84
6	72
8	235
0	125
8	161
2	50
19	1503
8	1519
0	204
0	413
0	214
345	1541
385	0
0	0
0	0
0	0
0	0
157	81
8	12
2	12
0	12
0	55
0	12
10	51
0	2
0	10
0	10
0	0
0	0
0	73
7	63
6	224
713	962
6	721
2341	211
28	211
83	302
0	251
2	102
0	96
0	82
0	0
1083	171
1	171
0	140
98	633
0	35
6	222
11	14
0	1499
46	1476
0	105
75	312
0	1458
642	200
0	200
0	46
0	58
0	34
0	38
0	28
1	18
0	10
0	9
0	15
0	2
36	55
0	0
0	0
672	98
0	98
3	55
0	54
0	12
40	42
0	34
0	25
0	30
0	6
0	21
0	18
7	13
13	0
0	0
0	0
0	35
2	35
0	36
0	38
4	0
0	0
0	0
0	0
27	0
3	32
4	120
0	119
0	1
0	32
0	0
0	0
0	0
0	0
0	0
0	0
0	0
0	0
244	410
20	419
1	9
1	18
5	49
28	14826
2	14386
7	14368
1	8654
0	7423
54	8632
0	7830
0	6255
13	5457
2	6087
0	5257
0	4198
54	1007
384	1007
2	471
19	114
12	0
12	61
0	0
0	0
0	0
0	299
0	201
0	264
0	32
0	268
0	195
15	8
0	268
0	0
0	4
0	8
0	378
0	360
1	58
23	579
10	579
0	182
0	150
0	180
3	112
0	108
3	65
1	24
0	0
0	0
46	409
0	351
0	591
17	848
1407	848
0	0
0	0
0	0
0	0
0	0
0	0
0	140
0	17
877	152
0	0
0	0
0	0
44	470
0	381
29	452
0	0
29	299
7	34
0	69
3	61
3052	61
283	61
0	8
0	77
0	114
0	7
0	119
0	113
0	7
0	112
0	8
0	322
35	322
2	320
0	0
0	0
0	0
0	0
0	0
0	0
0	0
0	0
3	0
2	78
2	42
0	16
1	10
0	68
98	0
0	0
0	0
0	0
0	0
2	71
0	23
0	13
10	6
0	72
182	11
0	176
0	176
0	0
0	0
0	0
0	0
0	0
6	3
0	3
0	2
5	4
0	4
0	2
0	1
3	0
0	0
74	971
1	5
1	5
62	757
0	781
0	379
7	391
0	489
2	527
0	495
0	104
0	228
0	129
125	0
70	1
628	1021
3	244
22	777
0	0
0	0
3	364
1	983
18	514
0	439
4	452
0	254
0	164
0	53
0	80
0	460
0	460
0	15
20	1
18	0
0	0
1	1
0	1
0	0
0	0
0	1
0	1
0	1
0	1
0	0
0	0
0	0
0	0
0	1
0	0
1	761
0	271
0	1734
0	174
1	83
1	711
0	1504
152	0
11	189
0	1730
59	4
1	4
357	439
10	439
0	0
0	0
28	2
0	0
0	0
0	12
0	3
0	5
0	10
1	13
0	17
0	16
0	18
0	29
1	27
7	0
0	22
0	3
0	4
0	2
762	272
1	255
0	191
0	0
0	15
2	0
0	0
0	0
2	15
0	15
1	15
7	184
4	51
4	178
0	26
0	0
5	55
0	35
2	13
9	263
1	16
1	12
0	263
0	250
215	0
103	259
12	235
10	61
4	90
7	65
2	36
13	269
1	260
0	168
0	98
200	8703
0	976
1	8703
0	6
1	6
0	146
31	1248
16	1162
37	142
9	296
30	202
0	177
0	115
533	0
0	2256
2	37
15	228
1	333
1	2093
2	203
0	56
5	299
5	191
9	150
5	2344
0	0
0	2861
0	61
23	3008
0	3000
4	2974
1	59
0	68
0	3085
3	3089
459	0
37	45
0	26
0	45
3	0
29	26
693	61
5	59
67	0
306	0
0	1
0	1
0	0
0	0
0	0
0	0
0	0
1	2
0	21
0	19
0	0
0	0
0	0
12	701
1	131
1	4
0	81
9	701
1	0
2	0
1	26
0	26
0	26
0	26
0	0
0	0
0	4
0	1
0	1
0	0
0	0
0	26
844	71
4	5
4	37
11	29
53	1498
35	1498
0	3
0	3
0	3
0	0
0	2
0	2
4	0
0	0
0	0
0	0
0	0
0	0
0	0
0	5
0	5
0	4
0	0
0	3
0	3
0	3
0	0
17	381
4	85
54	384
0	66
103	46
0	2
0	44
2	22
3	226
0	313
16	373
0	383
16	234
9	65
4	130
66	362
138	199
0	182
0	109
0	181
2	29
0	238
0	0
0	0
0	0
0	0
0	0
2	155
0	155
0	8
0	178
14	81
0	52
0	23
25	268
1	80
52	3
3	569
0	421
7	88
0	4
0	1332
0	1804
0	520
0	168
64	95
10	1906
0	31
0	589
0	3
0	484
0	408
27	1120
1	1130
0	0
0	4
0	3
0	2
5	1
0	3
0	4
0	3
0	3
0	3
0	3
0	3
1	17
0	16
0	5
0	0
0	11
0	16
0	16
2	7
0	7
1	1
1	1
0	301
1	14
0	30
0	301
1	30
2	0
9	4
0	4
0	28
15	44
6	38
0	0
0	0
0	0
0	0
115	431
109	431
12	219
0	0
0	4
0	0
0	4
0	4
0	7
0	7
0	4
0	75
0	31
16	4
0	302
0	175
0	304
97	304
0	0
0	0
0	0
57	4
1	4
8	97
153	138
3	5
0	0
0	4
0	0
0	0
0	0
0	0
0	0
0	1
4	0
0	1
0	0
0	0
1	1
0	3
0	3
0	8
0	3
0	1
0	22
0	0
15	25
0	3
0	1
0	1
0	1
0	0
0	0
0	1
0	84
12	117
0	143
0	116
0	83
0	6
3	112
0	0
2	0
0	12
1	17
0	5
1	1
5	7
0	0
0	1
0	1
445	1247
43	715
23	1189
1	438
0	192
23	106
0	36
0	96
0	59
0	16
0	60
0	29
0	14
0	7
0	36
0	44
1	34
0	26
0	32
0	23
0	17
0	10
0	13
0	4
0	7
0	10
0	4
0	5
128	247
0	247
5	13
1	30
1	20
0	0
0	0
0	0
0	0
0	29
0	2359
17	473
30	2358
5	37
0	0
0	1
0	1
0	1
0	0
0	2
0	1
1	1
0	3
187	245
4	245
5	49
0	30
4	1595
32	1449
15	40
31	135
28	22
0	506
6	491
1	62
0	1595
0	0
0	0
0	0
10	0
381	80
0	0
0	0
7	0
0	0
0	0
0	0
0	0
0	0
0	0
0	0
0	0
194	1055
0	929
0	101
5	108
7	56
0	0
0	0
0	0
0	0
0	0
0	0
0	0
0	0
0	0
0	0
0	0
0	0
0	0
0	0
0	88
2	312
3	272
0	358
0	243
0	183
1	130
6	35
0	110
0	102
110	51
0	21
0	81
2	79
0	19
0	30
2	30
0	0
0	0
0	0
30	11
0	0
0	7
0	4
0	3
0	6514
14	628
74	6618
312	0
845	93
72	6
0	39
0	49
0	0
0	0
0	0
0	0
0	35
36	13
3	13
0	38
0	38
0	35
0	0
0	0
0	0
0	0
0	0
0	6
0	8
0	13
0	3
0	3
2	0
0	0
0	6
0	8
0	6
0	3
0	0
0	10
0	13
0	11
0	39
6	39
0	0
0	2
0	1
5	5
0	0
0	1
0	1
0	1
0	1
0	1
0	4
4	52
5	45
0	22
0	17
0	26
0	24
0	16
0	6
2	321
2	316
0	320
0	273
0	193
5	34
1	27
2	25
0	4
349	1677
0	1374
14	11
0	1219
4	135
0	536
24	40
262	121
0	31
0	101
0	27
0	0
0	0
0	0
0	0
0	0
0	0
19	48
0	46
0	11
3	144
1	142
3	22
0	2
0	0
0	3
0	3
0	3
0	3
0	0
0	2
0	2
0	0
0	0
0	1
0	0
0	1
0	1
0	0
0	1
0	0
0	1
38	706
0	781
2	84
0	677
0	694
0	27
0	51
2	453
3	105
0	27
0	85
0	81
28	293
0	272
132	0
0	0
67	251
16	232
126	290
13	58
58	242
4	38
0	139
0	55
0	79
0	78
1	17
0	56
0	11
0	11
7	479
10	477
0	58
0	0
0	2
2	27
1	33
187	279
0	34
1	70
0	71
0	75
0	67
0	76
0	84
0	35
0	0
0	17
0	4
0	17
0	3
0	2
0	17
1	0
0	0
0	0
0	0
0	8
3	8
0	2
0	5
1	0
0	0
8	0
0	65
1	64
0	65
0	18
0	1
0	2
4	0
0	26
0	10
0	2
0	12
0	4
0	26
810	676
0	543
0	444
1	294
0	70
0	1175
1	1022
0	262
6	225
0	244
0	1107
0	58
0	135
7	19
2	35
5	997
0	118
0	1778
17	1103
1	1778
302	24
74	42
18	0
5	29
12	33
0	0
0	0
0	0
0	0
0	0
0	0
0	0
0	0
0	11
0	1
0	0
0	0
0	0
0	0
0	0
0	0
0	14
0	14
1	353
23	353
1	79
3	280
9	0
4	5
0	5
0	1
0	5
0	4
0	4
0	0
119	87
0	74
1	43
92	15
0	7
566	0
121	356
0	67
15	49
4	247
41	180
0	43
0	171
1	31
0	170
0	32
0	41
0	16
1	17
12	20
0	17
0	61
23	5
2	73
0	96
4	56
3	85
3	61
1	23
20	339
0	388
15	527
2	371
0	207
1	0
0	0
1	1
0	0
0	1
0	0
0	1
0	0
0	0
0	0
7	309
10	309
0	31
0	66
0	66
1	31
0	19
0	7
1	9
1	0
0	0
5	0
0	0
0	0
0	109
0	482
0	186
0	427
0	446
0	144
0	457
1	66
0	229
0	481
0	390
0	432
0	133
5	460
0	178
2	127
2	128
0	131
0	0
0	0
0	0
0	0
0	0
0	0
0	0
3643	2227
0	700
0	1789
0	11
0	11
0	0
0	0
0	0
0	2715
15	2715
28	906
11	92
0	904
0	26
16	0
6	58
1	58
0	15
0	2306
0	2224
0	2060
0	2355
0	2273
5	479
0	384
0	219
21	62
1	122
4	6
5	0
0	1541
4	874
89	551
0	1141
0	121
35	1060
0	61
2	579
0	133
12	943
3	914
13	94
0	89
3	31
0	1098
15	1108
1	29
0	0
0	0
0	0
0	0
0	0
0	0
22	9
23	9
0	0
1186	1871
0	546
66	227
38	510
19	0
1	61
1	1327
8	30
0	65
5	75
0	0
0	0
0	0
0	0
38	3121
3	3121
0	4
0	4
0	0
0	0
2	17
0	17
0	17
4	0
335	813
2	589
7	224
4	0
0	0
0	3
0	1
1	21
21	63
17	63
0	15
4	3
0	53
447	286
0	286
49	308
71	17
60	295
4	57
20	52
0	57
0	68
1	4
0	13
0	5
0	41
0	46
10	67
0	40
0	30
0	34
0	27
72	1715
23	114
11	1254
9	1325
0	1
0	0
0	1
0	0
0	0
33	2
0	4
0	4
0	0
0	0
0	4
0	4
0	3
183	37
6	28
1	21
0	10
0	1
0	412
0	417
0	7
0	417
0	7
0	36
1	366
73	14284
2	14284
4	12357
44	5
0	5
2	157
0	884
0	863
103	275
5	16
1	488
0	136
0	26
16	64
1	34
0	26
0	25
0	14
42	186
3	181
1	69
5	28
11	27
0	79
7	7
0	0
17	23
3	49
1	20
4	4
0	1
0	0
0	1
0	0
0	0
0	0
0	1
0	0
0	1
0	5
0	0
0	5
0	0
0	0
0	2
0	2
0	2
0	2
0	1
0	2
16	0
0	0
0	137
0	98
0	70
0	32
0	4
0	9
0	9
1	5
0	9
0	1
31	38
1	38
66	70
0	70
8	13
0	16
0	31
0	116
1	116
0	1
0	0
68	143
0	101
2	38
0	2
0	8
0	6
1	305
13	225
0	191
8	161
15	2063
6	579
8	147
2	575
0	2050
0	1446
0	1483
0	1486
2	1534
16	801
0	319
0	25
2	26
0	5
0	3
0	8
39	18
0	0
0	17
0	521
0	521
0	0
7	761
3	83
4	98
0	761
0	0
0	0
0	0
0	0
0	0
0	0
6	19
0	63
1	58
0	0
0	0
0	80
0	90
0	90
1	31
0	81
0	87
0	87
0	80
0	81
4	87
0	51
0	17
0	18
0	84
0	88
27	86
0	85
2	75
2	48
0	16
0	10
9	4
32	7
0	7
1	4
0	4
0	0
0	0
0	0
0	0
0	0
0	0
0	0
0	116
4	23
1	106
0	0
14	0
0	1455
0	1451
0	1455
1	144
0	150
0	1497
0	1452
1	134
9	182
2	207
0	164
0	1549
20	1497
5	96
1	177
232	1521
0	3
0	3
0	2
0	0
0	0
0	0
0	0
0	0
0	0
0	3
1550	1337
0	918
47	1179
2	433
9	817
7	920
2	679
0	1092
31	108
4	365
2	730
17	267
221	252
22	30
0	235
2	4
5	252
0	176
2	229
0	20
0	150
0	145
0	128
0	132
2	35
3	18
10	0
0	0
0	6
18	6
0	6
0	0
0	0
0	0
0	2
0	0
0	0
0	0
0	0
0	0
0	0
1015	216
36	208
0	184
6	138
17	1
0	13
9	19
0	10
6	41
2	0
0	19
3	918
38	1010
0	962
0	610
1	151
1	38
4	584
1	1032
0	1211
2	115
0	275
0	19
0	1202
0	1197
0	1181
56	36
1	10
0	16
0	20
0	17
2	6
0	22
10	0
5	5
0	15
39	175
9	0
7	0
0	3
0	11
5	144
0	43
2072	492
0	266
11	351
0	119
0	0
3	104
7	104
123	126
1	91
0	73
0	67
1	8
26	125
22	265
15	1657
45	1794
9	1621
0	1830
5	1317
2	1656
26	262
0	2
0	33
0	2
0	2
0	31
3	33
0	3
0	0
1	211
13	284
8	171
0	286
2	180
8	50
0	85
0	46
3	14
0	34
0	629
12	96
1	574
0	617
0	634
1	114
0	125
0	96
181	0
0	0
1	734
0	25
1	7
1	25
0	694
11	619
2	35
0	17
0	19
0	20
2	18
0	52
0	187
7	442
0	17
1	29
0	0
0	97
11	0
1	80
0	9
0	9
0	7
0	2
308	333
0	331
1	80
6	147
2	0
0	0
0	2
0	1
0	2
0	1
0	1
0	2
0	1
0	0
0	0
0	2
81	20
0	20
1	2
389	103
0	80
7	78
8	2
1	24
0	75
0	0
0	0
0	0
0	0
0	430
2	229
0	288
0	401
0	410
0	332
11	9
13	43
99	89
4	89
70	1
4	0
785	1112
0	1080
11	93
0	602
3	194
0	583
0	357
1	149
2	37
0	1
0	0
0	0
0	1
0	1
0	0
2	0
0	0
0	0
0	0
0	225
1	473
1	462
21	475
7	123
2	131
0	62
54	1021
0	1021
6	125
0	110
5	560
1	19
193	485
28	39
95	23
0	6
0	0
6	5
7	12
0	7
2	7
1	122
5	116
0	44
0	0
3	0
0	0
1	2
0	0
0	0
451	428
1	428
1	122
1	113
0	60
6	68
0	21
2	23
1	7
0	26
0	34
8	41
0	24
0	14
0	64
10	69
0	26
0	13
0	26
0	21
0	8
0	0
0	0
0	0
0	0
0	0
0	0
0	0
0	0
0	0
0	42
0	31
0	25
0	10
0	16
10	109
0	0
1	109
14	0
0	0
0	0
0	21
0	24
0	22
0	8
0	1
376	47
11	43
4	41
8	44
0	35
0	0
3	190
3	603
22	383
16	25
2	190
312	1264
17	185
37	396
0	25
0	1315
7	94
0	5050
0	5066
2	2054
3	2518
78	620
0	451
2	161
12	2031
1	88
3	118
2	186
5	10
2	67
2	2031
1	0
1	185
0	184
8	1
1	0
0	0
0	0
0	0
9	0
0	1
0	1
0	1
0	1
0	1
0	0
0	0
0	0
0	0
0	0
0	0
0	0
0	0
1	2
0	2
14	5
0	5
0	12
0	468
45	3
0	122
0	441
0	93
0	120
1	195
0	35
0	191
11	170
1	81
0	409
0	14
0	200
0	79
0	177
0	96
0	56
0	67
3	79
0	65
0	441
0	435
0	227
0	58
0	0
0	0
3	0
168	0
1922	506
0	213
1	248
0	297
12	0
59	2401
0	2214
1	1689
0	1936
0	2158
2	1673
55	1681
0	1364
2	353
0	466
50	225
0	204
0	0
0	0
0	0
0	0
0	0
2	0
0	0
0	0
0	93
2	178
0	221
0	249
0	125
9	213
4	212
0	56
0	61
0	89
0	106
3	75
38	25
280	269
0	136
0	176
0	276
0	64
19	99
0	54
0	64
0	78
5	0
0	0
3	1
3	68
4	26
0	68
0	68
0	68
0	17
0	26
7	23
0	38
83	174
8	86
0	132
0	0
0	0
0	0
2	0
0	12
0	13
0	1
0	13
4	1
0	0
0	0
0	0
0	0
0	0
801	72
0	56
0	28
0	0
19	144
3	144
9	20
3	40
3	12
81	0
0	0
0	0
0	0
11	1
0	1
0	21
0	0
0	0
1	2
0	20
3	590
0	571
0	104
5	163
0	98
0	140
0	52
0	11
20	336
0	48
0	341
11	22
4	53
0	0
0	486
1	486
6	58
0	30
4	1
0	22
4	2
0	2
2	235
1	330
0	22
0	194
0	321
0	330
183	22
0	3
0	0
0	19
14	63
291	387
0	24
0	347
1	28
1	96
0	117
98	92
6	106
0	31
0	30
0	30
0	31
0	0
0	1
0	1
0	1
0	1
0	0
3	0
0	30
0	0
0	0
0	0
0	0
0	0
28	353
0	353
0	27
2	82
2	182
2	4
0	0
0	8
0	0
1	8
0	8
0	1
0	0
0	8
0	0
0	0
0	8
0	2
0	2
0	2
0	1
0	1
0	2
0	2
0	2
0	2
0	2
0	2
0	0
10	376
3	301
0	323
0	273
2	223
0	225
8	71
0	59
25	26
10	0
2	0
0	0
0	0
0	0
0	0
0	0
0	0
0	0
0	0
1	750
15	1086
0	1
0	1169
0	1
0	1017
169	1083
0	1264
0	1472
0	1774
0	422
28	2
0	237
0	1100
0	1796
0	1758
0	1017
2	1078
0	771
1	248
10	475
0	899
15	112
0	530
0	845
20	418
3	132
0	54
6	185
31	185
0	125
1	27
12	1
208	35
15	15
0	20
113	281
0	281
0	49
1	0
0	0
0	0
149	244
1	162
7	81
3	94
0	72
0	58
0	53
0	50
0	0
0	0
0	0
0	40
161	167
2	27
5	21
2	13
1	22
0	19
0	159
0	15
0	6
0	14
0	8
0	1
0	0
0	2
158	25
29	25
0	0
0	0
0	1842
0	1747
0	78
0	32
0	1681
1	153
0	79
0	79
0	75
0	2
0	19
0	18
0	6
0	4
0	4
0	4
2	0
7	0
0	10
0	10
0	2
0	0
0	4
0	4
0	0
0	0
0	0
0	0
0	0
751	929
0	929
1	78
1	1247
7	0
0	238
0	1247
0	26
0	0
0	0
480	169
2	52
0	64
4	53
0	45
0	12
0	264
0	263
0	27
0	20
1	6
1	88
1	10
1	36
0	21
0	18
0	1
0	1
0	1
0	1
0	0
0	0
0	0
201	691
117	426
0	661
0	479
0	123
0	117
0	183
1	186
0	188
367	32
45	251
0	236
0	251
0	282
1	273
0	25
5	271
2	9
0	0
0	51
0	5
0	0
0	0
0	0
3	0
211	0
5	54
0	54
4	54
0	54
0	31
0	25
21	9
0	33
0	18
4	0
34	254
0	254
53	1317
4	644
13	283
0	1228
0	849
0	0
0	83
0	83
2	4
0	7
19	6
0	1
3	259
2	252
0	260
0	37
1	74
0	45
2	35
0	2
0	2
0	0
0	0
0	0
0	0
0	0
0	104
5	114
0	114
2	114
0	112
0	34
0	11
0	216
0	188
0	216
0	0
0	20
0	42
2	36
0	0
0	12
0	12
0	31
0	28
0	20
0	33
0	0
0	0
0	0
0	0
0	0
1	25
0	39
6	185
0	158
2	3
0	0
0	6
0	8
2	7
0	164
0	0
0	0
0	0
0	0
0	0
0	0
0	0
0	0
0	0
48	754
0	754
0	188
1	67
16	33
2	136
0	6
0	6
0	0
0	0
6	115
1	115
0	17
9	26
2	19
7	437
0	60
0	80
0	82
0	410
27	99
0	358
0	104
5	168
15	218
0	107
20	3246
0	3246
14	3243
6	170
14	143
0	575
0	94
1810	0
0	0
0	0
0	1
0	1
22	1
1	1
0	0
26	158
0	156
3	150
0	0
115	58
0	44
0	47
34	34
0	33
0	20
0	4
0	5
0	10
0	0
78	640
36	635
0	22
5	102
119	102
0	1
1	1
0	0
0	0
0	0
194	379
1	335
1	294
4	44
5	8
0	2
0	1
0	2
0	1
0	0
2	0
0	0
0	0
0	0
0	0
0	290
0	308
3	74
0	84
14	94
6	119
25	1329
4	96
3	1328
18	57
0	103
9	142
3	32
0	55
0	48
0	4
0	5
0	6
0	0
0	1
0	5
0	0
0	0
0	13
0	13
0	12
0	12
0	1
0	11
3	0
0	446
58	459
0	225
0	49
0	17
3	8
37	21
0	449
12	318
0	265
0	356
0	10
0	54
6	26
0	41
0	152
0	32
4	19
1	4
0	15
399	109
4	109
0	0
0	0
21	4690
1	511
2	318
14	393
578	4730
5	4
12	4
0	0
0	185
2	137
0	113
2	34
0	0
0	0
0	0
0	0
0	0
0	0
1	0
0	0
0	0
0	0
220	684
1	684
0	78
256	505
0	449
0	56
5	311
0	92
11	312
4	61
0	0
0	0
0	20
16	48
1	25
0	38
1	23
0	0
0	0
0	0
0	344
0	343
0	189
0	338
0	205
0	12
30	295
1	433
7	340
7	301
72	21
3	21
0	3
0	3
0	1
0	0
37	0
2	0
0	0
0	0
0	0
0	0
0	0
0	0
0	0
277	110
0	12
1	72
0	59
0	0
9	104
1	104
0	104
0	40
0	0
0	0
11	627
2	609
0	63
0	66
0	92
235	1226
0	1194
0	25
5	149
1	57
0	0
0	0
0	0
0	0
0	0
0	0
0	0
1	0
2	0
0	0
0	0
0	0
0	0
0	0
0	0
0	0
0	0
11	0
0	0
0	0
0	0
0	0
1	0
274	0
4	0
310	0
2	0
0	37
3	33
0	8
3	7
0	2
0	3
22	202
0	37
0	202
3	2227
22	2152
4	304
37	568
15	121
6	202
0	1472
85	1671
0	1819
99	2985
0	47
1	139
3	139
2	0
1	0
0	0
0	0
0	0
0	0
0	0
0	0
0	0
11	169
24	169
12	0
0	0
0	0
0	0
0	0
0	225
0	241
0	73
0	78
0	55
1	69
0	64
0	33
0	39
0	26
2	0
1	226
4	0
5	0
4	0
212	120
2	79
0	23
0	41
72	19
0	15
0	14
10	14
0	1
0	5
0	0
0	2
0	2
124	324
0	106
9	0
0	325
1	316
16	90
3	124
0	64
2	240
24	48
0	213
0	158
0	152
0	103
4	27
21	26
0	145
1	68
0	0
1	0
0	0
0	0
0	0
0	0
83	0
4	0
0	0
0	60
3	61
3	41
0	44
3	48
0	50
0	0
0	5
0	5
0	1
0	1
0	5
0	0
0	0
0	0
1	77
2	77
0	32
0	9
0	51
31	51
4	40
0	0
0	0
1	5
3	5
0	0
0	0
12	659
0	312
0	430
0	177
0	453
0	156
0	428
0	369
0	0
0	0
0	0
0	0
0	0
10	20
2	17
0	15
0	13
0	9
0	21
1	19
0	3
3	341
0	16
39	303
0	48
0	342
718	108
3	108
572	1194
2	465
0	320
0	867
4	245
0	301
0	0
0	0
3	54
0	32
1	10
0	44
45	58
1	44
21	21
1	1
0	1
0	433
0	806
6	835
0	458
335	888
24	15
16	2
254	536
7	536
20	484
153	404
7	115
0	353
1	319
0	319
0	172
0	32
0	242
2	0
778	421
2	328
0	314
0	312
0	269
1	24
0	384
10	747
1381	747
8	375
0	116
0	455
0	441
1	181
0	245
3	207
1	46
0	1
0	1
0	0
0	0
0	0
0	0
0	0
0	0
11	137
0	748
18	806
9	802
0	876
1	879
5	78
3	188
0	0
11	0
0	0
8	0
0	0
0	0
0	0
0	0
0	0
1	0
497	351
6	326
2	14
1	147
2	36
0	49
5	71
7	42
1	19
0	0
0	0
1	2
0	6
0	6
0	2
1	4
0	3
0	0
6	0
185	955
2	617
6	47
1	260
9	258
15	12
0	8
0	21
0	14
0	15
0	2
0	3
0	1
0	23
1	47
3	48
0	13
0	7
0	1
0	1
0	1
0	4
0	0
0	0
0	0
0	0
0	0
0	0
6	0
1129	2531
4	2467
0	579
5	67
0	193
19	68
0	57
9	36
6	45
0	51
0	56
0	68
0	59
0	44
0	47
0	41
0	14
0	9
0	68
578	1665
0	1004
0	201
0	86
0	62
3	103
2	89
0	64
2	63
0	129
0	44
6	409
47	42
18	119
0	215
105	176
0	152
0	134
0	519
22	157
0	523
3	131
44	489
0	499
0	143
8	139
27	523
7	0
0	45
5	47
0	4
5	214
0	213
0	201
0	178
0	21
0	15
1	24
8	16
0	1498
15	68
28	320
0	320
0	1312
0	0
0	1203
2	77
5	27
12	1487
2	52
11	119
1	61
0	61
1	4
2	43
2	27
2	5
0	21
1	16
0	0
0	0
0	0
0	0
0	0
0	0
0	0
5	70
0	35
0	39
0	71
0	67
1	70
0	26
0	22
0	39
84	2476
0	2476
3	178
2	193
1	135
2	0
0	0
4	0
144	219
8	96
0	0
0	0
0	2
0	0
0	0
0	0
0	0
0	0
886	908
4	448
11	672
0	601
1	313
4	272
1	272
0	0
0	0
0	0
0	0
0	0
0	0
0	0
0	0
0	0
0	0
0	0
0	20
0	73
0	13
29	114
74	45
0	4
0	47
0	47
3	70
3	0
0	0
0	0
0	0
1	27
0	58
44	203
0	24
0	53
0	18
2	113
53	72
0	902
14	223
31	1277
162	1064
2	86
0	223
8	793
0	175
68	63
10	75
13	22
0	53
0	82
0	83
0	902
0	0
27	1
7	29
68	192
1	183
1	63
0	2
0	2
0	0
0	0
0	0
0	0
0	0
0	0
0	0
0	0
0	0
0	0
0	132
116	141
3	33
0	4
532	0
325	14
42	14
0	0
0	3107
0	2202
6	199
0	1634
5	2759
4	244
6	277
1	289
0	370
0	152
70	925
0	177
0	1050
0	111
0	166
0	178
14	825
0	77
25	673
12	82
8	97
108	370
0	136
0	3099
0	1652
0	0
0	22
0	27
0	20
0	0
0	12
0	4
0	15
0	20
0	21
0	16
74	23
2	18
0	5
1	2
0	1
0	1
0	1
0	0
0	0
0	0
0	2
85	869
2	212
25	793
0	104
1	181
12	360
2	0
2	364
0	109
0	94
0	0
0	0
0	0
0	436
0	427
2	429
0	450
0	458
7	112
0	9
0	29
0	4
0	0
1346	113
0	113
86	0
10	32
4	54
143	61
1	18
1	0
0	30
0	7
0	19
4	929
12	123
6	94
0	859
0	212
8	838
2	151
42	1189
0	1369
2	185
2	589
2	1250
0	185
0	232
0	448
0	393
0	388
0	487
0	505
14	163
0	6
0	10
0	0
0	0
0	0
0	0
0	4
0	0
0	0
0	0
427	245
3	73
4	171
10	76
3	0
0	0
0	0
0	0
0	0
0	0
0	0
1	372
0	0
0	136
0	0
0	364
0	1
0	1
0	0
0	221
0	0
0	0
84	2071
15	2051
0	710
0	20
0	0
0	0
0	0
0	0
0	0
0	0
0	0
0	0
0	0
0	0
0	0
0	0
0	0
0	0
8	23
6	16
0	100
3	81
3	15
11	15
0	96
0	0
0	0
0	0
0	0
0	1058
1	280
0	312
5	6
9	0
2	140
41	1073
0	1055
4	1093
27	1543
0	1329
1	0
14	53
2	1628
0	0
0	0
0	0
0	0
0	0
0	0
0	0
43	3
0	3
0	0
0	0
0	0
0	3
0	3
0	3
0	3
270	57
2	43
0	17
2	2
0	0
0	3
0	264
71	260
3	185
20	120
0	49
12	0
0	0
0	2160
20	2038
1	152
36	388
0	0
0	391
0	304
7	55
80	195
0	148
1	96
3	18
7	142
222	197
0	154
3	72
103	122
48	425
6	5
3	412
0	140
0	14
0	11
0	16
2	26
0	0
0	0
0	0
0	0
2	26
0	4
0	21
1	18
0	7
0	1
1	0
0	2
0	0
0	0
0	0
0	0
0	6
0	6
0	0
0	0
0	3
0	3
0	3
0	0
0	0
0	0
0	0
0	0
0	0
0	0
0	0
1	0
4	27
38	185
0	185
0	164
91	923
2	755
2	752
94	168
0	3
3	4
1	1
0	115
0	17
0	165
0	205
1	13
0	28
0	3
0	3
0	1
0	83
0	3
0	147
11	12
36	45
10	54
0	0
0	0
0	0
9	0
0	182
0	203
0	189
0	41
0	19
0	21
71	43
0	12
5	23
0	19
8	44
0	0
0	0
2	93
97	101
0	1
1	7
105	22
1	22
1	0
0	0
0	0
0	0
0	0
0	0
0	0
33	66
6	164
21	162
0	170
1	24
29	941
0	947
0	941
0	109
18	143
0	10
1744	192
8	192
0	35
2	1539
1734	1738
0	230
6	35
3	102
0	0
4	5
1	17
0	14
3	3
4	3
0	0
0	5
2	1
86	131
4	89
0	0
0	3
0	3
0	3
0	0
0	1
0	0
0	2
0	2
0	1
0	1
0	1
0	0
0	0
0	0
0	0
0	3
0	3
0	3
0	3
0	3
0	0
17	157
153	862
0	68
9	195
66	338
0	181
4	172
0	641
0	1655
9	1516
0	1433
0	722
0	654
0	430
0	201
4	251
0	238
0	53
0	37
0	217
4	52
2	87
6	16
0	0
0	0
0	0
0	0
13	3
1	0
0	0
0	0
0	0
0	0
0	0
0	0
0	0
0	0
0	0
0	0
0	0
0	0
0	0
0	0
0	0
0	0
0	0
0	0
0	0
943	36
15	36
58	346
0	328
0	350
20	81
0	0
0	0
0	0
11	46
100	768
0	19
0	768
0	151
0	698
7	2
2	141
0	175
0	85
20	0
0	0
38	13
0	3
0	10
1	0
0	0
0	0
0	0
0	0
0	0
0	0
0	0
0	0
0	21
0	17
0	21
278	0
0	0
1498	193
2	193
0	0
0	0
0	0
0	0
0	0
0	0
0	320
0	330
10	119
2	97
4	69
0	48
3	66
1	16
0	0
0	0
0	0
0	182
0	199
0	19
0	31
0	1
1	1
0	1
0	0
0	0
0	0
0	0
0	0
0	0
0	0
0	1270
8	1270
61	1270
0	1085
1	747
1	134
0	168
9	279
0	157
3	83
0	37
16	20
0	1264
5	0
0	0
4	2313
0	2313
0	2012
3	56
0	112
10	87
3	37
0	224
2	159
0	2311
0	1320
0	3
0	0
0	0
0	0
0	0
0	3
8811	1694
84	34
10	672
0	823
20	876
0	16
0	16
0	1
0	16
0	16
1	735
0	751
0	412
2	410
0	85
0	60
0	22
69	23
0	0
2	111
111	137
0	52
1	29
3	40
0	110
0	71
1	114
0	12
0	12
0	10
0	356
1	384
6	255
19	190
0	53
0	0
0	0
0	0
4	0
0	0
0	0
400	317
29	0
110	317
0	161
2	36
0	4
66	36
20	257
15	257
121	0
0	11
1	12
0	2
0	3
0	0
0	0
0	0
34	583
0	959
0	1177
0	49
0	14
0	5
0	1
0	1077
815	0
0	0
0	0
8	944
0	939
8	892
0	936
1	571
0	163
2	221
23	179
2	19
0	1
0	1
0	0
0	0
0	0
0	0
0	0
0	0
0	0
3	0
0	0
0	0
0	0
0	0
0	0
0	0
0	0
0	0
0	0
0	62
3	21
0	49
1	60
288	163
0	70
0	77
2	63
1	85
26	9
4	64
0	8
0	64
1	6
0	98
4	401
10	374
4	401
2	366
0	0
0	0
0	3238
1	1699
0	3381
0	3205
4	673
0	2801
13	701
0	1560
0	1581
0	1894
0	2150
0	2129
0	2180
0	2178
0	1953
0	1882
0	1880
0	2002
0	1931
0	1901
11	437
4	245
46	329
8	196
3	300
8	397
135	92
399	0
35	2194
0	8519
0	5687
0	8349
168	8262
578	7578
4	568
0	1
0	1
0	0
0	0
0	0
53	421
14	372
0	368
0	56
3	109
0	23
0	79
287	28
0	27
2	8
1	155
54	719
0	691
33	125
12	687
0	92
0	579
0	150
0	88
12	4
0	208
26	132
0	135
0	98
0	18
0	1
19	1
0	1
0	0
0	723
50	3624
0	3129
1	2888
0	2128
6	613
10	375
0	604
11	1523
0	582
4	7
21	196
9	0
0	0
0	0
0	0
981	162
3	40
4	122
0	0
0	0
0	0
0	0
18	392
0	392
2	33
5	87
2	61
0	0
0	0
0	0
0	0
0	0
0	0
0	0
0	0
0	1
0	1
0	0
0	0
10	394
420	389
12	55
0	86
1	51
7	351
458	679
0	420
0	394
0	255
49	30
65	785
0	631
0	1254
0	622
0	672
4	541
0	1252
0	0
0	0
0	0
0	0
1	0
0	652
0	641
0	605
0	6
17	60
10	305
1	49
0	75
0	38
0	9
501	446
0	312
2	171
0	120
12	31
0	93
2	65
2	36
66	222
70	196
16	49
0	53
0	1
0	18
0	18
0	0
0	0
21	0
2	1
0	1
0	0
0	0
0	0
0	0
0	0
0	0
0	0
1	69
4	82
0	17
0	33
0	14
0	0
0	1
0	1
1	66
0	7
3	0
0	66
0	367
1	375
0	386
55	216
2	3
1	63
0	62
0	61
1	37
0	393
7	95
4	168
2	305
23	155
0	132
150	0
336	180
6	174
2	102
0	0
0	0
1	0
55	0
7	88
12	50
1	1
0	95
1	95
2	35
0	94
0	6
0	8
2	128
2	185
0	180
4	179
12	66
0	36
0	43
0	19
0	33
6	1
0	1
0	0
0	0
0	0
0	0
0	0
0	1
0	11
0	11
0	1
0	1
0	6
2	554
0	0
243	247
30	87
1	87
0	331
0	303
0	336
6	331
27	392
0	28
0	139
2	30
7	111
0	0
0	0
0	0
8	0
0	0
0	0
0	0
0	0
2555	0
223	315
0	305
1	38
448	657
0	13
0	332
0	332
46	332
0	236
0	221
2	222
3	534
0	495
5	495
0	534
0	0
0	0
0	0
421	1029
1	193
7	343
0	960
0	211
31	448
0	4
19	605
6	69
32	256
0	104
2	51
1	0
1	1
0	1
0	1
0	1
0	1
36	92
2	63
5	16
0	51
0	26
18	26
13	0
0	0
822	589
38	255
0	179
0	123
1	111
74	48
7	48
0	1
0	1
8	2248
2	2245
0	1255
13	248
0	1935
0	478
0	54
0	49
52	58
0	3
0	3
0	3
0	3
28	37
0	33
1	30
0	7
0	7
1	5
0	8
0	3
0	5
0	1
0	0
0	0
0	0
0	0
15	0
0	0
0	0
0	0
1	0
0	0
0	0
0	0
1	3
0	0
0	0
0	0
0	0
0	0
340	576
9	321
14	504
2	228
23	324
2	100
0	152
1	0
15	0
10	843
62	104
1	27
10	555
10	307
1	741
0	0
5	115
6	76
0	55
2	77
3	13
0	0
0	0
0	0
10	367
3	367
8	1
0	0
0	0
0	0
0	0
0	1303
0	1303
10	481
14	464
0	189
0	213
0	567
0	662
19	662
18	2
0	108
4	108
0	45
0	1
0	1
2	4
0	4
0	0
0	0
0	0
0	0
0	7
0	7
2	0
0	4
0	2
18	146
0	146
27	132
0	132
0	146
151	957
10	370
0	491
0	88
18	0
22	85
16	137
1	169
1	173
0	138
27	56
13	52
0	231
6	110
0	95
14	5
0	80
5	180
196	384
0	40
0	17
12	339
1	2
0	0
320	5
0	5
0	5756
14	5584
19	4640
3	783
27	256
0	885
16	105
0	395
0	0
0	0
96	131
0	127
0	70
0	22
0	69
4	954
3	961
8	945
0	1036
2	188
2	243
1	81
0	100
0	37
3	64
0	46
0	84
0	53
0	79
0	73
0	47
4	46
0	55
0	28
10	21
0	0
2	99
1	97
0	98
0	97
25	97
0	93
24	986
32	787
2	934
0	986
0	909
4	280
0	539
4	81
1	194
7	152
0	56
0	0
14	143
3	110
0	144
0	55
0	39
0	10
0	44
1	24
0	0
0	0
0	0
0	0
0	0
0	0
53	0
0	0
0	0
18	8
0	5
1	3
0	0
0	0
0	0
0	53
31	119
0	66
0	0
0	0
75	86
4	22
0	64
2202	608
115	42
15	187
71	107
18	74
4	198
0	722
6	224
0	112
0	726
0	135
0	613
17	683
2	12
12	40
0	97
40	429
2948	0
5	11
0	9
0	2
0	2
0	0
0	0
0	32
11	367
1	365
0	333
0	130
0	0
4	687
0	453
2	262
5	445
3	497
4	177
0	709
0	702
0	24
6	61
0	251
0	63
4	37
0	77
1	87
0	30
19	60
0	53
0	40
0	35
0	32
0	20
0	36
5	32
0	32
0	14
0	9
0	8
0	14
1	5
0	20
1	0
0	0
0	0
0	0
0	0
0	0
0	0
1	0
0	0
10	0
0	0
0	0
177	480
2	460
0	360
1	57
0	479
0	0
0	0
0	0
0	0
0	0
0	1
0	1
0	0
0	1
0	1
0	2
49	130
2	130
36	0
0	0
0	0
0	0
0	1310
27	1041
857	1283
0	2
0	2
0	2
0	2
0	1
0	0
0	0
0	0
0	0
11	474
3	434
0	653
1	1113
0	690
0	40
0	27
5	27
0	710
3	638
0	647
27	0
0	724
0	653
1	457
73	179
0	715
0	678
3	238
0	244
0	246
0	13
0	6
0	4
38	3
0	2
0	0
0	0
0	0
0	0
0	0
0	1
0	0
0	1
0	0
0	0
33	0
0	0
11	0
0	0
0	0
0	0
0	46
0	49
0	44
8	2
2	45
0	46
0	17
0	24
0	16
2	0
1	0
2	0
0	0
0	8
5	8
1	8
0	1
0	2
0	0
0	1
0	0
2	0
430	0
447	779
0	773
8	148
7	61
5	73
0	249
7	156
5	0
0	0
0	0
0	0
0	0
0	0
0	0
3	0
4	33
37	184
56	165
0	178
2	167
10	13
0	22
20	0
752	0
15	637
0	173
4	619
0	619
0	115
0	178
1	6
0	6
0	3178
0	5238
11	2679
0	4735
13	1297
0	2779
0	4204
0	4500
0	4472
0	2237
3	4241
17	5183
0	2704
0	3584
0	2972
0	3466
0	2185
0	1867
0	1962
3	2122
0	2371
0	2099
0	1542
0	1286
0	2315
0	1100
6	1591
0	2356
10	339
67	291
14	1012
0	0
0	0
0	0
0	0
185	62
0	62
16	0
0	0
0	0
0	0
390	362
236	331
2	341
0	82
0	47
0	47
0	48
1	37
0	0
0	0
131	457
27	96
75	66
4	34
0	417
0	75
1	1
0	313
3	0
0	0
0	1197
65	404
0	1161
0	174
0	1164
0	1197
0	2
0	0
1	9
0	0
341	3205
150	3010
32	419
3	1388
0	1056
0	191
0	894
0	0
0	0
0	0
0	0
10	85
0	160
0	152
0	93
0	151
0	147
0	116
0	33
1	47
38	0
0	0
0	0
0	0
0	0
0	0
0	0
0	533
0	97
0	533
0	152
0	152
0	122
0	128
1	93
0	39
0	39
2	16
0	5
1	2
0	1
0	0
0	0
0	0
1	0
0	0
1	0
2479	682
1	638
2	526
13	35
0	32
25	44
0	0
0	0
0	0
461	77
0	77
0	0
9	337
1	0
0	183
12	154
71	597
5	420
4	558
0	213
0	0
0	6
0	3
0	2
0	6
0	6
0	1
365	1033
10	1033
1	0
0	0
0	0
0	0
0	0
0	0
0	0
0	0
0	0
0	0
0	0
23	1705
0	4654
0	4519
13	360
0	1194
2	2700
0	311
7	1875
6	58
1	96
0	2848
28	448
3	306
0	105
0	95
2	44
1	315
0	46
2	691
0	716
119	536
0	514
0	353
4	277
0	96
0	136
23	123
0	78
0	80
6	49
1450	62
2	17
2	45
0	747
0	761
5	86
0	101
2	354
0	315
0	329
2	61
11	158
0	63
2	1
6	64
4	43
0	90
0	107
9	49
2	61
0	36
0	2
1	2
1	0
0	0
0	0
0	0
0	0
0	1875
0	1793
0	86
453	1954
2	1877
1	1248
23	757
14	145
11	124
0	292
17	91
42	229
0	296
7	4
0	286
3	96
0	188
0	201
16	0
3	0
0	1
0	1
10	23
0	23
0	236
0	249
0	124
0	13
2	13
0	7
0	1
0	0
6	500
2	498
99	2
0	133
0	11
585	562
4	292
37	339
0	65
12	58
7	110
0	0
0	0
0	336
0	334
2	91
0	244
0	327
0	33
3	46
4	25
0	73
0	113
15	74
0	34
0	8
1	8
0	0
0	0
0	0
0	0
0	0
0	0
0	0
0	1
0	70
0	72
0	9
0	6
0	46
0	0
0	0
0	146
0	133
9	6
0	43
0	39
12	128
0	79
0	54
0	12
0	19
28	4
11	107
1	107
0	283
0	268
0	284
0	266
6	28
0	1494
4	1350
9	132
85	1323
2	444
2	354
55	1308
37	56
0	37
1	30
0	21
6	2
0	20
0	0
0	0
0	0
0	0
81	410
3	287
23	223
0	87
0	87
1	90
0	3
910	114
2	0
2	11
0	103
0	0
0	0
0	0
0	0
0	0
0	0
0	0
0	0
0	0
0	0
0	0
0	0
0	0
9	0
25	435
59	139
4	435
1	9
0	32
0	95
0	400
35	0
0	91
1	109
38	53
0	389
0	52
26	301
4	0
0	0
0	7
0	1
0	0
0	6
0	6
0	7
0	0
0	102
0	233
3	0
0	202
0	5
0	169
0	288
9	195
0	20
14	106
0	6
0	117
0	102
0	273
0	0
0	8
0	8
0	0
1	0
0	0
4	46
0	46
187	596
10	117
0	520
12	162
40	7
0	411
2	180
0	590
0	589
0	625
0	624
0	609
1	379
0	368
0	341
0	286
0	98
0	95
0	80
10	54
0	20
0	15
0	3
0	445
1	442
0	189
0	96
0	247
0	0
0	0
0	0
0	0
0	0
0	0
0	0
0	3
0	1
0	1
0	0
0	1
0	3
0	762
0	745
1	603
0	601
0	361
0	117
136	126
0	0
1	357
7	95
0	273
18	218
0	33
1	83
0	428
19	49
0	221
1	92
16	212
0	72
0	222
1	54
20	492
0	294
0	197
0	190
6	155
0	0
0	0
0	21
0	10
0	20
0	21
2	21
0	41
0	14
0	38
2	38
0	41
105	244
50	224
54	148
0	70
0	21
0	22
595	361
3	361
21	111
54	160
0	110
0	79
4	79
8	35
1	35
0	12
0	0
0	0
1	0
0	0
0	0
0	4
6	4
9	112
1	72
2	122
0	112
5	48
3	26
0	44
0	66
0	12
0	14
0	26
0	13
0	7
0	14
517	188
0	171
34	0
3	115
3	113
0	32
4	8
2	17
22	2
0	120
895	214
10	195
0	7
1	286
688	503
0	479
13	285
0	291
14	110
0	116
0	160
0	93
0	94
5	23
3	8
0	37
1224	43
0	43
1	6
0	6
0	1
0	0
0	0
0	1
0	0
0	1
92	44
1	44
1	66
0	66
1	0
4	0
1	0
0	0
102	0
0	111
1	96
6	114
24	114
0	36
0	20
0	5
0	5
0	97
183	700
8	108
17	465
0	335
2	608
0	222
2	145
5	5
0	1
0	1
0	0
0	0
0	0
0	0
0	0
0	0
0	0
0	0
0	0
0	0
0	0
14	29
1	40
34	386
586	475
38	461
6	66
2	372
0	128
6	128
1	74
1	73
35	375
13	73
0	99
0	127
0	62
25	29
0	29
0	19
0	19
0	0
4	11
75	14
3	0
1	344
0	49
0	61
0	37
18	48
0	388
0	151
0	115
8	83
0	71
0	0
0	834
298	834
12	722
4	311
1	155
0	203
1	245
2	112
0	289
3	1134
8	1060
1	1052
0	156
12	1331
28	445
0	9
0	744
85	191
0	493
0	115
0	35
6	60
6	494
4	495
2	224
4	224
0	0
0	0
56	549
0	181
0	409
16	443
4	89
0	335
5	159
0	155
16	2
787	64
0	533
0	181
0	110
0	546
0	494
985	1105
1	89
0	103
50	103
5	943
11	38
11	726
2	155
8	49
3	140
81	226
0	0
0	0
0	169
0	25
290	456
0	407
130	0
0	684
14	684
0	659
0	175
0	40
0	41
0	46
0	22
6	67
0	60
0	79
3	79
0	70
5	99
0	16
0	140
2	0
0	869
1	849
1	868
0	717
6	147
0	111
0	0
0	449
0	214
1	138
0	409
9	75
0	87
0	4
0	37
0	0
0	0
0	0
0	0
0	59
0	1
0	0
9	1
0	3
2	3
0	0
8	0
19	0
1	474
3	476
0	545
0	0
0	17
35	479
0	543
0	0
3	0
1	2
1	2
158	10977
450	1177
0	10977
74	7598
191	428
63	177
746	1096
7	106
11	303
3	244
4	330
0	113
2	327
3	329
36	193
0	35
2	2
1	318
0	136
0	38
0	7
4227	3988
2	3988
0	1453
0	184
17	375
0	342
0	206
2	131
4	393
0	101
0	175
1	76
0	173
0	35
291	0
0	0
0	0
0	0
0	0
0	0
0	0
0	0
0	0
0	0
0	0
0	0
0	0
0	0
0	11107
10	8652
0	11470
444	11168
1	9634
0	0
0	0
0	0
0	0
9	223
0	140
0	59
0	240
1	29
0	240
20	176
2	307
0	307
0	269
2	73
1	109
0	4
3	2
3	260
36	59
0	62
0	241
0	102
0	12
0	12
0	10
0	4
0	0
0	1
0	74
39	308
0	74
7735	3390
82	1403
59	1052
6	387
12	1028
261	211
8	337
0	0
0	0
0	0
0	0
0	0
0	0
0	0
0	0
0	0
0	0
0	3493
1	1885
0	3223
0	635
0	299
5	200
3	5
0	378
0	2875
0	2874
12	3774
0	3780
0	235
22	106
69	1159
17	1159
47	111
1	116
0	31
0	31
398	39
0	35
5	25
0	11
0	0
53	298
0	328
12	257
0	5
0	5
0	109
2	109
0	107
1750	663
94	438
65	197
1	189
2	353
2	3
0	2
0	0
0	1
14	16
0	11
0	2
0	5
1	1
0	0
11	33
0	33
0	11
8	960
235	3739
0	3735
1	1
0	1
0	0
0	1
0	0
0	804
19	811
3	39
3	12
58	0
59	363
0	275
5	307
0	170
0	107
0	165
0	100
0	86
6	69
9	43
3	0
2	46
0	2
3	12
0	33
0	25
0	0
0	25
0	11
0	0
7	2
1	48
0	89
0	0
0	0
0	0
0	0
0	0
0	0
0	0
0	0
0	0
0	83
2	83
14	12
0	80
0	218
0	111
0	229
6	199
1	293
0	312
0	324
0	298
59	10
0	218
0	50
0	303
5	30
0	24
0	72
8	108
0	116
0	46
0	48
2	95
0	50
0	90
5	90
181	162
0	65
0	27
0	146
0	125
0	119
39	389
0	321
0	74
13	62
0	71
0	75
2	256
1	13
0	292
37	235
1	179
0	235
0	30
0	447
0	215
0	141
0	0
0	0
0	418
2	203
0	375
12	94
1	66
2446	579
1	366
0	213
0	2
0	2
0	2
0	2
0	2
2	146
39	276
0	39
74	346
0	7
20	564
112	225
8	422
1	263
0	320
19	257
4	14
6	109
0	13
0	3
757	301
0	164
3	158
1	73
0	1297
1	63
2	24
0	389
0	233
0	88
7	5
0	51
0	31
2	156
0	42
13	2
6	0
0	203
1	17
1	1283
0	0
0	0
34	66
14	44
111	1783
512	1707
15	1753
0	118
3	141
2	165
0	1
0	2
0	0
0	2
0	0
0	2
0	3
0	1
0	5
0	3
0	2
0	5
16	4
0	6
0	3
0	5
0	3
0	2
0	2
0	0
0	2
0	0
0	0
0	6
0	6
0	0
2	0
0	51
0	70
0	70
3	17
0	0
0	0
0	0
0	0
0	0
0	0
0	0
0	0
7	447
15	454
0	41
1	1
0	1
23	251
0	36
0	176
1	670
0	657
0	576
11	127
43	35
0	0
0	1
3	1
0	1
0	1
2	11
1	0
9	11
0	1
0	1
0	1
0	0
0	0
0	0
0	0
0	0
128	744
2	178
2	209
22	116
0	8
79	16
6	416
0	415
0	294
67	184
2	86
0	176
25	24
75	1
0	0
0	0
0	137
0	74
10	60
251	0
5	1356
1	1458
331	1400
0	277
0	251
1	136
0	161
0	14
0	1
0	0
0	0
0	628
0	559
5	118
23	122
0	219
0	193
0	173
0	164
0	156
0	114
9	136
0	204
0	125
0	72
0	53
0	23
0	204
0	0
59	57
22	54
30	177
4	107
34	68
2	44
0	29
1072	1509
2	1509
0	0
0	0
0	0
0	0
0	0
0	0
0	0
0	0
0	0
0	0
899	195
4	59
4	141
3	61
3	59
0	93
0	154
0	154
0	342
2	83
0	322
0	8
0	0
0	8
10	71
160	71
0	0
0	10665
0	9553
269	7507
1	1661
0	819
1	1238
5	4418
0	1888
14	1850
0	1378
0	802
0	558
9	456
1	4
104	172
5	0
1	4
0	168
4	22
7	0
14	5
0	14
0	7
1	96
0	25
0	226
0	114
0	370
0	30
0	100
0	314
0	340
29	201
55	7
0	136
0	394
15	95
0	350
0	0
2	381
75	0
0	181
37	57
0	129
7	93
13	259
34	426
13	295
4	272
5	62
63	43
3	58
0	28
1	10
1	41
0	0
0	0
0	0
0	15
4	11
8	14
2	22
0	22
0	3
0	0
7	78
3	75
1	3
4	107
4	39
2	33
0	32
0	53
0	30
4	9
4	4
1	0
0	14
0	13
0	14
0	0
53	642
0	704
10	355
6	42
0	6
3	1880
0	1543
9	4737
8	96
0	4543
0	4387
15	94
0	311
0	1546
2	5
0	5
4	5
0	5
0	5
0	0
0	1
0	0
0	0
43	477
19	390
0	21
0	477
0	0
0	0
0	0
9	1482
2	362
551	3022
7	1844
2	356
9	1223
1	163
1	171
293	207
2	207
3	40
1	115
0	0
0	0
0	0
0	0
0	0
0	0
0	0
31	499
30	504
0	42
3	127
0	80
0	19
8	36
0	36
31	25
0	5
28	4609
2	233
84	96
13	47
4	53
0	96
22	12
0	11
0	1
0	6715
0	6658
0	6657
0	6558
11	517
35	6494
4	105
14	125
5	23
0	1306
5	65
1	603
23	1351
0	334
20	275
0	296
0	258
0	5
10	1318
1	276
79	106
0	127
5	2
0	0
0	2
0	2
0	2
0	2
0	0
0	326
49	23
14	18
0	158
0	329
0	272
0	246
76	50
0	51
0	39
8	34
0	53
0	313
1177	449
1	379
0	323
0	0
0	0
0	0
0	4
0	4
0	4
268	135
0	135
1	32
0	11
0	5
1	2
5	1022
6	1022
0	948
0	15
0	19
0	9
0	6
0	4
0	19
6	126
1	126
3	40
0	40
0	14
0	8
0	4
0	4
0	4
0	0
0	0
0	0
0	0
0	0
0	0
0	0
0	0
0	0
0	0
0	0
7	0
0	0
113	0
0	0
0	0
0	8
0	1
0	7
0	21
0	7
0	7
0	17
0	18
0	8
1	7
0	0
0	0
0	21
0	7
0	2
0	0
0	2
0	0
314	0
0	1967
1	1748
1	1464
3	974
6	762
4	483
1	283
15	117
34	49
0	73
4	748
1	770
22	0
29	10
0	508
0	635
0	775
0	0
0	4
0	4
20	0
0	0
2	265
0	263
26	160
8	38
0	36
3	11
1	8
232	806
2	794
2	433
11	15
0	0
0	0
0	0
0	0
2	1883
224	2550
65	667
0	0
0	0
0	0
0	2
0	2
0	0
681	297
0	297
0	0
0	0
0	302
0	21
3	29
21	56
0	47
0	236
0	280
61	1561
31	606
0	1556
2	559
0	435
8	14
18	98
6	43
1	289
0	0
0	0
0	0
0	2
3	2
0	0
8	109
0	213
9	350
0	29
1	135
1	28
0	311
1	26
0	122
0	325
0	0
0	0
0	0
0	0
15	0
0	0
0	0
0	0
0	0
1	0
0	0
0	0
0	0
0	0
0	0
0	0
0	25
0	0
0	0
0	2
0	2
0	0
1	273
60	103
2	14
0	88
0	231
15	34
0	178
1	62
8	56
0	0
0	0
5	181
0	155
0	101
1	183
0	0
0	0
0	0
0	0
0	0
0	0
0	1
0	0
0	0
0	0
0	0
0	0
0	0
0	0
0	0
0	0
0	0
0	0
0	0
0	0
0	0
0	0
0	0
0	0
1	0
1	0
0	0
0	0
0	0
0	828
23	827
0	175
10	175
11	166
0	76
0	0
1728	734
4	132
0	602
0	178
0	187
0	185
0	55
0	47
1	36
16	0
0	0
0	0
0	0
0	0
0	0
0	0
0	0
0	0
0	0
15	18
0	16
0	4
0	7
0	0
0	3104
24	3104
2	0
0	0
0	0
0	662
0	678
0	74
3	559
16	15
0	0
0	0
0	0
0	0
0	0
0	1
0	1
0	1
0	0
0	0
0	0
0	27
3	27
0	10
0	15
0	0
0	0
0	0
0	0
650	1687
0	1687
2	294
0	119
0	0
0	0
1	559
6	138
0	384
0	230
0	234
0	0
0	0
0	0
0	0
0	0
0	0
0	0
0	0
0	0
0	0
0	15
0	15
0	0
3	0
2790	0
1312	2454
13	2459
0	2530
27	1974
0	2064
5	138
74	816
44	282
6	0
0	0
0	0
0	0
0	0
0	0
0	0
0	0
0	0
0	0
0	0
0	0
19	924
192	2659
0	768
94	267
7	462
7	50
2	307
4	188
0	55
0	389
0	166
2	389
0	49
1	62
0	0
0	0
1	0
0	0
0	3
0	390
0	28
0	0
0	82
0	31
0	121
0	390
0	115
0	137
1	56
0	217
9	28
2	83
0	8
0	83
5	159
0	205
0	358
0	67
0	74
0	58
0	358
2	136
75	1264
2	1264
0	1174
14	13
2	230
12	233
71	4479
33	383
0	1417
16	1006
3	4450
2	314
2	279
25	427
0	1849
0	192
1	271
14	271
6	271
60	956
5	3061
12	9
6	3052
10	253
1	413
1	365
29	47
0	264
0	264
0	49
725	255
0	148
0	34
81	146
0	95
6	95
3	13
0	379
35	21
8	69
0	377
0	228
10	45
5	44
0	26
1	19
0	101
51	742
2	26
1	671
0	53
3	5
0	62
2	24
0	49
0	209
4	15
1	56
0	639
86	514
7	27
2	81
15	160
0	146
1760	742
0	176
63	69
6	0
6	58
28	97
0	442
0	7
1	2
0	2
0	7
11	16999
0	4570
246	15494
220	15106
14	5453
1	5703
71	888
165	182
362	199
3	98
0	17
0	0
0	0
0	0
0	1
0	1
0	0
0	0
0	0
0	0
0	0
0	0
2	935
152	764
0	1439
0	870
4	1438
211	1450
70	766
28	53
0	239
120	3
3	221
0	2457
2	2185
40	619
18	277
42	117
4	282
0	282
4	63
4	88
9	0
0	0
0	0
0	0
0	0
0	0
0	0
5	0
0	0
0	0
3	0
0	0
0	0
0	0
0	2
0	0
0	0
172	3093
1134	3116
0	0
0	0
0	0
0	0
0	0
0	0
0	0
0	0
0	0
0	0
0	0
0	0
0	0
0	0
1	0
0	0
0	0
0	0
0	0
0	1
0	10
0	14
2	0
0	0
0	0
0	13
0	0
0	0
0	0
3	0
0	0
0	0
0	0
0	3
0	1
0	2
0	1
0	0
0	0
0	0
0	16
0	0
0	0
0	12
0	0
1	0
0	0
0	0
0	0
0	0
0	0
0	0
0	1
0	0
0	1
0	0
0	0
0	5
1	0
0	0
0	0
0	0
0	0
2	0
0	0
6	73
0	0
1	0
19	0
0	2
0	17
0	0
0	7
0	1
2	15
0	5
0	0
0	0
0	0
0	0
0	0
33	2
0	0
0	0
0	0
0	0
0	0
0	0
0	104
0	0
0	0
0	0
5	1
0	0
0	0
627	0
0	0
0	0
0	0
174	0
0	0
0	0
0	84
0	0
0	0
0	1
0	0
97	0
0	0
0	0
0	0
19	164
2	164
0	13
191	3
0	0
0	0
0	0
0	0
39	0
0	0
0	0
0	0
0	0
0	0
0	0
0	0
0	0
0	0
0	0
0	0
0	0
0	0
0	0
0	0
0	3
0	1
0	0
0	17
0	0
0	0
0	0
0	0
0	0
1	0
1	0
0	0
0	7434
1	0
0	0
0	0
0	0
0	0
0	0
0	0
0	0
0	0
0	0
0	8089
0	0
0	0
0	3
0	0
0	0
0	0
0	0
0	0
0	0
2	4
0	2
0	1
0	2
0	1
0	3
0	3
0	2
0	2
8	0
0	0
0	0
0	0
0	0
0	0
0	0
0	0
0	0
0	0
0	0
0	0
1	61
0	3
2	0
0	0
0	0
0	0
0	16
44	51
0	0
13	0
0	0
0	6
0	9
0	0
0	0
0	0
0	0
0	1
0	0
0	0
0	0
57	0
0	0
0	0
0	0
0	0
0	0
0	0
0	0
3	0
0	0
0	0
0	0
0	0
0	0
0	0
161	0
0	0
0	1
0	0
0	0
0	0
0	0
16	0
0	0
0	0
1	17
0	17
3	2
0	0
0	2
0	0
0	0
3	17
0	0
0	6
0	0
0	0
4	0
1	0
0	76
3	59
1	43
2	4
0	46
0	5
0	4
0	11
0	33
1	49
2	25
0	15
0	2
0	21
0	5
0	32
0	9
0	8
0	5
0	5
0	5
0	5
0	2
0	1
0	0
0	0
0	0
82	232
10	0
0	232
6	11
0	91
0	89
1	34
1	71
1	4
7	2
26	30
0	13
188	2001
0	2389
50	1134
0	1974
0	734
254	1292
3	2301
0	214
0	102
1101	447
2	215
0	233
0	295
0	261
0	0
0	92
0	2
0	2
0	2
0	2
0	2
0	2
0	0
0	0
0	0
0	2
0	0
0	0
1005	861
46	7
0	48
0	861
0	97
0	183
0	0
0	2
0	2
0	2
0	2
0	2
0	1
0	0
0	2
15	0
18	355
4	116
0	104
1	359
0	109
0	72
16	28
86	935
0	936
83	88
0	33
50	47
2	84
66	941
83	941
4	323
150	187
4	157
1	39
0	42
0	29
7	78
13	11
0	12
0	10
0	8
2	12
0	7
0	8
0	3
0	27
2	2
2	7
6	22
0	212
0	212
0	40
1	1
0	212
0	1472
0	2884
0	2731
14	2642
5	237
1	2027
1	45
0	3
17	1951
0	168
0	407
0	93
0	62
2	82
3	82
13	7
0	77
0	25
14	1067
0	2366
1	407
0	520
2	993
11	991
0	46
0	115
2	69
11	96
3	93
0	59
0	43
8	479
3	68
3	43
11	282
8	16
35	110
0	2083
0	410
2	421
230	0
0	15
0	260
0	239
0	31
2	21
250	130
0	130
0	5
0	5
0	5
0	5
0	5
0	0
0	0
0	1
0	5
1	58
0	2082
0	57
0	2245
43	2084
22	1411
35	2092
197	40
2	29
4	11
1	5
0	5
2	983
10	157
1	39
0	907
0	506
2	803
1	805
9	88
0	0
131	487
2	460
3	27
1	14
0	0
0	3
0	3
0	3
0	3
0	3
0	0
0	3
0	3
0	3
0	3
0	0
0	0
0	0
0	2
0	2
0	0
0	0
0	2
0	2
150	422
1	374
0	108
0	76
4	74
0	144
0	28
3	50
0	33
13	2
0	0
0	2166
3	389
0	807
6	1872
8	34
5	612
46	621
0	0
0	0
0	0
2	2966
1	2869
0	2918
0	2965
2	2609
2	2544
0	1122
10	1266
24	520
21	385
97	329
0	608
3	202
5	689
42	325
6	346
2	112
1	264
0	136
0	212
0	189
64	114
3	316
61	267
0	267
1	100
0	167
0	76
0	17
0	14
0	22
0	23
3	0
0	13
8	0
0	18
0	6
0	173
0	103
0	69
0	364
3	256
4	364
0	0
0	0
0	0
0	0
0	0
0	0
0	0
2	8
0	0
0	0
142	773
0	713
10	37
0	215
14	17
11	27
0	51
0	0
0	0
0	0
115	35
0	0
0	0
0	0
0	0
0	0
0	0
0	0
4	506
7	517
2	452
0	497
0	77
0	108
0	29
0	42
0	11
0	0
0	0
0	0
0	0
0	0
0	0
0	0
0	0
2787	132
7	132
0	168
0	502
4	254
2	384
0	142
3	346
8	41
3	77
13	0
0	0
0	0
0	0
0	0
0	431
0	250
1	524
25	1129
137	1
0	360
0	92
1	206
173	22
1	68
27	327
1	146
13	247
104	48
25	592
0	335
2	0
0	0
0	0
0	3
0	3
0	2
0	88
0	81
3	85
0	4
3	24
591	0
0	27
0	27
0	0
0	0
0	0
1	158
0	157
5	29
0	0
0	0
0	0
0	0
0	0
0	33
0	123
0	123
0	98
0	59
3	28
0	1
0	0
0	0
0	0
24	10
0	10
0	4
526	726
3	337
4	451
0	447
1	270
78	0
0	0
0	0
0	0
6	957
0	957
4	55
0	22
3396	661
2	246
2	51
2	208
1	124
0	6
0	0
0	6
1	6
0	2
0	0
0	0
0	2
0	3
0	3
0	3
0	1
0	1
0	2
0	0
0	2
0	2
0	2
344	193
1	56
2	161
0	51
4	52
15	83
10	111
2	8
7	30
3	8
0	4
0	28
6	0
0	0
0	0
0	0
0	0
0	0
0	0
0	0
0	0
0	0
1	3
0	0
0	9
0	9
1	9
1	5
0	0
0	0
0	0
0	0
0	0
11	26
0	22
0	19
0	8
0	18
0	5
0	14
0	24
1	13
3	304
111	304
3	17
0	13
0	13
0	0
0	0
0	0
0	0
0	0
3	574
0	4
1392	1945
0	1832
5	1462
1	1134
0	1176
0	224
48	303
189	48
0	271
1	140
0	111
66	18
10	504
4	480
0	480
0	400
9	36
4	55
1	132
1	1020
1	1109
0	187
0	693
0	363
1	272
2	272
0	194
11	171
0	40
0	1075
0	0
48	14
5	14
1	15
1	15
0	1
0	0
0	0
0	6
8	1
0	1
0	0
0	0
0	0
0	0
2	11
0	11
0	5
5	5
12	11
0	0
0	0
1	93
0	4
2	93
9	88
21	3
13	395
3	426
1	120
0	65
0	77
0	122
56	6
1	6
139	307
0	40
1	275
5	44
11	18
0	1
0	138
27	62
19	22
0	40
0	40
0	2489
6	2456
49	2393
10	8
0	309
1128	306
11	306
0	4
0	3
0	1
0	4
1	3
0	3
2	0
0	3
402	435
689	457
0	22
14	1
0	0
0	0
0	82
0	1
0	81
3	131
0	468
0	319
3	261
0	240
306	0
2	42
0	21
0	3
0	2
0	2
0	2
0	0
0	2
0	0
148	93
3	79
8	79
0	12
0	15
0	84
0	64
4	8
2	36
4	21
0	0
0	8
0	0
0	0
11	485
4	82
0	208
14	422
0	518
0	108
39	362
0	542
0	24
0	15
1	24
0	0
0	0
0	0
0	0
0	0
0	0
0	0
0	0
0	0
0	0
0	0
0	0
0	0
0	44
38	207
1	226
0	12
0	19
0	68
0	77
22	78
0	28
0	109
43	1383
0	1235
0	335
0	384
0	414
0	65
1	257
7	67
4	294
0	146
0	119
0	402
0	54
0	402
21	120
0	105
0	0
0	0
0	0
0	0
0	0
0	0
0	0
0	0
0	0
0	0
0	0
0	0
0	0
0	0
0	0
0	0
23	101195
3	76
6	93
0	90
0	62
1	1
7	6
0	0
0	0
0	0
0	0
0	0
0	0
0	0
0	0
0	0
0	0
4	1
0	0
0	1
0	1
0	0
1	0
1	0
0	0
0	0
0	0
0	0
0	0
0	0
0	0
0	0
0	51
0	33
1	16
0	33
0	4
6	34
0	52
0	16
4	26
0	19
0	15
0	4
0	1
0	0
0	33
0	33
0	51
0	52
0	0
0	0
0	1
0	1
0	0
0	0
0	0
28	18
0	18
0	0
0	0
0	0
309	0
0	0
0	1
0	0
0	0
0	1
0	0
0	1
0	1
0	0
0	0
0	0
0	0
0	0
0	0
6	8
57	180
0	117
0	118
0	59
49	1284
0	1130
0	1179
1	1183
10	89
10	0
2	245
0	0
0	132
0	76
0	40
0	115
3	132
0	65
0	129
0	118
0	26
0	54
0	15
0	1
0	13
0	13
0	1
0	0
0	0
29	301
0	303
2	251
68	257
0	3
3	162
1	36
1	151
691	447
2	0
0	0
0	0
0	3
0	0
0	0
0	3
0	3
0	1
0	0
0	2
0	0
0	265
1	253
1	26
12	1
0	96
17	106
0	39
0	50
1	5
14	376
0	433
11	817
0	743
0	85
0	3
1	1
0	1
0	3
137	1384
4	315
16	536
30	45
4	356
22	99
89	414
7	371
3	309
0	298
0	109
244	211
2	12
4	47
4	138
0	137
9	122
0	120
0	95
1	110
2	147
15	0
0	6
1	7
2	1
0	1
0	1
0	0
0	0
0	0
0	0
0	0
0	0
0	0
87	975
17	884
4	353
11	257
0	245
0	29
0	23
0	28
0	0
0	36
39	44
3	43
0	44
0	154
0	151
0	152
4	1
1	127
1	15
0	28
1	14
0	10
0	12
0	63
15	60
0	0
0	0
0	746
55	675
0	722
0	485
1	590
0	273
0	0
0	0
0	379
0	361
0	351
21	365
0	135
0	361
2	202
0	202
474	538
0	538
0	256
5	29
9	26
0	0
0	0
0	0
0	1
0	1
0	0
0	0
0	0
0	1
0	0
0	0
0	0
0	0
0	0
0	0
0	0
0	0
0	0
0	0
117	464
0	325
0	323
21	127
8	295
3	457
1	108
0	151
0	143
0	0
0	0
0	0
0	0
1	110
7	20
10	108
0	14
0	104
0	2
0	2
0	0
0	0
0	0
0	2
0	0
33	32
0	29
2	4
4	24
3	16
0	18
0	5
1	16
0	0
17	133
7	200
14	501
5	356
2	496
1	115
1	79
1	141
3	81
4	65
2	45
0	20
0	501
0	2
0	2
0	0
0	2
1	0
0	766
0	157
0	0
0	0
237	64
0	39
5	25
9	2
0	2
0	0
0	0
2	0
0	0
0	0
0	0
0	0
0	0
0	761
0	152
1	0
0	0
0	0
0	0
1	1283
1	1286
0	262
1	158
0	1346
10	86
2	391
1	309
0	0
439	130
0	89
0	18
15	14
0	22
1	17
1988	83
0	82
1	51
1	16
0	0
0	0
0	607
5	604
0	602
0	153
0	11
0	0
0	0
2	0
72	35
0	12
0	9
6	20
3	5
10	6
4	6
0	344
1	289
7	107
3	155
9	16
0	61
10	13
2	1
0	1
0	0
651	288
0	219
0	130
42	81
0	95
0	0
0	0
0	0
0	0
0	0
0	0
0	0
0	0
0	0
0	223
0	213
0	191
24	46
77	147
0	59
21	0
0	88
0	7
0	0
0	0
0	0
0	0
0	0
0	0
0	0
1	185
126	867
16	94
0	292
56	668
2	15
1	209
2	89
1	129
0	0
0	0
0	0
0	0
0	0
0	0
0	0
848	169
8	0
1	169
7	71
8	609
0	937
0	953
8	564
1	166
0	0
0	0
0	0
0	0
0	0
0	0
0	0
0	0
0	0
113	665
0	27
23	646
0	197
0	63
2	4
11	10
0	0
0	498
0	637
1	483
6	529
0	623
0	386
3	545
10	199
1	220
0	106
0	74
0	25
4	32
10	20
90	0
0	0
0	0
0	0
0	0
0	0
0	0
0	0
0	1
0	1
321	2165
0	1676
0	600
0	31
103	249
45	424
61	0
0	13
0	0
0	4
6	79
0	13
0	18
0	75
0	13
0	78
0	18
0	2
0	15
1	5
2148	35
0	0
0	0
0	0
0	0
0	0
0	0
0	0
0	0
0	0
0	0
0	0
0	0
0	0
0	0
0	0
0	0
0	0
0	1
0	0
0	3
0	3
0	0
0	0
40	0
0	52
0	51
0	54
0	0
1653	1060
15	430
0	550
4	95
0	305
10	294
3	113
4	0
0	0
5	15
1	95
0	87
2	5
0	20
4	0
0	10
0	0
32	38
1	38
489	418
0	441
95	298
0	0
0	0
0	0
0	0
0	0
308	106
3	106
16	12
1	29
0	23
124	83
5	12
0	0
0	0
0	0
0	0
0	0
0	0
0	467
4	3
0	7
1	414
9	37
0	1
0	241
29	102
8	197
0	223
0	391
45	125
0	110
0	115
0	133
0	11
2	33
19	23
10	38
4	54
0	71
3	48
0	0
1	278
6	278
5	304
0	226
0	294
0	12
89	293
0	170
0	0
0	0
0	116
0	26
4	20
0	1679
3	1216
0	1583
314	1806
70	1
1	284
5	789
0	512
0	576
5	457
13	439
2	365
8	174
0	102
0	18
0	9
0	4
38	1
42	104
0	4
3	11
2	76
0	16
0	712
1	28
4	680
0	238
51	731
1	731
1	676
0	237
57	247
13	97
0	98
0	0
0	253
0	239
0	165
12	132
16	72
5	0
1	84
2	37
0	91
0	32
1	28
4	28
0	20
0	12
0	23
2	8
0	16
0	12
0	251
0	240
0	225
0	107
0	150
0	230
0	240
0	135
1	203
3	75
0	108
0	194
4	4
0	38
0	133
5	27
0	2
1	8
0	3
0	8
0	6
0	6
0	6
0	5
0	0
0	0
0	0
0	0
24	168
2	168
19	1751
19	1670
0	1665
0	1592
2	1671
5	1682
0	1678
8	343
0	484
0	0
6	287
0	280
0	706
0	284
118	930
13	663
2	398
7	215
186	529
2	417
0	303
0	0
0	0
0	0
0	0
10	7
0	0
0	0
0	0
0	0
0	0
0	0
0	0
0	0
0	199
1801	417
14	4
0	120
0	367
0	0
0	0
0	0
211	1055
15	745
0	0
0	0
0	0
0	0
0	0
0	0
0	0
0	0
1	67
0	67
1	67
0	36
0	0
0	0
0	0
0	0
164	0
22	915
17	613
0	0
7	881
6	723
1	430
0	0
0	0
0	0
0	0
0	0
0	0
0	0
0	0
0	0
0	255
0	266
0	102
0	73
0	18
0	0
0	0
0	0
0	0
0	2
0	2
0	1
0	0
0	0
0	2
0	2
1	1
0	216
0	174
0	228
5	10
2	68
0	41
0	15
0	0
0	0
0	0
39	505
1	221
0	327
0	128
2	344
8	262
0	285
4	120
0	11
0	11
335	65
0	50
13	29
0	198
0	260
182	260
1	203
1	180
0	130
0	0
0	0
0	0
0	0
0	0
0	0
0	0
0	0
0	470
1	728
308	756
5	668
27	65
0	41
0	41
0	1
0	1
0	0
0	1
0	11
0	0
1	0
0	41
0	0
0	0
0	0
0	448
0	0
0	0
0	0
0	0
0	0
0	0
0	0
0	0
0	0
0	0
0	0
0	0
0	0
0	0
0	0
0	0
0	0
0	0
0	0
0	0
0	0
0	0
0	0
0	0
0	0
0	0
0	0
0	0
0	0
0	0
0	0
0	1
0	1
18	8
4	3
0	5
3	3
0	0
0	0
0	0
0	0
0	0
1593	808
0	676
9	50
4	4
630	0
281	343
1	343
0	10
0	267
0	234
0	267
0	244
0	268
0	37
0	118
0	81
0	203
5	118
0	23
0	72
0	44
0	87
0	54
1	13
0	48
7	49
0	81
7	54
0	78
0	78
0	66
4	58
0	67
1	70
0	69
0	0
0	0
0	7
0	6
0	191
0	152
2	140
0	49
25	0
0	48
359	2026
2	121
65	2015
0	2098
5	14
5	138
1	0
3	1204
0	0
0	0
0	0
0	0
0	0
0	0
0	0
0	0
23	0
1	335
12	0
0	335
0	0
0	0
0	0
0	0
0	0
0	0
0	0
81	1445
0	2
0	2
0	0
0	0
0	0
0	0
0	0
0	0
0	200
0	61
0	0
0	0
12	0
27	1
0	1
0	0
0	0
0	0
0	0
0	0
0	0
0	0
0	0
0	0
0	78
0	246
0	224
7	148
0	166
4	169
1	25
796	194
5	129
10	65
1183	0
43	162
2	181
0	156
3	156
5	75
0	1
0	1
386	184
13	55
0	149
1	0
0	6
0	6
0	3878
0	12
1	3821
60	3877
0	3776
2	256
0	2539
11	280
11	14
0	101
0	248
20	597
7	291
11	148
1	192
1	213
47	31
0	18
12	31
0	12
0	11
0	3
11	0
0	0
1020	738
0	152
1	279
0	311
1	199
0	18
0	2
0	2
0	1
0	0
0	2
0	0
181	0
24	503
0	356
9	264
50	19
1	19
0	12
2	7
0	4
0	0
0	0
0	0
2	640
1	798
13	212
68	587
26	46
0	90
0	732
33	291
7	0
0	0
0	0
0	0
0	0
0	0
0	0
0	0
0	45
2	227
0	40
1	98
2	167
1	56
0	55
60	91
0	22
0	91
0	17
3	9
3	0
35	52
0	26
0	11
0	6
0	25
4	0
4	5
0	5
0	2
0	1
754	0
0	0
0	0
0	0
0	0
3	22
26	1294
0	294
0	1266
6	131
0	131
0	15
1	18
0	0
0	0
0	0
0	0
0	0
0	0
0	8
119	89
0	12
5	77
0	73
0	38
0	3
0	2
1	0
0	71
26	1507
5	1499
2	1520
0	1450
111	1050
19	313
9	701
0	1506
3	111
3	9
20	111
0	18
0	72
0	22
0	19
0	55
0	47
0	42
0	21
0	3
3	19
52	22
5	2
0	2
0	2
0	0
0	0
11	297
1429	297
0	4
0	4
0	1
0	0
0	0
0	0
0	0
0	0
0	0
0	0
5	0
0	184
2	24
0	36
0	24
2	184
15	153
7	37
1	29
13	16
0	16
2	447
0	440
0	86
0	249
0	198
0	192
0	138
4	130
0	116
0	78
3	42
0	39
0	4
3	3
1	4
0	446
0	441
3	466
0	632
0	818
2	257
11	355
8	403
0	141
70	70
9	15
1	237
7	87
0	51
33	16
0	14
8	235
3	115
0	162
0	130
0	162
0	0
84	216
6	59
30	157
0	79
6	44
0	0
0	0
0	0
0	0
0	0
0	0
0	0
0	0
0	0
0	0
0	0
0	0
0	0
0	0
0	0
0	0
0	748
13	369
2	188
2	101
2	56
1	115
0	100
0	52
0	748
2	291
27	119
1	18
0	38
12	0
2	100
7	42
3	76
5	18
6	1080
5	1080
0	5
0	122
0	75
0	0
0	0
0	0
0	0
0	6
34	3
51	519
4	519
2	66
11	52
0	48
1	0
0	0
0	0
0	0
0	80
0	59
0	70
1	37
0	65
2	54
0	3
0	36
1	55
6	30
1	27
0	21
3	10
0	68
5	160
18	258
2	186
0	33
0	232
0	0
0	0
0	0
0	0
0	0
0	0
0	0
0	0
13	21
0	0
0	4
0	4
0	11
0	0
0	21
0	4
0	0
0	569
4	0
19	569
2	2
1	2
0	0
0	0
0	0
0	0
0	0
0	0
0	0
0	0
0	0
0	0
0	0
5	0
0	0
0	0
0	0
0	0
0	0
0	0
0	0
0	0
0	0
0	0
0	0
1	0
1	0
0	0
547	0
343	1292
0	101
0	628
0	727
0	490
0	729
0	698
9	285
0	412
5	539
0	0
50	15
3	0
7	4
1	11
2	2096
29	677
1	98
3	121
0	133
1	158
1	84
0	2096
2	2667
0	239
263	1827
0	542
0	2436
0	2554
0	2494
0	673
0	2203
6	304
0	2447
0	1341
0	223
0	1576
0	2243
0	1578
7	124
0	1360
0	0
0	0
0	0
0	0
37	776
2	99
0	695
3	83
0	53
17	549
10	25
0	33
1	79
2	27
15	445
1	443
8	77
0	68
0	6
0	71
4	6
2	7
4	62
3	173
0	38
3	7
0	7
0	0
0	0
0	0
3	0
3	0
0	0
0	45
0	42
1	42
1	3
0	0
0	0
157	117
0	110
0	7
0	30
0	0
0	0
0	0
0	0
0	0
0	0
0	0
0	0
0	0
0	0
0	2
3	0
0	0
0	0
1	0
99	14
7	16
3	2
0	0
3	0
1	0
127	44
3	20
0	6
0	14
0	16
3	18
0	0
0	0
0	0
0	0
0	33
40	2479
9	2479
20	75
4	1411
8	75
0	16
1	125
1	90
78	61
0	0
0	0
0	0
0	0
0	0
0	0
0	0
0	0
0	0
0	0
82	340
0	333
2	191
0	567
0	210
0	179
0	123
89	0
0	563
3	3
0	1
0	2
0	2
0	0
0	0
0	0
0	0
0	0
0	0
2	21
0	244
0	261
0	227
0	262
1	253
0	266
4	225
0	131
2	8
12	65
1	45
6	0
2	45
0	514
1	494
4	7
82	1
0	342
0	493
8	165
3	144
0	144
0	27
0	27
1	32
6	1705
1	197
0	1482
31	392
8	203
17	47
6	155
0	38
0	35
0	33
0	29
0	29
0	3
0	13
173	0
171	23
0	23
0	1
0	2047
0	2024
7	1569
8	1243
68	121
291	2016
0	109
13	116
0	69
1	48
0	106
0	107
20	25
1	25
0	4
32	393
0	89
0	27
0	33
3	42
45	23
0	16
12	15
1	30
25	393
0	0
0	0
0	0
0	0
0	53
41	2989
10	2223
54	2953
3	0
0	122
0	129
0	194
0	30
25	23
7	229
0	0
0	0
0	0
0	0
0	74
0	65
0	48
0	3
1	73
0	23
274	88
3	27
0	4
2	57
0	0
0	0
0	0
0	0
0	0
0	0
0	0
0	0
0	0
0	0
0	0
1	2
58	2
14	10
0	10
0	15
0	15
0	11
0	0
0	0
0	0
16	3837
0	3856
42	3589
0	3855
1	3557
2	326
50	547
0	0
0	0
0	0
0	0
0	0
1	0
0	139
1	139
0	0
0	0
0	0
0	0
0	0
0	0
0	0
0	0
0	0
0	120
0	124
0	119
6	39
0	38
0	32
0	77
2	72
0	73
2	78
1	60
1	31
46	0
0	119
0	0
0	157
6	27
36	164
0	92
0	17
0	0
0	0
0	0
0	0
0	0
4	110
0	66
1	0
0	0
1	21
0	19
1	24
9	5
0	0
0	0
0	0
0	0
0	0
0	177
0	148
0	93
0	161
0	0
0	0
0	0
0	0
0	0
0	0
0	0
0	0
0	0
0	0
0	0
3	3
0	3
0	0
0	0
0	8
0	8
11	1481
34	1489
1	1175
0	1249
0	1483
0	719
8	407
19	129
0	0
94	494
7	494
27	418
0	12
30	4
0	16
50	83
1	54
0	39
0	56
0	43
0	27
0	27
0	27
0	8
0	38
0	36
14	2
0	2
0	1
0	3
0	13
0	2
0	29
0	8
0	94
43	98
0	10
0	1
0	1
0	1
0	0
0	0
0	2
10	2
0	0
0	0
0	0
0	0
0	0
0	0
0	0
0	0
0	0
0	0
0	0
9018	6120
0	6123
1	1230
1728	119
12	318
11	22
3	45
11	67
6	318
3	0
0	120
2	120
0	120
0	120
0	90
0	0
0	0
0	0
0	1393
49	1393
21	13
4	185
0	0
0	0
19	11
0	10
1	3
0	1
0	2
1	2
33	548
14	130
1	41
2	565
5	213
7	41
2	34
4	20
28	34
1	43
0	31
0	4
0	1253
0	104
14	866
0	916
0	414
15	136
0	1147
0	0
0	0
0	0
0	1
0	1
0	0
1	0
0	0
0	0
0	0
0	0
0	15
13	16
0	16
0	10
0	16
0	0
0	0
0	0
0	0
0	0
0	0
90	224
0	55
0	75
1	5
1	109
1	53
12	266
1359	10101
12	1808
10	1688
0	1067
0	10056
68	37
18	37
0	19
1	54
0	428
1	577
3	577
0	17
1	99
3	104
0	579
26	0
0	0
3	0
34	579
19	698
673	1383
0	42
1	65
5	739
0	339
23	189
0	951
1	167
20	1376
23	1292
0	177
19	419
0	31
25	230
0	33
3	78
3	23
4	5
0	0
0	5
0	8
0	2
0	0
0	0
1	38
0	6
0	37
0	1
3	2
0	0
0	0
46	97
0	97
11	6
3	9
396	5228
0	10754
65	12634
0	5697
1	5179
19	1340
153	250
2	250
5	0
13	0
2	0
0	0
0	0
0	20
1	21
0	17
13	12
6	13
5	12
496	0
2	15
0	15
0	0
1	7
0	2
0	3
0	1
0	0
0	4
0	2
0	4
5	4
0	3
0	3
0	2
0	2
0	2
0	0
0	0
0	95
0	92
0	93
1050	268
11	115
1	67
44	86
0	0
0	0
0	0
95	2757
0	2714
22	43
0	177
5	256
3	215
1	420
0	0
0	0
0	0
0	0
0	0
0	0
0	0
0	0
2	645
0	645
0	0
0	0
0	0
0	2
0	2
0	4
2	70
1	70
0	3
0	62
0	10
0	10
256	40
5	17
0	23
449	230
1	86
0	155
0	100
0	0
0	0
0	0
0	0
0	0
0	0
0	0
0	0
0	0
0	0
0	0
0	0
0	0
77	77
0	37
1	26
43	453
0	453
0	447
7	124
0	119
0	19
0	14
0	41
0	17
0	19
0	95
0	54
0	0
0	0
0	0
0	0
0	0
0	0
0	0
0	0
0	0
0	0
0	0
0	0
0	0
0	0
0	189
0	105
0	74
0	118
0	167
0	14
12	2
8	63
17	6
0	166
0	0
0	0
0	0
0	0
0	0
150	1474
11	1427
0	96
6	61
13	55
0	676
1	729
0	38
3	4
0	4
0	0
4	39
16	1214
0	1271
880	1270
0	657
0	224
0	227
0	48
1	25
0	156
1	4
0	208
0	210
0	200
0	69
0	50
0	67
0	11
0	34
11	2
0	25
0	9
1	0
0	0
0	0
0	0
27	337
1	85
1	50
0	25
0	21
0	228
1	33
1	32
0	279
0	28
0	280
0	282
0	279
0	3208
0	2374
0	2335
2	772
1	493
0	282
4	755
0	419
0	362
19	148
0	3236
0	3272
0	167
0	3368
0	2901
3	2485
0	118
9	118
6	24
30	1091
405	1354
0	840
111	8
1	103
0	35
8	138
5	14
6	122
0	90
17	83
0	0
0	0
0	0
0	0
0	0
0	0
0	0
0	0
0	280
22	0
0	24
0	0
0	1
0	1
0	1
0	1
0	1
0	1
0	0
0	0
0	0
0	0
1	1
0	0
173	92
0	312
26	300
0	82
0	0
7	45
3	7
2	5
41	11
0	1
13	1
0	1
0	0
0	0
0	0
0	1
0	1
669	0
0	0
0	1041
0	129
0	128
1	36
0	1009
0	1106
3	998
13	1
0	667
0	81
5	140
0	310
1	613
0	242
9	150
0	0
0	0
0	0
0	0
0	0
0	0
803	3000
10	2953
102	255
78	604
3	1
0	16
0	13
0	16
0	3
0	16
0	2
0	12
0	0
0	0
0	6
0	1
5	6
0	0
0	0
0	0
0	0
0	0
0	0
0	0
0	497
0	495
0	65
0	17
0	0
8	18
0	19
0	0
0	499
131	107
0	107
1	259
0	271
0	256
0	72
4	65
0	23
0	85
4	82
0	0
1179	1938
2	1938
11	1424
88	328
0	0
2119	0
0	0
0	0
0	0
0	0
8	28
172	291
0	301
9	166
0	1
0	74
0	75
0	74
0	75
0	75
0	24
0	25
0	2
6	3
0	74
0	0
0	2
0	0
0	0
0	0
0	0
0	0
0	0
0	0
0	6
0	173
975	173
326	134
0	173
0	0
0	0
0	0
0	0
0	0
0	0
0	6669
0	125
5	6635
1	2
0	2
0	0
0	0
0	0
0	0
0	0
0	0
0	0
0	0
0	0
0	0
0	0
0	0
37	1100
10	491
90	171
0	110
1	70
9	330
3	590
5	382
5	112
0	109
0	47
2	57
5	0
215	13751
31	13581
0	13543
24	13510
10	3366
85	700
0	13748
0	9
12	7
1	32
1	33
0	385
179	402
4	17
2	2
3	0
0	40
12	7
6	22
3	3
0	0
120	134
2	118
0	109
0	32
0	0
481	141
1	28
0	29
0	78
0	12
0	61
1	128
7	128
4	4
0	0
0	1
0	0
0	0
0	0
0	0
0	3
0	3
0	1
0	1
0	0
0	0
0	0
0	1
0	1
0	1
0	0
0	0
0	23
0	23
0	4
0	4
0	1
0	1
0	0
0	0
0	0
0	1
27	202
0	63
0	65
0	176
0	112
0	79
3	27
0	62
0	63
49	25
3	1
0	1
0	0
0	0
0	0
0	1432
0	63
9	1273
4	1003
2	33
0	396
5	178
11	93
3	54
0	1336
2	151
1	291
0	197
0	0
0	0
0	0
0	0
0	0
0	0
0	0
0	2
0	1
0	2
0	1
0	11
285	218
14	218
1	158
1	13
25	181
9	129
0	36
0	62
0	0
0	0
0	0
0	0
0	0
0	0
0	0
0	0
0	0
0	0
0	0
0	0
29	598
6	125
0	97
0	600
65	839
4	793
0	734
13	639
6	639
0	99
0	97
0	55
0	39
0	68
0	5854
1	45
4	314
0	31
2	90
92	1217
61	113
15	5854
295	158
1	30
1	13
3	12
0	37
13	31
0	32
0	23
0	29
10	14
6	0
3	0
16	0
0	5
0	24
0	1012
0	972
1	103
158	32
0	935
0	975
0	32
0	32
0	32
0	31
0	5
0	5
0	2
0	1
0	1
0	1
0	0
0	0
2	0
0	0
0	0
0	0
0	0
0	0
0	0
0	0
0	0
68	36
0	15
12	21
2	10
16	25
5	39
2	18
8	12
66	11
0	7
3	0
0	12
0	8
5	0
0	141
0	0
0	773
0	631
46	603
0	224
19	65
29	38
109	13
0	0
0	0
0	22
0	230
0	52
0	20
0	20
0	20
2	4
4	6
0	160
0	235
0	0
0	0
0	52
19	155
8	1
0	13
0	102
435	315
1	235
0	24
0	138
0	84
0	215
183	3218
10	3311
2	3327
0	3350
0	658
2	505
19	85
0	77
0	82
3	58
32	4
0	2
21	2
0	8
22	0
20	16
9	38
0	57
0	804
0	96
0	778
0	269
0	3
1	22
0	28
0	241
0	2
0	49
0	44
0	15
0	45
0	27
0	433
241	421
0	32
15	389
5	0
6	0
2	190
0	0
0	62
4	62
43	404
62	404
17	5
0	0
0	0
0	0
321	1543
0	1310
81	367
52	117
7	198
45	3
10	301
118	267
1	243
0	112
0	0
0	0
1	27
0	1
0	12
0	25
0	12
169	140
11	39
0	120
0	73
0	65
0	34
0	1
0	1
0	1
0	1
0	0
0	0
0	995
15	150
48	930
0	65
10	914
0	0
162	431
1	423
4	135
3	10
0	58
1	52
14	26
1	1
0	0
0	0
0	0
0	0
0	106
1	109
0	102
623	72
0	72
0	0
0	0
0	0
0	0
0	0
5	254
1	11
5	251
0	60
5	0
0	0
0	0
0	0
0	0
0	0
0	0
0	0
0	0
0	0
0	0
0	546
1	84
11	85
1	0
0	546
22	236
0	239
0	235
0	240
0	203
4	34
0	24
0	37
1	34
1	1
1	7
0	20
0	16
0	6
0	12
0	0
0	0
305	953
12	734
0	187
10	177
21	219
1	110
335	217
1	217
59	612
19	584
1	209
0	0
0	0
42	1612
7	1554
0	186
0	1474
0	1512
0	1519
0	1526
0	1493
0	1540
0	1558
0	1567
0	1522
0	1515
0	1555
0	1469
0	1509
0	1464
0	1504
0	1475
0	1540
8	120
13	138
2	95
7	31
64	63
0	1612
142	1681
4	200
0	1584
69	114
40	0
9	43
1	573
21	0
0	0
0	0
0	0
0	0
0	1
0	1
0	1
0	1
0	1
0	0
0	1
0	1
0	1
0	0
0	0
130	164
0	11
5	108
0	74
0	53
0	1
0	1
0	0
123	367
12	79
2	166
5	78
1	156
0	122
0	23
4	46
0	33
0	112
3	993
914	1482
3	131
10	144
11	167
4	83
0	0
43	1138
66	1155
1	1617
0	490
0	11
3	41
3	743
0	749
8	54
0	740
0	169
0	0
2	41
1	0
0	0
5	1071
0	784
12	1104
5	952
0	436
7	439
0	737
0	448
0	136
1	0
10	49
0	51
0	51
1	52
1	46
0	52
186	208
0	215
1	112
56	101
0	31
0	0
0	0
0	0
0	0
0	0
110	427
8	0
2	34
48	34
0	11
13	10
0	2
0	9
1	0
0	1
33	459
0	0
0	0
0	0
149	466
2	398
0	15
0	26
0	60
0	61
2	130
0	26
0	9
5	42
67	160
1	9
0	11
7	0
94	2
1	2
9	1405
100	2701
5	387
2	1401
0	68
1	32
1	117
0	210
0	56
1	1253
108	136
1	36
1	122
7	0
0	30
42	30
9	9
9	30
165	20
7	11
0	2
0	7
0	0
0	0
0	0
165	0
1415	1348
0	76
14	274
1	395
0	520
2	478
3	21
0	21
45	447
0	431
0	66
1	32
5	529
51	144
1	338
3	522
6	49
4	1
240	85
5	85
7	70
0	26
0	70
7	36
31	1248
22	1248
88	96
0	1
0	1
0	0
0	0
0	0
0	0
0	0
0	0
0	0
0	0
1	0
0	0
0	0
0	0
0	0
0	0
0	0
0	0
2	0
24	737
2	737
1	211
0	66
0	76
0	132
0	140
2	210
0	84
1160	376
1	5
0	371
2	404
0	396
0	10
0	18
1	35
0	25
5	48
0	5289
0	1529
1	4684
0	5249
0	4543
0	4582
0	3049
5	3939
7	395
0	2076
1	1669
0	1938
0	1889
1	1809
0	1941
30	0
1	9
0	9
0	523
74	506
0	133
39	28
18	104
0	125
2	28
0	84
0	47
0	3
0	0
1	7
3	2
0	83
143	3525
0	2688
2	514
9	0
8	711
5	253
27	291
23	1491
2	153
1	177
0	24
2	0
2	30
0	14
0	14
0	29
0	18
0	24
1	11
1	4
0	177
0	0
0	0
13	431
6	358
9	246
0	431
3	11
1	3
1	89
0	54
0	3
1	3
0	2
2	2
0	0
0	0
0	0
0	0
0	0
0	0
0	140
0	140
0	24
2	26
0	0
0	0
4	114
406	316
0	47
0	37
0	24
0	321
0	0
0	0
0	0
0	0
0	8
2	8
0	0
0	247
0	249
0	254
0	197
0	113
0	100
0	115
0	115
0	122
0	114
0	121
0	121
4	0
0	26
3	21
8	9
6	10
2	5
0	121
0	114
2	239
473	2744
0	0
0	0
0	0
0	0
137	97
0	97
0	87
0	0
0	0
0	0
0	53
5	42
0	28
0	66
2	53
0	3
4	2
0	2
0	2
0	2
0	2
0	2
1897	833
0	833
20	303
0	9
0	359
26	9
0	21
5	14
0	79
1	0
0	359
0	0
0	0
0	0
0	0
0	0
0	0
0	0
0	0
0	0
0	0
0	0
15	21
1	127
0	358
59	321
0	2
4	24
0	467
0	461
21	12
7	12
0	54
2	179
0	179
0	2
0	9
0	51
0	6
1	450
0	56
0	56
0	26
1	440
12	4
2	0
0	33
0	60
0	46
0	0
0	0
0	0
0	0
0	0
198	571
0	576
0	51
0	27
3	21
12	40
0	44
7	5
0	0
0	0
0	0
0	0
0	0
0	0
0	0
0	0
1	0
0	0
0	0
0	0
0	0
0	0
0	0
0	0
0	117
2	20
1	82
0	114
0	122
0	0
0	0
0	0
0	0
0	0
14	120
1	118
0	2
1	120
234	0
0	4
3	7
0	5
0	5
0	0
0	2
0	1
0	0
3	2604
42	153
0	2581
0	149
86	65
142	485
0	1266
0	1128
0	1163
0	153
0	335
1	434
3	141
0	117
17	52
0	114
0	187
0	0
0	0
0	0
0	0
0	0
0	0
0	0
0	0
0	0
0	0
0	71
164	214
1	151
0	15
1	0
0	59
6	4
0	0
0	4
0	4
0	4
0	1
0	0
0	0
6	58
2	58
2	5
1	5
0	6
0	3
0	5
0	2
0	4
0	0
0	5
0	5
0	0
41	189
6	105
2	40
6	27
5	62
0	68
0	0
0	0
0	0
0	0
0	0
0	0
0	0
1	2
0	2
0	2
0	0
0	0
0	0
0	0
0	0
0	0
0	0
0	0
0	0
0	0
0	0
0	0
0	0
0	644
53	845
5	621
0	761
0	390
5	267
13	329
2	60
0	161
0	93
5	35
74	2974
20	1030
6	1676
0	1137
28	2610
0	482
4	165
0	920
1	904
0	872
0	2969
2	7
17	16
0	87
0	86
0	32
0	303
11	301
1	93
3	298
0	17
0	19
0	45
2	37
1	32
3	16
0	16
0	22
0	23
0	0
0	0
24	95
449	271
6	153
37	120
13	12
6	12235
96	3572
0	6447
41	1451
0	3983
17	11071
43	1559
0	0
1	0
0	0
0	0
1	0
0	0
0	0
0	0
0	0
0	0
430	946
6	157
71	946
0	0
0	0
0	0
0	0
0	0
14	3390
0	3328
0	2360
0	2257
21	726
18	1187
0	0
0	0
0	0
0	0
0	0
0	0
0	0
0	0
0	0
0	0
0	0
47	1
0	1
124	216
0	216
0	0
2	132
7	135
8	24
0	54
11	149
0	1
1	149
0	0
0	0
0	0
0	0
0	0
2	436
0	454
0	510
13	11
0	139
0	66
0	6025
11	4179
0	4182
0	3034
0	1149
14	1069
4	536
0	508
134	131
2	5923
0	0
0	0
0	0
0	0
0	0
0	0
0	0
0	0
2	394
0	400
2	155
15	78
0	71
0	140
0	145
68	91
0	91
2	23
0	414
0	0
0	114
0	114
0	22
5	23
3	5
6	35
0	13
0	524
0	526
0	534
0	539
25	471
9	68
0	76
0	194
0	200
0	139
0	88
0	96
0	21
0	11
0	11
1	3
1	3
0	1
0	1
2	10
0	0
2	90
0	90
0	45
4	12
0	0
2	7
0	0
0	0
0	0
0	0
7	5
131	5
0	0
56	1048
0	1014
0	630
0	8
0	84
4	61
3	61
0	0
0	13
0	0
0	0
0	2
0	5
0	4
0	0
0	0
0	2
0	2
0	1
0	0
0	0
0	0
0	0
20	36
6	9
0	3
1	17
2	144
0	49
1	42
0	15
0	16
0	12
0	11
0	0
0	142
0	144
0	0
0	0
0	0
0	0
0	0
0	0
0	0
0	0
0	0
0	0
0	0
0	0
190	833
8	179
0	99
3	57
0	502
0	106
0	179
5	24
0	24
0	0
0	4
1	128
1	125
0	50
2	39
0	25
7	4
0	3
3	0
0	0
0	0
4	248
0	238
25	152
3	3
11	10
0	0
0	0
0	0
454	791
5	674
0	156
0	0
0	94
15	12
37	0
1	438
0	421
0	82
0	391
3	84
0	98
5	204
0	146
0	0
0	0
9	22
2	22
681	83
0	83
0	105
8	142
0	132
0	119
0	1
0	0
0	1
0	138
0	121
3	41
0	116
0	105
0	114
0	71
0	28
28	128
0	72
2	128
0	32
0	17
0	12
2	50
0	27
0	0
0	289
0	79
0	1609
189	2006
3	124
0	145
8	222
3	83
6	290
3	1381
14	1324
9	147
0	147
0	955
7	69
17	689
4	215
0	103
1	221
0	222
0	138
8	168
0	61
0	9
0	0
3	0
191	227
64	1
0	9
0	48
1	32
6	227
0	0
0	0
0	0
0	0
0	0
0	0
0	225
2	573
2	1
19	540
0	69
1	0
0	0
0	0
0	0
0	0
0	0
0	0
30	77
0	77
0	1341
0	1333
5	1254
0	201
9	47
8	942
8	81
2	110
0	165
0	181
0	116
0	93
0	1315
0	4248
19	4212
0	83
4	60
13	129
3	39
80	189
16	823
4	791
0	76
2	3962
10	2062
88	2037
108	1879
63	14
0	4
0	13
0	0
0	0
1138	4959
0	4839
10	3458
0	3647
316	3535
215	897
0	4703
0	3465
2	1160
578	126
0	678
0	653
5	674
7	117
20	59
8	215
0	72
5	174
43	182
0	70
0	102
38	6
0	30
7	20
0	83
27	56
0	8
0	38
1	3
0	36
17	115
0	57
5	78
2	62
1	14
0	14
0	3701
0	977
0	5
8	95
11	3670
0	3810
0	0
2	3899
44	50
0	3637
4	2633
0	488
2	417
1	341
2	623
11	9
67	113
0	182
18	0
0	0
1115	1030
63	1029
0	705
1	680
0	655
0	581
3	88
0	101
3	129
0	114
4	17
0	60
2	121
1	55
2	32
29	4365
0	1649
13	148
7	825
26	1858
27	149
4	91
3	334
0	0
8	319
0	319
1506	136
5	40
1	94
0	2
0	0
0	0
0	0
0	0
0	0
0	0
1	25
0	11
0	14
0	14
0	14
0	15
0	12
2	17
0	0
2	0
0	126
4	15
2	120
7	7
0	34
0	1
0	0
0	0
0	0
0	0
0	0
0	0
0	0
0	2
0	2
0	2
0	0
0	1
0	0
0	0
284	215
1	115
7	208
0	61
2	43
0	44
22	1986
0	1988
0	189
0	224
0	683
0	0
0	0
0	0
0	0
0	12
0	12
2	1
0	332
1	385
0	35
0	220
0	333
0	362
58	99
0	31
0	429
0	174
0	397
0	112
0	77
0	119
0	11
0	92
0	21
8	108
0	59
24	67
0	0
0	0
0	10
0	4
0	4
0	4
1	4
0	6
2	5
0	1
0	2
0	3
0	8
0	8
11	184
3	184
0	1
0	1
0	0
0	0
0	1
0	0
0	0
0	0
13	2
0	1
0	2
0	0
0	0
0	0
0	0
73	0
0	0
0	0
0	0
0	4
0	4
0	4
0	4
0	0
0	6
0	6
0	3
0	3
0	0
0	0
0	386
2	100
0	178
26	392
0	397
0	0
0	0
0	0
1	0
0	0
0	0
0	0
391	242
0	242
26	131
0	164
0	158
0	15
2558	12281
26	12281
2	948
0	0
0	183
13	44
13	67
54	183
3	20
0	13
0	8
7	7
0	12
5	12
0	0
0	0
214	640
0	651
15	670
0	659
0	697
0	179
0	599
0	103
0	538
0	85
0	143
55	123
0	61
1	76
2	65
19	157
0	160
0	76
0	34
0	8
0	689
0	0
2	1
0	1
0	0
0	0
0	0
0	0
0	0
42	1084
1	138
0	1084
0	310
6	9
11	429
3	207
1	211
7	221
0	208
2	35
2	39
1	15
1	4
0	21
48	26
0	26
0	0
3793	1715
77	1697
19	122
15	358
0	302
4	101
2	197
0	68
0	37
1	34
176	77
0	43
51	128
0	20
0	22
0	124
193	12
0	12
0	0
0	0
0	0
0	0
0	0
0	155
0	152
0	30
6	27
0	75
0	135
0	107
7	22
7	89
1	1
0	1
0	0
98	159
0	157
0	100
9	45
3	93
1	94
0	45
0	33
4	887
182	887
0	91
6	41
46	234
5	120
66	110
256	688
7	61
28	627
0	38
29	9
0	13
0	9
0	0
0	0
0	0
0	0
8	61
0	129
0	2
4	37
10	123
1	5
3	2
5	67
0	44
0	3
1	6
0	2
1	5
0	5
221	1636
0	1636
3	0
0	0
0	0
0	0
2	1577
1815	12094
0	0
0	0
0	257
12	236
2	240
0	20
0	7
4	51
0	92
2	72
1	0
2	71
1	77
0	86
0	43
0	31
0	14
1612	0
0	0
0	0
0	0
0	0
0	0
2	0
0	0
0	0
29	0
0	1888
0	1889
3	948
5	895
6	790
1	680
0	544
7	330
0	186
0	105
65	1974
1548	692
3	408
18	341
0	298
6	278
0	55
0	133
16	953
0	42
0	151
1	951
0	149
8	217
4	187
0	164
9	136
0	1
0	0
0	1
0	1
0	0
0	10
0	19
0	19
26	407
0	345
0	265
44	11
0	25
0	39
0	42
8	13
0	0
35	176
0	176
0	6
0	2
0	6
0	4
0	6
0	6
0	0
0	0
0	0
0	0
0	0
0	0
0	0
0	189
0	3
2	33
55	173
6	183
0	64
1	108
0	68
3	83
1	82
0	0
0	0
0	0
0	0
57	94
0	94
0	82
0	85
0	85
6	22
0	15
0	0
0	0
0	0
0	0
0	0
0	0
0	0
0	0
0	0
0	0
7	44
6	39
7	102
0	59
1	48
0	46
0	24
0	0
0	0
0	2
0	0
0	2
0	0
5	992
0	0
10	114
24	112
0	74
27	777
0	624
4	72
16	198
1	36
5	377
0	377
0	81
1	69
0	0
0	0
0	0
0	0
0	0
0	0
0	0
0	0
0	0
0	176
6	176
0	175
0	0
0	1
0	1
0	1
0	1
0	1
0	0
0	1
0	1
0	30
0	100
2	87
0	4
0	12
0	3
2	13
2	6
1	3
10	0
0	3
0	116
0	120
0	29
0	0
0	0
9	5944
0	7548
92	985
3	7180
0	6919
0	1488
0	4712
0	1705
17	387
0	0
0	0
0	0
22	404
1	348
1	177
0	167
0	39
0	36
0	29
0	18
0	0
0	0
0	0
3	0
0	0
0	0
1	1
0	0
0	6
0	6
0	6
46	50
0	50
111	85
2	5
0	22
15	58
0	52
1	9
5	132
1	132
5	3
0	24
0	1
81	537
3	334
0	497
0	210
22	138
8	228
0	230
1	32
28	21
0	29
0	28
0	109
0	19
0	9
0	29
0	109
30	20
0	20
0	0
0	0
0	0
0	0
0	0
46	0
0	0
0	0
0	0
0	0
0	13
0	0
0	0
0	0
0	0
0	0
0	0
99	37
0	25
0	13
1	0
26	848
13	848
14	499
0	173
0	150
0	57
4	114
16	69
0	0
0	0
0	0
48	25
1	25
0	23
0	0
0	0
0	0
117	318
68	318
0	0
0	0
0	0
1	362
90	1
5	1
1	3
2	1
0	2
0	112
0	328
0	340
0	86
0	8
3	54
7	1
4	4
0	363
0	40
0	40
3	32
0	35
0	35
0	35
0	32
0	32
0	35
1	19
0	1
0	1
0	1
0	4
2	315
0	315
0	142
0	74
0	16
1	14
0	0
0	0
119	113
0	113
0	0
0	0
0	0
17	680
0	665
41	686
0	687
0	734
0	1918
0	1660
4	693
0	1513
0	1229
2	926
0	541
5	395
0	542
17	164
1769	1080
37	117
0	252
0	235
0	226
0	42
5	0
0	0
2	16
0	4
0	16
0	2
0	4
0	4
1	0
2	306
35	352
6	340
2	0
0	271
73	433
30	433
197	21
0	11
0	9
0	10
0	189
0	178
0	140
0	108
0	108
0	106
0	94
1	88
0	96
0	85
4	85
0	35
0	54
17	49
0	7
0	31
0	24
10	25
0	25
0	16
19	17
0	17
0	3
0	0
0	0
0	191
0	191
0	189
0	0
0	0
0	0
0	312
4	252
0	262
0	160
0	160
0	214
0	40
3	5
0	9
0	297
0	0
0	0
0	0
0	0
0	0
0	0
0	888
6	756
57	831
1	157
0	168
0	98
67	467
8	88
0	0
0	0
0	0
0	0
0	0
0	0
424	853
0	46
0	169
0	832
41	0
1	1
0	1
0	0
0	0
0	0
0	0
0	0
0	0
0	0
74	257
201	285
17	209
2	185
6	133
91	86
4	969
0	927
6	243
4	89
4	89
0	67
9	0
0	0
0	0
0	0
0	0
41	1353
0	1353
21	53
15	253
71	5
0	50
0	127
0	118
0	219
4	219
8	176
10	105
5	130
521	0
0	200
0	338
0	262
0	297
0	259
0	131
0	93
16	6
21	0
0	21
15	6
2	7
0	38
16	6
0	6
6	4
6	0
0	0
8	2
0	0
0	0
0	0
0	0
0	0
2	0
0	0
0	0
0	0
0	0
0	0
0	0
0	567
0	554
0	512
0	399
0	386
0	355
2	419
0	400
0	389
0	419
0	419
1	382
0	18
1	53
9	14
6	1919
0	58
10	1638
40	1887
0	8
0	8
0	8
0	8
0	0
0	0
15	105
82	828
13	629
1	678
0	0
13	4840
0	677
0	507
137	4837
1	790
3	786
0	193
5	67
0	47
0	8
0	19
4	5
0	19
0	48
2	23
0	2
0	41
11	8
0	182
224	0
0	2
0	2
0	0
0	0
0	0
0	0
0	0
0	0
1	0
1	1270
0	1250
5	43
0	78
3	159
8	1226
5	1225
0	0
4	115
0	841
0	19
0	84
0	31
3	18
7	6
7	8
23	77
0	135
0	41
13	490
1	0
0	1261
0	0
0	0
0	0
0	0
0	0
0	0
0	0
0	0
0	5567
64	6084
5	4868
33	5887
0	0
0	0
0	0
3	0
0	0
1456	344
27	21
8	197
2	323
0	0
0	319
0	461
1	461
0	0
6	79
2	252
0	277
0	275
0	276
1	256
0	271
5	212
0	277
0	43
0	128
2	70
0	72
632	4637
0	0
0	0
0	0
147	0
4	0
25	175
3	84
0	155
0	23
0	15
0	77
0	77
158	128
0	84
0	21
5	14
0	21
0	16
0	0
0	0
0	0
0	64
1	63
0	44
0	43
0	5
0	15
0	6
0	8
2	3
0	0
0	10
1	11
0	1
0	122
1	95
0	111
0	83
13	0
21	0
0	1352
12	427
4	597
0	1290
0	0
0	0
0	0
0	0
0	0
0	0
0	0
0	0
1	257
0	164
0	219
1	125
7	2
0	2
101	8285
18	8284
0	8310
0	1795
0	686
0	4182
0	4265
0	157
0	3281
0	899
1	661
0	8284
0	7109
6	7808
0	8304
0	0
0	0
5	350
0	352
0	357
4	43
0	178
0	43
0	80
0	53
0	53
0	42
9	134
34	101
0	22
0	55
1	35
2	27
0	12
0	2
0	15
0	15
0	9
0	9
0	8
0	2
0	1
0	2
0	1
0	6296
11	5781
0	1344
2	4034
9	6260
17	2793
2161	699
9	693
0	346
8	163
14	0
0	0
0	0
0	0
0	0
0	0
0	0
0	0
418	11
10	11
0	38
173	38
0	0
0	3
0	3
0	4
0	2
0	0
0	0
0	0
0	68
2	54
4	67
0	67
0	13
3	44
0	63
71	312
4	46
0	10
29	275
1	241
0	68
0	55
12	64
27	64
521	1216
2	137
9	370
0	366
2	311
0	0
0	0
0	0
0	0
0	0
0	0
0	0
0	0
0	0
0	0
0	0
26	71
77	493
7	491
0	59
0	73
0	7
176	78
0	13
7	3
3	6
0	0
0	0
0	0
0	0
0	0
26	1073
0	100
0	204
0	974
0	170
51	1031
0	115
2	245
2	36
0	387
8	392
5	93
1	184
1	60
0	4
0	589
1	475
26	79
1	576
2	161
21	156
0	73
0	393
17	264
0	7
3	24
0	34
0	132
25	77
22	151
0	79
91	783
142	650
1	755
108	654
2	249
1	607
0	423
17	8
1139	142
12	142
0	0
0	0
0	0
0	0
0	0
0	0
0	0
0	1
0	1
1	0
0	0
1	0
0	0
1	0
1639	624
136	624
0	81
18	149
0	265
0	185
0	204
59	166
0	0
0	0
0	0
0	0
0	0
0	0
0	0
719	0
0	15
0	8
0	21
0	16
2	18
1	102
1	90
4	93
0	86
0	85
3	73
0	25
0	22
0	25
0	5
0	3
0	0
0	0
0	0
0	0
0	0
0	0
0	3
0	0
0	0
0	0
0	3
5	0
0	10
0	0
0	0
4	0
0	0
0	22
0	25
9	4
0	4
0	4
2	0
0	0
11	155
0	150
6	50
2	71
1	5
69	849
33	807
8	414
9	408
11	303
32	155
0	45
53	118
0	847
1528	242
18	242
0	62
1	38
0	62
145	311
2	276
0	210
5	135
0	51
3	12
9	1122
0	1124
0	1104
3	98
170	595
0	1392
0	0
0	0
0	0
0	0
5	199
19	199
0	10
0	263
0	270
0	317
0	317
0	317
0	329
0	251
0	114
0	47
0	47
2	124
1	124
0	18
0	12
9	0
0	1219
1	23
0	54
4	1104
0	955
0	97
0	840
4	808
0	1168
0	1175
2	25
0	46
0	682
0	113
5	66
3	58
0	82
1	291
0	1216
0	1244
0	74
0	0
0	0
0	0
0	0
0	0
0	0
0	0
0	0
0	0
0	0
0	0
9	3042
2	1363
0	121
3	78
0	38
0	1364
0	0
0	0
16	1490
202	1224
0	1224
13	74
1	207
0	0
0	304
2	126
0	260
0	0
0	11
0	50
1	181
0	145
0	185
0	158
0	144
0	5
1	16
0	28
3	16
0	29
0	26
0	10
0	0
179	47
0	41
4	6
39	6
6	0
0	0
3	496
0	511
0	227
0	287
1	219
0	128
3	1
0	1
0	96
353	96
19	30
0	37
251	747
0	688
1	306
0	0
0	0
0	0
209	392
0	0
0	0
0	0
0	0
0	0
0	0
0	0
0	0
0	0
0	0
0	0
0	0
0	0
0	0
0	0
0	0
0	0
0	0
0	0
0	0
0	0
1	8
0	8
0	0
0	5
0	0
0	8
0	0
1	0
0	0
1	1000
0	931
0	914
21	890
0	953
1	103
1	150
10	117
0	0
0	0
0	0
0	0
0	0
0	0
0	0
0	0
0	0
1	0
245	76
0	76
8	23
4	3
1	31
0	22
0	202
30	32
0	203
10	197
0	0
0	1
0	1
0	1
0	0
0	0
0	0
32	738
1	726
0	611
8	283
0	217
0	317
12	461
0	201
1	446
50	616
3	140
0	77
0	511
0	322
0	837
0	201
0	915
5	535
0	2
0	2
0	43
1	43
3	38
1	1
7	12
0	1
1	1
0	0
0	0
6	2240
13	2217
1	1967
0	915
14	415
10	5372
1	5220
0	5278
0	5270
0	5209
0	5202
0	5277
0	5170
0	5365
0	5333
0	5416
2	324
56	832
0	448
3	144
2	5277
0	34
2	34
0	0
0	0
0	0
0	0
0	0
0	0
0	1
0	7
0	7
6	29
5	106
0	44
0	130
0	329
2	255
0	123
0	2
0	354
2	0
0	0
0	0
0	0
0	0
0	1286
0	1396
0	1201
10	360
0	161
0	412
1	486
0	428
0	252
0	287
0	26
19	148
0	874
9	717
2	3036
328	545
51	126
1	823
5	1004
0	1642
0	2985
0	0
0	0
0	0
0	0
0	0
21	721
0	644
3	217
3	84
18	76
0	34
77	63
12	64
4	18
142	0
14	0
0	6
0	6
0	5
0	1
0	1
0	134
0	128
0	0
0	24
0	4
0	130
0	0
6	5
4	5
1	5
0	0
0	1
0	0
0	0
0	0
0	0
0	0
10	27
0	26
0	7
0	3
6	714
4	168
0	550
5	383
0	616
3	279
1	415
834	2073
0	0
0	0
0	0
0	0
0	76
14	121
2	516
0	399
0	141
0	81
49	120
0	73
5	63
21	640
934	170
1	170
0	0
9	28
3	57
423	85
196	219
0	219
4	29
1	12
25	45
1	13
0	13
311	227
1	229
0	221
1	198
0	181
13	34
1	137
56	11
0	193
0	198
56	2421
0	484
33	34
2	26
0	394
14	48
0	75
2	89
3	104
39	410
0	0
0	0
0	0
48	2536
2821	491
8	90
17	401
5	986
5	4005
73	171
0	92
1	7
3	61
0	37
0	23
12	26
0	26
26	38
0	7
0	19
0	0
0	2
0	2
0	2
2	0
1	41
0	8
1	1
0	40
52	51
0	51
0	1
0	40
0	40
0	40
0	40
0	40
0	40
0	40
0	3
43	1
0	1
0	66
956	66
9	1006
50	15
0	859
58	1004
26	540
0	671
0	248
0	59
11	79
0	112
0	1
0	1
0	1
0	1
0	1
0	1
3	478
0	149
0	119
0	165
7	321
14	35
1	35
1	0
0	0
0	0
0	0
0	0
0	0
0	0
0	0
0	0
0	0
0	0
0	0
0	0
0	0
0	0
359	0
201	142
2	142
1	121
0	0
0	0
0	0
0	0
0	0
0	0
0	0
0	0
0	0
0	7
0	7
0	0
0	0
0	0
0	6
0	7
1	111
0	111
0	0
0	0
0	0
0	0
0	0
8	5
0	5
0	0
0	0
0	0
0	265
0	7
0	280
0	77
770	0
43	0
27	25
0	25
0	0
0	0
0	0
0	0
0	0
0	0
0	0
0	0
0	0
0	1
0	0
0	0
0	1
0	0
0	1
0	1
0	1
30	410
0	353
0	307
0	186
0	273
0	67
2	50
0	99
0	181
0	446
0	55
0	4
0	2
0	470
0	469
7	13
0	1372
0	1481
0	709
0	416
0	306
0	297
3	135
97	72
3	70
0	70
12	15
3	7
0	4
0	0
0	0
0	0
0	0
0	0
0	0
397	719
53	558
15	161
221	5
0	0
0	0
0	0
0	0
0	0
0	0
0	46
1	23
117	106
0	86
0	0
0	1056
0	0
0	0
0	0
86	0
0	0
0	0
0	0
0	0
0	0
0	0
0	0
0	0
0	9
3	9
0	0
0	0
0	0
0	0
0	1
0	0
0	0
0	1
0	0
0	0
0	0
1	0
0	0
0	0
0	0
19	36
0	311
0	224
0	311
0	202
6	296
0	19
0	109
1	0
0	333
0	1
0	112
11	186
46	129
3	353
34	26
0	99
0	0
184	160
0	3
0	151
0	9
4	23
0	10
0	24
0	23
0	2
0	0
295	31
0	29
19	28
0	12
0	3
0	0
0	1
0	3
0	3
0	0
5	510
0	735
16	188
0	23
0	709
0	157
4	531
16	378
6	32
0	104
30	143
288	476
0	302
2	0
2	44
1	208
0	58
32	115
0	71
0	105
0	4
1	6
0	89
2	19
0	1
0	1
0	1
93	180
0	178
0	172
0	15
0	19
0	7
3	4
0	0
0	0
0	0
61	103
0	91
0	0
0	12
0	0
0	0
0	0
0	0
0	131
0	77
0	54
1	1
0	1
0	0
0	0
0	0
0	0
0	0
0	0
464	555
1	307
2	248
3	0
0	0
0	0
0	0
45	669
3	669
0	1
1	313
0	313
183	133
3	36
7	62
0	315
0	124
0	81
0	83
35	214
0	315
0	0
1	0
0	0
0	0
0	0
0	0
0	868
7	835
0	833
3	417
0	414
4	171
14	103
0	27
5	8
44	1322
0	0
638	161
1	134
0	2
1	27
0	73
3	67
0	68
5	14
16	1616
0	1
0	0
0	0
0	0
0	0
0	0
0	0
0	0
0	0
1	0
0	0
0	0
0	13
0	18
0	0
0	0
0	0
0	0
0	0
25	456
0	51
267	449
0	335
7	27
0	27
0	22
1	21
0	0
0	0
0	0
1424	904
37	175
0	50
1	287
23	248
0	340
1	111
0	0
0	0
0	0
0	0
1	81
0	48
18	167
42	474
786	474
0	70
339	329
1	236
0	0
0	0
0	0
0	0
0	0
0	0
0	0
0	0
0	0
1	531
688	1225
2	552
10	374
424	1571
4	484
180	210
14	20
4	201
0	1370
11	5
1	1
15	4
0	6
0	0
0	0
2	11
0	0
0	0
0	11
4	1
0	1
0	0
4	0
0	0
0	0
0	0
0	0
0	0
0	0
0	0
0	0
0	0
48	42
0	6
9	10
0	42
17	50
1	61
0	36
0	0
3	0
0	0
0	0
1	1
0	1
0	1
0	1
0	1
0	1
0	1
0	1
0	0
0	1
0	0
325	275
0	231
0	128
5	28
74	23
8	8
0	22
0	22
0	0
0	0
0	0
0	2
0	1
0	1
0	1
0	0
0	0
0	2
0	22
0	22
0	5352
44	5368
0	0
23	10
0	6
2	1
0	5
0	2
0	0
0	5
0	24
7	115
9	9
2	0
4	113
0	72
10	85
0	0
0	7
0	1
0	1
0	1
0	1
0	1
0	1
0	1
0	1
0	1
0	1
0	1
0	1
0	1
0	1
0	1
0	1
0	1
0	1
0	1
0	1
0	1
0	1
0	1
0	0
0	0
0	0
0	0
0	0
0	0
0	1
0	1
0	1
0	1
0	1
0	1
0	1
0	1
0	1
57	3
0	3
0	0
0	0
0	0
0	0
0	0
3	2
0	2
13	121
9	33
1	121
0	40
7	26
0	0
0	0
0	0
0	0
0	0
1	13
8	13
0	39
1	4
0	8
0	5
0	9
0	39
1	0
0	0
0	0
0	0
0	0
0	230
0	225
0	96
52	26
9	226
23	227
0	0
0	0
0	0
0	1219
0	1919
2	1592
63	232
6	55
1	126
5	127
0	1166
3	23
0	23
0	1985
8	2277
33	162
1	231
11	124
5	2139
0	0
23	4208
0	4350
0	4245
255	699
0	5546
0	5916
0	5663
126	1114
0	1219
25	193
0	1695
412	2477
0	4615
33	0
558	0
0	136
43	134
4	32
0	1
1	78
0	12
0	38
0	25
0	20
20	0
0	133
0	136
86	165
0	163
1	100
0	52
0	44
8	13
0	398
242	403
0	38
0	0
19	631
0	563
0	644
7	152
13	48
8	0
3	144
0	70
0	394
0	394
0	0
1	1
4	1
182	338
0	17
0	325
0	26
1	24
4	5
0	10
0	16
121	14
2	14
15	319
0	319
2	274
2	4
0	65
0	0
0	458
0	416
0	1
0	429
0	47
0	444
0	17
0	19
1	49
0	364
0	17
3	253
17	388
0	89
0	79
0	25
0	4
0	18
0	45
1	430
0	20
0	9
0	8
0	200
6	3
0	38
0	407
0	7500
0	7473
0	7370
6	12
0	3
27	64
8	4
0	57
0	12
0	1
0	0
0	1
0	0
25	0
0	0
0	0
0	0
0	0
29	203
3	195
0	91
0	68
1	3722
0	146
0	161
0	146
1	116
0	161
0	53
1	43
68	260
76	270
0	61
12	180
30	116
0	0
0	0
0	0
0	0
17	567
1	559
45	155
0	532
1	465
19	500
0	66
15	87
11	22
48	32
15	21
49	11
38	2124
0	391
42	2425
1	2258
0	424
1	762
0	91
52	442
0	1014
46	237
2	867
0	1019
39	645
6	747
0	155
106	40
3	729
0	0
0	0
0	0
0	0
0	0
0	0
0	0
173	203
0	202
1	1
57	139
5	139
0	85
0	83
0	60
0	50
0	48
3	12
0	10
1	10
0	2759
0	0
0	0
0	0
0	0
0	0
0	0
0	0
0	0
0	0
0	0
0	0
0	0
0	0
0	0
4	688
0	639
0	51
16	0
2	109
0	39
515	0
14	221
122	375
25	154
2	310
0	264
1	43
0	38
0	3
2	142
0	9
0	11
2	26
0	57
0	68
1	27
0	24
1	29
9	17
0	46
0	2
0	2
0	2
0	1
0	0
478	617
10	46
47	0
5	438
1	182
7	102
1	0
0	54
0	0
46	12
12	124
0	0
0	0
0	0
0	0
0	2
0	0
0	0
0	0
0	0
0	0
0	0
0	0
0	0
0	0
0	0
0	0
0	0
0	2
0	2
0	0
0	0
0	0
0	0
0	0
0	0
90	962
0	954
0	944
0	939
0	917
0	882
0	734
0	785
0	95
0	47
0	59
0	112
0	35
4	40
0	12
0	9
0	896
0	952
0	939
0	0
0	0
107	17614
6	131
3	746
140	17614
134	0
20	0
2	0
0	0
5	257
0	193
2	98
0	0
0	0
0	0
0	0
0	0
0	0
0	0
1	0
0	262
0	326
0	305
0	313
7	74
0	51
0	314
0	0
0	0
0	0
0	0
0	0
0	0
0	0
0	0
0	0
0	0
0	0
587	0
0	0
0	0
185	421
0	421
3	47
2	1
1	25
56	59
0	78
908	662
6	662
1	371
4	0
45	651
0	651
0	0
0	0
0	126
1	126
154	53
0	62
16	1
16	30
0	30
0	32
0	0
0	1
5	17
16	438
11	194
6	375
2	416
74	627
6	296
886	700
4	168
1	692
0	160
6	0
1	181
10	207
1	53
0	2
0	2
0	2
0	0
0	762
0	821
0	787
0	806
0	99
0	804
0	302
0	756
0	731
0	40
1	826
0	792
0	802
4	41
0	770
0	698
0	629
0	250
44	85
0	196
0	20
4	209
0	0
0	0
0	175
0	221
0	34
0	1224
0	1235
24	458
13	178
3	493
0	159
0	916
0	26
0	1181
0	55
0	495
0	582
0	1
0	40
0	76
1	39
0	916
86	2762
8	178
24	181
0	173
0	32
0	10
29	17
0	7
0	0
116	376
0	346
0	3
7	155
0	133
18	41
1	124
0	43
7	92
0	0
0	0
0	0
12	3722
1	216
0	223
0	215
2	75
0	118
0	106
3	93
0	85
0	66
0	2
1	9
21	5
5	283
9	37
0	227
0	13
4	34
0	23
1	12
3	51
1	137
4	13
0	0
0	0
0	0
0	0
0	0
0	0
0	0
0	0
0	0
0	0
0	0
0	0
25	381
8	383
0	278
0	317
2	146
3	60
5	59
0	34
0	0
0	0
0	0
1	0
2324	1162
30	0
2	1162
52	140
0	176
0	240
0	204
0	43
0	37
0	0
0	0
0	0
0	0
0	0
0	0
395	154
14	154
62	0
0	0
0	0
0	0
0	0
0	0
0	0
0	40
37	40
10	53
41	242
0	242
4	223
2	219
0	234
0	226
0	234
0	160
3	11
0	14
0	21
0	21
20	11
1	11
1	3
0	3
0	4
0	4
0	2
0	0
0	0
0	1
0	0
0	0
0	0
91	93
0	1597
4	64
0	88
0	246
3	1317
26	80
0	1680
0	160
38	101
0	1078
6	130
9	978
2	59
18	582
0	592
0	661
0	477
0	338
0	236
0	173
0	176
0	182
0	198
0	176
0	79
1	110
0	86
0	0
0	0
0	0
0	0
0	0
0	0
0	0
0	0
0	0
0	0
0	0
5	479
0	65
13	430
3	62
0	208
1	141
3	470
0	21
0	41
2	0
0	138
0	479
0	0
0	0
0	0
0	0
0	0
0	0
0	1185
11	1230
2	267
0	84
0	1230
1	61
38	61
14	151
0	8
0	27
2	151
0	4
0	151
0	99
0	99
0	0
0	0
1469	376
0	79
2	51
1	247
0	882
53	273
0	503
247	1221
0	152
0	94
45	137
0	600
3	1109
0	408
0	429
0	230
0	126
7	90
0	141
0	82
89	13
2	512
0	46
331	503
0	7473
0	7439
5	913
684	857
0	809
78	163
0	0
0	0
0	4
0	6
0	6
0	2
0	0
1	0
0	2
0	0
0	0
643	220
0	169
4	51
0	0
266	929
6	279
0	318
11	401
14	338
19	298
3064	0
0	0
0	0
0	0
0	885
0	715
0	860
0	864
0	802
2	615
6	624
0	674
0	145
0	618
0	556
0	508
0	570
50	439
0	477
0	465
0	273
0	138
0	257
0	237
5	107
0	908
86	585
0	10
3	214
0	137
0	24
0	160
3	188
6	130
1	27
1	379
0	360
1	596
15	488
6	5
0	184
0	5
2	176
4	5
2	172
0	185
59	696
2186	696
0	14
0	0
0	0
0	0
0	0
0	0
0	1174
35	1176
2	339
0	1165
4	86
3	73
50	141
0	136
0	2
0	2
0	2
0	0
0	2
0	2
0	2
0	2
0	285
0	261
0	64
0	39
0	50
497	105
0	96
0	49
0	9
5	2
0	1
2	1
0	1
1	0
0	0
0	0
8	646
64	1010
60	673
8	280
0	40
0	51
1	27
0	46
0	32
0	17
0	4
0	9
0	2
0	37
0	0
0	0
0	0
0	0
0	0
0	0
0	0
0	0
0	0
0	0
0	0
0	0
0	0
0	0
71	10893
10	3216
0	3121
65	3071
0	5295
0	2855
0	0
0	0
0	0
0	0
0	0
0	10
309	270
0	270
510	226
2	226
20	20
39	333
0	332
0	328
0	311
0	37
0	28
6	54
0	88
0	48
0	26
3	14
2	11
1	0
1	0
0	0
1	8
0	0
0	8
0	0
0	2
0	0
0	2
613	241
0	241
0	0
0	0
0	0
0	0
0	0
22	230
0	208
3	64
0	87
1	86
3	89
0	13
0	19
0	81
0	175
0	1
0	2
0	2
0	1
0	0
0	0
0	0
0	1
0	0
0	0
0	0
0	0
0	0
0	0
0	0
2	6
0	6
44	64
0	21
0	9
3	132
0	150
7	149
1	41
0	56
0	56
0	87
2	868
14	809
1	652
4	127
1	283
1	174
0	3
0	3
0	0
0	0
0	0
0	0
0	0
4	3227
0	3230
0	2075
0	1716
2	1783
0	1751
0	611
0	332
0	814
0	298
0	262
6	112
4	148
3	169
1	143
1	50
0	24
0	0
0	1
3	1
24	148
25	137
1	62
1	32
0	3
2	4
0	0
0	1
0	1
9	286
0	283
2	281
0	177
0	125
3	123
0	8
0	286
0	0
1	23
1689	326
0	315
6	16
0	144
0	172
0	0
0	0
0	0
0	0
0	0
231	22
0	2
2	16
0	16
1	15
0	140
0	96
9	0
0	1
0	1
0	1
0	1
0	0
0	0
0	1
10	793
46	127
0	529
4	772
0	402
0	283
0	10
3	10
5	0
1	14
0	14
6	3
0	4
0	1
0	0
0	0
0	0
0	0
7	3147
0	3011
0	2875
0	3122
0	3350
150	3210
9	114
36	288
34	56
0	263
0	236
2	248
4	155
1	30
0	26
3	42
0	77
7	250
0	1364
0	730
0	680
2	12
0	852
0	917
0	940
0	943
0	826
0	897
0	907
0	882
0	874
0	1316
0	887
0	857
0	970
0	831
0	912
2	828
4	76
0	70
16	85
48	23
20	20
0	0
0	1
0	0
0	1
0	0
0	1
0	0
0	0
6	0
0	0
0	8
0	8
13	3
0	1
0	0
0	0
0	2
0	56
547	134
0	69
17	9
0	0
6	106
1	102
0	52
11162	448
5	418
0	30
0	559
15	567
0	578
6	556
1	178
10	311
0	216
0	354
1	258
0	49
1	28
0	59
1	33
0	559
0	5
0	5
282	768
1	768
1	576
2	363
79	258
0	238
0	3
0	3
0	2
0	539
1	513
2	42
0	49
0	12
18	46
0	133
13	99
0	499
24	290
0	504
0	106
7	63
0	95
0	100
2	1
0	13
3	0
4	3
0	7
1	4
1	13
0	106
39	271
2	17
19	10
0	271
16	643
0	434
1	318
17	19
0	28
3	18
0	623
0	643
11	19
0	2
0	0
0	17
0	1
0	0
0	4
80	95
1	95
0	214
2	214
0	0
10	2838
4	2838
0	177
4	172
0	15
97	60
0	55
3	60
3	51
17	54
4	1
1	0
4	249
4	249
11	193
1	196
0	251
4	1
0	1
0	0
0	0
0	3274
7	2048
8	303
15	1
7	0
35	27
0	1062
0	197
0	1052
18	29
0	880
80	699
3	359
0	309
0	158
0	37
37	0
1	3266
0	0
2	495
55	672
12	71
0	635
0	629
0	99
0	327
1	67
0	11
17	15
0	24
72	129
0	138
0	18
0	35
0	108
0	105
0	34
5	43
23	35
5	34
2	44
0	0
0	0
0	0
0	0
0	0
16	106
8	51
0	106
4	0
0	119
1	89
0	111
0	52
0	32
0	41
0	37
0	11
0	106
50	10
12	10
0	175
8	139
0	164
0	141
6	25
0	175
0	64
0	28
0	120
0	13
0	175
372	75
0	75
0	0
2	254
42	362
0	49
0	79
1	22
131	187
0	190
133	11
0	162
5	37
0	149
0	33
2	11
6	0
0	142
1	53
0	10
1	16
0	144
46	969
217	1457
0	797
1	544
0	502
16	266
53	305
0	262
2	157
1	200
0	0
0	779
4	668
8	649
0	297
0	497
22	177
0	149
0	105
0	62
0	22
0	22
0	132
0	100
0	54
0	42
0	17
1	17
1	54
0	37
0	778
533	186
0	33
5	126
0	51
0	292
0	276
2	275
0	100
1	52
0	52
1	263
47	61
0	72
22	156
0	38
28	7
0	0
1	747
11	744
0	153
0	31
0	323
1	67
4	82
0	64
0	109
14	70
11	31
10	295
0	131
0	44
0	0
0	0
0	0
0	0
0	0
2	0
0	0
0	190
0	190
0	147
0	105
0	0
0	0
0	0
0	0
0	0
0	0
0	0
241	305
0	62
6	119
1	61
0	82
0	29
1	64
0	0
0	0
462	745
0	436
0	127
4	382
0	276
4	96
490	84
0	64
1	49
315	103
5	7
0	7
0	7
0	7
0	1
0	0
0	0
0	0
0	7
0	7
0	20
0	21
0	27
3	6
1	28
0	27
0	9
0	3
51	47
4	48
4	5
0	2
2	0
0	0
0	0
0	20
0	20
0	2271
303	2747
40	5
0	201
0	146
4	659
3	262
1330	769
0	769
0	13
0	16
1027	1898
0	869
2	798
0	670
0	0
0	64
0	61
0	265
0	90
0	176
0	54
0	146
1	28
0	121
2	25
0	130
0	56
0	47
0	81
0	262
1	72
0	218
0	213
1	67
3	70
0	62
0	38
1	49
1	49
0	50
0	63
0	25
0	208
0	32
0	144
0	107
0	38
2	87
0	133
4	9
307	66
8	66
0	11
4	15
3	13
0	13
0	2
0	0
0	0
0	0
0	0
0	0
0	0
0	0
0	0
0	2463
0	2258
119	871
0	1486
0	194
0	0
0	0
0	0
32	140
14	66
5	41
0	57
1	38
214	0
0	0
614	67
11	67
6	0
0	19
0	19
0	19
0	9
0	22
0	23
0	2
0	1
0	5
0	1
0	12
0	0
2	32
0	32
1	21
0	9
1	186
0	176
0	11
0	16
0	3
4	170
0	0
0	0
0	0
2	2
0	2
0	2
0	1
0	0
0	0
0	0
0	0
0	2443
1	958
0	1285
2	760
1	524
43	523
1	149
0	2443
0	0
369	27
0	27
15	38
0	47
0	7
12	107
20	594
2	46
6	21
75	489
4	3
0	0
12	81
12	81
7	119
1	220
2	191
0	196
19	122
0	1
1	7
2	5
0	2
4	92
0	89
17	107
3	45
12	56
0	116
0	13
8	116
0	97
10	56
1	28
0	10
0	0
0	48
0	84
1	124
3	147
0	3
0	19
0	1
11	2
5	7
4	71
321	134
0	70
12	47
11	57
4	27
0	37
0	18
7	35
2	29
0	29
0	31
14	148
0	155
0	20
0	0
0	0
0	0
18	703
49	602
0	585
0	575
0	347
0	227
62	0
0	696
0	15
0	0
34	0
126	35
0	35
0	106
0	110
23	84
0	0
0	0
0	0
0	0
0	0
0	0
0	412
0	400
0	265
2	31
0	77
0	112
3	35
0	100
17	120
0	58
2	45
4	38
0	32
33	31
0	25
0	25
38	40
0	1
0	33
1	19
1	0
5	2217
0	2165
1	2121
5	1757
0	1519
0	1562
3	443
4	164
2	0
294	0
0	196
0	64
1	97
1	181
1	79
6	181
0	17
0	21
15	8
27	44
1	10
0	46
3	46
29	42
1	27
0	0
0	0
3	94
3	74
0	101
0	97
0	18
2	44
0	29
0	41
0	34
1	126
17	359
2	359
50	126
5	13
10	767
3	755
0	728
0	393
0	37
0	192
4	14
0	122
1	58
38	0
0	12
0	2
65	0
0	1
0	0
0	0
0	0
0	1
0	0
0	0
0	1
0	0
0	1
0	0
0	1
0	1
18	2040
0	1995
0	1437
1	49
26	14
0	142
0	114
8	98
55	79
3	0
1	80
0	27
1	142
1	147
0	107
0	113
6	33
0	20
4	15
5	19
7	9
0	4
0	0
44	0
0	0
0	0
0	0
9	0
0	0
0	0
0	0
0	0
0	0
0	0
0	0
0	0
0	0
0	0
1	0
101	0
0	0
0	0
0	0
0	17
0	18
0	15
0	15
0	0
0	1
0	2
0	2
0	9
0	8
0	2
0	0
0	0
0	18
0	18
0	17
1706	273
0	190
57	83
0	0
0	0
0	0
0	0
3	8
0	8
0	6
1	0
0	0
2	0
20	27
1	574
0	1041
0	928
1	821
4	737
0	1024
0	1028
2	276
1	106
5	57
6	120
0	0
0	0
2	5
0	3
0	4
0	1
0	0
0	0
0	0
0	0
0	613
12	3
0	611
0	497
0	497
0	614
3	612
0	36
0	18
1	72
0	23
0	79
3	0
0	0
10	0
0	14
0	14
0	14
0	14
0	12
0	2
1	2
0	2
0	1
0	1
0	1
0	1
0	1
0	1
0	1
0	1
0	1
0	0
0	1
0	1
0	0
1	8
0	8
0	2
0	6
0	61
0	66
1	59
0	67
0	58
3	15
1	0
41	743
8	745
6	593
1	119
5	134
0	113
0	111
3	52
8	41
0	0
0	0
25	66
11	66
0	30
0	95
0	1
6	13
0	85
0	93
5	13
0	8
1	12
1	8
5	6
1	373
7	364
0	266
2	266
0	373
0	11
0	9
0	11
0	5
2	166
0	58
0	126
0	149
1	91
0	84
88	8
1	1525
1	1500
0	1401
0	1340
17	1491
2	857
0	886
6	45
0	60
0	857
37	0
0	117
3	0
0	3
3	55
1346	1805
0	494
0	136
0	1175
2	106
10	171
141	898
1	818
5	23
3	160
1	186
11	184
0	74
0	40
294	26
0	34
30	10
0	2
0	0
0	0
0	254
0	254
1	255
2	255
0	97
2	141
0	0
0	0
0	0
0	0
1	1
0	1
0	0
325	25
2	12
0	13
532	7
1	0
2	316
0	259
0	346
2	2
0	0
0	0
0	0
0	0
0	0
12	16
201	193
2	177
0	0
12	47
0	6
0	41
0	0
0	0
0	0
0	0
0	0
0	0
0	0
4	32
0	32
3	159
0	96
2	5
0	5
0	0
0	0
0	0
1	0
35	1845
0	355
0	57
20	1787
1	220
0	617
1	418
0	627
3	0
0	0
13	454
2	212
16	260
1	112
7	396
0	107
2	108
0	0
2	623
49	838
62	592
9	802
4	802
11	689
0	440
0	904
0	0
0	0
0	0
0	0
0	0
0	0
296	496
1	497
8	377
4	0
243	131
0	70
0	2
0	34
0	48
0	243
9	2
4	52
0	236
1	74
2	54
3	23
4	20
35	21
123	49
0	25
0	4
0	41
0	0
0	0
0	0
0	0
0	0
0	0
0	0
5	397
43	397
4	8
0	0
0	0
0	0
0	0
0	0
0	0
0	0
0	0
0	130
5	130
38	0
0	130
2	111
0	0
0	0
27	278
0	82
0	109
0	99
0	79
27	199
1	55
0	24
16	280
1	279
0	28
0	534
7	337
1	489
0	501
9	531
2	261
2	126
0	72
4	0
0	534
0	0
0	0
0	0
0	858
0	695
0	539
0	650
2	137
0	118
8	210
3	89
0	126
2	109
0	753
0	788
0	835
7	0
0	0
0	72
0	0
0	2604
0	2004
7	189
1	1007
10	431
0	2565
16	1651
0	1678
2	1348
1	107
15	48
49	1181
1	88
3	154
7	239
1	511
0	511
0	507
0	323
0	184
0	145
0	29
0	45
0	36
41	0
0	0
0	0
0	0
0	0
0	0
0	0
0	0
0	0
0	0
0	0
0	0
0	0
0	0
0	0
0	2
0	2
0	11
0	11
3	11
2	9
0	0
0	11
0	0
0	1
0	1
0	0
0	0
0	1
0	1
2	0
0	0
0	0
0	0
0	0
0	0
0	0
0	0
0	0
0	0
0	2
0	0
0	0
0	1
0	0
0	0
0	2
0	2
100	0
0	0
0	0
0	0
0	0
0	0
0	0
0	0
0	0
0	0
0	0
1782	377
0	46
4	154
0	177
480	1252
0	1252
0	155
2	210
1	295
10	48
0	0
0	0
0	0
0	0
0	0
16	0
0	0
0	0
26	39
0	39
0	29
0	0
0	0
0	63
0	44
0	20
0	18
16	62
0	31
5	10
0	10
436	10
77	1956
0	1072
0	1792
43	599
3	420
148	205
3	294
2	104
1	104
2	134
7	116
32	26
0	369
0	394
0	376
0	388
0	25
3	31
0	65
4	8
11	47
0	103
0	76
0	94
0	68
0	93
0	38
0	22
7	16
0	21
383	299
2	292
12	7
0	4
0	4
63	7
0	150
0	27
1	1942
4	103
1	1937
2	146
4	616
0	217
4	350
0	0
0	0
0	0
0	0
0	0
458	28
3	28
0	0
0	0
0	0
0	0
0	0
6	4260
0	1005
0	4106
4	4175
0	576
2	107
5	112
7	206
0	371
2	411
8	498
0	0
4	2
0	4
1	6
0	0
0	5
0	0
0	1
0	5
0	0
0	4
0	2
0	0
0	0
0	0
0	0
0	0
0	0
463	312
1	312
0	0
0	10
0	18
0	6
2	116
0	223
70	213
0	0
0	0
0	0
0	0
0	0
0	0
0	0
0	1
0	1
0	0
1	0
3	0
0	0
0	0
0	225
0	1332
4	1231
0	1244
0	187
17	1122
58	67
12	60
75	437
0	227
0	272
0	236
7	382
0	281
13	191
0	2
1	2
0	2
0	2
1	0
0	0
0	1
0	1
0	0
0	0
0	0
0	0
0	0
9	79
2	52
0	65
0	91
0	29
0	1142
0	27
0	337
9	38
0	25
2	61
0	41
35	582
0	7
9	1142
0	114
0	100
1	39
0	946
0	1112
0	78
0	203
0	20
0	0
0	0
0	0
17	77
0	50
0	46
0	2
0	2
347	160
0	328
241	1250
20	1255
0	647
33	432
0	106
0	0
0	0
0	0
0	0
3	0
0	0
0	0
125	62
7	58
0	14
0	0
0	0
0	0
0	0
0	0
0	0
0	0
0	0
0	0
0	0
30	132
1	132
0	96
1	17
0	0
0	0
0	0
0	0
0	0
1	0
0	0
0	0
591	998
8	978
3	198
49	178
117	199
1	160
11	174
17	124
14	128
0	2
0	2
0	0
0	0
0	0
0	0
0	25
0	0
0	0
83	99
0	29
1	11
1	67
0	0
0	49
0	0
1	0
0	0
4	328
27	318
5	186
0	68
0	112
1	72
0	82
2	18
61	880
1	90
11	81
2	880
6	11
0	74
0	58
4	38
0	0
2	68
0	65
0	39
1	20
2	0
0	9
0	0
201	1254
8	1248
2	251
112	52
0	39
0	52
0	1050
0	1033
0	567
0	161
0	650
8	208
4	11
10	71
0	0
0	0
21	537
26	461
4	54
4	160
0	527
162	235
3	235
0	73
5	34
152	2140
21	841
0	1495
41	11
9	763
171	64
0	0
46	635
1	626
4	143
2	172
2	24
3	1
0	24
0	36
2	36
0	0
0	0
0	0
0	0
0	61
0	0
0	61
0	6
2	68
0	67
0	66
0	69
0	70
0	12
0	2
0	2
0	2
0	2
0	1
0	1
0	0
0	0
0	0
0	0
0	0
0	0
0	0
0	0
0	0
0	0
0	0
0	0
0	0
0	0
44	176
0	112
0	123
5	164
6	38
0	0
0	0
0	0
0	0
0	33
143	61
0	7
0	10
0	0
0	22
24	75
1	75
1	34
0	1
0	1
0	0
0	0
0	0
30	33
2	7
3	26
0	0
0	3
0	3
0	3
0	0
0	0
0	0
0	0
0	0
0	1
0	0
0	0
0	0
0	3
0	0
0	15
0	15
1	0
0	0
0	0
0	0
0	15
76	26
0	11
0	0
0	0
0	446
0	422
0	440
3	10
0	425
0	329
0	323
10	52
0	0
0	0
123	0
0	0
0	0
0	0
0	0
1	0
0	0
0	0
0	681
0	661
0	292
1	285
2	316
0	89
0	117
0	85
13	5
0	0
0	0
0	0
0	0
1	47
51	47
0	0
0	0
73	1
1	1
0	2
0	234
0	246
1	198
0	8
0	242
2	8
3	5
0	0
0	0
0	0
0	0
12	1
0	1
10	1429
0	1402
69	0
1	600
0	107
7	110
0	395
0	483
6	86
1	420
0	277
0	99
0	88
0	129
1	74
0	476
4	99
0	28
0	54
208	293
0	179
1	134
10	13
2	45
0	43
898	267
35	267
0	0
0	0
0	4
0	0
0	0
0	4
0	0
0	0
0	8
0	8
0	2
0	0
0	0
0	0
0	0
0	0
1	909
0	843
0	908
0	541
0	399
0	379
0	427
1	394
0	415
0	398
0	397
14	338
8	121
0	43
2	124
0	37
4	0
5	14
0	89
0	82
0	802
0	0
0	0
0	0
0	0
0	145
96	95
38	331
330	407
0	93
4	86
0	232
0	0
0	10
0	10
0	10
0	0
0	0
0	2
0	2
0	2
0	2
1	0
0	0
0	0
0	0
0	3
0	3
0	3
0	3
0	1
0	0
0	3
0	3
0	0
0	0
0	0
0	0
0	0
0	0
0	0
0	0
41	25
0	24
0	20
0	10
0	4
1	0
0	0
0	0
0	0
28	1193
0	1184
0	1209
0	74
5	31
2	1042
0	24
19	307
0	89
0	572
0	471
0	1194
0	669
13	554
0	771
2	580
9	741
61	46
0	46
5	76
0	761
2	740
0	226
17	9
1	63
18	125
3	24
0	44
30	23
47	27
0	44
1	161
2	230
126	662
0	209
0	505
0	460
0	71
1	27
0	129
29	72
5	285
0	108
0	101
1	71
7	5
0	555
0	461
3	308
0	244
4	61
4	30
0	10
0	79
14	54
0	66
0	97
0	63
1	2
0	2
0	1
0	1
0	0
0	0
276	0
0	0
0	0
0	0
0	0
0	0
0	0
0	0
0	0
0	415
541	836
16	188
17	173
0	402
6	589
5	46
0	25
19	566
3	48
17	654
185	0
0	48
0	94
10	913
19	15
0	14
0	541
0	790
20	191
0	274
4	18
4	57
0	10
0	16
0	74
16	9
0	67
0	0
0	0
0	0
0	0
0	0
0	0
0	0
55	40
0	40
9	0
62	581
0	102
11	363
37	172
3	578
4	464
0	120
0	121
0	121
0	301
0	73
4	403
0	309
0	325
0	318
3	162
2	133
19	299
0	236
0	274
9	181
2	41
2	0
383	464
1	459
10	9
2	6
530	0
0	0
106	367
0	150
0	367
55	47
0	42
0	2
0	6
0	8
3	15
72	34
1	4
0	32
0	0
0	0
0	0
269	491
39	489
0	43
0	677
1	393
0	623
0	164
0	131
0	125
0	207
0	87
0	265
0	129
1	4
0	4
0	5
0	1
0	4
338	77
3	17
2	60
0	1
0	1
0	0
81	165
0	165
1	61
12	12
0	3
0	0
0	255
0	250
17	247
0	92
0	86
1	27
0	27
0	40
0	35
3	1
175	0
77	159
0	77
0	113
0	145
413	798
7	355
4	785
0	0
0	0
274	431
7	331
0	50
0	37
0	0
0	139
0	5
0	8
0	2
0	5
0	6
0	0
0	6
18	0
0	367
0	389
4	389
2	389
0	380
0	44
0	21
0	42
1	22
0	36
0	33
0	23
0	45
0	0
0	0
0	0
0	0
0	0
21	2
4	17
0	17
0	17
2	17
0	9
0	2
0	0
0	0
0	0
0	0
0	0
0	0
0	0
0	0
101	26
0	15
0	11
0	0
0	0
0	0
0	0
1	3
0	3
0	1
0	1
71	289
0	40
2	149
0	173
8	0
0	52
5	53
0	31
0	31
0	53
0	0
0	0
99	6241
14	1
2	6253
33	6265
26	883
63	1815
0	4
0	1
0	4
1210	1804
159	1865
0	1573
64	35
0	134
50	462
42	797
14	357
0	0
0	0
0	0
0	0
0	0
0	0
0	0
0	0
0	0
0	0
0	0
0	0
0	0
0	0
0	0
0	0
0	0
0	54
0	33
0	52
0	180
0	6
0	5
0	180
51	2395
1	1007
0	2352
2	2134
0	2241
0	798
8	143
0	453
0	321
0	795
0	732
7	789
5	371
22	260
0	0
0	0
0	0
1	0
0	99
0	216
6	25
6	43
0	120
0	99
0	222
0	227
0	1
0	0
0	0
0	1
0	1
0	0
0	0
0	0
0	0
0	0
0	0
0	0
0	0
0	0
0	0
0	413
0	408
1	60
0	34
6	281
43	147
9	27
2	66
4	59
0	21
1	8
410	1693
0	112
0	1693
0	19
0	0
1	17
0	17
0	2
0	3
0	5
0	4
2	4
0	2
0	1
1	69
3	73
0	15
0	13
0	15
0	7
0	4
0	1
0	1
0	1
0	1
0	1
0	1
0	0
294	14
0	0
0	0
0	0
0	0
0	0
0	23
113	410
0	396
0	80
15	3
3	0
0	47
0	7
0	0
0	1
0	1
1	2109
40	2263
37	2236
152	21
0	457
63	457
0	358
0	0
0	0
0	0
2	1803
0	642
0	899
0	919
0	0
0	0
0	0
0	0
0	0
0	0
0	0
0	253
397	249
0	81
0	85
0	67
0	253
0	0
0	0
0	1
0	1
0	1
0	0
2	0
0	0
0	0
0	0
0	0
0	0
0	0
0	0
0	0
0	0
0	0
0	0
508	138
0	70
1	45
3	30
36	2758
61	207
7	2766
0	2284
1	2157
3	819
24	46
174	323
20	213
2	62
44	58
0	81
0	112
1	95
12	113
14	0
0	0
0	0
0	573
1	566
0	474
0	568
0	442
0	19
0	8
0	11
0	255
4	27
1	462
89	0
0	0
0	0
325	461
2	461
0	32
0	32
0	31
0	31
0	3
0	19
0	29
0	0
1	25
3	11
0	1
0	31
0	32
0	0
0	0
0	0
170	1091
0	221
855	1
41	439
2	237
1	85
8	105
0	81
3	435
62	218
37	545
0	327
12	208
0	2
0	2
0	0
0	0
0	0
0	0
0	0
0	0
0	0
0	0
3	117
0	140
0	175
4	44
35	0
27	545
8	521
0	50
1	557
57678	12833
13	8570
0	547
0	0
0	0
33	255
36	255
1	249
0	210
3	230
0	15
153	61
0	36
0	28
0	28
0	26
0	13
0	8
0	5
0	0
0	0
0	0
0	0
0	3
0	3
0	1
0	1
0	1
0	0
0	0
323	0
0	474
0	0
0	2152
0	2150
0	2155
0	520
0	1
1	3
0	7
0	3
7	0
0	529
128	391
0	2159
0	83
0	214
0	329
0	870
0	257
0	132
0	2152
0	24
0	22
0	23
0	25
12	401
0	45
1	406
0	78
2	11
0	0
0	0
52	416
3	416
2	17
7	64
0	29
0	12
2	2
0	2
0	1
0	0
0	0
0	0
1	869
0	61
4	41
9	508
6	70
9	9
0	221
13	869
7	132
0	132
7	95
12	94
121	0
0	0
0	0
0	0
0	0
0	1
0	49
0	49
0	27
0	1
0	7
0	1
0	5
0	3
0	4
0	12
0	5
0	8
0	48
0	49
0	49
0	49
226	264
0	271
32	263
2	35
0	509
82	506
0	506
0	111
4	9
0	181
0	115
0	0
0	224
785	878
1	413
9	151
11	156
13	234
31	655
7	584
0	524
15	598
0	17
0	165
522	26
0	616
6	546
85	387
422	328
0	328
0	57
3	57
0	0
0	0
0	0
0	0
578	941
0	908
0	930
2	805
18	71
0	83
1	617
1279	1366
6	1366
0	97
1525	0
4	93
0	97
3	94
1	96
2	11
0	0
2	6732
0	6178
0	6178
0	5626
0	5756
0	5830
10	1642
1	1534
0	6101
0	6728
0	335
1	281
0	199
5	351
1	140
0	151
3	92
0	17
0	6
0	56
2	244
25	244
0	100
0	16
0	0
0	0
114	394
32	328
0	0
0	0
0	0
69	137
2	136
0	82
0	97
0	79
0	55
0	0
0	0
0	0
0	0
0	0
0	0
0	0
188	365
79	364
113	127
8	75
0	1
0	71
0	1
0	10
0	9
0	9
0	4
0	4
0	3
0	3
0	7
0	1
0	0
0	0
0	1
0	1
0	0
0	0
2	0
58	14
0	14
366	484
10	309
3	76
1	75
0	0
0	0
0	0
0	250
5	153
0	14
3	162
3	172
0	77
0	796
0	935
47	1422
15	0
0	990
1	6
0	1414
0	405
63	55
0	0
0	65
47	175
0	127
0	163
0	122
0	157
0	94
1	87
0	8
26	5
61	8
4	56
2	53
25	2
0	978
0	124
4	970
0	55
1	951
0	120
44	12
16	205
0	961
0	102
0	91
0	19
0	3
0	12
3	2
27	0
2	8
4	321
4	164
0	333
0	42
0	39
1	92
0	326
0	0
0	76
0	76
4	76
0	4
1	399
0	457
26	107
9	154
12	11
0	0
0	321
18	321
26	1
33	4
26	0
10	722
3	43
0	698
1	104
0	172
0	89
0	9
7	172
0	59
0	61
0	1918
2	1925
43	1891
1	342
41	259
31	380
0	331
0	75
0	196
10	20
3	134
1	59
0	38
0	39
0	5
0	4
0	4
0	3
0	5
0	3
0	3
0	1
0	0
0	49
0	0
0	0
0	0
0	0
0	0
0	0
0	0
0	97
0	99
0	110
0	110
0	13
0	66
0	2
1	66
0	17
0	48
0	14
0	8
41	128
0	61
0	101
10	6
1	32
2	0
4	32
57	32
0	0
0	0
0	0
0	0
0	0
0	0
0	3498
3	3498
118	829
0	152
2	11
0	23
0	32
0	7
16	42
0	270
0	258
8	31
4	41
0	263
0	175
1	38
1	139
0	0
0	0
0	0
0	0
0	0
3	5
0	0
0	0
2	0
0	0
1	8
0	8
0	53
0	0
0	0
0	0
0	0
0	0
0	0
0	1648
0	790
0	1186
1	917
0	1370
0	1287
0	840
0	184
0	976
73	0
13	572
157	20
6	20
0	0
0	61
0	61
0	14
28	1
316	868
0	726
3	410
17	82
11	35
4	14
0	14
3	1
1	0
208	5439
581	5134
0	0
2	12
0	12
0	2
1071	1657
14	422
7	1235
23	23
0	344
2	748
66	601
3	480
6	26
16	2
0	0
0	0
0	0
0	0
0	0
0	0
7	0
0	0
0	0
0	0
0	0
0	0
0	0
2	59
0	33
0	36
101	61
2	20
0	10
0	19
0	33
0	32
0	32
0	25
0	24
0	85
3	82
13	107
0	104
2	75
2	0
0	0
0	0
0	1
0	1
0	0
0	0
7	186
10	241
0	52
0	228
0	15
0	47
0	37
3	47
0	38
0	97
1	4
0	25
7	62
0	47
0	251
0	0
0	0
6348	1160
4	1160
0	0
0	0
0	0
25	7
0	7
16	674
0	671
5	664
0	531
17	0
0	263
0	345
8	527
0	229
0	220
0	41
3	303
5	357
0	531
21	161
4	161
0	8
1	84
0	58
0	42
0	0
0	0
0	0
0	0
0	220
2	168
16	167
0	47
0	65
0	34
0	101
1	39
0	123
0	98
0	0
412	564
0	114
0	110
1	53
1	552
5	7
0	30
1	20
4	33
0	92
1	85
0	83
2	39
0	0
0	0
0	0
0	0
0	0
0	166
0	169
0	166
4	12999
0	13158
0	0
0	0
0	0
0	0
0	0
87	116
81	161
0	158
1	6
8	0
5	68
0	68
0	0
0	0
0	0
0	0
0	0
0	0
0	386
0	2155
1	222
0	2323
0	2103
1	1296
0	2097
0	289
0	2269
3	32
0	7
2	34
0	14
7	147
332	150
0	42
0	41
0	0
197	0
0	414
0	456
58	366
0	195
0	5
0	2
1	0
0	3
0	3
0	2
0	2
0	1
0	0
2	16
0	27
6	26
0	20
0	14
0	888
9	901
11	822
15	358
0	290
3	190
5	198
120	162
131	352
0	186
1	111
4	276
0	173
2	18
0	158
0	162
0	54
1	105
0	51
0	0
2	0
2	96
203	62
8	51
5	22
1	11
0	986
0	925
2	140
0	7
12	448
31	112
15	1047
645	1047
62	18
21	0
10	213
37	534
13	0
0	148
0	54
3	109
398	144
126	35
30	442
0	57
2	82
4	31
6	259
1	188
0	410
0	342
0	336
0	336
0	312
0	54
0	200
0	43
0	99
1	20
0	0
0	0
0	144
0	130
0	48
0	104
0	146
3	127
0	12
1	34
5	29
0	26
0	40
0	11
0	12
0	13
0	24
38	24
0	3
0	3
0	3
0	2
459	1380
1	1380
0	168
0	168
0	448
2	267
0	3
0	3
29	4202
1	4202
0	0
0	0
0	0
0	7
0	12
0	9
2	0
0	348
10	308
1	348
1	17
0	256
0	0
0	0
0	0
0	0
0	0
0	0
0	609
0	609
69	14
63	5445
1	8759
28	8661
91	5867
0	31
0	29
0	34
0	35
0	28
0	30
0	21
0	7
0	4
0	1
0	1322
1	1318
2	119
2	212
11	95
8	39
0	0
2	186
0	96
1	0
0	0
0	0
7	54
0	1
3	3
0	0
0	0
0	0
10	5
1	3024
14	801
13	3028
0	22
0	0
0	74
0	74
196	244
3	75
0	137
0	145
17	134
0	130
0	16
1	37
26	4
11	65
0	0
0	0
0	0
16	2304
722	2304
5	119
14	478
8	244
0	0
0	2
0	0
0	2
0	2
0	2
0	18
0	6
0	0
0	0
0	0
3	340
1	7
601	302
0	224
63	375
1453	2321
11	1966
1	56
0	59
0	28
0	25
1	12
0	7
1	20
0	17
2	3
6	5
0	10
0	15
0	14
0	10
0	9
2	1
21	23
0	24
0	2
0	0
0	0
0	0
0	0
0	0
0	0
0	0
2	82
0	41
0	82
0	0
0	0
21	0
192	88
8	88
0	36
14	0
0	0
0	0
0	0
0	0
0	0
0	3
0	3
0	3
0	0
1	49
0	0
328	71
10	70
6	78
0	83
0	58
0	68
0	0
0	0
759	1
0	373
0	333
9	93
0	133
0	0
0	0
0	0
1	97
0	77
3	163
0	128
0	77
4	904
7	890
0	884
0	22
0	12
7	118
0	31
1	14
0	44
0	13
12	72
0	36
5	27
0	0
55	532
1	532
0	1
0	1
0	1971
0	1992
10	1069
4	1610
16	1204
0	284
6	62
3	447
0	1174
26	173
5	161
2	495
39	364
0	30
10	0
0	0
2	0
0	0
0	2
0	0
0	0
0	0
0	2
674	195
0	49
4	108
1	133
15	1763
947	2989
8	606
3	218
2	606
5	370
31	149
0	56
233	474
1	19
1	173
0	36
0	0
0	0
0	0
0	0
0	3
0	1
0	0
0	3
95	888
0	916
3	521
0	367
0	143
3	54
1	301
0	174
0	132
2	96
2	433
27	437
4	91
696	104
20	104
3	27
1	0
276	101
0	101
2	61
977	123
1	123
0	0
645	238
0	117
0	82
2	66
24	6
0	2
0	4
60	0
1	436
0	2
0	72
0	72
0	52
6	108
1	104
0	86
1	62
7	82
0	434
0	0
0	0
18	735
4	581
5	581
8	520
0	131
0	285
0	372
3	165
0	0
0	0
0	0
0	28
0	34
0	139
0	5
12	139
1	61
4	53
51	61
0	58
2	19
4	15
2	0
57	0
2256	1523
0	1533
12	1393
19	66
66	194
1	169
0	206
20	209
0	16
3	42
19	95
11	38
63	1704
1	1704
0	1704
21	1215
59	2441
0	1295
41	2003
0	165
4	33
0	108
9	210
26	167
0	79
82	3376
0	0
0	0
0	0
0	0
0	0
0	0
0	0
246	12
13	12
1	0
1	2
0	2
1	0
0	0
269	95
55	95
10	18
26	54
0	47
0	41
56	19
0	12
0	28
0	29
0	0
0	24
0	24
0	0
0	3
0	0
0	0
0	24
1059	589
0	12
0	0
1	63
9	46
5	20
4	56
10	17
8	21
0	54
2	14
0	73
1	19
88	31
28	322
0	31
0	128
1	127
16	12
4	11
0	18
2	9
0	6
0	0
77	1
0	0
0	1
0	7
4	2
1	1
0	0
0	5
0	0
0	0
0	0
0	0
13	1536
23	4987
0	4996
2	0
27	540
0	947
0	0
49	106
0	0
0	0
0	0
0	0
630	0
0	0
0	0
0	0
0	0
2	0
48	298
0	187
4	165
0	51
0	37
2	17
0	16
6	13
7	7
0	4
0	486
2	340
1	283
0	264
0	307
0	68
2	44
0	19
1	0
0	454
2	416
5	54
23	120
0	578
1	0
0	0
0	0
0	0
0	0
0	0
0	0
0	0
0	0
0	0
0	589
3	599
0	570
9	67
7	291
0	84
0	4
12	40
0	599
11	380
22	122
227	420
6	47
2	49
0	49
0	7
0	528
0	459
0	381
2	9
2	25
0	505
4	225
0	221
1	177
0	0
0	0
0	0
0	362
0	376
0	268
4	9
0	360
0	59
0	379
0	377
0	371
0	13
0	376
0	243
0	285
0	16
0	83
0	64
16	27
0	125
12	0
0	0
0	78
0	74
0	27
1	62
4	1
0	23
51	31
1555	1084
0	232
7	643
0	209
0	0
0	0
0	0
4	33
0	0
4	0
0	33
0	0
0	0
0	0
0	0
0	0
0	0
7109	5947
0	1636
24	645
16	3777
129	15
2	3
0	3
21	1
0	1
77	4452
0	3154
9	603
0	1
0	1
0	1
18	470
1	483
18	573
2	474
0	470
0	586
5	68
10	116
0	46
26	216
0	46
10	18
1	24
0	36
0	4
1	4
0	0
0	0
0	0
1	0
0	0
0	0
0	0
0	0
0	0
0	0
0	0
0	0
49	6
0	0
0	0
0	0
0	0
0	0
0	0
0	0
1	0
0	0
0	742
0	0
0	0
0	0
0	0
0	0
0	128
0	128
5051	108
0	108
17	0
0	7
0	7
0	7
0	7
0	7
0	7
0	0
0	0
0	1
0	7
0	1
0	1
17	373
2	350
13	98
74	144
0	0
0	145
0	27
1	9
0	188
3	187
2	118
0	110
4	17
0	0
892	289
0	289
188	2026
0	2077
0	325
0	310
0	830
0	388
44	214
7	198
0	12
7	13
0	0
0	2
0	2
0	2
2	0
0	0
0	0
0	0
175	10
4	10
134	263
0	253
0	106
0	0
37	39
10	234
0	32
2	215
0	187
0	194
0	27
0	29
40	1237
0	1209
18	1231
0	1194
3	155
0	1016
15	136
4	29
0	202
4	441
0	204
32	143
0	65
18	28
0	0
0	0
0	0
0	0
0	0
0	0
0	0
0	0
0	18
3	18
0	0
0	23
0	0
0	0
0	0
0	0
0	0
0	0
0	0
0	0
0	0
0	0
0	5201
71	5
97	3853
29	2439
0	4136
0	4589
0	4382
0	2081
2	946
0	511
7	100
0	100
2	89
2	24
0	17
1	678
16	598
0	673
52	634
0	619
0	158
0	0
0	1
0	1
0	1
0	0
6	7
0	235
7	292
0	3
1	17
0	30
150	291
0	281
0	201
0	0
0	1
33	8071
1938	8550
0	3599
8	1381
3	479
17	55
0	19
3	6
2	0
0	60
0	4
0	16
1	1
0	1
0	0
0	0
0	0
53	265
35	265
0	9
3	13
0	13
0	2
0	2
7	1088
0	1088
0	0
0	0
0	0
0	193
0	0
0	2
0	2
0	2
0	0
0	2
0	2
0	2
0	0
0	0
0	0
0	0
0	0
0	0
0	0
0	0
0	0
0	0
0	0
0	0
0	0
0	0
0	0
0	0
0	0
0	133
28	0
892	302
3	209
1	93
0	0
0	0
0	0
0	0
0	1145
1	71
0	138
0	1156
0	79
6	17
0	105
0	166
0	178
0	91
12	125
578	10333
10	10336
40	10330
9	8608
40	8422
1	2367
3	2413
7	2431
5	2179
8	2407
9	181
3	509
0	0
0	300
5	2
0	275
0	4
0	307
0	263
0	61
0	0
0	61
0	6
5	306
4	295
0	277
0	284
12	8
0	6
0	294
0	303
29	88
1	277
0	263
0	293
1	30
0	300
0	67
6	0
1	26
0	56
4	19
0	160
0	58
2	47
0	38
2	15
0	8
235	8
1	8
19	108
0	103
0	11
0	9
0	13
0	13
0	2
1	7
17	11
0	4
0	0
0	0
0	0
271	985
0	1002
1	377
61	660
3	22
0	16
0	5
0	4
0	0
0	4
3	17
1	21
0	0
9	149
0	144
1	156
0	72
0	16
0	17
0	0
0	0
0	0
0	0
0	0
0	20
4	20
0	20
0	15
0	0
0	5
0	20
0	20
0	0
404	959
16	936
0	621
99	39
17	23
17	263
0	270
0	212
0	205
0	57
0	51
0	4
0	1
0	0
0	0
0	0
1313	0
314	793
13	734
4	58
0	669
46	136
8	74
284	11
13	7
0	0
3	11
0	4
3	5
0	1
0	0
0	5
0	74
0	0
1426	1200
10	1197
7	82
4	84
0	256
33	171
0	5
0	5
0	5
0	104
0	1983
0	752
0	204
0	1739
2	482
77	57
20	1092
7	266
0	193
0	101
30	215
213	117
0	275
0	308
2	65
17	66
33	90
0	32
0	80
0	0
0	0
0	0
24	332
27	17
0	315
0	10
0	0
0	0
0	0
0	0
1	153
0	31
259	1859
2	185
9	688
3	1698
2	151
3	425
23	168
0	601
7	219
1	240
26	245
0	0
0	0
0	0
2	0
0	0
0	0
0	0
0	0
0	0
0	0
0	107
0	107
4	18
0	19
0	14
0	19
1235	295
5	130
1	165
0	0
1	2
0	2
0	2
0	0
0	0
0	0
0	0
0	0
330	1265
0	962
107	1224
0	390
0	0
24	119
1	6
0	94
0	41
0	39
1	10
1	13
0	63
4	140
0	58
0	42
25	78
0	92
0	93
2	13
0	12
1	15
1	15
0	5
1	1080
262	1088
0	623
1	225
2	240
0	1
0	2
0	2
76	9
58	24
0	0
0	0
0	0
2	0
1	0
1	0
10	836
224	873
1	234
10	198
0	37
0	452
0	4
0	46
0	63
0	452
0	434
0	436
0	25
0	75
25	8
1	439
12	28
0	99
0	90
0	59
0	99
4	39
0	54
11	210
0	80
0	182
0	452
0	0
0	0
1	0
0	0
0	0
0	0
0	0
0	0
0	0
200	245
0	108
0	99
9	51
14	86
0	37
38	81
0	20
0	5
0	58
3	78
171	123
0	26
0	14
0	6
1	12
0	14
6	0
0	0
16	126
0	130
0	68
0	25
5	0
0	506
0	563
0	79
2	76
0	116
0	94
0	24
389	67
6	12
0	90
2	80
0	34
0	25
0	0
12	85
0	8
0	1672
1	1545
105	1462
18	1476
85	1417
86	382
0	284
66	1
0	25
0	35
0	21
0	208
25	222
0	222
0	34
4	60
560	418
11	47
1	47
146	19
1	4
0	3
0	3
0	1
0	0
0	0
0	0
3	1028
0	1072
0	191
0	1170
0	718
1	155
2	125
116	57
0	49
0	15
1	7
5	27
0	27
0	12
21	619
10	407
0	563
4	470
5	49
8	0
9	952
9	508
0	963
0	968
1	961
0	468
14	137
3	162
0	142
0	50
8	0
19	4
0	233
82	235
0	45
1	9
131	2
20	2
25	1097
0	911
0	905
0	72
0	796
0	141
0	135
59	0
2	0
0	0
0	0
0	0
0	0
0	0
0	0
0	0
0	0
0	0
0	0
0	0
172	226
29	138
0	68
1	105
0	56
0	75
0	264
61	1759
10	130
0	153
3	145
4	114
1	146
24	601
0	1681
11	40
3	184
5	216
81	5
8	18
30	63
1	129
2	190
0	168
1	44
0	42
0	9
0	197
0	190
72	85
0	73
0	25
0	26
0	33
0	0
61	129
4	100
10	112
0	20
0	83
0	78
4	51
9	12
437	0
0	0
0	0
0	0
0	0
0	0
1	57
0	2297
45	523
0	636
0	2344
0	1750
2	1678
0	372
3	504
8	118
125	30
3	30
117	393
400	403
11	289
1	293
12	0
0	0
0	0
0	12
0	0
84	5
0	5
6	4
6	387
0	387
3	379
76	165
9	30
0	38
0	11
0	9
0	16
0	38
0	4
0	10
0	40
0	17
1	14
0	10
0	10
8	1
0	6
0	10
0	2
0	0
0	0
0	0
4	8
0	8
256	0
0	0
0	0
0	0
0	0
0	4
0	4
0	4
0	0
0	0
0	0
0	4
0	0
0	0
0	0
0	0
0	0
0	0
0	2
0	2
0	2
0	2
1	2
0	1
1	0
0	0
0	0
0	0
0	0
0	0
0	317
0	294
8	81
3	479
0	254
0	390
0	452
0	441
0	122
0	147
3	162
0	177
3	173
0	184
7	16
0	55
0	5
0	4
0	176
15	498
22	500
0	461
2	455
0	440
2	149
0	155
0	16
0	14
0	49
0	47
0	13
0	210
0	210
0	76
4	16
0	17
0	94
8	79
0	26
0	8
0	1712
2	1591
107	0
1	1387
0	1702
115	187
0	187
0	184
0	0
9	130
2	1288
6	103
28	39
4	8
2	404
4	147
0	1281
0	0
0	0
0	0
0	0
0	0
0	0
433	516
0	516
3	309
0	309
0	254
5	81
0	54
0	0
0	1
55	70
0	70
93	88
0	85
45	3
0	1040
6	3253
2	3647
6	3652
1	332
7	118
11	200
0	216
0	0
4	712
0	777
0	772
0	779
0	578
0	553
6	9
0	140
0	71
0	109
8	28
0	325
0	92
0	54
11	53
0	0
8	55
0	21
0	53
13	55
0	50
478	60
0	24
2	60
221	1108
24	81
7	100
0	1126
10	262
881	1045
29	1045
10	217
0	228
0	0
3	142
0	132
2	121
0	8
0	3
0	3
13	12
2	1
0	22
0	27
0	6
0	0
0	27
0	0
0	0
0	14
0	0
0	0
0	14
0	3351
14	190
0	3296
17	943
0	1135
138	5
0	2
0	2
0	2
3	1034
0	134
0	59
0	101
12	95
36	15
3	54
0	159
3	40
0	932
0	0
0	0
0	13375
19	6078
2	7947
7	11923
33	6551
4	5810
0	0
0	0
0	0
0	0
1	93
0	93
0	31
0	17
0	0
0	2
0	0
0	1
0	0
0	0
0	1
0	1
0	0
0	0
0	2
0	2
270	0
0	1
0	1
0	0
13	55
0	20
0	0
0	0
0	0
0	0
0	0
0	0
0	0
668	398
0	345
0	380
2	121
0	37
0	0
0	0
0	0
0	22
41	108
1	77
1	51
0	76
0	0
0	2
0	0
0	2
0	2
2960	2070
0	2070
14	2
1	67
0	0
0	0
4	40
0	41
2	44
12	223
0	207
0	40
60	12
0	55
0	77
0	82
0	82
0	32
0	14
0	42
0	42
0	58
7546	1217
21	483
3	734
0	187
10	160
0	186
0	165
5	0
4	76
8	79
10	44
4	64
0	1
0	1
0	0
0	0
0	0
0	0
0	0
0	91
0	227
45	18
0	39
0	243
0	15
1	82
0	141
0	57
0	1960
29	1071
116	0
9	317
0	374
0	452
3	164
26	0
3	1472
15	38
0	416
6	1
10	173
0	0
0	0
0	0
0	0
0	0
0	0
0	0
0	0
0	223
0	0
895	196
3	196
103	56
1	56
1	36
1	30
0	0
0	11
0	36
0	36
0	36
3	36
0	9
0	8
0	1
0	3
0	0
0	0
85	0
10	9435
19	6286
0	7062
0	8512
37	3938
0	1562
8	1740
169	705
0	639
4	3
0	105
2	69
0	17
8	80
3	0
1	99
3	101
3	27
4	7
2	5
80	0
0	0
0	0
9	108
17	108
16	0
78	0
0	39
0	32
0	38
0	39
0	0
0	0
0	0
0	0
0	0
0	0
0	0
0	0
0	0
0	69
231	25
0	24
0	1
0	0
0	0
0	0
0	0
0	0
0	0
8	6
0	0
0	6
2	0
0	292
3	254
3	200
6	5
12	261
1	281
0	70
0	291
0	0
0	4
0	4
0	4
45	178
0	178
0	3
0	24
4	20
19	7
0	8
0	8
0	0
0	0
215	107
0	10
0	17
1	13
15	229
0	198
4	220
0	184
0	198
0	198
0	183
0	76
0	173
0	28
0	17
0	174
0	12
0	11
0	62
1	17
0	17
1	0
0	0
0	626
1	672
0	714
0	37
9	368
2	308
2	34
1	53
0	40
0	76
0	50
0	14
0	14
1	16
0	711
0	685
0	0
0	0
0	0
367	0
175	262
1	11
2	3
0	237
0	14
0	200
0	134
0	52
0	58
3	27
0	15
62	21
24	67
0	42
0	0
0	0
0	4
0	195
0	0
0	8
2	8
0	0
0	0
0	0
163	132
3	133
25	15
0	135
66	561
3	2
0	2
30	544
0	545
0	464
0	141
0	148
2	110
0	87
2	41
0	0
29	718
388	998
5	333
13	514
7	109
1	212
2	19
98	17
0	407
0	20
0	0
16	10
0	2
0	403
0	62
10	4
2	358
1	34
0	401
0	401
0	834
0	694
64	316
5	979
0	38
0	135
0	74
0	46
2	93
0	111
37	342
0	108
11	135
1	75
3	38
0	74
0	74
0	8
0	8
0	6
0	47
0	74
0	0
0	1090
0	1051
0	917
0	892
21	345
0	656
0	681
27	668
1	198
1	145
9	246
2	142
0	1065
0	18
0	21
0	36
0	36
0	2
2	18
0	6
0	3
0	0
0	0
3	202
0	2443
0	2510
2	75
5	255
2	289
0	162
32	14
0	87
0	70
3	75
0	1019
0	113
0	0
22	67
1	67
0	31
0	0
2	50
10	53
0	12
0	27
10	49
0	20
0	14
1	10
0	0
1	1231
12	941
22	0
2	51
0	78
12	614
20	553
51	144
30	105
1	59
0	1228
7	7
0	469
0	469
8	469
0	10
3	204
5	191
1	55
0	0
0	0
0	0
0	0
0	0
0	0
0	0
0	0
0	89
0	19
17	45
0	89
0	47
1	47
0	34
0	25
0	25
0	4
0	5
7	3
0	0
0	0
2023	323
26	126
21	197
7	91
0	91
17	2948
64	3004
10	907
0	2862
17	230
0	267
1	0
0	57
0	54
2	15
0	35
1	9
0	32
46	65
0	0
0	0
0	0
0	0
0	0
0	2
0	9
0	12
0	2
0	12
2	7
3	5
0	596
0	598
0	599
0	125
0	536
0	555
0	527
0	558
0	169
0	535
0	544
0	579
0	569
0	41
9	216
0	93
0	70
0	135
9	382
0	138
0	124
11	14
0	88
0	81
3	102
0	112
0	87
23	61
0	36
0	29
0	559
0	0
691	273
89	273
0	0
2	92
0	92
0	81
0	8
0	8
0	8
0	213
0	213
1	213
17	99
0	25
0	23
3455	808
5	221
2	305
0	276
4	214
8	42
3	68
44	2
17	2
0	0
0	0
23	2
0	2
0	0
0	0
0	0
0	0
1	2
0	2
0	0
0	0
0	0
188	141
1	87
1	92
0	9
32	48
0	75
0	83
0	18
1	34
9	5
4	2
0	10
485	0
42	0
0	0
0	22
0	0
4	5
0	5
0	0
81	0
204	0
83	171
0	0
4	1356
8	1468
5	70
3	384
0	497
0	215
30	62
13	41
20	0
0	2
2	2
0	0
0	0
0	1
0	0
0	0
0	0
0	0
536	369
4	78
0	78
0	291
5	17
1	90
1	61
391	958
1	293
10	452
9	18
4	273
0	215
4	489
162	0
0	75
1	191
6	239
0	163
0	511
0	0
0	0
488	2002
7	1073
0	589
10	294
15	13
13	18
8	16
0	8
3	10
0	0
0	0
0	3
0	3
0	2
0	3
0	0
0	0
3	5
5	5
4	2
0	0
3	39
375	115
0	0
0	0
0	0
13	415
1	1758
6	1058
26	213
80	355
74	1649
7	46
11	25
27	209
0	127
0	73
0	0
0	2
0	0
0	2
951	41
2	41
198	479
0	479
0	430
20	238
8	61
1	18
1	56
4	55
29	36
10	153
1	109
80	154
24	68
0	48
1	46
0	23
0	40
0	124
0	309
0	317
1	284
0	285
0	287
0	300
0	277
3	240
0	229
1	119
0	134
26	0
41	0
0	3
1	3
0	1
0	2
0	0
0	0
0	0
0	1661
10	1585
46	1548
2	1580
2	226
4	507
10	484
0	0
0	9
164	242
0	32
0	41
0	68
4	2
0	43
0	6
0	34
8	38
0	58
6	35
0	134
3	59
0	0
1	0
7	111
3817	10819
2	362
47	2560
23	6500
13	3347
31	1216
18	1880
2	4461
11	2277
0	335
0	418
9	320
1	324
3	275
6	169
33	402
1	445
0	386
0	80
3	24
0	24
0	152
0	160
0	149
16	116
0	87
0	49
0	32
0	54
0	0
0	0
0	0
0	16
0	3
0	8
2	0
0	0
0	0
0	0
0	0
0	0
0	196
1	24
0	105
4	0
2	8
0	7
0	9
0	13
0	31
0	184
0	28
0	38
0	45
0	31
0	6
20	349
1	337
2	183
4	219
1	202
0	127
0	150
0	87
44	78
166	0
722	338
0	20
0	11
13	62
0	69
0	58
41	186
0	79
3	101
2	67
0	44
0	13
39	11
0	0
0	135
0	0
0	0
0	145
0	134
5	130
0	96
0	135
0	0
0	0
0	0
0	0
0	0
0	0
0	0
0	1
0	0
0	0
0	1
0	0
0	0
0	0
0	0
0	5
0	5
0	0
0	1
0	0
0	0
0	0
0	5
13	8
0	1
0	2
1	5
0	3
0	6
0	18
0	18
0	42
2	33
0	42
0	36
10	1
0	1
0	0
0	0
0	0
0	1
0	1
0	1
0	0
0	0
382	131
0	88
1	43
5	0
0	0
0	0
0	0
13	59
0	47
0	45
1	2
0	19
29	0
16	1
4	1719
16	545
0	580
5	412
0	380
5	2
0	1
124	1720
0	5
0	0
0	1
0	1
0	2
0	5
0	0
0	1
0	1
0	124
0	482
4	443
0	426
1	36
35	7
6	46
0	0
0	0
0	0
0	0
0	0
0	499
0	401
16	509
18	72
0	77
2	136
1	131
0	9
10	321
0	396
0	377
0	138
0	118
0	86
13	73
104	76
0	77
4913	3746
0	3597
1	0
0	15
0	52
0	51
0	43
0	38
0	7
0	9
0	38
0	41
0	40
0	9
0	5
0	3
0	40
0	0
0	0
0	0
0	0
0	33
0	115
0	75
0	75
6	109
16	5
0	1
1	0
0	6
0	14
0	4
0	2
0	15
0	28
0	0
0	0
0	0
0	0
0	0
0	0
141	0
0	0
52	18
2	18
0	0
2	0
16	123
0	153
11	18
0	54
0	71
3	32
2	16
0	167
138	0
24	232
14	307
2	748
48	765
0	81
0	73
0	69
6	12
0	0
0	0
1	0
0	0
0	0
0	2
0	2
0	2
201	1407
0	1411
6	1336
1	125
6	218
0	0
0	10
0	12
0	12
7	10
8	189
0	65
0	105
0	128
0	90
0	85
35	133
0	190
0	18
0	118
0	108
0	118
1	56
0	51
45	696
38	697
1	139
2	134
0	138
0	97
0	55
0	54
0	0
0	0
0	0
0	0
0	0
0	0
0	0
0	0
0	0
29	8583
43	707
15	8467
0	7994
0	8325
125	90
11	4570
5	1030
199	303
192	112
74	91
78	0
96	30
0	4568
468	2280
3	2247
112	0
6	1691
0	2280
1	575
6	821
0	1434
1	298
0	1675
7	574
8	884
2	1026
0	66
0	0
0	0
0	249
0	219
0	242
0	219
0	243
11	95
0	39
0	10
81	1174
0	1152
0	575
4	418
0	55
0	284
0	175
0	90
1	53
21	17
19	31
0	0
0	299
0	273
0	88
2	69
0	290
1	174
0	41
0	165
0	83
0	5
0	105
0	53
0	143
0	128
0	23
7	9
0	101
0	36
0	59
7	32
1	21
2	0
26	0
2	0
2	531
2	531
0	161
0	3136
31	3086
1	2843
29	2387
4	497
0	0
0	0
0	0
0	0
1	3
0	3
3	2
1	25
0	25
0	13
24	700
0	698
0	144
2	62
3	51
14	20
0	142
29	322
0	106
5	17
0	360
938	360
7	96
0	42
0	42
0	42
0	4
0	3
0	1
4	1
0	42
0	5101
3	322
2	400
5	628
12	380
2	565
0	247
0	4693
0	5101
0	186
1	101
0	36
0	100
2	103
13	2
11	99
8	77
1	11
0	494
0	485
0	206
0	215
0	224
0	205
2	176
0	77
0	143
0	35
1958	773
0	683
0	90
1	3
0	0
0	0
0	3
0	0
0	0
4	345
0	40
1	345
83	503
0	270
4	488
0	476
0	0
0	0
0	0
0	0
0	0
0	0
0	0
0	0
7	187
3	190
1	182
0	1
1	49
0	40
0	55
0	33
0	24
0	44
0	1
1	17
0	2
0	0
0	17
0	17
0	32
0	472
1	474
0	474
0	2
0	35
0	34
0	29
4647	20767
10	2404
51	2270
13	3848
45	1400
1	9116
21	3449
65	4577
180	5146
0	2439
0	4112
0	3381
0	3461
0	3462
11	3720
0	4112
0	0
0	2773
0	2458
0	853
0	1654
0	817
11	452
6	2608
0	2676
3	536
8	212
7	412
1	165
6	36
2	265
7	238
0	2898
3	1159
0	1204
0	1147
2	1197
0	1191
0	1242
0	205
0	1149
0	1080
1	130
21	71
0	239
0	224
0	163
38	5
1	76
0	76
5	25
7	18
0	314
0	314
7	68
0	23
0	27
0	9
0	10
0	18
3	27
0	2
0	4
0	2
0	0
2	9
1	298
0	266
0	307
0	309
3	307
0	123
0	63
0	85
3	37
0	19
0	0
0	0
0	0
0	390
7	196
2	127
0	201
9	35
34	1717
1	1415
0	490
3	455
0	534
17	721
7	259
622	0
0	199
0	494
43	1864
0	1613
30	1501
1	1331
1	215
90	1506
0	176
4	36
1	93
0	0
0	27
0	36
0	20
0	21
0	27
0	28
0	36
0	34
0	36
0	29
0	17
0	6
9	0
1	6
0	2
0	0
2	0
102	20
7	20
4	0
0	0
0	0
0	120
0	5805
151	6141
0	555
0	245
3	1225
30	5496
0	861
0	975
7	461
0	2068
6	801
102	52
0	51
0	0
1	4
18	3785
36	3785
0	77
28	105
14	0
97	127
0	836
1	637
1	612
0	663
0	807
950	425
13	79
6	30
0	143
0	311
0	59
0	318
0	98
9	260
12	136
3	12
0	12
0	0
804	1797
0	474
12	642
1	953
0	673
0	1444
1	143
0	145
0	59
0	21
0	63
37	479
17	479
0	14
0	6
0	14
0	14
1	14
0	3
351	961
1	860
0	356
0	176
0	124
2	35
0	30
0	31
0	0
1	10
0	377
33	377
5	10
0	81
0	5
4	512
20	292
0	573
41	232
0	233
0	163
0	122
0	13
0	164
0	155
2	17
0	22
0	56
0	47
13	7
0	0
1	0
0	13
0	14
0	13
0	14
0	14
1	0
0	14
0	0
0	14
0	0
0	882
3	953
0	261
3	84
1	166
0	805
131	903
2	82
0	121
0	6
0	900
0	120
1	234
12	11
0	11
36	48
0	45
0	114
1	186
0	216
0	120
0	109
0	52
0	225
5	73
0	206
0	35
0	57
41	16
8	27
0	25
0	45
0	11
0	11
0	58
18	9
0	7
1	12
0	29
91	3760
24	3783
83	591
7	435
0	584
0	584
0	574
0	8
0	0
0	582
11	87
2	81
1	85
0	15
0	4
0	87
27	936
10	450
4	73
7	51
2	519
0	35
0	54
0	31
0	3
3	3
56	308
0	308
9	19
0	0
0	0
2	204
0	179
0	75
6	8
0	7
0	185
2	4
0	68
0	7
0	186
2	133
3	134
0	63
0	46
1	1
0	1
1	1
0	0
0	1
351	179
0	34
5	133
1	28
0	17
28	3
0	139
0	153
0	154
0	161
0	90
2	21
0	34
8	16
24	27
11	55
1	20
251	0
260	369
1	270
5	25
4	100
0	465
44	515
4	373
7	393
0	130
2	63
106	0
8	0
0	0
0	0
0	0
11	1
0	0
0	0
0	0
0	6
1	100
7	137
2	73
2	24
7	0
0	224
3	239
0	117
5	0
0	239
0	0
0	0
1	3648
66	512
70	2035
0	3619
40	3573
15	132
1	61
2	132
6	6
1	6
15	0
0	0
5	13
0	13
0	13
0	0
0	0
0	0
0	0
0	0
5	131
0	159
12	29
0	114
2	64
21	27
23	36
40	64
0	39
0	144
5	6
5	6
608	247
0	247
1973	622
0	622
330	178
0	29
3	101
0	53
5	107
835	282
0	47
16	126
0	138
0	26
0	0
42	0
0	0
0	0
1325	0
0	0
0	0
0	0
0	0
96	1701
263	1699
1	54
0	54
0	17
0	25
0	0
0	0
545	41
17	41
0	0
0	0
0	0
0	0
0	0
0	0
0	0
0	0
0	0
0	0
0	0
0	491
0	121
0	117
19	423
4	162
2	60
0	0
0	0
0	3
0	4
0	3
0	2
0	2
0	4
39	2
1	0
224	0
1	0
150	1017
1	973
3	82
0	417
0	61
1	40
45	21
0	0
6	31
1	37
1	30
13	6
60	0
0	0
0	0
0	0
0	0
0	0
0	0
0	0
0	0
0	0
0	7
0	7
0	1
0	95
42	19
85	498
0	65
1	225
16	214
18	219
0	0
0	0
0	1394
4	1352
0	1393
0	171
7	96
43	783
4	11
23	20
4	19
24	41
1	31
0	0
0	0
0	0
2	68
0	69
5	68
3	63
7	194
2	172
0	120
0	61
6	9
0	20
0	29
0	0
1	0
1	0
0	0
0	0
0	0
0	0
0	0
0	259
4	244
6	250
8	260
0	37
3	47
1	16
0	14
0	258
23	0
7	0
0	0
2	0
0	0
0	0
0	3
0	3
0	3
0	2
0	0
0	20
0	3
0	25
0	25
0	0
3	24
0	23
1	5
0	0
0	0
0	0
0	0
0	0
0	0
11	302
6	572
0	539
0	387
0	1233
1	79
9	34
1	26
2	600
0	543
0	1237
152	0
6	339
0	30
2	319
0	96
519	52
0	52
0	0
16	0
0	41
0	10
0	121
2	125
13	62
0	9
0	35
0	11
0	12
12	0
0	131
260	155
1	155
4	1
0	0
1	1
0	94
1	39
0	39
0	0
7	705
0	83
28	722
13	116
0	43
5	113
0	75
0	167
0	220
374	413
1	106
5	352
13	154
0	358
6	304
1	24
0	49
47	823
25	770
0	520
10	184
0	56
0	0
0	0
39	185
0	56
0	113
2	22
0	20
1	81
0	24
0	29
0	37
0	2
0	112
0	41
0	107
0	49
1	3
0	0
0	0
0	0
917	0
43	0
1	364
31	425
0	383
0	395
19	364
0	195
0	154
0	170
1	389
0	1
0	1
0	41
0	371
0	29
2	0
0	402
6	10
0	2
0	67
6	0
0	418
0	68
0	68
0	16
0	19
3	1632
0	61
2	192
0	242
0	230
0	160
9	123
10	75
1	0
0	1594
0	1630
0	0
24	359
50	338
17	23
0	200
18	105
0	18
1	86
0	76
0	105
0	88
0	86
0	104
0	0
176	91
0	91
269	5
0	5
2	0
0	0
18	532
7	705
50	503
12	149
0	18
0	199
55	2182
1	115
32	62
4	40
4	13
23	2182
53	743
0	843
1	586
1	130
0	371
2	90
0	566
14	169
0	175
0	567
9	251
4	263
31	52
0	31
0	39
0	28
5	65
0	47
1	23
4	67
0	42
5	431
2	150
52	431
0	35
2	36
2	48
0	34
1	28
0	41
8	43
0	0
0	0
0	0
0	0
0	0
0	0
0	0
56	3
25	50
0	50
89	8369
4	7925
177	3764
1	991
57	4288
20	630
884	14
0	666
0	592
0	591
2	277
12	282
8	0
1	736
0	705
0	533
3	494
1	222
0	110
3	38
0	6
0	6
0	6
0	5
0	5
0	0
139	106
1	32
0	74
1	35
0	23
2	26
0	19
15	44
0	92
0	0
0	90
0	92
1	3
0	25
0	36
0	92
0	92
9	18
0	39
7	53
2	45
0	348
0	290
0	131
10	12
0	54
7	201
34	3
9	13
0	11
0	38
2	20
0	12
0	243
0	284
0	0
0	0
144	0
35	228
1	232
0	26
11	145
1	42
6	30
0	0
0	0
0	0
0	0
0	0
0	21
9	6
0	6
0	20
4	217
59	202
4	38
8	49
0	0
0	0
1929	925
12	508
11	564
0	178
23	0
5	115
0	0
0	0
0	0
0	0
0	0
0	6
2	6
5	13
0	5
0	2
0	147
76	206
0	50
9	174
0	1
1	1
0	1
0	0
0	1
0	1
0	1
76	57
0	31
0	39
3	27
0	19
0	0
0	0
22	337
0	300
0	84
14	105
0	95
0	9
0	22
0	23
2	40
3	76
0	40
0	0
3	1217
1	1206
0	1201
8	845
3	8
2	104
0	646
0	132
2	99
4	71
0	646
0	13
0	13
0	10
768	111
0	41
2	101
0	32
1	28
0	0
0	66
0	178
2	8
0	19
2	21
0	47
0	55
6	40
0	332
0	267
0	235
5	285
0	6
1	7
5	8
0	338
0	305
0	356
0	346
0	319
0	0
0	0
1399	746
2	339
1	312
2	163
12	120
0	0
5	31
4	13
0	29
0	14
0	14
0	25
1	3
1	2
4	0
0	9
19	5
499	0
0	17
0	7
0	5
0	0
0	2
0	1
0	2
0	2
0	2
0	0
0	2
0	2
0	0
9	0
0	0
136	23
0	23
0	0
25	0
27	6831
14	89
1	544
1	221
2	67
0	87
1	140
3	126
1	75
16	216
0	6762
2	180
2	1152
6	185
0	615
20	59
88	288
8	264
0	1165
0	5
0	0
0	5
0	7
0	0
0	7
0	5
0	0
0	2
0	2
0	2
0	0
0	0
0	1
0	2
0	0
0	1
0	1
520	0
5	151
0	0
0	0
0	0
0	0
0	0
0	0
0	0
0	0
0	0
0	0
0	0
0	0
0	0
0	1
0	3
0	1
0	3
0	3
0	1
0	0
0	0
0	0
2	0
3	950
281	1170
0	244
0	1082
0	572
1	613
1	609
115	0
17	30
0	28
0	30
2	8
0	203
0	216
27	19
0	43
4	26
0	40
0	6
0	15
0	1
0	14
0	0
10	0
8	0
0	196
0	200
1	0
0	0
0	0
0	0
0	0
0	0
0	0
0	0
0	0
0	0
0	0
0	0
0	0
0	125
0	0
0	128
2	3
2	6
0	1
24	14
0	141
0	128
4	359
0	319
3	272
0	276
0	164
6	196
0	0
234	95
0	88
0	23
1	14
23	97
0	122
0	49
0	73
0	51
0	1
44	7
5	5
1	1
0	0
0	2
0	0
0	0
0	0
59	421
0	477
0	443
0	76
0	3
4	79
0	0
0	9
0	9
0	79
0	569
0	569
0	53
26	580
0	254
0	568
2	569
325	0
0	0
129	433
0	339
2	146
1	124
0	88
0	78
2	1769
5	1630
2	230
0	11
2	1
0	0
0	0
22	690
0	402
0	687
0	21
3	61
0	35
1	69
6	15
0	35
0	37
23	2
43	318
0	70
0	294
0	48
24	0
0	154
48	56
0	38
0	0
0	0
0	8
36	34
2	20
0	11
3	15
2	27
40	31
79	9
0	4
0	8
0	0
0	0
0	0
0	0
0	0
0	0
0	0
593	101
13	25
0	102
30	0
0	0
0	0
0	0
0	0
0	0
0	0
0	0
0	0
83	17
0	17
0	0
0	0
0	1
0	0
0	0
0	1
0	0
0	0
0	0
0	0
0	0
0	0
0	17
1	104
0	340
6	26
0	50
0	355
61	351
0	51
0	23
2	0
0	0
31	10
0	1
0	6
0	0
0	0
0	0
131	516
2	247
0	348
0	516
4	9
0	9
0	0
423	22
5	22
8	0
1	5
164	5
0	0
0	0
0	0
0	0
0	0
1	262
0	280
0	271
7	248
0	18
0	25
1	6
6	98
361	278
17	278
0	0
0	0
0	0
1	51
1475	468
0	194
5	49
5	40
0	134
11	25
12	30
0	658
9	671
0	85
1	0
0	0
0	0
0	0
0	0
0	0
0	0
0	0
0	0
0	0
11	0
0	0
0	1
0	0
0	1
25	581
1	26
0	12
1	533
6	7
0	45
1	40
0	64
0	204
12	150
0	150
0	236
0	161
0	153
0	163
24	97
0	0
0	2
1	1300
0	1004
3	1298
0	5
0	3
0	4
0	4
0	4
0	4
0	4
0	4
0	4
0	0
0	0
0	0
0	0
0	0
2	2
0	2
0	0
0	0
0	0
0	0
0	0
0	0
0	1
0	1
7	223
48	454
1	582
0	580
6	12
4	222
21	37
3	116
0	1847
1	1701
10	1778
20	576
6	107
1	233
19	49
1	747
0	117
19	71
1	18
7	109
88	159
0	70
0	80
0	60
0	70
280	190
0	147
0	109
0	119
0	1709
51	564
0	251
0	935
0	997
0	1730
91	33
0	33
0	619
0	150
0	336
0	131
0	220
0	587
0	74
66	70
5	145
0	118
27	91
1	82
0	65
0	39
0	38
70	38
0	0
0	0
0	0
0	0
0	0
0	0
0	1
0	12
0	12
0	0
0	6
25	608
18	952
0	853
0	428
2	438
0	321
9	345
0	2
1	99
0	0
0	0
0	0
0	0
0	0
37	35
0	82
11	272
1	268
3	277
2	272
8	41
0	89
0	0
0	0
0	0
0	0
0	0
0	0
0	0
0	0
0	0
1	3403
0	3533
0	3317
0	3345
35	3240
97	3046
13	3270
0	759
16	436
4	369
0	183
1	91
0	3300
0	0
0	0
0	0
0	0
0	0
0	0
0	159
0	159
0	159
0	131
259	2509
7	487
42	2379
2	1246
65	2018
0	73
2	112
5	44
0	228
0	61
0	54
7	2018
24	27
0	29
1	19
8	8
0	2
0	0
0	0
0	0
57	786
7	658
0	205
0	294
0	92
0	66
0	433
0	481
0	463
0	157
446	0
0	0
0	0
0	0
45	206
0	63
11	32
0	44
3	43
0	165
0	0
0	0
0	0
0	0
0	0
7	132
1	132
54	0
0	0
0	0
0	0
0	0
0	0
143	249
16	621
2	670
0	670
0	4
1	4
0	0
0	0
0	0
0	2
0	2
0	2
0	0
1	0
0	0
0	0
0	0
1	2
0	0
0	47
1	21
2	21
0	3
0	6
2	9
0	9
0	59535
0	59527
3	58045
0	7
0	7
202	0
62	266
2	266
11	37
1	17
1	32
4	19
0	0
0	0
0	0
0	0
22	4
1	4
0	0
29	12
0	11
4	2
15	156
1	155
2	153
4	52
0	0
1	319
2	54
1	147
0	283
1	238
0	132
0	89
0	41
1	66
3	32
0	17
0	24
0	0
0	0
32	110
0	66
39	68
0	0
7	751
0	739
1	310
0	541
0	61
0	80
1	43
0	41
2	5
0	0
0	0
16	0
928	207
0	193
26	0
0	57
0	124
582	0
2	1
0	1
0	1
0	1
0	0
0	0
0	0
3	0
3	0
1	245
0	124
0	0
0	245
0	245
717	685
191	639
0	78
0	137
0	49
3	178
376	161
0	38
23	156
2	148
1	43
0	1262
9	79
6	1003
3	79
7	1220
1	91
2	49
4	184
0	666
0	654
5	390
22	0
1	16
0	32
0	60
28	652
0	0
0	0
0	0
0	0
0	0
0	0
0	0
0	0
0	0
0	0
0	0
0	0
17	1368
0	1389
7	1011
53	0
0	2
0	2
0	2
0	0
0	0
0	0
0	0
0	0
0	0
0	0
0	0
0	0
0	0
0	0
0	0
0	0
0	0
0	0
0	0
0	1
0	1
0	0
0	1
10	43
0	43
0	22
0	3
0	2
0	27
0	5
0	10
0	0
0	0
0	0
120	12
0	7
1	11
300	972
0	811
2	87
3	252
0	125
0	43
0	0
0	0
0	0
0	0
0	0
46	2944
26	2947
0	1215
450	234
2	185
0	186
0	144
7	216
0	231
12	295
31	90
2	573
5	60
1	193
0	206
0	73
3	1482
0	8
0	8
0	8
6	6
0	8
0	6
0	15
0	6
0	6
0	17
0	17
0	123
3	122
3	107
0	64
0	55
31	0
16	57
13	57
1	52
0	0
3	18
2	0
12	125
0	42
51	7
0	58
0	30
5	27
29	3054
25	1178
0	1298
0	1298
0	1182
0	644
1	70
0	70
0	33
459	460
13	437
7	438
3	4
9	1060
0	951
0	833
8	51
4	76
1	0
0	0
0	0
0	0
474	6855
0	889
1	947
0	725
0	802
0	92
0	214
11	169
2	94
3	43
0	0
466	96
13	47
2	49
217	189
0	65
0	162
0	162
0	91
0	106
0	98
10	92
0	81
0	81
0	28
36	47
0	18
0	25
1	6
0	9
5	13
1405	2283
145	9061
15	9033
60	2063
0	421
23	1320
47	1358
23	344
2	2232
5	1025
1	475
0	2003
35	347
18	516
0	249
16	134
0	0
0	0
0	55
2	23
0	18
0	38
0	44
0	40
0	22
10	18
20	0
28	75
0	13
0	62
0	4
0	0
0	1342
0	1251
46	406
0	1
6	106
0	105
1	1
68	175
0	103
0	112
10	320
0	114
0	170
0	170
0	237
213	586
61	266
0	260
6	60
5	586
0	177
0	271
49	178
0	132
0	143
1	125
10	31
18	36
35	0
0	351
0	17
7	133
0	17
0	351
1	125
2	180
141	95
0	7
0	95
0	7
0	7
0	3
0	3
0	2
43	37
0	23
1	26
0	15
1	139
59	139
0	0
0	0
0	1010
106	931
12	255
0	92
0	139
0	69
0	0
0	392
11	392
55	358
3	465
3	469
0	486
2	229
0	266
180	5566
85	1252
0	1493
235	573
0	1956
2	526
59	387
0	666
14	124
84	29
4	1697
17	84
2	311
0	4314
0	0
0	0
0	0
493	57
0	57
0	439
1	417
0	351
0	408
1	367
0	31
0	410
0	121
0	69
0	75
0	76
3	31
0	69
1	0
0	7
0	0
0	0
0	69
1	1619
10	1568
21	1589
35	724
1	1277
6	1139
1	320
197	1
31	87
9	37
0	95
1	76
6	35
0	0
0	0
560	0
0	34
0	0
0	0
0	0
0	0
252	0
0	0
0	0
0	0
4	0
0	4
0	4
7	1775
8	1766
228	845
0	1536
17	513
1	1765
0	1766
0	1689
2	21
0	16
0	20
2	0
24	130
0	130
0	0
0	2
0	2
0	0
0	0
0	0
0	0
0	0
0	0
0	0
0	0
102	254
0	28
0	208
37	103
0	59
22	67
0	67
2	26
1	26
0	26
162	36
0	33
0	31
0	36
0	0
45	210
0	210
1	114
11	37
60	56
159	646
0	649
0	144
13	79
45	162
0	211
0	150
0	230
0	1064
0	41
0	39
0	414
0	914
22	920
0	354
0	185
6	80
0	276
0	327
0	373
0	171
939	162
0	93
0	102
15	0
5	113
0	126
0	68
0	36
0	20
0	7
2	7
0	132
0	0
0	0
0	0
344	586
27	249
79	382
30	338
0	183
3	67
0	306
0	0
0	0
0	0
2	0
0	562
0	562
0	597
0	527
0	17
7	527
0	560
0	6
0	534
0	363
0	28
7	43
0	125
0	558
0	0
0	0
0	0
0	0
1	0
0	0
0	0
0	0
0	7
0	7
0	7
0	3
0	7
0	7
0	0
0	0
0	2
0	2
349	162
4	162
0	162
0	0
0	0
0	0
0	0
0	0
0	0
0	0
0	0
0	0
193	295
6	86
9	244
1	95
155	34
1	11
0	12
0	11
0	0
0	0
0	0
0	0
0	1265
1	801
0	154
0	45
0	6
0	47
23	1215
7	981
11	88
0	52
7	97
8	52
2	111
0	0
0	0
0	25
2	0
0	25
0	9
0	10
0	10
0	18
0	0
0	0
0	0
0	0
0	0
2	7
0	0
6	40
6	8
0	13
0	0
0	2
0	32
0	36
0	16
0	12
0	1072
0	1103
17	1168
0	872
1	859
23	120
18	63
7	274
0	119
57	148
0	130
0	13
0	0
0	0
0	1
0	0
0	0
0	1
0	1
0	1
8	435
14	416
0	204
3	10
17	3
0	368
402	924
0	878
3	162
7	172
11	246
14	35
0	42
3	12
1	12
0	0
0	0
0	0
0	16
0	35
0	16
0	11
0	3
0	16
0	2
0	2
0	2
0	2
0	4
0	2
0	35
9	158
0	158
0	384
0	384
0	320
14	287
6	271
0	292
0	65
0	203
6	26
0	26
0	22
18	20
20	0
1	267
0	307
0	182
22	208
0	166
4	101
6	13
316	617
0	523
0	590
35	389
0	99
0	363
6	529
0	72
0	145
0	161
0	125
265	16
91	4160
0	391
10	4150
52	124
211	156
0	141
0	110
6	104
0	36
7	20
4	2607
5	1506
13	1519
0	2311
20	1210
0	639
0	468
0	319
6	266
0	875
0	1088
0	1119
21	1129
16	1132
9	78
6	262
2	173
0	49
0	0
0	249
0	3
0	860
11	862
74	348
0	477
0	1
0	605
0	849
0	470
0	480
2	0
0	0
0	540
0	604
11	576
2	233
62	12
0	327
24	134
0	132
1	60
1	58
1	35
0	14
11	11
0	8
3	2
4	0
43	394
5748	550
7	536
0	0
0	0
13	169
0	163
0	56
3	159
14	155
0	94
0	118
0	120
0	41
0	33
0	13
0	2
0	0
0	0
0	0
0	0
0	0
0	0
0	0
0	0
0	0
0	5
0	0
0	5
0	118
14	102
1	110
2	1
0	30
0	39
613	80
47	80
56	0
1657	274
1	274
1483	369
0	338
0	79
164	124
4	111
55	13
0	0
0	0
0	0
0	0
0	0
0	0
0	0
0	0
0	0
0	0
0	13
0	13
10	28
13	21
0	13
9	28
4	29
25	0
11	35
0	16
26	5
0	1
0	5
0	0
0	0
0	0
0	0
63	197
0	80
8	153
5	5
0	4
0	2
1	0
0	44
0	46
0	71
0	70
133	66
56	67
0	37
0	15
27	37
10	128
2	202
2	245
0	254
0	202
0	204
4	80
2	43
0	11
0	17
1	0
2149	0
2	51
2	51
0	52
2	6
5	23
0	7
7	1
0	10
0	7
0	4
0	3
0	4
7	84
28	84
0	19
1	15
0	82
0	4
5	3
10	138
1	41
0	129
2	13
1165	379
0	336
0	143
0	1439
24	514
12	1044
2	383
0	178
0	52
0	101
4	199
26	186
19	370
1	294
2	11
0	0
452	2207
20	130
4	782
0	1364
3	22
10	4
7	40
20	793
0	22
10	1
15	0
28	13
0	118
0	43
9	107
1	52
0	36
319	7
0	7
1	101
1	101
0	0
61	1198
14	1205
0	31
0	1
0	1
37	636
0	809
3	879
0	894
14	29
16	98
0	474
9	147
26	147
0	104
0	0
0	0
0	0
0	0
0	0
0	0
0	0
0	0
0	0
0	0
0	0
124	9
4	9
338	1032
95	762
2	77
2	191
1	344
24	75
28	58
0	211
7	15
0	0
0	0
0	0
0	0
299	138
0	69
8	107
0	107
8	35
1	15
11	0
0	78
0	0
0	0
0	0
0	0
57	1693
0	1655
0	1691
0	1175
0	1321
0	1323
30	80
15	91
8	281
2	80
0	168
0	26
0	1482
8	858
10	37
6	410
0	31
0	471
16	75
0	0
0	0
1	0
482	310
11	41
0	269
6	0
2	0
0	0
0	0
0	505
6	247
2	333
0	58
1	228
0	96
0	1
8	1
0	2387
1	2320
116	1471
5	32
0	32
3	29
0	6
0	0
0	0
0	192
0	106
4	12
0	183
0	30
0	17
2	109
0	36
2	20
0	496
1	434
0	346
0	248
0	243
0	223
0	67
4	115
8	134
0	158
0	124
6	93
107	3189
0	6
0	7
0	7
0	7
0	6
0	3
0	0
0	0
0	0
0	0
0	0
0	0
0	0
0	0
0	0
0	0
0	0
0	0
0	0
509	3134
297	230
3	4
4	5
5	80
3	166
6	38
1	21
0	141
30	36
0	117
0	159
0	146
0	89
0	28
0	67
0	74
0	11
0	22
0	61
0	29
0	0
0	0
0	0
0	0
413	3872
0	3930
78	1181
9	784
671	256
0	256
0	0
0	2
0	1
0	2
0	2
0	2
0	2
0	2
0	2
0	2
0	2
343	79
22	22
2	24
9	35
9	0
0	0
0	366
0	374
0	208
0	158
25	0
13	133
1	11
7	139
5	114
19	92
0	0
0	47
0	47
0	0
0	4
0	0
0	0
0	0
0	2
0	0
0	3
5	4
0	3
0	4
0	6
0	1
0	2
0	17
0	17
0	0
0	17
0	17
0	15
0	1
0	0
0	0
0	0
0	0
0	1
0	3
0	0
0	0
0	0
0	0
0	0
0	0
0	0
0	17
0	0
0	0
0	0
0	0
0	0
0	0
0	5
0	5
1	5
0	4
63	713
0	5461
6	23
0	5421
0	0
0	0
0	0
0	0
491	105
0	69
2	78
0	84
0	0
0	0
0	0
198	29
3	29
0	0
0	0
0	0
0	0
0	0
0	0
0	111
0	115
0	5
0	13
4	7
0	3
0	111
0	3
0	3
0	1
0	0
0	0
0	0
0	0
0	1596
2	380
0	1075
0	1305
0	1313
0	1702
0	1391
31	435
0	1202
0	1629
0	1587
0	1091
23	1529
0	152
1	951
0	71
0	71
1	129
0	908
8	46
0	90
0	956
32	0
6	0
0	233
19	0
18	493
0	1632
0	1668
2	1620
0	2
0	1
0	2
0	2
0	0
0	0
0	0
0	0
7	18
0	13
0	3
0	8
0	3
0	0
0	0
0	0
0	0
0	0
0	0
0	0
0	0
0	0
0	0
0	0
0	0
0	1288
13	136
0	612
0	41
58	30
14	1210
0	98
0	101
0	28
14	141
11	102
0	70
0	82
0	31
0	30
0	36
527	0
0	0
1	0
0	0
0	0
0	173
0	170
0	89
0	81
0	26
1	0
0	173
0	170
0	322
1	231
2	354
0	347
29	1
0	1
6	737
0	741
15	114
0	218
0	1
0	1
0	0
2	1038
29	869
0	978
19	981
9	1022
24	215
935	8622
0	8642
0	7747
69	2528
1	662
4	991
0	806
4	737
21	87
0	63
74	1
23	1106
108	53
0	1117
92	1154
5	199
3	0
15	0
0	0
0	0
0	0
400	0
2	0
0	0
3	0
0	0
8	349
0	316
0	133
0	97
0	128
0	83
84	1417
2	1285
3	59
0	60
12	49
4	134
9	81
2	209
8	58
185	494
10	497
0	4
1	0
3	256
36	504
0	42
0	302
97	493
0	0
0	0
0	0
2	1
0	0
0	1
0	1
0	1
10	52
0	5
0	42
1	10
0	0
0	47
0	158
9	30
2	52
0	213
0	202
6	171
0	61
2	34
0	37
0	34
1	76
5	70
13	56
0	487
25	496
24	18
1	20
0	336
0	356
0	369
11	1
0	330
0	298
0	302
0	311
0	315
0	112
5	0
0	35
0	48
17	60
0	0
0	0
0	0
0	0
0	0
0	0
3	800
38	63
0	53
0	20
0	5
0	0
0	5
0	0
0	0
0	3
0	20
0	50
3	3
0	45
0	34
2	5
0	21
1	1
0	3
7	25
0	24
0	233
70	262
0	233
0	241
31	213
0	138
0	37
82	27
14	14
0	20
0	16
0	17
0	13
1	4
70	36
0	20
0	16
22	0
0	0
0	0
43	6722
3	4996
9	443
0	1
0	1
0	0
0	76
0	45
2	72
1	15
19	18
0	24
0	0
8	52
0	41
0	9
2	2
0	0
0	0
0	0
0	0
0	21
2	22
0	3
0	0
0	1
366	89
2	89
0	0
0	0
0	0
0	0
0	0
0	0
0	0
16	0
0	0
0	0
0	363
1	156
1	269
2	363
0	223
0	138
0	0
0	0
0	0
0	0
0	0
0	0
0	0
17	1127
0	1092
0	572
55	620
0	673
10	95
2	228
0	244
8	150
3	95
0	74
21	1241
0	193
0	64
0	1
0	1
0	0
0	1
0	1
0	0
9	862
0	165
29	689
6	148
2	860
0	147
22	132
6	176
5	70
0	4
0	4
0	2
0	0
0	0
0	2
63	36
0	29
0	3
0	0
0	10
0	4
0	3
0	0
0	0
0	0
0	0
0	0
0	0
0	0
0	0
0	0
0	0
0	0
0	0
0	0
0	0
0	0
25	1785
0	1808
20	1753
7	338
2	166
20	768
2	449
0	84
0	338
13	295
28	169
0	4
0	7
0	0
0	0
0	0
0	0
0	0
0	0
0	0
3	11
0	11
0	2
0	2
0	0
60	80
600	80
971	139
5	10
0	129
0	0
0	0
0	0
0	0
0	0
0	0
0	0
0	0
0	0
0	0
0	0
0	33
10	0
6	155
3	306
99	332
115	251
0	105
2	10
0	40
144	17
1	0
1	2
0	2
0	2
0	0
0	0
0	84
12	47
7	36
114	51
0	0
0	26
6	26
0	26
0	5
0	9
0	4
0	0
0	0
0	0
2	129
0	2871
0	2202
108	129
5	1313
59	0
70	355
0	1587
0	1993
0	2117
17	168
33	41
0	228
0	86
2	1536
0	355
3	260
5	213
0	136
0	400
6	46
0	1232
10	149
5	31
6	31
0	0
0	438
1275	3320
70	1168
28	786
26	1605
10	363
8	607
152	37
0	37
0	0
0	0
0	0
0	352
0	345
73	372
2	1
0	24
0	18
0	20
0	7
0	22
0	56
0	61
396	285
0	279
0	282
0	51
0	89
1	69
0	33
0	4
49	91
0	133
1	0
1	21
3	71
3	10
98	21
1	5
0	18
0	7
0	153
3	153
1	42
0	6
13559	106565
78	33557
14	29124
39	75301
177	40158
0	62215
93	54153
43	49044
7	387
10	387
0	351
0	159
0	0
0	0
0	0
0	0
0	0
0	0
0	0
0	0
0	0
136	501
48	77
0	436
0	84
0	17
4	273
0	435
4	13
1	76
0	163
23	52
1	105
10	175
1	175
0	46
0	0
0	86
0	170
0	73
0	0
0	0
0	0
0	0
0	0
0	0
0	0
7	48
0	0
0	0
0	0
0	0
1418	6203
32	1101
1	1585
5	782
0	0
0	0
0	0
102	219
2	222
0	531
8	381
13	645
78	866
19	288
0	961
0	271
0	560
4	567
5	399
2	30
5	73
180	81
0	5
0	17
7	20
4	41
0	39
0	0
0	0
0	0
0	344
0	15
0	244
0	296
52	581
2183	762
1	179
1	233
194	46
0	38
0	8
2	26
13	0
30	1595
8	812
0	435
0	599
3	1545
0	121
1	777
13	0
2	2609
1	944
2	1242
18	0
4	2078
9	286
6	305
0	220
0	0
614	649
5	46
1	233
28	158
18	124
19	34
280	1407
1	240
2	201
1	141
0	266
6	11
0	1275
0	652
572	40
2	40
228	78
0	27
3	77
2	18
153	79
0	67
0	23
0	10
0	200
0	130
90	132
1	51
0	201
0	0
1	0
0	0
10	25
1	17
0	17
2	20
0	5
1	2
1	72
0	65
0	29
0	60
0	48
0	11
0	60
0	0
0	0
0	0
201	0
0	0
1950	3963
21	362
1	2997
2	1977
1	3777
2	3048
251	929
0	788
0	375
0	241
0	137
0	97
0	205
0	165
3	422
9	515
0	49
0	120
0	119
6	87
0	0
0	146
0	124
0	149
0	410
0	542
0	236
10	222
1	454
0	406
11	411
3	249
0	7
0	7
0	0
0	7
298	222
0	211
0	94
1	72
0	31
0	38
0	39
0	36
0	31
0	23
0	13
0	0
0	0
0	0
0	0
0	27
3	25
0	1
0	2
0	3
0	24
0	0
0	13
9	9
688	418
0	419
0	125
0	128
0	37
0	49
0	26
0	33
0	16
0	11
0	10
1	3
0	4
0	1
1	0
102	201
0	100
0	98
0	88
0	70
0	6
4	67
0	78
0	12
0	0
0	0
0	0
0	0
326	125
0	45
0	51
0	7
8	60
1577	0
0	3876
0	3871
0	3777
0	0
0	0
0	0
0	521
2	42
0	338
2	414
2	502
13	42
1	245
134	240
0	216
10	202
1	220
0	129
0	28
2	31
0	20
0	1
0	1
0	0
335	125
0	15
949	3414
8	31
44	49
0	2980
110	0
60	61
9	220
0	136
0	3319
0	39
1	35
0	26
0	16
0	0
3	15
0	1
357	116
3	103
0	66
0	0
0	0
0	0
0	0
0	0
0	0
0	0
0	0
0	0
0	0
0	0
0	0
0	121
0	0
0	235
13	1
3	380
0	163
1	32
0	23
5	184
27	229
7	468
0	367
158	937
0	270
0	38
0	231
59	93
5	53
21	27
1	0
6	85
0	421
0	55
2	40
0	19
11	0
1	0
4	0
1	0
0	0
0	0
107	4490
0	2003
6	0
6	428
1	423
0	422
7	2491
3	222
0	362
0	292
0	162
2	305
0	392
0	337
0	0
0	0
0	0
0	0
0	0
0	0
11	3899
0	822
0	1202
11	698
0	356
166	2
0	1213
0	1226
2	677
0	914
0	1228
27	18
1	177
0	2698
6	686
0	82
0	907
0	323
1	418
10	719
0	409
0	317
0	528
0	2605
0	2513
0	1010
17	2446
0	580
3	926
0	2175
0	343
1	643
6	379
0	429
0	213
0	530
4	268
1	316
0	654
0	648
0	545
0	391
0	524
0	527
0	386
1	22
0	268
0	0
0	0
0	361
0	383
2	223
1	269
1	31
2	2691
0	2725
1	913
2722	16691
37	16375
181	11995
10	3760
9	4633
1	4361
13	846
0	4557
44	6717
55	1715
86	2538
0	0
0	0
0	0
0	0
0	0
0	0
0	0
0	0
0	0
0	0
0	0
0	0
0	0
0	0
4	121
0	142
0	126
0	2
0	2
0	0
0	0
0	0
0	0
0	0
0	0
0	0
0	0
0	0
0	0
480	88
0	88
5	2
0	0
0	8
0	27
7	338
0	290
6	167
0	344
34	338
0	296
78	17
554	0
260	0
1	0
210	62
0	11
10	62
0	0
0	0
0	0
0	0
0	0
0	0
0	0
0	0
0	0
0	0
0	0
0	0
0	0
0	299
0	247
0	292
0	308
0	191
0	55
1	45
62	548
11	279
5	521
2	26
2	292
0	1071
34	58
0	190
45	1192
0	139
3	0
99	11
1	10
0	10
0	1
0	0
0	15
0	15
0	13
0	129
2	129
0	6
0	0
175	244
107	9
0	235
1	435
0	17
0	1
0	53
0	435
32	195
0	1
0	393
1	20
1	95
0	440
4	455
0	459
0	464
0	359
0	394
0	18
0	95
0	0
0	0
13	506
12	750
0	650
3	241
8	188
29	129
5	124
0	88
0	0
10	0
0	1
0	0
0	1
0	150
2	646
1	602
0	788
12	738
0	661
18	679
0	676
57	678
22	512
20	103
0	0
0	0
0	0
0	0
6	40
60	276
0	241
7	51
0	15
0	321
1	332
0	54
0	111
0	149
0	147
0	106
0	146
3	43
0	155
0	49
0	83
7	65
2	0
0	4
0	1
0	1
0	1
0	1
0	0
0	1
0	4
0	53
41	55
0	53
0	47
1	0
0	0
0	0
29	7
0	9
0	9
22	275
7	743
0	78
0	86
0	406
0	782
0	6
0	44
489	46
9	13
0	28
6	552
17	552
1514	545
9	45
0	0
246	614
2	216
0	729
0	645
0	731
0	746
0	716
4	615
24	558
0	535
0	67
45	257
60	246
0	56
0	0
3	270
0	165
0	169
2	48
2	33
2	63
0	52
7	13
16	34
0	2
0	3
0	262
2	1464
275	1584
1	1142
0	1424
0	1411
7	215
16	29
1	241
134	54
0	708
4	81
3	66
0	108
4	219
0	315
0	279
0	61
2	342
0	390
1	225
5	204
8	221
24	115
36	13
9	48
841	48
0	0
0	0
0	0
0	0
36	3
0	5
0	3
0	2
1	0
0	2
3	2
0	0
0	0
0	0
0	0
0	125
42	124
3	25
0	1206
49	1206
33	324
108	1204
0	101
1	145
1	81
0	21
8	5
0	5
20	787
0	658
0	698
1	742
24	180
33	76
4	217
9	154
0	96
7	0
0	0
0	0
0	0
0	0
0	0
41	987
0	786
7	985
1	851
477	156
12	156
0	0
1	25
0	31
0	90
0	62
11	21
0	43
0	0
1	0
11	80
1	42
0	0
0	31
0	0
0	0
0	0
0	0
0	0
0	0
0	0
0	0
586	6005
17	5629
2	3402
2	329
1	2086
1	431
0	5723
0	0
0	0
510	136
0	62
9	103
562	1326
5	188
0	88
13	1204
17	1208
36	141
0	198
57	873
0	892
0	241
1	9
0	106
0	115
0	193
1	51
1	36
0	46
0	31
0	19
2	9
0	7
0	2
0	0
110	295
0	298
0	249
0	188
0	29
1	5
0	7
22	0
0	7
0	0
0	0
0	0
0	0
0	0
0	52
73	56
0	35
0	0
0	0
0	0
0	0
2	202
21	202
0	46
0	1
2	1
0	0
0	0
0	0
0	2
0	2
0	2
0	2
0	2
0	0
0	0
0	2
0	2
0	0
0	0
3	2
0	0
0	0
557	0
0	0
0	0
0	0
0	0
0	0
66	194
0	135
0	49
1	106
23	3
21	79
13	26
0	0
0	0
0	0
50	326
0	289
1	247
0	107
0	368
1	313
4	105
0	101
0	252
0	283
3	27
0	0
0	0
0	0
0	0
0	0
0	0
0	3
5	7
0	4
0	1
0	3
0	0
0	0
0	0
110	6
31	6
1	243
274	2972
2	2577
9	164
5	332
6	77
17	705
38	40
170	0
32	5
0	704
0	710
0	710
0	707
3	145
2	176
7	26
0	707
3	539
7	544
0	473
13	507
22	2
0	39
1	101
1	52
0	18
1	196
6	2
3	2
16	3
0	3
0	3
3	431
0	133
10	297
0	120
0	102
10	128
0	104
5	0
7	64
0	0
0	361
0	361
8	354
0	231
0	322
0	93
0	36
9	33
10	258
0	145
7	3
0	22
0	45
0	0
0	0
655	150
6	44
4	106
0	32
0	174
0	30
16	18
0	168
0	81
0	110
9	168
17	146
0	83
1	52
0	115
0	109
0	160
0	144
0	172
0	46
0	174
0	0
0	0
0	0
206	0
0	0
0	0
0	0
0	0
0	0
0	0
0	0
0	0
29	359
67	92
0	239
0	162
14	126
121	544
0	530
4	382
0	532
3	102
4	54
0	109
0	49
0	72
0	55
0	59
0	15
0	1
0	1
0	954
0	482
0	3617
0	4262
89	3427
1	2321
31	820
1	330
2	685
24	433
0	222
0	237
0	226
0	201
0	157
0	25
2	61
0	234
0	58
0	60
0	55
0	38
0	34
14	24
0	18
0	8
7	1
0	167
0	165
0	166
115	83
0	161
0	166
0	34
0	0
1062	165
0	172
3	11
103	0
65	359
0	166
1	255
0	64
1	152
0	182
0	134
26	29
0	11
2	0
0	18
3	0
4	0
0	0
0	0
0	0
0	533
0	504
0	533
1	473
0	533
0	80
0	270
0	270
0	36
0	59
0	162
8	81
0	57
0	2
12	60
0	1
0	52
0	46
0	26
1	21
0	11
0	0
0	473
0	179
0	0
4	183
12	138
0	78
3	50
0	139
0	161
0	175
0	150
0	87
4	12
2	20
0	53
0	38
0	34
0	19
0	5
0	5
0	2
1	4
4	0
34	454
0	312
2	86
0	454
0	12
0	9
0	12
0	0
12	0
0	715
0	712
0	709
0	301
0	288
0	211
1	196
11	71
0	116
3	106
19	40
13	25
131	16
0	0
0	0
0	0
0	0
0	0
0	0
8	5
0	4
0	1
1	40
2	33
1	36
0	7
0	8
0	36
0	935
0	901
0	573
20	84
3	41
0	1
0	1
0	1
0	0
1	2
0	1
0	1
9	799
0	959
0	902
0	126
13	92
0	8
0	8
0	8
0	6
0	9
0	8
0	9
2	7
0	7
0	9
0	5
0	7
0	9
0	0
0	0
40	1
0	684
0	1323
11	168
19	329
2	893
0	0
27	381
0	1077
0	1317
0	0
0	0
0	5
11	325
0	202
0	312
0	190
0	166
3	311
0	186
0	108
0	29
0	18
0	17
0	13
0	0
0	125
0	141
4	109
3	29
320	617
2	99
0	1
0	26
3	54
0	634
31	326
4	0
0	0
0	0
0	0
0	29
1	28
0	4
0	28
0	21
0	23
12	16
0	5
1	0
0	0
0	0
0	0
1	102
2	392
4	339
6	197
273	49
2	49
0	0
0	0
0	0
36	77
4	5
2	5
1	85
0	693
0	703
93	1196
18	1188
0	408
0	0
0	0
0	0
0	0
43	72
1	72
4	72
0	50
5	0
0	124
1	61
0	88
6	90
71	123
0	0
16	532
3	482
0	141
0	46
151	247
0	245
1	15
8	464
252	2090
2	320
89	2017
0	921
15	885
38	782
0	0
0	10
0	10
0	10
0	5
0	7
1	0
0	0
195	2879
0	2422
0	2736
0	2279
0	2050
1	1060
0	877
9	1467
9	427
0	1129
0	142
110	0
0	0
0	0
0	0
0	0
0	0
0	0
0	0
35	3
49	18
0	3
1	3
1	5
0	13
427	1518
0	1518
2	309
0	0
0	0
10	275
0	162
0	280
1	250
0	220
0	60
2	114
0	57
0	91
0	77
0	48
0	60
0	39
0	38
0	0
0	0
0	0
0	0
0	0
0	637
6	615
3	156
12	290
0	207
0	191
0	0
2	133
5	23
0	39
21	148
0	10
0	10
0	6
0	6
0	4
2	0
13	114
0	118
0	106
2	49
1	49
0	0
0	0
1564	31
28	31
0	1
0	0
0	1
0	0
0	0
0	0
78	224
0	221
5	116
0	0
0	0
1	24
0	24
0	11
0	6
0	4
0	11
93	11
285	48
5	37
0	0
0	0
0	0
0	0
0	0
0	0
0	0
0	0
0	0
0	0
0	0
0	0
0	0
0	0
0	0
0	0
0	0
0	0
0	0
0	0
0	0
0	0
0	0
0	0
0	0
0	0
0	0
0	0
0	0
0	0
0	0
0	0
0	0
0	0
0	0
0	0
0	0
0	0
0	0
0	0
0	0
0	0
0	0
0	0
0	0
0	0
0	0
0	0
0	0
0	0
0	166
2	12
0	29
36	29
0	165
8	162
2	19
20	208
0	201
0	186
1	202
1	147
1	7
67	831
4	197
0	818
0	368
0	381
2	316
0	489
3	67
0	18
0	381
2	19
0	0
0	0
0	0
0	0
0	0
0	0
0	0
0	0
0	0
0	0
0	1
6	16
0	13
0	9
0	161
98	161
33	18
0	18
39	0
811	274
1	254
1	59
0	224
4	4
9	61
1	62
404	491
13	265
0	230
2	63
7	71
1	71
124	0
0	0
11	5009
54	3857
405	6
100	4139
5	4092
5	4984
0	3766
9	4114
8	2428
10	216
0	18
1	0
0	18
0	16
0	18
0	3
0	1
0	12
0	0
2	0
0	0
0	0
0	0
0	0
0	0
0	0
0	0
0	0
0	0
0	0
0	0
0	0
0	0
0	0
1912	125
107	84
132	41
0	0
0	61
2	60
0	11
0	21
10	2
52	0
292	545
0	462
22	1491
54	469
1	1250
0	1044
0	30
8	3
10	1
1	3
0	27
1587	625
4	319
6	306
1	0
62	781
1598	1133
4	271
4	213
3	352
21	61
0	0
0	0
0	0
0	0
0	0
0	0
0	0
8	1942
0	823
18	1865
2	56
0	136
22	555
150	1306
214	1340
118	387
0	336
0	32
1	81
8	62
5	174
0	0
2	0
0	28
0	2
16	28
1113	74
0	75
0	1
0	0
1379	1652
0	364
0	582
63	852
7	139
1	222
22	413
11	282
1	183
0	86
4	99
3	22
14	1
0	1
0	2
0	2
0	133
0	131
1	123
0	10
0	131
0	110
5	111
3	26
4	20
6	27
0	28
1	1
2	16
0	36
0	2
0	4
8	4
59	227
76	326
0	85
0	231
32	167
0	0
0	0
443	166
12	166
0	46
108	34
4	34
71	364
0	325
1	154
7	47
0	0
21	0
301	310
0	283
7	27
0	2
0	2
0	0
0	0
0	0
0	0
0	0
0	0
0	268
0	284
1	284
0	219
4	29
1	41
0	35
0	973
0	1085
14	1085
0	90
0	928
0	910
0	320
0	513
4	96
0	295
0	27
0	80
6	68
20	111
0	889
0	997
0	0
6	1304
0	1272
0	9
0	175
4	139
1	180
0	193
0	110
0	482
0	187
0	117
0	168
0	62
1	198
0	0
0	0
0	0
0	8
0	0
2	6
0	8
0	125
1	125
11	21
691	21
15	16
0	0
0	0
0	0
0	0
0	0
0	0
0	0
4	205
0	102
130	460
0	137
4	72
2	409
0	0
486	379
0	62
3	167
6	121
3	43
1	7
0	0
0	0
0	0
0	0
0	5
0	0
0	0
0	0
0	13
0	4
0	0
1	3
63	0
0	13
0	0
1	0
0	0
0	39
30	72
1	40
0	62
0	9
1	34
2	11
0	35
0	0
0	0
2	0
0	0
0	0
0	0
0	0
0	0
0	0
0	2
0	2
0	0
0	0
0	0
0	0
0	0
0	0
0	0
0	0
0	0
0	0
0	0
0	0
14	128
1	122
0	90
0	63
3	37
0	0
66	891
0	891
8	224
60	294
0	2
41	292
0	0
0	0
7	440
13	61
12	0
0	494
0	69
0	494
5	182
0	182
0	182
0	78
0	14
0	0
0	0
4638	1275
0	64
0	291
1	41
14	900
0	771
1	210
31	6
351	574
1	12
99	15
0	19
0	570
0	634
0	178
0	121
0	121
0	643
0	122
0	214
0	34
0	61
30	92
0	89
4	51
1	55
0	54
0	12
0	4
14	341
0	1276
0	395
0	124
0	1283
0	1044
0	0
0	0
0	3
44	113
38	24
0	89
29	366
0	366
0	124
0	103
1	33
39	21
0	5
1	2
18	6
6	6
180	704
0	713
0	433
2	34
62	69
2	54
0	43
0	33
0	44
0	10
0	2
0	1
0	1
0	1
0	1
0	1
0	1
65	12454
0	12607
25	12481
0	93
6	173
11	906
54	2423
41	675
59	0
23	4826
0	5495
3	3960
0	5022
1	5641
83	4838
34	4032
63	5461
20	2268
75	164
0	2
0	0
0	0
0	0
0	0
0	0
56	1697
0	6402
23	679
0	6466
0	2192
7	2199
0	6464
0	6430
0	24
0	10
11	154
9	46
0	139
0	16
1	4
0	138
1747	1015
7	386
0	403
13	244
95	208
109	127
208	0
0	0
0	0
0	0
0	0
0	18
0	9
3573	233
93	168
0	65
0	0
0	0
48	121
1	16
8	120
0	41
26	28
310	32
0	15
0	24
0	0
0	0
41	12
11	12
0	10
0	115
0	58
0	60
0	60
0	56
0	39
0	31
43	0
0	0
0	0
447	0
3	38
0	11
1	325
3	305
0	28
0	61
3	4
7	189
1	31
0	2
0	25
1	128
1	7
0	39
3	6
1	10
0	19
8	1032
1	427
49	674
0	841
6	490
1	235
23	39
6	322
84	1137
1	1137
0	233
25	111
1	4291
3	34
175	3
0	4290
0	142
0	100
0	65
0	28
264	773
50	7
10	128
27	0
0	440
0	300
4	408
13	16
0	33
9	1
0	644
0	667
0	248
0	35
0	37
7	663
8	353
0	640
0	663
4	115
0	39
0	89
2	19
0	87
0	667
0	667
0	0
0	0
0	0
13	15
3	0
0	3
1	3
0	13
0	0
0	3
155	377
22	377
26	0
0	0
4	38
6	26
0	32
0	13
0	6
97	5572
24	5487
0	327
5	141
23	159
0	286
4	2422
5	2410
0	250
42	77
0	1932
7	111
76	787
0	399
0	225
15	537
0	348
5	522
16	498
2	88
0	74
0	338
0	102
72	146
2	25
0	62
0	88
0	45
1	38
0	29
0	11
0	678
0	674
2	651
0	24
3	0
0	0
1	677
62	0
0	370
6	358
6	88
21	192
0	24
962	317
12	100
51	0
1	193
0	278
6	256
4	118
0	33
0	3
5	7
32	11
5	27
0	14
0	2
0	278
0	1683
0	1684
0	248
0	252
0	250
0	243
0	169
23	142
0	111
0	122
5	103
0	70
0	49
0	32
0	1683
7	0
0	0
0	0
0	0
0	0
3	0
10	286
0	286
0	52
0	0
0	0
0	9095
0	197
0	190
0	87
0	25
0	25
1	2
0	197
0	197
0	0
0	171
1	171
0	169
2	13
0	73
0	73
3	73
16	0
28	48
3	48
0	12
0	16
2	16
120	1732
0	1436
13	1181
0	1154
1	908
0	785
2	796
0	765
1	764
0	495
3	638
0	638
0	307
0	4
0	4
0	0
0	0
3	0
1473	782
18	782
2013	0
0	0
25	4417
94	514
0	295
0	3144
0	4158
42	3692
15	2815
5	446
2	1
9	13
1	3
0	2
0	0
5	0
0	13
0	1
162	10
0	10
0	0
40	87
0	87
0	67
0	71
0	68
2	34
0	31
130	117
2	23
0	61
5	46
0	67
3	66
1	77
0	233
1	195
5	64
3	0
138	0
0	119
37	3812
11	1292
4	2465
41	2713
0	3813
0	962
0	33
24	7
1	320
0	320
7	87
0	33
1	32
0	0
0	0
0	0
0	0
0	0
0	107
0	84
0	11
0	51
0	47
0	9
10	74
0	88
1	30
3	84
0	16
1	23
0	20
0	98
4	669
0	677
0	365
0	690
29	276
65	345
0	594
0	474
0	581
8	334
0	654
0	619
0	667
0	76
0	481
6	665
0	629
0	403
0	58
0	61
4	94
0	92
9	44
1	59
0	55
0	17
0	8
0	8
0	9
3	281
0	345
10	346
0	293
1	62
0	58
0	90
0	0
0	0
2	0
0	0
25	0
0	0
0	0
26	124
1	69
2	55
0	0
0	0
0	0
0	0
0	1237
0	1291
0	1314
46	528
5	44
16	181
9	168
0	101
0	1290
0	1313
229	0
9	0
420	0
257	121
1	121
22	8
0	6
0	3
1	0
338	185
17	38
40	82
0	56
0	52
3	18
2	0
337	0
0	1
0	1
0	0
0	0
0	0
0	0
2	17
1	19
0	21
0	17
0	19
2	5
0	0
0	4
0	6
0	4
0	0
0	2
0	2
0	19
5	327
3	8
0	46
0	307
1	240
0	238
11	4
17	37
25	0
1	41
12	535
2	21
0	547
6	50
13	140
10	21
0	85
32	0
86	232
25	571
149	929
0	214
8	109
0	60
23	92
4	266
0	50
116	656
0	656
0	0
0	6
0	0
5	36
2	391
2	168
16	382
363	197
1	58
1	1352
0	1353
0	333
0	428
1	1364
12	337
0	153
14	71
0	138
2	792
0	330
0	0
0	0
0	0
0	0
0	0
0	0
0	0
38	69
4	56
11	10
0	38
0	9
221	7
0	7
0	131
0	746
0	730
0	751
0	345
66	745
0	79
0	465
42	141
3	0
0	0
0	0
0	38
0	37
0	40
0	18
37	39
0	33
0	32
0	33
0	40
0	35
0	36
0	37
2	35
0	33
0	5
5	7
0	0
0	0
278	995
21	605
4	132
12	132
30	26
0	138
13	120
0	31
1	19
0	0
0	0
0	0
0	0
0	0
0	0
0	0
0	0
0	0
0	0
0	0
0	0
0	0
0	0
0	0
50	258
0	40
0	195
0	35
3	161
105	841
7	69
0	70
2	66
7	795
28	12
0	12
1	7
0	1
19	21
0	14
0	21
0	3
0	0
0	0
0	0
0	0
0	0
0	0
0	0
0	0
0	0
0	0
0	0
0	0
0	0
0	65
8	65
0	0
0	0
0	0
0	0
0	2
0	0
0	101
0	0
14	61
0	7
7	118
0	8
0	8
0	8
0	18
22	63
0	20
0	1
301	46
7	46
24	34
0	0
0	0
0	0
0	0
0	0
0	0
0	0
0	0
3	0
0	8
0	20
1	20
1	20
0	5
0	5
1	7
0	5
1	5
0	0
1	1641
0	1555
2	1515
0	1364
1	1304
33	3
99	154
0	263
0	449
123	22
3	584
231	249
0	158
0	145
0	84
11	54
0	88
0	55
0	14
0	100
0	168
0	84
20	166
0	88
0	70
0	168
0	3
0	3
0	3
0	1
0	0
0	0
0	0
0	0
0	331
47	241
0	31
0	320
0	39
2	51
6	39
885	187
3	67
0	193
28	0
4	20
0	10
2	7
66	441
0	386
1	150
0	70
22	164
0	0
0	0
0	0
0	0
0	0
0	0
0	0
317	817
11	809
2	118
10	75
26	814
0	0
0	0
6	851
0	1471
0	425
1	500
1	695
2	270
3	31
8	0
0	0
0	122
1	118
0	99
0	120
0	0
0	0
0	0
244	352
114	319
2	71
0	0
3	61
0	54
0	47
44	1
0	170
0	2
0	42
0	22
0	44
2	9
0	169
0	28
0	8
0	169
521	1197
50	1216
1	542
0	600
8	59
3	122
0	75
0	0
0	0
0	0
0	0
0	0
0	0
0	0
0	2
0	2
0	0
0	2
0	0
0	0
0	0
0	0
0	1
0	1
0	0
2	0
2	0
0	0
0	0
0	0
0	0
0	0
102	0
2	0
0	0
0	0
0	0
0	0
0	0
0	0
136	197
37	152
0	24
1	67
0	0
1	0
0	0
0	0
0	263
20	105
0	219
0	219
0	1
0	1
107	260
3	258
0	66
0	79
1	42
9	44
2	48
0	48
0	17
0	18
0	14
0	13
0	13
2	24
3	4646
11	4305
71	19
89	38
36	4484
0	4531
14	1538
14	62
3	25
0	4603
0	124
0	131
0	130
0	123
0	8
0	128
0	129
1	19
0	16
0	18
4104	1546
0	1526
403	589
0	380
1	559
0	87
55	22
0	394
2	61
3	536
12	39
2	194
0	178
0	194
0	6
0	0
0	0
1	4
1	5
0	3
0	5
4	5840
260	5922
99	212
2	93
43	1117
4	331
2	224
101	141
2	32
6	141
2	5
0	0
0	0
0	0
0	0
0	0
0	0
53	364
0	352
0	18
16	3
73	484
0	482
0	134
2	13
0	52
0	827
0	1011
5	761
0	0
1	10550
10	10550
28	5654
0	7
0	3
0	278
0	0
0	3351
3	2767
36	3294
0	672
18	636
20	189
3	209
1	346
0	199
17	51
0	81
44	7
2	54
13	0
1	276
18	276
0	109
0	76
0	127
2	39
0	22
5	1056
4	488
3	696
1	78
0	112
4	1077
19	0
5	2272
33	2057
0	2350
0	984
2	1193
0	563
4	1100
46	0
94	165
22	165
0	1640
1	1674
0	229
0	428
0	488
0	281
2	54
1	1590
0	12
175	418
2	366
0	52
3210	19263
39	19263
23	1724
67	2872
48	1670
37	1542
0	771
0	698
20	562
0	201
219	0
12	0
2	0
554	55
2	55
0	0
0	0
0	0
0	0
0	0
664	169
15	169
0	1
0	114
0	90
0	27
0	156
0	130
0	61
0	129
0	65
0	57
0	46
0	49
0	73
0	22
0	108
0	76
0	53
0	99
3	1
0	143
0	73
0	95
0	75
0	72
0	57
0	53
0	67
0	39
0	85
0	37
0	54
0	77
0	42
0	1
0	85
128	268
0	253
12	144
0	2724
0	507
0	2353
0	17
0	1857
10	2479
6	11
0	500
0	1194
0	2704
11	0
0	20
108	151
4	151
1	0
45	0
464	93
5	93
0	0
0	0
0	0
0	16
0	15
0	3
0	3
0	5
0	0
0	8
0	0
0	2
0	0
0	0
0	0
0	5
0	16
9	0
0	0
0	346
0	703
0	333
1	565
0	134
0	64
0	205
1	61
2	138
0	148
4	61
0	101
3	25
0	0
0	0
0	0
0	0
0	0
0	0
0	0
0	0
0	102
0	26
0	26
0	0
0	58
0	55
0	0
0	1056
0	1096
0	1100
0	1112
0	73
0	111
5	1035
1	1050
0	1067
2	1112
2	134
4	113
1	101
40	212
0	81
0	111
0	34
0	37
0	54
1	23
0	21
15	8
0	7
0	0
0	2
0	1072
90	831
0	173
3	111
4	172
1	617
0	577
11	39
6	171
4	429
4	33
35	2
22	87
5	163
96	100
0	116
0	46
0	45
9	13
625	1287
7	1287
27	41
0	19
2	12
0	16
0	19
0	0
0	0
8	0
228	290
3	205
3	82
0	121
0	76
4	97
0	0
0	0
0	0
2	172
0	173
0	43
2	4
0	107
10	37
1	57
0	2969
0	3062
0	3019
0	2865
0	219
4	217
1	42
0	182
3	135
0	222
1	125
0	233
0	160
0	123
0	3062
18	419
0	82
1	412
0	413
76	0
3781	1226
9	61
0	61
0	51
0	2
0	1
0	20
913	363
0	293
0	187
27	1
0	46
0	0
0	3
0	3
0	0
0	0
0	0
0	0
0	0
0	0
0	0
0	0
0	0
0	96
6	386
0	49
0	145
0	395
0	59
0	96
0	85
0	59
2	105
0	2
0	2
0	0
0	0
0	0
0	0
0	0
0	0
0	0
0	82
11	122
5	152
0	22
0	93
0	133
0	122
0	92
2	7
54	141
8	7
4	120
0	118
0	130
0	102
0	35
0	102
0	60
0	61
0	11
0	59
0	0
0	1
0	18
2	11
0	0
0	3
0	5
0	5
4	12
0	41
0	3
0	6
3	44
0	4
0	35
6	39
0	10
0	0
0	31
0	652
28	647
8	152
0	232
0	651
0	29
2	29
0	6
1	29
0	0
0	0
0	0
0	0
0	0
0	0
0	0
1201	45
0	45
0	29
0	0
0	0
0	0
119	79
0	62
0	17
0	0
0	2
0	0
0	0
0	0
0	0
0	2
0	0
0	0
0	0
0	0
0	0
0	0
0	0
0	0
433	623
0	248
0	114
10	370
0	282
10	33
1	1
4	759
0	420
125	3
0	759
354	312
11	241
0	297
8	28
0	0
0	0
16	23
0	0
0	0
0	0
0	216
1	216
0	216
0	0
0	0
0	0
0	0
0	0
0	0
0	0
7	418
5	398
0	47
31	15
0	16
11	27
0	14
5	0
0	27
15	30
0	17
0	17
0	16
1	2
14	982
0	1073
6	31
1	1085
0	2
0	2
0	0
0	0
0	0
0	0
0	0
0	0
0	0
0	0
0	0
0	0
0	0
0	834
0	948
0	264
1	302
0	59
0	948
0	0
0	0
2	5
0	0
0	0
0	0
36	0
0	283
0	88
2	446
0	377
0	27
0	8
9	0
1	7
0	33
0	5
0	98
3	194
0	178
0	11
8	11
2	64
0	64
3	54
0	54
0	5
2	2
1	1
0	1
8	0
18	31
5	39
28	17
0	7
0	39
1	39
0	39
0	0
21	147
16	2167
7	2176
11	2453
15	150
0	294
3	245
2	753
11	243
22	1239
31	2462
58	48
0	44
0	4
0	1
0	0
0	0
0	0
0	0
2	0
0	0
12	597
1	237
1	306
0	498
14	111
1	62
0	111
0	0
0	380
6	387
2	288
1	123
0	162
0	161
0	10
47	7
0	0
0	0
0	0
0	0
0	0
0	0
0	1
0	0
0	1
0	1
0	1
0	0
0	0
0	0
0	0
0	0
0	1
0	295
10	295
11	49
0	10
11	42
1	4
0	5
0	0
0	0
0	0
0	0
401	77
0	14
0	77
0	77
1	727
0	381
0	284
2	424
24	755
38	54
4	305
4	0
2	272
0	312
0	1
11	663
30	650
3	127
16	51
5	211
6	205
0	52
0	54
0	54
0	14
0	12
0	0
159	0
0	0
0	0
0	0
0	0
0	0
0	0
0	0
0	1
62	360
3	30
0	374
0	151
0	371
0	20
0	167
0	45
0	33
0	117
0	47
3	6
0	42
0	4
0	3
0	2
0	0
0	1
0	1
0	0
0	0
0	3
0	0
0	414
1	394
0	372
11	28
0	43
0	82
48	421
0	377
0	376
0	418
60	328
0	71
0	153
4	124
0	52
0	103
0	95
0	3
0	1
0	4
2	0
0	1
0	0
74	476
15	458
0	245
13	292
4	184
0	158
0	0
5	763
0	776
3	250
0	685
0	0
0	0
0	51
0	3
0	0
0	1
6	48
0	6
0	0
42	147
0	144
0	121
1	26
0	12
0	0
9	77
363	1311
0	1311
7	2421
91	8487
11	1781
14	52
19	1457
0	1896
16	1930
0	1751
1	420
1	327
19	1
15	36
0	8883
2	5
0	2
0	5
0	0
0	0
0	0
21	6
0	6
0	1
0	6390
497	168
0	168
1	236
0	435
12	469
0	443
0	503
3	284
0	0
0	0
0	0
1	0
7	0
19	674
13	672
0	660
8	427
2	401
28	5
0	366
7	58
1	0
0	82
3	0
69	491
0	208
0	199
0	251
0	164
0	87
1	109
0	97
0	48
0	0
0	0
0	465
10	87
1	43
2	246
9	0
0	177
32	2
1	27
0	465
0	301
0	193
11	181
0	128
0	301
0	193
0	18
0	0
0	0
0	0
0	0
0	0
0	0
0	0
0	0
0	0
1	1
0	1
0	0
0	0
0	0
0	0
1371	210
0	107
0	78
3	87
0	3
0	3
0	3
0	3
0	3
0	2
0	1
0	0
3	157
235	165
0	49
69	46
3	18
3	2
164	98
1	126
33	126
0	33
0	42
1	9
0	42
0	10
0	37
1	11
0	3
0	6
2	2
0	38
0	6856
0	6838
0	7044
0	7003
0	6714
0	6905
0	6975
0	6861
0	6980
0	5772
0	7103
0	7021
0	6907
0	7133
0	6737
0	7050
0	7057
0	7140
0	6879
0	6785
0	6861
27	6685
0	7057
0	1118
0	1161
0	742
0	58
11	49
0	6766
0	6911
1	0
0	0
0	1
1	5
0	23
0	19
0	17
0	17
0	0
88	9
0	9
0	3
0	2
5	317
102	360
0	43
0	0
0	1
0	0
0	1
0	0
0	0
0	0
0	0
0	0
0	0
0	0
610	277
0	239
0	120
0	84
0	16
17	0
2	78
0	186
1	161
0	0
1	1
0	1
0	183
0	184
18	145
2	141
2	4491
291	4492
19	395
11	0
96	122
1	0
0	122
15	19
0	15
0	2
1	12
0	9
0	0
0	0
0	0
0	0
0	0
13	6
0	6
0	115
0	1
0	133
0	571
0	567
0	20
0	147
0	222
0	565
0	220
0	167
10	119
78	564
0	84
2	26
0	59
0	178
0	184
0	157
0	530
0	136
0	195
13	180
11	97
3	18
0	62
1	68
2	110
0	116
1	22
0	111
0	74
0	99
1	2
1	11
1	7
2	28
0	29
0	0
0	0
19	0
0	2
139	7
2	7
0	0
0	0
1	0
0	0
0	0
0	0
0	0
2	0
0	0
0	0
0	0
0	0
0	0
0	0
53	118
0	112
0	55
0	16
0	15
0	11
0	5
2	78
1	11
0	4
0	10
0	70
0	10
11	73
1	70
2	5
1	1
0	13
0	25
6	1321
1	1350
0	326
1	188
6	327
3	125
27	90
61	765
2	784
10	103
0	231
0	98
10	127
0	346
8	351
3	171
68	40
1	26
1	19
2	25
9	26
0	26
0	14
157	191
1	16
0	196
0	190
20	11
91	821
46	840
1	228
7	54
17	97
1	97
1	62
6	41
2	17
7	19
0	7
0	17
0	4
0	17
1	17
0	14
0	14
0	13
0	13
0	0
0	0
0	10
0	10
0	1
0	1
0	1
0	0
0	0
0	0
0	3
1874	2452
3	219
3	200
0	735
2	408
1	346
28	226
0	657
0	452
3	0
403	479
2	344
0	344
0	344
0	376
16	2
0	77
0	79
0	138
0	133
0	138
0	231
0	110
0	0
0	31
0	0
151	142
1	138
5	42
10	0
0	0
0	0
0	1
0	1
0	0
0	0
0	0
0	0
1	11
0	11
0	8
0	8
0	8
0	2
0	0
1194	6396
27	2513
7	4200
0	4782
15	114
14	268
0	1294
540	241
5	238
2	69
0	504
10	504
37	411
0	356
12	74
0	88
0	90
0	106
0	0
0	3
1	3
0	1
0	0
0	3
0	1
0	2
0	0
0	0
0	2
0	2
0	8
0	0
5	21
0	1
0	6
1	3
0	4
1	394
0	354
6	373
20	70
3	33
0	395
0	47
0	58
0	70
3	52
2	0
0	0
0	0
0	0
0	0
0	0
0	0
0	0
0	0
0	0
0	0
0	0
0	0
0	0
0	0
0	0
0	0
0	0
0	0
0	0
2	0
0	0
0	0
0	0
0	77
0	76
0	1
0	0
0	0
0	18
0	178
0	250
0	239
0	229
2	4
3	18
0	24
0	223
0	18
0	0
0	57
0	44
0	45
1228	0
81	152
0	152
0	151
1	38
0	38
0	35
0	1
2	1044
2	1042
0	1042
0	1044
1	1042
2	1042
0	1042
4	240
0	236
0	231
0	118
2	10
10	42
0	0
4	424
2	19
10	424
0	659
0	26
0	640
0	633
0	25
0	8
29	12
0	58
0	73
3	134
3	954
0	884
0	78
21	954
0	0
0	0
0	0
0	0
0	1
0	0
0	1
0	1
0	0
2	563
0	560
19	468
0	471
0	120
0	127
4	98
8	11
0	0
0	0
0	0
0	0
122	2185
0	2143
1	491
2	719
5	1187
0	502
4	613
0	0
0	0
0	0
0	1
0	1
126	19
1	19
1	0
116	86
0	84
0	73
0	72
1	18
0	0
0	0
0	0
0	0
0	0
0	0
0	11
0	4
1	11
1	11
0	1
0	3
0	0
0	11
0	4
0	1
0	0
0	0
8	34
4	34
1	13
2	3
0	0
220	190
6	50
18	111
6	75
0	0
0	0
0	0
0	0
0	0
0	0
0	0
0	0
0	0
0	0
0	0
0	0
0	0
0	0
0	0
0	0
0	0
0	0
0	0
0	0
0	0
0	0
0	0
0	0
0	2
0	0
0	0
0	2
0	1
0	2
0	0
0	0
61	367
10	963
0	7
0	66
24	759
3	130
0	0
0	0
0	0
0	0
56	5024
0	324
8	319
2	208
0	149
8	151
5	387
1	340
0	152
0	147
0	29
0	197
0	116
41	124
0	134
32	142
0	132
1	54
1	454
0	0
7	454
10	151
0	0
8	3
0	4
0	6
6	6
0	12
49	454
0	374
0	59
2	23
3	70
0	1
0	1
0	9
0	5
0	5
0	2
0	2
0	2
0	2
0	1
0	1
0	1
0	0
0	9
0	0
4105	3190
0	29
5	1916
5	1396
0	0
0	0
10	0
1	2020
0	394
1	1205
5	625
0	1020
2	1785
0	117
0	126
0	159
7	149
0	148
6	150
0	149
1	33
0	25
0	2879
11	2598
0	2022
3	221
1	1219
7	1273
0	280
0	46
521	0
2	908
0	931
0	272
2	406
0	425
7	130
0	177
64	174
7	2
0	0
0	1
0	2
0	2
0	0
0	0
0	0
1	1
0	1
0	0
0	0
0	0
0	0
0	0
0	366
1	360
1	373
0	385
59	1268
0	2000
2	183
0	2016
0	1923
1130	0
0	0
0	0
0	20
0	307
0	173
3	299
0	296
0	268
2	45
0	29
0	29
0	327
91	2
33	77
0	3
0	84
2	30
0	44
4	0
0	0
0	0
0	0
0	0
0	0
0	0
0	0
0	0
0	0
1	1353
17	46
0	529
9	637
0	1216
0	1290
0	1313
0	1172
0	1275
4	629
3	0
2	55
5	36
0	0
0	0
77	540
2	539
0	42
6	2
93	7
0	8
6	41
0	59
0	109
19	121
34	306
0	305
30	280
0	31
0	0
0	14
0	10
0	3
0	5
1	4
0	114
9	95
0	57
0	62
0	8
0	26
0	0
0	0
0	0
0	0
1	0
0	0
0	0
6	571
2	554
2	204
0	68
3	69
0	0
0	7
0	7
0	4
0	4
0	8
0	5
2	0
4	3
0	1
0	0
0	0
0	0
0	1
0	1
0	0
0	8
0	0
0	0
95	105
4	30
2	75
0	0
0	0
0	0
0	0
76	340
0	252
0	218
0	219
4	32
7	142
0	108
0	30
2	26
120	851
0	271
29	340
2	248
1	283
21	0
0	222
0	290
4	1
0	1
0	1
0	1
0	0
0	0
0	0
0	0
15	55
1	53
0	55
7	49
0	38
0	0
0	0
0	0
0	0
0	0
0	0
0	0
0	2030
2	1870
14	27
0	1043
5	930
1	461
0	828
0	857
0	809
0	833
0	624
0	201
7	583
0	471
0	56
0	282
0	274
0	83
0	71
0	74
0	19
0	11
0	39
1	39
43	11
0	583
37	42
0	11
0	4
0	42
0	5
0	2
0	9
60	1
3	0
0	1
0	5
10	6
0	1
0	1
0	1
0	0
0	0
7	0
0	0
3	0
0	0
3	0
2	0
0	0
95	0
133	144
0	96
0	44
0	116
0	116
0	91
4	16
3	12
0	1
0	0
0	17
0	15
0	7
0	17
0	3
0	0
0	0
1	0
0	0
355	599
31	599
0	270
4	103
3	498
0	406
22	368
1	312
6	181
0	0
0	0
0	0
0	0
0	0
0	0
0	0
0	0
1132	7296
0	5621
5	987
0	1116
0	4394
2	119
0	119
0	115
0	115
0	0
0	115
3	6856
1	5739
2	4152
9	6794
9	2817
0	3301
20	3426
7	1438
0	1942
5	3214
0	6856
0	0
15	1872
18	1872
1	22
7	115
1	10
0	10
25	0
1	174
0	183
3	164
0	137
0	164
0	169
259	186
0	163
0	131
0	164
1	116
0	116
6	61
0	42
0	25
0	13
0	0
0	0
0	0
2	0
1132	408
6	241
0	193
0	414
3	112
1	146
0	23
17	114
4	20
2	37
0	27
0	142
2	14
0	23
0	57
1	23
1	66
0	66
0	59
0	6
0	0
44	0
0	0
7	257
3	144
30	252
4	73
4	183
10	152
33	17
0	3
2	5
4	14
0	4
9	0
0	0
19	74
0	74
0	41
0	5
0	6
0	5
1	5
0	3
0	0
0	0
0	72
2	97
0	80
0	89
13	8
0	33
41	579
21	576
42	129
21	1084
0	1087
0	204
0	136
0	915
16	48
43	48
0	74
33	35
0	0
0	0
0	4
0	0
0	0
0	4
0	258
2	221
2	44
1	29
1	169
650	400
3	41
2	96
2	94
6	278
0	283
0	290
8	285
0	214
0	236
0	233
2	16
5867	162
940	0
401	120
2	30
0	96
0	108
3	99
22	365
0	367
5	86
334	230
0	230
1	0
0	283
12	287
9	4
0	38
5	13
0	1
309	0
786	0
0	0
2	1
0	17
0	18
0	8
0	7
0	0
0	3
3	62
38	65
7	5
0	23
0	26
0	30
75	2184
0	2218
4	2267
1	2275
29	793
8	66
0	1
3	142
0	142
0	0
0	0
40	4
0	4
1	227
0	800
7	400
2	332
9	449
6	9
610	281
0	32
3	119
1	52
0	113
0	54
1	43
0	400
0	397
0	48
0	109
4	20
0	26
0	10
0	10
0	4
0	400
0	1368
45	0
4	434
0	302
0	1307
1	1347
0	99
0	156
3	114
0	137
0	57
0	43
1	107
3	895
0	909
11	1051
0	138
0	1043
78	299
1	164
2	206
1	0
3	238
3	52
1	1054
3	0
0	0
212	390
1	134
8	3
14	0
2	256
0	0
0	0
0	0
0	0
0	0
0	0
0	0
0	0
0	0
0	0
0	137
10	136
0	112
18	1
0	151
0	126
0	132
0	0
0	0
271	1294
9	55
0	9
0	1
16	1237
0	763
1	32
4	96
1	1040
0	6
0	50
11	84
2	27
0	87
0	1245
0	62
0	45
0	27
0	13
230	255
0	164
1	142
22	7
0	29
0	71
0	65
3	28
26	0
0	96
7	0
0	363
6	3249
0	276
0	152
0	54
0	243
0	185
0	191
0	294
0	315
0	353
0	193
35	108
0	83
0	115
0	347
0	95
2	343
0	187
0	343
4	346
0	290
0	294
0	140
6	19
2	77
63	68
0	0
0	50
0	50
0	48
12	41
0	3
2	106
0	26
1	96
0	94
1	42
0	36
0	72
0	35
0	95
2	81
0	2
0	83
0	37
0	10
0	40
1	25
0	12
1076	124
44	124
42	87
0	1
1	1
0	0
0	1673
2	45
83	20
0	73
0	1725
1	74
5	428
0	415
0	337
0	45
3	471
0	1
2	1
1	0
0	0
0	1
0	0
37	822
2	18
3	651
19	717
0	88
8	342
0	321
0	74
0	166
0	0
0	0
0	114
0	47
88	586
25	11
0	645
0	675
0	691
0	0
0	0
1230	250
2	250
0	1
0	1
0	1
0	1
0	1
0	0
0	814
0	788
0	292
3	80
0	98
0	77
1	53
0	27
0	28
1	0
17	372
0	253
2	304
0	101
1	0
0	6
0	6
0	0
138	2532
0	384
115	175
60	2151
1	398
0	378
0	103
9	173
0	1
0	1
0	120
3	113
0	151
0	174
7	173
0	164
0	166
0	98
0	106
0	96
0	1
2	1
5	90
12	4
4	10
9	32
5	31
0	0
0	218
9	218
4	21
0	388
0	383
5	382
0	8
0	31
0	60
4	25
4	102
1	78
0	205
0	560
30	602
0	15
0	492
1	38
0	52
2	80
7	26
1	82
1	156
0	79
5	49
0	163
3	71
1	138
0	22
1	69
2	220
10	288
3	471
0	100
0	99
0	2
0	121
0	332
0	106
1	96
0	207
2	166
0	68
3	8
0	0
0	0
0	0
0	566
395	604
4	552
0	546
0	0
0	0
0	0
0	0
18	106
0	87
27	120
0	18
4	16
0	6
0	3
0	2
2	1
17	7
0	7
0	2
18	75
0	75
918	28
0	0
0	0
0	0
0	0
0	0
3	1
0	1
0	0
0	0
0	2
0	0
0	0
0	2
0	27
0	28
0	10
0	21
0	22
1	18
0	15
0	6
0	28
4	173
54	92
144	142
29	436
915	460
0	225
3	19
146	765
10	0
0	220
0	210
0	266
6	65
0	345
10	1
10	201
2	42
0	25
0	173
0	280
0	399
0	189
0	92
5	243
0	307
3	55
0	312
1	82
33	64
0	54
2	19
0	0
0	0
0	0
0	0
0	396
12	1
0	163
3	375
0	252
2	0
0	101
10	1605
0	1712
13	1535
0	796
0	102
0	325
4	388
0	78
9	1712
0	0
0	0
368	0
1	29
8	605
0	61
1	138
0	603
0	605
0	0
0	1
0	1
0	0
0	0
0	0
0	0
0	1
0	0
0	0
0	0
0	0
0	0
0	0
0	0
4	127
0	84
415	65
0	100
187	70
0	9
101	61
0	53
0	10
0	10
4	8
3	10
1	20
0	110
0	122
4	313
1	288
0	49
0	58
1	17
8	119
0	261
0	0
0	0
0	0
0	1
0	0
0	277
39	277
28	142
0	0
8	0
0	14
0	7
0	14
0	2
0	5
0	7
0	4
0	0
0	0
0	136
0	135
0	0
0	0
0	0
0	10
0	52
0	572
2	538
0	94
0	423
0	489
0	58
0	0
0	235
0	249
6	169
0	207
0	158
0	70
1	43
6	16
0	5
0	10
39	31
2	19
0	4
0	0
0	89
0	40
0	5
0	81
0	21
0	938
18	19
0	118
0	694
1	157
0	98
0	149
0	132
1	3
0	155
0	867
0	100
0	76
0	231
0	930
0	64
2	96
9	143
0	98
0	867
0	684
17	139
11	133
0	624
7	104
0	302
0	283
0	643
0	654
0	673
0	0
4	2
0	0
0	0
0	2
0	0
0	0
0	0
0	7
2	161
0	20
0	141
0	0
0	0
0	0
0	0
0	4
0	1
0	1
0	1
0	2782
5	2785
4	2699
0	2460
9	778
26	417
14	591
8	433
0	239
2	437
0	413
32	1508
3	370
5	520
5	171
0	43
0	43
0	30
0	3
0	0
0	610
1325	1298
13	219
4	479
0	114
0	335
2	729
15	851
0	259
0	3
0	3
0	0
0	0
0	300
0	331
42	323
0	315
0	258
4	206
7	53
0	43
0	69
3	11
1	28
0	18
0	204
0	0
0	0
0	0
0	0
0	0
0	0
0	0
0	0
0	0
0	0
0	0
0	0
0	0
0	0
0	0
0	0
0	0
0	0
0	0
0	0
0	0
0	0
0	0
0	0
0	0
0	0
0	0
0	0
0	0
0	0
0	0
0	0
0	0
0	0
0	409
1	291
1	361
5	450
21	206
24	498
19	154
2	150
1	289
0	0
0	1
0	0
0	1
12	50
0	50
1	37
0	35
0	21
1	10
0	20
0	15
8	18
0	12
0	17
0	37
111	43
8	43
5	0
27	0
0	202
0	191
0	163
73	0
0	1
0	3
0	3
0	2
2	0
1	31
6	2
0	4
0	27
0	0
0	0
612	0
23	718
0	734
2	336
14	134
0	65
35	5
1	15
5	35
0	0
0	0
0	0
0	0
0	0
0	69
0	75
4	18
7	0
0	69
0	0
0	3
0	3
0	3
0	2
0	2
0	3
0	3
0	3
0	3
0	3
190	35
16	35
0	21
0	232
0	212
0	20
0	0
0	1078
2	1508
232	647
11	599
1	764
0	799
3	1064
9	19
0	867
16	34
1	261
0	264
0	40
7	260
1	50
0	238
2	59
0	28
0	36
0	114
11	29
0	53
0	0
2	37
0	37
0	37
0	8
0	5
0	0
0	0
0	0
0	0
0	0
0	0
0	0
0	0
0	0
0	0
0	0
0	0
0	0
0	0
0	0
0	0
19	3097
0	239
0	268
46	108
2	381
0	402
65	193
80	10
0	3097
0	0
0	0
0	0
0	42
0	4
0	4
0	2
0	2
3	1
0	98
0	98
0	212
0	83
1275	325
4	304
1	209
0	0
0	0
0	0
0	0
0	0
537	228
1	27
8	110
7	91
22	21
0	0
0	0
0	529
0	197
0	62
0	134
2	67
106	529
40	0
2	15
1	16
0	16
0	16
0	5
418	206
61	205
25	108
3	21
5	22
0	0
0	0
1	67
0	291
3	51
5	252
0	289
0	0
0	0
0	0
0	0
0	0
0	7
0	4
26	0
0	0
0	140
0	136
0	18
0	29
3	4
2	137
0	62
0	0
0	0
28	16
0	37
0	8
0	10
0	339
18	339
1	196
0	9
0	48
0	35
0	113
0	260
9	0
365	420
0	418
0	319
4	393
0	250
0	0
0	0
23	0
0	64
0	6
13	25
0	64
0	175
0	111
0	172
5	29
0	40
1	11
2	10
0	2
0	0
0	0
0	289
0	274
4	185
8	58
0	225
0	231
0	54
1	180
113	478
15	402
1	460
32	340
0	332
0	106
0	76
36	87
0	57
18	2
0	98
0	98
0	100
0	98
0	63
0	63
0	73
0	32
1	0
0	1
0	1
0	1
0	1
0	0
0	0
0	0
0	0
0	1
9	442
0	439
6	3
0	12
0	18
0	19
5	13
0	478
0	455
3	390
0	11
16	62
3	117
0	1
0	0
0	1
461	0
20	231
0	247
37	972
1	15
0	292
0	81
12	51
0	955
356	1141
70	1106
4	801
8	752
5	482
0	461
0	15
0	15
1	0
3	2
0	3
0	2
0	1
4	0
0	291
0	25
0	65
8	35
0	276
13	64
0	25
0	289
259	97
10	79
1	18
11	548
6	538
0	548
0	89
0	69
0	310
0	527
0	45
7	8
0	109
11	307
4	72
3	0
499	22298
0	11064
0	35080
6	35226
0	22668
0	9671
13	13752
3	9377
0	7705
3	3661
4	19
27	72
0	35077
0	3
0	4
0	2
0	0
0	0
0	0
0	0
0	0
0	0
64	710
10	653
51	649
0	26
520	203
0	184
1	7
4	6
3	22
2	19
60	531
5	65
6	510
2	332
3	50
16	81
5	354
3	90
0	345
0	324
0	186
1	159
52	77
1095	116
2	36
32	29
2	51
328	352
0	114
11	0
57	33
1	186
1	66
2	161
0	186
5	2
0	5
2	5
0	0
0	0
0	0
0	1
0	1
0	1
0	0
0	0
0	0
0	0
0	44
1	44
1	0
0	31
8	1
0	1
0	47
0	7
0	47
924	972
6	368
5	66
0	97
0	6
210	111
0	1
0	1
0	1
0	0
0	0
0	0
0	0
0	0
25	0
0	0
0	0
0	85
0	89
20	74
0	83
5	85
0	72
9	67
0	8
1	11
0	18
1	1
0	1
0	1
0	0
8	112
0	39
0	29
104	0
0	0
0	0
0	127
97	200
0	135
16	65
0	162
0	1
105	323
23	18
4	370
0	318
42	259
0	9
5	0
21	284
1	10
0	245
0	257
0	17
0	273
1	0
0	0
0	0
3	263
760	387
0	192
1	240
0	1
65	14
0	14
0	1
2287	1744
5	536
72	1208
0	0
0	0
0	0
0	0
0	0
0	0
0	0
0	0
0	456
0	162
0	323
0	349
6	53
0	22
0	191
0	22
0	144
0	92
0	99
0	85
3	82
710	73
3	57
0	2349
0	2351
0	2269
0	1695
3	1404
5	1309
12	999
0	324
0	234
2	107
30	182
0	128
0	24
0	2351
0	0
0	0
0	0
0	0
0	0
0	0
0	0
0	0
0	0
0	0
0	0
0	0
0	0
25	601
0	598
0	605
0	606
5	337
11	232
0	214
0	35
0	169
0	165
0	161
0	64
1	16
7	37
0	37
1	4
0	9
0	1
15	688
10	84
12	206
4	691
0	161
7	0
4	0
11	120
13	2184
0	656
1	1258
0	1134
112	2019
4	680
13	1321
20	791
0	619
5	117
0	29
202	5772
29	5715
0	3669
1	0
0	0
0	1
0	1
0	3
0	0
10	53
0	59
0	37
0	24
0	26
0	10
3	9
0	4
23	683
13	683
0	556
0	41
50	101
0	119
5	35
0	2
0	2
0	0
0	0
0	0
0	0
0	0
0	0
15	117
0	516
0	504
11	532
1	474
0	489
18	50
0	66
0	0
0	0
0	0
0	0
0	0
958	1637
6	725
1	617
0	773
0	267
0	23
0	18
0	3
0	23
0	23
0	2
0	18
0	23
0	23
0	11
0	11
0	21
0	9
1	14
0	7
0	0
0	12
0	10
0	137
11	1099
21	1099
0	1
0	76
1	1085
0	0
0	0
2	5
0	5
3	205
29	18
4	75
11	73
0	215
0	197
0	168
0	49
0	88
0	51
0	0
0	0
0	0
0	0
2	87
0	174
49	187
0	71
0	37
2	62
8	89
3	206
0	42
0	78
0	33
0	82
0	346
4	516
0	115
7	105
0	11
0	27
0	198
28	206
0	27
0	3
0	9
0	0
0	0
316	627
4	627
327	4184
122	0
0	3694
0	3690
4	1052
6	692
0	427
0	514
9	174
2	514
0	790
150	1193
0	587
4	692
0	720
0	1236
0	1220
0	0
0	0
859	277
11	165
1	84
1	100
0	15
0	454
28	1801
253	1744
2	1587
3	292
35	1456
1	488
379	399
0	526
1	489
2	9
0	0
1	99
0	164
0	120
0	29
0	11
0	10
0	10
0	11
0	1
0	2
0	1
0	122
49	24
0	14
1	13
0	0
189	0
0	0
0	4
0	2
0	2
0	3
0	4
0	1
0	0
0	1
0	1
0	1
0	1
0	0
0	0
0	0
0	0
0	0
0	4
0	4
0	4
0	0
4180	1574
5	265
1	1309
0	1
0	1404
1	260
1	631
30	1410
85	3159
13	2720
6382	6689
0	561
0	900
46	805
20	1620
6	443
0	443
0	86
16	14
68	104
0	77
0	134
2	21
0	398
0	13
0	0
0	0
0	565
0	438
0	274
677	637
0	1
0	478
13	242
3	11
1	86
58	117
0	17
0	32
1	48
0	30
17	27
0	4
0	0
0	0
0	0
0	0
15	98
0	90
0	98
25	51
0	0
0	3
0	0
0	332
0	332
0	101
0	307
0	117
25	1
0	0
0	0
0	0
0	2
0	2
0	2
816	0
0	0
0	1086
40	6171
10	382
13	5899
3	5789
0	3493
19	3207
28	1602
0	1429
0	1
7	179
0	125
9	156
13	176
0	49
0	11
4	120
0	0
0	4
0	0
0	0
0	0
0	4
0	0
1	56
0	56
2	53
0	0
0	75
0	884
29	966
5	68
0	2177
11	2155
0	616
5	594
0	2
0	0
0	2
0	2
0	2
0	1
0	2
0	0
0	0
0	3
0	2
0	0
0	1
0	0
0	0
0	1
0	1
0	2
0	15
62	18
9	3
4	0
1577	731
1	731
6	637
90	35
4	35
0	0
0	0
0	0
0	0
0	0
0	0
0	0
0	0
0	0
843	4062
8	1257
7	387
28	526
1	373
0	802
153	3498
0	0
0	0
0	0
0	0
280	154
0	72
4	112
0	45
19	45
7	6
0	17
32	8
0	0
0	0
3	304
2	22
0	10
0	258
4	234
6	147
0	285
0	67
0	144
1	1
0	0
0	0
0	2
0	1
0	0
0	0
0	0
458	149
0	140
6	40
0	15
0	14
9	30
1	18
0	12
5	15
0	22
44	13
4	9
0	0
0	168
62	1303
4	165
0	162
20	110
62	828
0	104
9	176
13	766
17	587
21	163
35	0
337	1099
88	1099
9	17
21	6
4	449
0	3
0	3
0	0
0	0
0	3
0	0
0	2
6	0
0	0
0	421
0	426
1	144
0	307
0	83
5	96
0	390
0	406
0	57
0	37
0	37
4	19
2	13
0	21
1	14
0	23
0	0
0	8
0	47
0	11
0	4
0	2
0	11
0	39
74	68
7	23
7	6
0	74
40	9
0	9
198	2658
75	2657
0	532
4	525
1	522
13	108
0	1663
0	1654
0	1607
1	1131
11	644
0	264
0	305
4	280
0	261
0	85
0	1658
0	1654
0	0
0	0
0	0
0	0
0	0
0	0
0	0
0	0
0	0
0	0
1	26
0	172
2	48
2	8
4	25
12	139
0	0
0	0
0	29
0	24
0	26
0	26
0	1
3	8
0	2
0	0
465	138
0	13
0	32
41	64
0	25
0	55
0	8
1	65
2	463
42	169
0	156
0	141
0	463
28	0
3	0
42	262
3	188
0	31
4	105
2	80
0	1
50	1
0	0
0	0
0	0
302	313
1	129
0	86
0	187
2	121
1	0
0	20
71	495
0	492
6	322
82	328
0	53
20	165
0	83
0	83
107	33
0	31
0	58
0	7
16	7
135	0
0	43
2	3
2	4
117	0
3	26
0	56
0	0
0	0
0	0
0	119
8	0
20	1456
38	444
0	1428
0	40
0	106
10	31
0	55
0	97
2	369
0	85
0	69
0	83
0	72
0	59
2	21
0	8
0	16
0	19
0	21
0	14
0	11
0	0
0	0
0	0
8	0
4	144
1	144
1	127
6	123
4	43
8	839
44	839
4	370
26	2
0	88
72	0
42	0
1027	671
77	671
38	94
0	43
0	134
22	5
0	2
0	0
0	3
571	112
4	17
2	11
4	91
1	5
0	5
0	4
0	0
0	0
0	5
0	0
37	1
0	1
0	3206
0	1690
32	1785
3	3206
0	267
12	1129
19	2375
0	305
0	193
279	0
397	0
627	73
95	343
0	47
0	17
0	236
0	164
5	47
8	334
1	324
0	0
13	0
0	1
0	2
0	2
0	2
0	2
0	1
0	0
0	0
0	0
0	0
0	0
0	2
7140	20231
43	7640
0	9546
48	3367
92	3150
105	3351
1	3290
19	636
0	3978
43	846
53	4704
0	0
0	0
0	355
0	304
10	355
0	280
17	150
0	180
78	341
9	55
5	26
1	11
0	5
1	27
0	18
70	30
0	17
4	13
0	0
155	239
6	127
196	39
3	200
0	108
18	9
7	130
1297	174
2	174
0	1
0	1
0	4
0	4
0	4
0	3
0	4
0	4
2	4
0	4
0	4
0	4
0	4
0	4
0	4
0	2
0	0
353	1735
3	1722
93	157
0	170
8	68
12	43
0	68
0	65
10	40
0	44
2	7
87	4
0	25
0	25
0	0
4	76
0	80
0	68
11	74
0	30
7	143
1	879
403	928
58	106
3	370
1	335
0	479
0	477
0	483
0	483
0	561
0	494
0	481
1	473
0	391
1	357
0	126
0	133
0	50
186	45
0	14
0	14
1	13
0	11
0	5
0	15
2	20
0	221
15	108
0	192
10	220
4	0
0	0
11	170
0	39
0	152
3	29
0	18
0	12
39	0
0	0
0	0
0	0
0	0
0	0
0	0
0	2
0	2
0	1
0	0
0	1
14	954
2	1262
0	1525
16	252
0	859
0	863
2	202
0	112
2	168
0	117
3	322
2	18
9	1
0	320
0	1
1	22
0	16
0	13
3	10
0	0
0	1
0	1
0	1
0	0
0	0
0	0
0	0
0	296
1	265
2	4
0	222
0	37
43	85
1	30
0	3
27	62
12	5
0	15
0	13
0	0
0	275
0	5
1	5
0	0
0	0
0	3
0	0
0	3
0	0
0	0
0	0
0	2
0	0
0	0
0	0
0	0
0	0
0	0
0	0
1	0
0	267
17	299
0	267
0	296
1	139
2	51
0	58
0	109
1	32
21	184
14	20
2	83
0	2603
9	4706
176	4709
0	327
4	4672
0	1
13	285
1	1068
190	1112
19	65
0	51
0	1108
0	0
0	0
0	0
0	0
0	0
87	144
59	128
1	141
3	32
27	4
0	0
8	16
34	15
15	2
0	0
0	0
1040	1070
2	242
0	178
4	120
32	534
45	561
2	506
0	0
0	0
0	4
0	38
0	34
0	4
0	3
0	0
5	0
0	0
14	57
0	58
6	55
9	36
0	44
423	0
10	373
739	373
68	7
0	0
0	0
0	0
0	0
0	0
0	0
0	0
0	0
0	0
0	0
0	0
0	1
0	1
1	111
0	151
0	143
0	151
1	83
18	32
0	150
69	83
0	0
51	84
0	82
4	111
0	1719
54	1597
0	433
0	740
2	158
5	25
0	405
14	207
79	92
0	138
4	69
173	51
0	50
0	0
47	65
0	65
0	0
0	0
2262	7583
1	7480
0	7562
9	3377
0	2290
20	853
2	130
0	101
3	2
0	1
0	0
0	1
0	0
0	0
0	0
655	517
4	115
2	225
0	18
26	84
0	341
1002	0
16	79
0	60
0	22
0	12
1	5
23	15
1	0
4	4
0	4
0	0
0	0
246	0
0	0
0	0
0	14
556	86
0	82
0	1
0	1
0	1
0	0
0	5
297	353
2	29
0	73
5	185
0	308
0	29
0	1
37	79
56	79
0	1
0	1
0	1
0	0
0	0
0	0
0	0
0	0
0	0
1	469
1	467
0	77
2	124
6	56
1	11
0	0
0	0
0	0
0	0
0	0
0	1
0	0
0	0
0	1
0	0
0	0
0	0
2	546
0	550
0	505
0	13
1	20
1	30
29	30
0	57
11	50
6	300
0	100
2	110
1	77
12	107
1	65
0	82
0	153
9	132
0	85
0	98
0	36
0	29
0	24
0	47
0	23
0	0
0	0
0	0
0	2
0	2
0	2
0	2
0	2
0	2
0	0
0	0
0	0
0	0
0	0
0	582
0	948
1	637
5	949
0	26
1	379
0	414
0	178
34	48
0	61
1	27
2	24
2	26
0	26
0	5
0	0
0	0
3	8
13	2
0	8
0	0
0	58
0	58
0	5
1	5
112	161
1	156
0	21
49	5
22	2
0	2
0	1248
49	1217
18	217
0	560
180	96
0	83
0	45
0	13
0	139
3	122
7	104
2	28
0	13
9	32
0	0
1	0
5	5
6	134
1	16
5	16
0	85
0	22
4	85
0	0
0	10
0	10
0	0
0	0
0	0
21	87
0	4
1	87
0	9
2	9
0	6
0	9
0	7
0	3
0	1
0	1
0	0
0	0
0	418
1	0
0	418
0	54
4	20
0	9
0	88
0	7
11	1
2	418
0	1
0	20
0	2
5	105
0	336
21	62
0	35
0	739
0	739
33	196
0	192
16	78
4	159
0	30
0	119
2	54
19	1
0	19
0	0
0	0
0	0
0	0
4033	0
0	8
0	9
6	5
0	3
0	1
0	0
1	0
2	0
6	45
1	21
0	3
0	27
0	2
0	10
0	2
0	0
0	0
0	0
0	0
0	0
0	0
0	0
0	0
0	506
0	468
24	114
3	479
2	117
0	576
2	1400
40	170
0	655
0	1433
0	138
4	25
0	264
13	270
3	286
2	105
1	0
0	315
1	113
9	32
2	290
0	1421
5	0
0	0
0	6
0	6
0	6
285	550
115	628
165	149
0	136
0	557
0	153
6	48
0	2
33	2
4	97
0	119
0	32
0	65
0	126
85	163
0	27
1	163
0	24
25	57
0	0
0	0
0	0
0	0
0	0
0	0
8	389
0	246
0	315
1	221
1	0
0	45
0	345
0	0
0	0
0	24
4	90
0	96
1	87
0	54
2	21
9	24
0	4
0	27
0	0
372	19
0	19
0	0
0	0
0	0
0	0
0	0
0	0
0	0
3	0
7	286
337	286
3	5
0	97
0	96
0	60
0	56
0	3
0	12
0	1
0	2
0	2
0	0
0	0
0	0
0	0
0	0
0	0
0	0
0	0
0	0
3	0
0	0
0	0
1	32
0	25
0	22
0	19
0	14
0	0
7	11
0	19
0	15
0	3
0	0
0	0
1	1
0	15
0	0
0	4
1	0
0	7
0	3
0	6
0	0
0	6
13	0
1037	0
1	0
0	0
0	0
0	19
1	9
0	10
0	10
0	19
0	1
0	6
0	10
0	6
0	0
0	0
0	1
0	1
0	432
10	410
0	421
0	37
283	0
3	0
7	267
7	276
2	9
314	1607
6	1606
0	1596
0	1555
0	1554
0	189
2	1479
0	158
0	147
0	113
1584	1573
2	1383
98	1409
23	305
196	902
40	357
0	7
0	0
0	7
0	1
2	25
0	28
1	14
0	17
0	27
0	1
0	4
4	6
0	0
0	2
0	2
0	1
0	0
535	251
0	204
20	39
9	94
1955	0
0	0
0	0
0	0
0	0
0	0
0	0
9	0
0	0
0	0
0	0
0	0
4	0
0	0
111	1285
225	125
3	125
0	0
0	0
0	0
10	0
21	0
54	21
6	17
0	4
0	25
0	15
2	12
0	0
0	3
3	1
0	4
0	4
0	3
0	4
0	3
0	3
0	3
0	3
0	3
0	0
0	0
0	0
0	4
0	4
0	4
0	4
0	0
0	0
0	0
0	1
0	1
0	1
0	0
0	0
0	0
0	1
0	24
50	205
0	46
4	2
4	148
1	12
1	26
0	31
0	28
0	36
2	70
9	49
3	8
1	231
0	227
0	220
0	271
0	213
0	60
2	59
16	21
0	267
0	127
0	227
0	5
0	156
0	70
0	83
920	61
0	61
31	108
0	105
0	68
0	11
0	36
0	13
0	360
2	33
0	360
13	41
0	42
43	38
0	0
0	0
3746	1274
16	208
19	1114
6	10
13	131
2	131
2	0
0	49
0	36
0	32
6	13
16	128
2	128
0	44
94	46
0	46
4	0
0	0
0	1
0	0
0	1
1	0
0	1
0	1
0	168
0	219
0	220
1	97
0	49
21	66
1	64
0	53
0	13
0	0
0	0
0	0
0	0
0	0
0	0
0	0
0	0
0	0
0	0
0	0
0	0
2	495
0	499
29	3
4	210
0	504
0	333
0	325
0	0
0	5
32	5
0	0
0	0
0	0
0	0
2	0
0	3
0	6
0	5
0	0
0	0
67	401
1	386
3	259
25	155
605	1249
6	1157
0	176
0	124
2	291
8	321
3	321
2	33
295	1302
394	1312
1	1292
0	1296
1	1295
0	1293
0	1295
0	1301
447	68
6	1
0	1
29	44
0	20
0	8
0	50
0	425
1	26
1	297
12	392
0	320
0	75
1	11
0	120
30	40
1	264
1	59
0	60
0	64
17	76
8	0
19	2270
3	2246
0	619
0	260
16	43
0	0
0	0
0	0
0	0
0	0
0	0
0	0
0	0
0	0
0	0
0	0
0	0
198	362
0	160
0	202
0	38
0	22
1	37
0	18
0	27
0	25
1	44
0	25
981	652
0	241
0	636
2	154
61	166
1	166
5	55
9	24
298	417
4	120
3	34
0	34
15	2
2	415
1	1
0	1
0	0
0	1
0	1
0	0
0	424
2	191
1	39
1	9
0	427
17	73
0	73
7	11
372	5365
6	342
4	1343
12	3819
14	482
59	42
47	1599
7	39
0	39
0	32
1	0
0	0
0	0
0	0
0	0
0	0
65	1196
4	701
0	205
1	407
0	963
0	236
0	97
0	268
4	504
0	149
674	0
5	0
0	0
0	0
0	0
0	0
0	0
0	0
0	0
0	0
25	940
0	138
4	268
3	16
1	78
0	22
0	918
0	932
0	290
0	119
0	498
2	197
7	132
0	845
5	144
7	131
0	62
1	31
0	39
2	38
1	8
0	1
0	1
0	1
432	831
0	602
3	401
0	253
2	828
0	182
8	521
7	0
0	0
0	0
0	0
286	72
19	8
0	64
0	0
0	0
0	0
0	0
0	0
6	0
0	0
0	0
83	12
0	12
0	0
0	0
43	0
0	1
0	1
0	1
0	1
0	952
121	841
0	789
2	254
0	252
0	149
0	40
5	18
0	7
0	16
0	17
0	0
7	5
0	0
0	0
0	0
0	0
0	0
0	0
0	0
2505	270
4	243
104	27
13	32
0	32
0	29
2	10
0	0
0	324
570	2
1	2
0	14
0	104
8	747
1	776
0	173
7	14
0	421
0	774
0	136
108	449
3	49
0	98
0	449
0	325
5	368
0	372
0	275
0	11
0	55
3	23
4	95
248	95
2	47
0	0
0	0
0	304
0	305
1	302
0	303
0	266
0	184
0	18
0	15
0	17
0	10
0	3
9	6
0	5
0	305
0	0
0	0
0	0
378	214
0	62
2	210
2	28
8	9
70	0
0	85
0	210
9	1672
0	1781
0	1603
4	317
1	97
71	684
50	54
59	120
4	8
0	0
0	0
1	8
0	8
0	1
0	7
0	2
0	0
0	2
0	6
9	3724
16	4148
0	1121
1	66
0	1132
5	828
1	788
14	545
5	1557
11	140
3	942
1	0
0	0
5	19
0	13
0	5
1307	0
0	0
31	296
1	84
0	2
0	2
0	1
0	1
0	1
0	1
0	1
0	1
0	0
0	0
0	0
0	0
0	0
0	0
0	0
0	0
0	0
0	0
256	1285
327	0
0	0
0	0
0	0
0	0
0	0
0	0
3	241
0	222
0	196
0	9
2	6
0	162
0	5
1	13
0	153
5	23
1	79
0	0
0	0
0	0
0	164
0	197
0	220
0	79
0	79
2	17
0	8
0	5
0	0
0	18
7	11
0	7
0	0
17	588
0	544
0	528
0	497
16	361
0	0
0	0
0	0
0	0
0	0
43	234
8	234
8	1135
0	631
0	101
11	129
6	905
0	65
0	106
10	38
0	1
0	1
0	0
0	0
0	0
0	0
0	0
0	0
0	0
0	0
0	0
0	0
0	0
0	0
0	0
0	8
0	8
0	2
0	0
0	0
4860	143
16	143
0	0
0	298
1	299
5	78
1	46
0	18
0	286
0	1
27	0
0	23
0	6
2	22
0	50
3	41
0	17
0	16
0	26
0	0
1	4
27	67
0	64
1	6
0	51
0	0
0	0
0	0
0	17
15	115
78	148
12	15
30	0
0	108
0	28
0	0
5	451
16	245
0	59
11	311
2	56
1	54
0	0
0	0
0	0
0	0
0	0
651	175
16	175
2	0
0	9
0	19
0	274
0	279
0	291
0	287
1	6
0	9
0	9
3	6
0	68
0	2
0	174
0	22
0	47
4	14
0	27
1	24
3	415
0	96
1	1
0	582
0	419
0	386
0	0
0	2
0	0
0	2
0	1
0	1
206	21
0	21
0	0
0	0
0	0
0	0
0	0
0	0
0	0
0	0
0	0
5	2095
2	799
392	1103
56	2130
0	40
0	2094
0	0
0	0
0	0
0	0
0	0
670	0
0	0
0	0
0	0
0	0
0	0
0	0
0	0
4	77
13	1
4	67
2	77
2	12
824	0
1807	1616
0	15
5	160
5	349
0	1414
19	166
41	35
80	220
2	176
0	180
0	22
1	193
0	149
0	52
0	109
0	54
14	0
0	0
1	576
26	326
0	294
173	564
2	527
0	0
0	5
0	5
0	5
0	5
0	0
0	0
0	0
0	138
0	536
0	405
135	536
0	461
0	98
4	44
9	49
58	334
33	0
0	12
0	19
17	322
11	69
4	40
0	78
0	57
2	65
137	51
0	0
0	196
0	240
2	199
0	62
0	191
0	80
0	132
0	43
0	68
0	1
6	133
0	9
11	87
13	12
0	14
1	14
0	6
0	9
1796	0
189	1924
0	1924
1	1898
2	1165
4	1316
0	2028
0	925
0	179
2	473
0	447
2	835
7	381
2	686
1	736
1	100
11	166
77	1133
7	1025
14	318
6	279
82	339
72	315
0	169
0	163
4	181
6	147
0	160
0	159
0	86
0	118
0	22
0	7
74	0
0	0
8	756
0	414
0	342
40	9
4	27
0	86
3	358
0	0
0	285
0	16
0	256
0	289
2	11
4	19
1	41
1	21
0	277
0	378
0	382
4	382
0	358
9	375
1	118
0	349
0	57
0	185
4	25
0	0
0	0
0	0
0	0
0	0
0	55
0	24
0	8
0	1
0	11
44	38
0	0
0	0
0	0
0	0
243	120
2	51
1	1
1	70
0	0
0	0
5	415
0	408
2	363
6	274
3	106
0	4
0	8
0	103
0	101
0	3
7	41
0	101
0	98
0	41
0	71
0	8
0	29
91	277
12	267
0	114
3	56
3	39
3	39
0	0
0	0
0	0
271	0
0	0
0	0
102	5208
9	5192
8	2804
4	786
0	0
0	0
0	0
10	701
15	701
1	33
0	90
124	217
4	0
0	0
0	0
0	0
0	0
0	0
0	0
4	748
7	1372
0	1363
103	867
0	1015
0	7
4414	0
0	0
0	0
0	0
0	0
0	0
0	0
0	0
0	0
0	0
301	615
50	320
18	295
0	0
0	0
0	0
0	2
0	2
0	0
0	2
54	0
0	0
0	2
0	2
20	1680
6	419
0	1279
0	1580
13	1533
0	1519
0	1604
2	346
0	162
4	956
15	182
364	90
0	84
0	64
0	58
134	1028
0	18
19	66
3	202
0	999
0	1
0	1
0	0
0	0
0	0
0	0
0	690
7	1457
0	1607
0	523
4	889
0	294
4	668
22	501
0	17
2	20
1	15
0	3
0	2
0	0
1	2
0	4
4	0
0	0
1383	0
43	180
0	26
2	45
0	140
0	0
25	0
0	376
133	379
9	173
8	20
86	19
0	2
0	0
479	750
4	56
0	526
0	224
344	81
0	77
0	14
1	20
7	14
45	296
5	223
0	368
7	136
0	88
12	54
242	329
0	239
7	303
5	108
68	102
3	102
6	82
0	79
0	68
0	67
0	5
3	38
0	31
5	29
1	0
0	84
0	0
0	583
20	219
0	580
4	483
1	25
0	0
164	751
3	540
9	506
0	359
0	260
4	167
0	7
3	10
0	10
155	425
0	283
1	134
0	227
0	363
2	1012
16	0
0	2
0	2
0	0
0	0
237	722
0	567
0	112
12	27
0	704
0	0
0	0
0	0
0	21
0	31
11	31
81	59
36	51
0	176
0	167
0	171
0	186
0	161
0	168
3	167
0	42
0	37
0	43
0	40
0	53
0	60
327	1282
0	704
7	1175
0	1254
0	1265
15	1256
2	206
7	72
784	115
0	115
0	0
0	0
0	0
207	1055
11	313
0	281
0	237
3	1041
0	217
3	195
9	351
5	52
0	64
1	395
17	46
129	390
16	9
10	155
0	403
0	335
0	393
0	30
2	308
3	14
2	4
10	22
8	6
0	1
0	6
0	0
1	0
0	685
2	779
24	846
0	159
5	128
0	152
48	2
0	0
432	2
0	1
0	1
155	42
3	36
0	6
0	0
0	0
52	716
0	718
0	717
0	215
49	0
0	0
51	25
0	0
2	3
0	4
0	14
0	0
0	22
0	3
0	0
0	0
3	0
184	1948
10	1931
2	315
0	203
32	1752
8	683
1	241
0	644
67	178
1	16
0	12
2	4
0	0
0	0
0	0
0	0
0	586
0	529
3	315
0	83
3	112
25	146
0	12
0	79
0	9
0	16
2	7
68	137
5	6
1	114
20	2663
0	2042
0	2526
64	2705
0	2391
22	141
23	1699
0	634
9	95
30	316
20	100
0	122
2	307
9	176
0	2689
0	630
1	21
33	183
2	392
0	107
0	587
4	96
10	24
0	63
0	53
11	192
0	161
2	37
9	64
3	48
12	3
6	410
0	57
0	326
3	158
0	437
0	138
16	44
3	80
4	200
11	329
0	182
0	179
0	153
0	122
5	126
0	28
7	34
0	36
62	139
0	6
0	135
0	0
0	0
0	0
0	0
1	0
0	0
0	0
0	0
0	0
0	0
0	0
1499	4213
0	3732
0	623
0	2249
0	429
0	1660
0	539
10	48
1	9
0	9
0	5
0	1
0	4
0	4
0	1
0	0
0	0
5	111
10	111
52	10
0	0
0	0
0	3
0	5
1	5
0	0
22	237
0	216
1	230
0	237
0	8
0	178
73	13
0	8
0	0
0	3
0	5
0	0
447	9085
45	5550
4	8289
44	8334
4	4903
40	6258
132	0
0	168
0	164
5	98
2	37
6	66
1	5
0	6
0	166
3896	0
1	0
1	27
0	0
0	27
64	84
1	75
0	39
4	39
2	16
3	5
1	367
2	372
0	288
7	15
0	29
0	35
24	3049
0	3049
4	3049
9	3024
0	3038
1	1733
23	750
0	2832
167	142
1	142
0	0
0	0
0	0
0	0
0	314
0	68
0	31
3	42
0	83
0	297
0	11
1	8
19	0
0	17
2	72
2	39
9	39
0	75
0	63
4	16
0	36
0	313
46	2731
357	2954
0	575
11	505
11	348
1	694
0	478
15	204
0	19
0	10
0	1
0	0
0	1
0	0
0	9
0	9
2	606
16	8197
95	8197
0	0
0	0
0	0
0	78
0	236
0	42
1	79
2	1
0	6
3	236
0	14
0	30
3	2369
0	1611
11	354
0	590
36	756
0	2085
0	2
0	0
0	2
0	1
0	1
1	1
0	1
0	1
0	1
1	9
2	9
0	9
0	0
920	488
0	376
5	187
12	112
0	2
0	2
0	2
0	0
0	2
0	0
0	2
0	0
0	0
0	5
6	6
34	372
2	361
2	368
1	128
0	63
0	27
0	1149
0	1104
0	113
1	122
2	173
3	136
0	132
1	70
80	1149
1	9097
1	9257
49	1732
0	8841
0	371
0	890
44	3
0	382
10	434
78	102
33	2534
0	530
0	509
34	2508
7	94
61	1637
0	9392
1	201
5	202
0	194
1	177
0	204
0	197
3	32
17	0
0	40
2	2
0	31
0	0
0	40
0	4
0	32
0	32
0	6
3	675
10	88
0	396
0	690
0	668
0	32
0	118
28	17
0	0
0	0
0	0
209	202
0	766
0	783
0	783
0	783
3	61
2	35
2	36
0	72
0	212
0	5
0	5
53	554
0	69
0	483
7	424
2	28
128	51
0	23
0	24
0	7
1	5
6	5
2	8
1	4
1	1
2	7
0	0
0	0
0	0
0	0
0	0
0	0
0	0
0	0
0	0
0	0
0	0
269	0
1	0
0	0
81	127
5	130
0	13
2	4
0	4
0	0
0	1
0	1
625	1564
41	841
0	602
0	1250
2	33
0	176
4	33
0	188
1	69
5	60
0	12
0	188
0	2
0	0
0	2
0	2
0	0
0	0
552	2070
0	1700
5	453
9	1027
0	1046
0	116
67	195
0	19
0	19
0	79
0	80
0	2
11	0
10	55
2	35
7	58
0	32
0	55
0	9
0	6
0	58
0	34
4	33
18	0
0	0
0	0
0	1
0	1
0	0
0	1
2	0
0	0
0	0
0	0
0	0
0	3
0	3
8	125
0	413
4	372
3	406
1	408
0	266
3	122
77	0
4	664
3	0
46	32
25	287
0	0
0	207
0	129
4	648
2	0
1	0
60	122
12	1859
369	2284
24	2085
2	326
0	603
0	336
0	768
0	814
2	498
1	622
0	836
0	475
0	709
0	503
4	501
2	501
0	0
0	112
59	14
2	0
27	0
7	0
56	428
2	428
5	53
0	14
0	101
0	12
0	12
2	136
1	136
0	104
0	105
0	59
1	0
0	137
8	511
3	511
3	347
7	0
1	520
0	562
2	219
11	351
0	164
1	18
0	2
0	2
0	2
38	810
12	256
18	776
1	720
0	681
1	169
0	224
0	0
0	0
1	0
0	0
0	0
3	153
0	668
0	522
0	652
3	664
6	157
28	88
0	39
0	31
1	26
2	651
0	75
0	94
1	95
0	4
1	97
0	44
0	13
0	13
0	11
0	10
0	3
0	2
0	2
0	1
0	4
0	5
0	42
11	42
156	1597
1	204
0	1480
10	1471
0	54
6	482
1	32
221	231
2	233
1	220
0	159
6	0
3	78
15	55
0	17
0	0
0	405
3	389
2	160
22	174
0	33
0	0
0	0
4	2
0	0
0	0
0	0
0	0
0	0
0	0
0	0
9	350
0	293
1	105
3	294
7	232
0	176
0	193
39	211
0	20
2	16
0	75
7	52
1	39
0	0
0	38
4	38
4	38
0	11
146	348
0	177
7	267
5	45
2	0
0	0
0	9
0	0
0	2
0	7
0	5
0	7
0	5
0	0
0	0
0	1
0	0
0	0
264	535
1	535
0	0
0	0
2393	0
0	0
22	0
26	15
1	15
1	622
2	586
0	177
0	252
16	96
8	24
0	176
0	61
8	99
6	8
0	201
107	279
0	225
0	107
0	222
0	63
0	68
33	101
0	38
3	0
14	11
0	86
0	87
13	77
0	71
0	70
14	74
0	77
0	31
3	87
0	18
6	20
0	0
0	235
26	235
31	126
0	0
0	0
0	0
26	152
0	151
2	0
0	8
1	3
1	2
0	0
5	23
0	50
0	42
0	4
14	0
758	73
0	73
83	50
4	50
0	17
11	254
0	228
0	148
0	110
0	84
26	3
2	435
0	348
9	0
0	66
2	32
2	325
0	372
0	0
3819	3016
0	456
5	1346
10	963
19	1056
0	413
1	2
0	2
0	1
0	665
16	192
0	579
18	636
46	606
0	650
1	41
0	27
3	156
0	110
6	277
0	0
0	0
0	0
0	0
0	0
0	0
0	0
0	0
2	5
0	0
0	187
0	156
0	78
0	76
0	165
0	73
0	29
2	35
0	62
0	4
1	56
0	20
0	2
0	5
0	1
0	1
0	20
1	25
1	25
0	19
4	0
1473	1317
4	455
0	711
0	681
17	423
151	62
0	62
279	139
0	100
6	139
0	0
0	0
0	0
0	0
0	0
0	27
0	46
2	159
1	167
0	51
1	22
0	167
16	459
16	452
15	154
0	116
9	118
0	8
0	0
1	15
0	1
116	28
7	28
16	21
0	21
0	0
0	0
0	0
0	0
0	0
0	0
0	0
0	9
0	12
0	11
0	12
5	261
6	316
2	240
0	71
130	74
5	74
0	5
0	5070
0	42
0	229
0	5086
1	18
2	5150
0	2981
20	2846
15	242
0	3041
0	5113
0	2980
0	5079
0	0
0	0
0	0
284	431
0	236
0	307
0	300
0	209
0	440
0	196
1	276
0	56
682	977
0	671
9	364
0	0
1	170
0	168
1	43
0	0
75	106
1	125
0	117
0	119
39	12
66	231
325	333
3	214
1	213
2	230
2	78
27	120
33	101
7	92
0	63
0	68
0	949
25	873
0	976
42	112
0	952
0	111
10	903
0	0
57	18
0	18
9	13
7	1154
0	880
0	199
0	86
1	61
0	1156
5394	407
0	297
32	179
96	90
1925	1143
3	478
0	665
0	0
0	0
0	0
0	0
0	0
0	0
0	0
0	0
0	8416
42	12525
7	9988
14	5739
27	5811
0	5757
24	4114
0	12530
127	0
30	9112
0	6691
0	3489
2	9091
52	1517
7	4031
0	4047
21	5054
5	1067
0	2118
30	2198
195	0
0	34
0	27
0	24
0	14
0	0
0	788
0	65
1	159
0	801
1	95
0	668
0	6
15	6
0	38
0	775
31	740
1	164
0	65
1	457
0	68
0	16
0	347
0	372
0	470
0	488
0	336
0	442
1	50
1	123
6	65
0	11
1	11
31	27
1	16
21	11
3	0
21	85
20	82
0	3
118	222
0	60
4	96
15	199
0	141
3	102
0	0
0	48
4	48
265	232
1	232
0	2705
135	4403
0	2207
0	3074
1	425
13	3074
2	811
22	1694
10	980
152	1348
2203	467
57	132
0	19
0	19
0	0
0	0
10	1160
0	971
12	281
1	31
2	16
0	21
14	1165
12	1075
0	1295
4	76
3	160
31	446
2	144
472	0
5	0
16	611
37	611
4	10
4	18
0	17
0	83
0	33
0	18
278	250
0	23
0	34
0	250
4	36
3	12
7	53
2	906
0	165
0	890
0	612
0	899
0	887
0	12
9	39
0	87
0	18
2	64
0	11
0	54
0	49
14	0
0	30
0	68
9	6
0	0
0	0
0	0
0	0
0	1
0	1
0	2
2	6
1	0
0	3
0	1
0	0
61	16
0	16
22	0
12	4
1	0
0	0
2088	0
0	2
0	11
0	10
0	3
0	6
0	5
7	2
109	0
0	343
0	0
0	0
0	0
0	0
0	0
76	307
54	0
3	153
0	153
13	157
1	15
0	0
93	88
0	27
0	88
0	12
0	12
0	12
0	4
0	2
0	0
401	0
0	2
2	2
0	91
2	220
0	83
0	222
0	17
0	103
0	99
2	4
1	13
0	103
0	95
0	773
0	757
17	797
0	756
11	817
5	15
0	59
68	73
8	39
10	9
0	3
50	56
43	388
4	388
0	67
0	103
0	0
0	0
0	30
0	392
0	491
0	361
8	7
1	16
3	3
1	0
0	0
0	0
27	171
0	171
38	94
17	47
0	74
0	0
0	1
0	94
0	0
0	0
0	0
0	0
0	0
0	0
0	0
58	34
0	0
12	6
0	6
5	4
5	0
0	0
0	0
0	0
2	2
0	1
0	0
0	0
0	0
0	1
0	1
7	0
0	0
0	0
0	0
0	0
0	52
0	14
0	52
0	5
1	5
0	4
5	110
3	0
59	93
0	69
0	79
2	17
0	29
0	0
0	0
0	0
0	0
0	0
0	0
0	0
0	0
123	0
14	49
1	12
6	6
0	49
9	62
1	3
0	56
0	11
3	23
0	0
0	0
0	0
0	0
0	0
0	0
0	0
3	288
69	268
0	198
0	267
4	10
0	10
0	2
0	2
0	2
0	1
0	0
0	0
0	0
0	1
271	0
0	0
0	0
0	0
8	0
493	465
0	31
0	450
22	0
18	135
4	32
0	135
0	0
0	0
0	0
0	0
0	0
0	0
0	0
0	0
0	0
0	0
11	0
0	4
0	2
0	2
0	0
0	0
0	0
0	0
0	0
0	0
0	0
608	3042
8	652
10	1145
51	2113
20	1654
404	0
0	0
0	0
0	0
745	1386
1	1809
0	755
79	78
0	0
0	0
0	1
0	0
661	0
1333	2339
2	42
0	3
0	590
1	245
9	306
16	489
5	302
14	753
6	277
12	277
0	37
31	0
35	0
21	3171
111	3085
34	2978
0	397
4	1872
60	4
1	231
294	0
2	441
0	237
0	1
5	0
0	441
81	0
1	3
0	36
0	31
0	0
0	0
6	22
1	5
0	3
0	3
0	28
0	26
0	3
0	0
0	19
0	6
1	2
0	2
0	5
0	13
0	13
0	7
0	6
0	31
0	37
266	1733
11	400
2	529
0	196
6	91
0	85
43	269
87	0
0	0
0	32
336	106
0	0
0	52
9	2
2	49
2	0
0	0
0	0
566	61
1	13
0	39
1	48
0	0
0	0
0	0
0	0
0	0
0	0
0	0
0	0
0	0
0	0
112	4518
0	578
62	206
2334	4482
0	2674
0	2611
562	741
2	652
0	134
0	0
0	58
1	58
7	166
0	34
1	172
0	174
0	183
3	142
0	21
1	20
1	13
0	11
0	180
381	103
1	103
0	0
0	0
0	0
0	0
0	0
1	0
0	0
0	0
85	29
0	37
2	43
0	18
1	92
0	91
0	50
1	74
0	42
0	72
0	51
1	45
0	52
0	23
0	18
0	34
2	14
0	14
0	13
0	2
0	2
0	35
1	127
0	188
0	182
0	174
2	22
0	23
0	25
0	67
6	67
14	34
0	181
0	0
1	2
0	89
6	18
0	38
0	85
0	92
0	79
0	0
0	2
0	6
0	6
0	7
1	0
0	216
0	7
0	77
0	41
0	3
1	7
0	212
1	33
0	28
1	32
2	4
0	1
0	1
0	4
0	4
0	4
0	4
0	0
0	0
1	0
0	0
0	0
40	1096
0	1005
0	1158
2	0
0	0
0	10499
0	10499
0	279
0	288
6	268
2	65
1	121
0	51
4	15
0	30
5	16
0	3
7	0
0	7
0	3
0	7
0	7
0	8
1	7
0	0
0	0
0	0
0	1
3	1
0	28
0	25
0	4
0	0
0	0
1	0
0	1
186	8
3	0
8	8
66	261
0	46
0	28
4	97
0	97
0	65
0	45
0	50
0	50
0	2
0	1
0	0
0	0
0	1
0	1
0	0
0	0
0	145
139	196
0	105
0	159
0	196
0	13
0	56
0	30
0	10
0	190
0	103
0	183
0	182
14	0
5	7
1	23
0	2
0	0
214	219
2	163
2	21
0	83
1	123
6	80
3	25
1	36
0	62
0	0
0	62
0	0
0	0
0	0
0	0
0	0
49	1577
19	1571
7	306
9	182
35	0
137	371
11	153
7	218
10	0
1	2
1	2
0	0
0	155
0	143
6	397
0	372
1	108
3	19
1	15
1	9
1	3525
0	3133
0	3516
1	2002
0	97
3	245
6	3424
88	4484
20	1529
9	2284
0	4110
4	534
824	2850
0	199
1	185
0	429
4	320
2	301
6	346
11	124
3	360
2	696
1580	423
0	469
3	348
0	190
10	348
5	164
0	2
0	2
0	0
1	1
0	0
0	1
0	0
0	0
0	1
0	1
0	2
0	5
0	4
9	48
0	46
0	30
0	21
3	21
0	13
0	14
3	559
0	773
0	754
0	260
5	699
0	135
1	577
0	563
6	450
2	700
0	352
21	177
0	170
61	110
0	61
0	37
0	48
0	41
0	51
0	35
0	37
0	37
0	10
0	0
2	28
5	36
2	24
0	28
1	17
0	8
0	1
7	93
0	2
0	114
0	3
0	100
14	110
0	110
0	16
0	0
0	0
0	0
0	0
0	0
0	0
0	0
0	0
0	0
0	0
0	0
0	0
0	0
0	1
0	3
0	0
0	0
42	0
45	523
0	510
0	518
0	525
0	32
1	6
15	1
0	32
0	2517
0	2909
6	70
0	2499
140	0
0	2697
184	21
21	1742
30	217
79	247
0	548
2	2735
0	0
0	0
0	0
0	0
0	0
0	0
0	0
0	14
0	8
0	14
0	6
0	6
0	11
0	6
0	13
1	9
0	7
0	1
0	0
0	7
6	1227
0	1226
0	1169
0	453
0	132
0	277
0	346
0	374
0	228
1	45
23	60
0	0
0	0
0	0
0	1217
0	0
0	0
0	0
0	0
1487	10564
3	160
0	160
0	160
0	152
0	15
0	19
1	40
3	24
0	24
0	21
0	14
2	0
0	3
0	14
0	3
0	14
190	325
0	291
0	55
2	82
2	0
3	13
0	353
0	15
115	9602
16	7219
71	7567
3	7984
4	8967
3	4192
3	7259
2	4633
2	407
0	51
0	0
0	0
204	56
3	41
24	15
17	0
0	3504
4	13028
21	9832
53	4249
0	9806
27	5573
1	6
1	6
0	2
91	156
0	41
0	23
0	18
0	95
0	37
0	253
38	13
1	222
116	241
1	243
0	49
7	8
46	7
2	3
0	2
1	288
5	214
0	270
0	220
0	243
0	49
8	5
0	232
2272	1446
0	533
0	1021
2	519
0	150
8	242
13	291
3	147
33	31
0	0
0	0
0	3
0	3
0	0
0	3
0	0
0	0
0	0
179	65
0	65
1	1500
1	622
53	1042
102	761
20	730
4	142
0	242
5	19
3	153
1	0
17	55
0	26
0	39
0	36
0	31
0	18
0	14
6	0
122	16
0	16
0	7
0	7
0	7
0	0
16	27
0	27
0	0
2	3
0	5
0	4
1	1
2	1
738	2337
40	1622
0	245
14	132
1	445
0	428
0	216
0	0
3	70
1	12
0	61
2	1
0	1
0	44
0	2
0	11
0	16
0	15
0	44
0	42
0	42
46	218
17	6
10	61
0	85
24	14
10	51
16	17
10	95
18	50
0	0
92	3707
187	4357
0	1972
0	1877
2	1379
8	1027
35	188
10	240
0	138
112	80
1	145
0	108
30	20
0	103
0	95
2	39
26	32
0	95
0	0
0	0
0	0
0	0
0	0
0	0
0	329
0	70
5	398
256	0
7	1
0	4
0	0
1	0
0	0
1	0
0	0
0	3
0	3
0	179
0	1
0	158
0	0
1	174
0	160
0	6
4	0
0	30
0	136
0	65
0	0
1509	559
4	242
6	368
1	368
4	369
0	248
3	205
14	124
0	0
0	1
0	0
1	7
0	0
1	0
0	0
0	0
0	7
0	0
0	0
161	92
8	92
1	10
0	1
0	1
0	1
0	1
0	0
0	0
0	1
0	0
0	0
0	0
0	0
0	0
0	0
0	0
0	0
0	0
0	0
0	0
0	0
0	0
0	0
0	0
240	336
81	336
1	137
0	61
0	133
0	0
0	0
80	4
0	4
13	137
0	1395
3	1296
2	39
13	322
1	342
0	6
0	60
13	216
4	271
1	29
35	71
1	17
3	136
0	17
0	135
0	47
0	137
0	34
0	0
0	0
0	0
0	0
0	0
0	0
0	0
0	0
0	0
0	0
0	0
0	1
8	60
8	74
0	79
1	74
0	9
0	10
1	31
0	0
0	0
0	0
0	0
0	0
0	0
0	0
0	0
0	0
0	209
6	43
3	257
9	294
0	182
3	0
0	105
0	36
37	13
0	1
0	0
0	0
0	0
0	0
0	0
0	0
0	0
0	8
0	0
0	4
0	8
0	8
0	0
0	0
0	0
0	0
0	0
0	0
0	0
95	45
5	45
2	24
32	161
5	161
0	1
0	1
0	1
0	1
0	1
0	1
0	1
0	1
3	5
0	5
0	0
0	0
0	0
5	15
0	14
0	14
0	14
1	18
0	18
0	0
2	6
0	6
256	312
0	299
0	92
0	137
0	251
3	179
0	195
0	129
0	82
18	112
0	15
0	83
0	0
0	0
0	0
0	0
0	0
0	0
0	0
0	0
0	0
0	0
0	0
0	0
0	0
0	0
0	0
5	3
0	3
92	514
0	69
4	80
0	20
0	18
0	18
0	4
0	477
904	677
9	481
4	204
1	69
27	550
26	233
1	5
8	54
0	36
1	118
1	14
0	141
0	30
10	19
46	1976
13	1241
5	940
0	951
1	855
0	682
3	310
12	167
0	183
47	282
0	232
0	0
0	0
0	0
0	0
0	0
0	0
0	0
0	0
0	0
0	20
0	210
0	16
0	147
1	11
9	194
51	1479
14	2346
10	2345
0	270
58	287
0	42
0	32
0	2345
831	927
14	566
0	524
0	49
0	856
16	191
5	527
0	0
0	0
0	0
0	0
0	0
19	6264
11	6545
1	4118
36	5607
28	362
0	4657
0	0
0	0
0	0
0	0
0	0
0	0
0	0
0	0
0	0
0	0
0	0
0	0
32	200
47	1609
0	176
2	1608
1	100
6	89
1	200
7	170
90	181
0	10
0	25
0	18
5	106
0	139
0	16
0	126
0	58
6	77
0	78
0	0
0	0
0	0
0	0
258	20
0	20
4	24
0	415
0	981
42	1015
19	388
3	6
0	150
54	0
127	494
96	341
6	83
8	994
0	46
1	819
7	802
53	817
17	239
14	19
7	20
9	45
0	1
0	0
0	0
0	0
0	0
0	0
0	0
0	0
0	0
0	338
775	2335
0	2243
4	296
0	510
0	6
7	8
0	0
6	14
0	14
403	499
11	372
2	218
0	65
5	3
0	3
0	416
0	416
0	20
0	46
0	0
3	3
497	364
7	80
0	351
2	269
0	15
105	196
0	196
0	0
0	0
0	39
6	180
1	98
4	41
0	22
0	24
10	66
0	46
0	180
0	376
0	20
1	383
0	67
3	23
2	47
0	221
0	32
1	32
0	0
0	64
1	58
4	1062
37	1064
16	1086
0	267
18	23
50	0
0	59
39	1
0	39
0	1
0	1
0	0
0	151
5	57
6	17
0	125
0	80
0	40
506	1943
45	1943
3	198
34	67
3	57
0	203
0	176
0	51
0	89
0	45
9	326
0	322
0	257
11	12
0	61
0	12
0	0
0	0
0	0
0	299
4	265
0	301
0	301
9	263
0	107
0	114
0	86
4	50
0	50
1	17
1	1
0	302
0	300
0	0
0	0
16	66
2	58
24	26
0	686
28	208
0	675
0	20
0	209
3	29
11	13
34	489
0	1314
0	246
0	22
0	1120
0	871
0	182
0	1
0	1
0	1
2277	0
0	0
0	0
19	2
0	0
0	27
14	27
0	4
0	0
0	9
0	9
0	0
176	0
324	496
12	126
0	409
1	430
7	232
8	113
0	10
2	5
217	304
0	0
4	304
11	18
0	0
1	62
0	45
21	36
0	10
11	4
0	35
677	226
0	203
0	188
0	57
2	79
0	56
1	38
1	5
40	8
0	0
97	1948
3	1236
0	1985
0	104
9	1894
19	27
0	213
0	158
89	331
20	50
5	0
5	499
0	0
377	0
0	0
3	1232
71	150
27	88
6	1209
0	10
0	75
9	1
16	359
47	782
2	805
5	217
0	198
0	111
0	731
0	0
211	193
9	14
12	35
0	96
0	11
38	71
3	94
0	116
1	48
2	47
0	0
0	0
0	0
0	0
0	0
0	0
0	0
0	0
2	0
13	416
13	6
44	50
0	416
2	51
4	13
21	3
7	38
1	44
0	0
0	0
0	0
0	0
0	2180
38	275
13	743
0	556
108	1287
0	1265
13	98
4	24
0	11
5	347
0	0
0	0
0	0
0	0
1	227
499	479
0	121
0	218
19	2
5	224
0	0
0	0
182	734
59	638
0	1
7	78
0	77
2	77
0	76
0	10
1	2
0	0
0	0
0	0
0	0
0	0
0	0
0	0
0	0
68	383
0	280
0	221
3	13
0	159
0	167
1	159
2	108
0	84
3	89
4	56
720	594
4	545
1	518
14	3300
0	3300
0	554
4	386
9	78
0	1
0	0
0	0
0	0
0	0
3	2
0	2
0	0
0	1
0	1
0	1
0	1
0	0
0	0
0	0
0	0
0	0
0	0
0	0
0	0
0	0
2940	1892
90	357
0	1727
20	458
0	0
0	0
0	0
0	0
0	0
0	0
0	0
0	0
0	0
0	0
0	0
0	0
0	0
0	0
0	0
0	0
0	0
0	0
0	0
0	0
0	0
0	0
0	0
0	0
0	0
0	0
0	0
62	2
1	0
0	2
0	0
39	5
0	5
0	0
0	0
0	0
0	0
0	0
0	0
0	0
0	0
0	0
0	0
339	232
1	14
0	67
2	162
0	24
0	21
0	50
0	37
0	17
0	357
0	24
0	7
0	7
0	7
0	6
33	333
0	349
49	3
0	42
24	320
20	127
61	364
0	1193
28	1146
1	232
1	1049
9	37
41	154
0	3
0	2
1	3
0	3
0	3
0	0
0	3
0	0
0	0
0	0
0	0
61	937
0	3528
0	222
0	2668
21	56
4	164
2	582
0	550
8	524
0	33
5	43
0	101
87	101
0	9
1	10
0	32
0	5
1	110
1	110
0	37
2	26
0	0
0	0
59	0
11	254
209	407
23	254
0	77
57	153
5	45
283	3772
5	144
0	161
9	72
1	3608
0	96
9	183
47	82
4	156
6	546
5	207
0	347
9	57
2	159
0	0
0	0
0	0
0	0
0	0
0	0
3	754
2	529
1	677
1	575
1	498
17	229
3	75
0	0
0	0
0	0
0	0
0	0
0	0
148	234
19	234
0	0
0	0
68	200
479	152
126	199
0	25
1	111
0	113
0	0
1008	3187
0	2476
11	65
0	320
11	115
0	255
10	374
0	190
23	548
0	2
0	2
0	1
0	59
7	75
1	98
0	7
0	93
0	88
0	23
6	49
0	13
0	22
21	43
0	2
0	23
4	22
1	9
0	15
0	7
0	6
0	0
3	630
2	211
1	340
3	63
5	173
238	921
0	930
0	0
0	632
0	626
0	127
0	188
0	113
0	137
2	100
0	28
0	10
0	108
0	0
0	0
0	0
0	0
4	126
6	118
2	126
0	10
0	0
0	0
0	0
0	0
0	0
58	19
6	0
0	19
0	14
0	3
0	7
0	1
0	7
0	169
0	0
0	1341
1	939
995	1341
11	42
0	30
0	166
1	170
111	15
415	0
0	0
0	0
0	978
0	144
0	255
0	712
0	576
0	611
10	337
0	290
24	272
4	24
0	79
0	257
2	68
0	255
0	106
4	130
0	73
0	72
0	53
2	7
4	30
0	70
0	63
14	56
0	0
0	0
0	0
0	1
0	0
0	0
0	0
0	1
0	0
0	0
0	0
0	0
0	1
0	1
0	1
0	0
53	389
1	385
5	30
1	6
0	2
0	2
0	67
0	67
1	57
11	54
0	0
0	0
838	1024
46	820
14	134
0	204
0	1
0	0
0	0
0	0
0	2
0	2
0	0
0	2
0	2
0	2
0	0
0	0
0	0
0	131
349	2589
0	2653
0	3002
57	2472
0	2187
16	363
0	1184
0	2928
30	730
0	658
0	20
9	647
8	508
30	530
20	121
0	0
0	0
0	0
0	0
0	0
16	1796
3	141
41	361
1	1403
0	1599
0	1644
10	123
0	180
0	46
8	136
297	31
0	4
0	27
0	0
43	51
2	51
0	346
4	68
0	86
1	28
0	262
1	232
0	5
3	42
0	0
0	0
0	0
0	0
0	0
0	2
0	0
0	2
11	0
0	6
0	2
0	0
3	481
20	193
0	0
3	162
1	466
0	68
0	1
0	1
0	1
0	1
3	0
0	0
0	1104
163	0
2202	1427
26	239
85	469
26	198
21	94
55	143
8	403
136	207
25	207
0	0
60	531
3	531
0	0
0	0
0	0
0	0
0	246
0	246
0	246
53	6
0	6
0	0
0	2
0	2
0	0
0	0
0	2
1	0
0	178
5	175
0	106
0	90
0	31
3	97
0	63
92	197
0	197
3	90
0	0
0	1
0	5
0	5
0	5
0	0
0	2
0	0
0	2
0	2
0	0
0	0
0	0
0	0
0	0
0	0
0	272
353	276
9	276
9	651
0	647
0	449
0	330
1	168
0	122
0	112
0	96
0	0
0	0
2	250
0	292
0	298
5	46
17	1
0	287
0	1
0	2
0	2
0	2
0	11
0	11
0	2
0	1
0	0
0	0
1	647
52	351
1	538
0	1509
0	383
8	1493
0	963
0	49
21	66
0	59
19	30
0	16
10	67
0	0
0	0
0	0
0	0
0	0
5	314
11	129
3	23
6	1085
0	1961
6	1941
2	112
0	144
1	410
118	171
6	151
11	170
11	465
11	134
155	5742
38	5087
0	5730
0	5234
1716	5719
35	786
28	782
0	798
11170	1165
0	247
0	316
7	0
3	88
94	88
6	825
0	179
20	1
6	154
0	1128
13	16
0	24
0	547
0	1102
0	0
37	29
4	29
15	8
0	6
0	2
0	0
0	474
23	474
0	6
0	6
0	6
0	0
0	7
0	7
0	7
0	7
0	0
0	2
2	3
0	3
0	3
0	0
188	231
2	181
2	79
1	162
1	162
0	92
0	91
1	0
1	88
0	49
2	60
0	162
0	0
0	0
0	35
68	185
0	185
5	34
7	28
3	32
3	64
0	0
0	503
0	482
0	347
15	230
17	503
0	0
0	0
0	7
6	429
0	10
0	67
0	40
0	419
37	8
0	0
0	12
0	12
0	9
0	17
0	18
1	13
0	9
57	165
0	165
0	0
0	0
12	479
5	636
0	637
4	410
0	415
0	218
1	722
0	79
5	675
1	130
0	418
1	222
0	53
2	85
0	0
0	1
0	4
0	4
0	1
0	1
0	0
12	68
10	70
0	70
0	67
0	26
5	15
0	14
3	5
0	1
0	1
4	1
0	607
0	316
0	548
1	532
38	526
1	215
1	184
0	71
0	633
0	0
0	0
0	0
0	0
0	0
0	0
0	0
0	0
88	421
0	337
1	84
0	54
0	84
0	4
0	4
0	0
0	212
0	215
1	207
0	250
0	258
0	35
1	215
1	35
0	212
0	254
0	244
0	261
0	125
0	33
0	212
0	20
0	32
3	212
0	0
10	278
1	10
1	275
0	23
0	18
0	219
0	218
0	110
9	47
0	31
1	16
12	1417
8	18
0	14
81	1290
4	112
28	33
0	21
3	50
11	1296
101	908
2	669
9	749
0	0
2236	792
71	792
0	584
244	101
2	46
0	43
14	26
0	498
2	544
0	186
2	64
4	56
1	88
0	60
1	158
2	112
0	34
408	731
1	184
7	202
3	337
1	110
1	469
15	238
7	382
0	41
0	137
0	128
0	143
4	110
3	114
0	46
0	91
0	90
0	72
0	30
0	29
548	328
0	165
1	163
1	72
0	0
0	0
0	0
0	0
0	24
0	31
4	11
0	6
0	5
0	3
0	858
11	1035
0	0
0	4
0	0
6	111
0	153
4	1710
36	3
0	27
0	1711
10	120
0	1712
141	11
0	75
0	72
1	31
0	18
6	15
3	18
5	16
1	16
0	0
78	205
110	484
0	162
4	447
0	338
0	110
0	104
4	162
0	149
0	146
1	36
4	116
0	30
0	0
95	271
10	271
136	199
0	20
13	179
6	26
0	25
0	7
0	4
0	2
0	2
21	0
0	61
0	78
0	78
0	77
2	75
1	66
0	47
2	21
0	1
4	35
2417	1384
8	40
4	237
5	242
3	297
0	318
4	244
1	10
0	6
0	4
0	3
0	3
0	0
0	0
0	0
0	944
0	945
0	923
1	14
0	334
0	108
1	2
0	0
0	395
4	2
5	2
2	23
0	134
0	115
0	9
0	6
6	7
0	27
0	53
0	1
0	7
4	0
0	6
0	23
0	10
2	23
0	42
0	68
0	9
0	65
0	4
0	42
5	49
0	38
5	19
0	17
1	33
10	39
0	112
513	828
0	828
0	0
1185	0
1	328
0	318
0	145
0	74
2	105
11	279
91	11
31	13540
0	0
0	31
0	0
0	31
0	0
0	31
0	30
0	0
0	0
0	31
0	31
2	1
5	470
0	505
33	0
0	210
4	169
0	39
1	20
0	274
0	237
18	53
0	60
0	253
11	209
1	61
0	67
2	31
26	302
4	271
3	173
3	128
0	49
5	0
12	494
57	581
11	125
1	303
0	185
8	38
2	28
1	10
16	96
0	303
0	101
0	134
0	143
0	28
0	28
0	21
0	22
6	13
9	13
4	144
0	101
0	1
0	3
1	241
29	51
0	52
0	232
5	279
1	80
0	125
0	239
0	56
0	67
0	73
0	99
0	89
0	85
0	20
17	43
0	69
0	92
0	66
0	94
55	0
0	405
0	405
0	340
0	38
11	303
0	64
0	75
3	69
3	5
0	41
2	22
0	1308
16	1272
7	809
3	377
1	27
0	316
103	166
0	166
3	19
16	557
0	603
11	572
69	55
0	0
0	0
0	1
5	55
0	43
1	54
0	7
0	14
0	7
0	12
0	25
0	15
0	26
1	1
1	0
0	12
0	9
0	10
1	11
0	2
3	11
0	10
1	18
0	18
0	14
1	3
0	0
0	1
20	0
0	0
0	0
22	337
16	93
0	311
0	311
0	335
1	335
2	0
1	8
0	1
0	8
0	1
2	15
0	15
0	5
7	11
2	19
0	12
0	7
1	4
1	7
0	1
0	0
5	0
281	224
1	149
0	59
1	42
1	474
0	375
0	144
0	474
0	1
0	1
0	5
0	1
0	1
0	1
0	1
0	1
0	0
0	5
0	0
0	0
0	0
0	0
0	0
0	0
0	0
0	0
0	0
0	1521
112	864
0	1438
0	1568
0	773
0	634
3	795
0	779
0	770
10	973
2	310
0	248
502	165
0	88
0	77
4	37
0	31
7	31
0	30
0	2
0	2
5	333
0	333
12	322
0	287
0	12
672	485
2	134
0	112
0	413
2	355
4	48
0	19
0	66
0	61
0	20
0	26
51	10
0	5
0	9
11	0
2110	976
14	839
9	393
3	1157
19	65
428	3818
0	181
5	221
0	3818
0	1
0	1
0	1
0	1
0	1
0	0
0	1
0	1
0	0
0	1
0	0
0	1
0	0
0	0
0	1
0	0
0	1
0	0
0	108
10	123
12	187
5	72
0	180
0	159
4	767
0	770
4	159
2	28
18	56
0	181
0	152
0	7
37	26
1	0
0	0
2941	778
32	495
0	160
81	48
0	131
16	148
10	625
0	154
4	614
0	316
5	222
0	379
5	428
0	188
0	431
93	431
25	0
3	207
0	97
1	2679
0	1241
115	41
0	518
15	616
9	1001
0	14
2	597
0	2554
4	724
0	0
2274	1305
26	1303
4	15
5	346
1407	12278
73	12173
0	598
8	1298
15	791
11	675
8	779
10	1611
8	2607
5	1256
1	1852
5	1243
32	338
13	223
0	1
3	3
0	3
1	1
0	0
0	0
0	0
7816	0
9	453
1	1146
5	130
33	38
8	726
3	117
1	332
1	60
0	21
3	52
0	42
0	16
0	0
4	6
8	11
0	7
0	10
0	5
0	5
0	5
3	6
0	1
0	3
1	3
0	3
0	3
0	0
0	0
0	0
367	920
0	948
9	409
0	1
0	287
7	242
3	53
1	128
0	0
0	0
0	0
0	0
0	0
113	2437
13	2495
1	1897
0	246
1	322
20	192
0	10
0	10
0	2
0	2
0	2
1	6
0	57
5	1163
0	0
0	0
0	0
0	0
0	0
0	0
0	0
0	0
0	0
0	0
0	0
0	0
0	0
0	0
0	0
0	0
505	2411
14	989
8	877
0	1310
1	142
7	79
0	22
536	1298
0	1099
15	571
1	514
4	108
0	323
4	192
802	103
0	99
0	50
0	76
30	4
184	335
0	259
1	259
0	14
0	14
0	1
0	14
0	4
6	411
36	380
0	365
8	226
0	4
0	84
0	269
17	1
35	0
144	9
0	114
0	114
0	115
1	0
210	582
0	237
0	525
0	218
4	579
0	52
1	0
0	0
5	1
0	1
0	0
0	0
0	0
0	0
0	2336
17	2784
0	2494
0	2391
0	3115
3	333
7	1375
0	323
0	326
0	2552
51	2436
7	2614
0	129
1	178
0	178
1	178
22	14
5	25
3	16
1	36
0	28
91	1025
36	1021
0	985
13	140
2	51
16	258
0	33
0	219
0	232
0	232
1	232
0	201
0	149
0	77
2	33
0	67
8	43
42	295
0	294
1	264
3	160
0	116
0	17
38	16
16	1
0	4
0	4
0	4
0	2
0	2
0	2
26	306
26	310
0	56
0	22
0	29
16	0
10	1149
9	1417
3	1127
39	0
1	1148
1	192
8	10
2	154
0	146
1	111
1	111
0	0
0	0
78	555
22	553
56	29
0	106
13	0
0	66
0	0
0	0
0	0
1	0
0	0
0	1
10	1320
21	1512
0	1516
19	2
21	752
12	1537
613	861
4	62
1	585
0	468
58	17
10	17
0	9
15	0
0	0
5	478
10	207
2	258
5	149
20	190
0	6
0	3
0	3
0	3
0	0
0	0
0	0
4	2
0	2
0	684
17	651
2	551
0	494
0	422
35	292
0	52
0	49
2	80
0	14
7	0
43	20
0	3
7	10
14	624
376	182
9	170
2	11
0	54
1	8
5	27
0	10
10	7
1	2
0	5
5	0
0	2
0	18
0	25
0	23
0	15
0	0
0	0
0	0
0	14
0	9
0	14
0	3
0	9
70	0
0	0
0	0
0	71
1	75
0	75
0	69
0	21
0	0
0	0
0	10
0	23
1	27
0	71
3	125
0	124
1	124
0	90
0	90
0	89
0	49
0	61
0	48
0	8
5	732
62	732
12	10
14	3
8	0
0	7
9	20
0	0
3	9
0	3
0	8
0	0
0	0
450	0
0	0
0	13
0	7
0	2
0	0
0	0
0	2
0	13
0	2
0	0
0	0
0	0
0	2
0	0
0	0
0	0
12	1
2	1
0	0
0	0
0	341
0	353
6	23
0	116
0	349
0	0
0	1
0	30
0	3
0	32
0	30
0	25
1	4
1	25
0	28
0	22
0	16
0	9
0	13
4	10
0	7
1	3
0	3
0	6
0	0
408	424
12	378
0	27
0	77
2	15
6	84
0	23
0	0
1	5
0	7
0	6
0	6
1	6
1	7
1	8
387	8
224	111
0	62
0	26
0	39
0	27
0	12
0	21
0	14
650	851
0	156
0	234
0	68
23	27
0	172
0	336
2	364
13	14
5	310
312	475
20	422
0	468
0	85
0	110
0	42
0	0
0	0
0	2
0	8
0	3
0	3
0	0
7	7
0	91
0	89
0	90
0	9
1	29
0	1
0	1
0	37
11	37
20	130
0	33
25	130
10	38
0	40
0	37
0	27
0	20
1	4
0	0
0	2404
152	2400
6	293
8	284
49	250
0	0
0	0
0	0
0	0
0	0
0	0
0	0
0	0
73	270
0	247
0	258
0	239
0	35
6	11
0	0
0	0
0	0
0	1
0	4
0	4
0	4
7671	751
3	270
0	343
0	0
0	522
0	521
2	508
60	19
3	6
2	19
1	7
0	0
0	1
0	1
0	2
17	2
123	437
0	379
13	359
0	381
0	432
11	423
0	423
0	421
13	61
0	46
0	60
0	55
0	45
0	370
3	0
0	0
0	0
0	0
0	0
0	0
0	0
0	0
0	0
0	0
1	205
19	205
1	18
0	47
14	166
2	214
31	108
3	196
0	166
0	210
0	181
0	212
0	173
0	209
0	53
0	33
0	37
0	28
0	13
1	21
0	0
0	0
19	0
15	0
0	107
0	107
9	27
1	30
2	44
0	0
0	0
0	107
65	0
0	0
0	0
0	0
0	0
102	105
0	86
0	105
2	76
3	0
0	0
0	0
0	0
0	0
0	0
0	0
0	0
0	0
0	0
0	0
0	0
301	0
3	1
3	0
0	1
0	1
0	0
0	0
0	0
0	0
0	0
0	0
0	0
0	0
188	64
9	3
1	63
759	603
14	602
0	223
383	1230
60	1216
0	381
17	282
2	941
2	994
0	1043
0	998
1	202
59	0
2	112
7	223
80	0
4	134
0	1247
1	1190
0	0
0	0
79	408
8	398
25	82
0	87
0	109
6	65
1	110
0	0
0	0
0	0
0	0
0	0
0	0
115	206
3	30
0	9
13	181
0	145
66	353
0	175
3	300
0	266
0	47
1	10
1	13
0	0
0	15
0	9
2	3
0	1
0	1
1	5
0	16
0	759
0	5
17	222
0	30
0	773
1	64
0	86
71	587
0	760
6	13
1	29
0	22
1	82
1	68
3	34
2	47
0	82
8	97
5	53
0	763
0	0
0	0
0	0
0	0
0	0
0	0
0	209
2	208
0	209
2	4
0	1
0	3
0	3
0	2
0	3
0	3
0	0
1	8555
4	0
0	0
1	9686
1558	9870
24	2060
0	9550
37	2137
0	7383
0	7417
678	103
1	95
0	105
1	77
23	113
0	113
0	98
2	6
2	0
0	34
0	0
0	0
7	260
0	68
4	255
0	44
0	36
0	258
0	0
13	258
1465	1025
0	166
3	551
16	172
0	1025
0	1
0	1
0	0
0	0
0	0
56	2739
0	2761
3	198
1	411
10	74
2	1071
0	2728
9	0
173	1291
12	101
0	1291
0	0
4	248
544	954
0	451
25	67
39	13
18	152
2	85
3	328
0	194
0	313
1	8
387	260
0	108
12	56
0	95
4	19
5	33
91	6
0	46
87	923
4	146
5	831
0	275
4	80
2	202
0	64
0	208
10	91
15	1294
3	39
0	30
2	1297
0	338
0	64
73	416
1	48
0	59
1	11
0	32
0	51
20	11
25	274
0	285
0	135
0	122
0	111
0	96
0	35
0	32
4	14
70	2
18	112
0	10
1	15
8	55
0	112
0	0
0	0
0	0
0	94
2	94
13	2574
0	254
420	3815
0	481
0	262
7	687
0	21
0	1231
370	12
14	487
9	3432
772	1945
0	274
83	113
70	124
0	41
10	526
14	563
1	572
10	503
6	311
0	53
0	16
0	585
23	4289
0	4355
2	811
4	2023
30	689
0	4062
5	1285
8	1421
0	4231
1	532
0	457
0	132
0	532
341	12
1	12
127	463
4	441
3	262
6	35
0	0
0	0
0	0
4	6
0	6
0	0
0	0
0	0
45	29
1	29
58	109
0	109
0	14
0	84
11	0
2	91
2	89
0	7
5	6
6	7
252	681
7	482
14	452
6	65
7	64
12	29
0	25
8	53
0	0
0	0
0	0
0	0
0	0
0	0
0	0
0	0
1	14
0	14
0	0
0	0
0	0
0	0
0	0
0	0
866	0
0	0
0	0
24	1018
25	1200
0	1076
0	829
100	765
1	765
4	219
83	89
88	31
0	0
0	0
0	0
3	20
0	5
0	19
0	21
0	21
0	20
0	18
0	19
0	19
0	16
0	16
0	15
0	15
0	15
0	15
0	16
0	15
0	16
0	17
0	0
1	0
0	0
0	21
0	19
0	19
0	20
0	72
0	73
5	21
2	66
0	12
2	2
0	0
0	0
2	372
3	372
12	9
0	127
12	17
0	88
1	118
22	147
1	68
1	141
0	71
2	44
13	44
1	28
0	8
16	0
76	17
0	0
0	0
0	0
0	0
0	0
4	0
0	34
3	20
1	5
3	15
0	54
2	136
0	118
9	92
69	172
445	1513
83	624
0	514
16	916
2	824
0	439
8	361
0	120
8	654
0	400
5	596
115	252
206	404
0	31
0	220
11	123
14	1446
3	1445
10	25
2	58
1	51
1	66
0	1107
17	29
5	64
1	0
0	0
2	0
0	0
0	0
0	0
0	0
0	0
0	0
0	0
289	1401
1	407
0	994
1	894
9	0
3	15
0	23
0	22
0	0
0	22
1	2
0	1
562	0
14	57
0	57
0	11
5	20
0	9
6	0
0	0
0	0
0	0
0	0
0	664
0	533
0	195
0	359
0	217
181	0
0	2
221	126
0	126
7	9
2	4
0	0
0	4
0	0
0	0
0	0
0	0
0	0
0	0
0	0
0	33
0	24
0	23
0	5
0	1
9	0
0	0
0	0
0	0
2	33
0	23
0	23
0	23
0	23
0	1
2	1
0	0
0	0
0	0
4	199
2	199
4	6
12	15
3	39
1	110
0	127
0	136
0	26
35	130
0	110
11	56
7	158
9	144
0	15
0	43
0	23
1	0
44	75
0	0
0	0
0	0
0	0
0	0
0	0
2	0
0	1
0	1
0	0
0	0
2	5
0	0
1	0
0	4
0	4
0	1
0	29
0	30
0	30
0	23
0	1
0	0
0	2
0	0
0	2
3	0
0	0
0	0
0	0
0	0
0	0
0	0
0	0
0	0
0	0
0	0
0	40
0	38
4	40
305	460
2	32
40	175
0	45
2	130
1	48
0	21
2	9
2	0
0	1
0	0
0	0
0	0
0	0
0	1
0	2
151	291
13	34
0	246
14	219
1	11
0	15
12	13
26	34
1	34
1	1774
0	12
0	0
0	12
0	0
0	0
0	0
0	1598
2	317
61	117
1	1496
6	701
0	602
1	56
87	564
1	96
0	211
7	83
12	47
0	5
0	176
146	184
0	24
0	10
0	8
0	3
0	91
56	1
4	0
7	0
0	0
0	0
0	0
1	7
0	67
1	30
0	26
0	26
0	24
2	21
0	48
0	50
0	4
0	11
0	67
0	0
0	0
0	0
0	120
3	134
7	140
1	97
0	145
0	62
0	135
0	30
0	3
0	9
0	133
0	10
2	15
0	25
0	8
0	25
0	1
0	1
0	1
0	0
0	1
0	1
951	180
7	10
0	171
6	117
1	52
135	405
2	424
7	417
2	359
0	61
0	126
3	142
1	106
0	282
1	5
2	132
0	59
0	38
17	46
0	0
138	0
0	0
0	0
0	0
0	0
1	0
0	0
4424	1980
0	1566
8	799
0	0
0	5
0	1
0	3
0	3
0	0
0	0
0	0
0	1
0	0
0	5
0	1
0	1
0	1
0	0
0	2
0	2
205	16
36	0
12	0
4	16
0	0
0	0
6	33
0	7
0	11
0	30
542	262
2	262
0	3
0	3
0	0
0	0
0	0
1298	1
68	1
49	1299
0	1266
0	699
0	60
1	188
2	108
3	5
0	133
0	78
0	295
0	814
0	511
0	792
0	788
4	51
0	0
0	35
0	42
0	38
2	122
0	122
0	12
1	3
0	10
1	15
0	49
5	0
0	0
0	0
42	1250
32	1008
0	1137
0	104
38	32
0	32
28	2897
0	2956
2	968
0	1128
0	1098
0	1099
1	0
4	128
3	77
265	131
0	0
0	0
0	0
3	54
0	52
0	1
0	54
0	496
0	61
0	485
3	452
1	428
0	487
0	49
0	450
0	16
0	17
0	18
0	3
0	0
0	17
0	18
0	7
0	4
12	7
1	2
0	1
0	2
0	15
0	15
0	17
0	5
0	6
0	3
0	5
0	4
1	1
558	96
2	74
28	22
1	38
6	26
0	38
1	3
0	3
0	0
0	0
0	0
1	2
0	15
0	1
0	3
0	2
0	0
0	0
0	0
3	5039
7	2385
0	4993
0	1209
100	4815
0	2386
0	4705
33	928
32	540
23	1880
154	110
3	843
0	5039
0	36
0	23
124	169
0	165
2	117
0	86
0	0
0	0
11	1
0	1971
3	244
0	31
9	1961
7	393
0	312
0	202
0	148
8	49
3	111
2	398
0	1
0	0
0	0
0	1
0	65
0	65
0	69
0	10
0	27
0	12
3	47
5	47
29	54
0	53
0	51
0	2
0	7
0	5
0	4
0	2
0	2
0	0
0	0
0	0
0	0
0	0
0	0
0	0
0	0
0	0
0	0
0	0
0	15
0	1
0	15
1	3
0	1
0	6
0	2
0	0
0	0
0	0
450	842
45	447
11	395
16	932
0	833
2	899
17	140
0	140
0	3
0	82
1	3
2	612
0	84
0	0
1	69
0	592
0	65
0	90
1	78
0	132
7	40
9	171
0	104
1	0
0	0
0	0
0	0
0	0
0	0
0	0
0	0
6	0
0	27
0	11
0	13
165	40
2	31
0	0
0	0
21	120
0	30
0	118
57	502
15	502
193	114
83	114
12	470
0	446
1	32
0	183
2	35
4	12
0	8
5	8
0	0
0	46
0	35
0	37
1	0
24	1521
0	1505
0	751
24	9
3	162
0	195
3	181
0	62
7	16
79	712
7	14
0	48
0	27
3	44
101	28
75	1
2	173
9	173
0	156
0	107
0	47
6	11
0	8
0	2
0	5
2	1
0	2
2	1182
5	1181
9	1087
3	242
1	434
0	565
2	672
0	658
29	505
0	0
0	0
0	0
0	2
0	2
0	0
0	0
0	0
0	3
0	0
2	0
0	0
0	1
0	3
141	1040
48	1011
0	46
107	62
0	50
0	0
0	1
0	1
0	0
0	0
0	0
0	0
0	0
815	1035
3	197
1	445
27	6
0	2111
6	2463
0	2467
3	294
0	2301
0	2018
11	1297
0	2000
0	0
0	448
7	1146
27	599
1	76
0	2287
5	182
0	259
0	254
0	6
0	6
0	0
0	3
0	0
462	92
0	21
0	71
0	11
0	1
0	1
0	0
0	0
0	0
0	417
499	416
43	1
45	653
0	1502
14	1503
0	1480
48	630
2	827
2	898
0	1616
0	1689
23	762
0	710
0	725
76	736
5	463
9	307
2	200
0	122
26	0
95	937
139	939
8	190
0	269
0	70
0	0
6	0
1	0
0	0
0	0
0	0
0	0
0	0
0	0
0	0
0	0
0	0
0	0
0	192
0	192
4	0
0	61
0	83
2	70
1	72
0	43
0	68
0	27
1	10
669	615
49	0
34	214
0	625
0	27
157	187
1	187
12	113
0	80
0	65
0	89
0	58
0	34
0	46
0	50
0	42
2	46
0	5
0	1
0	4
0	2
0	2
0	0
0	0
0	49
70	49
0	3
0	3
0	0
0	0
0	0
0	0
0	0
0	4
2	4
471	334
0	334
1387	0
45	215
87	215
5	22
61	7
0	0
0	0
61	587
2	484
5	114
0	0
0	0
0	0
138	0
96	36
3	26
4	9
0	14
0	0
0	0
0	0
1	3
0	3
0	481
0	482
1	244
1	164
0	23
25	136
0	0
0	0
0	0
0	0
0	0
0	0
0	0
724	2416
47	250
21	114
50	91
9	1934
5	176
10	33
2	210
6	163
10	134
8	67
0	0
32	93
43	575
43	18
36	572
3	157
4	22
0	13
0	27
24	269
0	269
1276	1588
345	1849
55	1849
40	552
23	925
0	547
1	0
0	0
0	0
0	0
0	110
3	105
0	58
0	110
0	110
0	52
0	7
0	36
0	8
2	11
0	392
0	46
0	48
0	42
0	31
1	83
11	0
0	87
0	47
29	81
2	71
0	57
0	46
0	43
0	16
0	10
0	382
6397	15997
0	2790
1	15997
0	70
5	59
2	46
0	45
10	0
16	3
0	0
87	0
15	335
133	357
0	194
4	2
0	128
0	73
6	11
0	0
0	2
0	0
0	0
0	199
0	203
0	219
0	166
4	162
0	6
0	53
1	14
0	57
0	45
0	20
19	1
0	170
0	6
7	25
1	170
0	9
0	170
1	9
0	0
0	0
0	0
0	0
1	2624
53	673
0	2624
0	1048
0	727
2	165
0	1
0	1
0	2
0	1
1	4
0	3
0	2
0	2
1	1
0	0
0	0
0	0
0	1
0	437
31	407
0	389
0	359
0	266
0	343
0	218
0	220
1	197
1	78
0	20
1	101
0	70
0	50
0	0
0	0
0	0
0	0
0	0
0	0
0	0
0	0
567	2922
6	2915
9	362
0	450
12	428
16	182
2	7
0	0
3	5
0	15
0	24
0	23
0	7
1	6
0	30
2	1
1	84
0	4
0	9
0	82
60	65
2	20
0	18
0	32
0	13
0	17
0	18
0	14
0	4
0	0
0	78
0	0
0	0
0	1
0	40
0	60
0	244
9	56
0	250
0	83
0	24
0	27
0	48
30	819
2	663
0	752
0	67
5	1
0	74
0	75
0	13
0	2
0	2
0	2
9	2613
2	1007
0	2729
24	2650
0	921
8	2351
45	163
1	167
16	55
2	73
3	15
3	0
0	0
1	4
0	4
0	0
0	0
0	0
2	2
0	2
0	2
1	6
0	6
0	3
0	3
0	3
44	747
18	96
27	303
0	706
0	51
0	747
559	95
0	26
5	35
9	40
0	0
0	0
0	0
0	0
0	0
0	0
1	65
0	79
0	39
0	9
0	26
0	14
2	36
5	25
0	19
0	21
0	19
0	20
13	13
0	51
10	346
0	256
1	59
0	346
0	0
210	735
72	6
3	331
87	935
32	268
3	199
0	337
0	328
35	182
1	185
50	151
24	159
0	0
0	0
5	161
0	89
6	66
11	55
1	33
0	37
0	72
0	0
0	117
1	114
4	89
0	118
1	21
0	113
0	110
1	89
0	2
5	2
0	14
1	21
1	2
0	129
0	74
0	78
6	128
0	6
0	40
0	28
0	9
2	0
3	179
0	266
3	227
224	33
5	33
0	0
0	1
0	1
0	1
0	1
0	1
0	0
0	0
4	0
0	0
0	0
9	278
1	178
0	33
0	38
0	170
294	719
1	711
0	159
0	496
19	522
0	1
0	12
2	6
2	1
2963	12
96	6
0	0
0	0
0	0
0	0
1	155
454	155
0	379
3	356
9	151
417	2576
33	2558
78	613
21	719
75	237
6	237
7	116
0	0
0	4
0	4
0	4
0	0
0	0
87	142
0	134
3	14
69	2080
0	1864
2	1926
0	1895
0	984
38	8
12	1776
3	482
0	484
1911	724
75	200
0	329
0	170
0	140
1	136
5	43
0	191
0	148
1	70
262	246
50	188
0	32
0	6
0	31
5	22
0	22
0	45
150	21
1	8
0	13
0	0
0	16
1	0
2	2
0	5
0	15
0	62
5	62
0	53
3	0
0	95
0	94
1	90
0	95
3	9
0	93
7	9
0	72
2	78
3	13
0	29
0	20
0	48
0	12
0	29
3	1723
0	1757
0	1646
0	1676
3	0
0	0
46	77
0	191
45	1590
0	80
0	1756
0	249
0	93
13	419
0	778
26	127
3	70
2	187
3	339
0	0
0	0
0	0
0	0
0	0
0	0
0	0
3	0
143	176
0	155
2	139
0	56
0	35
2	58
0	792
0	820
18	624
0	803
0	754
0	803
0	796
2	760
4	92
3	120
0	159
0	123
0	248
0	204
0	91
0	45
0	54
8	0
0	0
0	29
0	48
0	51
0	19
0	28
0	41
0	19
0	6
1	22
0	18
2	22
5	445
14	430
1	149
3	416
0	337
4	22
0	55
842	0
322	249
2	191
0	133
0	109
0	7
0	7
0	7
0	4
0	1
0	7
0	0
0	0
0	0
0	0
0	0
0	15
0	15
0	0
2	13
0	13
0	9
0	1
0	13
422	132
3	132
0	0
0	0
1	0
0	0
0	0
2	84
0	6
0	84
0	27
0	951
0	180
1	885
0	955
0	119
3	69
1	77
12	170
6	99
1	15
0	163
0	181
0	156
11	170
3	95
0	76
0	44
0	38
1	16
6	5
0	61
32	296
0	212
3	146
0	62
4	293
38	1162
0	869
0	17
0	0
0	0
0	0
0	0
2	2039
865	4730
13	1788
27	488
0	1305
7	483
1	847
0	728
11	459
1	1039
567	0
0	0
0	0
0	0
0	0
0	0
0	0
0	0
0	0
16	235
2	23
0	237
0	97
0	28
0	84
5	528
1	518
0	512
7	256
13	183
5	175
0	108
0	45
6	30
66	248
0	251
0	251
1	142
0	224
0	55
4	30
0	0
9	14
0	32
0	128
0	155
356	249
2	249
131	65
0	58
1	40
44	46
0	4
0	0
0	0
0	0
0	4
3	190
0	102
125	200
11	13
0	120
0	54
127	1731
8	1405
9	0
0	137
8	351
0	323
3	108
31	161
10	100
22	2
4	2
0	2
0	1
0	0
82	1533
0	928
0	1524
0	1376
0	1460
0	1524
0	1524
24	725
0	351
11	141
0	0
16	1332
56	314
299	1846
11	2031
0	135
5	0
21	757
0	5
3	1
0	1
0	1
1	1
0	1
0	0
93	33
0	0
0	0
0	0
0	0
0	0
0	0
0	0
0	0
0	0
0	0
0	0
0	0
0	0
39	29
0	18
0	25
5	0
6	0
0	0
0	0
0	0
31	46
0	46
0	0
0	0
0	0
0	0
0	0
0	0
1	0
0	0
0	0
3	0
67	26
0	23
6	23
22	950
57	554
0	972
2	714
4	51
38	115
0	118
0	330
15	144
7	51
24	157
0	0
0	0
9	0
0	260
0	334
0	180
14	254
1	55
5	108
3	87
49	32
0	1394
1	1553
1	258
0	180
0	83
34	2061
6	142
0	70
4	58
1	316
25	30
0	30
0	26
0	28
0	2040
0	0
0	0
8	102
0	99
0	20
3	0
0	106
0	0
0	0
0	229
0	412
0	363
1	1342
0	1373
2	1333
0	98
0	977
0	149
1	174
0	212
2	202
5	235
1	130
3	207
0	187
0	19
7	73
4	99
0	42
0	0
0	0
0	1
0	0
0	1
0	0
0	1
0	1
1	1
0	0
0	0
0	0
0	0
0	0
0	0
0	243
0	247
3	40
0	71
5	93
0	69
0	79
730	1168
29	1141
8	116
0	201
23	5
376	555
31	409
0	131
0	109
2	28
55	9
2	241
4	249
0	36
4	8
0	5587
3	5341
0	5388
1	2058
0	1563
0	1705
11	1336
34	121
61	5411
0	0
328	0
0	1560
2	2638
17	40
3	65
19	2873
78	190
155	113
0	108
6	50
3	94
4	52
0	13
0	7
168	0
0	11
4	11
0	0
0	0
0	0
0	529
0	0
0	71
132	1116
179	631
0	665
6	112
36	0
0	28
0	28
1	16
0	0
0	2
0	18
0	3
0	4
0	0
0	0
1	0
0	1
0	17
0	17
0	7
0	0
0	0
0	915
0	935
6	107
1	723
7	322
0	482
0	645
83	295
3	7
0	7
0	1299
2	109
0	5
0	2
0	12
0	38
4	2
0	6
0	39
0	11
0	34
7	39
7	1
0	0
0	2
0	39
0	4
4	1380
0	1379
0	359
0	310
0	282
1	267
0	89
0	61
0	88
0	95
0	87
2	51
0	90
4	517
0	496
0	493
3	514
7	362
0	3
6	43
0	310
466	911
0	945
4	310
0	920
0	988
0	990
5	475
0	0
0	0
0	0
0	4
0	3
0	3
0	3
1	17
23	17
2	15
0	0
995	6723
39	6633
185	1018
2	5668
25	6350
0	3723
5	4877
0	6841
89	3496
0	1802
0	2077
12	2870
0	2442
0	2978
0	3623
0	0
0	4
0	4
0	4
0	2
0	1
0	2
0	0
0	4
0	0
0	0
0	0
0	0
0	0
0	0
0	0
0	0
8	367
0	119
0	132
0	242
30	22
0	358
0	359
12	81
0	135
1	355
0	70
0	347
34	63
0	285
0	48
0	308
0	307
0	292
4	280
0	25
1	281
5	22
0	68
77	93
0	263
0	266
0	267
0	256
0	275
0	2
0	7
1	8
0	8
0	2
0	2
2	0
0	44
1	44
0	0
0	0
0	0
0	0
0	0
0	0
0	0
0	286
20	115
0	267
6	283
0	281
0	64
0	67
0	131
0	0
0	0
0	0
0	0
0	0
0	0
0	0
0	0
0	10
0	10
0	13
4	10
0	0
0	0
0	22
41	301
0	4
0	62
8	278
0	35
0	38
7	34
23	85
2	66
0	0
0	1
0	1
0	0
0	0
0	0
0	0
0	0
0	0
0	0
0	0
0	0
0	0
0	0
0	488
378	496
1	94
0	8
73	82
2	83
0	82
7	350
0	180
3	38
0	76
777	391
101	219
14	132
0	0
3	517
4	333
24	78
0	0
28	1285
0	1055
0	1288
0	1201
6	92
0	248
1	308
0	137
96	75
11	0
1	0
0	0
0	0
0	0
0	0
0	0
0	0
0	0
0	0
0	0
0	0
41	3
0	0
1	0
0	0
10	638
5	638
2	638
0	210
0	122
0	200
0	208
56	1
127	510
0	0
1	328
8	6
0	2
0	0
0	4
0	4
0	68
0	41
0	67
1	128
0	135
1	61
1	3
10	229
0	229
17	177
0	174
0	0
0	0
48	676
0	708
30	616
0	580
0	624
0	647
0	553
0	299
1	32
0	472
0	106
11	0
9	346
6	44
10	278
0	0
1	35
0	32
442	0
17	0
0	0
2008	2138
53	350
10	1110
0	1784
0	551
0	507
0	229
16	137
0	445
0	0
0	40
0	25
0	40
0	40
0	36
0	36
0	33
1	1
0	35
0	0
0	46
9	46
0	0
0	0
562	61
11	61
1	235
82	328
66	0
8	233
0	1
0	1
0	0
0	0
793	186
0	155
1	83
2	97
0	107
0	100
1	104
0	102
0	102
0	73
0	13
1	12
0	12
0	106
0	0
0	0
0	0
0	0
0	0
0	0
0	0
65	1136
0	202
0	280
0	1137
24	179
0	236
0	258
1	124
0	243
0	116
33	231
0	220
6	47
0	16
0	25
0	38
0	99
0	12
127	170
0	169
66	9
5	47
10	3
0	0
0	0
655	97
0	0
0	0
0	0
0	0
1894	7678
6	7517
5	143
8	202
0	800
28	4639
0	508
0	545
23	392
2	287
0	472
0	0
0	0
155	33
0	33
0	1
0	0
0	1
0	1
0	1
0	1
0	0
0	0
0	0
0	0
0	0
0	0
0	0
0	0
0	0
0	0
0	0
0	0
0	0
0	0
0	0
0	0
0	0
0	0
0	0
0	0
0	0
0	0
0	0
0	10
0	3
0	4
0	10
0	10
0	10
0	10
0	3
0	3
0	1
0	1
0	1
3	0
0	0
0	0
0	2
0	3
0	2
0	0
1	0
0	0
0	0
0	0
5	34
0	34
0	1
0	1
0	1
0	1
0	1
0	0
0	0
46	1010
124	1002
4	237
20	87
0	307
0	131
448	148
2	423
0	226
1	311
0	332
3	104
42	87
0	3
0	3
16	0
0	18
0	17
0	21
0	0
0	4
0	7
0	18
26	1273
0	1107
10	255
12	28
20	0
0	0
9	201
5	0
68	1210
40	1210
10	1534
1	1620
0	1717
0	1279
0	25
3	27
19	52
0	386
0	0
0	0
0	0
0	0
0	626
42	161
12	622
0	71
5	30
0	506
0	26
6	39
2	18
1	1790
4	394
10	356
0	437
0	402
4	125
1	356
0	419
7	0
0	0
130	0
0	3878
1	31
39	55
3	0
0	19
1	8
0	17
0	0
0	0
0	0
0	0
0	0
0	0
0	0
0	0
0	0
51	128
74	128
2	60
0	271
2	229
0	60
4	110
2	134
0	376
27	382
0	31
0	120
0	71
32	147
0	141
3	15
46	127
0	77
1	10
0	39
204	198
3	62
1	117
18	62
0	0
0	0
0	0
0	0
0	0
0	0
0	0
0	0
0	0
0	0
0	0
0	1371
0	1365
0	1331
0	1446
0	319
4	1441
0	1323
0	1192
0	1239
37	149
58	828
4	207
0	0
0	0
121	9182
1	2277
1	91
10	1133
36	9182
95	109
0	109
5	0
0	0
778	161
7	43
0	76
1	0
0	1819
0	1819
103	250
24	31
4	30
0	70
0	249
0	23
3	23
0	210
2	187
1	177
0	174
2	126
2	75
3	65
2	539
0	326
71	539
0	40
0	8
0	40
19	3878
0	0
0	2
0	0
0	0
0	0
0	2
0	0
0	6
0	0
0	6
0	0
0	0
0	1
0	4
198	0
30	11
3	9
0	3
0	4
21	2137
1	2097
6	1015
0	0
0	0
0	0
0	1058
3	366
1	1025
16	272
1	36
0	1159
557	35
2	9215
0	1046
0	277
2247	9506
0	976
43	1232
32	2107
74	239
0	0
0	0
0	0
0	0
0	0
0	0
0	0
3	64
0	60
0	1
42	5
0	0
0	0
0	0
0	0
0	0
0	0
0	0
0	0
0	0
0	0
0	0
0	0
0	0
0	0
0	0
0	0
0	0
0	0
0	0
0	0
3	0
0	0
0	0
0	0
0	0
0	0
0	0
0	0
0	0
10	0
4	3
2	40
0	38
0	38
0	0
1	0
0	0
0	0
0	0
0	840
33	1170
0	43
909	1145
2	1141
4	866
0	20
648	115
4	134
0	24
5	14
746	325
10	281
2	74
0	47
22	43
0	0
0	0
0	0
0	0
0	1
0	1
81	38
0	0
0	0
0	0
0	0
0	0
0	0
0	0
0	0
0	0
0	0
0	0
0	0
0	0
0	0
51	701
11652	27030
18	6069
0	4077
0	9050
13	6414
4	8073
19	5346
2	3000
9464	6569
20	4996
10	1894
24	1803
615	99
18	99
0	23
0	29
22	3
0	25
0	0
0	1
0	2
0	0
1053	0
0	8
0	126
0	139
3	0
0	122
0	0
0	3
0	84
0	84
0	137
0	55
0	7
0	5
0	6
0	116
0	12
0	15
4	14
0	4
0	0
1	3
0	3
1482	1072
23	117
0	728
0	386
1	562
0	1
0	1
0	1
1	121
0	126
2	125
0	127
0	4
0	4
0	10
0	125
191	1039
49	1266
0	103
79	1266
0	136
2014	0
2	1
139	177
0	176
0	175
1	160
0	98
1	38
0	56
0	59
0	58
0	76
3	22
0	37
0	33
0	4
0	1
0	1
0	1
0	1
0	1
0	761
33	61
308	11
1	11
0	126
0	109
0	105
0	102
0	91
0	98
0	75
0	118
9	0
0	28
5	0
11	0
0	612
2	147
0	145
3	164
0	22
0	612
0	0
0	0
0	0
94	700
0	30
0	30
0	1
0	10
17	309
3	312
0	314
1	53
0	1
0	0
0	1
12	79
0	34
4	31
4	60
0	39
0	41
0	70
0	68
0	70
0	70
0	50
0	0
12	617
0	34
8	617
110	174
0	178
0	171
0	141
24	135
1	104
2	110
13	89
0	79
0	74
24	28
0	141
0	0
0	0
0	0
3	0
10	204
0	182
0	166
0	18
0	106
0	101
3	10
2	13
1	19
0	0
0	0
0	6
0	314
71	739
28	11
0	171
0	347
6	24
0	166
3	374
59	2
0	2
0	158
0	161
0	97
26	39
0	13
3	3
0	160
0	8
9	123
0	117
4	65
0	16
0	60
0	10
0	2
0	13
0	13
0	5
0	0
0	155
1	12
0	138
0	92
0	116
0	13
0	77
0	7
0	171
0	170
2	17
0	10
1	14
1	0
1829	224
8	71
18	153
1	131
4	343
0	368
0	345
0	345
0	259
0	163
0	89
0	117
0	54
6	22
0	21
0	292
19	598
0	568
2	294
0	580
8	41
6	62
0	0
0	5418
0	6477
0	6604
17	6230
10	6192
107	424
53	690
0	591
0	646
77	0
9	283
0	204
5	0
0	286
0	145
0	290
0	50
0	310
0	305
3	22
2	61
0	291
0	48
0	47
0	42
1	1
0	20
0	20
0	0
1	0
0	8
0	18
0	17
0	0
0	1
0	4
0	0
18	173
899	173
0	1
388	492
13	492
0	417
1	43
2	43
3	0
0	0
0	0
0	0
0	0
0	0
0	0
0	0
2	0
0	5
0	7
1	7
0	5
0	5
0	0
0	0
0	0
0	2
0	2
0	2
67	77
0	19
0	52
0	49
4	41
18	54
0	12
1	747
11	47
249	339
0	29
20	260
7	151
8	235
25	228
1	38
1	96
0	45
89	90
5	40
0	88
2	63
10	63
3	0
67	65
0	65
1	8
2	30
0	30
0	29
0	30
0	31
0	28
0	29
0	29
0	31
0	30
0	25
0	25
0	7
0	8
0	7
0	157
1	1
0	0
0	0
0	0
0	85
0	85
0	86
0	3
7	14
2	3
7	4
0	52
998	52
4	0
85	0
0	67
0	49
3	58
0	42
9	71
0	4
0	53
0	35
0	31
0	37
0	55
0	25
1	9
0	20
4	24
168	131
2	131
4	0
15	0
1	730
1	739
1	115
0	23
0	114
34	0
0	66
241	27
0	6
0	21
0	0
14	317
0	145
2	317
0	119
1	56
0	149
2	144
9	164
0	4
1	0
0	0
0	0
0	0
0	0
0	0
4	612
2	545
0	678
24	208
0	218
0	356
9	82
0	240
0	238
4	184
10	18
31	580
0	244
84	3
2	491
0	83
6	243
6	402
1	548
767	222
6	222
0	0
0	0
1	4
0	4
0	1
0	0
20	1134
0	1143
5	1177
0	1269
0	629
2	1280
0	0
3	4
0	0
0	4
0	1
0	0
0	0
0	0
0	66
264	118
0	51
1	39
0	0
136	23
1	23
57	97
1	96
26	20
1	0
18	0
5	97
0	97
6	97
0	71
0	0
0	0
60	42
0	0
0	0
0	0
0	0
4	109
0	445
55	360
16	301
25	138
53	224
0	147
0	128
33	205
0	166
4	81
5	0
5	88
6	123
0	53
0	0
0	477
11	467
0	476
0	476
0	10
6	10
0	35
3	78
0	35
0	2
0	34
0	71
0	477
0	0
0	0
0	0
0	0
0	0
0	0
0	0
0	0
0	0
0	0
0	0
0	0
52	700
0	0
0	1
0	1
0	0
33	5
35	348
0	79
5	56
0	347
0	0
0	0
0	0
0	0
0	0
0	1
0	0
0	1
0	0
0	0
0	0
0	0
0	0
0	0
0	0
1	81
1	20
0	78
8	10
5	16
6	81
0	16
0	22
0	2
0	30
0	0
0	6321
189	5217
31	262
6	182
0	759
6	15
0	5146
0	6318
245	98
0	72
0	26
194	45
0	11
0	23
0	11
1	15
3	239
0	235
0	234
0	36
1	12
0	11
111	514
6	433
0	334
0	144
0	116
0	0
0	0
6	611
0	664
0	81
0	25
0	39
0	155
12	501
0	666
7	667
0	671
1	119
0	99
2	12
2	50
5	59
0	38
0	24
0	14
0	12
0	12
6	0
0	28
0	28
1	28
0	1
4	0
763	45
2	45
0	1592
0	746
0	520
0	232
0	494
0	463
0	40
0	47
8	251
0	355
0	349
1	267
13	88
0	184
4	1595
0	0
0	0
0	0
0	0
0	0
0	0
0	0
0	0
0	0
0	1
19	38
1	38
1	0
4	11
4	36
1	61
0	1
0	1
1	0
0	431
43	431
2	431
6	0
0	0
0	0
0	0
0	0
1	315
0	2
1	4
1	1098
0	310
0	361
0	1095
0	1
0	1
0	0
0	0
0	0
0	0
0	0
0	0
0	0
0	0
0	0
0	0
0	0
31	905
2	790
9	74
0	844
41	473
0	64
49	333
2	331
5	89
0	32
2	337
0	306
0	262
0	287
0	172
0	169
0	157
0	149
0	67
9	7
1	71
10	36
18	21
40	0
0	164
0	177
0	0
2	0
0	3
0	3
0	3
0	0
0	456
237	615
0	137
1	49
0	78
0	121
0	105
0	0
0	0
0	0
0	0
0	0
32	7
0	8
0	7
3	8
0	2
0	5
0	0
0	0
0	0
6	0
283	379
0	328
4	293
11	57
3	52
6	0
0	9
0	13
0	15
0	0
0	0
0	0
0	0
0	0
0	0
0	0
418	96
0	87
0	94
0	61
16	622
0	254
1	254
0	249
2	192
77	142
0	249
0	3
0	3
68	700
0	0
0	0
1	0
0	0
0	0
0	0
680	240
10	11
0	229
254	0
0	386
0	374
0	328
0	125
25	172
4	15
11	61
0	21
272	52
0	3
7	31
10	0
0	0
0	3408
22	3151
39	706
0	3373
24	367
40	602
0	0
0	0
0	0
0	0
0	0
0	0
22	11
21	0
0	199
0	11
360	199
1	393
13	365
5	349
0	371
0	13
25	73
2	167
5	18
0	77
0	19
169	1200
2	1191
1	276
140	117
0	146
0	211
0	301
0	291
6	107
31	76
4	17
0	26
69	27
4	27
51	7
9	251
0	255
0	226
0	0
1	234
0	263
6	256
2	162
0	216
6	126
0	43
6	8
5	1
0	34
80	15
10	0
1	0
0	0
0	3
0	12
38	0
3	239
317	334
0	156
11	44
8	95
24	9
1	4
0	1
0	0
0	0
0	0
0	1385
0	1380
0	105
2	185
1	248
1	298
0	80
0	77
3	12
0	1390
0	1385
0	0
0	440
158	440
6	16
9	49
5	388
36	349
10	281
4	185
0	103
19	117
4	117
0	20
0	18
0	10
0	14
0	17
0	0
0	0
0	0
0	0
0	0
54	1008
0	4
2	1024
0	29
0	46
0	6
0	6
0	6
0	4
0	1
0	0
0	0
0	1
0	0
1	717
0	380
12	579
3	728
1	421
0	191
0	0
0	0
0	0
0	0
65	2311
6	1678
41	2
0	1805
3	2147
0	0
0	325
79	1473
0	0
0	0
0	0
0	0
0	0
76	446
0	445
5	145
4	104
0	104
0	61
4	1954
0	1731
0	1694
0	1634
0	1265
0	1598
0	1920
3	1269
0	1424
0	1048
3	932
0	381
6	289
101	190
0	29
0	25
0	15
0	1971
18	733
0	9
0	138
0	113
4	130
10	46
21	38
2	136
0	204
532	1468
1	1177
34	638
0	1362
5	544
0	358
0	631
0	1254
5	356
2	285
0	418
6	298
15	124
0	0
1	0
692	0
1166	0
0	0
74	814
10	814
2	0
0	0
102	3416
0	3258
25	3254
0	3391
1	353
6	195
25	182
0	0
0	0
0	0
0	0
0	1
521	146
0	146
25	0
19	2
268	0
1	201
11	1030
0	62
4	133
31	48
26	191
0	1008
0	1033
356	16515
37	6457
11	8426
38	3067
120	8175
114	4024
0	0
0	0
0	0
0	0
0	1
0	3
0	0
2	1
0	3
0	0
0	0
0	0
0	3
0	3
0	3
0	3
0	3
0	3
0	3
0	3
0	158
0	146
0	146
0	72
1	123
10	0
1	1279
7	823
1	1276
7	683
0	291
0	425
0	498
0	409
0	113
0	228
0	245
0	382
2	30
0	28
0	28
0	21
1	1
0	1
0	4
0	0
0	0
0	0
0	0
0	3
2	10704
2	10701
185	48
0	0
0	0
521	437
22	139
11	139
7	95
0	437
42	38
0	0
0	0
0	0
0	0
8	734
0	701
8	33
213	434
8	78
15	434
4	239
4	0
0	0
0	0
0	0
1	0
2	423
0	657
2	420
0	643
6	52
1	190
0	0
0	3
0	3
0	0
1	0
0	5373
0	5652
3	6427
0	5423
289	5180
2	6069
1	4946
0	5450
0	6155
0	4362
0	3263
0	2265
0	3406
0	3382
0	2333
0	3232
0	2307
426	3295
581	326
237	2220
2	1920
0	0
0	0
0	0
0	0
0	485
0	462
6	140
0	124
41	66
15	8
0	8
0	0
0	0
0	0
0	0
0	0
7	12
2	6
0	0
0	6
0	0
0	1
0	12
0	0
0	0
0	0
0	0
0	0
0	0
0	0
0	80
0	48
449	145
0	84
2	84
2	143
0	0
0	0
0	0
56	4905
19	4529
7	4260
35	785
45	26
0	17
0	13
0	11
3	10
0	6
11	214
0	214
0	48
0	152
3	29
3	95
0	0
0	0
39	43
0	43
0	12
0	3
0	43
0	0
0	0
0	0
0	0
0	0
0	0
0	160
0	160
0	157
3	157
1	11
6	78
0	6
2	5
0	4
0	0
0	0
0	791
0	1015
0	1251
5	65
41	684
4	871
11	108
0	88
3	67
0	1339
1	953
9	268
0	555
0	567
7	213
7	328
4	12
7	12
0	3
0	557
0	1
0	1
1	2719
0	2538
0	527
1	1159
0	2477
0	2462
0	547
0	522
0	838
0	2333
11	350
0	133
1	718
0	59
0	39
4	593
1	440
0	2723
3	188
443	188
618	159
33	159
1	326
0	326
2188	2021
1	14
0	8
217	29
0	21
18	58
3	58
85	8
1	4
0	4
0	4
0	4
0	2
0	196
0	199
0	38
0	195
18	181
71	144
15	144
0	0
0	0
105	482
0	482
8	73
0	164
3651	6214
4	6214
2	934
0	0
0	0
0	0
0	0
0	0
0	0
832	0
873	50
5	737
7	37
0	0
0	0
0	0
0	0
0	20
4	1
0	1
0	5
0	5
0	1
0	20
99	647
0	633
2	477
3	90
0	2
0	2
0	0
0	2
4	892
7	191
0	2
0	2
0	0
0	0
0	0
0	0
0	0
0	0
0	0
0	0
552	1649
0	1619
3	362
4	65
5	93
4	87
0	210
0	266
30	115
10	209
0	265
0	4
0	9
0	0
0	0
39	700
0	0
0	0
12	278
0	51
0	278
0	0
0	0
0	0
0	0
2	0
0	0
0	0
0	0
0	0
0	0
0	0
0	0
30	1839
0	1511
27	1828
0	0
0	0
1	0
33	9
0	9
0	0
114	46
3	2
4	44
10	623
0	1341
0	1022
6	51
0	55
0	13
0	10
0	0
20	2127
0	2308
250	2337
0	791
9	871
1	601
13	320
4	284
6	202
2	52
16	10
0	10
3	0
82	163
0	57
7	0
12	12
0	11
31	20
21	12
1	96
0	0
0	0
0	0
0	0
1	17
0	25
479	25
0	873
1	72
21	873
0	19
35	103
0	0
0	0
0	0
0	0
0	0
0	0
0	0
0	0
0	0
0	0
0	0
1235	3243
3	3243
0	0
0	0
0	0
0	0
0	0
0	0
0	0
0	0
0	0
0	0
0	0
0	0
0	0
0	0
0	0
0	0
601	52
21	44
9	0
0	0
0	0
0	0
0	4
2	4
0	1
0	0
0	0
2	0
0	0
9	0
0	23
0	0
0	0
0	23
4	108
15	771
12	771
38	193
1	18
1	32
1	71
0	39
0	35
61	21
16	21
120	150
0	96
1	31
0	100
0	105
112	223
1	137
9	156
0	0
0	0
0	0
0	0
7	327
13	327
7	337
0	410
2	94
0	26
0	8
78	197
13	1
0	193
1	190
0	186
1	776
30	76
0	1209
3	1240
0	1186
3	136
0	968
3	363
1	295
7	192
13	214
97	699
6	0
0	0
0	0
1	0
104	1166
0	1170
19	90
0	249
25	136
15	14
0	95
0	29
0	6
14	2
0	0
0	0
0	0
0	0
0	0
0	0
0	1
0	1
0	0
0	1
0	0
35	705
0	439
0	108
1	154
0	154
3	197
0	26
0	132
10	124
1	220
0	1
0	1
0	0
0	0
0	0
0	0
0	1
0	750
0	74
6	35
456	910
0	35
4	856
0	71
3	102
3	57
33	71
0	35
2	900
3	90
0	261
8	69
3	95
0	187
0	183
0	164
46	234
0	221
0	217
65	15
0	33
0	25
0	0
1	1
0	0
0	0
0	0
2	2
2	2
0	2
486	682
6	587
21	51
25	50
11	81
48	711
1	0
43	957
607	1382
97	410
0	325
41	425
232	350
0	302
33	35
0	75
0	0
0	0
0	1
0	1
0	1
0	0
0	1
0	0
0	0
0	0
0	0
0	0
0	0
0	0
0	0
0	0
0	0
1	0
0	0
0	0
0	0
0	0
0	0
0	0
0	4
5	9
0	5
0	0
0	0
0	0
0	0
0	0
0	593
0	5
0	593
0	6
217	691
7	683
0	412
0	5
17	98
0	0
0	0
0	0
0	273
0	774
0	763
0	35
2	111
0	65
0	187
44	73
4	36
0	110
1	25
0	232
0	18
0	219
1	4
0	25
0	232
0	12
3	220
0	232
0	29
0	21
0	20
0	117
11	15
0	229
0	0
0	1980
0	1965
0	226
54	58
27	1631
0	131
19	100
2	916
12	425
1	189
0	18
0	15
0	1
5	8
0	0
0	0
0	0
0	0
0	1457
9	1387
13	1362
5	282
2	467
0	15
0	13
5	13
1	19
684	1938
3	1059
6	609
0	0
1	427
76	3804
89	3804
16	219
2	370
37	201
0	300
0	613
0	1468
0	1447
1	60
0	527
3	987
0	682
0	1353
0	1175
0	676
0	498
0	29
0	995
89	26
0	474
0	1032
0	933
20	933
10	5
1	4
0	70
0	48
0	820
2	245
0	1
0	4
0	4
0	0
0	0
0	4
7	794
6	769
0	843
0	845
0	322
0	318
0	155
0	280
0	65
0	153
3	196
5	143
1	103
18	89
0	1
2	16
1	16
5	23
0	23
0	24
0	1
0	1
1	0
0	147
153	361
1	76
0	200
71	360
2	0
5	102
4	31
0	38
12	5
3	41
0	51
0	49
0	45
0	3
0	2
0	3
0	1
1	2
0	5
0	4
0	10
0	1
0	1
4	0
0	200
0	143
0	102
4	200
4	13
0	23
0	21
0	0
0	317
0	346
0	249
0	33
0	24
4	6
1	6
1	25
55	0
4	39
266	39
13	0
0	0
0	0
0	0
0	2
0	2
0	1
0	0
1	2
0	2
0	38
295	921
2	921
1	4
2	166
0	451
0	0
0	0
0	0
0	0
0	0
0	102
0	0
0	0
25	16
1	16
2	15
133	124
8	52
0	30
0	94
0	1
665	35
4	35
101	182
0	175
7	69
8	45
0	0
0	0
0	0
0	0
10	470
34	470
0	53
0	29
0	2
0	11
0	0
0	0
0	4
0	6
0	0
0	3
0	2
0	8
11	374
17	367
0	363
1	33
0	29
12	6
0	0
0	0
0	1
0	1
0	0
1418	330
12	330
0	0
0	0
0	0
0	0
0	0
955	283
0	129
11	283
61	283
4	121
54	144
0	144
0	4
0	3
0	1
0	2
0	1
0	0
0	1
0	0
1	5
0	6
0	5
0	4
0	3
0	2
0	1
0	0
0	2
0	1
0	2
0	1
0	1
0	1
0	0
0	1
0	0
0	6
3	59
0	59
51	195
0	145
10	87
0	0
86	16
4	16
0	352
4	358
0	2
14	2
0	50
1	61
75	224
1	88
0	258
0	53
1	58
0	133
0	106
0	99
31	1506
116	1505
1	68
7	90
1	410
9	142
0	871
0	910
2	132
49	0
0	83
0	1389
121	129
0	291
0	1085
13	58
9	896
0	61
5	42
66	7
1	146
0	127
0	195
0	0
0	0
247	244
10	244
1	61
0	0
0	0
0	122
0	140
2	131
8	93
0	137
0	104
0	30
0	15
0	49
0	17
0	46
0	42
0	8
0	0
149	265
0	145
0	262
28	119
1	0
19	491
0	178
0	476
0	61
1	73
9	322
55	432
0	273
2	267
1	104
11	9
39	159
25	11
0	0
0	0
0	0
52	700
107	0
0	0
0	0
348	461
0	386
5	169
379	79
0	26
0	22
1	27
0	4
2	0
900	890
0	257
0	103
34	434
16	591
0	138
0	145
4	8
12	140
0	92
0	0
0	0
0	0
0	0
0	0
0	0
0	0
0	0
0	1222
1	1311
560	1425
0	1159
0	451
6	226
1	520
1	74
6	122
8	389
0	45
36	1272
0	1272
0	0
0	0
0	0
0	0
0	0
0	0
0	0
0	0
1	2375
1	571
6	455
101	591
0	42
1	2341
2	593
18	200
0	0
0	0
0	0
0	0
0	0
0	0
0	0
0	0
0	0
1	21
1	253
0	258
2	250
0	250
0	14
44	5
0	1066
0	829
0	679
21	2
98	452
0	913
0	9
0	1
0	3
0	1
0	3
0	0
0	0
0	0
0	0
0	0
3	0
0	0
0	0
0	0
0	0
0	0
1087	2685
89	1230
1	438
3	318
54	245
0	4
0	2
0	1
0	4
1	0
0	0
0	1
0	0
0	0
0	0
0	0
0	0
0	0
685	201
86	175
1	196
0	76
0	20
0	20
0	119
3	113
1	18
19	122
61	4
0	66
10	223
0	21
0	23
4	0
1	0
0	0
0	12
0	12
0	0
73	3052
3065	3066
39	242
0	0
0	0
0	0
0	0
0	0
0	0
2	743
1	34
21	107
0	201
0	743
0	26
0	24
0	26
0	25
0	15
0	10
2	20
0	12
0	8
7	14
0	7
4	27
4557	27
0	1
0	1
0	0
5	0
92	20
0	20
0	6
1	1
0	0
0	0
0	0
0	0
414	1153
0	553
1	252
5	254
2	81
46	438
0	291
1	53
0	2
0	2
0	75
0	61
0	12
0	26
1	108
3	100
0	37
32	105
0	100
4	14
0	77
0	0
1	293
0	301
0	60
0	62
2	81
0	1
0	0
0	0
0	0
0	0
0	0
0	0
0	0
0	0
0	0
0	0
0	0
81	847
9	847
0	117
0	26
0	0
0	0
0	0
6	179
8	179
841	632
16	632
29	752
6	1082
1	911
0	844
0	373
0	158
7	0
10	1065
0	0
0	0
0	0
0	0
0	0
0	0
0	0
0	0
0	0
0	0
0	0
0	0
0	0
0	0
0	0
0	0
0	0
0	0
0	0
0	0
0	0
0	0
0	0
0	0
0	0
31	3061
0	3040
8	1206
1	897
74	1643
0	1434
0	1027
3	971
0	733
0	619
0	497
84	37
0	32
7	0
0	0
0	0
0	0
0	0
0	0
0	0
0	0
0	0
0	0
0	0
0	0
2	79
0	76
0	24
0	22
0	25
4	26
0	13
0	18
0	60
0	60
3	2583
0	948
6	2108
4	94
8	1166
62	45
1	153
20	617
57	432
0	115
0	2461
0	0
12	547
10	58
0	434
0	371
1	325
0	329
0	479
5	343
0	3
0	3
0	3
0	0
0	0
0	138
0	42
0	137
0	138
0	30
0	66
0	21
0	62
0	46
0	29
0	65
0	45
0	6
2	1
501	20
0	163
0	381
0	399
1	372
2	246
0	266
1	165
4	226
8	31
25	133
4	23
2	29
13	175
0	0
0	168
0	149
0	76
0	0
4	0
342	0
0	0
0	0
0	0
0	0
384	361
0	361
3	83
15	208
1	123
0	0
8	5
0	0
0	0
0	561
0	543
0	516
0	253
19	18
0	116
0	225
19	30
1	107
0	0
0	0
0	0
0	0
0	0
0	0
0	3
2	3
0	0
0	1
0	0
10	1033
23	1006
19	972
29	21
97	491
0	5
88	0
1	6
0	7
0	1
0	0
0	0
0	0
0	0
0	0
0	0
0	0
89	0
4	0
25	551
2	551
3	28
7	193
0	68
0	86
2	15
0	89
0	0
0	0
859	0
0	0
0	0
0	0
0	0
0	0
0	0
472	0
0	0
0	244
6	231
0	243
11	224
0	25
97	174
7	8
44	53
12	49
0	21
37	27
31	21
50	9
0	8
38	1270
33	1270
0	144
19	141
0	118
3	76
1	125
0	125
0	24
1	11
8	752
16	53
203	92
0	74
4	18
16	0
0	0
344	38
0	38
0	29
0	16
0	0
0	0
0	0
0	0
0	237
0	113
0	53
0	0
0	0
0	0
12	155
5	306
13	296
0	296
0	296
0	235
0	54
7	14
0	86
0	128
0	53
0	0
0	0
0	0
0	139
0	139
0	0
0	500
5	149
0	63
1	61
77	106
3	500
9	206
310	806
2	365
43	593
6	310
0	380
0	36
5	38
4	4
0	61
0	60
0	27
0	54
0	39
2	0
2	4
0	2
13	36
6	2
540	425
0	132
0	213
16	408
24	142
0	136
0	177
0	10
0	296
0	0
208	218
0	201
0	15
0	7
25	134
76	161
1	7
4	545
0	0
0	396
22	1472
0	1472
5	465
3	56
0	383
9	125
762	0
0	0
0	0
0	0
0	0
0	0
0	0
0	23
0	5
0	2
0	23
0	0
0	3
0	3
0	2
0	0
0	0
602	0
4	0
39	114
0	11
6	49
1	35
2	18
12	279
1	277
0	41
0	19
0	37
0	26
0	33
0	40
0	0
0	1
0	0
0	1
0	0
0	1
0	1
3	0
0	1
0	0
0	1
0	0
0	0
0	0
0	762
0	55
0	88
29	142
0	0
3	468
8	3218
12	727
44	1420
21	201
0	642
1	3074
0	65
0	2995
22	331
25	752
139	659
150	675
0	26
0	26
3200	1089
4	1089
54	635
1	635
2	131
4	62
4	88
0	133
0	83
0	89
31	18
260	61
44	61
2	119
28	891
0	914
0	434
0	164
0	231
6	234
0	3
0	3
0	1
14	130
26	149
9	44
8	104
0	0
0	0
0	0
0	0
0	0
0	0
740	494
0	494
18	0
2	0
0	0
0	0
20	304
0	8
0	289
7	274
5	39
0	188
1	30
12	275
0	21
23	218
0	217
0	220
0	70
0	18
0	78
0	23
0	51
1	27
0	21
0	20
0	20
0	15
0	9
1	0
0	0
0	0
2	419
0	418
2	419
0	154
2	116
2	15
0	68
0	34
0	109
0	134
0	54
0	421
0	0
9	1
0	0
0	0
0	1
1	0
0	0
1	0
0	0
443	118
25	80
10	89
1	28
1	0
0	0
0	0
0	79
1	22
1	73
0	73
0	176
4	179
0	102
0	12
7	3
0	178
0	338
0	359
2	52
7	344
2	47
0	94
47	162
1	94
0	64
29	1277
0	1064
14	216
1	1753
4	1756
0	1757
0	125
3	92
1	34
0	1725
0	1367
0	7
36	7
0	0
0	0
0	0
0	0
0	0
0	328
10	182
0	118
3	326
0	209
0	0
0	0
0	1783
0	1447
0	1433
0	1092
0	388
0	1045
0	1075
0	703
59	0
0	463
3	288
11	215
0	1774
0	7
0	0
0	0
0	0
0	0
0	7
0	7
0	0
0	0
0	0
0	0
0	3
107	2545
29	2487
5	2457
0	2174
0	1431
22	1393
5	250
0	45
4	243
11	0
40	250
7	1
0	1
0	1
0	1
167	366
21	110
2	0
0	29
24	2
2	245
0	0
0	0
1	0
70	360
6	156
2	164
1	35
11	0
238	0
0	0
0	0
48	209
9	164
0	54
11	27
2	15
0	715
0	1
3	81
0	75
0	80
10	172
1	61
0	13
0	4
181	211
0	56
0	186
1	8
0	45
0	124
0	57
0	179
0	114
0	31
6	31
11	37
0	25
7	43
3	9
6	27
18	0
10	0
0	0
0	0
0	0
0	0
0	0
0	0
0	0
0	0
0	0
21	33
0	21
0	4
0	8
34	743
0	733
1	150
0	20
1	22
0	91
2	86
3	43
233	218
5	92
20	126
13	196
9	187
11	193
0	184
283	541
8	72
0	514
1	62
8	30
0	0
0	0
0	0
0	0
0	213
0	93
1	11
0	22
2	212
1	92
5	99
0	0
1	0
0	0
0	0
0	577
0	16
1	544
1	115
3	19
0	0
0	0
0	0
0	0
5	121
0	71
1	25
0	116
755	1804
52	1573
1	1240
0	174
13	38
56	36
4769	0
2	47
17	126
0	126
0	110
0	32
0	62
79	34
2	44
0	10
54	700
4	0
0	0
0	4237
0	605
0	434
3	48
13	355
0	197
89	17
0	4292
0	0
5	4
0	4
0	0
0	0
0	0
0	0
0	0
0	407
1250	375
34	217
134	67
4	47
0	20
12	1093
23	1081
7	992
0	266
6	258
11	12
0	12
45	288
0	272
0	69
10	112
0	95
0	0
6	1
0	1
0	5
0	5
0	0
361	1462
12	196
0	194
53	368
2	174
11	63
5	342
38	804
0	145
0	83
0	404
1	110
0	390
4	38
54	312
22	303
0	50
0	138
42	76
207	136
22	5
1	135
2	19
451	223
0	144
0	84
0	152
3	79
11	9
7	721
37	1128
0	1136
0	197
0	946
1	109
1	9
0	253
0	24
0	73
0	0
218	240
1	111
10	227
0	205
10	97
0	22
0	11
0	11
0	5
0	5
0	5
0	4
0	0
5	10
0	11
0	6
0	7
0	0
1	2674
0	336
3	2367
14	45
0	2393
24	656
37	209
0	209
13	28
0	79
0	33
11	31
6	1
0	1
0	0
0	0
0	1
0	0
0	0
0	0
0	1
3	88
1	59
0	52
4	30
1	3
0	3
1366	348
80	26
0	381
0	48
0	106
0	103
0	97
0	96
0	67
0	90
0	47
0	51
0	45
0	45
0	83
0	0
1140	1645
5	1645
0	1481
4	1288
0	0
0	0
0	0
0	0
0	0
0	0
0	0
0	0
0	0
0	0
0	0
0	0
0	3655
1	3657
5	1367
5	2222
27	652
13	33
0	719
0	6
1	6
0	3
0	1
393	0
0	1
0	1
0	1
0	0
0	0
0	0
0	0
0	0
65	60
0	22
0	43
436	47
5	47
0	1
0	1
0	1
0	1
0	2
0	0
0	0
7	1068
0	1053
0	592
0	968
0	575
0	561
2	967
0	967
2	38
55	910
8	867
0	292
0	0
9	233
0	237
0	223
0	0
0	0
0	0
0	0
0	0
0	0
0	0
0	0
0	0
21	121
1	121
10	4
0	10
0	0
0	311
3	221
0	186
35	187
8	114
1	19
0	35
0	315
0	15
2	52
6	1
0	28
1	14
0	5
0	0
0	4
0	14
0	6
0	6
0	12
0	9
0	4
0	53
0	0
0	0
0	0
155	40
0	19
0	21
0	20
2	4
15	3
134	53
0	40
320	801
1	621
20	450
14	688
0	95
0	653
1	77
0	1727
8	1761
0	225
1	159
0	72
1	140
0	73
0	0
0	0
0	0
0	0
0	552
0	20
0	517
0	215
9	429
0	424
4	504
1	116
4	195
0	142
0	200
0	0
0	0
0	0
0	0
0	0
0	0
0	0
5	95
0	73
81	705
70	682
3	170
0	158
0	137
9	79
1	58
0	45
0	20
0	28
232	555
3	267
12	296
0	306
17	59
0	14
0	12
3	139
0	46
3	140
16	140
2	1
0	1
0	1
0	0
0	415
5	3
1	415
0	60
0	358
0	158
0	316
45	91
0	282
0	282
0	135
22	94
4	0
9	0
1	43
9	18
0	30
0	267
979	1208
20	836
0	1138
5	48
0	37
0	276
4	39
0	354
524	1113
3	146
4	591
0	949
24	0
0	0
0	0
0	0
0	0
282	941
6	941
3	897
0	150
0	14
0	14
0	11
0	14
0	8
0	0
0	14
0	0
0	11
0	4206
0	4544
0	382
0	980
10	552
2	99
0	468
59	518
0	462
1	505
23	369
37	16
200	1757
0	41
0	679
5	1522
0	1254
4	330
1	687
13	353
105	163
0	281
1	128
0	16
0	0
0	0
1	0
0	13
0	13
0	13
0	2
0	1
0	11
0	2
0	0
0	0
0	0
0	4
51	0
0	0
520	108
0	108
2	741
1	808
0	951
8	1022
0	1030
0	979
0	0
33	238
46	266
44	16
0	48
0	32
0	59
0	74
0	10
1	10
0	0
0	0
0	0
0	0
0	0
0	0
0	0
0	0
1088	10638
55	985
0	10634
659	61
0	28
15	18
0	36
0	0
0	0
0	0
0	0
0	0
0	0
0	0
0	0
0	0
0	0
39	155
0	43
0	131
1	32
20	15
0	22
0	0
3	0
1	0
0	0
0	0
0	0
0	0
0	0
0	0
0	0
7027	2478
18	887
7	600
21	71
5	892
0	0
1400	924
3	856
0	295
41	398
0	149
1	221
0	43
3	264
12	37
1	41
0	21
0	0
0	0
0	0
0	0
0	0
0	0
0	0
1	0
0	0
0	13
0	3
0	2
0	0
0	2
0	0
0	2
0	0
0	2
0	2
0	2
0	2
0	0
0	0
0	0
910	8002
0	5877
56	494
1	468
2	165
1	79
1	27
0	0
114	6
0	6
5	0
0	0
0	0
0	0
0	332
0	296
78	106
0	36
4	20
16	36
2	8
6	6
0	1
0	8
0	476
78	507
0	33
0	19
1	425
0	116
765	954
8	954
2	329
1	31
0	226
2	153
0	252
2	216
10	73
0	78
0	76
0	18
0	27
5	11
0	30
0	29
0	0
0	46
1	76
0	59
0	5
9	0
0	10
0	47
0	21
0	19
9	55
0	78
0	3
0	3
0	2
359	0
0	1707
1	20
5	21
17	418
30	1564
3	7
0	6
47	115
27	81
0	1696
611	1384
0	1384
0	0
0	0
153	388
4	0
1	388
10	95
2	162
19	10
175	198
25	45
0	195
0	0
0	0
0	1
0	1
0	1
0	1
0	1
0	0
0	0
110	0
683	270
51	227
541	2
5	1
0	0
7	121
24	49
0	66
0	52
1	93
0	76
1	70
106	75
1	79
1	58
0	57
0	35
0	57
14	173
0	169
3	32
21	0
0	135
199	140
8	202
3	191
3	17
0	178
41	169
0	13
0	39
0	68
0	21
0	14
1	9
0	0
0	0
21	43
4	43
1	44
0	43
0	32
0	2
2	0
0	0
2	32
10	0
2357	4376
4	3438
12	946
9	658
0	0
11	0
10	0
0	0
0	0
0	0
0	0
0	0
0	0
0	0
0	0
1	377
13	388
0	189
18	54
0	32
0	35
0	0
0	0
0	0
0	0
799	45
0	45
0	0
0	0
0	0
0	0
0	0
3	2845
73	2626
0	2
0	1483
12	257
1	510
0	677
27	1264
0	967
15	2796
0	0
0	11
0	11
0	20
0	20
0	24
1	20
0	13
0	8
13	11
0	0
0	0
0	0
0	0
1	65
8	284
0	27
0	27
238	284
0	0
0	0
0	0
0	0
4305	397
131	489
0	0
0	0
0	0
0	0
43	113
0	113
0	0
3	158
0	145
0	169
3	61
0	30
1	30
3	41
0	0
0	0
0	0
0	0
0	0
0	0
0	0
0	0
0	0
0	0
0	0
0	0
0	0
0	531
1	531
7	49
111	73
0	21
0	0
0	1
1	1
0	1
0	0
0	1
0	0
0	11
0	10
7	11
0	1
0	4
0	4
0	3
3	11
0	0
0	0
0	0
0	0
0	0
0	0
0	0
0	0
0	0
0	0
0	0
0	0
0	0
20	2
3	2
1	0
6	157
0	16
0	155
0	20
0	6
82	1474
2	1474
11	789
0	1
0	1
0	0
0	0
0	1
14	579
2	731
0	568
24	629
0	616
0	562
6	22
0	209
2	16
5	62
0	73
1	105
0	87
0	457
0	404
0	71
0	100
31	191
0	108
53	72
3	61
12	505
0	486
0	481
0	469
15	498
2	495
0	26
0	80
0	83
2	35
8	41
0	3
36	0
0	505
0	600
18	23
0	123
0	512
0	470
0	305
0	256
0	556
0	243
2	244
1	213
3	87
0	67
0	53
0	54
0	1
3	3
0	53
0	54
0	53
15	74
138	87
0	13
1	89
0	71
5	82
44	0
0	86
1	42
0	81
0	86
0	23
0	23
1	37
0	13
0	10
2	5
0	0
0	0
0	0
1	15
0	2
0	17
0	18
0	19
2	18
0	16
0	5
3	2
6	2132
419	2132
3	1210
0	0
0	37
0	0
6	37
0	1
0	1
2	26
7	27
9	28
37	37
0	38
0	21
0	30
121	218
0	218
0	0
0	0
0	0
0	0
0	0
0	0
0	0
0	0
0	0
0	1
0	1
0	1
0	1
0	1
0	1
0	0
0	0
0	1
0	0
0	0
0	1
0	0
0	1
0	1
0	0
0	1
0	0
0	0
0	0
0	0
0	1
0	0
0	0
0	0
0	1
0	1
0	1
0	1
0	1
0	0
0	0
0	0
0	0
0	1
9	658
0	549
11	154
57	655
0	0
0	0
0	0
0	0
3	309
1	309
0	302
6	302
8	0
6	170
0	59
29	406
8	406
11	42
0	89
16	44
32	1
0	0
0	0
0	0
1	0
3	37
0	0
0	129
0	132
3	127
0	12
0	23
0	109
0	3
0	107
0	12
0	9
0	19
1	9
0	6
0	0
0	4
0	3
0	129
0	129
3	319
0	317
0	319
0	8
0	322
0	42
9	6
0	70
0	1142
0	1106
0	1103
5	1125
51	1086
0	1083
0	74
0	1116
0	1113
0	1054
88	1001
5	28
0	73
5	5
0	5
0	72
1	82
1	0
0	34
1	435
0	105
6	312
84	45
0	393
0	1
0	132
0	197
0	371
3	23
1	91
20	7
2	44
1	40
0	73
0	31
0	29
0	143
7	54
0	122
5	91
4	45
233	161
0	161
0	0
0	0
466	0
0	6
3	5
5	3
16	6
0	1066
1	926
29	470
3	196
20	833
5	96
6	233
36	861
0	0
1242	0
0	60
0	58
1	57
0	10
0	36
0	68
0	66
0	19
3	19
0	28
2	19
0	31
18	31
1	22
2	18
3	3
0	3
0	3
0	3
2	3
0	4
0	562
0	641
0	396
57	615
0	557
0	558
0	133
11	561
0	372
0	311
11	35
28	51
0	52
1	69
28	443
5	443
1	42
0	64
8	34
14	9
0	0
0	0
176	3441
11	3441
42	85
2	231
0	239
1	129
14	242
10	341
1	506
0	420
5	1543
2	936
46	179
0	179
7	4
0	0
0	0
0	0
0	0
0	0
0	0
0	0
0	0
0	0
0	0
0	0
0	80
0	81
0	81
0	22
0	8
0	1
0	6
0	5
135	327
0	325
0	1
8	2
0	5
29	7
0	4
0	0
0	0
0	0
0	4
0	4
0	1
0	0
12	818
0	844
0	869
0	64
0	183
24	733
2	0
2	322
1	318
0	303
1	176
0	163
1	160
0	125
2	46
0	32
0	0
1	9
0	9
0	0
0	2
0	0
0	0
89	0
4	0
0	0
0	83
0	5
0	83
0	38
1	8
0	0
0	8
170	359
3	75
16	410
1	410
1	54
0	8
0	71
11	60
0	423
0	0
1	4
0	51
0	408
0	32
0	408
8	25
1	50
2	44
30	9
1	47
0	72
0	95
35	147
2	48
0	22
0	3
2	928
36	972
0	0
0	0
0	0
0	0
2220	182
16	73
1	177
2	162
0	87
29	521
40	533
0	522
0	437
0	80
220	0
863	442
2	442
63	12
0	12
0	2078
16	2189
12	419
0	1605
8	895
11	602
0	409
4	566
0	582
0	90
0	371
1	409
7	346
5	93
0	53
7	47
0	70
0	0
0	0
6	0
0	112
0	61
0	13
0	14
0	13
0	14
0	83
1	37
2868	3115
0	495
20	1404
5	426
0	472
1	385
71	191
53	13
0	78
1	29
0	29
0	26
1	201
1	221
1	38
0	219
0	16
0	0
108	30
1	3
3	7
2	27
0	0
3247	0
0	0
0	0
0	0
0	0
0	0
0	0
0	0
0	0
0	879
0	81
4	0
0	23
7	45
0	879
42	7123
41	53
0	4686
31	6342
0	486
0	6672
43	2728
2	0
70	333
11	30
50	170
0	52
0	331
0	0
0	73
22	586
1	584
0	145
1	583
0	377
0	77
3	77
1	32
0	2
0	0
0	8
0	5
115	509
27	90
3	419
0	0
0	0
0	0
0	0
0	0
0	0
1392	288
3	270
55	18
0	2
0	0
0	0
0	2
1	110
0	98
0	103
0	11
0	11
1	9
0	0
0	24
0	1
1	62
0	26
0	110
14	218
0	227
0	163
0	208
4	175
0	10
3	1
0	0
0	0
0	0
0	0
0	50
0	50
0	48
0	50
0	49
1	9
0	25
0	27
1	26
8	21
0	10
0	1
0	0
0	0
0	0
0	51
0	1713
864	1713
93	266
1	1353
0	174
16	170
2	85
0	2032
0	2060
0	424
13	559
0	2112
86	424
1	539
0	149
193	244
0	0
0	2112
0	300
0	560
2	0
21	557
3	34
29	260
0	13
0	247
0	0
0	0
0	0
0	0
0	0
0	0
0	0
0	0
0	0
0	0
0	0
0	0
0	280
7	6
5	269
0	280
2	35
1	12
0	2
2	0
6	39
0	0
0	10
0	5
1	17
0	16
0	9
51	163
0	127
0	45
0	4
394	797
117	85
1	58
0	712
0	39
0	160
0	359
1	221
30	148
0	0
0	0
0	0
0	481
2	145
6	378
1	287
0	149
0	152
0	163
0	102
16	16
0	57
3	8
0	6
0	6
0	6
0	4
0	0
0	0
0	0
0	0
0	0
0	84
309	84
0	31
0	31
0	14
1	3
16	206
0	152
2	205
0	219
0	81
5	4
0	45
10	1
3	11
0	3
0	13
3	1
124	100
3	6
0	30
0	2
0	45
0	24
0	13
0	13
0	6
1	0
0	1
0	0
0	2
0	1
2	1
4	2
0	2
0	1
0	0
0	1
10	0
0	0
0	6
0	36
1	207
32	333
0	203
0	385
1	0
0	5224
0	4908
0	4761
0	5114
0	4967
8	5152
1	5080
14	2163
3	178
0	648
0	330
10	231
21	1308
0	148
0	770
9	642
0	260
374	56
0	34
0	22
0	15
0	5
0	5
14	468
0	443
0	468
0	225
72	178
0	196
0	199
4	151
3	38
92	58
3	59
8	1
0	224
0	224
0	0
4	372
0	329
14	127
0	5
7	213
1	148
2	93
0	52
0	82
641	304
41	0
52	50
0	35
0	11
0	12
0	0
0	0
0	0
0	1
0	3
0	3
0	0
0	0
286	1253
1	360
0	275
0	230
2	798
1	696
3	713
0	408
0	495
0	601
20	315
45	354
1	229
831	1873
0	1707
0	514
64	0
0	152
87	0
3	13
674	735
89	735
0	0
0	0
0	0
0	0
0	0
1	1056
0	1101
0	721
0	355
4	253
0	260
99	580
0	531
0	556
0	507
1	422
14	109
0	163
0	56
5	176
13	0
0	0
0	1
3	1
20	831
0	540
0	587
14	357
0	273
0	200
35	217
10	49
0	1
0	1
0	406
0	517
0	182
10	144
0	65
3	0
1	1
0	568
0	252
52	10
77	12
0	51
41	328
127	1199
0	1104
0	1078
0	1069
1	1066
1	0
0	0
0	0
0	2
12	2
0	0
0	0
0	0
0	0
0	0
0	0
170	12
0	12
0	67
9	632
4	633
0	102
0	182
0	172
3	52
1	128
4	159
0	52
0	283
0	73
0	0
0	0
0	0
0	0
0	0
0	0
0	0
0	0
1	0
1	0
0	0
0	0
0	732
0	794
0	10053
0	9962
0	6384
1	9425
0	5873
0	6027
0	947
0	695
0	10124
3	2459
0	806
0	10221
0	675
5	10062
0	720
3	845
4	9040
0	734
13	373
2	344
0	502
17	200
0	10175
1	1095
15	1094
0	1095
7	1119
0	76
0	51
0	73
10	24
10	5
1	817
0	317
4	853
10	98
0	37
25	37
33	469
0	133
0	948
16	0
8	640
5	283
0	0
1207	296
0	161
1	214
0	96
2	2418
0	2420
7	2375
1	125
0	2379
3	305
2	236
0	2403
0	1263
15	1190
1	123
2	1152
0	85
0	105
0	262
0	305
0	281
1	216
0	0
0	0
0	0
0	0
0	1
0	88
1	1
0	88
0	445
0	380
0	221
0	372
0	500
0	68
0	543
0	397
0	120
4	90
5	182
0	114
0	131
0	67
0	59
0	1165
0	1124
0	1104
0	1105
0	1060
1	1103
0	1068
0	1031
1	120
4	86
1	144
1	202
0	1145
1378	225
46	0
1	20
1	0
0	3
9	93
21	110
1	1
1	133
0	13
0	81
0	0
3	130
0	51
0	124
4	17
0	25
0	20
0	1
0	0
0	0
0	0
0	0
0	1
10	26
0	22
0	20
1	15
0	15
1	17
0	743
24	768
0	557
2	415
0	200
8	26
0	17
0	24
0	4
0	0
0	2
0	0
0	0
0	0
0	0
0	0
0	0
0	0
0	0
0	0
0	0
3	262
14	262
3	134
12	256
0	189
0	114
0	27
0	3
0	0
83	272
0	274
0	271
4	13
0	3
0	61
0	63
0	58
4	22
0	1
0	56
3	57
0	58
1	0
0	6
7	5
0	7
0	12
0	6
0	0
7	770
0	323
7	48
0	44
0	774
12	8
0	0
0	8
2240	1925
8	1925
1	635
0	205
18	351
2	38
0	35
48	26
7	7
0	12
5	147
0	124
0	23
0	63
0	0
0	0
0	0
0	0
0	0
0	0
0	0
0	0
0	0
0	0
0	0
0	0
0	0
0	0
0	11
4	37
1	39
0	39
0	5
0	1
0	12
0	9
0	4
2177	555
52	0
1	408
67	67
0	69
0	55
0	39
0	10
0	10
1	10
1	8
1	0
0	2
256	0
1235	126
1	126
1	270
2	267
3	264
0	25
0	26
1	201
3	26
2	13
2	0
0	0
4	354
14	30
0	356
4	32
0	71
2	14
197	580
0	513
14	514
0	403
0	59
61	36
66	186
54	39
1	17
0	186
0	0
0	0
0	0
0	0
0	0
11	7
0	7
0	7
0	6
0	4
65	24
49	134
66	134
0	24
2	47
1	26
4	19
0	0
0	0
2	22
3	22
8	7
0	6
2	0
0	0
148	89
0	23
7	69
0	59
7	28
0	12
0	120
89	120
16	118
2	7
4	22
0	2
0	2
0	2
0	2
0	0
0	2
0	2
0	2
0	2
70	133
0	126
0	4
307	83
0	76
0	54
137	4586
1	3695
14	204
10	535
107	3391
4	1052
2	1175
7	878
0	0
0	0
0	0
0	0
0	0
0	2
0	2
0	0
0	0
0	0
0	2
0	580
5	575
5	575
1	581
0	11
0	0
0	1
0	1
0	0
252	1067
0	444
44	0
41	0
0	623
3	127
0	153
18	616
50	149
0	310
0	629
0	616
0	609
0	188
4	58
17	4
150	69
0	0
0	0
0	0
0	0
0	0
0	0
2	0
0	0
1	1
0	4
0	0
0	1
0	0
0	1
0	1
0	3
0	4
0	12
1	10
0	12
1	698
7	698
1	365
1	315
1	301
0	164
0	125
0	367
0	851
0	570
1	477
6	5
0	849
0	0
9	46
8	28
4	27
2	32
0	17
0	2
30	26
0	4
4	27
6	811
0	393
0	219
6	61
5	802
16	803
1	803
0	17
12074	14290
104	6354
41	6953
0	0
0	1570
0	504
0	662
0	1598
0	1581
1	319
0	1575
18	78
5	269
0	1576
0	1570
0	1594
43	0
0	0
0	0
3	1
0	1
0	0
0	0
0	414
1	414
0	67
2	0
134	960
0	1095
0	1079
1	1025
0	1081
0	998
0	893
0	929
0	773
0	238
0	419
0	11
0	0
101	967
4	170
0	865
0	962
9	570
1	102
4	58
1	38
1	52
0	1
0	176
0	172
15	176
0	73
0	29
0	0
0	0
0	0
0	244
0	87
29	248
0	90
0	718
11	543
13	606
0	692
0	0
5221	0
0	0
1	7
6	68
0	61
3	0
13	448
0	410
61	561
0	263
0	131
1	135
0	5
0	5
0	5
0	0
0	0
0	0
3	0
0	0
301	0
0	0
0	0
0	0
0	0
0	0
0	0
0	0
0	0
0	0
0	0
0	0
0	0
0	0
0	0
0	0
0	0
0	0
0	0
0	0
0	0
228	99
0	36
1	71
0	0
0	0
183	0
9	0
0	0
0	115
0	110
0	115
1	106
0	10
0	0
0	0
0	0
0	0
0	864
0	805
0	850
0	843
0	839
22	818
3	799
0	790
2	78
2	629
0	42
0	400
35	206
0	161
0	149
8	76
64	48
0	16
4	36
0	10
15	6
0	6
34	7
29	3
0	6
0	6
0	36
0	0
2	0
0	0
0	0
0	0
0	0
0	0
0	0
0	0
0	0
0	0
0	0
0	0
0	0
0	0
0	0
0	0
0	0
0	0
0	0
0	0
0	0
1	0
228	155
0	139
0	106
0	1
0	0
1	12
0	12
2	1
0	1
0	0
0	0
0	3
0	5
0	0
0	0
0	0
1	261
0	517
0	513
190	0
21	357
0	357
0	0
0	0
970	0
0	0
0	0
0	0
0	0
2	21
0	9
0	20
0	17
0	3
0	21
0	421
264	0
0	552
1	315
0	277
0	280
0	296
0	275
0	282
0	335
0	333
0	63
0	16
2	38
0	71
5	50
14	35
3	1027
0	291
0	1027
0	381
0	0
0	0
0	0
0	0
0	0
0	0
0	463
0	0
4606	1864
3	333
0	723
2	141
0	857
0	0
0	0
118	1162
6	1162
4	1295
0	424
0	41
0	412
2	90
0	51
12	1237
0	235
16	153
10	12
13	106
25	106
0	162
1	176
2	117
0	0
0	0
4	3
0	3
0	0
0	157
0	158
0	157
0	157
0	60
1	66
0	1
131	231
0	126
0	70
3	141
1091	2266
1	1805
0	818
13	482
0	0
1	77
0	0
0	76
0	2298
0	5
0	8
0	3
0	0
0	0
0	0
2	0
0	0
0	1296
45	623
3	863
0	1096
0	1097
0	439
0	438
0	1540
0	205
0	121
0	159
0	1534
3	2
0	2
0	0
0	0
0	0
0	3
0	3
0	3
0	1
0	0
0	0
0	1
1	1
0	0
2	97
39	222
218	1828
79	1733
0	256
0	570
10	1072
4	415
0	98
0	210
0	33
79	211
2	22
0	22
0	19
0	17
0	31
2	121
0	11
1	11
1	11
2	10
58	18
0	0
0	0
0	0
0	0
0	0
335	411
13	289
1	343
0	148
0	108
0	105
0	28
77	0
15	148
3197	3639
1	3505
4	3447
1	896
3	893
1	146
11	0
0	0
47	144
4	53
3	141
0	24
1	22
1	55
8	49
1	44
2	11
1	0
0	0
2647	445
1	92
10	111
0	125
0	20
9	108
10	9
0	263
0	0
0	1992
0	1993
1	1992
20	1992
38	1805
2	220
1	57
1	56
33	0
6	288
0	836
16	301
0	126
4	30
13	817
30	53
3	46
0	20
0	0
0	0
0	0
0	0
0	0
0	0
0	0
0	0
30	565
19	268
16	292
19	99
46	18
0	0
0	0
1	62
0	55
0	53
0	33
0	86
2	62
7	32
7535	3143
1	555
83	94
53	2493
77	1966
0	742
1	176
139	107
260	515
82	59
1	372
0	143
0	0
0	0
51	162
0	103
0	117
0	150
0	104
0	0
0	0
8	0
0	0
0	0
133	484
17	484
5	12
0	0
0	0
0	314
0	1720
216	1816
128	410
4	217
0	88
0	0
0	1
0	74
2	53
3	8
0	0
0	2
0	74
2176	111
0	111
3	731
1	639
0	172
0	126
0	156
0	69
7	10
0	727
0	2387
0	2419
3	460
0	1409
64	18
110	493
0	731
0	286
12	11
3	690
13	644
0	460
47	3
0	5
0	4
0	4
0	5
2	0
2	1
0	1
0	5
0	0
0	0
0	0
4	154
0	153
2	36
0	147
0	12
20	65
0	45
0	138
0	0
0	0
0	0
3	236
6	236
5	0
12	631
3	349
5	0
8	76
1	3
1	73
0	0
0	0
0	0
65	0
0	0
0	0
0	0
1	0
0	74
0	0
0	0
0	0
0	0
0	0
4	143
0	129
6	128
3	112
0	23
3	3
0	3
0	0
0	152
6	129
8	152
0	49
0	73
5	17
0	33
0	10
0	10
2	0
6	15
0	11
859	1252
13	1061
4	764
0	2
0	2
0	1
0	1
0	1
0	0
0	0
0	0
1	0
0	0
0	0
0	0
0	3433
8	991
0	935
13	770
0	965
63	18
0	6
0	18
8	11
0	0
0	0
0	0
0	0
1	0
0	0
0	0
0	0
0	0
0	0
0	4
0	7
0	0
0	0
678	693
3	672
11	576
0	3
15	152
0	18
0	28
108	405
0	196
0	0
0	0
0	0
0	0
0	0
0	0
0	0
0	0
103	0
1	177
1	177
0	18
0	0
0	0
0	0
0	14
0	0
0	14
0	14
0	14
0	2
0	1
0	1
0	0
0	7
0	14
283	170
1	159
2	0
332	488
1	226
0	274
4	18
29	74
0	171
0	2
0	2
0	0
5	1104
5	620
7	1067
0	909
0	243
1	257
10	3
4	3
0	0
0	0
0	0
0	0
0	0
0	0
0	0
2435	603
6	219
3	205
2	89
3	90
121	231
2	0
0	231
0	0
5	129
0	0
0	127
0	6
0	21
2	0
0	36
0	0
11	41
2	41
0	1
0	1
0	436
40	436
111	0
301	1038
24	340
52	189
5	17
78	0
29	87
0	157
0	575
0	380
0	362
45	15
0	239
0	188
0	0
0	0
374	722
2	5
0	1
477	717
18	3
1	520
28	4487
4	4505
20	3
0	132
0	2544
13	13
0	4484
0	0
0	230
0	33
0	204
1	204
0	51
0	4
0	13
136	1501
1	1416
0	202
6	99
23	36
4	440
15	1064
15	38
4	504
0	211
1	0
0	0
0	0
378	87
5	87
45	4
519	77
0	1538
1541	1621
0	1351
0	1236
5	0
0	803
0	36
0	3
0	36
0	688
6	657
75	273
2	656
0	650
4	212
0	3107
159	1495
0	450
0	1847
0	3006
0	2999
0	2777
0	2565
0	684
62	48
0	1098
3	251
17	121
0	206
0	3086
0	0
0	0
0	0
0	0
0	0
0	0
0	0
0	0
10	14
4	12
1	2
0	7
0	53
0	69
0	51
0	69
0	1
0	0
0	0
0	0
0	0
0	1
0	1
0	0
0	0
0	0
0	0
0	0
0	0
23	2970
39	2912
0	2804
1	2801
2	2698
19	131
29	195
1	54
2	3
2	92
16	88
0	0
0	0
0	0
0	0
0	0
0	0
0	0
0	0
0	0
0	0
0	0
0	0
9	57
0	47
0	50
0	13
0	1
3	2567
126	2506
0	1845
2	192
21	140
16	309
2	691
0	648
0	912
0	0
0	0
0	0
0	2
0	1
0	1
0	2
0	0
1	0
109	387
19	321
52	61
0	448
10	420
0	159
13	42
22	80
2	24
0	53
0	81
0	67
0	62
0	1
0	0
26	3037
0	3037
107	0
3	2974
0	0
0	0
0	0
29	24
0	2
0	1
0	23
0	0
0	0
0	0
81	0
0	1
0	1
0	0
0	101
0	78
29	10
1	61
0	61
3	36
0	2
0	81
89	25
0	24
133	94
1	94
0	31
4	21
2	14
0	0
0	0
0	0
0	0
18	1
0	1
0	10
0	10
0	2
0	0
0	5
0	0
0	1
0	0
0	0
0	1
0	0
0	0
0	0
0	0
0	1
27	1
0	343
1	371
0	2
0	377
4	275
8	328
1	247
0	0
0	0
0	0
0	0
228	1388
0	1410
0	1340
0	121
65	0
1	32
0	1
0	1
14	5
0	5
3	0
0	0
0	3
10	1128
1	1134
2	968
3	16
0	1115
7	438
0	25
0	26
0	25
1	26
0	1
0	5
0	1
0	0
0	3
0	1
0	1
0	0
0	1
0	0
38	389
0	142
2	74
0	0
0	258
0	359
0	410
0	485
0	439
0	365
11	163
7	75
0	0
6	1
0	0
0	0
0	1
0	1
249	291
0	35
5	49
11	14
0	264
0	139
0	60
0	4
0	2
0	1
0	4
0	158
0	146
0	224
0	178
0	144
0	184
0	166
0	172
0	126
0	200
0	105
0	75
0	160
0	126
0	0
0	0
0	0
0	0
0	0
0	68
9	68
93	276
8	276
0	64
6	64
1349	572
94	252
72	539
0	0
0	0
0	0
2	11
2	11
0	0
0	0
1	901
6	364
18	501
0	473
0	891
0	868
0	619
0	597
0	673
0	850
0	878
0	851
0	722
1	449
0	13
0	387
0	410
22	226
0	11
0	1
0	296
0	364
2	336
10	109
1	61
0	290
2	187
1	0
0	0
0	92
0	92
3	29
5	20
0	271
0	70
0	79
0	275
0	843
199	923
0	831
0	888
1	13
1	47
18	7
0	41
24	662
0	642
1	140
10	427
0	13
0	338
42	28
0	0
0	651
6	656
0	174
1	113
6	83
0	32
1	8
0	0
0	0
0	0
0	0
0	0
0	0
0	0
0	842
9	823
55	839
0	20
0	0
0	0
1	470
0	237
0	259
0	283
1	94
3	92
2	78
27	68
0	66
0	55
0	37
19	220
0	194
0	159
0	1945
4	1903
0	1949
0	50
1	29
0	1920
0	0
0	0
1	744
0	758
0	850
19	858
6	100
1	109
1	651
1	801
19	843
1	170
0	633
3	185
39	29
21	750
0	211
4	125
0	482
6	86
0	85
0	179
3	387
0	16
23	3
0	463
11	143
13	74
41	74
10	521
0	521
0	405
2	504
1	79
1	113
3	27
4	101
1	103
0	24
1	0
0	0
0	0
0	0
0	0
0	0
0	0
0	2
0	2
0	2
0	2
0	2
0	1
0	1
0	0
0	0
0	0
0	0
0	0
0	0
0	0
0	0
0	0
1	1173
1	889
3	957
26	157
1	1137
0	120
9	362
12	237
0	0
0	39
0	8
0	797
1	2
0	140
0	0
45	7
14	2
0	783
0	0
0	796
64	132
21	141
2	322
35	171
0	796
0	0
0	0
6	458
2	458
0	55
0	0
0	277
0	296
0	262
0	315
7	240
0	283
0	263
0	219
0	30
29	2220
0	2187
1	1962
1	1747
0	1663
0	310
0	355
187	135
2	135
0	0
0	0
0	0
10	4
0	4
0	3
0	3
0	1
2	0
0	0
0	0
0	0
0	4
1	3
0	20
4	20
0	5
520	312
1	71
0	84
42	172
0	0
0	10
0	36
4	36
0	10
0	1
0	1
0	1
0	0
0	0
0	0
0	0
0	0
0	0
0	119
0	109
0	46
9	54
5	102
0	105
2	20
276	661
0	57
0	543
0	98
1	139
0	95
2727	8182
16	1737
69	2930
4	3524
0	1233
0	7021
0	1169
3	645
22	866
29	340
19	222
0	0
0	0
0	0
0	0
0	0
0	0
0	0
19	3747
3	1032
1	965
4	139
21	296
11	1274
6	621
5	126
0	279
12	104
5	56
0	197
12	140
1	85
61	0
0	3662
0	0
0	0
0	0
0	0
0	0
2	244
0	244
0	0
0	0
1	0
11	493
0	449
64	78
2	78
0	28
0	0
0	0
0	0
0	0
0	0
0	0
1	8
1	8
1	8
0	3
0	3
4	523
6	195
7	65
7	20
0	39
0	531
0	0
0	0
0	0
0	0
0	0
0	0
0	0
0	0
0	0
0	0
1	1
0	1
0	4435
0	2526
93	1586
0	2681
0	707
80	790
96	97
80	250
0	4507
0	1941
0	7103
0	2198
0	362
18	45
0	1243
25	164
5	1155
0	1140
0	853
13	1164
4	321
0	190
426	74
0	7146
49	455
17	83
0	18
0	372
10	76
0	0
0	0
189	245
394	245
0	0
0	0
0	0
0	0
263	118
0	78
18	79
3	16
78	173
4	28
4	28
2	142
1	96
9	423
0	426
2	413
0	43
43	88
0	423
0	7
5	13
0	53
2	423
0	424
0	0
0	1
0	0
0	1
0	0
0	0
1	0
0	2
0	1
0	2
0	2
0	1
0	1
0	0
0	0
0	0
0	0
0	0
0	1
3	0
0	0
16	53
0	52
0	54
0	52
0	11
3	15
0	2
0	4
0	2
3	2
12	206
1	202
3	140
0	156
6	32
0	89
0	58
0	63
0	55
0	0
0	0
0	0
0	0
11	239
10	183
4	11
0	234
0	11
0	11
0	0
0	5
0	4
1	8
0	5
88	139
6	107
0	36
8	32
2	1
7	679
0	439
0	531
16	84
0	535
0	81
78	125
7	109
0	10
0	112
6	31
12	9
34	783
0	1117
0	1036
0	1067
0	954
0	214
0	169
2	78
0	0
0	0
0	0
12	192
0	222
0	0
0	272
21	7
0	4
0	222
0	69
0	221
10	271
3	84
0	148
0	114
540	320
19	320
8	230
8	70
3	49
0	14
0	14
3	12
0	70
0	0
0	0
0	0
0	0
0	0
0	0
0	0
0	0
0	0
0	0
0	0
0	0
0	0
0	0
150	851
3	850
0	376
58	0
0	0
0	0
0	0
137	0
0	0
2	3
0	3
0	0
0	0
0	0
0	0
0	0
0	0
0	0
0	0
0	0
6	4473
68	26
0	1366
1	3779
0	3908
0	3767
0	3951
0	3971
0	377
0	98
7	9
0	311
3	231
0	569
65	5
15	234
12	311
0	4582
0	202
456	443
2	273
5	13
24	176
7	317
2	294
5	354
5	188
0	1
0	0
0	1
0	1
0	0
0	0
0	0
0	0
38	558
0	286
0	472
0	548
0	90
2	122
0	90
0	0
28	164
1	53
0	55
0	18
209	21
0	13
1	8
0	306
0	26
11	69
0	69
0	258
8	112
1	313
0	18
0	40
5	123
19	16
0	0
0	0
0	0
0	0
0	0
0	0
0	0
0	0
0	0
9	3
2	9
0	6
57	200
1	3
0	3
0	1
0	0
0	0
0	42
0	81
0	87
8	46
0	0
2	3
0	82
0	82
0	0
0	0
0	0
0	0
0	0
0	19
0	0
0	0
0	3
0	1
0	0
2	0
0	19
0	0
0	0
1	0
0	0
0	0
4	0
3	0
0	0
0	0
0	0
0	0
0	0
0	0
0	0
0	0
0	0
0	0
29	219
11	219
453	109
38	109
0	106
0	104
5	70
0	31
0	26
0	17
8	31
6	3
0	48
25	47
2	80
257	237
2	4
0	0
0	221
40	19
0	10
0	9
0	0
0	0
20	86
894	421
0	268
28	67
34	0
15	0
0	1130
1	1004
3	36
22	804
5	321
0	331
0	1
0	1
0	0
0	0
0	0
0	1
0	0
0	0
0	0
0	0
0	0
107	89
1	89
0	22
493	144
87	79
1	65
28	0
0	220
0	249
43	215
0	160
0	203
0	181
3	156
0	68
0	73
7	0
54	0
9	87
7	87
0	114
26	112
10	34
0	13
5	39
14	14
0	11
0	33
0	11
0	3
0	36
1	17
781	95
0	89
0	9
227	713
0	713
0	713
0	0
0	0
0	0
0	0
0	0
0	0
0	0
0	0
0	0
0	0
0	0
4	14
0	0
0	0
0	0
0	0
0	34
0	34
0	0
0	0
6	579
220	650
0	361
0	12
22	9
0	9
0	0
0	0
0	0
0	0
0	0
0	0
0	0
19	0
0	0
0	0
0	0
0	0
0	44
0	34
38	20
0	13
0	13
0	6
10	15
0	4
1	12
0	10
0	10
0	2
0	26
0	26
0	17
1	12
0	0
0	3
0	2
2	0
996	114
19	112
0	2
0	2
0	202
0	484
0	464
3	30
5	206
6	19
0	100
8	74
0	0
0	0
0	0
0	148
29	26
21	46
0	94
0	6
0	0
0	38
0	3
0	84
0	35
0	52
0	316
0	316
1	286
0	272
7	225
0	163
1	125
3	95
0	112
3	35
0	86
0	315
0	1
0	1
0	1
0	70
6	14
0	59
0	67
0	54
2	7
0	3
0	9
0	6
0	3
0	5
0	0
0	0
140	0
0	17
2	19
0	19
0	3
0	1
0	300
0	321
0	328
0	327
0	93
1	111
0	97
0	63
0	28
0	3
0	2
0	2
2	77
0	0
0	23
0	66
1	0
0	33
2	33
0	8
4	15
1	1089
2	822
2	1073
0	772
0	772
0	772
0	913
16	90
0	5
0	126
0	107
5	0
9	6
0	96
0	22
0	22
0	10
1	115
4	8
7	2
0	19
41	44
0	0
0	0
0	1
0	1
0	0
2	444
0	0
232	305
16	210
3	216
0	136
3	170
1	95
2	159
0	165
0	241
0	303
0	49
2	38
0	42
0	37
1	3
0	3
1	0
0	7
3	202
0	218
85	196
2	339
0	86
0	87
0	311
0	149
0	88
0	107
55	260
18	648
1	657
0	101
9	88
0	69
0	258
0	102
0	61
1	41
1	35
0	23
233	38
1	47
4	52
0	11
15	41
1	34
0	658
0	0
0	0
0	0
0	0
0	0
3	53
2	288
0	218
167	354
118	630
96	35
20	112
11	633
0	373
15	12
510	48
1	48
3	150
0	89
3	148
0	146
0	148
0	87
0	87
4	53
0	58
0	23
0	21
0	57
2	187
0	196
0	32
0	65
0	25
0	26
12	79
4	5
3035	34
20	39
28	5
4	834
1	20507
6	20162
0	1090
11	604
7	471
53	283
70	4310
123	4730
2	480
51	497
0	0
3	5
0	5
0	0
0	0
0	0
0	1
0	14
0	4
0	8
0	122
0	114
0	48
172	7110
0	6955
0	5922
0	772
1	1391
23	1085
0	292
89	714
0	3
0	3
0	1
0	1
0	1
0	1
0	1
0	1
0	1
1	3
0	1
0	6951
2204	4774
13	1361
6	1136
10	2196
7	1100
0	1213
11	911
0	0
0	0
0	0
0	462
0	422
0	212
3	94
0	167
0	165
7	5
1	135
0	135
0	25
0	89
0	82
65	7
0	461
21	229
0	229
9	190
0	172
1	48
0	31
0	6
0	35
1	4
4	11
0	11
0	20
0	11
0	16
0	6
0	10
17	9
0	4
18	762
0	935
0	794
2	844
2	148
0	0
0	0
0	0
0	0
0	0
0	0
159	26
35	26
0	17
0	17
0	12
0	8
1	5
0	1
0	1
0	1
0	1
0	1
0	0
0	0
3	0
0	17
1	270
2	461
0	23
8	27
3	47
8	5
0	35
0	9
1	270
0	0
72	783
1	731
8	409
0	56
26	16
166	62
0	47
0	39
166	735
1	681
0	78
38	257
2	19
0	0
0	0
0	0
0	0
0	0
176	119
40	119
0	0
0	0
0	0
270	181
0	104
0	75
0	102
0	0
0	0
248	26
0	26
0	0
2	0
0	0
0	0
0	1
1	1
0	0
826	78
22	78
69	78
0	1
0	0
8	0
0	0
1	0
0	0
0	0
0	0
0	0
391	1225
3	1225
0	0
0	3
0	3
0	0
0	0
0	0
0	0
0	0
0	1
1385	15
0	15
0	0
0	0
0	0
0	2
0	1
0	2
0	2
0	0
2	2
1	0
0	0
0	0
0	0
0	0
0	0
0	0
0	1
0	1
0	0
0	0
0	0
0	1
0	0
0	1
0	1
0	1
0	1
0	1
0	1
0	1
0	1
0	1
0	0
0	0
0	0
0	0
0	0
0	0
1096	138
1	138
0	29
0	43
0	42
0	0
0	123
226	216
0	218
3	211
13	99
2	68
0	30
0	33
0	56
23	111
0	218
3	3
0	47
96	143
0	44
1	73
0	2498
0	1040
53	98
0	1318
0	1499
0	83
0	1521
0	599
0	393
15	1255
0	140
0	107
0	2447
0	2493
39	23
0	177
0	1
1	8
10	21
0	152
0	142
9	148
0	202
0	200
0	175
0	200
0	206
11	163
0	194
0	20
0	29
0	30
0	0
0	38
0	65
0	61
0	55
0	50
0	27
0	41
0	35
0	18
0	37
0	32
0	7
0	19
0	3
1	569
0	552
0	557
41	301
0	177
5	46
0	574
406	1445
9	2
0	11
0	11
0	1
0	0
0	0
0	55
0	42
0	36
0	25
0	25
0	35
0	13
3	27
0	14
0	8
0	14
0	0
0	13
0	0
2398	3334
0	1275
79	302
120	2126
0	313
4	483
2	461
0	265
1	0
0	0
2	0
0	0
14	309
1	372
3	435
7	6
0	1
0	0
0	2
0	2
0	0
0	0
0	0
0	0
0	0
0	0
0	0
0	0
0	0
0	0
0	0
123	304
0	304
735	467
0	374
3	193
13	8
32	298
0	0
0	233
0	74
2	94
0	276
3	74
5	89
0	0
0	0
0	0
0	0
0	49
0	50
0	43
0	26
0	44
2	42
0	49
0	49
0	44
0	45
0	13
0	5
0	8
0	0
0	229
0	229
5	2
0	73
1	39
3	18
0	0
1	1027
0	1078
3	975
0	1052
1	78
5	198
5	85
5	203
0	0
0	0
0	0
0	0
0	0
0	0
0	0
0	0
0	0
0	0
0	176
0	183
1	20
0	31
0	64
47	193
0	50
0	21
61	1
0	1
0	0
0	159
7	0
6	159
0	0
0	154
0	138
0	68
0	0
0	0
0	0
0	0
0	0
0	0
389	1755
8	563
128	908
0	70
0	483
1	391
0	1
1618	0
3	705
6	643
2	222
0	771
2	66
55	0
155	0
8	433
4	34
0	3
0	3
0	52
0	3
0	3
0	7
0	6
0	2
1	2
0	3
0	1
1	1
0	0
0	15
2	0
0	15
1	0
0	0
0	1
0	2
0	2
0	0
0	2
0	6
7	0
7	397
10	415
0	63
92	10
15	287
6	2
0	122
0	124
17	208
201	206
0	141
0	0
0	0
0	0
0	0
0	0
0	0
0	0
0	0
15	611
138	646
1	466
2	94
5	3051
1	2901
4	603
0	2186
0	52
1	265
0	26
0	3
89	307
1	293
0	22
0	302
5	61
0	201
0	44
0	12
0	14
33	216
1	194
0	176
0	20
0	62
0	11
0	98
0	0
0	0
0	748
0	746
6	536
11	37
1	83
0	103
5	15
12	102
4	84
0	18
0	14
0	4
0	1
0	1
0	1
2	0
0	3
0	2
0	0
0	0
0	0
255	73
0	73
0	0
0	0
3	6
0	2
0	4
0	1
0	168
0	170
0	90
3	1
0	105
0	167
0	56
1533	376
0	243
3	76
1	124
10	53
7	140
1	137
15	16
0	1
0	1
0	1
0	0
0	0
0	0
0	0
0	0
0	0
0	415
0	407
0	186
0	102
0	27
0	423
1	5
18	0
1	1
2	0
1	9
1	51
108	51
144	3003
2	1441
0	2931
0	2928
0	2769
0	289
1	196
0	131
0	152
0	219
0	275
0	127
2	152
3	87
957	0
0	10
0	10
0	10
0	10
0	3
0	219
0	2
0	219
0	8
4	33
2	6
2	204
15	6
0	1
0	3
0	4
0	2
7	0
2	635
10	639
47	147
4	36
0	108
26	99
0	133
0	149
19	370
0	329
0	39
0	63
0	72
29	124
31	108
22	15
0	0
0	0
19	9
1	0
1	0
0	424
0	11
10	272
12	4
0	200
0	206
1	39
1	20
0	7
0	149
0	131
0	7
0	9
0	119
1	8
0	9
4	128
0	8
0	20
0	16
0	61
0	8
0	0
0	0
1	611
0	512
1	298
3	211
0	12
4	2
0	1
0	0
0	611
40	324
1	246
0	163
0	124
26	415
0	78
0	318
15	58
1	97
0	74
1065	957
6	945
0	283
2	130
23	478
0	442
0	93
0	95
0	0
184	133
1	16
1	117
15	24
0	203
0	226
0	100
4	276
0	234
0	218
30	222
9	2
0	180
0	1536
11	222
1	1536
31	1690
0	37
128	13
8	1678
0	1
0	0
0	0
0	0
0	1
0	25
5	21
8	3
0	4
1	0
0	0
27	2454
0	2503
34	2480
5	356
1	1950
46	2368
294	1086
2	10
0	228
28	44
10	536
0	293
3357	924
0	924
0	525
0	1377
0	154
0	483
0	1367
180	448
3	236
0	181
0	119
2	1301
0	61
7	185
10	830
0	855
43	114
36	83
9	72
0	498
0	150
0	9
0	0
0	0
0	0
0	0
0	0
0	0
0	0
0	0
0	0
0	3
0	3
0	0
1	3
39	283
0	283
0	23
0	58
0	110
72	105
0	66
0	1
12	0
5	1
0	39
0	31
0	31
0	65
0	148
0	34
1	30
0	144
2	57
2	23
0	8
0	31
0	4
1	3
0	4
22	4927
2	128
2	4314
0	3090
98	91
3	9
0	7
4	55
1	28
59	2
0	8
8	18
1	3
1	267
1	40
0	247
4	124
21	27
0	89
0	59
0	86
1	834
0	470
3	597
0	744
0	766
1	472
0	539
209	1007
0	744
0	890
42	156
0	48
34	141
0	134
2157	1440
53	1254
118	113
0	331
0	461
2	599
102	432
14	414
0	136
11	279
32	28
26	28
19	1
0	1
8	5
0	3
1	21
1	3
0	1
0	1
0	4
0	3
2	21
0	21
0	0
0	0
0	1
0	3
0	1
0	336
10	573
0	523
45	515
12	70
840	1311
3	1138
15	1279
124	86
0	1
0	0
1	1
20	0
35	0
0	167
482	167
4	7
0	20
0	16
0	6
1	5
0	20
1	71
1	776
1	772
0	9
6	9
1	175
0	719
6	383
37	626
0	75
0	141
1	100
0	2
4	91
0	16
1	11
0	2
2	13
0	25
0	91
0	90
0	0
0	0
0	0
0	0
0	0
0	0
0	0
34	0
2	254
0	238
8	48
0	87
0	199
0	252
5	47
0	0
0	0
0	0
0	0
0	0
0	0
0	2859
0	2944
0	2963
0	2794
232	627
0	1941
1	2839
0	1041
0	2528
0	2319
0	904
0	2482
3	181
102	210
8	107
0	196
2	198
60	1436
10	492
145	711
72	0
0	0
43	67
0	50
0	59
0	0
0	0
0	0
0	0
0	0
0	0
0	5
3	467
0	316
0	78
2	257
21	313
0	106
190	226
3	78
10	1060
0	1092
8	119
4	726
0	604
2	87
0	92
6	66
0	146
0	36
6	31
0	139
1	1
0	34
0	0
0	0
0	0
0	54
4	201
9	212
0	209
0	359
3	99
0	221
0	213
1	203
55	192
2364	1740
48	300
1	1482
27	145
1	119
2	119
0	114
0	57
0	37
0	38
0	25
0	0
0	0
0	0
19	82
0	14
0	82
44	5
36	122
14	122
4	22
14	182
0	168
0	39
0	3
1	7
0	31
7	283
0	194
1	196
0	39
0	64
0	70
18	11
9	52
61	36
1	47
0	16
0	0
0	1
0	1
0	1
112	6571
8	2043
42	1532
21	1699
0	6479
15	5
0	642
642	1805
4	1513
65	553
95	213
53	39
48	0
54	56
0	3
0	3
0	3
0	3
0	3
0	3
0	3
0	3
0	3
0	3
0	3
0	3
0	3
0	3
2	3
0	3
0	3
0	3
0	0
0	0
0	0
0	0
0	0
0	0
0	0
0	73
0	49
0	170
0	121
0	50
0	23
1	24
0	49
4	21
0	0
0	0
0	0
0	0
0	0
0	34
0	1142
47	743
0	86
36	22
0	28
17	1136
0	1101
0	677
1	670
2	311
74	323
0	103
6	0
2	668
0	0
159	181
7	181
0	0
0	1553
0	1553
0	175
13	202
12	1528
14	491
0	0
0	0
0	11
0	11
0	9
0	9
0	0
0	0
0	11
0	11
0	0
244	0
1	16
237	85
0	20
0	52
0	13
3	0
0	0
0	0
7	521
3	510
16	280
0	0
0	0
0	0
0	1485
3	886
0	417
0	1454
0	1541
0	978
60	19
0	45
0	177
0	1398
0	131
9	122
0	38
1	115
0	29
11	0
16	0
1	11
0	0
0	0
0	0
0	0
0	0
0	0
6	130
5	127
0	29
0	0
0	0
0	0
0	0
0	0
0	0
0	0
0	0
0	0
0	0
0	564
0	137
20	131
0	78
0	58
0	564
0	0
0	0
0	0
0	0
0	0
0	0
0	0
0	0
0	0
0	0
0	0
37	157
158	0
0	865
3	849
8	813
0	263
0	95
0	844
0	862
0	19
0	20
0	31
2	31
0	54
0	513
2	25
0	58
0	0
0	0
0	0
0	0
0	0
1369	1000
14	309
9	117
0	625
0	0
0	0
0	0
0	0
0	0
0	0
0	0
0	0
0	0
0	0
0	0
0	0
0	0
2	510
2	496
1	122
0	268
3	109
0	43
0	44
0	47
0	47
0	47
0	45
0	42
0	23
0	7
0	21
0	21
0	4
0	1
0	0
0	0
0	3
0	0
0	0
14	334
0	305
1	72
10	29
0	50
7	1656
0	1643
0	157
4	6
0	1662
0	0
0	1
0	1
0	1
0	1
0	1
1	1
0	1
0	1
0	1
2	1
67	0
0	0
0	0
1	1
0	0
0	0
0	0
0	1
741	563
0	348
2	57
71	356
0	208
0	162
1	3
0	0
0	3
1279	626
5	156
1	408
5	303
4	303
0	218
610	0
0	0
0	0
0	0
0	0
0	0
0	0
0	0
0	0
0	0
0	0
0	0
0	0
0	0
0	239
0	254
0	33
0	244
7	5
0	0
0	0
0	0
0	0
0	0
0	0
0	0
0	0
0	1
0	4
0	5
0	3
0	0
0	0
2	1166
17	1156
3	667
0	991
0	2
43	620
39	1151
0	0
0	0
0	0
0	0
0	0
0	0
0	3
3	11
0	2
0	0
0	1
0	0
0	4
0	7
0	12027
88	2285
33	1
0	868
0	12040
0	12079
0	12062
0	11286
1	401
44	856
27	0
32	142
3	553
9	297
5	580
0	11894
0	4773
0	4325
26	392
0	266
1	272
0	2450
554	4612
0	1131
0	1194
0	784
0	323
31	4600
0	4256
0	548
0	1133
42	508
31	459
108	2333
0	541
3	1039
1	763
0	1274
0	4327
0	3116
0	3411
0	98
1	195
0	41
1	51
0	29
0	46
0	2
2	1
0	0
0	0
0	0
0	0
0	1
0	1
0	0
0	0
103	659
0	159
3	571
0	1
98	112
12	385
0	0
0	0
510	7149
0	5232
0	6960
3	2272
3	488
37	372
0	428
24	2959
0	985
0	1705
5	1164
0	0
0	1
0	24
0	146
0	143
0	4
2	14
9	136
0	0
0	0
0	7
0	3
0	7
0	22
0	8
0	8
0	22
0	111
626	269
0	269
5	16
0	10
0	11
0	0
0	0
0	5
0	0
0	3
0	0
0	3
0	1
0	1
0	3
6	0
0	0
0	0
3	153
1120	153
104	401
7	0
0	108
0	54
0	78
85	242
227	244
75	244
7	41
0	41
0	8
0	8
0	6
0	0
121	83
1	23
0	0
0	35
15	37
0	81
137	1825
0	1716
0	278
2	397
6	204
2	170
0	914
0	916
0	916
0	779
0	2
1	2
0	0
0	0
0	0
0	2
0	0
0	0
0	0
0	13
0	12
0	12
0	13
0	0
0	14
0	0
4	181
9	183
0	47
4	26
0	8
14	50
0	15
0	0
170	0
1	0
0	0
0	0
1380	1176
0	602
42	504
13	56
0	89
0	0
0	0
0	0
0	51
9	82
0	7
192	221
3	215
0	0
0	0
0	0
0	0
0	0
0	14
0	3
0	3
0	3
0	2
0	0
0	0
364	104
0	103
1	115
0	86
8	0
10	6
0	0
0	0
0	3
0	3
0	344
0	137
0	294
0	250
0	202
0	56
0	295
0	251
0	358
43	331
99	481
2	37
0	133
2	93
0	3
0	5
0	3
0	0
0	0
0	2
0	0
0	2
0	236
0	226
2	240
0	26
0	199
0	0
0	0
0	44
0	2
0	0
0	1
3	66
0	35
0	68
387	1304
10	1215
10	1294
11	379
193	14
8	124
0	90
90	90
0	76
0	0
0	0
0	0
0	0
0	0
0	0
0	0
0	0
0	0
0	0
0	0
0	0
0	0
42	350
16	20
2	30
0	0
13	99
0	264
305	1889
5	613
4	618
0	1031
92	391
0	15
1	15
12	0
0	15
0	0
0	0
47	1024
0	570
52	175
0	342
1	1024
0	210
12	94
11	153
7	165
5	164
0	1
2	22
0	21
0	1
0	1
0	0
0	0
0	0
0	4
0	0
0	0
0	0
0	0
0	0
0	0
0	0
0	0
0	0
0	0
181	17
1	17
3	0
0	0
0	0
0	0
0	0
0	0
15	84
3	84
841	0
0	6
1190	635
0	615
1	462
0	53
8	109
1	23
0	106
1	48
1	34
0	93
2	5
0	3
0	5
0	5
0	2
0	3
0	2
0	2
0	2
0	0
0	0
0	0
0	4
0	4
0	4
0	0
0	0
1	33
0	33
2	21
0	7
0	0
0	0
0	160
0	184
0	175
4	132
1	34
0	33
0	0
0	0
0	0
0	0
0	0
125	1908
0	115
0	138
0	799
0	1857
0	1753
5	1720
11	233
0	0
0	167
0	150
15	155
24	45
0	243
0	294
0	262
64	141
0	98
0	260
0	251
0	254
0	263
0	265
0	254
0	251
0	257
0	266
0	253
0	262
0	251
0	256
0	258
0	249
0	239
5	0
0	43
0	19
0	17
0	15
3	155
0	164
0	32
2	35
0	3
0	258
0	258
0	0
0	0
0	0
1	926
2	926
9	926
7	878
2	779
3	87
0	14
0	114
89	189
0	18
1	16
0	183
1	31
1	21
0	0
0	4
0	4
0	1
3	223
148	1188
5	225
0	1019
50	1164
0	1
0	0
0	0
0	0
0	0
0	0
0	162
4	182
0	4
4	12
0	12
1	12
0	0
5	0
0	0
0	0
0	0
0	0
0	0
10	4
4	10
0	29
0	4
0	10
81	31
0	0
0	0
4	0
2	0
0	0
0	0
0	71
190	71
1692	827
80	827
0	16
0	17
0	22
0	22
0	23
0	23
0	8
0	18
1	22
0	18
0	3
0	10
2	1
1	7
0	15
235	1094
6	653
3	292
1	58
0	157
0	199
41	244
271	212
16	158
3	54
143	5
2	5
0	335
1	198
32	335
0	2
22	2
0	1
4	4
1	6
0	10
2	9
0	5
0	9
0	10
0	0
0	0
0	0
0	0
0	0
0	0
0	0
0	0
0	370
3	371
0	368
2	341
1	36
0	63
1	49
0	62
1	43
0	10
0	69
0	0
34	14
0	107
197	940
0	397
9	326
0	140
23	252
0	135
48	696
2	94
1	27
754	0
15	660
819	816
3	88
1105	298
8	25
1	225
3	62
0	292
0	49
6	29
19	100
0	68
61	637
0	422
6	18
3	638
7	0
3	153
0	156
0	25
0	0
0	0
6	204
0	195
0	0
0	0
0	0
0	0
0	1
0	0
0	0
0	0
0	0
0	0
0	7
0	5
71	11
550	88
4	7
2	51
0	47
0	4415
6	997
14	4370
7	3412
2	983
0	2746
5	148
0	166
0	476
2	3840
0	295
0	415
0	1252
0	955
29	568
24	2542
0	0
0	0
0	0
0	0
0	0
0	359
0	289
0	304
0	29
0	90
0	78
0	111
0	96
0	89
0	25
2	17
42	0
0	0
0	0
0	0
0	0
0	0
0	0
0	0
0	0
0	58
0	57
0	47
0	0
0	3
1	14
4	11
0	18
0	17
0	15
0	9
0	58
13	91
42	20
23	111
187	1319
4	953
6	1226
15	256
179	134
0	88
0	2
0	46
0	0
0	0
0	0
326	262
5	262
27	34
11	25
7	31
2	23
0	23
0	14
0	0
5	8
0	1
0	1
0	1
0	0
0	0
0	0
0	0
0	0
0	0
0	0
0	0
0	1
0	338
0	319
44	223
2	53
1	39
4	6
461	259
0	66
0	16
8	5
0	100
1	224
0	225
0	0
0	0
0	53
0	53
0	2
3	0
0	184
0	130
1	93
0	213
0	209
0	109
0	139
0	136
0	65
10	33
1	21
0	209
0	186
199	1374
310	1374
0	0
0	0
0	0
0	0
0	0
0	0
0	4
0	0
0	4
0	0
0	0
0	0
0	0
0	0
0	0
0	1320
18	295
0	1332
0	31
3	221
5	1322
0	951
0	44
6	119
1	190
6	190
0	50
0	1334
0	0
3	0
1	314
0	6
0	18
0	18
0	314
0	54
0	113
0	98
24	193
5	16
0	284
1	7
0	179
0	147
0	138
0	150
1	220
0	94
0	20
1	20
0	48
0	4
0	19
0	11
3	20
1	20
4	905
10	908
23	569
2	143
4	106
1523	208
59	208
22	312
0	81
117	230
60	136
0	18
1	47
0	15
0	10
0	22
0	21
0	7
1	6
1	7
0	0
0	0
0	0
0	0
0	0
0	0
0	0
0	231
0	234
13	181
0	209
13	7
2	201
0	34
0	36
0	44
4	220
0	220
76	1358
0	93
0	170
18	57
12	192
7	1183
0	453
150	0
30	208
1	36
38	62
0	7
0	5
1	14
0	0
0	5
0	5
0	3
1	5
0	5
0	5
0	5
0	2
0	1
123	194
2	194
0	0
1	152
48	7
0	85
4	100
1	63
99	1184
0	934
41	1131
0	566
7	207
160	151
0	119
0	4
4	4
0	0
0	6
3	6
0	3
0	3
0	0
0	0
0	0
0	0
0	0
0	4
0	4
0	2
0	1
1	0
0	1
0	1
0	1
0	1
0	1
0	0
0	0
0	0
0	0
0	0
4	937
0	603
1	911
0	83
0	173
35	201
0	56
16	68
51	25
0	0
0	46
0	44
0	506
1	523
3	56
0	221
0	32
0	21
120	21
0	0
22	1208
0	2020
0	1978
0	0
0	0
0	0
1	0
0	0
0	0
0	158
0	142
0	159
0	159
0	155
10	141
0	110
0	114
4	8
4	8
0	25
0	111
68	12
1	2
1	12
0	9
0	1
0	1
1	1
1	0
1	0
0	1
0	1
655	182
0	81
2	36
3	76
25	12
0	230
755	230
35	69
16	1457
2	506
28	744
2	662
16	626
0	432
1	288
0	186
0	1538
5	14
2	14
17	903
0	3813
7	3979
29	3293
0	819
114	854
0	1030
0	646
3	181
0	309
8	590
0	336
0	549
3	209
28	225
0	15
187	0
4	2
0	1
0	1
1002	0
0	0
0	0
0	226
2	88
0	114
1	40
1	218
0	180
0	218
0	40
1	41
0	37
0	51
1	27
0	0
19	121
12	122
0	121
375	204
41	76
14	177
187	694
559	806
0	828
0	23
0	7
1	15
0	7
0	11
0	4
0	0
0	0
1	1
0	0
0	0
182	999
0	586
0	475
20	50
112	0
0	69
5	130
2	59
2	43
0	90
0	65
0	11
0	50
1	41
6	30
0	133
0	0
0	0
0	0
953	3204
0	2968
27	2235
20	2330
0	1254
450	0
1	0
1	0
0	748
1	747
3	74
5	2
0	192
0	244
0	750
0	268
0	703
30	248
0	683
9	673
72	15
0	15
836	831
2	98
0	287
1	514
0	38
8	64
0	319
17	17
0	117
2	2461
37	2461
1	110
0	5
0	5
0	2
0	0
0	0
0	0
0	0
163	2143
0	124
10	124
0	1090
7	1031
3	70
0	87
0	37
0	1064
0	1090
412	62
5	33
8	27
0	2733
1	2744
3	6
2	556
2	148
12	2776
11	2763
2	1180
0	183
0	84
6	270
0	1179
29	123
0	824
0	298
0	275
5	1180
0	9
0	9
0	5
0	12
3	126
9	540
0	510
3	296
0	40
0	30
0	0
0	0
0	0
0	392
0	331
0	214
5	138
3	42
0	12
0	215
407	0
24	111
0	60
0	111
0	236
13	236
0	12
0	913
51	984
0	1139
0	1113
58	36
0	399
0	550
0	1078
0	24
0	465
7	1046
59	5
25	938
0	1
0	0
0	0
0	0
0	0
0	0
0	0
0	1
0	1
0	2
0	0
0	0
0	0
0	1
0	1
0	0
0	0
0	0
0	1
0	2
0	1
0	3
0	0
0	1
0	1
0	3
0	1
0	1
0	0
2	1244
10	712
0	91
35	389
17	472
0	852
1	892
1	208
1	110
0	43
0	39
0	178
28	0
0	53
0	50
0	14
1	6
397	0
0	0
257	0
3482	72
125	83
1	45
14	33
313	235
2	235
3	0
0	43
0	45
0	44
1	45
0	0
1	0
0	0
0	0
0	4
0	74
5	88
5	8
6	6
0	83
0	0
0	0
2	0
48	16
1	6
0	16
13	169
0	104
1516	641
12	451
0	0
0	0
0	0
0	2
0	2
0	0
0	1
0	1
0	1
6	0
2	150
0	151
0	33
0	144
0	27
0	0
0	0
0	0
694	686
0	420
0	85
1	190
1	222
1	238
0	106
0	122
0	104
0	133
7	5
0	5
4	43
0	43
0	7
8	5
0	5
0	30
0	1
0	1
0	1
0	1
0	1
0	0
0	1
0	0
0	0
0	0
2866	0
0	359
36	374
0	225
0	67
6	5
0	20
50	44
0	4
0	43
1	1
0	0
0	0
0	0
0	0
0	0
0	0
0	0
0	0
0	0
0	0
0	0
0	0
0	0
0	0
0	16
5	1
0	60
0	42
0	58
0	61
0	27
0	35
0	13
0	23
0	40
3	36
1	31
0	12
23	0
0	58
0	39
924	0
3	0
0	0
0	0
0	1
0	1
0	0
0	0
0	0
0	0
0	0
29	741
22	741
52	53
9	99
0	68
0	43
4	47
0	41
0	40
0	15
3	42
0	10
0	0
62	370
1	358
0	246
0	206
31	0
0	17
0	456
0	101
0	461
0	0
0	95
6	130
0	45
0	72
0	0
0	97
0	45
0	43
2	115
4	8
0	69
0	0
1973	1129
4	1
0	132
74	524
24	203
4	377
0	85
17	82
3	169
13	145
16	12075
2	3452
15	864
43	2758
24	2934
21	8314
0	0
0	0
2	1
1	8
0	0
1	0
0	0
0	0
0	8
0	1
0	8
0	1004
0	965
0	127
0	955
0	941
0	84
2	902
12	34
1	89
2	62
12	66
5	43
1	0
0	0
0	0
0	0
0	0
119	179
0	33
0	122
0	125
0	110
2	81
0	3202
2	13341
133	1233
1	4223
18	227
2	1195
46	9955
2	4154
4	950
0	1741
17	1000
7	481
0	458
2	8
3	179
2	141
0	33
0	10
5	0
47	0
5	69
0	69
0	7
0	3
0	2
0	5
0	0
0	0
0	0
0	0
0	0
0	0
0	0
0	0
0	1
0	1
0	0
0	0
0	0
1	0
0	0
1256	54
115	54
277	0
0	0
0	1587
2	1522
2	1134
0	1528
943	8767
12	3629
58	975
0	0
0	0
0	0
0	0
0	0
0	0
0	0
0	0
0	0
0	0
0	0
0	0
0	0
0	0
0	0
0	0
0	0
0	0
0	0
0	0
0	0
0	0
0	0
0	0
7	1
0	1
0	1
0	5
0	0
0	8
0	3
0	8
7	4
1	0
0	1
0	5
2	1
0	8
277	0
4	827
0	421
0	173
1	414
0	312
0	412
0	33
0	285
0	818
0	217
17	122
0	0
0	0
3891	1294
31	631
13	0
1	2487
36	2487
143	202
2	206
13	23
0	205
0	143
0	33
69	52
0	49
0	40
0	39
0	39
0	39
0	39
0	39
0	38
0	5
0	5
0	0
0	0
0	6
0	2
55	1502
0	1565
0	639
0	1501
40	1199
2	1085
0	141
3	168
275	0
19	0
0	0
0	0
0	0
0	2223
4	1974
19	565
0	65
2	227
1	622
5	118
0	914
76	146
2	0
0	68
2	68
0	27
0	3
0	8
0	8
0	172
0	147
4	34
0	74
0	168
0	125
0	144
0	96
0	0
0	0
0	0
0	0
0	0
0	0
0	0
0	0
0	0
0	0
64	31
0	14
0	15
1	4
0	0
0	5
0	0
0	0
0	0
0	0
2	7
0	0
0	7
0	2
0	0
0	0
37	540
0	285
0	267
0	509
0	83
15	233
0	0
0	0
0	0
0	0
0	0
0	0
0	0
0	0
0	0
7	0
0	55
2	2
46	55
0	54
0	54
0	52
0	44
0	37
4	7
0	7
0	0
0	0
0	0
1	4
24	462
0	461
1	145
0	87
0	42
2	76
0	78
1	82
0	62
8	0
5	0
0	0
863	66
0	66
0	0
0	0
0	0
0	0
0	0
0	0
4010	339
3	209
17	130
2	0
0	0
974	0
0	13
0	13
0	13
0	13
0	0
0	18
0	4
29	18
0	1
0	0
0	0
0	0
0	0
0	0
0	0
0	7
0	2
0	6
8	0
0	0
0	0
0	0
25	3404
79	344
43	1226
0	3252
10	3257
1	1653
8	31
0	31
0	29
537	993
620	993
0	162
0	167
19	130
1	71
87	99
7	14
0	56
2	213
2	147
0	141
4	153
0	26
0	6
0	9
0	9
0	9
0	1
0	2
0	3
0	3
0	2
0	0
0	0
0	0
30	953
20	45
4	935
0	349
58	368
0	469
3	576
1	292
141	1245
6	1245
107	210
0	98
0	84
0	61
0	5
0	5
0	5
0	49
0	53
0	53
1	0
0	4
0	11
698	430
18	430
0	49
0	13
0	2
0	2
0	0
0	0
0	0
2	0
0	0
40	1040
1	872
2	823
10	806
0	731
3	172
0	156
7	108
7	129
4	136
0	73
420	351
0	4
7	197
25	289
0	207
0	13
23	52
0	30
5	42
0	0
0	0
0	0
0	0
0	0
0	0
0	0
0	0
0	0
0	0
0	0
3	696
0	672
0	534
0	312
0	583
0	141
1	288
0	121
2	94
2	118
0	36
0	0
0	575
0	548
0	253
0	70
2	33
0	44
0	0
102	193
300	1356
38	0
0	152
0	80
4	465
2	659
0	810
0	23
38	762
1	86
0	342
5	302
9	89
8	334
0	10
0	10
0	10
0	0
0	0
2	0
0	0
0	4
0	4
40	1034
6	1027
1	261
5	53
7	52
140	150
8	128
0	4
1	123
18	144
2	29
3	52
23	14
11	10
1	52
0	62
314	203
2	11
0	0
0	0
0	0
0	303
0	139
0	107
0	132
0	90
5	74
0	2
0	311
8	234
5	216
3	99
1	29
0	0
0	0
10	3
0	3
0	3
0	321
0	336
0	300
0	301
9	214
0	87
0	124
7	46
0	50
0	96
1	75
1	80
19	58
0	285
26	3185
0	2886
54	2614
85	3166
0	3154
0	2833
14	245
39	481
5	248
171	1
0	3169
154	762
0	740
3	76
1	30
3	66
0	137
16	216
15	6
16	0
2	107
0	71
5	64
2	61
2	0
14	13
1	352
80	352
0	98
0	3
0	7
0	7
0	2
0	1
0	1
23	601
24	309
13	292
18	285
0	239
15	241
27	246
3	79
2	21
1	37
6	71
0	64
2	19
125	0
57	38
179	686
20	48
7	81
29	678
0	64
11	0
0	0
0	3925
0	4234
10	3743
3	1623
5	188
0	2420
8	366
8	451
8	452
6	10
4	855
33	837
9	11
7	388
0	136
6	38
0	73
33	69
4	1
0	1
3	799
22	2370
1	354
0	2275
9	2035
0	2360
0	1806
4	188
71	1190
1	194
6	185
7	150
0	0
0	0
2	0
0	0
0	71
0	56
0	11
0	53
7	23
0	5
0	71
0	0
0	0
0	0
0	0
5	1025
0	390
70	3074
0	69
0	1933
0	2001
0	24
5	1825
0	1948
0	1926
0	2977
0	2944
0	205
22	152
0	1133
39	952
9	29
204	0
4	146
7	147
1	51
0	17
0	7
21	38
0	9
5	13
0	106
247	338
4	338
8	228
0	71
0	0
0	0
0	0
0	0
0	0
3	1921
0	1944
0	1926
0	1925
3	724
1	230
0	201
0	189
3	133
0	135
0	72
0	33
0	40
0	38
13	36
0	19
0	16
0	1965
0	1
0	0
0	1
0	0
0	0
0	0
0	8
0	8
0	0
0	0
442	0
52	0
3	15
0	0
0	3
0	14
0	0
18	104
0	0
0	0
0	0
0	0
0	0
0	0
0	0
0	0
0	0
0	0
0	0
0	0
0	20
0	19
0	13
0	13
0	10
8	3
0	4
0	0
0	1
0	1
5	1
0	17
6	419
2	731
6	3650
0	3653
0	3
0	3
0	3
10	1
3	470
0	0
15	4
4	52
31	600
1	42
0	534
0	496
0	545
0	36
0	309
13	1
0	466
5	328
1	31
0	14
0	39
0	35
0	416
0	89
0	27
0	14
0	381
0	490
0	387
0	440
0	440
4	387
0	220
0	422
1	382
0	302
2	104
23	132
0	6
0	241
0	47
0	199
0	243
0	15
0	65
0	504
0	300
0	505
0	499
0	500
787	0
272	896
5	401
4	210
0	315
10	32
0	16
110	46
0	41
12	30
1	2
0	46
3	107
2	150
2	108
12	610
0	610
5	405
0	152
0	153
0	153
2	101
0	112
0	234
0	223
0	186
31	115
0	200
0	201
46	16
10	77
0	2
29	33
0	4
0	8
0	8
0	17
0	19
0	1
0	1
0	1
0	1
6	0
27	0
2	0
0	62
4	62
2	62
0	54
0	46
0	19
0	17
0	1
0	2
2	6
1	24
0	1
3	7
0	0
0	0
0	214
3	1392
0	23
14	1391
2	1375
0	68
4	230
0	144
0	0
0	0
0	0
924	0
6	45
0	82
0	59
4	41
5	38
0	0
0	0
22	3240
0	2566
1	397
0	842
3	481
1	177
0	687
2	183
0	3240
1153	449
3	343
64	109
3	33
779	0
14	0
0	82
0	26
0	17
3	4
0	8
0	9
0	4
3	2
0	71
0	0
0	121
100	127
10	0
12	6
0	14
387	184
7	184
0	236
1	18
2	215
60	98
1	98
337	410
0	410
0	105
0	0
0	0
0	0
26	940
25	930
0	592
3	403
0	789
0	0
0	0
0	20
0	20
0	12
0	0
0	2
0	0
1	2
0	0
0	2
0	0
35	0
0	0
0	0
81	9
0	312
0	2314
150	288
1	977
0	2328
5	1308
0	0
0	0
0	27
0	18
24	39
0	7
0	0
0	4
0	3
0	7
0	1
0	7
1	7
0	7
0	3
0	4
0	1
0	1
0	4
0	1
32	0
0	43
0	15
8	13
0	37
0	26
0	0
0	0
50	0
1	0
0	2656
36	2036
0	1744
0	926
0	430
2	19
9	340
0	1069
11	400
0	623
0	223
0	192
0	1428
0	1348
0	1169
4	995
0	568
0	343
0	1026
16	12
16	788
1	781
0	788
0	406
0	5
1	5
0	1
0	3
0	0
0	0
0	1
0	0
0	0
0	0
0	0
60656	3270
0	1043
5	1031
138	3190
3	964
0	0
1	921
60	950
86	16
0	787
9	24
0	239
0	129
172	255
33	116
0	101
1	15
6	0
4	34
2438	875
1	61
3	351
0	463
22	483
0	422
0	494
0	196
3	15
8	0
0	0
0	0
0	0
0	0
0	0
131	2346
91	2362
0	177
25	286
42	95
13	4
81	2330
0	0
0	0
1	0
19	58
0	42
0	16
1	23
0	21
0	21
2	21
3	7
0	1
20	92
0	67
0	6
0	50
0	2
0	0
0	2
0	0
61	1395
1	358
2	55
3	492
11	430
6	214
0	1377
24	131
0	99
2	74
0	165
3	56
0	90
0	203
0	184
271	269
0	30
29	163
1	22
0	69
0	25
0	27
0	4
0	1
0	0
0	3
0	3
0	4
1	0
0	0
0	0
1	0
0	0
0	0
0	0
0	14
1	14
10	801
1	646
708	865
5	865
2	588
0	35
46	110
1534	1999
19	1100
6	181
5	31
0	101
1	2
2	334
42	424
2	287
0	0
0	3
0	10
0	0
1	5
0	13
0	0
0	0
0	0
0	10
100	4
0	3
0	4
0	4
0	4
115	150
283	150
17	329
0	323
19	180
1	141
1	48
0	1
0	1
0	0
0	0
0	0
0	0
0	0
0	1
3	488
31	945
14	336
4	134
0	298
9	209
0	32
8	45
0	12
201	150
0	47
0	26
0	40
0	40
0	34
15	173
4	0
2	4
0	4
0	0
0	0
0	0
0	0
0	0
0	0
0	0
0	0
0	0
0	0
0	0
0	0
0	0
0	0
1	0
19	215
0	103
0	101
2	202
0	128
2	112
150	94
2	60
38	65
0	0
0	0
0	0
0	28
0	2
0	1
0	0
0	0
0	0
0	24
0	2
0	28
0	28
0	0
408	106
0	91
0	71
0	38
0	15
353	2082
0	2017
6	93
8	202
2	486
490	2
7	2
3	2
0	0
0	0
0	0
0	169
0	169
0	3
801	1460
23	91
19	1310
1	268
0	231
0	205
0	0
0	6
0	14
0	6
0	6
0	11
0	2
42	953
0	383
0	376
0	573
0	87
3	352
0	0
0	0
0	10
0	10
0	7
1	1
2	1
174	404
0	353
14	51
2	15
0	15
0	15
0	12
0	15
0	8
55	421
0	368
0	151
1	67
0	291
0	136
0	36
5	8
2	11
0	291
0	1
0	1
0	0
0	0
0	0
0	0
0	58
2	7
0	54
0	1
22	118
0	183
0	580
2	269
5	0
0	145
0	1
0	132
1	99
0	192
1	0
0	50
16	222
2	0
0	0
43	0
0	0
17	1
0	0
0	213
0	203
0	17
0	130
0	35
184	2278
0	2305
1	1177
4	62
4	1251
8	1631
9	838
24	446
0	516
46	476
0	164
0	0
0	61
0	57
0	11
0	4
0	11
0	65
0	75
0	67
0	0
0	11
0	51
0	11
2	4
0	0
99	439
5	427
0	6
0	167
2	33
0	1545
1	20
4	25
3	135
0	305
7	15
1	1489
4	0
30	18
27	207
0	207
3774	3588
2	2214
3	1367
479	286
0	51
0	82
0	122
0	117
92	1280
0	53
0	300
0	1627
0	1668
1	1648
4	1600
0	2245
21	2245
0	1433
4	2038
16	949
4	2175
2	130
0	378
0	291
3	67
2	276
0	77
5	5
112	111
1	100
2	32
7	1277
0	1039
0	820
8	426
2	82
0	54
0	414
20	47
63	718
10	307
8	535
1	536
13	82
274	0
0	1274
6	84
0	70
0	6
56	78
29	1095
35	676
0	674
0	335
61	367
0	425
16	350
0	0
0	0
0	22
1	6
0	4
3	19
0	0
0	171
5	261
20	202
0	233
0	72
13	653
1	18
0	69
2	639
6	146
0	15
0	24
0	9
0	0
0	15
0	24
2	2233
0	1993
0	657
8	557
3	1205
3	2153
405	441
0	122
36	317
0	0
0	0
0	0
0	0
5	1705
4	448
0	1713
0	53
0	179
10	53
194	176
2	39
0	70
8	14
0	10
0	26
0	24
0	9
0	8
0	2
0	4
10	0
1605	1226
1	622
14	175
0	466
8	466
863	562
161	381
63	56
6	47
0	0
0	0
0	0
0	0
0	0
0	0
0	0
0	0
0	0
0	0
0	0
0	0
0	0
0	0
0	0
0	0
0	0
78	2545
12	2494
30	642
0	354
10	0
10	117
1	110
30	19
9	42
0	0
0	0
0	0
0	0
2	0
0	19
2	19
0	0
0	1
0	15
1	0
0	19
0	44
0	313
0	54
2	8
0	3
0	331
0	341
0	336
0	10
0	19
0	47
2	19
0	332
0	333
0	137
0	136
0	138
1	140
0	107
0	131
1	0
0	7
4	70
0	7
0	7
0	2
0	135
0	2
0	16
0	16
0	16
0	10
0	3
0	107
18	52
0	9
16	40
5	89
2	107
0	42
1	80
2	10
0	102
607	1363
0	95
558	1268
826	445
0	0
0	0
0	0
0	0
0	0
0	3
0	3
0	1
0	0
0	0
0	182
0	142
0	176
1	161
25	0
4	8
0	2
0	2
0	2
0	0
38	3
16	1566
258	1607
1	70
40	1
3	711
1	70
0	178
1213	2624
1	1288
0	1355
7	372
21	301
471	53
2	53
0	0
0	0
0	0
53	126
924	645
4	248
11	64
0	15
0	182
1	92
2	108
12	0
0	1
0	1
0	1
91	452
18	452
37	141
1	99
0	0
0	0
0	0
1	29
0	29
0	25
0	0
0	0
0	0
0	360
0	337
1	226
22	155
110	11
0	26
0	360
137	325
13	325
41	153
24	33
1	0
0	8
0	1
0	25
0	0
0	0
0	0
0	0
0	0
0	0
0	0
0	256
2223	256
0	0
88	0
0	0
0	0
0	0
0	0
0	2
0	2
0	0
0	0
0	7
0	7
0	7
0	7
0	2
0	5
0	0
0	103
0	101
0	3
16	109
0	104
0	10
0	101
0	0
0	0
0	0
0	0
0	0
122	9
0	9
1	0
0	0
0	0
0	0
24	70
1	70
0	5
1	563
0	141
36	1
81	130
10	484
1	1437
10	80
0	130
4	81
26	690
0	1758
1	298
120	791
5	795
0	480
1	282
0	150
0	0
0	1
2	1
0	1
0	1
0	0
0	0
471	243
14	243
41	29
3	135
0	0
0	0
0	0
0	0
0	0
0	1365
0	1303
1	1264
12	777
0	327
0	216
9	232
0	62
0	316
9	128
0	219
1	358
0	207
48	469
11	115
0	69
1	62
0	1373
0	0
0	0
0	0
0	0
2	34
0	0
0	0
0	0
0	0
0	0
0	0
0	0
1	8
0	14
0	38
0	38
0	14
0	14
0	14
0	5
0	33
0	0
0	0
5	0
0	0
0	0
0	168
0	195
0	168
2	143
0	194
14	165
0	12
0	0
0	0
1	0
0	7
1	22
0	16
3	0
0	0
16	603
0	250
0	251
6	258
22	353
0	32
200	1318
82	5
0	1096
4	5
1	1297
2	74
0	180
40	40
4	391
0	397
0	185
33	173
26	0
0	447
476	2268
0	691
2	2110
0	1894
59	312
0	1982
8	154
0	477
28	1738
3	1963
0	190
28	136
22	32
0	1161
33	111
23	708
222	136
0	136
5780	144
14	144
571	37
7	40
0	36
0	8
0	8
0	1
0	1
0	1
0	0
0	0
0	0
0	0
2	300
1	300
0	0
0	0
0	0
0	0
0	0
0	0
0	0
0	0
0	0
85	1099
0	936
0	40
20	912
0	729
1	28
2	70
1	719
13	291
6	183
0	26
0	2
0	2
4	424
1	420
0	29
0	1
0	31
171	80
3	0
7	0
1	80
0	57
0	0
0	6
0	13
5	13
0	190
0	182
0	157
1	123
0	106
2	3
25	67
899	49
1	43
0	38
0	14
0	14
0	14
0	14
0	14
1	8
9	71
60	71
0	15
0	9
0	0
2	19
5	20
1	5
1	9
1226	846
22	327
0	73
2	507
0	1
3	22
0	14
0	14
0	14
0	14
0	1
0	0
0	145
157	252
37	162
0	150
0	8
0	13
0	497
0	498
1	59
16	44
7	23
0	112
6	31
12	32
0	85
2	12
0	112
16	1
0	1
2	1
1205	5131
12	642
13	152
18	179
0	432
0	68
0	71
0	3
3	7
0	4
1	6
42	15
0	7
1	8
0	0
0	0
0	0
0	26
0	25
17	25
1	25
0	2
2	0
0	0
0	0
0	0
0	65
4	17
0	68
0	20
9	52
3	15
139	1616
0	531
3	1468
0	0
0	0
0	0
0	9757
0	9533
0	9582
0	9358
2	9235
6	467
3	342
24	0
1	20
4	29
95	75
7	1
1	26
3	58
0	98
30	124
0	6
0	25
0	0
1	0
52	16
1	1
3	3
0	0
5	0
0	12
0	5
0	9
0	8
1	3
0	7
397	148
0	86
36	62
0	14
33	23
0	23
291	155
0	78
4	108
8	62
9	40
1	32
0	32
2	3
0	9
0	0
0	0
0	0
0	0
0	0
0	0
0	0
39	313
0	740
0	590
50	800
16	31
8	33
12	77
0	201
0	0
0	373
0	371
41	353
0	263
0	228
8	4
40	83
1	83
327	172
34	13
15	43
0	60
0	136
0	40
2	85
450	3869
14	3562
4	3685
89	3705
150	81
2	485
4	111
11	1
114	0
0	0
0	0
0	0
0	0
0	0
15	151
0	150
0	129
0	128
0	124
0	123
3	0
0	0
0	0
0	0
0	0
0	0
0	0
0	0
0	0
0	0
0	0
0	0
0	0
0	0
0	1
0	74
2	63
0	73
0	504
6	493
20	502
0	517
0	162
2	60
3	114
0	150
4	115
12	53
0	19
0	172
26	97
0	13
0	171
0	1048
0	727
0	1068
88	599
12	159
0	76
0	56
0	36
12	149
0	1046
0	192
0	15
0	14
0	8
3	186
0	58
0	126
0	17
0	4
0	11
2	2
0	37
0	6
0	11
0	1171
0	1168
0	208
7	926
1	272
98	287
13	45
1	349
1	162
3	149
0	110
0	231
0	374
0	179
0	338
3	64
0	300
0	278
23	205
6	57
12	32
0	96
0	16
47	18
5	4
0	0
0	0
0	0
0	0
0	0
2	560
1	57
9	492
0	411
20	28
0	28
55	455
0	442
0	378
27	22
0	64
0	43
0	68
0	22
0	0
0	25
2	0
0	25
0	24
2	23
0	20
0	21
0	828
22	819
0	506
1	678
0	248
2	5
138	74
0	45
1	667
341	681
0	34
0	569
16	2
17	25
0	0
0	7
0	1
0	2
0	7
0	1
0	7
0	1
0	4
0	1
0	0
0	3
0	0
0	0
4	0
0	0
0	0
0	45
13	372
1	364
9	23
87	127
0	365
1509	0
0	913
0	31
0	1348
0	790
0	19
14	1420
0	157
0	1178
3	957
0	323
3	660
1	228
0	454
0	305
3	223
0	272
35	788
13	3772
3	3772
0	2176
212	2176
50	3752
3	3752
184	57
5	57
11	12
0	11
0	5
8	1
0	0
33	8
0	8
0	0
0	0
0	0
0	78
0	78
0	0
676	1211
0	203
0	1025
289	0
2	1268
0	90
1	294
9	262
57	1272
0	359
0	233
1	269
11	156
4	73
686	0
40	324
1	290
8	390
0	167
8	103
0	94
0	35
0	53
5	1726
0	699
0	1242
0	1448
3	681
29	266
31	718
361	1557
41	263
1	0
0	0
0	0
0	0
0	0
13	5212
157	2027
0	5212
0	10
0	60
0	12
0	60
0	50
0	21
298	0
0	0
0	33
0	632
0	635
0	645
19	648
5	137
0	52
0	541
0	237
3	52
0	129
0	107
0	63
0	55
1	58
0	43
0	44
0	27
0	10
0	0
0	0
0	0
0	0
0	0
0	0
11	17357
1	13517
70	2768
1018	13208
0	13127
3	2298
2701	4963
4	2252
0	1400
0	0
5	134
0	134
5	1
2	29
4	21
0	0
0	0
0	0
51	418
4	412
0	398
253	165
0	31
0	18
0	399
0	762
35	767
2	562
0	502
384	76
0	76
0	0
0	0
0	0
0	0
0	0
0	902
0	1038
2	456
1	928
0	434
2	282
0	478
0	202
2	207
0	409
0	375
0	370
4	318
0	178
0	108
2	10
0	10
0	0
0	0
0	19
3	19
0	0
0	0
0	0
0	3
3	3
4	1
43	162
4	162
4	26
0	0
0	0
10	245
244	797
0	219
1	253
0	272
12	338
1	338
15	106
0	0
0	0
0	0
0	0
0	0
0	0
0	0
0	0
0	0
0	0
0	0
0	0
0	0
26	164
0	0
1	0
0	0
0	0
0	0
0	0
0	0
0	0
0	0
0	0
0	0
0	0
0	0
0	0
0	0
0	0
0	0
0	0
0	0
0	0
0	0
0	0
0	0
0	0
0	0
0	0
0	0
0	854
1	854
0	854
0	8
0	8
0	0
5	0
2603	526
0	214
0	320
0	0
0	0
0	0
0	0
0	30
0	0
0	13
0	30
2	14669
0	1253
0	13863
23	9147
133	13969
0	13888
0	0
114	190
2	68
0	25
3	13
0	177
0	36
72	39
0	39
7	1244
82	1267
0	1291
106	1248
1106	74
267	51
1	51
0	0
0	1
0	1
0	0
0	0
34	87
0	20
0	79
0	20
0	54
1	0
0	61
0	16
0	15
0	16
3	1
0	1
0	1
0	1
0	0
2	0
0	0
0	0
0	0
79	352
0	135
0	89
0	231
0	35
0	6
0	6
0	4
0	1
0	0
0	0
0	0
406	0
0	0
0	11
30	26
0	25
0	0
0	0
0	0
0	0
0	0
0	0
0	0
0	0
0	0
0	0
0	0
0	0
162	108
25	16
0	116
9	79
0	8
0	0
0	142
0	769
38	368
15	7
3	743
8	343
0	693
0	697
0	69
6	29
0	79
0	277
4	256
13	144
0	183
0	171
0	168
3	103
1	91
5	55
0	20
37	0
0	0
0	0
183	72
0	45
0	28
0	20
0	52
0	118
0	113
1	36
5	5
3	19
0	14
31	9
5	1
0	0
73	142
0	109
3	3
0	3
0	145
2	53
0	58
0	91
5	23
0	22
0	35
0	7
5	9
601	111
0	49
0	106
0	54
0	68
4	3521
0	1159
1	2135
37	252
14	414
0	1231
0	1087
0	805
0	893
0	248
4	348
0	3522
1	92
130	232
0	236
16	79
0	207
0	6
0	0
0	0
0	6
0	6
13	111
0	84
0	96
0	60
0	53
0	39
0	37
1	2
0	17
0	7
12	26
0	8
154	240
9	249
0	192
0	164
4	26
1	137
0	361
1174	925
7	566
20	122
1	193
9	161
0	1098
12	33
0	445
1	338
7	599
10	170
1	85
14	19
0	178
0	1098
0	13
1502	13
0	0
8	4620
0	5031
0	4248
0	5389
10	848
21	1185
235	22
363	365
0	34
2	331
0	99
0	3
36	0
0	0
0	0
0	0
63	1487
93	2052
0	330
0	151
0	561
0	22
0	22
0	1
0	1
0	409
31	409
3	38
455	975
0	151
2	308
4	371
2	117
2	59
1	510
4	525
0	0
0	0
0	0
0	0
0	0
0	0
0	0
0	0
0	0
0	0
0	0
402	0
45	291
0	34
0	39
1	283
0	18
0	0
0	0
0	0
0	0
0	0
0	0
0	0
0	0
0	0
5	5
0	3
0	2
2	2
3	61
0	61
0	8
0	3
0	6
1	18
0	0
0	0
40	0
3	709
0	0
0	0
0	709
0	475
3	579
22	54
0	22
1	45
4	50
0	24
0	0
0	0
0	0
0	0
0	0
0	0
0	0
0	0
0	0
0	0
0	17
0	26
2	0
0	27
0	15
114	75
8	75
7	3
176	17
0	17
1	0
0	19
0	19
1	19
0	19
1	19
0	19
93	0
6079	0
26	4
0	4
0	0
0	0
138	513
0	57
21	456
17	1
7	53
0	115
3	62
10	226
1	148
3	137
0	0
0	0
0	0
0	0
3	1
53	39
0	4
0	1
0	0
2	39
126	142
0	78
0	44
0	25
0	12
4	4
1	24
13	179
0	177
0	179
33	0
0	0
0	0
0	0
3	0
0	0
0	0
0	1
0	0
0	0
0	1
0	1
0	0
0	0
0	0
0	0
97	581
3	581
4	16
371	2419
3	48
9	321
3	2050
10	0
2	86
16	363
6	222
0	0
0	0
0	0
0	0
0	0
0	0
0	0
1	210
5	223
4	209
0	201
11	16
5	2
0	1
7	507
0	409
1	273
0	350
11	320
12	43
1	87
2	24
2	0
0	423
0	428
0	70
1	428
0	156
0	39
4	32
50	2458
1	4735
5	2459
17	4578
20	3063
20	639
1	4
0	5
0	3
1	4
0	3
0	0
0	3
0	3
0	0
0	3
1	489
11	151
4	145
58	130
2	40
0	33
0	29
10	62
0	42
0	17
0	26
0	3
4	7
1	5
0	0
0	0
0	0
0	0
0	0
0	0
388	94
7	94
0	0
0	0
0	0
0	0
0	0
0	0
0	0
0	0
0	0
0	0
0	0
0	0
0	0
0	0
0	0
0	0
0	0
6	110
0	96
0	84
13	102
0	95
0	106
1	69
0	22
12	1
0	445
0	438
42	36
1	40
0	4
0	4
0	0
0	0
740	365
0	365
0	486
11	465
0	344
4	108
10	87
5	67
1548	1199
5	119
43	1080
5	438
13	108
0	235
1	235
0	186
0	235
0	219
0	233
7	69
0	131
0	26
0	238
0	229
0	237
0	210
0	235
0	2
0	2
0	2
0	1
0	2
0	391
0	359
1	372
0	333
0	370
7	142
237	461
3	461
0	164
0	0
14	4
0	0
1	2
0	22
0	17
0	22
0	22
0	1
0	1
0	4
2	1
0	0
0	0
0	0
0	0
247	116
0	100
0	116
0	89
0	82
0	66
0	0
3	7
0	7
0	0
0	5
0	3
1258	1367
7	1367
0	739
0	434
3	181
0	0
2	27
3	1023
0	292
1	1002
4	229
0	216
6	289
0	934
3	115
3	232
2	6
0	7
3	11
0	2
0	0
0	2
2	1520
39	0
4	1551
1	57
0	329
1	869
0	257
0	62
1	5
2	57
0	0
0	0
0	0
0	0
0	0
0	0
1	0
0	0
0	0
30	103
0	101
0	34
0	28
0	53
0	0
0	0
0	0
0	0
0	0
0	0
2	663
0	703
21	686
0	690
0	256
5	0
0	0
0	0
0	0
0	0
0	0
9	0
0	0
0	0
0	0
0	0
0	0
0	0
0	0
0	0
0	0
0	0
23	895
0	1014
0	407
0	785
0	813
0	792
5	35
10	16
8	34
0	477
38	106
20	24
2	581
0	309
0	77
15	49
4	55
2	48
7	231
2	113
0	118
230	9365
0	9393
102	9278
7	9458
0	9458
41	9126
3	9087
180	9121
2	8842
13	8388
3	8750
32	42
0	4
2	4
13	10
0	0
1	0
353	1177
60	916
0	705
0	1891
0	2472
27	452
0	604
0	583
18	10
13	3
0	1
0	2
1	0
0	0
0	0
0	0
0	0
0	0
0	110
16	79
0	69
0	51
0	12
0	17
0	100
0	0
0	0
7	0
0	0
0	0
0	0
6	0
0	0
0	0
1	758
0	748
0	657
0	749
3	113
3	23
0	9
0	0
1	7
0	15
1	6
4	3
0	5
0	9
0	0
0	0
12	3129
0	3150
0	3165
0	3144
0	3161
1	1950
4	3433
11	1682
4	381
0	56
0	0
0	56
0	33
0	34
2	33
0	55
3	16
0	2
0	2
0	0
0	1
0	1
2	0
0	0
0	0
0	0
6	19
0	18
0	2
0	1
0	1
5	1
0	1
0	0
0	0
0	0
0	0
0	0
0	0
0	0
0	0
0	17
0	17
0	17
0	12
0	12
0	12
0	4
1	0
0	12
0	773
0	588
1	517
1	227
10	625
7	70
0	0
0	0
0	0
0	0
0	0
0	0
0	0
0	35
0	36
2	18
0	26
0	23
1	19
0	9
0	12
0	10
0	13
0	13
0	10
0	9
0	12
0	9
7	8
0	10
2	11
0	8
0	4
0	1631
0	1106
3	884
2	380
36	1116
13	509
5	351
0	351
0	1
0	1
0	0
0	1
0	0
0	1
0	0
0	0
0	0
0	0
0	0
0	0
1	0
0	0
0	0
0	0
6	0
0	2
0	1
10	14
0	2
0	1
0	0
0	1
0	0
0	2
0	2
0	7
0	7
0	2
0	1
0	1
4	2
148	307
3	307
0	2
0	2
0	2
0	2
0	1
0	1
3	1
0	0
0	0
0	0
0	0
0	0
0	2
0	0
0	0
0	0
0	0
0	0
0	0
2	21
1	21
8	193
2	0
36	193
0	0
0	0
0	0
1170	781
0	781
0	0
0	4
0	0
0	0
0	4
1	173
11	215
0	109
8	195
15	1264
16	1264
0	1145
0	1261
0	187
23	10
23	141
0	3
0	0
0	2
0	0
0	3
0	0
0	0
0	0
0	0
1698	442
24	153
8	288
53	75
0	5
0	1
11	1
0	4
317	33
10	33
14	97
1	95
1	60
6	125
0	15
22	107
0	74
0	11
1	39
1	24
0	24
22	15
22	2
0	0
0	0
0	0
16	140
0	1
0	1
0	0
0	1
0	1
0	1
0	0
1	0
1	1
0	2
0	2
0	2
86	1
0	0
0	0
0	0
0	54
0	201
0	117
1	201
0	0
2	37
0	2
0	43
3	39
0	32
2	2
0	0
0	0
0	0
0	0
0	24
0	2
0	1
0	24
0	24
1	194
120	684
6	608
2	57
4	230
0	0
0	0
164	15346
0	15487
2	6717
59	8054
0	14432
0	14097
8	201
11	2931
33	0
16	996
2	649
21	420
41	2
0	41
0	0
0	0
1	0
0	524
0	459
4	538
0	189
1	223
22	221
0	206
6	0
0	458
0	1271
0	1314
6	761
0	1054
111	39
1	702
8	612
0	179
0	72
0	18
66	6
0	66
4	115
0	5
0	5
0	5
0	2
0	0
0	1
0	4
138	2579
1	475
3	405
0	354
0	483
2	324
0	745
1	989
0	369
0	1025
286	1343
6	279
5	1064
17	832
54	262
0	0
0	0
0	0
0	45
2	45
0	0
0	688
0	748
2	128
0	217
0	131
0	302
2	97
0	104
0	222
1	117
3	116
92	26
778	367
6	89
4	229
2	305
2	359
2	1329
0	62
2	72
0	170
0	164
1	1151
22	78
0	7
0	7
0	0
0	0
0	33
20	82
1	82
0	0
0	0
0	0
964	172
9	172
1	0
0	0
0	0
0	0
0	0
0	0
0	0
0	0
0	0
0	0
7	261
16	262
2	93
7	6
0	30
48	233
1	37
0	31
1	194
2	17
0	17
0	16
0	37
0	34
0	33
0	31
0	34
0	11
7	7
0	0
3	241
88	243
68	581
0	26
5	195
0	498
0	87
9	168
0	63
0	28
0	330
11	36
0	245
2	567
0	508
0	192
0	286
0	279
0	233
0	184
0	260
1	210
0	64
0	44
0	0
0	0
1	0
0	0
0	0
0	0
0	0
0	0
0	0
3	0
1	0
0	0
0	0
0	0
0	0
0	0
0	0
0	7
1	3
0	2
0	0
1	7
0	0
19	141
2	141
0	22
0	38
0	38
9	49
2	0
41	8
0	0
0	0
0	0
0	0
0	0
0	0
0	0
0	0
0	142
6	363
5	566
0	572
0	85
0	44
10	58
0	37
0	20
0	30
0	31
0	18
0	18
0	17
0	8
0	17
0	0
0	0
0	0
0	55
0	329
0	211
3	87
0	77
0	216
0	138
5	181
18	139
0	315
7	31
31	2927
0	98
1	148
1	63
36	2916
0	0
62	116
0	89
1	95
3	22
0	25
0	27
0	8
0	30
2	33
1	43
0	27
13	14
0	380
0	156
0	375
5	17
0	345
0	148
22	299
11	91
0	33
6	89
0	362
4	375
0	154
0	31
0	40
3	33
0	27
0	22
1	23
0	31
0	9
4	0
1	314
5	288
0	340
0	400
0	430
6	384
0	5
0	384
0	6
0	6
0	3
0	1
0	1
0	1
0	1
0	0
0	0
1	0
0	0
0	0
0	2
0	2
0	0
0	0
0	0
521	0
0	0
11	123
0	340
3	335
6	183
497	755
2	683
11	402
1	207
1	142
9	25
10	150
0	0
0	0
0	0
3542	0
130	64
5	57
1	55
2	31
0	0
0	922
43	962
20	4
5	305
31	269
5	15
0	0
0	0
0	0
0	0
0	9
12	188
0	31
89	225
0	152
0	186
0	122
0	88
18	15
1	13
0	10
0	0
0	0
0	0
0	0
0	0
0	0
0	0
0	0
0	0
0	0
0	0
0	0
0	0
4	98
0	98
0	252
0	0
0	5
0	252
4	85
0	106
0	127
0	120
0	67
0	28
0	20
0	19
0	10
0	12
0	22
0	9
0	18
1	9
0	13
3	3
0	0
7	0
0	0
226	0
0	12
0	12
0	1152
1	32
0	114
15	1111
0	229
0	139
1	138
5	131
0	1
0	1
0	1
0	0
0	0
0	0
0	0
0	0
0	0
0	0
0	0
0	0
1	0
0	102
0	74
0	62
0	52
18	287
0	98
0	103
9	1
1	287
0	70
0	0
0	0
0	0
0	0
1	37
25	142
0	24
0	142
0	123
0	112
0	95
0	94
0	46
0	47
0	14
0	0
0	0
0	0
0	0
0	1
0	1
0	0
0	0
0	0
0	0
0	0
0	0
0	0
0	0
0	0
12	106
7	26
0	8
0	204
0	231
0	0
0	0
0	0
0	0
0	0
0	0
19	0
1	297
0	279
0	216
0	275
12	190
2	277
0	100
0	94
1	47
0	101
0	36
3	260
0	260
0	264
0	250
1	15
0	19
3	9
0	0
0	0
170	37
0	37
58	158
1	59
2	151
0	0
0	0
0	0
25	131
0	45
0	86
0	1
0	2
0	1
0	1
0	0
0	0
19	280
8	279
98	24
41	0
2	62
4	62
97	1431
0	1306
1	79
21	1058
2	1083
0	886
0	757
2	149
1	87
9	56
11	80
7	44
0	135
0	11
0	1091
6	0
0	0
1	0
82	0
43	398
18	398
5	387
2	347
0	390
0	291
9	109
3	2
0	4
0	5
0	5
0	389
27	393
8	9
2	44
0	0
0	0
0	0
0	0
256	691
8	147
53	657
3	59
108	502
0	219
0	499
11	415
4	499
0	162
0	0
0	0
0	0
0	0
0	0
0	153
0	183
0	176
5	6
0	169
0	179
2	74
0	162
0	144
0	143
0	161
2	163
0	122
0	78
0	82
0	82
0	57
1	1541
0	1660
1	1454
3	788
0	320
0	425
20	248
664	453
1	448
17	330
0	0
64	552
4	552
0	42
0	5
0	0
0	0
0	0
0	0
0	0
6	96
0	88
0	19
2	9
0	33
10	29
0	511
0	445
0	341
108	345
1	224
3	69
0	213
28	4
0	511
0	445
38	0
0	0
0	0
0	0
0	0
0	0
4	658
0	502
0	908
0	3987
165	8925
242	481
0	253
2	625
4	8442
127	41
0	41
514	441
0	64
26	186
0	419
0	0
0	0
0	0
0	0
0	0
0	0
0	0
0	0
0	0
40	410
42	41
76	118
4	0
0	410
2	218
0	244
0	179
0	172
0	256
0	177
2	45
3	131
0	143
0	84
2	175
19	0
3	28
4	0
0	58
4	92
1	67
0	36
0	30
3	18
0	0
0	4
0	0
0	4
0	1
0	94
0	97
0	97
0	96
0	87
11	133
0	28
0	97
0	131
10	0
78	2516
19	759
0	2137
182	1861
0	2092
79	245
0	2182
0	2318
5	2375
3	105
0	505
23	304
0	315
0	313
0	248
257	488
0	109
203	31
0	226
22	1439
0	1036
13	2116
1349	2
13	2
0	24
0	1341
1	33
2	994
0	23
8	1173
0	585
104	103
1	42
131	83
14	83
3	42
0	0
0	0
1	2
0	2
0	0
0	0
0	0
0	0
1	152
3	152
0	0
0	0
0	0
0	0
0	0
0	0
0	0
0	0
0	0
0	0
0	0
0	0
0	0
0	0
354	0
0	3
0	0
0	3
0	1
0	2
0	3
17	0
7	747
699	1246
4	1033
4	141
1	161
0	0
0	0
0	0
0	1778
23	1751
0	250
9	1551
6	54
3	130
12	0
0	261
0	243
0	0
492	2091
0	1887
0	1834
7	1759
0	1559
56	0
0	1443
1	308
6	159
0	399
26	353
10	365
23	97
279	1835
0	1835
3	85
3	26
0	195
0	0
0	0
0	0
0	0
0	0
0	0
0	0
0	0
0	0
0	0
0	0
0	0
43	9
0	9
2	20
3	202
0	210
2	181
4	63
5	70
1	0
0	0
0	0
1769	377
19	119
0	219
0	2
3	128
0	10
0	204
6	49
0	0
0	0
0	0
0	713
5	609
3	104
0	61
0	713
0	82
0	179
14	10
0	103
1	0
9	103
141	90
0	84
0	155
0	142
0	23
0	155
0	0
0	0
0	0
0	0
0	0
1887	729
7	446
8	497
0	307
0	0
0	0
0	0
0	0
0	0
268	352
7	94
1	222
11	38
0	27
1	3
0	27
0	27
0	27
0	14
2	4
0	35
1300	95
7	69
17	16
50	28
7	8
0	8
3	31
4	29
0	30
0	30
0	13
0	2
2	27
0	27
0	5
0	0
0	6
0	6
0	2
0	2
0	0
0	191
2	195
5	116
4	0
0	0
0	0
0	0
0	153
2	2
0	58
0	122
0	34
0	69
0	133
64	142
0	24
0	132
2	87
0	2
0	0
0	0
0	0
0	0
0	0
0	0
0	0
425	6022
817	5542
45	6022
4	2503
45	24
0	170
43	10
5	60
4	35
0	35
2	63
0	64
0	64
0	63
0	64
0	40
684	1204
22	682
0	822
1	151
63	16
169	89
0	92
5	39
0	14
0	0
0	0
0	0
0	0
0	0
11	0
0	0
0	0
0	0
0	0
0	0
0	0
0	0
0	0
327	144
9	96
0	21
0	76
6	48
1	42
0	0
0	0
0	0
0	0
0	0
0	0
0	0
0	0
4	2
5	465
0	481
22	15
22	11
10	46
5	0
1973	0
0	0
0	0
910	64
1	37
0	4
0	0
0	11
4	33
4	4
0	6
1	1
0	0
2	0
0	0
0	0
0	0
0	0
2	0
0	0
1	0
0	0
184	0
10	12
0	12
0	1
0	1
0	1
0	1
0	0
0	0
0	0
0	0
2	4263
36	41
82	4304
257	26
0	0
5	26
0	721
40	1
0	165
9	15
0	705
246	35
0	35
0	0
0	0
0	0
1	35
0	34
0	34
4	5
1	1328
0	0
0	0
0	0
0	0
0	2
3	1326
0	852
31	35
0	1039
0	45
48	35
0	97
0	1039
6	173
1	173
0	56
1	0
25	115
0	3
0	3
6	117
0	1
0	0
0	0
1	1
0	1
0	1
0	0
2	45
0	49
5	46
2	8
1	4
8	3
0	0
0	0
0	0
0	0
0	0
0	0
0	0
0	0
0	0
0	0
0	0
0	658
0	182
4	254
5	607
1	199
1	4
1	27
43	139
6	42
1	28
0	617
3	0
0	0
0	0
0	0
0	0
99	629
0	642
0	90
0	59
0	635
1	0
0	0
0	0
0	0
0	235
3	224
1	106
4	21
1	53
3	111
0	29
4	75
0	3
0	3
0	1
2	2
0	1
4	10
0	0
0	0
24	1
0	1
123	36
3	36
0	0
0	0
29	28
0	28
0	28
0	28
0	5
0	3
0	15
0	157
64	32
5	35
442	1393
22	143
0	1407
0	0
0	0
0	0
0	0
25	94
2	73
0	0
0	0
0	0
0	0
0	0
0	0
0	0
0	0
0	0
0	1
0	1
0	0
0	161
0	17
16	65
31	53
0	33
1	165
0	13
0	43
2	6
3	2
1	4
0	7
0	0
0	0
0	0
0	0
1	0
495	729
0	729
58	115
0	0
0	0
143	1106
16	1082
1	29
0	9
7	9
25	9
15	3172
0	3306
0	208
0	87
22	267
269	1909
1	1432
1	1397
0	1381
1	1079
16	311
46	2
119	213
47	376
0	365
0	379
0	221
0	58
123	0
20	0
0	137
0	75
0	0
905	217
0	216
0	0
0	2
0	2
0	8
0	0
0	1
0	1
0	1468
0	409
104	1468
7	263
0	243
0	377
3	275
2	177
0	0
0	0
0	0
0	0
0	0
0	0
0	146
0	82
16	170
10	1549
9	247
0	1402
1	1540
0	1476
1	0
2	334
16	1188
3	212
0	254
0	152
1	524
2	153
0	193
59	89
0	40
0	34
14	40
0	52
0	25
0	0
0	84
0	89
0	1
0	1
0	0
0	0
0	4
1	44
0	31
8	88
47	79
0	85
9	4
10	257
0	259
0	18
0	33
0	9
0	47
3	44
0	38
0	352
9	353
0	339
0	327
0	0
129	91
2	1
0	14
0	13
2	19
0	57
8	118
2	74
0	118
0	63
4	10
6	121
0	69
0	0
0	0
0	0
1	6
0	6
1508	481
0	475
8	29
0	154
0	40
36	0
0	8
2	27
0	8
0	4
0	10
0	27
0	1
0	7
0	0
0	0
511	102
0	102
13	2604
1	1075
9	2364
5	52
15	157
13	131
1	137
0	0
0	0
0	0
0	0
0	0
0	0
0	0
0	0
2498	402
16	402
0	207
1	422
8	419
33	1347
0	1322
0	138
0	1033
0	134
10	49
30	145
12	18
2	42
5	62
0	17
5	49
1	2326
35	2635
0	348
4	1121
3	124
22	158
5	535
53	396
0	0
0	0
2	0
0	0
0	0
0	356
3	341
0	341
0	295
0	19
7	143
2	11
0	24
0	29
0	21
2	25
10	0
1	14
0	12
0	0
11	5329
1	5329
29	514
0	64
1	64
2	31
0	22
6	8
0	66
273	144
0	46
0	118
0	141
0	73
0	31
2	27
1	26
0	7
0	3
0	1
0	3
0	0
0	0
0	0
0	0
0	0
415	0
4	2555
0	398
7	863
18	501
0	2487
0	800
0	491
4	269
0	0
0	0
54	11
0	11
0	1735
3	1674
0	1695
2	1722
1	1656
0	95
5	49
3	154
7	30
0	36
0	0
0	0
0	0
0	0
2	2715
0	705
44	2487
0	0
0	0
158	2786
5	2670
41	286
0	2483
89	175
0	467
73	0
0	2
0	0
0	2
0	0
0	0
0	0
0	0
0	1
0	1
0	1
0	1
0	0
0	0
0	0
0	0
0	1
0	1
0	0
0	1
0	1
0	1
0	53
196	70
8	30
0	17
82	5
0	5
7	0
3	2086
0	1419
8	15
7	384
16	188
10	152
0	131
0	2086
435	1126
1	1033
7	332
0	102
2	155
8	79
0	162
1	1129
0	21
0	1142
42	24
1	353
0	0
0	0
0	0
0	0
0	0
0	1
0	1
0	1
0	0
0	0
0	0
0	0
263	171
5	171
0	0
0	0
0	0
0	0
23	0
70	0
13	66
0	60
0	7
1	30
0	12
208	143
0	48
0	116
0	68
3	23
1	8
166	190
0	185
7	0
1	47
7	14
5	5
0	0
0	0
2	195
5	54
0	27
2	161
0	144
3	95
0	139
0	136
10	77
11	88
981	0
0	0
0	0
0	0
0	0
0	37
1	47
0	37
0	23
8	12
0	0
0	0
0	0
2	373
0	378
0	341
2	59
0	12
1	20
0	63
0	139
0	0
0	0
0	0
0	0
0	0
0	0
0	0
0	0
0	0
0	0
0	0
0	0
0	0
1	0
0	0
3573	1179
51	17
64	1154
0	959
95	5
101	8
0	5
2	3
0	0
0	0
0	0
0	0
3	0
0	0
0	5
51	50
10	50
18	66
0	66
0	5
0	0
0	0
0	119
0	58
2	0
0	0
0	0
0	0
0	0
0	0
0	0
0	153
6	143
3	52
0	38
0	59
0	38
0	12
22	5
0	0
0	0
13	0
0	119
461	1509
55	1035
12	1396
75	1353
0	238
28	558
10	4
56	25
1	72
0	0
0	0
0	0
0	330
4	330
40	11
10	306
606	261
0	261
0	4
0	5
0	5
0	0
0	0
0	0
0	0
0	0
0	0
0	0
0	0
0	0
0	1
0	1
0	1
0	0
1	1
0	0
0	0
0	0
0	0
0	0
0	0
0	0
0	0
0	0
0	0
0	0
860	0
1	0
0	0
0	0
1	235
4	226
0	63
4	162
0	389
54	369
0	121
0	382
0	14
29	170
0	39
0	213
0	59
0	62
0	47
0	22
7	86
0	86
0	13
0	11
0	27
0	44
9	44
0	0
0	0
0	0
0	0
0	0
0	0
0	472
2	468
0	462
6	406
2	458
3	45
0	444
9	29
6	473
65	7
0	6
0	25
0	66
0	20
2	27
0	27
8	82
0	32
0	1
28	26
11	0
0	451
0	416
0	415
2	389
0	0
0	0
0	0
0	0
0	68
0	68
0	30
1	11
0	2
0	21
0	21
1	7
1	31
1	7
1	118
2	119
2	41
2	7
1	119
112	90
0	66
0	56
0	0
0	0
0	0
0	0
2	0
9	0
0	0
0	0
0	0
0	0
0	0
0	0
0	0
0	0
0	0
0	0
0	0
0	0
0	0
0	0
0	0
0	0
2	538
2243	1189
2	245
3	211
0	247
0	115
0	146
0	0
0	0
37	237
0	230
1	145
0	44
0	177
0	15
0	103
0	1
0	1
0	0
0	0
0	0
1	0
0	0
0	0
0	0
0	0
0	0
0	36
0	36
0	2
0	2
0	1
2	0
5	462
0	225
4	504
5	11
0	161
1	45
0	505
0	54
0	37
238	123
0	116
0	28
0	92
0	97
0	60
0	65
0	78
5	17
7	31
7	30
0	0
0	0
0	0
0	0
11	0
21	214
14	215
0	10
0	36
0	31
0	8
89	28
0	28
0	98
0	32
0	423
0	423
0	355
5	355
13	423
30	80
1	80
4	2
2	10
0	3
2	394
5	392
0	65
0	17
67	366
0	366
0	0
1	0
17	0
4	0
2	0
0	149
0	153
1	3
0	8
0	5
0	15
1427	9
0	1
0	1
0	23
0	23
0	21
0	0
0	1
11	0
0	1
0	1
0	0
1	0
1	104
1	126
0	123
0	21
0	0
0	0
0	0
0	0
0	0
0	0
0	0
0	0
0	0
0	52
1	662
5	66
6	664
0	664
0	0
0	0
0	0
0	0
0	0
0	0
0	0
0	0
2	2
0	2
173	1667
42	1667
0	1079
10	855
32	0
207	1740
1	1738
14	225
2	262
10	682
37	201
4	132
0	34
0	0
0	0
0	0
0	0
0	0
0	0
0	0
0	0
0	0
0	0
0	0
0	0
0	0
0	6
0	0
0	1048
104	1102
0	1100
0	588
1	410
4	201
0	0
0	0
0	0
0	0
0	0
0	0
7	125
0	167
2	163
0	164
0	103
1	151
0	100
0	0
0	0
0	0
0	0
0	0
0	0
0	0
0	0
0	0
0	0
0	0
0	0
0	0
13	2576
1	2484
199	2458
228	0
2	577
0	213
0	381
0	114
3	1659
0	261
0	944
12	467
5	867
52	4
0	935
7	485
0	78
0	93
0	0
0	0
1	27
0	0
3	12
0	0
0	15
0	7
1	5
0	88
18	433
0	1063
1	546
0	27
0	981
2	990
139	499
6	150
0	45
0	32
1	32
5	115
0	89
0	1079
0	0
0	0
4	0
0	1
0	1
0	1
0	1
0	1
0	1
0	0
0	0
0	0
0	0
0	0
0	1
6	2
21	33
6	33
0	22
8	22
19	29
0	29
8	2
13	57
0	61
0	15
0	35
0	3
0	17
0	4
0	9
0	13
0	4
0	2
0	4
0	4
0	4
0	2
0	4
0	0
0	0
0	0
0	35
11	486
1	482
0	128
27	84
0	136
0	49
5	4
0	30
2	476
2	474
14	429
0	67
7	46
14	239
70	239
0	0
0	2
0	0
13	494
14	494
3	10
6	1
1	2
0	2
0	0
0	0
3	58
284	182
1	124
0	33
0	30
0	32
0	27
0	26
0	2
0	20
0	18
0	4
0	34
1	213
0	39
7	214
0	7
1	68
0	11
1	31
0	26
0	24
0	17
0	12
0	39
0	0
0	0
0	0
0	0
0	0
14	0
0	0
0	0
0	0
4	0
0	0
3	73
0	164
67	489
0	142
2	96
2	75
0	48
0	157
3	74
46	66
0	41
0	25
12	0
0	33
0	0
6	1
4	2404
0	0
0	0
164	1299
61	1299
0	0
0	0
0	0
440	3
4	3
603	0
8	0
0	0
0	0
0	0
3	23
0	12
0	5
0	0
0	4
0	14
1	7
0	1
0	579
0	518
0	315
32	131
0	126
1	118
29	95
0	608
0	2
23	2
1	2
2	0
0	0
0	0
0	0
0	0
0	0
0	0
0	0
0	0
0	9
153	94
30	58
3	23
0	30
0	0
0	0
1	428
0	589
6	327
6	268
6	273
41	48
148	171
25	115
0	81
3	3
0	24
0	0
0	0
21	4141
191	1296
4	4830
0	4824
0	364
0	1138
0	321
71	325
0	266
0	9
0	9
0	9
0	0
0	0
42	366
2	340
13	19
9	14
4	86
0	0
0	0
0	0
0	0
0	0
0	0
43	343
0	343
0	118
0	0
0	0
0	0
0	0
0	0
0	0
0	0
0	0
2	969
0	71
0	0
0	0
0	0
26	2015
5	568
80	2068
5	149
1	128
0	0
0	0
0	104
0	10
1	92
0	10
0	11
0	90
0	24
23	3
0	59
0	91
0	89
11	401
0	347
1	383
2	0
0	54
0	249
18	13
0	754
6	21
6	372
2	110
0	590
10	686
20	68
0	64
0	64
0	16
1	3
0	17
30	62
8	11
1	53
8	19
1	58
0	50
0	6
0	11
0	0
3	0
0	1
0	0
0	1
0	1
0	1
340	633
3	97
0	360
12	210
0	171
0	288
0	179
7	11
0	18
12	3
2	0
0	0
0	0
4	52
1	4
0	36
2	77
0	68
0	42
0	68
0	225
0	214
11	136
1	34
0	42
0	53
0	0
0	0
1	3
0	4
0	3
0	3
0	1
0	0
456	3093
3	1420
25	595
0	242
14	686
0	1311
2	136
0	245
0	136
12	128
204	19
0	15
1	4
0	15
0	715
0	665
13	185
0	108
123	0
4	34
0	81
0	173
2	112
1836	11751
17	10354
11	6353
15	4581
1	0
0	0
0	0
0	0
1	0
0	0
0	0
0	0
0	7
0	7
0	0
0	0
0	12
0	12
0	55
0	11
0	52
0	52
0	4
0	0
0	1
0	55
1	712
100	722
9	75
3	71
16	3
0	12
2	43
0	0
0	1
0	0
0	1
0	0
0	0
0	0
0	0
0	0
0	0
0	0
0	0
1	13
2	13
0	11
0	11
0	11
0	0
1092	14
7	14
15	0
364	1492
10	1357
13	1441
0	383
60	1283
2	35
64	568
1	142
0	40
0	44
0	6
0	22
1	42
0	25
0	28
335	90
0	48
0	0
0	0
0	1
0	3
0	3
0	557
1	731
2	599
11	114
6	76
7	169
12	1
0	163
2866	432
16	201
11	68
0	2
0	6
0	5
0	5
0	1
0	1
0	0
0	0
0	0
1	283
0	284
73	116
195	522
3	9
1	89
52	2
28	324
0	0
161	0
5	495
11	93
1	95
12	76
0	476
0	0
0	0
0	0
0	0
0	0
0	0
36	308
0	1088
1	1063
0	1266
0	1280
0	1049
0	758
54	644
0	1341
4	220
1	428
0	347
0	407
0	200
2	99
0	131
0	8
2	42
1	155
7	19
0	99
0	1
4	1
0	0
0	0
0	0
31	3800
8	3802
2	3799
0	3801
0	1
0	1
45	152
7	18
0	152
0	114
0	33
2	38
0	0
0	0
19	9855
5	9759
0	2124
14	2466
4	2537
0	0
0	0
0	0
0	0
0	0
0	0
0	0
0	0
0	0
0	0
0	0
0	0
0	0
5	3
0	8
20	10
0	5
1	176
0	310
4	364
0	443
0	190
0	51
335	677
9	612
1	526
6	111
36	244
0	0
0	0
0	0
0	0
0	0
0	0
0	0
0	1862
0	1845
0	1833
0	189
0	243
37	46
1	80
0	1900
0	1888
2	525
4	165
1	5
0	525
55	57
0	57
0	0
0	0
0	0
0	442
4	434
1	15
0	45
0	25
0	0
0	0
10	0
481	559
3	336
0	543
0	0
0	0
0	0
170	75
0	50
0	36
0	0
0	0
0	0
0	0
0	0
0	0
0	0
0	0
0	0
0	0
0	0
0	18
0	18
125	0
8	0
0	0
0	48
0	26
4	381
0	376
0	59
0	66
2	53
0	26
0	37
0	33
0	4
1	25
0	27
0	24
0	220
0	20
16	31
0	199
0	219
13	8
0	26
3	39
0	23
3	24
4	15
0	125
11	476
3	591
0	658
3	350
0	0
0	0
0	0
0	0
0	2
0	1
0	1
0	0
0	1
0	0
0	0
0	1
0	2
0	0
569	5
2	138
0	39
3	140
3	140
91	0
0	0
5	230
0	216
0	72
13	68
0	82
1	61
3	54
9	58
2	30
3	635
17	635
8	24
0	12
0	12
0	9
0	6
0	1235
1	102
0	31
0	1086
0	677
1	79
0	0
181	149
1	149
0	55
77	101
37	224
21	197
3	59
181	3442
52	1177
0	103
73	2265
434	165
0	26
0	56
0	38
2	0
5	7
0	0
23	269
1	7
0	8
0	18
2	2
0	267
0	0
0	0
0	5
0	272
2	373
117	571
6	126
2	491
1	107
1	0
3	30
0	0
0	42
0	38
0	41
0	5
0	36
0	27
0	125
89	112
0	0
0	0
0	0
171	0
0	0
0	0
0	0
0	0
0	0
0	0
2	3324
7	2787
2	3392
8	3388
0	100
0	431
64	317
1	588
108	42
0	15
6	34
3	855
37	857
0	134
23	95
0	862
17	0
0	0
0	0
0	0
0	0
0	3
0	5
0	5
0	1
0	1
0	1
0	1
0	0
0	0
0	0
0	0
0	0
0	0
0	0
0	0
0	4
0	14
0	6
0	14
0	9
1	5
0	3
0	0
0	0
0	0
0	0
0	0
0	0
0	0
0	0
0	0
0	0
0	0
0	0
3	0
0	34
0	3
0	14
0	32
0	32
4	97
0	97
2	135
415	381
0	369
0	357
23	111
343	0
688	105
0	105
88	345
21	323
0	17
0	18
0	19
1	39
0	14
7	16
0	14
0	16
3	8
37	694
6	692
0	81
1003	300
41	300
0	103
11	83
0	0
0	0
0	0
0	0
0	0
0	0
1	263
0	485
0	484
26	39
0	1
0	0
0	0
0	1
0	1
264	96
3	222
97	217
5	189
0	1
6	42
1	43
0	42
0	38
2	202
5	194
7	21
0	51
0	50
0	25
0	43
0	34
5	20
0	1
0	0
0	6
40	73
0	73
0	0
0	0
0	0
0	0
0	0
0	0
0	0
0	0
0	0
0	0
0	0
0	0
0	0
0	0
0	0
0	0
0	0
0	0
0	0
0	1
0	1
0	0
0	1
10	2278
18	88
271	2267
7	27
5	2263
24	136
38	0
0	0
0	0
14	332
0	22
0	25
1	184
0	333
52	732
3	732
0	134
15	170
0	112
26	10
0	3
1	3
51	1
0	1
0	0
0	0
1	0
0	0
0	0
0	451
0	456
5	379
24	275
1	24
4	49
6	70
1	50
0	2
5	5
0	6
0	2
0	6
0	5
0	4
0	5
0	3
0	5
0	1
0	0
0	0
0	1
0	0
0	2
0	0
0	2
0	2
0	0
53	136
0	136
0	15
4	34
297	5
2	5
0	2
0	2
0	0
0	0
0	0
0	0
0	0
0	1
0	0
0	0
0	0
0	42
0	42
0	40
0	35
0	42
0	2
0	6
0	3
81	0
0	10
0	4
0	10
0	0
0	0
0	0
0	0
120	221
0	221
3	172
78	50
0	4
0	3
0	7
2	10
0	10
0	11
0	8
0	1
8	247
6	170
10	91
7	151
0	53
0	45
1	48
8	28
0	91
1	58
0	0
0	0
0	0
0	0
0	0
0	0
0	0
22	44
0	0
0	0
0	0
1217	1336
1	817
0	519
29	23
0	23
0	0
0	0
0	0
0	0
0	0
0	0
322	0
39	0
0	13
0	40
412	506
0	176
1	328
0	281
0	0
0	0
0	0
0	1
0	0
0	1
0	0
1	4225
0	4017
0	2665
0	2457
0	1573
40	718
0	978
20	398
0	693
0	1232
895	37
0	0
0	0
1	6
0	6
0	0
1	102
0	101
1	59
0	346
3	275
3	272
0	54
2	282
1	316
8	24
0	109
0	0
0	81
0	81
179	92
22	83
4	320
0	313
0	29
0	303
4	0
3	4
4	489
5	15
0	5890
0	84
3	18
0	30
0	9
0	22
0	6062
0	42
7	5895
0	84
14	0
0	0
0	0
0	0
9	4580
11	4190
7	2364
7	495
6	161
6	53
0	0
702	2696
0	706
7	825
0	562
18	824
0	41
4	146
0	422
0	0
0	0
0	0
0	0
103	20
0	20
68	1236
2	3146
0	3042
1	252
0	390
0	3140
7	143
0	1404
0	1410
22	475
2	475
2	304
0	63
5	18
0	3587
96	709
5	124
4846	1030
2	256
0	282
9	480
0	0
0	0
3	4
1	3
0	1
1	0
1	415
2	405
0	33
0	0
1	148
0	3
11	3
86	142
0	50
0	142
0	66
19	2958
4	2139
3	1036
0	1036
0	410
9	2951
3	264
1	106
0	106
0	60
19	37
0	44
6	92
0	46
0	15
1866	3986
0	1672
0	3292
0	3103
0	0
0	2
1	3
0	1
0	99
0	70
0	99
0	54
4	89
1291	225
0	127
1	225
17	91
0	0
0	0
2	379
147	379
0	263
73	0
0	178
0	0
0	0
0	0
0	0
0	0
225	251
5	169
6	165
0	0
0	0
0	0
0	0
5	38
1	2
0	38
0	2297
31	9602
0	8538
0	8632
1	384
0	713
0	1
0	1
104	0
0	1291
0	802
9	383
162	1651
8	613
0	622
5	367
0	1249
2	1367
0	2909
0	117
11	98
0	402
4	275
3	275
9	9291
0	9463
0	0
0	0
102	0
6	403
0	789
0	805
0	797
0	16
0	79
1	43
0	69
0	49
1	12
0	34
0	1
59	106
0	101
0	106
0	5
0	32
2	580
0	593
0	258
3	253
5	169
9	43
1	138
5	4
0	33
0	169
0	0
0	0
0	0
2	84
0	78
0	19
0	0
0	0
0	265
0	298
0	265
26	0
0	0
0	0
0	0
0	0
0	0
0	0
0	0
0	0
0	0
0	0
0	0
0	0
0	0
0	0
0	0
0	0
0	0
0	0
1	60
9	144
843	530
7	456
3	239
0	95
0	172
0	455
0	63
0	58
2	73
2	0
0	26
0	26
0	66
0	33
0	36
3	348
0	419
0	97
35	217
5	233
0	177
7	146
0	108
38	20
1	3
0	0
0	0
0	0
0	0
0	0
0	0
0	0
0	0
0	0
0	0
8	0
2	160
0	156
8	146
0	175
0	286
0	295
0	184
4	140
2	198
3	68
0	126
0	203
0	116
9	65
0	1071
0	1070
44	1141
22	37
0	59
63	38
288	244
0	33
0	195
1	193
6	144
1	55
0	0
0	0
0	0
0	0
0	0
0	0
0	0
0	0
0	19
0	19
0	19
0	0
0	0
0	0
0	376
0	263
0	326
4	35
1	0
1894	294
2	223
19	71
23	0
118	15
0	15
35	3735
2	1109
0	1523
0	1096
0	1429
5	140
0	3735
1176	937
1	704
0	233
12	0
35	680
2	678
1	678
0	678
2	141
0	102
0	102
54	2
0	0
0	0
0	0
0	0
0	0
0	9
100	27
2	27
1	0
0	17
0	17
0	170
1	77
0	137
0	154
2	33
99	1874
0	0
0	0
0	0
0	0
0	0
0	0
0	0
0	0
0	0
0	0
401	1080
0	72
7	142
0	140
37	51
1	81
0	75
8	89
2	88
0	62
0	12
0	60
3	16
0	26
0	32
0	58
0	33
0	4
0	4
0	0
0	4
0	0
0	0
1	73
3	73
0	5
254	24
0	24
0	0
0	0
0	0
0	0
0	0
0	49
1	652
0	31
0	952
0	203
0	841
1	117
0	1000
0	126
0	5
2	5
0	5
0	0
0	1
2	1
0	1
0	0
0	76
0	127
7	323
4	353
0	450
0	556
0	530
25	417
0	52
261	80
7	80
5	152
244	200
0	236
0	28
34	98
2	60
7	51
0	236
7	0
6	217
32	635
12	635
21	184
12	0
6	1815
0	67
0	1545
0	938
0	969
0	1820
29	81
4	103
0	0
0	0
0	0
0	0
0	0
1	17
0	20
0	1
1	16
0	3
0	8
0	2
1	67
0	172
0	152
0	173
0	50
0	145
0	142
23	106
39	56
0	1
1034	950
1	937
5	627
2	555
519	980
5	118
2	95
0	113
14	741
1	178
0	58
4	176
1	36
0	153
1	55
0	12
0	54
0	50
0	48
0	4
0	8
0	3
1	1
0	23
0	10
0	1
0	4
0	6
0	8
307	299
31	326
15	155
28	299
0	177
0	184
29	52
0	4
0	0
0	0
0	0
3	4047
0	2258
1	73
272	3677
0	197
4	80
106	1476
722	682
0	704
41	170
5	82
5	36
0	0
0	0
2256	665
0	665
0	0
0	9
0	33
0	0
0	0
0	0
0	0
0	0
0	0
0	0
0	0
0	0
41	37
0	148
67	179
0	140
0	189
1	45
0	22
0	58
0	22
0	34
37	18
122	228
13	212
1	28
2	201
0	58
3	66
17	66
2	0
0	0
0	0
0	0
3586	238
0	179
5	183
1	94
26	187
0	183
0	185
1953	672
7	362
12	310
0	31
18	722
0	695
12	25
2	40
4	239
2	40
0	95
0	852
0	811
22	436
0	824
0	783
0	2
0	2
0	1
0	0
70	232
0	29
0	228
7	71
37	112
95	328
0	317
0	275
0	114
0	25
4	16
0	4
0	444
14	444
0	407
0	63
0	134
23	17
0	197
0	596
3	604
0	615
0	644
7	50
0	93
9	86
0	11
0	629
0	0
0	0
0	0
0	0
0	0
0	3957
110	4808
104	21
0	4787
0	0
0	0
0	0
0	0
0	0
0	0
0	0
0	0
242	181
0	181
1	181
0	181
0	0
0	0
0	0
0	0
0	0
0	0
0	0
5	0
688	169
0	69
0	100
3905	605
0	128
0	120
0	129
0	68
0	24
55	61
13	61
0	0
1016	476
3	771
0	1230
0	331
37	450
9	120
0	171
1	162
9	20
4	572
3	510
3	64
0	312
13	312
34	152
0	347
0	280
1	275
0	20
12	0
1	137
9	29
0	31
2	0
0	0
1010	4495
17	68
0	87
0	178
1	209
1	268
6	255
0	253
213	203
0	238
15	1104
0	1438
0	182
101	739
9	2178
0	988
0	615
4	742
0	403
17	330
0	221
10	36
0	220
42	240
0	196
8	168
3	36
4	128
2	129
0	3
2	9
13	754
0	663
16	586
7	44
25	466
0	183
19	8
0	137
13	68
7	804
0	535
0	682
0	769
6	55
40	117
0	145
0	2
25	37
0	0
64	31
0	31
0	2
0	2
0	2
0	2
0	2
0	2
0	2
0	0
0	2
0	2
0	0
0	0
0	0
0	0
0	0
0	0
0	2
209	0
0	0
0	0
0	1
0	1
0	0
0	1
9	0
0	0
1	0
0	4
0	5
0	5
0	3
0	4
0	3
0	1
0	0
0	0
0	0
0	2
0	2
11	246
0	5
0	271
0	171
0	132
0	38
0	128
0	71
0	51
30	36
0	31
246	1515
0	1488
9	432
10	243
17	0
0	0
0	0
0	0
0	0
0	0
0	0
0	0
0	0
0	0
0	0
0	0
0	0
0	0
0	0
126	2941
0	1689
2	1673
5	405
0	84
91	637
1	620
15	472
0	466
0	69
0	280
0	278
0	291
2	244
0	15
5	0
48	487
19	705
0	64
1	143
3	183
0	651
1	344
13	344
24	66
0	1
0	1
0	1
0	1
0	0
852	5561
41	389
4	373
0	160
0	39
0	36
128	41
0	373
19	128
3	128
0	16
1	16
0	5
0	2
0	4
0	1
0	2
0	10
286	2842
0	35
0	8
0	4
0	37
319	0
0	1
1	222
11	225
1	181
0	106
128	27
0	1
0	0
0	1
0	1
0	1
0	1
0	1
0	1
0	1
0	0
1	0
14	78
7	78
262	692
6	23
0	633
24	323
0	493
0	41
1	23
0	0
25	298
1	298
0	15
17	38
2	41
0	0
0	31
4	229
20	232
0	75
4	26
0	0
0	0
0	0
0	0
0	0
0	0
0	0
4	0
0	0
0	61
1	12
3	37
1	18
1	2
588	2019
4	191
3	145
3	59
0	0
0	0
0	0
0	0
0	0
0	0
0	0
0	125
3	125
1	7
14	12
333	3147
3	922
13	568
0	0
0	0
0	0
0	0
0	0
0	0
0	0
0	2582
0	2651
0	198
0	2125
0	234
3	157
1	748
2	351
0	465
36	21
92	452
1	249
19	18
3	38
0	28
0	4
0	38
0	50
0	52
0	43
10	5
2	12
0	46
0	10
0	41
0	34
0	43
2	1
0	10
0	32
3	43
0	29
0	0
0	0
0	0
595	1416
90	1321
0	276
4	680
0	2
0	1108
2	0
21	215
46	99
6	218
13	542
11	478
0	6
0	6
0	5
0	1
0	322
1	282
2	281
21	126
11	50
0	58
0	0
0	0
0	0
0	0
0	0
0	0
23	4
0	1
1	1
0	3
675	243
0	88
2	243
640	1536
0	1345
9	1476
10	52
0	288
0	331
27	258
0	14
0	13
0	13
0	13
0	14
0	11
0	11
0	38
0	183
1	285
6	42
0	154
0	151
1	156
0	194
0	133
0	56
1	21
0	139
0	48
0	153
0	131
0	0
0	35
0	154
0	33
0	153
0	41
1	38
0	22
4	146
0	19
0	21
0	118
0	33
0	38
1	114
0	24
0	111
0	117
0	19
1	23
0	106
0	55
9	7
0	4
0	114
0	25
0	21
0	21
0	29
0	18
2	104
0	31
0	36
0	27
0	34
0	140
20	4
0	1
0	15
0	17
0	32
1	18
0	97
6	7
19	65
1	23
0	282
0	49
0	167
0	167
0	49
2	22
10	16
0	0
0	0
0	0
0	0
0	1
0	0
0	1
11	0
0	627
4	1294
112	1366
41	240
0	154
0	145
10	385
5	457
0	260
0	161
0	260
0	0
0	0
0	0
0	0
0	0
0	0
276	0
2	26
0	6
2	12
0	26
0	4
3	19
0	252
3	66
2	0
5	0
0	249
4	51
0	0
0	0
0	0
0	0
0	0
0	0
0	0
1	7
0	6
0	0
3	3
0	2
0	1
0	0
0	2830
114	11697
2	1012
0	4268
5	70
18	303
9	151
1	401
6	350
18	219
3	322
0	11702
263	669
4	306
2	366
2	271
0	5
0	5
0	0
0	0
0	0
0	0
0	0
0	0
0	0
0	0
0	123
19	20
3	96
1	88
0	11
0	13
0	5
0	0
0	0
0	0
0	0
2	3
0	3
0	3
1	0
0	0
0	0
0	0
127	129
0	93
2	97
1	57
0	46
30	3
0	31
16	9
3	8
10	31
26	1034
0	923
16	1023
1	93
1	114
0	293
5	138
0	0
0	0
0	0
0	490
1068	2870
53	1587
19	2524
35	2829
12	53
0	2356
0	0
0	0
0	0
0	0
0	0
0	47
0	36
0	47
0	45
707	108
6	72
2	69
13	36
0	0
0	0
3	0
676	562
8	448
8	473
0	17
0	15
39	20
0	0
0	0
0	0
0	0
0	0
0	0
0	0
14	1120
0	251
1	849
0	509
1	22
0	782
16	278
1721	544
0	0
5	544
1330	276
3	77
0	249
0	0
0	0
0	0
0	0
0	0
0	0
1839	2545
14	674
20	479
3	810
70	605
0	0
0	0
0	0
0	0
0	0
0	0
0	0
0	0
0	0
0	0
0	0
0	0
0	0
412	178
2	149
6	29
0	0
0	0
0	0
2	2
0	1
0	0
0	1
0	2
221	123
4	23
7	123
12	123
0	40
24	42
0	27
0	371
3	363
0	350
2	322
2	144
7	46
1	15
0	350
0	0
0	0
0	0
0	3
0	1
0	0
0	0
0	3
0	539
2	459
4	71
0	487
0	404
0	89
0	173
2	40
0	98
31	68
0	25
4	310
2	0
0	310
0	0
0	0
3	0
0	0
178	56
5	56
309	228
4	121
0	107
0	0
0	0
0	0
0	0
48	21
1	21
0	0
0	22
64	29
3	6
0	21
0	6
0	0
0	0
0	0
0	0
0	0
0	0
0	0
0	0
0	0
0	0
0	1
0	0
0	0
0	1
0	0
0	0
0	0
0	0
14	174
7	167
22	72
4	16
14	0
28	15
0	33
4	20
0	0
0	0
0	0
0	1
0	1
0	1
0	1
0	1
0	0
0	0
248	309
13	16
4	193
4	99
5	309
0	0
0	0
0	1
0	1
43	3337
0	0
3	0
0	0
0	0
0	0
0	0
0	0
0	0
0	0
141	1442
0	309
3	308
0	195
1	308
0	3
1	254
0	0
0	24
0	27
0	18
10	3
1	74
0	106
30	22
2	22
0	22
0	0
0	0
0	0
0	2237
74	367
0	27
2	2084
0	2168
0	1887
0	1887
0	1892
15	1658
13	2
0	1539
1	1749
0	1489
0	1603
0	1643
4	11
0	42
38	104
0	166
0	71
75	114
8	102
0	2164
0	2151
64	1013
3	459
3	647
2	506
1	78
1	0
12	1592
1	1633
16	399
1	108
2	93
0	333
3	8
23	23
0	265
0	0
0	1
0	1
0	0
0	0
2882	112
0	18
0	23
0	90
7	90
0	4
0	4
0	14
0	4
2	0
27	8921
7	7203
6	8480
0	0
0	0
0	0
0	0
248	66
0	35
2	62
0	32
0	0
0	60
0	0
4	59
1	47
0	46
0	0
0	0
0	0
0	0
0	0
1	4261
14	4261
2	5
0	0
0	0
0	0
188	243
1	242
0	104
0	18
2897	492
160	3
6	30
0	30
392	832
0	828
80	2799
10	2722
8	860
96	10
71	4
0	0
0	0
0	5
0	5
0	1
0	1
0	1
0	0
0	0
0	0
0	0
0	0
0	0
0	0
0	0
0	0
0	0
76	115
1	1
0	115
0	7
0	90
0	0
0	0
4	0
0	0
0	0
0	0
0	0
0	0
0	0
0	122
0	126
1	86
4	20
22	13
0	12
0	12
0	0
0	2
0	0
0	26
40	101
0	99
35	1151
0	1531
0	1408
9	51
59	568
7	571
0	175
7	196
0	0
0	0
3	0
0	130
0	740
0	611
0	342
0	297
0	293
1	116
0	161
0	284
17	314
1	0
0	0
0	6
51	22
0	16
11	0
0	0
0	0
0	0
0	0
0	0
0	15
2	3
0	10
0	12
0	4
0	7
0	5
0	5
0	1
0	0
0	0
2	20
0	56
0	58
0	122
0	501
0	145
0	0
0	24
0	59
0	271
0	397
0	10
0	51
0	39
0	501
0	501
0	501
0	488
7	339
0	280
0	160
15	339
0	112
0	329
0	0
0	0
23	0
0	0
0	1
0	1
0	0
0	0
0	0
0	0
0	0
0	0
0	0
0	0
1	112
0	45
0	107
0	107
0	103
0	106
3	8
0	2
0	0
0	6
0	5
0	5
0	5
0	0
0	0
0	5
0	0
0	966
3	5
0	837
0	962
0	288
0	26
3	300
5	2
0	188
0	966
0	0
0	0
0	227
0	120
0	224
0	52
0	167
0	12
0	39
1	37
0	11
0	1
0	0
0	1
1	0
0	0
0	2
0	2
0	2
0	0
0	0
1	0
0	0
11	79
152	369
11	369
0	70
0	60
0	94
0	60
2	54
29	0
3	1530
7	1544
34	41
3	355
0	270
0	550
2	370
2	128
0	189
0	435
22	110
0	0
0	0
0	0
0	0
0	0
0	0
2	9
0	0
3	3
3	3
0	6
3	375
0	381
3	103
6	93
0	151
0	114
3	141
8	68
1	16
0	0
0	3
0	3
0	3
0	1
0	1
0	0
0	0
0	3
49	597
0	149
0	558
0	553
5	28
3	153
0	0
44	6485
0	2
1	5
0	8
0	3
0	2
0	0
0	2
0	2
0	0
0	0
0	0
0	3
0	0
0	0
0	3
0	0
0	0
0	0
0	0
0	0
0	0
0	3
0	0
85	561
26	556
0	0
0	0
0	0
0	0
0	0
0	0
0	0
0	0
0	0
0	217
80	278
0	280
0	228
0	31
156	41
0	23
0	18
0	3
0	3
0	9
0	37
1	37
0	37
0	18
0	37
4	7
0	37
0	0
3	187
0	178
0	69
0	3
0	3
0	3
0	0
0	3
0	0
0	0
0	0
0	0
0	0
0	0
0	0
0	0
0	0
0	0
0	1
9	5
0	0
0	4
0	2
0	0
0	1
0	0
0	0
0	0
1	1
0	2
0	2
0	2
0	0
0	2
0	2
0	0
0	0
0	85
0	78
0	83
0	83
0	83
0	44
0	83
1	312
0	941
1	25
178	313
0	336
1	81
0	941
0	0
0	0
0	0
0	0
20	391
0	213
0	164
0	122
0	46
0	0
0	391
2	385
0	468
0	472
0	278
72	226
2	7
1	2943
0	2943
1	549
0	2811
6	37
0	116
0	56
1	74
2	279
3	37
10	460
0	29
4	147
0	56
0	134
0	11
0	130
0	467
0	27
0	168
0	44
0	12
2	8
0	21
0	96
0	9
21	20
12	26
0	322
0	311
0	281
0	130
0	24
0	73
4	74
2	16
191	319
3	3435
0	3447
115	3312
0	0
0	0
0	0
0	0
0	0
0	0
0	0
0	0
0	0
0	0
0	260
22	438
0	415
0	32
0	30
0	0
0	8
0	8
0	7
0	6
0	8
0	0
0	0
0	0
0	3
0	8
18	128
356	950
28	357
77	503
0	0
0	189
3	186
0	171
2	53
0	3
0	148
1	10
0	56
2	61
0	39
0	79
0	1
0	1
2	368
21	368
31	69
5	59
3	44
0	22
0	21
0	2
0	0
0	22
0	21
0	0
0	0
0	0
0	0
0	0
0	0
0	0
0	0
0	0
0	0
0	1604
1	37
38	1464
6	952
0	1603
0	0
0	0
0	0
0	0
0	0
0	0
0	0
0	0
0	0
0	0
0	1
0	1
0	1
0	0
236	16
0	0
0	0
0	0
0	0
6	1
0	1
0	517
5	724
5	83
8	313
7	301
0	140
5	57
0	0
0	0
0	0
0	0
0	0
0	0
79	100
0	21
2	79
0	54
3	32
26	0
5	2385
0	436
0	435
4	30
1	96
0	364
0	0
0	2385
0	0
33	488
3	81
2	73
0	23
0	216
10	18
11	117
0	168
3	8
0	0
0	0
0	0
0	0
54	31
0	31
0	7
0	0
1	7
0	0
0	0
0	192
0	217
4	185
0	114
2	132
4	38
7	44
0	19
0	638
0	215
0	190
0	637
0	94
9	94
16	53
12	125
0	33
0	0
0	0
0	0
0	0
0	0
0	0
0	0
0	0
0	0
0	0
0	0
0	0
0	0
0	0
0	0
0	0
0	0
0	0
0	0
0	0
0	0
0	45
0	0
0	0
0	0
0	0
0	0
1	1
0	1
0	0
323	0
0	222
0	223
3	223
0	222
2	30
0	26
0	26
87	0
10	61
0	48
0	7
0	39
0	5
0	32
49	0
6	2
0	0
0	2
1	3
2	48
5	90
32	122
2	0
6	29
0	33
0	0
0	0
0	0
0	0
106	1371
47	798
74	740
0	1073
0	105
4	278
32	152
0	1222
0	0
0	0
0	126
0	42
0	27
0	91
2	98
0	0
10	249
4	12
30	252
55	0
1505	2209
10	485
12	228
1	306
1	1035
6	985
57	696
0	133
1	0
3	0
2	1
0	1
0	1
0	59
0	64
1	235
1	71
4	36
7	97
0	72
0	70
1	178
177	77
0	163
0	37
3	17
8	18
0	2
0	3
0	3
0	0
0	0
0	0
0	0
0	0
0	0
0	2744
44	1
0	2076
0	1117
92	293
47	247
50	31
164	77
0	0
0	0
1	1
0	0
0	0
0	1
0	1
0	1
0	1
3	6
5	5
2	31
0	33
0	93
0	118
0	49
2	32
4	34
0	11
0	10
0	2
0	0
0	20
0	21
1	20
0	1
21	2
2	3
207	485
0	436
3	119
0	254
11	8
25	68
11	0
0	0
0	0
0	0
0	0
0	0
0	0
0	3
0	3
0	3
0	0
0	0
0	0
0	0
0	0
2	10
0	6
3	7
0	8
0	14
0	14
0	13
0	13
0	14
0	2
0	2
0	2
0	0
0	14
4162	0
0	5
7	5
1707	0
0	0
0	0
0	58
0	58
0	1
0	3
0	0
0	0
0	0
0	0
0	0
0	0
0	0
0	0
0	0
0	1
0	1
0	0
0	0
0	0
0	0
53	39
1	39
0	0
0	0
0	0
0	0
0	0
0	0
2245	251
4	102
1	27
18	153
153	4289
2309	4289
78	46
69	702
1	544
27	512
0	399
15	568
91	321
0	0
30	2243
4	112
14	76
0	72
0	116
0	2074
0	300
6	169
2	90
0	226
0	361
4	325
1	159
0	181
5	73
129	54
0	14
4	40
8	7
9	7
0	0
67	1123
0	1154
19	12384
25	9145
70	10288
0	10449
48	5049
10	449
7	170
0	171
22	156
0	1741
0	910
24	1208
75	2782
0	12484
9	0
0	0
0	0
0	0
0	0
0	0
0	0
0	0
0	0
0	0
0	0
0	0
0	0
0	0
0	240
754	441
0	221
13	354
5	150
0	128
0	2
0	139
0	138
0	131
0	5
0	14
0	16
0	53
9	5
0	19
0	17
0	52
0	20
0	18
1	0
0	10
0	11
0	10
0	38
0	11
0	22
0	16
0	38
0	37
0	25
0	38
0	26
0	19
0	18
0	16
0	17
0	13
0	15
0	1
0	12
0	13
0	17
0	0
0	19
0	11
0	9
0	26
0	20
0	1
0	38
0	0
0	0
0	220
0	184
0	6
0	225
142	46
0	46
0	19
1	12
1	0
0	0
0	0
0	1
2	1
0	0
0	0
170	91
22	31
0	80
3	0
0	18
0	130
9	120
796	111
1	97
451	4972
0	4561
0	4152
0	2070
3	685
0	749
4	314
0	836
0	1047
0	925
0	0
0	0
0	0
0	199
1	199
0	0
31	601
4	601
0	113
12	126
0	0
0	0
0	0
0	0
0	0
0	0
0	0
0	0
1	1
0	1
0	0
63	554
0	530
2	68
4	467
0	302
16	146
2	0
0	0
111	827
0	327
0	43
0	35
6	0
22	164
0	27
7	15
9	123
2	11
2	0
1	402
39	48
0	53
567	1659
0	1659
14	228
0	3
2	191
3	191
11	68
2	35
1	22
0	21
4	0
0	0
0	118
3	111
0	103
0	30
0	111
0	35
4	41
3	34
0	31
2	0
0	0
0	0
0	46
11	23
0	109
0	118
260	125
0	28
1	5
0	2
0	2
0	58
13	4
5	39
0	0
3	187
6	624
14	485
13	249
0	581
0	30
0	0
54	9
0	1120
2	1059
32	272
29	603
169	512
51	95
1	1120
1344	594
3	594
52	54
18	0
106	1580
6	445
1	1245
1	543
0	820
0	241
2	11
0	11
0	28
17	29
6	16
0	0
0	0
460	318
0	69
5	249
0	70
3	38
0	4643
42	5286
1	4692
0	4556
8	1181
7	380
216	2752
0	911
0	701
0	234
16	0
113	377
0	41
0	70
0	47
1	73
0	132
3	172
4	148
14	407
7	4918
2	430
0	4993
0	4940
2	104
6	114
0	13
0	566
0	4354
0	820
138	4182
0	486
3	947
1	0
0	0
0	1
0	1
0	1
0	0
0	0
0	0
0	0
0	0
168	369
0	119
0	81
0	108
35	28
0	172
1	242
0	349
0	0
0	0
0	1357
0	1380
0	1353
0	1444
1	817
0	1140
0	938
1	176
0	143
122	366
0	134
0	62
0	136
0	18
1	94
0	44
5	6
0	6
0	3
0	0
250	431
0	349
0	73
0	107
0	343
5	365
1	0
3	214
38	21
0	0
0	0
0	0
0	0
0	0
0	0
0	0
0	0
0	0
1	542
2	19
0	542
0	0
0	0
0	0
0	0
0	0
0	0
0	0
0	2
16	30
0	29
6	29
0	7
0	0
0	0
0	0
0	0
0	0
0	0
0	0
0	0
0	0
0	0
0	0
0	0
0	0
0	0
0	2
1	2
0	28
0	27
0	2
0	0
1	13
0	11
0	14
0	2
0	4
0	19
2	889
0	507
2	662
15	286
0	0
0	6
0	0
0	0
0	0
0	0
0	0
0	0
0	0
45	3528
0	3240
0	2693
0	268
0	3289
0	3110
36	268
2	913
3	1682
3	520
91	348
20	1
0	646
0	404
12	220
154	30
1	7
11	23
0	13
6	766
2	757
4	172
0	0
0	0
712	0
1	415
4	318
0	109
0	12
0	304
10	20
40	75
290	394
0	159
2	226
0	977
0	487
1	134
1	949
0	962
0	108
0	117
1	59
26	18
4	34
7	678
0	606
0	22
35	18
5	177
1	35
0	613
51	272
0	106
3	35
0	57
0	398
2	393
0	482
0	182
0	56
0	10
8	102
0	99
0	154
8	38
0	40
0	74
3	121
2	121
170	0
17	84
0	84
0	1
7	1
0	0
264	2849
37	2849
0	83
0	263
2	312
25	56
5	40
0	11
5	11
0	1627
58	1636
0	1097
0	970
40	974
2	1384
0	1026
0	1374
0	213
45	41
2	492
0	890
0	875
0	1414
0	1138
0	1179
0	1035
0	1514
0	1110
0	40
0	121
2	149
0	99
0	281
0	89
3	105
0	1148
0	952
0	0
0	0
0	0
0	0
0	0
0	0
0	0
0	0
0	0
0	0
0	0
0	6
0	3
0	4
0	4
0	1
0	2
0	0
0	0
0	0
0	0
0	0
0	0
0	0
258	2866
0	0
2	0
170	0
600	3877
0	3486
55	905
79	975
0	614
0	475
0	338
0	24
0	25
1	14
12	21
0	22
323	6232
2	164
3	170
7	170
0	164
0	40
0	22
0	45
0	44
0	41
0	39
1	14
2	6
0	0
0	0
0	0
0	0
200	533
1	258
10	166
0	438
1	73
0	0
0	0
0	0
0	0
0	0
0	100
0	220
2	95
1	3
1	12
0	12
0	6
0	5
0	7
1	3
0	11
0	118
0	5
0	222
35	0
127	681
0	638
0	215
7	37
13	126
10	65
0	22
0	640
12	643
5	608
19	0
107	608
2	0
0	349
0	319
0	165
3	56
0	64
0	42
1	63
1	68
0	91
12	22
0	349
357	1180
0	1165
2	172
1	157
17	407
0	310
4	150
1	42
0	0
0	0
1	15
0	15
709	2206
5	133
6	62
0	48
0	28
4	50
0	54
0	74
13	67
0	0
0	0
0	0
0	0
124	54
0	54
73	137
0	135
7	7
8	18
8	9898
0	10045
12	7901
0	9884
0	9064
0	9759
0	8814
0	2426
0	4017
0	2089
0	2616
0	1288
11	663
0	434
0	1414
0	4605
4	2259
1	2705
0	4503
0	1493
0	4050
0	2867
0	2830
0	2149
15	3254
7	1193
0	477
0	2502
0	1210
1	2385
26	2141
139	1438
28	1207
4	615
395	1148
54	1137
14	70
3	59
0	102
30	130
4	110
2	38
1	86
2	44
1	3
13	21
0	2560
0	2138
0	2140
0	2262
0	2366
2	2034
35	452
27	115
1180	48
0	48
0	302
9	303
5	299
12	97
0	163
0	116
0	91
0	81
1	37
0	2
0	0
0	3
1	3
0	3
0	3
0	3
0	3
0	0
0	0
0	0
0	0
0	0
0	0
0	0
0	0
0	3
0	3
0	3
0	1
0	1
0	1
0	1
0	1
0	1
0	0
0	1
98	118
0	116
1	59
0	2
260	1042
3	54
2	324
0	1014
2	66
0	948
30	250
0	371
1	371
0	526
5	498
1	89
93	0
8	0
0	1882
7	1928
0	52
0	67
0	104
0	114
0	96
1	75
0	42
0	40
0	58
0	26
0	35
1	11
0	109
71	928
8	928
12	131
151	149
0	146
0	38
0	0
0	0
0	0
0	0
0	0
0	0
0	0
0	0
25	705
0	400
0	705
6	117
0	426
0	105
0	566
0	140
17	228
0	60
0	37
0	42
0	532
0	0
0	0
0	0
137	1091
2	0
489	224
1	204
0	20
0	0
2	1
0	1
0	0
0	6
6	12
4	28
20	16
0	0
0	0
0	0
0	0
0	0
0	0
0	0
0	0
2	45
0	32
119	261
1	48
0	151
0	77
0	1
0	87
0	26
4	26
0	33
5	51
2	40
0	0
0	0
0	0
0	0
0	0
0	0
0	0
0	0
1	42
0	42
0	438
0	63
0	93
4	59
0	73
1	48
1	133
0	193
4	128
0	19
7	70
0	438
0	0
0	0
0	0
0	0
0	142
4	0
9	35
1	293
0	34
3	28
0	319
0	0
0	0
0	0
0	903
0	1210
0	461
23	378
0	731
0	72
0	220
3	667
0	649
0	757
0	653
0	282
2	366
0	5
0	0
0	5
0	0
0	0
0	0
0	0
0	0
3	0
1	0
1	262
0	422
10	369
0	151
0	166
1	185
6	50
5	0
0	0
0	0
0	0
0	0
0	0
0	0
0	0
0	0
0	0
1	1
0	0
0	1
0	0
0	1
0	0
0	0
0	0
0	0
0	0
0	0
0	0
0	0
1	0
0	0
0	0
0	1
0	54
0	1
2	54
0	3
0	4
0	12
10	34
0	11
0	7
1	1
0	19
0	1
0	0
0	0
0	0
0	0
52	0
19	197
561	501
13	260
0	468
0	0
0	0
0	0
0	0
0	0
0	0
0	0
0	0
0	0
0	0
0	0
0	0
1	0
0	0
0	62
70	62
1	6
0	12
0	11
0	1063
0	741
25	1044
0	1044
0	1004
0	275
3	47
0	43
4	83
2	50
3	79
304	635
0	528
0	50
0	52
5	169
0	259
6	110
4	159
0	9
0	173
0	4
0	166
2	7
0	33
0	110
0	143
0	17
0	11
0	20
0	83
0	0
3	12
2	13
0	15
2	73
0	18
0	77
2	7
0	67
0	11
90	7
9	0
0	1
0	6
0	0
0	0
0	0
0	0
1	395
67	301
0	382
0	57
1	43
0	34
0	55
0	21
0	9
8	59
10	58
1	1
1211	0
2	0
584	0
0	11
0	2
0	3
0	2
0	1
0	12
268	0
0	8
10	205
361	406
2	334
0	252
0	232
2	56
6	94
1	72
0	272
2	206
1	218
0	254
0	75
2	136
0	26
0	2
2	17
0	250
0	0
0	0
1	0
0	0
0	2
0	2
0	0
0	0
0	0
0	0
0	0
157	57
2	57
24	68
2	68
0	0
42	19
0	0
0	0
0	0
0	0
0	0
0	0
0	0
0	0
0	0
0	0
3	0
0	64
24	103
0	15
2	27
0	25
0	30
55	29
0	7203
0	4
8	14
0	8
0	10
0	7
28	0
0	55
0	55
3	8069
3	918
1	924
1	1617
5	1129
12	875
0	694
236	420
11	300
0	15
5	10
459	15
0	0
49	48
0	26
0	2
0	7
0	34
10	31
3	19
3	0
0	17
29	27
0	27
8	51
0	15
0	7
1	51
0	3
0	4
0	1
0	0
0	0
3	6586
1	6573
0	6587
210	6580
2	6591
0	6575
0	6570
0	4337
1	4209
0	4192
23	1879
0	2210
77	6586
0	0
0	0
0	0
0	0
0	0
9	380
2	57
0	328
0	83
13	0
0	164
4	38
0	328
83	174
0	3
2	171
5	107
0	6
0	128
33	10
37	128
0	9
0	107
0	76
0	97
0	81
0	66
0	94
0	96
0	81
2	90
0	90
1	43
1	3
7	11
1	57
3	17
0	11
0	4
0	2
0	0
0	1059
0	118
0	71
6	71
0	906
0	787
0	558
1	68
0	1057
0	0
0	0
0	0
0	6
114	6
38	347
0	352
2	4
0	17
0	14
2	5
0	13
0	86
0	106
4	73
0	18
0	1033
1	1033
0	1033
0	62
0	56
2	172
0	127
445	367
3	118
1	88
1	233
0	0
0	7
0	3
2	0
682	15246
2	0
0	1
0	1
0	1
0	0
0	0
0	0
0	3
3	3
3	370
3	3
0	24
2	367
9	81
0	370
178	2675
0	0
0	0
0	0
0	0
0	0
30	28
18	88
755	86
363	38
0	23
49	15
0	76
1	76
1	10
0	5
0	5
0	10
1	5
0	17
0	0
0	0
0	0
11	0
0	0
0	0
0	0
2	677
10	254
4	499
0	682
0	233
2	93
1	48
0	72
0	476
2	19
0	0
0	0
0	148
0	21
0	115
0	149
0	117
1	1
0	116
0	155
0	124
0	152
0	5
1	117
0	152
1	24
0	0
0	152
0	0
0	0
0	0
4	1029
7	1047
5	202
6	537
1	1008
4	419
2	528
0	1000
13	43
903	563
40	563
9	86
0	0
0	41
15	40
0	12
2	15
0	15
0	15
0	0
0	0
1732	221
6	221
0	1
0	1
0	1
0	1
0	1
0	2
16	2
28	2264
1	294
2	198
0	231
2	565
2	56
2	134
2	64
9	191
18	2238
0	0
1	33
0	33
1	10
0	12
0	2
0	0
0	422
16	827
3	343
21	842
1	143
0	321
0	87
0	137
12	151
0	76
0	86
1	170
0	23
0	0
2757	308
4	308
1196	40
0	40
10	40
48	0
0	0
2	109
13	75
4	109
1	5
0	0
0	0
0	0
0	0
0	0
1	104
1	104
0	7
0	3
0	96
11	253
0	270
0	33
1	0
0	0
0	0
415	655
2	128
0	185
150	21
3	21
0	7
0	0
0	0
0	0
38	1710
0	2250
2	346
44	471
17	135
1	196
0	126
27	171
0	151
3	131
0	1
0	0
0	0
0	8
0	218
6	218
3	29
0	40
1	16
0	5
0	3
5	1487
8	999
0	1365
0	1514
43	1526
5	980
16	164
0	99
4	106
0	24
0	0
0	0
0	3
0	1
0	1
0	3
0	0
1	0
1	1
26	3458
0	1333
0	1186
39	2862
2	1900
21	165
0	51
22	51
1	13
0	9
4	0
3	0
0	0
1	2
0	1
0	1
1	0
0	0
0	0
1	8
0	9
0	1
0	1
0	7
0	0
0	0
0	1
12	225
1	223
0	21
25	7
7	0
0	0
0	0
0	0
0	0
0	0
0	0
0	0
0	0
0	0
0	0
0	0
0	75
21	2202
132	200
2	1966
16	2145
15	36
0	58
1	96
2	126
8	591
12	178
0	178
0	129
1	32
99	0
0	0
0	0
0	0
0	0
0	0
0	0
0	0
0	0
2	2380
0	2385
0	1178
0	1173
39	840
0	152
4	77
0	41
0	1519
0	2306
0	0
0	670
0	648
8	94
0	377
0	0
0	176
0	117
6	1172
0	1172
92	48
1212	1281
1	316
3	176
0	148
6	221
14	550
1	242
19	19
25	434
9	79
0	434
0	2
45	8
4	1
0	7
176	167
12	167
39	9
4	3
0	1140
1	1108
0	1034
0	685
2	887
8	118
7	534
1	381
3	233
3	196
0	1
0	1
0	1
0	0
0	0
0	0
0	0
0	0
0	0
0	0
0	0
0	0
0	0
0	0
0	0
4	0
0	0
0	0
0	0
0	0
0	0
0	0
0	2
0	2
0	0
0	0
0	0
0	0
0	0
0	0
0	0
0	0
0	0
0	0
0	0
0	0
0	0
0	0
0	2
0	0
0	0
0	0
0	0
0	0
0	0
0	0
0	0
0	0
0	0
0	0
0	0
0	0
0	0
31	5484
3	5503
8	5306
9	394
12	181
9	49
1	5480
0	0
542	1958
6	608
9	1816
0	1919
8	319
215	2
3	15
0	0
0	278
0	267
0	21
20	228
0	1
3	122
0	96
12	9
27	65
0	47
78	575
78	575
1	0
0	0
0	0
0	0
0	0
0	0
0	0
249	0
6	0
0	0
10	2970
0	3296
0	1598
0	1159
0	0
0	0
0	0
0	0
0	0
0	2
0	2
0	0
0	0
0	0
0	0
0	2
0	0
0	2
0	0
0	2
0	0
5	303
2	303
5	11
4	443
0	167
2	369
11	738
6	1020
0	463
68	361
2	366
56	50
2	70
0	122
15	1018
2	162
0	143
1	30
2	218
14	473
0	0
0	0
0	0
1	0
1	0
0	0
0	265
0	241
0	230
3	18
0	31
0	9
2	147
2	132
4	42
0	150
55	27
0	4
0	5
0	24
0	477
0	479
0	555
0	559
9	35
0	178
18	113
0	1
0	0
0	0
0	0
0	0
0	0
0	0
0	0
11	137
2	55
0	59
0	63
0	25
0	98
0	25
0	77
0	4
1	31
344	843
0	843
3	518
8	587
0	598
0	110
0	537
0	36
0	22
1	1
0	2
0	1
0	0
13	1562
2	1500
1	325
0	87
48	639
0	43
14	289
10	452
15	6
1	0
0	4
0	4
0	0
0	0
0	0
0	0
0	0
0	0
0	0
0	0
0	0
0	0
0	0
0	0
0	0
0	0
0	0
0	0
0	0
0	0
0	0
676	62
28	23
0	40
0	0
0	0
0	0
0	0
0	0
22	754
4	754
0	96
0	84
1	95
0	12
0	12
0	3
0	7
1	7
0	4
110	123
3	112
6	56
0	17
0	19
0	14
1	0
0	0
0	0
0	0
0	0
0	0
0	0
0	0
0	0
0	0
0	0
0	0
19	100
1	1565
2	235
0	136
1	1558
0	237
33	43
24	860
28	778
0	111
1	208
0	73
5	25
1	68
73	2413
41	2411
0	102
126	1908
0	1792
3	1406
6	14
3	165
6	140
1	290
14	413
0	217
7	20
1	3
151	14
0	1895
53	38
1	1609
8	255
0	907
2	568
7	115
0	0
434	175
0	160
0	15
0	925
27	321
25	356
0	924
15	921
1	0
24	723
0	412
0	30
1	505
6	320
0	434
3	282
0	0
6	960
0	864
39	897
3	862
0	246
1	107
0	64
10	88
27	42
16	72
1	41
1	32
3	27
3	11
0	4
2	910
0	948
0	23
4	0
0	47
33	19
0	0
0	1633
0	27
51	1626
20	9
0	104
5	70
0	195
60	1200
30	96
0	2
0	2
0	2
0	2
0	0
0	978
0	967
0	660
0	62
0	589
2	545
0	1
0	1
0	0
0	0
1	1866
9	974
0	797
1	1820
0	208
0	301
1603	0
57	1749
0	553
0	1235
3	397
6	113
0	119
3	400
1	94
2	180
0	71
0	120
0	154
12	1118
0	307
0	53
35	617
0	58
0	2
0	2
0	0
0	0
0	4
0	0
0	1
0	0
0	3
3	0
0	0
0	0
0	0
0	0
2	610
0	636
3	53
1	203
13	28
4	52
2	94
20	40
10	23
27	70
0	27
6	915
52	246
0	85
1	773
1	348
6	79
0	230
0	92
0	0
0	0
0	0
44	0
1	270
1	97
49	272
0	5
0	75
0	34
0	1
0	0
0	1
0	0
0	1
0	0
0	1
0	0
1	1543
0	1543
8	528
3	99
8	200
40	36
0	73
16	154
4	48
0	6
4	24
31	0
5	19
0	0
316	346
3	346
18	274
4	167
0	125
0	1
3	1
0	0
0	0
0	1
0	0
5	846
25	915
0	934
14	88
0	257
4	0
935	150
0	139
106	13
0	0
0	0
0	0
915	52
14	52
0	1039
0	1039
0	131
50	97
188	594
0	154
0	90
0	64
0	140
0	572
0	116
0	67
0	142
1	0
3	0
0	18
15	18
13	18
55	167
0	165
0	2
0	16
0	9
1	44
0	18
0	45
0	0
0	0
0	132
13	7
0	127
5	137
0	0
0	0
0	0
21	19
0	114
1	56
0	3
0	64
0	27
0	24
0	112
2	108
3	743
1	449
39	735
7	179
1	244
0	52
0	0
0	0
0	0
0	0
0	0
0	0
0	0
0	0
0	0
0	0
46	163
37	123
6	159
26	3
5	3
0	2
2	1
681	65
3	65
21	20
3	18
0	4
0	0
5	1375
0	1411
5	174
0	70
2	796
0	60
2	178
0	104
0	3
0	1
0	3
0	1
0	0
0	197
2	1332
111	2
0	93
0	52
0	93
3	51
0	1060
1	31
0	1326
0	0
46	0
0	1494
2497	2357
45	1556
0	265
0	328
2	282
1	0
0	0
347	9366
140	1275
4	786
0	8233
11	3188
6	13
0	23
0	14
0	2
1	28
0	56
0	26
0	53
0	0
0	0
0	0
0	0
0	0
0	0
0	0
0	18
51	340
2	265
0	51
0	0
1	189
0	35
0	3693
9	3641
1	2572
0	3683
0	0
14	156
0	73
0	4
0	156
0	0
346	0
18	164
0	122
0	83
1	41
0	38
0	29
0	0
0	0
0	0
0	0
0	0
0	0
0	0
0	0
0	0
0	0
0	0
0	0
0	0
0	0
141	22
0	22
0	1
0	1
12	231
0	82
0	220
1	4
1	3
1	199
51	0
1	79
4	53
2	83
13	5
0	73
950	0
0	0
0	0
249	205
3	55
25	0
16	150
20	77
0	1154
9	1692
0	1331
71	0
12	208
25	0
0	0
14	997
4	287
12	928
0	596
2	84
0	51
275	3225
0	1741
17	700
0	2363
304	511
0	379
0	69
0	144
21	1239
0	184
3	35
9	40
0	6
0	181
7	545
5	706
17	739
2	694
0	187
43	320
0	471
1	1395
28	26
1	326
0	311
0	1404
0	1396
11	3
0	3
19	91
0	40
0	17
0	1
0	43
8	39
10	44
0	22
0	6
0	6
0	0
2	800
3	1184
2	1314
9	1312
1	1314
1	661
37	437
0	1008
0	0
0	0
0	0
0	0
15	504
4	504
15	380
38	7033
2	7049
59	1215
0	0
0	0
0	1
0	1
0	1
0	1
0	1
0	4
0	4
0	0
0	0
0	0
0	0
0	0
703	165
0	49
0	86
8	0
3	7
3	0
4	16
20	0
16	0
29	10
0	0
0	0
0	0
0	0
1	1225
26	1327
0	1269
120	1405
0	1909
0	2261
0	2135
0	2054
0	2172
24	2261
0	1970
0	1271
321	456
1	1051
0	159
0	291
0	2262
0	2267
0	2315
63	34
0	30
19	26
2	6
0	0
285	656
0	143
0	53
1	656
0	0
0	2
0	0
0	0
0	2
10	1015
0	1060
0	220
4	247
0	1048
0	335
0	1035
0	11
3	116
0	1048
0	2
0	0
0	0
0	2
0	0
0	0
0	0
0	2
0	0
0	2
0	2
0	2
3	2
0	0
0	6
0	0
0	6
0	6
0	6
0	6
0	6
0	4
0	0
0	0
0	0
0	0
0	0
0	0
0	0
0	0
0	0
0	0
0	0
0	0
0	0
2	0
0	2
0	2
0	2
0	0
0	0
1	0
0	0
0	0
0	0
0	0
0	0
0	0
0	0
25	1043
6	428
0	986
5	37
32	4
5	2
4	17
0	244
11	40
4	21
0	0
0	0
0	0
0	0
0	0
0	0
3	0
0	68
0	1
14	33
0	34
0	12
8	22
5	1
1	0
0	0
0	0
31	5
1	5
0	4034
0	3877
0	4018
0	3861
0	3709
0	3850
0	3866
0	3693
0	3732
36	357
43	80
0	4039
23	323
22	336
0	112
2	16
0	13
31	140
1	0
0	0
0	0
0	0
0	0
0	0
0	0
0	73
31	174
18	157
0	510
1	457
0	481
35	104
0	485
0	30
24	48
1	60
2	475
0	455
3	12
0	110
0	268
0	110
0	114
0	64
0	47
9	300
0	300
2	246
9	0
1	33
0	2
0	2
0	2
0	1
0	2
0	3
10	1
1	0
0	0
0	0
0	0
8729	0
0	0
0	7
0	7
0	7
0	6
0	7
0	6
0	5
0	7
0	3
0	4
580	174
10	174
1	126
0	140
0	324
14	0
0	142
0	46
0	58
0	42
1	0
2	39
378	324
57	6498
0	2887
1	5166
0	809
2	5101
0	5016
28	660
0	1844
16	2054
2	3
0	0
1	1
0	0
0	3
0	0
0	2
0	3
0	0
0	0
2	0
0	0
94	94
0	94
0	16
5	7
21	18
0	0
0	0
64	1676
3	21
0	63
20	211
0	169
0	65
382	48
2	48
0	0
0	0
0	0
0	0
0	8
2	6
0	5
0	1
1967	231
7	183
20	7
0	41
0	0
0	0
0	0
0	0
0	0
0	0
0	0
2	0
0	19
0	3
0	0
0	0
1	20
0	0
0	1
0	1
4	12
4	367
0	371
0	359
0	208
0	57
1	1
0	15
0	0
0	0
0	0
0	0
0	0
0	0
0	0
0	0
0	0
0	0
0	0
0	0
0	778
4	642
0	787
0	115
32	662
1917	2457
0	500
1	2417
287	384
0	210
141	154
130	44
0	0
0	0
0	0
0	0
0	0
0	0
493	0
4	6667
0	6697
6	123
0	251
5	57
3	458
0	1841
3	1628
2	491
44	1079
2	769
3	337
2	239
0	72
0	0
0	0
0	0
0	0
0	0
0	0
2	121
15	121
0	211
36	211
0	104
15	109
4	43
0	24
0	38
209	2837
4	2837
0	0
0	0
0	0
0	0
0	0
0	7
1	2
0	3
0	7
0	6
0	0
0	5
0	4
0	4
0	0
0	4
0	4
0	0
0	0
2	6
0	822
0	376
0	259
0	822
0	765
2	0
0	0
0	0
0	0
0	0
0	0
0	0
0	0
0	0
0	0
0	0
0	0
0	0
8	6
73	314
1	511
7	666
17	297
11	313
5	274
1	619
0	447
0	691
6	49
0	49
0	18
0	6
0	4
0	5
0	2
6	200
0	139
0	102
0	2
0	3
0	196
0	197
0	0
1024	613
0	116
1	308
1	242
4	88
3	80
1	34
22	441
30	428
0	607
3	615
9	299
0	164
0	228
1	161
0	0
0	0
0	0
0	0
0	0
0	0
0	3182
146	784
99	15
0	786
0	0
0	0
0	0
0	0
725	535
5	489
6	195
30	17
5	10
0	9
0	9
313	364
12	3
3	564
0	392
0	381
6	358
0	311
0	359
47	208
0	555
0	1
0	1
1	1
0	0
0	0
0	0
0	0
1	0
0	0
0	335
0	330
39	37
0	41
1	30
0	275
6	130
0	6
0	14
1	309
16	1
0	1
115	209
0	180
0	133
4	109
5	20
1	0
0	0
0	0
0	0
0	0
0	0
0	0
0	0
0	0
0	2
0	2
0	0
0	0
0	1
0	0
0	0
0	0
74	51
0	51
0	701
0	734
1	722
0	638
0	110
0	653
0	59
5	32
14	24
3	17
7	42
2	45
0	732
0	0
7	3538
30	3500
0	3453
7	3453
26	2203
18	15
59	687
0	414
0	380
8	335
0	485
0	79
24	77
0	19
1	14
1	9
4	16
86	16
21	250
4	245
1	2363
0	2359
0	1642
1	1922
0	2418
18	309
11	140
0	260
0	84
19	255
47	0
8	14
5	105
0	170
7	73
0	260
920	0
0	0
57	2600
18	40
0	322
0	2391
52	832
6	1525
9	1497
0	1158
1	1076
13	83
0	1526
22	0
0	0
0	0
0	0
1	377
0	14
0	296
0	359
0	42
0	208
0	63
2	13
3	80
0	8
895	54
3	54
0	0
0	0
0	0
0	0
0	0
0	0
0	0
0	0
0	32
94	137
2	7
0	29
0	95
2	34
0	152
10	314
15	331
0	99
0	34
9	115
12	21
0	30
0	16
0	0
0	44
7	54
0	9
0	62
5400	679
0	0
0	0
0	0
367	1129
0	0
0	0
0	0
0	0
0	0
0	0
0	0
0	0
0	0
0	0
1677	87
0	64
7	22
17	1
0	0
0	0
0	0
0	0
0	0
0	0
245	490
18	476
18	9
151	94
0	9
0	94
0	0
7164	1374
3	1374
4	0
0	0
0	0
0	0
0	0
0	0
0	0
0	0
0	0
34	888
79	885
1	979
2	383
0	10
0	6
0	4
0	4
0	4
0	3
1	4
0	0
0	1
0	0
0	0
0	0
0	9
0	10
0	9
0	3
9	193
1	194
3	68
0	4
7	6
0	6
5	6
0	2
4	3
0	1
0	1
0	0
0	0
0	0
0	0
278	918
2	878
0	268
0	918
0	2
0	2
0	0
1325	415
1	285
0	109
0	130
0	0
323	175
0	175
0	33
0	0
0	0
0	130
0	0
0	0
0	23
0	23
0	130
0	136
0	15
0	44
0	61
0	31
0	130
0	130
0	0
0	0
1107	3250
0	1
0	0
0	1
0	1
0	1
0	0
0	0
16	0
0	0
0	0
0	0
358	3016
0	6
0	5
0	4
0	2
0	0
0	115
0	117
0	89
0	44
0	80
12	73
3	17
12	23
0	5
0	18
0	3
0	14
0	9
2856	823
8	823
0	0
0	0
0	0
0	0
0	0
338	1725
27	22
0	11
0	22
0	0
0	0
100	859
1	191
1	295
0	282
16	104
0	24
2	302
0	48
3	47
0	0
39	1071
7	552
0	371
0	749
0	747
0	288
0	424
2	219
8	207
2	235
7	25
0	1
0	1
0	1
0	1
0	0
0	1
0	0
0	0
0	0
0	0
0	0
0	0
0	0
0	0
0	0
0	0
225	1059
0	21
4	1038
0	143
0	149
2	145
6	28
1	27
1	15
2	0
2	2
0	1
0	2
0	0
4	0
5	3
0	1
0	1
0	0
0	1
0	1
0	2
0	487
1	472
41	177
0	57
0	74
0	49
5	47
13	547
15	561
11	347
3	111
9	173
0	187
16	46
0	333
0	6
0	1
0	5
0	2
0	0
0	5
0	5
0	5
500	3973
24	4083
165	3626
0	0
0	0
142	46
0	39
2	7
20	752
13	752
8	2279
170	2339
3	586
9	126
28	261
0	539
16	68
3	5
0	0
0	7
0	1
0	3
0	0
0	0
0	6
141	0
1808	533
1	187
27	84
6	262
0	0
0	2
0	2
0	0
0	0
0	2
0	2
0	2
0	1
0	0
62	0
51	352
0	352
0	56
0	0
0	0
0	0
0	1
0	1
0	0
0	0
0	1
0	1
0	0
0	1
0	0
0	0
0	0
392	0
53	9468
0	1817
0	265
0	265
0	1020
0	7844
0	9354
31	96
24	134
91	1439
35	2850
0	7754
20	180
23	142
412	2147
0	2869
11	174
0	324
0	257
0	9465
728	66
7	66
18	19
0	0
0	0
0	0
0	0
0	0
0	0
0	0
0	0
0	0
0	0
0	0
0	0
22	683
0	492
4	490
0	684
0	0
0	0
9	0
0	0
1	46
8	43
0	47
0	8
0	1
0	0
0	0
0	1
0	0
0	0
3	93
4	94
1	68
53	45
28	6
27	34
0	7
6	13
0	0
0	0
0	0
0	0
0	0
0	0
0	0
0	0
55	172
11	155
208	217
0	123
0	0
2	0
3	31
0	3
0	2
1	26
1	4
0	0
0	0
0	0
0	0
0	0
5	2
0	2
1	0
0	0
81	216
2	216
0	11
0	10
0	1
0	0
0	0
1	103
0	103
0	103
1	29
0	93
4	9
0	0
0	0
0	0
566	2559
0	0
0	0
0	0
0	0
0	0
0	0
0	0
0	0
0	0
0	0
0	473
36	447
0	454
5	383
0	72
3	115
0	136
0	74
0	24
0	140
2	153
1	59
8	97
0	0
0	0
0	64
0	42
0	40
6	750
1	34
0	80
0	750
0	0
0	0
0	0
0	0
0	0
0	0
0	0
0	0
12	153
5	103
0	88
0	46
44	251
0	107
1	207
0	109
0	110
0	106
0	27
1253	111
147	111
0	0
0	0
0	0
0	0
0	0
172	153
14	153
0	0
0	0
324	208
5	208
9	78
3	69
3	20
0	0
0	0
0	0
0	0
0	0
7	144
2	97
0	1
0	0
3	89
0	30
0	7
9	6
0	8
0	2
0	5
0	0
0	144
0	5
0	4
57	21
1	15
0	1
9	6
4	22
0	17
0	11
17	0
18	159
2	159
0	87
0	7
191	1643
2	163
0	1321
0	69
0	156
6	966
6	868
55	139
9	833
158	671
52	28
248	0
22	189
0	181
0	152
2	197
0	127
0	56
0	64
0	64
0	76
0	14
0	0
0	0
1	2
0	430
0	401
0	266
1	287
0	100
1	131
4	84
5	50
0	397
0	0
0	0
2	0
0	0
0	0
0	1
0	1
0	1
0	0
0	0
522	179
0	150
5	134
0	88
2	35
0	0
0	0
10	136
0	23
0	42
0	52
0	24
0	15
0	128
2	0
75	0
0	64
6	108
6	20
0	107
0	0
5	203
773	925
0	710
8	91
0	0
0	0
0	0
0	0
4	116
0	113
15	112
15	110
20	65
0	10
1	12
0	101
0	0
0	0
0	0
1004	2816
0	0
0	0
0	0
109	2
10	1302
1	1323
0	399
1	342
0	341
0	68
0	1319
0	0
83	0
933	1
9	1
1	0
585	182
5	135
17	99
2	77
14	424
4	424
14	352
921	2337
21	2337
3	19
0	19
0	19
0	6
0	6
0	6
0	6
1	2
0	1
194	52
3	52
16	8
0	237
4	255
351	257
2	81
0	0
0	0
0	0
0	0
16	7114
3	731
85	2546
514	7109
5	0
0	0
0	47
0	46
0	19
0	15
0	14
0	8
0	10
0	5
1	3
0	2
0	84
0	38
557	271
3	12
0	59
1	99
0	1
0	1
26	1891
1	1130
0	90
0	254
23	261
16	1892
0	0
0	0
13	164
0	184
0	188
0	198
0	196
41	331
0	315
77	0
1	0
0	0
104	88
0	322
0	0
0	0
9	0
39	643
0	78
0	643
12	12
1427	1195
0	124
0	1096
7	119
87	48
2	0
727	0
0	2
0	1
0	3
1	3
1297	24
6	24
0	0
0	0
0	0
0	0
0	718
0	654
0	714
69	402
0	170
0	130
0	42
0	221
0	154
1	55
0	22
0	20
285	441
0	441
0	349
0	124
0	102
0	163
8	0
0	923
0	872
0	1353
0	1611
1	1286
0	125
0	284
0	1574
0	1069
7	252
0	341
1	1590
1	872
0	2
0	902
0	1286
4	872
2	7
0	170
0	276
6	153
82	193
41	81
0	15
22	87
225	184
0	184
0	72
4	17
9	1104
1	381
172	1446
0	1510
0	1218
0	298
2	0
0	0
0	1
0	1
0	1
0	1
114	906
3	747
1	170
5	11
0	7
0	0
0	4
0	0
1	4
0	4
0	0
522	2731
0	0
0	0
294	0
0	0
300	3359
9	537
82	3093
88	188
1	161
0	1161
1	423
333	1070
0	0
0	0
33	266
1	266
0	133
0	120
2	137
10	131
34	3
0	140
0	0
1960	0
48	527
1194	1521
0	337
13	377
0	419
0	1345
0	664
0	712
1	665
0	872
0	843
9	96
0	716
21	652
7	76
25	117
10	54
6	2296
0	1516
0	2223
0	2085
10	2002
34	889
4	1989
0	1963
0	1571
0	916
0	912
0	1443
0	1526
0	768
0	296
0	0
0	0
0	0
193	794
0	638
0	636
0	580
0	578
0	452
0	606
0	326
26	327
1	166
33	98
0	124
1941	826
0	716
0	0
0	0
0	0
65	126
0	536
0	3999
34	422
1	136
2	163
8	3798
39	1124
0	1148
0	3630
0	500
0	2781
4	101
0	2188
23	1
2	549
29	739
0	0
0	0
8	41
0	41
0	5
0	70
0	62
0	70
16	1468
9	165
0	1479
0	51
1	10
0	94
0	678
9	24
0	215
0	135
91	64
0	5
0	37
0	9
0	59
0	26
0	16
0	20
0	17
1	27
0	0
0	0
0	0
0	0
0	0
0	0
0	0
0	0
763	186
7	186
0	0
0	1
0	0
0	1
0	1
53	1050
1	129
23	156
106	332
30	809
0	796
0	684
37	116
0	283
0	213
114	691
6	115
13	123
0	0
0	0
0	0
0	2
0	2
2	0
0	0
0	0
1	0
0	0
1	0
0	0
14	354
13	351
1	365
0	37
0	0
0	0
1	118
86	134
75	152
123	50
0	32
0	31
0	67
5	35
0	0
0	0
0	0
0	0
5	162
5	162
0	167
0	102
6	101
0	27
51	4
1	14
0	0
4	577
0	536
5	577
1163	0
131	1262
13	1262
1	225
1	82
516	955
1	512
4	886
11	288
30	62
0	60
1	5
0	6
0	0
3	2
0	0
0	0
0	0
0	9
1	1961
16	104
32	659
0	157
2	116
1	1940
8	160
0	61
0	31
7	50
12	262
1	56
12	0
0	0
0	1
0	1
0	1096
0	16
0	36
0	1100
0	0
0	0
0	0
0	0
0	0
0	0
0	0
0	0
22	0
3	84
0	71
7	58
0	0
435	168
0	168
135	94
3	94
0	0
157	1669
14	1669
4	259
4	296
11	69
0	54
0	0
0	0
0	65
38	283
0	2925
2	1397
5	1070
0	55
0	2694
25	739
4	2212
0	2622
0	2621
1	2552
0	0
51	1116
5	660
2	797
2	1115
4	690
0	655
0	1118
0	796
48	4
52	234
7	230
0	0
0	0
0	0
0	0
0	0
0	0
0	0
0	0
0	0
0	0
0	0
0	0
143	30
0	30
2	405
6	405
487	405
0	0
0	0
0	0
0	775
36	775
0	0
0	0
0	0
0	0
0	0
0	0
0	0
0	0
0	0
0	0
0	0
0	0
0	0
0	0
0	0
0	0
0	0
0	0
0	0
3	1887
7	1745
35	2146
9	1378
9	2219
0	2312
0	1754
37	407
0	0
0	0
0	0
0	0
0	0
0	0
0	0
0	0
0	2569
617	2575
5	1442
0	364
43	318
1	2542
0	1120
2	254
0	375
1	0
0	0
0	0
40	746
0	746
0	78
0	96
0	73
3	12
1	94
0	19
4	185
3	21
0	80
0	179
0	0
23	29
10	29
35	269
0	8
8	261
2	0
4	0
5	17
180	306
0	289
80	104
0	104
0	111
2	25
0	6
0	199
0	663
7	663
0	0
0	0
0	0
19	19
0	19
0	0
0	1
0	20
0	20
0	18
0	3
11	2
0	0
51	0
1444	1656
7	1558
3	1477
0	130
66	95
35	29
563	48
44	122
0	122
0	2
0	2
0	0
1	2
0	0
0	0
0	0
0	0
0	4
0	3
0	1
0	4
0	3
55	78
0	76
32	2
0	0
39	1151
172	1195
3	14
0	189
0	358
3	406
2	171
2	176
0	160
0	136
0	0
0	0
186	17162
8	16278
38	2773
60	17016
61	3344
0	2639
16	3049
0	3094
54	2624
0	0
0	0
5	0
0	0
0	0
190	0
31	739
62	752
4	149
0	0
0	0
0	126
364	207
0	7
0	47
0	61
0	18
0	34
0	72
0	1
0	1
0	0
0	0
0	0
23	2
0	2
2	0
0	0
0	0
0	0
0	0
0	0
341	256
0	91
0	165
0	2658
0	498
28	2607
0	320
5	186
0	2607
0	0
0	0
0	61
3	12
362	105
0	12
0	56
0	12
8	8
0	23
0	20
0	24
0	0
0	0
0	243
111	249
0	52
0	6
2	3
0	0
0	0
0	0
0	0
6	4
0	0
0	0
0	2
0	4
0	0
0	0
0	0
0	1
0	0
0	0
0	0
0	0
0	0
0	0
0	0
0	0
0	0
0	0
0	0
0	0
4	3
0	1
0	3
0	0
0	1
0	0
1	0
0	410
0	424
18	290
0	42
38	202
0	176
1	195
0	62
0	2
1	19
0	41
0	37
9	35
0	8
0	0
0	0
89	905
0	515
0	833
6	451
9	73
3	98
1	104
0	93
1	61
0	74
0	19
0	16
1	14
0	12
0	16
0	14
0	9
0	3
0	6
5	203
0	424
6	408
0	412
3	18
16	137
0	0
0	29
0	29
0	1
0	8
0	10
0	4
0	190
1	163
0	113
34	0
0	44
12	116
0	69
6	0
0	0
0	0
0	19
5	19
0	10
0	10
0	0
0	202
7	53
3	180
0	33
0	79
0	64
1	50
0	56
0	7
3	0
0	66
0	0
12	0
0	0
0	0
0	0
0	0
0	0
0	0
1	313
23	313
0	29
3	31
0	8
1	25
0	53
0	54
7	31
0	14
0	30
25	12
0	0
0	0
0	0
5	0
0	91
0	90
0	90
0	47
0	68
2	42
0	6
0	2
0	3
0	1
272	3766
39	3597
14	2996
3	2507
9	1161
0	1983
0	1293
25	1108
1	893
10	188
0	0
0	0
0	0
0	0
2	0
0	0
0	92
0	92
0	62
0	0
0	0
0	2
0	2
0	2
0	0
0	0
0	0
0	0
72	0
7	97
282	122
62	54
2	54
1	42
0	4
0	0
1065	1690
99	957
67	1162
25	1494
42	1293
2	572
14	354
0	91
0	266
5	35
0	0
9	1
2	1
0	1
0	1
199	223
1	114
1	10
9	118
14	159
57	4
0	0
0	0
15	50
2	50
0	38
3	9
65	720
49	168
0	203
5	213
0	94
0	278
0	262
0	0
0	0
0	0
0	0
0	0
0	26
0	3
0	2
0	1
0	0
0	25
0	7
0	25
6	10
6	18
0	23
0	4
3	1
0	0
0	3
0	5
0	9
0	7
1	22
26	128
3	54
3	0
0	2
5	74
1	25
3	24
0	946
0	1033
2	1017
10	1239
0	1249
0	1208
0	585
1	2
0	253
4	805
3	126
0	335
0	264
0	166
0	204
0	209
0	172
0	138
0	98
25	19
0	0
0	2
0	2
0	2
0	0
0	1
0	1
1	689
0	46
0	194
0	80
0	689
0	37
0	41
0	19
0	40
0	42
0	2
0	33
0	2
0	0
0	2
0	0
0	0
0	68
0	68
0	0
0	0
0	0
0	0
0	2
0	1
0	1
6	2
0	94
0	5
0	66
0	51
0	34
0	40
0	40
0	41
0	33
3	40
0	40
0	45
0	44
0	3
0	15
0	9
0	8
0	3
0	3
0	6
0	1
0	0
1	3
0	3
0	3
0	3
0	7
0	3
0	0
0	0
0	100
0	0
2	52
10	92
5	87
0	16
0	8
2	14
0	2
0	0
0	2
0	0
0	2
0	0
0	2
14	5076
1	4745
1	668
11	821
0	851
4	205
9	167
4	296
1	196
7	130
177	363
0	155
0	50
7	43
0	88
0	153
3	42
0	196
0	146
0	127
1	94
1	55
0	0
0	0
1	0
5	2
1	2
0	2
0	1
0	2
0	1
5	154
0	92
8	59
3	18
0	41
5	22
7	22
1	2
0	7
0	6
0	5
0	155
0	0
0	0
0	0
0	0
0	0
0	0
5	0
0	0
0	0
0	0
0	0
0	0
124	125
0	125
1	6
0	0
0	0
0	0
0	0
0	0
0	0
0	0
0	0
0	621
198	628
0	206
0	340
0	167
5	72
30	189
0	471
6	31
1	4
12	4
0	130
2	131
9	58
1	35
0	47
0	94
1	91
0	57
0	474
0	8
0	1
0	0
0	0
0	0
0	8
0	0
0	0
1	1
0	0
0	1
5	0
0	105
0	2
0	96
0	12
0	105
0	96
0	104
0	178
0	168
0	161
0	133
0	169
0	165
5	61
6	19
0	7
40	0
89	189
91	183
0	22
0	770
0	806
4	789
0	696
0	784
0	76
0	769
0	663
0	53
72	22
47	0
66	625
25	29
5	29
1	14
0	265
0	221
4	252
0	211
0	255
0	236
0	18
0	257
6	92
2	156
8	8
0	9
0	57
3	7
0	106
0	95
71	518
6	516
0	415
2	21
0	409
0	169
8	59
0	41
20	166
18	114
4	13
0	0
0	0
0	0
0	4
0	4
0	6
0	3
0	4
0	1
0	1
0	0
0	0
0	3
0	0
0	0
0	621
3	3
0	601
1	73
0	50
2	61
8	56
4	219
3	57
0	178
1	1227
0	1297
29	898
4	63
9	15
0	0
0	0
2151	2659
0	361
1	2281
10	63
15	8
5	4
5	4
0	4
0	8
1	1092
658	1092
0	323
0	514
0	35
2	301
4	10
0	41
1	37
0	44
3	10
0	516
0	328
297	97
0	97
2	83
0	39
234	404
0	404
1	1616
0	1617
2	1373
0	1259
0	222
0	6
1	395
0	400
0	385
3	387
0	47
0	114
19	395
0	0
4	0
0	0
0	0
0	0
0	0
0	0
0	0
0	0
0	0
0	0
46	279
0	194
3	88
0	0
0	1
0	1
0	1
1	1
1	1
0	0
0	164
14	175
0	42
1	13
695	350
9	350
120	211
8	100
0	100
9	33
2	26
50	275
0	300
0	284
0	52
0	87
2	20
2	232
24	26
0	232
45	184
9	184
1	26
5	24
0	70
0	1568
0	1872
40	20
0	19
2	15
0	13
0	11
0	10
0	7
2	9
1	9
0	1
0	1
0	1
0	18
1	1
0	19
0	19
3	16
0	18
0	17
0	16
0	8
0	4
3	2
0	16
13	5149
58	1800
1	5157
219	749
0	749
0	8
0	0
0	2
0	9
0	3
0	8
0	0
0	0
2	0
1	867
5	357
9	871
3	258
0	37
39	9
18	22
0	16
1	7
1	0
0	222
0	249
0	35
0	72
0	35
0	51
2	30
0	99
0	86
0	22
0	20
5	22
0	109
4	7
0	59
0	249
56	947
0	1000
15	107
7	438
15	372
22	384
7	42
26	306
0	164
14	57
10	453
27	453
1	59
3	30
0	53
4	0
2376	0
1	4
0	4
0	1
0	4
0	20
0	20
2	4
0	2
0	16
0	127
0	598
0	412
0	394
1	507
0	0
0	0
0	0
0	0
0	0
0	0
4	0
0	713
0	729
1	26
16	222
4	16
1055	106
0	106
0	0
0	0
0	0
0	0
0	0
0	0
0	0
0	0
0	0
0	140
0	294
0	124
0	424
2	144
4	65
21	94
0	3
0	3
0	3
0	0
0	0
1086	1086
45	1086
1	19
4	21
4	30
0	33
0	43
0	9
0	45
0	11
0	10
0	28
14	31
0	7
3	6
0	28
1	8
0	11
0	8
0	13
0	9
0	0
0	0
0	0
0	32
0	32
1551	7531
4	7531
0	7479
5	7528
12	271
4	196
17	26
0	0
0	0
0	0
0	0
0	0
0	0
0	0
0	0
0	0
0	0
0	31
0	31
0	6
0	3
0	1
0	0
201	368
5	347
0	67
326	4142
0	1297
0	4140
52	1352
0	767
79	401
28	2060
0	0
0	0
0	0
0	159
2	162
0	9
0	127
0	111
2	22
0	26
4	8
0	73
0	66
3	123
0	52
0	6
0	123
6	967
439	1015
1	317
6	124
0	0
22	212
0	317
14	318
0	27
29	81
0	35
0	47
0	0
0	0
0	0
0	0
0	0
0	0
0	0
0	0
0	0
0	0
680	0
0	335
0	716
0	722
5	387
0	565
100	976
2	996
0	523
21	690
0	711
3	95
0	171
13	288
108	49
10	717
30	1489
21	2
0	695
0	772
0	2
0	2
0	2
0	2
0	0
1	2
0	4
0	11
0	15
0	15
0	11
0	15
1	1
0	1
6	156
0	10
0	157
0	155
0	12
0	158
0	9
0	28
2	11
6	28
0	3
180	315
33	148
12	315
0	44
0	37
0	46
0	51
0	21
0	19
0	11
2	385
0	354
11	0
0	6
6	166
0	401
0	392
0	0
0	0
0	0
0	0
0	0
0	0
0	256
0	224
0	0
0	0
0	0
31	136
6	67
1	136
0	96
12	67
0	234
0	234
0	26
1	4
0	6
2	3
2	0
3	234
0	11
1	0
10	31
0	31
1	31
0	25
0	31
0	4
1	22
0	16
0	6
385	780
116	269
11	779
0	2
0	2
0	0
0	0
0	0
0	0
460	633
3	633
4	446
3	253
0	0
0	0
0	0
0	0
0	0
0	0
0	0
0	0
0	0
396	755
0	57
2	142
52	592
1	428
105	0
3	428
0	4
0	4
0	4
0	4
0	4
0	0
0	1
0	0
0	4
0	0
0	4
0	0
0	4
53	243
0	234
0	0
0	0
3	131
0	131
155	55
1	55
4	50
6	1
0	1
0	1
0	23
0	23
0	6
14	27
0	26
0	18
2	16
0	16
0	93
0	93
0	85
12	1
0	8
5	8
0	8
0	8
0	8
0	86
0	90
14	8
6	51
0	93
0	93
0	3
0	3
0	0
0	0
0	0
0	0
0	0
13	2054
62	180
0	877
0	9
0	2054
0	0
0	0
595	379
5	306
0	118
9	14
86	209
0	85
0	124
1	195
13	6
0	91
0	127
0	109
0	25
0	40
0	44
0	92
0	27
0	25
0	24
14	407
14	407
10	33
0	28
0	0
0	0
987	1050
8	673
0	920
3	436
6	8
8	0
0	0
26	29
13	44
1	125
0	14
1	14
0	0
264	153
1	153
0	2
0	1
0	0
0	0
0	1
0	0
1106	549
3	549
0	0
0	0
0	0
736	473
1	436
0	109
2	29
0	122
2	109
1	52
0	28
0	0
0	0
0	0
8	30
0	30
1	7
0	4
1	2
2	0
0	132
24	55
13	175
2	57
0	76
11	4
16	154
0	29
5	365
0	350
0	32
0	43
0	46
3	4
0	90
0	340
0	40
5	92
0	0
0	0
0	0
0	2
0	0
0	2
0	1
0	0
0	0
0	0
0	2
0	0
0	0
0	0
0	0
0	0
0	0
0	0
0	0
0	0
3	0
0	1
0	0
0	1
0	1
0	0
1	41
1	94
1	94
101	83
0	83
50	767
0	709
0	219
0	69
1	27
9	964
0	1012
5	940
0	411
7	43
0	450
0	130
3	492
0	113
0	485
0	159
0	329
0	107
0	336
0	248
3	523
5	199
0	193
0	172
1	79
0	56
0	79
0	79
2	6
0	1
0	0
0	0
316	0
0	0
0	0
0	0
0	0
4	630
1	2185
0	2258
3	1189
2	153
0	159
3	155
0	141
11	320
0	173
5	63
0	1114
9	32
2	92
1	159
0	188
3	95
38	102
0	31
0	1054
0	970
18	65
1	173
0	1017
0	154
5	102
0	12
0	5
0	10
0	11
0	0
1	0
0	0
0	0
0	0
0	0
0	0
0	0
0	0
0	0
0	0
0	0
0	0
0	0
0	0
73	814
6	11
4	2
0	801
0	0
0	0
0	0
0	216
12	473
0	523
0	237
0	38
29	31
3	145
1	108
0	212
0	212
1	82
0	210
1	32
0	155
2	145
0	42
12	96
2	31
0	0
1099	310
67	227
0	0
0	0
0	0
0	0
0	0
0	0
0	0
20	351
1203	397
0	227
3	24
5	68
0	0
64	1934
0	1934
5	1932
5	412
4	205
0	0
0	0
0	0
0	0
0	0
0	6
1	1
3	6
0	0
0	0
109	64
1	9
4	4
0	60
0	878
152	398
11	718
0	46
23	90
0	42
128	257
12	265
0	160
0	77
1	160
1	111
12	58
0	0
0	0
0	0
0	6
0	6
0	4
0	6
0	6
0	6
0	1
0	2
0	0
0	0
0	0
0	0
0	0
0	0
0	0
0	0
0	0
1	0
0	0
60	1436
3	88
0	298
0	246
125	1944
7	1929
1	327
1	612
0	249
2	300
94	603
19	45
0	5
0	90
1	137
0	72
0	282
4	21
29	86
1	0
0	0
2	578
0	973
0	914
0	1054
0	959
0	913
0	891
0	596
65	558
0	284
4	397
0	191
0	334
3	31
0	106
0	77
1	55
0	949
0	830
0	7
0	137
0	137
2	16
0	7
8	239
12	118
1	157
0	24
2	38
0	0
0	0
0	0
0	0
0	0
0	0
0	0
0	0
0	0
0	0
0	0
0	0
0	0
0	0
0	0
83	667
0	76
0	654
4	409
56	291
5	96
3	164
0	154
0	172
0	161
4	28
0	116
0	126
6	8
8	3
3	65
0	20
0	31
5	18
0	40
3	6
423	64
0	64
2	0
0	0
0	184
0	17
64	1629
1	461
3	1225
4	1005
9	0
11	218
6	0
9	78
0	1
33	17
0	8
1	15
1	1
0	1
1	6
0	3
0	6
0	6
0	0
0	5
0	4
0	2
13	620
1	345
4	587
0	72
0	153
1	217
6	13
20	0
4	76
151	363
0	408
0	251
0	296
0	117
0	187
0	83
18	31
25	132
0	52
6	51
0	0
0	0
0	0
0	0
0	0
0	0
0	0
0	0
0	0
0	0
0	0
0	0
1	598
2	424
0	484
0	575
0	623
0	324
0	84
0	179
0	185
1	212
8	252
0	177
0	209
0	191
0	17
0	117
0	173
71	99
0	123
20	1173
0	948
0	1071
0	1058
0	1063
3	812
3	156
1	102
0	1088
0	1057
12	38
5	38
0	21
0	0
0	0
0	1
0	0
0	0
0	1
0	0
0	0
19	0
3	664
3	532
0	463
0	202
0	129
0	106
9	145
248	73
0	49
10	0
148	64
0	52
5	38
0	12
0	0
0	0
4	0
0	0
22	0
26	477
0	569
88	395
0	186
0	148
0	269
2	229
0	116
6	132
339	97
1	97
0	568
0	568
0	374
0	374
44	116
4	262
25	199
0	91
0	105
4	64
3	67
16	20
7	67
2	91
0	0
0	0
0	0
50	166
0	138
2	109
12	2
0	11
426	179
0	27
0	92
2	78
0	42
0	42
0	37
0	14
0	2
0	5
0	17
0	2
1	5
0	24
1	23
0	23
0	2
0	1
1	17
0	2
1	0
0	25
45	109
0	51
28	54
0	95
411	765
0	462
0	462
0	100
0	765
1030	268
2	109
4	39
1	133
6	344
0	343
0	7
117	249
0	249
0	0
0	0
0	2971
3022	2971
203	105
0	105
0	88
0	1
0	0
0	1
0	1
0	0
0	1
0	0
0	0
0	0
0	11
0	478
0	502
0	500
54	156
1	270
0	294
169	71
0	49
0	22
4	33
5	406
0	422
0	395
0	307
14	79
3	53
2	32
0	14
0	46
0	0
0	3626
17	88
2	432
0	301
0	354
7	3546
0	2
0	8
0	8
0	8
0	8
0	7
0	0
0	0
2	1
0	0
36	1683
0	1845
13	1766
5	0
6	206
50	82
2	864
0	860
0	85
0	17
29	117
0	0
0	0
0	0
0	0
0	0
1	0
1553	1371
0	1351
3	133
1	311
0	128
3	37
264	417
0	417
2	69
2	411
0	15
31	414
1	0
19	139
1	56
0	21
0	36
0	34
0	89
128	89
0	60
23	8853
18	3987
15	4420
3	8841
3	3982
38	3549
15	440
0	306
0	194
0	303
1	253
0	245
0	2
0	0
6	7
56	37
34	48
0	32
0	23
0	164
12	893
0	885
0	834
0	837
1	798
7	9
0	885
0	887
20	654
0	654
7	169
20	17
4	110
38	122
10	27
15	63
0	2370
1575	3818
21	342
9	2174
6	222
80	519
11	404
16	375
61	759
0	494
0	0
0	0
0	0
0	1
0	1
0	0
0	1
1	0
0	0
19	149
0	101
13	8
0	158
0	27
2	0
0	0
0	0
0	0
0	0
0	0
0	250
0	115
0	38
0	246
0	68
1	0
0	58
7	247
0	23
0	22
0	20
0	12
0	5
4	6
1	775
0	447
0	78
0	576
51	723
0	0
12	132
2	229
1	203
4	161
2	183
0	141
3	98
12	36
0	8
0	41
0	15
42	6
0	732
0	26
0	12
0	26
1	0
0	731
4	118
76	92
0	20
0	72
0	204
7	785
872	785
1	581
0	45
287	0
21	0
6	66
0	42
0	26
0	55
0	49
0	30
0	44
0	4
0	4
0	4
0	0
0	1
0	1
0	0
0	0
0	0
0	0
0	0
0	0
0	0
1	93
0	93
12	199
0	207
2	36
5	104
0	7
0	7
0	0
0	0
0	0
0	0
0	0
2	10
0	10
0	8
2	1
0	3
2	3
2	0
0	1
0	1
0	0
0	8
0	8
0	0
0	0
0	0
0	0
0	0
310	325
25	74
22	209
8	277
0	63
3	3
0	1
7	1
0	0
0	63
0	0
0	3
0	1
0	1
0	0
0	0
0	0
0	0
9	1332
1	21
1	99
33	1284
0	1077
0	78
0	1
0	0
0	0
0	1
0	0
1	0
243	292
14	23
0	124
3	182
13	87
0	0
0	0
0	0
1	928
1	102
6	928
0	3
0	2
0	1
885	331
0	331
1	5
0	5
0	3
0	3
0	0
0	1
0	2
0	2
585	25
68	25
0	0
0	0
0	0
0	0
0	0
1	0
0	0
0	0
9	0
14	150
0	150
0	0
0	0
0	12
0	12
0	0
0	12
0	97
604	557
24	3
4	56
0	56
0	557
1	93
14	0
0	0
0	0
0	0
43	18
1	18
0	1994
0	1968
46	1998
0	1335
0	1456
5	154
11	89
0	0
0	0
0	0
0	0
0	0
0	0
0	0
0	0
0	0
0	0
0	0
0	0
0	0
2917	0
1579	791
4	652
31	44
0	145
1	139
9	0
0	43
0	160
0	82
0	42
0	2
0	81
0	45
0	171
0	158
0	0
0	0
126	0
0	0
0	0
0	0
28	111
3	212
4	337
0	368
0	378
17	378
43	165
7	7
0	60
9	136
0	31
5	24
20	1377
0	1429
2	291
0	148
3	238
12	28
3	104
7	74
7	584
60	64
1	0
0	0
0	0
0	640
0	633
0	646
0	633
0	623
0	491
0	388
8	99
0	298
0	322
9	276
0	215
0	247
0	251
0	283
0	219
1	241
0	163
0	163
0	167
0	136
0	42
0	80
0	54
0	623
0	0
0	0
0	0
1000	207
0	191
2	111
0	66
5	8
3	8
0	4
0	5
0	2
1	1496
0	1517
81	91
0	88
0	1442
0	1524
0	70
0	77
4	1431
73	1427
0	1405
5	22
4	252
0	172
1	363
3	569
18	0
8	0
0	0
0	0
0	2
0	6
0	2
0	5
1	0
0	0
0	0
12	12
0	1
0	12
0	2
0	1
0	0
0	1
0	0
0	0
0	1
1	604
81	1045
25	177
0	447
22	639
12	262
0	274
0	295
2	296
4	140
17	98
0	167
0	101
3	37
28	95
1	45
0	0
66	4
109	0
105	14
0	14
0	0
0	0
0	0
1	0
0	0
204	223
0	92
0	89
3	131
8	7
0	2
0	2
2418	696
1	444
8	51
0	201
18	49
0	49
0	25
0	8
0	2
1	7
0	0
0	114
0	165
4	156
0	64
0	111
4	24
786	768
0	158
2	127
7	65
0	11
12	55
3	33
13	329
0	83
0	89
1	63
227	494
1	276
1	46
1	59
2	13
0	255
1	259
2	357
0	58
22	351
1	306
8	296
0	232
5	51
0	18
0	0
0	0
0	1
0	1
0	1
0	34
0	35
0	33
0	0
0	0
1	0
0	0
0	0
0	0
0	0
0	1
0	1
0	1
0	0
0	0
0	0
0	0
0	0
11	19
0	13
0	0
0	6
0	0
0	0
0	0
0	0
913	79
1	33
0	46
0	0
0	0
0	2
0	55
0	51
2	2
2	50
42	4
0	42
0	2
0	42
0	5
0	6
0	51
0	83
466	500
0	334
4	145
0	0
0	0
0	0
35	126
0	120
2	12
8	98
0	154
0	0
0	0
0	0
42	339
0	336
0	0
0	0
0	0
0	0
0	0
0	0
0	0
0	0
0	0
0	0
0	0
2	163
0	142
0	25
13	113
93	30
0	30
0	644
22	644
0	0
0	0
0	0
1	133
13	122
2168	2849
100	194
19	2849
551	134
3	6
0	6
0	5
0	4
0	4
0	0
0	0
0	0
0	2438
4	1348
0	1687
11	128
0	231
38	188
5	1813
6	1796
0	0
937	1754
1	881
0	1113
0	1606
0	0
0	0
451	24
0	19
2592	226
5	226
0	0
0	0
59	1130
3	1130
21	3
602	82
0	82
0	0
106	38
0	6
0	32
117	367
85	239
5	242
1	214
0	124
0	0
0	0
0	0
21	261
0	254
3	13
2	95
0	88
1	107
1	111
1	29
0	26
0	5
1	18
1	26
0	26
0	26
897	79
22	87
4	0
2	10
64	284
8	282
20	6
0	69
39	7
10	42
0	80
0	44
0	44
0	0
0	0
0	0
0	0
0	0
726	0
0	0
0	0
0	371
0	365
7	251
5	172
4	57
0	58
14	125
0	2
0	2
0	0
0	2
0	1055
1	353
0	393
0	221
1	249
1	191
4	39
0	56
20	24
0	3326
8	2100
0	2562
3	454
0	2199
44	1085
0	2000
0	505
3	3214
1	280
0	471
0	863
4	2325
46	716
2	473
0	186
0	1313
7	736
21	8
11	405
0	0
0	0
642	0
53	283
0	37
4	31
2	51
4	23
6	58
20	177
0	0
2	77
0	75
1	77
0	25
0	42
0	0
0	0
0	0
0	7
0	7
0	3
0	2
0	1
0	0
0	0
0	0
0	0
0	0
0	0
0	0
0	0
0	9
1	7
32	7
0	0
0	0
0	0
1	222
0	112
50	81
0	137
1	82
1	139
0	90
6	137
0	1
0	0
0	0
0	0
73	0
0	47
0	48
0	52
0	53
0	45
0	46
0	13
0	3
0	11
0	2
0	0
0	1
0	0
0	11
9	23
0	0
0	12
0	15
0	10
25	65
0	65
0	56
2	0
0	0
0	0
0	0
0	0
89	550
283	820
4	377
0	442
0	348
0	94
15	59
11	1593
0	1603
0	168
0	38
4	0
1	1323
1	172
3	69
3	69
4	3
1	10
0	4
0	5
2	3
0	3
3	0
0	0
0	0
0	3
0	2
1	3
0	0
0	0
0	0
0	0
0	0
0	0
0	23
24	26
0	1
0	12
0	11
100	90
0	56
0	68
0	0
0	17
0	39
0	39
1	39
0	0
0	0
1	890
53	879
0	898
0	593
52	264
3	158
56	148
7	4290
2	184
0	301
0	4250
0	42
26	2664
5	3972
0	40
238	1498
16	34
1	675
0	781
1	236
0	192
0	1494
4	1277
3	208
177	150
90	1358
1	131
8	249
0	0
0	2
4	2
0	1
0	0
0	0
0	0
0	0
0	8
0	8
0	1
0	7
0	1
0	1
1	2
0	2
1	1087
26	1088
0	64
2	91
3	77
0	684
1	726
0	694
10	28
2	111
11	71
6	82
0	59
0	180
17	183
2	156
1	684
0	2
0	0
0	2
0	0
0	0
0	0
0	0
0	0
0	0
0	2
0	2
0	0
0	0
0	0
0	0
12	0
1	0
0	0
0	0
0	0
0	0
0	0
0	10
3	184
0	184
0	0
0	0
752	287
5	68
28	51
1	149
0	143
36	93
0	61
2041	496
4	42
5	122
14	26
1	157
5	81
0	158
93	0
0	0
0	0
0	0
0	0
0	0
0	0
0	0
0	11
0	5
0	5
0	2
0	12
27	22
0	13
0	3
0	0
0	0
0	0
0	0
0	0
0	0
0	0
0	0
0	3
0	0
0	1
0	0
0	1
0	0
0	0
0	0
0	1
0	0
0	0
0	3
0	0
0	0
0	0
0	0
0	0
0	0
0	0
0	0
0	0
0	2
1	2
0	0
0	0
0	0
0	0
0	0
0	0
0	0
0	2
0	0
0	0
1	2
0	2
0	2
1	0
0	0
0	0
0	0
0	0
0	0
0	0
5	6
0	6
0	0
0	0
0	0
0	0
1	1
0	0
0	0
0	0
0	0
10	2
0	1
0	0
399	8990
4	8352
29	1554
4	773
0	744
24	697
2	768
0	26
20	2
0	152
0	152
0	152
2	10
139	1320
13	1323
1	461
0	119
0	135
0	0
0	0
0	0
0	0
81	12
3	3
1	9
0	0
0	0
0	0
0	0
0	891
7	696
0	825
0	700
0	27
0	104
0	72
0	30
0	27
0	45
0	104
2	40
9	16
0	165
0	65
0	9
0	870
0	5
0	5
1	558
59	539
2	486
0	474
1	35
0	45
6	41
0	0
0	0
0	0
0	0
7	843
0	847
1	72
0	39
0	659
6	563
4	679
0	160
4	14
0	36
0	77
1	77
0	52
0	206
0	237
0	14
0	210
2	196
3	110
0	2
1338	180
4	180
0	0
0	0
547	814
37	814
0	1
0	647
0	701
0	340
3	179
34	385
74	408
0	83
1	46
2	40
54	171
34	453
58	453
85	152
0	153
1	6
0	24
3	25
0	13
0	18
0	20
0	14
59	58
4	0
1	16
0	4
1	24
0	0
0	0
0	0
0	0
0	0
0	0
8	9
0	9
0	11
0	11
0	3
2	10
0	0
0	0
0	3
0	0
0	0
0	978
16	1236
0	422
3	146
0	95
2	92
35	261
8	718
0	693
0	60
0	69
1	676
25	676
2	8
1	44
0	132
0	87
0	0
0	0
0	0
0	0
0	0
0	0
0	0
0	24
0	24
0	15
0	24
0	24
0	24
0	25
0	1
0	15
0	24
0	6
0	12
0	18
0	12
0	12
0	12
0	12
0	13
0	18
0	19
0	11
2	5
0	15
0	24
0	24
0	24
0	24
97	3362
10	340
0	198
2	246
6	349
0	384
0	546
6	396
26	771
30	355
0	445
3	3362
2	0
0	0
0	21
0	21
1	20
1	6
0	0
0	0
0	0
0	0
0	0
0	0
0	0
0	0
0	0
1	0
0	0
224	373
0	15
0	49
0	36
16	62
3	186
9	115
0	372
2	40
0	81
0	12
0	44
0	64
6	0
0	33
0	12
0	23
2	22551
4	73
47	7
0	72
0	66
0	56
0	0
0	0
0	0
0	0
0	0
0	0
0	0
1	0
3	7434
0	7417
0	5985
0	3748
0	1067
0	4730
0	1657
0	6866
0	7282
2	1582
11	2896
6	258
0	6768
0	6901
0	3079
161	5843
9	1023
0	583
3	13
0	1034
0	6
0	6
3	4
0	3
0	2
0	4
0	0
0	2
1	306
0	443
0	359
0	43
0	43
0	18
24	168
21	0
0	430
10	175
18	56
51	87
22	334
0	375
52	56
18	0
0	0
0	0
0	0
0	0
0	0
0	0
0	0
0	0
0	0
0	0
0	0
0	0
0	0
0	0
0	31
0	1
0	31
10	543
0	0
0	0
1	0
0	0
4	230
1	35
6	23
0	220
19	77
0	117
8	1
0	33
3	96
0	230
0	0
0	0
0	64
11	65
0	13
0	47
0	0
0	8
0	8
0	9
0	1
0	0
51	1483
5	1483
0	37
6	250
0	134
4	136
15	82
0	0
0	0
711	158
61	0
1	159
10	93
0	103
0	36
1	119
4	37
0	119
0	75
0	74
0	116
0	118
1	0
0	116
0	0
0	0
0	0
0	0
0	439
0	334
2	435
0	399
0	395
0	0
0	0
0	0
195	5
0	5
0	0
0	0
0	0
0	0
0	0
106	0
0	0
0	0
0	0
0	0
159	119
3	3
0	112
7	101
0	0
0	0
0	0
6	166
0	1094
1	1105
3	16
16	26
12	340
0	20
0	86
9	0
1	0
61	0
0	0
0	0
0	306
1	501
1	78
0	283
0	205
0	166
1	292
0	492
0	0
0	0
16	444
1	3
0	1
0	2
1	1
0	7
7	6
0	2
0	2
0	2
0	2
0	1
0	8
0	0
0	1
0	1
0	1
0	1
0	0
0	0
0	0
0	0
0	1
24	60
0	60
0	286
123	288
1	17
4	97
6	4
0	4
0	4
0	0
0	4
1	75
0	4
0	75
0	0
0	0
140	519
17	454
0	33
0	44
1	109
0	156
5	34
0	0
0	0
0	0
0	0
0	0
0	2659
2	1769
0	249
94	2590
18	285
5	84
0	2652
0	0
0	0
80	150
30	60
5	36
0	92
0	14
1	24
0	23
98	69
3	63
0	0
10	1395
6	998
2	1387
10	609
19	1
62	1308
0	201
4	183
4	10
8	85
0	1313
0	0
0	0
0	0
101	634
2	20
38	614
3	261
0	533
0	112
0	72
18	359
0	13
0	18
0	25
0	528
0	529
0	89
0	37
0	273
0	253
0	189
1	45
0	24
0	20
2	24
14	81
0	80
0	0
0	0
0	153
45	84
0	97
4	146
0	40
48	34
1	27
2	33
0	33
0	19
0	21
1	285
0	286
0	285
3	282
0	285
0	273
1	29
0	16
0	13
0	10
0	723
0	3
0	3
0	3
1	3
0	1
0	0
0	0
0	3
0	3
13	89
0	88
20	15
0	0
45	3
0	600
38	1446
158	1523
472	1490
2	1481
6	1498
4	0
0	0
0	0
0	0
0	0
0	0
0	0
0	7
0	0
4	7
0	0
77	868
0	728
6	27
0	140
25	90
7	90
3	1
0	5
0	1
0	0
0	0
0	0
0	0
0	63
3	130
9	74
534	214
0	146
0	19
0	87
0	1
0	0
0	0
0	1
0	0
0	0
0	0
17	606
542	606
11	713
1	390
0	701
0	24
0	701
6	54
0	54
0	32
0	2
0	2
0	0
315	1525
0	901
0	947
0	935
0	932
3	374
9	219
8	275
20	823
0	162
0	180
0	0
0	0
0	0
0	0
0	0
0	0
0	0
0	0
0	392
0	346
1	207
8	0
0	371
9	199
0	83
28	48
0	188
0	0
0	0
0	0
0	0
0	0
0	0
0	0
0	5
0	208
1	161
32	0
0	47
0	166
0	112
13	200
3	155
7	155
0	3
1	0
0	33
0	33
3	17
1	6
0	0
3215	0
0	563
0	560
0	492
0	525
11	26
3	170
1	33
21	3
0	0
135	415
2	39
0	62
0	414
0	0
0	0
0	0
0	0
0	0
15	65
2	65
0	8
110	237
0	231
21	61
0	49
1	33
0	28
0	8
22	1
0	22
0	312
0	307
4	110
0	289
0	235
0	30
0	28
2	21
3	61
0	723
395	723
66	723
0	132
308	76
0	26
92	271
0	0
238	3472
0	2960
102	731
0	1007
0	0
0	0
0	0
0	0
38	17
0	19
0	21
0	6
0	4
321	187
0	187
5	13
0	0
0	0
0	0
266	455
5	246
5	263
3	67
0	114
0	3
0	3
0	1
0	0
0	6
0	6
0	1
5	6
0	0
0	0
3	6
0	0
0	0
0	35
0	102
3	55
0	103
785	752
44	582
1282	980
11	275
0	922
7	500
0	544
8	6
492	532
74	208
1	532
18	59
14	44
0	6
0	44
0	5
0	19
0	6
0	17
0	21
27	539
0	534
5	333
0	302
0	489
1	265
0	222
0	327
90	119
51	1581
28	1614
0	1296
2	22
0	4
0	2
1	29
0	26
0	10
2	5
0	8
1	0
0	0
0	0
0	0
0	0
0	0
0	0
0	0
0	0
0	0
0	0
0	59
0	59
0	13
0	1050
0	1059
20	222
0	361
19	141
0	140
5	82
2	6
0	1041
2	15
1	283
2	100
21	101
1	58
45	285
0	0
0	0
0	12
0	12
0	6
0	2
0	9
0	7
10	9
0	4
108	20
6	20
0	19
1	727
3	786
0	186
0	625
0	90
36	79
0	335
0	30
0	60
0	3
0	18
2	12
0	18
0	13
0	16
0	10
0	15
0	5
0	11
1	69
8	46
0	3
0	67
0	3
0	3
0	3
0	2
0	3
0	3
148	984
0	964
0	429
0	444
7	347
96	147
11	255
0	270
8	226
1	62
11	150
0	85
1	85
3	84
31	0
0	0
0	0
44	76
1	75
0	76
3	57
10	56
79	368
0	345
0	278
4	311
0	285
20	394
44	393
69	235
17	172
288	269
0	39
7	20
0	52
0	42
0	0
0	0
0	0
0	0
0	0
0	2
0	2
0	0
0	0
0	0
0	0
0	0
0	0
0	0
0	0
0	0
0	0
0	792
0	860
0	804
0	852
0	790
0	784
119	0
0	121
77	422
0	49
29	4
0	1
0	1
0	1199
0	1270
5	1205
7	1265
1	214
1	39
7	9
0	413
0	418
0	9
0	9
0	0
0	0
0	0
0	0
0	0
111	242
0	242
4	60
0	0
0	0
304	699
4	327
13	257
0	68
790	1101
0	653
0	599
27	353
32	0
18	4
0	0
0	0
0	0
0	0
411	4097
31	3266
5	1248
15	123
126	0
0	0
416	0
8	10
83	294
0	238
0	86
4	95
0	40
0	0
2	15
1	23
0	0
0	0
71	97
158	98
0	6
0	0
0	0
0	0
0	0
0	0
0	0
0	0
0	0
30	6
0	6
0	0
0	0
0	0
0	0
16	7
2	7
0	1
0	1
89	94
0	20
22	43
0	79
0	27
3	24
3	33
0	54
29	169
0	53
0	124
0	114
7	116
6	54
16	225
0	225
2	131
0	0
0	0
0	0
0	0
0	0
620	0
21	42
465	299
45	25
0	263
4	422
0	474
6	67
2	223
0	237
7	137
0	0
0	0
0	0
3	711
13	308
1	999
33	479
5	1
0	38
15	146
1	56
1	973
1	72
9	0
9	108
175	408
0	107
0	0
0	0
83	3098
0	3225
41	3133
0	3228
0	316
0	913
2	240
0	644
309	957
1	463
1	2
0	2
0	2
0	2
0	2
0	2
0	2
0	0
0	0
0	0
0	0
0	0
0	11
2	14
0	14
3	2
0	0
0	2
18	3032
1	2892
0	671
12	383
49	1439
0	562
58	1396
20	192
2	120
53	3076
227	267
1	267
0	0
0	0
0	0
0	0
0	0
0	0
0	0
0	0
18	0
945	7
19	7
0	1034
0	765
0	1241
3	8210
21	7266
0	8676
0	8434
6	8428
0	8422
0	9840
43	681
779	472
1	2308
29	2392
11	55
0	9870
1	8169
0	9761
0	0
0	0
0	0
0	0
0	0
0	0
2	0
5	419
0	377
1	415
13	145
0	127
0	95
0	145
23	84
7	38
175	8
2	8
0	693
0	516
0	524
0	539
1	676
3	708
1	400
0	594
0	722
0	103
4	13
0	91
0	70
3	35
2	67
0	55
3	23
2	5
0	2
0	2
0	0
0	0
0	0
7	143
0	433
16	428
2	87
10	242
0	21
20	142
3	12
4	186
0	116
0	186
10	187
4	7
0	129
0	63
1	72
0	94
199	742
1	742
423	549
0	518
2	78
0	47
3	31
0	0
7	106
1	106
0	0
0	1
0	1
17	511
0	510
0	519
29	178
0	351
0	323
0	307
20	204
6	0
0	69
410	202
5	69
0	166
1	25
6	76
0	0
24	0
0	0
0	0
56	1219
9	145
0	156
2	1133
195	324
0	324
0	4
2	7
0	7
3	5
2	140
0	137
21	1
0	128
0	93
5	14
13	52
8	876
0	841
17	182
2	686
0	255
172	2776
0	2786
29	1283
3	473
0	77
2	1026
53	391
1	0
9	30
0	129
0	138
0	125
4	115
0	33
5	96
0	10
2	33
1	50
0	108
0	123
2	6
6	6
0	0
0	0
0	0
0	0
0	0
22	655
0	639
12	36
0	56
1	10
0	84
3	62
6	61
0	66
251	29
4	9
0	8
0	8
0	6
0	6
0	2
0	0
0	1
0	2
8	0
34	102
0	102
0	27
0	84
0	52
0	22
0	0
0	0
0	0
0	0
0	0
0	0
43	48
0	48
1	5
1	12
0	46
31	372
1	373
0	2
8	22
1	21
1142	0
0	0
0	0
0	0
0	2
0	2
0	0
0	0
0	0
0	0
0	0
0	2
0	0
0	0
0	0
0	0
0	0
0	0
0	0
0	145
0	153
1	31
0	61
1	33
9	401
46	497
3	324
42	840
2	694
4	641
46	58
0	65
3	87
23	24
0	136
8	44
0	464
0	151
0	67
102	31
0	0
2	1
0	1
0	0
63	164
0	137
36	75
1	34
15	264
12	264
425	634
49	634
0	237
0	33
44	0
3	175
0	191
0	9
0	140
0	130
12	20
0	26
8	13
15	17
0	0
0	0
830	1704
19	403
0	1448
9	938
0	894
8	608
0	725
0	720
3	477
6	183
0	4
0	0
25	207
45	312
29	190
0	159
3	19
0	19
1	0
17	346
0	209
0	88
0	73
0	97
22	10
0	42
0	339
20	253
18	702
24	1014
0	1036
45	0
0	69
0	13
0	1020
0	384
0	1023
2	886
12	945
11	333
50	301
13	144
42	309
236	309
2	116
0	125
0	92
0	61
0	47
0	23
221	172
0	75
0	92
0	8
44	24
2	0
1	0
0	0
0	0
45	60
0	60
8	7
6	0
31	4
1	4
0	0
0	0
0	0
0	0
3	8
0	7
0	6
0	4
0	4
2	0
0	0
8	273
863	801
26	7
6	33
0	71
0	94
2	144
0	0
0	0
0	0
0	0
4377	2057
0	150
3	1907
76	11
7	116
33	1
0	1781
8	1044
3	46
0	1832
0	1844
0	1518
20	1834
1	1796
0	1844
2	142
2	1844
0	1234
0	1293
2	0
47	105
2	27
0	50
0	46
0	55
0	26
0	78
5	24
0	15
0	27
808	57
58	57
0	780
0	188
1	725
0	713
48	376
0	714
10	720
15	636
0	304
1	213
0	217
4	288
18	106
161	0
1	213
51	65
40	0
0	0
0	0
0	0
0	0
0	0
0	0
0	0
0	0
0	40
0	35
0	40
0	6
45	40
1	0
0	45
0	47
164	333
0	333
102	1
0	0
0	471
0	440
0	448
28	331
0	309
0	329
0	36
0	20
5	21
0	2
0	26
5	21
0	5
1	1
19	617
3	193
29	2343
0	2377
0	0
0	0
0	0
0	0
0	0
0	0
0	60
0	68
2	17
31	87
0	49
3	25
0	22
2	12
510	118
0	58
0	60
10	303
0	330
0	311
0	88
0	115
0	38
0	39
0	330
0	330
0	0
10	23
0	23
1	14
0	1
1	0
0	5
0	2
0	0
0	0
82	21
0	9
0	20
5	0
15	382
1	134
1	26
0	382
0	0
115	160
570	922
3	919
0	328
938	0
0	0
0	0
0	0
0	0
0	0
0	0
0	0
0	0
0	0
0	0
0	0
0	0
0	0
0	0
0	0
0	0
0	0
0	0
0	87
16	269
0	212
0	217
0	112
0	231
5	62
4	140
0	50
0	182
0	90
0	25
0	33
3	157
0	175
0	62
1	110
0	78
2	3
0	3
0	0
290	58
0	24
1	58
0	0
0	0
0	0
0	0
0	0
417	4500
82	2392
39	3315
4	1321
148	72
0	0
0	0
3088	2609
5	737
0	1902
0	1935
99	1047
2	110
0	0
0	0
3	308
0	6
3	43
1	1
0	353
2	294
0	240
0	43
9	67
7	176
25	89
0	116
397	0
2	446
0	390
0	349
0	390
5	437
1	165
6	25
685	1396
0	275
6	1396
5	206
0	0
0	0
0	0
0	0
0	0
0	0
192	117
0	46
4	82
5	21
0	4
0	3
0	4
0	0
0	0
23	19
5	19
1	8
0	0
0	0
0	0
208	646
10	133
2	99
30	50
0	291
1	149
1	251
3	197
4	66
0	1
0	1
80	787
2	787
0	166
4	21
0	0
0	144
3	115
1	137
0	7
6	0
0	0
0	0
0	0
0	0
0	8
0	8
0	0
0	2
0	234
2	568
0	567
0	519
10	547
0	561
0	514
0	104
1	164
0	103
0	97
5	92
4	124
4	22
1	47
12	104
0	0
0	59
2	55
0	51
0	16
0	7
13	0
0	414
0	437
0	460
0	448
2	65
0	1
0	1
0	0
0	1
0	1
0	0
0	1
0	0
0	0
1	102
0	98
1	48
1	10
0	1
1	1
0	1
0	0
0	0
0	0
8	221
0	133
0	50
0	178
0	70
0	98
2	104
0	157
0	178
792	0
0	19
0	22
0	22
0	5
0	5
0	0
0	0
0	0
0	31
0	19
3	18
3	12
0	28
0	1
0	13
0	0
0	0
0	0
185	191
0	183
0	154
1	8
0	6
0	8
0	4
0	5
0	5
0	4
0	5
0	4
0	0
0	0
0	0
0	0
0	0
0	0
0	0
0	0
0	4
0	0
0	0
0	2
1	2
0	2
0	2
0	2
0	3
0	0
0	0
0	2
4	3
0	2
0	2
0	2
0	2
0	3
272	1112
36	728
0	371
7	54
0	330
415	17
14	17
0	136
0	122
3	3
0	74
0	119
7	69
0	118
0	42
0	16
0	15
100	0
0	0
37	0
0	0
0	0
0	0
0	3
0	0
1	0
0	3
0	9
7	54
0	42
1	32
2	35
0	20
1	9
1	1252
0	615
6	749
0	689
0	704
0	586
5	347
3	266
0	72
0	1165
0	0
0	1
0	1
0	0
0	1
1041	1312
9	1312
26	13
0	8
1	1
0	4
31	2
0	2
0	470
605	470
1	0
15	434
14	49
2	125
14	5
0	5
413	182
0	134
27	108
46	28
6	30
0	16
1	1
0	1
0	1
0	24
72	0
39	725
176	725
0	1453
0	1206
0	1138
0	692
0	640
1	1039
3	1224
0	959
13	229
0	916
0	880
0	755
0	180
2	42
0	550
10	77
0	0
0	0
0	0
0	0
0	0
1	0
0	0
1897	2139
123	9
1	1680
0	468
3	1261
0	0
0	0
1	0
0	0
0	0
0	0
0	0
0	0
0	0
0	0
0	0
0	0
0	0
0	1
0	1
0	0
0	1
0	1
34	46
0	46
1	433
7	183
3	422
10	17
0	0
0	0
0	0
53	144
1	56
0	142
0	81
0	91
1	21
0	37
5	8
1	36
4	46
0	31
0	11
0	36
0	627
2	0
17	450
13	453
60	447
36	407
0	640
329	519
2	485
0	518
6	369
1	94
2	168
172	324
1	320
34	83
15	157
0	181
5	450
2	13
0	450
0	40
0	347
416	644
0	42
0	33
57	677
6	61
2	55
3	38
10	20
0	2
4	0
0	20
0	13
360	409
37	108
73	409
0	103
3	87
0	28
63	49
4	95
1	99
1	40
0	0
0	0
0	0
21	163
0	154
15	127
0	101
4	95
0	32
67	3
1	24
35	324
0	34
0	302
3	0
0	55
0	179
164	0
2	0
0	0
0	0
0	4
1	4
1	3
0	0
0	0
0	0
0	0
0	0
0	0
0	0
0	0
0	0
0	0
0	0
0	0
0	0
0	0
0	0
0	0
0	0
0	0
0	0
557	120
0	120
72	1539
5	18
675	1521
25	204
0	82
1142	82
0	0
0	0
0	379
0	294
0	255
8	20
5	27
2	0
9	380
1	3
0	3
0	250
0	41
32	814
7	765
0	326
3	248
12	85
0	0
0	0
0	0
2	104
580	130
3	52
6	71
0	0
0	0
0	0
0	0
0	0
0	0
2359	0
0	0
0	0
0	0
0	0
0	0
0	0
0	0
0	0
0	0
0	76
0	76
18	7
0	0
0	0
0	0
0	0
0	0
0	740
0	0
0	0
0	0
1	0
23159	11629
0	892
20	1299
0	2023
55	7194
86	5913
0	5456
0	3756
283	3107
201	780
156	101
0	169
0	743
29	47
68	25
0	90
2	102
1	102
0	39
0	39
0	39
2	39
0	16
0	5
1	9
4	8
0	9
4	0
0	0
2	85
11	443
0	131
0	448
10	458
0	36
1	160
1	200
0	105
6	201
0	174
2	129
0	167
0	58
71	56
0	48
0	921
0	287
2	230
8	74
2	0
347	32
0	32
37	361
2	315
0	189
1	149
0	3363
3	3245
0	3067
152	2059
29	1119
0	548
0	268
15	72
20	11
0	0
0	0
0	0
0	0
0	0
0	0
0	0
149	0
14	40
1	40
2	593
53	593
16	21
0	9
0	1
0	1
0	7
0	4
0	1
0	0
1	1
0	1
0	0
0	0
0	0
0	0
0	2687
60	2686
2	2317
3	112
2	832
58	571
0	467
0	172
0	175
0	173
0	173
1	88
0	2
0	1
1	8
0	172
0	173
711	0
0	0
1	0
0	2
0	2
0	0
0	2
0	0
0	249
0	248
12	123
0	124
0	76
4	71
8	42
0	19
2	3
0	2
0	59
38	182
1	3
2	8
4	47
0	80
0	61
0	0
2	327
0	329
19	169
1	12
11	319
18	67
0	76
0	103
0	114
0	172
0	0
0	0
0	0
3	105
0	102
0	100
2	104
0	28
0	21
0	7
0	22
0	17
0	8
3	14
0	107
0	117
150	298
8	317
2	228
0	0
0	491
719	491
0	491
737	237
19	237
8	10
107	526
0	337
1	296
13	72
0	189
40	62
0	2
0	62
0	0
18	120
0	120
96	53
1	51
0	26
0	48
0	0
0	0
5	0
0	173
0	30
0	167
15	157
2	296
0	295
0	297
0	118
4	8
0	15
1	4
25	391
6	396
3	351
0	324
1	67
0	2006
1	1836
0	5638
1	6028
0	6125
0	5940
4	4858
0	4797
0	4870
0	4901
0	4817
18	531
4	522
0	184
297	39
6	239
113	414
53	159
0	1755
1	5690
3	143
4	137
3	60
6	58
24	326
1	154
99	446
0	420
32	269
7	217
0	0
1	37
10	46
0	552
21	254
0	565
0	534
0	407
0	406
0	484
5	452
0	87
0	274
0	124
36	0
1	28
0	69
8	292
7	565
20	30
139	64
0	328
0	621
0	639
4	643
0	0
0	0
0	0
0	0
2	532
0	531
0	108
0	54
0	8
2	481
0	140
0	30
0	512
0	112
0	66
0	25
1	272
3	10
3	35
0	205
3	94
23	411
0	319
10	8
7	348
0	115
0	150
0	273
0	150
7	74
0	0
1	29
0	54
0	171
21	643
0	63
0	170
7	5
2	341
2	202
0	49
0	51
0	539
35	60
1	141
9	132
0	0
0	0
36	598
0	635
0	530
3	242
29	40
0	0
0	0
0	0
0	0
0	0
0	0
0	0
357	110
0	118
1	96
36	28
0	476
0	666
2	627
0	218
6	175
0	271
0	128
0	196
0	126
1	31
0	0
0	0
0	0
0	0
0	0
0	966
2	854
0	322
0	398
0	400
1	256
1	74
0	340
8	241
1	260
51	1042
0	5554
0	462
7	1425
0	5537
4	6
0	0
0	6
2	0
0	0
0	0
4	141
1	141
1	7
0	4
0	310
26	129
0	263
0	227
3	42
0	78
0	7
0	2
247	37
0	6
0	28
0	18
0	50
0	52
0	5
2	5
0	15
0	9
0	52
1331	513
51	32
2	136
0	302
1	295
6	331
1	0
0	0
0	0
0	0
0	0
0	0
0	0
0	0
0	0
0	0
0	0
0	2755
0	1704
0	7579
5	4763
389	7275
24	1554
2	3348
0	0
3	0
0	2956
26	13
0	701
0	2927
25	2779
0	44
0	21
85	0
0	58
5	196
19	2939
24	12
0	4
0	10
7	10
0	8
0	3
0	5
0	6
0	5
3	5
73	126
0	126
0	73
0	86
0	97
0	66
0	3
5	31
0	29
0	0
1	7
0	7
0	6
0	8
0	8
3	3
1	0
0	0
0	0
22	2330
857	2491
96	1626
29	112
51	180
1	601
1	531
7	378
0	504
0	0
18	478
0	4
0	158
3	404
0	167
0	1848
7	124
0	168
24	119
400	2168
0	159
0	411
4	300
0	767
0	466
0	815
0	436
0	532
0	679
15	1478
0	1641
95	1611
21	19
2	39
0	0
0	0
0	0
0	0
3	139
266	142
0	35
7	142
0	79
0	0
692	453
0	271
2	399
2	80
29	2310
0	760
0	166
9	172
2	218
1	275
0	12
0	761
8	554
1	270
21	441
9	114
66	108
0	2418
21	582
2	486
71	582
68	25
0	22
1	3
1	4
0	0
0	0
0	2
0	0
0	2
762	303
1	303
2	192
4	92
9	408
0	389
11	368
0	29
4	57
0	19
39	31
579	23
0	23
92	669
0	442
0	41
13	225
0	96
0	56
0	56
5	41
5	16
0	1
0	0
0	0
0	0
0	1
0	1
0	1
0	1
0	1
0	0
0	174
0	301
0	245
0	257
3	285
0	156
0	193
19	172
0	123
0	84
11	74
0	1
0	1
0	1
24	0
0	0
0	29
3	3
0	3
0	1
0	1
0	1
0	1
0	292
1	209
0	78
0	148
0	109
0	291
0	77
8	108
0	106
5	20
0	83
0	4
0	15
0	1
145	177
2	30
5	12
0	143
45	487
0	379
3	99
23	219
442	161
0	104
0	57
0	0
0	0
43	438
33	430
13	0
11	161
19	26
0	50
3	23
0	2
0	0
0	2
0	5
0	3
0	2
0	3
0	4
0	4
0	4
0	5
0	5
0	4
0	2
0	1
0	1
0	0
0	1
0	0
0	0
0	0
0	0
0	0
0	0
0	0
0	0
0	0
152	42
0	56
6	0
1	9
4	8
2	21
0	0
0	0
0	0
0	0
0	0
4	1
0	0
0	25
0	22
0	26
0	4
0	23
0	23
0	0
0	0
0	0
0	0
0	0
6	1705
2	1443
0	843
10	687
18	328
23	500
1	280
436	215
4	67
0	5
142	124
0	212
0	2
0	23
1	23
0	22
0	11
6	4
0	0
0	0
0	0
37	2713
0	2231
0	1814
10	1104
19	943
0	306
0	200
3	27
0	15
0	4
0	24
0	24
0	24
19	11
3	12
0	0
0	0
0	0
0	0
475	221
0	42
0	38
2	32
34	0
148	157
0	0
0	0
0	0
0	0
0	0
0	0
0	0
0	0
0	0
0	0
702	357
6	77
5	118
3	162
0	120
65	411
3	49
2	427
31	10
5	6
5	42
2	96
2	0
0	340
0	32
0	216
3	24
0	18
1	16
0	10
0	215
0	186
0	172
0	141
2	117
0	122
0	116
0	50
1	12
1	9
9	1744
23	1744
0	117
159	117
0	70
0	11
8	0
0	117
199	73
1	72
46	3
1	7
0	8
19	1038
1	1038
0	99
3	83
2	2
6	543
0	512
2	512
1	29
0	535
0	540
1	171
67	639
2	245
11	47
0	208
0	185
0	630
17	21
2	34
7	51
0	84
0	182
23	10
1	1336
1	276
0	277
0	1373
0	1153
68	1067
13	1049
2	1049
0	1004
2	657
1	117
67	514
25	0
0	185
2	186
0	104
0	145
1	92
6	4
0	9
0	0
0	0
0	0
0	0
0	0
0	973
2	1029
0	1022
1	858
0	883
0	630
7	148
0	308
0	183
0	218
0	98
0	256
0	227
0	74
0	50
0	33
0	32
0	50
0	978
1	59
0	353
27	353
0	0
0	0
0	0
0	0
238	335
0	343
1	10
7	24
18	36
40	357
19	199
0	333
3	65
2	75
0	166
0	159
34	0
0	0
0	0
0	0
0	1
0	1
0	1
0	1
0	1
0	0
0	1
0	0
0	0
0	339
0	569
0	151
0	69
0	611
0	559
0	3
0	1
0	3
0	2
0	2
578	222
3	222
2	595
0	588
0	595
0	13
0	588
20	0
9	381
3	35
4	25
0	12
0	350
0	105
2	14
0	3
0	3
0	2
1	158
0	158
0	70
0	23
0	11
0	8
0	5
44	1819
9	1478
6	398
0	515
0	61
0	0
0	0
0	0
0	580
18	609
17	14
4	362
0	50
35	0
0	8
0	69
35	238
0	230
2	0
0	0
0	0
0	0
0	0
0	3
0	0
23	345
0	345
0	173
0	104
0	41
0	17
923	86
17	69
30	0
0	10
0	0
98	81
1	0
0	81
0	1
0	1
0	0
0	1
0	0
0	0
0	0
0	1
0	1
0	0
0	1
0	0
0	333
2	317
0	319
0	332
29	2
0	28
3	24
74	28
2	13
0	28
127	471
4	378
5	255
0	162
0	0
0	0
0	0
0	0
0	0
0	0
0	0
0	0
0	0
0	0
0	0
0	25
0	25
0	15
0	26
0	26
0	21
0	25
0	148
0	53
12	127
0	33
9	9
0	5
0	0
0	4
0	0
0	279
0	230
0	245
0	279
0	279
0	216
0	268
0	279
0	260
0	216
0	214
1	250
0	126
0	149
7	26
3	0
0	0
26	32
0	31
17	21
111	963
43	961
0	152
0	0
0	0
0	0
1	0
0	0
0	0
0	79
0	60
0	57
1	4
0	79
0	88
0	0
0	0
3	0
26	52
0	11
0	34
0	37
0	0
0	0
0	0
0	0
0	0
191	271
0	267
1	222
159	170
0	99
12	557
31	557
81	980
0	957
5	92
0	0
0	0
0	0
0	0
0	0
0	0
0	0
0	0
256	1301
1	637
42	1320
0	1690
58	1720
0	31
1	1215
9	272
3	265
10	300
0	0
0	0
0	0
0	0
0	0
0	0
0	0
0	0
321	115
2	59
11	56
5	0
0	0
0	0
0	0
0	0
0	0
8	18
0	11
2	7
0	322
1	319
0	98
1	315
0	140
0	53
0	9
0	0
325	130
1	130
24	158
3	6
1	158
0	36
0	64
0	71
1	0
1	0
0	0
0	0
1	96
0	89
2	94
1	2
108	202
0	135
1	177
4	198
32	83
0	60
739	781
0	646
4	312
11	54
98	480
0	389
3	457
3	0
89	497
0	138
0	393
0	132
9	30
1	63
1759	9
4	9
0	0
0	0
0	0
0	26
1	233
2	1434
2	1423
0	1166
0	276
0	93
16	68
0	225
0	912
9	218
10	85
0	49
0	0
0	721
22	713
11	374
5	701
0	203
0	473
10	307
2	58
0	77
5	211
6	719
17	582
0	543
5	230
0	155
2	17
6	1
0	89
0	41
0	118
22	6
0	100
0	114
0	20
6	0
0	55
0	0
0	0
0	0
0	0
0	0
0	0
2	0
0	0
0	0
0	0
0	0
697	0
216	978
0	978
4	0
1	0
0	647
93	832
0	157
15	62
0	76
0	100
0	27
1	113
166	0
0	0
0	0
0	0
0	0
0	133
0	129
7	1
0	133
202	26
0	26
78	294
0	103
4	261
4	82
0	67
27	159
0	131
0	76
20	104
4	0
13	72
2	62
0	27
365	0
0	0
0	0
3	398
0	398
0	166
0	0
25	77
1	73
0	68
0	22
16	85
89	192
0	115
36	0
0	77
229	783
0	782
4	184
0	0
0	0
0	0
0	0
57	32
1095	154
9	36
0	190
0	208
5	124
0	154
21	40
0	49
0	179
0	65
5	54
0	51
13	117
0	0
18	174
0	166
0	24
3	151
0	17
0	77
0	68
0	23
0	17
0	33
0	27
0	0
0	0
1	0
0	0
0	0
0	0
2	70
1	63
0	8
0	36
0	8
2	24
4	122
0	97
0	74
18	117
0	10
0	113
0	16
0	123
0	108
0	0
0	0
0	0
0	0
0	0
0	0
0	0
0	0
33	6171
8	6171
1	4463
23	4
0	1174
7	6218
128	1619
23	641
87	370
0	378
21	281
0	0
0	0
0	2
0	4
0	4
0	2
0	1
0	1
0	0
0	0
536	7
6	7
0	93
6	5
0	64
0	38
0	31
16	229
0	229
0	1723
9	1769
9	835
0	1370
89	1388
0	1475
0	1495
34	554
71	316
18	144
210	1395
22	1378
0	1208
0	343
1	2
109	431
0	450
1	300
4	91
0	91
0	10
0	40
0	8
0	3
0	1
0	0
0	0
0	0
254	0
0	0
1116	52
2	52
1222	1249
2	1187
10	77
2	129
2	5
0	0
0	0
0	0
0	0
0	0
0	0
0	0
8	0
0	0
0	0
0	0
3	0
0	0
0	0
0	0
0	0
0	0
0	0
0	0
0	0
0	200
2	102
2	193
4	31
16	62
0	46
0	22
0	5
10	8
24	7
0	0
18	317
2	309
0	317
0	0
0	234
0	231
1	228
0	192
4	92
1	23
1	138
0	71
0	98
0	83
0	43
2	0
1	225
0	1
0	1
0	1
0	1
48	18
0	12
0	9
2	6
0	1382
44	1322
0	696
7	503
12	537
0	547
48	13
0	90
0	186
0	0
0	0
0	0
0	0
0	0
0	0
0	0
0	0
5	41
0	47
0	52
2	42
1	10
0	12
0	0
0	0
1	94
0	114
0	112
0	113
2	3
0	112
0	2
0	114
0	18
0	2
5	19
0	75
5275	510
12	251
18	488
0	0
0	0
0	0
0	0
0	0
0	0
10	281
6	281
0	140
0	125
3	8
0	128
23	0
0	22
1	94
1	0
1	8
0	0
0	0
0	0
0	5
0	5
0	5
1	152
0	312
0	329
7	327
0	310
0	96
0	99
0	4
2	18
0	9
0	2
0	2
0	2
0	2
0	0
3	484
0	218
5	101
1	31
6	456
1	330
1	138
0	17
1	0
1	13
3	2
1	17
401	20
0	20
1	0
0	3
0	3
0	3
0	0
0	0
0	335
15	177
6	315
0	51
0	0
15	23
1	20
0	311
0	98
1	104
1	94
0	6
10	11
2	8
0	0
0	0
0	0
0	0
0	0
6	0
30	307
0	187
3	274
0	105
0	285
270	640
0	152
0	638
0	644
0	496
8	640
0	136
16	40
0	29
1	97
8	84
1	17
0	597
9	0
0	11
0	12
0	1
0	0
0	0
0	0
0	0
0	0
0	0
0	0
0	0
0	0
0	0
0	0
0	0
0	0
0	0
0	0
0	0
0	0
0	0
0	0
0	12
0	12
0	0
80	154
15	154
32	606
4	450
0	36
35	295
6	243
0	170
0	53
2	11
0	1574
2	95
0	1573
0	243
2	26
3	1376
0	333
0	1573
40	1197
0	1152
16	1197
0	68
79	1006
1	44
3	149
0	3
3	190
8	87
0	9
0	144
43	4525
2	3611
6	4463
14	3969
34	1916
0	3621
19	2990
0	4212
10	3
0	3
0	0
0	0
0	0
0	0
0	0
0	0
0	0
0	0
0	0
0	0
0	0
0	0
0	0
0	0
0	0
0	0
0	0
0	0
0	0
0	0
0	0
0	0
0	0
0	0
0	0
0	0
0	0
0	0
0	282
1	419
0	466
0	63
1	0
5	0
0	0
0	0
0	0
73	855
10	831
20	73
0	176
0	125
2	43
3	42
0	0
0	0
0	0
0	0
0	0
0	0
174	2966
5	2988
123	2957
0	3003
0	191
7	78
5	252
9	84
22	315
74	325
0	324
8	168
0	0
1	0
0	0
0	83
0	78
3	76
0	45
0	25
0	41
10	60
0	35
0	29
2	15
1	5
0	8
3	13
1	5
0	0
65	220
1	48
0	3
2	0
0	7
0	156
0	110
0	79
14	0
6	0
3	0
0	51
1	971
2	834
20	27
0	843
0	278
0	84
0	37
1	951
4	949
0	0
0	0
3	0
0	0
0	0
0	0
0	0
45	4
0	0
0	0
0	1
0	1
0	0
2516	1155
0	1155
0	0
3	0
0	0
0	0
0	0
0	0
0	0
0	0
0	0
0	0
1	88
4	230
1	234
0	41
0	18
8	27
1	11
0	0
0	460
0	456
27	457
0	463
1	460
0	165
2	256
1	217
13	32
0	24
0	27
0	15
0	413
0	0
1	9
0	9
0	3
237	0
1	0
0	0
0	0
3	75
0	35
5	87
0	22
1	5
2	49
0	564
133	427
0	482
4	544
0	564
0	4
0	67
0	2
0	38
3	23
13	9
0	29
6	8
28	22
22	1133
80	519
0	837
4	334
1	960
7	152
0	1
0	0
0	0
0	0
0	1
3	355
0	370
1	355
2	54
0	3929
12	1922
9	744
0	3929
137	0
6	131
0	133
5	2
1	5
13	696
1	672
0	694
2	159
9	13
0	5
0	0
0	0
0	5
0	0
0	176
0	145
5	42
0	53
1	36
0	128
0	20
0	48
0	0
0	0
0	0
4	308
4	308
9	34
0	26
0	23
54	616
0	664
0	569
0	155
3	29
0	190
23	39
11	129
6	0
0	3
0	3
0	2
0	0
73	362
0	349
1	399
0	509
0	460
0	544
0	32
51	264
0	120
0	63
0	191
0	117
0	99
0	77
0	21
5	80
1	139
0	107
2	0
0	3
0	3
0	1
0	0
0	3
2	3
0	3
0	1
999	202
0	70
0	106
0	55
0	54
0	0
6	102
0	102
4	26
0	102
0	0
12	0
500	397
1	40
0	395
0	1
0	1
0	0
0	0
5	408
0	91
1	182
2	2
2	162
30	181
0	122
0	429
8	291
10	538
10	405
6	529
0	0
0	291
0	286
2	3
0	285
3	64
9	25
10	8
17	1147
0	1609
59	940
28	152
3	1034
1	623
0	625
0	633
0	563
2	548
10	519
4	160
0	60
0	95
0	76
78	423
1	462
0	64
0	90
8	69
6	33
34	2
0	54
1	30
0	8
0	9
0	9
0	8
0	6
1	9
0	9
15	31
0	31
0	4
0	0
0	0
0	0
0	4
55	13
0	13
6	202
12	125
0	161
0	2
0	1
0	0
511	2107
0	64
34	1934
12	70
11	133
0	173
0	1
0	1
0	0
0	0
0	0
0	0
9	1316
3	1332
2	648
12	739
9	32
0	572
7	601
14	616
0	582
0	573
0	582
0	49
0	118
2	1
0	58
0	113
2	113
2	113
3	10
58	393
0	347
0	169
0	125
0	135
0	91
0	67
3	54
0	6
47	17
19	192
0	192
21	193
0	0
53	173
0	173
8	4
73	0
0	0
0	0
0	0
0	0
0	0
0	0
0	0
0	0
0	0
0	0
0	0
0	0
0	0
0	0
0	40
0	42
13	8
0	47
0	9
0	1
0	34
0	28
0	10
4	21
0	42
0	42
0	4
1	2
0	42
0	7
1	7
0	1
0	0
0	2
0	0
3	0
0	0
0	0
2	0
0	1191
0	1199
0	1131
8	1091
0	955
11	111
0	222
1	106
9	53
10	153
0	86
33	5
0	1188
0	646
0	170
0	615
0	410
0	646
5	545
0	437
0	417
0	426
0	48
0	443
0	399
0	472
0	22
3	351
0	16
1	30
0	23
0	47
0	177
0	9
0	4
0	159
2	35
1507	975
78	58
224	188
0	932
5	47
24	150
3	117
2	130
13	122
0	217
0	0
0	0
0	0
0	0
0	0
1	248
0	0
0	40
0	35
26	244
0	248
1	0
0	0
0	0
0	0
0	0
36	31
0	1
4	30
0	14
4	170
8	2
75	172
1	15
0	24
0	157
0	118
0	118
0	0
7	1644
0	1054
12	1592
0	554
0	1465
0	1067
6	321
0	601
24	603
0	685
0	387
0	402
4	554
22	345
0	41
0	24
0	39
0	10
0	6
0	4
0	29
0	0
0	0
0	0
0	0
0	0
0	0
0	0
23	3649
3	3838
49	4033
0	4091
1	184
14	56
16	3630
81	1570
0	3678
0	3687
25	115
44	927
0	3307
28	73
0	285
27	1038
11	0
112	4
0	416
55	356
0	308
6	191
16	140
0	0
0	0
0	0
0	0
0	62
0	62
0	19
0	17
0	17
0	10
0	6
0	4
0	0
314	126
1	126
32	0
0	29
0	29
0	26
0	3
0	14
0	0
0	0
0	0
0	0
0	0
0	0
5	44
0	44
0	36
0	9
0	0
0	0
0	0
0	0
0	0
0	0
0	0
0	0
0	1
0	1
0	1
108	0
0	4082
2	284
5	9
32	3387
0	237
0	343
5	819
9	3387
0	59
0	42
0	24
1	25
0	56
0	12
0	182
0	124
0	186
0	40
25	184
5	182
0	0
0	0
0	2
1	2
0	0
137	753
0	651
0	3
0	52
0	67
0	67
0	67
0	52
2	0
0	8
0	44
0	25
0	3
1	8
0	0
0	7
0	7
0	7
0	2
0	0
0	0
0	0
0	0
1	0
0	0
0	13
1	15
0	2
0	11
0	13
0	0
0	0
0	0
0	0
0	7
1	253
0	236
0	143
0	43
1	13
41	28
111	10
0	4
7	134
270	1511
4	1310
0	1408
0	199
0	196
1	137
5	85
0	33
0	202
0	0
346	314
0	274
2	124
0	40
17	0
0	1620
22	1109
28	146
21	1521
3	7
2	113
23	0
1	704
0	256
2	246
0	1
158	2
0	1
637	510
0	225
16	70
0	142
0	159
0	27
7	65
1	0
0	0
1	15
0	0
21	286
3	70
0	168
1	63
1	25
0	215
10	0
136	2678
0	1680
180	16
47	2565
3	0
4	63
0	0
1	64
0	89
0	99
0	78
9	36
0	45
4	0
8	26
0	4
1	4
0	24
3	0
0	110
0	246
0	267
1	251
0	177
1	140
3	140
2	38
0	21
0	19
0	19
0	17
0	14
0	175
5	10
0	3
1404	19
2	9
26	10
265	121
0	121
0	76
0	0
0	0
0	0
0	0
0	0
0	0
47	549
0	552
0	5
26	123
0	14
12	40
66	62
0	282
0	28
0	230
1	3
2	222
0	78
2	221
2	13
0	58
12	1516
0	329
15	352
1	315
2	5
0	0
0	9
1	69
2	27
0	76
2	19
9	37
1	0
0	0
3	6
0	6
0	2
0	0
0	0
0	0
0	0
0	54
0	69
0	68
15	55
0	194
0	198
0	187
0	79
0	120
9	43
1	27
267	525
0	401
10	340
6	106
0	219
0	0
0	0
0	0
0	9
0	9
167	3
0	6
0	1
797	831
4	84
4	832
0	294
0	11
0	17
0	9
0	4
0	3
0	3
8	3
0	2
1	2
1	1
59	336
0	365
2	354
0	346
0	339
0	334
0	85
0	216
9	187
1	185
0	184
6	14
0	20
0	57
0	26
13044	2073
8	421
0	660
1	352
10	124
1	260
1	118
1	249
0	0
0	0
0	0
0	0
0	0
0	0
0	0
0	369
0	369
4	361
0	18
0	49
0	78
0	61
3	42
0	369
423	164
1	58
1	102
0	45
0	76
0	21
7	390
22	390
0	337
0	338
0	350
3	333
0	343
24	317
0	47
0	38
0	149
0	40
3	5
4	22
0	47
0	24
6	25
32	157
0	164
0	164
1	74
0	125
3	0
9	3
0	254
0	237
4	149
0	235
0	37
0	14
1	8
0	0
0	0
0	1
0	1
0	0
0	0
0	1
0	1
0	0
94	122
0	119
0	105
86	1157
0	1077
9	543
4	69
52	224
279	311
0	317
22	58
0	64
34	1013
97	994
0	972
10	701
27	696
0	666
1	182
1	56
66	0
17	159
5	83
56	20
4	13
2	6
0	12
1	1
0	20
0	4
0	629
0	0
3	2486
3	2361
0	672
53	456
0	551
8	28
7	477
1	466
5	405
23	10
0	0
0	0
8	1
0	1
37	3
0	3
0	133
0	115
0	112
0	20
11	28
0	7
0	9
0	131
0	134
0	687
0	681
0	268
1	68
0	35
6	72
1	56
0	64
1	336
0	252
10	6
0	684
0	0
0	4
0	0
6	216
0	223
2	185
1	62
319	0
8	81
1	1
5	26
0	13
0	81
4	22
0	8
2	9
0	18
3	9
0	0
0	0
0	0
0	0
0	0
0	0
0	0
0	0
0	0
0	0
75	1056
0	1672
48	6991
40	984
13	6745
6	225
6	45
0	242
12	276
40	390
8	108
3	357
5	208
7	253
1	2539
0	2541
0	3512
7	241
29	1139
10	1542
9	1067
0	3512
752	73
4	73
0	0
0	0
0	0
0	0
0	0
0	0
0	0
0	0
0	0
484	276
3	276
0	61
0	523
0	523
30	2089
0	964
0	1758
0	1867
0	1973
1	1882
10	1402
0	1013
1	1270
16	1166
1	613
0	786
0	546
5	964
7	784
54	53
2	53
0	0
0	0
0	0
0	1
0	1
266	34
6	8
0	8
0	16
0	19
4	14
5	4
0	462
2	447
1	55
4	4
0	32
0	163
0	70
0	0
0	0
0	0
1728	743
1	197
0	244
0	87
2	301
35	1
0	2
2	57
0	39
7	39
2	39
0	13
8	1
22	15
0	40
0	155
2	155
0	0
0	0
0	0
0	72
6	485
2	160
1	132
0	275
0	485
74	1197
0	328
40	1189
2	441
25	58
9	98
0	98
0	74
0	96
0	14
38	0
2914	794
0	196
12	397
6	84
0	206
0	5071
704	5380
0	385
4	332
11	385
9	108
56	222
0	387
1	3
17	92
9	150
0	3
0	0
0	17
0	6
0	17
0	0
0	3
22	0
39	983
0	938
2	871
2	216
0	855
298	72
6	0
1	72
1	51
0	0
0	0
0	7
0	7
18	29
59	29
3	24
734	5491
0	5268
0	148
23	67
18	82
34	20
0	688
31	486
11	400
42	313
0	0
0	0
0	295
0	171
0	326
1	304
5	66
0	58
0	150
0	1265
9	740
0	1009
1	1261
1	228
15	65
743	4788
0	4308
2	701
2	785
0	0
20	0
2	0
0	0
0	22
0	1
0	38
0	37
0	1
0	20
0	20
0	1
2	1
1	17
0	20
0	38
0	17
0	11
0	35
0	28
0	25
0	6
0	1
0	0
0	2
0	3
0	1507
4	158
382	1701
9	327
2	753
0	1076
0	354
0	0
0	0
0	0
0	0
0	0
0	0
0	0
0	0
0	367
0	0
0	0
9396	1942
22	1346
42	596
0	0
0	0
0	0
0	0
0	0
0	0
0	10
0	18
1	258
0	25
0	257
0	5
2	9
4	16
0	0
0	0
36	765
57	718
0	30
628	1059
0	571
0	115
0	373
0	1364
0	595
20	0
0	404
0	642
0	309
0	150
0	13
0	80
2	105
0	625
0	45
0	50
4	0
0	493
0	84
0	641
0	623
0	1231
0	263
0	10
0	8
14	167
0	17
0	75
11	1363
16	1365
0	1131
0	115
0	73
25	263
0	257
0	103
0	139
4	69
0	0
0	0
0	0
0	2
0	0
0	1
0	3
0	3
37	641
0	82
48	452
0	554
0	172
9	80
4	43
2	123
0	123
0	23
9	23
4	7
0	15
0	0
0	0
0	5
0	6
0	0
0	0
0	0
2	0
0	0
0	0
1	0
0	0
0	0
0	0
0	125
162	230
0	41
0	213
0	20
0	0
0	6
0	4
0	0
1	20
0	0
26	531
222	583
12	226
33	198
0	96
0	0
0	577
1	0
0	0
0	0
0	0
0	0
0	0
179	777
59	777
28	128
2	327
14	284
2	284
0	183
3	161
1	11
0	0
0	11
0	0
0	7
0	7
0	2
0	5
0	5
0	3
0	2
0	0
0	0
4	1628
3	1664
7	241
107	470
0	180
3	128
18	173
0	888
20	858
2	36
34	7
25	20
0	698
0	2332
94	2329
7	2220
1	243
0	99
10	88
0	4
10	113
0	12
27	117
0	243
183	1523
0	1417
8	971
0	858
0	0
0	0
0	0
0	0
17	213
0	0
6	1
0	2
0	213
0	206
0	110
386	324
0	237
4	324
81	1376
6	1376
1	1045
0	225
0	92
0	74
0	74
0	0
0	0
131	0
1171	980
21	580
46	820
9	965
43	132
0	747
1	309
0	873
0	0
0	2
0	2
0	0
1206	614
10	524
32	89
0	238
0	344
0	328
0	303
0	113
0	88
1	71
0	90
0	69
1	349
0	0
0	0
0	0
4	0
0	0
0	0
0	0
0	0
0	0
0	0
0	0
9559	33886
11	1631
0	21538
3	18530
0	14228
2	1760
1	10936
21	8171
31	7369
0	0
0	0
0	0
0	0
0	0
0	0
35	603
0	532
0	533
0	363
0	0
17	0
21	368
3	345
1	102
1	30
0	321
0	308
1	320
0	317
0	316
0	32
0	5
1	25
0	25
25	35
0	213
1	66
1	148
0	24
20	70
0	93
0	73
0	14
0	107
0	107
0	72
0	74
0	101
0	5
0	5
0	0
0	0
13	102
11	104
0	52
0	0
0	0
0	0
0	1
1	87
0	300
2	419
0	428
77	240
2	297
0	9
0	37
0	34
0	216
47	276
7	81
1	2
0	254
0	122
0	0
0	0
0	0
10	355
0	349
1	363
3	317
0	115
0	126
1	37
12	13
2	13
0	8
0	115
0	902
27	772
0	36
2	22
0	470
0	73
0	44
0	32
0	23
0	25
0	872
0	716
0	0
1	0
0	0
0	0
0	0
0	2
0	2
0	531
0	529
0	537
67	498
0	320
34	77
0	64
0	0
56	2
0	131
2	530
0	136
0	75
151	530
0	275
6	130
0	6
1	134
0	16
1	407
160	14
5	170
43	131
0	107
7	0
6	26
1	184
0	225
0	654
1	598
0	88
8	489
0	2
0	2
0	0
0	0
0	0
0	0
0	0
0	0
0	0
0	0
0	0
0	0
0	0
0	0
0	0
0	0
0	0
0	0
0	0
0	0
5	0
0	0
0	0
22	65
0	65
1	61
0	2
0	7
0	1
0	0
0	0
0	0
531	409
8	329
0	290
0	0
0	0
0	0
4	136
0	120
0	172
0	120
0	115
0	31
0	24
0	28
0	5
0	2
0	0
0	7
10	0
25	914
0	882
0	852
1	65
9	88
2	149
0	0
0	0
0	0
6	66
4	66
2	3
0	3
0	0
5	0
1	0
0	4
0	15
0	13
0	2
835	969
8	21
0	3
0	21
0	20
0	0
0	6
0	4
0	0
2	111
0	108
0	5
0	14
1	28
0	0
0	0
0	0
0	0
0	185
0	191
14	180
0	165
5	2
0	25
4	32
960	712
29	616
5	346
3	156
0	0
0	0
0	0
7	29
32	230
0	1162
0	1146
22	310
4	187
0	204
1	172
0	70
10	19
0	105
8	105
608	105
459	4856
22	4855
3	2043
10	1985
0	2086
4	263
0	1745
15	121
0	165
6	120
3	310
26	100
33	196
7	13
0	40
0	41
1	36
0	4
0	4
1	16
0	16
0	35
2	4
0	8
0	11
0	3
0	0
0	0
0	0
0	0
0	0
0	0
15	709
18	565
0	701
0	575
0	598
0	673
1	550
0	274
0	386
0	297
0	122
0	114
0	166
0	130
1	125
0	51
8	105
1	39
0	96
12	82
47	0
4	547
165	744
0	543
2	587
0	73
0	96
0	21
0	190
2	33
5	0
22	83
1	83
0	88
0	88
0	0
3	92
5	17
0	86
0	0
0	82
4	5
0	13
847	889
0	111
2	698
0	265
0	151
0	193
0	119
60	86
0	778
0	0
0	0
0	0
0	0
0	0
0	16
0	0
0	0
0	12
0	7
0	12
0	11
0	18
0	17
0	17
0	18
0	0
0	0
0	0
0	0
0	0
0	0
0	0
0	0
0	0
0	0
0	0
0	117
140	349
0	45
3	336
0	3
0	0
0	0
0	0
0	0
0	0
0	0
0	0
0	0
107	0
0	2
165	2
0	913
3	812
0	251
0	246
0	645
8	842
0	440
1	654
13	194
0	496
0	191
0	131
0	315
359	657
0	535
2	259
11	201
15	81
0	0
0	0
0	0
0	0
0	0
213	902
0	893
2	664
0	0
0	9
0	9
0	3
69	0
16	233
0	0
0	0
32	23
0	0
0	25
9	233
2	15
0	8
3	45
0	5
0	5
0	5
0	5
0	5
0	5
0	5
0	5
48	109
0	90
2	57
5	44
8	0
1	251
0	277
0	11
0	82
0	66
0	10
18	736
0	737
2	709
0	727
0	734
11	0
479	509
43	16
0	509
0	80
0	5
4	38
0	0
0	0
0	0
0	0
0	0
0	0
0	0
0	0
97	1775
10	1759
125	78
527	332
53	112
2	220
5	25
1	80
0	0
0	0
0	5
0	5
0	5
0	0
369	681
4	252
16	429
230	342
6	339
0	16
1	9
0	0
0	4
0	4
0	0
0	0
0	0
17	410
4	3
18	366
5	0
0	373
38	81
1	405
0	0
1	301
1	29
1	32
0	293
0	2
0	2
0	0
0	249
41	309
0	64
6	160
23	153
3	34
0	275
0	228
0	94
3	124
111	0
0	0
0	0
0	0
0	0
0	0
0	0
0	0
4	3
0	1
0	0
0	2
2	615
5	1048
1	1064
1	1021
0	1064
0	1019
9	78
1	298
1	222
0	27
0	27
0	1064
6	20
0	20
3371	0
1	0
0	0
91	25
4	13
0	5
0	12
1	8
402	461
1	96
1	66
1	82
5	99
22	240
24	175
0	167
6	47
0	35
1	81
0	86
0	85
0	24
0	25
0	48
0	11
4	0
0	0
0	0
0	0
0	0
0	0
4	145
513	180
2	64
0	8
2	24
1	11
0	25
0	6
0	12
3	5
3	1
1	443
33	490
3	16
8	19
3	6
1	225
0	139
2	64
0	5
0	5
0	6
0	6
0	5
2	0
0	0
29	55
0	38
1	55
0	8
0	51
0	61
0	18
0	22
0	1
0	0
0	0
0	0
0	0
0	0
117	1140
0	998
1	299
2	148
1	144
44	220
17	258
1	61
486	1829
5	535
0	268
15	1506
0	314
21	631
2	274
5	69
14	109
1	109
1	27
0	0
0	0
0	0
0	0
0	0
0	0
20	518
0	65
5	452
222	83
0	90
1	363
1	294
5	373
3	292
2	222
474	918
56	0
0	917
5	714
0	830
0	378
0	909
6	0
0	194
124	72
0	923
0	0
8	228
10	244
6	242
34	188
301	560
19	560
1	183
7	171
0	73
0	12
0	11
0	10
0	15
0	11
0	11
0	0
0	0
0	0
0	378
0	420
4	153
0	48
0	5
8	14
341	10
0	10
5	0
2	192
186	192
3	44
0	215
0	96
3	133
1	95
0	49
223	90
36	90
1	0
0	0
110	234
0	223
1	18
0	0
1	0
0	0
11	1
0	7
0	7
0	35
0	35
0	36
0	37
0	5
0	3
0	3
0	5
0	0
0	2067
0	1627
5	179
0	235
19	133
1	164
2	680
0	632
0	102
35	503
0	371
0	129
39	5
1	128
0	2062
0	0
0	0
0	0
109	122
64	130
9	30
0	0
0	0
0	0
0	0
0	0
0	0
73	25
2	7
20	18
7	515
0	515
6	515
1	272
29	11
0	348
3	73
0	251
11	271
0	144
17	282
0	98
0	0
0	0
0	0
2	204
0	2
0	161
0	191
4	29
1	136
0	0
0	0
0	0
20	97
0	97
1514	5123
12	1475
9	1429
6	2350
9	1861
0	0
0	0
0	0
0	0
0	0
0	0
0	0
0	0
0	0
0	101
0	103
9	25
31	53
0	102
0	100
0	33
0	103
0	100
0	0
5	50
0	21
0	49
0	12
0	34
0	3
0	2
0	2
0	2
0	0
0	1
350	75
3	61
0	73
8	0
0	155
2	85
0	152
1	130
0	31
0	157
10	3
350	273
0	190
0	42
2	83
0	0
0	0
0	0
0	0
0	931
0	571
10	483
0	909
1	323
0	0
0	0
0	0
0	0
67	849
0	347
7	340
0	266
0	274
0	234
0	442
0	452
10	315
0	0
13	626
0	574
2	391
1	544
5	52
0	623
0	572
0	3801
6	384
2	384
2	29
0	8
0	335
0	315
0	311
0	37
0	332
0	317
0	18
0	5
45	146
168	655
0	272
0	325
4	414
0	553
0	259
9	301
0	103
0	27
3	473
0	447
3	238
4	0
2	5
20	56
0	0
23	3321
35	3301
4	155
43	20
0	6
0	6
28	6
0	6
0	0
0	0
0	0
0	0
0	0
46	11
0	8
1	5
0	2
0	5
9	273
0	458
0	568
0	541
5	212
0	552
0	105
0	103
0	551
0	538
0	279
0	554
0	512
0	141
14	371
0	551
145	1295
25	60
34	334
1	1082
2	541
6	101
0	552
3	0
295	24
0	24
0	0
0	0
0	0
0	0
0	0
0	0
0	0
0	0
0	0
0	0
0	0
0	363
6	87
0	368
3	285
0	364
0	71
5	299
1	24
2	83
5	35
1232	0
0	2
0	1
3	2
0	0
0	0
0	0
0	3
170	3
5	0
0	147
2	13
4	10
0	1
0	1
5	147
0	0
0	0
0	44
0	50
0	50
8	3
0	50
0	11
0	2
4	99
0	100
0	100
0	6
0	4
0	0
0	3
0	4
0	3
168	371
10	95
2	294
0	187
5	115
1	5
0	214
0	160
0	152
3	89
1	57
2	24
0	214
26	0
283	643
0	639
0	65
0	4
0	1447
0	1364
0	1366
0	1450
7	42
0	191
1	86
0	100
7	387
0	229
2	600
0	196
0	165
3	321
0	0
0	0
12	549
0	448
1	465
0	182
0	144
4	115
0	142
37	778
0	748
65	125
14	63
41	147
1	141
76	3
0	0
0	0
0	0
0	0
0	0
0	0
24	648
4	550
0	104
2	649
10	73
1	647
4	90
1	52
0	1
52	3
4	3
1	0
0	0
0	0
0	0
0	0
0	0
0	0
0	0
0	0
0	41
126	41
0	0
0	0
58	4576
0	4546
9	530
41	2249
1186	926
0	455
14	263
14	1
0	669
0	212
0	371
0	678
12	49
0	46
0	0
0	0
0	0
0	0
165	48
1	48
1	40
1	1
0	0
1	1
0	0
0	0
15	8
6	5
0	3
0	4
0	0
3	3
0	1
0	1
0	1
0	1
0	53
0	36
0	44
0	36
0	2
0	2
0	0
14	106
23	60
0	245
2	218
11	197
13	15
1	46
0	2510
0	2695
16	483
0	200
7	1605
0	1339
0	242
10	210
89	165
1	276
2205	331
0	327
7	220
4	0
1	160
9	78
7	156
0	27
0	53
0	50
11	35
0	31
0	21
10	24
0	1769
9	1756
0	1762
4	1757
0	293
5	128
0	61
1	0
0	0
0	1
3	931
0	965
2	8
8	956
0	79
0	604
0	965
113	59
0	84
0	64
0	46
0	111
0	42
0	35
0	0
0	0
0	0
0	0
10	5
0	4
0	2
19	920
28	938
0	445
24	148
2	82
5	505
0	251
0	396
1	267
11	6
0	5
0	5
0	1
0	224
0	236
3	235
0	60
27	51
0	111
0	71
529	148
18	153
1	53
2	91
2	267
0	312
6	81
0	22
0	29
0	79
0	21
3	40
0	42
17	12
0	267
0	5
0	5
0	4
0	0
0	5
0	5
0	0
0	5
2	0
0	0
2	0
0	0
8	1
0	0
118	315
7	312
5	145
1	144
0	301
0	286
33	3
0	6
0	6
0	6
0	6
0	6
0	6
0	2
0	2
0	1
2	0
0	4
0	0
1	0
0	782
0	768
0	665
181	67
0	776
75	205
7	66
5	29
18	17
242	137
0	103
1	105
2	35
0	0
0	0
0	0
0	0
0	0
0	0
0	0
2	1427
0	1378
0	1889
15	1846
0	1844
0	1089
0	943
1	938
14	190
165	429
0	0
1	7
3	147
147	153
0	136
2	119
0	82
1	124
8	122
0	135
0	64
0	78
2	58
5	14
0	27
1	40
0	44
0	5
0	5
0	12
6	0
0	0
0	4
0	11
0	11
0	7
0	11
0	0
0	11
0	11
0	12
0	11
0	12
0	11
18	7
0	4
0	7
1	2
2	2
0	4
31	162
15	22
0	132
0	101
0	52
0	52
0	99
1	99
0	6
0	0
0	0
0	0
38	2209
938	2210
46	820
0	1338
0	1215
0	1219
0	1234
0	883
4	749
0	0
0	138
0	138
1	132
0	64
0	116
0	35
0	86
0	86
22	0
31	1
1	2
37	13
0	12
0	11
181	0
0	6
0	6
0	1
0	1
0	0
11	1009
0	984
5	1051
109	0
0	0
0	0
0	0
0	0
0	0
0	0
0	0
0	0
0	0
0	0
0	0
235	0
0	0
0	0
0	0
0	0
0	0
7	0
0	0
0	0
0	0
0	0
1	0
0	0
0	0
0	0
0	0
20	408
1	406
12	38
0	404
65	315
0	33
0	68
21	387
15	387
0	26
5	5
0	3
1407	351
0	23
17	185
91	143
46	0
0	0
14	1540
1	1560
17	853
16	533
8	278
0	0
0	0
0	0
0	0
0	0
0	125
0	126
0	92
0	34
0	126
217	616
0	573
0	483
0	604
4	205
5	125
6	381
2	139
18	8
0	100
0	0
0	0
0	0
0	0
0	0
0	0
0	0
0	0
1	137
0	128
0	134
0	18
0	44
0	1459
0	2145
746	2358
3	159
6	1689
0	2190
7	150
6	538
5	507
11	175
13	127
9	365
2	388
0	684
7	152
0	265
0	206
23	112
0	16
14	0
0	0
0	0
190	36
45	36
2	817
6	817
0	705
0	322
0	286
0	30
0	135
1	0
13	11
0	3
7	3
0	1
1	5
0	5
1	1
0	1
0	2
0	2
1	0
23	377
16	160
3	63
0	20
4	197
0	0
0	1
0	0
0	1
0	0
0	0
0	0
0	0
166	44
1	44
0	0
0	0
0	0
0	0
0	0
3	135
0	131
14	53
0	53
65	68
0	68
80	38
75	862
0	862
0	437
0	134
0	276
1	210
0	191
169	21
0	20
16	16
0	15
0	0
340	1509
4	1507
92	30
26	101455
11169	101305
7	101290
0	21746
0	10683
0	4135
8	3498
16	1989
1	64807
0	0
0	0
0	89
0	337
0	29
3	15
0	16
7	153
1	53
54	2
0	2
0	1
12	3
0	3
64	171
31	95
0	94
0	163
1	62
7	168
0	13
1	64
0	71
0	170
2857	1259
9	862
5	272
0	1
0	1
23	285
0	108
34	310
7	294
0	110
41	699
465	699
1	23
4	23
0	0
81	90
0	17
0	15
0	6
9	18
8	13
2	4339
0	3794
0	3290
0	4227
0	1964
0	3709
1	1594
0	311
0	121
0	108
0	77
1	8
0	126
0	0
0	0
0	0
0	0
0	0
0	0
0	51
0	50
0	51
0	18
0	16
1	13
1	0
24	241
6	241
15	204
0	204
0	30
0	680
1	423
0	577
0	45
19	535
0	88
0	95
0	0
0	0
0	0
2	13
2	9
1	13
0	8
0	3
24	11
0	10
1	0
0	1
1725	360
9	360
27	32
7	3
0	0
0	0
0	0
2	188
0	176
1	142
0	96
0	90
0	104
0	51
1	57
0	54
11	51
0	51
0	48
2	37
0	0
0	0
0	0
0	0
0	0
0	0
0	0
0	0
0	0
0	0
0	0
0	0
0	0
0	0
0	0
10	132
214	131
0	4
0	4
0	0
0	0
0	0
18	1516
0	851
40	1472
84	305
50	741
1	186
13	44
0	376
2	192
0	153
0	127
49	145
0	89
0	0
0	0
1	0
0	0
0	0
0	0
0	0
860	513
11	300
0	214
2	297
2	104
0	27
0	301
9	308
0	44
18	113
1	25
0	28
0	24
0	29
2	24
0	5
0	6
0	72
0	0
0	0
0	0
0	0
0	0
0	0
0	0
0	0
0	0
0	0
0	0
0	0
0	0
0	0
0	0
0	0
0	0
0	0
0	0
0	0
561	1
0	0
43	336
0	336
0	336
0	0
0	0
0	0
0	0
0	0
0	0
0	0
0	845
0	813
0	1
0	188
0	52
0	118
0	130
0	214
5	54
0	821
114	186
0	830
0	800
0	832
0	0
0	0
0	0
0	0
0	0
0	0
0	0
0	0
0	0
0	0
1	1189
4	1187
1	460
11	120
5	11
0	74
0	1188
27	635
88	1754
0	1694
1	187
0	271
0	306
10	174
634	1075
10	137
10	933
9	414
3	435
1	254
0	860
0	898
0	852
0	835
0	488
0	147
0	505
0	16
0	843
0	3892
0	3785
15	953
0	2699
1	0
337	0
0	61
0	45
0	60
52	0
0	0
3	0
0	0
42	691
269	195
131	691
7	51
78	450
10	429
0	0
0	0
0	0
0	50
0	33
0	40
0	20
0	46
0	54
0	34
6	55
3	50
0	16
1	13
0	27
4	33
0	2
1	0
284	473
179	109
0	109
0	0
0	0
0	0
0	0
0	0
0	0
1	7329
125	7174
0	5472
22	1297
0	1036
0	994
17	1010
0	1399
10	131
0	7288
0	8
1	77
20	100
1	104
1	106
0	8
0	8
0	7
0	8
0	6
0	0
1	0
66	415
13	65
0	4253
0	4226
0	4175
37	4136
0	3808
18	67
5	1652
8	8
1	97
22	50
29	473
0	316
0	0
0	0
0	0
0	0
2	200
2	200
0	6
0	0
0	0
0	0
0	0
0	0
0	623
0	567
12	617
0	541
15	122
0	0
438	1089
0	1136
0	1047
5	940
0	746
0	513
0	823
0	697
0	702
0	730
0	315
74	466
1	150
0	230
0	77
0	1000
0	18
0	0
0	0
0	0
0	0
0	0
0	0
0	0
0	0
2	119
340	232
0	253
0	255
16	7
0	12
10	36
1025	514
0	514
727	688
0	664
0	28
1	5
1	5
0	2
18	968
0	1156
4	368
0	49
0	1
0	1
0	1
0	0
0	0
2	0
0	49
0	49
0	0
0	0
0	1
0	1
0	1
0	1
0	1
97	0
2	279
0	279
2	10
4	279
0	444
20	239
36	290
47	99
0	192
0	256
12	119
0	4
29	5
2	5
5	4
0	3
0	0
2	1
0	0
0	0
0	1
0	0
0	0
0	0
0	0
0	0
0	1135
259	1471
0	1244
5	754
0	0
0	0
0	0
0	0
23	2
267	70
17	19
0	33
36	16
28	6
8	23
0	12
0	0
1	6
0	0
0	0
0	0
0	0
0	6
0	0
0	0
0	0
1	2
0	38
0	36
0	8
0	37
0	36
0	30
0	32
0	4381
0	1890
0	80
0	52
0	312
0	108
0	70
0	25
0	2051
0	331
0	934
0	836
1	808
0	1840
1	357
0	2720
3	525
0	769
0	624
0	1745
0	1646
0	1720
0	1030
1	1738
0	1262
10	802
2	311
0	3704
0	3774
0	3672
0	232
1	211
0	230
0	213
2	18
1	30
2	20
0	133
0	12
0	47
0	7
1	59
4	35
3	1024
3	294
0	869
26	318
4	301
0	130
0	65
0	11
0	981
181	71
0	71
2	156
47	171
2	177
95	1139
29	707
17	1139
0	261
6	429
1	43
0	77
0	77
0	1
0	1
0	1
0	1
0	0
0	0
0	0
8	320
0	320
0	7
0	170
0	160
0	171
8	82
0	199
4	27
1	79
0	125
6	129
0	163
0	154
0	187
0	136
1	17
8	165
0	159
13	11
0	41
0	29
0	67
0	75
0	43
0	43
0	53
6	0
0	41
11	0
699	807
0	746
9	23
32	215
47	412
0	43
10	275
0	49
4	1472
33	1435
0	1460
3	1069
3	1173
2	453
4	198
1	274
1	462
13	104
0	201
0	163
0	55
1	46
31	73
228	96
0	91
6	30
0	35
48	29
7	430
1	171
0	170
0	411
0	327
0	391
0	359
17	93
1	50
16	350
0	0
0	0
0	0
0	0
0	0
0	0
0	0
0	0
0	0
0	0
0	0
0	0
0	0
0	0
0	0
0	0
0	0
0	0
0	0
0	0
219	128
7	128
0	0
0	0
0	0
151	0
0	0
0	0
0	0
98	525
0	217
0	376
4	87
1	63
0	55
24	63
8	87
41	39
8	175
3	0
0	32
0	0
3	0
0	0
0	0
0	4
4	2
7	0
1	0
0	11
0	11
0	32
0	4
0	2
0	19
6	210
4	56
0	191
0	0
138	2767
17	2760
0	1524
2	888
62	449
0	0
302	77
11	14
3	77
0	875
15	541
18	687
2	633
6	77
0	88
0	43
15	877
0	0
96	383
0	375
0	364
2	178
0	166
2	75
1	0
0	80
0	83
0	8
0	14
0	73
0	3
0	3
0	3
0	4
0	0
0	12
0	9
0	7
1	12
3	5
0	82
0	2
0	1
0	2
0	0
0	0
120	1568
2	1321
3	86
37	312
20	577
0	413
3	45
0	400
14	122
16	70
17	3936
0	4431
2	3739
161	3960
1	3204
41	294
30	51
1	699
4	879
1	308
7	628
179	0
37	177
0	177
30	151
0	171
1488	1938
0	1164
0	9
0	1701
0	1048
0	34
0	11
2	147
0	56
2	107
0	99
0	0
0	0
0	1
0	0
0	0
0	1
0	0
2	0
0	0
30	1568
0	1568
0	1568
1	875
2	892
0	886
0	912
0	110
0	559
0	32
46	285
1	20
0	112
3	576
0	495
0	507
12	50
0	509
0	33
517	473
1	473
0	4
0	4
0	0
0	0
0	0
0	0
0	0
0	0
0	0
0	0
0	0
0	0
0	0
0	0
0	0
13	228
0	6
0	8
0	135
0	211
0	6
6	10
0	1443
3	1443
2	184
1	261
0	301
7	40
4	32
0	1443
1	134
0	24
0	150
0	69
0	91
0	1390
16	1386
0	981
7	102
0	113
0	137
1	91
0	108
6	17
33	4
0	0
0	0
0	0
0	0
0	0
1138	0
0	0
25	5378
7	5139
0	5026
8	4670
2	1113
10	4244
6	263
19	417
12	584
2	1333
13	918
6	882
13	1162
0	458
18	364
0	2
0	4
0	1
1	0
0	0
0	1
0	3
0	0
0	2
0	2
0	4
0	0
0	1
0	1
0	0
0	0
0	0
0	0
0	0
0	0
0	0
0	12
0	9
0	2
0	2
30	901
2	61
1	54
0	901
0	0
0	0
0	0
0	0
0	48
0	92
0	35
0	112
0	29
0	68
37	70
6	20
0	20
0	14
0	5
0	15
0	0
77	150
0	34
0	39
1	76
24	106
11	96
0	0
0	0
0	0
0	0
0	0
0	0
0	69
0	66
0	394
1211	615
0	4
93	223
722	1307
0	295
2	582
0	138
0	441
10	356
0	1061
0	811
10	313
0	0
0	0
3	36
0	1
3	1
0	0
11	835
7	31
2	38
0	835
0	0
0	0
0	0
0	0
0	0
0	389
0	0
0	0
0	0
34	27
2	4
1	18
0	10
0	12
2	10
1499	38
0	0
0	0
21	430
0	57
0	55
3	62
2	62
25	139
0	371
6	39
1	235
4	10
17	54
4	34
0	130
0	0
0	388
0	293
0	389
1	202
17	389
1	293
2	293
26	0
314	0
0	0
0	0
0	0
1	525
0	481
6	499
90	484
0	147
0	121
1	102
0	341
19	99
0	386
2	386
0	114
0	59
2	32
0	0
0	0
0	10
0	10
0	4
0	6
1	4
0	8
0	2
0	1
0	0
0	0
0	6
0	0
0	3
0	0
43	4
10	4
20	130
5	9
0	115
0	118
0	0
0	0
0	0
0	0
0	0
0	0
0	0
0	0
0	0
0	0
0	0
0	0
0	0
0	0
0	0
277	233
0	95
37	95
28	39
1	0
0	36
0	36
0	2
1	6
0	31
0	1
0	2
0	904
0	38
0	127
0	127
0	45
2	9
0	107
2	20
0	20
0	15
10	15
243	31
2	15
0	16
0	153
0	199
0	13
3	226
0	525
1	35
11	99
0	522
0	37
0	107
9	219
3055	589
0	589
41	138
4	138
2	0
0	17947
14	16231
33	4687
4	200
11	8915
3	16216
14	6836
0	7234
39	516
0	1103
41	145
2	599
13	263
20	0
3	215
1	145
0	372
0	0
0	0
0	0
0	0
0	0
0	0
0	0
0	0
0	0
0	0
0	0
0	0
0	0
0	0
0	0
0	0
0	0
0	0
5	13
91	13
0	0
0	0
0	0
0	0
0	0
0	0
41	25
0	158
47	152
0	10
0	43
8	25
3	25
0	0
0	0
0	0
0	3
4	5
0	4
0	3
0	5
0	0
0	0
4	190
0	190
0	0
62	323
0	333
0	313
0	49
0	31
0	13
2	10
0	142
0	97
0	59
0	46
229	766
0	101
2	741
2	39
0	7
0	5
0	7
0	0
0	0
0	0
0	0
16	0
0	0
0	0
0	0
0	0
1	1032
3	1071
11	1034
6	1032
0	126
0	0
0	0
13	6
0	6
0	0
0	0
0	0
0	2014
455	2015
0	1593
1	2905
0	3334
0	1990
46	1012
1	74
129	53
13	53
0	21
0	27
0	39
0	59
4	428
2	338
64	234
1	141
6	96
5	591
0	557
16	571
0	553
19	514
0	571
0	395
0	0
0	0
0	0
8	5693
38	5638
15	148
1	329
4	683
2	706
0	0
5	757
0	784
15	660
0	1729
0	20
0	1638
141	168
0	13
0	28
6	124
7	54
14	71
75	36
0	60
0	0
0	1
0	0
0	1
2	6
0	0
0	6
0	6
0	0
3	0
0	0
0	0
0	0
0	0
0	0
0	0
0	0
0	0
0	0
0	0
0	0
0	0
0	0
0	0
0	0
0	0
0	0
158	0
88	126
0	63
0	115
0	27
0	23
0	0
66	100
0	91
20	71
0	71
0	0
0	0
0	0
0	0
0	0
0	0
0	0
0	273
0	287
0	27
5	283
30	46
1	70
1	0
0	0
11	495
0	477
0	311
4	520
0	423
0	382
0	0
0	0
0	0
206	160
1	5
123	237
0	97
4	140
7	7
0	0
0	0
0	0
0	0
0	0
0	0
0	0
0	0
0	0
1322	685
41	685
12	46
3	12
0	11
0	1
0	1
4	0
2	2
0	1
0	12
7	123
11	4
22	164
0	123
5	44
0	26
1	30
0	33
0	30
0	28
3	118
41	118
0	36
2	33
0	22
0	36
83	84
1	11
0	82
0	47
0	1
0	0
0	1
0	1
0	1
0	0
0	0
0	0
0	0
0	0
53	432
0	431
1	456
0	236
41	38
1	311
47	351
0	145
2	124
0	88
0	20
34	1
0	1
0	0
0	0
0	0
0	0
0	0
0	0
39	280
0	275
4	5
137	963
23	4
5	91
0	94
0	456
0	268
5	690
0	796
0	711
0	347
6	339
8	9
0	6
0	1
0	4
0	5
0	5
0	0
0	0
0	0
0	358
0	351
12	307
1	195
0	38
2	23
0	98
0	71
4	29
0	0
0	0
96	2
0	2
0	0
3	0
0	0
0	0
0	0
0	0
0	0
0	0
0	0
0	0
0	0
0	0
0	0
0	0
0	0
0	0
0	0
0	0
0	0
0	410
1	214
22	376
0	227
497	72
0	122
44	416
30	139
5	139
1	137
1	0
0	0
0	0
0	0
171	3
0	20
30	19
0	0
0	0
0	0
0	0
0	0
2	0
0	0
0	0
0	0
0	0
9	1
0	0
0	187
7	28
6	14
54	328
0	308
9	23
0	128
0	0
0	0
0	0
3	2
0	2
0	0
0	245
0	229
0	243
1	244
0	201
23	49
2	38
0	240
0	0
0	0
0	5
0	7
12	10
0	10
0	3
0	1
0	0
0	0
0	0
0	0
0	0
0	0
0	0
0	0
0	0
0	0
0	0
0	0
0	0
0	0
2	0
7	399
11	399
1	372
7	51
13	0
9	982
0	983
2	922
39	44
2	3283
3	294
0	3110
6	203
8	118
4	287
0	308
1	581
6	701
86	53
0	39
0	29
0	34
0	6
0	4
0	0
0	0
0	0
0	0
0	0
0	0
0	0
0	34
0	34
0	19
0	15
0	29
0	2
0	21
0	28
0	29
0	10
0	15
2	8
0	34
0	0
0	0
2029	0
118	68
0	68
6	658
0	25
0	25
0	34
0	15
0	31
0	38
0	69
0	28
0	31
0	47
0	675
0	25
23	65
3	5
4	55
0	39
13	26
0	0
0	0
10	931
0	937
2	4
8	36
27	244
0	668
26	0
0	0
48	24
0	17
0	7
0	7
0	0
0	0
0	0
0	208
122	179
1	202
3	206
0	44
0	53
0	41
0	9
0	0
0	0
0	0
0	0
0	0
0	0
0	0
83	0
0	0
0	0
0	0
0	0
0	0
0	0
0	0
0	0
328	0
0	192
104	197
10	8
28	185
0	175
0	182
0	0
0	0
0	0
0	0
0	0
0	0
0	0
0	0
1	1428
17	1385
0	433
0	1263
1	1293
0	1371
0	1349
17	120
1	189
5	0
0	782
0	173
44	811
1	134
0	153
13	176
0	332
2	287
0	1314
0	0
0	0
0	0
0	0
0	0
0	0
0	0
0	0
0	0
3	606
79	158
2	98
9	511
41	0
2	634
22	624
44	345
0	541
18	128
0	0
0	0
0	134
0	33
0	0
0	0
0	0
0	0
0	0
0	0
0	0
0	0
0	0
0	0
2	647
0	918
18	201
0	693
0	693
0	687
0	660
0	603
0	192
1	917
0	1
0	2
0	1
0	1
0	2
2	30
1	30
0	3
0	3
0	4
0	4
0	0
1	1
0	30
5	0
0	16
0	82
2	92
1	88
6	64
8	33
0	37
0	0
0	0
0	0
0	0
0	0
0	0
0	0
0	0
0	0
0	0
0	0
0	0
0	0
77	578
0	587
1	593
1	17
0	0
0	0
190	7077
83	5984
0	1639
0	827
69	1648
0	6801
0	3572
29	3836
8	5622
19	824
109	1783
102	1911
0	1314
0	420
0	163
0	163
0	0
0	0
1546	837
1	313
26	207
10	46
6	99
7	179
29	27
2	48
0	204
0	0
0	0
0	0
1595	0
91	173
0	173
4	135
0	35
0	0
0	0
0	0
0	0
0	0
0	0
0	440
0	432
14	56
0	65
0	11
2	65
9	72
0	28
0	1
0	1
0	0
0	0
0	0
0	0
0	0
0	0
0	1
0	0
0	0
0	0
0	0
0	0
0	0
566	721
7	721
0	2
0	2
0	2
0	2
0	2
0	0
0	0
3014	1724
11	1720
6	0
4	95
24	88
0	42
0	0
0	0
12	0
2	0
0	0
0	0
10	384
34	168
11	73
0	217
0	260
0	341
88	356
1	368
1	240
1	356
0	489
787	770
0	906
1	0
4	0
11	856
136	1044
28	383
57	146
27	1025
0	918
0	968
0	901
1	242
873	1524
6	864
0	302
0	381
0	68
0	62
0	391
0	0
0	0
0	0
1	0
0	1
0	1
0	0
0	2
2	1
0	1
0	0
0	0
3	0
0	0
0	0
0	0
0	0
0	0
0	14
1	0
0	0
0	0
0	1
0	1
0	0
0	245
0	293
0	255
1	23
0	298
0	251
0	0
0	37
6	641
0	641
2	375
0	641
0	0
0	0
0	0
0	0
0	0
0	0
0	0
0	273
3	273
35	254
354	107
11	107
0	2093
438	2116
0	300
60	2110
3	2058
0	2141
0	283
0	1983
0	0
0	0
1	0
0	0
74	1657
73	880
3	1065
8	97
0	792
0	558
0	8
4	329
0	1
0	1
0	1
0	0
0	0
1	1
26	492
2	112
13	492
0	0
0	0
0	0
0	0
0	0
0	1
0	0
0	0
0	0
154	2240
0	2214
0	461
0	1997
0	1305
0	678
1	468
0	515
81	93
15	93
0	0
0	0
0	0
0	0
0	0
0	0
0	0
0	0
0	0
0	0
0	0
2	1
0	0
0	0
0	0
0	0
0	492
0	417
6	190
0	483
0	355
2	166
2	13
7	82
0	78
3	474
11	47
3	380
24	29
0	28
1	15
0	2
6	1
0	1
16	2
8	0
0	1
0	1
0	1
0	0
0	0
0	0
0	1
1	0
1	0
2	0
0	2
0	2
3	2457
2	2457
2	271
3	1
0	2
0	2
0	2
0	2
0	2
0	0
0	217
0	197
0	217
0	17
1	265
13	274
0	64
7	5
422	80
79	192
2	192
0	912
9	915
0	0
0	22
0	21
0	0
0	1
0	20
0	2
0	2
0	2
0	2
0	2
0	0
0	0
0	0
0	708
0	729
0	724
0	396
0	540
0	547
0	544
538	0
14	534
0	703
0	693
0	667
0	577
0	703
20	514
1	74
92	366
0	366
26	256
153	281
1	214
0	35
0	0
0	1
0	0
0	0
0	0
0	0
0	0
0	0
0	0
0	0
0	0
0	0
0	0
0	0
99	0
0	0
0	0
0	0
0	0
408	178
0	178
0	0
0	0
0	0
0	0
71	1392
0	31
59	21
0	2
0	183
0	1009
8	321
9	89
2	87
14	21
0	0
0	0
3	624
0	0
61	64
0	42
0	32
32	27
0	27
0	26
0	0
0	0
2	387
1113	1365
0	126
0	143
2	175
0	1220
2	145
35	2
0	2
3	0
0	464
0	490
0	499
0	438
0	229
4	112
0	32
27	241
14	50
0	200
0	171
19	71
0	84
0	0
0	0
0	0
0	0
0	0
7	0
19	145
0	0
21	19
0	0
0	19
0	0
0	0
0	0
0	10
0	10
0	115
5	94
5	96
1	38
5	28
0	0
0	0
0	0
0	0
0	0
0	0
0	0
0	0
0	0
0	0
0	225
0	225
0	229
0	137
17	0
8	14
5	18
5	5
12	0
0	0
0	0
0	0
0	0
4	1
0	1
0	0
0	76
126	401
0	135
27	132
0	240
5	39
0	104
16	98
0	88
0	59
1	48
0	54
0	56
0	42
1	63
20	7
0	58
0	0
0	0
0	0
0	0
0	0
0	0
0	0
0	0
0	0
0	0
0	5
0	5
0	5
0	5
0	0
131	401
8	313
10	187
0	128
0	0
0	0
0	0
0	0
0	0
0	0
0	0
0	0
0	0
0	0
0	0
0	27
0	30
0	28
0	0
0	3
2	3
0	9
0	9
0	0
0	0
0	0
0	0
0	0
1	21
566	1114
32	142
0	215
0	169
1	730
0	164
16	899
0	272
8	95
10	0
0	0
1	0
1	5
0	5
0	1
0	1
0	0
0	1
0	1
0	0
0	5
0	2640
22	2640
2	394
16	91
0	701
0	456
0	379
0	2
0	2
0	2
0	0
0	1
0	1
0	1
0	0
0	0
0	0
0	3
7	3
0	0
0	0
282	467
1	242
0	170
0	161
0	160
511	0
1	0
0	0
0	0
0	472
0	351
32	182
0	81
2	79
2	88
72	323
126	169
5	166
0	39
1	100
0	0
0	4
0	0
0	0
0	0
0	0
0	0
0	0
0	4
0	0
0	0
0	0
0	0
0	0
0	0
279	465
0	402
0	143
0	73
0	82
1	16
3	51
3	22
2	37
7	4
0	0
0	0
0	0
2	101
0	92
0	20
3	49
0	44
3	35
0	19
2	24
0	10
0	5
0	0
28	2532
14	2532
1	138
4	480
0	91
0	91
0	85
0	13
18	0
0	0
7	212
0	209
0	109
1	18
19	0
28	244
0	239
0	30
1	9
1	17
1	9
0	0
0	14
0	10
0	0
0	0
0	0
1	3
0	3
13	0
73	13
0	8
0	5
0	22
0	22
0	22
0	19
9	29
0	29
0	22
2	3
0	0
0	0
0	0
287	646
8	177
4	122
0	429
0	552
461	123
5	123
1	70
0	0
1	42
0	11
0	0
0	17
0	7
219	5826
10	5502
0	5287
18	4595
87	676
80	57
25	187
0	1679
16	214
2	538
1	99
0	150
4	159
0	0
0	0
0	0
0	0
0	0
0	0
0	0
4	6
0	3
0	6
0	69
25	2
0	2
3	2
1	0
0	193
0	71
0	0
0	0
0	0
0	0
0	0
0	0
547	15
13	19
30	17
0	8
0	8
0	8
0	5
0	33
0	36
1	37
0	33
0	19
0	5
0	0
0	0
589	405
8	405
9	794
0	59
1	28
0	794
7	5468
7	58
0	75
35	450
26	375
0	122
14	140
3	66
0	75
95	184
1	22
0	163
1	58
0	12
0	58
0	27
0	3
5	3
0	0
49	0
31	0
0	0
0	0
2	0
0	0
0	0
0	0
0	0
0	0
0	0
0	0
4	0
0	306
58	306
1	296
0	0
0	0
2	3258
5	5032
0	1875
9	4957
8	4588
14	740
2	1368
0	5
1	26
0	73
0	60
0	65
3	28
0	75
1	2
0	14
1	14
0	32
0	2
0	3
0	1
0	57
1	628
1	174
116	11
0	573
1	11
0	59
0	128
0	0
0	0
28	254
0	188
2	248
0	151
4	30
12	99
0	103
0	959
2	959
0	959
3	128
9	231
0	146
0	0
45	62
0	0
0	6
0	6
0	6
0	0
0	0
0	0
0	0
0	0
0	0
0	0
867	0
60	1048
0	1035
18	634
11	23
0	41
1	93
1	62
0	0
0	0
35	205
3	2744
1	770
7	89
0	143
0	109
0	215
0	2023
0	164
4	26
0	153
1	7
4	222
5	98
0	0
6	0
0	0
0	1
0	1
0	1
0	0
0	0
0	345
1	108
2	155
0	250
1	339
1	50
0	155
0	136
0	103
4	34
2	117
1	345
0	0
0	0
141	0
0	120
11	328
0	53
6	251
4	248
1	76
0	59
0	56
4	120
5	120
0	0
0	0
0	14
0	14
0	14
0	10
0	10
0	10
0	2
0	4
0	2
0	2
0	2
0	2
1	2
0	0
0	0
1	0
0	0
0	0
0	11
7	7
0	7
0	0
1	0
0	0
600	0
0	0
0	0
0	0
4	7
0	3
0	2
0	9
0	327
0	354
0	350
1	89
0	0
15	3
118	811
0	542
2	51
0	54
14	6
16	11
10	292
19	2
0	0
0	0
0	0
1	619
0	198
11	312
1	290
2	106
2	9
0	151
0	573
0	69
12	83
0	0
0	0
0	0
0	0
3	116
0	85
0	30
23	32
0	16
0	250
0	220
2	29
0	241
0	235
0	101
1	27
0	43
0	1
0	1
0	0
0	57
60	76
1	23
1	72
0	6
0	10
0	1
0	144
0	135
0	119
0	17
5	3
0	1
41	461
0	463
0	463
5	39
0	39
0	34
0	39
0	15
0	18
0	16
0	0
11	6
0	0
0	5
0	0
0	0
0	1
0	1
0	1
0	0
0	0
0	0
0	0
0	0
0	145
4	129
0	11
0	48
0	61
0	50
4	32
2	102
0	80
0	57
0	0
65	578
4	531
25	132
3	42
20	27
1	27
765	1370
0	355
0	862
33	920
29	106
18	31
0	51
0	0
0	309
9	308
21	257
2	5
435	1136
0	1136
0	0
0	0
0	0
0	0
1	4
0	4
0	0
0	0
0	0
0	0
0	0
0	0
0	0
0	0
0	0
0	0
0	0
0	0
1	2680
0	2552
2	104
0	147
8	2497
7	154
1	178
5	409
3	271
2	143
0	169
9	239
1	185
0	357
0	341
0	60
31	181
0	12
9	57
0	57
152	422
72	422
0	28
0	4
0	15
0	26
0	9
0	14
9	506
0	506
12	189
1	51
0	53
0	50
0	52
0	52
0	52
0	14
5	4
0	0
0	50
384	1121
0	526
0	346
1	340
3	325
110	151
7	75
77	209
0	212
1	214
11	0
20	1529
202	796
18	1513
2	218
24	263
32	523
32	108
145	126
0	1828
0	1851
9	254
12	309
0	227
3	81
0	173
0	1176
0	0
0	0
0	295
15	295
0	82
0	0
0	0
122	13
0	3
1	1082
0	1076
1661	1080
0	343
0	0
0	0
0	0
396	3379
1	3379
45	130
0	139
0	232
3	1654
0	163
0	260
0	0
0	0
0	0
0	41
0	53
0	31
8	34
0	38
0	27
0	44
0	0
0	0
420	4
472	575
0	498
0	106
0	1
0	1
0	0
0	1
454	105
8	104
0	1
0	0
0	0
0	0
224	2935
0	2868
8	2905
0	230
0	1165
8	8
0	1
0	1
0	6
0	0
0	0
0	0
0	0
0	0
0	0
0	864
42	865
0	104
0	59
2	27
0	94
0	29
1	40
175	405
0	4
0	267
34	1069
8	963
256	738
0	687
0	436
12	142
0	0
0	0
0	0
0	0
0	0
0	0
619	6
6	6
0	0
0	469
0	50
0	449
0	294
0	7
4	294
0	294
4	107
0	37
0	9
0	451
0	0
0	0
0	20
0	20
0	20
0	0
0	0
0	0
2	0
1	2
0	0
0	0
0	0
0	2
0	74
1	50
0	18
1	11
0	78
304	115
2	115
5	0
117	0
290	43
2	43
166	91
13	91
26	12
0	56
23	56
0	44
0	100
0	94
0	31
0	48
0	58
1	68
1	75
34	71
1	2
0	2
0	2
4	0
45	168
0	168
0	16
0	0
0	0
0	192
1	86
0	87
0	160
3	14
1	140
0	353
52	435
0	34
0	30
0	399
0	119
0	100
12	449
5	42
0	501
0	452
0	57
15	388
0	340
20	30
30	0
0	92
6	152
4	36
1	0
5	0
0	477
0	1
0	1
0	0
0	0
0	210
1	210
0	210
1	59
0	4
0	210
9	75
0	111
1	9
0	93
0	170
0	149
0	526
5	526
2	70
0	72
3	48
0	13
0	17
0	0
0	0
0	0
0	0
0	0
0	0
0	0
0	0
0	0
0	0
0	0
0	0
0	0
0	0
0	32
3	32
0	3
19	8
1752	8
0	0
0	0
2	277
18	290
0	42
0	273
0	33
0	27
31	37
0	23
57	3
0	0
0	0
0	0
2	0
0	0
0	0
0	0
0	0
0	0
0	0
0	0
0	0
0	4
0	3
0	3
0	3
0	4
0	0
0	0
0	0
0	0
0	0
0	0
0	0
1	37
0	38
0	33
0	59
0	17
0	39
0	53
0	23
0	33
0	49
0	28
0	28
0	27
0	20
0	5
0	40
0	42
0	41
0	43
0	21
3	44
0	17
0	16
0	17
0	21
0	26
1	17
0	17
0	23
1	24
1	14
0	14
0	0
0	25
0	24
0	3
0	59
0	60
0	60
672	0
0	0
0	0
0	0
0	0
0	0
0	0
0	0
0	0
0	0
37	6
0	6
0	0
2	919
2	917
20	882
13	12
3	77
10	239
0	82
0	0
0	0
0	0
0	0
0	0
0	0
0	0
0	0
0	0
20	0
0	0
0	0
0	0
1	2
0	0
19	1958
0	2207
0	2207
15	598
16	99
4	453
0	2207
0	0
0	0
0	0
0	0
263	35
0	35
2	13
0	0
0	0
0	0
17	133
0	9
0	7
0	12
0	15
0	9
0	1
0	1
0	5
0	0
0	84
9	190
3	192
0	0
0	0
0	0
0	0
0	0
0	0
0	0
0	418
0	328
0	390
4	232
129	437
3	52
0	0
0	0
0	0
0	0
0	0
0	0
15	828
26	1042
0	439
23	192
5	35
0	864
235	291
0	120
0	156
2	147
3	88
0	7
0	0
0	0
0	0
0	0
0	0
0	0
0	0
0	0
391	243
1	243
0	0
0	0
0	0
0	0
0	0
1821	653
2	159
1	376
0	289
4	88
0	353
0	305
43	5
0	0
0	0
0	0
626	198
7	55
14	116
11	27
0	0
0	0
0	0
1267	919
0	157
5	113
8	152
7	465
0	204
949	521
0	325
1	151
4	64
0	45
3	7
2	0
0	0
0	65
14	2388
16	1535
8	29
3	109
0	52
0	6
0	103
22	257
0	217
32	2458
0	0
0	0
0	0
0	0
0	0
0	1
0	49
0	102
2	40
0	62
0	61
0	65
0	72
1	3
1	36
0	21
1	30
0	5
0	1
0	5
0	19
4	23
0	4
0	179
0	152
1	176
2	1
0	19
0	0
0	0
0	0
0	0
0	0
0	0
0	0
0	0
1	0
0	40
0	16
0	1
0	24
0	0
4	292
1	218
0	2482
3	2794
0	988
0	174
4	3083
0	100
0	845
87	2935
0	418
15	247
1	202
2	1866
0	422
125	151
8	61
2	90
0	5891
57	5888
2	5857
13	229
0	5706
0	643
15	20
0	3
0	3
0	3
0	0
0	0
0	0
1	372
0	457
3	187
6	101
0	166
2	135
0	85
9	187
0	0
25	1082
6	13
42	511
6	1101
0	92
1	1059
0	0
0	0
0	0
0	0
0	0
0	0
0	0
0	0
0	0
0	0
0	0
885	0
0	0
13	240
269	2488
6	2475
7	38
18	952
84	723
0	9
0	245
0	143
4	254
0	43
4	188
4	53
10	21
0	0
0	36
2	35
0	27
1	11
0	34
0	1
0	0
0	1
0	33
213	148
71	46
0	32
0	18
3	102
0	11
1	46
0	0
0	0
0	0
0	0
0	1
0	1
156	454
0	519
0	510
5	508
0	408
0	466
2	517
0	365
0	523
0	297
0	153
0	519
0	0
0	0
0	0
81	561
40	488
3	128
0	68
14	42
0	80
5	76
0	52
0	87
0	0
0	0
0	0
0	0
0	0
0	0
0	0
0	0
0	0
0	0
0	0
0	0
0	0
724	58
0	58
0	0
0	0
0	0
0	0
0	0
0	0
0	0
0	0
0	0
0	0
0	3
0	3
0	0
0	1
0	1
0	2
0	1
0	1
0	0
0	0
0	0
4	121
0	121
2	0
0	0
46	128
11	128
0	0
0	0
0	0
0	0
0	0
0	0
0	0
19	2266
0	1189
0	86
5	134
1	2273
0	0
0	0
0	0
0	0
0	0
0	0
0	0
0	0
0	0
0	0
0	0
0	8
0	8
0	0
0	0
0	8
0	0
0	0
0	0
0	0
0	0
0	0
0	0
0	0
0	0
0	0
0	0
0	0
0	0
0	2
0	2
0	1
0	0
0	0
0	1
0	0
0	1
0	1
0	1
0	1
8	0
840	5504
5	5314
29	4926
29	135
15	4
0	4
0	1
0	1
2	3
0	3
0	0
0	67
0	55
77	75
0	0
0	0
0	0
0	0
0	0
0	4
8	4
1	12
0	12
0	0
21	385
4	385
2	96
2	52
2	1
0	1
0	0
0	0
0	0
0	0
0	0
0	0
0	0
0	0
0	0
69	273
1	79
0	273
48	2208
9	749
0	1685
0	632
22	357
0	765
0	407
116	18
0	0
0	0
0	0
0	0
0	2
0	2
3	483
0	237
0	490
0	487
1	227
0	129
0	23
34	0
0	0
0	0
0	0
0	0
0	0
0	136
0	124
0	137
1	62
0	131
3	130
0	10
0	10
0	30
2	5
0	40
0	37
0	5
0	5
0	126
0	113
53	58
4	58
0	3
0	8
0	0
2	2051
0	2243
23	395
0	488
0	426
0	388
75	584
4	429
130	115
221	667
0	435
1	423
2	552
0	595
0	0
0	0
0	1
0	1
0	1
0	1
0	0
3080	1911
11	1
175	1909
1	1170
3	1921
55	1922
2	247
0	1888
39	664
0	1861
0	1870
0	1539
77	990
0	1549
0	1432
0	1210
19	371
2	528
485	405
0	370
0	14
27	17
5	6
2	0
1	1
0	1
0	7
0	6
170	43
0	10
1	0
0	33
0	1
3	10
0	10
0	10
0	3
0	4
0	9
0	4
0	1
0	33
0	36
0	35
0	1
3	1
0	0
0	0
0	5517
4	2135
2	63
21	70
16	854
43	721
7	743
66	98
2	0
50	702
13	330
2	35
15	3
0	5517
0	3
0	0
0	3
0	0
0	0
67	30
0	26
0	1
0	0
0	12
98	0
0	0
7	0
0	0
1	2
0	2
16	18
0	18
0	2
0	3
0	3
1	4
0	4
0	4
0	1
0	3
0	0
0	0
0	0
0	0
0	23
2	22
7	28
0	28
0	30
0	36
0	28
0	34
0	10
0	7
0	13
0	11
0	4
0	4
0	6
0	3
1	0
0	0
0	22
1805	2311
91	2311
3	51
12	94
0	1
0	1
0	1
0	0
0	0
0	0
0	0
0	0
0	0
1796	132
60	251
3	2776
0	11
4	125
0	169
0	109
0	179
27	151
0	140
0	133
0	58
1	63
4	1
0	1
430	0
0	1
0	3
0	3
0	3
0	3
0	3
0	0
0	0
1	0
0	0
0	0
0	0
0	0
0	197
0	257
9	279
3	173
1	218
2	242
0	2
1	2
0	2
2	9
0	9
0	0
0	5
104	1355
0	1355
14	27
0	957
0	1187
2	2
0	108
0	6
0	53
2	24
0	27
0	52
5	28
0	52
9	3
6	3
3	25
0	53
0	52
0	53
1	175
0	132
8	129
0	92
2	140
0	140
1	123
0	0
0	0
46	276
0	261
1	77
1	13
3	16
0	14
0	27
197	84
2	24
0	61
0	34
567	349
0	114
0	346
0	50
0	0
0	0
0	0
0	0
0	0
0	0
0	0
61	82
0	151
14	26
0	26
1	183
0	82
0	125
7	0
0	10
3	14
5	6
17	13
0	1
0	0
0	0
0	0
0	0
0	0
4	94
6	91
0	38
0	0
0	1
0	0
0	0
0	1
0	1
0	0
0	0
0	0
0	0
0	0
0	0
0	0
0	0
0	0
0	0
0	0
715	1177
0	687
0	343
34	94
4	309
54	3
3	3
0	0
0	0
1	0
0	0
0	0
0	144
0	136
159	144
1	13
7	79
0	51
0	39
2	3
0	1
0	34
16	34
0	22
0	0
0	190
0	0
0	196
7	76
0	193
6	168
2	22
0	67
3	101
0	61
5	1183
0	1206
0	1203
0	1175
7	58
0	29
3	445
0	85
0	11
20	452
0	448
0	323
22	110
0	58
0	112
10	43
27	272
73	8
0	272
0	0
0	0
3	3
0	0
0	5
0	0
0	0
11	2
1	2
0	0
0	0
0	0
1	0
0	0
0	0
21	0
6	30
2	42
110	211
2	41
1	30
0	30
0	84
0	82
0	88
1	18
0	2
0	2
0	272
116	1574
6	1447
0	104
0	914
2	179
0	1036
0	597
0	1015
0	18
0	360
2	644
927	214
8	4
1	210
1	35
0	1
0	34
0	0
0	12
0	1
0	26
0	0
0	68
7	4
0	11
10	31
0	0
0	33
0	67
3	6
0	55
0	62
0	51
15	23
0	17
0	7
0	17
0	18
0	11
5	2
1	908
647	990
0	933
35	103
2	246
0	103
0	243
1	186
1	130
2	135
5	70
2300	1253
55	1239
122	899
36	213
0	888
31	809
0	822
37	677
0	99
5	151
2	73
0	14
856	926
0	315
0	116
1	584
695	738
23	738
0	315
6	241
0	0
0	0
0	0
0	0
0	0
0	0
0	0
0	3
4	8
0	2
7	7
0	0
0	0
0	0
0	0
0	0
0	0
0	0
0	0
0	3021
0	2968
2	215
0	279
0	272
28	64
6	263
0	317
0	389
5	406
10	196
1	57
9	215
0	2983
0	3024
0	0
0	0
0	0
0	0
0	0
0	0
0	0
0	23
0	18
0	11
0	12
0	21
0	20
0	7
0	2
0	7
8	238
18	238
0	84
5168	2391
2	2369
5	1849
0	878
2	918
7	1656
5	3
0	0
0	0
0	31
0	32
0	27
0	25
1	0
0	31
5	430
1	399
0	432
46	120
5	123
268	142
0	142
0	3
0	3
0	0
0	0
0	0
2	1
0	137
391	396
0	396
0	296
1	239
8	142
0	142
0	126
0	125
0	11
9	11
3	11
0	7
1	0
0	0
0	0
0	0
0	0
0	0
0	0
0	0
0	0
0	0
0	0
0	2
0	2
0	0
0	0
0	0
0	0
0	0
0	0
0	0
23	0
0	0
0	0
0	0
191	3516
24	203
8	126
2	24
1	3506
0	137
44	86
1	289
2	93
0	0
0	0
0	0
0	0
1205	760
0	0
0	0
0	564
3	439
0	562
3	356
0	109
0	226
0	564
1	33
2	238
9	284
25	165
0	78
0	64
3	56
0	13
2	34
1	65
0	47
4	64
0	43
0	26
243	108
1	73
9	64
3	96
6	7
0	11
0	32
0	58
0	26
0	25
0	27
0	59
0	38
0	58
0	58
0	173
0	388
0	412
8	25
55	54
0	807
2	781
0	801
8	71
5	84
4	38
13	2
205	161
13	114
1	128
0	0
0	0
5	6
0	83
0	84
0	34
0	88
0	89
0	37
2	84
0	75
0	82
0	83
0	49
0	84
0	83
6	5
0	107
0	105
0	15
0	37
0	5
0	30
0	541
2	485
0	269
0	30
3	28
0	32
0	49
1	0
0	57
2	57
3	1
630	641
11	84
1	619
0	0
23	1182
13	3
0	1182
0	0
0	0
0	0
0	0
0	0
0	0
0	0
0	0
1	8
0	12
1	11
8	8
112	1980
0	1995
6	389
1	347
7	124
0	0
0	0
0	0
0	0
0	0
0	0
0	0
0	0
0	0
0	0
910	150
0	95
3	32
1	43
0	1395
0	1369
0	1238
0	1264
1	139
0	70
6	246
10	218
2	167
0	0
0	0
0	0
0	0
0	0
0	0
0	0
0	0
0	0
0	0
0	0
0	0
2635	0
815	318
3	38
22	120
3	240
0	193
0	64
3	40
0	15
0	10
0	14
1	0
0	2
2	0
0	0
0	0
0	0
0	0
3	10
4	17
0	14
0	12
14	0
390	0
78	3
0	0
0	0
0	1
0	0
0	1
1	0
1	0
0	0
0	0
19	426
58	461
9	547
6	188
1	217
5	131
17	31
141	708
45	704
6	292
28	295
6	10
0	3
0	3
0	3
0	3
0	3
0	3
0	1
0	0
0	5
0	2245
0	3520
0	4867
0	3169
2	9279
79	1033
5	7231
5	2898
0	7355
1	3226
0	2683
26	264
3	264
0	0
0	0
89	3
0	2100
303	2097
1	74
0	1120
0	1985
0	54
2	186
0	1830
0	1778
0	1968
0	1922
1	1935
0	1904
0	2038
0	2081
0	1199
9	118
0	0
0	0
226	398
0	395
0	30
2	45
7	1158
44	986
8	1096
297	1136
1	127
0	106
0	91
1	87
0	0
0	0
0	0
0	0
0	0
0	0
0	0
0	0
0	0
0	0
0	0
0	0
0	17
0	16
0	16
0	11
0	2
0	0
0	1
0	15
0	0
1	0
0	0
0	0
0	0
0	0
0	0
0	0
0	0
807	0
0	0
0	0
0	0
1	0
0	0
0	0
0	0
0	0
1	0
4	0
0	563
6	70
8	556
17	9
0	93
0	109
7	44
6	62
0	27
3	183
0	78
19	13
0	15
0	563
0	0
0	0
0	0
0	0
0	0
0	48
0	407
4	408
158	572
0	442
0	349
0	408
0	370
2	519
0	231
11	1
2	69
0	0
307	3542
1	3542
249	116
0	60
1	32
0	2
0	21
3	45
0	38
0	4
0	3
0	38
0	3
0	223
0	77
0	82
6	186
0	148
2	60
2	16
27	108
33	213
4	193
0	62
19	5
21	83
0	0
0	0
0	0
0	8
0	0
1	0
0	7
0	8
0	0
2	3
2	3
0	0
0	0
4	0
0	0
0	0
0	1
0	1
0	1
65	0
630	0
0	0
0	250
0	234
1	101
9	10
0	38
0	38
1	22
3	8
1	804
91	804
0	0
0	0
0	0
0	0
0	0
0	0
0	0
0	0
0	0
0	0
0	0
1	3
0	19
6	19
3	5
0	5
0	0
0	0
0	5
0	294
901	294
17	198
0	0
0	0
0	0
186	0
1	2
0	3
0	3
0	3
0	3
0	0
0	0
0	0
0	0
0	0
0	0
0	0
0	0
0	0
0	10
0	74
0	0
0	24
0	0
2	92
0	72
0	69
0	25
0	4
0	10
0	55
0	2
0	90
0	0
0	0
0	0
0	0
0	153
8	134
0	33
44	153
0	0
0	0
0	0
0	0
1	1
0	1
0	1
0	0
0	0
0	0
0	0
0	0
0	0
0	0
0	0
0	0
0	0
0	0
0	0
0	0
0	0
0	0
1388	0
121	179
0	179
0	179
0	118
0	48
0	26
0	21
0	0
0	0
0	0
0	0
0	0
0	0
0	0
0	1
0	1
0	1
0	32
0	51
0	0
0	52
0	44
0	48
1	0
0	0
0	0
0	0
0	0
0	0
0	0
758	190
236	190
0	123
12	13
1	12
0	37
2	129
0	0
0	0
17	0
27	521
0	64
1	341
14	161
5	92
2	77
0	2
0	2
0	323
0	359
0	317
2	284
0	222
0	315
2	309
0	249
14	272
0	258
0	103
0	96
4	8
0	42
32	1
0	0
0	0
0	0
0	0
0	0
68	74
2	74
0	0
0	0
0	393
0	400
0	378
0	376
7	41
10	338
29	1
29	306
0	20
0	2
23	98
0	41
3	29
0	78
3	38
0	425
0	406
4	8
0	3
0	5
2	0
0	0
0	234
17	234
2	146
0	43
1	17
0	0
0	0
0	0
0	0
0	0
1	35
0	122
41	332
3	138
3	94
1	319
2	65
0	0
0	0
0	0
0	232
0	224
0	221
0	213
1	61
2	187
0	227
0	209
0	21
5	16
0	10
1	7
3	57
130	144
0	26
3	19
3	40
1	30
0	48
0	56
0	0
0	0
0	0
0	0
0	0
0	0
0	0
0	0
0	0
0	2
0	3
0	3
0	0
0	0
0	0
0	0
18	4996
1	4504
76	2032
0	725
4	251
0	4973
0	4755
0	0
33	51
0	51
0	0
0	0
11	0
12	27
4	27
0	191
1	191
0	191
0	195
2	58
0	22
4	28
2	5
0	16
21	51
0	12
0	7
0	2
0	208
13	202
0	189
2	205
0	0
621	355
1	355
0	2969
20	2725
14	2867
21	2752
2	548
1	458
39	114
0	510
0	2546
0	0
10	0
0	0
0	0
0	0
0	0
0	0
0	0
0	0
0	0
0	0
20	164
1	143
23	103
1	5
1	1
1	10
35	180
0	26
0	180
0	67
0	5
0	5
0	0
0	2
0	2
0	2
0	2
0	0
3	0
0	0
0	0
0	0
8	152
0	146
0	132
1	130
0	133
0	133
0	46
0	17
0	155
0	0
0	0
0	0
0	0
2	5
5	0
0	0
0	0
0	0
0	2
0	2
0	0
0	1
0	0
0	5
0	0
0	0
0	0
0	0
123	35
3	39
0	0
4	0
0	0
0	0
0	0
0	0
0	0
0	196
0	237
0	237
0	114
0	52
0	98
0	40
53	18
17	0
0	10
0	1
0	10
0	10
0	0
0	1
0	0
2	0
0	0
0	0
0	0
0	0
0	0
1	0
19	490
20	479
2	44
3	79
1	154
0	67
13	39
4	66
35	2
7	56
0	69
0	55
137	107
9	350
0	167
0	120
6	2
0	5
0	227
0	35
790	35
0	1367
35	1310
0	1290
0	1031
0	1360
0	1335
0	1322
0	1299
0	180
0	66
5	1033
3	0
0	162
1	50
0	229
2	434
7	4
0	84
0	116
1	142
0	128
4	92
0	147
0	95
2	99
13	0
0	1392
0	1331
702	470
8	349
5	117
4	0
1	0
0	0
0	0
0	0
0	0
0	509
2	358
7	109
1	39
5	133
0	146
0	67
0	73
0	81
23	3
6	13
11	153
1	218
3	151
0	0
0	0
0	0
1	0
0	0
0	221
0	39
0	176
729	260
21	105
318	373
0	262
2	249
2	309
1025	0
0	0
0	0
0	0
3	14
1205	14
5	0
0	0
0	0
0	0
0	32
4	172
0	23
0	20
0	172
0	0
0	0
0	0
86	0
71	650
16	24
6	536
3	77
2	19
0	349
0	247
6	536
1	438
8	537
113	153
1	97
0	18
0	6
0	0
0	14
12	42
0	0
0	0
35	30
1	16
0	0
0	0
0	0
0	0
0	0
0	0
0	0
0	0
0	0
0	0
0	0
0	1
0	1
0	1
1	0
0	0
0	1
0	1
417	74
0	78
0	8
8	78
0	67
278	109
4	98
9	71
0	0
0	0
0	0
0	0
0	0
0	2
0	2
0	2
0	2
0	2
20	288
0	61
17	251
5	10
1	210
2	39
0	100
0	81
0	30
0	16
0	0
0	0
0	5
0	0
0	5
0	0
0	0
0	0
0	0
98	0
9	301
0	100
0	6
0	301
4	24
0	24
2	7
0	6
0	0
0	0
0	0
1	34
204	279
21	193
0	165
0	0
0	0
0	0
0	0
0	0
0	0
0	0
0	0
0	0
0	0
0	0
0	0
0	0
0	0
0	624
1005	850
5	298
0	122
0	0
0	0
0	0
3	0
0	0
5	406
6	48
0	406
0	0
0	0
0	0
0	0
117	112
61	28
0	90
0	9
10	20
0	10
0	32
1	32
6	21
3	13
1	0
0	0
0	0
0	0
0	0
15	5922
30	5024
4	5858
23	5495
1319	793
40	0
2	793
1	24
92	22
630	409
25	273
1	367
0	235
1	0
0	2073
0	2053
4	240
5	60
1	349
3	126
1	140
0	10
2	7
0	2
0	10
1	0
0	0
0	0
0	0
0	0
0	0
10	376
1	119
36	331
0	209
0	32
131	159
2	55
0	0
0	0
0	312
11	315
19	349
0	340
0	335
0	350
2	61
0	63
12	14
0	144
0	82
1	91
0	88
2	656
0	510
139	378
0	550
3	0
0	505
62	0
0	0
0	0
0	0
0	0
146	202
7	202
5	16
0	0
0	0
0	0
0	197
0	548
0	515
0	445
2	500
0	445
0	70
7	359
0	384
0	102
0	393
1	52
11	5
12	90
0	489
690	696
5	326
1	192
0	11
18	96
0	197
1	190
0	0
1	8
0	2
0	3
1	1
0	2
0	4
0	2
0	0
0	0
0	0
19	282
13	0
4	4
1	94
1	192
0	0
0	0
0	0
0	0
0	0
0	0
0	0
0	4
0	0
0	0
0	4
0	0
0	0
0	0
0	0
108	30
6	30
0	0
0	0
0	0
0	0
0	0
0	0
0	0
0	0
0	0
0	0
0	0
0	0
0	0
0	0
0	0
0	0
0	0
0	0
0	0
0	0
0	0
0	0
0	0
0	0
0	0
0	0
0	0
0	0
0	0
0	0
0	0
0	0
0	0
0	0
1	2850
121	2797
0	931
7	91
0	292
0	164
0	149
0	124
1	11
0	2
0	0
0	1
0	9
23	426
53	1154
0	1097
83	613
7	82
99	602
0	146
50	58
48	111
1	144
6	20
0	69
8	75
1	30
0	16
1	9
0	4
0	6
0	4
18	207
365	562
35	562
0	0
0	0
5	1953
0	2051
8	1399
0	1
0	1
0	1
0	1
0	2
0	2
0	18
0	11
2	13
0	17
0	17
0	15
3	20
0	6
0	6
0	0
1	7
0	1
186	246
0	44
1	210
4	47
0	10
91	0
99	0
0	0
0	0
0	0
0	0
0	0
0	0
0	0
0	0
970	659
0	162
7	229
7	379
6	295
1233	1663
6	1357
0	306
0	0
0	0
0	0
0	0
0	0
0	0
0	0
0	0
0	0
0	0
0	0
0	0
19	3184
16	2911
3	1063
2	183
0	1
0	1
0	0
0	2
0	1
0	1
0	1
43	712
9	712
2	133
53	0
7	696
13	698
542	0
0	0
0	0
0	0
0	0
158	932
0	188
11	160
0	612
0	597
0	597
0	2539
7	2421
0	2539
0	0
0	0
35	0
8	657
45	657
287	657
61	451
91	7
0	0
0	2
0	2
0	0
0	0
0	368
91	368
8	7225
1	7225
5	6438
0	592
3	2638
30	84
5	1058
1	43
309	73
0	56
28	0
17104	0
0	0
0	0
0	0
0	0
0	0
0	0
0	0
0	0
0	0
0	0
0	0
0	0
0	0
0	0
0	0
0	0
0	1
1	0
0	0
0	0
0	0
0	0
0	0
0	0
638	125
3	125
0	15
1	12
0	5
3	2479
34	1746
6	130
0	0
0	0
0	1
57	532
0	465
0	66
1	66
2	8
162	36
0	40
14	26
2	7
2	6
0	7
0	3
44	8
0	6
0	6
0	0
0	0
6	3
0	3
0	3
0	3
0	1
0	0
0	30
521	93
0	24
2	15
1	17
0	22
0	2
0	2
0	2
0	0
0	0
0	0
0	0
0	0
0	0
0	0
0	0
0	0
0	0
0	0
1059	14
5	0
0	94
5	133
1	91
0	131
10	4
0	15
20	24
0	24
0	18
7	7
0	7
2	2
0	281
3	160
0	301
1	120
0	162
3	40
0	0
0	0
0	153
0	155
0	109
37	151
0	91
0	40
7	138
12	128
1	63
0	29
0	17
0	41
14	55
0	56
0	10
4	8
0	10
7	10
0	26
0	40
0	1
2	0
0	6
0	3
4	18
1	34
1	17
0	15
0	55
0	0
0	0
0	0
0	166
0	0
0	0
0	0
0	0
0	0
0	0
0	0
0	0
0	0
0	0
0	0
0	0
43	270
2	135
2	221
0	81
0	65
0	30
2	44
0	21
0	57
0	41
0	66
0	55
0	55
0	23
0	36
0	23
1	5
2	0
0	0
0	0
0	0
0	0
0	0
0	0
0	0
0	0
0	0
0	0
0	0
0	0
0	0
78	66
9	20
0	46
0	0
0	0
9	0
6	259
0	21
4	218
0	245
0	0
0	311
0	315
0	215
0	219
5	18
1	7
0	4
0	147
0	0
0	0
0	0
7	0
12	103
0	82
0	579
0	648
1	443
0	2330
0	95
23	1389
0	48
1	427
1	39
0	69
17	663
0	639
0	625
0	56
8	27
1	21
13	208
9	62
0	54
12	18
0	2340
0	0
0	0
0	0
0	0
0	0
0	0
0	0
0	0
0	0
0	0
0	0
0	0
0	0
0	0
0	0
416	230
44	32
12	21
0	77
2	133
0	0
0	0
0	0
0	0
0	0
3	940
37	219
0	439
0	338
4	468
0	413
9	660
1	131
0	14
0	49
0	48
2	60
0	13
685	1288
3	747
2	994
0	289
2	898
7	236
0	0
8516	2655
1	1802
2	853
0	0
0	0
0	0
0	0
0	0
0	0
0	0
0	0
0	2
0	2
0	2
0	0
0	0
0	0
32	63
19	28
0	25
94	288
47	4879
7	228
20	285
46	2539
0	4827
118	1027
0	3926
34	141
10	879
152	46
0	1838
8	129
0	4926
0	0
0	0
0	0
0	0
0	0
0	0
0	0
0	0
0	0
0	0
0	0
0	0
1	0
0	0
1	128
62	311
0	312
10	79
33	726
0	571
0	714
0	379
0	647
1	263
68	345
52	296
0	678
0	0
0	0
0	0
0	0
0	2
0	2
0	2
0	2
0	2
0	0
0	0
0	0
0	0
0	0
0	774
0	13
3	660
0	453
5	436
0	657
0	60
4	5
0	27
0	346
4	36
5	63
0	42
1	31
0	774
0	660
0	660
1	0
0	0
0	0
0	0
0	0
0	0
0	0
0	1386
0	3239
0	1346
0	3097
0	3139
0	1518
0	3031
2	851
0	726
0	892
0	1380
0	2883
0	1139
0	786
0	1319
0	2940
2	1210
19	349
0	349
0	112
0	11
0	6
5	17
0	12
0	56
0	16
0	64
4	2
0	62
1	50
0	4
30	4
0	0
0	0
5	2287
68	2287
0	18
87	71
0	81
0	118
0	56
2	41
0	41
0	654
0	780
0	898
0	1910
93	2186
30	277
10	799
0	0
0	252
64	2621
800	3773
2	2907
151	27
0	582
0	0
0	164
0	177
0	299
0	228
7	496
13	109
0	394
12	398
1	54
0	16
0	397
165	145
3	121
9	24
0	19
0	19
1	19
0	2
1	330
0	56
316	326
0	56
0	39
0	22
0	5
0	5
0	2
0	3
0	1
0	0
0	8
0	9
0	8
0	1
0	1
0	2
0	0
389	484
10	337
12	3
35	3
0	412
1	60
17	9
7	0
199	77
2	40
4	3
5	1
0	33
15	433
0	25
0	433
0	24
0	20
0	35
1	24
3	52
43	103
0	102
1	99
0	17
0	20
17	12
1	29
4	29
5	2
0	838
0	749
45	8343
0	1036
41	7735
3	4069
0	4639
0	7566
0	8322
0	8339
16	17397
0	17113
0	2960
3	1008
0	1781
0	927
0	1184
14	0
56	413
158	376
0	184
0	141
42	88
0	1
0	1
0	1
0	0
0	0
0	0
0	179
5	169
0	0
0	40
0	27
1	0
399	1108
1	749
0	367
0	333
7	359
208	424
1	424
15	469
84	93
1	303
0	270
0	25
0	0
0	0
0	0
0	0
0	0
0	0
18	0
0	0
40	1201
0	74
0	61
0	97
3	114
8	197
4	248
3	357
17	91
267	182
1	182
4	67
0	1201
4	77
0	77
11	17
0	1
0	16
0	1
0	1
0	368
0	301
0	361
3	184
9	81
3	4
4	71
0	7
0	51
1	69
2	9
7	44
0	33
0	0
0	0
0	0
0	75
0	77
0	34
0	77
0	69
1	70
0	29
7	0
0	0
0	0
0	0
269	691
82	396
0	617
5	58
4	146
1	111
0	85
1	260
0	114
0	0
0	7
0	0
0	0
2	7
0	6
0	0
0	1
0	1
0	1
0	0
0	1
0	1
0	0
0	2
0	0
0	2
0	60
0	105
457	140
0	0
2	35
0	0
2	16
7	16
0	3
0	0
0	69
0	175
0	175
0	69
0	105
0	175
0	105
2	170
0	190
21	82
0	157
0	81
0	77
0	0
0	0
1	0
15	0
0	0
0	0
0	0
0	0
0	0
0	0
0	0
153	175
9	175
4	7
0	119
0	2243
0	2237
0	1827
0	1480
24	162
0	163
0	0
4	29
0	0
0	3
1	27
0	26
0	23
0	32
0	2
0	25
0	10
0	5
0	3
0	11
0	2
0	8
0	3
0	0
0	0
0	0
0	0
0	0
0	0
0	0
0	0
0	0
183	493
2	484
0	510
54	86
2	506
0	389
0	3
0	23
0	23
0	23
0	0
0	0
0	0
1	1
0	1
0	0
0	0
36	0
0	0
1	0
1	0
0	1
0	1
0	0
0	0
0	0
36	19
2	19
4	18
0	5
8	777
0	835
0	758
0	0
59	856
3	746
3	853
2	211
0	70
0	132
4	212
2	69
0	0
0	0
12	2
0	0
0	1
0	0
0	1
0	0
0	11
0	0
0	0
5	11
0	0
0	0
0	2
36	681
0	105
0	681
0	0
0	0
0	0
0	0
0	0
0	0
0	0
0	0
0	0
0	0
0	0
0	0
0	0
0	0
0	0
0	0
0	0
389	195
78	175
2	114
0	180
0	0
0	0
8	0
0	0
0	0
0	0
0	0
0	0
2	0
7	409
16	79
0	89
0	55
4	36
0	459
207	1295
0	1258
0	1233
5	177
6	77
4	205
0	53
1	56
14	137
1	108
2	38
1	70
3	66
10	0
13	106
0	97
0	0
12	534
0	534
0	165
2	54
1	175
0	146
1	9
0	0
0	0
0	0
0	0
0	0
0	0
0	0
0	0
0	41
364	41
43	13
0	6
0	5
1	8
4	8
2	9
0	5
1	1
0	2
0	2
0	0
0	0
0	0
0	0
0	0
0	0
0	0
60	0
0	0
26	37
0	5
0	0
0	0
0	0
0	0
0	100
0	100
0	14
0	0
0	0
0	0
0	0
0	0
0	0
0	0
0	0
0	0
0	0
0	201
0	96
0	176
0	9
3	0
8	63
0	211
7	1017
0	1168
0	790
0	1180
0	1021
0	565
0	374
42	422
12	199
5	63
23	0
0	0
0	83
21	2
0	65
0	70
4	57
0	57
3	46
0	14
0	0
0	0
0	0
0	0
0	0
0	0
0	0
0	0
0	0
0	0
0	0
0	0
0	0
138	776
1	761
0	785
2	785
0	425
5	166
3	117
2	124
0	63
2	57
1	46
0	38
0	781
0	0
0	0
0	0
0	0
40	328
6	136
24	0
0	307
2	47
0	50
5	32
11	22
0	0
0	0
0	0
20	59
0	44
0	51
0	47
0	9
0	38
3	7
0	0
0	0
0	0
0	0
0	0
0	0
0	0
0	0
0	0
0	0
0	0
0	0
0	0
0	282
10	279
35	231
4	224
7	71
0	3
0	84
0	192
297	436
117	84
42	354
33	82
0	269
21	436
60	175
0	350
2	341
1	227
0	31
0	7
0	12
0	12
11	22
0	10
0	0
0	0
0	0
0	0
0	0
0	0
0	0
0	0
0	0
2	10
0	228
0	218
0	23
0	0
3	193
1	43
1	8
0	102
0	86
31	1768
11	1768
67	593
129	78
0	94
2	0
0	0
273	17
20	17
0	0
0	1572
0	287
0	320
0	92
0	173
3	197
94	26
0	1566
0	1686
0	1547
0	1628
0	2613
0	2495
3	1684
0	1298
0	2223
10	343
24	233
0	384
36	557
22	218
105	573
0	339
0	264
0	129
3	90
0	84
52	230
0	136
9	206
8	328
74	103
2	79
0	1689
2	2
0	2
16	517
5	456
0	79
14	0
0	0
0	0
0	0
2	0
0	0
2	3
3	36
0	33
2	16
0	4
0	10
7	10
0	2
0	2
0	3
1	3
5	25
0	24
4	25
1	22
0	4
0	0
0	0
0	0
0	0
0	0
0	0
0	0
647	1101
0	1101
13	467
12	422
0	382
1	0
0	197
0	201
0	251
0	256
0	254
2	216
0	486
0	467
18	60
1	292
18	92
11	487
0	101
71	3
0	87
0	101
0	36
3	58
0	0
1	22
177	197
1	19
0	178
17	86
69	0
1	31
1	0
0	0
0	0
0	38
0	44
0	35
0	42
0	20
0	16
0	20
6	14
0	20
0	12
0	13
0	12
1	9
0	8
1	69
109	152
0	22
79	0
0	145
0	1
5	19
0	19
12	4047
48	1260
0	497
28	150
28	488
34	2388
6	263
161	950
1	68
21	281
8	69
0	99
14	85
0	118
0	34
21	11
0	11
26	1
0	885
0	831
0	936
0	745
4	161
0	822
7	322
9	202
0	412
0	375
0	275
0	293
0	140
0	56
0	0
7	1150
0	564
2	711
2	360
0	9
31	382
0	0
8	0
25	72
25	0
61	2
0	70
1392	87
3	87
0	0
0	0
0	0
0	2
0	0
0	2
0	2
0	4
0	4
0	3
0	3
0	3
0	3
0	0
0	2
0	2
0	2
0	0
0	0
0	0
0	0
0	0
0	0
0	0
0	0
0	0
0	0
0	0
0	0
0	0
0	0
0	0
5	0
5	0
0	0
0	0
300	927
30	638
0	409
1	291
1	171
8	7
6	16
0	2
0	10
0	10
13	665
0	405
0	617
57	744
1	740
0	514
21	2
0	138
69	128
0	94
0	442
0	946
0	530
55	247
50	217
0	116
0	180
11	144
5	80
8	10
0	946
0	556
24	556
2	39
0	81
3	93
4	61
0	0
13	180
8	125
0	101
1	4
0	4
0	4
0	0
0	0
0	274
3	274
0	269
0	93
0	56
1	0
0	0
0	8
0	9
0	6
0	0
5	0
0	0
31	76
6	76
0	0
0	0
0	0
0	1
14	1
0	0
1	25
1	7
0	13
0	0
0	1
0	1
0	25
0	0
0	0
0	0
0	0
0	0
0	0
965	1155
10	572
0	690
0	1
0	0
0	1
0	1
0	1
0	0
0	0
0	5
0	5
0	3
2	39
0	39
0	1
0	8
146	21
4	21
0	0
1	68
18	68
0	1
659	7344
10	7317
24	5073
0	6
0	30
0	440
0	23
0	255
0	202
1	89
25	111
33	15
15	36
1	440
79	95
0	52
1	0
0	43
112	0
0	4
0	4
1	54
1	56
0	45
0	60
4	0
0	24
1	21
0	0
0	0
4	79
0	62
0	59
0	45
0	10
0	1
0	7
0	824
287	760
0	152
1	42
0	128
0	608
1	526
0	523
0	276
0	248
1	390
0	415
4	385
0	68
1	69
0	224
0	257
0	106
0	120
14	51
0	26
0	38
0	31
0	28
2	22
0	8
0	10
0	5
0	182
0	134
64	182
0	321
0	391
52	372
1	77
0	0
0	0
23	268
0	97
4	230
0	198
0	102
1	115
0	74
0	58
1	283
68	229
0	89
0	160
35	0
1	17
0	20
0	8
1243	0
5	602
0	585
0	202
2	73
0	149
0	151
2	115
5	15
0	9
20	189
29	127
0	140
32	180
0	0
172	262
0	237
0	39
0	78
1079	734
14	734
0	16
0	1
0	19
0	19
0	10
0	25
0	1
0	3
0	3
0	1
0	1
0	1
0	3
0	3
0	4
0	3
0	0
0	0
0	0
0	1
0	0
0	0
0	0
0	0
6	516
1	511
0	183
9	128
0	50
0	138
0	48
0	85
1	33
2	19
11	0
5	2
0	2
0	0
0	0
609	65
0	8
0	0
0	0
0	3
0	3
0	3
0	17
0	20
0	16
36	1
0	4
0	0
0	4
0	25
0	17
0	16
0	5
0	6
0	6
0	5
0	3
0	25
0	6
0	44
0	43
0	8
7	1
0	17
0	5
1	14
1	14
0	11
0	14
0	12
0	2
0	44
0	33
177	255
1	255
4	29
0	110
2	4
0	4
0	2
0	0
1	778
2	409
0	778
4	553
0	362
6	361
58	35
0	0
0	0
0	0
0	0
0	0
0	49
8	6
0	43
3	24
0	20
1	0
0	0
0	0
131	253
0	0
0	0
0	0
0	0
0	0
0	0
1	25
0	131
0	100
0	122
0	79
5	105
0	77
0	0
0	0
0	0
0	0
0	0
0	0
0	0
0	0
144	10
0	10
0	0
0	0
0	0
0	155
31	155
0	18
2	20
1	632
0	111
0	607
0	644
0	558
1	507
0	432
0	456
0	129
0	77
3	77
9	28
1	186
0	27
0	96
5	0
0	556
0	596
0	498
0	0
0	0
0	0
0	0
0	0
0	0
0	0
0	0
0	0
0	0
0	0
0	0
0	0
0	0
0	0
0	0
0	0
0	0
0	0
0	0
0	47
0	0
0	47
0	25
0	20
0	9
0	15
0	15
0	25
0	8
0	3
0	0
2473	1001
0	48
20	510
1	220
3	211
7	42
2	116
1	513
5	107
8	76
21	112
39	233
4	232
0	48
0	21
9	0
0	44
295	1109
0	463
0	129
65	1
2	779
0	25
0	81
5	0
2	288
41	0
19	326
0	0
8	119
4	39
0	118
0	25
5	14
2	4
1	0
13	521
1	378
24	515
0	234
2	34
0	20
0	16
0	1
0	323
27	323
0	58
0	14
0	48
0	29
25	27
0	32
10	15
1	0
1	0
6	21
3	18
2	0
0	139
0	139
6	36
5	25
1	36
0	33
0	18
6	27
0	30
2	130
5	130
0	9
4	12
22	9
6	0
0	0
0	0
0	0
0	0
0	0
0	0
0	1
577	381
0	203
77	233
1	167
6	100
10	19
0	19
0	0
0	0
0	0
0	0
0	0
0	0
0	0
3	2222
1	1073
0	2211
0	1863
2	178
0	296
3	396
12	264
0	238
102	91
0	315
0	0
0	0
0	0
0	0
0	0
0	0
0	77
0	0
0	0
3	313
1	283
427	315
0	78
3	12
0	0
0	0
1	0
0	179
9	110
0	517
4	0
0	576
8	40
0	181
0	543
0	0
0	0
0	0
0	0
58	897
8	897
7	902
0	341
2	201
0	82
182	0
49	3
0	11
0	11
0	1
0	7
0	0
0	0
0	4
1	0
0	0
0	0
0	0
0	0
0	0
0	3
0	0
0	0
0	2
0	3
0	0
0	492
0	656
0	135
0	608
0	0
0	0
0	0
0	3722
1	3131
54	959
5	60
17	125
6	3629
0	0
0	0
931	0
0	0
0	0
0	0
35	71
3	34
0	34
0	17
0	0
0	0
0	19
0	18
2	20
0	4
0	13
0	5
0	0
0	1
0	1
0	2
0	1
0	2
1	2
0	1
0	17
76	229
0	229
3	108
0	80
0	65
1	35
0	4
0	4
0	4
0	4
0	3
0	4
0	0
0	0
4	47
0	0
0	11
0	47
0	0
0	2
34	1138
73	40
6	198
1	72
0	848
0	59
0	51
8	359
0	0
0	0
0	0
0	0
19	0
318	3
2	3
0	4
0	0
0	0
0	0
0	0
79	148
11	37
5	13
0	111
0	0
0	0
0	0
1	57
3	43
187	1470
0	2500
4	1472
0	409
1	1471
2	84
8	2428
4	269
0	2498
0	51
0	0
0	0
0	0
0	0
0	0
7	2589
8	2193
54	969
25	1081
0	1724
23	337
6	327
0	0
0	0
396	1325
0	1239
3	545
12	167
13	132
0	69
0	132
243	46
2	46
0	297
0	357
0	356
0	201
0	313
3	282
0	66
7	175
0	61
0	52
4	107
0	90
0	43
0	4
1	76
10	0
0	56
0	292
0	2
57	1625
2	1630
23	815
0	411
0	362
3	78
2	5
0	0
0	0
0	0
0	0
0	0
32	217
0	217
1	37
1	955
7	457
0	334
2	51
0	58
39	26
54	30
0	916
0	0
0	0
4	11
0	11
0	4
25	0
0	0
4	175
3	175
0	50
3	139
0	13
0	10
0	166
43	1
47	22
0	21
0	5
0	5
0	1
0	0
0	0
0	0
0	0
0	0
0	0
0	0
8	582
0	63
2	582
1	2145
0	252
0	252
0	190
25	983
8	159
1	2121
0	67
40	271
0	649
15	648
0	91
5	0
30	328
0	74
0	4
0	0
3	4
29	220
1	220
7	220
33	218
2	217
0	0
0	0
0	0
0	0
0	0
0	0
559	653
47	317
15	304
0	0
0	0
0	0
0	0
0	0
30	83
1	83
0	26
0	1
9	0
0	1
0	601
3	633
0	439
0	255
0	295
0	65
0	0
0	0
0	0
0	0
0	0
0	0
0	0
0	4
0	2
0	2
0	0
0	0
0	0
0	0
0	5
0	0
0	0
0	0
0	0
4	330
0	506
1	506
3	32
2	14
5	54
2	0
0	0
0	0
0	0
3567	126
0	0
0	0
0	0
2	10218
275	10598
196	7541
3665	10670
0	11156
222	10269
0	10415
11	10561
0	41
3	9593
35	3044
11	10304
66	92
2	20
0	89
21	10
9997	1173
182	947
1150	180
8	180
5	63
0	3
0	3
0	0
0	1
0	1
0	0
0	3
28	134
0	21
0	10
0	9
0	46
0	44
0	27
2	92
23	51
1	71
3	399
7	591
1	98
1	79
0	592
0	19
4	724
2	217
2	650
0	547
4	460
1	660
0	239
0	81
1	528
0	708
0	88
0	1
0	1
0	0
5	61
167	342
0	335
27	176
0	9
57	9
0	0
0	0
3	2
0	2
0	0
0	0
0	0
0	0
13	258
0	258
6	0
0	0
0	3
0	38
17	141
0	127
0	183
0	199
4	161
2	61
10	61
7	0
0	0
78	0
0	0
0	0
0	3
0	2
0	2
0	3
0	1
0	2
0	1
0	1
0	2
0	2
2	1
0	240
0	202
0	38
10	103
7	4
0	76
0	55
1	7
8	48
3	162
1	93
4	1
9	17
0	240
43	75
0	56
4	12
0	27
0	12
2	0
0	291
0	280
0	293
0	281
2	203
0	269
0	281
0	104
0	179
0	143
0	47
0	118
0	40
0	71
4	15
1	53
0	56
3	0
0	31
0	38
1	25
0	16
0	28
0	4
0	16
7	0
1296	0
0	0
0	966
0	907
7	148
2	134
2	116
11	16
0	56
0	66
2	25
0	3
1	12
0	20
0	6
0	9
0	1
0	0
0	4
0	0
7	620
0	740
0	66
0	740
7	244
0	244
0	52
0	0
0	0
0	0
0	0
0	0
0	0
653	918
0	137
0	60
2	83
7	497
3	350
6	1960
0	181
2	181
0	5
1	0
4	0
0	3
0	1
0	1
0	1
0	2
0	0
0	0
0	2
0	2
0	0
0	2
1332	1433
1	1428
5	1161
0	801
1	497
3	259
67	381
0	299
0	244
0	225
30	0
0	30
0	30
0	30
1	30
5	30
0	15
1	9
0	9
0	0
0	0
0	0
0	0
0	0
0	0
0	0
241	344
0	317
2	26
37	0
70	0
96	50
0	50
2	32
0	27
0	26
0	14
0	18
0	17
0	6
92	2252
16	1957
99	2198
0	494
0	204
0	719
6	265
0	244
0	239
0	0
0	0
0	0
0	0
0	0
0	0
0	0
0	0
0	0
0	0
0	3
0	3
0	1
0	1
0	8
0	44
0	44
2	14
0	28
0	39
0	0
9	15
1	5
0	10
67	184
0	2
0	86
1	163
0	0
0	0
23	260
0	223
0	71
0	37
70	116
0	5
0	52
0	22
0	41
0	45
5	36
0	51
0	16
524	550
2	550
7	14
0	0
108	10
1	3
0	12
43	0
0	0
0	0
0	0
0	0
0	0
0	0
0	0
245	41
0	2
0	32
0	0
0	8
0	360
3	360
0	68
0	79
0	0
1	262
0	251
0	140
2	0
12	92
0	29
0	5
48	2
0	0
0	0
0	62
1	354
0	198
0	108
12	320
0	43
0	354
0	0
0	3
0	3
0	0
0	7
0	34
0	28
3	7
0	33
0	34
24	11
0	3
8	16
0	7
15	3
0	9
84	138
0	81
10	157
0	139
0	118
2	24
1	134
5	129
0	0
0	1
0	0
0	1
0	43
0	43
0	4
0	6
0	6
0	1
594	391
10	58
2	97
60	198
0	88
0	0
0	0
0	0
0	0
0	0
0	0
59	214
3	382
0	185
10	10
45	184
0	2
0	1
1777	680
2	248
42	252
9	250
0	100
0	164
82	232
0	7196
0	6913
0	5987
0	6273
9	6975
0	6122
3	6786
177	672
87	7
0	1361
0	1115
0	913
8	1381
0	4491
9	475
9	247
22	710
23	139
1	0
4	1433
0	49
10	1234
14	400
71	5
0	239
7	234
0	436
0	391
0	149
3	739
0	261
94	145
0	210
0	43
0	179
0	261
0	0
0	0
0	0
0	0
0	0
0	0
0	0
0	0
0	0
0	0
0	0
0	0
39	174
0	80
0	42
10	142
13	99
0	0
0	0
0	0
661	1013
0	940
2	68
0	664
2	129
0	696
860	692
0	332
0	669
40	751
102	745
2	676
0	172
0	195
2	235
0	2
0	235
0	230
13	228
23	1
6	229
36	230
12	86
79	15
3	230
3	50
0	240
0	303
88	307
0	29
0	61
0	58
1	124
0	245
2	258
3	263
3	36
0	88
4	0
0	0
0	0
0	0
18	219
2	231
6	210
0	206
0	14
4	60
0	40
13	9
3	351
0	351
24	351
0	166
0	0
0	0
0	0
0	5
0	5
0	5
0	0
0	5
0	5
114	2238
38	1011
61	619
4	1443
174	641
1	22
0	311
0	331
0	159
1	92
2	51
34	35
0	50
0	0
0	0
0	0
0	0
0	0
0	0
0	0
0	0
0	0
0	0
0	0
0	0
0	0
0	0
0	25
0	25
2	25
5	56
305	199
6	45
13	36
2	178
6	125
74	271
3	265
0	257
0	247
1	0
0	10
0	10
0	10
0	10
0	0
13	5
0	0
0	0
0	5
0	0
0	0
0	0
32	55
0	55
0	0
0	0
0	0
0	0
0	0
0	0
0	0
4909	341
15	341
45	157
0	70
0	113
5	120
3	57
4	69
5	31
3	65
0	63
32	22
0	0
0	0
0	0
0	0
5	0
3	655
1	655
200	78
4	72
0	52
2	57
3	37
0	29
0	29
0	0
1358	0
0	2
0	2
0	1
0	2
0	0
0	1
0	0
0	0
0	7
0	4
0	7
0	4
0	5
0	0
0	3
0	3
0	0
27750	0
0	0
0	0
14	36
0	36
0	5
0	0
0	0
0	0
0	0
0	0
0	161
0	560
0	15
0	67
0	258
19	224
0	250
0	14
37	131
0	532
28	401
0	370
1	62
0	83
0	0
2	91
122	203
3	180
0	143
1	30
206	220
1	114
0	788
0	1396
0	411
0	94
1	6
13	26
15	366
0	44
144	121
6	129
0	554
0	590
0	65
0	32
124	529
0	486
21	60
0	0
33	0
3	14
1	13
609	363
0	64
0	127
0	119
0	144
0	5
0	11
17	10
520	1323
45	2
74	19
44	316
0	183
1	1214
0	193
2	380
0	0
0	0
0	0
0	0
0	0
0	0
0	0
22	520
0	424
0	524
0	519
0	510
0	448
0	140
7	63
0	65
5	53
40	47
0	26
0	24
0	289
17	2096
0	1498
1	740
1	165
0	95
86	0
0	865
8	799
2	123
0	156
13	64
13	391
2	107
0	1908
0	1923
0	0
0	0
0	0
0	0
0	0
0	0
0	0
0	0
0	0
0	0
0	0
0	0
0	0
0	0
0	0
0	0
0	0
0	0
0	0
0	0
0	0
0	0
12	9
0	5
0	1
0	1
0	1
0	5
0	0
0	0
0	0
0	0
0	0
0	0
0	0
0	0
0	0
0	0
0	0
0	0
0	0
0	0
7	9
0	0
0	0
0	0
0	0
0	0
0	0
0	0
0	0
0	0
0	0
0	0
0	0
0	0
262	1262
3	905
2	489
173	432
2	402
0	119
4	67
1	0
0	0
0	0
0	0
0	0
0	0
0	102
6	102
0	58
1	50
0	45
0	47
0	18
0	4
0	0
0	0
361	543
4	280
1	0
0	0
0	0
0	3
1	3
0	3
3	0
1	41
0	39
0	41
1	2
0	9
0	9
0	0
0	3
0	5
0	5
0	0
0	0
0	0
15	129
10	131
0	21
1	48
4	40
0	34
4	16
2	22
0	210
0	188
0	55
1	65
0	114
6	108
0	49
96	125
0	113
0	68
0	39
13	1
0	1
0	0
0	0
0	0
0	98
0	73
2	91
0	98
2	80
0	57
7	33
7	12
0	0
0	0
0	0
0	146
0	166
5	176
118	171
0	58
206	1446
48	1298
2	419
24	103
0	49
9	974
27	171
0	275
8	1
0	0
480	38
0	38
4	96
2	78
0	31
0	0
0	0
0	0
0	0
0	0
0	0
0	0
3	394
2	352
2	196
1	308
1	6
0	0
0	0
0	1
0	1
0	4
0	0
0	6
0	0
0	1
0	0
0	1
1	0
0	0
0	50
127	163
0	140
79	42
930	2758
0	189
0	279
44	190
4	30
1	2070
13	158
0	352
0	0
0	0
0	0
0	0
0	0
0	0
0	0
1	532
5	513
0	532
1	510
36	65
0	16
1	63
0	0
0	0
204	662
9	647
15	554
0	83
0	112
3	108
0	103
0	19
0	15
0	0
0	0
0	0
0	0
0	0
0	0
557	875
0	875
88	448
0	365
11	305
0	0
58	446
0	445
0	243
0	149
0	203
7	192
0	11
205	297
12	84
7	47
0	70
0	39
4	31
68	57
0	0
0	0
0	0
0	0
0	0
0	0
0	0
2	149
2	56
0	78
0	4
0	126
1	209
4	196
19	119
0	196
0	0
0	0
0	0
25	27
0	10
128	162
0	142
28	162
4	140
0	0
0	0
0	0
0	0
0	0
0	0
0	0
0	38
0	18
0	0
1	0
0	0
0	0
0	0
0	0
0	0
0	0
0	74
249	1177
0	1107
0	145
102	253
10	874
0	880
0	893
0	92
0	73
55	616
1	8
22	253
6	74
0	60
4	104
0	0
0	0
0	0
0	0
202	131
0	928
0	773
25	850
0	125
0	251
0	97
6	486
0	159
3	49
3	22
9	23
2	5
0	19
0	9
121	78
0	12
0	23
0	37
0	0
0	0
0	0
0	0
0	0
0	0
0	0
0	0
0	0
0	0
0	0
0	0
0	0
0	0
0	0
0	0
0	1
0	0
0	0
0	0
0	0
0	1
0	0
0	0
7	0
0	0
112	46
0	17
2	29
0	1503
0	75
10	183
3	329
91	1358
0	1154
3	396
0	148
5	72
3	74
0	20
0	1
0	1
0	1
0	0
0	57
0	57
4	350
0	311
4	65
93	197
12	115
39	174
0	0
0	0
1	591
4	0
0	0
0	0
0	0
0	0
0	0
0	0
0	0
2	23
0	14
0	20
4	0
16	2175
0	1996
1	715
10	514
0	0
0	0
0	0
0	0
0	0
0	498
2	29
2	498
4	498
23	20
0	0
0	0
0	0
0	0
0	0
0	0
0	574
0	0
9	75
5	75
6	66
0	66
0	17
3	0
0	58
0	441
4	15
0	378
2	433
9	43
30	31
2	57
0	0
0	34
0	28
0	6
0	8
0	1
2	4
0	0
766	1105
0	703
0	65
0	94
0	86
0	59
1	61
1	18
0	1063
0	0
0	0
0	0
0	0
0	0
0	0
0	0
51	18
0	14
1	1
0	1
0	0
0	1
0	4
0	0
0	0
0	0
0	37
0	3
0	8
0	39
0	37
0	1
0	37
70	154
0	154
0	41
0	0
395	543
34	547
7	157
0	244
0	266
2	232
0	188
29	114
3	102
0	55
0	365
2	83
0	361
5	329
0	274
0	317
8	267
1	357
0	7
1	128
0	22
0	72
2	54
0	81
404	791
0	177
0	64
4	99
4	576
8	60
10	103
0	99
7	103
197	271
13	76
10	205
13	201
5	42
0	0
0	10
0	12
0	12
0	16
0	12
0	10
0	12
1	16
0	0
0	1
0	10
0	2
0	12
0	0
0	0
0	0
0	0
0	0
0	0
0	0
144	497
12	0
0	497
0	0
0	0
0	0
0	0
0	0
0	0
0	0
0	1
39	40
0	5
0	85
0	85
19	737
1779	1241
10	409
19	0
0	20
17	5
77	155
39	349
31	594
3	594
0	525
0	130
0	0
0	0
0	0
0	0
5	0
0	0
0	0
0	85
0	84
0	4
0	4
0	6
0	20
4	3
0	17
0	1
0	7
0	6
0	14
0	20
0	17
0	8
0	25
0	32
0	29
0	14
0	3
0	1
0	1
0	19
71	69
0	0
0	0
0	0
73	99
7	69
27	99
2	66
0	21
0	317
0	0
0	0
26	0
1	0
0	0
0	0
0	0
23	766
2	733
0	0
0	0
0	0
158	26
302	31
173	195
4	10
0	3
0	0
0	0
1	17
20	17
0	11
0	14
10	660
0	660
20	88
1	131
4	112
0	0
0	0
0	0
0	0
0	0
0	0
0	0
7	36
4	35
14	7
0	6
0	26
0	21
0	0
0	0
0	0
0	0
0	0
0	0
0	0
0	0
0	0
335	3343
23	3338
5	3124
0	0
0	0
0	0
0	0
20	0
4	967
2	3090
2	431
1	113
92	23
1	232
0	798
13	94
4	3055
0	0
0	4
0	4
3	0
0	0
0	0
0	20
0	20
0	19
0	11
223	0
0	0
7	152
10	739
0	273
2	10
0	739
14	1
2	1
0	0
2	695
1	292
0	193
0	234
0	446
0	1
0	1
0	305
1	295
0	295
0	82
3	33
0	48
1	317
136	447
0	323
0	154
0	147
0	331
0	279
73	120
1	7
2	78
0	8
37	16
28	77
0	18
13	1
0	0
0	0
0	4
0	1
0	52
3	55
0	9
197	632
0	629
0	570
4	570
5	266
46	222
22	195
24	195
0	0
0	0
0	0
0	0
0	0
0	0
0	0
0	0
0	0
0	0
0	0
0	0
0	0
0	0
0	1
0	1
0	1
0	0
238	442
35	412
24	422
10	374
3	84
14	18
51	78
0	25
408	71
0	7
0	0
1	0
0	0
0	0
0	0
0	47
15	0
150	147
0	32
0	32
1	76
0	65
6	6
5	65
0	0
0	0
0	0
0	1602
2	275
1	1196
0	63
2	77
0	257
0	411
0	0
0	0
0	0
0	0
56	586
0	36
0	565
0	94
19	101
0	119
0	563
7	297
0	35
2	524
0	493
6	61
1	47
18	138
3	38
0	44
0	0
0	0
0	0
0	1
0	1
0	1
0	1
0	0
0	0
0	1
0	0
0	0
0	0
40	219
4	219
0	96
90	2
1	392
11	350
0	401
17	338
0	35
0	0
1	0
0	0
0	0
0	1
0	1
0	0
0	0
0	0
131	748
2	219
25	539
0	167
1	55
0	0
0	5
0	5
0	1
0	1
5	772
0	1154
0	1160
6	1127
5	51
3	115
0	76
135	76
0	0
0	0
0	0
0	0
3	0
0	0
349	0
420	88
0	82
0	6
11	1845
12	273
0	303
6	1800
0	65
5	1718
21	1
0	1820
0	1630
0	1542
0	1071
0	86
0	64
0	299
0	1777
1	1117
6	1240
55	123
0	0
3	489
4	488
0	488
0	489
3	81
3	73
0	7
0	8
218	369
1	180
6	111
0	138
0	0
0	0
0	0
0	0
345	106
1	66
6	72
0	0
256	540
5	533
0	74
15	121
1	15
262	373
2	368
0	93
6	53
0	7
4	52
0	15
0	33
3	17
0	16
616	6001
3	336
53	3183
0	1173
0	5567
0	714
10	1003
23	475
16	898
19	214
0	260
0	259
0	0
0	0
0	3
0	0
0	0
0	0
0	0
0	0
0	0
0	3
0	3
0	3
0	0
0	0
0	0
1	2
1	2
0	0
0	0
0	0
0	0
0	0
2	913
0	920
0	899
0	54
4	38
0	22
0	46
6	1
1	5
0	9
0	9
0	7
0	66
0	1
0	6
0	66
2	9
0	2
8	7
0	17
104	159
7	159
6	47
0	46
6	90
1	0
0	0
0	0
0	0
0	0
0	0
4	1
0	1
0	1
299	464
3	447
0	307
0	176
0	165
4	161
0	157
1	164
0	123
0	122
1	23
1163	279
3	62
3	217
12	99
0	35
0	15
198	520
6	221
0	123
0	105
0	65
79	25
0	0
0	520
0	16
3	16
13	3
369	927
4	917
41	182
0	3
1	17
3	92
1	83
0	0
0	0
0	0
0	0
0	0
0	0
0	0
0	0
5	1
9	1
0	0
0	0
0	0
0	0
0	0
0	0
107	1181
1	697
0	1167
3	93
3	260
20	117
31	60
1	2
0	0
0	2
0	0
4	0
1	0
3	2
0	2
0	0
0	99
0	0
522	969
2	152
0	45
0	969
2	786
2	969
0	0
0	0
0	0
0	2
0	0
0	0
0	1
0	2
0	0
1477	309
9	309
14	194
1	66
0	0
0	0
0	0
0	0
0	0
0	0
0	0
857	243
22	179
0	2414
0	1683
0	238
27	102
35	36
37	462
5	204
0	173
0	0
0	2220
189	278
5	278
15	13
11	2
0	2
3	22
2	23
0	5
60	177
14	41
0	142
0	0
0	0
3	0
0	5
0	5
0	0
0	2
0	0
0	2
0	0
0	78
0	0
2	0
0	14
6	1
0	5
0	7
0	2
0	0
0	2
0	26
1	2
1	8
0	78
2068	501
0	113
0	388
94	67
0	0
0	0
0	0
0	0
0	0
0	0
0	0
0	0
0	0
0	0
0	0
0	0
0	0
0	93
0	56
0	52
0	106
0	32
9	22
1	6
0	71
0	53
7	12
0	22
68	576
1	476
1	448
41	50
0	275
0	181
2	263
0	174
0	171
444	54
61	54
25	576
0	402
4	109
98	249
0	318
0	460
1	76
0	83
0	51
0	29
0	0
32	24
0	11
0	0
0	8
1	6
0	0
0	0
0	0
0	0
0	0
0	0
0	0
0	0
0	0
0	0
0	0
0	0
0	0
0	0
0	0
0	0
0	0
0	0
0	0
0	0
0	0
0	8
4	10
0	4
0	0
0	0
0	0
0	0
0	0
0	0
0	0
0	0
0	0
0	0
2	310
0	281
83	314
0	0
601	337
0	295
0	56
2	239
0	165
4	26
28	36
29	8
0	39
1	1
0	1
0	1
0	1
0	0
0	0
0	0
0	0
0	0
0	0
0	0
0	0
0	0
0	0
0	0
2	40
39	40
1	0
0	0
0	0
0	0
0	0
0	24
129	89
0	79
0	0
0	0
0	0
0	0
0	0
0	0
0	0
0	0
0	0
0	0
0	0
0	0
175	98
10	20
1	93
1	9
1	5
1	100
0	100
3	99
17	62
0	58
0	0
0	0
0	0
0	0
0	0
0	0
148	116
1	104
1	12
0	0
0	0
0	0
0	0
0	0
14	288
0	259
0	109
0	667
440	715
0	558
2	424
0	0
0	0
12	23
46	23
20	3
38	12
0	0
1	23
0	19
0	1
0	1
0	0
0	0
0	0
0	0
0	0
0	0
0	0
0	0
0	0
0	0
0	0
0	0
0	0
0	0
42	88
0	70
3	29
0	187
0	214
0	138
93	123
0	172
0	55
0	82
22	122
4	13
0	56
6	43
7	25
3	16
0	169
0	0
0	0
0	0
29	0
1	24
0	24
0	24
1	0
0	1
9	0
18	13
0	0
0	0
0	13
1	179
0	0
1	106
0	160
0	163
0	106
108	179
9	671
27	222
2	72
0	165
1	320
6	2515
3	2514
0	2646
0	2654
0	2674
14	669
0	139
0	225
3	175
0	1702
6	237
4	367
0	228
4	341
2	242
77	51
0	30
0	23
352	41
1	50
6	75
3	77
0	235
0	211
0	30
1	66
0	0
3	66
0	64
0	66
0	0
0	0
68	459
25	114
0	183
3	327
1	85
1	31
0	185
621	56
0	56
12	2
1	2
0	63
3	64
0	15
0	5
9	306
0	214
1	1
0	97
5	7
3	156
0	604
1	381
0	543
2	549
0	8
0	11
61	1
16	38
0	22
0	580
1	0
3	438
0	409
0	15
1	146
1	16
0	0
0	0
0	0
0	0
0	0
5	56
0	54
0	3
5	8
0	6
0	50
0	12
0	4
0	6
0	4
2	4
0	3
0	0
0	0
0	0
0	0
0	0
0	0
0	0
0	0
0	0
8	720
0	767
32	311
0	765
6	78
6	50
0	199
13	189
0	245
0	224
6	91
0	0
0	0
0	0
0	251
10	198
0	226
0	179
0	93
0	33
0	194
0	20
0	148
0	80
5	94
1	108
0	243
0	0
0	0
0	0
0	0
0	0
0	0
0	0
1343	2436
5	17
53	707
13	163
0	1611
32	1310
19	939
0	0
0	0
0	0
0	57
0	144
0	147
0	123
0	141
39	34
0	48
0	42
1	26
0	40
7	46
0	26
11	20
0	1
0	1
0	0
0	0
0	0
0	0
0	0
0	0
344	1061
2	1061
0	0
0	44
0	45
3	3
6	16
3	13
0	42
0	4
1	68
0	67
1	36
2	21
0	25
0	0
0	0
8	2039
34	2079
8	2035
0	1336
0	0
0	0
0	0
0	0
0	5
0	5
0	0
0	5
0	0
0	0
673	137
7	137
0	332
254	784
12	0
0	256
0	462
3	259
0	0
157	54
7	54
13	46
2	47
1	2
7	16
0	16
0	2
0	24
3	80
0	79
0	4
3	30
1	23
0	31
0	4
1	5
2	9
0	380
0	423
0	167
5	40
2	67
0	81
0	169
0	148
0	9
0	87
4	127
0	0
0	48
1	50
4	5
1	0
0	6
0	8
0	8
0	11
0	15
0	15
0	25
0	25
0	3
0	5
0	0
0	0
0	0
0	0
0	0
0	0
0	0
124	204
0	92
5	75
0	96
0	76
0	56
0	18
37	23
0	0
0	0
0	0
8	7
0	7
0	0
0	34
43	1121
0	154
19	1121
41	180
0	150
37	1
1	42
0	103
7	52
170	169
0	365
14	0
1	0
0	0
0	0
0	24
0	19
0	1
0	0
0	16
0	6
1	0
0	0
0	1
0	0
0	0
0	24
0	0
0	0
0	0
0	0
0	0
0	0
9	0
0	0
0	0
0	0
0	0
0	0
0	0
0	0
0	0
72	23
0	23
0	4
11	14
0	4
0	5
0	4
20	0
2	772
2	780
0	763
0	79
0	27
5	24
0	19
4	17
1	21
0	19
1	15
2	19
0	17
0	0
0	0
0	0
30	106
0	335
0	327
0	330
13	328
3	328
0	6
8	53
0	225
0	80
0	3
0	0
0	0
0	3
706	196
8	186
0	0
0	0
0	0
0	0
73	106
0	0
0	438
13	438
0	147
0	35
0	17
0	34
1	6047
8	6047
4	6082
25	4178
4	6019
2	4747
26	2989
0	4656
0	0
0	0
0	0
0	0
0	0
0	0
2	524
0	0
0	1
0	0
0	0
0	0
0	1
0	0
193	83
1	65
0	82
3	48
0	18
0	8
0	0
0	0
0	0
0	0
0	0
584	418
6	358
5	60
0	0
0	271
4	121
0	43
1	128
0	169
0	6
0	6
1	384
44	432
25	12
0	353
16	92
0	0
0	0
2	0
0	0
19	444
0	128
0	135
5	113
1	91
1	231
0	175
0	0
0	103
0	68
1	312
0	312
0	271
0	101
0	284
0	271
0	128
3	198
0	118
3	155
0	150
27	32
3	141
0	48
0	0
0	0
0	0
0	0
0	0
0	0
0	1
0	1
0	0
0	0
220	65
5	25
20	40
0	0
0	0
0	0
1	4
0	6
0	8
0	0
0	3
0	3
0	5
1	1
0	0
0	0
36	1305
0	1179
1	582
0	703
883	294
8	290
0	119
0	110
1	14
4	20
187	678
12	148
0	461
4	519
6	239
93	528
0	528
0	0
0	0
0	253
8	230
0	0
0	0
356	823
0	119
30	672
1	32
0	142
0	90
0	0
0	0
0	0
0	0
0	0
95	654
6	188
1	301
0	216
14	516
8	163
0	127
1	0
40	121
50	172
6	85
0	123
1	62
3	66
0	5727
0	2491
119	346
0	343
1	114
0	112
3	111
0	10
10	5
0	0
0	0
0	0
0	838
0	250
0	171
0	170
22	0
0	838
132	218
2	167
2	23
7	15
8	218
0	0
0	0
0	15
0	15
0	14
0	4
0	4
0	0
0	0
0	0
0	0
0	0
0	179
0	66
0	138
1	0
10	45
2	79
0	77
1	4
79	24
0	0
0	0
0	0
0	0
0	0
0	0
0	0
0	0
5	114
3	282
0	74
3	265
0	38
0	63
37	84
0	82
1	19
0	49
0	38
3	13
9	221
2	11
1	56
0	56
4	27
5	47
0	2
0	11
0	56
0	319
0	336
0	99
0	317
1	264
3	132
0	61
9	0
0	348
0	335
0	336
0	0
0	371
18	391
9	304
1	391
0	155
0	58
0	289
0	0
0	794
0	1045
0	673
0	1031
0	1044
4	23
14	549
14	253
0	154
0	148
0	71
2	104
0	1050
24	0
32	1
0	0
0	0
0	0
2	1
0	0
0	0
1946	209
1	83
0	245
0	248
6	248
0	27
0	254
0	249
33	68
1	68
0	36
0	0
39	590
0	617
12	604
18	220
186	0
440	197
0	105
7	57
0	53
16	78
3	29
0	0
0	0
107	0
0	0
7	9
0	8
5	1
2	0
215	0
0	0
0	0
0	0
0	0
0	0
19	80
2	80
0	1
0	1
0	0
0	0
0	0
0	0
0	62
0	79
4	79
0	0
0	0
0	0
0	121
0	134
0	422
0	426
0	448
3	398
42	100
53	28
0	0
0	0
913	3163
0	3010
179	26
11	71
3	852
0	1365
0	1687
25	1687
0	117
4	77
0	11
1	146
0	93
0	32
2	10
1	44
0	110
0	49
2	5
3	23
0	96
1	14
4	58
1	7
1	51
0	0
27	627
11	595
0	56
1	139
0	42
50	210
15	210
0	16
0	0
0	36
0	20
1	1
0	6
0	36
0	0
0	0
0	0
0	20
594	154
1	49
0	31
0	3
1	80
9	22
9	443
0	208
0	84
2	0
25	945
2	945
1	365
0	223
2	40
1	135
0	225
20	10
0	48
127	16
7	11
0	8
4	2
0	3
0	0
0	0
0	29
0	29
15	7
0	3
1	4
2	843
7	870
1	870
0	845
0	101
0	68
2	202
11	78
0	177
1	90
1	193
2	189
142	220
2	9
0	9
0	21
0	25
1	45
0	46
0	2
0	3
0	3
0	2
0	3
0	3
0	0
0	1
0	0
0	24
0	25
0	31
0	10
2	29
0	1
0	10
0	0
6	1
1	1
0	59
12	2235
1	110
14	809
67	13722
11	1615
12	2402
1	187
0	230
39	634
0	2408
0	13491
0	3750
2	360
0	196
32	306
6	102
8	255
6	186
2	403
16	163
0	0
0	0
122	350
0	247
3	125
3	68
0	0
0	1
2	12
0	0
0	0
5	3
0	8
0	342
132	97
11	64
0	10
0	95
102	14
0	0
0	13
8	1
0	1861
136	1858
0	45
0	178
0	440
22	210
2	163
11	66
0	0
0	0
0	0
0	319
0	255
321	4
0	285
48	319
0	11
0	294
0	37
19	194
1	121
42	1043
0	1056
0	1068
0	960
0	748
1	405
0	165
14	263
0	16
1	0
670	5
0	0
0	0
0	0
0	0
0	0
0	0
0	0
0	0
0	0
0	104
9	104
0	63
0	3
19	3
178	1023
0	1004
0	191
33	847
0	237
0	80
0	107
0	503
2	383
12	259
0	227
0	110
84	137
5	63
4	46
0	63
5	2
0	87
0	100
13	100
0	77
2	20
0	1154
0	1064
2	0
4	1154
1	0
1	1088
0	1154
0	89
14	473
18	0
9	119
0	0
0	1571
0	1
0	1328
32	885
0	703
93	735
54	886
0	471
0	74
8	576
600	811
5	43
0	170
23	103
0	113
0	16
0	0
12	200
399	200
0	2
0	0
0	0
0	29
0	1
0	27
0	0
2	1
0	1
0	0
0	27
0	0
554	0
0	1
0	1
0	1
0	0
0	287
0	220
1	83
0	91
0	0
0	0
0	0
1	0
12	5962
48	5938
1	364
2	1014
8	754
4	509
0	0
0	0
0	0
0	0
0	0
0	0
0	0
0	0
0	0
0	0
0	0
0	0
0	0
0	0
0	0
2	655
3	655
8	654
0	624
0	189
0	291
0	182
0	196
1	157
0	563
0	0
0	0
0	0
0	0
57	711
0	515
0	699
2	86
96	0
0	0
0	0
19	174
6	134
0	24
0	1591
0	188
0	151
0	1597
0	1573
0	1593
0	1594
0	1596
0	0
0	0
0	0
0	23
10	90
0	89
0	78
4	45
2	2
10	0
112	53
1	1
1	22
1	11
0	40
0	0
0	28
0	23
1	0
0	0
1	138
0	28
85	168
0	168
90	499
37	11
0	11
16	39
0	34
0	23
0	58
0	499
2	0
0	0
0	0
0	0
28	107
0	92
0	18
0	0
0	0
0	0
0	0
0	0
0	0
0	0
0	0
16	2
2	2
12	1138
10	2
3	392
0	720
0	599
2	674
0	639
11	627
0	634
1	461
7	0
2	520
70	467
0	677
0	28
10	28
0	6
0	15
9	13
12	8
59	95
0	101
0	56
8	71
0	0
0	0
0	0
0	0
0	0
0	0
0	0
0	123
11	16
0	15
0	5
0	50
3	61
0	118
2	0
0	0
102	881
1	881
0	107
1	209
2	402
101	329
2	363
0	231
9	319
0	7
1	6
0	5
0	1
26	581
442	1572
21	584
0	137
0	99
0	80
17	177
14	32
0	305
15	503
0	336
11	228
0	112
0	38
0	29
17	32
21	660
14	333
0	660
342	556
2	498
14	67
2	79
1	3
0	0
0	0
0	0
286	0
0	0
0	0
0	0
0	0
0	29
0	28
0	0
0	1
0	0
0	1
0	4
0	4
0	13
0	0
0	1
0	0
0	0
0	1
3	1103
0	789
0	1015
0	81
0	89
1	243
1	201
0	2
0	255
0	259
83	262
0	88
10	8
18	42
0	11
0	11
0	0
0	0
0	0
0	0
0	0
0	0
2	0
0	0
0	0
0	0
0	18
4	0
0	0
0	0
0	0
0	0
4	0
0	179
0	80
0	0
0	0
0	0
0	0
0	1
0	1
0	0
5	57
0	59
0	14
0	13
0	8
0	0
0	0
252	1311
0	1064
0	729
0	267
4	100
33	278
0	85
2	193
424	51
0	51
45	0
0	0
4	7
0	50
0	57
0	58
0	261
1	246
0	96
0	13
0	246
3013	454
6	262
14	192
0	0
0	0
0	0
29	158
0	143
1	50
61	56
8	1
1	18
0	23
3	7
245	0
0	0
0	0
0	0
0	85
3	86
0	48
0	49
0	18
7	6
0	4
0	1
10	0
0	0
0	0
0	3
0	0
0	3
0	0
0	0
496	49
91	49
2	664
0	673
0	632
0	594
12	405
0	449
4	26
12	61
0	471
0	477
0	268
1	75
0	88
0	0
0	0
1072	502
7	502
0	1
0	1
0	0
0	693
2	127
0	87
22	689
5	64
1	141
0	0
0	0
1	0
0	0
0	0
0	0
0	0
0	0
0	0
0	0
0	0
144	236
5	69
1	150
0	12
24	59
0	0
21	1725
0	1463
0	1403
3	66
26	102
21	86
31	6
0	84
47	55
0	1770
0	0
0	0
0	0
0	0
0	356
0	192
3	1772
2	1318
2	916
0	1452
28	1442
7	1500
0	621
0	386
0	226
1	130
0	188
3	43
37	102
5	223
5	217
0	1617
505	1818
21	399
2	402
10	174
20	232
0	591
7	348
1	379
1	221
25	0
0	0
0	0
0	0
0	0
0	0
285	73
0	73
870	182
2	148
0	69
0	107
0	0
0	0
0	0
0	0
0	0
0	0
1439	953
74	46
0	813
0	813
0	38
20	115
0	45
0	115
6	12
0	19
4	11
0	14
79	0
0	7
3	5
0	0
0	1
0	1
2	7
0	0
0	3
1	0
1	6
0	6
0	0
0	0
6	343
3	343
0	158
72	4
0	4
48	1204
0	1322
0	1244
2	702
0	151
3	254
0	261
4	415
6	154
0	0
0	0
0	7
0	353
0	74
0	358
365	297
0	103
462	1199
0	106
1	675
1	0
0	0
0	0
0	0
2	232
4	190
4	203
14	109
50	98
0	41
8	12
1	7
16	12
0	0
0	3
5	221
0	71
0	219
2	2
0	219
0	574
0	252
0	195
10	574
3	441
0	96
1	40
0	1337
1	1341
21	1336
74	0
13	22
39	4
0	41
0	196
16	191
0	175
0	8
0	163
0	163
0	154
0	15
0	0
0	0
0	94
0	94
0	94
0	93
0	80
627	306
1	186
0	164
0	7
0	16
0	46
1	7
0	4
0	48
1	41
0	0
0	0
0	0
0	0
0	0
0	0
0	771
0	748
3	739
6	21
0	58
9	255
5	10
9	476
2	51
0	403
7	42
2	252
0	143
0	102
0	1
0	1
0	0
0	0
0	0
0	0
0	0
101	524
2	55
0	515
1	319
0	59
0	28
0	465
0	970
0	998
5	960
251	1048
38	0
0	67
0	73
0	46
0	6
83	159
18	110
11	403
0	0
0	0
0	0
3	1078
0	1611
16	66
3	1582
0	165
6	12
0	54
0	167
0	0
0	0
0	0
13	530
0	184
4	472
0	304
0	178
0	233
0	260
0	87
2	151
3	151
94	0
3	1364
0	1124
0	628
6	1301
133	842
60	42
0	492
0	1123
0	0
0	0
70	155
4	154
168	0
0	909
6	909
37	909
45	565
0	610
1	611
11	83
0	75
2	6
0	8
11	123
1696	272
0	166
1	109
8	71
0	69
0	43
0	45
0	0
0	0
0	0
0	0
0	0
0	0
0	0
0	0
0	0
0	0
0	0
89	45
45	39
364	169
0	200
47	61
4	39
101	31
0	0
0	0
0	505
2	77
5	497
18	79
204	357
1	255
3	32
0	72
46	4
27	0
11	60
0	30
0	25
0	32
0	32
0	344
0	0
0	0
0	806
0	878
8	849
0	695
2	139
0	151
1	117
1	71
1	63
0	65
15	25
0	891
0	0
0	0
0	130
5	129
11	1
0	127
0	19
111	19
12	48
4	553
0	559
11	553
20	41
0	503
0	0
0	0
0	0
0	0
0	0
0	30
138	30
3	30
0	0
27	379
2	379
6	290
4	115
8	33
56	1
0	0
0	0
0	0
3	0
0	77
0	73
2	75
3	6
0	3
0	3
87	862
27	928
0	454
0	389
26	28
38	537
8	56
1	173
0	159
0	0
527	153
0	153
19	113
0	6
0	0
0	6
0	0
164	25
13	25
42	8
0	7
99	37
1	8
10	4
0	26
1	0
0	2
0	2
0	2
0	2
0	0
0	0
0	0
0	0
0	0
0	0
0	0
0	2
0	0
0	0
0	0
0	19
0	25
0	0
0	0
1	19
0	12
0	20
4	16
0	20
0	10
0	25
0	0
0	0
0	3
0	3
0	0
0	6
0	0
0	6
1557	89
0	89
0	0
0	0
0	0
0	0
0	13
0	13
0	0
0	0
0	0
0	0
0	0
0	0
0	0
0	0
0	0
313	0
0	0
0	0
0	0
0	0
0	0
0	0
0	0
0	0
0	0
0	0
0	0
0	0
0	0
0	0
0	0
0	1
0	0
0	1
0	0
45	354
10	114
3	315
11	52
0	45
7	150
0	0
0	0
0	0
0	0
0	0
7	1
0	1
0	0
0	0
0	0
10	0
0	0
1	0
1	0
295	1724
1	958
50	0
4	816
24	0
71	16
0	449
58	26
11	510
0	88
27	0
5	89
16	286
1	25
26	121
71	67
0	0
0	3202
6	3196
0	3208
1	456
4	46
12	152
13	484
3	1
0	1
0	0
0	0
0	21
0	1168
0	1126
0	1117
6	292
2	502
0	672
1	505
0	676
0	634
2	130
0	93
0	80
8	72
0	76
30	49
0	75
0	21
62	52
0	6
323	17
0	17
0	0
0	0
0	0
0	0
0	0
0	0
0	0
0	0
0	0
0	0
0	0
0	0
4	0
3	384
2	45
0	30
0	159
5	379
831	942
2	357
1	757
1	450
22	318
0	227
0	47
0	0
0	0
0	0
0	0
1	0
0	0
0	0
0	0
0	0
81	181
0	162
128	19
0	0
0	0
0	0
0	0
0	0
0	0
13	31
0	31
0	7
0	15
0	12
2	20
0	20
0	31
1	0
0	0
1	0
1	284
0	265
1	517
49	238
0	548
52	172
0	548
0	158
0	165
8	31
0	19
0	26
0	12
0	0
0	0
0	0
0	0
0	0
0	0
0	0
16	116
300	1253
138	299
1	247
0	205
146	871
6	6
2	6
0	0
0	0
0	0
0	0
0	0
0	55
0	49
2	34
0	25
0	25
0	8
0	25
0	25
0	9
0	10
0	7
0	2
1	0
0	9
1	7
17	0
2	5
3	131
1	322
3	330
0	118
43	38
1	10
0	118
0	65
1	82
0	72
0	42
0	0
15	244
0	721
6	192
0	237
0	709
0	709
0	0
0	0
0	0
0	0
0	0
8	432
0	444
2	435
1	73
0	427
0	75
13	14
0	0
2	0
0	0
0	0
0	0
0	0
0	0
0	0
0	0
0	0
3	28
0	28
0	0
0	0
0	0
302	325
0	0
0	55
9	324
0	28
0	98
2	77
5	90
3	1384
22	1061
0	1435
0	1114
0	113
38	615
0	179
8	46
104	116
11	1
0	1
0	0
0	0
0	0
0	0
0	1
0	1
0	1
3	75
4	75
0	0
2	12
0	12
1	12
1	309
2	282
0	29
272	17
0	17
22	219
0	281
0	42
0	254
0	0
0	0
0	0
0	0
0	0
0	4
0	0
0	0
0	0
0	0
0	0
0	0
0	0
0	0
0	0
39	308
0	4
12	308
4	0
0	73
3	0
0	38
0	18
0	542
0	202
0	56
0	542
41	2
0	2
0	2
0	0
0	0
0	0
49	543
172	1028
0	734
6	477
2	213
2	243
0	0
0	0
40	749
0	743
11	358
11	34
14	35
0	0
0	0
0	0
0	0
0	5
0	5
0	5
141	320
0	291
0	253
94	0
1	24
0	71
8	2070
12	2070
1	592
0	8
0	1
0	8
329	214
7	184
0	187
0	184
2	94
0	214
0	0
0	0
0	0
0	0
0	0
1	0
0	10
0	10
0	2
0	2
0	13
0	12
0	12
0	12
0	14
0	0
0	2
0	0
0	0
0	0
0	12
0	14
0	10128
1	10158
7	9624
2	9616
0	9621
134	0
3	33862
282	24447
0	9839
34	12654
17	2908
0	7034
0	31670
0	4804
1	4899
0	2684
139	332
0	263
67	30
0	60
0	28
319	2740
3	2214
1	142
6	54
9	47
1	124
6	69
0	40
6	49
8	44
0	29
1	42
0	30
0	19
0	0
111	6
0	6
0	0
0	0
0	451
0	433
0	140
15	380
16	441
1	70
32	0
4	36
0	0
0	0
0	0
0	0
0	0
0	0
0	0
0	0
5	0
1	0
6	1669
0	1672
0	0
0	0
0	433
666	1000
99	485
0	227
0	932
0	444
1	427
0	0
0	0
102	278
2	154
0	48
3	50
9	110
4	93
0	12
0	0
0	0
0	0
0	0
4	57
36	57
0	0
0	0
0	0
0	0
0	0
162	57
4	4
1	1
1	53
4	45
0	0
0	0
0	0
0	0
0	0
0	0
0	2322
0	2215
3	288
0	2121
0	444
0	2215
0	111
86	53
2	396
0	767
1	754
0	167
8	200
0	176
126	167
0	1
0	0
0	0
0	0
72	162
0	27
0	27
0	44
0	87
0	80
72	57
0	2061
282	2061
2	903
30	1552
10	1552
0	0
0	0
0	0
8	5
0	0
0	5
0	0
0	0
0	2
0	2
0	1
0	1
0	0
2	0
0	0
0	0
28	436
24	220
3	383
16	198
167	401
0	271
1	35
21	19
0	16
0	14
0	2
0	0
0	0
0	0
9	361
1	356
0	41
1	34
0	29
0	44
0	101
0	39
0	59
1	34
135	68
0	39
49	24
1	19
0	22
2	60
0	13
0	13
1	38
0	6
152	181
0	120
0	181
5	43
12	0
28	21
31	88
0	104
1	43
5	64
0	0
0	0
0	0
0	0
0	0
0	3639
0	3639
0	2200
20	3635
92	762
0	1300
486	733
0	544
72	274
4	19
4	209
0	207
0	108
18	68
1	128
6	10
581	226
5	4
3	8
0	9
1	34
2	134
6	99
0	0
0	0
0	0
0	0
0	0
0	206
1	407
2	15
0	47
1	513
1	438
13	712
0	175
3	39
0	111
0	708
23	255
0	255
0	35
0	0
0	0
0	0
10	10
0	9
0	1
0	2
0	0
0	1
0	6
0	2
8	65
103	139
1	112
1	12
0	49
0	35
6	18
43	908
6	216
2	744
0	401
0	483
3	781
0	362
0	339
0	263
1	153
10	72
0	0
1	1
0	0
0	0
0	0
0	0
3	125
0	125
0	88
0	3
0	0
0	124
3	4
6	17
0	17
0	0
0	1
0	1
0	1
0	1
0	0
0	0
0	0
0	0
1	0
1480	581
1	514
24	96
71	13
0	13
0	0
0	0
0	0
0	0
0	0
0	1
0	0
0	0
0	0
0	108
18	676
78	730
9	173
0	220
0	0
2	230
0	218
0	30
20	79
0	89
0	0
0	0
0	0
0	0
0	0
0	1360
2	2484
2	1501
3	2723
0	148
0	847
0	1175
159	2717
0	391
0	1187
859	191
0	2727
2	2456
3	503
65	192
31	1389
0	0
0	0
0	0
0	0
4	1258
0	1091
11	201
0	172
0	409
0	457
0	159
16	0
2	0
0	0
0	0
0	0
7	87
6	77
0	41
0	67
0	21
0	4
0	4
0	0
0	0
8	315
0	318
6	2
0	5
0	64
5	27
19	0
0	1
0	0
0	0
0	0
34521	11012
25	3685
11	5335
1	0
0	0
0	0
0	0
0	0
0	0
0	0
0	0
0	0
0	0
0	0
0	0
0	0
0	0
0	0
0	0
4	0
0	0
0	0
0	0
0	0
0	0
0	0
0	0
0	1
0	0
1	0
0	0
0	1
0	1
8	438
113	7
13	38
0	130
0	392
0	173
0	219
11	12
1	76
5	7
0	32
0	32
0	0
0	3
5	3
1	89
6	100
0	353
32	20
0	100
0	96
24	108
4	53
0	18
29	44
0	14
0	25
0	349
2188	9
0	9
0	0
0	46
2010	46
2	0
0	0
0	0
2	0
67	13
0	0
0	0
0	0
0	0
0	0
0	0
0	0
0	0
0	0
0	0
0	0
1	0
0	0
0	0
0	0
0	0
0	0
0	0
1	0
22	70
0	77
0	293
13	101
0	109
0	77
0	21
0	20
0	10
1	2
7	20
0	20
0	1
1	8
12	0
1	12
20	12
47	22
0	22
0	787
0	786
11	75
1	146
1	745
0	1
0	1
0	0
0	1
0	1
0	1
0	1
0	0
2	0
0	2
0	2
1	0
0	0
0	1
0	1
0	1
0	1
0	1
0	1
0	1
0	1
0	0
1	0
0	0
4	320
8	330
0	305
0	0
0	0
0	0
0	0
0	0
0	0
0	0
0	0
0	0
0	0
0	0
0	0
0	2
1	0
0	0
0	0
0	0
1	140
1	140
2	128
2	139
0	139
2	22
0	14
0	7
2	2
0	48
0	51
0	43
0	30
2	1
0	13
0	17
0	2
0	2
4	31
0	6
1	25
0	9
6	6
4	4
0	17
0	0
0	0
0	0
0	0
0	0
21	0
187	46
0	1074
0	184
1	1075
13	479
0	705
0	210
5	48
0	0
0	260
0	471
0	255
0	255
0	255
2	246
0	243
1	258
4	258
0	214
0	215
1	241
0	213
4	64
0	132
0	80
0	73
2	84
0	61
3	210
0	157
0	85
7	52
1	0
0	0
0	0
0	0
0	2
0	2
0	0
0	0
0	0
512	324
31	259
1	239
0	53
0	253
18	829
1	456
0	385
27	3
0	3
0	0
0	0
0	4
9	5
251	402
17	360
5	227
3	171
0	40
0	38
0	38
0	9
0	4
0	3
0	3
0	6
0	3
0	3
0	5
0	0
0	0
0	0
0	38
0	35
0	35
0	38
0	164
69	236
1	45
1	88
0	104
0	0
0	0
0	0
45	0
21	397
83	589
0	296
53	190
0	116
4	187
0	26
0	26
0	21
1	11
4	50
0	50
0	31
0	24
0	0
1	0
4	0
0	0
0	0
0	0
9	1
4	576
0	602
0	664
0	665
0	616
3	522
0	31
0	154
9	28
0	99
21	75
1	6
0	0
0	0
0	101
6	113
0	107
2	189
0	191
0	93
25	88
4	85
0	18
0	0
0	0
0	0
0	0
0	0
0	0
0	0
0	0
0	0
0	0
1	0
0	0
0	0
0	0
0	0
1	0
0	0
0	0
0	1
0	0
0	0
0	1
0	1
0	796
0	844
20	503
15	179
9	162
0	0
0	0
0	0
0	0
0	0
0	0
0	0
369	2621
0	646
0	301
84	2049
0	118
22	201
0	0
0	0
0	131
45	8
5	131
27	120
0	10
0	0
0	0
17	154
0	398
0	319
0	189
0	33
2	38
0	29
0	0
0	0
0	0
0	0
0	0
0	0
98	0
44	1
0	1
23	39
92	45
0	14
45	654
3	533
21	161
31	415
22	56
0	13
0	13
0	14
0	23
0	13
1	19
0	26
0	0
0	0
0	0
0	0
533	90
3	15
6	37
0	53
1	310
5	75
0	303
16	86
1	112
9	131
16	45
0	0
0	0
0	0
0	5
0	5
0	0
0	0
0	0
63	1717
0	145
0	67
19	131
0	61
0	1360
3	222
8	63
1	73
25	216
5	7
0	126
0	35
0	604
15	136
0	95
7	249
0	592
0	0
0	0
1	4
0	4
0	2
0	2
0	3073
0	2643
2	195
80	75
0	0
0	0
0	0
0	0
0	0
0	0
0	0
0	0
0	0
0	0
0	0
0	0
0	0
0	0
0	0
0	0
0	0
0	0
582	0
0	0
0	0
0	0
0	0
0	0
0	0
0	1038
0	1015
1	130
0	812
19	694
4	121
2	220
0	748
1	165
12	31
0	0
2	0
17	264
0	230
0	265
0	47
0	81
0	12
0	13
0	66
0	10
0	19
62	7
0	4
0	4
0	0
0	79
0	52
0	57
0	17
0	14
0	2
0	2
0	76
1	201
0	154
1	167
0	28
1	144
0	0
0	0
0	0
0	0
0	0
0	0
0	0
3	601
2	508
0	554
12	50
91	52
384	228
7	212
12	140
0	0
0	0
5	115
0	115
11	118
0	7
0	7
0	6
0	7
0	7
0	7
0	4
0	3
0	3
0	0
0	3
0	3
0	3
0	0
0	0
0	0
0	1
4	1
0	1
0	0
0	0
0	86
21	84
0	76
0	21
0	42
0	67
0	1
0	50
7	12
1	1518
13	269
0	0
24	11
14	0
2	1493
0	4857
0	1037
568	5314
0	911
531	1310
0	1026
84	4123
0	0
6	3
0	3
0	0
1	683
12	683
0	161
49	0
17	334
0	500
0	348
0	339
5	371
1	115
0	115
0	120
2	175
0	203
50	16
0	16
244	520
2	295
1	500
1	384
12	22
0	64
0	41
1	30
0	6
0	511
0	842
0	0
0	0
0	0
0	0
0	61
1	65
0	91
4	75
2	83
0	63
0	80
0	28
0	49
0	47
0	34
5	119
0	42
0	119
463	355
14	292
0	26
2	63
0	11
1	3
0	3
0	22
1	0
5	9
0	7
0	22
0	9
6	0
0	0
0	0
0	0
0	0
0	0
594	369
26	20
0	365
7	223
0	224
0	0
0	0
0	0
0	0
0	0
0	0
0	0
0	0
0	0
0	0
0	0
0	0
0	0
368	1033
5	1012
0	913
2	923
0	852
0	977
0	708
0	283
34	397
0	2
0	36
0	397
0	31
18	0
4	123
0	296
2	222
1	248
0	212
0	129
0	199
0	124
0	284
2	56
5	63
0	290
4	443
45	457
1	441
0	423
1	118
0	134
0	143
0	102
0	0
19	195
0	195
4	192
0	128
16	1857
43	5
23	26
0	1857
6	35
3	6
1	328
3	9
0	328
1	0
0	0
0	0
0	0
0	0
0	0
0	0
0	0
0	0
0	0
6	8
0	0
0	4
0	0
0	4
0	2
0	4
0	1
0	0
0	2
0	0
0	0
0	0
0	0
8	140
1	140
6	140
3	140
0	0
0	0
1	87
0	85
1	40
0	29
0	3
1	4
0	5
0	1
1	0
60	386
703	386
2	0
0	0
0	0
0	0
0	0
0	0
0	0
0	0
0	0
0	0
0	0
0	0
0	0
0	0
0	0
0	0
8	6
0	8
0	0
3	2
0	0
0	0
0	0
0	0
0	0
0	0
0	0
0	0
0	0
4	693
7	1690
7	1864
25	1334
0	1511
0	1212
9	1175
0	1543
27	139
6	15869
33	5900
4	14775
0	1602
14	519
83	422
0	775
3	360
2	3602
0	7297
67	669
11	23
3	1182
65	80
0	3193
3	1276
2	430
0	15926
0	3822
0	0
10	3822
1	1247
52	3472
0	1756
20	2581
1	1101
10	2519
69	28
6	28
0	0
0	0
0	0
0	39
4	0
0	70
0	60
2	623
16	880
0	58
8	0
0	10
0	866
1	24
15	363
19	240
2	164
0	222
7	792
3	171
0	79
0	253
0	185
17	789
0	83
0	186
0	710
0	172
0	132
0	133
9	18
0	18
0	0
0	111
0	166
0	0
0	0
0	0
0	0
0	1
0	1
0	0
0	32
0	32
0	20
0	32
0	1
0	7
3	0
0	0
0	32
0	8
1	0
8	8
0	0
153	945
2	955
27	347
0	224
0	227
0	0
88	139
3	136
0	101
0	4
0	0
5	5
0	0
0	3
0	2
0	366
0	156
0	291
0	217
0	278
0	219
0	0
0	0
0	2056
5	2130
0	1995
1	655
10	1140
0	889
3	7
0	2130
33	120
0	111
0	42
0	0
186	0
0	0
0	179
21	11
23	1
0	105
0	14
0	174
13	7
24	0
1	23
0	0
332	198
85	23
6	175
0	1
0	1
0	0
0	5
0	5
1	4
0	1
0	0
0	0
66	8
0	8
0	2
0	0
0	2
0	411
0	414
0	433
0	477
0	477
3	475
0	13
0	94
0	0
0	0
0	1
0	1
0	1
1	0
0	1
0	0
0	0
0	0
0	0
0	0
0	0
0	0
50	20
3	22
0	22
0	7
76	1667
4	241
23	1618
41	1590
5	86
6	605
7	51
2	308
1	91
0	0
0	0
2	62
0	63
0	62
0	20
0	24
0	19
3	7
6	7
0	0
1	1
0	0
0	0
0	0
0	0
0	165
11	166
0	150
0	3
11	1
0	33
11	151
1	51
0	7
0	10
0	6
0	6
2	2
0	8
0	2
0	0
0	0
0	1
0	1
0	1
0	1
0	1
0	349
12	337
2	327
6	33
0	31
0	14
5	39
2	194
0	187
0	4
5	5
79	68
4	68
0	27
0	1
0	0
0	0
0	0
0	0
0	160
175	127
0	131
0	162
19	8
11	28
0	128
2	2
0	0
0	0
0	1
0	0
0	1
0	1
0	1
0	0
0	1
0	2
0	2
0	2
0	2
0	2
0	2
0	2
0	0
0	0
0	0
0	0
0	2
13	342
0	289
0	61
5	18
3	6
1	87
1	73
10	63
0	79
31	65
0	3
0	7
0	7
0	7
0	7
0	7
0	7
1	2
0	0
2	2
253	457
0	140
15	99
5	72
4	76
7	140
5	177
0	0
0	0
3	1604
13	1718
0	1766
3	59
0	1396
0	1564
0	1
0	1
0	0
0	0
1	0
0	233
45	468
1	0
28	311
11	382
167	194
23	194
7	512
14	0
0	35
14	499
11	35
0	11
0	8
0	0
0	8
0	11
0	11
0	3
0	1
284	692
1	737
0	624
0	597
44	352
0	104
0	125
0	90
0	35
0	37
7	39
35	0
26	0
0	41
22	354
114	262
0	1
24	4
4	338
0	3
0	38
33	0
23	0
0	343
0	346
0	354
0	128
0	225
0	216
0	225
0	9
0	4
0	4
1	2
1	22
1	21
0	19
0	25
0	16
0	10
0	17
4	5
0	13
0	4
0	0
0	350
0	0
0	0
0	0
328	0
0	29
0	29
0	1
0	0
132	0
0	0
0	0
37	0
1	0
0	0
0	0
0	0
0	0
0	0
0	0
0	0
0	1
0	1
0	628
1	93
5	591
3	134
0	561
0	28
8	80
1	36
2	77
153	37
1	37
0	0
0	0
0	0
0	0
0	0
0	0
0	5
1	3
0	2
0	0
255	749
84	91
4	338
1	177
8	106
0	749
0	0
0	366
0	0
0	0
0	0
0	0
0	1
1	173
0	154
0	170
0	8
30	67
1	10
13	37
10	8
0	40
0	88
3	12
1	19
11	54
2	11
6	62
1	10
0	24
4	4
0	15
0	1
4	1
0	1736
0	77
2	204
0	131
647	345
6	345
14	131
7	130
0	153
35	385
69	723
3	313
8	127
24	20
1	2
0	5
0	5
1	2
0	3
1122	70
1185	277
0	77
2	99
4	18
0	68
0	48
0	0
0	0
0	0
0	0
0	0
0	0
0	0
0	0
0	0
0	0
0	0
0	0
0	0
0	0
0	0
0	0
0	0
0	0
0	0
0	0
0	0
0	0
7	251
6	294
5	333
0	40
0	2
2	48
3	595
0	549
0	558
0	205
2	215
12	215
1	51
2	2
0	0
1	3844
36	948
0	3779
1	485
0	348
3	2
25	412
12	516
0	760
2	3775
11	16
105	2718
50	799
1	225
0	41
2	62
0	298
25	222
0	446
5	57
3	231
0	0
0	0
40	31
0	28
0	23
4	7
0	43
42	145
0	43
1380	145
397	54
0	19
7	34
1	4
0	4
0	4
0	3
4	4
0	2
0	0
0	2
0	2
0	0
0	1599
0	1458
0	0
0	0
0	0
0	0
0	0
0	0
2	2
2	18
0	12
16	6
13	12
0	25
1	14
2	14
2	1
0	1521
31	599
0	1372
0	1476
1	1491
0	611
0	79
0	401
0	391
0	293
1	257
0	332
18	63
0	262
0	125
2	205
1	161
0	185
0	137
0	121
3	87
0	44
1	65
7	22
0	1330
0	1477
3	93
0	93
0	0
0	0
0	0
0	0
42	536
4	848
0	877
0	89
4	115
0	180
0	208
1	188
0	187
0	144
34	329
0	0
744	184
0	1376
0	1161
0	1340
2	1343
0	617
0	333
0	250
2	389
4	162
0	61
11	72
0	7
15	663
71	2483
0	612
0	2443
10	1436
5	96
0	527
0	437
8	422
4	272
47	0
38	0
0	0
0	0
0	0
0	0
0	0
0	4
0	4
0	1
1	1
0	0
0	0
0	0
0	1
0	0
0	0
1	4
0	2
0	2
0	92
0	42
11	320
169	711
0	241
0	0
0	0
0	0
0	0
0	0
0	0
52	280
19	0
0	280
10	732
10	724
0	732
4	96
0	50
2	7
2	4
13	3
70	300
18	305
135	12
11	12
5	850
7	852
0	60
0	71
0	83
127	31
2	31
0	266
2	276
0	0
0	0
0	0
0	0
0	0
0	0
0	0
0	0
5	461
0	65
0	48
0	439
0	208
0	108
1993	649
99	583
0	472
2	584
2	589
0	0
0	0
0	0
0	0
0	0
1	0
1	345
3	26
0	0
0	4
0	9
0	0
0	0
0	0
0	387
2	391
1	29
0	381
9	75
22	53
22	48
0	15
15	276
5	25
176	157
0	12
0	13
0	128
0	77
0	13
0	4
354	1626
1	130
0	1536
3	70
13	364
27	989
2	170
13	177
2	603
1	400
0	266
0	0
0	0
0	0
7	0
0	0
0	0
0	0
0	0
0	0
0	0
0	0
21	172
29	172
0	4
0	0
0	0
472	0
58	0
0	594
5	69
4	504
2	562
0	78
0	0
0	0
0	0
0	0
0	1
0	2
0	2
0	1
0	2
0	1
0	1
1	1
0	0
0	0
0	0
0	0
582	1473
0	85
0	191
0	152
0	45
0	1473
0	0
0	0
0	0
0	0
0	0
0	0
0	0
0	0
0	0
0	0
1	153
0	187
0	194
0	21
0	186
4	481
7	481
2	10
2	12
6	30
2	42
0	124
0	66
8	11
0	481
0	0
6	4298
91	4298
0	302
82	0
1	6
0	6
0	1
0	0
0	0
0	0
0	0
0	0
0	0
0	0
0	0
2	205
4	205
3	205
8	216
0	11
6	336
0	857
5	856
0	788
0	819
0	736
8	709
0	74
0	108
1	54
0	80
0	49
4	49
0	48
0	843
0	858
0	750
0	0
0	0
0	0
0	0
0	0
0	0
0	0
0	0
0	0
0	0
0	0
0	0
0	0
0	0
0	0
0	505
67	527
56	2
9	193
27	22
100	0
7	16
6	0
878	622
14	521
5	145
9	25
5	51
5	224
43	940
2	895
0	124
54	625
38	91
3	291
0	188
2	151
0	151
0	92
0	0
0	0
0	0
0	0
0	0
0	0
34	7
0	7
0	0
0	0
0	2
0	2
0	2
0	2
0	2
0	2
0	0
0	0
0	0
23	1271
28	1172
642	56
1	56
0	0
0	0
0	0
0	0
537	711
5	65
0	173
44	173
11	179
6	160
20	238
18	144
0	44
0	372
0	31
0	412
0	412
0	83
4	2
0	21
0	360
0	0
32	669
47	683
69	701
0	707
4	32
0	702
0	0
0	0
0	0
47	277
111	284
0	118
0	16
0	0
0	0
0	0
0	0
0	0
0	0
0	0
0	0
0	0
2	0
0	0
0	0
0	0
5308	474
40	14
0	14
0	2
1	0
6	1
3	0
0	791
6	798
0	795
1	80
0	137
9	84
1	360
3	191
0	790
0	67
1	67
0	17
4	1
0	0
0	0
0	0
0	0
0	0
0	0
0	0
0	0
0	0
0	25
2	25
0	0
0	0
0	6
0	4
0	0
0	43
30	3
9	21
0	0
2	30
0	31
0	4
0	24
1	1
0	3
0	10
20	53
0	3
0	0
0	0
0	1
0	1
320	128
3	128
1	50
6	57
2	0
0	0
0	0
0	0
0	0
0	0
0	0
0	0
0	0
0	0
0	0
0	0
0	0
0	0
0	0
0	0
0	0
0	0
0	3
0	0
27	32
0	24
9	32
0	16
0	16
0	73
0	69
0	68
0	64
0	11
2	6
0	72
116	229
4	0
0	229
1	1
0	0
0	0
0	0
0	0
0	0
0	0
0	0
0	0
4	3
0	3
3	3
0	0
0	0
0	0
0	0
0	0
0	0
0	0
0	0
0	0
0	0
0	0
0	0
0	0
9	87
0	26
9	39
0	37
1	72
1	0
0	3
0	3
0	0
0	0
0	0
0	0
0	2
0	6
0	6
0	0
0	0
218	2291
0	2291
320	1187
107	1210
0	155
7	131
23	89
4	381
11	12
0	11
0	1
0	0
58	134
0	105
1	96
0	77
24	37
0	40
0	46
0	5
16	919
7	370
0	682
6	33
0	52
2	22
0	262
0	88
9	77
0	79
4	23
0	328
0	12
0	553
0	589
0	600
1	13
10	15
0	630
0	0
0	0
0	0
0	0
0	0
0	0
0	0
0	0
0	0
0	122
0	128
1	93
2	0
2	20
0	12
49	148
2	148
15	5
0	65
0	0
41	3
34	769
12	769
0	73
0	42
5	183
1	169
1915	3708
58	3172
22	3145
6	2996
0	2427
72	2395
1	1431
95	59
0	60
0	16
0	16
3	13
0	1
0	4
0	5
15	4
19	4
1	0
0	0
0	0
0	0
0	0
0	0
0	0
0	0
0	0
2090	0
0	0
0	0
0	573
0	557
0	558
0	347
0	343
0	336
0	127
0	113
0	91
0	53
3	71
1	48
0	0
0	0
0	0
0	0
0	0
0	0
0	0
2	752
8	335
2	752
1	64
0	102
0	315
1	196
1	92
96	35
2	35
13	0
0	0
0	0
1	13
0	13
0	0
0	0
0	1181
0	1079
0	1160
0	1171
2	1154
0	1094
0	1156
18	13
4	76
20	221
61	18
0	17
75	41
0	45
19	41
0	32
0	37
0	0
0	0
0	0
0	0
2	276
6	276
3	65
0	56
1	14
8	19
0	310
0	10
0	476
32	146
18	108
2	416
3	223
1	456
1	11
10	12
577	504
44	243
2	188
2	409
2	1866
26	1906
36	1152
0	1883
0	71
595	14367
28	14352
0	380
22	193
0	380
0	0
0	0
0	0
39	120
4	0
0	0
0	0
0	0
0	112
33	104
0	0
0	3
0	3
0	0
0	0
0	0
0	0
0	3
0	3
0	0
0	3
0	0
0	0
0	0
0	0
0	0
0	0
0	0
0	0
0	150
0	149
12	132
22	143
0	127
0	4
0	8
0	52
0	144
0	1
0	1
0	0
0	0
1	0
0	0
0	0
0	21
0	27
4	37
0	33
1	35
0	10
0	71
2	69
17	4
0	0
0	0
0	0
0	0
0	10
0	9
0	6
0	3
0	3
0	5
0	2
0	5
0	5
0	0
0	0
0	0
53	274
6	267
4	270
0	156
0	0
1	1128
0	1118
0	1141
14	742
0	143
0	9
0	41
0	11
0	25
4	6
25	43
0	9
0	11
0	6
0	7
0	5
0	20
0	0
0	0
0	0
0	0
15	0
2	0
0	46
15	364
39	356
8	173
0	168
1	41
0	210
0	205
6	23
17	4
0	37
0	0
0	79
0	7
0	6
0	85
0	85
1	73
0	61
0	13
1	2
0	99
0	178
3	5
0	107
1	53
0	105
0	147
1	23
0	81
0	119
0	133
0	26
0	48
0	42
7	85
0	1
0	0
0	1
1024	1024
0	715
4	650
3	628
0	184
17	202
0	0
0	0
0	470
2	469
0	57
4	19
0	141
0	0
1	470
0	0
0	0
0	0
0	0
0	0
0	0
0	0
0	0
0	0
0	0
0	0
0	0
0	0
0	0
0	0
0	0
0	0
0	0
0	0
0	0
0	0
0	0
0	0
0	0
0	0
0	0
0	0
0	0
0	0
0	0
0	0
0	0
0	0
0	0
0	0
0	0
0	0
0	0
0	0
0	0
0	0
67	2139
8	162
5	108
0	0
0	8
0	8
0	2
0	0
0	0
0	0
0	0
0	0
0	0
0	0
0	0
0	0
0	0
0	0
0	0
0	1
1	5
0	15
1	15
0	3
0	0
0	0
0	1
0	1
0	1
0	1
0	0
0	1
105	31
0	31
1	7
0	7
0	1
0	1
0	1
0	0
0	0
0	0
0	1
0	286
1	316
18	307
4	47
0	250
5	7
0	53
0	21
0	32
18	25
0	25
0	24
3175	308
1	177
9	131
0	0
0	0
0	0
0	0
686	1729
1	1512
0	12
6	23
62	1026
47	217
3	32
2	55
0	746
914	1156
0	1011
0	938
1	179
2	277
12	315
9	204
518	1424
0	1424
381	89
3	44
1	5
1	89
2	31
0	395
3	377
0	305
13	351
4	382
0	391
2	112
0	118
0	1
0	1
0	0
0	0
0	0
1253	280
5	213
5	0
46	97
0	93
0	35
1	6
0	0
0	7
4	7
10	2
0	6
0	6
1	0
9	1
0	1
0	0
0	0
0	33
0	33
0	31
0	4
0	0
0	0
0	0
0	0
0	0
0	0
0	0
4	601
0	703
3	682
0	700
6	78
6	49
1	63
0	54
0	91
0	55
79	91
0	50
0	45
0	79
31	63
17	33
3	1
1	1
0	0
0	0
0	0
0	0
0	0
0	832
0	828
6	51
8	66
2	76
0	304
6	54
0	443
4	57
0	91
17	246
0	10
1	120
0	832
8	70
0	70
2	63
0	46
0	10
4	19
3	0
0	0
0	0
0	0
0	0
0	0
0	0
0	0
0	0
0	87
0	165
11	157
0	8
0	8
0	8
0	6
0	8
1	221
0	71
0	228
0	208
18	81
18	90
0	38
0	38
0	28
0	11
2	20
0	21
3	32
0	35
375	11141
10	9147
110	11032
4	2257
0	1348
11	1736
3	1735
6	1039
0	787
0	491
8	762
0	28
0	7
3	132
0	59
1	766
0	0
0	0
0	0
83	0
4	0
6	103
1	5
0	4
0	2
0	102
0	19
0	355
0	413
1	94
0	43
0	104
2	70
0	0
0	0
0	0
0	0
6	85
0	339
1	288
0	338
0	20
12	152
41	21
0	87
0	49
0	24
0	921
0	562
31	889
0	632
0	11
0	83
0	9
0	21
0	888
2	564
3	36
0	630
0	74
123	19
0	19
0	10
0	0
0	0
0	0
0	0
0	145
81	82
0	145
63	5764
0	265
19	2253
195	57
0	5215
0	422
3	2530
1	22
29	706
7	1348
13	96
1	96
1	1
0	1
1	0
1	0
0	0
0	0
0	0
0	0
0	0
0	1269
2	1210
0	1124
5	595
2	48
1	250
2	191
0	0
114	46
3	46
5	12
0	0
0	2
0	2
1577	101
0	25
2	76
0	0
0	0
0	0
0	0
0	0
0	0
0	0
0	0
0	0
301	491
3	142
19	55
0	128
1	109
0	53
0	17
0	15
0	0
0	34
67	294
3	31
0	259
0	9
0	389
10	10
0	394
0	383
0	387
2	69
2	40
0	67
4	36
1	76
0	0
0	0
0	0
0	65
0	0
19	72
0	62
0	0
303	193
0	78
0	49
7	684
1	586
25	567
17	661
0	251
0	107
1	159
38	65
1	32
0	0
0	0
31	0
2330	1428
17	140
0	328
149	1220
0	250
1	178
0	292
0	485
0	141
9	432
13	426
15	422
0	43
8	0
0	0
0	0
0	0
0	0
0	1075
0	358
0	139
0	33
0	27
1	31
0	7
3	1071
0	0
0	0
0	0
0	0
0	0
0	0
0	0
0	0
0	0
1	6
0	6
1	122
9	122
0	8
7	16
0	15
0	100
94	2
0	0
0	0
0	0
0	0
0	0
0	0
0	0
0	759
0	768
6	742
26	5
0	736
0	202
0	318
0	223
4	195
10	1130
1	1130
0	496
0	400
0	219
1	96
0	16
3	0
0	237
0	204
3	201
0	176
1	16
11	0
0	27
0	239
0	21
0	16
0	0
0	0
83	237
0	31
0	30
0	4
0	0
0	29
0	31
271	167
6	167
0	122
0	122
0	0
0	0
1059	1
10	1
3	21
0	16
2	5
3	5
0	7
0	6
1	6
0	2
0	2
5	0
0	0
0	0
0	0
680	212
20	212
473	1200
5	153
16	799
15	47
0	354
0	267
4	184
19	119
1	57
12	119
1	44
0	9
0	1
536	875
18	71
0	72
15	818
0	353
0	28
0	6
0	23
0	20
0	181
0	202
0	214
0	12
0	302
0	0
0	303
0	0
0	0
0	0
0	0
0	0
0	0
0	0
0	0
0	0
0	0
152	98
0	20
0	64
0	0
0	0
0	0
0	0
0	0
0	0
0	0
0	0
0	0
0	0
0	0
0	0
0	280
0	189
0	56
0	33
0	27
5	211
1	37
1	77
2	35
5	113
0	116
0	59
0	92
0	7
26	7
0	0
0	0
0	0
4	0
0	0
0	0
0	0
0	0
0	0
2	22
0	22
0	21
0	4
2	3
0	2
0	2
1	5
0	3
0	3
0	0
0	0
0	0
0	0
1	2
1	2
0	0
0	0
0	0
125	69
0	61
0	64
1	14
1	59
4	43
2	36
3	11
0	11
3	0
0	17
4	1152
0	54
2	97
3	94
2	10
6	22
1	28
0	333
0	237
0	38
0	34
0	16
0	23
0	128
0	14
0	1152
0	0
0	0
0	4
0	4
0	4
0	4
0	0
0	0
0	0
114	570
1	560
0	21
41	16
0	0
0	81
0	1344
1	17
0	131
14	1341
0	16
0	971
0	1344
14	1339
0	0
0	0
0	16
0	17
0	17
466	711
0	185
10	84
1	110
1	178
0	688
59	23
0	23
2	20
0	15
0	0
0	0
0	0
0	0
0	0
0	0
0	132
1	132
1	132
4	0
0	259
9	250
2	190
0	0
0	13
1	13
680	305
5	27
0	120
2	33
2	104
267	124
4	123
29	926
0	922
30	894
3	72
0	556
0	611
0	41
0	378
3	305
2	111
7	234
0	147
9	79
3	0
37	3
0	0
0	0
0	0
21	1867
6	1226
2	1823
77	19
36	591
0	1130
8	1121
0	481
6	138
0	427
0	322
62	132
1450	72
0	70
0	475
22	156
4	160
22	392
0	0
0	0
0	0
0	0
13	364
1	68
0	363
0	0
0	0
0	0
7	337
11	341
45	224
101	301
0	224
0	304
8	86
0	172
17	142
0	77
0	0
0	26
0	419
0	350
0	328
0	428
0	111
150	387
0	340
23	268
1	331
3	331
1	0
0	0
0	0
0	0
0	0
0	0
0	0
0	0
0	0
3	146
4	11
0	89
2	53
4	1
0	22
0	145
0	0
2	19
5	0
0	3
0	86
0	86
1	57
24	11
0	9
0	0
0	2
0	0
0	0
0	181
1	213
38	189
13	116
0	78
0	34
0	23
15	246
9	205
1	37
0	75
0	43
354	441
1	326
0	116
79	1
51	28
0	2
0	28
1	1
0	0
0	0
2	0
0	14
4	14
0	2
0	0
0	0
0	0
0	0
0	0
46	0
0	6
0	0
0	6
0	0
0	2
0	0
829	880
27	797
1	4
0	258
0	108
0	0
0	0
1	799
15	4415
4	2349
1	3862
0	2577
17	273
0	4411
1	4407
0	3864
43	4411
0	2
0	1
16	6
0	3
0	0
0	5
0	2
0	2
0	0
0	0
0	72
1	75
0	75
5	16
0	11
0	6
0	4
147	0
0	0
0	0
0	0
0	0
1	0
2	57
3	54
4	53
0	0
0	0
0	0
0	0
0	15
0	55
4	81
0	27
0	22
0	5
0	11
0	8
0	8
3	4
2	26
0	0
0	0
0	0
0	158
0	158
0	0
0	0
0	0
0	0
0	0
15	0
0	0
0	0
0	0
0	0
0	0
0	0
148	40
3	42
5	42
0	132
0	92
13	101
0	127
0	18
0	12
0	23
0	8
0	0
0	0
78	297
3	266
5	116
0	275
322	91
0	29
0	55
0	42
0	12
2	389
0	483
0	483
1	29
0	156
0	483
0	0
0	0
0	0
0	0
0	0
0	0
0	0
0	0
10	304
0	356
3	350
6	6
2	0
0	0
0	0
0	0
0	0
0	0
0	0
0	0
0	0
0	0
0	0
0	0
0	0
0	9
0	9
0	3
1	9
0	0
0	5
0	2
0	0
0	0
0	0
4	3
0	3
3	145
0	145
0	18
2	39
0	48
0	145
0	0
0	0
0	0
0	0
0	0
14	26
5	31
20	5
0	0
0	0
0	0
0	0
0	0
0	0
0	0
0	0
0	0
0	0
0	0
3	0
163	1112
2	1009
144	1057
52	102
82	22
0	139
25	139
0	81
1801	22
9	22
0	0
0	0
980	180
0	145
69	35
0	1552
2	1527
28	1033
8	207
0	143
0	178
59	551
0	10
0	21
1	31
224	1768
141	18
16	17
0	3
0	3
23	96
0	62
1	3
0	48
4	0
0	0
0	0
0	0
0	0
0	2270
33	678
34	1011
1	2148
0	196
0	1674
5	436
0	480
26	339
43	0
0	156
44	893
0	1657
58	15
6	212
3	592
0	1664
1	1489
6	181
0	1468
17	290
9	1472
3	311
7	71
18	42
0	200
6	164
831	0
0	0
0	0
0	0
0	0
9	207
0	22
8	189
0	30
1	23
2	10
1	10
0	10
0	10
1	2
0	3
2	0
0	0
0	0
0	0
0	0
0	2
0	2
305	36
2	21
0	15
49	176
4	738
0	99
0	740
0	0
0	0
0	0
0	0
0	0
0	0
0	0
0	2
0	1
0	2
0	1
0	0
0	1
0	0
0	0
0	0
0	0
27	30
0	30
2	156
0	97
2	90
0	128
0	79
0	62
0	87
2	29
0	0
0	0
11	0
0	0
0	0
0	0
8	179
0	185
0	157
3	73
0	58
5	47
2	100
0	0
0	0
0	0
0	0
0	0
16	1482
11	118
0	30
0	105
21	1502
0	31
2	160
0	1528
368	1556
2	308
0	1539
3	189
9	37
0	90
49	526
0	394
2	94
116	10
0	20
0	0
0	0
0	147
14	122
7	464
0	1850
0	6
0	12
0	1661
0	88
0	1233
0	566
2	170
1	78
4	34
0	1787
0	1804
6	2
0	2
0	197
15	95
0	191
1	17
0	33
0	66
0	475
0	478
0	341
0	409
1	399
0	415
0	387
0	467
0	524
121	378
0	269
0	408
1	34
0	491
0	0
3	233
161	425
13	425
0	0
0	81
3	10
3	78
8	58
0	68
0	31
0	24
391	0
11	305
0	101
0	133
0	178
35	196
21	82
0	198
1	188
1	221
1	0
14	0
59	0
1	209
35	172
14	147
0	90
2	146
0	142
360	342
1	329
6	10
0	141
0	116
42	30
0	30
0	2
0	0
5	0
0	0
1	2
0	2
6	94
144	201
0	123
1	196
0	0
0	0
0	1064
0	28
0	527
0	915
46	1051
0	9
0	451
15	201
0	9
0	6
16	1939
184	1939
0	1355
1	919
0	544
25	217
1	610
0	596
32	36
0	597
0	131
0	593
1	594
64	18
0	142
3	90
0	77
0	120
0	0
0	0
0	0
0	2
0	0
0	0
0	9
0	1
0	1
0	5
0	3
0	9
8	26
0	25
1	1
0	0
0	1
0	1
2	0
205	35
0	33
4	21
10	0
0	0
0	0
156	5
46	5
17	832
0	214
88	508
0	85
0	282
1	819
0	72
0	0
16	370
0	342
0	24
3	23
0	50
31	117
0	93
5	25
1	20
0	16
0	7
0	8
0	7
0	2
0	3
0	2
0	1
0	0
0	5
0	16
266	448
3	9
28	376
6	32
0	73
0	0
12	829
0	28
0	90
4	413
2	116
11	9
0	613
1	38
10	100
0	75
0	34
0	100
0	26
0	21
0	14
0	19
0	24
0	9
0	20
0	16
0	16
0	10
0	810
0	805
0	780
0	728
0	813
0	693
0	741
3	210
1	162
1	182
12	161
0	856
0	858
0	862
0	661
0	0
40	259
5	37
10	202
7	127
0	58
18	25
7	16
0	11
0	226
0	0
0	0
0	0
0	0
0	1
0	0
0	1
0	0
0	1
0	2
0	2
0	2
0	2
1	1
0	0
0	0
3	81
0	44
0	3
2	1
6	72
432	0
0	0
0	0
0	0
1	24
0	75
1	76
0	42
1	11
0	0
0	0
0	0
5	37
0	34
0	19
0	13
0	3
0	0
0	0
0	0
0	0
0	0
0	0
0	0
0	0
0	0
1	0
0	0
0	0
0	0
0	0
0	0
0	0
135	1929
19	977
0	235
0	103
7	1515
1	636
15	0
8	422
0	152
152	203
0	178
12	115
2	76
1	4
0	986
3	2307
1	176
0	132
3	184
5	160
3	2
0	2307
490	278
62	46
5	97
0	59
3	48
0	0
19	660
3	632
7	40
0	73
0	0
0	0
0	0
0	0
0	0
0	0
0	0
0	0
0	0
0	0
0	0
0	0
0	0
0	0
0	0
0	0
0	0
0	0
13	257
0	288
0	95
1	53
10	40
89	0
0	146
0	169
6	170
0	170
0	129
0	0
48	16
255	213
0	223
5	50
0	3042
7	3017
6	886
92	838
392	591
5	12
0	10
0	0
0	0
0	0
0	15
0	14
0	15
0	0
0	12
6	2
0	18
0	4
0	0
0	0
0	1
0	0
0	1
0	0
0	8
13	8
0	3
0	0
0	0
0	0
0	0
0	490
37	0
1	8
124	490
0	0
0	0
0	48
0	48
15	42
35	61
0	43
0	0
0	0
1	101
0	10
2	100
0	0
0	1
0	1
0	0
0	1
0	0
8	41
0	0
0	0
0	9
1	1
4	41
0	1
50	47
0	17
0	21
0	0
0	0
0	0
0	0
0	0
0	0
0	0
0	0
0	0
1	0
0	0
0	1
86	1
0	2
0	2
0	0
27	171
1	148
0	103
0	102
0	86
2	6
0	0
0	0
0	0
0	0
0	0
0	0
0	0
0	785
0	18
0	3
0	946
7	297
1	268
2	206
0	22
604	946
0	0
0	0
0	0
0	0
0	0
0	0
0	0
0	0
0	0
0	0
6	303
8	308
1	206
0	149
0	299
4	64
4	177
0	0
0	0
0	0
0	0
62	337
9	340
1	146
15	117
1	259
3	43
0	9
0	38
0	43
0	23
1	3
13	6
0	26
1	47
0	22
41	22
1	250
3	255
0	247
0	98
0	77
0	38
0	33
0	58
4	14
0	22
0	0
0	0
6	51
5	25
12	51
12	0
1	0
1	68
0	63
0	43
0	12
0	53
0	13
0	5
0	27
1	28
0	0
0	0
0	0
0	0
0	0
0	0
0	0
0	705
64	706
0	479
0	543
0	75
0	497
0	704
0	463
0	496
0	559
19	476
0	79
1	490
2	516
19	4
30	48
0	647
0	8
0	78
15	4
0	205
0	161
0	114
0	0
0	0
0	0
0	0
0	186
0	186
0	120
2	41
25	165
0	343
0	372
0	352
0	321
0	78
0	139
4	230
0	0
39	1
1	32
27	40
5	40
0	0
0	0
0	0
0	0
0	0
0	0
0	0
0	0
0	1507
17	44
2	129
4	242
0	1507
1	306
0	295
0	295
2	306
0	284
1	296
0	296
3	40
0	40
2370	1136
16	913
0	1327
0	1328
6	1302
3	141
2	56
0	239
0	66
0	67
3	51
5	0
0	2
0	2
1	0
0	0
0	0
0	0
0	0
0	0
0	0
0	0
0	0
0	1
0	2
0	1
0	2
0	1
0	0
0	0
0	0
0	0
0	0
0	0
0	0
0	0
0	0
0	0
6	76
0	4
1	29
0	76
0	23
0	34
7	8
0	4
0	0
0	0
0	0
0	0
0	0
0	0
0	4
0	4
0	0
0	67
60	67
11	429
34	535
0	548
14	3
0	0
0	0
0	0
0	0
0	0
1	556
47	417
1	173
0	554
1	549
0	557
0	461
0	392
7	24
6	167
0	99
288	138
10	138
0	116
0	122
1	15
0	0
5	1
0	0
0	1
0	712
0	98
1	12
0	712
0	0
0	0
0	0
0	0
0	0
0	0
0	0
0	0
206	5574
44	466
22	2
12	73
0	5574
0	1
0	1
0	1
0	0
0	0
0	2
0	0
0	0
0	0
0	0
0	0
3	15
0	15
197	12
99	12
0	1
0	1
0	0
0	0
94	215
22	215
0	4
0	0
0	0
0	202
1	331
2	324
1	334
0	335
0	43
0	44
13	37
1	33
0	26
0	19
0	2
0	5
0	4
0	1516
130	126
0	55
1	472
264	1426
0	374
3	241
0	181
8	0
0	1330
0	0
0	0
0	0
0	0
0	0
0	0
0	0
31	227
3	249
0	31
0	46
0	248
0	4
5	36
0	31
0	18
0	0
4	189
6	192
17	152
1	1
0	0
0	0
0	0
0	0
0	0
0	191
0	0
0	0
0	0
0	0
0	0
0	0
0	0
0	10
0	5
0	2
0	5
0	9
0	1
0	1
0	10
0	9
0	0
0	0
436	1926
0	701
0	1684
0	617
0	811
7	143
0	177
75	88
0	115
3	85
0	38
145	566
41	32
25	162
12	434
0	132
0	0
0	0
0	28
0	25
4	28
0	31
0	20
4	40
0	34
1	18
4	19
0	20
0	40
0	1
0	1
0	1
0	1
0	1
0	1
0	0
0	0
14	0
0	0
0	0
0	0
0	0
0	0
0	0
0	0
0	0
0	0
0	0
10	2
87	3
132	106
0	33
0	1
0	1
0	0
0	0
0	0
0	0
0	0
2	578
4	518
12	561
27	99
0	75
21	286
0	213
1	23
1	28
1	13
0	13
1	6
0	2
0	3
0	5
0	0
9	252
3	234
0	243
0	30
0	0
0	0
0	0
0	0
0	0
0	0
0	0
0	0
49	405
0	3
0	2
0	2
0	0
0	0
0	0
545	195
2	127
8	150
0	0
0	0
0	0
0	0
403	228
0	0
0	0
0	0
0	0
0	0
0	0
0	0
0	0
0	0
0	0
0	0
0	0
0	0
0	0
0	0
0	0
0	0
0	0
0	724
1	723
8	184
116	67
0	400
0	433
0	391
4	463
0	428
0	229
0	47
0	47
0	0
0	0
102	1361
44	1355
215	6
2	2
0	2
0	2
0	2
0	2
0	0
0	0
0	0
0	0
0	0
0	0
0	0
281	537
0	491
0	324
0	317
3	50
0	0
144	143
2	143
24	103
5	16
14	104
0	27
0	24
0	18
1	25
13	18
0	6
33	13
1	13
0	5
0	0
0	32
0	38
2	15
0	35
0	28
0	36
0	34
1	0
0	4
0	35
1	14
0	0
4	5
0	1
0	5
0	0
0	6
0	5
0	1
0	2
0	0
0	0
0	0
1	0
0	0
0	0
21	923
0	932
0	8
0	58
2	133
0	52
0	0
0	0
139	16800
369	1933
0	17023
0	9411
0	1479
41	6
64	0
0	0
0	0
228	7277
347	4353
0	3281
1	3179
1	2148
1	1660
16	1426
0	845
118	2862
5	663
1	325
0	0
0	0
855	285
0	106
0	130
3	49
146	1031
868	1073
6	710
2	176
0	0
0	0
23	512
85	512
0	97
0	0
0	0
0	0
0	0
137	135
0	157
0	70
1	47
1	244
0	228
0	229
0	18
10	7
1	13
10	153
0	14
10	2
1	8
1	8
12	0
7	1152
0	1097
4	1147
3	155
0	299
1	179
20	66
0	301
38	0
363	403
1	133
35	272
0	12
1	163
1	7
18	893
0	876
0	4
0	186
4	90
0	116
14	272
3	208
0	893
0	0
0	0
0	2
1	2
0	2
0	0
0	0
20	239
0	206
4	210
0	0
0	0
1	2205
0	2282
3	2281
0	1988
1	317
19	415
0	135
88	8765
5	8751
44	4937
2272	62
0	62
0	0
0	0
0	0
0	0
232	830
4	122
3	48
70	75
0	830
0	45
0	8
0	47
6	5
0	0
0	45
0	45
0	0
0	45
0	2
0	37
0	43
0	4
0	38
2	0
0	5
1	9
0	45
0	0
0	0
0	0
55	1660
0	433
0	291
0	4033
23	3923
0	3723
63	793
0	5653
7	292
15	156
12	343
1	561
13	1735
196	2334
1	2385
41	2899
5	4743
0	155
26	705
0	5576
0	0
0	0
0	0
0	0
0	1
0	1
0	0
0	0
0	0
121	70
4	61
10	11
580	172
5	142
3	111
5	114
2	10
0	10
0	2
0	0
0	0
155	12
0	12
1	8
7	2
0	1
0	0
0	1
0	0
0	9253
0	7912
0	90
0	290
5	268
3	0
0	19
0	248
0	92
0	118
4	1
1	79
0	41
68	1101
8	1101
5	70
21	203
8	67
0	714
0	757
0	607
5	40
0	24
0	7
0	6
0	6
1	5
49	720
0	0
0	0
0	0
2894	862
75	17
0	17
3	8
0	0
0	0
0	0
0	3
0	3
750	580
5	580
1	80
0	23
0	22
1	1
2	24
0	153
25	146
0	147
0	1
2	0
0	0
0	580
0	9
49	104
0	10
0	101
0	89
3	19
0	13
2	3
0	17
0	24
0	10
0	18
0	32
0	19
0	25
0	32
0	32
0	32
0	32
0	31
0	4
0	15
0	2
0	2
0	32
2	0
0	0
0	0
0	0
0	0
0	0
0	457
0	455
4	352
4	141
0	37
1	2
2	137
25	66
1	9
0	457
0	0
0	0
0	0
0	0
0	0
0	0
0	0
0	0
0	0
4	151
2	129
0	43
0	20
0	12
2	84
1	18
0	27
0	32
3	0
0	0
0	0
0	0
0	0
0	0
0	0
0	0
0	0
0	0
0	0
0	0
0	0
0	16
0	16
1	0
12	836
136	894
38	845
0	178
0	260
3	128
2	97
104	8
0	58
0	690
3	0
0	9
5	9
0	0
0	0
0	7
0	0
0	7
0	7
0	0
0	7
0	0
0	0
0	0
0	0
12	1726
15	1806
81	1801
0	22
0	22
0	22
0	6
0	18
0	18
0	18
0	2
0	0
0	0
0	0
0	0
0	0
0	0
269	112
0	103
0	22
0	0
0	2
0	0
1	2
0	0
0	894
6	807
0	894
0	0
0	1496
0	0
0	0
0	113
219	161
9	92
0	80
0	41
0	72
15	52
500	0
1006	211
0	2
3	95
4	96
6	92
31	156
1	65
5	57
1	25
0	136
2	112
4	4
0	0
0	0
4	94
23	94
2	11
3	12
0	3
11	236
0	244
1	23
0	15
32	168
0	0
0	0
0	0
0	0
0	0
0	0
0	0
0	0
0	0
8	0
0	0
0	0
0	0
1	35
0	184
0	215
22	8
11	1152
2	563
1	758
0	385
2	216
214	1212
53	1139
10	73
0	0
0	0
0	0
0	0
0	0
16	639
0	41
216	602
0	41
138	577
0	451
0	506
0	132
4	126
0	0
0	0
0	0
0	0
0	0
0	0
0	0
105	134
6	108
0	6
0	36
0	15
0	49
0	34
44	603
0	552
0	663
23	526
0	99
0	99
0	189
0	225
0	168
3	127
0	111
0	58
331	0
636	0
0	0
1	540
10	1370
7	97
13	1370
0	0
0	0
0	0
0	0
0	0
0	0
0	0
0	0
0	0
0	0
1	0
0	0
0	0
0	0
0	0
0	0
0	31
0	26
0	17
6	6
0	0
0	0
0	0
0	0
0	0
1	46
0	39
2	45
22	45
0	46
0	23
0	37
0	7
0	7
0	0
0	0
0	11
4	13
0	13
0	11
0	3
0	13
0	600
0	106
16	166
3	17
0	23
0	607
0	608
0	0
0	0
0	0
0	0
0	0
0	36
0	16
4	3
157	20
0	47
3	35
9	16
0	24
0	14
5	0
446	15
0	31
0	18
0	16
0	13
55	0
0	1339
0	1277
3	1275
5	1241
2	14
17	353
12	245
0	107
183	1893
1	1971
0	404
41	1320
0	1331
0	455
49	296
3	295
5	129
6	201
0	0
0	0
0	213
0	465
0	124
0	392
7	536
0	294
20	536
0	442
3	289
0	170
0	159
0	51
1	10
1	63
0	23
0	47
20	11
0	4
0	77
0	48
0	48
0	48
0	48
0	0
0	0
0	0
0	0
0	0
21	72
2	72
4	52
0	200
1	200
0	14
0	20
0	32
1	0
8	40
0	35
0	3
0	1
0	7
5	2
337	991
23	542
4	513
0	271
0	0
0	0
0	3
0	3
0	3
0	0
0	0
0	0
0	3
0	0
0	0
0	0
0	0
0	0
0	0
0	0
2530	89
14	89
0	1
0	0
223	200
1	200
0	81
0	0
0	29
0	2
0	0
0	0
0	0
448	747
0	153
1	278
2	391
0	237
0	200
0	119
0	0
0	0
0	0
0	0
0	0
0	0
0	1
0	1
0	1
0	0
3	986
1	866
16	688
0	470
0	117
128	20
0	19
4	1
0	0
0	0
0	0
0	0
0	0
0	0
0	0
0	0
0	0
0	0
0	0
1	0
0	0
259	50
2	22
1	28
0	1
221	2
16	2
0	2044
0	2024
25	1849
0	1950
0	425
0	1892
0	127
0	2023
0	1951
67	7
0	117
1	443
0	932
20	353
2	113
13	233
796	664
58	200
0	248
1	137
1	228
1	286
0	38
210	197
13	126
0	46
0	54
5	45
1	30
0	3
0	3
0	0
0	0
0	0
0	0
0	0
0	1
0	1
0	0
0	0
6	68
0	2
24	132
0	117
0	30
0	15
0	14
6	55
4	86
9	187
0	206
0	11
0	26
1	11
0	19
0	26
0	206
0	188
4	794
0	797
4	107
6	23
3	214
23	214
1	21
161	629
1	439
22	0
0	1810
0	1797
2	761
0	194
0	761
0	95
2	148
0	1531
3	884
0	417
15	38
47	559
68	7
0	112
1	29
0	256
7	200
0	215
19	165
0	1800
0	1
0	1
0	1
0	0
0	0
0	1
0	1
0	0
0	0
0	0
0	0
0	0
0	0
0	0
0	0
0	0
0	2223
5	2253
3	19
20	889
4	98
5	79
6	457
2	2197
0	109
0	361
3	242
0	310
0	292
0	114
0	0
0	0
0	0
468	1252
0	36
8	587
21	1203
2	624
35	11
7	52
35	4
9	1227
0	0
0	0
0	245
0	52
0	245
0	174
12	160
0	1
0	22
0	31
0	145
0	73
1	65
0	156
0	0
0	0
0	0
0	0
0	0
0	12
0	41
0	46
0	44
0	31
0	15
0	29
0	39
0	41
0	0
0	0
1	3
0	2
0	3
0	2
0	0
0	0
0	0
0	1
0	4
0	4
0	0
0	4
0	4
0	0
0	4
0	1
0	0
0	0
3	0
0	0
0	0
43	51
6	0
0	48
0	0
0	0
0	0
1	359
32	668
0	174
0	457
71	206
2	316
0	103
0	4
0	2
0	3
0	2
0	2
0	0
0	2
0	0
0	0
0	0
17	374
10	373
2	62
6	121
0	49
0	55
0	13
0	0
0	635
0	367
0	113
0	121
0	77
0	618
0	482
4	103
17	25
0	32
0	481
0	0
0	0
0	0
0	495
1	501
0	514
0	459
0	416
146	17
0	17
0	10
0	2
0	6
32	50
0	6
0	19
0	50
362	174
8	70
3	173
0	0
0	0
0	0
0	0
0	0
0	386
0	399
0	298
0	397
2	143
0	8
0	303
1	118
0	339
14	108
1	33
6	10
0	196
0	177
13	1
0	0
0	0
0	0
0	0
0	0
0	122
0	169
0	136
64	1
19	78
80	172
0	105
0	112
31	3
0	40
9	0
1	1
49	35
1	25
0	5
1	41
1	24
24	139
13	104
0	0
3	0
0	0
0	0
0	528
0	173
0	67
0	163
0	134
0	157
0	100
0	135
0	512
5	229
8	470
0	106
6	0
3	191
0	530
0	527
474	353
4	33
0	244
6	143
0	182
0	318
2	227
6	40
9	1
1	1373
0	1314
0	1364
8	963
0	312
5	167
2	375
0	156
7	815
0	247
45	322
0	485
1	413
17	136
15	212
0	110
0	2
0	2
104	480
0	135
5	472
6	274
0	124
0	0
0	0
0	0
0	0
0	0
0	0
0	0
18342	0
0	2626
0	2230
94	237
0	500
15	2305
0	2203
0	2366
0	1831
9	202
98	0
53	150
0	1210
0	82
0	696
68	88
3	20
28	31
0	0
0	0
0	0
0	0
16	40
0	110
181	151
1	46
0	4
0	41
0	0
0	0
0	0
0	0
0	0
0	0
0	0
0	0
0	4
0	4
0	4
0	4
0	0
0	0
0	0
0	0
2	0
0	0
0	0
6	123
2	123
0	5
0	4
0	0
34	0
0	0
0	0
0	0
0	0
0	0
0	0
0	0
0	0
0	0
0	0
0	0
0	0
0	0
0	0
0	0
0	0
0	0
0	0
0	0
0	0
2	0
0	0
0	0
0	0
0	0
0	0
0	0
0	0
0	0
0	11
0	6
1	5
0	5
0	2
2	1
14	0
0	11
0	0
0	0
0	0
426	752
1	65
8	663
0	155
0	143
96	208
8	7
0	60
2	354
1	310
15	30
0	341
0	315
41	67
0	2
0	130
35	148
7	119
0	45
1	15
0	27
0	48
0	51
0	31
0	7
3	9
5	6
239	236
14	1498
17	1585
0	1625
120	1497
170	261
14	278
4	48
0	0
0	52
0	0
0	0
0	0
0	0
2	16
16	49
2	0
0	49
1	0
5	1
0	202
0	1
3	105
404	206
0	0
0	0
0	0
0	0
0	0
0	1005
0	0
0	253
1	328
0	1254
0	1480
0	1029
0	1491
0	992
0	671
1	1481
0	1455
0	296
5	146
0	1004
0	127
1	666
0	252
2	159
0	103
0	135
5	124
3	232
0	125
4	132
63	347
3	75
2	162
0	127
2	241
0	66
0	53
0	12
0	242
358	0
0	0
0	0
9	0
41	569
51	516
1	168
0	181
5	2
3	99
0	0
0	122
0	52
1	103
1	100
0	48
0	95
0	63
3	50
0	120
66	231
5	8
2	231
0	895
29	922
0	304
25	139
0	14
3	66
2	496
136	3
0	0
14	200
7	973
8	462
0	38
21	0
21	177
1	973
5	0
0	16
23	6
16	15
13	2
0	60
8	785
2	168
0	294
7	781
0	223
4	185
0	317
0	189
47	309
0	364
0	202
0	0
0	0
0	0
0	0
0	0
0	0
23	36
0	0
0	0
0	0
0	0
1	0
0	0
0	0
4	6
0	6
0	1
0	0
0	1
0	0
0	216
298	1139
0	2224
1	31
9	211
26	2224
36	228
65	2533
546	2533
0	1
0	0
0	1
0	0
0	0
0	0
0	0
17	176
0	176
0	33
4	10
5	33
0	420
0	412
4	410
0	256
6	83
0	0
0	0
0	0
0	0
0	0
0	0
0	0
0	0
7	26
20	26
0	4
1	3
18	2
1	1
0	0
0	0
0	0
0	0
0	0
199	1967
11	848
0	1803
3	787
6	259
0	59
0	83
0	76
1	23
0	76
4	4
2	0
0	0
0	0
0	4
0	0
0	0
0	0
0	0
0	0
0	0
0	3
0	3
0	3
0	0
0	2
0	2
0	1
458	252
55	24
13	45
0	183
243	99
0	0
0	4
0	2
3	93
0	0
0	0
0	0
0	0
0	0
0	0
116	74
1	74
11	1909
0	7984
2	7962
2	7981
138	0
55	3041
2	7834
0	4195
0	5203
18	7876
0	647
0	636
0	637
0	606
0	410
0	54
5	112
19	283
0	102
4	15
7	22
0	18
2	246
9	251
1	251
5	1
0	35
2	13
3	13
0	9
3	575
44	1004
17	1461
5	1207
0	1002
647	216
0	216
0	0
0	0
0	0
478	8440
62	8440
17	4
1008	0
45	1273
10	246
0	998
147	63
6	217
38	379
0	996
0	1255
1	114
8	84
0	19
1	69
128	261
0	31
0	15
1	19
5	42
1	18
0	39
0	51
1	137
1	7
0	7
0	0
0	0
0	0
0	0
516	0
0	0
427	13
46	13
409	805
2	641
0	152
0	131
3	90
0	111
0	101
0	76
0	44
2	49
0	80
0	60
0	0
0	0
0	0
0	0
0	0
0	0
0	0
0	0
0	0
0	0
0	0
0	0
0	0
0	7
11	7
0	0
0	0
0	15
2	15
0	1
0	0
104	0
0	0
0	0
0	0
0	0
95	65
0	47
2	64
1	20
11	22
0	22
0	65
17	1410
0	128
9	1410
0	0
0	0
0	0
14	517
0	536
1	514
0	61
0	352
7	0
2	536
0	0
0	0
0	0
0	0
0	0
0	0
0	140
0	255
0	222
25	63
0	100
0	49
0	169
2	0
0	0
0	0
0	0
0	0
0	0
0	0
0	0
0	0
0	0
173	522
5	1061
0	31
0	59
2	53
0	1029
0	1366
3	583
0	1302
28	492
0	1128
17	164
1	451
0	1365
3	0
0	0
0	0
400	0
50	1586
0	76
13	21
0	42
0	946
0	156
0	59
17	30
2	768
16	465
0	131
0	2
0	2
590	498
9	27
5	197
2	315
9	586
0	431
14	228
862	651
39	180
0	0
6	20
0	17
0	15
0	0
0	227
30	401
3	27
0	23
0	26
0	18
0	3
0	22
1	147
33	4
4	102
19	94
14	41
21	85
78	141
6	115
0	62
0	0
0	0
0	0
0	0
0	0
5	17
0	17
0	303
11	281
32	8
0	48
0	12
0	262
0	211
0	68
0	22
0	15
0	39
9	114
0	0
20	171
3	4
1	22
37	8
0	171
0	87
7	92
3	87
0	64
0	44
7	45
0	10
0	14
497	0
0	232
26	235
0	119
0	23
1	9
0	1128
0	1156
138	380
2	150
0	893
2	904
5	52
4	73
6	66
0	54
8	67
0	73
15	102
5	8
0	1
0	1
2	0
0	1
0	1
0	1
0	1
0	0
79	6
0	6
0	0
0	0
1	0
0	0
0	0
0	0
0	0
0	0
0	1575
125	77
2	1367
0	1350
1	455
14	27
0	1575
34	859
10	857
13	155
22	6
0	184
0	0
0	0
0	0
31	312
0	100
1	42
4	28
3	49
0	38
2	34
7	176
1	51
0	38
12	35
0	174
0	174
0	36
3	176
0	1
0	50
0	4
0	4
0	4
0	0
3	0
0	0
0	0
0	355
0	355
0	45
2	4
0	18
0	249
1	75
0	0
0	0
0	20
0	0
0	0
0	0
0	0
0	0
0	0
0	0
0	0
0	0
0	7
0	311
0	0
0	7
0	0
0	0
0	0
1	311
0	0
0	0
0	0
0	880
0	0
0	0
0	0
0	0
0	0
0	0
0	0
0	0
0	0
0	0
0	0
1	85
0	0
0	2
0	0
0	0
0	3
0	22
1	461
0	0
0	0
0	0
0	0
0	0
0	0
0	0
0	0
0	0
0	0
0	0
0	0
0	74
0	465
0	1139
0	155
0	10
0	38
0	38
0	10
0	0
1	0
0	0
0	29
76	0
0	0
1	0
0	0
0	0
0	518
0	419
0	258
0	306
0	0
0	0
0	0
0	9288
0	7947
0	0
0	0
0	0
0	0
0	0
0	0
0	0
0	0
0	526
13	0
0	0
0	18
0	0
0	0
0	0
119	0
0	99
0	163
0	572
0	9
603	0
2	0
56	0
0	64
0	0
0	0
100	118
5	118
0	224
0	222
0	0
0	0
0	0
0	0
0	0
0	0
0	0
0	0
0	0
0	0
0	0
0	0
0	0
0	0
0	0
0	0
0	0
0	0
0	0
0	0
0	0
0	0
0	0
0	0
0	0
0	0
0	0
0	0
0	0
0	0
0	0
0	0
0	0
0	0
0	0
0	0
0	0
0	0
0	0
0	0
0	0
0	0
0	0
0	0
0	0
0	0
0	0
0	0
0	0
0	0
0	0
0	0
0	0
0	0
0	0
0	0
0	0
0	0
0	0
0	0
0	0
0	0
0	0
0	0
0	0
0	0
0	0
0	0
0	0
0	0
0	0
0	0
0	0
0	0
0	0
0	0
0	0
0	0
0	0
0	0
0	0
0	0
0	0
0	0
0	0
0	0
0	0
0	0
0	0
0	0
0	0
0	0
0	0
0	0
0	0
0	0
0	0
0	0
0	0
0	0
0	0
0	0
0	0
0	0
0	0
0	0
0	0
0	0
0	0
0	0
0	0
0	0
0	0
0	0
0	0
0	0
0	0
0	0
0	0
0	0
0	0
0	0
0	0
0	0
0	0
0	0
0	0
0	0
0	0
0	0
0	0
0	0
0	0
0	0
0	0
0	0
0	0
0	0
0	0
0	0
0	0
0	0
0	0
0	0
0	0
0	0
0	0
0	0
0	0
0	0
0	0
0	0
0	0
0	0
0	0
0	0
0	0
0	0
0	0
0	0
0	0
0	0
0	0
0	0
0	0
0	0
0	0
0	0
0	0
0	0
0	0
0	0
0	0
0	0
0	0
0	0
0	0
0	0
0	0
0	0
0	0
0	0
0	0
0	0
0	0
0	0
0	0
0	0
0	0
0	0
0	0
0	0
0	0
0	0
0	0
0	0
0	0
0	0
0	0
0	0
0	0
60	6
3	6
0	1
0	1
0	1
0	1
0	1
0	0
0	0
0	0
0	0
0	2
0	2
0	2
0	0
0	11
13	33
0	19
0	7
0	1
3	4
2	0
0	0
0	3
3	3
0	2
0	0
0	0
3	0
0	0
0	1
1	1
0	2
0	2
0	13
2	10
0	10
0	0
0	0
0	0
0	0
0	0
0	0
0	0
0	0
0	0
0	0
0	0
0	0
0	0
0	0
0	0
0	0
0	0
0	0
0	0
6	0
57	16
0	16
0	63
1	64
9	182
130	188
4	8
0	2
0	2
0	8
1	2
3	36
0	21
1	24
1	0
1	0
0	0
0	15
0	0
0	0
2	0
0	0
9	0
3	0
3615	8173
0	0
17	0
7	0
0	0
0	0
0	0
0	0
0	0
0	1
1	0
1	0
0	0
0	0
0	0
0	5
0	0
0	0
75	319
0	0
0	0
0	0
0	0
0	0
2	7
0	0
0	0
3	0
1	0
0	1
0	0
16	23
0	0
3	0
0	0
0	0
0	0
0	2
203	2004
23	0
0	2
460	11201
0	0
5	0
0	0
4	0
0	0
0	0
0	0
0	17
0	0
0	0
0	0
0	0
3	0
0	0
0	0
0	0
394	172
0	0
0	0
0	0
1	0
0	0
0	0
0	1
1	2
0	0
0	0
1	2
0	2
0	0
0	3
0	57
0	5
1	0
0	0
1	0
17	6
10	0
1	0
0	0
0	0
1	0
1	3
0	0
0	0
1	0
167	422
990	6741
4	0
0	0
0	0
47	21
10	0
0	0
0	0
0	0
1	6
0	0
0	0
5	1
0	2
0	0
0	0
3	0
0	0
0	0
0	0
0	0
0	0
0	0
229	25
0	24
0	198
0	174
0	0
0	0
0	0
0	0
0	0
0	0
1	0
0	0
0	0
0	0
0	0
0	0
0	0
0	0
0	0
0	0
18	59
33	113
60	114
0	23
14	84
0	83
0	17
1	1
7	1
5	0
1	0
8	31
1	2
25	0
0	0
3	0
2	0
0	0
0	0
0	0
0	0
3	0
0	0
0	0
0	0
0	0
0	0
0	0
0	0
9	0
0	0
0	0
0	0
0	0
0	0
0	0
0	0
0	0
0	0
0	0
1	297
0	98
0	175
0	0
0	0
0	0
0	0
0	0
0	0
0	0
0	0
0	0
0	0
0	0
0	0
0	0
269	1533
0	1269
0	0
8	487
1676	843
0	0
0	0
0	0
0	0
0	0
0	0
0	0
0	0
0	0
0	0
0	0
0	0
0	0
0	0
0	0
0	0
0	0
0	0
0	0
0	0
0	0
0	0
0	0
0	0
0	0
0	0
0	0
0	0
0	0
0	0
0	0
0	0
0	0
0	0
0	0
0	0
0	0
0	0
0	0
0	1
0	30
6	1
0	1
0	0
0	0
0	0
0	0
0	0
0	0
0	0
0	0
0	0
0	36
0	36
0	0
0	0
5	0
0	0
0	0
0	0
0	0
51	93
0	8
0	0
1	8
0	8
0	8
0	7
0	0
0	0
0	0
3	3
0	0
0	0
0	0
0	0
0	0
0	0
0	0
0	0
0	0
0	0
0	0
5	11
0	14
0	6
0	16
0	0
0	0
0	0
0	0
0	0
0	0
0	0
0	0
0	0
0	0
0	0
0	0
0	0
0	0
0	0
0	0
0	0
0	0
0	0
0	0
0	0
0	0
0	0
0	0
94	36
0	5
4	11
0	0
0	0
0	0
0	0
0	0
0	1
0	5
4	41
0	5
0	0
0	0
0	0
0	0
0	0
0	0
0	0
0	0
0	0
0	0
0	0
0	0
0	0
0	0
0	0
0	0
0	0
0	0
0	6
6	24
0	4
0	0
0	0
0	0
0	0
0	0
0	0
0	0
0	0
0	0
0	0
2	17
1	17
0	0
0	2
0	2
0	0
3	1
0	1
0	0
0	0
0	0
0	0
3	0
0	0
1	1
1	1
1	1
0	0
5	44
30	68
0	0
0	0
0	0
0	0
0	0
0	0
0	0
0	0
0	0
0	0
0	0
0	0
0	0
0	0
0	0
0	0
0	0
0	0
0	0
0	0
0	0
1	0
0	4
0	4
0	0
0	0
0	0
3	5
0	0
1	0
0	0
0	0
0	0
0	1
0	0
0	0
0	11
0	8
0	4
1	343
9	459
0	10
0	11
21	92
0	39
48	19
0	19
62	68
0	76
0	0
0	0
0	0
0	0
0	0
0	0
0	0
0	0
0	0
0	0
0	0
0	0
0	0
0	0
0	0
0	0
0	0
0	0
0	0
0	0
0	0
0	0
0	0
0	0
0	0
0	0
0	0
1	26
0	26
4	123
4	119
7	519
16	380
0	0
2	0
0	5
0	3
15	13
0	0
2	0
0	0
0	0
0	0
0	0
0	0
0	0
0	0
0	0
0	0
0	0
0	0
0	0
0	0
0	0
0	0
0	0
0	0
0	0
0	0
0	0
0	0
0	0
0	0
0	0
3	18
0	14
15	18
11	45
1	39
11	38
3	0
0	8
1	6
0	1
0	3
0	3
0	0
0	1
0	0
0	1
0	1
0	0
0	0
0	0
0	0
0	0
0	0
0	0
0	0
0	0
0	0
0	0
0	0
0	0
0	0
0	0
0	0
0	0
0	0
0	0
1	8
0	16
0	0
0	0
0	0
0	0
0	0
0	0
0	0
0	0
0	0
0	0
0	0
0	0
0	0
0	0
0	0
0	0
0	0
0	0
0	0
2	2
0	2
4	1
0	10
0	10
6	4
2	0
4	0
0	0
0	0
28	0
0	0
32	108
42	173
0	283
0	267
0	5
0	5
0	0
0	0
0	0
0	0
0	0
2	274
66	63
3	320
0	16
13	31
0	22
0	18
0	0
0	2
8	98
17	27
2	64
3	70
0	0
0	0
0	3
0	0
0	0
0	0
0	0
0	0
0	0
0	0
0	0
0	0
0	0
0	0
0	0
0	0
0	0
0	0
0	2
1	3
27	1
0	2
0	2
1	9
0	0
0	0
0	0
0	0
0	0
0	0
0	0
0	0
0	0
0	0
0	0
0	0
0	0
0	0
4	0
0	0
0	0
0	0
0	0
0	1
0	1
3	84
0	61
4	18
31	11
0	11
13	35
0	6
0	26
0	0
0	0
0	0
0	0
0	1
0	1
11	20
0	7
0	0
0	0
0	0
0	0
0	0
0	0
0	0
0	0
0	0
0	0
0	0
0	0
0	0
0	0
0	0
0	0
0	0
0	0
0	0
0	0
0	0
0	0
0	0
0	0
0	0
0	0
0	0
0	0
0	0
0	53
0	53
0	0
0	0
0	0
0	0
0	0
0	0
0	0
1	2
1	6
0	2
2	0
0	0
0	0
0	0
0	0
2	2
0	2
0	0
0	0
0	0
0	0
0	0
0	0
0	0
0	0
0	0
0	0
0	0
0	0
0	0
0	0
66	89
0	89
30	3
21	0
0	0
0	0
0	0
0	0
0	0
0	0
0	0
0	0
0	0
0	0
0	0
0	0
0	0
0	0
0	1
0	1
0	0
0	0
0	24
0	0
0	0
0	0
0	0
0	0
81	17
0	17
0	0
0	0
0	0
0	0
0	0
0	34
0	27
0	0
1	0
0	0
1	0
0	0
0	0
0	0
0	0
0	0
0	0
0	0
0	0
0	0
0	0
0	0
1	1
0	2
0	0
0	0
0	1
0	0
0	0
0	0
0	5
0	12
0	0
0	0
0	0
0	0
0	0
0	5
0	0
12	2
0	5
0	0
0	0
0	0
0	0
0	0
0	0
7	364
0	134
0	150
0	312
2	25
0	315
23	151
0	141
0	0
0	2
6	4
0	1
0	1
0	1
0	3
0	2
0	1
0	3
0	1
0	0
0	1
0	1
0	6
0	6
0	1
0	1
0	5
0	5
0	1
0	1
0	0
0	0
0	0
0	0
0	0
0	0
0	0
0	0
0	0
0	0
0	0
0	0
0	0
0	0
0	0
0	0
0	0
0	0
0	12
0	8
0	4
0	0
0	0
0	0
0	0
0	0
0	40
0	23
0	0
0	0
0	0
0	0
0	0
0	0
0	0
0	0
0	0
0	0
1	22
21	1023
0	0
0	0
0	0
2	0
0	0
0	439
17	1902
0	0
0	0
0	0
0	0
0	0
0	0
0	0
0	0
6	14
0	0
0	724
0	0
0	0
0	0
0	0
0	80
0	0
6	2794
0	0
0	0
2	0
0	9
0	0
0	0
0	0
0	0
1	24
0	91
0	21
0	0
0	0
0	0
3	1008
0	0
0	0
0	0
0	0
0	0
0	0
0	0
0	0
0	0
0	0
0	0
0	0
0	0
0	0
0	0
0	0
0	0
0	0
0	0
11	148
0	0
0	0
0	0
135	81
283	1581
4	39
0	0
6	0
0	2
0	382
0	0
0	11
0	0
0	0
0	0
7	0
9	0
30	0
0	0
0	1
0	0
0	0
1	70
2	137
0	0
0	0
0	0
3	0
7	180
0	0
0	0
4	0
0	0
0	0
0	117
0	0
0	0
0	0
0	0
0	180
0	0
0	0
4	15
0	0
0	0
2	38
4	1067
0	0
0	0
0	0
0	0
0	0
0	0
0	0
0	0
0	0
2	191
0	0
0	0
0	0
0	0
0	0
0	0
0	0
0	0
0	21
0	0
0	0
1	0
0	0
5	1951
0	145
0	0
0	0
0	0
0	4
0	0
0	112
37	273
0	0
0	147
0	2
0	0
1	0
0	0
0	0
0	0
0	0
0	0
0	4
0	0
178	2070
2	2480
0	70
0	0
0	0
2	16
0	0
0	0
0	0
0	0
0	0
0	0
0	0
0	6
0	0
0	0
4	3406
0	0
0	0
0	0
0	0
0	0
0	0
0	0
11	3843
0	0
0	0
3	495
1	462
0	0
0	0
0	27
0	0
0	0
0	0
0	0
0	0
0	0
0	0
0	35
0	4
0	0
0	0
205	7384
0	0
2	0
0	149
7	0
0	996
0	0
0	0
55	0
0	0
0	272
0	0
0	1
0	0
0	0
0	0
2	7815
0	0
0	0
0	0
3	39
0	0
0	0
0	105
0	0
0	0
0	0
0	0
1	3
0	0
0	0
2	2
0	2
0	0
1	0
0	0
0	0
0	0
4	4756
0	0
0	0
0	0
0	0
0	0
2	0
0	0
59	703
2	108
0	5
0	0
0	0
2	4
0	0
0	0
0	0
0	0
110	65
0	0
0	0
0	0
0	388
0	0
2	0
97	786
0	0
0	0
0	0
0	0
0	0
0	0
0	0
3	345
0	0
0	0
0	0
172	6530
0	0
0	0
0	0
0	0
0	0
0	0
0	0
0	9
0	0
0	1
2	13
1	0
0	1585
0	11
0	0
0	0
0	546
0	26
0	0
0	0
1	9
0	0
0	1
12	4421
0	0
2	443
0	10
0	0
0	203
0	2672
0	0
0	228
0	0
0	0
1	24
6	0
0	0
0	0
1	0
1	0
0	0
0	0
12	0
0	0
0	1542
0	0
0	177
0	0
5	2376
0	0
3	251
0	0
0	0
9	0
0	0
2	436
0	0
0	2715
11	850
0	0
0	0
0	0
2	63
1	0
0	32
0	0
0	0
0	3256
0	0
0	0
0	0
0	244
7	0
0	0
0	3
4	0
0	0
2	0
0	99
0	0
2	9
0	0
0	0
0	0
6	1122
2	8
0	0
0	0
0	2
5	150
0	0
0	0
0	0
5	3814
0	7
0	0
0	0
0	0
1	306
0	0
0	0
0	0
0	0
0	0
0	2
2	316
5	0
0	0
0	0
2	3
0	119
0	0
0	0
0	0
0	0
0	0
0	3862
0	0
0	0
1	250
0	621
0	3
0	0
0	0
1	3421
0	0
0	3
0	0
0	1
1	23
4	282
0	0
5	0
0	0
0	0
0	1
0	0
0	0
0	0
0	0
0	0
0	0
0	6
0	0
0	0
0	0
2	16
0	79
0	0
0	38
0	0
1	0
0	0
0	0
0	0
6	245
0	0
3	0
0	0
0	0
0	0
0	0
0	0
0	5
0	0
0	0
0	0
0	0
5	0
0	1
0	0
0	104
0	0
0	0
11	3804
0	0
0	0
0	0
0	0
0	0
0	4
0	0
0	0
0	0
3	0
0	0
4	0
0	1
0	0
2	20116
0	28
0	1136
0	0
6	130
0	0
1	10
0	0
3	12
0	1
0	3
0	0
0	0
0	0
0	0
0	0
0	0
0	0
0	0
0	0
0	0
0	0
0	0
0	0
2	0
0	1
0	0
13	3999
0	1
0	0
4	542
0	0
0	0
0	0
1	24
0	0
0	0
0	0
0	3
8	5531
0	28
0	0
0	0
0	0
0	0
33	188
0	481
0	0
0	0
0	0
0	0
0	0
0	0
0	0
0	0
0	117
0	0
0	0
0	0
0	0
0	0
0	0
5	0
5	11
0	0
0	0
0	0
0	0
0	0
0	1150
0	0
0	0
0	0
0	0
0	0
0	0
74	821
0	0
2	0
0	0
0	757
0	0
0	0
0	0
0	0
0	2
0	0
0	0
0	0
0	0
4	6620
0	0
0	168
10	3
0	0
2	4
0	0
45	198
0	0
0	0
0	0
0	0
0	0
0	0
0	0
0	0
0	0
2	0
5	0
1	20
0	0
0	0
0	5
22	3178
0	0
260	4858
0	0
0	0
0	0
0	0
602	3748
0	0
0	0
0	0
0	0
0	2
0	2
25	0
0	0
0	50
0	0
0	0
2	98
0	0
0	747
0	0
0	0
0	0
0	1
0	0
9	799
0	0
0	0
0	0
0	0
0	0
0	0
1	0
0	0
0	0
0	0
1	367
0	0
0	0
0	0
0	0
0	285
0	0
76	1769
180	6368
0	0
0	0
30	3390
0	0
0	0
0	31
0	24
0	0
0	0
0	0
0	0
0	0
0	6607
0	0
0	0
0	116
0	0
0	0
0	1
0	0
1	0
0	0
0	0
0	0
0	0
0	0
0	6
0	0
0	0
0	0
1	769
5	0
0	0
0	0
0	0
0	0
0	0
0	0
0	0
0	972
0	1
2	537
0	0
0	0
3	6
0	0
0	0
0	0
0	6
0	0
0	0
12	0
0	0
0	16
0	0
0	84
0	3
0	0
2	485
0	0
0	0
13	0
0	0
0	0
0	0
0	0
0	0
0	0
0	0
0	0
3	0
0	0
2	0
0	0
19	5525
0	0
0	0
8	0
0	0
0	0
0	391
0	0
0	0
0	23
0	0
1	362
0	0
0	0
0	0
0	0
0	0
0	0
0	119
0	0
0	0
0	0
0	0
0	0
0	34
33	162
1	0
0	0
1	57
0	0
6	721
0	178
0	0
1	0
0	18
0	46
0	0
0	0
0	0
0	0
0	0
0	0
0	0
0	0
0	0
0	0
0	0
0	0
6	0
1	0
0	11
0	0
51	1878
0	701
0	0
0	0
0	0
0	23
5	0
0	0
0	0
1	0
0	0
355	293
0	0
0	0
0	0
0	2
0	0
1	1
0	0
0	0
0	0
0	0
2	4184
5	620
0	0
0	0
1	82
0	0
6	445
0	0
0	0
7	0
0	0
0	0
0	0
0	0
0	0
0	0
31	3507
0	0
0	0
0	0
0	1
16	646
2	1608
25	827
0	0
0	0
0	0
0	5
0	0
2	3167
0	1
13	881
0	7
0	0
0	0
0	0
0	0
0	0
4	7
0	0
0	0
0	2
0	2
0	0
0	2
0	1980
0	0
0	0
0	0
0	0
0	2
0	0
15	781
0	0
1	589
0	0
0	0
1	2
0	1
0	0
0	0
0	0
0	280
1	14
0	0
0	0
0	0
0	0
0	0
0	0
0	6937
5	0
49	328
0	0
0	463
0	0
12	6
0	0
0	388
1	2
2	48
0	0
0	12
1	3
0	0
2	0
5	3
0	22
0	0
4	193
0	0
0	0
0	0
0	0
0	0
0	103
0	0
0	0
8	0
1	177
0	0
0	9
0	0
0	0
8	329
0	5
0	0
0	0
0	0
0	0
0	0
0	0
0	0
1	0
0	0
0	1007
0	0
0	0
1	0
0	0
0	0
0	0
0	6021
0	0
0	0
0	0
0	0
0	0
0	0
0	650
3	4480
0	0
8	625
0	0
0	0
0	0
0	0
0	0
1	0
1	312
0	0
5	13
0	0
4	7
1	0
0	0
0	0
0	0
0	0
0	0
0	4
0	0
6	1974
0	27
0	0
4	43
0	0
0	0
0	0
0	0
0	1
0	0
0	0
0	0
112	117
0	0
0	4
0	0
0	0
0	0
0	0
0	0
0	1
1	36
0	0
0	0
0	98
0	0
0	0
0	5
0	0
3	1088
0	1
0	0
0	0
2	3004
0	0
0	0
2	79
0	0
0	0
0	0
0	0
0	1
0	0
2	0
0	1
0	0
0	0
0	0
0	0
0	42
0	0
0	0
0	0
0	0
0	0
1	1923
0	0
0	0
0	0
0	0
0	0
17	2863
3	0
10	777
0	0
0	0
0	0
0	0
3	0
0	0
0	0
0	0
0	0
5	5
2	88
0	0
0	0
0	0
0	0
5	273
0	0
0	0
0	0
0	0
5	85
0	0
0	0
1	69
0	0
0	1
0	0
0	0
13	3428
0	0
0	0
4	675
0	0
0	0
0	0
2	29
7	0
4	0
0	0
0	0
0	4
0	0
0	0
0	0
0	0
0	0
0	40
0	0
0	14
16	15
0	0
1	4
0	0
5	34913
0	0
0	0
0	1
0	0
0	0
0	0
212	6571
0	0
0	0
3	0
0	0
3	255
1	3
4	3
0	0
0	0
0	0
0	16
0	0
0	0
0	24
0	0
0	92
0	1
0	0
1	1222
0	0
0	157
0	546
0	0
2	542
0	0
0	0
1	0
0	18
1	1644
0	0
0	0
0	0
0	9119
0	0
0	0
0	0
0	0
0	0
0	0
0	0
0	8
0	0
0	0
2	0
0	0
0	3
0	0
2	0
0	0
0	0
2	0
2	0
0	1
0	0
0	11
0	0
0	672
7	1465
0	0
22	6931
0	0
0	0
0	0
0	0
0	0
0	0
0	0
0	30
1	1041
0	11
0	0
0	73
1	26
0	0
0	0
0	0
8	321
0	1
0	0
0	39
0	2
0	0
0	0
0	1
0	0
8	1978
0	32
21	307
0	15
1	190
0	0
0	0
0	6426
0	2
3	3505
0	0
0	0
0	6
1	5
1	0
0	0
10	618
0	0
0	0
0	0
4	0
1	3
0	0
0	124
0	0
0	0
0	0
0	0
1	1
0	0
0	0
0	0
0	1
0	2
0	0
0	0
0	0
2	8
0	137
0	0
0	0
0	0
2	1
0	0
0	0
0	0
0	1
0	1
37	140
0	0
0	0
0	0
0	0
0	0
5	2697
3	0
6	0
0	0
0	0
1	0
7	454
0	0
1	0
0	0
8	151
14	2589
0	0
5	279
1	13
0	6
0	0
0	0
39	2955
0	0
0	0
0	33
0	129
0	1264
4	6
2	4869
2	9
0	0
0	0
319	3417
0	0
0	0
36	0
0	0
0	0
0	0
7	5
0	70
0	0
0	0
3	97
0	0
0	0
0	10
0	0
5	17
0	0
0	0
0	547
1	274
0	0
0	0
0	0
0	0
0	0
0	0
0	2
0	5
0	0
0	0
0	22
0	9
0	0
0	0
1	1
0	0
0	0
0	0
0	0
0	0
11	216
0	0
0	0
0	0
0	0
0	0
0	2
0	0
0	0
0	0
1	3
4	4
0	0
0	0
0	0
0	0
0	675
8	102
0	0
0	0
0	0
0	0
0	0
0	0
0	0
0	0
0	0
0	3
0	256
1	0
0	0
2	252
0	0
0	0
0	0
0	0
0	0
0	0
0	0
0	0
0	0
0	0
3	124
4	26
0	0
2	9155
0	0
10	4
0	0
0	0
0	0
5	1
0	0
0	0
535	1679
0	0
3	97
0	0
0	5
1	673
29	307
0	1
0	0
0	0
0	0
6	0
15	7227
0	0
0	0
0	0
0	4
1	0
0	0
0	0
0	0
0	0
0	0
0	0
0	0
0	0
0	0
0	0
0	760
0	0
3	374
0	2
0	0
0	0
0	0
0	0
0	80
0	0
0	0
1	0
0	0
0	0
0	0
0	0
0	0
0	0
0	0
9	55
0	0
1	227
0	3779
0	0
0	0
0	0
0	0
0	0
0	0
0	0
0	0
0	0
0	0
0	0
0	0
3	1
0	0
0	0
0	0
0	0
0	0
0	0
0	0
0	0
0	0
0	0
0	0
0	0
0	0
0	0
0	0
0	24
0	0
0	126
5	0
0	0
0	0
0	0
0	0
0	0
0	0
0	0
0	0
3	261
0	125
0	0
0	0
8	3710
0	0
0	271
0	0
0	0
0	0
0	0
0	0
0	0
0	0
0	0
0	0
2	0
0	0
0	0
3	938
0	0
0	0
0	0
0	0
0	4
0	0
17	614
0	0
0	0
0	0
0	0
0	0
0	0
0	0
0	0
0	0
0	0
0	0
0	2
7	0
478	2090
0	0
0	0
0	0
0	0
0	0
0	0
0	0
0	0
0	0
0	0
6	470
0	0
0	1
0	0
0	0
9	6888
0	0
0	271
0	0
0	0
0	8
0	0
0	0
0	0
0	0
0	73
33	460
0	0
0	0
0	0
0	0
0	0
5	0
0	0
0	0
0	0
0	0
0	0
1	22
0	69
0	0
0	0
0	143
0	0
0	0
0	0
0	0
0	0
0	0
0	0
0	0
0	0
0	189
0	0
0	0
0	15
0	0
0	126
0	0
0	0
6	127
0	0
24	100
0	0
0	0
5	631
4	11
0	71
0	0
0	0
0	0
0	0
0	5
0	0
0	0
0	0
0	0
21	4
0	25
0	0
0	0
0	0
0	0
0	0
1	33
0	0
0	0
0	0
0	0
0	0
0	0
0	0
0	85
0	0
0	0
0	0
0	73
0	114
0	44
0	0
0	0
0	39
0	2
0	0
0	0
1	658
0	0
0	4
0	0
0	66
0	0
0	4
0	0
0	0
0	0
0	0
0	0
1	359
20	617
0	0
0	0
0	0
0	0
0	0
0	0
10	299
0	0
0	1
0	0
0	0
0	0
0	0
0	0
0	0
0	0
0	0
0	2
0	0
0	0
0	0
0	1
0	3438
0	0
11	46
0	20
0	0
0	275
0	0
0	0
0	0
0	0
0	0
0	0
10	11541
4	3
0	0
0	0
0	0
0	0
0	0
50	380
0	0
0	0
0	0
0	0
0	0
11	112
0	0
1	2977
0	0
0	0
0	0
0	0
0	0
0	0
1	155
0	0
0	0
0	0
3	1110
0	0
5	967
0	0
0	0
0	0
14	69
0	0
1845	9833
0	27
0	0
0	0
0	0
0	0
0	0
3	1200
2	39
0	0
5	460
0	0
10	52
1	0
0	6
0	0
0	0
0	0
0	0
0	0
0	0
0	17
0	0
0	0
0	0
0	0
0	0
0	0
0	0
0	0
0	0
0	0
0	555
0	0
0	0
1	4
0	0
4	532
0	0
0	11
49	126
0	0
0	0
0	0
0	0
0	0
0	0
0	57
0	0
0	0
0	0
0	0
0	0
0	0
0	9057
0	0
0	0
1	1
0	0
3	364
0	0
0	0
0	0
0	0
0	182
0	0
0	3
0	0
0	0
0	0
2	2
0	0
1	0
0	0
0	0
0	0
0	0
0	0
0	0
0	0
0	0
0	0
0	1
0	0
0	0
0	0
0	0
0	0
0	0
2	0
0	0
0	0
4	124
0	0
0	8
6	1106
0	0
3	0
0	0
0	0
0	0
0	0
11	2265
0	0
0	0
7	0
0	0
0	5
0	0
0	0
0	3
0	0
0	0
0	0
0	0
0	0
1	304
4	6
0	0
0	0
0	0
0	80
0	0
0	0
1	0
0	0
0	0
0	0
0	1330
0	0
4	40
0	0
0	0
0	0
0	0
0	0
0	151
0	0
0	0
2	0
0	0
0	0
0	3
2	160
0	0
0	0
5	0
0	0
18	476
0	3
0	0
0	0
0	0
0	0
0	0
0	2205
0	0
0	0
0	0
0	0
3	2463
0	0
0	12
4	111
0	0
0	0
0	0
0	0
0	0
0	0
0	0
0	0
7	0
0	0
0	0
0	7
0	0
0	0
0	0
0	0
0	0
0	0
0	0
0	0
5	417
0	0
138	1235
0	0
5	141
0	0
4	385
0	0
0	0
0	0
0	6
0	0
0	93
0	0
0	0
0	0
0	0
0	0
1	56
0	0
41	227
0	0
0	0
0	6
0	0
0	0
0	115
0	0
0	0
23	325
0	0
0	0
0	0
0	5
0	0
0	0
0	0
0	0
0	0
0	0
0	0
1	0
0	0
0	0
0	53
0	0
0	4
1	209
0	260
14	469
0	0
0	0
0	0
0	0
0	0
0	0
0	0
0	0
0	0
0	0
0	0
0	0
0	0
14	6484
0	1
0	0
7	37
0	0
0	0
0	6
0	0
24	93
0	0
0	0
0	0
0	59
0	1
0	0
0	0
0	170
0	0
0	0
18	4886
0	0
0	0
0	0
0	0
0	0
0	0
0	0
0	0
0	0
0	0
0	0
0	0
1	0
0	0
0	0
0	4
1	0
0	0
16	5516
7	638
0	0
0	0
0	0
0	0
0	0
0	0
0	0
0	16
39	234
6	3143
0	5008
2	0
0	0
0	0
0	1
0	0
0	3
0	0
0	1
0	0
0	0
0	123
0	0
0	8
121	178
0	0
0	0
0	3
0	0
0	5630
0	1
0	0
0	0
0	0
0	0
0	0
0	0
0	0
1	0
0	0
0	114
0	0
0	5
0	0
0	0
0	33
0	0
1	0
0	0
0	0
0	0
0	0
0	0
0	0
0	0
0	0
0	0
0	0
0	1
0	0
216	521
3	709
7	26
0	24
0	0
0	0
0	0
0	0
0	2
6	201
0	0
80	990
0	83
0	0
0	0
0	0
0	0
0	0
0	0
0	0
0	0
1	110
0	0
0	0
0	54
0	107
0	0
0	0
0	0
0	254
1	13
32	634
0	0
0	0
0	0
0	0
0	0
4	175
0	0
0	0
0	0
0	0
0	0
2	10
0	0
0	0
0	0
0	0
0	0
0	0
0	3
1	3731
0	16
0	171
0	0
0	0
0	0
0	0
0	0
5	0
1	1
0	0
0	0
0	6
0	0
0	0
0	0
0	2
0	19
0	0
0	0
0	0
0	0
0	40
0	7
0	0
2	0
0	0
0	0
0	33
0	0
1	8
2	21
0	2
1	1
0	1049
0	0
0	0
4	4
0	2
0	0
1	0
11	1270
0	0
0	0
0	0
0	0
12	8
0	0
0	13
0	0
0	0
0	0
0	0
0	0
0	0
0	0
0	0
0	0
0	14
0	0
2	162
0	0
0	22
0	0
0	0
320	14005
11	80
1	277
6	9
0	0
0	1
0	0
0	0
0	0
0	0
0	0
0	0
0	0
0	0
0	0
0	0
1	40
0	0
0	41
0	2
0	0
0	0
0	0
0	0
0	0
0	3
0	0
0	0
0	0
0	0
0	0
0	0
1	336
0	0
0	1
0	0
2	38
0	0
0	0
0	0
0	0
0	0
0	0
0	12
0	0
0	0
1	0
6	0
0	0
0	0
0	0
0	0
0	0
0	0
0	0
0	0
0	0
0	0
0	0
0	0
0	0
0	0
0	0
14	91
0	13
0	0
0	0
4	0
0	0
0	290
0	0
17	0
0	6
0	0
0	0
0	0
0	2
0	0
0	0
0	0
0	0
0	0
0	0
0	113
1	0
0	0
0	0
15	293
7	15
0	2
0	0
0	0
279	973
0	0
0	0
5	1
0	0
0	0
0	0
0	0
0	0
0	0
559	4129
0	0
0	0
0	0
0	85
3	0
0	0
0	186
61	116
0	3
9	853
0	0
0	0
0	0
0	0
0	0
0	0
0	0
0	0
0	0
0	0
0	0
0	0
0	0
0	0
0	0
0	0
0	0
0	0
0	0
3	153
0	0
0	0
0	0
0	0
0	0
1	1
0	0
0	0
0	0
0	0
3	2
0	0
0	1
0	0
0	0
0	0
0	0
0	0
2	843
0	38
0	0
0	33
0	0
0	0
0	0
5	818
0	0
0	0
13	355
0	0
28	625
4	363
0	0
0	0
0	0
0	0
0	0
0	0
0	57
0	0
0	0
0	1
0	0
0	0
175	425
0	0
7	0
0	0
0	0
0	0
0	0
1	414
0	0
0	0
0	0
5	375
0	0
0	0
0	6862
0	0
0	0
1	0
0	0
0	0
0	5
0	587
0	0
0	0
0	0
0	0
0	0
0	0
0	0
0	0
0	0
0	0
0	0
0	0
0	0
24	418
0	0
0	0
0	0
0	0
0	0
0	0
0	0
0	0
0	0
0	8
0	699
0	0
1	1
0	21226
0	12
0	0
0	0
0	0
0	0
0	0
0	0
0	139
0	0
0	1
0	0
0	2486
2	0
0	0
3	414
0	0
0	0
0	0
0	0
0	0
0	0
0	0
0	0
0	0
0	8
0	0
0	0
0	0
0	0
0	0
0	0
0	0
0	0
0	0
1	4660
0	0
0	29
0	0
0	0
0	0
0	0
0	0
0	0
0	172
0	0
0	0
1	5877
0	0
0	0
0	0
0	0
0	47
0	0
0	0
3	0
0	2
0	0
0	0
0	0
0	0
8	1133
0	0
0	0
3	0
0	0
2	14
0	0
1	15
0	0
0	0
0	0
0	0
0	0
0	0
0	0
0	0
0	0
0	0
0	4
0	0
0	0
0	0
0	0
0	0
0	32
0	0
0	0
0	0
0	42
0	0
0	0
0	0
0	0
0	0
0	0
16	0
0	873
2	2809
0	120
0	0
5	997
0	0
0	0
0	0
103	825
0	0
0	1049
0	0
0	0
0	0
0	0
0	0
0	0
0	0
0	0
0	0
0	0
1	427
0	0
5	0
12	243
0	0
0	22
0	0
0	0
0	388
0	0
0	270
0	0
0	0
0	0
0	0
8	673
0	7
0	0
0	0
0	0
0	0
0	113
0	0
0	9115
0	1
1	6479
0	11
8	65
0	0
2	141
0	0
0	0
0	13
0	0
0	0
0	0
0	0
0	0
0	0
0	1
0	0
0	0
3	2216
0	0
0	0
0	0
0	0
0	43
0	0
0	0
0	0
0	0
3	1
1	0
0	13
0	0
0	4793
17	0
0	0
1	0
0	0
4	508
20	0
0	170
0	0
0	118
0	0
0	299
0	0
0	0
5	642
0	0
0	2
0	0
4	136
0	0
3	0
0	0
0	56
2	1
0	0
0	0
0	0
0	0
0	0
0	0
0	0
0	0
0	0
2	464
0	0
0	0
11	116
0	0
0	0
0	0
0	0
0	0
0	0
1	1005
0	0
0	0
0	0
0	0
0	0
10	4634
0	0
0	0
0	0
0	0
0	0
0	0
0	0
0	0
0	0
0	0
0	0
2	34
0	0
0	0
0	0
0	0
77	11982
0	0
0	0
0	0
0	1
0	0
0	50
0	0
0	0
0	0
0	0
0	0
0	0
5	1128
0	0
0	2
0	113
6	972
0	0
0	0
0	0
0	0
0	0
0	0
0	0
0	0
0	0
0	1
0	0
0	0
0	0
0	3
0	0
0	0
0	0
0	0
0	0
0	0
0	0
0	0
0	0
0	0
0	0
0	0
0	0
33	4972
0	0
0	0
0	0
1	1
0	0
0	0
0	2
0	0
0	0
0	0
0	0
3	347
0	107
0	2
0	0
0	0
0	10
0	0
0	0
0	0
0	0
0	0
0	0
0	0
0	0
8	2989
1	0
0	0
0	2
0	0
0	0
0	0
0	0
0	32
0	0
11	408
0	0
0	0
1	0
0	0
0	0
0	0
0	0
0	0
0	471
0	0
0	0
0	0
0	0
0	0
0	0
0	0
0	0
0	0
0	0
0	0
0	0
85	10
0	0
0	0
0	0
0	0
0	0
0	0
0	0
0	0
0	0
8	7
0	0
0	0
0	414
0	0
9	70
0	0
0	0
0	0
0	0
0	0
6	0
0	1
0	0
0	43
0	4
0	0
0	318
0	2566
0	0
0	0
0	29
0	0
11	6884
1	103
0	0
3	26015
1	0
0	0
0	0
0	0
0	0
0	0
1	25
0	0
29	1951
0	32
0	0
0	0
0	3
1	0
0	0
0	0
0	0
0	0
0	0
0	120
0	0
0	0
0	0
0	0
0	0
0	2
0	39
0	0
0	0
0	0
0	0
0	161
0	0
0	0
0	0
0	0
0	0
1	0
0	56
0	0
0	0
0	0
0	0
0	0
0	0
0	0
1	218
4	58
0	0
5	1
0	0
0	1
0	0
0	0
0	0
0	0
15	5635
0	0
2	248
0	0
1	0
0	0
0	0
3	869
0	0
0	2
0	0
0	0
0	12
0	0
0	404
0	0
0	0
3	79
0	0
0	4
0	0
0	0
0	0
298	6643
0	0
0	0
0	0
1	0
10	1434
0	0
0	0
0	0
0	0
0	0
0	0
0	0
0	0
0	0
0	0
0	0
1	0
0	0
0	0
0	0
0	0
0	0
0	0
0	0
0	3
0	0
3	0
6	0
0	0
0	0
1	1
0	0
0	0
0	0
0	0
0	0
0	311
0	1
0	0
1	5
0	1
0	0
12	4164
0	0
0	449
0	0
0	0
0	0
0	0
1	0
0	0
0	0
0	0
0	0
0	248
0	0
1	1
0	0
0	0
0	0
5	2201
0	0
0	0
4	0
0	212
0	0
0	0
0	0
9	0
0	0
0	0
0	0
0	0
0	0
0	0
0	0
0	0
0	0
0	0
0	0
0	0
0	0
0	0
0	0
0	0
0	0
0	41
0	0
0	6
0	2
0	0
0	0
0	0
0	1
0	0
0	0
0	0
0	0
0	0
0	0
0	0
0	0
0	0
0	0
31	2444
0	705
0	0
0	289
112	689
0	0
0	0
0	0
0	0
0	0
19	0
0	2
5	244
7	1
0	0
56	877
0	0
0	0
0	0
0	0
0	0
0	0
0	0
0	0
0	0
0	0
0	50
0	0
0	0
0	35
0	0
0	0
0	0
0	18
18	89
0	0
0	0
0	0
0	0
0	0
0	0
0	2
0	0
0	0
0	0
0	0
2	1
0	0
0	0
0	326
0	0
0	0
0	0
5	1425
0	0
0	0
0	0
0	108
0	0
0	14
0	0
0	0
0	0
0	0
0	0
12	956
0	0
0	0
0	11
5	5
0	10
5	523
0	0
0	7
0	0
0	0
0	0
8	7
0	0
0	0
1	0
51	7
0	0
0	0
0	0
0	0
0	0
13	2603
0	0
2	963
1	137
0	0
0	0
0	0
3	754
0	0
0	0
0	4
0	0
4	6767
0	0
0	0
0	0
0	0
0	0
0	0
0	0
0	0
2	368
1	674
0	0
0	0
0	0
0	0
0	0
0	1
0	0
0	0
0	0
0	30
0	0
0	17
27	1
10	25852
0	0
1	8
0	0
48	979
0	0
0	0
3	87
0	389
0	114
0	0
0	0
0	0
0	0
3	1
0	0
0	0
0	0
5	995
5	5
0	0
1	80
0	0
0	3
0	0
0	0
0	1
0	0
0	0
0	1
0	0
0	7
0	0
0	7
0	0
0	578
0	0
4	4
0	0
0	9
0	0
0	0
2	4
1	1
0	45
0	0
0	0
0	0
0	0
6	107
33	71
2	0
0	0
0	0
0	7
0	0
63	4936
3	1
0	0
0	0
0	0
0	0
0	0
0	0
0	0
0	0
0	0
0	0
0	2
1	0
0	0
3557	9916
0	0
0	0
0	0
0	0
0	0
2	2
0	20
0	0
0	0
0	0
0	0
0	0
0	0
0	158
0	0
0	0
1	110
0	0
0	0
0	0
0	0
0	0
0	4
0	0
0	0
0	0
0	0
0	0
0	0
0	0
15	3949
0	0
0	0
0	0
0	0
0	0
4	464
0	0
0	0
1	662
0	0
0	0
0	0
0	0
0	0
0	0
34	146
0	0
0	0
0	0
0	42
0	2
0	0
0	3
1	0
0	0
0	0
0	0
0	0
1	1
19	4345
0	0
0	0
0	10
0	0
0	0
0	0
0	1
7	1
4	0
7	1
9	0
0	0
0	0
0	0
0	35
0	0
0	703
0	0
0	4
0	0
0	0
0	0
0	0
0	160
0	3
0	8
10	0
0	0
1	0
0	0
0	1
0	0
0	0
0	0
0	0
0	0
0	0
0	0
0	0
6	0
0	578
3	14
3	0
0	0
0	0
0	1
0	0
0	0
0	0
12	55
3	0
0	0
0	0
1	1
0	0
0	0
0	0
0	0
0	0
0	0
0	1
0	0
0	0
0	0
0	0
0	0
0	1
0	0
0	0
0	0
0	0
0	0
0	1
0	38
0	2867
4	0
0	0
0	2
0	2
0	0
0	38
0	0
1	0
0	2
0	0
0	0
0	0
0	0
0	0
0	0
0	2
0	0
5	1021
0	0
0	0
0	0
0	0
0	0
0	0
0	0
0	0
0	0
0	0
0	0
0	0
0	0
0	0
0	0
0	0
0	0
1	83
0	0
0	92
0	0
0	0
0	0
0	0
0	0
0	0
0	0
0	0
0	0
0	0
0	0
0	0
0	0
0	0
0	0
0	0
0	0
0	0
0	0
0	0
2	20
14	10
0	0
0	0
0	31
0	2336
0	0
0	0
0	0
0	42
0	1
0	0
0	0
0	0
0	241
0	0
0	0
0	0
5	0
0	0
0	0
0	0
0	0
0	0
0	0
0	0
0	0
0	0
0	0
54	1201
1	0
0	0
0	6025
0	50
0	0
0	0
0	0
0	0
0	0
0	3
2	1047
0	0
0	7
0	0
2	0
0	0
0	0
0	13
28	28
0	0
0	0
0	0
22	4907
0	81
0	0
0	102
0	0
0	0
0	0
0	0
0	8
0	0
0	0
0	0
0	0
0	4242
0	1
0	0
2	0
0	0
0	0
0	0
4	163
0	0
0	0
0	0
0	0
0	0
0	0
0	0
0	0
0	0
0	0
0	0
30	58
0	0
10	261
0	1509
0	0
0	40
0	0
0	0
0	0
0	0
0	0
0	0
0	0
0	0
0	0
0	0
0	0
0	0
0	10
0	0
2	1
0	0
16	0
0	0
0	0
0	0
3	0
0	0
0	7728
0	0
1	1094
76	629
0	1095
0	0
0	0
0	29
0	0
3	2687
0	0
0	0
1	0
2	88
0	7
0	0
0	0
0	0
1	2
0	0
0	0
0	7
0	0
0	0
0	0
0	0
0	0
0	0
0	6
0	0
0	0
0	0
0	0
0	0
0	6
0	0
0	0
0	0
0	0
0	52
4	0
0	0
0	0
0	0
0	0
0	0
0	0
0	0
0	0
0	0
11	0
0	0
0	0
0	0
0	0
0	10
0	0
0	0
0	0
0	8
0	1049
0	0
0	0
0	0
0	0
0	10
0	0
213	231
0	1
11	0
0	0
0	0
0	0
0	0
0	0
3	0
0	0
0	0
0	6
0	0
0	453
0	0
0	0
0	0
0	0
6	0
0	0
0	0
0	0
0	0
0	7
0	589
0	0
0	138
0	0
4	17
0	0
0	0
0	0
0	2
0	0
1	0
0	0
0	0
0	0
0	0
0	0
0	0
0	114
0	235
0	1
0	0
0	0
0	0
0	0
0	0
0	0
0	0
0	0
1	192
0	0
0	0
2	2
0	0
2	33
1	3
0	0
0	6
22	0
0	0
0	0
0	0
0	254
0	0
16	1133
0	1
0	0
0	0
0	0
0	0
0	0
4	10
0	0
0	0
0	0
0	0
1	0
0	0
0	0
0	0
0	1
0	372
0	0
1	0
0	0
0	0
0	0
0	0
0	0
0	0
0	0
0	0
0	0
4	280
0	0
127	273
8	0
0	0
4	405
1	0
0	0
0	0
0	0
0	0
0	0
0	0
0	0
0	0
0	0
1	0
0	965
1	0
0	1
0	202
0	0
0	0
1	0
0	0
0	0
0	0
3	0
0	0
0	0
0	0
28	1307
0	0
0	0
0	0
0	0
0	0
3	0
0	0
0	0
0	0
34	0
11	1569
3	283
0	0
0	0
0	2
19	21716
0	0
2	0
0	0
0	0
0	0
0	0
0	7847
0	0
0	0
0	0
0	0
2	0
0	0
0	0
0	0
0	11
2	84
0	0
0	19
0	0
2	2156
0	5
0	0
0	0
0	0
0	0
0	0
0	0
0	0
0	0
1	0
27	160
0	0
0	0
0	0
16	5576
9	1210
4	0
0	0
0	0
0	0
0	0
0	0
0	0
0	0
0	4
1	0
0	0
0	0
15	761
0	0
0	0
0	0
0	0
0	0
4	1648
0	0
0	0
0	0
0	31
0	13
2	1423
0	0
0	0
0	13
0	0
0	0
0	19
0	0
5	0
0	0
0	5
0	0
0	0
0	0
0	0
0	0
0	518
3	183
0	0
0	0
0	0
0	0
0	0
1	607
0	0
0	0
0	0
0	0
0	0
0	9689
0	0
0	0
0	0
5	5692
0	7
0	0
0	0
21	374
0	0
0	1
0	0
6	365
4	9
0	129
0	0
7	269
4	0
14	4505
0	0
0	0
0	0
1	0
0	1
0	0
0	0
0	0
0	0
0	1
0	0
0	0
0	0
0	235
0	0
0	0
0	0
0	0
4	3
17	0
0	0
0	0
0	0
0	0
0	0
0	0
0	0
0	0
16	0
0	0
4	0
1	147
0	0
0	0
2	1
0	0
0	0
2	638
0	0
0	129
0	0
0	0
0	0
0	0
0	0
0	0
0	0
31	9198
0	0
2	3730
0	0
0	0
0	0
0	0
4	0
1	2919
0	0
0	0
4	34
0	0
0	50
4	414
0	0
23	9203
0	0
0	0
0	0
0	7
0	0
0	0
0	0
0	0
0	0
2	0
0	0
0	0
3	355
0	0
0	0
3	28
0	7
0	11
10	3033
0	0
0	0
0	1
0	0
0	0
0	0
0	0
0	0
0	0
1	0
36	4
0	0
0	0
0	0
0	1
0	8
0	0
0	0
1	143
0	0
0	0
0	0
0	420
0	0
0	3
0	0
0	0
0	84
0	0
0	0
0	0
24	367
0	0
0	0
0	0
0	0
1	0
1	0
0	0
1	254
0	0
2	8
1	0
0	0
0	544
0	0
0	0
0	0
0	0
0	0
0	0
0	0
0	0
0	0
0	0
2	236
0	0
1	15
0	0
0	0
0	1558
5	6149
12	8508
6	1151
0	1
0	11
0	0
0	0
0	97
0	0
0	0
0	0
0	0
2	1
0	1
0	0
8	47
0	0
0	0
0	0
0	0
1	21
0	0
0	1
0	0
0	0
12	0
0	0
0	8947
3	1311
0	0
0	0
9	839
0	0
0	0
0	1783
0	2
0	18
0	1700
87	418
0	0
0	0
0	0
0	0
0	0
0	0
3	63
1	0
5	3461
0	0
0	16466
0	9
0	258
0	0
0	0
0	0
0	0
96	104
0	0
0	0
20	88
1	0
0	0
0	0
0	0
0	0
0	0
0	0
0	0
2	14
0	0
0	0
3	106
0	0
0	0
0	0
0	0
1	525
0	0
0	0
0	0
0	65
0	0
0	0
16	0
0	0
0	0
0	0
0	2
0	0
2	8
0	0
0	0
0	0
0	0
2	0
0	0
2	207
0	4
0	1
11	1136
0	0
0	0
0	0
0	0
0	0
0	0
0	0
1	6849
0	0
0	0
0	0
0	119
18	47
0	0
0	0
2	235
0	0
3	274
0	1
11	72
0	0
0	0
0	0
2	5410
0	0
0	1
2	891
7	0
5	0
2	15
0	7078
0	0
0	0
0	0
0	12
0	0
0	0
0	0
0	0
0	0
0	0
19	3885
0	0
0	0
0	0
0	0
3	3
3	0
15	579
118	168
0	0
0	0
0	0
0	0
12	909
0	0
0	0
0	0
0	1325
0	0
0	0
7	2
0	0
0	0
1	0
0	87
0	0
0	0
0	0
0	0
0	0
0	0
1	0
0	0
0	0
0	29107
0	0
0	0
0	0
0	186
0	0
0	0
0	0
0	0
0	0
9	433
0	125
0	0
0	3
0	0
0	7
0	1
0	0
1	0
0	0
0	0
2	47
1	56
0	0
0	134
0	0
0	0
0	0
0	0
0	0
0	77
0	0
0	0
0	0
0	0
0	0
0	0
0	0
0	0
0	0
0	0
0	0
0	0
0	0
0	0
0	78
0	0
6	1882
0	0
0	0
0	0
11	3053
0	0
0	0
0	0
0	0
0	0
0	0
1	70
15	23
0	0
0	0
0	0
2	2737
0	0
0	0
0	0
0	32
0	0
0	0
0	0
0	0
10	287
0	0
0	0
0	0
0	279
0	2
0	0
0	0
0	1948
0	0
0	0
0	0
0	0
0	0
0	0
0	20
0	0
0	53
0	0
0	0
0	26
0	0
0	0
0	0
0	86
0	0
0	0
0	1
0	0
0	0
0	0
0	0
0	0
3	48
1	36
0	0
0	0
0	0
4	701
0	0
0	0
0	0
0	0
0	0
0	0
0	0
0	0
1	5
0	3
0	11721
1	1411
0	0
0	0
0	471
0	0
38	3370
0	0
0	0
0	0
0	0
1	1430
0	0
0	2
0	2
0	0
0	15
0	0
0	0
0	0
0	0
0	0
0	0
0	0
0	0
0	0
1	0
0	5
0	281
4	1966
0	0
0	0
0	0
0	0
0	0
0	0
0	0
0	0
23	0
3	1149
0	0
0	0
0	0
0	0
0	0
0	0
0	0
0	0
0	2
33	0
6	3392
0	0
0	0
0	0
0	0
0	0
3	80
0	0
0	0
0	0
0	0
0	0
0	0
0	0
0	0
0	0
0	0
0	0
2	0
0	32
8	5684
1	0
0	0
0	260
12	8267
0	0
0	0
0	0
1	0
1	0
0	0
0	0
2	91
0	0
0	0
0	0
0	0
83	0
0	0
0	0
0	0
0	0
0	0
0	0
0	0
0	0
1	2838
1	3
0	1
0	0
3	4
0	0
0	0
4	0
0	0
13	25842
0	0
0	0
0	0
0	0
0	0
0	0
0	0
0	0
0	2
0	3
0	0
0	0
0	0
0	0
0	0
0	0
0	0
0	0
0	0
0	0
0	0
1	126
0	0
0	0
0	0
0	0
1	0
0	0
12	31
0	579
10	61
0	0
0	0
1	41
0	0
0	0
0	0
9	0
0	0
0	4
0	0
0	0
0	4
2	152
0	0
0	0
0	0
0	0
0	0
0	0
0	2
0	0
0	0
0	18
0	2022
0	0
5	23
0	0
0	0
0	0
0	0
0	0
0	0
0	0
0	0
0	3
0	0
0	305
0	0
0	0
0	0
0	0
0	2
0	0
0	0
0	6868
0	0
0	0
5	19
0	0
0	0
0	0
9	355
7	9
0	0
0	0
0	277
0	0
2	0
0	1151
0	0
0	0
0	0
0	0
0	0
9	1897
0	0
0	0
0	0
0	0
0	1
0	0
0	0
0	0
0	0
0	0
0	0
0	0
0	7
0	0
2	0
0	0
0	0
0	0
2	49
0	0
5	89
1	124
0	20
0	0
0	0
0	241
2	0
0	0
0	0
1	0
0	4
0	0
0	1
0	0
0	0
0	4240
0	0
0	19
0	0
0	0
0	0
0	0
0	0
2	0
0	0
2	208
0	0
0	0
0	0
0	0
0	0
0	0
0	0
0	0
31	49
0	6
0	711
0	0
2	509
0	0
0	0
8	21
1	0
9	188
1	80
0	0
0	117
0	0
0	1
9	578
0	0
0	0
0	0
0	0
0	0
0	0
0	76
0	0
3	492
0	0
0	0
1	91
0	1
0	0
4	13
0	0
0	0
0	6472
0	1
0	0
0	0
1236	4614
2	42
24	4595
0	162
3	366
1	18
0	0
0	1737
0	0
0	0
0	0
0	0
0	0
16	17
0	0
0	0
0	0
11	41
1	0
5	31
0	0
0	0
0	0
0	0
0	7
0	0
0	243
0	0
1	192
1	39
0	4
0	0
0	50
0	0
0	0
0	0
3	144
3	94
0	0
14	2036
0	0
0	0
0	34
0	0
0	0
0	0
0	0
0	0
0	0
0	0
0	209
0	0
0	327
0	0
0	0
0	0
0	0
0	0
0	0
0	3
0	0
17	1572
16	1180
0	3
2	0
0	0
1	9
0	0
0	0
6	0
0	0
0	0
0	0
1	0
0	0
0	0
0	0
0	2
15	0
0	0
1	195
12	534
6	729
1	0
0	0
0	0
3	36
0	0
0	0
0	0
0	0
0	0
0	0
0	0
0	0
0	13
31	31
0	2
0	0
0	0
356	2491
0	0
0	0
0	0
0	0
0	0
0	0
0	12
0	0
0	0
0	0
0	0
0	0
0	0
0	0
0	0
0	0
0	0
0	0
0	0
0	0
0	0
0	0
0	0
2	18
0	0
0	0
3	72
0	0
74	1438
0	0
1	0
0	0
0	0
0	0
0	0
0	0
0	15
0	0
6	719
0	0
0	0
0	143
1	28
0	0
0	0
0	0
0	0
0	1
0	0
0	0
0	0
1	0
0	0
0	0
5	479
3	178
0	0
0	0
0	0
0	0
0	247
20	64
0	93
0	0
10	2189
1	387
1	395
0	0
0	0
0	0
0	0
0	0
0	0
0	1
0	1
0	0
0	3
0	0
0	0
46	825
0	0
0	0
3	3
0	0
0	0
0	0
4	3902
0	0
0	0
30	4455
0	0
0	0
0	47
1	21
0	0
0	0
0	0
0	0
0	0
0	0
0	0
0	0
0	0
0	4
0	0
0	0
1	0
0	65
0	0
0	0
2	1670
0	0
0	0
0	0
0	0
4	21
0	0
0	0
0	0
0	0
0	3
0	0
0	0
0	0
0	0
0	0
0	0
0	0
0	0
0	0
0	0
0	0
0	0
0	0
0	9
0	0
0	0
0	0
1	0
0	0
0	0
0	0
0	0
0	39
1	28
0	6
0	0
74	184
0	5
1	17
0	0
0	0
0	151
0	0
10	12
0	0
25	581
27	2544
4	21
0	0
0	0
0	0
0	0
0	0
1	1839
0	83
0	0
0	0
53	732
0	41
0	0
1	4
0	0
0	0
0	0
0	0
0	0
10	98
0	0
0	0
0	0
0	0
0	0
0	0
0	0
0	0
0	228
0	0
0	0
0	203
0	0
0	0
0	0
0	0
0	0
0	0
0	4
0	0
0	0
27	352
0	186
0	10
21	95
0	338
22	277
0	1
0	0
0	0
0	0
0	0
0	0
0	0
0	0
6	4
10	0
0	0
0	0
0	300
0	0
110	1665
2	0
0	0
0	0
0	0
0	0
0	0
0	0
0	0
0	0
0	0
0	0
0	19
3	0
1	76
0	0
0	0
0	0
3	2587
6	13
0	0
0	0
0	0
0	0
0	0
0	0
0	0
0	0
2	210
0	0
0	0
0	0
0	36
0	0
0	0
0	0
0	6
0	5
0	0
0	0
0	0
0	0
0	200
0	0
0	0
0	0
0	0
32	665
6	2258
0	0
0	0
0	0
0	0
0	0
0	0
8	0
0	0
6	0
4	0
0	0
0	0
0	0
0	0
2	25
586	5066
3	0
0	0
0	0
0	11
0	0
0	0
0	0
0	0
16	7440
3	478
22	0
0	34
5	2745
0	0
0	0
0	0
0	0
0	0
0	0
10	0
6	236
0	1
0	0
0	0
0	0
1	2
0	4538
0	29
0	0
0	201
0	0
0	0
0	0
0	0
0	0
0	0
3	230
1	0
0	0
0	0
1	0
0	0
0	0
0	0
8	28
0	0
0	0
0	0
0	0
0	0
0	5
0	0
0	0
1	132
0	0
0	0
0	0
1	0
0	0
0	0
0	0
0	0
0	0
0	0
2	999
0	168
6	0
0	0
4	1392
0	0
0	0
1	0
0	0
0	0
0	0
0	0
0	0
0	0
0	0
0	5
0	0
0	0
0	0
0	0
0	0
1	1
2	187
0	0
3	841
0	0
0	0
0	0
0	0
0	0
0	0
1	33
0	0
0	0
0	0
1	273
0	0
0	0
0	6
5	6893
0	0
0	0
3	3
0	0
0	0
0	0
6	0
0	0
0	0
0	0
0	0
0	0
0	0
0	0
0	3
5	468
0	1
9	261
0	0
1	0
1	1
1	1171
0	0
6	114
0	2
0	0
0	0
0	0
0	0
0	0
0	0
0	13
0	0
0	0
0	0
0	752
0	0
11	11
0	0
0	0
0	0
0	0
0	0
0	0
0	0
0	0
0	0
0	0
0	0
20	202
0	9
24	170
1	454
0	0
0	0
0	0
0	0
0	1
0	0
0	0
0	0
1	5
0	0
67	706
3	3391
0	2
0	0
0	0
0	1252
0	0
0	0
0	0
0	58
0	0
0	0
0	1
0	286
0	0
0	0
0	0
0	0
0	0
0	0
11	0
0	0
0	0
0	4
2	20
0	0
0	0
0	0
0	0
0	0
0	0
517	4038
0	1
0	0
6	2470
0	0
0	3
0	0
0	0
0	0
0	0
0	0
0	0
0	0
0	20
123	3932
0	0
3	0
0	0
0	2
5	0
0	1
0	0
0	0
0	0
0	0
17	80
0	1
0	0
0	0
0	0
3	889
0	1
0	0
0	0
0	0
5	1104
0	3
0	0
0	0
0	0
18	2256
0	0
0	8148
1967	4458
0	0
0	0
0	0
0	0
0	0
0	0
17	35
0	0
0	0
0	0
0	0
0	0
0	0
25	874
0	0
0	0
0	0
0	1
0	5
0	0
0	0
0	208
0	0
0	0
0	0
0	0
0	0
0	0
0	0
6	432
1	114
0	0
0	0
0	0
15	9557
0	0
0	1
0	0
1	51
0	0
1	796
0	0
0	0
0	0
0	0
0	1
13	80
4	0
0	1252
0	607
0	7
0	0
0	553
0	0
0	0
0	66
0	0
0	552
0	0
0	0
0	0
0	0
0	0
2	0
0	0
1	38
0	0
9	1
0	0
0	0
3	1
0	0
0	0
4	4910
0	0
0	0
0	0
0	0
0	0
0	0
0	0
0	0
0	0
0	0
1	0
0	34
0	0
0	0
0	0
0	0
0	0
0	0
1	1
0	0
0	0
0	116
0	0
0	0
0	0
9	247
0	0
0	0
0	0
0	0
27	428
0	1
5	237
0	257
4	150
0	0
1	0
0	0
0	0
0	0
0	7
3	0
0	0
0	5
0	0
0	1034
0	0
0	0
0	0
0	0
0	0
0	115
0	0
0	0
0	0
0	0
0	0
0	0
0	0
0	0
0	0
0	0
1	152
0	598
0	0
0	0
0	0
0	0
0	0
0	0
0	0
0	3
0	0
0	71
0	0
0	0
0	0
0	0
0	0
1	282
29	619
0	984
0	0
0	0
0	12
1	0
0	0
0	0
0	0
0	0
0	0
0	0
0	0
2	6
0	0
0	0
0	0
7	2439
6	110
0	0
0	0
0	0
0	405
0	0
0	0
3	468
0	0
0	0
0	3
0	0
0	0
61	388
5	0
0	0
10	2016
0	0
2	4
0	0
0	0
0	0
0	0
2	2
0	0
0	28
0	0
0	1
1	53
0	47
0	1
0	0
0	460
1	135
0	0
0	0
0	1
0	0
0	0
0	0
0	0
0	0
0	0
0	0
0	0
1	155
0	0
0	8
0	0
0	0
0	0
0	0
0	0
0	0
1	71
0	0
0	89
0	0
0	0
0	0
18	6577
0	0
0	199
0	2
6	12
0	0
1	2
15	1
0	3
0	0
0	0
0	0
0	0
1	0
0	0
0	0
42	754
0	0
0	3
1	1974
0	11
0	0
0	0
0	0
0	39
0	0
0	0
0	0
0	133
0	0
0	0
12	361
0	155
0	0
0	0
0	103
0	77
0	0
0	0
0	314
0	0
0	0
0	0
0	0
0	1
0	0
0	1
0	0
0	3501
9	81
0	0
0	53
6	1652
0	0
0	0
0	0
25	573
0	0
0	0
0	0
0	0
0	6
0	0
2	21
0	0
0	2
1	22
0	0
1	282
0	0
13	2
0	0
0	0
0	0
0	0
0	0
0	0
186	15826
0	0
0	0
0	0
0	0
0	4
0	86
0	0
0	0
0	0
0	0
0	0
1	1
0	0
0	0
0	0
0	0
0	0
0	0
0	0
0	0
5	66
0	0
0	0
1	0
0	0
0	0
3	79
0	0
0	445
0	0
0	0
0	0
5	0
0	0
0	0
0	0
0	0
0	0
0	0
0	0
0	0
0	3
0	0
0	0
0	1
0	0
1	94
0	0
40	0
0	0
6	960
0	0
0	0
0	0
0	0
0	0
0	0
0	0
0	0
0	370
0	0
2	586
0	0
4	0
0	0
0	0
1	0
0	0
0	0
0	0
0	0
0	19
0	0
0	5
0	0
0	0
1	54
0	0
0	0
0	0
3	797
0	0
0	506
0	0
0	0
0	3
0	0
0	3
0	0
0	6
0	0
0	0
43	694
0	0
0	119
0	0
0	0
0	0
0	0
0	0
5	449
0	0
1	276
0	0
0	0
4	0
0	0
0	0
0	0
0	9
0	0
0	0
0	0
0	0
0	0
8	0
1	0
0	1
0	0
0	0
0	0
0	0
0	0
0	0
2	258
0	0
0	0
0	0
0	0
0	0
32	595
0	35
0	0
0	0
0	0
0	44
3	0
1	206
13	1415
0	44
0	0
0	0
4	88
1	1628
0	0
0	0
0	0
0	0
0	0
0	0
0	0
0	0
0	0
0	21
0	0
0	0
0	0
0	0
0	38
0	0
0	0
0	0
0	1
0	0
0	0
0	0
0	0
0	0
76	1397
1	4
0	0
0	0
0	0
0	0
0	0
0	0
0	0
0	0
0	10
39	2281
0	0
2	74
0	0
0	0
0	52
6	40
0	0
1	8
0	33
0	0
0	4
0	0
0	0
0	0
0	0
0	65
0	0
13	0
16	1681
0	0
0	0
0	58
0	2
10	0
0	0
0	0
1	660
0	0
0	0
0	0
0	0
0	0
0	0
0	0
0	0
0	3
0	0
11	495
0	39
0	0
0	0
0	0
0	0
0	0
114	5
0	0
0	0
0	1
12	217
1	76
0	0
0	0
1	7
0	0
0	0
0	0
0	0
0	0
0	0
17	867
0	0
1	0
107	24
0	759
0	0
0	0
0	0
0	0
1	26530
0	0
0	0
0	0
0	0
0	0
1	5
0	0
0	0
0	0
0	0
0	2582
0	0
0	0
2	6
0	0
1	0
0	0
1	0
0	0
2	0
0	0
0	0
0	0
1	0
0	0
7	0
0	0
0	398
0	0
0	3
0	0
0	0
0	19
0	0
0	0
0	0
0	0
3	0
0	0
3	0
2	0
0	0
0	0
0	80
0	457
0	0
3	0
0	0
0	0
1	4
0	0
0	0
0	0
0	0
0	0
1	33
0	1
0	0
0	7504
3	226
0	0
0	0
0	0
0	57
0	1
0	0
2	19
0	0
0	0
0	0
0	0
0	0
0	0
0	0
0	0
0	0
0	17
0	0
0	0
0	0
0	4
0	0
0	0
5	0
0	0
0	0
0	0
0	0
0	0
0	0
0	0
0	0
0	0
0	0
1	0
0	0
0	7
0	25
1	0
6	2312
0	0
0	0
0	0
0	0
0	5
0	0
0	0
0	0
0	0
0	0
0	0
0	0
0	0
0	0
0	0
0	0
0	0
0	0
0	0
7	0
0	0
0	294
0	0
0	0
1	1852
0	0
4	429
0	0
0	0
0	76
0	0
5	1
0	2
0	0
0	20
2	0
0	0
2	0
0	0
0	71
2	5958
0	0
0	0
0	0
16	100
0	0
1	0
0	3
0	0
62	527
0	0
82	706
0	0
0	0
1	2647
0	0
0	0
0	15
0	0
0	0
1252	741
0	2
0	0
1	0
1	0
0	0
0	13
5	3161
9	0
0	363
0	0
0	0
0	0
0	2
0	31
0	0
0	1
2	0
0	0
0	0
0	0
2	26
0	2477
1	81
3	1004
0	0
1	648
0	315
0	0
0	0
0	0
9	3721
1	0
1	12
2	1105
1	0
0	0
0	0
9	1470
0	36
4	2593
0	0
2	6
1	0
2	76
0	0
0	0
0	0
0	0
0	0
0	351
0	0
0	315
0	39
0	0
0	0
25	1035
3	1
1	2
0	0
0	115
0	33
0	0
0	317
0	0
0	0
0	0
6	2424
0	0
0	0
0	8
79	559
3	0
0	0
0	317
0	351
0	0
0	0
0	19
0	163
0	0
0	0
0	0
0	0
0	0
0	0
0	0
0	0
1	2
0	0
1449	998
0	0
6	3711
0	0
19	2062
0	0
0	0
0	0
0	72
3	171
0	0
0	0
29	623
6	168
0	0
0	0
0	0
0	0
0	0
0	0
0	0
0	148
0	0
14	4940
0	0
1	0
0	2
1	6
0	1
0	8
0	0
0	0
0	0
0	0
0	0
0	7
0	0
0	0
0	0
0	0
0	0
0	0
0	0
0	0
0	0
0	0
0	3
0	6
12	69
9	798
0	0
0	0
0	0
0	24
0	0
7	1
0	0
0	0
0	0
1	0
0	0
0	0
0	0
1	100
0	0
0	0
3	26
28	18
0	0
0	36
0	0
0	0
68	1101
1	0
0	1
0	0
0	0
0	0
0	0
0	0
0	0
0	0
0	0
0	0
0	0
0	473
6	1716
0	0
0	0
0	0
0	0
0	0
0	199
0	0
0	0
0	0
0	0
0	4
0	0
0	0
4	0
0	0
0	0
0	0
0	0
0	0
18	362
0	0
0	0
0	0
0	0
5	64
0	77
0	0
0	0
0	0
0	0
0	0
0	1
0	0
0	0
0	0
0	0
0	124
693	1562
0	0
0	0
0	0
0	477
1	106
0	0
1	0
0	0
0	0
0	0
0	0
0	0
7	866
0	6
0	0
0	12
0	0
0	0
0	0
0	0
0	0
0	0
0	0
0	0
0	0
0	0
0	1
0	48
0	0
1	8
0	0
0	0
0	0
0	0
0	0
7	0
0	0
1	134
0	824
1	10
0	0
0	0
0	0
0	5
0	23
5	3
0	0
0	39
0	0
0	0
0	0
9	13
0	0
0	0
0	0
2	111
0	0
0	0
0	0
0	0
0	0
4	13
0	26
0	0
0	0
0	0
0	0
0	0
0	0
0	0
0	0
2	444
0	4
0	0
0	0
0	0
0	0
0	0
0	0
0	0
0	0
0	0
1	1
2	13
0	0
0	0
0	0
0	0
0	0
1	500
7	7176
1	13
0	0
11	5
0	0
0	0
0	0
0	0
0	0
0	0
0	0
0	0
18	629
0	1
0	0
0	0
0	0
0	0
0	0
0	0
0	0
14	7508
0	542
0	0
1	138
0	0
0	0
0	0
0	0
0	0
0	0
0	0
0	0
0	0
0	0
0	0
0	0
17	140
0	0
18	0
1	1565
0	0
9	344
0	0
0	1
0	0
0	0
0	0
0	0
0	0
0	0
0	0
0	0
0	0
9	542
0	0
0	0
3	2
0	0
0	0
0	141
0	0
0	0
0	0
0	0
0	0
0	1221
10	26037
0	87
1	3
0	5413
0	0
0	0
0	0
0	3
0	0
0	0
1	0
0	0
5	612
0	0
4	2
6	0
2	9
1	1
0	0
0	0
0	0
0	0
0	0
0	0
0	0
0	0
0	0
3	0
0	0
0	0
0	0
0	0
0	0
0	0
0	0
0	0
41	27
0	0
0	0
465	1245
0	0
0	0
0	0
0	0
0	40
26	0
0	31
0	0
5	0
0	10
0	35
0	0
0	0
0	4
13	155
0	0
0	0
0	0
0	0
0	0
0	0
0	1
1	28
2	0
0	0
0	0
0	0
0	0
4	1703
0	0
0	0
0	0
0	0
0	0
0	0
0	0
0	0
0	228
7	152
0	0
2	2
0	0
0	0
0	0
0	0
0	0
0	7
0	0
0	0
0	0
0	0
0	0
0	122
0	0
0	0
0	0
0	0
10	323
0	0
0	0
0	0
1	81
0	673
1	1180
0	0
0	0
0	0
0	14
0	0
0	0
0	0
0	0
0	0
0	0
0	137
0	0
0	0
0	0
0	41
0	0
0	0
0	0
0	0
0	0
0	0
0	0
0	0
0	0
0	0
0	0
0	0
1	10429
0	0
0	0
0	0
0	0
0	0
0	0
0	829
0	0
0	0
1	3
0	0
0	0
0	0
0	0
0	0
0	0
0	0
0	246
0	0
0	0
0	0
0	0
0	0
0	0
0	0
0	92
0	0
0	66
0	0
0	0
0	0
0	0
1	7
0	0
0	0
0	0
0	19
0	0
0	0
0	5
0	0
0	0
0	0
0	0
2	304
0	0
0	47
5	1369
0	0
0	0
2	157
12	3762
0	0
0	0
0	33
0	18
0	0
0	5
0	0
0	14
0	0
0	0
0	0
4	104
23	498
0	0
0	0
298	3521
0	0
0	45
4	170
0	0
0	0
0	0
0	0
0	20
3	0
0	0
0	0
0	0
0	0
2	304
0	0
0	9
0	0
0	0
0	86
0	0
0	0
0	0
0	0
0	0
0	0
0	6
0	0
0	0
0	0
0	0
7	10
0	0
0	0
0	0
0	0
0	0
0	0
0	0
0	0
0	0
2	1
0	0
0	0
3	0
0	0
0	0
3	84
0	0
0	0
0	0
0	0
0	20
0	0
0	301
0	0
0	0
0	0
1	41
0	0
0	0
0	1
0	0
0	0
0	0
0	0
9	1697
0	20
0	0
0	0
0	0
0	0
0	5
0	0
3	162
0	0
0	0
6	0
0	0
0	0
2	0
0	0
0	1
0	502
0	0
1	25
0	0
0	0
0	0
7	0
0	0
0	0
0	0
0	509
0	0
0	142
0	128
2	5385
0	0
0	0
0	0
0	0
0	0
0	0
23	11
3	46
0	0
0	0
19	116
0	0
0	0
0	0
0	0
0	0
2	0
0	0
0	0
0	0
0	0
0	694
0	0
0	0
0	0
0	0
0	0
0	0
0	0
0	0
2	175
0	0
0	0
0	0
0	0
0	0
0	0
0	0
1	416
0	0
0	0
0	3
0	0
0	0
0	0
0	1
0	0
0	0
79	268
0	0
0	24
0	0
0	0
0	0
0	0
20	11050
0	0
0	0
0	0
0	9
0	0
0	0
0	0
0	16
0	0
1	4916
0	0
6	7
0	0
0	0
1	695
40	388
0	205
0	0
0	0
0	0
0	0
0	0
6	3428
0	0
7	85
0	0
0	262
0	67
0	0
0	0
0	150
0	195
0	0
0	0
3	806
0	0
0	0
0	149
0	0
0	0
0	0
0	0
0	0
0	0
0	0
0	17
0	0
0	0
0	0
0	0
0	0
0	0
0	0
0	264
0	0
0	0
0	8
0	0
0	0
1	20
0	0
0	0
0	0
0	0
0	0
0	0
0	0
46	156
0	0
0	0
0	0
0	0
0	0
2	0
0	57
5	0
0	0
1	4
0	0
0	0
0	0
0	0
0	0
0	0
0	0
0	5270
0	16
3	91
3	1083
0	0
58	1689
0	0
0	4
0	3
0	0
0	45
88	2443
0	0
0	0
11	451
0	0
18	164
0	0
0	0
0	0
0	0
0	0
0	0
0	0
1	130
0	1
1	5
0	0
0	1966
0	0
0	0
0	134
0	714
0	0
2	6314
0	1855
0	0
0	0
0	0
0	1
0	0
0	0
0	0
0	0
0	0
0	0
0	0
0	57
12	5
0	0
0	0
0	0
0	0
0	0
0	0
0	0
0	0
0	0
0	0
0	0
0	0
0	0
1	0
1	18
0	0
0	0
0	0
0	0
0	1448
0	0
0	0
0	4
0	0
3	0
0	0
0	0
0	5
0	0
0	0
0	0
0	0
0	1
4	104
17	61
0	0
0	0
0	0
0	0
0	0
0	0
0	0
0	0
0	0
0	0
1	0
0	0
0	0
0	0
0	0
0	4
0	0
0	0
0	2
0	15
0	0
0	0
0	0
0	0
0	14
21	3820
0	0
0	0
0	38
0	616
0	0
0	0
1	0
0	6
0	0
0	3
0	0
0	0
1	1119
0	10
1	0
6	15
0	149
0	9
0	0
0	0
3	0
0	0
0	0
0	0
0	12
0	0
0	1
0	0
0	0
0	0
4	142
0	0
0	0
0	0
0	0
0	611
0	0
0	0
0	0
0	0
11	852
77	254
0	0
0	0
0	0
0	0
8	0
0	0
0	0
0	0
0	0
0	0
0	0
0	0
4	0
5	5470
0	0
0	0
89	243
0	0
0	0
0	0
0	0
0	655
0	0
9	0
10	0
0	6
0	0
0	0
0	2
0	7
13	80
0	0
0	0
0	0
0	0
0	3
7	539
0	0
0	0
0	0
0	0
0	78
0	2
0	0
9	204
0	0
0	0
1	0
37	125
0	0
0	0
0	0
0	0
0	0
0	0
0	0
0	0
0	0
0	0
0	0
0	1
0	0
0	0
0	0
0	0
4	17
0	181
1	175
0	0
0	0
0	3
0	2
0	0
0	0
0	0
0	1
0	0
1	183
0	0
13	159
0	0
0	0
0	0
0	0
0	0
9	1251
5	86
5	35
0	0
17	663
0	0
0	96
0	0
0	93
0	0
0	0
0	0
1	0
0	0
0	0
9	0
0	22
10	0
1	12
2	10061
2	0
0	0
0	0
0	1081
0	4
0	0
0	0
0	0
0	0
0	0
0	0
2	2129
0	0
0	0
0	0
0	0
0	0
1	74
0	0
0	0
1	6
0	0
0	0
0	0
0	5
0	0
1	2
0	0
0	0
0	0
0	0
0	0
11	6678
0	0
0	0
1	3
0	0
0	0
0	0
0	0
12	0
1	8
0	0
0	0
0	0
3	0
0	0
1	5
0	0
0	0
58	965
0	0
0	0
0	0
1	1
0	0
0	420
0	0
0	0
0	0
0	0
0	0
0	0
0	0
0	0
0	0
0	0
0	2
0	0
0	0
0	0
0	0
0	0
0	0
0	0
0	12
0	167
0	0
0	0
0	5
1	0
0	0
0	0
0	0
0	0
1	9
0	3
0	0
0	69
0	0
0	0
0	0
0	0
0	0
0	0
0	0
1	7
0	0
12	3240
0	0
0	0
0	0
0	0
0	0
0	0
0	0
0	0
0	0
0	0
0	0
3	3564
0	0
9	205
6	2310
0	0
0	0
0	0
4	1006
0	0
0	0
0	0
0	0
0	0
0	0
0	0
4	15
0	0
0	0
0	1
0	0
0	0
0	0
0	0
0	0
0	0
0	0
0	0
0	0
0	0
0	0
0	0
25	163
197	10747
0	1
0	108
0	0
0	67
0	0
0	0
0	0
0	0
0	10
0	191
0	0
0	0
0	0
13	4632
0	0
0	0
0	0
0	21
5	0
0	0
22	0
0	0
0	0
0	0
0	0
0	0
0	0
2	3741
0	0
0	0
0	0
0	120
0	0
0	0
0	0
0	0
0	0
0	0
0	0
0	0
0	0
0	4
0	0
0	0
0	0
0	25
0	0
0	0
0	0
0	0
0	0
0	0
0	0
0	0
0	0
0	0
0	1138
0	0
0	0
0	1
0	0
0	0
0	0
0	0
0	0
0	24
0	2
0	0
0	0
0	0
0	0
32	0
1	0
0	0
0	0
0	0
0	1
0	0
0	270
0	0
0	271
0	0
0	0
0	166
0	0
1	1
0	0
0	0
1	37
0	0
0	0
0	0
0	0
1	0
0	6
0	0
0	0
1	17
0	0
0	0
0	0
0	233
0	0
0	4
0	201
0	248
0	0
0	0
0	0
0	0
0	0
0	0
0	0
0	0
1	0
0	0
0	0
0	0
0	0
0	0
0	0
2	0
2	2200
30	1087
0	0
0	40
0	0
0	0
0	0
0	0
0	0
0	0
1	0
1	1
0	0
0	0
1	4
37	3513
0	0
0	0
0	0
0	4
0	0
0	0
0	0
0	0
3	556
0	0
1	0
3	2
0	0
0	0
0	0
0	3725
0	0
0	0
0	0
0	123
4	830
0	0
0	7
0	0
0	0
3	450
0	0
8	2777
0	0
0	0
0	0
0	0
0	0
0	0
6	61
88	400
0	0
0	0
0	0
0	0
0	0
0	0
0	0
20	34
0	0
0	0
0	0
1	14
0	0
43	847
0	0
0	0
0	0
0	3
1	0
0	1
0	0
0	3
0	0
0	0
0	0
0	0
0	0
0	0
0	0
0	0
0	0
0	0
0	0
7	285
0	0
4	259
3	50
0	0
0	0
5	0
1	0
0	0
0	0
1	0
0	0
4	4
0	0
0	215
0	0
0	0
0	0
2	1740
0	0
0	0
0	0
0	168
1	0
0	0
0	0
19	0
0	0
0	0
0	0
0	0
3	275
42	1271
0	960
0	24
0	0
2	14
0	0
1	347
0	0
0	0
0	0
0	0
0	0
0	130
0	0
0	0
6	755
0	0
0	0
9	0
0	0
0	0
0	0
0	0
0	0
0	0
0	0
1	0
0	0
0	0
0	0
0	0
0	0
3	910
0	39
0	0
0	0
0	0
0	97
0	0
1	0
0	0
0	0
0	0
0	5
0	0
0	0
0	0
0	0
0	0
0	1012
0	1806
0	0
0	0
0	0
0	0
0	0
17	7
6	23
0	0
23	4583
0	0
0	526
0	0
0	0
1	233
0	0
0	0
1	113
2	6869
0	0
0	0
2	16
0	0
0	0
2	66
0	0
2	0
0	0
0	14
0	0
11	0
0	12
0	0
0	0
0	23
0	0
0	0
0	146
0	0
0	0
556	6213
0	1
0	0
0	0
0	0
0	0
0	0
0	0
10	433
1	0
2	0
0	3
3	545
0	5912
0	27
0	0
0	0
0	0
0	0
0	0
0	0
0	1
0	0
0	0
7	41
0	1
0	0
0	0
0	0
0	0
0	0
0	547
1	693
0	1
0	0
7	0
0	0
0	0
10	0
0	0
0	0
0	0
0	37
0	0
0	8
0	0
0	0
0	44
5	221
0	0
6	2306
2	173
0	0
0	0
10	27325
0	0
0	0
1	0
0	0
3	31
28	114
0	0
0	0
1	3
0	3
5	5847
1	6253
0	0
0	0
17	1010
1	0
0	0
0	0
0	0
0	0
0	0
0	0
0	0
0	0
138	2452
0	0
0	0
14	270
0	0
0	0
1	451
0	240
0	0
0	0
0	4
0	0
0	0
590	9027
0	0
0	845
4	12
0	0
2	25
0	0
1	82
0	0
0	0
0	0
0	0
0	0
8	378
0	0
0	18
1	10
4	0
9	15
0	0
2	9
6	1
0	0
0	0
0	0
0	0
0	1
1	324
0	0
0	0
0	0
0	0
0	0
0	0
0	0
0	0
0	4
0	0
0	39
8	0
0	0
1	129
0	0
0	0
0	0
0	0
0	0
0	0
0	1
0	0
0	4
0	0
0	0
0	0
0	0
0	0
7	1
0	0
0	0
0	0
0	0
0	0
0	0
1	19
0	0
0	0
1	0
0	0
0	0
62	13189
0	346
0	0
0	0
0	0
9	149
0	0
1	7
0	2
0	254
0	0
0	0
0	0
0	0
0	10
0	13
0	0
0	0
17	641
0	0
0	0
0	0
2	443
85	1667
0	0
1	130
0	0
0	0
0	0
0	0
10	22
0	0
0	0
0	0
0	0
0	0
0	0
22	1214
0	0
0	0
4	0
0	0
0	4
0	16
17	2
0	0
1	0
0	0
1	103
0	0
0	9
3	0
0	0
0	0
0	0
0	0
0	0
0	7
0	0
0	0
0	0
0	0
0	0
0	0
0	0
0	0
5	0
0	0
0	0
0	0
0	0
0	0
0	0
0	0
0	0
3	0
0	1
185	675
0	0
0	0
0	0
0	0
0	0
0	332
0	0
12	10252
0	0
0	3
25	7364
1	0
0	0
0	0
0	0
10	960
0	1
0	10866
2	2
0	0
0	1
0	11
0	0
0	0
7	0
0	0
0	7
0	0
21	417
0	0
20	321
32	261
0	3
0	2
0	0
0	0
0	0
0	0
0	0
0	0
0	0
0	0
0	0
0	0
0	0
0	0
0	0
0	0
0	0
1	0
0	0
2	0
0	0
0	0
0	0
0	0
0	117
0	0
0	0
0	0
0	0
0	0
0	0
0	0
0	6
0	3
0	0
0	0
0	0
5	700
5	0
0	0
0	0
0	4
0	35
0	0
0	0
0	0
0	0
12	713
0	0
0	0
0	0
0	0
0	540
0	0
15	1380
0	0
0	0
0	0
0	1
0	36
3	139
2	6
0	0
0	0
0	162
0	16
0	0
0	0
0	0
0	1
0	0
0	0
0	0
1	0
0	2
0	0
0	14
7	1422
0	0
0	0
9	0
0	0
0	0
1	859
0	21
0	33
0	0
0	0
4	0
0	0
0	0
9	18
0	0
16	21
0	0
0	1
0	0
0	0
0	0
0	7
0	0
0	0
0	0
0	0
0	177
0	0
0	1291
0	0
0	0
1	0
6	16
0	0
0	0
0	129
0	15
0	0
0	31
32	8189
52	705
0	0
0	0
0	0
0	31
0	0
0	0
326	1740
0	0
30	14
8	0
0	0
0	0
0	0
0	0
0	0
0	11
0	0
0	0
0	0
0	0
0	0
0	0
0	0
0	0
1	0
0	0
0	0
0	0
0	0
0	12
1	7208
0	0
0	0
0	0
0	0
0	493
0	6
0	0
0	0
0	0
0	12
0	0
0	0
0	0
0	0
0	0
0	0
1	89
0	0
0	9
0	0
0	0
0	0
0	0
0	5189
0	0
2	1
0	0
0	0
0	0
0	0
0	0
0	23
0	0
0	0
2	703
0	1
0	0
0	0
0	0
0	0
0	0
0	0
0	0
0	0
0	0
0	0
0	0
0	0
0	0
0	0
7	506
0	0
0	0
0	0
0	0
0	0
1	0
21	504
0	13
0	4
0	0
0	0
0	0
0	0
0	0
0	0
6	0
0	0
0	0
0	0
9	0
0	0
0	0
0	44
9	140
1	0
2	3132
0	0
0	0
0	0
2	4
0	2168
0	0
0	0
0	163
0	0
0	0
0	0
0	0
0	0
0	0
0	0
0	0
0	779
0	0
0	0
12	13
0	0
0	0
0	0
0	0
6	0
0	1
0	0
0	0
0	0
1	24
0	0
1	20
0	0
0	0
0	0
0	0
0	0
0	0
2	2
0	136
0	0
0	0
0	0
2	62
12	3505
0	0
0	221
0	0
0	0
0	0
0	0
0	0
0	0
0	0
0	0
2	11
9	4746
0	0
0	0
0	0
0	0
0	0
329	822
0	2
0	0
0	0
0	0
0	0
0	0
0	0
7	4365
0	0
0	0
15	910
0	0
0	0
0	0
0	0
0	0
0	0
0	571
0	0
0	0
0	0
0	0
0	0
0	0
0	0
0	9
0	0
0	0
0	0
0	0
0	0
0	0
0	0
0	0
0	0
0	0
1	862
0	0
0	0
0	0
0	0
0	0
5	213
1	0
0	0
0	2
1	77
0	0
0	0
0	0
0	0
0	4
0	0
0	13
0	0
0	3
0	0
0	0
0	19906
0	0
4	0
0	0
0	0
0	0
0	0
0	0
0	0
1	1458
0	0
34	442
0	0
201	788
0	0
0	0
0	0
0	16
0	0
0	0
0	0
0	0
0	1072
182	5583
0	0
0	18
1	0
0	0
0	0
0	0
3	0
0	0
1	801
0	0
0	0
0	0
0	0
0	0
0	0
7	0
0	0
0	0
0	2
0	0
0	16
0	0
0	0
1	286
0	0
3	5337
0	0
0	12
0	118
29	476
19	114
0	0
0	0
0	0
0	0
0	0
0	0
0	0
0	111
0	2664
0	0
0	0
0	0
0	0
0	161
0	0
3	34
1	89
0	71
0	0
0	0
0	0
0	0
6	179
10	68
0	0
0	0
0	0
0	0
0	0
1	1894
0	0
10	2284
0	0
3	0
0	0
0	0
20	532
0	0
0	0
0	0
0	0
0	0
0	0
0	4
0	0
0	0
0	0
0	0
0	0
0	85
0	0
67	633
0	0
0	0
0	0
0	0
0	487
0	0
0	13
0	0
0	0
45	177
5	0
6	0
2	9
0	0
0	0
0	0
0	0
0	0
0	0
0	0
1	5
0	0
1	287
0	0
0	0
0	0
0	0
0	0
0	0
0	4910
0	0
0	0
0	0
4	54
0	0
0	0
0	0
0	3937
0	0
0	0
0	0
0	0
0	0
7	13
0	0
0	0
0	0
0	0
0	0
0	0
0	0
0	0
0	0
0	0
0	0
0	0
0	0
0	0
0	0
0	0
14	3746
0	0
0	2
0	0
0	0
0	0
0	0
0	0
0	0
0	0
0	0
0	0
0	0
1	522
0	0
0	0
0	0
0	0
0	0
5	594
0	0
0	0
0	2
1	0
0	0
0	154
0	0
0	0
0	0
0	0
0	0
0	49
0	0
0	0
14	6363
0	0
0	5
0	0
0	0
0	0
0	0
0	0
0	0
0	0
0	0
0	1
0	0
2	0
23	258
0	813
0	1
0	0
0	0
0	0
0	2
86	701
0	44
0	0
0	0
0	0
0	0
0	202
0	68
0	0
0	0
2	0
0	5
1	0
1	1
2	0
0	0
0	0
0	0
0	0
0	0
0	0
0	0
8	0
0	265
0	0
0	0
0	0
0	0
0	0
0	0
0	98
4	366
0	0
3	13
0	0
0	0
0	0
0	0
0	0
0	0
4	1981
0	0
0	0
1	0
0	0
0	0
0	0
0	0
35	329
0	0
0	0
0	0
0	0
0	0
0	0
0	0
0	0
0	0
0	0
0	0
0	0
0	0
1	216
0	0
0	0
9	845
0	0
0	1344
0	0
1	0
0	1
0	0
0	0
3	69
0	0
0	0
1	131
1	64
0	0
0	0
0	0
0	0
0	0
0	0
6	3
0	181
1	151
0	0
0	0
0	0
0	0
0	7498
11	9
0	0
0	0
0	28
0	0
0	0
0	0
157	940
0	0
0	0
0	0
0	0
0	0
2	10
2	341
0	0
0	0
0	0
0	0
0	0
0	0
2	508
0	0
0	0
10	351
0	0
0	0
0	0
0	0
0	40
0	0
0	0
0	0
0	0
1	43
0	0
0	0
40	823
0	0
0	0
0	75
1	231
0	0
0	30
1	9
0	6427
27	14348
0	0
0	0
0	0
0	0
0	0
0	0
0	0
0	7
0	0
0	0
3	190
0	0
0	0
0	0
0	0
0	0
0	0
27	10
0	0
0	0
0	0
0	125
0	0
0	0
0	0
0	0
0	0
0	0
0	0
0	0
1	0
32	345
0	18
0	0
0	0
0	0
0	0
0	0
0	1
0	0
0	0
0	0
0	0
0	0
0	0
0	0
0	0
0	0
0	0
0	0
0	0
0	0
0	0
0	0
0	0
0	0
0	0
0	0
0	0
0	0
0	0
0	1
0	0
1	76
0	0
0	0
0	0
0	0
13	0
0	0
0	0
0	0
0	0
0	0
0	0
1	2498
0	0
0	95
1	23
0	0
0	420
0	0
0	0
0	0
0	0
0	0
0	0
0	0
2	16
0	0
0	0
0	0
0	0
453	10051
0	0
0	0
0	0
0	418
0	0
0	0
0	0
0	0
0	0
0	0
631	33988
0	0
5	18164
0	0
0	0
0	0
1	0
0	0
0	0
12	619
0	9
0	0
0	0
0	0
0	295
0	0
11	4809
0	0
0	0
0	0
0	0
3	0
0	0
0	0
0	0
0	0
0	0
0	0
0	0
0	0
0	307
28	425
0	0
0	0
1	41
0	0
0	0
0	366
13	1652
0	0
0	0
0	0
0	0
0	0
0	3
0	0
0	0
0	0
3	179
0	0
0	0
0	0
0	0
0	0
0	0
0	0
0	0
0	0
0	0
0	0
0	0
0	0
0	0
0	49
0	1
0	0
36	165
0	0
0	1
0	0
0	0
0	0
0	0
0	36
0	0
5	7
0	0
0	0
0	0
0	0
0	0
0	0
0	0
0	0
0	0
0	0
0	0
0	0
0	0
47	5
0	1
1	74
6	1230
0	0
0	0
0	392
5	468
0	0
8	304
0	0
0	0
0	0
0	626
0	0
0	0
0	0
2	1
21	28
3	21
0	0
0	0
2	6
0	8
0	274
0	0
0	0
0	0
0	2
0	0
0	0
0	0
0	0
0	0
0	0
0	2
0	0
2	2
0	0
8	19
0	2485
0	0
0	0
0	0
0	0
0	0
0	0
0	37
0	0
0	0
0	0
70	1319
0	1
0	0
0	47
0	0
0	0
0	0
0	0
5	456
0	0
0	0
0	0
0	0
0	0
0	0
1	362
0	0
0	0
0	0
0	0
33	2498
0	0
31	2670
0	0
0	0
0	0
0	0
0	0
0	12
0	0
2	1953
0	0
0	0
0	0
0	0
3	113
0	0
0	0
3	0
0	0
0	539
0	0
0	0
6	774
0	0
0	0
0	0
0	0
0	0
0	0
0	90
0	0
0	0
0	0
0	25
0	0
0	113
0	2
0	0
1	0
0	0
0	0
0	0
0	0
0	0
443	1809
0	0
0	0
0	0
0	0
0	0
0	0
0	0
0	0
0	1
0	0
0	925
0	0
1	67
1566	25623
0	0
0	0
0	2
0	0
0	0
0	1
0	0
0	0
0	562
0	0
1	13
15	0
0	0
0	18
0	0
1	0
0	0
22	6148
0	0
0	0
0	0
0	0
0	0
0	0
0	0
0	0
0	0
0	0
0	0
0	0
0	6
0	0
1	0
35	916
0	0
0	0
0	0
0	0
2	61
0	107
0	0
0	0
0	0
0	1
0	0
2	1186
0	14
0	0
0	0
0	0
0	0
0	0
0	0
8	1706
0	0
0	0
7	2499
0	21
0	0
0	0
0	0
1	276
0	0
0	1
0	0
0	0
0	0
0	0
3	0
0	0
0	0
0	2
1	166
0	292
0	0
0	0
0	3
0	0
0	0
0	0
0	4
0	91
0	0
0	0
0	0
0	0
0	0
0	0
0	0
0	3
0	0
0	10
0	31
142	4867
0	0
0	0
0	0
8	1
0	0
0	0
0	0
3	88
0	0
0	0
0	0
0	6896
0	0
0	1
0	0
0	0
0	6
0	0
0	0
0	0
0	0
0	0
0	0
0	0
0	0
0	0
0	0
0	0
0	0
0	25
0	14
0	3
0	0
4	0
0	0
0	0
0	0
2	7908
0	0
0	0
0	0
0	0
0	0
0	0
0	0
0	0
0	1
0	3
0	0
0	0
0	0
1	0
3	21
3588	2225
0	0
0	0
0	0
0	0
0	0
0	0
21	52
0	0
2	0
0	0
25	1570
0	0
0	0
0	0
0	0
0	0
0	0
0	0
0	0
0	0
0	0
0	0
1	161
0	0
0	0
6	1035
0	0
1	0
0	0
0	0
0	0
0	0
0	3482
0	0
0	0
0	0
0	0
2	214
6	0
0	0
0	0
0	0
0	0
0	0
0	0
3	26052
0	11
0	0
0	0
1	23
4	0
0	0
0	0
109	98
0	0
0	0
0	0
0	0
0	0
0	0
0	0
6	1
0	0
6	2
0	1
0	0
0	0
0	0
0	0
0	0
0	0
0	0
0	0
0	0
149	0
0	0
2	0
0	0
0	0
0	0
0	0
1	252
1	0
0	0
0	0
0	0
0	0
0	0
0	0
0	0
7	0
3	3
0	0
3	1888
0	0
0	0
0	0
1	3170
0	4
0	0
0	20
14	1592
0	0
0	0
2	142
11	0
0	0
0	0
0	4
0	0
20	338
6	3
0	1
0	0
0	0
0	0
0	12
0	0
0	0
0	0
0	0
0	0
3	282
24	131
0	0
0	0
0	0
0	0
0	0
0	0
0	0
1	0
0	0
0	0
0	0
0	0
0	0
0	0
0	1
0	0
0	0
0	0
0	0
0	125
0	0
0	0
0	0
0	0
0	45
0	0
0	0
0	0
0	0
0	0
0	0
0	0
0	0
6	81
0	0
0	0
0	0
0	0
0	1
0	290
0	0
0	0
0	0
1	1
0	0
0	87
0	0
0	0
0	0
2	0
0	0
0	0
0	0
0	0
0	1
0	0
0	0
0	0
0	0
0	0
0	0
0	0
0	1092
0	5832
4	6
0	0
0	0
0	288
0	0
0	0
0	0
1	542
0	6
0	0
0	0
0	0
0	0
0	0
0	366
0	0
0	0
0	0
0	0
0	0
0	316
0	0
0	0
0	0
0	0
0	0
0	0
1	0
13	100
0	0
0	0
8	0
0	0
0	0
0	0
1	4
0	0
0	0
0	0
0	0
0	0
0	2
7	0
0	3306
0	0
0	0
0	0
0	533
0	0
5	4
0	0
0	0
0	0
0	0
0	0
0	0
1	0
0	0
0	1
0	0
1	23
0	0
0	0
0	1
0	0
0	0
0	0
0	0
0	0
0	3
0	646
0	0
0	0
0	0
0	0
0	0
2	32
0	0
0	0
0	0
0	0
255	4147
0	0
0	0
0	0
3	7037
0	15
2	49
3	2336
0	27
0	0
0	0
0	0
0	0
0	0
0	0
0	2
0	0
0	0
0	0
2	202
0	0
0	0
5	0
0	251
0	0
3	26
0	0
3	86
0	0
0	66
0	0
0	0
0	0
0	0
0	36
1	4
0	5
0	0
0	0
0	0
0	0
2	115
0	0
0	0
0	0
0	2
0	0
0	0
0	0
41	41
0	0
0	0
0	0
0	0
0	0
0	0
0	95
0	0
0	0
0	0
0	0
0	0
0	0
39	4357
0	0
1	9
0	0
4	585
0	0
0	63
0	0
68	140
0	0
0	0
0	0
0	0
0	0
7	125
0	0
0	14
0	12
0	0
0	0
0	0
0	0
0	8
0	0
0	0
1092	1066
0	0
0	0
0	0
0	0
8	4
0	0
0	3
41	15
0	303
0	0
0	24
0	0
0	0
0	0
0	0
0	0
0	0
0	0
0	0
0	1
1	94
0	15
3	3501
0	0
0	0
0	0
0	0
0	0
0	0
0	0
0	0
5	10412
0	0
0	6
0	0
0	0
0	0
0	0
0	0
0	0
0	0
0	0
0	0
0	0
0	0
610	3983
0	0
0	0
0	0
0	61
0	0
0	650
0	1
0	140
16	257
0	655
0	0
0	1
0	0
0	38
1	0
0	7
0	0
0	0
1	107
2	2
1	24
2	31
0	0
1	874
0	0
0	0
0	0
0	3
0	0
0	13
0	0
0	0
0	1471
0	0
0	1471
0	0
0	0
0	0
0	0
4	3
0	0
0	0
2	5
1	0
0	0
0	0
0	0
0	0
0	0
0	0
0	0
0	0
0	0
0	0
0	0
0	5
0	0
11	2
0	0
0	0
0	12
0	0
0	0
0	0
0	0
0	0
0	0
0	0
0	92
0	0
0	314
0	1
16	68
34	1037
0	0
0	0
0	0
0	0
0	0
0	0
0	0
1	5052
0	4
1	479
0	0
2	0
0	0
0	0
2	28
0	0
37	2052
0	0
0	0
0	0
0	0
0	0
1	4
1	0
0	0
0	0
0	0
0	0
2	0
0	0
0	0
3	0
0	0
1	2235
0	0
0	0
0	0
0	0
2392	5430
0	2
0	0
0	2
0	0
1	42
0	0
0	0
0	0
0	0
0	0
0	0
0	0
0	0
0	0
0	663
7	953
0	0
0	0
0	0
0	0
14	1882
0	0
0	0
0	0
0	0
1	86
381	277
39	57
7	10
1	1
0	1
1036	153
0	132
0	0
0	341
0	2
46	176
0	0
0	0
0	0
4	13
0	0
0	28
0	575
0	0
0	0
0	0
4040	1171
0	0
3	1579
0	0
4	75
0	0
0	4
4	4
0	2
0	1282
19	64
0	0
0	2
11	95
0	0
0	0
1	200
0	0
0	0
0	23
0	2
0	663
2	22
0	0
0	0
0	0
0	57
0	0
0	0
4	873
0	0
0	0
0	0
0	21
0	0
0	0
0	0
0	0
7	3572
0	697
0	0
3	30
19	136
0	17583
0	0
0	1
0	0
2	8
0	0
0	0
0	0
6	492
0	0
0	0
0	0
5	0
36	1
0	0
17	480
0	0
0	0
0	0
2	3
0	0
0	0
0	0
0	0
13	6
0	1365
4	40
0	35
12	22
0	0
0	2
0	0
0	3
0	0
3	0
0	0
0	0
9	314
18	111
0	0
1	0
0	0
0	0
0	0
11	414
8	387
0	0
0	0
0	0
6	0
0	0
0	0
2	0
0	0
0	0
0	0
0	0
0	7
0	0
11	1082
0	0
0	0
0	3
2	149
48	403
0	0
0	0
0	0
0	0
0	0
0	0
0	0
0	0
0	0
0	3
0	0
0	0
0	0
0	0
0	0
0	0
0	0
0	0
0	0
0	859
0	0
9	0
0	0
28	4842
1	259
0	0
0	0
0	0
0	0
0	1
0	1
0	0
0	0
0	0
2	219
0	0
2	0
0	0
0	0
0	1
0	0
0	0
9	873
0	0
0	69
0	0
0	0
0	0
0	0
0	0
2	3
0	4
35	239
0	0
0	0
0	0
0	5
0	0
0	0
0	0
144	6339
0	0
0	0
0	33
0	30
1	12
0	0
1	86
0	0
0	0
0	0
0	0
0	0
7	60
3	0
0	0
0	0
0	0
0	0
0	0
0	0
0	0
0	0
0	0
0	806
0	0
0	0
0	1
0	0
0	0
0	0
0	0
0	0
0	0
11	1631
0	0
0	0
0	0
0	0
0	0
0	0
0	0
0	0
0	0
0	33
45	1611
1	0
0	0
0	0
0	0
0	0
0	11
0	73
0	0
0	1
0	0
3	13
0	0
5	3
0	0
0	0
0	0
0	0
15	0
0	0
0	0
0	0
1	158
0	0
0	0
0	0
0	0
0	0
0	0
0	0
0	16
0	2
0	0
0	0
0	0
1	2577
0	0
0	197
0	5
0	0
0	0
0	0
0	0
0	0
0	0
0	25
0	0
0	0
3	4939
0	0
4	15
0	0
0	0
0	0
0	0
2	91
0	0
0	0
0	1
0	0
0	0
11	0
0	412
0	0
0	0
0	0
0	0
0	0
0	0
0	0
0	0
0	0
0	0
0	0
0	198
0	0
0	0
0	0
1	1
0	0
0	0
0	0
0	0
0	0
0	129
17	4
0	0
0	0
0	0
0	0
0	0
1	0
0	0
0	0
0	0
0	0
0	18
0	0
0	0
0	426
4	3
0	0
0	0
0	0
0	0
0	12
0	0
0	0
0	46
0	119
1	123
0	0
0	0
0	0
0	16
0	0
0	0
1	0
0	0
0	27
0	1
1	0
29	24
1	0
5	0
0	0
0	0
0	0
0	0
0	64
0	0
0	0
78	43
0	0
4	2148
0	0
0	2
0	2
0	0
8	0
1	3329
0	0
4	9
0	0
0	0
0	0
0	0
0	0
0	0
0	0
0	0
0	0
0	0
0	63
0	0
1	0
0	0
0	0
0	0
0	0
0	0
0	0
0	1
0	0
0	0
0	0
0	0
0	0
0	0
0	0
0	0
0	0
0	0
0	0
0	0
0	0
2	0
0	0
0	0
0	0
0	0
0	0
0	0
0	0
0	0
0	0
1	65
0	0
0	0
0	0
0	0
3	106
0	0
0	0
0	0
0	0
0	26
0	0
0	0
0	1
0	0
0	0
0	0
0	0
0	0
11	85
0	0
0	0
0	0
1	244
0	0
0	0
0	0
0	0
0	0
0	3
0	0
0	3
0	0
5	0
0	0
0	68
0	0
0	0
0	0
0	0
0	0
0	68
0	0
0	0
2	7
4	2589
0	0
4	1086
0	0
13	6697
0	0
1	52
0	0
1	0
0	0
0	0
0	0
0	71
0	0
0	0
0	0
0	0
0	0
0	0
0	0
0	0
4	72
0	0
0	0
0	0
4	57
1	0
0	0
0	0
0	0
0	0
0	0
0	0
0	0
0	0
0	0
162	679
0	0
0	0
0	0
12	0
0	0
1	0
0	0
2	1495
0	0
0	2
3	297
68	1077
5	1079
0	0
0	2
1	300
0	0
1	144
0	0
1	1
0	0
0	0
0	0
0	0
0	0
0	1
1	7
0	0
2	39
0	0
0	0
0	0
0	1
2	58
0	852
0	0
0	0
0	0
0	0
0	0
0	0
16	4
0	0
0	0
0	0
0	0
0	0
1	0
0	0
0	0
2	1351
0	0
0	0
0	0
0	0
1	283
0	0
0	0
0	6
0	0
0	0
0	0
0	13
0	0
0	0
0	0
0	0
0	0
0	0
0	0
0	0
0	1126
0	0
0	0
0	0
0	0
0	12
0	0
0	0
0	0
0	0
0	0
0	0
0	0
0	0
4	1573
0	7
0	0
0	0
0	0
0	0
0	0
0	0
0	0
0	0
0	0
0	0
1	0
0	0
0	0
0	0
0	0
0	0
1	0
0	0
0	0
0	0
0	0
0	0
0	0
0	0
0	0
0	0
0	0
0	0
2	0
0	0
0	0
0	0
0	0
0	0
0	0
0	0
0	0
0	0
0	0
7	0
0	0
0	0
0	0
0	0
0	0
0	0
0	1
0	1
0	1
0	0
0	0
0	0
29	12
4	12
0	0
1	0
0	0
2	0
17	0
7	14
0	1
0	0
5	0
0	960
0	4124
130	143
0	129
2	14
0	63
0	0
155	1296
0	1296
0	89
0	65
7	2659
0	2247
6	7641
0	7181
0	0
0	0
0	0
0	0
0	0
0	0
0	0
0	0
0	3
0	3
0	3
0	3
0	3
0	3
0	3
0	3
0	0
0	0
13	1
1	1
0	0
0	0
134	23639
0	0
1	25
0	63
0	62
0	445
0	115
0	354
0	0
0	0
0	0
0	0
12	9
0	9
2	0
6	0
0	4
12	13
0	5
44	173
2	62
1	149
0	0
0	0
0	0
0	0
0	0
1	0
0	386
0	386
0	0
0	0
1	0
0	0
0	0
0	1
0	1
10	94
0	94
0	0
0	0
4	0
0	0
0	0
0	0
0	0
0	0
1	0
0	0
0	0
0	0
0	0
0	0
0	0
0	0
0	1
0	0
3	0
0	0
1	6
1	6
0	0
0	0
0	0
0	0
0	0
0	0
0	0
0	0
0	0
0	0
0	0
0	0
0	0
0	0
0	0
0	0
0	1
1	618
0	245
0	160
0	53
0	0
0	40
15	0
0	0
0	0
0	0
0	0
0	0
80	768
0	0
0	0
0	0
0	0
0	0
0	0
0	0
0	0
0	0
0	0
0	0
0	0
0	0
0	0
0	14
0	14
5	4
0	4
0	0
0	0
0	0
0	0
0	0
0	0
0	0
0	0
0	0
0	0
0	0
0	0
1	1
0	0
4	0
0	0
0	0
0	0
0	0
0	0
0	1
0	0
0	0
0	0
0	0
0	0
0	293
0	292
0	293
0	5
0	0
0	0
0	0
0	0
27	9
0	2
0	8562
0	8330
0	4
0	15
0	34
0	27
6	0
0	0
0	0
0	0
0	0
0	0
0	2898
1	23
0	23
0	1381
0	1381
0	1353
0	1
0	1
0	0
0	0
0	0
0	0
0	0
0	12126
7	6674
0	8459
0	148
0	121
0	0
0	0
4	2004
0	3721
4	334
0	0
0	1
0	1
0	4
0	0
0	0
0	0
0	0
0	0
0	0
0	0
0	0
3	4
0	4
0	14
0	14
0	14
0	131
0	114
0	0
0	0
0	0
31	1
0	1
12	0
0	0
0	0
0	0
0	0
0	0
0	0
0	0
0	0
0	0
0	0
0	661
0	631
3	2
1	2
2	0
0	6
0	6
10	0
0	0
0	0
0	149
0	67
0	10
0	0
0	0
0	0
0	0
0	2021
0	0
0	0
0	0
0	0
0	0
0	0
0	88
7	602
0	10507
0	10424
0	0
0	7037
0	0
0	0
0	0
0	0
0	0
1	0
1	0
4	1127
3	66
0	8
0	0
0	0
0	9634
0	7392
0	4
0	5
0	0
0	233
0	0
0	0
3	276
0	131
0	0
0	0
0	8
0	12
4	16
0	16
0	95
0	95
0	83
0	0
0	0
0	0
1	148
0	1331
0	0
0	0
0	135
0	858
0	543
0	0
0	0
0	0
0	0
0	0
0	0
0	0
0	0
0	0
0	0
0	0
30	0
0	498
15	523
1	1
0	1
29	5
0	4
0	0
0	0
0	0
0	620
0	163
0	0
1	61
0	50
8	4262
0	3590
1	548
0	0
0	0
0	0
0	0
0	0
0	1
0	1
0	0
0	0
0	1
0	1
5	0
2	3120
2	3116
0	2508
0	0
0	0
0	13
0	13
0	0
0	0
0	0
0	0
0	0
0	0
0	16296
0	14394
4	3
0	0
0	4
0	0
0	0
1	0
0	0
0	4389
0	4389
0	0
0	0
0	0
0	0
0	1
0	0
0	0
0	1
0	0
0	0
0	0
34	0
0	9
0	2
88	67
15	185
1	0
0	0
0	0
0	0
0	0
0	0
28	3
0	3
0	0
0	0
3	93
0	93
6	2
3	4
2	4
1	4
1	0
144	2686
0	2174
0	0
0	0
0	0
0	0
0	0
0	0
0	0
8	0
0	679
0	616
7	338
0	59
6	0
21	0
0	0
0	0
0	0
0	0
10	40
0	9
108	31
0	0
0	0
0	0
17	7
0	4
0	5
1	18
14	0
0	0
0	270
0	203
0	78
3	7
30	7
0	0
0	0
0	0
0	0
0	0
0	0
0	0
0	0
0	0
0	0
0	0
0	0
1	78
0	0
0	0
0	0
2	136
0	1194
0	0
0	0
0	39
0	0
15	199
0	154
0	0
0	0
0	0
0	0
0	0
0	0
0	2
0	2
0	0
0	0
0	0
0	0
0	0
1	5506
0	0
0	0
0	0
0	0
0	0
0	0
0	7
0	7
0	0
0	0
0	0
0	0
0	0
0	0
0	748
1	441
0	1056
0	1056
5	7
14	49
7	7
3	32
0	0
0	0
0	0
0	0
0	1
0	0
1	0
0	22
0	0
0	0
0	0
0	0
0	0
0	0
0	0
0	0
6	35
0	35
0	34
0	0
0	0
0	2
12	7
0	7
0	0
0	0
0	1
0	1
0	0
0	0
0	0
1	3
0	3
0	0
0	0
0	0
0	3
2	3
5	7
0	2999
1	4798
8	0
0	0
5	50
7	36
3	0
0	0
0	0
0	0
0	5096
201	4729
36	1
0	1
0	0
0	0
0	0
0	0
0	0
0	0
8	14119
0	11537
0	2245
0	2239
0	14
0	0
0	0
0	0
0	0
0	0
0	0
0	0
0	0
0	0
0	0
0	0
0	0
0	0
0	0
0	0
0	0
0	0
0	0
0	0
0	0
0	0
0	0
0	0
0	0
0	0
0	0
0	0
0	0
0	0
0	0
0	0
0	0
0	0
0	0
0	0
0	0
0	0
0	0
0	0
0	0
0	0
0	0
0	0
0	0
0	0
0	0
0	0
0	0
0	0
0	0
0	0
0	0
0	0
0	0
0	0
0	0
0	0
0	0
0	0
0	0
0	0
0	0
0	0
0	0
0	0
0	0
0	0
0	0
0	0
0	0
0	0
0	0
0	0
0	0
0	0
0	0
0	0
0	0
0	0
0	0
0	0
1	0
0	0
0	0
0	0
0	0
0	0
0	0
0	0
0	13
0	0
0	0
0	0
0	0
0	0
0	0
0	0
0	0
0	0
0	0
1	0
0	0
0	0
0	0
0	1
0	0
0	0
0	0
0	0
0	0
0	0
0	0
0	0
0	0
0	0
0	0
0	0
0	0
0	0
0	0
0	0
0	0
0	0
0	0
0	0
0	0
0	0
0	0
0	0
0	0
0	0
0	0
0	0
0	0
0	0
0	0
0	0
0	0
0	0
0	0
0	0
0	0
0	0
0	0
0	0
0	0
0	0
0	0
0	0
0	0
0	0
0	0
0	0
0	0
1	0
0	0
0	0
0	0
0	0
0	0
0	0
0	0
0	0
0	0
0	0
0	0
0	0
0	0
0	0
0	0
0	0
0	0
0	0
0	0
0	0
0	0
0	0
0	0
0	0
0	0
0	0
0	0
0	0
0	0
0	0
0	0
0	0
0	0
0	0
0	0
0	0
0	0
0	0
0	0
0	0
0	66
0	0
0	0
0	1
0	4
0	0
0	0
0	3
0	0
0	4
0	12
0	1
0	18
0	4
0	0
0	1
0	42
0	1
4	15
6	78
0	0
11	29
0	51
0	11
6	19
22	0
0	0
0	1
0	6
1	2
8	3
0	3
0	0
0	0
0	0
0	0
0	0
0	0
0	0
0	0
0	0
0	0
0	0
0	0
0	0
0	0
0	0
0	0
0	0
0	0
0	0
0	0
0	0
0	0
0	0
0	10
0	0
0	0
0	0
4	92
0	0
0	0
0	0
2	0
0	0
61	136
0	0
0	0
0	0
0	0
0	0
0	0
0	0
6	0
0	0
0	0
0	0
0	0
1	2
0	0
0	0
4	0
0	0
0	0
0	0
0	0
0	0
0	0
0	0
0	0
0	0
0	0
0	0
0	0
0	0
0	0
0	0
0	0
19	929
0	0
1	111
0	0
0	0
0	0
0	0
0	0
0	0
0	0
0	0
0	0
0	0
0	0
0	0
0	0
0	0
0	0
0	0
0	0
0	0
0	11
0	0
0	0
0	76
0	0
0	0
0	0
0	4
0	0
5	0
5	673
0	0
0	0
0	0
0	0
0	0
0	0
0	0
0	0
0	0
0	0
0	0
0	0
0	0
0	16
0	0
0	0
0	0
0	0
0	0
0	0
0	0
0	0
0	0
0	0
0	0
0	0
0	0
0	0
0	0
0	0
0	0
0	0
0	0
0	0
0	0
0	0
0	0
0	0
0	0
0	0
0	0
0	0
0	0
0	0
0	0
0	0
0	0
0	0
0	0
0	36
0	0
0	0
0	0
0	0
0	0
0	0
0	0
0	0
0	0
0	0
0	0
0	1
0	0
0	0
0	0
0	0
0	0
0	0
0	0
0	1712
0	0
0	0
0	0
0	0
0	0
0	0
0	0
0	0
0	0
0	8
0	0
0	0
0	0
0	10
0	0
0	0
0	0
0	13
0	1
0	0
0	0
0	0
0	0
0	0
0	0
0	0
0	0
0	0
0	0
0	0
0	0
0	0
0	0
0	0
0	0
0	0
0	0
0	0
0	0
0	0
0	0
0	0
0	0
0	0
1	13
0	0
0	0
0	0
0	0
0	0
0	0
0	0
0	0
0	30
0	0
0	0
0	0
0	0
0	0
0	0
0	0
0	0
0	1
0	0
0	0
0	0
0	592
0	0
0	0
0	0
0	0
0	0
0	0
0	0
0	0
0	0
0	0
0	0
0	0
0	0
0	0
0	0
0	0
0	0
0	0
0	0
0	0
0	0
0	0
0	0
0	0
0	0
0	0
0	0
0	0
0	0
0	0
0	0
0	0
0	0
0	0
0	0
0	0
0	0
0	0
0	0
0	0
0	0
0	0
0	0
0	0
0	0
0	2
0	0
1	2
0	0
0	0
0	0
0	0
0	0
0	0
0	0
0	0
0	0
0	0
0	0
0	0
0	0
0	0
0	0
0	0
0	0
36	0
0	0
0	0
0	0
0	0
0	0
0	0
0	0
0	0
0	14
0	0
0	0
0	0
4	7
0	0
0	0
0	0
0	0
0	0
0	0
0	0
0	0
0	0
0	0
0	0
0	0
0	0
0	0
0	0
0	0
0	34
0	0
0	1
0	0
0	0
0	0
0	0
0	0
0	11
0	0
0	0
0	0
0	0
0	0
0	0
0	0
0	0
847	2550
0	0
0	100
0	0
0	0
0	0
0	0
24	17
0	0
0	0
0	0
0	0
0	0
0	13
0	0
0	0
0	0
0	0
0	0
0	0
0	0
0	0
0	0
0	0
0	0
0	0
0	0
0	0
0	0
0	0
0	0
0	0
0	0
0	1
0	0
0	0
0	0
0	0
0	0
0	0
0	0
0	0
0	0
0	0
0	0
0	0
0	0
0	0
0	0
0	0
0	0
2	3
0	0
0	0
0	0
2	8
25	7
0	0
0	30
30783	31335
0	0
0	0
0	0
4141	189
1138	14315
0	0
0	0
0	0
0	0
0	0
0	0
0	0
0	0
0	1
0	0
0	11
0	0
0	0
0	0
0	0
93	398
0	0
0	0
0	0
0	0
0	6
0	0
0	0
0	0
1	1
0	0
1	14
0	0
0	0
0	0
0	0
0	0
0	0
0	0
0	0
0	0
0	0
0	0
0	0
0	0
0	0
0	0
0	0
0	0
0	0
0	0
3	5
0	0
1	29
0	0
0	0
0	11
0	0
0	0
0	0
0	0
0	0
0	0
0	0
0	0
0	0
0	0
0	0
0	0
0	0
0	0
0	0
0	0
0	0
0	0
0	0
19	439
0	0
0	0
0	0
0	0
0	0
0	0
0	0
0	0
0	0
0	0
0	0
0	0
0	0
0	0
0	0
0	0
0	0
0	0
0	0
0	0
0	0
0	0
0	0
0	0
0	0
0	0
0	0
0	0
0	0
0	0
0	0
0	0
0	0
0	0
0	0
0	0
0	0
0	0
0	0
0	0
0	0
0	0
0	0
1	1
0	0
0	0
0	0
0	0
0	0
0	0
0	0
0	0
0	0
0	0
0	0
0	0
0	0
0	0
0	0
0	0
0	0
0	0
0	1
0	0
0	0
0	0
0	0
0	0
0	0
0	121
0	0
0	0
0	0
0	0
0	0
0	0
0	0
0	18
0	25
0	0
0	0
0	0
0	0
0	0
0	0
0	0
0	0
0	0
0	0
0	0
0	0
0	0
0	0
1	0
0	0
0	3
0	0
0	2
0	0
0	0
0	0
0	0
0	0
0	0
0	0
0	0
0	0
0	0
0	0
0	0
0	0
0	0
0	0
0	0
0	0
0	0
0	0
0	0
0	0
0	0
0	0
0	0
0	0
0	0
0	0
0	1
0	0
0	0
0	0
0	0
0	0
0	0
0	0
0	0
0	0
0	0
0	0
0	0
0	0
0	0
0	0
0	0
0	0
0	0
0	0
0	0
0	0
0	0
0	0
0	0
0	0
0	0
0	0
0	0
0	0
0	0
0	0
0	0
0	0
0	0
0	0
0	0
0	8
0	0
0	0
4	50
0	0
0	0
0	0
0	0
0	0
0	0
0	0
0	0
0	36
0	0
0	0
0	0
0	0
0	0
0	0
0	0
0	0
0	0
0	0
0	0
0	0
0	0
0	0
0	0
0	0
0	0
0	0
0	0
0	0
0	0
0	0
0	0
0	0
0	0
0	0
0	0
13	43
0	0
0	0
0	0
0	0
0	0
0	0
0	0
0	0
0	0
0	0
0	0
1	0
0	0
0	9
0	0
0	57
0	2
0	0
0	0
0	0
0	11
0	0
0	0
0	1
0	90
0	0
0	0
0	0
0	0
0	0
0	0
0	0
0	0
1	0
0	0
0	0
0	0
0	0
0	0
0	0
0	0
0	0
0	0
0	437
0	0
0	3
0	0
0	0
0	0
10	0
0	0
0	0
0	0
0	0
0	0
0	0
0	0
0	0
0	0
0	0
0	0
0	0
0	0
0	0
0	0
0	0
0	0
0	0
0	0
0	0
0	0
0	0
0	0
0	0
0	0
0	0
0	0
0	0
0	0
0	0
0	0
0	0
0	0
0	1
0	0
0	0
0	0
0	0
5	26
0	0
0	0
0	0
0	0
0	0
0	0
0	0
0	0
0	0
0	0
0	0
0	0
0	0
0	0
0	5
0	394
0	0
0	0
0	0
0	0
0	0
0	0
0	0
0	0
0	0
0	0
0	0
0	0
0	0
0	0
0	0
0	0
0	0
0	0
0	0
0	0
0	0
0	0
0	0
0	0
0	0
0	0
0	0
0	0
0	0
0	0
0	0
0	0
0	0
0	0
0	0
0	0
0	0
0	0
0	0
0	0
0	0
0	0
0	0
0	0
0	0
0	0
0	0
0	14
1	11
0	9395
0	4435
0	2828
0	0
0	0
3	59
0	0
0	36450
0	0
0	0
0	0
0	0
0	0
0	36153
0	0
0	0
0	0
0	0
0	0
0	0
0	0
0	0
0	0
0	0
0	0
0	0
0	36441
0	0
0	0
0	17956
0	0
0	0
0	0
0	0
0	0
0	0
0	0
0	5
15	46
0	2
0	0
0	24
0	0
0	0
0	0
1	24
0	0
0	0
0	0
0	0
0	0
0	0
0	0
0	0
0	0
0	0
0	0
0	0
0	0
0	0
0	0
0	0
0	0
0	0
0	0
0	0
0	0
0	0
0	0
0	0
0	0
0	0
0	0
0	0
0	0
0	0
0	0
0	0
3	4727
0	0
0	0
0	0
0	0
2	0
0	0
0	0
0	0
4	909
0	0
0	0
0	0
0	0
0	0
2	0
0	0
0	0
0	0
0	0
0	0
0	0
0	0
0	0
0	0
0	0
0	0
0	0
0	0
0	0
0	0
0	0
0	0
0	0
0	0
0	0
0	0
0	0
0	0
0	0
0	0
0	0
0	0
0	0
0	0
0	0
0	0
0	0
0	0
0	0
0	0
0	0
0	0
0	0
0	0
0	0
0	0
0	0
0	1
0	0
0	0
0	1
6	142
0	0
0	0
0	0
0	0
0	0
0	0
0	0
0	0
0	0
0	0
0	0
0	63
0	0
0	0
0	1
0	0
0	0
0	0
0	0
0	0
0	0
0	0
0	0
0	0
0	0
0	0
0	2
0	0
0	0
0	0
0	0
0	0
0	0
0	0
0	0
0	0
0	0
0	0
0	0
0	2
0	0
0	0
0	0
0	0
0	0
0	0
1	2
0	1
0	0
0	0
0	0
0	0
0	0
0	34
0	0
0	0
0	0
0	12
0	0
36	17
0	0
0	0
52	21
0	0
0	0
0	0
0	0
0	263
0	0
0	0
0	0
0	0
0	0
0	0
0	0
1	0
0	0
0	0
0	0
0	0
0	6
0	0
0	0
0	0
3	1
0	0
0	0
0	0
0	0
0	0
0	0
0	0
0	0
1	3
0	0
0	0
0	0
0	0
0	0
0	0
0	0
0	0
0	0
0	0
0	0
0	0
0	0
0	0
0	0
0	0
0	8
0	0
0	0
0	0
0	0
0	71
0	2
5	20
0	0
0	0
1	17
0	0
0	0
2	6
0	0
0	0
0	0
0	0
0	0
0	0
0	0
0	0
26	0
0	1
0	0
0	0
0	15
0	0
0	0
0	0
0	0
1	5
0	0
2	0
0	0
0	0
0	0
0	0
0	0
0	0
0	0
0	0
0	0
0	0
0	0
0	0
0	0
0	0
0	0
0	0
0	0
0	0
0	0
3	21
0	0
0	0
0	0
0	0
0	0
0	0
0	0
0	0
0	0
0	0
0	0
0	0
0	0
3	0
0	0
3	0
0	0
0	0
55	9
0	0
0	0
0	0
5	1206
0	0
0	0
0	0
0	0
0	0
0	0
0	0
3	0
0	75
0	0
22	17
0	0
0	0
0	0
0	0
7	28
0	0
0	0
0	0
0	0
0	0
2	16
0	0
0	0
0	0
0	0
0	0
0	0
0	0
1	0
29	180
0	5
0	0
0	0
0	0
0	0
0	0
0	0
0	0
0	0
0	0
0	0
0	0
0	0
0	0
11	562
0	1
0	0
0	0
0	6
3	6
0	0
0	0
2	0
0	0
0	0
0	0
0	0
0	0
0	0
0	0
0	0
0	0
0	0
0	22
0	0
0	0
0	0
0	0
0	0
0	0
0	0
0	0
0	0
0	0
0	0
0	0
0	11
0	0
0	0
0	0
0	0
0	0
0	0
0	0
0	0
0	0
0	0
0	0
0	0
0	0
0	526
0	0
0	0
0	0
0	0
0	1
0	0
0	0
8	0
0	0
0	0
0	0
0	0
0	0
0	0
0	0
0	0
0	0
0	0
0	0
0	0
1	216
0	0
0	0
0	0
0	0
0	0
0	0
0	0
0	0
0	0
0	0
0	0
0	0
0	0
0	0
0	0
0	0
0	0
0	0
0	0
0	2
0	0
0	0
0	0
0	0
0	0
0	0
0	0
0	0
0	0
0	0
0	0
0	0
0	0
0	0
0	0
0	0
0	0
0	0
0	14
0	0
0	0
0	0
0	0
0	0
0	2
0	0
0	0
0	0
1	268
0	0
0	0
0	0
0	0
0	0
0	0
0	0
0	19
0	0
0	0
0	0
0	0
0	27
0	0
0	0
0	0
0	0
0	0
4	171
0	27
0	0
0	0
0	0
0	0
0	0
0	0
0	0
0	0
1	2038
0	48
0	0
0	0
0	0
0	0
0	0
0	0
0	0
0	0
0	2
0	37
0	0
0	0
0	0
0	0
0	0
0	0
0	0
0	0
0	0
0	0
0	0
0	0
0	0
0	0
0	0
0	0
0	0
0	0
0	0
0	0
0	0
0	0
0	0
0	0
0	0
0	0
0	0
0	0
0	0
0	0
0	0
0	0
0	0
0	0
0	0
0	0
2	0
0	0
0	0
0	0
0	0
0	0
0	0
0	0
0	0
0	0
0	0
0	0
0	0
0	0
0	0
0	0
0	0
0	0
0	0
0	0
0	0
0	0
0	0
0	0
0	0
0	0
0	0
0	0
0	0
0	0
0	0
0	0
0	0
0	0
0	0
0	0
0	0
0	0
0	0
0	0
0	0
0	0
0	0
0	0
0	0
0	0
0	0
0	0
0	0
0	0
0	0
0	0
0	0
0	0
0	0
0	0
0	0
0	0
0	0
0	0
0	0
0	0
0	0
0	0
0	0
0	0
0	0
0	0
0	0
0	0
0	0
0	0
0	0
0	0
0	0
0	0
0	0
0	0
0	0
0	0
0	0
0	0
0	0
0	0
0	0
0	0
1	3
0	0
0	0
0	0
0	0
0	0
0	0
0	0
0	0
0	0
0	0
0	0
0	0
0	0
0	0
0	0
0	0
0	0
0	0
0	0
0	0
0	0
0	0
0	0
0	0
0	0
0	0
0	0
0	0
0	0
0	0
0	0
0	0
7	203
0	0
0	0
0	0
0	0
0	0
0	0
0	0
0	0
0	0
0	0
0	0
0	0
0	0
0	0
0	0
0	0
0	0
0	0
0	0
0	0
0	0
0	0
0	0
0	0
0	0
0	0
0	0
0	0
0	0
0	0
0	0
0	0
0	0
0	0
0	0
0	0
0	0
0	0
0	0
0	0
0	0
0	0
0	0
0	0
0	0
0	0
0	0
0	0
0	0
0	0
0	0
0	0
0	0
0	0
0	0
0	0
0	0
0	0
0	0
0	0
0	0
0	0
0	0
0	0
0	0
0	0
0	0
0	0
0	0
0	0
0	0
0	0
0	0
0	0
0	0
0	0
0	0
0	0
0	0
0	0
0	0
0	0
0	0
0	0
0	0
0	0
0	0
0	49
0	0
0	0
0	0
0	0
0	0
0	0
0	0
0	0
0	0
0	0
0	0
0	0
0	0
0	0
0	3
0	0
0	0
1	101
0	0
0	0
0	0
0	0
0	0
0	0
0	0
0	0
0	0
0	0
0	0
0	0
0	0
0	4
0	0
0	0
0	15
0	0
0	0
0	0
0	0
0	0
0	0
0	0
0	0
0	0
0	0
0	0
0	0
0	0
0	0
0	0
0	0
0	0
0	0
0	0
0	0
0	0
0	0
0	0
0	0
0	0
0	0
0	0
0	0
0	0
0	0
23	2
0	0
0	0
0	0
0	0
0	0
0	0
0	0
0	0
0	0
0	0
0	0
0	0
0	0
0	0
0	0
0	0
0	0
0	0
0	0
1	0
0	0
0	5
0	0
0	0
0	0
0	0
0	0
0	0
0	0
0	0
0	0
0	0
0	0
0	0
0	0
0	0
0	0
0	0
0	0
0	0
0	0
0	0
0	0
0	0
0	0
0	0
0	0
0	0
0	0
0	0
0	0
0	0
0	0
0	0
0	0
0	0
0	0
0	0
0	0
0	0
0	0
1	2
0	0
0	0
0	1
0	0
0	0
0	0
0	0
0	0
0	0
0	0
0	0
0	0
0	0
0	2
0	0
0	0
0	0
0	0
0	0
0	0
3	0
0	0
0	0
0	0
0	0
0	0
0	0
0	0
0	0
0	0
0	1
0	1
0	0
0	0
0	0
0	0
0	0
0	0
0	0
0	1
0	0
0	0
0	0
0	0
0	0
0	0
2	0
0	0
0	0
0	0
0	0
0	1
0	0
0	100
0	0
0	0
0	0
0	0
0	0
0	0
0	0
0	0
0	0
0	0
0	0
0	0
0	0
0	0
0	0
0	0
60	62
0	0
0	0
0	0
0	0
0	0
0	0
0	0
0	0
0	0
0	0
0	0
0	0
0	0
0	0
0	0
1	5
0	0
0	1
0	0
0	1
2	6
0	0
0	1
0	0
0	0
0	0
0	0
0	0
0	0
0	1
0	0
0	0
0	0
0	0
0	0
0	0
0	0
0	0
0	0
0	0
0	0
0	2
0	0
0	0
0	0
0	0
0	0
0	0
0	0
0	0
0	0
0	0
0	0
3	1
0	0
0	0
0	0
0	0
0	0
0	0
0	0
1	0
0	0
0	0
0	0
1	28
0	1
2	286
0	0
0	0
0	0
0	0
0	0
2	34
0	2
0	0
0	0
0	0
0	0
0	7
0	1
0	0
2	0
0	0
0	0
0	0
0	0
0	0
0	0
0	5
0	1
0	0
0	1
0	1
0	0
0	0
0	0
0	0
0	0
0	0
0	0
0	0
0	0
0	0
0	0
0	5
0	0
0	0
0	0
0	0
0	0
0	0
0	0
0	0
0	0
17	58
0	0
0	0
0	9
0	0
0	0
0	0
0	0
0	0
0	0
0	0
0	0
0	0
0	0
0	13
1	6
0	0
0	5
0	0
0	0
0	0
0	0
0	11
0	0
0	0
0	0
0	0
34	16
0	0
0	0
0	0
0	1
1	0
1	0
0	0
0	0
103	32
0	0
0	0
0	0
0	0
1	0
0	0
0	0
0	0
0	0
0	0
0	0
0	0
0	0
0	0
0	0
0	0
0	0
0	0
0	0
0	0
0	0
0	0
0	0
0	0
0	0
0	0
0	0
9	12
0	0
0	0
0	0
0	0
0	0
0	0
0	0
0	0
0	0
0	92
0	0
0	0
0	0
0	0
0	0
0	0
0	0
0	0
0	0
0	0
0	0
0	0
1	13
0	0
0	0
0	0
0	0
1	70
0	0
0	0
0	0
0	0
0	0
0	0
0	0
0	151
0	0
2	3
0	60
0	0
0	0
0	0
0	0
0	0
0	60
0	0
0	0
0	0
0	0
0	0
0	0
0	0
0	0
0	0
0	0
0	0
0	0
0	0
0	0
0	0
0	0
0	0
0	0
0	0
0	0
0	0
0	0
0	6
0	0
0	0
0	0
0	0
0	2
0	0
0	8
0	2
0	0
0	0
0	0
2	4
0	1
0	0
0	0
0	0
8	289
0	0
104	15
0	0
0	0
0	0
0	0
0	0
0	0
0	0
0	0
0	0
0	0
0	0
0	0
0	0
0	0
0	0
0	0
0	0
0	0
0	0
0	0
0	0
0	0
0	0
0	0
0	0
0	2
1	5
0	0
0	0
0	0
0	0
0	0
0	2
0	0
0	0
0	0
0	0
0	0
0	0
0	0
0	0
0	0
0	1
0	0
0	0
0	0
7	13
0	0
0	0
0	0
0	0
0	0
0	0
0	0
0	0
0	0
2	0
0	0
1	0
0	0
0	0
0	8
1	13
0	0
0	0
0	0
0	0
0	0
0	0
0	0
0	0
0	0
0	0
0	0
0	3
0	0
0	0
0	0
0	0
0	0
0	0
0	0
0	0
0	0
0	0
0	0
0	0
0	0
0	0
0	0
0	0
0	0
0	0
0	0
0	0
0	0
0	0
0	0
0	0
0	0
0	0
0	0
0	0
0	0
0	0
0	0
0	0
0	0
0	0
0	0
0	0
0	0
0	0
