UniqueCount	AmbigCount
0	0
0	0
0	0
0	0
0	0
0	0
0	0
0	0
0	0
0	0
0	0
0	0
0	0
0	0
0	0
0	0
0	0
0	0
0	0
0	0
0	0
0	0
0	0
0	0
0	0
0	0
0	0
0	0
0	0
0	0
0	0
0	0
0	0
0	0
0	0
0	0
0	0
0	0
0	0
0	0
0	0
0	0
0	0
0	0
0	0
0	0
0	0
0	0
0	0
0	0
0	0
0	0
0	0
0	0
0	0
0	0
0	0
0	0
0	0
0	0
0	1
0	0
0	0
0	0
0	0
0	0
0	0
0	0
0	0
0	0
0	0
0	0
0	0
0	0
0	0
0	0
0	0
0	0
0	0
0	0
0	0
0	0
0	0
0	0
0	0
0	0
0	0
0	0
0	0
0	0
0	0
0	0
0	0
0	0
0	0
0	0
0	0
0	0
0	0
0	0
0	0
0	0
0	0
0	0
0	0
0	0
0	0
0	0
0	0
0	0
0	0
0	0
0	0
0	0
0	0
0	0
0	0
0	0
0	0
0	0
0	0
0	0
0	1
0	0
0	0
0	0
0	0
0	0
0	0
0	0
0	0
0	0
0	0
0	0
0	0
0	0
0	0
0	0
0	0
0	0
0	0
0	0
0	0
0	0
0	0
0	0
0	0
0	0
0	0
0	0
0	0
0	0
0	0
0	0
0	0
0	0
0	0
0	0
0	0
0	0
0	0
0	0
0	0
0	0
0	0
0	0
0	0
0	0
0	0
0	0
0	0
0	0
0	0
0	0
0	0
0	0
0	0
0	0
0	0
0	0
0	0
0	0
0	0
0	0
0	0
0	0
0	0
0	0
0	0
0	0
0	0
0	0
0	0
0	0
0	0
0	0
0	0
0	0
0	0
8	3
0	0
0	0
0	0
0	0
0	0
0	0
0	0
0	0
0	0
0	0
0	0
2	3
0	2
1	3
1	21
0	18
0	0
0	0
0	0
0	0
0	1
0	1
0	25
0	59
0	59
0	59
0	25
0	0
0	25
0	13
0	13
0	25
0	59
0	59
0	640
0	803
6	61
2	160
0	800
0	0
0	0
0	0
0	0
0	0
0	0
0	0
0	0
0	0
0	0
0	0
0	0
0	0
0	32
0	32
0	0
0	0
0	1
0	1
0	0
0	0
0	1
0	1
0	63
15	0
0	61
1	38
0	63
66	112
7	11
1	92
0	50
0	20
0	50
0	0
0	1
0	0
0	0
2	966
0	137
0	0
0	0
0	0
0	0
0	0
0	0
0	0
0	0
0	0
0	0
0	0
0	0
0	0
0	0
0	0
0	0
0	0
0	0
0	0
0	0
0	0
0	0
0	0
0	0
0	0
0	0
0	0
0	0
0	0
0	0
1	89
0	96
0	91
0	96
0	91
0	91
0	91
0	10
0	3
0	3
0	96
0	0
0	0
12	21
16	175
0	175
0	17
0	26
0	25
0	0
0	0
0	0
0	0
0	0
0	0
0	0
0	0
0	0
0	0
0	0
0	0
0	0
0	0
0	0
0	0
0	0
0	0
0	0
0	0
0	0
0	0
0	0
0	0
0	3
0	3
0	4
0	1
0	2
0	1
0	2
0	1
0	0
0	0
0	0
0	4
0	0
0	0
0	0
0	0
0	0
0	0
0	0
0	0
0	0
0	0
0	0
0	0
0	0
0	0
0	0
0	0
0	0
0	0
0	0
0	0
0	0
0	0
0	0
0	0
0	0
0	0
0	0
0	0
0	0
0	0
0	0
0	0
0	0
0	0
0	0
0	0
0	0
0	0
0	0
0	0
0	0
0	0
0	0
0	0
0	0
0	0
0	0
0	0
0	0
0	0
0	0
0	0
0	0
0	0
0	0
0	0
0	0
0	0
0	0
0	0
0	0
0	0
0	0
0	0
0	0
0	0
0	0
0	0
0	0
0	0
0	0
0	0
0	0
0	0
0	0
0	0
0	0
0	0
0	0
0	0
0	0
0	0
0	0
0	0
0	0
0	0
0	0
0	0
0	0
0	0
0	0
0	0
0	0
0	0
0	0
0	0
0	0
0	0
0	0
0	0
0	0
0	0
0	0
0	0
0	0
0	0
0	0
0	0
0	0
0	0
0	0
0	0
0	0
0	0
0	0
0	0
0	0
0	0
0	0
0	0
0	0
0	0
0	0
0	0
0	0
0	0
0	0
0	0
0	0
0	0
0	0
0	0
0	0
0	0
0	0
0	0
0	0
0	0
0	0
0	0
0	0
0	0
0	0
0	0
0	0
0	0
0	0
0	0
0	0
0	0
0	0
0	0
0	0
0	0
0	0
0	0
0	0
0	0
0	0
0	0
0	0
0	0
0	0
0	0
0	0
0	0
0	0
0	0
0	0
0	0
0	0
0	0
0	0
0	0
0	0
0	0
0	0
0	0
0	0
0	0
0	0
0	0
0	0
0	0
0	0
0	0
0	0
0	0
0	0
0	0
0	0
0	0
0	0
0	0
0	0
0	0
0	0
0	0
0	0
0	0
0	0
0	0
0	0
0	0
0	0
0	0
0	0
0	0
0	0
0	0
0	0
0	0
0	0
0	0
0	0
0	0
0	0
0	0
0	0
0	0
0	0
0	0
0	0
0	0
0	0
0	0
0	0
0	0
0	0
0	0
0	0
0	0
0	0
0	0
0	0
0	0
0	0
0	0
0	0
0	0
0	0
0	0
0	0
0	0
0	0
0	0
0	0
0	0
0	0
0	0
0	0
0	0
0	0
0	0
0	0
0	0
0	0
0	0
0	0
0	0
0	0
0	0
0	0
0	0
0	0
0	0
0	0
0	0
0	0
0	0
0	0
0	0
0	0
0	0
0	0
0	0
0	0
0	0
0	0
0	0
0	0
0	0
0	0
0	0
0	0
0	0
0	0
0	0
0	0
0	0
0	0
0	0
0	0
0	0
0	0
0	0
0	0
0	0
0	0
0	0
0	0
0	0
0	0
0	0
0	0
0	0
0	0
0	0
0	0
0	0
0	0
0	0
0	0
0	0
0	0
0	0
0	0
0	0
0	0
0	0
0	0
0	0
0	0
0	0
0	0
0	0
0	0
0	0
0	0
0	0
0	0
0	0
0	0
0	0
0	0
0	0
0	0
0	0
0	0
0	0
0	0
0	0
0	0
0	0
0	0
0	0
0	0
0	0
0	0
0	0
0	0
0	0
0	0
0	0
0	0
0	0
0	0
0	0
0	0
0	0
0	0
0	0
0	0
0	0
0	0
0	0
0	0
0	0
0	0
0	0
0	0
0	0
0	0
0	0
0	0
0	0
0	0
0	0
0	0
0	0
0	0
0	0
0	0
0	0
0	0
0	0
0	0
0	0
0	0
0	0
0	0
0	0
0	0
0	0
0	0
0	0
0	0
0	0
0	0
0	0
0	0
0	0
0	0
0	0
0	0
0	0
0	0
0	0
0	0
0	0
0	0
0	0
0	0
0	0
0	0
0	0
0	0
0	0
0	0
0	0
0	0
0	0
0	0
0	0
0	0
0	0
0	0
0	0
0	0
0	0
0	0
0	0
0	0
0	0
0	0
0	0
0	0
0	0
0	0
0	0
39578	1676
1900	222
22360	2961
23129	14605
114	6501
41	4922
3	47661
42	55279
664	0
1	50206
28175	50198
19718	249
29590	0
10	0
0	345
0	370
0	270
8	399
0	93
0	42
0	181
0	299
0	151
0	79
2	123
0	88
1576	1237
3	551
3	317
1	293
0	415
121	26
0	380
2	231
0	376
35	207
8	352
0	70
0	19
2	52
0	106
0	141
0	178
1	73
4	31
33	146
0	45
0	51
0	383
0	0
0	0
0	0
0	0
342	683
110	13
0	156
1	676
3	232
0	120
0	87
0	434
2	428
1	0
318	3176
178	3176
182	270
10	21
0	20
0	91
2	54
0	106
0	149
0	24
0	382
0	168
0	23
1	382
0	579
1	578
0	438
0	548
0	504
1	122
4	66
0	59
4	186
2	375
12	229
0	199
0	87
0	0
8045	64
219	2052
5	1914
6	1916
5	9
0	9
0	0
0	1
0	5
0	0
0	0
25	6
0	2
0	0
0	1
0	3
9	1148
72	1309
5	412
2	0
0	70
0	238
0	42
0	39
0	67
0	35
0	27
12	2
8	6
0	1754
0	1577
0	1238
0	316
0	60
0	45
0	56
2	60
8	33
11	3
5	0
2	3
2	1
0	4
2	35
1	35
0	29
1	35
0	0
0	0
65	1005
19	968
0	112
4	0
6	466
17	60
0	0
41	3402
11	3402
15	2249
29	113
2	347
0	1975
2	163
0	44
16	159
1	107
2	124
22	179
14	179
0	0
0	121
0	119
8	117
0	4
0	110
0	19
0	27
3	25
0	24
0	29
0	8
2	108
0	4
55	76
2	9
0	57
0	76
12	2
0	0
0	0
0	0
0	2
0	0
0	0
0	24
0	30
0	27
0	18
0	20
0	2
0	0
0	14
0	13
0	2
0	3
0	8
0	8
0	6
0	1
0	4
0	0
1	0
4	0
0	1
0	0
0	0
0	0
0	0
0	0
0	0
0	0
0	0
0	1
36	7
0	0
0	3
0	3
0	3
0	3
0	4
0	0
234	1283
72	580
9	199
97	1070
0	929
1	278
3	219
1	300
0	294
11	69
0	224
0	352
499	394
4	2
6	392
5	46
417	46
2	0
2	0
0	0
21	0
156	886
3	185
2	155
196	645
2	240
24	4
1	4
79	64
0	35
0	1
0	61
382	43
2	43
0	1119
0	183
0	292
4	321
47	1077
0	260
8	189
1	633
0	589
0	349
11	301
26	334
1	97
0	97
0	69
17	1
5	352
0	352
0	35
3	3
14	231
0	146
0	231
12	2
0	4
5	2
2	3
11	2847
57	2843
0	4
77	812
39	577
18	103
0	4
13	0
0	55
2	42
1	576
0	27
0	354
0	10
0	36
0	0
0	0
0	0
0	0
0	0
0	0
0	0
0	0
0	0
0	0
0	0
0	0
0	263
5	263
0	219
1	0
0	19
0	5
0	18
0	18
0	16
0	4
0	0
0	1
0	1
0	0
0	1
0	0
0	0
0	0
32	154
0	2
0	11
0	10
0	142
0	4
7	0
0	27
3	2
0	1
0	1
0	0
2	226
1	232
0	233
0	13
0	29
0	35
0	0
0	0
0	0
0	0
0	0
0	0
0	0
0	0
226	144
3	27
0	144
26	84
11	2122
0	277
0	238
1	22
1	111
0	2127
0	0
14	142
0	142
2	177
3	182
0	35
0	12
0	0
0	0
0	1
1	6
0	12
0	0
0	14
0	418
0	1
1	396
0	419
9	369
23	0
130	0
239	0
139	41
0	50
0	51
0	0
0	640
0	0
1	61
0	54
0	630
0	64
2	641
2	0
12	0
789	666
3	335
7	208
70	123
728	238
2	46
0	198
3	165
136	356
0	290
0	0
2	125
12	28
16	2
0	68
257	1512
3	235
0	1507
0	1036
6	567
0	1486
0	22
9	274
0	238
0	280
3	236
0	70
5	238
5	239
0	238
0	237
1	176
0	172
4	123
0	0
0	60
1	182
0	107
2	127
0	117
3	524
14	523
0	525
0	508
27	0
292	111
46	77
1	111
0	7
0	0
0	0
0	0
0	0
0	0
0	0
0	0
0	0
334	89
0	89
37	13
29	102
21	17
0	38
0	85
0	153
15	52
25	207
0	155
23	67
1	2
0	3
0	3
5	487
0	506
0	402
0	118
0	154
2	145
15	139
13	97
0	118
0	0
196	52
0	52
14	23
0	1
0	6
0	5
0	6
0	96
1	96
4	26
0	77
0	81
12	0
1	25
7	28
0	36
1	23
135	20
23	32
0	15
28	0
0	59
6	0
3	1964
21	223
2	35
2	208
0	34
0	127
0	1963
0	0
0	0
0	9
0	9
0	2
0	1
0	2
0	2
0	1
0	0
0	0
0	0
1	0
0	0
0	0
0	0
0	876
2	526
1	695
0	571
0	258
0	262
0	230
0	572
0	743
26	200
0	407
10	749
68	739
2	552
3	110
0	197
1	152
0	567
1	73
0	145
0	192
0	874
1	37
0	37
0	21
1	0
2	3
0	3
0	6
0	6
0	4
641	133
0	133
8	1
8	0
0	0
265	5976
0	6182
23	5885
4	445
0	303
0	182
0	0
22	2080
0	882
19	1097
0	1177
0	907
19	8
79	1166
3	623
1	329
0	781
1	216
3	22
0	52
0	414
0	40
0	48
0	39
0	63
0	63
0	1103
0	1
0	2
0	1
0	1
0	1
0	1
116	461
67	374
3	36
25	88
2	88
1	87
12	57
0	0
16	55
0	5
0	17
63	85
0	78
1	18
2	20
0	9
712	860
6	860
1792	10254
0	5047
3	2833
409	7380
25	4538
0	0
39	3350
43	223
12	1192
8	486
0	419
118	1
2	110
6	2026
0	206
17	102
9	186
3	48
16	0
307	110
0	110
2	3
0	2
12	0
247	559
23	297
0	361
19	655
0	478
0	656
0	313
0	32
12	95
2	7
0	638
1	440
26	402
0	330
1	370
0	412
0	28
0	58
0	392
0	0
0	0
0	0
0	0
0	0
9	83
0	0
0	35
0	24
0	49
2	4
0	4
1	0
0	3
8	1100
0	1703
4	58
1	75
606	1731
10	972
0	221
5	30
0	446
1	203
0	84
1	45
53	0
22	45
0	210
0	140
0	556
0	120
1415	32
13	32
8	127
0	12
0	19
4	33
10	11
0	32
0	17
8	89
3	55
2	0
0	0
0	0
0	0
0	1
0	1
0	130
3	202
0	202
0	62
23	2045
0	2113
16	2079
19	107
0	257
3	2069
3094	174
76	87
0	81
7	86
13	4
11	2076
8	3313
0	31
6	3325
35	661
11	1476
48	3258
47	3322
1	43
0	2
6	3
0	0
96	522
9	508
0	44
1095	447
2	121
1	163
4	163
0	0
5	0
0	0
0	0
0	4
1	4
0	2
0	0
0	0
2055	2028
2	2022
3	168
1	16
0	50
16	350
1	297
1	297
0	42
0	42
0	23
0	299
3	0
98	16368
62	6856
30	16780
17	397
304	496
0	412
0	325
70	448
1	48
0	25
6	123
18	40
2	222
0	0
0	0
16	140
0	1152
0	81
0	68
0	316
244	0
0	238
19	505
58	83
8	76
0	245
0	966
4	1139
0	1168
0	1147
1	1200
0	584
2124	0
0	2
0	2
0	0
0	1
0	0
0	0
0	0
8	7
0	7
1	0
0	0
0	3
0	536
54	25
1	25
0	0
0	0
0	0
0	0
0	86
0	4
0	11
4	25
0	53
0	31
1	74
0	3
0	0
4	35
1	33
1	23
88	25
0	25
0	421
32	1215
0	1217
0	4407
31	4260
3	2566
3	542
6	380
12	378
8	208
6	184
0	4407
563	630
0	65
30	155
0	111
0	109
0	256
0	193
3	96
3	62
1	66
4	2361
0	2326
0	307
17	752
59	1815
1	402
1	223
0	152
0	408
0	111
0	281
62	1155
0	254
0	318
0	307
0	800
1	119
0	129
0	103
161	0
83	181
0	11
0	41
3	8
0	9
3	78
0	28
0	34
0	8
119	105
4	105
0	23
0	0
0	689
10	492
0	351
0	132
0	139
0	173
2	7
1	62
1	67
0	642
5	86
10	86
0	0
1	0
0	0
1	0
0	0
0	0
0	0
0	0
0	0
0	0
0	0
0	0
0	0
0	0
4	0
0	0
0	0
0	0
0	0
1	18
0	43
0	33
0	15
0	43
2	13
0	32
1	13
1	26
0	21
0	8
2	2
0	5
0	1
0	53
14	53
354	53
75	47
0	40
0	25
467	278
0	113
0	178
0	0
0	0
0	0
0	0
0	0
0	173
0	154
10	659
0	744
25	44
0	555
3	159
0	3
1	3
0	2
0	3
0	1
0	2
0	3
0	2
0	3
0	2
0	2
1	2
0	1
0	0
0	0
74	26
1	26
37	0
0	0
0	0
0	1
0	1
0	0
0	1
0	1
0	1
0	0
0	1
0	1
0	1
49	681
35	721
23	312
1	4
0	72
15	68
0	6
10	57
16	628
2	628
4	193
3	0
5	11
500	340
9	95
0	241
0	97
14	115
0	0
0	0
18900	839
0	838
0	418
30	418
2	162
3	89
2	77
14	16
0	16
0	16
0	3
0	3
0	16
23	927
4	105
11	372
3	459
0	437
1	150
0	52
1	58
1	32
6	16
0	61
0	134
157	366
2	122
0	155
2	18
0	557
0	13
0	26
12	9
1	18
0	14
0	12
0	15
0	314
0	562
0	109
3	842
10	353
3	63
0	63
0	355
0	93
0	226
5	144
0	329
0	0
0	0
0	0
0	0
0	0
0	0
0	13
0	10
0	1
0	31
0	3
0	3
0	25
0	2
0	0
0	0
0	11
0	0
0	32
2	0
0	0
0	0
0	0
2	119
104	119
633	386
4	110
0	67
1	84
0	125
0	48
166	47
5	23
0	0
0	0
0	494
0	439
20	252
0	494
3	491
0	0
0	0
2	147
0	113
0	125
1	100
0	34
0	6
2	6
0	13
0	0
0	8
0	0
0	8
0	8
4	886
23	821
0	341
3	98
0	145
0	208
12	72
1	146
0	215
152	9879
25	9879
1	402
41	281
11	20
3	0
0	181
18	203
0	199
1	11
2	20
80	0
0	425
0	420
0	451
0	140
0	32
0	373
1	34
0	148
1	141
7	93
2	141
1	142
0	54
0	69
0	25
5	154
0	161
0	155
26	24
0	16
0	0
1	0
0	0
0	0
0	0
0	0
322	0
0	3
0	0
0	0
0	9
0	9
0	0
0	3
0	0
0	0
32	19
3	7
0	17
0	7
0	0
9	112
2	145
7	150
10	93
1	40
9	31
0	0
0	2246
14	73
10	2176
0	189
0	265
4	39
12	1659
33	236
16	51
15	235
12	22
0	263
10	308
0	304
0	306
24	23
0	310
0	282
35	79
0	120
0	145
7	50
0	78
0	67
40	86
983	204
1	204
1	299
1	96
14	62
21	299
156	24
0	24
0	19
17	1180
0	1182
53	232
1	181
0	222
0	105
3	173
45	451
93	113
7	66
0	384
0	209
0	344
1	1671
47	1667
0	278
11	278
12	278
6	21
0	0
0	0
0	0
0	0
0	0
0	0
2	0
0	1
0	1
0	0
0	0
0	1
0	1
0	0
1	2
0	0
531	1001
0	727
0	110
0	172
0	84
0	33
0	50
0	27
0	27
7	337
0	406
0	406
0	375
0	50
0	118
145	116
0	0
0	0
0	0
0	0
0	0
1	786
9	9
0	786
0	45
0	45
0	163
0	44
0	24
0	6
0	163
0	44
21	593
0	579
0	115
0	100
0	150
11	546
3	123
0	107
2	621
2	0
0	0
619	20
29	68
0	68
43	0
4	39
0	67
49	46
0	741
9	788
112	21
13	88
0	790
0	0
0	0
0	3
0	3
168	336
0	125
0	210
1	108
0	57
0	4
0	4
0	255
801	666
2	330
3	81
1	222
158	1515
3	0
1	1282
0	584
0	1515
126	0
0	0
0	0
0	0
0	0
0	0
0	0
0	621
0	378
5	390
0	631
0	0
2	0
0	579
0	74
35	41
2	579
0	132
19	317
0	66
6	89
7	95
35	25
0	12
47	69
2	63
0	0
0	0
0	0
0	0
0	99
2	16129
4	16065
0	6597
0	1097
0	56
4	166
152	7
4	19
0	200
0	21
6	531
2	247
0	198
0	478
7	527
0	0
2	98
4	42
0	107
4	76
16	62
1	175
4	1213
0	1254
1	1254
0	97
0	632
0	156
0	186
0	571
0	308
2	67
0	432
0	355
0	160
0	293
0	244
0	160
4	123
34	56
0	56
0	4
5	0
0	165
0	48
0	25
14	200
2	320
5	66
1	332
9	47
0	37
0	138
0	131
60	110
12	34
0	265
10	9
0	1764
14	1868
0	117
0	0
1	52
4	33
0	80
4	108
0	66
1	87
0	0
0	3
0	3
12	3
0	0
0	0
0	0
0	0
0	0
0	0
0	0
21	0
0	1
0	0
0	1
0	0
0	0
0	0
0	6
0	16
3	38
0	186
0	55
143	186
0	214
1	10
3	7
1	156
0	202
0	86
1	172
0	214
0	139
0	200
0	263
0	585
0	142
0	85
9	508
1	146
0	668
2	628
5	124
0	111
0	143
0	230
2	299
6	184
14	504
15	548
4	236
0	129
0	195
0	50
0	142
0	330
13	159
0	383
6	21
0	36
1	80
0	72
31	145
0	170
2	13
4	159
0	20
2	6
386	218
0	0
0	0
0	0
1	0
4	110
24	2
2	102
8	979
0	289
9	1049
602	1061
0	15
0	7
1	3
0	63
0	0
1	0
26	66
9	159
9	329
0	265
371	0
0	16
2	117
2	68
2	87
3	533
148	538
31	219
30	108
2	5
0	0
0	34
102	39
0	34
0	29
0	36
44	43
12	22
15	15
0	35
4	18
0	90
0	39
0	82
143	92
0	233
1487	233
273	0
6	55
0	76
1	74
0	97
1	239
3	253
1	15
0	92
4	45
0	84
0	22
0	61
0	92
0	8
0	0
0	0
0	0
0	0
0	3
0	3
0	59
3	70
0	72
44	64
0	59
15	94
76	248
5	76
27	898
103	1030
10	584
1	121
2656	0
0	0
0	2
1	2
0	178
432	178
486	1276
0	1277
0	89
3	534
0	84
0	0
0	0
0	280
23	274
0	9
1	261
1	248
0	40
1	270
0	280
0	274
17	301
4922	301
11	247
3	0
403	339
1	109
0	71
0	122
1	186
0	69
0	39
0	98
0	93
3	18
1	21
11	3
17	217
0	249
0	188
29	207
2	32
3	21
0	39
0	19
0	39
0	40
0	136
1	56
0	57
2	40
1	44
0	9
0	7
0	4
1	12
62	12
17	131
11	585
35	643
0	0
13	0
586	124
16	124
0	0
0	0
5	0
0	244
0	254
0	255
0	235
19	169
1	205
1	110
6	7
0	29
0	43
0	250
2	0
0	0
0	2
3	0
0	5
3	5
0	5
0	0
0	0
0	0
3	922
10	1042
1	1901
27	2107
725	0
0	106
0	106
3212	786
0	574
8	82
27	37
38	43
0	182
1	269
4	230
9	479
12	269
0	104
1	140
3	78
0	10
0	0
0	0
0	0
0	0
0	0
0	0
0	0
0	0
0	0
0	0
476	0
593	0
0	119
0	122
0	127
0	80
0	116
0	121
10	80
0	20
0	0
0	0
0	0
0	1
0	0
0	2
0	1
0	1
0	1
0	1
0	1
0	0
0	0
0	0
0	1
0	0
0	0
0	0
0	0
0	0
0	0
0	0
0	0
0	0
152	59
0	59
0	580
0	579
0	573
0	571
0	572
0	564
0	503
2	573
0	584
0	339
0	370
0	84
2	17
0	29
21	0
0	0
0	1592
0	1633
17	1427
0	1491
2	1510
14	512
0	1631
0	762
147	997
2	121
0	910
9	104
2	0
26	767
3	108
4	288
2	252
0	118
0	4
0	12
0	0
0	7
0	0
0	9
0	0
0	12
0	14
4	1342
0	1134
2	1313
4	194
0	264
4	250
1	185
0	0
0	0
0	0
0	0
9	151
2	151
0	97
0	67
0	408
4	97
39	1447
221	1947
0	1953
3961	4189
6	946
0	420
11	709
5	685
0	605
56	1260
108	379
4	720
2	133
47	130
0	30
4	0
1	0
79	2863
26	940
2	2699
0	2311
19	138
0	0
0	0
0	0
3	64
0	25
0	14
0	31
0	20
4	71
392	72
0	50
696	201
0	105
0	133
22	54
0	0
0	7
0	7
0	5
2	407
0	523
0	500
0	57
2	62
7	78
0	2
7	0
0	21
0	45
43	1
1	0
7	1213
0	1390
0	1365
0	1393
0	1402
0	1371
0	183
0	1114
1	1070
2	72
2	107
7	60
1	58
11	49
12	21
0	164
0	165
256	58
11	107
0	1389
0	1402
57	150
2	122
3	107
973	0
0	428
0	387
0	65
3	327
0	205
0	337
0	312
18	12
1	13
14	13
0	12
0	2
1	2
0	2
288	309
0	167
1	61
42	8
0	95
81	163
0	22
1	112
0	309
0	0
0	0
0	3
0	3
0	0
0	0
8	3
0	3
189	1504
0	531
0	532
0	1213
2	33
0	78
0	62
283	582
0	120
29	228
1	15
0	6
0	6
0	5
0	3
0	0
0	2
0	6
0	6
2	442
0	411
0	332
0	384
0	370
37	131
2	144
11	159
0	122
15	98
0	335
6	256
0	139
1	295
8	40
0	15
62	15
9	254
0	254
14	0
0	0
4	0
0	0
0	2
0	0
0	1
0	2
146	3655
66	3655
3	586
7	172
0	0
0	0
0	0
0	22
220	150
0	149
0	3
2	102
0	150
0	0
0	0
3	78
4	197
0	197
0	169
0	11
10	9
30	664
3	141
0	100
0	227
2	524
7	199
1541	1766
22	214
39	625
0	898
0	752
0	463
1	431
2	90
0	2
0	0
0	0
1	0
0	0
0	0
0	0
0	0
0	0
0	0
0	0
0	0
0	0
0	426
0	436
8	381
0	401
0	181
0	45
3	18
3	4
2	61
0	38
0	0
0	0
0	0
0	0
0	0
1	4752
0	10513
0	9559
32	230
1	515
3	7539
0	976
0	4760
0	2182
6	579
0	10409
0	3150
0	3520
18	2985
1	10409
119	59
0	24
0	35
0	0
1	0
2	13
0	3
0	21
1	1
0	12
0	2
0	31
0	85
1	28
0	63
0	57
0	81
0	71
0	40
0	48
0	84
0	75
0	68
0	71
0	4
0	6
0	10
0	22
1	307
0	300
0	311
8	0
0	262
3	263
0	307
0	22
1	56
0	269
2	43
12	33
0	50
0	42
7	0
6	21
0	25
0	39
0	21
0	33
0	26
0	27
0	18
0	18
0	0
0	2
1	13
0	29
0	18
0	5
0	18
0	6
19	0
0	0
0	0
0	870
0	3
7	871
0	3
2	3
0	241
0	29
0	165
0	66
1	238
0	52
0	327
0	254
0	176
4	108
1	66
0	49
21	45
7	7
0	14
0	18
0	18
0	13
0	3
0	9
0	0
139	0
0	734
4	652
2	702
14	1038
0	1145
0	0
0	0
0	0
0	0
0	318
1	277
0	302
7	31
4	44
0	318
1	236
23	861
3	839
2	810
33	50
21	0
0	33
0	39
0	33
3	37
0	33
0	17
0	8
822	432
0	284
0	57
0	57
1	0
0	42
0	30
0	42
0	23
0	42
0	33
7	14
2	0
0	6
0	2
1	4
0	2
0	2
0	1
0	1
0	0
0	1
27	23
477	1535
0	21
26	1529
0	316
8	216
37	19
12	279
8	517
0	520
0	517
0	26
10	231
0	48
0	45
0	38
0	29
0	520
0	511
0	78
0	7
0	5
0	78
0	4
0	9
1	54
0	4
0	3016
5	2860
58	1802
0	2123
200	232
0	2983
23	3006
0	480
9	251
0	637
2	1640
8	399
5	477
10	23
69	2
0	2
366	41
0	54
0	1174
0	22
0	1178
54	256
6	17
2	254
0	3
0	0
0	3
0	43
0	43
0	8
0	0
1	0
0	8
0	0
0	0
0	0
0	0
0	0
0	663
9	757
15	379
5	199
15	270
0	192
17	225
6	179
4	53
177	169
0	127
1	304
0	95
0	41
2	237
0	42
3	280
365	1114
0	714
0	95
3	124
1	196
1	52
0	32
0	0
0	0
0	0
0	0
0	32
0	210
0	211
1	143
8	166
0	29
2	8
5	13
326	905
0	905
0	31
0	476
7	469
1	76
0	64
1	13
0	113
2	15
0	10
1	48
2	27
0	14
14	0
4	0
3	447
0	429
0	607
3	559
1	70
2	229
3	69
0	94
0	0
0	0
0	0
0	0
0	0
1	2153
106	2179
8	881
0	1905
1	145
10	261
25	712
0	59
6	130
0	126
9	124
4	133
7	121
1	12
0	11
0	1
0	0
2461	251
0	91
2	160
6	148
1677	672
7	31
20	493
0	0
0	0
1	0
0	31
203	0
1	0
17	0
0	94
0	39
0	3
0	4
7	62
1	126
1	145
0	19
104	170
0	48
2	16
20	106
2	136
0	70
0	140
0	126
0	18
0	17
5	23
0	100
0	11
6	467
42	467
1	31
0	52
0	21
0	7
0	2
0	21
0	21
0	23
2	26
0	9
0	6
0	26
0	23
0	5
0	13
0	8
0	2
0	21
380	224
0	87
34	58
5	36
1	135
0	64
2	143
0	63
0	51
0	70
0	46
0	133
309	13
0	0
0	13
0	0
0	0
0	1
2	69
290	162
2	129
0	82
0	82
0	0
0	0
0	0
1	389
35	1092
45	1122
0	755
0	280
42	121
0	1133
4060	0
0	0
0	0
0	0
1	0
0	0
0	0
0	0
0	0
732	0
18	159
6	161
6	149
3	92
0	90
0	47
7	57
0	25
0	48
1	52
0	3
1	3
0	1
0	1
0	1
0	0
1	0
0	0
0	0
0	0
0	3
0	1
0	3
0	3
0	0
0	0
0	3
0	4
0	3
1	3
0	3
0	0
112	101
0	47
0	37
0	118
11	1140
0	915
0	59
59	733
0	151
2	132
0	228
0	178
0	0
0	0
0	0
0	0
0	0
0	0
0	0
0	0
0	0
0	0
0	0
653	2742
97	2518
0	711
10	1448
19	0
181	221
1	218
0	200
0	3
0	0
0	1960
0	2048
0	188
0	116
0	229
0	121
0	75
0	41
0	0
0	0
0	0
0	0
0	0
0	0
0	0
0	1
0	1
0	0
0	0
0	0
0	0
0	0
0	0
0	0
2	678
26	634
0	739
0	238
0	290
4	238
0	17
1120	731
45	739
20	49
0	852
11	807
11	837
30	21
15	115
0	103
3	130
6	133
0	38
0	40
1	24
12	21
1	1
0	0
0	0
0	0
0	1295
0	1288
0	389
0	146
0	141
184	114
0	112
0	0
65	2
1	149
0	153
3	145
0	148
2	144
0	129
755	2171
0	2175
30	0
112	1720
0	224
13	120
929	306
10	306
3	118
6	555
1	536
0	561
0	37
5	3
0	0
0	0
0	0
0	0
0	0
0	0
0	0
0	0
0	0
0	443
0	117
0	471
0	129
0	282
0	167
0	654
0	472
0	661
0	637
0	170
0	125
0	72
0	61
0	33
0	133
108	616
0	142
16	410
1	88
0	0
0	0
0	111
0	73
0	73
0	73
0	109
0	65
0	109
0	47
0	59
0	18
0	14
5	19
0	34
0	34
0	28
0	22
0	22
0	21
0	12
0	14
0	109
0	0
0	0
0	0
0	0
1276	381
8	240
0	148
11	219
1	1027
987	1000
116	504
0	395
0	418
7	19
2	37
12	198
2	181
13	75
0	7
0	46
0	0
0	0
24	644
0	507
0	41
0	551
7	564
36	33
0	374
0	60
0	487
3	60
0	57
0	70
0	644
10	257
0	238
0	71
0	0
0	0
0	0
16	129
0	129
0	112
0	129
34	137
0	138
3	113
2	128
0	29
4	1
0	0
0	0
0	0
0	59
0	4
0	0
0	59
0	0
0	0
433	0
5	226
2	171
0	205
2	161
0	206
0	186
0	193
1	193
2	119
0	87
0	54
6	28
48	41
0	15
0	32
0	1
0	4
0	6
0	290
4	272
0	26
0	28
0	57
0	25
3	28
0	0
0	0
0	0
0	0
0	0
0	760
0	811
1	312
0	92
0	759
16	412
0	412
1	24
34	277
4	46
0	13
0	11
10	10
1	3
0	0
0	93
0	0
0	0
0	0
0	0
0	0
0	0
266	160
0	609
18	2022
83	1715
8	373
0	373
0	108
0	10
0	38
0	82
3	82
0	38
0	38
16	75
0	86
0	86
0	44
0	0
0	0
0	0
0	0
0	7
0	0
0	7
1	0
0	0
0	7
21	35
0	35
0	34
0	31
0	24
2	10
0	6
3	466
12	445
0	408
0	433
0	421
0	154
11	104
1	259
0	62
2	182
5	22
0	41
0	27
16	15850
153	15850
2	15851
0	15850
0	15853
0	15849
0	15854
0	15851
4	4919
0	3528
0	2669
0	2462
0	2488
0	2356
0	0
0	2
4	15
0	15508
0	15689
0	15689
2	15851
0	15482
0	0
0	0
0	0
0	0
0	0
0	0
0	0
0	0
109	292
2839	1284
81	604
0	1229
2	626
0	184
0	0
0	0
0	0
0	0
0	2739
811	1932
4	3446
209	1086
1	2888
6	2592
1	20
0	529
13	1356
2	3495
294	0
527	1545
0	1413
2	132
460	37
0	37
325	429
20	9
0	420
16	119
0	10
0	119
1	22
0	1
4	1
0	0
0	0
0	0
0	0
0	0
0	0
3	1536
0	1306
3	1222
0	171
0	234
54	394
0	451
0	452
26	475
8	0
24	593
0	28
0	23
0	1042
0	0
0	0
0	0
0	0
0	0
0	0
0	0
0	138
115	298
0	143
2	116
0	180
0	0
0	0
0	0
0	0
0	0
0	0
0	0
0	0
0	0
3	2599
0	2739
25	2597
0	2646
0	299
3	329
0	791
12	161
0	513
0	339
0	93
5	337
9	325
61	716
0	716
0	0
0	0
0	0
0	0
0	0
2055	525
33	233
4	292
0	0
974	79
0	79
5	1599
2	1579
34	174
11	88
19	57
0	8
0	3184
90	3002
98	3244
69	3088
139	2850
6	92
13	1264
0	932
12	165
42	728
79	601
0	306
7	105
4	11
0	728
0	0
0	0
0	0
0	0
0	641
1	319
12	50
15	507
0	0
0	0
0	0
0	0
0	0
0	0
0	0
0	560
0	560
0	85
14	183
0	0
0	0
0	0
0	0
22	398
56	398
5	41
4	31
1	237
5	0
0	0
0	0
0	1919
19	1952
0	726
0	504
0	797
0	400
0	478
3	442
17	168
0	248
12	166
0	51
70	40
1	725
4	23
1	33
0	725
7	205
1	23
0	193
0	189
0	2
0	2
0	0
0	2
0	2
0	2
0	0
0	0
0	0
0	0
18	221
0	224
0	52
0	66
5	31
0	0
0	0
0	0
0	0
0	0
0	0
0	0
0	0
35	308
0	226
5	92
0	308
0	0
0	0
106	0
19	116
8	116
0	108
0	0
0	0
0	0
15	1079
47	1079
10	747
0	0
0	0
0	0
0	146
18	78
0	134
4	8
0	43
0	37
0	0
1	13
2	15
0	0
0	0
0	2
0	5
0	5
0	0
756	571
0	52
0	442
1	186
24	72
0	0
136	8
0	0
0	1
0	1
0	0
0	0
0	0
0	0
254	56
2	56
3	38
0	0
0	0
0	0
0	0
0	0
0	0
531	213
1	148
3	0
0	0
591	0
0	0
0	0
0	0
1	2
0	2
0	0
0	0
129	1040
2	1000
0	459
0	56
23	220
0	0
0	0
0	0
0	0
0	0
0	0
0	0
0	0
0	0
0	0
0	0
0	0
0	0
0	0
0	0
0	0
29	0
2	0
0	0
0	0
0	0
226	3913
14	3913
0	184
1	0
0	0
0	0
0	0
2	0
0	0
31	2758
72	2261
0	2024
1	2269
0	201
0	229
474	2412
28	7217
0	6865
3	575
16	555
78	11
0	0
0	0
0	0
0	0
10	27
0	0
0	0
43	4
0	0
0	4
0	3
0	88
0	0
0	0
0	0
0	0
0	0
0	0
0	0
0	0
0	0
2	548
0	551
7	247
0	439
0	288
0	296
0	33
0	56
0	9
0	122
1	33
0	80
0	0
1	18
0	462
0	451
3	441
35	421
0	328
2	5
2	89
4	26
13	0
0	441
0	1
0	1
0	0
0	0
0	0
0	15
0	27
0	27
0	0
5	2930
0	2812
2	2770
0	2888
2	423
10	148
6	370
0	0
1	73
0	74
0	76
0	74
0	76
0	74
0	74
0	76
0	76
0	71
0	2
0	12
1	2
0	1
0	36
0	76
0	143
8	138
65	136
144	7
0	8
4	12
31	150
2	104
8	23
1	11
0	2
0	53
180	53
1	20
0	0
0	0
0	0
1	193
0	193
0	190
1	197
0	192
0	200
0	203
5	166
0	11
442	0
0	201
3	138
10	39
1	188
0	144
0	8
0	11
0	25
0	43
0	35
0	8
7	0
1	81
0	91
124	958
3	783
0	723
0	964
0	674
9	331
28	88
27	128
1	56
0	184
3	86
0	9
31	105
0	87
0	80
26	8
0	15
3	41
7	110
4	96
2	11
5	3
1	2
4	272
1	124
0	1
1	105
0	35
0	77
0	238
0	0
0	0
0	0
0	0
0	0
0	0
622	576
5	516
3	109
2	54
1	16
0	95
0	361
0	344
7	375
0	361
0	15
113	887
0	315
0	170
0	876
49	697
1	251
2	352
0	689
0	587
0	270
0	218
133	5
2	5
0	0
0	0
257	937
9	50
0	834
149	451
0	451
2	1
0	73
1	57
1	120
16	16
0	14
108	13
16	0
0	0
0	0
0	0
0	0
0	0
0	935
0	265
1	1038
9	650
0	1061
25	10
5	10
0	0
0	0
0	0
0	0
0	0
0	0
0	0
0	0
0	0
0	0
3	155
0	138
6	152
0	89
0	7
0	69
0	133
0	27
0	3
48	27
0	16
0	21
0	18
0	0
0	0
0	0
0	1
0	5
0	1
0	6
0	6
0	5
0	0
0	2
0	2
0	6
0	2
0	2
0	0
0	3
0	0
0	1
0	0
0	6
0	7
474	569
0	268
0	74
0	48
146	109
0	109
4	64
0	0
0	0
0	0
0	0
0	0
0	0
0	0
0	0
0	0
0	0
0	197
0	194
1	18
0	197
0	16
2	24
2	2
0	40
0	0
1	34
2	24
4	50
0	12
0	47
0	197
31	1769
0	131
18	1887
0	1377
0	1784
30	1152
1	1744
1	143
6	161
2	287
0	108
7	296
165	43
0	43
0	10
0	10
0	1
3	1
0	0
1	22
329	8
0	20
0	1
0	2
0	1
4	4
0	3
0	1
0	1
0	1
0	928
13	787
111	1091
0	8
1	305
2	186
1	91
0	17
0	20
35	324
0	312
15	233
0	21
0	3861
8	817
0	1193
0	2538
2	197
28	158
0	203
0	149
0	388
0	112
0	677
6	119
0	3680
0	3949
0	3787
0	21
0	16
1	24
1	5
0	182
11	173
1	26
0	91
0	109
0	166
0	0
0	82
0	94
0	182
0	1784
834	2605
9	2419
0	246
1	395
0	48
0	20
17	7
0	7
0	1
2	272
25	374
0	252
1	358
0	1756
20	1524
0	904
0	1706
5	58
0	858
0	20
0	107
8	23
1	1639
0	302
2	952
3	159
0	1725
0	222
6	124
0	64
5	45
18	222
0	0
0	0
0	0
0	0
0	0
0	0
62	0
29	6
0	0
0	0
0	0
0	0
0	6
0	2
0	6
0	0
15	238
0	238
0	99
0	67
0	156
0	170
3	10
0	39
0	167
0	17
0	14
0	9
0	9
0	1
0	1
0	0
0	2
0	2
0	14
0	9132
34	9126
7	1005
0	2409
0	2455
0	256
0	0
0	0
0	0
81	161
0	10
0	7
5	8
1	0
0	4
18	7931
18	7376
47	4581
25	3821
14	3203
9	2905
0	7838
453	397
0	59
0	127
1	73
2	77
1	60
1	68
0	77
0	56
255	0
3	1151
0	573
0	1156
0	84
0	50
0	65
276	0
0	3814
1	4481
1	1195
5	827
3	108
11	185
1	892
1	635
0	216
4	86
93	97
37	247
0	0
6	0
80	46
1	45
2	47
0	27
0	11
1	14
448	2006
34	545
2	614
9	1603
6	423
11	2112
1	2039
4	1
1	312
1	1346
109	1753
10	1739
0	114
0	217
1	0
0	0
0	1545
0	1568
0	69
95	144
80	1617
0	73
0	334
0	340
5	31
0	29
0	11
0	60
0	168
102	203
18	216
0	174
1	618
0	618
0	5
0	101
2	498
0	478
12	51
6	61
0	53
0	45
0	18
309	79
0	79
1	26
4	157
1	117
8	157
1	0
7	0
1	1288
0	1350
12	900
129	364
64	229
155	4
0	0
0	0
11	307
2	159
0	307
0	52
4	23
1	29
52	5579
452	5612
0	3293
2	568
0	370
3	340
2	57
0	333
1	279
0	87
0	0
41	90
225	172
13	98
13	42
0	0
0	0
0	0
174	1227
0	1183
24	640
1	719
1	979
43	12
4	478
0	358
13	68
13	0
0	0
0	0
5	428
2	1688
0	1717
1	817
3	345
0	521
2	130
574	4412
0	4240
0	374
3	238
29	277
21	1577
17	510
24	460
0	323
4	286
5	149
24	4
3	19
22	0
87	175
0	150
0	119
11	4
0	28
0	166
0	0
0	0
0	0
2	0
0	0
0	0
0	0
0	0
0	0
0	0
0	0
0	0
449	179
12	179
1	248
0	722
0	706
0	218
0	399
8	655
0	150
0	145
10	6
22	49
0	39
16	78
0	31
0	31
0	719
0	123
0	122
0	92
0	77
0	54
1	84
0	84
0	84
0	61
0	61
0	19
0	37
0	22
0	10
0	710
0	679
0	203
0	5715
0	5552
0	933
0	58
0	130
2	610
0	80
2	5689
1	0
39	1538
0	50
3	441
0	11
179	463
0	452
0	0
0	0
6	221
0	566
19	64
6	317
30	42
0	81
0	526
18	361
14	1496
0	3124
0	3204
0	0
1	1448
49	1464
64	209
57	590
1	1429
0	1496
1	1427
3	203
4	215
58	115
0	115
0	115
0	0
31	4102
1	171
5	1580
0	4160
3	241
4	550
6	3921
1	1911
1	5208
42	2628
3	251
97	1545
126	440
83	105
17	5145
0	0
0	0
2375	1411
2	1371
0	919
3	217
0	380
7	397
5	105
0	105
0	99
3	20
14	3
0	63
0	33
0	0
0	0
0	0
0	0
16	203
0	1
228	202
2	202
18	73
0	299
0	299
0	285
0	71
7	9
3	18
0	18
0	4
0	1
0	1
449	380
1	129
7	89
0	127
5	101
0	0
0	0
0	0
0	0
137	1326
1	1326
1	1326
18	60
7	0
2	427
0	392
6	96
0	17
0	10
0	10
0	8
2	3
484	446
4	467
1	2
46	180
19	410
21	70
0	0
0	0
0	0
0	0
0	0
0	0
0	0
0	0
0	0
0	0
2	459
11	876
3	848
0	184
6	119
0	0
0	0
1	10
0	1
0	10
2	10
0	1
0	10
2	0
0	0
0	0
0	0
0	0
0	0
0	0
0	0
128	20
4	20
0	0
0	0
0	0
670	476
15	137
4	222
1	71
26	57
0	78
6	9
183	145
5	103
0	45
0	464
1	464
4	0
6	84
0	204
1	525
6	525
2946	3053
14	3053
0	0
0	0
0	0
0	0
0	0
0	0
914	0
0	5
0	5
0	0
233	962
0	309
4	47
19	312
0	54
1	17
12	415
0	0
89	8
1	8
0	8
418	656
60	656
0	34
0	5
0	26
0	0
0	29
0	19
0	2
0	0
0	11
0	3
0	2
1247	400
0	400
1	1785
0	303
4	447
0	375
0	447
0	444
0	3
0	74
1	107
0	398
0	417
2	322
0	308
12	317
0	72
7	2
3	2
0	1784
1109	493
14	60
28	433
7	12
0	196
0	231
3	118
0	220
0	70
2	74
3	0
0	0
0	0
0	0
0	0
0	0
0	0
0	0
0	0
2	34
0	288
7	288
0	16
0	20
9	33
2	0
4	14
3	43
0	28
142	295
0	228
0	214
0	149
0	87
3	0
226	173
0	141
4	35
0	67
0	69
6	35
0	0
1	50
0	44
0	62
0	47
0	13
0	22
0	2
0	62
174	441
0	124
21	101
0	339
0	137
0	172
0	124
0	99
0	85
1	70
2	82
0	1
0	1
0	0
0	0
0	1
0	83
36	173
0	19
67	91
2	173
0	37
3	72
8	56
2	19
74	485
5	415
8	327
0	3
0	3
0	0
0	0
0	0
0	0
0	0
0	0
0	1565
0	2028
0	416
0	1168
0	426
10	250
3	337
0	160
0	242
3	144
0	481
0	385
0	472
0	0
0	0
134	14353
10	14311
0	13659
0	327
7	0
0	14353
5	914
0	87
7	38
0	6
0	896
0	0
0	0
0	0
3	217
0	217
0	200
8	0
0	0
3	75
1	121
0	0
0	0
0	0
0	0
10	355
28	64
0	2
94	337
0	24
22	394
0	41
0	333
0	240
0	193
5	63
0	66
0	0
0	0
0	0
0	0
36	5118
173	5118
1	1400
5	1384
174	1205
0	0
0	0
0	0
0	0
0	0
0	0
0	0
4259	2319
962	2319
91	82
9	74
0	1
0	37
1	34
0	0
0	0
0	0
0	0
1	45
1	45
1	45
0	22
0	0
37	97
47	97
2	361
0	13
0	187
0	239
0	0
0	0
164	1195
34	290
4	450
0	0
0	0
0	2
0	2
0	2
0	2
0	9
0	7
0	9
1	244
0	170
0	173
3	0
1	72
26	0
0	13
0	34
428	45
1	45
0	41
3	0
0	4
0	4
0	0
0	0
0	27
0	12
0	24
0	12
0	27
0	0
0	0
0	0
0	0
0	4
0	3
0	4
0	4
0	4
272	65
0	52
12	17
0	13
0	8
0	8
1	298
0	298
0	299
1	60
6	28
21	28
0	0
0	0
0	0
0	0
0	1284
20	635
32	130
0	1312
2	1129
8	278
5	157
3	721
21	462
14	482
0	2
0	2
0	0
0	0
0	0
0	0
0	0
0	0
0	0
3	1953
111	0
19	448
163	1953
82	610
3	687
1	0
0	0
0	0
0	0
0	0
0	0
0	0
0	0
0	0
0	0
0	0
0	0
73	0
854	2005
500	1242
0	1408
0	1470
0	588
0	1470
0	2
0	2
6	13
0	0
5	5
0	1
0	1
0	4
1	8
0	8
0	4
2	0
0	0
0	0
0	0
0	0
0	0
0	0
0	0
0	0
0	0
0	0
0	0
25	1405
0	1405
5	82
0	0
0	290
8	1286
81	537
0	1119
5	27
0	347
2	120
2	107
0	235
3	235
1052	104
1	104
28	106
11	107
4	11
0	7
1	109
0	5
0	27
0	64
115	47
0	39
0	33
22	1347
0	1359
0	1361
4	11
4	203
1	168
5	117
7	114
1	33
8	50
12	0
1	1180
10	1140
0	855
0	898
0	130
0	168
0	759
10	547
0	812
0	115
11	675
8	694
0	669
0	688
11	433
2958	793
7	793
64	40
15	40
0	0
0	0
0	0
0	0
0	0
0	0
0	0
0	27
13	30
1	5
11	28
2	20
613	266
0	266
0	0
0	1220
0	61
0	9
0	0
0	1220
1	6
1	242
0	62
0	242
0	241
0	241
0	651
30	632
86	581
0	553
0	272
1	472
0	471
0	0
47	2173
1	2247
0	2237
23	210
10	613
0	850
0	237
0	188
0	25
1	612
24	613
33	106
3	17
32	107
2	0
0	39
3	263
88	383
1	67
9	82
555	185
12	103
3	43
2	24
0	34
0	30
3	28
2104	4667
6	1227
3	3199
7	1269
0	3732
0	0
0	0
0	0
0	6
0	6
0	4
0	4
0	6
0	0
172	451
0	396
0	371
16	42
0	48
3	10
0	156
90	145
1	76
10	28
0	6
0	5
0	25
0	609
0	480
10	0
0	52
39	250
0	44
0	71
5	25
4	0
0	480
0	62
1	52
2	124
0	142
1	139
0	9
0	0
0	0
0	0
0	0
35	2438
0	13
0	2361
0	1099
5	112
0	296
5	500
25	149
0	0
50	2649
5	82
10	310
3	642
9	547
33	1599
0	82
2	1243
0	1307
18	1401
0	1281
133	5
56	1342
64	123
0	190
0	393
0	0
71	56
0	4
0	10
0	46
0	34
81	34
3	144
0	3
3	3
0	139
0	18
1	27
0	0
0	0
0	0
0	0
0	99
10	99
0	21
0	18
0	65
0	83
0	80
1	87
2	17
0	9
1	15
0	8
0	2
0	63
0	276
0	245
0	264
1	151
3	40
25	89
1	126
0	59
694	716
0	28
9	302
0	404
0	0
418	2624
8	2624
16	987
34	59
4	221
53	165
0	535
3	444
3	78
16	20
4	45
0	34
0	54
4	60
0	30
0	30
0	548
21	1672
0	1672
0	0
0	0
673	644
25	69
20	84
43	441
0	119
0	1
0	1
0	1
1	0
0	0
0	0
0	0
0	0
0	0
0	0
0	0
0	0
0	0
0	0
0	0
1	0
3	174
0	380
0	378
0	54
1	48
1	0
0	0
0	0
0	0
0	672
2	1574
0	0
3	1564
0	436
0	436
0	0
0	0
0	0
0	0
0	0
0	0
0	0
0	0
0	61
0	62
1	54
0	37
2	63
5	2
0	2
53	1410
27	1369
1	42
0	0
348	108
6	85
0	0
4	5
0	18
0	0
0	0
0	1
0	0
0	0
0	0
0	0
0	0
0	0
0	1
0	1
0	260
0	21
0	3
0	5
3	0
3	980
89	890
80	324
22	2632
2	491
6	2602
8	179
7	273
0	515
44	173
7	227
0	36
3	13
130	3
1126	38
0	38
461	96
1	96
1	26
0	0
119	894
0	808
32	679
3	517
7	144
1	0
24	1689
6	2751
2	2603
977	2846
16	47
6	329
5	32
0	32
1	32
0	6
8	20
0	14
0	5
1	3
0	13
0	13
0	13
1	0
14	7157
118	7157
0	5233
2	1416
0	5238
51	0
0	703
36	512
5	105
0	106
0	0
0	703
0	0
0	0
0	0
3	0
549	823
7	792
14	152
2	748
6	617
6	657
1	164
5	214
0	184
0	101
1	189
0	98
2	18
0	21
0	32
0	47
0	65
0	322
0	91
2	32
0	57
0	257
0	83
13	45
0	6
1	311
0	60
0	312
0	38
0	24
1	101
0	309
1	28
0	206
0	144
0	25
9	71
0	321
0	301
192	98
5	71
7	65
0	27
850	14695
1	14612
90	5676
17	2447
0	1534
0	0
0	0
0	0
0	0
0	0
7	3211
0	3099
0	3067
21	3140
15	145
2	229
16	63
0	415
2	455
5	7
2	699
0	127
49	526
0	0
18	183
3	0
0	0
0	0
0	0
0	0
0	20
0	20
0	20
0	20
0	18
0	0
0	0
0	0
0	2
0	2
0	0
0	0
0	0
0	0
0	0
0	0
0	0
0	0
52	4345
5	3745
1	4268
0	472
5	467
44	5613
2	4209
13	5567
14	3442
2	992
6	3456
10	57
0	134
0	121
7	18
3	25
0	7
1	4
0	0
641	1
1	1
0	13
0	3
0	4
0	3
0	0
0	0
0	6
0	0
0	1
0	0
0	13
0	3
0	8
0	3
0	3
49	3259
0	3055
0	261
0	1416
132	3314
0	1755
0	1031
0	693
2	784
29	143
0	1026
0	491
119	104
4	710
24	145
0	90
1	3
0	3
1	1
0	2
0	1
0	1
0	0
0	0
0	612
3	595
3	501
1	26
2	0
28	0
2	155
0	4
0	9
0	0
0	0
0	0
1572	0
0	0
0	0
0	0
0	5
4	6
0	4
0	7
0	3
54	0
71	22
1	22
4	5
0	0
5	285
0	242
0	132
0	12
22	11
2	110
0	54
1	102
2	124
5	659
1	645
2	28
0	163
0	54
5	58
3	103
17	23
0	18
0	22
0	18
0	5
0	17
0	11
0	12
0	11
186	830
61	1507
0	498
0	1080
0	93
0	83
0	88
0	87
0	64
0	57
0	37
0	25
0	10
0	5
0	5
0	3
0	0
0	1
0	0
0	1
0	0
0	14
0	3
1	6
0	0
1	8
0	74
5	200
0	85
0	159
0	15
0	193
0	0
0	0
0	0
10	139
0	139
2	0
0	199
1	139
0	24
0	5
2	141
0	10
3	12
0	197
0	2
0	2
0	1
0	1
0	1
0	81
0	81
0	74
0	8
0	13
2	11
2	3
0	1
0	4
0	74
10	1034
0	1011
3	905
0	1010
0	447
0	486
0	487
0	483
2	280
0	0
111	55562
68	55179
11	5382
11	9069
41	13566
3	11160
0	6087
9	5328
19	6163
0	2530
71	6149
3	409
0	171
0	338
14	4923
16	4927
81	4826
31	205
1	360
0	81
3	0
10	0
38	160
0	160
1	8169
3	479
0	126
14	370
0	8168
12	2705
4	2705
20	2705
0	135
0	690
4	2366
1	2366
48	1922
0	316
0	490
4	1
0	1
0	0
5	2
1	2
3	386
6	1142
10	966
0	114
4	806
0	579
0	396
0	1
0	1
0	1
0	3
0	3
0	4
0	0
0	0
0	0
0	2
0	1
0	4
1330	0
0	0
0	0
0	0
133	58
4	21
1	7
0	30
0	0
0	0
0	0
0	0
9	336
0	314
0	195
0	192
1	144
1	168
0	62
29	0
0	0
0	12
29	0
0	3
0	0
0	3
0	3
0	1046
48	94
0	214
0	215
5	12
7	64
0	1046
3	509
1	509
0	504
0	490
0	485
6	394
1	441
5	60
4	59
3	39
0	0
0	0
0	0
0	506
39	504
0	29
0	91
0	54
86	1437
17	891
20	336
0	966
0	0
26	0
511	129
17	55
0	86
6	45
0	0
0	4
0	1
0	13
0	10
0	26
0	47
0	49
0	9
2	0
0	0
0	0
0	0
3	317
0	297
4	153
4	67
0	11
0	0
0	0
9	97
1	24
0	48
1	29
0	58
0	40
0	20
1	40
2	40
0	13
0	97
0	240
0	238
0	214
0	244
0	120
0	111
0	46
0	60
0	41
0	55
23	9
0	0
2	0
0	0
1	0
9	10
0	0
1	10
0	2
0	0
2	2
0	0
0	1142
0	2
0	2
0	0
0	2
0	0
0	1
0	1
0	1
0	0
0	0
0	1444
149	1437
0	1491
14	193
0	4225
38	4089
39	4144
0	564
0	645
0	532
305	1099
0	193
0	1092
70	674
0	226
3	0
0	50
1414	50
34	50
0	0
0	0
0	0
0	0
0	0
0	0
0	0
0	452
0	469
0	293
0	455
4	241
0	244
21	120
0	0
0	0
0	0
0	0
0	0
0	0
0	0
0	0
0	0
0	0
0	0
0	0
788	1989
8	377
1	640
6	401
17	198
71	488
0	895
3	215
2	152
176	197
0	145
6	55
1	31
3	106
0	95
0	115
3	53
1	58
5	112
0	112
83	20
247	261
0	71
6	131
0	186
0	104
9	331
0	0
5	331
0	37
0	273
9	1501
0	1465
0	1414
6	160
9	3
1	0
1	0
0	0
0	0
0	0
0	0
0	0
0	0
490	465
40	465
4	8
0	0
0	0
0	0
0	0
0	0
0	0
0	0
0	0
0	0
0	0
0	0
0	1
0	0
0	1
0	0
0	0
0	0
4	2768
9	2767
80	2768
1	201
0	190
0	0
0	0
0	0
0	0
45	2594
19	2580
42	2323
15	68
0	68
0	2580
14	1034
3	418
15	278
0	898
0	965
13	63
0	152
41	17
0	54
5	724
0	160
2	37
3	158
0	13
0	195
24	14
0	0
1	116
0	12
0	3
0	103
0	0
0	5
0	0
0	0
0	2
0	5
0	3
0	1
2	1
0	0
0	0
17	1317
3	146
1	714
0	492
6	401
0	504
2	232
22	167
0	213
0	0
0	0
1	0
0	0
766	247
0	80
0	167
7	257
0	257
12	32
0	41
0	2
0	3
0	3
65	966
0	666
28	966
2	50
0	104
0	15
0	18
0	98
1	13
0	13
0	12
4	4
2	104
2	122
0	325
0	320
1	216
19	196
0	193
0	49
1	42
13	25
0	0
9	18
1	17
0	2
0	0
1	561
18	95
2	31
0	561
0	0
0	198
9553	3143
60	623
0	1523
0	1455
0	1320
0	860
0	9
62	1861
15	871
0	2285
0	0
23	585
2	611
18	777
14	465
0	1
0	1
0	0
336	49
0	49
360	46
10	46
1114	0
0	3
2	8
0	6
0	2
0	2
0	2
2	0
0	0
3	19
0	18
0	19
0	18
0	18
0	7
0	0
0	0
0	0
1	111
0	0
0	0
0	77
0	77
0	77
0	77
0	8
0	111
1	14
0	21
0	5
0	0
0	5
0	0
0	0
0	0
0	0
0	38
0	38
0	16
36	464
18	63
0	174
11	360
46	70
5	242
0	0
0	4
0	0
0	0
0	4
50	0
0	0
0	0
2	260
0	406
0	832
157	2248
2	69
0	772
0	569
0	1791
6	212
1	43
2	24
3	780
0	0
14	0
1	0
0	0
0	0
0	0
0	0
0	0
0	0
0	0
0	0
363	581
2	530
8	122
0	163
0	3
0	1
0	2
0	1
0	2
0	0
0	4
0	4
0	0
0	2
0	1
0	1
0	1
0	0
0	1
0	2
454	97
1	18
1	65
0	0
0	0
0	0
0	0
0	0
0	0
0	0
163	1665
9	121
0	1211
3	263
0	1580
0	1659
1	9
0	8
0	3
4	1
4	261
59	268
0	84
2	172
0	87
0	142
4	40
6	33
442	306
13	30
3	16
0	3
2	250
0	241
8	28
1	1752
0	22
0	195
58	0
0	72
2	1723
0	1
0	1
0	0
0	0
102	180
0	15
0	74
1	32
9	18
2	9
0	2
16	130
3	4
0	143
0	157
0	227
0	828
0	826
1	731
8	726
12	8
0	148
0	73
0	115
0	115
0	155
6	153
14	99
0	680
0	26
0	26
0	23
0	7
0	3
0	0
771	117
7	117
198	0
0	0
0	0
0	11
11	11
0	0
0	0
1	3
0	0
9	0
37	0
0	0
0	0
34	446
1	446
1	0
47	27
18	4
0	695
0	702
67	60
50	682
222	60
139	68
5	691
0	71
2	164
6	224
0	13
23	6
0	117
0	139
3	1
0	1
0	0
0	0
0	0
1	1
0	0
0	1
0	0
0	0
0	2
0	2
1	2
0	0
0	0
0	0
2	0
0	0
0	0
0	25
0	27
0	16
0	27
0	3
0	0
0	0
0	0
0	0
0	0
0	0
0	0
0	0
0	0
0	0
0	0
0	116
44	103
0	120
0	149
0	159
0	148
1	229
5	576
0	573
0	28
2	64
0	127
2	13
851	248
84	248
0	0
6	204
17	191
0	0
0	0
0	0
0	1
0	1
1	0
0	0
540	332
24	2
0	152
3	222
0	215
0	36
0	255
0	21
0	0
0	0
0	0
0	0
0	0
0	0
0	0
0	0
32	0
3	7
2	16
0	16
0	8
0	16
315	11123
28	2278
7	10987
0	0
0	0
0	0
9	498
0	414
5	440
1	440
0	259
1	142
13	187
0	62
2	54
88	30
0	21
0	448
0	0
0	0
0	0
128	3073
7	3039
0	2124
0	359
0	463
11	461
0	0
0	0
0	0
0	0
0	0
0	0
997	1285
12	371
9	1274
110	895
3	37
20	203
0	489
0	613
7	560
5	330
0	256
0	162
0	239
2	85
0	2827
0	2286
6	1777
0	658
1	865
0	343
0	2827
1	285
0	285
1	255
0	26
0	29
0	28
1	16
2	172
0	172
0	286
0	17
0	14
0	14
0	0
0	0
0	0
0	0
0	17
0	402
0	441
0	491
38	252
0	338
1	2
0	243
0	106
0	413
0	56
0	251
0	59
0	71
43	30
0	120
4	31
0	82
2	56
0	219
0	340
0	468
61	149
0	21
0	69
38	190
1	45
0	0
0	0
212	298
2	291
7	58
0	29
0	1
0	19
18	32
378	1586
0	1542
0	969
0	45
2	32
0	21
0	0
0	80
0	93
2	18
0	15
3	17
0	16
0	4
0	3
0	0
0	0
0	0
0	0
6	0
0	0
0	0
218	127
0	76
0	114
0	33
0	32
0	24
5	16
0	0
0	0
42	0
0	2
0	0
0	2
0	8
0	0
0	41
0	41
0	123
0	36
0	60
8	16
0	59
0	15
14	15
4	19
0	131
1	1
4	777
43	767
0	804
4	712
1	445
0	451
13	136
1	17
0	92
0	198
0	287
0	192
0	101
0	134
0	30
1	62
7	30
32	37
0	14
0	20
0	19
0	0
0	0
0	0
0	0
0	0
0	0
0	0
15	0
0	0
0	977
0	0
3	23
0	23
0	0
1	6
0	6
0	3
0	0
0	0
1	0
1	210
24	203
17	26
2	193
3	52
1	20
0	26
328	4846
0	646
5	4495
3	543
0	3487
1	3704
24	4
1	95
1	1592
1	387
3	21
0	337
0	96
2	123
0	113
0	120
1	13
0	23
1	32
0	13
3	26
244	0
0	104
1	35
0	7
0	85
0	43
0	76
0	16
0	58
0	46
0	9
0	9
0	0
227	50
0	11
3	41
16	1821
9	1821
7	366
16	167
171	161
0	71
10	0
9	103
0	12
0	65
2	19
0	22
0	17
162	147
710	1594
0	83
739	76
2	19
101	31
0	8
1	467
8	1180
1	59
0	32
0	68
48	25
0	245
1	115
28	14
0	126
32	27
0	0
13	116
11	514
0	844
0	2418
1	4
0	165
5	130
1	84
1	40
1	60
1	227
0	177
11	141
0	2424
11	77
0	49
75	27
310	146
3	27
0	47
1	88
0	671
0	56
9	250
12	385
0	372
0	372
0	357
0	423
0	199
0	336
2	298
0	335
0	45
8	82
0	423
3	446
0	10
0	400
0	6
23	4
0	47
8	70
0	138
15	78
1	88
7	47
0	35
1	36
0	45
8	53
0	56
1148	0
16	937
11	879
0	134
68	164
0	219
0	119
0	0
0	2
0	1
0	0
0	0
0	2
0	0
0	2
0	1
104	468
0	393
0	322
6	70
0	0
511	735
12	27
0	0
0	52
4	34
0	43
0	5
0	1
0	8
1	12
0	12
0	48
0	52
0	0
364	63
0	63
1610	1880
1	1456
0	1080
0	1256
0	747
12	592
0	67
97	0
0	19
49	19
3	0
0	0
3	9
0	0
0	9
0	0
3	1
684	36
0	36
0	24
7	0
25	3
0	2
0	0
0	0
0	0
0	176
1	200
5	188
0	98
8	121
0	98
0	74
0	75
7	7
7	0
0	0
0	126
1	1497
11	959
1	1444
0	1198
10	1406
12	95
0	186
13	51
5	64
1	220
1	0
0	0
0	0
0	0
15	9
1	9
0	92
0	0
0	90
8	0
0	92
0	1
0	0
11	633
0	2060
21	2020
2	1973
2	2059
3	93
34	160
3	8
0	86
42	92
0	411
0	403
0	14
15	412
12	1
117	247
0	899
0	892
0	235
0	364
0	331
14	102
0	637
0	877
238	139
1	10
0	34
0	111
0	139
11	1631
279	1711
1	146
0	204
0	1
0	1
0	1
0	1
0	0
0	0
5	358
0	349
0	332
0	175
0	145
0	45
3	67
1181	410
0	95
1	103
13	212
3	10
0	79
0	42
0	0
0	0
0	0
0	0
0	0
0	0
0	0
5	160
0	48
0	13
1	21
0	44
0	12
0	290
0	266
16	266
0	283
0	286
0	284
0	53
0	56
0	76
0	78
0	56
0	78
0	78
0	73
40	2125
6	1171
0	1281
1	1689
0	475
19	170
0	0
0	0
0	0
0	0
0	0
0	0
0	0
4	178
0	185
1	28
0	11
0	28
0	185
5	26
0	36
6	60
0	0
0	0
0	0
0	0
2	21
2	21
0	9
0	3
3	78
0	4267
0	3868
0	4136
0	136
0	134
1	164
0	149
0	3166
12	2052
0	679
75	2894
106	289
0	2535
0	25
9	678
10	575
0	4198
0	3619
329	135
0	133
0	36
155	429
3	277
1	187
7	61
0	32
56	77
19	18
0	329
1	62
0	0
0	147
0	247
10	18
17	0
0	613
0	765
0	625
0	643
46	340
0	783
0	740
1	4
1	58
0	621
2	60
1	90
0	155
0	61
0	65
0	25
0	121
0	12
10	43
0	81
0	62
1	96
12	166
0	0
0	2
0	1
0	1
0	1
0	1
0	1
0	0
0	0
0	0
0	0
0	0
0	0
0	0
0	0
0	725
0	661
12	505
0	331
0	0
0	2
0	2
0	25
18	42
113	261
1	62
0	43
0	35
2	22
0	67
0	130
2	122
1604	1500
6	596
6	363
21	146
3	587
2	2
0	0
0	1
0	2
0	1
0	0
0	876
0	363
0	137
0	803
0	314
8	122
0	84
3	129
0	143
0	125
0	40
0	1510
0	1617
0	1522
0	1258
0	1392
0	909
0	1016
11	399
8	212
0	0
46	70
1	18
0	47
2	2
2	2
0	2
26	0
9	218
0	212
43	56
3	0
0	0
0	0
0	308
0	225
30	8
21	63
0	296
5	24
24	0
4	0
12	507
0	0
2	507
18	18
0	4
4	126
0	2
0	112
1	38
0	15
3	32
0	0
5	7
3	15
0	49
57	337
0	337
0	344
0	10
1	10
0	337
0	0
0	79
1	18
0	41
0	223
1	177
11	43
0	62
0	4
28	223
11	43
5	80
42	51
0	51
0	22
0	42
1	26
0	59
0	0
0	0
0	0
0	0
463	0
0	0
0	0
0	0
57	1745
1	1738
0	1465
3	20
11	1512
0	1109
0	1135
4	3
0	4
10	0
0	504
1	503
0	138
2	153
1	329
0	44
0	31
2	108
0	121
0	507
0	0
0	0
0	0
0	0
0	0
0	0
0	0
0	0
0	0
0	0
0	0
213	71
1	53
1	71
1126	281
0	281
60	667
68	661
0	54
0	0
16	537
2	59
0	135
0	65
3	404
3	70
21	21
10	2
364	27
0	16
0	11
2	0
0	0
0	0
0	0
0	0
0	0
0	310
1	252
6	55
0	212
0	711
217	731
3	178
2	254
0	281
26	0
51	2
67	0
299	1261
235	1261
0	0
0	0
0	0
0	0
2	0
0	0
0	0
0	0
0	0
0	0
0	0
52	5454
90	5453
673	2503
549	2192
0	0
0	0
0	0
0	0
0	0
0	0
5	588
0	236
5	570
0	596
0	578
0	572
0	589
0	80
0	438
7	47
5	36
17	3
4	91
6	13
22	80
0	23
0	58
0	104
0	31
0	34
0	35
4	0
0	0
0	0
0	0
0	0
0	0
0	0
0	0
259	387
0	60
9	51
0	33
1	40
0	308
0	302
0	231
2	200
0	188
0	179
0	162
0	153
0	145
0	62
0	9
0	0
25	430
0	430
4	27
0	0
0	0
0	0
671	814
0	268
3	172
10	214
6	239
9	0
0	15
2	4
2	0
0	13
0	0
0	0
0	0
2	2
0	2
0	2
0	0
0	0
0	0
0	0
0	0
603	8
2	8
0	6
24	942
59	207
43	918
1	297
0	0
0	0
2688	6062
10	1359
49	5719
1	6
4	6
9	1
0	0
0	0
0	0
0	0
5	70
0	70
0	28
1	22
0	15
0	15
0	4
0	4
51	126
0	324
0	105
0	546
1	693
0	127
0	0
0	0
0	0
0	0
0	0
0	0
0	0
0	0
0	0
0	0
0	0
0	0
0	0
0	0
0	0
0	0
0	0
0	313
0	324
0	320
0	312
0	285
22	291
0	340
0	305
0	309
5	43
4	2
0	1
2	11
0	10
0	6
0	1
0	0
0	2
0	9
577	22
1	19
2	22
0	109
0	89
45	1994
40	466
0	92
0	877
4	938
7	1234
0	1981
27	0
0	103
0	1126
0	1176
5	129
0	125
3	15
3	42
3	130
33	55
0	128
4	26
0	1243
0	0
0	0
10	36
649	38
0	28
4	27
23	177
906	177
1	29
3	29
1	13
0	4
0	29
0	23
2	11
0	2182
1	76
0	2191
0	1809
2	71
2	22
35	316
0	329
0	4
0	4
0	4
0	0
0	0
1115	5
15	5
10	672
180	2074
0	892
4	343
0	170
0	38
46	70
0	70
0	61
3	38
0	46
0	39
0	40
0	32
10	31
0	9
125	643
0	441
1	442
5	392
0	580
1	346
164	570
1732	258
1	258
21	0
0	0
0	0
1	592
91	2579
127	2453
48	0
0	0
0	0
0	0
299	0
0	0
0	0
0	0
0	0
864	432
1	65
2	174
7	255
0	1
0	3
0	3
0	0
9	372
46	443
50	87
2	16998
0	17116
16	259
3	5
0	579
54	548
0	501
0	27
0	353
0	196
0	41
0	108
1	0
1212	135
9	68
7	80
0	40
1	833
0	45
26	0
1	71
0	0
7	67
0	596
1	321
0	834
2	10
0	12
1	5
0	2
0	0
0	0
4176	444
1	130
1	267
0	177
6	30
1	28
0	32
0	30
0	8
1	1
0	32
24	13
0	13
0	11
0	0
0	1
2	2
0	0
0	0
0	0
0	0
0	0
0	0
93	99
0	96
0	74
0	41
0	0
0	1
0	1
0	1
0	1
0	1
0	1
0	1
0	1
0	0
0	0
0	0
0	1
0	0
0	0
0	0
0	0
0	0
0	0
0	0
1	794
5	812
0	818
0	776
7	801
0	807
0	784
0	52
1	43
0	4
0	0
0	0
0	4
0	4
28	4225
0	4132
2	4138
0	4135
0	4130
16	3577
2	3197
13	1711
0	678
2	542
148	1172
10	1123
0	141
0	113
38	459
14	12
0	103
0	109
8	92
0	18
0	25
3	48
0	8
0	42
1	40
0	23
0	0
0	0
0	0
0	0
154	428
3	399
52	29
0	7
1	30
1	31
0	32
0	32
0	7
0	3
0	0
0	8
0	0
0	10
0	0
0	0
0	0
0	0
0	0
0	4
0	4
0	1441
3	2761
56	1673
2	1651
6	608
4	564
0	6
1	0
0	6
0	0
0	0
0	3
627	636
5	224
26	352
0	210
0	188
0	87
332	1245
0	1079
0	477
0	281
4	389
0	550
1	228
16	635
7	220
0	0
4	376
1	130
5	180
19	247
2	189
8	189
11	166
0	7
0	8
0	8
0	0
0	9
8	9
0	11
0	11
4	867
0	852
3	687
157	353
1	262
8	236
4	42
1	21
10	18
0	23
1	31
15	0
0	0
0	0
0	0
0	0
0	0
0	0
0	0
0	0
0	0
0	0
0	0
0	0
49	1325
1	1322
2	516
0	384
0	0
0	0
0	716
0	598
0	512
0	245
0	330
0	583
62	481
0	342
0	230
0	450
1	394
60	709
0	105
0	630
0	0
0	0
0	0
0	0
0	0
0	0
0	0
0	0
13	4
40	49
2	34
1	17
34	4
0	11
0	0
0	0
0	0
0	0
0	7
1	7
0	0
2	7
4	579
0	563
0	558
2	288
0	309
35	214
0	93
0	32
4	8
960	161
0	161
0	13
0	13
0	8
0	4
0	1
0	6
0	6
0	2
0	2
0	47
12	50
7	106
251	106
0	180
102	180
0	0
38	20945
41	2682
64	0
24	6048
21	2315
6	7685
45	3139
46	7794
0	27
1007	549
0	132
0	390
0	0
0	0
0	136
0	69
0	10
0	12
0	24
0	131
0	133
28	4
0	4
118	24
0	24
3	166
0	160
0	141
0	141
0	154
0	141
0	143
0	125
0	125
0	153
0	150
0	152
0	130
1	141
4	113
0	134
0	38
3	149
0	150
0	139
0	45
0	27
0	39
0	88
0	66
0	38
0	33
3	19
145	473
11	232
0	403
0	408
1	263
0	188
0	0
1	0
0	0
0	0
110	223
0	26
0	30
3	137
7	138
4	138
0	0
0	0
1053	616
0	443
18	430
1	217
17	103
0	0
0	0
16	16
0	16
0	5
0	9
2	8134
118	7127
8	8053
0	8167
284	6794
0	1772
95	2411
0	430
0	85
81	996
0	186
0	242
0	415
30	78
0	127
8	127
7	26
0	35
0	31
2	28
0	0
0	0
3	140
2	644
162	835
0	702
1	835
0	45
18	90
6	52
12	158
24	0
14	836
0	0
2521	0
8	2385
0	2170
18	955
67	2075
0	0
0	0
0	0
0	0
0	0
1002	1583
69	459
10	1124
0	0
0	0
0	0
0	0
146	27
3	27
0	1290
7	1182
0	157
0	182
0	160
1	255
6	87
129	74
0	8
8	14
0	83
0	62
0	0
0	0
1	833
2	449
2	478
0	0
0	0
31	313
103	14
0	313
0	79
8	28
745	714
1	402
9	15
0	682
0	590
0	584
0	552
0	374
0	357
9	283
0	239
1	177
0	71
40	1
1612	1683
0	1683
0	16
0	0
0	0
0	0
0	0
40	29
0	15
0	25
2	389
5	417
0	135
31	230
2	0
0	7
0	7
2108	77
4	77
151	4219
6	4199
0	2981
13	4251
14	19
0	4239
3	0
1	556
0	610
0	490
0	431
66	547
9	185
0	0
0	0
0	15
0	7
0	4
0	0
0	3
0	4
0	0
1	7
0	0
0	12
0	5
0	15
0	5
0	1
0	0
0	7
0	4
0	4
0	2
0	0
0	5
7	2
0	7
0	15
8	1
0	0
0	1
226	11984
0	8565
0	5024
44	8749
8	6
2	11984
0	1077
13	513
1	143
0	774
34	87
0	1071
0	636
1	551
0	640
13	99
4	542
1	300
0	255
4	75
0	116
0	143
2	225
0	179
24	58
1	116
9	70
6	12
3	1
1	305
1	50
4	5
1	7
221	308
1	45
0	66
3	175
8	48
0	1579
0	4091
41	68
27	86
0	4000
0	67
5	59
13	683
45	344
0	4034
0	177
110	784
10	258
0	230
10	110
0	416
305	0
0	6829
0	694
93	142
0	146
13	422
9	422
3	8
17	175
2	207
4	34
2	36
2	24
1	658
484	7762
70	4
0	4
0	356
1	469
23	122
0	300
0	230
1	263
0	263
39	347
0	272
12	202
0	242
17	2
0	462
0	2
0	0
0	2
0	1
0	1
0	1
0	0
38	257
4	7
2	257
2	6
0	28
6	104
2	70
0	51
4	0
1492	13306
10	1609
39	11
0	11
29	10
0	13
0	9
0	3
6	4809
204	4796
94	4846
5	233
0	4379
7	918
0	4
0	4
0	0
0	0
0	0
0	0
0	0
0	8
0	8
0	8
0	7
0	8
0	1
1	1
0	0
0	0
0	0
0	1
0	1
0	0
0	0
0	0
0	0
0	0
0	0
0	0
0	0
0	0
0	0
0	0
0	50
62	83
0	27
2	19
0	0
0	0
0	0
0	0
0	0
9	2623
139	2601
1	176
3	341
1	313
0	65
1	77
0	3
0	1
0	1
0	0
0	0
0	0
0	3
92	557
0	557
2	261
0	283
0	269
0	536
0	0
0	0
0	0
0	0
0	0
3	0
102	0
0	0
771	985
0	985
21	0
28	27
0	0
0	0
0	0
0	0
0	0
0	0
0	0
0	0
0	0
0	0
0	0
1	1
0	1
0	1
52	11548
2	11753
8	2895
0	4925
0	4925
0	4899
3	2746
1	2121
26	37
0	0
0	0
0	0
0	0
9	72
0	1695
0	46
2	45
0	1686
0	126
0	0
0	550
84	537
3	99
20	151
0	511
0	58
0	109
0	0
0	0
162	372
0	372
12	182
1	1318
0	1236
2	66
25	0
1	160
8	525
9	445
31	330
4	113
0	169
223	28
1	28
0	0
0	1
0	26
0	46
1	46
0	14
0	2
0	5
0	2
0	22
17	5352
0	7068
18	2576
0	6443
37	6499
9	2733
27	793
60	386
4	287
77	11043
51	10980
7	4838
8	8027
16	4637
28	54
1	54
0	0
0	4
0	4
0	0
0	527
8	183
2	472
0	363
0	404
0	102
1	645
0	95
14	17
0	628
0	130
0	556
0	556
0	0
0	0
0	112
1408	804
9	312
4	308
6	80
6	104
13	53
95	0
0	0
126	15
0	15
90	0
361	262
20	62
0	189
2	209
105	262
2	160
1	218
0	103
0	42
0	162
0	0
0	0
0	0
0	0
0	0
0	0
189	918
0	650
1	676
0	614
0	391
0	301
7	318
11	28
6	5
0	3
0	2
0	0
0	0
422	618
1	527
56	112
1	349
0	0
0	0
0	0
0	164
163	165
0	5
0	5
0	2
1	2
0	203
1	8
0	57
0	196
0	183
2	156
0	43
0	139
2	49
0	2
0	2
0	2
0	2
0	1
0	1
0	1
85	1261
7	1261
0	0
0	0
0	1
0	0
0	1
0	0
0	211
7	1842
5	1482
5	1842
4	397
1	302
0	0
0	0
0	0
0	0
0	942
115	1412
0	1382
0	494
8	39
0	0
0	0
0	0
0	0
0	0
0	0
0	0
0	0
0	14
0	5
0	13
0	40
1	35
0	27
0	7
0	21
0	47
1	13
0	10
0	16
0	17
0	0
0	0
0	0
0	0
0	0
42	194
0	195
4	6
1	147
0	117
0	74
8	183
0	10
0	0
0	0
1785	0
7	2
0	151
8	151
0	84
3	72
1	0
25	1391
2	407
75	843
0	1357
0	148
0	51
32	28
5	38
32	12
0	203
33	23
698	0
1	3
0	0
0	0
0	0
5257	2751
17	434
49	1037
0	494
19	326
0	418
7	497
12	656
1	206
1	0
0	0
0	0
0	0
125	177
0	177
0	30
0	27
0	37
0	24
1274	9790
0	6136
4	6007
13	2451
6	0
258	738
3	742
0	144
3	72
47	276
9	69
3	128
0	0
0	0
0	0
0	10
0	10
3	4
6	16
0	13
13	15
0	15
0	2
0	12
127	127
2	72
0	115
0	0
0	0
0	0
0	0
0	0
0	0
562	301
0	301
46	760
1262	1081
0	307
5	94
1	122
27	240
0	1468
0	1801
0	1762
0	0
2	7
0	7
0	7
0	0
0	2
0	0
0	232
28	231
2	195
6	7
0	6
1	11
3	64
4	49
2	39
0	26
359	1531
3	746
2	250
33	174
2	737
0	1
0	0
0	0
0	0
0	0
0	1
0	0
0	0
0	0
0	0
6	245
11	243
0	102
0	136
38	4749
5	4749
9	4748
5	4749
6	2302
2	37
2	525
0	602
1	686
4	264
5	291
0	4
14	86
9	295
0	74
0	85
2	69
3	37
4	55
0	59
3	17
5811	1884
60	79
0	0
0	0
0	0
0	42
0	270
3	6
0	136
1	233
7	65
0	223
0	255
9277	4275
9	3889
0	1442
0	0
0	0
0	0
0	0
0	0
0	44
4	15
22	317
1	277
0	329
6	0
16	2
2	25
0	317
0	0
0	0
0	0
0	0
0	7
31	7
0	7
0	0
0	0
0	0
2	0
0	0
1057	12713
18	2459
0	0
0	0
148	91
0	91
5	0
2	0
13	343
0	113
4	329
0	172
2	29
0	109
0	0
0	0
0	0
0	4
0	3
0	3
0	3
0	3
0	3
0	0
0	0
0	1
0	1
12	158
2	142
3	18
0	137
0	120
0	109
0	0
0	7
0	0
0	2
0	7
0	615
0	101
1	557
2	198
13	104
1	60
0	55
2	33
11	82
0	87
122	11
172	90
0	79
6	64
8	58
4	43
0	19
2	459
23	459
2	185
0	130
0	158
1	81
0	60
0	76
1	15
0	0
0	0
0	0
0	0
0	0
0	0
0	0
0	0
0	0
0	0
0	0
0	0
0	0
0	0
1	1111
0	209
0	980
0	548
0	152
0	252
0	312
0	74
0	78
10	0
0	1112
0	963
0	1132
9	335
0	191
2	282
9	232
7	231
1	98
0	17
71	12
0	129
0	0
0	0
0	0
0	0
0	0
0	0
0	0
0	0
0	0
0	0
0	0
0	0
0	0
0	0
0	0
0	0
0	0
0	0
0	1
0	1
0	0
0	0
0	0
13	271
1	265
1	99
0	130
2	42
20	316
0	178
5	79
3	72
0	87
0	3
0	3
0	0
0	3
0	3
0	3
0	3
0	3
0	0
0	2
0	0
0	2
9	1032
28	6
0	4
0	1030
0	13
20	414
1	34
3	15
13	16
0	441
3	1037
0	1
0	1
0	0
0	0
0	1
0	0
0	0
0	0
0	0
0	0
0	0
0	0
0	0
0	0
0	0
0	0
0	0
85	1949
41	3
0	167
11	143
6	253
0	113
70	195
0	128
3	132
20	1446
0	0
0	0
0	0
1	0
0	0
0	0
6	198
0	20
0	27
0	7
12	27
3	2
2	1
0	0
0	0
0	0
0	0
0	0
0	0
96	0
0	1006
4	249
24	92
15	106
56	29
10	347
1	354
1	277
5	298
3	225
56	210
4	161
0	110
1	56
0	160
2	73
7	199
11	238
0	157
1	134
3	134
0	103
0	101
0	22
500	254
42	10
0	10
0	212
0	41
0	47
6	46
0	5
3174	443
45	427
1	1
0	0
0	2
0	5
2	5
0	0
1	965
0	1790
1	1789
12	1789
2	39
18	408
77	769
0	1783
0	2
0	3
0	4
2	4
13	0
0	0
0	0
0	0
0	0
0	0
0	0
0	0
0	0
19	39
0	39
10	5111
0	4306
4	4293
3	4879
9	3107
5	1585
0	2166
487	282
0	0
0	0
17	393
6	617
1	598
0	178
1	531
1	506
0	328
7	355
26	327
0	63
0	0
9	901
7	958
0	13
1	136
1	942
0	310
0	554
7	105
0	942
18	248
4	256
0	942
0	920
660	391
1	165
1	130
0	41
0	218
0	11
0	37
0	0
0	0
0	0
4	73
4	2
0	73
0	73
0	1
0	1
0	54
2	12889
0	12850
27	6618
0	10074
0	1637
0	1824
1	7741
0	2184
2	1637
10	2528
0	1214
38	1436
11	822
7	4253
0	172
0	498
158	517
0	231
1	447
2	190
1	303
9	136
5	502
6	161
0	165
1	83
0	1
0	1
0	1
0	1
0	405
0	422
3	440
0	18
2	8
0	47
0	174
0	39
0	35
0	13
0	18
1	13
0	2
0	19
0	2
0	1
0	43
4	44
0	3
0	2
5	0
16	7
0	7
0	0
0	0
1	338
1255	685
0	381
11	200
4	1476
4	96
0	1452
0	958
0	3
0	3
0	0
0	0
79	3221
12	3092
0	476
24	70
66	528
8	407
675	196
68	202
0	61
1	75
0	58
0	43
1	0
280	162
0	40
18	36
25	120
2	15
0	15
0	0
0	0
0	0
0	717
0	570
1	701
7	124
15	134
0	48
8	0
8	1
0	0
0	0
0	0
0	1
0	1
9	400
1	409
7	96
10	135
9	107
4	36
5	367
0	343
13	174
0	233
0	347
0	484
0	457
9	14
0	0
0	0
0	0
0	0
0	0
0	0
0	0
0	0
0	0
0	0
0	0
0	0
7	188
13	357
2	151
0	115
2	184
1	173
0	0
0	0
1	34
3	33
0	22
0	31
0	13
112	129
3	63
0	103
1	4
3	4
2	7
0	0
0	0
0	0
169	134
0	134
0	12
0	65
0	0
0	0
0	0
0	0
0	0
0	0
0	0
0	0
0	229
0	229
0	0
0	0
0	0
0	0
0	0
5	260
0	260
2	51
0	0
19	2243
5	2237
25	305
0	327
0	218
2	175
2	163
6	207
0	109
0	671
6	48
40	27
0	26
0	9
0	12
0	12
1	5
0	0
0	0
2	21
0	10
0	7
0	21
7	11
0	4
0	9
0	0
0	0
0	2
0	2
0	0
0	0
0	0
0	0
0	0
0	0
0	0
0	2
0	0
0	0
0	0
0	0
0	0
0	0
0	174
12	174
1	8
1	24
0	297
0	287
0	168
0	242
1	5
2	15
0	8
0	9
1	0
0	26
3	297
0	0
0	0
0	8
15	243
1	88
3	15
9	148
10	89
0	231
3	8
0	4
0	0
0	52
0	50
2	49
0	51
2	48
0	21
0	7
0	0
1	0
1174	2698
6	1579
36	637
61	670
5	795
17	670
21	663
0	623
54	124
0	232
0	562
36	224
0	35
0	74
2	23
1	86
0	64
28	141
0	64
0	18
0	36
0	29
2	26
1	17
0	7
0	61
1	219
0	249
2	249
0	75
0	58
0	247
0	94
33	75
0	0
0	0
0	0
0	0
0	0
0	0
0	0
0	0
0	0
0	0
0	0
0	0
0	0
0	0
46	109
0	119
3	117
0	6
0	0
0	0
0	0
0	0
86	737
5	379
5	704
5	417
0	0
0	579
33	579
0	103
0	15
14	208
1	137
0	115
0	60
7	12
0	0
204	488
1244	488
21	486
15	401
0	164
0	79
0	0
0	0
1	92
920	92
16	41
0	40
0	2
1	13
0	0
0	0
0	0
0	0
0	1813
8	241
0	153
0	173
0	92
0	36
0	25
0	1778
0	0
0	0
0	0
0	0
0	0
0	0
0	0
0	0
0	0
0	998
387	2367
2	204
0	2125
7	203
0	116
23	304
0	0
0	0
81	51
1	51
0	34
0	55
0	67
15	257
11	100
10	2
5	198
1	77
0	77
1	46
0	11
0	34
0	30
0	2
0	0
3	2
26	99
7	84
3	84
76	45
5	45
6	11
0	5
0	0
0	15
0	2
0	2
1	0
0	0
0	0
0	0
1	0
0	0
0	0
2	0
0	1152
45	5537
0	990
5	114
3	181
11	125
9	131
48	2213
18	3215
13	56
77	3
59	30
88	97
0	326
10	0
0	0
0	0
0	0
1	64
2	64
0	33
0	8
0	5
0	1
181	169
0	169
4	45
0	45
225	5
1	5
24	372
0	179
0	604
67	561
10	183
11	66
0	29
0	78
8	347
0	206
12	132
0	64
32	7
0	384
5	25
0	103
30	385
0	385
10	79
0	199
1	69
2	34
2	31
0	67
0	88
0	0
0	0
0	0
0	0
0	0
0	0
1283	333
0	101
3	42
5	38
0	183
6	0
0	0
0	0
0	0
0	0
0	0
0	3
7	3
0	0
7	6777
0	1660
7	65
29	1469
0	6236
1	5519
0	2287
0	1052
1	5131
1	785
2	1265
0	1857
0	3945
0	1057
0	141
0	1859
12	781
0	0
0	0
0	0
0	0
0	0
0	0
0	0
0	0
0	0
0	0
0	0
0	0
0	0
0	1
12	1
2	10
0	1
0	10
0	10
0	2
0	3
0	2
0	1
0	0
0	0
125	725
2	1
0	224
0	624
3	527
342	195
2	195
0	0
0	0
0	0
0	0
0	0
0	0
7	0
0	0
0	0
0	0
0	0
0	0
0	0
0	0
0	0
0	0
0	196
0	27
5	8
0	186
0	188
16	132
0	44
29	54
12	32
0	59
0	16
0	65
131	35
0	35
0	0
0	342
0	166
0	27
0	338
0	0
0	0
0	0
0	0
0	0
0	0
0	0
0	0
0	0
0	0
0	0
0	0
0	456
5	456
0	315
6	88
0	28
0	2
1	8
0	8
0	0
0	0
1	3
0	3
0	3
0	3
0	0
0	152
60	128
0	20
0	87
0	92
7	0
3	81
0	45
0	50
0	0
79	0
214	180
4	166
0	59
0	68
1	108
3	120
0	0
0	0
0	0
0	0
0	0
0	0
0	0
0	0
0	0
18	71
0	618
5	703
3	55
0	643
0	32
0	580
0	0
2	52
9	28
12	257
0	723
0	0
0	0
0	0
48	1
0	1
0	2
0	7
0	7
124	1398
5	1398
26	200
0	194
2	3
0	9
0	6
0	9
0	0
30	127
0	56
0	12
0	23
0	37
0	35
0	32
3	0
0	21
9	0
0	0
0	0
0	0
0	0
0	257
0	219
36	226
0	228
0	248
0	9
1582	205
7	205
480	75
0	35
0	23
0	36
0	28
0	0
20	0
1	9
0	9
3	3
3	156
26	257
0	328
0	328
0	24
0	28
0	14
0	2
0	3
1	15
0	1
1	2
0	4
0	4
0	0
0	0
0	0
0	0
0	0
2	0
0	0
0	0
0	2220
5	679
112	2106
2	461
0	453
0	604
23	1688
0	2220
0	316
0	303
0	244
0	78
2	66
4	115
20	145
0	114
0	89
0	125
0	61
0	86
16	35
4	35
0	44
2	56
0	38
5	22
0	316
0	326
11	323
3	214
12	245
0	267
860	660
1	379
0	328
0	108
49	11
0	0
232	209
10	111
29	19
0	16
0	18
0	16
0	16
0	17
0	17
0	18
0	0
0	1
0	2
0	0
0	0
5	192
6	183
1	33
158	402
1	159
0	402
4	28
0	1
0	79
0	67
0	60
23	43
5	43
23	30
0	152
0	17
4	0
0	45
0	53
0	5
31	116
5	1
30	2
1845	2
82	229
0	89
0	142
0	18
45	5
3	117
2	282
0	252
35	292
0	223
0	197
0	191
10	71
1	7
0	1
0	1
0	0
0	0
0	2634
20	2607
6	1665
0	310
80	257
7	156
18	2
4	504
7	404
10	340
16	82
0	236
0	259
5	1298
0	3
8	105
0	241
11	1285
1	73
0	923
0	204
0	52
0	194
0	1539
21	1105
0	98
0	1185
0	425
0	777
0	777
0	21540
24	21117
2	792
35	3561
2	1475
17	5
0	717
0	3490
119	18625
2	5243
30	1753
61	693
0	110
0	31
0	20
1	22
0	11
0	45
1	130
13	4
0	25
0	19
2069	1846
0	1559
21	1119
6	310
381	105
3	105
1	48
3538	3481
0	0
0	0
1	124
2	148
0	30
486	168
0	21
0	0
0	0
2	411
0	391
1	386
3	205
1	39
3	51
1	27
0	23
0	120
0	106
3	47
0	0
0	0
0	0
0	0
0	1
0	0
0	1
0	0
0	0
0	0
0	0
0	0
0	0
0	0
0	0
0	0
238	446
5	161
0	296
6	7
0	24
206	1377
18	1307
24	256
14	1263
0	1253
0	1111
1	985
2	1050
0	218
0	349
41	299
36	32
0	29
0	362
12	881
0	870
0	890
9	73
5	215
0	215
0	0
0	0
89	0
41	20
0	4
0	6
0	9
0	2
0	5
105	5
57	158
1	158
0	0
0	0
0	0
0	0
42	1778
288	2249
5	1178
0	1346
56	1416
0	982
12	501
0	632
30	398
3097	2213
81	2213
22	590
200	490
160	0
0	17
269	61
2	12
0	24
1	31
0	0
0	0
0	0
0	0
0	0
12	7
2	0
0	7
0	3
0	32
0	32
0	32
0	45
0	3
0	0
0	45
36	1135
0	775
0	618
11	69
2	14
11	1069
17	35
0	229
0	1101
2	1009
94	63
40	66
42	17
0	1210
0	1194
9	271
1	279
0	268
0	82
0	2
0	168
124	2508
66	2076
23	2489
71	221
83	455
3	20
0	0
0	0
153	3085
12	2313
0	1161
0	566
8	101
0	196
35	716
0	1
2	1
0	1
0	0
0	5
0	5
0	1
0	1
0	1
2	0
1	6
0	6
0	2
0	0
0	0
0	0
0	0
0	0
0	0
0	4260
934	4056
0	2409
0	1078
0	591
119	740
30	146
0	394
1	138
2	5
89	85
0	1013
0	975
6	281
286	78
5	4260
0	0
0	0
2	0
0	0
0	0
0	0
215	21
59	3942
0	3910
17	32
2	2015
6	2136
1	2774
5	2154
0	930
0	127
1	28
151	959
6	27
0	104
0	108
0	155
0	868
0	190
7	216
1	389
3	24
2	33
0	49
1	49
2	4
0	3
0	0
0	0
0	693
0	674
0	710
0	727
0	95
0	13
1	92
2	87
0	35
0	21
2	2
0	701
0	703
1	335
0	320
1	512
897	649
0	261
10	649
1	137
0	593
3	489
0	607
0	585
9	91
0	62
1	76
0	28
0	34
0	19
10	50
18	15
7	43
0	63
0	0
4	0
0	560
266	171
0	171
0	112
32	51
0	76
0	112
0	77
0	60
0	26
0	120
1	31
0	88
0	29
0	42
1	17
2	111
0	89
0	26
0	114
1	16
0	44
0	104
18	264
11	264
0	55
67	1064
2	1064
29	211
3	51
19	95
0	9
3	9
0	0
0	0
0	0
0	0
0	0
0	0
0	0
0	0
7	665
39	1
34	565
1	372
0	398
0	214
0	138
0	366
0	208
2	1
2	34
3	26
0	349
43	376
42	767
2	717
1	142
0	103
1	135
14	135
41	0
0	54
57	8
1	21
19	21
0	22
0	4
0	10
2	8
6	13
0	20
0	0
0	0
0	0
0	0
0	0
0	1
9	34
0	3
0	1
0	0
0	6
2	6
0	21
0	139
0	131
0	138
0	30
0	130
70	1123
1	1123
2	29
3	197
2	154
1	68
130	163
1	9
0	30
0	69
27	50
0	50
0	11
0	5
0	30
2	3
0	19
0	12
2	20
0	18
0	18
0	5
0	72
212	1939
3	100
0	1074
13	139
0	670
4	472
0	52
0	58
1	74
0	74
2	27
2	73
3	1
2	12
0	0
0	0
0	0
0	0
0	0
0	0
0	0
6	327
6	321
3	47
0	0
0	0
0	0
0	0
0	0
0	0
0	0
0	0
3	0
0	0
0	0
0	1722
0	1976
19	494
0	1872
0	1971
16	1389
0	476
0	156
0	139
0	129
29	195
23	1044
4	253
25	117
5	223
66	138
0	132
0	22
0	22
0	21
1	0
0	12
0	0
1	12
0	8
3	0
0	0
0	0
0	0
0	0
2279	409
109	409
0	15
0	14
1	15
0	2
0	1
198	427
14	221
8	63
4	192
0	0
1	0
2909	482
3	482
904	0
0	8
0	8
0	5
0	308
0	322
0	316
0	92
0	35
0	7
3	0
0	0
0	0
0	0
0	0
69	137
0	136
0	27
3	67
1	658
85	658
17	10
0	5
0	7
0	8
0	4
0	5
0	8
0	0
0	0
2	546
0	575
0	651
0	533
2	60
31	408
0	370
5	22
2	2
7	60
13	48
9	13
1	5
0	6
13	5
0	5
186	224
5	113
1	119
0	65
1	0
2	337
1	388
0	88
7	10
0	54
13	64
0	0
0	0
0	1
0	1
5	210
16	199
0	38
5	138
0	59
1	67
0	11
14	18
0	12
0	2
0	34
0	1
0	23
0	7
0	22
0	5
0	4
0	4
0	24
0	12
4	446
4	494
14	278
0	101
0	397
0	462
0	307
0	333
0	288
3	100
6	233
6	21
0	0
0	0
0	0
1	385
2	294
15	348
104	3222
4	337
102	3060
12	507
0	635
3	22
2	0
0	75
0	74
0	72
0	73
0	74
0	1209
0	1176
4	1216
20	500
5	33
0	183
35	8
9	343
0	214
0	225
2	47
0	0
0	0
0	0
194	1080
1	1062
1	466
0	197
12	18
0	574
0	74
0	601
6	37
15	27
19	24
0	217
0	18
0	170
19	578
122	602
0	194
0	78
2	0
21	58
1	4
0	58
14	51
0	7
2	4
2	45
0	3
0	39
11	44
0	41
0	26
5	3
209	0
16	789
0	825
0	110
2	320
67	31
0	0
0	0
19	82
112	82
526	0
2	0
0	0
55	898
6	196
0	139
0	731
0	61
0	18
0	49
1	40
1	30
0	62
39	149
24	455
77	16
37	454
455	638
2	638
2	12
3	4707
67	4707
53	2141
0	0
65	35
0	35
0	1555
0	1544
0	1225
2	1302
3	93
43	272
0	163
0	159
1	112
4	220
247	177
6	177
79	4
11	94
0	5
1	5
9	89
1	0
0	0
0	0
0	0
464	151
1	151
5	85
9	116
0	131
3	127
0	128
0	0
0	0
0	5
0	5
0	0
0	0
0	0
0	0
1	104
14	80
31	14
0	28
1	67
0	107
0	0
2	55
0	1
0	2
1	5
0	3
152	35
4	43
0	33
0	13
0	33
0	33
214	1739
8	1552
1	1256
14	1094
3	1354
2	437
26	489
103	586
32	1134
27	1134
3	252
24	99
1	6
10	1021
10	1031
0	905
0	1039
9	2
0	778
1	157
0	334
0	0
0	136
0	421
0	452
0	31
0	432
45	399
0	156
0	32
0	160
4	62
4	18
0	82
0	86
96	42
2	29
2	14
0	12
0	0
0	0
0	0
0	0
0	0
0	0
0	0
0	0
0	0
0	0
0	0
0	0
0	0
0	0
0	4
0	4
0	4
0	4
0	0
2	0
64	434
11	403
70	2
31	424
0	160
0	243
0	241
38	103
0	68
2	69
4	0
11	1385
0	1378
37	1319
0	185
10	135
0	148
0	294
3	127
1	78
2	15
0	14
0	12
0	5
0	1
0	1
0	0
0	0
0	0
0	0
0	0
0	0
0	0
0	38
0	41
1	39
2	3
0	2
19	0
0	41
70	616
97	73
0	70
0	201
0	30
0	219
20	206
0	65
0	200
0	67
0	61
0	499
0	70
151	7
2	62
9	43
2	61
2	26
0	15
0	43
0	129
13	18
11	29
2	17
1	53
6	0
0	0
2	62
20	232
0	318
0	306
0	65
5	86
1	44
0	9
2	0
2	111
31	115
1	98
14	86
1	64
1	43
0	33
475	486
0	486
0	93
8	27
103	73
869	73
0	16055
77	16049
0	2120
1	29
2	67
0	19
0	18
0	19
0	49
4	10
2	26
0	11
0	14
14	165
1	18
0	26
1	92
0	105
0	105
2	29
0	55
0	54
0	0
0	0
0	0
0	1
0	1
0	1
0	1
0	0
0	0
0	0
0	0
0	0
0	0
0	0
70	6
1	6
0	6
0	2
1	2
0	0
0	2
0	2
0	2
0	2
0	2
0	2
0	2
0	2
0	0
0	0
0	0
0	0
0	0
0	0
67	0
502	893
0	456
9	387
0	74
3	147
6	249
0	187
2	131
0	0
0	0
0	0
0	0
0	0
0	0
23	50
1	23
0	27
0	0
0	15
0	14
0	15
0	0
0	0
0	0
0	29
27	73
0	162
0	422
40	840
1	51
0	122
0	162
36	54
0	140
0	548
74	188
5	98
0	204
9	154
0	128
0	52
0	13
0	13
0	2
0	0
0	12
2	0
0	0
0	0
2	0
21	0
617	1411
1	1410
7	1375
9	39
13	168
4	188
7727	6238
4	3512
4	5791
0	3466
7	5231
0	1
0	1
0	0
0	0
1534	1116
15	141
10	279
109	167
4	177
13	123
1	352
1712	0
33	772
17	788
17	17
4	304
0	198
14	13
0	1469
9	5
6	5
20	57
0	1469
184	13
0	13
0	0
0	0
2	0
0	0
701	38
0	16
2	22
3	0
0	0
0	0
60	222
0	218
0	20
1	18
0	43
0	0
391	206
1	206
15	0
0	0
0	0
0	0
0	0
0	0
0	0
0	0
0	0
0	0
0	0
0	0
0	0
0	0
0	0
0	0
0	0
0	0
94	0
9	443
0	443
0	0
0	0
0	0
0	137
0	44
0	119
0	54
0	31
0	18
0	134
2	17
0	7
2	24
0	16
0	0
0	0
0	0
0	0
0	1339
0	1815
0	1301
0	1795
0	249
0	1293
1	21
8	388
0	1678
18	65
0	829
0	364
0	0
0	0
0	0
0	0
0	0
687	238
20	223
7	80
15	15
0	2
0	2
0	0
1	0
0	0
1	0
0	0
7	50
0	80
0	79
0	78
0	2
0	56
0	4
0	1
3	0
0	0
0	6
0	0
2	20
0	13
5	13
0	13
1	10
0	1
3	4
0	0
0	3
6	2
0	0
0	0
0	0
0	0
0	0
0	0
0	0
3	241
145	257
0	70
12	99
0	43
1	0
0	1
0	0
0	0
0	0
0	0
0	0
0	0
0	0
0	0
0	0
0	1
0	0
0	1
0	1
0	0
0	1
16	4589
2	368
0	988
0	4340
20	566
0	869
4	204
0	4589
0	4495
38	5298
0	5631
32	1945
1	4895
5	3048
0	0
151	681
23	681
1	24
0	21
0	110
0	121
0	305
0	87
0	98
0	105
0	312
0	118
0	117
14	65
0	340
0	333
0	340
0	147
0	90
0	0
0	0
2	1
0	1
0	1
0	0
0	0
0	0
103	1531
0	843
9	911
0	557
78	867
3	365
11	223
6	148
0	16
1	7
0	394
3	108
0	327
35	337
0	0
0	0
0	0
0	14
1	21
0	19
0	9
0	1
0	3
0	1
0	21
3	80
0	77
0	72
1	53
1	0
1	3
0	7
0	8
0	8
80	21
4	7
1	20
0	0
0	821
0	780
7	53
17	166
0	26
2	47
0	74
242	0
15	108
29	108
6	83
3	753
1	557
2	720
3	64
8	63
0	179
6	63
0	86
0	200
5	65
1	157
3	183
1	150
0	186
0	155
1	137
0	110
39	5
2	69
24	472
0	477
1	28
4	11
1	180
26	179
34	154
13	74
0	85
1	55
0	23
0	6
8	4
757	19955
0	3310
1	16222
3	5132
68	15793
0	15698
0	12839
8	12881
0	8865
11	11122
0	9359
0	6236
1	11307
0	5620
0	4290
0	728
3	3274
0	980
101	0
8	406
19	421
2	34
22	88
0	5
0	30
11373	6056
0	1449
1	245
32	1352
0	402
8	98
0	18
1	9
0	14
0	2
0	4
215	124
40	2
20	122
23375	0
0	0
0	0
0	0
0	0
0	2
0	0
0	0
0	0
0	0
5	2
0	0
0	2
0	2
26	194
0	370
0	399
0	423
0	394
0	397
24	274
0	33
0	74
0	55
0	23
0	5
0	421
1380	0
825	303
0	303
0	90
0	85
0	38
0	44
0	30
0	30
0	3
2	0
0	0
697	35
10	35
23	44
0	44
138	561
35	496
7	567
0	211
9	525
15	32
2	32
7	165
1	116
0	570
0	70
3	28
0	19
1	34
0	16
6	5
0	72
0	8
0	9
0	1
7	11
0	0
0	2
0	9
0	53
0	53
680	257
2	235
3	1368
49	454
0	1469
2	614
30	236
8	281
1	113
1	570
0	62
1	32
0	74
14	575
0	0
0	0
0	0
0	0
10	488
3	653
29	653
0	523
0	656
0	338
0	116
2	59
5	36
0	151
0	70
0	145
3	97
2	30
0	0
0	0
1	35
0	7
1	33
80	389
13	356
0	194
3	272
1	126
0	160
0	26
4	26
0	25
0	3
0	25
0	0
360	2454
0	2028
29	865
4	104
3	106
9	21
0	16
0	59
4	8
0	15
1	13
0	9
3	10
0	0
0	869
0	1586
2	1574
0	1581
5	1421
0	1287
0	146
3	79
4	24
12	65
2	61
12	606
4	293
0	60
0	1606
1	0
0	0
0	0
0	231
4	209
0	47
11	29
0	65
2	55
2	29
0	311
0	311
0	0
0	0
0	0
0	113
0	539
23	377
0	569
1	308
8	16
5	418
4	36
0	553
3	117
13	378
8	231
2	484
6	462
0	120
0	390
0	371
0	356
0	86
6	20
5	2
1	30
514	834
0	624
1	466
6	159
11	2924
1	2823
14	1979
12	1292
0	129
1	2859
0	586
0	556
0	274
0	1517
3	211
72	428
1	185
13	126
6	244
1	242
0	54
3	220
0	6
41	7
0	0
0	0
0	0
0	0
0	0
3	455
1415	1439
0	823
5	324
6	988
0	0
0	0
2	103
14	102
20	77
22	77
3	13
0	30
0	17946
32	605
4	564
0	122
193	62
0	8
0	8
0	7
0	15
0	54
0	962
47	1
0	1
232	80
8	63
13	43
54	281
1	316
23	357
1	71
0	126
0	124
0	105
0	39
0	24
2	0
0	969
0	71
0	53
0	56
1	0
0	0
0	0
0	0
0	0
0	0
0	0
0	0
0	0
19	0
0	0
0	0
0	0
0	0
0	0
0	0
56	0
0	0
1	0
14	118
0	118
2	493
2603	887
40	19
0	249
0	273
34	0
53	69
13	0
16	50
36	0
1	92
39	27
8	2
0	2
0	0
0	0
0	0
1	0
0	0
0	0
0	0
0	0
19	196
0	22
0	12
0	15
0	40
0	21
1	15
11	9
9	128
0	120
2	21
0	23
5	70
0	21
9199	6728
10	6163
14	1855
24	565
578	660
1	173
4	118
27	142
0	289
199	802
9	98
12	788
3	0
7	114
0	157
0	107
31	107
0	86
0	14
0	17
4	13
0	0
0	0
0	5
0	5
0	0
0	0
0	0
0	0
0	0
0	0
0	0
0	0
0	0
0	0
26	62
10	3
11	106
122	212
4	25
0	111
0	186
0	30
0	0
0	0
0	0
457	340
1	76
0	91
1	6
0	193
0	0
1	289
7	191
2	278
26	274
0	47
19	75
0	19
1	224
14	36
0	7
4	221
1	3
6	14
2	5
1	77
9	29
0	80
1	28
4	2
220	134
0	95
6	91
0	61
0	0
0	0
0	0
0	0
0	0
0	0
0	0
0	0
0	0
0	0
140	205
1	93
0	36
1	68
2	138
13	29
0	7
0	92
5	6
0	21
0	36
0	48
0	15
0	3
0	5
0	0
1	3
0	2
1	2
0	7
2	3
0	0
0	0
0	0
0	0
0	0
0	0
0	0
0	0
0	0
0	0
0	0
0	0
0	0
0	1255
102	1261
5	531
1	1240
8	152
5	343
28	4
0	4
1000	9616
745	9632
4	3106
0	1837
0	1177
3	1273
65	909
2	2841
17	2636
0	0
0	0
0	0
0	0
0	0
0	0
0	0
0	0
4	4
0	1
0	1
0	1
0	4
0	296
0	324
14	194
0	258
14	187
18	157
0	100
0	80
0	81
2	65
0	24
1	297
174	0
183	3686
0	67
3	356
0	1148
0	1145
1	74
0	1147
0	62
0	221
6	1135
11	93
1	65
0	0
621	1980
0	1992
1	32
0	482
0	140
0	328
1	197
0	248
45	228
0	2
3	54
0	56
0	43
0	4
0	2
122	3
0	10
0	2
0	0
0	10
221	134
10	134
0	0
0	0
0	0
0	0
0	0
201	11
0	11
791	267
1	267
18	119
6	105
0	81
2	79
0	0
13	245
5	237
0	237
1	207
4	245
0	18
0	0
1	14
0	12
0	4
0	4
0	4
0	1
0	1
54	612
3	450
0	937
8	877
2	34
1	6
0	69
25	475
5	0
0	0
1	0
0	0
0	0
0	0
0	0
0	0
0	0
0	0
16	293
0	15
1	26
17	28
1	34
0	24
2	293
0	0
0	0
1093	428
0	428
2	0
0	0
0	34
2	0
0	34
0	0
0	0
0	0
0	0
0	0
0	0
0	0
1	0
0	0
2	45
0	38
1	2
0	7
0	17
0	142
4	163
2	2
0	184
0	188
1	269
1	298
1	18
0	68
25	44
0	44
24	0
0	0
0	0
0	0
1	45
6	261
2	87
1	256
0	98
3	2
0	77
0	53
0	1424
2	1351
1	189
4	151
0	498
0	13
0	118
65	118
0	13
1	0
0	0
0	0
0	5
0	0
0	0
0	0
0	1
0	5
86	2
0	2
0	2
0	38
0	47
3	38
0	47
1	0
459	1129
9	972
0	1144
5	65
3	169
0	953
3	160
14	211
0	135
62	104
21	3
24	104
0	62
6	3
0	0
0	0
0	0
0	0
0	81
0	6
0	146
2	1116
1	178
0	1102
0	312
0	321
2	101
0	14
65	340
0	21
5	23
2	76
0	20
1	64
0	64
0	30
0	0
0	0
0	0
0	0
0	0
0	0
1	0
16	292
3	112
52	200
1	292
1	36
26	172
1	165
0	170
0	12
0	0
0	0
0	0
0	0
0	0
0	0
0	0
0	0
0	0
125	0
0	1
0	0
0	0
0	1
0	0
0	1
0	0
0	0
0	0
0	0
0	0
0	0
0	0
0	0
0	1
0	0
0	0
0	0
0	628
0	8521
0	8594
2	425
3	5379
1	306
15	240
17	266
56	1913
6	3813
210	1203
6	8361
0	90
0	85
0	28
0	0
0	4
12	13
2	1
0	2
0	12
0	1
0	0
0	0
0	0
0	0
0	0
0	120
16	1914
63	874
53	1914
19	901
0	956
2	419
0	2560
86	394
0	2470
2	2517
0	2571
3	206
0	115
0	339
0	461
4	259
2	163
0	276
1	914
9	965
0	986
2	938
0	750
4	103
0	149
7	115
132	138
0	105
0	112
0	138
1	112
3	1
1	1
2	9
2	15
0	8
0	6
4	7
1	3
1	3
3	0
0	2
8	2
0	112
477	24161
1	24161
23	2897
1	424
95	1973
0	1928
8	114
0	94
0	97
0	73
2	27
0	20
0	25
0	3
0	21
2	14
2	6
1	719
347	185
20	150
0	109
0	88
4	108
0	0
0	0
0	0
0	0
0	0
0	14
300	9228
13	3469
0	4607
114	6551
30	2406
0	0
0	0
0	0
9	111
0	111
3	34
0	29
1	14
2	20
0	219
0	282
47	247
0	199
1	37
5	2
0	52
0	370
0	380
3	89
10	63
0	27
12	23
7	4
0	31
14	7
26	2
681	52
1	52
5	165
1	165
0	0
0	0
0	0
0	0
3	17
80	17
0	110
0	116
23	5696
38	5666
323	960
373	185
356	239
25	1
7	5280
82	0
0	0
0	0
0	0
653	0
350	1115
0	147
5	1103
0	289
11	1
1	9
0	67
2	53
0	135
0	114
0	124
0	153
0	56
0	0
13	11
0	6
0	0
0	8
1	1
0	1
107	15
0	15
20	0
51	21
0	21
0	29
17	305
0	224
4	217
1	63
0	312
0	300
0	263
0	312
0	75
0	47
0	11
0	72
0	75
0	82
0	1
0	1
0	3505
99	3483
0	3411
75	51
0	303
0	3481
155	215
0	3473
0	3549
0	125
0	3222
12	2761
6	409
66	0
15	90
16	410
18	21
0	410
5	214
0	246
0	51
0	218
5	41
0	42
0	40
5	39
0	40
0	41
0	20
0	3
0	1
0	1
0	3
0	5
3	5
21	0
0	11
0	7
0	7
0	12
0	6
0	0
0	1
0	1
0	1
194	1351
0	1351
14	549
0	549
41	1
0	1
0	0
0	123
0	25
0	28
0	28
0	4
0	0
0	3
0	3
264	0
12	3
0	2
0	2
65	604
2	604
0	24
42	23
2	2
0	23
0	0
228	0
7	188
0	80
0	184
0	14
3	4
2	0
1	242
0	195
0	214
4	224
0	0
24	249
0	0
1	544
1	206
7	75
5	19
1	3
40	22
0	22
0	7
0	0
0	0
0	0
0	0
1	48
0	48
1	5
2	9
1	8
1	5
4	2
0	5
0	256
0	470
0	199
0	29
0	54
0	462
0	140
0	82
157	366
0	330
1	74
0	10
57	208
0	202
0	45
0	195
0	177
0	22
0	26
6	21
0	22
3	34
0	26
2	31
3	7
0	9
0	10
2	0
46	42
0	35
192	0
0	870
1	73
4	0
7	133
0	7
128	877
13	0
2	181
0	4
191	181
0	31
0	4
5	45
0	77
11	0
1	0
0	46
3	46
230	0
0	0
0	0
0	0
1	659
19	771
2	511
0	976
1	735
204	48
0	976
36	18
9	18
2	215
2	235
0	82
0	52
0	0
0	0
0	0
0	0
0	0
0	0
0	0
0	0
75	234
1024	289
2	67
0	55
127	168
1	86
0	61
1	6
0	78
6	26
15	26
0	27
1	58
169	5323
8	5263
18	3243
0	1257
1	537
12	79
12	60
1	430
5	1629
0	85
0	1687
1	293
85	83
173	1270
2	296
9	104
0	53
3	155
2	151
0	0
0	13
75	9138
5	6474
4	8119
48	451
11	2842
17	7
0	4
0	0
0	3
0	3
38	458
7	166
20	455
0	110
0	0
0	0
0	0
0	0
0	0
0	0
0	0
0	0
174	150
2	118
0	56
6	40
0	0
0	0
2	533
0	493
1	68
0	102
0	160
1	430
0	306
0	333
0	376
19	74
3	41
3	139
0	16
488	287
8	286
0	6
30	2
0	11
0	112
0	5
5	44
0	118
0	152
0	110
0	103
0	32
0	17
0	18
0	110
0	0
0	0
0	38
0	549
0	518
0	16
0	86
0	497
0	66
0	117
0	469
4	5
1	20
0	12
8	15
0	12
3	18
0	3
0	2
0	10
0	11
1	3
4	4
0	2
0	1
1	3
0	3
110	654
7	659
0	341
11	125
0	108
1	291
21	34
1	269
0	34
69	5
103	73
2	29
1	44
99	3285
0	401
1	413
4	296
1	3284
458	0
21	1749
25	1502
0	1553
95	70
200	74
7	262
0	1
0	517
0	1553
0	0
0	0
0	0
0	0
5	0
0	0
20	332
9	320
0	106
0	4
1	102
0	4
0	311
0	39
0	30
17	4
6	15
41	1142
2	1142
0	1
0	0
0	1
0	1
1	185
0	364
56	399
0	175
0	334
0	58
0	44
0	121
18	36
0	314
2	46
0	91
0	191
0	106
0	66
3	37
23	2864
44	448
3	320
0	2399
0	2386
18	2520
0	2261
0	2
0	1
0	1
0	0
0	0
0	0
0	0
0	0
0	2
14	748
24	754
1	194
6	455
2	23
0	64
3	74
2	1
9	754
189	434
2	434
21	331
7	32
2	4762
0	5566
14	398
0	1430
4	1431
0	1380
36	498
31	1233
1	999
0	1249
19	193
1	89
0	0
47	90
0	90
0	89
0	28
0	18
0	30
22	6640
18	2679
64	6627
15	1638
28	1632
1208	2550
2	2655
0	1377
0	476
35	538
1	517
2	277
0	358
1	97
2	193
0	15
5	44
0	44
8	357
5	428
0	337
1	320
0	203
0	201
0	148
0	2
0	2
0	2
2	922
1	486
0	893
0	922
1	633
0	633
0	220
0	122
2	96
0	99
0	54
0	3
2	321
2	339
0	81
0	33
25	18
0	543
96	4510
174	4383
72	1243
95	1105
117	0
78	288
6	206
11	238
29	1526
0	1680
7	940
0	214
0	102
2	0
1	0
1	0
106	6576
0	6576
136	646
0	357
42	219
6	238
14	344
92	6552
0	42
0	16
1	41
8	18
0	0
0	0
0	0
0	499
0	0
49	347
4	347
0	3
0	48
0	48
0	62
0	8
0	1
3	53
0	64
0	54
0	38
0	62
3	739
3	94
0	877
2	874
3	24
0	45
0	174
0	81
0	868
1029	890
105	890
79	100
19	70
5	60
0	0
0	96
0	0
0	0
0	0
0	0
5	2596
0	2613
0	2529
0	0
0	0
0	0
564	304
1	148
0	82
1	126
2	1
0	1
6	2
0	2
0	2
0	0
0	0
0	0
0	0
0	0
0	283
3	246
39	65
0	212
0	73
0	52
0	2
0	23
1	99
0	353
78	301
6	47
0	229
0	174
0	127
0	82
0	31
4	0
5	1542
0	115
69	236
2	95
58	1542
0	172
1	40
1	171
0	1041
0	943
120	477
0	413
0	396
11	276
0	1042
5	1033
103	1022
2	1124
2	1381
0	1725
24	910
37	91
2	222
37	74
4	29
2	1687
0	0
0	0
0	0
0	0
0	0
0	0
1	0
0	3788
0	1750
0	48
0	3
0	3082
0	3080
0	3630
0	1113
0	3078
0	0
0	0
0	49
0	4049
0	1199
6	3849
0	3423
12	3808
0	268
1	930
0	2608
0	2609
17	693
0	3743
0	3999
0	48
1329	0
0	0
0	0
0	0
0	0
0	0
0	0
0	9
0	9
0	8
0	5
0	0
0	0
0	0
0	0
3	5
0	3
0	8
2	12
322	517
1	494
0	80
5	44
0	266
0	267
0	241
4	83
4	32
1	60
0	113
0	77
0	39
3	55
0	68
2	26
58	3419
47	447
0	2813
0	186
0	75
0	148
0	143
1	1464
10	3419
451	2057
3	1603
69	881
10	1612
2	261
0	86
6	1732
0	1567
5	195
0	195
0	191
0	191
0	1663
2	136
0	326
0	318
2	150
0	192
0	167
5	10
0	10
41	538
3	515
0	108
0	188
0	38
43	0
3	15
0	11
2	2
0	6
0	6
0	7
1	218
2	5899
2	5156
0	5819
1	655
6	489
0	4738
0	1
0	811
18	472
6	143
0	621
82	592
0	363
5	121
0	0
0	44
15	44
0	14
0	0
0	66
0	61
0	34
45	324
0	167
966	1066
6	1066
38	56
0	140
0	0
0	0
3	0
0	7
0	8
0	6
0	6
0	1
1	5
0	4
0	2
1	0
0	0
0	2
0	0
0	3
0	0
0	0
0	0
0	0
0	0
650	192
0	192
38	781
39	1126
0	1126
0	119
24	112
14	78
6	290
9	288
0	35
0	63
0	38
0	57
0	290
2	162
0	6
0	159
4	157
0	147
43	196
13	24
1	155
0	46
0	4
3	105
0	41
359	2279
9	1823
0	2113
2	249
0	256
9	224
63	212
0	22
0	169
0	226
0	182
0	69
0	81
0	160
27	164
0	129
0	91
2	108
0	72
13	40
2	17
0	24
3	970
7	939
0	267
0	264
0	0
0	970
1	0
0	0
1	672
0	672
0	682
0	671
0	643
0	703
0	512
3	39
10	493
0	180
0	255
1	215
0	152
0	642
0	398
0	567
69	234
28	0
0	0
0	0
736	0
0	0
4	17
67	1105
0	963
1	424
0	100
0	12
0	15
0	16
0	25
0	42
0	110
0	28
0	18
0	113
0	1
0	0
0	1
0	0
1	0
0	1958
142	1255
6	2468
1	1026
1	730
277	10608
174	9104
24	724
0	5094
18	5094
0	3
5	0
0	0
12	13
0	130
3	32
3	8
2	81
0	96
9	67
0	19
38	37
102	189
0	152
0	192
0	19
0	22
0	106
0	106
0	0
0	0
1277	126
16	126
253	849
0	798
1	252
15	39
0	1647
5	256
13	0
6	198
2	198
13	389
5	712
2	0
0	1266
9	286
6	231
0	244
0	108
0	127
3	96
13	33
4	286
0	139
0	130
0	124
0	33
1	19
6	7
123	0
0	2094
2	1200
572	2492
3	93
11	159
0	217
0	113
26	2437
0	0
0	0
0	0
0	0
0	0
76	256
36	256
0	0
0	0
0	0
0	0
6	35
88	684
10	259
0	54
2	89
0	236
1	223
165	1
2	74
0	113
0	132
69	10
17	62
4	159
0	157
0	149
0	146
0	45
0	114
0	20
14	126
2	4
0	16
1	18
0	15
0	24
0	21
0	19
1	9
0	3
0	0
110	0
356	2
78	777
0	14
30	776
0	112
0	13
0	11
0	0
2	0
0	14
441	764
13	738
0	683
0	120
0	43
0	46
10	32
125	28
0	28
0	64
1	81
1	37
0	9
6	0
0	0
6	3442
0	415
0	307
0	237
0	3444
21	50
0	37
0	48
44	161
0	161
0	24
1	464
0	662
0	135
0	142
7	308
29	749
10	713
12	84
0	3347
0	3340
0	3285
0	696
0	963
34	62
29	193
2	626
4	367
0	3070
28	3349
12	0
696	68
5	50
1	18
0	0
0	0
0	0
0	0
1	1079
0	1080
0	168
7	35
0	0
0	0
0	13
0	6
0	7
0	5
0	5
21	460
0	432
4	383
0	137
2	96
31	8
0	8
0	4
0	7
1	8
0	6
0	2008
1	1785
16	1995
0	1959
249	2212
0	1564
0	173
0	540
0	28
0	368
4	0
995	2742
7	2599
47	143
0	0
0	0
0	1111
5	1111
1	96
23	91
0	0
0	0
230	686
0	418
2	679
14	132
0	24
0	32
5	24
9	32
0	62
0	51
0	24
0	32
0	59
17	57
1	33
5	56
426	2548
0	137
0	28
0	8
0	6
0	4
0	2
73	137
630	324
0	324
315	1979
8	1929
3	1978
1	319
3	169
5	178
0	106
0	106
0	57
3	188
0	350
10	136
0	362
0	215
2	0
1	0
0	0
20	609
0	197
0	197
0	129
0	59
0	3
0	604
0	1284
0	1296
2	130
0	121
0	261
0	255
0	146
2	109
0	24
9	312
7	312
0	171
2	134
0	74
3	14
0	1280
49	5
5	5
2	0
0	0
27	18
0	16
0	2
14	1529
8	1522
0	1515
7	588
0	1101
1	1294
0	237
1	807
5	662
0	771
0	1529
0	112
22	0
1	15
0	5
0	2
0	2
0	5
0	9
0	8
0	1
0	1
0	112
2	10
0	10
0	2
0	2
0	0
0	0
0	0
0	0
5012	2521
57	2069
1	1004
54	70
219	730
0	54
3	490
0	205
0	275
15	370
8	466
0	0
0	0
0	0
0	141
4	158
1	141
0	158
0	35
11	20
6	247
1	791
0	795
20	817
0	779
0	529
1	46
0	67
0	33
0	71
0	21
0	24
0	0
0	0
0	2429
0	0
0	3511
0	5
0	0
0	0
0	0
0	0
0	1
1	1
7	346
169	0
49	99
60	0
61	146
0	3501
138	1104
34	514
0	1031
3	184
1	51
3	0
0	1
0	1
0	1
0	1
783	345
1	328
0	175
1	88
87	142
0	15
0	32
0	95
68	0
1	167
1	167
0	15
1	10
2	105
1	127
0	111
17	41
0	20
1	4
20	4
0	5
0	22
0	6
0	111
1680	3
24	3
0	115
0	113
0	115
0	113
0	22
0	26
0	2
1	3
0	115
76	86
0	108
0	94
2498	15152
3	11943
0	7172
0	6164
0	0
31	0
659	103
59	103
1	1023
4	984
2	157
22	46
2	374
0	333
0	332
0	271
0	185
6	34
0	40
1	56
0	60
0	26
0	55
0	29
0	17
3	1
4	1600
24	957
2	1496
104	1096
0	0
0	0
0	0
0	0
0	0
0	0
0	0
0	0
0	15
0	70
3	70
0	2
0	9
0	45
0	4
0	8
4	7
0	7
0	1
0	1
0	0
0	0
0	0
0	0
0	0
818	799
38	126
5	42
0	98
0	176
0	412
0	38
0	0
0	0
0	0
0	0
11	4
0	1
1	4
0	299
0	31
0	22
0	276
14	300
0	93
0	6
0	240
0	124
1	38
0	294
1	158
2	38
0	31
1	94
0	157
0	148
0	94
2	13
0	21
0	10
0	20
0	18
0	16
0	19
0	8
0	6
0	13
0	158
701	54
2	54
22	7
345	633
4	0
171	633
0	0
3	3
0	3
0	0
0	0
0	0
0	0
0	0
11	639
8	647
32	642
0	613
0	130
108	1378
1	127
65	1161
1	35
1	251
0	402
5	166
80	2113
270	2113
0	0
0	0
1824	3284
1	2833
0	800
22	1268
0	291
0	3
1	3
0	0
175	0
0	0
360	402
0	217
0	329
0	222
74	53
0	60
0	51
0	107
33	84
2	150
0	83
0	142
0	142
0	142
0	20
1	113
2	40
1	95
4	16
0	10
0	8
0	0
0	0
0	0
0	0
0	0
0	0
53	21
3	1
0	11
0	11
0	20
5236	573
3	573
0	0
2	460
33	461
0	277
63	876
10	319
8	508
36	519
0	11
0	1321
0	1303
0	461
4	265
0	821
0	100
0	370
26	134
13	248
1	103
0	121
0	15
0	1
0	15
0	3
0	15
3	130
2	130
57	547
1	552
1	572
1	492
3	21
157	73
0	52
3	26
0	19
0	9
0	0
0	0
0	5
0	1
0	0
0	0
0	0
0	5
274	3303
22	1302
30	3276
16	122
0	288
1	938
5	19
11	1321
0	358
11	152
8	8
1	279
0	310
0	1135
0	1111
1	425
0	1016
0	926
26	220
1	707
0	235
7	263
24	229
0	92
1	202
0	70
0	196
10	219
518	1400
0	1400
1	224
2	220
4	794
5	0
0	23
8	2
8	68
2	1
0	65
0	0
0	0
0	0
0	0
8	2858
0	2822
16	2826
1	266
2	565
16	2779
4280	4209
2	694
5	497
14	479
189	57
0	0
23	57
0	27
0	5
0	14
0	5
59	114
9	112
20	2
0	31
0	31
0	33
0	31
3	32
0	14
0	9
1	1
6	24674
4	7585
0	1635
0	13591
8	8593
0	7194
25	4169
13	1607
0	24380
65	15
0	3
0	6
0	3
4	9
338	734
4	734
0	267
53	113
1	45
0	68
0	1
0	1
1	350
0	44
5	53
3	55
0	321
5	336
661	0
0	114
1	56
224	113
0	0
0	0
0	0
0	0
77	570
709	647
5	514
3	32
0	101
0	62
5	20
15	11
4	124
0	80
0	65
0	494
0	635
13	176
0	259
1	470
2	561
0	133
2	140
0	206
1	710
0	1
0	1
0	1
0	1
0	1
0	1
0	1
2	1
153	570
1	132
2	104
2	23
14	2
0	127
0	28
17	0
0	6
2	20
0	6
1	20
1	6
1	133
2	110
24	1267
3	1250
0	988
3	133
2	194
1391	1374
0	241
0	471
1	704
0	519
3	112
0	113
0	15
0	5
2	72
3	35
0	20
0	7
4	39
0	1
0	1
0	1
0	29
0	6
0	16
9	1
0	3
12	2
7	3
0	3
0	1
19	0
4	1020
1	666
9	225
0	340
18	36
4	158
0	1260
2	1208
0	1222
0	255
38	1344
33	1296
2	1288
6	628
250	63
0	63
564	303
0	293
5	212
6	396
0	119
13	396
1	110
0	159
12	396
18	16
0	74
1	83
6	769
87	1458
6	463
20	58
0	80
0	249
24	591
0	239
0	392
0	325
31	27
0	2
0	1
0	2
7	241
3	175
0	135
20	8
1	35
12	10
14	0
0	165
0	76
47	527
3	527
0	114
0	0
0	0
0	1
0	1
0	1
0	0
0	1
0	448
0	455
4	7
2	208
60	12
33	469
41	448
0	290
9	347
27	435
0	1042
0	1006
456	0
0	0
0	0
0	0
0	0
6	2231
20	2379
0	2282
2	292
1	181
0	208
0	2782
455	3165
8	286
1	664
20	522
2	490
5	21
0	1036
1	240
4	340
9	673
47	78
6	67
1	46
2	0
1	0
0	0
0	0
0	0
0	0
0	0
0	0
0	0
6	305
7	305
1	12
0	0
184	1790
0	1790
3	64
1	568
34	130
4	9
3	12
0	47
0	611
17	0
0	589
0	569
1	82
0	571
0	490
0	245
16	223
796	494
0	175
107	0
0	5
0	3
3	5
0	2
0	2
0	2
0	1
0	10
0	10
770	72
1	72
1	544
4	41
93	544
0	0
0	0
0	0
0	0
0	0
4	28
2	8
16	42
0	93
0	68
0	46
0	99
0	354
0	68
5	26
0	467
0	467
365	0
1	165
66	71
435	321
0	289
1	205
0	15
0	241
0	10
0	265
16	0
9	37
0	267
839	0
65	7
0	7
981	305
0	305
0	38
0	73
349	269
0	35
0	259
3	36
0	16
0	16
0	0
0	1
4	16
0	17
110	17
0	0
0	0
0	0
2	0
0	14
0	9
0	1807
0	3549
2	3576
1	19
1	3610
0	0
1	171
0	3421
4	12
0	34
18	0
144	61
0	21
1	130
148	304
1	290
0	89
90	62
0	90
0	0
0	0
0	0
0	1
4	1
0	0
0	1
0	1
0	1
0	26
0	403
0	105
2	378
0	406
3	24
1	23
3	1
130	1054
2	576
42	94
0	593
0	28
0	353
0	67
0	9
0	522
1	1031
131	855
46	782
1	575
0	563
1	354
0	136
1	0
0	0
0	0
0	0
0	0
0	1
0	1
0	1
0	1
0	1
0	1
58	34
0	34
69	2
19	2
0	0
0	0
0	0
0	0
0	0
0	558
0	0
0	0
0	0
0	0
0	0
0	0
0	0
0	0
265	0
0	0
2	3
0	1
0	1
0	841
0	877
6	88
10	87
12	258
0	141
14	224
4	64
21	2014
10	2052
0	289
0	554
8	279
459	2081
597	0
0	0
0	0
0	0
0	0
249	143
9	16
5	16
2	16
0	73
0	15
15	68
1	22
0	10
0	10
0	2
0	0
0	134
6	85
2	271
828	1080
11	781
3070	192
47	192
84	377
0	336
4	113
0	104
0	75
0	0
1641	237
5	237
0	128
98	705
0	42
0	223
4	27
1	1703
63	1661
0	115
78	363
0	1642
803	186
1	186
0	74
0	80
0	45
0	52
0	44
0	23
1	16
0	16
0	23
0	0
61	82
0	0
0	0
1063	201
0	201
0	53
0	52
0	12
80	49
0	35
0	29
0	39
0	8
1	30
0	19
9	14
11	0
0	0
0	0
0	47
4	43
0	46
0	51
4	1
0	1
0	0
0	0
50	0
4	32
3	117
0	115
1	2
0	32
0	1
0	1
0	1
0	1
0	0
0	0
5	2
0	2
392	596
24	600
1	3
5	30
15	78
18	15045
0	14617
12	14603
4	8948
0	7693
37	8935
0	8073
3	6556
8	5676
4	6339
0	5435
0	4299
55	1074
541	1074
1	537
27	131
11	0
14	50
0	0
0	0
0	0
0	569
2	368
0	508
0	59
0	512
0	393
12	15
0	518
0	0
0	14
0	33
0	732
0	706
0	114
15	806
7	806
0	240
0	209
0	235
3	143
0	125
4	96
0	37
0	0
0	0
37	584
0	502
0	763
7	1136
1971	1136
0	0
0	0
0	0
0	0
0	0
0	0
0	187
0	29
1081	206
0	0
1	0
0	0
63	656
0	523
42	645
0	0
35	386
5	62
0	110
1	100
3303	59
207	59
0	3
0	80
0	126
0	2
0	127
6	122
0	2
0	122
0	3
0	457
37	457
5	454
0	0
0	0
0	0
0	0
0	0
0	0
0	0
0	0
0	0
5	69
1	39
0	14
0	8
0	61
159	0
0	0
0	0
0	1
0	1
2	70
1	19
0	8
5	4
0	73
198	20
0	251
0	251
0	0
0	0
0	0
0	0
0	0
10	2
0	2
1	1
8	2
0	1
1	2
0	1
0	0
0	0
121	1235
1	6
1	6
78	868
0	913
0	387
15	421
0	532
3	583
0	526
0	103
0	264
0	152
163	0
82	2
790	1198
1	297
22	901
0	1
0	1
6	482
0	1274
14	708
0	631
5	627
0	359
1	235
0	80
0	102
1	664
0	664
0	12
17	6
11	0
0	1
0	1
0	1
0	0
0	0
0	2
0	1
0	2
0	2
0	0
0	0
0	0
0	0
0	2
0	0
3	964
0	329
0	2019
0	196
3	96
2	883
0	1713
112	3
6	261
0	2022
61	7
1	7
529	630
8	629
0	0
0	0
37	4
0	0
0	0
0	7
0	3
0	3
0	6
0	17
0	30
0	29
0	40
0	46
3	45
17	0
0	44
0	1
0	2
0	0
1201	377
0	342
7	257
2	0
0	25
0	0
0	0
0	0
5	25
1	25
0	25
8	215
6	59
3	202
0	33
0	0
9	57
0	38
1	10
7	229
0	15
1	16
0	229
0	219
303	0
141	318
26	300
12	69
7	115
6	65
2	44
8	211
0	204
0	145
0	88
243	10410
0	1166
6	10412
0	7
6	7
0	228
27	1766
12	1646
55	221
9	431
23	298
0	252
0	171
659	0
0	2695
1	52
15	272
0	355
3	2505
1	258
0	70
4	405
8	219
8	155
2	2811
0	0
0	3379
0	89
35	3568
0	3599
3	3571
0	80
0	97
0	3683
7	3677
600	0
54	85
0	53
0	85
2	0
30	36
935	87
0	86
81	0
166	0
0	0
0	0
0	0
0	0
0	0
0	0
0	0
0	0
0	9
0	9
0	0
0	0
0	0
14	1151
2	233
3	15
5	128
16	1151
1	1
0	1
0	52
0	52
0	52
0	51
0	1
1	0
0	5
0	0
0	0
0	0
0	0
0	52
1025	93
0	5
3	47
0	41
62	1934
38	1934
0	2
0	2
0	2
0	0
0	2
0	2
6	0
0	0
0	0
0	0
0	0
0	0
0	0
1	4
0	4
0	2
1	0
0	4
0	4
0	4
0	0
11	276
2	75
49	276
0	42
155	53
0	0
0	53
8	50
0	263
0	341
8	429
0	440
13	179
9	73
1	207
34	386
230	290
0	282
0	157
0	287
3	51
0	353
0	0
0	0
0	0
0	1
0	1
3	146
0	146
0	4
1	180
16	75
1	38
0	11
30	271
3	80
57	5
0	657
3	487
2	109
1	12
0	1517
0	2091
0	603
0	165
53	107
13	2175
0	54
0	758
0	6
0	637
0	559
39	1547
2	1561
0	1
2	2
0	0
0	6
2	4
0	2
0	4
0	1
0	1
0	1
0	1
0	1
3	37
0	37
0	13
0	0
0	24
0	33
0	36
0	11
0	11
0	0
3	0
1	308
0	19
0	38
0	311
2	35
8	0
15	20
0	20
0	69
25	101
2	77
0	0
0	0
0	0
0	0
145	506
157	506
7	236
0	1
0	1
0	0
0	1
0	1
0	2
0	2
0	1
0	84
0	40
18	3
0	364
0	210
0	366
147	369
0	0
0	0
0	0
83	10
1	10
3	105
160	150
9	13
0	0
0	14
0	1
0	0
0	0
0	0
0	0
0	1
1	2
0	5
0	0
0	5
0	1
0	3
0	3
0	12
0	2
1	0
0	23
0	0
15	26
0	3
0	0
0	0
0	0
0	0
0	0
0	0
0	105
16	157
0	196
0	150
0	131
0	6
7	151
0	0
3	0
0	8
1	12
0	8
1	4
4	8
0	2
0	5
2	2
570	1528
47	861
29	1432
3	560
0	264
32	124
0	34
1	106
0	85
0	24
0	71
0	35
0	25
0	11
1	36
0	43
0	32
0	25
0	34
0	20
0	15
0	9
0	13
0	1
0	1
0	3
0	1
0	2
171	312
0	309
1	16
1	47
1	39
0	0
0	0
0	0
0	0
0	60
1	2989
21	479
46	2988
4	60
0	0
0	1
0	2
0	1
0	0
0	1
0	7
0	6
0	7
224	282
3	282
4	52
3	21
2	1892
24	1715
14	43
19	126
28	12
0	554
5	545
2	55
0	1892
0	0
0	0
0	0
10	0
597	77
0	0
0	0
10	0
0	0
0	0
0	0
0	0
0	0
0	0
0	0
0	0
280	1336
0	1182
0	113
14	134
10	96
0	0
0	0
0	0
0	0
0	0
0	0
0	0
0	0
0	0
0	0
0	0
0	0
0	0
0	0
0	109
0	413
2	359
0	478
0	356
0	256
0	158
4	42
0	140
0	124
129	85
0	30
0	90
0	80
0	18
0	31
3	31
0	0
1	0
0	0
44	10
0	2
0	7
0	1
0	1
0	9591
18	969
112	9764
404	0
902	96
90	7
0	42
0	49
0	0
0	0
0	0
0	0
0	46
42	18
4	18
0	47
0	47
0	44
0	1
0	1
0	0
0	0
0	0
0	8
0	8
0	18
0	8
0	2
1	0
0	1
3	10
0	6
0	10
0	9
0	0
0	15
0	17
0	15
1	70
2	70
0	0
0	3
0	0
4	6
0	0
0	0
0	2
0	0
0	0
0	2
0	6
5	83
10	79
0	40
2	37
0	36
0	33
0	22
1	11
0	414
2	413
0	414
0	340
0	264
7	49
1	45
10	43
4	3
420	2172
11	1775
10	14
0	1543
3	167
0	692
18	74
318	131
0	37
0	104
0	28
0	1
0	1
0	1
0	0
0	0
0	1
22	56
0	56
0	4
0	167
0	167
0	26
0	2
1	1
0	9
0	9
0	9
0	9
3	0
0	10
0	10
0	0
0	0
0	7
0	0
0	7
0	7
0	0
0	7
0	0
0	7
29	763
0	851
4	99
0	744
0	767
0	8
0	74
8	494
5	98
0	28
0	105
0	98
40	352
0	309
135	0
0	0
73	293
33	337
154	417
22	80
70	229
7	52
0	132
0	71
0	88
1	64
3	15
3	66
3	10
0	11
10	596
16	595
0	71
0	9
0	10
6	25
1	56
275	436
0	32
1	94
0	88
0	105
0	92
0	149
0	133
2	97
0	0
0	7
0	3
2	9
0	3
0	5
0	10
5	0
0	5
0	5
0	3
1	17
1	17
0	10
0	11
7	7
0	7
8	0
4	67
1	67
0	69
0	6
0	3
0	5
2	0
0	30
0	2
0	0
0	6
0	2
0	30
1072	867
0	690
0	527
1	338
1	82
4	1345
8	1192
0	259
6	247
0	254
0	1259
0	78
0	152
2	35
1	50
5	1126
0	157
0	2169
11	1280
9	2169
363	38
78	58
17	4
8	41
5	47
0	0
0	0
0	0
0	0
0	0
0	0
0	0
0	0
0	5
0	2
0	0
0	0
0	0
0	0
0	1
0	0
0	8
0	9
2	500
26	500
2	108
4	399
7	0
8	3
0	3
0	0
0	3
0	3
0	3
0	0
159	158
0	126
1	74
58	36
0	17
665	0
185	478
4	86
35	92
9	331
97	243
0	56
0	170
3	41
0	166
0	47
0	74
0	32
0	51
17	36
0	42
0	46
17	5
4	48
0	62
1	31
8	54
1	46
4	19
11	303
0	327
5	464
0	317
0	160
4	0
0	0
0	0
0	0
0	0
0	0
0	0
0	0
0	0
0	0
5	391
13	391
0	40
0	65
0	64
0	42
0	28
2	7
3	4
0	0
0	0
7	0
0	0
0	0
0	68
1	345
0	115
0	309
0	320
0	86
0	323
1	47
0	157
1	347
0	266
0	324
0	70
7	330
0	113
1	92
0	94
0	108
0	2
0	0
0	0
0	2
0	1
0	0
0	0
4226	2428
0	755
2	1941
1	6
0	6
0	0
0	0
0	0
1	3586
16	3586
47	1172
20	108
2	1172
0	39
11	0
9	46
0	46
1	12
0	2849
0	2732
0	2542
0	2927
0	2810
3	641
0	447
0	256
28	97
0	160
1	4
5	0
0	1850
8	1032
85	673
0	1318
0	186
33	1251
0	70
3	745
0	160
11	1095
0	1069
16	98
0	104
7	27
0	1294
10	1304
1	43
0	0
0	1
0	0
0	1
0	1
0	1
36	34
44	34
0	0
1596	2393
0	699
42	313
51	671
18	0
0	60
1	1681
2	33
0	77
11	116
2	0
0	0
1	0
0	0
41	3830
4	3830
0	2
0	2
0	0
0	0
1	25
0	25
0	25
1	0
481	1046
2	693
15	350
8	0
0	0
0	5
0	1
4	16
19	49
7	49
0	14
1	5
0	43
577	495
1	495
48	439
65	19
76	426
5	84
21	63
0	60
0	75
7	8
0	15
0	12
0	62
0	62
8	76
0	76
0	49
0	24
0	15
135	2202
20	105
13	1540
23	1765
0	0
0	0
0	0
0	0
0	0
46	2
0	2
0	1
2	0
0	0
0	0
0	0
0	0
310	41
4	37
4	32
0	8
0	0
0	644
0	646
0	14
0	647
0	18
4	55
3	555
132	17786
4	17785
7	15252
90	8
0	8
3	208
0	1124
0	1101
77	314
9	26
4	562
0	144
0	29
29	80
0	12
0	18
1	15
1	4
36	174
1	171
2	56
0	22
23	24
0	73
2	4
0	1
6	6
0	51
2	32
3	6
0	2
0	1
0	2
0	0
0	0
0	1
0	1
0	0
0	2
0	5
0	0
0	5
0	1
0	0
0	2
0	2
0	2
0	2
1	2
0	2
56	0
0	0
0	152
0	93
0	61
0	58
0	5
0	20
0	20
9	6
0	20
0	3
39	25
0	25
61	97
0	97
8	6
0	12
2	26
0	177
0	175
0	9
0	2
96	186
0	140
4	45
1	3
0	11
0	7
0	405
16	296
0	271
3	201
52	3316
16	837
16	227
2	827
12	3298
0	2397
0	2435
0	2441
11	2345
17	1232
2	461
0	37
3	37
0	1
0	0
0	12
29	21
0	0
0	19
1	575
0	575
0	0
5	937
4	127
3	132
0	937
0	0
0	0
0	0
0	0
0	0
0	0
2	37
0	95
0	93
0	0
0	0
0	139
0	148
0	148
0	59
0	141
0	140
0	149
0	146
0	136
8	143
0	70
0	14
0	20
0	115
0	119
29	123
0	110
0	102
0	71
0	21
0	11
14	3
25	7
0	7
1	7
0	7
0	0
0	0
0	0
0	0
0	0
0	0
0	0
0	121
2	17
0	115
0	0
12	0
0	1527
0	1531
0	1534
3	162
0	168
0	1574
0	1526
2	138
18	198
8	226
0	173
0	2215
17	2154
2	99
1	209
303	2180
0	5
0	5
0	4
0	0
0	0
0	0
0	0
0	0
0	0
0	5
2004	1725
0	1124
37	1481
2	529
5	998
12	1118
0	817
0	1380
20	122
5	437
3	984
11	393
249	302
39	33
0	291
1	3
4	291
0	192
1	266
0	46
1	165
0	154
0	143
0	133
6	38
3	29
14	0
0	1
0	10
21	10
0	8
0	0
0	0
0	0
0	0
0	2
0	2
0	2
0	2
0	0
0	0
1318	228
27	217
0	200
4	151
14	0
0	15
5	12
8	9
5	37
8	0
1	13
3	920
34	1001
0	970
0	698
0	184
0	49
3	663
0	1038
0	1194
3	123
0	306
0	12
0	1193
0	1186
0	1158
61	35
0	9
3	23
0	24
0	22
3	13
0	12
10	0
1	2
0	6
51	168
6	0
12	0
0	1
0	4
0	145
0	46
2701	663
0	349
8	477
0	154
0	0
11	121
1	121
201	188
0	141
1	91
0	94
1	20
44	183
30	285
7	1842
58	1971
12	1767
0	1999
7	1407
2	1842
46	304
1	12
0	43
0	5
0	5
0	39
2	42
0	12
0	0
2	232
17	297
2	168
0	302
5	191
13	60
0	110
0	41
3	17
0	25
0	876
6	111
0	831
0	853
0	880
1	141
0	176
0	123
330	0
0	0
0	837
0	22
0	7
1	22
0	799
3	727
0	50
0	18
0	23
0	32
2	22
0	46
0	187
5	537
0	23
0	25
0	0
0	108
6	0
1	98
0	3
0	3
0	2
0	1
379	387
0	383
4	90
5	169
0	0
0	0
0	1
0	0
0	1
0	0
0	0
0	1
0	0
0	0
0	0
0	6
89	27
0	26
1	5
444	112
0	84
2	82
2	5
3	29
0	80
0	0
0	0
0	0
0	0
0	494
1	269
0	296
0	459
0	465
0	388
11	1
4	44
107	129
6	129
57	1
3	0
1040	1357
0	1313
7	130
1	690
3	201
1	731
1	466
0	217
3	69
0	10
0	5
1	0
0	10
0	7
0	0
3	0
0	0
0	0
0	0
0	259
1	552
1	544
26	583
12	160
6	199
0	92
84	1258
0	1258
6	159
0	132
6	692
2	29
187	588
35	59
137	36
0	7
0	2
26	9
11	18
7	3
0	3
6	150
2	145
0	50
0	0
0	0
0	0
0	2
0	0
0	0
560	463
5	463
7	170
1	158
0	85
12	66
2	9
1	11
0	21
0	31
5	32
9	35
0	13
0	20
0	66
14	78
0	36
0	13
0	26
0	24
0	9
0	0
0	0
0	0
0	0
0	0
0	0
0	0
0	0
0	0
0	56
0	46
0	27
1	13
0	19
14	121
2	1
3	121
10	0
0	0
0	0
0	24
0	28
0	26
0	8
0	3
439	97
17	92
3	94
8	93
1	80
0	0
0	247
3	716
40	424
25	26
15	247
330	1418
19	232
24	454
0	19
0	1488
9	111
2	7043
0	7062
0	2752
4	3432
75	910
0	711
0	225
24	2633
1	118
0	182
2	286
1	7
7	78
0	2633
0	0
8	270
0	270
4	0
0	0
0	0
0	0
0	0
17	0
0	0
0	0
0	0
0	5
0	5
1	2
0	2
0	0
0	0
0	0
0	0
0	0
0	0
1	1
0	1
29	9
0	9
0	16
0	587
43	3
2	168
0	530
0	119
0	171
2	223
0	68
0	216
11	212
0	99
0	484
0	17
0	199
0	95
0	233
2	126
0	71
0	82
3	98
0	74
0	530
0	540
0	294
0	73
0	0
0	0
3	0
188	0
2849	689
0	281
0	361
0	410
13	0
63	3438
0	3206
1	2288
0	2666
0	3042
1	2372
83	2409
0	1909
1	447
0	605
66	291
0	255
0	0
0	0
0	0
0	0
0	0
3	0
0	0
0	0
0	123
0	224
0	304
0	341
0	178
12	292
2	294
0	72
0	94
0	112
0	126
15	97
51	20
468	513
0	228
1	340
0	509
0	97
20	230
0	126
0	156
0	154
4	0
0	0
3	5
10	73
1	16
0	73
1	73
0	73
0	38
0	49
13	49
0	54
119	222
11	131
0	175
0	0
0	0
0	0
2	0
0	13
0	14
0	1
0	14
3	0
0	0
0	0
0	0
0	0
0	0
936	103
1	64
0	55
0	0
27	149
2	149
7	22
5	48
0	15
86	0
0	0
0	0
0	0
8	0
0	0
1	23
0	4
0	1
2	1
0	23
4	576
0	566
1	117
2	164
0	103
0	135
0	50
0	8
36	466
1	68
0	473
29	45
6	75
0	0
2	485
0	485
2	72
0	36
4	0
0	22
1	2
0	2
2	292
1	464
0	49
0	241
0	447
0	461
208	26
0	8
0	2
0	18
35	81
391	464
0	34
0	417
1	22
0	129
0	164
116	123
2	124
0	21
0	20
0	21
0	21
0	0
0	1
0	1
0	0
0	0
0	1
0	0
0	20
0	0
0	0
0	0
0	0
0	0
50	455
0	455
0	29
3	136
3	268
0	0
0	0
0	8
0	0
0	8
0	7
0	1
0	0
0	7
0	0
0	0
0	8
0	0
0	0
0	0
0	0
0	0
0	0
0	0
0	0
0	0
0	0
0	0
0	0
13	469
1	367
1	421
1	315
0	276
0	313
8	99
0	64
34	34
4	5
0	0
0	0
0	0
0	0
0	0
0	1
0	1
0	1
0	0
2	1017
28	1474
1	3
0	1616
0	3
0	1400
329	1473
0	1743
0	2005
0	2320
0	605
48	6
0	328
0	1493
0	2344
0	2299
0	1400
1	1496
0	1091
3	354
1	650
0	1271
6	164
0	741
0	1190
9	595
0	180
0	104
5	300
44	304
0	195
1	52
21	2
266	48
17	25
0	23
178	396
0	396
0	59
1	1
0	1
0	0
195	312
0	219
6	93
1	115
0	77
2	58
0	55
0	51
0	0
0	0
0	0
0	67
209	232
1	38
0	25
3	24
1	31
0	31
0	222
0	13
0	8
0	13
0	11
0	0
0	0
0	0
203	28
21	28
0	0
0	0
1	1969
0	1836
1	106
1	42
12	1810
2	197
0	54
0	54
0	44
0	1
0	22
0	22
0	6
0	9
0	9
0	7
3	0
8	0
0	4
0	4
0	1
0	0
0	3
0	3
0	0
0	0
0	0
0	0
0	0
1228	1275
0	1275
3	111
1	1505
1	0
0	251
0	1505
0	43
0	0
0	0
632	188
1	68
0	65
1	55
0	83
0	16
4	351
0	351
0	20
0	29
1	2
0	144
1	3
2	49
0	32
0	16
0	1
0	1
0	1
0	1
0	0
0	1
0	0
222	799
178	478
0	768
0	522
0	129
3	142
3	127
0	127
0	129
396	56
55	231
0	226
2	231
0	305
0	296
0	26
11	296
0	10
0	0
0	44
0	7
0	0
0	0
0	0
0	0
274	0
1	54
0	57
0	54
0	57
0	29
0	29
10	10
0	32
0	12
13	0
44	368
0	368
69	1690
6	846
13	407
0	1559
0	1121
0	0
0	81
0	79
0	0
0	10
14	4
0	0
4	373
0	361
0	376
0	59
5	87
0	65
2	31
0	0
0	0
0	0
0	0
0	0
0	0
0	0
0	124
1	143
0	143
6	146
0	138
0	98
0	50
0	486
0	390
0	491
0	5
0	65
0	109
0	93
3	0
0	53
0	57
0	84
0	74
0	56
0	74
2	0
0	0
0	0
0	0
0	0
4	26
0	39
7	198
0	171
0	2
0	1
0	12
0	8
0	5
0	177
0	0
0	0
0	0
0	0
0	0
0	0
0	0
0	0
0	0
51	904
2	904
1	180
0	81
19	44
2	197
2	9
0	9
0	0
0	0
6	131
1	131
0	14
15	32
2	19
14	576
0	81
0	110
0	110
2	529
49	132
0	488
0	125
7	239
25	249
0	149
30	4116
2	4121
20	4111
8	203
17	159
1	799
0	134
2505	0
0	0
0	0
0	0
0	0
21	10
0	8
0	2
55	177
0	177
8	152
0	0
184	76
1	42
1	56
43	28
0	22
0	13
0	12
0	17
0	12
0	0
93	983
51	979
0	40
4	106
101	106
0	0
6	0
0	0
0	0
0	0
287	489
1	423
0	363
5	65
1	19
0	2
0	0
0	2
0	0
0	0
0	0
0	0
0	0
0	0
0	0
0	295
1	311
2	89
0	106
10	116
5	125
32	1708
3	134
9	1708
12	69
0	129
13	165
0	30
0	64
0	52
0	3
1	3
0	3
0	0
2	0
0	3
0	0
0	0
0	17
0	15
0	17
0	17
0	6
0	14
6	0
0	496
60	493
0	254
0	51
1	17
1	3
32	26
0	499
11	344
0	280
0	392
0	12
0	59
5	41
0	36
0	173
1	30
3	10
1	1
0	9
537	152
1	152
0	0
0	0
37	5950
2	635
7	402
11	483
664	5976
8	8
16	9
0	1
0	109
0	81
0	70
6	19
0	0
0	0
0	0
0	0
0	0
0	0
0	0
0	0
0	0
0	0
239	635
0	635
0	84
301	674
0	586
0	88
6	352
2	75
9	352
11	39
0	0
0	0
0	33
28	75
4	40
0	53
1	32
0	0
0	0
0	0
0	466
0	466
0	228
0	465
0	311
0	8
35	485
1	702
17	565
17	501
121	28
7	28
0	6
1	6
0	4
0	0
40	0
1	0
0	0
0	0
0	0
0	0
0	0
0	0
0	0
290	123
0	4
0	78
0	88
0	0
12	116
4	116
0	116
0	53
0	0
0	0
18	848
0	828
0	114
0	102
0	152
369	1646
0	1617
0	36
8	200
3	65
0	0
0	0
0	0
0	0
0	0
0	0
0	0
1	0
0	0
0	0
0	0
0	0
0	0
0	0
0	0
0	0
0	0
47	0
0	0
0	0
0	0
0	0
1	0
365	4
6	4
424	0
3	0
1	74
3	76
0	9
1	10
1	7
0	17
27	238
0	71
0	238
3	2805
33	2719
14	419
28	743
21	135
7	240
0	1901
62	2076
0	2290
169	4050
0	45
5	167
2	167
1	0
1	0
0	1
0	1
0	0
0	1
0	0
0	0
0	0
8	201
14	201
15	0
0	0
0	0
0	0
0	0
0	448
0	457
8	161
0	146
1	111
0	117
1	111
0	71
0	55
0	40
2	1
0	409
6	0
2	0
6	0
292	120
7	50
1	16
0	70
60	13
0	7
1	11
16	11
0	1
0	6
0	0
3	6
0	6
128	445
0	112
17	0
0	445
0	419
15	96
5	171
0	99
0	265
12	47
1	241
0	173
0	169
0	121
5	38
15	44
2	153
1	82
0	0
1	0
0	0
0	0
0	0
0	0
84	0
0	0
0	0
0	75
0	81
0	53
0	58
11	68
0	63
0	0
0	4
0	4
0	0
0	0
0	4
0	0
0	1
0	0
0	136
10	141
0	64
0	12
0	74
17	75
0	57
0	0
0	0
0	9
2	9
0	0
0	0
5	949
0	499
0	648
0	284
0	625
0	196
0	637
0	544
2	0
0	0
0	0
0	0
0	0
7	26
3	32
0	32
0	31
0	9
0	29
0	23
0	4
1	439
0	21
47	397
0	84
1	439
846	103
3	103
774	1644
7	647
0	473
0	1195
1	315
4	421
1	0
0	0
0	16
0	8
0	6
0	10
60	82
1	65
26	25
1	0
0	0
0	520
0	1010
3	1060
0	544
476	1108
28	31
9	6
334	584
2	584
13	524
189	508
5	175
0	466
2	433
0	431
0	180
0	57
0	295
1	0
895	562
0	443
2	428
0	410
2	363
0	46
0	504
16	911
1716	911
7	568
0	184
1	686
1	680
3	264
1	395
0	276
1	62
0	0
2	0
1	0
0	0
0	0
0	0
0	0
0	0
8	169
0	996
21	1085
6	1079
0	1163
4	1165
5	91
1	252
0	0
5	0
0	1
3	2
0	1
0	1
0	2
0	2
0	1
0	0
458	362
6	338
1	6
2	156
2	48
0	52
2	72
7	45
1	6
0	0
0	0
1	5
0	4
0	4
0	5
1	4
0	4
0	5
2	0
318	1348
0	857
15	79
2	395
12	353
18	9
0	8
0	26
0	12
0	19
0	0
0	0
0	0
0	27
0	59
0	59
0	24
0	10
0	0
0	1
0	1
0	1
0	0
0	0
0	0
0	0
0	0
0	0
0	0
1382	3113
1	3025
0	670
5	118
0	213
10	78
0	65
8	51
3	52
0	61
0	68
0	78
0	65
0	56
0	60
0	50
0	19
0	6
0	76
614	1899
5	1120
0	203
0	76
0	66
7	123
5	111
0	68
2	68
0	139
0	49
15	495
64	47
38	193
0	269
93	152
0	124
0	117
0	626
28	186
0	620
0	164
40	603
0	609
1	190
7	190
25	620
4	0
0	71
3	75
0	5
4	264
0	261
0	239
0	207
0	38
0	26
4	51
7	37
0	2085
13	99
18	400
0	400
0	1843
1	0
0	1716
9	128
5	44
9	2074
1	77
4	178
5	85
0	85
0	7
6	49
3	32
10	11
0	39
0	28
0	0
0	0
0	0
0	0
0	0
0	0
0	0
8	88
0	50
0	42
0	84
0	77
4	82
0	26
2	18
0	49
109	3131
0	3131
8	231
0	243
0	179
8	0
0	0
4	0
149	275
10	122
0	0
0	0
0	0
0	0
0	0
0	0
0	0
0	0
1001	1216
3	637
5	860
0	826
0	396
4	351
0	352
0	0
0	0
0	0
0	0
0	0
0	0
0	0
0	0
0	0
0	0
0	0
0	32
1	118
0	15
63	190
108	77
2	23
0	68
0	74
0	114
2	1
0	1
0	0
0	0
1	34
0	89
63	303
0	30
0	79
2	21
0	177
68	96
0	786
23	197
21	1159
154	994
0	83
0	197
6	753
0	177
41	41
15	72
6	18
0	46
1	98
0	106
0	786
0	0
22	6
10	56
72	308
2	296
0	122
0	3
0	3
0	1
0	0
0	0
0	0
0	0
0	1
1	0
0	0
0	1
0	0
2	183
148	193
0	25
0	9
444	0
558	15
40	15
0	0
0	3414
0	2277
2	189
0	1725
5	3033
8	236
2	262
6	281
0	358
1	149
61	1037
2	146
6	1244
0	172
0	260
0	252
24	1058
0	148
31	807
4	86
17	92
180	481
4	174
0	3408
0	1735
0	0
2	22
1	26
0	20
0	0
0	4
0	8
0	10
0	14
0	15
0	11
57	11
2	6
0	5
0	2
0	3
0	3
0	0
0	0
0	0
0	0
0	3
107	1132
11	293
27	1004
0	149
0	262
9	409
0	0
4	425
0	135
1	84
0	0
0	0
0	0
0	481
0	453
2	464
0	484
0	474
6	129
0	12
0	32
0	0
0	0
1432	135
1	135
80	0
6	48
2	72
164	84
1	22
1	0
0	36
0	10
0	24
3	1061
19	162
1	132
1	977
0	246
7	953
6	173
40	1530
0	1737
1	183
1	741
9	1593
0	182
0	284
0	583
0	508
0	504
0	611
1	664
11	195
0	11
0	14
0	0
0	0
0	0
0	0
0	6
0	0
0	0
0	0
543	350
2	103
2	247
6	116
9	0
0	0
0	0
0	0
0	0
0	0
0	0
2	439
0	0
0	127
0	1
0	425
3	2
0	2
0	0
0	267
0	0
0	0
107	2806
10	2792
0	925
0	14
0	0
0	0
0	0
0	0
0	0
0	0
0	0
0	0
0	0
0	0
0	0
0	0
0	0
0	4
13	41
3	28
0	105
1	76
6	17
10	22
0	95
0	0
0	0
0	0
0	0
0	1033
1	294
0	303
3	3
5	0
3	163
20	1044
0	1029
1	1383
48	2041
0	1726
1	0
10	53
1	2149
0	0
0	0
0	0
1	0
0	0
0	0
0	0
28	0
0	0
0	0
0	0
0	0
0	1
0	1
0	1
0	1
226	54
1	40
2	7
0	3
0	0
0	10
0	316
151	304
2	213
10	167
0	58
7	0
1	0
0	2634
55	2527
0	172
31	363
1	0
0	576
0	475
21	73
88	224
0	181
0	100
4	32
2	138
279	255
0	174
8	71
72	113
47	492
4	7
2	467
0	165
0	17
0	27
0	11
0	15
0	2
0	1
1	1
0	0
9	23
0	3
0	20
0	20
0	10
0	3
0	0
0	6
0	0
0	0
0	0
0	0
0	2
0	2
0	0
0	1
0	2
0	1
0	1
0	0
0	1
0	0
0	0
0	0
0	0
0	0
0	0
0	0
4	21
50	163
0	165
5	156
85	1037
0	830
2	846
76	207
0	3
0	4
3	1
0	244
2	25
0	349
0	391
0	15
0	57
0	11
0	4
0	15
0	98
0	5
0	332
17	21
25	56
10	71
0	1
0	1
0	0
13	0
1	208
0	234
0	214
0	45
0	33
0	19
50	57
0	10
10	16
0	23
8	62
1	0
0	0
3	105
109	118
0	1
1	12
135	17
0	17
0	1
0	1
0	1
0	1
0	0
0	1
0	1
17	57
3	156
10	160
3	163
2	23
56	1146
0	1159
1	1146
1	158
13	184
0	7
1980	201
8	201
0	45
0	1930
2251	2160
1	268
3	45
1	113
0	0
2	3
4	15
0	14
2	1
3	0
0	1
0	2
5	2
98	124
7	78
0	0
1	4
0	4
0	4
0	0
0	0
0	0
0	0
0	0
0	0
0	0
0	0
0	0
0	0
0	0
0	0
0	0
0	0
0	0
0	0
0	0
0	0
29	190
175	1066
2	62
4	257
48	423
0	231
8	210
0	760
0	2129
13	1961
0	1877
0	960
1	890
1	634
0	183
7	240
0	229
0	58
0	40
0	216
2	58
0	84
5	10
0	0
0	0
0	0
0	0
10	8
0	0
0	0
0	0
0	1
0	1
0	0
0	1
0	1
0	1
0	0
0	1
0	0
0	1
0	1
0	0
0	0
0	1
0	0
0	0
0	0
1109	68
18	68
54	275
0	259
0	280
19	62
0	0
1	0
0	0
8	44
87	960
1	16
1	961
0	158
0	859
10	3
2	145
0	209
0	104
21	0
1	0
33	13
0	3
0	9
0	1
0	1
0	1
0	1
0	1
0	0
0	0
0	0
0	0
0	25
0	15
0	25
373	0
0	0
1626	231
6	231
0	0
0	0
0	0
0	0
0	0
0	0
0	394
0	412
21	139
1	128
3	74
0	51
1	66
0	20
0	0
0	0
0	0
0	196
0	223
1	30
0	42
0	0
2	2
0	2
0	0
0	0
0	0
0	0
0	0
0	1
0	1
4	1543
19	1542
64	1543
1	1325
2	885
0	148
0	195
7	324
0	171
1	105
0	48
13	9
0	1538
2	0
0	0
3	2559
0	2559
0	2202
1	60
1	115
9	94
5	36
0	220
1	163
0	2559
0	1395
0	7
0	0
0	6
0	3
0	2
0	7
10782	2230
77	66
14	904
0	1102
12	1139
0	30
0	30
0	2
0	30
0	30
1	956
0	974
0	563
4	560
0	87
0	61
0	9
91	12
0	0
5	140
79	173
0	55
1	26
1	33
0	145
0	76
0	158
0	12
1	15
1	13
1	374
0	400
1	283
21	169
1	54
0	0
1	0
0	0
2	0
1	0
0	0
534	386
56	0
109	386
0	177
1	56
0	16
140	56
54	347
22	347
103	0
2	6
0	6
0	0
0	0
0	0
0	0
2	0
46	703
0	1177
0	1440
3	68
0	16
0	9
0	0
0	1311
1106	0
0	0
0	0
11	1066
0	1057
11	996
1	1055
1	637
0	193
0	239
27	193
8	29
0	0
0	0
0	0
0	0
1	2
0	2
0	0
0	0
0	0
3	0
0	1
0	1
0	0
0	0
0	0
0	0
0	0
0	0
0	0
1	88
2	35
0	61
1	88
298	167
0	80
1	85
0	66
0	87
20	8
3	77
0	17
2	76
1	3
0	139
7	552
6	528
7	552
2	520
0	0
0	0
0	3830
0	2043
0	3982
0	3859
1	738
0	3242
9	768
0	1748
0	1861
0	2186
0	2529
0	2416
0	2477
0	2468
0	2252
0	2177
0	2168
0	2304
0	2229
0	2281
4	483
2	299
59	405
9	245
1	370
10	392
104	112
512	0
29	2057
0	7560
0	5039
0	7392
109	7310
546	6682
3	575
0	0
0	0
0	0
0	0
0	0
85	503
11	426
0	454
0	57
1	100
1	21
0	84
295	24
0	24
0	3
0	177
52	883
0	860
29	141
7	832
0	107
2	740
0	170
2	103
7	3
5	296
24	90
0	96
0	64
0	8
2	1
9	4
0	4
0	0
0	851
92	4303
0	3760
0	3464
0	2508
2	765
9	510
0	727
22	1774
0	728
13	6
21	206
10	0
0	1
0	1
0	0
997	190
4	47
1	143
0	0
0	0
0	0
0	0
39	499
0	499
1	47
3	118
1	66
0	0
0	0
0	0
0	0
0	0
0	0
0	0
0	0
0	0
0	0
0	0
0	0
7	448
516	446
4	83
0	108
0	45
9	395
503	848
0	512
0	469
2	309
58	38
64	1184
4	846
0	1778
0	826
0	913
5	824
0	1775
0	0
0	0
0	2
0	2
0	2
0	743
0	724
2	656
0	22
15	68
15	332
2	50
0	66
0	29
0	11
566	603
0	419
2	227
0	184
23	51
0	174
0	134
5	81
48	308
72	267
16	59
0	65
0	0
1	13
0	13
0	0
0	0
17	0
2	0
0	0
0	0
0	0
0	0
0	0
0	0
0	0
0	0
0	89
12	112
0	24
0	56
0	23
0	0
1	0
0	0
0	47
0	8
1	0
0	47
0	338
7	345
0	355
67	212
3	2
2	76
0	79
0	72
3	24
0	431
28	79
3	173
0	317
26	192
0	157
176	0
406	202
13	194
0	103
3	0
0	0
6	0
53	0
11	72
14	47
2	6
1	71
2	71
2	35
0	70
0	6
0	1
1	193
9	276
1	275
2	264
7	107
0	64
0	69
0	9
0	41
8	3
0	3
0	0
0	0
0	0
0	0
0	0
1	7
0	12
0	13
0	6
0	1
0	4
0	523
0	0
226	247
30	120
0	120
0	283
0	265
0	290
1	282
19	344
0	36
0	107
2	34
1	94
0	0
0	0
0	0
14	0
0	0
0	0
0	0
0	0
3029	0
258	351
6	332
3	59
481	654
0	25
0	336
0	334
38	336
0	235
0	206
4	176
5	715
3	672
5	671
0	713
0	0
0	0
0	0
488	1201
5	198
13	388
0	1138
0	232
29	494
0	1
22	737
6	80
39	309
0	109
1	54
0	0
0	0
0	0
0	0
4	2
1	2
44	139
3	91
7	34
0	93
1	57
29	40
16	1
5	1
1185	826
37	323
3	281
0	167
1	147
94	29
13	29
0	0
0	0
3	2463
2	2457
0	1351
7	281
0	2167
1	463
0	53
0	33
55	45
0	1
0	1
0	1
0	1
34	32
0	21
5	21
1	6
0	14
0	8
0	8
0	2
0	0
0	0
0	0
0	0
0	0
0	0
22	0
0	0
0	0
0	0
0	0
0	0
0	0
0	0
2	1
0	0
0	0
0	0
0	0
0	0
425	711
9	358
12	607
4	265
12	388
5	159
0	184
0	0
16	0
14	903
50	91
1	20
8	588
7	309
2	804
0	0
7	134
5	82
0	58
3	107
1	40
0	0
0	0
0	0
15	482
4	482
9	2
0	0
0	0
0	0
0	0
0	1791
0	1791
22	605
12	590
0	203
0	231
1	832
0	939
22	939
24	12
0	177
6	177
0	63
0	1
0	1
0	4
0	4
0	0
0	0
0	0
0	0
0	6
0	6
0	6
0	4
0	0
19	194
2	195
30	173
0	169
4	195
148	1174
8	403
0	642
0	98
7	0
22	88
16	120
0	185
0	276
0	219
16	65
12	78
3	288
5	145
0	139
13	3
0	95
1	160
297	424
0	26
0	6
12	400
1	0
0	0
396	5
1	5
0	8499
15	8210
24	6865
2	1147
27	338
0	1227
22	150
3	618
0	0
0	0
91	197
0	186
0	132
3	42
0	84
9	1693
2	1699
10	1696
0	1840
1	359
2	404
0	106
0	130
0	49
0	87
0	58
0	118
0	78
0	115
1	113
0	68
4	70
0	84
0	42
3	33
0	0
4	110
0	109
0	107
0	103
35	102
0	96
26	1162
26	936
7	1102
0	1139
0	1098
0	314
0	585
9	110
1	242
0	162
0	29
0	0
17	176
5	119
0	173
0	67
0	30
0	16
0	42
2	23
0	0
0	0
0	0
0	0
0	0
0	0
106	0
0	0
0	0
31	9
0	9
0	0
0	0
0	0
0	0
1	85
44	156
5	71
0	0
0	0
104	90
4	18
0	72
2747	803
124	32
8	213
92	161
11	135
3	262
0	785
1	240
1	119
0	779
0	153
0	656
13	739
0	26
13	32
0	117
34	437
4082	0
1	8
0	7
0	2
0	0
0	0
0	1
0	47
15	458
3	456
0	407
0	151
0	0
8	923
0	558
5	370
2	537
4	710
7	191
2	677
0	670
0	34
3	55
0	244
0	53
5	28
0	88
1	95
0	47
13	92
0	71
0	57
0	51
0	44
0	22
0	50
2	35
0	33
0	19
0	13
0	15
0	22
3	9
0	24
1	1
0	0
0	0
0	0
0	0
0	0
0	0
2	1
0	1
7	0
0	0
0	0
244	525
2	506
0	388
5	44
0	525
0	0
0	0
0	0
0	0
0	0
0	0
0	0
0	0
0	0
0	0
1	11
49	142
0	142
50	0
0	0
0	0
0	0
0	1207
26	980
700	1187
1	4
0	4
0	3
0	3
0	0
0	3
0	0
0	0
0	0
5	301
0	250
0	707
2	982
0	743
0	51
0	40
14	30
0	767
2	694
0	692
12	0
0	779
0	701
0	482
56	211
0	777
0	734
6	236
0	237
0	239
0	0
0	8
0	8
26	4
0	2
0	0
0	0
0	0
0	0
0	0
0	2
0	0
0	2
0	0
0	1
41	0
0	0
12	0
0	1
0	1
0	0
0	57
0	58
0	56
7	7
6	54
0	51
0	26
0	29
0	24
0	0
0	0
2	0
0	0
1	3
4	3
0	3
0	0
0	1
0	0
0	1
0	1
2	0
532	0
599	980
0	971
1	148
8	59
7	88
0	306
4	187
5	3
0	0
0	0
0	3
0	5
0	5
0	3
10	3
2	47
40	214
43	193
0	200
4	192
3	18
1	21
21	1
917	0
10	914
0	254
5	903
0	903
7	277
0	346
0	5
0	5
0	4257
0	7080
11	3498
0	6436
20	1797
0	3672
0	5718
0	6137
0	6144
0	3053
5	5785
34	6967
0	3666
0	4780
0	4012
0	4676
0	2931
0	2580
0	2604
0	2830
0	3208
0	2829
0	2116
0	1768
0	3283
0	1536
8	2145
0	3212
13	462
84	380
21	1381
0	1
0	0
0	1
0	0
258	66
0	61
27	7
0	0
0	0
0	0
621	640
296	562
2	604
0	142
0	51
0	58
1	96
0	94
0	0
0	0
197	758
50	115
96	99
3	61
0	726
0	113
4	0
0	501
0	0
0	0
0	1928
60	654
0	1896
0	288
0	1898
0	1928
0	0
0	0
0	6
0	0
560	3926
158	3675
29	470
5	1664
0	1325
0	220
0	1067
0	0
0	0
0	0
0	0
10	127
0	211
0	194
0	116
0	191
0	162
0	135
1	50
0	61
59	0
0	0
0	0
0	0
0	0
0	0
0	0
0	1521
0	248
0	1521
1	150
0	150
0	120
0	138
0	98
0	43
0	43
0	25
0	14
3	7
0	1
0	0
0	0
0	0
0	0
0	0
0	0
3317	906
0	857
0	655
22	52
5	40
21	49
0	0
0	0
0	0
554	123
0	123
0	0
13	428
2	0
0	241
13	187
98	752
2	512
1	751
0	284
0	0
0	7
0	3
0	2
0	7
0	7
0	2
399	1483
13	1483
0	0
0	3
0	3
0	1
0	0
0	2
0	0
0	0
0	0
0	0
0	0
22	1967
0	5801
1	5656
10	418
0	1636
1	3491
0	363
12	2373
6	85
0	142
0	3681
52	610
2	400
4	111
1	97
0	87
1	449
0	43
2	898
0	939
123	730
0	691
0	455
4	365
0	162
0	207
17	176
2	105
0	110
3	72
1912	72
0	32
0	40
0	1007
0	1038
3	138
0	171
1	492
0	424
3	455
4	72
2	170
2	60
5	1
4	59
2	40
0	98
5	109
9	54
2	67
2	40
0	0
0	0
0	0
0	0
0	0
0	0
0	0
1	2304
0	2163
0	103
562	2386
1	2289
2	1497
18	896
7	158
13	144
0	320
8	78
64	283
0	343
4	9
0	333
5	79
4	205
0	226
16	2
0	2
1	0
0	0
10	36
0	36
2	310
0	329
0	167
0	3
0	3
0	2
0	0
0	0
12	686
9	680
130	6
0	182
0	21
855	799
1	433
30	515
0	52
7	94
4	146
0	0
0	0
0	359
7	357
2	111
0	278
0	349
0	38
4	40
0	21
0	95
4	117
16	81
0	46
0	9
1	9
0	0
0	0
0	0
0	0
0	0
0	0
0	0
1	0
1	69
0	70
0	2
0	2
0	47
0	0
0	0
0	197
0	179
2	3
0	48
0	50
19	182
1	109
2	76
2	17
2	31
13	3
10	162
0	162
0	336
0	303
0	336
0	308
4	57
0	1952
8	1786
15	194
115	1731
3	568
0	428
100	1668
76	61
0	28
0	19
0	42
5	14
1	37
0	0
0	0
0	0
0	0
109	447
5	286
24	259
0	112
0	99
1	106
1	0
1032	138
4	4
2	5
0	133
0	0
0	0
0	0
0	0
0	0
0	0
0	0
0	0
0	0
0	0
0	0
0	0
0	0
4	0
21	487
60	138
5	487
0	9
0	32
5	89
1	513
52	0
0	141
2	160
50	79
1	482
0	80
26	357
3	0
0	0
0	1
0	1
0	0
1	0
0	0
0	10
0	0
0	120
0	289
2	0
2	250
0	19
0	207
0	356
16	241
0	29
14	137
5	23
0	141
0	126
0	332
0	0
0	11
0	11
0	0
0	0
0	0
6	66
0	63
242	675
8	120
0	592
8	177
42	2
1	453
3	183
0	633
0	632
0	667
0	670
0	651
0	404
0	407
0	387
0	308
0	96
0	94
0	72
8	53
0	19
2	14
0	0
1	594
8	590
0	181
0	102
0	310
0	2
0	2
0	0
0	2
0	0
0	0
0	0
0	1
0	0
0	0
0	0
0	0
0	1
0	924
0	909
2	789
0	740
1	495
0	190
118	197
0	0
0	424
18	131
0	305
20	266
0	28
0	81
0	519
13	79
2	244
1	102
19	209
0	68
0	215
5	40
11	532
0	342
0	190
0	184
8	148
0	0
0	0
1	27
0	18
0	23
0	27
2	25
0	38
0	22
0	35
0	33
0	40
114	288
82	273
88	140
0	94
1	37
0	37
725	406
7	406
18	143
36	149
0	92
0	66
6	66
14	44
1	44
0	9
0	0
0	0
0	2
0	0
0	0
0	5
6	5
15	102
1	74
0	122
0	115
5	83
6	35
1	46
0	99
1	20
0	4
0	29
0	20
0	7
0	9
626	230
0	203
57	0
2	123
1	115
0	41
6	12
2	14
24	5
1	96
949	182
13	164
0	6
2	333
725	541
0	514
11	336
0	342
13	139
0	141
0	172
0	94
0	95
1	23
1	14
0	47
1792	65
1	65
1	8
0	8
0	0
0	0
0	0
0	0
0	0
0	0
75	44
0	44
7	67
4	67
0	0
7	0
0	0
0	0
127	0
0	161
1	136
5	163
57	171
3	59
0	29
0	6
0	6
0	135
198	891
4	152
22	582
0	387
0	783
0	297
0	193
10	2
0	5
0	5
0	0
0	0
0	0
0	0
0	0
0	0
0	0
0	0
0	0
0	0
0	0
18	58
4	47
41	523
784	620
96	594
11	118
0	483
0	155
2	155
3	102
0	101
33	383
16	120
3	97
0	126
0	96
31	38
0	38
2	10
0	10
0	3
4	16
95	20
0	0
0	390
1	52
0	57
0	37
9	54
0	438
0	162
1	124
7	98
4	87
0	1
0	1062
353	1061
11	944
11	357
4	199
2	229
3	281
1	126
0	338
4	1448
7	1378
0	1339
6	207
24	1724
30	555
3	11
0	936
47	166
0	385
0	88
2	33
4	40
2	385
0	387
6	283
1	283
0	0
0	0
42	607
0	192
0	467
12	467
3	84
1	371
1	174
0	188
4	1
813	79
0	481
0	296
0	141
0	515
0	427
1170	1235
0	118
1	109
42	121
7	1043
7	46
12	839
0	142
14	60
3	126
90	317
0	0
0	0
0	262
0	42
310	459
0	365
149	0
1	864
20	863
1	832
1	222
0	55
0	45
3	80
0	20
6	58
0	71
0	96
3	110
0	111
0	162
0	27
0	167
3	0
0	1061
0	1034
3	1059
0	851
8	174
0	166
1	0
0	451
0	391
2	226
0	365
18	115
0	82
0	13
0	59
0	1
0	1
0	0
0	0
0	62
0	1
0	1
6	1
0	2
0	2
0	2
30	2
29	2
0	493
10	493
0	549
0	1
0	16
43	461
0	548
0	3
3	1
2	3
0	3
164	14757
391	1618
0	14756
47	10330
175	581
49	271
995	1381
5	107
15	356
2	351
9	437
0	130
1	328
3	329
38	202
0	33
5	1
0	326
0	163
0	60
0	17
6082	5535
2	5535
0	1997
0	201
31	448
0	414
0	263
7	189
4	480
0	122
0	188
3	79
0	264
0	43
361	0
0	0
0	0
0	0
0	0
0	0
0	0
0	0
0	0
0	0
0	0
0	0
0	0
0	0
0	14541
10	10823
0	14926
388	14615
2	12569
0	0
0	0
0	0
0	0
17	374
0	154
0	73
2	292
11	39
0	292
20	234
0	373
0	373
1	344
1	129
0	179
0	16
1	2
1	330
32	110
0	120
0	460
1	152
0	20
0	20
0	18
0	17
0	1
0	0
0	86
51	271
0	81
10105	4638
122	1822
48	1332
14	492
18	1456
231	357
10	474
0	0
0	0
0	0
0	0
0	0
0	0
0	0
0	0
0	0
0	0
0	4200
1	2162
0	3813
0	819
0	402
4	237
4	0
0	439
0	3530
0	3530
7	4507
0	4512
1	287
10	129
62	1449
6	1448
66	131
3	140
0	48
0	34
465	37
0	36
4	22
0	26
0	0
94	379
0	408
13	345
0	2
0	2
0	153
1	153
0	144
2531	969
91	651
66	297
0	278
0	509
1	6
0	0
0	0
0	6
6	17
0	13
0	2
0	4
0	0
0	0
12	56
0	56
2	13
14	1183
271	4511
1	4509
0	1
0	1
0	0
0	1
0	0
0	835
27	840
8	46
3	20
82	0
79	435
0	331
1	360
1	201
0	130
1	204
0	125
0	118
3	79
9	50
4	0
5	43
1	5
0	11
0	31
0	40
0	0
3	40
0	34
2	2
8	6
2	69
0	150
0	0
0	0
0	0
0	0
0	0
0	0
0	0
0	0
0	0
0	127
1	125
13	21
0	115
0	426
0	212
0	327
8	251
0	401
0	420
0	447
0	408
57	15
2	293
0	70
0	412
0	36
4	18
0	89
3	134
0	141
0	76
0	75
2	119
0	66
0	149
0	114
218	162
0	66
0	29
0	145
1	124
0	118
59	486
1	411
0	58
3	97
0	94
0	117
0	356
1	23
0	402
32	338
4	259
0	338
2	29
0	448
0	395
0	250
0	0
0	0
2	422
7	361
0	336
22	91
0	95
2520	578
0	355
0	223
0	5
0	3
0	5
0	1
0	4
13	307
41	247
0	47
121	457
1	15
13	762
108	320
15	569
0	369
0	437
24	360
2	16
3	119
0	26
0	5
874	303
0	145
1	149
2	94
0	1287
2	73
8	34
0	360
0	207
3	88
11	2
0	62
1	33
2	147
0	45
6	2
8	0
0	183
0	6
1	1272
0	0
0	0
35	81
20	73
114	2035
588	1963
32	1976
0	118
1	208
5	289
1	4
0	6
0	0
0	6
0	0
0	4
0	3
0	0
0	16
0	3
0	7
0	15
9	0
0	16
0	6
0	15
0	3
0	3
0	1
0	2
0	12
0	0
0	3
0	16
0	15
0	0
0	0
0	76
0	86
0	86
4	8
0	0
0	0
0	0
0	0
0	0
0	0
0	0
0	0
9	587
9	604
5	54
0	2
0	2
10	234
0	31
0	297
0	820
1	811
3	740
16	184
36	35
0	0
0	8
1	8
0	6
0	8
0	12
0	0
4	12
0	7
0	7
0	7
0	2
0	0
0	0
0	0
0	0
177	1073
4	226
2	310
28	167
4	16
90	19
13	500
0	500
0	351
75	242
0	103
0	223
16	19
83	0
0	0
0	0
0	193
1	126
28	118
278	0
11	1630
2	1750
334	1697
0	329
1	305
0	157
0	198
0	8
0	0
0	0
0	0
0	715
1	626
4	131
32	136
0	260
0	226
0	208
0	196
1	185
0	137
4	143
0	259
0	174
0	113
0	42
0	18
0	259
0	0
89	84
23	76
49	191
0	121
35	66
5	48
0	58
1591	2006
4	2006
0	0
0	0
0	0
0	0
0	0
0	0
0	0
0	0
0	0
0	0
1265	269
13	69
2	189
11	83
20	84
0	139
0	206
0	206
0	387
5	123
0	357
0	6
0	0
0	10
9	102
248	101
0	0
0	14217
0	12906
286	10427
0	2512
0	1221
0	2187
3	5506
1	2299
16	2260
0	1746
3	1120
0	794
18	679
0	6
109	205
8	2
0	16
2	199
16	42
1	0
24	4
0	24
0	10
6	162
0	42
0	266
0	142
0	446
0	41
0	129
0	384
0	407
37	249
76	6
0	180
0	440
15	152
0	383
2	0
0	506
80	0
0	252
43	114
0	188
6	126
16	322
36	656
10	452
9	421
8	125
82	56
1	99
0	33
0	17
4	84
1	0
0	0
0	0
1	5
0	5
11	4
0	13
0	13
0	1
0	0
0	83
5	76
2	7
5	133
3	48
0	37
0	30
0	65
0	39
0	15
6	8
0	0
0	14
0	11
0	11
0	0
38	707
5	770
15	388
7	51
4	5
1	1970
0	1642
21	5113
14	137
0	4879
0	4758
23	86
0	371
0	1627
2	5
0	5
3	7
0	7
0	6
0	2
0	1
0	0
0	0
61	714
10	598
0	60
0	714
0	1
0	1
0	1
9	1723
0	431
619	3617
7	2100
0	455
18	1561
1	224
0	238
362	263
0	263
2	49
3	151
0	0
0	0
0	0
0	0
0	0
0	0
0	0
30	671
33	674
0	41
2	144
0	134
0	30
9	20
0	20
36	16
0	6
54	5073
0	278
58	96
6	50
3	58
0	94
13	10
0	13
4	3
0	8679
0	8564
0	8586
0	8482
11	615
37	8414
0	125
15	168
3	32
0	1598
3	113
1	689
29	1884
0	474
10	330
0	356
5	324
0	1
8	1684
0	343
51	137
0	193
4	7
0	0
0	7
0	7
0	7
0	7
0	0
0	306
72	21
17	17
0	170
0	308
2	255
0	206
59	62
0	70
0	49
9	33
0	49
0	288
1566	612
0	528
0	464
0	0
0	0
0	0
0	16
1	16
1	16
336	226
0	226
2	63
0	20
0	16
0	3
6	1117
5	1117
5	1020
0	20
0	25
0	16
0	16
0	1
0	25
2	203
4	203
3	38
0	37
0	15
2	10
0	5
0	5
0	5
1	0
0	0
0	0
0	0
0	0
0	0
0	0
0	0
0	0
0	0
0	0
6	0
6	0
166	0
0	0
0	0
0	6
0	1
0	5
0	29
0	5
0	5
0	23
0	18
0	6
0	5
0	0
0	0
0	29
0	5
0	0
0	0
0	0
0	0
305	0
0	2653
2	2435
3	1967
2	1437
3	1141
6	706
0	477
12	192
35	65
0	78
5	911
0	935
35	0
53	24
0	629
0	776
0	942
0	0
2	0
0	0
9	0
0	0
3	305
4	303
34	192
4	24
0	42
2	16
0	12
258	935
10	931
5	489
3	7
0	0
0	0
0	0
0	0
1	2910
279	3960
80	1050
0	0
0	0
0	0
0	1
0	1
0	0
938	377
0	377
0	0
0	0
0	423
0	22
0	25
35	84
0	99
0	328
0	400
89	1810
23	734
0	1806
5	673
0	526
5	41
17	114
2	32
0	298
0	0
0	0
0	0
1	2
1	2
0	0
7	128
1	249
4	395
0	31
3	161
2	29
3	365
7	42
0	137
1	372
0	0
0	0
0	0
0	0
38	0
0	0
0	0
0	0
0	0
1	0
0	0
0	0
0	0
0	1
0	1
0	1
0	32
0	0
0	0
0	1
0	1
0	0
1	281
66	112
3	11
2	107
0	239
7	44
0	188
1	47
10	40
0	0
0	0
5	170
0	162
0	105
0	188
0	0
0	0
0	0
0	0
0	0
0	0
0	0
0	0
0	0
0	0
0	0
0	0
0	0
0	0
0	0
0	0
0	0
0	0
0	0
0	0
0	0
0	0
0	0
0	0
0	0
0	0
0	0
0	0
0	0
0	887
18	883
0	205
7	159
7	164
0	81
0	0
2176	918
6	162
1	756
0	208
0	209
0	202
0	41
0	28
0	26
16	0
0	0
0	0
0	0
0	0
0	0
0	0
0	0
0	0
0	0
17	20
0	11
0	4
0	11
2	0
2	3727
51	3727
9	1
0	0
0	1
0	783
0	800
0	100
8	669
20	8
0	0
0	0
0	0
0	0
0	0
0	1
0	0
0	0
0	1
1	0
0	0
0	33
5	33
0	13
0	13
0	0
0	1
0	1
0	1
781	1809
0	1809
3	302
3	118
0	0
0	0
4	815
5	217
0	497
2	390
2	393
0	0
0	0
0	0
0	0
0	0
0	0
0	0
0	0
0	0
0	0
1	10
0	10
0	0
8	0
3571	0
1728	2927
8	2943
0	2992
35	2362
0	2430
3	235
91	1016
56	331
5	2
0	2
0	2
0	0
0	2
0	0
0	0
0	0
0	0
0	0
0	0
0	0
21	1107
216	3296
2	943
71	346
5	548
11	67
4	422
3	253
0	47
0	426
0	174
0	426
0	45
0	61
0	0
0	0
0	0
0	1
0	4
0	473
0	33
1	0
0	81
0	40
0	120
0	474
0	107
0	178
5	61
0	249
6	35
0	110
0	15
0	83
0	177
0	241
0	429
0	69
0	64
0	62
0	438
0	136
70	1439
3	1439
0	1337
12	21
10	252
14	209
66	5324
27	461
1	1641
12	1158
2	5255
0	328
0	362
38	532
0	2292
1	281
2	396
20	398
5	398
76	1143
7	4018
6	6
2	4012
8	352
3	476
8	393
37	64
0	305
2	305
0	64
820	287
0	153
0	20
81	172
2	105
11	106
0	16
0	523
28	31
5	83
2	523
0	302
14	53
5	49
2	36
0	26
0	148
73	818
4	51
0	724
0	46
1	9
0	51
9	31
0	43
2	234
3	19
0	52
0	771
96	632
7	26
5	105
22	202
2	170
2344	996
0	275
90	91
8	0
10	66
22	117
0	570
0	8
0	0
0	0
0	8
10	23257
1	6340
252	21053
311	20664
19	7379
0	7814
106	1146
199	165
262	173
0	110
1	8
0	0
0	0
0	0
0	0
0	0
0	0
0	0
0	0
0	0
0	0
0	0
7	1187
176	992
0	1784
0	1139
13	1788
202	1802
72	986
42	59
0	330
148	13
2	274
0	3711
2	3393
44	903
16	347
59	186
13	305
0	305
4	75
1	86
8	0
0	0
0	0
0	0
0	0
0	0
0	0
7	0
0	0
0	0
4	0
0	0
0	1
0	0
0	2
0	0
0	0
135	2878
1148	2877
0	0
0	0
0	0
0	0
0	0
0	0
0	0
0	0
0	0
0	0
0	0
0	0
0	0
0	0
4	0
0	0
0	0
0	0
0	0
0	3
0	1
0	2
0	0
0	0
0	0
9	17
0	0
0	0
0	0
19	0
0	0
0	0
0	0
0	3
0	2
2	2
7	1
0	0
0	0
0	0
0	14
0	0
0	0
0	2
0	0
0	0
0	0
0	0
0	0
0	0
0	0
0	1
0	4
0	0
0	2
0	0
0	0
1	4
1	0
0	0
0	0
0	0
0	0
1	0
0	0
8	115
0	0
3	0
21	1
0	0
0	17
0	0
1	6
2	3
16	17
0	6
0	1
0	0
0	0
0	0
0	0
14	3
0	0
4	0
0	0
0	0
0	0
0	0
0	137
0	0
0	0
0	0
4	1
0	0
0	0
892	0
0	0
0	0
0	0
196	0
0	0
0	0
0	69
0	0
0	0
0	2
0	0
116	0
0	0
0	0
0	0
17	196
8	196
0	24
181	2
0	0
0	0
0	0
1	0
60	0
6	0
0	0
0	0
0	0
0	0
0	0
0	0
0	0
0	0
0	0
0	0
0	0
0	0
0	0
0	0
0	0
0	1
0	0
0	17
0	0
0	0
0	0
0	0
0	0
2	0
0	0
0	0
0	10622
0	0
0	0
0	0
0	0
0	0
0	0
0	0
0	0
0	0
0	0
0	9628
3	0
0	0
1	4
0	0
0	0
0	0
0	0
0	0
0	0
0	4
0	0
0	0
0	0
0	1
1	0
9	2
0	1
0	1
17	0
0	0
0	0
0	0
0	0
0	0
0	0
0	0
0	0
0	0
0	0
0	0
2	87
0	4
11	0
0	0
0	0
0	0
0	13
25	43
2	0
9	0
0	0
0	22
1	31
0	0
0	0
0	0
0	0
0	3
0	0
0	0
0	0
47	0
0	0
0	0
0	0
0	0
0	0
2	0
0	0
0	0
0	0
0	0
0	0
0	0
0	0
0	0
265	2
0	0
0	4
0	0
0	0
0	0
0	0
13	0
0	0
0	0
4	8
0	8
10	0
0	0
0	2
2	0
0	0
2	28
0	0
0	10
0	0
1	0
1	0
0	0
0	66
1	57
1	32
0	7
0	50
0	11
0	7
0	2
0	36
0	41
1	27
0	9
0	1
0	15
0	1
0	22
0	8
0	5
0	2
0	2
0	2
0	2
0	2
0	2
0	0
0	0
0	0
93	279
2	9
2	270
6	16
0	87
0	87
0	33
2	58
2	3
5	0
4	24
0	10
230	2614
0	3164
57	1572
0	2679
1	1049
325	1741
1	3095
1	229
0	108
1266	521
3	224
2	282
5	349
0	333
1	0
0	119
0	0
0	0
0	0
0	0
0	0
0	0
0	0
0	0
0	0
0	0
0	0
0	0
1496	1284
59	2
0	64
6	1284
0	155
0	289
0	2
0	2
0	2
0	2
0	2
0	2
0	0
0	0
0	2
13	0
17	378
8	130
0	96
2	382
0	100
0	68
6	33
102	1217
1	1217
85	145
0	43
61	78
6	100
67	1317
134	1317
4	441
196	243
10	197
6	56
0	42
0	35
6	97
11	14
0	18
0	8
0	6
1	9
2	6
0	7
0	5
0	34
0	7
2	6
4	30
0	307
0	307
0	64
1	0
0	307
4	1731
0	3524
0	3331
17	3251
12	286
1	2547
4	64
2	6
31	2457
0	195
3	508
0	100
0	68
4	91
3	91
12	7
1	79
0	33
17	1101
2	2521
0	459
0	571
8	1014
5	944
0	48
0	122
0	89
3	78
2	93
0	61
0	50
3	556
2	59
11	75
22	360
3	20
29	101
0	2220
1	400
5	405
219	0
0	29
3	249
0	221
0	17
2	13
322	150
0	150
0	9
0	10
0	10
0	9
0	7
1	1
0	0
0	2
0	9
0	51
1	2492
0	49
1	2690
37	2492
30	1670
43	2460
217	42
3	37
1	5
1	10
0	10
0	1172
4	180
1	35
0	1089
0	628
1	969
2	971
4	122
0	0
148	668
2	624
4	44
0	30
0	0
0	0
0	0
0	0
0	0
0	0
0	0
0	0
0	0
0	0
0	0
0	0
0	0
0	0
0	0
0	0
0	0
0	0
0	0
0	0
242	545
1	492
0	172
0	80
6	85
0	201
0	43
0	54
0	35
25	2
0	0
0	2997
0	612
0	1105
12	2530
8	36
7	853
52	912
0	0
0	0
0	0
0	3513
2	3417
0	3465
0	3527
14	3057
4	2991
0	1250
25	1418
33	604
37	437
113	333
2	643
1	239
5	789
52	361
0	358
0	146
3	222
1	146
0	232
0	199
61	123
6	286
69	275
1	284
1	159
0	270
0	117
0	43
1	27
2	40
0	32
4	0
0	24
4	0
0	43
0	15
0	265
0	160
0	113
0	453
6	299
7	453
0	0
0	0
0	0
0	0
0	0
0	0
0	0
0	15
0	0
0	0
218	1064
0	973
9	61
1	279
12	23
12	42
4	85
0	0
0	0
0	0
177	70
0	0
0	0
0	0
0	0
0	0
0	0
0	0
4	543
17	554
5	483
0	540
0	77
0	125
1	28
0	37
0	19
1	0
0	0
0	0
0	0
0	0
0	0
0	0
0	0
3450	152
7	152
2	248
0	721
2	343
6	525
4	175
2	493
4	63
2	97
15	0
0	0
0	0
0	0
0	0
0	508
0	343
0	658
20	1293
185	12
0	432
0	94
0	271
184	23
1	88
41	377
0	129
20	224
91	43
33	681
0	405
17	10
0	3
0	10
2	4
0	4
0	3
0	117
0	111
5	105
0	8
0	36
803	0
0	53
0	53
0	0
0	0
0	0
1	239
1	239
5	36
0	0
0	0
0	0
0	0
0	0
0	50
3	163
2	163
0	122
1	95
2	46
0	0
0	0
0	1
0	1
30	7
1	11
0	7
720	784
0	381
7	480
0	480
0	304
67	0
0	0
0	0
0	0
16	1345
1	1345
1	84
0	36
4587	855
1	311
3	38
2	320
1	147
0	7
0	0
0	7
0	7
0	1
0	0
0	0
0	0
0	6
0	7
0	7
0	3
0	1
0	3
0	0
0	0
0	1
0	0
420	212
0	65
5	183
0	51
4	52
21	108
7	153
1	4
4	28
0	4
2	7
0	45
21	0
0	0
0	0
0	0
0	0
0	0
2	2
0	2
0	0
0	0
0	3
0	0
0	11
0	11
0	12
0	9
0	0
2	1
0	0
0	0
0	0
6	18
0	8
0	5
0	1
0	6
0	4
0	3
0	15
0	11
4	377
119	377
8	18
0	13
0	13
0	0
0	0
0	0
0	0
0	0
0	628
1	0
1714	2237
0	2109
8	1725
0	1358
0	1397
0	214
37	298
217	57
0	268
12	166
0	141
58	40
10	570
8	564
0	544
0	440
3	42
4	98
1	183
0	1079
0	1159
0	187
0	676
0	326
0	247
0	247
0	179
10	161
0	37
0	1129
0	0
75	16
7	16
0	20
0	18
0	3
0	2
0	3
0	2
14	1
2	1
0	0
0	0
0	0
0	0
0	8
0	11
0	2
6	2
4	9
0	0
0	0
0	119
4	4
6	121
19	114
11	0
9	461
5	516
0	133
2	81
2	108
0	139
54	7
2	7
140	344
0	41
1	298
3	38
10	19
0	0
0	152
37	63
14	27
0	36
0	36
0	2771
8	2731
38	2621
4	5
0	352
1562	351
36	351
0	4
0	4
0	2
0	4
5	2
0	2
5	0
0	4
445	538
825	563
0	25
11	0
0	0
0	0
0	91
0	0
0	91
0	171
0	625
0	439
3	353
2	308
385	0
0	25
0	16
0	6
0	0
0	0
0	0
0	0
0	0
0	0
117	94
0	72
7	74
0	18
0	20
0	91
0	69
2	14
1	22
0	15
0	1
0	10
0	0
0	0
19	670
8	100
0	286
12	547
0	673
0	140
28	493
1	743
5	36
0	23
1	36
0	0
0	0
0	0
0	0
0	0
0	0
0	0
0	0
0	0
0	0
0	0
0	0
0	0
0	93
26	331
1	343
0	28
0	36
0	108
0	114
52	116
0	38
1	137
65	1938
0	1663
1	437
0	528
0	592
2	80
4	312
7	91
3	372
5	208
0	191
0	619
0	111
0	619
25	186
0	162
0	0
0	0
0	0
0	0
0	0
0	0
0	0
0	0
0	0
0	0
0	0
0	0
1	0
0	0
0	0
0	0
35	101385
2	85
7	95
0	95
0	63
2	0
24	0
0	0
0	0
0	0
0	0
0	0
0	0
0	0
0	0
0	0
0	0
3	0
0	0
0	0
0	0
0	0
1	0
0	5
0	0
0	0
0	0
0	0
0	0
0	0
0	0
0	0
0	39
0	34
2	25
0	32
0	6
4	36
0	40
0	23
1	19
0	8
0	6
0	4
0	0
0	0
0	34
0	34
0	37
0	38
0	0
0	0
0	3
0	3
0	0
0	0
0	0
44	30
0	30
0	0
0	0
0	0
460	0
0	0
0	2
0	2
0	0
0	2
0	2
0	2
0	0
0	0
0	0
0	0
0	0
0	0
0	0
0	10
61	195
2	137
1	147
0	53
117	1882
0	1684
1	1730
0	1733
5	92
20	0
3	328
1	0
0	100
0	55
0	32
0	79
0	96
0	45
0	96
0	86
0	21
0	46
5	7
0	0
2	16
0	16
0	0
0	0
0	0
40	427
0	431
1	344
62	237
0	6
0	153
4	45
0	119
722	407
12	0
0	0
0	0
1	2
0	1
0	1
0	1
0	1
0	1
0	0
0	0
0	0
0	232
3	223
1	34
5	6
0	68
11	76
0	37
0	41
3	8
10	406
0	478
11	871
1	776
0	110
0	5
0	2
0	2
0	5
166	1992
3	407
14	670
16	71
2	416
21	131
120	508
9	441
2	388
0	377
0	128
267	256
2	22
5	68
8	162
0	160
6	150
0	161
0	129
0	114
0	150
9	0
0	2
2	2
0	0
0	0
0	0
0	0
0	0
0	0
0	0
0	0
0	0
0	0
107	1366
30	1253
4	440
19	285
0	279
0	31
0	28
0	27
0	0
0	36
59	56
6	51
0	56
0	124
1	122
2	118
5	0
1	102
1	3
0	15
1	8
0	6
0	6
0	64
0	55
0	0
0	0
0	998
81	900
0	943
0	665
1	808
0	391
0	0
0	0
0	531
0	510
2	491
15	503
1	205
0	510
1	267
0	267
555	567
3	567
0	259
2	30
4	36
0	0
0	0
0	0
0	1
0	3
0	3
0	1
0	1
0	0
1	0
0	0
0	0
0	0
0	0
0	0
0	0
0	0
0	0
0	0
110	482
1	350
0	342
22	136
13	314
0	466
3	132
0	175
0	153
0	0
0	0
0	0
0	0
5	198
9	37
32	193
0	14
0	174
1	1
0	1
0	0
0	0
0	0
0	1
0	0
44	39
0	31
0	10
0	34
0	18
0	22
0	7
1	7
0	0
9	173
3	258
7	681
7	450
7	670
1	149
0	110
1	167
2	130
7	110
2	70
1	24
0	681
0	0
0	1
0	0
0	1
0	0
0	1026
0	238
0	0
0	0
392	79
0	47
7	34
15	3
0	3
0	0
0	0
0	0
0	0
0	0
0	0
0	0
0	0
0	1023
0	235
1	1
0	1
0	0
0	0
9	1557
0	1553
0	343
0	196
0	1632
9	118
6	469
1	358
0	0
543	186
0	103
0	41
46	14
2	27
3	23
2238	117
0	117
0	85
0	26
0	0
0	0
0	677
3	674
0	672
0	172
0	21
0	0
0	0
1	0
79	24
0	7
0	7
3	10
2	3
6	5
3	6
3	398
0	344
2	111
4	172
7	23
0	70
10	17
0	0
0	0
0	0
756	371
0	282
0	184
39	122
0	155
0	0
0	0
0	0
0	0
0	0
0	0
0	0
0	0
0	0
0	335
3	327
0	294
30	91
73	199
0	58
31	0
1	141
0	15
0	0
0	0
0	0
0	0
0	0
0	0
0	0
0	197
155	1068
11	115
0	376
46	820
2	26
0	195
1	79
0	122
0	0
0	0
0	0
0	0
0	0
0	0
0	0
1274	269
11	0
6	269
5	117
11	767
0	1192
0	1219
24	770
4	223
0	0
0	0
0	0
0	0
0	0
0	0
0	0
0	0
0	0
111	708
0	59
29	653
1	173
3	83
3	9
18	8
0	0
0	654
0	813
0	626
2	654
0	794
0	504
4	692
16	227
5	269
0	138
0	108
0	33
1	31
5	32
117	0
0	0
0	0
0	0
0	0
0	0
0	0
0	0
0	0
0	0
461	3129
1	2345
1	869
0	37
120	403
48	692
82	0
0	17
0	0
0	4
3	103
0	17
0	27
0	101
0	20
0	103
0	27
0	2
0	20
3	6
2956	53
1	0
0	0
0	0
0	0
0	0
0	0
0	0
0	0
0	0
0	0
0	0
0	0
0	0
0	1
0	1
0	1
0	1
0	2
0	2
0	10
0	8
0	0
0	0
59	0
0	58
0	57
0	64
0	0
1929	1375
12	603
1	684
2	115
0	415
14	344
0	147
12	0
1	0
2	10
4	100
0	93
10	7
0	18
0	1
2	19
0	0
29	19
8	19
710	578
0	604
70	414
0	0
0	0
0	0
0	0
0	0
315	129
1	129
9	28
1	44
0	25
153	131
12	28
0	0
0	0
0	0
0	0
0	0
0	0
1	630
0	4
0	2
1	482
3	51
0	4
0	263
37	145
10	186
0	247
2	435
38	159
0	105
0	110
0	160
0	14
4	23
28	15
8	42
6	56
1	84
13	72
0	0
1	259
2	260
3	504
1	374
0	500
0	29
191	499
1	257
0	2
0	2
1	178
0	43
9	23
0	2336
0	1696
0	2201
368	2460
90	3
0	419
4	1039
2	643
0	849
7	675
11	636
0	523
10	252
0	131
0	23
2	11
0	4
21	0
46	98
0	2
4	17
3	75
0	17
0	793
0	22
3	772
0	271
44	780
2	800
2	749
0	214
54	266
14	104
0	106
1	0
0	287
0	272
0	193
8	142
17	70
7	0
0	112
1	45
0	92
0	38
0	46
23	17
0	19
1	23
0	27
0	10
0	12
0	23
0	283
0	267
0	248
0	112
0	184
0	253
0	266
0	163
0	211
2	75
0	135
0	208
0	6
0	38
0	147
0	51
0	0
2	2
0	1
0	2
0	1
0	0
0	0
0	1
0	0
0	1
0	0
0	0
39	208
8	208
8	1923
15	1799
0	1821
0	1748
1	1840
2	1844
0	1849
12	416
0	491
0	0
8	299
0	296
0	780
0	285
87	984
15	721
0	428
4	207
184	646
2	513
1	371
0	0
0	0
0	0
0	0
19	6
0	1
2	0
0	0
0	0
0	0
0	0
0	0
0	0
2	305
3039	697
15	2
0	160
0	634
0	0
0	0
0	0
391	1526
23	985
1	2
0	2
0	2
0	0
0	0
0	0
0	0
0	2
1	102
0	100
0	103
3	62
0	0
0	0
0	0
0	0
191	0
25	1239
31	844
0	0
2	1197
6	964
10	582
0	0
0	0
0	0
0	0
0	0
0	2
0	3
0	3
0	2
0	370
0	385
3	132
0	86
6	14
0	0
0	0
0	0
0	0
0	9
0	9
0	3
0	0
0	0
0	2
0	2
0	1
1	320
0	252
0	330
0	14
4	86
0	66
1	31
0	0
0	0
0	0
60	630
1	292
0	435
1	162
0	449
10	338
4	332
10	134
0	9
0	9
259	41
0	30
17	17
0	229
0	334
233	337
2	243
1	218
0	157
0	0
0	0
0	0
0	0
0	0
0	0
0	0
0	0
2	612
1	998
290	1027
2	924
29	75
0	58
0	56
0	4
0	0
0	0
0	3
0	8
0	0
1	0
0	58
0	0
0	0
0	0
0	590
0	0
0	0
0	0
0	0
0	0
0	0
0	0
0	0
0	0
0	0
0	0
0	0
0	0
0	0
0	0
0	0
0	0
0	0
0	0
0	0
0	0
0	0
0	0
0	0
0	0
0	0
0	0
0	0
0	0
0	0
0	0
0	0
0	0
7	2
1	2
0	0
0	0
0	0
0	0
0	0
0	0
0	0
1834	985
0	792
5	46
0	4
1045	1
300	368
0	368
0	19
0	273
0	236
0	273
1	257
0	273
0	45
0	107
0	73
0	198
5	94
0	28
0	103
0	66
0	129
0	92
1	33
5	70
4	66
0	108
7	74
0	109
0	109
0	86
1	78
0	86
1	76
0	86
0	0
0	0
0	17
0	13
0	138
0	113
4	100
0	37
10	0
0	35
491	2454
1	110
53	2430
0	2538
3	9
1	182
1	1
7	1462
0	0
0	1
0	1
0	1
0	1
0	0
0	0
0	0
32	0
0	480
21	0
0	480
0	0
0	0
0	0
0	0
0	0
0	0
0	0
90	2193
0	0
0	0
0	0
0	0
0	0
0	0
0	0
0	0
0	249
0	93
0	0
0	0
8	0
37	2
1	2
0	0
0	0
0	0
0	0
0	0
0	0
0	0
0	0
0	0
0	126
0	373
0	333
7	223
0	265
3	272
5	40
908	244
7	162
2	82
1910	0
58	172
0	192
0	149
3	149
2	62
0	1
0	1
472	180
11	47
1	157
1	3
0	4
0	7
0	4596
3	9
2	4502
74	4593
0	4453
0	372
0	2948
10	354
18	18
0	122
0	281
20	715
2	344
5	181
0	240
3	226
47	45
0	21
6	45
0	26
0	27
3	7
16	8
0	8
1727	1104
0	222
0	480
0	411
1	319
0	23
0	1
0	1
0	0
0	0
0	1
0	0
201	0
42	675
0	441
23	334
125	24
0	24
0	16
2	8
0	2
0	0
0	0
0	0
0	828
3	1047
12	267
81	803
57	78
1	112
1	980
34	389
5	0
0	0
0	0
0	0
0	0
0	0
0	0
0	3
0	65
1	312
3	45
0	100
0	262
0	82
0	73
58	104
0	24
0	145
0	30
0	16
1	0
49	51
3	32
0	12
0	5
0	17
8	0
17	11
0	11
0	6
0	5
846	0
0	0
0	0
0	0
0	0
15	20
29	1813
1	396
2	1758
10	132
0	134
0	24
5	15
0	0
0	0
0	0
0	0
0	0
0	0
0	15
169	163
3	22
0	144
0	38
0	19
3	2
0	1
0	0
0	38
20	1881
9	1858
3	1875
0	1785
133	1299
21	425
5	920
0	1876
2	156
0	16
28	156
0	30
0	113
0	34
0	24
0	70
0	71
0	45
4	39
0	6
2	31
86	38
1	0
0	0
0	0
0	0
0	0
3	341
1536	341
0	6
0	5
0	5
0	0
0	0
0	0
0	0
0	0
0	0
0	0
3	0
0	248
9	28
0	46
0	28
4	248
23	203
3	50
0	35
27	18
0	18
2	624
1	615
0	133
0	337
0	243
2	238
0	192
11	173
0	168
0	106
1	51
0	50
1	0
0	3
7	0
0	619
0	621
1	547
1	877
0	1089
1	357
10	401
21	479
0	147
57	72
9	23
0	243
12	91
0	49
34	11
0	8
1	243
4	102
1	183
1	118
1	183
0	0
96	334
3	79
16	255
0	134
4	80
0	0
0	1
0	1
0	1
0	1
0	0
0	0
0	0
0	0
0	0
0	0
0	0
0	0
0	0
0	0
0	0
0	930
13	475
0	225
0	121
5	70
2	164
0	136
0	66
0	930
1	294
27	124
1	22
0	48
11	0
11	109
10	32
2	84
4	28
10	1211
1	1211
0	6
3	137
0	113
1	0
0	0
0	0
0	0
0	11
18	3
48	618
9	618
3	62
30	60
0	57
0	0
0	0
0	0
0	0
0	42
0	37
0	40
0	23
0	34
0	26
0	2
0	16
1	31
6	8
2	9
0	9
5	7
0	39
3	242
14	351
4	265
0	27
0	303
0	0
1	0
0	0
0	0
0	0
0	0
0	0
0	0
18	53
0	0
0	5
1	5
0	18
0	0
0	55
3	3
0	0
0	673
5	0
23	673
6	9
0	9
0	0
0	0
0	0
0	0
0	0
0	0
0	0
0	0
0	0
0	0
0	0
8	0
0	3
0	3
0	3
0	0
0	0
0	0
0	0
0	1
0	1
0	1
0	0
0	0
0	0
0	0
702	0
518	1686
0	114
2	835
1	956
0	671
0	965
0	856
21	372
0	519
9	709
0	0
58	19
1	0
2	8
0	11
2	2728
16	882
1	122
8	166
0	183
2	189
0	110
0	2728
1	3220
0	241
280	2117
0	641
0	2959
0	3119
0	3053
0	895
0	2600
1	419
0	2994
0	1637
0	297
0	1926
0	2678
0	1905
9	135
0	1597
0	0
0	0
0	0
0	0
42	909
1	111
1	838
7	88
0	93
21	645
9	15
0	29
3	106
2	32
37	625
0	625
10	80
0	71
0	2
0	89
0	6
1	5
12	81
2	194
0	51
2	2
0	2
0	0
0	0
0	0
1	0
2	0
0	0
0	81
0	77
1	77
0	13
0	0
0	0
172	148
0	141
0	7
0	43
0	0
0	0
0	0
0	0
0	0
0	0
0	0
0	0
0	0
0	0
0	5
0	1
0	1
0	1
3	0
106	10
5	15
7	5
0	0
20	0
0	0
167	83
7	34
3	19
0	24
0	25
2	30
0	0
0	0
0	0
0	0
0	33
30	3045
14	3045
14	104
3	1624
2	75
0	28
0	136
4	87
77	77
1	0
0	0
0	0
0	1
0	2
0	2
0	0
0	0
0	1
0	0
75	473
2	461
4	249
0	605
0	262
0	232
0	167
109	0
0	603
5	5
0	2
0	3
0	3
3	0
0	0
0	0
0	0
0	0
0	0
1	48
1	279
0	311
1	271
0	313
1	295
0	314
7	244
0	129
6	5
9	95
1	52
2	0
0	52
6	699
6	666
1	2
88	3
0	454
0	664
19	180
6	155
0	155
0	23
0	23
0	58
9	2195
0	273
0	1912
46	500
12	319
19	72
4	182
0	18
0	18
0	18
0	17
0	13
0	2
0	2
234	0
171	23
0	22
2	1
0	2992
0	2943
9	2339
7	1848
77	204
340	2953
0	117
21	113
0	79
0	45
0	111
0	118
33	35
1	35
0	13
39	564
0	136
0	34
0	47
0	59
57	18
0	14
18	23
3	27
44	564
0	1
0	0
0	0
0	1
0	61
55	3698
15	2715
73	3674
10	0
0	167
3	166
0	242
3	40
19	24
5	312
0	0
0	0
0	0
0	0
0	120
0	104
0	91
1	5
0	120
0	28
544	153
0	55
3	14
0	84
0	0
0	0
0	0
0	0
0	0
0	0
0	0
0	0
0	0
0	0
0	0
2	5
59	5
25	16
0	16
0	35
0	34
0	31
0	0
0	0
0	0
31	5732
0	5722
51	5319
0	5720
3	5272
0	438
50	901
0	0
0	0
0	0
0	0
0	0
2	0
0	195
3	195
0	0
0	0
0	0
0	0
0	0
0	0
0	0
0	0
0	0
0	118
4	127
0	117
13	27
0	24
1	18
0	68
0	65
0	70
0	67
5	64
0	33
43	0
0	117
0	0
0	196
5	37
42	209
0	131
0	19
0	0
0	0
0	0
0	0
0	0
2	120
0	69
1	0
0	0
7	39
1	37
4	44
9	5
2	1
0	0
0	0
0	0
0	0
0	253
0	216
0	126
5	231
0	0
0	0
0	0
0	0
0	0
0	0
0	0
0	0
0	1
0	0
0	1
0	2
0	2
0	0
0	0
0	2
0	2
23	3307
86	3313
3	2659
1	2649
0	3322
1	1427
14	1061
30	275
0	0
141	767
23	767
32	643
0	31
37	14
0	40
65	106
2	60
0	37
1	58
2	54
0	42
0	42
0	42
0	19
0	51
1	51
29	1
0	1
2	4
0	10
0	17
0	6
0	43
0	14
0	106
42	118
0	9
0	1
0	0
0	0
0	0
0	1
1	4
9	4
0	0
0	0
0	0
0	2
0	1
0	1
0	1
0	1
0	0
0	0
0	0
8734	5715
0	5720
0	1203
1883	111
13	398
5	16
5	34
17	72
9	398
3	0
1	138
0	138
0	138
1	138
1	75
0	0
0	0
0	0
0	1648
59	1648
24	35
1	211
0	0
0	0
28	8
0	7
0	2
0	1
0	1
1	1
36	662
13	152
3	60
0	683
0	251
3	34
1	43
0	46
31	25
1	38
1	33
0	6
0	1736
0	139
20	1171
1	1248
0	525
18	186
0	1609
0	0
0	2
0	2
0	0
0	0
2	5
0	0
0	0
0	0
0	0
1	5
0	20
15	24
0	24
0	17
0	24
0	0
0	0
0	0
0	0
0	0
0	0
101	202
0	40
0	82
0	8
4	94
2	50
10	399
1293	9755
9	1772
7	1660
1	1025
4	9710
60	40
6	40
0	10
0	37
0	423
3	576
4	570
0	12
1	108
1	95
0	579
27	0
0	0
19	0
52	691
11	820
728	1631
2	37
0	81
2	879
1	447
24	238
0	1032
0	175
16	1487
48	1413
0	184
9	468
0	27
27	226
0	43
1	72
2	38
4	0
0	0
0	7
0	12
0	3
0	0
0	0
7	21
0	4
4	18
0	1
0	0
0	0
0	0
80	107
0	107
8	9
3	5
483	7222
0	15114
77	17753
0	7816
3	7374
15	1974
208	342
1	342
4	0
15	0
0	1
0	0
0	0
0	34
0	34
0	35
4	10
3	10
3	13
663	0
10	12
0	12
0	0
1	6
0	0
0	0
0	0
0	0
0	6
0	5
0	6
7	6
0	0
0	0
0	0
0	0
0	5
0	0
1	0
0	90
5	87
0	90
1422	389
6	159
3	107
72	123
0	0
0	0
0	0
147	3664
1	3603
14	61
0	246
20	372
9	281
3	604
0	0
0	0
0	0
0	0
0	0
0	0
0	0
0	0
5	628
0	628
0	0
0	0
0	0
0	0
0	0
0	3
5	70
0	70
0	3
0	64
0	8
0	14
292	63
0	35
0	28
575	257
5	80
0	202
0	119
0	0
0	0
0	2
0	0
0	2
0	0
0	0
0	0
0	0
0	0
0	0
1	0
0	0
78	121
0	63
1	24
61	655
0	655
0	642
0	185
0	177
0	39
0	27
0	51
0	35
0	40
0	146
0	73
1	0
0	0
0	0
0	0
0	0
0	0
0	0
0	0
0	0
0	0
0	0
0	0
0	0
0	0
0	243
0	127
0	93
2	144
0	204
0	13
3	2
14	92
8	11
0	205
0	0
0	0
0	0
0	0
0	0
184	1938
2	1858
0	129
6	63
10	68
1	855
6	968
0	30
1	1
0	1
0	0
8	30
24	1515
0	1635
1203	1635
0	842
0	193
0	194
0	43
4	21
0	141
1	6
0	174
1	175
0	166
0	53
1	39
0	50
0	12
0	21
7	4
0	22
0	9
4	0
0	0
0	0
0	0
21	366
0	78
2	52
0	21
0	22
0	259
1	37
0	40
0	324
3	46
0	322
0	322
0	324
4	4505
0	3217
0	3239
0	1085
0	726
0	420
16	1082
1	526
0	521
7	212
0	4556
3	4517
0	192
0	4685
0	4002
3	3466
0	88
18	88
1	33
48	1323
469	1617
0	933
150	10
1	118
1	32
8	150
9	18
10	138
2	109
13	96
0	1
0	1
0	1
0	0
0	1
0	1
0	2
0	2
0	322
31	5
0	39
0	0
0	0
0	0
0	0
0	0
0	0
0	0
0	0
0	0
0	0
0	0
1	5
0	0
196	167
0	495
47	482
0	82
0	0
8	52
7	8
0	2
77	10
0	0
20	0
0	0
0	0
0	0
0	0
0	0
0	0
853	0
0	0
0	1062
0	108
0	108
0	40
0	1040
0	1123
6	1027
10	1
0	693
0	111
5	122
0	281
2	605
2	237
3	139
0	0
0	0
0	0
0	0
0	0
0	0
925	3253
6	3197
111	263
101	612
0	4
0	13
0	12
0	14
0	3
0	14
0	4
0	9
0	0
0	0
0	20
0	13
6	20
0	0
0	0
0	0
0	0
0	0
0	0
0	0
0	616
0	614
0	101
0	26
0	0
7	17
0	18
0	0
0	617
188	151
0	151
8	297
0	306
0	294
1	88
3	76
3	40
0	83
8	83
0	0
1628	2447
0	2440
18	1836
81	386
0	0
2520	0
0	0
0	0
0	0
0	0
18	40
291	439
0	458
16	260
0	3
0	106
0	100
0	107
0	101
0	100
0	29
0	28
1	4
17	4
0	106
0	0
0	4
0	0
0	0
0	0
0	0
0	0
0	0
0	0
1	11
0	271
1284	271
350	217
0	271
0	0
0	0
0	0
0	0
0	0
0	0
0	9424
2	154
1	9376
0	6
0	6
0	0
0	0
0	0
0	0
0	0
0	0
0	0
0	0
0	0
0	0
0	0
0	0
43	1342
8	631
104	197
0	124
1	70
14	400
5	681
3	426
2	127
1	89
0	28
0	50
7	0
254	16914
30	16737
0	16675
22	16649
6	3976
109	801
0	16913
2	18
6	14
0	41
0	41
0	465
182	488
4	35
3	2
2	0
0	42
15	12
3	31
3	1
0	0
166	130
1	121
0	116
0	22
0	0
676	202
0	29
0	28
3	104
0	12
2	93
3	192
14	192
5	8
0	2
0	1
0	0
0	0
0	0
0	0
0	0
0	0
0	0
0	0
0	0
0	0
0	0
0	0
0	0
0	0
0	0
0	0
0	32
0	32
0	1
0	1
0	0
0	0
0	0
0	0
0	0
0	0
28	225
0	59
0	69
3	206
0	122
0	74
8	25
2	60
0	60
44	45
2	3
0	3
0	3
0	0
0	0
0	1774
0	73
10	1618
1	1263
3	62
0	460
5	202
10	118
6	78
0	1691
3	206
3	382
0	236
0	0
0	0
0	0
0	0
0	0
0	0
0	0
0	1
0	0
0	1
0	0
0	13
384	291
15	291
0	195
5	25
26	204
11	161
0	36
0	55
0	0
0	0
0	0
0	0
0	0
0	0
0	1
0	0
0	0
0	0
0	1
0	1
22	757
10	152
0	166
0	761
123	1288
10	1205
0	1128
28	986
9	1005
1	181
2	133
0	82
0	70
0	101
0	7672
8	71
2	369
0	40
1	110
151	1732
70	120
24	7672
284	222
0	48
2	14
1	19
2	72
13	39
0	40
0	42
0	31
7	9
3	0
7	0
18	0
0	9
0	32
0	927
0	880
3	90
130	32
0	859
0	906
0	41
0	40
0	41
0	39
0	11
0	8
0	1
0	3
0	3
0	3
0	0
0	0
1	0
0	0
0	0
0	0
0	0
0	0
0	0
0	0
0	0
67	39
0	7
15	32
9	6
7	29
3	45
3	18
0	11
59	8
0	2
5	0
0	15
0	8
14	1
3	166
0	0
0	933
0	800
41	751
0	209
11	80
28	32
110	11
0	0
0	0
0	14
0	228
0	37
0	12
0	12
0	12
1	7
6	8
1	176
0	235
0	0
0	0
0	75
21	225
12	1
0	16
0	149
481	403
2	317
0	35
0	205
1	132
0	288
193	4036
31	4138
4	4096
0	4128
0	754
2	614
29	114
1	103
0	109
2	78
23	0
0	0
12	0
0	10
11	1
19	7
9	39
0	60
1	1159
0	185
0	1139
0	453
0	6
1	37
1	53
0	412
0	4
1	106
0	81
0	26
0	53
0	51
0	653
301	486
0	32
12	459
2	0
8	0
5	234
0	0
0	83
9	83
52	518
73	518
26	0
0	0
0	0
0	0
413	1853
0	1566
76	390
42	102
8	200
78	6
4	394
163	330
4	293
2	144
0	0
0	0
0	36
0	5
0	21
0	33
0	21
260	202
6	65
0	170
0	101
0	98
0	43
0	0
0	0
0	0
0	0
0	0
0	0
0	1359
18	196
55	1255
0	69
17	1244
0	0
147	455
0	448
14	165
6	10
4	77
0	71
21	27
5	1
0	0
0	0
0	0
0	0
0	104
1	109
0	102
904	84
3	84
0	0
0	1
0	1
0	1
0	1
11	275
0	17
5	274
0	64
3	0
0	0
0	0
0	0
0	0
0	0
0	0
0	0
0	0
0	0
0	0
0	886
0	154
16	150
9	0
2	886
17	278
0	287
0	281
0	283
0	239
13	28
0	18
0	122
11	120
0	11
0	16
0	79
1	64
1	41
4	20
0	0
0	0
315	1193
16	896
0	251
5	198
45	297
0	173
371	303
0	303
96	711
26	694
0	230
0	0
0	0
41	2126
6	2073
0	242
1	1970
0	2079
0	2022
0	2025
0	1980
0	2052
0	2051
0	2109
0	2036
0	2063
0	2148
0	1972
0	2057
0	1968
0	2037
0	1994
0	2068
6	97
13	201
4	142
10	33
69	83
0	2125
237	2299
2	222
0	2165
65	148
41	0
18	71
7	794
24	0
0	0
0	0
0	0
0	0
0	3
0	3
0	3
0	3
0	3
0	0
0	3
0	3
0	3
0	3
0	3
162	215
0	18
3	124
2	75
2	87
0	0
0	0
0	0
150	490
9	121
11	245
8	68
0	215
0	133
0	24
3	44
1	30
0	117
4	1086
1143	1603
6	122
8	160
12	181
2	113
0	0
58	1464
98	1482
0	2139
0	678
1	4
6	40
6	1109
0	1127
8	106
0	1132
0	248
0	0
2	92
0	0
0	0
2	1360
0	987
11	1402
2	1229
2	522
6	525
1	920
0	577
0	175
1	0
13	70
0	77
0	75
0	82
0	62
0	81
246	210
0	223
2	114
59	101
0	31
0	0
0	0
0	0
0	0
0	0
142	493
5	0
2	33
64	33
0	6
7	9
0	2
1	4
0	1
0	5
36	565
0	0
0	0
0	0
224	708
3	613
1	20
0	41
1	74
1	86
2	221
0	29
0	24
18	56
106	231
0	24
0	3
4	0
165	6
0	6
17	1894
129	3637
6	471
6	1859
0	50
0	43
0	188
0	335
2	79
8	1718
96	118
0	36
8	111
8	0
0	24
72	41
5	12
10	41
160	24
3	11
0	8
0	5
1	0
0	0
0	0
239	0
1396	1291
0	85
5	210
0	340
0	449
1	547
0	10
0	10
60	426
0	420
2	50
0	32
10	659
32	155
8	407
7	654
8	41
2	0
243	92
1	92
12	96
1	34
0	87
15	41
44	1537
20	1538
51	116
0	0
0	0
0	0
0	0
0	0
0	0
0	0
0	0
0	0
0	0
0	0
0	0
0	0
0	0
0	0
0	2
0	2
0	2
1	1
24	923
10	923
4	298
0	105
2	64
0	165
0	161
0	217
0	111
1629	464
10	5
0	459
13	449
0	436
1	13
0	48
0	63
0	29
1	61
4	8678
5	2697
3	7730
0	8614
0	7306
0	7460
0	4847
4	6297
14	672
0	3386
2	2553
3	3042
0	2928
3	2843
1	3104
34	0
0	3
0	3
0	678
79	654
0	206
30	43
6	119
0	156
7	44
0	121
0	52
0	0
1	0
0	5
0	2
0	121
156	5189
2	3817
7	759
11	1
24	1120
6	392
30	360
23	2283
3	182
1	207
2	27
8	0
2	30
0	20
0	18
0	31
0	22
0	27
0	10
0	2
0	207
0	0
0	0
12	542
7	450
9	295
0	542
4	11
2	4
0	134
0	83
0	5
0	5
1	2
3	4
0	0
0	0
0	0
0	0
0	0
0	0
0	182
5	182
0	35
1	39
0	0
0	0
2	146
442	404
0	44
0	43
0	21
0	407
0	0
0	0
0	0
0	0
0	6
0	6
0	0
0	352
0	337
0	348
0	281
0	150
0	136
0	159
0	159
0	157
0	156
0	154
1	154
2	6
0	17
3	7
3	3
6	3
4	3
0	154
0	156
3	332
543	3373
0	5
0	5
0	3
0	0
174	151
0	150
0	136
0	0
0	0
0	0
0	72
2	53
2	49
0	96
3	72
0	18
12	5
0	5
0	5
0	5
0	5
0	5
2768	1218
0	1218
31	344
0	16
0	407
25	16
0	14
6	11
0	94
1	0
0	406
0	0
0	0
0	0
0	0
0	0
0	0
0	0
0	0
0	0
0	0
0	0
14	22
0	178
0	418
55	373
0	4
3	23
0	507
0	505
24	10
11	11
0	69
1	216
0	216
0	0
0	6
0	54
0	11
0	495
0	70
0	70
0	19
0	480
9	0
8	0
0	43
0	81
0	58
0	0
0	3
0	0
0	0
0	0
289	722
0	725
0	66
0	37
3	27
6	49
0	51
10	3
0	0
0	0
0	0
0	0
0	0
0	0
0	0
0	0
0	0
0	0
0	0
0	0
0	0
0	0
0	0
0	0
0	244
0	40
0	182
0	235
0	247
0	0
0	0
0	0
0	0
0	0
25	161
1	154
0	7
5	161
292	0
0	3
12	10
0	3
0	1
0	2
0	5
0	0
0	0
6	2938
29	161
0	2906
1	155
97	93
149	497
0	1374
0	1248
0	1324
0	163
0	392
0	448
5	193
0	145
12	65
0	132
0	177
0	0
0	0
0	0
0	0
0	0
0	0
0	0
0	0
0	0
0	0
0	93
210	221
6	165
0	12
7	0
1	50
8	6
1	0
0	1
0	2
0	2
0	1
0	0
0	0
7	95
7	95
2	5
0	5
0	5
0	3
0	5
0	3
0	1
0	0
0	5
0	5
0	1
45	219
4	110
5	43
7	23
4	92
0	95
0	0
0	0
0	0
0	0
0	0
0	0
0	0
2	1
0	1
0	1
1	0
0	0
0	1
0	0
0	0
0	1
0	0
0	0
0	0
0	0
0	0
0	0
0	0
0	690
52	899
2	616
0	819
0	441
2	292
18	356
1	61
0	198
0	111
1	45
85	3545
37	1195
5	1841
0	1332
60	3079
1	535
7	183
0	1086
1	1065
0	986
1	3529
1	11
6	20
0	73
0	72
2	26
0	402
28	399
1	103
0	393
1	14
0	18
0	65
1	35
1	47
6	24
1	24
2	43
1	70
0	0
0	0
40	114
617	320
5	204
52	121
20	24
17	18142
113	5197
0	9233
41	2175
0	5662
15	16565
45	2181
0	0
0	0
0	0
0	0
9	0
0	0
0	0
0	0
0	0
0	0
828	1591
7	256
80	1591
0	1
0	1
0	0
0	0
0	0
18	5059
0	5023
0	3473
0	3333
29	1098
8	1706
0	1
0	1
0	1
0	1
0	1
0	0
0	0
0	0
0	0
0	0
0	0
65	1
2	1
176	248
0	249
0	0
0	175
4	158
8	30
0	79
8	188
2	1
3	189
0	0
0	0
0	0
0	0
0	0
1	603
0	587
0	676
27	21
0	199
0	104
0	8472
24	5930
0	5936
0	4327
0	1444
11	1321
2	849
0	796
134	201
1	8318
0	2
0	1
0	2
0	2
0	2
2	1
0	1
0	2
2	489
0	502
2	197
14	98
0	87
0	178
0	188
51	138
0	138
5	32
0	508
0	0
0	133
3	130
0	24
1	21
1	2
5	44
0	21
0	662
0	664
0	667
0	672
38	596
13	84
0	98
0	211
0	232
0	168
3	110
3	112
0	21
0	28
0	23
7	3
0	3
0	2
0	5
9	20
0	0
0	109
1	109
0	50
0	16
0	0
0	12
0	0
0	0
0	0
0	0
9	2
174	2
0	0
44	1252
0	1223
0	772
2	6
0	120
10	281
2	281
0	0
0	7
0	0
0	0
0	0
0	2
0	1
0	0
0	0
0	2
0	2
0	2
0	0
0	0
0	0
0	0
30	116
17	32
0	4
3	62
4	322
3	112
0	123
0	38
0	35
0	35
0	23
0	2
0	319
0	318
0	0
0	0
0	0
0	8
0	8
0	4
0	4
0	2
0	8
0	0
0	0
0	0
253	950
5	192
0	117
1	62
0	607
0	142
1	205
11	38
0	28
0	1
0	14
2	197
0	186
0	90
0	66
0	46
10	15
0	11
0	0
0	0
0	0
2	280
0	263
32	153
11	3
15	20
0	0
0	0
0	0
497	865
3	744
0	182
1	0
0	105
16	10
27	1
1	538
0	523
0	106
0	466
4	82
0	117
5	227
0	162
1	0
0	0
6	12
1	12
913	72
0	72
0	117
2	158
1	148
0	133
0	5
1	0
0	5
0	157
0	156
0	50
0	142
0	128
0	136
0	83
0	48
30	161
0	71
1	136
1	31
0	33
0	20
2	56
0	20
0	0
0	423
1	107
0	2265
238	2774
7	195
0	206
4	299
3	112
4	374
0	1913
19	1838
15	163
0	163
1	1294
9	100
29	946
0	306
0	150
2	217
0	220
0	116
8	185
0	40
0	28
0	0
2	0
253	264
70	0
0	2
0	41
0	24
7	264
0	0
0	0
0	0
0	0
0	0
0	0
0	292
11	729
0	0
15	678
4	92
1	0
0	0
0	0
0	0
0	0
0	0
0	0
47	92
0	92
0	1947
0	1942
5	1782
0	271
16	50
4	1371
8	98
1	212
0	289
0	312
0	228
0	161
0	1906
0	4985
27	4940
0	103
9	71
7	170
4	37
78	247
28	974
2	932
0	133
1	4646
11	2306
84	2285
107	2089
78	4
0	2
0	4
0	0
0	0
1624	6473
0	6388
9	4317
0	4505
278	4407
195	1037
0	6133
0	4227
2	1464
612	118
0	763
1	731
10	759
6	150
11	59
11	250
0	75
8	248
42	249
0	98
0	124
39	15
0	57
15	28
0	106
26	39
0	4
0	47
6	2
0	45
28	124
4	74
5	83
0	50
0	23
0	23
0	5286
0	1357
2	2
7	118
5	5299
0	5432
1	0
2	5534
59	51
1	5151
7	3779
0	716
1	625
0	530
7	907
13	15
82	131
0	242
28	0
0	0
1662	1379
66	1379
2	925
2	882
0	891
3	744
11	104
0	98
0	162
0	133
8	19
0	67
2	161
2	47
0	30
35	6043
0	2295
15	171
13	1010
59	2571
33	176
2	102
7	511
0	0
22	569
0	569
1773	208
5	60
0	140
0	8
0	0
0	0
0	0
0	0
0	0
0	0
0	18
0	14
0	13
0	12
0	13
0	13
0	13
4	12
0	2
1	0
0	162
4	10
0	159
5	6
2	44
0	0
0	0
0	0
0	0
0	0
0	0
0	0
0	0
0	4
0	4
0	4
0	0
0	1
0	1
0	0
371	313
2	178
21	296
8	71
3	50
1	54
20	2650
0	2655
0	228
0	313
0	857
0	0
0	0
0	0
0	0
0	9
0	9
7	3
0	313
5	382
0	24
0	216
0	328
1	364
57	91
0	22
0	426
3	181
1	396
0	126
0	76
1	109
0	12
0	84
0	21
1	99
5	58
23	45
0	0
0	0
0	21
0	12
0	12
0	10
0	11
0	12
3	7
0	0
0	1
0	10
0	20
0	20
9	231
8	231
0	2
0	2
0	1
0	2
0	0
0	0
0	0
0	0
13	5
0	0
0	5
0	1
0	1
0	0
0	1
118	0
0	0
0	0
0	0
0	2
0	2
0	2
0	2
0	0
0	4
0	4
0	2
0	1
0	0
0	0
0	472
3	155
0	249
21	474
0	476
0	0
0	0
0	0
0	0
0	0
0	0
0	0
524	295
0	295
16	182
0	211
0	195
0	16
3348	15592
54	15592
2	1063
0	0
5	237
7	48
11	84
37	237
1	20
0	16
0	7
2	4
0	4
4	4
0	0
0	0
223	770
0	793
13	772
0	749
0	802
0	193
0	724
0	148
0	632
0	86
0	116
58	123
0	37
0	44
2	100
9	166
0	178
0	116
1	56
0	17
0	795
1	0
2	1
0	1
0	0
0	0
0	0
0	0
0	0
57	1526
0	192
0	1526
1	410
9	25
4	570
0	216
6	222
3	225
0	218
0	45
1	33
4	18
1	3
1	21
58	42
5	42
0	0
5333	2229
98	2195
4	182
25	474
0	425
3	126
3	255
1	84
1	38
1	38
204	91
0	53
69	183
0	35
0	44
0	169
239	17
0	17
0	0
0	0
0	0
0	0
0	0
0	220
0	212
0	46
7	39
0	107
0	187
3	140
3	21
1	123
0	1
0	1
0	0
129	238
0	237
1	154
4	66
1	137
0	139
3	75
0	50
5	952
188	952
0	105
6	71
47	186
4	112
79	86
343	978
13	70
34	909
0	40
29	17
0	34
0	33
0	0
0	0
0	0
0	0
7	53
0	86
0	0
1	37
9	83
0	4
0	8
4	32
0	17
0	1
1	1
0	0
3	4
0	4
347	2422
0	2422
7	0
0	0
0	0
0	0
0	2131
2177	15642
0	0
0	0
0	333
24	308
1	295
0	39
0	12
8	70
0	134
1	97
0	2
4	83
0	87
0	97
2	55
2	30
1	22
2005	0
0	0
0	0
0	0
0	0
0	0
0	0
0	0
0	0
207	0
0	2573
0	2573
0	1324
0	1268
2	1112
0	993
1	785
6	461
2	244
0	131
83	2702
2127	980
11	562
27	497
0	320
7	297
1	56
0	130
14	1134
0	51
0	148
1	1131
0	147
14	218
13	247
0	223
2	216
0	9
0	0
0	9
0	9
0	0
0	8
0	13
0	13
46	546
0	499
0	362
41	21
0	26
0	49
0	41
3	10
0	0
47	255
0	255
0	2
0	0
0	2
0	2
1	2
0	2
0	0
0	0
0	0
0	0
0	0
0	0
0	0
1	205
0	4
3	27
51	185
6	202
0	61
1	138
0	88
0	98
4	100
0	0
0	0
0	0
0	0
66	116
2	115
0	113
0	112
0	113
2	13
0	23
0	0
0	0
0	0
0	0
0	0
0	0
0	0
0	0
0	0
0	0
0	46
9	36
4	67
0	36
0	22
0	23
0	12
0	0
0	0
0	6
0	3
0	3
0	1
3	915
0	0
12	114
29	111
0	86
16	960
0	764
1	89
20	226
4	40
3	351
1	350
0	78
0	66
0	0
0	0
0	0
0	1
0	2
0	4
0	4
0	4
0	0
2	243
3	243
0	243
0	0
0	1
0	0
0	1
2	1
0	1
0	1
0	1
0	1
0	33
0	101
0	83
0	5
0	17
0	5
3	10
7	10
3	4
17	0
0	5
4	147
0	156
0	26
0	0
0	0
20	8376
0	10771
111	1491
5	10230
0	9862
0	2025
0	6454
0	2333
44	585
0	0
0	0
0	0
29	517
1	418
1	238
4	227
0	51
2	45
0	41
0	18
0	0
0	0
0	0
0	0
0	0
0	0
0	1
0	1
0	21
0	25
0	25
76	66
0	66
145	117
0	3
0	46
14	65
0	65
1	5
0	109
0	109
3	1
0	12
0	0
70	733
3	453
1	644
0	272
29	170
11	272
0	294
1	54
26	23
0	11
0	5
0	76
0	2
0	1
0	11
0	76
21	23
0	23
0	0
0	0
0	0
0	0
0	0
44	0
0	0
0	0
0	0
0	0
0	7
0	0
0	0
0	0
0	0
0	0
0	0
127	37
0	26
0	20
0	0
37	1074
11	1074
23	639
1	234
0	160
5	73
9	120
12	92
0	0
0	0
0	0
57	36
0	36
0	35
0	0
0	0
0	0
156	425
78	425
0	0
0	0
0	0
1	411
115	1
2	1
0	1
1	1
0	0
3	102
0	373
0	382
1	96
0	1
2	58
8	3
3	5
0	412
2	29
0	29
18	40
0	43
0	43
0	43
0	40
0	40
0	42
2	20
0	0
0	4
0	0
0	6
4	337
0	337
0	133
1	79
0	14
2	12
0	0
0	0
120	134
0	134
0	0
2	0
0	0
33	947
1	933
44	959
0	954
0	1027
0	2318
1	2013
2	816
0	1791
0	1508
2	1106
0	654
1	500
0	658
10	202
2383	1396
35	129
0	412
0	387
0	375
0	46
2	0
0	0
5	21
0	6
1	21
0	4
0	8
0	6
0	0
5	329
75	376
3	353
0	0
0	284
69	460
21	460
183	25
0	8
0	12
0	17
0	290
0	285
0	203
0	178
0	141
0	158
0	105
1	124
0	125
0	118
4	109
2	38
0	47
31	60
0	12
0	52
0	42
11	38
0	38
0	27
15	28
0	28
0	5
0	0
0	0
0	307
0	310
0	290
0	0
0	0
0	0
0	885
7	740
0	761
0	409
4	410
1	572
0	127
0	37
0	24
0	840
0	0
1	0
0	0
0	0
0	0
0	0
0	1009
4	892
83	956
1	162
0	218
0	106
76	555
7	107
2	0
0	0
0	0
0	1
0	1
0	1
699	1182
0	65
0	192
0	1154
66	0
0	3
0	3
0	0
0	0
0	0
0	0
0	0
0	0
0	0
67	298
180	315
5	235
0	214
4	129
81	86
1	1338
4	1315
1	332
0	128
12	129
0	72
12	0
0	0
0	0
0	0
0	0
49	1589
1	1589
16	54
16	288
41	11
0	49
0	128
0	113
1	234
4	232
4	201
12	112
6	150
1037	0
0	264
0	501
0	404
3	410
0	388
0	166
0	142
17	2
27	0
0	30
15	7
15	10
1	19
15	7
0	6
5	6
10	0
0	0
7	2
0	0
0	0
0	0
0	0
0	0
0	0
0	0
0	0
0	0
0	0
1	0
0	1
1	562
0	534
0	489
0	333
0	345
0	305
0	358
0	346
0	341
0	356
0	356
0	336
0	18
2	54
7	13
8	2465
0	68
9	2093
66	2439
0	13
0	13
0	13
0	13
0	1
0	0
15	144
51	1094
22	811
1	872
0	0
4	6204
1	890
0	678
193	6201
1	969
3	961
0	254
9	96
0	71
0	10
0	32
0	7
0	32
0	65
3	44
0	9
0	67
10	10
0	232
234	0
0	0
0	0
0	0
0	0
0	0
0	0
0	0
0	0
0	0
1	1510
2	1490
1	32
0	73
4	159
3	1461
10	1466
0	0
4	134
1	1017
0	19
0	113
0	41
0	27
9	10
2	1
21	85
0	143
0	34
12	585
2	0
0	1511
0	0
0	0
0	0
0	0
0	0
0	0
0	0
0	0
0	8373
115	9024
10	7351
23	8675
0	0
0	0
0	0
0	0
0	0
2177	442
16	28
7	276
4	414
0	0
0	358
0	551
1	551
0	0
10	102
1	302
0	314
0	360
0	355
1	342
0	358
14	238
0	369
3	59
0	193
2	96
0	83
785	6212
0	1
0	1
0	0
282	0
9	0
32	235
7	121
0	214
0	20
0	26
0	103
2	103
160	152
0	78
0	13
3	11
0	43
0	33
0	0
0	0
0	0
0	66
0	61
0	45
0	54
0	9
4	7
0	1
0	2
0	1
1	0
0	9
0	11
0	2
0	176
3	144
0	158
0	118
8	0
24	0
1	1993
11	677
3	891
0	1887
0	0
0	0
0	0
0	0
0	0
0	0
0	0
0	0
0	423
0	298
0	346
5	190
4	0
0	0
123	10221
19	10216
0	10242
0	2284
0	916
0	4909
0	5020
0	168
0	3902
0	1104
3	879
0	10216
0	8772
13	9628
0	10247
0	0
0	0
10	393
0	388
0	393
0	47
0	181
0	49
0	93
0	59
0	57
0	40
15	124
26	98
0	24
1	54
0	31
0	23
4	13
0	2
0	18
0	18
0	15
0	13
0	11
0	3
1	1
0	0
0	2
0	7329
9	6662
0	1576
0	4671
2	7294
18	3106
3102	947
4	942
0	462
11	208
36	0
0	0
0	0
0	0
0	0
0	0
0	0
0	0
412	16
17	16
0	51
210	51
0	0
0	1
0	11
0	11
0	1
0	0
0	0
0	0
0	84
1	82
4	84
0	101
0	11
0	59
0	76
93	403
10	76
0	18
42	355
10	316
0	81
0	70
11	108
49	108
691	1467
5	184
13	405
1	468
6	401
0	0
0	0
0	0
0	0
0	0
0	0
0	0
0	0
0	0
0	0
0	0
13	60
64	532
22	529
0	80
0	101
0	12
250	111
0	13
9	3
4	5
0	0
0	0
1	0
0	0
0	0
33	1423
0	125
0	259
4	1315
0	186
74	1353
0	108
5	332
4	44
1	567
1	590
9	155
0	244
2	73
2	9
0	722
0	609
34	95
6	711
1	169
22	157
0	79
4	527
15	329
1	18
5	54
0	61
0	255
57	137
36	290
0	133
126	1158
165	972
0	1125
144	1003
0	338
3	843
0	565
41	6
1628	160
9	160
0	3
0	3
0	3
0	3
0	3
0	0
0	0
0	3
0	3
0	0
0	0
0	0
0	1
1	1
2024	704
120	704
0	119
33	161
0	313
0	207
0	230
75	184
0	1
0	0
0	0
0	0
0	0
0	0
0	0
1002	0
1	14
0	24
0	24
0	24
2	23
2	134
1	124
2	120
0	116
0	104
1	99
0	23
0	21
0	23
0	5
0	3
0	1
0	0
0	0
0	0
0	0
0	0
0	2
0	0
0	0
0	0
0	2
0	0
0	12
0	0
0	3
0	0
1	0
0	21
0	23
9	4
0	4
0	4
1	0
0	0
18	239
0	232
7	68
11	112
6	10
90	1007
40	970
5	509
11	504
12	358
44	141
0	31
54	114
0	1006
2024	337
15	337
0	88
0	55
0	88
130	331
0	297
0	225
3	138
0	52
0	17
12	1329
0	1332
0	1301
0	91
206	787
0	1760
0	0
0	0
0	0
0	0
10	280
19	280
0	20
0	371
0	359
0	431
0	431
0	431
2	439
0	343
0	183
0	58
0	44
2	127
2	128
4	31
0	10
7	0
7	1188
4	34
0	56
7	1070
0	959
0	101
0	854
2	819
0	1146
0	1160
0	20
0	53
0	676
0	112
4	58
0	61
0	87
0	250
0	1186
0	1221
0	69
0	0
0	0
0	0
0	2
0	0
0	0
0	2
0	0
0	0
1	0
0	0
29	3755
3	1685
0	140
0	85
0	36
0	1685
0	0
0	0
32	1958
311	1540
0	1540
12	74
5	252
0	0
0	362
5	150
0	283
2	0
0	10
0	43
3	215
0	141
0	218
1	173
0	139
0	2
0	14
0	30
0	17
0	33
0	30
0	6
0	0
253	64
0	64
4	0
32	0
2	0
0	0
9	810
0	832
0	381
0	473
0	361
0	215
6	4
0	4
1	132
435	132
19	65
0	35
315	774
0	716
12	300
0	0
0	0
0	0
269	528
0	0
0	0
0	0
0	0
0	0
0	0
0	0
0	0
0	0
0	0
0	0
0	0
0	0
0	0
0	0
0	0
0	1
0	1
0	1
0	1
0	0
0	7
0	7
0	0
0	7
0	0
0	7
0	0
0	0
0	0
0	1565
0	1471
4	1446
17	1411
0	1502
2	160
0	237
8	184
0	0
0	0
0	0
0	0
0	0
0	0
0	0
0	0
0	0
2	0
255	82
1	82
7	24
7	1
2	36
0	19
0	201
30	23
1	206
17	203
0	0
0	0
0	0
0	0
0	2
0	2
0	1
49	809
3	818
0	659
13	272
1	220
0	379
5	569
0	232
1	558
54	787
10	201
0	94
0	647
0	445
0	1116
0	220
0	1190
2	669
0	0
0	0
0	28
1	28
1	20
0	2
8	6
0	0
0	1
0	1
0	1
20	3049
3	3031
1	2693
2	1202
11	563
19	6187
2	5993
0	6065
0	6067
0	5982
0	5960
0	6069
0	5922
0	6176
0	6138
0	6245
0	333
21	890
1	573
2	182
0	6080
2	107
6	107
0	0
0	0
0	0
0	0
0	0
0	0
0	1
0	6
0	6
12	35
2	108
3	56
0	138
0	358
4	290
0	121
2	4
1	394
0	0
0	0
0	0
0	0
0	0
2	1429
0	1567
0	1329
10	341
0	148
0	498
1	533
0	456
0	269
1	345
0	27
2	143
0	988
8	803
8	4711
396	826
60	195
5	1234
13	1532
0	2504
0	4629
0	0
0	0
0	0
0	0
0	0
23	938
0	838
0	252
3	102
19	94
0	42
104	85
7	83
17	26
193	0
12	0
0	6
0	6
0	4
0	2
0	2
0	139
0	130
0	0
0	34
0	9
0	132
0	0
5	9
0	9
0	9
0	0
0	7
0	0
0	0
0	0
0	0
0	0
10	33
0	31
0	10
0	5
2	879
6	177
0	650
18	461
0	712
1	339
1	474
1045	2494
0	0
0	0
0	0
0	0
0	155
7	228
3	806
1	622
0	187
0	101
58	154
0	91
9	86
38	993
1197	205
2	205
0	0
24	47
6	45
553	92
191	223
0	223
4	24
1	10
26	40
6	15
2	15
328	230
0	223
0	226
0	191
0	182
31	36
6	142
69	15
0	195
0	199
100	3250
0	539
24	43
9	26
0	441
6	41
0	82
3	123
5	140
48	431
0	0
0	0
0	0
86	3382
4902	922
14	151
31	771
7	1079
5	5256
92	210
2	100
1	8
4	67
0	47
0	39
16	41
0	41
4	50
0	8
0	7
0	0
0	1
0	1
0	0
0	0
2	49
0	12
2	1
0	51
91	58
0	59
0	5
0	48
0	50
0	48
0	48
0	50
0	50
0	50
0	3
36	3
0	3
2	97
1173	97
4	1356
56	9
0	1108
60	1330
34	694
1	830
0	347
0	80
6	120
0	105
0	2
0	2
0	2
0	2
0	2
0	2
5	627
0	177
0	139
1	195
14	440
4	40
2	40
3	0
0	2
0	2
0	1
0	1
0	0
0	0
0	0
0	0
0	0
0	0
0	0
0	0
0	0
0	2
376	0
270	172
0	172
1	142
0	0
0	0
0	0
0	0
0	0
0	0
0	0
0	0
0	0
0	6
0	6
0	0
0	0
0	0
0	6
0	6
3	126
0	126
0	0
0	0
0	0
0	0
0	0
5	11
0	11
0	2
0	2
0	2
2	319
0	7
3	330
0	90
823	0
50	0
40	18
0	18
0	0
0	5
0	5
0	0
0	0
0	2
0	2
0	0
0	0
1	0
0	0
0	0
0	0
0	0
0	0
0	0
0	0
29	514
0	447
0	381
0	217
1	325
0	96
0	79
0	126
0	211
0	576
0	57
0	0
1	0
0	596
0	594
11	20
0	1472
0	1583
0	714
0	425
0	302
0	292
2	116
126	96
4	91
0	93
16	14
0	7
0	7
0	0
0	0
0	0
0	0
0	0
0	0
446	963
53	758
3	205
192	6
0	0
0	0
0	0
0	0
0	0
0	0
0	43
1	25
74	87
0	69
0	0
3	1183
0	1
0	1
2	1
116	0
0	0
0	0
0	0
0	0
0	0
0	0
0	0
0	0
0	19
5	19
0	4
0	1
0	3
0	0
0	0
0	0
0	0
0	0
0	0
0	0
0	0
0	0
0	0
0	0
0	0
12	17
0	211
0	140
0	212
0	122
3	206
0	12
0	86
0	0
0	446
0	0
0	160
12	285
35	189
4	484
44	41
2	152
0	1
253	226
0	5
0	214
0	23
7	46
3	12
0	28
0	14
0	1
0	0
407	33
0	30
40	27
0	4
0	1
0	0
0	0
0	1
0	1
0	0
0	610
0	857
13	200
0	18
1	822
0	196
2	627
24	419
2	35
0	95
27	194
323	631
0	409
2	0
0	53
1	279
0	72
7	80
0	49
0	73
0	2
2	8
1	52
2	10
0	2
0	2
0	2
105	201
0	194
1	191
2	11
0	12
0	11
0	7
0	3
0	0
0	3
50	120
0	107
0	3
0	13
0	0
0	0
0	0
0	0
0	138
0	78
0	44
0	0
0	0
0	0
0	0
0	0
0	0
0	0
0	0
554	704
8	369
0	335
1	0
0	0
0	0
0	0
58	848
2	848
0	0
0	381
0	368
213	112
3	40
7	78
0	373
0	174
0	107
0	46
43	246
0	386
0	0
0	0
0	0
0	0
0	0
0	0
0	1094
3	1066
0	1057
1	481
0	503
0	187
14	118
0	37
20	8
80	1746
0	0
846	209
1	180
2	4
1	29
7	86
3	81
0	82
0	14
24	2138
4	0
0	0
0	0
0	0
0	0
0	0
0	0
0	0
0	0
4	1
0	1
0	0
0	45
0	45
0	0
0	0
0	0
0	0
0	0
25	548
0	110
322	532
0	397
6	34
1	34
0	27
0	20
0	0
0	0
0	0
1965	1199
58	226
0	68
5	414
27	325
0	415
3	145
0	0
0	0
0	0
0	0
1	116
0	61
23	223
57	595
1077	595
0	77
467	376
1	253
0	0
0	0
0	4
0	0
0	0
0	0
0	0
0	0
0	0
0	628
947	1619
1	706
9	545
541	1885
10	532
389	253
28	17
6	215
0	1670
14	10
2	6
15	12
0	7
0	0
0	0
11	10
0	0
0	2
0	10
7	2
0	2
0	0
5	0
2	2
0	2
0	2
0	0
1	0
0	0
0	0
0	0
0	0
96	59
0	8
1	10
0	59
28	63
2	70
0	35
0	3
2	3
0	1
0	3
0	0
0	0
0	0
0	0
0	0
0	0
0	0
0	0
0	0
0	0
0	0
410	391
3	352
0	159
3	45
92	44
4	11
0	21
0	21
0	2
0	3
0	3
0	2
0	3
0	3
0	3
0	2
0	2
0	2
0	21
0	21
1	6976
61	7008
0	0
20	18
1	17
0	1
0	5
0	0
0	1
0	9
0	32
8	128
10	12
1	0
1	115
0	77
2	100
0	0
0	5
0	1
0	1
0	1
0	1
0	1
0	1
0	1
0	1
0	1
0	1
0	1
0	1
0	1
0	1
0	1
0	1
0	1
0	1
0	1
0	1
0	1
0	1
0	1
0	1
0	1
0	0
0	0
0	0
0	0
0	1
0	1
0	1
0	1
0	1
0	1
0	1
0	1
0	1
59	4
1	4
0	0
0	0
0	0
0	0
0	0
8	0
0	0
13	149
12	27
0	149
0	32
9	29
0	0
0	0
0	1
0	0
0	0
6	28
9	28
2	29
0	5
0	5
2	0
0	10
0	29
4	1
0	0
0	0
0	0
0	0
0	263
0	255
3	109
76	27
2	258
37	257
0	0
0	0
0	0
0	1325
0	2056
5	1690
72	286
3	59
5	152
3	151
0	1250
5	26
1	26
0	2990
10	3482
31	209
1	317
21	191
11	3292
0	0
41	5290
0	5520
0	5350
358	873
0	6926
0	7403
0	7103
178	1393
0	1702
33	230
0	2175
540	3171
0	5827
102	0
885	0
0	231
47	223
5	94
0	5
4	102
0	17
0	41
0	35
0	29
9	0
0	223
0	231
96	240
2	233
2	136
0	61
0	79
5	36
0	594
370	597
0	48
0	0
21	736
0	656
0	742
9	168
22	77
2	0
0	161
0	70
1	241
0	241
0	0
0	2
2	2
163	381
0	20
0	368
0	30
0	31
14	2
0	18
0	19
223	17
8	17
12	313
0	313
0	282
0	2
0	43
0	0
0	625
0	563
0	4
0	590
0	71
3	614
0	33
0	37
1	68
0	517
0	35
6	344
13	536
0	122
0	109
0	41
0	1
0	34
0	67
3	584
0	40
0	27
0	23
0	265
2	6
0	45
0	559
0	9962
0	9921
0	9789
6	15
0	0
35	66
7	8
0	62
1	5
0	0
0	0
0	0
0	0
23	0
0	0
0	0
0	0
0	0
28	279
16	261
0	128
0	85
1	4538
0	161
0	166
1	158
2	117
2	161
0	51
0	39
71	361
82	377
0	91
31	269
45	168
0	0
0	0
0	0
0	0
24	735
14	724
70	222
1	693
0	579
14	650
1	91
14	141
14	36
42	30
18	23
62	11
54	2456
1	478
67	2691
1	2509
1	495
2	936
1	92
34	393
0	1030
40	259
0	902
0	1063
50	660
15	767
0	143
113	34
1	742
0	0
0	0
0	0
0	0
0	0
0	0
0	0
170	234
0	233
0	1
101	217
6	215
0	120
0	141
0	96
1	72
0	68
4	12
1	19
3	16
0	3687
0	0
0	0
0	0
0	0
0	0
0	0
0	0
0	0
0	0
0	0
0	0
0	0
0	0
0	0
1	489
0	451
1	46
3	0
3	85
1	32
424	0
25	236
138	368
37	136
0	296
0	250
0	63
0	64
1	10
8	190
0	17
0	18
0	50
0	78
0	95
0	32
0	31
2	33
4	40
0	47
0	0
0	0
0	0
0	0
0	0
512	664
4	71
47	0
4	525
2	206
4	85
0	0
0	47
0	0
37	11
1	99
0	0
0	0
0	0
0	0
2	1
0	0
0	0
0	0
0	0
0	0
0	0
0	0
0	0
0	0
0	0
0	0
0	0
0	1
0	1
0	0
0	0
0	0
0	0
0	0
0	0
101	1401
0	1390
0	1393
0	1389
0	1349
0	1306
0	1058
0	1131
0	115
0	71
0	63
0	166
0	53
1	72
0	35
0	14
0	1332
0	1402
0	1394
0	0
0	0
100	18233
5	83
1	842
143	18233
156	0
21	0
0	0
0	0
9	210
0	186
3	71
0	0
0	0
0	0
0	0
0	0
0	0
0	0
0	2
3	372
0	471
0	425
0	456
5	116
0	68
0	456
0	0
0	0
0	0
0	0
0	0
0	0
0	0
0	0
0	0
0	0
0	0
751	0
2	1
0	0
250	530
0	529
3	74
9	0
12	23
45	81
1	110
1264	994
3	994
0	533
2	0
80	863
0	863
0	0
0	0
0	163
0	163
156	70
0	73
18	0
18	36
0	36
0	35
0	0
0	2
5	21
17	462
12	182
5	371
0	436
84	699
4	361
1157	908
0	211
4	881
2	183
6	0
0	224
7	249
2	96
0	0
0	0
0	0
0	2
0	933
0	966
0	951
0	963
0	113
0	926
0	388
0	893
0	881
0	73
2	972
0	957
0	966
2	73
0	901
0	845
0	735
1	290
51	106
0	230
0	35
7	209
0	0
0	0
3	185
1	239
0	37
2	1357
0	1369
25	517
9	187
2	569
0	175
0	1015
0	29
0	1315
0	62
0	571
0	623
0	1
2	56
1	76
4	37
0	1015
117	3690
2	221
26	234
0	227
0	36
0	9
24	22
0	13
0	0
94	499
1	471
1	3
2	204
0	151
16	48
0	159
0	81
8	93
0	0
0	0
0	0
17	4538
0	214
0	235
0	212
0	92
2	117
0	115
3	92
0	97
0	68
0	4
0	16
18	7
2	348
3	46
1	281
0	21
1	28
2	26
7	19
0	57
0	165
7	26
0	0
0	0
0	0
0	0
0	0
0	0
0	0
0	0
0	0
0	0
0	0
0	0
12	557
1	561
0	410
0	437
0	185
2	96
13	88
0	48
0	0
0	0
0	0
14	0
3358	1604
19	0
1	1604
35	228
0	276
1	343
0	295
0	74
3	42
0	0
0	0
0	0
0	0
0	0
0	0
498	133
17	133
41	0
0	0
0	0
0	0
0	0
0	0
0	0
0	48
68	48
8	45
109	946
0	950
8	892
2	857
3	925
0	889
0	918
0	609
0	76
0	81
0	120
0	101
57	58
2	53
5	18
0	1
0	1
0	1
0	1
0	0
0	0
0	1
0	0
0	0
0	0
148	175
0	2128
8	108
0	152
0	321
2	1767
19	132
0	2258
0	207
40	121
0	1415
16	172
13	1266
2	80
22	777
0	785
0	886
0	631
0	431
0	323
0	246
0	244
0	251
0	286
0	248
0	105
0	140
0	128
0	0
0	0
0	0
0	0
0	0
0	0
0	0
0	0
0	0
0	0
0	0
5	541
1	80
14	483
2	56
0	226
5	158
2	535
0	24
0	37
3	0
0	148
0	541
0	0
0	0
0	0
0	0
0	0
0	0
0	1185
7	1239
0	258
0	70
0	1239
0	43
31	43
21	192
2	9
0	21
0	192
0	4
0	192
0	109
0	109
2	0
0	0
1941	547
3	123
0	81
2	347
0	1124
48	369
0	602
293	1462
0	195
1	109
31	196
0	737
5	1330
0	523
0	560
0	303
0	136
9	97
0	134
0	77
62	16
7	890
1	95
623	868
1	9921
2	9881
9	1062
726	976
0	945
56	170
0	0
0	0
2	5
0	3
0	3
0	1
0	0
0	2
0	0
2	2
0	0
806	264
0	200
11	64
0	0
385	1251
4	439
0	526
29	544
23	384
17	352
3564	0
0	3
0	3
0	0
1	1248
0	1013
0	1182
0	1172
0	1130
0	862
11	869
0	980
0	217
0	881
0	753
2	665
0	754
62	583
0	624
0	584
0	354
0	167
1	263
0	253
2	128
0	1260
81	773
0	4
3	295
0	180
0	39
0	220
0	255
2	183
7	31
8	479
0	454
0	743
11	632
9	5
0	209
0	5
2	202
4	5
1	189
0	210
45	804
2564	804
0	22
0	1
0	0
0	0
0	0
0	0
0	1476
24	1476
1	399
0	1457
1	105
5	94
86	182
1	181
0	0
0	0
0	0
0	0
0	0
0	0
0	1
0	1
0	228
0	201
0	74
0	36
0	51
487	128
5	118
0	46
0	10
2	5
0	3
0	3
0	3
2	0
0	0
0	0
8	867
88	1352
72	891
7	341
0	43
0	54
3	24
0	48
0	38
0	16
0	6
0	4
0	4
0	44
0	1
0	1
0	1
0	1
0	1
0	1
0	0
0	0
0	0
0	0
0	0
0	0
0	0
0	0
74	15945
15	4948
0	4356
107	4534
0	7669
0	3982
0	0
0	0
0	0
0	0
0	0
0	4
433	401
1	401
588	322
5	322
20	33
62	356
0	351
2	345
5	337
0	40
1	19
16	39
0	99
0	57
0	28
4	30
0	12
0	0
1	0
0	0
4	8
0	0
0	8
0	0
0	1
0	0
0	1
843	365
0	365
0	0
0	0
0	0
0	0
0	0
31	273
0	229
2	90
2	128
0	128
0	128
0	14
0	21
0	124
0	183
0	2
0	4
0	4
0	4
0	1
0	0
0	1
0	0
0	0
0	0
0	0
0	0
0	0
0	0
0	0
7	0
2	0
48	60
0	25
0	16
2	227
0	241
4	240
5	37
0	88
0	88
0	134
2	1037
17	966
11	789
3	174
2	376
0	228
0	8
0	4
0	0
0	0
0	0
0	0
0	0
18	4263
0	4264
1	2688
0	2176
0	2297
4	2245
0	743
3	414
0	1035
0	378
0	320
7	143
4	212
7	170
0	136
0	47
1	19
0	0
0	0
0	0
41	159
29	153
4	67
4	33
0	3
12	3
0	0
1	2
0	1
3	301
3	298
0	295
0	203
1	159
5	159
0	19
0	303
0	0
0	30
2094	448
1	435
3	35
0	222
0	218
0	0
0	0
0	0
0	0
0	0
319	30
0	3
0	28
0	28
0	20
0	151
0	105
12	0
0	2
0	2
0	2
0	2
0	0
0	0
0	2
16	847
31	120
0	597
3	821
0	414
0	273
0	20
2	17
9	0
4	40
0	40
14	16
4	5
4	1
0	0
0	0
0	0
0	0
23	4376
2	4149
0	4018
0	4323
0	4566
221	4405
13	143
27	381
48	63
0	286
0	263
0	280
1	167
1	27
0	23
4	61
0	62
4	276
0	2168
2	1191
0	1122
4	15
0	1339
0	1437
0	1437
0	1475
0	1309
0	1407
0	1427
0	1374
0	1358
0	2094
0	1414
0	1379
0	1530
0	1349
0	1467
2	1345
7	102
0	101
11	115
59	64
35	27
0	0
0	0
0	0
0	0
0	0
0	0
0	0
0	0
11	0
0	0
0	16
0	16
16	4
0	0
0	0
0	3
0	1
0	59
723	127
0	62
22	6
0	0
7	144
3	133
0	77
11827	470
11	439
0	31
0	682
9	706
0	707
16	677
5	205
7	402
0	251
0	445
0	305
0	58
0	41
1	80
0	41
0	682
1	2
0	2
425	954
7	954
1	715
8	449
79	302
1	272
0	0
0	0
0	0
0	859
8	820
3	44
0	80
0	21
16	82
0	195
11	144
1	566
39	341
0	566
0	91
7	55
0	84
0	82
0	2
0	11
0	1
0	7
0	8
4	7
0	13
0	91
31	184
1	11
7	12
0	184
14	803
0	533
3	386
23	39
0	37
1	17
0	795
0	803
34	27
0	0
0	0
0	27
0	6
0	6
0	4
88	113
3	113
0	180
2	180
0	0
12	3591
4	3591
0	274
6	271
0	25
170	127
0	116
18	127
2	107
57	110
5	4
2	0
3	346
4	346
4	272
0	285
0	346
1	2
0	2
0	0
0	0
0	4480
2	3001
6	498
17	2
5	0
37	35
0	1521
0	321
0	1505
24	42
0	1234
80	994
3	529
0	438
1	201
0	46
55	0
0	4456
0	0
1	779
79	1005
25	134
0	971
0	967
0	160
0	465
1	68
0	28
31	34
0	43
68	186
0	192
0	17
0	40
0	135
1	133
0	50
8	64
18	51
8	31
3	48
0	1
0	1
0	1
0	1
0	0
23	120
3	51
0	120
8	0
1	150
0	121
0	153
0	81
2	54
0	58
0	41
0	16
0	143
47	10
11	10
0	243
11	202
0	220
0	186
1	26
0	239
0	80
0	64
0	192
1	24
0	244
453	77
1	77
0	0
0	257
44	395
0	72
0	81
0	25
130	219
1	212
141	8
0	180
3	58
0	158
4	45
3	10
0	0
0	70
1	27
0	1
0	14
0	70
56	1304
277	1953
4	1103
1	764
0	711
18	366
51	415
2	361
0	179
0	272
0	0
0	857
5	756
0	686
0	294
0	535
24	189
0	174
0	115
0	55
1	14
0	14
7	108
0	85
0	55
0	24
0	22
0	21
0	47
0	29
0	853
589	193
3	55
11	108
1	60
0	284
0	268
2	268
0	80
2	49
0	49
5	254
47	48
0	53
29	169
0	40
16	4
0	0
4	909
12	904
0	161
1	32
0	382
1	92
6	101
0	84
0	115
8	58
16	24
27	374
0	192
0	79
0	0
0	0
0	0
0	0
1	0
0	0
0	0
0	221
0	221
0	160
0	108
0	0
0	0
0	0
0	0
0	0
0	0
0	0
288	376
1	70
2	110
2	61
0	149
0	41
1	74
0	0
0	0
588	1029
6	597
0	181
3	568
3	417
1	131
595	152
0	120
1	101
399	95
0	3
0	3
0	3
0	3
0	0
0	0
0	0
0	0
0	3
0	3
0	27
0	43
0	45
3	9
1	46
0	45
0	12
0	5
77	74
8	71
1	6
0	7
3	2
0	0
0	0
0	26
0	26
0	2698
414	3253
34	10
1	227
0	168
2	747
8	314
1589	920
0	920
0	43
0	45
1439	2597
3	1131
3	1077
4	970
0	0
0	84
0	79
0	425
0	133
0	268
0	73
0	207
0	42
0	183
2	41
0	222
0	66
0	58
0	117
0	423
1	95
3	366
0	359
0	108
0	100
0	86
0	60
0	68
2	68
0	64
0	84
0	40
0	310
0	44
0	210
0	163
0	49
3	144
0	226
7	22
308	69
12	69
0	13
6	20
0	17
0	17
0	5
0	0
0	0
0	0
0	0
0	0
0	0
0	0
0	0
0	2775
0	2544
88	976
0	1668
0	241
0	0
0	0
0	0
49	210
18	99
5	58
0	86
0	65
266	0
0	0
821	79
20	79
8	0
0	5
0	5
0	5
0	4
0	16
0	16
0	1
0	0
0	3
0	0
0	9
0	0
0	30
0	33
0	24
0	6
0	201
0	193
0	11
0	15
0	1
1	186
0	0
0	0
0	0
3	0
0	0
0	0
0	0
0	1
0	1
0	0
0	1
0	3496
0	1456
0	1913
1	1087
4	817
61	818
7	238
0	3496
0	0
472	28
0	28
29	35
0	43
0	6
14	166
28	764
3	74
8	30
79	606
1	9
0	0
13	128
13	128
3	135
0	271
0	229
0	235
20	136
0	0
1	8
5	8
0	0
10	80
2	75
13	88
2	31
11	44
0	90
0	8
2	90
0	86
5	44
0	21
0	11
0	1
0	74
0	101
2	166
3	181
0	3
1	14
2	2
20	3
4	4
12	79
387	139
1	84
7	62
19	37
8	39
0	47
0	18
2	44
5	39
0	33
0	44
17	157
0	171
0	20
0	0
0	0
0	0
19	747
52	644
0	635
0	620
0	358
0	246
61	0
0	743
0	20
2	0
66	0
93	45
2	45
0	100
0	101
14	77
0	0
0	0
0	0
0	0
0	0
0	0
0	398
0	390
5	232
0	30
0	89
0	113
7	26
0	134
17	157
0	81
14	65
5	43
0	33
33	38
0	28
0	27
33	43
0	0
0	33
3	17
0	5
2	2475
0	2426
1	2366
5	1975
0	1703
0	1747
4	548
4	188
4	0
391	0
0	262
0	83
0	105
1	251
0	86
0	259
0	31
0	18
24	2
44	88
2	8
6	70
2	71
32	60
0	21
0	0
0	0
1	97
1	73
0	114
0	109
0	17
0	46
0	34
0	51
0	38
4	211
6	458
7	458
80	211
4	15
7	1097
4	1090
1	1033
0	556
0	49
0	262
2	36
0	164
4	63
24	0
0	29
0	7
45	0
0	2
0	0
0	0
0	2
0	3
0	0
0	2
0	3
0	2
0	3
0	0
0	0
0	0
21	2374
1	2341
0	1677
4	56
21	22
0	195
0	109
4	112
80	90
4	0
11	91
0	43
2	156
0	172
0	111
0	109
2	33
0	21
7	19
1	17
4	9
0	7
0	0
54	0
0	0
0	0
0	0
22	0
0	1
0	1
0	0
0	0
0	1
0	0
0	0
0	0
0	0
0	0
5	0
179	0
0	0
0	0
0	0
0	19
0	19
0	17
0	17
1	0
0	1
0	1
0	1
0	3
0	3
0	1
0	0
0	0
0	19
0	18
0	18
1892	268
1	188
57	80
0	0
0	0
0	0
0	0
0	3
3	4
0	3
5	1
0	2
5	2
21	17
2	593
0	1085
0	984
3	861
3	752
0	1090
0	1081
1	282
0	111
2	56
4	134
0	0
0	0
0	6
0	4
0	4
0	2
0	0
0	0
0	0
0	0
0	698
25	1
0	695
1	535
0	534
0	697
0	694
7	39
3	20
0	71
0	29
0	89
1	0
0	0
8	0
1	37
0	37
0	37
1	37
0	37
0	0
0	0
0	0
0	0
0	1
0	1
0	1
0	2
0	1
0	1
0	1
0	0
0	0
0	1
0	1
1	0
2	4
1	4
0	1
0	4
0	59
0	65
1	61
0	63
0	59
4	10
2	0
67	781
16	787
5	613
0	113
5	141
0	114
0	113
0	52
16	36
0	0
0	0
37	33
5	33
0	18
0	98
4	0
8	8
0	92
0	97
0	15
0	11
3	13
0	9
0	6
0	498
13	482
0	338
1	351
0	497
0	13
0	11
0	13
0	3
6	225
4	85
0	184
0	200
2	130
0	111
98	11
1	1924
13	1936
0	1826
0	1700
23	1901
2	1073
0	1105
8	67
1	80
0	1073
37	0
0	158
1	0
0	3
0	95
1849	2393
0	732
0	168
0	1491
2	142
3	195
175	1179
2	1048
10	26
6	228
4	228
16	269
0	93
0	59
324	38
0	42
28	7
0	3
0	0
0	0
1	334
0	332
1	334
2	335
0	145
2	193
0	0
0	0
0	0
0	0
0	2
0	2
0	0
453	46
2	22
0	24
662	10
2	0
2	346
0	296
0	386
10	3
0	0
0	0
0	0
0	0
0	0
11	30
294	235
1	205
0	0
12	46
0	6
0	40
0	0
0	0
0	0
0	1
0	6
0	2
0	0
8	45
0	45
1	181
0	120
8	22
0	22
0	0
0	0
0	0
3	0
41	2669
0	531
0	96
12	2574
2	328
0	932
0	580
0	952
3	0
0	0
29	540
0	287
30	279
0	128
10	495
0	124
0	123
0	0
3	868
56	1136
85	813
18	1122
2	1121
21	973
0	569
0	1241
0	1
0	1
0	0
0	1
0	1
0	0
368	681
2	681
16	537
5	2
318	129
0	77
1	16
0	44
1	39
0	301
13	3
0	60
0	287
0	75
2	86
3	20
0	22
34	37
150	33
0	8
0	4
0	28
0	0
0	0
0	0
0	0
0	0
0	0
0	0
7	645
69	645
7	23
0	0
0	0
0	0
0	0
0	0
0	0
0	0
0	0
0	96
3	96
38	6
0	99
5	88
0	0
0	0
36	379
0	106
0	159
0	135
0	112
34	273
0	77
0	25
23	262
0	262
0	33
0	673
13	444
2	629
0	628
6	661
2	327
5	136
0	96
4	0
0	673
0	0
0	0
0	0
0	1029
0	840
0	686
0	782
0	174
0	150
9	243
4	108
0	186
0	124
0	909
0	947
0	1000
11	0
0	0
0	150
0	0
0	3392
0	2613
16	219
1	1407
9	533
0	3343
25	2339
1	2367
7	1953
0	154
15	80
59	1788
1	141
1	259
10	308
1	613
0	613
0	609
2	398
0	240
0	205
0	39
0	55
0	45
42	1
0	0
0	0
0	0
0	0
0	0
0	0
0	0
0	0
0	0
0	0
0	0
0	0
0	0
0	0
0	3
0	3
0	7
0	7
0	6
1	1
0	0
1	7
0	0
0	2
0	2
0	0
0	0
2	2
0	2
0	0
0	2
0	0
0	0
0	0
0	0
0	0
0	0
0	0
0	0
0	0
0	0
0	0
0	0
0	0
0	0
0	0
0	0
96	0
0	0
0	0
0	0
0	0
0	0
0	0
0	0
0	0
0	0
0	0
2357	480
0	43
0	206
4	231
447	1031
0	1031
1	144
1	200
3	299
10	66
0	0
0	0
0	0
0	0
0	0
36	0
0	0
0	0
47	40
0	40
1	29
0	0
0	1
1	54
0	39
0	18
0	16
11	54
0	22
6	11
0	14
473	14
103	2663
0	1430
0	2480
53	807
0	614
104	216
1	279
4	83
3	83
3	107
11	86
35	17
1	342
0	379
0	358
0	377
0	35
0	26
0	78
0	7
4	61
0	112
0	75
0	107
0	70
0	102
0	40
0	31
2	24
0	27
450	413
1	391
19	22
0	12
0	13
90	20
0	170
0	38
2	2032
1	112
0	2027
0	160
5	663
0	216
0	375
0	0
0	0
0	0
0	0
0	0
587	36
4	36
0	0
0	0
0	0
0	0
0	0
1	6242
2	1410
0	6006
4	6107
0	807
9	231
1	263
10	344
4	553
1	636
12	752
0	0
0	1
0	1
0	2
0	0
0	2
0	0
0	0
0	2
0	0
0	1
0	1
0	0
0	0
0	0
0	3
0	3
0	1
647	349
0	349
0	0
0	21
0	28
0	17
4	160
2	327
97	317
0	0
0	0
0	0
0	0
0	0
0	0
0	0
0	0
0	0
0	0
3	0
0	0
0	0
0	0
1	425
0	2256
5	2088
0	2101
0	347
44	1902
41	170
5	107
76	672
2	357
0	413
0	384
7	653
1	522
9	316
0	1
0	1
0	0
0	0
0	0
0	0
0	0
0	0
0	0
0	0
0	0
0	0
0	0
9	113
0	70
0	90
2	121
1	34
2	1618
0	53
0	495
3	57
1	23
2	65
2	74
40	813
0	13
9	1616
0	155
0	136
2	30
0	1290
0	1576
0	99
0	315
1	40
0	0
0	0
0	0
58	148
0	72
2	92
0	0
0	0
564	259
0	375
258	1471
15	1474
0	744
19	513
0	135
0	0
0	0
0	0
0	0
2	4
0	0
0	4
254	105
10	104
0	12
0	1
0	1
0	1
0	1
0	1
0	0
0	0
0	0
0	0
0	0
17	68
5	68
0	50
0	18
0	0
0	0
0	0
0	0
0	0
1	3
0	3
0	3
754	1215
12	1181
3	244
50	243
88	221
1	181
9	240
14	134
10	155
0	1
0	1
0	0
0	0
0	0
0	0
0	32
0	0
0	0
81	88
0	20
9	10
6	69
0	0
0	63
0	0
0	0
0	0
5	498
46	486
0	217
1	81
0	219
1	116
0	133
4	24
107	1067
0	128
23	111
0	1067
7	22
0	97
0	49
10	38
0	0
0	76
0	73
0	33
0	18
1	0
1	10
1	0
267	1656
6	1650
2	302
230	93
0	73
1	93
0	1282
0	1267
0	718
2	190
0	798
9	228
3	15
12	99
0	0
0	0
34	710
20	602
1	69
2	247
0	698
204	310
1	310
0	130
4	59
199	2764
10	1147
0	1895
41	15
8	984
198	137
0	0
79	973
3	956
5	204
6	312
4	34
6	1
0	34
0	31
0	31
0	0
0	0
0	0
0	0
0	27
0	0
0	36
0	0
1	37
0	38
0	43
0	40
0	40
0	18
0	9
0	4
0	9
0	4
0	4
0	8
0	3
0	1
0	0
0	0
0	0
0	0
0	0
0	0
0	0
0	0
0	0
0	0
0	0
0	0
55	212
0	105
0	118
0	192
13	70
0	0
0	0
0	0
0	0
0	36
145	71
3	12
0	6
0	2
0	23
33	87
0	87
0	39
0	1
0	1
0	0
0	0
0	0
34	40
0	13
9	27
0	2
0	3
0	3
0	3
0	1
0	1
0	0
0	0
0	0
0	0
0	0
0	0
0	0
0	3
0	0
0	15
0	15
2	0
1	2
0	0
0	2
0	15
110	33
0	15
0	0
0	0
0	594
0	567
0	584
2	15
0	576
0	447
3	435
6	96
0	0
0	0
115	0
0	0
0	0
0	0
0	0
0	0
0	0
0	0
3	994
1	965
0	457
1	480
1	509
0	143
0	171
0	114
17	9
0	0
0	0
1	2
0	2
0	56
72	56
1	0
0	0
62	0
6	0
0	0
0	277
0	290
3	246
0	9
0	282
1	14
2	4
0	0
0	0
0	0
0	0
23	3
0	3
30	2124
0	2072
59	0
1	913
0	152
7	152
0	608
0	723
8	104
6	577
0	364
0	150
0	136
0	152
2	94
0	641
3	143
0	38
0	52
351	416
0	258
5	159
8	10
3	70
0	56
1567	468
32	468
0	2
0	2
0	4
0	0
0	0
0	4
0	0
2	1
2	1
0	1
0	1
0	0
0	0
0	0
0	0
0	0
1	874
0	824
0	854
0	456
0	354
0	329
0	351
0	331
0	332
0	318
3	311
6	259
2	102
0	33
2	105
1	37
2	1
2	19
0	66
0	65
0	794
0	0
0	0
0	0
0	0
5	226
152	163
53	490
417	577
0	138
6	101
0	340
0	0
0	2
0	2
0	2
0	0
0	0
0	0
0	0
0	0
0	0
1	2
0	2
0	0
2	0
0	2
0	2
0	2
0	2
0	1
0	0
0	2
0	2
0	0
0	0
0	0
0	0
0	0
0	0
0	0
0	0
40	30
0	29
0	26
0	5
0	2
3	1
0	0
0	1
0	1
52	1295
0	1295
0	1316
0	58
0	22
3	1142
0	26
18	358
0	128
1	585
0	479
0	1304
1	801
13	659
0	887
1	702
12	836
55	68
0	68
17	49
0	883
11	881
0	249
26	16
1	68
14	144
2	26
0	79
35	34
58	38
0	51
0	207
0	268
228	970
0	234
0	763
0	739
0	134
0	69
0	249
36	124
5	415
0	181
0	165
0	115
5	8
4	534
1	432
7	284
0	250
0	65
1	28
0	21
1	70
4	42
1	72
0	107
0	84
0	0
0	0
0	0
0	0
1	0
0	0
338	0
0	0
0	0
0	0
0	0
0	0
0	0
0	0
0	0
0	501
593	991
14	215
14	201
2	465
9	845
15	45
0	32
20	813
0	93
15	940
256	0
2	63
0	111
7	1175
11	34
1	29
0	695
0	1018
24	221
0	375
16	19
1	76
1	17
1	16
0	95
18	16
0	93
0	0
0	0
0	0
0	0
0	0
0	0
0	0
63	42
0	42
3	0
72	967
0	142
6	612
53	291
2	960
9	518
0	145
0	136
0	136
0	334
0	103
9	438
4	303
0	352
0	314
1	145
5	130
10	333
0	248
0	317
17	209
0	43
1	0
561	632
2	629
11	3
0	0
899	0
0	0
104	492
0	191
0	492
118	109
0	102
0	8
0	23
0	14
4	14
64	43
0	7
1	38
0	0
0	0
0	0
383	614
47	627
0	57
0	727
2	437
0	642
1	172
0	157
2	120
0	260
0	119
2	324
1	155
2	9
1	9
0	5
0	2
0	3
371	89
7	21
3	68
4	6
0	6
1	0
91	223
0	223
1	89
6	24
0	13
0	0
0	312
0	303
11	307
0	94
0	97
11	26
0	35
0	52
5	40
1	0
190	0
100	231
0	138
0	177
0	216
464	886
5	399
5	875
0	0
0	0
327	612
9	500
0	100
0	77
0	0
0	152
0	6
0	6
0	1
0	6
0	5
0	0
0	4
14	0
0	389
0	419
5	419
1	419
1	405
0	48
0	21
0	48
1	26
0	40
0	28
0	27
0	49
0	0
0	0
0	0
0	0
0	0
21	1
0	25
0	25
0	25
3	25
0	21
0	5
0	0
1	0
0	0
0	0
0	0
0	0
0	0
0	0
82	23
0	14
0	9
0	0
0	0
0	0
0	0
0	3
0	5
0	3
1	1
107	344
0	46
2	161
0	207
3	1
0	42
8	41
0	27
5	27
0	44
0	0
0	0
190	8409
38	4
5	8394
40	8424
36	1193
103	2394
0	8
0	2
0	8
1505	2341
213	2411
3	2047
66	47
0	168
57	564
27	1018
17	460
0	0
0	0
0	0
0	0
0	0
0	2
0	0
0	0
0	2
0	0
0	0
0	0
0	0
0	0
0	0
0	0
0	0
0	82
0	49
0	79
0	247
2	5
0	8
0	247
82	3381
0	1465
0	3292
4	2968
1	3148
0	1094
4	153
0	586
0	445
1	1091
0	989
13	1066
5	480
19	342
0	0
0	2
0	0
0	0
0	106
0	255
9	40
13	70
0	126
0	80
0	259
0	268
0	3
0	0
0	0
0	3
0	3
0	0
0	0
0	0
0	0
0	0
0	0
0	0
0	0
0	0
0	0
0	633
0	626
1	102
0	54
4	440
62	192
7	52
0	105
5	93
0	48
0	16
500	2160
1	146
0	2160
0	14
0	0
4	14
0	14
0	1
0	1
0	0
0	2
0	0
0	2
0	2
3	71
3	80
0	26
0	23
0	30
0	13
0	7
0	6
0	3
0	3
0	3
0	0
0	1
0	0
363	30
0	0
0	0
0	0
0	0
0	0
0	34
147	514
1	489
0	125
18	8
5	0
0	66
0	11
0	0
0	0
0	0
4	2317
38	2498
51	2481
125	18
0	771
65	771
0	588
0	0
0	0
0	0
8	2394
3	883
0	1233
4	1184
0	0
0	0
0	0
0	0
0	0
0	0
0	0
0	324
350	315
0	96
0	109
1	93
0	324
0	0
0	0
0	0
0	0
0	0
0	0
1	0
0	0
0	0
0	0
0	0
0	0
0	0
0	0
0	0
0	0
0	0
0	0
580	173
3	101
4	51
0	28
39	3723
52	373
5	3748
0	2954
0	2755
16	1045
22	46
156	486
23	214
2	58
26	57
0	81
0	117
7	81
4	113
30	0
0	0
0	0
0	728
0	725
4	609
2	725
0	568
0	30
0	3
0	16
0	318
6	46
2	594
87	0
0	0
0	0
484	623
0	623
0	59
0	59
0	57
0	57
0	12
0	36
0	50
0	4
0	32
1	18
3	3
0	57
0	59
0	0
0	0
0	0
229	1424
0	275
1055	0
36	459
2	267
2	90
8	132
0	96
5	453
94	281
72	689
0	391
13	265
0	0
0	0
0	0
0	0
0	0
0	0
0	0
0	0
0	0
0	0
4	196
0	236
2	287
1	82
30	0
26	685
11	653
0	62
0	1097
48645	10982
9	7015
0	1080
1	0
0	0
42	272
25	272
1	273
0	219
2	249
0	19
186	107
0	64
1	54
0	48
0	43
1	21
0	15
0	9
0	0
0	0
0	0
0	0
0	6
0	6
0	3
0	3
0	3
0	0
0	0
470	0
0	541
0	1
0	2204
0	2205
0	2205
0	596
0	1
1	1
0	4
0	1
7	0
0	601
92	414
0	2213
0	98
0	239
0	352
0	855
2	296
0	158
0	2204
0	22
0	22
0	22
0	22
34	622
0	76
3	625
0	125
5	7
0	0
0	0
75	559
1	559
2	19
6	72
0	40
2	16
0	0
0	0
0	0
0	0
0	0
0	0
0	1407
0	102
3	82
11	817
3	121
22	17
0	363
33	1407
2	167
0	167
14	112
9	100
154	0
0	0
0	0
0	0
3	1
0	2
0	61
0	59
0	28
0	2
9	5
0	2
0	3
0	2
0	2
0	14
0	13
0	6
0	59
0	61
0	60
0	60
219	323
0	341
32	335
16	52
0	791
129	776
0	777
0	161
1	27
0	209
0	154
0	0
0	272
1157	1234
4	587
7	205
15	210
20	325
38	999
10	878
0	795
30	899
5	22
0	271
581	23
0	958
1	797
106	618
803	737
2	737
0	130
2	130
0	0
0	0
0	0
0	0
838	1299
0	1236
0	1267
1	1102
16	115
0	97
1	824
1786	1762
12	1762
1	128
2004	0
1	102
0	107
0	106
0	105
13	22
0	0
4	8351
0	8585
0	8583
0	7957
0	7174
0	8070
7	2003
2	1933
0	8440
0	8341
0	518
2	423
1	285
3	531
0	163
0	170
3	106
0	33
0	4
0	63
1	210
25	210
2	95
0	6
0	0
0	0
125	488
31	401
0	0
0	0
0	0
87	180
3	179
0	129
0	134
0	90
1	55
0	0
0	0
0	0
0	0
0	0
0	0
0	0
265	437
78	435
94	172
9	72
0	3
0	71
0	0
0	2
0	10
0	10
3	5
0	6
0	5
1	0
0	4
0	1
0	0
0	0
0	0
0	1
0	0
0	0
0	0
45	17
1	17
635	731
3	459
8	102
0	101
0	0
0	0
0	0
1	411
3	225
0	30
0	289
6	284
0	117
0	1049
2	1352
60	2092
29	1
2	1557
0	5
0	2087
1	559
91	76
2	0
0	79
29	272
0	190
2	255
0	188
0	232
0	140
0	123
0	13
22	2
52	2
0	84
3	79
45	1
0	1332
1	180
3	1366
0	88
1	1326
0	139
56	20
8	289
0	1310
0	115
0	101
0	6
1	4
0	14
10	3
12	6
1	9
1	380
1	210
0	387
0	42
0	32
3	116
0	383
1	0
0	104
0	104
3	102
0	9
0	473
0	562
40	141
11	216
7	24
0	0
4	430
16	430
33	1
28	11
15	0
7	959
6	59
0	931
0	191
0	238
0	115
1	14
3	239
0	72
0	70
0	2260
6	2263
31	2210
1	428
23	303
24	515
0	446
0	108
2	263
9	20
2	192
2	88
0	48
0	50
0	7
0	7
0	7
0	6
0	8
0	1
0	2
0	1
0	0
0	62
0	0
0	0
0	0
0	0
0	0
0	0
0	0
0	96
0	100
0	105
0	106
1	10
0	71
0	5
0	64
1	20
0	44
0	11
2	8
64	243
0	128
0	178
11	11
0	46
0	0
11	60
99	60
0	0
0	0
0	0
0	0
0	0
0	0
4	4101
0	4101
91	913
1	178
4	10
0	37
0	43
0	10
22	45
0	327
0	311
7	30
7	42
1	317
2	229
2	37
3	194
0	0
0	0
0	0
0	0
0	0
4	3
0	0
0	0
0	0
0	0
0	5
0	5
0	52
0	0
0	0
0	0
0	0
1	0
0	0
3	2185
0	1030
0	1484
2	1133
3	1841
0	1713
0	992
1	214
0	1229
82	0
8	715
170	18
5	18
0	0
0	107
0	107
0	21
37	0
450	1088
0	940
7	514
6	91
5	47
4	17
1	17
1	2
0	2
258	7624
558	7182
0	0
4	9
0	9
0	2
1445	2117
16	551
18	1566
20	33
4	413
6	1013
59	836
8	659
11	41
25	0
0	0
0	0
0	0
0	0
0	0
0	2
14	2
0	2
0	2
0	2
0	2
0	2
0	2
4	86
0	49
0	54
125	84
2	32
1	17
0	30
0	51
0	51
0	52
0	37
0	34
0	92
1	91
17	121
1	117
3	81
5	0
0	0
0	0
0	0
0	0
0	0
0	0
6	148
13	202
2	28
0	205
0	3
0	25
0	17
2	25
0	30
0	98
0	2
0	14
0	58
0	28
0	211
0	0
0	0
8906	1504
3	1504
0	0
0	0
0	0
18	22
0	22
10	666
0	666
1	657
0	888
9	0
0	405
0	561
19	880
0	353
1	311
0	62
0	517
6	595
0	888
27	236
12	236
1	12
1	137
0	88
0	54
0	0
0	0
0	0
0	0
0	260
0	195
27	199
1	60
0	72
0	36
0	119
2	39
0	157
0	114
1	0
622	701
0	124
0	139
1	58
0	691
10	25
0	28
0	12
5	44
0	125
0	106
0	99
2	36
0	0
0	0
0	0
0	0
0	0
0	203
0	208
0	208
2	16036
0	16255
0	0
0	0
0	0
0	0
0	0
70	100
81	140
0	119
0	16
13	0
3	81
0	81
0	0
0	0
0	0
0	0
0	0
0	0
0	593
0	3450
1	357
0	3741
0	3345
6	2060
0	3344
0	432
0	3661
3	36
0	10
1	36
2	6
13	182
324	181
1	59
0	50
0	0
191	0
0	626
0	688
73	526
0	268
0	5
0	3
0	1
0	5
0	2
0	3
0	3
0	0
0	1
6	20
0	35
4	35
0	20
0	21
0	1098
8	1111
7	1003
12	444
0	365
0	236
0	255
158	182
227	463
0	251
2	126
12	335
0	219
2	23
0	197
0	209
0	72
0	137
0	44
2	0
0	0
0	165
304	56
8	46
5	30
2	11
0	1155
0	1082
2	134
0	2
19	564
37	166
28	1157
705	1157
42	19
18	0
13	215
17	586
25	0
0	208
0	86
8	99
470	121
176	22
33	514
0	51
2	99
2	37
10	303
0	213
0	479
0	405
0	395
0	395
0	366
1	52
1	193
0	39
0	90
2	27
0	0
0	0
0	153
0	140
0	38
0	99
0	154
5	135
0	13
0	39
2	37
0	39
0	53
0	25
0	22
0	22
0	19
32	19
0	6
0	5
0	5
0	2
596	1833
3	1833
0	248
1	250
0	644
0	346
0	6
0	6
46	5556
6	5556
0	0
0	0
1	0
0	3
0	10
0	9
2	0
0	537
12	467
3	537
2	33
0	369
0	0
0	0
0	0
0	0
0	0
1	0
0	957
0	957
76	10
75	7884
4	13151
13	12998
154	8791
0	14
0	11
0	21
0	29
0	18
0	18
0	8
2	5
0	6
0	4
0	1215
0	1211
7	83
10	180
6	83
3	36
0	0
0	238
0	115
3	0
0	0
0	0
10	50
0	4
1	9
0	0
0	0
0	0
7	2
1	3073
14	758
16	3070
0	32
0	7
2	92
5	92
228	299
2	82
0	184
0	197
12	162
0	158
0	18
0	43
45	5
8	73
0	0
0	0
0	0
11	2820
965	2820
4	177
11	587
9	304
0	0
0	0
0	0
0	0
0	0
0	0
0	27
0	16
0	0
0	0
1	0
5	247
1	15
876	401
1	311
40	393
1667	2527
17	2179
0	63
0	66
0	25
0	31
1	11
0	14
0	22
0	16
2	5
1	7
0	5
0	9
0	9
0	5
0	3
1	2
8	13
1	13
0	3
0	0
0	0
0	0
0	0
0	0
0	0
0	0
10	97
2	50
0	97
0	0
0	0
17	0
291	116
3	116
1	48
8	0
0	0
0	0
0	0
0	0
0	0
0	3
0	4
0	4
0	0
0	62
0	0
488	66
5	64
4	93
1	105
0	71
0	87
0	0
0	0
860	0
1	511
0	460
8	111
0	162
0	0
0	0
0	0
1	134
0	117
1	186
0	129
0	97
3	1173
6	1146
7	1155
1	48
2	27
12	129
2	31
0	23
0	28
0	17
5	81
0	47
4	31
0	0
128	795
0	795
0	1
0	1
0	1923
0	1939
20	1067
6	1576
9	1161
1	268
4	53
34	457
1	1144
30	171
11	194
11	434
33	319
0	31
6	1
0	1
0	0
0	0
1	0
0	0
0	0
0	0
0	0
885	304
9	89
6	174
2	194
15	2144
1069	3727
21	744
6	284
6	818
1	451
48	194
0	139
262	599
0	19
1	211
1	61
0	0
0	0
0	0
0	0
0	0
0	0
0	0
0	0
105	1775
0	1838
5	1028
0	653
0	290
0	109
5	605
0	374
0	315
0	260
1	637
14	658
4	142
860	129
26	129
6	44
0	0
349	124
4	124
2	63
902	131
0	131
0	0
757	306
0	163
2	115
2	69
39	4
0	2
0	2
102	2
0	453
2	0
1	88
0	88
0	44
0	126
1	119
0	77
5	57
3	66
0	453
2	0
0	0
7	989
9	795
12	798
11	660
2	155
0	352
0	485
3	217
0	0
0	0
0	0
3	36
0	47
0	214
0	7
13	214
3	67
5	55
60	66
0	60
1	27
0	14
2	0
94	0
3303	2285
1	2309
15	2086
17	86
92	251
0	216
0	278
19	284
0	21
0	47
1	129
11	65
63	2114
2	2112
0	2114
25	1566
66	2629
0	1383
36	2154
0	178
2	28
0	143
2	252
27	192
0	81
98	3625
0	0
0	0
0	0
0	0
0	0
0	0
0	0
270	13
14	13
3	0
3	7
0	7
0	1
2	1
272	116
51	116
20	20
21	100
1	85
0	53
45	35
0	14
0	27
0	28
0	0
0	22
0	22
0	4
0	8
0	0
0	0
0	22
1317	613
0	19
0	3
0	73
2	73
1	39
7	81
8	7
5	15
0	71
3	20
0	56
0	15
64	44
24	311
0	39
0	137
0	136
1	2
2	8
2	29
2	15
0	13
0	0
102	0
0	0
0	0
0	0
0	0
0	0
0	0
0	0
1	0
0	0
0	0
0	0
21	1785
26	5875
1	5887
2	0
30	570
0	1078
0	0
41	127
0	0
0	0
0	0
0	0
712	0
0	0
0	0
0	0
0	0
1	0
58	377
0	252
9	217
0	67
0	52
6	21
0	26
3	21
14	7
1	12
1	529
4	406
4	319
0	292
0	337
0	75
1	42
0	25
1	0
0	497
1	462
6	51
33	112
1	691
1	0
0	0
0	0
0	0
0	0
0	0
0	0
0	0
0	0
0	0
0	679
1	681
0	639
3	63
17	274
3	107
0	9
6	38
0	683
18	430
30	111
246	455
4	42
17	116
0	116
3	10
0	503
0	421
0	342
0	9
0	14
0	473
8	299
1	288
5	217
0	0
0	0
0	0
0	416
0	433
0	328
3	10
0	412
0	58
0	433
0	436
0	413
0	14
0	433
0	289
0	361
0	5
0	97
1	63
10	20
0	175
15	0
0	0
0	85
0	75
0	31
0	65
1	1
0	23
21	25
1994	1321
4	257
5	808
0	256
0	0
0	0
0	7
5	42
0	0
8	0
0	35
0	0
0	0
0	0
0	0
0	0
0	0
9788	8417
1	2312
29	895
17	5377
154	33
0	6
0	6
29	0
0	0
147	6182
2	4401
6	777
1	2
0	1
0	2
39	602
0	623
33	736
1	585
0	601
0	724
10	90
7	141
0	54
30	309
0	68
27	25
6	42
0	93
1	8
0	8
0	0
0	0
0	3
0	3
0	0
0	0
0	0
0	0
0	0
0	0
0	0
0	0
97	6
0	0
0	0
0	0
0	0
0	0
0	0
0	0
0	0
0	0
0	991
0	0
0	0
0	0
0	0
0	0
0	101
0	101
7186	148
0	146
7	2
0	3
0	3
0	3
0	3
0	3
0	3
0	0
0	0
0	0
0	3
0	0
0	0
29	522
4	485
19	127
80	195
0	0
0	201
0	64
4	25
0	247
7	247
0	169
0	151
5	41
0	0
1125	361
0	361
190	2525
8	2575
1	379
0	411
0	1043
1	472
27	248
21	213
0	10
8	10
0	2
0	3
0	4
0	4
1	0
0	0
0	0
0	0
201	4
7	4
180	328
0	304
0	123
0	0
31	65
14	242
0	38
0	215
0	178
2	192
0	22
0	20
63	1783
0	1731
15	1767
0	1698
1	225
0	1494
6	193
4	51
1	284
6	641
1	332
29	248
0	123
12	44
0	0
0	0
0	0
0	0
0	0
0	0
0	0
0	0
0	23
2	23
0	0
0	23
0	2
0	2
0	0
0	0
0	0
0	0
0	0
0	0
0	2
2	0
0	6899
78	6
103	5063
29	3140
0	5409
0	6119
0	5714
0	2737
1	1368
3	730
11	149
0	150
0	132
2	59
0	43
3	985
19	854
0	981
50	923
0	903
0	181
0	0
0	2
1	2
0	0
0	0
4	8
0	334
10	411
1	1
0	21
0	33
146	423
0	394
0	267
0	0
0	0
28	10619
2428	11198
0	4760
7	1941
7	579
14	45
0	17
1	2
0	0
0	52
0	0
2	16
0	2
0	2
0	0
0	0
0	0
78	368
18	368
1	20
1	27
0	27
0	8
0	3
5	1463
0	1463
0	0
0	0
0	0
0	258
0	0
0	0
0	0
0	0
0	0
0	0
0	0
0	0
0	0
0	0
0	0
0	0
0	0
0	0
0	0
0	0
0	0
0	0
0	0
0	0
0	0
0	0
0	0
0	0
0	0
0	152
38	0
1244	405
1	284
2	121
0	0
0	1
0	1
0	1
2	1211
0	71
2	178
0	1220
0	91
6	26
0	86
0	132
0	176
0	119
9	134
979	14241
20	14251
59	14241
5	11940
45	11752
0	3299
4	3006
11	3021
7	2740
8	2988
14	245
1	708
0	0
0	382
4	0
0	354
0	2
0	391
0	336
0	106
0	4
0	105
0	16
6	386
0	377
0	343
0	351
2	13
0	9
1	374
0	383
39	123
1	348
0	336
0	368
1	38
0	372
0	96
7	0
0	50
0	68
3	18
2	198
0	86
1	65
0	44
0	22
0	18
373	19
4	19
23	135
2	120
0	17
0	19
1	27
0	25
1	8
0	3
12	9
0	6
0	0
0	0
0	0
299	1185
0	1199
2	408
62	776
2	32
4	28
2	18
4	5
0	2
0	4
12	12
0	23
3	0
10	225
0	215
2	230
2	97
1	14
5	15
0	0
0	0
0	0
0	0
1	0
0	17
33	18
0	18
0	15
0	3
0	3
0	18
0	17
0	0
520	1400
17	1380
0	964
101	72
23	21
36	312
0	317
1	250
3	245
0	64
0	55
0	7
0	0
0	0
0	0
0	0
1970	0
438	1067
18	981
5	74
0	882
37	176
9	76
284	14
18	8
0	0
0	8
0	4
3	7
0	2
0	2
0	0
0	76
1	0
1962	1586
14	1585
8	127
2	137
0	418
47	167
0	1
0	1
0	1
0	122
3	2320
0	887
0	240
0	2034
0	655
72	73
16	1215
9	344
0	225
0	90
22	211
220	136
0	315
2	321
1	88
9	86
30	94
1	48
0	113
0	1
0	1
0	1
45	386
37	23
3	363
0	10
1	0
0	0
0	0
0	0
0	214
0	63
370	2525
3	257
11	878
2	2284
0	204
2	645
27	239
1	891
10	334
3	320
24	349
0	0
0	1
0	1
0	1
0	0
0	0
0	0
0	0
0	0
0	0
0	172
0	172
7	13
0	17
0	12
0	17
1966	363
3	179
1	184
0	0
4	3
0	3
0	3
0	0
0	1
0	1
0	1
0	1
427	1615
0	1301
123	1581
0	526
0	0
16	149
1	9
0	114
0	41
0	45
0	4
1	8
0	78
3	148
1	69
0	55
19	71
0	132
0	140
0	14
0	16
2	19
3	19
1	12
0	1122
296	1138
0	603
4	176
3	271
0	0
1	2
0	2
72	11
78	31
0	0
0	0
0	0
0	0
0	0
1	0
9	966
301	1013
0	215
5	180
0	47
0	449
0	6
0	44
0	58
0	449
1	430
5	434
0	15
0	56
19	5
2	437
7	22
0	99
0	109
0	75
0	106
16	27
0	34
11	200
0	82
0	186
0	449
0	0
0	0
0	0
0	0
0	0
0	0
0	0
0	0
0	0
195	243
2	99
1	113
11	51
8	93
0	47
35	94
0	27
1	9
0	77
0	93
257	222
0	40
0	41
0	18
0	19
0	17
10	0
0	0
9	135
2	136
0	63
0	25
3	1
0	811
0	916
0	117
0	130
0	189
0	161
0	33
531	84
2	13
0	117
1	106
0	25
0	21
0	2
16	110
0	22
0	1968
7	1827
93	1728
20	1715
145	1661
109	438
0	321
79	9
0	15
0	26
0	13
0	181
22	197
0	197
0	20
7	45
763	580
9	52
1	52
200	31
5	0
0	0
0	0
0	0
0	0
0	0
0	0
7	1376
0	1425
0	279
1	1558
0	938
0	191
4	143
159	55
0	51
0	7
0	2
10	20
0	20
0	9
19	741
10	494
0	683
2	578
6	45
8	0
9	1316
5	633
5	1327
0	1336
3	1318
0	718
10	193
10	216
0	189
1	60
9	0
15	7
1	270
78	271
0	58
2	9
150	4
17	4
28	1202
0	990
0	1043
0	71
3	884
2	162
0	150
65	0
3	0
0	0
0	0
0	0
0	0
0	0
0	0
0	0
0	0
0	0
0	0
0	0
212	270
21	148
0	88
1	131
0	68
0	104
0	325
85	2230
12	160
0	188
4	176
2	144
0	180
22	754
0	2126
19	47
1	226
6	260
62	7
6	14
43	88
1	151
9	214
0	200
2	34
0	52
0	10
0	221
0	214
119	110
0	94
0	34
0	21
2	34
0	0
52	178
3	134
5	152
2	30
0	110
0	100
2	65
6	20
504	0
0	0
0	0
0	0
0	0
0	0
0	85
0	3267
81	648
0	811
5	3356
0	2484
0	2353
0	506
7	724
13	200
184	23
2	23
136	599
591	615
8	452
0	463
5	3
0	0
0	3
2	22
0	0
90	7
0	7
0	5
5	446
0	446
13	440
73	202
9	29
0	42
0	12
0	10
0	15
0	34
0	6
0	8
0	41
0	13
0	17
0	12
0	11
2	1
0	11
0	15
0	3
0	1
0	1
0	0
3	4
0	4
394	0
0	0
0	0
0	0
0	0
0	1
0	1
0	1
0	0
0	0
0	0
0	1
0	0
0	0
0	0
0	0
1	4
0	4
0	4
0	2
4	2
0	4
1	4
0	0
3	1
0	0
0	0
0	0
0	0
0	0
0	337
0	383
2	104
3	533
0	326
0	438
0	496
0	485
0	172
0	179
1	184
0	208
0	216
0	227
3	26
0	43
3	3
2	2
0	206
22	594
20	598
0	543
0	523
0	504
4	195
0	200
2	28
0	25
0	76
0	72
1	23
0	209
0	209
0	76
1	25
0	7
7	96
5	89
0	20
0	2
0	2225
1	2068
112	6
2	1821
0	2207
119	247
0	247
0	243
0	0
2	86
9	966
12	74
15	22
6	5
2	305
2	118
0	963
0	0
0	0
0	0
0	0
0	0
0	0
519	564
0	564
2	320
0	318
0	278
0	95
0	62
0	0
0	3
59	90
0	90
153	116
3	114
75	2
0	1072
1	3334
0	3719
12	3728
0	382
4	164
3	167
0	199
0	0
5	811
0	883
0	876
0	881
0	639
0	601
9	16
0	129
0	67
0	98
9	24
0	339
0	91
0	43
28	42
0	0
8	63
0	15
0	55
15	62
0	52
687	95
0	35
1	90
265	1512
24	107
6	100
0	1531
17	331
1174	1279
41	1279
28	347
0	356
0	2
0	189
0	176
0	159
0	9
0	4
0	14
24	27
0	0
1	33
3	45
0	14
0	0
0	45
0	0
0	0
0	8
0	0
0	1
0	8
0	3986
15	211
0	3918
8	1031
0	1210
131	1
0	0
0	1
0	1
1	1308
0	152
0	79
0	124
9	99
50	23
7	55
0	213
0	55
0	1173
0	0
0	0
2	17240
20	7777
3	10241
2	15394
27	8358
1	7550
0	0
0	0
0	0
0	0
0	161
2	161
0	62
0	37
0	0
0	0
0	0
0	0
0	0
1	0
0	0
0	0
0	0
0	0
0	0
0	0
413	0
0	2
0	2
0	0
9	89
0	42
0	0
0	0
0	0
0	0
0	0
0	0
0	0
868	586
0	502
0	540
3	161
1	75
0	0
0	0
0	0
2	33
33	139
2	90
0	74
0	89
0	0
0	0
0	0
0	0
0	0
3194	2434
1	2434
9	1
3	113
0	0
0	0
2	44
0	51
6	51
25	345
0	322
0	67
118	2
0	49
2	85
0	91
0	91
0	25
0	10
0	39
0	39
0	55
8922	1511
11	577
1	934
0	203
11	173
0	202
0	181
8	0
11	81
5	85
8	56
11	57
0	2
0	2
0	0
0	0
0	0
0	0
0	0
0	120
0	300
38	42
0	61
0	318
0	16
9	90
0	246
0	78
0	2728
19	1519
140	0
14	397
0	473
0	572
6	238
23	0
12	2094
7	36
0	652
1	2
16	290
0	0
0	0
0	0
0	0
0	0
0	0
0	0
0	0
0	329
0	0
1361	331
16	331
176	77
7	77
0	46
0	38
0	0
0	10
2	44
0	44
0	44
1	44
0	7
0	8
0	2
0	13
0	0
0	0
90	0
5	12627
39	8337
0	9617
0	11221
59	5211
0	2196
8	2331
157	734
1	676
11	6
0	112
0	91
0	15
12	72
6	0
1	87
7	89
1	24
2	5
0	6
80	0
0	0
0	0
10	134
20	134
24	0
120	0
3	69
0	54
1	70
0	76
0	0
0	0
0	0
0	0
0	0
0	0
0	0
0	0
0	0
0	110
305	36
2	29
1	7
0	0
0	1
0	1
0	1
0	0
0	1
3	7
0	0
0	7
0	0
0	363
0	317
11	236
3	6
15	313
3	359
0	88
0	360
1	0
0	0
0	0
0	0
38	171
0	171
0	1
0	25
5	28
20	6
0	6
0	7
0	0
0	0
256	197
0	19
0	10
4	23
4	223
0	193
6	211
0	186
0	191
0	191
0	184
0	92
0	165
0	29
0	16
0	164
0	17
0	13
0	60
0	9
0	20
0	0
0	0
3	694
1	739
0	780
0	37
6	434
2	340
0	55
0	55
0	47
0	89
0	57
0	14
0	13
0	27
0	776
0	748
0	0
0	0
0	0
440	0
217	325
4	17
16	2
3	290
0	18
0	249
0	144
0	45
0	66
0	22
0	15
67	32
32	82
0	44
0	1
0	1
0	1
0	244
0	0
0	10
1	10
0	2
0	2
0	2
234	206
3	213
20	26
0	225
57	645
8	1
0	1
32	668
0	670
0	596
0	184
0	187
3	151
0	109
4	51
0	0
47	885
467	1176
3	356
2	611
6	96
2	279
0	33
77	27
0	494
0	23
0	13
10	11
0	10
1	493
0	91
14	19
1	439
0	35
0	483
0	483
0	1021
0	817
55	431
4	1187
0	48
0	146
1	94
0	63
5	117
0	124
41	420
0	139
8	189
1	87
2	51
0	74
0	73
0	6
0	8
0	6
0	48
0	74
0	0
0	1189
0	1124
0	1014
0	960
19	363
0	743
0	797
14	730
0	218
3	174
9	261
3	150
0	1135
0	19
0	21
0	31
0	30
0	2
5	12
0	3
0	1
1	0
0	0
1	175
1	2630
0	2731
0	72
9	318
4	314
0	165
20	34
0	77
0	66
2	81
0	1071
4	121
1	0
33	79
3	79
0	27
0	0
4	41
14	43
0	14
0	26
4	43
0	28
1	9
2	9
0	0
0	1408
14	1045
13	0
3	32
1	84
8	710
10	649
45	170
17	124
2	73
0	1407
8	4
0	506
0	506
8	507
0	13
17	288
11	267
0	110
2	0
0	0
0	0
0	0
0	0
0	0
0	0
0	0
0	163
0	22
17	77
2	161
0	83
0	83
0	71
0	42
0	41
0	14
1	16
14	5
0	0
0	0
2792	485
21	189
23	296
10	78
0	78
33	4204
148	4266
15	1251
3	4059
23	348
0	347
0	0
0	71
0	61
0	14
0	43
7	15
0	41
64	78
0	0
0	0
0	0
0	0
0	0
0	2
0	18
0	18
0	2
0	18
1	12
0	7
0	584
0	587
0	595
1	139
0	524
0	552
0	530
0	556
3	158
0	523
0	528
0	560
0	549
0	50
3	211
0	86
0	92
0	143
3	366
0	146
0	120
6	15
0	107
0	77
1	88
0	110
0	111
20	65
0	42
0	33
0	557
0	0
863	369
104	369
0	0
4	141
0	141
0	119
0	11
0	11
0	11
1	230
0	231
3	230
12	119
1	30
0	31
4857	1092
5	301
1	391
0	342
11	310
7	63
1	89
60	0
11	0
0	0
0	0
31	2
0	2
0	2
0	2
0	0
0	2
0	3
0	3
0	0
0	0
0	0
256	224
2	153
1	115
0	17
42	84
1	100
0	106
0	23
4	33
5	8
3	5
1	6
548	0
26	0
0	0
0	30
0	5
10	1
0	1
0	0
72	0
251	0
92	194
0	0
9	1855
9	1987
12	87
1	502
0	606
1	269
34	92
16	38
28	0
0	8
2	8
0	0
0	0
0	1
0	0
0	0
0	0
0	0
673	470
1	131
0	128
1	326
4	24
1	96
2	55
542	1378
2	409
18	621
12	31
2	417
0	309
3	812
142	2
2	126
0	309
9	395
0	273
0	820
0	0
0	0
702	3264
14	1650
0	862
5	512
12	15
9	15
9	11
0	5
0	10
0	0
0	0
0	0
0	0
0	0
0	0
0	0
0	0
3	8
0	8
1	1
0	0
1	76
512	170
0	0
0	0
0	0
20	498
1	2245
3	1319
13	250
71	474
104	2128
5	86
12	28
30	267
3	177
3	96
0	1
0	1
0	1
0	1
1112	57
3	57
255	564
0	564
0	523
17	237
3	59
7	17
0	68
8	64
33	40
10	208
1	156
74	223
39	97
0	65
0	64
0	39
0	58
0	171
0	469
0	476
0	442
0	422
0	440
0	430
0	401
2	364
11	343
0	174
0	183
30	0
67	0
0	1
1	1
0	0
0	0
0	1
0	0
0	0
1	2230
8	2095
57	2080
3	2124
3	239
9	687
8	642
0	0
2	9
188	255
0	29
0	42
0	80
6	13
0	46
0	19
0	32
6	38
0	54
5	43
0	146
3	56
0	0
3	0
2	147
5305	14408
0	442
48	3455
14	8607
13	4555
58	1711
26	2495
1	6076
10	3200
0	359
0	439
5	310
2	311
5	264
1	167
37	504
1	548
0	471
0	114
1	35
0	35
0	230
0	257
0	245
29	172
0	133
0	63
0	36
0	81
0	0
0	0
0	0
3	12
0	6
2	5
6	1
0	1
0	1
0	0
0	1
0	1
0	226
4	12
0	77
2	0
0	5
0	5
0	4
0	13
0	22
0	218
0	19
0	28
0	34
0	19
0	8
18	454
6	449
1	274
11	319
1	284
0	199
0	225
2	145
59	90
220	0
746	360
0	18
0	8
3	87
1	75
0	75
31	188
0	86
2	104
2	63
0	43
0	13
49	11
0	0
0	208
0	0
0	0
1	221
0	215
3	208
0	148
0	203
0	0
0	0
0	0
0	0
0	0
0	0
0	0
0	0
0	0
0	0
0	0
0	0
0	0
0	0
0	0
0	5
0	5
0	0
0	0
0	0
0	0
0	0
0	5
6	12
0	0
4	4
2	9
0	7
0	7
0	24
0	24
1	64
0	45
0	62
0	50
7	1
0	1
0	0
0	0
0	0
0	0
0	0
0	0
1	0
0	0
468	136
0	77
4	59
8	0
0	0
0	0
0	0
15	81
0	68
0	59
1	6
2	33
34	0
24	3
6	2067
4	718
1	770
7	534
0	489
15	2
3	0
179	2068
0	2
0	0
0	0
1	0
0	2
0	2
0	0
0	0
0	0
1	161
1	701
3	635
0	613
3	50
36	22
2	68
0	0
0	0
0	0
0	0
0	0
0	655
1	526
12	662
18	121
0	128
3	171
0	168
0	11
9	337
2	419
0	390
0	132
0	128
0	75
16	57
164	86
0	93
3450	2454
1	2316
2	0
0	22
0	43
0	41
0	40
1	36
0	2
0	6
0	77
0	79
0	79
0	22
0	20
0	3
0	79
0	1
0	1
0	1
0	0
0	52
0	163
0	82
0	84
7	147
21	5
0	12
1	0
0	7
0	28
0	4
0	4
0	26
0	48
0	0
0	0
0	0
0	0
0	0
0	0
330	0
0	0
52	15
1	15
0	0
6	0
17	197
0	232
13	26
0	63
0	83
2	47
3	27
0	245
167	0
38	220
16	331
3	856
88	871
0	81
1	85
0	74
18	12
1	0
0	0
0	0
0	0
0	0
1	0
0	0
0	0
186	1457
0	1459
7	1369
0	141
4	232
0	0
0	7
0	7
0	7
13	7
14	253
0	80
0	166
0	174
0	111
0	114
30	170
0	250
0	30
0	152
0	121
0	146
2	72
1	73
35	849
24	851
4	143
13	143
0	171
3	147
0	80
0	79
0	0
0	0
0	0
0	0
0	0
0	0
0	0
0	0
0	0
28	10846
61	983
13	10637
0	10093
0	10447
125	127
10	5859
13	1290
187	382
226	130
88	101
70	2
151	31
0	5875
571	2621
3	2590
102	0
4	1947
0	2622
6	687
10	1011
0	1668
0	356
2	1927
1	731
9	1052
0	1150
0	83
0	0
0	0
0	301
0	258
0	286
0	261
0	280
4	126
0	47
0	16
92	1362
0	1334
0	624
8	554
4	106
0	351
0	253
1	105
0	45
28	17
20	21
0	0
0	321
0	299
0	85
1	63
0	317
0	191
0	47
0	195
0	89
0	2
0	117
0	46
1	174
0	162
0	33
6	8
0	125
0	58
0	74
1	35
0	29
6	0
48	0
0	4
1	642
11	638
5	160
0	3606
30	3530
2	3264
36	2737
6	574
0	0
0	1
0	1
0	0
0	0
0	0
0	3
0	32
2	32
0	16
12	743
0	740
1	117
2	56
6	43
13	16
0	185
31	334
1	112
4	11
0	453
1131	453
4	107
0	46
0	46
0	45
0	4
0	4
2	3
0	2
0	46
0	7861
4	476
0	610
3	936
12	581
3	944
2	437
0	7131
0	7861
0	247
0	146
1	49
0	145
1	137
29	3
10	144
7	91
0	9
0	616
0	607
0	260
0	270
0	289
0	258
0	234
0	115
0	160
0	28
1757	602
0	517
0	85
1	2
0	2
0	0
0	0
0	1
0	1
13	384
0	35
0	383
198	704
0	358
1	676
1	667
0	0
0	0
0	0
0	0
0	0
0	0
0	0
0	0
8	237
1	238
4	222
0	3
0	53
0	55
1	67
0	69
0	38
0	78
0	7
1	36
1	7
0	0
0	75
0	76
0	142
0	1165
4	1178
5	1176
0	13
0	138
0	128
6	95
7132	30521
30	3490
78	3515
20	5786
64	2032
4	13090
38	4867
101	6705
236	7679
3	3671
2	5199
3	4192
4	4253
0	4256
23	4701
0	5199
0	0
0	3289
0	2997
0	1069
0	1860
0	964
9	526
11	3014
1	3118
0	646
14	281
9	376
1	204
15	59
5	354
3	288
0	3448
11	1275
0	1319
0	1249
0	1311
1	1318
0	1369
1	242
0	1222
2	1148
1	127
16	104
1	279
0	274
1	181
21	7
0	113
1	100
5	29
6	23
0	349
0	349
0	60
0	26
0	31
0	19
0	20
0	25
3	30
0	6
0	3
0	5
0	8
2	11
0	550
0	495
0	566
0	565
0	565
0	256
0	122
0	146
3	55
0	26
0	0
0	0
0	0
0	448
4	202
2	140
0	255
14	51
89	2627
0	2109
0	704
0	679
0	770
12	1160
7	444
906	0
0	264
0	649
52	2678
0	2353
31	2168
0	1937
0	282
120	2122
0	224
3	71
3	142
0	0
0	60
0	68
0	50
0	53
0	59
0	62
3	66
0	65
0	68
0	62
0	44
0	25
11	2
0	9
0	4
0	0
0	0
106	27
12	27
2	1
0	0
0	0
1	144
0	7954
259	8428
0	776
0	333
11	1729
47	7528
0	1217
0	1369
9	655
11	2870
14	1086
139	51
2	47
2	0
0	9
28	5042
34	5042
0	77
28	138
6	0
125	141
0	1211
6	971
4	919
1	1004
0	1168
943	435
16	92
2	45
0	177
2	314
0	56
0	318
0	94
4	267
7	152
1	1
0	1
0	0
1223	2425
0	665
10	825
0	1185
0	945
0	1885
0	156
1	159
2	51
1	21
0	86
24	678
23	677
0	31
0	17
0	31
0	31
1	31
1	3
777	2000
2	1755
0	771
1	391
2	247
0	24
0	24
0	21
0	0
0	9
0	474
47	474
3	10
0	121
2	14
4	512
16	294
0	592
49	203
3	251
0	180
0	135
0	7
0	179
1	164
1	18
0	28
0	69
4	46
9	6
1	0
0	1
0	7
0	5
0	6
0	4
0	4
0	0
0	4
0	0
0	4
0	0
0	1255
11	1320
0	399
5	113
0	209
1	1164
198	1612
2	109
0	266
0	10
0	1609
0	125
3	243
23	14
6	14
30	70
0	55
0	121
1	210
0	223
0	101
0	118
0	75
0	247
0	87
1	211
0	50
0	63
26	22
14	42
0	29
0	46
0	30
0	21
0	69
21	11
0	6
0	9
2	31
122	5779
43	5802
128	814
5	616
0	1124
0	1124
0	1110
0	14
0	0
0	1124
30	118
3	103
0	118
0	29
0	13
0	118
36	1246
15	634
10	88
17	83
2	627
0	56
3	64
0	36
0	15
5	15
83	352
2	352
9	31
0	0
0	0
0	168
0	142
0	62
7	11
0	11
0	154
3	7
0	53
2	1
0	151
3	102
2	120
0	60
1	44
0	0
0	0
0	0
1	0
0	0
307	146
1	36
2	98
1	12
0	22
24	3
0	197
0	199
0	211
0	220
0	120
4	24
0	47
2	29
24	38
8	61
0	17
299	0
266	427
0	333
7	39
5	84
0	708
54	793
8	593
10	618
0	194
4	102
143	0
7	0
0	0
0	0
0	0
9	3
0	0
0	0
0	0
0	17
1	123
4	168
2	90
1	27
14	0
0	260
1	289
0	123
2	0
0	289
0	0
0	0
2	4067
83	592
76	2168
0	4024
47	3973
11	187
1	80
3	186
16	12
1	12
27	0
0	0
0	20
4	20
0	20
0	0
0	0
0	0
0	0
0	0
5	132
0	162
25	31
1	118
0	64
36	31
33	38
20	64
0	45
0	148
0	5
4	7
987	342
0	342
2267	722
1	722
434	276
0	37
1	149
0	91
12	186
1057	354
0	54
13	148
0	199
1	25
0	0
40	0
0	0
0	0
1762	0
0	0
0	0
0	0
0	0
109	2565
417	2563
5	88
0	88
0	12
0	54
0	0
0	0
543	49
17	49
0	0
0	0
0	0
0	0
0	0
0	0
0	0
0	0
0	0
0	0
0	0
0	604
0	138
0	101
14	513
6	170
2	68
0	0
0	0
0	0
0	0
0	0
0	0
0	0
0	0
78	8
1	5
259	0
0	0
206	1152
3	1079
0	97
0	443
0	83
6	66
66	38
0	0
5	50
2	50
6	48
13	17
87	0
0	0
0	0
0	2
0	0
0	2
0	0
0	0
0	0
0	0
0	7
0	7
0	6
1	77
30	23
102	547
0	70
2	234
20	242
21	236
0	0
0	0
0	1958
15	1919
0	1963
0	226
10	149
43	1120
1	21
15	41
2	32
25	41
0	38
1	0
0	0
0	0
1	75
0	78
8	74
8	67
6	205
0	179
0	137
0	81
1	24
0	12
0	22
0	0
2	0
0	0
0	0
0	0
0	0
0	0
0	0
0	251
2	243
4	241
9	252
0	36
3	50
1	10
1	9
0	253
18	6
14	6
0	6
1	0
0	0
0	0
0	1
0	1
0	1
0	1
0	0
0	17
0	0
0	63
0	63
0	0
1	61
0	54
0	22
0	0
6	2
0	2
0	0
0	0
0	0
1	401
8	723
0	670
1	523
0	1479
5	150
4	37
0	33
0	682
0	676
0	1485
187	0
24	556
0	67
2	514
0	170
633	73
0	73
0	0
7	0
0	64
0	21
0	184
2	185
18	101
0	11
0	59
0	15
0	15
48	0
0	194
381	230
5	230
6	2
0	1
2	2
0	75
1	51
0	51
1	0
8	851
0	100
49	874
11	171
0	42
4	121
3	86
0	159
0	243
408	444
0	127
1	388
25	182
0	381
1	337
1	32
0	51
50	968
23	919
0	528
12	165
0	71
0	0
0	0
37	148
0	50
0	85
0	23
0	20
1	60
0	14
0	25
0	33
0	1
0	107
0	44
0	97
0	40
1	3
0	0
0	0
0	0
1150	0
53	0
3	470
29	530
0	489
0	489
10	473
0	266
0	186
0	207
8	474
0	2
0	2
0	39
0	452
1	47
0	1
2	485
1	10
0	1
0	117
9	0
0	499
1	65
0	65
0	11
1	24
6	1884
4	60
2	209
0	272
0	247
0	180
5	148
30	77
4	0
0	1840
0	1884
0	0
33	438
44	418
21	21
0	251
32	139
0	27
0	109
0	86
0	140
0	127
0	108
0	140
0	0
222	165
5	165
397	6
2	6
1	0
0	0
7	839
2	1036
75	739
12	328
0	63
0	255
65	2370
3	115
27	90
3	42
1	35
25	2370
84	830
0	904
1	668
0	122
0	405
1	87
0	621
8	184
0	244
0	598
9	357
4	368
30	61
0	28
0	51
2	38
1	99
0	76
2	41
6	81
0	61
0	542
1	188
63	542
0	45
0	45
4	82
0	71
3	55
0	69
5	82
0	6
0	6
0	0
0	0
0	0
0	6
0	0
57	0
81	119
0	119
120	9727
3	9194
248	4437
1	1138
49	4885
27	774
1292	26
0	1024
2	888
4	897
2	402
8	397
9	0
1	1009
0	964
0	731
0	674
1	314
2	185
1	64
0	12
0	12
0	12
0	10
0	10
0	0
187	156
1	54
1	102
0	34
0	34
0	29
0	24
21	60
0	92
0	0
0	86
0	92
0	5
0	24
0	28
0	92
0	92
6	21
0	41
5	54
3	43
0	631
0	510
0	196
11	39
0	59
17	355
27	9
3	39
2	38
0	95
0	21
0	21
0	429
0	502
0	0
0	0
300	0
29	265
3	266
0	32
2	172
0	45
11	50
0	0
0	0
0	0
0	0
0	0
0	11
10	0
0	0
0	11
5	268
72	252
6	50
13	54
1	0
0	0
2299	1086
2	589
3	648
0	209
22	0
3	137
0	0
0	0
0	3
0	3
0	3
0	9
3	5
5	12
0	1
0	3
1	199
89	274
0	73
20	229
0	2
3	2
0	4
0	0
0	4
0	2
0	4
103	91
1	53
0	70
2	34
0	13
0	0
0	0
20	469
0	422
0	108
25	154
0	136
0	10
1	29
0	22
0	32
1	89
0	56
0	0
3	1479
1	1475
0	1465
8	1069
3	9
7	153
0	756
2	133
2	129
2	109
0	756
0	32
0	31
0	28
940	159
1	46
1	150
1	55
1	47
0	0
0	39
0	194
2	16
0	29
0	36
0	42
0	66
2	25
0	353
0	285
0	270
3	320
0	7
3	10
3	14
0	360
0	344
0	348
0	351
0	335
0	0
5	0
1629	869
0	371
0	393
0	203
10	141
1	0
3	26
4	9
0	25
0	8
0	12
0	20
0	3
0	3
2	2
0	4
15	10
827	0
0	24
0	16
0	12
0	0
0	1
0	1
0	1
0	1
0	1
0	0
0	1
0	1
0	0
1	0
0	0
198	33
0	33
0	0
24	0
48	8686
29	111
3	704
0	279
7	84
0	137
9	165
12	186
0	129
11	223
0	8591
5	194
0	1574
7	266
0	835
19	69
88	378
11	346
0	1591
0	1
0	0
0	1
0	6
0	0
0	6
0	1
0	0
0	0
0	0
0	0
0	0
0	0
0	1
0	1
0	3
0	4
0	1
772	0
10	155
0	0
0	0
0	2
0	2
0	0
0	0
0	2
0	0
0	0
0	0
0	0
0	2
0	0
0	2
0	2
0	1
0	2
0	2
0	1
0	1
0	0
0	0
5	0
8	1067
416	1289
0	253
0	1195
0	655
0	674
6	674
182	0
12	28
0	28
0	28
1	7
0	294
0	300
31	23
0	75
1	42
0	63
0	10
1	28
0	2
0	26
0	0
13	0
6	0
0	291
0	290
1	0
0	0
0	0
0	0
0	0
0	0
0	0
0	0
0	0
0	0
0	0
0	0
0	0
0	198
0	3
0	201
1	4
5	10
1	4
19	26
2	215
0	185
12	580
1	517
4	418
0	445
0	265
4	321
0	0
229	98
0	70
0	27
1	31
60	197
0	292
0	146
0	191
2	116
0	1
31	6
2	5
0	0
0	0
0	1
0	0
0	0
0	0
36	457
0	530
0	518
0	112
0	1
1	69
0	3
0	13
0	12
0	69
0	703
0	704
0	47
35	715
0	276
0	704
0	703
450	0
0	0
147	513
0	370
0	204
0	168
0	133
0	112
3	2491
11	2317
1	323
0	43
7	7
0	0
0	0
18	871
0	476
0	869
0	21
3	91
0	32
1	70
1	15
1	47
1	39
11	1
54	345
0	82
0	325
0	36
20	0
0	152
35	63
0	39
0	0
0	0
1	10
39	37
3	24
0	21
1	20
0	21
39	22
100	12
0	1
0	9
0	0
0	0
0	0
0	0
0	0
0	0
4	0
776	145
14	47
0	145
17	3
0	0
0	0
0	0
0	0
0	0
0	0
0	0
0	0
113	36
0	35
1	1
0	0
0	0
0	0
0	0
0	0
0	0
0	0
0	0
0	0
0	0
0	0
0	29
0	130
0	436
3	32
0	79
0	439
64	432
0	64
1	41
0	0
0	0
56	6
0	0
0	4
0	0
0	0
0	0
214	791
2	428
0	560
0	792
5	14
0	14
0	2
500	36
5	36
8	0
0	4
218	4
0	0
0	0
0	0
0	0
0	0
7	341
0	367
0	361
5	318
0	29
0	35
3	8
4	125
549	327
16	327
0	0
0	0
0	0
3	64
1758	533
0	218
12	69
3	30
0	152
13	30
4	29
4	685
11	699
0	96
0	0
0	0
0	0
0	0
0	0
0	0
0	0
0	0
0	1
0	1
31	0
0	0
0	0
0	0
0	0
12	688
2	20
0	9
1	641
14	3
0	45
2	44
0	95
0	248
18	158
1	163
0	293
2	197
0	174
0	217
28	133
0	0
0	2
2	1684
0	1322
17	1682
0	6
0	5
0	6
0	5
0	5
0	5
0	5
0	5
0	5
0	2
0	0
0	0
0	0
0	0
0	1
0	1
0	0
0	0
0	0
0	0
0	0
0	0
0	0
0	0
26	355
56	671
3	911
0	919
3	13
6	322
10	44
2	194
0	2386
0	2181
22	2268
21	735
2	143
3	328
21	90
1	996
0	146
5	80
2	27
1	165
103	190
3	76
3	96
0	65
0	78
375	179
1	125
0	89
0	110
0	2375
70	747
0	296
0	1296
0	1351
0	2436
111	31
2	31
0	831
0	223
0	457
0	209
0	328
0	770
0	118
57	109
3	217
0	181
24	161
4	121
0	113
0	70
0	72
97	72
0	0
0	0
0	0
0	0
0	0
0	0
0	0
0	9
0	9
0	0
0	1
14	675
23	1167
0	1062
1	588
2	483
0	340
7	376
0	3
0	108
0	0
0	0
0	0
0	0
0	0
33	46
1	66
17	260
2	280
4	275
2	261
13	38
0	79
0	0
0	0
0	0
0	0
0	0
0	0
0	0
0	0
0	0
0	4280
0	4476
0	4092
0	4140
49	4046
115	3841
25	4077
0	970
12	559
1	493
0	240
0	102
0	4171
0	0
0	0
0	0
0	0
0	0
0	0
0	200
0	201
0	201
0	168
365	3669
18	801
46	3497
0	1693
94	2839
0	108
1	181
7	73
0	264
0	55
0	47
18	2839
19	31
0	36
1	24
4	6
0	0
0	0
0	0
0	0
56	904
12	727
0	261
0	344
0	109
0	98
0	506
0	534
0	495
0	201
562	0
0	0
0	0
0	0
53	216
0	67
7	49
3	39
1	37
0	155
0	0
0	0
0	0
0	0
0	0
6	177
0	177
36	0
0	0
0	0
0	0
0	0
0	0
161	264
11	731
0	809
0	810
0	0
1	0
0	0
0	0
0	0
0	5
0	5
0	3
0	0
0	0
0	0
0	0
0	0
1	3
0	0
0	60
0	19
3	19
0	2
0	8
0	9
0	8
0	64935
0	64908
6	63572
0	7
1	7
311	0
71	286
0	286
19	35
7	21
2	30
5	15
1	0
0	0
0	0
0	0
48	3
1	3
0	0
27	19
0	18
2	1
18	168
4	168
2	165
4	54
0	0
0	365
4	61
0	162
0	305
0	269
2	161
0	102
0	49
2	91
6	38
0	20
1	28
0	0
0	0
46	174
0	92
60	111
0	0
19	899
0	885
4	383
0	634
3	75
0	70
4	37
0	39
0	7
0	0
0	0
18	0
1222	213
4	202
32	0
0	47
1	117
665	0
2	1
0	1
0	1
0	1
0	1
0	0
0	0
6	0
2	0
0	354
0	193
0	0
0	354
0	354
484	597
122	554
0	67
0	93
0	34
6	106
536	254
0	87
24	252
1	152
0	33
0	1381
9	87
7	1108
0	84
7	1326
0	94
2	41
6	191
0	839
0	834
10	485
19	1
0	27
0	39
0	74
63	834
0	1
0	1
0	1
0	0
0	0
0	0
0	0
0	0
0	1
0	0
0	0
0	0
61	2293
0	2309
11	1605
27	0
0	4
0	0
0	4
0	0
0	0
0	0
0	0
0	0
0	0
0	0
0	0
0	0
0	1
0	3
0	3
0	2
0	3
0	0
0	0
0	3
0	3
0	0
0	3
19	88
0	88
1	45
0	7
0	2
3	57
0	17
0	31
0	2
0	5
0	0
240	28
0	20
4	25
294	1066
0	909
0	114
7	284
0	126
4	30
0	0
0	0
0	0
0	0
0	0
42	3231
30	3239
0	1269
452	228
0	171
0	194
0	136
3	281
0	235
7	365
24	80
5	522
6	80
3	160
3	212
0	116
2	1759
0	11
0	10
0	11
3	12
0	7
0	10
0	2
0	11
2	10
0	7
0	4
0	226
4	219
1	185
0	126
0	117
46	7
16	110
27	110
0	104
0	1
12	27
3	0
24	263
0	85
54	7
0	143
8	71
5	50
57	3808
30	1655
0	1765
0	1764
0	1663
0	799
1	86
0	86
0	25
373	390
12	359
7	367
2	13
5	1237
0	1146
0	995
11	70
5	92
0	3
0	3
0	2
0	0
586	9087
0	1103
1	1159
0	883
0	993
3	110
0	212
13	191
3	120
2	50
0	0
558	103
14	58
0	45
224	214
0	60
0	218
0	218
0	107
0	127
0	117
10	104
0	81
0	76
0	22
39	26
0	11
0	21
0	11
0	10
0	9
1856	3031
209	11973
17	11956
144	2749
0	608
11	1700
63	1718
27	448
0	2706
17	1276
6	618
0	2626
38	534
14	685
0	338
13	153
0	0
0	0
0	54
1	26
0	19
0	36
0	47
2	40
0	31
16	22
21	0
26	72
0	19
0	55
0	7
0	0
0	1767
0	1655
70	514
1	2
12	142
0	119
0	2
71	249
0	142
0	162
12	424
0	145
0	148
1	148
4	231
234	701
70	271
0	283
10	52
5	701
0	240
0	321
73	184
0	184
0	176
3	154
11	34
23	66
27	0
0	429
0	15
3	150
1	12
0	431
0	148
3	212
133	86
0	6
0	86
0	6
0	6
0	4
0	3
0	0
44	64
0	46
0	34
6	22
2	152
50	152
0	0
0	0
0	1323
107	1235
14	310
0	121
2	170
0	81
1	0
0	391
7	391
69	332
6	688
3	690
0	724
3	322
0	391
206	7748
130	1658
0	2043
283	843
0	2786
4	787
78	571
0	909
8	209
104	40
6	2350
26	95
0	441
0	6093
0	2
0	2
0	0
650	64
0	64
1	518
0	499
0	398
0	471
1	443
0	23
0	486
0	133
0	61
0	90
0	109
0	37
0	117
0	2
0	9
0	1
0	1
0	117
1	2160
12	2065
41	2088
26	964
2	1540
9	1401
8	471
314	0
25	108
6	61
0	120
1	96
1	32
0	0
0	0
745	0
1	39
0	0
0	0
0	0
0	0
336	0
0	0
0	0
0	0
1	0
0	2
0	2
0	2409
20	2393
254	1139
0	2121
28	715
3	2393
0	2392
0	2301
1	12
0	10
0	11
0	0
36	169
0	169
0	0
0	0
0	0
0	0
0	0
0	0
0	0
0	0
0	0
0	0
0	0
148	325
0	34
0	248
44	140
0	77
17	106
0	106
2	52
0	52
0	52
169	49
4	42
0	46
1	46
0	0
72	369
0	368
1	221
13	71
82	79
216	916
0	919
0	204
16	137
57	256
0	317
0	245
0	267
0	1238
0	38
0	36
0	504
0	1048
32	1049
0	446
0	206
9	92
0	341
1	371
0	401
0	148
1331	251
4	165
0	146
20	0
8	109
0	134
2	63
0	33
0	22
0	3
0	3
0	138
0	0
0	0
0	0
409	727
22	283
90	454
21	411
0	214
0	75
0	405
0	0
0	0
0	0
1	0
0	614
0	614
0	666
0	564
0	21
11	583
0	613
0	13
3	601
0	389
0	52
1	53
0	110
0	614
2	0
0	0
0	0
0	0
0	0
0	0
0	0
0	0
0	8
0	8
0	7
0	3
0	8
0	7
0	0
0	0
0	0
0	0
449	252
0	252
2	252
0	0
0	0
0	0
0	0
0	0
0	0
0	0
0	0
0	0
303	393
3	81
3	333
4	146
123	35
0	7
0	18
0	10
3	0
0	0
0	0
0	0
1	1656
0	1070
0	228
0	79
0	11
0	80
27	1585
12	1272
8	140
0	58
15	129
8	60
1	138
0	0
0	0
0	12
0	0
0	12
0	1
0	2
0	2
0	7
0	0
0	0
0	0
0	0
0	0
0	2
0	0
9	50
10	4
0	5
0	1
0	3
2	45
0	68
0	30
0	27
0	1223
1	1277
16	1364
0	1047
0	1028
21	155
10	72
7	281
1	141
140	220
0	184
0	11
0	0
0	0
0	0
0	0
0	0
0	0
0	0
0	0
10	547
30	523
1	249
3	15
36	9
0	447
528	1110
0	1050
5	204
5	217
14	299
10	39
0	70
0	8
0	8
0	0
0	0
0	0
0	30
0	57
0	24
0	22
0	6
0	26
0	5
0	5
0	5
0	5
0	7
0	2
0	55
24	205
0	205
0	632
0	623
0	520
21	442
5	427
0	486
0	90
0	336
11	41
0	38
0	51
37	58
45	0
0	377
0	406
0	238
26	275
0	219
3	108
6	20
385	713
0	604
0	688
22	464
0	114
0	419
11	613
1	85
0	152
0	187
3	136
329	24
123	5539
1	521
16	5527
85	129
252	217
0	196
2	172
6	153
0	63
17	43
4	4585
0	2500
16	2513
1	4187
25	2102
0	1133
1	836
0	531
17	443
0	1430
0	1601
0	1639
32	1649
19	1659
13	128
5	349
6	250
3	75
0	0
5	286
0	0
0	1601
24	1595
85	609
0	879
0	2
0	1128
0	1569
0	863
0	870
1	0
0	0
0	748
0	836
18	800
1	281
93	11
0	509
92	221
0	218
0	91
4	88
6	54
0	22
13	23
0	20
5	2
6	0
26	537
7781	761
3	743
0	0
0	0
14	186
0	178
0	73
0	176
4	168
0	106
0	119
0	125
0	43
0	42
1	8
0	0
0	0
0	0
0	0
1	0
0	0
0	0
0	0
0	0
0	0
0	14
1	2
0	12
1	135
14	120
3	123
1	2
0	30
0	37
775	108
38	108
55	0
2144	401
1	401
1872	452
0	418
1	82
187	138
4	117
51	21
0	0
0	0
0	0
0	0
0	0
0	0
0	0
0	0
0	0
0	0
0	20
0	20
3	35
10	31
0	19
1	36
1	38
47	0
14	41
0	18
26	4
0	3
0	4
0	0
0	0
0	0
0	0
68	220
0	88
7	162
7	5
1	5
0	0
3	0
0	24
0	25
0	39
0	38
127	36
108	36
0	53
0	26
22	53
7	167
0	271
0	336
0	345
0	273
0	271
1	113
9	63
0	14
0	28
2	0
2730	0
0	58
1	58
0	61
4	5
5	26
0	7
14	1
0	6
0	3
0	6
0	4
0	5
0	91
36	91
0	21
0	18
0	68
0	6
7	2
12	115
1	30
0	113
1	8
1450	439
1	385
0	199
5	2057
54	650
15	1554
0	504
0	195
0	79
0	142
2	343
49	329
28	572
2	424
4	7
0	0
574	2794
28	174
6	1024
0	1680
3	10
11	3
5	31
15	1002
5	30
11	0
7	0
16	20
0	132
0	52
7	119
1	69
0	39
382	15
0	15
0	124
0	124
0	0
61	1620
14	1627
1	41
0	2
0	2
26	840
0	1080
6	1151
0	1178
14	66
18	87
0	601
4	224
33	223
0	154
0	0
0	0
0	0
0	0
0	0
0	0
0	0
0	0
0	0
0	0
0	0
112	9
3	9
405	1283
85	944
5	95
0	268
5	452
31	98
15	77
0	247
4	25
0	0
0	0
0	0
0	0
341	165
0	94
9	116
0	116
7	21
1	6
10	0
0	66
0	0
0	0
0	0
0	0
60	2189
2	2135
0	2176
0	1535
0	1715
0	1728
29	140
54	97
13	363
9	83
0	198
0	41
0	1961
23	1019
5	38
10	505
0	33
0	547
26	89
0	0
0	0
1	0
659	368
3	38
0	330
7	0
0	0
0	0
0	0
0	585
19	317
4	362
0	55
1	243
2	93
3	0
10	0
0	2985
2	2897
126	1880
4	21
0	21
0	19
0	2
0	0
0	0
0	235
0	97
2	15
0	228
0	29
1	24
1	102
0	42
7	31
3	499
1	449
0	330
3	234
0	218
0	197
0	69
2	95
4	109
0	136
1	100
6	85
169	3918
0	1
0	1
0	1
0	1
0	1
0	1
0	3
0	3
0	3
0	0
0	0
0	3
0	0
0	2
0	3
0	0
0	0
0	0
0	0
711	4185
348	309
3	12
0	10
10	72
3	229
6	64
6	25
0	146
23	42
0	119
1	156
0	154
2	85
0	31
0	61
0	61
0	14
0	22
0	59
0	25
0	0
0	0
0	0
0	0
515	4247
0	4302
80	1328
20	875
849	385
0	385
0	0
0	0
0	0
0	0
0	0
0	0
0	0
0	0
0	0
0	0
0	0
525	131
29	34
2	44
10	57
6	0
0	0
0	646
0	664
1	391
0	316
35	0
11	255
2	23
13	253
6	229
18	175
0	0
0	69
2	64
1	5
0	9
1	0
0	0
0	0
0	1
0	0
0	3
0	5
0	3
0	2
0	5
0	1
0	0
0	7
0	6
0	0
0	6
0	7
0	7
0	1
0	1
0	0
0	0
0	0
1	0
0	0
0	0
0	0
0	0
0	1
0	0
0	0
0	0
0	7
0	0
0	0
0	0
0	0
0	0
0	0
0	1
0	1
0	1
0	0
60	933
2	7109
11	30
1	7048
0	0
0	0
0	0
0	0
606	144
0	101
1	119
0	107
0	0
0	0
0	0
292	47
18	47
0	0
0	4
0	4
0	1
0	0
0	0
0	99
0	102
0	3
0	17
0	10
0	4
0	99
0	45
0	48
0	29
0	20
0	20
0	10
0	5
0	1781
5	471
3	1220
0	1480
0	1491
0	1911
0	1577
39	525
0	1359
0	1843
0	1767
0	1215
26	1707
3	188
0	1053
0	111
2	111
0	176
0	984
8	83
0	122
0	1004
44	0
4	0
0	233
17	0
20	534
0	1831
2	1868
0	1819
0	7
0	4
0	3
0	1
0	0
0	0
0	0
0	0
10	16
0	15
0	2
0	4
1	1
0	0
0	0
0	0
0	0
0	0
0	0
0	0
0	0
0	0
0	0
0	0
0	0
1	1601
1	191
0	768
0	42
43	53
17	1503
0	83
0	147
0	41
17	163
3	152
0	108
0	118
0	59
5	59
2	53
754	0
0	0
0	0
0	0
0	0
0	167
0	162
0	101
0	83
5	25
0	0
0	167
0	162
2	465
3	311
2	496
3	488
20	0
0	0
13	1081
0	1104
12	178
0	300
4	7
0	3
0	4
5	1572
30	1298
0	1459
31	1451
9	1552
11	291
968	9850
0	9865
0	8778
73	2820
3	730
9	1083
0	926
4	844
19	105
0	83
86	0
24	1386
119	86
0	1410
115	1465
8	242
9	0
18	0
0	0
1	0
0	0
539	0
12	1
0	1
0	0
0	0
14	425
0	401
0	154
0	155
0	172
0	112
108	1615
4	1421
5	89
0	86
4	75
2	125
3	80
1	235
6	61
237	712
8	716
0	10
7	0
2	335
52	642
0	77
0	410
103	610
0	0
0	0
0	0
0	0
0	0
0	0
0	0
0	0
13	42
0	2
0	35
1	8
0	0
0	39
0	233
3	52
0	89
0	281
0	272
3	219
0	66
7	41
1	46
0	41
4	108
1	96
12	68
0	507
21	516
21	20
0	21
2	327
0	329
0	344
4	0
0	322
0	297
0	303
0	312
0	318
0	107
5	0
4	22
1	57
8	51
0	0
0	0
0	0
0	0
0	0
3	0
0	775
47	112
2	99
0	18
0	5
1	0
0	6
0	4
0	0
0	4
0	30
0	87
1	4
0	80
0	65
3	5
0	36
1	3
0	4
7	30
0	30
0	262
94	305
0	266
0	280
47	240
0	148
0	46
90	39
7	18
0	6
0	6
0	4
0	6
0	4
89	53
0	21
0	32
23	0
0	0
0	0
54	9056
2	6643
11	697
0	0
0	0
0	0
0	106
1	56
0	101
0	15
10	19
14	27
1	3
14	78
0	56
0	18
2	16
0	0
0	0
0	0
0	0
0	37
3	38
0	10
0	5
0	6
394	117
0	117
0	0
0	0
0	0
0	0
0	0
0	0
0	0
9	0
0	0
0	0
0	473
0	216
0	352
0	472
0	306
0	182
1	3
0	3
0	0
0	0
0	0
0	0
0	0
19	1511
0	1463
1	687
115	744
0	813
10	125
5	305
0	293
19	180
3	125
0	64
23	1520
1	214
0	69
0	0
0	0
0	0
0	0
0	0
0	0
6	1229
1	210
25	1020
14	182
8	1225
0	220
25	208
2	273
12	87
0	4
0	4
5	4
0	2
0	1
0	0
46	29
0	25
0	3
0	0
0	10
0	2
0	2
0	0
0	0
0	0
0	0
0	0
0	0
0	0
0	0
0	0
0	0
0	0
0	0
0	0
0	0
6	0
17	2144
0	2199
4	2088
6	392
5	204
21	955
2	550
0	96
0	387
16	344
20	212
0	9
0	10
0	0
0	0
0	0
0	0
0	0
0	0
0	0
4	13
0	13
0	5
0	5
0	0
68	56
866	56
1233	163
1	11
2	152
0	1
0	1
0	1
0	1
0	0
0	0
0	0
0	0
0	0
0	0
0	0
0	47
13	0
3	144
4	309
118	341
90	253
0	98
7	23
0	37
124	16
2	0
0	0
0	0
0	0
0	0
0	0
0	158
4	86
4	76
108	79
0	0
0	20
3	20
0	20
0	0
0	7
0	9
0	0
0	0
0	0
10	161
0	2850
0	2157
167	161
5	1321
67	0
46	454
0	1571
2	1935
0	2066
19	234
28	58
7	241
2	90
2	1422
0	330
0	244
1	216
2	138
0	385
3	47
0	1205
6	158
11	89
0	89
0	1
0	470
1900	4001
48	1316
35	981
45	2012
9	528
13	777
133	32
0	32
0	0
0	0
0	0
0	390
0	384
51	425
1	1
0	27
0	13
0	16
0	9
0	39
3	59
0	52
649	387
0	398
0	398
0	79
0	127
7	99
0	42
0	13
58	115
0	166
1	3
0	13
8	108
7	15
124	26
0	13
0	22
0	11
1	163
3	163
0	28
0	11
20403	142480
92	45827
20	38814
31	100450
233	52903
0	82758
141	72663
76	65552
5	559
6	561
0	517
0	242
0	0
0	0
0	0
0	0
0	0
0	0
0	0
0	0
0	0
159	690
32	130
4	611
0	123
2	40
0	398
0	614
4	20
0	122
0	193
15	65
1	166
2	177
1	177
0	54
0	0
0	72
0	172
3	50
0	0
0	0
0	0
0	0
0	0
0	0
0	0
2	84
0	0
0	0
0	0
0	0
2088	8109
20	1375
3	2121
13	897
0	0
0	0
0	0
145	269
2	269
0	639
15	470
28	730
80	1049
13	369
0	1122
0	355
0	654
3	675
2	407
1	39
9	92
258	102
1	2
0	30
6	11
2	47
0	48
0	0
0	0
0	0
0	449
2	29
1	323
0	364
66	815
2814	1015
3	199
2	276
290	59
0	47
0	13
2	29
11	0
39	2028
7	1022
0	454
3	782
7	1971
0	172
0	983
11	0
2	3235
0	1162
0	1591
18	0
0	2564
7	414
2	439
0	322
3	0
896	983
13	110
0	304
39	242
20	205
17	52
362	1674
0	295
8	220
0	134
0	329
12	11
0	1549
0	857
810	76
6	76
314	102
0	36
5	100
5	19
234	89
0	74
0	11
0	22
0	184
0	116
93	98
0	49
0	166
0	0
3	0
0	0
8	35
0	23
0	23
3	21
0	8
0	2
0	90
0	82
0	49
0	81
1	58
0	9
0	81
0	0
0	0
0	0
238	0
0	0
3483	7117
28	616
0	5446
2	3674
9	6780
4	5552
323	1147
0	954
0	486
0	316
0	163
0	116
1	272
0	222
8	698
18	831
0	95
0	182
0	196
0	119
0	0
0	215
0	149
0	219
0	466
2	602
0	231
9	221
4	496
0	458
9	465
3	303
0	3
0	3
0	0
0	3
390	253
0	244
0	106
0	84
0	50
0	50
0	54
0	54
0	41
0	35
0	9
0	0
0	0
0	0
0	0
0	16
3	17
0	2
1	1
0	2
0	17
0	0
0	10
10	24
699	387
2	403
0	120
0	123
0	28
0	41
0	14
0	22
0	18
0	12
0	11
0	3
0	4
0	1
0	0
114	255
0	126
0	122
0	110
0	92
0	6
3	78
0	84
0	9
0	0
0	0
0	0
0	0
357	177
0	70
4	65
0	6
4	83
2284	0
0	5077
0	5076
0	4962
0	0
0	0
0	0
1	788
4	69
0	493
0	624
7	754
20	60
6	376
173	238
3	214
17	199
7	214
0	135
0	23
11	26
0	12
0	4
0	1
0	0
453	205
0	28
1467	5040
10	43
61	68
0	4395
108	0
70	97
4	359
0	205
0	4936
0	45
2	37
0	29
0	23
0	0
3	20
0	0
490	126
1	93
2	63
0	0
0	0
0	0
0	0
0	0
0	0
0	0
0	0
0	0
0	0
0	0
0	0
0	197
0	0
0	261
15	3
9	404
0	200
4	30
0	27
4	213
31	257
10	563
0	456
171	1094
0	357
0	51
0	336
71	123
0	73
8	41
4	4
3	75
0	480
0	80
6	50
0	24
17	0
0	0
3	0
0	0
0	0
0	0
108	3989
0	1681
2	0
12	300
4	368
0	316
1	2309
2	277
0	410
0	376
0	233
2	370
0	451
0	387
0	0
0	0
2	0
0	0
0	0
0	0
19	5101
0	1030
0	1556
25	879
2	469
171	4
0	1562
0	1580
0	862
0	1142
0	1580
18	22
1	201
0	3663
5	794
0	97
0	1110
0	308
0	421
8	918
0	465
0	353
0	648
0	3548
0	3397
0	1224
18	3269
0	677
13	1213
0	3083
1	509
0	907
2	488
0	576
0	250
0	753
8	322
2	405
0	923
0	898
1	757
0	515
0	701
0	699
0	471
0	16
0	378
0	0
0	0
0	511
0	541
7	289
0	382
1	33
0	3811
0	3869
3	1223
3256	19146
40	18814
146	13500
9	4136
8	5248
0	4864
14	814
0	5133
23	7532
53	1851
68	2800
0	1
0	1
0	1
0	1
0	1
0	1
0	2
0	2
0	1
0	1
0	1
0	0
0	0
0	1
6	165
0	194
2	186
0	1
0	1
0	0
0	0
0	0
0	0
0	0
0	0
0	0
0	0
0	0
0	0
707	98
0	98
20	0
0	0
0	4
0	28
12	400
2	323
2	242
0	411
33	406
0	373
58	15
709	0
308	0
1	0
301	84
1	7
28	84
0	0
0	0
0	0
0	0
0	0
0	0
0	0
0	0
0	0
0	0
0	0
0	0
0	0
1	329
0	284
1	322
1	348
0	215
0	57
2	45
88	706
13	361
4	697
1	39
1	393
0	1361
26	89
0	298
31	1549
0	212
0	0
78	3
4	1
0	1
0	2
0	0
0	12
0	12
0	10
1	270
2	270
6	11
0	0
263	325
107	5
0	320
1	459
0	14
0	2
0	56
0	474
31	212
0	0
0	420
1	17
0	89
0	474
0	489
0	490
0	478
0	400
0	433
0	14
0	105
0	0
0	0
17	650
37	1034
1	852
4	275
14	191
40	170
23	147
9	112
0	0
21	0
0	1
0	0
0	1
2	185
0	1044
0	1007
0	1447
12	1311
0	1199
49	1289
0	1181
44	1157
19	869
22	165
0	0
0	0
0	0
0	0
19	56
94	369
0	321
3	65
3	20
0	343
0	365
0	75
0	119
0	167
0	159
0	120
0	156
0	57
0	158
1	59
0	100
6	70
2	0
0	15
0	8
0	6
0	4
0	4
0	2
1	3
0	15
0	64
39	68
0	64
0	59
1	0
0	0
0	0
29	2
0	3
0	4
20	347
10	897
0	116
0	118
0	497
0	903
0	11
0	57
653	59
12	23
0	39
3	671
16	671
1981	668
10	74
0	0
354	949
0	367
0	906
0	793
0	917
0	935
0	900
9	792
39	731
0	689
0	86
57	343
74	325
0	86
0	0
1	368
0	230
0	231
0	69
1	50
0	76
0	64
6	14
23	45
0	17
0	7
0	359
4	1710
244	1845
0	1355
0	1656
0	1650
10	275
19	33
4	279
125	62
0	790
0	80
4	55
0	143
4	229
0	340
0	307
0	73
1	387
1	433
0	262
2	235
20	245
15	127
38	11
5	59
995	59
0	0
0	0
0	0
0	0
63	16
0	19
0	8
0	4
1	0
0	4
3	4
0	0
0	0
0	0
0	0
0	148
25	141
12	29
2	1412
57	1412
27	363
107	1414
0	101
0	165
0	96
0	20
3	6
0	6
33	1342
0	1102
0	1163
4	1216
30	273
30	86
0	406
11	278
0	172
7	0
0	0
0	0
0	0
0	0
0	0
68	1476
2	1100
3	1468
0	1280
643	168
6	168
0	0
0	27
0	34
0	109
0	69
12	22
0	57
0	3
1	0
21	94
2	43
0	0
0	39
0	0
0	0
0	0
0	0
0	0
0	0
0	0
0	0
881	7737
31	7270
5	4371
2	411
1	2740
0	491
0	7292
2	0
0	0
606	199
0	97
13	148
847	1669
15	201
2	144
11	1574
24	1574
41	160
1	282
77	1078
0	1081
0	341
3	28
1	114
0	126
0	287
1	57
1	45
0	49
3	25
0	24
1	11
0	8
0	3
0	0
131	418
0	422
0	366
2	291
0	37
1	5
1	4
23	0
0	4
0	1
0	1
0	0
0	0
0	1
0	74
98	75
0	37
0	0
0	0
0	0
2	0
8	241
24	241
0	50
0	0
0	0
0	0
0	0
0	0
0	1
0	1
0	1
0	1
0	1
0	1
0	0
0	2
0	1
0	0
0	0
4	1
0	0
0	0
711	1
0	0
0	0
0	0
0	0
0	0
59	202
0	161
0	55
6	97
14	2
21	51
15	17
0	0
0	0
0	0
54	465
1	433
3	357
0	144
0	541
3	448
15	141
0	159
0	352
0	407
4	30
0	0
0	0
0	0
0	0
0	0
0	0
0	6
4	13
0	7
0	0
0	4
0	1
0	1
0	1
106	1
29	1
0	272
368	3895
1	3385
5	209
0	455
11	99
23	854
44	47
250	0
47	5
0	772
0	784
1	790
0	784
3	169
4	178
4	33
0	777
3	606
5	612
2	544
13	574
10	11
0	58
1	108
2	65
0	26
0	230
11	0
6	0
13	1
0	1
0	1
3	461
0	140
6	321
3	116
0	97
5	125
0	98
4	0
10	61
0	0
0	399
0	395
11	389
0	245
0	341
0	83
0	34
14	46
13	274
1	161
10	10
1	21
0	49
0	0
0	0
941	240
16	83
18	157
0	49
1	195
0	42
24	15
0	166
0	94
0	104
19	171
13	161
0	96
0	61
0	138
0	100
0	182
0	167
0	193
0	57
0	193
0	0
0	0
0	0
287	0
0	0
0	0
0	0
0	0
0	0
0	0
0	0
0	0
44	462
69	127
0	279
0	266
23	118
89	584
0	567
3	385
1	568
0	109
8	63
0	116
0	42
0	84
1	75
0	72
3	22
0	1
0	1
0	1152
2	630
0	4410
0	5239
91	4267
0	2831
12	988
3	402
1	848
27	485
0	256
0	267
0	249
0	201
0	159
0	35
2	88
0	265
0	86
0	87
0	72
0	60
0	57
15	35
0	31
0	12
3	1
0	167
0	163
0	166
90	68
1	163
1	166
0	44
0	0
1563	221
1	226
7	12
80	0
64	454
1	245
1	343
0	74
4	227
0	268
0	136
25	78
0	27
3	0
0	47
2	6
5	0
0	5
0	4
0	1
0	637
0	603
0	637
0	545
0	637
0	116
0	332
0	332
0	57
0	77
0	180
2	86
1	46
1	1
18	78
1	3
0	74
0	72
0	43
0	33
1	21
0	0
0	545
0	249
0	1
12	252
4	198
0	123
4	80
0	199
0	205
0	232
0	214
0	75
2	9
0	20
0	64
0	53
0	54
1	37
0	8
2	8
0	0
0	7
2	0
19	462
3	325
1	95
0	461
1	17
0	11
0	17
1	0
17	0
1	838
0	843
0	840
0	371
0	348
0	227
0	208
12	87
0	131
0	138
16	60
12	42
119	21
0	1
0	0
0	0
0	1
0	0
0	1
9	4
0	4
0	0
2	64
1	58
0	55
0	19
0	12
0	55
1	829
0	815
0	530
24	116
2	22
0	0
0	0
0	0
0	0
0	1
0	1
0	1
19	889
0	1041
0	985
0	145
4	120
0	11
0	10
0	8
0	6
0	8
0	8
0	8
0	7
0	7
0	9
0	7
0	7
0	8
0	0
0	0
45	0
4	739
0	1337
9	214
19	378
1	919
0	7
51	425
0	1110
0	1323
0	0
0	0
0	6
12	355
0	237
0	331
0	194
0	180
4	349
0	181
0	124
0	49
0	34
0	26
2	27
1	0
1	196
0	222
6	182
1	61
310	714
1	113
1	0
2	15
5	45
0	721
36	378
0	0
0	0
0	0
0	0
0	24
0	24
0	3
0	16
0	15
8	20
13	11
1	2
0	0
0	0
0	0
0	0
1	117
11	518
4	459
10	286
329	70
3	70
0	0
0	0
0	0
45	87
4	8
0	8
1	91
0	797
0	805
70	1076
10	1070
0	351
0	0
0	0
0	0
0	0
36	48
1	48
3	48
0	38
2	0
0	115
1	40
0	51
8	64
88	115
0	1
26	697
3	643
2	175
0	63
229	327
0	325
2	38
15	466
339	2232
3	351
86	2142
0	1224
27	1180
57	1037
0	0
0	18
0	18
0	18
0	8
0	13
0	0
0	0
270	3133
0	2551
0	2982
0	2399
0	2128
2	1093
0	1064
3	1581
9	433
0	1151
1	137
142	0
0	0
0	0
0	0
0	0
0	0
0	0
0	0
27	0
27	10
0	0
0	0
2	4
0	6
613	2423
0	2423
7	457
0	0
0	0
25	419
0	234
0	422
0	387
0	341
0	79
2	185
0	94
3	135
0	105
1	51
0	75
0	47
1	47
0	1
0	0
0	0
0	0
0	1
0	749
15	712
1	145
11	328
0	268
0	235
0	0
0	209
6	37
0	65
21	228
0	6
0	6
0	2
0	2
0	0
0	0
10	87
1	92
0	75
1	27
3	24
0	0
0	0
1922	59
33	59
0	0
0	0
0	0
0	0
0	0
0	0
158	333
0	327
4	184
0	0
0	0
3	24
0	24
0	9
1	3
0	4
1	11
83	8
359	74
5	66
0	0
0	0
0	0
0	0
0	0
0	1
0	0
0	0
0	0
0	0
0	0
0	1
0	1
0	0
0	1
0	0
0	1
0	1
0	1
0	1
0	1
0	1
0	1
0	1
0	1
0	0
0	1
0	1
0	1
0	1
0	1
0	0
0	0
0	1
0	0
0	0
0	0
0	1
0	1
0	0
0	0
0	0
0	0
0	0
0	0
0	0
0	0
0	0
0	1
0	1
0	139
0	11
0	29
24	29
0	136
2	131
1	14
12	300
0	289
0	274
3	291
1	187
4	8
104	1290
13	279
0	1270
0	572
0	592
2	481
0	757
11	118
0	13
0	592
1	31
0	0
0	0
0	0
0	0
0	0
0	0
0	0
0	0
0	0
0	0
0	0
0	4
0	4
0	3
0	210
88	210
39	16
0	16
38	0
1017	357
1	340
1	77
0	291
5	0
11	75
0	91
490	612
10	351
0	249
1	104
18	137
0	137
171	0
1	0
3	6532
47	5006
494	18
88	5396
2	5325
9	6500
0	4939
10	5369
10	3087
11	340
0	29
2	1
0	29
0	28
0	29
2	1
0	1
0	10
0	2
0	2
0	2
0	1
0	0
0	0
0	0
0	0
0	0
0	0
0	0
0	0
0	0
0	0
0	0
0	0
2089	140
117	91
153	49
0	0
4	86
0	83
0	10
0	25
10	6
40	0
408	765
0	623
41	1792
74	635
1	1458
0	1170
1	74
11	3
5	2
0	4
0	69
1926	835
14	394
4	435
8	3
56	1125
2203	1522
4	317
8	306
13	397
40	110
0	0
0	0
0	0
0	0
0	0
0	0
0	0
6	2349
0	900
20	2237
0	61
0	158
28	617
151	1619
215	1652
127	393
0	342
0	32
0	95
1	83
6	157
0	0
9	0
0	20
0	6
11	34
1300	96
0	96
2	0
0	0
1655	2082
0	537
0	722
52	1009
13	160
0	259
13	495
5	326
2	211
0	104
0	127
1	32
4	0
0	0
0	1
0	1
0	215
0	215
1	207
2	35
0	214
3	118
1	120
0	31
0	18
1	24
0	22
0	2
4	31
2	31
0	4
0	4
12	6
51	209
67	280
0	86
0	210
16	151
0	0
0	0
586	206
12	206
0	57
145	32
3	32
88	390
0	350
1	152
18	57
0	0
55	0
368	414
2	402
5	12
0	3
0	3
0	0
0	0
0	0
0	0
0	0
0	0
1	311
0	329
3	327
0	257
3	23
0	54
0	43
0	1195
0	1327
12	1327
1	117
0	1038
0	1026
0	309
0	534
3	73
0	286
0	29
0	94
4	79
24	122
0	979
0	1111
0	0
7	1565
0	1545
0	19
1	212
3	162
0	184
2	223
0	134
3	564
0	216
0	152
0	186
0	98
2	223
0	0
0	0
0	0
0	14
0	0
1	13
0	14
0	151
5	151
9	13
885	13
16	11
0	0
0	0
0	0
0	0
0	0
0	1
0	0
10	250
0	150
185	562
0	182
4	88
1	496
0	0
636	435
0	70
0	200
11	129
1	57
5	9
0	0
0	0
0	0
0	0
0	3
0	0
0	0
0	0
0	19
1	3
0	1
0	0
51	0
0	19
0	0
1	0
1	0
0	49
43	96
1	46
0	79
0	13
5	44
7	12
3	50
0	0
0	2
0	0
0	0
0	2
0	0
0	2
0	0
0	0
0	1
0	1
0	3
0	3
0	1
0	1
0	0
0	1
0	0
0	0
0	0
1	0
0	0
0	0
21	200
1	191
0	155
0	100
0	53
0	0
93	1087
0	1087
9	253
39	376
0	6
34	370
0	0
0	0
10	542
13	81
10	4
0	588
0	88
2	588
6	278
0	278
2	277
0	93
0	22
0	6
0	1
5185	1357
0	99
0	288
1	53
19	942
0	816
1	242
27	9
407	685
5	26
87	28
0	33
0	680
0	952
0	254
0	189
0	189
0	963
0	190
0	294
0	37
0	107
25	158
0	148
2	75
0	95
0	65
1	9
1	10
25	416
0	1519
6	493
0	135
0	1522
0	1225
0	0
0	0
0	1
79	152
75	34
0	118
18	413
0	413
0	148
0	122
0	44
37	33
0	16
3	7
25	9
0	9
241	904
0	925
0	572
0	38
63	78
2	52
0	59
0	51
1	61
0	18
2	3
0	0
0	1
0	1
0	0
0	1
0	1
111	14936
0	15134
49	14958
4	83
5	189
15	1035
42	2884
33	856
74	0
36	7031
0	8013
18	5643
1	7315
0	8259
125	7043
34	5823
82	7980
25	3412
66	252
0	0
0	0
0	0
0	0
0	0
0	0
67	2120
1	8324
25	920
0	8365
0	2770
5	2776
0	8362
0	8332
0	47
0	27
16	152
5	56
0	136
0	19
0	3
0	171
2043	1023
10	350
0	388
10	317
61	256
127	184
199	2
0	1
0	0
0	1
0	1
0	45
0	31
5225	307
107	234
0	73
0	0
0	0
82	137
2	15
7	178
0	66
31	39
269	43
0	19
0	27
0	0
0	0
84	22
24	21
0	21
3	135
0	44
0	47
2	47
0	42
1	37
0	21
25	0
0	0
0	0
646	0
14	69
0	29
3	323
5	294
0	25
1	52
0	12
0	197
2	20
0	8
0	39
0	113
0	1
2	43
2	8
3	14
0	23
10	1400
0	554
49	882
2	1135
5	640
8	303
24	62
3	461
114	1554
14	1554
1	301
25	149
4	5987
1	57
172	12
0	5981
0	173
0	112
0	85
0	24
319	839
55	17
13	120
22	0
0	503
0	314
4	413
14	25
0	37
5	10
0	790
0	802
0	278
1	47
0	48
8	799
6	450
0	787
0	799
0	148
0	47
2	116
0	21
1	111
0	802
0	802
0	0
0	0
0	0
18	12
2	1
0	1
0	1
0	12
0	0
0	3
194	530
27	530
38	0
0	1
3	27
5	13
0	17
0	6
0	7
155	6745
11	6661
0	362
6	153
29	204
0	338
8	3234
9	3207
0	356
52	109
0	2637
2	134
79	1006
0	462
0	282
3	581
0	382
9	552
18	522
8	88
0	88
0	345
0	125
100	206
0	28
2	90
2	121
0	75
1	43
1	35
0	24
0	999
0	982
3	962
0	31
0	4
0	0
1	996
101	0
0	467
8	458
1	71
28	275
0	37
1382	458
33	142
71	0
2	279
0	303
4	279
5	138
0	38
2	4
4	22
29	12
5	30
0	8
0	3
1	303
0	1967
3	1968
0	326
0	319
0	320
0	309
0	251
21	194
0	162
3	169
2	159
0	117
0	88
0	42
0	1969
4	0
0	0
0	0
0	0
0	0
1	0
7	362
0	362
0	78
0	1
0	1
0	13255
0	368
0	349
0	174
0	23
1	18
0	6
0	370
0	369
0	0
0	207
3	207
1	206
0	17
0	114
0	116
0	116
26	0
18	59
4	60
0	22
1	18
1	17
187	2287
0	1769
16	1481
0	1487
0	1193
1	1012
0	1016
0	982
0	982
0	707
7	780
0	779
0	389
0	1
0	1
0	1
2	0
0	0
2599	1245
24	1245
2308	0
0	0
27	5024
95	530
0	291
0	3561
0	4746
28	4219
10	3299
7	515
3	0
9	22
0	10
0	5
0	0
0	3
0	20
0	3
183	13
0	13
0	0
33	69
0	69
0	47
0	54
0	52
3	17
0	17
182	114
2	16
0	69
4	48
0	66
6	65
0	74
0	268
0	234
0	66
8	0
168	0
0	149
37	4858
18	1692
6	3175
70	3479
0	4858
2	1222
0	30
19	3
0	383
0	383
12	97
0	21
0	21
0	0
0	0
0	0
0	0
0	0
0	109
0	92
0	17
0	62
0	44
0	11
3	69
0	103
1	36
2	99
0	34
2	31
0	23
0	115
4	808
0	810
0	423
0	836
39	356
47	429
0	714
0	537
1	694
10	416
0	789
0	745
0	809
4	82
0	560
1	804
0	759
0	488
0	38
0	77
4	108
0	139
4	86
0	113
1	105
0	29
0	8
0	11
3	21
10	366
0	435
14	440
0	374
1	56
0	69
0	110
0	0
0	0
1	0
0	0
50	0
0	0
0	0
40	174
1	103
4	71
0	0
0	0
0	0
0	0
0	1667
0	1727
0	1761
39	676
4	91
28	228
6	212
1	100
0	1726
0	1760
262	0
15	0
566	0
394	192
0	192
22	16
0	10
2	9
0	0
497	229
17	50
65	117
6	51
2	49
2	37
0	3
457	0
0	0
0	0
0	0
0	0
0	0
0	0
2	15
0	15
0	17
0	14
0	14
0	0
0	2
0	5
0	5
0	2
0	2
0	3
0	0
0	14
0	341
1	4
0	37
0	332
2	260
0	273
1	11
26	37
21	0
0	29
14	634
0	28
0	658
5	39
13	163
2	26
0	87
24	0
96	353
26	833
253	1443
2	328
6	185
1	53
24	152
3	460
2	105
128	982
0	982
1	3
0	10
0	0
1	34
2	386
0	179
12	377
434	200
5	40
3	1834
0	1833
0	499
0	606
2	1875
2	519
0	245
6	108
3	237
5	1026
1	408
0	0
0	0
0	0
0	0
0	0
0	0
0	0
33	91
1	73
0	19
0	50
0	6
204	12
0	12
0	205
0	1061
0	1044
0	1074
2	515
129	1071
0	113
0	654
50	226
8	1
0	1
0	0
0	23
0	23
0	23
0	10
16	25
0	21
0	20
0	20
0	24
0	20
0	22
0	23
2	21
0	20
0	3
0	8
0	0
0	0
353	1491
35	838
9	232
11	234
19	56
0	358
35	299
0	62
0	69
0	0
0	0
0	0
0	0
0	0
0	0
0	0
0	0
0	0
0	0
0	0
0	0
0	0
0	0
0	0
40	289
2	55
2	207
2	39
4	180
130	1053
10	118
0	102
0	72
10	975
43	12
0	12
1	10
0	5
41	19
0	19
0	19
0	7
0	0
0	0
0	0
0	0
0	0
0	0
0	0
0	0
0	0
0	0
0	0
0	0
0	0
0	79
7	79
0	0
0	0
0	0
0	0
0	5
0	0
1	77
0	0
14	47
0	5
9	89
0	6
0	9
0	6
0	18
32	37
4	27
0	0
482	58
6	57
27	35
0	0
0	0
0	0
0	0
0	0
0	0
0	0
0	0
1	0
0	12
0	26
0	29
0	30
0	4
0	9
3	12
0	8
0	8
0	4
3	1962
0	1858
0	1816
3	1640
3	1569
30	7
89	179
0	313
2	485
137	16
3	648
329	343
0	211
0	205
1	123
22	77
0	97
0	42
0	15
0	108
0	201
0	91
22	203
0	97
0	87
4	203
0	1
0	1
0	1
0	1
1	0
0	0
0	0
0	0
0	425
57	286
0	29
0	395
0	47
4	57
2	65
1133	265
6	94
0	274
39	0
3	14
0	9
0	6
120	589
0	495
4	209
2	124
18	225
0	0
0	0
0	0
0	0
0	0
0	0
0	0
398	1103
8	1083
6	139
11	117
41	1101
0	0
0	0
8	1297
0	2091
2	611
0	631
1	895
2	351
7	67
6	2
0	2
0	142
1	129
0	121
0	142
0	0
0	0
0	0
343	537
154	482
3	111
0	0
5	56
0	38
0	43
48	0
0	249
3	1
0	47
0	32
0	67
5	8
0	252
0	53
0	24
0	254
504	1688
68	1702
3	754
1	859
6	89
0	175
1	87
0	0
0	0
0	0
0	0
0	0
0	0
0	0
0	0
0	0
0	0
0	0
0	0
0	0
0	0
0	0
0	0
0	0
0	0
3	0
7	0
0	0
0	0
0	0
0	0
0	0
198	0
1	0
1	0
0	0
0	0
0	0
0	0
0	0
167	293
50	238
0	46
0	97
0	0
0	0
0	0
0	0
0	282
17	96
0	266
0	266
0	0
0	0
146	326
1	322
0	74
1	121
0	55
6	57
4	57
0	57
0	18
0	17
0	6
0	7
0	7
0	31
5	5070
14	4758
69	30
79	52
35	4935
0	4964
13	1670
5	69
4	27
0	5011
0	158
0	162
0	161
0	159
0	9
0	183
0	182
0	3
0	3
0	3
5223	2072
0	2056
370	808
0	514
1	769
0	89
52	26
0	566
0	115
2	747
13	70
3	215
0	192
0	211
0	2
0	0
0	0
4	4
0	7
0	3
0	7
7	7206
277	7303
74	247
0	114
35	1363
1	360
6	291
127	188
1	50
1	188
1	8
0	1
0	1
0	0
0	1
0	0
0	0
76	353
0	334
0	44
4	5
83	433
2	428
0	114
1	8
0	40
0	1493
0	1820
16	1318
0	0
5	15274
23	15274
20	8186
0	3
0	2
0	468
1	1
0	5207
0	4272
43	5124
0	932
16	994
33	252
2	224
0	443
0	288
13	40
0	134
46	4
1	89
21	0
4	329
29	328
0	128
0	103
5	175
7	34
2	21
0	1246
2	595
4	803
3	104
1	134
5	1278
53	0
3	3025
50	2834
1	3158
0	1270
5	1539
2	709
10	1435
62	0
123	182
25	182
1	2077
1	2120
0	312
1	543
4	557
0	336
5	58
0	2020
0	7
231	609
1	542
0	67
5452	27949
89	27949
31	2800
78	4237
61	2429
68	2256
1	897
0	796
19	648
0	227
264	0
11	0
7	0
755	44
3	44
0	0
0	0
0	0
0	0
0	0
756	190
19	190
0	1
0	145
0	104
0	32
0	174
0	155
0	69
0	132
0	82
0	71
0	56
0	55
0	71
0	23
0	127
0	99
0	46
0	125
2	0
0	171
0	68
0	102
0	72
0	69
0	78
0	53
0	68
0	50
0	106
0	36
0	59
0	80
0	47
0	0
0	94
192	319
0	310
11	151
0	3744
1	691
0	3255
0	39
3	2638
4	3314
16	9
0	648
0	1631
0	3673
22	0
0	12
99	223
4	223
0	0
42	0
476	82
8	82
1	0
0	0
0	0
0	17
0	17
0	4
0	6
0	6
1	1
0	0
0	0
0	3
0	0
0	0
0	2
0	6
0	17
18	0
0	0
1	460
0	892
0	419
2	686
0	154
0	108
0	227
3	93
8	180
0	180
9	71
0	122
4	31
1	0
0	0
0	0
0	0
0	0
0	0
0	0
0	0
0	90
0	25
0	26
0	0
0	64
0	33
0	0
0	1347
0	1421
0	1413
0	1441
0	84
0	117
3	1344
2	1358
0	1373
3	1440
4	167
4	126
6	115
24	315
0	123
0	179
0	32
0	51
0	89
0	35
0	43
26	11
0	6
0	3
0	4
0	1375
118	963
3	227
1	144
5	205
0	700
0	648
9	71
15	195
4	460
8	40
63	4
26	75
8	181
86	109
0	135
0	50
0	48
20	10
723	1454
0	1454
22	54
0	29
3	16
0	17
1	29
0	0
0	0
1	0
411	420
2	317
9	137
0	179
0	93
3	109
0	0
0	0
0	0
1	249
0	250
0	70
0	5
1	176
6	63
0	99
0	4150
1	4275
0	4217
0	3989
0	278
0	277
6	78
0	286
3	197
0	297
1	177
0	371
0	207
0	157
0	4275
32	551
0	94
1	549
0	535
62	0
5119	1812
19	81
0	81
0	75
0	4
0	3
1	32
1319	484
0	375
0	224
29	4
0	94
0	0
0	0
0	0
0	0
0	0
0	0
0	0
0	0
0	0
0	0
0	0
0	0
0	98
5	453
0	50
0	196
0	457
0	95
1	98
0	101
1	53
0	127
0	0
0	0
0	0
0	0
0	0
0	0
1	0
0	0
0	0
3	98
5	165
3	194
0	20
0	111
0	178
0	165
0	112
0	5
69	174
15	5
5	159
0	162
0	168
0	138
0	42
0	143
0	115
0	115
0	23
0	115
0	0
0	3
0	3
0	1
2	0
0	3
0	4
0	3
9	24
0	43
0	7
0	18
2	51
0	7
0	41
1	37
0	11
1	1
0	28
0	930
23	929
16	206
0	322
0	929
0	62
1	62
0	21
2	62
0	0
0	0
0	0
0	0
0	0
0	0
0	0
1708	52
1	52
0	38
0	0
0	0
0	0
179	144
0	104
7	40
0	1
0	1
0	0
0	0
0	0
0	0
0	1
0	1
0	1
0	1
0	1
0	1
0	0
0	1
0	1
696	744
0	347
0	179
6	443
0	309
11	34
0	3
5	964
0	532
164	8
0	961
410	426
7	282
0	380
8	28
0	0
0	0
11	9
0	0
0	0
0	0
0	315
0	315
6	315
0	0
0	0
0	0
0	0
0	0
0	0
0	0
16	571
6	537
1	53
37	28
0	24
6	27
0	6
4	0
0	27
19	44
0	12
0	18
0	32
0	3
12	1133
0	1286
7	46
1	1295
0	4
0	4
0	1
0	1
0	0
0	0
0	0
0	0
0	0
0	0
0	0
0	0
0	0
1	1094
0	1270
0	341
0	391
0	65
0	1266
0	0
0	0
3	10
2	0
0	0
0	0
44	0
0	282
0	76
0	418
0	345
0	26
0	4
5	0
4	4
0	27
0	16
2	114
3	164
0	157
0	6
7	11
3	66
0	66
0	54
0	53
0	7
3	4
0	3
0	3
2	1
16	14
0	19
25	7
0	5
0	52
0	52
0	52
0	0
27	156
32	2805
5	2826
15	3212
19	161
0	329
1	257
4	946
22	322
24	1696
45	3225
46	24
0	24
2	0
0	0
0	0
0	0
0	0
0	0
3	0
0	0
11	768
1	314
7	398
0	649
13	155
1	93
0	155
1	1
0	549
13	550
0	425
2	214
0	222
0	203
0	11
72	5
0	0
0	0
0	0
0	0
0	0
0	0
0	5
0	0
0	5
0	5
0	5
0	0
0	3
0	0
0	0
0	0
0	5
0	374
16	374
2	72
2	19
2	57
1	5
0	9
0	0
0	0
0	0
0	0
528	61
0	17
0	61
1	61
1	836
2	469
0	332
0	537
31	880
29	65
6	363
12	0
7	318
0	358
0	0
9	880
38	871
2	130
15	62
13	292
3	274
0	45
1	45
0	45
0	7
0	0
0	0
235	0
0	0
0	0
0	0
0	0
0	0
0	0
0	0
0	2
45	508
10	39
0	515
0	241
0	512
1	46
0	199
0	52
0	42
0	142
0	51
5	2
1	40
0	3
0	2
0	2
0	1
0	1
0	1
0	0
4	0
0	2
0	0
0	464
0	425
0	408
13	37
0	53
0	113
48	521
0	442
0	436
0	513
86	383
0	74
0	184
1	168
0	83
0	128
0	124
0	4
0	0
0	4
1	0
0	0
0	0
130	692
17	659
0	333
19	441
4	306
1	220
0	0
12	732
1	771
3	275
0	692
0	0
0	0
2	60
0	19
0	1
0	3
0	41
0	7
0	0
34	228
0	221
0	192
1	34
0	8
0	1
7	114
475	1766
0	1764
9	3091
110	10412
11	2298
2	57
20	1785
0	2237
29	2289
2	2079
5	501
0	385
22	1
12	53
0	10874
1	6
0	0
0	6
0	1
0	1
0	1
21	6
0	6
0	1
0	7839
652	242
0	242
4	347
0	638
22	665
0	654
0	713
2	428
0	0
0	0
0	0
1	0
11	0
35	786
13	783
0	769
0	495
2	468
22	9
0	440
21	76
1	0
0	98
3	6
105	495
0	231
0	231
0	245
0	160
0	81
3	94
0	87
0	45
0	0
0	0
0	569
12	87
1	52
0	327
9	0
0	234
39	5
3	33
0	569
0	396
0	249
15	244
3	187
0	396
0	249
0	23
0	1
3	1
0	10
0	2
0	4
3	9
1	0
0	2
1	2
0	4
0	1
0	1
0	0
0	5
0	2
1524	239
0	112
0	111
12	82
0	7
0	7
0	7
0	7
0	7
0	1
0	0
0	0
4	179
307	188
0	58
51	52
10	24
0	11
221	176
1	213
41	213
0	48
0	47
2	12
0	50
0	21
0	46
0	12
0	2
0	3
0	6
0	50
0	8432
0	8406
0	8704
0	8607
0	8254
0	8556
0	8601
0	8429
0	8584
0	7241
0	8762
0	8681
0	8509
0	8792
0	8311
0	8710
0	8720
0	8802
0	8486
0	8381
0	8498
27	8262
0	8756
0	1286
0	1331
1	1007
0	78
11	62
0	8352
0	8581
0	0
0	0
0	4
0	5
0	22
0	25
0	22
0	24
0	0
141	22
0	22
0	7
5	6
14	315
96	361
0	46
0	0
0	1
0	0
0	1
0	0
0	0
0	0
0	0
0	0
0	1
1	0
818	297
1	262
0	91
0	64
0	10
17	0
2	108
0	228
1	189
3	1
3	2
0	2
2	221
0	223
18	174
4	180
12	6017
366	6017
25	487
11	0
93	120
0	0
1	120
16	39
0	30
0	13
5	18
3	15
0	0
0	0
0	0
0	0
0	0
5	14
2	14
0	137
0	0
0	181
1	746
0	745
0	39
0	184
0	276
0	729
2	286
0	224
10	145
59	728
0	109
0	49
0	91
1	230
0	232
0	212
0	678
0	190
1	253
0	230
16	134
1	37
0	80
4	67
9	166
0	170
3	40
0	144
0	105
0	131
4	5
0	18
1	8
2	30
0	44
0	0
0	0
38	0
0	0
135	3
2	3
0	0
0	3
3	3
0	0
0	2
0	0
0	2
0	2
0	1
0	0
0	1
0	1
0	0
0	1
153	354
0	346
0	175
3	61
0	25
1	17
0	7
3	86
0	13
0	4
0	12
0	72
0	12
6	79
1	69
0	7
0	6
0	3
0	22
2	1969
1	1991
0	364
2	196
22	580
2	218
32	129
59	866
0	864
17	109
1	239
0	123
3	166
0	366
4	373
7	182
86	86
1	46
0	38
9	59
3	13
0	13
0	10
179	244
0	10
0	244
0	240
11	10
88	717
52	748
3	222
3	54
8	75
0	75
1	45
2	39
1	16
4	30
0	2
0	5
0	2
0	5
0	5
0	5
0	5
0	4
0	4
0	0
0	0
0	3
0	3
0	1
0	1
0	1
0	1
0	0
0	1
0	0
2319	3158
30	280
4	244
3	930
5	535
0	531
35	334
1	791
0	568
1	0
560	673
0	487
0	487
0	487
0	526
25	2
0	96
1	123
0	195
0	191
0	195
0	362
0	158
0	0
0	60
0	0
268	157
4	149
4	39
6	0
0	2
0	2
0	0
0	0
0	0
0	0
0	0
0	0
3	15
0	15
0	12
0	11
0	6
0	2
0	0
1126	5810
7	2261
7	3760
0	4269
8	127
10	282
0	1236
644	295
8	291
0	94
0	708
14	708
49	397
3	350
5	52
0	87
1	85
0	104
0	7
0	13
0	13
0	4
0	1
0	7
0	1
0	2
0	1
0	1
0	2
2	2
0	6
0	0
10	13
1	1
0	0
0	3
0	3
3	488
1	441
13	463
25	93
7	42
0	496
1	70
0	75
0	99
1	39
11	0
0	3
0	3
0	1
0	1
0	1
0	0
0	0
0	0
0	0
0	0
0	0
0	0
0	0
0	0
0	0
0	0
0	0
0	0
0	0
0	0
0	0
0	0
0	0
1	84
0	84
1	1
0	0
0	0
0	12
0	264
0	379
0	364
0	349
2	5
1	24
0	28
0	334
2	27
0	0
2	65
0	64
1	58
1707	0
90	162
3	163
0	163
2	35
0	35
0	31
0	0
6	1130
5	1132
0	1132
0	1132
1	1129
1	1129
0	1129
2	287
2	279
0	273
0	159
4	9
9	64
0	0
2	449
0	19
10	449
0	778
0	42
0	755
0	737
0	45
0	20
16	12
0	58
0	98
1	141
0	1222
1	1133
0	109
29	1222
0	0
0	0
0	0
0	0
0	0
0	1
0	1
0	2
0	1
0	619
0	618
31	677
0	678
0	140
0	137
2	108
25	9
0	0
0	0
0	0
0	0
193	2782
2	2723
1	678
6	920
10	1443
0	624
5	705
0	0
0	0
0	0
2	0
0	0
164	21
0	21
5	0
244	159
1	152
0	133
2	135
2	32
0	0
0	0
0	0
0	0
0	0
0	0
0	22
0	8
0	22
1	22
0	3
0	3
0	0
0	22
0	7
0	3
0	0
0	0
10	28
14	28
1	9
1	2
0	0
376	255
8	39
22	142
10	110
0	0
0	0
0	0
0	0
0	0
0	0
0	0
0	0
0	0
0	0
0	0
0	0
0	0
0	0
0	0
0	0
0	0
0	0
0	0
0	0
7	0
1	0
0	0
0	0
0	2
0	0
0	0
0	0
0	0
0	0
0	0
0	0
84	470
11	1189
2	17
2	74
20	938
0	154
0	0
0	0
0	0
0	0
75	7469
1	487
8	482
6	290
0	226
4	228
6	547
2	475
0	216
1	194
1	39
0	257
0	146
24	162
6	189
36	202
0	175
7	65
0	366
0	2
0	366
7	128
0	2
0	5
0	5
0	5
0	5
2	9
34	366
0	307
1	52
0	32
10	62
0	0
0	0
0	2
0	0
0	0
0	0
0	0
0	0
0	0
0	0
0	0
0	0
0	0
0	2
4	0
5526	4397
0	51
1	2717
6	1834
0	0
0	0
3	0
3	2600
0	511
0	1581
6	759
0	1352
3	2354
0	170
0	167
0	193
7	181
0	207
12	193
0	181
0	41
0	45
2	3228
5	2936
0	2197
4	240
1	1302
17	1396
2	381
1	86
600	0
3	1236
2	1255
0	360
2	535
0	553
2	159
0	259
89	249
6	13
0	0
1	6
1	13
1	8
0	0
0	6
0	6
1	0
0	0
0	0
0	0
0	0
0	0
1	0
0	468
6	473
2	486
0	495
86	1710
0	2679
1	192
0	2687
0	2578
1405	0
0	0
0	0
0	19
0	383
0	200
1	370
0	369
0	329
0	77
0	57
0	57
0	402
116	7
24	98
0	17
0	110
0	49
0	69
1	1
0	1
0	0
0	0
0	1
0	1
0	1
0	1
0	1
0	0
0	2299
19	83
0	844
11	1005
0	2104
0	2214
0	2223
0	2025
0	2184
6	996
8	0
5	106
14	83
0	0
0	0
98	644
4	642
0	43
8	1
79	5
0	10
5	43
3	58
2	102
15	123
31	315
2	315
20	304
0	22
0	0
0	38
0	35
0	18
0	8
0	5
0	156
25	142
0	89
2	110
0	23
0	35
0	0
0	0
0	0
0	0
0	0
0	0
0	0
7	768
0	748
0	290
6	95
1	80
0	0
0	7
0	7
0	4
0	4
0	5
0	4
0	0
0	2
0	2
0	0
0	0
0	0
0	0
0	0
0	0
0	5
3	0
0	0
131	113
7	34
0	79
0	0
0	0
0	0
0	0
84	400
0	274
0	259
0	274
12	57
15	126
2	90
0	35
0	24
220	1098
0	384
35	499
2	340
2	418
15	0
0	272
3	329
3	3
0	3
0	3
0	1
0	0
0	0
0	0
0	0
10	46
0	46
0	46
14	47
0	44
0	0
0	0
0	0
0	0
0	0
0	0
0	0
0	2559
4	2412
22	42
0	1435
5	1259
1	574
0	974
0	979
0	965
0	972
0	705
0	260
0	650
0	527
0	69
0	314
0	311
0	81
0	70
0	76
0	24
0	11
0	33
2	36
46	8
0	650
106	117
0	39
2	14
3	117
0	28
0	7
0	10
56	0
1	0
3	0
0	2
4	2
0	2
2	0
0	0
0	0
0	0
16	0
2	4
5	1
0	3
2	2
2	0
0	2
136	0
160	180
0	120
0	48
0	148
0	141
0	115
0	23
4	16
0	1
0	0
0	25
0	25
0	11
0	25
0	0
0	1
0	1
0	0
1	1
388	593
31	593
0	255
9	94
6	452
0	382
10	365
0	299
8	148
0	0
0	0
0	0
0	0
0	0
0	0
0	0
0	0
1627	9255
6	7046
5	1243
1	1421
2	5487
0	108
0	108
2	107
0	107
0	0
0	107
14	9642
0	8049
1	5745
6	9542
21	3916
0	4644
48	4677
17	2292
1	2794
8	4488
0	9642
0	0
20	2366
18	2366
0	26
8	179
2	16
0	16
15	0
0	301
0	311
1	283
0	238
1	283
0	280
287	312
0	275
0	228
0	275
3	109
0	109
6	45
0	23
0	20
0	15
0	0
0	0
2	0
5	0
1589	579
7	312
0	311
0	589
7	120
0	155
0	10
5	119
1	7
1	27
0	19
0	149
3	30
0	17
0	62
0	23
1	107
0	107
0	92
0	10
0	0
36	0
0	0
7	382
7	228
46	377
3	120
1	283
2	241
79	46
0	2
4	12
3	38
0	9
17	0
0	0
28	92
0	92
0	35
3	6
0	9
0	4
0	10
0	5
1	0
0	0
0	83
2	128
0	107
0	108
16	13
0	41
76	939
29	934
66	182
36	1783
0	1788
1	325
0	215
0	1529
12	79
59	77
0	112
36	52
0	0
0	0
0	3
0	0
0	0
0	3
0	282
0	250
0	39
0	20
0	237
843	565
4	46
0	100
2	182
12	391
0	394
0	395
7	390
0	313
0	339
0	334
0	11
8141	178
1240	0
481	173
0	48
0	132
0	151
1	138
25	421
0	428
10	77
395	248
0	248
2	0
2	293
11	299
9	6
0	33
3	18
0	0
364	0
1097	0
0	0
0	0
0	16
1	16
1	7
0	7
0	1
0	3
6	60
43	65
5	7
2	22
2	27
3	30
101	2771
0	2822
4	2855
1	2871
18	975
4	71
0	0
4	152
0	152
0	0
0	0
37	1
0	1
1	301
0	1018
13	504
4	429
1	546
13	3
647	285
0	31
0	145
0	47
0	87
0	58
1	40
0	497
0	484
0	57
0	124
2	37
0	48
0	13
0	12
0	9
0	497
1	1622
67	0
3	494
0	349
1	1561
0	1594
0	94
0	147
4	107
0	147
1	53
0	41
4	118
1	931
0	975
20	1147
0	159
0	1125
50	347
1	157
0	247
6	0
1	305
6	53
1	1139
0	0
0	0
225	470
2	163
9	2
9	0
2	307
0	4
0	4
0	4
0	0
0	4
0	0
0	0
0	0
0	0
0	0
0	125
8	103
0	82
9	5
0	142
0	99
0	103
0	0
0	0
310	1425
12	73
1	9
0	0
9	1354
0	853
0	49
7	123
1	1101
0	23
0	58
4	65
0	32
0	108
0	1360
0	61
0	38
0	13
0	19
349	356
0	237
0	211
24	10
0	49
0	105
0	111
3	52
29	0
0	148
22	0
1	466
15	4367
0	360
0	195
0	68
0	324
0	263
0	258
0	386
0	411
2	443
0	260
34	112
0	119
0	166
0	455
1	123
2	452
0	261
0	450
1	452
0	377
0	384
0	162
6	29
2	94
88	43
3	0
0	27
0	27
0	25
15	25
0	3
4	106
0	20
0	100
0	98
0	41
0	45
0	85
0	33
0	99
3	84
0	3
2	81
0	39
0	6
1	38
0	27
0	24
1306	164
31	164
31	122
0	9
3	9
0	0
1	1846
6	59
95	34
0	82
0	1876
0	97
11	445
3	433
0	370
1	59
4	552
0	0
0	1
0	0
0	1
0	0
0	0
27	1107
0	20
3	868
31	981
0	112
8	421
0	384
0	56
0	209
0	0
0	0
0	150
0	47
135	737
36	7
0	829
0	858
0	883
0	0
0	0
1905	323
5	323
0	0
0	0
0	0
0	0
0	0
0	0
0	994
0	947
0	294
3	98
0	114
1	96
2	78
0	32
0	33
0	0
4	468
1	305
5	407
0	132
1	0
0	2
0	2
0	0
189	2988
0	454
106	210
74	2527
1	531
2	460
0	134
10	201
0	0
0	0
0	117
2	117
0	151
0	186
1	186
1	180
0	185
0	106
0	107
0	99
0	1
3	3
7	106
10	14
0	6
17	27
1	22
0	0
0	294
24	294
0	31
0	471
0	467
3	467
0	11
0	51
0	52
1	25
9	124
3	85
0	234
2	587
26	616
2	45
5	498
4	26
1	35
1	68
6	31
0	99
0	151
0	75
3	36
0	197
4	52
0	176
0	43
3	71
0	216
14	277
5	480
0	91
0	139
0	3
0	106
0	302
0	130
0	137
0	237
0	140
1	58
0	15
0	0
0	0
0	0
0	718
495	751
3	699
0	700
0	0
0	0
0	0
0	0
21	83
0	89
27	107
0	23
3	32
0	20
0	23
0	10
1	12
10	10
0	14
0	8
13	110
0	110
1207	37
0	0
0	0
0	0
0	0
0	0
21	2
1	2
1	0
0	0
0	1
1	1
0	1
0	1
0	17
0	17
0	5
0	14
0	15
1	5
1	6
0	6
0	17
4	252
83	133
186	189
40	635
1261	667
0	258
5	23
240	847
9	3
0	241
0	239
0	311
2	91
1	370
6	2
6	223
5	52
1	39
0	203
0	313
0	437
0	226
1	102
3	252
0	349
0	56
0	365
0	64
34	96
0	80
1	30
0	0
0	0
0	0
0	0
0	342
12	2
0	115
1	331
0	249
1	0
2	102
14	1983
0	2116
22	1857
0	899
4	111
0	390
0	447
0	92
15	2116
0	0
0	0
517	0
0	35
13	788
0	73
1	152
0	782
0	789
0	4
0	4
0	1
0	4
0	4
0	4
0	0
0	4
0	0
0	0
0	0
0	0
0	0
0	0
0	0
1	141
0	93
490	62
0	94
187	73
0	15
126	91
0	82
2	14
0	18
3	7
3	16
1	31
0	142
0	155
5	430
2	405
0	76
0	69
3	28
7	167
0	364
0	0
0	0
0	0
0	0
0	0
0	314
83	314
41	142
0	0
3	0
0	12
1	4
0	12
6	3
0	4
0	4
0	7
0	0
0	0
0	171
0	166
0	0
0	0
0	0
0	15
0	68
0	715
9	663
1	104
0	526
0	638
0	53
0	0
0	308
0	311
7	227
0	278
0	222
0	74
0	57
5	13
0	11
0	12
69	34
1	22
0	11
0	0
0	125
0	34
0	16
0	105
0	38
0	1420
16	32
0	150
1	1089
1	191
0	116
0	196
2	233
0	33
0	218
0	1339
4	173
0	94
1	309
1	1418
1	86
1	118
10	198
0	154
0	1339
0	697
19	119
12	122
0	649
15	104
0	272
0	259
0	656
0	670
0	683
0	0
5	4
0	2
0	2
0	2
0	0
0	0
0	0
0	16
11	194
0	13
0	181
0	0
0	0
0	0
0	0
0	8
0	5
0	2
0	2
0	3471
5	3477
15	3396
0	3044
4	1060
20	573
19	700
6	492
0	245
4	526
0	502
53	1885
6	407
5	623
23	270
1	42
0	42
0	33
0	6
0	0
0	942
1870	1839
19	243
7	686
0	139
0	505
0	1120
10	1144
0	367
0	3
0	3
0	0
0	0
0	348
2	379
18	359
0	351
0	295
3	241
5	37
0	42
0	65
3	22
0	43
0	28
0	208
0	0
0	0
0	0
0	0
0	0
0	0
0	0
0	0
0	0
0	0
0	0
0	0
0	0
0	0
0	0
0	0
0	0
0	0
0	0
0	0
0	0
0	0
0	0
0	0
0	0
0	0
0	0
0	0
0	0
0	0
0	0
0	0
0	0
0	0
0	560
1	411
1	513
16	686
9	293
29	733
17	234
4	231
0	438
0	0
0	0
0	0
0	0
9	63
3	63
0	42
1	39
3	26
1	16
0	21
1	17
12	24
0	16
0	17
0	39
197	51
8	51
3	0
23	0
0	222
2	211
0	182
61	0
0	0
0	0
0	0
0	3
2	0
3	30
7	1
0	11
0	25
0	0
0	0
656	0
22	875
0	882
3	432
12	148
1	39
26	1
4	29
0	62
0	0
0	0
0	0
0	0
0	0
0	120
0	125
10	32
7	1
0	120
0	0
0	6
0	6
0	6
0	4
0	4
0	6
0	6
0	6
1	6
0	6
213	29
13	29
0	37
3	347
0	315
0	31
1	0
7	1372
5	1867
320	790
9	748
0	1007
0	951
13	1349
13	43
0	1082
31	63
2	246
0	248
0	46
3	250
1	47
0	218
0	25
0	31
0	46
0	118
7	46
0	45
0	0
6	31
0	31
0	31
0	6
1	2
0	0
0	0
0	0
0	0
0	0
0	0
0	0
0	0
0	0
0	0
0	0
0	0
0	0
1	0
0	0
0	0
11	4711
0	304
0	443
45	168
4	570
0	565
86	251
104	18
0	4711
0	0
0	0
0	0
0	38
0	5
0	5
0	4
0	4
0	0
0	91
0	91
2	236
0	92
1308	328
10	296
1	205
0	0
0	0
0	0
0	0
0	0
589	295
1	41
21	161
14	95
13	30
0	0
0	0
5	600
0	201
3	44
0	112
3	87
97	600
17	0
7	16
1	16
0	16
0	16
0	2
542	273
48	273
23	162
1	39
5	39
0	0
0	0
0	62
0	278
6	51
4	243
0	275
0	1
0	1
0	0
0	0
0	0
0	15
0	7
27	0
0	0
0	168
0	161
0	26
0	46
0	9
0	160
0	72
0	0
0	0
35	17
0	50
0	5
0	15
0	426
9	425
2	237
0	23
0	72
0	47
0	152
0	320
13	0
469	507
0	501
0	355
0	466
0	301
0	1
0	1
32	0
0	115
0	11
19	22
0	115
0	259
0	153
0	254
2	44
0	62
0	17
6	5
0	1
0	0
0	0
1	338
0	328
5	217
15	80
0	275
0	282
0	70
1	214
114	634
18	558
4	625
29	456
0	434
0	126
0	88
45	106
0	59
16	1
0	114
0	112
0	115
0	114
0	61
0	61
4	88
0	24
1	0
0	4
0	4
0	2
0	1
0	0
0	0
0	0
0	0
0	4
15	364
1	360
2	4
0	6
0	21
0	23
1	8
0	832
0	798
8	666
4	22
19	120
5	199
0	4
0	2
1	4
530	0
17	296
0	330
40	1398
2	25
0	427
0	122
8	64
0	1354
455	1387
62	1337
1	963
8	897
6	641
0	621
0	9
0	9
0	0
3	2
0	4
0	2
0	4
1	1
0	265
0	18
0	65
7	31
4	247
9	64
0	20
0	264
361	142
9	113
0	32
10	536
1	524
0	536
0	74
0	60
0	314
0	523
2	34
7	5
0	106
7	329
7	75
0	2
602	25551
0	12463
0	40340
11	40541
0	26118
0	10994
21	15925
1	10960
6	8976
3	4413
1	33
23	69
0	40337
0	10
0	13
0	11
0	1
0	0
0	0
0	0
0	0
0	0
90	1070
9	983
78	992
0	32
524	257
2	242
2	12
0	4
3	28
0	15
104	646
5	63
8	615
4	376
2	54
15	103
1	457
4	107
0	426
0	399
0	240
0	213
60	95
1463	149
0	31
19	33
0	85
484	461
1	155
10	0
53	27
1	250
0	79
3	182
0	235
1	6
0	7
0	7
0	0
0	0
0	0
0	0
0	0
0	0
0	0
0	0
0	0
0	0
0	50
4	45
1	5
0	40
13	2
0	2
0	44
2	10
0	44
1159	1292
9	491
7	79
0	121
0	4
276	143
0	0
0	0
0	0
0	0
0	0
0	0
0	0
0	0
31	0
0	0
0	0
0	121
0	126
25	107
1	118
5	117
0	106
15	94
2	7
2	17
0	22
0	0
0	1
2	1
0	0
7	181
1	40
0	34
118	0
0	0
0	0
1	141
121	261
3	189
16	72
0	206
0	0
109	423
30	14
14	506
0	439
52	348
0	19
6	0
23	423
3	13
0	375
0	369
0	18
0	404
1	1
0	1
2	0
7	406
982	590
1	281
2	326
0	0
110	23
1	22
0	4
3774	2827
9	867
69	1960
0	0
0	0
0	0
0	0
0	0
0	0
0	0
0	0
1	581
0	204
0	417
0	437
6	65
1	29
0	230
1	25
0	202
0	107
0	132
0	120
6	117
620	56
4	42
0	2878
0	2879
0	2786
0	2031
1	1683
2	1556
9	1192
2	401
0	257
1	101
43	205
0	129
2	49
0	2879
0	1
0	1
0	0
0	0
0	0
0	1
0	0
0	1
0	0
0	0
0	0
0	0
0	0
17	813
0	810
0	819
0	822
12	450
21	303
0	265
0	40
0	254
0	243
0	229
4	107
0	14
2	20
0	20
1	6
1	6
0	0
27	893
4	107
1	274
3	896
1	228
5	0
8	0
11	172
24	2613
0	768
0	1466
1	1307
105	2448
1	849
23	1551
24	961
0	782
12	193
0	34
183	6522
12	6479
0	4025
2	0
0	0
0	2
0	2
0	7
0	0
26	60
0	60
0	40
0	27
0	15
0	9
4	9
0	1
27	991
13	991
0	805
0	66
67	228
5	134
13	45
2	1
0	1
0	0
0	0
0	0
0	0
0	0
0	0
12	147
0	677
0	668
16	688
1	629
0	641
30	50
0	96
0	0
0	0
0	0
0	0
0	0
1260	2246
5	969
3	956
0	1056
0	398
0	37
0	37
0	5
0	37
0	37
0	1
0	31
0	37
0	37
0	8
0	10
0	37
0	9
2	29
0	6
1	0
0	21
0	17
0	217
13	1847
50	1847
0	11
0	138
1	1817
0	0
0	0
0	2
0	2
4	245
59	19
8	81
21	77
0	257
0	235
0	210
0	59
0	97
0	56
0	0
0	0
0	0
0	0
5	117
0	227
45	193
0	79
2	72
1	81
8	116
4	240
0	70
0	97
0	26
0	81
0	397
0	599
0	131
6	124
0	13
0	38
1	234
23	245
0	34
0	4
2	4
0	0
0	0
461	767
4	767
495	5466
132	0
2	4812
1	4849
15	1426
18	960
0	603
0	630
6	216
2	630
1	964
162	1391
0	735
1	731
0	858
0	1440
0	1422
0	0
0	0
1111	334
10	204
0	118
0	116
0	13
0	576
45	2175
196	1986
3	1889
5	325
34	1668
3	536
469	455
0	612
2	578
4	13
0	0
0	116
1	221
0	172
0	38
0	13
0	12
0	9
0	9
0	3
0	4
0	3
2	130
20	28
0	15
2	16
1	0
216	0
0	0
0	3
0	1
0	1
0	1
0	3
0	2
0	1
0	0
0	0
0	0
0	0
0	0
0	0
0	0
0	0
0	0
0	3
0	3
0	3
1	0
5690	2081
4	337
2	1744
0	0
0	1981
4	356
0	834
62	1991
83	3327
10	2876
6906	7194
0	591
0	962
35	871
17	1766
3	561
3	559
0	108
16	14
92	124
1	98
0	149
5	21
0	496
0	34
0	0
0	0
0	659
4	524
0	346
956	724
0	1
0	547
4	313
5	10
0	120
72	158
0	29
0	50
3	59
0	52
12	33
0	2
0	0
0	0
0	1
0	0
15	105
0	94
0	110
37	49
0	0
0	12
0	0
10	429
1	430
0	111
0	414
0	137
39	2
0	0
0	0
0	0
0	1
0	1
0	1
1063	0
0	0
0	1534
53	8598
7	637
12	8109
2	7957
0	4943
32	4508
43	2223
0	2109
0	0
17	212
0	151
8	196
6	211
0	74
0	8
15	155
1	0
0	6
0	0
0	0
0	4
0	7
0	4
7	60
0	54
3	55
0	0
2	77
1	1031
40	1121
10	106
0	1985
14	1967
0	538
2	520
0	4
0	1
0	4
0	4
0	0
0	3
0	4
0	1
0	2
0	2
0	6
0	3
0	5
0	3
0	3
0	0
0	2
0	4
0	25
53	27
10	2
2	0
1999	916
0	915
3	768
99	15
3	15
0	2
0	2
0	0
0	0
0	0
0	0
0	0
0	0
0	0
1344	5894
13	1880
12	567
39	696
2	576
0	1213
166	5053
0	0
0	1
0	0
0	1
329	190
0	90
5	134
0	49
5	45
8	10
1	35
48	10
4	0
0	0
10	437
1	28
0	24
0	382
1	304
17	194
2	403
0	100
0	188
0	0
0	0
0	0
0	0
0	0
0	0
0	0
4	0
648	174
0	156
17	51
0	21
1	21
10	47
2	24
1	18
0	20
0	18
42	13
4	8
0	0
0	194
70	1439
2	215
0	190
27	116
65	919
6	88
2	166
12	845
10	660
21	208
40	1
423	1272
120	1272
6	36
15	5
5	526
3	4
0	4
0	0
0	0
0	4
0	0
0	0
1	1
0	1
0	490
0	504
1	176
2	375
0	95
8	121
0	465
0	484
0	74
0	20
0	19
10	9
2	4
1	7
6	6
0	12
0	0
0	13
0	38
0	6
1	3
2	6
0	8
0	33
83	63
8	16
3	6
0	68
40	4
0	15
252	3738
112	3736
0	885
1	765
8	706
12	122
0	1581
0	1573
0	1512
0	1060
2	657
0	317
0	354
2	308
0	298
0	95
0	1575
0	1573
0	0
1	0
0	0
0	0
0	0
0	0
0	0
0	0
0	0
0	0
1	49
0	208
1	84
2	17
3	25
21	148
0	0
0	0
0	54
0	52
0	54
1	52
3	4
0	8
0	5
0	4
636	181
0	13
0	30
31	67
0	21
0	71
1	4
1	88
1	601
40	238
0	210
0	205
0	602
24	1
0	1
74	315
3	230
0	35
2	117
2	79
0	2
64	2
0	0
0	0
0	0
345	465
4	215
0	143
4	265
0	155
2	1
0	26
99	613
0	602
18	377
59	380
0	87
27	202
0	117
0	115
126	43
0	65
0	107
0	13
15	13
141	0
4	77
2	19
0	9
136	1
1	34
0	109
0	0
0	0
0	0
0	135
9	0
17	1357
21	389
0	1334
0	32
0	97
13	34
0	53
0	87
1	386
0	117
0	93
0	108
0	90
0	67
0	41
0	16
0	34
0	30
0	39
0	26
0	16
0	0
0	0
0	0
12	0
1	209
8	209
2	186
7	199
2	78
13	891
40	891
6	414
25	1
4	83
59	0
40	0
1281	771
79	772
44	115
4	60
1	191
13	9
0	3
0	0
0	6
977	164
3	13
4	18
2	143
0	9
0	10
0	5
0	0
0	0
0	10
0	0
38	4
1	4
0	4361
0	2433
40	2437
1	4361
0	386
3	1518
17	3251
0	457
2	263
470	0
561	0
1057	146
94	393
0	55
0	10
0	258
0	162
6	39
10	378
0	370
0	0
4	0
0	1
0	1
0	1
0	1
3	1
0	0
0	0
0	0
0	0
0	0
6	0
0	4
9436	27498
91	10225
0	13063
71	4565
140	4179
114	4466
3	4505
27	897
1	5520
56	1120
95	6450
0	0
0	0
0	417
0	346
5	419
0	357
9	186
0	190
89	388
5	89
0	36
0	15
0	21
0	46
0	21
84	49
0	38
14	11
0	0
144	304
1	172
217	38
1	247
0	155
6	6
3	163
1822	198
6	198
0	2
0	2
0	11
0	6
0	11
1	2
0	4
0	6
0	6
0	6
0	6
0	6
0	6
0	6
0	6
0	2
0	0
394	2087
3	2073
104	190
0	204
33	77
15	53
0	77
0	69
11	44
0	60
3	17
86	4
0	26
2	26
0	0
2	100
1	113
0	94
17	107
1	38
5	169
0	1015
544	1078
71	113
2	399
4	388
0	537
0	536
0	539
0	539
0	660
0	544
0	536
4	545
0	421
3	391
1	160
0	146
0	57
173	45
0	12
0	15
0	14
0	7
0	4
0	12
6	36
2	297
15	151
1	260
14	289
5	0
0	1
7	163
0	33
0	149
1	40
0	17
0	8
55	0
0	0
0	0
0	0
0	0
0	0
0	0
0	4
0	4
0	2
0	2
0	0
18	1227
7	1672
0	2003
12	295
0	1109
0	1125
1	245
0	120
0	273
1	129
4	391
2	23
16	2
0	385
0	2
0	49
0	43
0	31
4	11
0	0
0	0
0	1
0	1
0	0
0	0
0	0
0	0
0	340
1	313
0	6
0	228
0	33
55	109
0	26
0	5
34	93
3	6
0	24
1	20
0	0
0	311
0	3
1	3
0	0
0	0
0	4
0	0
0	4
0	0
0	0
0	0
0	1
0	2
0	1
0	0
0	0
0	0
0	0
0	0
0	0
0	322
22	319
0	329
0	320
0	164
5	70
0	105
1	134
0	41
22	181
5	21
1	84
2	5567
17	10159
354	10166
0	701
4	10101
0	0
19	283
0	988
189	1046
22	42
0	31
0	1036
0	0
0	0
0	0
0	0
0	0
73	210
97	163
1	189
4	56
26	12
0	5
17	10
36	10
21	1
0	0
0	0
1379	1307
5	283
0	197
5	136
38	695
74	686
0	558
0	1
0	0
0	6
0	77
0	49
0	11
0	7
0	0
1	0
0	0
9	68
0	69
3	67
7	40
0	60
635	0
9	480
1083	480
51	5
0	2
0	2
0	2
0	0
1	0
0	1
0	0
0	1
0	0
0	0
0	0
0	0
0	0
2	134
0	182
0	177
0	180
2	102
43	45
0	180
114	120
2	0
48	91
0	88
0	117
0	2384
61	2174
0	679
0	969
2	209
5	57
0	453
15	267
83	86
0	178
2	48
193	38
0	38
3	0
43	84
0	84
0	0
0	0
3122	10267
3	10140
5	10199
16	4435
0	3028
28	1224
0	206
0	125
2	7
1	1
0	0
0	1
0	0
0	0
0	1
925	628
2	149
0	290
0	16
36	120
0	380
1252	0
20	80
0	68
2	28
0	12
0	3
27	10
0	0
4	3
0	3
0	3
0	3
266	0
0	0
0	0
0	20
610	103
0	102
0	0
0	0
0	0
0	0
1	24
394	513
0	54
3	118
16	284
0	448
5	57
0	8
44	122
68	122
0	1
0	1
0	0
0	0
0	0
0	0
0	0
0	0
0	0
1	568
3	567
2	85
1	140
3	54
1	11
0	0
0	0
0	0
0	0
0	0
0	0
0	0
0	0
0	0
0	0
0	0
0	0
1	678
0	689
0	614
0	12
1	26
0	26
35	22
0	49
23	43
9	360
0	108
0	111
0	96
26	116
0	60
0	100
0	162
7	148
0	104
0	97
0	43
0	31
0	28
0	37
0	9
0	0
0	0
0	0
0	0
0	0
0	0
0	0
0	0
0	0
0	0
0	0
0	0
0	0
0	0
0	750
0	1233
5	812
1	1238
0	17
0	528
0	579
0	223
35	61
0	85
6	52
2	38
2	39
0	39
0	12
0	0
0	0
0	16
8	2
0	16
0	0
2	94
0	92
0	7
0	4
128	227
3	205
0	26
71	24
40	2
1	1
0	1531
84	1491
20	233
0	687
203	88
0	74
0	48
0	14
0	186
7	161
4	151
3	34
0	17
15	46
2	6
3	0
6	7
10	180
1	14
5	14
0	85
0	29
2	85
0	0
0	9
0	9
0	0
0	0
0	0
30	123
0	5
0	123
0	11
0	11
0	9
0	9
0	11
0	2
0	4
0	2
0	0
0	0
0	489
0	0
0	492
0	48
7	26
0	17
0	99
0	8
4	1
0	489
0	0
0	26
0	2
8	138
0	394
16	77
0	60
0	1023
0	1023
30	197
3	193
16	72
0	171
0	20
0	128
2	63
20	2
0	30
0	0
0	0
0	0
0	0
5248	0
0	19
0	19
0	16
0	7
0	7
0	4
0	0
3	1
7	19
0	9
0	0
0	10
0	0
0	4
0	0
0	0
0	0
0	0
0	0
0	0
0	0
0	0
0	0
1	546
0	504
25	96
1	507
4	105
1	615
0	1607
40	197
0	717
0	1633
0	154
3	34
0	322
5	323
0	295
2	132
0	6
0	325
1	129
16	46
1	302
1	1616
0	0
0	0
0	4
0	4
0	4
395	755
156	827
158	193
1	186
0	760
0	171
0	54
0	2
33	2
0	133
0	155
0	34
0	88
0	127
116	165
0	32
1	165
0	27
40	56
0	0
0	0
0	0
0	0
0	0
0	0
2	575
0	358
0	474
0	319
6	0
0	61
0	525
0	0
0	0
0	11
15	63
0	72
3	69
0	41
0	17
13	13
2	12
0	19
0	0
495	28
0	28
0	0
0	0
0	0
0	0
0	0
0	0
0	0
0	0
4	406
400	406
2	11
0	101
0	97
0	66
0	58
2	4
0	9
0	5
0	6
0	2
3	0
3	1
0	0
0	1
0	0
0	0
0	0
0	0
0	0
1	0
0	0
0	0
0	37
0	34
0	25
0	15
0	8
0	0
5	8
0	15
0	9
1	2
0	0
0	2
0	2
0	13
0	0
0	2
1	0
0	3
0	2
0	2
0	1
0	8
22	0
1386	0
0	0
0	0
0	0
0	22
0	10
0	17
0	17
0	22
0	1
0	8
0	17
0	8
0	4
0	2
1	1
0	3
0	570
18	560
1	548
0	60
345	0
0	0
5	372
10	381
4	9
592	2563
10	2564
0	2547
0	2462
0	2458
0	264
1	2377
0	264
0	245
4	194
1848	1620
0	1403
100	1472
39	271
200	873
48	384
0	10
1	0
0	10
0	1
1	35
0	35
0	18
0	23
0	34
3	5
0	9
1	12
0	2
0	5
0	4
0	1
0	0
686	315
2	261
26	48
23	109
2842	0
0	1
0	0
0	0
0	1
0	0
0	0
0	0
0	0
0	0
0	0
0	0
1	0
0	0
145	1416
215	104
0	104
0	0
0	0
0	0
13	0
16	0
48	33
2	32
2	1
0	56
0	37
0	21
0	0
0	3
3	18
1	5
0	2
0	4
0	5
0	4
0	4
0	4
0	4
0	4
0	0
0	0
0	0
0	5
0	5
0	5
0	4
0	0
0	0
0	0
0	4
0	4
0	4
0	0
0	0
0	0
0	4
0	52
57	261
0	45
3	5
0	199
1	13
4	30
0	40
0	44
0	45
5	96
13	62
2	22
0	281
0	263
0	252
0	305
0	264
0	58
0	74
22	14
0	288
0	125
1	262
0	3
0	201
0	49
0	89
1028	69
0	69
43	133
0	130
0	86
0	13
0	47
0	15
0	511
1	40
0	511
29	47
2	48
63	47
1	3
0	3
5605	1976
16	372
15	1705
4	15
25	197
9	197
5	0
0	81
3	62
1	56
1	19
11	197
1	197
0	101
134	70
3	70
3	0
0	1
0	3
0	5
0	5
0	1
0	0
0	3
0	161
8	207
0	207
2	86
0	54
14	62
0	64
0	47
0	16
0	0
0	0
0	0
0	0
0	0
0	0
0	0
0	0
0	0
0	0
0	0
0	0
1	721
0	727
36	3
2	314
0	730
0	478
0	471
0	0
2	17
46	17
0	0
0	3
0	2
0	3
0	0
0	10
1	10
0	10
0	0
0	0
79	495
1	485
8	349
17	215
842	1545
5	1417
0	218
0	168
5	342
16	363
1	363
0	42
338	1527
515	1545
0	1506
0	1511
0	1515
0	1510
0	1518
0	1515
442	68
6	3
0	3
39	75
0	28
1	6
0	80
0	547
0	18
0	401
14	497
0	410
0	108
1	23
0	165
20	62
3	338
5	71
0	72
0	74
7	82
35	0
26	2653
4	2636
0	738
0	291
25	28
0	0
0	0
0	0
0	1
0	1
0	1
0	1
0	0
0	1
0	1
0	0
0	0
240	420
0	182
0	238
0	61
2	24
2	40
0	13
0	34
0	22
4	40
0	30
1295	801
2	258
0	777
2	203
91	231
3	231
8	88
8	46
353	411
8	100
6	46
0	39
20	1
0	410
3	2
0	2
0	0
0	2
0	2
0	0
0	454
2	206
1	56
3	28
0	456
39	67
1	67
5	9
606	7848
9	492
37	1857
9	5690
18	666
48	64
38	2548
3	30
0	30
0	27
0	0
0	0
0	0
0	0
0	0
0	0
70	1624
9	966
0	277
2	551
2	1316
0	336
0	134
1	357
1	690
0	194
787	0
7	0
0	0
0	0
0	0
0	0
0	0
0	0
0	0
0	0
28	1126
0	189
4	332
5	28
2	120
0	31
2	1096
0	1105
0	388
0	171
0	597
2	213
8	139
0	1023
13	196
7	189
0	61
3	25
0	43
1	32
0	9
0	5
0	8
0	5
488	994
0	667
3	426
0	281
0	991
0	206
2	588
16	0
0	0
0	0
0	0
410	95
27	16
0	79
0	0
0	0
0	0
0	0
0	0
12	0
0	0
0	0
119	8
0	8
0	0
0	0
38	0
0	0
0	0
0	0
0	0
0	1262
95	1095
0	1086
3	372
0	291
0	177
0	72
5	12
0	3
0	10
0	11
0	1
2	7
0	0
0	0
0	0
0	0
0	0
0	0
0	0
3388	407
2	378
79	30
5	35
0	35
0	33
1	1
0	2
0	383
522	1
1	1
1	12
0	107
8	728
6	772
0	158
6	12
1	414
0	771
0	170
143	547
1	56
0	119
0	547
3	467
9	499
0	504
0	371
0	12
0	65
6	36
8	145
438	145
0	65
0	0
0	0
2	271
0	273
0	268
0	267
0	238
0	149
0	36
0	33
0	28
0	18
0	9
8	3
0	2
0	273
0	0
0	0
0	0
479	227
0	63
2	219
6	19
8	22
74	0
0	71
0	223
9	2249
0	2352
0	2106
7	438
0	137
62	935
68	58
62	197
4	17
0	1
0	1
2	14
0	14
0	0
0	13
0	2
0	1
0	1
0	14
7	5024
33	5591
2	1548
2	68
0	1655
4	1202
0	1135
22	776
4	1971
12	179
1	1193
0	0
1	0
10	17
0	3
0	14
1459	0
0	0
34	348
0	111
4	1
0	3
0	2
0	2
0	2
0	2
0	2
0	1
0	0
0	0
0	0
0	0
0	0
0	0
0	0
0	0
0	0
0	0
352	1416
422	0
0	0
0	0
0	0
0	0
0	0
0	0
2	258
0	250
0	207
1	12
0	13
0	187
0	9
6	18
0	160
0	24
1	73
0	0
0	0
0	0
1	176
0	202
0	221
0	78
5	73
2	21
0	0
0	10
0	0
0	35
10	30
0	5
2	0
29	695
0	693
0	675
0	600
10	489
0	0
0	0
0	0
0	0
0	0
36	302
7	302
12	1282
0	727
0	120
10	134
11	981
0	64
3	131
8	24
0	0
0	0
0	0
0	0
0	0
0	0
0	0
0	0
0	0
0	0
0	0
0	0
0	0
0	0
2	0
0	10
0	10
0	2
0	1
0	0
6341	228
17	226
0	0
0	385
1	387
3	98
1	48
0	19
0	362
0	3
29	0
0	27
0	8
0	26
0	56
10	32
0	13
5	20
0	37
0	0
3	0
30	82
3	81
1	1
0	61
0	0
0	0
0	0
1	11
18	123
143	170
11	19
23	0
0	133
0	37
0	0
7	525
12	337
0	85
8	345
0	62
0	56
1	1
0	0
0	0
0	1
0	0
1116	250
25	250
2	0
0	23
0	24
0	339
0	350
0	355
0	352
0	9
0	23
0	23
1	11
0	63
0	1
0	218
1	32
0	49
0	14
0	48
0	29
3	548
0	116
0	2
0	768
0	585
0	497
0	0
0	5
0	0
0	5
0	0
0	0
232	24
0	24
0	0
0	0
0	0
0	0
0	0
0	0
0	0
0	0
0	0
2	2358
1	907
375	1168
57	2381
0	41
2	2353
0	0
0	0
0	0
0	0
0	0
752	0
0	0
0	0
0	0
0	0
0	0
0	0
0	0
0	67
18	0
9	63
0	68
0	5
1018	0
1844	1778
0	12
8	191
9	426
0	1597
13	156
29	25
69	202
2	181
0	182
0	41
0	143
0	119
0	57
0	74
0	34
15	0
0	0
0	638
14	338
0	295
183	627
2	597
0	0
0	2
0	0
0	2
0	2
0	0
0	0
0	0
0	168
0	810
0	599
196	811
0	701
0	115
9	59
13	49
95	391
31	0
0	18
0	20
17	374
10	120
2	56
0	89
0	67
8	86
118	53
0	0
1	218
0	248
1	219
0	56
0	205
0	64
0	161
0	33
0	47
1	6
9	155
0	8
5	124
16	29
0	6
0	6
0	2
1	1
2497	0
205	1733
0	1730
0	1707
2	1088
1	1233
0	1808
0	862
3	163
1	408
0	401
1	722
6	354
0	606
0	621
1	93
10	120
80	1070
10	973
21	286
6	225
78	326
72	311
0	161
0	155
11	201
3	172
0	176
0	181
2	90
0	133
0	32
3	13
56	0
0	0
14	855
1	466
0	368
34	4
14	25
1	113
4	406
0	0
0	328
0	14
0	280
0	329
1	7
3	6
4	41
3	28
0	324
0	397
0	405
5	406
0	390
19	396
0	97
0	362
0	47
0	172
4	19
0	0
0	0
0	0
0	0
0	0
0	78
0	42
0	12
0	8
0	27
56	51
0	0
0	0
0	0
0	0
268	202
4	92
1	2
0	112
0	0
0	0
7	533
0	523
0	452
6	344
2	130
0	10
0	24
0	148
1	139
0	9
4	64
0	143
0	133
0	64
0	97
1	8
0	40
114	413
18	399
0	182
2	66
3	43
2	73
0	0
0	0
0	0
333	0
0	0
0	0
163	7435
3	7412
5	3952
15	1287
0	0
0	0
0	0
12	776
32	772
2	36
0	91
89	267
3	4
0	0
0	0
0	0
0	0
0	0
0	0
2	1067
9	1848
0	1843
121	1286
2	1329
0	14
5239	0
0	0
0	0
0	0
0	0
0	0
0	0
0	0
0	0
0	0
386	832
47	410
18	422
0	0
1	0
0	0
0	4
0	4
0	0
0	4
74	0
0	0
0	0
0	0
20	1843
10	456
0	1444
0	1787
25	1712
0	1734
0	1774
1	388
4	167
2	1079
17	190
550	159
1	130
1	128
1	99
167	1255
5	37
10	72
4	233
0	1205
0	1
0	1
0	0
0	0
0	1
1	0
1	836
11	1812
0	1983
0	687
5	1116
3	439
3	787
34	540
0	8
0	10
0	8
0	3
2	3
0	0
0	1
0	3
12	5
0	5
1494	0
72	252
1	51
3	79
0	160
0	0
16	0
1	550
139	561
4	236
4	15
93	19
0	0
0	0
636	903
4	60
0	627
0	276
528	120
0	117
0	18
4	21
22	18
60	356
1	264
0	432
6	156
2	100
10	60
300	372
1	291
18	372
8	121
105	156
3	156
9	76
0	76
0	66
0	65
0	4
2	45
0	30
10	28
0	0
0	76
0	0
0	750
13	271
0	749
1	612
1	25
0	0
224	925
1	658
6	595
0	400
0	301
3	218
0	4
8	7
1	6
160	676
0	455
3	212
0	391
0	593
3	1749
25	0
0	0
0	0
0	0
0	0
327	935
0	719
0	138
24	33
0	899
0	0
0	0
0	0
0	29
1	43
20	43
96	80
35	59
0	204
0	183
0	182
0	207
0	163
0	184
1	183
0	67
1	67
0	44
0	51
0	40
0	59
438	1564
0	839
6	1427
0	1517
0	1535
26	1534
0	264
0	97
987	187
1	187
0	0
0	0
0	0
269	1191
6	363
2	340
0	264
6	1179
2	263
1	234
5	357
2	69
0	86
0	462
29	65
100	453
11	24
6	197
0	475
0	402
0	450
0	53
0	344
0	6
5	3
7	27
5	4
0	1
0	4
0	0
7	0
2	864
1	1010
49	1071
0	195
2	167
0	215
62	4
0	0
397	0
0	4
0	4
136	42
0	35
2	7
0	0
0	0
39	974
0	975
0	974
2	325
64	0
1	0
32	23
0	0
0	4
0	7
0	17
0	0
0	19
0	4
0	0
0	0
2	0
220	2225
10	2196
7	317
0	243
21	2010
23	1053
1	384
4	980
71	294
1	8
0	3
0	6
0	0
1	0
0	0
0	0
0	816
0	749
11	479
0	95
2	144
17	206
0	15
0	91
0	9
0	17
2	4
111	168
6	12
1	136
20	2839
0	2088
0	2697
72	2877
0	2515
34	155
37	1767
0	668
8	100
32	301
16	84
3	123
0	294
8	149
0	2871
0	835
0	36
53	276
1	537
0	143
0	796
7	125
5	37
0	90
1	48
23	283
0	233
2	75
19	75
11	58
20	8
4	560
0	73
0	482
2	249
0	595
2	205
26	58
9	97
2	282
20	482
2	209
2	206
0	178
0	111
4	119
0	23
8	22
0	23
83	163
0	2
0	158
0	0
0	0
0	0
1	0
0	0
0	0
0	0
0	0
0	0
0	0
0	0
1819	5162
0	4637
0	902
0	2719
0	509
1	2026
1	645
8	52
1	8
0	7
0	6
1	1
0	6
0	6
0	0
0	1
0	0
12	138
6	138
73	14
0	0
0	3
1	1
2	2
6	9
0	0
20	263
0	254
0	259
0	263
0	4
0	213
107	39
0	26
0	2
0	3
0	13
0	0
809	12646
64	7728
9	11428
38	11500
1	6899
37	8953
179	0
0	105
0	103
3	59
2	23
3	43
1	3
0	4
0	105
4480	0
0	0
2	40
0	0
0	40
50	91
0	85
3	30
2	26
1	9
0	4
2	314
4	321
0	222
5	10
0	28
0	34
46	3840
0	3839
7	3841
9	3811
0	3827
0	2141
39	1052
0	3551
217	152
1	152
0	0
0	0
0	0
0	0
0	348
1	75
0	38
6	56
0	106
0	319
0	9
0	8
23	0
0	13
5	69
1	44
9	40
0	85
0	65
1	25
5	32
0	346
74	3361
462	3661
0	702
9	566
2	370
0	881
2	657
6	269
0	51
0	32
4	0
0	0
0	0
0	0
0	12
0	12
8	844
12	12102
102	12102
0	0
0	0
0	0
0	138
0	315
0	87
0	138
0	0
0	12
6	315
0	23
0	42
3	2375
1	1639
16	393
0	515
32	713
0	2049
4	1
0	0
0	0
0	4
1	3
1	0
0	0
0	0
0	0
0	9
5	9
0	9
1	0
1238	634
0	536
4	300
9	98
0	1
0	1
0	1
0	1
0	1
0	0
0	0
0	1
1	0
2	14
2	13
72	617
4	600
1	616
1	221
0	101
0	43
0	1425
0	1378
2	131
0	151
3	197
5	157
0	153
0	74
100	1425
4	11449
2	11681
38	2234
1	11144
0	536
0	1052
53	3
0	440
9	576
76	150
59	3332
0	660
0	579
29	3162
3	123
54	2008
0	11903
4	223
5	214
0	204
0	202
0	219
0	209
3	42
18	0
0	17
0	0
0	13
0	1
0	17
4	6
0	42
0	42
0	5
2	895
14	137
0	568
0	929
0	902
0	51
0	155
29	65
0	0
0	0
0	0
237	222
0	967
0	991
0	991
0	990
2	83
2	38
1	63
0	56
0	230
1	10
0	2
49	618
0	75
1	533
13	470
4	34
142	57
0	31
0	27
0	4
2	11
2	10
8	5
0	8
9	0
2	3
0	0
0	0
0	0
0	0
0	0
0	0
0	0
0	0
0	0
0	1
0	1
309	0
2	1
0	1
111	131
4	132
0	9
4	2
0	1
0	1
0	1
0	1
879	2301
46	1326
2	921
0	1857
2	51
0	271
5	51
0	281
4	103
4	89
2	13
0	283
0	1
0	0
0	1
0	1
0	0
0	0
769	2526
1	2119
0	541
10	1629
0	1650
0	92
68	185
0	36
0	40
0	161
0	121
0	4
16	0
16	46
1	22
10	47
0	16
0	47
0	10
0	10
0	77
0	45
5	44
25	0
0	0
0	0
0	0
0	0
0	0
0	0
0	0
0	0
0	0
0	0
0	0
0	4
0	4
8	132
0	470
5	427
0	466
5	466
0	304
3	144
80	0
12	923
6	0
70	57
18	410
0	0
0	298
0	200
9	906
1	0
7	0
38	157
24	2344
442	2927
26	2638
1	393
0	713
0	429
0	954
1	1006
2	599
1	745
1	1049
0	597
1	905
0	612
1	636
2	636
0	1
0	138
58	18
13	0
31	0
4	2
48	559
4	559
17	70
0	28
1	137
0	7
0	7
0	144
0	148
0	113
3	119
0	63
0	2
0	143
13	550
7	544
1	359
4	0
1	708
0	755
3	332
16	432
0	168
1	7
0	3
0	3
0	3
19	847
17	276
18	800
0	763
0	693
0	166
0	239
0	0
0	0
2	0
0	0
0	0
3	172
0	729
1	559
0	722
7	727
8	177
16	106
0	58
0	27
0	25
0	714
0	25
0	38
0	39
0	7
0	40
1	23
0	19
0	19
0	19
0	13
0	0
0	0
0	3
0	0
1	10
1	12
2	53
12	53
169	1692
0	236
0	1555
15	1550
0	48
13	495
4	44
284	250
3	256
0	251
2	151
2	0
2	89
5	64
0	28
0	0
0	611
1	584
1	199
7	272
0	44
0	0
0	0
2	2
0	0
0	0
0	0
0	0
0	0
0	0
0	0
8	391
0	325
4	83
3	330
3	283
5	205
0	215
29	214
0	31
0	16
0	74
7	60
0	56
0	0
0	54
4	53
10	54
0	10
152	403
0	192
9	330
5	52
0	0
0	0
0	10
0	1
0	5
0	10
0	10
1	6
0	10
0	0
0	0
0	0
0	0
0	0
341	590
0	590
0	0
0	0
3050	0
0	0
13	0
48	17
1	17
1	660
3	623
0	247
0	242
27	104
11	36
0	180
1	50
3	91
2	2
0	224
144	318
0	266
0	117
0	242
0	84
1	83
52	93
2	34
0	0
11	12
0	85
0	82
14	74
0	66
0	70
11	79
0	79
0	26
3	87
0	5
12	6
0	0
0	293
14	293
24	157
0	0
0	0
0	0
38	131
0	130
3	0
0	4
2	3
1	10
0	0
1	44
1	59
0	25
1	2
11	0
931	89
0	89
87	38
3	38
0	17
23	271
0	248
0	160
5	122
1	87
7	0
4	529
0	388
2	0
1	97
1	47
1	426
0	468
0	0
5165	3916
0	591
7	1725
17	1360
21	1296
3	548
1	6
0	6
0	4
0	811
16	192
0	707
26	773
38	707
0	793
0	52
0	25
7	209
0	158
12	333
0	0
0	0
0	0
0	0
0	0
0	0
0	0
0	0
2	3
0	0
0	189
5	166
0	67
0	62
0	166
0	60
0	22
3	25
0	73
0	1
1	69
0	24
0	2
0	2
0	1
0	2
0	24
0	38
0	38
0	27
2	0
2100	1700
8	664
0	963
0	950
14	659
154	76
0	76
342	191
0	127
1	191
0	0
0	0
0	0
0	0
0	0
0	35
0	75
1	259
1	265
0	66
3	21
0	265
16	596
15	589
10	184
1	190
2	198
0	22
0	0
3	29
0	2
176	34
8	34
22	49
0	49
0	0
0	0
0	0
0	0
0	0
0	0
0	0
0	17
0	21
0	18
0	21
1	340
11	428
3	328
0	77
121	96
2	96
0	3
0	7653
0	44
0	333
0	7692
1	8
0	7738
0	4349
34	4206
10	392
0	4400
0	7713
0	4345
0	7675
0	0
0	0
0	0
303	585
0	378
0	449
0	443
0	322
0	598
0	325
2	419
0	104
968	1288
5	899
7	463
1	0
8	211
0	203
0	56
0	0
82	76
2	108
0	82
0	82
49	24
86	274
373	452
3	255
0	246
1	289
0	108
39	188
42	94
6	90
1	63
0	56
0	1120
24	1028
0	1127
45	105
1	1094
0	102
9	1065
0	0
51	23
0	23
13	18
5	1355
2	1016
0	253
0	108
0	76
0	1357
5717	498
1	374
51	224
108	107
2492	1502
0	623
2	879
0	0
0	0
0	0
0	0
0	0
0	0
0	0
0	0
0	11476
48	17454
14	13792
41	7806
39	7904
0	7815
22	5968
0	17447
223	0
51	13301
2	9740
0	5245
7	13266
47	2295
5	6228
3	5894
45	7540
6	1600
0	3241
58	3210
239	0
0	38
0	30
0	22
0	12
0	0
0	1092
0	97
0	251
0	1111
2	135
0	941
0	9
15	9
0	50
0	1057
26	1030
2	239
0	98
4	662
0	94
0	18
0	464
1	518
0	656
0	691
0	472
0	621
0	60
1	227
0	111
0	6
0	6
37	51
0	28
13	23
3	0
16	84
18	83
3	1
160	209
0	55
6	89
33	190
0	134
2	97
0	0
0	59
6	59
312	271
2	271
0	3505
259	5916
0	2772
0	4036
0	568
20	4037
6	1002
22	2215
21	1235
164	1891
3365	660
74	198
0	34
0	34
0	0
0	0
20	1578
0	1355
8	349
0	18
0	9
0	13
8	1638
4	1483
0	1785
5	103
8	290
17	667
4	185
587	0
1	0
26	856
33	856
5	6
7	13
3	46
0	125
0	76
1	17
274	237
0	26
0	34
0	237
4	41
6	10
3	45
0	857
0	155
0	850
0	563
0	861
0	831
0	15
11	25
0	55
0	17
1	59
0	7
0	64
0	60
24	0
1	46
3	79
13	8
0	0
0	0
0	0
0	0
0	2
0	3
0	2
0	10
0	4
0	7
0	3
0	0
99	18
0	18
24	0
8	4
0	0
0	0
2711	0
0	1
0	16
0	16
0	5
3	9
0	7
11	3
76	0
0	468
0	1
0	1
0	0
0	4
0	4
85	329
48	0
0	160
3	162
8	177
5	13
0	0
83	133
0	59
1	133
0	3
0	3
0	2
0	6
0	2
0	0
636	0
0	3
5	3
2	88
6	244
0	92
0	247
0	43
0	144
0	139
4	6
3	16
0	144
0	136
0	943
0	907
17	994
0	928
23	1019
3	13
0	74
38	86
8	41
2	13
3	7
52	66
65	487
13	487
2	72
0	110
0	0
0	0
0	24
0	441
0	525
0	364
10	12
0	32
4	1
1	0
0	0
0	0
39	246
2	246
38	134
12	62
1	112
0	0
1	3
0	134
0	1
0	1
2	1
0	1
0	0
0	0
0	0
72	32
0	1
14	3
0	2
0	0
3	0
0	0
0	0
0	0
0	8
0	8
0	0
0	0
0	0
0	0
0	0
10	0
1	0
0	0
0	0
0	0
1	61
0	14
0	61
0	4
0	4
0	4
4	157
0	0
96	149
0	105
1	133
1	32
0	52
0	0
0	0
0	0
0	0
0	0
0	0
0	0
0	0
154	0
14	65
2	16
1	5
0	65
5	59
0	8
0	53
0	11
1	22
0	2
0	2
0	2
0	0
0	0
0	0
0	0
1	316
117	294
0	205
3	294
4	7
0	7
0	5
0	5
0	5
0	1
0	1
0	1
0	0
0	1
342	0
0	0
0	0
0	0
10	0
588	640
0	37
1	618
31	1
37	130
7	33
0	130
0	0
0	0
0	0
0	0
0	0
0	0
0	0
0	0
0	0
0	0
21	0
0	1
2	1
0	0
0	0
0	0
0	0
0	1
0	1
0	0
0	0
840	4639
11	1012
15	1796
50	3209
18	2625
398	0
1	0
0	0
0	0
1140	1862
7	2357
0	1043
71	90
0	6
0	6
0	7
0	0
831	0
1575	2955
7	71
0	5
0	665
1	344
12	365
12	626
6	434
9	937
18	293
28	293
0	48
64	0
66	0
17	4604
192	4502
32	4284
0	625
4	2574
78	5
12	310
338	0
1	518
2	283
0	3
7	3
0	515
134	3
1	7
0	54
0	59
0	0
0	0
2	35
1	15
0	9
0	12
0	52
0	48
0	13
0	4
0	21
0	6
1	2
0	2
0	7
0	9
0	9
0	8
0	5
0	59
0	60
341	2222
7	473
2	684
0	224
5	94
1	91
21	332
93	1
0	0
0	41
468	167
0	1
0	70
18	9
2	82
2	0
0	0
0	0
785	67
1	10
0	35
1	57
0	0
0	0
0	0
0	0
0	0
0	0
0	0
0	0
0	0
0	0
118	5679
0	739
60	282
3337	5670
0	3218
0	3146
686	874
0	760
3	141
0	0
0	90
6	90
1	158
1	29
1	160
0	161
0	165
5	116
2	21
0	17
2	7
0	5
0	157
460	117
2	117
0	0
0	0
0	0
0	0
0	0
0	0
0	0
0	0
78	31
0	34
4	41
0	9
4	121
0	120
0	51
1	94
1	44
0	89
0	49
0	44
0	77
2	39
0	29
0	64
6	27
3	30
0	27
1	6
0	2
0	64
1	121
0	213
0	195
0	194
0	20
0	28
0	33
0	95
4	95
9	55
2	211
0	0
0	1
0	124
2	38
1	53
0	123
2	124
0	113
0	0
0	5
0	16
0	14
0	16
1	0
0	237
0	7
0	82
0	41
0	9
2	10
0	237
2	65
0	50
2	61
0	8
0	3
0	3
0	11
2	11
0	11
0	11
3	0
0	4
8	4
0	2
0	2
46	1045
0	995
0	1118
1	0
0	0
0	14644
0	14644
0	336
0	349
4	323
4	66
0	139
0	64
6	15
0	50
5	21
1	13
9	0
0	4
0	3
0	4
0	4
0	4
0	3
0	1
0	0
0	0
0	0
0	0
1	37
0	37
0	2
0	0
0	0
0	0
0	0
288	5
22	3
20	5
57	322
0	67
0	42
1	158
0	158
0	113
1	60
0	29
0	29
0	2
0	0
0	0
0	0
0	2
0	0
0	0
2	0
0	207
201	249
0	156
0	181
3	247
0	7
0	47
0	58
1	14
0	233
0	148
0	229
1	239
9	0
18	14
0	29
0	0
0	0
256	331
1	214
1	31
0	143
1	190
7	100
0	24
0	40
2	73
0	0
0	73
0	0
0	0
0	0
0	0
0	0
95	1808
41	1801
6	333
8	236
28	0
171	470
8	170
3	300
8	0
0	0
0	0
0	0
0	155
0	136
13	450
0	415
1	137
3	24
0	27
2	18
0	4442
0	3908
0	4451
3	2541
0	136
7	313
26	4334
109	6505
22	2066
8	3241
0	5926
4	685
1065	3604
3	273
4	290
0	534
3	386
8	392
1	422
15	138
1	540
2	820
2047	439
7	494
5	520
0	306
22	517
11	258
0	8
0	8
0	3
1	5
0	3
0	4
0	4
0	2
1	5
0	3
0	5
0	5
0	3
18	84
0	76
0	43
0	22
3	20
0	20
0	28
2	684
0	976
0	941
0	371
1	859
1	155
1	701
0	688
3	575
4	859
0	398
23	211
0	196
56	136
0	60
0	36
0	66
0	48
0	74
0	51
1	50
0	44
0	13
0	0
1	32
4	34
0	25
0	24
3	14
0	9
0	0
6	161
0	7
0	177
0	6
0	166
34	174
0	166
0	33
0	0
0	0
0	0
0	0
0	0
0	0
0	0
0	0
0	0
0	0
0	0
0	0
0	0
2	0
0	4
0	0
0	0
88	0
66	603
0	576
0	587
0	604
0	37
0	9
17	3
0	58
0	2946
0	3497
14	87
0	2922
171	0
0	3173
208	17
28	1995
29	294
95	335
0	645
1	3267
0	0
0	0
0	0
0	0
0	0
0	0
0	0
0	11
0	2
0	11
0	0
0	0
0	6
0	0
0	11
0	6
0	11
0	2
0	1
2	6
9	1489
0	1490
0	1419
0	571
0	201
0	347
0	417
0	449
0	283
4	64
32	81
0	0
0	0
0	0
0	1483
0	0
0	0
0	0
0	0
2440	14823
0	176
1	176
1	176
0	180
0	28
0	21
0	32
3	16
0	16
0	14
0	13
0	0
0	3
0	7
0	1
0	13
221	407
0	432
0	72
2	112
1	0
1	14
0	471
0	23
174	12907
5	9700
115	10204
0	10489
7	11889
5	5473
5	9607
0	6152
1	529
0	66
0	0
0	0
177	75
5	45
25	30
14	0
0	4623
5	18711
35	14042
74	5864
0	14396
38	8438
0	6
0	6
2	0
118	246
0	70
0	48
1	29
1	149
6	40
0	354
38	22
3	323
115	329
0	336
0	57
11	7
46	11
1	4
0	5
0	307
4	219
0	290
0	222
0	246
0	39
11	5
0	240
2783	1884
0	725
0	1319
4	728
0	191
13	274
5	346
6	197
32	62
0	0
0	0
0	0
0	0
0	0
0	0
0	0
0	0
0	0
207	68
0	68
6	1537
5	652
76	1047
125	1059
25	1027
1	193
0	332
3	42
8	222
5	0
14	71
0	19
0	26
0	22
0	19
0	8
0	10
4	0
135	18
1	18
0	10
0	10
0	10
0	2
7	22
0	21
0	0
0	0
0	4
0	3
0	3
0	3
882	2742
33	1925
0	271
6	130
0	507
2	493
0	258
0	1
0	97
0	11
0	89
0	4
0	3
0	59
0	2
0	9
0	11
0	11
0	58
0	57
0	57
48	198
15	9
6	45
0	66
9	9
3	51
3	22
6	82
25	41
0	0
81	5077
281	5871
0	2688
0	2651
7	1730
3	1298
25	300
7	370
1	216
107	149
2	187
0	79
38	15
3	76
0	68
2	17
23	35
0	67
0	0
0	0
0	0
0	0
0	0
0	0
0	523
0	79
6	598
345	0
1	1
0	6
0	0
0	0
0	1
0	0
0	1
0	6
0	6
0	234
0	0
0	219
0	3
1	230
0	220
1	7
6	1
0	24
0	176
0	100
0	0
1748	583
6	229
4	376
1	375
5	375
0	273
0	235
20	141
0	0
1	1
0	0
1	3
0	0
1	0
0	0
0	0
0	3
0	0
0	0
238	156
8	156
3	26
0	1
0	1
0	1
0	1
0	0
0	0
0	1
0	1
0	1
0	1
0	1
0	0
0	0
0	0
0	0
0	0
0	0
0	0
0	0
0	1
0	1
0	0
222	398
84	398
0	156
0	58
0	159
0	0
0	0
58	12
0	12
9	151
0	1684
4	1568
7	38
3	405
2	413
4	6
0	59
10	241
7	346
2	39
25	85
0	13
1	161
0	10
0	157
0	24
0	157
0	14
0	0
0	0
0	0
0	0
0	0
0	0
0	0
0	0
0	0
0	0
0	0
0	0
4	91
10	101
0	110
0	99
0	18
0	15
2	27
0	0
0	0
0	0
0	0
0	0
0	0
0	0
0	0
0	0
0	291
7	58
7	379
15	427
0	248
3	0
0	154
4	56
27	20
3	4
0	0
0	0
0	0
0	0
0	0
0	0
0	0
0	8
0	0
0	6
0	8
0	7
0	2
0	2
0	0
0	0
0	0
0	0
0	0
95	52
2	52
0	17
43	230
6	230
0	0
1	0
0	0
0	0
0	0
0	0
0	0
0	0
2	3
0	4
0	1
0	1
0	0
13	16
0	14
0	14
0	13
2	17
0	17
0	0
0	15
0	15
287	331
0	320
0	117
1	113
0	267
0	180
2	190
0	127
0	84
23	114
0	28
1	121
0	0
0	0
0	0
0	0
0	0
0	0
0	0
0	2
0	0
0	2
0	2
0	2
0	0
0	2
0	2
17	1
0	1
100	592
0	61
13	101
0	14
0	12
0	12
4	7
0	548
933	708
24	499
2	234
4	85
20	604
17	241
1	8
15	43
0	32
4	132
3	13
0	186
0	34
20	24
50	2694
24	1762
4	1385
0	1357
1	1238
0	842
4	418
4	239
1	302
57	469
0	344
0	0
0	0
0	0
0	0
0	0
0	0
0	0
0	0
0	0
0	35
0	221
0	26
1	150
0	25
7	210
66	1880
22	2942
7	2937
0	305
46	334
0	59
0	54
0	2937
1106	1168
13	683
1	663
0	67
0	1041
11	256
4	638
0	0
0	0
0	1
0	1
0	0
13	9924
16	10236
13	6760
44	8619
41	472
0	7465
0	0
0	0
0	0
0	0
0	0
0	0
0	0
0	0
0	0
0	0
0	0
0	0
34	283
47	2157
0	259
2	2160
0	151
2	115
1	206
3	174
67	178
0	7
0	27
0	21
11	84
0	112
0	17
0	94
0	51
2	68
1	60
0	0
0	0
0	0
0	0
283	13
0	13
2	27
0	462
1	1110
55	1153
23	451
2	12
0	182
34	0
162	591
108	428
9	94
6	1126
0	36
2	975
6	968
35	964
11	241
12	18
9	32
14	59
1	4
0	0
0	0
0	0
0	0
0	0
0	0
0	0
0	0
6	403
963	2926
2	2856
13	421
1	611
0	10
5	12
0	0
11	26
0	26
468	633
4	466
4	281
0	82
1	3
0	3
0	570
0	570
0	30
0	54
0	0
2	12
608	457
9	111
0	430
4	355
0	17
176	234
1	234
0	0
0	0
0	19
1	206
1	72
8	17
0	38
0	25
6	102
0	73
0	204
0	507
0	24
0	531
2	89
1	50
2	52
0	298
0	36
1	44
0	0
0	78
0	69
6	1072
31	1072
22	1074
0	243
22	25
39	4
1	68
56	3
0	28
0	0
0	0
0	0
4	187
4	87
0	40
0	165
0	105
0	59
700	2278
44	2278
4	252
18	92
15	53
0	256
0	226
0	67
0	103
0	65
9	346
0	337
0	260
4	12
0	60
0	19
0	0
0	0
0	0
0	390
3	355
0	392
0	389
25	346
0	139
0	179
0	139
6	95
0	94
3	41
0	8
0	396
0	392
4	0
0	0
50	71
1	67
34	28
3	867
16	246
0	856
0	12
1	278
1	44
12	18
57	622
0	1543
0	331
0	23
0	1275
0	971
0	204
0	0
0	0
0	0
3364	0
0	0
0	0
24	2
0	0
0	53
21	61
0	19
0	0
0	3
0	3
0	0
231	0
395	547
12	110
1	396
2	486
8	284
16	98
0	27
2	7
211	314
0	1
1	314
8	25
0	0
2	69
0	51
7	37
0	16
6	5
0	39
887	309
5	278
3	264
0	111
0	104
0	87
0	77
2	14
37	15
0	0
103	2286
1	1463
0	2298
0	116
7	2179
11	39
1	270
0	148
79	368
25	64
3	0
8	607
0	0
563	0
0	0
0	1706
86	197
43	121
1	1669
0	6
0	112
13	1
28	394
61	897
1	912
1	227
0	234
0	153
0	826
0	0
230	207
13	9
17	26
2	110
2	9
69	94
0	123
0	156
0	58
5	51
0	0
0	0
0	0
0	0
0	0
0	0
0	0
0	0
2	0
33	458
5	5
36	47
0	458
2	60
3	21
27	4
0	49
1	44
0	0
0	0
0	0
0	0
0	2451
44	320
9	856
0	675
108	1430
0	1441
6	158
6	29
0	8
2	359
0	0
0	0
0	0
0	0
3	321
682	596
0	189
0	341
8	2
2	225
0	0
0	0
201	988
82	836
0	4
10	104
0	104
3	104
0	104
0	32
1	15
0	0
0	0
0	0
1	0
0	0
0	0
0	0
0	0
78	483
0	346
2	268
6	15
0	226
0	231
0	226
2	153
0	123
0	119
3	56
1035	712
1	654
4	617
34	4286
0	4286
0	728
3	501
12	141
0	0
0	1
0	0
0	1
0	0
4	1
1	4
0	3
0	0
0	0
0	0
0	0
0	0
0	0
0	0
0	0
0	0
0	0
0	0
0	0
0	0
3892	2411
95	523
0	2149
23	529
0	2
0	2
0	2
0	0
0	0
0	0
0	0
0	0
0	0
0	0
0	0
0	0
0	0
0	0
0	0
0	0
0	0
0	0
0	0
0	0
0	0
0	0
0	0
0	0
0	0
0	0
0	0
90	6
0	0
1	6
0	0
54	2
0	2
0	0
0	0
0	0
0	0
0	0
0	0
0	0
0	0
0	0
0	0
336	286
0	25
0	75
1	190
0	30
0	16
1	67
3	51
0	26
0	482
0	38
0	13
0	12
0	13
0	13
39	455
0	469
70	1
0	53
18	430
29	186
91	576
0	1904
54	1835
1	410
5	1689
7	79
61	207
0	7
0	5
1	7
0	9
0	6
1	0
0	9
0	0
0	0
0	0
0	0
77	1132
0	4551
0	267
0	3513
25	100
3	273
2	743
0	695
6	673
0	26
14	34
0	135
140	135
0	5
2	10
0	44
0	2
0	180
1	180
0	31
5	18
0	0
0	0
47	0
23	278
238	448
16	278
0	73
71	170
3	55
320	4848
6	165
0	218
10	122
0	4659
0	161
9	215
70	117
8	243
9	629
4	267
2	494
8	92
0	202
0	0
0	0
0	0
0	0
0	0
0	0
6	823
0	600
4	732
3	606
1	522
14	228
1	67
0	0
0	0
0	0
0	0
0	0
0	0
173	335
12	335
0	6
0	6
85	276
790	207
110	274
0	41
0	181
0	188
0	0
1098	3336
0	2572
17	70
3	294
6	124
0	244
11	374
1	210
22	577
0	0
0	0
0	0
0	40
0	49
0	73
0	3
1	70
0	60
0	17
4	33
3	5
0	18
12	32
0	1
0	17
2	17
0	6
0	16
0	0
0	1
0	1
1	837
3	305
0	432
4	97
2	196
279	1202
0	1167
0	0
0	863
5	863
0	187
0	262
0	168
0	172
1	126
0	27
1	14
0	137
0	1
0	1
0	1
0	6
5	149
8	145
0	149
0	9
0	0
0	0
0	0
0	0
0	0
59	26
9	3
0	29
0	23
1	1
0	9
0	8
0	3
0	170
0	0
0	1858
0	1275
1305	1858
14	84
0	32
0	208
4	220
116	18
589	0
0	0
0	0
1	1426
0	242
0	406
0	1069
0	801
0	924
20	467
0	422
27	306
13	38
0	106
2	289
3	96
0	275
0	124
0	167
0	92
0	83
0	56
0	17
10	39
0	61
0	53
7	55
0	4
0	4
0	0
0	0
0	0
0	0
0	0
0	0
0	0
0	0
0	0
0	0
0	0
0	0
0	0
0	0
57	536
0	534
7	48
0	10
0	7
0	8
0	86
0	105
0	67
9	71
0	0
0	0
1011	1380
45	1098
24	166
4	282
0	2
0	0
0	0
0	0
0	2
0	2
0	0
0	2
0	2
0	2
0	0
0	0
0	0
0	135
316	3299
1	3297
0	3708
38	3057
0	2874
26	420
0	1446
0	3710
38	820
0	755
0	22
15	743
7	557
37	591
48	138
0	0
0	0
0	0
0	0
0	0
11	2106
8	187
46	419
6	1633
2	1878
0	1925
10	98
0	246
0	43
3	144
295	42
0	8
0	34
0	0
71	76
1	76
0	428
4	70
0	107
4	42
0	317
0	286
0	9
2	57
0	0
0	0
0	0
0	0
0	0
0	3
0	0
0	3
13	0
0	4
0	2
0	0
6	539
28	241
0	0
3	166
0	522
0	87
0	3
0	3
0	0
0	0
2	1
0	1
0	1495
197	0
2716	1655
54	276
91	530
44	224
32	148
55	143
22	472
167	307
36	307
0	0
65	603
0	603
0	0
0	0
0	0
0	0
0	238
0	238
0	238
79	15
0	15
0	0
0	2
0	2
0	1
0	1
0	2
1	0
0	182
4	174
0	101
0	66
0	28
0	90
0	45
100	196
1	196
5	108
0	0
0	0
0	11
0	11
0	11
0	2
0	3
0	0
0	2
0	2
0	0
0	0
0	0
0	0
0	0
0	0
0	321
404	322
6	320
11	742
0	738
0	502
1	367
6	216
1	150
0	136
0	123
0	1
0	1
0	324
0	355
0	365
10	63
10	6
0	338
0	1
0	2
0	1
0	2
0	5
0	5
0	1
0	1
0	0
0	0
3	890
74	542
1	716
1	2018
0	584
17	1990
0	1343
0	84
22	62
0	47
26	36
0	26
6	113
0	1
0	1
0	1
0	1
0	1
10	465
4	178
4	24
4	1447
0	2485
18	2481
4	168
0	210
4	523
132	248
5	222
8	251
3	562
8	170
247	8363
43	7444
0	8338
0	7613
2789	8345
49	1337
37	935
1	1074
13716	1542
0	418
0	387
10	0
3	72
117	72
9	922
1	170
28	0
12	121
0	1171
6	18
0	24
0	572
0	1151
0	0
34	21
6	21
11	6
0	5
0	1
0	0
0	706
38	706
0	11
0	15
0	15
0	9
0	14
0	13
0	11
0	14
0	7
0	2
0	2
0	2
0	0
0	0
153	245
2	171
2	76
2	375
2	375
0	235
0	231
5	0
0	206
0	133
1	110
0	376
0	0
1	0
0	71
59	308
2	308
3	61
15	20
1	35
2	118
0	0
0	618
0	582
0	397
18	271
18	618
0	0
0	0
0	15
4	623
0	13
0	111
0	61
0	607
20	13
0	0
0	15
0	16
0	12
1	13
0	19
0	15
2	7
81	234
0	234
0	0
0	0
26	581
12	774
0	777
12	477
4	513
0	245
0	929
1	110
9	872
0	129
0	524
0	272
0	84
3	91
0	0
0	2
0	2
0	2
0	0
0	2
0	0
18	88
8	95
0	95
0	93
0	34
4	19
0	25
0	7
0	3
0	3
7	3
0	599
0	318
0	542
0	529
28	504
0	227
0	167
0	77
0	631
0	0
0	0
0	0
0	0
0	0
0	0
0	0
0	0
90	603
2	476
3	145
0	91
0	127
0	0
0	0
0	0
0	262
0	275
1	242
0	293
2	297
0	35
0	275
1	35
0	263
0	294
0	281
0	310
0	141
0	36
0	262
0	20
0	22
4	294
0	0
4	264
0	9
0	263
0	19
0	17
0	316
0	315
0	137
14	60
0	44
0	11
11	1348
3	10
0	6
75	1240
7	108
13	27
0	18
3	42
9	1230
92	864
1	636
14	692
0	0
2334	831
59	831
0	630
359	121
3	38
3	61
5	37
1	674
4	721
0	218
3	84
5	52
1	95
0	46
0	164
4	128
8	64
596	1110
3	303
4	322
2	519
0	172
2	730
11	340
12	462
0	46
0	123
0	131
0	132
9	122
3	88
0	52
0	92
0	89
2	72
0	48
0	47
693	435
0	242
4	193
1	104
0	0
0	0
0	0
0	0
0	25
0	32
2	9
0	6
0	10
0	14
0	1157
17	1431
0	0
0	0
0	0
9	162
0	263
1	2507
27	7
0	37
3	2515
4	179
0	2514
211	8
0	104
0	94
0	48
0	29
1	5
5	29
3	6
2	6
0	0
91	324
138	718
1	285
5	649
0	448
0	148
0	69
2	122
0	113
0	114
4	20
1	82
0	15
0	0
93	218
2	218
172	293
0	23
8	270
1	30
0	30
0	7
0	1
0	0
0	0
20	0
0	84
0	103
0	106
0	106
3	104
0	89
3	64
7	19
0	0
0	30
3037	1714
4	42
3	270
8	332
1	372
0	386
5	316
2	12
0	9
0	2
0	3
0	1
0	0
0	0
0	0
0	1178
0	1173
2	1142
1	19
0	441
3	147
0	1
2	0
0	496
14	4
1	4
0	27
0	145
0	136
0	14
3	16
7	16
0	40
0	60
0	2
0	8
3	2
3	8
1	32
0	12
0	30
0	46
1	60
0	5
1	57
0	2
0	51
4	55
0	47
2	26
1	8
0	25
12	40
0	133
588	1031
0	1031
0	0
1697	0
1	489
0	473
0	193
1	93
6	115
14	417
135	15
41	15659
0	0
0	25
0	0
0	25
0	0
0	23
0	24
0	0
0	0
0	24
0	25
1	0
12	675
0	710
31	0
2	296
0	263
0	65
0	12
0	361
0	300
20	56
0	65
0	345
7	252
1	63
0	111
3	52
18	402
3	344
2	211
2	180
1	81
6	0
14	632
53	742
21	142
0	397
1	247
4	66
4	56
0	10
5	107
0	397
0	110
0	166
0	174
4	35
0	45
0	23
0	22
0	19
8	19
1	174
0	110
0	0
0	4
1	277
36	52
0	62
1	275
16	313
1	80
0	127
0	276
0	55
0	69
0	72
1	86
0	81
0	94
0	22
11	49
0	92
0	122
0	83
0	100
54	0
0	510
0	510
0	433
0	44
6	393
0	73
0	87
2	72
4	13
0	43
2	23
1	1569
16	1522
1	953
0	380
1	25
0	366
93	165
2	165
0	7
15	689
0	744
7	711
72	62
0	0
0	0
0	0
6	71
0	65
0	63
0	14
0	18
0	10
0	14
0	42
0	32
0	31
0	1
0	1
2	16
0	8
0	11
0	14
0	8
6	14
0	10
0	7
0	7
0	4
0	2
0	0
0	0
14	1
0	1
0	0
16	369
15	82
0	345
0	345
1	367
1	367
2	0
0	6
0	0
0	4
0	2
1	19
0	19
0	4
15	12
13	15
0	16
0	8
2	2
2	4
0	1
3	0
2	0
337	262
0	137
0	88
5	59
0	683
0	540
0	209
0	683
0	0
0	0
0	1
0	0
0	0
0	0
0	0
0	0
0	0
0	1
0	2
0	2
0	0
0	2
0	0
0	2
1	2
0	0
0	0
0	2017
165	1255
0	1914
1	2084
3	1114
1	887
4	1107
0	1030
0	937
10	1210
3	369
0	331
546	172
1	85
0	83
8	38
0	23
14	29
0	18
0	1
0	1
9	401
0	403
22	396
0	335
0	6
877	549
0	141
0	127
0	452
6	410
5	55
0	36
0	169
0	156
0	31
0	36
78	11
0	6
0	11
16	1
3121	1497
18	1235
8	591
8	1746
35	78
489	4594
0	219
1	272
0	4594
3	9
0	9
0	9
0	7
0	7
0	5
0	9
0	7
0	2
0	6
0	4
0	5
0	0
0	2
0	6
1	2
0	4
2	0
0	133
16	158
9	217
12	92
0	234
0	205
1	1158
2	1159
5	242
0	54
21	106
0	269
0	246
0	2
48	37
0	0
0	0
3835	1043
44	645
0	222
71	52
0	244
7	142
21	679
0	152
4	620
0	332
9	181
0	407
4	457
0	192
0	562
107	562
53	6
3	217
3	90
2	3813
0	1688
154	54
0	766
20	898
15	1375
0	19
2	878
0	3632
2	1068
0	0
3373	1985
25	1983
9	10
3	562
1641	16407
101	16306
0	985
9	1761
23	1059
10	1098
14	1193
27	1832
23	3094
2	1562
1	2393
5	1658
43	475
20	293
0	0
4	6
0	6
3	0
0	0
0	0
0	0
7900	0
9	457
2	1295
4	142
40	28
14	862
4	142
0	392
3	88
0	35
14	69
0	54
1	16
0	0
0	5
10	17
0	5
0	11
0	2
0	2
0	3
1	4
2	1
0	0
2	0
0	0
0	0
0	0
0	0
0	0
519	1276
0	1304
10	580
0	0
0	437
1	380
0	68
3	184
0	0
0	0
0	0
0	0
0	0
134	2987
19	3069
1	2255
0	263
1	383
27	232
0	11
0	11
0	0
0	1
0	1
2	3
0	76
6	1387
0	0
0	0
0	0
0	0
0	0
0	0
0	0
0	0
0	0
0	0
0	0
1	0
0	0
0	0
0	0
0	0
673	2980
12	1241
19	1084
0	1578
1	179
9	116
0	35
740	1486
0	1304
17	629
0	547
2	152
0	348
5	235
1158	160
0	145
4	79
0	126
31	14
239	466
0	371
2	371
2	18
0	18
0	0
0	18
0	7
11	563
47	538
0	537
4	260
0	15
1	108
0	369
38	10
68	0
136	21
0	167
0	167
0	167
3	0
260	629
0	262
2	582
0	244
1	628
0	53
2	2
0	2
6	1
0	1
0	0
0	0
0	0
0	0
0	2475
20	2772
0	2643
0	2550
0	3147
17	395
8	1454
0	355
0	335
0	2698
68	2467
2	2752
0	139
2	207
0	210
0	207
22	11
13	34
1	26
0	50
2	24
122	1285
50	1289
1	1223
7	190
1	83
12	303
0	44
0	201
0	202
0	202
1	202
0	193
0	128
0	64
2	25
0	41
3	19
53	324
0	323
3	298
1	161
0	109
0	19
37	14
18	1
0	3
0	3
0	3
0	0
0	0
0	0
45	430
27	430
0	83
1	32
0	38
29	0
8	1720
7	2112
13	1708
58	0
4	1729
5	288
7	6
0	222
0	230
0	159
5	159
0	0
0	0
49	643
15	641
56	49
0	166
2	0
0	66
0	0
0	0
0	0
0	0
0	0
0	0
11	1479
21	1669
0	1699
19	4
11	853
11	1732
643	1009
7	81
1	654
0	534
85	18
11	18
0	7
8	5
0	1
7	704
13	322
0	366
2	226
24	270
0	7
0	7
0	2
0	4
0	4
0	0
0	0
4	3
2	3
0	862
13	800
0	671
0	571
0	487
23	365
2	62
0	63
2	96
0	17
6	0
55	12
0	0
6	30
8	772
455	264
5	252
7	13
0	73
0	16
0	29
0	4
7	3
0	3
0	8
3	0
0	3
0	16
0	26
0	25
0	12
0	0
0	0
0	0
3	3
0	3
0	3
0	1
0	3
51	0
0	0
0	0
0	69
2	73
0	73
0	68
0	13
0	0
0	0
0	8
0	14
2	18
0	69
3	170
0	169
0	169
0	129
0	129
0	125
1	66
0	94
0	68
0	16
7	935
106	934
29	11
11	8
10	0
0	6
19	26
0	0
5	13
0	5
0	7
0	0
0	0
620	0
0	1
0	31
0	12
0	4
0	0
0	0
0	3
0	31
0	0
0	0
0	0
0	0
0	0
0	0
0	0
0	0
15	0
0	0
0	0
0	0
0	432
0	446
3	25
0	131
0	440
0	0
0	0
0	33
0	2
0	34
0	32
1	31
0	6
0	27
0	27
0	26
0	6
0	5
0	4
3	3
0	8
0	6
0	6
0	13
2	1
492	522
8	463
0	22
0	93
1	23
11	127
0	31
0	0
1	2
0	7
1	4
0	4
1	4
0	7
1	5
536	5
238	131
0	70
0	46
1	31
0	40
0	21
0	27
0	11
794	948
0	144
0	238
0	77
15	43
0	216
0	415
0	367
11	15
0	295
380	531
27	481
0	519
0	108
0	127
0	48
0	0
0	0
0	5
0	9
2	5
0	5
0	0
5	3
0	48
0	46
0	48
1	0
2	21
0	0
0	0
0	57
21	57
30	155
0	45
19	155
28	72
0	66
0	60
0	46
2	33
1	19
0	8
0	3051
166	3045
12	392
10	391
67	260
0	0
0	0
0	0
0	0
0	0
0	0
0	0
0	0
76	217
0	196
0	206
3	186
0	39
3	13
0	0
0	0
0	0
0	2
0	3
0	3
0	3
8659	879
5	305
0	379
0	0
1	709
2	708
0	685
55	28
1	6
0	28
0	14
0	1
0	2
0	1
0	8
23	8
119	461
0	398
8	387
0	401
0	464
5	430
0	430
0	444
16	64
1	38
0	74
0	64
0	66
0	395
4	0
0	0
0	0
0	1
0	1
0	0
0	1
0	0
0	0
0	1
4	192
18	192
1	21
0	49
12	198
1	256
36	113
6	232
0	198
2	252
0	211
2	253
0	206
0	246
0	46
0	27
0	38
0	42
0	12
3	16
0	0
2	0
26	0
20	0
0	139
0	139
7	58
1	36
5	47
0	0
0	0
0	139
71	0
0	4
0	4
0	4
0	4
224	146
0	127
0	145
5	113
2	0
0	0
0	0
0	0
0	0
0	0
0	0
0	0
0	0
0	0
0	0
0	0
340	0
3	2
0	1
0	2
0	2
0	2
0	1
0	1
0	0
0	1
0	0
0	0
0	0
326	85
1	6
2	80
1132	788
8	786
0	279
423	1404
47	1377
0	439
8	335
4	1052
1	1083
0	1165
2	1086
3	247
48	0
6	92
4	262
63	0
2	175
0	1395
0	1373
0	0
0	0
109	609
1	587
23	129
0	152
0	169
16	100
0	163
0	0
0	0
0	0
0	0
0	0
0	0
150	257
1	39
4	11
17	221
0	136
57	392
0	158
3	339
0	320
0	48
0	3
0	11
0	0
0	11
0	3
3	0
1	7
0	3
1	5
0	11
1	793
0	1
18	245
0	28
0	797
0	66
0	106
60	585
1	800
8	18
2	35
0	21
2	82
1	67
2	33
4	52
0	93
5	108
3	66
0	796
0	0
0	0
0	0
0	0
0	0
0	0
0	344
1	344
0	344
5	1
0	1
0	0
0	0
0	0
0	0
2	1
2	0
0	12912
8	0
0	0
1	12728
2293	13049
23	2690
0	12552
55	2812
0	9392
0	9456
868	141
0	137
0	156
1	128
27	176
0	176
0	164
1	13
0	2
1	46
4	1
0	0
11	401
0	98
2	387
0	61
0	53
0	392
0	0
11	392
2695	1644
2	334
1	851
4	261
0	1644
0	1
0	1
0	0
0	0
0	0
31	3295
0	3342
11	234
1	439
10	129
1	1264
0	3290
7	0
209	1442
8	119
0	1442
0	0
13	352
767	1388
0	619
18	115
55	7
25	242
0	132
2	483
0	226
0	444
0	14
442	311
4	124
8	79
0	101
2	17
2	20
95	4
0	58
89	967
4	152
15	832
0	314
2	90
0	205
0	70
0	194
8	79
22	1736
4	54
0	44
1	1737
0	431
0	79
97	524
4	50
0	60
2	10
0	28
0	53
14	7
58	512
0	532
0	261
0	232
0	212
0	170
0	69
0	60
5	29
118	4
6	146
1	10
0	13
14	70
0	146
0	0
0	0
0	0
0	172
0	172
9	2787
0	285
620	4181
1	560
0	295
3	794
0	21
0	1388
384	8
15	551
12	3776
842	2102
0	323
108	144
68	128
0	54
4	507
20	598
5	705
20	627
11	361
0	48
0	19
0	724
19	6304
0	6403
6	1208
6	2996
27	974
0	5997
8	1865
10	1984
0	6242
0	776
0	680
1	167
0	775
503	11
2	11
149	568
3	547
8	333
0	54
0	0
0	0
0	0
1	1
0	1
0	0
0	0
0	0
23	20
1	20
58	127
0	129
0	7
1	99
4	0
4	106
3	94
0	17
0	15
10	5
283	700
8	511
19	480
2	73
4	40
8	23
1	45
14	44
0	0
0	0
0	0
0	0
0	0
0	0
1	0
0	0
7	3
0	3
0	0
0	0
0	0
0	0
0	0
0	0
1340	0
0	1
0	1
68	1481
32	1632
0	1559
0	1239
91	1154
2	1157
7	332
68	131
123	52
0	0
0	0
0	0
1	11
0	0
0	11
0	11
0	11
0	11
0	11
1	11
0	11
0	11
0	11
0	11
0	11
0	11
0	11
0	11
0	11
0	11
0	11
0	0
1	0
0	0
0	11
0	11
0	11
0	11
0	86
0	89
1	31
0	89
1	11
0	5
0	0
0	0
1	451
1	451
10	10
0	154
22	10
0	121
1	162
11	201
2	99
0	186
0	100
1	47
9	47
1	38
0	7
11	0
79	27
0	0
0	0
0	0
0	0
0	0
4	0
0	44
3	35
0	5
0	15
0	74
0	193
0	169
3	134
68	194
630	1964
76	788
0	640
24	1244
0	1132
0	558
7	513
0	161
19	874
2	517
5	748
113	313
264	483
1	42
0	252
7	176
22	1832
12	1831
4	35
1	81
3	76
2	94
0	1365
22	34
8	112
1	0
0	0
5	0
0	0
0	0
0	0
0	0
0	0
0	0
0	0
418	2009
1	629
3	1380
0	1254
14	1
0	25
0	27
0	23
0	0
0	26
4	2
0	3
742	0
17	57
0	57
0	11
3	16
0	5
4	0
0	0
0	0
0	0
0	0
0	800
0	660
0	247
0	413
1	250
272	0
0	1
312	159
0	159
11	10
5	4
0	1
0	4
0	0
0	0
0	0
0	0
0	0
0	0
0	0
0	50
0	38
0	38
0	22
0	9
18	0
0	0
0	1
0	0
17	50
0	25
0	25
0	23
0	25
0	0
2	0
0	0
0	0
0	1
10	259
11	259
4	12
8	20
2	52
0	163
0	172
0	180
0	21
35	152
0	123
6	64
11	118
11	98
0	12
0	41
0	24
0	0
32	50
0	0
0	0
0	0
0	0
0	0
0	0
0	0
0	0
0	0
0	0
0	0
3	7
0	3
0	3
0	4
0	2
0	2
0	48
0	49
0	49
3	37
0	0
0	0
0	0
0	0
0	0
5	0
0	0
0	0
0	0
0	0
0	0
0	0
0	0
0	0
0	0
0	0
0	38
0	33
1	38
424	636
3	56
61	222
0	69
16	155
2	49
0	27
6	16
4	0
0	2
0	0
0	0
0	0
0	0
0	2
0	1
154	322
4	39
0	270
12	238
1	13
0	27
6	22
39	62
1	62
1	2648
0	6
0	0
0	6
0	0
0	0
0	0
0	2011
0	414
70	135
2	1872
20	835
0	707
0	54
91	680
1	98
1	281
7	115
13	57
0	9
0	176
117	186
0	32
0	22
1	5
0	3
0	89
45	1
2	0
12	0
0	0
0	0
0	0
5	13
1	75
3	24
0	22
3	22
0	22
0	19
0	61
0	68
0	5
1	19
0	75
0	0
0	0
0	0
0	144
1	152
2	166
1	121
0	174
0	79
0	140
3	25
0	4
1	9
0	140
1	5
2	8
0	10
0	2
0	10
0	0
0	0
0	0
0	0
0	0
0	0
1044	195
5	11
0	185
6	131
0	55
114	477
0	497
13	492
1	416
2	70
0	138
1	145
3	115
2	320
0	9
0	149
0	70
0	27
28	47
0	0
171	0
0	0
0	0
0	0
0	0
0	0
0	0
4906	2111
0	1666
6	815
0	0
0	7
0	3
0	7
0	4
0	2
0	0
0	0
0	3
0	2
0	4
0	3
0	4
0	1
0	0
0	0
0	0
300	26
25	0
7	2
4	24
0	0
0	0
19	28
1	3
0	16
0	26
586	298
3	298
0	0
0	1
0	1
0	0
0	0
1553	0
46	0
41	1632
0	1579
0	934
0	70
1	223
0	117
7	5
3	156
0	90
1	360
0	970
0	644
0	920
0	911
8	51
0	0
0	42
0	49
0	45
0	149
1	149
0	13
0	3
0	2
1	16
1	82
2	1
0	0
0	0
77	1885
54	1514
1	1732
0	132
29	10
0	10
32	3514
0	3579
3	1107
0	1275
0	1233
0	1238
3	1
12	142
0	83
255	147
0	0
0	0
0	0
3	38
1	33
0	0
0	37
1	592
0	67
0	585
1	555
0	513
1	586
0	60
0	541
0	17
2	21
0	21
0	9
0	1
0	17
0	21
0	9
0	6
34	8
0	8
0	6
1	6
0	17
0	17
0	18
0	6
0	10
0	6
0	6
0	5
0	0
816	104
1	91
23	18
0	32
4	22
0	32
1	4
0	3
0	0
0	1
1	0
1	6
0	13
0	3
0	3
1	3
0	0
0	0
0	0
2	6205
17	2750
0	6146
1	1450
115	5923
0	2756
0	5807
7	1091
27	657
22	2259
146	151
4	1182
0	6205
0	42
0	30
156	192
0	191
0	145
0	91
0	0
0	0
14	7
0	2482
0	344
1	54
10	2462
4	552
0	441
0	293
1	210
11	65
0	152
0	517
0	0
0	0
0	0
0	0
6	49
0	49
0	64
1	10
0	13
0	19
0	89
9	89
39	43
0	43
0	40
0	4
0	5
0	6
0	6
0	0
0	0
0	0
0	1
0	1
0	0
0	0
0	0
0	0
0	0
0	0
0	0
0	0
0	27
0	3
0	27
0	3
0	2
0	6
0	4
1	0
0	0
0	0
633	996
30	463
15	533
8	1112
0	1032
0	1084
21	182
0	185
0	9
0	117
7	0
1	711
0	117
0	0
0	98
0	715
1	92
0	111
2	86
0	149
5	36
6	184
0	135
0	0
0	0
0	0
0	0
0	0
0	0
0	0
0	0
5	0
0	41
0	16
0	13
176	54
2	46
0	0
0	0
39	205
0	89
0	192
60	660
26	660
203	117
84	117
9	541
0	506
7	38
0	226
1	31
6	15
0	12
2	13
0	0
0	46
1	38
0	40
1	0
8	1887
0	1841
0	1012
15	13
5	220
0	277
1	242
1	75
7	16
65	754
14	21
0	59
0	33
13	82
91	35
93	0
5	191
12	191
0	169
0	122
0	58
6	8
0	8
0	4
0	1
0	3
0	0
1	958
3	958
11	888
3	184
0	367
0	450
0	532
0	512
19	370
0	0
0	0
0	0
0	1
0	1
0	1
0	1
0	1
0	6
0	0
2	2
0	0
1	2
0	6
138	1166
81	1114
3	69
104	95
0	65
0	0
0	0
0	0
0	0
2	0
0	0
0	0
0	0
1098	1400
3	260
0	572
29	13
0	2551
4	3097
6	3098
2	399
0	2878
0	2440
8	1629
0	2430
2	0
0	545
5	1340
13	717
1	90
1	2850
3	147
0	236
0	225
0	2
0	2
0	0
0	2
0	0
654	156
0	43
0	113
0	28
0	1
0	1
0	0
0	0
0	0
0	508
671	508
44	0
67	813
2	1814
7	1819
0	1785
66	884
6	1220
8	1328
2	2275
0	2415
49	991
0	929
0	926
91	918
5	579
19	374
0	195
4	183
70	0
145	1096
195	1104
5	242
1	279
2	74
0	0
3	0
0	0
0	0
0	3
0	3
0	3
0	3
0	3
0	3
0	3
0	0
0	0
0	279
0	279
2	0
0	45
0	83
3	64
1	79
0	41
0	63
0	13
2	8
938	756
76	0
62	249
0	762
0	25
272	302
0	302
27	151
0	119
0	72
0	104
0	60
0	65
0	75
0	66
0	72
0	72
1	6
0	2
0	8
1	4
0	3
0	0
0	0
0	57
115	57
0	0
0	0
0	0
0	0
0	0
0	1
0	1
0	1
1	1
556	400
12	400
1676	0
46	258
140	256
6	13
58	9
0	0
0	0
63	798
1	674
2	140
0	0
0	0
0	0
179	0
138	55
0	40
0	19
1	18
0	0
0	0
0	0
11	9
0	9
0	402
0	398
3	216
0	139
0	21
7	115
1	0
0	0
0	0
0	0
0	0
0	0
0	0
967	3035
57	284
9	148
67	176
13	2402
5	237
6	36
10	252
7	183
19	233
7	67
0	0
33	115
50	695
43	20
46	691
1	192
3	48
0	31
0	49
20	401
0	401
1733	2003
391	2353
78	2354
53	653
14	1192
0	639
2	0
0	0
0	0
0	0
0	109
7	105
0	61
0	109
0	109
0	59
0	10
0	35
0	11
5	16
2	466
0	49
0	67
0	61
0	37
0	89
9	0
0	90
0	57
48	80
2	73
0	61
0	39
0	30
0	22
0	6
0	458
8629	20370
5	3344
4	20370
2	83
4	71
0	56
0	58
14	0
10	4
0	0
100	0
33	450
151	487
0	254
7	2
1	131
0	92
1	12
0	0
0	1
3	0
0	0
0	298
0	301
0	306
0	246
4	241
0	11
0	72
1	18
0	73
0	48
0	33
19	3
0	252
1	21
13	47
0	252
0	10
0	251
5	17
0	0
0	0
0	0
0	0
7	4001
49	1051
0	4003
0	1676
0	1164
10	250
0	0
0	3
0	3
0	0
0	2
0	2
0	0
0	1
1	3
0	0
0	3
0	0
0	0
0	513
30	470
0	434
0	435
1	293
0	372
0	222
0	271
0	238
0	91
0	24
1	130
0	124
0	80
0	0
0	0
0	1
0	0
0	0
0	0
0	0
0	0
639	3567
3	3557
3	458
0	581
11	516
11	194
3	7
0	3
5	4
0	8
0	15
0	15
0	1
0	1
0	11
0	1
0	48
0	2
3	10
0	46
31	74
7	28
0	25
0	24
1	10
2	24
0	10
0	8
0	2
0	0
0	167
0	0
0	2
0	0
7	85
0	122
0	406
9	110
0	413
0	164
2	46
0	55
0	107
37	1017
1	876
0	1026
0	76
1	1
0	91
0	91
1	21
0	2
0	2
0	2
4	3330
0	1357
0	3511
35	3415
0	1200
5	2978
41	174
0	219
8	90
6	118
0	22
1	0
0	0
2	14
0	14
0	0
0	0
0	0
1	3
0	4
0	4
4	2
0	2
0	1
0	1
0	1
40	961
31	120
23	397
0	920
0	57
0	960
544	132
6	27
4	48
3	65
0	0
0	0
0	0
0	0
0	0
0	0
0	74
0	104
0	47
1	9
0	28
0	17
0	48
2	34
0	18
0	31
0	18
0	18
12	8
0	59
24	743
0	527
1	77
0	743
0	0
258	1008
99	11
2	537
123	1559
23	435
14	327
0	564
0	569
37	296
2	329
67	303
33	316
0	0
0	0
7	119
0	70
6	53
8	44
0	26
1	28
0	49
0	0
0	175
2	170
9	133
0	169
0	30
0	162
0	170
0	120
0	5
7	1
0	37
0	33
2	0
0	131
0	90
0	94
4	128
0	11
0	41
0	31
0	4
3	0
13	263
0	383
1	332
294	40
1	40
2	0
0	0
0	0
0	0
0	0
0	0
0	0
0	0
3	0
0	0
0	0
11	399
0	200
0	31
0	43
0	194
413	914
0	909
0	240
5	619
17	648
0	5
0	17
2	1
3	3
4020	26
81	5
0	0
1	0
0	0
0	0
0	195
522	195
0	450
0	433
8	185
557	3876
42	3858
102	941
36	1120
104	285
8	285
9	138
0	0
0	0
0	0
0	0
0	0
0	0
113	154
0	151
0	8
87	2701
0	2440
2	2468
0	2409
0	1384
64	18
6	2265
4	607
0	603
2530	846
92	232
0	395
0	197
0	153
5	151
15	51
0	228
0	173
1	79
278	327
42	224
0	55
0	6
0	58
2	40
0	40
1	84
146	27
0	15
0	12
0	1
0	10
2	1
0	3
0	5
0	9
0	44
5	45
0	41
9	3
0	95
0	91
1	85
0	91
3	8
0	92
11	8
0	72
2	84
2	14
0	29
1	23
1	38
2	3
0	21
6	1810
0	1840
1	1737
2	1768
2	0
2	0
40	88
1	207
47	1677
0	92
0	1844
0	282
0	101
9	441
0	811
23	134
4	58
2	194
1	342
0	0
0	0
0	0
0	0
0	0
0	0
0	0
0	0
172	237
0	191
1	173
0	72
0	47
3	93
0	616
0	633
20	463
3	619
3	592
0	624
0	622
2	571
7	84
0	103
0	137
0	95
0	178
0	131
0	62
0	40
0	37
12	0
0	0
0	36
1	81
0	83
0	47
0	35
0	68
0	47
0	5
0	23
0	10
0	23
8	557
24	537
0	219
3	508
0	397
5	16
0	59
996	0
519	370
1	278
0	192
0	161
0	15
0	14
0	14
0	6
0	8
0	14
0	0
0	0
0	0
0	0
0	0
1	6
0	6
0	0
1	8
0	8
0	1
0	3
0	6
567	207
1	207
0	0
0	0
1	0
0	0
0	0
0	89
0	7
0	89
1	39
0	1218
0	200
5	1170
0	1231
0	118
1	65
0	74
14	184
5	101
2	12
0	183
0	222
0	196
14	215
6	124
0	85
0	46
0	48
0	20
3	4
1	86
22	407
0	303
6	238
1	89
6	305
35	1338
1	1033
0	35
0	0
0	0
0	0
0	0
1	2746
1172	6275
16	2283
34	672
0	1730
12	616
2	1120
0	1054
6	705
1	1304
785	0
0	0
0	0
0	0
0	0
0	0
0	0
0	0
0	0
5	160
3	23
0	163
0	74
0	18
0	58
1	717
1	710
3	676
42	328
2	255
9	232
1	130
0	42
15	44
71	280
0	283
0	284
2	138
0	261
0	38
2	16
2	0
0	8
0	43
0	123
0	146
456	261
0	261
171	84
0	74
2	51
58	61
0	0
0	0
0	0
0	0
0	0
1	234
0	149
125	242
12	10
3	164
0	89
142	1827
1	1445
13	0
0	188
8	397
0	381
1	166
19	183
4	95
29	4
1	3
0	3
0	2
2	0
123	1912
0	1204
0	1902
0	1737
0	1818
0	1902
0	1902
40	852
1	451
7	178
0	0
8	1243
41	285
262	1647
14	1830
0	141
1	2
20	638
0	5
0	2
0	2
0	2
0	0
0	2
0	0
82	34
0	0
0	0
0	0
0	0
1	0
0	2
0	0
0	0
0	2
0	0
0	2
0	0
0	0
54	26
1	17
1	19
2	0
14	0
0	0
0	0
0	0
31	46
0	46
0	1
0	1
0	0
0	1
0	0
0	0
0	0
0	0
0	0
2	0
94	34
0	28
3	19
21	1194
69	758
0	1223
1	891
11	112
33	186
1	199
0	444
42	199
14	73
24	160
0	0
0	0
13	0
0	368
0	468
0	231
9	328
6	68
0	156
2	153
78	48
0	1998
0	2183
4	385
0	254
0	94
58	2640
15	243
0	100
5	93
0	398
16	34
2	35
0	32
1	33
0	2612
1	4
0	4
4	113
0	109
0	12
1	0
0	118
0	0
0	0
0	239
0	453
1	386
0	1568
0	1615
1	1571
0	117
0	1090
3	157
0	167
0	216
0	195
1	243
2	164
0	249
0	182
0	19
2	104
0	176
3	94
0	0
0	0
0	2
0	0
0	2
0	0
0	2
0	1
0	0
0	0
0	0
1	0
0	0
0	0
0	0
0	311
0	317
0	72
0	92
5	113
1	76
0	101
837	1356
57	1304
2	168
0	222
6	3
577	851
21	598
0	230
1	195
2	56
25	19
3	316
9	325
0	52
9	9
0	8683
11	8318
0	8382
1	3168
0	2458
0	2667
13	2047
44	186
90	8415
0	0
633	6
0	1767
2	3127
12	53
14	101
8	3407
63	243
145	124
0	123
5	60
12	103
14	58
0	10
1	4
197	0
0	18
0	18
0	0
0	0
0	0
0	767
0	2
0	80
158	1608
253	882
0	894
11	162
41	0
0	41
1	41
2	24
0	0
0	5
0	23
0	4
0	6
0	2
0	2
3	0
0	2
1	28
0	26
0	5
0	0
0	0
0	1159
0	1181
18	115
8	918
5	412
0	605
0	831
78	365
1	5
0	5
0	1707
3	158
0	7
0	7
0	14
0	44
1	0
0	7
0	46
0	17
0	41
3	52
3	4
0	2
0	1
0	46
0	5
2	1799
0	1790
0	524
4	476
0	304
0	294
0	99
0	52
0	83
0	82
0	77
0	54
0	80
0	665
0	659
0	644
1	681
4	464
0	10
4	56
0	449
519	1025
0	1057
7	317
0	1037
1	1162
0	1164
2	567
6	0
0	0
0	0
0	6
0	0
0	4
0	4
0	11
19	11
2	4
0	0
1604	8589
33	8544
214	1295
0	7261
29	8175
1	4743
3	6255
0	8778
84	4421
0	2309
0	2800
14	3699
0	3187
1	3644
0	4476
0	0
0	0
0	0
0	0
0	0
0	0
0	0
0	0
0	0
0	0
0	0
0	0
0	0
0	0
0	0
0	0
0	0
9	383
0	128
0	138
0	237
39	7
0	369
0	349
10	79
0	151
6	453
0	112
0	453
43	97
0	389
0	72
0	409
0	403
4	394
3	368
0	25
3	383
13	45
0	93
109	135
0	350
0	360
0	359
0	351
0	371
0	3
0	6
0	7
0	7
0	4
0	4
0	0
0	63
2	63
0	0
0	0
0	0
0	0
0	0
0	0
0	0
0	366
16	130
0	348
4	364
0	364
0	84
0	91
0	173
0	1
0	1
0	1
1	0
0	0
0	0
0	0
0	0
1	19
0	15
0	20
6	13
0	0
0	0
0	22
55	371
0	14
0	78
16	344
0	43
0	38
11	36
19	90
1	74
3	0
0	1
0	1
0	0
0	0
0	0
0	0
0	0
0	0
0	0
0	0
0	0
0	0
0	0
5	668
556	671
0	136
0	2
88	99
1	102
0	96
10	452
0	249
4	50
0	101
1130	624
113	333
19	217
0	0
11	601
4	390
12	77
0	3
43	1443
0	1199
0	1446
0	1369
10	86
0	281
1	370
0	162
133	108
34	0
0	0
0	0
0	0
0	0
0	0
0	0
0	0
0	0
0	0
0	0
0	0
68	9
0	0
1	0
0	0
9	919
27	920
10	920
0	305
0	184
0	255
0	286
68	2
146	621
0	0
3	344
6	7
0	2
0	3
0	7
0	4
0	88
0	36
0	86
0	136
1	148
2	65
3	1
8	237
0	237
15	186
5	177
0	0
1	0
55	884
1	952
15	868
0	791
0	861
0	882
0	735
0	442
9	37
0	639
0	168
5	0
11	477
17	61
6	381
0	0
1	63
0	28
575	0
54	0
0	0
3205	3262
72	622
15	1801
1	2703
4	671
0	622
0	268
14	169
0	521
0	1
0	35
0	11
0	34
0	35
0	26
0	26
0	25
5	2
0	24
0	0
0	54
8	54
0	0
0	0
752	91
13	91
4	384
116	511
92	4
9	372
2	0
0	0
0	0
0	0
967	231
0	196
1	100
2	123
0	107
0	106
0	105
0	112
0	110
0	61
0	13
3	11
0	11
0	104
0	0
0	0
0	0
0	0
0	0
0	0
0	0
65	1370
1	225
0	365
0	1370
12	188
0	329
0	256
2	178
2	299
0	128
52	409
0	393
11	53
0	22
0	52
0	76
0	182
0	15
181	185
0	182
56	9
6	60
5	3
0	0
0	0
792	130
0	0
0	0
0	0
0	0
2484	9974
15	9762
7	190
8	251
0	1019
28	6091
0	658
0	848
31	476
5	378
1	562
0	1
0	0
216	37
0	37
0	0
0	0
0	0
0	0
0	0
0	0
0	0
0	1
0	1
0	0
0	1
0	0
0	0
0	0
0	0
0	0
0	0
0	0
0	0
0	0
0	0
0	0
0	0
0	0
0	0
0	0
0	1
0	1
0	1
0	7
0	4
0	4
0	7
0	7
0	7
0	7
0	4
0	3
0	1
0	1
0	0
0	0
0	0
0	0
0	0
0	2
0	1
0	0
0	1
0	0
0	0
0	1
8	69
6	69
0	2
0	2
0	1
0	1
0	1
0	0
0	0
47	1317
138	1273
9	290
9	127
1	444
0	165
558	152
0	535
0	275
1	390
0	395
3	110
34	114
0	0
0	0
37	0
0	45
0	44
1	54
0	0
0	15
0	22
0	45
62	1607
3	1414
15	295
28	24
32	0
0	0
18	266
4	0
87	1737
38	1737
9	1783
2	1876
0	2006
0	1493
7	33
4	20
14	54
2	453
4	0
0	0
0	0
0	0
0	774
17	187
18	770
1	93
1	48
0	620
1	46
8	46
1	27
24	2023
9	492
6	428
0	510
0	466
0	191
1	427
0	494
7	0
0	0
286	0
0	4492
1	32
48	49
5	0
0	17
0	8
0	12
0	0
0	0
0	0
0	0
0	0
0	0
0	0
0	0
0	0
48	129
73	129
6	109
0	357
0	298
0	110
7	144
0	195
0	544
32	553
0	56
0	178
0	108
27	200
0	211
4	17
25	150
0	88
5	11
0	49
268	222
5	58
0	143
16	78
0	1
0	1
0	0
0	1
0	0
0	0
0	0
0	1
0	0
0	1
0	0
0	1738
0	1748
0	1665
0	1814
0	383
1	1808
0	1654
0	1492
0	1585
46	225
45	1006
3	240
0	0
0	0
152	13629
1	3140
2	121
9	1618
44	13629
140	107
0	107
2	0
0	0
907	206
6	44
3	84
0	0
0	2066
0	2066
138	315
25	32
2	39
1	76
0	315
1	21
4	20
0	271
5	154
4	144
0	148
1	103
8	56
3	52
1	673
0	414
81	677
0	58
1	13
1	58
26	4492
0	0
0	1
0	1
0	0
0	0
0	1
0	1
0	3
0	1
0	2
0	1
0	1
0	0
0	2
190	0
102	14
7	11
0	9
0	11
19	2837
6	2770
5	1369
0	0
1	0
0	0
0	1392
1	493
5	1367
27	383
2	70
0	1524
400	12
0	11188
0	1282
0	407
2828	11638
0	1176
43	1594
114	2845
220	284
0	1
0	1
0	1
0	1
0	0
0	1
0	0
5	92
0	86
0	1
51	6
0	0
0	0
0	0
0	0
0	0
0	0
0	0
0	0
0	0
0	0
0	0
0	0
0	0
0	0
0	0
0	3
0	3
0	3
1	3
0	3
8	0
0	0
0	0
0	0
0	0
0	0
0	0
0	0
0	0
9	2
4	5
4	59
0	56
0	53
0	0
0	0
0	0
0	0
0	0
8	1061
49	1480
0	51
1312	1423
5	1418
9	1093
0	48
918	186
2	208
0	41
11	16
824	364
16	323
3	75
0	63
17	41
0	0
0	4
0	4
0	0
0	5
0	5
110	38
0	0
0	0
0	1
0	1
0	0
0	1
0	0
0	0
0	0
0	1
0	1
0	0
0	0
0	0
38	925
15461	36051
32	8111
1	5364
0	12216
25	8798
0	10613
28	7117
6	3897
12587	8186
26	6154
13	2426
17	2274
535	78
9	78
0	35
0	41
20	9
0	33
0	2
1	3
0	3
0	0
1422	0
0	4
0	231
1	242
0	0
0	221
0	0
0	1
0	150
0	157
0	241
1	92
0	11
0	2
0	11
0	224
0	29
0	34
8	14
0	7
0	0
0	2
0	2
2293	1812
51	189
0	1285
3	708
0	980
0	0
0	0
0	0
1	108
0	106
0	105
0	107
0	0
0	3
0	4
0	107
254	1212
52	1566
0	114
102	1566
0	214
2349	0
0	0
171	188
0	185
0	185
0	172
0	115
0	45
0	49
0	61
0	51
0	68
2	19
0	29
0	24
0	4
0	1
0	1
0	1
0	1
0	0
1	964
13	39
314	10
1	10
0	171
0	151
0	144
0	151
0	143
0	143
0	120
0	170
8	0
0	54
6	0
7	0
0	1228
2	318
1	313
6	346
0	38
0	1228
0	0
0	1
0	1
73	925
0	47
5	48
0	2
0	8
45	405
0	392
1	408
0	51
0	0
0	0
0	0
7	120
1	51
2	58
2	70
0	44
0	56
0	58
0	54
0	58
0	58
0	38
0	0
23	745
1	60
8	745
142	263
0	266
0	259
0	221
26	200
0	153
5	164
8	142
3	123
0	120
19	38
0	221
0	0
0	0
1	0
1	0
10	238
1	217
0	192
0	17
0	141
0	107
5	15
0	23
5	14
0	0
0	0
2	8
0	368
88	937
23	3
0	214
3	407
12	20
0	250
4	523
61	4
0	4
0	127
0	127
0	74
19	22
0	10
5	0
0	124
1	3
12	162
0	157
2	106
0	31
0	78
1	15
0	1
0	17
0	15
0	3
0	0
0	124
0	9
0	111
0	86
0	101
0	12
0	63
0	5
0	114
0	128
1	10
1	4
0	9
0	5
2285	310
10	102
13	208
5	185
2	511
0	531
0	510
0	519
0	393
3	285
0	137
0	196
1	107
6	54
1	53
0	358
15	770
0	732
4	361
6	763
18	46
9	60
0	0
0	5768
0	6844
0	6935
36	6617
17	6502
70	449
57	755
1	701
3	619
44	0
11	272
0	232
7	0
5	322
0	147
0	338
0	45
0	364
0	353
2	20
1	68
0	332
0	48
0	58
0	53
4	0
0	38
0	39
0	0
1	0
0	17
0	38
0	36
0	1
0	0
0	15
0	0
14	206
1209	206
0	0
632	695
13	695
0	587
4	58
1	58
0	1
0	0
0	1
0	0
0	0
0	0
0	0
0	0
0	0
0	6
1	11
0	11
0	4
0	4
0	1
0	1
1	0
0	0
0	0
0	0
80	88
0	23
1	58
2	57
1	45
15	61
0	16
1	981
8	56
325	426
0	27
24	306
6	181
9	255
28	269
0	61
0	126
0	58
101	119
14	48
0	112
4	76
9	76
0	0
112	82
0	82
0	4
2	23
0	23
0	18
0	22
0	23
2	17
0	18
0	20
0	23
0	23
0	11
0	21
0	0
0	5
0	7
0	190
0	0
0	4
0	1
0	0
0	106
0	105
0	107
0	7
8	17
1	9
9	8
0	44
1080	44
3	0
107	0
0	58
0	40
3	49
0	39
8	74
0	2
0	48
5	29
0	20
0	38
0	47
0	30
0	7
0	25
10	26
247	158
1	157
2	1
19	0
3	1000
7	1011
1	149
0	38
0	153
28	0
0	83
285	55
0	5
0	50
0	0
27	331
1	143
4	331
0	127
0	71
0	157
0	157
3	173
0	3
4	0
1	1
0	1
0	0
0	0
0	0
3	853
2	754
0	927
29	292
0	283
0	489
8	109
2	317
1	311
2	245
13	28
78	784
0	324
102	6
3	640
0	136
11	319
7	496
0	737
1005	280
3	280
0	0
0	0
2	4
0	4
0	2
0	0
11	1336
0	1356
8	1400
0	1516
0	764
1	1520
0	0
2	9
0	3
0	7
0	5
0	3
0	1
0	0
0	117
314	203
4	89
2	69
1	0
158	35
1	35
56	151
0	149
30	24
4	0
14	1
7	158
0	158
6	158
0	112
0	0
0	0
65	53
0	0
0	0
0	0
0	0
2	137
0	462
44	383
18	329
26	174
67	212
0	141
0	127
49	220
0	193
3	87
11	0
6	102
11	144
0	52
1	0
0	1016
10	996
0	1008
0	1012
0	10
19	6
0	66
4	169
0	58
0	2
0	49
4	149
0	1016
0	0
0	0
0	0
0	0
0	0
0	0
0	0
0	0
0	0
0	0
0	0
0	0
80	926
0	0
0	0
0	0
0	0
45	17
72	486
3	95
3	62
0	485
0	0
0	0
0	0
0	0
0	0
0	0
0	0
0	0
0	0
0	0
0	0
0	0
0	0
4	0
0	0
0	99
0	35
0	81
14	16
2	19
3	99
0	20
0	26
0	3
1	35
0	0
0	8683
258	7094
35	353
10	270
0	1125
13	30
0	6964
0	8670
312	159
2	126
0	33
272	63
0	13
0	23
0	27
1	43
4	327
0	337
0	328
0	51
0	34
0	19
133	572
9	479
1	360
0	157
0	122
0	0
0	0
2	647
0	701
0	69
0	20
0	40
0	159
10	493
4	703
1	695
0	707
1	120
0	119
1	4
3	50
3	48
0	46
0	28
0	17
0	30
1	31
1	1
0	50
0	50
1	50
2	4
0	0
870	32
2	32
0	1773
0	842
0	619
0	278
0	590
0	546
0	46
0	58
14	292
0	444
0	433
4	313
9	102
0	214
0	1788
0	2
0	0
0	0
0	0
0	0
0	0
0	0
0	0
0	0
0	2
28	30
0	30
0	5
6	5
3	43
4	88
0	0
0	0
1	0
0	660
72	674
1	658
9	0
0	0
0	0
0	0
0	0
0	428
0	7
0	1
0	1531
0	474
2	529
1	1527
0	0
0	0
0	0
0	0
0	0
0	0
0	0
0	0
0	0
0	0
0	0
0	0
0	0
30	1140
1	960
16	87
0	1063
42	605
0	121
43	381
2	377
0	68
2	24
0	297
0	260
0	231
2	262
0	233
2	235
0	187
0	208
2	87
3	10
2	92
8	60
7	18
63	0
0	230
0	238
0	0
2	3
0	5
0	2
0	2
0	0
0	575
303	803
0	213
8	44
1	78
0	203
0	144
0	0
0	0
0	0
0	0
0	1
32	17
0	16
0	17
0	14
2	0
0	16
0	0
0	0
0	0
3	0
354	499
0	447
2	406
20	83
9	80
7	0
0	7
0	18
0	24
0	0
0	0
0	0
0	0
0	0
0	0
0	0
564	117
0	109
0	111
0	86
18	694
0	464
0	460
0	466
3	358
72	267
0	472
0	7
0	7
74	925
0	0
0	0
1	0
0	0
0	0
0	0
938	300
12	18
0	282
366	0
0	450
0	445
0	384
0	140
29	220
10	28
10	82
1	19
437	78
0	20
7	34
13	0
0	0
0	4592
56	4250
54	985
0	4544
29	445
63	683
0	0
0	0
0	0
0	0
0	0
0	0
15	10
15	2
3	220
0	10
513	222
1	460
9	433
2	403
0	433
0	11
22	64
4	185
4	19
2	67
0	15
225	1814
5	1791
1	449
103	141
0	200
1	369
0	455
0	428
11	150
26	100
18	36
4	47
93	55
0	51
28	27
13	244
0	261
0	244
0	0
0	314
0	347
7	358
2	236
0	314
2	181
3	61
7	17
15	5
0	54
81	26
12	0
0	0
0	2
0	3
0	22
48	0
1	262
372	396
0	201
14	30
15	134
42	7
0	4
2	0
0	0
0	0
0	0
1	1570
0	1559
0	128
4	226
0	337
0	296
1	94
0	88
1	16
0	1579
0	1570
0	0
0	462
177	462
4	16
6	60
4	416
29	378
8	316
5	229
0	137
25	142
9	142
0	54
0	52
0	30
0	46
0	42
0	0
0	0
0	0
0	0
0	0
35	1033
0	9
3	1047
1	45
0	43
0	4
0	4
0	3
0	1
0	2
0	0
0	0
0	3
0	0
0	795
4	444
16	653
2	805
3	488
0	238
0	0
0	0
0	0
0	0
71	3056
15	2163
34	5
1	2356
3	2853
0	0
0	355
72	2047
0	0
0	0
0	0
0	0
1	0
107	617
1	617
5	206
1	131
1	130
0	69
13	2969
0	2570
0	2495
0	2437
1	1876
1	2404
0	2882
0	1840
0	2175
0	1546
15	1310
0	570
4	489
112	273
0	26
0	22
0	7
0	2966
15	958
0	10
0	151
0	118
14	132
3	45
10	38
0	151
0	266
753	1953
8	1565
13	848
0	1751
4	718
0	484
0	843
2	1644
1	396
0	427
0	475
10	331
10	133
0	0
9	0
978	0
1304	0
0	0
103	1087
11	1087
6	0
0	0
112	3839
0	3692
29	3680
1	3805
11	460
9	259
26	247
0	0
0	0
0	0
0	0
0	0
994	227
0	227
38	0
23	8
320	0
1	239
14	1154
0	58
4	136
21	31
15	194
0	1139
0	1154
520	22494
43	8764
9	11613
33	4149
122	11088
165	5453
0	0
0	0
0	0
0	0
0	1
0	1
0	0
1	1
0	1
0	0
0	0
0	0
0	0
0	0
0	0
0	0
0	0
0	0
0	0
0	0
0	211
0	193
0	193
0	80
0	162
6	0
1	1655
8	1124
2	1652
7	848
0	381
0	545
0	633
0	513
0	126
0	277
0	325
0	525
0	20
0	20
0	17
0	9
0	1
0	2
0	4
0	1
0	1
1	1
0	1
0	3
11	13982
17	13975
224	44
0	0
0	0
674	612
25	190
13	190
6	128
3	612
42	44
0	0
0	0
0	0
0	0
1	972
0	928
4	44
308	489
3	103
23	492
1	263
1	1
1	0
0	0
0	0
0	1
0	555
0	806
2	549
0	794
10	60
0	202
0	0
0	2
0	2
0	0
0	0
0	6559
0	6914
4	8038
0	6683
206	6330
1	7590
0	6218
0	6641
0	7682
0	5351
0	4201
0	2775
0	4477
0	4380
0	3004
0	4242
0	2939
422	4286
522	443
185	2875
3	2522
0	0
0	0
0	0
0	0
0	624
0	595
9	153
1	118
33	59
12	16
0	13
0	3
0	0
0	0
0	0
0	0
5	26
0	20
0	8
0	18
0	1
0	14
0	25
0	0
0	0
0	0
0	0
0	0
0	0
0	0
0	120
1	78
550	207
0	127
0	127
2	201
0	0
0	0
0	0
45	5719
46	5249
10	4902
26	909
41	30
0	10
0	8
0	6
4	11
0	15
12	280
1	280
0	64
0	224
1	37
5	130
0	0
0	0
66	87
0	87
0	23
6	2
0	87
1	0
0	0
0	0
0	0
0	0
0	0
0	156
0	156
0	155
0	154
0	13
1	87
0	2
0	3
0	1
0	0
0	0
0	1071
0	1302
1	1575
12	82
42	941
8	1124
10	126
3	113
3	115
0	1649
0	1188
2	312
0	650
0	663
5	251
6	387
9	9
12	20
0	6
0	658
0	0
0	0
2	2646
0	2407
0	555
6	1037
0	2286
0	2402
0	495
0	494
0	848
0	2206
6	389
1	142
6	745
0	57
0	36
5	615
0	485
1	2646
0	247
797	247
641	181
33	181
1	320
1	320
2977	2819
0	9
0	14
263	37
0	23
16	79
9	79
121	15
8	4
0	9
0	9
0	9
0	4
0	208
0	207
2	37
0	204
4	188
92	144
12	144
0	0
0	0
150	703
0	703
8	106
2	245
4336	7348
1	7348
4	1057
0	0
0	0
0	0
0	0
0	0
0	0
2214	0
1061	86
1	957
9	32
0	3
1	3
0	1
0	1
0	21
5	7
0	7
0	10
0	10
0	7
0	19
135	770
0	748
2	554
10	142
0	3
0	3
0	1
0	3
3	1135
2	210
0	0
0	0
0	0
0	0
0	0
0	0
0	0
0	0
0	0
0	0
798	2289
0	2251
0	556
13	122
7	127
10	141
4	342
0	448
32	174
11	336
0	442
0	9
1	21
0	0
0	0
30	925
0	0
0	0
6	323
3	65
2	323
0	0
0	0
0	0
1	0
2	0
0	0
0	0
0	0
0	0
0	0
0	0
0	0
54	3226
0	2564
35	3209
0	0
0	0
0	0
16	5
0	5
0	0
194	42
1	0
1	42
25	780
0	1731
1	1309
7	47
0	49
0	5
0	10
0	0
38	2664
0	2907
328	2928
0	988
13	1082
5	809
15	435
1	377
5	257
3	66
22	9
0	9
3	0
122	148
3	45
4	0
25	15
0	13
34	26
30	23
1	86
0	0
0	0
0	0
0	0
0	11
0	26
562	26
1	1074
0	61
29	1074
0	15
27	106
1	0
0	5
0	5
0	0
0	0
0	0
0	0
0	0
2	0
0	0
0	0
1511	3805
3	3805
0	0
0	0
0	0
0	0
0	0
0	0
0	0
0	0
0	0
0	0
0	0
0	0
0	0
0	0
0	0
0	0
581	62
34	56
4	0
0	0
0	0
0	0
0	10
0	10
0	2
0	3
0	2
1	3
0	3
13	0
0	38
0	0
0	0
0	38
6	153
7	1053
5	1053
55	297
0	43
1	33
0	65
1	58
0	56
81	46
24	46
166	171
0	112
4	30
0	120
1	131
142	262
0	167
12	190
0	0
0	0
0	0
0	0
10	397
22	397
4	402
0	500
6	116
0	26
0	10
103	306
12	0
0	293
6	286
0	286
3	1008
35	83
0	1425
6	1450
0	1389
7	182
0	1124
4	408
5	303
3	216
16	235
102	925
18	0
0	0
0	0
1	0
147	1260
0	1261
24	91
0	290
20	167
36	9
0	102
0	32
0	8
22	8
0	4
0	4
0	4
0	0
0	0
0	4
0	0
0	0
0	0
0	0
0	0
63	785
0	503
0	130
1	202
3	194
0	231
1	16
0	163
7	114
4	237
0	0
0	0
0	0
0	0
0	0
0	0
0	0
0	956
3	54
16	48
592	1085
0	48
2	1017
0	83
9	127
1	66
34	84
0	45
0	1077
5	101
1	294
5	83
6	117
0	206
0	171
0	184
61	242
3	236
0	244
62	9
0	48
1	26
0	0
1	0
0	0
0	0
0	0
0	3
0	3
0	3
671	907
29	760
29	58
41	92
12	116
34	926
7	0
42	1282
754	1782
80	552
0	450
52	500
276	475
0	404
42	59
0	121
0	0
0	0
0	3
0	3
0	3
0	0
0	2
0	0
0	0
0	0
0	0
0	1
0	1
0	0
0	1
0	0
1	0
0	1
0	1
0	1
0	0
0	0
0	0
0	0
0	1
4	19
0	18
0	0
0	0
0	0
0	0
0	0
0	807
0	2
0	807
0	2
343	955
6	941
0	599
0	10
16	84
0	0
0	0
0	0
0	203
0	698
2	688
0	25
5	107
0	83
0	194
42	74
1	38
0	183
0	31
2	313
0	22
0	284
0	2
0	33
0	305
0	8
1	300
0	307
0	37
0	23
0	24
0	184
5	14
0	308
0	0
0	2324
0	2296
0	245
39	61
9	1947
0	145
18	117
12	1128
16	497
7	231
0	14
0	12
1	0
6	3
0	0
0	0
0	0
0	0
0	1857
11	1789
26	1741
7	346
4	564
0	29
0	26
1	26
2	24
1146	2795
5	1647
12	769
0	0
3	479
68	4578
89	4576
7	227
0	398
46	263
0	364
0	729
0	1809
0	1811
0	99
0	661
5	1160
0	802
0	1649
0	1457
0	826
0	598
0	25
2	1203
64	23
0	591
0	1229
0	1314
29	1318
10	11
0	10
4	113
0	89
0	1112
3	327
0	0
0	0
1	0
0	0
0	0
0	0
8	1004
13	966
0	1066
0	1061
0	666
0	660
0	318
0	584
0	170
0	350
10	397
3	310
0	234
34	190
0	4
0	12
0	12
6	16
0	16
0	17
0	1
0	1
0	0
0	130
145	404
0	79
0	184
91	403
1	0
3	86
5	33
0	45
7	5
3	49
3	73
0	73
0	60
0	8
0	1
0	1
0	1
0	2
0	8
0	9
0	11
0	0
0	0
8	0
0	249
0	175
0	148
3	249
7	14
0	30
0	35
0	0
2	452
0	475
0	295
0	27
2	33
4	1
2	13
2	19
63	0
9	42
303	42
11	0
0	0
0	0
0	0
0	2
0	2
0	2
0	0
0	1
1	1
1	50
276	929
4	929
9	10
2	169
1	581
0	0
0	0
0	0
0	0
0	0
0	90
0	0
0	0
22	11
0	11
3	7
179	224
9	103
1	65
0	167
0	0
876	29
2	29
136	200
0	194
18	73
6	46
0	0
0	0
0	0
0	0
11	514
25	514
2	52
1	21
0	1
0	6
0	0
0	0
0	1
0	1
0	0
0	3
0	2
0	4
8	426
10	417
0	412
1	40
2	47
16	4
0	0
0	0
0	0
0	0
0	0
2314	484
14	484
0	0
0	0
0	0
0	0
0	0
883	262
0	113
7	262
37	262
0	102
43	154
0	154
0	13
0	13
0	9
0	2
0	11
1	0
0	1
0	0
0	15
0	15
0	15
0	13
0	13
1	2
0	2
0	3
0	2
0	3
0	14
0	2
0	0
0	3
1	0
0	11
0	6
0	15
1	283
0	283
87	321
0	215
8	159
0	0
115	8
5	8
3	431
2	436
0	3
15	8
0	59
1	71
70	301
2	76
2	246
5	53
0	44
0	132
3	112
3	105
20	1495
106	1514
0	99
7	136
2	428
20	194
0	915
0	929
1	165
53	3
0	99
0	1357
105	96
0	276
1	1062
7	55
5	858
7	69
2	41
56	4
2	124
1	117
0	172
0	0
0	0
287	311
26	311
0	86
0	0
0	0
2	112
0	126
1	117
1	80
0	124
0	95
0	21
0	13
0	44
0	5
0	36
0	44
0	12
0	0
205	343
0	206
0	328
26	146
4	0
15	647
0	214
0	616
0	89
0	107
8	445
52	435
0	265
3	259
0	91
8	14
38	170
20	18
0	0
0	0
1	0
52	925
185	0
0	0
0	0
478	615
0	533
5	221
502	120
0	44
0	39
0	33
0	4
2	0
1078	1017
2	301
3	145
31	466
16	656
0	206
0	221
9	18
8	203
0	131
0	2
0	2
0	1
0	1
0	1
0	0
0	0
0	0
0	1775
6	1854
496	1959
0	1698
0	527
1	294
1	637
1	71
6	228
4	561
0	52
63	1514
0	1514
0	2
0	1
0	0
0	0
0	0
0	0
0	0
0	0
0	3071
0	640
13	524
132	677
1	51
3	3017
2	730
19	267
0	0
0	0
0	0
0	0
0	0
0	0
0	0
0	0
0	0
1	14
0	234
4	236
0	237
0	233
0	9
19	3
1	1345
0	1075
0	888
37	14
150	681
0	1144
0	9
0	1
0	1
0	0
0	0
0	0
0	0
0	2
0	1
0	1
1	0
0	1
0	0
1	0
0	0
0	1
1542	3460
97	1667
0	590
0	448
55	330
0	3
0	3
0	0
0	3
0	0
0	1
0	0
0	0
0	0
0	0
0	0
0	0
0	0
1177	382
109	334
2	369
0	83
0	35
0	40
0	156
10	120
0	33
17	163
81	8
0	89
9	263
0	35
0	29
0	0
0	0
0	0
1	17
0	17
0	0
81	4351
4365	4365
42	352
0	0
0	0
0	0
0	0
0	0
0	0
0	979
1	54
29	130
0	274
0	979
0	34
0	33
2	30
0	29
0	20
0	12
0	23
1	10
0	10
5	16
0	9
1	35
4240	35
0	1
0	3
0	2
0	0
161	26
4	26
0	5
0	3
0	0
0	0
0	0
0	0
520	1319
0	693
0	330
14	325
10	113
43	447
0	272
2	64
0	0
0	0
0	92
0	79
3	15
2	33
4	193
1	179
0	81
32	143
0	138
3	31
0	85
0	0
2	344
0	354
0	78
0	84
1	74
0	0
0	0
0	0
0	0
0	0
0	0
0	0
0	0
0	0
0	0
0	0
0	0
79	1017
8	1017
0	149
4	34
0	0
0	0
0	0
9	213
11	213
1315	818
19	818
25	966
10	1378
0	1153
1	1078
0	506
0	225
7	0
10	1360
0	0
0	0
0	0
0	0
0	0
0	0
0	0
0	0
0	0
0	0
0	0
0	0
0	0
0	0
0	0
0	0
0	0
0	0
0	0
0	0
0	0
0	0
0	0
0	0
0	0
55	4632
3	4599
17	1761
6	1277
109	2469
2	2140
0	1411
3	1356
0	990
0	888
0	724
102	66
0	60
10	0
0	0
0	0
0	0
0	0
0	0
3	0
0	0
0	0
0	0
0	0
0	0
2	101
2	98
0	43
0	35
5	53
3	44
1	18
0	27
2	77
0	77
0	3175
0	1192
6	2644
6	140
6	1393
61	47
5	172
19	634
47	445
2	110
0	3028
0	1
19	779
11	58
0	564
0	503
4	422
0	474
1	672
1	477
0	8
0	8
0	8
0	0
2	0
0	151
0	48
0	153
0	152
0	34
0	85
0	29
2	98
2	75
0	27
0	99
0	72
0	4
0	6
532	20
0	204
0	476
0	510
2	475
1	287
0	323
0	213
8	285
10	27
41	154
3	19
2	40
9	196
1	0
0	184
5	164
0	83
2	0
7	0
349	0
0	0
0	1
0	1
0	0
539	418
0	418
0	102
7	241
0	124
0	0
17	6
0	0
0	0
0	778
0	753
0	718
0	320
8	25
1	129
0	288
11	40
0	138
0	0
0	0
0	0
0	0
0	0
0	0
0	3
1	3
0	1
0	1
1	1
13	1430
25	1401
23	1333
28	29
73	682
0	5
121	0
0	12
4	15
0	0
0	0
0	0
0	0
0	0
0	0
0	0
1	0
81	1
3	1
33	775
1	775
2	38
2	241
0	71
0	118
3	12
0	127
0	0
0	0
1056	0
0	2
0	2
0	2
0	1
0	1
0	0
397	0
0	0
0	230
7	224
0	229
15	189
0	16
94	148
12	2
35	45
13	40
0	11
26	25
31	17
38	3
0	3
29	873
18	872
0	105
12	95
0	91
3	34
0	151
0	151
0	28
0	13
7	953
20	29
160	90
0	75
0	15
8	0
0	0
315	31
0	31
0	24
0	11
0	0
0	0
0	0
0	0
0	263
0	124
0	66
2	0
0	2
0	2
8	170
23	314
24	315
0	315
0	315
0	244
3	51
3	11
1	78
0	118
0	74
0	0
0	0
0	0
4	132
0	132
0	0
1	649
2	161
1	78
0	47
82	107
0	649
11	282
411	1181
0	562
41	882
3	496
0	584
0	56
7	60
3	6
0	72
0	70
1	31
0	61
0	44
3	4
1	11
0	7
14	44
6	5
578	451
1	148
0	243
20	436
32	165
0	154
0	203
0	3
1	310
0	0
271	275
1	262
0	18
0	14
20	161
104	204
1	11
2	634
0	0
0	476
37	1702
1	1702
3	529
6	82
0	494
4	151
1040	1
0	0
0	0
0	0
0	0
0	0
0	0
0	23
0	0
3	7
0	23
1	0
0	1
0	1
0	0
0	0
0	0
945	0
1	0
68	133
0	10
1	59
0	43
2	27
14	341
1	346
0	57
0	23
0	45
0	25
0	28
1	58
0	0
0	0
0	0
0	0
0	0
0	0
0	0
0	0
0	0
0	0
0	0
0	0
0	0
0	0
1	994
0	77
0	124
23	173
0	0
3	573
5	3627
7	825
39	1497
17	233
0	802
0	3423
0	68
1	3361
40	352
22	765
133	817
100	848
5	21
0	21
3822	1293
4	1293
62	858
0	858
7	212
3	67
8	97
0	200
0	111
0	115
46	31
385	91
71	91
3	147
41	1128
0	1161
0	577
3	184
0	287
3	300
1	0
0	0
0	0
8	175
22	195
18	67
6	131
0	0
0	0
0	0
0	0
0	0
0	0
864	676
1	676
6	0
2	0
0	0
0	0
23	369
0	2
0	368
9	338
6	44
0	233
4	39
20	342
0	35
26	271
0	270
0	271
0	83
0	10
0	85
0	25
0	55
2	36
0	29
0	29
0	29
0	20
0	7
3	0
0	0
0	0
11	547
0	542
2	543
0	189
0	137
0	9
0	99
0	56
0	124
0	159
0	63
0	544
0	1
17	5
0	3
0	4
0	4
0	0
0	1
0	0
0	0
458	123
13	71
5	97
1	26
0	0
0	0
0	0
0	91
1	25
1	89
0	89
2	228
3	233
0	133
0	9
10	6
0	235
0	444
0	473
1	55
2	451
0	77
0	127
49	229
5	122
0	80
42	1627
0	1316
7	312
5	2053
4	2056
0	2056
0	165
6	104
1	47
0	2013
0	1590
0	8
43	8
1	2
0	1
0	1
0	1
0	0
0	413
6	215
0	123
0	411
0	246
0	0
0	0
0	2033
0	1665
0	1650
0	1238
0	478
0	1200
0	1300
0	861
54	3
3	495
5	314
11	294
0	2019
0	5
0	0
0	0
0	0
0	0
0	5
0	5
0	0
0	0
0	0
0	0
0	2
131	3580
40	3526
3	3484
0	3024
0	2007
12	1950
9	291
0	71
2	285
2	1
25	290
7	2
0	2
0	2
0	2
176	433
20	173
3	10
0	37
21	1
0	245
0	0
0	0
0	0
102	550
17	242
1	248
0	56
16	0
307	0
0	0
0	0
87	322
12	226
0	100
19	64
4	9
0	934
0	0
0	87
0	77
0	85
3	236
0	108
0	11
0	5
237	314
1	77
0	268
2	10
0	59
6	175
0	76
0	264
0	166
0	52
2	39
8	31
0	28
7	56
7	2
3	25
17	0
6	1
0	1
0	0
0	0
0	0
0	0
0	0
0	0
0	0
0	0
40	33
0	18
0	8
0	7
33	1023
1	997
1	206
0	38
4	53
0	140
2	127
1	63
352	363
5	153
36	210
7	250
4	224
13	248
0	209
422	746
5	141
0	679
2	110
5	64
0	0
0	0
0	0
0	0
0	284
1	117
7	6
0	17
0	283
2	132
1	128
0	0
0	0
0	0
0	0
0	788
0	24
2	751
1	115
7	43
0	1
0	1
0	0
0	0
7	167
0	120
0	22
0	154
648	1707
53	1536
1	1156
0	157
11	32
38	30
6696	0
0	56
19	137
0	137
0	126
0	40
0	62
86	14
2	22
0	8
52	925
0	1
2	1
0	6439
0	816
0	604
7	88
6	502
0	303
94	18
0	6506
0	0
2	10
0	10
0	0
0	0
0	0
0	0
0	0
0	639
1774	605
38	372
205	81
4	69
0	12
19	1301
38	1290
4	1177
0	342
3	327
14	13
0	13
48	321
0	309
0	61
8	129
0	99
0	0
7	0
0	0
0	4
0	4
0	0
470	1857
3	236
0	231
87	489
3	234
13	68
8	431
47	1012
0	170
0	79
0	406
4	101
0	391
4	61
40	312
38	301
0	59
0	134
56	63
294	133
8	4
0	131
2	17
479	307
1	199
0	137
1	211
3	121
19	2
10	803
30	1314
0	1318
0	236
0	1110
6	120
0	17
0	283
0	31
0	100
0	0
193	356
3	176
8	350
2	292
14	148
0	26
0	4
0	4
0	4
0	3
0	4
0	2
0	1
2	6
0	7
0	2
0	3
0	0
5	4711
1	518
5	4119
20	84
1	4304
27	1198
50	198
0	198
8	30
0	72
0	39
9	33
11	1
0	1
0	1
0	1
0	1
0	1
0	0
0	0
0	0
1	78
0	57
0	44
0	23
1	4
0	4
1848	418
58	25
0	458
1	70
0	133
0	125
0	121
0	120
0	77
0	101
0	56
0	59
0	55
0	55
0	97
0	5
1204	1951
17	1951
0	1743
7	1509
0	1
0	1
0	1
0	1
0	1
0	1
0	0
0	0
0	0
0	0
0	0
0	0
1	4554
0	4555
6	1688
7	2797
32	835
16	50
0	844
0	8
0	8
0	5
0	0
527	0
0	3
0	3
0	1
0	0
0	0
0	0
0	0
2	0
67	49
0	21
0	37
544	63
1	63
1	7
0	3
0	3
0	0
0	8
0	1
0	3
10	1038
0	1028
0	616
0	951
0	604
0	586
3	955
0	959
0	51
49	842
6	815
0	295
0	0
19	244
0	246
0	233
1	0
0	0
0	0
0	0
0	0
0	0
0	0
0	0
0	0
24	204
7	204
16	0
2	37
0	1
0	299
3	236
1	202
25	172
12	78
2	22
0	35
0	302
0	14
0	40
5	3
0	23
2	16
2	6
0	0
0	4
5	4
0	2
0	3
1	4
0	4
0	1
0	40
0	1
0	0
0	1
221	68
0	30
0	30
0	43
2	2
26	7
179	35
0	26
353	849
1	633
18	486
9	715
0	111
0	680
0	66
0	2114
6	2166
0	267
2	193
0	93
0	179
0	82
0	0
0	0
0	0
0	0
0	739
0	16
0	697
0	269
19	546
0	587
9	663
6	160
2	261
0	170
0	247
0	0
0	0
0	0
0	0
0	0
0	0
0	0
4	175
0	137
98	856
59	829
2	215
0	174
0	179
8	117
3	101
0	70
1	22
1	42
360	769
5	389
8	387
0	401
23	63
0	9
0	9
0	146
0	45
3	146
11	147
1	1
0	1
0	1
0	0
0	528
4	6
0	526
0	61
0	418
0	164
2	284
41	97
0	263
0	263
0	144
31	104
4	3
14	0
1	40
3	8
0	28
0	248
1239	1537
15	1052
1	1403
4	45
2	56
0	395
5	64
0	503
776	1677
3	227
1	887
0	1428
57	0
0	0
0	0
0	0
0	0
430	1273
5	1271
5	1216
0	232
0	8
0	9
0	5
0	9
0	4
0	0
0	8
1	0
0	7
0	4468
0	4805
0	507
0	962
9	553
1	122
0	514
44	534
1	484
0	517
26	419
27	17
191	1930
0	47
2	823
8	1612
0	1309
6	385
0	718
8	375
119	179
0	310
0	127
0	14
0	0
0	0
0	0
0	20
0	21
0	21
0	6
0	1
0	16
0	5
3	0
0	0
0	0
0	4
44	0
2	0
523	139
5	139
1	910
2	993
0	1171
10	1234
0	1250
0	1198
0	0
33	330
39	376
34	37
2	85
0	34
0	65
0	74
0	3
0	3
0	0
0	0
0	0
2	0
0	0
0	0
0	0
3	0
1810	17141
60	1537
0	17138
707	81
0	29
20	24
0	57
0	0
0	0
0	0
0	0
0	0
0	0
0	0
0	0
0	0
0	0
55	188
0	70
0	147
0	44
19	7
1	37
0	3
8	1
1	1
0	0
0	0
0	0
0	0
0	0
0	0
0	0
11225	3652
34	1178
10	877
27	130
13	1426
0	0
1780	1054
5	977
0	365
56	510
1	165
0	245
0	38
4	283
14	31
0	51
0	16
2	0
0	1
1	0
0	0
0	1
0	1
0	1
0	1
0	1
0	20
0	0
0	0
0	0
0	0
0	0
0	0
0	0
0	0
0	0
0	0
0	0
0	0
0	0
0	0
1237	11020
7	8113
82	620
3	600
5	183
0	105
0	34
0	0
119	10
0	10
2	0
0	0
0	0
0	0
0	369
0	339
91	113
0	38
4	24
8	49
2	2
3	1
0	1
0	1
1	452
69	501
0	16
0	11
2	437
0	141
973	1333
3	1333
2	411
0	40
0	231
1	136
0	246
1	224
8	96
0	85
0	81
0	16
0	30
3	17
0	48
0	48
0	1
0	46
1	83
0	66
0	8
10	1
0	15
0	46
0	23
0	26
0	53
0	78
0	1
1	1
0	1
329	0
0	2276
0	29
10	34
30	562
24	2087
4	1
1	5
61	185
17	109
3	2253
808	1604
0	1604
1	0
0	0
192	433
12	0
0	433
9	90
5	150
20	9
278	266
31	48
0	263
0	0
0	0
0	0
0	0
0	0
0	0
0	0
0	0
0	0
154	0
754	295
71	239
561	4
5	1
0	0
12	126
27	62
0	86
0	69
1	91
0	76
5	67
106	75
0	77
0	62
0	55
0	26
0	65
28	216
0	211
1	34
18	0
0	189
273	217
7	261
8	251
0	38
0	210
42	206
1	27
0	51
0	67
0	31
0	15
0	8
0	0
0	0
27	71
12	69
1	78
0	77
0	66
0	0
1	0
0	0
0	56
10	0
2672	5216
4	4144
13	1088
16	779
0	0
5	0
33	0
0	0
0	0
0	0
0	0
0	0
0	0
0	0
0	0
3	504
9	516
0	242
21	37
0	50
1	43
0	0
0	0
0	0
0	0
751	33
0	33
0	0
0	0
0	0
0	0
0	0
6	3769
71	3427
0	0
1	1810
19	263
0	589
3	890
22	1609
0	1194
19	3666
0	0
0	16
1	16
0	16
0	16
0	15
10	15
0	9
0	4
14	10
0	0
0	0
0	0
0	0
0	65
6	276
1	39
1	40
306	276
0	0
0	0
1	0
0	0
6036	510
116	617
0	0
0	0
0	0
0	0
27	131
1	131
0	0
9	209
0	197
0	217
3	86
0	36
0	36
3	59
0	0
0	0
0	0
0	0
0	0
0	0
0	0
0	0
0	0
0	0
0	0
0	0
0	0
0	762
0	762
15	59
110	81
0	15
0	5
0	6
2	4
0	6
0	4
0	0
0	0
0	6
0	6
5	6
0	0
0	1
0	1
0	0
3	6
0	0
0	0
0	0
0	0
0	0
0	0
0	0
0	0
0	0
0	0
0	0
0	0
0	0
16	2
0	2
1	0
7	165
0	34
0	162
0	28
0	3
172	2854
3	2854
13	1476
0	2
0	2
0	0
0	0
0	2
15	670
1	825
0	654
24	684
0	669
0	606
4	18
0	233
3	19
4	62
0	79
0	129
0	98
0	411
0	378
0	99
0	80
39	168
0	109
54	59
5	48
10	829
0	804
0	801
0	781
23	837
6	834
3	34
1	128
1	105
1	40
17	57
0	3
51	0
0	829
0	784
14	19
2	175
0	665
0	612
0	402
0	338
0	731
0	349
6	353
0	320
1	121
0	84
0	30
0	29
1	1
1	2
0	30
0	30
0	31
9	80
219	98
0	18
0	120
0	99
3	117
37	0
0	115
0	50
0	97
0	115
0	18
0	37
0	58
0	28
1	17
0	8
0	2
0	2
0	0
2	12
0	3
0	12
0	13
0	13
6	14
2	13
0	6
11	1
5	2637
583	2637
9	1463
0	0
0	56
1	0
5	58
0	0
0	0
0	49
19	23
14	24
23	40
0	33
4	20
0	30
139	306
0	306
0	0
0	0
0	0
0	0
0	0
0	0
0	0
0	0
0	0
0	1
0	1
0	1
0	1
0	2
0	2
0	0
0	0
0	2
0	0
0	0
0	1
0	0
0	1
0	0
0	0
0	0
0	0
0	0
0	1
0	0
0	0
0	0
0	0
0	0
0	2
0	0
0	0
0	0
0	0
0	0
0	0
0	0
0	0
0	2
8	853
5	673
8	237
63	837
0	0
0	0
0	0
0	0
1	355
5	355
0	349
13	349
24	0
9	222
0	89
41	664
8	664
8	72
0	158
19	88
37	1
0	0
0	0
0	0
0	0
0	44
0	0
0	123
0	131
3	115
0	8
0	37
0	108
0	3
0	103
0	16
0	23
0	24
6	7
0	6
0	0
0	2
0	0
0	122
0	128
1	318
0	305
0	317
0	7
0	318
0	45
9	7
0	113
0	1593
0	1526
3	1511
5	1575
62	1528
0	1493
0	120
0	1564
0	1550
0	1425
110	1396
7	47
0	68
1	4
0	4
0	67
2	72
5	0
0	34
2	424
0	94
2	319
59	47
0	387
0	2
0	120
0	208
0	357
9	26
3	84
15	9
3	41
0	57
0	78
2	50
4	36
0	136
21	46
1	107
1	72
4	49
341	219
0	219
0	0
0	0
558	0
0	21
11	10
8	16
0	18
0	1401
0	1267
29	546
2	197
11	1155
8	107
4	283
52	1176
0	0
1947	0
2	60
0	52
2	56
0	14
0	38
0	67
0	59
0	17
6	9
0	19
3	20
0	27
13	27
3	19
3	15
4	2
0	1
0	1
0	1
0	1
0	1
0	597
2	689
0	419
49	659
1	615
0	596
0	153
7	593
0	397
0	326
17	46
22	44
0	46
2	58
25	597
10	597
0	32
0	76
6	43
11	25
0	0
0	0
146	3375
16	3375
59	86
1	244
4	280
0	144
18	248
5	331
0	493
1	438
2	1582
2	971
67	201
0	200
9	10
0	0
0	0
0	0
0	0
0	0
1	0
0	0
0	0
0	0
0	0
0	0
0	82
1	88
0	88
1	26
0	7
0	0
0	7
0	7
181	391
1	388
1	2
0	2
0	7
25	8
1	5
0	0
0	0
0	0
0	0
0	0
0	0
0	0
8	1006
0	1106
3	1112
0	80
0	240
48	923
7	0
7	387
2	384
0	367
6	222
1	166
2	160
1	112
4	55
0	42
0	2
0	14
0	14
0	1
0	1
0	1
0	1
107	8
5	6
0	2
0	61
0	5
0	61
0	27
5	35
0	1
0	34
140	373
2	72
11	403
3	403
9	41
0	6
0	84
8	75
0	441
0	0
0	5
0	65
0	415
0	39
2	415
2	30
1	48
0	38
22	11
0	57
0	96
0	133
53	187
2	55
1	26
0	0
9	1340
54	1406
0	0
0	0
0	0
0	0
2716	180
17	75
3	176
2	171
0	82
58	656
44	652
0	647
0	538
0	113
182	2
1160	510
5	510
48	9
0	9
0	2762
19	2903
14	559
0	2148
9	1184
10	747
0	495
3	698
0	724
1	131
0	452
0	488
0	422
0	86
0	56
9	75
0	91
0	0
0	0
4	0
0	147
0	89
0	19
0	20
0	19
0	22
1	101
0	29
3499	4042
0	699
25	1888
10	511
1	611
0	468
110	230
71	24
0	91
0	31
0	31
0	29
4	474
3	518
6	96
1	516
0	42
0	0
114	49
1	1
6	4
1	46
0	0
4278	0
0	0
0	0
0	0
0	0
0	0
0	0
0	0
0	0
0	924
1	63
3	0
0	15
6	33
0	924
59	10116
52	45
1	6520
46	8912
0	703
0	9435
40	3851
4	0
77	429
18	48
52	206
0	37
0	424
0	0
0	91
39	693
0	691
0	129
2	691
0	406
1	111
0	111
0	39
0	0
0	0
0	13
0	2
168	553
20	93
4	460
0	0
0	0
0	0
0	0
0	0
0	0
1645	262
1	237
40	25
0	5
0	1
0	0
0	5
4	130
4	117
0	123
0	15
0	12
5	7
0	0
0	32
0	6
0	67
0	16
0	132
8	272
0	294
0	184
0	260
2	196
0	13
0	2
0	2
0	2
0	0
3	0
0	77
0	76
0	74
0	76
0	73
2	10
0	40
0	43
0	42
15	35
0	24
0	5
0	0
0	0
0	0
0	76
0	2178
838	2178
61	353
2	1785
0	203
16	219
3	95
0	2618
0	2658
0	595
21	730
0	2761
102	594
2	695
0	207
217	336
0	0
0	2761
0	407
0	843
5	0
15	838
3	65
61	343
4	22
0	321
0	0
0	0
0	0
0	0
0	0
0	0
0	0
0	0
0	0
0	0
0	0
0	0
0	271
3	3
7	256
1	269
0	46
0	14
0	5
7	1
3	32
0	0
0	6
0	2
2	8
0	8
0	2
67	201
0	163
0	59
0	9
573	1045
148	89
0	53
0	936
0	23
0	183
0	430
3	272
23	188
0	0
0	0
0	0
0	741
9	237
7	617
2	386
0	218
0	215
0	193
0	126
9	23
2	53
8	10
0	18
0	18
0	18
0	6
0	0
0	0
0	0
0	0
0	0
0	75
244	75
0	38
0	38
0	13
1	0
21	213
0	178
0	212
0	233
0	103
4	4
0	74
10	2
2	24
0	4
2	20
3	2
199	133
2	9
0	32
3	9
0	45
0	35
0	21
0	29
0	20
1	0
0	3
0	0
0	2
2	3
0	2
0	2
0	2
0	2
0	0
0	0
16	0
0	0
0	1
0	36
3	273
32	462
0	288
1	357
0	1
0	5917
0	5571
0	5390
0	5812
0	5631
12	5840
0	5737
12	2479
0	214
1	740
1	423
5	261
28	1404
0	166
1	784
7	652
0	267
261	23
4	12
0	11
0	4
0	0
1	0
11	429
0	390
0	429
0	200
73	163
0	188
0	199
1	128
7	48
78	51
0	51
4	0
0	314
0	314
0	0
6	487
0	437
15	187
0	4
7	278
1	174
4	122
0	59
0	106
878	423
36	0
87	54
0	42
0	11
0	7
0	0
0	0
0	0
0	1
0	1
0	1
0	1
0	0
374	1887
3	485
0	368
2	360
8	1026
3	888
2	907
0	508
0	608
0	797
16	375
52	439
0	263
1171	2513
0	2289
0	615
75	0
0	224
101	0
0	12
1162	1197
128	1197
0	0
0	0
0	0
0	0
0	0
0	1309
0	1410
1	970
0	520
5	360
0	365
80	681
0	603
0	641
0	563
3	533
26	126
0	208
1	73
2	213
9	1
0	1
0	1
4	1
33	1099
0	742
0	815
18	520
2	334
0	244
41	256
23	64
0	0
0	0
0	508
0	648
0	233
8	177
3	63
0	0
0	0
0	704
0	311
42	3
87	15
0	55
49	433
217	1546
0	1442
1	1414
0	1405
0	1378
1	3
1	3
0	2
0	6
14	6
0	0
0	0
0	0
0	0
0	0
0	0
263	19
3	19
0	69
2	861
3	864
0	133
0	219
0	223
1	77
2	174
3	222
0	108
0	415
0	121
0	0
0	0
0	0
0	0
0	0
0	0
0	0
0	1
0	1
2	0
0	0
0	0
0	857
0	918
0	13271
0	13070
0	8185
3	12538
0	7634
0	7796
0	1148
0	813
0	13396
0	3389
0	982
0	13490
0	808
9	13282
0	852
1	986
1	12073
0	961
9	441
4	472
0	702
28	290
0	13400
1	1146
17	1146
1	1146
10	1162
0	79
0	61
0	77
14	15
5	1
10	1085
0	381
3	1140
18	181
0	42
29	42
39	655
0	234
0	1235
23	0
17	853
4	350
0	0
1808	337
0	181
2	254
0	96
1	2813
3	2818
5	2741
0	127
0	2742
0	347
1	247
0	2792
0	1534
17	1478
5	155
3	1420
3	107
0	142
0	324
0	357
0	343
0	282
0	0
0	0
0	0
0	0
0	5
0	155
1	4
0	156
0	470
0	422
0	222
0	398
0	515
0	76
0	573
0	408
0	117
4	100
8	208
0	117
0	128
0	68
0	50
0	1314
0	1270
0	1236
0	1240
0	1197
0	1231
0	1197
1	1156
3	129
0	80
1	178
0	219
0	1280
1933	314
52	0
1	44
0	1
1	6
9	104
33	161
0	1
1	180
2	5
1	90
1	0
11	169
0	62
0	159
1	14
0	25
0	13
0	1
0	1
0	0
0	0
0	0
0	1
14	49
0	21
0	19
0	13
1	15
0	16
0	857
33	896
3	646
0	471
0	229
18	23
0	17
0	23
0	11
0	0
0	0
0	0
0	0
0	0
0	0
0	0
0	0
0	0
0	0
0	0
0	0
1	414
21	414
0	185
16	413
0	283
0	192
0	60
0	11
0	0
78	249
0	251
0	249
0	14
0	1
0	32
0	29
0	29
1	11
0	1
0	29
1	31
0	29
2	3
0	6
6	2
0	4
0	1
0	0
0	0
3	692
0	280
7	47
0	40
0	699
26	25
0	2
0	23
2487	2049
10	2049
4	677
0	203
26	508
2	48
0	38
30	34
3	9
0	16
22	422
0	369
2	53
0	182
0	0
0	0
0	0
0	0
0	0
0	0
0	0
0	0
0	0
0	0
0	0
0	0
0	0
0	0
0	12
3	45
0	47
3	47
0	3
0	2
3	17
0	14
0	6
2936	754
39	0
0	567
71	64
0	64
0	58
0	43
0	7
0	7
1	7
1	5
0	1
0	0
376	0
1553	142
4	142
1	336
5	336
3	330
0	24
0	45
2	267
4	26
0	19
5	0
0	0
5	552
21	61
1	552
1	61
0	128
7	15
233	697
0	605
17	612
0	493
0	79
53	41
123	234
67	48
3	18
0	234
0	0
0	0
0	0
0	0
0	0
12	5
0	5
4	5
0	5
0	2
94	36
46	194
101	194
0	36
0	72
2	47
3	22
0	0
0	0
0	26
1	26
0	4
0	1
5	3
1	0
187	117
2	29
10	93
1	80
4	35
0	9
5	135
96	138
16	133
5	1
3	15
0	2
0	0
0	2
0	0
0	0
0	2
0	0
0	2
0	0
124	195
0	188
0	7
486	153
0	135
4	98
239	7869
10	6298
21	346
21	984
164	5749
13	1766
0	1954
14	1448
0	0
0	0
0	0
0	0
0	0
0	0
0	0
0	0
0	0
0	0
1	0
0	800
7	793
1	790
1	804
0	7
0	0
0	0
0	0
0	0
301	1574
0	690
70	0
43	0
0	884
5	187
0	176
3	699
59	189
0	387
0	727
0	699
0	716
0	223
8	79
5	0
129	126
0	0
0	0
0	0
0	0
0	0
0	0
0	0
0	0
0	2
0	13
0	1
0	1
0	0
0	0
0	1
0	11
0	13
2	24
0	28
0	28
3	920
9	920
2	494
4	417
0	396
0	213
0	146
0	495
0	1145
0	727
9	585
18	10
0	1143
0	0
6	50
12	42
5	27
0	35
0	20
0	4
20	17
0	2
1	17
7	805
0	415
4	199
4	55
4	799
4	799
0	800
0	49
16613	20187
120	8937
58	9973
0	0
0	1873
0	588
0	764
0	1907
0	1881
0	368
0	1878
13	88
4	335
0	1876
0	1873
0	1903
41	0
0	0
0	0
2	2
0	2
0	0
0	1
0	400
0	400
0	57
1	0
154	1179
0	1377
4	1343
0	1250
1	1324
0	1196
0	1096
0	1140
1	987
0	363
0	457
3	14
0	0
107	1116
0	159
0	1009
0	1115
10	635
1	109
2	79
0	55
4	39
0	0
4	215
0	201
25	215
0	78
0	23
0	0
0	0
0	0
0	223
0	78
40	224
0	79
1	782
5	566
10	639
1	754
0	0
6970	0
0	0
1	7
13	99
3	95
3	3
6	462
0	440
74	597
0	318
0	131
0	144
0	8
1	8
0	7
0	2
1	0
0	2
0	2
0	0
311	0
0	0
0	0
0	0
0	0
0	0
0	0
0	0
0	0
0	0
0	0
0	0
0	0
0	0
0	0
0	0
0	0
0	0
0	0
0	0
0	0
317	141
0	51
0	95
0	0
0	0
367	0
13	0
0	0
0	91
0	87
0	91
6	90
0	7
0	1
0	1
0	0
0	0
0	1179
1	1065
0	1135
0	1159
0	1156
25	1109
1	1076
0	1063
1	119
1	825
2	44
0	537
57	294
0	227
0	225
11	128
50	89
0	20
1	25
0	3
9	2
0	1
36	5
28	1
0	5
0	5
0	25
0	1
2	1
0	0
0	0
0	0
0	0
0	0
0	0
0	0
0	0
0	0
0	0
0	0
0	0
0	0
0	0
0	0
0	0
0	0
0	0
0	0
0	0
0	0
322	223
0	182
0	162
0	1
0	0
0	5
0	5
0	0
0	1
0	0
0	0
1	0
4	4
0	0
0	0
0	0
2	318
0	687
0	673
361	0
36	408
0	408
4	0
0	0
1006	0
0	0
0	0
0	0
0	0
0	25
0	13
0	22
0	17
0	1
0	25
0	567
286	0
0	729
0	325
1	324
0	284
0	329
0	314
0	299
0	367
0	370
0	53
2	15
1	36
0	88
2	62
9	47
15	1051
0	285
0	1051
0	509
0	0
0	0
0	0
0	0
0	0
0	0
0	598
0	0
6184	2283
7	445
0	915
4	149
0	962
0	2
0	2
117	1244
3	1244
12	1974
0	597
1	60
1	576
1	125
0	54
19	1899
4	291
35	211
11	23
20	130
18	190
0	260
8	296
1	190
0	1
0	1
1	1
0	1
0	0
0	279
0	285
0	278
1	280
0	73
0	118
0	8
174	242
0	125
0	88
0	131
1451	3092
0	2363
1	1124
13	679
0	0
0	78
0	0
0	77
0	3141
0	11
0	11
0	0
0	0
0	0
0	0
0	0
0	0
0	1171
33	558
4	799
0	964
0	964
0	405
0	406
0	1383
0	188
3	127
0	163
0	1381
1	2
0	2
0	0
0	0
0	0
0	0
0	0
0	0
4	0
0	0
0	0
0	0
0	0
0	0
3	140
57	281
307	2557
88	2402
0	379
0	891
23	1497
1	600
0	100
0	234
0	35
81	236
2	19
0	22
0	19
0	16
0	28
1	113
1	6
3	6
2	6
1	20
60	23
0	0
0	0
0	4
0	1
0	4
458	487
6	315
0	417
0	201
0	150
0	140
0	45
88	0
20	247
3966	4643
3	4421
4	4301
1	1030
11	1028
0	170
13	0
0	0
42	147
1	34
10	152
0	11
1	21
4	64
3	62
0	41
2	8
3	0
0	0
3543	495
1	99
8	119
3	114
0	35
9	153
9	10
0	346
0	0
0	2601
3	2607
0	2606
35	2607
48	2346
3	279
8	63
4	64
42	0
3	392
0	1070
12	325
0	124
3	45
15	1044
14	71
2	57
0	19
0	0
0	0
0	0
0	0
0	0
0	0
0	0
0	0
23	617
22	281
15	336
15	97
60	23
0	0
0	0
0	80
0	75
2	54
0	37
0	113
4	83
11	37
8758	3547
1	676
77	102
51	2766
42	2214
0	863
1	240
161	123
258	521
113	63
0	400
0	120
0	0
0	0
65	139
0	97
0	114
0	127
0	102
2	1
0	1
10	0
0	0
0	0
213	646
17	646
6	18
0	0
0	0
0	353
0	1827
218	1912
146	438
12	253
0	116
2	0
0	0
1	91
0	67
1	13
0	0
0	2
0	92
3284	147
0	147
2	931
1	802
0	245
0	147
0	163
0	56
7	7
0	920
0	3373
0	3479
1	587
2	1950
63	11
89	694
1	1159
0	485
14	23
1	1029
5	979
0	745
54	6
0	13
1	2
0	2
0	11
0	0
7	9
0	11
0	14
0	0
0	0
0	0
3	216
0	216
3	47
0	205
0	11
15	94
0	80
0	196
0	0
0	0
0	0
0	490
2	489
10	1
17	865
4	467
4	0
11	69
2	2
3	67
0	0
0	0
0	0
133	0
0	0
0	0
0	0
0	0
0	49
0	0
0	0
0	0
0	0
0	0
4	127
3	118
9	121
1	109
0	15
16	3
0	3
0	0
0	219
4	187
6	214
0	78
0	109
3	29
1	46
0	14
1	14
1	1
1	13
0	11
1149	1714
11	1430
1	1141
0	2
0	2
0	0
0	0
0	0
0	0
0	0
0	1
0	0
0	0
0	0
0	0
0	5334
14	1230
0	1145
22	941
0	1191
121	22
0	3
0	22
5	18
0	0
0	0
0	0
0	0
6	0
0	0
0	0
0	0
0	0
0	0
0	11
0	11
0	0
0	0
768	752
8	735
16	657
3	5
9	197
0	13
0	30
82	415
0	222
0	3
0	0
0	3
3	0
0	0
0	0
0	0
0	0
135	0
0	221
0	221
0	16
0	0
0	0
0	1
0	21
0	0
0	21
0	21
0	21
0	0
0	2
0	3
0	0
0	16
0	21
426	227
7	214
0	0
503	699
2	320
0	389
4	27
35	105
0	241
0	6
0	6
0	0
16	1480
11	802
3	1420
0	1212
0	346
2	368
14	0
0	0
0	0
0	0
0	0
0	0
0	0
0	0
0	0
3509	832
5	328
2	278
1	103
19	123
170	304
2	0
1	304
0	0
3	139
4	0
0	136
0	9
0	17
2	0
0	33
0	0
8	28
1	28
0	0
0	0
0	572
27	572
129	0
436	1223
34	410
72	233
1	19
114	0
41	121
0	203
0	602
0	405
0	399
61	31
2	360
0	259
0	0
0	0
351	892
1	6
1	3
719	886
16	4
4	666
43	5493
9	5510
21	7
0	136
0	3159
7	19
0	5483
0	0
0	325
0	62
2	280
10	279
0	73
1	6
0	28
189	2064
2	1948
0	342
13	112
37	94
3	597
16	1416
28	58
10	678
0	273
3	1
0	1
0	1
641	159
15	159
57	3
762	98
0	1860
1786	1975
0	1664
0	1519
5	0
0	960
3	49
0	8
0	49
0	757
4	697
71	310
0	697
0	711
7	233
0	4366
263	2266
6	703
0	2775
0	4187
0	4169
0	3793
0	3550
0	1116
40	59
1	1414
1	279
8	145
2	272
0	4308
0	0
0	0
0	0
0	0
0	0
0	0
0	0
0	0
5	11
5	10
0	1
0	8
0	240
1	298
2	231
0	297
0	0
0	0
0	0
0	0
0	0
0	0
0	0
0	0
0	0
0	0
0	0
0	0
0	0
33	3511
38	3434
0	3287
0	3280
6	3102
18	157
14	226
0	102
5	14
3	137
19	133
0	0
0	0
0	0
0	0
0	0
0	0
0	0
0	0
0	0
0	0
0	0
0	0
6	48
0	42
0	36
0	12
0	1
0	3282
137	3208
0	2375
7	275
10	179
23	352
7	873
0	786
0	1233
0	0
0	0
0	0
0	0
0	0
0	0
1	0
1	0
0	0
104	522
25	413
72	70
1	589
6	561
1	218
19	43
27	120
3	35
0	82
0	115
0	99
0	98
0	3
0	0
22	4164
0	4164
80	1
4	4045
0	0
0	0
1	0
24	46
0	3
0	1
0	45
0	0
0	0
0	0
99	0
0	4
0	4
0	0
0	84
0	60
35	14
1	65
0	65
2	47
0	0
0	67
115	31
0	30
186	164
2	164
0	50
1	30
0	16
0	0
0	0
0	0
0	0
14	0
0	0
0	9
0	9
0	8
0	4
0	4
0	0
0	0
0	0
0	0
0	0
0	0
0	0
0	0
0	0
0	1
44	1
0	404
5	456
0	8
0	449
11	315
9	353
0	280
0	0
0	0
0	0
0	0
261	1688
5	1700
0	1615
0	123
68	0
0	47
0	0
0	0
16	17
0	15
4	2
0	0
0	5
19	1345
5	1348
8	1133
4	34
0	1335
7	585
0	19
0	17
0	21
0	22
0	1
0	2
0	1
0	0
0	0
0	0
0	0
0	0
0	0
2	0
56	581
0	221
2	122
0	0
2	394
0	513
0	605
0	718
0	651
0	524
18	247
15	94
0	0
4	0
0	0
0	0
0	0
0	0
325	456
0	48
4	88
10	13
0	407
0	228
0	107
0	4
0	1
0	0
0	4
0	181
2	158
0	280
0	225
0	188
0	233
0	216
0	225
0	171
0	246
1	138
0	68
0	201
0	170
0	0
0	0
0	0
0	0
0	0
0	64
15	65
134	360
18	359
0	61
5	61
1656	668
98	230
89	628
0	0
0	0
0	0
4	8
5	8
0	0
0	0
2	989
7	418
11	574
1	501
0	975
1	935
0	668
0	631
1	718
0	911
0	949
0	921
10	786
2	468
0	14
1	389
0	434
7	233
0	7
0	0
0	261
0	309
4	284
8	100
1	69
0	349
0	231
2	0
0	0
0	132
0	133
0	44
2	29
0	280
2	66
0	71
0	297
0	844
175	919
0	818
0	865
3	6
0	42
19	11
0	33
22	623
0	607
0	119
14	415
0	7
0	313
33	31
0	0
1	936
4	942
0	230
1	148
7	96
0	36
0	11
0	0
0	0
0	0
0	0
0	0
0	0
0	0
0	1078
5	1057
81	1071
0	17
0	0
0	0
5	568
0	289
0	312
0	343
0	104
3	106
5	92
47	133
0	111
0	107
0	68
22	303
7	246
0	219
0	2330
1	2277
0	2331
0	55
3	40
0	2292
0	0
0	0
2	895
0	944
0	1037
13	1059
2	85
0	111
0	797
0	1031
31	1073
0	177
0	772
3	218
36	30
20	951
0	239
1	162
0	651
3	82
0	98
0	252
3	508
0	20
35	8
0	631
24	178
22	119
64	119
9	654
7	653
0	494
0	632
0	100
0	138
0	44
0	117
0	132
1	38
0	0
0	0
0	0
0	0
0	0
0	0
0	0
0	0
0	0
0	0
0	0
0	0
0	0
0	0
0	0
0	0
0	0
0	0
0	0
0	0
0	0
0	0
0	0
3	1530
3	1177
1	1242
30	204
20	1486
0	138
13	515
17	332
0	0
0	35
0	7
0	973
0	0
0	149
1	0
50	10
9	2
0	962
0	3
0	973
46	127
39	151
2	390
29	201
0	975
0	0
0	0
1	528
1	528
0	67
0	0
0	265
0	287
0	253
0	298
1	242
0	256
1	259
0	205
0	18
28	2890
0	2847
0	2549
0	2253
0	2150
0	405
0	468
218	132
0	132
0	0
0	0
0	0
11	4
0	4
0	2
0	1
0	0
1	0
0	0
0	0
4	0
0	6
1	3
0	22
11	21
0	6
840	386
0	100
1	133
26	186
0	0
0	8
1	46
4	46
0	8
2	1
0	1
0	1
5	0
0	0
0	0
0	0
0	0
0	0
0	190
0	178
0	66
5	78
2	156
0	149
1	45
477	1099
0	102
0	900
0	160
3	247
0	150
2840	8642
16	1836
42	3056
8	3722
0	1286
0	7460
0	1211
6	667
10	857
38	375
7	263
0	1
0	1
0	1
0	0
0	0
0	0
0	0
26	4273
2	1131
5	1052
1	148
18	319
13	1458
7	664
9	148
2	322
16	133
9	56
0	198
21	123
3	84
66	0
0	4189
0	0
0	0
0	0
0	0
0	0
0	326
0	326
0	0
0	0
1	0
37	758
1	681
66	96
2	96
0	37
0	0
0	0
0	0
0	0
0	0
0	0
1	17
0	17
1	16
1	6
2	6
8	747
1	250
4	83
5	22
0	44
0	760
0	0
0	0
0	0
0	0
0	0
0	0
0	0
0	0
0	0
0	0
1	1
0	1
0	5468
3	3111
107	1973
0	3255
0	839
94	901
112	98
95	281
0	5557
0	2455
0	9200
0	2762
0	434
18	33
1	1514
19	193
9	1409
0	1388
0	1043
14	1423
7	431
0	236
398	64
0	9272
70	640
26	132
0	51
0	508
8	116
0	0
0	0
257	302
467	302
0	0
0	0
0	0
0	0
336	151
0	121
31	84
2	24
89	280
2	32
5	32
1	146
0	94
7	449
0	453
1	429
4	37
23	83
0	447
0	10
4	8
0	49
3	447
0	448
0	0
0	2
0	0
0	2
0	0
0	2
3	0
0	1
0	0
0	0
0	0
0	0
0	0
0	0
0	0
0	0
0	0
0	1
0	1
0	1
0	0
11	55
0	48
0	55
0	54
0	10
3	24
1	8
0	11
0	9
3	8
14	291
0	286
9	210
0	221
1	42
0	147
0	90
0	97
0	90
0	0
0	0
0	0
0	0
8	217
4	184
1	15
0	217
0	4
0	4
0	0
0	2
0	2
3	3
0	2
95	137
3	115
0	33
12	22
4	0
7	781
0	533
0	551
27	99
0	558
0	87
106	159
13	118
0	10
0	148
1	70
8	4
26	902
0	1317
0	1251
0	1251
0	1119
2	263
3	206
0	115
0	0
0	0
0	0
14	274
0	295
0	3
0	333
16	11
2	6
0	295
0	96
0	289
0	331
2	127
0	184
0	159
872	552
13	552
11	390
4	89
1	66
1	17
0	18
8	17
0	89
0	0
0	0
0	0
0	0
0	0
0	0
0	0
0	2
0	2
0	2
0	2
0	2
0	0
0	0
240	1239
3	1239
2	565
86	0
0	0
0	0
0	0
195	0
0	0
0	6
0	6
0	0
0	0
0	0
0	0
0	0
0	0
0	0
0	0
0	0
18	5907
66	42
0	1811
0	4980
0	5093
0	4918
0	5172
0	5174
1	466
0	136
4	14
0	376
3	298
0	728
76	9
12	299
7	405
0	6024
0	195
439	443
1	274
1	16
20	163
10	308
5	296
3	342
1	192
0	8
0	0
0	7
0	8
0	0
0	0
0	0
0	0
29	646
0	336
0	536
0	634
0	97
0	154
0	105
0	0
25	199
0	47
0	48
0	10
160	14
0	6
0	8
0	398
0	55
18	121
0	79
0	347
9	161
2	397
0	26
0	66
6	176
25	22
0	0
0	0
0	0
0	0
0	0
0	0
0	0
0	0
0	0
9	3
3	16
0	13
76	266
9	4
0	4
0	3
0	0
0	0
0	47
0	71
1	83
11	50
0	0
2	1
0	78
0	73
0	0
0	0
0	0
0	1
0	1
0	21
0	0
0	0
0	5
0	1
0	1
0	1
0	21
0	1
0	1
0	0
0	0
0	0
2	0
0	0
0	0
0	0
0	0
0	0
0	0
0	0
0	0
0	0
0	0
0	0
27	226
12	226
635	140
43	140
0	147
3	143
6	96
0	31
0	29
0	19
4	61
18	24
0	57
33	54
0	108
327	286
2	2
0	0
0	260
74	27
0	9
0	18
0	0
0	0
15	91
1106	494
0	328
24	75
37	0
19	0
0	1238
1	1103
9	50
31	838
12	414
0	425
0	0
0	0
0	0
0	0
0	0
0	0
0	0
0	0
0	0
0	0
0	0
141	109
2	109
1	23
727	175
93	81
0	94
57	0
0	274
0	312
39	272
0	228
0	234
0	187
2	176
0	101
0	102
15	0
49	0
19	103
6	103
0	151
30	149
11	39
5	23
16	64
25	13
0	18
0	52
0	12
0	7
0	59
0	29
870	99
0	96
0	6
268	838
0	838
0	838
0	0
0	0
0	0
0	0
0	0
0	0
0	1
0	0
0	0
0	0
0	1
4	4
0	0
0	0
0	0
0	0
0	28
0	29
2	0
0	0
3	581
245	708
0	436
0	8
22	14
0	14
0	0
0	2
0	2
0	2
0	2
0	2
0	0
37	0
0	0
0	0
0	0
0	0
0	63
0	33
40	19
0	34
0	25
0	5
8	29
0	9
1	12
0	12
0	12
0	0
0	29
0	29
0	15
3	10
0	1
0	3
0	2
0	0
1341	179
19	178
1	0
0	0
0	255
12	757
2	720
2	34
2	261
4	17
0	184
9	139
0	0
0	0
0	0
0	170
23	36
18	63
0	111
1	5
0	0
0	43
0	7
0	90
1	36
0	53
0	346
0	348
2	310
0	295
4	257
0	138
0	89
1	61
0	149
0	38
0	56
0	346
0	0
0	0
1	0
0	49
0	16
0	37
0	46
0	30
1	0
0	1
0	5
0	7
0	7
1	4
0	0
0	0
94	0
0	9
2	12
0	12
0	0
0	1
0	392
0	405
0	426
0	409
0	113
0	127
0	116
2	68
0	43
1	8
0	0
0	0
7	104
0	2
0	26
0	89
3	0
5	48
10	48
0	7
4	30
10	1369
6	1028
20	1340
0	962
1	962
0	959
0	1119
13	98
0	8
0	179
0	157
4	0
17	12
0	141
0	30
0	30
0	21
0	174
11	13
4	11
0	34
51	58
0	0
0	0
0	0
0	0
0	0
10	419
0	0
317	373
5	251
7	258
0	151
6	199
0	106
1	156
1	156
0	231
0	293
0	40
1	35
0	33
0	40
3	14
0	14
2	0
0	20
4	305
0	331
105	300
1	511
0	137
0	137
0	469
0	228
1	144
1	193
79	416
32	902
1	914
2	149
2	125
0	101
0	413
0	162
2	111
2	64
3	63
0	31
261	46
3	54
3	77
0	17
12	61
1	33
0	910
0	0
0	0
0	0
0	0
0	0
1	62
8	407
0	260
256	459
149	878
79	43
28	174
15	887
0	524
16	14
825	102
0	102
2	136
0	79
6	135
0	134
0	135
1	77
0	77
2	44
0	55
0	13
0	12
0	40
3	167
0	180
0	21
0	47
0	22
1	27
5	59
8	1
4129	57
38	67
31	3
4	1129
0	25681
14	25266
0	1453
16	880
11	661
37	339
78	5363
116	5514
3	625
50	615
0	1
2	1
0	0
0	0
0	0
0	0
2	2
0	22
0	10
0	17
0	140
0	129
0	37
209	7603
0	7432
0	6380
0	893
2	1496
11	1176
0	302
69	811
0	3
0	4
0	3
0	3
0	3
0	3
0	4
0	3
0	4
0	3
0	3
0	7428
3002	6556
13	1922
5	1414
7	3089
8	1600
0	1730
7	1342
0	0
0	0
0	0
0	726
0	623
0	305
6	170
0	265
0	261
14	12
0	219
0	220
0	54
1	144
0	142
69	2
0	725
14	314
0	314
10	269
0	240
0	75
0	41
0	11
0	42
0	11
5	15
0	12
0	39
0	17
0	23
0	20
0	15
15	15
0	3
22	956
0	1134
0	971
0	998
2	139
0	0
0	0
0	0
0	0
0	0
0	0
201	32
17	32
0	8
0	8
0	2
0	1
0	0
0	0
0	0
0	0
0	0
0	0
0	0
0	0
1	0
0	8
2	285
5	537
0	16
7	34
6	51
8	4
0	40
0	15
1	286
0	0
89	973
0	924
10	499
0	59
26	17
140	67
0	45
0	42
231	909
1	840
0	103
27	312
5	27
0	0
0	0
0	0
0	0
0	0
223	167
49	167
0	0
0	0
0	0
306	257
0	170
0	99
2	141
0	0
0	0
282	41
0	41
0	0
1	0
0	0
0	0
0	0
0	0
0	0
917	84
27	85
56	85
0	0
0	0
8	0
0	0
0	0
0	0
0	0
0	0
0	0
670	1941
2	1941
0	0
1	11
0	11
0	0
0	0
0	0
0	0
0	0
0	0
2195	24
0	24
0	0
0	0
0	0
0	0
0	0
0	0
0	0
0	0
1	0
0	0
0	0
0	0
0	0
0	0
0	0
0	0
0	10
0	8
0	0
0	2
0	0
0	10
6	0
0	2
0	0
0	2
0	2
0	2
0	0
0	0
0	3
0	3
0	0
0	3
0	0
0	0
0	0
0	0
1575	205
1	205
0	25
0	40
0	36
0	0
0	157
277	289
0	293
5	281
16	138
1	64
0	28
0	31
1	57
21	140
0	292
11	2
1	76
108	174
0	53
1	78
0	3304
0	1453
71	113
0	1796
0	2026
0	92
0	2059
0	811
0	552
12	1705
0	181
2	133
0	3237
0	3304
28	22
0	189
0	0
2	3
5	21
0	152
0	149
13	153
1	284
0	284
0	250
0	284
0	278
9	207
0	273
0	21
0	58
0	70
0	0
0	50
0	94
0	84
0	70
0	66
0	33
0	59
0	58
0	31
0	58
0	48
0	13
0	27
0	5
4	638
2	614
2	636
46	342
0	211
2	46
0	656
561	2193
10	1
1	14
0	14
0	1
0	3
0	0
0	54
0	33
0	28
1	12
1	11
0	27
0	8
0	36
0	15
0	13
0	16
0	0
0	19
0	0
2949	4000
0	1615
109	385
126	2494
1	401
0	525
2	502
0	281
1	0
0	0
0	0
0	0
21	307
2	392
11	452
7	5
0	0
0	0
0	0
0	0
0	0
0	0
0	0
0	0
0	0
0	0
0	0
0	0
0	0
0	0
0	0
253	450
0	450
754	466
0	387
0	177
13	9
41	402
3	3
0	297
0	93
0	133
1	368
6	99
5	103
0	0
0	0
0	1
0	1
3	78
1	79
0	66
0	42
0	72
2	66
0	76
0	76
0	71
0	71
0	19
0	15
0	17
0	0
0	275
4	275
12	1
0	102
3	55
0	32
0	0
1	1125
2	1186
0	1070
2	1155
0	109
2	237
4	112
1	246
0	0
0	0
0	0
0	0
0	0
0	0
0	0
0	0
0	0
0	0
0	223
1	227
1	23
0	35
0	76
47	237
2	51
0	21
32	4
0	0
0	0
1	228
17	0
13	228
0	0
0	219
1	207
0	68
0	2
0	2
0	0
0	0
0	0
0	0
469	2294
8	774
186	1188
3	86
0	593
6	457
0	0
2048	0
1	856
1	772
4	244
0	911
4	98
47	0
133	0
6	558
6	36
0	6
0	3
5	51
0	4
0	3
1	9
0	14
0	8
0	0
0	3
0	5
4	5
0	0
0	8
2	0
0	8
0	0
0	0
0	1
0	2
0	2
0	0
0	2
0	6
21	0
21	364
18	379
1	59
68	25
10	247
6	1
0	102
0	115
13	279
226	280
0	201
0	0
0	0
0	0
0	0
0	0
0	0
0	0
0	0
11	767
162	808
2	602
1	108
24	3709
2	3588
5	793
0	2591
0	67
2	272
0	42
0	8
104	335
0	316
3	33
0	324
5	60
0	194
0	47
0	13
1	20
38	260
0	242
0	213
0	39
0	84
2	24
0	113
0	0
0	0
0	838
0	833
13	584
9	46
2	115
0	146
9	32
5	131
4	111
0	15
3	8
0	7
0	0
0	5
0	0
1	0
0	4
0	4
1	1
2	0
0	0
262	94
0	94
0	2
0	2
4	8
0	4
0	4
0	2
0	194
0	195
0	103
1	2
0	122
0	188
0	57
1730	506
2	337
3	128
1	177
15	71
4	170
0	170
21	16
0	1
0	0
0	1
0	1
0	1
0	0
0	0
0	0
0	1
0	508
0	508
0	227
0	118
1	26
0	513
1	16
28	2
0	8
0	0
1	16
0	60
131	60
201	4254
2	1967
0	4134
0	4119
0	3959
0	415
1	279
0	170
2	221
0	300
1	374
0	171
5	225
1	118
1232	0
0	4
0	4
0	4
0	4
0	0
0	206
0	3
0	206
0	13
2	47
0	6
0	194
18	3
0	0
0	1
0	2
0	2
1	0
3	862
10	874
49	217
1	42
0	154
13	155
0	197
0	210
33	507
0	456
0	77
0	72
1	115
39	214
24	192
16	29
0	0
0	0
33	13
0	1
3	1
0	486
0	12
12	299
13	10
0	231
0	227
5	53
1	25
0	7
0	187
1	117
0	4
0	7
0	100
0	4
0	6
0	116
0	5
0	11
0	13
0	46
0	10
0	0
0	0
0	732
0	627
0	351
9	206
0	10
3	2
0	1
0	0
0	731
61	477
1	392
6	203
1	189
24	585
7	124
0	443
16	82
0	162
1	125
1167	1021
0	1008
0	306
3	152
21	607
0	579
0	110
0	108
0	0
287	191
0	20
2	171
16	44
0	253
5	281
0	132
4	357
2	292
0	271
29	280
14	1
0	212
0	2047
8	306
1	2047
53	2368
0	57
146	19
14	2349
0	0
0	0
0	0
0	0
0	0
0	19
1	18
9	3
1	1
0	0
0	0
37	3016
0	3076
34	3022
1	413
4	2457
57	2979
240	1360
7	5
0	330
23	33
5	663
0	343
4734	1107
8	1107
0	700
0	1636
2	206
0	601
0	1638
180	587
1	317
0	237
0	162
1	1587
2	84
12	239
21	971
0	975
36	111
26	123
10	69
0	557
0	150
0	9
0	2
0	0
0	0
0	0
0	0
3	0
0	2
0	0
0	1
0	6
0	5
0	0
0	7
28	206
0	206
2	16
0	41
0	65
105	142
2	105
0	3
12	0
7	2
0	40
1	30
0	30
0	54
0	165
0	25
5	22
0	162
0	42
1	19
1	35
0	33
0	3
1	2
1	3
32	4508
1	124
0	3926
0	2846
120	91
3	15
4	3
5	56
5	19
42	4
0	13
7	12
1	2
1	321
0	50
0	288
2	161
14	37
0	111
0	73
0	77
3	1074
0	619
2	765
0	971
0	988
0	616
6	662
279	1275
1	970
0	1137
27	156
0	31
49	138
0	140
2620	1560
33	1392
83	103
0	339
1	452
3	599
137	544
15	523
0	151
9	352
28	23
14	25
27	0
0	3
11	10
0	9
2	16
0	5
0	3
0	1
2	5
0	5
2	10
0	10
0	0
0	0
0	1
0	2
0	0
1	293
18	567
0	529
35	479
2	67
1185	1907
14	1619
11	1865
130	120
0	3
0	1
0	2
47	0
23	0
1	143
638	143
0	10
0	31
0	26
4	9
4	8
0	31
3	46
2	858
0	857
3	5
5	1
0	220
0	823
17	433
14	701
0	94
1	166
2	108
0	6
1	122
0	19
0	15
0	12
2	28
0	29
0	122
0	122
0	0
0	0
0	0
0	0
0	0
0	0
0	0
54	0
1	298
0	281
20	63
0	73
0	240
0	283
6	46
0	0
0	0
0	0
0	0
0	0
0	0
0	2699
0	2793
0	2813
0	2612
209	563
0	1844
1	2736
0	961
0	2377
1	2184
0	799
0	2352
0	139
75	174
2	114
0	173
3	180
62	1359
6	489
175	726
88	0
0	0
71	113
2	82
0	106
0	0
0	0
0	0
0	0
0	0
0	0
0	7
17	494
0	311
0	95
2	267
49	311
0	92
186	240
6	63
6	1219
0	1270
8	179
6	872
0	697
3	91
0	97
6	84
0	153
0	27
8	27
0	164
3	3
3	43
0	0
0	0
0	0
0	53
2	230
7	260
0	260
0	440
0	166
0	270
0	277
0	234
28	219
3336	2095
44	380
0	1757
30	160
1	142
3	142
0	140
0	63
0	42
0	33
0	17
0	0
0	0
1	0
25	144
0	25
2	144
30	0
46	175
4	175
2	18
16	250
2	227
0	46
0	3
0	1
0	43
3	402
1	243
7	245
0	64
1	53
0	107
37	13
13	78
98	47
3	79
1	24
0	0
0	0
0	0
2	0
146	10379
5	2969
53	2279
26	2482
0	10255
27	1
0	804
738	2291
10	1880
77	735
98	255
85	63
29	0
40	68
0	1
0	1
0	1
0	1
0	1
0	1
0	1
0	1
0	1
0	1
0	1
0	1
0	1
0	1
0	1
0	1
0	1
0	1
0	0
0	0
0	0
0	0
0	0
0	0
0	0
0	109
0	69
0	208
0	155
0	68
0	34
0	33
0	62
11	30
0	0
0	0
0	0
0	0
0	0
0	17
0	1345
52	838
0	104
50	17
0	35
11	1336
0	1287
0	1022
1	1012
2	437
119	444
0	143
7	0
3	1012
0	0
235	285
8	285
0	0
1	2421
0	2421
1	266
14	321
9	2391
12	715
0	0
0	0
0	0
0	1
0	0
0	1
0	0
0	0
0	10
0	10
0	0
268	0
0	26
350	103
0	17
1	68
0	18
22	0
0	2
0	2
8	728
0	721
13	409
0	0
0	0
0	0
0	2087
7	1145
1	548
0	2043
0	2146
0	1366
72	33
1	41
0	243
0	1988
0	161
10	154
0	59
0	149
0	58
7	0
21	1
0	20
0	0
0	0
0	0
0	0
0	0
0	0
3	141
0	134
0	40
0	0
0	0
0	0
0	0
0	0
0	0
0	0
0	0
0	0
0	0
0	739
0	198
11	153
0	115
2	108
0	739
0	0
0	0
0	0
0	0
0	0
0	0
0	0
0	0
0	0
0	0
0	0
30	198
248	0
0	1088
2	1074
16	1028
4	346
0	108
0	1077
0	1086
0	18
2	23
0	48
4	48
0	67
0	616
0	30
0	57
0	3
0	3
0	3
0	1
0	0
1819	1163
6	349
10	127
0	737
0	0
0	0
0	0
0	0
0	0
0	0
0	0
0	0
0	0
0	0
0	0
0	0
0	0
2	662
0	642
3	159
3	363
1	125
0	46
0	48
0	50
2	53
0	63
0	52
0	40
0	18
0	12
0	8
4	8
0	2
0	1
0	1
0	0
0	1
0	0
0	0
12	435
0	363
4	83
5	52
0	78
8	2051
0	2052
0	185
12	17
1	2065
0	0
4	0
0	1
0	1
0	1
0	0
0	0
0	1
0	0
0	0
0	0
26	0
0	0
0	0
3	2
0	0
0	0
0	0
0	2
1029	791
0	500
4	68
58	514
0	273
0	221
0	2
0	0
0	2
1761	854
1	209
1	554
19	413
11	404
2	307
722	0
0	1
0	1
0	0
0	0
0	0
0	0
0	0
0	0
0	0
0	0
0	0
0	0
0	0
0	294
0	332
1	59
0	316
10	12
0	0
0	0
0	0
0	0
0	0
0	0
0	0
0	0
0	0
0	2
1	8
0	2
0	0
0	0
3	1205
12	1198
1	708
0	1005
3	3
41	649
60	1162
0	2
0	2
0	1
0	1
0	1
2	0
0	8
3	23
0	5
0	0
0	4
0	5
0	4
0	21
0	16559
120	3081
39	3
4	1186
0	16552
0	16625
0	16629
0	15473
3	517
58	1151
21	0
21	188
0	646
12	336
5	850
0	16375
0	8540
0	7745
34	661
0	484
0	547
0	4514
652	8134
0	2170
0	2226
0	1355
0	539
32	8084
0	7664
0	983
0	2092
29	943
56	788
168	3956
0	1079
6	1926
0	1182
0	1986
0	7747
0	5528
0	6216
0	171
1	270
0	47
0	90
2	32
0	77
0	8
2	8
0	0
0	0
0	3
0	3
0	3
0	3
0	0
0	0
169	942
0	222
2	799
0	0
87	143
9	552
0	0
0	0
660	8609
0	6176
0	8384
8	2524
4	542
40	416
0	476
36	3734
3	1205
2	2184
3	1514
0	0
0	0
0	45
0	225
0	209
0	18
5	30
10	200
0	0
0	0
0	5
0	5
0	5
0	23
0	14
0	14
0	23
0	189
805	418
0	418
3	16
0	11
0	8
0	3
0	3
1	7
0	3
0	0
0	0
0	0
0	0
0	0
0	0
3	1
0	0
0	1
0	188
1470	188
105	435
8	3
1	104
2	78
0	105
77	261
323	256
70	256
11	44
2	44
0	7
0	7
0	2
0	0
146	106
0	39
0	1
0	30
13	26
0	106
209	2517
1	2354
0	379
0	559
0	265
5	259
0	1320
0	1320
0	1320
0	1108
0	2
0	2
0	1
0	0
0	0
0	2
0	0
0	0
0	0
0	9
0	8
0	9
0	9
0	0
0	9
2	2
4	289
10	292
0	102
3	37
1	18
27	61
0	8
0	0
210	0
6	0
0	0
0	0
1496	1397
0	684
35	628
12	89
0	108
0	0
0	0
0	0
0	77
31	126
0	14
233	286
0	272
0	1
0	1
0	0
0	0
0	0
0	4
0	5
0	5
0	5
0	2
0	0
3	0
472	155
0	155
2	176
0	135
3	0
17	6
0	0
0	0
0	3
0	3
0	387
0	145
0	320
0	288
2	247
0	57
0	320
0	288
0	397
34	372
106	518
3	33
0	125
0	70
0	3
0	3
0	2
0	0
0	0
0	2
0	0
0	2
0	195
4	187
2	198
0	34
0	167
0	0
0	0
0	25
0	4
0	0
0	0
3	141
0	62
0	137
565	1693
16	1609
2	1713
14	544
262	28
2	165
0	119
98	121
0	110
0	0
0	0
0	0
0	0
0	0
0	0
0	0
0	1
0	1
0	1
0	0
0	0
0	0
64	279
14	19
0	22
1	0
10	75
0	223
361	2757
5	961
9	913
0	1476
73	558
1	18
0	18
15	0
0	18
0	0
0	0
43	1462
4	900
37	249
0	522
1	1462
0	241
5	100
4	230
8	204
2	242
0	0
5	23
0	23
1	1
0	4
0	4
0	3
0	3
0	4
0	0
0	0
0	0
0	0
0	0
0	0
0	0
0	0
0	0
0	0
210	29
0	28
0	0
0	0
0	0
0	0
0	0
0	0
11	116
3	116
1211	0
0	21
1535	761
0	750
1	570
0	97
6	116
3	30
0	162
1	48
0	36
0	148
0	11
0	4
0	11
0	10
0	2
0	3
0	2
0	7
0	2
0	0
0	0
0	0
0	6
1	6
0	6
0	0
0	0
2	31
0	31
4	18
0	3
0	0
0	0
0	170
0	190
0	187
6	144
9	35
3	45
0	0
0	0
0	0
0	0
0	0
129	2736
1	200
0	209
0	1145
0	2605
2	2496
5	2439
6	376
0	0
0	291
0	197
14	181
32	41
0	303
0	419
1	361
55	190
0	145
0	268
0	264
0	263
0	284
0	278
0	278
0	273
0	280
0	285
0	265
0	270
0	263
0	265
0	264
0	263
0	239
0	0
0	40
1	22
0	13
0	25
3	167
0	172
0	39
0	32
0	3
0	283
0	283
0	0
0	0
0	0
0	1035
0	1035
5	1035
10	991
0	874
0	85
0	19
0	106
101	227
0	13
2	19
0	223
0	38
0	41
0	0
0	1
0	1
0	1
1	274
178	1680
10	274
1	1474
58	1655
0	2
0	0
0	0
0	0
0	0
0	0
0	210
16	226
0	2
4	4
0	4
4	4
0	3
1	3
0	0
0	0
0	0
0	0
0	0
16	1
3	21
3	35
0	2
0	20
90	37
0	1
0	1
3	0
0	0
0	0
0	0
0	74
198	74
2111	1028
99	1028
0	18
0	20
0	18
0	20
0	24
0	24
0	9
0	11
3	21
0	10
0	9
0	6
0	2
3	2
0	5
332	1598
12	947
2	450
3	68
9	228
1	317
40	359
321	298
21	253
3	45
168	5
0	5
3	425
0	256
28	425
0	8
36	8
0	7
2	2
2	7
0	16
0	17
0	5
0	18
0	18
0	0
0	0
0	0
0	0
0	0
0	0
0	0
0	0
0	374
4	382
0	381
8	372
0	32
0	50
0	63
0	54
0	36
0	9
0	100
0	0
16	27
0	152
194	1222
1	544
2	391
0	213
33	316
0	169
52	734
6	99
2	31
878	0
15	710
1089	1046
6	138
1852	545
20	56
2	396
3	139
3	535
0	99
3	48
20	163
0	110
70	847
0	519
1	13
2	847
13	0
2	148
0	151
0	24
0	0
0	0
5	256
1	233
0	0
0	0
0	0
0	0
0	0
0	0
0	0
0	0
0	0
0	0
0	15
0	7
94	19
628	118
16	19
1	59
0	55
0	4991
11	1179
7	4988
7	3877
0	1181
0	3167
19	192
1	226
0	557
0	4347
0	422
0	490
0	1336
0	1050
35	677
26	2873
0	0
0	0
1	0
1	0
0	0
1	305
0	234
0	271
0	24
0	137
0	132
0	170
0	161
0	132
0	54
1	21
29	0
0	2
0	2
0	2
0	0
0	0
0	2
0	0
0	2
0	42
0	42
0	38
0	5
0	8
0	13
0	2
0	9
0	9
1	4
0	3
0	42
8	86
41	19
12	105
276	1523
8	1153
13	1443
15	360
228	177
1	129
0	0
0	53
0	0
0	0
0	0
365	232
1	232
32	21
9	15
8	22
1	18
0	18
0	11
0	4
0	4
0	0
0	0
0	0
0	0
0	0
0	0
0	0
0	0
0	0
0	0
0	0
0	0
0	348
0	336
32	267
0	47
0	63
7	18
550	346
0	120
3	28
8	9
1	127
0	259
0	259
0	0
0	0
0	54
0	54
0	3
7	0
0	262
0	179
2	110
0	296
0	287
0	145
0	182
0	180
0	71
5	46
3	18
0	289
0	263
302	1655
450	1655
0	1
0	1
0	1
0	0
0	1
0	0
0	0
0	0
0	0
0	0
0	0
0	0
0	0
0	0
2	0
0	1673
37	383
0	1697
1	40
5	287
5	1673
0	1222
0	43
5	148
0	230
5	225
1	59
0	1695
0	0
2	0
0	309
0	6
1	26
0	24
0	308
0	54
9	137
0	98
14	206
5	22
0	284
1	12
0	175
0	163
0	127
0	149
0	221
0	96
2	28
2	28
0	32
0	3
0	8
0	10
5	22
1	20
11	1034
7	1035
17	664
5	137
3	105
1970	210
76	210
26	502
0	103
198	344
104	246
0	26
5	64
0	16
0	10
3	31
0	30
0	7
0	4
1	2
0	0
0	0
0	0
0	0
0	0
0	0
0	0
0	307
0	311
23	235
0	261
7	7
4	239
0	59
0	58
0	55
2	288
0	288
77	1351
0	120
1	214
8	60
10	240
5	1127
0	427
86	0
22	149
3	43
47	71
0	3
0	8
0	12
0	4
0	11
0	11
0	8
0	7
0	5
0	5
0	5
0	0
0	0
147	201
3	201
0	0
2	239
39	8
5	84
13	94
0	58
108	1422
0	1113
40	1355
0	623
13	249
125	187
1	151
6	0
5	0
0	0
0	14
0	14
0	9
0	9
0	3
0	3
0	1
0	1
0	0
1	11
0	11
0	12
0	2
0	0
1	2
0	0
0	2
0	0
0	0
0	3
0	0
0	1
0	2
0	1
0	1190
0	762
2	1168
0	77
0	233
29	249
4	55
12	100
54	26
0	8
0	60
0	58
0	611
3	622
0	80
5	234
3	40
0	9
126	9
0	0
16	1407
0	2363
1	2294
0	0
0	0
0	2
5	2
0	0
0	2
0	200
0	186
14	201
0	202
0	200
1	181
0	146
0	152
3	11
9	19
0	25
0	149
42	8
0	4
0	4
0	3
0	0
1	0
0	0
0	0
0	0
1	8
0	8
788	250
0	102
0	52
3	113
30	15
0	322
1026	322
25	101
17	1889
0	672
33	915
2	815
13	798
4	538
4	371
1	262
0	1988
12	17
1	17
25	1114
0	4783
1	5061
26	4277
0	1084
119	1131
1	1308
0	809
3	236
3	432
3	621
0	379
0	570
0	281
22	251
1	8
302	0
2	1
0	1
0	0
1303	0
0	0
0	0
0	222
0	69
0	115
0	27
1	214
0	155
0	214
1	27
3	47
0	47
0	73
0	23
0	0
14	216
23	216
1	214
559	339
65	138
16	290
238	993
834	1178
0	1194
0	34
0	17
0	8
0	3
0	3
0	5
0	0
0	0
0	0
0	0
0	0
239	1708
0	1016
0	749
21	73
135	0
0	79
3	127
2	59
3	44
0	72
0	58
0	19
0	29
3	38
1	20
0	127
0	0
0	0
0	0
1254	3987
3	3701
15	2813
23	2776
0	1519
728	0
0	0
0	0
0	966
0	968
4	72
3	1
0	196
0	349
0	968
0	303
0	787
14	283
0	767
12	745
80	8
0	8
923	938
1	115
0	304
2	539
0	48
10	81
0	400
40	15
2	152
6	3113
56	3113
0	127
0	0
0	0
0	0
0	0
0	0
0	0
0	0
337	3270
0	202
7	204
0	1491
4	1416
0	92
0	113
0	35
0	1453
0	1487
534	96
4	55
5	42
1	3562
2	3585
14	15
2	659
8	209
30	3655
10	3635
6	1518
0	232
0	95
7	361
0	1513
56	169
0	1075
3	392
0	371
5	1518
0	20
0	16
2	19
0	22
2	134
12	676
4	629
1	352
0	46
0	37
0	0
0	0
0	0
0	554
0	455
0	332
4	220
2	61
1	21
0	340
520	0
21	104
1	64
0	104
0	329
10	329
0	13
0	888
40	972
0	1110
0	1068
59	59
0	387
0	557
0	1033
0	33
0	497
5	979
67	7
29	911
0	4
0	0
0	0
0	0
0	0
0	0
0	0
0	4
0	4
0	4
0	0
0	0
0	0
0	0
0	0
0	0
0	0
0	0
0	4
0	4
0	0
0	0
0	0
0	0
0	0
0	0
0	0
0	0
0	0
20	1645
18	864
0	123
29	461
17	565
0	1034
1	1062
2	243
0	130
3	51
2	26
0	206
75	0
0	60
0	56
4	20
1	14
483	0
0	0
383	0
3593	92
115	101
1	65
9	30
437	333
4	333
4	0
0	65
0	79
0	73
0	79
0	2
0	2
0	0
0	0
0	1
0	64
7	88
9	9
3	3
0	79
0	0
0	0
4	0
68	18
0	5
0	18
10	202
0	146
2052	826
29	593
0	0
0	0
0	0
0	2
0	2
0	0
0	1
0	0
0	0
1	0
0	206
0	207
6	52
0	196
0	35
0	0
0	0
0	0
775	744
0	438
1	118
0	199
2	265
1	307
0	143
0	158
0	145
0	158
9	7
0	7
8	50
0	48
0	6
3	0
0	1
0	37
0	3
0	3
0	3
0	1
0	1
0	1
0	1
0	0
0	0
0	0
3239	0
0	392
30	407
2	255
0	59
9	8
0	23
52	27
0	9
0	27
0	0
0	1
0	0
0	0
0	0
0	0
0	0
0	0
0	0
0	0
0	0
0	0
0	0
0	0
0	0
1	11
4	0
0	118
0	90
0	114
0	126
0	67
0	82
0	32
0	44
0	77
0	73
1	52
0	17
40	0
0	119
0	83
1111	0
2	0
0	0
0	0
0	6
0	6
0	0
0	0
0	0
0	0
0	0
51	951
34	951
59	68
1	108
0	84
0	60
2	58
0	58
0	58
0	21
1	61
0	8
5	0
83	489
2	473
0	315
6	272
43	0
0	12
0	591
0	155
0	593
0	0
0	133
7	184
0	80
0	106
0	0
0	150
0	80
8	77
1	144
5	13
0	80
0	0
2482	1466
4	0
0	173
53	682
28	253
3	485
0	131
38	117
2	263
11	197
11	16505
5	4796
15	1115
51	3840
15	4143
52	11262
0	0
0	0
0	1
1	12
0	0
4	1
0	1
0	1
0	13
0	2
0	12
0	1255
0	1210
0	138
0	1179
0	1171
0	84
1	1145
3	41
1	111
3	64
8	80
8	44
0	0
0	0
0	0
0	0
0	0
85	186
0	40
0	125
0	143
3	122
1	85
0	3850
3	16413
148	1399
8	5296
11	300
6	1359
54	12387
1	5224
4	1198
3	2128
17	1256
3	525
0	516
6	7
0	185
2	128
0	25
0	6
3	0
30	0
12	69
0	69
3	7
0	2
0	4
0	7
0	0
0	0
0	0
0	0
0	0
0	0
0	0
0	0
3	0
0	0
0	0
0	0
0	0
0	0
0	0
1638	73
110	72
294	0
2	0
0	2063
6	1959
6	1443
0	2007
1449	12795
17	5148
96	1509
0	0
0	0
0	0
0	0
0	0
0	0
0	0
0	0
0	0
0	0
0	0
0	0
0	0
0	0
0	0
0	0
0	0
0	0
0	0
0	0
0	0
0	0
0	0
0	0
3	1
0	1
0	6
0	9
0	0
0	15
0	6
0	15
5	11
0	0
0	0
0	8
4	3
0	15
384	0
2	1167
0	557
0	258
6	551
0	432
0	548
0	36
0	363
0	1140
0	257
24	167
0	2
0	0
5682	1796
31	861
24	0
2	2358
26	2358
203	295
5	304
8	19
0	296
3	247
0	41
82	57
0	43
1	59
0	59
0	52
0	55
0	47
0	50
0	50
0	6
0	11
0	1
0	3
0	2
3	7
82	1891
0	1945
0	764
9	1872
37	1472
8	1339
0	208
7	163
318	0
26	0
0	0
0	0
0	0
1	2882
11	2506
6	732
1	77
4	364
0	808
13	138
0	1168
92	146
0	0
0	75
2	78
0	28
0	5
0	8
0	8
2	231
0	208
3	39
0	110
0	229
0	168
3	206
1	133
0	0
0	0
0	0
0	0
0	0
0	0
0	0
0	0
0	0
0	0
103	65
0	31
0	29
0	4
0	5
0	10
0	0
0	0
0	0
0	0
4	11
0	3
1	11
0	2
0	0
0	0
57	745
0	396
1	379
0	715
0	122
7	322
0	0
0	0
0	0
0	0
0	0
0	0
0	0
0	0
0	0
7	0
0	71
4	9
43	75
0	70
0	70
0	65
0	53
0	42
3	2
0	2
0	0
0	0
0	0
0	5
29	648
0	648
5	242
0	112
0	49
3	89
0	108
1	110
0	83
2	0
10	0
0	0
1092	97
0	97
0	0
0	0
0	0
0	0
1	0
0	0
5466	428
4	232
19	196
3	0
0	0
1439	0
0	2
0	2
0	2
0	2
0	1
0	12
0	2
24	12
0	0
0	0
0	4
0	3
0	0
0	0
0	4
4	66
0	41
0	39
0	0
0	0
0	0
0	0
31	4714
67	462
36	1619
1	4506
6	4513
21	2316
4	43
0	43
0	40
539	1050
807	1050
0	182
1	246
8	186
0	96
116	150
6	40
0	81
1	254
5	193
0	186
7	180
3	34
0	4
0	8
0	9
0	9
0	1
0	4
0	4
0	3
0	3
0	0
0	0
0	0
29	1256
28	60
8	1231
0	425
53	408
1	547
2	653
3	327
207	1784
3	1784
104	247
0	146
0	92
1	68
0	3
0	3
0	3
0	77
0	79
0	77
0	0
0	12
0	16
1036	717
22	717
3	65
0	15
0	0
0	0
0	0
0	0
0	0
0	0
0	0
30	1335
1	1127
0	1089
3	1039
0	962
1	201
2	226
10	115
4	172
1	167
0	97
602	392
0	7
3	205
19	327
0	252
0	10
30	68
0	44
2	60
0	0
0	0
0	0
0	0
0	0
0	0
0	0
0	0
0	0
0	0
0	0
11	756
0	738
0	577
0	341
0	659
3	134
2	269
0	200
0	148
2	191
0	40
0	0
0	714
1	679
0	282
0	68
6	37
0	49
0	0
136	245
462	1933
57	0
0	226
0	130
7	602
5	886
0	1041
3	35
53	994
0	115
0	409
3	330
30	117
12	469
0	1
0	1
0	1
1	0
0	0
0	0
0	0
0	5
0	5
42	1248
4	1242
0	278
3	49
8	49
104	216
15	174
0	1
0	170
43	215
1	59
0	80
23	17
18	16
6	74
1	83
367	262
1	20
0	0
0	0
0	0
0	451
0	184
0	133
2	168
0	118
10	87
0	3
0	464
14	309
1	275
7	118
1	55
0	0
0	0
7	3
0	2
0	3
0	402
0	429
0	370
0	379
5	291
0	100
0	186
11	73
0	87
2	123
2	81
2	115
25	84
0	343
18	3916
0	3580
49	3306
93	3890
0	3884
0	3463
5	280
38	666
3	388
147	3
0	3897
185	801
0	779
0	74
1	32
2	79
0	142
26	207
12	7
22	0
0	92
2	61
7	60
2	46
6	1
8	5
0	565
85	565
1	167
0	15
0	15
0	15
0	5
0	4
0	4
55	744
27	389
7	355
31	336
0	278
17	266
22	275
4	96
2	15
0	52
5	81
0	82
6	27
119	4
44	38
191	702
11	49
6	79
31	690
0	79
15	1
0	1
0	5107
0	5541
14	4878
10	2175
15	265
0	3128
18	470
12	639
23	544
7	8
10	1051
41	1031
15	20
2	473
0	216
3	52
0	125
37	118
7	1
0	1
0	853
24	2728
0	371
1	2607
8	2235
0	2719
1	2004
10	245
72	1469
2	246
8	196
7	251
0	0
0	0
0	0
0	0
0	64
0	46
0	7
0	41
0	23
0	9
0	64
0	0
0	0
0	0
0	0
0	1111
0	424
60	3539
0	94
0	2243
0	2336
3	37
1	2098
0	2255
3	2218
0	3403
0	3318
0	276
21	168
0	1262
35	1004
16	44
221	0
1	190
2	191
0	59
0	13
0	16
17	40
0	12
5	13
0	143
350	446
0	446
7	292
0	89
0	0
0	0
0	0
0	0
0	0
2	2531
0	2552
0	2522
0	2511
3	936
6	352
0	305
0	259
1	192
0	165
0	104
0	47
0	74
3	42
1	25
0	33
0	18
0	2566
0	2
0	2
0	2
0	0
0	0
0	0
0	6
0	6
0	1
0	1
564	0
68	0
1	17
0	0
0	5
0	12
0	0
29	201
0	1
0	0
0	0
0	2
0	0
0	2
0	0
0	0
0	2
0	2
0	0
0	0
0	29
0	29
0	10
0	10
0	6
9	7
2	7
0	1
2	2
1	1
7	1
0	25
6	498
3	826
0	4439
0	4440
1	10
0	10
0	8
13	2
3	568
2	0
8	2
11	61
50	694
0	45
0	628
0	585
0	644
1	41
0	361
11	0
0	553
4	402
0	35
0	14
0	43
0	40
0	503
0	114
0	46
1	18
0	474
0	579
0	469
0	529
0	529
3	478
0	285
0	508
1	459
0	384
0	141
23	146
0	27
0	261
1	47
0	221
0	246
0	9
0	66
0	595
0	352
0	598
0	593
0	594
683	0
534	1584
6	712
6	389
0	579
11	44
0	23
137	72
0	54
18	49
0	6
0	72
0	158
0	211
0	158
6	908
0	908
3	508
0	216
1	215
0	213
0	140
0	160
0	263
0	258
1	193
38	141
1	261
0	265
29	12
12	91
0	1
19	32
0	5
0	7
0	7
1	13
0	18
0	0
0	0
0	0
0	0
4	0
26	0
0	0
0	57
4	57
3	57
0	55
0	36
0	24
0	8
0	0
0	3
0	2
0	11
0	0
0	3
0	1
0	0
4	374
1	1909
0	43
18	1906
8	1890
3	125
4	271
1	169
0	0
0	0
0	0
1052	0
2	41
2	82
0	66
3	50
4	44
0	0
0	0
38	4366
0	3459
3	535
0	1162
14	658
1	290
0	879
4	188
0	4366
1339	581
3	458
74	129
6	49
1094	0
23	0
1	97
0	41
0	30
2	4
0	10
9	11
0	14
4	8
0	76
0	0
0	169
174	183
16	0
17	14
0	19
553	210
14	210
0	268
4	12
5	252
129	139
1	139
427	494
0	494
2	97
0	0
1	0
0	0
38	1270
23	1250
1	795
10	560
0	1073
0	0
0	0
0	12
0	12
0	8
0	0
0	3
0	2
1	4
0	0
0	0
0	0
56	0
1	0
0	0
95	14
0	421
0	2911
131	400
1	1234
0	2921
0	1662
0	0
0	0
0	38
1	24
23	50
0	8
0	0
0	7
0	7
0	8
0	5
0	7
4	8
0	8
0	7
0	0
0	2
0	0
0	1
0	0
35	0
4	78
0	23
9	23
0	69
0	50
0	0
0	0
65	0
3	0
0	3747
28	2803
0	2358
0	1302
0	636
11	38
15	417
0	1468
6	532
0	893
0	332
0	289
0	1955
0	1949
0	1694
4	1415
0	794
0	507
0	1452
17	24
21	1206
0	1197
0	1205
0	607
0	4
1	4
0	1
0	1
0	0
0	0
0	3
0	0
0	0
0	0
1	0
76175	3830
1	1398
18	1355
112	3735
22	1311
0	0
1	968
47	1001
90	15
0	851
14	38
0	235
1	150
159	291
51	161
1	135
1	27
8	1
2	61
3238	1071
8	114
0	423
2	534
20	658
2	585
0	673
0	301
0	14
6	0
0	0
0	0
0	0
0	0
0	0
129	3170
88	3239
0	216
32	421
20	145
19	27
92	3175
1	1
3	1
2	0
23	50
1	36
0	14
3	9
0	7
0	8
0	6
4	3
0	0
27	125
0	89
0	13
0	70
6	3
0	3
0	1
0	2
50	1562
2	383
1	71
2	548
12	490
1	212
0	1533
17	134
1	104
0	67
0	180
2	57
0	98
0	239
3	205
403	313
1	31
26	207
1	32
2	69
0	35
0	37
0	1
0	2
0	2
1	2
0	1
0	3
0	2
5	1
0	0
0	0
0	0
0	0
0	0
0	16
0	16
20	947
0	746
820	994
7	994
4	667
1	43
75	140
1896	2320
14	1257
6	187
5	32
2	112
1	8
0	342
20	476
1	365
0	0
0	2
0	7
0	0
1	2
0	6
0	0
0	0
0	0
0	7
114	10
0	7
0	4
0	2
0	2
122	151
228	151
18	292
0	285
14	144
0	114
1	45
0	1
0	1
0	0
0	1
0	1
0	0
0	0
0	1
2	468
37	925
19	387
4	146
0	302
3	191
1	23
6	32
0	13
257	147
0	48
0	19
3	39
0	39
0	32
29	289
4	0
0	5
0	5
0	0
0	0
0	6
0	6
0	0
0	0
0	0
0	0
0	0
0	0
0	0
0	0
1	0
2	0
0	0
25	262
0	137
0	137
3	250
0	160
7	126
172	136
9	84
37	102
0	0
0	0
0	0
0	30
0	6
0	3
1	3
0	2
0	2
0	22
0	3
0	30
0	30
0	0
453	128
2	108
0	96
2	36
0	20
523	3126
3	3013
2	121
17	319
0	742
641	5
10	5
6	5
0	0
0	0
0	0
1	170
3	170
1	1
1010	1822
33	115
29	1622
2	318
1	275
1	278
0	0
0	21
0	25
0	20
0	23
0	14
0	10
59	1102
1	382
0	376
0	721
2	122
6	457
0	0
0	0
0	5
0	5
0	5
1	1
0	1
286	623
1	541
14	82
2	14
0	14
0	15
0	12
0	14
0	6
50	612
4	514
0	253
4	130
0	269
0	129
0	47
1	5
3	5
0	269
0	0
0	0
0	0
0	0
0	0
0	0
0	72
6	9
0	65
0	0
12	108
0	223
0	651
0	250
4	0
0	169
2	0
2	116
0	91
2	238
0	0
0	66
8	293
0	0
0	0
49	0
0	1
17	1
2	1
0	307
12	299
0	55
0	164
0	43
187	2984
0	2999
4	1440
4	74
3	1597
2	2116
5	1144
35	626
0	729
73	673
1	197
0	0
0	119
0	113
0	17
0	7
0	17
0	111
0	127
0	118
1	0
0	16
0	109
0	19
1	8
0	0
153	618
2	610
0	4
0	194
2	64
0	1806
0	36
4	51
0	162
0	387
5	29
0	1902
1	0
33	23
20	217
0	216
6010	5401
3	3396
11	2141
590	355
0	59
0	110
0	152
0	149
139	1653
0	56
6	448
0	1706
0	1762
0	1749
13	1683
0	2450
13	2448
3	1560
2	2247
24	1114
13	2407
11	137
0	423
0	328
11	68
7	304
0	89
4	6
157	129
0	113
5	35
4	1236
2	994
0	774
2	410
0	80
0	57
0	395
13	46
42	671
5	284
2	510
0	510
4	76
194	0
0	1231
20	138
1	125
0	9
45	129
38	1267
44	809
2	810
6	386
57	399
3	521
16	442
0	0
0	0
0	46
1	5
0	3
0	43
0	0
0	203
11	301
16	243
0	262
0	83
15	852
3	14
3	79
14	838
1	138
0	28
0	39
0	11
0	0
0	28
0	39
0	2997
0	2664
0	995
7	823
9	1497
5	2872
622	685
0	190
23	492
0	0
0	0
0	0
0	0
4	1918
1	524
0	1924
0	53
0	203
13	50
256	214
2	42
1	102
7	20
0	5
0	22
0	21
0	12
0	7
0	2
0	5
4	5
2506	1889
0	906
30	217
0	645
14	644
1029	753
245	568
56	64
0	47
0	2
0	0
0	0
0	2
0	0
0	0
0	0
0	0
0	0
0	1
0	0
0	0
0	2
0	2
0	2
0	0
0	2
94	3161
23	3091
21	795
0	403
9	0
5	131
2	123
40	22
10	45
0	0
0	0
0	0
1	0
0	0
0	31
0	24
0	0
0	5
0	15
0	0
0	26
0	63
0	480
0	77
0	15
0	4
2	496
0	518
0	505
0	16
0	17
0	64
1	17
1	500
0	502
0	115
0	111
0	113
0	113
0	95
0	104
1	1
0	5
1	47
0	1
0	3
0	0
0	115
3	6
0	7
0	7
0	7
0	0
0	0
0	146
22	62
1	16
21	49
11	107
0	140
4	31
0	107
0	11
6	136
891	1884
1	141
823	1743
1415	741
0	0
0	0
0	0
0	0
0	0
1	5
1	5
0	1
0	0
0	0
2	333
1	264
0	317
1	293
21	1
2	14
0	2
0	2
0	2
0	0
73	5
7	2009
383	2073
10	82
56	4
2	964
4	62
0	218
1691	3300
0	1571
0	1714
8	466
15	397
700	60
1	60
0	0
0	0
0	0
77	150
1012	813
3	304
14	80
1	47
0	193
7	127
1	139
13	0
0	2
0	2
0	2
95	628
15	623
57	215
7	131
0	0
0	0
0	0
1	55
0	55
0	54
0	0
0	0
0	0
0	559
0	509
2	347
27	262
139	20
0	36
0	563
183	428
20	428
26	192
18	29
3	0
0	5
0	13
0	11
0	0
0	0
0	0
0	0
0	0
0	0
0	0
0	299
2540	299
0	0
111	0
1	0
0	0
0	0
0	0
2	0
0	0
0	0
0	0
0	3
2	3
0	3
0	3
0	3
0	0
0	0
0	121
0	121
1	3
19	124
1	126
0	13
0	116
0	0
0	0
0	0
0	0
0	0
153	10
0	10
0	0
0	0
0	0
0	0
21	37
0	37
0	3
2	836
0	172
42	1
120	156
11	770
1	1950
32	69
0	152
1	68
31	1002
0	2442
3	380
115	619
5	617
0	373
1	220
1	125
0	0
0	4
3	4
0	3
0	2
0	0
0	0
613	302
17	302
23	32
0	143
0	0
0	0
0	0
0	0
0	0
0	1845
0	1774
2	1740
8	1035
0	387
0	227
3	224
0	60
5	383
7	196
0	328
2	542
0	279
32	627
12	157
2	90
0	68
0	1857
0	0
0	0
0	0
0	0
0	40
0	0
0	0
0	0
0	0
0	0
0	0
0	0
0	7
0	13
0	40
0	39
0	12
0	11
0	11
0	2
0	29
0	0
0	0
8	0
0	0
0	0
0	117
0	125
0	110
0	88
0	124
5	110
0	4
0	0
0	0
0	0
0	18
0	56
0	44
1	0
0	0
16	702
0	274
0	275
5	276
32	428
5	43
282	1707
75	14
0	1411
4	15
5	1664
0	83
1	203
49	62
3	588
0	604
0	272
49	261
36	0
0	379
496	2116
0	580
0	1965
0	1754
38	282
0	1808
5	162
0	381
13	1642
2	1887
0	201
20	128
12	42
0	1134
16	90
13	697
359	138
1	138
7012	178
20	178
819	58
4	56
0	53
0	2
0	2
0	0
0	0
1	0
0	0
0	0
0	0
0	0
4	413
7	413
0	2
0	2
0	1
0	2
0	1
0	0
0	1
0	1
0	0
131	1572
0	1328
0	42
46	1275
0	1050
1	25
4	89
3	1032
6	369
10	316
0	55
0	2
0	2
14	969
0	946
0	67
0	1
0	73
254	112
0	0
12	1
0	113
0	78
0	0
0	5
0	31
0	31
1	266
0	264
0	233
0	151
0	138
3	2
32	92
835	54
0	43
0	45
1	84
0	83
3	83
0	84
0	83
1	9
15	103
88	100
0	21
0	9
0	0
0	32
4	35
0	3
0	5
1677	974
26	349
0	85
3	596
0	6
4	43
0	19
0	19
0	19
0	19
0	3
0	0
0	198
239	371
47	258
0	243
0	11
0	17
0	457
0	460
2	51
7	40
3	19
0	129
3	40
28	44
0	94
1	11
0	129
21	2
0	2
1	2
1572	6452
18	736
21	208
21	223
0	611
0	69
0	70
0	6
1	2
0	1
0	1
40	21
0	9
0	13
0	0
0	0
0	0
0	48
0	48
17	14
0	14
0	2
1	0
0	0
0	0
0	0
0	73
1	21
0	78
1	25
3	62
0	21
152	1760
0	506
3	1625
0	0
0	0
0	0
0	9353
0	9108
0	9182
0	8937
5	8865
7	434
8	319
18	0
1	24
0	35
113	93
23	1
1	36
12	41
2	97
22	122
0	3
0	25
0	0
1	0
46	15
0	1
0	4
0	0
4	0
0	10
0	6
0	9
0	7
0	3
0	5
595	195
0	115
22	83
0	23
27	30
0	30
353	205
0	93
1	159
2	100
11	78
0	50
0	50
1	3
0	5
0	0
0	0
0	0
0	0
0	0
0	0
0	0
63	617
0	1470
0	1200
103	1597
27	45
10	50
13	148
0	373
2	0
0	442
2	441
30	408
0	303
0	223
2	2
48	132
0	132
338	220
39	39
18	89
0	106
0	159
0	32
0	93
464	3799
26	3532
4	3599
120	3620
208	107
4	501
2	120
15	0
111	0
0	0
0	0
0	0
0	0
0	0
28	186
1	184
1	168
0	167
0	162
0	156
1	2
0	0
0	0
0	0
0	0
0	0
0	0
0	0
0	0
0	0
0	0
0	0
0	0
0	0
1	1
0	65
0	58
0	65
0	779
4	761
18	777
0	817
0	266
2	103
0	202
1	224
4	171
34	74
0	31
0	222
61	120
0	16
0	222
1	1563
5	1128
0	1578
89	985
21	277
0	111
0	97
0	86
1	212
0	1553
0	213
0	14
0	14
0	11
1	203
0	43
0	148
0	40
0	14
0	16
0	7
0	50
0	14
0	14
0	1129
0	1118
1	179
14	896
0	303
73	309
9	62
4	320
1	165
0	146
0	102
0	218
0	343
0	164
0	327
0	51
0	273
0	243
17	175
10	51
17	44
0	93
0	7
39	9
4	2
0	0
0	0
0	0
0	0
0	0
0	738
2	64
19	646
0	571
39	41
0	41
56	534
0	515
0	434
36	18
0	68
0	61
0	83
0	25
0	0
0	32
2	0
0	32
0	25
1	20
0	18
0	23
0	1127
35	1121
0	704
0	911
1	281
0	8
126	74
0	29
0	565
331	582
0	20
0	487
15	12
19	28
0	0
0	3
0	0
0	0
0	3
0	0
0	3
0	0
0	2
0	0
0	0
0	2
0	0
0	0
6	2
0	2
0	0
3	70
21	569
4	556
7	33
81	180
0	568
1687	0
0	1144
0	41
0	1735
0	969
1	20
12	1823
4	175
0	1506
4	1214
0	397
0	849
0	313
0	556
3	425
3	294
0	342
38	1291
32	6018
4	6020
0	3445
321	3446
57	5971
3	5970
194	62
5	62
16	37
0	34
0	6
4	2
0	0
31	12
0	12
0	0
0	0
0	0
0	93
0	93
0	0
927	1497
1	289
0	1214
413	0
2	1448
0	100
2	359
5	297
65	1464
0	460
0	220
5	281
9	161
2	93
991	0
39	504
0	424
28	588
3	241
9	127
2	156
0	46
3	94
11	2160
0	844
0	1586
1	1822
2	822
24	303
26	880
609	2287
37	406
0	0
0	0
0	0
0	1
0	1
5	7021
161	2422
0	7021
0	7
0	67
1	14
0	70
0	56
0	29
1072	0
0	0
0	38
0	739
0	745
0	750
54	756
7	156
0	51
0	644
0	269
1	73
0	153
0	127
0	69
0	53
0	58
0	36
0	37
0	23
0	8
0	0
0	0
0	0
0	0
0	0
0	0
31	27136
1	20451
111	4622
1467	19794
5	19616
7	4212
4371	7427
8	3272
0	2001
1	0
4	86
0	86
3	0
7	13
2	12
0	0
0	0
1	0
71	548
11	536
0	510
281	237
0	42
0	40
0	508
0	1010
36	1024
0	751
1	693
548	101
0	101
0	0
0	0
0	0
0	0
0	0
0	1138
0	1312
0	537
5	1179
0	566
0	355
0	629
0	286
2	297
0	555
2	501
0	494
1	444
0	215
6	143
8	2
0	1
0	0
1	1
0	10
0	10
0	0
0	0
0	0
0	8
1	8
0	5
60	200
15	200
5	48
0	0
0	0
16	348
382	1151
1	354
9	360
0	404
7	483
0	484
16	126
0	0
0	0
0	0
0	0
0	0
0	0
0	0
0	0
0	0
0	0
0	0
0	0
0	0
28	245
0	0
0	0
0	1
0	0
0	0
0	1
0	0
0	0
0	0
0	0
0	0
0	0
0	0
0	0
0	0
0	0
0	0
0	0
0	0
0	0
0	0
0	0
0	0
0	0
0	0
0	0
0	0
2	946
1	946
0	946
0	8
0	8
0	0
0	0
3443	758
0	313
0	438
0	0
0	0
0	0
0	0
0	26
0	0
0	10
0	26
3	18573
0	1714
4	17433
22	11559
194	17530
0	17457
0	0
170	183
2	54
0	29
5	18
0	170
0	45
114	55
0	55
4	1261
71	1298
0	1326
103	1286
981	69
330	56
1	56
0	0
0	0
0	0
0	0
0	0
59	142
0	18
0	126
0	16
0	92
0	2
0	123
1	36
0	29
0	36
1	1
0	1
0	1
0	0
0	0
10	0
0	0
0	0
0	0
84	489
2	206
0	147
1	311
0	59
0	4
0	4
0	1
0	0
0	0
0	0
0	0
692	0
0	0
0	11
32	24
0	23
0	0
0	0
0	0
0	0
0	0
0	0
0	0
0	0
0	0
0	0
0	0
1	0
221	129
33	21
0	133
9	97
0	5
0	0
0	178
0	1215
33	619
20	8
3	1160
4	588
0	1117
0	1124
0	138
11	65
0	156
0	383
3	340
7	196
0	241
1	252
0	214
0	136
2	131
2	78
0	20
57	0
0	0
0	0
256	81
1	49
0	32
0	22
0	59
0	188
0	165
0	63
0	9
1	44
0	27
21	22
5	0
0	0
104	178
0	131
0	0
0	0
0	216
1	83
3	73
1	153
9	28
0	25
2	57
1	9
5	21
715	133
0	48
0	113
0	50
0	86
8	4640
0	1632
1	2835
50	346
13	575
0	1585
0	1348
0	1017
0	1108
0	335
4	441
0	4628
5	114
199	259
0	275
21	107
1	235
0	10
0	0
0	5
0	10
0	10
6	142
0	118
0	125
0	78
0	57
0	41
0	51
0	2
0	18
0	17
26	39
0	14
222	302
7	324
0	235
0	202
7	23
0	164
0	454
1609	1082
5	689
10	125
2	206
6	182
0	1348
21	42
0	552
4	402
4	762
23	177
1	94
11	26
6	251
0	1348
1	26
1650	26
1	0
8	6373
0	7149
0	5958
0	7535
26	1086
46	1439
261	24
331	366
1	34
0	332
1	91
0	20
65	0
0	0
0	0
0	0
43	1444
87	2046
0	341
0	131
0	499
0	30
2	30
0	0
0	0
0	1333
86	1333
9	133
639	1244
0	200
2	380
8	439
3	136
5	100
2	696
6	715
0	0
0	0
0	0
0	0
0	0
0	0
0	0
0	0
0	0
0	0
0	0
551	0
41	352
0	34
0	48
0	348
2	15
0	0
0	0
0	0
0	0
0	0
0	0
0	0
0	0
0	0
2	7
0	5
1	2
0	2
2	36
0	36
0	2
0	2
0	2
0	6
0	0
0	0
80	0
0	804
0	0
0	0
0	814
0	571
0	687
31	33
0	15
3	29
3	33
0	11
0	0
0	0
0	0
0	0
0	0
0	0
0	0
0	0
0	0
0	0
0	23
0	37
0	0
0	38
0	17
153	76
3	76
4	3
218	12
1	11
1	0
0	10
0	10
0	10
0	10
0	10
0	10
84	0
6510	0
29	9
2	9
0	0
0	0
209	638
1	73
13	535
14	0
7	84
0	138
1	65
6	255
0	172
2	177
0	1
0	0
0	1
0	0
1	1
82	40
0	7
0	1
0	0
1	40
193	142
0	65
0	35
2	24
0	20
0	4
1	30
6	225
0	220
0	224
29	0
0	0
0	0
0	0
2	0
0	0
0	0
0	2
0	2
0	0
0	2
0	2
0	0
0	0
0	0
0	0
97	633
3	633
3	22
385	2868
1	70
10	326
2	2472
12	1
3	85
20	424
7	259
0	0
0	0
0	0
0	0
0	0
0	0
0	0
2	267
9	277
2	269
0	245
11	11
1	2
0	0
7	685
0	531
0	360
0	481
10	438
11	58
7	121
2	45
2	3
0	461
0	464
0	64
1	464
0	167
0	62
7	51
71	3813
3	7038
14	3813
21	6753
29	4416
14	1039
1	4
0	6
0	9
0	4
0	7
0	0
0	7
1	2
0	0
0	7
7	506
11	144
6	159
31	179
3	65
0	47
0	39
17	76
0	51
0	7
0	19
0	5
3	10
1	2
0	0
0	0
0	0
0	0
0	0
0	0
519	104
4	104
0	0
0	0
0	0
0	0
0	0
0	0
0	0
0	0
0	0
0	0
0	0
0	0
0	0
0	0
0	0
0	0
0	0
8	109
0	87
0	77
13	94
0	88
0	103
0	54
0	23
8	0
0	404
0	395
38	31
2	34
2	7
0	7
0	0
0	0
927	423
0	423
0	666
11	639
0	469
0	150
5	144
8	100
2053	1754
5	133
50	1620
4	616
21	148
0	300
3	300
0	236
0	234
0	229
0	234
14	69
0	131
0	34
0	238
0	227
0	240
0	217
0	234
0	3
0	3
0	3
0	3
0	3
0	513
0	460
0	487
0	439
1	480
6	158
288	622
7	622
0	244
0	0
14	3
0	0
8	2
2	19
0	17
0	21
0	21
0	0
0	0
0	3
0	0
0	0
0	0
0	0
0	0
227	125
0	109
0	125
0	100
0	103
0	87
0	0
11	13
0	11
0	1
0	8
0	3
1602	1740
18	1739
0	891
1	490
8	239
0	0
0	29
3	1281
0	360
3	1242
4	281
0	263
3	349
0	1165
8	140
2	297
1	1
0	1
3	1
1	0
0	0
0	0
4	1881
59	0
6	1934
3	51
0	402
1	1133
0	302
2	65
5	6
1	59
0	0
0	0
0	0
0	0
0	0
0	0
0	0
0	0
0	0
39	150
0	153
0	58
0	25
0	75
0	0
0	0
0	0
0	0
0	0
0	0
0	752
2	807
17	780
0	789
0	290
1	2
0	0
0	0
0	0
0	2
0	0
2	0
0	0
0	0
0	0
0	0
0	0
0	0
0	0
0	0
0	0
0	0
17	1112
0	1212
0	484
0	987
0	1041
0	1023
4	64
8	28
12	55
0	580
51	127
22	36
0	646
0	359
0	74
22	41
1	53
10	53
12	230
1	110
0	120
202	11138
0	11153
102	11054
17	11230
0	11230
83	13331
6	13255
302	13294
0	12891
16	12317
0	12768
32	72
0	6
1	2
30	24
1	0
1	0
472	1383
48	1089
0	802
6	2568
0	3345
38	596
0	820
0	785
64	23
15	5
0	0
0	5
0	0
0	0
0	0
0	0
0	0
0	0
0	145
16	118
0	113
0	79
0	24
0	46
0	140
0	0
1	0
5	0
0	0
0	0
0	0
15	2
0	2
0	2
1	995
0	986
1	834
2	986
9	174
5	50
0	3
0	0
2	3
0	25
1	0
2	6
0	14
0	33
0	0
0	0
13	4891
0	4911
0	4927
0	4919
0	4932
0	2865
13	5332
14	2456
12	547
0	68
1	0
0	68
0	51
0	50
1	50
0	69
0	24
0	3
0	3
0	0
5	2
0	2
0	0
0	0
0	0
0	0
12	27
0	26
0	1
0	1
0	1
2	0
0	0
0	0
0	0
0	0
0	0
0	0
0	0
0	0
0	0
0	22
0	17
0	17
0	11
0	15
0	16
0	1
1	3
0	11
0	1410
0	1076
4	948
3	419
19	1127
1	184
1	0
0	0
0	1
0	0
0	1
0	0
0	0
2	37
0	36
0	22
0	28
0	27
3	27
0	17
0	20
0	18
0	21
0	21
0	18
0	17
0	20
0	17
2	13
0	8
2	7
1	7
0	6
0	2311
0	1567
8	1205
4	527
34	1565
20	650
8	376
1	376
0	2
0	2
0	1
0	2
0	0
0	2
0	0
0	0
0	0
0	0
0	0
0	0
0	0
0	0
0	0
0	0
15	0
0	4
0	1
16	17
0	5
0	4
0	0
0	4
0	0
0	1
3	3
0	6
0	6
0	22
0	12
0	12
0	22
166	393
13	393
0	1
0	1
0	2
0	2
0	1
0	1
0	0
0	1
0	0
0	0
0	0
0	0
0	2
0	0
0	0
0	0
0	0
0	0
0	0
0	21
0	21
11	197
5	0
33	197
0	1
0	0
0	0
1454	986
0	986
0	0
0	3
0	1
0	0
0	3
0	155
7	197
0	86
7	183
21	1480
25	1480
0	1358
0	1476
0	202
21	8
23	171
0	0
0	0
0	0
0	0
0	0
0	0
0	0
0	0
0	0
1668	382
18	143
7	239
31	51
0	11
0	3
8	4
0	9
508	31
6	31
19	139
0	131
3	82
7	148
0	13
24	143
1	86
0	11
2	49
4	26
0	27
27	11
29	2
0	0
0	0
0	0
41	206
0	4
0	3
0	0
0	4
0	3
0	0
0	0
0	0
4	0
0	0
0	0
0	0
285	0
0	0
0	0
0	0
0	50
0	243
0	127
0	238
2	0
3	33
0	2
0	41
1	37
0	26
0	2
0	0
0	0
0	0
0	0
0	20
0	3
0	1
0	20
0	20
1	301
151	923
24	806
0	91
10	293
0	0
0	0
244	20163
0	20297
6	8905
69	10593
0	18740
0	18131
11	245
22	3791
45	0
19	1341
5	900
25	595
70	7
2	54
0	0
0	0
1	0
1	700
0	609
4	725
0	232
0	281
30	284
2	260
1	1
0	610
0	1528
0	1581
2	936
0	1307
151	41
1	867
14	750
0	224
1	105
4	24
69	2
1	89
2	160
0	0
0	0
0	0
0	0
0	0
1	0
0	0
113	2622
1	496
4	421
0	360
0	489
5	333
0	734
2	1020
0	380
0	1097
396	1534
1	294
2	1240
28	958
40	278
0	0
0	0
0	0
0	26
0	26
0	0
0	785
0	854
0	162
6	243
0	159
0	353
4	108
0	121
2	243
0	150
1	116
87	30
994	444
6	87
2	293
0	383
1	412
2	1479
0	72
3	80
0	178
0	177
0	1285
24	80
0	5
0	5
0	0
0	0
0	46
41	95
0	95
0	0
0	0
0	0
1484	239
7	239
2	4
0	3
0	3
0	2
0	2
0	0
0	1
0	0
0	0
0	0
21	385
8	386
0	126
9	7
2	20
58	278
0	32
0	49
0	242
1	22
0	20
0	22
0	75
0	67
0	56
0	65
0	73
0	18
4	10
0	0
0	403
117	410
59	655
0	29
1	224
0	561
1	104
11	183
3	70
0	28
0	371
9	29
0	278
1	630
0	574
0	238
0	333
0	324
0	282
0	210
1	305
0	239
0	58
0	37
0	1
0	1
0	1
0	0
0	0
0	0
0	0
0	0
0	0
0	0
0	0
0	5
0	4
0	4
0	0
0	2
0	0
0	11
0	4
0	1
0	0
0	11
0	3
23	210
0	210
0	71
0	93
0	92
7	91
6	0
35	8
0	0
0	0
0	0
0	0
0	0
0	0
0	0
0	0
0	145
7	446
6	667
0	676
0	73
0	42
15	91
0	36
0	18
0	29
0	29
0	19
0	19
0	19
0	6
0	18
1	0
0	0
0	0
0	71
0	511
0	339
14	148
0	134
0	343
0	235
0	269
14	211
0	489
5	39
35	2805
0	93
0	123
2	63
27	2786
7	0
57	132
0	108
0	115
0	26
0	28
0	27
0	14
0	34
7	35
0	34
1	21
10	11
2	492
0	203
0	485
10	11
0	436
0	191
26	384
15	125
0	29
6	120
6	451
2	468
0	218
0	45
0	50
7	34
1	30
0	22
0	24
0	34
2	4
0	0
3	335
3	339
0	410
0	477
0	497
8	641
0	14
0	640
0	3
0	3
0	3
0	0
0	0
0	0
0	1
0	0
0	0
0	0
0	0
0	0
0	10
0	10
0	0
0	1
1	2
510	0
0	0
21	131
0	339
1	336
8	300
633	1070
4	923
3	506
0	265
7	198
14	51
13	223
0	1
0	1
0	1
4729	0
159	89
2	75
1	77
3	40
0	0
0	851
59	881
28	8
2	296
14	255
7	24
0	0
0	0
0	0
0	0
0	14
19	278
0	27
90	328
0	229
0	276
0	184
0	107
16	32
1	36
0	22
0	0
0	0
0	0
0	0
0	0
0	0
0	0
0	0
0	2
0	2
0	1
0	0
0	0
11	128
0	128
0	291
4	0
0	2
0	291
10	95
0	139
0	180
0	163
0	111
0	29
0	26
0	19
0	24
0	19
0	39
2	16
2	32
1	15
0	18
4	5
2	0
23	0
0	0
337	0
0	12
0	12
2	1583
0	40
1	201
13	1504
0	307
0	203
7	184
19	231
0	0
0	0
0	0
0	0
0	0
0	0
0	0
0	0
0	0
0	0
0	0
0	0
9	0
0	72
3	50
2	40
0	35
19	402
0	141
0	148
1	3
0	401
1	93
0	0
0	0
0	0
0	0
0	56
25	223
0	32
0	223
0	160
1	156
0	119
0	117
0	50
0	52
0	17
0	0
0	0
0	0
0	0
0	0
0	0
0	0
0	0
0	0
0	0
0	0
0	0
0	0
0	0
0	0
8	122
9	44
0	14
0	202
0	243
0	0
3	4
0	4
0	0
0	0
0	0
12	0
0	247
0	231
1	174
0	236
3	150
1	234
0	93
0	94
0	57
0	89
0	35
12	327
0	327
0	332
1	308
0	38
0	13
3	6
0	0
0	0
226	41
4	41
60	167
11	45
0	161
0	0
0	0
0	0
20	99
0	20
0	79
0	4
0	4
0	2
0	1
0	0
0	0
39	424
4	419
116	50
48	2
2	68
1	68
126	1784
7	1601
0	95
12	1336
2	1316
0	1108
0	898
5	172
0	125
12	97
6	86
6	45
6	177
1	21
0	1325
6	0
0	0
2	0
85	0
76	654
15	652
8	640
1	580
0	640
0	463
8	182
0	3
0	2
0	4
1	1
0	463
17	464
9	19
4	49
0	0
0	0
0	0
0	0
389	994
18	219
77	942
4	100
149	724
0	320
0	650
16	532
4	650
2	276
0	0
0	0
0	0
0	0
0	0
1	246
0	308
0	268
3	16
0	302
0	312
0	112
0	258
0	241
0	230
0	261
4	292
0	221
0	147
0	185
0	152
0	122
2	1836
2	1986
5	1767
1	917
1	354
0	447
10	263
759	544
3	538
32	367
0	0
79	764
3	765
0	48
0	17
0	0
0	0
0	0
0	0
0	0
1	78
1	62
0	12
3	7
0	32
7	20
0	456
0	393
1	291
101	308
1	188
1	50
0	179
26	10
0	456
0	393
62	0
0	0
0	0
0	1
0	1
0	0
3	955
0	740
0	1282
0	5707
214	12940
296	764
2	312
5	866
10	12208
106	38
0	38
604	564
1	83
33	291
0	516
0	0
0	0
0	0
0	0
0	0
0	0
0	0
0	0
0	0
61	447
37	32
50	191
1	0
0	447
1	323
0	338
0	258
0	247
0	352
0	244
2	93
7	207
0	194
0	125
0	216
16	0
0	36
0	0
0	65
4	109
5	79
0	42
0	50
1	30
0	0
0	0
0	0
0	0
0	0
0	134
0	135
0	137
0	138
0	132
17	161
0	46
0	135
0	157
5	0
88	2935
12	936
0	2479
187	2164
0	2434
68	312
0	2530
0	2712
4	2790
5	123
0	587
33	365
0	333
0	334
0	229
228	596
0	120
194	36
0	248
27	1870
0	1307
16	2835
1858	5
22	5
0	52
0	1780
0	69
7	1326
2	34
4	1560
0	805
91	159
3	63
136	86
14	86
8	41
0	0
0	0
0	0
0	0
0	0
0	0
0	0
0	0
0	210
2	210
2	0
0	0
0	0
0	0
0	0
0	0
0	0
0	0
0	0
0	0
0	0
0	0
0	0
0	0
467	0
0	1
0	0
0	2
0	0
0	0
0	3
19	0
10	978
965	1538
5	1282
8	177
6	190
0	0
0	0
0	0
0	2304
29	2271
0	273
20	2001
9	65
9	157
17	0
1	298
0	271
0	0
650	2522
0	2254
0	2246
8	2171
0	1891
45	0
1	1724
1	373
12	184
0	416
33	371
6	464
30	165
414	2448
0	2448
2	118
8	28
0	283
0	0
0	0
0	0
0	0
0	0
0	0
0	0
0	0
0	0
0	0
0	0
0	0
94	7
1	7
0	18
6	235
0	243
4	217
12	48
6	60
1	0
0	0
0	0
2222	440
19	140
0	249
0	5
4	163
0	18
0	251
3	47
0	0
0	0
0	0
0	908
2	764
3	147
0	77
0	908
0	122
1	220
8	8
0	143
4	0
3	148
382	234
1	210
1	207
0	179
1	26
0	207
0	0
0	0
0	0
0	0
0	0
2337	805
8	528
13	555
0	314
2	0
0	0
0	0
0	0
0	0
281	436
5	130
0	244
10	64
0	42
0	1
1	33
0	33
0	33
1	20
0	14
0	45
1522	94
1	60
13	18
54	31
9	11
0	11
4	32
5	30
0	32
1	32
0	13
0	2
4	77
0	77
0	7
0	0
2	11
0	11
2	11
0	11
0	0
0	265
0	271
5	151
9	0
0	1
0	1
0	1
0	223
5	5
0	77
0	190
0	76
0	99
0	176
89	217
0	31
0	206
1	101
5	3
0	0
0	0
0	0
0	0
0	0
0	0
0	0
550	7117
943	6469
67	7117
19	2853
40	40
1	245
44	12
4	87
3	50
0	50
3	79
0	79
0	79
0	79
0	79
0	67
922	1613
13	905
0	1108
2	231
60	19
250	117
1	119
3	40
0	16
0	1
0	0
0	0
0	1
0	0
13	1
0	0
0	0
0	0
0	0
0	0
0	1
0	1
0	0
448	222
16	147
0	30
0	105
6	71
4	56
0	0
0	0
0	0
0	0
0	0
0	0
0	0
0	0
5	0
5	596
0	619
29	25
20	23
13	56
5	0
3117	0
0	0
0	0
1226	75
3	28
0	2
0	0
0	13
2	26
4	8
0	7
0	0
0	0
3	0
0	0
0	0
0	0
0	0
0	0
0	0
6	0
0	0
130	0
14	12
0	12
3	0
0	0
0	0
0	0
0	0
0	0
0	0
0	0
3	5575
61	53
121	5628
318	51
0	7
1	44
1	884
56	1
0	217
14	30
0	854
298	44
0	44
0	0
0	0
0	0
0	22
0	20
1	22
1	1
0	1805
0	0
0	0
0	0
0	0
1	1
8	1804
0	1073
48	55
5	1316
0	70
47	58
0	105
0	1316
5	233
2	233
0	67
2	0
25	177
1	11
0	12
11	188
0	12
0	0
0	0
0	0
0	0
0	0
0	0
1	67
0	70
0	66
11	15
0	3
9	1
0	0
0	0
0	0
0	0
0	0
0	0
0	0
0	0
0	0
0	0
0	0
1	912
0	243
6	334
9	829
1	262
3	0
0	25
34	211
7	69
0	35
0	866
4	0
0	0
0	0
0	0
0	0
100	807
0	825
0	108
1	49
0	807
0	0
0	0
0	0
1	0
0	319
4	305
0	144
6	21
0	80
0	158
0	44
0	102
0	10
0	11
0	7
0	8
0	0
10	43
0	0
0	0
40	1
0	1
338	73
6	73
0	0
0	0
56	84
0	83
0	84
0	83
0	7
0	13
0	43
0	156
69	25
11	35
400	1219
14	123
0	1228
0	0
0	0
0	0
0	0
34	127
1	106
0	0
0	0
0	0
0	0
0	0
0	0
0	0
0	0
0	0
0	5
0	5
0	1
1	246
0	23
23	97
22	64
0	42
1	244
0	17
0	51
0	17
0	2
0	14
0	10
0	0
0	0
0	0
1	0
0	0
603	879
0	879
56	122
0	0
1	0
170	1376
21	1346
0	34
0	7
4	7
21	7
19	4049
0	4225
1	272
0	96
14	316
494	2590
2	1905
6	1870
5	1852
1	1419
11	437
37	3
144	258
59	420
0	416
0	424
0	232
1	86
190	0
19	0
3	188
0	103
0	0
1345	244
3	241
0	0
0	2
0	2
0	9
0	0
0	1
0	1
0	2064
0	683
113	2062
12	313
1	326
0	485
4	391
7	239
0	0
0	0
0	0
0	0
0	0
0	0
0	211
0	111
15	193
10	1908
4	237
0	1738
6	1865
0	1779
4	0
2	337
16	1452
2	251
0	300
2	177
0	687
1	221
3	286
62	136
0	75
0	72
16	72
0	101
0	29
0	4
0	143
0	142
0	0
0	0
0	0
0	0
0	12
0	35
0	23
9	90
29	81
0	90
7	1
7	303
0	304
0	27
0	30
0	15
0	56
0	45
0	40
1	370
6	369
1	360
0	356
0	2
121	99
12	2
1	12
0	16
6	26
0	59
15	186
0	135
0	186
0	130
4	12
9	186
1	104
0	0
0	0
0	0
0	13
0	13
2473	757
0	750
29	57
1	250
4	51
59	0
1	9
4	25
1	6
1	4
0	11
0	25
0	0
0	9
0	0
0	0
761	148
0	148
8	3274
6	1401
11	2909
5	59
18	177
7	175
2	190
0	0
0	0
0	0
0	0
0	0
0	0
0	0
0	0
2837	491
21	491
1	260
0	609
13	607
30	1473
0	1448
0	159
0	1103
0	141
13	87
38	215
3	31
1	66
2	88
0	23
1	53
0	3167
61	3578
0	503
3	1498
2	167
10	232
16	647
65	501
0	2
0	1
1	0
0	0
0	0
0	485
0	461
0	462
0	373
0	40
6	152
1	11
0	36
0	45
0	37
0	39
9	0
0	26
0	26
0	0
30	7562
0	7562
29	744
0	71
0	73
2	42
0	21
4	6
0	76
319	142
0	45
2	129
0	141
0	63
0	41
0	34
0	29
0	1
0	5
0	2
0	7
0	4
0	2
0	0
0	0
0	0
502	0
11	3350
0	509
9	1177
23	665
0	3263
0	1065
0	662
7	384
0	0
0	0
53	23
0	23
0	2300
9	2208
0	2235
1	2268
8	2180
0	111
2	83
1	222
15	39
3	55
0	1
0	2
0	1
0	1
3	4557
0	1118
49	4168
0	0
4	0
226	3668
2	3527
46	359
0	3255
153	240
0	622
70	0
0	2
0	2
0	2
0	2
0	2
0	2
0	2
0	2
0	1
0	1
0	2
0	0
0	0
2	0
0	2
0	2
0	2
0	2
0	2
0	2
0	1
5	65
179	90
12	36
0	27
76	8
0	8
6	0
1	2488
1	1699
8	27
18	500
13	256
23	208
0	175
0	2488
752	2059
0	1930
6	632
2	203
3	284
16	147
2	234
0	1160
0	32
1	1167
26	27
3	345
0	2
0	2
0	0
0	0
0	0
0	0
0	0
0	0
0	0
0	0
0	0
0	0
394	188
9	188
0	0
0	0
0	0
0	0
32	0
54	0
28	77
0	67
0	7
4	36
0	2
243	167
0	60
2	136
0	68
8	15
0	13
178	224
0	220
1	0
2	33
2	30
1	4
0	0
0	1
0	260
5	73
0	33
0	209
1	179
2	123
0	182
0	171
0	98
4	105
1439	0
0	0
0	0
0	0
0	0
0	56
0	60
0	51
0	40
9	7
2	0
0	0
0	0
3	530
0	547
1	499
3	131
0	14
0	31
0	63
0	180
0	0
0	0
0	0
0	0
0	0
0	0
0	0
0	0
0	0
0	0
0	0
0	0
0	0
1	0
0	0
4862	1672
47	34
63	1618
0	1354
87	1
98	2
1	18
4	11
0	0
1	0
0	3
0	3
1	0
0	0
0	18
54	31
3	31
38	67
0	67
0	7
0	0
0	0
0	150
0	87
0	2
0	0
0	2
0	0
0	0
0	0
0	0
0	181
4	171
1	68
0	52
0	75
2	36
0	11
19	7
0	0
0	0
4	0
0	150
486	1579
51	1083
9	1488
108	1412
0	229
24	562
6	3
53	28
2	96
0	0
0	0
0	0
0	423
9	423
35	21
10	387
665	269
0	269
0	6
0	7
0	7
0	0
0	0
0	0
0	0
0	0
0	0
0	0
0	0
0	0
0	3
0	3
0	3
0	1
0	2
0	0
0	0
0	0
0	0
0	0
0	0
0	0
0	0
0	0
0	0
0	0
914	0
0	0
0	0
0	0
3	274
2	270
1	112
9	151
0	581
43	554
0	169
0	578
0	17
39	246
0	46
0	304
0	62
0	77
0	47
0	21
8	117
0	117
0	9
0	9
0	27
0	89
24	89
0	0
0	0
0	0
0	0
0	0
0	0
1	554
4	555
0	552
11	468
1	540
11	60
0	511
12	45
11	505
50	2
0	2
0	49
0	101
0	15
1	24
0	35
2	116
0	38
0	4
56	43
7	0
0	508
0	489
0	493
0	471
0	0
0	0
0	0
0	0
0	90
0	90
0	34
0	12
0	0
0	23
0	25
0	11
2	37
1	7
0	128
2	132
2	53
2	4
0	132
145	111
2	82
0	59
0	0
0	0
0	0
0	0
0	0
15	0
0	0
0	0
0	0
0	0
0	0
0	0
0	0
0	0
0	0
0	0
0	0
0	0
0	0
0	0
0	0
0	0
2	590
2514	1407
1	245
4	295
0	298
0	143
0	157
0	0
1	0
65	397
0	369
1	286
0	87
3	318
6	41
2	124
0	0
0	0
0	0
0	0
0	0
0	0
0	0
3	0
0	0
0	0
0	1
0	63
2	63
0	5
0	7
0	0
3	0
7	547
0	291
2	570
3	20
0	174
3	44
0	571
0	70
0	49
310	218
0	182
0	56
0	166
0	168
0	93
2	97
0	102
8	13
13	47
4	59
0	0
0	0
0	0
0	0
10	0
30	334
27	334
0	12
0	46
0	51
0	11
130	29
1	29
4	129
0	31
5	478
0	477
0	409
3	409
7	478
40	104
0	105
4	7
3	7
1	3
4	528
9	526
0	119
0	46
89	539
0	539
2	0
2	4
13	2
6	3
0	1
4	156
0	156
1	7
0	4
0	5
0	27
1886	10
0	0
0	0
0	25
0	25
0	25
0	0
0	3
4	0
0	0
0	0
0	0
0	0
1	103
1	118
0	112
1	13
0	0
0	0
0	0
0	0
0	0
0	0
1	0
0	0
0	0
0	68
0	772
2	85
8	771
0	772
0	0
0	0
0	0
0	0
0	0
0	0
0	0
0	0
2	5
0	5
313	2505
74	2505
0	1596
23	1377
44	0
265	2195
2	2192
26	282
1	350
17	849
54	247
6	171
0	31
0	0
0	0
0	0
0	0
0	0
0	0
0	0
0	0
0	0
0	0
0	0
0	0
0	0
0	8
0	0
0	1123
94	1202
0	1196
0	621
4	437
1	226
0	1
0	1
0	1
0	1
0	0
0	1
5	124
0	178
0	166
0	166
0	121
0	176
0	108
5	0
0	0
0	3
0	0
0	3
0	3
0	0
0	3
0	0
0	1
0	0
0	0
0	3
38	3238
0	3111
211	2966
224	0
1	668
0	272
0	429
0	117
3	2035
0	394
0	1232
14	588
8	1154
41	6
0	1229
2	635
0	92
1	109
0	0
0	0
0	12
0	0
0	11
0	1
0	1
0	1
0	1
1	115
13	469
0	1141
1	579
0	30
0	1085
11	1053
193	552
12	181
0	51
0	35
0	34
3	119
0	89
0	1160
0	0
0	0
4	0
0	1
0	1
0	1
0	1
0	1
0	0
0	0
0	0
0	0
0	0
0	0
0	1
11	3
12	37
8	37
1	20
10	20
35	29
0	28
8	3
17	45
0	45
0	5
0	37
0	3
0	20
0	5
0	7
0	11
2	6
1	2
0	2
0	2
0	2
0	1
0	2
0	1
0	1
0	0
0	36
17	605
0	604
1	128
30	151
0	163
0	81
4	0
0	30
1	558
5	551
16	506
0	108
3	70
12	348
82	348
0	2
0	8
3	0
16	599
23	599
6	31
8	3
0	2
0	2
0	0
0	0
0	109
376	272
0	163
0	176
0	164
0	173
0	140
0	134
6	6
0	122
0	113
0	32
0	188
2	311
3	76
10	311
0	3
4	68
0	11
0	31
0	28
0	27
0	19
0	14
0	40
0	0
0	0
0	0
0	0
0	0
18	5
0	0
0	0
0	0
0	4
0	1
1	69
0	175
74	566
0	162
0	104
10	88
0	45
0	206
1	76
70	91
0	67
2	36
10	0
0	39
0	0
7	0
16	3162
0	0
0	0
177	1720
36	1720
0	0
0	0
0	0
542	11
3	11
786	0
7	0
0	0
0	0
0	0
4	22
0	3
0	4
0	0
0	5
0	11
0	7
0	4
0	598
0	538
3	329
45	134
0	133
5	118
18	97
0	620
0	1
45	4
3	4
1	0
0	0
0	0
0	0
0	0
0	0
0	0
0	0
0	0
0	4
167	106
23	62
15	33
0	40
0	0
0	0
2	435
0	588
11	331
7	274
28	279
46	40
178	209
20	154
0	102
0	2
0	18
0	0
0	0
51	5868
319	1931
5	6862
3	6856
0	629
0	1643
0	471
77	481
0	386
0	11
0	11
0	11
0	0
0	0
29	384
5	355
13	29
1	17
5	86
0	1
0	1
0	0
0	0
0	0
0	0
101	502
0	502
0	186
0	0
0	0
0	0
0	0
0	0
0	0
0	0
0	0
3	1436
0	79
0	0
0	0
0	0
18	2567
4	776
125	2618
9	229
2	183
0	0
0	0
0	97
0	11
2	70
0	12
6	19
0	79
0	25
23	6
0	42
0	80
0	80
3	453
0	422
1	419
7	0
0	52
0	239
7	34
1	1048
3	34
8	482
7	179
0	835
19	972
25	84
0	44
0	44
0	10
0	2
0	12
34	92
9	14
0	83
9	24
0	87
0	65
0	1
0	18
0	0
0	0
0	1
0	0
0	0
0	0
0	1
368	657
5	99
0	377
8	254
0	158
0	288
0	168
9	9
0	19
3	10
0	0
0	0
0	0
4	36
0	1
0	22
7	70
0	61
0	23
2	60
0	292
0	270
14	189
0	54
0	59
0	81
0	0
0	0
0	0
0	2
0	0
0	0
0	0
0	2
634	4467
1	1891
15	743
0	351
32	940
0	2055
7	234
0	379
0	227
13	222
232	30
0	23
0	7
0	23
0	1001
0	951
15	239
0	156
118	0
10	48
0	143
0	237
1	164
2687	17069
29	14824
23	9054
22	6612
6	0
0	0
0	0
0	0
2	0
0	0
0	0
0	0
1	1
0	1
0	0
0	0
0	17
0	17
0	70
0	15
0	69
0	69
0	4
0	0
0	0
0	70
1	853
127	870
3	115
8	116
26	4
0	19
0	48
0	0
0	2
0	1
0	2
0	0
0	2
0	0
0	0
0	0
0	0
0	0
0	0
0	10
4	10
0	6
0	6
0	6
0	0
1464	21
7	21
4	0
513	1878
13	1711
22	1821
1	498
99	1647
6	58
77	702
0	157
0	47
0	54
0	2
0	35
0	57
0	44
0	46
424	119
0	52
0	0
0	0
0	0
2	1
0	1
0	846
7	1128
0	975
21	221
9	179
7	265
13	2
5	182
3012	468
10	194
5	92
0	0
0	1
0	1
0	1
0	0
0	0
0	0
0	0
0	0
2	366
0	370
70	167
186	676
1	10
1	89
45	0
17	444
0	0
246	0
10	557
25	97
0	89
16	79
0	541
0	1
0	1
0	1
1	1
0	0
0	0
55	432
0	1462
0	1431
0	1721
0	1743
0	1422
0	994
62	860
0	1828
8	294
0	581
1	466
1	552
0	269
2	132
1	186
0	8
3	49
1	200
5	20
0	125
0	2
4	2
0	0
0	0
0	0
56	5648
17	5649
0	5646
4	5649
0	1
0	1
68	212
4	20
0	212
0	151
0	51
1	68
0	0
0	0
21	12711
11	12601
0	2798
8	3056
9	3223
0	0
0	0
0	0
1	0
0	0
0	0
0	0
0	0
0	0
0	0
0	0
0	0
0	0
4	1
0	4
21	4
0	1
1	201
0	361
5	435
1	523
0	236
2	72
463	985
8	889
0	751
3	126
36	402
0	0
0	0
0	0
0	0
0	0
0	0
0	0
0	1656
0	1646
0	1634
0	212
0	240
35	26
3	49
0	1679
0	1667
1	563
8	156
2	7
0	563
74	84
0	84
0	0
0	0
0	0
0	632
3	624
1	33
0	76
0	57
0	0
2	0
11	0
676	796
13	469
1	762
0	0
0	0
0	0
189	112
0	77
0	45
0	0
0	0
0	0
0	0
0	0
0	0
0	0
0	0
0	0
0	0
0	0
0	29
0	29
145	0
6	0
0	0
1	81
0	25
12	505
0	496
0	81
0	101
5	70
0	35
0	58
0	46
3	7
2	25
0	32
0	26
0	209
0	17
13	39
0	200
0	205
1	8
0	19
0	32
0	25
1	11
2	13
0	163
23	559
6	664
0	771
4	372
0	0
0	0
0	0
0	0
0	2
0	0
0	0
0	0
0	0
0	0
0	0
0	0
0	2
0	0
805	14
3	170
0	51
0	175
0	175
85	1
1	1
6	319
0	308
0	113
23	90
0	104
2	91
3	67
14	77
0	49
2	626
33	626
6	35
0	9
0	11
0	7
0	7
0	1661
1	93
0	36
0	1500
0	853
1	76
0	0
237	204
3	204
0	84
63	149
38	288
17	268
5	63
259	4470
41	1440
0	115
79	3030
490	173
1	18
0	49
2	26
2	0
7	17
1	0
44	362
0	17
0	22
0	26
1	5
0	357
0	0
0	0
0	4
0	339
7	452
126	714
5	157
2	592
0	116
0	0
0	41
0	0
0	51
0	49
0	54
0	7
0	41
0	41
0	132
136	125
0	0
0	0
0	0
277	0
0	0
0	0
0	0
0	0
0	0
0	0
3	4650
0	3882
5	4716
4	4709
0	132
1	625
54	429
2	837
148	55
0	35
12	40
7	872
38	877
0	143
30	120
2	874
48	1
0	0
1	0
0	0
0	0
0	3
0	4
0	4
0	0
0	0
0	0
0	0
0	0
0	0
0	0
0	0
0	0
0	0
0	0
0	0
0	2
0	7
0	3
0	7
0	3
0	3
0	0
0	0
0	0
0	0
0	0
0	0
0	0
0	0
0	0
0	0
0	1
0	1
0	1
0	0
0	36
1	3
0	16
1	34
0	34
0	100
0	100
0	169
497	501
0	494
0	477
29	130
343	0
930	132
0	132
84	367
23	335
1	23
0	29
0	30
1	59
0	24
13	26
0	14
2	17
0	8
63	1022
8	1018
0	89
1183	331
50	331
0	99
12	66
0	0
0	0
0	0
0	0
0	0
0	0
0	338
2	633
0	627
34	47
0	1
0	0
0	0
0	1
0	1
296	143
7	337
91	313
1	297
0	2
0	57
0	66
0	59
0	56
5	220
1	214
3	23
0	57
0	56
0	26
0	35
2	39
1	17
0	5
0	0
0	7
43	81
0	80
0	0
0	0
0	0
0	0
0	0
0	0
0	0
0	0
0	0
0	0
0	0
0	0
0	0
0	0
0	0
0	0
0	0
0	0
0	0
0	7
0	7
0	0
0	7
5	2073
11	66
249	2039
13	9
1	2037
20	114
55	1
0	0
1	1
19	420
0	23
0	15
0	234
0	421
82	941
1	941
0	171
5	203
0	137
24	12
0	6
2	6
43	1
0	1
0	0
0	0
0	0
0	0
0	0
0	542
0	535
3	440
27	334
3	30
1	62
6	92
0	68
0	1
3	5
0	7
0	1
0	7
0	5
0	7
0	4
0	1
0	5
3	0
0	0
0	0
0	0
0	0
0	10
1	2
0	8
0	7
0	0
52	176
1	176
5	24
5	47
419	5
14	5
0	2
0	2
0	0
0	0
0	0
0	1
0	2
0	2
0	0
0	0
0	0
0	126
2	126
0	121
0	95
0	119
0	15
0	1
0	23
88	0
0	11
0	6
0	11
0	3
0	2
0	0
0	0
169	302
0	302
0	220
98	70
0	6
0	0
0	6
1	4
1	3
0	4
0	4
1	1
8	410
1	301
5	137
6	268
0	62
0	89
1	102
3	66
0	141
3	88
0	0
0	0
0	0
0	0
0	0
0	0
0	0
30	28
0	0
0	0
0	0
1620	1635
2	1004
0	631
27	34
4	34
0	2
0	2
0	0
0	0
0	0
0	0
463	0
47	0
0	19
0	55
575	625
0	221
1	420
4	361
0	0
0	0
0	0
0	1
0	0
0	1
0	0
1	4605
0	4319
0	2956
0	2670
0	1698
41	746
0	1191
15	410
0	832
0	1255
1341	63
0	2
0	2
0	11
0	11
0	0
0	109
1	109
4	55
1	422
7	332
5	330
0	67
2	339
1	365
5	32
0	117
0	0
0	95
0	95
264	122
18	105
6	391
0	387
0	38
5	311
7	0
4	6
3	557
6	36
0	4254
0	81
0	41
0	43
0	21
0	23
0	4338
0	51
2	4233
0	81
7	0
0	1
0	0
0	1
2	4656
5	4243
2	2465
12	471
7	224
10	53
0	0
891	3644
0	829
25	972
0	655
21	1008
1	45
3	144
6	525
0	0
0	0
0	0
0	0
91	25
0	25
83	1586
7	3956
0	3798
3	297
2	449
0	3947
5	134
0	1908
0	1914
12	640
1	694
0	447
0	81
0	33
0	5341
121	905
8	184
7190	1496
3	378
0	444
18	656
0	0
0	0
3	6
2	2
0	4
3	2
3	333
0	330
0	28
0	0
3	181
1	1
6	0
96	174
0	48
0	174
0	54
34	3926
1	2750
3	1375
0	1372
0	582
9	3916
4	376
0	185
0	182
1	115
32	70
0	83
18	152
0	79
0	34
2829	5251
0	2265
0	4333
0	4019
0	0
0	3
1	3
0	1
0	113
0	61
1	113
0	45
10	82
1959	367
0	212
10	367
15	142
0	0
0	0
1	474
166	476
1	344
51	0
1	260
0	0
0	0
0	0
0	0
0	0
205	268
9	177
9	192
0	0
0	0
0	0
0	0
3	42
0	2
0	42
1	2995
28	11812
0	10445
0	10468
0	485
0	904
0	0
0	0
82	0
0	1672
0	1066
11	544
142	1947
3	724
0	603
2	403
0	1457
1	1648
0	3391
0	152
15	142
3	440
5	316
15	316
23	11371
3	11629
0	1
0	1
128	0
8	575
0	1032
0	1051
0	1039
0	20
0	124
2	69
0	108
0	86
5	17
0	50
0	8
108	164
0	155
0	165
0	3
0	80
1	661
0	676
0	295
0	291
8	169
6	34
0	126
7	11
0	33
0	169
0	0
0	0
0	0
0	69
0	65
0	11
0	0
0	0
4	292
0	336
0	289
83	0
0	1
0	1
0	0
0	0
0	0
0	0
0	0
0	0
0	0
0	0
0	0
0	0
0	0
0	0
0	0
0	0
0	0
0	0
0	65
12	172
932	652
11	591
0	310
0	104
0	189
1	591
0	89
0	87
5	101
0	0
0	25
0	25
0	91
0	56
0	60
2	538
0	618
1	156
28	322
6	328
0	267
4	198
0	145
40	35
1	4
0	0
0	0
0	0
0	0
0	0
0	0
0	0
0	0
0	0
0	0
6	0
2	205
1	218
5	207
0	255
0	363
0	366
0	259
2	203
0	211
8	82
0	124
0	199
0	123
14	65
0	1289
0	1287
50	1355
31	29
0	56
87	34
391	255
0	69
1	190
2	176
9	116
5	41
0	0
0	0
0	0
0	0
0	0
0	0
0	0
0	0
0	9
0	9
0	9
0	0
0	0
0	0
0	353
0	226
0	299
10	28
0	0
2584	418
1	299
30	119
18	0
159	22
1	22
63	5741
2	1813
0	2291
0	1617
0	2104
3	210
0	5731
1459	1197
4	907
0	290
8	0
64	845
2	842
2	842
4	842
4	159
0	147
0	147
73	3
0	0
0	0
0	0
0	0
0	0
1	19
142	22
3	22
0	1
0	24
0	24
3	217
0	94
0	164
0	199
4	25
145	2435
1	1
0	1
0	1
0	0
0	1
0	1
0	1
0	1
0	1
0	0
443	1389
0	73
7	152
0	150
49	48
0	85
0	80
7	99
0	96
0	77
0	10
0	69
2	20
0	34
0	40
0	73
0	39
0	22
0	24
1	9
0	22
0	0
0	0
4	111
2	111
0	11
360	51
0	51
0	0
0	0
0	0
0	0
0	0
1	39
0	671
0	38
3	1004
0	187
0	898
1	118
0	1051
0	157
0	9
7	9
0	9
0	0
0	4
2	1
0	1
0	0
0	61
0	114
3	317
9	370
0	529
0	654
2	620
26	490
0	67
393	121
5	121
3	164
242	190
0	260
0	29
27	96
4	51
7	56
0	260
20	0
15	352
26	1041
12	1039
37	302
23	1
18	1846
0	72
0	1579
0	965
0	998
0	1858
46	91
2	103
0	0
0	0
0	0
0	0
0	0
0	23
0	27
0	3
0	23
0	1
1	5
0	3
0	67
0	233
0	215
0	233
1	55
0	161
1	176
18	166
22	77
0	1
1338	1335
2	1253
11	891
6	667
726	1449
6	142
7	143
1	190
21	1118
0	308
0	109
5	136
2	32
0	112
0	62
0	24
0	53
0	51
0	50
0	10
0	11
0	1
0	1
0	17
0	13
0	2
0	2
0	6
0	12
311	374
50	410
19	222
28	427
1	234
0	256
21	65
0	2
0	0
0	0
0	0
0	5120
0	2760
8	69
388	4692
1	213
6	96
129	2016
879	894
0	924
36	225
5	123
0	49
0	0
0	0
2825	925
0	925
0	0
0	13
0	38
0	0
0	0
0	0
0	0
0	0
0	0
0	1
0	1
0	1
66	51
0	207
51	237
0	169
0	218
0	62
2	22
0	59
1	24
0	47
33	19
159	282
7	260
0	28
5	255
0	61
3	73
20	73
1	0
0	0
0	0
0	0
3806	243
1	193
5	194
6	78
29	200
0	199
0	200
2625	954
6	498
14	460
0	36
8	833
0	807
23	23
2	42
0	306
5	56
0	128
0	1145
0	1083
19	575
0	1105
0	1044
0	5
0	5
0	0
0	0
90	307
2	45
0	301
10	109
24	147
89	335
0	325
0	273
0	136
0	20
15	21
0	5
2	491
23	491
0	448
0	57
1	142
32	18
5	226
0	697
0	714
0	735
0	764
19	61
0	92
6	92
0	15
0	745
0	0
0	0
0	2
0	2
0	0
0	5405
128	6537
103	44
0	6493
0	0
0	0
0	0
0	0
0	1
0	0
0	0
0	0
311	249
1	249
0	249
0	249
0	0
0	0
0	0
0	0
0	0
0	0
0	0
8	0
849	191
1	77
6	114
5538	797
0	134
0	125
0	135
0	83
0	40
72	86
4	86
0	0
1326	619
2	936
0	1472
0	376
25	507
6	134
5	214
0	197
11	20
9	693
2	616
8	97
8	493
8	493
24	118
0	301
0	251
2	243
2	13
24	0
0	137
13	23
0	24
6	0
0	0
1787	7935
24	102
3	153
0	395
3	479
2	426
4	501
0	486
266	383
0	442
18	1866
0	2431
0	384
266	1278
9	3791
0	1711
4	1077
10	1332
0	717
40	612
0	399
19	92
0	385
55	466
0	342
14	252
6	53
7	125
0	125
0	3
0	10
25	1002
0	846
11	798
4	46
37	633
0	244
29	11
0	227
15	119
3	1086
0	728
0	904
2	1054
5	87
37	138
1	187
0	3
39	63
0	0
110	54
0	54
0	0
0	0
0	0
0	0
0	0
0	0
0	0
0	0
0	0
0	0
0	0
0	0
0	0
0	0
0	0
0	0
0	0
301	0
1	0
0	0
0	0
0	0
0	0
0	0
17	2
0	2
0	1
0	9
0	9
0	8
0	6
0	5
0	6
0	5
0	3
2	1
0	0
0	1
0	0
13	251
0	7
0	295
0	189
0	116
3	32
0	107
0	79
0	69
43	50
1	37
328	1814
2	1776
13	536
2	291
24	0
0	1
3	1
1	0
0	2
0	1
0	1
0	1
0	1
0	0
0	0
0	0
0	0
0	0
0	0
196	3621
1	2129
0	2115
6	449
0	109
76	736
0	695
13	553
0	598
0	89
0	319
0	323
0	356
4	282
0	18
6	0
46	564
30	846
0	95
0	169
8	225
0	755
1	411
13	413
15	64
0	0
0	0
0	0
0	0
0	0
1051	7308
58	590
9	563
0	207
0	39
0	32
129	66
0	559
18	132
12	132
0	15
0	17
1	5
1	2
0	4
3	1
0	3
0	9
349	3677
2	47
0	13
0	3
0	47
401	0
0	0
0	310
6	313
2	239
0	149
144	44
0	0
0	0
0	2
0	2
0	2
1	2
0	2
0	2
0	2
1	0
0	0
17	100
5	100
367	995
9	36
2	902
23	482
0	707
0	56
1	28
0	0
27	459
6	459
0	13
33	48
0	65
0	1
0	22
1	363
31	367
1	129
3	64
3	0
0	0
0	0
0	0
0	0
0	0
0	0
2	0
0	0
0	80
1	15
3	43
0	21
0	2
711	2756
2	276
4	242
1	87
0	0
0	0
0	2
0	2
0	0
0	0
0	2
0	167
7	167
0	16
18	8
471	3939
0	1159
11	709
0	0
0	0
0	0
0	0
0	0
0	0
0	0
0	3502
0	3586
0	295
0	2907
0	352
9	263
0	1011
1	451
0	592
23	25
100	592
3	342
21	15
3	52
0	40
0	2
0	52
0	40
0	40
0	38
11	0
1	7
0	40
1	7
0	33
0	30
0	36
1	4
0	4
0	23
1	31
0	30
0	0
0	0
0	0
671	1830
163	1787
0	325
2	823
0	0
0	1500
4	0
18	264
46	79
5	314
13	677
15	582
0	11
0	11
0	10
0	4
0	401
2	370
0	327
24	156
33	71
0	62
0	0
0	0
0	0
0	0
0	0
0	0
30	7
0	1
0	0
0	6
823	205
0	76
5	205
578	1752
0	1536
16	1683
8	78
0	338
0	393
23	291
0	15
3	15
0	15
0	13
1	15
0	12
0	10
0	50
0	270
5	390
3	63
0	218
0	215
1	217
0	281
0	188
0	78
3	34
0	190
0	62
0	211
0	188
0	0
0	48
0	219
0	48
0	219
0	52
0	52
0	39
1	212
0	31
0	35
0	161
0	49
0	58
0	162
0	42
0	161
0	163
0	37
0	38
0	157
0	90
14	6
0	12
0	162
0	32
0	25
0	42
0	47
0	37
2	156
0	50
0	46
0	41
0	54
0	210
29	7
1	3
0	40
0	32
0	51
0	31
1	137
17	5
17	107
0	36
0	384
1	60
0	185
0	183
0	58
1	26
10	9
2	0
0	0
0	0
0	0
0	1
0	0
0	1
21	0
0	792
14	1597
124	1724
27	324
0	179
0	166
11	425
10	576
0	356
0	208
0	356
0	0
0	0
0	0
0	0
0	0
0	0
244	0
1	28
0	5
5	14
0	28
0	4
2	26
0	381
7	93
2	0
6	0
0	378
5	54
0	0
0	0
0	0
0	0
0	0
0	0
0	0
0	0
0	0
0	0
1	0
0	0
0	0
0	0
0	3481
155	14150
1	1196
0	5020
6	74
15	379
3	218
3	479
3	403
12	243
4	366
0	14156
316	737
1	343
0	405
2	313
3	10
0	10
0	0
0	0
0	0
0	0
0	0
0	0
0	0
0	0
4	164
28	24
0	127
4	126
0	12
0	12
0	0
0	0
0	0
0	0
0	0
2	9
0	9
0	9
1	2
0	0
0	0
0	0
166	167
0	102
1	112
0	58
3	48
37	1
0	37
15	12
9	17
3	55
40	1468
0	1332
32	1464
0	110
3	174
0	439
1	186
2	0
0	0
0	0
0	610
1222	3652
27	2016
7	3172
21	3608
4	64
0	2920
0	0
0	0
0	0
0	0
0	0
0	50
0	41
0	50
0	49
819	81
3	55
4	49
4	26
0	0
0	0
1	0
797	804
6	654
4	665
0	28
1	22
57	29
0	0
0	0
0	0
0	0
0	0
0	0
0	0
37	1479
0	347
0	1087
0	639
6	18
0	1034
7	329
2017	747
0	0
3	747
2158	363
5	102
0	319
0	0
0	0
0	0
0	0
0	0
0	0
2400	3717
22	1005
18	725
10	1221
42	898
1	0
0	0
0	0
0	0
0	0
0	0
0	0
0	0
0	0
0	0
0	0
0	0
0	0
605	254
0	224
5	30
0	0
0	0
0	0
2	4
0	4
0	1
0	1
0	4
310	117
5	18
1	117
21	117
0	33
22	35
0	25
0	412
4	402
0	397
8	361
0	163
5	76
0	22
0	397
0	0
0	0
0	0
0	3
0	3
0	0
0	0
0	3
0	619
0	530
9	85
1	564
0	472
0	110
0	190
0	51
0	105
35	85
0	21
3	459
3	0
0	459
0	0
0	0
0	0
0	0
302	86
7	86
403	376
4	183
0	193
0	0
0	0
0	0
0	0
81	15
2	15
0	0
0	10
70	12
1	5
0	9
0	2
0	0
0	0
0	0
0	0
0	0
0	0
0	0
0	0
0	0
0	0
0	1
0	1
0	0
0	0
0	0
0	0
0	0
0	0
8	190
1	187
22	106
1	11
25	1
30	24
0	23
2	18
0	0
0	0
0	1
0	1
0	1
0	1
0	1
0	0
0	0
0	0
379	401
13	14
5	262
2	122
5	401
0	0
0	0
0	0
0	0
72	4120
3	0
5	0
0	0
0	0
0	0
0	0
0	0
0	0
0	0
176	1876
0	338
1	338
0	250
6	338
0	6
0	302
0	3
0	33
0	35
1	28
5	9
0	107
0	87
20	22
1	22
0	22
0	0
0	0
0	0
0	2413
50	348
1	26
0	2268
0	2352
0	2052
0	2052
0	2050
17	1848
9	0
0	1724
1	1948
0	1670
0	1777
0	1796
0	13
0	67
22	124
0	169
0	61
59	121
6	139
0	2346
0	2334
104	1284
3	531
1	862
0	670
4	98
6	0
22	2045
5	2089
5	474
1	134
1	121
0	493
4	3
23	38
0	389
0	0
0	1
0	1
0	0
0	0
3522	110
0	18
0	21
0	118
12	118
0	5
0	5
0	21
0	2
5	0
38	12381
11	9809
6	11731
0	0
0	0
0	0
0	0
263	73
0	29
0	65
0	24
0	0
1	87
0	1
5	80
0	81
0	71
0	0
0	0
0	0
0	0
0	0
4	5613
39	5613
4	5
0	0
0	0
0	0
244	242
0	242
0	94
2	17
3735	728
191	0
7	19
0	19
381	777
0	776
117	3614
10	3493
5	1118
64	12
61	16
0	1
0	1
0	0
0	0
0	0
0	0
0	0
0	1
0	1
0	0
0	0
0	0
0	0
0	0
0	0
0	0
0	0
138	295
0	23
0	294
0	33
0	245
0	0
0	0
4	0
0	0
0	0
0	0
0	0
0	0
0	0
4	162
0	169
3	108
3	16
22	19
0	30
0	30
3	1
0	0
0	0
0	47
26	113
0	108
27	1164
0	1556
0	1417
7	84
77	679
12	686
0	189
9	261
2	0
0	0
9	0
1	181
1	957
0	791
0	421
1	353
0	351
0	143
0	219
0	330
13	392
11	0
0	0
0	13
47	35
0	22
17	0
0	0
0	0
0	0
0	0
0	0
0	16
7	2
0	13
0	14
0	8
0	9
0	6
0	6
0	1
0	0
0	0
0	39
0	95
0	106
0	183
3	604
0	229
0	0
0	46
0	108
0	380
0	493
0	18
0	85
0	57
0	604
0	604
0	604
0	596
1	436
0	363
0	210
2	436
3	146
0	416
0	0
0	0
41	0
0	0
0	0
0	0
0	0
0	0
0	0
0	0
0	1
0	1
0	1
0	1
1	111
0	38
0	105
0	102
0	103
0	103
0	2
0	0
0	0
0	8
0	8
0	5
0	4
0	0
0	0
0	5
1	0
0	1385
6	5
2	1209
0	1382
0	385
0	50
4	409
7	6
0	248
0	1385
0	0
0	0
0	234
0	117
1	231
0	46
0	170
0	7
0	43
0	41
0	10
0	2
0	0
1	3
1	1
0	1
0	5
0	5
0	5
0	0
0	0
4	0
0	0
29	118
265	555
8	555
0	127
0	87
0	136
0	99
4	80
37	0
21	1852
6	1867
13	51
0	405
4	317
0	671
0	433
2	160
4	236
0	547
16	143
3	0
0	0
0	1
0	2
0	2
0	0
3	8
1	0
0	3
1	5
1	8
1	525
0	524
3	152
3	136
0	212
0	161
0	192
5	107
1	12
0	0
0	1
0	0
0	0
0	0
0	0
0	0
0	0
0	1
46	678
0	194
0	602
0	598
3	26
8	165
0	6
57	8636
0	8
1	10
1	10
0	0
0	0
0	0
0	6
0	6
0	0
0	0
0	0
0	10
0	1
0	0
0	10
0	0
0	0
0	1
0	0
0	0
0	0
0	10
0	1
102	752
41	750
0	2
0	0
0	0
0	0
0	0
0	0
0	0
0	0
0	0
1	242
128	341
0	340
0	257
0	30
197	35
0	22
1	13
0	13
0	13
0	6
0	69
0	69
1	69
0	27
0	69
1	14
0	69
0	0
2	191
0	179
0	48
0	0
0	0
0	0
0	0
0	0
0	0
0	0
0	0
0	0
0	0
0	0
0	0
0	0
0	0
0	0
0	0
7	1
0	0
0	1
0	0
0	0
0	0
0	0
0	0
0	0
0	0
0	4
0	4
0	4
0	0
0	5
0	5
0	0
0	0
0	91
0	86
0	87
0	90
0	88
0	51
0	88
3	369
0	1045
0	34
252	365
0	389
1	105
0	1041
0	0
0	3
0	0
0	3
8	633
0	309
4	222
0	193
0	84
0	0
0	633
3	577
0	695
0	705
3	337
58	274
7	5
4	3262
0	3262
0	640
7	3128
2	47
0	141
0	63
9	110
2	312
8	34
4	534
0	34
4	169
0	82
0	173
0	14
2	170
0	534
3	40
1	210
0	59
1	15
3	10
0	40
0	153
0	40
26	43
7	23
0	523
0	498
2	452
0	210
3	40
0	110
8	112
1	20
307	522
3	4207
3	4226
87	4053
0	0
0	0
0	0
0	0
0	0
0	0
0	0
0	0
0	0
0	0
0	326
39	511
2	496
0	37
4	38
0	0
0	8
0	8
0	6
0	4
0	8
0	2
0	1
1	0
0	0
0	8
17	130
412	1107
30	411
107	605
0	0
1	292
8	287
0	258
6	84
1	5
0	224
0	13
0	97
10	97
0	49
0	122
0	2
0	2
0	467
30	467
27	78
0	70
3	45
0	28
0	28
0	6
0	0
0	28
0	28
0	0
0	0
0	0
0	0
0	0
0	0
0	0
0	0
0	0
0	0
0	1986
5	34
25	1756
6	1120
0	1987
0	0
0	0
1	0
0	0
0	0
0	0
0	0
0	0
0	0
0	2
0	0
0	2
0	2
0	0
308	30
0	0
0	0
0	0
0	0
5	6
0	6
0	717
12	977
1	132
7	431
3	400
0	191
6	88
0	0
0	0
0	0
0	0
0	0
0	0
111	123
2	35
2	88
0	56
3	36
30	1
2	3041
0	591
0	581
3	42
0	94
0	416
0	0
0	3041
0	0
79	719
4	116
0	100
0	30
0	338
5	24
4	177
0	234
6	10
0	0
0	0
0	0
0	0
56	23
0	23
0	6
0	0
0	6
0	0
0	0
0	319
0	353
6	298
0	191
4	188
0	50
21	45
0	11
0	710
0	252
0	219
0	706
0	90
5	90
7	59
17	105
0	36
0	0
0	0
0	1
0	0
0	0
0	0
0	0
0	1
0	0
0	0
0	0
0	0
0	0
0	0
0	0
0	0
0	0
0	1
0	0
0	0
0	0
0	50
0	0
0	0
0	0
0	0
0	0
1	0
0	0
0	0
365	0
2	285
0	288
6	288
2	288
1	37
0	32
0	31
158	0
6	165
0	131
3	21
0	124
0	13
0	101
41	0
2	2
0	2
0	0
2	3
0	53
3	103
55	159
0	0
10	50
0	58
0	0
0	0
0	0
0	0
110	1878
55	1108
66	1023
0	1542
0	122
7	380
49	160
0	1724
0	0
0	0
0	176
0	82
0	49
0	95
3	127
0	0
4	335
8	24
66	341
76	0
1983	2994
6	727
15	254
2	361
1	1428
5	1364
64	1044
0	197
0	0
0	0
6	1
0	1
0	1
0	96
0	96
6	289
0	103
5	42
6	136
0	103
0	102
0	220
188	91
0	186
0	52
5	23
8	20
0	0
0	0
0	0
0	0
0	0
0	0
0	0
0	0
0	0
0	3535
60	0
0	2586
1	1364
120	363
44	316
57	27
209	74
0	0
0	1
0	6
0	1
0	2
0	5
0	5
0	1
0	4
3	4
0	2
1	21
5	35
0	93
0	108
0	35
0	34
0	36
0	9
0	8
0	4
0	0
0	30
0	34
0	30
0	4
20	4
3	8
256	599
0	565
11	124
0	314
29	2
22	106
23	0
0	0
0	0
0	0
0	0
0	0
0	0
0	9
0	9
0	9
0	0
0	0
0	0
0	3
0	3
1	8
0	8
0	7
0	8
0	24
0	24
0	21
0	21
0	26
0	7
0	3
0	3
0	0
0	26
4589	0
0	5
2	5
1986	0
0	0
0	0
0	101
2	101
0	0
0	5
0	0
0	2
0	0
0	0
0	0
0	0
1	0
0	0
0	2
0	0
0	0
0	0
0	0
0	0
0	0
53	34
0	34
0	0
0	0
0	0
0	0
0	0
0	0
3123	312
4	137
5	33
10	179
219	5484
2589	5484
75	36
97	947
6	805
32	730
0	558
17	748
95	448
0	0
38	2630
3	137
9	95
0	88
0	149
0	2458
0	324
10	212
2	100
0	226
0	356
0	338
5	170
0	204
2	94
139	65
1	14
1	51
14	3
10	3
0	0
56	1238
0	1295
18	14074
24	10388
77	11652
0	11804
51	5743
22	475
17	200
0	173
20	163
0	1817
0	1003
21	1360
120	3187
1	14149
18	0
0	0
0	0
0	0
0	0
0	0
0	0
0	0
0	0
0	0
0	0
0	0
0	0
0	0
0	384
1012	680
0	348
4	552
7	275
0	170
0	5
0	179
0	178
0	170
0	7
0	19
0	18
0	62
8	9
0	20
0	28
0	67
1	29
0	27
1	0
0	12
0	12
0	12
0	48
0	13
0	34
0	17
0	48
0	48
0	34
0	49
0	37
0	31
0	31
0	17
0	19
0	16
0	17
0	3
0	16
0	16
0	19
0	0
0	31
0	12
0	10
0	35
1	28
6	0
0	49
0	0
0	0
0	289
1	218
0	8
0	295
271	34
0	34
0	14
0	11
0	0
2	0
3	0
0	2
0	2
0	0
0	0
215	143
32	57
0	132
1	0
0	12
0	123
5	113
819	110
0	96
646	6963
0	6386
0	5802
0	2893
5	835
1	962
7	544
0	1151
2	1426
0	1305
0	0
0	0
0	0
1	203
2	203
0	0
41	732
0	732
2	148
12	159
0	0
0	0
0	0
0	0
0	0
0	0
0	0
0	0
0	3
0	3
0	3
95	629
1	621
2	75
8	526
0	301
28	150
1	0
0	0
116	988
0	386
0	46
0	46
2	0
16	234
3	47
1	27
6	129
2	4
6	0
2	443
30	45
0	57
687	2131
2	2131
34	259
0	10
3	193
0	193
12	62
0	34
1	15
0	13
5	0
0	0
0	220
3	214
0	210
0	47
0	214
0	52
3	73
4	53
0	48
2	5
0	5
0	5
0	102
3	38
3	232
0	230
421	206
0	84
3	4
0	14
0	1
0	74
6	19
3	77
0	0
2	212
2	638
25	524
11	289
0	580
0	32
0	0
78	15
0	1508
16	1420
28	394
57	751
168	666
49	134
0	1506
1820	783
1	783
48	64
16	0
129	2015
6	585
0	1540
1	702
0	1046
0	286
2	7
0	7
0	35
35	32
12	17
0	0
0	0
600	496
0	105
2	391
4	108
7	63
2	6239
74	7043
1	6248
0	6139
16	1539
16	501
223	3693
1	1138
0	846
0	340
20	0
140	538
0	58
0	88
0	62
4	97
0	176
8	243
2	255
5	428
10	5502
2	436
0	5585
1	5520
4	110
6	133
0	19
0	682
0	4874
0	860
127	4717
0	531
1	1005
1	0
0	0
0	0
0	0
0	0
0	0
0	0
0	0
0	0
0	0
142	415
0	142
0	68
2	144
65	73
0	202
1	223
0	340
0	0
0	0
0	1671
0	1696
0	1676
0	1775
3	1033
0	1385
0	1146
0	186
0	143
129	406
0	149
0	75
0	197
0	24
0	124
0	69
10	3
0	3
0	1
0	0
346	644
0	537
0	139
0	168
0	472
1	542
0	0
4	306
35	36
0	0
0	0
0	0
0	0
0	0
0	0
0	0
0	0
0	0
4	714
0	32
0	704
0	0
0	0
0	0
0	0
0	0
0	0
0	0
0	0
17	31
0	31
10	31
0	11
0	1
0	1
0	0
0	1
0	1
0	0
0	0
0	0
0	0
0	0
0	0
0	0
0	0
0	0
0	0
0	0
0	35
0	35
0	3
3	0
0	20
0	19
0	20
0	7
0	2
0	20
1	1301
2	676
0	951
15	413
0	0
1	2
0	0
0	0
0	0
0	0
0	0
0	0
0	0
45	4086
0	3745
0	3070
0	335
0	3780
0	3581
53	332
2	989
1	1907
10	588
84	402
18	1
0	711
0	473
7	235
151	39
6	9
16	30
0	10
7	939
0	925
1	198
0	1
0	1
827	0
0	524
2	442
0	118
0	36
0	426
13	36
31	103
473	490
0	205
2	281
0	1454
0	739
1	220
4	1409
0	1435
2	155
0	138
0	85
12	21
8	59
14	864
0	757
0	24
41	4
15	242
6	21
0	774
64	311
0	145
5	46
0	69
0	518
0	518
0	634
3	243
0	95
0	19
11	134
0	125
0	183
10	50
0	54
0	102
10	141
8	142
198	0
13	130
0	130
0	3
7	3
0	0
316	3660
31	3660
0	118
0	336
0	413
21	48
10	45
1	3
1	2
0	2116
52	2128
0	1531
0	1353
67	1356
9	1792
0	1387
0	1776
0	251
39	61
2	662
0	1234
0	1206
0	1844
0	1538
0	1553
0	1424
0	1949
0	1512
0	53
0	174
1	208
2	165
0	297
0	57
0	106
0	1556
0	1327
0	0
0	0
0	0
0	0
0	0
0	0
0	0
0	0
0	0
0	0
0	0
1	8
1	1
0	2
0	4
0	2
0	4
0	0
0	0
0	0
0	0
0	0
0	0
0	0
317	3499
0	0
1	0
239	0
673	4358
0	3947
75	926
88	1006
0	661
0	524
0	424
0	28
0	27
1	6
3	20
0	19
407	8239
0	241
3	248
3	251
0	241
0	49
0	32
0	63
0	63
0	59
0	62
3	22
10	6
0	0
0	0
0	0
0	0
237	618
0	284
9	185
2	507
7	78
0	0
0	0
0	0
0	0
0	0
0	163
0	324
0	149
18	6
2	18
0	18
0	13
0	6
0	14
0	4
6	16
0	163
0	5
0	326
40	0
112	744
0	717
0	237
5	40
17	125
5	49
0	22
2	789
5	791
8	735
24	0
98	735
3	0
0	371
0	340
0	191
1	77
1	92
1	48
0	83
0	91
0	92
14	21
0	371
424	1559
0	1527
0	206
0	202
15	537
1	395
1	199
2	63
0	0
0	0
4	11
0	11
897	2925
6	168
9	70
3	66
0	40
1	54
0	60
0	110
17	76
0	0
0	0
0	0
0	0
180	81
0	81
96	182
0	173
14	22
9	29
13	12961
0	13164
9	10318
0	12941
0	11830
0	12718
0	11419
0	3315
0	5199
0	2851
1	3148
3	1697
20	844
1	571
0	1730
0	5903
26	2947
4	3561
0	5851
2	1948
2	5309
0	3868
0	3870
0	2875
23	4327
21	1614
0	639
1	3256
0	1566
0	3043
23	2758
179	1801
28	1575
6	824
462	1396
83	1374
24	69
7	66
1	134
21	156
5	152
10	42
3	120
0	64
2	4
6	21
0	3339
0	2788
0	2827
0	2971
0	3081
7	2596
32	572
14	118
1464	78
0	78
0	371
12	377
3	366
6	115
0	183
1	126
0	91
0	85
0	47
0	5
0	0
0	6
0	5
0	6
0	6
0	4
0	4
0	0
0	0
0	0
0	0
0	0
0	0
0	0
0	0
0	6
0	6
0	6
0	1
0	1
0	1
0	1
0	1
0	1
0	0
0	1
130	155
0	155
2	86
0	0
294	1224
2	56
0	353
0	1184
1	61
0	1115
44	278
0	407
5	407
0	675
1	635
0	86
90	0
4	0
2	2354
6	2413
1	68
1	96
1	100
0	120
0	105
0	79
0	46
0	45
5	65
0	26
0	52
1	13
0	119
108	1343
11	1343
14	139
184	204
0	196
2	44
0	0
0	0
0	0
0	0
0	0
0	0
0	0
0	0
43	804
0	488
0	820
7	147
0	483
2	128
0	649
1	154
13	260
0	63
0	34
0	46
0	597
0	1
0	1
1	1
159	1533
1	0
562	263
0	242
0	21
1	0
1	3
0	3
0	1
0	16
5	38
5	58
20	21
1	0
0	0
0	0
0	0
0	0
0	0
0	0
0	0
2	60
0	51
175	353
0	61
0	192
0	84
2	0
4	121
0	39
3	39
0	51
7	79
2	57
0	0
0	0
0	0
0	0
0	0
0	0
0	0
0	0
1	65
2	65
0	509
0	75
0	95
8	58
0	76
1	46
0	164
0	241
2	144
4	24
8	73
0	506
0	0
0	0
0	0
0	0
0	190
3	0
6	44
1	407
0	44
1	29
0	430
0	0
0	0
0	0
0	845
0	1185
0	411
11	394
0	682
0	73
2	204
0	610
1	605
0	717
0	607
0	246
0	381
1	4
0	0
1	4
0	1
0	0
0	0
0	0
0	0
0	0
0	0
1	382
0	666
2	576
0	216
0	248
0	291
2	98
1	0
0	0
0	0
0	0
0	0
0	0
0	0
0	0
0	0
0	0
0	3
0	2
0	1
0	1
0	0
1	0
0	1
0	1
0	0
0	0
0	0
0	0
0	0
0	0
0	0
0	0
0	0
3	55
0	0
0	55
0	5
0	7
0	11
2	21
0	8
0	9
0	0
0	8
0	5
0	0
0	0
0	0
0	0
60	0
14	267
697	764
30	343
0	729
0	0
0	0
0	0
0	0
0	0
0	0
0	0
0	0
0	0
0	0
0	0
0	0
2	0
0	0
1	79
105	79
2	4
0	13
0	7
0	1410
0	1035
41	1386
0	1378
0	1320
0	343
5	72
0	100
8	85
2	92
0	122
357	795
1	699
0	94
0	94
5	212
2	286
2	158
4	124
0	9
0	133
0	6
0	125
0	9
0	34
0	82
0	110
0	14
0	11
0	20
0	73
0	0
3	11
2	5
0	17
1	48
0	12
0	42
0	2
2	45
0	5
67	10
4	1
0	3
0	9
0	0
0	0
0	0
0	0
1	373
35	292
0	353
0	50
2	63
0	49
0	44
0	9
0	8
12	66
17	65
0	1
1424	0
1	0
749	0
0	8
0	3
0	2
0	0
0	0
0	8
395	0
0	12
8	270
384	475
2	375
0	278
1	251
2	74
6	78
4	84
0	446
0	335
5	353
0	394
1	114
7	224
0	39
1	12
5	19
0	412
0	0
0	0
0	1
0	0
0	6
0	5
0	0
0	0
0	0
0	0
0	0
115	42
0	42
22	92
0	92
0	0
35	16
0	0
0	0
0	0
0	0
0	0
0	0
0	0
0	0
0	0
0	0
4	0
0	63
39	97
6	9
4	14
0	14
0	25
82	35
0	9680
0	12
21	21
0	16
0	18
0	17
27	0
0	56
0	56
9	9606
0	1016
1	1064
0	1924
0	1347
22	1031
0	826
363	518
10	340
0	32
7	12
661	38
0	0
62	33
0	21
0	5
0	0
0	17
18	17
5	14
6	0
0	12
33	38
0	38
10	71
0	18
0	8
0	71
0	5
0	5
0	0
0	0
0	0
8	9528
0	9522
0	9529
330	9527
13	9531
3	9523
0	9520
0	6302
1	6098
0	6033
37	2525
0	3059
113	9528
0	0
0	0
0	0
0	0
0	0
12	484
2	52
1	399
0	108
20	0
0	206
2	59
0	401
156	259
0	3
0	256
0	147
0	5
0	173
44	12
33	173
0	7
0	226
0	157
4	205
0	155
0	141
0	196
0	113
2	84
4	100
0	100
0	39
0	7
11	9
1	71
2	13
0	11
0	9
0	6
0	2
0	1212
0	115
0	70
9	70
1	1033
0	938
0	648
1	70
0	1208
0	0
0	0
0	0
0	5
96	5
43	404
0	410
5	6
0	12
0	10
3	5
0	15
0	116
1	167
7	109
0	30
1	1550
1	1550
0	1550
0	96
0	95
1	284
0	204
546	457
1	133
1	86
1	303
0	0
0	7
0	7
2	0
922	19242
9	0
0	1
0	3
0	1
0	0
0	0
0	2
1	1
2	1
4	511
2	4
5	42
0	507
10	127
0	511
205	3438
0	0
0	5
0	5
0	0
0	0
12	26
19	98
888	93
465	43
0	23
54	20
0	73
3	73
0	9
0	5
0	3
0	12
0	12
0	13
0	0
0	0
0	0
5	0
0	0
0	0
0	0
0	708
12	243
8	475
0	716
0	224
3	99
0	72
0	62
0	505
1	20
0	0
0	0
0	151
0	18
0	114
0	156
0	118
1	0
0	118
0	157
0	119
0	162
0	2
0	118
0	157
0	30
0	0
0	158
0	0
0	0
0	0
12	1446
5	1474
16	311
12	731
0	1421
0	596
3	754
0	1410
13	44
1434	851
42	851
0	133
0	0
1	68
7	61
0	20
1	16
0	16
0	16
0	0
0	0
2346	338
3	338
0	2
0	2
0	1
0	1
0	1
0	0
2	0
20	2835
2	348
1	234
0	246
1	672
1	63
3	128
1	87
9	238
14	2820
0	0
9	37
0	37
0	8
0	8
0	1
0	0
0	502
28	907
4	412
18	920
0	169
0	389
0	101
0	170
5	167
0	99
0	108
0	181
0	18
0	0
3363	423
1	423
1412	51
0	51
1	50
49	0
0	0
1	101
23	68
9	101
0	2
0	0
0	0
0	0
0	0
0	0
2	89
1	89
0	4
2	4
0	80
18	346
0	375
3	48
0	0
0	0
0	0
555	833
3	146
3	264
145	26
8	26
0	9
0	0
0	0
0	0
26	2131
0	2979
0	542
84	734
18	171
4	283
0	180
20	271
1	217
6	251
0	2
0	2
0	0
0	3
0	245
4	245
4	24
0	48
3	34
1	11
0	2
5	1825
17	1196
5	1629
0	1856
54	1869
4	1201
15	169
0	145
9	149
0	25
0	0
0	0
0	5
0	0
0	0
0	5
0	0
0	1
0	2
31	4720
0	1886
3	1660
13	3828
1	2531
21	266
0	54
14	54
6	6
0	12
1	0
8	2
0	2
0	0
0	0
0	0
0	0
0	0
0	0
1	22
0	22
0	3
0	1
0	14
0	4
0	0
0	4
5	312
0	306
2	24
24	15
3	3
0	3
0	0
0	0
0	0
0	0
0	1
0	0
0	0
0	1
0	0
0	1
0	87
22	2747
206	261
1	2456
13	2644
11	49
0	73
0	113
0	172
8	726
25	233
0	233
0	158
0	39
107	0
0	1
0	1
0	1
0	1
0	1
0	0
0	1
0	1
0	3031
0	3031
0	1570
0	1570
40	1077
0	200
5	96
0	56
0	1945
0	2969
0	0
1	887
0	867
12	119
0	511
0	2
0	228
0	143
11	1473
1	1473
113	60
1406	1532
4	400
2	235
0	178
8	270
17	703
0	272
17	15
27	442
21	95
0	442
0	5
52	13
11	0
2	13
174	172
5	172
17	8
2	1
0	1364
0	1322
0	1256
0	796
4	1073
7	117
7	645
10	488
3	322
3	278
0	0
0	0
0	0
0	0
0	0
0	0
0	0
0	0
0	0
0	0
0	2
0	0
0	0
0	2
0	2
0	4
0	4
1	0
0	0
0	0
0	0
0	0
0	0
0	0
0	0
0	0
0	0
0	0
0	0
0	0
0	0
0	0
0	0
0	0
0	0
0	0
0	0
0	0
0	0
0	0
0	0
0	0
0	0
0	0
0	0
0	0
0	0
0	0
0	0
0	0
0	0
0	0
0	0
38	6668
8	6694
5	6475
3	435
4	225
11	48
1	6663
0	0
835	2628
6	876
10	2433
0	2552
10	381
270	5
1	20
0	0
0	299
0	293
1	28
35	241
0	1
19	116
0	101
15	3
42	64
0	56
104	612
75	612
1	1
0	1
0	1
0	0
0	0
0	0
0	0
371	0
1	0
0	0
10	3662
0	4007
0	1878
1	1379
0	0
0	0
0	0
0	0
0	0
4	0
0	0
0	0
0	0
0	0
0	0
0	0
0	0
0	0
0	0
0	0
0	0
2	400
4	399
8	20
7	659
0	227
1	518
14	842
2	1167
0	490
50	383
4	386
61	60
1	101
3	153
14	1169
3	197
0	143
7	36
0	207
14	499
0	0
0	0
0	0
0	0
0	0
0	0
0	349
3	310
0	316
15	30
0	38
0	12
2	191
2	176
2	46
2	217
91	53
0	4
0	14
0	52
0	581
0	580
0	682
0	681
6	51
0	235
13	97
0	0
0	0
0	0
0	0
0	0
0	0
0	0
0	0
17	160
7	67
0	53
0	56
0	21
0	99
0	23
0	65
2	0
1	53
441	1048
0	1048
5	703
5	786
0	790
1	134
0	715
0	44
0	22
0	0
0	0
0	0
0	0
21	2119
1	2053
2	428
10	116
40	882
0	64
15	389
4	660
10	8
0	0
0	0
0	0
0	0
0	0
0	0
0	0
0	0
0	1
0	1
0	1
0	1
0	0
0	0
0	0
0	0
0	0
0	0
0	0
0	0
0	1
0	0
749	63
33	16
0	37
0	0
0	0
0	0
0	0
0	0
22	956
0	956
0	112
0	94
3	104
0	30
0	21
0	12
0	17
0	12
3	4
341	316
1	291
13	160
0	52
0	54
0	41
1	0
0	0
0	0
0	0
0	0
0	0
0	0
0	0
0	0
0	0
0	0
0	0
18	136
4	1858
3	296
0	158
0	1843
0	284
32	72
39	988
31	851
0	131
2	223
0	109
3	33
5	100
97	3198
70	3194
1	149
104	2555
0	2380
10	1889
2	18
1	247
5	214
3	371
16	534
4	264
7	34
3	9
154	21
2	2623
58	36
2	2216
14	366
0	1261
0	743
7	160
0	0
680	249
0	217
0	32
0	1276
9	495
29	536
0	1272
31	1267
0	0
27	888
0	515
3	26
2	597
6	396
0	493
0	320
0	0
0	988
0	877
28	915
1	878
0	251
8	100
0	53
17	125
21	72
17	107
0	62
1	45
0	42
1	5
0	6
1	830
0	863
5	19
10	0
0	43
28	9
0	0
0	2054
0	36
85	2046
17	5
0	145
4	89
0	269
60	1477
27	136
0	1
0	1
0	1
0	1
0	0
1	1313
1	1300
0	891
0	89
2	776
3	714
0	4
2	4
0	0
0	0
0	2680
5	1390
0	1100
7	2602
0	296
0	475
2196	0
56	2119
0	613
0	1490
5	412
2	116
0	138
0	487
0	99
1	226
0	78
0	145
2	192
9	1393
0	407
1	58
39	768
2	116
0	0
0	0
0	0
0	0
0	4
0	0
0	0
0	0
0	1
0	0
0	1
0	3
0	0
0	0
9	866
0	912
3	79
0	367
7	27
4	71
4	148
22	48
20	35
36	94
0	45
19	1261
32	342
0	128
0	1082
0	446
15	101
5	336
0	93
0	0
0	0
0	0
75	0
0	447
1	124
88	452
8	7
0	91
2	73
0	0
0	0
0	0
0	0
0	0
0	0
0	0
0	0
0	1808
0	1808
8	655
2	98
19	213
38	49
1	115
17	181
3	52
1	1
1	28
34	5
0	25
0	0
428	430
4	431
24	342
3	191
1	125
0	0
1	0
0	0
0	0
0	0
0	0
7	1106
22	1193
0	1222
2	111
1	323
0	0
1153	189
8	182
84	9
0	0
0	0
0	0
609	28
4	28
0	1689
0	1692
1	226
61	177
275	770
0	145
0	134
0	77
0	153
0	728
0	156
0	79
2	198
0	0
0	0
3	14
32	13
18	14
55	114
0	114
0	0
0	9
0	6
0	31
0	9
1	27
1	0
0	0
2	188
17	36
0	147
1	188
0	0
0	0
0	0
25	29
0	186
0	88
0	5
0	106
0	55
1	45
0	184
1	180
0	880
1	490
53	875
1	219
2	340
1	84
0	0
0	0
0	0
0	0
0	0
0	0
0	0
0	0
0	0
0	0
34	251
44	199
3	241
29	2
9	2
0	2
0	0
966	87
17	87
27	27
0	22
0	6
0	0
17	2296
0	2380
1	265
4	127
7	1374
0	57
1	261
2	158
2	1
0	0
0	1
0	0
0	0
0	283
0	1903
108	3
0	124
0	53
0	124
3	56
4	1565
0	34
0	1892
0	0
43	0
6	2230
3629	3471
44	2279
0	399
0	526
0	449
0	0
0	0
549	12599
180	1612
1	1138
0	10941
17	4584
12	1
2	30
0	25
0	5
1	42
0	95
0	46
0	95
0	0
0	0
0	0
0	0
0	0
0	0
0	0
0	12
46	400
6	303
0	53
0	0
5	212
0	39
0	4476
7	4420
5	3119
0	4450
0	0
6	179
0	67
0	1
0	179
0	0
503	0
15	136
1	98
2	68
2	30
0	29
0	27
0	0
0	0
0	0
0	0
0	0
0	0
0	0
0	0
0	0
0	0
0	0
0	0
0	0
0	0
191	35
0	30
0	2
2	2
16	282
0	99
0	272
4	0
3	0
0	254
40	0
1	100
2	51
6	123
19	5
0	113
1359	0
0	0
0	0
255	249
1	73
14	0
17	176
15	84
0	1492
9	2201
0	1756
79	0
11	242
26	0
0	0
9	1604
6	450
8	1449
0	921
1	81
0	41
352	3748
1	2013
44	835
1	2790
264	581
0	423
0	54
0	208
18	1399
0	239
2	39
6	59
1	9
0	233
12	861
9	1087
21	1136
12	1066
0	254
33	464
0	528
1	1778
26	40
0	389
0	375
0	1804
0	1799
12	1
0	1
16	83
0	34
0	27
0	8
0	32
4	26
6	41
1	17
0	11
0	11
0	0
5	914
4	1350
5	1503
16	1503
0	1507
0	769
35	504
0	1145
0	0
0	0
0	0
0	0
15	547
5	547
10	392
42	9197
7	9229
75	1427
0	0
0	0
0	3
0	3
0	3
0	3
0	3
0	2
0	2
0	0
0	0
1	0
0	0
0	0
898	164
0	44
1	102
6	0
0	6
1	0
8	10
31	0
19	0
21	6
0	0
0	0
0	0
0	0
1	1315
29	1403
0	1388
87	1503
0	2133
0	2474
0	2306
0	2244
0	2374
14	2475
0	2114
0	1365
246	544
1	1145
5	167
0	265
0	2465
0	2489
0	2497
77	55
1	48
10	38
0	11
0	0
426	671
0	158
0	53
0	671
0	0
0	5
0	1
0	0
0	5
11	1216
0	1296
0	308
9	342
0	1264
0	450
0	1252
0	12
6	130
0	1265
0	4
0	4
0	4
0	4
0	4
0	0
0	4
0	6
0	6
0	4
0	4
0	3
1	0
0	0
1	15
0	1
0	15
0	15
0	14
0	14
0	14
0	3
0	0
0	0
0	0
0	0
0	0
0	0
0	0
0	0
0	0
0	0
0	0
0	0
0	0
1	0
0	0
0	0
0	0
0	0
0	0
0	0
0	0
0	0
0	0
0	0
0	0
0	0
0	0
23	1250
3	511
1	1178
1	39
29	6
7	2
2	18
0	291
10	57
4	28
0	1
0	1
0	1
0	1
0	0
0	0
8	0
0	99
2	4
11	45
0	53
0	13
5	20
3	4
0	0
0	0
0	0
30	2
0	2
0	5180
0	5071
0	5155
0	5046
0	4821
0	4905
0	4930
0	4796
0	4760
33	418
45	98
0	5193
46	361
11	362
0	124
4	17
0	1
41	134
1	0
0	0
0	0
0	0
0	0
0	0
0	0
0	106
41	203
8	183
0	548
0	478
0	510
31	144
0	508
0	50
28	78
2	91
5	515
0	460
4	5
1	108
0	268
0	98
2	123
0	39
0	40
6	341
0	343
1	272
10	0
0	40
1	3
0	2
0	3
0	1
0	1
0	1
5	0
1	0
0	0
0	0
0	0
10592	0
0	0
0	14
0	14
0	14
0	12
0	14
0	13
0	9
0	13
0	5
0	13
793	227
8	227
5	211
2	208
0	493
12	10
0	223
0	79
0	88
0	68
0	0
3	47
556	493
78	10015
1	4328
0	8072
0	1185
1	7718
0	7700
70	995
0	2615
25	2899
0	14
0	5
0	6
0	0
0	7
0	0
0	6
0	14
0	0
0	0
1	0
0	0
179	135
1	135
0	22
11	11
35	23
0	0
0	0
40	2004
7	30
1	68
41	270
0	232
0	82
409	39
0	39
0	0
0	0
0	0
0	0
3	11
0	9
0	3
0	2
2529	317
2	228
31	20
1	69
0	1
0	1
0	1
0	1
0	1
0	1
0	0
0	0
0	22
0	14
0	2
0	0
0	22
0	0
0	0
0	4
2	24
5	399
0	405
0	380
0	244
0	62
0	3
0	10
0	0
0	0
0	0
0	0
1	0
0	0
0	0
0	0
0	0
0	0
0	0
0	0
1	916
3	798
2	933
0	111
41	885
2569	3317
0	762
7	3262
412	552
0	310
132	223
130	48
0	0
0	0
0	0
0	0
0	0
0	0
611	0
4	8498
0	8537
7	134
3	300
2	84
5	599
0	2330
3	2050
10	632
80	1459
5	1054
5	466
4	350
0	117
0	0
0	0
0	0
0	0
0	0
0	0
9	186
37	186
0	336
67	336
0	119
1	125
6	65
0	30
0	54
269	4214
10	4212
0	0
0	0
0	0
0	0
0	0
0	8
0	5
0	8
0	8
0	7
0	0
0	4
0	3
0	3
1	2
0	4
0	2
0	1
0	1
4	4
0	1052
0	444
0	301
0	1052
0	977
0	0
0	0
0	0
0	0
0	0
0	0
0	0
0	0
0	0
0	0
0	0
0	0
0	0
3	4
57	289
0	474
12	617
16	264
12	287
5	270
1	560
0	395
0	631
3	64
0	64
2	17
0	1
0	7
0	8
0	3
4	142
0	83
0	60
0	6
0	6
0	132
0	136
0	0
1268	739
0	136
0	364
1	324
5	100
1	97
2	60
33	496
30	462
0	705
0	731
9	293
1	169
2	220
1	155
0	0
0	0
0	0
0	0
0	0
0	0
1	4685
240	900
85	14
0	900
0	0
0	0
0	0
0	0
1113	741
2	689
7	294
35	19
3	17
1	16
3	2
350	470
25	4
0	703
0	468
0	469
13	454
0	411
2	465
46	248
0	687
0	0
0	0
0	0
0	0
0	0
0	0
0	0
2	0
0	0
0	395
0	383
22	48
0	45
0	42
3	324
7	175
0	6
0	20
7	365
25	3
0	3
106	274
0	248
0	158
3	147
0	29
4	0
0	0
0	0
0	0
0	0
0	0
0	0
0	0
0	0
0	0
0	0
0	0
0	0
0	0
0	0
1	0
0	0
130	61
1	61
0	704
0	734
0	714
0	593
0	130
0	654
0	42
0	28
4	12
9	28
6	32
2	32
0	737
1	0
6	4748
42	4712
0	4649
5	4628
25	2916
13	19
82	1011
1	607
0	561
19	497
0	710
0	93
30	105
0	26
0	22
3	19
1	22
88	22
38	321
1	308
1	3164
0	3166
0	2245
1	2629
0	3239
25	435
13	176
2	284
0	82
38	287
32	0
11	7
3	106
1	181
7	81
0	284
1083	0
0	0
51	3116
13	28
0	414
0	2845
56	1021
3	1839
13	1803
0	1378
0	1245
4	96
3	1848
18	0
1	0
0	0
0	0
0	393
0	11
0	311
0	373
0	42
0	218
0	63
2	10
7	75
2	13
1117	45
0	45
0	0
0	0
0	0
0	4
0	4
0	4
0	4
0	4
1	35
103	160
0	18
0	37
3	119
3	39
1	159
11	326
9	345
0	98
0	38
3	126
2	30
0	39
0	20
0	0
0	32
7	31
0	4
0	38
7145	938
0	0
0	0
0	0
505	1489
0	0
0	0
0	0
0	0
0	0
0	0
0	0
0	0
0	0
0	0
2059	94
0	68
0	19
17	7
0	0
0	0
0	0
1	0
0	0
0	0
348	571
13	540
16	6
256	104
2	8
0	104
0	0
8737	1597
3	1597
12	0
0	0
0	0
0	0
0	0
0	0
0	0
0	0
0	0
48	990
73	960
0	1049
4	408
0	28
0	17
0	11
0	12
1	11
0	8
3	11
0	1
0	2
0	0
2	0
0	0
0	27
0	28
0	27
0	10
12	246
1	248
3	60
0	5
10	12
0	12
11	12
0	4
11	6
0	0
2	0
0	0
0	0
0	0
0	0
380	1220
3	1148
0	385
2	1220
0	0
0	0
0	0
1733	548
0	402
0	128
0	146
0	0
351	195
0	195
0	31
0	0
0	0
0	150
0	0
0	0
0	15
0	15
0	150
0	162
0	15
1	46
0	69
2	36
0	150
0	150
0	0
0	0
1598	4199
0	0
0	0
0	0
0	0
0	0
0	0
0	0
10	1
0	0
0	0
0	0
482	3739
0	3
0	3
0	1
0	1
0	0
0	127
0	127
0	89
0	50
0	94
12	92
0	25
10	36
0	7
0	22
0	3
0	18
0	15
3407	942
6	942
0	0
0	0
0	0
0	0
0	0
451	2278
24	4
0	0
0	4
0	0
0	0
115	1161
7	266
3	400
0	387
11	161
0	27
2	415
2	60
6	67
0	0
60	1264
0	665
2	450
0	884
0	878
1	372
0	502
4	264
5	265
3	281
10	49
0	5
0	5
0	5
0	5
0	2
0	5
0	1
0	0
0	1
0	1
0	2
0	2
0	1
0	0
0	2
0	0
300	1420
0	39
7	1381
0	118
0	124
0	123
1	24
5	14
0	4
0	2
1	0
0	0
0	0
0	0
8	0
4	7
0	6
0	5
0	6
0	6
0	6
0	1
0	706
0	674
36	253
2	69
0	91
0	86
5	73
19	813
24	842
19	529
4	195
10	249
0	273
9	37
0	504
0	18
0	0
0	18
0	0
0	0
0	18
0	18
0	18
611	5238
32	5407
229	4731
0	0
0	0
150	61
0	51
0	10
40	955
16	955
12	3405
255	3522
9	858
1	173
17	382
0	807
24	120
1	3
0	0
1	6
0	0
0	0
0	0
0	0
0	6
228	0
2033	691
1	222
16	86
6	383
0	1
0	4
0	0
0	0
0	1
0	4
0	4
0	4
1	0
0	0
127	0
53	393
0	393
0	50
0	0
0	0
0	0
0	1
0	1
0	0
0	1
0	0
0	1
0	0
0	0
0	0
0	0
0	0
547	0
78	12189
0	2346
0	342
0	336
0	1283
0	10386
0	12054
15	120
22	161
90	1798
47	3357
0	10294
20	213
11	145
660	2944
0	4091
7	204
0	492
0	410
0	12205
895	100
14	100
13	30
0	0
0	0
0	0
0	0
0	0
0	0
0	0
0	0
0	0
0	0
0	0
0	0
35	961
0	696
3	695
0	964
0	0
0	0
15	0
0	0
0	55
5	55
0	57
0	16
0	1
0	0
0	0
0	1
0	1
0	0
0	96
0	94
6	63
43	43
31	9
22	33
0	16
8	10
0	0
0	0
0	0
0	0
0	0
0	0
0	0
0	0
82	245
8	193
284	298
0	160
0	0
0	0
2	33
0	3
0	0
5	30
3	10
0	0
0	0
0	0
0	0
0	0
3	11
1	11
0	2
0	2
124	239
1	239
1	6
0	4
0	0
0	0
0	0
2	112
0	112
0	112
2	35
0	104
1	20
0	0
0	0
0	0
715	3395
0	0
0	0
0	0
0	0
0	0
0	0
0	0
0	0
0	0
0	0
0	607
17	572
0	610
6	528
0	77
2	134
0	173
0	109
0	59
0	198
3	209
0	100
14	141
0	0
0	0
0	43
0	38
0	38
10	757
0	25
1	82
0	757
0	0
0	0
0	0
0	0
0	0
0	0
0	0
0	0
21	166
4	117
0	82
0	41
66	279
0	137
1	225
0	127
0	157
0	134
0	28
1261	105
86	105
0	0
0	0
1	0
0	0
0	0
212	202
17	202
0	0
0	0
395	253
5	253
12	102
3	94
4	37
0	0
0	0
0	0
0	0
0	0
3	260
3	183
0	1
0	0
8	160
0	71
0	5
1	4
0	5
0	1
0	5
0	0
0	260
0	5
0	5
51	48
1	27
1	5
3	7
4	45
0	35
0	7
20	0
17	209
0	209
0	125
0	7
219	2244
11	238
0	1784
0	96
4	216
17	1089
13	992
44	155
4	981
197	804
38	38
317	0
19	260
0	248
0	218
0	273
0	187
0	95
0	92
0	81
5	98
0	9
0	0
0	0
1	0
0	584
1	543
0	319
0	349
1	130
8	168
5	97
4	43
0	540
0	0
0	0
2	0
0	0
0	0
0	0
0	0
0	0
0	0
0	0
853	205
0	168
10	157
3	98
0	47
0	0
0	0
10	227
0	44
0	71
0	87
0	42
0	29
0	212
5	0
218	0
0	104
10	180
4	43
0	175
0	0
5	280
1093	1208
0	913
17	112
0	0
0	0
0	0
0	0
2	93
0	93
15	93
7	93
27	77
0	18
1	9
0	86
0	0
0	0
0	0
1416	4203
0	0
0	0
0	0
82	0
15	1617
0	1644
0	492
0	408
0	396
0	81
1	1637
0	0
116	0
1407	2
9	2
0	0
691	212
8	136
19	121
6	98
11	518
6	518
14	415
1411	3278
25	3278
0	34
0	34
0	34
0	12
0	12
0	12
0	12
4	1
0	0
228	53
2	53
23	9
0	339
2	361
483	366
3	106
0	0
0	0
0	0
0	0
26	8059
1	878
90	2890
559	8050
5	0
1	0
0	70
0	70
0	25
0	25
0	24
0	11
0	22
0	16
4	14
0	0
0	72
0	49
685	287
3	26
1	60
1	100
0	0
0	0
39	2313
1	1318
0	117
0	271
38	296
8	2313
0	0
0	0
5	161
0	180
0	186
0	194
0	190
60	389
0	375
122	0
2	0
0	0
172	147
2	417
0	1
0	1
9	0
66	765
4	89
0	764
25	20
1933	1528
0	157
0	1402
22	140
80	53
0	0
732	0
0	0
0	3
0	3
0	3
1832	21
5	21
0	0
0	0
0	0
0	0
0	865
1	782
0	844
75	447
0	179
0	141
0	37
0	299
0	199
0	42
0	22
2	18
423	651
0	651
0	500
0	190
0	163
0	217
8	2
0	1348
0	1288
0	1893
0	2252
3	1845
0	193
0	410
0	2166
0	1550
1	348
0	490
0	2242
0	1287
0	6
0	1339
0	1815
4	1287
3	11
0	235
0	416
7	199
91	253
34	69
1	11
25	103
215	239
0	239
1	63
4	11
7	1334
1	437
154	1771
0	1895
1	1434
0	351
0	0
0	0
0	0
0	0
0	0
0	0
158	1070
1	859
7	227
5	14
0	14
0	0
0	1
0	0
0	1
0	1
0	0
689	3671
0	0
0	0
451	0
0	0
435	4141
6	736
73	3747
54	231
0	183
0	1372
2	490
469	1349
0	0
0	0
32	337
3	337
0	132
0	103
1	133
2	132
25	8
0	133
0	0
2654	0
69	625
1532	1891
0	383
15	434
2	496
0	1669
1	913
1	1030
0	917
1	1243
0	1224
8	135
0	962
18	874
9	73
20	180
9	84
5	3020
0	2076
0	2928
0	2708
10	2634
36	1123
2	2587
2	2631
0	1982
0	1246
1	1241
0	1842
0	1944
1	950
0	307
0	0
0	0
0	0
232	1065
1	862
0	862
0	780
0	785
0	641
2	826
0	510
33	392
2	251
33	160
0	153
2527	1142
1	1018
0	0
0	0
0	0
70	149
3	628
0	4936
48	477
0	168
1	195
3	4691
41	1389
0	1439
1	4455
0	593
0	3455
6	107
0	2689
14	2
0	656
27	942
0	2
0	2
10	39
0	39
0	7
0	72
0	60
1	72
32	1876
16	235
0	1883
0	81
1	23
3	153
0	843
11	41
0	261
0	182
92	44
0	0
0	25
0	4
0	43
0	17
0	9
0	15
0	11
0	14
0	0
0	0
0	0
0	0
0	0
0	0
0	0
0	0
1096	272
5	272
0	0
0	0
0	0
0	0
0	0
35	1077
2	148
17	205
109	429
31	870
0	848
5	740
56	165
0	287
0	216
94	663
7	108
18	99
0	0
0	0
0	0
0	0
0	0
0	0
0	0
0	0
0	0
0	0
0	0
0	0
10	336
16	339
0	341
0	14
0	0
0	0
0	163
90	177
73	192
117	56
0	29
0	27
0	108
3	51
0	0
0	0
0	0
0	0
0	221
14	221
0	221
2	120
3	127
0	54
53	14
4	25
0	0
4	550
0	497
8	550
1563	0
181	1515
22	1515
0	292
1	103
498	1288
0	682
2	1205
4	328
28	34
0	33
0	8
0	5
0	0
13	3
0	0
0	0
0	0
0	29
0	2695
15	149
30	958
1	220
5	168
10	2670
10	276
3	81
0	58
3	69
26	431
1	90
12	0
0	0
0	2
0	2
0	1349
0	15
0	41
0	1357
0	0
0	0
0	0
0	0
0	0
0	0
0	0
0	0
6	0
2	99
0	81
9	74
0	0
434	228
0	228
145	101
2	101
0	0
324	2581
26	2581
9	490
2	541
5	60
0	50
0	0
0	0
0	73
48	353
0	3658
3	1658
1	1320
3	79
0	3383
13	817
2	2766
0	3300
0	3296
0	3199
0	0
53	1399
0	796
1	987
0	1407
2	837
0	804
0	1407
0	987
44	10
43	335
4	324
0	0
0	0
0	0
0	0
0	0
0	0
0	0
0	0
0	0
0	0
0	0
0	0
206	54
0	54
0	575
1	575
706	575
0	0
0	0
0	0
0	920
24	920
3	0
0	0
1	0
0	0
0	0
0	0
0	0
0	0
0	0
0	0
0	0
0	0
0	0
0	0
0	0
0	0
0	0
0	0
0	0
2	2446
14	2266
42	2541
14	1765
4	2645
0	2727
0	2095
68	514
0	0
0	0
0	0
0	0
0	0
0	0
0	0
0	0
3	3282
924	3322
3	2020
0	583
42	504
1	3256
0	1521
4	327
0	432
0	0
0	0
0	0
43	911
1	911
1	104
0	123
0	86
2	7
8	105
3	14
1	239
5	51
0	99
1	202
0	0
66	37
15	37
50	317
0	9
7	308
0	0
0	5
1	39
173	434
1	395
146	132
0	133
0	142
11	32
1	5
0	225
0	885
11	885
0	0
0	0
0	0
19	18
0	18
0	0
0	1
0	16
0	16
0	13
0	1
8	0
0	0
43	0
1645	1878
3	1786
6	1705
0	125
57	88
68	16
589	78
78	204
1	204
0	5
0	5
0	1
0	5
0	0
0	0
0	0
0	0
0	5
0	5
0	1
0	4
0	4
62	91
2	90
28	1
0	0
52	1469
210	1535
0	21
0	256
0	472
4	467
0	218
0	250
0	225
0	197
0	0
0	0
265	23876
17	22728
50	3744
61	23681
81	4511
0	3465
25	4154
0	4192
61	3509
0	0
0	0
9	0
0	0
0	0
371	0
49	979
77	992
7	209
0	0
0	0
0	97
300	150
6	2
0	31
1	41
0	16
1	28
0	47
0	0
0	0
0	0
0	0
0	0
24	4
0	6
4	2
0	1
0	0
0	0
0	0
0	0
390	348
0	117
1	231
4	3873
0	713
17	3805
1	428
4	267
0	3819
1	0
0	0
1	60
0	12
383	109
0	12
0	49
0	12
3	4
0	14
3	25
0	24
0	0
0	0
0	331
160	335
0	77
0	4
3	3
0	0
0	0
0	0
0	0
1	4
0	0
0	0
0	4
0	4
0	2
0	0
0	0
0	0
0	0
0	0
0	3
1	3
0	0
0	0
0	0
0	0
0	0
0	0
0	0
0	0
3	9
0	7
1	9
2	6
0	7
0	5
0	6
0	497
0	506
23	365
0	48
52	241
0	202
2	224
0	92
0	14
0	23
1	64
0	50
14	61
0	19
0	0
0	0
107	1005
0	520
2	920
14	546
16	100
3	118
2	116
0	108
0	67
0	79
1	23
0	36
0	24
0	18
0	36
0	12
0	20
0	4
0	2
4	205
0	413
2	405
0	407
4	18
26	121
0	0
0	22
1	22
0	1
0	7
0	10
0	7
0	240
1	215
0	159
30	0
1	56
6	147
0	110
7	0
0	0
0	0
0	25
7	28
0	17
0	17
0	0
0	221
12	49
0	204
0	23
1	101
0	62
2	46
0	59
8	4
6	0
0	74
0	0
9	0
0	0
0	0
0	0
0	0
0	0
0	0
1	466
30	466
0	46
0	49
0	11
1	29
0	44
0	44
1	21
0	17
0	20
32	4
0	0
0	0
0	0
8	0
0	66
0	63
0	63
0	35
0	48
0	37
0	14
0	2
0	10
0	0
439	4810
29	4591
29	3710
2	3048
5	1353
0	2405
0	1596
25	1400
0	1136
24	263
0	0
0	0
0	0
0	0
0	5
0	5
0	62
0	62
0	40
0	0
0	0
0	5
0	5
0	5
0	0
0	0
0	0
0	0
96	0
10	108
403	148
60	82
2	82
1	65
0	16
0	0
1298	1924
128	1043
62	1307
17	1692
63	1444
3	611
16	441
0	100
0	334
6	39
0	0
7	4
3	4
2	3
0	3
301	343
0	194
0	13
10	200
8	280
99	11
0	0
0	0
7	56
0	56
0	44
2	10
99	1059
62	236
0	284
1	322
0	130
0	394
0	403
0	1
0	1
0	0
0	0
0	0
0	38
0	10
0	8
0	2
0	0
0	37
0	9
0	27
9	9
0	19
0	25
0	6
4	2
0	1
0	2
0	5
0	5
1	9
1	31
39	173
1	75
0	1
0	2
6	95
0	28
2	29
0	1337
0	1443
0	1430
12	1799
0	1810
0	1736
0	785
1	1
2	310
11	1182
3	132
0	560
0	424
2	281
4	331
0	320
0	274
0	210
1	182
25	20
0	0
0	40
0	34
0	40
0	3
0	3
0	2
1	1024
0	87
0	290
0	118
0	1024
0	32
0	49
0	14
0	44
1	46
0	6
0	40
0	0
0	0
0	8
0	0
0	0
0	72
0	72
0	0
0	0
0	0
0	0
0	0
0	0
0	0
3	0
0	125
0	13
0	104
0	96
0	58
0	53
0	57
0	54
0	44
0	54
0	59
0	59
0	58
0	8
0	27
0	13
0	11
0	2
0	2
0	6
0	5
0	0
0	1
0	1
0	3
0	3
0	2
1	0
0	0
2	0
0	125
0	0
0	56
19	103
7	95
0	23
0	13
1	16
0	5
0	0
0	0
0	0
0	0
0	0
0	5
17	6753
0	6318
1	809
2	1055
0	1075
3	297
11	253
6	387
0	253
5	143
285	509
0	205
2	77
13	75
0	121
0	180
6	71
0	267
0	230
0	149
0	122
3	100
0	0
0	0
2	1
1	9
0	9
0	9
0	9
2	2
0	2
3	235
0	136
5	79
1	33
0	67
5	53
9	52
0	5
0	13
0	13
0	6
0	235
0	0
0	0
0	0
0	0
0	0
0	0
2	0
0	0
0	0
0	0
0	0
0	0
98	129
0	129
0	9
1	0
0	0
0	0
0	0
0	0
0	0
0	0
0	0
0	783
290	788
0	253
0	440
0	207
4	73
29	280
0	560
15	44
0	9
10	8
0	151
0	145
7	68
1	46
0	61
0	92
1	88
0	54
0	560
0	9
0	2
0	0
0	0
0	0
0	9
0	0
0	0
0	0
0	0
0	0
7	0
0	109
0	0
0	89
0	17
0	109
0	89
0	108
0	195
0	190
0	180
0	147
0	189
0	176
3	63
4	17
0	12
33	0
87	228
76	207
0	44
0	1036
0	1109
5	1095
0	992
0	1059
1	111
0	1051
0	916
0	100
68	45
51	0
62	870
15	28
12	28
5	16
0	339
0	287
3	331
0	278
0	329
0	301
0	20
0	339
7	123
1	195
8	13
0	14
0	73
10	10
2	127
0	117
73	623
0	614
0	479
0	13
0	489
4	187
20	59
0	61
8	216
13	150
0	16
0	0
0	0
1	0
0	5
0	5
0	5
0	5
0	5
0	0
0	1
0	0
0	4
0	4
0	0
0	0
1	793
4	13
0	762
0	102
0	74
4	86
1	71
5	279
8	62
0	197
2	1480
0	1564
42	1056
5	90
6	20
0	0
0	0
2336	2877
0	398
2	2465
7	58
10	3
8	1
3	0
0	0
0	3
1	1487
917	1487
0	265
0	390
0	16
4	217
0	12
0	16
0	23
0	32
0	12
0	398
0	274
358	117
0	117
3	100
0	48
267	464
0	464
2	2368
0	2372
4	1973
0	1846
0	341
0	5
1	431
10	434
0	426
3	428
0	65
0	124
14	431
0	0
1	2
0	2
0	1
0	1
0	1
0	0
0	0
0	0
0	0
0	0
71	370
0	282
2	88
0	0
0	0
0	0
0	0
1	0
0	0
0	0
1	221
18	236
0	46
1	14
1087	465
15	465
143	274
5	89
2	89
3	34
1	18
60	358
0	411
0	376
0	68
1	121
2	45
1	335
46	38
0	335
97	262
10	262
0	47
3	48
0	103
0	2074
0	2593
39	26
0	25
4	22
0	14
0	14
0	9
0	4
1	6
5	6
0	0
0	0
0	1
0	21
1	0
0	22
0	22
2	21
0	25
0	22
0	19
0	7
0	11
0	6
0	24
19	7202
41	2513
0	7213
326	1128
7	1128
0	6
0	0
0	0
0	5
0	0
0	6
0	3
0	3
0	2
5	998
13	476
17	1000
1	334
0	35
42	11
18	19
0	26
1	8
4	0
0	252
0	282
0	39
0	80
2	41
0	49
5	31
0	118
0	108
0	38
0	31
5	21
0	141
3	9
0	50
0	282
48	1074
0	1123
10	145
3	430
20	374
20	382
7	61
34	290
0	165
17	50
3	524
37	524
0	71
8	44
0	49
3	0
3059	0
2	8
0	8
0	1
0	8
0	13
0	13
1	5
0	2
0	30
1	176
0	848
0	616
0	585
2	721
0	0
0	0
0	0
0	0
0	0
0	0
1	0
0	781
0	791
2	28
9	230
2	10
1492	124
0	124
0	0
0	0
0	0
0	0
0	0
0	0
0	0
0	0
0	0
0	203
0	361
1	127
0	520
4	166
9	77
17	143
0	0
0	0
0	0
1	0
0	0
1305	1493
60	1493
3	21
6	39
4	53
0	32
1	32
0	8
0	38
0	14
0	11
0	31
10	34
0	5
6	2
0	30
1	10
0	13
1	10
0	12
0	10
0	0
0	0
0	0
0	43
0	43
1724	8135
5	8137
2	8074
5	8132
17	248
6	197
20	15
0	0
0	0
0	0
0	0
0	0
0	0
0	0
0	0
0	0
0	0
1	24
0	24
0	1
0	2
0	0
0	0
254	516
5	482
0	102
374	4502
0	1433
1	4498
45	1502
0	869
61	408
20	2248
0	0
0	0
0	0
0	191
2	194
0	12
0	165
0	124
5	31
0	43
4	6
0	81
0	74
3	202
0	84
0	9
1	202
4	1158
588	1211
1	373
9	157
0	0
32	283
0	410
20	410
0	29
32	116
0	34
0	60
0	0
0	0
0	0
0	0
0	0
0	0
0	0
0	0
0	0
0	0
770	0
0	422
0	810
0	821
2	494
0	619
101	1095
0	1130
0	626
16	750
0	784
0	89
0	203
24	272
88	37
8	778
40	1746
17	1
1	751
0	968
0	0
0	0
0	0
0	0
0	0
4	1
0	1
0	15
0	13
0	13
1	15
2	15
0	1
0	3
5	255
0	6
0	253
0	253
0	17
3	255
1	11
0	31
0	15
9	31
0	3
181	354
28	180
16	354
0	76
0	63
0	78
0	84
0	33
0	22
0	12
11	468
0	440
6	0
0	3
8	188
1	486
0	466
0	0
0	0
0	0
0	0
0	0
0	0
0	205
2	172
0	0
0	0
0	0
45	230
4	149
1	229
1	162
19	152
0	189
0	192
1	19
1	3
0	6
2	3
4	0
5	192
0	6
4	0
3	29
0	27
1	27
0	18
0	27
0	10
2	14
0	13
0	7
535	1068
107	371
17	1068
0	0
0	0
0	0
0	0
0	0
0	0
553	867
0	867
0	599
5	321
0	0
0	0
0	0
0	0
0	0
0	0
0	0
0	0
0	0
547	831
1	76
0	183
45	618
2	518
119	0
0	518
0	3
0	4
0	4
0	4
0	4
0	0
0	0
0	0
0	4
0	0
0	1
0	0
0	4
78	248
1	247
0	0
0	0
5	146
3	146
255	69
3	69
6	63
7	5
0	5
0	5
0	19
0	19
0	5
16	21
0	15
0	12
2	12
0	9
0	89
0	89
0	83
6	2
0	6
1	6
0	2
0	6
0	5
0	75
0	77
3	2
5	54
0	89
0	89
0	4
0	4
0	0
0	0
0	0
0	0
0	0
12	2733
120	240
0	1161
0	9
0	2733
0	0
0	0
765	570
3	485
0	162
12	13
113	203
7	96
2	107
1	270
13	13
0	107
0	197
0	141
0	31
0	43
0	43
0	87
0	41
1	38
0	21
4	466
16	466
11	20
0	42
0	0
0	0
1233	1372
12	825
0	1169
4	637
4	7
7	0
1	0
18	43
22	40
2	199
0	16
0	16
1	0
308	220
2	220
0	5
0	1
0	1
0	1
0	5
0	0
1843	791
2	791
0	2
0	2
0	0
954	503
1	462
0	97
5	16
0	108
0	97
3	40
0	22
0	0
0	0
0	0
11	30
0	30
1	5
0	2
0	3
4	0
0	177
15	88
24	232
5	91
0	105
13	7
6	212
0	34
12	521
2	511
0	45
1	62
0	81
4	14
0	135
0	497
1	40
6	146
0	0
0	0
0	0
0	1
0	0
0	0
0	0
0	0
0	0
0	0
0	1
0	0
0	1
0	1
0	0
0	0
0	0
0	0
0	0
0	0
0	0
1	0
0	0
0	0
0	0
0	0
0	51
0	127
4	127
124	114
0	114
49	911
0	852
1	267
0	75
0	21
20	1179
0	1215
6	1106
0	469
4	40
0	554
0	179
1	604
0	148
0	595
0	205
0	393
0	160
0	438
3	299
1	657
0	249
0	226
0	212
0	72
0	56
0	72
2	70
0	5
0	0
0	0
0	0
273	0
0	0
0	0
0	0
0	0
2	701
1	2324
1	2403
1	1313
1	164
0	152
4	183
0	160
6	346
0	172
2	81
0	1161
8	33
0	78
2	131
0	218
5	110
37	123
0	28
0	1480
0	1340
30	103
6	272
0	1439
0	261
9	153
0	6
0	0
0	5
0	6
0	1
0	0
0	0
0	0
0	0
0	0
0	0
0	0
0	0
0	0
0	0
0	0
0	0
0	0
0	0
68	865
10	18
2	3
0	844
0	0
0	0
0	0
0	321
13	629
0	710
0	354
0	72
39	49
0	235
5	120
0	213
0	213
5	84
0	212
0	40
0	147
1	140
0	46
9	87
3	17
0	0
1309	340
62	244
0	0
0	0
0	0
0	0
0	0
0	0
0	0
29	446
1726	507
0	256
1	51
9	89
0	0
60	2810
1	2810
9	2804
3	639
11	247
0	0
0	0
0	0
0	0
0	0
2	5
1	0
0	5
0	0
0	0
128	82
2	11
2	11
0	77
0	873
144	425
9	700
0	41
11	98
0	58
161	271
12	274
0	163
0	65
5	163
0	113
1	60
0	0
0	0
0	0
0	0
0	0
0	0
0	0
0	0
0	0
0	0
0	0
0	0
0	0
0	0
0	0
0	0
2	0
0	0
2	0
0	0
0	0
0	0
65	2096
4	151
0	480
0	399
189	2718
1	2707
0	515
1	811
0	407
5	460
137	894
21	91
0	20
0	164
3	208
3	112
0	383
1	35
51	102
0	0
0	0
0	734
0	1244
0	1180
0	1307
1	1238
0	1118
0	1139
0	728
37	703
0	337
2	481
0	273
0	418
0	61
0	113
0	96
2	63
0	1210
0	1008
0	8
0	91
0	91
0	6
0	12
13	513
28	270
7	329
0	60
4	92
0	0
0	0
0	0
0	0
0	0
0	0
0	0
0	0
0	0
0	0
0	0
0	0
0	0
0	0
0	0
94	952
1	114
0	947
3	524
91	429
1	144
0	229
0	218
0	239
2	223
7	21
0	155
0	158
6	12
6	2
4	87
0	24
1	39
5	25
0	44
2	7
392	47
0	47
9	0
0	0
0	182
0	20
96	1779
3	508
2	1323
6	1142
0	0
16	226
11	0
2	104
1	1
46	17
0	3
1	14
0	2
0	1
1	8
0	2
0	7
0	8
0	0
0	5
0	7
0	3
15	836
4	438
5	805
1	128
0	233
0	329
5	35
31	0
1	121
212	475
0	538
0	334
0	377
0	152
0	233
0	122
22	46
20	170
0	76
12	65
0	1
1	0
0	1
0	0
0	0
0	0
0	0
0	0
0	0
0	0
0	0
0	0
0	780
0	567
0	629
0	770
0	827
0	428
0	140
0	265
2	260
0	261
6	328
0	208
1	272
0	246
0	10
0	145
0	232
60	114
0	159
25	1942
1	1500
0	1255
0	1250
0	1275
5	973
3	212
4	148
0	1298
0	1250
11	25
3	25
0	19
0	0
0	0
0	0
0	0
0	0
0	0
0	0
0	0
18	0
4	1050
2	826
0	752
0	363
0	226
0	207
8	237
307	128
4	93
15	1
205	57
0	40
1	35
0	17
0	0
0	0
9	1
0	1
13	0
20	584
0	687
121	477
0	236
0	187
0	356
2	305
0	123
3	175
526	163
0	163
0	755
0	757
0	503
0	501
60	174
2	374
18	264
0	128
0	147
2	91
0	85
2	51
13	121
2	96
0	0
1	2
0	2
45	268
0	235
0	171
13	2
0	40
491	204
1	30
0	87
2	108
0	67
0	67
0	62
0	11
0	14
0	16
0	40
0	15
0	8
0	27
0	27
0	25
0	3
2	2
0	19
0	4
0	0
0	28
46	102
0	43
40	58
0	85
340	655
0	389
0	389
1	92
0	655
1169	316
0	126
3	44
1	166
11	385
0	385
0	10
210	434
0	434
0	0
0	0
0	4017
4109	4024
201	146
0	146
0	130
0	1
0	1
0	1
0	1
0	0
0	1
0	0
0	0
0	0
1	18
0	598
1	620
0	615
64	171
2	323
0	380
224	93
1	64
0	29
4	65
2	659
0	690
1	626
0	503
24	100
0	67
0	45
0	24
0	54
0	0
0	4843
21	124
1	590
0	398
0	521
11	4733
0	10
0	19
0	19
0	19
0	19
0	19
0	2
0	2
0	8
0	4
42	1994
0	2227
13	2124
6	0
6	267
20	82
2	1055
5	1051
3	110
0	29
43	152
0	0
0	0
0	0
0	0
0	0
1	0
1782	1629
0	1616
3	169
2	334
1	176
0	44
350	448
0	448
0	77
1	411
0	13
37	415
3	1
28	140
0	49
0	23
0	32
0	46
0	100
109	100
0	61
41	12777
14	5791
14	6464
5	12759
1	5779
37	5010
13	565
0	321
0	186
0	318
1	242
0	233
0	4
0	1
14	14
43	46
32	56
0	41
0	26
0	175
23	1501
0	1498
1	1405
0	1410
6	1361
3	3
0	1498
0	1503
21	856
0	856
0	197
31	21
0	142
46	129
10	35
35	68
0	3661
2351	5825
24	520
6	3382
19	379
99	777
12	566
18	530
100	1202
0	612
0	0
0	0
0	0
0	1
0	1
0	0
0	1
0	0
0	0
16	141
0	152
19	26
0	192
0	32
7	0
1	0
0	0
0	0
0	0
0	0
0	285
0	106
0	17
0	274
0	58
3	0
0	65
7	281
0	42
0	39
1	37
0	18
0	8
0	9
0	1006
2	626
0	80
0	760
43	947
0	1
15	176
2	305
3	284
1	221
5	253
0	215
4	146
16	39
0	12
0	43
0	7
40	3
4	842
0	36
0	29
0	39
2	0
0	838
8	143
82	78
0	17
0	61
0	266
12	920
1067	920
0	695
0	54
375	2
30	2
3	68
0	33
0	30
0	64
2	52
0	39
0	43
0	7
0	7
0	7
0	1
0	1
0	3
0	1
0	0
0	1
0	1
0	0
0	0
0	0
8	102
3	102
7	188
0	192
1	35
6	77
0	6
0	6
0	0
0	0
0	0
0	0
0	0
4	15
0	15
0	21
3	1
0	4
9	4
2	0
0	1
0	0
0	0
0	21
0	21
0	0
0	0
0	0
0	0
0	0
367	374
32	102
16	245
13	313
0	45
2	3
0	2
9	2
0	0
0	45
0	0
0	2
0	2
0	2
0	0
0	0
0	0
0	0
12	1684
0	31
2	123
15	1619
0	1402
0	83
1	3
0	3
0	0
0	0
0	0
1	0
295	398
11	41
0	146
4	261
6	96
0	0
0	0
0	0
0	1415
1	129
6	1415
0	5
0	4
0	1
1289	577
0	577
0	3
0	3
0	3
0	3
0	0
0	0
0	0
0	0
735	28
59	28
0	0
0	0
0	0
0	0
0	0
15	0
0	0
0	0
9	0
16	169
0	169
0	0
0	0
0	7
0	8
0	1
0	8
0	102
711	577
23	5
4	59
1	62
0	575
0	137
28	1
0	0
0	0
0	0
45	15
4	15
0	2995
1	2956
67	3023
0	2020
0	2105
5	162
7	109
3	0
0	0
0	0
0	2
0	2
0	2
0	0
0	0
0	0
0	1
0	1
0	0
0	0
3436	0
2165	1020
7	857
24	67
1	200
2	163
24	0
0	68
0	228
0	125
0	64
0	2
0	116
0	72
0	237
0	227
0	0
0	0
188	0
1	0
0	0
0	0
84	203
5	282
8	439
0	461
0	465
10	466
31	233
11	28
0	58
6	137
1	50
1	39
5	1823
0	1895
2	395
0	182
4	301
11	26
2	141
12	78
2	779
80	97
10	0
0	0
1	0
0	805
0	798
0	794
0	798
0	768
0	597
0	479
8	166
0	332
0	363
2	307
0	235
0	270
0	269
1	302
0	239
0	269
0	167
0	163
0	193
0	167
0	44
0	91
0	76
0	769
0	0
0	0
0	0
1531	279
0	260
0	187
0	109
4	5
0	5
0	1
0	5
0	3
0	1608
0	1662
64	120
0	140
0	1572
0	1662
0	93
0	130
1	1538
71	1667
0	1626
3	41
5	324
0	223
0	456
5	595
20	0
9	0
0	0
0	0
0	3
0	3
0	2
0	3
0	0
0	0
0	0
20	15
0	2
0	14
0	5
0	0
0	0
0	0
0	0
0	0
0	0
6	824
101	1389
33	245
0	654
19	851
19	290
2	310
0	333
4	333
0	159
18	114
0	199
0	142
3	34
29	117
2	68
2	0
67	11
127	0
124	12
0	12
0	0
0	1
0	0
0	0
0	1
372	401
1	170
1	147
4	246
17	12
0	0
0	5
2813	750
7	510
12	40
2	200
16	59
1	59
1	37
1	14
0	4
0	5
0	0
0	114
0	151
3	147
0	34
0	106
11	21
1046	893
2	182
3	131
11	82
0	21
11	47
9	59
28	404
2	102
2	136
0	87
278	650
0	380
7	65
0	88
7	11
0	322
0	357
1	471
1	86
10	408
0	333
6	368
0	278
0	60
0	17
0	2
0	2
0	1
0	1
0	1
0	57
0	60
0	57
0	0
0	0
0	0
0	0
0	0
0	0
0	0
0	0
0	0
0	0
0	0
0	0
0	0
0	0
0	0
4	9
0	6
0	0
0	3
0	0
0	0
0	0
0	0
1176	110
1	23
0	87
0	0
0	0
0	4
0	82
0	68
0	0
4	58
50	15
0	55
0	0
0	56
0	15
0	18
0	71
0	102
751	719
0	479
13	173
0	0
0	0
0	0
68	146
0	131
0	23
20	137
0	202
0	0
0	0
1	0
28	361
0	359
0	1
0	0
0	0
0	0
0	0
0	0
0	0
0	1
0	0
0	0
0	0
1	177
1	156
3	25
16	116
72	28
0	28
0	919
49	919
1	0
0	0
0	0
0	213
7	105
2565	3425
91	207
23	3425
726	211
6	2
7	1
0	0
0	1
0	0
1	1
0	0
0	0
2	3386
2	1913
0	2389
9	176
0	302
33	233
3	2504
10	2463
0	0
1018	2042
5	1018
0	1286
2	1860
0	0
0	0
644	38
3	34
3113	282
4	282
0	0
0	0
80	1570
1	1570
21	2
716	135
0	135
0	0
142	41
0	4
0	37
133	511
74	348
15	308
2	275
1	136
0	0
0	0
0	0
18	305
0	291
12	17
2	112
1	107
0	137
0	129
9	35
0	49
0	8
1	24
1	49
0	49
0	49
1174	106
33	118
3	1
2	19
86	315
11	314
21	9
0	62
29	10
11	48
0	83
0	40
0	40
0	0
0	0
0	0
0	0
0	0
985	0
0	0
0	0
0	421
0	416
4	265
12	187
3	68
0	62
3	142
0	1
0	0
0	1
0	1
0	1526
2	554
0	609
0	296
0	346
3	303
1	61
1	77
12	43
0	3774
15	2403
0	2907
0	566
0	2501
45	1387
0	2215
0	742
7	3595
1	293
0	687
0	1116
21	2625
66	986
4	688
1	299
0	1319
1	788
23	4
38	337
0	0
0	0
701	0
67	312
0	50
0	45
1	73
9	31
9	72
42	156
0	0
1	86
0	77
2	86
0	23
0	53
0	0
1	0
0	0
0	6
0	6
0	2
0	2
0	2
0	0
0	0
0	0
0	0
0	0
0	0
0	0
0	0
0	16
1	12
34	15
0	0
0	0
0	0
0	258
0	150
42	83
2	144
2	85
2	182
0	110
6	174
0	0
0	0
0	0
0	0
58	0
0	41
0	42
0	50
0	51
0	38
0	39
0	14
0	4
0	7
0	1
0	1
1	0
0	1
0	4
8	13
1	1
0	9
0	13
0	2
20	51
2	51
0	40
0	1
0	1
0	0
0	1
0	1
101	667
350	962
18	409
0	555
0	435
0	131
10	77
20	2223
0	2235
1	237
0	72
8	0
0	1817
0	237
5	114
2	114
1	8
5	3
0	1
0	1
0	1
0	1
4	0
0	0
0	0
0	3
0	1
1	3
0	1
0	0
0	0
0	0
0	0
0	0
0	25
42	27
0	1
0	19
0	8
73	66
0	47
0	49
0	0
2	10
0	43
0	43
0	43
1	0
0	0
0	1118
82	1100
0	1108
0	799
52	328
3	220
40	167
8	5311
2	212
1	318
0	5275
0	60
13	3154
6	4947
0	60
185	1733
23	52
0	761
0	891
0	307
1	239
0	1736
10	1492
1	252
168	189
91	1582
0	167
6	288
0	0
1	0
7	0
0	0
0	0
0	0
0	0
0	0
0	9
0	9
0	2
0	9
0	0
0	1
0	1
0	1
0	1447
36	1446
0	106
3	98
2	137
0	815
1	863
0	822
8	59
9	107
11	64
8	88
0	63
0	200
32	204
4	172
0	815
0	1
0	0
0	1
0	0
0	0
0	0
0	0
0	0
0	0
0	11
0	9
0	0
0	4
0	1
0	3
6	0
1	0
0	0
0	0
0	0
0	1
0	1
0	6
5	235
0	235
0	0
0	0
981	369
10	94
40	53
1	183
0	187
47	128
0	58
2538	575
4	49
3	152
23	30
0	184
6	96
0	175
43	0
2	0
0	0
0	0
0	0
0	0
0	0
0	0
0	11
0	15
0	15
0	0
0	19
23	31
0	8
0	8
1	0
0	1
0	1
0	1
0	1
0	0
0	0
0	0
0	4
0	1
0	2
0	0
0	1
0	0
0	0
0	0
0	1
0	0
0	0
0	4
0	0
0	0
0	0
0	0
0	0
0	0
0	0
0	0
0	0
0	4
0	4
0	1
0	1
0	1
0	1
0	0
0	0
0	0
0	4
0	0
0	0
0	2
0	2
0	2
0	0
0	0
0	0
0	0
0	0
0	0
0	0
9	2
0	2
0	0
0	0
0	0
0	0
0	1
0	1
0	1
0	1
0	0
22	4
0	1
0	0
459	10157
7	9439
16	1671
3	944
0	919
22	859
4	939
0	36
23	8
1	144
0	144
0	144
4	34
183	1489
23	1490
0	526
0	110
0	129
0	0
0	0
0	0
0	0
123	19
2	7
1	12
0	0
0	0
0	0
0	0
1	1014
0	821
1	912
0	806
2	28
0	127
0	82
2	27
7	38
0	61
2	119
9	52
8	24
0	166
0	62
0	11
0	999
0	0
0	0
0	789
62	770
1	706
0	648
0	68
0	58
5	49
0	0
0	0
0	0
0	0
8	1045
0	1046
1	56
0	38
0	769
13	654
0	794
0	180
2	9
0	41
0	105
0	110
1	56
0	223
0	263
0	18
0	244
0	208
0	110
0	19
1683	203
6	203
0	0
0	0
576	947
30	947
0	0
0	730
0	796
0	356
0	187
30	475
47	470
4	94
0	39
1	43
58	300
27	750
114	750
115	237
0	237
1	8
0	45
0	33
0	22
0	42
0	35
0	27
114	101
7	0
0	21
0	14
3	24
0	2
0	0
0	2
0	0
0	0
0	2
3	9
0	9
0	9
0	8
0	1
3	12
0	0
0	0
0	1
0	0
0	0
0	1298
18	1585
0	521
0	148
0	134
0	120
58	323
21	905
0	867
1	92
0	113
8	1000
36	1001
6	15
5	62
5	198
0	123
0	0
0	0
0	0
0	0
0	0
0	0
0	0
0	45
0	44
0	36
0	44
0	46
0	41
0	41
2	1
0	33
0	37
0	11
0	22
0	32
0	22
0	22
0	22
0	22
0	22
0	32
0	32
0	25
0	7
0	29
0	40
0	39
0	39
0	38
117	3716
13	358
5	219
0	280
0	361
0	414
1	598
5	478
18	904
31	390
0	499
3	3716
2	0
0	0
0	19
0	19
0	18
0	6
0	0
0	0
0	0
0	0
0	0
0	0
0	0
0	0
0	0
0	0
2	0
264	377
0	10
0	45
0	36
26	73
1	211
12	123
1	376
3	48
0	94
1	11
1	47
0	71
5	0
0	38
1	17
0	22
1	25875
6	103
56	21
1	103
1	82
0	73
0	0
0	0
0	0
0	0
0	0
0	0
0	0
0	0
3	10769
0	10749
0	8682
0	5404
0	1427
0	6889
0	2297
0	9969
0	10533
5	2172
4	4229
12	363
0	9772
0	9993
0	4260
172	8551
6	1324
1	785
1	27
0	1341
1	8
0	9
0	6
0	1
0	0
0	1
0	2
0	2
0	347
0	487
0	398
0	62
0	60
0	27
20	184
22	0
0	471
6	170
8	53
41	89
14	350
0	392
35	51
29	0
1	0
0	0
0	0
0	0
0	0
0	0
0	0
0	0
0	0
0	0
0	0
0	0
0	0
0	0
1	74
0	17
0	74
8	525
0	0
0	0
0	0
0	0
2	328
5	49
8	24
0	319
24	111
0	174
4	1
0	42
2	133
0	327
0	0
0	0
0	129
22	132
1	27
0	87
0	0
1	7
0	13
0	33
0	1
2	0
83	1712
9	1715
1	54
8	304
5	147
0	150
14	94
0	0
0	0
891	201
56	0
1	201
4	122
0	116
0	26
0	129
3	35
0	129
0	62
0	62
1	129
0	129
1	0
0	129
0	0
0	0
0	0
0	0
0	439
0	348
0	435
0	394
0	399
0	0
0	0
0	0
310	4
0	4
0	0
0	0
0	0
0	0
0	0
177	0
0	0
0	0
0	0
0	0
183	158
2	0
0	149
5	143
3	0
0	0
0	0
4	281
0	1731
10	1763
8	27
13	42
21	549
3	36
0	109
1	0
7	0
92	0
0	0
0	0
0	401
4	608
0	108
0	338
0	274
6	205
1	329
0	599
1	1
0	1
6	420
4	1
0	1
0	0
1	0
0	10
7	10
0	2
0	2
0	2
0	0
0	2
0	12
0	0
0	0
0	1
0	1
0	1
0	0
0	0
0	0
0	0
0	1
64	97
2	97
0	431
170	450
3	41
2	162
4	2
0	2
0	2
0	0
0	2
0	136
0	9
0	137
0	0
0	0
178	736
20	645
0	39
0	101
1	151
0	200
11	39
0	0
0	0
0	0
0	0
0	0
0	3212
6	2083
0	289
116	3172
6	325
1	107
0	3203
0	0
0	0
87	159
20	63
8	37
1	103
0	16
5	25
1	60
138	139
2	128
0	0
16	1505
12	1094
5	1492
10	689
34	1
60	1594
0	210
9	188
1	27
14	85
0	1597
0	0
0	0
0	0
138	874
15	20
29	854
3	256
0	626
0	125
0	89
21	445
0	11
0	17
0	37
0	619
0	620
2	174
0	70
0	442
0	394
0	289
0	107
0	67
0	43
4	61
9	72
0	72
0	1
0	0
0	186
39	85
0	124
3	185
0	36
56	44
0	29
1	43
1	43
0	22
0	29
0	302
0	304
0	303
1	297
0	302
0	295
0	44
1	29
0	19
0	14
0	957
0	2
0	2
0	2
1	5
0	1
0	0
0	0
0	2
0	2
14	156
1	156
27	25
0	0
41	2
0	828
31	1931
184	2018
556	1979
11	1972
14	1989
5	4
1	4
0	3
0	0
0	0
0	0
0	0
0	5
0	0
1	5
0	0
145	1062
3	851
14	37
0	211
11	125
7	125
1	3
0	4
0	2
0	1
0	1
0	0
0	1
0	71
7	122
8	60
811	254
0	165
0	22
0	111
0	0
0	0
0	0
0	0
0	0
0	0
0	0
43	829
670	829
19	769
0	466
0	744
0	34
0	758
9	47
0	47
0	25
0	0
2	1
0	1
442	1876
0	1162
4	1066
0	1112
0	1069
4	433
8	254
3	351
13	941
3	162
2	252
0	1
0	1
0	0
0	0
0	0
0	0
0	1
0	1
0	479
0	439
4	252
6	0
0	455
9	232
0	93
16	57
0	231
0	0
0	0
0	0
0	0
0	0
0	0
0	0
0	6
0	336
0	237
35	0
4	99
1	247
2	194
9	320
4	212
9	212
0	14
1	1
0	39
0	36
4	39
1	5
0	0
4409	0
0	673
0	671
0	590
0	630
7	24
4	224
2	50
16	10
0	0
187	486
1	40
0	77
0	483
0	0
0	0
0	0
0	0
0	0
14	66
5	66
1	8
104	337
0	336
39	75
1	71
5	46
0	32
0	11
21	0
0	38
0	360
0	353
0	115
0	329
0	259
0	46
0	37
2	36
3	74
0	957
455	957
40	957
0	185
486	86
0	33
91	345
0	0
416	4776
4	4121
127	1109
0	1466
0	0
0	0
0	2
0	2
63	29
0	24
0	29
0	3
0	0
530	308
0	308
12	36
0	0
0	0
0	0
313	496
3	257
2	252
4	78
4	110
0	2
0	2
0	2
0	1
0	8
0	8
0	6
0	15
0	0
0	1
1	15
0	0
0	0
1	58
3	155
0	71
0	157
1060	1011
46	709
1511	1183
21	303
1	1085
7	628
0	707
4	9
563	678
72	219
0	676
17	80
8	41
0	6
0	41
0	10
0	18
0	0
0	9
0	23
23	769
1	757
7	430
0	381
0	709
1	378
0	271
0	416
84	117
57	1809
21	1850
1	1470
1	29
0	7
0	2
5	27
0	26
0	7
2	2
0	10
0	0
0	0
0	0
0	0
0	0
0	0
0	0
0	0
0	0
0	0
0	0
0	66
0	66
0	5
0	1227
0	1249
15	265
0	401
30	137
0	130
3	84
2	1
0	1222
0	20
0	442
4	136
37	157
3	98
65	447
0	0
0	0
0	19
0	19
0	5
0	6
0	6
0	2
9	6
0	3
189	33
12	33
0	17
2	811
2	899
0	241
0	703
0	112
49	101
0	355
0	51
0	74
0	2
0	16
1	14
0	16
0	17
0	19
0	14
0	12
0	7
0	12
0	110
10	71
0	8
0	101
0	2
0	2
0	2
0	1
0	2
0	2
229	1148
0	1125
0	568
0	575
21	436
95	226
12	341
0	353
5	320
0	73
9	214
0	130
5	130
4	121
68	3
0	0
0	0
94	124
4	124
0	124
6	108
17	88
84	465
0	441
4	354
1	376
0	327
24	546
43	545
81	306
26	240
313	368
0	44
2	24
0	86
0	41
0	0
0	0
0	0
0	0
0	0
0	4
0	4
0	0
2	0
0	0
0	0
0	0
0	0
0	0
0	0
0	0
0	0
0	1054
0	1147
0	1068
0	1136
0	1049
0	1029
110	0
0	156
84	572
1	66
40	3
3	0
0	0
0	1480
0	1557
2	1477
2	1540
0	243
0	41
7	16
0	484
0	501
0	10
0	10
0	0
0	1
0	1
0	1
0	1
141	349
0	349
2	87
0	0
0	0
416	972
1	426
11	385
1	143
1023	1436
0	777
1	826
31	472
59	0
30	1
0	0
0	0
0	0
0	0
676	6006
37	4673
11	1952
24	187
155	0
0	0
575	0
3	16
120	491
0	384
0	127
21	153
0	47
0	0
0	17
3	27
0	0
0	0
83	83
160	92
0	3
0	0
0	1
0	1
1	0
0	0
0	0
0	0
0	0
29	0
0	0
0	0
0	0
0	0
0	0
7	6
3	6
0	1
0	0
83	127
0	16
17	26
0	116
0	17
4	37
4	64
1	52
14	195
0	75
2	146
0	123
14	121
7	52
37	457
3	455
5	261
0	0
0	0
0	0
0	0
0	0
875	0
25	28
464	324
44	26
0	302
7	530
0	613
0	132
2	329
0	262
9	163
0	0
0	0
0	0
1	698
15	326
1	960
27	503
0	3
0	35
21	143
2	42
1	927
1	56
5	0
6	133
212	451
0	95
0	0
0	0
73	4269
0	4472
52	4350
0	4474
0	518
0	1037
1	296
0	745
431	1096
0	520
0	4
0	4
0	4
0	4
0	4
0	4
0	4
0	1
0	0
0	4
0	1
0	4
0	21
2	23
0	23
2	4
0	2
0	2
28	3647
0	3528
0	746
15	496
41	1657
0	650
69	1525
22	237
0	127
68	3724
306	430
0	430
0	0
0	0
0	0
0	0
0	0
0	0
0	0
0	3
26	3
1245	6
26	6
0	1365
0	974
0	1673
0	11189
43	9761
0	11801
0	11416
4	11416
0	11419
0	13586
35	839
958	607
2	3277
31	3440
6	59
0	13640
1	11049
0	13492
0	1
0	1
0	0
5	1
0	1
0	1
0	0
7	524
0	467
0	521
3	176
2	155
0	131
0	201
15	129
16	51
122	11
2	11
0	1019
0	740
0	747
0	787
3	1005
3	1041
0	578
0	869
0	1064
0	148
4	10
0	140
0	98
5	57
3	125
0	104
1	34
2	10
0	0
0	0
0	0
0	0
0	0
2	161
0	505
11	501
2	91
18	277
0	13
32	176
0	21
24	241
0	151
0	236
3	242
4	12
0	163
0	83
0	102
1	119
246	802
3	802
602	865
0	825
10	106
0	57
1	40
0	0
10	106
1	106
0	0
1	1
0	1
13	704
0	711
0	706
47	270
0	455
0	413
1	390
23	234
7	0
0	84
461	189
4	50
0	152
0	6
7	60
0	0
45	0
0	0
0	0
101	1545
3	255
0	252
7	1394
228	355
0	355
0	5
1	2
0	2
5	4
0	132
1	131
11	1
0	120
0	90
8	22
5	45
11	1122
1	1084
4	219
1	881
0	303
204	3056
0	3063
32	1377
4	512
0	85
1	1092
61	409
4	0
8	22
0	131
0	132
0	127
3	112
0	33
4	96
0	8
1	40
0	58
0	108
0	127
4	7
3	7
0	0
0	0
0	0
0	0
0	0
22	808
0	792
3	51
0	90
3	6
0	127
0	40
5	94
0	80
337	42
6	8
0	5
0	12
1	12
0	12
0	1
0	0
0	1
0	1
8	0
62	172
0	172
0	45
0	144
1	93
5	44
0	0
0	0
0	0
0	0
0	0
1	0
23	44
0	43
0	2
0	4
0	35
50	387
1	387
0	0
7	13
0	26
1345	0
0	0
0	0
0	0
0	5
0	5
0	2
0	2
0	0
0	1
0	1
0	5
0	0
0	0
0	0
0	0
0	0
0	0
0	0
5	127
0	141
0	19
0	63
1	35
33	765
99	918
8	621
45	927
10	782
3	699
47	60
3	74
1	111
28	26
8	127
6	51
0	507
0	171
0	66
119	43
0	0
0	3
0	0
0	3
59	237
4	214
44	110
4	40
19	326
11	326
542	720
50	720
3	273
0	37
55	0
2	179
0	196
0	11
0	167
0	160
11	10
1	30
5	27
9	23
0	0
0	0
1151	2262
22	542
0	1894
9	1257
0	1146
7	764
1	941
0	935
7	625
15	203
1	3
0	0
60	305
32	444
25	274
0	206
4	32
0	17
5	0
12	466
2	282
0	109
0	88
2	126
29	20
0	57
0	457
27	311
22	917
28	1373
0	1395
36	0
0	96
0	24
0	1375
0	482
0	1216
0	1037
9	1094
10	412
50	338
5	141
28	399
403	399
4	133
1	146
0	115
1	73
0	72
0	30
281	219
0	134
0	74
2	14
32	24
0	0
0	0
0	0
0	0
88	68
0	68
10	7
3	0
59	0
0	0
0	0
0	0
0	0
0	0
1	4
0	4
0	3
0	2
0	2
2	0
0	0
10	403
1121	1022
49	7
11	25
0	80
0	92
7	203
0	0
0	0
0	0
0	0
5819	2744
0	178
10	2566
93	20
21	153
29	0
0	2110
7	1309
5	47
0	2186
0	2196
0	1866
25	2185
1	2159
0	2196
0	144
0	2196
0	1514
0	1520
5	0
57	147
0	49
0	72
0	48
0	79
4	50
0	124
4	46
1	36
0	45
980	55
62	55
0	1077
0	239
0	1027
0	1021
48	571
0	1025
9	1009
19	948
0	512
0	341
0	353
1	336
7	132
151	0
5	265
51	101
38	0
0	0
0	0
0	0
0	0
0	0
0	0
0	0
0	0
0	47
0	45
0	50
0	6
65	47
2	0
1	21
0	21
216	398
0	398
88	2
0	0
0	521
0	491
0	516
25	412
0	357
0	373
0	32
0	10
8	10
0	1
2	26
10	29
0	7
0	0
35	687
5	230
41	2793
0	2823
0	0
0	0
0	0
0	0
0	0
0	0
0	88
0	102
8	30
44	109
1	53
4	20
0	20
0	5
665	161
1	63
0	98
13	434
1	471
0	438
0	147
0	179
0	56
0	60
0	471
0	471
0	0
10	72
0	78
0	38
0	6
0	0
0	11
0	0
4	0
0	0
106	13
3	7
2	13
7	0
30	433
1	129
3	14
0	433
0	0
107	173
630	892
2	886
0	275
1281	0
0	0
0	0
0	0
0	0
0	0
0	0
0	0
0	0
0	0
0	0
0	0
0	0
0	0
0	0
0	0
0	0
0	0
0	0
0	112
20	292
0	238
0	244
0	148
2	253
7	89
0	160
0	48
0	186
0	81
3	28
0	40
0	159
0	182
0	66
1	100
0	72
0	1
0	1
0	0
457	74
1	37
5	74
0	0
0	0
0	0
0	0
0	0
588	6598
99	3339
39	4708
6	2045
196	91
0	0
0	0
2728	2335
2	681
0	1734
0	1734
86	948
3	124
0	0
0	0
1	365
0	11
6	46
0	7
1	424
2	341
0	284
1	40
5	81
4	225
51	98
0	141
503	0
3	670
0	570
0	492
0	570
1	657
4	278
6	52
678	1295
0	249
6	1295
2	181
0	0
0	0
0	0
0	0
0	0
0	0
238	166
0	71
2	105
2	23
0	1
0	0
0	1
0	0
0	0
68	25
17	24
4	15
1	0
0	0
0	0
293	938
13	192
3	150
39	73
1	380
1	227
0	330
0	271
14	78
0	0
0	0
83	1093
1	1093
0	197
6	45
2	0
0	163
6	131
2	157
0	8
9	0
0	0
0	0
0	0
0	0
0	11
0	11
0	1
0	1
0	272
2	723
0	722
0	667
8	700
3	713
0	654
1	117
0	191
0	123
0	111
14	117
0	138
5	27
0	59
5	133
0	0
0	90
5	80
0	72
0	28
0	10
16	0
0	540
0	582
6	598
0	570
6	55
0	0
0	0
0	0
0	0
0	0
0	0
0	0
0	0
0	0
0	50
3	50
0	25
2	9
0	0
0	0
0	0
0	0
0	0
0	0
2	163
0	83
0	36
0	140
0	48
0	58
1	80
0	110
0	138
1007	0
0	25
1	28
0	23
0	13
0	12
0	1
0	1
0	0
0	28
1	23
3	16
4	2
0	11
0	10
0	5
0	0
0	0
0	0
265	248
0	237
0	194
0	6
0	2
0	6
0	1
0	1
0	1
0	1
0	1
0	1
0	0
0	0
0	0
0	0
0	0
0	0
0	0
0	0
0	6
0	0
0	0
0	6
0	6
0	6
0	6
0	6
0	6
0	0
0	0
0	6
1	6
0	2
0	5
0	5
0	0
0	6
339	1429
35	934
0	510
2	89
0	406
825	29
18	29
0	174
0	151
7	1
0	99
0	139
13	99
1	148
2	55
0	18
0	19
120	0
0	0
36	0
0	0
0	0
0	0
0	4
0	0
0	0
0	4
4	20
11	84
0	65
3	49
0	56
0	29
1	20
0	1439
0	710
16	837
0	769
0	775
0	649
1	413
6	310
0	101
0	1321
0	0
0	0
0	0
0	0
0	0
1439	1843
9	1843
28	5
0	0
0	3
0	2
32	1
0	1
0	679
726	679
11	1
22	635
13	76
4	193
14	1
0	1
561	321
0	237
16	186
77	49
8	50
0	28
0	1
0	1
0	1
0	48
97	0
62	647
198	647
0	1502
1	1183
0	1111
0	707
0	655
0	1047
15	1299
0	1002
14	257
0	1017
0	944
0	812
0	193
2	30
0	588
15	71
0	0
0	0
0	0
0	0
0	1
3	1
0	0
2422	2560
156	13
1	1995
2	564
0	1514
0	0
0	0
0	0
0	0
2	0
0	0
0	0
0	0
0	0
0	0
0	0
0	0
0	0
0	0
0	0
0	0
0	0
0	0
56	69
0	69
1	490
5	179
0	483
5	13
0	0
0	0
0	0
53	233
0	79
0	235
0	143
2	151
0	34
0	71
12	10
0	69
3	66
0	31
0	15
0	68
0	749
1	0
19	532
28	528
42	521
34	451
0	766
597	808
0	759
0	807
6	611
0	168
0	283
264	575
0	560
41	221
18	261
4	164
3	476
2	9
7	477
0	42
0	356
449	676
1	63
0	42
43	679
1	74
0	52
0	23
21	18
0	0
0	0
0	18
0	8
334	394
50	99
84	394
0	176
0	138
1	36
61	79
2	164
0	166
1	78
0	0
0	0
0	0
24	166
0	159
11	120
0	112
3	104
0	13
50	2
3	30
45	441
0	21
0	416
0	6
0	43
3	192
227	0
1	0
0	0
0	0
0	8
1	6
0	4
0	2
0	0
0	0
0	0
0	0
0	0
0	0
0	0
0	0
0	0
0	0
0	0
0	0
0	0
0	0
0	0
0	2
0	2
0	1
602	155
0	155
54	1839
9	15
971	1824
18	251
1	108
1547	108
0	0
0	0
0	391
0	302
0	274
13	25
4	39
0	0
15	391
4	1
0	1
0	355
3	49
37	1137
4	1055
0	460
7	366
7	147
0	0
0	0
0	0
12	163
918	200
3	90
9	111
0	0
0	0
0	0
0	1
0	1
0	0
3279	0
0	0
0	0
0	0
0	0
0	0
0	0
0	0
0	0
0	0
1	68
1	68
21	4
0	0
0	0
0	0
0	0
0	0
2	1112
0	0
0	0
0	0
1	0
28016	14154
0	914
13	1599
0	2563
71	8795
72	7175
2	6698
0	4382
218	3653
224	828
156	87
0	170
0	808
23	54
68	28
0	78
7	121
3	121
0	32
0	32
0	32
1	32
0	12
0	9
0	6
1	4
0	5
0	0
0	0
5	110
8	567
0	189
0	582
20	508
0	58
1	210
1	214
0	95
10	205
2	185
1	128
0	173
0	63
47	72
0	84
9	1337
3	376
3	378
17	141
0	0
413	50
0	50
52	486
1	410
0	250
0	192
0	5138
10	4998
0	4682
169	3020
34	1705
0	819
0	387
9	140
20	17
0	0
0	0
0	0
0	0
0	0
0	0
0	0
172	0
11	53
8	53
6	794
73	794
10	25
0	17
1	0
0	2
0	0
0	3
2	1
0	0
3	4
1	3
0	1
2	0
0	0
0	0
3	3526
67	3522
2	2988
5	148
1	986
43	640
0	524
0	257
0	264
0	262
0	262
1	120
0	3
0	14
1	15
0	259
0	265
992	0
0	0
0	0
0	0
0	0
0	0
0	0
0	0
1	302
0	267
14	133
0	168
4	116
2	100
3	51
1	16
1	5
0	20
1	52
52	218
1	0
2	22
4	74
0	109
0	81
0	0
1	380
0	385
20	183
1	17
12	374
13	60
0	82
0	138
0	153
0	179
1	0
0	0
0	0
7	121
0	121
0	119
1	123
0	36
0	26
0	20
0	30
0	17
0	12
4	16
0	123
0	136
209	431
24	462
2	336
0	0
0	499
714	499
0	499
1005	335
15	335
6	21
155	663
0	408
2	375
5	111
0	257
56	61
0	5
0	58
0	0
22	134
0	134
130	63
0	60
1	36
0	56
2	0
0	0
2	2
0	227
0	24
0	220
7	162
2	363
0	362
0	361
0	134
1	10
1	15
2	12
32	566
18	578
0	521
0	471
3	98
0	2557
1	2288
0	7135
1	7625
0	7744
0	7526
7	6132
0	6070
0	6154
0	6207
0	6097
17	703
8	678
0	260
323	73
7	341
98	544
48	225
0	2213
1	7230
8	145
10	207
14	103
9	78
11	499
0	230
126	614
0	605
34	318
5	245
0	0
1	50
24	46
0	769
29	343
0	747
0	702
0	496
0	479
0	606
4	586
1	100
2	361
0	128
30	0
0	53
0	58
15	355
8	747
26	43
214	76
0	427
0	867
0	893
9	902
0	0
0	0
0	0
0	0
2	708
0	710
0	171
3	94
0	11
1	653
0	202
0	44
0	674
0	182
0	86
0	44
8	383
4	19
10	34
0	253
7	115
25	598
0	476
15	5
5	523
0	158
0	210
0	392
0	207
5	98
0	0
1	46
0	87
0	213
18	870
3	71
0	194
19	6
0	421
0	232
0	76
8	72
0	738
41	75
8	184
14	213
0	0
0	0
31	696
0	754
0	617
1	288
14	61
0	0
0	0
0	0
0	0
0	0
0	0
0	0
446	148
0	149
1	123
21	30
1	645
0	893
1	848
0	326
2	203
0	344
0	180
0	249
0	162
1	43
0	0
0	0
0	0
0	0
0	0
1	1105
0	933
3	328
0	484
0	533
0	294
1	111
1	383
5	275
2	257
51	1351
0	7619
0	621
4	1910
0	7607
0	11
0	0
0	11
6	0
0	0
0	0
13	270
1	270
1	23
0	18
0	354
26	157
0	304
1	256
3	43
5	81
0	12
0	1
215	57
0	10
0	44
0	12
0	53
0	57
0	9
1	9
0	10
0	21
0	53
1633	658
78	38
0	183
0	376
0	350
5	405
0	0
0	0
0	0
0	3
0	3
0	3
0	3
0	0
0	0
0	3
0	3
0	3772
0	2291
1	10991
7	6744
511	10615
21	2125
3	4918
0	0
0	0
0	3718
37	12
2	855
0	3686
24	3502
1	47
0	18
57	0
0	73
6	240
13	3698
39	38
0	2
0	31
3	13
0	14
0	8
1	12
0	28
0	11
0	15
139	214
1	214
1	123
0	122
0	144
0	104
0	1
7	31
0	27
0	1
0	8
0	26
0	25
0	33
0	33
20	19
2	0
0	0
0	0
31	2927
1084	3097
118	2179
22	135
38	300
0	646
2	621
11	497
0	507
0	0
41	592
0	10
0	242
2	464
0	265
0	2603
13	177
0	262
35	189
541	3128
0	230
1	565
8	407
0	1039
1	596
1	1131
0	618
0	791
1	931
27	2001
0	2186
131	2144
19	34
8	34
0	0
0	0
0	0
0	0
3	203
322	205
0	42
5	200
2	128
0	0
1076	617
0	341
6	522
7	146
28	2392
0	750
0	153
8	167
2	243
1	250
0	6
0	761
13	544
3	271
22	427
7	99
60	96
0	2484
42	831
11	701
96	829
92	26
2	19
5	7
2	8
0	1
0	0
0	7
0	1
0	0
971	406
2	402
2	278
1	114
9	475
0	452
18	414
2	20
1	63
0	12
57	43
701	32
0	32
99	874
0	613
0	69
27	259
2	108
0	82
0	71
2	26
12	13
0	2
0	2
0	2
0	2
0	0
0	0
0	0
0	0
0	0
0	0
1	235
0	418
0	347
2	356
5	386
1	207
0	253
27	220
0	180
0	111
8	95
0	0
0	0
0	0
26	0
0	0
0	28
1	8
0	7
0	6
0	4
0	6
0	6
0	377
0	304
4	133
2	167
0	143
0	373
0	81
5	105
0	103
5	25
0	71
0	5
0	7
0	1
197	222
1	38
2	21
0	173
62	570
0	442
1	108
23	261
466	150
0	101
0	49
0	0
0	0
51	509
26	499
8	0
4	202
20	35
0	53
1	35
0	2
0	0
0	2
0	12
0	10
0	2
0	10
0	13
0	12
0	13
0	13
0	16
0	15
1	19
2	11
0	11
0	5
1	5
0	0
0	0
0	0
0	0
0	0
0	0
0	0
0	0
0	0
185	51
0	68
5	0
8	20
14	18
0	27
0	0
0	0
0	0
0	0
0	0
8	1
2	0
0	19
0	17
0	19
0	1
0	17
0	16
0	0
0	0
0	0
0	0
0	0
2	2066
6	1768
3	921
4	800
27	390
27	594
0	343
452	306
4	116
0	7
125	147
0	304
0	4
0	53
0	53
0	50
0	28
0	12
0	0
0	0
0	0
52	3174
0	2645
0	2075
2	1280
19	1116
0	368
0	225
3	11
0	10
0	1
0	10
0	10
0	10
5	0
5	1
0	0
0	0
0	0
0	0
636	272
1	49
2	49
5	44
49	0
191	196
0	1
0	1
0	1
0	0
0	0
0	0
0	0
0	0
0	0
0	0
1089	559
13	145
6	156
8	258
0	186
85	409
4	57
3	436
56	15
10	9
3	54
0	90
0	0
1	350
0	14
0	240
6	34
0	12
0	12
0	10
1	296
0	256
0	241
0	173
1	153
0	153
0	143
0	68
6	15
0	11
15	2814
55	2814
0	185
229	185
0	95
2	15
6	0
0	184
232	102
0	94
21	8
1	10
1	18
30	1234
0	1234
0	113
3	93
1	4
1	656
0	626
4	626
0	49
0	646
0	648
0	220
64	737
6	293
14	56
0	246
0	216
0	719
32	24
5	37
26	54
1	94
0	215
18	16
0	1468
1	296
0	296
0	1500
0	1269
67	1193
6	1193
0	1195
0	1126
9	662
0	145
35	498
20	0
2	177
1	187
0	106
0	136
0	85
3	6
1	10
0	0
0	0
0	0
0	0
0	0
0	1181
7	1251
0	1245
1	1068
0	1086
0	771
7	196
0	356
0	220
0	239
0	112
0	266
1	231
1	70
0	67
0	57
0	51
0	67
0	1186
1	52
0	426
22	426
0	0
0	0
1	0
0	0
327	480
0	483
3	15
2	32
25	42
41	350
11	181
0	326
3	73
0	81
0	177
0	168
26	0
0	0
0	0
0	0
0	0
0	0
0	0
0	0
0	0
1	0
0	0
0	0
0	0
0	361
0	620
0	150
0	74
0	658
0	575
0	2
0	2
0	1
0	2
1	2
715	306
7	306
1	653
0	684
0	669
3	16
0	668
25	0
8	393
2	40
3	22
3	9
0	359
0	126
2	21
0	7
0	7
0	7
0	158
0	158
0	62
0	19
1	19
3	5
0	4
63	2275
9	1860
10	486
2	674
2	58
0	0
0	0
0	0
0	1009
15	1053
42	15
4	569
0	88
32	0
2	11
0	127
79	281
0	261
0	1
0	0
0	0
0	0
0	0
0	0
0	0
32	534
0	532
0	260
0	145
0	62
0	19
1032	92
14	73
36	0
7	14
0	0
144	118
2	0
1	118
0	0
0	0
0	0
0	0
0	0
0	0
0	0
0	0
0	0
0	0
0	0
0	0
0	391
1	382
0	378
0	384
22	5
1	28
6	24
78	33
0	16
0	28
162	693
4	575
10	382
0	241
0	0
0	0
0	0
0	0
0	0
0	0
0	0
0	0
0	0
0	0
0	0
0	30
0	30
0	21
1	30
0	30
0	24
0	30
0	177
0	59
16	157
6	32
6	10
0	7
0	2
0	3
0	0
0	347
0	283
0	313
0	348
1	348
0	272
1	340
0	349
6	321
0	274
0	272
0	315
0	140
0	159
9	29
2	0
0	0
21	36
0	35
14	18
153	1197
63	1197
0	218
0	0
0	0
0	0
0	0
0	0
0	0
1	73
0	62
0	59
2	9
0	74
0	84
0	0
0	0
0	0
35	89
0	19
0	50
0	68
0	0
0	0
0	0
0	0
0	0
313	273
0	271
0	244
145	200
0	103
16	615
39	615
114	1202
0	1181
6	125
0	3
0	2
0	2
0	0
0	2
0	2
0	2
1	0
261	1382
5	641
54	1400
0	1868
42	1895
0	41
0	1267
18	295
3	291
8	315
0	0
0	0
0	0
0	0
0	0
0	0
0	0
0	0
370	104
10	55
6	49
3	0
0	0
0	0
0	0
0	0
0	0
20	42
0	27
1	20
2	366
4	356
0	114
3	365
0	178
0	57
0	22
0	0
437	210
0	210
31	212
9	9
3	210
0	55
0	82
0	98
0	0
3	0
0	0
0	0
1	106
0	93
0	105
1	2
138	271
0	166
1	227
6	266
52	104
0	91
1096	987
0	791
4	437
4	111
112	572
0	445
3	546
4	0
149	688
0	157
0	565
3	175
12	51
0	57
2070	13
0	13
0	0
0	0
0	0
0	24
1	226
0	1652
1	1652
1	1375
0	284
0	91
14	70
0	263
0	1087
12	255
11	146
0	79
0	0
0	1008
12	1011
31	516
2	994
0	244
0	697
11	465
1	102
0	73
2	271
1	1016
21	948
1	892
8	348
1	226
0	29
5	0
0	55
0	27
0	86
23	11
0	69
0	79
0	23
3	0
0	30
0	0
0	0
0	0
0	0
0	0
0	0
2	0
0	0
0	0
0	0
0	0
861	0
229	1002
0	1002
11	0
0	0
3	788
123	975
0	203
6	70
0	98
0	125
0	31
4	96
152	0
0	0
0	0
0	1
0	1
0	107
0	100
9	1
0	105
339	28
0	28
137	454
2	146
3	411
2	139
0	112
27	260
0	217
0	131
26	181
11	0
19	124
2	106
0	54
474	0
0	0
0	0
3	357
0	356
0	145
0	0
43	123
4	116
0	106
0	43
27	94
109	230
0	141
29	0
1	85
216	954
0	954
7	209
2	0
0	0
0	0
0	0
36	29
1417	198
5	52
3	287
0	317
9	219
0	281
26	54
0	87
2	267
0	111
13	89
0	89
28	187
0	0
7	175
0	172
0	31
0	161
0	22
0	87
0	74
0	15
0	28
0	31
0	22
0	0
0	0
3	0
0	0
0	0
0	0
0	70
0	63
0	5
0	31
0	5
0	34
8	142
0	114
0	95
10	132
0	14
1	130
0	36
0	142
0	124
0	0
0	0
0	0
0	0
0	0
0	0
0	0
0	0
27	7917
17	7917
3	5619
16	8
4	1379
4	7981
172	2012
29	855
83	415
0	421
18	300
0	0
0	0
0	3
0	4
0	4
0	3
0	3
1	1
0	0
0	0
602	9
7	9
0	126
5	7
0	82
0	50
2	67
19	232
0	232
0	1975
13	2020
6	927
0	1547
76	1545
0	1642
0	1654
24	630
55	331
13	137
261	1920
44	1892
0	1688
0	497
3	3
126	440
0	475
0	343
0	85
0	84
0	8
0	37
0	9
0	0
1	1
0	0
0	0
0	0
471	0
0	0
1471	77
2	77
1463	1595
1	1551
5	105
0	141
4	10
0	0
0	0
0	0
0	0
0	0
0	0
0	0
4	1
0	0
0	1
0	0
2	1
0	0
0	2
0	2
0	1
0	1
0	1
0	1
0	0
1	203
2	95
1	195
3	40
15	66
0	39
0	17
0	8
6	3
7	2
0	0
10	416
6	407
6	416
0	0
0	169
0	169
6	163
0	138
3	87
0	15
1	94
0	78
0	66
0	45
0	20
0	0
0	161
0	0
0	0
0	0
0	0
51	20
0	19
0	5
1	12
0	1511
41	1441
1	765
25	541
42	813
0	830
63	27
0	186
0	278
2	2
0	2
0	2
0	1
0	1
0	1
0	0
0	0
6	57
0	58
0	66
2	65
0	30
0	26
0	0
0	0
0	89
0	106
0	101
0	104
1	2
0	101
0	2
1	103
0	19
0	1
1	19
1	58
7423	767
12	390
17	706
1	0
0	0
0	0
0	0
0	0
0	0
17	354
14	354
3	181
0	169
3	6
0	174
18	0
0	18
2	128
3	1
3	15
0	0
0	0
0	0
0	4
0	4
0	4
0	224
0	488
0	519
10	508
0	481
3	140
0	139
0	12
0	27
3	19
0	1
0	1
0	1
0	0
0	0
2	469
0	218
3	75
1	28
6	450
3	332
0	220
0	23
0	0
0	21
2	8
1	18
463	29
0	29
0	0
0	6
0	6
0	6
0	0
0	0
0	404
8	216
20	372
0	47
0	0
22	28
0	25
0	373
0	94
3	101
0	92
1	0
4	7
0	5
0	0
0	0
0	0
0	0
0	0
6	0
58	505
0	338
4	430
3	147
0	476
423	836
0	189
0	832
0	840
0	618
8	829
0	170
16	36
0	26
1	129
11	86
2	24
0	792
2	0
0	24
0	28
0	5
0	3
0	2
0	2
0	2
0	2
0	2
0	0
0	0
0	0
0	0
0	1
0	0
0	0
0	0
0	0
0	0
0	0
0	0
0	0
0	26
0	26
0	0
111	206
21	206
29	703
7	524
0	32
33	337
12	297
3	216
0	66
1	3
0	1872
6	111
0	1872
0	312
3	44
5	1637
0	404
0	1870
32	1494
3	1441
12	1501
0	74
89	1244
0	25
3	167
2	2
0	267
6	136
2	14
0	204
48	6593
4	5155
8	6502
26	5699
66	2631
0	5186
25	4243
0	6064
6	6
0	6
0	0
0	0
0	0
0	0
0	0
0	0
0	0
0	0
0	0
0	0
0	0
0	0
0	0
0	0
0	0
0	0
0	0
0	0
0	0
0	0
0	0
0	0
0	0
0	0
2	0
0	0
0	0
0	0
0	313
2	462
0	511
0	75
4	6
1	7
0	7
0	7
1	0
72	989
2	973
21	96
0	167
0	117
3	45
3	39
0	0
0	0
0	0
0	0
0	0
0	0
126	3120
8	3169
128	3120
0	3172
0	176
9	65
4	261
8	84
8	355
103	395
0	395
10	247
0	0
0	0
0	0
0	109
0	108
6	105
0	54
0	26
0	47
11	88
0	53
0	52
0	25
0	6
0	4
5	5
0	6
1	0
94	225
0	41
0	4
0	0
0	9
0	162
0	117
0	91
4	0
3	0
4	0
0	41
2	1169
11	1006
10	38
0	989
0	316
2	106
0	61
0	1133
3	1132
0	0
0	0
0	0
0	0
0	0
0	0
0	0
93	4
0	0
0	0
0	0
0	0
0	0
2645	1277
0	1277
0	0
0	0
0	0
0	0
0	0
0	0
0	0
0	0
0	0
0	0
0	91
1	220
3	222
0	40
0	17
8	28
1	14
0	0
0	537
0	530
14	539
0	549
2	537
0	180
0	298
1	277
7	49
0	34
0	51
0	21
0	463
0	2
0	5
0	3
0	2
287	0
0	0
0	0
0	0
3	120
0	59
15	146
0	33
2	6
2	88
2	823
126	629
0	706
0	788
0	823
0	6
3	66
0	3
0	34
1	22
7	8
0	31
12	13
15	23
22	1276
52	559
0	935
0	373
0	1070
15	165
0	0
0	0
0	0
0	0
0	0
7	420
0	445
1	432
2	37
2	5531
12	2619
13	1051
0	5531
140	0
1	160
0	162
1	6
0	12
17	791
0	741
1	790
1	211
8	16
0	2
0	0
0	0
0	2
0	0
3	244
0	208
18	36
2	55
1	69
0	203
2	50
0	61
0	0
0	0
0	0
7	362
7	362
8	47
0	23
0	17
74	702
0	748
0	643
0	200
7	35
1	163
24	32
5	142
8	0
0	3
2	3
0	0
0	0
63	428
1	438
1	486
1	599
0	573
0	649
1	60
29	304
0	107
2	75
0	204
0	162
0	114
0	100
0	26
1	113
0	165
0	132
6	0
0	1
0	1
0	0
0	0
0	1
2	4
1	4
0	0
1211	254
0	104
0	130
0	75
0	69
0	0
1	104
0	104
0	20
0	104
0	1
35	1
580	483
0	51
8	480
6	3
0	0
0	3
0	0
10	485
0	91
2	199
0	1
1	171
27	191
1	110
0	511
10	383
27	896
7	673
18	861
0	0
0	381
2	374
11	7
0	363
0	91
9	36
7	12
23	1161
0	1591
68	855
16	116
1	1066
1	809
0	823
0	818
0	745
1	721
12	731
3	175
0	85
0	109
2	99
57	492
0	543
0	75
0	113
12	90
3	42
20	7
3	70
1	40
0	12
0	14
0	14
0	7
0	11
0	9
0	14
17	21
0	21
0	1
0	0
0	0
0	0
0	1
60	19
0	19
6	277
20	186
1	222
0	1
0	0
0	0
541	2356
1	83
48	2156
6	79
11	128
0	199
0	9
0	9
0	0
0	0
0	0
0	0
5	1789
5	1819
7	923
6	979
6	63
1	823
17	705
12	718
0	664
1	652
0	664
0	46
2	152
7	2
1	77
0	129
0	129
2	128
2	10
78	528
1	460
1	234
0	189
0	189
0	112
1	86
0	60
0	9
29	28
11	258
0	260
34	260
0	0
70	184
2	184
7	4
100	0
0	0
0	0
0	0
0	0
0	0
0	0
0	0
0	0
0	0
0	0
0	0
0	0
0	0
0	0
0	41
0	42
10	8
0	48
0	12
0	0
0	37
0	30
0	12
1	19
0	69
0	69
0	4
2	0
0	69
0	6
0	6
0	1
0	0
0	4
0	0
4	0
0	0
0	0
1	0
0	1320
0	1298
0	1211
17	1162
0	1070
10	130
0	248
0	96
7	46
8	153
0	109
30	5
0	1314
0	741
0	200
0	702
1	461
0	741
8	474
0	377
0	363
0	371
0	57
0	371
0	346
0	429
0	30
2	296
1	20
0	26
0	24
1	37
0	163
0	9
0	2
0	148
1	27
1761	1011
67	44
261	226
0	1001
8	46
36	127
4	94
2	101
13	93
0	348
0	0
0	0
0	0
0	0
0	1
0	329
0	2
1	55
0	47
21	327
0	327
0	0
0	1
0	1
0	0
0	0
67	48
1	5
9	43
0	11
5	206
5	3
133	207
2	11
0	34
0	196
0	105
0	105
0	0
10	2177
0	1392
26	2106
0	795
2	1965
0	1463
20	462
0	875
16	807
0	857
0	453
2	508
9	651
21	414
1	42
0	25
0	40
0	15
0	12
0	5
0	31
238	0
0	4
1	4
0	4
0	1
0	0
0	2
27	4400
2	4605
41	4880
0	4968
5	179
21	52
24	4391
101	1916
0	4459
0	4477
34	140
25	1058
0	3945
36	85
0	346
29	1249
27	0
114	3
0	537
28	427
0	353
4	235
15	162
0	3
0	3
0	0
0	0
0	59
0	59
0	25
0	25
0	25
2	14
0	9
0	7
0	0
391	178
0	178
41	0
0	46
0	46
0	40
0	2
0	19
0	0
0	0
0	0
0	0
0	0
0	0
3	62
0	58
0	50
0	5
0	0
0	0
0	0
0	0
0	0
0	0
0	0
0	0
0	0
0	0
0	0
97	0
0	5858
9	323
6	32
39	4503
0	262
0	376
4	1135
4	4502
0	38
0	30
0	11
0	11
0	36
0	7
0	302
0	205
0	306
0	66
24	305
8	302
0	0
0	0
0	0
3	0
0	0
196	1045
0	924
0	8
0	44
0	72
0	74
0	72
0	44
0	0
0	7
0	39
0	17
0	3
3	13
0	0
0	12
0	12
4	10
0	5
0	0
0	0
0	0
0	0
4	0
0	0
0	8
0	8
0	3
0	3
0	5
0	0
0	0
0	0
0	0
0	13
0	297
0	285
0	155
1	62
1	18
30	31
116	9
0	6
9	223
354	2083
3	1798
0	1918
0	565
0	557
3	376
20	232
0	101
0	566
0	0
524	530
0	455
2	225
0	75
11	0
0	2034
9	1415
28	166
11	1939
4	3
2	113
28	0
2	965
0	336
0	303
1	4
161	6
0	2
856	704
0	342
14	82
0	197
0	192
0	28
8	100
1	3
0	3
0	27
4	0
42	412
8	119
1	252
0	129
4	62
0	284
2	0
116	3276
0	2135
183	19
50	3148
6	0
6	58
1	1
0	106
0	135
0	142
0	99
12	33
0	84
0	0
4	20
0	7
0	7
0	19
5	0
0	152
1	373
0	391
0	380
0	227
0	179
2	180
1	49
0	19
0	17
0	17
0	9
0	9
0	225
0	13
0	2
2069	52
7	26
29	26
299	178
0	178
0	125
0	0
0	2
0	2
0	0
0	0
0	0
54	672
0	672
0	9
38	154
0	18
17	53
67	69
0	316
0	31
0	296
1	11
0	276
1	122
1	292
2	15
0	40
33	1720
0	288
5	300
2	277
0	11
0	0
0	6
1	67
7	26
0	59
0	14
6	31
0	0
0	0
3	1
6	1
0	0
0	0
0	0
0	0
0	0
0	63
0	114
2	106
29	61
0	261
1	263
1	244
1	113
0	156
8	68
1	38
355	784
1	590
9	506
2	169
0	309
0	1
0	1
0	1
0	12
0	14
230	7
3	11
0	6
1170	1069
10	81
2	1073
0	349
0	10
0	14
0	7
0	1
0	1
0	4
4	3
0	2
3	1
0	1
76	418
0	440
7	424
0	412
0	402
0	396
0	109
6	247
17	221
0	203
0	208
4	11
0	17
0	62
0	27
16204	2445
3	470
0	819
3	418
1	168
4	291
4	142
1	275
0	0
0	0
0	0
0	0
0	0
0	0
0	0
3	454
0	454
3	449
0	28
0	83
0	85
0	67
4	48
0	454
275	124
0	43
0	82
0	44
0	59
0	25
21	483
24	483
0	430
0	426
1	439
0	410
0	427
24	393
0	70
0	38
0	152
0	58
0	15
1	34
1	52
0	25
3	36
31	150
0	164
1	164
1	74
0	137
0	0
10	8
0	238
2	228
11	130
0	217
0	29
0	13
5	4
0	0
0	0
0	4
0	4
2	0
0	0
0	2
0	2
0	0
119	139
1	136
3	116
66	1303
1	1202
11	622
5	94
47	272
393	342
0	343
16	60
0	61
45	1287
104	1262
0	1238
4	875
32	855
0	821
0	212
1	73
61	0
19	197
3	105
65	24
3	21
3	10
0	23
0	4
1	23
0	6
0	775
0	0
21	3181
2	3013
0	947
67	573
0	642
11	34
13	550
2	533
0	451
14	7
0	3
1	10
19	15
0	15
27	1
0	1
0	158
0	124
0	116
1	19
14	33
0	11
0	7
0	149
0	158
0	777
0	771
0	307
0	67
0	35
7	62
0	42
0	81
0	387
0	311
7	8
0	772
0	0
0	0
0	0
7	223
0	232
4	205
6	70
356	0
15	104
0	0
6	24
0	13
1	104
3	35
2	10
3	18
0	29
5	16
0	0
0	0
0	0
0	0
0	0
0	0
0	0
0	0
1	0
0	0
83	1443
1	2120
46	8767
49	1299
32	8424
6	274
3	54
0	310
10	432
32	499
5	144
2	455
7	266
10	295
4	4227
0	4231
2	5634
10	303
39	1548
4	2906
23	2132
0	5633
1007	84
2	84
0	0
0	0
0	0
0	0
0	0
0	0
0	0
0	0
0	0
556	318
0	318
3	55
0	623
0	623
20	2494
0	1169
0	2145
0	2228
0	2323
0	2244
20	1628
0	1230
0	1476
13	1431
5	679
0	956
0	656
5	1090
4	878
41	27
3	27
0	0
0	0
0	0
0	0
0	0
251	37
4	10
2	10
0	24
0	8
0	5
4	13
0	663
0	640
3	71
11	9
2	46
0	227
0	92
0	0
0	0
0	0
2012	792
2	199
0	264
0	75
0	329
51	0
0	2
4	65
0	44
5	46
0	42
1	14
2	4
22	18
0	46
2	193
1	193
0	0
0	0
0	0
0	102
1	650
1	229
1	160
2	384
0	649
136	1913
0	583
45	1862
1	659
32	86
2	126
1	126
0	94
0	119
0	14
71	0
3777	953
5	236
9	477
7	69
0	241
0	6056
805	6443
3	453
1	436
11	453
14	110
42	265
0	457
0	0
18	82
8	187
0	0
0	0
3	17
0	9
0	18
1	0
0	6
36	0
40	1410
0	1331
6	1249
15	351
0	1202
362	113
21	0
6	113
13	84
0	0
0	0
0	1
0	1
22	22
80	22
0	17
922	6708
0	6456
0	189
21	99
15	100
31	20
1	883
29	605
19	521
42	383
0	0
0	0
0	362
0	209
2	405
7	370
4	80
0	76
0	199
0	1508
9	927
0	1211
0	1505
4	301
10	67
1063	6820
0	6216
3	874
0	1047
0	0
37	0
0	0
0	1
1	21
0	3
0	29
0	30
0	1
0	18
0	17
0	0
4	1
0	15
0	18
0	30
0	16
0	13
1	31
0	28
0	17
0	3
0	1
0	0
0	3
0	3
2	2208
7	239
700	2466
13	508
7	992
1	1523
0	545
0	0
0	0
0	0
0	0
0	0
0	0
2	0
0	0
0	463
4	0
0	0
13357	2600
25	1766
43	834
0	0
0	0
0	0
0	0
0	0
0	0
0	19
0	15
0	303
0	38
0	303
0	3
1	10
2	23
1	0
0	0
19	1003
57	934
0	39
715	1361
0	759
0	148
0	454
0	1543
0	673
10	0
0	492
0	746
0	326
0	177
0	18
0	101
3	121
0	745
0	51
0	57
7	0
1	607
0	69
0	743
0	730
0	1396
0	309
0	15
0	17
16	184
0	22
0	82
20	1543
25	1545
0	1319
0	149
0	132
13	260
0	315
0	151
0	175
1	66
0	0
0	0
0	0
0	1
0	1
0	0
0	0
0	1
56	865
0	118
49	593
0	768
0	208
1	102
6	42
5	163
0	163
0	23
3	20
0	8
0	18
0	4
0	3
0	4
0	10
0	0
0	0
0	0
0	2
0	2
0	2
0	1
0	0
0	0
0	0
0	177
209	291
0	46
0	273
0	10
0	1
1	1
0	3
0	0
0	10
0	0
31	760
313	861
11	330
50	293
0	121
5	0
0	843
2	0
0	0
0	0
0	0
0	0
0	0
200	772
68	772
17	125
1	328
22	415
3	415
0	268
6	234
0	11
0	0
0	12
0	1
0	4
12	4
0	0
0	1
0	1
0	0
0	0
0	3
0	3
6	1850
0	1888
14	333
125	592
1	262
3	170
31	214
0	1062
23	1015
0	37
22	4
21	15
0	854
0	2940
137	2935
8	2795
1	254
0	133
6	108
0	8
16	108
0	16
23	116
0	254
346	2306
0	2150
8	1426
2	1259
0	0
0	0
0	0
0	0
14	263
0	0
11	2
0	4
0	263
1	247
0	133
493	399
0	280
17	399
105	1421
3	1421
1	1063
0	233
0	102
0	83
0	83
0	0
0	0
139	0
1399	1156
9	630
47	909
13	1142
55	166
0	873
4	362
0	997
0	0
0	1
0	1
0	0
1390	926
6	782
30	138
0	349
0	523
2	508
0	474
0	182
3	151
1	111
0	131
0	106
3	530
0	0
0	0
0	0
8	1
0	0
0	1
0	1
0	0
0	0
0	1
0	1
12976	45802
19	2207
0	29543
14	24474
2	18813
4	2436
5	14353
24	10654
23	9542
2	0
0	1
0	1
0	1
0	0
0	0
34	847
1	763
0	767
3	504
0	0
49	0
35	440
1	411
1	114
4	43
0	286
0	275
0	288
0	274
0	277
0	23
0	7
0	22
0	24
28	32
0	180
1	60
2	128
0	34
8	64
0	84
0	64
0	12
0	94
0	94
0	67
0	62
0	90
0	8
0	8
0	1
1	0
12	118
23	115
3	75
0	0
0	0
0	0
1	0
1	115
1	256
1	405
0	419
90	198
0	282
0	10
0	43
0	39
0	305
82	407
6	122
2	4
0	361
0	168
0	0
0	0
0	0
6	266
0	261
1	287
2	232
0	97
0	117
3	32
16	18
4	23
0	12
0	96
0	1198
20	1018
0	25
4	33
0	620
0	104
0	48
0	49
0	27
0	48
0	1179
0	946
0	0
1	2
0	1
0	1
0	0
0	1
0	0
0	639
0	639
1	647
66	626
0	356
21	83
0	70
0	0
63	2
0	171
2	539
0	177
0	117
194	539
0	320
4	170
0	13
0	188
4	13
1	378
143	13
6	143
24	101
1	85
2	0
2	21
0	163
0	307
0	893
2	802
1	118
3	664
0	0
0	0
0	0
0	0
0	0
0	0
0	0
0	0
0	0
0	0
0	0
1	0
0	0
2	0
0	0
0	0
0	0
0	0
0	0
0	0
3	0
0	0
1	0
40	113
0	108
1	93
0	9
0	3
0	5
5	0
0	0
0	0
675	551
4	410
1	389
0	0
0	0
0	0
15	157
1	137
0	197
1	151
0	144
2	20
0	18
0	20
0	3
1	2
0	1
0	3
29	0
28	1248
0	1216
0	1182
4	68
9	122
1	182
0	0
0	0
0	0
3	126
10	126
0	0
0	0
0	0
1	0
5	0
0	7
0	22
0	22
0	4
565	757
8	41
0	16
0	42
0	36
0	0
2	3
0	12
0	3
0	124
0	118
0	5
0	8
1	30
0	0
0	0
0	0
0	0
2	183
0	208
16	188
0	160
2	6
0	35
3	16
1242	959
58	857
5	510
3	192
0	0
0	0
0	0
4	15
22	208
0	1168
2	1151
22	342
7	207
0	193
4	163
0	57
20	29
3	110
13	139
637	139
726	6483
14	6483
9	3070
10	2989
0	3104
6	444
0	2608
4	194
0	202
3	231
1	488
41	147
36	212
10	25
0	61
0	61
0	56
0	14
0	13
0	20
1	20
0	47
0	5
0	12
0	21
0	13
0	0
0	0
0	0
0	2
0	2
0	2
9	936
27	732
0	924
2	743
0	778
0	877
0	777
0	352
0	497
0	358
0	106
0	127
0	190
0	159
1	148
0	85
4	147
7	46
1	123
17	131
78	0
1	662
183	944
0	653
4	705
0	111
0	120
2	19
0	275
1	32
2	1
24	98
0	98
0	106
0	106
0	0
5	72
8	13
4	64
1	0
0	65
7	4
0	4
1171	1135
0	129
5	913
0	306
2	202
0	243
0	163
68	145
0	1003
0	0
0	0
0	0
0	0
0	0
0	30
0	0
0	0
0	21
0	13
0	22
0	21
0	32
0	31
0	30
0	32
0	0
0	0
0	0
0	0
0	0
0	0
0	0
0	0
0	0
0	0
0	0
0	102
136	408
0	30
14	395
0	1
0	0
0	0
1	0
0	0
0	0
0	0
0	0
0	0
143	0
0	4
230	4
0	1334
21	1185
2	378
0	376
2	914
12	1222
0	612
0	920
17	264
0	729
0	283
0	209
2	412
482	787
3	643
0	311
16	259
22	102
0	0
0	0
0	0
0	0
0	0
245	1050
0	1038
11	810
0	0
0	14
0	14
0	4
49	0
14	276
0	0
0	0
29	22
0	0
0	24
9	276
2	15
0	5
5	49
0	2
0	2
0	1
0	1
0	1
0	1
0	0
0	0
76	109
0	85
4	65
4	45
13	0
0	281
0	301
1	15
0	78
0	72
0	18
21	771
0	777
1	740
0	771
0	774
3	0
590	628
32	21
0	628
0	71
0	14
1	62
0	0
0	0
0	0
0	0
0	0
0	0
0	0
0	0
128	1995
12	1974
78	100
636	375
53	98
2	277
7	46
2	107
0	0
0	0
0	4
0	4
0	4
2	0
492	1036
5	392
20	644
245	372
8	369
0	18
0	12
0	0
0	11
0	11
0	7
1	0
0	5
32	512
0	12
28	459
4	1
0	476
29	119
0	509
1	0
1	344
2	34
0	44
0	327
0	1
0	1
0	0
0	300
40	400
0	94
5	175
46	174
3	63
0	368
1	330
0	93
0	172
70	0
0	0
0	0
0	0
0	0
0	0
0	0
0	0
6	5
0	1
0	1
0	4
0	773
24	1307
0	1321
1	1260
0	1322
0	1259
5	93
0	338
0	260
1	33
0	32
0	1322
5	26
0	26
3627	0
2	0
0	0
64	20
4	11
0	6
0	9
0	8
430	541
2	94
4	70
3	126
3	116
26	291
20	216
0	207
6	76
0	35
0	70
0	75
0	69
0	10
0	16
0	24
0	13
2	0
0	0
0	0
0	0
0	0
0	0
2	154
546	201
0	67
0	17
2	20
1	4
3	12
0	4
0	18
0	2
0	0
0	529
58	589
4	13
12	34
4	26
5	282
0	221
9	91
0	3
0	3
0	3
0	2
0	2
4	0
0	0
45	86
0	60
2	86
0	3
0	43
0	49
0	9
0	15
0	1
1	8
0	1
0	0
0	0
1	0
95	1134
0	975
2	293
0	153
0	111
40	206
14	260
3	54
513	2016
2	606
0	304
13	1678
0	388
27	647
6	295
9	81
18	113
0	108
1	41
0	0
0	0
0	0
0	0
0	0
0	0
28	680
2	121
5	612
241	148
0	127
6	444
1	374
11	470
13	371
3	254
439	1148
41	0
0	1144
12	913
0	1020
0	438
0	1142
4	0
0	256
90	85
0	1157
0	0
10	245
5	270
3	268
41	216
334	654
14	654
2	195
9	213
1	85
0	5
0	2
0	2
0	5
0	3
0	3
0	0
0	0
0	0
0	450
0	487
7	161
0	41
0	11
6	28
415	13
0	13
6	0
6	239
182	239
3	67
0	335
0	218
3	250
1	172
0	59
256	113
38	113
4	0
0	0
95	343
0	339
0	21
0	0
0	3
0	3
6	5
0	11
0	11
0	18
1	23
0	19
0	23
0	8
0	5
0	5
0	4
0	0
0	2375
1	1891
1	216
2	263
10	135
0	201
5	858
0	798
0	152
34	655
0	469
0	165
18	8
1	132
0	2347
0	0
0	0
0	0
121	120
40	138
1	48
0	1
0	0
0	0
0	1
0	0
0	0
87	20
14	3
25	17
13	765
0	765
15	765
1	318
39	15
0	404
8	67
0	291
19	300
0	184
18	354
0	120
0	0
0	0
0	0
0	314
1	7
5	241
0	284
5	38
0	226
0	0
0	0
0	0
40	160
2	160
2021	6981
21	2053
23	1947
5	3061
9	2550
0	0
0	0
0	0
0	0
0	0
0	0
0	0
0	0
0	0
0	190
0	182
35	38
39	71
0	182
0	191
0	38
0	181
0	191
0	0
5	101
0	43
1	102
0	32
0	62
0	3
0	3
0	0
0	0
0	0
0	0
449	128
3	107
0	123
8	0
0	292
0	143
4	283
1	229
1	34
0	295
9	5
445	358
4	253
0	67
13	105
0	0
0	0
0	0
0	0
0	1188
0	751
8	602
0	1153
1	398
0	0
0	0
0	0
0	0
104	1174
0	504
6	496
1	375
0	423
0	380
0	592
0	588
6	406
0	0
29	939
5	867
6	613
0	805
4	72
0	934
1	863
0	4257
7	446
3	446
1	51
2	14
0	366
0	356
0	351
0	30
0	358
0	355
0	22
0	1
45	175
178	812
0	372
0	434
3	536
0	662
0	338
5	371
0	143
0	31
0	561
3	550
5	252
4	0
6	3
29	36
0	0
23	3632
23	3613
2	164
48	19
0	12
0	12
40	10
0	11
1	0
0	0
0	0
0	0
0	0
44	8
0	8
0	7
0	2
0	1
4	264
0	483
0	592
0	575
2	202
0	576
6	92
0	89
0	571
0	555
0	272
0	572
0	527
2	144
13	404
3	585
194	1758
22	84
55	474
0	1438
0	758
9	138
0	790
2	0
392	44
0	44
0	0
0	0
0	0
0	0
0	0
0	0
0	0
0	0
0	0
0	0
0	0
0	401
4	99
0	402
2	307
0	402
0	92
2	326
1	34
0	98
5	34
1553	0
0	1
0	0
0	1
0	0
0	0
0	0
0	7
249	7
0	0
0	197
3	13
6	20
0	2
0	2
3	197
1	0
1	0
0	61
2	66
0	66
18	12
0	67
0	20
5	5
1	107
0	107
0	107
0	8
0	5
0	0
0	6
0	6
0	3
217	456
5	126
0	353
0	212
1	119
1	7
0	290
0	201
0	185
1	112
1	78
0	30
0	290
58	0
358	879
0	873
0	73
2	5
0	1696
0	1648
0	1648
0	1697
3	49
0	199
1	107
0	94
4	412
0	238
0	736
0	198
1	198
0	427
0	0
0	0
9	521
0	415
3	460
0	204
0	163
3	134
3	225
38	1042
0	970
63	162
21	88
57	154
5	146
106	11
0	0
1	0
0	0
0	0
0	0
0	0
24	801
4	669
0	130
2	799
11	93
0	797
1	100
1	75
0	2
53	3
3	3
11	10
0	10
0	0
0	2
0	0
0	2
0	0
0	0
0	0
0	63
151	63
0	0
0	0
58	4665
0	4656
10	525
38	2277
1249	1024
0	459
5	242
10	11
0	724
0	228
0	397
0	730
11	46
0	56
0	0
0	0
0	0
0	0
229	64
2	64
6	56
0	0
0	0
0	0
0	0
0	0
11	2
5	1
0	0
0	0
0	0
1	1
0	1
0	1
0	1
0	1
0	32
2	20
0	24
0	15
0	1
0	1
0	1
15	142
26	89
0	316
2	286
10	265
4	13
2	74
0	3421
0	3684
19	663
0	318
2	2129
0	1777
0	283
19	250
81	225
0	377
2881	489
1	487
5	285
6	0
2	243
18	134
4	239
0	35
0	54
0	64
14	37
0	55
2	50
28	34
0	1825
7	1819
0	1824
0	1818
0	290
0	97
0	43
7	0
0	0
0	0
5	1220
0	1251
0	9
5	1239
0	137
0	790
0	1251
182	95
0	137
0	92
0	65
0	161
4	49
1	57
0	0
0	0
0	0
0	0
7	11
1	10
0	3
22	1144
22	1151
0	577
15	245
5	121
18	626
0	318
0	452
0	282
5	4
5	1
0	3
0	1
0	282
0	287
4	286
0	86
22	78
1	124
0	94
614	196
11	195
4	83
6	93
4	321
0	356
1	73
0	36
0	40
4	93
2	24
0	51
1	51
15	24
0	302
0	4
0	4
1	4
1	2
0	4
0	4
0	1
0	2
0	0
0	0
3	0
2	0
4	1
0	0
161	483
11	474
6	225
0	227
0	449
0	428
39	9
0	1
0	1
0	1
0	9
0	9
0	8
0	5
0	5
0	0
1	0
0	7
0	0
1	0
0	882
3	855
0	737
177	78
0	862
124	339
13	109
6	55
12	14
370	226
0	177
1	162
0	51
0	3
0	0
0	0
0	3
0	2
0	0
0	0
4	1435
0	1373
0	1959
47	1913
0	1883
0	1076
0	891
5	879
16	186
166	413
0	0
0	2
0	186
197	189
0	173
5	159
0	102
0	152
6	148
0	159
0	75
0	85
0	77
6	13
0	33
3	62
1	60
0	6
0	6
0	11
8	0
0	0
0	2
0	11
0	11
1	6
0	11
0	0
0	11
0	11
0	11
0	11
0	11
0	11
21	3
0	0
1	3
0	0
0	0
0	4
37	229
21	28
0	173
0	168
0	83
0	83
3	69
0	69
0	10
0	0
0	0
0	0
62	2928
1311	2928
64	1154
0	1891
0	1687
0	1680
0	1730
0	1231
5	981
0	0
2	82
0	80
4	77
0	30
0	76
0	30
0	58
0	66
20	0
33	0
3	1
37	6
0	3
0	6
230	0
0	11
0	11
0	3
0	0
0	0
8	1443
0	1462
7	1524
127	0
0	3
0	0
0	0
0	3
0	3
0	0
0	0
0	0
0	0
0	0
0	0
245	0
0	0
0	0
0	0
0	0
0	0
3	0
0	0
0	0
0	0
0	0
0	0
0	0
0	0
0	0
0	0
8	436
0	427
6	38
0	425
63	335
0	46
0	83
15	552
20	552
0	35
8	3
2	0
1541	375
0	24
22	224
88	127
34	0
0	0
26	2122
2	2144
27	1115
23	692
18	366
0	0
0	0
0	0
0	0
0	0
1	172
2	176
0	129
0	42
0	176
277	668
0	619
0	504
1	646
5	219
3	111
8	409
3	138
5	15
1	114
0	0
0	0
0	0
0	0
0	0
0	0
0	0
0	0
0	180
0	180
3	180
0	12
0	73
0	1717
0	2492
910	2790
3	226
2	1978
0	2574
10	190
13	619
3	529
4	138
11	158
15	512
0	486
1	859
19	154
1	366
0	250
8	146
0	12
15	0
0	0
0	0
271	53
73	53
11	1051
4	1051
0	928
0	433
0	387
0	79
0	161
1	0
14	12
0	3
12	3
0	0
0	9
0	8
1	4
0	1
0	2
0	3
0	0
24	395
20	170
0	67
1	15
2	211
0	0
0	1
0	0
0	0
0	0
0	1
0	1
1	0
167	46
0	46
0	0
0	0
0	0
0	0
0	0
5	245
0	238
25	80
0	80
70	76
0	76
76	60
111	1383
0	1383
0	673
0	218
0	442
1	342
0	291
237	37
0	37
10	27
0	27
0	5
397	1861
5	1858
171	53
32	101559
11801	101456
7	101456
0	21008
0	10737
0	4100
15	3440
14	1891
5	64979
0	0
0	0
1	147
0	580
0	57
4	34
0	30
7	246
3	68
191	10
0	10
0	2
11	6
0	6
92	193
27	88
0	87
1	187
3	71
32	183
0	28
5	68
0	76
0	192
4182	1787
16	1206
6	351
0	0
0	0
23	280
0	103
43	340
4	326
0	120
44	946
808	946
3	91
1	91
0	0
137	134
0	19
0	28
0	18
11	33
14	25
0	6417
0	5510
0	4840
0	6243
0	2797
0	5495
7	2197
0	492
0	204
1	177
1	134
1	23
0	214
0	0
0	0
0	0
0	0
0	0
0	0
0	41
0	38
0	41
0	9
0	6
0	5
0	0
26	353
0	353
22	290
6	290
0	74
1	851
2	508
0	697
1	56
21	697
0	91
0	141
0	0
0	0
0	0
1	8
1	7
0	8
0	2
0	2
26	21
0	21
0	0
0	3
1974	431
8	431
34	49
11	0
0	0
0	0
0	0
1	212
1	199
1	159
1	102
0	95
0	113
0	53
0	51
2	60
9	57
0	49
0	48
4	42
0	0
0	0
0	0
0	0
0	0
0	0
0	0
0	0
0	0
0	0
0	0
0	0
0	0
0	0
0	0
15	176
312	167
0	7
0	7
0	0
0	0
0	0
29	1688
0	989
30	1662
100	337
63	843
0	219
12	30
0	424
2	230
0	152
0	130
46	180
0	96
0	0
0	0
0	2
0	2
0	2
0	0
0	0
1040	564
10	341
0	236
4	325
3	119
0	26
0	326
15	334
0	56
20	102
1	20
1	33
1	32
0	34
4	35
0	19
0	7
0	100
0	0
0	0
0	0
0	0
0	0
0	0
0	0
0	0
0	0
0	0
0	0
0	0
0	0
0	0
0	0
0	0
0	0
0	0
0	0
0	0
662	0
2	0
27	376
0	377
0	375
0	0
0	0
0	0
0	0
0	0
0	0
0	0
0	959
0	910
2	6
1	215
0	65
0	142
0	139
0	273
6	80
0	935
110	211
0	949
0	903
0	952
0	0
0	0
0	0
0	0
0	2
0	0
0	2
0	0
0	0
0	0
0	1478
7	1476
1	601
8	155
9	16
0	87
0	1472
13	859
101	2402
0	2329
0	265
0	337
0	385
25	186
547	1489
17	149
6	1334
15	552
1	527
0	317
0	1133
0	1173
0	1112
0	1088
0	635
0	182
0	663
0	15
0	1105
2	4349
9	4244
14	966
0	2850
3	0
435	0
0	66
0	47
0	65
63	2
0	2
2	0
0	0
60	907
260	261
146	907
4	76
163	732
13	688
2	0
0	0
0	0
0	66
0	42
0	58
8	34
0	66
0	75
2	51
2	72
4	66
0	19
2	23
0	35
4	41
0	2
3	2
401	588
276	139
1	139
0	0
0	0
0	0
0	0
0	0
0	0
0	9055
133	8862
0	6840
28	1525
0	1352
0	1287
22	1380
0	1820
16	187
0	9050
0	14
0	71
33	104
0	104
1	106
0	8
0	8
0	7
0	7
0	3
0	0
3	0
38	459
7	95
0	4467
0	4441
0	4403
56	4365
0	3990
20	79
1	1716
7	15
1	111
22	49
46	440
0	305
0	0
0	1
3	1
2	1
0	215
8	215
2	2
0	0
0	0
0	0
0	0
0	0
0	776
0	722
10	770
0	688
23	142
0	0
467	1210
0	1262
0	1159
5	1025
0	774
0	560
0	910
0	767
0	775
0	800
0	339
77	521
2	190
0	266
5	98
0	1067
0	16
0	0
0	0
0	0
0	0
0	1
3	0
0	0
0	0
5	196
747	385
0	428
0	431
21	15
5	14
22	18
1368	689
1	689
928	875
0	838
0	42
0	3
0	3
0	1
17	1442
0	1755
3	587
0	67
0	0
0	0
0	0
0	0
0	0
0	1
2	67
0	67
0	0
0	0
0	0
0	0
0	0
0	0
0	0
92	0
2	418
0	418
5	8
0	418
0	521
22	321
35	371
54	127
0	283
2	279
15	122
0	3
41	3
1	3
4	3
0	1
0	2
3	2
0	2
0	1
0	0
0	0
0	0
0	0
0	0
0	0
0	1584
333	1974
0	1702
4	1011
0	0
0	0
0	0
0	0
15	0
289	91
8	15
2	45
26	15
17	9
15	33
0	13
0	0
0	6
0	1
0	1
0	1
0	0
0	4
0	0
0	1
0	0
0	0
0	28
0	23
0	5
0	24
0	25
0	19
0	22
0	5822
0	2646
0	116
0	61
0	499
0	174
0	101
0	56
0	2861
0	473
0	1395
0	1211
1	1162
2	2586
7	529
0	3842
2	822
0	1104
0	946
0	2420
0	2285
0	2390
0	1486
0	2385
2	1733
19	1028
1	443
0	4984
0	5066
0	4925
0	178
0	163
0	177
0	163
5	8
1	16
2	11
0	108
0	7
0	31
0	3
0	32
4	18
3	1190
2	369
0	967
34	303
2	284
0	132
1	58
0	8
1	1157
187	78
1	78
0	196
75	222
9	239
115	1351
31	852
12	1351
0	318
7	482
2	66
0	98
3	98
0	0
0	0
0	0
0	0
0	0
0	0
0	0
6	432
0	432
0	4
0	195
0	185
0	196
3	93
0	220
8	38
3	90
1	137
5	135
0	160
0	164
0	210
0	134
1	17
16	161
0	172
12	5
0	42
0	39
0	73
0	80
0	35
0	35
0	52
7	0
0	41
9	3
892	1141
0	1057
6	42
41	357
93	638
0	58
17	386
0	82
6	1743
29	1643
0	1713
1	1194
7	1363
3	447
0	220
1	354
3	569
10	166
2	263
0	246
1	105
2	68
45	103
237	116
0	112
11	24
0	28
48	27
4	623
3	273
0	246
5	610
0	468
0	582
0	560
17	143
0	91
13	542
0	0
0	0
0	0
0	0
0	0
0	0
0	0
0	0
0	0
0	3
0	3
0	0
0	3
0	3
0	0
0	0
0	2
0	3
0	3
0	0
319	171
7	171
0	0
0	0
0	0
194	0
0	0
0	0
0	0
208	711
6	301
0	478
1	137
1	92
0	74
13	87
9	132
39	33
3	251
3	2
0	71
0	2
5	2
1	0
0	1
0	9
8	7
5	2
0	2
0	24
0	24
0	68
6	7
0	2
0	20
9	255
2	76
0	235
1	0
208	4037
28	4031
0	2250
3	1240
86	577
0	0
431	103
10	22
1	103
0	923
9	533
10	715
1	679
2	90
4	118
0	55
7	926
0	0
151	505
2	496
0	486
14	235
0	182
0	88
1	0
0	99
0	99
0	5
0	30
0	88
0	2
0	10
0	7
1	8
0	0
0	7
0	6
0	8
1	9
3	0
0	99
0	4
0	4
0	4
0	0
0	0
212	2050
9	1769
7	145
24	434
31	665
0	466
13	61
0	455
43	124
19	86
22	5063
0	5654
0	4826
210	5098
0	4119
47	340
32	63
2	827
3	1038
0	372
8	776
160	0
39	264
0	263
29	224
0	260
1927	2376
0	1421
0	14
0	2087
0	1263
0	32
1	15
5	140
0	52
0	129
0	122
0	0
0	0
0	0
0	0
0	0
0	0
0	0
0	0
0	0
43	1846
0	1846
1	1844
2	920
0	937
0	933
0	965
0	135
1	585
0	48
32	291
6	14
0	90
1	692
0	611
0	614
19	55
0	634
0	57
830	734
2	733
0	7
0	7
0	0
0	0
0	0
0	0
0	0
0	0
0	0
0	0
0	0
0	0
0	0
0	0
0	1
29	365
0	9
0	21
0	252
0	333
0	11
0	12
4	2223
5	2223
7	266
1	367
0	395
16	87
3	65
0	2222
4	215
0	37
0	263
0	102
0	174
0	1763
14	1761
5	1237
4	136
0	136
0	167
0	113
0	161
4	20
46	3
0	1
0	1
0	0
0	1
0	1
1559	1
1	1
23	5869
19	5660
0	5411
9	5072
3	1182
8	4740
2	296
13	365
18	704
4	1523
26	999
7	970
12	1326
0	560
14	526
0	8
4	12
0	7
0	0
0	3
0	7
0	10
0	1
0	8
0	6
0	10
0	0
0	5
0	0
0	0
0	0
2	0
0	0
0	0
0	0
0	0
0	29
0	25
0	1
0	1
33	1007
3	56
4	49
0	1007
0	0
0	0
0	0
0	0
0	84
0	185
0	65
0	215
0	53
0	114
54	121
11	46
0	47
0	38
0	10
0	36
1	3
118	203
0	53
0	57
5	90
17	137
9	127
0	0
0	0
0	0
0	0
0	0
0	0
0	103
0	96
0	520
1538	755
0	14
90	246
1052	1817
0	430
1	807
0	159
3	638
1	511
0	1527
2	1171
12	427
0	0
0	0
5	18
0	12
6	8
0	4
11	1018
3	46
3	52
0	1018
0	0
0	0
0	0
0	0
0	0
0	609
0	0
0	0
0	0
47	41
2	11
3	19
0	14
0	15
0	12
1490	16
0	0
0	0
32	564
0	91
0	52
0	78
2	83
34	203
0	487
0	42
0	284
2	19
11	79
0	52
0	139
0	0
0	609
0	441
0	609
2	329
15	609
0	441
2	441
34	0
257	0
0	0
0	0
0	0
2	618
3	577
2	627
119	607
0	180
0	150
2	131
0	357
37	72
0	397
0	393
0	79
0	39
4	43
0	0
0	0
0	15
0	16
0	4
0	5
1	3
0	11
0	4
0	1
0	0
0	0
0	12
0	0
0	7
0	0
62	2
10	2
22	127
3	4
0	118
1	110
0	0
0	0
0	0
0	0
0	0
0	0
0	0
0	0
0	0
0	0
0	0
0	0
0	0
0	0
0	0
393	270
0	192
42	192
26	42
0	0
0	38
0	42
0	4
0	8
0	33
0	3
0	6
0	1061
0	35
0	156
0	156
0	51
0	5
0	127
3	17
0	22
0	24
18	17
233	35
2	16
0	19
0	157
0	247
8	17
7	292
0	720
0	35
17	97
0	710
0	42
0	103
20	277
4373	906
0	906
60	148
3	148
2	5
0	23959
17	21816
41	6117
6	248
17	11699
6	21787
19	9007
0	9636
67	636
0	1306
30	122
6	717
14	287
16	0
1	242
2	157
0	452
0	0
0	0
0	0
0	0
0	0
0	0
0	0
0	0
0	0
0	0
0	0
0	0
0	0
0	0
0	0
0	0
0	0
0	0
5	15
92	15
0	0
0	0
0	0
0	0
0	0
0	0
46	31
0	204
49	192
0	11
2	71
7	29
4	21
0	0
1	0
0	0
0	3
9	10
0	9
0	8
0	9
0	1
0	0
15	208
2	208
0	0
73	298
0	297
0	280
0	45
0	28
0	8
1	6
0	135
0	115
0	68
1	62
297	1026
0	105
0	1012
1	49
0	2
0	2
0	0
0	0
0	0
0	0
0	0
12	0
0	0
0	0
0	0
0	0
17	1440
6	1495
19	1446
7	1440
0	203
0	0
0	0
23	4
0	4
0	0
0	0
0	0
1	2685
709	2667
2	2061
1	3937
0	4589
0	2655
67	1321
0	76
145	68
14	68
0	27
0	37
0	48
0	78
0	581
1	495
85	327
0	192
9	103
8	687
0	617
20	642
0	626
12	568
0	642
0	416
0	0
0	0
0	0
10	7702
70	7614
17	230
8	482
5	893
0	898
0	0
2	864
0	899
4	729
0	2101
0	21
0	2014
161	196
0	19
0	24
7	145
7	41
9	86
63	45
0	77
0	1
0	1
0	1
0	1
2	6
0	1
0	5
2	3
0	0
0	1
0	0
0	0
0	0
0	0
0	2
0	2
0	2
0	0
0	0
0	2
0	0
0	0
0	0
0	0
0	0
0	0
0	0
206	0
115	160
0	85
2	144
0	39
0	41
0	0
93	119
1	94
19	92
0	89
0	0
0	0
0	0
0	0
0	0
0	1
0	1
0	331
0	350
0	41
0	344
24	57
0	94
7	0
0	0
10	545
0	521
1	379
6	605
1	492
0	433
0	0
0	0
0	0
316	255
2	4
168	266
0	97
2	175
10	14
0	0
0	0
0	0
0	0
0	0
0	0
0	0
0	0
0	0
1526	684
26	684
15	55
0	16
0	12
1	2
0	6
1	5
0	4
0	10
0	16
12	132
4	3
19	186
0	130
0	50
0	28
0	17
0	23
0	29
3	34
2	137
35	137
0	46
1	37
0	36
0	60
80	99
5	11
1	96
0	66
0	2
0	0
0	2
1	1
0	3
0	2
0	0
0	0
0	0
0	0
29	424
0	417
0	448
0	213
38	29
2	290
42	328
0	120
0	110
0	74
2	7
44	5
0	5
0	0
0	0
0	0
0	0
0	0
0	0
46	351
0	346
6	5
161	1203
25	8
9	107
4	122
0	593
1	364
9	870
0	1016
0	907
0	454
4	452
11	13
0	3
0	0
0	1
0	2
0	2
0	0
0	0
0	0
0	331
0	323
12	278
0	178
0	30
1	13
0	77
0	59
1	31
0	0
0	0
229	5
0	5
0	0
0	1
0	1
0	0
0	0
0	0
0	0
0	0
0	0
0	0
0	0
0	0
0	0
0	0
0	0
0	0
0	0
0	0
0	0
0	448
3	217
10	416
0	237
675	86
0	137
44	447
34	191
3	192
4	188
3	0
0	0
0	0
0	0
194	13
0	19
33	14
0	0
0	0
0	0
0	0
0	0
6	0
0	0
0	0
0	0
0	0
11	2
0	0
0	239
12	49
6	17
70	418
0	400
11	38
0	166
0	0
0	0
0	0
9	3
0	3
0	0
0	266
0	248
0	256
0	255
0	206
20	66
4	43
0	254
0	0
0	0
0	2
0	4
6	22
0	22
0	5
0	0
0	0
0	0
0	0
0	0
0	0
0	0
0	0
0	0
0	0
0	0
0	0
0	0
0	0
0	0
5	0
12	649
13	649
0	601
8	102
27	0
8	885
0	885
0	836
15	38
1	4407
1	368
0	4205
7	248
10	192
0	411
0	414
2	776
6	962
109	75
0	56
3	38
0	52
0	8
1	6
0	0
0	0
0	0
0	0
0	0
0	0
0	0
1	36
0	36
0	11
0	16
0	34
0	6
0	17
0	31
0	32
0	17
1	11
0	3
0	36
0	0
0	0
2503	0
128	62
0	62
13	979
1	26
0	29
0	30
0	13
0	49
0	61
0	126
3	29
0	36
0	58
0	1013
7	35
40	76
2	10
8	60
0	53
10	42
0	0
0	0
25	1054
0	1066
8	5
3	47
25	303
0	705
42	0
0	0
61	26
0	12
0	8
0	8
0	2
0	2
0	2
0	321
150	291
6	327
0	323
0	63
0	75
0	54
0	4
0	0
0	0
0	0
0	0
4	0
0	0
0	0
111	0
0	0
0	0
0	0
0	0
0	0
0	0
0	0
0	0
368	0
0	211
131	216
14	13
16	206
1	185
0	207
0	0
0	0
0	0
0	0
0	0
0	0
0	0
0	0
4	1901
13	1679
0	513
0	1539
0	1576
0	1651
0	1627
13	178
0	213
7	0
0	930
0	171
37	956
0	180
0	233
3	228
1	419
8	352
0	1601
0	0
0	0
0	0
0	0
0	0
0	0
0	0
0	0
0	0
0	632
61	163
2	95
11	504
33	0
0	662
23	715
40	413
0	609
12	144
0	0
0	0
0	145
0	44
0	0
0	0
0	0
0	0
0	0
0	0
0	0
0	0
0	0
0	0
10	942
0	1363
11	322
0	992
0	993
0	988
0	935
0	837
0	330
3	1362
0	3
0	2
0	2
0	3
1	0
2	22
0	22
0	0
0	0
0	0
0	0
0	0
0	0
0	21
2	0
0	31
1	115
0	116
0	112
4	96
8	43
0	35
0	0
0	0
0	0
0	0
0	0
0	0
0	0
0	0
0	0
0	0
0	0
0	0
0	0
75	684
0	679
0	695
0	15
0	0
0	0
261	9456
94	8080
0	2119
0	1112
114	2134
0	9010
0	4823
25	4979
13	7563
34	1151
69	2106
132	2225
1	1461
0	488
0	214
0	214
0	0
0	0
1524	912
0	306
25	168
12	30
10	119
5	186
23	28
1	104
0	246
0	2
0	2
0	2
1977	0
111	188
0	188
7	166
0	51
0	0
0	0
0	0
0	0
0	0
0	0
0	528
0	511
18	45
0	83
0	25
2	86
12	101
1	28
0	0
0	0
0	0
0	0
0	0
0	0
0	0
0	0
0	0
0	0
0	0
0	0
0	0
0	0
0	0
689	800
8	800
0	9
0	9
0	9
0	9
0	9
0	3
0	0
3840	2096
5	2090
6	0
5	100
32	96
0	39
0	0
0	0
13	0
4	10
0	0
0	10
23	459
30	225
15	92
0	235
0	402
0	490
84	512
3	546
0	361
4	511
0	654
1185	957
0	1176
0	0
6	0
30	1279
219	1458
29	596
87	147
39	1484
0	1342
2	1392
0	1303
0	378
990	2159
6	1264
0	420
0	524
2	140
0	87
0	474
0	0
0	0
3	0
5	5
0	8
0	8
0	5
0	8
0	8
0	3
0	3
0	0
16	0
0	0
0	0
0	0
0	0
0	0
0	21
0	0
0	0
0	0
0	0
0	0
0	0
0	418
0	448
0	427
2	28
0	467
0	421
2	1
0	54
6	687
1	687
1	408
0	687
0	1
0	1
0	1
0	0
0	0
0	0
0	0
0	331
0	331
32	309
422	146
3	146
0	2868
567	2886
0	393
78	2868
12	2822
0	2905
0	380
0	2702
0	0
0	0
0	0
0	0
111	1988
64	1076
7	1305
7	110
6	925
0	692
0	16
10	353
0	0
0	0
0	0
0	0
0	0
0	0
36	698
0	172
21	698
0	0
0	0
0	0
0	0
0	0
0	3
0	0
0	0
0	0
220	2725
0	2706
0	516
0	2434
0	1642
0	835
0	569
0	627
100	107
15	97
0	0
0	0
0	0
0	0
0	0
0	0
0	0
0	0
0	0
0	0
0	0
2	3
0	0
0	0
0	0
0	0
0	606
1	496
10	196
0	597
0	466
3	230
3	6
6	109
0	111
11	576
13	45
1	460
27	94
0	86
2	43
2	10
7	4
0	4
15	12
17	2
0	1
0	1
0	1
0	0
0	0
0	0
0	1
1	0
1	0
0	0
0	1
0	1
3	3212
1	3210
2	390
12	0
0	0
0	0
0	0
0	0
0	0
0	0
0	288
0	260
0	288
0	33
1	296
13	314
2	109
5	3
551	96
106	245
2	245
0	1250
12	1269
0	0
0	34
0	34
3	3
1	1
0	30
0	1
0	1
0	1
0	1
0	1
0	0
0	0
0	0
0	849
0	871
0	856
0	454
0	646
0	662
0	657
707	0
17	716
0	930
0	918
0	884
0	754
0	929
22	669
0	92
126	483
0	483
31	341
171	378
7	299
0	48
0	0
0	0
0	0
0	0
0	0
0	0
0	0
0	0
0	0
0	0
0	0
0	0
0	0
0	0
165	0
0	0
0	0
0	0
0	0
616	217
0	217
0	0
0	0
0	0
0	0
126	1988
0	36
60	31
0	7
0	283
2	1408
7	466
8	114
10	114
19	27
0	0
0	0
2	855
0	0
106	99
0	62
0	40
31	46
0	46
0	44
0	0
0	0
1	583
1565	1896
0	190
0	231
1	281
0	1694
15	202
25	7
0	7
0	0
1	565
0	617
0	627
0	553
1	257
2	103
1	51
33	315
10	73
0	245
0	212
16	97
0	111
0	0
0	0
0	0
0	0
0	2
7	2
41	183
0	0
14	23
0	0
0	23
0	0
0	0
0	0
0	12
0	12
0	156
5	128
1	129
0	67
7	39
0	0
0	0
0	0
0	0
0	0
0	0
0	0
0	0
0	0
0	0
1	248
0	248
0	249
1	146
11	0
5	19
2	20
6	7
16	0
0	0
0	0
0	0
0	0
3	1
0	1
0	0
0	79
166	511
0	150
26	153
0	315
6	31
0	146
11	160
0	144
1	92
2	88
0	61
0	76
0	52
0	79
11	6
1	55
0	0
0	0
0	0
0	0
0	0
0	0
0	0
0	0
0	0
0	0
0	4
0	4
0	0
0	1
0	1
160	677
3	523
20	320
1	203
0	0
0	0
0	0
0	0
0	0
0	0
0	0
0	0
0	0
0	0
0	0
0	27
0	27
0	27
0	0
0	1
5	1
0	8
0	8
0	0
0	0
0	0
0	0
0	0
3	19
566	1095
38	135
0	224
1	148
1	719
0	157
3	878
1	244
7	147
6	0
0	0
0	0
2	4
0	4
0	2
0	3
0	0
0	3
1	1
0	0
0	4
3	5004
25	5005
3	811
24	190
1	1372
0	873
0	712
0	1
0	1
0	1
0	0
0	1
0	1
0	0
0	0
0	0
0	0
1	1
2	1
0	0
0	0
464	673
0	345
0	249
0	229
0	229
514	0
0	0
0	0
0	0
0	668
0	539
27	220
0	111
4	123
4	89
82	511
202	238
7	220
2	57
8	123
1	0
1	16
0	1
0	1
0	0
0	0
0	0
0	0
0	15
0	0
0	0
0	0
0	0
0	1
0	1
363	650
0	568
0	160
0	103
1	138
1	37
0	66
1	23
5	57
5	5
0	0
0	0
0	0
0	103
0	96
0	27
1	52
0	43
0	38
0	19
0	23
0	10
4	8
0	0
23	2930
21	2930
0	174
11	456
0	101
1	101
0	86
0	10
14	0
0	0
15	177
1	176
1	84
2	18
14	0
45	275
2	266
0	26
0	12
0	19
0	12
0	0
0	34
0	22
0	0
0	0
0	0
0	2
1	2
5	0
43	6
0	4
0	2
0	21
0	21
2	21
0	20
9	37
0	37
0	25
5	3
0	0
0	0
0	0
456	975
17	279
1	180
0	596
0	825
602	149
6	151
1	83
0	0
5	86
0	31
0	0
0	23
0	7
310	7216
6	6835
0	6565
39	5802
58	888
60	84
33	237
1	2163
12	237
1	741
1	159
0	211
10	250
0	0
0	0
0	0
0	0
0	0
0	0
0	0
0	5
0	2
0	5
0	109
33	2
0	2
1	2
0	1
0	217
0	72
0	0
0	0
0	0
0	0
0	0
0	0
658	17
28	18
41	13
0	4
0	4
0	4
0	3
0	20
0	29
0	29
0	20
0	15
0	4
0	0
0	0
693	444
9	444
6	947
0	56
2	34
0	947
1	7104
1	46
1	72
33	527
17	455
0	138
14	142
1	70
0	72
129	203
0	43
0	170
0	64
0	12
2	62
0	19
0	2
8	4
5	0
43	0
43	0
1	0
0	4
7	5
0	0
0	5
0	0
0	0
0	0
0	0
0	0
6	0
1	526
95	526
1	511
0	0
0	0
7	3596
4	5403
0	1977
4	5338
4	4895
13	785
5	1454
1	6
0	25
0	63
0	58
3	69
0	26
0	69
0	6
2	5
0	7
0	32
0	6
0	0
2	1
0	84
2	742
3	209
110	5
0	681
0	9
5	78
0	133
4	0
0	0
31	345
0	268
15	341
0	181
2	54
9	138
0	142
0	938
1	936
0	936
3	137
15	221
0	139
0	0
18	46
0	0
0	3
0	3
0	3
1	0
0	0
0	0
0	0
0	0
0	0
0	0
1713	0
42	1015
1	997
3	680
3	40
0	59
0	112
1	76
0	0
0	0
70	246
11	3396
0	1083
3	144
0	200
0	172
0	246
0	2366
0	239
7	24
0	168
2	24
3	281
2	123
0	0
1	0
0	0
0	0
0	0
0	0
0	0
0	0
0	319
3	100
2	127
0	218
2	317
0	42
1	126
0	111
1	83
2	33
0	110
0	320
0	0
0	0
195	0
0	208
17	423
1	64
8	332
0	317
0	115
0	65
4	61
6	174
5	174
0	0
0	0
0	25
0	25
0	26
0	15
0	16
0	15
0	2
0	8
0	3
0	3
0	3
0	1
0	2
0	2
0	1
0	0
0	0
0	0
0	20
4	9
0	9
0	0
1	0
0	0
784	0
0	0
0	0
0	0
2	6
0	2
0	0
0	6
0	383
0	408
2	405
0	85
6	0
10	2
133	786
1	578
0	71
0	71
22	7
16	16
12	221
17	5
0	0
1	0
0	0
0	830
0	321
20	476
0	400
0	160
2	27
0	247
0	763
0	137
17	125
0	0
0	0
0	0
0	0
8	149
0	101
3	42
27	48
0	18
0	337
0	314
3	37
0	329
0	312
0	156
0	41
0	64
0	2
0	2
0	0
0	48
71	74
3	34
0	73
2	13
0	15
1	7
0	164
3	156
0	135
0	23
8	1
0	1
60	625
1	625
0	625
7	40
0	39
0	29
0	40
3	8
0	8
0	17
0	0
35	20
1	0
0	9
0	7
0	1
0	1
0	5
0	2
0	0
0	0
0	0
0	0
0	0
0	177
9	161
0	22
0	69
1	73
0	60
3	54
0	122
0	79
0	68
0	0
96	820
6	726
49	223
3	69
22	32
0	32
1018	1726
0	435
0	1072
51	1152
19	140
15	58
5	79
0	0
0	343
6	340
23	286
2	13
558	1470
1	1470
0	0
0	0
0	0
0	0
0	14
0	14
0	0
0	2
0	2
0	1
0	1
0	1
0	0
0	0
0	1
0	0
0	0
0	0
0	3890
0	3666
6	175
0	170
9	3584
9	215
1	253
1	494
1	362
6	220
0	271
9	367
10	291
0	400
0	392
0	77
21	175
0	18
10	109
0	109
176	625
132	625
0	41
0	10
0	17
1	41
0	8
0	18
11	787
0	787
15	301
1	69
0	70
0	67
0	68
1	70
0	68
0	17
7	6
0	0
0	67
529	1593
0	764
1	467
6	464
4	466
133	200
15	103
132	274
0	275
0	276
9	0
23	1716
208	851
35	1708
1	197
18	271
40	607
32	101
116	119
2	2527
0	2546
16	343
15	420
2	323
0	115
3	237
0	1658
0	0
0	0
2	327
23	327
0	86
0	0
0	0
152	15
2	5
0	1413
0	1408
2443	1413
1	459
0	0
0	0
0	0
484	4164
1	4164
41	166
0	182
0	268
4	2058
0	201
0	331
0	0
0	0
0	0
0	54
0	68
0	53
3	43
0	58
0	45
0	51
0	0
0	0
718	26
655	838
0	696
0	185
0	0
0	0
0	0
0	0
438	144
3	144
0	0
0	0
0	0
0	0
241	2999
0	2941
10	2975
0	246
0	1132
30	13
0	4
0	2
2	9
0	1
0	0
0	0
0	0
0	0
0	0
0	1081
57	1081
1	135
0	87
0	45
6	114
0	45
2	36
70	424
0	2
0	272
20	1238
2	1118
254	879
0	813
0	499
6	151
0	0
0	0
0	0
0	0
0	0
0	0
725	6
2	6
0	0
0	431
1	43
0	416
0	302
0	6
5	301
0	296
4	117
0	42
0	18
0	417
0	1
0	1
0	17
0	17
1	17
0	2
0	2
0	0
4	2
2	2
0	0
0	0
0	1
0	1
0	131
3	106
0	29
0	28
0	137
310	103
3	103
9	0
110	0
450	75
2	75
252	103
9	96
21	18
0	66
15	60
2	41
2	150
0	137
0	43
2	68
0	90
0	104
3	86
20	111
5	1
0	1
0	1
0	0
67	231
0	231
0	31
0	0
0	0
2	325
3	116
0	116
0	265
6	23
3	250
0	401
72	499
0	36
0	20
0	455
0	124
0	140
17	502
0	66
0	584
0	524
0	77
7	443
0	390
19	35
46	0
0	122
11	168
3	34
0	7
10	0
0	553
0	0
0	0
0	3
0	3
0	205
1	206
0	205
0	34
0	1
0	205
9	93
0	101
1	17
0	80
0	278
0	254
0	603
9	603
0	77
0	78
2	50
0	21
0	26
0	0
0	0
0	0
0	0
0	0
0	0
0	0
0	0
0	0
0	0
0	0
0	0
0	0
0	0
0	32
1	32
0	1
19	30
2180	30
0	0
0	0
5	208
21	211
0	56
0	205
0	37
0	28
25	26
0	15
45	1
0	0
2	0
0	0
5	0
0	0
0	0
0	0
0	0
0	0
0	0
0	0
0	0
0	2
0	2
0	0
0	0
0	2
4	0
0	1
0	1
0	1
0	1
1	0
0	0
3	31
0	39
0	36
0	40
0	14
0	24
0	37
0	17
0	17
0	35
0	17
0	15
0	15
0	23
0	3
0	33
0	26
0	32
0	25
0	22
3	24
0	12
0	13
0	14
0	15
0	11
0	9
0	8
0	21
3	21
0	17
0	17
0	6
1	24
0	31
0	1
0	48
0	47
0	42
961	0
0	0
0	0
0	0
0	0
0	0
0	0
0	0
0	0
0	0
21	6
0	6
0	0
1	1125
1	1124
19	1095
12	17
2	91
9	287
0	122
0	1
0	0
0	0
0	0
0	0
0	0
0	0
0	0
0	0
26	0
0	0
0	0
0	0
0	4
0	0
8	2493
0	2830
0	2830
14	766
16	120
10	530
0	2830
0	0
0	0
0	0
0	0
398	59
0	59
0	34
0	0
0	0
0	0
19	187
0	9
0	19
0	24
0	24
0	21
1	8
0	6
0	14
0	0
1	94
12	211
5	213
1	0
0	0
0	0
0	0
0	0
0	0
0	0
0	400
0	340
0	387
10	225
128	427
5	59
0	0
0	0
0	0
0	0
0	0
0	0
8	1032
31	1291
0	535
29	232
4	51
2	1078
286	370
2	148
1	208
0	184
4	121
0	14
0	0
0	0
0	0
0	0
0	0
0	0
0	0
0	0
406	294
1	294
0	2
0	0
0	2
0	0
0	0
1663	701
1	188
0	420
0	292
5	53
0	391
0	328
43	2
0	0
0	0
0	0
622	154
3	55
8	73
1	26
0	0
0	0
0	0
1610	1237
2	204
4	143
5	243
19	595
0	294
1237	649
0	346
0	214
4	104
0	89
1	9
2	0
0	0
0	89
29	3121
10	2092
10	41
2	103
1	66
0	7
1	123
31	348
0	294
34	3194
0	0
0	0
0	0
0	0
0	0
0	1
0	38
0	107
2	27
0	58
0	53
0	63
0	76
0	15
1	47
0	20
3	33
0	2
0	0
0	3
0	26
9	31
0	5
1	204
0	183
0	203
1	0
0	17
0	0
0	0
0	0
0	0
0	0
0	0
0	0
0	0
0	0
2	113
2	26
0	8
0	89
1	4
4	383
0	285
6	3292
6	3739
0	1320
3	205
8	4160
0	145
4	1078
80	4021
0	553
8	301
2	259
1	2438
0	605
121	157
5	60
2	97
0	7218
63	7185
2	7184
16	316
0	6972
0	760
20	32
0	0
0	0
0	0
0	0
0	0
0	0
0	575
0	703
5	253
3	183
0	226
2	174
0	142
5	304
0	0
44	1377
0	27
42	635
13	1415
2	88
0	1391
0	0
0	0
0	0
0	0
0	0
0	0
0	0
0	0
0	0
0	0
0	0
888	0
0	0
26	318
335	2965
3	2955
9	40
20	1153
57	900
0	11
0	330
0	179
4	343
0	70
5	247
3	51
13	35
0	0
0	17
0	17
0	13
0	2
0	17
0	1
0	0
0	0
0	17
254	167
65	73
0	48
0	22
3	118
2	13
4	46
0	0
0	0
0	0
0	0
0	0
0	0
159	497
0	536
0	520
6	536
0	425
0	487
2	548
0	374
0	556
0	338
0	166
0	536
0	0
0	0
0	0
92	581
36	478
3	115
0	66
10	36
0	77
2	63
2	55
0	118
0	0
0	0
0	0
0	0
0	0
0	0
0	0
0	0
0	0
0	0
0	0
0	0
0	0
843	71
0	71
0	0
0	0
0	0
0	0
0	0
0	0
0	0
0	0
0	0
0	0
0	5
0	4
0	1
0	2
0	2
0	1
0	1
0	1
0	0
0	0
0	0
9	124
0	124
1	0
0	0
85	129
10	129
0	0
0	0
0	0
0	0
0	0
0	0
0	0
23	2030
0	1096
0	66
4	120
0	2033
0	0
0	0
0	0
0	0
0	0
0	0
0	0
0	0
0	0
0	0
0	0
0	3
0	3
0	0
0	0
0	3
0	0
0	0
0	1
0	0
0	0
0	0
0	0
0	0
0	0
0	0
0	0
0	0
0	0
0	1
0	1
0	1
0	0
0	0
0	2
0	3
0	2
0	3
0	0
0	1
13	0
1047	6686
3	6448
29	5834
30	177
18	10
1	10
0	8
0	6
2	1
0	1
0	1
1	149
0	105
134	157
0	0
0	0
0	0
0	0
0	0
0	4
19	4
0	14
1	14
0	0
29	425
7	425
2	115
1	46
13	3
0	3
0	0
0	0
0	0
0	0
1	0
0	0
0	0
0	0
0	0
70	340
2	98
0	340
56	2962
6	1037
0	2121
1	836
18	418
0	1046
0	528
115	20
0	0
0	0
0	0
0	0
1	7
0	7
7	429
3	226
0	434
0	418
2	197
0	112
0	28
20	0
0	0
0	0
0	0
0	0
0	0
0	139
0	129
0	142
2	56
0	123
4	130
0	16
0	16
0	18
0	2
0	42
0	37
0	3
0	3
0	127
0	117
58	75
7	75
0	2
0	6
0	0
3	2982
0	3240
28	594
4	727
0	637
0	535
87	822
10	595
163	157
247	949
0	610
2	598
2	799
0	859
0	0
0	0
1	3
0	3
0	3
0	3
0	0
4336	2849
19	2
180	2846
2	1730
13	2875
109	2873
1	390
0	2810
35	882
11	2479
0	2508
0	2082
102	1371
1	2110
0	1903
0	1584
9	484
4	661
518	514
0	474
0	39
35	33
1	3
0	1
2	0
0	4
0	1
0	5
203	33
0	7
3	0
0	27
0	0
5	3
0	5
0	3
0	0
0	0
0	3
6	0
0	0
0	23
0	25
0	29
1	5
7	5
0	2
0	2
0	7435
5	2777
24	93
27	108
33	1184
57	1007
2	997
64	156
0	0
87	927
7	427
4	32
48	5
0	7435
0	0
0	0
0	0
0	0
0	0
94	42
0	40
0	1
1	1
0	12
115	0
0	0
4	0
0	0
0	2
0	2
9	20
0	20
0	4
0	3
0	1
0	1
0	1
0	2
0	0
0	0
0	0
0	0
0	0
0	0
0	12
1	11
6	13
0	13
0	14
0	18
1	17
0	19
0	7
0	3
0	10
0	11
0	4
0	8
0	7
0	4
3	2
0	0
0	12
2739	3438
93	3441
5	95
12	164
0	0
0	0
0	0
0	0
0	0
0	0
0	0
1	0
0	0
2572	197
103	353
13	3422
0	25
3	176
0	235
2	160
0	255
21	207
0	182
0	176
0	76
1	80
0	0
0	0
529	0
0	1
0	2
2	2
0	1
0	1
0	1
0	0
0	0
2	0
0	0
0	0
0	0
0	0
0	247
1	289
16	325
6	189
0	255
0	258
0	2
1	2
0	2
0	7
0	7
1	1
0	3
151	1856
0	1850
26	38
1	1362
0	1651
3	2
0	138
0	16
0	52
3	16
0	28
0	62
6	48
0	62
7	6
4	9
4	20
0	52
0	62
0	62
1	191
0	165
4	157
0	103
4	130
1	130
2	117
0	0
0	0
59	314
0	291
3	99
2	21
2	24
0	38
0	33
275	138
3	29
0	69
0	43
793	519
0	160
0	508
2	63
0	0
0	0
0	0
0	0
0	0
0	0
0	0
112	115
0	174
7	26
0	29
0	231
0	107
0	147
11	0
0	19
0	30
2	11
22	26
1	4
0	0
0	0
0	0
0	0
0	0
8	74
0	74
0	19
0	0
0	0
0	0
0	0
0	0
0	0
0	0
0	0
0	0
0	0
0	0
0	0
0	0
0	0
0	0
0	0
0	0
991	1543
0	930
1	471
33	112
5	352
50	2
2	2
0	2
0	2
0	2
0	2
0	1
0	224
3	210
252	227
4	17
15	140
2	106
0	58
0	8
0	4
1	28
34	28
1	18
0	0
2	260
1	1
0	265
5	117
0	252
10	231
0	35
0	72
2	123
4	91
3	1356
0	1381
0	1381
0	1339
7	55
1	26
1	543
0	130
0	27
10	577
1	572
0	416
17	160
0	82
3	125
15	42
33	340
78	9
0	340
0	0
0	0
4	0
0	0
2	5
0	0
0	0
8	1
3	1
0	0
0	0
0	0
0	0
0	0
0	0
43	0
4	53
4	70
156	290
0	70
0	52
0	52
0	105
3	97
0	125
1	16
1	0
0	0
1	326
183	1906
10	1721
5	104
0	1010
0	145
0	1233
0	639
0	1299
0	21
1	412
4	869
1538	401
6	1
0	401
0	104
0	0
0	40
0	0
0	17
0	0
0	37
0	4
0	86
4	4
0	18
8	29
0	5
0	40
0	85
4	5
0	66
0	77
0	70
13	24
0	20
1	6
0	25
0	25
0	13
4	7
3	844
656	921
0	870
25	122
0	230
3	74
1	194
0	163
0	114
0	118
1	60
3079	1872
110	1854
116	976
37	226
0	936
15	923
0	897
40	752
1	107
2	193
2	111
3	36
868	1125
0	413
1	150
1	661
1352	1317
31	1317
0	600
7	453
0	0
0	0
0	0
0	0
3	0
0	0
0	0
0	11
4	5
0	5
10	6
0	0
0	0
0	0
0	0
1	0
0	0
0	0
0	0
0	3620
0	3538
0	281
0	370
0	339
26	84
1	356
0	403
0	402
9	415
8	231
0	58
12	259
0	3558
0	3627
0	0
0	0
0	0
0	0
0	0
0	0
0	0
0	22
0	18
0	14
0	17
0	21
0	21
0	14
0	11
0	5
1	277
14	277
0	106
6468	2994
2	2961
7	2293
0	1114
1	1151
6	2017
3	2
0	0
0	0
0	46
0	46
0	38
0	32
0	2
0	46
1	571
6	550
0	566
74	180
4	175
319	203
2	203
0	6
0	6
0	0
0	0
0	0
0	3
0	213
663	598
0	598
0	422
0	332
13	167
0	171
1	152
0	148
0	28
6	28
5	28
0	20
1	0
0	0
0	0
0	0
0	0
0	0
0	0
0	0
0	0
0	0
0	1
0	1
0	1
0	0
0	0
0	0
0	0
0	0
0	0
0	0
25	0
0	0
0	0
0	0
244	4828
28	291
11	153
5	29
5	4818
0	162
35	102
0	333
2	137
0	0
0	0
0	0
0	0
1630	953
0	0
0	0
0	799
6	623
0	792
10	498
0	114
1	264
0	799
9	35
3	253
9	291
28	187
0	92
1	71
11	61
0	17
2	18
2	51
0	42
1	46
0	31
1	18
245	130
2	97
7	84
4	113
6	4
0	4
0	40
0	79
0	33
0	32
0	30
0	77
0	48
0	76
0	79
1	207
0	539
0	571
4	42
50	85
0	840
3	799
0	845
1	57
11	76
2	21
7	6
194	171
22	130
0	136
2	0
0	0
1	4
0	115
0	124
0	52
0	129
0	130
0	60
0	117
0	104
0	124
0	125
0	72
0	123
0	122
11	13
0	137
0	141
0	21
0	52
0	1
0	46
0	738
0	667
0	371
0	44
4	33
0	38
0	65
0	1
0	75
0	74
1	6
921	841
20	143
0	809
0	0
50	1427
11	7
3	1427
0	0
0	0
0	0
0	0
0	0
0	0
0	0
0	0
2	12
0	24
0	22
14	11
115	2603
0	2641
2	514
0	474
8	195
0	0
0	0
0	0
0	0
0	0
0	0
0	0
0	0
0	0
0	0
1349	211
3	108
5	68
16	63
0	1727
0	1686
0	1504
0	1545
0	161
1	83
2	302
14	247
3	250
0	0
0	0
0	0
0	0
0	0
0	0
0	0
0	0
0	0
0	0
0	0
0	0
3185	0
979	371
0	42
12	142
2	251
0	219
4	78
2	55
0	13
0	6
0	12
0	0
0	0
0	1
0	0
0	0
0	0
0	0
7	10
2	15
0	12
1	9
8	0
504	0
116	7
0	0
0	3
0	0
0	3
0	3
0	3
0	3
0	0
0	0
36	498
48	556
12	662
11	191
0	241
4	155
25	37
192	939
55	930
6	408
32	380
7	23
0	2
0	2
0	2
0	2
0	2
0	2
0	2
0	2
0	2
0	3349
0	5257
0	7362
1	4726
14	14010
110	1611
7	10986
19	4445
0	11131
0	4864
0	4014
29	338
12	337
0	1
0	1
120	5
0	2675
357	2683
0	104
3	1490
0	2539
0	77
0	235
1	2368
0	2224
0	2510
0	2451
0	2462
0	2389
0	2590
0	2638
0	1583
12	152
0	0
0	0
315	544
0	543
1	56
1	66
9	1388
37	1184
6	1316
271	1368
3	154
0	136
1	120
0	117
0	0
0	0
0	0
0	0
0	0
0	0
0	0
0	0
0	0
0	0
0	0
0	0
0	11
0	10
0	10
0	4
0	4
0	0
0	1
0	10
0	0
0	0
0	0
0	0
0	0
0	0
0	0
0	0
0	0
1057	0
0	0
0	0
0	0
0	0
0	0
0	0
0	0
0	0
3	7
5	7
0	757
6	97
7	727
18	5
0	111
0	129
3	45
7	89
1	35
6	253
0	77
27	36
2	26
0	756
0	2
0	1
0	1
0	0
0	2
0	83
0	493
0	493
194	695
0	551
0	416
0	493
0	420
0	603
0	257
5	0
0	72
0	0
389	4484
2	4484
318	150
0	78
3	39
0	6
2	29
3	53
0	40
0	3
0	1
0	40
0	4
0	311
0	94
0	110
12	258
0	210
12	96
3	24
13	143
45	278
9	270
0	91
25	10
10	106
0	0
0	0
0	0
2	18
0	0
0	0
0	13
0	18
0	0
1	12
16	12
0	0
0	0
9	0
0	0
0	0
0	0
0	0
0	0
74	0
894	0
0	0
0	348
0	334
0	118
14	17
0	54
0	55
0	41
1	8
1	902
73	902
0	0
0	1
0	1
0	1
0	0
0	0
0	0
0	0
0	0
0	0
0	0
0	4
0	15
9	15
0	5
0	2
0	0
0	0
0	2
1	346
1450	346
10	192
0	0
0	0
0	0
467	0
0	1
0	1
0	1
0	1
0	1
0	0
0	0
0	0
0	0
0	0
0	0
0	0
0	0
0	0
0	15
0	76
0	0
0	28
0	0
1	88
0	76
0	75
0	30
0	6
1	12
0	39
0	1
0	87
0	0
0	0
0	0
0	0
1	207
9	176
0	74
59	206
0	0
0	0
0	0
0	0
0	0
0	5
0	0
0	5
0	3
0	0
0	0
0	0
0	0
0	0
0	0
0	0
0	0
0	0
0	0
0	0
0	0
0	0
1827	0
169	226
0	233
0	232
0	162
0	71
0	45
2	23
0	0
0	0
0	0
0	0
0	0
0	0
0	0
0	1
0	1
0	1
0	47
0	68
0	0
0	67
0	59
0	66
0	0
0	0
0	0
0	0
0	0
0	0
0	0
1083	246
303	246
0	122
4	17
0	14
0	31
5	129
0	0
0	0
12	0
23	717
0	88
2	507
3	213
1	125
3	65
0	0
0	0
0	349
0	372
0	330
0	303
0	232
0	326
0	326
0	275
13	289
0	277
3	101
0	99
15	10
0	34
32	7
0	0
0	0
0	0
0	0
0	0
88	85
11	85
0	0
0	0
0	470
0	468
0	459
0	441
4	48
14	371
32	1
29	355
0	35
5	16
28	100
0	36
0	20
0	78
7	50
0	512
0	475
10	7
0	4
1	3
17	0
0	0
1	451
22	451
1	313
0	96
0	30
0	0
0	0
0	0
0	0
0	0
2	34
0	170
40	388
1	191
11	110
0	380
2	63
0	0
0	0
0	0
0	292
0	279
0	284
0	271
1	65
2	259
0	283
0	265
0	20
3	22
0	27
10	1
5	72
191	199
0	33
6	29
0	59
0	40
0	62
0	76
0	0
0	0
0	0
0	0
0	0
0	0
0	0
0	0
0	0
0	0
0	0
0	0
0	0
0	0
0	0
0	0
34	7206
0	6480
62	3027
0	997
5	319
0	7166
0	6898
3	0
32	79
0	79
0	0
0	0
3	0
11	54
3	54
0	222
1	218
0	220
0	223
0	54
0	29
2	37
8	9
1	11
34	60
0	14
0	6
0	0
0	246
7	238
0	229
1	239
0	0
612	334
2	334
4	3789
14	3499
28	3633
16	3526
2	692
5	596
24	142
0	669
0	3208
0	0
13	1
0	0
0	0
0	0
0	0
0	0
0	0
0	0
0	0
0	0
32	164
2	135
25	88
2	14
1	5
0	13
54	190
0	27
4	190
1	59
0	7
0	7
0	0
0	0
0	0
0	1
0	1
0	1
8	5
0	4
0	3
0	1
8	208
0	207
0	187
0	178
0	180
0	179
0	79
0	21
0	210
0	0
0	0
0	0
0	0
11	14
0	1
0	4
0	6
0	4
1	0
0	1
0	2
0	8
1	0
0	11
0	0
0	0
0	0
0	0
149	64
15	70
0	1
1	3
0	0
0	0
0	0
0	0
0	2
0	230
0	277
0	279
0	127
1	62
0	127
1	60
36	33
23	0
0	11
0	4
0	10
0	11
2	0
0	0
0	0
0	0
0	0
0	0
0	0
0	0
0	0
2	0
37	519
24	510
0	50
8	86
0	164
0	72
9	39
16	65
38	4
6	65
0	60
0	87
119	131
12	436
0	200
0	154
6	1
0	5
0	277
0	73
1581	73
1	1590
34	1540
1	1516
0	1214
0	1588
0	1559
0	1558
0	1530
1	216
0	84
1	1214
12	0
0	195
0	75
0	273
0	542
6	0
0	110
0	143
0	180
0	177
3	130
0	193
0	127
1	138
9	2
0	1619
0	1561
809	556
8	404
11	146
2	0
0	0
0	0
0	0
0	0
0	0
2	542
10	404
7	145
0	50
6	184
0	174
0	87
0	87
0	86
34	3
6	16
10	171
1	197
15	142
0	0
0	0
0	0
0	0
0	0
0	355
0	41
0	252
993	422
36	151
406	522
0	369
3	370
3	450
1260	0
0	0
0	0
0	0
5	15
1443	15
2	3
0	2
0	1
0	0
0	39
6	217
0	28
0	29
3	217
0	0
0	0
0	0
148	0
59	902
21	36
1	762
0	127
3	30
0	484
0	360
2	761
2	620
15	762
123	201
0	155
0	30
0	14
4	6
0	12
8	37
0	0
0	0
45	30
0	24
0	0
0	0
0	0
0	0
0	0
0	0
0	0
0	0
0	0
0	0
0	0
0	0
0	0
0	9
0	0
0	0
0	0
0	9
444	110
0	72
0	22
4	69
0	88
398	176
14	156
12	116
0	0
0	0
0	0
0	0
0	0
0	0
0	1
0	0
0	1
0	0
15	355
0	54
13	315
7	20
4	273
1	38
0	123
1	94
1	35
0	31
0	0
0	0
0	0
0	0
0	0
0	0
0	0
0	0
0	0
162	0
15	340
0	126
0	4
0	340
5	17
0	17
5	2
0	2
0	0
0	0
0	0
0	45
338	382
34	260
3	224
0	0
0	0
0	0
0	0
0	0
0	0
0	2
0	0
0	0
0	2
0	2
0	2
0	0
0	2
0	558
1190	849
1	275
0	150
0	0
0	0
0	0
0	0
0	0
10	575
2	93
0	575
0	0
0	0
0	0
0	0
148	165
80	50
0	132
0	24
8	35
0	14
8	37
1	33
2	38
1	17
0	0
0	0
0	0
0	0
0	0
26	7912
37	6743
0	7834
32	7386
1776	1031
30	0
0	1031
0	20
69	18
817	435
26	290
1	386
0	265
6	0
3	2590
0	2565
5	266
3	55
0	450
0	147
1	185
3	14
10	11
0	7
0	13
0	0
0	0
0	0
0	0
0	0
0	0
24	549
7	215
42	493
0	295
0	36
186	225
7	61
0	0
0	0
1	427
14	437
18	475
0	450
0	457
0	482
5	65
0	82
25	13
0	177
0	120
4	129
0	128
0	662
1	508
153	357
0	535
2	0
0	474
73	0
0	0
0	0
0	0
0	0
179	216
7	216
3	13
0	0
0	0
0	0
0	236
0	639
0	637
0	539
0	560
0	529
0	89
1	430
0	455
0	166
0	441
2	77
7	7
15	102
0	610
945	954
7	481
0	229
0	23
21	102
1	241
0	207
0	1
1	11
0	2
0	7
0	2
0	3
0	0
0	0
2	0
0	0
0	0
25	416
8	0
9	2
1	147
0	289
0	0
0	0
0	0
0	0
0	0
0	0
0	0
1	2
0	0
0	0
0	2
1	0
0	0
0	0
0	0
121	37
6	37
0	0
0	0
0	0
0	0
0	0
0	0
0	0
0	0
0	0
0	0
0	0
0	0
0	0
0	0
0	0
0	0
0	0
0	0
0	0
0	0
0	0
0	0
0	0
0	0
0	0
0	0
0	0
0	0
0	0
0	0
0	0
0	0
0	0
0	0
5	2182
64	2145
0	652
8	78
0	224
0	120
0	111
0	132
0	11
0	1
0	0
0	3
0	7
30	639
84	1624
1	1542
94	955
8	117
90	770
1	231
71	88
55	115
1	182
19	29
0	35
4	40
1	14
0	2
0	2
0	5
1	5
0	5
15	257
484	655
43	655
0	0
0	0
5	2916
0	3046
9	2141
0	0
0	0
0	0
0	0
0	0
0	5
0	11
0	7
0	12
0	11
0	13
0	10
1	13
0	5
0	1
0	0
0	5
0	1
256	348
1	69
1	287
4	64
0	15
128	0
130	0
0	0
0	0
0	0
0	0
0	0
0	0
0	0
0	0
1516	1059
0	352
2	352
1	664
15	407
1753	2048
3	1620
0	428
0	0
0	0
0	0
0	0
0	0
0	0
0	0
0	0
0	0
0	0
0	0
0	0
12	4134
20	3739
0	1355
0	219
0	0
0	0
0	0
0	0
0	0
0	0
0	0
45	928
14	917
6	165
70	0
6	895
23	893
841	0
0	0
0	0
0	0
1	0
191	1168
0	245
6	190
2	731
0	730
0	730
0	3968
18	3811
0	3968
0	0
0	0
32	0
22	703
63	704
380	704
60	465
118	14
0	0
2	3
0	3
0	0
0	0
0	450
97	450
15	9969
4	9968
4	8822
2	902
9	3597
34	140
12	1396
0	40
321	70
2	53
35	0
19823	0
0	0
0	0
0	0
0	0
0	0
0	0
0	0
0	0
0	0
0	0
0	0
0	0
0	0
0	0
0	0
0	0
0	17
14	3
0	0
0	0
0	0
0	0
0	0
0	0
725	163
0	163
0	7
0	6
0	1
3	3901
45	2628
22	168
0	0
0	3
2	17
97	603
4	551
0	52
3	52
0	8
157	34
0	47
14	31
0	3
4	6
0	15
0	2
23	16
0	11
0	14
0	2
0	3
8	13
0	13
0	11
0	8
0	2
0	2
0	19
733	104
1	9
2	15
0	13
0	40
0	0
0	0
0	0
0	0
0	0
0	0
0	0
0	0
0	0
0	0
0	0
0	0
0	0
0	0
1455	22
5	0
1	93
13	137
0	92
0	136
12	4
0	15
15	34
1	34
3	27
13	8
0	8
2	1
0	365
5	203
0	385
0	176
0	231
4	56
0	0
0	0
0	157
0	168
0	128
35	144
0	91
0	47
8	138
35	117
1	77
0	38
0	25
0	44
12	82
0	90
0	34
0	28
0	33
12	31
0	49
0	72
0	17
1	4
0	12
0	4
3	16
1	34
2	17
0	17
0	90
0	0
0	0
0	0
0	194
0	0
0	0
0	0
0	0
0	0
0	0
0	0
0	0
0	0
0	0
0	0
0	0
42	301
4	163
3	231
0	93
0	80
0	22
0	36
0	22
0	48
0	34
0	54
0	41
0	41
0	17
0	28
0	20
1	6
1	0
0	0
0	0
0	0
0	0
0	0
0	0
0	0
0	0
0	0
0	0
0	0
0	0
0	0
92	94
17	29
0	65
0	0
0	0
22	0
11	268
4	10
4	224
4	265
0	0
0	502
0	521
0	336
0	353
1	33
0	10
0	2
0	351
0	0
0	0
0	0
1	0
9	162
0	120
0	698
0	773
2	538
0	2741
0	146
15	1608
0	41
0	516
1	73
0	84
32	836
0	810
0	770
1	82
16	35
3	25
16	280
11	100
0	86
11	32
0	2763
0	0
0	0
0	0
0	0
0	0
0	0
0	0
0	0
0	0
1	0
0	0
0	0
0	0
0	0
0	0
474	311
33	56
10	33
2	98
3	162
0	0
0	0
0	0
0	0
0	0
2	1110
44	266
3	510
0	381
1	514
0	481
9	752
9	319
0	33
0	140
0	128
8	157
0	22
935	1680
9	995
2	1295
0	388
0	1142
5	339
0	0
9719	3143
0	2127
2	1016
0	0
0	0
0	0
0	1
0	0
0	0
0	0
0	1
0	2
0	1
0	2
0	0
0	0
0	0
31	97
15	42
0	35
99	353
47	5758
11	284
37	377
45	3031
0	5685
100	1209
0	4662
51	141
5	1015
149	63
0	2158
14	148
0	5802
0	0
0	0
0	0
0	0
0	0
0	0
0	0
0	0
0	0
0	0
0	0
0	0
0	0
0	0
0	114
104	321
0	322
12	81
38	1034
0	826
0	1037
2	565
0	921
1	388
92	525
66	447
0	976
0	0
0	0
0	0
0	0
0	0
0	0
0	0
0	0
0	0
0	1
0	1
1	1
1	0
0	0
0	1078
0	21
6	870
2	645
16	623
0	861
2	69
4	10
0	29
0	511
22	46
6	96
0	67
0	50
0	1078
0	871
0	872
0	0
0	0
0	0
0	0
0	0
0	0
0	0
2	1980
0	4443
0	1930
0	4176
0	4353
0	2140
0	4116
2	1198
0	997
0	1232
0	1869
0	3903
0	1451
0	1102
0	1788
0	3988
1	1646
12	439
0	439
0	125
0	20
0	10
1	34
0	28
0	80
0	22
0	95
3	0
0	95
1	74
0	7
43	7
5	0
0	0
15	2918
58	2918
0	36
103	57
1	89
1	121
0	52
1	40
0	38
0	821
0	987
0	1132
1	2422
81	2725
36	300
2	1006
0	0
0	259
50	2967
1017	4296
0	3313
150	30
1	585
0	0
0	167
0	204
0	335
3	247
7	594
17	117
0	468
5	480
6	85
0	9
0	477
219	215
1	174
8	41
0	25
0	25
0	25
0	2
0	374
0	55
281	367
0	64
1	62
0	24
0	0
0	0
0	0
0	0
0	0
0	0
0	9
0	11
0	12
1	6
0	0
0	2
0	1
510	515
12	343
1	4
24	4
0	425
2	49
26	9
10	1
236	98
2	29
3	15
7	4
0	50
9	529
0	43
0	529
1	35
2	48
0	72
2	26
6	49
51	168
0	152
9	124
1	20
0	17
30	8
2	25
12	23
3	4
0	1169
0	1034
75	10622
2	1348
47	9773
2	5305
0	6036
0	9564
0	10602
2	10619
20	20126
0	19885
0	3343
8	1183
0	1938
0	1181
0	1467
9	0
93	388
148	344
0	215
0	108
49	104
0	0
0	2
0	0
0	2
0	2
0	0
0	260
6	241
0	0
0	64
0	47
2	0
426	1607
6	1097
0	478
0	490
8	510
206	468
0	468
7	521
62	121
1	351
0	299
0	32
0	0
0	0
0	0
0	0
0	0
0	0
25	0
0	0
34	1431
0	108
0	78
0	150
2	105
7	237
5	307
0	467
16	107
203	226
0	226
0	68
0	1431
1	189
2	189
13	30
0	2
0	28
0	3
0	3
0	446
0	375
1	440
4	213
12	94
6	1
4	89
0	8
2	63
2	84
2	5
6	47
0	65
0	0
2	0
0	0
0	77
0	78
0	33
0	78
0	72
1	68
0	22
3	0
0	0
0	0
0	0
329	906
66	510
0	827
5	69
2	177
3	126
0	121
1	344
0	120
0	0
2	2
0	0
0	0
0	2
0	1
0	0
0	0
0	0
0	0
0	0
0	0
0	0
0	0
0	2
0	0
0	2
0	69
0	142
569	183
1	2
4	41
0	0
0	32
14	32
0	3
0	1
0	65
0	215
0	215
0	65
0	118
0	215
0	118
9	212
0	226
29	74
0	188
0	76
0	77
0	0
0	0
2	1
14	1
0	0
0	0
0	0
0	0
0	0
0	0
0	0
118	167
5	167
3	5
0	128
0	3102
1	3085
1	2493
4	2072
21	257
0	219
0	0
0	22
0	1
0	3
2	17
0	22
0	22
0	23
0	6
1	18
0	2
0	2
0	4
0	14
0	7
0	11
1	0
0	0
0	0
0	0
0	0
0	0
0	0
0	0
0	0
0	0
207	638
0	627
0	649
74	91
3	649
2	524
0	7
0	46
0	46
0	46
0	1
0	0
0	0
1	0
0	0
0	0
0	0
52	0
0	0
0	0
0	0
0	0
0	0
0	0
0	0
0	0
41	15
0	15
11	12
5	1
14	879
1	925
0	848
0	0
84	1058
2	934
1	1053
8	249
0	78
0	141
8	274
6	76
0	0
0	0
17	2
0	0
1	1
0	1
0	0
0	0
0	18
0	1
0	4
7	18
0	2
0	2
1	4
39	772
0	120
0	772
0	0
0	0
0	0
0	0
0	0
0	0
0	0
0	4
0	4
0	4
0	4
0	4
0	4
0	4
0	4
0	2
2	1
622	338
91	296
3	186
0	308
0	0
0	0
3	5
0	5
0	0
0	0
0	1
0	0
0	0
33	572
11	109
0	128
0	105
8	53
0	633
300	1591
0	1532
0	1493
6	197
8	101
0	233
0	79
0	64
14	149
0	171
5	60
0	95
1	99
5	0
10	170
0	135
0	0
19	701
9	701
0	213
4	74
0	258
0	210
1	11
0	0
0	0
0	0
0	0
0	0
0	0
0	0
0	0
0	47
488	47
75	21
0	8
0	4
0	17
5	14
0	12
0	4
0	3
0	0
2	0
0	0
0	0
0	0
0	0
0	0
0	0
0	0
61	1
0	1
17	54
0	4
0	0
0	0
0	0
0	0
0	109
4	109
0	12
0	0
0	0
0	0
0	0
0	0
0	0
0	0
0	0
0	0
0	0
2	226
0	138
0	195
0	18
6	2
9	54
0	238
16	1388
0	1616
0	1127
0	1636
0	1394
0	738
0	495
57	562
9	246
5	79
24	0
0	0
0	56
8	1
0	47
0	47
3	40
0	40
6	34
0	5
0	0
0	0
0	0
0	0
0	0
0	0
0	0
0	0
0	0
0	0
0	0
0	1
1	1
188	1285
5	1259
0	1287
1	1287
0	738
11	300
9	193
0	193
0	111
3	102
3	61
0	53
0	1285
0	0
0	0
0	0
0	0
43	439
3	179
30	0
0	396
2	50
0	71
3	54
5	58
0	0
0	0
0	0
31	75
0	61
0	70
0	66
0	5
0	62
0	6
0	0
0	0
0	0
0	0
0	0
0	0
0	0
0	0
0	0
0	0
0	0
0	0
0	0
0	235
21	234
25	165
2	183
7	58
1	3
0	72
0	153
319	484
107	86
37	386
43	98
0	382
47	632
63	264
0	388
2	382
1	259
0	30
0	3
0	10
0	14
16	19
0	11
1	0
0	0
0	0
0	0
0	0
0	0
0	0
0	0
0	0
0	5
0	238
0	233
1	20
0	0
2	201
0	23
0	9
0	96
0	118
44	2213
5	2213
64	680
118	70
0	97
0	0
0	0
316	19
16	19
0	0
0	2337
2	406
0	431
0	135
0	250
6	270
78	25
0	2330
0	1898
0	1772
0	1847
0	3000
0	2876
0	1895
0	1397
0	2481
6	339
12	214
0	465
35	631
21	278
88	628
0	395
0	283
0	119
8	102
3	93
48	249
0	136
11	235
7	403
67	151
2	99
0	1898
5	2
0	2
20	640
0	578
0	81
14	0
0	1
0	1
0	1
0	2
0	1
1	1
2	30
4	30
4	9
0	1
0	20
2	20
0	6
0	0
0	0
0	0
4	28
0	26
0	28
0	23
0	6
0	0
0	0
0	0
0	0
0	0
0	0
0	0
857	1433
0	1433
13	600
14	574
0	455
0	2
0	242
0	251
0	293
0	296
0	293
5	255
1	601
0	571
14	86
5	344
26	111
6	590
3	123
45	2
2	112
0	121
0	47
0	91
0	0
0	32
258	268
1	26
0	242
23	109
93	0
0	40
0	0
0	0
0	0
0	41
0	48
0	46
0	47
0	19
0	26
0	11
0	27
0	31
0	14
1	19
2	13
0	19
0	9
0	73
179	344
0	57
75	0
0	333
0	1
5	23
0	23
13	4847
35	1606
0	600
23	182
36	582
41	2798
9	324
133	1153
0	95
32	365
2	79
0	122
10	93
0	145
0	55
27	9
0	9
29	9
1	1060
0	983
0	1122
0	906
2	173
0	978
13	436
7	259
0	488
0	433
0	336
0	325
0	150
0	65
0	0
2	1512
2	701
4	885
0	542
0	3
48	453
0	0
26	0
34	113
45	2
57	7
0	106
1770	108
4	108
0	0
0	0
0	2
0	2
0	0
1	1
0	0
0	7
0	2
0	3
0	2
0	7
0	6
0	0
0	3
0	2
0	2
0	3
0	4
0	4
0	3
0	4
0	1
0	1
0	1
0	1
0	1
0	1
0	1
0	1
0	1
0	1
6	0
0	5
0	5
0	1
352	1181
32	832
0	431
1	310
1	208
13	7
1	15
0	1
0	9
0	14
18	875
0	563
0	822
85	1006
1	997
0	717
24	3
0	187
92	179
1	124
0	584
2	1000
0	551
57	237
51	213
0	121
0	187
8	133
7	73
9	9
0	998
0	650
12	649
2	49
0	99
2	118
3	78
0	0
6	180
9	139
0	91
1	8
0	8
0	6
0	0
0	0
0	356
4	356
0	347
0	91
0	47
2	4
0	4
0	2
0	4
3	4
0	0
4	0
0	0
29	98
3	98
0	0
0	0
0	0
0	3
19	3
0	0
0	9
0	2
0	6
0	0
0	1
0	0
0	9
0	0
0	1
0	1
0	0
0	0
0	0
1202	1498
10	746
2	921
0	0
0	0
0	0
0	0
0	0
0	0
0	0
0	0
0	0
0	0
5	51
0	51
1	0
0	8
227	34
13	34
0	0
0	62
27	62
0	6
905	10344
18	10313
30	7342
0	3
1	26
0	505
1	19
0	265
0	212
8	87
28	119
34	17
16	60
2	505
106	88
0	48
1	0
0	40
178	0
0	5
0	5
1	61
0	64
0	59
0	65
1	0
0	23
0	26
0	5
0	0
0	65
0	63
0	62
0	53
0	11
0	4
3	2
0	1007
323	931
0	196
2	52
0	151
0	831
0	632
0	627
0	338
0	313
3	469
0	482
7	465
0	97
0	83
0	257
0	307
0	128
0	158
7	67
0	36
0	52
0	48
0	40
0	23
1	16
0	12
5	6
0	219
0	180
82	219
3	470
0	560
57	542
4	133
0	0
0	0
22	283
0	110
4	256
0	207
2	114
1	116
0	94
0	74
0	443
65	354
0	106
0	245
38	0
0	25
0	35
0	9
1710	0
5	783
0	759
0	277
0	103
0	211
0	212
4	148
15	13
0	23
20	185
20	134
0	150
21	177
0	0
235	350
0	308
1	39
0	136
1202	879
12	879
1	8
0	1
0	10
0	11
0	21
0	43
0	2
0	1
0	2
0	0
0	0
0	0
0	0
0	0
0	1
0	0
0	2
0	2
0	0
0	1
0	2
0	2
0	0
0	0
15	725
0	704
0	277
8	185
0	65
3	192
0	48
0	122
1	43
3	19
47	0
5	1
0	0
0	1
0	0
592	69
0	6
0	0
0	0
0	4
0	4
0	4
0	20
0	15
0	18
33	6
0	2
0	0
0	2
2	41
0	36
1	30
0	21
0	22
0	22
0	20
1	16
0	39
0	8
0	44
4	46
0	16
13	3
0	26
0	9
0	13
0	10
0	5
0	9
0	5
0	0
0	47
0	45
162	281
0	281
1	21
1	123
0	8
0	8
0	4
0	0
1	978
1	476
0	981
1	705
0	423
3	490
47	78
0	0
1	0
0	0
1	0
0	0
1	59
2	10
0	56
3	19
0	13
5	6
0	0
0	0
149	322
0	0
0	0
0	0
0	0
0	0
0	0
6	44
0	151
0	122
0	140
0	78
1	135
0	78
0	0
0	0
0	0
0	0
0	0
0	0
0	0
0	7
207	34
0	34
0	0
0	0
0	0
0	264
59	265
0	32
0	27
0	755
0	159
0	754
0	776
0	700
0	604
0	503
0	539
0	166
1	129
1	114
8	60
1	205
2	34
0	96
1	0
0	697
0	743
0	594
0	0
0	0
0	0
0	0
0	0
0	0
0	0
0	0
0	0
0	0
0	0
0	0
0	0
0	0
0	0
0	0
0	0
0	0
0	0
0	0
0	86
0	0
1	88
1	63
0	46
0	12
0	26
0	26
0	59
0	9
0	1
0	0
2875	1164
0	65
22	579
3	276
0	267
3	58
0	135
0	548
11	143
17	80
16	165
59	211
1	207
2	54
0	10
3	0
0	50
328	1203
0	429
0	162
65	1
1	789
0	17
0	100
7	0
1	299
59	0
11	413
0	0
17	165
19	73
0	156
0	34
6	9
1	4
2	0
33	683
5	487
19	667
1	259
0	28
0	18
0	12
0	3
0	370
36	370
1	50
0	24
0	48
0	52
22	40
0	39
6	14
0	0
2	0
0	31
0	22
1	0
2	180
0	180
18	42
5	30
0	42
0	35
1	27
2	35
0	39
7	161
1	161
1	9
1	14
40	9
15	0
0	0
0	0
0	0
0	0
0	0
0	0
0	3
540	426
0	212
202	278
0	201
16	125
11	30
0	30
0	0
0	0
0	3
0	0
0	0
0	0
0	0
2	2645
1	1262
0	2632
0	2188
2	197
0	388
3	444
12	317
7	285
105	118
0	335
0	0
0	0
0	0
0	0
0	0
0	0
0	74
0	0
0	0
5	421
0	367
501	421
0	93
5	11
0	0
0	0
3	0
0	241
12	129
0	704
0	0
0	790
3	63
0	229
0	740
0	0
0	0
0	0
0	0
96	1149
10	1149
10	1152
0	469
3	253
1	94
169	0
39	0
0	23
0	23
0	2
0	13
0	1
1	1
0	5
0	0
0	0
0	0
0	0
0	0
0	0
0	11
0	0
0	0
0	0
0	11
0	0
4	761
0	1035
6	222
0	982
0	0
0	0
0	0
0	4382
7	3717
42	1167
6	63
17	184
5	4287
2	0
1	0
1340	0
1	0
0	0
0	0
63	135
2	66
2	49
0	38
0	0
0	0
0	8
0	6
1	8
0	6
0	6
0	2
0	0
0	0
0	0
0	0
5	0
0	0
0	0
0	0
0	8
115	238
0	238
0	115
0	110
0	98
2	20
0	1
0	1
0	1
0	1
0	1
0	1
0	0
0	0
1	44
0	0
0	14
0	44
0	0
0	1
48	1495
101	39
2	262
11	90
0	1106
7	67
0	70
1	525
0	0
0	0
0	0
0	0
24	0
462	6
2	6
0	0
0	0
0	0
0	0
0	0
95	209
7	27
5	28
0	182
0	0
0	0
0	0
0	84
1	60
170	1546
4	2535
4	1544
0	463
4	1544
0	122
10	2439
11	225
0	2532
0	118
0	0
0	0
0	1
0	1
0	0
6	3787
5	3217
70	1491
14	1613
1	2474
20	496
7	446
0	0
0	0
529	1799
0	1696
2	783
18	205
12	209
1	107
0	208
306	22
0	22
0	347
0	390
0	394
0	241
0	369
11	321
1	97
7	170
0	76
0	53
0	86
0	79
0	42
0	7
1	61
9	0
1	35
0	343
0	0
109	2552
2	2558
21	1140
1	555
0	454
9	124
6	0
0	0
0	0
0	0
0	0
0	0
38	273
0	273
0	50
1	1071
9	517
0	402
1	52
0	63
20	16
53	31
0	1046
0	0
0	0
4	3
0	3
0	1
50	0
0	0
4	189
0	189
1	54
2	158
4	16
0	7
0	182
42	4
72	45
0	42
0	8
0	8
0	6
0	0
0	0
0	0
0	0
0	0
6	4
0	4
4	702
0	78
0	703
2	2475
0	268
0	268
0	192
23	1210
7	211
3	2444
0	60
50	272
0	600
21	600
2	98
1	0
39	280
0	61
0	1
0	0
0	1
36	261
0	261
10	221
30	217
2	213
0	0
0	0
0	0
0	0
0	0
0	0
677	756
77	419
14	310
0	0
0	0
0	0
0	0
0	0
30	90
6	90
0	26
0	0
6	0
0	0
0	736
5	768
0	544
0	315
0	329
0	60
0	0
0	0
0	0
0	0
0	0
0	0
0	0
0	2
0	2
0	2
0	0
0	0
0	0
0	0
0	3
0	0
0	0
0	0
0	0
7	373
2	580
0	580
0	30
6	18
1	61
2	0
0	0
0	0
0	0
4522	174
3	0
0	0
0	0
0	13564
491	14304
231	9988
3980	14295
0	14841
290	13649
0	13836
8	14227
4	45
2	12700
71	3855
9	13691
64	104
4	36
0	101
41	6
12119	1384
173	1115
1787	280
15	280
8	95
0	12
0	11
0	1
0	2
0	0
0	3
0	12
61	193
0	32
0	16
0	16
0	67
0	70
0	38
4	135
24	83
1	117
9	553
4	808
0	138
0	111
0	806
0	29
0	825
4	233
3	748
1	630
16	514
0	757
0	274
1	93
1	585
0	804
0	83
0	0
0	0
0	0
5	88
245	587
0	578
38	283
0	14
77	14
0	0
0	0
8	3
0	3
0	1
0	0
0	0
0	0
18	232
0	232
7	0
0	0
0	0
0	25
30	161
0	145
0	185
0	202
2	168
2	65
2	65
15	0
0	0
63	0
0	0
0	0
0	2
1	0
0	1
0	3
0	0
0	0
0	0
0	0
0	2
0	3
10	3
0	255
0	205
0	38
10	115
6	7
0	92
0	59
6	13
3	55
0	174
1	97
5	3
15	19
0	256
46	113
0	73
2	12
0	46
1	31
11	0
0	413
0	398
0	417
0	398
5	283
0	386
0	394
0	164
0	239
0	187
0	57
0	156
0	49
4	99
2	21
1	78
0	79
5	0
0	39
0	53
0	30
0	18
0	39
0	7
0	16
7	0
2100	0
0	0
0	982
0	927
7	130
2	107
2	106
4	13
0	58
0	80
3	8
0	1
2	6
0	6
0	3
0	4
0	1
0	0
0	1
0	0
11	713
0	829
2	59
0	829
23	261
0	261
0	46
0	0
0	0
0	0
0	0
0	0
0	0
856	1106
0	200
0	85
10	122
8	563
2	414
8	2777
0	248
0	248
0	14
0	0
2	0
0	6
0	2
0	2
0	2
0	6
0	0
0	1
0	8
0	4
0	1
0	4
3054	2946
3	2933
2	2335
0	1452
2	847
1	414
102	608
0	470
0	403
0	355
31	0
0	47
0	47
0	47
0	47
0	47
0	39
0	4
0	4
0	0
0	0
0	0
0	0
0	0
0	0
0	0
276	380
0	350
2	30
19	0
85	0
152	76
0	76
0	54
0	45
0	42
0	23
0	23
0	22
0	5
153	3507
22	3048
147	3435
0	785
0	296
0	1111
7	373
0	338
1	328
0	0
0	0
0	0
0	0
0	0
0	0
0	0
0	0
0	0
0	0
0	19
0	19
0	6
0	8
0	14
3	22
0	22
2	9
0	15
0	24
0	0
31	22
0	7
0	15
85	241
0	1
0	93
2	217
0	0
0	0
48	322
0	278
0	67
0	47
89	128
0	11
0	51
0	20
0	32
3	52
1	36
0	57
0	11
684	627
1	627
7	17
0	0
99	10
1	3
0	12
22	1
0	0
0	4
0	1
0	0
0	4
0	0
0	0
376	48
0	0
0	44
0	0
4	11
1	565
3	565
1	117
0	129
0	0
8	299
0	288
0	150
3	5
7	124
0	33
1	5
44	5
0	0
0	0
0	68
4	436
0	279
0	142
16	418
0	26
0	436
0	0
0	3
0	3
0	0
0	4
0	43
0	41
0	16
0	42
0	37
18	12
0	7
6	20
0	9
16	1
0	6
101	135
1	73
7	155
0	133
0	130
0	28
0	136
7	115
0	0
0	0
0	0
0	0
0	45
0	44
0	4
0	5
0	4
0	3
729	494
11	84
0	103
74	241
0	120
0	1
0	0
0	0
0	0
0	0
4	0
109	303
9	504
0	233
16	16
63	230
0	2
0	0
2355	855
2	342
40	344
12	346
0	168
0	202
86	280
2	9669
0	9364
0	7986
1	8577
16	9419
0	8303
9	9198
208	747
91	5
2	1692
0	1481
0	1219
18	1852
1	6209
12	602
6	372
23	877
33	138
1	0
4	1825
0	71
4	1559
15	495
60	11
0	308
9	320
0	573
0	518
0	212
7	975
1	314
98	257
0	271
0	108
0	215
0	310
0	0
0	0
0	0
0	0
0	0
0	0
0	0
0	0
0	0
0	0
0	0
0	0
48	195
0	92
0	34
8	145
6	116
0	0
0	0
0	0
782	1235
0	1170
1	78
0	787
7	146
0	884
1124	941
0	439
0	903
55	999
120	929
6	867
0	215
0	292
1	313
1	5
0	313
0	310
20	307
39	9
4	307
64	307
2	114
104	21
5	281
8	69
4	306
0	350
93	355
1	47
0	87
1	59
1	129
0	292
5	307
8	308
0	24
2	102
1	0
0	0
0	0
0	0
11	367
5	380
20	343
0	353
5	31
7	114
0	77
38	10
4	490
0	490
17	490
0	259
0	0
0	0
0	0
0	2
0	2
0	0
0	0
0	0
0	0
121	2643
43	1154
89	715
12	1615
117	770
0	33
0	368
0	369
0	185
0	109
0	46
36	37
0	36
0	0
0	0
0	0
0	0
0	0
0	0
0	0
0	3
0	3
0	2
0	2
0	2
0	2
0	0
0	30
0	30
2	30
3	79
411	243
6	59
11	45
2	196
0	132
91	324
14	311
0	305
0	295
0	0
0	9
0	9
0	9
0	9
0	0
16	14
0	4
0	0
0	10
0	0
0	0
0	0
83	60
0	60
0	0
0	0
0	0
0	0
0	0
0	0
0	0
6298	404
5	404
87	206
0	63
0	138
5	149
2	62
2	73
2	29
0	67
1	64
12	22
0	0
0	0
0	0
0	0
8	0
4	856
4	856
195	64
1	61
0	37
0	39
2	23
3	21
2	18
3	0
1623	0
3	5
0	5
0	4
0	5
0	4
0	3
0	2
0	0
0	22
0	15
0	21
0	14
0	13
0	4
0	3
0	3
0	0
33618	0
0	0
0	0
9	33
0	33
0	7
0	0
0	0
0	0
0	0
0	0
0	167
0	594
0	27
0	59
0	265
19	228
0	263
0	10
40	130
0	561
18	553
4	505
0	92
0	81
0	0
7	99
212	268
2	240
0	177
0	37
266	263
5	128
0	786
0	1461
0	422
0	86
0	7
9	13
17	404
0	42
162	120
1	144
0	614
0	656
2	60
0	46
79	619
0	552
20	72
0	2
35	0
2	21
0	20
757	447
0	70
0	174
1	163
4	166
0	3
0	19
19	6
504	1452
62	1
56	32
39	346
0	196
7	1347
0	227
8	404
0	0
0	0
0	0
0	0
0	0
0	0
0	0
27	677
0	550
0	684
0	660
0	657
0	565
1	152
4	87
0	82
10	59
40	32
0	29
0	27
0	367
27	2760
0	1936
1	1028
0	183
0	125
78	1
0	1086
10	964
0	146
0	183
13	67
19	589
0	178
0	2535
0	2571
0	0
0	0
0	0
0	0
0	0
0	0
0	0
0	0
0	0
0	0
0	0
0	0
0	0
0	0
0	0
0	0
0	0
0	0
0	0
0	0
0	0
0	0
22	7
0	3
0	3
0	2
0	2
0	6
0	0
0	0
0	0
0	0
0	0
0	0
0	0
0	0
0	0
0	0
0	0
0	0
0	0
0	0
6	5
0	0
0	0
0	0
0	0
0	0
0	0
0	0
0	0
0	0
0	0
0	0
0	0
0	0
291	1473
5	1065
2	527
208	619
0	566
0	142
1	104
1	0
0	0
0	0
0	0
0	0
0	0
0	175
8	175
1	97
0	83
0	57
0	67
0	22
0	2
0	0
0	0
487	676
6	364
5	0
0	0
1	0
0	3
0	3
0	3
3	0
0	46
2	45
0	46
0	2
0	14
0	14
0	0
0	4
0	4
0	4
0	0
0	0
0	0
11	206
7	215
0	22
1	90
5	47
0	41
2	17
1	29
0	293
0	253
4	80
3	91
2	150
16	147
4	71
126	178
0	147
2	91
0	44
5	2
0	2
0	0
0	0
0	0
0	164
1	93
2	153
0	167
3	130
0	96
8	29
0	1
0	0
0	0
0	0
2	200
0	222
3	230
130	224
0	67
317	1718
39	1556
1	556
12	163
0	85
11	1086
30	204
1	259
11	5
0	0
500	24
0	24
10	154
2	118
0	60
0	0
0	0
0	0
0	0
0	0
0	0
0	0
3	592
8	512
1	290
1	443
0	1
0	1
0	1
0	0
0	0
0	0
0	0
0	1
1	0
0	0
0	0
0	0
3	0
0	0
0	71
186	219
0	194
71	48
1257	3689
0	229
0	396
41	287
4	40
3	2737
6	195
0	481
0	0
0	0
0	0
0	3
0	0
0	3
0	0
1	620
5	587
0	620
2	590
52	102
0	11
4	100
0	0
0	0
245	854
2	829
18	728
0	111
0	183
5	173
1	173
0	24
0	13
0	0
0	0
0	0
0	0
0	0
0	0
675	1020
0	1022
67	530
9	440
23	366
0	0
83	536
0	527
0	309
3	173
1	195
24	190
0	5
172	254
5	74
4	44
0	45
1	45
2	39
42	50
0	0
0	0
0	0
0	0
0	0
0	0
0	0
10	524
4	180
0	265
0	16
0	457
1	303
6	282
22	171
0	282
0	0
0	0
0	0
36	47
1	16
184	235
0	209
33	235
9	202
0	0
0	0
0	0
0	0
0	0
0	0
0	0
0	52
0	24
0	0
0	0
0	0
1	0
0	0
0	0
0	0
0	0
0	53
259	1391
0	1317
0	125
108	267
6	1033
0	1045
0	1057
0	106
0	83
50	764
4	7
26	300
14	130
0	90
8	125
0	0
0	0
0	0
0	0
204	186
0	1237
0	1027
36	1124
0	177
0	349
0	126
10	656
0	248
6	64
3	38
19	20
3	12
0	37
4	24
140	109
0	24
0	27
0	48
0	0
0	0
0	0
0	0
0	0
0	0
0	0
0	0
0	0
0	0
0	0
0	0
0	0
0	0
0	0
0	0
0	0
0	0
0	0
0	0
0	0
0	0
0	0
0	0
5	2
0	2
72	28
0	5
0	23
1	1926
3	86
7	212
12	379
103	1774
0	1545
4	571
3	233
2	92
5	94
0	11
0	1
0	1
1	0
0	0
0	77
1	77
3	533
0	483
1	104
115	173
6	106
24	152
0	0
0	0
3	759
0	0
0	0
0	0
0	0
0	0
0	0
0	0
0	0
17	27
0	24
0	21
3	0
30	2924
0	2732
5	880
1	668
0	0
0	0
0	0
0	0
0	0
1	557
1	35
0	557
1	557
23	24
0	0
0	0
0	0
0	0
0	0
0	0
0	756
0	0
9	110
5	110
4	80
0	80
0	23
8	0
1	55
0	533
6	8
2	464
1	522
12	49
28	32
0	84
0	0
0	36
0	31
0	3
1	11
0	3
0	5
0	0
1042	1325
0	879
0	60
0	92
0	116
0	81
0	65
5	6
0	1265
0	0
1	3
0	1
0	2
1	0
0	1
0	1
79	29
0	29
0	2
0	3
0	4
0	0
0	1
0	0
0	0
0	0
0	30
0	1
1	6
0	30
0	34
0	1
0	34
92	228
0	228
0	42
2	0
545	850
24	850
4	243
0	350
0	410
1	366
0	273
23	197
0	188
0	112
0	502
2	99
0	498
9	452
0	388
0	429
19	361
0	493
1	12
2	149
0	19
0	134
4	77
0	145
518	931
4	213
0	77
6	99
5	677
10	57
12	144
0	120
5	144
281	324
10	90
10	243
12	243
10	87
0	0
0	8
0	8
0	8
0	17
0	8
0	8
0	8
7	17
0	0
0	0
0	8
0	0
0	8
0	0
0	0
0	0
0	0
0	0
0	0
0	0
182	615
11	0
0	615
0	0
0	0
0	0
0	0
0	0
0	0
0	0
0	1
25	46
0	2
0	86
1	86
32	765
2054	1379
13	361
15	0
0	26
19	2
49	211
49	403
40	824
5	824
3	741
0	167
0	2
0	2
0	0
0	0
0	0
0	0
0	0
0	107
0	91
0	24
0	13
0	16
0	49
2	21
0	47
0	5
0	18
0	16
0	39
0	37
0	39
0	8
0	38
0	24
0	29
0	29
0	3
0	0
0	0
0	22
132	108
3	0
0	0
0	0
107	107
5	69
47	107
4	70
2	28
0	391
0	0
0	0
22	0
0	0
0	0
0	3
0	3
22	1201
5	1148
0	0
0	0
0	0
173	25
412	33
247	281
2	23
0	14
0	0
0	0
0	15
21	15
1	7
0	12
7	856
0	856
14	123
1	202
1	171
0	0
0	0
0	0
0	0
0	0
0	0
0	0
7	57
26	56
17	17
4	16
0	38
0	23
0	0
0	1
0	1
0	1
0	0
0	0
0	0
0	0
0	0
483	4274
51	4271
6	3997
0	0
0	0
0	0
0	0
37	0
5	1304
2	3917
9	553
1	139
102	27
0	308
0	1068
16	123
2	3867
0	0
3	8
0	8
0	0
0	0
0	0
0	17
0	17
0	17
0	10
238	0
1	0
10	176
5	931
0	366
3	8
0	934
29	12
5	12
0	0
2	815
0	342
0	199
0	286
0	525
0	0
0	0
0	478
0	466
0	465
0	113
2	55
7	63
0	352
157	526
0	360
0	176
0	145
0	425
1	321
61	132
3	4
4	68
0	4
32	6
14	68
0	17
9	0
0	3
0	3
0	0
0	1
0	42
4	41
0	5
225	809
0	803
1	730
2	724
4	313
32	306
26	272
21	272
0	0
0	0
0	0
0	0
0	0
0	0
0	0
0	0
0	0
0	0
0	0
0	0
0	0
0	0
0	0
0	0
0	0
0	0
222	557
24	517
22	516
18	452
4	100
7	19
57	147
9	37
526	134
3	10
0	0
0	0
0	0
0	0
0	0
0	34
28	0
146	140
0	26
0	28
0	67
0	57
6	9
1	61
0	0
0	0
0	0
0	2260
2	406
1	1670
1	91
2	97
4	366
0	613
0	1
0	1
0	0
0	1
72	704
0	41
0	679
0	142
26	149
0	168
1	676
3	346
3	70
5	628
0	578
9	72
3	63
12	152
7	30
0	44
0	0
0	0
0	1
0	3
0	3
0	3
0	3
0	1
0	0
0	2
0	0
2	0
0	0
28	161
3	161
0	64
53	2
0	574
13	525
0	574
14	462
2	50
0	0
1	0
0	0
0	0
1	0
0	0
0	0
0	0
0	0
169	970
5	308
22	680
0	186
8	57
0	0
1	1
0	1
0	0
0	0
6	1001
0	1366
0	1394
4	1341
3	63
1	127
0	94
125	94
0	0
0	0
0	0
0	0
4	0
0	0
473	0
452	77
0	68
0	9
8	1640
6	266
1	293
10	1592
0	61
6	1551
16	0
0	1619
2	1495
0	1408
0	934
2	90
0	47
2	216
0	1579
3	1336
11	1502
73	166
0	0
1	699
5	701
0	699
1	699
0	135
0	93
0	19
0	19
304	395
2	177
15	125
0	143
0	0
0	0
0	0
0	0
507	107
1	76
2	77
0	0
244	686
7	677
0	106
24	171
3	28
445	672
1	657
0	153
23	73
0	20
3	69
1	22
0	37
4	15
0	13
877	8427
5	477
66	4664
11	1775
0	7858
0	1038
22	1514
29	595
8	1140
19	278
0	360
0	358
6	0
0	0
0	4
0	2
0	0
0	0
0	0
0	0
0	0
0	2
0	2
0	4
0	0
0	0
0	0
0	1
0	1
0	0
0	0
0	0
0	0
0	0
1	1073
0	1084
0	1056
0	51
2	27
2	45
3	49
2	3
0	6
0	5
0	6
0	4
0	76
0	3
0	2
0	80
13	10
0	8
4	5
0	22
151	196
7	196
2	62
0	39
3	116
0	0
0	0
0	0
0	0
0	0
0	0
4	1
0	1
1	1
418	743
0	719
0	495
0	198
0	186
11	183
0	183
2	192
0	140
0	140
2	27
1838	403
2	102
1	299
9	130
2	48
0	18
233	660
5	308
0	134
0	102
0	62
63	22
0	0
0	660
0	17
2	17
5	4
453	984
3	978
38	141
0	4
0	14
3	87
0	70
0	0
0	0
0	0
0	0
0	0
0	0
0	0
0	0
21	1
8	1
0	0
0	0
0	6
0	7
0	7
0	7
113	1618
1	977
0	1597
5	157
7	342
32	166
39	90
6	8
0	1
0	8
0	0
3	0
0	0
3	7
0	7
0	0
0	130
0	0
696	1233
3	195
2	61
0	1233
0	1036
0	1233
0	0
0	0
0	0
0	2
0	0
0	0
0	2
0	2
0	0
2056	464
18	464
16	286
0	116
0	0
0	0
0	0
0	0
0	0
0	0
0	0
1277	323
19	250
3	3104
0	2194
2	313
8	146
25	28
26	564
0	240
4	206
0	0
0	2879
283	329
3	329
21	30
22	0
0	0
1	10
0	10
0	3
90	212
12	48
0	168
0	0
0	0
1	1
0	9
0	9
0	0
0	1
0	0
0	1
0	1
0	73
0	1
1	0
0	14
0	2
0	3
5	6
1	4
0	1
0	4
1	20
3	4
0	0
0	73
2884	680
0	135
2	545
102	45
0	0
0	0
0	0
0	0
0	0
0	0
0	0
0	0
0	0
0	0
0	0
0	0
0	0
0	81
0	50
0	55
0	97
0	28
5	16
3	7
0	57
0	40
6	13
0	24
97	780
0	628
3	634
27	84
0	370
0	221
1	350
0	214
0	212
499	70
36	70
29	926
0	728
4	189
139	449
0	539
0	699
2	87
0	89
0	51
0	45
0	0
39	29
0	12
0	0
0	5
3	14
0	0
0	0
0	0
0	0
0	0
0	0
0	0
0	0
0	0
0	0
0	0
0	0
0	0
0	0
0	0
0	0
0	0
0	0
0	0
0	0
0	0
0	3
6	3
0	0
0	1
0	0
0	0
0	0
0	0
0	1
0	0
0	1
0	0
0	0
2	341
0	297
116	350
0	0
651	395
0	348
0	80
4	271
0	182
5	47
43	32
36	17
0	44
0	0
1	0
0	0
0	0
0	0
0	1
0	1
0	0
0	0
0	0
0	0
0	0
0	0
0	0
0	0
3	50
52	51
0	1
0	0
0	0
0	0
0	0
0	15
98	129
0	106
0	0
0	0
0	0
0	0
0	0
0	0
0	0
0	0
0	0
0	0
0	0
0	0
234	135
4	28
4	127
5	14
5	8
0	120
0	120
0	117
22	81
0	71
0	0
0	0
0	0
0	0
0	0
0	0
113	91
4	86
0	5
0	0
0	0
0	0
0	0
0	0
14	435
0	395
0	161
0	1115
644	1222
3	889
3	675
0	0
0	0
11	42
32	42
20	7
65	15
0	0
0	38
0	30
0	0
1	0
0	0
0	0
0	0
0	0
2	0
0	0
0	0
0	0
0	0
0	0
0	0
0	0
0	0
0	0
56	82
0	65
0	27
0	179
0	195
2	110
87	117
0	162
0	57
0	83
25	103
1	18
0	45
7	33
6	21
1	4
0	146
0	1
0	1
0	1
28	0
0	28
0	28
0	28
0	1
0	4
11	0
8	15
0	0
0	0
0	19
1	259
0	0
0	156
1	224
0	226
0	156
140	259
4	840
29	277
3	97
0	186
2	424
4	3283
5	3297
0	3444
0	3459
0	3485
12	915
1	187
8	287
4	245
0	2204
8	319
3	428
0	265
2	452
0	322
57	81
0	40
0	42
417	53
1	68
9	92
3	118
0	341
0	318
0	56
9	104
1	0
4	104
0	96
0	104
0	0
0	0
74	520
35	141
0	216
3	365
2	77
0	32
0	268
711	73
0	73
13	3
0	3
0	116
1	117
0	38
1	7
18	404
0	251
4	0
0	156
9	5
3	227
5	911
0	591
0	824
0	827
3	15
0	11
103	1
3	59
0	28
0	871
1	0
21	659
0	573
2	35
0	258
0	26
0	0
0	0
0	0
0	0
0	0
9	48
2	48
0	9
2	14
0	15
0	46
0	22
0	15
0	10
0	2
1	6
0	4
0	0
0	0
2	1
0	0
0	1
0	0
0	0
0	0
0	0
8	926
0	979
38	360
0	980
12	120
11	73
3	300
10	263
0	328
0	281
1	127
0	0
0	0
0	0
0	277
4	202
0	250
0	194
0	107
1	38
0	198
0	12
0	162
0	71
2	110
0	100
0	261
0	0
0	0
0	0
0	0
0	0
0	0
0	0
1999	3194
1	23
78	1037
4	247
0	1998
32	1637
15	1136
0	0
0	0
0	0
0	90
1	185
0	187
0	142
1	185
40	43
0	72
0	60
0	43
0	69
2	86
2	49
15	28
0	1
0	1
0	0
0	0
0	0
0	0
0	0
0	0
525	1431
7	1431
0	0
0	29
0	30
0	3
2	10
1	11
1	29
0	7
0	54
0	53
0	14
1	6
0	9
0	0
0	0
10	3358
35	3391
15	3348
0	2220
0	0
0	0
0	0
0	1
0	9
1	9
0	1
0	6
0	0
0	0
936	177
3	177
0	401
361	1004
4	0
0	281
0	611
3	352
0	0
200	87
6	87
5	70
6	71
0	2
3	23
0	23
0	4
0	70
15	179
0	175
0	5
6	53
12	35
0	62
2	6
4	18
6	23
0	499
0	534
0	239
3	48
1	89
0	136
0	214
0	172
0	9
0	92
5	154
0	0
0	49
0	49
0	8
5	0
0	8
0	8
0	4
1	12
0	12
0	11
0	22
0	23
0	1
0	1
0	0
0	0
0	0
0	0
0	0
0	0
0	0
143	243
0	107
3	99
0	122
0	81
0	54
0	16
34	33
0	0
0	0
0	0
6	1
0	1
0	0
0	38
53	1525
0	214
15	1525
43	261
0	202
53	5
3	52
1	127
7	73
175	218
0	540
47	1
3	1
0	0
0	0
1	25
0	21
0	0
0	1
0	16
0	0
0	0
0	0
0	1
0	7
0	2
0	25
0	0
1	0
0	0
0	0
0	0
0	0
9	0
0	0
0	0
0	0
1	0
0	0
0	0
0	0
0	0
60	16
3	16
0	0
6	7
0	3
0	0
0	0
32	0
4	952
0	957
0	948
2	66
0	18
1	18
0	17
0	14
0	15
0	12
2	9
4	14
1	11
0	0
0	0
0	0
21	79
0	273
0	268
0	269
21	319
6	319
1	7
14	53
0	246
0	100
0	1
0	0
0	0
0	1
1033	323
4	312
0	0
0	0
0	0
0	0
47	101
0	0
0	583
9	583
0	195
0	28
2	6
1	27
2	7860
13	7863
5	7932
37	5650
6	7813
2	6044
49	3784
0	5932
0	0
0	0
0	0
0	0
0	0
0	0
2	664
0	1
0	1
0	1
0	0
0	0
0	0
0	0
207	101
2	76
0	94
5	48
1	23
0	11
0	0
0	0
0	0
0	0
0	0
753	544
8	468
4	76
0	0
3	331
2	166
2	50
1	155
0	215
0	8
0	7
2	650
59	694
37	10
0	570
14	142
0	0
0	0
0	0
1	0
16	363
0	125
2	122
4	85
2	84
8	176
0	139
0	0
1	63
0	36
0	403
0	398
0	348
2	150
0	345
0	330
0	126
0	227
0	128
4	170
2	157
28	36
0	151
0	60
0	0
0	0
0	0
0	0
0	0
0	0
0	1
0	1
0	1
0	1
290	76
7	33
15	43
0	0
0	0
0	0
0	3
0	4
0	4
0	0
0	6
0	3
0	2
0	3
0	0
0	0
35	2080
0	1867
5	884
0	1120
1153	357
4	357
0	139
1	131
0	12
9	18
361	999
9	182
1	734
3	785
3	336
125	750
0	750
0	0
0	0
0	333
20	315
0	0
0	0
594	1177
0	169
26	981
1	30
0	164
0	96
0	0
0	0
0	0
0	0
0	0
69	748
6	211
1	341
0	218
0	584
7	146
0	165
0	0
43	121
57	181
3	92
0	120
1	61
1	78
0	7395
0	3100
105	363
0	363
2	108
0	110
2	108
0	11
14	6
0	0
0	0
0	0
0	1034
0	316
0	243
0	238
20	0
0	1034
152	293
1	229
6	24
4	14
7	293
0	1
0	1
0	10
0	10
0	10
1	2
0	2
0	0
0	0
0	0
0	0
0	0
0	210
0	75
0	162
1	1
3	37
1	115
1	111
2	6
93	19
1	0
0	0
0	0
0	0
0	0
0	0
0	0
0	0
11	123
2	319
0	87
5	309
0	42
0	72
27	103
0	112
0	22
2	58
0	51
2	15
25	333
1	6
0	42
1	41
2	30
0	36
0	9
0	10
0	42
0	393
0	406
2	131
0	390
2	323
7	155
0	96
12	7
0	429
0	406
0	406
1	0
0	488
15	526
11	400
4	524
0	179
0	82
0	362
0	0
0	1071
0	1390
0	870
0	1357
0	1386
6	39
17	773
11	329
0	185
0	190
1	90
2	125
0	1401
38	0
38	6
0	0
0	0
0	0
0	4
0	0
0	0
2333	291
1	77
0	250
0	248
2	248
0	26
0	253
0	254
35	85
2	85
1	51
0	0
26	738
0	770
3	743
15	256
110	0
526	239
0	148
3	92
0	51
23	68
1	20
0	0
0	0
134	0
0	0
8	0
0	0
4	0
1	0
277	0
0	0
0	0
0	0
0	0
0	0
25	79
0	79
0	3
0	3
0	3
0	0
0	0
3	0
0	65
0	80
8	80
0	0
0	0
0	0
0	112
0	140
0	341
0	343
0	354
3	315
29	95
65	26
0	0
0	0
1298	3775
2	3521
195	24
17	79
2	998
0	1679
0	1897
25	1897
0	121
2	67
0	13
1	148
0	101
0	18
0	5
8	50
0	120
0	64
1	10
0	31
2	106
0	17
2	59
0	5
1	56
0	0
50	940
26	915
2	55
1	244
2	103
43	243
10	243
0	24
0	0
1	64
0	32
0	1
0	10
0	64
2	0
0	0
0	0
0	17
517	118
1	40
0	22
0	6
2	54
11	18
3	567
4	233
0	99
0	0
39	1171
0	1170
5	478
0	270
2	44
0	156
0	289
26	9
0	54
132	17
12	11
0	3
6	4
0	7
0	0
0	0
0	38
0	38
7	3
0	1
3	2
5	1012
16	1096
7	1096
0	1069
0	138
0	78
8	283
6	65
0	198
2	92
1	215
3	204
164	236
3	12
0	12
0	21
0	20
1	58
0	45
0	2
0	5
0	4
0	0
0	4
0	4
0	0
0	0
0	1
0	36
0	41
0	47
0	12
10	44
0	3
0	12
0	0
6	8
4	9
4	65
12	2758
0	136
15	966
88	16460
6	2025
12	2981
2	236
0	291
50	792
0	3015
0	16206
0	4452
9	475
0	252
32	353
4	102
6	282
4	213
0	447
12	176
0	0
0	0
136	390
0	299
3	134
3	44
0	0
0	3
6	14
0	6
0	5
1	4
0	4
0	381
244	131
9	75
0	11
0	129
96	39
2	0
0	34
12	5
1	2315
142	2308
2	54
0	194
0	498
14	255
7	220
6	100
0	0
0	0
0	0
0	359
1	278
286	6
3	317
43	358
0	13
0	332
0	42
19	228
1	142
48	1428
0	1440
0	1446
0	1321
2	972
0	551
0	189
23	362
0	54
0	0
994	10
0	0
0	0
0	0
0	0
0	0
0	0
0	0
0	0
0	0
0	162
21	163
0	93
0	2
15	1
211	1264
0	1222
0	213
59	1074
1	272
1	82
0	114
0	613
0	465
11	295
0	331
1	183
92	152
2	80
6	33
0	57
0	3
0	119
0	132
12	131
0	105
0	23
0	1081
0	964
6	2
8	1083
1	0
1	1000
0	1080
0	91
8	422
16	0
10	101
0	0
0	2811
0	1
0	2355
47	878
0	734
87	745
62	882
0	470
0	69
5	651
624	909
6	73
0	182
14	100
0	113
2	18
0	0
17	229
449	229
0	0
2	0
1	0
0	32
0	3
0	32
0	3
0	0
0	0
0	0
0	32
0	0
574	0
0	2
0	2
0	1
0	0
0	375
0	300
0	105
0	96
0	0
0	0
0	0
0	0
14	7211
65	7192
1	403
8	1263
5	912
4	555
0	1
0	1
0	0
0	0
0	1
0	0
0	0
0	0
0	0
0	0
0	0
0	0
0	0
0	0
0	1
0	786
0	777
3	784
0	755
0	258
0	335
2	193
0	210
2	147
0	693
0	0
0	0
0	0
0	0
62	937
0	714
0	911
1	160
95	0
0	0
0	0
33	232
6	157
0	50
0	2843
2	349
1	279
0	2830
0	2815
0	2847
0	2828
0	2849
0	0
0	0
0	0
0	27
8	113
0	112
0	90
1	44
2	1
14	0
160	77
0	2
0	35
0	19
4	56
1	0
0	18
0	12
0	0
0	0
0	199
0	20
97	198
0	198
152	638
39	12
0	12
14	47
0	34
0	19
0	77
0	638
0	0
0	0
0	0
0	0
58	119
0	102
4	18
0	0
0	0
0	0
0	0
0	0
0	0
0	0
0	0
36	7
3	7
10	1408
10	0
1	490
0	891
0	703
4	832
0	765
4	762
0	764
2	560
1	1
3	680
86	592
4	824
0	46
4	46
0	4
1	23
10	22
14	16
60	164
0	172
0	113
19	60
0	0
0	0
0	0
0	0
0	0
0	0
0	0
0	112
8	8
0	7
0	1
0	40
2	81
0	105
2	0
0	0
111	1190
0	1190
0	151
0	298
4	517
129	412
11	455
0	325
10	390
0	20
0	16
0	20
0	8
26	694
528	1845
42	663
5	188
0	155
0	129
9	223
10	48
0	312
25	570
0	414
9	349
0	184
0	63
0	49
18	60
8	708
11	405
0	708
575	679
2	595
27	65
5	71
4	5
1	0
0	0
0	0
406	0
0	0
0	0
0	0
0	0
3	56
0	56
0	0
0	0
0	0
0	0
0	2
0	1
0	32
0	0
0	7
0	0
0	0
0	7
3	1438
0	991
0	1304
1	127
0	129
2	294
0	285
1	6
0	332
0	332
80	341
0	136
8	3
7	40
0	19
0	19
0	1
0	2
0	1
0	0
0	0
0	0
0	0
0	0
0	0
0	0
1	27
0	0
0	0
0	0
0	0
0	0
5	0
0	217
0	103
0	0
0	0
0	0
0	0
0	0
0	0
0	0
14	55
0	59
0	28
0	13
0	14
0	0
0	0
323	1773
0	1503
0	1025
0	389
5	145
44	328
0	96
0	232
483	110
0	110
71	0
0	0
8	10
0	66
0	78
0	81
0	351
0	333
0	165
0	40
1	333
3642	587
1	317
11	270
0	0
0	0
0	1
25	182
1	160
3	68
46	63
5	0
0	30
0	29
3	5
147	0
0	0
0	0
0	0
0	117
1	119
0	80
0	70
0	22
1	10
0	12
0	4
2	0
0	0
0	0
0	0
0	0
0	0
0	0
0	0
684	68
81	68
0	737
0	750
1	710
0	651
22	430
0	484
3	13
16	81
1	472
0	493
0	266
0	86
0	105
0	0
0	0
1177	572
14	572
0	0
0	0
1	0
0	795
3	131
0	75
27	792
6	77
0	158
0	0
0	0
0	0
0	0
0	0
1	0
0	0
0	0
0	0
0	0
0	0
149	234
0	48
1	147
0	12
16	70
0	0
22	2053
0	1675
0	1614
3	81
21	113
20	76
43	15
0	120
52	77
0	2107
0	0
0	0
0	0
0	0
0	422
0	240
0	2403
3	1791
3	1274
1	1999
34	1969
10	2048
0	847
0	456
0	278
2	207
0	251
1	42
51	105
7	284
0	281
0	2204
717	2460
28	650
9	585
8	175
15	307
0	727
14	492
0	501
0	255
42	2
0	0
0	0
0	0
0	0
0	0
232	40
0	40
1291	305
3	257
0	130
0	166
0	0
0	0
0	0
0	0
0	0
0	0
1901	1164
84	60
1	1024
0	1012
0	38
47	124
0	40
0	124
3	14
0	19
0	9
0	19
72	4
0	19
4	14
3	0
0	0
2	0
5	8
1	0
0	5
8	2
1	4
0	4
0	3
0	3
3	484
5	484
1	202
66	5
0	5
43	1461
4	1683
0	1580
5	889
0	209
6	342
0	346
5	494
4	228
1	0
0	0
1	5
0	471
0	67
0	471
348	335
0	127
644	1703
0	90
3	1061
0	0
0	0
0	0
0	0
2	255
2	211
0	221
7	111
46	114
0	57
2	15
4	9
19	11
0	0
0	2
3	246
0	91
0	235
3	10
0	240
0	901
0	366
0	289
22	901
1	661
1	151
3	46
0	1890
2	1893
29	1887
77	0
8	55
63	6
0	60
0	318
11	302
0	276
3	10
0	252
0	252
2	237
0	15
0	0
0	0
0	142
0	141
0	142
0	141
0	129
599	209
2	131
4	111
2	4
0	11
0	22
0	5
0	7
0	36
1	44
0	0
0	0
0	0
0	0
0	0
0	0
0	1035
1	1016
2	1006
5	37
0	90
9	305
4	16
14	659
3	40
0	608
3	96
6	376
0	209
1	158
0	1
0	1
0	1
0	0
0	0
0	0
0	0
128	538
0	63
0	522
3	343
1	51
0	41
0	479
0	1242
0	1283
0	1236
308	1345
55	0
0	99
2	111
0	65
0	12
66	176
12	143
11	492
0	0
0	0
0	0
5	1160
0	1711
15	59
3	1695
0	194
5	7
0	76
4	170
0	0
0	0
0	0
31	657
0	241
3	579
2	385
0	239
0	313
2	353
0	132
2	141
0	141
156	0
1	1993
0	1674
2	823
6	1901
146	1175
90	47
1	641
0	1672
0	0
0	0
78	191
3	188
288	0
2	907
12	908
36	906
32	763
0	828
3	829
14	89
0	74
0	14
0	7
19	116
1920	312
0	175
1	146
4	75
0	74
0	45
0	47
0	0
0	0
0	0
0	0
0	0
0	0
0	0
0	0
0	0
0	0
0	0
173	84
37	70
377	183
0	224
45	61
11	44
128	41
0	0
0	0
0	605
11	108
0	595
11	112
281	429
0	318
2	26
0	83
52	7
36	0
6	65
0	27
0	21
0	42
0	42
0	408
0	0
0	0
0	690
0	776
6	755
0	632
0	98
0	118
0	80
0	34
0	54
0	59
10	27
0	788
0	0
0	0
0	179
0	173
11	5
0	165
0	5
151	5
13	67
9	607
0	621
2	605
15	51
0	548
0	0
0	0
0	0
0	0
0	0
1	18
160	18
0	18
0	0
36	461
1	456
4	335
5	133
9	39
31	6
0	0
0	0
1	3
5	3
0	137
1	135
10	136
2	10
0	4
0	4
110	1136
28	1184
0	559
0	498
32	50
31	729
5	53
0	242
0	199
0	0
663	193
1	193
18	141
1	3
0	0
0	3
0	0
183	24
13	24
42	8
0	8
119	34
0	9
9	8
0	23
10	0
0	0
0	0
0	0
0	0
0	0
0	0
0	0
0	0
0	0
0	0
0	0
0	0
0	2
0	2
0	1
0	30
0	35
0	0
0	0
0	30
0	20
2	27
0	22
0	31
0	20
0	35
0	0
0	0
0	6
0	6
0	0
0	8
0	0
0	5
1910	56
0	56
0	0
0	0
0	0
0	0
0	10
0	9
0	0
0	0
0	0
0	0
0	0
0	0
0	0
1	0
0	0
566	0
0	0
0	0
0	0
0	0
0	0
0	0
0	0
0	0
0	0
0	0
0	0
0	0
0	0
0	0
0	0
0	0
0	0
0	0
0	0
42	348
12	101
5	304
9	73
0	66
0	140
0	0
0	0
0	0
0	0
0	0
24	2
0	2
0	0
0	0
0	0
6	1
0	1
0	1
3	1
421	2285
1	1245
53	2
4	1104
20	0
66	41
0	641
59	59
13	665
0	109
49	0
21	126
25	354
6	29
44	155
82	110
0	0
2	4210
4	4205
2	4219
2	593
3	54
11	198
14	608
7	1
0	2
0	1
0	0
0	27
0	1578
0	1507
0	1498
17	484
1	784
0	990
0	793
0	1001
0	930
5	159
0	134
0	101
9	84
0	95
48	79
0	128
0	38
78	85
3	4
345	41
0	41
0	0
0	0
0	0
0	0
0	0
0	0
0	0
0	0
0	0
0	0
0	0
0	0
9	0
0	487
1	58
0	35
3	234
9	485
1218	1364
0	497
1	1072
0	694
30	457
1	315
1	63
3	0
0	0
0	0
0	0
1	0
0	0
0	0
0	0
0	0
111	200
1	184
154	16
0	2
0	2
0	0
0	0
0	0
0	0
5	33
0	33
0	3
0	19
0	14
5	20
0	21
0	32
3	0
0	0
0	0
2	401
0	385
0	526
56	224
0	547
36	175
0	550
2	224
0	249
5	23
0	16
0	35
0	10
0	3
0	3
0	3
0	3
0	3
0	3
0	0
23	132
389	1607
159	383
6	340
0	280
178	1116
3	11
3	5
0	2
0	0
0	2
1	2
0	2
0	49
0	45
0	24
0	19
0	21
1	8
0	42
0	41
0	13
0	19
2	16
0	4
2	0
0	15
1	12
19	0
1	13
4	131
4	300
4	313
0	116
52	38
3	19
0	115
0	57
1	80
0	70
1	47
0	0
18	258
3	718
3	165
0	242
0	698
0	693
0	0
0	0
0	0
0	0
0	0
15	575
0	584
0	570
2	107
0	557
0	84
10	17
1	0
3	0
0	0
0	0
0	0
0	0
0	0
0	0
0	0
0	0
0	21
0	21
0	0
0	0
0	0
395	361
4	0
2	61
1	361
0	36
0	106
4	82
14	105
6	1962
24	1504
0	2030
0	1613
1	134
34	829
0	270
12	72
77	149
14	0
0	0
0	0
0	0
0	0
0	0
0	0
0	0
0	0
1	93
0	93
0	0
2	12
0	12
0	12
1	389
0	359
3	32
329	21
0	21
20	211
0	270
0	43
0	253
0	0
0	0
0	0
0	0
0	0
0	4
0	0
0	0
0	0
0	0
0	0
0	0
0	0
0	0
0	0
126	597
4	13
10	597
11	0
1	143
3	0
0	37
0	11
4	518
0	158
0	50
0	518
59	8
0	6
0	8
0	0
0	0
0	0
68	762
197	1439
0	1058
2	672
0	325
3	367
0	0
0	0
30	813
0	809
10	388
12	40
10	30
0	0
0	0
0	0
0	0
0	2
0	2
0	2
163	307
2	296
0	238
121	0
2	24
0	71
15	2418
12	2418
7	671
0	9
4	3
0	9
370	291
3	234
0	248
0	246
2	139
0	291
0	0
0	0
0	0
0	0
0	0
1	0
0	21
0	21
0	0
0	0
0	11
0	11
0	10
0	10
0	20
0	0
2	5
0	1
0	1
0	0
0	10
0	20
0	12287
2	12297
5	11671
0	11668
0	11671
125	0
2	43475
347	31384
0	12631
71	16506
23	3562
1	9325
3	40596
0	6081
1	6498
0	3596
130	345
0	259
48	43
0	67
0	25
479	3532
3	2812
1	219
6	59
3	66
2	164
10	90
0	53
2	74
2	58
0	44
0	46
2	22
0	14
0	0
55	7
0	7
0	0
0	0
0	655
0	630
0	221
16	565
20	648
1	97
18	0
3	51
0	0
0	0
0	0
0	0
0	0
0	0
0	0
0	0
3	0
6	0
14	2078
0	2069
0	0
0	0
0	481
980	1293
80	555
0	214
3	1214
0	504
1	625
0	0
0	0
134	410
1	231
0	64
5	65
9	163
8	132
0	28
0	0
0	0
0	0
0	0
11	68
53	68
0	0
0	0
0	0
0	0
0	0
189	51
5	10
0	1
0	41
2	36
0	0
0	0
0	0
0	0
0	0
0	0
1	2786
0	2628
2	398
0	2546
0	564
0	2697
0	132
62	48
1	435
0	959
3	944
0	201
11	259
0	211
123	201
0	4
0	0
0	0
0	0
90	253
0	44
0	43
0	70
0	136
0	125
63	87
1	3179
356	3179
2	1275
40	1792
9	1792
0	0
1	0
0	0
13	6
0	1
0	5
1	1
0	2
0	0
0	0
0	0
0	0
0	0
2	0
0	0
0	0
30	536
13	296
3	481
23	271
208	495
0	336
0	20
23	23
0	23
0	13
0	4
0	0
0	0
0	0
2	408
2	401
0	45
2	41
3	34
0	45
2	98
0	22
0	43
3	35
159	74
0	40
48	18
1	17
0	16
3	67
0	7
0	7
0	51
0	4
112	113
0	74
0	113
1	25
9	0
17	16
21	54
0	65
1	28
3	43
0	0
0	0
0	0
0	0
0	0
4	4775
1	4775
0	2872
24	4763
110	957
4	1645
659	1039
0	773
61	395
2	25
2	260
0	266
1	208
9	86
0	185
12	11
861	277
6	3
0	7
1	10
3	37
4	179
1	107
0	0
0	0
0	0
0	0
0	0
1	279
1	544
1	17
1	58
2	696
0	599
24	1012
2	230
0	49
0	186
0	1002
34	449
2	449
0	81
0	0
0	0
0	0
9	15
0	15
0	0
0	1
0	1
0	4
0	6
1	2
6	68
119	223
1	174
0	7
0	100
0	60
12	39
63	1078
1	245
1	865
0	484
4	585
1	909
4	435
0	407
3	305
0	164
5	60
4	0
0	1
0	0
0	0
0	0
0	0
5	83
0	83
0	49
0	3
0	0
0	83
2	20
5	24
0	23
0	0
0	0
0	0
0	0
0	0
0	0
0	0
0	0
0	0
1	0
1616	769
2	685
21	129
138	9
0	9
0	0
0	0
0	0
0	0
0	0
0	0
0	0
0	0
0	0
0	78
20	726
94	766
4	176
0	220
0	0
2	321
0	319
0	21
20	129
5	129
0	0
0	0
0	0
0	0
0	0
0	1603
3	3208
1	1806
3	3689
1	172
0	932
0	1382
285	3654
1	378
0	1421
955	192
0	3667
0	3297
1	593
53	232
29	2066
0	0
1	0
0	0
0	0
14	1535
0	1330
10	229
0	151
8	510
0	545
0	169
25	0
0	0
0	0
0	0
0	0
13	106
2	100
0	54
0	82
0	28
1	0
0	0
0	0
0	0
11	385
0	402
12	3
1	7
1	109
1	20
30	0
0	0
0	0
0	0
0	0
48544	15726
19	5086
21	7835
5	0
0	0
0	0
0	0
0	0
0	0
0	0
0	0
0	0
0	0
0	0
0	0
0	0
0	0
0	0
0	0
3	0
0	0
0	0
0	0
0	0
0	0
0	0
0	0
0	0
0	0
0	0
0	0
0	0
0	0
5	370
97	0
11	29
0	114
0	322
0	135
0	183
3	10
0	48
19	17
0	58
2	58
0	0
0	6
9	5
0	96
1	147
0	384
38	40
0	98
0	115
22	136
8	55
0	17
21	51
0	14
1	24
0	352
2759	8
4	8
0	0
1	77
2602	77
2	0
0	0
0	0
1	0
40	9
0	0
0	0
0	0
0	0
0	0
0	0
0	0
0	0
0	0
0	0
0	0
1	0
0	0
0	0
0	0
0	0
0	0
0	0
0	0
14	122
0	130
2	474
12	158
0	183
0	118
1	31
0	26
0	15
0	5
4	25
0	25
0	1
0	5
16	4
0	34
39	31
47	35
1	35
0	1024
0	1023
9	118
7	208
0	984
1	0
0	0
0	0
2	9
0	9
0	9
0	0
0	0
0	0
0	0
0	1
3	0
0	0
0	9
0	9
0	3
0	3
0	3
0	3
0	3
0	3
0	3
0	3
0	0
6	538
33	553
0	518
0	0
0	0
0	0
0	0
0	0
0	0
0	0
0	0
0	0
0	0
0	0
0	0
0	4
0	0
0	0
0	0
0	0
2	244
1	244
5	233
1	240
0	240
0	33
0	28
0	14
3	9
0	75
0	86
0	79
0	61
0	3
0	8
0	8
0	1
0	0
0	19
0	3
2	14
0	7
0	5
1	3
0	8
0	0
0	1
0	0
0	0
0	1
33	0
197	49
0	1498
4	238
0	1501
10	638
3	994
0	305
1	77
0	0
0	287
0	452
0	286
0	286
0	287
1	276
1	276
0	286
2	287
0	257
1	256
3	275
0	244
0	81
2	132
0	71
0	62
0	87
0	46
7	151
0	107
0	57
6	27
0	0
0	0
0	0
0	0
2	4
0	4
0	0
0	0
0	0
622	453
39	375
2	320
0	72
0	434
35	1373
2	763
1	627
22	4
0	4
0	0
0	0
0	4
3	4
340	412
9	347
12	229
0	165
0	27
0	49
0	51
0	4
0	3
0	4
0	2
0	3
0	2
0	1
0	0
0	0
0	2
0	1
0	50
0	49
0	51
0	49
0	145
77	201
3	59
5	77
0	72
0	0
0	0
0	0
55	0
25	391
121	618
0	298
44	221
1	123
0	220
0	35
0	35
0	30
0	22
6	45
0	45
0	25
0	21
0	1
0	0
4	0
0	0
0	0
0	0
7	0
0	687
0	673
0	785
0	789
0	731
0	621
0	42
4	158
13	31
1	85
21	71
0	15
1	0
0	0
0	142
5	159
0	154
0	290
0	294
0	133
54	126
4	120
0	37
0	0
0	0
0	0
0	0
0	0
0	0
0	0
0	0
0	0
0	0
0	0
0	0
0	0
0	0
0	0
0	0
0	0
0	0
0	9
0	0
0	0
0	5
0	5
0	1334
0	1415
29	778
20	295
16	258
0	0
0	0
0	0
0	0
0	0
0	0
0	0
405	3076
0	791
1	385
73	2373
0	166
31	227
0	0
0	0
0	125
52	8
4	125
30	112
1	7
0	0
0	0
13	168
0	441
0	365
0	230
1	18
3	34
1	39
0	0
0	0
0	0
0	0
0	0
0	0
119	0
32	1
0	1
24	57
86	66
0	26
48	714
0	583
28	171
25	444
32	66
0	8
0	8
0	8
2	32
3	23
2	28
0	35
0	0
0	0
0	0
0	0
496	78
3	10
3	24
0	54
1	310
12	87
0	304
8	126
2	85
3	94
2	35
0	0
0	0
0	0
0	2
0	2
0	0
0	0
0	0
78	2132
0	241
0	80
23	183
0	96
0	1645
5	270
2	82
3	86
19	260
1	6
0	171
0	58
0	783
24	166
0	107
9	362
0	779
0	0
0	0
5	6
0	6
2	0
0	0
0	4180
0	3595
1	295
158	138
0	2
0	2
1	1
0	0
0	0
0	0
0	0
0	0
0	0
0	0
0	0
0	0
0	0
0	0
0	0
0	0
0	0
0	0
733	0
0	0
0	0
0	0
0	0
0	0
0	0
0	1570
2	1547
0	213
0	1240
23	979
4	146
4	275
0	1160
3	223
13	77
0	0
0	0
19	322
0	283
0	316
0	60
0	93
0	13
0	13
0	71
1	14
0	27
67	2
0	8
0	8
0	0
0	59
0	35
0	46
0	9
0	9
2	0
0	2
0	58
3	256
1	195
2	191
0	27
1	191
0	0
0	0
0	0
0	0
0	0
0	0
0	0
6	640
1	562
0	602
21	58
80	45
589	291
19	259
5	186
0	0
0	0
7	129
0	127
4	130
0	3
0	4
0	4
0	4
0	4
0	4
0	2
0	1
0	2
0	1
0	0
0	0
0	0
0	1
2	0
0	1
0	0
3	0
0	0
0	0
0	0
0	70
27	70
0	66
0	21
1	27
0	53
1	2
0	26
7	12
9	2000
12	311
0	0
31	11
19	0
1	1985
0	6724
0	1266
984	7471
3	1229
578	1628
0	1257
108	5797
3	0
7	0
0	0
0	0
5	937
27	937
0	234
31	0
13	387
0	557
0	378
0	358
13	407
1	149
0	109
0	130
0	156
0	187
46	10
0	10
372	672
5	378
2	633
1	512
11	16
1	89
0	56
0	47
0	10
0	658
0	1411
0	0
0	0
0	0
0	0
0	57
1	59
2	74
17	58
1	68
0	60
0	69
0	34
0	37
0	39
2	28
15	184
0	46
0	184
614	508
19	433
0	51
0	75
0	11
0	0
0	0
0	17
3	0
12	13
0	3
0	18
0	14
4	0
0	0
0	0
5	0
1	0
0	0
927	639
22	44
1	633
15	364
0	349
0	0
0	0
0	0
0	0
0	0
0	0
0	0
0	0
0	0
0	0
0	0
0	0
0	0
449	1482
5	1410
1	1273
6	1346
0	1200
0	1386
0	1050
1	427
33	508
3	2
0	34
1	508
0	32
12	0
2	142
0	352
13	288
0	288
0	268
1	147
0	236
0	149
0	336
0	64
1	65
0	339
9	457
39	470
1	455
0	441
0	105
0	116
0	141
0	105
0	0
28	216
0	215
0	208
0	134
12	2089
25	4
19	26
0	2089
4	55
1	14
4	449
5	11
0	449
0	0
0	0
0	0
0	0
0	0
0	0
0	0
0	0
0	0
0	0
1	16
0	0
0	4
0	0
0	6
0	4
0	11
0	0
0	1
0	7
2	3
0	3
0	0
0	0
4	122
0	121
10	121
2	122
0	0
0	0
0	142
0	142
4	91
0	59
0	6
3	7
0	4
0	3
0	0
65	407
913	407
7	0
0	0
0	0
0	0
0	0
0	0
0	0
0	0
0	0
0	0
0	0
0	0
0	0
0	0
0	0
0	0
3	1
0	1
0	0
1	0
0	0
0	0
0	0
0	0
0	0
0	0
0	0
0	0
0	0
2	934
16	2199
4	2462
28	1628
0	1965
0	1606
11	1568
0	2040
37	145
8	17858
39	6652
7	16544
0	1836
12	577
92	481
0	922
14	428
4	3855
0	7968
56	739
12	32
2	1262
63	106
0	3369
4	1315
2	461
0	17920
0	6124
0	0
12	6126
1	2025
68	5613
0	2876
29	4025
0	1863
8	4111
99	15
4	15
1	0
0	0
0	0
0	74
4	1
0	147
0	135
0	1237
12	1688
0	132
7	3
1	12
0	1668
1	50
16	506
33	363
0	211
0	289
7	786
3	176
1	96
0	265
0	193
26	786
1	103
0	194
1	691
0	177
0	112
0	114
7	18
0	17
0	0
0	92
0	143
0	0
0	0
0	0
0	0
0	1
0	1
0	0
0	11
0	11
0	5
0	11
0	2
0	2
0	0
0	0
0	11
0	5
3	2
1	5
0	0
216	1214
1	1219
12	474
0	279
0	279
0	0
92	177
25	174
0	130
2	7
3	0
1	1
0	0
0	0
0	1
0	385
0	248
0	420
0	352
1	397
0	356
0	0
0	0
2	2467
2	2561
0	2401
1	800
10	1372
0	1068
4	2
0	2561
32	160
1	150
1	46
0	0
282	0
0	0
0	213
14	16
23	0
0	134
0	16
2	195
12	10
29	0
1	20
0	0
336	235
93	42
6	193
1	4
0	4
0	0
0	6
0	7
0	7
0	2
0	0
0	0
104	25
2	20
0	17
0	0
0	13
0	510
0	511
0	517
0	563
1	563
9	558
0	18
2	98
0	0
0	1
0	1
0	1
0	1
0	0
0	1
0	1
0	0
0	0
2	0
0	1
0	0
0	0
51	16
10	16
0	15
0	8
105	2210
1	326
15	2149
42	2121
8	131
15	753
8	68
2	441
2	104
0	0
0	0
2	86
0	85
0	85
0	18
0	27
0	24
1	8
11	10
0	0
0	0
0	0
0	0
0	0
0	0
0	176
5	179
0	164
0	5
21	0
1	37
18	154
0	42
0	9
1	21
0	3
0	19
0	2
0	19
0	11
0	0
0	0
0	0
0	0
0	0
0	1
0	1
0	369
13	356
3	346
1	31
1	20
0	8
1	40
3	158
0	152
9	3
5	8
77	88
10	88
0	34
0	1
0	0
0	0
0	0
0	0
0	182
171	148
0	161
0	183
30	6
5	33
0	160
1	0
0	0
0	0
0	1
0	1
0	1
0	1
0	0
0	1
0	1
0	0
0	0
0	0
0	0
0	0
0	0
0	0
0	0
0	0
0	0
0	0
0	0
16	451
0	383
0	77
4	32
7	8
1	111
5	98
9	89
0	84
25	67
0	4
0	10
0	10
1	5
0	6
0	5
0	8
0	0
0	0
0	3
359	569
0	192
11	153
1	107
4	79
7	161
0	223
0	1
0	0
5	2151
4	2135
0	2208
3	68
0	1740
0	1949
0	0
0	0
0	0
0	0
0	0
0	230
35	557
0	0
24	392
16	465
156	207
26	207
9	700
13	0
3	48
24	685
17	58
0	22
1	21
1	9
0	14
0	15
0	17
0	0
0	6
357	755
0	808
0	683
0	656
42	407
0	111
0	138
0	95
1	30
0	35
11	38
72	1
21	1
0	36
25	389
62	288
0	0
18	2
0	374
0	1
0	37
19	0
12	0
0	379
0	264
0	267
0	102
0	186
0	177
0	174
0	5
0	7
0	7
0	3
0	20
0	13
1	15
0	15
0	12
0	7
0	8
2	1
0	7
0	4
0	0
0	266
0	0
0	0
0	0
490	0
1	25
0	25
0	1
0	0
203	0
0	0
0	0
64	0
0	2
0	0
0	2
0	0
0	0
0	0
0	0
0	0
0	0
0	0
0	887
0	119
2	819
5	186
0	792
0	29
11	140
0	64
0	97
199	28
3	28
0	0
0	0
0	0
0	0
0	0
0	0
1	5
0	2
0	4
0	0
246	1046
67	136
3	410
0	237
10	138
0	1046
0	0
0	385
0	0
0	0
0	0
0	0
0	0
5	213
0	191
0	213
7	4
31	70
0	12
13	74
15	7
0	51
0	102
2	12
8	27
6	68
1	16
8	63
0	16
0	25
1	14
0	12
0	2
3	1
0	2162
1	96
10	275
0	143
871	362
3	362
31	142
2	151
0	160
35	528
75	970
0	407
24	165
11	18
6	3
1	6
1	6
0	1
0	2
1874	85
1415	344
0	96
2	145
11	28
0	76
0	41
0	0
0	0
0	0
0	0
0	0
0	0
0	0
0	0
0	0
0	0
0	0
0	0
0	0
0	0
0	0
0	0
0	0
0	0
0	0
0	1
0	1
0	1
11	294
7	365
2	408
0	39
0	2
1	62
0	708
0	676
1	665
0	255
1	244
12	244
0	46
0	6
4	0
0	4766
23	1282
0	4660
5	648
0	455
6	3
50	561
17	688
4	999
1	4648
7	15
123	3252
63	1003
6	231
4	43
0	91
0	425
92	333
4	613
1	73
6	293
0	0
0	0
44	37
0	29
0	29
3	11
1	42
45	159
1	42
1526	157
475	92
1	27
8	65
0	5
0	6
0	6
0	5
0	4
1	0
0	0
0	0
0	0
0	0
0	2018
0	1836
0	0
0	0
0	0
0	0
0	0
0	0
11	8
3	29
0	16
29	9
10	12
0	43
0	29
1	24
0	8
10	2037
40	801
0	1800
0	1934
0	1986
0	739
0	111
0	540
2	513
3	378
0	319
0	482
15	84
0	402
0	189
0	319
0	232
0	293
0	185
0	184
3	121
2	63
2	93
5	39
0	1734
0	1969
6	118
0	118
0	0
0	0
0	0
0	0
90	646
6	1035
0	1071
0	95
11	142
0	208
0	283
2	243
0	249
0	148
28	380
0	0
1252	255
0	1755
0	1500
1	1707
0	1711
0	759
0	358
0	269
1	447
10	190
0	57
7	83
0	4
8	810
114	2859
0	747
0	2823
16	1569
7	89
0	619
0	473
25	445
4	347
50	1
19	0
0	0
0	0
0	0
0	1
0	1
0	3
1	3
0	2
0	0
0	0
0	0
0	0
0	0
0	0
0	0
5	1
0	1
0	0
0	145
0	63
8	459
199	932
1	362
0	0
0	0
0	0
0	0
0	0
0	0
79	343
14	0
0	343
9	1049
8	1031
0	1049
2	137
0	87
6	9
10	5
8	4
109	420
10	361
187	19
15	19
6	905
13	902
5	63
0	55
0	66
126	46
3	45
0	310
4	317
0	0
0	0
0	0
0	0
0	0
0	0
0	0
0	0
3	453
0	46
0	42
0	423
0	225
0	103
2185	729
67	643
0	526
5	702
4	651
0	1
0	1
0	0
0	0
0	0
0	0
6	453
32	47
0	1
0	4
0	5
0	9
0	6
0	7
0	470
3	474
1	21
0	463
8	103
43	84
10	68
0	19
22	319
3	26
216	172
0	13
5	12
0	140
0	60
0	14
1	7
514	1939
1	152
0	1824
9	86
3	489
45	1147
2	191
15	223
0	691
0	468
0	324
0	1
0	1
0	0
6	0
0	0
0	0
0	0
0	0
0	0
0	1
0	1
18	156
30	156
4	3
0	0
0	0
702	6
44	6
0	905
0	113
5	753
0	844
0	78
0	0
0	0
0	0
0	0
0	1
0	1
0	1
0	1
0	0
0	0
0	0
0	0
0	0
0	0
0	0
2	0
890	2238
1	137
0	273
0	214
0	88
0	2238
0	0
0	0
0	0
0	0
0	1
0	1
0	0
0	0
0	0
0	0
1	192
1	212
0	215
0	12
0	204
8	591
12	591
3	11
0	8
2	48
1	46
1	163
1	87
16	28
0	591
0	0
13	5402
111	5402
1	354
31	0
0	2
0	2
0	1
0	0
0	0
0	0
0	0
0	0
0	0
0	0
0	0
4	278
8	278
3	278
19	292
9	14
6	513
1	801
1	797
0	751
0	764
0	710
16	689
0	90
0	85
0	29
0	59
0	49
5	49
0	49
0	784
0	799
0	700
0	0
0	0
0	0
0	0
0	0
0	1
1	0
0	0
0	0
0	0
0	0
0	0
0	0
0	0
0	0
0	716
107	745
76	5
9	282
33	35
85	0
12	26
2	0
1031	830
17	689
3	190
3	29
11	86
2	300
63	1196
0	1126
0	153
38	778
29	129
1	321
0	230
2	207
0	208
0	116
0	2
0	0
0	0
0	2
0	0
0	2
33	15
0	15
0	0
0	0
0	0
0	0
0	0
1	0
0	0
0	0
0	0
0	0
0	0
11	1856
42	1730
755	56
2	56
0	0
0	0
0	0
0	0
653	825
7	89
0	214
41	214
13	183
1	215
17	284
10	155
0	60
0	472
0	37
3	520
0	521
0	101
1	3
0	18
0	455
0	0
48	744
53	745
84	769
0	774
2	64
0	765
0	0
0	0
0	0
57	330
111	340
0	117
0	17
0	0
0	0
0	0
0	0
0	0
0	0
0	0
0	0
0	0
0	0
0	0
0	0
0	0
7964	727
34	8
0	8
0	3
8	1
7	1
2	0
0	952
1	963
0	963
9	88
0	149
4	90
4	402
4	222
4	951
1	63
1	63
0	15
2	0
0	0
0	0
0	0
0	0
0	0
0	0
0	0
0	0
0	0
0	33
1	33
0	0
0	0
0	5
0	9
0	0
0	52
18	1
31	44
1	0
0	31
0	35
0	2
0	25
0	0
0	4
0	10
30	81
0	1
0	0
0	0
0	0
0	0
444	155
4	155
0	55
5	51
1	0
0	0
0	0
0	0
0	0
0	0
0	0
0	0
0	0
0	0
0	0
0	0
0	0
0	0
0	0
0	0
0	0
0	0
0	9
0	0
57	77
0	55
11	77
0	30
0	26
0	104
1	101
0	99
0	90
0	15
9	9
1	102
190	282
1	0
0	282
0	1
0	0
0	0
0	1
0	0
0	0
0	1
0	0
0	0
6	9
0	6
3	4
0	5
0	1
0	0
0	0
0	0
0	0
0	0
0	0
0	0
0	0
0	0
0	0
0	0
7	124
0	32
1	48
0	53
6	107
0	0
0	0
0	0
0	0
0	0
0	0
0	0
0	1
0	16
0	16
0	0
0	0
257	2735
0	2735
363	1941
237	2008
0	270
1	231
27	150
12	580
27	8
0	8
0	0
0	0
52	188
0	157
1	138
0	100
26	70
0	68
0	54
0	9
27	930
0	343
0	681
0	38
0	63
0	23
0	289
0	121
5	86
0	85
1	33
0	332
0	8
0	644
0	679
0	704
2	12
11	17
0	741
0	0
0	0
0	0
0	0
0	0
0	0
0	0
0	0
0	0
0	135
0	143
0	126
1	0
2	21
0	16
63	178
0	178
8	6
0	56
0	0
48	8
32	988
16	988
0	118
1	55
4	220
1	223
2179	4174
88	3620
29	3502
6	3345
0	2696
60	2646
2	1616
75	66
0	69
0	18
0	15
0	22
0	6
0	9
0	3
24	2
13	2
0	0
0	0
0	0
0	0
0	0
0	0
0	0
0	0
0	0
2820	0
0	0
0	0
1	714
0	656
0	667
0	383
0	392
0	378
0	156
0	122
0	112
0	56
5	63
1	44
0	0
0	0
0	0
0	0
0	0
0	0
0	0
2	762
8	324
1	760
0	72
0	102
0	336
3	220
4	84
91	42
1	42
8	0
0	0
0	0
5	28
0	28
0	0
0	0
0	1410
0	1259
0	1362
0	1376
1	1388
0	1328
0	1369
20	11
0	60
21	262
62	20
1	27
55	59
0	60
20	50
0	47
0	55
0	1
0	1
0	0
0	0
2	299
5	299
0	60
0	65
1	31
4	35
0	375
0	20
0	568
32	155
20	159
0	499
0	277
0	544
2	22
24	19
919	756
50	356
2	268
0	616
4	2147
15	2200
43	1448
0	2162
0	87
719	18371
61	18352
0	621
26	342
0	621
0	0
0	0
0	0
32	178
6	0
0	0
0	0
0	0
1	158
26	153
0	0
0	2
0	2
0	1
0	1
0	1
0	0
0	1
0	1
0	1
0	2
0	0
0	0
0	0
0	0
0	0
0	0
0	1
0	1
1	129
0	124
3	109
37	128
0	111
0	11
0	7
0	43
0	126
0	9
0	9
0	0
0	0
5	0
0	0
0	0
0	23
1	31
2	39
0	35
3	37
0	16
6	96
0	96
11	9
5	0
0	0
0	0
0	0
0	21
0	16
0	18
0	4
0	6
0	17
2	12
0	9
0	9
0	1
1	0
0	0
74	439
6	402
7	425
0	219
0	0
1	1544
0	1551
0	1546
8	1002
0	186
0	21
0	50
0	39
2	43
11	13
21	37
0	19
3	9
0	5
1	2
1	5
2	10
0	0
0	0
0	0
0	0
21	0
0	0
0	54
14	478
60	468
3	209
0	252
6	43
0	307
0	304
3	38
8	4
0	69
0	0
0	66
0	11
0	11
0	71
0	71
1	59
0	47
0	19
0	1
0	163
0	245
10	2
0	138
0	97
0	154
0	197
0	33
0	116
2	163
0	198
0	24
0	70
0	57
3	90
0	8
1	0
0	8
1806	1791
1	1309
9	1105
9	1086
0	322
17	348
0	2
0	2
0	693
0	693
0	63
5	22
3	191
6	0
0	693
0	2
0	2
0	2
0	2
0	2
0	2
0	2
0	2
0	2
0	2
0	2
0	2
0	2
0	2
0	2
0	2
0	2
0	2
0	2
0	2
0	0
0	2
0	2
0	2
0	2
0	2
0	2
0	0
0	0
0	0
0	0
0	0
0	0
0	0
0	0
0	0
0	0
0	2
0	2
0	0
0	0
110	3242
3	236
3	148
0	0
0	11
0	11
1	9
0	8
0	0
0	0
0	0
0	0
0	0
0	0
0	0
0	0
0	0
0	0
0	0
0	1
3	2
0	23
0	23
0	7
0	4
0	0
0	3
0	5
0	5
0	5
0	0
0	5
124	42
0	42
3	13
0	13
3	3
0	2
0	3
0	2
0	1
0	0
0	1
0	351
0	388
16	371
3	50
0	306
7	18
0	68
0	24
0	36
11	18
0	16
0	25
3796	332
2	185
11	147
0	0
0	0
0	0
0	0
754	2255
1	2016
0	26
2	19
45	1339
51	239
1	35
1	71
0	947
1265	1388
0	1201
0	1140
0	243
3	294
8	338
4	196
661	1837
0	1837
517	113
4	48
6	7
5	113
1	36
0	512
5	478
0	398
22	426
1	492
0	498
0	167
3	181
4	4
0	4
0	0
0	0
0	0
1480	405
5	307
3	0
34	100
0	98
0	36
0	5
0	0
0	10
1	10
12	0
0	10
1	10
0	0
22	9
0	9
0	0
0	1
0	52
0	53
0	48
0	9
1	1
0	0
0	0
0	0
0	0
0	0
0	0
7	754
0	917
4	876
0	894
5	112
5	76
0	60
0	53
0	114
0	58
84	121
0	61
0	56
1	101
28	84
30	50
6	1
3	1
0	0
0	0
0	0
0	0
0	0
1	964
0	956
4	39
5	69
2	95
2	363
4	53
0	553
6	89
0	118
30	290
0	0
3	131
0	965
7	93
0	92
14	78
0	62
0	7
3	18
0	0
1	0
0	0
0	0
0	0
0	0
0	0
0	0
0	0
0	88
0	191
14	180
0	8
0	8
0	8
0	3
0	8
2	238
0	68
0	249
0	225
29	105
23	100
0	46
0	47
0	29
1	17
0	27
3	26
4	31
0	38
666	22438
27	18378
200	22224
4	4342
0	2626
35	3502
7	3502
19	2020
2	1501
0	992
22	1182
0	18
0	9
7	167
0	88
0	1189
0	0
0	0
0	0
69	0
12	0
3	85
2	6
0	6
0	2
0	85
0	11
0	475
0	534
0	95
0	64
0	105
2	61
0	0
0	0
0	0
0	0
13	73
0	302
1	269
0	301
0	17
6	144
31	21
0	74
0	54
0	29
0	1356
0	861
46	981
0	701
1	10
0	75
0	16
1	39
0	981
0	612
0	51
0	705
2	88
161	9
0	9
0	4
0	0
0	0
0	0
0	0
0	234
156	141
0	234
72	7841
0	326
44	2988
212	67
1	7171
0	532
8	3435
2	9
27	865
11	1766
18	74
0	74
1	0
0	0
1	0
0	0
0	0
0	0
0	0
0	0
0	0
0	1799
0	1714
3	1556
5	886
0	71
0	323
0	246
0	0
86	52
0	52
4	11
0	0
0	1
0	1
2081	127
0	38
4	89
0	0
0	0
0	0
0	0
0	0
0	0
0	0
0	0
0	0
454	644
1	161
11	110
0	153
1	152
0	74
0	15
0	13
0	0
1	33
68	356
15	29
0	323
1	22
0	482
12	15
0	480
0	465
0	468
1	83
4	70
0	87
10	35
1	106
0	0
0	0
0	0
1	70
0	0
22	72
0	65
0	0
419	230
3	97
1	77
6	791
8	717
29	699
12	766
0	298
0	103
3	190
70	66
1	22
0	0
0	0
26	0
2043	1142
8	104
0	300
119	952
0	242
0	166
0	224
0	424
0	138
5	359
8	366
7	365
0	41
7	0
0	0
0	0
0	0
0	0
0	1376
0	448
0	168
0	25
0	25
2	31
0	4
3	1374
0	0
0	0
0	0
0	0
0	0
0	2
0	2
0	0
0	2
3	32
1	32
3	178
4	178
2	15
9	29
0	17
0	146
153	1
0	0
0	0
0	0
0	0
0	0
0	0
0	0
0	1154
0	1167
16	1136
28	8
0	1108
0	354
0	511
0	321
0	278
17	1603
1	1603
0	758
0	501
0	243
0	101
1	16
5	0
0	256
0	215
5	215
0	186
1	13
11	0
0	30
2	256
0	24
0	24
0	0
0	0
150	399
0	35
0	32
0	6
0	0
0	35
0	35
309	233
15	233
0	167
0	167
0	0
0	0
1600	1
19	1
2	12
0	9
1	3
2	3
0	5
0	4
1	3
1	1
0	1
12	0
0	0
0	0
0	0
896	283
24	283
560	1465
6	153
22	912
19	67
1	474
0	405
11	281
32	125
0	72
11	125
0	57
1	16
0	1
725	1222
17	122
0	117
7	1113
0	480
2	44
0	11
0	44
0	38
1	261
4	295
0	329
0	16
0	444
0	0
0	453
0	0
0	0
0	0
0	0
0	0
0	0
0	0
0	0
0	0
0	0
157	138
1	19
0	83
0	1
0	0
0	0
0	1
0	0
0	0
0	0
0	0
0	0
0	0
0	0
0	0
0	363
0	242
0	77
0	53
0	46
3	282
4	41
5	87
5	71
3	187
0	160
0	77
0	120
0	11
13	11
0	0
0	0
0	0
4	0
0	0
0	0
0	0
0	0
0	0
2	12
0	12
0	9
0	1
0	2
0	2
1	0
0	3
0	2
0	0
0	0
0	0
0	1
0	1
2	0
0	0
0	0
0	0
0	0
122	72
0	65
0	61
3	14
0	59
2	46
1	44
3	4
0	7
4	1
0	12
7	1327
3	59
0	118
7	113
0	10
3	22
3	28
0	363
0	261
0	26
2	33
1	11
0	28
1	130
0	26
0	1327
0	0
0	0
0	2
0	2
0	2
0	2
0	0
0	0
0	1
161	645
0	630
0	32
30	9
0	0
0	84
0	1731
1	14
0	188
11	1720
0	8
0	1275
0	1720
14	1717
0	0
0	0
0	18
0	21
0	20
500	744
1	149
9	75
3	125
3	221
0	732
86	24
0	24
0	19
0	16
0	0
0	0
0	0
0	0
0	0
0	0
0	157
5	157
2	157
14	0
2	289
6	278
0	219
0	0
0	7
0	7
877	342
3	25
0	85
2	50
5	146
331	185
1	185
33	930
3	929
21	907
18	94
0	553
1	600
2	54
0	371
4	285
7	118
4	231
0	141
13	76
2	0
34	4
0	0
0	0
0	0
34	2352
7	1501
7	2253
95	30
23	796
1	1105
12	1102
1	528
3	149
0	377
0	280
49	96
1692	99
0	97
0	404
13	143
3	156
7	321
0	0
0	0
0	0
0	0
9	708
2	151
0	695
0	0
0	0
0	0
5	376
20	383
37	274
101	358
0	274
0	365
2	111
0	223
16	148
0	53
0	0
0	34
6	563
0	476
0	464
0	537
0	136
241	493
4	422
28	357
0	403
7	403
4	0
0	0
0	0
0	0
0	0
0	0
0	0
0	0
0	0
3	210
2	24
0	132
1	78
11	4
0	30
4	206
3	0
1	19
4	0
3	5
0	89
0	89
0	49
28	11
0	8
0	0
0	3
0	0
0	0
0	218
1	254
31	212
14	152
0	96
0	45
0	9
40	271
6	210
0	66
0	79
0	53
409	474
2	376
0	98
48	0
63	34
0	0
0	34
3	2
1	6
2	6
4	0
0	14
0	14
0	9
0	0
0	0
0	0
2	0
0	0
48	0
1	6
0	1
0	5
0	1
0	2
0	0
949	1187
42	1067
5	2
0	336
0	114
0	0
0	0
1	756
26	6305
1	3572
1	5607
3	3749
7	365
0	6306
0	6299
0	5607
59	6306
0	2
0	2
53	23
1	3
0	0
0	21
0	3
0	3
0	0
0	0
0	91
0	91
0	91
2	19
4	24
2	13
0	7
222	0
0	0
0	0
0	0
0	0
0	0
2	42
1	45
0	40
0	0
0	0
0	0
0	0
2	22
0	62
13	92
1	24
0	20
0	7
3	13
0	13
0	12
3	14
0	31
0	0
0	2
0	2
0	206
1	206
1	0
0	0
0	0
0	0
0	0
13	0
0	0
0	0
0	0
0	0
0	0
0	0
218	53
9	53
6	53
0	86
0	50
13	63
0	82
0	10
1	8
0	13
0	4
0	0
0	0
138	418
1	361
4	174
0	379
319	121
2	42
0	57
0	47
0	25
0	420
1	520
0	520
1	27
0	200
2	520
0	0
0	0
0	0
0	0
0	0
0	0
0	0
0	0
6	214
0	251
12	247
0	9
1	0
0	4
1	0
0	0
0	4
0	4
0	0
0	0
0	0
0	0
0	0
0	0
0	0
0	3
0	3
1	3
1	9
0	1
0	3
0	2
0	0
0	0
0	0
4	0
0	0
4	217
2	217
0	24
0	53
0	74
0	217
0	0
0	0
0	0
0	0
0	0
23	38
4	41
21	3
0	0
0	0
0	0
0	0
0	0
0	0
0	0
0	0
0	0
0	0
0	0
2	0
159	1270
1	1156
183	1204
72	104
63	27
3	136
7	135
1	81
1951	11
2	11
0	0
0	0
1710	305
0	248
91	57
0	2089
3	2039
31	1358
10	244
0	218
0	223
76	697
0	17
2	39
3	56
281	2918
151	25
13	22
0	4
0	4
21	124
1	89
0	15
0	65
0	0
0	0
0	0
0	0
0	0
0	2596
29	763
33	1149
0	2448
0	218
0	1945
3	486
0	597
28	395
48	0
0	220
36	988
3	1778
42	16
9	194
1	615
0	1796
0	1722
3	221
0	1700
25	352
21	1705
6	320
5	65
20	36
3	206
10	183
1137	0
0	0
0	0
0	0
0	0
8	237
2	16
7	216
2	40
0	29
2	15
2	15
0	15
0	15
2	1
0	3
1	2
0	0
0	0
0	0
0	0
0	0
0	0
350	32
2	18
0	14
101	231
3	880
0	92
0	881
0	0
0	0
0	0
0	0
0	0
0	0
0	0
0	6
0	4
0	6
0	3
0	0
0	5
0	0
0	0
0	0
0	0
31	23
0	23
7	208
0	123
2	135
0	170
0	103
0	69
1	128
2	55
0	0
0	0
20	0
0	0
0	0
0	0
5	217
0	226
0	184
2	104
0	84
19	55
1	128
0	0
0	0
0	0
0	0
0	0
27	2192
12	165
0	65
0	148
37	2206
0	69
3	219
0	2229
572	2303
5	428
0	2263
4	256
9	62
0	137
77	723
0	542
6	130
101	19
0	42
1	1
0	1
0	122
22	96
13	376
0	1596
0	4
0	20
0	1412
0	89
0	1048
0	517
1	131
1	64
4	44
0	1527
0	1551
4	3
0	3
0	249
15	109
0	244
0	19
0	42
0	67
0	372
0	379
0	274
0	330
0	322
0	328
0	304
0	371
0	425
112	308
0	234
0	331
0	27
0	402
0	0
1	277
183	575
7	575
0	0
0	74
2	9
1	74
9	56
1	47
2	18
0	31
448	0
3	305
0	119
0	133
0	167
50	238
39	90
0	245
0	234
0	282
6	1
13	0
73	0
0	349
31	298
12	212
0	139
3	208
1	252
525	456
0	447
15	19
0	173
0	130
68	27
0	28
1	6
0	4
1	1
0	2
2	3
3	3
10	118
175	240
0	147
1	230
0	0
0	0
1	1288
0	39
3	609
1	1086
49	1281
0	10
0	538
13	233
0	23
0	17
27	2397
268	2397
1	1588
2	1059
1	600
32	190
0	718
0	702
50	42
0	707
0	144
0	700
4	701
61	18
0	178
1	68
1	113
0	148
0	0
0	0
0	0
0	1
0	0
0	0
0	7
0	0
0	1
0	6
0	6
0	7
16	23
0	21
0	3
0	1
0	3
0	2
2	1
257	38
0	35
1	29
13	0
0	0
0	0
175	3
49	3
32	1097
0	262
117	637
0	117
0	374
3	1075
0	124
0	0
21	858
2	783
1	56
6	47
0	70
50	144
0	118
8	39
2	19
0	35
0	24
0	25
0	24
0	4
0	0
0	4
0	0
0	2
0	17
0	35
343	545
7	11
44	410
1	60
0	142
0	0
9	826
0	28
0	105
6	405
0	124
15	7
0	592
1	21
9	150
0	106
0	51
0	150
0	21
0	21
0	17
0	20
0	20
0	14
0	16
0	14
0	11
0	11
0	1000
0	1013
0	985
0	921
0	1022
0	905
0	938
2	284
0	209
0	223
1	215
0	1072
0	1089
0	1061
0	838
0	0
56	277
1	51
10	204
7	119
0	63
12	24
6	12
2	7
0	240
0	0
0	1
0	0
0	1
0	2
0	1
0	2
4	0
0	5
0	6
0	6
0	6
0	6
2	4
1	3
0	0
6	115
0	88
0	11
11	0
30	79
643	0
0	0
0	0
0	0
1	33
0	92
2	92
2	55
2	12
0	0
0	0
0	0
3	34
1	32
0	23
0	6
0	1
0	0
0	0
0	0
0	0
0	0
0	0
0	0
0	0
0	0
1	0
0	0
0	0
0	0
0	0
0	0
0	0
136	2062
30	1063
0	267
0	113
10	1609
2	732
16	0
3	465
0	249
183	294
0	264
6	154
5	125
0	7
0	1276
6	2875
1	201
2	148
2	217
6	186
1	0
0	2887
626	400
72	56
11	146
1	75
3	56
0	0
17	802
8	769
7	48
0	98
0	0
0	0
0	0
0	0
0	0
0	0
0	0
0	0
0	0
0	0
0	0
0	0
0	0
0	0
0	0
0	0
0	0
0	0
19	270
0	300
0	82
0	52
6	29
92	0
0	202
1	235
6	235
1	235
0	186
0	0
56	21
424	315
0	336
4	74
0	3058
12	3041
11	909
73	846
308	609
6	12
1	12
0	0
0	0
0	0
0	24
0	23
0	24
0	0
0	12
1	6
0	29
0	5
0	0
0	0
2	0
0	0
0	0
0	0
0	21
20	21
0	0
2	0
0	4
0	1
0	1
4	584
35	0
7	8
157	584
0	0
0	0
0	44
0	44
11	42
51	51
0	44
0	0
0	0
1	98
0	10
4	98
0	0
0	0
0	0
0	0
0	0
0	0
28	94
0	3
0	2
0	23
0	3
4	91
0	3
82	107
2	28
0	56
0	0
0	0
0	0
0	0
0	0
0	0
0	0
0	0
0	0
1	0
0	0
0	0
85	0
0	0
0	0
0	0
32	195
0	174
0	134
0	146
0	138
1	6
0	0
0	0
0	0
0	0
0	0
0	0
0	0
0	997
0	18
0	6
0	1196
8	372
3	338
2	271
0	33
729	1202
0	0
0	0
0	2
0	2
0	0
0	0
0	0
0	0
0	0
0	0
12	365
6	371
1	269
0	202
0	367
0	80
5	239
0	0
0	0
0	0
0	0
53	434
5	436
0	194
29	160
0	361
4	64
0	6
0	62
0	56
0	35
3	8
20	4
0	43
0	74
0	34
38	34
1	251
2	250
0	278
1	103
0	98
0	52
0	54
0	96
0	26
0	35
0	0
0	0
20	74
2	22
8	74
16	0
0	0
0	61
0	56
0	46
0	18
0	48
0	8
2	1
0	18
0	22
0	0
0	0
0	0
0	0
3	0
0	0
0	0
0	854
87	850
0	536
0	601
0	74
0	568
0	850
0	514
0	561
0	629
28	536
0	75
0	542
0	566
39	1
51	39
0	766
0	10
0	71
17	11
0	244
0	192
0	124
0	0
0	0
0	0
0	0
0	242
6	242
0	124
0	56
11	179
0	419
0	450
0	428
0	369
0	100
0	151
10	312
1	0
45	1
0	44
23	64
2	64
0	0
0	0
0	0
0	0
0	0
0	0
0	0
0	0
0	1774
15	53
0	140
1	237
1	1774
0	403
0	392
0	392
4	391
0	370
4	380
0	381
1	45
0	66
3559	1563
15	1230
0	1919
0	1923
5	1882
8	211
1	98
0	295
0	89
0	92
2	62
11	1
4	3
3	3
3	3
1	3
0	0
0	0
0	0
0	0
0	0
0	0
0	0
0	11
0	14
0	11
0	14
2	10
0	4
0	1
0	1
0	0
0	0
0	0
0	0
0	0
0	0
0	0
4	57
0	1
0	28
0	57
2	15
0	23
8	0
0	8
0	0
0	0
0	0
0	0
0	0
0	0
0	1
0	1
0	0
3	110
77	110
7	545
75	660
0	672
13	4
0	0
0	0
0	0
0	0
0	0
4	761
53	583
2	250
0	758
0	754
0	762
0	606
0	544
0	54
1	212
0	124
413	195
16	195
1	160
0	170
2	32
1	0
0	2
1	0
0	2
0	811
0	139
0	32
0	811
0	0
0	0
0	0
0	0
0	0
0	0
0	0
0	0
358	8262
53	642
47	2
21	108
1	8262
0	0
0	0
0	0
0	0
0	0
0	9
0	5
0	0
0	0
0	0
0	0
9	27
0	27
259	10
124	10
0	0
0	0
0	0
0	0
123	301
10	300
0	5
0	0
0	0
0	225
0	425
0	410
3	425
0	431
4	59
4	60
12	54
4	53
2	48
0	43
0	8
0	6
0	0
0	2161
148	186
0	96
1	613
281	2023
0	499
1	294
0	230
11	0
0	1891
0	0
0	0
0	0
0	0
0	0
0	0
0	0
30	328
6	359
0	55
1	96
0	357
0	9
5	112
0	102
3	41
0	0
10	275
1	284
19	202
0	0
0	0
0	0
0	0
0	0
0	0
0	244
0	0
0	0
0	0
0	0
0	0
0	0
0	0
0	8
0	7
1	6
0	7
0	7
0	3
0	0
0	8
0	5
0	0
0	1
634	2226
0	792
0	1949
0	698
0	917
6	125
0	193
52	116
0	145
5	111
0	41
116	502
14	33
19	187
14	405
1	97
0	0
0	0
0	21
0	15
2	21
0	21
0	10
2	51
0	43
0	26
1	30
0	30
0	51
0	0
0	0
0	0
0	0
0	0
0	0
0	0
0	0
14	0
0	0
0	0
0	0
0	0
0	0
0	0
0	0
0	0
0	0
0	0
4	6
86	7
153	128
1	45
0	0
0	0
0	0
0	1
0	0
0	1
0	0
2	650
7	594
13	638
14	105
0	74
19	329
0	240
1	28
1	37
0	11
0	11
0	0
0	2
0	0
0	0
0	0
11	313
8	284
1	303
0	51
0	0
0	0
0	0
0	0
0	0
0	0
0	0
0	0
52	432
1	0
0	0
0	0
0	0
0	0
0	0
693	250
0	181
11	188
0	0
0	0
0	0
0	0
561	304
0	0
0	0
0	0
0	0
0	0
0	0
0	0
0	0
0	0
0	0
0	0
0	0
0	0
0	0
0	0
0	0
0	0
0	0
0	1149
3	1144
7	281
129	128
0	486
0	524
0	474
5	530
0	522
0	279
4	24
0	37
1	0
0	0
122	1867
61	1852
231	15
15	3
0	3
0	3
0	3
0	3
0	0
0	0
0	0
0	0
0	0
0	0
0	0
385	686
1	636
0	445
0	418
6	56
0	0
119	149
3	151
39	109
1	6
7	116
0	30
0	20
0	25
4	38
3	26
0	5
45	26
2	26
0	7
1	0
0	50
2	48
0	17
0	45
0	40
0	49
0	49
3	0
0	1
0	44
1	19
0	0
6	2
0	2
0	7
0	1
0	5
0	2
0	0
0	5
0	3
0	4
0	3
0	1
0	1
0	0
33	1145
0	1151
0	3
0	56
3	128
0	48
0	0
0	0
112	15431
289	1797
0	15609
0	8634
0	1386
21	5
90	0
0	0
0	0
282	7594
211	4335
0	3333
2	3140
2	2159
0	1639
21	1413
1	871
54	3149
3	659
4	339
0	0
0	0
933	302
0	128
3	110
3	64
131	974
1018	1049
15	666
8	225
0	0
0	0
43	619
82	619
0	84
0	0
0	0
0	0
0	0
199	176
0	208
0	103
0	83
5	224
1	204
1	212
0	23
9	7
2	12
1	150
3	10
18	1
2	8
1	8
23	0
18	1525
1	1451
2	1523
3	210
0	449
5	265
25	76
0	364
43	0
486	514
4	197
23	319
0	13
4	213
2	7
10	700
0	692
3	6
0	145
4	72
0	100
6	200
0	167
0	700
0	0
0	0
3	1
0	1
0	1
0	0
0	0
29	396
0	343
3	371
0	0
0	0
2	3071
0	3173
0	3174
0	2809
0	434
18	567
4	195
144	12255
8	12226
53	7035
2228	57
0	57
0	0
0	0
0	0
0	0
291	935
5	123
1	56
49	76
0	935
0	45
0	7
0	47
11	10
0	0
0	43
0	43
0	0
0	45
0	11
0	31
0	41
0	0
0	33
3	2
0	2
0	6
0	43
0	0
0	0
0	0
59	2074
0	565
0	385
0	5036
22	4860
0	4636
58	1018
0	6905
4	390
11	185
9	472
1	703
14	2060
200	2837
0	2919
45	3591
1	5717
0	198
29	914
0	6827
0	0
0	0
0	0
0	1
0	0
0	1
0	0
0	0
0	0
135	58
0	46
4	5
577	169
4	137
2	112
5	108
1	12
0	12
0	5
0	0
0	0
124	28
0	28
0	5
12	5
0	0
0	0
0	5
0	0
0	14987
0	12183
0	62
0	233
4	218
2	2
0	9
0	208
0	64
0	91
0	2
1	64
0	39
87	1409
6	1409
10	78
10	267
11	71
0	928
0	960
0	694
4	36
0	35
1	8
0	9
0	9
0	8
52	939
0	0
0	0
0	0
3269	1059
102	17
0	17
5	14
0	0
0	0
4	0
0	2
0	2
1006	632
5	632
2	86
0	28
0	24
0	0
2	28
0	156
15	152
0	153
0	0
1	1
0	0
0	632
0	11
26	152
0	15
0	151
1	140
1	27
0	18
5	1
0	26
0	38
0	15
2	20
0	52
0	26
0	41
0	50
0	50
0	50
0	51
0	50
0	8
0	27
1	0
0	1
0	50
0	0
0	0
0	0
0	0
0	0
0	0
5	493
0	489
11	399
12	129
0	29
0	1
6	178
16	84
1	13
0	493
0	0
0	0
0	0
0	0
0	0
0	0
0	0
0	0
0	0
3	172
3	152
0	40
0	26
0	20
2	107
0	24
0	33
0	34
6	0
0	0
0	0
0	0
1	0
0	0
0	0
0	0
0	0
0	0
0	0
0	0
0	0
0	24
0	24
1	0
1	1018
197	1111
51	1007
1	195
0	285
4	148
7	123
142	9
1	51
0	825
0	0
0	46
3	45
0	6
0	0
0	5
0	0
0	5
0	5
0	0
0	5
0	0
0	0
0	0
0	0
9	2455
26	2526
169	2522
0	30
0	30
0	30
0	17
0	17
0	17
0	17
0	2
0	1
0	0
0	0
0	0
0	0
0	0
239	84
0	74
0	15
0	0
0	0
0	0
7	0
0	0
0	1117
4	1023
0	1117
0	0
0	2085
0	0
0	0
0	147
216	229
13	95
0	138
0	56
0	97
17	54
618	0
1121	215
1	1
1	94
2	97
3	112
33	175
1	59
1	67
0	14
0	151
0	130
1	4
0	0
0	0
3	92
18	92
0	10
6	6
1	1
12	288
0	294
0	25
0	25
37	247
0	0
0	0
0	0
0	0
0	0
0	0
0	0
0	0
0	0
19	0
0	0
0	0
0	0
2	27
0	206
0	232
10	15
3	1507
0	701
0	951
1	568
0	275
236	1703
68	1623
17	80
0	1
0	1
0	1
0	1
0	0
21	839
0	51
260	792
0	51
314	829
1	636
0	705
0	199
5	196
0	0
0	0
0	0
0	0
0	0
0	0
0	0
117	135
14	103
0	1
0	34
0	9
0	50
1	33
52	849
0	787
0	919
20	732
0	149
0	144
0	258
0	297
0	208
3	170
0	141
0	75
430	0
954	0
0	0
7	733
5	1922
3	124
12	1922
0	0
0	0
0	0
0	0
0	0
0	0
0	0
0	0
0	0
0	0
0	0
0	0
0	0
0	0
0	0
0	0
0	34
0	30
0	16
12	7
0	0
0	0
0	0
0	0
0	0
0	50
1	42
3	50
29	48
0	50
0	28
0	32
0	5
0	10
0	0
0	0
0	2
1	2
0	2
0	2
0	1
0	2
0	700
3	135
12	219
2	14
0	36
0	710
0	716
0	0
0	0
0	0
0	0
0	0
0	39
0	18
1	14
141	27
1	46
14	41
12	21
0	24
0	12
2	0
470	12
3	27
0	18
0	13
0	15
67	0
0	1610
0	1533
3	1558
0	1485
1	19
11	379
14	251
0	134
314	2623
5	2827
0	518
94	2021
0	2047
0	558
63	422
7	422
1	201
9	293
0	0
0	0
2	235
1	564
2	110
0	480
5	644
0	353
21	644
2	530
3	338
0	169
0	164
0	42
0	3
0	84
0	42
0	49
17	5
0	3
0	90
0	47
0	47
0	47
1	47
0	0
0	0
0	1
0	1
0	0
22	108
0	108
4	81
1	157
1	157
0	13
0	20
0	28
0	0
15	74
0	73
0	21
0	5
0	18
7	1
394	1213
22	632
2	633
5	336
0	0
0	0
0	8
0	9
1	9
0	1
0	3
0	0
0	9
0	0
0	0
0	0
0	0
0	0
0	0
0	0
2893	84
7	84
0	0
0	0
253	263
0	263
0	96
0	0
0	33
0	5
0	0
0	0
0	0
554	918
4	214
0	287
0	450
0	341
0	254
0	158
0	0
0	0
0	0
0	0
0	0
0	0
0	0
0	0
0	0
0	0
2	1285
8	1109
19	941
1	626
0	194
119	12
0	12
0	0
0	0
0	0
0	2
0	0
0	0
0	2
0	0
0	0
0	0
0	0
0	0
2	0
0	0
404	88
0	39
0	49
1	0
252	7
11	7
0	2532
2	2555
32	2399
0	2513
0	552
0	2399
0	169
0	2555
0	2473
46	15
0	139
1	616
0	1122
25	439
1	142
10	268
960	763
72	203
0	310
2	147
5	256
12	317
0	23
253	283
14	195
0	65
0	85
13	75
4	27
0	3
0	1
0	0
0	0
0	0
0	0
0	0
0	1
0	1
0	1
0	0
7	68
0	2
36	144
0	126
0	36
0	18
0	16
4	68
1	86
4	203
0	213
1	20
0	17
0	10
0	22
0	25
0	213
0	201
6	1099
0	1102
5	131
6	35
9	249
7	249
0	29
249	958
0	673
24	0
0	1989
0	1967
0	858
1	236
0	858
0	114
2	176
1	1701
5	956
0	462
13	47
48	606
52	9
0	129
0	31
1	292
10	247
6	216
23	143
0	1983
0	0
0	0
0	0
0	0
0	0
0	1
0	1
0	0
0	0
0	0
0	0
0	0
0	0
0	0
0	0
0	0
0	3199
18	3271
3	32
26	1255
1	139
10	143
6	709
7	3209
0	128
0	396
3	252
0	342
1	324
0	136
0	1
0	1
0	1
475	1292
0	31
3	642
18	1251
3	682
40	19
4	73
39	2
8	1274
0	0
0	0
0	279
0	49
0	279
0	279
14	237
0	3
0	22
0	40
0	221
0	127
1	89
0	261
0	0
0	0
0	0
0	0
0	0
0	14
0	53
0	42
0	36
0	36
0	26
0	29
0	54
0	53
0	0
0	0
0	0
0	0
0	0
0	0
0	0
0	0
0	0
0	0
0	2
0	2
0	0
1	2
0	2
0	0
0	2
0	0
0	0
0	0
3	0
0	0
0	0
55	55
3	0
0	51
0	0
0	0
0	0
3	482
42	928
0	216
0	642
63	328
9	500
0	153
0	2
0	2
0	0
1	0
0	0
0	0
0	2
0	0
0	0
0	0
17	415
5	414
2	53
6	147
0	66
0	78
0	24
0	0
0	743
0	428
0	156
0	142
0	90
0	745
0	641
5	160
28	34
0	51
0	637
0	0
0	0
0	0
1	585
0	597
0	605
0	534
1	477
199	17
0	16
0	12
0	5
0	2
40	76
7	2
0	45
0	76
416	190
12	55
2	188
0	0
0	0
0	0
0	0
0	0
0	374
0	387
0	296
0	378
1	112
0	9
0	320
0	107
0	321
14	96
0	48
3	5
0	186
0	188
9	0
0	0
0	0
0	0
0	0
0	0
0	89
0	143
9	105
97	0
1	65
47	141
0	80
4	88
22	2
0	32
10	0
0	4
38	64
1	20
2	5
6	52
0	46
49	192
16	128
0	0
17	0
0	0
0	0
0	632
0	213
0	109
0	207
0	166
0	198
0	134
0	164
0	619
5	243
7	579
0	137
8	0
1	219
0	636
0	632
484	406
8	29
3	277
13	159
0	192
0	361
1	262
16	30
5	3
0	2012
0	1942
0	1988
17	1435
0	520
5	268
7	516
0	168
13	1095
1	348
61	405
3	676
6	586
9	196
8	269
1	184
1	0
0	0
115	604
0	184
11	589
6	333
0	149
0	0
0	0
0	0
0	0
0	0
0	0
0	0
22198	0
0	3350
0	2851
90	334
0	674
15	2890
0	2810
0	2991
2	2329
7	278
109	0
65	134
0	1506
0	107
0	856
74	114
0	10
12	21
0	0
0	0
0	0
0	0
25	38
0	116
187	156
0	47
0	1
0	40
0	0
0	0
0	0
0	0
0	0
1	0
0	0
0	0
0	0
0	0
0	0
0	0
0	0
0	0
0	0
0	0
0	0
0	0
0	0
2	124
1	124
1	8
0	5
0	0
69	0
0	0
0	0
0	0
0	0
0	0
0	0
0	0
0	0
0	0
0	0
0	0
0	0
0	4
0	3
0	1
0	0
0	0
0	0
0	0
0	0
0	0
0	0
0	0
0	0
0	0
0	0
0	0
0	0
0	0
1	18
0	5
5	6
0	5
0	3
1	3
20	0
0	18
0	0
0	0
0	0
586	932
0	113
19	823
0	227
0	198
87	247
15	23
0	90
0	435
0	383
10	42
0	424
0	377
38	79
0	1
0	163
56	178
6	137
0	49
2	29
0	42
0	67
0	69
0	52
0	2
2	21
1	9
338	267
14	1589
14	1681
0	1715
84	1576
205	285
12	291
5	40
0	0
0	51
0	0
0	0
0	0
0	0
3	13
17	30
4	0
0	30
0	0
14	1
9	261
0	1
4	142
500	262
0	0
0	0
0	0
0	0
0	0
0	1262
0	0
0	327
0	410
0	1565
0	1838
0	1311
0	1855
0	1250
0	898
0	1830
0	1791
0	355
3	182
0	1254
1	156
1	884
0	319
2	195
0	136
0	158
1	158
1	279
1	181
4	171
57	437
6	81
5	174
0	154
2	311
0	80
0	68
0	20
0	311
326	0
0	0
0	0
7	0
60	663
55	598
0	198
1	204
3	14
0	103
0	0
0	223
0	77
9	176
0	174
0	97
0	162
0	78
12	63
0	219
86	357
0	29
0	357
0	1089
37	1119
0	332
24	167
0	12
8	81
3	634
167	3
0	0
11	286
10	1412
9	729
3	35
27	0
13	253
0	1412
8	0
0	36
25	2
11	17
8	2
0	68
11	966
7	237
0	414
10	966
2	282
5	264
0	451
0	272
43	416
0	486
0	292
0	0
0	0
0	0
0	0
0	0
0	1
14	18
0	0
0	0
0	0
0	0
0	0
0	0
0	0
5	6
0	6
0	0
0	0
0	0
0	0
1	318
491	1802
0	3569
3	35
6	310
36	3567
36	336
85	3004
655	3004
0	0
0	0
0	0
0	0
0	0
0	0
0	0
21	202
0	202
1	38
0	17
0	37
0	473
0	465
1	455
0	297
11	81
0	0
0	0
0	0
0	0
0	0
0	0
0	0
0	0
3	19
28	19
0	3
0	1
19	0
0	3
0	0
0	0
0	0
0	0
0	0
250	2240
6	961
0	2067
7	903
6	291
0	75
1	105
0	71
1	35
0	79
9	4
0	0
0	0
0	0
0	4
0	3
0	3
0	0
0	0
0	0
0	0
0	9
0	9
0	9
0	0
0	1
0	2
0	0
473	275
45	19
14	41
0	215
280	112
0	0
0	0
0	0
6	112
0	0
0	0
0	0
0	0
0	0
0	0
122	69
0	69
3	2696
0	11316
0	11282
0	11314
175	0
64	4344
1	11056
0	5897
1	7300
18	11121
0	738
0	717
0	718
0	686
0	414
0	56
5	129
24	348
1	94
5	17
3	25
0	23
1	322
5	331
2	331
6	1
0	47
1	16
6	16
0	12
13	684
61	1145
16	1770
11	1452
0	1207
926	290
0	290
0	0
0	0
0	0
686	11977
109	11977
21	4
1453	0
71	1402
12	304
0	1087
148	87
19	264
45	374
0	1051
0	1382
2	131
10	95
0	21
3	89
142	302
0	29
1	23
0	18
1	38
0	18
0	42
0	71
1	184
5	4
0	14
0	0
0	0
0	0
0	0
577	0
0	0
546	10
53	10
529	804
10	647
1	208
0	187
0	146
0	149
0	138
0	115
0	68
4	61
0	98
0	69
0	0
0	0
0	1
0	0
0	1
0	1
0	0
0	0
0	0
0	0
0	0
0	0
0	0
0	8
9	8
2	0
0	0
0	19
1	19
0	6
0	4
140	0
0	0
0	0
0	0
0	0
117	77
0	57
0	69
2	16
13	25
0	25
0	98
40	1834
1	151
17	1834
0	0
0	0
0	0
8	589
0	610
1	583
0	96
1	401
0	0
2	610
0	0
0	0
0	0
0	0
0	0
0	0
0	160
0	281
0	246
10	59
0	110
0	66
0	191
5	0
0	0
0	0
0	0
0	0
0	0
0	0
0	0
0	0
0	0
205	648
8	1200
0	28
1	103
0	88
0	1158
0	1912
2	784
0	1841
24	663
0	1540
11	200
9	623
0	1906
3	0
0	0
0	0
490	0
41	2149
0	80
15	18
3	32
0	1292
0	219
0	89
18	25
4	1079
11	702
0	187
8	3
0	3
531	514
4	28
2	245
0	309
8	1055
4	790
31	380
1555	1169
67	320
0	0
11	33
0	31
0	24
0	0
0	389
40	641
0	75
0	62
0	75
0	51
0	2
0	32
4	227
54	19
8	138
20	123
13	65
38	89
99	172
5	128
0	81
0	0
0	0
0	0
0	0
0	0
5	11
1	11
0	438
9	389
54	9
0	46
0	17
0	359
0	318
1	93
0	34
0	28
0	64
8	206
0	0
30	196
3	5
1	16
39	6
0	196
0	89
18	100
1	99
0	76
0	40
12	47
3	11
0	17
690	0
0	252
28	253
0	125
0	35
1	13
0	1366
0	1405
127	449
1	143
0	1092
0	1114
10	72
2	94
3	75
0	68
12	88
0	119
3	107
5	15
0	0
0	0
1	0
0	0
0	0
0	0
0	0
0	0
65	17
0	17
0	1
0	1
3	0
0	0
0	0
0	0
0	0
0	0
0	1772
194	88
0	1574
0	1516
2	566
15	48
0	1772
75	1343
6	1340
18	229
40	13
1	290
0	0
0	0
0	0
44	341
0	117
1	65
2	26
2	80
0	66
3	45
9	166
7	34
0	35
20	37
1	200
1	203
0	37
0	211
3	3
0	31
1	0
0	1
0	1
0	0
2	0
0	0
0	0
0	436
0	436
0	37
7	1
0	29
0	329
1	104
0	2
0	0
0	11
0	0
0	0
0	0
0	1
0	1
0	0
0	0
0	0
0	0
0	19
0	318
0	1
0	18
0	0
0	1
0	1
1	318
0	0
0	0
0	0
0	960
0	0
0	0
0	0
0	0
0	0
0	0
0	0
0	1
0	0
0	0
0	0
3	135
0	0
0	0
0	0
0	0
0	1
0	12
3	556
0	0
0	0
0	0
0	0
0	0
0	0
0	2
0	2
0	0
0	0
0	0
0	0
0	128
0	562
0	2499
0	264
0	8
0	77
0	76
0	18
0	0
0	0
0	0
0	40
97	0
0	0
1	0
2	0
0	0
0	610
0	513
0	297
0	381
0	0
0	0
0	0
0	14995
0	12191
0	1
0	0
0	0
0	0
0	0
0	0
0	0
0	0
0	622
6	0
0	0
0	13
0	0
0	0
0	2
170	0
0	144
0	229
0	766
0	21
652	0
0	0
110	0
0	106
0	0
0	0
87	181
12	181
0	279
0	276
0	0
0	0
0	0
0	0
0	0
0	0
0	0
0	0
0	0
0	0
0	0
0	0
0	0
0	0
0	0
0	0
0	0
0	0
0	0
0	0
0	0
0	0
0	0
0	0
0	0
0	0
0	0
0	0
0	0
0	0
0	0
0	0
0	0
0	0
0	0
0	0
0	0
0	0
0	0
0	0
0	0
0	0
0	0
0	0
0	0
0	0
0	0
0	0
0	0
0	0
0	0
0	0
0	0
0	0
0	0
0	0
0	0
0	0
0	0
0	0
0	0
0	0
0	0
0	0
0	0
0	0
0	0
0	0
0	0
0	0
0	0
0	0
0	0
0	0
0	0
0	0
0	0
0	0
0	0
0	0
0	0
0	0
0	0
0	0
0	0
0	0
0	0
0	0
0	0
0	0
0	0
0	0
0	0
0	0
0	0
0	0
0	0
0	0
0	0
0	0
0	0
0	0
0	0
0	0
0	0
0	0
0	0
0	0
0	0
0	0
0	0
0	0
0	0
0	0
0	0
0	0
0	0
0	0
0	0
0	0
0	0
0	0
0	0
0	0
0	0
0	0
0	0
0	0
0	0
0	0
0	0
0	0
0	0
0	0
0	0
0	0
0	0
0	0
0	0
0	0
0	0
0	0
0	0
0	0
0	0
0	0
0	0
0	0
0	0
0	0
0	0
0	0
0	0
0	0
0	0
0	0
0	0
0	0
0	0
0	0
0	0
0	0
0	0
0	0
0	0
0	0
0	0
0	0
0	0
0	0
0	0
0	0
0	0
0	0
0	0
0	0
0	0
0	0
0	0
0	0
0	0
0	0
0	0
0	0
0	0
0	0
0	0
0	0
0	0
0	0
0	0
0	0
0	0
0	0
0	0
0	0
0	0
0	0
0	0
0	0
0	0
29	7
2	7
0	0
0	0
0	0
0	0
0	0
0	0
0	0
0	0
0	0
0	2
0	2
0	2
0	0
0	13
19	29
0	17
0	7
0	1
1	2
3	0
0	0
0	3
6	8
0	5
0	0
0	0
0	0
0	0
1	0
0	0
0	0
0	0
2	17
4	14
0	12
0	0
0	0
0	0
0	0
0	0
0	0
0	0
0	0
0	0
0	0
0	0
0	0
0	0
0	0
0	0
0	0
0	0
0	0
0	0
6	0
66	16
0	16
0	94
4	101
16	251
148	259
4	9
0	0
0	0
0	9
3	3
4	47
0	28
7	32
0	0
0	0
0	0
0	7
0	0
0	1
1	0
0	0
6	0
0	0
2563	6069
0	0
18	0
9	0
0	0
2	0
0	0
0	0
0	0
0	0
1	0
0	0
0	0
0	0
0	0
0	38
0	0
0	0
73	363
0	0
0	2
0	0
0	0
0	0
3	0
0	0
0	0
3	0
0	0
0	0
0	0
17	31
0	0
5	0
0	0
0	0
0	0
0	0
295	2720
17	0
0	1
277	8395
0	0
6	0
0	0
4	0
0	0
0	2
0	0
0	15
0	0
0	0
0	0
0	0
0	0
0	0
0	0
0	0
330	112
1	0
0	0
0	0
0	0
0	0
0	0
0	1
2	0
0	0
0	0
3	2
0	0
0	0
0	1
0	75
0	5
7	0
0	0
0	5
8	6
10	0
0	5
0	0
0	0
0	0
1	5
0	0
0	0
3	0
163	358
733	5115
4	1
1	0
0	0
27	21
18	0
0	0
0	0
0	0
2	6
0	0
0	0
1	0
0	0
0	0
0	1
9	0
0	0
0	0
0	0
0	0
0	0
0	0
273	19
0	17
0	204
0	170
0	0
0	0
0	0
0	0
0	0
0	0
0	0
0	0
0	0
0	0
0	0
0	0
0	0
0	0
0	0
0	0
10	55
41	128
73	101
0	55
14	59
1	63
0	43
1	0
11	4
6	0
6	0
7	45
0	0
19	0
0	0
0	0
0	0
0	0
0	0
0	0
0	0
1	0
0	0
0	0
0	0
0	0
0	0
0	0
0	0
3	5
0	0
0	0
0	0
0	0
0	0
0	0
0	0
0	0
0	0
0	0
0	290
0	125
0	147
0	0
0	0
0	0
0	0
0	0
0	0
0	0
0	0
0	0
0	0
0	0
0	0
0	0
266	1876
0	1506
0	0
4	614
2068	1109
0	0
0	0
0	0
0	0
0	2
0	0
0	0
0	0
0	0
0	0
0	0
0	0
0	0
0	0
0	0
0	0
0	0
0	0
0	0
0	0
0	0
0	0
0	0
0	0
0	0
0	0
0	0
0	0
0	0
0	0
0	0
0	0
0	0
0	0
0	0
0	0
0	0
0	0
0	3
0	3
0	52
8	0
0	0
0	0
0	0
0	0
0	0
0	0
0	0
0	0
0	0
0	0
0	35
0	34
0	0
0	0
3	0
0	0
0	0
0	0
0	0
82	122
0	8
0	1
8	8
0	7
0	9
0	6
0	0
0	0
0	0
6	2
0	0
0	0
0	0
0	0
0	0
0	0
0	0
0	0
0	0
0	0
0	0
9	17
0	16
0	10
0	16
0	0
0	0
0	0
0	0
0	0
0	0
0	0
0	0
0	0
0	0
0	0
0	0
0	0
0	0
0	0
0	0
0	0
0	0
0	0
0	0
0	0
0	0
0	0
0	0
128	54
0	5
1	20
0	0
0	0
0	0
0	0
0	0
0	0
2	7
1	74
1	7
0	0
0	0
0	0
0	0
0	0
0	0
0	0
0	0
0	0
0	0
0	0
0	0
0	0
0	0
0	0
0	0
0	0
0	0
0	6
8	28
0	7
0	0
0	0
0	0
0	0
0	0
0	0
0	0
0	0
0	0
0	0
3	20
0	20
3	0
0	0
0	1
0	1
2	7
0	0
0	0
0	0
0	0
0	0
0	0
0	0
0	0
0	0
0	0
0	0
13	49
18	74
0	0
0	0
0	0
0	0
0	0
0	0
0	0
0	0
0	0
0	0
0	0
0	0
0	0
0	0
0	1
0	1
0	0
0	0
0	0
0	0
0	0
0	0
0	15
0	15
0	0
0	0
0	0
3	1
0	0
0	0
0	0
2	0
0	0
0	1
0	0
0	0
0	9
0	5
0	3
1	315
12	420
0	10
0	10
29	125
0	49
42	19
0	19
46	74
0	100
0	0
0	0
0	0
0	0
0	0
0	0
0	0
0	0
0	0
0	0
0	0
0	0
0	0
0	0
0	0
0	0
0	0
0	0
0	0
0	0
0	0
0	0
0	0
0	0
0	0
0	0
0	0
2	27
0	27
5	108
2	103
9	544
24	396
0	0
0	0
2	9
0	3
24	30
1	0
0	0
0	0
0	0
0	0
0	0
0	0
0	0
0	0
0	0
0	0
0	0
0	0
0	0
0	0
0	0
0	0
0	0
0	0
0	0
0	0
0	0
0	0
0	0
0	0
0	0
4	40
0	34
24	33
15	55
2	40
12	43
0	0
3	4
0	2
0	2
0	6
0	6
0	2
2	0
0	0
0	0
0	0
0	0
0	0
0	0
0	0
0	0
0	0
0	0
0	0
0	0
0	0
0	0
0	0
0	0
0	0
0	0
0	0
0	0
0	0
0	0
2	8
0	40
0	0
0	0
0	0
0	0
0	0
0	0
0	0
0	0
0	0
0	0
0	0
0	0
0	0
0	0
0	0
0	0
0	0
0	0
0	0
1	2
0	2
9	0
0	11
0	10
4	7
2	2
5	0
0	0
0	0
38	1
0	1
52	188
53	290
0	392
0	362
0	2
0	2
0	0
1	0
0	0
0	0
0	0
3	362
122	77
3	456
0	19
15	42
3	37
0	15
0	1
0	2
9	79
10	23
2	53
5	57
0	0
0	0
0	4
0	0
0	0
0	0
0	0
0	0
0	0
0	0
0	0
0	0
0	0
0	0
0	0
0	0
0	0
0	0
0	7
3	7
34	0
0	1
0	1
3	9
0	0
0	0
0	0
0	0
0	0
0	0
0	0
0	0
0	0
0	0
0	1
0	1
0	0
0	0
0	0
0	0
0	0
0	0
0	0
0	0
0	0
19	118
0	70
8	29
30	18
0	18
17	39
0	2
0	20
0	0
0	0
0	0
0	0
0	0
0	0
6	18
0	4
0	0
0	0
0	0
0	0
0	0
0	0
0	0
0	0
0	0
0	0
0	0
0	0
0	0
0	0
0	0
0	0
0	0
0	0
0	0
0	0
0	0
0	0
0	0
0	0
0	0
0	0
0	0
0	0
0	0
0	52
0	52
0	0
0	0
0	0
0	0
0	0
0	0
0	0
0	8
0	4
0	8
2	0
0	0
0	0
0	0
0	0
0	0
0	0
0	0
0	0
0	0
0	0
0	0
0	0
0	1
0	1
0	0
0	0
0	0
0	0
0	0
0	0
127	112
0	112
30	1
15	0
0	0
0	0
0	0
0	0
0	0
0	0
0	1
0	1
0	0
0	0
0	0
0	0
0	0
0	0
0	1
0	1
0	0
0	0
0	19
0	0
0	0
0	0
0	0
0	0
103	31
0	31
0	0
0	0
0	0
0	0
0	0
0	44
0	37
0	0
5	0
0	0
2	0
0	0
0	0
0	0
0	0
0	0
0	0
0	0
0	0
0	0
0	0
0	0
2	2
0	2
0	0
0	0
0	0
0	0
0	0
0	0
0	11
0	17
0	0
0	0
0	0
0	0
0	0
0	1
0	1
4	3
0	2
0	0
0	0
0	0
0	0
0	0
0	0
19	426
1	175
0	179
0	359
8	52
0	386
22	180
1	174
0	0
0	2
6	3
0	4
0	4
0	0
0	2
0	0
0	0
0	1
0	0
0	0
0	0
0	0
4	3
3	3
0	1
0	1
0	3
0	3
0	4
0	1
0	0
0	0
0	0
0	0
0	0
0	0
0	0
0	0
0	3
0	3
0	3
0	3
0	1
0	1
0	0
0	0
0	0
0	2
0	9
0	4
0	5
0	0
0	0
0	0
0	0
0	0
3	46
0	28
0	0
0	0
0	0
0	0
0	0
0	0
0	0
0	0
0	0
0	0
3	36
46	1585
0	0
0	0
0	0
4	0
0	0
0	430
9	2646
0	0
0	0
0	0
0	0
0	0
0	0
0	0
0	0
18	25
0	0
4	834
0	0
0	0
0	0
0	0
0	140
0	0
14	3980
2	0
0	1
9	0
0	24
0	0
0	0
1	0
0	0
1	19
0	121
0	27
0	0
0	0
0	0
3	1467
0	0
0	0
0	0
0	0
0	0
0	0
0	0
0	0
1	0
0	0
0	0
0	0
0	0
0	0
0	0
0	0
0	0
0	0
0	0
28	223
0	0
0	0
0	0
200	105
392	2263
3	76
0	0
5	0
0	0
0	462
0	0
0	10
0	0
0	0
0	0
8	0
3	0
8	0
0	0
0	0
0	0
0	0
0	89
8	237
0	0
0	0
0	0
7	0
8	228
0	0
0	0
1	0
0	1
0	0
0	159
0	0
0	0
0	0
0	1
4	330
0	0
0	0
4	12
0	0
0	0
1	77
3	1930
0	1
0	0
0	0
0	0
0	0
0	0
0	0
0	0
0	0
4	251
0	0
0	0
0	0
0	0
0	0
0	0
0	0
0	0
0	38
0	0
0	0
0	0
0	0
10	2719
0	177
0	0
0	0
0	0
1	5
0	0
0	171
46	372
0	0
0	171
0	5
0	0
2	0
0	0
0	0
0	0
0	0
0	0
0	3
0	0
226	2687
1	3497
0	126
0	0
0	0
7	9
0	0
0	0
0	0
0	0
0	0
0	0
0	0
0	9
2	1
0	0
9	4229
0	0
0	0
0	0
0	0
0	0
0	0
0	0
32	5313
0	0
0	0
5	832
1	744
0	0
0	0
0	33
0	3
0	0
0	0
0	0
0	0
0	0
0	0
0	52
0	8
0	0
0	0
265	9582
0	0
2	0
0	266
9	0
9	1167
0	0
0	0
38	0
0	0
1	368
0	0
0	0
0	0
0	0
0	0
1	10954
0	0
0	0
0	0
11	33
0	0
0	0
1	104
0	0
0	0
0	0
0	0
1	13
0	0
0	0
0	3
0	0
1	1
1	0
0	0
0	0
0	0
9	6091
0	0
0	0
0	0
0	0
0	0
0	0
0	0
104	942
3	115
0	3
0	0
0	0
5	7
0	0
0	0
0	0
0	0
188	56
0	0
0	0
0	0
0	464
0	0
1	0
107	887
0	0
0	0
0	0
0	0
0	0
0	0
0	0
1	394
0	0
0	0
0	0
217	8294
0	0
0	0
0	0
0	0
0	0
0	0
0	0
0	16
0	0
1	0
2	22
0	0
6	2070
0	4
0	0
0	0
2	787
0	45
0	0
0	0
1	2
0	0
0	0
9	5839
0	0
0	604
0	15
0	0
0	284
0	3250
0	0
1	282
0	0
0	0
0	33
12	0
0	0
0	0
1	0
0	0
0	0
0	0
3	0
0	0
0	2256
0	0
0	215
0	0
13	2714
0	0
7	412
0	0
0	0
8	0
0	0
10	600
0	0
1	3076
8	1071
0	0
0	0
0	0
0	84
0	0
0	36
0	0
0	0
3	4158
0	0
0	0
1	0
0	375
2	0
0	0
0	3
0	1
0	0
2	0
1	157
0	0
1	18
0	0
0	14
0	0
11	1701
4	17
0	0
0	0
0	8
3	198
0	0
0	0
0	0
15	4957
0	0
0	0
0	0
0	0
1	423
0	0
0	0
0	0
0	0
0	0
0	0
1	429
1	0
0	0
0	1
0	0
0	166
0	0
0	0
0	0
2	3
0	0
0	5643
0	0
0	0
9	308
0	868
0	1
0	0
0	0
6	4579
0	0
0	2
0	0
0	2
4	48
2	439
0	0
1	0
0	0
0	0
0	0
1	0
3	0
0	0
0	0
0	0
0	0
0	1
0	0
1	1
0	0
0	20
0	130
0	0
0	46
0	0
2	0
0	0
0	0
0	0
11	345
2	0
5	0
0	0
0	0
0	0
0	0
0	0
0	3
1	0
0	0
0	0
0	0
0	0
0	0
0	0
0	179
0	0
0	0
17	4375
0	0
0	0
0	0
0	0
0	0
0	2
0	0
0	0
0	0
1	0
0	0
0	0
0	0
0	0
2	23097
0	40
0	1563
0	0
7	134
0	0
3	14
0	0
8	12
0	1
0	2
0	0
0	0
0	0
0	0
0	0
0	0
0	0
0	0
0	0
0	0
0	0
0	0
0	0
0	1
0	0
2	0
13	5603
0	0
0	0
6	680
0	0
0	0
0	0
0	44
0	0
0	0
0	0
0	1
5	8234
0	41
0	0
0	0
0	0
0	0
26	250
0	637
0	0
0	0
0	0
0	0
0	0
0	0
1	0
0	0
0	153
0	0
0	0
0	0
0	0
0	0
0	0
15	0
0	2
0	0
0	0
0	0
0	0
0	0
0	1484
0	0
0	0
0	0
0	0
0	0
0	0
119	1064
0	0
0	0
0	0
4	1049
0	0
0	0
0	0
0	0
1	9
0	0
0	0
0	0
0	0
11	9719
0	0
0	223
0	2
0	0
0	3
0	0
90	304
0	0
0	0
0	0
0	0
0	0
0	1
0	0
0	0
0	0
0	0
4	0
0	53
0	0
0	0
0	6
39	3685
0	0
362	7095
0	0
0	0
0	0
0	0
949	5434
0	0
0	0
0	0
0	0
0	1
0	1
30	0
0	0
0	56
0	0
0	0
2	116
0	0
0	878
0	0
0	0
0	0
0	1
0	0
3	1131
0	0
0	0
0	0
0	0
0	0
0	0
1	0
0	0
0	0
0	0
0	432
0	0
0	0
0	0
0	0
0	234
0	0
71	2059
311	8943
0	0
0	0
46	4332
1	0
0	0
0	31
0	44
0	0
0	0
0	0
0	0
0	0
0	9466
0	0
0	0
0	126
0	0
0	0
0	6
0	0
3	4
0	0
0	0
0	0
0	0
0	0
0	1
0	0
0	0
0	0
2	1400
9	0
0	0
0	0
0	0
0	0
0	0
0	0
0	0
0	1260
0	1
7	654
0	0
0	0
1	7
0	0
0	0
0	0
0	9
0	0
0	0
5	1
0	0
0	15
0	0
4	78
0	6
0	2
1	793
0	0
0	0
14	0
0	0
0	0
0	0
0	0
0	0
0	2
0	0
0	0
4	1
0	0
0	0
0	0
39	6242
0	0
0	0
5	0
0	0
0	0
0	594
0	0
0	0
0	23
0	0
6	474
0	0
0	0
0	0
0	0
0	0
0	0
1	138
0	0
0	0
0	0
0	0
0	0
0	24
31	242
2	2
1	0
2	36
0	0
0	1024
0	272
0	0
0	0
1	25
0	42
0	0
0	0
0	0
0	0
0	0
0	0
0	0
0	0
0	0
0	0
0	0
0	0
5	0
0	0
0	3
0	0
117	3082
0	966
0	0
0	0
0	0
0	31
9	0
0	0
0	0
0	0
0	0
432	387
0	0
0	0
0	0
0	0
1	0
2	2
0	0
0	0
0	0
0	0
6	5633
4	824
0	0
0	0
0	102
0	0
5	557
0	0
0	0
9	0
0	0
0	0
0	0
0	0
0	0
0	0
59	4845
0	0
0	0
0	0
0	3
14	786
2	2263
26	1121
0	0
0	0
0	0
0	13
0	0
1	4203
0	1
22	1007
0	17
0	0
0	0
0	0
0	0
0	2
1	4
2	0
0	0
0	2
0	1
0	0
0	1
0	2111
0	0
0	0
0	0
0	0
0	5
0	0
28	1352
0	0
2	691
0	0
0	0
0	0
0	3
0	0
0	0
0	0
0	446
0	21
0	0
0	1
0	0
0	0
0	0
0	0
0	9526
2	0
60	490
0	0
1	654
0	0
9	11
0	0
0	499
1	1
1	70
0	1
0	12
0	7
0	0
2	0
7	3
0	14
0	0
5	243
0	0
0	0
0	0
1	0
0	0
0	151
0	0
0	0
4	0
0	295
0	0
0	4
0	0
1	0
5	444
3	6
0	0
0	1
0	0
0	0
0	0
0	0
0	0
0	0
0	0
0	1321
0	0
0	0
0	0
0	0
0	0
0	0
0	8050
3	0
0	0
0	0
0	0
0	0
0	0
1	798
0	6559
0	0
22	907
4	0
0	0
0	0
0	0
0	0
0	0
0	522
0	0
9	24
0	0
4	4
1	0
0	0
0	0
3	0
0	0
0	0
1	1
0	0
15	2523
0	50
0	0
4	48
0	0
0	0
0	0
0	0
0	0
0	0
0	4
0	0
131	169
0	0
0	9
0	0
0	0
0	0
0	0
0	3
0	2
1	36
0	0
0	0
0	139
0	0
0	0
0	10
0	1
3	1658
0	1
0	0
0	0
1	4084
0	0
0	0
1	118
0	0
0	0
0	0
0	0
0	1
0	0
3	0
0	0
0	0
0	0
0	0
0	0
0	41
1	0
1	0
0	0
0	0
0	3
1	2656
0	0
0	0
0	0
0	0
0	0
32	4365
8	0
14	1050
0	0
0	0
0	0
0	0
5	0
2	0
0	0
0	0
0	0
6	7
2	103
0	0
0	0
0	0
0	0
7	342
0	0
0	0
0	1
0	0
6	141
0	0
0	0
1	76
0	0
0	0
0	0
0	0
5	5299
0	0
0	0
0	996
0	0
0	0
0	0
4	21
6	0
3	2
0	0
0	0
2	4
0	0
0	0
0	0
0	0
0	0
1	68
0	0
0	37
17	17
0	0
0	6
0	0
7	40304
0	0
0	0
0	0
0	0
0	0
0	1
378	8895
0	0
0	0
5	0
0	0
1	330
0	0
4	4
0	0
0	0
0	1
0	16
0	0
0	0
0	25
0	0
0	101
3	1
0	0
1	1805
0	0
0	166
4	784
0	0
2	763
0	0
0	0
0	0
2	30
0	1850
1	0
0	0
0	0
0	12183
0	0
0	0
0	0
0	0
0	0
0	0
0	0
0	18
0	0
0	0
1	0
0	0
0	0
0	0
0	0
0	0
0	0
3	0
0	0
1	2
0	0
0	23
0	0
0	938
11	2142
0	0
32	9915
0	0
0	0
0	0
0	0
0	0
0	0
0	0
0	35
1	1311
1	12
0	0
0	86
3	48
0	0
0	0
0	0
18	426
0	4
0	0
0	66
0	2
0	0
0	0
0	1
0	0
10	2150
0	34
30	306
0	17
1	283
0	0
0	0
0	9295
0	4
9	5165
0	0
0	0
0	9
1	3
0	0
0	0
5	709
0	0
0	0
0	0
1	0
3	3
1	0
0	199
0	0
0	1
0	0
0	0
0	5
0	0
0	0
0	0
0	2
0	9
0	0
0	0
0	0
4	21
1	174
0	0
0	0
0	0
2	2
0	0
0	0
0	0
0	0
0	5
23	176
0	0
0	0
0	0
0	0
0	3
7	3668
4	0
21	0
0	0
0	7
4	0
12	524
0	0
0	0
0	0
3	268
15	3742
0	0
6	430
0	15
0	22
0	0
0	0
88	3690
0	0
0	0
0	38
0	152
0	1881
3	17
1	6841
10	9
0	0
0	0
414	5123
0	0
0	1
31	0
2	0
0	0
0	0
7	3
2	99
0	0
0	0
6	146
0	0
0	0
0	17
0	0
13	22
0	1
0	0
0	683
0	394
0	0
0	0
0	0
0	0
0	0
0	0
0	5
3	10
0	0
0	0
0	31
0	17
0	0
0	0
1	5
0	0
0	0
0	0
0	0
0	0
9	196
0	0
0	0
0	0
0	0
0	0
0	1
0	0
0	0
0	0
1	1
1	0
0	0
0	0
0	0
0	0
1	761
4	170
0	0
0	0
0	0
0	0
0	0
0	0
0	0
0	0
0	0
0	7
7	312
2	0
0	2
0	354
0	0
0	0
0	0
0	0
0	0
0	0
0	0
0	0
0	0
0	0
5	181
1	43
0	1
1	12986
0	0
6	9
0	0
0	0
0	0
3	1
0	0
0	0
791	2400
0	0
0	142
0	0
0	10
13	907
49	492
0	0
0	0
0	1
0	0
13	0
58	10224
0	0
0	0
0	0
1	3
0	0
0	0
0	0
0	0
0	0
0	0
0	0
0	0
0	0
0	0
0	0
1	953
0	0
4	418
0	5
0	0
0	0
0	0
0	0
1	94
0	0
0	0
3	0
0	0
0	1
0	0
0	0
0	0
2	0
0	0
8	81
0	2
1	248
0	4090
0	0
0	0
0	0
0	0
0	0
0	0
0	0
0	0
0	0
0	0
0	0
0	0
2	1
0	1
0	0
0	0
0	0
0	0
0	0
0	0
0	0
0	0
0	0
0	0
0	0
0	0
0	0
0	0
0	33
0	0
6	153
10	2
0	0
0	0
0	0
0	2
0	0
0	0
0	2
0	0
5	375
0	130
0	0
0	0
15	4461
0	0
0	352
0	0
0	0
0	0
0	0
0	0
0	0
0	0
0	0
0	0
4	0
0	0
0	0
4	1077
0	0
0	0
0	0
0	0
0	7
0	0
10	753
0	0
0	0
0	0
0	0
0	0
0	0
0	0
0	0
0	0
0	0
0	0
0	5
6	0
634	3019
0	0
0	0
0	0
0	0
0	0
0	0
0	0
0	0
0	0
0	0
3	719
0	0
2	0
0	0
0	0
24	9279
0	0
0	358
0	0
0	0
0	14
0	0
0	0
0	0
0	0
0	131
37	571
0	0
0	0
0	0
0	0
0	0
3	0
0	0
0	0
0	0
0	0
0	0
3	21
0	107
0	0
0	0
3	149
0	0
0	0
0	0
0	0
0	0
0	0
0	0
0	0
0	0
0	188
0	0
0	0
0	19
0	0
0	185
0	0
0	0
4	205
0	0
37	110
0	0
0	0
5	874
3	18
0	83
0	0
0	0
0	0
0	0
0	6
0	0
0	0
0	0
0	0
23	0
0	20
0	0
0	0
0	0
0	0
0	0
0	62
0	3
0	0
0	0
0	0
0	0
0	0
0	0
0	103
0	0
0	0
0	0
1	146
0	183
0	58
0	0
0	0
0	27
0	1
0	0
0	0
4	811
0	0
0	25
0	0
3	77
0	0
1	11
0	0
0	0
0	0
0	0
0	0
2	586
36	1119
0	0
0	0
0	0
0	0
0	0
0	0
27	357
0	0
0	0
0	0
0	0
0	0
0	0
0	0
0	0
0	0
0	0
0	4
0	0
0	0
0	0
0	0
0	5164
0	0
12	36
0	32
0	0
3	282
0	0
0	0
0	0
0	0
0	0
0	0
16	13260
11	5
0	0
0	0
0	0
0	0
0	0
94	518
0	0
0	0
0	0
0	0
0	0
9	186
0	0
5	4201
0	0
0	0
0	0
0	5
0	0
0	0
12	261
0	0
0	0
0	0
1	1387
0	0
13	1555
0	0
0	0
0	0
6	64
0	0
2444	13750
2	33
0	0
0	1
0	0
0	0
0	0
7	1601
0	50
0	0
4	594
0	0
12	84
0	0
0	10
0	0
0	0
0	0
0	0
0	0
0	0
0	35
0	0
0	0
0	0
0	0
0	0
0	0
0	0
0	0
0	0
0	0
0	744
0	0
0	0
0	3
0	0
5	664
0	0
0	4
63	175
0	0
0	0
0	0
0	0
0	0
0	0
0	89
0	0
0	0
0	0
0	0
0	0
0	0
0	11579
0	0
0	0
0	1
0	1
0	418
0	0
0	0
0	0
0	0
1	213
0	0
0	0
0	0
0	0
0	0
2	4
0	0
2	0
2	1
0	0
0	0
0	0
0	0
0	0
0	0
0	0
0	0
0	0
0	0
0	0
0	0
0	0
0	0
0	0
2	4
0	0
0	0
8	161
0	0
0	16
9	1526
0	0
4	0
0	0
0	0
0	0
0	0
18	2981
0	0
0	0
3	0
0	0
0	2
0	0
0	0
0	2
0	0
0	0
3	0
0	0
0	0
2	423
4	9
0	0
0	0
0	0
5	98
0	0
0	0
5	0
0	0
0	0
0	1
0	1752
0	0
0	64
0	0
0	0
0	0
1	1
0	0
0	224
0	0
0	0
0	0
0	0
0	0
0	1
1	215
0	1
1	0
3	0
0	0
32	721
0	0
0	0
0	0
0	1
0	0
0	0
0	3350
0	0
0	0
0	0
0	0
7	3659
0	0
0	12
1	110
0	0
0	0
0	0
3	0
0	0
0	0
0	0
0	0
7	0
0	0
0	0
4	2
0	0
0	0
0	0
0	0
0	0
0	0
0	0
1	0
12	564
0	0
168	1668
0	0
1	128
0	0
5	565
0	0
0	0
0	0
0	7
0	0
0	143
0	0
0	0
0	0
0	0
0	0
2	96
0	0
84	371
0	0
0	0
0	18
0	0
0	0
0	119
0	0
0	0
54	579
0	0
0	0
0	0
1	2
0	0
0	0
0	0
0	0
0	0
0	0
0	0
1	0
0	0
0	0
1	45
0	0
0	4
3	324
0	317
4	703
0	0
0	0
0	0
0	0
0	0
0	0
0	0
0	0
0	0
0	0
0	0
0	0
0	0
39	9149
0	0
1	12
3	41
0	0
0	0
0	17
0	0
26	108
0	0
0	0
0	0
3	74
3	2
0	0
0	0
0	213
0	0
1	0
18	6781
0	0
0	0
0	0
0	0
0	0
0	0
0	0
0	0
0	0
0	0
0	0
0	0
0	0
0	0
0	0
0	4
0	0
0	0
18	7729
8	833
2	0
0	0
0	0
0	0
0	0
3	0
0	0
0	15
36	282
19	4119
1	6880
2	0
0	0
0	0
0	1
0	0
1	3
0	0
0	0
1	0
0	0
0	159
1	0
0	9
164	245
0	0
0	0
0	4
0	0
0	7250
0	0
0	0
0	0
0	0
0	0
0	0
0	0
0	0
2	0
0	0
0	189
0	0
0	3
0	0
0	0
0	33
0	0
0	0
0	0
0	0
0	0
0	0
0	0
0	0
0	0
0	0
0	0
0	0
0	3
0	0
257	609
4	1225
10	46
0	20
0	0
0	0
0	0
0	0
0	2
16	302
0	0
63	1244
0	148
0	0
0	0
0	0
0	0
0	0
0	0
0	0
0	0
3	126
0	0
0	0
0	83
0	170
1	0
0	0
0	0
0	342
0	8
68	856
0	0
0	0
0	0
0	0
0	0
3	214
0	0
0	0
0	0
0	0
0	0
2	27
0	0
0	0
0	0
3	1
0	0
0	0
0	2
0	4705
0	30
0	211
0	0
0	0
0	0
0	0
0	1
5	0
0	1
0	0
0	0
0	19
0	0
0	0
0	0
0	4
0	16
0	0
0	0
0	0
0	0
0	51
0	7
0	0
3	0
0	0
0	0
0	33
0	0
2	24
1	18
0	9
0	0
0	1371
0	0
0	0
3	3
0	0
0	0
0	0
8	1697
0	0
0	0
0	0
0	0
13	5
0	0
0	23
0	0
0	0
0	0
0	0
0	0
0	0
0	0
0	0
0	0
0	36
0	0
1	178
0	0
0	26
0	0
0	0
442	17989
10	57
1	376
9	16
0	0
0	0
0	0
0	0
0	0
0	0
0	0
0	0
0	0
0	0
0	0
0	0
1	74
0	1
4	56
0	4
0	0
0	0
0	0
0	0
0	0
0	2
0	0
0	0
0	0
0	0
0	0
0	0
0	453
0	0
0	1
0	0
2	36
0	0
0	0
0	0
0	0
0	0
0	0
0	12
0	2
0	0
1	0
10	1
0	0
0	0
0	0
0	0
0	0
0	0
0	0
0	0
0	0
0	0
0	0
0	0
0	0
0	0
0	0
21	124
0	14
0	0
0	0
11	0
0	0
4	356
0	0
13	0
0	6
0	0
0	0
0	0
2	11
0	0
0	0
0	0
0	0
0	0
0	0
0	137
0	0
0	0
0	0
38	435
20	15
0	1
0	0
0	0
388	1494
0	0
0	0
7	0
0	0
0	0
0	0
0	0
0	0
0	0
962	5873
0	0
0	0
0	0
0	158
0	0
0	0
0	247
88	152
0	1
4	1047
0	0
0	0
0	0
0	0
0	0
0	0
0	0
0	0
0	0
0	0
0	0
0	0
0	0
0	0
0	0
0	0
0	0
0	0
0	0
6	110
0	0
0	0
0	0
0	0
0	0
3	7
0	0
0	0
0	0
0	0
5	0
0	0
0	1
0	0
0	0
0	0
0	0
0	0
11	1163
0	39
0	0
0	54
0	0
0	0
0	0
6	1260
7	0
0	0
35	505
0	0
32	702
2	500
0	0
0	0
0	0
0	0
0	0
0	0
0	90
0	0
0	0
0	10
0	0
0	0
295	592
0	0
6	0
0	0
0	0
0	0
0	0
1	498
0	0
0	0
0	0
14	440
0	0
0	1
0	9661
0	0
0	0
0	0
0	0
0	0
0	5
1	749
0	1
0	0
0	0
0	0
0	0
0	0
0	0
0	0
0	0
0	0
0	0
0	0
0	0
38	589
0	0
0	0
0	0
0	0
0	0
0	0
0	3
0	0
0	0
0	6
0	918
0	0
1	1
0	24355
0	5
0	0
0	0
0	0
0	2
0	0
0	0
0	236
0	0
0	0
0	0
0	3482
5	0
0	0
3	592
0	0
0	0
0	0
0	0
0	0
0	0
0	0
0	0
0	0
0	18
0	0
0	0
0	0
0	0
0	0
0	0
0	0
0	0
0	0
8	6416
0	0
0	35
0	0
0	0
0	0
0	0
0	0
0	0
0	199
0	0
0	0
4	6671
0	0
0	0
0	0
0	0
2	66
0	0
0	0
4	0
0	0
0	0
0	0
0	0
0	0
17	1773
0	0
0	0
3	0
0	0
4	17
0	0
1	23
0	0
0	0
0	0
0	0
0	0
0	0
0	0
0	0
0	0
0	0
0	1
0	0
0	0
0	0
0	0
0	0
0	40
0	0
0	0
0	0
0	60
0	0
3	1
0	0
0	0
0	0
0	0
25	1
0	1230
2	3810
2	113
0	0
12	1482
0	0
0	0
0	0
159	1078
0	0
0	1261
0	0
0	0
0	0
0	0
0	0
0	0
0	0
0	0
0	0
0	0
5	557
0	0
1	0
19	324
0	0
0	18
0	0
0	0
0	429
0	0
0	359
0	0
0	0
0	0
0	0
0	1009
0	2
0	0
0	0
0	0
0	0
2	113
0	0
0	12167
0	0
2	9104
1	12
13	88
0	0
2	216
0	0
0	0
0	25
0	0
0	0
0	0
0	0
0	0
0	0
0	5
0	0
0	0
12	3113
0	0
0	0
0	0
0	0
0	50
0	0
0	0
0	0
0	0
0	0
1	0
0	25
0	0
0	6831
15	0
0	0
0	0
0	0
2	678
23	0
0	296
0	0
0	137
0	0
0	348
0	0
0	0
3	927
0	0
0	2
0	0
2	174
0	0
3	0
1	0
0	50
3	4
0	0
0	0
0	0
0	0
0	0
0	0
0	1
0	0
0	0
4	530
0	0
0	0
8	185
0	0
0	0
1	0
0	2
0	0
0	0
1	1374
0	0
0	0
0	0
0	0
0	0
18	6399
0	4
0	0
0	0
0	0
0	0
0	1
0	0
0	0
0	0
0	0
0	0
5	41
0	0
0	0
0	0
0	0
96	15395
0	0
0	1
0	0
0	2
0	0
1	68
0	0
0	0
0	0
0	0
0	0
0	0
5	1686
0	0
0	1
0	120
8	1193
0	3
0	0
0	0
0	0
0	0
0	0
0	1
0	0
0	0
0	8
0	0
0	0
0	0
0	3
0	0
0	0
0	0
0	0
0	0
0	0
0	0
0	0
0	0
0	0
0	0
0	0
0	0
37	9137
4	0
0	0
0	0
2	4
0	0
0	0
0	1
0	0
0	0
0	0
0	0
1	446
0	120
0	2
0	0
0	0
1	23
0	0
3	0
0	0
0	0
0	0
0	0
0	0
0	0
11	3924
0	0
0	0
0	4
0	0
1	1
0	0
0	0
0	73
0	0
12	520
0	0
0	0
0	0
0	0
0	0
0	0
0	0
0	0
0	746
0	0
0	0
0	0
0	0
0	0
0	0
0	0
0	0
0	4
0	0
0	0
0	0
113	27
0	0
0	0
0	0
0	0
0	0
0	0
0	0
0	0
0	0
10	22
0	0
0	0
0	657
0	0
10	88
2	0
0	0
0	0
0	0
0	0
8	0
0	0
2	0
0	68
1	10
0	0
0	457
0	3374
0	0
0	0
0	43
0	0
11	9289
1	140
0	0
7	30102
0	0
0	0
0	0
0	0
0	0
0	0
3	51
0	0
20	2921
0	32
0	0
3	1
2	4
3	0
0	0
0	0
0	0
0	0
0	0
0	162
0	0
0	0
0	0
0	0
0	0
0	1
0	61
0	0
0	0
0	0
0	0
0	205
0	0
0	0
0	0
0	0
0	0
1	2
0	107
0	0
0	0
0	0
0	0
0	0
0	0
0	0
4	252
2	70
0	0
2	7
0	0
0	0
0	0
0	0
0	0
0	0
24	7063
0	0
10	365
0	2
2	0
0	0
0	0
2	1153
0	0
1	2
0	0
0	0
0	9
0	0
0	589
0	0
0	0
8	87
0	0
0	0
0	0
0	0
0	0
368	9286
0	0
0	0
0	0
2	0
24	1780
0	0
0	0
0	0
0	0
0	0
0	0
0	0
0	0
0	0
0	0
0	0
0	0
0	0
0	0
0	0
0	0
0	0
0	0
0	0
0	3
0	0
6	0
4	0
0	0
0	0
2	0
0	0
0	0
0	0
0	0
0	0
0	463
0	0
0	1
0	11
0	4
0	0
0	5727
0	0
0	749
0	0
0	0
0	0
0	0
2	0
1	0
0	0
0	0
0	0
2	442
0	0
0	3
0	0
0	0
0	0
20	3064
0	0
0	0
6	0
0	245
0	0
1	0
0	0
12	0
0	0
0	0
0	0
0	0
0	0
0	0
0	0
0	0
0	0
0	0
0	0
0	0
0	0
0	0
0	0
0	0
0	0
0	38
0	0
0	4
0	2
0	0
0	0
0	0
0	2
0	0
0	0
0	0
0	0
0	0
0	0
0	0
0	0
0	0
0	4
60	3340
0	844
0	0
0	361
139	1004
0	0
0	0
0	0
0	0
0	0
23	1
1	2
0	316
24	2
2	0
69	1051
0	0
0	0
0	0
0	0
0	0
0	0
1	0
0	0
0	0
0	0
0	46
0	0
0	0
0	44
0	0
0	0
0	0
0	15
15	131
0	0
0	0
0	0
0	0
0	0
0	0
0	1
0	0
0	0
0	0
0	0
0	1
1	1
0	0
1	521
0	0
0	0
0	0
4	1844
0	0
0	0
0	0
0	139
0	0
2	21
0	0
0	0
0	0
0	0
0	0
10	1183
0	0
0	0
0	15
12	10
1	4
15	804
0	0
0	3
0	0
1	0
0	0
4	12
0	0
2	0
0	1
62	10
0	1
0	0
0	0
0	0
0	0
34	3292
0	0
2	1288
2	220
0	0
0	0
0	0
3	1126
0	0
0	0
0	0
0	0
5	9363
0	0
0	0
0	0
0	0
0	0
0	0
0	0
0	0
6	494
1	752
0	0
0	0
0	0
0	0
3	0
0	0
0	0
0	0
0	0
0	33
0	0
0	22
27	4
25	30033
0	0
1	3
0	0
110	1782
0	0
0	0
1	148
0	459
0	177
0	0
0	0
0	0
0	0
1	3
2	0
0	0
0	0
11	1409
8	1
0	0
0	96
0	0
0	10
0	0
0	0
0	1
0	0
0	0
1	0
0	0
0	13
0	0
0	13
0	0
0	683
0	0
4	5
0	0
0	20
0	0
0	0
1	5
0	3
0	60
0	0
0	0
0	0
0	0
6	160
43	100
0	0
0	0
0	0
0	2
0	0
74	6573
11	2
0	0
0	0
0	1
0	0
3	0
0	0
0	0
0	0
0	0
0	0
0	0
0	0
0	0
2507	7088
0	0
0	0
0	0
0	0
0	0
0	5
0	28
0	0
0	0
0	1
0	0
0	0
0	0
0	163
0	0
0	0
0	129
0	0
0	0
0	0
1	0
0	0
0	26
0	0
0	0
0	0
0	0
0	0
0	0
0	0
10	3481
0	1
0	0
0	0
0	0
0	0
7	589
0	0
0	0
0	832
0	0
0	0
0	0
0	0
0	0
0	0
50	191
0	0
0	0
0	0
2	57
0	0
0	0
2	5
3	0
0	2
0	0
0	0
0	0
0	5
27	6093
0	0
0	0
0	5
0	0
0	0
0	0
0	0
0	0
2	0
13	7
7	1
0	0
0	0
0	0
0	55
0	0
0	978
0	0
0	3
0	0
0	0
0	0
0	0
0	259
0	1
0	21
18	1
0	0
1	0
0	0
0	0
0	0
0	0
0	0
0	0
0	0
0	0
0	0
0	0
3	0
0	683
4	17
0	0
0	0
0	0
0	4
0	0
0	0
0	0
15	60
0	0
0	0
0	0
0	4
0	0
0	0
0	0
0	0
0	0
0	0
0	1
0	0
0	0
0	0
0	0
1	0
0	3
0	0
0	0
0	0
0	0
0	0
0	6
1	44
0	4243
0	0
1	0
0	0
0	0
0	0
0	39
0	0
2	0
0	6
0	0
0	0
0	0
0	0
0	0
0	0
2	3
0	0
6	1298
0	0
0	0
0	0
0	0
0	0
0	0
0	0
0	0
0	0
0	0
0	0
0	0
0	0
0	0
0	0
0	0
0	0
1	106
0	0
0	82
0	0
0	0
0	0
0	0
0	0
0	0
0	0
0	0
0	0
0	0
0	0
0	0
0	0
0	0
0	0
0	0
0	0
0	0
0	0
0	0
8	36
15	29
0	0
0	0
0	29
3	2673
0	0
0	0
0	0
0	44
0	0
0	0
0	0
0	0
0	456
0	0
0	0
0	0
15	0
0	0
0	0
0	0
0	0
0	0
0	0
0	0
0	0
0	0
0	0
68	1679
0	0
0	0
0	8060
0	70
0	1
0	0
0	0
0	0
0	0
0	4
4	1362
0	0
0	8
0	0
1	0
0	0
0	0
0	25
23	23
0	0
0	0
0	0
38	5544
1	85
0	0
0	167
0	0
0	0
0	0
0	0
0	14
0	0
0	0
0	0
0	0
0	5818
0	2
0	0
5	0
0	0
0	0
0	0
1	239
0	0
0	0
0	0
0	0
0	0
0	0
0	0
0	0
0	0
0	0
0	0
33	107
0	0
6	322
0	1865
0	0
0	71
0	0
0	0
0	0
0	0
0	0
0	0
0	0
0	0
0	0
0	0
0	0
0	0
0	14
0	0
6	0
0	0
24	0
0	0
0	0
0	0
1	0
0	0
3	10818
0	0
1	1427
122	861
0	1427
0	0
0	0
0	38
0	0
0	3839
0	0
0	0
0	0
8	167
0	13
0	0
0	0
0	0
0	1
0	0
0	0
0	13
0	0
2	0
0	0
0	0
0	0
0	0
1	6
0	0
0	0
0	0
0	0
0	0
0	10
0	0
0	0
0	0
0	0
0	98
1	0
0	0
0	0
0	0
0	0
0	0
0	0
0	0
0	0
0	0
8	0
0	0
0	0
0	0
0	0
0	11
0	0
0	1
0	0
0	23
3	1070
0	0
0	0
0	0
0	0
0	11
0	0
273	328
0	1
24	0
0	0
0	0
0	0
0	0
0	0
1	2
0	0
0	0
0	8
0	0
0	466
0	0
0	0
0	0
0	0
6	0
0	0
0	0
0	0
0	0
0	12
2	903
0	0
0	192
0	0
9	22
0	0
0	0
0	0
0	5
0	0
0	0
0	1
0	0
0	0
0	0
0	0
0	0
0	82
0	235
0	1
0	0
0	0
0	0
0	0
0	0
0	0
0	0
0	0
0	237
0	0
0	0
5	2
0	0
1	38
4	4
0	0
2	26
17	0
0	0
0	0
0	0
0	337
0	0
23	1394
0	0
0	0
0	0
0	0
0	0
0	0
14	20
0	0
0	0
0	0
0	0
0	0
0	0
0	0
0	0
0	1
0	399
0	0
3	0
0	0
0	0
0	0
0	1
0	0
0	0
0	0
0	0
0	0
9	465
0	0
162	433
5	0
0	0
6	621
0	0
0	0
1	0
0	0
0	0
0	0
0	0
0	0
0	0
0	0
9	0
4	1216
1	0
0	2
0	266
0	0
0	0
0	0
0	0
0	0
0	0
1	0
0	0
0	0
0	0
38	1818
0	0
0	0
0	4
0	0
0	0
3	0
0	0
0	0
0	0
28	0
27	2032
3	430
0	0
0	0
0	0
24	24828
0	0
0	0
0	0
0	0
0	0
0	0
0	10980
0	0
0	0
0	0
0	0
6	0
0	0
0	0
0	0
0	7
1	115
0	0
0	14
0	0
6	2911
1	4
0	0
0	0
0	0
0	0
0	0
0	5
0	0
0	0
3	5
35	218
0	0
0	0
0	0
15	7338
19	1747
3	0
0	0
0	0
0	0
0	0
0	0
0	0
0	0
2	8
3	3
0	0
0	0
28	1123
0	0
1	0
0	0
0	0
0	0
1	2096
0	0
0	0
0	0
0	55
0	8
3	2048
0	0
0	0
0	8
0	0
0	0
0	14
0	0
0	0
0	0
0	4
0	0
0	0
0	0
8	0
0	0
0	860
1	275
0	0
0	0
0	0
0	0
0	0
1	745
0	0
0	0
0	0
0	0
0	0
1	11083
0	0
0	0
0	0
1	7708
0	4
0	0
0	0
14	455
0	0
0	0
0	0
5	529
2	5
0	126
0	0
17	371
0	0
14	5052
0	0
0	0
0	0
1	0
0	0
0	0
0	0
0	1
0	0
0	4
0	0
0	0
0	0
0	301
0	0
0	1
0	0
0	0
9	1
12	0
0	0
0	0
0	0
0	0
0	0
0	0
1	0
0	0
26	0
0	0
0	0
0	173
0	0
0	0
0	0
0	0
0	0
1	1006
1	0
0	193
0	0
0	0
0	0
0	0
0	0
0	0
0	0
28	13072
0	0
1	5306
0	0
0	0
0	0
0	0
0	0
0	3910
0	0
0	0
0	50
0	0
0	65
8	569
0	0
28	10616
0	0
0	0
0	0
1	13
0	0
0	0
0	0
0	0
0	0
0	0
0	0
0	0
0	485
0	0
0	0
3	30
1	11
1	26
15	3789
0	0
0	0
0	0
0	0
0	0
0	0
0	0
0	0
0	0
0	0
22	2
0	0
1	0
0	0
0	0
0	6
0	0
0	0
1	161
0	0
0	0
0	0
0	494
0	0
0	1
0	0
0	0
1	132
0	0
0	0
0	0
19	543
0	0
0	0
0	0
0	0
0	6
1	0
0	0
5	376
0	0
3	8
0	0
0	0
1	619
0	0
0	0
0	0
0	0
0	0
0	0
0	0
0	0
0	0
0	0
1	287
0	0
0	5
0	0
0	0
0	2141
4	7177
7	11826
8	1318
1	1
1	19
0	0
0	0
3	134
0	0
0	0
0	0
0	1
1	5
6	0
0	0
12	68
0	0
0	0
3	8
3	0
6	7
0	0
0	0
0	0
0	0
9	0
0	0
1	12047
11	1811
0	0
0	0
12	975
0	0
0	0
1	2499
0	0
0	9
0	2358
118	488
0	0
0	0
0	0
0	0
0	0
0	0
8	100
0	0
3	4599
0	0
0	22382
0	5
1	423
0	0
0	0
0	0
0	0
94	129
0	0
0	0
34	101
4	0
0	0
0	0
0	5
0	0
0	0
0	0
0	0
2	30
0	0
0	0
0	145
0	0
0	0
0	0
0	0
1	517
0	0
0	0
0	0
0	115
0	1
0	0
55	0
0	0
0	0
0	0
0	1
0	0
6	11
0	0
0	0
0	0
0	0
2	2
0	0
0	240
0	6
0	0
21	1427
0	0
0	0
0	0
0	0
0	0
0	0
0	0
4	9551
0	0
0	0
0	0
2	176
30	54
0	0
0	0
2	290
0	0
4	486
1	1
8	97
0	0
0	0
0	0
6	7720
0	0
1	1
2	1341
10	1
8	0
2	26
6	9804
0	0
0	0
0	0
0	15
0	0
0	0
0	0
0	0
0	0
0	0
21	5407
0	0
0	0
0	0
0	0
0	3
4	2
16	884
160	208
0	0
0	0
0	0
0	0
14	1373
0	0
0	0
0	0
0	1796
0	0
0	0
7	0
0	0
0	0
1	0
0	124
0	0
0	0
0	0
0	0
0	0
0	0
0	0
0	0
0	0
0	33667
0	0
0	0
0	0
0	240
0	0
0	0
0	0
0	0
0	0
18	595
0	169
0	0
0	0
0	0
0	6
0	7
0	0
0	0
0	2
0	0
2	64
0	75
0	0
0	138
0	0
0	0
0	0
0	0
0	0
0	90
1	5
0	0
0	0
0	1
0	0
0	0
0	0
0	0
0	0
0	0
0	0
0	0
0	0
0	0
0	86
0	0
1	2449
0	0
0	0
2	1
14	4351
0	0
0	0
0	0
0	0
0	0
1	0
0	108
31	43
0	0
0	0
0	0
5	3242
0	0
0	0
0	0
3	53
0	0
0	0
0	0
0	0
19	458
0	0
0	0
0	0
0	490
0	7
0	0
0	0
2	2511
0	0
0	0
0	0
0	0
0	0
0	0
0	47
0	0
0	73
0	0
0	0
1	21
0	0
0	0
0	0
0	129
0	0
0	0
2	3
0	0
0	0
0	1
0	1
0	0
1	68
0	48
0	0
0	0
0	0
1	918
0	0
1	0
0	0
0	0
0	0
0	0
0	0
0	0
0	12
0	1
0	17021
1	1855
0	0
0	0
0	569
0	0
75	4593
0	0
0	0
0	0
0	0
1	2140
0	0
0	2
0	5
0	0
0	13
0	0
0	0
0	0
0	0
0	0
0	0
0	0
0	0
0	0
0	0
0	0
0	392
2	2235
0	0
0	0
0	0
0	0
0	0
0	0
0	0
0	0
29	0
3	1448
0	0
0	0
0	0
0	0
0	0
0	0
0	0
0	0
0	3
13	0
11	4462
0	0
0	0
0	0
0	0
0	0
1	87
1	0
0	0
0	0
0	0
0	0
3	0
0	0
0	0
0	0
0	0
4	0
1	1
0	39
25	7304
0	0
0	0
0	321
42	10879
0	0
0	0
0	0
0	1
3	0
0	0
0	0
1	107
0	1
0	0
1	0
2	0
64	0
0	0
0	0
0	0
0	0
0	0
0	0
0	0
0	0
9	3242
2	0
0	3
0	0
0	3
0	0
0	0
3	0
0	0
20	29902
0	0
0	0
0	4
0	0
0	0
0	0
0	0
0	0
0	0
0	4
0	0
0	0
2	0
0	0
0	0
0	0
0	0
0	0
0	0
0	0
0	0
0	187
0	0
0	0
0	0
0	0
2	0
0	0
7	56
0	702
26	87
0	0
0	0
0	39
0	0
0	0
0	0
1	0
0	1
1	4
0	0
0	0
0	1
20	290
0	0
0	0
0	0
0	0
0	0
0	0
0	0
0	0
0	0
0	23
6	2915
0	0
8	40
0	0
0	0
0	0
0	0
0	0
0	0
0	0
0	0
0	7
0	0
0	388
0	0
0	0
0	0
0	0
0	0
0	0
0	0
0	9471
0	0
0	0
4	20
0	3
0	0
0	0
7	506
9	7
0	1
0	0
3	334
0	0
2	0
0	1484
0	0
0	0
0	0
0	0
0	0
4	2453
0	0
0	0
0	0
0	0
0	0
0	0
0	0
0	0
0	0
0	0
0	0
0	0
0	11
0	0
3	0
0	0
1	0
0	0
1	58
0	0
7	123
2	243
0	22
0	0
0	0
2	302
0	0
0	0
0	0
0	0
0	4
0	0
3	0
0	0
0	0
0	6142
0	0
0	10
0	0
0	0
0	0
0	0
0	0
0	0
0	0
1	363
0	0
0	0
0	0
0	0
0	0
0	0
0	0
0	0
70	83
0	18
0	931
0	0
3	690
0	0
0	0
9	13
1	0
19	299
2	97
0	0
0	240
0	0
0	0
3	906
0	0
0	0
0	0
0	0
0	0
0	0
0	78
0	0
5	630
0	0
0	0
3	149
0	2
0	0
22	18
0	0
0	0
0	8745
0	1
0	0
0	0
1449	6056
2	110
28	5265
0	160
4	528
0	19
0	0
0	2348
0	0
0	0
0	0
0	0
0	0
30	17
0	0
0	0
0	0
3	32
0	0
18	31
0	0
0	2
0	0
0	0
0	22
0	2
4	353
0	0
1	252
2	86
0	6
0	0
0	71
0	0
0	0
0	0
0	123
2	105
0	1
17	2856
0	0
0	0
0	25
0	0
0	0
0	0
0	0
0	0
0	0
0	0
0	297
0	0
0	481
0	0
0	0
0	0
0	0
0	0
0	2
1	3
0	0
7	2317
24	1694
0	1
1	0
0	0
0	11
0	0
0	0
6	0
0	0
0	0
0	0
0	0
0	0
0	0
0	0
0	9
3	1
0	0
1	235
12	635
5	752
0	0
0	0
0	0
9	58
0	0
0	0
1	0
0	0
0	0
0	0
0	0
0	0
1	17
40	27
0	5
0	0
0	0
360	2634
0	0
0	0
0	0
0	0
0	0
0	0
0	15
0	0
0	0
0	0
0	0
0	0
0	0
0	0
0	0
0	0
0	0
0	0
0	0
0	0
0	0
0	1
0	0
6	12
0	0
0	0
0	132
0	0
70	1795
0	0
3	0
0	0
0	0
0	0
0	0
0	0
0	15
0	0
7	992
0	0
0	0
0	163
0	30
0	0
0	0
0	0
0	0
1	4
0	0
0	0
0	0
0	0
0	0
0	0
8	725
1	292
0	0
0	0
0	0
0	0
0	277
41	79
1	134
0	0
8	2912
0	483
1	450
0	0
0	0
0	0
0	0
0	0
0	2
2	7
0	5
0	0
0	3
0	0
0	0
41	1171
0	0
0	0
6	6
0	0
0	0
0	0
3	5356
0	0
0	0
75	6060
0	2
0	0
0	75
2	4
0	0
0	0
0	0
0	0
0	0
0	0
0	0
4	5
0	0
0	12
3	0
0	0
5	0
1	91
0	0
0	0
5	2438
0	0
0	0
0	0
0	0
6	24
0	0
0	0
0	0
1	0
0	3
0	0
0	0
0	0
0	0
0	0
0	0
0	0
0	0
0	0
0	0
0	0
0	0
0	0
0	9
0	0
0	0
0	0
0	0
0	0
0	0
0	0
0	0
0	48
0	41
1	15
0	0
85	164
0	3
4	25
0	0
0	0
0	193
0	0
16	9
0	0
26	695
29	2989
6	75
0	0
0	0
0	0
0	0
0	0
2	2223
0	115
0	0
0	0
69	913
0	58
0	0
1	3
0	0
0	0
0	0
0	0
0	0
11	145
0	0
0	0
0	0
0	0
0	0
0	0
0	0
0	0
0	317
0	0
0	0
0	305
0	0
0	0
0	0
0	0
0	0
1	0
0	0
0	0
0	0
26	359
1	297
0	23
50	179
0	271
27	386
0	0
0	0
0	0
0	0
0	0
0	0
0	0
0	0
12	0
8	0
0	0
0	0
5	452
0	0
138	2355
0	2
0	0
0	0
0	0
0	0
0	0
0	0
0	0
0	0
0	0
0	0
0	14
1	0
4	88
0	0
0	0
0	0
10	3407
4	25
0	0
1	0
0	0
0	0
0	0
0	0
0	0
0	0
6	304
0	0
1	0
0	0
2	29
0	0
0	0
0	0
1	4
4	10
0	0
0	0
0	0
0	0
0	311
0	0
0	0
0	0
0	0
28	887
4	3222
0	0
0	0
0	0
0	0
0	0
0	0
9	0
0	0
4	0
5	0
0	0
0	0
0	0
0	0
1	23
722	6389
5	0
0	0
0	0
0	11
0	0
0	0
0	0
0	0
30	9567
3	508
19	0
0	37
10	4014
0	0
0	0
0	0
0	0
0	0
0	0
3	0
13	322
0	0
0	0
0	0
0	0
0	0
0	6227
0	57
0	0
7	316
0	0
0	0
0	0
0	0
0	0
0	0
5	301
0	0
0	0
0	0
0	0
0	0
0	0
0	0
14	43
0	0
0	0
0	0
0	0
0	0
1	2
0	0
0	0
0	256
0	0
0	0
0	0
2	0
0	0
0	0
0	0
0	0
0	0
0	0
1	1216
0	223
7	0
0	0
8	1737
0	0
0	0
1	0
0	0
0	0
0	0
0	0
0	0
0	0
0	0
0	3
0	0
0	0
0	0
0	0
1	0
1	0
0	290
0	0
2	1251
1	0
0	0
0	0
0	0
0	0
0	0
1	34
0	0
0	0
0	0
5	364
0	0
0	0
0	5
10	9695
0	0
0	0
4	2
0	0
0	0
0	0
6	0
0	0
0	0
0	0
0	0
0	0
0	0
0	0
0	1
3	678
0	0
15	390
0	0
2	0
0	2
3	1564
0	0
1	132
0	1
0	0
0	0
0	0
0	0
1	1
0	0
0	7
0	0
0	0
0	0
0	1077
0	0
12	11
0	0
0	0
0	0
0	0
0	1
0	0
0	0
0	0
0	0
0	0
0	0
33	298
2	4
42	211
8	745
0	0
1	0
0	0
0	0
0	1
0	0
0	0
0	0
2	10
0	0
91	837
8	5029
0	5
0	0
0	0
0	1591
0	0
0	0
0	0
1	77
0	0
0	0
0	0
0	396
0	0
0	0
0	0
0	0
0	0
0	0
12	0
0	0
0	0
0	5
0	11
0	0
0	0
0	0
0	0
0	0
0	0
694	5589
0	6
0	0
3	3581
0	0
0	5
1	0
0	0
0	0
0	0
0	0
0	0
0	0
0	46
164	5414
0	0
0	0
0	0
0	4
1	0
0	3
0	0
0	0
0	0
0	0
8	120
0	0
0	0
0	0
0	0
7	1120
0	0
0	0
0	0
0	0
11	1365
1	5
1	0
0	0
0	0
14	3001
0	0
0	10207
2858	6126
0	0
0	0
0	0
0	0
0	0
0	0
16	53
0	0
0	0
0	0
0	0
0	0
0	0
25	1189
0	0
0	0
0	0
2	3
0	9
0	0
0	0
0	284
0	0
0	0
0	0
0	0
0	0
0	0
0	0
3	377
9	193
0	0
0	0
0	0
17	10972
0	0
0	0
0	0
2	32
0	0
7	1065
0	0
1	0
0	0
0	0
0	0
24	77
1	1
0	1591
2	736
0	14
0	0
0	731
0	1
0	0
0	86
0	0
0	732
0	0
0	0
1	0
0	0
0	0
0	0
0	2
1	54
0	0
17	4
0	0
0	0
0	0
0	0
0	0
6	6357
0	0
1	0
0	0
0	0
0	0
0	0
0	0
0	0
0	0
0	0
1	0
0	27
0	0
0	0
0	0
0	0
0	0
0	0
1	8
0	2
0	0
0	141
1	0
0	0
0	0
4	352
0	0
0	0
0	0
0	0
38	583
0	4
2	407
0	307
3	217
0	0
0	0
0	1
0	0
0	0
0	6
0	0
0	0
0	4
0	0
0	1348
0	0
1	0
0	0
0	0
0	0
0	171
0	0
0	0
0	0
0	0
0	0
0	1
0	0
0	0
0	0
0	0
0	164
0	595
0	0
0	0
0	0
0	0
0	0
0	0
0	0
0	5
0	0
0	106
0	0
0	0
0	0
1	0
0	0
2	411
27	745
3	1319
0	0
0	0
0	26
0	5
0	0
0	0
0	0
0	0
0	0
0	0
0	0
2	6
0	0
0	0
0	0
4	3412
10	154
0	0
0	0
0	0
0	544
0	0
0	0
5	704
0	0
0	0
0	4
0	0
0	0
78	548
3	0
0	0
11	2777
0	0
8	5
0	0
0	0
0	0
0	0
2	2
0	0
0	41
0	0
0	6
0	66
1	42
0	0
0	0
0	555
4	164
0	0
0	0
0	1
0	0
0	0
0	0
0	0
0	0
0	0
0	0
0	0
0	268
0	0
0	5
0	0
0	0
0	0
0	0
0	0
1	0
5	69
0	0
0	144
0	0
0	0
0	0
24	8491
0	0
0	217
0	1
9	17
0	0
0	5
6	1
0	2
0	0
0	0
0	0
0	1
0	0
0	0
0	0
59	1024
0	0
0	0
6	2334
0	22
0	0
0	2
0	0
0	54
0	0
0	0
0	0
2	218
0	0
0	0
10	427
0	205
0	0
0	0
0	141
0	98
0	0
0	0
1	393
0	0
0	0
0	0
0	0
0	3
0	0
0	6
0	0
0	4881
5	119
0	0
0	80
3	2263
0	0
0	0
0	0
36	861
0	0
0	0
0	0
0	0
2	1
0	0
0	14
0	0
0	0
0	33
0	0
0	350
0	0
15	2
0	0
0	0
0	0
0	0
0	0
0	0
282	20595
0	0
0	0
0	0
0	0
0	2
3	94
0	0
0	0
1	0
0	0
0	0
3	0
0	0
0	0
0	0
0	0
0	0
0	0
0	0
0	0
6	99
0	0
0	0
1	4
0	0
0	0
4	108
0	0
1	741
0	0
0	0
0	0
0	0
0	0
0	0
1	0
0	0
0	0
1	0
0	0
0	0
0	4
0	0
0	0
0	7
0	0
0	139
0	0
20	0
0	0
18	1169
0	3
0	0
0	0
0	0
0	0
0	0
0	0
0	0
0	519
0	0
3	701
0	0
6	0
0	0
0	0
1	0
0	0
0	0
0	0
0	0
0	55
0	0
1	4
0	0
0	0
1	86
0	0
0	0
0	0
0	1176
0	0
0	563
0	0
0	0
0	1
0	0
1	5
0	0
0	2
0	0
0	0
57	827
0	0
0	134
0	0
0	0
0	0
0	0
0	0
6	566
0	0
6	290
1	0
0	0
1	0
0	0
0	0
0	0
0	10
0	0
0	0
0	0
0	0
0	0
17	0
3	0
0	0
0	0
0	0
0	0
0	0
0	0
0	0
12	354
0	0
0	0
0	0
0	0
0	0
20	622
0	24
0	0
0	0
0	0
0	61
0	3
1	257
23	1878
0	61
0	0
0	0
11	139
0	2146
0	0
0	0
0	0
0	0
0	0
0	0
0	0
0	0
0	1
0	23
0	0
0	0
0	0
0	0
0	33
0	0
0	0
0	0
0	1
0	0
2	0
0	0
0	0
0	0
96	1827
1	10
0	0
0	0
0	0
0	0
0	0
0	0
0	0
0	0
1	3
27	2604
0	0
0	139
0	0
0	0
0	59
3	62
0	0
0	11
0	36
0	0
0	1
0	0
0	0
0	0
0	0
0	97
0	1
4	4
24	2111
0	0
0	0
0	78
0	1
1	0
0	0
0	0
1	818
0	0
1	0
0	0
0	0
0	0
0	0
0	0
0	0
4	2
0	0
7	470
0	43
0	0
0	0
0	0
0	0
3	0
105	3
0	0
0	0
0	0
22	272
0	52
0	0
0	0
0	11
0	0
0	0
0	0
0	0
0	0
0	0
24	1275
0	0
0	0
190	40
0	981
0	0
0	0
0	0
0	0
0	30609
0	0
0	0
0	0
0	0
0	0
0	7
0	0
0	0
1	0
0	0
0	3661
0	0
0	0
13	14
0	0
3	0
0	0
0	0
0	0
1	0
0	0
0	0
0	0
0	0
0	0
5	0
0	0
0	575
0	0
0	9
0	0
0	0
0	26
0	0
2	0
0	0
1	3
2	0
0	0
6	0
9	0
0	0
0	0
0	142
0	663
0	0
0	0
0	0
0	0
0	4
0	0
0	0
0	0
0	0
0	0
10	42
0	2
0	0
0	8344
0	273
0	0
0	0
0	0
0	82
0	2
0	0
2	17
0	0
0	0
0	0
0	0
0	0
0	0
0	0
0	0
0	0
3	19
0	0
0	0
0	0
1	1
0	0
0	0
6	0
0	0
0	0
0	0
3	0
0	0
0	0
0	0
0	0
0	0
0	0
0	0
0	0
0	17
0	31
0	0
23	3113
0	0
0	0
0	0
0	0
0	1
0	0
0	0
0	0
0	0
0	0
0	0
0	0
0	0
0	0
0	0
0	0
0	0
0	0
0	0
11	2
0	0
1	385
0	0
0	0
5	2733
0	0
8	617
0	0
0	0
3	94
0	0
3	0
0	6
0	0
0	15
1	0
0	0
6	3
0	0
0	108
3	8481
0	2
0	0
0	0
35	166
0	0
0	0
0	0
0	0
86	677
0	0
104	892
0	0
0	0
4	3486
0	0
2	0
0	9
0	0
0	0
1703	1015
0	0
0	0
0	0
0	0
0	0
0	5
6	4580
6	0
0	459
0	0
0	0
0	0
3	2
0	60
0	0
0	0
0	0
0	0
0	0
3	0
4	30
0	3510
1	103
3	1304
0	0
1	1018
0	564
0	0
0	0
0	0
10	4890
0	0
1	15
1	1590
0	0
0	0
0	0
31	1942
0	46
5	3494
0	0
1	11
3	0
1	116
0	0
0	0
0	0
0	0
0	0
0	500
0	0
3	394
0	40
0	0
0	0
24	1391
3	1
2	6
0	0
0	172
0	53
0	0
0	451
0	0
0	1
0	0
10	3444
0	0
0	0
2	8
90	650
2	0
0	0
0	451
0	501
0	0
0	0
0	19
0	159
0	0
0	0
0	0
0	0
0	1
0	0
0	0
0	0
0	1
0	0
1943	1420
0	0
11	4811
0	0
19	2641
0	0
0	0
0	0
0	110
5	227
0	0
0	0
21	638
10	240
0	0
0	0
0	0
0	0
0	0
0	0
0	0
0	184
0	0
14	6601
0	0
0	0
0	1
0	6
0	2
0	14
0	0
0	0
0	0
0	1
0	0
0	8
0	0
0	0
0	1
0	0
0	0
0	0
0	0
0	0
0	0
0	2
0	4
2	3
13	94
12	1105
0	0
0	0
0	0
1	16
0	0
2	0
0	0
0	0
0	0
0	1
0	0
0	1
0	0
3	141
0	0
0	0
9	65
43	18
0	0
0	49
0	0
0	0
123	1258
4	0
0	0
0	0
0	0
0	0
0	0
1	0
0	0
0	0
0	0
0	0
0	0
0	588
19	2853
0	0
0	0
0	1
0	0
0	0
0	267
0	0
1	0
0	0
0	0
0	12
0	0
0	0
1	0
0	0
0	0
0	0
0	0
0	0
29	460
0	0
0	0
0	0
0	0
1	72
1	120
0	0
0	0
0	0
0	0
0	0
0	13
0	0
0	1
0	0
0	0
0	126
1004	2262
0	0
0	0
0	0
1	615
0	126
0	0
9	1
4	0
0	0
0	0
0	0
0	0
5	1119
2	1
0	0
0	5
0	0
0	0
0	0
0	0
0	0
0	0
0	0
0	0
0	0
0	0
0	1
1	60
0	0
2	6
0	0
0	1
0	0
0	0
2	0
8	0
0	0
3	140
0	1131
1	10
0	0
0	0
5	0
0	0
0	30
6	6
0	0
0	54
0	0
1	0
0	0
2	31
0	0
0	0
0	0
3	141
0	0
0	0
0	0
1	0
0	0
5	17
0	32
0	0
0	0
0	0
0	0
0	0
0	0
0	0
0	0
1	519
0	8
1	0
0	0
0	0
0	0
0	0
0	0
0	0
0	0
0	0
0	0
3	10
0	0
0	0
0	0
0	0
0	0
2	685
4	8205
1	9
0	0
11	8
0	0
0	0
1	0
0	0
2	0
0	0
0	1
0	0
20	807
1	1
0	0
0	0
0	0
0	0
0	0
0	0
0	0
14	8672
0	653
0	0
0	167
0	0
1	1
0	0
0	0
0	0
0	0
0	0
0	0
0	0
0	0
0	0
0	0
27	147
2	0
16	0
1	2328
0	0
14	554
0	0
0	0
0	0
0	0
0	0
0	0
0	0
0	0
0	0
0	0
0	0
19	823
0	0
0	0
0	4
1	2
0	0
0	141
0	0
0	0
0	0
0	0
0	0
0	1545
15	30169
0	94
0	1
0	7487
0	0
0	0
0	0
0	3
0	0
0	0
0	0
0	0
9	874
0	0
1	4
3	0
7	15
0	0
0	0
0	0
0	0
0	0
0	0
0	0
2	0
4	4
0	0
3	0
0	0
0	0
0	0
0	0
0	0
0	0
0	0
0	0
47	38
0	0
0	0
719	1806
0	0
0	0
0	0
0	0
0	61
25	0
0	20
0	0
6	1
3	12
1	39
0	0
0	0
0	2
8	274
0	0
0	0
0	0
0	0
0	0
0	0
1	0
5	56
0	0
1	0
0	1
0	0
0	0
6	2590
0	0
0	0
0	0
0	0
0	0
0	0
0	0
0	0
0	304
8	138
0	0
0	3
0	0
0	0
0	0
0	0
0	0
0	8
0	0
0	0
0	0
0	0
0	0
2	200
0	0
0	0
0	0
0	0
25	372
0	0
0	0
0	1
1	106
0	983
1	1550
0	0
0	0
0	0
0	7
0	0
0	0
0	0
0	0
0	0
0	0
0	164
0	0
0	0
0	1
0	66
0	0
0	0
0	0
0	0
0	0
0	0
0	0
0	0
0	0
0	0
0	0
0	0
10	11802
0	0
0	0
0	0
0	0
0	0
0	0
0	1167
0	0
0	0
0	9
0	0
0	0
0	0
0	0
0	0
0	0
0	0
0	314
0	0
0	1
0	0
0	0
0	0
0	0
0	0
0	107
0	0
0	73
0	0
0	0
0	0
0	0
0	4
0	0
0	0
0	5
0	42
0	0
0	1
0	9
0	0
0	0
0	0
0	0
1	327
0	0
0	56
8	1712
0	0
0	0
3	189
17	5393
0	0
0	0
0	35
0	29
0	0
0	9
0	0
0	35
0	0
0	0
0	0
3	166
39	848
0	0
0	0
366	4849
0	0
0	58
8	254
0	0
0	0
0	0
0	0
0	33
0	0
0	0
0	0
0	0
0	0
2	436
0	0
1	10
0	0
0	0
1	160
0	0
0	0
0	0
0	4
0	0
0	0
0	13
0	0
0	0
0	0
0	0
6	10
0	0
0	0
0	0
0	0
0	0
0	0
0	0
0	0
0	0
0	2
0	0
0	0
0	0
0	0
0	0
3	110
0	0
0	0
0	0
0	0
0	22
0	0
0	344
0	0
0	0
0	0
0	59
0	0
0	0
0	0
0	0
0	0
0	0
0	0
26	2220
0	20
0	0
0	0
0	0
0	0
0	17
0	0
6	228
0	0
2	0
2	2
0	0
0	0
0	0
0	0
0	0
0	594
0	0
9	45
0	0
0	0
0	0
12	0
0	0
0	0
0	0
1	677
0	0
0	183
0	155
4	6880
0	0
0	0
0	0
0	0
0	0
0	0
12	8
4	82
0	1
0	0
19	180
0	0
0	0
0	0
0	0
0	0
3	0
0	0
0	0
0	0
0	0
0	928
0	0
0	0
0	0
0	0
0	0
0	0
0	0
0	0
0	240
0	0
0	0
0	0
0	0
0	0
0	0
0	0
0	612
0	0
0	0
4	3
0	0
0	0
0	1
0	0
0	0
0	0
112	446
0	0
0	14
0	0
0	0
0	0
0	0
38	12767
0	0
0	0
0	0
0	9
0	0
0	1
0	0
0	42
0	0
5	6283
0	0
2	0
0	0
0	0
0	771
57	650
0	292
0	0
0	0
0	0
0	0
0	0
12	4418
0	0
8	115
0	0
1	357
2	119
0	0
0	0
0	247
0	307
0	0
0	0
3	1116
0	0
0	0
0	266
0	0
0	0
0	0
0	0
0	0
0	0
0	0
0	18
0	0
0	0
0	0
0	0
0	0
0	0
0	0
3	287
0	0
0	3
0	10
0	0
0	0
0	14
0	0
0	0
0	0
0	0
1	0
0	0
0	0
65	187
0	0
0	0
0	0
0	0
0	0
0	0
1	65
2	0
0	0
0	4
0	0
0	0
0	0
0	0
0	0
0	0
0	0
0	7195
1	16
0	145
5	1646
0	0
64	1891
0	0
0	9
0	0
0	0
3	57
97	3273
0	0
0	0
21	660
0	0
24	209
0	0
0	0
0	0
0	0
0	0
0	0
0	0
2	145
0	2
0	8
0	0
0	2594
0	0
0	0
1	178
0	1151
0	0
12	8435
0	2725
0	0
0	0
0	0
0	0
0	0
0	0
0	0
0	0
0	0
0	0
0	0
0	98
3	3
0	0
0	0
0	0
0	0
0	0
0	0
0	0
0	0
0	0
0	0
0	0
0	0
0	0
1	0
2	25
0	0
0	0
0	0
0	0
2	1595
0	0
1	0
0	10
0	0
2	0
0	1
0	0
0	22
0	0
0	0
0	0
0	0
0	1
3	138
9	98
0	0
0	0
0	0
0	0
0	0
0	0
0	0
0	0
0	0
0	0
1	0
0	0
0	0
0	0
0	0
0	10
0	0
0	0
3	5
0	14
0	0
0	1
0	0
0	0
1	20
42	4570
0	0
0	0
2	48
1	834
0	0
0	0
0	0
1	9
0	0
0	15
0	0
0	0
1	1364
0	6
2	0
5	36
0	206
3	9
0	0
1	0
4	0
0	0
0	0
0	0
0	24
0	0
0	1
0	0
0	0
0	0
1	185
0	0
0	0
1	0
1	0
0	930
0	0
0	0
0	0
0	0
15	993
118	373
0	0
0	0
0	0
0	0
9	1
0	0
0	0
0	0
0	0
0	0
1	0
0	0
8	0
11	8145
0	0
0	0
111	400
0	0
0	0
0	0
0	0
0	943
0	0
2	0
8	0
0	4
0	0
0	0
0	7
0	14
16	91
0	0
0	0
0	0
0	0
2	5
6	762
1	0
0	0
0	0
0	0
0	104
0	1
0	0
11	243
0	0
0	0
0	0
42	149
0	0
0	0
0	0
0	0
0	0
0	0
0	0
0	0
0	0
0	0
0	0
0	0
0	0
0	0
0	0
0	0
7	30
0	277
0	227
0	0
0	0
5	1
0	6
0	0
0	0
0	0
0	7
0	0
0	243
0	0
11	214
0	0
0	0
0	0
0	0
1	0
12	1951
1	134
9	53
0	0
23	770
0	0
5	112
0	0
1	118
0	0
0	0
0	0
0	0
0	0
0	0
3	0
0	22
23	0
0	17
2	13120
1	0
0	0
0	0
0	1623
0	0
0	0
0	0
0	0
0	0
0	0
0	0
2	2858
0	0
0	0
0	0
0	1
0	0
0	93
0	0
0	1
0	3
0	0
0	0
0	0
0	3
0	0
0	3
0	0
0	0
0	0
0	0
0	0
11	8729
0	0
0	0
0	10
0	0
0	0
0	0
0	0
7	0
0	12
0	0
0	0
0	0
0	0
0	0
0	10
0	0
0	0
110	1488
0	0
1	0
0	0
0	0
0	0
2	680
0	0
0	0
0	0
0	0
0	0
1	1
0	0
0	0
0	0
0	0
2	1
0	0
0	0
0	0
0	0
0	0
0	0
0	0
0	30
0	198
0	0
0	0
1	16
0	0
0	0
0	0
1	0
0	0
5	12
1	5
0	0
0	61
0	0
0	0
0	0
1	0
0	0
0	0
0	0
0	14
0	0
19	4230
0	0
1	0
0	0
0	0
0	0
0	0
0	0
0	0
0	0
0	0
0	0
3	4896
0	0
8	190
3	3431
0	0
0	0
0	0
5	1469
0	0
0	0
0	0
0	0
0	0
0	0
0	0
4	11
0	0
0	0
0	1
0	0
0	0
0	0
0	0
0	0
0	0
0	0
0	0
0	0
0	0
0	0
0	0
18	149
303	15449
0	1
0	171
0	0
0	92
0	0
0	0
0	0
0	0
0	6
0	304
0	0
0	0
1	0
28	7054
0	0
0	0
0	0
0	47
7	0
0	1
9	0
0	0
0	0
0	0
0	0
0	0
0	0
3	4688
0	0
0	0
0	0
0	189
1	0
0	0
0	0
0	0
0	0
0	0
0	0
0	0
0	0
1	0
0	0
0	0
0	0
0	48
0	0
0	0
0	0
0	0
0	0
0	0
0	4
0	0
0	0
0	0
0	1560
0	0
0	0
0	2
0	0
0	0
0	0
0	0
0	0
0	33
0	0
0	0
0	0
0	0
0	0
13	0
0	0
0	0
0	0
0	0
0	5
0	0
0	329
0	2
0	353
0	0
0	0
0	194
0	0
2	0
0	0
0	0
1	43
0	0
0	0
0	0
0	0
2	0
0	4
0	0
0	0
0	29
0	0
0	0
0	0
1	298
0	0
0	10
0	241
0	299
0	0
0	3
0	0
0	0
0	0
0	0
0	0
0	0
0	0
0	0
0	0
0	0
0	0
0	0
0	0
1	0
0	2805
42	1251
0	0
0	53
0	0
0	0
0	0
0	0
0	0
0	0
0	0
0	1
0	0
0	0
0	6
49	4571
0	0
0	0
0	0
0	2
0	0
0	0
0	0
0	0
17	699
0	0
0	0
0	4
0	0
0	0
1	0
0	4796
0	0
0	0
0	0
0	129
13	1159
0	0
0	18
0	0
0	0
2	528
0	0
7	3855
0	0
0	0
0	0
0	0
0	0
0	0
17	87
115	506
0	0
0	0
0	0
0	0
0	0
0	0
0	0
16	54
0	4
0	0
0	0
1	16
0	0
79	1456
0	0
0	0
0	0
0	6
3	0
0	1
0	0
0	0
0	0
0	0
0	0
0	0
0	0
0	0
0	0
0	0
0	0
0	0
0	0
4	323
0	0
4	343
2	79
0	0
0	0
3	0
2	0
0	0
0	0
0	0
0	0
3	7
0	0
0	317
0	0
0	0
0	0
4	2396
0	0
0	0
0	0
0	242
1	0
0	0
0	0
7	0
0	0
0	0
0	0
0	0
7	375
44	1757
1	1194
0	21
0	0
3	28
0	0
2	461
0	0
0	0
0	0
0	0
0	0
2	134
0	0
0	0
15	1151
0	0
0	0
9	0
0	1
0	0
0	0
0	0
0	0
0	0
0	0
0	0
0	0
0	0
0	0
0	0
0	0
3	1183
1	58
0	0
0	0
0	0
0	143
0	0
0	0
0	0
0	0
0	0
5	8
0	0
0	1
1	0
0	0
0	0
1	1411
5	2192
0	0
0	0
0	0
0	0
0	0
14	1
12	33
0	0
45	6521
0	0
0	627
0	0
0	0
2	250
0	0
0	0
5	119
6	9041
0	0
0	0
0	31
0	0
0	0
1	93
0	0
3	0
0	0
0	32
0	0
6	3
0	16
0	0
0	0
0	33
0	0
0	0
2	176
0	0
0	0
764	8542
0	0
0	0
0	0
0	0
0	0
0	0
0	0
8	484
1	0
0	1
0	3
6	662
0	7759
0	26
0	0
0	0
0	0
0	0
0	0
0	0
0	0
0	0
0	0
12	78
0	0
0	0
0	0
0	0
0	0
0	0
3	754
3	945
0	3
0	0
6	0
0	0
0	0
7	0
0	0
0	0
0	0
2	42
0	1
1	23
0	0
0	0
0	61
8	372
0	0
21	3184
1	229
0	0
1	0
12	31517
0	0
0	0
0	0
0	0
6	47
18	168
0	0
0	2
1	2
1	6
4	8512
0	7963
2	0
0	0
30	1272
0	0
0	0
0	0
0	0
0	0
0	0
0	0
0	0
0	0
179	3391
0	0
0	0
11	326
0	0
0	0
5	751
1	386
0	0
0	0
0	1
0	0
0	0
728	12509
0	0
1	1033
5	13
0	0
4	24
0	0
1	81
0	0
2	0
0	0
0	0
0	0
1	548
0	0
0	21
1	21
0	0
10	12
0	0
5	10
7	3
0	0
0	0
0	0
0	0
0	4
2	497
0	0
0	0
0	0
0	0
0	0
0	0
0	0
0	0
0	4
0	0
0	48
4	0
0	0
0	147
0	0
2	0
0	0
0	0
0	0
0	0
0	0
0	0
5	12
0	0
0	0
0	0
0	0
0	0
7	0
0	0
0	0
0	0
0	0
0	0
0	0
0	22
0	0
0	0
1	0
0	0
0	0
133	16878
1	476
0	0
0	0
0	0
20	198
0	0
2	12
3	3
0	253
0	0
0	1
0	0
0	0
0	8
1	8
0	0
0	0
14	992
0	0
0	0
0	0
1	477
165	2188
0	0
1	161
0	0
0	0
0	0
0	0
21	26
0	0
0	0
0	0
0	0
0	0
0	0
11	1279
0	0
0	0
3	0
0	0
0	2
0	27
23	1
0	0
0	1
0	0
3	136
0	0
0	11
2	0
0	0
0	0
0	0
0	0
0	0
0	12
0	0
0	0
0	0
0	0
0	0
0	0
0	0
0	0
8	0
0	0
0	0
0	0
0	0
0	0
0	2
0	0
0	0
7	0
0	0
331	1087
0	0
0	0
0	0
3	0
0	0
1	377
0	1
13	14452
0	0
0	3
19	8803
0	0
0	0
0	0
0	0
19	1538
3	0
0	14508
0	8
1	0
0	0
0	17
0	0
0	0
5	0
0	0
0	10
0	0
21	553
0	0
31	406
18	320
0	1
0	7
1	1
0	0
0	0
0	0
0	0
0	0
0	0
0	0
0	0
0	0
0	0
0	0
0	0
0	0
0	0
1	0
0	0
0	0
3	0
0	0
0	0
0	0
1	166
0	0
0	0
0	0
0	0
0	0
0	0
0	1
0	7
0	2
0	0
0	0
0	0
2	1051
4	2
0	0
0	0
2	0
0	47
0	0
0	0
0	0
1	1
7	1061
0	0
0	0
0	4
0	0
0	558
0	0
19	1884
0	0
0	0
0	0
0	1
0	51
9	215
3	7
0	0
0	0
0	178
0	15
0	0
0	5
1	0
0	1
0	0
0	0
0	0
0	0
0	2
0	0
1	13
7	1865
0	0
0	0
2	0
0	0
0	0
2	1039
0	25
0	46
0	0
0	0
2	0
0	0
0	0
23	38
0	0
26	16
0	0
0	3
0	0
0	0
0	0
0	4
0	0
0	0
0	0
0	0
0	204
0	0
3	1790
0	0
0	0
0	0
18	22
0	0
0	0
2	182
0	14
0	0
1	59
40	11276
114	891
0	0
0	0
0	0
0	29
0	0
0	0
503	2459
0	0
36	39
4	0
0	0
0	0
0	0
0	0
0	0
1	8
0	0
0	0
0	0
0	0
0	0
0	0
0	0
0	0
1	0
0	0
0	0
0	0
0	0
1	15
0	9922
0	0
0	0
0	0
0	0
3	565
1	5
0	0
0	0
0	0
0	14
0	0
0	0
0	0
0	0
0	0
0	0
3	161
0	0
0	12
0	0
0	0
0	0
0	0
1	6803
2	0
0	0
0	0
0	0
0	0
0	0
0	0
0	55
0	0
0	0
2	1021
0	2
0	0
0	0
0	0
0	0
9	0
0	0
0	0
0	0
0	0
0	0
0	0
0	0
0	0
0	0
7	529
0	0
0	0
0	0
0	0
0	0
1	0
25	712
0	16
0	5
0	0
0	0
0	0
0	0
0	0
0	0
1	0
0	0
0	0
0	0
5	0
0	0
0	0
0	70
8	191
0	0
10	4701
0	0
0	0
0	0
2	5
0	2923
0	0
0	0
0	292
0	0
0	0
0	0
0	0
0	0
0	0
0	0
0	0
1	955
0	0
0	0
14	19
0	0
0	0
0	1
0	0
11	0
0	0
0	0
0	0
0	0
0	39
0	1
0	23
0	0
0	0
0	0
0	0
3	0
0	0
4	4
0	177
0	0
0	0
0	0
1	67
29	5368
1	0
12	426
0	0
0	0
0	0
0	0
0	0
0	0
0	0
0	0
2	2
18	7002
0	0
0	0
0	0
0	0
0	0
534	1044
0	0
0	0
0	0
0	0
0	0
0	0
0	0
6	5878
0	0
0	0
18	1385
0	0
0	0
0	0
0	0
0	0
0	0
0	749
0	0
0	0
0	0
0	0
0	0
0	1
0	0
0	9
0	0
0	0
0	0
0	0
0	0
0	0
0	0
0	0
0	0
0	0
0	985
0	0
0	0
0	0
0	0
0	0
12	268
0	0
0	0
0	6
0	82
0	0
0	0
0	0
0	0
0	10
0	0
0	16
0	0
0	7
0	0
0	0
6	22834
0	0
12	0
0	2
0	0
0	0
0	0
0	0
0	0
2	1612
0	0
74	743
0	0
252	951
0	0
0	0
0	0
0	16
0	0
0	0
0	0
0	0
0	1564
283	7620
0	0
0	21
0	0
0	1
0	0
0	1
0	1
0	0
1	1049
0	0
0	0
0	0
0	0
0	0
0	7
2	2
0	0
0	2
0	3
0	0
0	27
0	0
0	0
0	370
0	0
3	7485
0	0
0	14
1	180
29	678
9	124
0	0
0	0
0	0
0	0
0	0
0	0
0	0
2	149
0	3343
0	0
0	0
0	0
0	0
0	237
0	0
0	55
14	141
2	93
0	0
0	0
0	0
0	0
10	270
16	124
0	0
0	0
0	0
0	0
0	0
14	2680
0	0
1	3063
0	0
5	3
0	0
0	0
35	701
2	0
0	0
0	0
0	0
0	0
0	0
0	6
0	0
0	0
0	0
0	0
0	0
0	109
0	0
102	846
0	0
0	0
0	0
0	0
2	494
0	0
0	16
0	0
0	0
47	248
5	0
5	0
2	13
0	0
0	0
0	0
0	0
0	0
0	0
0	0
3	16
0	0
4	290
0	0
0	0
0	0
0	0
0	0
0	0
2	7615
0	0
0	0
2	0
2	68
2	0
0	0
0	0
0	4597
0	0
0	0
0	0
0	0
0	0
16	13
0	0
0	0
0	0
0	0
0	0
0	0
0	0
0	0
0	0
0	0
0	0
0	0
0	0
0	0
0	0
0	0
23	4790
0	0
0	3
0	0
0	0
0	0
0	0
0	0
0	0
0	0
0	0
1	0
0	0
3	721
0	0
0	0
0	0
0	0
0	0
7	798
0	0
0	0
0	2
0	0
0	0
0	195
0	0
0	0
0	0
0	0
0	0
0	69
0	0
0	0
13	8789
0	0
0	4
0	0
0	0
0	0
0	0
0	0
0	0
0	0
0	0
0	1
0	0
4	0
30	340
4	975
0	2
0	0
0	0
0	1
0	2
131	965
0	72
0	0
0	0
0	0
0	0
0	268
1	70
0	0
0	0
1	2
1	5
0	0
0	4
1	1
0	0
0	1
0	0
0	0
0	0
0	0
0	0
8	0
4	401
0	0
0	0
0	0
0	0
0	0
0	0
4	156
3	497
0	0
7	25
0	0
0	0
0	0
0	0
0	0
0	0
3	2854
0	0
0	3
2	0
0	0
0	0
1	0
0	0
28	442
0	0
0	0
0	0
0	0
0	0
0	2
0	0
0	0
0	0
0	0
0	0
0	0
0	0
0	260
2	0
0	0
9	1275
0	0
0	1733
0	0
0	0
0	0
0	0
0	0
0	111
0	0
0	0
0	211
2	105
0	0
0	0
0	0
0	0
0	0
0	0
7	1
1	122
0	169
0	0
0	1
0	0
0	0
0	8343
10	22
0	0
0	0
0	37
0	0
0	0
0	0
192	1273
0	0
0	0
0	0
0	0
0	0
0	21
4	400
0	0
0	0
0	0
0	0
0	0
0	0
3	721
0	0
0	0
20	535
0	0
0	0
0	0
0	0
2	65
0	0
0	0
0	0
0	0
1	63
0	0
0	0
47	1039
0	0
0	1
0	95
1	388
0	0
0	57
2	9
1	9807
23	16376
0	0
0	0
0	0
0	0
0	0
0	0
0	0
0	7
0	0
0	0
8	341
0	0
0	0
0	0
0	0
0	0
0	0
44	4
0	0
0	0
0	0
0	132
0	0
0	0
0	0
0	0
0	0
0	0
0	1
0	0
1	0
28	498
0	32
0	0
0	0
0	0
0	0
0	0
0	0
0	0
0	0
0	0
0	0
0	0
0	0
0	0
0	0
0	0
0	0
0	0
0	0
0	0
0	0
0	0
0	0
0	0
0	0
0	1
0	0
0	0
0	0
0	7
0	0
3	92
0	0
0	0
0	0
0	0
16	0
0	0
0	0
0	0
0	0
0	0
0	0
5	3648
0	0
0	111
2	31
0	0
0	480
0	0
0	0
0	0
0	0
0	0
0	0
0	0
4	30
1	0
0	0
0	0
0	0
563	12433
0	0
0	0
0	0
0	580
0	0
0	0
0	0
0	0
0	0
0	0
952	45632
0	0
7	21010
0	0
0	0
0	0
2	0
0	0
0	0
25	1071
10	10
0	0
0	0
0	0
0	414
0	0
25	6959
0	1
0	0
0	0
0	0
3	0
0	0
3	0
1	0
0	0
0	0
0	0
0	0
0	0
0	511
35	521
0	0
0	0
1	48
0	0
0	0
0	501
19	2261
0	0
0	0
0	0
0	0
0	0
0	4
0	0
0	0
0	0
2	247
0	0
0	0
0	0
0	0
0	0
0	0
0	0
0	0
0	0
0	0
0	0
0	0
0	0
0	0
0	70
0	0
0	0
49	251
0	0
0	0
0	0
0	0
0	0
0	0
5	74
0	0
3	0
0	0
0	0
0	0
0	0
0	0
0	0
0	0
0	0
0	0
0	0
0	0
0	0
0	0
36	5
1	2
2	98
1	1498
0	0
0	0
2	476
2	595
0	0
6	424
0	0
0	0
0	0
0	766
0	0
0	0
0	0
0	0
27	28
0	33
0	0
0	0
0	8
0	5
0	329
0	0
0	0
0	0
0	5
0	0
0	0
0	0
0	0
0	0
0	0
0	3
0	0
5	21
0	0
15	42
2	3186
0	0
0	0
0	0
0	0
0	0
0	0
2	55
0	0
0	0
0	0
106	1651
0	6
0	0
0	43
0	0
0	0
0	8
0	0
8	884
0	0
0	0
0	0
0	0
0	0
0	0
2	470
0	0
0	0
0	0
0	0
38	3547
0	0
83	3593
0	0
0	0
0	0
0	0
0	0
0	14
1	0
3	2877
0	4
0	0
0	0
0	0
0	130
0	0
0	0
0	1
0	0
0	648
0	0
0	0
4	1110
0	0
0	0
0	0
0	0
0	0
0	0
0	123
0	1
0	0
0	0
1	77
0	0
0	156
0	7
0	0
2	1
0	0
0	0
0	0
0	0
0	0
659	2684
0	0
0	0
0	0
0	0
0	0
0	0
0	0
0	0
0	1
0	0
0	1490
0	0
6	95
1946	33548
0	0
0	0
0	0
0	4
0	0
0	0
0	0
0	0
0	766
0	0
3	11
10	0
0	0
0	36
0	0
3	0
0	0
30	8666
0	0
0	0
0	0
0	0
0	0
0	0
0	0
0	0
0	0
0	0
0	0
0	0
0	5
0	0
3	0
66	1188
0	2
0	0
0	0
0	0
0	70
0	133
0	0
0	1
0	0
0	8
0	0
0	1527
0	30
0	0
0	0
0	0
0	0
0	0
0	0
5	2143
0	0
0	0
6	3693
0	22
0	0
0	0
0	0
2	451
0	0
0	0
0	0
0	0
0	0
0	0
0	2
0	0
0	0
0	7
0	198
0	359
0	0
0	0
0	2
0	0
0	0
0	0
0	4
1	91
0	0
2	0
0	0
0	0
0	0
0	0
0	0
0	10
0	0
0	17
0	44
192	6124
0	0
0	0
0	0
5	0
0	0
0	0
0	0
0	87
0	0
0	0
0	0
0	9570
0	0
0	0
0	0
0	0
3	3
0	0
0	0
0	0
0	0
0	0
0	0
0	0
0	0
0	0
0	0
0	0
0	0
0	41
1	16
1	4
0	0
1	0
0	0
0	0
0	0
0	10845
0	0
0	0
0	0
0	0
0	0
0	0
0	0
0	0
0	1
0	2
0	0
0	0
0	0
3	0
3	17
4606	2925
0	0
0	0
0	0
0	0
0	0
0	0
27	95
2	4
3	1
0	0
21	2044
0	0
0	0
0	0
0	0
0	0
0	0
0	0
0	0
0	0
0	0
0	0
0	212
0	0
0	0
4	1515
0	0
0	0
0	0
0	0
0	0
0	0
0	4949
0	0
0	0
0	0
0	0
4	304
17	0
0	0
0	0
0	0
0	0
0	0
0	0
1	30155
0	20
0	0
0	0
0	42
6	0
0	0
0	0
115	130
0	0
0	0
1	0
0	0
0	0
0	0
0	0
3	9
0	0
3	2
1	0
0	3
0	0
0	0
0	3
0	0
0	0
0	0
0	0
0	0
147	0
0	1
1	0
0	0
0	0
0	1
0	0
0	323
1	0
0	0
0	0
0	0
0	0
0	0
0	0
0	0
6	0
1	8
0	0
5	2949
0	0
0	2
0	0
0	4699
0	5
0	0
3	23
18	2229
0	0
0	0
0	199
7	0
0	0
0	1
0	9
0	0
59	461
6	6
0	1
0	0
0	0
0	0
0	11
0	0
0	0
0	0
0	0
0	0
0	336
22	217
0	0
0	0
0	0
0	0
0	0
0	0
0	0
1	0
2	0
0	0
0	0
0	0
0	1
0	0
0	0
0	0
0	0
0	0
0	0
1	219
0	0
0	0
0	0
0	0
0	80
0	0
0	0
0	0
0	0
0	0
0	0
0	0
0	0
13	127
0	0
0	0
0	0
0	0
0	1
3	343
0	0
0	0
0	0
1	0
0	0
0	176
0	0
0	0
0	0
2	9
0	0
0	0
0	0
0	0
3	0
0	0
0	0
0	0
0	0
0	0
0	0
0	0
0	1425
0	7932
13	17
0	0
0	0
0	362
0	0
0	0
0	0
1	615
1	7
0	0
0	0
0	0
0	0
0	0
0	502
0	0
0	0
0	0
0	0
0	0
0	382
0	0
0	0
0	0
0	0
0	0
0	0
0	0
22	123
0	0
0	0
13	0
0	0
0	0
0	0
0	3
0	0
0	0
0	0
0	0
0	0
2	1
3	1
0	4690
0	0
0	0
0	0
0	777
0	0
1	5
0	0
0	0
0	0
0	0
0	0
0	0
0	0
0	0
0	0
0	0
0	20
1	0
0	0
0	1
0	0
0	0
0	0
0	0
0	0
0	3
0	831
0	0
0	0
0	0
0	0
0	0
6	58
0	0
0	0
0	0
0	0
376	5850
1	0
0	0
0	0
3	8998
0	7
2	61
6	3511
1	34
0	0
0	0
0	0
0	0
0	0
0	0
0	4
0	0
0	0
0	0
2	241
0	0
0	0
5	0
0	307
0	0
4	22
0	0
0	100
0	0
1	64
0	0
0	0
2	1
0	0
0	50
1	13
0	4
0	0
0	0
0	0
0	0
3	177
0	0
0	0
0	0
0	0
0	0
0	0
0	0
64	45
0	0
0	0
0	0
0	0
0	0
0	0
2	139
0	0
0	0
0	0
0	0
0	0
0	0
36	6342
0	0
0	4
0	0
5	714
0	0
0	58
0	0
93	152
0	0
1	0
0	0
0	0
0	0
8	178
0	0
1	11
1	16
0	0
0	0
0	0
0	0
0	4
0	0
0	2
1456	1439
0	0
0	0
0	0
0	0
12	5
0	0
0	0
62	5
0	305
0	0
0	51
0	0
0	0
0	0
0	0
0	0
0	0
0	0
0	0
2	3
0	122
0	6
2	4073
0	0
0	0
0	0
0	0
0	0
0	0
0	0
0	0
7	11977
0	0
0	1
0	0
0	0
0	0
0	0
0	0
0	0
0	0
0	0
0	1
0	0
0	0
813	5421
1	0
0	0
0	0
0	88
0	0
0	798
0	6
1	244
30	308
0	713
0	0
0	4
0	0
2	63
0	2
0	0
0	0
0	0
1	133
0	2
0	51
5	65
1	0
4	1070
0	1
0	0
0	0
0	2
0	0
0	12
0	0
0	0
0	2114
0	0
1	2115
0	0
0	0
0	0
0	0
6	3
0	0
0	0
4	12
3	0
0	0
0	0
0	0
0	0
0	0
0	0
0	0
0	0
0	0
0	0
0	0
0	4
0	0
5	1
0	3
0	0
0	25
0	0
0	0
0	0
0	0
0	0
0	0
0	0
3	87
0	0
0	361
0	7
30	78
37	1430
1	0
0	0
0	0
0	0
0	0
0	0
0	0
1	6363
0	2
3	612
0	0
0	0
0	0
0	0
0	33
0	0
54	2890
0	0
0	0
0	0
0	0
1	0
3	6
1	0
0	0
0	0
0	0
0	0
1	0
0	0
0	0
1	0
0	0
0	2946
0	0
0	0
0	0
0	0
3413	8247
0	2
0	0
0	0
0	0
0	52
0	0
0	0
0	0
0	1
0	0
0	0
0	0
0	0
0	0
0	755
11	1542
0	0
0	0
0	0
0	0
24	3003
0	0
0	0
0	0
0	0
1	115
419	323
54	74
1	3
2	3
0	4
1392	222
1	166
0	0
0	437
0	1
64	222
0	0
0	0
0	0
9	16
0	0
0	32
3	772
0	0
0	0
0	0
5348	1676
0	0
2	2353
0	0
12	79
0	0
0	0
0	4
0	0
0	1667
34	75
0	1
1	2
9	92
0	0
0	0
0	234
0	0
0	0
0	30
0	0
4	950
0	20
0	0
0	0
0	0
0	54
0	0
0	0
2	1047
0	0
0	0
0	0
0	29
0	0
0	0
0	0
0	0
11	5543
0	987
0	0
1	33
28	197
0	20150
0	0
0	4
0	0
1	4
0	0
1	0
0	0
1	600
0	0
1	0
0	0
10	0
49	1
0	0
38	740
0	0
0	0
0	0
2	2
0	0
0	0
0	0
0	0
7	1
0	1989
11	50
0	53
13	11
1	0
0	2
0	0
1	0
0	0
4	0
0	0
0	0
10	440
26	113
0	0
2	0
0	0
0	0
0	0
2	480
15	522
0	0
0	0
0	1
4	0
0	0
0	0
5	0
0	0
0	0
0	0
0	0
1	26
0	0
14	1433
0	0
0	0
0	6
0	201
75	542
0	0
0	0
0	0
0	0
0	0
0	0
0	0
0	0
0	0
0	0
0	0
0	0
0	0
0	0
0	0
0	0
0	0
0	0
0	0
0	1055
0	0
12	0
0	0
73	6881
5	321
0	0
0	0
0	0
0	0
0	0
0	4
0	0
0	0
0	0
1	262
0	0
2	0
0	0
0	0
0	9
0	0
0	0
7	1125
0	0
0	107
0	0
0	0
0	0
0	0
0	0
1	1
0	3
48	343
0	0
0	0
0	0
0	13
0	0
0	0
0	0
180	7982
0	0
0	0
0	35
2	67
0	19
0	0
4	143
0	0
0	0
0	0
0	0
0	0
1	85
0	0
0	0
0	0
0	0
0	0
0	0
0	0
0	0
0	0
0	0
0	1070
0	1
0	0
3	3
0	0
0	0
0	0
0	0
0	0
0	0
17	2291
0	0
0	0
0	0
0	0
0	0
0	0
0	0
0	0
0	0
0	38
70	2104
0	0
0	0
0	0
0	0
0	0
0	9
0	76
0	0
0	0
0	0
4	9
0	0
3	14
0	0
0	0
0	0
0	0
4	0
0	0
0	0
0	0
0	240
0	0
0	0
0	0
0	0
0	0
0	0
0	0
0	22
0	2
0	0
0	0
0	0
1	3193
0	0
0	289
0	6
0	0
0	0
0	0
0	0
0	0
0	0
0	41
0	0
0	0
4	7125
0	0
8	31
0	0
0	0
0	0
0	0
7	165
0	0
0	0
0	0
0	0
0	0
16	0
2	494
0	0
0	0
0	0
0	1
0	0
0	0
0	0
0	0
0	0
1	0
0	0
3	265
0	0
0	0
0	0
2	4
0	0
0	0
0	0
0	0
0	0
0	133
28	10
0	0
0	0
0	0
0	0
0	0
0	0
0	0
0	0
0	0
0	0
1	17
0	0
0	0
0	692
1	1
0	0
0	0
0	0
0	0
0	16
0	0
0	0
0	66
0	121
2	185
0	0
0	0
0	0
1	34
0	0
0	0
1	0
0	0
0	30
0	0
0	2
47	13
0	0
7	0
0	0
0	0
0	0
0	0
0	71
0	0
0	0
72	46
0	0
6	2874
0	0
0	1
0	0
0	0
1	0
2	4299
0	0
7	12
0	0
0	0
0	0
0	0
0	0
0	0
0	0
0	0
0	0
0	0
0	80
0	0
0	0
0	0
0	0
1	1
0	0
0	0
0	0
0	1
0	0
0	0
0	0
0	0
0	0
0	0
0	0
0	0
0	0
0	0
0	0
1	0
0	0
1	0
0	0
0	0
0	1
0	0
0	0
0	0
0	0
0	0
0	4
2	103
0	2
0	0
0	0
0	0
1	155
0	0
0	0
0	0
0	0
0	42
0	0
0	0
0	0
0	0
0	0
0	0
0	0
0	0
5	95
0	0
0	0
0	0
0	321
0	0
0	0
0	0
0	0
0	0
0	3
0	0
0	0
0	0
6	0
0	0
7	90
0	0
0	0
0	0
0	0
0	0
0	64
0	0
0	0
4	11
14	3472
0	0
5	1583
0	0
18	9898
0	0
0	55
0	0
0	0
0	0
0	0
0	0
3	113
0	0
0	0
0	0
0	0
0	0
0	0
0	0
0	0
2	69
0	0
0	0
0	0
10	78
0	0
0	0
0	0
0	2
0	0
1	1
0	0
0	0
0	0
0	0
167	894
0	1
0	0
0	0
7	0
0	0
2	0
1	0
0	1933
0	0
0	3
6	433
105	1213
11	1520
0	0
0	0
2	365
0	1
1	209
0	0
0	1
0	0
0	0
0	0
0	0
0	0
0	2
0	8
0	0
2	46
0	0
0	0
0	0
0	0
2	63
1	1143
0	0
0	0
0	0
0	2
0	0
0	0
10	4
0	0
0	0
0	0
0	0
0	0
2	1
0	0
0	0
1	1877
0	0
0	0
0	0
0	0
3	313
0	0
0	0
0	4
0	0
0	0
0	0
1	13
0	0
0	0
0	0
0	0
0	0
0	0
0	0
0	0
0	1534
0	0
0	0
0	0
0	0
0	10
0	0
0	0
0	0
0	0
0	0
0	0
0	0
0	0
11	2169
0	11
0	0
0	0
0	0
0	0
0	0
0	0
0	0
0	0
0	0
0	0
0	0
0	0
0	0
0	0
0	0
0	0
0	0
0	0
0	0
0	0
0	0
0	0
0	0
0	0
0	0
0	0
1	0
0	0
0	0
0	0
0	0
0	0
0	0
0	0
0	0
0	0
0	0
0	0
0	0
6	0
0	0
0	0
0	0
0	0
0	0
0	0
1	0
1	0
0	0
0	0
0	0
0	0
31	7
4	7
0	0
0	0
0	0
0	0
10	0
16	20
0	0
0	0
13	0
1	1152
5	5431
172	215
0	195
0	20
0	102
0	0
188	1512
0	1512
0	113
0	85
13	2950
0	2359
6	9001
0	8404
0	0
0	0
0	0
0	0
0	0
0	0
0	0
0	0
0	4
0	4
1	4
0	4
0	4
0	4
0	4
0	4
0	0
0	0
17	2
0	2
0	0
0	0
165	31570
0	0
3	42
0	85
0	75
0	634
0	190
0	567
0	0
0	0
0	0
0	0
11	7
0	7
7	1
1	0
0	3
19	26
0	20
94	263
1	90
1	223
0	0
0	0
0	2
0	2
1	0
0	0
2	482
2	482
0	0
0	0
0	1
0	1
0	0
0	1
0	1
15	160
0	160
0	0
0	0
5	0
0	0
0	0
0	0
0	0
0	0
0	0
0	0
0	0
0	0
0	0
0	0
0	0
0	0
0	0
0	0
5	1
0	1
8	9
4	5
1	0
0	0
0	0
0	0
0	0
0	0
3	0
0	0
0	0
0	0
0	0
0	0
0	0
0	0
0	0
0	0
0	1
0	886
0	337
0	255
0	84
0	0
0	66
22	0
0	0
0	0
0	0
0	0
0	0
92	1057
0	0
0	0
0	0
0	0
0	0
0	0
0	0
0	0
0	0
0	0
0	0
0	0
0	0
0	0
0	15
0	15
4	5
0	5
0	0
0	0
0	0
0	0
0	0
0	0
0	0
0	0
0	0
0	0
0	0
0	0
3	0
3	1
2	1
0	0
0	0
0	0
0	0
0	0
0	1
0	0
0	0
0	0
0	0
0	0
0	368
0	368
0	368
0	2
2	0
0	0
0	0
2	0
40	21
0	11
0	12417
0	11930
0	2
0	7
0	32
0	29
5	0
0	0
0	0
0	0
0	0
0	0
0	3900
1	31
0	31
0	1800
0	1800
0	1766
0	0
0	0
1	0
0	0
0	0
0	0
0	0
0	17998
18	10390
0	12844
1	148
0	111
0	0
0	0
8	2865
0	5145
4	371
0	0
0	0
0	0
0	10
0	1
0	1
0	1
0	0
0	0
0	0
0	4
0	4
0	1
0	1
0	14
0	14
0	14
0	186
0	157
0	0
0	0
0	0
43	0
0	0
9	0
0	0
0	0
0	0
0	0
0	0
3	0
0	0
0	0
0	0
0	0
0	1250
0	1188
6	5
0	5
6	0
0	9
0	9
5	0
0	0
0	0
0	163
0	65
1	7
0	0
6	0
0	0
0	0
0	2819
0	0
0	0
0	0
0	0
0	0
0	0
0	159
8	845
1	14858
0	14731
0	0
0	10275
0	0
0	0
0	0
0	0
3	3
0	0
1	0
3	1493
0	78
3	8
0	0
0	0
0	12618
0	9397
0	5
0	7
0	0
0	330
0	0
0	0
1	433
0	191
0	0
0	0
0	14
0	27
15	23
0	23
2	131
0	131
0	118
0	0
0	0
0	0
4	184
0	1724
0	0
0	0
0	222
0	861
0	504
0	0
0	0
0	0
0	0
0	0
0	0
0	0
0	0
1	0
0	0
0	0
19	0
1	660
28	706
0	0
0	0
53	0
0	0
0	0
0	0
0	0
0	930
0	226
0	0
1	79
0	60
13	5562
0	4572
4	625
0	4
0	4
3	0
0	0
0	0
0	0
0	0
0	0
0	0
0	0
0	0
5	0
9	4445
3	4440
0	3536
0	0
0	0
2	15
0	15
0	0
0	0
0	0
0	0
0	0
0	0
1	22232
0	19462
4	1
0	0
0	1
0	0
0	0
0	0
0	0
1	4941
0	4941
0	0
0	0
0	0
0	0
0	0
0	0
0	0
0	0
0	0
0	0
0	0
44	0
0	14
0	9
114	62
13	251
0	2
0	2
0	0
0	0
0	0
0	0
34	7
0	7
0	0
0	0
1	107
0	107
16	3
2	5
0	0
0	0
0	0
169	3997
0	3139
0	0
0	0
0	0
0	0
0	0
0	0
0	0
5	6
0	839
0	753
10	441
0	83
2	0
19	4
0	0
0	0
0	0
0	0
9	57
0	8
174	49
0	0
0	0
0	0
23	5
0	4
0	5
0	29
8	0
0	0
1	363
0	242
0	93
5	7
52	7
0	1
1	1
1	0
0	0
0	0
0	0
0	0
0	0
0	0
0	0
0	0
0	0
1	107
0	0
0	0
0	0
0	137
1	1468
0	0
0	0
0	51
0	0
21	209
0	198
0	0
0	0
0	1
0	1
0	0
0	0
0	3
0	2
0	0
0	0
0	0
0	0
0	0
1	7068
0	0
0	0
0	0
0	0
0	0
0	0
0	5
0	5
0	0
0	0
0	0
0	0
0	0
0	0
0	851
0	461
0	1359
0	1359
11	12
25	58
9	8
4	32
0	0
0	0
0	0
0	0
0	3
0	1
1	6
0	30
0	0
2	5
0	5
0	0
0	0
0	0
0	0
0	0
12	35
0	35
0	27
0	0
0	0
0	2
13	1
0	1
0	1
1	1
0	0
2	0
0	0
0	0
0	0
0	0
0	0
0	0
0	0
0	0
0	5
2	5
0	6
0	3155
2	5148
4	0
0	0
11	54
8	37
2	0
0	0
0	0
0	0
3	7131
295	6406
30	3
0	3
0	0
0	0
0	0
0	0
0	0
0	0
15	19711
0	16065
0	2997
0	2986
0	14
0	0
0	0
0	0
0	0
0	0
0	0
0	0
0	0
0	0
0	0
0	0
0	0
2	0
0	0
0	0
0	0
0	1
0	0
0	0
0	0
0	0
0	0
0	0
0	0
0	0
0	0
0	0
0	0
0	0
0	0
0	0
0	0
0	0
0	0
0	0
0	0
0	0
0	0
0	0
0	0
0	0
0	0
0	0
0	0
0	0
0	0
0	0
0	0
0	0
0	0
0	0
0	0
0	0
0	0
0	0
0	0
0	0
0	0
0	0
0	0
0	0
0	0
0	0
0	0
0	0
0	0
0	0
0	0
0	0
0	0
0	0
0	0
0	0
0	0
0	0
0	2
0	0
0	0
0	0
2	0
0	0
0	0
0	0
0	0
0	0
0	0
0	0
0	0
0	0
0	12
0	0
0	0
0	0
0	0
1	0
0	0
0	0
0	0
0	0
0	0
0	0
0	0
0	0
0	0
2	0
0	0
0	0
0	0
0	0
0	0
0	0
0	0
0	0
0	0
0	0
0	0
0	0
0	0
0	0
0	0
0	0
0	0
0	0
0	0
0	0
0	0
0	0
0	0
0	0
0	0
0	0
0	0
0	0
0	0
0	0
0	0
2	0
0	0
0	0
0	0
0	0
0	0
0	0
0	0
0	0
0	0
0	0
0	0
0	0
0	0
0	0
0	0
0	0
0	0
0	1
0	0
0	0
0	1
0	0
0	0
0	0
0	0
0	0
0	0
0	0
0	0
0	0
0	0
0	0
0	0
0	0
0	0
0	0
0	0
0	0
0	0
0	0
0	0
0	0
0	0
0	0
0	0
0	0
0	0
0	0
0	0
0	0
0	0
0	0
0	0
0	0
0	0
0	0
0	0
0	2
2	71
0	0
0	0
0	0
0	13
0	4
0	4
0	12
0	0
0	9
0	21
0	0
0	28
0	13
0	4
0	0
0	66
0	0
1	21
12	105
1	2
8	33
0	57
0	26
3	26
29	1
0	0
0	0
0	14
0	0
8	2
0	2
0	0
0	0
0	0
0	0
0	0
0	0
0	0
0	0
0	0
0	0
0	0
0	0
0	0
0	0
0	0
0	0
0	0
0	0
0	0
0	0
0	0
0	0
0	0
2	17
0	0
0	0
0	0
4	89
0	0
0	0
0	0
0	0
0	0
53	181
0	0
0	0
0	0
0	0
0	0
0	0
0	0
4	0
0	0
0	0
0	0
0	0
0	3
0	0
0	0
1	0
0	0
0	0
0	0
0	0
0	0
0	0
0	0
0	0
0	0
0	0
0	0
0	0
0	0
0	0
0	0
0	0
20	1077
0	0
0	165
0	0
0	0
0	0
0	0
0	0
0	0
0	0
0	0
0	0
0	0
0	0
0	0
0	0
0	0
0	0
0	0
0	0
0	0
0	13
0	0
0	0
0	94
0	0
0	0
0	0
0	7
0	0
4	0
8	795
0	0
0	0
0	0
0	0
0	0
0	0
0	0
0	0
0	0
0	0
0	0
0	2
0	0
0	11
0	0
0	0
0	0
0	0
0	0
0	0
0	0
0	0
0	0
0	0
0	0
0	0
0	0
0	0
0	0
0	0
0	0
0	0
0	0
0	0
0	0
0	0
0	0
0	0
0	0
0	0
0	0
0	0
0	0
0	0
0	0
0	0
0	0
0	0
0	0
0	33
0	0
0	0
0	0
0	0
0	0
0	0
0	0
0	0
0	0
0	0
0	0
0	3
0	0
0	0
0	0
0	0
0	0
0	0
0	0
0	2208
0	0
0	0
0	0
0	0
0	0
0	0
0	0
0	0
0	0
0	9
0	0
0	0
0	0
0	28
0	0
0	0
0	0
0	15
0	0
0	0
0	0
0	0
0	0
0	0
0	0
0	0
0	0
0	0
0	0
0	0
0	0
0	0
0	0
0	0
0	0
0	0
0	0
0	0
0	0
0	0
0	0
0	0
0	0
0	0
0	12
0	0
0	0
0	0
0	0
0	0
0	0
0	0
0	0
0	13
0	0
0	0
0	0
0	0
0	0
0	0
0	0
0	0
0	0
0	0
0	0
0	0
0	685
0	0
0	0
0	0
0	0
0	0
0	0
0	0
0	0
0	0
0	0
0	0
0	0
0	0
0	0
0	0
0	0
0	0
0	0
0	0
0	0
0	0
0	0
0	0
0	0
0	0
0	0
0	0
0	0
0	0
0	0
0	0
0	0
0	0
0	0
0	0
0	0
0	0
0	0
0	0
0	0
0	0
0	0
0	0
0	0
0	0
0	0
0	0
1	0
0	0
0	0
0	0
0	0
0	0
0	0
0	0
0	0
0	0
0	0
0	0
0	0
0	0
0	0
0	0
0	0
0	0
23	2
0	0
0	0
0	0
0	0
0	0
0	0
0	0
0	0
0	21
0	0
0	0
0	0
11	3
0	0
0	0
0	0
0	0
0	0
0	0
0	0
0	0
0	0
0	0
0	0
0	0
0	0
0	0
0	0
0	0
0	24
0	0
0	0
0	0
0	0
0	0
0	0
0	0
0	19
0	0
0	0
0	0
0	0
0	0
0	0
0	0
0	0
906	2744
0	0
2	102
0	0
0	0
0	0
0	0
14	11
0	0
0	0
0	0
0	0
0	0
2	18
0	0
0	0
0	0
0	0
0	0
0	0
0	0
0	0
0	0
0	0
0	0
0	0
0	0
0	0
0	0
0	0
0	0
0	0
0	0
0	0
0	0
0	0
0	0
0	0
0	0
0	0
0	0
0	0
0	0
0	0
0	0
0	0
0	0
0	0
0	0
0	0
0	0
0	3
0	0
0	0
0	0
5	8
23	3
0	0
0	13
35793	35530
0	0
0	0
0	0
6646	249
1879	18783
0	0
0	0
0	0
0	0
0	0
0	0
0	0
0	0
0	0
0	0
0	8
0	0
0	0
0	0
0	0
162	563
0	0
0	0
0	0
0	0
0	1
0	0
0	0
0	0
1	6
0	0
4	15
0	0
0	0
0	0
0	0
0	0
0	0
0	0
0	0
0	0
0	0
0	0
0	0
0	0
0	0
0	0
0	0
0	0
0	0
0	0
2	9
0	0
7	45
0	0
0	0
0	10
0	0
0	0
0	0
0	0
0	0
0	0
0	0
0	0
0	0
0	0
0	0
0	0
0	0
0	0
0	0
0	0
0	0
1	0
0	0
39	542
0	0
0	0
0	0
0	0
0	0
0	0
0	0
0	0
0	0
0	0
0	0
0	0
0	0
0	0
0	0
0	0
0	0
0	0
0	0
0	0
0	0
0	0
0	0
0	0
0	0
0	0
0	0
0	0
0	0
0	0
0	0
0	0
0	0
0	0
0	0
0	0
0	0
0	0
0	0
0	0
0	0
0	0
0	0
0	0
0	0
0	0
0	0
0	0
0	0
0	0
0	0
0	0
0	0
0	1
0	0
0	0
0	0
0	0
0	0
0	0
0	0
0	0
0	0
0	0
0	0
0	0
0	0
0	0
0	0
0	137
0	0
0	0
0	0
0	0
0	0
0	0
0	0
0	16
0	21
0	0
0	0
0	0
0	0
0	0
0	0
0	0
0	0
0	0
0	0
0	0
0	0
0	0
0	0
0	0
0	0
0	1
0	0
0	3
0	0
0	0
0	0
0	0
0	0
0	0
0	0
0	0
0	0
0	0
0	0
0	0
0	0
0	0
0	0
0	0
0	0
0	0
0	0
0	0
0	0
0	0
0	0
0	0
0	0
3	0
0	0
0	1
0	0
0	0
0	0
0	0
0	0
0	0
0	0
0	0
0	0
0	0
0	0
0	0
0	0
0	0
0	0
0	0
0	0
0	0
2	0
0	0
0	0
0	0
0	0
0	0
0	0
0	0
0	0
0	0
0	0
0	0
0	0
0	0
0	0
0	0
0	0
0	0
0	7
0	0
0	0
4	57
0	0
0	0
0	0
0	0
0	0
0	0
0	0
0	0
0	23
0	0
0	0
0	0
0	0
0	0
0	0
0	0
0	0
0	0
0	0
0	0
0	0
0	0
0	0
0	0
0	0
0	0
0	0
0	0
0	0
0	0
0	0
0	0
0	0
0	0
0	0
0	0
11	83
0	0
0	0
0	0
0	0
0	0
0	0
0	0
0	0
0	0
0	0
0	0
0	0
0	1
0	13
0	0
0	36
0	0
0	0
0	0
0	0
0	7
0	0
0	0
0	0
0	115
0	0
0	0
0	0
0	0
0	0
0	0
0	0
0	0
1	0
0	0
0	0
0	0
0	0
0	0
0	0
0	0
0	0
0	0
0	600
0	0
0	2
0	0
0	0
0	0
7	0
0	0
0	2
0	0
0	0
0	0
0	0
0	0
0	0
0	0
0	0
0	0
0	0
0	0
0	0
0	0
0	0
0	0
0	0
0	0
0	0
0	0
0	0
0	0
0	0
0	0
0	0
0	0
0	0
0	0
0	0
0	0
0	0
0	0
0	0
0	0
0	0
0	0
0	0
12	43
0	0
0	0
0	0
0	0
0	0
0	0
0	0
0	0
0	0
0	0
0	0
0	0
0	0
0	0
0	6
0	530
0	0
0	0
0	0
0	0
0	0
0	0
0	0
0	0
0	0
0	0
0	0
0	0
0	0
0	0
0	0
0	0
0	0
0	0
0	0
0	0
0	0
0	0
0	0
0	0
0	0
0	0
0	0
0	0
0	0
0	0
0	0
0	0
0	0
0	0
0	0
0	0
0	0
0	0
0	0
0	0
0	0
0	0
0	0
0	0
0	0
0	0
0	0
0	9
0	11
0	14605
0	6501
0	4922
0	0
0	0
4	92
0	0
0	47661
0	0
0	0
0	0
0	0
0	0
0	55279
0	0
0	0
0	0
0	0
0	0
0	0
0	0
0	0
0	0
0	0
0	0
0	0
0	50206
0	0
0	0
0	19463
0	0
0	0
0	0
0	0
0	0
0	0
0	0
0	4
17	61
0	3
0	0
0	21
0	0
0	0
0	0
0	20
0	0
0	0
0	0
0	0
2	0
0	0
0	0
0	0
0	0
0	0
0	0
0	0
0	0
0	0
0	0
0	0
0	0
0	0
0	0
0	0
0	0
0	0
0	0
0	0
0	0
0	0
0	0
0	0
0	0
0	0
0	0
0	0
5	5806
0	0
1	0
0	0
0	0
0	0
0	0
0	0
0	0
14	1097
0	0
0	0
0	0
0	0
0	0
0	0
0	0
0	0
0	0
0	0
0	0
0	0
0	0
0	0
0	0
0	0
0	0
0	0
0	0
0	0
0	0
0	0
0	0
0	0
0	0
0	0
0	0
0	0
0	0
0	0
0	0
0	0
0	0
0	0
0	0
0	0
0	0
0	0
0	0
0	0
0	0
0	0
0	0
0	0
0	0
0	0
0	0
0	0
0	5
0	0
0	0
0	1
7	243
0	0
0	0
0	0
0	0
0	0
0	0
0	0
0	0
0	0
0	0
0	0
0	80
0	0
0	0
0	0
0	0
0	0
0	0
0	0
0	0
0	0
0	0
0	0
0	0
0	0
0	0
0	0
0	0
0	0
0	0
0	0
0	0
0	0
0	0
0	0
0	0
0	1
0	0
0	0
0	0
0	0
0	0
0	0
0	0
0	0
0	0
0	3
0	1
0	0
0	0
0	0
0	0
0	0
0	67
0	0
0	0
0	0
1	16
0	0
93	31
0	0
0	0
118	33
0	0
0	0
0	0
0	0
0	262
0	0
0	0
0	0
0	0
0	0
0	0
0	0
3	0
0	0
0	0
0	0
0	0
0	7
0	0
0	0
0	0
7	2
0	0
0	0
0	0
0	0
5	0
0	0
0	0
0	0
0	2
0	0
0	0
0	0
0	0
0	0
0	0
0	0
0	0
0	0
0	0
0	0
0	0
0	0
0	0
0	0
0	0
0	5
0	0
0	0
0	0
0	0
0	84
0	1
1	35
0	0
0	0
1	15
0	0
0	0
1	5
0	0
0	0
0	0
0	0
0	0
0	0
0	0
0	0
36	1
0	0
0	0
0	0
2	23
0	0
0	0
0	0
0	0
2	7
0	0
0	0
0	0
0	0
0	0
0	0
0	0
0	0
0	0
0	0
0	0
0	0
0	0
0	0
0	0
0	0
0	0
0	0
0	0
0	0
0	0
2	21
0	0
0	0
0	0
0	0
0	0
0	0
0	0
0	1
0	0
0	0
0	0
0	0
0	0
0	1
0	0
1	0
0	0
0	0
41	5
0	0
0	0
0	0
15	1950
0	0
0	0
0	0
0	0
0	0
0	0
0	0
0	0
1	80
0	0
22	20
0	0
0	0
0	0
0	0
3	40
0	0
0	0
0	0
0	0
0	0
5	10
0	0
0	0
0	0
0	0
0	0
0	0
0	0
2	0
28	260
2	2
0	0
0	0
0	0
0	0
0	0
0	0
0	0
0	0
0	0
0	0
0	0
0	0
0	0
17	761
0	4
0	0
0	0
1	4
2	15
0	0
0	0
0	1
0	0
0	0
0	0
0	0
0	0
0	0
0	0
0	0
0	0
0	0
0	38
0	0
0	0
0	0
0	0
0	0
0	0
0	0
0	0
0	0
0	0
0	0
0	0
0	4
0	0
0	0
0	0
0	0
0	0
0	0
0	0
0	0
0	0
0	0
0	0
0	0
0	0
0	700
0	1
0	0
0	0
0	0
0	4
0	0
0	0
11	2
0	0
0	0
0	0
0	0
0	0
0	0
0	0
0	0
0	0
0	0
0	0
0	0
0	271
0	0
0	0
0	0
0	0
0	0
0	0
0	0
0	0
0	0
0	0
0	0
0	0
0	0
0	0
0	0
0	0
0	0
0	0
0	0
0	4
0	0
0	0
0	0
0	0
0	0
0	0
0	0
0	0
0	0
0	0
0	0
0	0
0	0
0	0
0	0
0	0
0	0
0	0
0	8
0	0
0	0
0	0
0	0
0	0
0	0
0	0
0	0
0	0
0	321
0	0
0	0
0	0
0	0
0	0
0	0
0	0
2	19
0	0
0	0
0	0
0	0
0	29
0	0
0	0
0	0
0	0
0	0
5	224
0	35
0	0
0	0
0	0
0	0
0	0
0	0
0	0
0	0
3	2471
0	42
0	0
0	0
0	0
0	0
0	0
0	0
0	0
0	0
0	1
0	45
0	0
0	0
0	0
0	0
0	0
0	0
0	0
0	0
0	0
0	0
0	0
0	0
0	0
0	0
0	0
0	0
0	0
0	0
0	0
0	0
0	0
0	0
0	0
0	0
0	0
0	0
0	0
0	0
0	0
0	0
0	0
0	0
0	0
0	0
0	0
0	0
0	0
0	0
0	0
0	0
0	0
0	0
0	0
0	0
0	0
0	0
0	0
0	0
0	0
0	0
0	0
0	0
0	0
0	0
0	0
0	0
0	0
0	0
0	0
0	0
0	0
0	0
0	0
1	4
0	0
0	0
0	0
0	0
0	0
0	0
0	0
0	0
0	0
0	0
0	0
0	0
0	0
0	0
0	0
0	0
0	0
0	0
0	0
0	0
0	0
0	0
0	0
0	0
0	0
0	0
0	0
0	0
0	0
0	0
0	0
0	0
0	0
0	0
0	0
0	0
0	0
0	0
0	0
0	0
0	0
0	0
0	0
0	0
0	0
0	0
0	0
0	0
0	0
0	0
0	0
0	0
0	0
0	0
0	0
0	0
0	0
0	0
0	4
0	0
0	0
0	0
0	0
0	0
0	0
0	0
0	0
0	0
0	0
0	0
0	0
0	0
0	0
0	0
0	0
0	0
0	0
0	0
0	0
0	0
0	0
0	0
0	0
0	0
0	0
0	0
0	0
0	0
0	0
0	0
0	0
7	216
0	0
0	0
0	0
0	0
0	0
0	0
0	0
0	0
0	0
0	0
0	0
0	0
0	0
0	0
0	0
0	0
0	0
0	0
0	0
0	0
0	0
0	0
0	0
0	0
0	0
0	0
0	0
0	0
0	0
0	0
0	0
0	0
2	0
0	0
0	0
0	0
0	0
0	0
0	0
0	0
0	0
0	0
0	0
0	0
0	0
0	0
0	0
0	0
0	0
0	0
0	0
0	0
0	0
0	0
0	0
0	1
0	0
0	0
0	0
0	0
0	0
0	0
0	0
0	0
0	0
0	0
0	0
0	0
0	0
0	0
0	0
0	0
0	0
0	0
0	0
1	0
0	0
0	0
0	0
0	0
0	0
0	0
0	0
0	0
0	0
0	0
0	0
0	43
0	0
0	0
0	0
0	0
0	0
0	0
0	0
0	0
0	0
0	0
0	0
0	0
0	0
0	0
0	1
0	0
0	0
0	71
0	0
0	0
0	0
0	0
0	0
0	0
0	0
0	0
0	0
0	0
0	0
0	4
0	0
0	3
0	0
0	0
0	35
0	0
0	0
0	0
0	1
0	0
0	0
0	0
0	0
0	0
0	0
0	0
0	0
0	0
0	0
0	0
0	0
0	0
0	0
0	0
0	0
0	0
0	0
0	0
0	0
0	0
0	0
0	0
0	0
0	0
0	0
18	4
0	0
0	0
0	0
0	0
0	0
0	0
0	0
0	0
0	0
0	0
0	0
0	0
0	0
0	0
0	0
0	0
0	0
0	0
0	0
3	0
0	0
0	4
0	0
0	0
0	0
0	0
0	0
0	0
0	0
0	0
0	0
0	0
0	0
0	0
0	0
0	0
0	0
0	0
0	0
0	0
0	0
0	0
0	0
0	0
0	0
0	0
0	0
0	0
0	0
0	0
0	0
0	0
0	0
0	0
0	0
0	0
0	0
0	0
0	0
0	0
0	0
0	0
0	0
0	0
0	0
0	0
0	0
0	0
0	0
0	0
0	0
0	0
0	0
0	0
0	0
0	0
0	0
0	0
0	0
0	0
0	0
0	0
0	0
0	0
0	0
0	0
0	0
0	0
0	0
0	0
0	0
0	0
0	0
0	0
0	0
0	0
0	0
0	0
0	0
1	0
0	0
0	0
0	0
0	0
0	0
0	0
0	0
0	0
15	0
0	0
0	0
0	0
0	0
0	0
0	0
0	138
0	0
0	0
0	0
0	0
1	0
0	0
0	0
0	0
0	0
0	1
0	0
0	0
0	0
0	0
0	0
0	0
77	96
0	0
0	0
0	0
0	0
0	0
0	0
0	0
0	0
0	0
0	0
0	0
0	0
0	0
0	0
0	0
3	9
0	0
0	0
0	0
0	1
4	5
0	0
0	0
0	0
0	0
0	1
0	0
0	0
0	0
0	0
0	0
0	0
0	0
0	0
0	0
0	0
0	0
1	0
0	0
0	0
0	0
0	0
0	0
0	0
0	0
0	0
0	0
0	0
0	0
0	0
0	0
0	0
0	0
0	0
0	0
0	0
0	0
0	0
0	0
0	0
0	0
1	0
0	0
0	0
0	0
1	42
0	1
1	395
0	0
0	0
0	0
0	0
0	0
1	33
0	0
0	0
0	0
0	0
0	0
0	9
0	0
0	0
3	0
0	0
0	0
0	0
0	0
0	0
0	0
0	14
0	1
0	0
0	0
0	1
0	0
0	0
0	0
0	0
0	0
0	0
0	0
0	0
0	0
0	0
0	0
0	14
0	0
0	0
0	0
0	0
0	0
0	0
0	0
0	0
0	0
12	66
0	0
0	0
0	15
0	0
0	0
0	0
0	0
0	0
0	0
0	0
0	0
0	0
0	0
0	13
0	5
0	0
0	14
0	0
0	0
0	0
0	0
0	22
2	0
0	0
0	0
0	0
26	40
0	0
0	0
0	0
0	1
0	0
0	1
0	0
0	0
132	31
0	0
0	0
0	0
0	0
0	0
0	0
0	0
0	0
0	0
0	0
0	0
0	0
0	0
0	0
0	0
0	0
0	0
0	0
0	0
0	0
0	0
0	0
0	0
0	0
0	0
0	0
8	0
3	24
0	0
0	0
0	1
0	0
0	0
0	0
0	0
0	0
0	0
0	129
0	0
0	0
0	0
0	0
0	0
0	0
0	0
0	0
0	0
0	0
0	0
0	0
0	21
0	0
0	0
0	0
0	0
0	111
0	0
0	0
0	0
0	0
0	0
0	0
0	0
2	165
0	0
1	4
0	93
0	0
0	0
0	0
0	0
0	0
0	93
0	0
0	0
0	0
0	0
0	0
0	0
0	0
0	0
0	0
0	0
0	0
0	0
0	0
0	0
0	0
0	0
0	0
0	0
0	1
0	0
0	0
0	0
0	5
0	0
0	0
0	0
0	0
0	1
0	0
0	7
0	1
0	0
0	0
0	0
1	6
0	0
0	0
0	0
0	0
8	283
0	0
104	10
0	0
0	0
0	0
0	0
0	0
0	0
0	0
0	1
0	0
0	0
0	0
0	0
0	0
0	0
0	0
0	0
0	0
0	1
0	0
0	0
0	0
0	0
0	0
0	0
0	0
0	3
0	0
0	0
0	0
0	0
0	0
0	0
0	0
0	0
0	0
0	0
0	0
0	0
0	0
0	0
0	0
0	0
0	4
0	0
0	0
0	0
19	14
0	0
0	0
0	0
0	0
0	0
0	0
0	1
0	0
0	0
0	0
0	0
0	0
0	0
0	0
0	7
5	18
0	0
0	0
0	0
0	0
0	0
0	0
0	0
0	0
0	0
0	0
0	0
0	2
0	0
0	0
0	0
0	0
0	0
0	0
0	0
0	0
0	0
0	0
0	0
0	0
0	0
0	0
0	0
0	0
0	0
0	0
0	0
0	0
0	0
0	0
0	0
0	0
0	0
0	0
0	0
0	0
0	0
0	0
0	0
0	0
0	0
0	0
0	0
0	0
0	0
0	0
