UniqueCount	AmbigCount
0	0
0	0
0	0
0	0
0	0
0	0
0	0
0	0
0	0
0	0
0	0
0	0
0	0
0	0
0	0
0	0
0	0
0	0
0	0
0	0
0	0
0	0
0	0
0	0
0	0
0	0
0	0
0	0
0	0
0	0
0	0
0	0
0	0
0	0
0	0
0	0
0	0
0	0
0	0
0	0
0	0
0	0
0	0
0	0
0	0
0	0
0	1
0	0
0	0
0	0
0	0
0	0
0	0
0	0
0	0
0	0
0	0
0	0
0	0
0	0
0	0
0	0
0	0
0	0
0	0
0	0
0	0
0	0
0	0
0	0
0	0
0	0
0	0
0	0
0	0
0	0
0	0
0	0
0	0
0	0
0	0
0	0
0	0
0	1
0	0
0	0
0	0
0	0
0	0
0	0
0	0
0	0
0	0
0	0
0	0
0	0
0	0
0	0
0	0
0	0
0	0
0	0
0	0
0	0
0	0
0	0
0	0
0	0
0	0
0	0
0	0
0	0
0	0
0	0
0	0
0	0
0	0
0	0
0	0
0	0
0	0
0	0
0	0
0	0
0	0
0	0
0	0
0	0
0	0
0	0
0	0
0	0
0	0
0	0
0	0
0	0
0	0
0	0
0	0
0	0
0	0
0	0
0	0
0	0
0	0
0	0
0	0
0	0
0	0
0	0
0	0
0	0
0	0
0	0
0	0
0	0
0	0
0	0
0	0
0	0
0	0
0	0
0	0
0	0
0	0
0	0
0	0
0	0
0	0
0	0
0	0
0	0
0	0
0	0
0	0
0	0
0	0
0	0
0	0
0	0
0	0
0	0
0	0
0	0
0	0
0	0
0	0
0	0
0	0
0	0
0	0
0	0
0	0
0	0
0	0
0	0
0	0
0	0
0	0
1	2
0	1
0	0
0	0
0	1
0	0
0	0
0	0
0	0
0	0
0	0
0	0
0	2
0	2
3	2
0	13
0	12
0	0
0	0
0	0
0	0
0	0
0	0
0	1
0	9
0	9
0	9
0	1
0	0
0	1
0	0
0	0
0	1
0	9
0	9
0	108
0	148
1	10
0	26
0	148
0	0
0	0
0	0
0	0
0	0
0	0
0	0
0	0
0	0
0	0
0	0
0	0
0	0
0	18
0	18
0	0
0	0
0	1
0	1
0	0
0	0
1	0
0	0
0	30
3	0
0	30
0	13
0	30
11	19
0	0
0	16
0	9
0	3
0	9
0	0
0	0
0	0
0	0
0	336
0	42
0	0
0	0
0	0
0	0
0	0
0	0
0	0
0	0
0	0
0	0
0	0
0	0
0	0
0	0
0	0
0	0
0	0
0	0
0	0
0	0
0	0
0	0
0	0
0	0
0	0
0	0
0	0
0	0
0	0
0	0
0	35
0	35
0	35
0	35
0	35
0	35
0	35
0	4
0	4
0	4
0	35
0	0
0	0
4	2
1	32
0	32
0	9
0	13
0	11
0	0
0	0
0	0
0	0
0	0
0	0
0	0
0	0
0	0
0	0
0	0
0	0
0	0
0	0
0	0
0	0
0	0
0	0
0	0
0	0
0	0
0	0
0	0
0	0
0	0
0	0
0	0
0	0
0	0
0	1
0	1
1	0
0	0
0	0
0	0
0	0
0	0
0	0
0	0
0	0
0	0
0	0
0	0
0	0
0	0
0	0
0	0
0	0
0	0
0	0
0	0
0	0
0	0
0	0
0	0
0	0
0	0
0	0
0	0
0	0
0	0
0	0
0	0
0	0
0	0
0	0
0	0
0	0
0	0
0	0
0	0
0	0
0	0
0	0
0	0
0	0
0	0
0	0
0	0
0	0
0	0
0	0
0	0
0	0
0	0
0	0
0	0
0	0
0	0
0	0
0	0
0	0
0	0
0	0
0	0
0	0
0	0
0	0
0	0
0	0
0	0
0	0
0	0
0	0
0	0
0	0
0	0
0	0
0	0
0	0
0	0
0	0
0	0
0	0
0	0
0	0
0	0
0	0
0	0
0	0
0	0
0	0
0	0
0	0
0	0
0	0
0	0
0	0
0	0
0	0
0	0
0	0
0	0
0	0
0	0
0	0
0	0
0	0
0	0
0	0
0	0
0	0
0	0
0	0
0	0
0	0
0	0
0	0
0	0
0	0
0	0
0	0
0	0
0	0
0	0
0	0
0	0
0	0
0	0
0	0
0	0
0	0
0	0
0	0
0	0
0	0
0	0
0	0
0	0
0	0
0	0
0	0
0	0
0	0
0	0
0	0
0	0
0	0
0	0
0	0
0	0
0	0
0	0
0	0
0	0
0	0
0	0
0	0
0	0
0	0
0	0
0	0
0	0
0	0
0	0
0	0
0	0
0	0
0	0
0	0
0	0
0	0
0	0
0	0
0	0
0	0
0	0
0	0
0	0
0	0
0	0
0	0
0	0
0	0
0	0
0	0
0	0
0	0
0	0
0	0
0	0
0	0
0	0
0	0
0	0
0	0
0	0
0	0
0	0
0	0
0	0
0	0
0	0
0	0
0	0
0	0
0	0
0	0
0	0
0	0
0	0
0	0
0	0
0	0
0	0
0	0
0	0
0	0
0	0
0	0
0	0
0	0
0	0
0	0
0	0
0	0
0	0
0	0
0	0
0	0
0	0
0	0
0	0
0	0
0	0
0	0
0	0
0	0
0	0
0	0
0	0
0	0
0	0
0	0
0	0
0	0
0	0
0	0
0	0
0	0
0	0
0	0
0	0
0	0
0	0
0	0
0	0
0	0
0	0
0	0
0	0
0	0
0	0
0	0
0	0
0	0
0	0
0	0
0	0
0	0
0	0
0	0
0	0
0	0
0	0
0	0
0	0
0	0
0	0
0	0
0	0
0	0
0	0
0	0
0	0
0	0
0	0
0	0
0	0
0	0
0	0
0	0
0	0
0	0
0	0
0	0
0	0
0	0
0	0
0	0
0	0
0	0
0	0
0	0
0	0
0	0
0	0
0	0
0	0
0	0
0	0
0	0
0	0
0	0
0	0
0	0
0	0
0	0
0	0
0	0
0	0
0	0
0	0
0	0
0	0
0	0
0	0
0	0
0	0
0	0
0	0
0	0
0	0
0	0
0	0
0	0
0	0
0	0
0	0
0	0
0	0
0	0
0	0
0	0
0	0
0	0
0	0
0	0
0	0
0	0
0	0
0	0
0	0
0	0
0	0
0	0
0	0
0	0
0	0
0	0
0	0
0	0
0	0
0	0
0	0
0	0
0	0
0	0
0	0
0	0
0	0
0	0
0	0
0	0
0	0
0	0
0	0
0	0
0	0
0	0
0	0
0	0
0	0
0	0
0	0
0	0
0	0
0	0
0	0
0	0
0	0
0	0
0	0
0	0
0	0
0	0
0	0
0	0
0	0
0	0
0	0
0	0
0	0
0	0
0	0
0	0
0	0
0	0
0	0
0	0
0	0
0	0
0	0
0	0
0	0
0	0
0	0
0	0
0	0
0	0
0	0
0	0
0	0
0	0
0	0
0	0
0	0
0	0
0	0
0	0
0	0
0	0
0	0
0	0
0	0
0	0
0	0
0	0
0	0
0	0
0	0
0	0
0	0
0	0
0	0
0	0
8208	367
679	73
6762	714
7568	6361
34	1808
19	1529
8	15801
20	22494
529	0
2	15399
9070	17003
4607	89
7506	0
0	0
0	71
0	74
0	62
2	91
0	11
0	7
0	39
0	79
0	57
0	25
0	40
0	36
548	398
0	192
0	108
1	75
0	113
48	4
0	130
0	79
0	127
10	79
7	129
0	19
0	3
0	14
0	33
0	54
0	54
2	20
0	8
9	48
0	13
0	19
0	130
0	0
0	0
0	0
0	0
94	205
44	5
0	49
1	204
0	44
0	27
0	29
0	115
1	108
2	0
87	1125
39	1125
47	83
1	13
0	7
0	22
2	8
1	27
0	44
0	4
0	132
0	60
0	8
2	132
0	140
1	143
0	112
0	130
0	117
0	25
1	7
0	9
0	46
1	99
1	63
0	53
0	30
0	0
2214	19
95	735
1	683
2	697
1	4
0	3
0	0
0	0
0	3
0	0
0	1
5	1
0	1
0	1
0	0
0	0
2	300
20	346
4	102
1	0
0	30
0	78
0	15
0	15
0	13
0	9
0	7
5	1
3	2
0	684
0	612
0	487
0	120
0	13
0	12
0	13
1	13
1	5
5	6
4	0
0	0
0	0
0	0
0	10
3	10
0	6
0	10
0	0
0	0
7	172
14	163
0	27
0	2
4	75
6	8
0	0
9	842
0	842
10	630
28	20
5	105
0	428
1	35
0	5
1	50
1	43
0	32
2	41
4	41
0	0
0	36
0	32
3	32
0	3
0	32
0	4
0	10
0	4
0	2
0	6
0	3
0	31
0	0
7	14
0	3
0	11
0	14
7	0
0	0
0	0
0	0
0	0
0	0
0	0
0	6
0	9
0	9
0	9
0	11
0	6
0	0
0	6
0	6
0	2
0	5
0	2
0	2
0	0
0	0
0	0
0	1
0	1
0	0
0	0
0	0
0	0
0	0
0	0
0	0
0	0
0	0
0	0
0	0
15	1
0	0
0	0
0	1
0	0
0	1
0	1
0	0
41	253
18	107
4	45
20	204
0	182
0	43
0	39
1	70
0	63
4	10
0	38
1	69
219	125
3	3
5	122
0	13
134	13
0	0
0	0
0	0
1	0
34	199
0	55
2	38
52	127
2	43
2	0
2	0
12	20
0	9
0	0
0	20
72	8
0	8
0	466
0	72
0	95
2	128
26	467
0	87
2	63
0	227
0	222
1	119
3	97
26	192
0	31
0	31
0	24
2	0
3	114
0	114
0	12
1	0
4	38
0	28
2	38
3	0
0	5
0	1
0	4
16	1526
39	1517
0	0
13	461
11	224
6	41
0	0
3	1
0	23
0	16
0	221
0	13
0	127
0	9
0	9
0	0
0	0
0	0
0	0
0	0
0	0
0	0
0	0
0	0
0	0
0	0
0	0
0	85
1	85
0	77
0	0
0	3
0	1
0	3
0	3
0	3
0	1
0	1
0	1
0	1
0	1
0	1
0	0
0	0
0	0
11	32
0	0
0	5
0	1
0	27
0	1
0	0
0	6
0	1
0	1
0	0
0	0
0	56
0	55
0	56
0	2
0	0
0	5
0	0
0	0
0	0
0	0
0	0
0	0
0	0
0	0
91	48
0	6
0	48
2	31
3	531
0	56
0	50
0	8
0	21
0	532
0	0
1	24
0	24
1	59
0	59
0	13
0	9
0	0
0	0
0	0
0	3
0	9
0	0
0	9
0	187
0	0
1	171
0	188
3	165
3	0
23	0
72	0
29	4
1	6
0	6
0	0
0	250
0	0
0	18
0	15
0	250
0	18
0	251
0	0
1	0
224	200
0	88
3	63
14	49
214	72
0	18
0	55
0	49
31	59
0	47
0	1
1	21
1	2
1	1
0	13
129	544
0	85
0	537
0	346
2	195
0	351
0	4
0	82
0	70
0	83
1	69
0	12
0	45
1	45
0	45
0	45
0	34
0	42
1	31
0	0
0	22
0	67
0	43
0	41
2	31
1	188
6	188
0	188
0	183
7	0
78	33
6	24
0	33
0	1
0	0
0	0
0	0
0	0
0	0
0	0
0	0
0	0
134	42
0	42
7	5
8	41
3	7
0	9
0	34
0	65
1	10
10	75
0	66
3	28
4	0
0	0
0	0
2	181
0	182
0	106
0	60
0	98
0	95
9	89
3	72
0	60
0	0
57	17
0	17
3	8
0	0
0	0
0	0
0	0
1	31
0	29
0	4
0	28
0	23
4	0
1	7
4	11
0	15
1	1
40	5
2	10
0	4
7	1
0	16
1	0
0	433
6	38
0	10
0	35
0	10
0	21
0	432
0	0
0	0
0	3
0	3
0	0
0	0
0	0
0	0
0	0
0	0
0	0
0	0
0	0
0	0
0	0
0	0
0	269
2	148
0	206
0	177
0	72
0	81
0	64
0	177
0	223
12	64
0	114
1	225
22	219
1	173
5	46
0	60
0	47
0	167
0	18
0	39
0	59
0	269
1	15
0	16
0	5
0	0
0	0
0	0
0	4
0	5
0	0
323	69
3	69
7	1
3	0
0	0
98	1527
0	1581
3	1506
0	122
4	69
0	35
0	0
9	684
0	295
3	354
0	418
0	307
14	4
32	243
4	119
1	80
0	146
0	38
6	2
0	14
0	92
3	11
0	12
0	12
0	13
0	13
0	230
0	0
0	0
0	0
0	0
0	0
0	0
38	184
26	154
2	27
7	33
0	33
0	30
3	22
0	0
7	8
0	2
0	0
12	12
0	10
0	4
0	4
1	0
398	472
6	472
773	4653
0	2189
0	1209
93	3314
7	2067
0	0
19	1406
42	79
4	522
2	229
0	186
42	0
1	58
1	822
0	93
8	46
3	96
5	15
16	0
91	50
0	50
1	0
0	3
0	0
69	153
7	78
0	107
1	183
0	135
0	180
0	83
0	9
3	26
1	0
0	180
0	179
7	169
0	135
1	150
0	163
0	13
0	23
0	149
0	0
0	0
0	0
0	0
0	0
4	33
0	0
0	18
0	11
0	16
0	5
0	5
0	0
0	4
7	324
0	499
1	26
0	32
182	511
3	286
0	44
1	9
0	117
6	58
0	21
3	12
11	0
14	16
0	56
0	27
0	165
0	25
343	3
1	3
1	37
0	2
0	4
0	7
5	3
0	8
0	6
4	27
0	16
0	0
0	0
0	0
0	0
0	0
0	0
0	24
0	44
0	44
0	20
7	687
0	713
2	702
3	58
0	113
0	694
1346	54
18	28
0	23
1	26
2	1
5	557
1	957
0	15
2	960
7	171
1	413
35	944
7	960
1	23
0	1
1	1
0	0
44	184
5	181
1	8
319	136
0	32
0	44
0	60
0	0
1	1
0	0
0	1
0	3
0	3
0	0
0	0
0	0
493	671
2	670
0	75
0	5
0	28
8	91
0	139
0	140
0	15
0	15
0	6
0	140
3	0
28	7242
13	3006
21	7390
0	140
121	173
1	146
1	114
25	152
0	20
0	8
1	43
1	12
0	78
0	0
0	0
5	91
0	432
0	29
0	20
0	91
104	0
0	111
3	195
24	32
2	23
4	94
0	380
1	451
0	441
0	428
0	436
0	216
564	0
0	0
0	0
0	0
0	0
0	0
0	0
0	0
2	6
0	6
0	2
0	2
0	0
1	152
17	6
0	6
0	0
0	0
0	0
0	0
0	43
0	4
0	6
0	24
0	19
0	24
0	31
0	1
0	0
0	17
0	14
0	15
5	0
0	0
0	111
24	305
0	305
0	1367
13	1262
0	744
0	166
0	114
9	117
1	44
1	56
0	1367
133	87
0	14
7	24
0	18
0	18
0	30
1	28
0	19
0	13
0	5
1	679
0	665
0	101
10	244
25	541
0	133
0	78
0	53
0	141
0	38
0	76
36	283
1	81
1	92
0	81
0	212
1	33
0	37
0	33
52	0
44	99
1	8
1	38
2	3
1	11
2	36
0	13
1	12
0	3
44	29
0	29
0	6
0	0
0	95
1	77
0	58
0	16
0	16
0	31
0	3
0	8
1	16
0	81
0	24
4	24
0	0
1	0
0	0
0	0
0	0
0	0
0	0
0	0
0	0
0	0
0	0
0	0
0	0
0	0
0	0
0	0
0	0
0	0
0	0
0	12
0	24
5	20
0	10
0	24
0	10
0	19
0	11
0	16
0	10
1	3
0	1
0	2
0	1
0	31
5	31
139	31
33	30
0	20
0	21
107	79
0	26
0	57
0	0
0	0
0	0
0	0
0	0
0	31
0	28
3	128
0	139
10	2
0	94
2	27
0	1
0	2
0	1
0	1
0	1
0	1
0	1
0	1
0	0
0	0
0	1
0	1
0	1
0	0
0	0
5	1
0	1
15	0
0	0
0	0
0	0
0	0
0	0
0	0
0	0
0	0
0	0
0	0
0	0
0	0
10	192
9	202
7	77
0	3
0	14
4	13
0	2
3	10
11	315
1	315
2	97
2	0
3	8
306	264
18	76
0	187
0	59
6	82
0	0
0	0
5077	233
0	231
2	119
1	119
3	58
2	35
0	27
9	5
0	8
0	5
0	4
0	1
0	5
5	322
0	44
3	139
3	152
0	149
2	54
0	24
0	32
0	17
6	2
0	27
0	37
42	110
0	49
0	26
0	11
0	133
0	3
0	6
1	2
0	6
0	5
0	6
0	5
0	74
0	134
0	43
1	238
1	102
2	14
0	14
0	113
0	29
0	62
1	37
0	104
0	0
0	0
0	0
0	0
0	0
0	0
0	5
0	2
0	0
0	9
0	0
0	0
0	9
0	0
0	0
0	0
0	4
0	0
0	9
0	0
0	0
0	0
0	0
1	64
34	64
141	111
0	40
0	25
1	23
1	23
0	23
38	22
4	10
0	0
0	0
0	131
0	114
8	58
0	131
0	130
0	0
0	0
0	55
0	39
0	46
0	34
3	16
0	2
0	3
0	2
0	0
0	3
0	0
0	3
0	3
2	290
20	260
0	132
2	22
0	35
0	91
4	30
1	42
0	55
43	3186
5	3186
0	132
12	112
3	14
0	0
0	80
3	89
0	87
0	14
3	11
32	0
0	116
0	109
0	127
0	42
0	13
0	107
0	14
0	48
0	51
1	25
0	42
0	40
0	14
0	18
0	10
2	43
0	43
0	43
11	9
0	2
0	0
0	0
0	0
0	0
0	0
0	0
108	0
0	5
0	0
0	0
0	7
0	7
0	0
0	5
0	0
0	0
10	1
0	0
0	1
0	0
0	0
1	60
0	71
0	73
1	50
0	32
3	13
0	0
0	510
1	10
5	500
0	52
0	59
5	3
12	368
14	59
16	12
5	55
11	5
0	37
1	131
0	127
0	130
10	10
0	134
0	117
7	27
0	42
0	69
4	21
0	49
0	30
22	52
328	81
4	81
0	112
0	45
3	27
5	112
67	3
0	3
0	3
5	417
0	421
17	92
0	83
0	96
0	38
2	77
27	194
37	55
9	33
0	138
0	50
1	130
0	648
5	646
0	168
5	168
5	168
6	11
0	0
0	0
0	0
0	0
0	0
0	0
0	0
0	0
0	0
0	0
0	0
0	1
0	1
0	1
1	2
0	1
141	309
0	216
0	33
0	57
0	32
1	10
0	18
0	8
1	8
0	104
0	131
0	130
0	121
0	18
0	43
51	50
0	0
0	0
0	0
0	0
0	0
0	343
5	6
0	343
0	8
0	8
0	45
0	8
0	3
0	1
0	45
0	6
3	210
1	210
0	16
0	15
0	27
2	143
0	35
0	32
1	158
0	2
0	2
116	9
3	22
0	22
6	0
0	15
0	22
17	15
0	185
1	203
43	5
3	15
0	203
0	0
0	0
0	2
3	2
41	116
0	46
0	70
0	39
0	16
0	6
0	6
0	96
298	261
2	127
1	38
0	41
76	869
1	0
0	735
0	350
0	869
68	0
0	0
0	0
0	0
0	0
0	0
0	0
0	164
1	99
0	106
0	168
0	0
0	0
0	143
0	16
9	8
0	143
0	27
9	77
1	23
0	38
1	41
8	9
0	8
10	32
0	32
0	0
0	0
0	0
0	0
0	28
0	3631
1	3610
0	1556
0	273
0	18
8	38
56	0
0	1
0	47
0	7
1	151
0	69
0	50
0	132
3	151
0	0
0	33
0	9
0	40
3	36
4	30
0	68
0	380
0	398
1	394
0	31
0	196
0	50
0	56
2	175
0	76
3	20
0	133
0	110
0	42
0	98
0	87
0	60
0	50
8	13
0	13
0	1
0	0
1	48
2	16
0	10
2	53
2	103
3	32
1	108
4	18
0	7
0	56
0	40
14	30
2	6
0	60
4	3
0	503
6	527
0	34
0	0
0	5
0	5
0	9
0	22
0	10
0	21
0	0
0	0
0	0
6	0
0	0
0	0
0	0
0	0
0	0
0	0
0	0
12	0
0	1
0	0
0	1
0	0
0	0
0	0
0	6
2	12
0	20
0	103
1	31
62	97
0	112
0	5
1	4
0	84
0	104
0	53
1	100
0	112
1	53
0	96
1	129
0	287
0	71
0	39
7	248
3	87
0	327
0	295
1	48
0	25
0	50
0	71
0	99
4	61
8	149
5	160
2	65
1	21
0	38
0	15
1	26
3	106
4	41
0	118
2	11
0	23
2	50
0	45
18	88
0	97
0	2
6	84
0	10
0	1
127	114
0	0
0	0
0	0
0	0
1	38
1	0
1	33
12	268
0	84
4	289
158	288
0	1
0	0
0	2
0	16
1	1
0	1
10	17
1	62
1	132
0	97
227	0
0	6
0	22
1	14
0	40
2	152
55	152
7	75
9	46
0	2
0	0
0	6
25	8
0	6
0	8
0	7
14	12
1	2
11	1
0	4
0	3
0	13
0	7
0	12
30	13
0	78
455	78
56	0
2	18
0	34
0	25
0	36
0	86
4	89
0	14
0	62
2	25
0	60
0	20
0	42
0	62
0	2
0	0
0	0
0	0
0	0
1	0
0	0
0	7
0	10
0	11
6	9
1	7
2	67
8	162
0	45
20	528
71	602
1	315
2	66
878	0
0	0
0	0
0	0
0	64
184	64
195	421
0	420
2	30
3	194
2	45
0	0
0	0
0	63
12	63
0	2
2	61
1	59
0	14
0	62
0	64
0	63
10	87
1393	87
9	158
4	0
242	252
2	108
0	64
0	34
2	47
0	19
0	7
0	26
0	24
1	4
0	4
2	0
1	59
0	69
0	51
18	92
0	11
1	9
0	13
0	9
0	12
0	15
0	59
1	19
0	11
1	7
0	30
0	7
0	10
0	3
0	2
17	2
2	26
6	84
2	94
0	0
4	0
129	40
1	40
0	0
0	0
1	0
0	54
0	57
0	57
0	54
0	46
0	54
1	34
0	1
1	5
0	6
0	59
0	0
0	1
0	0
0	0
0	1
0	1
0	1
0	0
0	0
0	0
0	435
3	526
2	1013
18	1108
245	0
3	43
0	43
1182	384
0	282
4	24
18	12
20	14
0	96
1	74
2	80
1	148
1	74
0	25
0	33
0	18
0	5
0	0
0	0
0	0
0	0
0	0
0	0
0	0
0	0
0	0
0	0
124	0
224	0
0	58
0	61
0	61
0	37
0	46
0	46
12	32
2	9
0	0
0	0
0	0
0	4
0	1
0	8
0	4
0	4
0	3
0	3
0	3
0	4
0	0
0	0
0	4
0	0
0	0
0	0
0	0
0	0
0	0
0	0
0	0
0	0
88	26
0	26
0	98
0	105
0	96
0	98
0	102
0	95
0	91
2	101
0	104
0	57
0	64
0	14
0	2
0	0
14	0
0	0
0	519
0	543
11	483
0	510
0	511
19	153
0	537
1	258
41	335
3	31
0	314
5	32
3	0
13	265
0	29
1	117
0	105
0	54
0	0
0	0
0	0
0	0
0	0
0	0
0	0
0	0
0	0
2	523
0	466
0	517
4	74
0	88
0	89
0	83
0	0
0	0
0	0
0	0
0	32
0	32
0	20
0	14
0	108
0	15
11	321
61	429
0	433
1246	1206
3	275
0	104
1	209
0	217
4	185
5	373
44	122
0	168
3	32
26	32
0	9
3	0
0	0
27	742
19	314
1	702
0	619
3	29
0	0
0	0
0	0
0	34
0	18
0	14
0	13
0	15
5	19
84	19
0	13
296	75
0	39
0	50
4	25
0	0
0	1
0	1
0	1
0	128
0	159
0	151
0	15
0	24
3	26
0	0
2	0
0	1
0	16
3	0
0	0
1	402
4	500
0	487
0	501
0	505
0	491
0	63
0	376
0	369
0	35
1	47
0	10
0	15
11	24
5	9
0	46
0	48
48	25
7	28
0	495
0	503
37	125
1	98
4	82
225	0
0	220
0	203
0	49
0	156
0	101
0	151
0	149
4	0
0	3
5	3
0	3
0	0
0	0
0	0
49	148
0	116
0	25
18	0
0	55
30	109
0	9
0	36
0	139
0	0
0	0
0	4
0	4
0	0
0	0
1	4
0	4
84	492
0	176
0	152
0	400
0	17
0	24
0	32
67	161
1	29
9	66
0	10
0	3
0	3
0	3
0	3
0	1
0	0
0	3
0	3
0	149
0	142
0	115
0	135
0	133
13	61
1	58
0	62
0	43
0	33
0	110
4	82
0	63
0	106
5	10
0	0
7	0
1	51
0	51
2	0
0	0
0	0
0	0
0	1
0	1
0	1
0	0
46	666
10	666
0	112
1	20
0	0
0	0
0	0
0	3
51	36
0	35
0	0
0	21
0	36
0	0
0	0
0	26
0	63
0	62
0	48
0	7
3	0
12	263
2	43
0	44
0	106
2	220
5	82
808	960
26	124
39	364
0	464
0	406
0	262
0	250
1	56
0	0
0	0
0	0
0	0
0	0
0	0
0	0
0	0
0	0
0	0
0	0
0	0
0	0
0	103
0	106
1	95
0	96
0	46
0	17
0	3
0	0
0	10
2	5
0	0
0	0
0	0
0	0
0	0
0	619
0	1466
0	1355
8	46
0	80
0	1014
0	130
0	619
0	267
2	85
0	1438
0	398
0	464
2	376
0	1438
21	12
0	2
0	10
0	0
0	0
1	15
1	3
0	11
0	3
0	15
0	3
0	11
0	49
0	18
0	33
0	25
0	46
0	39
0	12
0	22
0	47
0	41
0	37
0	38
0	2
0	2
0	1
0	5
1	78
0	76
0	78
3	0
0	66
4	72
0	78
1	3
0	8
0	71
0	5
9	11
0	25
0	24
0	1
0	14
0	16
0	20
0	14
0	22
0	17
0	10
0	5
0	10
0	0
0	0
0	2
0	11
0	5
0	2
0	5
0	8
14	0
0	0
0	0
0	333
0	1
1	334
0	1
0	1
0	78
0	18
0	59
0	24
0	73
0	23
0	106
0	76
0	50
4	29
1	33
0	21
5	19
4	2
0	14
0	17
0	17
0	14
0	2
0	6
0	0
96	0
0	368
1	329
1	351
3	478
0	536
0	0
0	0
0	0
0	0
0	53
0	48
0	51
1	6
2	4
0	53
0	36
10	246
1	241
0	219
6	8
12	0
0	22
0	22
0	21
2	21
0	21
0	5
0	10
212	185
0	110
0	18
0	18
0	0
0	23
0	15
0	25
0	13
0	23
0	19
0	9
0	0
0	0
0	0
0	1
0	0
0	0
0	1
0	1
0	0
0	1
18	4
115	350
0	3
4	348
0	59
2	45
15	6
3	64
0	87
0	87
0	87
0	5
0	42
0	8
0	8
0	6
0	4
0	87
0	86
0	33
0	6
0	0
0	33
0	0
0	10
0	16
0	1
0	1370
2	1283
14	811
0	945
73	108
0	1361
15	1364
0	213
2	105
1	287
0	745
1	189
1	213
6	3
5	2
0	2
104	23
0	29
0	557
0	8
0	558
14	114
0	8
0	112
0	0
0	1
0	0
0	9
0	9
0	12
0	2
0	0
1	12
0	0
0	0
0	0
0	0
0	0
0	192
1	212
5	97
2	52
9	79
0	46
2	67
0	56
7	25
23	46
0	38
2	97
0	33
0	20
0	68
0	18
4	71
88	277
0	182
0	27
1	30
0	37
0	3
0	16
0	0
0	0
0	0
0	4
0	16
0	85
0	83
0	65
3	67
0	7
2	8
0	8
137	288
0	288
0	26
0	135
2	134
0	24
0	9
0	4
0	38
1	14
0	1
0	13
0	5
0	1
1	0
0	0
1	131
0	99
0	138
0	129
0	9
0	57
1	14
0	13
0	0
0	0
0	0
0	0
0	0
0	403
25	416
2	172
0	359
0	27
1	45
6	135
0	24
1	49
0	45
4	43
0	49
2	40
0	0
0	6
0	2
0	0
738	63
0	33
1	30
1	49
275	142
2	13
0	80
0	0
0	0
0	0
0	22
57	0
1	0
9	0
0	68
0	34
0	1
0	1
8	34
0	25
0	33
0	8
33	66
0	18
1	4
4	44
0	54
0	27
2	59
0	54
0	6
0	7
1	6
0	41
0	4
4	46
4	46
0	5
0	8
0	13
0	5
0	2
0	13
0	13
0	13
1	16
0	5
0	5
0	13
0	14
0	7
0	5
0	5
0	1
0	12
86	65
0	35
5	15
0	11
0	50
0	40
8	56
0	22
0	32
0	44
0	17
0	50
81	3
0	0
0	3
0	0
0	0
0	5
4	22
87	51
0	34
0	28
0	25
0	0
0	0
0	0
1	134
12	385
21	395
0	286
0	104
23	58
0	417
1036	0
0	0
0	1
0	1
0	1
0	1
0	0
0	0
0	1
148	0
5	48
0	48
1	42
2	29
0	25
0	16
4	18
1	8
0	11
0	12
0	2
0	2
0	0
0	0
0	0
0	0
0	0
0	0
0	0
0	0
0	0
0	0
0	0
0	0
0	0
0	0
0	0
0	0
0	0
0	0
0	0
0	0
29	33
0	22
0	10
0	40
4	333
0	281
0	9
18	212
0	43
1	36
0	64
0	43
0	0
0	0
0	0
0	0
0	0
0	0
0	0
0	0
0	0
0	0
0	0
224	906
46	795
0	234
11	423
8	0
64	86
0	82
1	82
0	4
0	0
0	531
0	550
0	53
0	40
0	72
0	49
0	35
0	14
0	0
0	0
0	0
0	0
0	0
0	0
0	0
0	0
0	0
0	0
0	0
0	0
0	0
0	0
0	0
0	0
3	457
5	421
0	504
0	164
0	204
0	165
0	15
281	148
28	149
13	10
0	270
4	266
2	263
3	3
10	24
0	24
2	29
2	32
0	10
0	6
0	5
3	4
0	0
0	0
0	0
0	0
0	283
0	280
0	89
0	33
0	32
82	70
1	69
0	0
30	1
0	59
0	65
0	59
0	65
0	64
0	54
161	543
0	549
1	0
15	439
0	61
6	37
408	86
9	86
2	18
0	115
2	110
0	115
0	6
2	2
0	1
0	1
0	1
0	0
0	0
0	0
0	0
0	0
0	0
0	115
0	35
0	122
0	37
0	29
0	48
0	135
0	122
0	138
0	137
0	21
0	32
0	11
0	12
0	5
0	33
21	127
0	34
3	107
0	25
0	0
0	0
0	40
0	20
0	20
0	20
0	38
0	17
0	39
0	12
0	20
0	7
0	3
0	6
0	9
0	9
0	8
0	7
0	7
0	6
0	4
0	12
0	38
0	0
0	0
0	0
0	0
483	103
0	70
0	28
8	67
0	393
361	391
70	196
0	180
0	188
3	9
10	9
2	95
0	93
4	19
0	4
0	14
0	0
0	0
6	229
0	189
0	19
0	208
0	215
2	16
0	145
0	19
0	189
1	9
0	9
0	35
0	229
3	101
0	97
0	42
0	0
0	0
0	0
2	42
0	42
0	41
0	42
4	25
1	25
0	25
0	25
0	3
0	0
0	0
0	0
0	0
1	19
0	1
0	0
0	19
0	0
0	0
80	0
2	64
1	47
0	60
0	44
0	60
0	53
0	54
0	53
2	35
0	24
0	18
5	2
25	15
0	5
0	10
0	3
0	2
0	4
0	120
0	116
0	15
0	19
0	15
0	12
4	9
0	0
0	0
0	0
0	0
0	0
0	241
0	252
0	86
0	19
0	241
5	154
3	154
0	3
22	108
0	23
1	12
0	8
4	11
0	1
0	0
0	42
0	0
0	0
0	0
0	0
0	0
0	0
64	40
0	183
6	537
14	448
6	84
0	84
0	21
0	3
0	3
0	32
0	32
0	3
0	3
15	24
0	32
0	32
0	21
0	0
0	0
0	0
0	0
0	4
0	0
0	4
0	0
0	0
0	4
7	9
0	8
2	9
0	8
0	5
0	2
0	0
0	141
5	146
0	131
0	126
0	127
0	45
6	32
0	75
0	14
0	65
4	14
0	14
0	4
9	3769
31	3768
3	3768
1	3768
0	3768
0	3768
0	3768
0	3768
6	1246
0	780
0	593
0	552
0	561
0	519
0	2
0	2
0	0
0	3717
0	3749
0	3749
0	3771
0	3708
0	1
0	0
0	0
0	0
0	0
0	0
0	0
0	1
25	104
1269	556
29	255
0	541
0	281
0	78
0	0
0	0
0	0
0	0
0	1350
489	954
0	1740
82	497
0	1405
0	1266
1	12
0	294
4	706
0	1779
122	0
78	304
0	287
0	17
120	12
0	12
91	155
2	9
0	146
8	33
0	0
0	33
0	9
0	0
0	0
0	0
0	0
0	0
0	0
0	0
0	0
2	358
0	308
0	286
0	45
0	47
7	92
0	103
1	103
4	111
1	0
2	132
0	11
0	9
0	240
0	1
0	1
0	0
0	0
0	0
0	0
0	1
0	60
42	141
0	65
3	62
0	100
0	0
0	0
0	0
0	0
0	0
0	0
0	0
0	0
0	0
2	733
0	780
11	732
0	756
0	89
0	104
0	230
1	46
0	132
0	67
0	25
3	90
2	98
9	224
0	224
0	0
0	0
0	0
0	0
0	0
629	151
10	52
0	99
0	0
261	24
0	24
0	428
2	424
10	38
2	22
10	9
0	1
0	1318
27	1241
28	1277
20	1216
36	1127
0	57
6	486
0	316
4	24
21	247
27	195
0	82
4	32
0	1
0	247
0	0
0	0
0	0
0	0
0	139
1	65
3	8
11	117
0	0
0	0
0	1
0	1
0	1
0	0
0	0
0	266
0	266
5	29
12	92
0	0
0	0
0	0
0	0
10	114
15	114
1	18
3	9
0	64
2	0
0	0
0	0
0	859
8	871
0	356
0	233
0	415
0	201
0	251
0	235
12	76
0	151
9	116
1	31
37	21
0	234
1	6
0	9
0	234
2	79
0	6
1	54
0	66
0	0
0	0
0	0
0	0
0	3
0	3
0	0
0	0
0	0
0	0
5	47
0	50
0	15
0	20
3	8
0	0
0	0
0	0
0	0
0	0
0	0
0	0
0	0
2	59
0	53
1	16
0	59
0	0
0	0
58	0
13	57
2	57
0	47
0	0
0	0
0	0
6	268
11	268
1	204
0	0
0	0
0	0
0	28
5	10
0	30
1	4
0	2
0	9
0	0
5	1
1	2
0	0
0	0
0	0
0	0
0	0
0	0
277	155
0	16
0	115
3	48
3	21
0	0
31	0
0	0
0	0
0	0
0	0
0	0
0	0
0	0
94	14
0	14
3	2
0	0
0	0
0	0
0	0
0	0
0	0
139	54
0	36
2	0
0	0
209	0
0	0
0	0
0	0
0	0
0	0
0	0
0	0
44	324
0	313
0	136
0	16
10	83
0	0
0	1
0	0
0	1
0	1
0	0
0	0
0	0
0	0
0	0
0	0
0	0
0	0
0	0
0	0
0	0
11	0
1	0
0	0
0	0
0	0
98	1548
2	1548
2	65
1	0
0	0
0	0
0	0
0	0
0	0
7	456
10	370
0	309
0	353
0	60
0	63
169	555
7	1794
0	1710
0	158
6	153
21	1
0	0
0	0
0	0
0	0
1	1
2	0
0	0
13	0
0	0
0	0
0	0
0	43
0	0
0	0
0	0
0	0
0	0
0	0
0	0
0	0
0	0
1	228
0	228
0	122
0	170
0	105
0	113
2	8
0	16
3	0
0	44
2	11
2	25
0	0
0	13
0	199
0	191
0	144
17	139
0	113
2	0
0	30
0	7
2	1
0	144
0	1
0	1
0	1
0	0
0	0
0	3
0	5
0	5
0	0
0	639
0	618
1	611
0	632
0	96
0	35
6	83
0	0
0	45
0	46
0	47
0	46
0	47
0	46
0	46
0	47
0	47
0	46
0	3
0	8
1	1
1	0
0	33
0	47
0	63
0	63
15	31
54	3
0	0
3	3
3	21
0	11
1	6
0	2
0	1
0	13
28	13
0	6
0	0
0	0
0	0
0	43
0	42
0	40
0	42
0	43
0	42
0	44
0	41
0	1
106	0
0	99
3	74
3	25
1	92
0	68
0	7
1	7
3	13
0	17
3	20
0	2
0	0
1	44
0	43
13	173
0	148
0	121
0	186
0	114
0	85
11	31
0	34
0	18
0	49
0	25
0	1
8	25
0	22
0	15
8	2
0	11
2	21
1	34
3	27
0	0
1	0
2	0
1	103
0	60
0	1
0	44
0	17
0	37
0	88
0	0
0	0
0	0
0	0
0	0
0	0
174	162
0	149
0	33
0	12
0	0
0	35
0	95
0	87
0	96
0	95
0	1
47	237
0	100
0	47
0	237
6	196
0	69
0	98
0	190
0	170
1	70
0	52
37	2
0	1
0	1
1	0
33	199
2	7
0	181
43	169
0	169
0	0
0	25
0	25
0	33
13	9
0	14
38	0
3	0
0	0
0	0
0	0
0	0
0	0
0	143
2	32
0	159
7	100
0	162
6	0
1	0
0	0
0	0
0	0
0	0
0	0
0	0
0	0
0	0
0	0
0	0
1	58
0	57
5	54
1	39
0	2
0	25
0	51
0	5
0	2
8	5
0	4
0	3
0	3
0	0
0	0
0	0
0	0
0	0
0	0
0	2
0	2
0	2
0	0
0	0
0	0
0	2
0	0
0	0
0	0
0	0
0	0
0	0
0	2
0	2
0	2
86	72
0	68
0	21
0	8
35	22
0	22
1	10
0	0
0	0
0	0
0	0
0	0
0	0
0	0
0	0
0	0
0	0
0	37
0	36
0	2
0	36
0	3
0	3
0	0
0	6
0	0
1	11
0	4
0	4
0	0
0	12
0	36
1	489
0	37
6	537
0	408
0	495
11	334
0	484
0	39
0	40
3	81
0	21
2	102
111	25
0	25
0	2
0	2
0	0
0	0
0	0
0	4
62	3
0	4
0	1
0	1
0	1
2	1
0	1
0	1
0	0
0	0
0	235
1	186
30	269
0	4
0	74
0	49
0	22
0	7
0	6
9	78
0	72
1	60
2	7
0	1506
1	306
0	465
0	1008
3	94
9	67
0	88
0	57
0	168
0	52
0	178
4	54
0	1409
0	1534
0	1460
0	9
0	11
0	11
0	4
0	82
5	80
0	7
0	36
0	56
0	77
0	2
0	31
0	45
0	82
0	298
157	466
0	435
0	34
1	79
0	5
0	5
7	8
0	8
0	0
4	62
0	83
0	69
0	93
0	472
5	411
0	257
0	451
1	12
0	248
0	2
0	22
0	2
0	443
0	81
0	237
0	33
0	458
0	121
0	70
0	28
1	25
7	121
0	1
0	1
0	0
0	0
0	0
0	0
23	0
17	2
0	0
0	0
0	0
0	0
1	4
0	3
0	4
0	0
8	85
0	85
0	31
0	26
0	55
0	63
1	5
0	10
0	61
0	8
0	8
0	2
0	3
0	1
0	2
0	0
0	2
0	2
0	8
0	3652
16	3652
2	427
0	987
0	1064
0	114
0	0
0	0
0	0
16	17
0	1
0	2
1	2
0	0
0	0
7	3012
2	2924
10	1739
5	1496
0	1188
1	1087
0	2989
72	75
0	16
0	29
3	10
0	10
1	4
0	6
0	5
0	21
77	0
0	404
0	222
0	403
0	17
0	15
0	21
102	0
1	1305
0	1531
0	394
2	283
1	27
5	65
0	292
0	227
0	60
0	21
74	20
23	133
0	0
1	0
16	14
2	14
0	15
0	9
0	6
0	6
139	529
19	118
0	138
0	419
1	119
5	464
0	450
1	4
0	95
0	305
40	674
1	667
0	34
0	69
0	0
0	0
0	427
0	433
0	18
21	31
24	436
0	22
0	132
0	136
0	28
3	24
1	5
0	18
0	55
15	23
6	32
0	26
0	244
0	244
3	4
0	14
0	99
0	95
4	4
3	11
0	4
0	16
0	1
110	41
0	41
0	21
0	50
0	39
2	50
0	0
2	0
0	316
0	337
12	229
31	96
14	64
56	6
0	0
0	0
3	85
2	47
0	86
0	14
0	11
0	3
13	1540
87	1525
0	858
0	142
0	99
0	85
0	18
0	66
0	52
0	16
0	0
12	38
103	61
6	39
3	11
0	0
0	0
0	0
42	333
0	328
7	168
0	190
2	268
21	1
1	117
0	104
0	10
1	0
0	0
0	0
0	138
0	580
0	599
0	281
0	97
0	173
0	41
144	1002
0	951
0	89
0	59
7	58
2	368
1	107
5	110
0	74
0	58
0	45
8	4
2	7
2	1
28	46
0	41
0	37
25	1
0	7
0	43
0	0
0	0
0	0
0	0
0	0
0	0
0	0
0	0
0	0
0	0
0	0
0	0
92	68
4	68
0	59
0	240
0	237
1	58
0	116
1	220
0	41
0	40
9	5
10	27
0	23
5	28
0	8
0	8
0	240
0	56
0	50
0	45
0	41
0	31
0	32
0	32
0	30
0	21
0	19
0	5
0	19
0	6
0	3
0	187
0	180
0	49
0	1764
0	1713
0	271
0	12
0	37
3	206
2	37
0	1753
1	0
13	502
0	26
3	263
0	7
68	277
0	268
0	0
0	0
2	44
0	152
1	11
2	68
10	11
0	16
0	142
7	103
4	528
0	1139
0	1153
0	0
0	466
19	479
17	72
16	207
0	458
0	487
4	454
0	80
5	76
27	40
0	40
0	40
0	0
26	2141
0	39
2	377
0	942
0	61
2	116
5	882
0	440
0	1240
7	849
1	89
39	428
47	102
48	49
9	1230
0	0
0	0
1066	525
1	506
0	350
1	107
0	164
1	140
0	36
0	36
0	36
0	16
8	4
0	16
0	8
0	0
0	0
0	0
0	0
0	29
0	0
52	29
0	29
1	7
0	134
0	131
0	133
0	26
3	2
0	12
0	15
0	1
0	1
0	1
139	111
0	39
3	21
0	39
1	30
0	0
0	0
0	0
0	0
25	427
0	426
0	427
4	14
0	0
0	145
0	134
3	28
0	20
0	12
0	10
0	8
1	2
112	190
2	198
0	2
19	76
14	180
13	27
0	0
0	0
0	0
0	0
0	0
0	0
0	2
0	2
0	0
0	0
0	139
1	261
0	254
0	48
5	35
0	0
0	0
0	4
0	0
0	4
0	4
0	0
0	4
0	0
0	0
0	0
0	0
0	0
0	0
0	0
0	0
34	7
1	7
0	0
0	0
0	0
253	211
14	76
7	108
2	41
7	19
0	17
4	4
67	77
3	62
0	15
1	156
0	156
2	0
4	34
0	65
0	173
3	173
870	943
6	943
0	0
0	0
0	0
0	0
0	0
0	0
186	0
0	1
0	1
0	0
41	154
0	44
0	3
8	36
0	6
0	5
1	82
0	0
46	10
0	10
0	10
117	218
14	218
0	11
0	1
0	11
0	0
1	10
0	10
0	1
0	0
0	1
0	0
0	0
341	119
1	119
0	578
0	104
0	157
0	126
0	158
0	151
0	0
0	34
0	40
0	133
0	137
0	107
0	92
2	104
0	21
5	1
0	0
0	577
295	139
5	20
12	119
0	2
0	61
0	64
0	30
0	59
0	15
0	21
0	0
0	0
0	0
0	0
0	0
0	0
0	0
0	0
0	0
0	10
0	75
9	75
0	5
2	6
1	10
0	0
0	3
0	15
0	10
61	118
0	89
0	81
0	55
0	41
2	0
88	47
0	41
2	4
0	18
0	17
5	8
0	0
0	21
0	25
0	24
0	19
0	8
2	7
0	1
0	24
76	132
0	40
4	27
0	116
1	50
0	59
0	40
0	35
0	34
0	28
0	14
0	0
0	0
0	0
0	0
0	0
0	28
6	54
0	9
29	32
6	54
0	10
0	22
4	19
0	2
37	178
3	148
0	114
0	0
0	0
0	0
0	0
0	0
0	0
0	0
0	0
0	534
0	745
0	129
0	438
0	147
9	82
0	138
0	56
0	107
3	68
0	197
0	169
0	210
0	0
0	0
26	3522
2	3505
0	3342
0	89
0	0
0	3522
3	292
0	17
6	7
0	5
0	284
0	0
0	0
0	0
5	58
0	60
0	54
0	2
0	2
4	32
0	19
0	0
0	0
0	0
0	0
3	117
2	20
0	0
24	104
0	18
9	126
0	19
0	103
0	79
0	63
0	17
0	22
0	0
0	0
0	0
0	0
27	1567
46	1567
0	430
1	511
87	485
0	0
0	0
0	0
0	0
0	0
0	0
0	0
892	633
327	633
17	27
0	25
0	2
0	3
0	7
0	0
0	0
0	0
0	0
0	23
1	23
0	23
0	10
0	0
12	37
17	37
3	95
0	6
0	47
0	63
0	0
0	0
44	317
7	100
6	113
0	0
0	0
0	0
0	0
0	0
0	0
0	0
0	0
0	0
0	114
0	93
0	73
0	0
0	42
9	0
0	9
0	21
144	10
0	10
0	8
2	0
0	2
0	2
0	0
0	0
0	7
0	4
0	6
0	3
1	7
0	0
0	0
0	0
0	0
0	1
0	1
0	1
0	1
0	1
120	45
0	39
8	18
0	6
0	0
0	0
0	61
0	61
0	64
0	10
0	11
4	11
0	0
0	0
0	0
0	0
0	380
1	173
1	32
0	395
0	339
4	74
1	49
1	218
3	147
3	150
0	1
0	1
0	0
0	0
0	2
0	2
0	0
0	0
0	0
0	602
44	0
18	119
70	602
30	174
2	197
0	0
0	0
0	0
0	0
0	0
0	0
0	0
0	0
0	0
0	0
0	0
0	0
11	0
99	347
176	211
0	218
0	282
0	104
0	282
0	0
0	0
0	4
0	2
2	2
0	0
0	0
0	1
0	0
0	0
0	0
0	0
0	0
0	0
0	0
0	0
0	0
0	0
0	0
0	0
0	0
0	0
0	0
2	410
0	410
0	28
0	0
0	80
8	343
14	152
2	306
1	13
0	89
0	31
1	39
0	76
3	76
356	23
0	23
6	54
3	53
1	7
0	7
0	45
0	1
0	6
3	37
26	12
0	10
0	11
8	327
0	335
0	335
0	2
0	67
0	51
0	30
0	30
2	11
0	13
4	0
0	500
3	475
0	331
0	359
0	41
0	65
0	334
0	231
0	340
0	60
2	193
2	202
1	192
0	200
1	124
763	218
4	218
9	11
0	11
0	1
0	1
0	1
0	1
0	1
0	0
0	0
0	10
2	11
0	1
0	11
3	11
60	14
0	14
0	0
0	338
0	18
0	0
0	0
0	345
0	3
3	125
0	36
0	125
0	125
0	125
0	296
7	282
39	254
0	246
0	143
0	212
2	215
0	0
8	495
0	510
0	510
17	46
3	119
0	175
0	49
0	39
0	5
0	219
5	219
8	31
0	6
5	32
0	0
0	13
1	106
22	131
0	19
2	20
151	35
3	18
0	12
2	10
0	4
0	4
0	3
914	1789
0	456
3	1179
1	539
0	1415
0	1
0	0
0	1
0	4
0	4
0	3
0	3
0	4
0	0
54	136
0	112
0	110
0	6
0	11
0	0
0	32
34	30
1	18
14	20
0	4
0	8
0	18
0	219
0	212
12	0
0	33
18	122
0	20
0	55
4	3
0	0
0	212
0	14
0	10
2	22
0	30
0	30
0	4
0	0
0	0
0	0
0	0
23	672
0	2
0	641
0	322
6	41
0	86
1	160
4	49
0	0
6	679
2	38
8	104
0	194
0	160
9	341
0	37
0	383
0	410
0	437
0	394
38	0
28	425
40	33
0	46
0	141
0	0
16	7
0	0
0	0
0	7
0	11
22	11
0	23
0	1
0	1
0	21
0	1
0	5
0	0
0	0
0	0
0	0
0	47
0	47
0	10
0	9
0	29
0	38
0	35
0	42
2	9
0	3
0	10
0	7
0	1
0	30
0	93
0	86
0	87
2	55
1	21
5	30
0	33
0	14
228	197
0	7
0	58
1	133
0	0
110	672
2	672
1	245
3	7
1	45
19	36
0	207
0	186
0	25
5	11
1	19
0	15
0	26
5	28
1	19
0	12
0	211
8	466
0	466
0	0
0	0
303	241
19	16
9	36
52	170
0	40
0	1
0	1
0	1
0	0
0	0
0	0
0	0
0	0
0	0
0	0
0	0
0	0
0	0
0	0
0	0
0	0
0	53
0	112
0	111
0	19
0	14
1	0
0	0
0	0
0	0
0	297
4	688
0	0
1	687
0	71
0	71
0	0
0	0
0	0
0	0
0	0
0	0
0	0
0	0
0	5
0	5
0	5
0	2
0	5
1	0
0	0
28	552
7	524
2	29
0	0
183	36
5	27
0	0
1	5
0	4
0	0
0	0
0	0
0	0
0	0
0	0
0	0
0	0
0	0
0	0
0	0
0	85
0	2
0	1
0	0
1	0
2	421
29	393
29	110
15	987
3	186
10	971
3	66
2	128
0	192
16	61
2	84
0	14
1	3
54	4
360	24
0	24
162	52
2	52
0	17
0	0
20	300
0	278
14	224
0	161
0	39
0	1
18	789
0	1266
0	1224
472	1319
10	43
4	130
0	5
0	4
0	4
0	0
5	3
0	0
0	0
0	0
0	2
0	3
0	2
1	0
4	2550
40	2548
0	1772
0	448
0	1774
9	0
0	298
4	212
2	30
0	45
0	0
0	298
0	0
0	0
0	0
1	0
139	195
0	183
1	29
0	171
0	146
1	144
0	47
0	68
0	59
0	34
0	55
0	22
1	6
0	15
0	17
0	26
0	36
0	161
0	49
0	21
0	33
0	139
0	38
8	22
0	0
0	163
0	36
0	163
0	27
0	5
1	61
0	158
0	17
0	107
0	84
0	18
1	34
0	161
0	154
77	33
0	22
0	15
0	11
337	7135
2	7116
31	2706
20	1153
0	699
0	0
0	0
0	0
0	0
0	0
10	1127
0	1090
0	1074
7	1103
2	51
0	98
6	23
1	158
0	171
0	0
0	238
0	48
30	176
0	0
7	57
0	0
0	0
0	0
0	0
0	0
0	5
0	5
0	5
0	5
3	5
0	0
0	0
0	0
0	0
0	0
0	0
0	0
0	0
0	0
0	0
0	0
0	0
0	0
8	1041
0	859
1	1029
0	96
2	95
30	2607
0	1977
11	2586
8	1560
0	457
3	1534
4	13
0	26
0	24
1	5
0	2
0	0
0	1
0	0
532	1
0	1
0	1
0	0
0	0
0	0
0	0
0	0
0	1
0	0
0	0
0	0
0	1
0	7
0	8
0	7
0	7
1	421
0	391
0	35
0	236
23	471
0	225
0	196
3	115
0	95
9	28
0	122
0	63
16	13
1	83
1	25
0	19
0	3
0	3
0	0
0	0
0	0
0	0
0	0
0	0
0	208
0	201
0	172
0	10
0	0
6	0
1	50
0	8
0	9
0	0
0	0
0	0
705	0
1	0
0	0
0	0
0	0
0	0
0	0
0	0
0	0
26	0
16	4
0	4
0	3
0	1
1	79
0	68
0	33
0	2
7	2
4	34
0	15
1	25
0	35
0	215
0	213
3	5
0	47
0	15
1	16
1	30
7	12
1	8
0	11
0	7
0	0
0	8
0	5
0	7
0	3
68	283
42	540
0	169
0	386
1	21
0	15
0	21
0	21
0	21
0	16
0	12
1	9
0	3
0	3
0	3
0	3
0	0
0	0
0	0
0	0
0	0
0	5
0	0
0	2
0	1
0	2
0	11
0	45
0	19
0	33
0	2
0	43
0	0
0	0
0	0
9	38
0	38
0	0
0	33
0	25
0	7
0	1
2	25
0	1
0	1
0	33
0	0
0	0
0	0
0	0
0	0
0	27
0	29
0	24
0	2
0	9
0	11
3	5
0	0
0	0
0	24
2	298
0	290
1	259
0	290
0	126
0	144
0	144
0	144
2	79
0	0
25	15067
28	14986
1	1602
4	2282
33	3828
0	3074
0	1604
7	1397
0	1363
0	522
24	1344
0	66
0	58
0	84
5	1667
11	1672
32	1629
3	77
0	144
0	36
5	0
2	0
8	50
0	50
1	1796
3	79
0	32
2	67
0	1796
2	554
0	554
6	554
0	26
0	137
0	464
4	465
17	384
0	71
0	81
0	0
0	0
0	0
15	2
0	2
0	93
15	304
1	269
0	37
0	208
0	126
0	102
0	1
0	1
0	1
0	0
0	0
0	0
0	0
0	0
0	0
0	0
0	0
0	0
488	0
0	0
0	0
0	0
26	10
1	2
0	1
0	7
0	0
0	0
0	0
0	0
4	155
0	154
0	95
0	96
1	68
1	82
0	30
18	0
0	0
0	1
7	0
0	1
0	1
0	0
0	1
0	215
6	35
0	57
0	56
2	10
2	18
0	215
1	178
0	178
0	168
0	174
0	164
1	135
0	143
0	11
1	25
3	11
0	0
0	0
0	0
0	102
7	102
0	5
0	15
0	9
22	540
4	322
11	150
0	331
0	0
0	0
187	54
3	20
2	37
2	23
0	0
0	0
0	4
0	12
0	3
0	10
0	15
0	18
0	7
3	0
0	0
0	0
0	0
0	106
0	102
0	41
0	32
0	9
0	0
0	0
3	40
0	16
0	32
0	27
0	31
0	17
0	15
0	19
2	18
0	14
0	40
0	101
0	108
0	87
0	102
0	58
0	39
0	11
0	16
0	15
0	12
5	2
0	0
0	0
0	0
0	0
2	3
0	0
0	3
0	3
0	0
0	0
0	0
0	304
0	0
0	0
0	0
0	0
0	0
0	0
0	0
0	0
0	0
0	0
0	435
42	441
0	457
1	57
1	1019
12	996
2	999
0	139
0	185
0	153
124	368
0	65
0	365
23	220
0	63
2	0
0	10
465	26
23	26
0	0
0	0
0	0
0	0
0	0
0	0
0	0
0	141
0	146
0	88
0	141
1	72
0	75
2	34
0	0
0	0
0	0
0	0
0	0
0	0
0	0
0	0
0	0
0	0
0	0
0	0
285	716
5	145
3	184
3	148
3	37
13	196
1	349
0	91
1	70
76	88
4	57
1	21
1	18
0	40
0	32
0	49
0	24
1	27
3	28
0	28
44	5
59	78
0	18
0	40
0	58
0	32
2	59
0	0
1	59
1	6
0	77
1	401
0	392
0	366
1	32
5	0
0	0
0	0
0	0
0	0
0	0
0	0
0	0
0	0
212	192
33	192
2	5
0	0
0	0
0	0
0	0
0	0
0	0
0	0
0	0
0	0
0	0
0	0
0	0
0	0
0	0
0	0
0	0
0	0
1	823
4	823
18	823
0	63
0	61
0	0
0	0
0	0
0	0
15	654
9	658
13	586
4	22
0	25
0	658
2	295
0	113
2	78
0	260
0	280
7	12
0	37
9	3
0	9
1	205
0	40
0	13
0	53
0	5
0	75
1	5
0	0
1	32
0	3
0	3
0	29
0	0
0	2
0	0
0	0
0	2
0	2
0	1
0	0
0	0
0	0
0	0
4	417
0	46
2	224
0	161
3	132
1	172
0	80
5	54
0	68
0	0
0	0
0	0
0	0
224	63
0	25
0	38
0	74
0	74
4	17
0	24
0	0
0	0
0	0
19	251
0	177
8	251
4	12
0	32
0	3
2	3
0	29
0	1
0	11
0	7
0	0
0	32
2	31
0	66
0	64
0	40
8	70
0	69
0	23
4	15
4	10
0	0
4	4
0	4
0	2
0	0
0	184
5	40
0	11
0	184
0	0
0	86
3439	1216
11	245
0	538
0	505
0	451
0	278
0	1
15	663
9	280
0	861
0	0
12	192
0	242
1	342
0	200
0	0
0	0
0	0
82	13
0	13
80	12
14	12
306	0
0	0
0	2
0	0
0	2
0	1
0	0
0	0
1	1
1	4
0	4
0	4
0	4
0	2
0	0
0	0
0	0
0	0
2	25
0	0
0	0
0	17
0	17
0	17
0	17
0	0
0	25
0	4
0	1
0	5
0	0
0	5
0	0
0	0
0	0
0	0
0	15
0	15
0	9
21	162
1	28
0	60
5	122
21	20
6	86
0	0
0	0
0	0
0	0
0	0
12	0
0	0
0	0
1	114
0	154
0	371
51	875
0	31
0	324
0	237
1	657
6	95
1	14
1	13
3	324
3	0
3	0
0	0
0	0
0	0
0	0
0	0
0	0
0	0
0	0
0	0
94	160
1	148
0	34
0	45
1	0
0	0
0	0
0	0
0	0
0	0
0	0
0	0
0	0
0	0
0	0
0	0
0	0
0	0
0	0
0	0
139	21
1	7
0	14
0	0
0	0
0	0
0	0
0	0
0	0
0	0
37	406
1	27
0	310
0	71
0	383
0	406
0	6
0	6
0	2
0	2
0	51
26	52
0	21
0	34
0	19
0	27
0	11
0	8
79	57
0	8
0	4
0	1
0	51
0	45
0	7
0	442
0	7
0	53
6	0
0	24
0	433
0	0
0	0
0	0
0	0
54	83
0	17
0	36
0	12
12	4
0	3
0	0
5	50
1	1
0	54
0	66
0	115
0	381
0	379
0	328
9	324
2	6
0	50
0	38
0	40
0	64
0	83
0	81
7	41
1	317
0	3
0	4
0	4
0	0
0	0
0	0
234	38
3	38
59	0
0	0
0	0
0	2
5	2
0	0
0	0
0	1
0	0
4	0
9	0
0	0
0	0
12	131
3	131
0	0
10	8
2	2
0	310
0	320
25	28
28	303
68	28
67	32
3	307
0	29
0	66
0	70
0	3
6	3
1	39
0	74
0	4
0	4
0	0
0	0
0	0
1	0
0	0
0	0
0	0
0	0
0	0
0	0
0	0
0	0
0	0
0	0
0	0
0	0
0	0
0	11
0	12
0	8
0	12
0	1
0	0
0	0
0	0
0	1
0	1
0	1
0	0
0	0
0	0
0	0
0	0
0	28
8	29
0	30
0	33
0	37
0	33
0	132
0	275
0	275
0	12
0	37
0	43
0	4
280	65
24	65
0	0
3	41
1	28
0	0
0	0
0	0
1	0
0	0
0	0
0	0
112	49
15	1
0	20
0	34
0	29
0	9
0	37
0	4
0	0
0	0
0	0
0	0
0	0
0	0
0	0
0	0
14	0
1	4
0	9
0	9
0	5
0	9
96	3717
10	694
5	3654
0	0
0	0
0	0
7	223
0	198
0	195
0	193
0	112
5	83
5	85
0	44
0	19
44	26
0	23
0	193
0	0
0	0
0	0
15	1073
0	1081
3	677
0	119
0	131
1	155
0	0
0	0
0	0
0	0
0	0
0	0
379	477
3	124
4	477
17	340
1	11
9	72
0	195
0	256
2	217
0	129
0	96
0	69
0	90
2	23
0	500
0	383
2	317
0	112
1	152
0	60
0	500
0	115
0	115
0	104
0	14
0	17
1	11
0	4
0	67
0	67
0	115
0	15
2	14
0	14
0	0
0	0
0	0
0	0
0	15
0	51
0	59
0	59
5	45
0	48
0	0
0	44
0	13
0	54
0	14
0	41
0	15
0	15
6	3
0	17
1	4
0	15
0	6
0	38
0	48
0	57
23	75
0	12
0	37
15	85
1	25
0	0
0	0
57	108
1	107
4	18
0	10
0	0
0	2
3	16
20	403
1	391
0	276
0	13
2	9
0	19
0	0
1	53
0	63
0	9
0	1
0	20
0	15
0	0
0	0
0	0
0	0
0	0
0	0
0	0
0	0
0	0
75	55
0	34
0	44
2	12
0	11
0	6
3	5
0	0
0	0
17	0
0	1
0	1
0	1
0	2
0	0
0	18
0	18
0	49
0	18
0	20
2	6
1	21
0	2
15	2
0	3
0	57
0	1
0	225
10	213
0	229
0	192
0	130
0	133
4	45
0	10
0	25
0	56
0	84
0	53
0	34
0	42
0	15
0	32
4	14
7	8
0	6
0	2
0	3
0	0
0	0
0	0
0	0
0	0
0	0
0	0
11	0
0	0
0	311
0	0
2	7
0	7
0	0
0	5
0	5
1	0
0	4
1	0
0	0
0	117
5	102
9	19
0	105
1	26
1	7
0	8
71	1574
0	216
2	1435
0	175
0	1064
0	1154
5	0
1	26
0	589
1	167
0	11
1	189
0	73
2	35
0	31
0	33
0	6
0	4
0	4
0	2
0	5
102	0
1	28
0	10
0	5
0	24
0	9
0	20
0	9
0	17
0	10
0	3
1	3
0	0
70	17
0	4
0	13
9	772
1	772
2	135
10	66
48	51
0	11
3	0
3	43
0	2
0	28
0	6
0	9
0	7
111	64
330	751
0	42
574	49
0	12
91	36
0	1
0	218
3	570
0	17
1	30
0	42
48	16
0	132
4	42
4	10
0	44
29	10
0	0
2	18
2	87
0	135
0	377
0	0
0	23
0	15
0	10
0	8
0	13
0	34
0	19
1	28
0	379
4	32
0	27
22	15
118	59
1	14
0	20
0	21
0	175
0	10
0	44
1	69
0	68
0	68
0	62
0	74
0	30
0	55
0	51
0	57
0	8
1	18
0	224
0	231
0	5
0	196
0	8
11	5
4	30
4	42
0	73
7	48
2	45
6	18
0	19
2	19
0	21
1	31
0	34
208	0
6	460
3	436
0	52
23	76
0	91
0	43
0	0
1	0
0	0
0	0
0	0
0	0
0	0
0	0
0	0
23	105
1	90
0	71
1	15
0	0
110	159
1	5
0	0
0	15
3	9
0	12
0	2
0	0
0	0
1	6
0	4
0	13
0	15
0	0
82	9
0	9
245	510
0	402
0	295
0	348
0	205
2	162
3	29
32	0
0	4
33	4
4	0
0	0
3	8
0	0
0	8
0	0
4	0
178	10
0	10
0	3
0	0
26	4
1	4
0	0
0	0
0	0
0	54
0	56
7	56
0	29
2	31
0	22
0	17
0	17
4	2
0	0
0	0
0	34
0	333
0	217
1	330
0	264
7	323
3	24
0	50
7	5
0	16
0	46
0	0
0	0
0	0
0	0
18	9
3	9
0	11
0	0
0	11
2	0
0	11
0	0
0	0
5	150
0	541
7	535
0	526
0	540
0	26
8	37
0	7
0	15
3	11
0	80
0	80
2	5
4	80
4	5
45	87
0	274
0	277
0	84
0	126
0	110
1	35
0	180
0	270
51	42
0	1
0	13
1	37
0	42
4	466
84	486
0	45
0	48
0	0
0	0
0	0
0	0
0	0
0	0
1	125
1	125
0	115
0	54
0	50
0	12
0	17
312	82
0	11
0	25
3	46
1	5
0	18
0	3
0	0
0	0
0	0
0	0
0	0
0	0
0	0
4	73
0	21
0	5
1	10
0	18
1	5
0	80
0	81
15	82
0	80
0	82
0	80
0	8
0	14
0	13
0	13
0	9
0	9
0	11
0	8
16	694
0	393
0	422
0	529
0	168
9	55
0	0
0	0
0	0
0	0
0	0
0	0
0	0
1	77
0	77
0	17
0	10
0	15
0	75
1	11
0	16
2	19
0	0
0	0
0	0
0	0
3	17
0	17
0	14
0	3
0	44
0	1335
0	1179
0	1301
0	79
1	28
1	75
0	70
0	942
3	630
0	226
47	856
67	101
0	774
0	21
3	164
5	146
0	1297
0	1109
134	46
0	46
0	11
61	157
0	107
0	68
0	18
0	12
9	33
11	10
0	82
0	12
4	0
0	39
0	66
4	4
2	0
0	172
0	195
0	174
0	176
11	97
0	197
0	190
0	2
0	16
0	177
2	17
0	19
0	49
0	16
0	13
0	5
0	44
0	1
0	23
0	37
0	22
0	23
1	29
0	0
0	0
0	0
0	0
0	0
0	0
0	0
0	0
0	0
0	0
0	0
0	0
0	0
0	0
0	0
0	329
0	281
4	232
0	134
0	0
0	1
0	1
0	3
5	9
17	51
0	8
0	4
0	6
0	3
0	20
0	22
0	60
611	546
0	227
3	117
6	72
0	194
2	0
0	0
0	0
0	0
4	0
0	0
0	430
0	208
0	61
0	374
0	168
1	77
1	42
0	46
0	53
0	45
0	11
0	418
0	465
0	438
0	334
0	385
0	265
0	313
2	130
3	71
0	0
22	21
0	6
0	15
1	3
0	3
0	3
27	0
8	132
0	129
12	30
0	1
0	0
0	0
0	82
0	69
15	3
11	8
0	79
0	7
6	0
1	0
11	214
1	0
6	214
6	13
0	1
0	26
0	1
0	21
0	9
0	3
0	5
0	0
2	1
0	1
0	14
18	101
0	101
0	101
1	1
3	1
0	101
0	0
0	22
0	10
0	11
0	72
0	60
1	11
0	19
0	0
7	74
4	20
0	31
15	14
0	14
0	2
0	19
0	5
1	18
0	0
0	0
0	0
0	0
119	0
0	0
0	0
0	0
13	398
0	405
0	361
0	7
7	357
0	312
0	309
0	1
0	1
0	0
0	131
0	131
0	30
0	29
0	94
0	4
0	6
0	22
0	44
0	132
0	1
0	1
0	1
0	1
0	0
0	0
0	0
0	0
0	2
0	0
0	2
70	15
1	11
0	15
514	122
0	122
13	143
12	143
0	14
0	0
4	146
0	24
0	34
0	9
0	114
0	18
13	0
4	0
39	6
0	6
0	0
0	0
0	0
0	0
0	0
0	0
0	0
0	88
0	69
1	15
0	66
0	208
44	213
1	56
1	65
0	74
11	0
6	1
48	0
102	461
120	461
0	0
0	0
0	0
0	0
0	0
0	0
0	0
0	0
0	0
0	0
0	0
9	1617
15	1617
188	772
170	680
0	0
0	0
0	0
0	0
0	0
0	0
2	110
1	39
1	105
0	112
0	106
0	105
0	110
0	9
0	91
2	18
0	9
2	0
0	14
8	1
5	20
0	5
0	7
0	19
0	8
0	12
0	10
1	0
0	0
0	0
0	0
0	0
0	0
0	0
0	0
109	151
0	25
0	22
0	16
0	20
0	117
1	110
0	89
0	80
0	78
0	70
0	64
0	64
0	51
0	17
0	3
0	0
5	122
0	122
0	12
0	0
0	0
0	0
172	238
0	85
3	62
2	43
1	53
3	0
0	5
0	1
0	0
0	5
0	0
0	0
0	0
5	0
0	0
0	0
0	0
0	0
0	0
0	0
0	0
277	7
0	7
0	3
13	403
19	82
20	394
0	121
0	0
0	0
665	1667
8	378
24	1575
0	8
3	8
3	2
0	2
0	0
0	0
0	0
1	80
0	80
0	31
0	21
0	13
0	13
0	8
0	6
3	37
0	106
0	34
0	170
0	189
0	43
0	0
0	0
0	0
0	0
0	0
0	0
0	0
0	0
0	0
0	0
0	0
0	0
0	0
0	0
0	0
0	0
0	0
0	98
0	96
0	96
0	97
0	86
6	90
0	98
0	101
0	93
2	12
1	0
0	0
0	0
0	0
0	0
0	0
0	0
0	0
0	0
73	5
0	5
0	5
0	9
0	19
7	420
21	80
0	20
0	176
0	191
0	277
0	415
25	0
0	22
0	265
0	273
0	34
0	48
1	17
3	17
2	11
18	15
0	34
1	8
0	283
0	0
0	0
19	26
141	18
0	17
2	4
10	64
317	64
2	45
0	41
0	21
0	5
1	32
0	27
1	5
0	634
0	21
0	640
0	521
0	17
0	7
44	131
0	149
0	0
0	0
0	0
0	0
0	0
396	1
8	1
0	148
50	444
0	170
2	91
0	29
0	11
6	22
0	22
0	21
0	11
0	15
0	8
0	10
0	6
0	5
0	1
27	200
0	133
1	135
6	120
0	182
0	101
30	153
542	59
1	59
0	0
3	0
0	0
1	258
36	1073
38	1011
12	0
0	0
0	0
0	0
76	0
0	0
0	0
0	0
0	0
342	166
0	31
1	74
6	90
0	0
0	0
0	0
0	0
6	119
14	143
20	37
0	7166
0	7225
1	111
1	0
0	345
50	321
0	293
0	29
0	196
0	123
0	27
0	53
0	0
375	55
2	37
4	23
0	16
0	211
0	17
4	0
0	26
1	1
2	16
0	149
1	93
1	211
0	2
0	2
1	0
0	0
0	0
0	0
1152	103
0	43
0	56
2	47
7	5
2	5
0	5
0	5
0	3
1	2
0	5
6	7
0	7
0	3
0	0
0	0
1	0
0	0
0	0
0	0
0	0
0	0
0	0
23	46
0	46
0	35
0	13
0	0
0	0
0	0
0	0
0	0
0	0
0	0
0	0
0	0
0	0
0	0
0	0
0	0
0	0
0	0
0	0
0	0
0	0
0	0
0	0
0	296
5	309
0	312
0	272
2	296
0	298
0	287
0	34
0	22
0	0
0	0
0	0
0	1
0	1
11	1665
0	1626
0	1627
0	1626
0	1630
7	1409
0	1191
1	609
0	241
2	201
35	242
3	235
0	33
0	29
14	95
8	0
0	26
0	25
0	18
0	4
0	5
6	10
0	5
0	6
0	6
0	6
0	0
0	0
0	0
0	0
53	151
1	143
29	8
0	0
0	2
0	3
0	3
0	3
0	0
0	0
0	0
0	1
0	0
0	5
0	0
0	0
0	0
0	0
0	0
0	2
0	2
0	586
1	1044
20	665
0	655
1	245
0	223
0	0
0	0
0	0
0	0
0	0
0	0
112	140
0	44
3	83
0	36
0	49
0	28
85	408
0	357
0	149
0	100
3	123
0	165
4	65
7	219
3	48
0	0
0	140
0	31
2	57
7	90
0	73
4	73
10	63
0	2
0	3
2	3
0	0
0	3
2	3
0	0
0	0
2	347
0	337
0	277
63	154
2	115
8	101
1	25
0	11
4	9
0	12
1	17
16	0
0	0
0	0
0	0
0	0
0	0
0	0
0	0
0	0
0	0
0	0
0	0
0	0
26	412
0	411
0	175
0	140
0	0
0	0
0	279
0	250
0	210
1	95
0	139
0	250
35	196
0	117
0	74
0	181
3	160
17	278
0	51
0	239
0	0
0	0
0	0
0	0
0	0
0	0
0	0
0	0
12	2
20	16
0	7
0	6
10	0
0	7
0	0
0	0
0	0
0	0
0	0
0	0
3	0
0	0
1	194
0	183
0	178
0	132
0	149
31	92
0	30
0	17
2	7
404	76
1	76
0	7
0	8
0	4
0	2
0	1
0	4
0	4
0	2
0	2
0	15
2	16
0	34
32	34
0	68
31	68
0	0
16	8604
12	1025
18	0
2	2450
2	1017
2	3169
21	1349
4	3234
0	8
377	145
0	42
0	95
0	0
0	0
0	45
0	23
0	11
0	10
0	14
0	46
0	46
8	9
0	9
59	9
0	9
0	32
0	31
0	25
0	25
0	26
0	25
0	25
0	22
0	22
0	27
0	26
0	26
0	17
0	24
0	20
0	24
0	7
0	25
0	26
0	24
0	15
0	6
0	14
0	9
0	8
0	7
0	8
0	5
93	302
0	160
0	240
0	254
0	137
0	98
3	0
0	0
0	0
0	0
26	57
0	2
0	3
0	39
0	44
2	43
0	0
0	0
293	166
0	115
11	107
0	55
12	27
0	0
0	0
16	10
0	10
0	4
0	4
0	1737
34	1582
0	1721
0	1749
84	1504
0	307
18	428
0	89
0	15
7	148
0	18
0	35
0	54
5	9
3	56
6	56
1	13
0	13
0	10
0	12
0	0
0	0
0	51
2	220
37	280
0	236
1	288
0	13
14	28
4	17
2	39
8	0
8	282
0	1
864	1
1	873
0	768
1	387
22	768
0	5
0	3
0	5
2	0
0	0
215	316
13	80
1	236
0	0
0	0
0	0
0	0
96	23
0	23
1	306
0	289
0	47
0	44
0	32
0	47
8	52
59	45
0	4
1	10
0	46
0	36
0	0
0	0
2	274
0	171
2	142
0	0
0	0
4	120
62	6
0	118
0	36
9	9
543	581
0	279
6	2
4	554
0	482
0	454
0	405
0	268
7	333
0	94
0	79
0	52
0	22
16	2
449	345
0	345
0	5
0	0
0	0
0	0
0	0
15	6
0	4
0	6
0	142
0	163
0	62
6	85
2	0
1	2
0	2
498	5
0	5
22	812
5	814
2	603
5	821
4	6
0	821
0	0
0	124
0	133
0	104
0	99
16	115
1	35
0	0
0	0
0	0
0	1
0	0
0	0
0	0
0	0
0	0
0	1
0	0
0	1
0	0
0	0
0	0
0	1
0	0
0	1
0	2
0	1
0	0
0	0
0	0
0	0
0	0
0	0
1	0
0	0
0	0
122	5343
0	3837
0	2099
25	4000
2	2
1	5344
0	263
1	124
1	41
0	163
21	24
0	256
0	167
0	144
0	167
4	33
1	144
0	98
0	80
2	13
0	44
0	33
0	81
0	77
12	21
0	32
7	43
9	16
3	0
0	62
0	12
0	3
0	2
38	62
0	7
0	14
0	48
1	20
0	386
0	1085
20	21
23	14
0	1057
0	21
0	10
4	204
26	117
0	1075
0	52
14	227
1	74
0	71
3	24
0	129
98	0
0	1848
0	205
26	36
0	39
5	113
2	113
0	1
9	51
0	58
0	12
2	11
0	6
0	195
145	2050
14	0
0	0
0	112
0	162
6	35
0	97
0	73
0	87
0	87
9	125
0	96
0	76
0	89
4	6
0	155
0	0
0	0
0	0
0	0
0	0
0	0
0	0
12	155
0	5
1	155
0	5
0	13
3	54
1	35
0	24
0	0
301	3476
3	391
15	1
0	1
9	3
0	3
0	1
0	1
6	2874
220	2862
62	2913
0	201
0	2586
7	483
0	0
0	0
0	0
0	0
0	0
0	0
0	0
0	4
0	4
0	4
0	2
0	1
0	3
1	1
0	2
0	2
1	2
1	1
0	1
0	0
0	0
0	0
0	0
0	0
0	0
0	0
0	0
0	0
0	0
0	0
0	5
12	14
0	9
0	4
0	0
0	0
0	0
0	0
0	0
2	649
20	645
0	37
0	88
2	71
0	13
0	23
0	1
0	1
0	1
0	1
0	1
0	0
0	1
27	110
0	110
0	50
0	53
0	52
0	102
0	0
0	0
0	0
0	0
0	0
0	0
26	0
0	0
182	251
0	251
11	0
7	9
0	0
0	0
0	0
0	0
0	0
0	0
0	0
0	0
0	0
0	0
0	0
2	1
0	1
0	0
23	5733
1	5878
2	1541
0	2850
0	2850
0	2818
1	1527
0	1293
9	17
0	0
0	0
0	0
0	0
4	18
0	551
0	11
0	6
0	543
0	23
0	1
0	112
15	109
0	20
1	35
0	107
0	18
0	26
0	0
0	0
48	116
0	116
4	62
0	386
0	365
0	30
2	0
2	36
0	157
4	132
12	98
0	33
0	42
66	22
0	22
0	0
0	0
0	3
0	6
0	6
0	1
0	0
0	0
0	1
0	4
13	1731
0	2332
3	862
0	2093
5	2123
1	890
12	292
22	134
0	89
37	5069
16	5027
7	2123
6	3574
2	2154
10	33
0	33
0	0
0	1
0	1
0	0
0	314
1	106
0	283
0	215
0	239
0	21
0	173
0	21
0	3
0	172
0	33
0	154
0	154
0	0
0	0
0	27
276	161
0	44
0	61
0	23
1	31
2	18
64	0
0	0
70	4
0	4
34	0
100	78
1	6
0	56
3	66
46	78
0	51
0	63
0	31
0	4
0	50
0	0
0	0
0	0
0	0
0	0
0	0
68	361
0	239
0	265
0	269
0	170
0	123
2	150
4	23
0	0
0	0
0	0
0	0
0	0
92	191
2	158
7	42
0	92
0	0
0	0
0	0
0	36
42	36
0	1
0	1
0	3
0	3
0	46
0	0
0	16
0	46
1	43
2	38
0	12
0	31
1	9
0	0
0	0
0	0
0	0
0	0
0	0
0	0
24	316
1	316
0	0
0	0
0	0
0	0
0	0
0	0
0	74
0	633
1	537
2	633
1	141
0	105
0	0
0	0
0	0
0	0
0	349
35	518
1	500
0	162
2	19
0	0
0	0
0	0
0	0
0	0
0	0
0	0
0	0
0	5
0	1
0	6
2	13
0	10
0	6
0	3
0	7
0	15
1	4
0	5
0	2
0	2
0	0
0	0
0	0
0	0
0	0
6	51
0	51
0	0
0	39
0	20
3	8
1	49
0	3
0	0
0	0
609	0
0	0
0	45
3	45
0	13
0	11
0	1
9	318
4	106
15	200
0	308
0	35
0	14
4	6
0	5
9	3
0	38
7	6
110	0
0	3
0	0
0	0
0	0
1444	809
2	118
14	300
0	140
14	102
0	131
1	140
4	190
0	52
0	0
0	0
0	0
0	0
22	21
1	21
0	4
0	1
0	4
0	2
675	3920
0	2366
1	2489
7	894
0	0
61	155
0	160
0	34
0	21
18	70
1	19
0	29
0	0
0	0
0	0
0	3
0	2
1	3
1	4
0	3
3	3
0	4
1	1
0	0
29	26
0	10
0	25
0	0
0	0
0	0
0	0
0	0
0	0
166	115
0	115
13	148
270	216
1	65
1	17
0	38
9	69
0	444
0	562
2	548
0	0
0	0
0	0
0	0
0	0
0	0
0	0
0	69
15	69
0	62
0	2
0	2
0	5
1	18
2	18
0	14
0	10
58	392
1	168
1	59
6	35
1	213
0	1
0	0
0	0
0	0
0	0
0	1
0	0
0	0
0	0
0	0
6	91
1	91
1	58
0	50
9	1300
1	1301
0	1301
1	1305
1	607
0	5
1	143
0	156
0	185
1	71
1	98
0	3
2	24
1	99
0	26
0	32
0	16
0	4
0	20
0	23
0	3
1402	454
14	18
0	1
0	1
0	1
0	13
0	95
1	3
0	55
4	78
4	26
0	77
0	89
3699	1677
6	1518
0	578
0	0
0	0
0	1
0	0
0	0
0	7
1	2
3	52
0	48
1	55
2	0
1	0
0	4
0	46
0	0
0	0
0	0
0	0
0	3
3	4
0	4
0	0
0	0
0	0
0	0
0	0
223	3330
1	642
0	0
0	0
41	32
0	32
2	0
10	0
4	265
0	80
1	260
0	138
2	23
0	103
0	0
0	0
0	0
0	2
0	1
0	1
0	1
0	1
0	1
0	0
0	0
0	1
0	1
8	42
0	35
0	8
0	31
0	24
0	22
0	0
0	0
0	0
0	0
0	0
0	266
0	43
0	243
0	79
6	46
0	22
0	26
3	13
4	35
0	41
26	2
89	46
0	39
0	23
5	23
3	16
2	7
0	112
5	112
2	48
0	38
0	52
0	25
0	8
0	22
0	9
0	0
0	0
0	0
0	0
0	0
0	0
0	0
0	0
0	0
0	0
0	0
0	0
0	0
0	0
1	356
0	76
0	277
0	149
0	48
0	70
0	62
0	13
0	17
1	0
0	356
0	291
0	338
5	100
0	58
1	85
11	68
0	64
0	31
0	2
14	2
0	32
0	0
0	0
0	0
0	0
0	0
0	0
0	0
0	0
0	0
0	0
0	0
0	0
0	0
0	0
0	0
0	0
0	0
0	0
0	1
0	1
0	0
0	1
0	0
4	81
2	79
0	28
0	41
0	13
10	107
0	54
0	32
3	25
0	36
0	1
0	1
0	1
0	1
0	0
0	1
0	1
0	1
0	0
0	0
0	0
0	0
1	178
2	1
2	1
0	181
0	3
4	85
0	8
0	4
13	8
1	68
2	182
0	1
0	1
0	0
0	0
0	0
0	0
0	0
0	0
0	0
0	0
0	0
0	0
0	0
0	0
0	0
0	0
0	0
30	678
33	6
0	78
0	65
0	103
0	45
34	79
0	54
7	49
11	471
0	0
0	0
0	0
0	0
0	0
0	0
0	55
0	16
0	9
0	2
2	11
0	1
0	0
0	0
0	0
0	0
0	0
0	0
0	0
12	0
0	272
5	76
6	11
2	24
7	8
3	90
0	87
0	76
0	94
3	78
27	67
0	38
0	27
1	5
0	41
0	10
0	46
3	54
0	26
0	25
0	25
0	17
0	17
1	1
89	37
8	8
0	0
0	28
0	12
0	14
1	14
1	1
1044	117
7	112
0	0
0	0
0	0
0	0
1	0
0	0
1	265
0	476
1	464
3	468
0	9
17	111
27	197
0	464
0	0
0	0
0	0
0	0
0	0
0	0
0	0
0	0
0	0
0	0
0	0
0	0
0	0
9	17
0	17
2	1261
0	1075
0	1052
1	1175
0	730
4	390
0	557
250	106
0	0
0	0
3	176
11	278
0	270
0	77
0	152
0	147
0	114
0	116
5	87
0	26
0	0
1	253
2	269
0	9
0	48
3	268
0	72
0	151
2	33
0	265
6	47
4	79
0	265
0	256
174	91
0	46
6	35
0	15
0	48
0	0
0	5
0	1
0	1
0	0
0	39
2	5
0	39
0	39
0	0
0	0
0	17
0	3202
0	3185
13	1595
0	2438
0	427
1	442
2	1913
0	583
0	389
1	599
0	294
29	363
4	190
5	1079
0	78
3	190
47	190
0	110
2	179
0	93
2	121
2	46
1	191
5	79
0	34
0	27
0	0
0	0
0	4
0	4
0	188
0	198
5	202
0	9
0	4
0	33
0	76
0	15
0	14
1	4
0	8
1	2
0	3
0	16
0	1
0	1
0	17
3	17
0	1
0	2
5	2
4	1
0	1
0	0
0	0
0	114
493	223
0	111
8	75
1	704
0	53
0	689
4	488
0	1
0	1
0	0
0	0
23	1112
9	1072
1	180
1	29
27	193
12	155
245	77
29	82
0	28
1	40
1	25
0	22
2	0
40	27
0	9
4	4
3	18
6	2
0	2
0	0
0	0
0	0
0	146
1	123
0	146
2	34
11	17
0	8
1	1
3	3
0	0
0	0
0	0
0	0
0	0
0	199
0	202
2	49
3	53
15	50
0	20
0	101
0	95
10	38
0	65
0	97
0	132
0	128
5	5
0	0
0	0
0	0
0	0
0	0
0	0
0	0
0	0
0	0
0	0
0	0
0	0
0	93
2	179
0	74
0	61
0	90
0	81
0	0
0	0
0	8
1	6
0	5
0	5
0	9
42	43
0	16
0	35
0	1
0	6
5	7
0	0
0	0
0	0
13	58
0	58
0	7
0	22
0	0
0	0
0	0
0	0
0	0
0	0
0	0
0	0
0	62
0	62
0	0
0	0
0	0
0	0
0	0
12	129
1	129
3	35
0	0
9	790
2	788
10	110
1	119
0	81
0	59
0	62
8	60
0	43
0	244
0	22
24	20
0	16
0	11
0	9
0	9
0	4
0	0
0	0
1	10
0	7
0	0
0	10
1	8
0	0
0	8
0	0
0	0
0	0
0	0
0	0
0	0
0	0
0	0
0	0
0	0
0	0
0	0
0	0
0	0
0	0
0	0
0	0
0	0
0	40
2	39
0	1
0	7
0	80
0	79
0	34
0	57
0	0
0	1
0	5
2	5
0	0
0	11
0	80
0	0
0	0
1	2
9	137
4	65
0	12
8	80
4	50
1	132
0	2
0	1
0	0
0	13
0	12
0	13
0	13
0	12
0	2
0	1
0	0
1	0
627	1172
2	691
11	287
38	292
2	365
3	133
5	131
0	130
39	25
0	46
0	115
15	113
0	23
0	41
1	9
0	46
0	37
8	68
0	35
1	14
0	15
0	19
0	12
0	10
0	5
0	16
0	55
0	61
7	61
0	17
0	16
0	61
0	25
12	17
0	0
0	0
0	0
0	0
0	0
0	0
0	0
0	0
0	0
0	0
0	0
0	0
0	0
0	0
10	40
0	44
0	39
0	2
0	0
0	2
0	0
0	2
58	363
3	157
1	345
2	179
0	0
0	222
12	222
0	40
0	2
4	84
1	60
0	40
0	21
0	7
0	0
34	248
729	248
4	248
17	204
1	81
0	38
0	0
0	0
4	9
194	9
4	9
0	9
0	1
4	2
0	0
0	0
0	0
0	0
0	522
3	102
0	61
0	64
0	30
0	18
1	11
0	491
0	0
0	0
0	0
0	0
0	0
0	0
0	0
0	0
0	0
1	282
72	670
0	42
0	597
6	64
0	37
3	93
0	0
0	0
13	12
0	12
0	9
0	15
0	17
4	109
1	32
1	2
9	92
0	30
0	30
1	12
0	7
0	17
3	15
0	0
0	0
1	0
9	35
3	30
0	30
20	22
1	22
1	4
0	5
0	0
0	5
0	1
0	1
0	0
0	0
0	0
0	0
0	0
0	0
0	0
0	0
0	341
24	1712
0	299
5	51
2	52
7	28
7	32
34	637
4	1037
6	17
51	0
13	8
19	20
1	118
2	0
0	0
0	0
0	0
0	34
4	34
0	14
0	7
0	5
0	5
47	54
0	54
0	19
0	19
142	11
0	11
6	107
0	65
0	160
24	155
0	66
2	16
0	6
0	26
0	99
0	55
4	31
0	12
10	5
0	85
0	7
0	27
12	86
0	87
5	24
0	47
2	19
1	12
3	6
0	16
0	22
0	0
0	0
0	0
0	0
0	0
0	0
352	86
0	23
0	9
1	13
0	53
1	0
0	0
0	0
0	0
0	0
0	0
0	2
3	2
0	0
0	1829
0	456
3	50
12	476
0	1684
0	1477
0	688
0	314
0	1463
1	209
2	410
0	510
2	1090
0	292
0	72
0	513
1	255
0	0
0	0
0	0
0	0
0	0
0	0
0	0
0	0
0	0
0	0
0	0
0	0
0	0
0	0
11	0
1	0
0	0
0	0
0	0
0	1
0	0
0	1
0	0
0	0
0	0
32	199
7	0
0	63
1	167
0	146
81	62
0	62
0	0
0	0
0	0
0	0
0	0
0	0
0	0
0	0
0	0
0	0
0	0
0	0
0	0
0	0
0	0
0	0
0	52
0	1
0	0
0	50
0	52
2	44
0	6
6	7
5	6
0	14
0	6
0	23
27	16
0	16
0	0
0	57
0	30
0	10
0	54
0	0
0	0
0	0
0	0
0	0
0	0
0	0
0	0
0	0
0	0
0	0
0	0
0	240
0	240
0	151
0	48
0	25
0	0
0	6
0	6
0	0
0	0
1	0
0	0
0	0
0	0
0	0
0	76
7	65
0	14
0	34
0	60
0	0
1	32
0	24
0	39
0	0
11	0
76	51
3	41
0	17
0	13
2	30
0	33
0	0
0	0
0	0
0	0
0	0
0	0
0	0
0	0
0	0
2	9
0	97
5	99
0	8
0	100
0	3
0	91
0	2
2	7
0	0
2	31
0	107
0	0
0	0
0	0
13	1
0	1
1	0
0	2
0	2
65	580
0	580
9	80
0	78
1	0
0	4
0	4
0	4
0	0
5	27
2	8
0	3
0	13
0	3
0	3
0	3
1	0
0	2
0	0
0	0
0	0
0	0
0	0
0	36
0	34
11	27
0	32
0	36
0	1
450	53
1	53
65	16
0	5
0	5
0	11
0	7
0	0
1	0
2	3
0	3
0	2
1	34
3	73
1	93
0	94
0	4
0	4
0	3
0	0
0	1
1	2
0	1
0	0
0	0
0	0
0	2
0	0
0	2
0	0
0	0
0	0
0	0
0	0
0	1379
1	499
99	1359
0	334
1	347
0	403
24	1079
0	1379
2	128
0	124
0	104
0	41
0	39
0	43
3	59
0	40
0	42
0	48
0	27
0	35
2	20
1	9
0	23
0	26
0	17
1	4
0	128
0	149
4	148
0	93
6	114
0	127
238	183
0	125
0	63
0	20
17	5
0	0
92	77
5	39
11	8
0	5
0	5
0	5
0	3
0	1
0	1
0	5
0	1
0	2
0	0
0	0
0	2
2	56
1	53
2	10
54	169
1	51
0	170
1	6
2	0
0	37
0	24
0	16
14	11
5	17
12	7
0	42
0	5
0	1
0	9
1	13
1	5
10	33
5	1
7	12
599	12
14	50
0	20
0	33
0	5
9	2
2	51
0	121
0	104
13	124
0	84
0	76
2	85
0	22
0	2
0	1
0	1
0	0
0	0
0	717
4	714
8	436
0	73
42	79
0	25
4	0
0	142
4	118
4	88
3	11
0	81
0	69
0	365
0	10
3	37
0	73
3	337
0	29
0	269
0	90
0	18
0	70
0	757
3	541
0	70
0	569
0	198
0	369
0	371
0	6303
6	6192
0	279
7	1096
0	503
1	2
0	239
0	1056
25	5397
0	1529
1	559
4	186
0	45
0	12
0	8
0	12
0	7
0	22
0	53
0	0
0	14
2	6
484	455
0	366
13	286
1	76
128	40
4	37
0	13
2310	2443
0	0
0	0
0	41
1	51
0	14
156	63
0	11
0	0
0	0
1	107
0	99
0	101
2	62
1	8
0	14
0	6
0	3
0	28
0	22
0	12
0	0
0	0
0	0
0	0
0	0
0	0
0	0
0	0
0	0
0	0
0	0
0	0
0	0
0	0
0	0
0	0
67	174
1	62
0	118
2	5
0	15
57	545
9	520
17	114
7	514
0	494
0	439
0	368
0	402
0	121
0	170
24	164
13	25
0	19
0	180
0	238
0	232
0	242
0	17
2	48
0	48
0	0
0	0
11	0
15	1
0	0
0	1
0	0
3	0
0	0
26	0
21	35
0	35
0	0
0	0
0	0
0	0
46	867
96	1106
1	583
0	654
11	695
0	509
2	257
0	287
5	208
562	325
27	325
8	78
61	82
46	0
0	9
100	27
1	9
1	12
1	12
0	0
0	0
0	0
0	0
0	0
3	1
1	1
0	1
1	1
0	28
0	28
0	28
0	32
0	0
0	0
0	30
7	299
0	190
1	162
2	29
0	5
1	220
7	11
0	46
0	228
0	204
42	13
27	11
3	4
0	680
0	664
5	161
0	166
1	129
1	47
0	4
0	113
31	506
19	427
1	502
9	39
18	72
1	3
0	0
0	0
15	577
3	441
0	239
0	116
4	23
0	17
10	127
0	0
0	3
0	3
1	0
0	0
0	0
0	0
0	0
0	0
0	0
0	0
0	0
0	0
0	0
0	0
0	0
0	0
0	0
0	0
0	935
197	903
0	536
0	235
0	144
26	175
7	32
0	86
1	34
0	0
16	17
0	215
0	197
0	65
80	24
1	935
0	0
0	0
0	0
0	0
0	0
0	0
52	6
30	1524
3	1512
1	12
0	766
0	802
2	1087
1	832
0	316
0	58
1	13
52	329
1	13
0	44
0	40
0	63
0	304
0	73
1	65
0	129
1	15
0	12
2	15
0	15
0	4
0	2
0	0
0	0
0	255
0	253
0	258
0	269
0	49
0	8
3	32
0	33
0	12
0	5
2	0
0	261
0	252
0	79
0	68
0	116
178	148
0	58
13	148
0	30
0	269
2	209
0	271
0	269
7	63
0	35
0	29
0	25
0	22
0	21
4	27
5	14
10	18
0	14
0	0
0	0
0	261
75	52
0	52
0	25
4	5
0	15
0	25
0	18
0	10
0	3
0	25
0	3
0	20
0	3
0	8
0	3
0	18
0	15
0	7
0	22
0	2
0	10
0	43
2	90
15	90
0	17
32	443
0	443
1	99
0	20
4	48
0	5
0	5
0	0
0	0
0	0
0	0
0	0
0	0
0	0
0	0
6	247
50	1
24	214
0	127
0	132
0	50
0	32
0	100
0	50
1	1
0	11
0	7
0	100
7	100
12	168
0	162
0	41
0	23
0	17
0	17
6	0
1	12
8	0
0	8
17	9
0	8
0	1
0	3
0	2
4	3
0	8
0	0
0	0
0	0
0	0
0	0
0	0
1	12
0	1
0	0
0	0
0	1
0	0
0	11
0	38
0	39
0	43
0	13
0	44
24	259
1	259
1	1
0	42
1	35
0	7
49	71
0	1
0	7
0	46
17	25
0	25
1	4
0	1
0	18
0	1
0	12
0	10
1	10
0	8
0	8
0	1
0	16
78	594
0	40
0	359
2	49
0	169
1	124
0	17
1	18
0	18
0	18
2	2
0	18
0	0
3	3
0	0
0	1
0	0
0	1
0	0
0	0
0	1
5	69
1	69
0	8
0	0
0	0
0	0
0	0
0	0
0	0
0	0
0	0
1	0
0	0
0	0
0	475
0	553
4	128
2	514
0	559
3	391
0	131
0	37
0	27
0	43
12	62
8	292
0	46
2	15
3	65
25	58
0	57
0	8
0	8
0	8
0	0
0	2
0	0
0	2
0	2
4	0
0	1
0	0
0	1
0	0
587	145
33	145
0	7
0	4
0	4
0	3
3	0
71	147
0	80
1	21
2	62
0	0
1	0
1264	274
8	274
354	0
0	2
0	2
0	2
0	58
0	60
0	59
0	22
0	6
0	1
0	0
0	0
0	0
0	0
0	0
21	56
0	56
0	10
0	37
1	281
30	281
7	2
0	1
0	1
0	1
0	1
0	1
0	1
0	0
0	0
0	136
0	137
0	160
0	133
0	18
8	95
0	102
0	5
3	0
0	12
5	11
8	5
0	1
0	4
2	3
0	3
31	37
4	16
1	17
0	10
0	0
2	118
0	132
0	36
2	5
0	21
4	22
0	0
0	0
0	0
0	0
4	59
1	58
0	3
1	43
0	25
1	25
0	10
3	3
1	3
0	1
0	6
0	0
0	2
0	1
0	5
0	1
0	0
0	0
0	5
0	1
0	150
0	164
1	83
0	45
0	128
0	141
0	95
0	107
0	95
1	42
3	80
1	6
0	0
0	0
0	0
0	112
0	92
5	98
24	812
3	74
23	752
9	176
3	210
0	10
0	0
0	23
0	21
0	17
0	19
0	21
0	434
0	420
2	437
12	140
0	13
0	46
12	2
5	97
0	87
0	78
5	7
0	0
0	0
0	0
94	402
1	389
0	199
1	77
3	13
2	295
0	53
0	318
2	9
11	5
10	3
0	102
0	8
0	91
5	313
60	338
0	112
0	51
2	0
4	13
0	0
0	13
4	11
0	3
0	2
0	8
0	1
0	7
0	7
0	7
0	3
1	0
54	0
9	252
0	269
0	41
1	90
18	17
0	0
0	0
7	19
49	19
161	0
0	0
0	0
6	257
0	67
0	41
0	194
0	21
0	3
0	13
0	13
0	10
0	16
2	42
10	138
22	3
9	135
117	131
1	131
2	5
0	2535
39	2535
10	1063
0	0
11	7
0	7
0	506
0	499
0	379
1	399
0	31
26	83
0	49
0	46
0	26
1	65
86	53
1	53
35	4
4	24
0	3
0	3
1	21
0	1
0	1
0	0
0	0
204	68
0	68
3	51
2	38
0	45
0	43
0	46
0	0
0	0
0	4
0	4
0	0
0	0
0	0
0	0
3	23
2	16
9	6
0	5
0	11
0	25
0	0
3	14
0	0
0	1
0	1
0	0
36	8
0	22
1	15
0	11
1	8
0	5
32	392
3	333
0	307
1	275
2	315
0	114
2	86
21	139
4	254
12	254
1	41
3	27
0	3
4	312
3	314
0	263
0	321
4	0
0	230
0	51
0	110
0	0
0	39
0	98
0	102
1	4
0	99
20	89
0	46
0	5
0	34
0	8
0	2
0	21
0	16
27	13
1	9
1	6
0	5
0	0
0	0
0	0
0	0
0	0
0	0
0	0
0	0
0	0
0	0
0	0
0	0
0	0
0	0
0	0
0	0
0	0
0	0
0	0
0	0
10	109
3	90
18	6
12	106
0	31
0	59
0	56
7	20
0	12
0	15
1	0
1	319
0	334
16	295
0	33
8	32
0	39
0	75
0	35
0	27
1	13
1	12
0	11
0	3
0	1
0	1
0	0
0	0
0	0
0	0
0	0
0	0
0	0
0	17
0	21
0	18
0	4
0	3
4	0
0	6
6	126
25	16
0	16
0	39
0	12
0	41
3	40
0	13
0	36
0	13
0	13
0	108
0	8
41	8
0	16
4	7
0	9
0	8
0	6
0	4
0	33
3	8
1	12
0	1
0	6
1	0
0	0
0	32
9	98
0	122
0	119
0	33
0	25
0	10
0	4
0	0
0	47
9	48
0	39
3	28
1	22
0	16
0	8
165	164
1	164
0	39
2	11
18	37
253	37
0	1511
6	1511
0	187
0	11
1	31
0	7
0	7
0	5
0	24
0	4
0	13
0	6
0	5
0	45
1	7
0	15
0	23
0	25
0	30
0	6
0	14
0	15
0	0
0	0
0	0
0	1
0	0
0	1
0	1
0	0
0	0
0	0
0	0
0	0
0	0
0	0
20	4
0	4
0	4
0	3
0	3
0	0
0	3
0	3
0	3
0	3
0	3
0	0
0	0
0	3
0	0
0	0
0	0
0	0
0	0
1	0
9	0
173	284
0	137
11	115
0	14
1	42
1	78
0	69
0	45
0	0
0	0
0	0
0	0
0	0
0	0
12	18
0	4
0	14
0	0
0	1
0	1
0	1
0	1
0	1
0	1
0	5
3	38
0	81
0	156
6	259
0	29
0	54
0	59
10	7
0	41
0	162
39	54
0	26
0	72
3	45
0	42
0	31
0	6
0	6
0	2
0	0
0	5
0	0
0	0
0	0
0	0
12	0
88	277
5	277
3	269
2	13
1	36
13	35
3100	2326
6	1421
5	2176
0	1272
3	1899
0	0
0	0
0	0
0	0
422	287
8	37
9	62
35	50
1	49
8	33
0	89
765	0
15	352
4	352
4	2
0	107
1	78
3	5
0	544
10	1
3	5
6	27
0	544
16	1
0	1
0	0
0	0
0	0
0	0
216	28
0	12
1	16
0	0
0	0
0	0
18	39
0	36
0	2
1	4
0	7
0	0
108	55
0	55
3	0
0	0
0	0
0	0
0	0
0	0
0	0
0	0
0	0
0	0
0	0
0	0
0	0
0	0
0	0
0	0
0	0
0	0
9	0
0	92
0	92
0	0
0	0
0	0
0	45
0	12
0	32
0	12
0	6
0	8
0	44
0	3
0	4
2	4
2	2
0	0
0	0
0	0
0	0
0	221
0	316
0	211
1	308
0	49
0	208
1	9
0	70
0	291
5	9
0	147
0	59
0	0
0	0
0	0
0	0
0	0
179	54
12	44
2	10
1	10
0	0
0	0
0	0
0	0
0	0
0	0
0	0
3	18
0	33
0	33
0	32
0	0
0	20
0	1
0	0
4	0
0	0
1	2
0	0
0	13
0	11
1	14
0	11
0	7
2	0
0	5
0	0
0	8
2	5
0	0
0	0
0	0
0	0
0	0
0	0
0	0
1	84
46	87
0	26
0	33
0	9
1	0
0	0
0	0
0	0
0	0
0	0
0	0
0	0
0	0
0	0
0	0
0	0
0	0
0	0
0	0
0	0
0	0
9	1817
0	150
0	390
0	1730
5	228
0	304
3	88
0	1815
0	1769
34	2374
0	2545
6	889
3	2202
1	1319
0	0
114	352
9	352
3	9
0	7
0	40
0	52
0	145
0	37
0	41
0	48
0	150
0	49
0	47
14	15
0	160
0	158
0	160
0	79
0	31
0	0
0	0
0	1
0	1
0	1
0	1
0	0
0	0
35	464
0	232
2	293
0	186
46	282
6	120
5	67
4	29
0	4
0	6
0	181
6	44
0	158
6	157
0	0
0	0
0	0
0	8
0	10
0	8
0	6
0	0
0	0
0	0
0	10
1	15
0	15
0	14
0	12
0	0
0	0
0	4
0	5
0	6
13	5
4	4
0	4
0	0
0	221
0	205
1	12
3	45
0	6
2	14
0	21
48	0
4	32
5	32
0	26
1	227
5	163
0	208
3	29
1	13
0	38
0	23
0	28
0	56
2	37
0	59
1	64
1	57
1	65
2	59
0	46
0	40
18	2
5	28
2	62
0	62
0	3
1	0
0	68
16	67
8	60
2	26
0	26
0	20
4	6
0	0
0	3
362	9523
3	1696
2	7599
0	2504
17	7445
0	7369
0	6049
0	6113
1	4193
4	5381
0	4432
0	3087
0	5607
0	2813
0	2067
0	411
0	1602
0	430
28	0
0	80
0	86
0	8
14	20
0	2
0	10
5443	2517
0	561
3	139
9	524
0	151
1	35
0	12
0	2
0	12
0	1
0	0
98	67
4	0
8	67
15466	1
0	0
0	0
0	0
0	0
0	0
0	0
0	0
0	0
0	0
1	0
1	0
0	5
0	5
10	52
1	87
0	93
0	96
0	91
2	92
3	61
0	13
0	12
0	10
0	3
0	0
0	96
313	0
379	149
0	149
0	19
0	20
0	13
0	13
0	12
0	12
0	0
1	0
0	1
197	10
4	10
5	10
0	10
40	185
18	167
2	190
0	82
1	172
3	9
1	18
4	36
0	25
0	187
0	19
1	3
0	3
0	7
1	3
0	0
0	19
0	1
1	1
0	0
6	3
0	1
0	0
1	2
0	11
0	11
183	58
0	51
0	334
24	120
0	376
0	158
6	49
8	63
0	40
1	165
0	7
1	13
0	17
2	165
0	0
0	0
0	0
0	0
5	177
0	261
4	261
0	199
0	267
0	119
0	35
1	30
2	14
0	76
0	33
0	79
0	43
0	26
0	0
0	0
0	3
0	0
0	3
18	74
5	67
0	36
4	48
0	22
0	26
0	8
0	8
0	2
0	1
0	2
0	0
130	1058
0	911
29	392
2	29
0	30
1	6
0	2
0	12
0	12
0	17
0	16
0	15
2	12
0	0
0	173
0	316
0	317
0	318
1	292
0	264
0	41
6	20
0	4
8	12
4	12
1	122
1	48
0	18
0	321
0	0
0	0
0	0
0	84
0	78
0	13
0	15
0	18
1	27
2	10
0	140
0	140
0	0
0	0
0	0
0	20
0	121
0	81
0	123
7	67
2	2
1	95
4	9
0	118
0	24
4	82
2	51
0	144
6	142
0	46
0	104
0	94
0	88
0	13
3	4
0	2
0	4
138	250
0	191
1	142
0	40
3	730
1	706
4	554
7	364
0	32
0	708
0	157
0	147
0	69
0	428
1	50
22	120
1	37
7	28
4	72
0	72
0	12
0	65
0	0
9	0
0	0
0	0
0	0
0	0
0	0
0	73
320	256
0	130
1	51
2	183
0	0
0	0
0	48
6	48
0	39
6	39
1	1
0	18
1	8563
10	209
1	196
0	47
35	5
0	0
0	0
0	1
0	1
0	5
0	310
10	0
0	0
66	12
1	11
7	7
19	75
0	83
6	86
0	22
0	25
0	18
0	22
0	13
0	10
0	0
0	311
0	19
0	15
0	15
0	0
0	0
0	0
0	0
0	0
0	0
0	0
0	0
0	0
4	0
0	0
0	0
0	0
0	0
0	0
0	0
10	0
0	0
0	0
7	28
0	28
0	157
698	279
11	10
0	62
0	73
3	0
12	25
5	0
6	18
11	0
1	25
5	13
1	2
0	2
0	0
0	0
0	0
0	0
0	0
0	0
0	0
0	0
2	40
0	3
0	2
0	3
0	6
0	3
1	0
4	0
0	28
0	25
0	1
0	10
0	11
1	3
3650	3108
3	2834
1	806
8	274
121	179
1	28
0	32
3	48
0	81
86	258
3	50
10	246
0	0
2	27
0	38
0	26
4	26
0	24
0	1
3	0
0	0
0	0
0	0
0	0
0	0
0	0
0	1
0	1
0	1
0	0
0	0
0	0
0	0
0	0
0	0
3	23
2	6
9	32
64	66
4	10
0	32
0	65
0	16
0	0
0	0
0	0
156	91
0	30
0	27
0	1
0	41
0	0
0	103
1	62
1	103
3	95
0	20
4	26
0	4
0	107
4	28
0	5
1	106
0	4
1	9
0	4
2	42
6	17
0	32
2	8
1	0
36	37
0	22
0	27
0	12
0	0
0	0
0	0
0	0
0	0
0	0
0	0
0	0
0	0
0	0
20	52
0	31
0	12
0	19
0	33
0	1
0	0
0	23
0	0
0	4
0	7
0	9
0	0
0	1
0	1
0	0
2	1
0	1
0	0
0	1
0	1
1	0
0	0
0	0
0	0
0	0
0	0
0	0
0	0
0	0
0	0
0	0
0	0
0	0
0	497
16	499
0	219
0	483
3	65
1	136
14	1
3	1
186	2438
202	2457
0	811
0	478
0	374
2	310
22	242
1	749
4	711
0	0
0	0
0	0
0	0
0	0
0	0
0	0
1	0
2	3
0	0
0	0
0	0
0	3
0	119
0	141
1	74
0	104
6	73
1	75
0	43
0	31
0	30
0	30
0	10
1	125
31	0
99	1696
0	17
1	116
0	323
0	319
0	22
0	321
0	17
0	61
2	318
1	25
0	15
0	0
150	434
0	436
0	5
0	108
0	57
0	125
0	65
0	89
10	75
0	4
1	17
0	19
0	14
0	3
2	2
32	3
0	5
0	1
0	0
0	5
60	33
1	33
0	0
0	0
0	0
0	0
0	0
33	2
0	2
207	52
0	52
6	52
2	45
0	36
1	38
0	0
8	101
3	84
0	84
0	68
1	101
0	5
0	0
2	5
0	13
0	0
0	0
0	0
0	0
0	0
14	162
2	104
0	228
4	223
2	17
0	2
0	8
2	122
3	0
0	0
1	0
0	0
0	0
0	0
0	0
0	0
0	0
0	0
9	88
0	4
0	5
1	11
0	12
0	12
0	88
0	0
0	0
365	137
0	137
0	0
0	0
0	23
1	2
0	21
0	0
0	0
0	0
0	0
0	0
0	0
0	0
1	0
0	0
0	8
0	7
1	0
0	1
0	3
0	51
0	59
0	2
0	53
0	54
0	75
4	82
4	5
0	20
5	18
0	18
9	0
0	0
0	0
0	0
0	23
3	122
1	39
0	118
0	51
0	0
0	40
0	29
0	660
0	632
0	109
1	93
0	242
0	1
0	29
11	29
0	1
0	0
0	0
0	0
0	1
0	0
0	0
0	0
0	0
0	1
21	2
0	2
0	1
0	11
1	12
2	10
0	12
0	0
165	414
5	357
0	416
4	13
0	50
0	331
0	30
2	41
0	27
13	26
12	0
8	26
0	21
7	1
0	0
0	0
0	0
0	0
0	33
1	3
0	56
0	433
0	71
0	432
0	47
0	48
0	12
0	3
10	51
0	3
3	4
0	9
1	0
0	6
0	6
0	3
0	0
0	0
0	0
0	0
0	0
0	0
0	0
4	140
2	79
18	127
0	138
0	24
11	109
0	102
0	105
0	6
0	0
0	0
0	0
0	0
0	0
0	0
0	0
0	0
0	0
27	0
0	1
0	0
0	1
0	1
0	1
0	1
0	0
0	0
0	0
0	0
0	0
0	0
0	0
0	0
0	1
0	1
0	0
0	1
0	211
0	2967
0	2989
0	155
0	1846
0	114
4	68
3	75
23	662
4	1334
151	418
0	2914
0	35
0	35
0	8
0	1
0	5
3	7
0	0
0	2
0	7
0	4
0	2
0	0
0	0
0	0
0	0
0	44
3	692
61	352
15	692
12	370
0	389
0	137
0	1093
44	164
0	1047
3	1077
0	1109
3	104
4	59
1	151
0	191
10	104
2	64
0	108
1	319
15	337
0	339
0	319
1	264
5	39
1	49
4	25
40	31
0	25
0	23
0	31
0	22
1	0
1	2
0	3
0	3
0	2
1	2
0	1
0	1
0	0
0	0
0	3
0	3
0	22
167	8853
0	8853
11	1065
0	131
29	742
0	719
0	14
0	13
0	13
0	7
0	0
0	4
0	4
0	1
0	4
0	4
0	4
0	206
80	64
21	54
0	27
0	24
2	27
0	0
0	0
0	0
0	0
0	0
0	7
107	4627
1	1997
0	2618
35	3133
5	991
0	0
0	0
0	0
1	26
0	26
0	9
0	11
0	0
0	8
0	124
0	169
5	160
0	117
4	23
3	0
0	22
0	85
0	86
0	28
4	18
0	10
4	8
0	0
0	4
4	1
2	0
464	21
0	21
1	53
0	53
0	0
0	0
0	0
0	0
3	11
36	11
0	55
0	55
7	1234
11	1226
84	197
171	54
111	61
12	0
2	1121
40	0
0	0
1	0
0	0
202	0
109	291
0	30
0	288
0	68
1	2
0	6
0	14
0	12
0	38
0	22
0	36
0	42
0	15
0	0
1	8
0	2
0	0
0	7
0	5
0	5
18	1
0	1
2	0
12	7
0	7
0	6
3	75
0	57
1	54
1	13
0	74
0	74
0	65
0	77
0	16
0	11
0	2
0	19
0	17
0	18
0	0
0	0
0	1359
13	1338
0	1306
21	20
0	117
0	1335
55	76
0	1342
0	1362
0	51
0	1240
4	1032
1	167
23	0
7	56
4	96
3	2
0	96
0	57
1	60
1	10
2	55
0	11
0	11
0	11
1	11
0	11
0	11
0	8
0	1
0	3
0	3
0	0
0	3
1	2
11	0
0	9
0	9
0	9
0	11
0	8
0	0
0	3
0	2
0	3
53	458
0	458
1	141
0	141
21	3
2	0
0	3
0	39
0	14
0	15
0	15
0	1
0	0
0	1
0	1
128	0
2	3
0	2
0	1
19	103
0	103
0	4
11	16
0	2
0	16
0	0
71	0
2	115
0	35
1	113
1	11
4	4
1	0
0	87
0	68
0	53
0	57
0	0
1	88
0	0
2	140
0	56
3	22
4	7
1	0
21	5
0	5
0	0
0	0
0	0
0	0
0	0
1	11
0	11
0	2
2	1
1	1
0	1
1	0
0	1
0	85
0	161
0	57
0	5
0	15
0	159
0	58
1	32
39	146
0	135
0	19
0	6
9	73
0	72
0	13
0	66
0	67
0	9
0	9
0	5
0	6
0	8
0	5
0	6
0	6
0	10
0	3
0	0
7	4
0	2
49	0
0	208
0	16
0	0
2	25
0	0
23	208
2	0
0	61
0	0
59	61
0	13
0	0
4	16
0	27
3	0
0	0
3	13
3	13
60	0
0	0
0	0
0	0
1	227
13	267
0	177
0	336
0	260
68	17
0	336
13	7
3	7
0	82
0	93
0	34
0	19
0	0
0	0
0	0
0	1
0	1
0	1
0	1
0	0
33	88
323	102
0	26
0	14
42	36
0	18
0	14
0	4
0	15
5	6
9	4
0	6
0	14
66	1840
1	1823
1	1110
0	411
1	190
0	24
3	17
6	97
3	419
2	17
0	433
3	68
30	23
57	338
1	85
2	43
0	14
1	35
0	34
0	0
0	4
19	2613
3	1849
0	2333
7	131
2	751
7	3
0	1
0	1
0	1
0	0
20	174
4	69
6	173
0	39
0	0
0	0
0	0
0	0
0	0
0	0
0	0
0	0
56	39
0	26
0	16
0	13
1	0
0	0
3	174
0	162
0	17
0	24
0	42
0	146
0	124
0	130
0	135
8	33
2	12
0	37
1	2
194	95
5	95
0	3
12	0
0	1
0	29
0	0
5	11
0	29
0	31
0	27
0	27
0	5
0	8
0	4
0	20
0	0
0	0
0	8
0	284
0	270
1	5
0	61
0	267
0	34
0	61
0	252
0	9
1	19
2	6
0	7
2	7
1	8
0	1
0	3
0	0
0	1
0	6
2	6
0	8
0	1
0	0
0	2
29	179
0	181
0	114
2	44
0	38
1	92
6	8
0	69
0	8
14	2
71	55
0	18
0	37
36	745
0	77
0	110
1	76
0	745
178	0
8	636
9	549
0	521
42	16
65	14
4	87
0	0
2	152
0	520
0	1
0	0
0	0
0	0
0	0
0	1
8	250
4	238
0	81
1	3
0	77
0	2
1	226
0	26
0	8
5	5
5	4
9	323
0	323
0	0
0	0
0	0
0	0
0	77
0	145
21	148
0	63
0	127
0	23
0	18
0	48
2	15
0	116
2	16
0	36
0	73
0	45
0	16
0	11
6	768
10	101
0	73
0	611
0	612
6	684
0	600
0	0
0	0
0	0
0	0
0	0
0	0
0	0
0	0
0	0
8	279
12	279
0	50
1	178
0	12
0	22
1	26
0	4
2	279
35	122
2	122
9	102
0	5
2	1655
0	1884
2	87
0	422
0	422
0	415
5	194
13	331
1	269
0	340
7	37
0	27
0	0
27	38
0	38
0	38
0	13
0	5
0	14
3	2410
10	1054
22	2410
1	576
2	573
405	764
3	798
0	431
0	146
9	156
2	152
2	88
0	113
4	41
0	63
0	7
2	7
0	7
6	97
2	112
0	85
2	76
0	50
0	49
0	35
2	0
0	0
0	0
0	207
0	103
0	200
0	208
0	133
0	132
0	47
0	25
1	17
0	18
0	20
0	4
1	123
1	125
0	28
0	4
3	6
0	177
10	1487
67	1477
33	359
28	347
17	0
19	85
3	57
8	73
13	481
0	515
1	287
0	74
0	33
0	1
0	1
0	0
26	1740
0	1740
34	166
0	67
16	67
3	85
2	87
21	1732
0	8
0	3
0	8
1	2
0	0
0	0
0	0
0	172
0	0
9	70
0	70
0	4
0	18
0	14
0	21
0	1
0	1
1	18
0	22
0	19
0	13
0	21
0	360
1	36
0	425
4	421
0	8
0	16
0	79
0	50
1	424
189	253
28	253
30	23
8	17
2	15
0	1
0	22
0	0
0	0
0	0
0	0
0	912
0	923
0	898
0	1
0	1
0	1
249	93
0	48
2	32
0	29
0	0
0	0
3	0
4	0
0	0
0	0
0	0
0	0
0	0
0	0
0	78
0	70
9	20
0	54
0	19
0	14
0	0
0	4
0	28
2	82
18	73
0	16
0	49
0	32
0	30
0	15
0	8
0	0
2	436
0	44
23	78
1	20
14	436
0	46
0	7
0	46
2	377
0	324
53	218
0	181
0	174
5	125
0	378
1	426
43	421
0	467
0	530
0	625
8	388
16	42
0	72
20	29
2	12
1	600
0	0
0	0
0	0
0	0
0	0
0	0
0	0
0	1666
0	758
0	10
1	0
0	1367
0	1365
0	1614
0	447
0	1367
0	0
0	0
0	12
1	1788
0	485
8	1708
0	1510
12	1697
0	107
1	402
0	1187
0	1187
0	336
0	1611
0	1730
0	10
499	0
0	0
0	0
0	0
0	0
0	0
0	0
0	2
0	2
0	2
0	2
0	1
0	1
0	0
0	0
1	1
0	0
0	2
1	2
137	163
0	159
0	26
0	30
0	75
0	71
0	68
0	15
0	3
0	11
0	33
0	17
0	8
2	20
0	20
0	6
20	932
5	115
0	740
0	48
0	18
0	20
0	30
0	334
7	932
104	566
0	447
23	222
2	441
0	73
0	22
0	477
0	431
3	53
0	53
0	53
0	53
0	458
0	38
0	88
1	81
1	44
0	61
0	53
4	5
0	5
13	211
1	186
0	28
0	74
0	16
10	0
2	1
0	1
0	0
0	0
0	0
0	1
0	118
4	2651
0	2327
1	2601
0	317
1	249
0	2110
0	1
0	298
3	237
0	70
0	141
3	141
0	82
3	25
0	0
0	27
12	27
0	6
0	1
0	12
0	23
0	7
9	118
0	66
297	317
5	317
18	19
0	46
0	0
0	0
0	0
0	2
0	5
0	3
0	3
0	1
0	2
0	1
0	1
0	1
0	0
0	2
0	0
0	0
0	2
0	2
0	0
0	0
0	0
187	44
0	44
5	174
7	253
0	253
0	33
0	31
3	11
0	66
0	66
0	11
0	22
0	8
0	8
0	66
2	24
0	0
0	24
0	24
0	21
26	65
2	9
2	51
0	21
0	1
3	36
0	14
87	586
0	493
0	536
0	44
0	46
0	42
19	70
0	9
0	43
0	79
0	50
0	20
0	22
0	36
7	54
0	33
0	23
0	20
0	16
5	6
0	3
0	9
0	176
1	168
0	50
0	52
0	0
1	176
1	0
0	0
0	270
0	270
0	276
0	270
0	262
0	292
0	211
2	15
2	194
0	76
0	86
0	88
0	61
1	207
0	126
0	171
16	79
7	1
0	0
0	0
227	0
0	0
1	4
23	347
2	310
0	132
0	25
0	5
0	5
0	6
0	10
0	13
0	28
0	7
0	8
0	29
2	0
0	0
0	0
0	0
0	0
0	732
28	454
2	928
0	324
1	217
133	5701
99	5029
10	353
0	2812
7	2812
0	2
0	1
0	1
3	3
0	38
2	7
2	2
0	20
0	31
1	18
0	4
16	14
44	51
0	43
0	55
0	6
0	9
0	34
0	34
0	0
0	0
361	56
6	56
106	274
0	264
5	100
10	11
0	431
2	59
2	0
0	47
0	48
1	98
3	195
0	0
0	372
4	123
6	106
0	106
0	48
0	53
0	40
7	9
6	121
0	31
0	29
0	29
0	6
0	3
1	0
71	0
0	591
0	323
82	716
3	17
2	39
0	64
0	29
10	704
0	0
0	0
0	0
0	0
0	0
31	84
18	84
0	0
0	0
0	0
0	0
2	23
12	206
3	93
0	18
0	20
0	79
5	82
43	2
0	17
0	19
0	35
11	3
5	18
0	64
4	62
0	62
0	60
0	24
0	55
0	10
10	47
1	4
0	14
0	3
0	2
0	2
0	1
0	1
0	0
0	4
0	0
19	0
63	1
40	418
0	14
12	418
0	59
0	6
0	5
0	0
0	1
0	6
66	212
3	214
0	202
0	39
0	15
0	11
1	16
59	14
0	14
0	40
2	45
0	15
0	6
3	0
0	0
1	827
0	123
0	55
0	45
0	831
3	16
0	11
0	14
11	42
0	42
0	4
0	110
0	159
0	31
0	42
2	78
16	235
0	224
5	23
0	995
0	995
0	978
0	208
0	261
11	13
19	60
0	195
0	111
0	894
12	995
4	0
213	17
0	14
1	3
0	0
0	0
0	0
0	0
1	267
0	266
0	29
1	4
0	0
0	0
0	7
0	3
0	4
0	1
0	2
6	158
0	154
1	134
0	45
0	23
1	1
0	1
0	0
1	0
2	0
0	0
0	629
0	564
6	630
0	670
101	725
0	527
0	47
0	183
0	3
0	115
6	1
371	1113
0	1038
10	75
0	0
0	0
0	294
6	294
1	27
11	24
0	1
0	1
69	199
3	129
0	199
2	30
3	8
0	11
0	11
2	11
0	15
0	18
0	11
0	11
0	15
5	13
0	6
4	13
183	1378
0	25
0	7
0	2
0	2
0	2
0	0
20	25
136	60
0	60
72	476
3	468
3	471
0	68
4	37
2	44
0	29
0	20
0	22
0	62
0	76
7	27
0	86
0	56
1	0
9	1
0	1
22	185
0	62
0	57
0	31
1	12
0	2
0	188
0	328
0	331
0	30
0	30
0	70
0	68
0	36
0	26
0	19
1	89
0	89
0	43
0	35
0	24
3	0
0	328
6	2
1	2
0	0
0	0
17	14
0	8
1	6
2	579
2	574
0	562
1	231
0	374
0	469
0	98
0	303
3	223
0	253
0	579
0	28
2	0
0	7
0	4
0	0
0	3
0	4
0	4
0	3
0	0
2	0
0	28
0	1
0	1
0	1
0	1
4	0
0	0
0	0
0	0
1343	819
14	635
0	306
12	21
58	249
0	31
1	169
0	86
0	101
1	117
1	156
0	0
0	0
0	0
0	44
3	44
0	44
0	44
0	9
2	9
2	128
0	399
0	396
12	402
0	384
0	251
0	10
0	12
0	8
0	15
0	6
0	4
0	0
0	0
0	909
0	0
0	1172
0	0
0	0
0	0
0	0
0	0
0	0
0	0
5	128
65	0
7	34
20	0
7	33
0	1165
46	368
7	187
0	332
0	65
0	9
0	0
0	0
0	1
0	0
0	1
193	114
2	110
0	62
0	38
24	50
1	0
0	15
0	35
22	0
1	33
0	33
0	0
0	0
1	29
0	41
0	43
0	15
0	6
0	4
7	2
0	5
1	5
0	1
0	43
936	0
13	0
0	51
0	50
0	51
0	50
0	12
0	13
0	1
1	0
0	51
13	12
0	13
0	9
1246	7409
2	5759
0	3466
1	2975
0	0
6	0
228	31
40	31
0	244
0	226
0	24
7	18
0	73
0	70
0	70
0	45
0	34
2	5
0	4
1	5
0	7
0	2
0	6
0	3
0	0
0	0
1	533
18	325
4	483
53	346
0	0
0	0
0	0
0	0
0	0
0	0
0	0
0	0
1	6
0	17
1	17
0	1
0	2
0	11
0	0
0	1
12	6
0	6
0	1
0	1
0	0
0	0
0	0
0	0
0	0
218	226
0	40
0	9
0	32
0	44
2	115
0	14
0	0
0	0
0	0
0	0
0	0
0	0
0	0
0	173
0	19
0	22
0	159
12	177
0	59
0	2
0	153
0	94
3	24
0	170
2	45
2	18
0	16
0	33
0	45
0	42
0	20
0	0
0	4
0	3
0	6
0	3
0	3
0	3
0	3
0	0
0	2
0	45
296	29
2	29
4	1
131	206
0	0
45	206
0	0
0	0
0	0
0	0
0	0
0	0
0	0
0	0
2	244
0	245
17	244
0	233
0	42
37	354
0	36
40	290
2	11
0	65
2	104
1	50
46	619
72	619
0	0
0	0
417	781
3	667
0	227
9	301
0	74
0	10
0	10
0	0
63	0
0	0
58	74
1	36
0	64
0	44
12	18
1	13
0	7
0	17
6	21
0	56
0	31
0	51
0	51
0	51
0	11
0	38
0	14
0	31
3	12
0	7
0	3
0	0
0	0
0	0
0	0
0	0
0	0
15	11
0	0
0	7
0	7
0	11
1578	209
0	209
0	0
0	154
9	154
0	97
13	236
1	111
5	112
11	119
0	8
0	371
0	363
0	110
1	60
0	211
0	18
3	97
10	43
12	70
1	29
0	37
0	14
0	0
0	13
0	0
0	14
0	39
2	39
21	191
0	195
0	198
1	177
1	8
34	23
1	11
2	5
0	9
0	8
0	0
0	0
0	0
0	0
0	0
0	0
0	0
0	0
92	1025
4	424
8	1017
2	36
0	72
0	267
2	4
3	405
0	126
1	46
6	4
0	73
0	117
0	346
0	344
0	140
0	308
0	283
6	85
0	242
0	86
1	98
12	73
0	28
0	71
0	17
0	68
1	75
192	311
0	311
0	59
0	39
5	127
1	0
0	6
1	3
1	8
1	0
0	7
0	0
0	0
0	0
0	0
6	1038
0	1025
6	1031
0	105
4	209
5	744
1163	1154
0	175
0	159
1	136
38	16
0	0
10	16
0	11
0	0
0	3
0	1
16	41
0	40
6	1
0	7
0	7
0	7
0	7
0	7
0	5
0	1
0	0
0	11381
0	3452
0	772
0	6420
2	4170
0	3551
7	1925
10	801
0	11215
10	4
0	0
0	0
0	0
0	4
94	158
3	158
0	59
11	23
0	11
0	12
0	1
0	1
0	66
0	14
3	7
0	6
0	64
1	62
435	0
0	28
0	12
77	28
0	0
0	0
0	0
0	0
25	259
163	123
0	100
1	8
1	15
0	21
4	8
3	3
1	38
0	26
0	20
0	118
0	152
4	42
0	71
0	107
0	134
0	32
0	35
0	50
0	166
0	0
0	0
0	0
0	0
0	0
0	2
0	2
0	1
42	259
0	80
3	71
0	19
3	4
0	71
0	10
11	0
0	0
1	2
0	0
2	2
0	0
1	40
2	31
13	351
0	350
0	272
0	35
0	69
339	318
0	40
0	117
0	195
0	127
2	40
0	40
0	11
0	5
1	20
2	11
0	9
0	3
2	0
0	0
0	0
0	0
0	0
0	0
0	0
1	0
0	4
2	1
0	5
0	0
0	0
16	0
0	407
5	248
5	68
1	109
3	18
1	50
0	477
0	485
0	482
0	129
6	508
20	486
0	479
0	272
89	8
0	8
269	119
1	115
2	89
0	77
0	28
7	77
0	27
0	32
7	77
6	1
0	9
1	20
0	158
19	300
1	84
5	10
0	13
0	48
19	131
0	59
0	86
0	68
5	3
2	0
0	0
0	0
2	50
0	39
1	31
3	3
0	9
0	5
1	0
0	34
0	16
11	105
0	105
0	14
0	0
0	0
0	0
0	0
0	0
0	0
0	0
0	140
0	144
0	0
0	64
19	4
11	145
27	140
0	92
0	135
20	176
0	373
5	360
138	0
0	0
0	0
0	0
0	0
4	898
1	979
0	933
2	107
2	71
0	95
4	834
106	943
4	76
0	166
3	112
0	119
5	2
0	338
0	67
0	98
4	254
15	21
2	18
1	17
3	0
0	0
0	0
0	0
0	0
0	0
0	0
0	0
0	0
5	88
5	88
1	3
0	0
50	442
2	442
0	20
0	111
7	22
1	3
0	4
0	13
0	242
10	0
0	232
0	222
0	32
0	222
0	209
0	92
7	90
261	182
3	55
28	0
0	2
0	1
1	2
0	0
0	1
0	0
0	0
0	6
0	6
247	30
0	30
0	292
0	25
45	292
0	0
0	0
0	0
0	0
0	0
0	6
0	2
3	16
0	23
0	20
0	4
0	25
0	93
0	15
1	8
0	122
0	118
71	0
1	79
37	28
220	142
0	128
2	100
0	1
1	38
0	3
0	39
1	3
1	4
0	39
210	0
20	3
0	3
418	105
0	105
0	21
0	33
72	87
0	13
0	82
0	13
0	4
0	4
0	2
0	0
8	4
2	6
54	6
0	0
0	0
0	0
0	0
0	0
0	0
0	569
0	1094
0	1100
2	7
1	1108
0	0
0	88
0	1035
3	9
0	14
4	0
62	28
0	6
0	40
39	100
3	95
0	28
32	10
0	20
0	0
0	0
0	0
1	1
0	1
0	0
0	0
0	0
0	0
0	14
0	115
0	27
1	107
3	115
0	6
0	6
0	0
36	323
0	158
21	29
0	158
0	12
0	91
0	20
0	6
0	153
0	317
38	298
12	263
0	190
0	187
0	132
0	42
0	3
0	0
0	0
0	0
0	0
0	0
3	0
0	0
0	0
0	0
0	0
30	15
3	15
19	2
6	2
0	0
0	0
0	0
0	0
0	0
0	220
2	0
0	0
0	0
0	0
0	0
0	0
0	0
0	0
42	0
0	0
0	0
0	0
0	0
0	294
0	310
2	51
7	26
6	85
0	44
11	77
0	20
10	668
2	659
0	119
0	213
11	93
127	683
218	0
0	0
0	0
0	0
0	0
63	24
1	5
0	5
0	5
0	17
0	5
2	15
0	2
0	0
0	0
0	0
0	0
0	10
4	9
4	37
165	204
1	166
1095	131
16	131
25	101
1	85
0	38
0	24
0	21
0	0
468	47
0	47
1	53
45	182
0	10
0	78
1	10
0	441
16	438
0	44
17	96
0	429
219	60
0	60
0	24
0	32
0	19
0	18
0	17
0	3
0	4
0	4
0	7
0	2
17	28
0	0
0	0
414	72
1	72
0	10
0	10
0	0
11	5
0	5
0	4
0	4
0	4
0	0
0	0
1	0
1	0
0	0
0	0
0	11
0	11
0	11
0	11
1	0
0	0
0	0
0	0
53	0
2	12
0	51
0	51
0	0
0	12
0	0
0	0
0	0
0	0
0	0
0	0
1	4
0	4
106	151
10	152
2	1
0	5
1	16
16	4230
0	4040
1	4020
0	2406
0	1990
2	2400
0	2174
1	1791
2	1571
2	1743
0	1488
0	1185
7	320
209	320
0	169
3	47
2	0
3	18
0	0
0	0
0	0
0	124
0	91
0	123
0	17
0	126
0	103
5	7
0	126
0	0
0	8
0	15
0	155
0	152
0	33
3	256
3	256
0	63
0	70
0	76
0	41
0	36
1	21
0	9
0	0
0	0
22	147
0	129
0	202
1	306
614	306
0	0
0	0
0	0
0	0
0	0
0	0
0	68
0	9
315	72
0	0
0	0
0	0
15	261
0	210
15	256
0	0
6	158
0	20
0	41
0	33
794	31
64	31
0	4
0	27
0	41
0	2
0	41
0	41
0	2
0	41
0	4
0	167
9	167
1	166
0	0
0	0
0	0
0	0
0	0
0	0
0	0
0	0
1	0
0	24
1	7
0	5
0	6
0	18
83	0
0	0
0	0
0	0
0	0
0	20
0	6
0	1
4	0
0	20
69	7
2	61
0	61
0	0
0	0
0	0
0	0
0	0
3	0
0	0
0	0
5	10
0	8
1	8
0	3
0	0
0	0
19	219
0	2
0	2
20	257
0	269
0	114
3	118
0	162
1	171
0	158
0	29
0	74
0	52
51	0
34	0
211	326
0	75
9	251
0	0
0	0
6	114
0	241
8	160
0	141
3	140
0	91
0	56
0	16
0	26
0	241
1	241
0	8
15	3
7	0
0	0
0	0
0	0
0	0
0	0
0	0
0	0
0	0
0	0
0	0
0	0
0	0
0	0
1	0
1	0
0	206
0	72
0	462
0	42
0	17
0	193
0	402
48	0
4	58
0	465
14	3
1	3
172	144
1	144
0	0
0	0
12	0
0	0
0	0
0	2
0	0
0	0
0	2
0	2
0	4
0	4
0	4
0	4
1	4
6	0
0	4
0	0
0	0
0	0
365	73
0	70
3	53
2	0
0	25
0	0
1	0
0	0
3	25
0	25
0	25
5	46
3	20
1	43
0	13
0	0
3	6
0	7
1	2
1	86
0	4
0	13
0	86
0	71
79	0
23	57
3	56
2	14
1	25
2	12
2	4
4	87
0	83
0	56
0	34
72	3301
0	361
3	3301
0	0
2	0
0	32
14	319
2	288
6	27
1	76
12	45
0	40
0	26
197	0
0	1136
3	22
12	124
1	146
0	1089
0	120
0	33
9	146
9	115
8	76
0	1174
0	0
0	1442
0	33
21	1527
0	1524
0	1527
0	40
0	34
0	1570
0	1558
227	0
26	13
0	7
0	13
1	0
4	13
226	23
1	22
40	0
44	0
0	0
0	0
0	0
0	0
0	0
0	0
0	0
0	0
0	2
0	2
0	0
0	0
0	0
2	249
0	53
1	5
0	37
3	249
0	0
0	0
0	16
0	16
0	16
0	16
0	0
0	0
0	1
0	0
0	0
0	0
0	0
0	16
196	19
0	1
0	10
2	8
14	438
11	438
0	2
0	0
0	0
0	2
0	1
0	1
0	0
0	0
0	0
0	0
0	0
0	0
0	0
0	3
0	3
0	0
1	0
0	1
0	1
0	1
0	0
1	197
0	27
17	200
0	30
46	27
1	5
0	22
0	11
3	134
0	182
5	209
0	211
3	47
1	27
0	54
3	101
61	87
0	116
0	45
2	120
2	21
0	140
0	0
0	0
0	0
0	0
0	0
0	39
0	39
0	2
0	45
8	36
0	20
2	3
8	86
1	39
11	0
0	239
0	178
0	46
0	2
0	559
0	814
0	237
0	38
42	40
1	800
0	21
0	183
0	0
1	184
0	162
10	390
1	398
0	0
0	1
0	1
0	0
0	0
0	1
0	1
0	0
0	0
0	0
0	0
2	0
2	7
0	6
0	0
0	2
0	4
0	7
0	6
0	5
0	5
0	0
0	0
0	91
0	4
0	10
0	92
0	8
1	0
0	1
0	1
0	5
1	8
0	7
0	0
0	0
0	0
0	0
88	225
21	225
7	120
0	0
0	0
0	0
0	0
0	0
0	0
0	0
0	0
0	47
0	19
11	2
0	190
0	118
0	198
79	198
0	0
0	0
0	0
9	4
0	4
1	28
50	37
4	7
0	0
0	7
0	0
0	0
0	0
0	0
0	0
0	0
3	0
0	0
0	0
0	0
0	0
0	3
0	1
0	6
0	3
0	1
0	15
0	0
8	16
0	3
0	0
0	0
0	0
0	0
0	0
0	0
0	36
5	47
0	52
0	45
0	21
0	1
2	45
0	0
0	0
0	1
4	2
0	1
0	0
1	2
0	0
0	1
0	0
164	463
6	257
10	433
4	175
0	69
6	39
0	11
0	36
0	30
1	16
0	16
0	11
0	6
0	2
0	6
0	6
1	6
0	6
0	6
0	2
0	4
0	2
0	5
0	0
0	0
0	1
0	0
0	0
43	73
0	73
0	7
0	8
0	7
0	0
0	0
0	0
0	0
0	9
1	891
6	206
10	891
2	25
0	0
0	0
0	0
0	0
0	0
0	0
0	2
0	2
0	2
60	76
2	76
0	12
0	2
8	481
7	464
10	10
8	33
7	7
0	153
1	148
0	18
0	481
0	0
0	0
0	0
1	0
185	26
0	0
0	0
3	0
0	0
0	0
0	0
0	0
0	0
0	0
0	0
0	0
76	336
0	295
0	36
1	35
0	30
0	0
0	0
0	0
0	0
0	0
0	0
0	0
0	0
0	0
0	0
0	0
0	0
0	0
0	0
1	39
4	135
0	120
0	154
0	126
0	100
1	81
0	22
0	53
0	42
41	25
0	10
0	39
1	35
0	10
0	28
2	28
0	1
0	1
0	1
12	3
0	0
0	3
0	0
0	3
0	1953
7	221
27	1986
58	0
318	62
23	6
0	34
0	24
0	0
0	0
0	0
0	0
0	15
24	10
0	10
0	17
0	18
0	17
0	0
0	0
0	0
0	0
0	0
0	5
0	5
0	10
0	5
0	0
2	0
0	0
0	5
0	5
0	5
0	5
0	0
0	10
0	10
0	10
0	8
1	8
0	1
1	0
0	0
6	1
0	0
0	0
0	1
0	0
0	0
0	0
0	1
0	40
3	40
0	21
0	24
0	18
0	20
0	6
0	5
0	120
0	120
0	123
0	105
0	87
3	18
0	14
1	14
0	1
126	754
9	604
2	7
0	519
0	64
0	229
12	14
89	38
0	2
0	37
0	7
0	0
0	0
0	0
0	0
0	0
0	0
8	18
0	18
0	1
0	60
2	59
0	11
0	0
0	0
0	3
0	3
0	3
0	3
0	0
0	3
0	3
0	0
0	0
0	3
0	0
0	3
0	3
0	0
0	3
0	0
0	3
9	234
0	251
1	20
0	212
0	215
1	7
0	12
0	148
0	20
0	11
0	19
0	14
13	101
0	87
30	0
0	0
22	88
9	92
43	123
5	31
8	38
3	10
0	22
0	17
0	16
0	12
1	0
0	7
0	1
0	3
1	76
5	76
0	8
0	0
0	1
0	5
0	5
93	156
0	21
0	42
0	25
0	36
0	33
0	45
0	49
0	29
0	0
0	3
0	1
0	3
0	1
0	0
0	3
6	0
1	5
0	5
0	4
0	2
0	2
0	0
0	0
3	1
0	1
0	0
0	23
0	23
0	23
0	7
0	1
0	0
0	0
0	21
0	1
0	2
0	6
0	6
1	21
693	587
0	480
1	349
0	233
0	19
0	350
0	308
0	68
1	59
0	61
0	323
0	15
0	37
0	9
0	11
1	290
0	76
0	884
3	563
1	884
117	5
47	10
6	0
3	7
2	9
0	0
0	0
0	0
0	0
0	0
0	0
0	0
0	0
0	4
0	1
0	0
0	0
0	0
0	0
0	1
0	0
0	7
0	8
0	187
4	187
0	65
0	154
5	0
1	0
0	0
0	0
0	0
0	0
0	0
0	0
71	54
0	38
0	21
28	16
0	12
195	0
71	239
0	36
14	35
5	164
16	126
0	31
0	90
1	21
0	90
0	23
0	33
1	14
0	15
2	14
0	12
0	22
5	1
2	27
0	40
0	20
1	38
0	29
0	13
2	108
0	101
3	155
0	104
0	67
0	0
0	0
1	1
0	0
0	0
0	0
0	1
0	0
0	0
0	0
1	192
10	192
2	8
0	11
0	11
0	8
0	5
0	0
0	0
0	0
0	0
3	0
0	0
0	0
0	54
0	239
0	74
0	209
0	210
0	61
0	221
0	36
0	119
1	240
0	190
0	223
0	46
7	232
0	95
0	58
1	58
0	55
0	0
0	0
0	0
0	0
0	0
0	0
0	0
1506	885
0	315
0	680
0	3
0	3
0	0
0	0
0	0
0	1826
3	1826
14	489
3	44
0	489
1	13
4	0
1	17
0	17
0	4
0	992
0	951
0	880
0	1013
0	972
3	224
0	153
1	96
10	22
0	43
1	5
3	0
2	503
2	279
26	182
0	374
0	32
7	355
0	22
0	204
0	44
6	558
0	537
13	62
0	59
3	24
0	440
1	443
1	8
0	0
0	0
0	0
0	0
0	0
0	0
13	8
10	8
0	0
345	586
0	179
23	91
16	164
4	0
0	17
0	404
4	5
0	14
3	25
0	0
0	0
0	0
0	0
25	1219
0	1219
0	0
0	0
0	0
0	0
0	9
0	9
0	9
0	0
75	323
0	208
2	113
0	0
0	0
0	1
0	1
1	4
7	25
7	25
0	4
0	1
0	21
271	149
0	149
9	159
14	11
20	155
2	44
5	29
0	32
0	39
0	2
0	6
0	9
0	19
0	26
0	30
0	22
0	24
0	18
0	12
60	1202
9	62
2	914
3	911
0	0
0	0
0	0
0	0
0	0
26	1
0	1
0	1
0	0
0	0
0	0
0	0
0	0
113	15
6	13
0	7
0	5
0	1
0	179
0	175
0	5
0	176
0	5
3	13
2	150
57	7703
1	7703
2	6628
156	16
0	16
5	54
0	320
0	310
27	86
7	6
4	132
0	29
0	5
12	41
0	6
0	15
0	6
0	0
9	51
2	50
3	22
3	15
7	4
0	24
3	2
0	1
2	3
0	20
2	7
1	1
0	5
0	0
0	5
0	0
0	3
0	0
0	0
0	0
0	5
0	3
0	0
0	3
0	0
0	1
0	3
0	3
0	2
0	3
0	1
0	3
39	0
0	0
0	85
0	53
0	40
0	25
1	2
0	8
1	8
5	3
0	8
0	5
9	3
0	3
21	37
0	37
0	4
0	5
2	20
0	65
0	63
0	0
0	2
27	33
0	22
0	11
0	0
0	3
0	1
0	163
5	118
0	100
2	86
9	1027
4	289
8	74
0	283
1	1018
1	763
0	767
0	767
9	732
8	401
0	148
0	6
1	6
0	0
0	0
0	8
21	10
0	0
0	7
2	152
0	152
0	0
1	202
0	33
1	41
0	202
0	0
0	0
0	0
0	0
0	0
0	0
1	7
0	34
1	34
0	0
0	0
0	105
0	117
0	122
1	43
0	106
0	111
0	114
0	106
0	109
1	122
0	62
0	17
0	23
0	36
0	42
6	41
0	33
0	41
0	28
0	8
0	1
3	0
10	3
0	3
2	4
0	4
0	2
0	0
0	0
0	0
0	0
0	0
0	0
1	68
1	15
0	61
0	0
3	0
0	385
0	388
0	387
0	23
0	29
0	393
0	383
0	35
4	48
1	52
0	42
0	570
6	558
0	20
0	60
38	555
0	1
0	1
0	1
0	0
0	0
0	0
0	0
0	0
0	0
0	1
729	661
0	460
35	576
0	221
3	415
3	461
3	356
0	554
21	59
5	169
1	333
7	125
103	139
12	25
0	135
0	1
0	137
0	107
0	133
0	19
0	79
0	81
0	77
0	63
2	18
0	13
2	0
0	0
0	0
5	0
0	0
0	0
0	0
0	0
0	0
0	0
0	0
0	0
0	0
0	0
0	0
386	54
11	51
0	44
1	37
4	0
0	5
4	1
0	3
1	9
0	0
0	2
0	256
10	276
0	268
0	232
0	58
0	14
1	221
0	282
0	331
0	40
0	93
2	1
0	332
0	328
0	320
33	27
0	6
0	13
0	15
0	13
1	9
0	19
7	0
0	1
0	9
16	75
8	0
3	0
0	0
0	0
1	63
0	19
724	181
0	103
4	134
0	38
0	0
4	51
4	51
80	101
1	76
0	46
0	52
0	11
26	101
9	95
6	555
8	583
2	513
0	587
4	452
0	555
8	65
0	6
0	44
0	4
0	5
0	41
0	43
0	7
0	0
4	68
3	93
2	54
0	93
2	50
0	17
0	32
0	10
4	7
0	17
0	264
1	44
0	247
0	248
0	261
0	46
0	46
0	28
74	0
0	0
0	292
0	6
0	2
0	6
0	277
1	231
0	20
0	14
0	14
0	14
0	8
0	24
0	81
4	153
0	14
0	5
0	0
0	29
3	0
1	31
0	1
0	1
0	1
0	0
179	118
0	119
0	26
1	52
2	0
0	0
0	0
0	0
0	0
0	0
0	0
0	0
0	0
0	0
0	0
0	9
36	10
1	10
0	9
169	38
0	29
0	29
0	0
1	7
0	31
0	0
0	0
0	0
0	0
0	130
2	68
0	84
0	123
0	124
0	95
3	0
0	11
28	37
1	37
12	0
2	0
195	244
0	232
9	30
0	122
0	37
0	123
0	74
0	29
0	15
0	0
0	0
0	0
0	0
0	0
0	0
0	0
0	0
0	0
0	0
0	58
0	133
0	132
2	146
2	38
1	50
2	22
29	323
0	323
0	38
0	33
0	126
2	12
34	98
7	19
47	15
0	3
0	2
1	2
3	8
1	6
0	6
0	49
2	49
0	10
0	0
0	0
0	0
0	0
0	0
0	0
150	139
0	139
1	112
0	109
0	84
1	65
0	19
0	12
0	17
0	24
0	13
5	13
0	4
0	9
0	24
1	29
0	16
0	8
0	15
0	10
0	1
0	0
0	0
0	0
0	0
0	0
0	0
0	0
0	0
0	0
0	7
0	6
0	5
0	1
0	4
4	65
0	2
1	64
2	0
0	0
0	0
0	10
0	10
0	10
0	0
0	0
83	25
3	24
3	24
5	25
0	18
0	0
0	132
0	325
17	218
23	12
5	132
194	585
16	129
11	235
0	14
0	629
8	54
0	1775
0	1782
0	695
1	908
28	257
1	203
0	85
7	854
0	37
2	57
0	82
0	9
0	34
1	854
0	0
1	71
0	70
1	1
0	0
0	0
0	0
0	0
3	0
0	0
0	0
0	0
0	0
0	0
0	0
0	0
0	0
0	0
0	0
0	0
0	0
0	0
1	0
0	0
8	2
0	2
0	2
0	199
10	0
2	63
0	181
0	42
0	57
0	75
0	21
0	75
2	67
0	35
0	163
0	6
0	65
0	30
0	72
0	36
0	23
0	30
1	27
0	27
0	181
0	181
0	67
0	22
0	0
0	0
0	0
62	0
849	228
0	81
0	119
0	149
3	0
16	654
0	612
0	430
0	483
0	560
0	441
19	429
0	329
1	69
0	104
18	53
0	45
0	0
0	0
0	0
0	0
0	0
1	0
0	0
0	0
0	40
0	68
0	89
0	100
0	55
11	87
0	70
0	23
0	25
0	25
0	42
0	34
14	6
197	166
0	86
0	117
0	168
0	40
10	60
0	28
0	22
0	46
2	2
2	2
0	4
0	28
0	6
0	28
0	28
0	28
0	16
0	20
3	20
0	21
29	61
6	40
0	50
0	0
0	0
0	0
0	0
0	4
0	6
0	2
0	6
0	0
0	0
0	0
0	0
0	0
0	0
331	32
0	24
0	9
0	0
2	34
1	34
0	3
3	8
0	0
34	0
0	0
0	0
0	0
4	0
0	0
0	25
0	3
1	0
3	2
0	24
0	284
0	283
0	45
0	64
0	53
0	63
0	20
0	0
18	181
0	25
0	183
7	23
3	34
0	0
1	107
0	107
4	8
0	5
0	1
0	3
0	0
0	0
1	225
6	322
0	34
0	192
0	306
0	322
36	6
0	5
0	2
0	1
11	31
84	150
0	13
0	132
0	11
0	39
0	51
35	34
5	31
0	14
0	16
0	16
0	16
0	0
3	0
0	0
0	0
0	0
0	0
0	0
0	16
0	0
0	0
0	0
0	0
0	0
15	173
0	173
1	12
4	51
1	103
4	2
0	0
0	2
0	0
0	2
0	2
0	0
0	0
0	2
0	0
0	0
0	2
0	0
0	0
0	0
0	0
0	0
0	0
0	0
0	0
0	0
0	0
0	0
0	0
10	182
0	150
0	162
0	141
0	116
0	105
4	37
0	29
11	17
3	1
0	0
0	0
0	0
0	0
0	0
0	0
0	0
0	0
0	0
1	403
11	605
3	1
0	675
0	1
0	572
122	601
0	751
0	869
0	936
0	289
12	1
0	166
0	609
0	955
0	927
0	572
0	378
0	262
2	87
3	153
0	306
7	43
0	171
0	292
5	156
0	57
0	23
1	140
13	140
0	91
0	18
5	0
114	19
4	10
0	9
49	122
0	122
0	11
0	3
0	3
0	1
56	69
0	53
1	16
0	21
0	20
0	19
0	21
0	12
0	0
0	0
0	0
0	28
69	73
3	16
0	11
2	8
3	14
0	14
0	68
0	3
0	1
0	3
0	2
0	0
0	0
0	0
44	5
11	5
0	0
0	0
0	795
0	752
0	34
0	14
0	734
2	80
0	30
0	30
0	28
0	2
0	7
0	7
0	3
0	3
0	2
0	1
1	0
0	0
0	0
0	0
0	0
0	0
0	0
0	0
0	0
0	0
0	0
0	0
0	0
298	276
0	276
0	22
1	431
5	0
2	67
0	431
0	35
0	0
0	0
108	42
0	9
0	26
0	7
2	8
0	0
0	72
0	72
0	9
0	3
0	0
0	30
1	0
0	16
0	13
0	5
1	0
0	0
0	0
0	0
0	0
0	0
0	0
56	194
38	123
0	188
0	143
0	34
0	37
0	20
0	18
0	20
184	41
13	58
0	56
0	58
0	92
0	87
1	7
2	92
0	2
0	0
0	14
0	1
0	0
0	0
0	0
0	0
63	0
0	32
0	35
0	32
0	32
0	16
0	16
4	5
0	19
0	6
2	0
15	91
0	91
28	764
8	351
5	161
0	724
0	477
0	0
0	26
0	25
0	2
0	3
2	0
0	0
1	90
0	87
0	91
0	30
1	21
0	15
1	6
0	0
0	1
0	0
0	0
0	1
0	0
1	0
0	43
0	51
0	51
2	51
0	44
0	32
0	13
0	115
0	101
1	118
0	3
0	25
0	34
0	29
0	0
0	13
0	17
0	29
0	28
0	8
0	16
1	0
0	0
0	0
0	0
0	0
0	20
0	26
1	76
0	55
0	0
0	0
0	4
0	0
0	1
0	57
0	0
0	0
0	0
0	0
0	0
0	0
0	0
0	0
0	0
16	175
0	175
0	48
2	13
1	18
0	33
0	2
0	2
0	0
0	0
0	29
0	29
0	4
1	10
0	8
6	174
0	38
0	50
0	47
0	156
9	48
0	146
0	45
5	55
5	74
0	48
8	1020
0	1020
9	1018
1	31
7	28
0	186
0	46
1005	0
0	0
0	0
0	0
0	0
6	2
0	2
0	0
11	36
0	36
1	32
0	0
91	52
0	44
0	46
6	29
0	23
0	11
3	15
0	8
0	2
0	0
52	357
7	356
0	24
1	20
30	20
0	1
1	1
0	0
0	0
0	0
87	103
0	81
0	69
0	20
1	6
0	0
0	0
0	0
0	0
0	0
0	0
0	0
0	0
0	0
0	0
0	79
0	80
1	26
0	30
0	26
1	43
13	543
0	28
1	543
7	16
0	36
3	69
0	16
0	21
0	16
0	5
0	6
0	8
0	0
0	1
0	5
0	0
0	1
0	4
0	4
0	4
0	4
0	3
0	1
1	0
0	161
7	169
0	82
0	22
3	8
0	3
20	6
0	162
2	107
0	91
0	116
0	8
0	25
0	13
0	10
0	44
0	9
7	3
0	1
0	2
185	59
0	59
0	0
0	0
10	1964
0	207
0	137
4	191
185	1977
3	4
10	4
0	0
0	49
0	31
0	36
2	10
1	0
0	0
0	0
0	0
0	0
0	0
0	0
0	1
0	1
0	1
71	297
0	297
0	33
123	209
0	175
0	34
1	66
0	22
3	66
2	13
0	0
0	0
0	17
9	46
0	19
1	34
0	24
0	0
0	0
0	0
0	111
0	111
1	50
0	111
0	72
0	2
27	162
0	239
4	197
3	158
42	11
1	11
0	0
0	0
0	0
0	0
12	0
0	0
0	0
0	0
0	0
0	0
0	0
0	0
0	0
63	25
0	0
0	12
0	19
0	0
1	4
2	4
0	4
0	4
0	0
0	0
5	364
0	357
0	57
0	52
0	76
102	439
0	420
0	4
0	59
1	23
0	0
0	0
0	0
0	0
0	0
0	0
0	0
0	0
0	0
0	0
0	0
0	0
0	0
0	0
0	0
0	0
0	0
17	0
0	0
0	0
0	0
0	0
0	0
112	3
1	3
153	0
3	0
0	8
1	8
0	2
0	5
0	6
0	6
5	36
0	7
0	36
4	685
2	652
7	94
13	168
3	42
8	62
0	444
19	510
0	559
67	1931
0	26
0	74
1	74
0	0
0	0
0	0
0	0
0	0
0	0
0	0
0	0
0	0
2	58
4	58
29	0
0	0
0	0
0	0
0	0
0	277
0	285
4	100
0	103
2	63
1	66
0	62
0	40
0	45
0	35
1	7
0	258
11	0
0	0
0	0
108	38
0	22
0	7
0	16
12	3
0	3
0	3
0	3
0	1
0	1
0	0
0	0
0	0
58	140
0	35
5	0
0	140
0	132
6	28
0	47
2	17
1	53
2	2
0	50
0	30
0	39
0	26
0	4
1	10
1	36
0	23
0	0
1	2
0	2
0	2
0	2
0	2
31	0
0	0
0	0
3	26
0	32
0	18
0	19
3	24
0	18
0	0
1	0
0	0
0	0
0	0
0	0
0	0
0	0
0	0
0	125
0	127
0	49
0	20
0	13
6	14
0	8
0	0
0	0
0	2
0	2
0	0
0	0
7	334
0	161
0	227
0	83
0	225
0	76
0	237
0	193
0	0
0	0
0	0
0	0
0	0
5	13
1	17
0	17
0	17
0	9
0	13
0	10
0	5
2	101
0	8
9	96
0	17
0	101
275	62
0	62
315	615
0	258
0	206
0	456
4	91
0	141
1	0
0	0
1	5
0	1
0	2
0	3
24	29
0	27
17	8
0	0
0	0
0	162
0	330
1	362
0	179
141	386
6	10
6	2
126	210
2	210
2	183
32	176
1	46
0	160
0	134
0	134
0	79
0	17
0	113
0	0
296	159
0	114
1	111
0	103
3	98
0	9
0	147
6	267
495	267
5	244
0	90
0	275
0	272
0	112
0	158
0	118
0	31
0	0
0	0
0	0
0	0
0	0
0	0
0	0
0	0
0	45
0	312
3	326
0	331
0	360
0	359
0	31
1	71
0	0
3	0
0	0
0	0
0	0
0	0
0	0
0	0
0	0
0	0
53	57
2	51
0	3
0	25
0	8
0	10
0	9
0	1
0	1
0	0
0	0
0	0
0	0
0	1
0	0
0	0
0	1
0	0
0	0
30	353
1	204
4	18
0	99
4	74
6	6
0	2
0	14
0	8
0	13
0	1
0	2
0	0
0	15
0	11
0	12
0	7
0	1
0	0
0	0
0	0
0	0
0	0
0	0
0	0
0	0
0	0
0	0
0	0
333	871
0	856
0	174
1	26
0	65
5	22
0	17
2	16
0	13
0	15
0	17
0	21
0	16
0	16
0	17
0	14
0	2
0	0
0	22
126	387
0	237
0	47
0	21
0	18
0	27
0	30
0	18
0	18
0	22
0	12
5	99
19	5
8	28
0	51
19	32
0	34
0	26
0	144
6	45
0	144
2	39
15	140
0	141
0	29
1	27
5	144
6	0
0	47
2	52
0	9
0	68
0	68
0	61
0	57
0	7
0	1
0	12
1	12
0	572
5	23
2	125
0	125
0	530
2	0
0	458
0	35
1	19
5	568
0	22
5	53
0	28
0	27
3	1
2	14
3	14
0	2
0	13
3	9
0	0
0	0
0	0
0	0
0	0
0	0
0	0
4	32
0	20
0	21
0	31
0	25
0	31
0	11
0	10
0	14
14	580
0	580
4	26
0	36
0	43
1	0
0	0
1	0
85	107
8	56
0	0
0	0
0	1
0	0
0	0
0	0
0	0
0	0
338	349
0	162
1	273
0	242
0	161
4	146
1	146
0	0
0	0
0	0
0	0
0	0
0	0
0	0
0	0
0	0
0	0
0	0
0	2
0	23
0	3
16	37
21	17
1	2
0	7
0	16
0	20
0	0
0	0
0	0
0	0
0	14
0	40
7	52
0	14
0	38
0	16
0	30
17	15
0	297
11	83
9	443
112	366
0	31
0	83
10	283
0	50
11	20
6	23
0	3
0	7
0	46
0	47
0	297
0	0
17	0
1	14
21	79
0	79
0	31
0	3
0	3
0	0
0	0
0	2
0	0
0	2
0	1
0	0
0	0
0	3
0	0
0	50
42	53
0	10
0	3
116	0
126	3
8	3
0	0
0	978
0	677
0	67
0	509
2	853
3	70
3	76
0	75
0	96
0	53
12	294
0	43
0	333
0	29
0	61
0	54
1	281
0	26
7	218
3	12
4	33
88	146
0	60
0	969
0	518
0	0
0	2
0	6
0	2
0	1
0	0
0	0
0	0
0	4
0	4
0	0
13	3
9	3
0	0
0	1
0	1
0	1
0	0
0	0
0	0
0	0
0	1
33	316
1	111
6	294
0	56
0	73
4	103
0	0
0	99
0	30
0	18
0	0
0	0
0	0
0	203
0	187
3	197
0	206
0	203
0	64
0	5
0	21
0	10
0	4
462	35
0	35
10	0
1	13
0	14
35	18
0	5
1	0
0	5
0	2
1	5
0	409
3	46
2	39
0	380
0	74
3	372
0	49
27	545
0	605
1	115
0	265
0	558
0	114
0	98
0	204
0	177
0	175
0	205
0	227
13	55
0	1
0	1
0	0
0	1
0	0
0	0
0	0
0	1
0	1
0	0
107	58
0	17
1	41
0	15
0	0
0	0
0	0
0	0
0	0
0	0
0	0
0	100
0	0
0	34
0	0
0	99
0	0
0	0
0	0
0	60
0	0
0	0
42	927
3	911
0	282
0	16
0	0
0	0
0	0
0	0
0	0
0	0
0	0
0	0
0	0
0	0
0	0
0	0
0	0
0	0
7	13
2	9
0	35
3	30
0	5
1	5
0	35
0	0
0	0
0	0
0	0
0	137
0	48
0	56
0	0
4	0
0	20
1	140
0	137
0	348
8	492
0	415
2	0
2	20
0	522
0	0
0	0
0	0
0	0
0	0
0	0
0	0
10	1
0	1
0	2
0	2
0	2
0	0
0	0
0	0
0	0
50	10
2	7
0	2
0	2
0	0
0	0
0	74
15	73
2	54
4	35
0	13
6	0
0	0
0	755
14	710
0	52
11	125
0	0
0	167
0	128
1	22
28	53
0	42
0	24
0	4
1	23
79	44
0	25
0	7
30	27
6	67
3	3
0	61
2	17
0	4
0	3
0	6
0	1
0	3
0	3
0	0
0	0
7	15
0	0
0	15
0	14
0	8
0	0
1	0
0	3
0	0
0	0
0	0
0	0
0	2
0	2
0	0
0	1
0	2
0	1
0	1
0	0
0	0
0	0
0	0
0	0
0	0
0	0
0	0
0	0
4	13
17	98
0	98
0	94
63	301
1	246
0	244
11	55
1	1
0	1
0	0
0	43
0	4
0	53
0	60
0	2
0	9
0	2
0	2
0	1
0	15
0	0
0	52
6	15
22	26
9	28
0	0
0	0
0	0
7	0
1	41
0	47
0	47
0	11
0	5
0	7
12	18
0	0
0	0
0	1
1	14
0	0
0	0
0	20
36	35
0	1
0	14
34	5
0	5
0	0
0	0
0	0
0	0
0	0
0	0
0	0
2	23
0	59
15	62
0	62
0	8
30	334
0	337
0	327
0	43
3	42
0	7
755	62
3	62
0	37
0	929
1187	1054
0	163
1	39
1	101
0	0
1	0
0	2
0	2
0	0
0	0
0	1
0	1
1	0
22	34
3	25
0	0
0	3
0	3
0	3
0	0
0	3
0	0
0	1
0	1
0	0
0	0
0	0
0	0
0	0
0	0
0	0
0	0
0	0
0	0
0	0
0	0
0	0
13	77
53	407
0	21
4	88
18	180
0	80
2	79
0	288
0	849
6	792
2	725
0	381
0	339
0	230
0	67
1	82
0	77
0	17
0	12
0	74
3	17
0	19
5	0
0	0
0	0
0	0
0	0
4	0
1	0
0	0
0	0
0	0
0	0
0	0
0	0
0	0
0	0
0	0
0	0
0	0
0	0
0	0
0	0
0	0
0	0
0	0
0	0
0	0
239	11
2	11
8	87
0	76
0	87
2	22
0	0
0	0
0	0
4	14
13	247
0	6
1	247
0	50
2	220
2	3
0	46
0	61
0	27
7	0
4	0
9	10
0	2
0	7
0	1
0	1
2	0
0	0
0	0
0	0
0	0
0	0
0	0
0	13
0	11
0	13
158	0
0	0
442	86
2	86
0	0
0	0
0	0
0	0
0	0
0	0
0	110
0	117
2	42
0	42
0	24
0	16
1	23
0	7
0	0
0	0
0	0
0	59
0	61
1	13
0	9
0	1
2	2
0	1
0	0
0	0
0	0
0	0
0	0
0	0
0	0
1	397
3	397
36	397
0	346
0	212
0	37
0	46
9	68
0	40
0	28
0	13
3	3
0	394
5	0
0	0
1	1027
0	1027
0	879
0	28
3	47
12	39
1	21
0	72
3	53
0	1027
0	592
0	4
0	0
0	0
0	0
0	0
0	4
2160	489
17	13
3	181
0	237
7	253
0	7
0	7
0	0
0	7
0	7
2	400
0	413
0	215
2	212
3	38
0	28
0	13
33	16
0	0
0	37
17	44
0	16
0	7
0	11
0	36
0	18
1	41
0	10
0	10
0	10
0	215
2	226
0	142
15	93
0	23
0	0
0	0
0	0
0	0
0	0
0	0
122	108
13	0
40	108
0	48
0	4
0	0
4	4
37	141
15	141
32	0
1	5
0	4
0	3
0	2
0	0
0	0
2	0
24	183
0	325
0	402
0	20
0	8
0	3
0	0
0	369
269	0
0	0
0	0
5	423
0	423
3	393
0	423
0	267
0	80
0	96
6	81
2	11
0	0
0	0
0	0
0	0
0	2
0	2
0	0
0	2
0	2
0	0
0	0
0	0
0	0
0	0
0	0
0	0
0	0
0	0
0	0
0	17
5	8
0	12
0	16
120	54
0	27
0	23
0	22
0	29
3	5
0	14
0	2
0	14
0	0
0	67
3	253
3	240
4	253
0	229
0	0
0	0
0	788
0	412
1	830
0	804
0	161
0	715
4	179
0	369
0	397
0	473
0	555
0	527
0	534
0	534
0	480
0	471
0	471
0	487
0	478
0	499
3	113
0	49
17	80
2	53
0	80
7	87
33	26
157	0
14	571
0	2155
0	1414
0	2102
47	2084
120	1929
0	138
0	0
0	0
0	0
0	0
0	0
20	127
3	113
0	108
0	6
0	43
1	9
0	37
57	1
0	1
0	0
2	95
14	450
1	438
2	71
2	426
0	47
0	360
0	91
0	55
2	1
0	140
8	17
0	19
0	14
0	0
0	0
4	1
0	1
0	0
0	237
26	1173
0	1026
0	909
0	678
3	186
3	141
0	205
9	483
0	190
4	3
5	50
3	0
0	0
0	0
0	0
312	55
0	17
0	38
0	0
0	0
0	0
0	0
20	139
0	139
0	8
0	36
2	19
0	0
0	0
0	0
0	0
0	0
0	0
0	0
0	0
0	0
0	0
0	0
0	0
7	149
120	145
3	20
0	21
0	11
0	132
193	316
0	164
0	201
0	128
17	23
20	346
0	288
0	545
0	239
0	305
0	243
0	545
0	0
0	0
0	0
0	0
0	0
0	259
0	251
0	231
0	0
11	33
1	114
0	24
1	25
0	14
0	4
180	154
0	108
0	50
0	36
1	20
0	37
1	24
3	9
27	86
12	73
3	15
0	19
0	1
0	6
0	6
0	0
0	0
10	0
0	1
0	0
0	1
0	1
0	0
0	0
0	0
0	0
0	0
0	53
1	66
0	16
1	37
0	19
0	0
0	0
0	0
0	16
0	2
0	0
0	16
0	135
0	143
0	143
44	78
0	2
1	31
0	23
0	22
0	7
0	129
5	30
6	62
0	111
12	48
0	30
49	0
132	54
1	53
0	27
0	0
0	0
0	0
13	0
3	33
1	29
0	0
0	37
0	37
0	23
0	37
0	5
0	1
0	85
3	122
0	121
0	121
0	41
0	18
0	23
0	4
0	22
0	0
0	0
0	0
0	0
0	0
0	0
0	0
0	0
0	2
0	2
0	0
0	0
0	0
0	146
0	0
98	84
6	23
0	23
0	63
0	54
0	66
1	64
4	87
0	5
0	14
2	5
1	42
0	0
0	0
0	0
0	0
0	0
0	0
0	0
0	0
695	0
124	158
0	152
0	17
141	150
0	6
0	80
0	80
8	80
0	42
0	39
4	52
0	188
0	183
4	182
0	188
0	0
0	0
0	0
97	539
2	84
5	214
0	550
0	141
11	235
0	0
18	332
0	30
14	154
0	45
1	14
0	0
0	0
0	0
0	0
0	1
0	1
7	31
0	21
1	6
0	21
0	4
12	12
16	0
0	0
343	250
15	115
0	80
0	49
0	40
31	17
4	17
0	1
0	1
0	641
1	639
2	382
1	103
0	540
0	116
0	15
0	16
23	24
0	2
0	2
0	2
0	2
10	13
0	9
3	9
0	3
0	4
0	5
0	5
0	1
0	1
0	0
0	0
0	0
0	0
0	0
4	0
0	0
0	0
0	0
0	0
0	0
0	0
0	0
0	1
0	0
0	0
0	0
0	0
0	0
159	224
0	98
2	185
0	62
7	122
0	57
0	70
0	0
13	0
1	276
26	29
2	6
4	182
14	96
2	240
0	0
4	35
2	22
0	15
1	25
0	8
0	0
0	0
0	0
8	127
0	127
4	0
0	0
0	0
0	0
0	0
0	554
0	554
25	255
4	249
0	87
0	105
0	169
0	193
3	193
7	0
0	72
2	72
0	34
0	0
0	0
0	1
0	1
0	0
0	0
0	0
0	0
0	1
0	1
0	1
0	1
0	0
3	45
0	44
9	38
0	38
0	44
47	387
1	145
0	211
0	36
2	0
14	35
8	60
5	61
0	92
0	62
9	28
6	21
0	92
1	37
0	34
11	3
0	27
2	46
92	120
0	4
0	3
0	115
0	1
0	0
113	3
0	3
0	1816
3	1756
9	1492
1	234
7	95
0	276
5	20
0	128
0	0
0	0
32	44
0	41
0	26
1	9
0	22
1	308
0	308
5	303
0	338
0	75
1	77
0	16
0	26
0	9
0	16
0	8
0	22
0	15
0	23
0	22
0	12
1	7
0	14
0	6
1	0
0	0
0	20
4	19
0	20
0	20
7	20
0	20
6	395
5	301
1	373
0	385
1	371
0	114
0	211
1	42
0	79
0	47
0	26
0	0
7	73
0	38
0	66
0	22
0	14
0	4
0	15
3	4
0	0
0	0
0	1
0	0
0	0
0	1
13	0
0	0
0	0
3	2
0	2
0	0
0	0
0	0
0	0
0	17
19	35
0	18
0	0
0	0
24	27
0	4
0	23
636	173
39	14
3	52
16	16
2	32
0	59
0	270
0	87
0	34
0	269
0	41
0	241
3	244
3	6
8	10
0	36
20	146
1025	0
0	4
1	2
0	1
0	0
0	0
0	1
0	23
4	190
0	189
0	151
0	56
0	0
5	288
1	203
7	105
1	198
1	248
1	25
0	121
0	118
0	2
0	9
0	54
0	23
1	14
0	16
0	19
0	6
3	13
0	8
0	8
0	5
0	3
0	1
0	6
1	5
0	5
0	3
0	0
0	4
0	1
3	1
0	2
0	1
0	0
0	0
0	0
0	0
0	0
0	0
0	0
0	0
3	0
0	0
0	0
111	238
1	234
0	174
1	33
0	238
0	0
0	0
0	0
0	0
0	0
0	0
0	0
0	0
0	0
0	0
2	0
10	43
0	43
14	0
0	0
0	0
0	0
0	508
11	413
277	498
0	0
0	0
0	0
0	0
0	0
0	0
0	0
0	0
0	0
3	120
0	99
0	232
0	331
0	229
0	18
0	13
1	9
0	240
0	229
0	212
3	0
0	247
0	221
0	136
8	55
0	239
0	222
0	76
2	77
0	76
0	3
0	3
0	2
4	0
0	0
0	0
0	0
0	0
0	0
0	0
0	0
0	0
0	0
0	0
0	0
7	0
0	0
0	0
0	0
0	0
0	0
0	11
0	11
0	11
1	1
0	7
0	7
0	3
0	6
0	3
2	0
2	0
2	0
0	0
0	1
1	1
0	1
0	0
0	1
0	0
0	1
0	1
0	0
132	0
155	252
0	246
2	37
4	14
2	10
0	73
1	38
0	0
0	0
0	0
0	0
0	0
0	0
0	0
0	0
1	15
9	54
14	49
0	49
1	44
1	9
0	10
7	0
261	0
6	222
0	61
1	214
0	214
3	76
0	95
0	4
0	4
1	1912
0	3092
13	1535
0	2806
7	841
0	1577
0	2409
0	2694
0	2548
0	1272
1	2417
12	3020
0	1572
0	1981
0	1732
0	1968
0	1210
0	1006
0	1082
0	1154
0	1333
0	1132
0	819
0	721
0	1367
0	651
5	933
0	1362
4	243
25	179
3	550
0	0
0	0
0	0
0	0
88	28
0	25
8	5
1	1
0	0
0	1
134	204
84	180
0	197
0	42
0	15
2	21
1	42
0	32
0	0
0	0
28	237
29	51
54	33
0	24
0	213
0	45
0	0
0	156
2	0
0	0
0	408
8	135
0	397
0	62
0	397
0	408
0	0
0	0
1	2
0	0
80	667
92	644
37	82
1	234
0	257
0	61
0	210
0	0
0	0
0	0
0	0
4	27
0	46
0	44
0	30
0	43
0	43
0	37
0	9
0	9
13	0
0	2
0	0
0	0
0	2
0	2
0	0
0	281
0	68
0	281
1	38
0	38
0	35
0	32
0	21
0	3
0	3
0	0
0	0
0	0
0	1
0	0
0	0
0	0
0	0
0	0
0	0
760	202
0	187
0	143
4	11
0	8
7	15
0	0
0	0
0	0
192	35
0	35
0	0
2	220
5	0
0	116
7	104
67	691
2	576
9	800
0	172
0	0
0	3
0	0
0	0
0	3
0	3
0	0
214	503
2	503
0	0
0	0
0	0
0	0
0	0
0	0
0	0
0	0
0	0
0	0
0	0
8	699
0	2034
0	1933
0	131
0	531
0	1242
0	106
4	875
3	24
0	61
0	1297
11	192
4	129
0	33
0	31
0	26
0	148
0	18
1	412
0	421
13	212
0	204
0	146
1	134
0	69
0	78
5	51
0	35
0	30
0	20
562	29
0	8
0	21
0	214
0	213
0	31
0	36
1	104
0	97
2	96
0	17
6	78
0	25
0	1
1	28
0	19
0	51
0	65
2	25
0	31
0	22
0	0
0	0
0	0
0	0
0	0
0	0
0	0
0	500
0	492
0	25
144	526
1	507
2	328
10	202
1	42
1	28
0	69
13	23
8	53
0	81
2	3
0	81
0	20
0	48
0	54
4	0
0	0
0	0
0	0
3	10
0	10
1	88
0	89
0	55
0	11
1	11
0	4
0	3
0	3
0	214
2	209
40	5
0	53
0	6
183	194
0	117
16	134
0	13
4	14
0	35
0	0
0	0
0	103
0	102
0	26
0	87
0	99
0	6
1	15
0	2
0	24
0	37
3	32
0	13
0	8
1	8
0	0
0	0
0	0
0	0
0	0
0	0
0	0
1	0
0	15
0	17
0	2
0	2
0	15
0	0
0	0
0	53
0	49
0	1
0	15
0	15
5	51
0	27
1	20
0	6
0	8
3	2
1	24
0	24
0	92
0	86
0	92
0	89
3	18
0	690
5	633
8	85
35	630
1	237
0	192
33	625
15	13
0	6
0	5
0	10
2	3
1	10
0	0
0	0
0	0
0	0
45	173
2	115
9	101
0	22
0	23
0	25
1	1
558	85
1	0
3	4
0	81
0	0
0	0
0	0
0	0
0	0
0	0
0	0
0	0
0	0
0	0
0	0
0	0
0	0
3	0
19	137
8	48
1	137
0	2
0	11
0	12
0	197
27	0
0	54
2	67
10	43
1	185
0	32
7	135
0	0
0	0
0	0
0	0
0	0
0	0
0	0
0	12
0	0
0	72
0	124
1	1
0	99
1	4
0	84
2	144
8	115
0	17
3	74
0	4
2	81
0	46
0	128
0	0
0	1
0	1
0	0
0	0
0	0
1	11
0	11
107	182
3	32
0	159
1	54
15	0
1	126
0	56
0	184
0	184
0	193
0	193
0	191
1	116
0	112
0	98
0	87
0	24
0	24
0	21
1	18
0	6
0	2
0	0
0	179
1	178
0	61
0	33
0	100
0	0
0	0
0	0
0	0
0	0
0	0
0	0
0	3
0	0
0	0
0	0
0	0
0	3
0	289
0	280
2	238
0	233
0	140
0	56
50	64
0	0
0	128
5	42
0	98
2	72
0	8
0	32
0	156
11	22
2	82
2	29
3	73
0	22
0	84
4	17
8	71
0	40
0	31
0	27
0	23
0	0
0	0
0	11
0	5
0	11
0	12
3	11
0	13
0	6
0	13
0	12
0	13
32	98
23	93
28	52
0	29
0	9
0	10
174	87
5	87
4	27
9	38
0	24
1	12
1	12
0	14
0	14
0	2
0	0
0	0
0	0
0	0
0	0
0	0
0	0
2	27
0	21
0	32
0	29
0	15
0	8
0	10
0	20
0	4
0	4
0	6
0	3
0	0
0	7
294	117
0	112
17	0
2	55
0	53
1	15
5	1
0	8
7	1
0	36
389	88
5	83
0	1
0	93
325	192
0	157
1	94
0	95
3	44
0	44
0	56
0	28
0	29
1	7
0	4
0	39
432	15
0	15
0	2
0	2
0	0
0	0
0	0
0	0
0	0
0	0
43	13
0	13
0	12
0	12
0	0
0	0
0	0
0	0
33	0
0	77
0	65
2	73
29	81
0	25
0	13
0	0
0	0
0	39
47	226
6	34
2	134
0	90
0	188
0	82
0	50
3	0
0	3
0	3
0	0
0	0
0	0
0	0
0	0
0	0
0	0
0	0
0	0
0	0
0	0
4	14
0	5
7	155
223	185
10	179
1	36
0	143
0	44
0	44
0	22
0	21
2	69
8	20
0	13
0	20
0	18
12	13
0	13
0	5
0	5
0	2
3	1
19	1
1	0
0	126
0	11
0	14
0	9
4	10
0	136
0	53
0	52
1	28
0	20
2	1
0	185
70	184
6	165
2	129
8	64
0	86
0	107
0	43
0	93
2	299
2	266
0	278
0	44
10	923
3	308
1	1
0	542
25	56
0	144
0	33
0	11
0	12
1	144
2	145
2	51
0	51
0	0
0	0
19	195
0	54
0	146
6	164
0	30
0	121
0	53
0	58
2	0
153	12
0	82
0	64
0	31
0	92
0	71
356	404
0	33
0	36
10	54
2	342
8	19
3	266
0	36
1	24
2	60
19	116
0	0
0	0
0	60
0	16
62	98
0	76
73	0
3	177
5	177
0	171
0	39
0	6
0	6
0	22
0	6
0	10
0	17
0	17
2	20
0	20
1	41
0	5
0	36
0	0
0	286
0	275
0	287
0	232
1	43
0	38
0	0
1	99
0	98
0	47
0	78
2	31
0	28
0	2
0	19
0	0
0	0
0	0
0	0
0	19
1	1
0	1
2	1
0	0
0	0
0	0
8	0
14	0
0	130
5	130
0	137
0	1
0	9
9	108
0	136
0	0
0	0
1	4
1	4
33	2947
120	309
0	2947
11	2122
51	109
20	69
382	527
1	28
1	138
0	136
3	149
0	76
0	78
0	79
2	49
0	14
0	1
0	75
0	36
0	18
0	2
1434	1272
0	1272
0	411
0	40
8	168
0	156
0	87
0	58
1	167
0	54
0	63
2	34
0	60
0	19
188	0
0	0
0	0
0	0
0	0
0	0
0	0
0	0
0	0
0	0
0	0
0	0
0	0
0	0
0	4837
22	3774
0	4983
117	4893
0	4164
0	0
0	0
0	0
0	0
4	88
0	30
0	12
0	101
0	17
0	101
9	44
1	119
0	119
1	108
0	30
0	45
0	1
1	0
0	108
8	25
0	27
1	114
0	38
0	16
0	16
0	11
0	10
0	0
0	0
0	20
5	47
0	19
3603	1603
58	672
12	523
3	192
8	414
75	117
8	199
0	0
0	0
0	0
0	0
0	0
0	0
0	0
0	0
0	0
0	0
0	1252
0	665
0	1159
0	251
0	129
0	89
0	0
0	118
0	1069
0	1069
3	1342
0	1344
0	117
8	45
34	607
4	605
11	25
0	22
0	6
0	1
139	11
0	9
2	9
0	9
0	0
27	84
0	88
5	74
0	1
0	1
1	105
0	105
1	101
597	217
32	144
20	78
0	75
0	94
0	0
0	0
0	0
0	0
2	2
0	2
0	0
0	0
0	0
0	0
7	23
0	23
1	8
0	296
68	1135
0	1135
0	0
0	0
0	0
0	0
0	0
0	213
7	217
1	15
1	8
36	0
23	110
0	79
0	101
0	50
0	30
0	45
0	42
0	18
0	19
3	8
1	0
4	42
0	5
1	9
0	29
0	27
0	0
1	27
0	20
1	0
2	1
0	20
0	41
0	0
0	0
0	0
0	0
0	0
0	0
0	0
0	0
0	0
0	22
0	22
7	9
0	19
0	103
0	43
0	116
0	120
0	143
0	148
0	172
0	144
8	9
0	103
0	33
0	146
0	19
1	8
0	49
2	45
0	49
0	36
2	21
0	26
0	21
0	37
0	26
147	100
0	43
3	19
0	89
0	78
0	69
37	173
0	146
0	30
1	26
0	27
0	42
2	118
1	10
0	133
12	120
1	83
0	120
0	4
0	99
0	99
0	49
0	0
0	0
0	87
4	97
0	65
2	29
0	23
490	119
0	72
0	47
0	0
0	0
0	0
0	0
0	0
0	74
8	44
0	12
4	135
0	4
1	233
37	102
7	177
0	117
0	131
4	105
0	5
2	52
0	9
0	4
438	185
0	107
2	103
0	44
0	312
0	26
2	7
0	76
1	49
0	18
0	4
0	9
3	6
0	30
0	8
2	1
3	0
0	55
2	4
0	312
0	0
0	0
0	19
1	13
33	295
110	278
4	275
0	14
0	53
1	70
0	1
0	1
0	0
0	1
0	1
0	2
0	3
0	0
0	5
0	2
0	4
0	6
1	0
0	5
0	5
0	6
0	2
0	2
0	2
0	0
0	3
0	0
0	2
0	5
0	6
0	0
1	0
0	16
0	17
0	16
0	2
0	0
0	0
0	0
0	0
0	0
0	0
0	0
0	0
6	132
5	135
1	11
0	0
0	0
4	54
0	4
0	67
2	281
0	271
0	245
3	62
6	2
0	0
0	5
3	5
0	3
0	5
0	3
0	0
0	3
0	1
0	1
0	1
0	0
0	0
0	0
0	0
0	0
32	320
0	76
3	94
7	41
5	0
19	5
4	269
0	269
0	202
52	279
0	129
0	259
2	3
34	0
0	0
0	0
0	37
0	33
18	24
73	0
0	556
0	612
120	586
0	145
0	134
0	57
0	69
0	11
0	1
0	0
0	0
0	270
2	250
5	44
15	62
0	99
0	86
0	90
0	73
0	68
0	53
3	64
0	80
0	48
0	31
0	25
0	6
0	80
0	0
12	20
6	21
6	24
0	19
14	4
0	5
0	14
453	682
3	682
0	1
0	1
0	0
0	0
0	0
0	0
0	1
0	0
0	0
0	0
260	48
6	10
0	28
0	12
3	20
0	30
0	39
0	39
0	94
0	37
0	81
0	2
0	0
0	2
8	37
81	37
0	0
0	2716
0	2484
97	2028
0	412
0	199
0	423
0	1122
0	440
3	436
0	366
0	232
0	148
2	145
0	0
18	44
0	0
0	7
0	44
3	18
0	0
10	4
0	3
0	1
4	44
0	16
0	81
0	43
0	124
0	8
0	33
0	110
0	117
5	63
8	4
0	33
0	86
3	28
0	73
0	0
0	139
13	0
1	67
6	27
0	53
1	33
2	90
4	182
2	121
0	121
7	33
7	19
0	22
0	11
0	4
0	15
3	0
0	0
0	0
1	2
0	2
4	2
0	6
0	6
0	0
0	0
2	26
1	21
1	5
0	32
0	13
0	10
0	8
0	13
0	8
0	3
3	2
0	0
0	4
0	7
0	5
0	0
12	189
2	210
1	126
0	12
0	0
0	494
0	388
5	1145
2	47
0	1094
0	1053
10	14
0	116
0	390
2	7
0	7
1	2
0	2
0	2
0	0
0	1
0	0
0	0
8	172
4	154
0	14
0	172
0	0
0	0
0	0
4	587
0	135
197	1207
1	705
0	129
1	504
0	58
0	53
123	87
5	87
0	20
0	36
0	2
0	2
0	2
0	2
0	2
0	0
0	0
9	213
4	216
0	17
2	51
0	28
0	8
4	3
0	3
6	3
0	2
8	1098
0	42
7	9
1	3
0	3
0	9
6	1
0	1
0	0
0	1959
0	1928
0	1932
0	1902
2	154
5	1887
3	35
6	35
5	6
0	386
5	39
0	153
12	377
0	106
13	85
0	89
0	91
0	0
4	419
1	78
25	38
0	63
3	2
0	0
0	2
0	2
0	2
0	2
0	0
0	78
15	6
8	2
0	42
0	82
0	70
0	62
17	8
0	10
0	6
1	8
0	11
0	75
615	239
0	199
0	179
0	0
0	0
0	0
0	14
0	16
0	16
78	66
0	66
0	14
0	5
0	2
0	0
0	507
7	507
4	476
2	19
0	23
0	15
0	16
0	9
0	25
0	70
1	70
0	5
0	5
2	2
0	1
0	0
0	0
0	0
0	0
0	0
0	0
0	0
0	0
0	0
0	0
0	0
0	0
0	0
0	0
0	0
1	0
49	0
0	0
0	0
0	3
0	2
0	1
0	4
0	1
0	1
0	4
0	4
0	3
0	1
0	0
0	0
0	4
0	1
0	0
0	0
0	0
0	0
187	0
0	804
0	759
0	640
1	409
0	306
1	202
0	107
2	39
2	14
0	18
2	228
0	241
6	0
2	7
0	162
0	189
0	241
0	0
0	3
0	3
10	0
0	0
0	116
0	113
3	70
1	13
0	14
0	8
0	5
64	195
1	195
5	92
3	0
0	0
0	0
0	0
0	0
0	1113
119	1455
32	342
0	0
0	0
0	0
0	1
0	1
0	0
276	150
0	150
0	0
0	0
0	198
0	9
1	15
10	43
0	39
0	153
0	185
13	429
3	154
1	429
1	153
0	105
0	5
2	22
0	10
0	70
0	0
0	0
0	0
1	0
7	0
0	0
1	39
0	62
1	141
0	7
0	49
0	5
1	133
0	5
0	47
0	132
0	0
0	0
0	0
0	0
13	0
0	0
0	0
0	0
0	0
0	0
0	0
0	0
0	0
2	0
0	0
0	0
0	7
1	0
0	0
0	0
0	0
0	0
2	75
25	43
1	6
1	26
0	60
3	21
0	46
0	15
12	13
0	0
0	0
0	55
0	48
0	35
0	51
0	0
0	0
0	0
0	0
0	0
0	0
0	0
0	0
0	0
0	0
0	0
0	0
0	0
0	0
0	0
0	0
0	0
0	0
0	0
0	0
0	0
0	0
0	0
0	0
0	0
0	0
0	0
0	0
0	0
0	243
2	243
0	57
0	45
6	42
0	12
0	0
675	278
0	50
0	228
0	66
0	66
0	68
0	15
0	14
0	6
2	0
0	0
0	0
0	0
0	0
0	0
0	0
0	0
0	0
0	0
6	4
1	3
0	1
0	1
0	0
0	907
10	907
0	0
0	0
0	0
0	186
0	187
0	33
2	139
8	0
0	0
0	0
0	0
0	0
0	0
0	0
0	0
0	0
0	0
0	0
0	0
0	13
1	13
0	3
0	6
0	0
0	0
0	0
0	0
193	388
0	388
0	72
1	27
0	0
0	0
7	248
3	65
3	166
0	119
0	120
0	0
0	0
0	0
0	0
0	0
0	0
0	0
0	0
0	0
0	0
0	0
0	0
0	0
0	0
1762	0
596	1153
2	1156
0	1168
9	867
0	894
3	75
40	362
24	151
4	1
0	0
0	1
0	0
0	1
0	0
0	0
0	0
0	0
0	0
0	0
0	0
5	311
50	950
0	260
14	113
2	164
2	21
0	130
3	70
0	22
0	115
0	60
0	115
0	19
0	22
0	0
0	0
0	0
0	0
0	2
0	177
0	12
0	0
0	40
0	23
0	58
0	177
0	54
0	55
0	28
0	92
7	15
0	37
0	5
0	40
3	69
0	80
0	153
0	33
0	35
0	32
0	154
1	56
15	431
2	431
0	407
7	9
1	57
7	89
41	2499
13	223
0	820
5	581
3	2483
1	161
3	191
24	269
0	1077
0	145
2	99
7	99
2	99
13	293
1	950
7	1
3	949
1	90
0	154
3	121
5	7
0	158
2	158
0	21
427	162
0	67
0	10
29	111
0	26
6	26
0	6
0	224
7	10
4	23
0	219
0	122
0	34
0	27
1	19
0	14
0	33
19	202
1	12
0	179
0	13
0	1
0	20
0	12
0	15
0	66
2	9
0	15
0	261
23	220
1	9
1	34
3	62
0	39
439	212
0	45
12	7
3	0
0	26
9	28
0	121
0	4
1	0
0	0
0	4
6	11081
0	2956
62	10112
66	9793
22	3490
0	3735
13	575
125	92
101	100
1	53
0	8
0	0
0	0
0	0
0	1
0	1
0	0
0	0
0	0
0	0
0	0
0	0
1	402
76	328
0	631
0	362
4	625
94	637
53	322
17	19
0	119
65	7
0	75
0	1509
0	1374
10	367
1	144
7	68
1	57
0	57
2	17
0	20
4	0
0	0
0	0
0	0
0	0
0	0
0	0
0	0
0	0
0	0
2	0
0	0
0	0
0	0
0	0
0	0
0	0
44	979
320	976
0	0
0	0
0	0
0	0
0	0
0	0
0	0
0	0
0	0
0	0
0	0
0	0
0	0
0	0
4	0
0	0
0	0
0	1
0	0
0	3
0	2
0	2
0	0
0	0
0	0
39	49
0	0
0	0
0	0
41	14
0	0
0	0
0	0
0	15
0	4
7	6
0	3
0	0
0	0
0	1
0	7
0	0
0	0
0	2
0	0
0	0
0	1
0	0
0	0
0	0
0	0
0	0
0	0
0	0
0	0
0	0
0	0
0	10
0	0
0	0
0	0
0	0
0	0
0	0
0	0
1	34
0	0
0	0
5	0
0	0
0	13
0	0
17	15
0	0
49	44
0	8
0	0
0	0
0	0
0	0
0	0
10	3
0	0
7	0
0	0
0	0
0	0
0	0
0	54
0	0
0	0
0	0
0	1
0	0
0	0
259	0
0	0
0	0
0	0
46	0
0	0
0	0
0	31
0	0
0	0
0	0
0	0
48	0
0	0
0	0
0	0
4	77
2	77
0	55
48	0
0	0
0	0
0	0
0	0
13	0
5	7
0	0
0	0
0	0
0	0
0	0
0	0
0	0
0	0
0	0
0	0
0	0
0	0
0	0
0	0
1	9
0	0
0	0
0	13
0	0
0	0
0	0
0	0
0	0
0	0
0	0
0	1
0	5157
0	0
0	0
0	0
0	0
0	0
0	0
0	0
0	0
0	0
0	0
0	2581
0	0
0	0
0	12
0	0
0	0
0	0
0	0
0	0
0	0
12	13
0	1
0	3
1	3
0	1
1	1
9	8
0	5
0	5
12	0
0	0
0	0
0	0
0	0
0	0
0	0
0	0
0	0
0	0
0	0
0	0
0	54
0	2
0	0
0	0
0	0
0	0
0	6
9	15
1	0
6	0
0	0
0	5
0	10
0	0
0	0
0	0
0	0
0	0
0	0
0	0
0	0
37	0
0	0
0	0
0	0
0	0
0	0
0	0
0	0
0	0
0	0
0	0
0	0
0	0
0	0
0	0
66	0
0	0
0	0
0	0
0	0
0	0
0	0
3	0
0	0
0	0
0	8
0	8
1	0
0	0
0	15
1	2
0	0
9	62
0	0
0	4
0	0
0	0
0	0
0	0
0	36
0	28
0	19
0	4
0	24
0	4
0	4
0	4
0	18
0	26
0	8
0	9
0	1
0	14
0	1
0	12
0	6
0	3
0	0
0	0
0	0
0	0
0	0
0	0
0	0
0	0
0	0
34	91
0	1
0	90
6	5
0	22
0	21
0	8
0	18
2	1
0	1
2	8
0	3
62	629
0	792
13	399
0	654
5	253
74	439
0	780
0	36
0	21
279	85
0	37
0	49
0	64
0	53
2	0
0	27
0	0
0	0
0	0
0	0
0	0
0	0
0	0
0	0
0	0
0	0
0	0
0	0
462	456
13	4
0	11
3	456
0	40
1	102
0	2
0	7
0	7
0	7
0	7
0	7
0	2
0	0
0	7
3	0
19	242
4	115
0	89
0	240
0	87
0	54
5	17
78	549
0	549
48	36
0	19
29	16
0	37
15	515
68	515
0	173
71	99
5	70
1	34
0	13
0	25
11	61
5	16
0	18
0	7
0	4
0	5
1	4
0	5
0	5
0	23
2	5
4	3
5	16
0	172
0	172
0	25
2	0
0	172
0	568
0	1096
0	1045
6	1015
7	70
0	810
0	24
0	4
6	763
0	75
0	163
0	16
0	7
1	28
0	28
1	5
0	11
0	11
3	253
1	701
0	92
0	123
0	234
2	257
0	5
0	25
0	19
3	28
4	35
1	21
0	23
5	194
0	17
3	10
8	129
1	8
3	33
0	613
0	157
0	157
50	0
0	2
0	106
5	79
0	5
0	3
85	54
0	54
0	0
0	0
0	0
0	0
0	0
0	0
0	0
0	0
0	0
0	7
0	518
0	7
0	572
15	518
7	347
10	533
76	13
0	7
1	6
1	0
0	0
2	419
1	66
0	15
0	385
0	208
2	338
0	338
0	53
0	0
43	202
0	197
4	5
0	3
0	0
0	0
0	0
0	0
0	0
0	0
0	0
0	0
0	0
0	0
0	0
0	0
0	0
0	0
0	0
0	0
0	0
0	0
0	0
0	0
79	203
0	172
0	62
0	40
3	44
0	88
0	16
1	31
0	22
9	1
0	0
0	780
1	175
0	291
0	643
2	14
3	206
17	209
0	0
0	0
0	0
0	1307
1	1257
0	1276
0	1308
3	1161
0	1142
0	488
7	590
18	232
12	192
37	144
0	287
0	102
2	365
12	166
0	170
0	66
0	107
0	45
0	79
0	82
24	50
4	117
36	103
0	100
2	32
0	54
0	25
0	5
1	7
0	6
0	6
2	1
0	4
0	0
0	8
0	1
0	53
0	32
0	19
0	110
1	86
4	107
0	0
0	0
0	0
0	0
0	0
0	0
0	0
0	2
0	0
0	0
40	198
0	191
0	9
0	31
6	1
1	6
1	13
0	0
0	0
0	0
32	5
0	0
0	0
0	0
0	0
0	0
0	0
0	0
0	142
1	145
1	132
0	139
0	25
0	27
0	3
0	13
0	3
1	0
0	0
0	0
0	0
0	0
0	0
0	0
0	0
1393	61
0	61
2	65
0	178
4	95
2	137
0	47
1	117
0	15
1	19
1	0
0	0
0	0
0	0
0	0
0	154
0	93
6	219
6	515
40	0
0	150
0	32
0	80
69	8
0	23
13	143
0	50
8	118
20	14
6	289
1	161
2	3
0	0
0	3
0	1
0	2
0	1
0	31
0	28
2	29
0	2
0	8
174	0
2	40
0	40
0	0
0	0
0	0
0	64
0	64
2	9
0	0
0	0
0	0
0	0
0	0
0	6
2	15
0	15
0	9
0	6
0	6
0	0
0	0
0	0
0	0
7	1
0	1
0	1
215	261
1	133
2	179
0	179
0	82
23	0
0	0
0	0
0	0
7	492
0	490
0	25
0	11
1686	320
0	101
1	12
0	126
1	55
0	0
0	0
0	0
0	0
0	0
0	0
0	0
0	0
0	8
0	9
0	7
0	1
0	5
0	5
0	0
0	0
0	0
0	0
169	53
0	25
5	34
0	13
4	14
4	25
1	34
0	1
3	5
1	2
1	1
0	9
0	0
0	0
0	0
0	0
0	0
0	0
0	0
0	0
0	0
0	0
0	0
0	0
0	14
0	14
0	14
0	9
0	0
0	0
0	0
0	0
0	0
0	9
0	9
0	7
0	3
0	7
0	2
0	5
0	7
0	2
0	126
61	126
0	18
0	1
0	1
0	0
0	0
0	0
0	0
0	0
2	274
1	1
667	895
0	841
5	701
1	554
0	566
0	88
17	107
112	19
0	90
3	68
0	50
52	15
0	225
9	223
0	214
0	181
2	21
0	28
0	57
0	632
2	674
0	137
0	419
0	237
0	172
0	172
0	116
2	97
0	18
0	658
0	0
43	10
2	10
1	7
0	7
0	1
0	0
0	3
0	3
3	0
0	0
0	0
0	0
0	0
0	0
0	2
0	3
0	3
2	1
0	6
0	0
0	0
2	24
0	0
0	24
3	23
2	1
0	190
0	216
0	56
0	31
0	45
0	66
21	3
1	3
51	146
0	29
0	129
0	26
2	15
0	0
0	50
8	29
5	9
0	20
0	20
2	991
12	991
5	939
0	5
0	114
554	110
9	110
0	1
0	1
0	0
0	1
0	1
0	1
1	0
0	1
130	258
396	279
0	21
11	0
0	0
0	0
1	42
0	0
0	42
0	59
0	282
3	204
1	140
3	124
100	0
1	11
0	6
0	0
0	0
0	0
0	0
0	0
0	0
0	0
57	51
0	43
1	43
1	2
0	3
0	50
0	45
3	2
0	22
2	14
0	0
0	11
0	0
0	0
5	320
1	63
0	154
8	235
0	307
0	68
12	252
0	352
3	15
0	6
0	14
0	0
0	0
0	0
0	0
0	0
0	0
0	0
0	0
0	0
0	0
0	0
0	0
0	0
0	29
15	97
0	87
0	4
0	6
0	22
0	39
23	36
0	11
0	39
28	555
0	485
1	131
0	142
0	166
1	34
0	85
3	26
0	118
1	75
0	50
0	198
0	35
0	198
11	54
0	51
0	0
0	0
0	0
0	0
0	0
0	0
0	0
0	0
0	0
0	0
0	0
0	0
0	0
0	0
0	0
0	0
12	43734
0	15
2	23
0	21
0	13
2	0
4	6
0	0
0	0
0	0
0	0
0	0
0	0
0	0
0	0
0	0
0	0
5	2
0	0
0	2
0	0
0	0
0	0
0	0
0	0
0	0
0	0
0	0
0	0
0	0
0	0
0	0
0	7
0	9
0	7
0	9
0	4
3	8
0	8
0	6
0	4
0	1
0	1
0	1
0	2
0	1
0	7
0	7
0	7
0	10
0	0
0	0
0	0
0	0
0	0
0	0
0	0
11	4
0	4
0	0
0	0
0	0
120	0
0	0
0	0
0	0
0	0
0	0
0	0
0	0
0	0
0	0
0	0
0	0
0	0
0	0
0	0
0	1
17	69
0	49
0	50
0	20
22	579
0	502
0	530
1	534
0	37
5	0
1	75
1	0
0	18
0	10
0	5
0	12
0	17
0	7
0	17
0	17
0	4
0	8
0	3
0	0
0	5
0	5
0	1
0	0
0	0
8	96
0	98
0	86
8	46
0	1
1	31
3	11
0	18
115	76
2	0
0	0
0	0
0	0
0	0
0	0
0	0
0	0
0	0
0	0
0	0
0	0
0	71
0	71
0	8
2	1
1	23
1	25
0	12
0	14
1	0
0	196
0	216
0	360
0	305
0	44
1	0
0	0
0	0
0	0
63	654
0	75
2	122
4	9
0	72
12	25
32	144
4	112
0	94
0	90
0	35
149	148
1	5
4	44
0	89
0	88
1	83
0	101
1	74
1	66
3	93
1	0
0	0
1	0
0	0
0	0
0	0
0	0
0	0
0	0
0	1
0	1
0	1
0	0
52	469
9	431
1	178
1	94
0	90
0	8
0	9
0	15
0	0
0	13
4	19
0	17
0	19
0	37
0	36
0	37
4	0
0	29
0	3
0	9
0	3
0	7
0	1
0	14
2	14
0	0
0	0
0	334
41	300
0	317
0	207
3	263
0	122
0	0
0	0
0	157
0	146
0	151
3	146
0	66
0	146
1	58
0	58
70	82
0	82
0	31
2	4
3	8
0	0
0	0
0	0
0	0
0	0
0	0
0	0
0	0
0	0
0	0
0	0
0	0
0	0
0	0
0	0
0	0
0	0
0	0
0	0
21	123
0	86
0	89
2	34
3	82
2	121
0	29
0	42
0	32
0	0
0	0
0	0
0	0
0	66
1	8
2	65
0	3
0	61
1	0
0	0
0	0
0	0
0	0
0	0
0	0
9	25
0	23
0	1
0	24
0	20
0	21
0	9
1	6
0	0
5	48
0	63
3	161
4	117
3	154
0	39
0	16
0	39
0	36
1	26
0	15
0	5
0	161
0	0
0	0
0	0
0	0
0	0
0	286
0	49
0	0
0	0
115	26
0	14
0	12
2	1
0	1
0	0
0	0
0	0
0	0
0	0
0	0
0	0
0	0
0	284
0	47
0	0
0	0
0	0
0	0
2	535
0	548
0	128
0	38
0	576
2	56
1	145
0	123
0	0
209	76
0	39
0	25
16	5
0	7
1	8
680	45
0	43
1	34
0	4
0	0
0	0
0	126
1	126
0	126
0	34
0	2
0	0
0	0
3	0
11	3
0	0
0	0
0	0
1	0
1	0
0	3
0	105
2	91
1	42
0	51
6	3
0	15
14	5
0	0
0	0
0	0
295	117
2	90
0	46
18	41
0	42
0	0
0	0
0	0
0	0
0	0
0	0
0	0
0	0
0	0
0	152
2	150
0	132
16	39
30	45
1	16
6	0
0	29
0	14
0	3
0	0
0	0
0	0
0	0
0	0
0	0
1	84
43	282
3	33
0	95
37	216
1	3
0	59
1	27
0	31
0	0
0	0
0	0
0	0
0	0
0	0
0	0
438	93
4	2
4	91
2	36
11	303
0	471
0	477
7	313
1	82
0	0
0	0
0	0
0	0
0	0
0	0
0	0
0	0
0	0
24	161
0	13
13	151
0	39
0	23
1	1
9	3
0	0
0	226
0	273
0	206
2	218
0	266
0	181
2	245
0	59
4	85
0	45
0	31
0	7
1	11
0	13
35	0
0	0
0	0
0	0
0	0
0	0
0	0
0	0
0	0
0	0
123	775
0	590
2	220
0	17
50	90
10	163
29	0
0	4
0	0
0	1
3	27
0	5
0	5
0	28
0	5
0	28
0	4
0	1
0	11
1	3
830	13
0	0
0	0
0	0
0	0
0	0
0	0
0	0
0	0
0	0
0	0
0	0
0	0
0	0
0	1
0	1
0	1
0	1
0	0
0	0
0	4
0	4
0	0
0	0
26	0
0	20
0	16
0	21
0	0
585	374
0	169
0	188
0	30
0	105
4	97
3	35
0	0
0	0
0	3
1	41
0	38
1	3
0	7
0	0
0	6
0	0
4	9
1	9
222	191
0	204
21	144
0	0
0	0
0	0
0	0
0	0
99	45
0	45
1	7
0	13
0	12
38	29
2	7
0	1
0	0
0	1
0	1
0	1
0	1
0	204
0	3
0	3
4	145
2	16
0	3
0	79
3	38
2	54
0	72
0	138
11	40
0	28
0	32
0	49
0	1
1	9
5	6
1	7
1	18
0	28
1	19
0	0
0	89
1	89
0	230
0	162
0	215
0	3
58	212
0	130
1	0
0	0
0	92
0	17
1	10
0	920
2	655
0	860
149	975
40	1
0	136
7	434
2	252
0	317
0	255
0	235
0	207
2	91
0	39
0	6
0	5
0	0
2	0
7	18
0	0
1	1
0	14
0	8
0	282
2	8
0	272
0	104
19	289
0	286
0	273
1	101
11	86
10	23
0	41
0	0
0	96
0	94
0	67
2	45
1	33
0	0
0	50
2	31
0	47
0	12
0	9
0	11
0	5
0	6
0	8
0	1
0	2
0	6
0	73
0	71
0	68
0	38
0	56
0	67
0	67
0	52
0	58
3	27
0	43
0	57
0	6
0	14
0	32
0	14
0	0
1	0
0	0
0	0
0	0
0	0
0	0
0	0
0	0
0	0
0	0
0	0
25	52
1	52
1	407
4	389
0	379
0	363
0	391
0	393
0	391
1	93
0	108
0	0
4	67
0	63
0	139
0	53
31	198
3	140
0	87
0	58
93	257
1	212
0	127
0	0
0	0
0	0
0	0
6	1
0	0
0	0
0	0
0	0
0	0
0	0
0	0
0	0
2	122
923	243
7	5
0	77
0	209
0	0
0	0
0	0
86	387
1	237
0	2
0	2
0	2
0	0
0	0
0	0
0	0
0	2
2	27
0	27
0	27
0	13
0	0
0	0
0	0
0	0
68	0
6	302
7	212
0	0
2	292
0	242
4	161
0	0
0	0
0	0
0	0
0	0
0	2
0	1
0	2
0	0
0	112
0	113
1	36
0	24
1	3
0	0
0	0
0	0
0	0
0	0
0	0
0	0
0	0
0	0
0	0
0	0
0	0
0	110
0	82
0	113
0	7
0	42
0	27
0	15
0	0
0	0
0	0
19	246
1	104
3	157
1	62
0	161
1	118
0	142
1	47
0	2
0	2
72	17
0	13
0	6
0	73
0	102
106	100
1	76
2	69
0	47
0	0
0	0
0	0
0	0
0	0
0	0
0	0
0	0
0	246
0	422
102	431
0	389
10	34
0	10
0	9
0	1
0	0
0	0
0	1
0	3
0	1
0	0
0	10
0	0
0	0
0	0
0	188
0	0
0	0
0	0
0	0
0	0
0	0
0	0
0	0
0	0
0	0
0	0
0	0
0	0
0	0
0	0
0	0
0	0
0	0
0	0
0	0
0	0
0	0
0	0
0	0
0	0
0	0
0	0
0	0
0	0
0	0
0	0
0	0
0	0
7	2
2	1
0	0
1	1
0	0
0	0
0	0
0	0
0	0
331	213
0	172
1	13
0	5
291	0
131	150
0	150
0	4
0	100
0	88
0	99
0	93
0	100
0	14
0	36
0	25
0	77
0	39
0	11
0	27
0	17
0	35
0	24
0	6
0	17
0	17
0	60
5	50
0	60
0	60
0	56
0	51
0	54
0	47
0	58
0	0
0	0
0	2
0	1
0	115
0	86
3	85
0	30
14	0
0	41
114	809
5	31
26	793
0	835
4	0
1	55
0	0
1	490
0	0
0	0
0	0
0	0
0	0
0	0
0	0
0	0
12	0
0	123
1	0
0	123
0	0
0	0
0	0
0	0
0	0
0	0
0	0
24	553
0	0
0	0
0	0
0	0
0	0
0	0
0	0
0	0
0	107
0	33
0	0
0	0
5	0
4	0
1	0
0	0
0	0
0	0
0	0
0	0
0	0
0	0
0	0
0	0
0	49
0	151
1	130
1	101
0	113
2	113
4	20
388	116
4	62
1	54
528	0
16	92
0	105
0	85
0	85
0	21
0	0
0	0
202	96
5	30
0	74
1	0
0	2
0	6
0	1280
0	5
0	1252
21	1280
0	1226
2	76
0	819
8	69
11	10
0	17
0	58
11	172
3	87
5	58
0	60
1	73
19	8
0	0
2	8
0	1
0	2
0	1
0	0
0	0
424	258
0	50
0	119
0	83
0	64
0	10
0	1
0	1
0	1
0	0
0	1
0	0
78	0
19	220
0	157
5	108
43	7
0	7
0	5
0	1
0	0
0	0
0	0
0	0
0	286
1	357
7	78
67	279
47	29
1	30
0	330
22	121
1	0
0	0
0	0
0	1
0	1
0	1
0	0
0	0
0	17
1	79
0	12
0	27
0	63
0	23
0	19
11	28
0	5
0	35
0	7
0	2
1	0
14	29
0	16
0	7
0	8
0	8
1	0
5	3
0	3
0	3
0	0
440	0
0	0
0	0
0	0
0	0
2	6
3	417
0	89
0	401
2	49
0	49
0	4
0	11
0	0
0	0
0	0
0	0
0	0
0	0
0	19
96	92
0	22
3	70
0	7
0	6
0	1
0	0
0	0
0	7
8	504
3	503
0	516
0	483
42	385
3	119
0	257
0	504
0	86
0	9
25	86
0	16
0	61
0	18
0	12
0	37
0	43
0	23
0	11
0	3
0	11
19	11
0	1
0	1
0	1
0	0
0	0
1	59
258	59
0	0
0	1
0	0
0	0
0	0
0	0
0	0
0	0
0	0
0	0
0	0
0	115
2	14
0	18
0	14
0	115
12	105
0	21
0	20
10	9
0	9
1	130
0	127
0	30
0	67
0	49
0	45
0	37
1	33
0	30
0	23
0	11
0	14
1	0
0	3
1	0
0	127
0	127
0	83
0	148
0	174
0	55
1	61
2	75
0	28
3	22
2	1
1	72
6	27
0	8
20	5
0	3
0	71
1	45
2	72
0	54
0	72
0	0
34	121
1	19
9	102
0	59
7	30
0	0
0	0
0	0
0	0
0	0
0	0
0	0
0	0
0	0
0	0
0	0
0	0
0	3
0	0
0	3
0	0
0	272
3	148
0	60
1	33
0	19
0	44
0	36
0	15
0	272
3	51
4	18
1	3
0	5
0	0
0	16
3	6
2	17
0	6
3	357
0	357
0	5
0	39
0	31
0	0
0	0
0	0
0	0
0	6
4	3
16	209
2	209
1	27
12	15
0	15
0	0
0	0
0	0
0	0
0	21
0	16
0	15
0	8
0	7
0	7
0	2
0	2
1	5
1	4
2	5
0	4
1	1
0	15
0	28
3	53
0	36
0	4
0	48
0	0
0	0
0	0
0	0
0	0
0	0
0	0
0	0
8	18
0	0
0	6
2	6
0	7
0	0
0	18
0	3
0	0
0	189
3	0
9	189
6	4
0	4
0	0
0	0
0	0
0	0
0	0
0	0
0	0
0	0
0	0
0	0
0	0
3	0
0	1
0	1
0	1
0	0
0	0
0	0
0	0
0	0
0	0
0	0
0	0
0	0
3	1
0	1
400	0
199	557
0	41
3	283
3	317
0	225
1	314
0	278
3	119
0	166
3	237
0	0
21	11
1	0
1	3
0	8
2	1064
6	332
0	42
5	74
0	82
0	90
0	63
0	1064
0	626
0	58
46	406
0	135
0	589
0	603
0	577
0	171
0	503
3	81
0	562
0	328
0	58
0	373
0	520
0	373
2	22
0	314
0	0
0	0
0	0
0	0
8	208
0	23
0	194
0	10
0	15
11	155
2	2
0	3
0	31
0	2
13	150
0	150
2	21
0	21
0	0
0	13
0	0
0	0
1	13
0	85
0	19
0	0
0	0
0	0
0	0
0	0
0	0
1	0
0	0
0	25
0	23
0	23
0	7
0	0
0	0
48	40
0	39
0	1
0	9
0	0
0	0
0	0
0	0
0	0
0	0
0	0
0	0
0	0
2	0
0	2
0	0
2	0
0	0
0	0
42	4
2	5
0	1
0	0
2	0
0	0
61	20
1	13
2	2
0	4
0	4
0	5
0	0
0	0
0	0
0	0
0	20
10	891
11	893
6	22
1	529
0	33
0	11
2	62
0	37
25	35
3	0
0	0
0	0
0	0
0	0
0	0
0	0
0	0
0	0
0	0
23	130
0	123
3	73
0	175
0	111
0	96
0	71
24	0
0	173
2	1
0	1
0	0
0	0
2	0
0	0
0	0
0	0
0	0
0	0
5	6
0	82
0	88
0	81
0	90
1	86
0	90
0	81
0	46
0	1
11	18
0	9
0	0
0	8
0	282
1	266
2	2
20	5
0	162
0	265
1	63
0	52
0	52
0	9
0	9
1	12
7	536
0	65
0	461
15	123
9	53
5	12
6	42
0	21
0	22
0	21
0	21
0	22
0	0
0	1
83	0
44	4
0	4
0	2
0	906
0	900
6	735
1	599
12	69
81	893
0	46
12	47
0	26
0	27
0	45
0	46
7	9
0	9
0	1
16	199
0	53
0	16
0	19
0	17
12	12
0	8
6	11
0	10
17	199
0	0
0	0
0	0
0	0
0	27
14	863
4	631
8	851
2	0
0	44
0	40
0	55
0	14
5	9
0	54
0	0
0	0
0	0
0	0
0	28
0	23
0	17
0	1
0	28
0	11
368	114
0	33
0	7
2	74
0	0
0	0
0	0
0	0
0	0
0	0
0	0
0	0
0	0
0	0
0	0
0	1
39	1
7	24
2	24
0	6
0	9
0	4
0	0
0	0
0	0
26	3252
0	3243
55	3025
0	3264
1	2972
0	298
7	527
0	0
0	0
0	0
0	0
0	0
2	0
0	33
1	33
0	0
0	0
0	0
0	0
0	0
0	0
0	0
0	0
0	0
1	40
0	40
0	39
1	9
0	7
0	3
0	18
0	18
0	18
0	22
1	20
0	18
4	0
0	39
0	0
0	38
0	7
12	38
0	17
0	2
0	0
0	0
0	0
0	0
0	0
2	68
0	34
0	0
0	0
0	15
0	12
7	17
0	3
1	1
0	0
0	0
0	0
0	0
0	99
1	90
0	48
0	84
0	0
0	0
0	0
0	0
0	0
0	0
0	0
0	0
0	0
0	0
0	0
0	1
2	1
0	0
0	0
0	0
0	0
4	662
8	662
5	541
0	524
0	669
0	256
4	210
1	53
0	0
32	128
4	128
8	105
0	5
3	1
0	10
27	50
0	38
1	30
0	34
0	28
0	11
0	11
0	11
0	8
0	24
0	24
12	0
0	0
0	0
0	1
0	5
0	1
0	19
0	2
0	32
7	34
0	2
0	0
0	0
0	0
0	0
0	0
0	0
3	0
0	0
0	0
0	0
0	0
0	0
0	0
0	0
0	0
0	0
0	0
0	0
2232	1784
0	1785
0	398
1172	55
3	132
7	11
0	10
6	18
3	132
0	0
3	138
0	136
1	136
0	138
0	89
0	0
0	0
0	0
0	513
9	513
1	8
0	76
0	0
0	0
13	2
0	1
0	2
0	0
0	0
0	0
7	197
8	49
0	17
0	212
1	77
4	23
0	10
1	14
12	8
0	8
0	4
0	1
0	753
0	43
5	522
1	556
0	216
14	70
0	679
0	0
0	0
0	0
0	0
0	0
2	0
0	0
0	0
0	0
0	0
0	0
0	2
2	2
0	2
0	1
0	2
0	0
0	0
0	0
0	0
0	0
0	0
20	30
0	9
0	8
0	0
0	15
0	7
0	149
634	4902
5	920
5	865
0	471
0	4878
19	11
7	11
0	5
1	11
0	98
1	135
2	134
0	4
0	21
1	27
0	135
8	0
0	0
13	0
5	170
1	197
206	426
1	10
1	23
2	250
0	116
18	74
0	260
0	57
8	364
9	341
0	39
2	97
0	9
2	55
0	3
0	14
2	2
2	0
0	0
0	2
0	1
0	1
0	0
0	0
0	5
0	0
0	5
0	0
0	0
0	0
0	0
13	31
1	31
2	1
2	0
120	3503
0	7077
36	8457
0	3937
1	3332
6	849
73	115
5	115
0	0
12	0
1	0
0	0
0	0
0	4
1	4
0	4
2	1
0	1
2	1
177	0
6	5
0	5
0	1
1	3
0	1
0	0
0	0
0	0
0	2
0	1
0	2
2	2
0	2
0	2
0	2
0	1
0	1
0	0
0	0
0	27
0	25
0	27
437	94
0	28
1	22
26	44
0	0
0	0
0	0
44	1043
1	1030
6	13
0	67
1	95
3	81
2	214
0	0
0	0
0	0
0	0
0	0
0	0
0	0
0	0
1	158
0	158
0	0
0	0
0	0
0	0
0	0
0	2
2	49
0	49
0	1
0	44
0	1
0	13
97	19
0	16
0	3
156	67
0	28
0	50
0	16
0	0
0	0
0	0
0	0
0	0
0	0
0	0
0	0
0	0
0	0
0	0
0	0
0	0
30	54
0	23
0	16
13	183
0	183
0	179
1	66
0	62
0	16
0	10
0	25
0	16
0	16
0	50
0	35
0	0
0	0
0	0
0	0
0	0
0	0
0	0
0	0
0	0
0	0
0	0
0	0
0	0
0	0
0	109
0	59
0	38
0	60
0	96
0	14
5	0
6	43
4	3
0	95
0	0
0	0
0	0
0	0
0	0
64	575
1	560
0	48
3	34
3	30
0	243
3	285
0	3
0	0
0	0
0	0
1	3
3	302
0	327
278	327
0	177
0	62
0	62
0	22
1	3
0	38
0	0
0	61
0	61
0	61
0	26
0	21
0	25
0	1
0	18
5	4
1	8
0	7
6	0
0	0
0	0
0	0
5	164
0	29
0	25
0	7
0	5
0	125
0	14
1	8
0	93
2	7
0	92
0	92
0	93
1	1267
0	889
0	873
0	313
0	213
0	111
2	313
1	141
0	130
2	64
0	1263
0	1270
0	51
0	1313
0	1129
0	911
0	16
3	16
1	3
10	470
171	570
0	332
49	1
3	48
0	12
0	55
1	12
1	47
0	35
1	32
0	0
0	0
0	0
0	0
0	0
0	0
0	2
0	2
0	92
10	5
0	1
0	1
0	1
0	1
0	1
0	1
0	1
0	0
0	0
0	0
0	0
0	0
0	0
0	0
36	27
0	101
12	100
0	21
0	0
2	17
6	8
1	1
23	8
0	1
5	3
0	3
0	0
0	0
0	0
0	1
0	1
316	0
0	0
0	206
0	21
0	21
2	13
0	201
0	213
4	197
0	0
0	111
0	15
2	17
0	29
0	118
0	25
0	10
0	0
0	0
0	0
0	0
0	0
0	0
329	1202
4	1184
99	131
45	223
3	2
0	10
0	9
0	10
0	1
0	10
0	2
0	7
0	0
0	0
2	9
0	7
0	9
0	0
0	0
0	0
0	0
0	0
0	0
0	0
0	224
0	222
0	35
0	15
0	0
4	14
0	13
0	0
0	223
34	29
0	29
1	58
0	61
0	58
0	18
0	13
2	2
0	23
0	20
0	0
539	807
0	805
2	590
18	147
0	0
805	0
0	0
0	0
0	0
0	0
10	22
85	117
0	125
4	76
0	1
0	22
0	22
0	23
0	23
0	22
0	9
0	8
0	1
3	0
0	22
0	0
0	0
0	0
0	0
0	0
0	0
0	0
0	0
0	0
0	6
0	41
268	41
88	27
0	41
0	0
0	0
0	0
0	0
0	0
0	0
0	2617
0	51
0	2607
0	3
0	3
0	0
0	0
0	0
0	0
0	0
0	0
0	0
0	0
0	0
0	0
0	0
0	0
20	447
9	221
45	82
0	42
0	25
0	150
2	212
2	119
0	41
0	36
0	8
0	22
2	0
79	5383
3	5320
0	5292
3	5279
0	1267
31	290
0	5383
0	5
4	5
0	6
0	6
0	107
34	111
0	3
0	0
1	0
0	8
1	2
0	5
0	3
0	0
51	101
0	88
0	84
0	21
0	0
256	71
0	11
0	14
0	32
0	5
1	36
0	44
1	44
0	0
0	0
0	0
0	0
0	0
0	0
0	0
0	0
0	0
0	0
0	0
0	0
0	0
0	0
0	0
0	0
0	0
0	0
0	0
0	0
0	0
0	0
0	0
0	0
0	0
0	0
0	0
0	0
0	0
6	103
0	28
0	21
0	88
0	53
1	37
3	14
0	28
0	28
2	12
0	3
0	2
0	2
0	1
0	1
0	507
0	32
3	439
2	366
1	15
0	143
2	65
8	35
0	20
0	472
1	87
0	171
0	119
0	0
0	0
0	0
0	0
0	0
0	0
0	0
0	0
0	0
0	0
0	0
0	11
125	109
10	109
0	85
2	11
2	55
0	48
0	18
0	7
0	0
0	0
0	0
0	0
0	0
0	0
0	0
0	0
0	0
0	0
0	0
0	0
8	247
2	60
0	42
0	247
19	445
2	412
0	399
2	339
1	352
0	79
0	28
0	27
0	17
0	31
0	1990
2	21
0	84
0	12
3	30
46	425
14	38
2	1990
96	45
0	10
0	3
2	6
2	16
6	4
0	6
0	7
0	5
6	2
3	0
6	0
6	0
0	0
0	16
0	456
0	414
2	46
76	29
0	387
0	429
0	17
0	17
0	17
0	17
0	4
0	4
0	1
0	4
0	3
0	3
0	0
0	0
0	0
0	0
0	0
0	0
0	0
0	0
0	0
0	0
0	0
31	6
0	1
0	5
0	1
5	5
0	12
0	7
1	5
34	4
0	0
1	0
0	7
0	5
4	0
0	75
0	0
0	314
0	261
15	242
0	83
2	28
8	9
23	1
0	0
0	0
0	4
0	80
0	12
0	4
0	4
0	4
0	2
0	3
2	64
0	84
0	0
0	0
0	13
10	76
2	1
0	1
0	62
138	151
1	105
0	8
0	66
0	44
0	112
36	1153
14	1178
4	1183
0	1206
0	199
0	162
6	102
0	87
0	91
2	68
13	4
0	1
1	1
0	14
14	5
2	1
0	9
0	15
0	206
0	36
0	202
0	86
0	4
0	2
0	6
0	78
0	0
0	20
0	15
0	7
0	10
0	12
0	115
49	105
0	3
4	103
0	0
0	0
0	72
0	0
0	15
6	15
49	244
32	244
16	0
0	0
0	0
0	0
118	589
0	502
18	133
7	52
0	73
26	0
2	118
60	101
0	80
0	34
0	0
0	0
0	3
0	0
0	1
0	2
0	1
91	52
4	25
0	41
0	29
0	29
0	14
0	0
0	0
0	0
0	0
0	0
0	0
0	412
9	62
9	385
0	33
3	376
0	0
40	151
1	148
4	65
0	5
1	29
0	20
6	14
0	0
0	0
0	0
0	0
0	0
0	38
6	36
0	38
241	24
0	24
0	0
0	0
0	0
0	0
0	0
0	117
2	0
2	117
0	7
1	0
0	2
0	2
0	2
0	0
0	0
0	0
0	0
0	0
0	2
0	2
1	279
0	39
11	40
0	0
0	279
11	73
0	73
0	73
0	71
0	60
1	4
0	4
0	56
4	54
0	1
1	8
0	40
0	29
1	18
1	6
0	0
0	0
83	309
4	251
0	78
7	50
19	58
1	30
127	97
0	97
12	159
3	155
0	30
0	0
0	0
6	696
5	663
0	81
0	635
0	649
0	635
0	637
0	622
0	652
0	661
0	668
0	639
0	645
0	677
0	603
0	635
0	602
0	630
0	617
0	656
2	27
3	68
1	52
1	19
15	35
0	696
81	608
2	66
0	569
31	40
14	0
2	8
0	195
5	0
0	0
0	0
0	0
0	0
0	0
0	0
0	0
0	0
0	0
0	0
0	0
0	0
0	0
0	0
0	0
38	54
0	9
0	32
0	24
0	22
0	0
0	0
0	0
47	120
5	31
0	43
2	21
0	43
0	35
0	11
1	16
0	10
0	34
0	361
344	495
2	25
3	37
2	56
0	19
0	0
13	542
23	550
0	838
0	302
0	5
0	10
0	393
0	416
1	56
0	415
0	78
0	0
1	38
0	0
0	0
1	495
0	368
6	515
3	434
0	212
1	196
0	330
0	203
0	70
0	0
3	33
0	38
0	38
0	38
0	33
0	38
83	80
0	82
0	42
11	34
0	12
0	0
0	0
0	0
0	0
0	0
38	152
4	0
1	17
22	17
0	1
6	1
0	0
0	1
0	0
0	0
12	248
0	0
0	0
0	0
65	197
3	176
0	9
0	6
0	12
0	19
0	39
0	17
0	7
2	24
22	39
0	7
0	2
5	0
29	2
1	2
3	364
17	724
1	109
0	348
0	6
0	10
0	32
0	58
2	20
2	358
55	62
0	16
0	56
11	0
0	13
17	7
3	4
3	7
76	6
0	2
0	1
0	3
2	0
0	0
0	0
44	0
518	505
0	26
3	89
0	144
0	182
1	208
1	3
0	3
19	113
0	111
0	16
0	12
5	127
18	37
0	84
0	117
2	8
2	0
51	21
8	21
9	33
0	11
0	33
3	6
12	312
6	313
12	18
0	0
0	0
0	0
0	0
0	0
0	0
0	0
0	0
0	0
0	0
0	0
0	0
0	0
0	0
0	0
0	2
0	2
0	2
0	2
9	248
2	248
0	79
0	27
0	22
0	35
0	62
0	77
0	22
369	108
3	0
0	108
6	128
1	124
0	7
0	6
2	18
2	14
0	17
0	3162
2	1012
1	2817
0	3132
0	2731
0	2726
0	1843
0	2254
4	239
0	1155
0	960
0	1079
0	1057
0	999
2	1057
7	0
0	1
0	1
0	257
50	248
0	60
11	17
9	37
0	52
0	18
0	34
0	17
0	0
0	0
0	3
0	0
0	34
101	2373
0	1771
2	332
10	0
6	529
3	213
8	186
9	1029
1	109
0	60
0	5
4	0
0	10
0	3
0	3
0	11
0	5
0	9
1	7
0	2
0	60
0	0
0	0
3	266
2	210
2	133
0	266
2	5
0	4
0	59
0	37
0	4
1	4
0	2
0	1
0	0
0	0
0	0
0	0
0	0
1	0
0	42
1	42
0	23
2	8
0	0
0	0
2	39
102	100
0	10
0	13
3	5
0	100
0	0
0	0
0	0
0	0
2	4
3	4
0	0
0	635
0	635
0	650
0	492
0	282
0	237
0	286
0	286
0	303
0	279
0	296
5	296
4	4
0	51
7	36
6	11
7	10
4	5
0	296
0	279
0	612
128	743
0	0
0	0
0	0
0	0
58	53
0	48
0	49
0	0
0	0
0	0
0	17
3	14
0	10
0	22
0	17
1	0
0	0
0	0
0	0
0	0
0	0
0	0
870	452
0	452
4	93
0	0
0	111
5	0
0	7
1	6
0	22
2	0
0	111
0	0
0	0
0	0
0	0
0	0
0	0
0	0
0	0
0	0
0	0
0	0
1	5
0	31
0	91
17	83
2	4
1	8
0	183
0	183
7	7
2	9
0	20
1	83
0	83
0	0
0	2
0	14
0	1
0	176
0	20
0	20
0	4
0	170
9	1
4	0
0	20
0	20
1	14
0	0
0	0
0	0
0	0
0	0
97	294
0	297
0	30
0	19
7	18
0	8
0	10
9	3
0	0
0	0
0	0
0	0
0	0
0	0
0	0
0	0
0	1
0	1
0	0
0	0
0	0
0	0
0	0
0	0
0	44
0	8
3	25
0	42
0	44
0	0
0	0
0	0
0	0
0	0
15	48
1	47
0	1
2	48
78	0
0	0
0	3
0	0
0	0
0	0
0	1
0	2
0	0
4	1090
11	51
0	1079
0	50
62	30
34	196
0	559
0	504
0	522
0	44
0	158
0	169
0	74
0	58
0	27
0	70
0	71
0	0
0	0
0	0
0	0
0	0
0	0
0	0
0	0
0	0
0	0
0	21
38	50
0	43
0	4
0	0
0	7
3	0
0	0
0	0
0	0
0	0
0	0
0	0
0	0
2	33
0	33
0	2
0	2
0	3
0	3
0	2
0	2
0	0
0	0
0	2
0	0
0	0
21	66
0	33
0	11
1	7
1	26
0	29
0	0
0	0
0	0
0	0
0	0
0	0
0	0
1	5
0	5
0	5
0	0
0	0
0	0
0	0
0	0
0	0
0	0
0	0
0	0
0	0
0	0
0	0
0	0
0	323
25	427
6	247
0	358
0	263
3	191
11	227
2	39
0	109
0	53
0	15
27	1111
33	380
2	574
0	473
17	948
0	199
1	50
0	380
0	378
0	321
0	1108
1	1
4	2
0	19
0	19
1	6
0	136
7	134
0	24
1	131
1	10
0	10
1	26
0	17
0	19
3	7
0	10
0	18
1	22
0	0
0	0
3	35
208	100
0	61
11	40
7	6
10	9068
28	2447
0	4603
10	1019
0	2756
24	8233
8	1033
1	0
0	0
0	0
0	0
6	0
0	0
0	0
0	0
0	0
0	0
156	389
1	63
28	389
0	0
0	0
0	0
0	0
0	0
4	2212
0	2182
0	1569
0	1500
7	429
5	790
0	0
0	0
0	0
0	0
0	0
0	0
0	0
0	0
0	0
0	0
0	0
27	2
1	2
28	44
0	45
0	0
0	31
0	27
2	3
0	19
0	56
0	2
0	54
0	0
0	0
0	0
0	0
0	0
4	178
0	185
0	209
13	3
0	72
0	30
0	2230
7	1495
0	1496
0	1140
0	345
7	315
0	222
0	198
53	70
3	2176
0	1
0	0
0	1
0	1
0	1
0	0
0	0
0	1
1	234
0	242
0	95
3	57
0	54
0	92
0	100
13	65
0	65
0	14
0	144
0	0
0	37
3	37
0	4
2	12
0	4
4	14
0	3
0	177
0	177
0	180
0	182
9	163
8	33
0	36
0	74
0	75
0	48
0	26
0	31
0	5
0	6
0	4
0	8
0	8
0	0
0	0
5	6
0	0
0	12
0	12
0	5
0	2
0	0
1	6
0	0
0	0
0	0
0	0
1	0
29	0
0	0
19	523
0	495
0	322
0	7
0	58
1	56
0	56
0	0
0	0
0	0
0	0
0	0
0	2
0	2
0	0
0	0
0	2
0	2
0	2
0	0
0	0
0	0
0	0
12	32
7	13
0	2
0	13
5	71
0	22
0	32
0	13
0	13
0	14
0	8
0	0
0	70
0	69
0	0
0	0
0	0
0	2
0	2
0	0
0	0
0	0
0	2
0	0
0	0
0	0
92	305
3	67
0	47
0	32
0	159
0	30
0	56
1	5
0	21
0	0
0	6
0	67
1	61
0	27
1	12
0	16
1	6
0	6
0	0
0	0
0	0
2	112
0	103
15	53
0	5
3	4
0	0
0	0
0	0
106	196
1	162
0	47
0	0
0	29
3	5
8	0
0	236
0	242
0	67
0	211
4	38
0	60
1	110
0	72
0	0
0	0
0	4
0	4
308	41
0	41
0	36
3	42
0	40
0	36
0	0
0	0
0	0
0	23
0	28
0	7
0	20
0	20
0	17
0	8
0	4
5	31
0	7
0	19
0	5
0	4
0	1
0	6
0	5
0	0
0	94
0	25
0	466
56	596
0	51
0	41
2	73
0	31
1	92
0	495
2	469
4	49
0	49
0	333
3	22
4	251
1	79
0	44
0	39
0	39
0	21
1	32
0	9
0	7
0	0
0	0
53	83
17	0
0	3
0	12
0	9
0	84
0	0
0	0
0	0
0	0
0	0
0	0
0	119
4	250
0	1
5	225
1	53
0	0
0	0
0	0
0	0
0	0
0	0
0	0
8	22
0	22
0	719
0	725
0	682
0	108
11	35
5	465
1	38
5	63
0	91
0	80
0	49
0	38
0	720
0	1285
8	1278
0	22
0	18
4	42
0	20
38	65
10	331
0	324
0	46
0	1200
9	817
27	804
44	738
33	3
0	3
0	0
0	0
0	0
526	2673
0	2585
5	1751
0	1817
163	1777
118	565
0	2360
0	1631
0	512
284	40
1	272
0	261
4	270
1	50
7	14
7	79
0	30
1	94
14	96
0	34
0	40
8	3
0	15
4	7
0	43
12	17
0	0
0	21
1	0
0	22
0	44
0	25
0	31
0	21
0	17
0	17
0	1692
0	433
0	2
0	41
3	1684
0	1757
0	0
0	1797
14	19
0	1673
1	1169
0	277
2	218
0	196
2	342
3	1
11	33
0	77
2	0
0	0
540	485
15	480
0	310
0	298
0	293
0	242
3	32
0	35
1	43
0	60
3	4
0	38
3	57
1	39
0	26
4	2266
0	896
3	73
6	458
29	955
6	51
0	57
0	189
0	0
11	218
0	218
544	54
0	13
0	41
0	0
0	0
0	0
0	0
0	0
0	0
0	0
0	5
0	1
0	2
0	2
0	2
0	2
0	2
1	5
0	1
3	0
0	28
1	1
0	28
1	2
0	6
0	0
0	0
0	0
0	0
0	0
0	0
0	0
0	0
0	0
0	0
0	0
0	0
0	0
0	0
0	0
378	269
3	134
17	260
6	78
0	45
0	56
14	623
0	623
0	63
0	74
0	188
0	0
0	0
0	0
0	0
0	0
0	0
1	0
0	161
0	201
0	15
0	125
0	176
0	187
47	42
0	14
0	222
0	102
0	211
0	69
0	36
1	67
0	8
0	50
0	6
1	50
2	28
10	15
0	0
0	0
0	7
0	3
0	3
0	3
0	3
0	3
0	2
0	0
0	0
0	2
0	7
0	7
2	87
2	87
0	4
0	4
0	3
0	1
0	0
0	0
0	0
0	0
6	1
0	1
0	1
0	0
0	0
0	0
0	0
22	2
0	2
0	0
0	0
0	2
0	2
0	2
0	2
0	0
0	4
0	4
0	1
0	0
0	0
0	0
0	59
0	15
0	31
5	59
0	62
0	0
0	0
0	0
0	0
0	0
0	0
0	0
216	117
0	117
20	72
0	84
0	76
0	16
923	4250
15	4250
1	330
0	0
0	64
2	15
0	20
3	64
0	6
0	5
0	3
0	1
0	0
0	0
0	0
0	0
50	173
0	173
1	185
0	185
0	190
0	64
0	159
0	29
0	142
1	31
0	50
3	36
0	28
0	36
5	22
5	36
0	33
0	18
0	10
0	4
0	189
0	0
0	0
3	0
0	0
0	0
0	0
0	0
0	0
30	616
0	69
0	616
0	165
2	3
8	243
0	62
0	62
1	64
0	62
0	12
1	10
0	8
0	2
0	6
22	7
2	7
0	0
1755	697
25	677
2	83
3	188
0	141
2	44
0	123
1	35
0	24
0	5
33	16
0	11
11	52
1	5
0	7
0	50
151	18
0	18
0	0
0	0
0	0
0	0
0	0
1	53
0	48
0	23
1	18
0	24
0	45
0	31
5	6
0	28
2	0
0	0
0	0
38	72
2	72
0	54
0	27
0	32
0	33
0	18
0	15
0	145
23	145
0	22
2	9
5	27
3	11
13	16
86	207
2	14
8	194
0	13
4	3
0	8
0	5
0	0
0	0
0	0
0	0
1	23
0	43
0	1
1	12
6	42
0	5
0	2
0	20
0	16
0	4
0	2
0	0
0	0
0	0
69	548
0	548
1	0
0	0
0	0
0	0
0	1604
1693	11636
0	0
0	0
0	110
6	100
0	99
0	7
0	9
4	19
0	48
0	46
0	1
0	35
0	29
2	35
0	13
0	7
0	3
377	0
0	0
0	0
0	0
0	0
0	0
1	0
0	0
0	0
25	0
0	902
0	884
0	466
0	419
2	382
0	294
0	231
3	139
1	84
0	42
17	934
954	478
2	310
3	216
0	116
0	104
0	23
0	37
4	271
0	13
0	42
0	271
0	41
2	55
0	45
0	40
1	40
0	2
0	0
0	2
0	2
0	0
0	8
0	11
0	11
9	65
0	56
0	30
6	1
0	7
0	5
0	7
6	2
0	0
9	123
0	123
0	0
0	0
0	0
0	0
0	0
0	0
0	0
0	0
0	1
0	1
0	1
0	1
0	1
0	178
1	8
6	32
54	171
7	173
1	61
0	55
0	33
0	34
1	41
0	0
0	0
0	0
0	0
15	43
0	41
0	39
0	37
0	39
0	5
0	1
0	0
0	0
0	0
0	0
0	0
0	0
0	0
0	0
4	1
0	1
0	16
2	14
0	24
0	10
0	6
0	5
0	2
0	0
0	0
0	12
0	2
0	10
0	10
0	463
0	0
3	21
4	20
0	15
6	241
2	189
0	13
6	73
0	15
3	155
0	155
0	37
2	16
0	0
0	0
0	0
0	5
0	5
0	5
0	5
0	6
0	3
1	77
2	77
0	76
0	0
0	0
0	0
0	0
0	0
0	0
0	0
0	0
0	0
0	20
0	68
0	62
0	5
0	3
0	3
0	3
5	8
2	3
16	0
0	5
0	40
0	41
0	7
0	0
0	0
28	4119
0	5259
24	735
1	4947
0	4726
0	913
0	3416
0	1187
9	295
0	0
0	0
0	0
4	203
0	183
1	89
1	82
0	21
2	17
0	13
0	12
0	0
0	0
0	0
0	0
0	0
0	0
0	0
0	0
0	15
0	15
0	15
19	35
0	35
46	24
0	2
0	11
3	10
0	12
0	1
0	25
2	25
2	1
0	0
0	0
37	435
6	270
0	398
0	172
38	95
13	170
1	181
10	18
15	15
0	2
0	0
0	28
0	0
0	0
0	2
0	28
6	4
0	4
0	0
0	0
0	0
0	0
0	0
33	0
0	0
0	0
0	0
0	0
0	0
0	0
0	0
0	0
0	0
0	0
0	0
63	27
0	12
0	16
0	0
11	312
4	312
19	177
0	66
0	42
0	23
5	25
3	22
0	0
0	0
0	0
10	6
0	6
0	5
0	0
0	0
0	0
48	141
26	141
0	0
0	0
0	0
0	153
40	0
0	0
0	0
0	0
0	0
0	53
0	138
0	145
0	38
0	0
0	25
4	0
4	4
0	156
0	3
0	3
8	10
0	12
0	10
0	10
0	12
0	10
0	12
1	5
0	0
0	2
0	0
0	2
1	145
0	145
0	61
0	36
0	7
1	7
0	0
0	0
56	68
0	68
0	0
4	0
0	0
8	280
0	272
14	269
0	265
0	297
0	538
0	449
0	179
0	437
0	317
0	246
0	128
1	101
0	130
2	46
451	276
12	26
2	225
0	213
0	210
0	21
0	0
0	0
0	9
0	0
0	9
0	0
0	5
0	2
0	0
1	79
23	93
1	90
1	0
0	75
22	115
7	115
70	21
0	1
0	19
0	20
0	81
0	79
0	54
0	35
0	36
0	36
0	30
0	30
0	32
0	30
2	30
0	9
0	18
17	18
0	5
0	14
0	10
5	11
0	11
0	8
6	8
0	8
0	3
0	0
0	0
0	80
0	80
0	81
0	0
0	0
0	0
0	132
0	107
0	116
0	73
0	72
0	92
0	18
1	8
0	8
0	122
0	0
0	1
0	1
0	1
0	1
0	1
0	226
1	186
13	215
0	26
0	51
0	16
9	106
2	17
0	0
0	0
0	0
0	0
0	0
0	0
190	368
0	28
0	61
0	353
20	0
0	1
0	1
0	0
0	0
0	0
0	0
0	0
0	0
0	0
19	110
84	127
6	92
0	68
2	41
20	36
0	483
1	490
2	140
0	59
1	53
0	33
10	0
0	0
0	0
0	0
0	0
18	538
0	539
3	25
8	121
15	5
0	27
0	72
0	62
0	104
0	104
1	64
6	42
1	52
170	0
0	63
0	125
0	98
0	105
0	96
0	39
0	31
9	2
9	0
0	8
3	1
5	2
0	8
3	2
0	2
2	2
1	0
0	0
7	1
0	0
0	0
0	0
0	0
0	0
0	0
0	0
0	0
0	0
0	0
0	0
0	0
0	202
0	197
0	182
0	129
0	131
0	118
1	138
0	130
0	130
0	136
0	136
0	121
0	3
1	14
1	2
4	581
1	6
4	471
26	577
0	1
0	1
0	0
0	1
0	0
0	0
6	61
53	510
11	402
1	419
0	0
3	1510
0	210
0	161
26	1510
0	250
0	249
0	94
7	39
0	20
0	3
0	10
0	3
0	10
0	26
0	15
1	5
0	22
3	3
0	85
54	0
0	0
0	0
0	0
0	0
0	0
0	0
0	0
0	0
0	0
2	304
0	301
1	7
0	14
1	36
3	292
4	294
0	0
0	36
0	199
0	2
0	15
0	5
0	7
0	5
0	0
2	20
2	32
0	7
5	107
0	0
0	305
0	0
1	0
0	0
0	0
0	0
0	0
0	0
0	0
0	2644
37	2896
5	2234
3	2744
0	0
0	0
0	0
0	0
0	0
405	88
6	7
1	57
0	81
0	0
0	81
0	142
3	142
0	0
1	32
7	111
0	123
0	132
0	122
0	119
0	131
4	93
0	136
1	20
0	73
0	37
0	31
120	816
0	0
0	0
0	0
115	0
1	0
9	68
1	30
0	64
0	6
0	7
0	36
0	36
67	59
0	31
0	11
2	11
0	16
0	15
0	0
0	0
0	0
0	12
0	12
0	7
0	7
0	3
0	0
0	0
0	0
0	0
0	0
0	7
4	8
0	1
0	49
1	46
0	34
0	23
1	0
8	0
0	779
24	283
6	368
0	734
0	0
0	0
0	0
0	0
0	0
0	0
0	0
0	0
0	163
0	118
0	123
2	72
1	0
0	0
32	3060
10	3060
0	3071
0	559
0	235
0	1529
0	1558
0	45
0	1178
0	301
0	228
0	3060
0	2723
3	2894
0	3064
0	0
0	0
3	135
0	135
0	136
3	27
0	71
0	23
0	41
0	23
0	27
0	26
1	46
8	41
0	12
0	11
0	8
0	5
0	3
0	0
0	0
0	0
0	0
0	0
0	0
0	0
0	0
0	0
0	0
0	2494
2	2269
0	555
0	1663
0	2477
5	1071
1612	624
10	622
0	298
0	122
6	0
0	0
0	0
0	1
0	1
0	0
0	0
0	0
100	3
7	3
0	11
47	11
0	0
0	0
0	3
0	3
0	0
0	0
0	0
0	0
0	28
0	25
0	28
0	29
0	3
0	18
0	24
30	123
2	13
0	2
7	108
0	100
0	30
0	23
13	45
17	42
270	625
6	46
10	194
0	139
1	174
0	0
0	0
0	0
0	0
0	0
0	0
0	0
0	0
0	0
0	0
0	0
2	7
4	59
5	59
0	14
0	23
0	3
51	26
0	4
2	2
3	0
0	0
0	0
0	0
0	0
0	0
13	656
0	53
0	140
0	591
0	124
32	582
0	29
0	139
0	31
0	235
3	247
6	51
0	112
0	37
0	5
0	255
0	206
2	30
0	249
0	58
13	55
0	28
0	192
8	126
0	2
0	10
0	12
0	63
5	29
12	74
0	34
41	280
65	242
1	272
55	235
0	95
0	212
0	145
5	6
443	45
8	45
0	0
0	0
0	0
0	0
0	0
0	0
0	0
0	0
0	0
0	0
2	0
0	0
0	0
0	0
371	129
20	129
0	22
9	33
0	55
0	40
0	43
32	31
0	0
0	0
0	0
0	0
0	0
0	0
0	0
327	0
0	4
0	2
0	2
0	7
3	7
0	25
0	24
0	26
0	21
0	20
0	18
0	5
0	5
0	5
0	2
0	0
0	0
0	0
0	0
0	0
0	0
0	0
0	0
0	0
0	0
0	0
0	0
0	0
0	2
0	0
2	0
0	0
0	0
0	5
0	5
2	0
0	0
0	0
4	0
0	0
5	65
0	62
1	24
0	32
1	3
32	310
12	292
6	137
3	144
3	90
11	46
0	22
5	28
0	308
643	109
4	109
0	29
2	23
0	29
55	124
0	102
0	69
1	60
0	25
0	12
3	282
0	284
0	280
0	11
60	164
0	371
0	0
0	0
0	0
0	0
8	97
3	97
0	2
0	131
0	135
0	152
0	152
0	153
0	160
0	117
0	64
0	27
0	14
2	22
3	22
5	3
0	0
3	0
3	473
0	9
0	19
0	436
0	403
0	42
0	354
3	342
0	459
0	461
0	4
0	20
0	299
0	69
1	35
0	40
0	34
0	95
0	469
0	477
0	17
0	0
0	0
0	0
0	0
0	0
0	0
0	0
0	0
0	0
0	0
0	0
1	564
1	324
1	28
0	22
1	14
0	324
0	0
0	0
6	362
85	523
0	523
11	28
2	111
0	0
0	156
1	61
0	134
0	0
0	5
0	32
0	100
0	80
0	100
0	78
0	80
0	2
0	7
0	8
0	5
0	6
0	29
0	11
0	0
81	23
0	21
4	2
10	2
1	0
0	0
0	157
0	160
0	74
0	90
0	55
0	38
5	1
0	1
0	37
129	37
7	19
0	12
174	446
0	419
3	191
0	0
1	0
0	0
27	67
0	0
0	0
0	0
0	0
0	0
0	0
0	0
0	0
0	0
0	0
0	0
0	0
0	0
0	0
0	0
0	0
0	0
0	0
0	0
0	0
0	0
0	2
0	2
0	0
0	2
0	1
0	2
0	0
0	0
0	0
0	575
0	541
3	519
5	518
0	544
1	50
0	71
3	56
0	0
0	0
0	0
0	0
0	0
0	0
0	0
0	0
0	0
1	0
73	19
0	19
0	4
0	2
0	3
1	2
0	42
7	4
1	43
8	43
0	0
0	0
0	0
0	0
0	0
0	0
0	0
20	486
0	482
0	396
5	147
0	94
0	103
0	167
0	71
1	152
10	240
3	58
0	39
0	183
0	114
0	341
0	73
0	359
3	179
0	1
0	1
0	12
0	12
2	7
0	1
1	3
0	0
0	0
0	0
0	0
3	929
3	918
0	809
0	401
1	180
5	1686
0	1627
0	1647
0	1648
0	1629
0	1634
0	1654
0	1626
0	1694
0	1686
0	1705
1	93
7	249
0	146
2	44
0	1660
0	16
1	16
0	0
0	0
0	0
0	0
0	0
0	0
0	0
0	2
0	2
0	3
0	56
0	25
0	66
0	137
2	114
0	58
0	2
0	143
0	0
0	0
0	0
0	0
0	0
1	718
0	750
0	655
3	183
0	63
0	261
2	250
0	231
0	121
0	134
0	11
2	81
0	508
6	425
5	881
60	163
15	41
0	259
2	286
0	490
0	862
0	0
0	0
0	0
0	0
0	0
14	422
0	378
0	125
0	48
6	37
0	14
53	30
9	39
6	19
58	0
2	0
0	0
0	0
0	0
0	0
0	0
0	27
0	23
0	0
0	7
0	4
0	23
0	0
0	0
0	0
0	0
0	0
0	0
0	0
0	0
0	0
0	0
0	0
3	10
0	10
0	3
0	0
2	206
2	61
0	232
4	97
0	208
5	109
0	139
333	716
0	0
0	0
0	0
0	0
0	73
9	81
1	404
3	297
0	131
0	80
42	98
0	67
4	48
12	499
376	60
0	60
0	0
6	24
0	15
185	39
62	81
0	81
3	14
0	6
11	14
0	5
0	5
121	88
0	86
0	86
0	70
0	68
13	14
1	53
42	4
0	79
0	74
7	364
0	135
12	16
0	8
0	107
1	21
0	18
1	23
0	30
5	113
0	1
0	0
0	1
6	367
1365	229
3	30
8	199
2	174
2	704
15	56
0	23
0	0
0	16
0	15
0	14
9	14
0	14
3	19
0	2
0	2
0	0
1	0
0	0
0	0
1	0
2	11
0	3
0	1
0	11
16	14
0	14
0	0
0	11
0	11
0	11
0	11
0	11
0	11
0	11
0	0
9	0
0	0
0	28
384	28
5	458
21	6
0	393
22	445
5	234
2	279
0	125
0	21
2	41
0	28
0	2
0	1
0	1
0	2
0	2
0	2
3	203
0	60
0	49
0	66
0	138
1	5
0	5
0	0
0	0
0	0
0	0
0	0
0	0
0	0
0	0
0	0
0	0
0	0
0	0
0	0
0	0
0	0
116	0
79	47
0	47
0	41
0	0
0	0
0	0
0	0
0	0
0	0
0	0
0	0
0	0
0	4
0	4
0	2
0	2
0	0
0	2
0	4
2	52
0	52
0	0
0	0
0	0
0	0
0	0
1	5
0	5
0	0
0	0
0	0
0	129
0	2
0	132
0	45
335	0
9	0
11	5
0	5
0	0
0	0
0	0
0	0
0	0
0	0
0	0
0	0
0	0
0	0
0	0
0	0
0	0
0	0
0	2
0	1
0	0
20	195
0	225
0	182
0	123
0	169
0	42
2	25
0	25
0	83
0	187
0	35
0	1
0	1
0	196
0	192
5	11
0	775
0	838
0	361
0	236
0	194
0	185
5	75
71	59
0	56
0	55
3	5
0	2
0	1
0	0
0	0
0	0
0	0
0	0
0	0
142	274
12	220
0	54
96	3
0	0
0	0
0	0
0	0
0	0
0	0
0	15
0	7
20	31
0	31
0	0
0	267
0	0
0	0
0	0
55	0
0	0
0	0
0	0
0	0
0	0
0	1
0	0
0	0
0	8
3	8
0	2
0	2
0	2
0	0
0	0
0	0
0	0
0	0
0	0
0	0
0	0
0	0
0	0
0	0
0	0
0	8
0	49
0	36
0	48
0	35
0	44
0	5
0	15
0	0
0	101
0	0
0	18
2	42
16	27
6	111
9	3
3	26
1	0
109	68
0	0
0	68
0	5
1	16
1	6
0	6
0	5
0	1
0	0
121	24
0	20
9	21
0	5
0	1
0	0
0	0
0	1
0	1
0	0
1	137
0	183
9	59
0	10
0	168
0	39
5	117
1	80
0	9
0	15
16	38
103	154
0	87
1	0
0	12
0	71
0	23
10	28
0	20
0	21
0	1
2	4
0	21
0	6
0	1
0	1
0	1
47	84
0	84
0	78
0	11
0	15
0	11
1	9
0	1
0	0
0	1
28	58
0	54
0	1
0	4
0	0
0	0
0	0
0	0
0	59
0	44
0	17
0	2
0	1
0	0
0	0
0	0
0	0
0	0
0	0
305	299
1	152
3	147
0	0
0	0
0	0
0	0
33	271
1	271
0	0
0	119
0	107
76	51
4	8
1	14
0	107
0	44
0	20
0	29
15	85
0	119
0	0
0	0
0	0
0	0
0	0
0	0
0	273
1	260
0	264
0	141
0	144
0	62
3	32
0	10
2	3
5	320
0	0
312	77
1	59
0	1
4	18
0	19
0	16
0	17
0	3
5	278
0	0
0	0
0	0
0	0
0	0
0	0
0	0
0	0
0	0
0	0
0	0
0	0
0	7
0	8
0	0
0	0
0	0
0	0
0	0
6	232
0	34
133	245
0	192
0	5
0	5
0	3
0	3
0	0
0	0
0	0
519	276
7	57
0	11
0	102
3	69
0	100
0	43
0	0
0	0
0	0
0	0
0	40
0	18
5	102
12	218
379	218
0	23
187	137
1	92
0	0
0	0
0	1
0	0
0	0
0	0
0	0
0	0
0	0
0	152
290	351
4	172
6	117
95	333
1	92
70	58
4	6
4	55
0	278
11	5
0	0
3	3
0	4
0	1
0	0
0	3
0	0
0	0
0	3
0	0
0	0
0	0
0	0
0	0
0	0
0	0
0	0
0	0
0	0
0	0
0	0
0	0
26	14
0	1
0	4
3	14
3	22
1	29
0	23
0	3
0	3
0	0
0	3
0	0
0	0
0	0
0	0
0	0
0	0
0	0
0	0
0	0
0	0
0	0
106	128
0	110
1	48
2	12
31	19
2	11
0	1
0	1
0	0
0	0
0	0
0	0
0	0
0	0
0	0
0	0
0	0
0	0
0	1
0	1
0	958
14	958
0	0
19	18
0	13
0	2
0	8
0	0
0	1
0	0
0	16
0	39
1	5
1	0
0	38
0	21
0	31
0	0
0	0
0	1
0	1
0	1
0	1
0	1
0	1
0	1
0	1
0	1
0	1
0	1
0	1
0	1
0	1
0	1
0	1
0	1
0	0
0	1
0	1
0	1
0	1
0	1
0	1
0	1
0	0
0	0
0	0
0	0
0	1
0	1
0	1
0	1
0	1
0	1
0	0
0	1
0	1
18	0
0	0
0	0
0	0
0	0
0	0
0	0
6	0
0	0
9	41
4	10
2	41
0	8
2	10
0	0
0	0
0	0
0	0
0	0
0	6
3	6
0	4
0	0
0	0
0	1
0	1
0	4
2	0
0	0
0	0
0	0
0	0
0	107
0	101
2	58
22	16
0	102
12	104
0	0
0	0
0	0
0	389
0	540
0	432
20	87
2	23
2	45
3	45
0	365
5	21
1	21
0	1352
5	1556
16	109
0	187
15	97
5	1464
0	0
2	781
0	861
0	808
74	165
0	942
0	1016
0	1000
34	203
0	197
10	29
0	338
169	441
0	882
15	0
206	0
0	45
10	44
0	17
0	0
2	17
0	2
0	10
0	7
0	6
0	0
0	44
0	45
49	75
0	73
0	50
0	26
0	29
1	17
0	169
118	169
0	10
1	0
10	253
0	242
0	265
0	63
4	28
1	0
1	82
0	31
0	71
0	71
0	0
0	0
0	0
44	85
0	3
0	79
0	7
0	5
1	1
0	1
1	6
61	9
5	9
6	78
0	78
0	62
0	0
0	12
0	0
1	226
0	197
0	0
0	213
0	14
1	217
0	9
0	7
0	14
0	190
0	6
1	141
0	196
0	30
0	26
0	9
0	1
0	10
0	12
1	214
0	7
0	5
0	3
0	77
1	1
0	12
0	201
0	1463
0	1448
0	1418
3	3
0	0
8	8
5	1
1	8
0	1
0	0
0	0
0	0
0	0
10	0
0	0
0	0
0	0
0	0
21	152
6	145
0	73
0	42
0	652
0	77
0	78
0	73
0	42
0	71
0	29
0	27
20	121
25	133
0	31
12	71
8	45
0	0
0	0
0	0
0	0
12	204
0	188
23	64
0	187
0	145
1	167
0	20
10	39
3	11
23	3
8	19
27	6
11	771
0	178
13	739
1	708
0	179
1	271
0	21
17	62
0	313
5	71
0	289
0	337
11	194
1	262
0	35
18	13
1	248
0	0
0	0
0	0
0	2
0	2
0	2
0	2
30	52
0	52
0	3
21	49
5	48
0	30
0	26
0	22
0	21
0	18
0	8
0	4
0	2
0	449
1	0
0	0
0	0
0	0
0	0
0	0
0	0
0	0
0	0
0	0
0	0
0	0
0	0
0	0
3	102
0	95
0	6
0	0
0	21
0	8
82	0
9	66
29	115
10	41
0	89
0	78
0	9
0	19
0	3
2	60
0	10
0	6
0	11
0	16
0	27
0	15
0	11
0	5
1	11
0	18
0	0
0	0
0	0
0	0
0	0
212	345
4	44
23	1
4	258
1	79
2	66
0	0
0	34
0	0
14	17
4	55
0	0
0	0
0	0
0	0
1	0
0	0
0	0
0	0
0	0
0	0
0	0
0	0
0	0
0	0
0	0
0	0
0	0
0	0
0	0
0	0
0	0
0	0
0	0
0	0
0	0
31	389
0	396
0	390
0	389
0	373
0	366
0	309
0	321
0	24
0	25
0	22
0	61
0	17
1	26
0	6
0	3
0	371
0	399
0	390
0	0
0	0
32	5846
2	32
0	216
54	5846
82	0
11	0
0	0
0	0
3	150
0	123
3	57
0	0
0	0
0	0
0	0
0	0
0	0
0	0
0	0
1	58
0	70
0	68
0	67
1	18
0	12
0	66
0	0
0	0
0	0
0	0
0	0
0	0
0	0
0	0
0	0
0	0
0	0
274	0
2	0
0	0
64	149
0	149
0	22
2	0
0	14
18	28
0	35
486	412
3	412
0	239
1	0
19	324
0	324
0	0
0	0
0	58
0	58
23	11
0	12
3	0
3	5
0	5
0	5
0	0
0	0
0	0
14	114
3	40
1	97
0	110
21	195
2	147
344	346
0	104
0	335
0	93
4	0
0	72
0	116
1	33
0	0
0	0
0	0
0	0
0	231
0	250
0	248
0	245
0	34
0	238
0	78
0	223
0	224
0	20
0	251
0	249
0	243
0	21
0	227
0	220
0	196
1	63
22	11
0	58
0	3
0	76
0	1
0	1
0	29
0	44
0	6
0	350
0	354
6	88
10	29
0	96
0	26
0	216
0	7
0	336
0	6
0	170
0	208
0	0
0	16
1	24
1	29
0	216
15	449
5	94
6	95
1	85
0	15
0	7
13	9
0	0
0	0
23	136
0	126
0	6
0	59
0	55
5	22
0	44
0	13
5	32
0	0
0	0
0	0
0	652
1	68
0	72
0	66
0	29
1	39
0	36
3	34
0	26
0	16
0	0
0	0
3	2
1	95
5	18
0	78
2	9
0	3
6	6
1	6
3	23
0	46
5	6
0	0
0	0
0	0
0	0
0	0
0	0
0	0
0	0
0	0
0	0
0	0
0	0
10	102
3	102
2	79
0	83
0	44
4	17
2	14
0	5
0	0
0	0
0	0
4	0
2131	1087
17	0
2	1087
6	45
0	49
0	62
0	58
0	6
0	13
0	0
0	0
0	0
0	0
0	0
0	0
96	37
6	37
14	0
0	0
0	0
0	0
0	0
0	0
0	0
1	20
10	20
2	22
13	138
0	138
10	131
0	130
0	135
0	135
0	135
0	93
0	4
0	3
0	8
0	6
11	5
0	5
1	1
0	1
0	1
0	1
0	1
0	0
0	0
0	0
0	0
0	0
0	0
30	42
0	617
3	15
0	23
0	122
0	496
2	20
0	678
0	78
13	54
0	426
6	56
5	377
2	43
3	337
0	356
0	431
0	292
0	199
0	176
0	119
0	133
0	125
0	161
0	132
0	56
0	99
0	65
0	0
0	0
0	0
0	0
0	0
0	0
0	0
0	0
0	0
0	0
0	0
1	193
0	28
7	164
0	17
0	78
0	48
0	184
0	4
0	11
0	0
0	53
0	193
0	0
0	0
0	0
0	0
0	0
0	0
0	580
2	619
1	153
0	37
0	619
0	8
9	8
16	175
0	12
1	20
0	175
0	6
0	175
0	104
0	104
0	0
0	0
685	202
0	44
0	32
0	128
0	396
33	139
0	225
105	502
0	71
0	43
29	68
0	290
0	450
0	197
0	194
0	103
0	53
1	38
0	56
0	37
43	2
8	366
0	42
246	359
0	1448
0	1450
6	371
204	355
0	332
11	50
0	0
0	0
0	0
0	0
0	0
0	0
0	0
0	0
0	0
1	0
0	0
194	72
0	55
1	17
0	0
78	241
5	80
0	88
9	100
6	84
5	80
1144	0
0	0
0	0
0	0
0	387
0	335
0	373
0	386
0	346
0	273
9	277
0	309
0	74
0	267
0	235
0	198
0	234
9	198
0	202
0	186
0	102
0	40
0	91
0	73
4	28
0	407
27	238
0	6
8	78
0	54
0	9
0	65
0	75
0	35
2	6
0	167
0	162
0	286
6	258
10	2
0	99
0	2
0	96
1	1
0	98
0	100
9	223
855	223
0	12
0	0
0	0
0	0
0	0
0	0
0	560
20	560
0	184
0	550
2	39
0	29
15	53
1	52
0	0
0	0
0	0
0	0
0	0
0	0
0	0
0	0
0	98
0	90
0	17
0	26
0	23
190	68
5	60
0	19
0	8
0	1
0	1
0	1
0	0
0	0
0	0
0	0
4	411
58	652
17	423
6	148
0	14
0	19
1	6
0	18
0	18
0	12
0	1
0	3
0	3
0	19
0	0
0	0
0	0
0	0
0	0
0	0
0	0
0	0
0	0
0	0
0	0
0	0
0	0
0	0
40	7307
6	2044
0	1922
39	2076
0	3708
0	2022
0	0
0	0
0	0
0	0
0	0
0	6
105	109
1	109
142	80
0	80
8	12
20	162
0	158
2	155
1	152
2	19
1	10
12	21
1	44
0	28
0	8
1	10
0	8
0	0
0	0
0	0
6	12
0	0
0	12
0	0
0	1
0	0
0	1
264	123
0	123
0	0
0	0
0	0
0	0
0	0
6	64
0	50
4	18
0	68
1	65
0	68
0	3
1	16
0	67
0	36
0	0
0	0
0	0
0	0
0	0
0	0
0	0
0	0
0	0
0	0
0	0
0	0
0	0
0	0
0	0
2	2
0	2
11	28
0	17
0	7
0	56
0	54
0	52
0	8
0	41
0	41
0	20
1	364
4	343
0	290
0	52
0	146
0	76
0	4
0	4
0	0
0	0
0	0
0	0
0	0
13	1464
0	1453
0	867
0	718
1	687
0	672
0	196
0	124
0	357
0	147
0	135
0	49
8	53
0	36
0	36
0	12
0	9
0	0
0	1
1	1
7	43
10	40
0	16
2	8
0	1
0	3
0	0
0	0
2	0
5	123
0	118
0	118
0	92
0	60
2	60
0	5
0	126
0	0
0	24
430	105
0	99
1	5
0	40
0	62
0	0
0	0
0	0
0	0
0	0
121	16
0	2
1	14
3	14
0	10
0	71
0	47
11	0
0	0
0	0
0	0
0	0
0	0
0	0
0	0
4	244
8	42
0	145
0	234
0	126
0	104
0	6
5	6
3	0
1	12
0	12
7	3
0	2
0	2
0	0
0	0
0	0
0	0
8	1625
0	1579
0	1477
0	1624
0	1736
125	1690
6	76
13	162
38	37
0	59
0	55
0	53
0	35
0	8
0	8
0	9
0	13
0	56
0	562
1	294
0	288
0	16
0	357
0	377
0	363
0	386
0	352
0	373
0	365
0	352
0	349
0	532
0	349
0	354
0	373
0	349
0	362
0	347
2	19
1	33
7	32
38	8
2	8
0	0
1	0
0	0
0	0
0	0
0	0
0	0
0	0
0	0
0	0
0	4
0	4
11	0
0	0
0	0
0	0
0	0
0	18
186	47
0	22
17	7
0	0
2	22
0	21
0	7
3258	129
5	114
0	15
1	208
7	207
0	211
2	207
0	80
2	104
0	75
0	112
0	82
0	17
0	9
0	23
0	13
0	208
0	0
0	0
173	361
3	361
0	263
3	174
47	133
0	127
0	0
0	0
0	0
0	295
6	288
0	14
0	17
0	5
1	31
0	79
0	67
3	322
17	240
0	324
0	40
1	22
0	37
0	38
1	0
0	8
0	0
0	0
0	3
1	0
0	4
0	40
3	32
0	2
0	3
0	32
13	293
0	187
0	160
8	10
0	13
0	6
0	287
0	293
8	13
2	0
0	0
0	13
0	3
0	2
0	1
11	48
0	48
0	52
0	52
0	0
10	900
2	900
0	111
0	106
0	19
56	58
0	51
2	58
2	46
18	48
4	2
0	0
5	154
2	154
0	115
0	120
0	155
0	0
0	0
0	0
0	0
0	1332
4	889
7	140
13	6
1	0
4	6
0	476
0	95
0	469
7	7
0	384
53	332
0	152
0	173
0	80
0	15
15	0
0	1319
0	0
0	173
17	247
10	37
0	227
0	227
0	33
0	113
0	20
0	9
10	9
0	12
12	25
0	25
0	1
0	3
0	47
0	48
0	19
0	19
6	19
3	22
0	12
0	0
0	0
0	0
0	0
0	0
6	46
1	20
0	46
2	0
0	35
0	30
1	34
0	18
0	10
0	13
0	10
0	2
0	33
17	3
5	3
0	84
1	63
0	76
0	56
2	3
0	78
0	24
0	20
0	68
0	7
0	84
101	26
0	26
0	0
0	80
7	128
0	25
0	25
0	9
35	85
0	88
32	5
0	80
1	24
0	63
0	21
1	4
2	3
0	36
0	20
0	1
0	3
0	39
28	448
93	752
2	474
0	278
0	243
1	121
19	125
0	109
0	69
0	75
0	0
0	177
2	154
2	144
0	50
0	132
4	42
0	42
0	37
0	21
0	5
0	5
1	27
0	22
0	12
0	10
0	3
1	2
0	12
0	10
0	177
137	47
0	10
7	28
0	16
0	206
0	183
2	181
0	64
0	41
0	41
6	182
16	40
1	41
8	125
1	38
8	3
0	0
1	240
3	239
0	46
0	11
0	100
0	17
0	23
0	17
0	42
1	22
0	9
10	95
0	47
0	21
0	0
0	0
0	0
0	0
0	0
0	0
0	0
0	100
0	100
0	76
0	56
0	0
0	0
0	0
0	0
0	0
0	0
0	0
58	87
0	18
8	32
0	11
0	22
0	11
0	26
0	0
0	0
164	335
2	213
0	74
3	169
1	119
1	38
112	29
0	20
2	20
170	55
0	0
0	0
0	0
0	0
0	0
0	0
0	0
0	0
0	0
0	0
0	9
0	12
0	14
0	3
3	16
0	14
0	7
0	3
28	22
0	25
0	6
0	0
1	0
0	0
0	0
0	4
0	4
0	742
90	896
9	1
0	65
0	48
0	215
1	90
823	461
0	461
0	7
0	8
697	1350
0	556
0	603
1	522
0	0
0	28
0	28
0	165
0	58
0	116
0	24
0	79
0	17
0	78
1	14
0	95
0	23
0	24
0	51
3	162
0	32
0	144
0	145
0	44
0	35
0	34
0	24
0	20
3	20
0	22
0	28
0	14
0	125
0	14
0	86
0	71
0	20
1	56
0	92
2	11
125	40
6	40
0	3
1	5
0	4
0	4
0	2
0	0
0	0
0	0
0	0
0	0
0	0
0	0
0	0
0	1072
0	988
51	418
0	607
0	123
0	0
0	0
0	0
30	99
2	53
1	39
0	29
1	24
56	0
0	0
308	36
4	36
1	0
0	5
0	5
0	5
0	3
0	16
0	16
0	1
0	0
0	6
0	3
0	8
0	1
0	4
0	4
2	3
0	2
0	33
1	33
0	2
0	2
0	0
2	31
0	1
0	1
0	1
0	0
0	0
0	0
0	0
0	0
0	0
0	0
0	0
0	984
0	369
0	551
1	342
0	219
10	227
0	64
0	984
0	0
152	19
0	19
7	16
0	17
0	0
4	50
4	231
0	16
1	9
42	181
1	6
0	0
7	48
7	48
0	50
0	93
0	75
0	75
10	50
0	0
0	0
0	0
0	0
0	15
0	13
3	15
1	10
4	10
0	16
0	3
0	16
0	15
0	10
0	2
0	0
0	0
0	22
0	41
1	44
3	57
0	5
0	13
0	1
9	4
0	0
2	41
110	36
0	18
5	13
5	15
1	9
0	15
0	4
3	15
1	10
0	13
0	19
6	53
0	62
1	6
0	0
0	0
0	0
2	225
13	196
0	180
3	185
0	107
0	81
12	0
0	225
0	12
2	0
2	0
33	6
0	6
0	36
0	38
6	34
0	0
0	0
0	0
0	0
0	0
0	0
0	68
0	62
0	36
0	7
0	29
0	33
7	4
0	51
9	61
0	16
0	21
3	15
0	7
8	14
0	6
0	6
4	15
0	1
0	6
2	6
0	2
4	563
0	538
1	546
0	441
0	386
0	393
4	129
0	41
0	0
99	0
0	54
0	12
0	22
0	42
0	15
0	51
0	5
0	4
11	0
4	8
0	2
1	22
0	23
21	20
0	16
0	0
0	0
0	57
0	47
0	61
0	59
0	12
0	29
0	21
0	33
0	23
0	101
0	194
1	194
39	101
8	8
3	368
0	361
0	343
0	189
0	20
0	101
2	16
0	52
0	17
34	0
0	11
0	5
13	0
0	0
0	0
0	0
0	0
0	0
0	0
0	0
0	0
0	0
0	0
0	0
0	0
0	0
15	648
0	639
0	449
0	10
9	2
0	54
0	39
10	19
13	22
1	1
4	21
0	11
1	20
0	21
0	14
0	14
0	3
0	2
0	4
2	2
1	1
0	3
0	0
14	0
0	0
0	0
0	0
2	0
0	1
0	1
0	0
0	0
0	1
0	0
0	0
0	0
0	0
0	0
0	0
44	0
0	0
0	0
0	0
0	6
0	6
0	6
0	6
0	0
0	0
0	0
0	0
0	4
0	4
0	4
0	0
0	0
0	6
0	6
0	6
358	61
0	28
13	33
0	0
0	0
0	0
0	0
0	3
0	3
0	2
3	0
0	5
0	5
4	10
0	188
0	356
0	319
0	278
1	236
0	359
0	350
0	91
0	36
2	15
2	57
0	0
0	0
0	0
0	0
0	0
0	0
0	0
0	0
0	0
0	0
0	267
3	0
0	267
0	224
0	221
0	268
1	268
0	12
0	10
0	34
0	3
0	34
3	0
0	0
0	0
0	1
0	1
0	1
0	1
0	1
0	0
0	0
0	0
0	0
0	0
0	0
0	0
0	0
0	0
0	0
0	0
0	0
0	0
0	0
0	0
1	0
0	2
0	2
0	1
0	1
0	7
1	10
1	10
0	10
0	8
0	2
0	0
8	167
3	169
0	133
1	22
0	21
0	26
0	26
0	11
7	4
0	0
0	0
7	10
1	10
0	4
0	72
1	1
4	8
0	64
0	72
0	11
0	8
1	11
1	5
0	9
0	114
3	112
0	83
0	84
0	114
1	3
0	3
0	3
0	0
2	89
0	56
0	80
0	67
0	53
0	34
37	13
0	678
0	674
0	642
2	602
10	673
1	393
0	410
0	19
1	24
0	378
24	0
0	43
0	0
0	0
0	29
460	567
0	168
0	54
0	345
1	34
5	47
37	406
0	350
1	7
0	91
1	92
9	112
0	34
0	16
41	4
0	4
12	0
0	0
0	0
0	0
0	85
0	83
0	85
0	85
0	26
0	45
0	0
0	0
0	0
0	0
0	0
0	0
0	0
165	9
1	5
0	4
286	6
0	0
3	123
0	115
0	135
4	2
0	0
0	0
0	0
0	0
0	0
2	10
65	91
0	81
0	0
2	4
0	0
0	4
0	0
0	0
0	0
0	0
0	0
0	0
0	0
13	27
0	27
1	94
0	47
10	15
0	15
0	0
0	0
0	0
1	0
17	710
0	129
0	14
4	694
2	94
0	269
0	182
0	274
0	0
0	0
2	151
0	76
3	61
0	59
0	138
0	58
0	58
0	0
0	281
18	371
13	266
2	333
2	333
9	337
0	213
0	427
0	0
0	0
0	0
0	0
0	0
0	0
69	227
0	227
5	153
3	0
89	37
0	18
0	0
0	13
0	12
0	104
2	0
0	15
0	94
1	28
1	29
3	8
0	3
17	17
46	15
0	8
0	1
0	13
0	0
0	0
0	0
0	0
0	0
0	0
0	0
7	294
33	294
1	5
0	0
0	0
0	0
0	0
0	0
0	0
0	0
0	1
0	43
0	46
14	3
0	46
2	41
0	0
0	0
5	122
1	36
0	46
0	48
0	29
18	89
0	23
0	3
4	72
0	72
0	10
0	208
0	139
3	199
0	201
5	207
2	94
2	43
0	26
2	0
0	208
0	0
0	0
0	0
0	361
0	283
0	206
0	263
0	41
0	43
2	84
1	25
0	53
1	38
0	307
0	323
0	352
0	1
0	1
2	26
1	0
0	1304
0	1011
4	59
0	520
6	195
0	1288
3	685
0	705
1	509
0	57
1	23
35	435
6	42
2	55
0	97
0	187
0	187
0	187
0	123
0	74
0	62
0	13
0	24
0	19
13	0
0	0
0	0
0	0
0	0
0	0
0	0
0	0
0	0
0	0
0	0
0	0
0	0
0	0
0	0
0	0
0	0
0	0
0	0
0	0
0	0
0	0
0	0
0	0
0	0
0	0
0	0
0	0
0	0
0	0
0	0
0	1
0	0
0	0
0	0
0	0
0	0
0	0
0	0
0	0
0	0
0	0
0	0
0	0
0	0
0	0
0	0
0	0
20	0
0	0
0	0
0	0
0	0
0	0
0	0
0	0
0	0
0	0
0	0
532	110
0	8
3	52
3	50
93	267
0	267
0	34
0	47
0	73
1	12
0	0
0	0
0	0
0	0
0	0
31	0
0	1
0	1
15	18
0	18
0	10
3	1
2	2
0	33
0	16
0	16
2	8
13	32
0	19
4	2
0	4
171	4
36	836
0	474
0	767
16	270
1	173
52	113
3	151
0	52
0	52
2	69
0	62
13	9
0	86
0	93
0	86
0	91
0	5
1	8
0	15
0	7
3	21
0	30
0	19
0	30
0	19
0	32
0	21
2	11
1	9
0	2
170	166
0	159
1	7
0	2
0	2
24	4
0	79
0	14
1	827
0	58
0	820
0	77
2	296
0	129
0	140
0	0
0	0
0	0
0	0
0	0
121	21
1	21
0	0
0	0
0	0
0	0
0	0
0	2344
2	533
0	2245
1	2291
0	281
6	57
6	82
7	148
0	213
0	257
8	274
0	0
0	2
0	2
0	3
0	0
0	3
0	0
0	0
0	3
0	0
0	2
0	2
0	0
0	0
0	2
0	0
0	0
0	0
107	118
0	118
0	0
0	1
0	5
0	1
1	31
0	76
29	68
0	0
0	0
0	0
0	0
0	0
0	0
0	0
0	0
0	0
0	0
0	0
0	0
3	0
0	0
0	107
0	730
0	667
0	688
0	82
20	636
12	36
3	39
29	253
3	140
0	154
0	146
7	229
0	158
3	90
0	1
0	1
0	0
0	0
0	0
0	0
1	0
0	0
0	0
0	0
0	0
0	0
0	0
4	21
0	11
0	13
2	23
1	4
1	1111
0	25
0	358
6	35
0	16
2	57
2	44
30	547
0	1
4	1110
0	119
1	99
1	37
0	933
0	1079
0	87
0	190
4	28
0	0
0	0
0	0
13	29
0	14
0	19
0	0
0	0
145	53
0	103
85	384
3	384
0	159
5	109
0	25
0	0
0	0
0	0
0	0
0	0
0	0
0	0
87	27
1	26
0	4
0	0
0	0
0	0
0	0
0	0
0	0
0	0
0	0
0	0
0	0
1	20
1	20
0	18
0	2
0	0
0	0
0	0
0	0
0	0
0	4
0	2
0	4
261	408
4	391
2	82
14	78
36	65
0	61
10	66
1	47
8	47
0	0
0	0
0	0
0	0
0	0
0	0
0	21
0	0
0	0
60	90
0	21
2	13
2	62
0	0
0	18
0	0
0	0
0	0
0	119
19	115
2	64
0	20
0	45
0	23
0	30
1	2
19	265
0	31
5	26
1	265
2	5
0	22
0	8
3	7
0	0
0	11
0	11
0	4
0	2
0	0
0	2
0	0
50	327
2	322
0	56
95	26
0	18
0	26
0	347
0	335
0	179
0	60
0	215
0	49
6	4
1	27
0	0
0	0
15	121
5	107
1	16
0	30
0	121
76	111
0	111
0	42
1	15
83	909
6	376
0	676
13	1
3	315
71	30
0	0
35	346
0	329
1	107
1	110
0	14
2	1
0	14
0	10
1	10
0	0
0	0
0	0
0	0
0	10
0	0
0	12
0	0
0	10
0	11
0	12
0	10
0	11
0	4
0	4
0	4
0	4
0	4
0	2
0	2
0	2
0	0
0	0
0	0
0	0
0	0
0	0
0	0
0	0
0	0
0	0
0	0
0	0
0	0
13	61
0	40
0	52
6	47
4	7
0	0
0	0
0	0
0	0
0	1
24	6
0	0
0	0
0	0
0	5
5	20
0	20
0	11
0	2
0	2
0	0
0	0
0	0
33	16
0	6
2	10
0	0
0	1
0	1
0	1
0	0
0	0
0	0
0	0
0	0
0	0
0	0
0	0
0	0
0	1
0	0
0	2
0	2
0	0
0	0
0	0
0	0
0	2
12	3
0	2
0	0
0	0
0	215
0	201
0	210
4	8
1	205
0	110
1	105
0	18
0	0
2	0
41	0
0	0
0	0
0	0
0	0
0	0
0	0
0	0
1	277
0	266
0	118
1	123
0	128
0	42
0	47
0	30
11	2
0	0
0	0
0	0
0	0
0	8
5	8
0	0
0	0
12	0
0	0
0	0
0	115
0	118
0	107
0	6
0	110
0	1
1	0
0	0
0	0
0	0
0	0
2	5
0	5
14	921
0	897
44	0
5	372
0	57
12	64
0	234
0	284
0	37
0	146
0	105
0	38
0	34
1	49
1	27
0	167
0	41
0	14
0	19
73	121
0	71
1	56
1	5
0	21
0	21
632	207
15	207
0	0
0	0
0	6
0	0
0	0
0	6
0	0
0	0
0	0
0	0
0	0
0	0
0	0
0	0
0	0
0	0
1	323
0	311
0	338
0	196
0	147
0	139
0	162
0	144
0	158
0	156
0	154
6	122
1	40
1	16
2	50
0	11
1	1
2	5
0	28
1	27
0	292
0	1
0	0
0	0
0	1
2	121
44	105
41	306
142	318
0	59
2	77
0	211
0	0
0	2
0	2
0	2
0	0
0	0
0	1
0	0
0	0
0	1
2	0
0	0
0	0
4	0
0	0
0	0
0	0
0	0
0	0
0	0
0	0
0	0
0	0
0	0
0	0
0	0
0	0
0	0
0	0
0	0
17	9
0	8
0	8
0	5
0	2
0	1
0	0
0	1
0	1
8	414
0	415
0	419
0	22
1	11
6	357
0	5
3	87
0	30
0	222
0	180
0	416
0	258
11	199
0	293
0	212
5	294
21	22
0	22
2	16
0	295
6	296
0	96
12	2
0	24
2	59
0	20
0	25
25	10
30	7
0	17
0	70
0	105
80	258
0	79
0	197
0	174
0	39
4	21
0	66
18	25
2	84
0	33
0	29
0	28
2	4
0	166
0	133
1	82
0	65
1	11
1	5
0	8
0	20
1	9
0	24
0	34
1	17
0	0
0	0
0	0
0	0
0	0
0	0
127	0
0	0
0	0
0	0
0	0
0	0
0	0
0	0
0	0
1	185
212	354
9	100
0	91
3	161
1	186
2	13
0	15
3	174
0	15
0	204
77	0
0	43
0	53
4	356
10	21
0	19
0	229
0	280
15	71
0	87
7	6
5	15
0	1
1	2
0	10
7	3
0	14
0	0
0	0
0	0
0	0
0	0
0	0
0	0
21	17
0	17
3	0
25	268
0	38
13	148
32	75
3	268
0	155
0	52
0	54
0	54
0	118
0	34
1	128
0	104
0	99
0	92
1	47
2	35
12	89
0	61
0	79
0	50
0	17
0	0
177	195
1	196
1	0
0	1
121	0
0	0
38	157
0	76
0	157
32	16
0	16
0	1
0	2
0	2
1	1
54	19
0	1
1	18
0	0
0	0
0	0
89	156
13	157
0	22
0	341
1	193
0	301
0	83
1	58
3	37
0	118
0	73
0	168
0	76
0	2
0	2
0	0
0	0
0	0
147	19
0	6
1	13
3	1
0	1
0	0
28	76
0	76
0	33
8	11
0	6
0	0
0	113
0	110
3	109
0	33
0	32
1	14
0	7
0	11
0	12
2	0
74	0
35	66
0	35
0	50
0	60
147	225
1	114
0	219
0	0
0	0
89	159
2	126
0	28
1	9
0	0
0	48
0	0
0	0
0	0
0	0
0	0
0	0
0	0
0	0
0	132
1	142
2	142
3	142
0	137
0	27
0	12
0	18
0	4
0	12
0	6
0	9
0	11
0	0
0	0
0	0
0	0
0	0
7	2
0	12
0	12
0	12
2	12
0	8
0	1
0	2
0	2
0	0
0	0
0	0
0	0
0	0
0	0
38	1
0	1
0	0
0	0
0	0
0	0
0	0
0	5
0	5
0	1
0	1
15	85
0	13
1	41
0	52
1	0
0	10
0	12
0	4
1	4
0	12
0	0
0	0
59	3602
5	0
0	3587
2	3610
8	416
30	1147
0	8
0	6
1	8
239	433
51	444
0	387
7	9
0	38
13	101
3	170
4	89
0	0
0	0
0	0
0	0
0	0
0	1
0	0
0	0
0	1
0	0
0	0
0	0
0	0
0	0
0	0
0	0
0	0
0	17
0	12
0	16
0	48
0	0
0	0
0	48
15	951
0	373
0	929
2	834
0	892
0	311
1	51
0	193
0	144
0	323
0	280
3	315
3	161
3	124
0	0
0	0
0	0
0	0
0	40
0	86
0	14
0	29
0	44
0	26
0	86
0	90
0	0
0	0
0	0
0	0
0	0
0	0
0	0
0	0
0	0
0	0
0	0
0	0
0	0
0	0
0	0
0	217
0	218
0	37
0	15
1	147
31	77
3	24
0	32
0	31
0	17
0	9
231	779
1	52
0	779
0	8
0	1
0	6
0	4
0	1
0	2
0	0
0	2
0	0
0	2
0	0
0	23
0	26
0	2
0	2
0	3
0	2
0	1
0	0
0	0
0	0
0	0
0	0
0	0
0	0
98	7
0	0
0	0
0	0
0	0
0	0
0	14
68	191
0	182
0	47
8	3
2	0
0	23
3	7
0	0
0	0
0	0
0	1053
12	1113
22	1091
31	4
0	172
26	172
0	114
0	0
0	0
0	0
0	897
0	382
0	486
0	412
0	0
0	0
0	0
0	0
0	0
0	0
0	0
0	126
166	120
0	36
0	42
0	36
0	126
0	0
0	0
0	0
0	0
0	0
0	0
0	0
0	2
0	2
0	2
0	2
0	2
0	0
0	0
0	0
0	0
0	0
0	0
132	58
0	32
0	18
0	10
15	1642
13	128
3	1648
0	1361
0	1225
4	447
6	21
92	183
4	50
0	10
1	16
0	24
0	32
1	27
0	32
10	0
0	0
0	0
0	221
0	221
1	191
0	221
0	184
0	9
0	0
0	1
0	90
2	10
0	192
53	0
0	0
0	0
113	128
0	128
0	8
0	9
0	9
0	8
0	1
0	4
0	9
0	1
0	5
0	5
0	0
0	9
0	9
0	0
0	0
0	0
60	353
0	63
320	0
8	155
0	95
0	30
2	51
1	43
1	154
30	167
28	339
0	170
7	95
0	1
0	1
0	0
0	0
0	0
0	0
0	0
0	0
0	0
0	0
0	80
0	97
0	122
0	37
9	0
7	136
2	134
0	10
0	294
21890	4567
2	2841
0	290
0	0
0	0
10	118
6	118
0	72
0	58
3	60
0	3
87	36
1	13
0	25
0	23
0	19
0	4
0	11
0	11
0	0
0	0
0	0
0	0
0	2
0	2
0	2
0	2
0	2
0	1
0	0
123	0
1	168
0	0
0	658
0	663
0	665
0	176
0	0
0	0
0	3
0	0
1	0
0	178
15	118
0	674
0	26
0	82
0	132
0	264
0	68
0	39
0	658
0	10
0	10
0	10
0	10
6	143
0	24
0	144
0	30
0	4
0	0
0	0
15	117
0	117
0	2
2	19
0	8
0	1
0	0
0	0
0	0
0	0
0	0
0	0
0	411
0	34
4	29
8	239
2	40
11	3
1	114
15	411
3	33
0	33
0	18
0	14
58	0
0	0
0	0
0	0
0	0
0	0
0	20
0	20
0	11
0	0
0	3
0	0
0	3
0	2
0	0
0	4
0	4
0	3
0	20
0	20
0	19
0	19
40	137
0	144
10	139
1	23
1	228
44	228
0	228
0	51
0	5
0	109
0	75
0	0
0	129
443	465
4	226
1	77
6	74
7	122
20	532
6	453
0	412
21	467
0	12
0	147
313	16
0	490
8	425
37	313
268	206
1	206
0	40
1	40
0	0
0	0
0	0
0	0
248	429
0	417
0	423
5	366
5	24
0	32
0	290
406	363
5	363
1	24
867	0
0	31
0	31
0	31
0	31
1	3
0	0
0	3140
0	3332
0	3332
0	3182
0	2771
0	3278
0	795
0	743
0	3280
0	3094
0	159
0	128
0	60
1	161
0	40
0	43
4	32
0	4
0	0
0	11
0	39
7	39
0	12
0	0
0	0
0	0
46	182
20	158
0	0
0	0
0	0
12	34
3	34
0	19
0	25
0	21
0	15
0	0
0	0
0	0
0	0
0	0
0	0
0	0
81	105
31	104
47	43
0	9
0	0
0	9
0	0
0	0
0	0
0	0
0	0
0	0
0	0
0	0
0	0
0	0
0	0
0	0
0	0
0	0
0	0
0	0
0	0
14	4
1	4
140	204
1	123
1	30
0	28
0	0
0	0
0	0
1	82
5	39
2	2
1	57
2	64
0	24
0	200
3	367
35	557
8	1
1	420
0	2
0	554
0	111
19	15
0	0
0	40
9	88
0	63
0	75
0	61
0	79
0	53
0	48
0	2
0	0
15	1
0	26
3	20
4	0
0	434
0	69
6	425
0	34
2	419
0	63
23	3
6	94
0	405
0	30
0	30
0	3
0	0
0	0
3	0
14	0
0	0
0	100
0	45
0	102
4	4
0	11
4	32
0	96
0	0
0	47
0	47
1	43
0	6
0	186
0	247
15	38
5	104
2	17
0	0
0	116
13	116
4	0
8	1
2	0
5	170
0	7
0	167
0	26
0	32
0	17
0	0
1	33
0	12
0	12
0	1032
2	1034
18	1008
0	174
11	135
11	136
0	119
0	25
1	56
0	2
5	40
1	19
0	12
0	17
0	9
0	9
0	9
0	7
0	9
0	0
0	2
0	0
0	0
0	11
0	0
0	0
0	0
0	0
0	0
0	0
0	0
0	27
0	30
0	32
0	32
0	5
0	22
0	0
0	20
0	8
0	12
1	3
0	3
16	119
0	68
0	84
5	6
0	17
0	0
1	24
38	24
0	0
0	0
0	0
0	0
0	0
0	0
0	1179
3	1179
36	321
0	46
2	3
0	11
0	14
0	0
5	18
0	106
0	97
3	10
3	22
0	106
0	73
0	14
0	62
0	0
0	0
0	0
0	0
0	0
1	0
0	0
0	0
0	0
0	0
0	1
0	1
0	25
0	0
0	0
0	0
0	0
0	0
0	0
0	635
0	330
0	459
1	354
0	513
0	485
0	346
0	62
0	381
27	0
0	232
64	16
3	16
0	0
0	19
0	19
0	2
17	0
105	304
0	259
6	123
1	29
5	13
2	4
0	4
0	0
1	1
109	2939
165	2736
0	0
0	4
0	4
0	0
561	790
7	216
6	574
4	12
0	168
3	290
22	223
6	173
16	6
11	0
0	0
0	0
0	0
0	0
0	0
0	0
11	0
0	0
0	0
0	0
0	0
0	0
0	0
0	5
0	2
0	3
19	5
0	2
0	0
0	1
0	2
0	2
0	2
0	1
0	1
0	32
0	38
0	41
1	35
1	28
1	0
0	0
0	0
0	3
0	3
0	0
0	3
3	51
5	59
1	11
0	60
0	1
0	11
0	9
0	11
0	8
2	27
0	0
0	10
3	13
0	12
0	62
0	0
0	0
2901	534
2	534
0	0
0	0
0	0
5	5
0	5
5	238
0	236
2	237
0	176
3	0
0	102
0	129
0	174
0	77
3	68
0	11
0	97
0	114
0	176
14	89
3	89
0	1
2	42
0	29
0	15
0	0
0	0
0	0
0	0
0	98
0	82
16	79
1	20
0	29
0	24
0	41
1	15
0	45
0	38
0	0
161	235
0	45
0	45
0	27
1	233
3	6
2	12
0	8
4	8
0	30
3	29
0	53
0	17
0	0
0	0
0	0
0	0
0	0
0	96
0	102
0	110
0	3004
0	3029
0	0
0	0
0	0
0	0
0	0
20	35
26	54
0	54
0	0
6	0
2	8
0	8
0	0
0	0
0	0
0	0
0	0
0	0
0	169
0	976
0	93
0	1009
0	933
3	608
0	933
0	124
0	992
0	6
0	2
0	6
0	3
5	69
94	71
0	27
0	20
0	0
80	0
0	185
0	203
26	149
0	74
0	0
0	0
0	0
0	0
0	0
0	0
0	0
0	0
0	0
0	15
0	17
0	17
0	13
0	2
0	385
3	394
1	344
6	156
0	122
0	70
0	83
32	44
71	136
0	66
0	25
1	96
0	66
1	9
0	64
0	65
0	27
0	45
0	10
0	0
0	0
2	54
133	35
2	28
0	18
0	7
0	158
0	146
0	25
0	1
3	90
14	16
18	352
119	352
10	8
6	0
6	65
28	182
4	0
0	94
0	29
4	33
140	48
64	15
20	184
0	13
2	32
2	8
4	117
0	77
0	173
0	136
0	132
0	132
0	115
0	11
2	87
0	8
0	30
0	4
0	0
0	0
0	24
0	26
0	12
0	20
0	26
0	23
0	6
0	5
1	3
0	4
0	4
0	2
0	4
0	4
0	7
10	7
0	2
0	2
0	2
0	0
295	748
3	748
0	121
0	124
0	288
0	139
0	0
0	0
9	2576
6	2576
0	0
0	0
0	1
0	4
0	4
0	3
3	0
0	310
6	264
4	310
0	15
0	223
0	0
0	0
0	0
0	0
0	0
2	0
0	271
0	271
21	9
20	3097
0	5249
8	5182
30	3320
0	8
0	8
0	8
0	8
0	7
0	7
0	8
0	0
0	0
0	0
0	398
0	398
0	28
4	43
1	21
1	4
2	0
0	98
0	37
0	0
0	0
0	0
2	23
0	0
0	7
0	0
0	0
0	0
1	1
0	801
3	211
3	797
0	15
0	0
0	103
1	103
106	91
0	18
0	72
0	69
6	58
0	56
0	8
0	7
18	2
5	30
0	0
0	0
0	0
8	1082
420	1082
0	66
6	215
6	106
0	0
0	0
0	0
0	0
0	0
0	0
0	5
0	1
0	0
0	0
1	0
0	113
0	6
317	172
1	133
9	102
352	580
3	486
0	12
0	14
0	6
0	10
0	6
0	6
0	6
0	4
5	2
0	1
0	2
0	2
0	2
0	2
0	0
0	0
4	5
0	5
0	0
0	0
0	0
0	0
0	0
0	0
0	0
0	0
0	36
1	17
0	36
0	0
0	0
8	0
27	13
0	13
0	1
0	0
0	0
0	0
0	0
0	0
0	0
0	0
0	0
0	0
0	0
0	11
0	0
138	18
4	17
1	26
0	29
0	28
1	21
0	0
0	0
116	0
0	145
0	132
0	28
0	41
0	0
0	0
0	0
0	65
0	42
0	114
0	86
0	46
1	603
2	590
2	580
5	25
3	13
6	34
1	12
0	11
0	8
0	3
1	15
0	8
0	6
0	0
61	239
0	239
0	0
0	0
0	495
0	499
6	263
2	397
11	381
0	91
2	19
7	129
0	303
8	49
1	34
1	107
5	78
0	3
4	0
0	0
0	0
0	0
0	0
0	0
0	0
0	0
0	0
218	67
7	12
3	45
1	53
13	654
289	1167
4	200
0	100
0	306
3	173
14	76
0	54
62	138
0	6
1	51
0	11
0	0
0	0
0	0
0	0
2	0
0	0
0	0
0	0
21	474
0	486
0	275
0	174
0	78
0	29
0	165
0	101
0	88
0	75
6	161
9	165
1	26
179	28
0	28
2	11
0	0
81	57
2	57
1	39
210	30
0	30
0	0
226	93
0	37
0	36
0	34
33	5
0	1
0	4
37	0
0	184
2	0
0	37
1	38
0	19
0	37
0	36
0	32
1	29
1	43
0	184
0	0
0	0
4	348
5	281
1	282
7	356
1	102
0	195
0	282
1	108
0	0
0	0
0	0
0	16
0	13
0	83
0	3
3	83
0	19
2	10
14	19
0	17
0	3
1	3
0	0
12	0
941	742
0	763
10	721
6	17
21	101
0	87
0	90
6	95
0	3
0	21
1	46
0	16
35	682
0	682
0	682
11	486
13	654
0	255
14	553
0	48
3	10
0	37
1	71
4	50
0	24
21	824
0	0
0	0
0	0
0	0
0	0
0	0
0	0
138	4
5	4
1	0
0	2
0	2
0	0
0	0
93	38
4	38
2	7
9	37
2	35
0	20
18	8
0	4
0	18
0	18
0	4
0	14
0	14
0	1
1	0
0	0
0	0
0	14
344	202
0	7
0	0
3	17
0	23
2	13
0	15
5	2
0	4
0	17
1	5
0	14
0	5
42	17
2	129
0	15
0	37
0	36
2	1
0	4
1	7
2	5
0	5
0	0
23	0
0	0
0	0
0	0
0	0
0	0
1	0
0	0
0	0
0	0
0	0
0	0
1	500
8	1668
0	1664
1	0
14	151
0	293
0	0
14	39
0	0
0	0
0	0
0	0
174	0
0	0
0	0
0	0
0	0
1	0
9	132
0	91
3	88
0	29
0	18
3	16
0	11
0	6
1	5
0	4
0	122
0	103
0	72
0	74
0	87
0	42
1	27
0	15
0	0
0	112
0	111
2	24
12	40
0	172
0	0
0	0
0	0
0	0
0	0
0	0
0	0
0	0
0	0
0	0
0	183
0	189
0	174
1	13
2	92
0	38
0	0
3	8
0	189
4	127
7	31
56	137
2	21
10	20
0	20
0	2
0	91
0	80
0	63
0	0
0	1
0	87
9	129
0	128
1	96
0	0
0	0
0	0
0	152
0	151
0	110
0	7
0	150
0	13
0	149
0	153
0	150
0	6
0	151
0	100
0	119
2	0
0	35
2	24
3	3
0	57
10	0
0	0
0	36
4	31
0	10
0	31
0	0
0	7
7	7
542	474
1	123
2	271
0	80
0	0
0	0
0	0
1	18
0	0
0	0
0	18
0	0
0	0
0	0
0	0
0	0
0	0
3771	2855
2	764
8	289
15	1849
57	23
0	1
0	1
7	0
0	0
56	2200
1	1717
1	238
0	0
0	0
0	0
27	256
0	271
8	338
0	256
0	244
0	318
0	32
0	55
0	42
22	169
0	35
9	11
0	17
0	30
0	5
1	5
0	0
0	0
0	0
0	0
0	0
0	0
0	0
0	0
0	0
0	0
0	0
0	0
29	0
0	0
0	0
0	0
0	0
0	0
0	0
0	0
0	0
0	0
1	349
0	1
0	1
0	1
0	1
0	1
0	32
0	32
1492	43
0	43
0	0
0	0
0	0
0	0
0	0
0	0
0	0
0	0
0	0
0	0
0	0
0	0
0	0
3	146
1	136
2	40
24	66
0	0
0	65
1	18
0	4
0	75
1	75
0	57
0	53
7	15
0	0
343	110
0	110
42	309
1	303
0	54
0	42
0	129
0	46
3	27
3	22
0	3
3	4
0	0
0	0
0	0
0	0
0	0
0	0
0	0
0	0
69	1
6	1
90	122
0	109
1	47
0	2
6	21
1	54
0	2
0	51
0	45
0	49
0	2
0	7
12	504
0	489
7	503
0	475
0	54
0	431
1	50
2	14
1	93
0	194
0	92
15	70
0	35
4	17
0	0
0	0
0	0
0	0
0	0
0	0
0	0
0	0
0	20
4	20
0	0
0	21
0	0
0	0
0	0
0	0
0	0
0	0
0	0
0	0
0	0
0	0
0	1788
17	1
14	1261
6	807
0	1395
0	1622
0	1462
0	707
0	363
2	215
5	39
0	39
0	35
0	12
0	5
1	363
4	306
0	345
7	298
0	328
0	80
0	0
0	2
1	2
0	0
0	2
3	4
0	150
6	172
0	0
1	7
0	12
68	171
1	168
0	107
0	0
0	0
20	3976
993	4199
0	1838
2	659
2	223
2	19
0	7
3	2
0	0
0	22
0	1
0	3
0	0
0	0
0	0
0	0
0	0
30	163
20	163
0	2
0	4
0	4
0	0
0	1
0	300
0	300
0	0
0	0
0	0
0	79
0	0
0	0
0	0
0	0
0	0
0	0
0	0
0	0
0	0
0	0
0	0
0	0
0	0
0	0
0	0
0	0
0	0
0	0
0	0
0	0
0	0
0	0
0	0
0	0
0	0
0	48
22	0
339	85
0	58
0	27
0	0
0	0
0	0
0	0
0	418
0	20
1	58
0	420
0	25
1	11
0	26
0	55
0	65
0	45
4	51
252	6361
10	6363
27	6359
3	5328
12	5129
0	1454
0	1113
3	1118
0	995
9	1109
2	62
0	282
0	0
0	155
0	1
0	145
0	2
0	158
0	140
0	27
0	0
0	27
0	4
0	157
0	153
0	140
0	143
0	4
0	1
0	154
0	158
22	49
1	142
2	141
0	152
2	11
0	153
0	32
6	0
0	13
0	41
0	14
0	82
0	35
0	25
0	12
0	3
0	3
135	4
6	4
5	48
0	45
0	6
0	6
0	6
0	6
0	0
0	1
0	1
0	0
0	0
0	0
0	0
111	347
0	357
2	148
9	205
2	7
0	6
0	3
1	3
0	1
0	2
0	9
0	15
1	0
2	123
0	122
0	128
0	53
1	9
3	13
0	0
0	0
0	0
0	0
0	0
0	11
7	6
1	11
0	9
0	1
0	0
0	11
0	11
0	0
183	407
5	403
0	231
23	15
1	4
10	133
0	136
0	103
0	100
0	30
0	29
0	0
0	0
0	0
0	0
0	0
465	0
114	369
3	339
3	28
0	305
12	73
3	30
122	8
7	5
0	0
0	4
0	1
0	3
0	3
0	0
0	0
0	31
0	0
422	461
8	461
0	38
0	40
0	108
2	74
0	0
0	0
0	0
0	44
0	812
0	300
0	72
0	723
4	216
27	37
15	442
6	108
0	85
0	33
2	87
72	32
0	93
0	114
1	25
3	24
6	31
0	13
0	49
0	0
0	0
0	0
9	102
7	6
4	96
0	5
0	0
0	0
0	0
0	0
0	95
0	17
110	919
0	103
1	348
1	807
0	72
1	246
9	76
0	305
0	92
0	97
4	114
0	0
0	0
0	0
0	0
0	0
0	0
0	0
0	0
0	0
0	0
0	38
0	38
3	8
0	8
0	5
0	8
771	138
2	62
1	76
0	0
2	4
0	3
0	3
0	1
0	0
0	0
0	0
0	0
185	686
0	522
57	656
0	170
0	0
7	68
0	8
0	48
0	31
0	29
0	8
2	9
0	95
3	126
7	90
0	51
15	31
0	82
0	86
0	18
0	23
1	23
4	23
0	9
0	345
86	350
0	180
1	58
3	82
0	0
1	1
0	1
11	5
18	9
0	0
0	0
0	0
0	0
0	0
0	0
0	272
125	282
0	76
3	63
0	10
0	179
0	2
0	21
0	27
0	179
0	175
0	181
0	9
0	34
14	2
0	175
2	9
0	32
0	39
0	20
0	48
2	17
0	22
2	94
0	29
0	72
0	179
0	0
0	0
0	0
0	0
0	0
0	0
0	0
0	0
0	0
66	71
0	21
0	29
0	16
6	34
0	28
20	55
0	18
2	6
0	45
4	55
61	45
0	8
0	7
0	1
0	10
0	6
2	0
0	0
9	38
0	40
0	29
0	11
0	1
0	251
0	278
0	61
0	42
0	50
0	44
0	6
95	17
0	5
0	38
0	37
0	11
0	9
0	2
6	40
0	5
0	591
0	546
23	517
1	519
50	517
38	149
0	120
24	4
1	5
0	18
0	7
0	102
23	107
0	107
0	14
5	29
388	361
5	21
0	21
52	8
2	1
0	1
0	0
0	0
0	0
1	0
0	0
1	363
0	383
0	70
0	411
0	266
0	43
0	29
51	12
0	11
0	3
0	1
1	2
0	2
0	2
8	291
2	193
0	264
5	231
3	25
0	0
2	299
5	150
0	300
0	302
0	298
0	157
4	48
5	53
0	50
1	14
3	0
4	0
0	49
36	50
0	6
0	5
19	0
3	0
18	351
0	290
0	316
0	31
0	270
0	44
0	40
87	1
1	1
0	0
0	0
0	0
0	0
0	0
0	0
0	0
0	0
0	0
0	0
0	0
136	155
23	78
0	46
0	67
0	37
0	65
0	71
16	447
6	39
0	56
2	58
1	41
0	58
9	170
0	422
8	17
1	39
1	40
18	2
0	1
20	10
2	32
0	51
0	47
0	16
0	3
0	0
0	51
0	51
28	58
0	43
0	13
0	18
0	30
0	0
13	34
0	20
1	30
0	4
0	20
0	18
1	12
0	7
193	0
0	0
0	0
0	0
0	0
0	0
0	37
0	1123
71	248
0	287
0	1171
0	880
0	830
0	180
0	240
3	68
37	10
0	10
68	187
158	186
18	133
1	134
0	0
0	0
0	0
0	3
0	0
27	0
0	0
0	0
0	128
0	128
1	127
21	67
5	11
0	18
0	4
0	6
0	7
0	15
4	2
0	5
0	18
0	4
0	4
0	4
0	6
0	0
1	2
0	5
0	0
0	0
0	0
0	0
0	0
0	0
88	0
0	0
0	0
0	0
0	0
0	0
0	0
0	0
0	0
0	0
0	0
0	0
1	1
0	1
0	1
0	0
0	0
0	0
0	2
0	1
0	0
0	2
0	2
0	0
0	0
0	0
0	0
0	0
0	0
0	0
2	118
0	147
1	48
3	207
0	123
0	173
0	189
0	184
0	65
0	84
1	45
0	57
0	58
0	61
1	8
0	16
1	8
1	5
0	57
2	196
12	196
0	189
0	184
0	175
0	44
0	45
0	5
0	2
0	12
0	10
0	2
0	56
0	56
0	22
0	7
0	5
0	21
2	19
0	6
0	1
0	652
1	612
31	1
0	514
0	645
35	57
0	57
0	57
0	0
0	28
0	191
1	16
9	4
1	0
0	55
0	14
0	191
0	0
0	0
0	0
0	0
0	0
0	0
200	191
0	191
1	113
0	113
0	101
1	35
0	21
0	0
0	0
21	16
0	16
47	61
0	59
32	2
0	213
0	761
0	847
2	847
0	85
0	36
4	65
0	47
0	0
1	218
0	256
0	251
0	254
0	177
0	176
7	1
0	48
0	20
0	36
6	4
0	105
0	44
0	23
11	21
0	0
2	11
0	3
0	9
6	11
0	9
197	29
0	10
1	27
137	713
12	63
1	63
0	733
9	136
396	354
8	354
5	120
0	120
0	2
0	77
0	76
0	68
0	8
0	4
0	0
2	2
1	0
0	10
0	10
0	4
0	0
0	10
0	0
0	0
0	5
0	0
0	1
0	4
0	900
1	46
0	887
2	250
0	289
37	0
0	0
0	1
0	1
5	414
0	53
0	26
0	52
5	33
29	7
0	11
0	61
1	16
0	373
0	0
0	0
2	12681
10	5460
4	7272
1	11308
23	5914
1	5426
0	0
0	0
0	0
0	0
0	27
3	27
0	10
0	9
0	0
0	1
0	1
0	1
0	1
0	0
0	1
0	1
0	0
0	0
0	1
0	1
166	0
0	0
0	0
0	0
4	19
0	8
0	1
0	0
0	1
0	0
0	1
0	0
0	1
371	242
0	225
0	215
1	67
0	26
0	0
0	0
0	0
0	9
32	58
3	34
0	37
0	33
0	0
0	2
0	0
0	2
0	2
665	519
0	519
8	0
0	26
0	0
0	0
0	12
0	13
0	13
3	97
0	93
0	13
20	2
0	17
0	35
0	38
0	38
0	14
0	10
0	14
1	14
0	20
3262	558
1	244
0	314
0	66
1	55
0	66
0	54
2	0
0	31
3	31
0	12
3	14
0	1
0	1
0	0
0	0
0	0
0	0
0	0
0	32
0	87
9	11
0	19
0	87
0	9
1	18
0	64
0	20
0	928
8	488
43	0
5	153
1	168
0	228
3	70
2	0
1	683
1	12
0	168
3	0
5	78
0	1
0	1
0	1
0	1
0	0
0	0
0	0
0	0
0	106
0	0
813	155
1	155
30	11
4	11
0	7
0	3
0	0
0	3
0	22
0	22
0	22
0	22
0	3
0	4
0	1
0	7
0	0
0	0
38	0
4	6191
27	4183
0	4607
0	5590
14	2555
0	968
2	1156
47	177
1	171
0	3
0	23
0	16
0	8
3	14
0	0
0	28
0	28
0	4
0	0
0	3
29	0
0	0
0	0
2	70
15	70
16	0
43	0
0	15
0	13
0	15
0	15
0	0
0	0
0	0
0	0
0	0
0	0
0	0
0	0
0	0
0	21
64	6
0	5
4	1
0	0
0	0
0	0
0	0
0	0
0	0
0	0
0	0
0	0
1	0
0	142
1	130
0	100
1	5
1	118
5	138
0	26
0	140
0	0
0	0
0	0
0	0
5	23
0	23
0	0
0	5
2	1
10	1
0	3
0	3
0	0
0	0
59	54
0	11
0	7
1	3
3	133
0	115
0	125
0	106
0	115
0	116
0	104
0	40
0	99
0	17
0	11
0	94
0	8
0	8
0	25
0	9
0	17
0	0
0	0
2	195
0	207
0	221
0	8
2	107
1	81
0	12
0	7
0	13
0	29
0	16
0	4
0	4
1	6
0	213
0	211
0	0
0	0
0	0
116	0
77	136
2	9
3	1
4	118
0	9
0	61
0	37
0	15
0	16
2	10
0	2
55	4
10	18
0	10
0	0
0	0
0	0
0	61
0	0
0	5
0	5
0	0
0	0
0	0
69	85
0	95
13	16
0	95
17	172
5	1
0	1
15	131
0	131
0	103
0	23
0	32
0	23
0	18
0	6
0	0
5	228
106	332
3	127
3	162
0	38
3	53
2	15
48	5
0	84
0	6
0	3
9	0
0	0
0	87
0	20
1	5
0	71
0	8
0	87
0	87
0	248
0	212
10	181
2	340
0	10
0	54
0	27
0	18
1	34
0	22
12	74
0	29
6	29
0	8
3	12
0	33
0	34
0	0
0	1
0	0
0	22
0	33
0	0
0	317
0	303
0	260
0	253
6	104
0	196
0	203
11	184
0	41
3	35
6	80
0	50
0	310
0	6
0	6
0	10
0	10
0	0
0	4
0	2
0	1
0	0
0	0
0	43
0	630
0	651
1	18
1	74
1	73
1	51
3	5
0	19
0	16
1	18
0	266
0	41
0	0
10	31
0	31
0	11
0	0
1	11
1	11
0	6
0	9
3	8
0	8
0	1
0	1
0	0
0	433
3	329
11	0
0	15
0	32
1	217
6	206
21	56
6	39
0	24
0	433
4	2
0	155
0	155
4	155
0	4
0	49
4	46
0	13
0	0
0	0
0	0
0	0
0	0
0	0
0	0
0	0
0	24
0	2
5	5
2	24
0	21
0	21
1	18
0	11
0	13
0	7
0	9
6	6
0	0
0	0
475	90
5	36
7	53
5	69
0	69
5	1117
44	1134
6	310
0	1073
4	91
0	101
0	0
0	52
0	42
0	14
0	26
1	18
0	25
19	57
0	0
0	0
0	0
0	0
0	0
0	0
0	2
0	2
0	0
0	2
0	1
0	1
0	211
0	211
0	218
0	59
0	188
0	203
0	190
0	197
0	69
0	199
0	194
0	212
0	205
0	26
0	97
1	44
0	26
0	49
2	122
1	40
0	39
0	9
0	28
0	20
0	26
0	33
0	26
4	23
0	13
0	13
0	203
0	0
392	147
20	147
0	0
6	45
0	45
0	33
0	6
0	6
0	6
1	34
0	34
0	34
3	22
0	10
0	10
971	202
1	65
0	66
0	52
0	55
0	10
3	16
18	0
9	0
0	0
0	0
13	0
0	0
0	0
0	0
0	0
0	1
5	1
0	1
0	0
0	0
0	0
82	73
5	41
1	46
0	11
19	28
0	11
0	15
0	5
3	7
4	2
1	2
0	1
230	0
8	0
0	0
0	15
0	0
4	3
0	3
0	0
15	0
74	0
21	88
0	0
6	530
0	594
2	16
0	165
0	208
0	85
11	18
12	31
3	0
0	0
0	0
0	0
1	0
0	0
0	0
0	0
0	0
0	0
80	68
0	15
0	15
0	51
2	2
0	53
0	32
239	560
2	180
3	261
16	14
1	161
0	124
3	244
45	0
0	34
0	86
4	119
0	87
0	255
0	0
0	1
145	620
1	316
0	166
0	113
0	4
1	4
0	1
0	0
0	4
0	0
0	0
0	2
0	2
0	2
0	2
0	0
0	0
0	0
0	0
0	0
0	0
2	36
243	66
0	0
0	0
0	0
8	135
0	655
0	388
10	76
35	137
57	625
12	17
6	12
9	81
0	52
1	18
0	0
0	0
0	0
0	0
458	18
0	18
45	185
0	184
0	170
11	68
0	23
1	4
0	35
0	20
8	14
2	69
0	56
24	76
10	23
0	15
0	14
0	21
0	19
0	47
0	186
0	187
1	178
0	158
0	168
0	165
0	151
1	130
2	119
3	44
0	50
12	0
18	0
0	0
0	0
0	0
0	0
0	0
0	0
0	0
0	633
0	606
11	582
0	602
0	78
0	195
1	178
0	0
0	3
54	62
0	7
0	14
0	21
2	3
0	11
0	3
0	11
0	11
0	19
3	8
0	32
3	13
0	0
0	0
0	37
1641	4718
0	203
17	1085
1	2818
1	1450
8	582
4	778
2	1874
1	998
0	136
0	147
0	111
0	108
0	88
0	44
16	198
2	216
0	190
0	40
4	10
0	10
0	34
0	34
0	31
3	27
0	17
0	10
0	3
0	12
0	0
0	0
0	0
0	6
0	0
1	1
3	0
0	0
0	0
0	0
0	0
0	0
0	54
0	7
0	24
0	0
0	2
0	1
0	3
0	2
0	10
0	52
0	6
0	11
0	12
0	8
0	1
6	120
0	117
0	61
2	74
0	71
0	44
0	59
0	34
12	39
133	0
175	100
0	5
0	2
6	16
0	15
0	29
11	59
0	25
2	28
0	17
0	17
0	1
17	1
0	0
0	91
0	0
0	0
0	92
0	92
0	91
0	71
0	84
0	0
0	0
0	0
0	0
0	0
0	0
0	0
0	3
0	2
0	2
0	3
0	0
0	0
0	0
0	0
0	1
0	1
0	0
0	0
0	0
0	0
0	0
0	1
3	4
0	0
0	0
0	4
0	2
0	3
0	11
0	11
1	24
0	19
0	24
0	18
0	3
0	3
0	0
0	0
0	0
0	0
0	0
0	0
0	0
0	0
118	54
0	37
1	17
1	0
0	0
0	0
0	0
3	47
0	41
0	35
3	2
0	13
6	0
9	2
0	698
6	236
0	252
0	184
0	173
2	0
0	0
50	698
0	2
1	0
0	0
0	0
0	2
0	2
0	0
0	0
0	0
1	54
0	195
6	176
0	170
1	16
10	0
1	21
0	0
0	0
0	0
0	0
0	0
0	184
0	126
9	189
5	33
0	31
0	39
0	46
0	4
4	74
0	109
0	99
0	39
0	31
0	13
7	13
43	42
0	46
1039	898
1	830
0	0
0	6
0	14
0	14
0	12
0	12
0	0
0	1
0	15
0	14
0	14
0	6
0	6
0	0
0	14
0	0
0	0
0	0
0	0
0	13
0	67
0	43
0	45
2	58
3	4
0	5
0	0
0	6
0	19
0	2
0	2
0	2
0	9
0	0
0	0
0	0
0	0
0	0
0	0
53	0
0	0
12	5
0	5
0	0
0	0
3	52
0	72
3	5
0	19
0	28
1	16
3	12
0	77
45	0
7	80
3	112
1	252
18	264
0	27
0	21
1	19
2	1
1	0
0	0
0	0
0	0
0	0
0	0
0	0
0	0
62	392
0	394
0	376
0	46
0	56
0	0
0	2
0	2
0	2
1	2
1	67
0	23
0	41
0	46
0	33
0	40
12	47
0	67
0	11
0	37
0	33
0	35
1	20
0	18
7	307
16	307
4	58
2	58
0	56
0	62
0	36
0	36
0	0
0	0
0	0
0	0
0	0
0	0
0	0
0	0
0	0
6	2883
15	287
0	2831
0	2649
1	2764
24	35
1	1523
0	316
62	115
55	28
19	32
12	0
33	13
0	1545
203	1048
3	1038
54	0
1	808
0	1048
0	276
0	375
0	657
0	142
1	786
0	258
8	391
4	499
0	23
0	0
0	0
0	129
0	114
0	133
0	114
0	127
1	56
0	21
0	10
42	627
0	607
0	250
0	201
0	23
0	161
0	114
0	55
0	46
7	18
5	4
0	0
0	127
0	121
0	30
0	25
0	131
0	83
0	13
0	62
0	31
0	1
0	41
0	26
0	75
0	68
0	8
0	2
0	55
0	20
0	31
3	26
0	18
1	0
22	0
0	1
0	148
3	147
0	47
0	845
6	830
0	738
7	655
3	159
0	0
0	0
0	0
0	0
0	0
0	0
1	1
0	7
0	7
0	5
6	278
0	277
0	66
2	32
0	18
7	9
0	59
17	115
0	41
0	6
0	158
376	158
1	34
0	18
0	18
0	18
0	1
0	0
0	0
0	0
0	18
0	2998
6	180
2	201
3	338
3	213
0	298
0	144
0	2714
0	2998
0	77
0	49
0	18
0	49
0	49
9	2
7	50
1	31
0	4
0	258
0	250
0	86
0	94
0	84
0	86
0	77
0	32
0	49
0	12
853	273
0	234
0	39
0	0
0	0
0	0
0	0
0	0
0	0
1	152
0	6
0	152
60	168
0	88
2	164
0	156
0	0
0	0
0	0
0	0
0	0
0	0
0	0
0	0
9	67
1	69
1	63
0	3
1	19
0	16
0	21
0	14
0	10
0	19
0	3
1	11
0	3
0	0
2	19
0	19
0	28
0	239
4	245
1	245
0	6
0	18
0	18
4	11
3784	16645
13	1931
22	1648
0	3040
9	967
0	6846
15	2648
23	3246
50	4718
2	2470
0	2449
0	1999
0	2036
0	2038
6	2154
0	2447
0	0
0	1163
0	1029
0	321
0	625
0	295
3	150
1	1044
0	1082
0	176
6	72
6	161
0	78
12	16
2	111
0	115
0	1199
3	509
0	534
0	502
0	524
1	519
0	547
0	105
0	495
1	464
2	62
9	10
0	74
0	95
0	62
9	1
0	40
1	30
5	3
2	3
0	104
0	104
4	14
0	14
0	14
0	13
0	14
0	14
0	14
0	3
0	6
0	4
0	5
0	2
0	121
0	116
0	127
0	129
0	128
0	70
0	13
0	25
0	7
0	8
0	0
0	0
0	0
0	194
2	90
0	68
0	108
2	34
25	532
2	423
1	175
0	164
0	167
3	224
0	91
255	0
0	130
0	299
16	1171
0	1014
13	923
0	840
2	123
41	949
0	100
0	19
0	44
0	0
0	10
0	15
0	10
0	10
0	10
0	10
0	15
0	15
0	15
0	11
0	10
0	6
1	0
0	1
0	0
0	0
0	0
43	22
2	22
1	0
0	0
0	0
0	65
0	2331
60	2507
0	265
0	109
2	516
22	2277
0	378
0	366
0	166
0	853
0	290
64	26
0	26
0	0
0	7
13	1634
10	1634
0	24
11	48
9	0
57	73
0	307
3	234
4	235
0	241
0	298
319	157
9	26
0	15
0	66
0	122
0	18
0	126
0	28
2	107
2	71
2	9
0	8
0	1
425	796
0	234
3	251
0	357
0	308
0	593
0	34
0	35
1	19
0	7
0	78
40	551
18	551
0	16
0	0
0	16
0	16
0	16
0	0
289	871
0	768
0	354
0	177
0	115
0	3
0	3
0	3
0	0
1	7
0	97
13	97
0	7
0	14
0	3
0	161
7	84
0	181
20	65
0	83
0	98
0	80
0	12
0	98
0	81
0	21
0	14
0	28
0	25
6	3
0	0
0	0
0	6
0	6
0	6
0	6
0	6
0	0
0	6
0	1
0	6
0	0
0	334
7	365
0	87
1	24
0	60
0	328
48	422
0	36
0	74
0	9
0	420
0	34
0	84
1	1
0	1
7	10
0	11
0	21
3	62
0	75
0	35
0	30
0	11
0	89
0	21
0	72
0	14
0	21
12	7
2	6
0	8
0	12
0	3
0	4
0	19
14	1
0	1
1	5
0	12
52	2713
4	2720
78	347
2	254
0	176
0	176
0	174
0	2
0	0
0	176
1	33
1	27
0	33
0	10
0	8
0	33
10	446
4	215
1	17
3	35
0	250
0	21
0	20
0	15
0	3
1	3
30	139
0	139
8	17
0	0
0	0
0	100
1	91
0	36
0	7
0	5
0	96
0	4
0	35
0	7
0	92
1	66
0	75
0	41
2	19
1	2
0	0
0	2
2	2
0	0
113	31
0	8
0	23
2	5
0	3
4	0
0	34
0	35
0	37
0	38
0	15
2	3
0	4
0	4
5	7
1	9
0	4
118	0
102	124
0	100
5	13
0	26
0	294
11	337
3	238
3	234
0	76
0	47
61	0
7	0
0	0
0	0
0	0
5	1
0	0
0	0
0	0
0	5
2	20
1	29
0	14
1	6
2	0
0	76
0	83
0	32
0	0
0	83
0	0
0	0
0	939
18	153
16	491
0	936
7	926
6	58
0	29
1	58
4	2
0	2
14	3
0	3
0	7
0	7
0	7
0	0
0	0
0	0
0	0
0	0
0	41
0	58
5	6
1	46
0	19
2	5
1	6
6	19
0	11
0	51
0	0
1	0
232	68
0	68
859	379
0	379
117	54
1	12
0	20
0	13
0	34
417	196
0	21
4	103
0	99
0	16
0	0
20	0
0	0
0	0
419	0
0	0
0	0
0	0
0	0
25	898
147	898
0	20
0	20
0	6
0	12
1	0
0	0
95	5
5	5
0	0
0	0
0	0
0	0
0	0
0	0
0	0
0	0
0	0
0	0
0	0
0	184
0	59
0	38
13	164
2	56
0	25
1	0
0	0
0	2
0	3
0	2
0	1
0	0
0	3
21	4
0	2
108	0
0	0
51	384
0	359
1	24
0	131
1	24
2	24
8	16
1	0
6	10
0	10
0	8
2	5
7	0
0	1
0	6
0	6
0	2
0	5
0	0
0	2
0	0
0	0
0	2
0	2
0	1
0	42
21	14
58	270
0	62
3	132
9	115
1	95
0	0
0	0
0	632
5	619
0	627
0	60
2	47
24	373
3	16
3	20
1	10
4	26
0	21
0	0
0	0
0	0
0	38
0	39
3	38
0	35
3	113
0	93
0	81
1	40
1	6
0	8
0	8
0	0
0	0
0	0
0	0
0	0
0	0
0	0
0	0
0	116
1	111
7	116
0	122
0	22
1	15
0	11
0	4
0	119
5	0
3	1
0	1
1	1
0	0
0	0
0	0
0	0
0	0
0	0
0	0
0	10
0	0
0	23
0	23
0	0
0	23
0	23
0	7
0	0
0	0
2	0
0	0
0	0
0	0
3	137
4	266
0	237
3	182
0	537
1	29
2	4
0	13
1	245
0	247
0	545
52	0
3	140
0	8
8	126
0	39
165	17
0	17
0	0
19	0
0	15
0	2
0	44
0	50
6	19
0	7
0	15
2	3
0	3
25	0
1	66
103	77
0	77
3	0
0	0
1	0
0	27
0	21
0	21
0	0
2	270
0	31
18	283
6	64
0	25
3	40
1	20
0	65
0	84
119	135
0	49
1	124
9	62
0	114
3	112
0	11
0	17
12	272
4	249
0	168
6	58
0	19
0	0
0	0
14	59
0	27
0	38
0	16
0	3
0	17
0	4
0	9
0	13
0	1
0	28
0	12
0	22
0	13
0	0
0	0
0	0
0	0
561	0
19	0
1	176
2	208
0	190
0	194
7	190
0	103
0	71
0	79
4	165
0	0
0	0
0	5
0	158
0	13
0	0
0	164
0	0
0	0
0	38
2	0
0	167
0	25
0	25
0	5
0	5
1	539
0	19
5	53
0	71
0	69
0	50
2	44
9	28
0	0
0	525
0	539
0	0
23	144
17	140
6	5
0	89
13	26
0	7
0	20
0	15
0	26
0	25
0	19
0	25
0	0
95	59
0	59
117	0
1	0
0	0
0	0
3	348
7	427
52	317
4	156
0	41
0	107
25	584
4	42
8	50
2	37
0	17
2	584
25	264
0	288
0	203
0	32
0	136
0	25
0	196
2	73
0	73
0	198
5	100
0	101
12	28
0	10
0	20
2	14
0	31
0	22
0	9
3	21
0	11
0	180
0	73
12	180
0	17
0	17
0	27
0	30
0	25
0	22
4	23
0	0
0	0
0	0
0	0
0	0
0	0
0	0
30	1
10	21
0	21
21	2843
5	2711
104	1312
2	328
24	1440
6	168
501	3
0	462
0	413
0	419
4	157
0	161
11	0
0	385
0	364
0	284
0	260
0	105
0	63
0	23
0	11
0	11
1	11
0	11
0	11
0	0
72	57
1	20
0	37
0	14
0	12
0	11
0	9
9	17
0	26
0	0
0	26
0	26
0	0
0	4
0	5
0	26
0	26
1	11
0	22
2	23
1	18
0	132
0	110
0	45
2	3
0	16
0	91
16	1
0	3
1	3
0	26
0	11
0	3
0	100
0	110
0	0
0	0
73	0
15	83
0	83
0	8
0	59
0	18
0	13
0	0
0	0
0	0
0	0
0	0
0	5
0	0
0	0
0	5
2	91
14	85
0	18
7	22
2	0
0	0
714	313
1	153
2	201
0	65
5	0
0	38
0	0
0	0
0	0
0	0
0	0
0	0
1	2
3	4
0	0
0	0
0	62
43	109
0	20
1	91
0	0
1	0
0	0
0	0
0	0
0	0
0	0
32	18
1	7
0	14
2	18
0	11
0	0
0	0
8	135
0	125
0	25
16	63
0	57
0	4
1	14
0	16
0	16
2	46
0	14
0	0
1	393
0	393
0	386
0	271
1	3
0	36
0	221
0	41
0	23
3	23
0	221
0	7
0	6
0	4
280	96
1	26
2	86
2	38
2	40
0	0
0	13
0	57
1	4
0	8
0	13
0	9
0	20
2	13
0	120
0	84
0	75
4	105
0	2
0	2
0	3
0	113
0	103
0	116
0	115
0	103
0	0
0	0
559	302
0	132
0	132
0	75
13	44
0	0
0	1
0	1
0	1
0	1
0	1
0	0
0	0
0	0
0	0
0	0
4	0
198	0
1	16
0	1
0	1
0	0
0	0
0	0
0	0
0	0
0	0
0	0
0	0
0	0
0	0
1	0
0	0
62	8
0	8
0	0
7	0
2	1300
5	24
0	93
0	40
3	2
0	17
3	17
0	17
0	7
1	29
0	1289
3	111
0	606
4	107
0	304
6	27
60	145
1	131
0	613
0	0
0	0
0	0
0	0
0	0
0	0
0	0
0	0
0	0
0	0
0	0
0	0
0	0
0	0
0	0
0	0
0	0
0	0
306	0
0	84
0	0
0	0
0	0
0	0
0	0
0	0
0	0
0	0
0	0
0	0
0	0
0	0
0	0
0	0
0	0
0	0
0	0
0	0
0	0
0	0
0	0
0	0
10	0
1	362
165	462
0	96
0	435
0	237
1	225
0	251
88	0
4	15
0	14
0	15
0	5
0	69
0	75
6	4
0	13
0	10
0	12
0	3
0	7
0	0
0	7
0	0
3	0
1	0
0	69
0	69
0	0
0	0
0	0
0	0
0	0
0	0
0	0
0	0
0	0
0	0
0	0
0	0
0	0
0	77
0	0
0	78
1	1
0	1
0	0
16	10
0	79
0	66
1	179
0	159
2	119
0	137
0	85
2	94
0	0
87	33
0	32
0	22
0	3
13	37
0	45
0	19
0	24
0	17
0	0
27	7
0	5
0	2
0	0
0	2
0	0
0	0
0	0
22	155
0	187
0	175
0	24
0	2
2	26
0	0
0	2
0	2
0	26
0	175
0	176
0	15
5	178
0	73
0	175
4	176
65	0
0	0
60	139
0	107
0	45
0	32
0	22
0	17
4	1308
1	1189
0	186
0	13
2	7
0	0
0	0
8	182
0	103
0	182
0	3
1	15
0	8
0	13
2	8
0	4
0	14
8	0
25	137
0	36
0	129
0	15
7	0
0	60
10	26
0	19
0	0
0	0
0	1
6	2
0	0
0	1
0	2
0	5
16	5
27	1
0	0
0	0
0	0
0	0
0	0
0	0
0	0
0	0
4	0
177	31
2	8
0	31
4	0
0	0
0	0
0	0
0	0
0	0
0	0
0	0
0	0
36	12
0	11
0	1
0	0
0	0
0	0
0	0
0	0
0	0
0	0
0	0
0	0
0	0
0	0
0	12
0	30
0	133
1	15
0	40
0	134
13	137
0	14
0	11
0	0
0	0
4	2
0	0
0	0
0	0
0	0
0	0
94	357
0	187
0	235
0	357
0	1
0	1
0	0
127	13
0	13
1	0
0	0
54	0
0	0
0	0
0	0
0	0
0	0
1	57
0	60
0	60
2	55
0	6
0	5
0	1
3	11
237	133
3	133
0	0
0	0
0	0
0	6
338	89
0	29
3	2
2	11
0	41
3	8
4	8
1	295
0	296
0	42
0	0
0	0
0	0
0	0
0	0
0	0
0	0
0	0
0	0
0	0
6	0
0	0
1	0
0	0
0	0
19	320
1	11
0	3
1	296
5	2
0	28
0	18
0	41
0	71
1	45
0	48
0	72
5	51
0	44
0	52
15	35
0	0
0	1
0	676
1	533
2	675
0	2
0	2
0	0
0	0
0	0
0	0
0	0
0	0
0	0
0	0
0	0
0	0
0	0
0	0
0	0
0	0
0	0
0	0
0	0
0	0
0	0
0	0
0	2
0	2
7	98
15	191
2	266
0	263
1	6
2	95
6	10
3	58
0	583
0	533
7	570
11	176
3	39
0	69
13	17
0	241
0	33
0	26
0	6
0	33
35	72
0	37
0	32
0	25
0	30
156	77
0	57
0	37
0	48
1	815
25	250
0	90
0	441
0	473
0	832
42	3
0	3
0	187
0	42
0	102
0	48
0	64
0	183
0	31
13	24
4	48
0	48
10	41
0	21
0	31
0	12
0	53
65	53
0	0
0	0
0	0
0	0
0	0
0	0
0	2
0	4
0	4
0	0
0	0
3	257
10	421
0	383
0	209
0	183
1	124
3	146
0	4
0	42
0	0
0	0
0	0
0	0
0	0
20	18
0	30
3	73
0	72
0	76
1	73
2	10
0	29
0	0
0	0
0	0
0	0
0	0
0	0
0	0
0	0
0	0
0	1643
0	1755
0	1630
0	1700
14	1652
74	1552
4	1655
0	373
4	211
0	187
0	56
0	35
0	1601
0	0
0	0
0	0
0	0
0	0
0	0
0	62
0	62
0	62
0	48
167	1314
10	270
11	1226
0	602
24	767
0	31
0	35
5	23
0	63
0	16
0	10
1	767
3	11
0	11
1	4
0	6
0	0
0	0
0	0
0	0
15	339
2	283
0	98
0	137
2	43
0	30
0	181
0	203
0	185
0	77
184	0
0	0
0	0
0	0
17	63
0	22
3	14
0	8
0	13
0	48
0	0
0	0
0	0
0	0
0	0
0	42
0	42
9	0
0	0
0	0
0	0
0	0
0	0
37	78
1	225
0	225
0	225
0	0
1	0
0	0
0	0
0	0
0	2
0	2
0	1
0	0
2	0
0	0
0	0
0	0
0	2
0	0
0	20
2	6
0	6
0	0
0	0
0	2
0	2
0	13264
0	13262
2	12953
0	3
0	3
75	0
39	86
0	86
3	13
0	9
0	16
0	8
0	0
0	0
0	0
0	0
21	1
0	1
0	0
9	4
2	3
2	1
1	25
0	25
0	25
2	8
0	0
0	102
0	23
0	62
0	86
0	64
1	30
0	13
0	3
0	17
0	1
0	0
0	0
0	0
0	0
15	62
0	37
18	52
0	0
6	309
1	306
2	129
0	231
0	36
0	26
0	12
0	20
0	3
0	0
0	0
5	0
625	125
3	115
17	0
0	45
0	86
182	0
0	0
0	0
0	0
0	0
0	0
0	0
0	0
0	0
0	0
0	267
0	171
0	0
0	267
0	267
110	169
51	159
0	10
0	24
1	25
0	45
215	113
0	31
18	110
4	83
0	20
0	674
4	43
4	529
0	41
12	646
0	51
0	24
0	62
0	254
0	253
1	167
9	0
1	3
0	11
0	18
20	249
0	0
0	0
0	0
0	0
0	0
0	0
0	0
0	0
0	0
0	0
0	0
0	0
15	551
0	562
5	406
6	0
0	1
0	0
0	1
0	0
0	0
0	0
0	0
0	0
0	0
0	0
0	0
0	0
0	2
1	2
0	2
0	2
0	2
0	0
0	0
0	0
0	0
0	0
0	0
11	33
0	33
0	15
0	4
0	1
0	16
0	4
0	5
0	1
0	0
0	0
27	3
0	1
0	3
69	228
0	189
0	14
1	68
0	39
0	8
0	0
0	0
0	0
0	0
0	0
8	1041
5	1052
0	434
275	83
0	79
0	54
0	61
2	78
0	90
6	118
11	24
3	185
4	16
1	51
2	82
0	35
0	542
0	1
0	1
0	1
0	1
0	1
0	0
0	0
0	0
0	0
0	0
0	0
0	34
0	33
0	32
0	25
0	21
2	1
4	25
1	25
0	25
0	4
0	3
0	0
9	112
0	38
16	4
0	57
3	24
2	19
9	547
15	551
0	571
0	571
0	555
0	266
0	32
0	32
0	13
148	153
9	148
3	141
0	3
2	374
0	341
0	314
3	26
0	39
0	0
0	0
0	0
0	0
72	1261
0	434
1	464
0	345
0	404
0	47
2	97
5	59
0	35
0	14
0	0
141	24
11	17
0	7
116	80
0	31
0	48
1	48
0	18
0	29
0	29
1	29
0	17
0	12
0	3
7	13
0	3
0	8
0	2
0	3
0	7
239	397
46	3297
3	3290
132	913
0	274
10	519
26	532
9	164
0	824
4	409
2	172
0	746
8	121
8	206
0	100
6	68
0	0
0	0
0	30
0	11
0	7
0	23
0	29
0	28
0	19
4	15
2	2
7	29
0	5
0	24
0	8
0	0
0	460
1	438
28	131
0	0
1	16
0	16
0	0
29	44
0	30
0	41
2	102
0	37
0	56
0	56
1	109
95	301
19	129
0	144
1	31
0	301
0	79
0	154
37	102
0	71
0	75
1	60
7	25
11	15
28	4
0	120
0	4
1	33
0	3
0	121
0	50
4	84
72	35
0	2
0	35
0	2
0	2
0	1
0	1
0	1
9	15
0	7
0	12
1	8
0	59
14	58
0	0
0	0
0	455
42	435
4	89
0	45
0	47
0	30
0	0
0	225
4	225
34	201
0	229
5	231
0	240
3	101
0	117
60	1637
24	377
0	470
38	182
0	538
0	141
27	127
0	182
3	49
32	2
3	505
2	22
0	79
0	1257
0	0
0	0
0	0
178	11
0	11
0	152
0	152
0	122
0	143
3	136
0	8
0	129
0	49
0	17
0	28
0	29
0	14
0	55
0	0
0	7
0	0
0	2
0	55
0	663
5	645
22	642
8	317
0	479
0	396
9	114
97	0
8	34
1	13
0	38
0	31
1	13
0	0
0	0
106	0
0	17
0	0
0	0
0	0
0	0
312	0
0	0
0	0
0	0
0	0
0	0
0	0
3	671
6	670
51	322
0	573
6	212
0	669
0	670
0	636
0	9
0	8
0	8
0	0
30	73
0	73
0	0
0	3
0	3
0	0
0	0
0	0
0	0
0	0
0	0
0	0
0	0
42	129
0	19
0	107
13	52
0	34
1	20
0	20
0	7
0	7
1	7
31	9
3	10
0	9
0	11
0	0
45	179
0	178
0	106
1	45
20	53
82	372
1	376
0	88
9	41
22	97
0	105
0	96
0	62
0	313
0	15
0	12
0	111
0	274
13	267
0	88
0	54
2	25
0	90
0	112
0	122
0	43
489	76
0	54
0	43
7	0
0	36
0	44
0	22
0	20
0	14
0	6
0	6
0	44
0	0
0	0
0	0
126	237
19	94
19	149
8	128
0	79
0	34
1	128
0	0
0	0
0	0
3	0
0	122
0	121
0	127
0	115
0	4
3	108
0	126
0	1
0	119
0	76
0	6
0	7
0	27
0	120
0	0
0	0
0	0
0	0
0	0
0	0
0	0
0	0
0	2
0	2
0	2
0	0
0	2
0	2
0	0
0	0
0	0
0	0
120	68
1	68
0	68
0	0
0	0
0	0
0	0
0	0
0	0
0	0
0	0
0	0
70	75
0	20
1	65
0	19
17	6
0	2
0	2
0	2
0	0
0	0
0	0
0	0
0	443
0	264
0	60
0	14
0	3
0	20
12	424
1	322
16	37
0	22
4	39
4	16
0	41
0	0
0	0
0	8
2	1
0	8
0	3
0	2
0	3
0	7
0	0
0	0
0	0
0	0
0	0
2	0
0	0
1	12
1	2
0	2
0	0
0	0
0	10
0	26
0	4
0	4
0	338
0	368
12	378
0	294
0	290
2	32
4	16
1	81
2	39
46	83
0	65
0	4
0	0
0	0
0	1
0	0
0	0
0	1
0	1
0	1
0	116
6	107
0	55
0	7
6	3
0	90
153	445
0	414
0	71
3	82
2	124
13	21
0	28
0	7
0	7
0	0
0	0
0	0
0	15
0	19
0	14
0	12
0	3
0	11
0	0
0	0
0	0
0	0
0	7
0	0
0	19
20	99
0	99
0	339
4	337
0	296
5	250
8	253
0	291
0	77
0	206
8	17
0	26
0	31
10	34
39	0
0	134
0	130
0	98
2	77
1	68
1	41
3	9
108	210
0	172
0	193
11	150
0	42
0	122
0	192
3	34
0	37
0	37
0	40
81	3
47	1355
0	196
8	1353
21	35
61	47
0	53
0	43
1	33
0	19
2	12
9	1439
0	675
1	674
0	1259
10	495
0	257
0	194
0	132
9	121
0	418
0	409
0	413
0	416
6	416
3	38
1	113
1	86
0	11
0	0
4	66
0	0
0	529
2	525
16	221
0	324
0	6
0	362
0	521
0	323
0	323
0	0
0	0
0	335
0	356
1	337
1	133
39	4
0	197
20	87
0	82
0	50
0	45
2	23
0	13
2	14
0	12
1	1
0	0
20	126
2085	179
2	172
0	0
0	0
5	49
0	48
0	22
0	47
3	46
0	22
0	29
0	30
0	15
0	10
1	4
0	0
0	0
0	0
0	0
0	0
0	0
0	0
0	0
0	0
0	0
0	3
1	0
0	3
0	71
11	67
2	62
2	2
0	11
0	21
353	66
27	66
5	0
548	85
0	85
874	240
0	201
0	75
29	32
0	26
13	6
0	0
0	0
0	0
0	0
0	0
0	0
0	0
0	0
0	0
0	0
0	3
0	3
0	13
5	10
0	5
3	13
1	12
12	0
2	13
0	7
7	3
0	1
0	3
0	0
0	0
0	0
0	0
12	69
0	26
1	58
0	1
0	1
0	0
0	0
0	13
0	13
0	17
0	17
26	12
26	12
0	20
0	7
12	20
2	48
1	101
0	118
0	121
0	92
0	91
1	49
2	17
2	12
1	18
0	0
1247	0
0	43
0	43
0	44
2	5
7	16
0	1
8	0
0	11
0	7
0	8
0	5
1	4
0	23
11	23
0	3
0	2
0	20
0	3
1	0
2	36
0	11
0	29
0	1
485	138
1	108
0	79
3	808
19	259
8	621
1	215
0	89
0	26
0	73
4	131
6	127
6	223
0	183
0	7
0	0
178	826
24	62
1	287
0	517
4	5
5	3
1	11
10	299
2	20
3	0
2	0
4	10
0	47
0	23
7	45
0	18
0	14
115	2
0	2
0	31
0	31
0	0
54	1271
5	1276
0	38
0	0
0	0
7	318
0	413
0	439
0	453
8	11
10	40
3	244
3	80
17	80
0	46
0	0
0	0
0	0
0	0
0	0
0	0
0	0
0	0
0	0
0	0
0	0
269	38
13	38
160	436
33	308
2	31
0	84
0	141
6	43
4	29
0	87
3	2
0	0
0	0
0	0
0	0
72	35
0	20
2	33
0	33
4	8
1	3
3	0
0	28
0	0
0	0
0	0
0	0
18	1020
0	984
0	989
0	669
0	701
0	732
7	47
16	55
9	212
1	44
1	109
0	11
0	888
5	332
2	20
2	151
0	10
2	189
11	28
0	0
0	0
0	0
190	157
2	16
0	141
0	0
0	0
0	0
0	0
0	177
3	92
0	114
0	16
0	79
1	31
0	1
1	1
0	1131
0	1087
19	752
1	15
0	15
0	14
0	1
0	0
0	0
0	103
0	56
0	3
0	99
0	20
0	14
0	59
0	14
2	7
1	152
0	135
0	102
2	83
0	74
0	65
0	27
0	39
4	50
4	51
0	45
0	32
13	582
0	0
0	0
0	0
0	0
0	0
0	0
0	4
0	4
0	4
0	0
0	0
0	4
0	0
0	0
0	4
0	0
0	0
0	0
0	0
61	671
83	70
3	1
1	2
0	25
0	54
0	16
0	5
0	35
2	7
0	31
0	32
0	29
0	21
0	11
0	20
0	22
0	1
0	4
0	13
0	3
0	0
0	1
0	1
0	1
205	2213
0	2232
40	681
8	441
254	158
0	158
0	0
0	1
0	1
0	1
0	1
0	1
0	1
0	1
0	1
0	1
0	1
159	46
4	14
1	13
3	27
4	0
0	0
0	215
0	216
1	126
0	92
15	0
4	84
1	10
5	80
5	67
4	51
0	0
0	24
0	24
0	0
0	1
0	0
0	0
0	0
0	2
0	0
0	2
2	2
0	2
0	2
0	2
0	2
0	0
0	1
0	1
0	0
0	1
0	1
0	1
0	0
0	0
0	0
0	0
0	0
0	0
0	0
0	0
0	0
0	0
0	0
0	0
0	0
0	0
0	1
0	1
0	0
0	1
0	0
0	0
0	1
0	3
0	3
1	3
0	3
58	296
0	2191
5	8
0	2178
0	0
0	0
0	0
0	0
152	28
1	17
0	24
0	14
0	0
0	0
0	0
62	20
5	20
0	0
0	2
0	2
0	2
0	0
0	0
0	24
0	25
0	1
0	0
1	0
0	0
0	24
0	5
0	5
0	3
0	3
0	3
0	0
0	0
0	477
2	147
0	334
0	402
0	409
0	500
0	420
18	161
0	375
0	483
0	465
0	335
0	447
0	56
0	282
0	26
0	26
1	47
0	270
4	17
0	18
0	261
9	0
0	0
0	76
2	0
6	123
0	484
0	497
0	488
1	0
0	0
0	0
0	0
0	0
0	0
0	0
0	0
2	6
0	6
0	1
0	1
0	0
0	0
0	0
0	0
0	0
0	0
0	0
0	0
0	0
0	0
0	0
0	0
0	0
0	771
5	96
0	321
0	30
23	25
4	715
0	39
0	51
0	28
16	99
1	62
0	60
0	50
0	27
0	27
1	51
288	0
0	0
0	0
0	0
0	0
0	38
0	38
0	18
0	17
0	4
1	0
0	38
0	38
0	102
0	72
1	112
0	112
3	1
0	1
6	485
0	487
0	69
0	127
0	1
0	0
0	1
0	281
20	233
0	267
5	268
2	279
12	64
311	3854
0	3855
0	3420
38	1131
0	287
2	440
0	362
1	336
3	27
0	25
16	0
7	387
44	21
0	387
25	393
5	72
0	0
11	0
0	0
0	0
0	0
152	0
5	0
0	0
1	0
0	0
3	127
0	123
0	52
0	53
0	63
0	38
24	348
7	308
0	21
0	24
2	12
0	28
0	22
0	52
0	22
95	291
2	292
0	1
2	0
0	93
11	187
0	26
0	115
14	180
0	0
0	0
0	0
1	0
0	0
0	0
0	0
0	0
2	3
0	0
0	2
0	1
0	1
0	2
1	55
4	8
1	22
0	82
0	81
2	73
0	21
3	10
2	17
0	10
1	40
0	35
5	33
0	149
1	155
3	6
0	6
0	111
0	107
0	118
1	0
0	99
0	93
0	94
0	104
0	105
0	38
0	0
0	4
1	20
7	16
0	0
0	0
0	0
0	0
0	0
0	0
0	389
11	32
1	31
0	5
2	1
0	0
0	1
0	1
0	0
0	1
0	5
0	16
0	1
0	15
0	13
1	0
0	10
1	1
0	0
5	11
0	11
0	112
18	110
0	112
0	118
18	105
0	44
0	18
25	12
4	6
0	1
0	1
0	0
0	1
0	0
37	16
0	4
0	12
4	0
0	0
0	0
28	3762
2	2785
7	247
0	0
0	0
0	0
0	15
0	11
0	14
0	1
2	4
7	6
0	0
0	28
0	23
0	10
0	5
0	0
0	0
0	0
0	0
0	8
0	9
0	0
0	0
0	1
126	39
0	39
0	0
0	0
0	0
0	0
0	0
0	0
0	0
7	0
0	0
0	0
0	158
0	80
0	105
0	158
0	95
0	66
0	0
0	0
0	0
0	0
0	0
0	0
0	0
5	362
0	358
1	124
8	132
0	171
2	26
1	84
0	57
3	37
1	29
0	21
8	394
0	113
0	32
0	0
0	0
0	0
0	0
0	0
0	0
1	365
0	73
11	305
2	68
1	364
0	59
7	51
1	63
2	23
0	2
0	3
1	3
0	0
0	2
0	0
12	3
0	3
0	0
0	0
0	1
0	0
0	0
0	0
0	0
0	0
0	0
0	0
0	0
0	0
0	0
0	0
0	0
0	0
0	0
0	0
0	0
0	0
18	526
0	540
1	518
2	90
0	55
5	247
2	144
0	19
0	100
9	86
11	59
0	4
0	5
0	1
0	1
0	0
0	0
0	0
0	0
0	0
0	5
0	5
0	0
0	0
0	0
15	15
231	15
461	57
0	7
0	50
0	0
0	0
0	0
0	0
0	0
0	0
0	0
0	0
0	0
0	0
0	0
0	30
15	0
5	64
0	130
47	146
24	107
0	39
4	10
0	20
45	3
0	0
0	0
0	0
0	0
0	0
0	0
0	26
5	10
3	14
27	14
0	0
0	5
0	5
0	5
0	0
0	1
0	1
0	1
0	0
0	0
1	67
0	824
0	616
65	67
3	394
17	0
37	159
0	477
0	562
0	584
9	82
8	20
0	80
0	27
0	399
0	91
0	68
0	32
0	51
0	97
1	8
0	334
1	39
3	30
1	30
0	0
0	267
612	1489
12	571
5	342
13	680
5	187
6	265
35	8
0	8
0	0
0	0
0	0
0	93
0	92
26	98
0	1
0	6
0	3
0	3
0	3
0	9
2	16
0	13
131	108
0	105
0	105
0	16
0	28
1	17
0	6
0	2
38	27
0	36
0	0
0	5
1	31
3	4
17	9
0	6
0	5
0	0
0	24
0	24
0	3
0	0
9637	68777
31	22349
3	18718
3	47458
56	24917
2	39494
25	34528
8	31364
3	187
0	187
0	177
0	84
0	0
0	0
0	0
0	0
0	0
0	0
0	0
0	0
0	0
40	143
19	26
0	125
0	35
0	14
0	97
0	125
1	2
0	21
0	46
5	12
0	34
4	44
0	44
0	12
0	0
0	25
0	44
0	18
0	0
0	0
0	0
0	0
0	0
0	0
0	0
0	15
0	0
0	0
0	0
0	0
863	3298
8	534
0	787
0	433
0	0
0	0
0	0
39	95
1	95
0	143
3	100
11	186
29	278
4	70
0	315
0	68
0	163
2	167
0	126
1	4
2	24
63	19
0	2
0	3
1	4
1	8
1	10
0	0
0	0
0	0
0	124
0	12
6	93
0	106
18	242
843	332
3	88
0	110
133	36
0	25
0	11
1	17
0	0
27	878
3	448
0	222
0	339
0	851
0	64
0	427
1	2
1	1135
0	393
0	536
8	0
0	922
3	158
2	166
0	116
0	0
256	273
2	28
0	114
12	42
11	40
3	26
58	538
0	75
3	82
2	48
0	120
4	10
0	493
0	265
216	20
0	20
82	32
0	11
0	31
0	5
62	27
0	24
0	6
0	1
0	126
0	70
34	64
0	30
0	121
0	0
9	1
0	1
1	11
0	5
0	5
1	5
0	6
0	0
2	34
0	31
0	16
0	30
1	20
0	3
0	30
0	0
0	0
0	0
132	0
0	0
833	1514
9	98
0	1107
0	754
1	1459
0	1128
166	410
0	347
0	173
0	118
0	65
0	46
4	97
0	77
2	333
6	383
0	48
0	82
0	96
0	62
0	0
0	54
0	44
0	56
0	193
1	264
0	120
0	108
1	224
0	192
1	193
0	127
0	3
0	3
0	1
0	3
105	75
0	72
0	34
0	24
0	9
0	6
0	9
0	9
0	4
0	5
0	2
0	0
0	0
0	0
0	0
0	13
4	12
0	1
0	1
0	0
0	12
0	0
0	7
0	7
174	87
0	86
0	43
0	44
0	10
0	14
0	7
0	9
0	6
0	3
0	3
0	2
0	1
0	0
0	0
28	68
0	30
0	38
0	34
0	24
0	2
2	19
0	21
0	6
0	0
0	0
0	0
0	0
179	59
0	29
0	37
0	4
2	38
1187	0
0	2148
0	2146
0	2098
0	0
0	0
0	0
0	205
3	6
2	121
0	176
2	197
5	28
3	79
44	52
1	45
10	39
0	49
0	34
0	2
1	10
0	3
0	0
0	0
0	0
188	69
0	7
229	701
1	18
12	20
0	620
17	0
23	21
0	44
1	21
0	692
0	6
0	6
0	4
0	3
0	0
0	3
0	0
120	28
0	19
0	14
0	0
0	0
0	0
0	0
0	0
0	0
0	0
0	0
0	0
0	0
0	0
0	0
0	68
0	0
0	123
9	3
1	198
1	92
4	11
0	16
1	110
16	120
5	168
0	124
53	358
0	95
0	9
0	107
27	40
1	25
2	15
0	1
2	38
0	158
0	23
0	13
0	10
2	0
0	0
0	0
0	0
0	0
0	0
22	777
0	303
0	0
0	41
0	68
0	84
2	480
2	116
1	176
0	159
0	100
0	169
0	196
0	161
0	0
0	0
1	1
0	0
0	0
0	0
5	2153
0	416
0	578
14	316
0	165
94	0
0	580
0	586
0	315
0	465
0	587
10	10
0	65
0	1652
1	412
0	60
0	548
0	181
0	244
2	477
0	252
0	219
0	303
0	1586
0	1545
0	592
8	1461
0	350
1	578
0	1309
0	238
0	350
1	211
0	244
0	120
0	326
1	141
0	203
2	420
0	373
1	338
0	207
0	286
0	287
0	212
1	10
0	190
0	0
0	0
0	121
0	134
1	65
0	96
1	14
0	999
0	1017
0	306
825	4135
7	4005
35	2894
3	889
0	1071
0	1030
0	176
0	1062
2	1585
2	427
8	594
0	0
0	0
0	0
0	0
0	0
0	0
0	0
0	0
0	0
0	0
0	0
0	0
0	0
0	0
2	69
0	77
0	72
0	0
0	0
0	0
0	0
0	0
0	0
0	0
0	0
0	0
0	0
0	0
0	0
152	36
0	36
2	0
0	0
0	1
0	6
3	142
0	108
0	91
0	144
7	139
0	128
5	5
129	0
72	1
0	0
90	40
0	11
8	40
0	0
0	0
0	0
0	0
0	0
0	0
0	0
0	0
0	0
0	0
0	0
0	0
0	0
0	106
0	99
0	110
0	112
0	66
0	12
0	15
13	159
1	101
0	156
0	12
0	69
0	529
11	36
0	105
15	586
0	64
0	0
31	1
1	0
0	0
0	0
0	0
0	0
0	0
0	0
0	76
0	76
2	9
0	0
66	99
45	3
0	96
0	124
0	2
0	0
0	18
0	124
15	41
0	0
0	114
0	2
0	30
0	125
0	132
0	132
0	132
0	103
0	114
0	4
0	23
0	0
0	0
0	170
14	263
0	221
2	86
1	64
13	40
3	28
3	19
0	0
12	0
0	2
0	2
0	2
0	24
0	238
0	257
0	404
3	393
0	360
3	354
0	357
13	281
1	224
11	43
0	0
0	0
0	0
0	0
7	14
29	92
0	80
2	12
0	4
1	129
0	134
0	25
0	51
0	63
0	51
0	39
0	60
0	17
1	40
0	22
0	40
4	26
0	0
1	5
0	3
0	2
0	2
0	2
0	0
0	2
0	5
0	48
15	50
0	48
0	47
0	0
0	0
0	0
4	0
0	2
0	2
6	107
0	287
0	39
0	34
0	164
0	300
0	1
0	27
193	27
1	5
0	9
3	310
6	310
916	306
4	25
0	0
99	249
2	116
0	329
0	299
0	331
0	342
0	329
6	278
15	256
0	240
3	34
26	128
28	122
0	22
0	0
0	113
1	75
0	78
3	14
0	11
1	17
0	13
5	3
9	7
0	1
0	7
0	100
0	359
95	422
0	272
2	344
0	343
4	61
3	8
1	54
20	5
0	176
3	24
0	21
0	19
0	38
0	55
0	69
0	24
0	90
0	126
0	58
2	52
4	59
0	36
6	1
3	29
273	29
0	0
0	0
0	0
0	0
18	1
0	1
0	0
0	0
0	0
0	0
3	0
0	0
0	0
0	0
0	0
0	18
9	18
0	4
4	565
34	567
17	145
48	564
0	45
0	65
4	37
0	3
6	5
0	5
12	391
0	342
0	352
1	360
9	81
5	28
0	88
4	60
0	42
1	0
0	0
0	0
0	0
0	0
0	0
21	498
1	371
0	497
0	420
196	65
5	65
0	0
1	4
0	9
0	40
0	31
6	4
0	17
0	0
1	0
0	34
0	18
0	0
0	14
0	0
0	0
0	0
0	0
0	0
0	0
0	0
0	0
240	2290
1	2157
0	1265
3	149
0	789
0	131
0	2187
0	0
0	0
148	55
0	16
2	45
149	411
0	50
0	22
8	374
3	376
18	28
0	96
39	411
0	419
0	134
3	13
2	48
0	37
0	114
1	24
0	20
0	23
1	19
0	5
1	8
0	7
0	1
0	0
63	120
0	127
0	108
0	81
0	14
0	1
0	1
12	0
0	1
0	0
0	0
0	0
0	0
0	0
0	29
14	30
0	10
0	0
0	0
0	0
1	0
2	133
16	133
0	35
0	0
0	0
0	0
0	0
0	0
0	2
0	2
0	2
0	2
0	2
0	0
0	0
0	2
0	2
0	0
0	0
0	2
0	0
0	0
190	0
0	0
0	0
0	0
0	0
0	0
23	73
0	51
0	21
0	36
15	1
5	28
16	10
0	0
0	0
0	0
25	143
0	127
0	106
0	36
0	172
1	144
8	50
0	26
0	109
0	119
0	17
0	0
0	0
0	0
0	0
0	0
0	0
0	2
1	6
0	4
0	2
0	2
0	0
0	0
0	0
16	0
3	0
0	96
65	784
1	648
5	28
0	79
3	16
8	210
12	10
47	0
18	4
0	206
0	213
0	213
0	213
0	34
1	49
0	12
0	213
7	389
0	390
1	364
13	361
26	4
0	27
3	65
1	49
1	18
0	162
0	0
0	0
13	1
0	1
0	1
2	134
0	44
2	90
0	35
0	31
1	35
0	33
0	0
10	13
0	0
0	107
0	107
4	101
0	67
0	94
0	22
0	7
3	15
4	73
1	45
5	1
0	10
0	16
0	0
0	0
348	101
2	27
9	74
0	31
0	81
0	22
11	12
0	70
0	38
0	45
4	70
5	68
0	45
0	32
0	58
0	42
0	74
0	76
0	81
0	32
0	81
0	0
0	0
0	0
71	0
0	0
0	0
0	0
0	0
0	0
0	0
0	0
0	0
8	111
28	32
0	65
0	65
10	25
26	190
0	185
5	122
0	183
0	28
6	34
7	33
0	12
0	22
0	17
0	17
0	5
0	0
0	0
0	424
0	228
0	1728
1	2029
50	1664
6	1110
6	338
1	172
1	363
7	116
0	75
0	55
0	47
0	45
0	34
0	13
0	20
0	54
0	20
0	20
0	18
0	9
0	8
8	4
0	4
0	2
0	0
0	33
0	32
0	33
22	18
0	32
0	33
0	4
0	0
494	48
0	47
0	2
39	0
22	176
1	97
0	134
0	38
0	85
2	110
0	52
14	27
0	7
0	0
0	14
0	1
0	1
0	6
0	3
0	3
0	167
0	154
0	167
0	156
0	167
0	31
0	82
0	82
0	8
0	28
0	55
0	31
0	9
0	0
2	12
0	0
0	12
0	12
0	6
0	5
0	3
0	0
0	156
0	86
0	0
5	88
0	65
0	45
0	30
0	67
0	67
0	86
0	83
0	41
0	7
0	11
0	11
0	5
0	6
0	5
0	5
0	5
1	0
0	4
1	0
6	134
1	98
3	22
0	134
0	6
0	5
0	6
0	0
3	0
0	173
0	173
0	178
0	67
0	75
0	44
0	40
2	15
0	29
0	27
3	11
0	12
22	7
0	2
0	0
0	0
0	2
0	0
0	0
1	8
0	2
0	6
0	20
0	16
2	19
0	2
0	1
0	19
0	168
0	159
0	106
9	13
0	11
0	0
0	0
0	0
0	0
0	1
0	1
0	0
8	415
0	488
2	460
0	64
2	51
0	1
2	1
0	0
0	1
0	1
0	1
0	1
0	1
0	1
0	1
0	1
0	1
0	1
0	0
0	0
8	3
1	261
0	458
3	69
2	129
0	307
0	2
17	151
0	380
0	460
0	0
0	0
0	1
8	97
0	61
0	87
0	50
0	41
1	85
0	56
0	39
0	15
0	9
0	11
0	7
0	0
0	86
0	99
5	75
0	19
82	173
0	26
0	0
0	2
1	11
0	175
1	78
0	0
0	0
0	0
0	0
0	7
1	6
0	2
0	7
0	14
1	16
1	12
1	2
0	0
0	0
0	0
0	0
0	87
3	254
3	225
0	117
85	8
0	8
0	0
0	0
0	0
3	12
0	3
0	3
1	16
0	136
0	140
20	395
1	395
0	126
0	0
0	0
0	0
0	0
9	26
0	26
0	26
0	18
1	0
1	78
0	41
0	47
2	50
49	78
0	0
8	313
0	284
0	77
0	18
106	158
0	158
0	11
1	44
35	293
0	32
9	277
0	426
3	424
25	360
0	0
0	8
0	9
0	8
0	2
0	6
0	0
0	0
50	413
0	336
0	398
0	322
0	301
0	175
0	165
5	225
4	48
0	107
0	15
53	0
0	0
0	0
0	0
0	0
0	0
0	0
0	0
10	0
7	3
0	0
0	0
0	0
0	3
245	807
0	807
1	116
0	0
0	0
6	182
0	91
0	188
0	164
0	139
1	48
0	91
0	38
0	65
0	44
0	24
0	32
0	27
0	27
0	0
0	0
0	0
0	0
0	0
0	273
6	266
0	54
4	123
0	92
0	84
0	0
0	86
2	12
0	22
5	93
0	4
0	4
0	2
0	2
0	1
0	0
5	12
0	12
0	11
0	2
0	2
0	0
0	0
560	12
7	12
0	1
0	1
0	1
0	1
0	1
0	0
55	147
0	143
10	78
0	0
0	0
0	7
0	7
0	2
1	0
0	0
0	1
20	1
125	19
3	18
0	0
0	0
0	0
0	0
0	0
0	0
0	0
0	0
0	0
0	0
0	0
0	0
0	0
0	0
0	0
0	0
0	0
0	0
0	0
0	0
0	0
0	0
0	0
0	0
0	0
0	0
0	0
0	0
0	0
0	0
0	0
0	0
0	0
0	0
0	0
0	0
0	0
0	0
0	0
0	0
0	0
0	0
0	0
0	0
0	0
0	0
0	0
0	0
0	0
0	0
0	30
0	0
0	1
11	1
0	27
2	30
0	4
3	101
0	96
0	92
0	98
0	76
1	2
19	379
8	68
0	366
0	165
0	178
5	144
0	208
0	40
0	5
0	178
1	12
0	0
0	0
0	0
0	0
0	0
0	0
0	0
0	0
0	0
0	0
0	0
0	4
0	4
0	2
0	52
31	52
10	2
0	2
8	0
397	129
0	124
0	31
0	105
0	1
2	30
0	30
134	163
6	100
0	56
0	28
7	47
0	47
62	0
0	0
2	3319
47	2617
114	11
27	2637
5	2609
4	3305
0	2416
8	2623
2	1696
9	183
0	21
0	3
0	21
0	20
0	21
0	1
0	2
0	6
0	0
3	0
0	0
0	0
0	0
0	0
0	0
0	0
0	0
0	0
0	0
0	0
0	0
0	0
0	0
0	0
641	37
25	27
46	10
0	0
0	24
2	24
0	7
0	9
2	2
16	0
123	191
0	159
5	416
8	173
0	327
0	266
2	15
3	0
1	0
1	0
0	15
940	416
8	199
8	217
5	0
27	344
757	498
3	112
3	106
5	154
8	30
0	0
0	0
0	0
0	0
0	0
0	0
0	0
7	825
0	324
24	789
0	35
0	72
11	206
34	554
45	566
43	86
0	67
0	5
0	29
0	11
2	38
0	0
5	0
0	8
0	1
0	7
455	25
0	29
0	4
0	0
740	936
2	227
0	333
40	465
3	76
1	115
15	240
1	150
0	104
0	51
0	65
1	20
7	0
0	0
0	1
0	1
0	89
0	92
1	91
0	15
0	87
0	27
1	29
0	2
0	3
2	5
0	5
0	1
0	8
1	2
0	0
0	1
4	0
13	67
34	96
0	36
0	71
3	53
0	0
0	0
228	67
6	67
0	22
35	9
0	9
27	143
0	129
0	55
6	18
0	0
26	0
125	87
0	84
1	3
0	1
0	1
0	0
0	0
0	0
0	0
0	0
0	0
2	167
0	174
2	173
0	148
2	17
0	26
0	24
0	292
0	337
6	337
1	39
0	418
0	420
0	143
0	241
3	38
0	138
0	19
0	30
4	26
13	44
0	407
0	446
0	0
3	573
0	554
0	4
0	77
4	45
0	81
2	76
0	36
0	194
0	73
0	47
0	60
0	16
2	95
0	0
0	0
0	0
0	4
0	0
0	4
0	4
0	75
2	75
11	11
299	11
6	11
0	0
0	0
0	0
0	0
0	0
0	0
0	0
2	109
0	56
102	276
0	73
5	57
0	254
0	0
139	86
0	21
0	43
1	31
0	5
2	0
0	0
0	0
0	0
0	0
0	2
0	0
0	0
0	0
0	2
0	2
0	0
0	0
18	0
1	2
0	0
1	0
0	0
0	14
11	34
0	14
0	27
0	5
0	14
1	4
0	16
0	0
0	0
0	0
0	0
0	0
0	0
0	0
0	0
0	0
0	2
0	2
0	0
0	0
0	0
0	0
0	0
0	0
0	0
0	0
0	0
0	0
0	0
0	0
3	49
0	46
0	35
0	23
0	15
0	0
33	345
0	345
6	84
17	85
0	1
7	84
0	0
0	0
3	125
4	25
7	0
0	142
0	26
0	142
1	88
0	88
0	84
1	29
0	12
0	1
0	0
1322	340
0	25
1	79
1	14
4	223
0	187
0	68
24	6
103	199
0	2
17	5
0	3
0	201
0	479
0	115
0	91
0	91
0	500
0	96
0	161
0	37
0	36
19	49
0	46
1	28
0	34
0	21
0	3
0	3
10	98
0	430
1	164
0	57
0	430
0	335
0	0
0	0
0	0
28	41
32	12
0	29
8	123
0	123
0	32
0	25
0	12
15	8
0	7
1	4
6	2
0	2
63	235
0	240
0	157
0	15
34	29
1	22
0	19
0	18
0	16
0	1
0	2
0	4
0	4
0	4
0	4
0	4
0	4
11	3129
0	3169
5	3134
0	34
1	62
6	218
8	552
3	161
20	0
13	3199
0	3606
6	2543
0	3307
1	3700
19	3196
2	2618
23	3580
18	1460
12	101
0	0
0	0
0	0
0	0
0	0
0	0
19	570
0	2395
12	220
0	2410
0	759
1	763
0	2410
0	2403
0	23
0	5
4	57
0	18
0	54
0	7
0	0
0	73
587	308
0	102
0	131
4	85
18	69
62	51
50	0
0	0
0	0
0	0
0	0
0	10
1	5
1235	66
27	57
0	9
0	0
0	0
24	28
0	10
2	81
0	20
13	13
84	14
0	4
0	26
0	0
0	0
26	1
3	1
0	1
0	57
0	9
0	9
3	9
0	8
0	20
0	13
14	0
0	0
0	0
230	0
7	29
0	16
0	124
0	119
0	10
0	9
0	2
1	66
0	4
1	4
0	11
0	55
1	5
0	13
1	6
0	8
0	5
6	481
0	210
30	309
2	384
0	229
0	133
11	26
5	151
33	404
8	403
0	67
3	34
0	2430
0	21
90	18
0	2424
0	62
0	52
1	15
0	12
100	259
24	12
5	44
18	0
0	131
0	108
1	137
3	18
0	21
5	4
0	257
0	263
0	95
0	19
0	12
2	262
1	138
0	256
0	262
1	40
0	8
0	30
0	2
0	29
0	263
0	263
0	1
0	1
0	1
10	7
1	1
0	1
0	1
0	7
0	0
1	2
59	113
8	113
2	0
0	0
2	19
0	19
0	21
0	8
0	2
46	1793
7	1761
0	125
4	42
6	50
0	118
2	903
2	898
0	100
23	31
0	696
0	41
39	280
0	149
1	70
0	188
0	120
0	187
5	174
14	34
0	17
0	114
0	25
33	31
0	2
0	8
1	17
0	13
0	7
0	4
0	9
0	430
0	425
1	414
0	6
0	3
0	0
0	426
48	0
0	142
0	127
0	32
14	63
0	31
471	206
6	46
13	0
1	129
0	69
3	56
0	35
0	11
0	3
0	4
2	2
0	4
0	1
0	1
0	69
0	843
3	843
0	159
1	158
0	158
0	157
0	105
9	88
0	68
0	77
1	67
0	32
0	23
0	18
0	843
8	0
0	0
0	0
0	0
0	0
0	0
4	144
0	144
0	35
0	0
0	0
0	5633
0	80
0	80
0	34
0	11
0	11
0	2
0	80
0	80
0	0
0	80
3	80
0	79
1	11
0	31
0	32
0	32
6	0
14	17
0	18
0	1
0	5
0	9
45	465
0	347
1	252
0	274
0	290
0	227
0	230
0	225
1	224
0	153
1	227
0	227
0	89
0	0
0	0
0	0
0	0
0	0
459	300
4	300
470	0
0	0
4	1974
24	262
0	112
0	1405
0	1816
6	1655
1	1239
0	181
3	0
2	2
0	0
0	0
0	0
0	0
2	2
0	0
38	5
0	5
1	0
11	13
0	13
0	9
0	10
0	10
0	5
0	5
30	31
2	2
0	22
2	17
0	23
2	22
4	22
0	164
0	139
0	43
2	0
60	0
0	37
11	1054
1	365
1	680
22	771
0	1054
0	234
0	16
2	1
1	166
0	166
1	31
0	11
0	14
0	0
0	0
0	0
0	0
0	0
1	49
0	36
0	5
0	26
0	19
0	5
3	29
0	39
0	18
3	42
0	10
1	12
0	11
0	48
0	348
0	360
0	201
0	368
20	147
12	175
0	310
0	248
0	307
8	171
0	343
0	326
0	353
0	36
0	231
1	338
0	319
0	214
0	24
0	34
1	40
0	49
4	35
2	40
0	38
0	5
0	0
0	0
0	5
2	117
0	133
8	134
0	123
0	14
0	13
0	33
0	0
0	0
2	0
0	1
15	1
0	0
0	0
3	51
2	25
0	26
0	0
0	0
0	0
0	0
0	481
0	484
0	499
13	214
2	21
25	72
4	80
0	39
0	484
0	499
96	0
9	0
269	0
95	53
0	53
8	0
0	0
0	0
0	0
71	42
17	18
26	32
0	14
1	5
0	4
0	1
158	0
0	0
0	0
0	0
0	0
0	0
0	0
0	10
0	10
0	10
0	10
0	10
0	3
0	1
0	1
0	1
0	1
0	0
0	0
0	0
0	10
0	118
0	1
0	11
0	116
0	83
0	91
1	0
6	10
5	0
0	10
2	148
0	4
0	156
0	11
4	32
1	5
0	26
7	0
46	151
9	339
89	600
0	130
2	57
0	12
8	54
0	209
0	35
54	370
0	370
0	1
0	8
0	2
3	7
0	113
1	51
6	109
108	54
0	8
0	596
0	596
0	180
0	208
1	603
1	173
0	75
2	31
0	70
0	344
0	128
0	0
0	0
0	0
0	0
0	0
0	0
0	0
8	34
1	25
1	5
0	18
0	3
40	3
0	3
0	77
0	272
0	291
0	291
2	174
46	300
0	40
0	145
29	61
1	1
0	0
0	1
0	5
0	4
0	6
0	2
4	5
0	3
0	3
0	4
0	5
0	5
0	4
0	4
0	5
0	5
0	1
1	1
0	0
0	0
47	318
9	178
1	38
0	38
4	10
0	46
7	43
0	9
2	6
0	0
0	0
0	0
0	0
0	0
0	0
0	0
0	0
0	0
0	0
0	1
0	1
0	0
0	0
0	0
8	68
0	18
1	42
1	7
0	38
22	201
4	23
0	19
0	16
1	190
19	3
0	3
1	3
1	4
21	7
0	4
0	7
0	3
0	0
0	0
0	0
0	0
0	0
0	0
0	0
0	0
0	0
0	0
0	0
0	0
0	0
0	25
9	25
0	0
0	0
0	0
0	0
0	0
0	0
0	12
0	0
0	9
0	3
4	14
0	2
0	1
1	3
0	3
2	7
0	1
0	0
115	23
1	23
8	16
0	0
0	0
0	0
0	0
0	0
0	0
0	0
0	0
2	0
0	5
0	9
0	9
0	9
0	4
0	1
0	1
0	1
0	1
0	0
0	619
0	597
0	572
0	528
0	504
11	5
38	66
0	101
0	205
85	12
2	265
108	142
0	98
0	85
2	42
0	24
0	29
0	10
0	1
0	29
0	59
0	28
9	58
0	28
0	27
0	59
0	1
0	1
0	1
0	0
0	0
0	0
0	0
0	0
0	78
14	59
0	6
0	77
0	12
2	11
1	9
464	74
3	29
0	77
20	0
5	7
0	6
1	1
37	173
0	149
0	75
0	46
7	50
0	0
0	0
0	0
0	0
0	0
0	0
0	0
106	180
2	177
2	15
2	15
9	180
0	0
0	0
0	300
0	427
0	128
0	108
0	135
3	70
6	18
11	2
0	2
0	57
2	54
0	55
0	57
0	0
0	0
0	0
76	353
97	322
1	68
0	0
2	11
0	9
0	7
6	3
0	71
0	5
0	22
0	12
0	24
2	10
0	69
0	15
0	8
0	69
214	669
40	678
3	341
0	377
2	51
3	90
1	32
0	0
0	0
0	0
0	0
0	0
0	0
0	0
0	2
0	2
0	0
0	2
0	0
0	0
0	0
0	0
0	0
0	0
0	0
0	0
2	1
0	0
0	0
0	0
0	0
0	0
73	0
1	0
0	0
0	0
0	0
0	0
0	0
0	0
42	75
10	53
0	9
0	30
0	0
0	0
0	0
0	0
0	41
0	13
0	37
0	37
1	0
0	0
30	94
2	94
0	18
0	40
0	11
4	12
0	26
0	26
4	2
0	2
0	3
0	3
0	3
0	4
4	1459
8	1365
25	4
23	5
9	1427
0	1433
6	480
7	23
1	4
0	1451
0	62
0	62
0	60
0	60
0	3
0	89
0	91
0	7
0	7
0	5
1455	585
0	581
143	213
0	136
2	263
3	36
24	10
0	182
0	34
0	253
2	13
0	74
1	69
0	74
0	3
0	0
0	0
0	0
0	0
0	0
0	0
3	2683
82	2714
28	105
0	34
13	486
1	130
0	100
37	50
0	18
0	50
0	4
0	3
0	2
0	0
0	2
0	0
0	0
24	122
0	116
0	11
1	1
27	151
1	147
0	49
1	7
1	15
0	462
0	579
5	456
0	0
3	7124
5	7124
12	3744
0	1
0	0
1	154
0	0
1	1682
1	1364
15	1645
0	327
4	315
6	73
0	89
0	143
0	77
8	15
0	36
8	0
0	28
3	0
1	196
17	196
0	67
0	61
0	88
1	15
0	14
0	421
1	173
1	299
0	29
0	37
1	435
21	0
0	995
52	962
0	1042
0	432
2	536
0	239
3	476
11	0
12	25
7	25
1	664
0	673
0	89
0	182
0	199
0	129
2	31
1	643
0	3
37	114
0	103
0	11
944	7151
13	7151
11	702
9	1005
9	514
8	629
1	233
0	201
6	181
0	73
99	0
6	0
6	0
291	21
2	21
0	0
0	0
0	0
0	0
0	0
217	66
2	66
0	0
0	62
0	50
0	23
0	69
0	62
0	33
0	56
0	47
0	46
0	36
0	20
0	41
0	17
0	58
0	49
0	26
0	51
1	0
0	69
0	23
0	45
0	36
0	34
0	37
0	14
0	37
0	30
0	49
0	23
0	33
0	37
0	24
0	0
0	36
78	93
0	92
6	43
2	1418
0	286
0	1239
0	26
2	991
3	1284
4	3
0	263
0	642
0	1376
12	0
0	5
36	69
0	69
1	0
13	0
107	17
2	17
0	0
0	0
0	0
0	7
0	7
0	0
0	0
0	3
0	0
0	3
0	0
0	0
0	0
0	0
0	3
0	0
0	7
4	0
0	0
0	91
0	234
0	106
0	198
0	38
1	24
0	63
0	26
1	69
0	50
2	21
0	39
1	11
0	0
0	0
0	0
0	0
0	0
0	0
0	0
0	0
0	35
0	8
0	11
0	0
0	19
0	11
0	0
0	341
0	362
0	365
0	368
0	20
0	26
0	337
0	348
0	351
2	371
0	28
1	25
0	35
8	77
0	24
0	50
0	11
0	26
0	29
1	8
0	9
9	3
0	2
0	0
0	3
0	351
46	324
2	82
0	58
2	59
0	230
0	213
4	16
0	60
0	164
2	14
18	0
7	36
4	78
28	36
0	36
1	13
0	10
3	7
220	371
0	371
7	12
0	19
0	7
0	8
0	19
0	0
0	0
0	0
130	150
3	111
1	52
0	71
0	28
1	39
1	1
0	0
0	0
2	50
0	58
0	19
2	9
0	35
2	8
0	22
0	1063
0	1085
0	1069
0	1025
0	86
0	86
0	28
0	87
1	49
0	73
0	45
0	80
0	35
0	34
0	1084
2	126
2	21
0	125
0	123
18	0
2963	985
4	34
0	34
0	30
0	3
0	3
0	16
383	157
0	116
0	56
2	0
0	27
0	0
0	2
0	2
0	0
0	0
0	0
0	0
0	0
0	0
0	0
0	0
0	0
0	70
2	226
0	29
0	105
0	232
0	39
1	70
0	67
0	48
0	49
0	5
0	5
0	5
0	0
0	0
0	0
0	0
0	0
0	0
0	19
1	33
0	45
0	10
0	26
0	40
0	33
0	23
0	0
32	72
6	0
2	65
0	68
0	70
0	56
0	14
0	55
0	29
0	30
0	4
0	29
0	1
0	3
0	5
0	5
0	0
0	5
0	5
0	5
3	4
0	7
0	3
0	4
1	7
0	3
0	7
0	6
0	1
0	0
0	2
0	438
15	437
2	99
0	136
0	437
0	21
0	21
0	5
2	21
0	0
0	0
0	0
0	2
0	0
0	0
0	2
464	18
5	18
0	16
0	0
0	0
0	0
36	51
0	36
2	15
0	2
0	0
0	0
0	0
0	0
0	0
0	0
0	0
0	0
0	0
0	0
0	0
0	0
0	2
0	2
227	182
0	81
0	48
1	120
0	80
0	8
0	0
2	266
1	183
41	3
0	266
143	154
8	108
0	131
0	10
0	0
0	0
3	10
0	0
0	0
0	0
0	233
2	233
2	233
0	0
0	0
0	0
0	0
0	0
0	0
0	0
4	239
0	228
0	20
18	4
0	1
0	6
0	1
0	0
0	6
4	13
0	5
0	3
0	10
0	1
1	299
0	346
4	4
2	352
0	0
0	0
0	0
0	0
0	0
0	0
0	0
0	0
0	0
0	0
0	0
0	0
0	0
0	441
1	505
0	142
0	166
0	39
0	505
0	0
0	0
1	2
0	0
0	0
0	0
5	0
0	17
0	8
0	25
0	21
0	6
0	3
0	0
0	0
0	2
0	0
0	3
0	8
0	8
0	0
0	0
0	1
0	1
0	3
0	2
0	0
0	1
0	0
0	0
0	1
0	2
0	2
0	1
0	0
1	31
1	30
0	31
0	0
14	35
0	820
1	827
9	985
1	36
0	102
0	100
0	292
3	86
10	483
17	985
25	17
0	17
0	0
0	0
0	0
0	0
0	0
0	0
0	0
0	0
0	145
0	55
0	68
0	116
1	83
3	54
0	83
2	3
0	191
3	193
3	148
0	93
0	79
0	76
0	9
19	2
0	0
0	0
0	0
0	0
0	0
0	0
0	0
0	0
0	0
0	0
0	0
0	0
0	0
0	0
0	0
0	0
0	0
0	111
4	111
4	13
1	8
2	14
0	0
0	4
0	0
0	0
0	0
0	0
149	14
0	3
0	14
0	14
0	197
0	123
0	84
0	140
9	207
14	12
2	91
4	0
3	81
0	106
0	0
5	437
8	436
1	91
5	32
0	147
2	139
0	7
0	7
0	7
0	3
0	0
0	0
73	0
0	0
0	0
0	0
0	0
0	0
0	0
0	0
4	2
3	180
7	14
0	180
0	83
0	183
0	12
0	80
0	23
0	18
0	60
0	20
3	0
0	6
0	3
0	3
0	2
0	0
0	0
0	0
0	0
0	0
0	3
0	0
0	127
0	115
0	110
1	15
0	20
0	33
28	323
0	284
0	276
0	315
55	236
0	41
0	112
0	107
0	39
0	79
0	84
0	0
0	0
0	0
0	0
0	0
0	0
60	419
6	387
0	215
11	277
0	183
0	149
0	0
0	170
0	176
1	61
0	159
0	0
0	0
0	9
0	3
0	0
0	0
0	6
0	1
0	0
19	95
0	92
0	76
0	21
0	5
0	0
4	44
151	530
0	529
3	1028
39	3193
1	742
3	18
10	491
0	681
24	698
0	650
0	127
0	96
5	0
5	10
0	3363
0	2
0	0
2	2
0	0
0	0
0	0
14	0
0	0
0	0
0	2385
235	75
0	75
0	163
0	347
10	326
0	355
0	369
3	244
0	0
0	0
0	0
0	0
3	0
17	291
6	291
0	290
0	169
0	163
3	5
0	146
1	21
0	0
0	52
0	2
29	149
0	54
0	63
0	59
0	41
0	37
0	35
0	31
0	9
0	0
0	0
0	114
1	20
1	10
0	72
0	0
0	46
9	3
1	7
0	114
0	88
0	57
0	54
0	45
0	88
0	57
0	1
0	0
0	0
0	1
0	0
0	0
0	0
0	0
0	0
0	0
0	0
0	0
0	0
0	0
0	1
0	0
473	82
0	47
0	31
1	28
0	0
0	0
0	0
0	0
0	0
0	0
0	0
0	0
0	59
88	62
0	20
18	18
1	2
0	3
39	36
0	59
11	59
0	13
0	22
2	5
0	22
0	13
0	22
2	6
0	0
0	0
0	3
0	22
0	2691
0	2582
0	2696
0	2707
0	2578
0	2623
0	2618
0	2594
0	2695
0	2189
0	2723
0	2684
0	2660
0	2737
0	2632
0	2699
0	2705
0	2743
0	2647
0	2648
0	2705
7	2497
1	2733
0	424
0	391
0	259
0	30
6	28
0	2571
0	2718
0	0
0	0
0	0
0	3
1	7
0	7
0	7
0	7
0	0
48	13
0	13
0	6
0	4
4	156
43	170
0	14
0	0
0	0
0	0
0	0
0	0
0	0
0	0
0	0
0	0
0	0
0	0
200	86
0	72
0	30
0	26
0	8
15	0
0	28
0	52
0	40
0	1
0	1
0	1
0	89
0	90
4	70
0	76
1	1747
113	1747
10	165
10	0
6	6
0	0
0	6
18	23
0	18
0	9
6	9
0	7
0	0
0	0
0	0
0	0
0	0
1	11
0	11
0	46
0	0
0	69
0	339
0	333
0	18
0	66
0	113
0	322
0	123
0	95
5	47
28	327
0	39
1	28
0	32
0	94
0	94
0	85
0	311
0	79
0	109
0	105
5	48
0	11
0	52
1	58
1	77
0	73
0	10
0	33
0	21
0	30
2	4
0	5
0	4
0	6
0	13
0	0
0	0
2	0
0	0
58	4
0	4
0	2
0	2
0	2
0	0
0	0
0	0
0	0
0	0
0	0
0	0
0	0
0	0
0	0
0	0
54	103
0	96
0	68
0	11
0	9
0	0
0	0
0	10
0	0
0	0
0	0
0	10
0	0
0	10
0	9
0	0
0	0
0	0
1	4
8	592
2	610
0	114
1	61
8	205
0	61
12	62
32	327
0	322
2	31
0	94
0	65
7	80
1	127
0	136
1	47
20	22
0	14
1	10
1	12
4	1
0	1
0	1
34	74
1	5
0	71
0	70
8	8
14	217
23	235
0	60
0	7
0	29
0	29
0	17
0	16
0	8
0	18
0	3
0	6
0	3
0	4
0	7
0	7
0	6
0	5
0	4
0	0
0	0
0	3
0	3
0	0
0	0
0	0
0	2
0	0
0	2
0	0
691	763
5	76
1	62
0	224
0	114
0	101
6	66
0	204
0	156
1	0
206	253
0	165
0	165
0	165
0	190
7	0
0	43
0	44
0	83
0	83
0	83
0	145
0	59
0	0
0	22
0	0
111	56
5	56
1	11
6	0
0	0
0	0
0	1
0	1
0	1
0	1
0	0
0	0
0	5
0	4
0	3
0	2
0	1
0	0
0	0
351	1830
3	695
0	1174
0	1418
3	39
2	122
0	315
128	65
5	65
0	27
0	83
2	83
17	139
0	116
0	12
0	35
0	45
0	54
0	5
0	8
0	8
0	3
0	0
0	3
0	0
0	0
0	0
0	0
0	3
2	3
1	8
0	0
6	22
0	4
0	1
0	0
0	9
0	120
0	107
0	119
8	27
1	15
0	124
0	19
0	22
0	17
0	11
3	0
0	1
0	1
0	0
0	0
0	0
0	0
0	0
0	0
0	0
0	0
0	0
0	0
0	0
0	0
0	0
0	0
0	0
0	0
0	0
0	0
0	0
0	0
0	0
1	31
0	31
0	5
0	0
0	0
0	2
0	81
0	128
0	122
0	116
0	3
0	3
0	6
0	111
0	6
0	0
0	21
0	32
0	18
521	0
14	24
0	24
0	24
1	8
0	8
0	8
0	0
2	482
1	482
0	482
0	482
0	482
0	482
0	482
0	99
0	90
0	94
0	53
1	10
2	24
0	0
0	144
2	8
8	144
0	183
0	7
0	179
0	177
0	8
0	2
7	5
0	5
0	25
0	25
4	381
0	343
0	28
3	381
0	0
0	0
0	0
0	0
0	0
0	7
0	8
0	9
0	1
1	183
0	175
5	118
0	126
0	28
0	19
1	12
2	1
0	0
0	0
0	0
0	0
50	956
0	932
0	210
4	298
3	490
0	210
1	254
0	0
0	0
0	0
1	0
0	0
40	1
0	1
4	0
48	40
0	37
0	33
0	36
0	7
0	0
0	0
0	0
0	0
0	0
0	0
0	12
0	7
0	12
0	10
0	3
0	0
0	0
0	12
0	3
0	2
0	0
0	0
2	13
3	13
0	0
0	2
0	0
140	96
3	21
8	59
0	33
0	0
0	0
0	0
0	0
0	0
0	0
0	0
0	0
0	0
0	0
0	0
0	0
0	0
0	0
0	0
0	0
0	0
0	0
0	0
0	0
2	0
0	0
0	0
0	0
0	0
0	0
0	0
0	0
0	0
0	0
0	0
0	0
12	138
6	342
0	3
2	41
6	265
0	53
0	0
0	0
0	0
0	0
31	3343
0	148
1	148
0	102
0	72
1	72
1	126
0	109
0	61
0	53
0	6
0	66
0	43
8	44
2	53
11	58
0	49
4	17
0	82
0	0
1	82
0	25
0	0
0	1
0	1
0	1
0	1
0	4
2	82
0	67
0	10
3	6
2	12
0	7
0	1
0	16
0	8
0	6
0	6
0	6
0	6
0	6
0	2
0	2
0	2
0	0
0	11
0	0
1710	1341
0	21
1	828
5	538
0	0
0	0
13	0
0	1277
0	239
1	702
2	391
0	606
2	1125
0	41
1	46
0	49
0	48
0	53
0	46
0	46
0	10
0	10
1	1195
6	1101
0	810
1	94
2	458
0	512
0	135
0	24
155	0
3	308
0	318
0	87
2	152
0	162
1	43
2	73
29	69
0	3
0	0
0	0
0	3
0	0
0	0
0	3
0	3
0	0
0	0
0	0
0	0
0	0
0	0
1	0
0	157
2	152
0	155
0	160
45	405
0	582
0	36
0	590
0	562
342	0
0	0
0	0
0	11
0	102
0	61
2	99
0	97
0	85
0	17
0	14
0	14
0	108
37	0
11	49
0	6
0	52
0	22
0	29
6	3
0	3
0	0
0	1
0	1
0	1
0	1
0	1
0	0
0	0
0	512
12	14
0	158
4	200
0	468
0	489
0	488
0	449
0	494
2	192
5	1
3	18
3	19
0	0
0	0
52	286
1	285
0	16
7	1
51	3
0	2
1	28
0	31
0	53
13	52
10	92
0	93
9	93
0	8
0	0
0	14
0	11
0	3
0	5
0	3
0	58
6	52
0	30
0	35
0	5
0	11
0	0
0	0
0	0
0	0
0	0
0	0
0	0
1	140
0	130
0	44
0	9
1	22
0	0
0	3
0	3
0	2
0	2
0	2
0	1
0	0
1	0
0	0
0	0
0	0
0	0
0	0
0	0
0	0
0	2
2	0
0	0
51	34
1	10
0	24
0	0
0	0
0	0
0	0
15	81
0	55
0	55
0	49
0	7
7	40
1	21
0	19
0	16
56	326
0	106
3	133
0	108
0	113
11	0
0	89
0	104
0	0
0	0
1	0
0	0
0	0
0	0
0	0
0	0
12	40
0	39
0	40
4	35
0	34
0	0
0	0
0	0
0	0
0	0
0	0
0	0
0	698
3	664
14	21
0	422
1	373
1	189
0	325
0	339
0	310
0	328
0	253
1	110
3	253
0	192
0	31
0	104
0	98
1	26
0	23
0	23
0	4
0	1
0	18
0	19
14	4
0	252
27	28
0	8
0	2
0	28
0	9
0	3
0	2
13	0
0	0
0	0
0	0
2	0
0	0
0	0
0	0
0	0
0	0
4	1
2	0
0	1
0	0
0	0
1	0
0	0
39	0
63	73
0	54
0	13
0	55
0	54
0	43
3	5
0	5
0	0
0	0
0	4
0	4
0	1
0	4
0	0
0	0
0	0
0	0
0	0
187	327
24	326
0	133
3	48
4	251
0	207
9	193
2	169
10	84
0	0
0	0
0	0
0	0
0	0
0	0
0	0
0	0
446	2219
0	1632
1	353
0	398
1	1398
0	27
0	27
0	27
0	27
0	0
0	27
4	4098
0	3391
0	2484
4	4058
4	1631
0	1937
7	2124
4	766
0	1050
5	1950
0	4098
0	0
2	500
6	500
0	7
0	39
1	2
0	2
1	0
0	101
0	106
0	97
0	59
0	82
0	83
82	106
0	82
0	84
0	82
0	34
0	34
5	13
0	7
0	2
0	1
0	0
0	0
1	0
0	0
570	209
2	133
0	92
0	210
1	22
0	27
0	6
3	22
0	5
0	7
0	6
0	26
0	3
0	4
0	9
0	3
0	64
0	64
0	61
0	8
0	0
8	0
0	0
12	139
1	77
16	132
2	43
0	100
0	88
10	6
0	0
0	0
3	6
0	2
2	1
0	1
2	14
0	14
0	2
0	3
0	3
0	0
0	2
0	0
0	0
1	0
0	14
2	45
0	40
0	39
0	0
0	10
15	144
4	144
21	34
4	290
0	290
0	48
0	31
1	244
3	11
9	9
0	19
2	10
0	0
0	0
0	0
0	0
0	0
0	0
0	83
0	65
0	22
0	7
0	48
171	107
1	11
0	25
0	23
1	164
0	167
0	167
2	167
0	140
0	144
0	142
0	4
1882	74
327	0
132	56
0	14
0	43
0	51
0	46
6	108
0	108
5	14
231	112
0	110
0	0
0	84
3	89
3	5
0	12
0	1
0	0
151	0
385	0
0	0
0	1
0	8
0	8
0	3
0	3
0	1
0	3
1	23
5	29
2	2
0	6
0	12
1	15
21	590
0	600
0	603
0	605
2	220
0	36
0	0
6	68
0	68
0	0
0	0
18	2
0	2
2	109
0	351
7	173
0	140
1	185
11	6
241	110
0	19
2	41
0	18
0	44
0	29
0	25
0	135
0	133
0	18
0	49
2	10
1	10
0	0
0	1
0	2
0	135
0	443
9	0
1	131
0	104
0	427
0	441
0	34
0	49
0	35
0	53
0	15
0	13
0	32
0	350
0	383
13	433
0	59
0	431
18	134
0	61
1	86
1	0
2	109
0	22
0	437
0	0
0	0
30	85
0	18
2	0
2	0
1	67
0	0
0	0
0	0
0	0
0	0
0	0
0	0
0	0
0	0
0	0
0	67
3	60
0	56
5	1
0	72
0	61
0	61
0	0
0	0
121	434
3	26
0	4
0	0
0	411
0	255
0	15
0	32
3	352
0	14
0	14
5	31
0	8
0	15
0	414
0	18
0	15
0	9
0	5
102	120
0	80
0	69
4	2
0	9
0	34
2	43
5	18
17	0
0	51
17	0
0	148
1	1874
0	119
0	65
0	24
0	102
0	84
0	78
0	119
0	136
0	141
0	78
12	39
0	43
0	59
0	144
0	38
0	143
0	77
0	143
1	143
0	124
0	119
0	56
0	12
1	37
30	20
0	0
0	8
0	8
0	8
7	15
0	1
1	46
0	7
0	44
0	40
0	16
0	17
0	31
0	14
0	40
0	40
0	1
0	39
0	15
0	2
0	15
1	13
0	4
291	59
27	59
24	44
0	3
1	3
0	0
0	443
3	5
37	3
0	13
0	454
0	19
1	111
3	109
0	112
0	15
3	152
1	0
0	0
0	0
0	0
0	0
0	0
13	416
0	15
1	308
3	376
2	23
0	111
0	108
0	23
0	66
0	0
0	0
0	37
0	9
25	226
42	2
2	242
0	251
0	258
0	0
0	0
413	91
2	91
0	0
0	0
0	0
0	0
0	0
0	0
0	316
0	291
0	123
0	35
0	41
0	36
0	36
0	8
0	9
0	0
1	158
0	104
1	124
0	44
1	0
0	0
0	0
0	0
46	911
0	88
29	55
16	734
0	148
2	175
0	44
2	85
0	0
0	0
0	77
2	71
0	77
0	107
1	107
0	104
0	101
0	75
0	81
0	72
2	0
0	4
0	58
10	2
1	2
5	6
1	6
0	0
0	117
10	117
0	10
0	50
0	50
0	50
0	0
0	4
0	13
0	1
4	13
0	3
0	23
1	279
15	294
0	20
3	239
0	15
1	23
1	51
1	16
0	47
0	56
0	42
3	29
0	50
0	17
0	39
0	7
1	18
0	81
1	95
6	174
0	42
0	34
0	2
0	53
0	121
0	30
0	18
0	65
0	61
0	26
0	4
0	0
0	0
0	0
0	194
120	203
0	177
0	184
0	0
0	0
0	0
0	0
4	20
0	17
6	23
0	3
1	3
0	2
0	3
0	0
2	2
5	1
0	1
0	1
8	43
0	43
398	17
0	0
0	0
0	0
0	0
0	0
1	0
0	0
0	0
0	0
1	3
0	0
0	2
0	3
0	3
0	3
0	1
0	2
0	1
0	4
0	5
0	1
0	3
11	117
39	74
140	106
9	229
404	235
0	81
0	5
62	318
3	2
0	80
0	72
0	106
2	24
0	122
2	0
0	76
2	16
0	11
0	75
0	122
0	169
0	79
0	39
1	122
0	137
0	16
0	135
0	37
8	15
0	13
0	7
0	0
0	0
0	0
0	0
0	113
5	0
0	41
0	113
0	82
0	0
0	37
6	607
0	654
5	574
0	275
0	39
0	104
0	147
0	26
0	654
0	0
0	0
162	0
0	23
7	261
0	32
0	50
0	261
0	261
0	1
0	1
0	0
0	1
0	1
0	1
0	0
0	1
0	0
0	0
0	0
0	0
0	0
0	0
0	0
0	51
0	38
186	19
0	37
69	25
0	3
42	15
0	15
0	4
0	4
0	0
1	4
0	2
0	47
0	61
1	162
0	154
0	14
0	24
2	8
2	68
0	133
0	0
0	0
0	0
0	0
0	0
3	102
21	102
8	48
0	0
2	0
0	1
0	5
0	0
0	4
0	3
0	4
0	3
0	0
0	0
0	78
1	78
0	0
0	0
0	0
0	7
0	19
0	168
0	153
0	28
0	124
0	150
0	15
0	0
2	140
0	145
6	108
2	111
0	82
0	35
0	25
5	5
0	1
0	2
30	13
0	9
0	1
0	0
0	29
0	11
0	4
0	24
0	15
0	497
7	13
0	50
0	377
2	69
0	42
0	68
0	88
0	6
0	72
0	463
0	60
0	32
0	109
0	492
0	24
0	38
2	67
0	59
0	463
0	212
5	42
6	33
0	186
14	33
0	89
0	71
0	190
0	192
0	210
0	0
0	7
0	6
0	7
0	3
0	0
0	0
0	0
0	4
2	49
0	3
0	46
0	0
0	0
0	0
0	0
0	0
0	0
0	2
0	2
0	975
4	984
8	955
0	815
0	254
9	124
1	172
1	118
0	62
2	134
0	114
10	573
1	111
2	200
2	70
0	11
0	11
0	10
0	9
0	0
0	272
492	552
2	83
0	216
0	39
0	144
2	327
3	335
0	97
0	1
0	1
0	0
0	0
0	80
1	86
9	85
0	79
0	72
0	64
2	17
0	12
0	18
0	4
0	8
0	6
0	58
0	0
0	0
0	0
0	0
0	0
0	0
0	0
0	0
0	0
0	0
0	0
0	0
0	0
0	0
0	0
0	0
0	0
0	0
0	0
0	0
0	0
0	0
0	0
0	0
0	0
0	0
0	0
0	0
0	0
0	0
0	0
0	0
0	0
0	0
0	266
0	212
2	242
8	293
9	105
16	317
10	79
2	77
0	210
0	0
0	0
0	0
0	0
5	30
6	30
0	21
0	15
0	15
0	6
0	11
0	11
3	15
0	9
0	9
0	17
72	18
5	18
0	0
5	0
0	48
0	43
0	31
35	0
0	0
0	0
0	0
0	0
0	0
0	9
1	0
1	2
0	9
0	0
0	0
152	0
6	326
0	334
1	159
13	46
1	21
17	1
0	12
0	26
0	0
0	0
0	0
0	0
0	0
0	47
0	54
3	13
4	0
0	47
0	0
0	2
0	2
0	2
0	1
0	1
0	2
0	2
0	2
0	2
0	2
54	13
6	13
0	4
0	62
0	58
0	3
0	0
3	501
1	677
171	320
4	294
0	338
0	352
0	486
8	14
0	359
21	26
0	100
0	98
0	10
2	99
0	15
0	95
0	22
0	8
0	18
0	52
2	15
0	20
0	0
4	8
0	8
0	8
0	2
0	3
0	0
0	0
0	0
0	0
0	0
0	0
0	0
0	0
0	0
0	0
0	0
0	0
0	0
0	0
0	0
0	0
2	1328
0	120
0	116
17	43
2	142
1	144
31	63
32	3
0	1328
0	0
0	0
0	0
0	16
0	2
0	2
0	2
0	2
0	0
0	24
0	24
5	118
0	36
281	72
3	62
0	49
0	0
0	0
0	0
0	0
0	0
150	75
2	11
5	37
2	33
11	10
0	0
0	0
2	196
0	71
1	19
0	37
2	34
43	196
0	0
0	4
1	4
0	4
0	4
0	2
181	95
24	95
3	47
3	5
0	5
0	0
0	0
0	17
0	69
4	16
2	60
0	68
0	0
0	0
0	0
0	0
0	0
0	10
0	4
16	1
0	1
0	63
0	60
1	18
0	21
0	6
0	60
0	22
1	0
0	0
4	8
0	14
0	4
0	8
0	130
8	129
0	71
0	5
0	17
0	9
0	53
0	97
18	0
108	128
0	128
0	97
1	122
0	72
0	0
0	0
8	0
0	25
0	7
3	5
0	25
0	70
0	50
0	70
0	18
0	21
0	8
4	4
0	0
0	0
0	0
1	109
0	107
1	77
3	22
0	84
0	91
0	21
0	72
28	163
3	135
0	150
12	104
0	101
0	40
0	27
7	34
0	15
1	0
0	35
0	35
0	35
0	35
0	21
0	21
3	33
0	14
2	0
0	1
0	1
0	0
0	0
0	0
0	0
0	0
0	0
0	0
6	115
1	115
3	0
0	3
0	4
0	6
0	5
0	201
0	183
0	151
2	12
6	22
2	58
0	1
0	0
0	1
70	0
10	110
0	128
13	463
1	14
0	138
0	36
7	24
0	441
203	629
28	597
0	485
11	452
0	181
0	167
0	11
0	11
0	0
0	0
0	0
0	0
0	0
2	0
0	91
0	4
0	18
0	6
2	85
2	17
0	4
0	90
90	51
4	38
0	13
4	112
0	105
0	112
0	18
0	14
0	64
0	104
2	8
0	2
0	14
3	60
3	14
0	0
128	7275
0	3610
0	11411
1	11467
0	7313
0	3195
2	4426
0	3179
1	2426
1	1203
0	11
4	11
0	11409
0	0
0	0
0	0
0	0
0	0
0	0
0	0
0	0
0	0
10	274
5	262
17	258
0	9
155	54
0	45
0	2
4	1
4	3
1	9
16	146
0	13
2	142
2	75
0	11
11	15
1	108
2	25
0	114
0	100
0	57
0	59
28	32
274	21
0	6
4	4
0	11
113	135
0	39
8	0
42	12
0	91
0	36
4	60
0	73
0	0
0	0
0	0
0	0
0	0
0	0
0	0
0	0
0	0
0	0
0	0
0	0
0	0
0	6
0	6
0	0
0	3
2	0
0	0
0	19
0	7
0	19
325	353
3	137
0	29
0	56
0	2
103	70
0	0
0	0
0	0
0	0
0	0
0	0
0	0
0	0
12	0
0	0
0	0
0	57
0	57
19	49
0	56
2	55
0	47
12	43
0	6
1	10
0	16
0	0
2	0
0	0
0	0
2	54
1	20
0	13
45	0
0	0
0	0
0	51
40	57
4	35
0	22
0	45
0	0
26	121
11	5
2	149
0	117
16	93
0	8
1	0
4	137
0	0
0	118
1	124
0	14
0	134
0	0
0	0
0	0
3	139
301	192
0	96
0	130
0	0
104	43
0	34
0	12
743	701
0	219
24	482
0	0
0	0
0	0
0	0
0	0
0	0
0	0
0	0
0	139
0	39
0	117
0	110
0	21
0	14
0	53
0	9
0	30
0	16
0	26
0	17
1	26
227	39
0	34
0	688
0	687
0	678
0	505
0	407
0	398
1	295
0	115
0	72
1	25
10	32
0	18
0	5
0	687
0	0
0	0
0	0
0	0
0	0
0	0
0	0
0	0
0	0
0	0
0	0
0	0
0	0
10	312
0	306
0	312
0	318
0	164
7	101
0	120
0	18
0	98
0	94
0	93
0	44
0	11
2	15
0	15
0	4
0	5
0	0
8	392
1	38
1	100
4	393
0	81
0	0
4	0
2	69
3	715
0	234
0	422
0	387
49	669
0	235
7	446
4	271
0	212
10	62
0	13
42	1752
4	1726
0	1135
4	0
0	0
0	0
0	0
0	0
0	0
4	20
0	20
0	16
0	7
0	11
0	7
1	8
0	0
6	254
1	254
0	199
0	23
26	54
0	26
2	8
0	1
0	1
0	0
0	0
0	0
0	0
0	0
0	0
4	45
0	244
0	240
4	241
1	243
0	249
10	26
0	35
0	0
0	0
0	0
0	0
0	0
382	641
1	274
0	265
0	319
0	119
0	10
0	10
0	5
0	11
0	10
0	0
0	10
0	11
0	11
0	8
0	8
0	10
0	8
2	3
0	3
0	0
0	2
0	2
0	131
6	860
13	860
0	3
0	61
0	849
0	0
0	0
0	3
0	3
0	61
18	4
0	15
6	13
0	66
0	56
0	57
0	8
0	23
0	13
0	0
0	0
0	0
0	0
0	41
0	51
39	67
0	31
1	25
0	33
3	28
2	56
0	25
0	36
0	16
0	13
0	154
0	212
0	58
2	39
2	2
0	10
0	71
7	73
0	2
0	1
0	1
0	0
0	0
95	196
0	196
181	1955
31	2
0	1669
0	1727
4	494
4	312
0	193
0	170
1	57
1	170
0	264
75	386
0	215
0	214
0	242
0	408
0	391
0	0
0	0
513	148
0	90
0	46
0	51
0	7
0	160
6	668
97	740
3	708
3	201
42	641
1	236
63	144
0	218
2	211
0	0
0	0
0	26
0	51
0	36
0	7
0	1
0	1
0	1
0	1
0	0
0	0
0	4
3	72
22	4
0	3
0	1
3	0
68	0
0	0
0	1
0	0
0	0
0	1
0	1
0	0
0	0
0	0
0	0
0	0
0	0
0	0
0	0
0	0
0	0
0	0
0	1
0	1
0	1
0	0
1434	510
1	79
1	431
0	0
0	663
0	142
0	290
20	663
32	1080
0	930
1955	2343
0	173
0	324
13	293
9	619
1	151
0	153
0	34
2	6
16	40
0	31
0	54
1	12
0	138
0	5
0	0
0	0
0	225
1	180
0	135
394	261
0	1
0	185
2	104
3	19
0	45
38	67
0	18
0	23
0	21
0	18
6	9
0	1
0	0
0	0
0	0
0	0
8	43
0	38
0	37
10	14
0	0
0	4
0	0
1	65
0	65
0	18
0	64
0	24
2	2
0	0
0	0
0	0
0	2
0	0
0	2
440	0
0	0
0	601
17	3420
8	231
5	3234
0	3188
0	1873
9	1835
8	866
0	814
0	0
2	68
0	60
7	58
0	65
0	37
0	3
7	36
0	0
0	5
0	0
0	0
0	1
0	5
0	1
1	31
0	32
1	30
0	0
5	31
0	315
12	343
0	18
0	498
2	493
0	146
3	141
0	3
0	0
0	2
0	3
0	0
0	2
0	2
0	0
0	0
1	0
0	3
0	0
0	2
0	0
0	0
0	0
0	1
0	3
0	6
21	7
4	1
0	0
849	445
0	445
2	369
51	21
2	21
0	0
0	0
0	0
0	0
0	0
0	0
0	0
0	0
0	0
325	1498
5	406
1	118
7	171
1	165
0	346
62	1248
0	0
0	0
0	0
0	0
127	97
0	40
0	73
0	26
5	26
3	8
0	9
10	1
1	0
0	0
4	161
1	10
0	5
0	141
0	121
7	74
0	152
0	42
0	72
0	0
0	0
0	0
0	0
0	0
0	0
0	0
0	0
191	39
0	34
1	9
0	3
4	3
1	7
0	3
0	1
0	1
0	1
12	1
2	1
0	0
0	57
31	467
0	78
0	55
0	39
21	307
0	23
2	41
3	257
1	201
2	77
6	0
141	690
59	690
0	8
10	5
2	273
0	0
0	0
1	0
0	0
0	0
0	0
0	0
0	0
1	0
0	159
0	159
1	48
0	105
0	33
2	37
0	138
0	162
0	41
0	5
0	5
0	3
1	3
0	5
1	5
0	5
0	0
0	3
0	9
0	4
0	0
3	2
0	2
0	11
14	18
2	8
0	1
0	18
5	1
0	2
47	901
33	901
0	212
0	161
6	146
13	46
0	639
0	636
0	606
0	404
0	288
0	126
0	137
2	121
0	109
1	36
0	636
0	636
0	0
0	0
0	0
0	0
0	0
0	0
0	0
0	0
0	0
0	0
1	4
0	50
0	12
0	4
0	7
6	42
0	0
0	0
0	18
0	16
0	18
0	17
1	0
0	3
0	1
0	0
364	98
0	6
0	13
42	67
0	28
0	32
0	5
0	48
0	159
8	64
0	62
0	62
0	160
12	0
1	0
23	130
0	91
0	14
0	44
0	39
0	1
25	1
0	0
0	0
0	0
116	101
0	45
0	30
0	60
0	38
0	1
0	9
12	241
0	236
0	145
32	147
1	34
16	88
0	39
0	46
81	12
1	21
0	34
0	5
3	5
40	0
0	21
0	1
0	1
41	1
0	11
2	37
0	0
0	0
0	0
0	27
4	0
8	359
5	104
0	357
0	11
0	28
1	11
0	14
0	22
1	92
0	15
0	13
0	13
0	10
0	10
0	5
0	0
0	2
0	3
0	5
0	2
0	3
0	0
0	0
0	0
2	0
0	93
0	94
3	74
0	88
1	38
3	274
14	274
0	131
12	3
0	35
29	0
15	0
470	224
25	224
12	33
0	24
0	61
1	1
0	0
0	0
0	1
288	48
4	8
5	7
2	35
0	2
0	3
0	2
0	0
0	0
0	3
0	0
8	0
0	0
0	1303
0	728
12	734
0	1303
0	121
1	474
4	986
0	138
0	79
191	0
250	0
349	52
30	124
0	14
0	4
0	95
0	54
2	10
1	125
2	123
0	0
3	0
0	0
0	0
0	0
0	0
1	1
0	1
0	0
0	0
0	0
0	0
4	0
0	3
2956	8229
39	3020
0	4125
28	1410
33	1316
39	1268
0	1261
14	240
2	1534
16	309
25	1999
0	0
0	0
0	134
0	117
10	140
0	120
3	56
0	60
30	133
0	18
1	12
2	7
0	1
2	6
0	2
10	14
0	7
11	7
0	0
48	89
1	37
46	12
0	63
0	32
6	1
5	59
507	58
4	58
0	1
0	1
0	4
0	3
0	4
0	3
0	3
0	3
0	3
0	3
0	3
0	3
0	3
0	3
0	3
0	2
0	0
185	717
0	695
17	46
0	68
4	22
4	12
0	22
0	15
3	12
0	13
0	3
7	2
0	4
0	4
0	0
3	30
0	38
0	36
0	36
0	16
0	60
0	351
175	376
20	36
4	167
0	145
0	187
0	187
0	187
0	187
0	213
0	188
0	187
3	183
0	157
1	151
0	53
0	59
0	21
40	21
0	4
0	10
0	3
0	2
0	0
0	7
1	7
0	104
5	50
1	95
2	103
1	0
0	0
0	72
0	18
0	68
0	8
0	6
0	8
18	0
0	0
0	0
0	0
0	0
0	0
0	0
0	0
0	0
1	0
0	0
0	0
6	276
2	377
0	479
1	69
0	293
0	296
0	50
0	23
0	60
1	40
0	131
1	15
4	1
0	128
0	1
0	21
0	18
0	10
4	3
0	0
0	0
0	1
0	1
0	0
0	0
0	0
0	0
0	116
0	98
1	0
0	84
0	16
15	36
0	19
0	4
16	26
2	1
0	8
1	6
0	0
0	103
0	1
0	1
0	0
0	0
0	0
0	0
0	0
0	0
0	0
0	0
0	0
0	0
0	0
0	0
0	0
0	0
0	0
0	0
0	0
0	104
8	119
0	108
0	119
0	68
2	25
0	32
0	40
2	13
8	63
1	6
1	26
0	1876
2	3122
81	3123
0	230
4	3111
0	0
0	43
0	160
21	165
1	11
0	7
0	165
0	0
0	0
0	0
0	0
0	0
22	53
32	49
0	49
0	13
11	5
0	0
4	5
15	5
12	0
0	0
0	0
189	229
1	50
0	51
0	34
14	113
30	123
0	95
0	0
0	0
0	0
0	18
0	14
0	2
2	1
0	0
0	0
0	0
1	21
0	21
1	15
0	8
0	13
288	0
1	232
356	232
20	1
2	0
0	0
0	0
0	0
0	0
0	0
0	0
0	0
0	0
0	0
0	0
0	0
0	0
3	41
0	55
0	53
0	53
0	36
3	12
0	51
43	40
3	0
10	14
0	15
1	19
0	875
23	803
0	226
0	349
2	56
3	23
0	192
8	88
52	40
0	79
4	43
117	41
0	40
0	0
9	15
0	15
0	0
0	0
880	2776
0	2744
0	2732
11	1182
0	820
8	364
0	70
0	32
0	0
0	0
0	0
0	0
0	0
0	0
0	0
171	157
0	36
0	75
0	7
6	24
0	95
375	0
6	33
0	21
0	10
0	8
0	1
6	9
0	0
0	2
0	2
0	0
0	1
53	0
0	0
0	0
0	7
226	35
0	33
0	0
0	0
0	0
0	0
0	3
73	130
0	13
0	30
3	60
0	112
0	4
0	2
17	25
27	25
0	0
0	0
0	0
0	0
0	0
0	0
0	0
0	0
0	0
1	226
1	226
0	26
3	58
3	34
0	0
0	0
0	0
0	0
0	0
0	0
0	1
0	1
0	0
0	1
0	0
0	0
0	0
2	154
0	158
2	149
0	4
0	6
0	8
2	3
0	12
8	11
3	96
0	24
0	25
0	30
11	41
0	24
0	28
0	70
1	76
0	27
0	61
0	35
0	19
0	21
0	29
0	5
0	0
0	0
0	0
0	0
0	0
0	0
0	0
0	0
0	0
0	0
0	0
0	0
0	0
0	0
0	254
0	425
1	292
0	425
0	9
1	195
0	197
0	76
12	20
0	37
0	17
0	16
0	24
0	24
0	7
0	0
0	0
0	5
0	1
0	5
0	0
0	44
0	44
0	2
0	2
32	77
1	69
0	10
21	9
9	3
0	1
0	537
35	529
4	105
0	241
31	17
0	14
0	5
0	3
0	81
2	71
4	67
1	8
0	11
2	12
0	1
2	0
9	4
1	77
0	6
1	6
0	42
0	13
1	42
0	0
0	2
1	2
0	0
0	0
0	0
12	40
0	0
0	40
0	4
0	4
0	3
0	4
0	2
0	1
0	3
0	1
0	0
0	0
0	119
0	0
0	120
0	12
0	4
0	2
0	24
0	1
4	0
0	119
0	0
0	4
0	0
0	40
0	111
5	23
2	18
2	283
0	283
8	55
0	49
4	20
0	38
0	11
0	35
0	18
3	0
0	5
0	0
0	0
0	0
0	0
1323	0
0	3
0	3
0	1
0	0
0	1
0	1
0	0
0	0
0	8
0	6
0	0
0	2
0	0
0	0
0	0
0	0
0	0
0	0
0	0
0	0
0	0
0	0
0	0
0	325
0	308
0	89
4	298
1	67
1	227
0	557
18	58
0	255
0	561
0	36
0	7
0	105
1	107
2	101
0	26
0	0
0	123
0	29
5	7
3	104
0	557
4	0
0	0
0	1
0	1
0	1
142	275
90	362
69	101
1	104
0	277
0	63
1	44
0	2
7	2
0	55
0	41
0	16
0	36
0	67
44	48
0	6
0	48
0	8
6	25
0	0
0	0
0	0
0	0
0	0
0	0
3	140
0	79
0	100
0	71
0	0
0	11
0	127
0	0
0	0
0	3
4	11
0	12
1	9
0	9
0	4
1	5
0	1
0	5
0	0
156	17
0	17
0	0
0	0
0	0
0	0
0	0
0	0
0	0
0	0
4	68
111	68
0	7
0	41
0	40
0	28
0	20
0	2
0	1
0	0
0	0
0	0
1	0
5	0
0	0
0	0
0	0
0	0
0	0
0	0
0	0
0	0
0	0
1	0
1	5
0	3
0	5
0	4
0	4
0	0
1	4
0	4
0	4
0	0
0	0
0	0
0	0
0	4
0	0
0	2
0	0
0	2
0	2
0	2
0	2
0	0
1	0
413	0
0	0
0	0
0	0
0	3
0	0
0	1
0	0
0	3
0	0
0	0
0	1
0	0
0	0
0	0
0	0
0	0
0	168
4	160
1	163
0	11
155	0
0	0
4	102
2	108
0	6
125	658
5	664
0	648
0	627
0	630
0	82
0	598
0	65
0	56
0	44
413	271
0	240
49	242
8	42
64	155
7	68
0	0
0	0
0	0
0	0
0	22
0	22
0	10
0	10
0	19
0	7
0	9
0	9
0	6
0	6
0	4
0	0
0	0
168	110
0	93
4	8
4	40
1604	0
0	0
0	0
0	0
0	0
0	0
0	0
0	0
0	0
0	0
0	0
0	0
3	0
0	0
38	390
75	46
0	46
0	0
0	0
0	0
24	0
8	0
15	17
1	17
0	0
0	29
0	18
0	9
0	0
0	5
5	8
3	6
0	2
0	4
0	6
0	5
0	4
0	5
0	5
0	5
0	0
0	0
0	0
0	6
0	6
0	5
0	5
0	2
0	0
0	2
0	4
0	5
0	5
0	0
0	0
0	0
0	5
0	25
23	114
2	20
1	3
0	88
0	8
2	8
0	15
0	17
0	12
1	34
6	26
1	13
0	126
0	122
0	114
0	135
0	114
0	27
0	31
9	8
0	130
0	57
0	118
2	4
0	91
0	20
0	36
393	33
0	33
15	54
0	51
0	34
0	4
0	17
0	9
0	91
0	6
0	91
9	23
0	24
17	23
0	0
2	0
2270	798
4	145
7	705
4	5
9	70
1	70
0	0
2	33
1	25
0	20
1	9
6	55
2	55
0	27
90	36
1	36
6	0
0	0
0	0
0	0
0	0
0	0
0	0
0	0
0	49
4	71
0	72
0	33
0	12
7	24
0	24
0	23
0	5
0	0
0	0
0	0
0	0
0	0
0	0
0	0
0	0
0	0
0	0
0	0
0	0
0	227
0	231
8	6
0	104
0	237
0	149
0	146
0	0
0	7
18	7
0	0
0	2
0	0
0	2
0	2
0	1
0	1
0	1
0	0
0	0
19	172
0	166
2	106
9	60
304	503
1	463
0	74
0	54
0	103
6	112
2	112
0	20
129	400
113	407
0	388
0	388
0	386
0	392
0	386
0	387
136	26
0	0
0	0
16	41
0	12
0	4
0	41
0	211
0	20
2	156
1	192
0	163
0	59
0	15
0	65
3	23
0	111
2	23
0	24
0	33
0	32
3	0
3	822
0	814
0	229
0	100
2	13
0	0
0	0
0	0
0	0
0	0
0	0
0	0
0	0
0	0
0	0
0	0
0	0
59	109
0	50
2	59
0	11
1	10
0	15
0	2
0	6
0	4
1	5
0	6
374	347
0	153
0	323
0	99
24	49
0	49
3	18
2	11
73	108
2	30
0	13
0	7
4	1
1	108
0	1
0	1
0	0
0	1
0	1
0	0
0	146
0	59
0	18
0	5
0	145
24	33
0	33
3	7
263	3606
1	330
60	954
11	2613
7	427
44	36
17	1050
1	15
0	14
0	12
0	0
0	0
0	0
0	0
0	0
0	0
10	391
0	203
0	71
0	132
0	322
0	75
0	20
0	70
0	139
0	39
217	0
3	0
0	0
0	0
0	0
0	0
0	0
0	0
0	0
0	0
8	362
0	70
3	113
3	7
2	30
0	12
0	352
0	356
0	128
0	62
0	202
0	65
4	54
0	335
10	57
7	55
0	20
0	11
0	18
0	15
0	9
0	5
0	1
0	0
152	275
0	200
3	127
0	90
3	274
0	54
1	170
4	0
0	0
0	0
0	0
284	56
22	7
0	49
0	0
0	0
0	0
0	0
0	0
1	0
0	0
0	0
18	0
0	0
0	0
0	0
19	0
0	0
0	0
0	0
0	0
0	526
53	460
0	441
6	139
0	128
0	78
0	32
1	4
0	0
0	4
0	4
0	0
5	2
0	0
0	0
0	0
0	0
0	0
0	0
0	0
976	114
0	103
33	11
4	4
0	4
0	3
0	0
0	0
0	100
110	1
0	1
0	4
0	30
3	229
2	243
0	67
1	4
0	129
0	238
0	60
24	128
1	13
0	37
0	128
1	92
8	110
0	111
0	72
0	2
0	9
1	8
7	69
195	69
0	38
0	0
0	0
2	50
0	50
0	49
0	50
0	42
0	31
0	3
0	3
0	3
0	1
0	0
0	2
0	2
0	50
0	0
0	0
0	0
118	56
0	17
2	53
2	4
3	1
13	0
0	16
0	53
1	737
0	768
1	666
2	146
0	42
21	288
20	30
32	59
3	6
0	0
0	0
0	2
0	2
0	0
0	2
0	0
0	0
0	0
0	2
7	1926
7	2123
0	537
1	68
0	552
0	391
0	367
4	262
1	779
3	51
0	489
0	0
0	0
0	3
0	2
0	1
445	0
0	0
8	90
0	40
0	0
0	0
0	0
0	0
0	0
0	0
0	0
0	0
0	0
0	0
0	0
0	0
0	0
0	0
0	0
0	0
0	0
0	0
107	390
220	0
0	0
0	0
0	0
0	0
0	0
0	0
3	57
0	53
0	45
0	0
0	2
0	47
0	3
0	2
0	45
0	6
3	17
1	0
0	0
0	0
0	40
0	48
0	54
0	28
0	28
0	4
0	0
0	2
0	0
0	5
1	5
0	0
0	0
3	199
0	221
0	215
0	177
3	136
0	0
0	0
0	0
0	0
0	0
10	77
1	77
2	361
0	224
0	29
3	35
4	284
0	22
0	40
6	9
1	0
0	0
0	0
0	0
0	0
0	0
0	0
0	0
0	0
0	0
0	0
0	0
0	0
0	0
0	0
0	1
0	1
0	0
0	1
0	0
1526	46
10	46
0	0
0	93
3	93
5	19
0	10
0	2
0	90
0	1
19	0
0	7
0	2
4	6
0	11
3	8
0	8
0	3
0	5
0	0
0	0
10	17
0	17
1	1
0	13
0	0
0	0
0	0
0	7
1	41
36	54
0	3
8	0
0	45
0	12
0	0
2	165
8	86
0	14
1	123
0	31
4	15
0	0
0	0
0	0
0	0
0	0
457	137
8	137
0	0
0	5
0	4
0	88
0	89
0	89
0	90
0	0
0	5
0	5
0	1
0	13
0	0
0	59
1	4
0	13
2	1
0	13
0	4
0	245
0	46
0	2
0	307
0	228
0	179
0	0
0	2
0	0
0	2
0	1
0	0
43	1
0	1
0	0
0	0
0	0
0	0
0	0
0	0
0	0
0	0
0	0
4	428
0	171
105	236
10	436
0	15
0	421
0	0
0	0
0	0
0	0
0	0
218	0
0	0
0	0
0	0
0	0
0	0
0	0
0	0
0	42
8	0
7	35
0	46
0	11
200	0
578	526
0	2
8	57
5	135
0	471
4	44
4	11
29	70
3	63
0	66
0	9
0	52
0	42
0	21
0	26
0	12
5	0
0	0
0	117
2	64
0	57
35	115
0	108
0	0
0	0
0	0
0	0
0	0
0	0
0	0
0	0
0	77
0	258
0	211
65	258
0	217
0	43
1	36
1	17
42	207
7	0
0	7
0	10
15	203
3	46
0	22
0	55
0	48
2	53
87	32
0	0
0	142
0	169
0	126
3	47
0	107
0	49
0	67
0	27
0	38
0	7
1	68
0	14
2	51
1	7
1	5
0	5
0	0
0	0
543	0
55	575
0	578
0	569
2	329
1	380
0	593
0	269
0	48
0	110
0	118
0	255
0	102
0	191
1	219
3	39
6	47
13	292
1	266
2	73
2	57
22	91
19	81
0	42
0	36
2	108
0	88
0	94
0	96
0	35
0	68
0	12
0	2
25	0
0	0
7	353
0	192
0	162
15	0
6	10
0	43
0	164
0	0
0	128
0	4
0	113
0	128
0	4
3	4
0	16
0	16
0	123
0	80
0	84
1	84
0	82
7	84
0	20
0	75
0	10
0	32
0	4
0	0
0	0
0	0
0	0
0	0
0	19
0	12
0	3
0	0
0	5
32	12
0	0
0	0
0	0
0	0
99	80
1	33
2	0
0	47
0	0
0	0
3	214
0	209
0	183
5	114
0	62
0	1
0	5
0	37
0	37
0	1
0	19
0	36
0	34
0	19
0	24
1	4
0	5
29	109
1	104
0	44
1	21
3	15
0	19
0	0
0	0
0	0
134	0
0	0
0	0
50	3001
0	2988
2	1504
1	540
0	0
0	0
0	0
4	328
15	325
0	20
0	42
32	88
0	3
0	0
0	0
0	0
0	0
0	0
0	0
0	359
5	683
0	666
30	404
0	498
2	2
1891	0
0	0
0	0
0	0
0	0
0	0
0	0
0	0
0	0
0	0
132	346
29	173
11	173
0	0
0	0
0	0
0	0
0	0
0	0
0	0
13	0
0	0
0	0
0	0
2	1017
0	240
2	793
0	969
17	934
0	940
0	978
2	206
0	104
0	606
3	97
232	48
0	45
0	34
0	31
52	430
5	14
5	37
1	92
0	410
0	1
0	1
0	0
0	1
0	1
0	0
0	332
3	711
0	785
0	267
6	436
0	143
1	308
36	223
0	3
0	3
0	1
0	0
0	0
0	0
0	0
0	0
5	0
0	0
732	0
56	258
0	45
4	76
0	181
0	0
5	0
2	151
60	149
5	70
1	9
23	6
0	0
0	0
178	300
0	23
0	220
0	80
176	44
0	44
0	2
0	5
4	2
7	116
1	90
0	152
1	60
0	29
10	22
147	165
1	112
4	145
2	46
17	34
0	34
4	38
0	38
0	28
0	27
0	4
1	11
0	6
3	7
0	0
0	35
0	0
0	203
2	65
0	203
0	184
0	2
0	0
76	293
2	228
1	203
0	122
0	92
3	58
0	0
1	1
0	1
51	301
0	206
0	94
0	164
0	257
0	838
12	0
0	0
0	0
0	0
0	0
104	283
0	203
0	52
4	5
0	273
0	0
0	0
0	0
0	15
0	21
0	21
44	22
3	14
0	77
0	64
0	59
0	72
0	57
0	69
2	70
0	19
0	24
0	20
0	21
0	11
0	22
133	499
0	244
1	444
0	484
0	495
5	497
0	81
5	43
316	72
1	72
0	0
0	0
0	0
51	304
1	106
0	91
0	74
0	298
1	55
0	48
4	106
2	20
0	20
0	155
6	24
48	150
3	4
5	62
0	177
0	142
0	154
1	27
1	137
0	7
4	1
0	9
5	0
0	0
0	0
0	0
1	0
0	312
0	352
15	379
0	62
0	65
0	78
23	1
0	0
44	0
0	4
2	4
96	16
0	14
2	2
0	0
0	0
19	250
0	251
0	249
0	48
13	0
0	0
6	5
0	0
0	2
0	4
0	4
0	0
0	5
0	0
0	0
0	0
1	0
59	551
6	550
1	75
0	66
2	498
9	400
0	167
4	370
48	124
0	2
0	1
0	1
0	0
0	0
0	0
0	0
0	244
0	226
1	118
0	18
1	33
9	54
0	4
0	19
0	3
0	4
1	1
9	37
1	2
0	28
3	1127
0	883
2	1054
17	1154
0	1022
14	75
20	735
0	292
4	49
10	135
7	55
6	36
0	91
3	57
0	1140
0	155
0	7
18	62
1	104
0	32
0	142
0	31
2	5
0	17
0	12
6	67
1	53
0	19
6	18
0	14
2	1
0	157
0	23
0	128
1	64
0	173
0	56
1	21
0	35
0	79
5	128
3	69
0	70
0	63
0	51
0	57
0	12
0	9
0	9
12	40
0	1
0	40
0	0
0	0
0	0
0	0
0	0
0	0
0	0
0	0
0	0
0	0
0	0
602	1918
0	1685
0	317
0	1043
0	204
4	756
0	252
10	24
0	0
0	0
0	0
0	0
0	0
0	0
0	0
0	0
0	0
4	48
2	48
25	14
0	1
0	2
0	0
1	7
0	5
0	0
7	88
0	83
0	85
0	88
0	2
0	69
27	5
0	1
0	0
0	0
0	4
0	0
232	5633
10	3479
5	5151
10	5187
4	2986
13	3875
46	0
0	55
0	54
0	33
4	18
1	23
0	4
0	2
0	53
1421	0
0	0
0	21
0	0
0	21
14	19
0	19
0	4
0	4
0	2
0	2
0	120
7	122
0	103
1	7
0	20
0	25
22	1580
1	1580
4	1581
1	1563
0	1569
0	871
2	438
0	1453
74	69
1	69
0	0
0	0
0	0
0	0
0	90
0	27
0	19
0	24
0	38
0	84
1	3
0	5
1	0
0	3
0	23
0	3
1	12
0	22
0	15
2	7
0	6
0	90
28	1318
238	1416
0	253
4	235
0	137
0	312
0	252
0	94
0	20
0	10
0	1
0	0
0	1
0	0
0	11
0	11
6	189
12	2822
14	2822
0	0
0	0
0	0
0	29
0	48
0	22
0	29
2	0
0	0
0	48
0	1
0	5
2	728
3	466
4	103
0	194
7	228
0	638
0	0
0	0
0	0
0	0
0	0
1	0
0	0
0	0
0	0
0	1
1	1
0	1
0	0
493	202
0	168
0	79
3	35
0	0
0	2
0	2
0	0
0	0
0	0
0	0
0	0
0	0
0	1
2	2
20	194
1	192
0	198
3	71
0	29
0	6
0	362
0	332
0	30
1	44
0	43
0	28
0	49
0	14
25	362
0	3189
1	3231
9	624
0	3084
0	143
0	303
11	0
0	148
3	163
22	32
10	911
0	163
0	183
22	856
1	32
21	546
0	3300
2	73
1	76
0	70
2	64
0	76
0	70
0	18
4	0
0	6
0	0
0	5
0	1
0	6
1	0
0	2
0	2
0	0
1	251
4	35
0	169
0	261
0	255
0	15
0	56
4	7
0	0
0	0
0	0
74	80
0	327
0	335
0	335
0	335
1	18
0	13
0	23
0	22
0	79
0	3
0	3
12	165
0	15
0	141
0	129
1	4
34	10
0	4
0	4
0	1
0	0
0	0
5	1
0	0
0	0
0	4
0	0
0	0
0	0
0	0
0	0
0	0
0	0
0	0
0	0
0	0
0	0
62	0
4	1
0	1
29	37
1	38
0	5
2	2
0	1
0	1
0	0
0	0
342	907
10	492
2	323
0	724
5	23
0	118
8	23
0	121
0	47
3	36
0	6
0	122
0	2
0	0
0	2
0	2
0	0
0	0
198	652
0	562
0	117
2	507
1	508
0	27
23	52
0	12
0	12
0	47
0	53
0	6
0	0
3	13
1	11
6	19
0	5
0	13
0	4
1	5
0	10
0	3
0	7
0	0
0	0
0	0
0	0
0	0
0	0
0	0
0	1
0	1
0	1
0	1
0	0
0	3
1	3
0	28
0	115
3	100
2	115
0	115
0	75
1	30
45	0
10	267
0	0
7	17
6	121
0	0
0	86
0	53
6	258
0	0
0	0
12	47
14	782
155	963
3	871
0	137
0	262
0	145
0	336
0	346
0	211
0	251
0	349
0	215
0	319
0	219
0	161
0	161
0	3
0	38
8	3
0	0
5	0
0	0
20	130
5	130
6	16
0	3
0	26
0	3
0	3
1	23
0	25
0	14
0	16
0	9
0	0
0	23
5	104
0	104
1	67
0	0
0	208
0	220
2	80
2	131
0	61
0	4
0	0
0	0
0	0
3	291
6	78
5	278
0	269
0	245
0	54
0	96
0	0
0	0
0	0
0	0
0	0
0	100
0	366
0	288
0	357
3	359
7	118
28	56
0	34
0	26
0	31
0	361
0	10
1	17
1	17
0	3
0	17
0	8
0	5
0	5
0	5
0	3
0	0
0	0
0	0
0	0
0	2
0	3
0	13
0	13
29	374
0	59
0	327
0	327
0	10
4	121
0	13
80	64
1	65
5	64
0	30
1	0
0	22
4	20
0	8
0	0
0	160
2	148
0	69
5	58
2	16
0	0
0	0
5	0
0	0
0	0
0	0
0	0
0	0
0	0
0	0
4	173
0	144
0	37
0	143
2	123
1	66
0	68
6	71
0	5
0	5
0	15
5	10
0	22
0	0
0	31
0	31
5	31
0	7
34	94
0	50
0	80
2	13
2	0
0	0
0	4
0	0
0	4
0	4
0	4
0	8
0	4
0	0
0	2
0	2
0	0
0	0
86	140
0	140
0	0
0	0
948	0
0	0
4	0
19	18
4	18
0	198
0	190
0	65
0	72
1	35
0	7
0	46
0	14
0	25
0	0
0	72
32	108
0	97
0	37
0	85
0	27
0	30
22	28
0	17
0	0
6	3
0	43
1	43
3	34
0	34
0	40
1	48
0	48
0	16
3	43
0	3
4	5
0	0
0	179
7	179
10	106
0	0
0	0
0	0
13	67
0	65
0	0
0	3
0	3
3	8
0	0
0	13
0	19
0	8
0	0
3	0
236	24
0	24
12	12
0	12
0	3
3	167
0	135
0	107
1	78
0	61
7	0
2	170
0	135
1	0
1	26
0	15
0	146
0	158
0	0
1263	962
0	181
3	447
3	306
10	325
0	244
0	0
0	0
0	0
0	192
8	57
0	171
12	187
14	173
0	184
0	9
0	8
3	32
0	32
13	71
0	0
0	0
0	0
0	0
0	0
0	0
0	0
0	0
0	2
0	0
0	51
1	46
0	23
0	21
0	48
0	23
0	10
0	8
0	16
0	2
0	11
0	4
0	0
0	1
0	0
0	0
0	4
0	8
0	8
0	8
2	1
601	565
4	196
0	303
0	302
6	196
39	18
0	18
108	52
0	37
2	52
0	0
0	0
0	0
0	0
0	0
0	7
0	13
0	43
0	43
0	12
0	2
0	43
11	210
8	208
3	70
0	31
2	32
0	3
1	0
0	4
0	0
42	3
3	3
12	29
0	29
0	0
0	0
0	0
0	0
0	0
0	0
0	0
0	4
0	2
0	3
0	4
3	107
15	123
0	83
0	16
28	37
0	37
0	3
0	2100
0	16
0	92
0	2124
0	2
0	2133
0	1143
7	1092
1	81
0	1157
0	2126
0	1139
0	2112
0	0
0	0
0	0
84	255
0	157
0	206
0	201
0	136
0	257
0	132
5	184
0	30
464	473
1	314
4	169
0	0
0	30
0	29
0	4
0	0
41	57
0	61
0	57
0	59
12	4
42	183
107	217
2	175
0	167
1	165
0	64
17	60
14	57
0	52
2	38
0	39
0	388
9	352
0	378
24	55
0	365
0	55
6	375
0	0
17	3
0	3
1	3
3	317
0	212
0	36
0	22
0	9
0	319
1797	128
1	86
17	45
29	37
905	504
0	209
0	295
0	0
0	0
0	0
0	0
0	0
0	0
0	0
0	0
0	5898
27	8404
3	6852
10	3974
18	3830
0	4119
4	2518
0	8417
52	0
25	5643
0	3914
0	2029
1	5634
15	834
0	2320
0	2337
20	2967
0	486
0	1175
8	1324
189	0
0	12
0	6
0	8
0	1
0	0
0	297
0	15
0	56
0	309
0	32
0	266
0	1
5	1
0	9
0	295
4	287
0	56
0	16
1	171
0	13
0	3
0	137
0	148
0	190
1	201
0	140
0	185
0	19
0	45
0	17
0	1
0	1
4	12
0	6
5	6
0	0
4	28
12	26
2	2
52	67
0	23
1	29
1	63
0	39
1	32
0	0
0	27
0	27
95	88
0	88
0	1575
142	2591
1	1271
0	1706
3	299
9	1706
1	431
9	977
7	501
58	829
732	176
17	56
0	10
0	10
0	0
0	0
5	330
1	278
5	64
0	7
0	3
0	5
6	494
0	455
0	542
0	32
4	94
1	208
0	57
296	0
1	0
8	301
14	301
0	3
0	4
0	6
0	57
0	22
2	7
42	39
0	7
0	9
0	39
0	11
0	3
0	7
2	195
0	38
0	194
0	126
0	195
0	192
0	3
0	6
0	17
0	2
0	11
0	0
1	11
0	8
3	0
0	7
0	10
8	4
0	0
0	0
0	0
0	0
0	0
0	0
0	0
4	0
1	0
0	0
0	0
0	0
23	14
0	14
6	0
0	6
0	0
0	0
821	0
0	1
0	5
0	4
0	0
0	1
0	3
0	3
14	0
0	121
0	0
0	0
0	0
0	0
0	0
17	74
5	0
0	31
0	30
1	43
1	2
0	0
30	32
0	17
1	32
0	5
0	5
0	5
0	5
0	6
0	0
193	0
0	0
2	0
0	15
3	49
0	23
0	50
0	17
0	66
0	64
1	5
0	11
0	66
0	60
0	236
0	237
1	253
0	226
6	253
0	8
0	19
7	24
1	12
2	1
0	0
2	13
12	166
3	166
0	20
0	40
0	0
0	0
0	14
0	113
0	141
0	97
3	0
0	8
1	1
0	0
0	0
0	0
5	36
0	36
22	52
4	21
0	39
0	0
0	2
0	52
0	0
0	0
0	0
0	0
0	0
0	0
0	0
48	14
0	0
2	0
0	0
0	0
0	0
0	0
0	0
0	0
0	0
0	0
0	0
0	0
0	0
0	0
0	0
2	0
0	0
0	0
0	0
0	0
1	31
0	10
0	31
0	4
0	4
0	3
0	50
3	0
32	39
0	26
0	42
0	5
3	11
0	0
0	0
0	0
0	0
0	0
0	0
0	0
0	0
73	0
6	13
0	7
1	2
0	13
4	10
0	4
0	10
0	1
0	0
0	2
0	2
0	2
0	0
0	0
0	0
0	0
0	66
21	65
0	38
0	65
2	3
0	3
0	0
0	0
0	0
0	0
0	0
0	0
0	0
0	0
70	0
0	0
0	0
0	0
2	0
240	238
0	16
0	237
10	1
6	46
5	10
0	46
0	0
0	0
0	0
0	0
0	0
0	0
0	0
0	0
0	0
0	0
6	0
0	0
0	0
0	0
0	0
0	0
0	0
0	0
0	0
0	0
0	0
495	2198
3	550
8	861
21	1494
5	1249
94	0
3	0
0	0
0	0
438	782
3	1034
0	412
19	56
0	0
0	0
0	0
0	0
390	0
641	1245
7	31
2	7
0	314
0	139
4	167
2	264
0	159
3	387
3	94
11	94
0	15
21	0
21	0
14	1460
64	1408
7	1345
0	139
0	878
23	3
1	110
121	0
0	87
1	41
0	0
3	0
0	87
54	1
0	0
0	19
0	19
0	0
0	0
0	14
1	3
0	2
0	2
0	19
0	18
0	5
0	2
0	11
0	3
1	1
0	1
0	4
0	4
0	4
0	4
0	4
0	19
0	19
67	394
3	91
0	138
0	31
3	12
0	10
10	53
23	0
0	0
0	8
138	32
0	0
0	14
5	0
2	11
0	0
0	0
0	0
169	12
0	2
0	7
0	10
0	0
0	0
0	0
0	0
0	0
0	0
0	0
0	0
0	0
0	0
32	1305
0	146
17	54
669	1286
0	755
0	734
151	211
0	193
1	30
0	0
0	12
1	12
3	29
0	11
0	30
0	30
0	31
0	20
0	5
1	3
0	1
0	1
0	30
186	47
0	47
0	2
0	2
0	2
0	0
0	0
0	2
0	0
0	0
21	6
0	9
1	9
0	4
3	48
0	45
0	24
2	44
0	21
0	41
0	23
0	19
1	31
2	14
0	10
0	19
0	9
2	9
0	9
0	5
0	1
0	19
0	51
0	88
0	77
0	78
1	13
0	9
0	13
1	41
5	41
2	23
0	88
0	0
1	0
1	17
1	5
0	9
0	16
0	17
0	15
0	0
0	3
0	7
0	7
0	7
1	0
0	73
0	6
0	31
0	20
0	0
0	3
0	70
0	6
0	4
1	5
0	1
0	0
0	0
0	1
0	1
0	1
0	1
1	0
0	0
1	0
0	0
0	0
7	289
0	265
0	310
0	0
0	0
0	7054
0	7054
0	118
0	122
0	110
1	25
4	53
0	21
0	5
0	16
4	7
0	3
1	0
0	1
0	1
0	1
0	1
0	1
0	1
0	0
0	0
0	0
0	0
0	0
0	6
0	6
0	0
0	1
0	2
0	0
0	0
72	3
0	0
4	3
37	128
0	18
0	17
1	20
0	20
0	18
0	11
0	11
0	12
0	0
0	1
0	0
0	0
0	2
0	0
0	0
0	1
0	81
51	96
0	62
0	84
1	92
0	8
0	16
0	15
0	4
0	88
0	51
0	83
0	76
5	0
6	6
0	18
0	0
0	0
78	68
0	46
1	4
2	25
1	38
1	26
0	10
0	9
0	11
0	0
0	11
0	0
0	0
0	0
0	0
0	0
19	451
8	447
2	103
3	51
26	0
46	114
3	36
2	78
4	0
0	0
0	0
0	0
0	35
0	36
2	124
1	117
0	30
3	3
0	8
0	3
0	906
0	782
0	897
0	544
0	14
0	79
3	880
29	1806
2	510
1	865
0	1615
0	226
357	1174
1	133
1	104
0	185
0	122
6	124
0	136
9	40
2	137
0	265
648	137
0	169
3	142
0	76
7	143
1	58
0	4
0	3
0	2
0	2
0	3
0	2
0	2
0	2
0	0
0	0
0	0
0	0
0	0
8	38
0	38
0	27
0	21
0	20
0	10
0	11
0	235
0	318
0	313
0	95
3	288
0	45
2	249
0	244
0	158
0	288
0	163
14	109
1	100
53	66
0	28
0	15
0	36
0	30
0	46
0	32
0	33
0	31
0	11
0	0
0	15
0	20
0	11
0	16
3	11
0	2
0	4
3	37
0	0
0	46
0	1
0	36
7	46
2	42
0	9
0	0
0	0
0	0
0	0
0	0
0	0
0	0
0	0
0	0
0	0
0	0
0	0
0	0
0	0
0	0
0	0
0	0
28	0
17	185
0	173
0	179
0	187
0	19
0	4
2	2
0	10
0	637
0	794
8	19
0	638
44	0
0	724
104	3
5	409
4	62
40	77
0	139
0	724
0	0
0	0
0	0
0	0
0	0
0	0
0	0
0	8
0	1
0	8
0	1
0	3
0	7
0	3
0	10
0	8
0	7
0	0
0	0
0	3
7	339
0	340
0	330
0	147
0	54
0	96
0	107
0	87
0	58
0	14
2	22
0	1
0	1
0	0
0	338
0	0
0	0
0	0
0	0
930	6230
0	48
0	48
1	48
0	45
0	8
0	8
0	5
1	7
0	7
0	5
0	3
0	0
0	0
0	3
0	0
0	3
70	134
0	163
0	18
0	47
0	0
0	3
0	158
0	5
108	7396
9	5484
18	6072
5	6315
3	6910
3	3220
2	5184
3	3227
2	126
0	21
0	0
0	0
31	12
0	7
9	5
9	0
0	2092
3	7622
10	5494
17	2341
0	5597
13	3232
0	8
0	8
0	0
32	62
0	17
0	9
0	5
0	40
0	6
0	66
13	9
0	60
31	58
0	58
0	7
6	1
7	3
0	1
0	0
0	113
0	68
0	100
0	70
0	84
0	21
4	0
0	80
1755	1288
0	451
0	963
2	508
0	126
9	174
4	261
8	130
27	46
0	0
0	0
0	0
0	0
0	0
0	0
0	0
0	0
0	0
142	34
0	34
1	599
0	247
22	409
52	373
16	357
0	61
0	143
2	19
3	104
0	0
6	40
0	2
0	3
0	2
0	2
0	1
0	1
1	0
38	4
0	4
0	0
0	0
0	0
0	0
2	9
0	9
0	1
0	0
0	1
0	0
0	3
0	3
315	969
21	652
0	104
4	46
0	203
0	195
0	110
0	0
3	15
0	2
0	13
0	0
1	1
0	31
0	0
0	5
0	5
0	5
0	31
0	31
0	31
16	62
2	0
9	13
0	22
13	5
0	17
4	12
3	23
9	17
0	0
21	2371
158	2766
0	1246
0	1319
10	800
7	581
9	153
10	146
0	79
27	57
0	73
0	29
14	9
1	27
1	23
1	7
10	12
0	23
0	0
0	0
0	0
0	0
0	0
0	0
0	253
0	66
0	318
86	0
0	2
0	1
0	1
0	0
0	1
0	1
0	1
0	1
0	1
0	73
1	0
0	65
0	0
1	68
0	68
4	2
3	0
0	5
0	58
0	26
0	0
1077	353
5	156
4	211
0	211
7	211
0	142
1	114
23	93
0	0
0	0
0	0
0	1
0	0
0	0
0	0
0	0
0	1
0	0
0	0
67	21
0	21
0	8
0	2
0	2
0	2
0	2
0	0
0	0
0	2
0	2
0	2
0	2
0	2
0	0
0	0
0	0
0	0
0	1
0	0
0	1
0	0
0	0
0	0
0	0
54	83
17	83
0	30
0	15
0	33
0	0
0	0
8	3
0	3
0	34
0	453
4	431
3	14
2	127
0	130
0	1
0	10
6	57
4	88
1	5
10	28
0	0
0	28
0	4
0	31
0	7
0	28
0	3
0	0
0	0
0	0
0	0
0	0
0	0
0	0
0	0
0	0
0	0
0	0
0	0
0	28
0	31
0	46
0	41
0	15
0	9
0	20
0	0
0	0
0	0
0	0
0	0
0	0
0	0
0	0
0	0
0	61
2	12
1	79
7	90
0	57
2	0
0	40
0	5
14	9
1	1
0	0
0	0
0	0
0	0
0	0
0	0
0	0
0	8
0	0
0	6
0	8
0	8
0	0
0	0
0	0
0	0
0	2
0	2
0	2
24	16
3	16
0	5
7	66
2	66
0	0
0	0
0	0
0	0
0	0
0	0
0	0
0	0
2	2
0	5
0	0
0	3
0	3
3	10
0	10
0	10
0	9
0	12
0	12
0	0
0	5
0	5
71	134
0	124
0	43
1	51
1	114
0	67
1	85
0	54
0	40
22	49
0	21
2	48
0	0
0	0
0	0
0	0
0	0
0	0
0	0
0	1
0	0
0	1
0	1
0	1
0	0
0	1
0	1
9	0
0	0
14	130
0	19
1	25
0	1
0	1
0	1
0	1
0	123
286	241
1	165
0	85
3	37
9	153
13	60
0	0
8	14
0	7
0	35
1	2
0	41
0	14
6	10
32	777
6	505
1	354
0	365
0	323
2	256
0	132
3	71
0	67
22	118
0	102
0	0
0	0
0	0
0	0
0	0
0	3
0	2
0	2
1	3
0	28
0	110
0	20
0	86
0	15
1	107
42	681
15	1027
1	1027
0	78
21	105
0	15
4	10
0	1027
272	300
1	160
0	165
0	17
0	263
3	70
1	158
0	0
0	0
0	0
0	0
0	0
0	4848
6	5038
4	3259
16	4201
9	243
0	3657
0	0
0	0
0	0
0	0
0	0
0	0
0	0
0	0
0	0
0	0
0	0
0	0
27	161
32	941
0	144
0	945
3	86
2	75
0	104
4	90
21	87
0	8
0	12
0	9
3	29
0	40
0	8
0	32
0	21
0	27
0	17
0	0
0	0
0	0
0	0
108	3
0	3
0	10
0	117
1	342
8	347
16	120
1	9
0	44
34	0
39	177
42	132
0	24
1	344
0	5
0	243
1	237
10	236
3	59
4	7
3	11
9	14
0	4
0	0
0	0
0	0
0	0
0	0
0	0
0	0
0	0
0	152
277	970
1	938
3	138
0	217
0	0
4	2
0	0
2	9
1	9
167	174
3	132
1	76
0	21
2	0
0	0
0	178
0	178
0	30
0	40
0	0
1	3
209	167
6	39
0	165
2	124
0	3
36	47
0	47
0	0
0	0
0	14
0	55
2	26
3	14
0	9
0	4
7	20
0	16
0	55
0	118
0	12
0	121
0	36
0	14
6	11
0	63
0	8
0	7
0	0
0	14
0	14
1	288
12	288
3	289
0	66
3	10
13	1
0	15
19	0
0	9
0	0
0	0
0	0
0	47
6	19
0	3
0	45
0	21
0	5
234	695
11	695
6	98
4	26
1	31
0	68
0	62
0	25
0	34
0	25
4	320
3	322
3	244
11	14
0	49
0	16
0	0
0	0
0	0
0	113
0	101
0	113
0	113
1	102
0	31
0	34
0	24
1	10
0	14
3	6
1	2
0	115
0	115
1	0
0	0
10	16
2	15
11	4
0	280
5	97
0	278
0	4
2	85
2	13
3	9
7	192
0	546
0	121
0	10
0	474
0	361
0	70
0	0
0	0
0	0
1413	0
0	0
0	0
7	4
0	0
0	18
6	21
3	6
0	0
0	1
0	1
0	0
63	0
95	155
6	28
0	121
2	134
3	85
3	39
0	6
1	1
83	135
0	0
1	135
12	8
0	0
0	53
0	39
3	32
0	8
1	0
0	34
225	86
0	77
0	73
0	25
0	30
0	25
2	20
1	9
19	9
0	0
39	1277
0	827
0	1268
0	73
1	1211
29	14
0	157
0	77
132	203
11	36
4	0
12	319
0	0
147	0
0	0
0	558
29	76
27	44
0	546
0	1
0	30
7	0
5	140
29	339
1	352
4	97
0	92
0	54
0	326
0	0
40	50
1	0
2	6
0	23
0	0
34	26
2	31
0	36
0	21
7	20
0	0
0	0
0	0
0	0
0	0
0	0
0	0
0	0
1	0
5	128
9	0
17	16
0	128
0	13
2	11
6	0
0	13
0	16
0	0
0	0
0	0
0	0
0	542
7	66
0	156
0	132
25	346
0	271
2	27
0	3
0	5
2	86
0	0
0	0
0	0
0	0
1	117
191	228
0	62
0	121
2	0
1	97
0	0
0	0
79	325
23	252
0	3
8	54
0	53
5	54
0	55
0	15
0	2
0	0
0	1
0	0
0	0
0	0
0	0
0	0
0	0
36	281
0	203
0	167
1	14
0	124
0	127
1	124
0	87
0	60
2	55
5	30
415	280
2	257
0	231
18	1107
0	1107
0	162
2	148
10	35
0	0
0	0
0	0
0	0
0	0
9	3
3	3
0	0
0	0
0	0
0	0
0	0
0	0
0	0
0	0
0	0
0	0
0	0
0	0
0	0
0	0
1858	981
44	212
0	883
12	239
0	1
0	1
0	1
0	0
0	0
0	0
0	0
0	0
0	0
0	0
0	0
0	0
0	0
0	0
0	0
0	0
0	0
0	0
0	0
0	0
0	0
0	0
0	0
0	0
0	0
0	0
0	0
33	4
0	0
0	4
0	0
8	0
0	0
0	0
0	0
0	0
0	0
0	0
0	0
0	0
0	0
0	0
0	0
86	57
0	8
0	15
0	34
0	10
0	4
0	15
3	9
0	8
0	125
0	8
0	4
0	4
0	4
0	4
19	119
0	119
18	0
0	14
5	108
12	61
20	166
0	624
14	604
0	112
0	540
1	28
17	78
0	4
0	1
0	3
0	6
0	4
0	1
0	6
0	0
0	0
0	0
0	0
19	489
0	1779
0	121
0	1315
19	18
0	112
2	305
0	279
0	268
0	13
3	19
0	46
40	46
0	1
0	2
0	14
0	4
0	70
0	70
0	9
1	4
0	0
0	0
8	0
10	92
108	157
6	92
0	22
6	65
2	18
73	1199
0	39
0	51
1	36
0	1154
1	14
8	61
31	17
2	54
4	144
0	58
0	107
7	18
0	46
0	0
0	0
0	0
0	0
0	0
0	0
3	193
0	146
0	166
2	145
2	118
2	56
2	20
0	0
0	0
0	0
0	0
0	0
0	0
34	72
1	72
0	0
0	0
13	38
164	32
29	38
0	13
0	78
0	79
0	0
308	1030
0	839
9	34
3	112
2	34
0	79
4	121
0	46
9	160
0	0
0	0
0	0
0	5
2	9
0	15
0	2
0	12
0	13
0	4
1	2
0	1
0	2
2	4
0	0
0	3
0	3
0	0
0	2
0	0
0	0
0	0
0	225
4	87
0	117
5	25
1	56
66	331
0	382
0	0
0	320
0	317
0	67
0	100
0	61
0	76
0	59
0	9
1	4
0	45
0	0
0	0
0	0
0	0
0	27
1	26
0	27
0	1
0	0
0	0
0	0
0	0
0	0
36	16
2	0
0	15
0	11
2	3
0	10
0	7
0	3
0	36
0	0
0	638
0	445
493	638
6	18
0	9
0	53
2	56
16	7
159	0
0	0
0	0
0	590
0	105
0	159
0	460
0	343
0	385
7	223
0	180
3	103
3	19
0	41
0	103
1	30
0	79
0	45
1	50
0	27
0	36
0	18
1	4
5	23
0	29
0	24
2	28
0	0
0	0
0	0
0	0
0	0
0	0
0	0
0	0
0	0
0	0
0	0
0	0
0	0
0	0
0	0
0	0
19	148
0	146
2	15
0	2
0	0
0	1
0	32
0	24
0	27
5	28
0	0
0	0
342	336
12	261
7	45
0	75
0	0
0	0
0	0
0	0
0	0
0	0
0	0
0	0
0	0
0	0
0	0
0	0
0	0
0	45
79	1065
0	1063
0	1182
20	973
0	928
6	131
0	468
0	1201
6	319
0	317
0	14
9	303
6	226
13	225
11	40
0	0
0	0
0	0
0	0
0	0
5	620
3	54
16	123
1	478
0	566
0	561
3	42
0	53
0	15
1	48
72	17
0	3
0	14
0	0
13	27
0	27
0	140
0	17
0	23
0	12
0	99
0	85
0	2
0	11
0	0
0	0
0	0
0	0
0	0
0	0
0	0
0	0
0	0
0	0
0	0
0	0
1	228
10	75
0	0
2	80
0	223
0	33
0	0
0	0
0	0
0	0
0	1
0	1
0	283
31	0
769	487
13	69
45	170
9	82
18	41
13	49
7	122
63	145
6	145
0	0
40	268
0	268
0	0
0	0
0	0
0	0
0	104
0	104
0	104
22	3
0	3
0	0
0	0
0	0
0	0
0	0
0	0
0	0
0	60
3	60
0	33
0	23
0	4
0	38
0	18
15	68
0	68
1	42
0	0
0	0
0	5
0	5
0	5
0	0
0	0
4	0
0	5
0	5
0	0
0	2
0	2
0	0
0	0
0	0
0	123
164	128
5	124
5	268
0	268
0	191
0	147
4	55
0	48
0	44
0	43
0	0
0	0
0	87
0	93
0	94
2	19
3	1
0	88
0	0
0	0
0	0
0	0
0	1
0	1
0	0
0	0
0	0
0	0
0	443
16	268
0	385
0	446
0	124
4	440
1	295
0	23
2	16
0	13
8	11
0	4
1	22
0	0
0	0
0	0
0	0
0	0
4	160
1	52
1	15
3	480
0	788
17	778
2	43
0	49
0	166
39	66
2	56
3	74
1	168
2	40
70	2932
33	2564
0	2896
0	2674
756	2893
25	469
12	449
0	435
5856	604
0	149
0	136
4	0
5	19
38	19
6	286
0	63
2	1
14	41
0	380
0	4
0	4
0	195
0	376
0	0
13	4
1	4
4	1
0	1
0	0
0	0
0	220
15	220
0	3
0	4
0	4
0	2
0	2
0	2
0	2
0	2
0	1
0	0
0	0
0	0
0	0
0	0
62	83
0	58
0	24
0	41
0	41
0	20
0	20
0	0
0	17
0	10
0	18
0	41
0	0
0	0
0	17
12	92
0	92
0	16
1	10
0	14
0	24
0	0
0	309
0	294
0	199
6	139
15	309
0	0
0	0
0	2
2	152
0	2
0	17
0	15
0	152
3	2
0	0
0	18
0	15
0	12
3	14
0	21
0	18
0	11
20	84
0	84
0	0
0	0
5	104
4	148
0	148
1	96
0	95
0	44
0	278
0	43
2	259
0	36
0	157
0	80
0	26
0	25
0	0
0	1
0	1
0	1
0	0
0	0
0	0
0	30
0	30
0	30
0	29
0	9
0	8
0	9
0	5
0	0
0	1
0	1
0	187
0	113
0	176
0	168
10	162
0	49
0	58
0	20
0	191
0	0
0	0
0	0
0	0
0	0
0	0
0	0
0	0
41	260
0	222
2	67
0	34
0	38
0	0
0	0
0	0
0	50
0	54
1	49
0	68
0	68
0	5
0	54
1	5
0	50
0	68
0	66
0	72
0	35
0	4
0	50
0	3
0	1
3	136
0	0
4	107
0	1
0	107
0	8
0	7
0	154
0	148
0	75
1	33
0	35
0	4
2	275
0	2
0	0
26	243
5	32
7	8
1	1
1	11
5	229
2	135
3	129
5	138
0	0
931	315
28	315
0	224
70	46
2	20
1	16
3	12
0	217
0	231
0	67
1	34
0	21
1	39
0	20
0	67
2	55
0	24
173	284
2	60
1	74
0	119
0	45
0	159
2	104
1	158
0	22
0	57
0	72
0	63
3	51
1	48
0	33
0	55
0	50
0	40
0	19
0	19
168	95
0	49
0	45
2	24
0	0
0	0
0	0
0	0
0	14
0	17
0	3
0	3
0	8
0	4
0	311
4	366
0	0
0	0
0	0
7	74
0	109
2	893
10	3
0	22
0	892
0	75
0	896
26	5
0	27
0	25
0	7
0	3
0	5
1	2
2	2
2	2
0	0
28	100
26	175
1	59
0	161
0	146
0	33
0	30
3	51
0	45
0	49
1	8
0	32
0	4
0	0
27	87
4	87
47	61
0	8
2	53
0	1
0	1
0	0
0	0
0	0
0	0
9	0
0	11
0	18
0	17
0	18
0	14
0	11
0	4
2	1
0	0
2	13
632	335
0	16
0	48
2	65
0	79
1	87
0	42
0	2
0	2
0	0
0	0
0	2
0	0
0	0
0	0
1	397
0	391
0	384
3	6
0	147
2	45
0	0
0	0
0	163
4	3
0	3
0	2
0	31
0	34
0	7
0	1
3	5
0	10
0	17
0	0
0	0
0	0
0	0
0	8
0	6
0	8
0	10
0	12
0	1
0	11
0	0
0	14
0	17
0	11
1	8
0	0
0	7
3	7
0	35
180	223
0	223
0	0
382	0
0	83
0	78
0	41
0	23
1	25
2	71
13	3
11	4511
0	0
0	26
0	0
0	26
0	0
0	21
0	19
0	0
0	0
0	21
0	26
0	1
0	138
0	146
16	0
0	60
0	46
0	14
1	6
0	108
0	86
13	12
0	14
1	103
4	75
0	22
1	39
0	17
8	142
1	131
1	91
1	47
0	21
3	0
2	170
21	201
2	43
1	155
0	87
1	16
1	13
0	3
6	46
0	154
0	18
0	34
0	33
0	5
0	5
0	5
0	7
0	1
0	1
0	35
0	18
0	0
0	1
0	59
10	14
0	10
0	62
3	72
1	20
0	38
0	59
0	17
0	18
0	22
0	29
0	18
0	24
0	5
2	18
0	12
0	15
0	8
0	14
25	0
0	137
0	137
0	116
1	15
3	106
0	20
0	24
1	23
1	5
0	13
0	3
2	500
0	488
3	331
2	171
0	16
0	113
31	45
3	45
1	1
2	275
0	295
12	289
29	23
0	0
0	0
0	0
3	39
0	30
1	32
0	6
0	7
0	3
0	5
0	20
0	6
0	20
0	0
0	0
0	2
0	0
0	1
1	2
0	2
0	2
0	1
0	6
0	4
0	6
0	0
0	0
1	0
5	0
0	0
0	0
6	156
1	34
0	147
0	147
0	156
0	156
0	0
0	0
0	0
0	0
0	0
0	4
0	4
0	1
2	5
4	14
0	9
0	5
0	0
0	5
0	1
0	0
2	0
80	53
0	28
0	15
0	16
0	156
0	118
0	47
0	156
0	0
0	0
0	2
0	0
0	0
0	0
0	0
0	0
0	0
0	2
0	0
0	0
0	0
0	0
0	0
0	1
0	1
0	0
0	0
0	636
55	379
0	606
0	655
0	325
0	290
2	330
0	290
0	299
1	389
0	132
0	103
222	91
0	52
0	39
2	16
0	8
1	9
0	8
0	1
0	1
2	86
0	87
7	84
0	71
0	3
219	133
0	41
0	36
0	110
0	92
3	9
0	15
0	49
0	48
0	8
0	12
23	12
0	2
0	11
10	0
951	518
8	424
8	187
0	605
22	30
87	798
0	54
0	50
0	798
0	8
0	9
0	4
0	3
0	3
0	3
0	3
0	2
0	1
0	2
0	3
0	1
0	0
0	0
0	1
3	2
2	2
0	2
0	26
2	30
0	39
0	27
0	44
0	35
0	432
0	433
6	93
3	8
11	32
0	94
0	73
0	1
30	10
0	0
0	0
1485	359
10	227
0	65
55	11
0	69
7	55
4	256
0	93
0	304
0	137
14	143
0	165
0	181
0	77
0	149
25	149
7	0
0	72
2	29
0	1265
0	566
31	23
0	213
5	285
5	439
0	4
0	263
0	1173
0	316
0	0
1863	1141
11	1137
3	10
3	337
421	4173
28	4136
1	287
6	387
8	243
2	288
2	255
4	497
3	761
1	430
0	559
0	405
13	149
9	76
0	0
1	1
0	1
0	0
0	0
0	0
0	0
1805	0
1	142
1	303
3	40
9	18
0	167
0	37
0	157
0	12
0	4
2	9
0	7
0	4
0	0
0	1
5	3
0	0
0	2
0	1
0	1
0	3
0	5
0	4
0	0
0	0
0	0
0	0
0	0
0	0
0	0
149	363
0	367
1	169
0	0
0	131
4	108
0	28
2	33
0	0
0	0
0	0
0	0
0	0
40	1063
2	1099
1	800
0	103
0	143
8	72
0	2
0	2
0	0
0	0
0	0
0	0
0	12
4	291
0	0
0	0
0	0
0	0
0	0
0	0
0	0
0	0
0	0
0	0
0	0
0	0
0	0
0	0
0	0
0	0
149	530
2	231
2	184
0	266
1	39
3	14
0	9
248	537
0	471
8	239
0	180
2	56
0	118
2	84
420	34
0	32
0	19
0	28
24	2
114	223
0	181
1	181
2	9
0	9
0	0
0	9
0	2
1	198
14	192
0	177
1	101
0	9
0	42
2	132
25	7
36	0
78	3
0	65
0	65
0	65
0	0
78	131
0	54
3	124
0	49
1	131
0	14
0	0
0	0
0	3
0	3
0	0
0	0
0	0
0	0
0	635
6	736
0	682
0	650
0	834
12	124
3	362
0	80
0	83
0	724
11	668
2	704
0	70
0	88
0	88
0	88
7	4
6	6
3	19
0	17
0	10
35	341
13	351
0	305
1	57
0	15
7	88
0	27
0	90
0	91
0	91
2	91
0	83
0	60
0	29
0	15
0	18
0	9
5	52
0	52
2	43
0	34
0	26
0	1
11	1
4	0
0	0
0	0
0	0
0	0
0	0
0	0
10	125
4	122
0	12
0	11
0	16
32	0
1	993
8	1230
5	1065
24	0
3	1079
7	170
1	3
0	131
0	161
0	43
0	43
0	0
0	0
37	336
9	336
42	29
0	73
9	0
0	38
0	0
0	0
0	0
0	0
0	0
0	0
7	360
2	422
0	414
8	1
3	228
1	428
150	247
1	12
0	159
0	151
15	6
2	6
0	3
2	2
0	0
0	245
10	98
2	135
6	64
10	102
0	4
0	2
1	1
0	3
0	1
0	0
0	0
0	0
0	0
0	339
4	316
0	264
0	236
0	191
12	154
0	40
0	30
2	39
0	7
0	0
10	6
0	0
2	16
6	305
93	47
2	44
2	1
0	8
0	2
6	8
0	2
2	3
0	1
0	1
0	0
0	0
0	7
0	8
0	5
0	4
0	0
0	0
0	0
0	1
0	1
0	1
0	0
0	1
11	0
0	0
0	0
0	32
1	41
0	41
0	31
0	8
0	0
0	0
0	12
0	9
0	18
0	32
0	86
0	86
0	86
0	62
0	62
0	62
0	44
0	48
0	36
0	11
0	129
22	129
6	5
6	0
0	0
0	0
0	5
0	0
1	4
0	0
0	1
0	0
0	0
220	0
0	0
0	2
0	0
0	0
0	0
0	0
0	0
0	2
0	0
0	0
0	0
0	0
0	0
0	0
0	0
0	0
0	5
2	5
0	0
0	0
0	133
0	139
0	10
0	44
0	134
0	0
0	0
0	12
0	2
0	12
0	11
0	10
0	4
0	11
0	12
0	9
0	6
0	6
0	4
2	3
0	2
1	0
0	0
0	2
0	1
85	118
4	100
0	2
0	24
0	7
0	35
0	10
0	0
0	1
0	2
0	0
0	0
0	1
1	2
2	2
166	2
63	37
0	19
0	5
0	13
0	16
0	12
0	6
0	7
303	357
4	60
0	92
0	31
3	10
0	78
0	158
0	143
0	8
0	103
116	204
13	185
0	200
0	40
0	63
0	28
0	0
0	0
0	0
0	0
0	0
0	0
0	0
0	0
0	14
0	14
0	14
0	0
1	11
0	0
0	0
0	20
11	20
6	27
0	4
1	27
27	34
0	32
0	31
0	13
0	20
1	16
0	3
0	788
57	787
5	92
2	112
5	71
0	0
0	0
0	0
0	0
0	0
0	0
0	0
0	0
9	62
0	54
0	60
0	59
0	9
0	0
0	0
0	0
0	0
0	0
0	1
0	1
0	1
2299	295
2	125
0	108
0	0
0	181
0	182
0	173
18	5
0	2
0	5
1	0
0	0
0	1
0	1
0	0
5	0
44	193
0	163
3	155
0	166
0	189
4	179
0	179
1	183
18	29
0	24
0	25
0	20
0	21
0	160
0	0
0	0
0	0
0	0
0	0
0	0
0	0
0	0
0	0
0	0
2	64
6	64
0	6
0	18
1	62
1	95
15	44
1	87
0	62
0	93
0	68
1	93
0	66
0	94
0	17
0	13
0	4
0	15
0	1
5	13
0	0
0	0
9	0
15	0
0	37
0	37
0	17
3	8
0	13
0	0
0	0
3	37
34	0
0	0
0	0
0	0
0	0
93	106
0	94
1	106
0	85
2	0
0	0
0	0
0	0
0	0
0	0
0	0
0	0
0	0
0	0
0	0
0	0
85	0
0	4
0	0
0	2
0	2
0	2
0	2
0	0
0	0
0	0
0	0
0	0
0	0
93	32
3	1
2	31
410	280
2	280
0	88
133	574
7	566
0	144
5	102
0	404
0	519
0	541
0	519
0	80
19	0
10	71
6	120
20	0
4	58
0	656
0	556
0	0
0	0
20	135
9	131
8	30
0	25
0	33
3	22
0	29
0	0
0	0
0	0
0	0
0	0
0	0
38	49
1	10
3	6
8	40
0	61
15	127
0	65
1	106
0	101
0	28
0	3
0	2
0	0
0	2
0	1
0	0
0	0
0	0
0	0
0	3
0	204
0	0
2	72
0	6
0	205
0	19
0	26
9	170
0	206
5	9
2	13
0	3
1	24
0	17
1	10
2	14
0	18
3	20
0	13
0	204
0	0
0	0
0	0
0	0
0	0
0	0
0	149
1	149
0	149
0	6
0	0
0	0
0	0
0	0
0	0
0	0
0	0
1	5584
4	0
0	0
4	3565
821	3703
14	778
0	3569
27	814
0	2693
0	2715
215	44
2	44
0	48
0	33
17	58
0	58
0	53
0	2
0	0
0	4
0	0
0	0
5	92
0	10
0	85
0	6
0	4
0	92
0	0
6	92
778	537
2	110
1	281
5	99
0	537
0	0
0	0
0	0
0	0
0	0
14	654
0	666
2	48
0	119
2	30
0	226
0	655
2	0
78	609
2	56
0	609
0	0
4	81
220	277
0	130
11	22
14	4
11	57
3	24
0	81
0	48
0	70
1	2
69	65
0	16
0	26
0	20
0	6
0	7
26	2
0	9
37	342
3	50
6	324
0	97
1	36
0	59
0	46
0	81
0	30
5	454
0	15
0	12
0	454
0	122
0	27
36	155
1	17
0	14
2	3
0	10
0	23
3	5
25	172
0	178
0	84
0	72
0	66
0	59
0	25
0	20
1	10
20	1
2	42
1	3
0	6
4	23
0	42
0	0
0	0
0	0
0	39
0	39
2	921
0	84
165	1385
1	152
0	85
4	211
0	4
0	442
123	2
2	151
4	1243
444	702
0	74
27	28
32	45
0	23
2	142
13	161
0	157
3	143
3	69
0	20
0	7
0	163
7	2030
0	2068
1	388
1	914
17	333
0	1917
1	585
2	688
0	2010
0	154
0	137
0	28
0	154
171	3
0	3
53	175
0	169
1	120
0	13
0	0
0	0
0	0
3	1
0	1
0	0
0	0
0	0
6	7
0	7
22	38
1	38
0	1
0	34
6	0
4	34
1	30
0	3
0	6
7	0
100	260
6	178
7	168
5	26
0	26
10	18
1	16
3	16
0	0
0	0
0	0
0	0
0	0
0	0
0	0
0	0
0	3
0	3
0	0
0	0
0	0
0	0
0	0
0	0
227	0
0	0
0	0
21	529
4	529
0	540
0	420
21	367
2	367
2	101
13	74
47	28
0	0
0	0
0	0
1	10
0	1
0	6
0	10
0	10
0	10
0	10
0	11
0	10
0	11
0	11
0	11
0	11
0	11
0	11
0	11
0	11
0	11
0	10
0	0
0	0
0	5
0	5
0	6
0	5
0	5
1	20
0	20
0	6
0	20
0	1
0	1
0	0
0	0
1	154
0	154
3	2
0	54
2	6
0	43
0	48
10	54
1	39
3	50
0	39
1	9
2	9
0	5
0	2
10	0
39	3
0	0
0	0
0	0
0	0
0	0
2	0
0	19
0	6
1	0
0	5
0	19
0	55
0	44
2	36
24	91
182	596
44	239
0	187
5	332
2	301
0	141
0	129
0	45
3	261
0	185
6	238
50	87
57	147
0	11
0	91
0	54
12	669
1	669
1	10
3	28
0	25
0	30
0	522
7	12
2	30
1	0
0	0
0	0
0	0
0	3
0	3
0	3
0	0
0	0
0	0
98	657
2	174
3	483
1	419
3	0
0	10
0	15
0	10
3	1
0	14
0	0
0	2
153	0
5	25
0	25
0	8
0	10
0	7
0	0
0	0
0	0
0	0
0	0
0	402
0	319
0	124
0	223
0	146
45	0
0	2
87	49
0	49
5	0
1	0
0	0
0	0
0	0
0	0
0	0
0	0
0	0
0	0
0	0
0	21
0	13
0	13
0	6
0	1
3	0
0	0
0	1
0	0
8	21
0	7
0	7
0	7
0	7
0	0
0	0
0	0
0	0
0	0
6	100
8	100
2	17
2	17
1	36
0	66
0	82
0	82
0	8
5	39
0	30
3	16
0	38
0	37
0	5
0	9
0	3
0	0
4	18
0	0
0	0
0	0
0	0
0	0
0	0
0	0
1	0
0	0
0	0
0	0
1	0
0	0
0	0
0	0
0	0
0	0
0	15
0	15
0	15
0	15
0	0
0	0
0	0
0	0
0	0
1	0
0	0
0	1
0	1
0	0
0	0
0	0
0	0
0	0
0	0
0	0
0	12
0	7
2	12
97	175
0	10
11	62
0	24
6	38
0	6
0	0
0	0
2	0
0	1
0	0
0	0
0	0
0	1
0	1
0	2
30	61
2	6
0	50
7	46
0	1
0	2
8	1
16	24
0	24
2	1200
0	6
0	0
0	6
0	0
0	0
0	0
0	642
0	149
36	49
0	588
1	192
0	171
0	16
22	145
0	14
1	56
0	22
4	21
0	0
0	93
57	94
0	17
0	8
0	3
0	2
0	48
14	0
1	0
3	2
0	2
0	0
0	0
2	3
0	23
1	13
0	14
0	10
0	10
1	9
0	16
0	16
0	3
2	6
0	24
0	0
0	0
0	0
0	31
0	42
3	48
2	31
0	50
0	15
0	45
0	3
1	1
0	1
0	44
0	2
0	2
1	2
0	2
0	2
0	0
0	0
0	0
0	0
0	0
0	0
332	48
3	2
0	46
7	32
0	14
40	161
0	182
3	171
0	159
2	9
0	44
0	50
2	39
0	135
1	4
0	55
0	35
0	13
5	17
0	0
83	0
0	0
0	0
0	0
0	0
0	0
0	0
692	327
0	244
4	146
0	0
0	3
0	1
0	3
0	3
0	1
2	0
0	1
0	1
0	1
0	3
0	1
0	1
0	2
0	0
0	0
0	0
59	10
5	0
2	0
1	10
0	0
0	0
3	10
0	1
0	4
0	8
201	76
0	76
0	0
1	0
0	0
0	0
0	0
494	1
26	1
12	523
1	513
0	298
0	21
5	70
0	43
0	2
0	53
0	35
0	108
0	295
0	206
0	286
0	285
0	26
0	0
0	6
0	11
0	7
0	16
0	16
0	1
0	1
0	1
0	1
0	6
0	0
0	0
0	0
36	950
26	736
0	863
0	79
24	9
0	9
15	812
0	823
0	262
0	309
0	302
0	302
0	0
3	59
0	41
56	62
0	0
0	0
0	0
0	12
0	12
0	0
0	11
0	223
0	28
0	222
0	211
0	201
0	221
0	18
0	206
0	9
0	9
0	9
0	2
0	1
0	10
0	10
0	1
0	2
2	2
0	2
0	2
0	1
0	6
0	6
0	8
0	1
0	1
0	1
0	1
0	1
0	0
202	25
0	22
3	4
0	17
4	11
0	17
0	5
0	2
0	0
0	0
0	0
0	1
0	3
0	2
0	2
0	2
0	0
0	0
0	0
0	1865
1	839
0	1846
0	445
34	1793
0	841
0	1743
5	358
9	199
4	726
34	38
0	311
0	1865
0	9
0	4
73	79
0	77
0	53
0	34
0	0
0	0
7	2
0	802
1	103
0	17
6	794
4	153
0	123
0	79
1	60
5	17
2	37
0	146
0	0
0	0
0	0
0	0
0	20
0	21
0	23
0	8
0	9
0	5
1	46
2	46
11	18
0	18
1	18
0	4
0	3
0	1
0	1
0	0
0	0
0	0
0	0
0	0
0	0
0	0
0	0
0	0
0	0
0	0
0	0
0	0
0	4
0	0
0	4
0	0
0	0
0	2
0	0
0	0
0	0
0	0
147	285
21	168
9	117
2	288
0	272
3	281
2	38
0	38
0	3
0	22
0	0
1	170
0	22
0	0
0	20
0	170
0	16
2	27
0	15
0	35
3	16
3	49
0	28
0	0
0	0
0	0
0	0
0	0
0	0
0	0
0	0
2	0
0	11
0	4
0	3
38	14
0	9
0	0
0	0
11	53
0	24
0	51
16	278
9	278
89	39
44	39
2	130
0	114
2	18
0	44
2	9
6	2
0	2
3	0
0	0
0	13
6	10
0	7
5	0
6	400
0	395
0	216
2	5
4	36
0	43
0	61
0	25
0	7
29	163
0	8
0	8
0	4
0	10
26	12
21	0
1	40
6	40
0	39
0	22
0	15
0	2
0	1
0	2
0	0
0	0
0	0
0	273
0	273
2	249
3	58
0	90
0	121
0	150
0	141
6	111
0	0
0	0
0	0
0	2
0	2
0	2
0	0
0	0
0	5
0	0
0	1
0	0
0	1
0	5
23	278
18	256
0	14
40	37
0	23
0	0
0	0
0	0
0	0
0	0
0	0
0	0
0	0
349	502
1	107
0	208
3	6
0	865
0	1045
1	1055
5	134
0	985
0	833
0	546
0	823
0	0
0	171
0	438
7	228
0	41
0	970
9	123
0	175
0	166
0	0
0	0
0	0
0	0
0	0
178	50
0	21
0	29
0	6
0	0
0	0
0	0
0	0
0	0
0	181
238	181
2	0
37	395
1	859
6	864
0	844
20	195
8	265
3	289
2	506
0	540
12	369
0	342
0	349
38	333
4	211
3	134
1	70
2	54
31	0
56	582
85	584
6	118
0	172
0	63
0	0
0	0
0	0
0	0
0	0
0	0
0	0
0	0
0	0
0	0
0	0
0	0
0	0
0	130
0	128
0	0
0	20
0	31
0	30
0	29
0	15
0	28
0	9
0	8
313	264
25	0
24	83
0	268
0	12
94	131
0	131
3	46
0	36
0	26
0	36
0	20
0	16
0	21
0	24
0	20
0	22
0	0
0	1
0	2
0	0
0	1
0	0
0	0
0	5
11	5
0	3
0	3
0	0
0	0
0	0
0	0
0	0
0	0
0	0
156	90
0	90
408	0
12	79
23	79
2	6
15	3
0	0
0	0
26	213
0	159
0	59
0	0
0	0
0	0
58	0
23	12
0	12
0	5
0	3
0	0
0	0
0	0
0	0
0	0
0	189
0	185
0	110
0	74
0	10
16	57
0	0
0	0
0	0
0	0
0	0
0	0
0	0
248	901
16	94
17	46
36	56
17	756
0	77
3	11
8	60
6	44
11	57
2	15
0	0
30	31
16	227
24	6
10	227
0	54
0	12
0	4
0	12
2	104
0	104
462	672
165	778
19	778
31	211
13	402
0	212
0	0
0	0
0	0
0	0
1	45
1	44
0	22
0	45
0	45
0	25
0	1
0	14
0	2
0	5
0	132
0	14
0	17
0	15
0	17
0	16
6	0
0	20
0	9
23	17
1	15
0	7
0	5
0	5
0	6
0	6
0	130
2498	6402
5	1178
0	6402
0	42
14	36
0	30
0	28
11	0
5	2
0	0
21	0
11	229
105	238
0	117
7	0
0	89
0	57
1	5
0	4
0	0
0	0
0	0
0	161
0	161
0	167
0	133
3	132
0	14
0	47
0	17
0	41
1	23
0	11
5	1
0	48
1	3
0	7
0	48
0	4
0	48
1	3
0	0
0	0
0	0
0	0
1	944
15	239
0	947
0	401
0	257
1	72
0	0
0	2
0	2
0	0
0	0
0	0
0	0
0	0
0	1
0	0
0	1
0	0
0	0
0	231
9	217
0	203
0	190
2	121
0	159
0	88
0	118
0	95
0	52
0	13
0	64
0	46
0	28
0	0
0	0
0	0
0	0
0	0
0	0
0	0
0	0
136	1250
2	1245
3	132
0	186
3	194
13	109
0	0
0	0
1	0
0	2
0	3
0	3
0	1
0	1
0	3
0	2
0	20
0	0
0	2
0	20
8	15
0	9
0	7
0	2
0	1
1	4
0	5
0	5
0	0
0	0
0	68
0	0
0	0
0	0
2	32
0	42
0	206
2	34
0	206
0	67
0	15
0	17
3	40
18	393
0	321
0	408
0	43
0	0
0	49
0	49
1	14
0	0
0	0
0	0
0	860
0	306
0	898
20	876
0	249
8	762
10	50
0	63
0	15
0	19
1	9
0	0
0	0
0	0
0	0
0	0
0	0
0	0
0	2
0	2
0	2
0	3
0	3
0	0
0	0
0	1
11	172
12	26
1	62
0	155
0	9
0	172
157	50
0	8
0	32
1	15
0	0
0	0
0	0
0	0
0	0
0	0
1	26
0	30
0	15
0	1
0	6
0	1
0	9
0	8
0	5
0	8
0	5
0	5
6	4
0	10
10	532
0	384
0	61
0	532
0	0
133	412
23	3
0	174
42	513
9	129
2	138
0	199
1	196
8	76
0	106
10	95
16	100
0	0
0	0
0	37
0	18
2	9
6	6
0	4
0	4
0	19
0	0
0	63
0	65
1	54
0	63
1	19
0	61
0	58
2	47
0	3
6	1
0	8
3	2
0	0
0	38
0	27
0	27
2	38
0	3
0	10
0	11
0	2
9	0
0	124
0	170
2	137
116	22
1	22
0	0
0	0
0	0
0	0
0	0
0	0
0	0
0	0
4	0
0	0
0	0
0	171
0	55
0	6
0	7
0	50
129	310
0	301
0	65
1	221
2	236
0	0
0	1
1	0
0	0
1672	8
19	4
0	0
0	0
0	0
0	0
0	85
154	85
0	163
1	157
0	63
260	1469
35	1458
35	346
50	482
44	110
7	110
2	53
0	0
0	0
0	0
0	0
0	0
0	0
46	54
0	54
0	0
22	833
0	759
4	758
0	751
0	435
14	4
0	681
3	188
0	222
673	285
25	69
0	113
0	64
0	55
1	58
6	31
0	76
0	50
0	25
114	114
5	73
0	14
0	0
0	12
1	10
3	10
0	34
75	6
0	2
0	4
0	0
0	4
0	0
0	0
0	4
0	0
0	15
1	15
0	15
2	0
0	9
0	8
0	9
0	9
0	1
0	9
2	1
0	7
0	5
1	2
0	1
0	0
0	5
0	1
0	4
1	427
0	438
0	409
0	420
3	0
0	0
11	28
0	48
10	398
0	27
0	437
0	65
2	29
7	94
0	199
9	32
0	20
0	53
0	83
0	0
0	0
0	0
0	0
0	0
0	0
0	0
0	0
39	76
1	57
0	61
0	21
0	10
0	20
0	130
0	137
1	101
0	135
1	131
0	128
0	125
0	125
0	14
0	23
0	26
0	30
0	36
0	33
0	18
0	13
0	16
3	0
0	0
0	15
0	22
0	26
0	8
0	13
0	21
0	8
0	0
0	14
2	6
0	14
3	154
4	152
0	56
1	154
0	112
0	5
0	13
259	0
86	81
1	59
0	45
0	39
0	0
0	0
0	0
0	0
0	0
0	0
0	0
0	0
0	0
0	0
0	0
0	0
0	0
0	0
1	3
0	3
0	0
0	1
0	2
164	58
0	58
0	0
0	0
0	0
0	0
0	0
1	22
0	0
0	22
0	5
0	286
0	65
3	277
0	290
0	35
2	22
0	22
2	56
0	31
0	6
0	56
0	107
0	94
3	103
2	65
0	49
1	26
0	27
0	12
0	6
0	13
1	97
0	74
1	46
0	23
4	107
12	373
0	266
0	15
1	0
0	0
0	0
0	0
0	624
349	1441
0	487
4	157
0	402
8	152
0	265
0	255
1	153
0	316
200	0
0	0
0	0
0	0
0	0
0	0
0	0
0	0
0	0
2	19
0	3
0	19
0	9
0	3
0	5
0	142
0	141
0	135
10	82
3	61
1	50
1	27
0	9
3	5
45	157
0	161
0	163
0	74
0	143
0	27
3	8
0	0
2	11
0	20
0	63
0	83
173	95
3	95
102	47
0	35
0	22
21	33
0	0
0	0
0	0
0	0
0	0
3	106
0	63
62	110
4	6
0	59
0	43
13	401
2	317
6	0
0	46
9	97
0	87
0	34
2	33
2	22
1	1
1	0
0	0
0	0
0	0
35	833
0	531
0	829
0	755
0	776
0	829
0	829
14	383
0	171
2	56
0	0
5	255
18	56
73	301
5	336
0	30
1	0
8	94
0	2
0	0
0	0
0	0
0	1
0	1
0	0
27	10
0	0
0	0
0	0
0	0
0	0
0	0
0	0
0	0
0	0
0	0
0	0
0	0
0	0
21	12
0	8
1	9
0	0
2	0
0	0
0	0
0	0
14	9
0	9
0	0
0	0
0	0
0	0
0	0
0	0
0	0
0	0
0	0
1	0
12	7
0	6
2	5
11	301
37	184
0	310
0	234
11	31
11	39
0	40
0	123
15	53
4	16
7	55
0	0
0	0
10	0
0	115
0	153
0	66
2	104
1	16
0	34
0	50
14	27
0	724
0	781
2	143
0	73
0	24
3	583
0	39
1	19
0	17
0	108
4	10
0	10
0	10
0	10
0	575
0	0
0	0
0	18
0	18
0	3
0	0
0	19
0	2
0	2
0	70
0	154
0	123
0	471
1	485
3	467
0	51
0	342
0	36
0	44
0	48
0	50
0	75
0	38
2	71
0	45
0	3
2	24
0	52
2	25
0	0
0	0
0	0
0	0
0	0
0	0
0	0
0	0
0	0
0	0
0	0
0	0
0	0
0	0
0	0
0	116
0	119
0	22
0	31
7	48
0	40
0	42
285	471
13	459
2	30
0	88
8	3
156	245
10	186
0	55
0	47
3	16
15	4
1	72
5	76
0	18
1	4
0	2883
6	2747
0	2755
1	1082
0	836
0	947
10	706
5	78
22	2797
0	0
267	5
0	453
0	847
4	12
3	36
1	945
22	80
43	39
0	34
1	22
0	36
2	20
0	4
0	1
57	0
0	13
5	13
0	0
0	0
0	0
0	224
0	1
0	19
48	458
130	249
0	247
2	49
26	0
1	31
0	31
0	20
0	0
0	2
0	17
0	3
0	3
0	1
0	0
0	0
0	0
0	13
0	13
0	4
0	0
0	0
0	343
0	360
3	61
1	286
6	141
0	204
0	244
25	96
5	1
0	1
0	387
0	26
0	4
0	0
0	6
0	16
0	0
0	4
0	16
0	7
0	14
1	16
0	0
0	0
0	0
0	16
0	2
2	406
0	400
0	84
1	76
1	104
0	101
0	36
0	23
0	22
0	17
0	16
0	8
0	16
0	136
0	134
0	132
2	139
1	101
0	2
2	5
0	79
48	192
0	203
0	43
0	194
0	268
0	266
0	124
13	2
0	0
0	2
0	1
0	0
0	0
0	0
5	8
12	8
1	4
0	0
421	2711
4	2684
108	440
0	2282
11	2551
0	1515
3	1990
0	2752
38	1428
0	771
0	905
7	1172
0	996
1	1112
0	1338
0	0
0	1
0	1
0	1
0	0
0	1
0	1
0	0
0	1
0	0
0	0
0	0
0	0
0	0
0	0
0	0
0	0
0	85
0	18
0	22
0	48
9	4
0	87
0	83
3	10
0	21
1	117
0	36
0	119
20	30
0	113
0	18
0	105
0	105
1	109
0	108
0	10
0	108
5	8
0	35
29	30
0	101
0	102
0	102
0	101
0	104
0	0
0	1
0	1
0	1
1	0
0	0
0	0
0	25
1	25
0	0
0	0
0	0
0	0
0	0
0	0
0	0
0	124
6	43
0	119
4	122
0	122
0	23
0	27
0	56
0	0
0	0
0	0
0	0
0	0
0	0
0	0
0	0
0	18
1	17
0	18
2	9
0	0
0	0
0	9
11	111
0	7
0	26
4	102
0	6
0	3
4	6
2	17
0	15
0	0
0	0
0	0
0	0
0	0
0	0
0	0
0	0
0	0
0	0
0	0
0	0
0	0
0	0
3	307
242	308
0	52
0	1
10	23
0	24
0	24
8	149
0	95
0	21
0	32
311	200
32	129
10	53
0	0
1	208
0	133
5	16
0	0
10	425
0	355
0	427
0	403
5	29
0	78
0	100
0	42
20	26
2	0
0	0
0	0
0	0
0	0
0	0
0	0
0	0
0	0
0	0
0	0
0	0
14	0
0	0
0	0
0	0
5	360
1	360
0	360
0	94
0	47
0	74
0	60
6	2
17	178
0	0
0	115
2	3
0	0
0	0
0	3
0	3
0	42
0	29
0	40
0	41
1	44
0	18
2	1
3	113
0	114
3	90
0	84
0	0
0	0
31	319
0	350
6	303
0	279
0	302
0	314
0	285
0	152
0	7
0	233
0	65
0	0
5	192
3	24
3	148
0	0
0	6
0	13
147	0
6	0
0	0
589	607
13	124
5	328
0	486
1	198
0	178
0	85
3	50
0	155
0	0
0	12
0	7
0	11
0	12
0	10
0	10
0	10
0	0
0	10
0	0
0	20
4	20
0	0
0	0
274	44
4	44
1	126
57	182
29	0
0	123
1	0
0	0
0	0
0	0
260	58
0	51
0	30
0	31
0	54
0	53
0	44
0	49
0	49
0	37
0	12
1	7
0	6
0	54
0	0
0	0
0	0
0	0
0	0
0	0
0	0
27	564
0	111
0	167
0	564
3	96
0	153
0	134
0	69
5	125
0	59
17	126
0	118
3	37
0	12
0	10
0	15
0	37
0	4
62	48
0	48
19	0
5	8
0	2
0	0
0	0
181	25
0	0
0	0
0	0
0	0
624	2341
4	2281
1	52
0	62
0	220
8	1428
0	176
0	208
5	133
0	74
0	129
0	0
0	0
57	6
0	6
0	0
0	0
0	0
0	0
0	0
0	0
0	0
0	0
0	0
0	0
0	0
0	0
0	0
0	0
0	0
0	0
0	0
0	0
0	0
0	0
0	0
0	0
0	0
0	0
0	0
0	0
0	0
0	0
0	0
0	1
0	1
0	1
0	1
0	1
0	1
0	1
0	1
0	1
0	0
0	0
0	0
0	0
0	0
0	0
0	0
0	0
0	0
0	0
0	0
0	0
0	0
0	0
2	13
1	13
0	0
0	0
0	0
0	0
0	0
0	0
0	0
10	552
85	536
4	122
18	31
0	188
0	74
85	25
0	166
0	95
0	135
0	142
0	54
11	44
0	0
0	0
11	0
0	18
0	18
0	19
0	4
0	2
0	4
0	18
9	471
0	415
12	89
10	14
13	0
0	0
13	72
5	0
17	414
12	414
0	366
0	385
0	424
0	309
1	4
1	7
2	13
0	98
1	0
0	0
0	0
0	0
0	240
3	67
6	241
0	29
0	24
0	185
0	10
1	14
4	13
8	311
0	153
1	140
0	152
0	142
0	42
0	124
0	156
1	1
0	1
79	0
0	558
0	2
7	3
1	0
0	2
0	0
0	0
0	0
0	0
0	0
0	0
0	0
0	0
0	0
0	0
0	0
9	42
35	42
0	33
0	121
1	91
0	32
3	57
0	65
0	162
7	162
0	21
0	58
2	33
14	61
0	60
2	3
10	48
0	28
1	4
0	16
128	90
6	30
0	55
7	34
0	0
0	0
0	0
0	0
0	0
0	0
0	0
0	0
0	0
0	0
0	0
0	502
0	506
0	484
0	534
0	119
1	535
0	483
0	432
0	453
6	47
10	289
3	112
1	0
0	0
84	5265
1	1213
1	40
2	514
19	5265
78	58
0	58
1	0
0	0
212	60
2	9
0	31
0	0
0	313
1	313
30	81
10	14
2	16
1	18
0	81
0	9
0	8
0	69
1	35
1	35
0	33
0	26
4	19
3	17
0	227
0	148
26	227
0	3
2	0
0	3
3	558
0	0
0	2
0	2
0	0
0	0
0	2
0	1
0	3
0	1
0	3
0	0
0	1
0	1
0	1
55	0
27	3
3	3
0	0
0	0
5	965
1	940
1	443
0	0
0	0
0	0
0	736
0	251
4	741
9	173
1	30
0	788
85	3
0	2025
0	243
0	69
581	2108
0	225
6	235
33	461
55	46
0	0
0	0
0	0
0	0
0	0
0	0
0	0
0	25
0	24
0	0
10	1
0	0
0	0
0	0
0	1
0	1
0	1
0	1
0	0
0	0
0	0
0	0
0	0
0	0
0	0
0	0
0	2
0	2
0	2
0	2
0	2
0	0
0	0
0	0
0	0
0	0
0	0
0	0
0	0
0	0
4	3
7	4
4	25
0	21
0	21
0	0
0	0
0	0
0	0
0	0
1	286
11	361
0	23
372	356
1	354
0	246
0	2
348	69
5	76
0	10
2	7
194	75
1	65
0	16
0	13
4	10
0	0
0	0
0	0
0	0
0	0
0	0
6	17
0	0
0	0
0	0
0	0
0	0
0	0
0	0
0	0
0	0
0	0
0	0
0	0
0	0
0	0
6	324
4967	11397
8	2730
0	1797
0	3754
3	2667
0	3439
6	2160
0	1248
4654	2928
5	2274
2	866
0	758
286	37
7	37
0	7
0	8
2	3
0	5
0	0
0	2
0	0
0	0
112	0
0	4
0	128
0	131
1	0
0	129
0	1
0	0
0	90
0	95
0	129
2	57
0	5
0	2
0	7
0	126
0	24
0	25
0	10
0	4
0	0
0	2
0	2
874	647
10	51
0	470
0	249
0	323
0	0
0	0
0	0
0	17
0	18
0	18
0	17
0	0
0	0
0	4
0	17
36	187
22	389
1	56
18	389
0	53
162	0
0	0
45	94
0	92
0	91
0	82
0	52
0	18
0	31
0	22
0	31
0	29
1	4
0	20
0	20
0	4
0	0
0	0
0	0
0	0
0	0
0	333
0	8
90	9
0	9
0	60
0	57
0	56
0	53
0	48
0	48
0	48
0	54
0	0
0	26
4	0
15	0
0	244
3	75
0	74
1	83
0	8
0	244
0	1
0	1
0	1
36	324
0	32
1	33
0	2
0	3
10	172
2	172
0	176
0	39
0	0
0	0
0	0
1	34
0	16
1	11
0	16
0	9
0	22
0	20
0	17
0	20
0	20
0	16
0	0
6	148
0	10
2	148
29	62
0	69
0	62
0	51
8	51
0	47
0	45
11	42
5	30
0	23
8	3
0	51
0	0
0	0
0	0
0	0
0	83
0	76
0	73
0	4
0	39
0	30
1	5
2	8
3	7
0	0
0	0
0	1
0	95
17	239
6	7
0	41
0	101
2	8
0	63
1	133
11	0
0	0
0	50
0	51
0	29
10	9
0	3
0	1
0	51
0	3
1	42
0	42
0	31
0	10
0	12
0	3
0	3
0	0
0	0
0	0
0	0
0	67
0	3
0	58
0	45
0	58
0	4
0	39
0	3
0	38
0	41
0	5
0	3
0	4
0	0
766	81
2	27
7	54
1	75
2	211
0	223
0	204
0	205
0	163
5	113
0	53
0	81
0	41
4	26
0	25
0	87
8	177
0	164
0	88
0	169
10	18
0	12
0	0
0	2131
0	2689
0	2741
16	2576
17	2544
42	147
15	349
0	275
0	369
11	0
9	157
0	99
1	0
0	87
0	40
0	89
0	13
0	97
0	94
0	6
0	18
0	94
0	14
0	10
0	12
2	2
0	12
0	12
0	0
0	0
0	6
0	11
0	10
0	0
0	0
0	2
0	0
4	50
346	50
0	0
183	187
2	187
2	153
2	4
1	4
0	0
0	0
0	0
0	0
0	0
0	0
0	0
0	0
0	0
0	3
2	3
0	3
0	2
0	2
3	0
0	0
0	0
0	0
0	0
0	0
38	33
1	6
0	23
2	26
2	20
7	26
0	5
0	335
2	11
70	95
0	15
10	65
3	56
4	62
5	58
0	19
0	29
0	13
18	25
6	13
0	23
0	25
1	25
0	0
29	28
0	28
0	2
6	4
0	4
0	4
0	1
0	1
0	1
0	1
0	1
0	1
0	2
0	2
0	2
0	0
0	0
0	0
0	58
1	0
0	0
0	0
0	0
0	52
0	45
0	52
0	3
0	6
1	9
2	2
0	8
346	8
2	0
42	0
0	25
0	14
2	17
0	8
3	23
0	0
0	23
0	9
0	6
0	21
0	19
0	8
0	2
0	7
6	12
66	44
0	42
1	0
19	0
0	369
1	383
0	76
0	20
0	68
13	0
0	35
125	27
0	4
2	23
0	0
10	111
0	55
2	111
0	47
2	30
0	60
1	60
0	64
0	2
0	0
0	0
0	0
0	0
0	0
0	0
1	445
0	384
0	481
15	134
0	135
0	263
0	47
1	180
4	180
4	144
7	4
9	251
0	93
22	0
1	220
0	24
6	93
1	160
0	237
291	65
1	65
0	0
0	0
2	0
0	0
0	0
0	0
1	437
0	442
5	447
0	495
0	238
1	498
0	0
0	5
0	2
0	5
0	3
0	0
0	0
0	0
0	19
94	35
0	18
0	12
0	0
71	8
2	8
28	56
0	55
31	15
0	0
3	1
0	48
0	48
2	48
0	39
0	0
0	0
29	12
0	0
0	0
0	0
0	0
1	45
0	170
6	140
5	119
22	52
24	92
0	57
1	53
8	87
0	75
0	41
3	0
2	46
1	50
0	33
0	0
0	242
4	239
0	241
0	240
0	0
4	1
0	5
1	46
0	3
0	0
0	3
0	37
0	242
0	0
0	0
0	0
0	0
0	0
0	0
0	0
0	0
0	0
0	0
0	0
0	0
24	324
0	0
0	0
0	0
0	0
7	5
7	156
2	24
0	22
0	156
0	0
0	0
0	0
0	0
0	0
0	0
0	0
0	0
0	0
0	0
0	0
0	0
0	0
0	0
0	0
0	13
0	3
1	12
2	2
0	1
1	13
0	4
0	4
0	1
0	4
0	0
0	2324
81	1867
11	121
1	64
0	383
5	3
2	1848
0	2322
137	48
0	28
0	20
55	21
0	9
0	4
0	8
1	4
0	83
0	82
0	84
0	6
1	4
0	3
31	211
1	176
0	144
0	71
0	44
0	0
0	0
0	332
0	356
0	43
0	11
0	25
0	85
7	254
0	354
1	349
0	354
0	61
0	57
4	4
0	28
2	21
0	19
0	17
0	18
0	21
0	21
0	0
1	16
0	16
0	16
1	1
1	0
151	5
0	5
0	587
0	282
0	221
0	118
0	222
0	202
0	22
0	33
3	114
0	161
0	154
0	122
6	34
1	77
0	595
0	0
0	0
0	0
0	0
0	0
0	1
0	1
0	1
0	1
0	0
3	6
0	6
0	0
2	2
2	3
0	13
0	0
0	0
0	0
1	187
32	189
0	185
3	0
0	0
0	0
0	0
0	0
0	121
0	0
0	2
0	538
0	174
0	203
3	537
0	0
0	0
0	0
0	0
0	0
0	0
0	0
0	0
0	0
0	0
0	0
0	0
0	0
6	270
0	231
4	23
0	245
7	132
0	26
24	119
1	117
2	33
0	14
0	99
0	92
0	82
0	87
0	69
0	66
0	66
0	53
0	17
2	4
1	19
8	9
0	3
6	0
0	65
0	70
0	0
0	0
0	1
0	1
0	1
0	0
0	175
85	241
0	57
0	12
0	14
0	50
0	30
0	0
0	0
0	0
0	0
0	0
26	7
0	5
0	7
2	5
0	0
0	7
0	0
0	0
0	0
9	0
73	138
0	122
1	124
3	6
0	6
2	0
0	0
0	1
0	1
0	0
0	0
0	0
0	0
0	0
0	0
0	0
205	52
0	51
0	50
0	36
4	195
0	164
0	164
0	182
3	141
17	106
0	182
0	1
0	1
17	324
0	0
0	0
0	0
0	0
0	0
0	0
316	157
4	4
0	153
158	0
0	77
0	76
0	69
0	21
9	39
9	2
2	17
0	2
107	8
1	2
3	3
5	0
0	0
0	1449
9	1338
22	318
0	1426
11	153
24	270
0	0
0	0
0	0
0	0
0	0
0	0
9	2
11	0
0	84
0	2
178	84
0	136
5	127
4	113
0	130
0	1
6	24
0	53
0	2
0	20
0	3
93	705
2	686
0	159
49	88
0	100
0	128
0	117
0	115
5	43
9	35
2	12
1	15
35	12
0	12
10	3
1	47
0	49
0	44
0	0
1	74
0	82
0	83
0	65
0	82
0	46
0	13
2	2
2	1
0	11
18	8
2	0
0	0
0	2
0	3
0	3
7	0
0	72
116	114
0	74
4	11
6	44
14	2
0	0
0	0
0	0
0	0
0	0
0	545
0	546
0	45
0	121
2	116
0	96
0	21
0	19
1	2
0	553
0	545
0	0
0	150
54	150
0	2
1	16
4	128
7	119
7	99
1	74
0	44
5	45
0	45
0	26
0	25
0	13
0	25
0	14
0	0
0	0
0	0
0	0
0	0
19	255
0	3
0	257
0	10
1	6
0	1
0	1
0	1
0	1
0	0
0	0
0	0
0	0
0	0
0	358
2	223
0	316
3	375
1	248
0	130
0	0
0	0
0	0
0	0
14	1016
11	694
45	2
0	757
3	943
0	1
0	140
20	656
0	0
0	0
0	0
0	0
0	0
43	161
0	161
2	53
0	33
0	32
0	17
1	1120
0	960
0	937
0	909
0	691
2	902
0	1090
6	685
0	841
0	638
2	579
0	229
1	181
33	132
0	7
0	7
0	1
0	1108
5	324
0	0
0	49
0	40
0	47
2	22
3	17
1	49
0	81
238	614
0	488
10	277
0	563
2	227
0	161
0	269
3	505
0	116
1	130
0	133
1	95
0	29
0	0
0	0
410	0
582	0
0	0
32	301
5	301
2	0
0	0
32	1051
0	1010
2	1010
0	1051
1	94
4	53
18	42
0	0
0	0
0	0
0	0
0	0
211	33
0	33
13	0
8	4
93	0
2	64
0	243
0	16
0	33
9	5
5	61
0	239
0	243
134	10106
6	4013
3	5144
8	1868
48	4985
28	2400
0	0
0	0
0	0
0	0
0	0
0	0
0	0
0	0
0	0
1	0
0	0
0	0
0	0
0	0
0	0
0	0
0	0
0	0
0	0
0	0
0	80
0	74
0	72
0	31
1	58
1	0
0	492
0	341
1	492
0	223
0	92
0	135
0	169
0	137
0	40
0	87
0	116
0	177
2	12
0	12
2	12
0	12
0	3
0	0
0	2
0	0
0	0
0	0
0	0
0	2
3	6294
7	6293
113	42
0	0
0	0
170	218
12	68
4	67
3	46
0	216
23	13
0	0
0	0
0	0
0	0
1	344
0	324
1	20
72	180
0	48
2	179
2	98
4	0
1	0
0	0
0	0
0	0
0	147
0	255
0	143
0	244
6	18
0	94
0	0
0	4
0	4
0	0
0	0
0	2134
0	2527
1	2963
0	2425
71	2350
1	2776
1	1895
0	2162
0	2558
0	1561
0	1914
0	1120
0	2172
0	1893
0	1512
0	1995
0	1294
240	1987
212	151
130	1246
1	1046
0	0
0	0
0	0
0	0
0	179
0	167
4	40
0	26
9	15
6	2
0	0
1	0
0	0
0	0
0	0
0	0
3	10
0	10
0	9
0	10
0	0
0	9
0	10
0	0
0	0
0	0
0	0
0	0
0	0
0	0
0	63
0	38
256	96
0	64
3	64
0	95
0	0
0	0
0	0
32	2289
15	2130
4	1915
6	309
21	5
0	0
0	0
0	0
0	2
0	3
4	95
0	95
0	29
0	66
0	4
3	48
0	0
0	0
20	18
0	18
0	3
0	0
0	18
0	0
0	0
0	0
0	0
0	0
0	0
0	30
0	30
0	30
1	29
0	0
1	20
0	0
0	6
0	6
0	0
0	0
0	369
0	496
0	598
5	27
24	310
4	430
12	48
2	38
0	34
0	642
0	463
2	75
0	222
0	226
0	108
1	163
1	5
1	10
0	2
0	219
0	0
0	0
0	653
0	671
0	115
2	273
0	634
0	589
0	135
0	109
0	188
0	554
1	86
0	33
1	193
0	15
0	4
1	165
0	115
0	653
0	54
125	54
170	50
1	50
2	197
0	197
746	1083
0	5
0	3
70	11
2	8
3	17
2	17
35	9
1	0
0	9
0	9
0	9
0	3
0	51
0	52
0	8
0	51
1	47
25	50
9	50
0	0
0	0
12	126
0	126
1	23
0	35
1468	2492
1	2492
0	376
0	0
0	0
0	0
0	0
0	0
0	0
1013	0
199	17
0	329
1	5
0	0
0	0
0	0
0	0
0	11
0	3
0	3
0	4
0	4
2	3
0	11
40	308
0	287
0	227
0	61
0	0
0	0
0	0
0	0
1	370
1	46
0	0
0	0
0	0
0	0
0	0
0	0
0	0
0	0
0	0
0	0
245	779
0	770
0	163
8	61
3	63
3	67
3	145
0	191
6	76
2	142
0	188
0	10
0	9
0	0
0	0
10	325
0	0
0	0
5	120
0	20
0	120
0	0
0	0
0	0
0	0
2	0
0	0
0	0
0	0
0	0
0	0
0	0
0	0
11	558
0	462
3	558
0	0
0	0
0	0
7	0
0	0
0	0
50	11
1	2
1	9
8	296
0	631
0	473
1	31
0	32
0	3
0	9
0	0
18	1454
0	1575
199	1603
0	502
1	550
2	436
5	244
0	198
10	148
1	40
20	3
0	3
0	0
25	32
3	14
3	0
12	8
0	5
13	5
8	1
0	14
0	0
0	0
0	0
0	0
0	3
0	5
86	5
3	456
0	44
12	456
0	9
6	52
0	0
0	5
0	5
0	0
0	0
0	0
0	0
0	0
1	0
0	0
0	0
620	1427
1	1427
0	0
0	0
0	0
0	0
0	0
0	0
0	0
0	0
0	0
0	0
0	0
0	0
0	0
0	0
0	0
0	0
213	17
10	16
3	0
0	0
0	0
0	0
0	6
0	6
0	1
0	5
0	5
0	4
0	0
2	0
0	21
0	0
1	0
0	21
2	51
2	285
2	285
13	84
0	12
0	8
0	22
1	10
0	12
29	8
2	8
53	82
0	48
0	16
0	52
1	54
76	113
0	72
2	72
0	0
0	0
0	0
0	0
7	144
8	144
2	95
0	134
0	49
0	11
0	7
51	134
2	0
0	125
3	128
0	121
0	336
13	12
0	547
0	569
0	542
0	64
0	415
3	157
0	135
1	79
6	94
21	325
3	0
0	0
0	0
0	0
64	556
0	564
8	29
0	116
7	83
16	11
0	58
0	19
0	0
1	0
0	0
0	0
0	0
0	0
0	0
0	0
0	0
0	0
0	0
0	0
0	0
20	340
0	240
0	58
0	95
0	99
0	108
0	8
0	78
2	22
3	79
0	0
2	1
0	0
0	0
0	1
0	0
0	1
0	338
0	14
4	9
154	273
0	9
1	252
0	29
0	42
5	19
7	29
0	9
0	267
6	34
0	74
0	13
0	21
0	59
0	51
0	51
10	71
0	66
0	75
16	2
0	19
0	13
0	0
0	0
0	0
0	0
0	0
0	1
0	1
0	1
91	118
5	94
11	7
10	12
1	20
3	324
0	0
14	358
230	547
17	147
0	114
11	189
62	132
0	117
16	30
0	40
0	0
0	0
0	1
0	1
0	1
0	1
0	1
0	0
0	0
0	0
0	0
0	0
0	0
0	0
0	0
0	0
0	0
0	0
0	0
0	0
0	0
0	0
0	0
0	0
0	1
0	7
0	6
0	0
0	0
0	0
0	0
0	0
0	154
0	0
0	154
0	0
93	231
3	229
0	123
0	3
2	19
0	0
0	0
1	0
0	69
0	210
4	205
0	6
2	27
0	21
0	45
15	16
1	8
2	62
0	16
1	109
0	14
0	101
0	5
0	18
0	110
0	9
2	100
0	110
0	25
0	14
0	16
0	63
2	12
0	109
0	0
0	666
0	643
0	56
29	17
10	536
0	43
4	31
6	328
3	145
0	57
0	0
0	0
0	0
0	0
0	0
0	0
0	0
0	0
0	617
3	593
5	587
0	104
2	184
0	8
0	7
0	7
0	17
300	744
2	453
2	212
1	0
0	157
12	1519
37	1519
2	89
0	134
19	76
0	89
0	156
0	446
0	447
0	26
0	137
4	257
0	193
0	403
0	346
0	178
0	117
0	5
0	271
10	8
0	131
0	276
0	398
12	398
10	1
0	0
3	36
0	28
0	346
1	111
0	0
0	1
0	1
0	0
0	0
0	1
1	150
0	144
0	160
0	159
0	186
0	186
0	96
0	160
0	44
0	80
2	97
0	81
0	54
6	41
0	1
0	8
0	8
4	18
0	17
0	18
0	1
0	0
0	0
0	51
38	163
0	23
0	90
35	163
1	0
0	35
0	13
0	23
3	4
2	25
0	21
0	21
0	19
0	2
0	3
0	3
0	1
0	2
0	3
0	3
0	4
0	0
0	0
0	0
0	117
0	92
0	72
1	117
1	9
0	17
0	8
0	0
0	68
0	69
0	34
0	3
2	6
0	0
0	3
0	3
22	0
2	15
87	15
1	0
0	0
0	0
0	0
0	0
0	0
0	0
0	0
0	0
0	0
1	10
72	236
1	236
1	3
1	40
1	197
0	0
0	0
0	0
0	0
0	0
0	35
0	0
0	0
7	2
0	2
0	2
40	38
3	25
0	3
0	22
0	0
266	19
2	19
28	89
0	87
2	44
2	27
0	0
0	0
0	0
0	0
3	120
10	120
0	17
0	7
0	0
0	5
0	0
0	0
0	0
0	2
0	0
0	3
1	3
0	2
2	167
13	165
0	161
2	20
0	20
7	3
0	0
0	0
0	0
0	0
0	0
704	219
3	219
0	0
0	0
0	0
0	0
0	0
126	62
0	20
3	62
6	58
0	15
13	39
0	39
0	17
0	16
0	4
0	4
0	14
1	0
0	0
0	0
0	19
0	20
0	19
0	17
0	16
0	3
0	2
0	0
0	4
0	5
0	5
0	2
0	2
0	2
0	0
0	13
0	0
0	20
2	145
0	145
60	215
0	136
5	111
0	0
28	7
1	7
1	141
0	144
0	2
3	3
1	21
0	29
15	97
0	36
0	92
0	21
1	15
0	48
1	41
1	39
7	517
39	538
0	26
0	35
1	149
2	30
0	282
0	297
1	48
27	0
1	15
0	461
22	36
0	104
0	376
3	22
4	305
2	25
1	7
24	5
0	26
0	35
0	67
0	0
0	0
68	70
0	70
0	22
0	0
0	0
0	36
0	39
0	36
2	15
0	36
0	25
0	6
0	12
0	11
0	4
0	8
0	5
0	1
0	0
74	152
0	64
0	145
4	62
3	0
9	234
0	84
0	227
3	25
2	43
3	149
10	228
0	147
2	146
0	60
1	2
14	81
13	13
0	0
0	0
0	0
11	324
54	0
0	0
0	0
168	202
0	173
3	61
189	30
2	14
0	8
0	7
0	1
5	0
434	453
0	117
1	50
14	235
7	304
0	154
0	168
5	16
1	149
0	90
0	0
0	0
0	0
0	0
0	0
0	0
0	0
0	0
0	444
1	457
76	475
0	431
0	122
3	72
0	146
0	13
0	49
3	165
0	7
25	550
3	550
0	0
0	0
0	0
0	0
0	0
0	0
0	0
0	0
0	1429
0	396
8	322
82	383
0	30
0	1395
0	281
9	84
0	0
0	0
0	0
0	0
0	0
0	0
0	0
0	0
0	0
0	6
1	91
1	91
0	90
0	87
0	4
12	2
0	425
0	361
0	281
10	4
70	229
0	365
0	5
0	0
0	0
0	0
0	0
0	0
0	0
0	0
0	0
0	0
0	0
0	0
0	0
0	0
0	0
0	0
386	996
41	461
0	145
0	127
22	88
0	2
1	2
0	1
0	2
0	0
0	0
3	0
0	0
2	0
0	0
0	0
0	0
0	0
548	123
21	111
0	121
0	25
0	11
0	12
0	32
0	36
0	8
9	33
24	1
0	24
1	64
0	8
0	2
0	0
1	0
0	0
1	5
0	5
0	0
13	1059
1112	1060
15	73
0	0
0	0
0	0
0	0
0	0
0	0
0	422
2	27
5	54
0	100
0	422
0	9
0	9
0	7
0	2
0	0
0	0
0	9
0	0
0	0
1	15
0	6
1	9
1256	9
0	1
0	1
0	0
0	0
23	5
1	5
0	0
1	1
0	0
0	0
0	0
0	0
201	464
0	211
0	90
1	89
2	43
9	195
0	107
4	14
0	0
0	0
0	29
0	21
0	7
0	11
5	99
2	89
0	45
8	56
1	55
0	11
0	40
1	0
1	116
0	118
0	40
0	45
2	28
0	0
0	0
0	0
0	0
0	0
0	0
0	0
0	0
0	0
0	0
0	0
0	0
35	334
2	334
0	40
0	9
0	0
0	0
0	0
1	38
2	38
733	402
16	402
4	371
5	510
1	428
0	390
0	167
0	62
3	0
9	509
0	0
0	0
0	0
0	0
0	0
0	0
0	0
0	0
0	0
0	1
0	0
0	1
0	1
0	0
0	1
0	1
0	1
0	0
0	0
0	0
0	0
0	0
0	0
0	0
0	1
15	2463
0	2438
4	913
7	712
72	925
4	831
0	522
2	482
0	385
0	316
1	249
42	17
0	12
0	0
0	0
0	0
0	0
0	0
0	0
0	0
0	0
0	0
0	0
0	0
0	0
0	35
1	29
0	10
0	10
0	8
1	12
0	7
0	10
0	27
0	28
0	1068
0	389
0	880
1	26
2	493
20	20
0	55
14	267
28	208
0	62
0	999
0	0
4	200
1	19
0	125
0	134
0	104
0	107
2	160
1	121
0	0
0	0
0	0
0	0
1	0
0	49
0	11
0	49
0	49
0	8
0	21
0	6
1	35
0	22
0	14
0	35
0	22
0	7
0	0
140	6
0	56
0	135
0	153
1	145
0	86
0	85
0	70
1	79
4	8
8	44
1	5
0	9
4	69
0	0
0	67
1	62
1	32
1	0
1	0
91	0
0	0
0	0
0	0
0	0
216	168
0	168
4	23
4	103
0	38
0	0
1	9
0	0
0	0
0	249
0	247
0	231
0	118
9	2
0	51
0	116
3	20
0	62
0	0
0	0
0	0
0	0
0	0
0	0
0	0
0	0
0	0
0	0
0	0
0	477
7	467
4	455
14	6
39	210
0	3
42	0
0	5
9	12
0	1
0	0
0	0
0	0
0	0
0	0
0	0
0	0
43	0
0	0
6	195
3	195
0	16
1	71
0	24
0	20
2	4
0	51
0	0
0	0
443	0
0	0
0	0
0	0
0	0
0	0
0	0
93	0
0	0
0	81
0	80
0	81
3	68
0	4
30	55
1	2
11	20
6	18
0	6
10	12
12	12
24	11
0	11
4	171
3	171
0	34
2	28
0	19
0	10
1	42
0	42
0	14
0	6
0	334
6	10
45	29
0	24
0	5
2	0
0	0
125	15
0	15
0	14
0	9
0	0
0	0
0	0
0	0
0	130
0	63
0	28
0	0
0	1
0	1
2	67
3	117
7	116
0	116
0	116
0	91
1	29
1	6
1	29
0	43
0	33
0	0
0	0
0	0
0	34
0	34
0	0
0	208
1	46
0	33
0	16
32	30
0	208
4	85
130	359
0	167
17	270
1	151
0	166
0	23
2	23
1	2
0	19
0	19
0	8
0	14
0	12
1	2
1	0
0	0
5	11
2	0
199	217
0	90
0	95
19	213
8	82
0	75
0	83
0	1
0	146
0	0
43	75
0	64
0	5
0	1
14	49
25	50
0	1
1	213
0	0
0	168
19	629
0	629
2	177
3	27
0	180
2	73
253	0
0	0
0	0
0	0
0	0
0	0
0	0
0	6
0	1
0	0
0	6
0	0
0	0
0	0
0	0
0	0
0	0
245	0
0	0
16	56
0	3
3	33
0	18
4	15
3	98
0	96
0	19
0	8
0	24
0	14
0	4
0	12
0	0
0	0
0	0
0	0
0	0
0	0
0	0
0	1
0	1
0	0
0	0
0	0
0	0
0	0
2	346
0	23
0	49
10	57
0	0
0	130
0	1098
7	263
18	518
4	61
0	188
0	1041
0	29
0	1026
20	110
9	273
32	197
42	206
1	11
0	11
909	288
3	288
22	409
1	409
0	112
1	13
4	41
0	118
0	75
0	74
25	35
147	40
18	40
1	36
10	281
0	288
0	127
0	33
0	60
0	69
0	0
0	0
0	0
7	41
2	45
6	16
3	37
0	0
0	0
0	0
0	0
0	0
0	0
331	258
2	258
15	0
1	0
0	0
0	0
3	98
0	4
0	95
5	79
3	7
0	56
0	6
7	87
0	8
8	79
0	73
0	70
0	23
0	4
0	12
0	3
0	12
3	14
0	17
0	14
0	15
0	10
0	3
6	0
0	0
0	0
0	165
0	163
1	168
0	52
0	43
0	7
0	24
0	14
0	40
0	54
0	24
0	170
0	0
4	0
0	0
0	0
0	0
0	0
0	0
0	0
0	0
136	35
6	22
0	32
1	3
0	0
0	0
0	0
0	31
1	4
0	33
0	33
0	52
4	52
0	28
0	0
3	1
0	52
2	125
0	127
0	15
1	122
0	27
0	34
13	54
3	40
0	29
8	463
0	385
4	78
1	472
3	471
0	474
0	46
0	18
0	5
0	470
0	355
0	3
11	3
0	0
0	0
0	0
0	0
0	0
0	115
0	50
0	33
1	113
0	63
0	1
0	1
0	410
0	352
0	360
0	280
0	112
0	257
0	280
0	172
9	0
0	100
0	78
6	58
0	412
0	0
0	0
0	0
0	0
0	0
0	0
0	0
0	0
0	0
0	0
0	0
0	0
50	1471
20	1432
5	1417
1	1267
0	819
10	802
1	126
0	24
1	123
0	1
11	124
6	1
0	0
0	1
0	0
49	136
4	58
1	3
0	10
4	0
0	81
0	0
0	0
0	0
39	176
5	61
0	82
0	15
8	0
67	2
0	0
0	0
24	86
4	54
1	29
5	26
0	3
0	327
1	0
1	22
0	20
0	21
2	90
2	33
0	2
0	2
82	87
3	29
0	76
1	6
0	19
3	45
0	29
0	71
0	41
0	11
1	11
0	17
0	11
3	12
5	1
0	6
3	0
1	0
0	0
0	0
0	0
0	0
0	0
0	0
0	0
0	0
0	0
8	8
0	3
0	3
0	2
3	274
0	271
2	56
0	12
1	16
0	34
0	29
0	31
90	83
0	45
5	38
9	104
0	105
8	102
0	84
97	211
5	34
0	196
0	37
5	11
0	0
0	0
0	0
0	0
0	90
1	25
0	3
0	4
0	88
0	25
3	54
0	0
0	0
0	0
0	0
0	264
0	9
2	245
1	44
3	19
0	2
0	2
0	0
0	0
1	56
0	34
0	14
0	52
132	511
21	483
0	366
0	37
0	16
9	15
1842	0
1	16
10	40
0	40
0	38
0	15
0	12
20	1
0	3
0	2
14	325
5	0
0	0
0	1991
0	252
3	187
1	36
9	183
0	114
61	14
0	2008
0	0
1	0
0	0
0	0
0	0
0	0
0	0
0	0
0	279
536	237
30	171
103	39
4	22
0	17
6	513
18	504
8	480
0	121
0	123
5	6
0	6
22	83
0	82
0	14
1	38
0	32
0	0
0	0
0	0
0	1
0	1
0	0
176	675
1	79
0	82
27	182
1	103
1	34
4	163
10	368
0	71
0	39
0	120
0	32
0	111
2	13
11	98
18	96
0	22
0	42
10	13
64	28
6	0
0	26
3	4
134	41
0	27
0	20
0	29
0	16
5	2
8	285
18	472
0	469
0	64
0	396
0	54
3	8
0	114
0	9
0	36
0	0
52	103
0	46
2	98
1	96
4	44
0	6
0	3
0	3
0	2
0	1
0	1
0	1
0	0
1	1
0	3
0	2
0	4
0	0
5	1592
1	207
0	1424
11	26
1	1411
7	408
22	74
0	74
2	12
0	23
0	11
7	12
8	0
0	0
0	0
0	0
0	0
0	0
0	0
0	0
0	0
0	27
0	16
0	17
1	10
0	2
0	2
1025	264
24	12
0	293
0	40
0	107
0	93
0	91
0	91
0	56
0	69
0	34
0	34
0	34
0	34
0	59
2	5
346	438
3	438
0	403
1	361
0	0
0	0
0	0
0	0
0	0
0	0
0	0
0	0
0	0
0	0
0	0
0	0
0	1294
0	1294
8	469
1	807
20	264
2	16
0	265
0	0
1	0
0	0
0	0
86	0
0	5
0	5
0	2
0	0
0	0
0	0
0	0
0	0
21	17
0	1
0	16
175	20
2	20
1	5
0	3
0	3
0	0
1	3
0	0
0	0
10	337
0	329
0	183
0	318
0	186
0	179
0	318
0	317
0	22
11	285
1	269
0	83
0	0
3	44
0	44
0	43
0	0
0	0
0	0
0	0
0	0
0	0
0	0
0	0
0	0
2	42
0	42
8	0
0	5
0	0
0	98
0	66
0	60
6	83
1	45
0	5
2	11
0	103
0	12
0	25
0	4
0	11
0	3
0	2
0	0
1	0
0	4
0	4
0	3
0	3
0	3
0	0
0	25
0	0
0	0
0	0
89	24
0	10
0	13
0	9
0	4
12	2
47	12
0	8
86	256
0	202
3	156
14	220
0	22
0	196
0	26
0	654
1	675
0	85
0	78
1	35
0	70
0	33
0	1
0	0
0	1
0	0
0	168
0	4
0	154
0	67
0	127
0	132
2	154
4	46
0	53
0	35
0	50
0	0
0	0
0	0
0	0
2	0
0	0
0	0
0	60
0	35
45	256
46	247
0	71
0	55
0	38
7	26
0	23
0	17
0	2
0	9
124	298
3	157
2	142
0	146
7	25
0	4
0	4
0	65
0	35
4	65
5	65
1	1
0	1
0	1
0	0
0	161
0	2
3	161
0	16
0	134
0	69
0	73
22	28
0	71
0	71
0	39
11	29
0	0
4	0
0	12
1	3
1	10
0	62
294	363
1	250
0	320
0	9
0	13
0	97
2	13
0	153
310	602
0	61
0	334
0	491
6	0
0	0
0	0
0	0
0	0
153	317
0	317
0	299
0	61
0	5
0	6
0	4
1	6
0	3
1	0
0	5
0	0
0	6
0	1170
0	1283
0	113
0	258
0	142
0	58
0	148
34	172
0	150
0	147
9	98
20	3
87	490
0	19
0	194
3	473
0	382
0	111
0	176
2	84
24	52
0	91
0	29
0	7
0	0
0	0
0	0
0	1
0	1
0	1
0	0
0	0
0	1
0	0
0	0
0	0
0	0
0	0
13	0
0	0
128	35
0	35
1	210
0	230
0	259
2	279
0	283
0	272
0	0
9	94
8	98
30	3
0	24
0	10
0	11
0	21
0	3
0	3
0	0
0	0
0	0
0	0
0	0
0	0
0	0
0	0
990	9284
23	910
0	9282
136	13
0	10
6	8
1	6
0	0
0	0
0	0
0	0
0	1
0	1
0	0
0	0
0	0
0	0
14	47
0	23
0	45
0	5
3	0
0	0
0	0
0	0
0	0
0	0
0	0
0	0
0	0
0	0
0	0
0	0
4049	1309
9	461
8	324
7	46
8	445
0	0
510	356
3	334
0	117
13	171
0	49
1	74
1	19
0	93
3	13
0	19
0	9
0	0
0	0
0	0
0	0
0	0
0	0
0	0
0	0
0	0
0	14
0	0
0	0
0	0
0	0
0	0
0	0
0	0
0	0
0	0
0	0
0	0
0	0
0	0
0	0
497	3821
3	2825
13	168
2	156
5	54
0	24
0	11
0	0
37	0
0	0
1	0
0	0
0	0
0	0
0	121
0	102
32	46
0	19
1	10
11	19
0	2
0	2
0	0
0	2
0	78
9	83
0	2
0	1
0	63
0	20
287	327
0	327
2	95
2	9
0	82
0	66
0	98
0	84
2	30
0	25
0	25
0	2
0	6
0	2
0	5
0	5
2	0
0	14
0	25
0	18
0	2
2	0
0	2
0	14
0	6
0	4
1	23
0	24
0	0
3	0
0	0
73	0
0	707
0	10
9	8
11	154
11	651
0	0
1	0
20	50
6	24
1	697
192	458
0	458
0	0
0	0
37	124
2	0
0	124
4	27
0	47
7	4
91	80
9	21
0	78
0	0
0	0
0	0
0	0
0	0
0	0
0	0
0	0
0	0
47	0
230	98
22	83
259	1
0	1
0	0
1	46
5	18
0	22
0	22
0	39
0	30
0	26
40	35
0	30
0	27
0	27
0	23
0	25
6	72
0	67
5	14
10	0
0	37
61	38
3	66
2	58
1	5
0	57
28	53
2	7
0	18
0	23
0	8
0	6
0	1
0	0
0	0
17	39
6	35
1	40
0	37
0	21
0	1
0	2
0	2
1	25
8	0
907	1684
4	1310
5	375
7	263
0	0
5	0
5	0
0	0
0	0
0	0
0	0
0	0
0	0
0	0
0	0
1	115
3	123
0	57
2	14
0	6
0	11
0	0
0	0
0	0
0	0
202	7
0	7
0	0
0	0
0	0
0	0
0	0
2	724
20	660
0	0
0	370
6	57
0	129
1	189
10	314
0	246
2	701
0	0
2	3
0	3
0	3
0	3
0	3
0	3
0	2
0	1
0	3
0	0
0	0
0	0
0	0
0	37
7	143
2	18
0	23
143	143
0	0
0	0
0	0
0	0
2415	238
24	261
0	0
0	0
0	0
0	0
9	32
0	32
0	0
3	57
0	53
0	59
0	20
0	8
0	7
5	15
0	0
0	0
0	0
0	0
0	0
0	0
0	0
0	0
0	0
0	0
0	0
0	0
0	0
0	194
0	194
5	12
19	16
0	4
0	0
0	0
0	0
0	0
0	0
0	0
0	0
0	1
0	1
1	1
0	0
0	0
0	0
0	0
0	1
0	0
0	0
0	0
0	0
0	0
0	0
0	0
0	0
0	0
0	0
0	0
0	0
0	0
5	0
0	0
0	0
2	37
0	10
0	35
0	8
0	2
72	1254
2	1253
2	702
0	1
0	1
0	0
0	0
0	1
6	209
3	261
0	197
7	218
0	214
0	201
1	8
0	65
3	8
2	22
0	29
0	35
0	36
0	137
1	119
2	18
0	33
7	54
0	34
9	24
1	18
2	231
0	230
0	224
0	217
8	235
2	232
0	15
0	35
0	31
0	14
8	18
0	0
13	0
0	231
0	264
6	14
0	64
0	230
0	215
0	111
0	93
0	248
0	102
0	102
0	95
1	37
0	26
0	15
0	15
0	0
1	2
0	15
0	15
0	15
6	17
77	25
0	8
0	28
0	24
1	27
9	0
0	28
0	16
0	27
0	28
0	9
0	11
0	11
0	2
0	1
1	2
0	3
0	3
0	0
0	2
0	0
0	0
0	0
0	0
0	2
0	2
0	2
6	0
0	903
259	903
1	555
0	0
0	16
0	0
3	16
0	0
0	2
2	7
7	8
5	8
19	7
0	6
1	4
0	6
44	86
0	86
0	0
0	0
0	0
0	0
0	0
0	0
0	0
0	0
0	0
0	0
0	0
0	0
0	0
0	0
0	0
0	0
0	0
0	0
0	0
0	0
0	0
0	0
0	0
0	0
0	0
0	0
0	0
0	0
0	0
0	0
0	0
0	0
0	0
0	0
0	0
0	0
0	0
0	0
0	0
0	0
0	0
0	0
0	0
0	0
8	366
0	309
3	93
42	362
0	0
0	0
0	0
0	0
2	159
1	159
0	157
3	157
10	0
3	90
0	27
13	183
0	183
4	23
0	45
1	14
16	0
0	0
0	0
0	0
0	0
2	29
0	0
0	41
0	42
0	39
0	4
0	5
0	34
1	0
0	33
0	2
0	5
0	1
2	9
0	9
0	0
0	5
0	0
0	41
0	41
1	81
0	78
0	81
0	1
0	81
0	13
3	3
0	36
0	493
0	476
0	473
0	485
23	474
0	464
0	38
0	478
0	474
0	443
29	434
3	10
0	17
1	4
2	4
0	18
0	19
0	0
0	7
0	121
0	26
1	81
17	9
0	109
1	0
0	26
0	55
0	105
1	6
0	19
3	0
0	6
1	11
0	12
0	3
0	4
0	44
3	8
0	39
0	32
2	24
87	48
0	48
0	0
0	0
134	0
0	18
4	13
12	9
0	1
0	508
0	446
6	217
1	99
4	313
3	28
1	70
14	323
0	0
751	0
2	22
0	21
0	20
0	12
0	7
1	18
0	17
0	6
1	3
0	4
0	1
0	4
4	4
2	4
1	3
1	2
0	1
0	0
0	0
0	0
0	1
0	234
0	274
2	186
34	262
0	233
0	233
0	58
5	242
0	168
0	135
10	21
23	28
0	30
1	32
13	164
1	164
0	13
0	22
0	10
4	7
0	0
0	0
52	1115
5	1115
15	23
2	80
5	92
0	42
5	80
4	123
4	184
0	165
0	548
0	302
29	54
0	54
1	0
0	0
0	0
0	0
0	0
0	0
0	0
0	0
0	0
0	0
0	0
0	0
0	14
0	15
0	15
0	6
0	6
0	0
0	0
1	0
70	114
2	114
1	0
2	1
1	2
2	3
0	2
0	0
0	0
0	0
0	0
0	0
0	0
0	0
8	488
0	556
1	517
0	54
0	116
14	500
0	0
0	128
0	126
0	124
2	86
1	49
0	47
0	40
0	16
1	8
0	0
0	4
0	4
0	0
0	0
0	0
0	0
31	2
1	2
0	0
0	10
0	3
0	10
0	6
0	12
0	0
0	12
54	130
0	26
1	158
1	158
2	32
0	1
0	13
4	12
0	59
0	0
2	4
0	10
0	54
0	8
1	54
0	8
0	5
3	4
0	1
2	5
0	17
0	22
13	48
0	16
0	14
0	3
0	400
15	413
0	0
0	0
0	0
0	0
839	63
4	28
3	62
0	57
0	59
15	259
16	243
0	255
0	200
0	42
67	0
355	170
2	170
27	9
0	9
2	1159
10	1241
6	267
0	900
3	501
3	175
0	122
0	163
0	173
1	24
0	110
0	134
0	117
0	18
1	22
1	22
0	38
0	0
0	0
2	0
2	88
0	48
0	16
0	16
0	16
0	16
0	57
1	14
745	887
0	165
4	447
0	97
0	125
0	80
30	60
30	8
0	34
0	9
0	7
0	7
1	91
0	101
1	25
0	100
0	3
1	0
81	25
0	0
0	12
0	19
0	0
1182	0
0	0
0	0
0	0
0	0
0	0
0	0
0	0
0	0
0	415
0	41
1	0
1	7
2	16
0	415
20	4057
6	18
5	2678
11	3576
0	289
0	3782
4	1497
0	0
11	102
12	14
26	60
0	16
0	101
0	0
0	58
7	277
2	277
0	55
0	277
0	180
2	31
0	31
1	9
0	0
0	0
0	0
0	0
39	162
5	32
0	130
0	0
0	0
0	0
0	0
0	0
0	0
828	121
2	105
11	16
0	0
0	0
0	0
0	0
0	31
1	25
0	32
0	3
0	1
0	1
0	0
0	3
0	0
0	16
0	10
0	32
4	110
0	113
0	84
0	105
0	88
0	4
1	1
0	0
0	0
0	0
0	0
0	18
0	18
0	18
0	21
0	18
1	1
0	6
0	9
0	9
3	6
0	3
0	2
0	0
0	0
0	0
0	21
0	881
342	881
42	126
0	703
1	75
4	50
0	14
0	556
0	560
0	117
5	138
0	576
12	117
5	137
0	41
72	72
0	0
0	576
0	83
0	297
3	0
10	296
1	19
22	114
0	7
0	107
0	0
0	0
0	0
0	0
0	0
0	0
0	0
0	0
0	0
0	0
0	0
0	0
0	38
3	1
0	36
0	39
0	1
0	0
0	0
1	0
0	5
0	0
0	0
0	0
0	0
0	0
0	0
11	46
0	31
0	15
0	4
108	300
51	36
0	30
0	273
0	22
0	68
0	128
0	75
15	45
0	0
0	0
0	0
0	199
5	67
3	180
1	114
0	59
0	74
0	49
0	36
2	9
0	23
5	8
0	0
0	0
0	0
0	0
0	0
0	0
0	0
0	0
0	0
0	13
50	13
0	8
0	8
0	3
0	0
11	69
0	49
0	72
0	74
0	35
0	0
0	11
9	1
2	1
0	0
0	5
0	0
98	65
2	5
0	11
0	2
1	28
0	9
0	9
0	16
0	12
1	0
0	2
0	0
0	2
0	2
0	2
1	2
0	2
0	2
0	0
0	0
5	0
0	0
0	5
0	23
5	75
7	127
0	86
0	98
0	0
0	3462
0	3263
0	3172
0	3385
0	3294
7	3416
0	3371
4	1466
2	109
0	449
0	259
3	150
13	845
0	94
2	482
7	398
0	147
154	19
1	6
0	13
0	4
0	2
0	2
2	122
0	113
0	122
0	60
20	31
0	37
0	39
0	26
4	11
21	9
0	9
3	0
0	119
0	119
0	0
1	169
0	151
5	43
0	3
0	109
0	88
4	52
0	35
0	48
335	122
14	0
35	18
0	15
0	2
0	3
0	0
0	0
0	0
0	0
0	0
0	0
0	0
0	0
106	461
0	111
0	101
0	65
0	317
0	276
0	279
0	143
0	168
0	243
1	117
21	123
0	83
440	846
0	763
0	227
31	0
0	106
62	0
0	4
649	609
52	609
0	0
0	0
0	0
0	0
0	0
0	469
0	501
6	359
0	186
3	141
0	126
38	286
0	238
0	280
0	232
1	226
13	48
0	106
1	32
1	114
1	0
0	0
1	0
0	0
11	493
0	322
0	365
9	226
3	151
0	113
21	120
2	39
0	0
0	0
0	146
0	179
0	56
0	48
0	16
0	0
1	0
1	230
0	112
16	1
30	7
0	35
22	129
61	444
0	407
2	389
0	399
1	384
7	4
0	4
0	4
0	0
3	0
0	0
0	0
0	0
0	0
0	0
0	0
128	13
0	13
0	16
3	187
1	187
0	21
0	42
0	42
0	6
5	35
0	42
0	17
0	99
1	20
0	0
0	0
0	0
0	0
0	0
0	0
0	0
0	0
0	0
0	0
0	0
0	0
0	220
0	227
0	2611
0	2595
0	1630
0	2430
0	1466
0	1529
0	241
2	203
0	2620
0	655
0	237
0	2649
0	196
3	2603
0	195
2	242
1	2326
0	224
3	69
2	117
0	136
8	53
0	2637
0	265
3	265
0	265
2	271
0	12
0	8
0	12
1	6
0	1
2	385
0	169
2	424
2	51
0	22
14	22
20	220
0	61
0	454
7	0
10	285
2	159
0	0
434	143
0	87
0	117
0	36
0	706
2	711
2	701
0	44
0	696
0	104
0	83
0	703
0	502
8	473
0	58
0	479
0	52
1	54
0	109
0	112
0	87
0	59
0	0
0	0
0	0
0	0
0	0
0	68
2	0
0	68
0	186
0	147
0	79
0	155
0	206
0	26
0	210
0	160
0	38
1	32
1	72
0	62
0	35
0	19
0	15
0	215
0	208
0	200
0	199
0	193
0	197
0	190
0	179
0	24
0	10
0	36
3	38
0	207
621	109
21	0
0	16
0	0
0	4
2	45
13	44
0	0
0	44
0	1
0	18
0	0
0	37
0	11
0	43
0	5
0	6
0	5
0	0
0	0
0	0
0	0
0	0
0	0
4	5
0	8
0	9
0	9
0	9
1	8
1	203
6	208
1	154
0	114
0	55
3	11
0	8
0	11
0	5
0	0
0	0
0	0
0	0
0	0
0	0
0	0
0	0
0	0
0	0
0	0
0	0
0	239
12	242
0	112
4	235
0	166
0	114
0	26
0	8
0	0
19	59
0	60
0	58
0	1
0	0
0	6
0	8
0	8
3	4
0	0
0	6
0	6
0	6
0	0
0	0
3	1
0	2
0	0
0	0
0	0
0	194
0	92
2	13
0	10
0	197
7	4
0	0
0	4
688	622
3	622
4	186
0	57
8	129
0	12
0	12
10	12
1	4
0	0
1	69
0	54
0	15
0	22
0	0
0	0
0	0
0	0
0	0
0	0
0	0
0	0
0	0
0	0
0	0
0	0
0	0
0	0
0	10
0	24
0	24
0	24
0	3
0	0
0	14
0	2
0	1
932	259
19	0
0	199
32	37
0	37
0	27
0	26
0	5
0	5
0	5
1	3
0	0
0	0
49	0
401	32
0	32
0	80
0	80
2	78
0	12
0	11
5	52
0	4
0	4
0	0
0	0
9	164
3	19
0	164
2	20
0	33
1	7
51	176
0	148
5	150
0	111
0	28
7	11
13	52
15	13
0	7
0	51
0	0
0	0
0	0
0	0
0	0
7	2
0	2
3	2
0	1
0	1
22	7
10	38
26	41
0	7
0	14
0	12
0	11
0	0
0	0
0	3
0	3
0	0
0	0
0	0
0	0
118	86
0	32
9	59
0	47
0	15
0	10
0	57
49	57
8	55
1	0
3	3
0	0
0	0
0	0
0	0
0	0
0	0
0	0
0	0
0	0
26	55
0	55
0	0
227	89
0	76
0	53
69	1931
3	1548
6	72
1	238
44	1432
0	469
0	453
2	341
0	0
0	0
0	0
0	0
0	0
0	0
0	0
0	0
0	0
0	0
0	0
0	171
3	165
0	165
1	171
0	1
0	0
0	0
0	0
0	0
74	327
0	148
13	0
23	0
0	179
0	36
0	36
2	195
21	41
0	83
0	195
0	195
0	202
0	48
2	24
2	0
50	34
0	0
0	0
0	0
0	0
0	0
0	0
0	0
0	0
0	0
0	7
0	0
2	0
0	0
0	0
0	0
0	7
0	7
0	12
0	12
0	12
0	290
4	290
0	157
2	134
0	125
0	69
0	55
0	157
1	455
0	324
0	269
7	1
0	455
1	0
1	17
2	12
2	11
0	6
0	0
0	0
8	11
0	6
0	13
5	283
0	134
0	65
0	20
0	282
5	283
3	283
0	4
7778	9513
25	4326
19	4496
0	0
0	403
0	114
0	147
0	407
0	405
0	81
0	405
0	28
0	70
0	403
0	403
0	407
17	0
0	0
0	0
1	4
0	4
0	0
0	0
0	116
1	116
0	26
0	0
28	559
0	598
0	598
0	587
1	607
0	552
0	486
0	527
1	463
0	212
0	215
0	1
0	0
51	398
0	57
0	351
0	398
3	252
1	36
0	32
0	23
0	25
0	1
0	47
0	45
12	47
0	20
0	4
0	0
0	0
0	0
0	47
0	15
1	48
0	16
0	268
4	201
1	218
0	253
0	0
5397	0
0	0
0	1
3	36
0	35
2	0
0	101
0	98
7	125
0	75
0	42
1	25
0	2
0	2
0	2
0	0
1	0
0	0
0	0
0	0
71	0
0	0
0	0
0	0
0	0
0	0
0	0
0	0
0	0
0	0
0	0
0	0
0	0
0	0
0	0
0	0
0	0
0	0
0	0
0	0
0	0
161	73
0	24
0	50
0	2
0	2
161	0
2	0
0	0
0	35
0	35
0	35
1	35
0	1
0	0
0	0
0	0
0	0
1	380
0	350
0	370
0	375
0	376
13	349
1	358
0	351
5	28
0	263
0	21
0	190
15	114
0	75
0	74
3	56
29	47
0	10
0	18
0	5
6	2
0	2
25	1
15	0
0	1
0	1
0	18
0	0
0	0
0	0
0	0
0	0
0	0
0	0
0	0
0	0
0	0
0	0
0	0
0	0
0	0
0	0
0	0
0	0
0	0
0	0
0	0
0	0
0	0
0	0
76	74
0	64
0	61
0	0
1	0
2	1
0	1
0	0
0	0
0	0
0	0
0	0
0	1
0	0
0	0
0	0
0	95
0	162
0	155
149	0
9	76
0	76
2	0
0	0
325	0
0	0
0	0
0	0
0	0
1	13
0	0
0	12
0	4
0	0
0	13
0	152
64	0
0	213
0	117
1	117
0	104
0	117
0	114
0	108
0	133
0	136
0	21
0	5
0	9
0	28
2	22
3	17
3	229
0	51
0	229
0	138
0	0
0	0
0	0
0	0
0	0
0	0
0	172
0	0
1947	745
0	144
0	291
5	56
0	333
0	0
0	0
35	297
0	297
2	459
1	147
0	15
1	148
0	20
0	24
8	442
0	74
16	54
2	5
11	22
4	37
0	67
4	82
2	52
0	0
0	0
0	0
0	0
0	0
0	79
0	80
0	79
0	79
0	24
0	32
0	1
53	83
0	41
0	29
3	44
498	1176
1	906
0	385
6	238
0	0
0	41
0	0
0	41
0	1211
0	1
0	1
0	0
0	0
0	0
0	0
0	0
0	0
0	289
12	135
0	209
0	239
0	235
0	101
0	105
0	365
0	46
0	25
0	37
0	356
0	0
0	0
0	0
0	0
0	0
0	2
0	2
0	2
0	0
0	0
0	0
0	1
0	1
0	0
0	45
7	107
79	777
23	743
0	119
0	239
2	418
0	162
0	32
0	82
0	6
38	88
0	4
0	4
0	4
0	3
0	5
0	46
0	1
2	1
0	0
2	3
9	3
0	0
0	0
0	0
0	0
0	0
204	224
5	167
1	177
0	68
0	52
0	52
0	9
24	0
6	78
1184	1415
0	1347
2	1328
0	464
2	463
0	55
1	0
0	0
15	36
1	8
0	36
0	0
0	10
0	20
0	20
0	11
0	6
0	0
0	0
1060	141
0	39
7	32
3	41
2	17
1	28
3	1
0	123
0	0
0	1016
0	1016
1	1016
14	1017
13	911
2	85
3	24
0	24
11	0
3	172
0	469
12	166
0	87
1	15
4	458
3	7
1	7
0	0
0	0
0	0
1	0
0	0
0	0
0	0
0	0
0	0
22	382
16	211
11	171
8	54
61	19
0	0
0	0
0	17
0	22
0	12
0	9
0	25
1	17
0	4
2684	1085
0	228
41	18
14	837
29	666
0	256
0	80
69	58
49	126
38	21
0	93
0	33
0	0
0	0
14	51
0	31
0	38
0	51
0	38
0	5
0	5
7	0
0	0
0	0
54	246
14	246
0	3
0	0
0	0
0	142
0	721
90	748
50	169
5	101
0	32
2	0
0	0
0	14
0	10
0	2
0	1
0	1
0	14
1201	44
0	44
0	223
1	192
0	75
0	46
0	53
0	25
2	6
0	222
0	868
0	870
0	204
2	552
34	8
27	202
0	254
0	109
9	9
0	242
2	228
0	162
8	2
0	0
0	0
0	0
0	1
0	0
0	1
0	0
0	0
0	0
0	0
0	0
2	79
0	79
2	18
0	74
0	6
9	29
0	21
0	69
0	0
0	0
0	0
0	152
3	152
1	0
7	253
0	134
2	0
6	54
0	3
2	51
0	0
0	0
0	0
26	0
0	0
0	0
0	0
0	0
0	40
0	0
0	0
0	0
0	0
0	0
1	66
0	58
0	58
4	53
0	10
11	0
0	0
0	0
0	55
4	48
2	55
0	19
0	26
0	9
0	13
0	3
1	3
0	3
1	3
0	0
399	618
7	492
1	404
0	0
0	0
0	0
0	0
0	0
0	0
0	0
0	0
0	0
0	0
0	0
0	0
0	2174
5	379
0	363
7	276
0	363
23	6
0	6
0	6
3	3
0	0
0	0
0	0
0	0
0	0
0	0
0	0
0	0
0	0
0	0
0	1
0	1
0	0
0	0
170	206
3	205
4	175
1	0
8	48
1	4
0	5
22	122
0	69
0	2
0	0
0	2
0	0
0	0
0	0
0	0
0	0
57	0
0	65
0	65
0	9
0	0
0	0
0	0
0	7
0	0
0	7
0	7
0	7
0	0
0	1
0	0
0	0
0	4
0	7
270	116
1	114
0	0
123	190
0	85
0	107
2	11
12	33
0	63
0	0
0	0
0	0
6	285
3	150
1	273
0	235
0	71
0	77
1	0
0	0
0	0
0	0
0	0
0	0
0	0
0	0
0	0
1183	253
1	100
2	77
0	27
4	49
65	125
0	0
0	125
0	0
1	48
2	0
0	48
0	2
0	2
1	0
0	13
0	0
6	11
0	11
0	0
0	0
1	221
24	221
48	0
91	412
8	165
35	98
2	8
39	0
16	45
0	87
0	199
0	144
0	110
7	5
0	105
0	87
0	0
0	0
78	448
0	0
0	0
295	448
5	2
0	323
12	1797
6	1812
4	0
0	54
0	1067
1	6
0	1798
0	0
0	88
0	12
0	80
1	80
0	14
4	2
0	6
24	585
0	557
0	81
1	45
9	15
0	171
3	416
12	18
2	193
0	57
2	0
0	0
0	0
174	63
14	63
20	4
278	37
0	550
587	593
0	496
0	442
0	0
0	303
0	17
0	5
0	17
0	180
0	167
9	86
0	167
0	166
2	59
0	1121
91	574
1	178
0	732
0	1079
0	1078
0	1017
0	949
0	307
7	22
0	407
2	75
3	33
0	72
0	1118
0	0
0	0
0	0
0	0
0	0
0	0
0	0
0	0
0	2
0	2
0	0
0	0
0	25
0	28
0	25
0	27
0	0
0	0
0	0
0	0
0	0
0	0
0	0
0	0
0	0
0	0
0	0
0	0
0	0
4	1132
16	1108
0	1053
0	1053
1	997
1	43
5	67
2	20
0	1
0	53
3	48
0	0
0	0
0	0
0	0
0	0
0	0
0	0
0	0
0	0
0	0
0	0
0	0
0	22
0	18
0	21
0	5
0	4
0	1003
48	991
0	736
0	107
11	56
0	102
0	242
0	235
0	344
0	0
0	0
0	0
0	0
0	0
0	0
0	0
0	0
0	0
14	131
3	114
18	18
0	149
3	141
0	64
1	12
3	24
1	11
0	20
0	20
0	16
0	14
0	1
0	0
9	1185
0	1185
22	0
2	1143
0	0
0	0
0	0
11	16
0	1
1	0
0	16
0	0
0	0
0	0
53	0
0	3
0	3
0	3
0	14
0	14
3	5
0	6
0	6
1	2
0	0
0	16
17	8
0	8
52	47
0	47
4	8
2	10
0	12
0	0
0	0
0	0
0	0
2	0
0	0
0	1
0	1
0	1
0	0
0	1
0	0
0	2
0	2
0	0
0	2
0	0
0	0
0	0
0	0
0	1
5	3
0	83
0	96
0	3
0	92
0	72
5	83
0	46
0	0
0	0
0	0
0	0
47	610
2	616
0	581
0	41
39	0
0	19
0	0
0	0
0	4
0	4
0	3
0	0
0	0
2	265
2	269
0	224
0	2
0	270
1	124
0	13
0	12
0	14
1	15
0	2
0	0
0	0
0	1
0	0
0	0
0	0
0	0
0	0
0	0
12	203
0	92
0	43
0	0
0	148
0	211
0	252
0	294
0	264
0	224
11	88
9	38
0	0
0	0
0	0
0	0
0	0
0	0
80	134
0	13
1	39
2	6
0	123
0	63
0	43
0	2
0	1
0	0
0	2
0	150
0	141
0	206
0	161
0	124
0	171
0	158
0	147
0	111
0	177
0	101
0	59
0	130
0	102
0	0
0	0
0	0
0	0
0	0
0	24
1	24
52	123
3	123
0	22
2	22
642	220
83	93
43	214
0	0
0	0
0	0
0	2
0	2
0	0
0	0
0	350
2	138
2	224
0	192
0	338
0	326
0	231
0	224
0	250
0	323
0	338
0	312
0	288
0	137
0	4
0	111
0	130
1	72
0	8
0	0
0	108
0	136
0	128
0	47
1	33
0	122
0	71
0	1
0	1
0	45
0	45
0	18
0	13
0	93
0	33
0	33
0	95
0	269
54	294
0	262
0	279
0	1
0	23
10	2
1	7
6	214
0	202
0	56
2	119
0	5
3	85
20	5
0	0
0	281
1	284
0	82
0	58
3	44
0	15
0	3
0	0
0	0
0	0
0	0
0	0
0	0
0	0
0	213
1	206
6	213
0	5
0	0
0	0
0	176
0	99
0	108
0	119
0	27
0	28
0	22
22	86
0	75
0	75
0	35
17	144
0	114
0	104
0	767
1	765
0	763
0	17
0	3
1	754
0	0
0	0
0	165
0	177
0	191
2	207
0	15
0	19
3	130
1	198
12	206
0	36
0	138
0	39
8	5
2	175
0	52
1	37
0	271
0	38
0	50
0	119
2	226
0	7
11	4
0	262
8	77
12	35
22	35
1	155
1	155
0	112
1	151
0	27
0	48
0	6
0	40
0	41
0	12
0	0
1	0
0	0
0	0
0	0
0	0
0	0
0	2
0	2
0	2
0	2
0	2
0	2
0	2
0	0
0	0
0	0
0	0
0	0
0	0
0	0
0	0
0	0
3	601
3	462
2	507
8	105
4	588
0	65
1	173
7	121
0	0
0	9
0	6
0	284
0	0
0	47
1	0
23	6
0	0
0	278
0	0
0	280
25	37
17	44
0	100
15	48
0	284
0	0
0	0
1	180
0	180
0	20
0	0
0	86
0	96
0	87
0	98
1	81
0	93
0	81
0	69
0	4
16	990
0	974
0	861
1	773
0	745
0	130
0	157
76	50
0	50
0	0
0	0
0	0
4	2
0	2
0	2
0	2
0	0
0	1
0	1
3	0
3	0
0	0
0	0
1	8
2	8
0	0
176	119
0	27
0	33
11	67
0	0
0	4
2	16
0	16
0	4
0	0
0	0
0	0
4	0
0	1
0	1
0	1
0	0
0	0
0	91
0	84
0	36
7	42
3	69
0	71
1	14
160	382
0	41
0	299
1	60
1	98
0	47
822	2660
13	557
24	937
1	1160
0	376
0	2308
2	303
4	161
12	304
9	100
1	63
0	0
0	0
0	0
0	0
0	0
0	0
0	0
4	1103
1	310
0	268
4	45
5	77
5	383
2	172
4	54
1	84
6	31
1	20
0	42
7	26
1	30
11	0
0	1073
0	0
0	0
0	0
0	0
0	0
0	95
0	95
0	0
0	0
1	0
2	219
0	200
27	35
0	35
0	10
0	0
0	0
0	0
0	0
0	0
0	0
0	5
0	5
0	5
0	0
0	0
1	345
1	128
1	39
10	15
0	29
0	354
0	1
0	0
0	1
0	0
0	0
0	0
0	0
0	0
0	0
0	0
0	0
0	0
0	685
0	338
26	241
0	356
1	80
45	103
31	22
32	26
0	692
0	1044
0	3734
0	1210
2	202
10	30
0	649
8	86
10	597
0	593
1	446
2	604
1	179
0	105
241	27
0	3727
18	159
6	27
0	5
0	132
6	24
0	0
0	0
85	82
151	82
0	0
0	0
0	0
0	0
180	61
0	38
5	42
0	11
27	127
0	9
4	9
1	97
0	69
6	251
0	252
0	240
0	36
13	65
0	250
0	3
0	7
0	37
0	250
0	251
0	0
0	0
0	0
0	0
0	0
0	0
2	0
0	2
0	0
0	0
0	2
0	0
0	0
0	0
0	0
0	0
0	0
0	0
0	2
0	2
0	0
3	5
0	4
0	4
0	5
0	0
0	1
0	0
0	0
0	0
3	0
2	54
0	54
1	39
0	40
0	18
0	15
0	7
0	5
0	5
0	0
0	0
0	0
0	0
1	68
2	56
0	4
0	66
0	3
2	3
0	0
0	0
0	1
0	1
0	0
44	89
1	72
0	25
0	16
2	1
2	198
0	116
0	144
5	20
0	146
0	23
32	37
3	26
0	3
1	29
2	13
4	0
17	253
0	373
0	356
0	348
0	302
0	75
0	53
0	29
0	0
0	0
0	0
7	64
0	91
0	0
0	99
3	2
2	0
0	91
0	32
1	85
1	99
0	32
0	59
0	35
439	270
9	270
10	199
3	48
0	38
0	6
0	8
5	5
0	48
0	0
0	0
0	0
0	0
0	0
0	0
0	0
0	0
0	0
0	0
0	0
0	0
0	0
0	0
113	447
0	447
0	218
45	0
0	0
0	0
0	0
58	0
0	0
0	5
0	5
0	0
0	0
0	0
0	0
0	0
0	0
0	0
0	0
0	0
4	1991
15	13
0	597
2	1687
0	1756
0	1702
0	1746
0	1774
0	147
0	40
4	5
0	120
0	74
0	280
36	0
7	111
4	122
0	2034
0	104
132	278
2	137
1	14
3	95
2	168
0	156
0	199
0	158
0	3
0	0
0	2
0	3
0	0
0	0
0	0
0	0
1	150
1	76
0	134
0	143
0	22
0	36
0	18
0	0
7	57
0	10
0	12
0	4
47	5
0	4
1	5
0	206
0	17
12	58
0	30
0	182
1	74
2	203
0	3
0	32
3	80
13	6
0	0
0	0
0	0
0	0
0	0
0	0
0	0
0	0
0	0
5	2
0	5
0	3
37	110
0	1
0	1
0	0
0	0
0	0
0	3
0	21
0	22
3	3
0	0
0	0
0	22
0	21
0	0
0	0
0	0
0	0
0	0
0	7
1	0
0	0
0	0
0	0
0	0
0	0
0	7
0	0
0	0
0	0
0	0
0	0
0	0
2	0
0	0
0	0
0	0
0	0
0	0
0	0
0	0
0	0
0	0
0	0
21	119
1	119
236	40
4	40
0	47
1	46
6	30
0	8
1	7
0	3
0	21
6	9
1	14
9	13
0	36
133	74
0	2
0	0
0	70
12	2
0	0
0	2
0	0
0	0
6	25
325	132
0	88
11	19
4	0
11	0
0	204
0	178
0	6
3	133
1	68
0	69
0	0
0	0
0	0
0	0
0	0
0	0
0	0
0	0
0	0
0	0
0	0
26	27
0	27
0	4
155	42
22	16
0	26
15	0
0	69
0	86
9	61
0	71
0	79
0	57
2	50
0	30
0	35
4	0
5	0
12	34
1	34
0	73
17	72
10	14
1	14
4	23
3	8
0	10
0	20
0	8
0	6
0	23
2	10
120	20
0	14
0	6
62	245
0	245
0	245
0	0
0	0
0	0
0	0
0	0
0	0
0	0
0	0
0	0
0	0
0	0
0	0
0	0
0	0
0	0
0	0
0	8
0	8
0	0
0	0
0	200
88	245
1	161
0	10
2	5
0	5
0	0
0	0
0	0
0	0
0	0
0	0
0	0
14	0
0	0
0	0
0	0
0	0
0	18
0	10
10	7
0	8
0	6
0	2
2	7
0	2
0	2
0	1
0	1
0	1
0	2
0	3
0	2
0	2
0	0
0	0
0	1
2	0
602	54
17	53
0	0
0	0
0	61
2	174
0	170
0	4
0	54
0	3
0	52
4	39
0	0
0	0
0	0
0	58
0	6
7	19
0	41
0	2
0	0
0	11
0	0
0	23
0	18
0	27
0	145
0	145
1	122
0	127
1	91
0	64
0	46
0	26
0	51
0	27
0	24
0	145
0	1
0	1
0	1
0	25
0	3
0	25
0	25
0	22
0	1
0	0
0	0
0	0
0	0
0	0
0	0
0	0
20	0
0	6
0	7
0	7
0	1
0	0
0	110
0	115
0	115
0	111
0	37
0	40
0	40
0	24
0	14
0	2
0	0
0	0
0	22
0	1
0	1
0	21
1	0
0	16
3	16
0	3
1	11
2	516
4	363
1	507
0	390
0	390
0	389
0	441
6	25
0	2
0	63
0	60
3	0
0	4
0	51
0	9
0	9
0	10
0	60
0	3
3	2
0	11
13	22
0	0
0	0
0	0
0	0
0	0
4	180
0	0
76	105
0	88
0	60
0	47
0	57
0	23
2	100
0	102
2	153
0	206
0	21
4	28
0	28
0	33
0	4
0	4
0	0
0	0
2	57
0	67
44	54
0	111
0	20
0	22
0	90
0	42
0	23
0	30
27	81
8	192
0	193
0	36
0	29
0	21
0	81
0	38
0	26
0	15
0	11
0	9
81	30
2	32
0	26
0	2
4	22
1	16
0	194
0	0
0	0
0	0
0	0
0	0
0	28
6	121
0	80
65	127
42	434
25	35
8	117
4	436
0	260
0	5
136	14
0	14
6	77
0	44
5	75
0	75
0	75
0	46
0	45
1	23
0	30
0	13
0	11
0	22
2	97
0	105
0	16
0	27
0	12
0	12
5	38
1	0
1301	22
11	22
2	6
0	305
0	7547
0	7407
0	389
2	209
4	154
6	119
31	1691
51	1766
0	199
18	180
0	0
2	0
0	0
0	0
0	0
0	0
3	1
0	12
0	6
0	11
0	35
0	31
0	7
45	1831
0	1797
0	1492
2	243
1	336
3	274
0	66
26	180
0	0
0	0
0	0
0	0
0	0
0	0
0	0
0	0
0	0
0	0
0	0
0	1797
1184	2428
6	717
1	503
2	1181
2	571
0	643
1	487
0	0
0	0
0	0
0	260
0	228
0	133
1	77
0	101
0	98
3	7
0	79
2	79
0	21
0	64
0	62
11	1
0	260
10	76
0	76
3	62
0	60
0	33
0	29
0	11
0	23
0	6
0	10
0	10
0	10
0	4
0	6
0	3
0	6
1	6
0	1
23	355
0	413
0	329
0	336
0	42
0	0
0	4
0	4
0	4
0	0
0	0
42	4
7	4
0	2
0	3
0	3
0	1
0	2
0	2
0	2
0	2
0	1
0	2
0	0
0	0
3	0
0	2
2	75
0	157
0	5
5	10
0	12
0	6
0	8
0	5
0	79
0	0
24	256
0	243
11	140
0	12
15	6
55	27
0	15
0	19
141	481
1	438
0	66
16	186
5	21
0	0
0	0
0	0
0	0
0	0
79	69
12	69
0	0
0	0
0	0
132	113
0	69
0	41
0	63
0	0
0	0
60	21
0	21
0	0
0	0
0	0
0	0
0	0
0	0
0	0
297	27
15	27
13	27
0	1
0	1
0	0
0	0
0	0
0	0
0	0
1	0
0	0
335	844
2	844
0	0
0	2
0	2
0	0
0	0
0	0
0	0
0	0
0	0
459	14
0	14
0	0
0	0
0	0
0	2
0	0
0	0
0	2
0	0
0	2
0	0
0	0
0	0
0	0
0	0
0	0
0	0
0	4
0	4
0	0
0	0
0	0
0	4
0	0
0	0
0	1
0	0
0	0
0	0
0	1
0	0
0	1
0	1
0	1
0	0
0	0
0	0
0	0
0	0
630	76
1	76
0	11
0	15
0	15
0	0
0	64
86	108
0	111
0	100
1	41
0	21
0	8
0	4
0	14
12	63
0	110
6	0
0	17
21	60
0	8
0	40
0	1268
0	515
28	61
0	645
0	724
0	49
0	727
0	286
0	192
0	626
0	64
0	52
0	1244
0	1277
8	2
0	37
0	0
0	1
0	2
0	34
0	33
0	33
0	74
0	73
0	60
0	73
0	73
0	53
0	68
0	8
0	16
0	19
0	0
0	22
0	31
0	26
0	19
0	22
0	13
0	17
0	12
0	6
0	13
0	12
0	3
0	6
0	1
0	170
0	174
0	164
8	84
0	61
1	17
0	170
152	553
1	0
0	9
1	9
0	2
0	0
0	0
0	12
1	6
0	5
0	5
0	5
0	9
0	2
1	8
0	2
0	2
1	1
0	0
0	4
0	0
932	1210
0	441
24	102
49	806
0	128
0	161
0	168
0	103
0	0
0	0
0	0
0	0
8	175
0	218
0	249
0	4
0	0
0	0
0	0
0	0
0	0
0	0
0	0
0	0
0	0
0	0
0	0
0	0
0	0
0	0
0	0
71	167
1	167
216	169
0	140
0	85
4	3
12	124
0	0
0	99
0	53
0	55
0	109
1	46
1	29
0	0
0	0
0	3
0	3
1	24
0	26
0	15
0	7
0	16
5	20
0	24
0	24
0	19
1	22
0	8
0	1
0	4
0	0
0	89
0	89
10	0
0	20
0	9
0	8
0	0
0	447
0	470
0	410
0	451
1	51
1	103
0	54
0	102
0	0
0	0
0	0
0	0
0	0
0	0
0	0
0	0
0	0
0	0
0	47
0	45
0	5
0	11
0	10
9	47
0	12
0	3
7	1
0	0
0	0
1	92
5	0
0	92
0	0
0	87
0	76
0	10
0	0
0	0
0	0
0	0
0	0
0	0
175	855
4	290
67	427
3	46
0	236
0	209
0	0
459	0
2	364
0	342
0	85
0	389
1	33
31	0
49	0
3	264
2	10
0	1
0	1
0	14
1	1
0	1
0	1
0	1
0	1
0	0
0	1
0	6
7	6
0	0
0	3
0	0
0	3
0	0
0	0
0	0
0	0
0	0
0	0
0	0
0	0
10	0
2	125
5	131
0	25
63	5
13	89
4	4
0	39
0	41
3	129
116	128
0	91
0	0
0	0
0	0
0	0
0	0
0	0
0	0
0	0
6	175
34	190
2	142
0	22
3	1171
0	1065
0	177
0	829
0	17
0	73
0	6
0	0
59	139
0	131
1	10
0	138
3	18
0	91
0	21
0	4
0	5
21	71
0	59
1	61
0	9
0	15
0	4
0	31
0	0
0	0
0	319
0	316
2	207
1	14
2	37
0	46
2	13
6	45
2	37
0	4
0	3
0	2
0	1
2	0
0	0
1	0
0	0
0	0
0	0
0	0
0	0
47	19
0	19
0	0
0	0
2	2
0	1
0	1
0	1
1	54
0	54
0	21
2	0
0	27
0	52
0	6
919	286
5	192
0	76
0	103
5	35
1	89
0	87
11	12
0	0
0	0
0	0
0	0
0	0
0	0
0	0
0	0
0	0
0	149
0	141
0	81
0	39
0	16
0	150
0	4
10	0
0	0
0	0
2	4
0	19
34	19
40	968
2	447
0	945
0	941
0	906
0	107
0	59
0	54
0	47
0	59
0	81
0	53
5	39
7	25
337	0
0	5
0	5
0	5
0	5
0	0
0	77
0	1
0	77
0	6
2	26
2	0
0	71
1	0
0	0
0	0
0	0
0	0
2	0
0	335
6	335
18	63
0	22
0	43
2	41
0	66
0	70
3	144
0	123
0	20
0	19
0	35
6	76
2	67
1	14
0	0
0	0
8	0
1	0
0	0
0	130
0	6
5	89
7	3
0	69
0	72
1	9
0	4
0	1
0	41
1	21
0	0
0	3
0	21
0	0
0	3
0	22
0	0
0	4
0	4
0	10
0	1
0	0
0	0
1	287
0	242
0	139
11	100
0	10
2	4
0	0
0	0
0	286
27	194
0	146
0	87
0	68
5	162
1	24
0	127
13	36
0	46
0	39
328	288
0	286
0	80
0	36
13	354
0	336
0	64
1	75
0	0
74	58
0	4
1	54
1	8
0	50
1	57
0	30
0	68
0	58
0	54
18	55
1	3
0	46
0	567
4	105
0	567
27	936
0	21
43	12
1	927
0	0
0	0
0	0
0	0
0	0
0	3
0	2
0	2
1	1
1	0
0	0
15	902
0	924
8	895
5	106
4	736
20	871
135	400
2	0
0	85
7	12
1	215
1	98
1921	502
7	502
0	178
0	505
2	64
0	154
0	508
99	152
0	93
0	73
0	46
0	498
0	27
8	77
2	315
0	336
15	45
15	40
2	22
0	215
0	47
0	1
0	2
0	0
0	1
0	1
0	0
0	2
0	2
0	1
0	2
0	5
0	4
0	0
0	6
11	54
0	54
0	3
0	13
0	17
23	46
0	34
0	0
3	0
1	0
0	12
0	5
0	5
0	27
1	42
0	3
1	3
0	42
0	24
0	14
0	4
0	8
0	1
0	1
0	1
7	1100
1	36
0	978
0	720
23	25
0	3
2	0
1	17
0	5
10	2
0	5
8	4
0	0
2	111
0	23
0	93
0	66
7	11
0	42
0	33
0	25
0	199
0	99
0	127
0	166
0	172
0	99
0	128
67	227
0	166
0	208
9	45
0	11
13	44
0	40
823	632
17	566
46	48
0	118
0	200
1	260
33	156
5	152
0	44
0	105
9	18
2	18
5	2
0	0
3	4
0	2
0	8
0	2
0	2
0	2
1	1
0	2
1	14
0	14
0	0
0	0
0	1
0	3
0	0
0	88
6	178
0	163
28	156
2	25
290	524
2	439
10	514
23	38
0	0
0	0
0	0
13	0
10	0
0	55
206	55
0	3
0	8
0	6
1	3
2	3
0	8
1	15
0	246
0	246
0	1
0	0
0	57
0	237
11	129
3	206
0	32
1	45
0	36
0	4
2	46
0	12
0	12
0	7
0	14
0	14
0	46
0	46
0	0
0	0
0	0
0	0
0	0
0	0
0	0
9	0
3	107
0	101
13	17
0	37
0	92
0	107
2	33
0	0
0	0
0	0
0	0
0	0
0	0
0	878
0	913
0	910
0	853
97	257
0	657
0	854
0	393
0	805
0	697
0	366
0	774
0	73
24	84
1	24
0	47
1	50
15	349
0	107
49	202
16	0
0	0
16	39
0	24
0	33
0	0
0	0
0	0
0	0
0	0
0	0
0	3
1	222
0	114
0	32
1	96
10	114
0	49
69	123
0	37
3	544
0	570
0	63
3	409
0	354
5	63
0	64
1	40
0	85
0	18
11	16
0	78
1	4
1	17
0	0
0	0
0	0
0	12
0	68
3	88
0	87
0	143
0	51
0	79
0	77
0	68
15	65
1087	710
22	205
0	531
11	101
0	33
0	33
0	33
0	10
0	9
0	10
0	7
0	0
0	0
0	0
2	37
0	4
2	37
1	0
13	30
1	30
0	3
12	96
1	83
0	10
0	0
0	0
0	10
1	148
0	86
0	97
0	14
0	24
0	53
13	4
13	34
26	22
1	28
1	13
0	0
0	1
0	1
0	1
38	3751
3	1152
21	887
11	1031
0	3699
3	0
0	203
193	608
1	495
32	197
45	83
24	19
16	0
26	17
0	1
0	1
0	1
0	1
0	1
0	1
0	1
0	1
0	1
0	1
0	1
0	1
0	1
0	1
1	1
0	1
0	1
0	1
0	0
0	0
0	0
0	0
0	0
0	0
0	0
0	20
0	14
0	100
0	89
0	16
0	7
0	13
0	21
0	8
0	0
0	0
0	0
0	0
0	0
0	7
0	462
6	301
0	23
14	1
0	3
2	460
0	447
0	236
0	228
0	129
53	133
0	47
3	0
0	229
0	0
95	102
4	102
0	0
0	1058
0	1058
0	93
3	129
15	1045
20	296
0	0
0	0
0	1
0	1
0	0
0	0
0	0
0	0
0	0
0	0
0	0
118	0
1	7
87	21
1	4
0	16
0	1
3	0
0	2
0	2
1	232
0	229
7	156
0	0
0	0
0	0
0	803
1	421
0	188
0	772
0	816
0	553
19	30
1	24
0	72
0	759
0	52
2	48
0	16
3	52
0	21
2	0
3	0
0	6
0	0
0	0
0	0
0	0
0	0
0	0
0	33
0	31
0	8
0	0
0	0
0	0
0	0
0	0
0	0
0	0
0	0
0	0
0	0
0	288
0	60
6	52
0	32
1	34
0	288
0	0
0	0
0	0
0	0
0	0
0	0
0	0
0	0
0	0
0	0
0	0
4	55
71	0
0	175
0	171
0	169
0	51
0	9
0	171
0	175
0	0
0	6
0	5
1	6
0	10
0	107
2	6
0	17
0	0
0	0
0	0
0	0
0	0
440	275
2	82
1	22
0	178
0	0
0	0
0	0
0	0
0	0
0	0
0	0
0	0
0	0
0	0
0	0
0	0
0	0
1	185
0	180
0	42
0	102
0	32
0	23
0	22
0	26
1	24
0	24
0	22
0	20
0	12
0	5
0	1
0	1
0	3
0	3
0	3
0	0
0	0
0	0
0	0
6	138
0	121
0	21
1	7
0	26
0	627
0	637
1	60
1	8
0	644
0	0
0	2
0	2
0	2
0	2
0	2
0	2
0	2
0	2
0	0
0	0
10	0
0	0
0	0
0	0
0	0
0	0
0	0
0	0
311	191
0	120
0	15
15	125
0	68
0	65
0	2
0	0
0	2
607	260
1	73
0	169
0	117
4	111
1	94
185	0
0	0
0	0
0	0
0	0
0	0
0	0
0	0
0	0
0	0
0	0
0	0
0	0
0	0
0	80
0	83
0	8
0	81
2	1
0	0
0	0
0	0
0	0
0	0
0	0
0	0
0	0
0	0
0	0
0	0
0	0
0	0
0	0
0	344
5	343
4	207
0	282
2	1
17	177
16	331
0	0
0	0
0	0
0	0
0	0
0	0
0	1
1	7
0	1
0	0
0	1
0	0
0	2
0	7
0	4522
49	876
11	1
0	333
0	4461
0	4434
0	4487
0	4151
1	138
7	323
2	0
9	47
0	204
0	118
1	207
0	4479
0	4236
0	3900
6	265
0	205
0	242
0	2119
167	3939
0	1078
0	1068
0	667
0	238
12	3913
0	3861
0	494
0	1018
15	411
20	407
48	1876
0	533
3	806
0	443
0	853
0	3904
0	2589
0	3013
0	38
1	118
0	15
0	14
0	12
0	26
0	6
3	6
0	0
0	0
0	4
0	4
0	4
0	4
0	0
0	0
50	304
0	59
1	249
0	0
20	29
4	175
0	0
0	0
265	3427
0	2522
0	3374
4	1106
2	210
10	219
0	237
15	1384
1	483
0	773
0	537
0	0
0	0
0	12
0	77
0	65
0	11
1	13
2	64
0	0
0	0
0	0
0	0
0	0
0	3
0	3
0	3
0	3
0	36
168	65
0	65
1	3
0	3
0	0
0	0
0	0
0	0
0	0
0	1
0	0
0	1
0	0
0	0
0	1
0	0
0	0
0	0
0	48
325	48
77	268
3	1
0	98
0	39
0	49
75	134
124	112
37	112
1	3
3	3
0	0
0	0
0	0
0	0
59	43
0	16
0	0
0	9
3	10
0	42
94	889
0	817
0	123
0	181
0	111
3	125
0	507
0	507
0	507
0	419
0	1
0	1
0	0
0	0
0	0
0	1
0	0
0	0
0	0
0	11
0	10
0	10
0	11
0	0
0	11
5	0
0	71
5	72
0	22
4	4
1	1
11	15
3	2
0	0
64	0
1	0
0	0
0	0
347	323
0	167
25	133
8	13
0	28
0	1
0	1
0	0
0	26
13	44
0	8
85	97
2	90
0	0
0	0
0	0
0	0
0	0
0	0
0	2
0	2
0	2
0	1
0	0
0	0
94	41
0	40
0	40
0	31
2	2
4	3
0	0
0	0
0	4
3	4
0	190
0	79
0	158
0	144
1	133
0	46
0	158
0	144
0	122
3	116
17	155
0	10
0	35
0	20
0	2
0	2
0	0
0	0
0	0
1	0
0	0
0	0
0	68
0	57
0	68
0	11
0	50
0	0
0	0
0	12
0	1
0	0
0	0
7	42
0	19
0	41
113	377
4	347
3	414
1	130
74	4
6	58
0	75
30	75
0	65
0	0
0	0
0	0
0	0
0	0
0	0
0	0
0	0
0	0
0	0
0	0
0	0
0	0
13	78
6	2
1	2
0	0
7	30
0	61
211	991
3	347
3	326
0	511
27	192
0	6
0	6
3	0
2	5
0	0
0	0
8	246
1	136
28	41
0	86
1	246
0	48
3	26
0	35
1	35
0	57
0	0
3	4
0	4
0	0
0	0
0	1
0	1
0	1
0	1
0	0
0	0
0	0
0	0
0	0
0	0
0	0
0	0
0	0
0	0
109	8
0	6
0	0
0	0
0	0
0	0
0	0
0	0
4	24
1	24
759	0
1	4
549	378
0	368
0	288
0	36
4	72
0	7
0	44
1	19
0	12
0	35
0	3
0	0
0	3
0	3
0	0
0	0
1	0
0	3
0	0
0	0
0	0
0	0
0	0
0	0
0	0
0	0
0	0
0	4
0	4
0	3
0	1
0	0
0	0
0	55
0	69
0	69
0	46
2	16
2	17
0	0
0	0
0	0
0	0
0	0
28	859
0	48
0	60
0	328
0	815
0	788
1	781
1	88
0	0
0	82
0	71
3	63
10	9
0	103
2	154
0	87
31	75
0	50
0	27
0	27
0	27
0	28
0	28
0	28
0	28
0	28
0	28
0	28
0	28
0	28
0	28
0	28
0	28
0	27
0	0
0	5
0	0
0	4
0	1
0	11
0	11
0	3
0	2
0	0
0	28
0	28
0	1
0	0
0	1
1	357
0	357
3	357
0	340
1	294
0	41
0	11
0	65
39	120
0	14
0	16
2	114
0	15
0	27
0	0
0	0
0	0
0	0
4	123
87	831
3	123
1	750
26	806
0	9
0	0
0	0
0	0
0	0
0	0
0	38
1	56
0	0
5	0
0	0
1	0
0	0
0	0
0	0
0	0
0	1
0	1
0	0
2	2
0	2
0	4
0	3
1	2
10	4
0	4
0	4
4	4
0	4
0	0
0	0
0	38
77	38
591	380
31	380
0	7
0	7
0	3
0	7
0	4
0	4
0	0
0	1
2	3
0	1
0	0
0	1
0	0
0	0
0	1
133	459
3	282
4	122
3	28
1	45
0	98
10	109
94	84
6	60
0	24
55	1
0	1
0	212
0	131
17	212
0	0
2	0
0	0
0	3
0	4
0	5
0	5
0	4
0	5
0	5
0	0
0	0
0	0
0	0
0	0
0	0
0	0
0	0
0	60
1	60
0	60
3	56
1	2
1	10
2	15
0	11
0	4
0	2
0	15
0	0
2	7
0	46
65	272
0	110
1	78
0	47
5	91
0	47
14	228
2	31
0	17
165	0
9	212
518	483
3	64
1244	358
20	54
3	280
2	114
1	352
0	48
0	28
28	81
0	60
35	353
0	222
3	14
6	353
4	0
0	50
0	50
0	14
0	0
0	0
3	67
0	64
0	0
0	0
0	0
0	0
0	0
0	0
0	0
0	0
0	0
0	0
0	6
0	2
20	7
128	32
5	6
0	14
0	16
0	1853
4	421
1	1853
5	1474
2	417
0	1185
7	76
1	77
0	186
0	1633
0	140
0	159
0	519
0	374
10	224
4	1083
0	1
0	1
0	0
1	0
0	0
0	91
0	67
0	80
0	6
0	92
0	83
0	121
0	107
0	84
1	31
4	20
8	0
0	0
0	0
0	0
0	0
0	0
0	0
0	0
0	0
0	8
0	8
0	5
0	0
0	3
0	1
0	0
0	4
0	4
0	1
0	0
0	8
3	24
23	4
4	28
95	481
0	360
3	432
13	82
62	54
0	39
0	3
0	15
0	0
0	0
0	0
54	44
0	44
2	2
4	4
0	2
0	2
0	2
0	0
0	0
1	0
0	0
0	0
0	0
0	0
0	0
0	0
0	0
0	0
0	0
0	0
0	0
0	0
0	182
0	175
15	120
0	21
4	21
2	5
157	90
0	27
0	4
3	2
0	33
0	73
0	73
0	0
0	0
0	14
0	14
0	0
5	0
0	83
1	58
1	32
0	89
0	87
0	40
0	54
0	52
0	24
1	16
1	5
0	87
0	82
85	691
225	691
0	0
0	0
0	0
0	0
0	0
0	0
0	1
0	0
0	1
0	0
0	0
0	0
0	0
0	0
1	0
0	374
13	94
0	379
1	8
4	80
4	375
0	247
0	4
3	25
0	51
0	41
0	7
0	379
0	0
2	0
0	190
0	5
1	15
0	15
0	190
0	42
1	76
0	72
15	113
2	15
0	162
0	4
0	101
0	96
0	77
0	89
0	134
0	56
0	12
0	12
0	17
0	2
0	11
0	1
0	5
0	5
0	668
5	669
6	469
3	89
13	72
803	104
38	104
10	162
0	40
45	128
18	66
0	4
1	27
0	6
0	5
1	23
0	17
0	5
1	9
4	8
0	0
0	0
0	0
0	0
0	0
0	0
0	0
0	127
0	131
18	103
0	120
3	6
0	107
0	14
0	17
0	26
4	124
0	124
16	289
0	20
1	41
3	10
3	44
3	249
0	114
19	0
3	44
0	18
9	24
0	0
0	1
0	2
0	3
0	4
0	1
0	0
1	1
0	2
0	2
0	2
0	0
0	0
68	73
2	73
0	0
0	88
15	5
0	54
5	58
0	36
33	451
0	330
28	437
0	183
3	96
65	66
0	47
4	1
1	1
0	0
0	4
2	4
0	4
0	4
0	0
0	0
0	0
0	0
0	0
3	7
0	7
0	7
0	0
0	0
0	0
0	0
0	0
0	0
0	0
0	0
0	0
0	0
0	0
0	0
0	409
0	242
0	398
0	23
0	51
16	98
1	9
8	30
47	17
0	4
0	13
0	13
0	121
0	125
1	17
0	53
0	8
0	12
71	12
0	0
8	376
0	640
1	626
0	0
0	0
0	0
1	0
0	0
0	0
0	86
0	73
4	87
0	87
0	84
7	75
0	76
0	80
0	6
0	4
0	16
0	78
15	0
0	0
0	0
0	0
0	0
0	0
0	0
0	0
0	0
0	1
0	1
215	65
0	25
0	18
0	29
13	2
1	105
388	105
10	40
9	1291
0	481
7	583
0	503
3	514
5	324
2	201
0	123
0	1371
3	4
0	4
2	303
0	1079
1	1148
1	1006
0	283
39	299
0	353
0	224
0	59
0	112
1	163
0	102
0	157
1	56
2	57
0	0
75	0
1	1
0	1
2	0
450	0
0	0
0	0
0	85
1	43
0	29
0	5
0	82
0	70
0	82
0	5
1	15
0	18
0	21
0	8
0	0
5	68
8	68
0	68
216	133
47	63
4	108
98	384
314	465
0	471
0	38
0	10
0	2
0	0
0	1
0	1
0	0
0	0
0	0
0	0
0	0
62	480
0	302
0	231
3	33
26	0
0	21
0	30
1	19
1	14
0	19
0	14
0	1
0	11
0	9
1	9
0	32
0	0
0	0
0	0
357	1186
0	1104
8	823
8	840
0	463
109	0
1	0
0	0
0	276
1	276
0	9
1	0
0	41
0	106
0	276
0	61
0	130
3	57
0	126
4	124
26	4
0	4
191	304
0	38
2	88
0	182
0	10
5	40
0	131
17	3
1	38
0	699
11	699
0	10
0	2
1	2
0	0
0	0
0	0
0	0
0	0
107	1146
0	82
1	83
0	348
0	331
1	24
0	29
0	4
0	341
0	348
279	46
3	26
2	20
0	1519
0	1528
0	5
0	313
1	81
7	1539
3	1530
0	471
0	72
0	31
8	108
0	469
32	54
0	297
0	108
0	97
5	471
0	3
0	3
0	0
0	2
0	23
1	135
0	129
1	75
0	5
0	4
0	0
0	0
0	0
0	177
0	154
0	110
3	65
0	15
0	10
0	105
140	0
3	42
0	25
0	42
0	144
11	144
0	10
0	274
11	314
0	317
0	305
15	21
0	178
0	261
0	288
0	6
0	198
2	284
28	1
10	289
0	0
0	0
0	0
0	0
0	0
0	0
0	0
0	0
0	0
0	0
0	0
0	0
0	0
0	0
0	0
0	0
0	0
0	0
0	0
0	0
0	0
0	0
0	0
0	0
0	0
0	0
0	0
0	0
0	0
3	430
1	248
0	42
5	128
5	157
0	282
0	290
0	80
0	35
0	10
0	7
0	43
16	0
0	17
0	17
1	4
0	1
242	0
0	0
121	0
1123	45
58	58
1	36
4	20
178	127
0	127
0	0
0	5
0	6
0	5
0	6
0	2
0	2
0	0
0	0
0	0
0	23
1	25
2	2
4	1
0	17
0	0
0	0
1	0
11	4
0	0
1	4
3	65
0	40
590	253
4	180
0	0
0	0
0	0
0	0
0	0
0	0
0	0
0	0
0	0
0	0
0	104
0	103
0	21
0	100
0	20
0	0
0	0
0	0
229	215
0	134
0	26
0	55
1	111
0	119
0	47
0	55
0	50
0	57
2	1
0	1
1	6
0	6
0	0
0	0
0	0
0	3
0	0
0	0
0	0
0	0
0	0
0	0
0	0
0	0
0	0
0	0
839	0
0	89
5	94
0	59
0	13
1	3
0	8
22	15
1	2
0	15
0	0
0	0
0	0
0	0
0	0
0	0
0	0
0	0
0	0
0	0
0	0
0	0
0	0
0	0
0	0
0	4
0	0
0	34
0	30
0	33
0	34
0	21
0	24
0	6
0	14
0	17
0	17
3	10
0	6
6	0
0	33
0	29
459	0
6	0
0	0
0	0
0	2
0	2
0	0
0	0
0	0
0	0
0	0
14	273
11	273
14	22
2	42
0	18
0	20
1	20
0	16
0	15
0	7
2	15
0	6
2	0
31	229
1	223
0	142
1	133
21	0
0	2
0	88
0	35
0	88
0	0
0	30
2	32
0	14
0	29
0	0
0	24
0	14
0	14
1	25
4	3
0	25
0	0
647	404
4	2
0	56
19	185
13	80
0	150
1	37
4	38
2	60
2	43
6	7488
3	2262
2	572
14	1849
9	1986
7	5060
0	0
0	0
0	0
0	0
0	0
0	0
0	0
0	0
0	0
0	0
0	0
0	293
0	284
0	30
0	284
0	271
0	21
0	270
2	10
0	27
0	19
2	12
1	18
0	0
0	0
0	0
0	0
0	0
30	35
0	7
0	21
0	23
0	22
0	13
0	728
0	3033
20	280
0	956
1	44
3	283
3	2267
0	939
2	242
0	402
0	198
1	203
0	191
1	3
3	88
0	54
0	23
0	4
0	0
5	0
9	17
0	17
1	2
0	1
0	1
0	1
0	0
0	0
0	0
0	0
0	0
0	0
0	0
0	0
0	0
0	0
0	0
0	0
0	0
0	0
0	0
703	59
60	57
75	0
0	0
0	683
0	654
6	464
0	665
668	5251
0	2081
7	643
0	0
0	1
0	1
0	1
0	1
0	1
0	1
0	1
0	1
0	1
0	1
0	1
0	1
0	0
0	1
0	1
0	1
0	1
0	1
0	0
0	0
0	0
0	1
0	0
1	0
0	0
0	0
0	2
0	0
0	5
0	3
0	5
2	3
0	0
0	0
0	4
0	1
0	5
54	0
0	391
0	173
0	74
0	174
0	126
0	189
0	4
0	106
0	370
0	85
1	53
0	2
0	0
2432	576
9	262
0	0
2	404
13	404
84	91
2	94
3	10
0	93
3	69
0	18
50	30
4	27
0	20
0	20
0	20
0	21
0	18
0	19
0	20
0	3
0	4
0	0
0	0
0	1
0	4
32	739
0	759
0	317
1	718
14	584
0	494
0	69
1	66
93	0
5	0
0	0
0	0
0	0
0	930
1	864
9	290
0	40
1	98
0	183
5	35
0	250
29	43
0	0
0	18
1	22
0	9
0	5
0	0
0	0
0	96
0	68
1	11
0	25
0	95
0	48
0	67
1	38
0	0
0	0
0	0
0	0
0	0
0	0
0	0
0	0
0	0
0	0
33	19
0	7
0	6
0	0
0	5
0	2
0	0
0	0
0	0
1	0
6	14
0	1
0	14
0	5
0	0
0	0
14	263
0	121
0	108
0	247
0	39
2	150
0	0
0	0
0	0
0	0
0	0
0	0
0	0
0	0
0	0
5	0
0	24
1	3
15	25
0	22
0	22
0	22
0	17
0	16
4	7
0	7
0	0
0	0
0	0
2	1
15	221
0	221
3	75
0	84
0	49
2	71
0	74
0	79
0	50
1	0
0	1
0	1
292	41
0	41
0	0
0	0
0	0
0	0
0	0
0	0
1672	146
1	96
2	50
0	0
0	0
519	0
0	0
0	0
0	0
0	0
0	0
0	14
0	5
7	14
0	1
0	0
0	1
0	0
0	0
0	0
0	1
1	15
0	12
0	8
0	0
0	0
0	0
0	0
3	2559
16	346
16	938
0	2389
3	2388
1	1279
1	4
0	4
0	4
74	386
307	386
0	78
0	66
4	51
0	45
33	54
2	3
0	26
2	141
3	92
0	81
0	102
3	19
1	1
0	1
0	1
0	1
0	0
0	1
0	1
0	0
0	0
0	0
0	2
0	2
3	321
4	19
0	306
0	103
29	143
0	218
1	238
0	125
49	427
1	427
23	105
0	58
0	42
1	33
0	0
0	0
0	0
0	72
0	73
0	73
0	0
0	11
0	17
347	263
6	263
1	33
0	21
0	0
0	0
0	0
0	0
1	0
0	0
0	0
3	651
0	520
0	517
6	510
0	468
0	77
0	111
4	76
6	82
0	105
0	59
146	74
0	5
0	24
6	62
0	54
0	10
14	32
0	16
1	22
0	0
0	0
0	0
0	0
0	0
0	0
0	0
0	0
0	0
0	0
0	0
3	420
0	406
0	342
0	185
1	348
0	72
5	155
0	78
0	57
1	78
0	13
0	0
0	227
0	221
0	91
0	26
2	9
0	21
0	0
28	33
115	582
18	0
1	69
0	52
2	180
0	268
0	355
0	6
21	345
0	24
0	149
1	118
10	47
3	163
0	1
0	1
0	1
0	0
0	0
0	0
0	0
0	0
0	0
17	322
1	318
0	89
1	9
5	13
27	60
4	42
0	1
0	41
9	84
2	25
0	39
7	12
1	7
1	20
0	23
69	37
0	6
0	0
0	0
0	0
0	101
0	46
0	30
0	43
0	38
2	24
0	1
0	102
2	99
0	96
0	48
3	6
0	0
0	0
7	4
0	4
0	4
0	146
0	158
0	144
0	140
9	122
0	37
0	65
4	30
0	37
0	50
1	28
3	51
8	39
0	133
5	1088
1	981
17	905
25	1087
0	1077
0	956
5	83
18	169
2	111
50	0
0	1087
110	457
0	446
1	35
0	11
3	44
0	62
10	82
10	3
7	0
0	25
0	18
1	16
0	13
1	1
6	5
0	131
23	131
0	40
0	6
0	8
0	8
0	4
0	4
0	1
20	282
11	158
7	124
11	130
0	103
7	103
4	111
2	42
2	4
0	16
1	33
0	23
1	15
55	2
32	14
98	363
11	21
3	41
14	363
0	44
6	0
0	0
0	1942
0	2124
8	1847
3	775
3	90
0	1240
4	169
7	253
3	216
2	7
7	340
18	337
6	10
2	159
0	67
1	18
0	44
26	40
1	3
0	3
2	196
7	677
0	74
1	653
3	526
0	675
0	477
0	43
14	365
0	47
0	52
2	85
0	0
0	0
0	0
0	0
0	30
0	27
0	7
0	24
0	16
0	1
0	30
0	0
0	0
0	0
0	0
0	307
0	135
17	1128
0	33
0	698
0	809
0	10
4	649
0	701
2	689
0	1016
0	989
0	66
8	64
0	354
27	276
5	28
61	0
0	47
4	47
0	13
0	4
0	6
5	18
0	8
3	10
0	40
95	124
0	124
7	90
0	23
0	0
0	0
0	0
0	0
0	0
0	643
0	631
0	632
0	629
1	225
0	77
0	74
0	61
0	41
0	49
0	23
0	8
0	18
3	19
2	13
0	11
0	11
0	640
0	1
0	1
0	1
0	0
0	0
0	0
0	0
0	0
0	0
0	0
122	0
8	0
0	8
0	0
0	1
0	7
0	0
13	84
0	0
0	0
0	0
0	0
0	0
0	0
0	0
0	0
0	0
0	0
0	0
0	0
0	7
0	7
0	4
0	4
0	2
7	1
0	1
0	0
0	0
0	0
4	0
0	12
0	141
0	233
4	1357
0	1357
0	2
0	2
0	2
2	2
7	181
1	0
0	2
8	35
8	217
0	30
0	197
0	191
0	208
0	26
0	91
2	0
0	180
2	144
0	24
1	12
0	25
0	27
0	127
0	40
0	12
0	1
0	119
0	150
0	125
0	142
0	142
0	120
0	77
0	131
0	124
0	106
0	31
6	41
0	10
0	65
3	10
0	56
0	54
0	3
0	12
0	186
0	88
0	188
0	185
0	185
137	0
155	412
1	198
1	108
0	153
6	10
0	1
56	16
0	12
2	15
0	0
0	16
1	27
0	41
0	28
1	160
0	161
5	209
0	96
0	96
0	94
0	61
0	64
0	120
0	98
0	88
4	64
0	72
0	75
4	4
1	29
0	1
8	10
0	1
0	2
0	2
0	4
0	7
0	0
0	0
0	0
0	0
21	0
10	0
0	0
0	26
0	26
0	26
0	25
0	20
0	13
0	2
0	0
0	0
0	0
0	3
0	0
0	1
0	0
0	0
4	119
5	793
0	6
5	787
3	777
0	48
0	150
4	81
0	0
0	0
0	0
667	0
1	14
0	31
0	26
0	24
0	19
0	0
0	0
11	1085
0	871
1	125
0	281
3	174
1	53
0	215
1	59
0	1085
615	310
1	240
25	72
4	16
249	0
10	0
0	21
0	7
0	3
0	0
0	1
0	1
0	2
1	2
0	18
0	0
0	78
54	83
11	1
13	5
0	8
206	76
2	76
0	109
1	9
3	101
27	28
2	28
126	118
0	118
0	33
0	0
0	0
1	0
5	403
18	398
0	266
4	202
0	348
0	0
0	0
0	3
0	3
0	2
0	0
0	0
0	0
0	0
0	0
0	0
0	0
17	0
0	0
0	0
17	5
0	111
0	966
68	98
0	378
0	977
0	537
0	0
0	0
0	15
1	7
10	18
0	0
0	0
0	0
0	0
0	0
1	0
0	0
3	0
0	0
0	0
0	0
0	0
0	0
0	0
0	0
10	0
0	27
0	9
2	9
0	23
0	11
0	0
0	0
26	0
0	0
0	694
2	487
0	409
0	244
0	121
2	8
4	70
0	267
7	105
0	175
0	49
0	58
0	346
0	327
0	283
2	227
0	115
0	84
0	242
7	3
14	502
0	501
0	502
0	229
0	0
0	0
0	0
0	0
0	0
0	0
0	0
0	0
0	0
0	0
0	0
18306	1712
0	721
13	678
52	1633
8	648
0	0
0	305
13	318
18	7
0	266
3	10
0	79
0	47
50	92
17	51
0	37
0	14
0	0
1	17
725	261
0	25
0	95
0	141
4	157
0	138
0	158
0	76
1	6
1	0
0	0
0	0
0	0
0	0
0	0
61	981
19	1006
0	68
13	120
11	30
4	6
44	988
0	0
0	0
1	0
1	5
0	5
0	0
0	7
0	5
0	4
0	3
1	3
0	0
4	43
0	33
0	4
0	20
3	1
0	1
0	0
0	0
10	602
4	164
0	22
0	234
9	204
4	85
0	590
2	53
1	41
0	20
0	87
0	30
0	47
0	115
0	97
89	75
1	15
7	45
0	6
3	12
0	34
1	34
0	3
0	6
0	3
0	4
0	3
0	1
0	0
4	0
0	0
0	2
0	2
0	2
0	0
0	4
0	4
4	173
1	133
150	181
1	181
0	122
0	6
13	64
559	628
7	336
5	51
5	3
0	26
0	3
0	106
12	120
0	110
0	0
0	2
0	2
0	0
0	1
0	2
0	0
0	0
0	0
0	2
49	2
0	2
0	1
0	0
0	0
32	70
120	70
10	147
0	146
16	74
0	57
0	27
0	0
0	0
0	0
0	0
0	0
0	0
0	0
0	0
0	121
9	248
11	106
0	40
0	88
2	58
0	7
2	6
0	6
59	21
0	10
0	6
0	5
0	5
0	2
6	120
1	1
1	12
0	12
0	0
0	0
0	2
0	2
0	0
0	0
0	0
0	0
0	0
0	1
0	1
0	0
0	1
3	0
0	0
13	151
0	87
0	82
0	137
0	97
0	60
64	45
2	20
18	38
0	0
0	0
0	0
0	8
0	2
0	1
0	0
0	1
0	1
0	5
0	2
0	8
0	8
0	0
96	47
0	40
2	33
0	19
0	7
164	1144
0	1101
1	50
4	110
0	268
174	0
1	0
0	0
0	0
0	0
0	0
0	52
0	52
0	0
337	594
21	34
7	537
0	102
4	94
0	82
0	0
0	4
0	4
0	3
0	4
0	3
0	3
13	241
0	88
0	85
0	159
0	39
3	86
0	0
0	0
0	4
0	4
0	3
0	2
0	2
78	161
0	138
3	23
1	7
0	7
0	7
0	6
0	7
0	2
13	258
0	220
0	106
0	48
0	91
0	51
0	17
0	8
0	2
0	90
0	3
0	1
0	2
0	0
0	0
0	0
0	24
3	3
0	21
0	0
4	48
0	74
0	219
0	84
0	0
0	55
1	0
0	43
0	41
0	77
0	0
0	17
1	96
0	0
0	0
11	0
0	0
8	2
0	0
0	67
0	65
0	2
0	42
0	11
47	847
0	845
2	378
2	19
1	450
1	627
4	338
19	198
0	222
17	204
0	46
0	0
0	50
0	48
0	8
0	0
0	8
0	46
0	53
0	50
0	0
0	16
0	47
0	12
0	0
0	0
53	179
2	175
0	1
0	71
1	13
0	550
0	7
0	22
0	64
0	136
0	6
0	533
3	0
11	1
6	64
0	64
1980	1833
0	1179
0	713
142	82
0	9
0	26
0	40
0	33
30	446
0	14
0	83
0	486
0	493
0	487
5	477
0	685
5	685
0	426
0	616
11	311
0	668
1	44
0	107
0	88
0	25
1	89
0	15
0	3
63	51
0	45
0	14
4	386
0	282
0	312
2	171
0	35
0	19
0	171
4	16
22	272
0	120
1	184
0	178
1	27
46	0
0	381
3	27
0	26
0	1
8	26
32	791
48	550
6	401
0	224
49	275
0	284
9	187
0	0
0	0
0	22
2	9
0	7
0	15
0	0
0	58
2	109
2	70
0	95
0	19
5	188
0	2
0	16
4	185
3	35
0	6
0	7
0	1
0	0
0	6
0	7
0	621
0	552
0	201
3	158
10	328
0	592
156	196
0	41
7	151
0	0
0	0
0	0
0	0
2	583
10	193
0	586
0	14
0	62
0	12
72	66
0	12
0	34
0	9
0	0
0	1
0	1
0	0
0	0
0	0
0	0
0	0
1046	872
0	446
14	66
0	180
3	180
128	187
75	158
8	7
1	0
0	0
0	0
0	0
0	0
0	0
0	0
0	0
0	0
0	0
0	0
0	0
0	0
0	0
0	0
0	0
0	0
0	0
36	1186
6	1163
8	298
0	147
10	0
3	42
0	37
9	4
0	10
0	0
0	0
0	0
0	0
1	0
0	18
0	18
0	0
0	1
0	9
0	0
0	18
0	27
0	172
0	30
0	7
0	4
3	181
0	185
0	181
0	3
0	10
0	27
0	13
0	182
0	182
0	40
0	40
0	40
0	41
0	32
0	35
1	0
0	2
0	16
0	0
0	1
0	0
0	40
0	1
0	7
0	7
0	7
0	3
0	0
0	33
21	22
0	0
3	16
1	21
0	31
0	12
2	21
0	1
0	33
299	443
3	35
180	408
813	485
0	0
0	0
0	0
0	0
0	0
0	1
0	1
0	0
0	0
0	0
0	121
1	92
0	120
2	108
1	0
3	8
0	0
0	0
0	0
0	0
20	0
1	514
49	535
1	14
27	2
0	240
0	20
0	47
744	1365
0	619
0	725
2	195
7	168
196	29
2	29
0	0
0	0
0	0
10	48
222	178
0	63
3	24
0	13
0	46
3	24
0	27
2	0
0	0
0	0
0	0
34	277
10	276
28	106
4	35
0	0
0	0
0	0
2	9
0	9
0	9
0	1
0	1
0	0
0	165
0	162
0	104
13	82
44	11
0	12
1	166
34	147
5	147
4	57
15	6
0	0
0	2
0	2
0	2
0	0
0	0
0	0
0	2
0	2
0	0
0	0
0	85
743	85
0	0
28	0
0	0
0	0
0	0
0	0
0	0
0	0
0	0
0	0
0	1
0	1
0	1
0	1
0	0
0	1
0	0
0	44
0	44
0	0
2	44
0	44
0	0
0	44
0	0
0	0
0	0
0	0
0	0
57	0
0	0
0	0
0	0
0	1
0	1
4	8
0	8
0	0
0	398
0	56
7	0
33	68
3	354
1	688
11	47
0	66
1	48
19	376
0	914
1	136
41	210
0	210
0	123
0	73
0	32
0	1
0	5
2	4
0	0
0	0
0	0
0	0
172	82
4	82
22	3
0	42
0	0
0	0
0	0
0	0
0	0
0	280
0	259
2	276
2	176
0	83
0	56
3	53
0	10
0	65
1	18
0	29
0	62
0	31
16	97
0	29
0	16
0	12
0	293
0	0
0	0
0	0
0	0
6	20
0	0
0	0
0	0
0	0
0	0
0	0
0	0
0	2
0	5
0	43
0	43
0	6
0	6
0	5
0	2
0	40
0	0
0	0
1	0
0	0
0	0
0	46
0	57
0	44
0	32
0	57
2	42
0	8
0	0
0	0
0	0
0	1
3	8
0	8
0	0
0	0
11	220
0	101
0	103
2	108
5	119
0	15
134	650
15	5
0	513
1	5
10	644
3	31
0	100
18	12
1	270
1	274
0	127
19	114
4	0
0	93
68	616
0	170
1	584
0	530
12	64
0	550
1	43
0	129
8	506
1	560
0	48
7	30
3	9
0	341
10	24
4	205
111	80
1	80
2008	69
7	69
253	16
1	16
0	16
0	0
0	0
0	0
0	0
0	0
0	0
0	0
0	0
0	0
2	145
3	144
0	0
0	0
0	0
0	0
0	0
0	0
0	0
0	0
0	0
46	458
0	392
0	23
28	381
0	292
0	16
0	29
0	317
1	118
7	97
0	13
0	3
0	3
3	273
0	267
0	22
0	1
0	10
58	35
0	0
1	0
0	35
0	24
0	0
0	2
0	8
2	8
1	107
0	111
0	93
0	63
0	57
0	0
9	38
306	22
0	19
0	17
0	51
0	51
0	51
0	51
0	51
2	6
6	33
28	32
0	19
0	6
0	0
0	13
4	13
0	0
2	2
428	299
6	104
0	32
1	184
0	0
3	7
0	4
0	4
0	4
0	4
0	2
0	0
0	65
64	91
9	66
0	62
0	4
0	4
0	186
0	187
2	20
7	18
0	4
0	26
3	3
7	4
0	16
0	1
0	26
3	0
0	0
1	0
317	1529
1	154
3	50
7	59
0	109
0	14
0	16
0	1
1	2
0	0
0	2
17	6
0	6
0	1
0	0
0	0
0	0
1	32
0	31
3	1
0	1
0	0
2	0
0	0
0	0
0	0
0	29
0	7
0	30
0	10
1	28
0	9
76	691
0	207
0	619
0	0
0	0
0	0
0	1923
0	1881
0	1883
0	1841
3	1819
3	94
0	66
0	0
0	5
0	5
35	18
1	1
1	8
3	25
0	57
6	71
0	1
0	14
0	0
2	0
6	8
0	1
0	2
0	0
0	0
0	5
0	3
0	3
0	4
0	1
0	3
252	63
0	31
16	32
0	3
12	12
0	12
112	74
0	42
0	54
4	33
2	26
0	12
0	12
0	0
0	4
0	0
0	0
0	0
0	0
0	0
0	0
0	0
14	141
0	358
0	294
30	386
10	12
4	13
1	34
0	94
0	0
0	103
0	102
14	94
0	75
0	62
0	1
14	40
1	40
88	65
17	13
6	28
0	36
0	39
0	9
0	25
109	1030
4	953
5	972
25	967
105	18
6	121
0	28
1	1
46	0
0	0
0	0
0	0
0	0
0	0
11	79
1	78
4	72
0	71
1	70
0	63
3	0
0	0
0	0
0	0
0	0
0	0
0	0
0	0
0	0
0	0
0	0
0	0
0	0
0	0
0	0
0	34
0	30
0	33
0	220
2	221
8	223
0	230
0	67
4	29
1	57
1	61
4	50
14	29
0	3
1	83
19	54
0	13
0	86
0	794
1	576
0	803
47	501
8	138
0	59
0	37
0	51
0	130
0	791
0	64
0	2
0	2
0	2
3	64
0	16
0	41
0	10
0	3
0	4
0	0
0	19
0	4
0	6
0	199
0	196
0	44
1	140
0	47
30	48
9	8
0	68
0	34
0	24
0	17
0	41
0	59
0	42
0	58
0	14
0	62
0	51
3	31
4	7
11	5
0	18
0	3
18	4
3	1
0	0
0	0
0	0
0	0
0	0
1	270
1	28
4	228
0	205
1	4
0	4
15	154
0	151
0	126
7	1
0	18
0	7
0	22
0	6
0	0
0	7
0	0
2	7
0	7
0	7
0	6
0	6
0	212
8	210
0	114
0	166
0	40
1	2
61	25
0	13
0	189
97	204
0	10
0	163
5	4
3	7
0	0
0	0
0	0
0	0
0	0
0	0
0	0
0	0
0	0
0	0
0	0
0	0
0	0
0	0
0	0
0	0
0	0
0	17
2	88
0	87
1	5
14	34
0	88
505	0
0	269
0	7
0	451
0	241
0	4
8	488
1	48
0	372
0	323
0	88
0	224
2	59
0	143
0	137
0	101
0	106
14	408
11	1732
0	1734
0	1042
84	1043
15	1705
0	1705
93	13
2	13
0	5
0	5
0	1
1	0
0	0
16	3
0	3
0	0
0	0
0	0
0	51
2	51
0	0
283	455
0	82
0	377
111	0
1	576
0	47
0	137
1	115
28	578
0	154
0	94
0	110
1	66
2	34
430	0
12	159
0	146
3	203
0	96
4	63
0	61
0	17
1	32
5	880
0	366
0	634
0	739
0	354
3	155
13	371
201	748
25	112
0	0
0	0
0	0
0	0
0	0
0	1326
47	462
0	1326
0	4
0	20
0	6
0	21
0	16
0	5
185	0
0	0
0	7
0	184
0	187
0	189
11	192
0	35
0	10
0	169
0	62
0	9
0	48
0	27
0	28
0	14
0	14
0	9
0	9
0	3
0	1
0	0
0	0
0	0
0	0
0	0
0	0
16	9977
0	7669
18	1697
452	7312
4	7261
1	1272
722	1457
1	657
0	454
0	0
2	33
2	33
0	0
3	13
2	12
0	0
0	0
0	0
12	199
4	196
0	189
64	92
0	15
0	12
0	188
0	352
35	353
0	246
0	223
98	23
0	23
0	0
0	0
0	0
0	0
0	0
0	472
0	533
0	182
0	494
0	235
0	186
0	295
0	143
3	167
0	263
0	233
0	231
0	204
0	74
3	47
7	1
0	1
0	0
0	0
0	3
0	3
0	0
0	0
0	0
0	0
0	0
0	0
16	70
4	70
1	22
0	0
0	0
8	108
164	415
0	107
6	114
0	169
1	177
0	177
14	49
0	0
0	0
0	0
0	0
0	0
0	0
0	0
0	0
0	0
0	0
0	0
0	0
0	0
10	98
0	0
0	0
0	1
0	0
0	0
0	1
0	0
0	0
0	0
0	0
0	0
0	0
0	0
0	0
0	0
0	0
0	0
0	0
0	0
0	0
0	0
0	0
0	0
0	0
0	0
0	0
0	0
3	204
0	204
0	204
1	2
0	2
0	0
0	0
991	227
0	85
0	145
0	0
0	0
0	0
0	0
0	15
0	0
0	7
0	15
0	5466
0	494
1	5137
5	3344
17	5149
0	5101
0	0
43	81
2	27
0	4
0	3
0	65
0	11
43	14
0	14
1	420
60	433
0	432
44	422
444	32
98	8
0	8
0	0
0	0
0	0
0	0
0	0
32	55
0	3
0	53
0	2
0	42
0	0
0	52
0	13
0	12
0	13
0	0
0	0
0	0
0	0
0	0
4	0
0	0
0	0
0	0
56	190
0	68
0	56
2	123
0	21
0	3
0	3
0	0
0	3
0	0
0	0
0	0
109	0
0	0
0	6
12	13
0	12
0	0
0	0
0	0
0	0
0	0
0	0
0	0
0	0
0	0
0	0
0	0
0	0
51	40
11	1
0	42
0	22
0	3
0	0
0	32
0	358
21	186
15	5
0	341
4	179
0	330
0	320
0	40
5	10
0	32
0	128
0	120
2	71
0	88
0	81
0	79
0	44
2	42
1	23
0	10
17	0
5	0
0	0
88	32
0	13
0	8
0	5
0	27
0	99
0	91
0	26
0	6
2	23
0	17
18	14
3	0
0	0
24	32
0	25
0	0
0	0
0	53
0	17
1	18
0	34
1	2
0	2
0	15
4	0
2	4
134	29
0	6
0	30
0	17
0	16
2	1838
0	599
0	1139
21	150
7	219
0	610
0	508
0	376
1	431
0	127
5	172
0	1832
0	47
33	93
0	103
14	44
0	88
0	6
0	1
0	2
0	6
0	6
1	35
0	30
0	32
0	22
0	15
0	20
0	17
0	1
0	14
0	9
7	8
0	4
54	77
2	87
0	70
0	59
2	8
0	47
0	94
331	281
0	169
0	32
0	56
2	55
0	424
3	20
0	147
1	120
5	225
5	48
0	27
3	11
2	74
0	424
0	12
584	12
0	0
0	1925
0	2123
0	1736
0	2305
8	406
13	533
89	18
130	161
0	21
0	140
0	39
3	2
27	0
0	0
0	0
0	0
25	639
50	848
0	153
0	84
0	254
0	12
0	12
0	0
0	0
0	297
25	297
2	47
179	337
0	61
0	110
1	120
0	35
2	30
0	188
2	189
0	0
0	0
0	0
0	0
0	0
0	0
0	0
0	0
0	0
0	0
0	0
172	0
24	85
0	5
0	7
0	83
1	0
0	0
0	0
0	0
0	0
0	0
0	0
0	0
0	0
0	0
1	2
0	0
1	2
0	2
3	8
0	8
0	2
0	0
0	0
0	2
0	0
0	0
20	0
0	381
0	0
0	0
3	381
0	268
0	323
8	11
0	6
0	9
0	10
0	3
0	0
0	0
0	0
0	0
0	0
0	0
0	0
0	0
0	0
0	0
0	3
0	9
0	0
0	9
0	3
55	9
4	9
3	1
85	6
0	6
0	0
0	23
0	23
0	23
0	23
0	23
0	23
24	0
1954	0
15	4
1	4
0	0
0	0
34	134
0	8
6	119
6	0
3	21
0	31
0	25
4	56
1	30
2	32
0	1
0	1
0	1
0	0
1	0
55	36
0	7
0	0
0	0
1	36
50	43
0	18
0	14
0	4
0	7
0	1
0	9
9	122
0	119
0	122
1	0
0	0
0	0
0	0
0	0
0	0
0	0
0	0
0	0
0	0
0	0
0	0
0	0
0	0
0	0
0	0
40	184
0	184
0	11
134	965
1	17
4	97
2	851
0	1
0	31
7	184
1	98
0	0
0	0
0	0
0	0
0	0
0	0
0	0
2	75
2	79
3	75
0	66
5	4
1	0
0	0
4	288
0	219
0	164
0	223
4	198
8	38
1	63
0	19
3	0
0	120
0	122
0	16
1	122
0	52
0	13
1	10
33	1487
0	2796
6	1492
5	2672
4	1781
3	360
0	1
0	1
0	2
2	0
0	1
0	0
0	1
0	0
0	0
0	1
7	255
9	94
1	63
25	68
3	27
0	24
2	23
2	16
0	9
1	0
0	7
0	1
0	3
0	3
0	0
0	0
0	0
0	0
0	0
0	0
171	39
5	39
1	0
0	0
0	0
0	0
0	0
0	0
0	0
0	0
0	0
0	0
0	0
0	0
0	0
0	0
0	0
0	0
0	0
1	60
0	54
0	50
9	61
0	54
0	57
2	40
0	13
8	2
0	116
1	115
15	17
0	16
1	2
0	2
0	0
0	0
325	174
0	174
0	162
5	154
0	115
0	30
6	33
1	21
743	830
4	57
35	773
3	279
5	91
0	103
0	103
0	83
0	63
0	59
0	61
2	25
0	34
0	4
0	63
0	61
0	63
0	59
0	63
0	0
0	0
0	0
0	0
0	0
0	152
0	130
0	145
0	133
0	138
3	55
62	254
3	254
0	103
0	0
2	1
0	0
0	1
0	8
0	6
0	8
0	8
0	1
0	1
0	1
0	0
0	1
0	1
0	1
0	1
103	60
0	56
0	60
0	54
1	43
0	33
0	0
2	2
0	2
0	0
0	2
0	1
798	921
7	921
0	467
0	277
4	117
0	0
0	20
4	511
1	141
0	486
3	113
0	109
4	144
0	458
4	44
3	98
0	1
0	2
2	4
1	0
0	0
0	2
0	544
10	0
2	562
2	21
0	93
0	349
0	79
0	41
0	4
2	37
0	0
0	0
0	0
0	0
0	0
0	0
0	0
0	0
0	0
24	38
0	35
0	17
0	8
0	18
0	0
2	0
0	0
0	0
0	0
0	0
0	284
0	312
20	299
0	304
0	116
2	0
0	0
0	0
0	0
0	0
0	0
4	0
0	0
0	0
0	0
0	0
0	0
0	0
0	0
0	0
0	0
0	0
7	209
0	222
0	74
0	168
0	185
0	180
0	11
3	3
1	17
0	115
14	17
1	4
3	133
0	68
0	8
7	7
1	16
0	9
1	40
0	20
0	20
84	2989
0	2974
25	2947
2	3039
0	3039
29	5990
2	5952
138	5974
0	5772
10	5540
0	5729
7	17
1	3
0	1
22	15
0	0
0	0
139	531
32	409
0	320
1	635
0	796
7	147
0	185
0	161
11	16
10	1
0	1
0	0
1	0
0	0
0	0
0	0
0	0
0	0
0	15
3	13
0	12
0	9
0	7
0	5
0	14
0	0
0	0
3	0
0	0
0	0
0	0
3	0
0	0
0	0
2	218
0	216
0	188
0	216
2	30
5	13
0	1
0	0
0	1
0	8
0	1
1	2
0	7
0	10
0	0
0	0
8	2013
0	2020
0	2027
0	2029
0	2037
0	1072
7	2174
1	925
4	192
0	5
1	0
0	5
0	4
0	4
0	4
0	5
0	1
0	3
0	3
0	0
0	1
0	1
0	0
0	0
0	0
0	0
0	10
0	10
0	0
0	0
0	0
0	0
0	0
0	0
0	0
0	0
0	0
0	0
0	0
0	0
0	0
0	16
0	18
0	18
0	12
0	10
0	10
0	0
0	1
0	12
0	426
0	328
2	282
0	132
6	317
1	68
0	0
0	0
0	0
0	0
0	0
0	0
0	0
1	20
0	20
0	5
0	11
0	11
4	11
0	8
0	10
0	8
0	10
0	10
0	8
0	8
0	10
0	8
0	6
0	6
1	6
0	6
0	3
0	959
0	662
2	523
2	240
6	642
16	282
3	132
0	132
0	0
0	0
0	0
0	0
0	0
0	0
0	0
0	0
0	0
0	0
0	0
0	0
0	0
0	0
0	0
0	0
8	0
0	7
0	0
7	9
0	7
0	2
0	0
0	3
0	0
0	0
1	2
0	4
0	3
1	7
0	1
0	1
1	7
45	152
2	152
0	0
0	0
0	0
0	0
0	0
0	0
0	0
0	0
0	0
0	0
0	0
0	0
0	0
0	0
0	0
0	0
0	0
1	0
0	0
0	6
0	6
0	74
5	0
12	74
0	1
0	0
0	0
334	248
0	248
0	0
0	1
0	0
0	0
0	1
0	47
3	68
0	38
4	58
4	549
0	549
0	494
0	549
0	84
4	2
22	85
0	1
0	0
0	1
0	0
0	1
0	0
0	0
0	0
0	0
277	94
3	37
1	57
3	10
0	6
0	0
6	0
0	6
162	15
2	15
8	60
1	59
3	39
4	96
0	5
11	85
0	61
0	7
0	36
1	20
0	16
12	8
13	2
0	0
0	0
0	0
4	52
0	0
0	0
0	0
0	0
0	0
0	0
0	0
0	0
0	0
0	1
0	1
0	1
54	0
0	0
0	0
0	0
0	11
0	57
0	30
0	57
0	0
0	7
0	0
0	11
0	8
0	10
2	0
0	0
0	0
0	0
0	0
0	15
0	0
0	0
0	15
0	15
3	64
39	247
10	211
0	16
8	112
0	0
0	0
55	5417
0	5500
0	2450
18	2975
0	5062
0	4958
2	66
2	1061
10	0
5	364
0	238
3	144
31	1
0	17
0	0
0	0
0	0
0	254
0	208
4	267
0	97
0	131
18	136
1	123
3	0
0	206
0	560
0	568
3	344
0	508
53	14
0	303
9	264
0	82
1	47
0	6
24	2
1	50
3	60
0	0
0	0
0	0
0	0
0	0
0	0
0	0
30	764
3	149
2	120
0	112
0	169
0	105
0	190
0	282
0	88
0	303
105	489
3	100
0	389
3	298
22	87
0	0
0	0
0	1
0	4
0	4
0	0
0	267
0	283
0	35
0	75
0	42
0	97
2	45
0	32
1	97
0	42
0	66
46	22
361	184
0	37
2	121
2	140
3	116
0	392
0	21
1	25
0	44
0	46
0	338
15	17
0	0
0	0
0	0
0	0
0	25
22	49
0	49
0	0
0	0
0	0
502	56
3	56
0	0
0	0
0	0
0	0
0	0
0	0
0	0
0	0
0	0
0	0
5	90
1	90
1	31
2	1
0	4
16	66
2	6
0	16
0	60
0	10
0	12
0	15
0	25
0	21
0	20
0	20
0	24
0	9
3	4
0	0
0	231
58	226
7	147
0	4
1	44
0	133
1	16
1	45
0	13
0	8
1	86
11	15
0	68
2	292
0	259
0	122
0	163
0	162
0	133
0	102
0	149
0	117
0	27
0	22
0	0
0	0
0	0
0	0
0	0
0	0
0	0
0	0
0	0
0	0
0	0
0	0
0	0
0	0
0	0
0	0
0	0
0	8
1	2
0	0
1	0
0	7
0	1
1	94
0	95
0	25
0	35
0	35
1	43
1	0
9	3
0	0
0	0
0	0
0	0
0	0
0	0
0	0
0	0
0	100
8	313
3	487
0	509
0	65
0	39
6	37
0	9
0	5
0	9
0	7
0	4
0	2
0	4
0	3
0	2
0	0
0	0
0	1
0	27
0	130
0	86
1	45
1	40
0	92
0	61
2	65
2	58
0	126
1	16
39	1114
0	44
0	58
0	24
4	1107
3	0
19	61
0	50
0	48
0	13
0	11
0	11
0	4
0	13
0	8
0	13
0	4
5	6
0	124
0	60
0	120
3	4
0	106
0	58
6	97
3	48
0	8
2	28
0	117
1	124
0	67
0	14
0	10
0	26
3	20
0	17
0	17
0	23
0	4
0	0
0	195
3	190
0	219
0	258
0	275
4	189
2	0
0	189
0	1
1	1
0	1
0	0
0	1
0	0
0	0
0	0
0	0
0	1
0	0
0	1
0	1
0	1
0	0
0	0
1	0
129	0
0	0
4	61
0	165
3	165
3	139
290	463
3	408
3	198
0	99
4	71
12	6
5	60
0	0
0	0
0	0
1314	0
49	27
1	26
1	37
4	21
0	0
0	295
10	302
13	1
0	97
14	80
1	17
0	0
0	0
0	0
0	0
0	14
2	123
0	12
43	136
0	100
0	115
0	64
0	38
6	17
3	21
0	16
0	0
0	0
0	0
0	0
0	0
0	0
0	0
0	0
0	0
0	0
0	0
0	0
0	0
2	64
0	64
0	109
5	0
0	0
0	109
3	67
0	83
0	102
0	94
0	64
0	32
0	27
0	10
0	9
0	12
0	24
0	11
0	15
0	9
0	12
1	2
0	0
5	0
0	0
111	0
0	2
0	2
0	413
1	10
0	45
0	396
2	72
0	49
2	61
0	66
0	0
0	0
0	0
0	0
0	0
0	0
0	0
0	0
0	0
0	0
0	0
0	0
3	0
0	28
1	20
0	17
0	16
12	187
0	57
3	57
1	2
0	187
0	42
0	0
0	0
0	0
0	0
5	27
11	90
0	14
0	90
0	64
0	61
0	47
0	48
0	19
0	18
0	6
0	0
0	0
0	0
1	0
0	0
0	0
0	0
0	0
0	0
0	0
0	0
0	0
0	0
0	0
0	0
0	39
2	18
0	8
0	75
0	85
0	0
0	2
0	2
0	0
0	0
0	0
2	0
0	94
0	88
0	69
0	88
0	60
0	85
0	30
0	30
0	20
0	30
0	15
2	87
0	87
0	85
2	81
0	12
0	0
0	0
0	0
0	0
138	33
1	33
18	68
1	21
0	65
0	0
0	0
0	0
5	36
0	8
0	28
0	0
0	0
0	0
0	0
0	0
0	0
12	140
4	136
24	27
13	1
0	9
1	9
36	443
1	401
0	20
4	362
1	395
0	313
0	291
1	45
0	40
0	30
2	29
1	13
0	49
2	3
0	400
1	0
1	0
2	0
28	0
11	164
6	164
0	145
0	127
0	147
1	94
2	39
0	0
0	4
0	2
0	2
0	262
17	267
4	16
6	43
0	0
0	0
0	0
0	0
56	271
3	63
11	262
0	31
59	196
0	68
0	192
5	152
0	192
0	72
0	0
0	0
0	0
0	0
0	0
2	61
0	76
0	58
4	3
0	73
0	69
2	23
0	60
0	60
0	51
0	55
0	73
0	48
0	32
0	51
0	37
0	30
0	659
0	709
0	652
0	324
1	100
0	148
2	79
202	147
1	144
17	106
0	0
18	186
1	188
0	15
0	6
0	0
0	0
0	0
0	0
0	0
2	29
0	24
0	5
0	4
0	4
7	3
0	154
0	127
1	115
21	118
0	88
0	23
0	63
4	5
0	154
0	127
30	0
0	0
0	0
0	0
0	0
0	0
2	363
0	257
0	514
0	2062
87	4625
49	243
1	116
0	247
6	4367
91	25
0	25
175	160
0	26
16	89
0	149
0	0
0	0
0	0
0	0
0	0
0	0
0	0
0	0
0	0
18	140
6	11
8	45
1	0
0	140
1	102
0	107
0	78
0	72
0	108
0	83
2	31
3	59
0	56
0	37
0	68
4	0
3	9
2	0
0	31
0	28
0	18
1	11
0	12
0	8
0	0
0	0
0	0
0	0
0	0
0	100
0	101
0	104
0	105
0	96
11	139
0	40
0	101
0	134
0	0
30	997
17	302
0	871
77	729
0	854
26	106
0	878
0	943
0	954
5	37
0	191
4	109
0	147
0	148
0	100
89	233
0	63
71	9
0	77
5	561
0	401
1	845
392	1
9	1
0	13
0	516
0	24
0	384
3	11
4	455
0	242
18	57
0	13
65	32
5	32
0	13
0	0
0	0
0	0
0	0
0	0
0	0
0	0
0	0
0	73
5	73
2	0
0	0
0	0
0	0
0	0
0	0
0	0
0	0
0	0
0	0
0	0
0	0
0	0
0	0
235	0
0	0
0	0
0	0
0	0
0	0
0	0
9	0
1	266
254	431
0	373
7	40
3	45
0	2
0	2
0	1
0	806
5	793
0	110
8	702
5	18
1	64
2	0
0	118
0	110
0	0
160	874
0	737
0	785
17	768
2	656
13	0
0	619
0	103
0	53
0	135
29	139
2	199
10	76
119	684
1	684
2	27
0	11
0	88
0	0
0	0
0	0
0	0
0	0
0	0
0	0
0	0
0	0
0	0
0	0
0	0
26	2
3	2
0	4
0	44
0	44
1	35
2	13
3	14
3	0
0	0
0	0
724	146
4	40
0	91
2	0
0	48
0	1
0	76
1	12
0	0
0	0
0	0
0	312
0	259
4	43
0	21
0	312
0	35
0	66
4	1
0	45
0	0
5	49
90	48
0	43
0	106
0	95
0	14
0	106
0	0
0	0
0	0
0	0
0	0
622	279
0	159
7	192
0	127
0	0
0	0
0	0
0	0
0	0
108	150
0	42
2	89
4	19
0	17
0	1
0	11
0	11
0	11
1	3
1	4
0	32
565	66
2	45
2	21
24	25
4	4
0	4
2	13
3	8
0	9
0	13
0	1
0	1
4	96
0	94
0	16
0	2
0	13
0	13
0	5
1	5
0	0
0	68
1	68
1	43
1	0
0	0
0	0
0	0
0	57
0	0
0	22
0	45
0	17
0	28
0	49
32	54
0	11
0	47
0	30
0	0
0	0
0	0
0	0
0	0
0	0
0	0
0	0
317	3939
187	3408
25	3939
7	1618
4	13
0	47
3	1
0	18
3	7
0	7
1	20
0	18
0	18
0	18
0	18
0	16
366	622
7	341
0	420
2	53
6	10
132	79
0	79
1	44
0	21
0	0
0	0
0	0
0	0
0	0
2	0
0	0
0	0
0	0
0	0
0	0
0	0
0	0
0	0
93	54
4	37
0	7
0	31
3	17
0	14
0	0
0	0
0	0
0	0
0	0
0	0
0	0
0	0
0	0
4	211
0	230
9	5
6	11
0	34
1	0
696	0
0	0
0	0
366	16
1	18
0	1
0	0
0	4
5	17
0	4
0	4
0	4
0	0
0	0
0	0
0	0
0	0
0	0
0	0
0	0
1	0
0	0
80	0
5	3
0	3
0	0
0	0
0	0
0	0
0	0
0	0
0	0
0	0
0	1965
22	21
58	1986
101	16
0	2
0	14
1	380
26	0
0	90
1	13
0	367
53	6
0	6
0	0
0	0
0	0
0	5
0	5
0	5
0	0
0	713
0	0
0	0
0	0
0	0
0	2
6	711
0	274
20	11
0	341
0	13
10	11
0	27
0	341
1	55
0	55
0	10
0	0
7	49
0	3
0	4
2	52
0	5
0	0
0	0
0	4
0	4
0	4
0	0
0	12
0	12
1	12
3	4
0	0
0	0
0	0
0	0
0	0
0	0
0	0
0	0
0	1
0	1
0	0
0	0
0	0
0	247
0	50
3	78
0	227
0	61
5	0
0	4
16	52
0	23
2	13
0	233
0	0
0	0
0	0
0	0
0	0
29	180
0	188
0	23
0	20
0	185
1	0
0	0
0	0
0	5
0	102
0	96
0	43
3	11
0	23
0	51
0	17
2	39
0	4
0	4
0	4
0	4
0	0
6	4
0	0
0	0
10	0
0	0
60	15
2	15
0	0
0	0
14	27
0	27
0	27
0	27
0	0
0	3
0	12
0	37
32	7
2	7
95	358
6	43
0	361
0	0
0	0
0	0
0	0
4	23
0	22
0	0
0	0
0	0
0	0
0	0
0	0
0	0
0	0
0	0
0	3
0	3
0	1
0	44
0	1
4	22
4	9
0	10
0	45
0	5
0	12
2	4
0	2
0	1
0	1
0	0
0	0
0	0
5	0
0	0
199	299
0	299
15	55
0	0
0	0
52	475
2	469
0	7
0	2
0	2
9	2
9	1410
0	1483
0	59
0	20
1	95
156	856
0	647
0	635
0	625
0	514
2	131
5	1
33	48
11	81
0	83
0	84
0	56
0	13
30	0
6	0
0	36
0	24
0	0
416	94
0	94
0	0
0	1
0	1
0	4
0	0
0	0
0	0
0	963
0	281
48	965
4	141
0	133
0	207
0	176
1	126
0	0
0	0
0	0
0	0
0	0
0	0
0	35
0	25
6	57
0	472
4	76
0	423
1	459
0	441
1	0
0	83
9	348
0	62
0	72
1	44
0	165
1	52
0	74
34	39
0	25
0	23
2	25
0	30
0	11
0	0
0	40
0	40
0	0
0	0
0	0
1	0
0	1
0	11
0	4
2	20
9	18
0	20
2	0
4	80
0	76
0	11
0	10
0	6
0	15
0	13
0	10
0	174
2	179
1	175
0	164
0	0
23	27
0	3
0	4
0	3
2	3
0	17
16	16
0	13
0	16
1	13
0	0
0	31
0	21
0	0
0	0
0	0
0	0
0	0
666	182
0	181
4	19
0	49
0	25
20	0
0	2
4	8
0	2
0	2
0	2
0	8
0	0
0	2
0	0
0	0
250	77
0	77
4	753
0	328
9	664
0	29
3	29
5	43
0	48
0	0
0	0
0	0
0	0
0	0
0	0
0	0
0	0
1087	152
6	152
0	65
0	129
4	129
7	517
0	506
0	58
2	398
0	51
3	39
20	87
2	15
0	30
3	28
0	5
0	25
0	1443
21	1639
0	181
2	667
3	98
4	66
0	334
27	244
0	0
0	0
0	2
0	2
0	0
0	113
0	103
0	92
0	76
0	13
0	32
0	2
0	13
0	15
0	15
1	13
1	0
0	9
0	9
0	0
2	2310
0	2310
8	255
0	19
0	18
1	10
0	2
1	0
0	19
113	68
0	11
0	60
0	68
0	26
0	4
0	4
0	3
0	0
0	1
0	1
0	0
0	0
0	0
0	0
0	0
0	0
152	0
1	922
0	161
1	316
4	189
0	900
0	277
0	179
1	96
0	0
0	0
18	8
0	8
0	651
4	626
0	633
1	642
2	622
0	39
3	21
0	56
0	14
0	16
0	0
0	0
0	0
0	0
0	1828
0	485
15	1650
0	0
2	0
64	1095
4	1061
20	110
0	984
53	75
0	173
30	1
0	0
0	0
0	0
0	0
0	0
0	0
0	0
0	0
0	0
0	0
0	0
0	0
0	0
0	0
0	0
0	0
0	0
0	0
0	0
0	0
0	0
4	22
43	28
2	21
0	6
20	2
0	2
2	0
0	696
1	485
6	14
2	160
5	75
5	67
0	64
2	696
374	885
0	824
0	249
1	84
0	140
8	60
0	119
0	124
0	5
0	126
5	7
0	40
0	0
0	0
0	0
0	0
0	0
0	1
0	1
0	1
0	0
0	0
0	0
0	0
111	65
1	65
0	0
0	0
0	0
0	0
21	0
24	0
9	39
0	33
0	2
2	11
0	0
85	43
0	10
0	39
0	20
1	4
0	3
67	89
0	89
5	0
0	6
0	16
0	0
0	0
0	0
0	89
1	18
0	8
0	75
0	67
0	55
1	71
0	58
0	42
1	39
359	0
0	0
0	0
0	0
0	0
0	19
0	20
0	18
0	12
0	2
0	0
0	0
0	0
0	261
0	266
0	240
3	50
0	5
0	15
0	44
0	84
0	0
0	0
0	0
0	0
0	0
0	0
0	0
0	0
0	0
0	0
0	0
0	0
0	0
0	0
0	0
2222	792
10	5
40	782
0	636
47	1
50	2
0	9
2	4
0	0
1	1
0	3
0	3
0	1
0	0
0	9
28	15
1	15
7	9
0	9
0	0
0	7
0	7
0	23
0	18
0	0
0	0
0	0
0	0
0	0
0	0
0	0
0	65
3	63
0	19
0	10
0	24
2	17
0	11
1	10
0	0
0	0
8	0
0	23
191	590
15	397
5	549
23	547
0	75
2	201
1	0
25	10
1	37
0	0
0	0
0	0
0	152
1	152
13	10
4	131
158	70
0	70
0	7
0	7
0	7
0	0
0	0
0	0
0	0
0	0
0	0
0	0
0	0
0	0
0	0
0	0
0	0
0	0
0	0
0	0
0	0
0	0
0	0
0	0
0	0
0	0
0	0
0	0
0	0
0	0
175	0
0	0
0	0
0	0
0	92
3	91
7	26
2	60
0	104
0	102
0	27
0	104
0	6
12	28
0	5
0	43
0	7
0	16
0	7
0	33
10	138
0	138
0	18
0	10
0	33
0	30
17	30
0	0
0	0
0	0
0	0
0	0
0	0
0	215
1	218
0	217
13	179
0	230
0	26
0	202
4	21
1	204
17	0
0	4
0	16
0	33
0	5
6	14
0	12
0	42
0	24
0	0
38	10
0	0
0	196
0	187
0	204
0	172
0	0
0	0
0	0
0	0
0	42
0	42
0	18
0	6
0	1
0	12
0	12
0	5
1	18
0	3
0	38
1	39
0	14
0	4
0	39
78	32
3	23
0	19
0	0
0	0
0	0
0	0
0	0
1	0
0	0
0	0
0	0
0	0
0	0
0	0
0	0
0	0
0	0
0	0
0	0
0	0
0	0
0	0
0	0
0	0
0	174
575	361
4	72
8	63
0	73
0	31
0	39
0	0
1	0
16	85
0	73
0	58
0	24
2	61
0	7
0	31
0	0
0	0
0	0
0	0
0	0
0	0
0	0
1	0
0	0
0	0
0	0
1	22
0	22
0	1
0	10
0	0
3	0
4	149
0	87
1	158
7	5
0	43
0	13
0	159
0	36
0	26
143	91
0	76
0	22
0	63
0	72
0	48
0	44
0	47
6	12
0	24
4	27
0	0
0	0
0	0
0	0
2	0
17	119
7	119
0	5
0	10
0	10
0	3
69	11
0	11
1	50
0	14
1	212
0	212
0	192
1	192
2	212
19	38
0	39
2	5
1	4
0	2
4	168
3	168
0	29
0	13
59	313
0	313
0	0
2	4
0	2
0	3
0	1
1	33
0	36
0	2
0	3
0	0
0	2
379	4
0	0
0	0
0	12
0	13
0	13
0	0
0	4
1	0
0	0
0	0
0	0
0	0
2	31
0	32
0	32
0	3
0	0
0	0
0	0
0	0
0	0
0	0
0	0
0	0
0	0
0	20
0	288
1	25
0	288
0	288
0	0
0	0
0	0
0	0
0	0
0	0
0	0
0	0
0	2
1	2
132	991
19	991
0	623
3	499
3	0
87	504
1	504
15	60
0	84
6	210
8	66
1	44
0	14
0	0
0	0
0	0
0	0
0	0
0	0
0	0
0	0
0	0
0	0
0	0
0	0
0	0
0	0
0	0
0	429
47	465
0	462
0	197
0	146
0	69
0	0
0	0
0	0
0	0
0	0
0	0
2	56
0	69
0	65
0	67
0	35
0	59
0	42
0	0
0	0
0	1
0	0
0	1
0	1
0	0
0	1
0	0
0	0
0	0
0	0
0	1
8	551
2	586
66	553
51	0
0	104
0	34
0	121
0	41
0	392
0	98
0	524
6	276
1	474
12	0
0	514
0	291
0	52
0	55
0	0
0	0
0	3
0	0
0	0
0	0
0	3
0	0
0	0
0	26
3	137
0	285
0	148
0	10
0	267
0	259
47	124
2	46
0	6
0	6
0	4
1	26
0	22
0	287
0	0
0	0
1	0
0	1
0	1
0	1
0	1
0	1
0	1
0	0
0	0
0	0
0	0
0	0
0	1
0	0
4	9
1	9
0	19
12	19
9	12
0	12
1	0
0	5
1	5
0	1
0	20
0	0
0	12
0	2
0	0
0	1
0	0
0	1
0	1
0	1
0	1
0	0
0	0
0	0
0	0
0	0
0	20
7	110
0	108
0	26
9	37
0	28
0	26
0	2
0	8
0	135
0	134
1	123
0	24
3	15
4	85
13	85
0	0
0	0
2	0
3	210
5	210
4	15
0	1
0	0
0	0
0	0
0	0
2	23
138	68
0	45
0	21
0	18
0	21
0	16
1	19
1	2
0	12
0	9
0	3
0	22
1	88
0	36
5	88
0	4
0	13
1	4
0	8
0	9
0	7
0	7
0	1
0	6
0	0
0	0
0	0
0	0
0	0
5	0
0	0
0	0
0	0
0	0
0	0
1	11
0	42
11	137
0	41
0	28
3	26
0	16
0	49
1	14
21	7
0	5
0	1
4	0
0	2
0	0
2	0
6	947
0	0
0	0
70	591
23	591
0	0
0	0
0	0
135	1
0	1
209	0
1	0
0	0
0	0
0	0
3	17
0	1
0	0
0	0
0	8
0	6
0	3
0	3
0	157
0	141
0	80
14	46
0	45
1	40
2	37
0	168
0	0
15	4
0	4
3	0
0	0
0	0
0	0
0	0
0	0
0	0
0	0
0	0
1	1
38	22
10	19
5	5
0	7
0	0
0	0
3	155
0	226
2	130
4	113
13	117
6	13
49	98
6	58
0	43
3	11
0	13
0	0
0	0
8	2436
82	758
0	2869
0	2863
0	228
0	676
0	107
21	109
0	91
0	1
0	1
0	1
0	0
0	0
6	108
0	93
4	8
0	6
0	32
0	2
0	2
0	0
0	0
0	0
0	0
39	216
0	216
0	82
0	0
0	0
0	0
0	0
0	0
0	0
0	0
0	0
3	311
0	20
0	0
0	0
0	0
8	738
3	193
22	764
10	44
2	46
0	0
0	0
0	25
0	1
0	23
0	3
1	1
0	21
0	5
8	1
0	15
0	20
0	20
5	177
1	159
0	164
0	0
0	15
0	97
0	11
0	376
0	11
2	130
0	43
0	295
1	343
7	21
3	41
0	41
0	10
0	2
0	10
10	25
1	8
0	25
0	8
0	25
0	20
0	0
0	9
0	3
0	3
0	0
0	0
0	0
0	0
0	0
82	170
2	29
0	104
6	58
0	51
0	79
0	46
0	7
0	10
6	0
0	0
0	0
0	0
1	13
0	5
0	12
3	14
0	12
1	10
0	11
0	175
0	168
6	99
0	22
0	33
0	40
0	0
0	0
0	0
0	0
0	0
0	0
0	0
0	0
177	1316
3	588
9	224
0	117
9	257
0	607
3	70
1	129
0	59
2	55
50	5
0	2
1	3
0	2
0	295
0	274
5	82
0	63
38	0
7	22
0	53
0	90
0	60
1222	8024
3	7041
4	4345
5	3164
0	0
0	0
0	0
0	0
0	0
0	0
1	0
0	0
0	4
0	4
0	0
0	0
0	0
0	0
0	24
0	2
0	24
0	24
0	0
0	0
0	0
0	24
0	158
23	161
2	14
1	17
9	3
0	5
0	11
0	0
0	0
0	0
0	0
0	0
0	0
0	0
0	0
0	0
0	0
0	0
0	0
0	4
1	4
0	3
0	3
0	3
0	0
401	7
3	7
2	0
265	583
1	539
5	574
1	145
32	514
1	16
28	242
0	50
0	10
0	12
0	0
0	7
1	16
0	11
0	11
118	25
1	15
0	0
0	0
0	0
0	0
0	0
0	219
3	317
2	273
5	51
4	44
4	96
2	3
0	87
990	185
6	70
1	28
0	0
0	0
0	0
0	0
0	0
0	0
0	0
0	0
0	0
2	73
0	74
15	31
62	141
2	7
0	25
25	0
8	94
0	0
60	0
1	154
4	29
0	22
6	22
0	145
0	2
0	2
0	2
0	2
0	2
0	0
11	151
0	312
0	291
0	392
0	408
0	286
0	174
23	168
0	438
0	85
0	179
1	134
0	177
0	82
1	25
0	50
0	3
2	26
0	64
1	19
0	38
0	1
1	0
0	0
0	0
0	0
33	2413
6	2415
1	2414
4	2414
0	1
0	1
15	81
2	10
2	81
0	66
0	26
0	33
0	0
0	0
8	4172
1	4118
0	901
4	1023
0	1073
0	0
2	0
0	0
0	0
0	0
0	0
0	0
0	0
0	0
0	0
0	0
0	0
0	0
0	3
0	4
6	4
1	3
0	65
0	113
0	123
0	157
0	70
0	20
294	485
3	444
0	388
4	55
40	192
0	0
0	0
0	0
0	0
0	0
0	0
0	0
0	503
3	499
0	497
0	50
0	62
10	9
1	16
0	506
0	504
2	81
1	28
1	0
0	81
24	25
0	25
0	0
0	0
0	0
0	252
1	248
0	13
1	22
0	13
0	0
0	0
1	0
158	138
1	72
0	133
0	0
0	0
0	0
45	42
0	29
0	19
0	0
0	0
0	0
0	0
0	0
0	0
0	0
0	0
0	0
0	0
0	0
0	9
0	9
26	0
0	0
0	0
0	24
0	10
2	117
0	116
0	15
0	25
0	19
0	11
0	19
0	19
0	3
0	11
0	12
0	7
0	65
0	9
8	14
0	56
0	64
3	0
0	8
0	5
0	1
1	3
1	9
0	50
4	158
1	182
0	215
0	101
0	0
0	0
0	0
0	0
0	0
0	0
0	0
0	0
0	0
0	0
0	0
0	0
0	0
0	0
176	1
1	32
0	8
0	32
0	32
56	2
0	2
4	130
0	120
0	48
3	53
0	40
1	38
0	36
3	35
0	19
1	143
4	143
1	3
0	7
0	7
0	6
0	6
0	375
1	31
0	14
0	324
0	218
0	23
0	0
87	69
0	69
0	12
17	39
10	119
4	108
4	26
76	1546
9	498
0	59
21	1048
72	24
0	4
0	11
1	3
0	0
5	3
1	0
10	164
0	8
0	12
0	9
0	1
0	163
0	0
0	0
0	2
0	120
0	160
67	262
3	60
0	224
0	39
0	0
2	9
0	0
0	9
0	9
0	9
0	4
0	24
0	23
0	27
17	23
0	0
0	0
0	0
86	0
0	0
0	0
0	0
0	3
0	3
0	0
1	1417
0	1219
1	1442
1	1440
0	31
0	155
13	97
1	221
38	18
0	12
1	12
2	289
20	287
0	29
11	22
0	289
9	5
0	0
0	0
0	0
0	0
0	1
0	1
0	1
0	1
0	1
0	0
0	0
0	0
0	0
0	0
0	0
0	0
0	0
0	0
0	0
0	1
0	1
0	1
0	1
0	1
0	1
0	0
0	0
0	0
0	0
0	0
0	0
0	0
0	0
0	0
0	0
0	4
0	4
0	3
0	0
0	19
0	1
0	12
0	18
0	18
1	22
0	22
0	88
245	245
0	239
0	232
5	72
156	0
166	31
0	31
23	76
12	75
2	0
0	3
0	2
0	4
0	2
2	2
0	3
3	3
0	6
51	534
0	534
0	65
308	87
5	87
0	39
1	17
0	0
0	0
0	0
0	0
0	0
0	0
0	104
2	194
0	200
6	13
0	0
0	0
0	0
0	0
0	0
69	40
6	133
28	127
3	114
0	0
0	26
0	26
0	24
0	23
1	39
0	40
0	4
0	10
0	11
0	5
0	7
1	1
0	1
0	1
0	0
0	7
5	37
0	37
0	0
0	0
0	0
0	0
1	0
0	0
0	0
0	0
0	0
0	0
0	0
0	0
0	0
0	0
0	0
0	0
0	0
0	0
0	0
0	3
0	3
0	0
0	3
9	561
0	12
82	555
1	0
0	555
1	25
15	0
0	0
0	0
11	143
0	5
0	10
0	72
0	143
35	454
3	454
0	34
2	36
0	25
6	1
0	0
0	0
13	2
0	2
0	0
0	0
0	0
0	0
0	0
0	152
0	151
0	117
5	91
0	10
0	12
1	19
0	15
0	1
0	1
0	3
0	1
0	3
0	1
0	0
0	0
0	0
0	1
1	0
0	0
0	0
0	0
0	0
0	0
0	0
0	0
0	0
0	0
13	43
0	43
1	4
0	17
63	2
2	2
0	2
0	2
0	0
0	0
0	0
0	0
0	0
0	0
0	1
0	0
0	0
0	24
0	24
0	24
0	18
0	23
0	1
0	0
0	1
46	0
0	13
0	12
0	10
0	0
0	3
0	3
0	0
35	93
0	93
2	78
12	30
0	5
0	0
0	5
1	2
0	0
0	5
0	2
0	5
5	110
1	87
5	41
6	74
0	21
0	30
2	18
3	24
0	35
0	18
0	0
0	0
0	0
0	0
0	0
0	0
0	0
7	16
0	0
0	0
0	0
481	559
1	345
0	214
13	6
0	6
0	0
0	0
0	0
0	0
0	0
0	0
80	0
15	0
0	9
0	21
204	236
0	80
2	163
0	138
0	1
0	1
0	1
0	1
0	1
0	0
0	0
1	1076
0	1010
0	696
0	630
0	426
7	196
0	285
10	87
0	201
0	334
379	22
0	1
0	1
0	1
0	1
0	0
0	5
0	5
2	4
0	137
1	105
0	110
0	16
0	108
0	125
1	15
0	35
0	0
0	28
0	28
99	36
14	33
0	174
1	181
0	13
6	105
2	0
6	0
1	227
0	6
0	2158
0	25
0	10
0	15
0	6
0	11
0	2210
0	20
1	2155
0	25
3	0
0	0
0	0
0	0
0	734
0	664
1	371
0	74
1	31
0	4
0	0
79	393
0	259
3	304
0	204
3	321
0	11
0	39
0	186
0	0
0	0
0	0
0	0
31	5
0	5
11	212
0	796
0	772
0	78
0	112
0	793
4	34
0	392
0	394
5	119
0	151
0	98
0	23
0	14
0	1806
19	169
7	41
2037	454
0	122
0	108
14	220
0	0
0	0
0	0
0	0
0	0
0	0
0	124
0	119
0	18
0	0
1	54
0	0
1	0
26	54
0	7
0	54
0	9
10	1597
1	1126
0	555
0	553
0	247
1	1599
4	179
0	62
0	60
0	37
7	29
0	29
8	53
0	27
0	13
597	1172
0	529
0	957
1	914
0	0
0	7
0	7
0	0
0	33
0	22
3	33
0	16
1	26
352	50
0	33
1	50
3	25
0	0
0	0
0	179
50	179
0	119
13	0
0	97
0	0
0	0
0	1
0	0
0	0
273	219
4	151
9	153
0	0
0	0
0	0
0	0
0	5
0	1
0	5
1	889
13	3690
0	3240
0	3250
0	190
0	291
0	0
0	0
12	0
0	517
0	296
1	149
58	616
3	201
0	222
0	157
0	464
1	543
0	1097
0	57
1	42
2	135
2	101
3	100
10	3505
0	3586
0	3
0	3
39	0
2	147
0	285
0	290
0	290
0	6
0	29
0	15
1	27
0	19
0	8
0	15
0	0
31	57
0	51
0	57
0	4
0	23
0	262
0	280
0	84
1	83
1	54
4	11
0	44
1	1
0	9
0	54
0	0
0	0
0	0
0	26
0	25
0	8
0	0
0	0
5	132
1	156
0	131
13	0
0	0
0	0
0	0
0	0
0	0
0	0
0	0
0	0
0	0
0	0
0	0
0	0
0	0
0	0
0	0
0	0
0	0
0	0
0	22
3	51
214	154
1	135
0	81
0	36
0	49
0	135
0	18
0	15
1	20
0	0
0	5
0	4
0	18
0	9
0	13
0	138
0	159
1	41
12	97
1	96
2	75
3	59
0	50
20	21
0	7
0	0
0	0
0	0
0	0
0	0
0	0
0	0
0	0
0	0
0	0
5	0
2	70
0	76
2	63
0	72
0	125
0	138
0	85
0	59
0	83
0	25
0	51
0	79
0	52
1	31
0	374
0	372
12	398
2	15
0	20
26	17
204	138
0	40
0	118
2	90
2	62
2	22
0	0
0	0
0	0
0	0
0	0
0	0
0	0
0	0
0	0
0	0
0	0
0	0
0	0
0	0
0	107
0	66
0	96
3	12
0	0
1360	276
1	196
19	80
3	0
53	5
0	5
22	2464
1	753
0	974
0	751
0	938
4	94
0	2459
759	644
0	487
0	157
0	0
18	290
0	279
0	279
1	279
0	55
0	48
0	48
27	11
0	0
0	0
0	0
0	0
0	0
0	3
53	11
1	11
0	4
0	7
0	7
0	56
0	24
2	49
0	51
2	11
11	421
0	0
0	0
0	0
0	0
0	0
0	0
0	0
0	0
0	0
0	0
98	301
0	4
6	13
0	15
10	6
1	5
0	9
1	9
0	8
0	20
0	1
0	3
1	0
0	2
0	1
0	21
0	11
0	1
0	1
0	0
0	1
0	0
0	0
1	50
1	50
0	3
102	12
0	12
0	0
0	0
0	0
0	0
0	0
0	4
0	118
0	4
0	166
0	21
0	155
0	26
0	171
0	29
0	4
4	4
0	4
0	0
0	0
0	0
0	0
0	0
0	20
0	41
2	120
2	141
0	196
0	224
1	207
21	175
1	23
125	50
5	50
2	49
97	64
0	59
0	6
8	28
0	11
1	14
0	59
12	1
7	197
13	509
5	508
11	161
4	0
2	351
0	27
0	295
0	154
0	161
0	351
2	15
1	12
0	0
0	0
0	0
0	0
0	0
1	22
0	22
0	0
0	22
0	0
0	5
0	8
0	28
0	67
0	63
0	69
0	23
0	55
0	53
8	41
7	20
0	2
120	140
0	473
1	319
0	258
175	311
0	34
7	24
0	53
14	244
0	83
0	26
4	121
5	28
0	108
1	4
0	1
0	4
0	4
0	4
0	0
0	0
1	0
0	0
0	1
0	2
0	0
0	1
0	2
0	2
70	118
7	131
3	70
12	100
1	46
0	55
9	25
0	2
0	0
0	0
0	0
0	1527
0	852
1	25
130	1412
0	64
8	39
59	630
267	191
0	193
12	48
0	28
3	5
0	0
0	0
1246	441
0	441
0	0
0	16
0	41
0	0
0	0
0	0
0	0
0	0
0	0
0	0
0	0
0	0
6	17
1	41
7	53
0	44
0	58
2	14
2	9
0	17
0	6
0	14
4	4
34	61
2	58
0	13
1	48
0	24
4	12
5	12
0	0
0	0
0	0
0	0
761	58
0	37
0	36
0	31
9	38
0	38
0	38
1243	454
3	244
6	210
0	6
12	193
0	188
14	6
0	11
0	74
4	10
0	23
0	537
0	526
15	263
0	523
0	512
0	1
0	1
0	0
0	0
31	143
0	18
0	134
0	40
11	71
24	142
0	136
0	129
0	84
0	14
49	46
1	31
0	219
6	219
0	208
0	27
0	65
15	16
2	111
0	280
0	290
0	293
0	308
14	23
0	48
2	45
0	6
0	303
0	0
0	0
0	0
0	0
0	0
0	2232
84	2676
49	13
0	2663
0	0
0	0
0	0
0	0
0	0
0	0
0	0
0	0
90	72
0	72
0	72
0	72
0	0
0	0
0	0
0	0
0	0
0	0
0	0
2	0
237	54
0	20
1	34
753	145
0	41
0	35
0	38
0	15
0	9
20	20
0	20
0	0
385	134
5	371
0	612
0	152
10	216
1	64
0	72
1	85
2	5
0	298
2	263
3	28
2	151
8	151
3	32
0	70
0	59
0	57
0	3
10	0
0	27
4	9
0	11
0	0
0	0
449	1747
7	25
0	44
0	82
0	102
3	89
3	102
0	105
102	101
0	114
12	414
0	528
2	89
91	294
0	829
0	419
0	258
9	324
0	173
14	167
0	107
3	14
0	100
16	137
0	119
7	78
1	23
0	13
1	13
0	0
0	2
1	343
0	300
1	260
2	21
15	186
0	66
5	4
0	61
2	32
3	308
0	225
0	271
0	300
4	25
10	31
0	42
0	2
20	22
0	0
30	12
0	12
0	0
0	0
0	0
0	0
0	0
0	0
0	0
0	0
0	0
0	0
0	0
0	0
0	0
0	0
0	0
0	0
0	0
110	0
0	0
0	0
0	0
0	0
0	0
0	0
4	0
0	0
3	0
0	2
0	2
0	2
0	2
0	2
0	2
0	2
0	2
0	0
0	0
0	0
0	0
1	64
0	1
0	71
0	39
0	36
0	13
0	31
0	20
2	16
1	14
0	12
107	490
0	479
5	133
5	68
3	0
0	0
0	0
1	0
0	0
0	0
0	0
0	0
0	0
0	0
0	0
0	0
0	0
0	0
0	0
27	544
0	715
0	707
9	152
0	52
29	268
0	257
5	201
0	199
0	23
0	111
0	112
0	129
0	94
1	2
4	0
13	101
8	178
0	15
0	36
0	43
0	167
0	98
1	99
8	10
0	0
0	0
0	0
0	0
0	0
299	1003
26	162
2	155
0	73
0	8
0	3
42	20
0	155
7	41
2	41
0	7
0	7
0	2
0	0
0	2
0	2
0	1
0	3
39	510
0	10
0	5
0	2
0	10
97	0
0	0
0	94
10	95
0	86
0	54
50	4
0	0
0	0
1	2
0	2
0	2
0	2
0	2
0	2
0	2
0	0
2	0
6	28
2	28
111	291
1	13
0	266
9	146
0	201
0	24
0	13
0	0
19	132
1	132
0	5
12	13
0	14
0	0
0	7
1	161
13	161
0	44
2	24
0	0
0	0
0	0
0	0
0	0
0	0
0	0
2	0
0	0
0	19
0	1
0	8
0	4
0	2
209	780
1	93
1	75
1	16
0	0
0	0
0	0
0	0
0	0
0	0
0	0
0	60
2	60
0	3
4	7
86	774
2	247
2	171
0	0
0	0
0	0
0	0
0	0
0	0
0	0
0	806
0	818
0	80
0	656
0	77
1	57
0	206
0	93
0	127
5	5
34	149
2	87
5	5
0	10
0	10
0	1
0	10
0	13
0	15
0	14
3	1
0	1
0	12
0	0
0	17
0	12
0	10
1	1
0	2
0	12
1	12
0	8
0	0
0	0
0	0
392	773
62	665
0	123
4	381
0	0
1	568
0	0
8	107
17	96
3	131
10	331
7	223
0	0
0	0
0	0
0	0
0	55
0	46
0	48
6	21
7	7
0	15
0	0
0	0
0	0
0	0
0	0
0	0
10	1
0	0
0	0
0	1
272	108
0	40
0	108
212	536
0	495
8	517
3	26
0	130
0	119
13	95
0	7
0	7
0	5
0	5
0	7
0	5
0	5
0	5
0	59
0	76
1	7
0	50
0	46
4	50
0	60
0	44
0	9
0	2
0	46
0	7
0	48
0	44
0	0
0	7
0	52
0	4
0	52
0	7
0	7
0	12
0	51
0	6
0	7
0	43
0	19
0	19
0	42
0	15
0	40
0	44
0	5
0	10
0	38
0	25
1	1
0	1
0	42
0	6
0	2
0	13
0	17
0	6
0	45
0	19
0	11
0	8
0	17
0	53
9	0
0	1
0	17
0	16
0	19
0	16
0	40
8	4
6	22
0	13
0	76
0	9
0	41
0	40
0	8
1	0
5	5
0	0
0	0
0	0
0	0
0	0
0	0
0	0
2	2
0	224
3	464
38	484
18	106
0	41
0	41
21	134
4	168
0	97
0	57
0	97
0	1
0	1
0	0
0	0
0	0
0	0
103	0
2	12
0	0
0	5
0	12
0	4
1	5
0	136
0	34
0	0
1	0
0	135
1	24
0	0
0	0
0	0
0	0
0	0
0	0
0	0
0	2
0	2
0	0
0	1
0	0
0	0
1	0
0	792
24	3357
0	303
0	1186
0	18
4	82
5	51
0	123
1	100
0	69
0	85
0	3358
105	218
0	97
0	122
0	99
2	3
0	3
0	0
0	0
0	0
0	0
0	0
0	0
0	0
0	0
0	41
1	3
0	36
1	34
0	3
0	4
0	0
0	0
0	0
0	0
0	0
1	9
0	9
0	9
1	4
0	0
0	0
0	0
47	66
0	50
0	50
0	35
1	28
6	1
0	13
2	5
0	3
2	16
18	661
0	573
20	659
0	78
1	57
0	209
4	92
2	0
0	0
0	0
0	254
506	1377
11	733
6	1188
18	1365
1	36
0	1089
0	0
0	0
0	0
0	0
0	0
0	13
0	9
0	13
0	12
335	53
4	30
4	25
10	23
0	0
0	0
0	0
299	252
0	189
0	217
0	2
0	1
6	2
0	0
0	0
0	0
0	0
0	0
0	0
0	0
35	902
0	211
0	672
0	378
2	13
0	607
5	213
852	251
0	0
2	251
710	116
0	31
0	101
0	0
0	0
0	0
0	0
0	0
0	0
689	1080
5	294
8	225
2	320
14	261
0	0
0	0
0	0
0	0
0	0
0	0
0	0
0	0
0	0
0	0
0	0
0	0
0	0
272	93
0	79
4	14
0	0
0	0
0	0
0	4
0	4
0	0
0	0
0	4
115	53
1	10
0	53
6	53
1	15
5	11
0	9
0	108
5	104
0	101
1	95
0	45
2	16
0	3
0	101
0	0
0	0
0	0
0	0
0	0
0	0
0	0
0	0
0	215
0	188
0	28
0	196
0	145
0	52
0	61
0	27
0	32
5	19
0	3
2	161
1	0
0	161
0	0
0	0
0	0
0	0
115	40
10	40
108	100
1	67
0	33
0	0
0	0
0	0
0	0
33	15
0	15
0	0
0	4
25	6
0	3
0	4
0	2
0	0
0	0
0	0
0	0
0	0
0	0
0	0
0	0
0	0
0	0
0	0
0	0
0	0
0	0
0	0
0	0
0	0
0	0
6	73
1	72
9	43
2	6
6	0
5	6
0	12
1	3
0	0
0	0
0	0
0	0
0	0
0	0
0	0
0	0
0	0
0	0
70	82
0	7
2	45
0	19
3	82
0	0
0	0
0	0
0	0
13	601
0	0
2	0
0	0
0	0
0	0
0	0
0	0
0	0
0	0
27	362
0	70
0	70
0	51
4	70
0	1
0	64
0	0
0	11
0	10
0	5
0	1
0	20
0	17
5	9
0	9
0	9
0	0
0	0
0	0
0	785
29	126
0	10
0	724
0	752
0	675
0	675
0	684
7	597
2	1
0	560
0	615
0	539
0	586
0	568
0	5
0	18
16	30
0	41
0	7
13	45
1	48
0	749
0	749
50	477
5	207
1	301
0	244
0	34
3	0
8	458
1	462
3	84
1	19
0	23
0	135
3	0
4	12
0	102
0	0
0	0
0	0
0	0
0	0
651	14
0	0
0	5
0	25
0	25
0	0
0	0
0	3
0	0
2	0
18	6188
2	5094
6	5813
0	0
0	0
0	0
0	0
114	30
0	12
0	27
0	4
0	0
0	22
0	1
1	21
0	17
0	16
0	0
0	0
0	0
0	0
0	0
0	725
4	725
2	0
0	0
0	0
0	0
69	66
0	66
0	24
0	1
540	139
41	0
1	2
0	2
100	191
0	191
33	1338
6	1272
0	453
27	9
5	3
0	0
0	0
0	0
0	0
0	0
0	0
0	0
0	0
0	0
0	0
0	0
0	0
0	0
0	0
0	0
0	0
0	0
55	138
0	7
0	138
0	22
0	114
0	0
0	0
3	1
0	1
0	0
0	1
0	0
0	0
0	0
0	24
0	26
0	15
2	1
6	3
0	7
0	7
0	0
0	0
0	0
0	30
14	66
0	61
12	443
0	581
0	529
2	21
24	122
2	127
0	33
3	56
0	4
0	0
1	4
0	100
1	458
0	393
0	208
0	158
0	156
0	65
0	112
0	165
6	187
1	0
0	0
0	5
21	13
0	8
7	0
0	0
0	0
0	0
0	0
0	0
0	5
4	0
0	5
0	5
0	3
0	3
0	3
0	3
0	0
0	0
0	0
0	8
0	18
0	20
0	36
0	153
0	46
0	0
0	8
0	20
0	105
0	126
0	10
0	15
0	10
0	153
0	153
0	153
0	150
7	124
0	97
0	63
1	124
0	33
0	120
0	0
0	0
13	0
0	0
0	0
0	0
0	0
0	0
0	0
0	0
0	0
0	0
0	0
0	0
0	4
0	3
0	4
0	4
0	4
0	4
0	0
0	0
0	0
0	0
0	0
0	0
0	0
0	0
0	0
0	4
0	0
0	485
3	7
0	422
0	488
0	125
2	15
3	136
0	2
0	94
0	485
1	0
0	0
0	78
0	40
0	80
0	12
0	65
0	6
0	16
0	16
0	7
0	0
0	0
0	2
0	0
0	0
0	1
0	1
0	1
0	0
0	0
0	0
0	0
9	51
115	236
1	236
1	60
0	40
0	33
0	19
0	18
13	0
1	479
1	487
7	23
0	106
1	71
0	169
0	96
0	38
2	64
0	153
14	40
0	0
0	0
0	0
0	3
0	3
1	0
0	6
0	0
0	4
0	4
0	6
1	220
0	221
3	63
0	69
0	100
0	76
1	79
1	37
1	12
0	0
0	1
0	0
0	0
0	0
0	0
0	0
0	0
0	1
18	206
0	53
0	186
0	184
2	12
2	43
0	4
14	3600
0	0
0	0
0	0
0	0
0	0
0	0
0	0
0	0
0	0
0	0
0	0
0	5
0	0
0	0
0	5
0	0
0	0
0	0
0	0
0	0
0	0
0	5
0	0
48	217
9	216
0	0
0	0
0	0
0	0
0	0
0	0
0	0
0	0
0	0
0	86
46	113
0	113
0	90
0	11
40	10
0	6
0	4
0	6
0	6
0	3
1	16
0	16
0	16
0	8
0	16
0	4
0	16
0	0
0	70
0	68
0	19
0	0
0	0
0	0
0	0
1	0
0	0
0	0
0	0
0	0
0	0
0	0
0	0
0	0
0	0
0	0
0	1
2	1
0	0
0	1
0	1
0	0
0	0
0	0
0	0
0	0
0	0
0	0
0	0
0	0
0	0
0	0
0	0
0	0
0	0
0	24
0	23
0	22
0	22
0	22
0	12
0	22
0	63
0	171
0	5
38	63
0	65
2	18
0	171
0	0
0	0
0	0
0	0
22	415
0	240
3	177
0	166
0	66
0	0
0	415
2	150
0	179
0	183
0	105
10	83
2	0
0	715
0	715
0	145
0	688
0	13
0	33
0	14
5	39
0	118
0	26
4	207
0	16
0	68
0	25
0	64
1	10
0	58
0	218
0	16
0	86
0	27
0	15
0	9
0	15
0	47
0	8
4	9
1	11
0	131
0	137
0	121
0	50
0	8
0	31
1	35
0	4
45	127
7	2280
1	2286
57	2191
0	0
0	0
0	0
0	0
0	0
0	0
0	0
0	1
0	0
0	1
0	115
7	201
0	200
0	8
0	7
0	0
0	10
0	9
0	8
0	2
0	10
0	1
0	1
0	0
0	0
0	9
4	53
106	318
8	100
26	178
0	0
1	99
1	99
0	81
5	30
0	0
0	69
0	6
0	31
1	38
0	15
0	47
0	0
0	0
0	125
3	125
13	23
2	18
0	7
0	11
0	11
0	4
0	0
0	11
0	11
0	0
0	0
0	0
0	0
0	0
0	0
0	0
0	0
0	0
0	0
0	547
0	11
16	482
2	321
0	547
0	0
0	0
0	0
0	0
0	0
0	0
0	0
0	0
0	0
0	1
0	0
0	1
0	0
0	0
90	3
0	0
0	0
0	0
0	0
0	1
0	1
0	221
9	329
4	39
6	184
1	177
0	71
1	49
0	0
0	0
0	0
0	0
0	0
0	0
38	40
0	9
3	31
0	18
0	13
5	0
5	864
0	139
0	137
2	19
0	42
0	124
0	0
0	864
0	0
19	259
1	46
1	33
0	12
0	133
6	2
7	74
0	68
5	4
0	0
0	0
0	0
0	0
19	3
0	3
0	4
0	0
0	4
0	0
0	0
0	71
0	86
0	63
0	48
0	39
0	9
1	17
0	2
0	219
0	72
0	67
0	221
0	36
1	36
1	27
1	20
0	11
0	0
0	0
0	0
0	0
0	0
0	0
0	0
0	0
0	0
0	0
0	0
0	0
0	0
0	0
0	0
0	0
0	0
0	0
0	0
0	0
0	0
0	18
0	0
0	1
0	1
0	0
2	0
0	0
0	0
0	0
64	0
0	71
0	77
0	77
0	71
0	8
0	8
0	7
48	0
4	45
0	33
2	11
0	29
0	2
1	20
9	0
1	5
0	3
0	2
4	1
0	33
0	59
43	85
0	0
5	21
0	26
0	0
2	0
0	0
0	0
56	692
53	394
37	380
0	559
0	42
3	147
14	77
0	615
0	0
0	0
0	47
0	19
0	5
0	22
0	42
0	0
4	110
4	2
9	111
21	0
758	1311
2	289
6	144
0	169
0	623
0	598
23	420
0	79
0	0
0	0
3	0
0	0
0	0
0	31
0	37
0	159
0	35
2	24
2	58
0	35
0	34
1	109
54	32
0	104
0	25
3	13
3	12
0	0
0	0
0	0
0	0
0	0
0	0
0	0
0	0
0	0
0	1066
7	0
1	784
1	418
35	84
5	58
14	1
81	27
0	0
0	0
1	0
0	0
0	0
0	0
0	0
0	0
0	0
1	1
2	1
1	10
0	18
0	48
0	53
0	22
0	14
1	15
0	2
0	2
0	0
1	0
0	6
0	6
0	6
0	0
9	0
0	0
61	210
0	196
0	46
0	113
7	0
8	29
5	0
0	0
0	0
0	0
0	0
0	1
0	1
0	0
1	0
0	0
0	0
0	0
0	0
0	0
0	0
0	1
0	1
1	1
0	0
0	7
1	7
0	7
0	7
0	7
0	2
0	0
0	0
0	0
0	7
811	0
0	2
0	2
359	0
0	0
0	0
0	22
1	22
0	0
0	3
0	0
0	2
0	2
0	0
0	0
0	2
0	2
0	0
0	2
0	0
0	0
0	0
0	0
0	0
0	0
23	8
0	8
0	0
0	0
0	0
0	0
0	0
0	0
973	102
0	36
5	5
11	66
103	2003
1034	2003
41	25
37	367
0	283
16	281
0	188
2	274
39	165
0	0
18	1122
0	49
12	22
0	18
0	51
1	1036
0	139
0	79
1	34
0	132
0	142
2	144
1	65
0	85
4	37
32	9
0	2
2	6
3	3
5	3
0	0
17	406
0	410
2	4366
8	3149
15	3601
0	3634
30	1687
1	179
7	97
0	55
3	62
0	706
0	407
4	457
43	1031
0	4385
6	0
0	0
0	0
0	0
0	0
0	0
0	0
0	0
0	0
0	0
0	0
0	0
0	0
0	0
0	103
283	195
0	112
1	150
2	74
0	69
0	4
0	73
0	70
0	69
0	7
0	3
0	3
0	12
2	1
0	2
0	12
0	19
0	12
0	12
0	2
0	7
0	10
0	7
0	20
0	11
0	13
0	15
0	20
0	20
0	16
0	20
0	16
0	16
0	13
0	15
0	16
0	12
0	12
0	7
0	10
0	12
0	16
0	2
0	16
0	10
0	1
0	6
0	6
0	0
0	20
0	0
0	0
0	61
0	56
0	5
0	62
61	14
0	14
0	9
0	4
0	0
0	0
0	0
0	2
0	2
0	0
0	0
71	49
5	11
0	45
1	0
1	3
0	92
1	86
646	89
0	75
173	2066
0	1839
0	1729
1	781
3	256
0	289
1	133
0	337
0	437
1	443
0	0
0	0
0	0
0	54
2	54
0	0
8	241
0	241
0	52
3	55
0	0
0	0
0	0
0	0
0	0
0	0
0	0
0	0
0	1
0	1
0	0
26	164
0	161
0	13
0	143
0	100
6	48
0	0
0	0
39	267
0	108
0	17
0	5
0	0
10	57
1	12
1	9
17	34
0	2
0	0
3	134
26	9
0	14
258	748
0	748
5	76
0	1
2	42
0	42
2	8
0	12
0	2
0	2
0	0
0	0
0	69
0	67
0	62
0	23
0	65
0	25
7	40
1	34
0	23
0	0
0	0
0	0
0	33
3	20
0	81
0	84
149	66
0	31
0	1
0	8
0	0
0	23
3	8
1	20
0	0
0	46
2	120
2	95
3	53
0	99
0	6
0	0
17	6
0	353
5	328
10	77
14	173
52	145
14	33
2	353
634	338
1	338
18	29
10	0
26	478
3	126
0	395
0	150
0	261
0	75
3	5
0	5
0	15
4	15
4	7
0	0
0	0
159	111
0	32
0	79
4	29
0	11
0	1535
10	1799
0	1620
0	1565
9	420
5	132
111	895
0	286
0	206
0	99
8	0
44	97
0	11
0	11
0	9
3	15
0	23
3	48
0	45
1	220
7	2390
2	226
0	2425
0	2402
2	71
8	83
0	11
0	264
0	2084
0	373
62	1991
0	220
3	417
1	0
0	0
0	0
0	0
0	0
0	0
0	0
0	0
0	0
0	0
24	81
0	25
0	15
0	24
15	8
0	37
0	61
0	77
0	0
0	0
0	371
0	377
0	379
0	400
0	234
0	333
0	268
0	58
0	51
39	107
0	44
0	18
0	38
0	5
0	32
0	15
3	1
0	1
0	0
0	0
143	214
1	166
0	49
0	60
0	173
2	196
0	0
0	102
6	16
0	0
0	0
0	0
0	0
0	0
0	0
0	0
0	0
0	0
1	276
0	19
0	271
0	0
0	0
0	0
0	0
0	0
0	0
0	0
0	1
6	11
0	11
3	11
0	2
0	1
0	1
0	0
0	1
0	1
0	0
0	0
0	0
0	0
0	0
0	0
0	0
0	0
0	0
0	1
0	1
0	17
0	15
0	2
0	0
0	5
0	4
0	7
0	0
0	4
0	10
2	388
1	201
0	288
4	121
0	0
1	1
0	0
0	0
0	0
0	0
0	0
0	0
0	0
20	1145
0	1026
0	889
0	82
0	1044
0	1025
11	80
0	280
1	514
2	170
29	119
16	0
0	247
0	166
9	76
59	20
0	9
2	11
0	5
0	214
0	205
0	54
0	0
0	0
243	0
0	163
0	134
0	40
0	11
0	130
5	22
2	56
158	299
0	90
5	206
0	369
0	179
2	48
0	350
1	359
0	37
0	46
0	19
2	4
1	10
5	216
0	185
0	5
18	0
6	56
0	10
0	199
28	87
0	33
0	13
0	22
0	364
1	374
0	446
0	165
0	69
0	13
11	88
0	85
0	122
1	21
0	30
0	75
0	104
0	102
65	0
5	20
0	20
0	0
0	0
0	0
45	893
8	893
0	20
0	85
0	107
5	6
0	5
1	0
3	1
0	470
7	474
0	380
0	330
5	334
0	428
0	346
0	424
0	72
12	9
1	148
0	290
0	282
0	393
0	385
0	376
0	358
0	419
0	377
0	17
0	35
2	47
4	61
0	73
0	12
0	24
0	392
2	324
0	0
0	0
0	0
0	0
0	0
0	0
0	0
0	0
0	0
0	0
0	0
0	0
0	0
0	0
0	0
0	0
0	0
0	0
0	0
0	0
0	0
0	0
0	0
0	0
61	535
0	0
0	0
50	0
202	1597
2	1404
37	493
56	522
0	317
0	256
0	151
0	6
0	7
0	4
0	6
0	7
103	1201
0	62
0	62
4	62
0	62
0	23
0	11
0	19
0	18
0	14
0	11
0	5
0	0
0	0
0	0
0	0
0	0
70	173
2	75
4	51
0	147
0	14
0	0
0	0
0	0
0	0
0	0
0	77
0	180
0	72
5	6
2	8
0	8
0	6
0	5
0	10
0	5
0	12
0	101
0	2
0	180
26	0
61	267
0	253
0	88
1	11
3	51
1	18
0	4
0	181
3	181
1	174
1	0
26	174
0	0
0	126
0	119
0	67
3	24
0	26
0	18
0	24
0	28
1	35
3	5
0	126
144	533
0	517
0	50
0	56
6	172
0	124
0	58
0	24
0	0
0	0
0	3
0	3
89	339
5	66
2	25
0	31
0	15
2	19
0	25
0	48
6	31
0	0
0	0
0	0
0	0
54	13
0	13
23	29
0	28
1	4
1	3
6	3582
0	3687
8	2912
0	3578
0	3265
0	3603
1	3186
0	885
0	1483
0	770
0	987
0	493
11	247
0	155
0	524
0	1587
4	749
2	966
0	1590
0	484
0	1434
0	1035
0	1076
0	759
9	1218
5	503
0	176
0	922
0	461
0	861
8	768
61	452
13	461
2	237
180	509
40	495
7	28
3	25
0	50
15	70
6	67
18	25
0	48
0	21
4	1
2	10
0	1116
0	969
0	978
0	1000
0	995
3	889
16	157
4	37
377	13
0	13
1	160
16	167
4	158
2	49
0	87
0	59
0	57
0	49
1	17
0	3
0	0
0	4
0	3
0	3
0	3
0	2
0	3
0	1
0	0
0	0
0	1
0	0
0	1
0	0
0	0
0	4
0	3
0	3
0	0
0	0
0	0
0	0
0	0
0	0
0	0
0	0
17	11
0	11
0	8
0	0
89	309
0	17
5	95
0	304
2	19
0	279
16	79
0	105
0	105
0	151
0	146
0	31
24	0
1	0
3	718
3	734
1	18
0	30
4	44
0	21
0	19
0	17
0	5
0	5
0	13
0	2
0	6
0	1
0	21
26	440
3	440
10	42
46	63
0	62
0	17
0	0
0	0
0	0
0	0
0	0
0	0
0	0
0	0
23	329
0	200
0	332
3	50
0	199
0	43
0	269
5	55
5	100
0	25
0	15
0	23
0	260
0	0
0	0
0	0
39	336
0	0
154	60
0	58
0	2
0	0
0	1
0	1
0	1
0	2
2	6
1	12
3	6
0	0
0	0
0	0
0	0
0	0
0	0
0	0
0	0
1	29
0	18
39	137
0	24
0	71
0	28
0	0
1	57
0	14
1	14
0	21
2	37
0	31
0	0
0	0
0	0
0	1
0	1
0	0
0	0
0	0
0	15
0	15
0	153
0	20
0	24
5	10
0	20
2	11
0	38
0	59
1	37
1	13
3	18
0	153
0	0
0	0
0	0
0	0
0	27
5	0
0	6
0	61
0	5
0	2
0	63
0	0
0	0
0	0
0	240
0	371
0	116
3	164
0	208
0	20
0	55
0	164
0	174
0	200
0	180
0	78
0	151
0	3
0	0
0	3
0	1
0	0
0	0
0	0
0	0
0	0
0	0
0	123
0	188
2	167
0	65
0	72
1	66
2	20
2	0
0	0
0	0
0	0
0	0
0	0
0	0
0	0
0	0
0	0
0	0
0	0
0	0
0	0
0	0
1	0
0	1
3	1
0	0
0	0
0	0
0	0
0	0
2	0
0	0
0	0
0	0
1	37
0	0
0	37
0	8
0	7
0	6
5	13
0	4
0	5
1	1
0	6
0	3
0	0
0	0
0	0
0	0
15	0
4	50
117	125
6	65
0	120
0	0
0	0
0	0
0	0
0	0
0	0
0	0
0	0
0	0
0	0
0	0
0	0
1	0
0	0
0	7
27	7
0	0
0	1
0	0
0	380
0	296
8	365
0	361
0	360
0	108
1	24
3	17
1	22
2	15
0	29
95	198
0	162
0	19
0	20
0	58
0	100
1	34
1	35
0	3
0	41
0	5
0	36
0	9
0	15
0	25
0	30
0	4
0	4
0	7
0	20
0	0
0	4
1	1
0	3
2	9
0	4
0	10
0	0
0	13
0	4
9	5
2	0
0	1
0	5
0	0
0	0
0	0
0	0
1	106
8	88
0	102
0	18
0	13
0	5
0	21
0	9
0	1
13	52
9	52
0	0
377	0
0	0
302	0
0	5
0	1
0	0
0	2
0	2
0	5
134	0
0	1
6	74
137	143
1	121
0	87
0	85
0	25
7	31
0	24
0	99
0	85
2	85
0	89
0	25
0	62
0	3
0	1
0	1
0	96
0	0
0	0
0	0
0	0
2	0
0	0
0	0
0	0
0	0
0	0
0	0
44	22
0	22
5	19
1	19
0	0
12	5
0	0
0	0
0	0
0	0
0	0
0	0
0	0
0	0
0	0
0	0
0	0
0	14
20	23
1	2
0	2
0	2
0	7
48	17
0	2789
0	3
9	7
0	5
0	5
0	5
6	0
0	20
0	20
0	2575
0	285
0	303
0	513
2	333
6	264
0	211
86	142
3	95
0	6
1	5
237	6
0	0
19	12
0	5
0	2
0	0
0	8
3	8
1	6
0	0
0	6
20	13
0	13
0	6
0	0
0	0
0	6
0	0
1	0
0	0
0	0
0	0
1	3002
2	2997
0	3002
137	3001
0	3004
4	2998
0	2996
0	1922
0	1859
0	1852
13	771
0	955
41	3002
0	0
0	0
0	0
0	0
0	0
2	157
3	15
0	127
0	26
1	0
0	61
1	9
0	127
37	105
0	3
2	102
0	55
0	0
1	45
8	3
17	45
0	4
0	91
1	56
0	85
0	68
0	67
0	84
0	32
0	27
0	31
0	31
0	17
0	0
4	6
0	18
0	3
0	9
0	5
0	2
0	0
0	361
0	33
0	22
2	22
0	310
0	288
0	210
0	18
0	361
0	0
0	0
0	0
0	3
21	3
11	190
0	196
0	0
0	10
0	10
0	2
0	3
0	65
0	84
0	59
0	8
0	323
0	323
0	323
0	19
1	14
0	43
0	44
284	171
0	50
1	53
0	99
0	0
0	1
0	1
3	0
314	5352
5	0
0	2
0	2
0	2
0	0
0	0
0	0
0	4
1	4
0	161
0	1
0	10
0	160
2	47
0	160
90	991
0	0
1	0
0	0
0	0
0	0
13	15
4	33
384	31
106	14
0	7
7	7
0	15
0	15
0	5
0	1
0	0
0	3
0	1
0	8
1	0
1	0
0	0
2	0
0	0
0	0
0	0
0	218
4	77
1	150
0	220
0	72
3	17
0	5
0	37
0	156
2	10
0	0
0	0
0	32
0	2
0	27
0	32
0	29
0	0
0	29
0	36
0	31
0	35
0	2
0	29
0	33
0	2
0	0
0	33
0	0
0	0
0	0
1	498
0	505
1	122
1	276
0	484
2	231
0	243
0	480
1	9
381	225
11	225
2	33
0	0
0	15
2	15
0	6
0	7
0	7
0	7
0	0
0	0
1298	166
4	166
0	0
0	0
0	0
0	0
0	0
0	0
1	0
11	870
1	114
0	86
0	65
2	241
0	22
0	52
1	32
0	97
4	861
0	0
2	12
0	12
1	3
0	6
0	0
1	0
0	165
4	297
0	134
4	299
0	56
0	126
0	18
0	38
2	40
0	17
0	18
0	43
0	3
0	0
1173	145
3	145
185	8
0	8
0	8
18	0
0	0
0	51
7	35
2	51
0	0
0	0
0	0
0	0
0	0
0	0
0	30
0	30
0	1
0	0
0	27
7	130
0	143
0	19
1	0
0	0
0	0
193	286
1	57
1	84
29	8
0	8
0	3
0	0
0	0
0	0
6	684
0	938
0	128
27	164
6	33
0	59
0	37
8	57
0	48
2	59
0	0
0	0
0	0
0	2
0	55
0	55
0	8
0	9
1	4
0	3
0	0
0	502
5	324
0	455
0	519
13	523
2	347
3	46
0	45
0	43
0	9
0	0
0	0
0	0
0	0
0	0
0	0
0	0
0	0
0	0
8	1937
0	772
0	689
4	1605
0	1021
23	95
0	11
2	11
2	6
0	5
1	0
2	0
0	0
0	0
0	0
0	0
0	0
0	0
0	0
1	11
0	11
0	2
0	2
0	6
0	3
0	0
0	2
1	120
0	119
2	16
7	4
1	1
0	1
0	0
0	0
0	0
0	0
0	0
0	0
0	0
0	0
0	0
0	0
0	18
5	660
84	76
0	573
7	634
1	19
0	24
0	28
2	44
0	185
8	43
0	43
0	32
0	11
45	0
0	0
0	0
0	0
0	0
0	0
0	0
0	0
0	0
0	574
0	576
0	368
0	366
10	264
0	74
2	36
0	21
0	434
0	554
0	0
0	280
0	272
3	45
0	156
0	2
0	101
0	66
9	732
1	732
38	17
404	396
0	102
1	46
0	54
3	63
4	170
0	69
3	14
3	211
4	30
1	211
0	0
11	1
0	0
0	1
46	49
1	49
4	5
0	0
0	398
0	376
0	328
0	199
0	272
1	31
4	169
2	124
0	92
0	70
0	0
0	0
0	0
0	0
0	0
0	0
0	0
0	0
0	0
0	0
0	0
0	0
0	0
0	0
0	0
0	0
0	0
0	0
0	0
0	0
0	0
0	0
0	0
0	0
0	0
0	0
0	0
0	0
0	0
0	0
0	0
0	0
0	0
0	0
0	0
0	0
0	0
0	0
0	0
0	0
0	0
0	0
0	0
0	0
0	0
0	0
0	0
0	0
0	0
0	0
0	0
0	0
0	0
16	1541
4	1541
1	1488
3	124
4	65
2	19
0	1542
0	0
310	1115
5	378
3	974
0	1033
1	186
137	3
1	5
0	0
0	84
0	80
0	2
9	70
0	1
0	43
0	39
1	0
6	31
0	25
18	122
33	122
0	3
0	3
0	3
0	0
0	0
0	0
0	0
81	0
1	0
0	0
5	1018
0	1122
0	518
0	382
0	0
0	0
0	0
0	0
0	0
0	0
0	0
0	0
0	0
0	0
0	0
0	0
0	0
0	0
0	0
0	0
0	0
0	121
0	121
7	5
4	182
0	47
0	143
2	278
2	394
0	170
17	129
4	131
24	15
0	25
0	44
3	395
3	64
0	51
1	6
0	77
1	165
0	0
0	0
0	0
0	0
1	0
0	0
0	98
0	84
0	89
4	11
0	9
0	8
0	50
1	46
4	14
0	56
37	6
0	0
0	0
0	6
0	98
0	97
0	112
0	112
3	12
0	49
3	15
0	0
0	0
0	0
0	0
0	0
0	0
0	0
0	0
4	49
0	23
0	14
0	14
0	6
0	31
0	6
0	19
1	0
0	14
174	356
0	356
0	177
0	197
0	202
0	57
0	175
0	3
0	2
0	2
2	2
0	1
0	0
5	733
1	693
1	174
1	45
27	277
0	10
7	126
3	207
7	0
0	0
0	0
0	0
0	0
0	0
0	0
0	0
0	0
0	0
0	0
0	0
0	0
0	0
0	0
0	0
0	0
0	0
0	0
0	0
0	0
0	0
0	0
121	16
10	3
0	5
0	0
0	0
0	0
0	0
0	0
12	225
3	225
0	32
0	26
0	29
0	3
0	4
0	0
0	0
0	0
0	0
62	100
1	86
6	41
0	21
0	19
2	17
2	0
0	0
0	0
0	0
0	0
0	0
0	0
0	0
0	0
0	0
0	0
0	0
1	47
4	483
1	85
0	48
0	483
0	75
20	14
4	238
6	222
0	31
0	50
0	23
2	5
0	27
24	805
28	806
0	40
40	635
0	593
0	465
0	3
2	58
3	46
0	74
2	127
4	72
2	7
0	0
35	5
0	523
11	5
0	436
6	77
0	239
1	167
1	45
0	0
161	88
0	74
0	14
0	297
11	105
11	111
0	293
7	293
0	0
14	424
0	242
1	10
3	290
4	179
0	239
0	142
0	0
3	593
1	506
15	549
0	507
0	141
0	55
0	55
5	85
22	49
9	23
0	11
0	10
0	11
1	0
0	1
0	308
0	324
1	3
4	0
0	19
14	10
0	0
0	520
0	13
25	516
4	0
0	47
1	28
0	73
15	365
4	41
0	0
0	0
0	0
0	0
0	0
0	532
0	529
0	351
0	53
0	289
2	239
0	0
0	0
0	0
0	0
0	985
2	551
0	405
4	974
0	117
0	185
795	0
17	668
0	198
0	471
1	131
0	35
2	49
1	134
0	32
0	62
0	28
0	44
0	54
5	434
0	133
2	14
16	224
0	29
0	2
0	2
0	0
0	1
0	1
0	1
0	1
0	0
0	0
0	0
0	0
0	0
0	0
0	0
5	380
0	415
0	29
0	131
6	8
0	35
1	59
6	26
6	14
6	63
0	40
10	367
10	90
0	30
0	301
0	136
2	17
0	90
0	32
0	0
0	0
0	0
29	0
0	148
0	46
37	148
0	4
0	40
0	15
0	0
0	0
0	0
0	0
0	0
0	0
0	0
0	0
0	509
0	509
5	165
3	19
6	60
8	19
0	39
2	60
0	21
2	7
0	7
11	0
0	11
0	0
152	128
3	128
9	98
1	69
0	49
0	0
0	0
0	0
0	0
0	0
0	0
2	348
9	377
0	396
5	25
0	115
2	0
367	71
0	67
42	5
0	0
0	0
0	0
165	11
3	11
0	536
0	536
0	50
15	33
111	297
0	57
2	47
0	31
0	72
0	284
1	57
0	33
0	79
0	0
0	0
0	0
6	0
0	0
17	24
0	24
0	0
0	3
0	1
1	4
0	3
0	5
3	0
0	0
4	91
5	6
0	84
1	91
0	0
0	0
0	0
7	13
0	65
0	23
0	0
0	30
0	12
0	9
0	60
0	57
0	230
0	131
23	230
1	52
0	90
1	22
0	0
0	0
0	0
0	0
0	0
0	0
0	0
0	0
0	0
0	0
9	99
30	87
5	90
7	0
3	0
0	0
0	0
217	21
6	21
7	13
0	9
0	4
0	0
2	806
0	829
2	83
0	35
3	488
0	28
0	85
0	51
0	0
0	0
0	0
0	0
0	0
0	58
0	628
35	2
0	71
0	37
0	71
0	32
2	519
0	13
0	619
0	0
5	0
6	735
1193	1082
24	760
0	113
0	159
0	136
0	0
0	0
189	6491
65	888
2	619
3	5576
6	2552
3	10
0	4
0	1
0	0
0	7
0	21
0	11
0	24
0	0
0	0
0	0
0	0
0	0
0	0
0	0
0	1
17	98
0	84
0	9
0	0
2	48
0	7
0	1087
4	1072
0	749
0	1072
0	0
3	53
0	14
0	0
0	53
0	0
139	0
2	68
0	53
1	32
0	17
0	17
0	16
0	0
0	0
0	0
0	0
0	0
0	0
0	0
0	0
0	0
0	0
0	0
0	0
0	0
0	0
58	15
0	12
0	1
0	1
1	42
0	19
0	40
3	0
0	0
0	40
17	0
0	21
0	6
0	16
6	1
0	13
465	0
0	0
0	0
98	96
0	33
3	0
8	63
1	32
0	517
6	843
2	731
22	0
7	71
24	0
0	0
12	520
2	164
4	479
0	292
6	42
0	18
89	1060
0	541
21	239
1	768
95	141
0	111
0	16
0	48
10	428
0	60
1	9
1	18
0	5
0	57
0	232
4	282
7	302
3	284
0	65
21	119
0	154
1	491
5	10
0	102
0	98
0	492
0	490
2	0
0	0
6	55
1	22
0	16
0	4
0	24
6	14
1	21
0	10
0	10
0	10
0	0
1	368
2	529
1	589
9	589
0	589
0	281
9	183
0	422
0	0
0	0
0	0
0	0
1	163
2	163
3	112
15	4323
0	4335
14	610
0	0
0	0
0	0
0	0
0	0
0	0
0	0
0	0
0	0
0	0
0	0
1	0
0	0
0	0
232	43
0	18
0	18
4	0
0	1
0	0
3	2
1	0
4	0
12	4
0	0
0	0
0	0
0	0
0	394
11	427
0	413
33	458
0	615
0	710
0	660
0	641
0	691
5	710
0	634
0	393
126	153
2	319
2	47
0	84
0	711
0	717
0	721
16	21
3	20
3	16
0	3
0	0
135	199
0	42
0	19
0	199
0	0
0	2
0	0
0	0
0	2
1	204
0	210
0	51
0	54
0	202
0	68
0	201
0	4
2	26
0	202
0	0
0	0
0	0
0	0
0	0
0	0
0	0
0	0
0	0
0	0
0	0
0	0
4	1
0	1
0	4
0	0
0	4
0	4
0	4
0	4
0	4
0	4
0	3
0	0
0	0
0	0
0	0
0	0
0	0
0	0
0	0
0	0
0	0
0	0
0	0
0	0
0	0
0	0
0	0
0	0
0	0
0	0
0	0
0	0
0	0
0	0
0	0
0	0
1	0
11	454
0	176
0	434
0	19
13	5
4	1
0	8
0	117
7	23
9	11
0	0
0	0
0	0
0	0
0	0
0	0
1	0
1	27
0	0
10	10
0	7
0	2
3	11
0	0
0	0
0	0
0	0
4	6
0	6
0	1220
0	1206
0	1199
0	1185
0	1153
0	1146
0	1167
0	1132
0	1144
11	115
16	16
0	1199
5	126
1	131
0	44
2	11
0	5
17	80
0	0
0	0
0	0
0	0
0	0
0	0
0	0
0	18
5	38
4	35
0	106
0	90
0	96
3	22
0	100
0	14
14	16
1	16
0	102
0	86
3	9
0	12
0	46
0	12
1	30
0	11
0	11
5	87
0	87
0	63
2	0
0	10
0	1
0	1
0	1
0	1
0	1
0	2
2	1
0	0
0	0
0	0
0	0
3857	0
0	0
0	13
0	13
0	13
0	6
0	13
0	11
0	11
0	8
0	5
0	11
225	68
0	68
3	90
2	101
0	228
2	3
0	103
0	32
0	36
0	28
0	0
5	30
190	228
11	4393
0	1776
0	3430
0	533
0	3323
2	3270
15	509
5	1237
12	1288
0	1
0	0
0	0
0	0
0	0
0	0
0	0
0	1
0	0
0	0
0	0
0	0
30	48
0	48
0	2
4	8
12	10
0	0
0	0
15	597
1	19
0	38
7	69
0	49
0	29
138	14
0	14
0	0
0	0
0	0
0	0
0	2
0	2
0	2
0	0
773	102
2	65
14	2
0	35
0	0
0	0
0	0
0	0
0	0
0	0
0	0
0	0
0	2
0	0
0	0
0	0
0	2
0	0
0	0
0	0
0	1
0	78
0	79
0	76
0	50
0	7
1	2
0	3
0	0
0	0
0	0
0	0
0	0
0	0
0	0
0	0
0	0
0	0
0	0
0	0
0	289
4	256
0	300
0	39
10	332
1033	1158
0	283
1	1131
166	145
1	76
22	62
50	22
0	0
0	0
0	0
0	0
0	0
0	0
177	0
0	2029
0	2041
1	45
3	46
1	23
0	138
0	554
1	493
0	132
31	328
0	238
2	98
1	68
1	19
0	0
0	0
0	0
0	0
0	0
0	0
0	63
7	63
1	167
10	167
0	32
2	32
4	17
0	7
0	9
109	1571
1	1574
0	0
0	0
0	0
0	0
0	0
0	2
0	0
0	0
0	2
0	2
0	0
0	2
0	2
0	2
0	0
0	2
0	2
0	0
0	0
0	1
0	386
0	166
0	113
0	386
0	362
0	0
0	0
0	0
0	0
0	0
0	0
0	0
0	0
0	0
0	0
0	0
0	0
0	0
1	1
28	96
0	148
3	184
7	100
4	96
0	83
0	173
0	124
0	192
1	14
0	14
0	0
0	2
0	6
0	6
2	0
0	36
0	17
0	16
0	1
0	0
1	36
0	36
0	0
305	175
0	29
0	79
0	86
1	20
1	23
0	18
4	152
22	134
0	219
0	221
5	97
1	52
0	63
1	42
0	0
0	0
0	0
0	0
0	0
0	0
0	1679
53	253
18	6
0	254
0	0
0	0
0	0
0	0
279	205
2	196
0	63
15	3
1	2
0	1
0	1
85	154
18	0
0	236
0	152
0	153
1	155
2	132
1	154
20	92
0	236
0	1
0	2
1	2
0	0
0	0
0	0
0	0
0	0
0	0
0	142
0	141
5	23
0	34
0	12
1	102
3	81
0	2
0	6
0	134
10	0
0	0
34	52
0	43
0	27
2	29
0	1
0	0
0	0
0	0
0	0
0	0
0	0
0	0
0	1
0	0
0	1
0	1
0	1
0	0
0	0
0	0
1	0
0	0
84	36
0	36
0	157
0	161
0	155
0	139
0	25
0	145
0	11
2	9
7	4
2	6
6	8
0	8
0	163
0	0
2	1069
15	1060
0	1041
2	1039
5	706
5	2
32	338
0	186
0	177
5	158
0	252
0	25
6	26
0	3
0	4
0	3
1	6
29	6
11	85
4	82
1	950
0	951
1	706
0	825
0	983
9	109
3	53
1	97
0	35
12	108
3	0
0	2
2	62
0	75
1	19
0	97
374	0
0	0
14	898
5	19
0	139
0	809
9	369
2	671
5	666
0	499
0	467
6	34
3	680
7	0
0	0
0	0
0	0
0	101
0	1
0	79
0	98
0	13
0	70
0	21
4	3
0	23
2	8
308	24
1	24
0	0
0	0
0	0
0	0
0	0
0	0
0	0
0	0
0	5
33	32
2	0
0	6
0	21
2	11
0	64
1	135
6	148
0	23
0	6
2	57
8	16
0	17
0	11
0	0
0	9
2	11
0	0
0	13
1173	198
0	0
0	0
0	0
82	311
0	0
0	0
0	0
0	0
0	0
0	0
0	0
0	0
0	0
0	0
442	28
0	20
0	7
8	1
0	0
0	0
0	0
0	0
0	0
0	0
208	315
12	304
9	4
68	41
0	2
0	41
0	0
2527	503
0	503
1	0
0	0
0	0
0	0
0	0
0	0
0	0
0	0
0	0
12	262
28	270
2	290
0	112
0	8
0	5
0	5
0	5
0	4
0	2
0	4
0	0
0	0
0	2
0	0
0	0
0	8
0	8
0	8
0	5
1	66
0	66
0	15
0	2
2	7
0	7
2	6
0	2
4	3
0	0
2	0
0	0
0	0
0	0
0	0
104	346
0	331
0	116
0	346
0	0
0	0
0	0
658	211
0	152
0	80
0	59
0	0
118	52
0	52
0	4
0	0
0	0
0	38
0	0
0	0
0	7
0	7
0	38
0	41
0	5
0	16
0	20
0	11
0	38
0	38
0	0
0	0
254	705
0	0
0	0
0	0
0	0
0	0
0	0
0	0
1	0
0	0
0	0
0	0
91	570
0	3
0	3
0	1
0	2
0	0
0	38
0	37
0	28
0	18
0	28
9	25
0	1
8	9
0	1
0	6
0	1
0	6
0	4
601	218
6	218
0	0
0	0
0	0
0	0
0	0
71	443
2	3
0	2
0	3
0	0
0	0
25	196
0	32
0	70
0	75
4	30
0	10
0	74
1	14
2	11
0	0
21	407
1	222
0	160
0	286
0	281
0	121
0	154
2	86
0	76
0	86
3	15
0	0
0	0
0	0
0	0
0	0
0	0
0	0
0	0
0	0
0	0
0	0
0	0
0	0
0	0
0	0
0	0
76	373
0	11
1	362
0	44
0	48
0	47
0	4
1	19
1	8
0	0
1	0
0	0
0	0
0	0
1	0
0	0
0	0
0	0
0	0
0	0
0	0
0	0
0	201
0	199
22	75
0	25
0	30
0	19
0	10
5	232
16	240
9	157
2	66
6	73
0	73
1	10
0	138
0	6
0	0
0	6
0	0
0	0
0	6
0	6
0	6
94	960
7	986
42	859
0	0
0	0
48	12
0	7
1	5
14	431
3	431
2	1370
111	1413
6	341
2	48
4	123
0	313
12	50
0	6
0	0
0	7
0	2
0	2
0	2
0	0
0	5
89	0
782	251
0	85
8	40
1	126
0	0
0	0
0	0
0	0
0	0
0	0
0	0
0	0
0	0
0	0
80	0
17	120
0	120
0	26
0	0
0	0
0	0
0	0
0	0
0	0
0	0
0	0
0	0
0	0
0	0
0	0
0	0
0	0
110	0
14	3811
0	780
0	125
0	125
0	441
0	3193
0	3792
13	38
18	52
37	623
12	1176
0	3129
9	69
3	67
192	859
0	1154
1	63
0	139
0	112
0	3837
110	13
1	13
1	3
0	0
0	0
0	0
0	0
0	0
0	0
0	2
0	0
0	0
0	0
0	0
0	2
6	303
0	222
0	221
0	303
0	0
0	0
11	0
0	0
2	11
2	11
0	11
0	1
0	1
0	0
0	0
0	1
0	0
0	1
0	31
1	30
0	22
8	10
7	1
3	7
0	8
0	6
0	0
0	0
0	1
0	1
0	0
0	0
0	0
0	0
10	68
2	56
72	82
0	47
0	0
0	0
0	14
0	0
0	1
5	13
3	4
0	0
0	0
0	0
0	0
0	0
1	0
0	0
0	3
0	3
21	43
0	43
0	0
0	0
0	0
0	0
0	0
0	48
0	48
0	48
2	21
0	40
0	9
0	0
0	1
0	1
73	371
0	0
0	0
0	0
0	0
0	0
0	0
0	0
0	0
0	0
0	0
0	201
7	187
0	194
0	170
0	21
0	38
0	56
0	28
1	15
0	51
0	53
1	41
3	41
0	0
0	0
0	30
0	11
0	11
4	335
0	15
3	39
0	335
0	0
0	0
0	0
0	0
0	0
0	0
0	0
0	0
6	40
0	30
0	20
0	11
18	76
0	41
0	66
0	43
0	43
4	29
0	11
405	26
39	26
0	0
0	0
0	0
0	0
0	0
50	47
3	47
0	0
0	0
95	60
0	60
3	52
2	48
1	20
0	0
0	0
0	0
0	0
0	0
2	55
0	40
0	0
0	0
1	23
1	8
0	1
0	1
0	1
0	0
0	1
1	0
0	55
0	1
0	0
29	13
0	13
0	1
5	4
0	16
0	7
0	4
24	0
12	73
0	73
0	39
0	3
99	871
2	89
0	698
0	36
3	73
2	425
3	383
27	70
1	388
48	302
15	20
112	0
1	52
0	39
0	41
0	53
0	27
0	12
0	16
0	22
2	23
0	5
0	0
0	0
2	0
0	209
1	193
0	108
0	120
0	47
2	54
0	32
0	20
0	193
0	0
0	0
2	0
0	0
0	0
0	0
0	0
0	0
0	0
0	0
303	102
0	78
3	81
2	52
0	34
0	0
0	0
1	56
0	4
0	23
0	24
0	9
0	3
0	55
0	0
51	0
0	24
4	39
0	5
0	39
0	0
2	83
352	395
0	307
2	27
0	0
0	0
0	0
0	0
1	27
0	27
2	27
1	27
3	20
0	0
0	1
0	27
0	0
0	0
0	0
623	1828
0	0
0	0
0	0
5	0
8	360
0	371
0	97
0	82
0	82
0	12
1	368
0	0
23	0
681	0
8	0
0	0
329	82
1	60
4	56
0	45
5	119
3	119
12	93
503	997
2	997
1	17
0	17
0	17
0	9
0	9
0	9
0	9
0	0
0	0
59	19
0	19
5	2
0	123
2	133
150	134
0	39
0	0
0	0
0	0
0	0
7	2438
3	269
43	847
214	2436
0	0
0	0
0	26
0	25
0	4
0	10
0	11
0	10
0	8
0	6
0	4
0	7
0	33
0	15
212	88
2	5
0	16
0	30
0	0
0	0
15	744
1	444
0	38
0	94
9	107
2	745
0	0
0	0
8	80
0	90
0	89
0	96
0	91
13	71
0	69
47	0
1	0
0	0
30	14
1	67
0	1
0	1
4	0
12	267
4	29
0	265
4	10
784	604
0	71
1	549
5	58
46	24
0	0
395	0
0	0
0	1
0	1
0	1
666	8
0	8
0	0
0	0
0	0
0	0
0	263
0	230
0	254
20	150
0	85
0	58
0	17
0	79
0	45
0	9
0	5
0	5
162	231
0	231
1	177
0	60
0	55
0	99
3	3
0	591
0	561
0	769
0	907
2	756
0	88
0	167
0	877
0	672
3	160
0	191
0	900
0	558
0	1
0	581
0	726
0	558
1	1
0	110
0	170
0	90
35	115
16	33
0	5
12	32
69	79
0	79
0	18
1	4
1	634
0	203
68	844
0	896
0	704
0	159
0	0
0	0
0	0
0	0
0	0
0	0
57	292
0	247
1	51
0	5
0	6
0	0
0	1
0	0
0	1
0	1
0	0
42	392
0	0
0	0
211	0
0	0
112	974
2	180
29	900
22	70
0	69
0	319
0	107
85	286
0	0
0	0
11	90
1	90
1	40
0	40
1	41
0	39
3	6
0	42
0	0
183	0
13	140
313	373
0	75
4	91
1	108
0	321
0	257
0	273
1	258
0	343
0	330
0	42
0	265
3	236
2	22
5	60
2	30
2	1181
0	800
0	1149
0	1030
6	1013
6	422
1	1007
0	1029
0	787
0	498
0	495
0	733
0	763
0	393
0	132
0	0
0	0
0	0
106	517
0	405
0	406
0	358
0	357
0	338
0	378
0	269
17	172
0	119
18	77
0	80
975	448
0	379
0	0
0	0
0	0
37	51
0	198
0	1556
13	149
2	52
0	55
0	1460
3	444
2	435
3	1395
0	194
0	1055
2	22
0	819
2	0
0	186
9	296
0	0
0	0
2	15
0	15
0	4
0	26
0	21
0	26
7	434
3	53
0	437
0	22
0	9
0	23
0	172
1	12
0	55
0	37
19	12
0	3
0	7
0	0
0	8
0	3
0	2
0	3
0	1
0	5
0	0
0	0
0	0
0	0
0	0
0	0
0	0
0	0
294	66
2	66
0	0
0	0
0	0
0	0
0	0
8	565
1	79
11	100
35	199
21	485
0	460
0	395
23	72
0	172
0	120
24	339
0	65
2	56
0	0
0	0
0	0
0	0
0	0
0	0
0	0
0	0
0	0
0	0
0	0
0	0
3	156
6	159
0	160
0	11
0	0
0	0
0	46
32	44
27	53
31	18
0	7
0	7
0	24
1	10
0	0
0	0
0	0
0	0
2	101
7	101
0	104
2	58
0	64
0	25
16	7
0	16
0	0
1	120
0	106
1	120
643	0
39	415
10	415
0	82
0	29
171	537
0	284
0	507
8	135
6	7
0	7
0	3
0	0
0	0
0	0
0	0
0	0
0	0
0	2
0	1002
2	56
35	360
0	93
4	78
3	985
16	167
0	44
0	55
0	34
9	242
1	36
5	0
0	0
0	0
0	0
0	296
0	0
0	16
0	300
0	0
0	0
0	0
0	0
0	0
0	0
0	0
0	0
2	0
2	21
0	11
1	16
0	0
225	110
0	110
57	36
2	36
0	0
175	1590
15	1590
4	319
4	354
1	14
0	8
0	0
0	0
1	52
25	165
0	1562
1	678
0	466
1	20
0	1417
42	383
5	1194
0	1382
0	1382
2	1334
0	0
32	509
0	276
0	354
13	519
1	291
0	287
0	523
0	354
15	9
14	113
6	92
0	0
0	0
0	0
0	0
0	0
0	0
0	0
0	0
0	0
0	0
0	0
0	0
73	12
0	12
0	136
3	136
286	136
0	0
0	1
0	1
0	288
9	288
4	0
0	0
0	0
0	0
0	0
0	0
0	0
0	0
0	0
0	0
0	0
0	0
0	0
0	0
0	0
0	0
0	0
0	0
0	0
1	448
3	409
15	493
0	320
1	502
0	523
0	380
15	121
0	0
0	0
0	0
0	0
0	0
0	0
0	0
0	0
0	878
244	897
1	471
0	135
12	107
0	863
0	359
0	89
0	132
0	0
0	0
0	0
4	271
0	271
0	35
0	35
0	35
2	4
4	36
0	7
2	59
0	6
0	27
0	58
0	0
31	10
4	10
16	81
0	3
2	78
0	0
0	2
0	9
34	79
0	70
17	32
0	32
0	32
3	7
0	0
0	48
0	187
3	187
0	0
0	0
0	0
8	7
0	7
0	0
0	2
0	8
0	8
0	1
0	0
2	0
0	0
6	0
703	841
0	808
1	761
0	76
26	31
26	10
375	47
31	69
0	69
0	1
0	1
0	0
0	1
0	1
0	0
0	0
0	0
0	1
0	1
0	0
0	1
0	1
120	199
1	189
14	10
0	0
4	262
37	276
0	2
0	67
0	79
4	59
0	23
0	48
0	55
0	42
0	1
0	0
107	12015
14	11428
13	1609
17	11926
11	2504
0	2037
2	1389
0	1411
24	1186
0	1
0	1
4	0
0	0
0	0
208	0
9	202
25	209
0	47
0	0
0	0
0	40
95	54
0	0
0	16
0	25
0	5
0	8
0	11
0	0
0	0
0	0
0	0
0	0
4	0
1	0
0	0
0	0
0	0
0	0
0	0
0	0
152	113
0	38
3	75
0	1230
0	251
15	1200
0	141
12	108
0	1219
0	0
0	0
0	19
0	2
139	38
0	2
0	17
0	2
0	6
0	11
0	3
0	16
0	0
0	0
0	155
62	158
0	44
0	3
0	1
0	0
0	0
0	0
0	0
1	3
0	0
0	0
0	3
0	3
0	0
0	0
0	0
0	0
0	0
0	0
0	1
0	1
0	0
0	0
0	1
0	1
0	1
0	0
0	0
0	0
1	3
0	2
0	3
0	2
0	0
0	0
0	2
0	170
0	179
23	141
0	17
13	73
0	55
2	69
0	28
0	1
0	3
0	16
0	14
3	17
0	6
0	0
0	0
43	396
0	230
0	358
0	188
6	50
1	28
0	26
0	26
0	18
0	20
0	9
0	15
0	11
0	9
0	16
0	6
0	9
0	1
0	0
0	52
0	108
0	101
0	101
0	4
12	40
0	0
0	14
0	14
0	1
0	1
0	5
0	1
0	59
3	51
0	37
7	0
0	9
7	34
0	24
2	0
0	0
0	0
0	10
5	11
0	3
0	3
0	0
0	71
1	21
1	64
1	12
0	27
0	23
0	21
0	22
2	5
2	0
0	25
0	0
1	0
0	0
0	0
0	0
0	0
0	0
0	0
0	101
5	101
0	15
0	12
0	1
0	20
0	34
0	36
1	21
0	10
1	20
21	8
0	0
0	0
0	0
16	0
0	37
0	37
0	37
0	17
0	30
0	24
0	3
0	0
0	1
0	0
78	1145
19	1079
4	857
0	691
3	283
0	544
0	350
12	309
0	251
7	73
0	0
0	0
0	0
0	0
0	0
0	0
0	19
0	19
0	13
0	0
0	0
0	0
0	0
0	0
0	0
0	0
0	0
0	0
32	0
0	22
67	23
21	23
0	23
0	20
0	6
0	0
706	973
49	528
26	645
16	847
9	685
1	339
9	189
0	42
0	182
0	22
0	2
2	0
1	0
0	0
1	0
84	91
0	38
0	1
2	45
3	70
27	2
0	0
0	0
2	8
0	8
0	7
0	1
42	315
14	70
0	90
2	80
0	45
0	103
0	110
0	0
0	0
0	0
0	0
0	0
0	18
0	2
0	2
0	0
0	0
0	18
0	0
0	3
2	0
2	3
0	3
0	0
0	0
0	0
0	0
0	0
0	1
0	3
1	12
13	52
0	18
0	1
0	1
2	31
3	8
0	8
0	377
0	401
0	393
2	496
0	505
0	481
0	242
1	0
0	100
8	322
2	24
0	138
0	116
1	85
1	94
0	93
0	63
0	49
0	44
11	6
0	0
0	9
0	8
0	9
0	2
0	4
0	0
0	282
0	15
0	71
0	34
0	282
0	12
0	19
0	4
0	19
0	20
0	0
0	18
0	0
0	0
0	1
0	0
0	0
0	29
0	29
0	0
0	0
0	0
0	0
0	0
0	0
0	0
1	0
0	38
0	3
0	24
0	24
0	17
0	15
0	16
0	16
0	10
0	15
0	15
0	19
0	18
0	1
0	7
0	4
0	4
0	3
1	3
0	4
0	3
0	0
0	0
0	1
0	0
0	1
0	2
0	1
0	0
0	0
0	39
1	0
0	13
3	21
1	19
0	7
0	6
0	2
0	4
0	0
0	0
0	0
0	0
0	0
0	4
6	2933
0	2754
8	387
7	386
0	391
1	98
3	91
2	124
0	75
7	41
59	86
0	45
0	15
7	13
0	24
0	34
0	13
0	40
0	33
0	26
0	22
2	11
0	0
0	0
0	0
1	0
1	0
0	0
0	0
0	0
0	0
7	82
0	56
4	24
0	8
0	35
6	25
10	24
0	4
0	4
0	4
0	3
0	84
0	0
0	0
0	0
0	0
0	0
0	0
1	0
0	0
0	0
0	0
0	0
0	0
28	51
0	51
0	8
0	0
0	0
0	0
0	0
0	0
0	0
0	0
0	0
0	224
90	225
0	75
0	146
0	83
2	31
3	89
0	205
1	12
0	6
4	5
0	45
0	46
1	41
0	20
0	21
0	34
1	34
0	20
0	205
0	2
0	1
0	0
0	0
0	0
0	2
0	0
0	0
0	0
0	0
0	0
0	0
0	18
0	0
2	16
0	0
0	18
0	16
0	16
0	53
0	49
0	46
0	35
0	50
0	50
1	27
0	7
5	3
8	0
18	50
13	47
2	7
0	238
0	259
0	252
0	224
0	250
0	38
0	245
0	203
0	26
25	6
13	0
31	197
9	8
0	8
8	3
0	119
0	103
0	113
0	98
0	114
0	108
0	10
0	113
3	39
0	66
1	3
0	4
0	22
1	7
0	48
0	43
14	129
0	128
0	106
0	1
0	102
0	39
2	12
0	11
10	47
10	32
0	3
0	0
0	0
3	0
0	0
0	0
0	1
0	1
0	1
0	0
0	1
0	1
0	0
0	0
0	0
1	0
0	226
0	1
0	222
0	46
0	36
1	28
1	22
1	62
1	4
0	70
0	403
0	426
21	292
6	19
0	3
0	0
0	0
493	648
0	92
0	554
5	14
2	0
1	0
4	0
0	0
0	0
0	393
263	393
0	168
0	258
0	19
1	135
3	7
0	20
0	22
0	28
0	8
0	263
0	174
79	11
0	11
2	9
1	14
73	140
0	140
0	549
0	549
0	481
0	419
0	65
0	0
0	136
0	136
0	130
0	130
0	11
0	39
8	136
0	0
1	0
0	0
0	0
0	0
0	0
0	0
0	0
0	0
0	0
0	0
21	164
0	128
0	36
0	0
0	0
0	0
0	0
3	0
0	0
0	0
0	69
14	71
1	21
3	4
342	165
2	165
85	145
0	22
0	22
0	6
0	4
22	100
0	115
0	106
0	10
0	19
0	14
3	138
18	36
0	138
43	107
2	107
1	23
6	15
0	37
0	877
0	1076
7	5
0	5
7	2
0	2
0	2
0	2
0	0
1	1
0	1
0	1
0	1
0	1
0	15
0	1
0	19
0	19
4	19
0	19
0	15
0	17
0	5
0	4
2	2
0	13
6	1793
24	601
0	1798
125	389
1	389
0	1
0	0
0	0
0	1
0	0
0	1
0	1
0	1
0	1
0	326
5	127
4	328
0	89
0	22
24	1
5	5
0	10
5	2
0	0
0	91
0	109
0	12
0	19
0	5
0	7
2	5
0	41
0	36
0	7
0	11
1	7
0	59
1	6
0	21
0	109
13	299
0	303
3	53
0	126
5	120
11	111
2	19
13	105
0	56
14	14
0	132
11	132
0	20
0	4
0	15
0	0
1354	0
1	1
0	1
0	0
0	1
0	3
0	3
0	2
0	0
0	5
0	40
1	239
0	167
0	172
0	208
0	0
0	0
0	0
0	0
0	0
0	0
0	0
0	164
0	165
0	7
3	44
0	1
495	33
0	33
0	0
0	0
0	0
0	0
0	0
0	0
0	0
0	0
0	0
0	58
0	145
0	35
0	199
0	49
5	22
3	44
0	0
0	0
0	0
1	0
0	0
261	405
19	405
0	9
2	12
0	11
0	15
0	20
0	4
0	17
0	6
0	7
0	15
3	15
0	2
1	4
0	15
0	1
0	3
0	1
0	6
0	5
0	0
0	0
0	0
0	18
0	18
432	2053
3	2052
0	2035
1	2052
2	50
0	38
6	5
0	0
0	0
0	0
0	0
0	0
0	0
0	0
0	3
0	3
0	0
0	10
0	10
0	0
0	1
0	1
0	0
83	164
3	162
0	31
110	1489
0	520
1	1488
9	554
0	357
20	102
13	678
0	0
0	0
0	0
0	56
0	56
0	10
0	38
0	29
0	4
0	11
1	0
0	16
0	15
0	53
0	21
0	5
0	53
0	321
178	339
0	112
4	46
0	0
14	139
0	207
6	209
0	26
16	71
0	37
0	36
0	0
0	0
0	0
0	0
0	0
0	0
0	0
0	0
0	0
0	0
136	0
0	159
0	304
0	308
1	179
0	219
14	347
3	359
0	210
3	263
0	271
0	32
0	68
4	97
24	11
4	236
8	530
7	2
0	227
0	294
0	0
0	0
0	0
0	0
0	0
0	0
0	1
0	6
0	6
0	6
0	6
1	6
0	0
1	0
2	78
0	4
0	78
0	78
0	7
0	78
0	2
0	5
0	4
2	5
1	0
47	81
10	39
0	81
0	36
0	42
0	36
0	47
0	25
0	20
0	7
3	89
0	83
7	0
0	1
3	43
0	92
0	88
0	0
0	0
0	0
0	0
0	0
0	0
0	47
0	39
0	0
0	0
0	0
14	80
0	44
4	80
0	53
2	47
0	37
0	37
0	5
0	0
0	3
0	0
2	0
0	37
0	4
0	0
1	8
0	6
0	6
0	6
0	6
0	1
0	4
0	4
0	2
196	432
32	186
7	432
0	0
0	0
0	0
0	0
0	0
0	0
313	394
0	394
0	279
1	136
0	0
0	0
0	0
0	0
0	0
0	0
0	0
0	0
0	0
274	499
1	30
0	91
26	396
1	382
31	0
4	382
0	0
0	0
0	0
0	0
0	0
0	0
0	0
0	0
0	0
0	0
0	0
0	0
0	0
18	69
0	66
0	0
0	0
2	38
0	38
78	15
0	15
0	15
1	0
0	0
0	0
0	7
0	9
0	3
5	14
0	12
0	7
0	5
0	4
0	12
0	12
0	11
0	1
0	0
2	0
0	0
0	0
0	0
0	11
0	11
0	0
0	9
0	12
0	12
0	0
0	0
0	0
0	0
0	0
0	0
0	0
2	896
58	88
0	384
0	4
0	895
0	0
0	0
287	158
5	130
0	61
5	7
76	129
0	59
2	70
1	135
2	6
0	52
0	114
0	72
0	15
0	20
0	18
0	32
0	30
0	25
0	15
5	130
3	130
3	8
0	9
0	0
0	0
275	360
4	189
0	298
0	180
4	2
2	0
2	0
7	13
9	13
0	61
0	11
1	11
0	0
91	76
1	76
0	2
0	0
0	0
0	1
0	2
0	1
767	312
1	312
0	1
0	1
0	0
212	190
0	180
0	34
5	7
0	41
0	34
2	14
0	12
0	0
0	0
0	0
3	9
0	9
0	1
0	0
0	1
2	0
0	38
2	8
3	47
3	10
0	16
1	2
4	32
0	7
3	97
1	98
2	9
0	10
0	13
0	2
0	17
0	91
0	12
8	25
0	0
0	0
0	0
0	2
0	0
0	2
0	0
0	0
0	0
0	0
0	2
0	0
0	0
0	0
0	0
0	0
0	0
0	0
0	0
0	0
0	0
0	2
0	2
0	0
0	0
0	0
0	9
0	13
0	13
35	13
0	13
17	352
0	340
0	103
0	19
0	18
10	572
0	592
0	541
0	221
4	20
0	269
0	81
0	296
0	72
0	293
0	91
0	188
0	75
0	222
0	149
0	341
0	138
0	133
0	126
0	42
0	29
0	42
0	41
0	4
0	0
0	0
0	0
85	0
0	0
0	0
0	0
0	0
0	133
0	463
0	478
3	243
0	29
0	35
1	37
0	25
0	59
0	42
1	7
0	242
3	3
0	24
2	40
0	43
0	16
11	25
0	11
0	453
0	423
12	41
0	69
0	422
0	89
1	33
0	1
0	0
0	1
0	1
0	0
0	0
0	0
0	0
0	0
0	0
0	0
0	0
0	0
0	0
0	0
0	0
0	0
0	0
0	0
21	249
1	7
0	0
0	242
0	0
0	0
0	0
0	112
11	195
0	217
0	128
0	18
17	17
0	81
0	66
0	113
0	113
6	53
0	112
0	29
0	85
1	80
0	31
5	45
1	9
0	0
459	120
30	99
0	0
0	0
0	0
0	0
0	0
0	0
0	0
8	183
501	200
0	103
0	20
3	21
0	0
16	621
0	621
0	621
1	134
2	60
0	0
0	0
0	0
0	0
0	0
0	0
0	0
0	0
0	0
0	0
7	9
0	3
0	3
0	6
0	235
49	102
9	204
0	9
9	24
0	13
59	75
5	75
0	45
0	8
3	45
1	25
0	16
0	0
0	0
0	0
0	0
0	0
0	0
0	0
0	0
0	0
0	0
0	0
0	0
0	0
0	0
0	0
0	0
2	0
0	0
0	0
0	0
0	0
0	0
38	816
4	54
0	167
0	132
69	1067
3	1064
3	185
1	316
0	88
3	104
31	204
14	27
1	9
0	28
2	50
2	22
0	88
2	6
13	24
0	0
0	0
0	214
0	396
0	375
0	423
0	385
0	355
0	364
0	243
8	237
0	104
2	177
0	110
0	151
4	24
0	55
0	34
0	19
0	377
0	348
0	2
0	31
0	31
0	1
0	2
18	331
24	187
11	199
0	27
1	44
0	0
0	0
0	0
0	0
0	0
0	0
0	0
0	0
0	0
0	0
0	0
0	0
0	0
0	0
0	0
36	292
1	58
0	283
6	204
48	175
2	27
0	34
0	35
0	38
1	35
2	7
0	34
0	36
0	0
1	3
0	13
0	5
0	4
0	6
0	5
1	2
83	10
0	10
0	0
0	0
0	34
0	8
15	366
0	105
6	286
0	218
1	0
10	70
0	0
0	13
1	0
3	7
0	3
0	4
0	1
0	2
0	3
0	0
0	1
0	3
0	0
0	1
0	3
0	1
4	272
1	137
3	258
0	32
0	60
0	87
0	4
13	0
1	36
126	251
0	266
0	185
0	178
0	63
0	126
0	49
14	27
18	119
0	55
3	47
0	0
0	0
0	0
0	0
0	0
0	0
0	0
0	0
0	0
0	0
0	0
0	0
5	254
0	183
0	212
0	237
0	264
0	157
0	43
0	87
0	94
0	97
5	111
0	82
0	90
0	74
0	10
0	34
0	63
24	39
0	49
13	653
0	534
0	506
0	504
0	505
0	390
0	75
0	44
0	510
0	504
2	7
1	7
0	7
0	0
0	0
0	0
0	0
0	0
0	0
0	0
0	0
9	0
0	362
0	269
1	259
0	131
0	52
0	71
2	68
81	39
0	33
4	0
104	27
0	21
1	10
0	6
0	0
0	0
0	0
0	0
7	0
7	86
0	102
27	67
0	27
0	21
0	50
1	48
0	22
0	26
240	65
0	65
0	194
0	190
0	106
0	110
9	31
0	69
10	73
0	16
0	13
4	14
3	7
3	9
3	21
1	39
0	0
0	1
0	1
13	120
0	97
0	80
7	0
0	16
127	56
2	15
0	13
0	30
0	35
0	35
0	31
0	9
0	3
0	10
0	18
0	6
0	6
0	5
0	5
0	4
0	3
0	4
0	0
0	0
0	0
0	13
20	44
0	20
13	20
0	28
65	158
0	104
0	104
0	23
0	158
466	134
1	62
3	18
1	60
5	126
0	125
0	5
63	94
0	94
0	0
0	0
0	727
801	728
18	43
0	43
0	40
0	0
0	0
0	0
0	0
0	0
0	0
0	0
0	0
0	0
3	9
0	207
0	220
0	220
14	53
1	114
0	148
66	37
1	25
0	12
0	15
0	162
0	168
0	150
0	130
2	19
0	14
0	6
0	2
0	10
0	0
0	1276
4	28
0	151
0	99
1	129
6	1234
0	0
0	2
0	2
0	2
0	2
0	2
0	0
1	0
0	0
0	0
13	970
0	1115
4	1067
1	0
0	102
28	42
0	275
0	272
0	34
0	8
7	31
0	0
0	0
0	0
0	0
0	0
0	0
538	491
0	486
2	62
1	79
0	40
1	15
76	106
0	106
1	27
3	148
0	3
11	151
1	1
9	53
0	17
1	13
0	10
0	14
0	46
69	46
0	26
13	5367
2	2480
4	2682
1	5355
0	2466
11	2220
6	255
0	119
0	66
0	116
1	76
0	72
0	3
0	0
5	3
25	25
15	30
0	16
0	17
0	70
6	699
0	695
1	677
0	681
2	662
2	3
0	698
0	700
15	249
0	246
0	59
5	8
0	52
10	47
1	16
12	31
0	931
654	1600
13	143
1	843
6	85
18	232
1	209
6	166
20	348
0	220
0	0
0	0
0	0
0	1
0	1
0	0
0	1
0	0
0	0
6	59
0	58
5	5
0	83
0	5
3	0
0	0
0	0
0	0
0	0
0	0
0	56
0	19
0	5
0	51
0	8
1	0
0	16
1	53
0	5
0	5
0	5
0	4
0	1
0	0
0	250
2	167
0	19
0	189
15	233
0	0
7	29
0	83
0	80
6	60
1	75
0	56
0	35
6	15
0	2
0	15
0	0
13	0
0	309
0	13
0	8
0	13
4	0
0	308
2	48
18	27
0	8
0	19
0	91
4	331
358	331
0	252
0	13
117	5
9	5
0	21
0	13
0	13
0	19
0	16
4	10
0	18
0	0
0	0
0	0
0	0
0	0
1	0
0	0
0	0
0	0
0	0
0	0
0	0
0	0
0	21
0	21
3	48
0	51
0	15
6	27
0	4
0	4
0	0
0	0
0	0
0	0
0	0
0	5
0	5
0	6
0	0
0	2
1	2
0	2
0	0
0	0
0	0
0	6
0	6
0	0
0	0
0	1
0	1
0	1
162	151
6	43
7	100
2	122
0	17
0	0
0	0
3	0
0	0
0	17
0	0
0	0
0	0
0	0
0	0
0	0
0	0
0	0
4	380
0	5
0	32
11	375
0	328
0	13
1	2
0	1
0	1
0	1
0	0
0	0
71	79
3	4
0	20
0	47
1	28
0	0
0	0
0	0
0	327
0	29
2	327
1	0
0	0
0	0
535	244
0	244
0	0
0	0
0	0
0	0
0	0
0	0
0	0
0	0
243	10
17	10
0	0
0	0
0	0
0	0
0	0
3	0
0	0
0	0
3	0
2	46
0	46
0	0
0	0
0	1
0	1
0	0
0	1
0	34
258	215
11	1
0	16
0	26
0	215
0	47
2	0
0	0
0	0
0	0
36	3
1	3
0	856
0	850
11	867
0	590
0	602
6	47
5	23
0	0
0	0
0	0
0	3
0	3
0	3
0	0
0	0
0	0
0	0
0	0
0	0
0	0
1040	0
610	276
2	231
14	7
1	34
1	45
7	0
0	19
0	86
1	48
0	19
0	1
0	44
0	19
0	94
0	86
0	0
0	0
34	0
0	0
0	0
0	0
31	77
5	92
1	124
0	139
0	142
4	141
8	77
6	13
2	17
1	29
1	15
2	10
5	658
0	684
4	145
0	90
3	113
9	14
1	55
4	35
3	272
28	41
4	0
0	0
0	0
0	256
0	254
0	257
0	255
0	247
0	200
0	146
3	38
0	121
0	130
1	114
0	83
0	109
0	95
0	100
0	82
0	96
0	63
0	59
0	70
0	75
0	13
0	33
0	27
0	248
0	0
0	0
0	0
466	69
0	69
1	45
0	33
1	2
0	2
0	1
0	1
0	0
1	401
0	413
27	32
0	44
0	406
0	417
0	36
0	42
2	380
15	500
0	484
0	16
1	77
1	83
0	147
2	183
1	0
0	0
0	0
0	0
0	1
0	1
0	1
0	0
0	0
0	1
0	1
13	6
0	0
0	6
0	2
0	0
0	0
0	0
0	0
0	0
0	0
2	102
18	224
3	35
0	81
0	159
6	98
0	93
0	99
0	100
0	59
9	40
0	71
2	51
1	13
8	41
0	18
1	0
18	6
33	0
39	3
0	3
0	0
0	0
0	0
3	0
0	0
142	158
0	57
0	52
0	109
0	4
0	1
0	2
894	257
4	161
3	11
4	85
6	25
0	25
0	7
0	6
0	2
0	3
0	0
0	64
0	100
3	95
0	42
0	62
2	18
273	232
0	39
0	43
3	14
0	4
6	10
0	12
4	112
0	29
0	30
0	23
94	167
0	97
0	18
0	23
1	4
0	90
0	87
0	121
0	17
10	112
0	98
0	99
0	79
1	12
0	4
0	0
0	0
0	1
0	1
0	1
0	12
2	12
0	10
0	0
0	0
0	0
0	0
0	0
0	0
0	0
0	0
0	0
0	0
0	0
0	0
0	0
0	0
0	0
3	2
0	1
0	0
0	1
0	0
0	0
0	0
0	0
356	32
2	11
0	21
0	0
0	0
0	1
0	23
0	21
1	0
2	18
20	2
0	16
0	0
0	17
0	2
0	3
0	21
0	36
202	231
0	152
1	61
0	0
0	0
1	0
8	24
0	23
0	2
4	21
0	32
0	0
0	0
0	0
9	99
0	99
0	0
0	0
0	0
0	0
0	0
0	0
0	0
0	0
0	0
0	0
0	0
1	46
0	37
1	4
11	29
27	6
0	6
0	139
3	139
0	0
0	0
0	0
2	55
8	29
885	1122
28	47
6	1122
226	57
1	5
3	2
0	2
0	0
0	0
2	0
0	0
0	0
0	1232
0	625
0	812
8	64
0	101
12	85
0	923
5	913
0	0
281	523
3	278
0	347
0	446
0	0
0	0
165	15
1	12
878	97
2	97
0	0
0	0
66	564
1	564
18	1
310	31
0	31
0	0
24	13
0	0
0	13
29	184
18	115
3	124
1	98
0	65
0	0
0	0
0	0
6	109
0	105
1	7
1	37
1	33
0	53
0	54
1	16
0	13
0	5
0	7
0	13
0	13
0	13
504	42
16	44
2	0
0	8
30	124
6	124
3	6
0	36
8	5
5	10
0	25
0	12
0	12
0	0
0	0
0	0
0	0
0	0
465	0
0	0
0	0
0	222
0	224
1	151
5	113
2	55
0	42
6	91
0	3
0	0
0	1
0	3
0	387
0	133
0	150
0	73
0	89
0	64
2	8
1	14
4	10
0	934
2	620
0	723
1	176
0	647
18	383
0	567
0	189
3	886
0	108
0	174
0	326
4	664
24	265
5	158
2	82
0	298
0	197
10	3
2	72
0	0
0	0
170	0
16	79
0	12
4	6
0	12
4	2
0	21
10	49
1	0
4	33
0	28
0	33
1	2
0	19
0	0
0	0
0	0
0	2
0	2
0	2
0	2
0	2
0	0
0	0
0	0
0	0
0	0
0	0
0	0
0	0
0	6
0	3
9	6
0	0
0	0
0	0
0	95
0	48
21	31
0	59
1	32
0	64
0	41
5	62
0	0
0	0
0	0
0	0
10	0
0	10
0	9
0	13
0	12
0	13
0	12
0	5
0	0
0	3
0	0
0	0
0	1
0	0
0	0
5	3
0	0
0	3
0	5
0	3
1	20
0	20
0	16
0	0
0	0
0	0
0	0
0	0
25	303
129	413
5	161
0	253
1	200
0	63
0	33
21	777
0	779
0	91
0	22
0	0
0	639
0	105
2	39
0	39
1	2
0	1
0	0
0	1
0	1
0	1
1	0
0	0
0	0
0	1
0	0
0	1
0	0
0	0
0	0
0	0
0	0
0	0
0	8
13	8
0	2
0	3
0	4
36	22
0	13
0	16
0	0
2	2
0	23
0	23
0	23
0	0
0	0
0	258
22	257
0	248
0	171
12	69
0	53
14	24
1	1557
0	80
1	130
0	1544
0	20
6	989
1	1446
0	21
86	594
2	18
0	237
0	314
0	87
0	74
0	596
5	523
0	88
71	62
43	528
0	66
4	98
0	0
0	1
0	1
0	0
0	1
0	0
0	0
0	0
0	2
0	2
0	1
0	2
0	0
0	0
0	3
0	3
0	408
10	407
0	26
2	27
0	40
0	255
0	262
0	252
2	13
6	46
3	31
0	32
0	24
0	61
5	60
1	47
0	255
0	0
0	0
0	0
0	0
0	0
0	0
0	0
0	0
0	0
0	0
0	0
0	0
0	0
0	0
0	0
8	0
0	0
0	0
0	0
0	0
0	0
0	0
0	4
0	61
0	61
0	0
0	0
246	100
6	10
6	15
0	62
0	63
11	45
0	19
562	131
0	6
0	30
17	10
0	29
1	8
0	43
19	0
0	0
0	0
0	0
0	0
0	0
0	0
0	0
0	8
0	10
0	11
0	0
0	12
16	20
0	4
0	4
0	0
0	0
0	0
0	0
0	0
0	0
0	0
0	0
0	0
0	0
0	0
0	0
0	0
0	0
0	0
0	0
0	0
0	0
0	0
0	0
0	0
0	0
0	0
0	0
0	0
0	0
0	0
0	0
0	0
0	0
0	0
0	0
0	0
0	0
0	0
0	0
0	0
0	0
0	0
0	0
0	0
0	0
0	0
0	0
1	0
0	0
0	0
0	0
0	0
0	0
0	0
4	8
0	8
0	0
0	0
0	0
0	0
0	5
0	0
0	0
0	0
0	0
3	0
0	0
0	0
86	2452
2	2276
0	439
3	263
0	259
0	236
0	264
0	12
4	4
0	62
0	62
0	62
0	8
39	457
14	457
0	207
0	38
0	57
0	0
0	0
0	0
0	0
39	8
0	4
0	4
0	0
0	0
0	0
0	0
0	229
0	184
0	202
0	163
0	6
1	28
0	15
0	8
1	7
0	12
0	23
0	8
8	7
0	34
0	10
0	5
0	222
0	3
0	0
0	171
9	167
0	153
0	127
0	19
0	22
0	22
0	0
0	0
0	0
0	0
4	352
0	352
0	24
0	6
0	213
1	178
0	217
0	62
1	2
0	12
0	23
0	14
3	12
0	75
0	93
0	11
0	86
0	71
0	42
0	4
572	62
0	62
0	0
0	0
153	223
10	223
0	0
0	166
0	182
0	94
0	42
9	100
25	105
1	14
0	5
0	5
7	79
7	201
32	201
24	66
0	66
0	0
0	8
0	13
0	9
0	5
0	6
0	3
36	39
1	0
0	16
1	3
2	11
0	0
0	0
0	0
0	0
0	0
0	0
3	1
0	1
0	11
0	9
0	0
1	7
0	0
0	0
0	0
0	0
0	0
0	513
13	656
0	236
0	44
0	42
0	39
16	130
9	300
1	279
0	31
0	36
0	138
3	138
1	2
0	4
1	22
0	18
0	0
0	0
0	0
0	0
0	0
0	0
0	0
0	8
0	8
0	8
0	8
0	8
0	7
0	7
3	0
0	8
0	7
0	1
0	6
0	6
0	6
0	6
0	6
0	6
0	6
0	6
0	6
0	5
0	1
0	7
0	7
0	7
0	7
0	7
34	1467
2	140
5	84
0	101
1	147
0	164
0	253
6	167
2	334
10	130
0	197
0	1467
3	0
0	0
0	3
0	3
0	3
0	0
0	0
0	0
0	0
0	0
0	0
0	0
0	0
0	0
0	0
3	0
2	0
67	129
1	8
0	17
0	11
8	18
1	67
5	41
0	128
2	7
0	21
0	12
0	18
0	27
2	0
0	15
0	1
0	7
0	7386
1	16
13	3
0	16
0	12
0	10
0	0
0	0
0	0
0	0
0	0
0	0
0	0
1	0
3	4858
2	4842
0	3717
0	2570
0	697
0	2932
0	1138
0	4479
0	4727
6	1095
0	1971
1	180
0	4346
0	4448
0	1949
31	3671
2	300
0	173
1	5
0	300
1	10
0	11
1	7
0	7
0	4
0	4
0	0
0	0
0	66
0	104
0	91
0	11
0	11
0	7
1	41
9	0
0	103
1	50
4	19
6	25
1	114
0	123
7	19
3	0
0	0
1	0
0	0
0	0
0	0
0	0
0	0
0	0
0	0
0	0
0	0
0	0
0	0
0	0
0	14
0	1
0	14
5	233
0	0
0	0
0	0
0	0
2	127
2	11
0	4
0	123
12	44
0	57
0	0
0	21
0	53
0	126
0	0
0	0
0	25
2	28
0	3
0	17
0	0
1	1
0	2
0	8
0	0
0	0
18	586
6	587
0	16
2	88
0	41
0	40
4	14
0	0
0	0
262	45
20	0
0	45
5	23
0	74
0	18
0	87
2	22
0	87
0	24
0	24
1	87
0	86
0	0
0	87
0	0
0	0
0	0
0	0
0	79
0	64
0	77
0	71
0	72
0	0
0	0
0	0
65	0
0	0
0	0
0	0
0	0
0	0
0	0
58	0
0	0
0	0
0	0
0	0
54	35
0	1
2	32
3	32
2	0
0	0
0	0
0	81
0	481
4	488
0	4
16	8
12	180
1	4
0	26
1	0
0	0
20	0
0	0
0	0
0	184
0	279
0	47
0	169
0	128
0	82
0	146
0	272
2	0
0	0
6	180
3	0
0	0
0	0
0	0
0	0
3	0
0	0
0	0
0	0
0	0
0	0
0	0
0	0
0	0
0	0
0	0
0	0
0	0
0	0
0	0
0	0
0	0
19	25
0	25
0	90
37	91
0	7
0	33
1	1
0	0
0	1
0	0
0	1
0	35
0	2
0	35
0	0
0	0
64	257
5	225
1	21
0	31
1	65
0	71
6	22
0	0
0	0
0	0
0	0
0	0
0	1399
0	918
0	136
39	1356
2	136
0	47
0	1400
0	0
0	0
53	49
8	23
4	6
0	26
0	1
0	5
0	8
17	18
0	17
0	0
5	388
0	308
0	384
5	216
8	0
19	315
0	48
2	52
2	10
1	25
0	315
0	0
0	0
0	0
64	457
3	14
16	443
6	61
0	141
0	31
0	20
3	94
0	2
0	5
0	15
0	139
0	141
0	56
0	18
0	154
0	137
0	111
0	37
0	28
0	11
1	18
2	25
0	25
0	0
0	0
0	34
9	18
0	23
0	34
0	12
22	33
0	28
0	31
0	31
0	17
0	19
0	121
0	121
0	121
0	115
0	121
0	119
0	17
0	8
0	6
0	2
0	204
0	0
0	0
0	0
0	0
0	0
0	0
0	0
0	0
0	0
4	24
3	24
5	5
0	0
16	0
0	350
14	746
60	792
201	803
2	782
5	808
1	0
0	0
0	0
0	0
0	0
0	0
0	0
0	0
0	0
1	0
0	0
138	821
0	649
12	45
0	172
4	56
0	56
0	0
0	1
0	0
0	4
0	4
0	0
0	4
0	23
0	45
2	25
312	131
0	79
0	15
0	67
0	0
0	0
0	0
0	0
0	0
0	0
0	0
15	303
213	303
0	261
0	146
0	253
0	11
0	260
3	18
0	18
0	12
0	2
0	2
0	0
81	329
0	200
0	195
0	195
0	186
6	79
0	48
3	52
6	170
1	32
0	43
0	0
0	0
0	0
0	0
0	0
0	0
0	0
0	0
0	117
0	105
0	46
2	0
0	114
3	45
0	16
11	14
0	71
0	0
0	0
1	0
0	0
0	0
0	0
0	0
0	0
0	136
1	97
11	0
0	40
0	101
0	73
1	133
3	73
9	73
0	4
0	1
0	15
0	19
0	14
0	10
0	0
1326	0
0	182
0	182
0	157
0	173
3	11
0	45
0	15
5	0
0	0
35	154
0	12
0	24
0	154
0	0
0	0
0	0
0	0
0	0
2	34
0	34
0	5
31	85
0	84
7	36
0	33
0	21
0	21
0	6
1	0
0	12
0	133
0	133
0	44
1	133
0	105
0	10
0	13
1	12
0	32
0	204
109	204
16	204
0	30
158	20
0	13
13	91
0	0
67	775
0	655
26	185
0	240
0	0
0	0
0	0
0	0
14	9
0	5
0	9
0	1
0	0
161	117
0	117
3	12
0	0
0	0
0	0
46	105
1	54
1	59
1	26
0	31
0	0
0	0
0	0
0	0
0	4
0	4
0	2
0	2
0	0
0	0
0	2
0	0
0	0
0	9
0	31
0	16
0	31
155	157
9	122
464	340
1	72
0	305
1	194
0	222
1	4
105	201
34	55
0	201
11	24
1	14
0	2
0	14
0	3
0	5
0	1
0	5
0	7
13	210
0	209
2	140
0	132
0	195
0	95
0	106
0	138
43	48
8	330
1	343
0	278
0	9
0	2
0	2
0	21
0	20
0	8
0	2
0	5
1	0
0	0
0	0
0	0
0	0
0	0
0	0
0	0
0	0
0	0
0	0
0	40
0	40
0	2
0	309
0	313
7	73
0	108
5	37
0	36
0	23
0	0
0	309
0	10
0	205
1	62
13	82
1	42
31	205
0	0
0	0
0	2
0	2
0	1
0	1
0	4
0	0
3	4
0	1
70	19
4	19
0	8
1	280
0	315
0	92
0	255
0	47
12	37
0	137
0	16
0	34
0	0
0	8
0	4
0	8
0	3
0	6
0	3
0	2
0	1
0	5
0	35
5	24
0	6
0	32
0	0
0	0
0	0
0	0
3	0
0	0
126	559
0	546
0	292
0	301
2	240
52	113
12	87
0	89
2	76
2	19
5	52
1	29
2	29
0	25
9	0
0	2
0	2
45	59
2	59
0	59
0	51
4	39
16	173
0	151
2	137
4	151
0	130
5	128
19	126
8	83
14	62
85	86
0	8
1	6
0	17
0	10
0	0
0	0
0	0
0	0
0	0
0	0
0	0
0	0
0	0
0	0
0	0
0	0
0	0
0	0
0	0
0	0
0	0
0	351
0	379
0	357
0	374
1	348
0	352
40	0
0	49
24	209
1	20
12	1
0	0
0	0
0	549
0	576
0	549
0	579
0	80
0	14
2	3
0	187
0	184
0	5
0	5
0	0
0	0
0	0
0	0
0	0
31	126
0	126
0	31
0	0
0	0
173	401
0	184
2	152
0	45
480	698
0	391
0	377
12	252
31	0
18	3
0	0
0	0
0	0
0	0
251	2352
16	1896
9	681
12	60
43	0
0	0
236	0
0	10
33	185
0	154
0	58
7	54
0	23
0	0
0	1
1	13
0	0
0	0
10	19
34	23
0	0
0	0
0	0
0	0
0	0
0	0
0	0
0	0
0	0
10	0
0	0
0	0
0	0
0	0
0	0
3	1
0	1
0	0
0	0
35	44
0	12
6	7
0	31
0	9
0	8
2	27
0	22
16	47
0	10
0	32
0	37
2	37
2	22
23	221
0	221
0	114
0	0
0	0
0	0
0	0
0	0
157	0
10	11
166	128
5	10
0	119
1	232
0	265
1	47
1	132
0	130
2	79
0	0
0	0
0	0
0	219
2	111
0	258
5	164
1	0
0	25
1	39
0	10
0	229
0	14
0	0
2	41
63	142
0	37
0	2
0	2
34	1283
0	1316
12	1268
0	1333
0	167
0	353
0	112
0	250
143	387
0	160
0	0
0	0
0	0
0	0
0	0
0	0
0	0
0	0
0	0
0	0
0	0
0	0
0	4
1	4
0	4
0	0
0	0
0	0
7	1103
1	1077
0	217
3	129
15	474
0	204
41	444
8	69
0	38
10	1124
60	99
0	99
0	0
0	0
0	0
0	0
0	0
0	0
0	0
0	1
6	1
315	2
13	2
0	417
0	318
0	503
3	3586
14	3015
0	3610
0	3548
1	3548
0	3541
0	4387
1	278
261	180
0	1028
17	1082
0	27
0	4406
0	3414
0	4356
0	0
0	0
0	0
0	0
0	0
0	0
0	0
1	231
0	208
0	228
5	68
0	59
0	48
0	80
11	53
6	20
30	0
0	0
0	330
0	244
0	255
0	256
6	323
0	338
1	187
0	281
0	347
0	53
0	5
0	37
0	21
1	13
1	31
0	28
0	18
0	5
0	0
0	0
0	0
0	0
0	0
2	42
0	97
2	96
0	13
0	49
0	6
15	25
0	5
4	107
0	75
0	113
1	107
2	11
0	79
0	41
0	50
0	61
113	434
3	434
177	272
0	246
1	38
0	12
1	26
0	0
1	31
0	31
0	0
1	0
0	0
3	219
0	219
0	224
5	80
0	119
0	109
0	100
3	67
1	0
0	14
160	94
1	25
0	76
0	6
1	27
0	0
14	0
0	0
0	0
35	471
0	82
0	65
3	424
63	105
0	105
2	2
0	1
0	1
0	0
0	34
0	34
4	0
0	34
0	26
4	9
0	17
4	320
0	310
1	91
0	271
0	92
99	1352
0	1356
7	638
2	242
0	59
1	458
26	176
0	0
3	3
0	16
0	18
0	16
0	13
0	3
0	15
0	0
1	2
0	9
0	13
0	15
2	3
0	3
0	0
0	0
0	0
0	0
0	0
18	198
0	197
0	15
0	20
1	1
0	23
0	8
1	27
0	32
67	10
0	3
0	3
0	2
0	3
0	2
0	1
0	1
0	0
0	1
3	0
8	50
0	50
0	10
0	38
0	26
1	17
0	0
0	0
0	0
0	0
0	0
0	0
6	15
0	15
0	2
0	3
0	13
18	172
1	172
0	0
4	12
0	12
522	0
0	0
0	0
0	0
0	0
0	0
0	0
0	0
0	0
0	0
0	0
0	0
0	0
0	0
0	0
0	0
0	0
0	0
0	0
0	51
0	54
0	6
0	16
0	9
8	234
29	267
3	190
7	236
7	215
3	181
13	11
0	12
1	25
15	7
0	39
0	10
0	127
0	39
0	12
40	17
0	0
4	0
0	0
0	0
10	49
0	45
6	20
5	5
18	124
1	124
122	219
12	219
0	107
0	10
17	0
2	73
0	73
0	5
0	61
0	58
4	6
0	5
1	11
6	11
0	0
0	0
242	500
3	105
0	429
2	304
0	282
0	189
2	233
1	233
1	136
4	43
0	1
0	1
27	188
7	239
12	179
0	81
5	9
0	9
1	0
0	119
0	71
0	30
0	26
0	35
14	4
0	22
0	117
10	124
7	315
10	452
0	469
23	0
0	16
0	17
0	463
0	154
1	528
0	435
5	498
1	141
14	183
3	77
13	144
117	144
2	51
1	58
0	40
0	19
0	20
0	13
101	50
0	28
0	22
2	0
12	6
0	0
0	0
0	0
0	0
14	30
0	30
2	3
1	0
15	1
1	1
0	0
0	0
0	0
0	0
0	0
0	0
0	0
0	0
0	0
0	0
0	0
6	132
418	363
20	3
2	20
0	32
1	40
6	61
0	0
0	0
0	0
0	0
2006	882
0	55
2	827
46	10
13	48
11	0
0	570
1	333
2	28
0	611
0	619
0	529
0	611
0	608
0	619
1	55
0	619
0	412
0	415
1	0
11	31
0	4
0	4
0	4
0	6
0	4
0	28
0	3
0	2
0	3
601	30
75	30
0	506
0	142
0	491
0	483
15	280
1	487
9	466
11	419
0	220
0	143
2	148
0	161
2	50
51	0
4	110
15	31
22	0
0	0
0	0
0	0
0	0
0	0
0	0
0	0
0	0
0	18
0	18
0	18
0	0
13	18
1	0
0	10
0	10
83	150
0	150
31	0
0	0
0	115
0	112
0	123
2	99
0	87
0	85
0	13
0	5
1	5
0	1
0	4
3	4
0	1
0	1
10	183
0	51
12	712
0	721
0	0
0	0
0	0
0	0
0	0
0	0
0	29
0	32
4	5
14	40
0	22
0	8
0	8
0	0
207	37
0	15
0	22
5	159
0	172
0	163
0	45
0	53
0	16
0	13
0	172
0	172
0	0
4	10
0	10
0	4
0	0
0	0
0	0
0	0
0	0
0	0
41	5
1	3
0	4
0	1
7	192
0	56
1	16
0	192
0	0
73	55
213	354
1	354
2	98
355	0
0	0
0	0
0	0
0	0
0	0
0	0
0	0
0	0
0	0
0	0
0	0
0	0
0	0
0	0
0	0
0	0
0	0
0	0
0	33
4	119
0	102
0	98
0	47
0	98
1	16
0	61
0	27
0	36
0	15
0	4
0	5
1	34
0	36
0	9
0	18
0	12
0	0
0	0
0	0
156	21
0	12
1	21
0	0
0	0
0	0
0	0
0	0
243	2050
20	1051
15	1425
4	686
48	23
0	0
0	0
790	935
0	281
0	792
0	631
45	480
0	31
0	0
0	0
0	92
0	1
0	12
0	0
0	120
0	90
0	82
0	11
4	17
0	62
13	25
0	39
123	0
0	125
0	116
0	100
0	116
1	124
0	44
0	4
248	461
0	95
1	461
4	72
0	0
0	0
0	0
0	0
0	0
0	0
87	76
0	42
0	40
1	10
0	0
0	0
0	0
0	0
0	0
31	6
1	6
0	1
0	0
0	0
0	0
52	194
6	40
1	25
10	12
0	86
0	34
0	89
0	64
0	25
0	0
0	0
37	446
0	446
0	104
10	17
0	0
0	34
0	24
0	34
0	2
0	2
0	0
0	2
0	1
0	0
0	3
0	3
0	1
0	0
0	73
2	195
0	194
0	179
3	186
0	194
0	177
0	36
1	58
0	36
0	33
3	36
0	43
0	12
0	12
7	42
0	0
0	29
1	28
0	26
0	13
0	3
7	0
0	175
0	187
0	195
0	191
1	29
0	0
0	0
0	0
0	0
0	0
0	0
0	0
0	0
0	0
0	26
0	26
0	6
0	1
0	0
0	0
0	0
0	0
0	0
0	0
3	80
0	45
0	11
0	60
0	24
0	31
1	38
0	58
0	62
285	0
0	3
0	3
0	3
0	1
0	1
0	0
0	0
1	0
0	38
1	26
4	27
1	4
0	26
0	15
0	8
0	0
0	0
0	0
97	97
0	92
0	80
2	7
0	3
0	7
0	0
0	0
0	0
0	0
0	0
0	0
0	0
0	0
0	0
0	0
0	0
0	0
0	0
0	0
0	6
0	0
0	0
0	6
0	6
0	6
0	5
0	6
0	6
0	0
0	0
0	6
2	6
0	1
0	5
0	6
0	0
0	5
76	480
8	313
0	166
0	19
0	148
145	6
3	6
0	60
0	50
0	0
0	30
0	53
2	30
3	49
0	16
0	8
0	8
24	0
0	0
9	0
0	0
0	0
0	0
0	0
0	0
0	0
0	0
0	3
7	22
0	23
4	18
1	15
0	12
0	4
0	341
1	181
0	209
0	164
0	166
0	144
1	77
0	66
2	31
0	309
0	0
0	0
0	0
0	0
0	0
477	538
3	538
4	1
0	0
0	0
0	1
9	0
0	0
0	138
157	138
0	2
3	136
5	23
0	37
2	1
0	1
127	64
0	49
11	41
24	17
0	18
0	10
0	0
0	0
0	0
0	3
17	0
11	208
36	208
0	472
0	353
0	334
0	195
0	189
0	333
6	369
0	291
3	61
0	308
0	262
0	261
0	71
1	8
0	164
3	16
0	0
0	0
0	0
0	0
0	0
0	0
0	0
973	1006
33	2
4	794
0	240
1	590
0	0
0	0
0	0
0	0
0	0
0	0
0	0
0	0
0	0
0	0
0	0
0	0
0	0
0	0
0	0
0	0
0	0
0	0
15	31
0	31
0	163
0	61
0	161
1	7
0	0
0	0
0	0
6	43
0	19
0	43
0	23
0	22
0	5
0	15
2	5
0	18
0	15
0	8
0	5
0	18
0	204
0	0
8	145
9	147
20	146
18	129
1	207
157	219
1	200
0	219
2	143
0	43
0	66
86	212
0	209
10	77
1	90
0	71
2	157
0	3
0	161
0	24
0	127
83	145
0	12
0	3
17	164
0	17
0	20
0	3
6	3
2	0
0	0
0	3
0	3
126	175
13	62
34	175
0	45
0	40
1	12
14	24
1	42
0	42
1	21
0	0
0	0
0	0
13	69
0	67
6	56
0	36
0	41
0	15
22	0
4	4
8	132
0	9
0	118
1	0
0	22
0	70
73	1
0	0
0	0
0	0
0	0
1	1
0	0
0	0
0	0
0	0
0	0
0	0
0	0
0	0
0	0
0	0
0	0
0	0
0	0
0	0
0	0
0	0
0	0
0	1
0	1
0	0
163	49
0	49
17	503
6	7
281	496
15	94
0	47
390	47
0	0
0	0
0	114
0	101
0	95
0	11
0	8
0	0
3	114
1	0
0	0
2	107
4	21
13	383
0	345
0	140
0	118
0	53
0	0
0	0
0	0
4	51
170	52
0	17
4	34
0	0
0	0
0	0
3	0
0	0
0	0
956	0
0	1
0	1
0	1
0	0
0	0
0	0
0	0
0	0
0	0
0	36
0	36
9	4
0	0
0	0
0	0
0	0
0	0
0	381
0	0
0	0
0	0
0	0
9620	4619
0	357
5	494
0	928
48	2742
42	2228
0	2081
0	1445
92	1220
66	328
45	29
0	81
0	314
13	29
24	13
0	39
0	40
0	40
0	15
0	15
0	15
0	15
0	6
0	2
3	3
0	4
0	3
0	0
0	0
0	24
3	253
0	79
0	253
3	257
0	27
0	88
0	101
0	56
6	109
0	96
0	66
0	97
0	38
14	21
0	45
4	474
0	170
0	134
1	56
5	0
184	16
1	16
13	137
0	123
0	65
0	54
0	2188
6	2117
0	1968
90	1296
24	702
0	346
0	162
9	47
34	14
0	0
0	0
0	0
0	0
0	0
0	0
0	0
66	0
13	55
0	55
2	171
21	171
1	6
0	4
0	0
1	0
0	0
0	1
0	0
0	0
1	1
0	1
0	0
0	0
0	0
0	0
0	1118
24	1116
3	963
3	61
0	320
22	193
0	159
0	118
0	129
0	122
0	129
0	60
0	7
0	2
0	3
0	118
0	129
352	0
0	0
0	0
0	0
0	0
0	0
0	0
0	0
0	139
0	112
5	47
0	74
1	49
1	46
3	14
1	7
0	5
0	8
3	24
13	77
0	4
0	2
1	23
0	40
0	24
0	0
1	103
0	105
3	55
0	6
1	100
6	30
1	9
0	34
0	36
0	54
0	0
0	0
0	0
2	56
0	57
0	56
0	57
0	11
0	8
0	7
0	4
0	4
0	0
0	0
0	57
0	57
84	138
3	166
2	124
0	0
0	213
237	213
0	213
189	58
6	58
5	0
72	264
0	156
2	142
3	43
1	107
10	16
0	0
0	16
0	0
9	50
0	50
16	13
2	13
0	2
0	11
2	0
0	0
1	0
0	31
0	4
0	24
3	45
1	66
0	66
0	60
0	32
0	1
0	2
0	3
11	173
10	176
0	155
0	149
1	26
0	740
0	665
0	2044
0	2209
0	2257
1	2170
4	1791
0	1749
0	1762
0	1816
0	1767
0	171
3	156
0	68
115	28
0	93
41	190
25	91
0	632
1	2085
2	78
4	65
1	58
2	25
6	174
0	58
44	245
0	223
18	166
0	116
0	0
0	10
12	15
0	204
4	87
0	189
0	196
0	130
1	134
0	174
1	140
1	23
0	97
0	45
8	0
0	13
0	21
1	92
1	189
9	13
72	18
0	148
0	321
0	329
9	332
0	0
0	0
0	0
0	0
1	305
0	294
0	61
2	27
0	10
3	289
0	84
0	28
0	284
0	72
0	26
0	15
1	155
0	2
2	19
0	109
2	55
7	119
0	88
4	2
1	107
0	24
0	37
0	83
0	45
2	19
0	2
1	12
0	21
0	131
10	510
1	53
0	131
5	8
0	255
0	148
0	44
4	32
0	420
21	36
0	121
5	101
0	0
0	0
24	373
0	421
0	358
2	154
11	22
0	0
0	0
0	0
0	0
0	0
0	0
0	0
122	29
0	31
0	23
13	5
0	244
0	330
1	316
0	123
1	80
0	127
0	59
0	81
0	50
0	11
0	0
0	0
0	0
0	0
0	0
0	376
0	313
0	113
0	174
0	182
0	94
0	25
0	124
3	100
0	94
19	329
0	1669
0	174
2	440
0	1665
1	8
0	0
0	8
0	0
0	0
0	0
11	102
2	100
0	12
0	10
0	177
10	81
0	148
0	125
3	16
0	43
0	0
0	0
46	8
0	0
0	8
0	8
0	16
0	16
0	1
0	1
0	7
0	5
0	16
387	155
20	21
0	39
0	92
0	77
0	81
0	1
0	1
0	0
0	0
0	0
0	0
0	0
0	0
0	0
0	0
0	0
0	818
0	507
0	2401
0	1625
210	2339
5	500
0	1204
0	0
0	0
0	1007
15	3
0	233
0	997
7	970
0	10
0	9
23	0
0	19
3	83
2	1000
13	14
0	1
0	10
6	8
0	8
0	8
0	8
1	10
0	8
0	4
36	71
0	71
0	34
0	38
0	43
0	29
0	2
4	4
0	4
0	0
1	1
0	11
0	11
0	11
0	11
14	5
4	0
0	0
0	0
2	932
317	977
44	624
17	61
12	75
0	209
0	165
2	142
0	186
0	0
11	206
0	6
0	65
1	169
0	72
1	632
4	38
0	71
10	45
97	759
0	61
0	134
2	100
0	235
0	147
1	254
0	137
0	208
1	226
5	455
0	500
48	493
7	3
2	9
0	0
0	0
0	0
0	0
0	58
110	58
0	13
0	56
0	28
0	0
386	239
0	138
1	207
4	48
3	549
0	186
0	42
2	43
1	61
0	57
0	3
4	173
3	123
0	52
3	98
3	36
14	34
0	583
19	155
1	131
15	155
14	3
0	2
0	1
0	0
0	0
0	0
0	0
0	0
0	0
241	100
0	100
0	64
0	51
10	207
0	190
3	172
0	7
0	27
0	12
46	11
301	8
0	8
49	305
0	200
0	18
10	105
0	40
0	22
0	23
2	17
4	10
0	0
0	0
0	0
0	0
0	0
0	0
0	0
0	0
0	0
0	0
0	102
0	158
0	137
0	128
1	146
3	62
0	91
2	81
1	60
0	35
3	32
0	0
0	0
0	0
4	0
0	0
0	5
0	4
0	4
0	4
0	3
0	4
0	4
0	79
0	63
0	25
0	44
2	32
0	79
0	11
1	15
0	15
0	1
0	9
0	0
0	1
0	0
74	67
1	4
1	5
0	61
28	171
1	124
0	51
8	68
216	105
0	76
0	31
0	0
0	0
7	101
2	97
3	0
1	49
5	8
0	9
0	7
0	0
0	0
0	0
0	1
0	2
0	0
0	2
0	2
0	1
0	2
0	2
0	3
0	1
3	3
0	3
0	2
0	1
0	0
0	0
0	0
0	0
0	0
0	0
0	0
0	0
0	0
0	0
27	13
0	19
1	0
1	4
0	4
0	7
0	0
0	0
0	0
0	0
0	0
1	0
0	0
0	6
0	2
0	6
0	1
0	5
0	1
0	0
0	0
0	0
0	0
0	0
3	668
1	550
0	320
5	226
4	110
7	191
0	89
116	84
0	33
0	2
52	40
0	84
0	0
0	10
0	10
0	9
0	6
0	5
0	0
0	0
0	0
29	987
1	833
0	599
2	377
8	336
0	123
0	76
0	3
0	3
0	0
0	3
0	3
0	3
0	1
0	0
0	0
0	0
0	0
0	0
182	69
0	5
0	5
3	14
17	0
58	52
0	0
0	0
0	0
0	0
0	0
0	0
0	0
0	0
0	0
0	0
308	169
1	50
1	50
0	69
0	39
22	104
0	9
0	101
9	10
3	4
0	17
0	18
0	0
0	78
0	3
0	53
0	1
0	1
0	1
0	2
0	112
0	94
0	87
0	68
0	53
0	55
0	53
0	32
0	2
0	2
12	1270
18	1270
0	56
106	56
0	34
0	6
0	0
0	56
60	17
0	15
1	2
4	2
0	4
14	420
3	420
0	45
0	40
0	2
2	205
1	200
3	199
0	16
0	207
0	207
3	38
17	103
0	50
4	17
0	41
0	46
0	101
4	9
2	11
1	14
0	18
0	19
6	3
2	496
0	58
0	58
0	519
0	455
13	433
0	473
0	473
0	442
1	278
0	42
38	216
14	0
0	70
0	73
0	47
0	69
0	32
1	0
0	8
0	0
0	0
0	0
0	0
0	0
0	324
1	355
0	355
0	296
0	300
0	224
4	59
0	123
1	59
0	70
0	38
0	78
0	70
0	15
0	26
0	21
0	19
0	26
0	326
1	23
0	94
4	94
0	0
0	0
0	0
0	0
77	202
0	203
1	6
0	14
6	18
10	159
8	82
0	151
2	23
1	26
0	75
0	75
23	0
0	0
0	0
0	0
0	0
0	0
0	0
0	0
0	0
1	0
0	0
0	0
0	0
0	102
0	181
0	44
0	18
0	197
0	165
0	0
0	0
0	0
1	6
0	6
246	98
0	98
2	183
0	190
0	189
0	3
0	184
5	0
2	99
2	14
1	9
0	2
0	101
0	21
0	2
0	9
0	9
0	9
0	30
0	30
0	9
0	2
0	5
0	3
1	4
35	1050
7	881
0	218
0	317
0	21
0	0
0	0
0	0
0	385
8	407
6	3
3	225
0	54
18	0
2	4
0	59
10	87
0	81
0	0
0	0
0	0
0	0
0	0
0	0
0	0
9	229
0	229
0	112
0	59
0	27
0	4
253	24
3	20
5	0
0	3
0	0
27	23
2	0
0	23
0	0
0	0
0	0
0	1
0	0
0	0
0	0
0	1
0	1
0	0
0	1
0	0
0	95
0	91
0	83
0	95
11	4
0	16
5	15
13	4
0	2
0	3
88	219
0	181
4	110
0	73
0	0
0	0
0	0
0	0
0	0
0	0
0	0
0	0
0	0
0	0
0	0
0	12
0	12
0	11
0	12
0	12
0	12
0	12
0	83
0	44
0	68
0	22
3	5
0	3
0	1
0	2
0	0
0	121
0	103
0	108
0	121
0	121
0	91
0	119
0	122
1	115
0	92
0	91
0	109
0	48
0	58
1	13
5	0
0	0
13	16
0	16
3	14
27	269
15	269
0	39
0	0
0	0
0	0
0	0
0	0
0	0
0	11
0	6
0	12
0	4
0	11
0	11
0	1
0	1
0	0
19	36
0	6
0	20
0	33
0	0
0	0
0	0
0	0
0	0
113	104
0	102
0	97
98	83
0	38
10	165
11	165
35	482
0	476
4	73
0	0
0	0
0	0
0	0
0	0
0	0
0	0
0	0
99	325
1	145
5	326
0	481
21	483
0	19
0	291
1	64
2	63
6	70
0	0
0	0
0	0
0	0
0	0
0	0
0	0
0	0
83	28
0	17
0	11
0	0
0	0
0	0
0	0
0	0
0	0
9	12
0	8
0	7
0	196
6	194
0	62
0	189
0	104
0	36
0	8
0	0
172	67
0	67
4	56
4	4
0	56
0	13
0	31
0	30
0	0
2	0
0	0
0	0
2	26
0	23
0	26
0	0
54	105
0	74
0	89
0	103
12	51
0	33
393	435
0	364
0	163
11	38
67	339
0	286
2	314
5	1
23	184
1	42
0	157
2	42
5	9
0	20
753	11
0	11
0	0
0	0
0	0
0	3
0	43
0	265
0	266
0	218
0	53
0	18
3	11
0	48
0	183
1	52
1	31
0	8
0	0
0	255
4	256
7	150
1	253
0	73
0	175
0	112
0	13
0	21
2	62
0	258
10	255
3	241
3	90
0	51
1	12
2	0
0	29
0	11
0	33
12	3
0	23
2	29
0	13
1	0
0	13
0	0
0	0
0	0
0	0
0	0
0	0
0	0
0	0
0	0
0	0
0	0
250	0
72	234
0	234
1	0
2	0
0	183
20	218
0	67
4	28
0	41
0	36
0	10
0	14
26	0
0	0
0	0
1	0
2	0
0	24
0	24
0	0
0	24
127	3
0	3
9	148
0	50
0	134
0	51
0	41
15	77
0	59
0	27
11	43
14	0
4	30
5	25
0	14
96	0
0	0
0	0
1	105
1	105
0	37
0	0
5	42
2	41
0	39
0	3
9	39
37	80
0	60
6	0
0	20
84	280
0	280
1	55
1	0
0	0
0	0
0	0
7	16
365	47
1	11
1	79
0	86
0	68
0	79
7	17
0	24
0	76
0	32
1	32
0	25
9	56
0	0
3	42
0	42
0	5
1	42
0	4
0	13
0	12
0	0
0	2
0	10
0	4
0	0
0	0
3	0
0	0
0	0
0	0
0	34
0	33
0	4
0	16
0	4
0	8
3	27
0	17
0	17
2	20
0	4
0	21
0	0
0	28
0	15
0	0
0	0
0	0
0	0
0	0
0	0
0	0
0	0
19	2081
3	2081
2	1432
8	4
1	379
3	2102
41	566
5	193
21	108
0	115
33	87
0	0
0	0
0	2
0	2
0	2
0	2
0	1
0	2
0	0
0	0
176	5
3	5
0	60
7	4
0	41
0	28
0	28
2	107
0	107
0	466
5	490
2	224
0	351
33	350
0	398
0	404
11	141
27	109
3	60
85	738
14	713
0	639
0	167
3	3
52	221
0	231
1	159
2	53
0	52
0	6
0	27
0	1
0	2
0	1
0	0
0	0
0	0
94	0
0	0
300	15
0	15
526	558
4	536
0	28
0	46
0	2
0	0
0	0
0	0
0	0
0	0
0	0
0	0
0	0
0	0
0	0
0	0
0	0
0	0
0	0
0	0
0	0
0	0
0	0
0	0
0	0
0	61
0	20
0	59
1	13
1	20
0	9
0	4
0	2
0	2
2	2
0	0
3	121
0	118
2	121
0	0
0	45
0	44
0	40
0	39
9	31
0	8
0	24
0	21
0	14
0	10
0	5
0	0
0	39
0	0
0	0
0	0
0	0
10	6
0	6
0	2
0	0
0	591
11	560
0	289
8	222
7	252
0	255
29	15
0	44
0	91
0	4
0	4
0	4
0	0
0	0
0	0
0	0
0	0
0	8
0	8
0	8
1	13
0	4
0	5
0	0
0	0
2	22
0	30
0	30
0	30
0	0
0	30
0	0
0	30
0	5
0	0
1	4
0	23
1253	109
4	47
2	104
0	0
0	0
0	0
0	0
0	0
0	0
10	230
8	230
3	98
0	56
1	6
0	55
8	0
0	8
1	38
1	0
0	2
0	0
0	0
0	0
0	5
0	5
0	5
2	114
0	212
0	229
3	222
0	203
0	79
0	82
0	11
0	15
0	13
0	0
0	0
0	0
0	0
0	0
0	100
0	40
4	11
0	4
3	95
0	78
0	55
0	10
0	0
0	9
0	5
0	8
114	13
0	13
0	0
0	2
0	2
0	2
0	0
0	0
0	85
5	38
0	79
0	14
0	0
10	4
0	3
0	82
0	22
2	22
0	18
0	0
0	0
0	0
0	0
0	0
0	0
0	0
0	0
1	0
5	119
0	66
0	109
0	44
0	109
99	262
0	69
0	251
0	261
0	192
2	258
0	66
3	26
1	19
0	35
3	18
1	8
0	238
5	0
0	6
0	7
0	2
0	1
0	1
0	1
0	1
0	1
0	1
0	0
0	0
0	0
0	0
0	0
0	0
0	0
0	0
0	0
0	0
0	0
0	0
0	0
0	7
0	7
0	0
22	46
6	46
19	329
3	231
0	12
11	171
0	148
0	106
0	36
2	10
0	456
2	40
0	455
1	80
1	8
0	379
0	107
0	455
5	389
0	381
1	389
1	12
18	320
0	9
4	53
0	2
0	72
1	26
0	6
0	57
29	3264
2	2505
1	3223
5	2737
7	1444
0	2509
28	2007
0	3009
8	1
0	1
0	1
0	0
0	0
0	0
0	0
0	0
0	0
0	0
0	0
0	0
0	0
0	0
0	0
0	0
0	0
0	0
0	0
0	0
0	0
0	0
0	0
0	0
0	0
0	0
0	0
0	0
0	0
0	0
0	122
0	177
0	201
0	28
1	0
0	0
0	0
0	0
1	0
15	262
4	258
8	27
0	53
0	32
3	14
1	14
0	0
0	0
0	0
0	0
0	0
0	0
52	766
4	769
61	772
0	782
0	37
0	17
1	82
4	15
10	85
44	247
0	246
7	140
0	0
3	0
0	0
0	19
0	24
2	18
0	6
0	5
0	6
0	23
0	12
0	10
0	8
0	5
0	6
3	6
0	5
3	0
30	93
0	20
0	1
1	0
2	3
0	64
0	48
0	36
6	0
0	0
1	0
0	12
0	263
0	223
2	4
0	229
0	73
0	28
0	17
0	260
0	260
0	0
0	0
0	0
0	0
0	0
0	0
0	0
29	5
0	0
0	0
0	0
0	0
0	0
739	338
1	338
0	0
0	1
0	1
0	0
0	0
0	0
0	0
0	0
0	0
0	0
0	23
0	66
1	68
0	11
0	4
3	6
0	2
0	0
0	221
0	218
6	228
0	228
0	221
1	84
5	120
0	114
2	15
0	9
0	24
0	5
0	181
0	0
0	0
0	0
0	0
84	0
1	0
0	0
0	0
0	20
0	15
0	22
1	6
0	1
0	11
0	342
63	268
0	316
1	337
0	342
0	2
3	10
0	1
0	7
2	7
0	4
0	4
1	0
4	3
5	275
24	126
0	210
0	104
0	234
1	43
0	0
0	0
0	0
0	0
0	0
0	88
0	99
1	94
1	11
0	1665
2	850
5	303
0	1665
44	0
2	56
0	59
3	5
0	5
12	371
0	357
0	371
0	94
0	9
0	0
0	0
0	0
0	0
0	0
0	88
0	69
4	25
1	27
0	11
0	54
0	11
0	20
0	0
0	0
0	0
2	82
0	82
4	8
0	10
0	6
10	185
0	210
0	176
0	50
1	8
0	65
10	6
1	40
2	0
0	1
0	1
0	0
0	0
26	106
0	94
0	99
0	131
0	125
0	142
0	17
5	53
0	40
0	16
0	38
0	24
0	22
0	20
0	5
0	23
0	31
0	32
0	0
0	0
0	0
0	0
0	0
0	0
0	0
0	0
0	0
398	61
0	26
0	29
0	20
0	17
0	0
0	32
0	32
0	5
0	32
0	0
11	0
178	135
0	15
2	134
3	0
0	0
0	0
0	0
1	134
0	17
0	38
0	0
1	30
10	34
0	14
0	138
2	75
7	288
6	205
5	273
0	0
0	135
0	134
3	2
0	136
0	25
7	14
0	11
9	379
0	570
37	297
24	27
0	351
2	188
0	192
0	189
0	172
2	147
1	158
0	37
0	15
0	23
4	31
26	133
0	154
0	13
0	33
0	25
5	16
9	2
0	14
0	8
0	9
0	12
0	9
0	7
0	8
0	9
0	9
6	13
0	13
0	0
0	0
0	0
0	0
0	0
15	0
0	0
1	103
10	72
0	80
0	4
0	1
0	0
134	787
0	33
10	741
7	34
0	68
0	44
0	0
0	0
0	0
0	0
0	0
0	0
1	844
4	864
1	444
4	467
1	22
0	388
6	364
10	371
0	343
0	331
2	343
4	21
0	76
0	0
0	45
0	89
0	89
1	89
0	8
19	169
0	149
1	80
1	51
0	70
0	53
0	48
0	39
0	4
10	12
4	120
0	121
9	121
0	0
8	41
0	41
2	2
34	0
0	0
0	0
0	0
0	0
0	0
0	0
0	0
0	0
0	0
0	0
0	0
0	0
0	0
0	0
0	15
0	16
4	6
0	18
0	6
0	1
0	11
0	7
0	3
0	9
0	14
0	14
2	0
1	0
0	14
0	5
0	5
0	3
0	0
0	3
0	0
0	0
0	0
0	0
0	0
0	512
0	507
3	479
7	470
0	417
3	39
1	99
0	42
3	9
2	54
0	46
6	8
0	511
0	180
0	53
0	177
1	111
0	180
1	91
0	68
0	67
0	68
0	10
0	78
0	73
0	81
0	5
0	53
0	3
0	5
0	6
0	11
2	30
0	1
0	1
3	29
0	10
392	165
27	6
102	50
0	179
0	9
6	41
1	27
0	35
3	29
0	110
0	0
0	0
0	0
0	0
0	0
0	122
0	0
0	16
0	16
4	115
0	122
0	0
0	0
0	0
0	0
0	0
24	9
0	1
7	8
0	1
3	82
0	6
43	82
0	8
0	16
0	74
0	48
0	48
0	0
2	484
0	305
6	470
0	176
0	433
0	337
1	102
0	191
5	183
0	174
0	115
0	96
0	141
1	86
1	22
0	9
0	19
0	11
0	7
0	2
0	14
15	0
0	4
0	2
0	2
0	4
0	2
0	4
12	1449
4	1517
26	1624
0	1636
4	81
2	21
6	1428
20	661
0	1439
0	1441
7	48
18	328
0	1243
1	33
0	128
10	426
3	0
38	0
0	169
20	139
0	124
2	83
5	60
0	0
0	0
0	0
0	0
0	11
0	11
0	3
0	3
0	4
0	1
0	2
0	1
0	0
88	52
2	52
6	0
3	22
0	22
0	16
0	5
0	8
0	0
0	0
0	0
0	0
0	0
0	0
1	8
0	7
0	4
0	0
1	0
0	0
0	0
0	0
0	0
0	0
0	0
0	0
0	0
0	0
0	0
35	0
0	2795
2	175
0	18
36	1590
0	140
0	197
0	387
5	1591
0	22
0	16
0	5
0	5
0	21
0	3
0	95
0	77
0	97
0	27
2	95
0	95
0	0
0	0
0	0
0	0
0	0
52	297
0	244
0	3
0	13
0	18
0	18
0	18
0	12
0	0
0	3
0	13
0	8
1	1
1	4
0	0
0	2
0	2
0	2
0	0
0	0
0	0
0	0
0	0
0	0
0	0
0	0
0	0
0	0
0	0
0	0
0	0
0	0
0	0
0	0
0	3
0	64
0	61
0	37
0	9
2	6
5	11
16	6
0	3
1	97
106	573
0	480
0	501
0	174
0	174
2	131
14	87
0	24
0	171
0	0
238	190
0	169
0	80
0	21
7	0
0	502
9	350
3	51
3	484
0	5
0	34
7	0
1	229
0	80
1	86
0	2
43	3
0	1
251	180
0	81
7	36
0	54
0	37
0	6
3	19
1	0
0	0
0	7
0	0
16	169
3	67
0	97
0	38
0	17
0	96
4	0
33	1051
0	796
56	16
12	984
6	0
0	27
0	0
0	34
0	47
0	52
1	28
1	9
0	27
0	0
1	3
0	0
0	0
0	3
0	0
0	17
0	53
0	56
0	54
0	28
0	23
0	23
0	5
0	5
0	7
0	7
0	1
0	1
0	29
0	1
0	0
580	18
1	16
10	2
104	43
0	43
0	30
0	1
0	1
0	1
0	0
0	0
0	0
7	157
0	159
0	3
9	31
0	5
7	12
33	13
0	63
0	7
0	94
0	0
0	91
1	38
0	94
2	9
0	16
12	606
0	76
2	80
0	69
0	3
0	0
0	1
0	13
1	5
0	17
0	8
3	10
0	0
0	0
1	0
0	0
0	0
0	0
0	0
0	0
0	0
0	27
1	72
0	70
10	26
0	158
0	162
0	157
2	69
0	108
4	50
0	28
80	276
0	249
7	220
2	70
0	78
0	0
0	0
0	0
0	3
0	3
34	2
0	1
0	5
334	325
0	27
0	326
0	106
0	8
0	9
0	8
0	1
0	1
0	1
2	4
1	3
0	3
0	0
13	183
0	200
0	190
0	196
0	188
0	180
0	36
1	135
7	122
0	109
0	105
4	10
0	17
0	34
0	17
4267	686
7	132
0	229
0	126
0	34
0	90
0	41
0	74
0	0
0	0
0	0
0	0
0	0
0	0
0	0
1	100
0	100
0	96
1	9
0	16
0	26
0	15
2	7
0	100
74	32
0	11
0	21
0	17
0	17
0	8
10	194
12	194
0	118
2	116
0	117
1	111
0	113
9	106
0	16
0	14
0	42
0	23
0	8
0	12
0	21
0	9
0	13
14	54
0	65
0	65
0	21
0	53
0	0
5	2
0	73
1	71
1	41
0	65
0	5
0	7
1	1
0	0
0	0
0	1
0	1
0	0
0	0
0	1
0	1
0	0
39	54
0	54
0	51
10	226
0	202
2	126
0	25
10	54
131	98
0	97
14	33
0	32
13	356
17	344
0	345
0	257
17	257
0	256
0	65
0	20
11	0
2	65
2	27
13	11
0	8
1	1
0	7
0	2
0	12
0	0
0	236
0	0
10	938
0	878
1	288
23	194
0	178
9	8
0	216
1	213
0	194
7	4
0	0
0	0
3	1
0	1
5	0
0	0
0	39
0	37
0	33
0	5
12	12
0	4
0	4
0	36
0	39
0	259
0	256
0	108
0	30
0	17
2	23
0	19
0	27
0	122
0	92
2	8
0	258
0	0
0	0
0	0
1	65
0	71
1	59
2	26
130	0
1	36
0	2
1	6
0	2
0	36
1	9
0	2
0	7
0	8
0	4
0	0
0	0
0	0
0	3
0	0
0	3
0	0
0	0
0	0
0	0
25	387
0	553
23	2200
18	357
5	2091
0	78
0	19
0	65
4	73
20	150
1	39
0	107
1	46
3	79
4	1573
0	1573
0	2202
2	109
5	601
8	1026
5	827
0	2201
268	26
0	26
0	0
0	0
0	0
0	0
0	0
0	0
0	0
0	0
0	0
156	105
0	105
0	13
0	112
0	112
18	944
0	416
0	772
0	824
0	900
0	839
3	652
0	456
1	555
0	566
0	283
0	348
0	247
1	455
0	365
5	2
0	2
0	0
0	0
0	0
0	0
0	0
58	6
2	1
0	1
0	1
0	4
0	0
0	1
0	216
0	203
0	27
0	3
0	19
0	75
0	39
0	0
0	0
0	0
518	237
1	58
0	58
0	26
2	118
22	3
0	0
1	17
0	9
0	9
0	9
0	3
5	0
2	8
0	9
1	80
1	80
0	0
0	0
0	0
0	25
0	151
1	54
0	42
0	92
0	151
24	357
0	103
14	349
3	127
6	18
3	48
0	48
0	36
0	46
0	2
133	0
1864	472
2	110
5	243
3	51
0	124
0	1013
120	1091
0	100
0	80
0	100
5	33
13	54
0	100
0	0
4	27
5	29
0	0
0	0
0	7
0	2
0	6
0	0
0	1
10	0
5	403
0	385
1	345
3	70
0	345
88	17
3	0
0	17
1	4
0	0
0	0
0	1
0	1
9	6
16	6
1	4
252	1792
0	1701
0	47
4	21
3	20
2	5
0	254
12	185
0	153
31	120
0	0
0	0
0	99
0	53
0	124
1	109
1	35
0	21
0	40
0	389
1	248
0	321
0	385
0	67
2	17
416	2652
0	2387
2	392
1	460
0	0
2	0
0	0
0	0
0	12
0	0
0	18
0	20
0	2
0	12
0	12
0	0
0	0
0	12
0	12
0	18
0	12
0	10
0	18
0	14
0	8
0	2
0	0
0	0
0	0
0	0
0	575
3	68
202	643
2	123
1	262
1	393
0	144
0	0
0	0
0	0
0	0
0	0
0	0
0	0
0	0
0	135
7	0
0	0
4457	801
6	588
10	213
0	0
0	0
0	0
0	0
0	0
0	0
0	0
0	3
0	116
0	7
0	116
0	0
0	0
0	10
0	0
0	0
8	304
6	286
0	15
250	474
0	253
0	46
1	175
0	463
0	187
4	0
0	138
0	213
0	86
0	61
0	5
0	21
0	38
0	212
0	14
0	19
0	0
0	173
0	9
0	210
0	207
0	415
0	81
0	5
0	5
14	62
0	3
0	25
3	464
10	466
0	406
0	34
0	24
4	98
1	93
0	40
0	53
0	16
0	0
0	0
0	0
0	0
0	0
0	0
0	0
0	0
32	314
0	41
11	233
0	270
0	83
4	44
1	11
2	56
2	56
0	9
0	7
2	3
0	5
0	1
0	2
0	3
0	1
0	0
0	0
0	0
0	0
0	0
0	0
0	0
0	0
0	0
0	0
0	31
39	45
0	5
0	39
0	5
0	1
0	1
0	1
0	0
0	5
0	0
6	196
74	230
7	97
18	89
0	30
5	0
0	221
0	0
0	0
0	0
0	0
0	0
0	0
55	196
14	196
4	22
0	69
9	133
0	133
0	86
3	76
0	0
0	0
0	0
0	0
0	1
0	1
0	0
0	1
0	1
0	0
0	0
0	0
0	0
0	487
0	496
5	100
70	179
0	79
2	49
1	35
0	156
0	151
1	12
6	1
7	5
0	129
0	1099
43	1099
2	1047
0	36
0	18
1	15
0	0
1	18
0	4
2	18
0	36
84	535
0	495
3	336
2	294
0	0
0	0
0	0
0	0
3	141
0	0
7	6
0	8
0	141
0	127
0	54
277	210
0	167
4	210
27	356
0	356
0	260
0	61
0	27
0	27
0	27
0	0
0	0
34	0
448	383
7	227
32	320
3	374
12	49
0	287
1	101
0	336
0	0
0	1
0	1
0	0
663	457
6	364
46	90
0	201
0	253
1	254
0	205
0	52
0	46
1	43
0	43
0	33
0	256
0	0
0	0
0	0
1	0
0	0
0	0
0	0
0	0
0	0
0	0
0	0
5725	20100
8	1136
0	13052
7	10548
1	8360
1	1069
4	6050
12	4634
7	4071
0	0
0	3
0	2
0	3
0	0
0	0
29	328
1	297
0	297
1	202
0	0
18	0
22	169
0	158
0	43
3	16
0	61
0	61
2	62
0	62
0	62
0	5
0	0
0	3
0	5
12	8
0	40
0	11
0	30
0	6
4	20
0	25
0	22
0	7
0	47
0	47
0	35
0	37
0	43
0	12
0	12
0	1
0	1
4	37
4	37
3	17
0	0
0	0
0	0
0	0
0	35
0	86
0	129
0	131
27	79
1	102
2	0
0	19
0	20
0	65
21	86
1	39
3	2
0	77
0	39
0	0
0	0
0	0
3	56
0	53
0	63
0	44
0	21
0	31
3	7
1	3
0	4
0	1
0	21
0	376
8	315
1	16
0	11
0	185
0	18
0	8
0	12
0	8
0	8
0	364
0	288
0	0
3	1
0	1
0	0
0	0
0	4
0	1
3	176
0	176
3	177
13	173
0	89
15	28
0	18
0	0
28	0
0	51
1	145
0	51
0	36
50	145
0	90
0	51
0	3
0	52
0	1
1	94
18	1
3	41
2	27
0	26
2	0
1	7
0	43
0	68
0	237
0	213
0	27
1	179
0	2
0	2
0	0
0	0
0	0
0	0
0	0
0	0
0	0
0	0
0	0
0	0
0	0
0	0
0	0
0	0
0	0
0	0
0	0
0	0
4	0
0	0
0	0
3	14
0	12
0	12
0	0
0	0
0	1
0	0
0	0
0	0
477	360
4	264
1	270
0	0
0	0
0	0
3	85
0	58
0	106
0	72
0	81
0	1
0	0
0	0
0	1
0	0
0	0
0	1
9	0
4	509
0	496
0	478
1	31
3	50
3	94
0	0
0	0
0	0
0	19
4	19
0	0
0	0
0	0
0	0
6	0
0	7
0	16
0	14
0	2
347	323
1	2
0	0
0	3
0	3
0	0
0	1
0	1
0	1
0	53
0	48
1	0
0	5
0	11
0	0
0	0
0	0
0	0
0	94
0	102
1	93
0	88
3	2
0	18
1	12
453	304
21	274
3	132
0	60
0	0
0	0
0	0
2	4
6	47
0	298
1	295
12	76
4	41
0	42
2	45
0	17
1	1
0	43
1	47
170	47
261	3426
20	3426
2	923
2	920
0	956
0	108
0	782
4	34
0	89
2	53
0	136
12	46
12	105
4	0
0	13
0	14
0	14
0	0
0	0
0	6
3	6
0	14
0	0
0	7
0	8
0	2
0	0
0	0
0	0
0	0
0	0
0	0
2	272
4	212
0	273
0	213
0	223
0	266
0	226
0	106
0	148
0	119
0	50
0	46
0	74
0	57
0	54
0	19
0	48
4	28
0	38
4	31
23	0
0	162
27	261
0	160
1	178
0	20
0	22
0	2
1	74
0	13
0	0
5	13
1	13
0	55
0	55
0	0
0	29
3	4
0	25
2	0
0	25
1	0
0	3
331	387
1	50
0	308
0	73
1	42
0	75
0	56
30	45
0	334
0	0
0	0
0	0
0	0
0	0
0	9
0	0
0	0
0	10
0	6
0	9
0	9
0	10
0	9
0	9
0	9
0	0
0	0
0	0
0	0
0	0
0	0
0	0
0	0
0	0
0	0
0	0
0	20
41	82
2	8
1	81
0	0
0	0
0	0
0	0
0	0
0	0
0	0
0	0
0	0
34	0
0	3
41	3
0	524
4	457
1	117
0	117
0	361
1	467
0	253
1	391
2	121
0	285
0	105
0	65
0	125
225	385
0	312
2	162
4	106
16	38
0	0
0	0
0	0
0	0
0	0
73	261
0	255
0	202
0	0
0	12
0	12
0	0
28	0
10	136
0	0
0	0
5	7
0	0
0	9
5	136
1	5
0	3
0	18
0	2
0	2
0	2
0	2
0	2
0	0
0	0
0	0
19	52
0	41
2	28
3	21
9	0
0	55
0	57
0	2
0	13
0	13
0	2
13	360
0	360
1	348
0	356
0	358
3	0
170	167
8	6
0	167
0	17
2	1
0	11
0	0
0	0
0	0
0	0
0	0
0	0
0	0
0	0
19	675
4	672
27	59
101	77
11	19
0	58
5	16
0	15
0	0
0	0
0	0
0	0
0	0
1	0
198	345
2	123
13	222
52	61
4	61
0	3
0	3
0	0
0	1
0	1
0	1
3	0
0	0
5	139
2	1
6	119
4	0
0	120
4	29
0	138
0	0
2	100
0	18
0	11
0	96
0	0
0	0
0	0
0	144
9	184
0	54
13	104
21	101
0	29
0	164
0	140
0	55
1	66
24	0
0	0
0	0
0	0
0	0
0	0
0	0
0	0
4	1
0	1
0	1
0	0
0	262
4	407
0	409
0	388
0	409
0	382
8	20
0	120
0	88
0	15
0	15
0	409
0	3
0	3
1577	0
0	0
0	0
33	3
2	0
0	1
0	3
4	3
102	131
0	21
0	14
0	33
0	36
8	70
3	50
0	49
2	17
0	9
0	16
0	20
0	20
0	7
0	3
0	5
0	2
0	0
0	0
0	0
0	0
0	0
0	0
0	65
204	74
0	14
0	7
1	10
0	3
1	7
0	3
0	7
0	2
0	0
0	200
21	219
0	5
4	9
0	4
1	103
0	81
9	29
0	0
0	0
0	0
0	0
0	0
1	0
0	0
12	37
0	19
0	37
0	0
0	7
0	9
2	2
0	4
0	0
0	0
0	0
0	0
0	0
0	0
26	331
0	283
0	82
0	40
0	39
14	57
9	71
1	15
110	430
0	145
0	74
0	357
0	85
4	127
1	56
0	14
0	21
0	19
0	8
0	0
0	0
0	0
0	0
0	0
0	0
9	214
1	33
0	181
117	43
0	33
0	146
1	103
3	140
5	130
0	105
121	397
25	0
0	397
3	315
0	351
0	137
0	414
4	0
0	81
44	17
0	404
0	0
2	43
1	47
1	47
14	36
144	254
8	254
3	76
2	76
2	29
0	2
0	3
0	3
0	3
0	0
0	0
0	0
0	0
0	0
0	102
0	110
1	45
0	11
0	2
2	3
142	0
0	0
1	0
0	77
60	77
3	27
0	100
0	58
1	68
0	42
0	11
55	34
11	34
0	1
0	1
53	148
0	146
0	8
0	0
0	0
0	0
1	0
0	1
0	1
0	10
0	11
0	11
0	11
0	4
0	0
0	0
0	0
0	0
0	680
0	519
0	39
0	55
8	38
0	54
2	237
0	222
0	38
10	180
0	130
0	47
16	2
1	46
0	678
0	0
0	0
0	0
31	33
11	33
0	12
2	0
0	0
0	0
0	0
0	0
0	0
14	7
3	1
3	6
3	186
0	186
1	186
0	106
14	7
0	129
1	24
0	93
8	100
0	77
13	114
0	41
0	0
0	0
0	0
0	121
0	6
0	87
0	105
2	13
0	84
0	0
0	0
0	0
0	35
0	35
663	2499
10	704
5	693
4	1150
1	925
0	0
0	0
0	0
0	0
0	0
0	0
0	0
0	0
0	0
0	55
0	57
13	25
11	35
0	57
0	54
0	17
0	57
0	54
0	0
6	62
0	38
0	62
0	18
0	33
0	1
0	1
0	0
0	0
0	0
0	0
212	62
0	54
1	60
2	0
0	77
0	41
0	74
1	64
0	16
0	77
3	6
149	87
1	58
0	18
4	29
0	0
0	0
0	0
0	0
0	393
0	206
3	187
0	382
0	101
0	0
0	0
0	0
0	0
38	463
0	200
3	191
0	162
0	161
0	154
0	211
0	226
8	139
0	0
6	340
0	315
0	201
0	282
2	23
0	336
0	310
0	966
4	221
3	221
0	24
0	4
0	112
0	103
0	103
0	9
0	110
0	103
0	1
0	0
7	46
92	305
0	158
0	178
0	211
0	251
0	129
11	150
0	56
0	12
2	208
3	203
0	91
1	0
1	4
8	22
0	0
1	764
8	761
0	25
22	3
0	5
3	5
15	5
0	5
0	0
0	0
0	0
0	0
0	0
7	6
0	6
0	6
0	4
0	4
0	116
0	200
0	216
0	216
7	81
0	219
0	35
0	35
0	219
0	219
0	99
0	218
2	199
0	46
3	147
2	219
72	531
13	42
22	133
0	396
1	240
4	24
1	224
0	0
87	14
0	14
0	0
0	0
0	0
0	0
0	0
0	0
0	0
0	0
0	0
0	0
0	0
0	73
1	20
0	77
0	59
0	73
0	13
0	59
0	2
2	16
1	4
494	0
0	0
0	0
0	0
0	0
0	0
0	0
0	0
64	0
3	0
0	67
3	4
2	6
0	0
0	1
4	67
2	0
0	0
0	26
0	28
0	28
4	1
0	28
0	10
0	2
0	38
0	38
0	41
0	1
0	2
0	0
0	3
0	3
0	3
85	168
9	38
2	134
0	79
3	52
1	3
1	78
0	51
0	49
0	31
0	24
0	10
0	78
8	0
159	326
0	322
0	31
0	4
0	541
0	526
0	533
0	548
1	26
0	44
0	27
0	42
0	159
0	89
0	235
0	64
0	66
0	131
0	0
0	0
2	179
0	143
2	157
0	73
0	60
1	48
2	100
35	587
0	548
28	100
11	40
30	104
1	100
49	7
0	0
0	0
0	0
0	0
0	0
0	0
14	250
5	213
0	37
0	250
1	24
0	250
1	20
0	8
0	0
16	1
1	1
0	4
0	4
2	0
0	1
0	0
0	1
0	0
0	1
0	0
0	18
45	18
0	0
0	0
11	1495
0	1485
11	200
5	701
402	355
0	158
3	92
6	1
0	215
0	49
0	119
0	215
10	10
0	14
0	0
0	0
0	0
0	0
45	15
0	15
0	11
0	1
0	1
0	0
0	0
0	0
8	12
2	12
0	8
0	0
0	0
0	0
0	0
0	0
0	0
0	0
0	13
0	8
0	10
0	9
0	0
0	0
0	0
8	73
16	30
0	173
0	163
1	145
4	13
0	34
0	1102
0	1185
5	203
0	83
3	726
0	619
0	78
13	100
35	73
0	153
843	141
0	141
5	80
4	0
0	76
7	48
0	75
0	19
1	13
0	13
9	9
0	18
0	14
12	9
0	703
6	698
0	699
0	696
0	164
0	62
0	28
1	0
0	0
0	3
0	418
1	433
0	5
4	427
0	54
0	240
0	434
37	26
0	37
0	25
0	17
0	45
0	14
0	16
0	0
0	0
0	0
0	0
5	3
0	3
0	0
12	421
8	428
0	224
4	102
4	44
3	224
0	104
0	150
0	90
6	1
0	0
0	0
0	1
0	106
0	111
0	111
0	25
9	34
0	64
0	51
227	89
6	81
0	20
4	37
9	100
0	109
1	31
0	3
0	2
1	20
1	5
0	8
0	8
3	2
0	100
0	3
0	4
2	3
0	0
0	3
0	4
0	1
0	4
0	0
0	0
0	0
2	0
0	0
0	0
55	174
2	166
3	70
0	76
0	160
1	150
5	8
0	2
0	2
0	2
0	7
0	7
0	7
0	0
0	0
0	0
0	0
0	5
0	0
0	0
0	340
0	322
0	291
92	31
0	325
49	107
1	36
1	14
1	11
111	69
1	55
1	51
2	13
0	2
0	0
0	0
0	2
0	0
0	0
0	0
0	535
0	537
0	709
22	690
0	699
0	393
0	323
0	322
2	54
58	188
0	0
0	0
1	57
68	58
0	50
3	42
0	37
1	51
6	45
0	49
0	26
0	28
1	19
0	2
0	10
2	15
1	11
0	1
0	1
0	3
4	0
6	0
0	0
0	3
0	3
0	2
0	3
0	0
0	3
0	3
0	3
0	3
0	3
0	3
9	7
0	1
0	7
0	5
0	4
0	2
8	90
5	10
1	68
0	71
0	37
0	37
0	11
0	11
0	0
0	0
0	0
0	0
6	371
139	371
25	151
1	467
0	426
0	421
0	431
0	308
4	261
0	0
0	25
0	23
3	26
0	11
0	18
0	8
0	14
0	16
8	0
8	3
0	0
9	0
0	0
0	0
53	0
0	3
0	3
0	1
0	0
0	0
0	315
0	316
2	332
35	0
0	0
0	0
0	0
0	2
0	2
0	2
0	0
0	0
0	0
0	0
0	0
67	0
0	0
0	0
0	0
0	0
0	0
1	0
0	0
0	0
0	0
0	0
0	0
0	0
0	0
0	0
0	0
1	98
0	96
1	4
0	94
9	69
0	7
0	18
7	153
7	153
0	6
0	0
0	0
508	129
0	3
6	63
31	63
12	0
0	0
7	490
0	506
0	294
3	181
1	100
0	0
0	0
0	0
0	0
0	0
0	84
0	84
0	63
0	19
0	84
56	164
0	150
0	120
0	162
0	48
3	22
0	107
0	34
4	4
0	25
0	0
0	0
0	0
0	0
0	0
0	0
0	0
0	0
0	79
0	75
3	79
0	7
0	34
0	533
0	804
255	902
0	76
1	616
0	826
3	55
1	196
2	175
2	60
2	29
6	130
0	146
3	271
6	60
0	112
0	67
5	57
0	3
1	0
0	0
0	0
78	22
29	22
6	407
0	407
0	354
0	149
0	130
0	18
0	66
0	0
4	3
0	3
2	3
0	0
0	1
0	1
0	0
0	0
0	1
0	1
0	0
5	150
5	65
0	36
0	11
2	73
0	0
0	0
0	0
0	0
0	0
0	0
0	0
0	0
21	2
0	2
0	0
0	0
0	0
0	0
0	0
4	34
0	32
7	22
0	22
13	23
0	23
28	19
29	237
0	237
0	120
0	39
0	83
0	67
0	60
56	16
0	15
4	12
0	12
0	0
85	492
0	492
22	9
16	43833
6068	43773
2	43786
1	9501
0	5307
0	2152
3	1666
2	930
2	29223
0	0
0	0
0	31
0	177
0	23
2	10
0	10
5	84
1	18
5	0
0	0
0	0
3	1
0	1
19	50
20	33
0	33
0	47
2	22
5	49
0	10
0	19
0	22
0	50
1130	645
1	430
1	153
0	0
0	0
12	113
0	44
26	114
1	106
0	34
17	336
247	336
0	36
0	36
0	0
33	41
0	7
0	9
0	2
2	17
3	9
3	2522
0	2190
0	1813
0	2438
0	1112
0	2099
2	828
0	206
0	43
0	36
0	30
0	7
0	44
0	0
0	0
0	0
0	0
0	0
0	0
0	24
0	24
0	24
0	4
0	4
0	3
0	0
9	105
0	105
10	80
6	80
0	25
0	323
0	184
0	273
2	11
5	257
0	37
0	53
0	0
0	0
0	0
0	1
0	1
0	1
0	1
0	6
9	17
0	13
0	0
0	1
613	125
2	125
23	13
5	1
0	3
0	3
0	0
1	79
0	78
1	66
0	27
0	33
0	46
0	25
0	18
1	37
1	19
0	18
0	18
0	22
0	0
0	0
0	0
0	0
0	0
0	0
0	0
0	0
0	0
0	0
0	0
0	0
0	0
0	0
0	0
10	131
135	128
0	2
0	2
0	0
0	0
0	0
9	596
0	386
17	582
51	145
44	346
1	78
8	12
0	162
4	76
0	76
0	66
19	71
1	20
0	0
0	0
0	0
0	0
0	0
0	0
0	0
305	191
5	118
0	86
1	98
0	42
0	11
0	82
2	85
0	22
9	17
0	3
0	13
0	10
0	12
1	10
1	3
0	4
0	31
0	0
0	0
0	0
0	0
0	0
0	0
0	0
0	0
0	0
0	0
0	0
0	0
0	0
0	0
0	0
0	0
0	0
0	0
0	0
0	0
74	0
0	0
5	94
1	94
0	87
0	0
0	0
0	0
0	0
0	0
0	0
0	0
0	338
0	331
1	3
0	80
0	22
0	43
0	51
0	98
0	21
0	324
39	76
0	327
0	320
0	327
0	0
0	0
2	0
0	0
0	0
0	0
0	0
0	0
1	0
0	0
0	438
1	434
0	180
3	57
3	7
0	19
0	436
6	191
25	588
0	561
0	48
0	83
0	100
2	49
132	379
7	38
2	341
2	145
0	163
0	89
0	417
0	442
0	409
0	408
0	227
0	66
0	233
0	14
0	411
0	1426
1	1381
10	363
0	961
2	0
130	0
0	14
0	8
0	14
20	0
0	0
1	0
0	0
20	252
99	65
17	252
6	19
28	202
0	187
0	0
0	0
0	0
0	22
0	14
0	17
2	12
0	23
0	25
0	20
2	25
3	24
0	7
1	5
0	9
5	14
0	1
0	0
151	182
140	60
1	60
0	0
0	0
0	0
0	0
0	0
0	0
0	3173
46	3096
0	2390
9	546
0	471
0	406
12	402
0	570
8	63
0	3139
0	7
0	22
12	40
0	40
0	42
0	5
0	5
0	4
0	5
0	4
0	0
0	0
17	87
3	11
0	1023
0	1014
0	1007
9	1004
0	936
2	13
0	404
1	0
1	37
15	13
14	123
0	73
0	0
0	0
1	0
0	0
0	79
5	79
0	3
0	0
0	0
0	0
0	0
0	0
1	359
0	316
10	352
0	296
5	65
0	0
151	337
0	375
0	335
1	297
0	262
0	163
0	286
0	237
0	240
0	249
0	115
25	164
1	56
0	62
0	17
0	320
0	12
0	0
0	0
0	0
0	0
0	0
0	0
0	0
0	0
0	82
210	162
0	175
0	186
10	12
0	20
1	4
412	196
0	196
281	250
0	244
0	7
0	1
0	1
0	0
9	477
0	578
1	219
0	19
0	0
0	0
0	0
0	0
0	0
0	0
0	17
0	17
0	0
0	0
0	0
0	0
0	0
0	0
0	0
23	0
5	97
0	97
0	4
0	97
0	155
7	88
15	110
15	41
0	76
0	74
3	36
0	1
16	1
0	1
1	1
0	1
0	0
0	0
0	0
0	0
0	0
0	0
0	0
0	0
0	0
0	0
0	425
102	529
0	452
0	295
0	0
0	0
0	0
0	0
2	0
121	26
3	4
0	11
13	4
6	2
5	12
0	3
0	0
0	4
0	0
0	0
0	0
0	0
0	4
0	0
0	0
0	0
0	2
0	11
0	8
0	4
0	8
0	8
0	7
0	10
0	1465
0	749
0	34
0	10
0	145
0	75
0	20
0	40
0	802
0	182
0	397
0	345
2	331
0	739
1	171
0	936
1	189
0	233
0	238
0	663
0	615
0	650
0	414
0	673
0	471
3	278
0	135
0	1220
0	1224
1	1183
0	113
1	106
0	111
0	92
1	17
2	21
0	18
0	56
0	5
0	9
0	0
0	17
2	6
0	231
0	75
0	209
6	73
3	88
0	33
0	15
0	5
0	233
82	43
0	43
0	45
8	43
2	51
40	350
10	248
1	350
0	72
6	112
1	19
0	37
0	37
0	0
0	0
0	0
0	0
0	0
0	0
0	0
0	89
0	89
0	6
0	97
0	94
0	97
0	43
0	102
3	19
2	41
0	56
1	55
0	81
0	87
0	100
0	71
2	11
6	85
0	89
4	2
0	21
0	19
0	27
0	45
0	12
0	12
0	30
5	0
0	13
6	0
301	302
0	294
6	14
5	73
12	158
0	10
1	103
0	11
0	582
6	543
0	567
0	379
3	411
1	125
3	66
1	105
1	174
7	48
3	101
0	83
0	42
0	27
27	53
95	55
0	49
3	42
0	48
11	18
0	168
1	64
0	56
2	152
0	120
0	143
0	137
1	19
0	3
4	135
0	0
0	0
0	0
0	0
0	0
0	0
0	0
0	0
0	0
0	0
0	0
0	0
0	0
0	0
0	0
0	0
0	0
0	0
0	0
0	0
82	43
1	43
0	0
0	0
0	0
69	0
0	0
0	0
0	0
76	190
0	87
0	126
0	44
2	22
0	15
8	22
0	42
10	11
1	73
4	4
0	42
0	4
2	4
1	0
0	1
1	10
4	8
3	4
1	4
0	23
0	23
0	35
0	4
0	0
0	6
1	33
0	9
0	27
0	0
82	2121
16	2111
0	1190
0	665
84	359
0	0
100	31
2	5
0	31
0	255
4	153
2	179
0	184
3	17
4	24
0	13
0	259
0	0
30	93
0	90
0	85
6	38
0	38
0	20
0	0
0	16
0	17
0	1
0	3
0	16
0	0
0	1
0	0
0	0
0	0
0	0
0	0
0	2
0	4
0	0
0	17
0	0
0	0
0	0
0	0
0	0
75	649
6	555
0	28
3	105
6	240
0	158
2	11
0	155
14	53
7	34
9	1838
0	2052
0	1765
64	1832
0	1462
13	183
20	32
0	295
3	387
2	145
7	268
58	0
12	81
0	81
16	71
0	75
415	577
0	340
0	3
0	526
0	328
0	6
0	4
2	30
0	14
0	20
0	35
0	0
0	0
1	0
0	0
0	0
0	0
0	0
0	0
0	0
21	714
0	714
0	714
0	206
2	214
0	217
0	219
0	36
1	128
0	4
6	80
1	1
0	28
1	390
0	343
0	363
8	38
0	356
1	33
227	241
0	239
0	0
0	2
0	0
0	0
0	0
0	0
0	0
0	0
0	0
0	0
0	0
0	0
0	0
0	0
0	0
7	133
0	7
0	3
0	86
0	122
0	0
6	1
0	496
5	496
2	61
0	79
2	74
2	15
0	11
0	496
1	82
0	20
0	91
0	34
0	59
0	444
8	444
1	319
7	44
0	31
0	37
0	24
0	45
1	4
24	0
0	0
0	0
0	0
0	0
0	0
590	0
0	0
5	2622
3	2544
0	2425
0	2263
0	614
0	2158
0	116
5	211
10	274
0	597
4	382
1	378
2	570
0	202
10	229
0	1
0	1
0	1
0	0
0	1
0	1
0	0
0	0
0	0
0	0
0	0
0	0
0	0
0	0
0	0
0	0
0	1
0	1
0	1
0	1
0	0
0	3
0	3
0	0
0	0
6	131
0	18
2	13
0	131
0	0
0	0
0	0
0	0
0	42
0	71
0	31
0	83
0	23
0	54
18	51
0	2
0	2
0	2
0	0
0	2
0	0
19	46
0	17
0	9
0	17
8	34
0	29
0	0
0	0
0	0
0	0
0	0
0	0
0	18
0	18
0	130
425	210
0	6
34	82
275	622
0	133
0	297
0	65
0	211
2	170
0	526
0	413
3	151
0	0
0	0
2	4
0	12
9	11
0	6
5	193
10	18
0	19
0	193
0	0
0	0
0	0
0	0
0	0
0	157
0	0
0	0
0	0
17	8
2	1
0	4
0	3
0	2
0	2
423	6
0	0
0	0
0	105
0	10
0	33
2	50
2	57
13	59
0	102
0	10
0	59
0	10
1	17
0	8
0	24
0	0
0	157
0	113
0	157
2	86
4	157
0	113
0	113
2	0
113	0
0	0
0	0
0	0
0	303
0	266
0	324
57	322
0	89
0	66
0	57
0	126
11	36
0	149
0	141
0	39
1	20
1	18
0	0
0	0
0	4
0	4
0	2
0	2
0	2
0	2
0	0
0	0
0	0
0	0
0	2
0	0
0	2
0	0
16	1
4	1
3	47
2	1
0	45
0	38
0	0
0	0
0	0
0	0
0	0
0	0
0	0
0	0
0	0
0	0
0	0
0	0
0	0
0	0
0	0
138	168
0	50
8	50
7	5
0	0
0	2
0	5
0	0
0	0
0	3
0	0
0	1
0	169
0	13
0	67
0	67
0	21
0	1
0	58
5	9
0	4
0	13
0	14
97	10
2	3
0	7
0	50
3	91
1	12
0	114
0	257
0	24
8	36
0	252
0	22
0	33
6	103
1785	391
0	391
10	45
4	45
1	2
0	10762
6	9545
8	3033
4	175
2	5482
3	9527
2	4069
0	4295
9	106
0	196
7	26
0	131
1	66
3	0
0	36
1	25
0	45
1	0
0	0
0	0
0	0
0	0
0	0
0	0
0	0
0	0
0	0
0	0
0	0
0	0
0	0
0	0
0	0
0	0
0	0
1	3
21	3
0	0
0	0
0	0
0	0
0	0
0	0
9	16
0	78
11	76
0	0
0	23
3	12
2	12
0	0
0	0
0	0
0	0
7	2
0	2
0	1
0	2
0	0
0	0
4	99
2	99
0	0
10	88
0	93
0	89
0	6
0	11
0	5
1	5
0	35
0	30
0	22
0	19
78	284
0	29
0	273
3	11
0	1
0	1
0	1
0	0
0	0
0	0
0	0
4	0
0	0
0	0
0	0
0	0
0	358
0	368
1	358
3	358
0	46
0	0
0	0
5	2
0	2
0	0
0	0
0	0
0	1432
364	1417
0	1117
0	2012
0	2336
0	1400
19	672
0	30
25	17
3	17
0	7
0	9
0	17
0	26
0	167
1	129
39	89
0	52
5	39
2	171
0	153
10	164
0	165
5	150
0	164
0	115
0	0
0	0
0	0
9	1604
7	1588
7	54
3	102
0	210
0	180
0	0
0	248
0	256
4	253
0	668
0	2
0	641
63	60
0	2
1	5
0	39
1	14
6	32
32	21
0	36
0	0
0	0
0	0
0	0
1	0
0	0
0	0
0	0
0	0
0	0
0	0
0	0
0	0
0	0
0	0
0	0
0	0
0	0
0	0
0	0
0	0
0	0
0	0
0	0
0	0
0	0
0	0
79	0
23	34
0	21
0	30
0	7
0	8
0	0
50	34
0	26
5	20
0	20
0	0
0	0
0	0
0	0
0	0
0	0
0	0
0	74
0	87
0	10
0	83
7	8
0	24
0	0
0	0
5	190
0	182
3	108
5	379
0	296
0	293
0	0
0	0
0	0
80	61
0	0
43	72
0	27
3	45
2	4
0	0
0	0
0	0
0	0
0	0
0	0
0	0
0	0
0	0
239	115
7	115
7	12
0	1
0	1
0	0
0	0
1	0
2	0
0	0
0	1
5	48
1	0
4	55
0	48
0	11
0	10
0	5
0	7
0	12
0	9
0	29
15	30
0	14
5	6
1	6
0	21
33	34
1	2
1	34
0	23
1	0
0	0
0	0
1	0
0	0
0	0
0	0
0	0
0	0
0	0
11	185
0	173
0	190
0	90
19	15
1	128
24	141
0	70
2	61
0	33
0	5
11	1
0	1
0	0
0	0
0	0
0	0
0	0
0	0
11	110
0	107
1	3
49	331
7	6
2	22
0	39
0	187
0	88
0	215
0	249
0	220
0	134
0	142
5	2
0	1
0	0
0	1
0	0
0	0
0	0
0	0
0	0
0	138
0	139
3	125
0	86
0	14
1	8
0	23
0	18
0	9
0	0
0	0
19	0
0	0
0	0
0	2
0	2
0	0
0	0
0	0
0	0
0	0
0	0
0	0
0	0
0	0
0	0
0	0
0	0
0	0
0	0
1	0
0	0
0	142
0	72
16	127
0	79
275	27
0	59
5	142
22	51
4	51
0	51
3	2
0	0
0	2
0	2
82	2
0	7
9	7
0	0
0	0
0	0
0	0
0	0
7	0
0	0
0	0
0	0
0	0
0	0
0	0
0	53
5	9
5	4
15	87
0	80
7	8
0	33
0	0
0	0
0	0
5	2
0	2
0	0
0	56
0	55
0	57
0	55
0	49
5	10
0	4
0	57
0	0
0	0
0	0
0	0
3	7
0	7
0	0
0	0
0	0
0	0
0	0
0	0
0	0
0	0
0	0
0	0
0	0
0	0
0	0
0	0
0	0
0	0
0	0
2	298
14	298
0	271
2	37
16	0
9	225
0	225
0	205
9	7
0	1009
0	99
0	952
1	72
4	57
0	105
0	108
0	190
1	207
25	14
0	8
1	5
0	11
0	6
1	3
0	0
0	0
0	0
0	0
0	0
0	0
0	0
0	11
0	11
0	5
0	5
0	9
0	3
0	4
0	8
0	8
0	5
0	1
0	1
0	11
0	0
0	0
491	0
50	42
0	42
0	583
0	8
0	11
0	14
0	6
0	22
0	20
0	50
1	15
0	16
0	23
0	594
3	20
9	34
0	6
3	30
0	20
3	18
0	0
0	0
8	430
3	436
1	2
9	17
2	121
0	317
16	0
0	0
21	8
0	4
0	4
0	2
0	0
0	0
0	0
0	93
45	75
2	94
0	91
0	11
0	22
1	7
0	6
0	0
0	0
0	0
0	0
2	0
0	0
0	0
33	0
0	0
0	0
0	0
0	0
0	0
0	0
0	0
0	0
118	0
0	46
45	47
7	4
3	44
0	44
0	46
0	0
0	0
0	0
0	0
0	0
0	0
0	0
0	0
0	368
7	377
0	109
0	348
0	359
0	379
0	374
8	30
0	36
3	0
0	220
0	25
15	235
0	36
0	63
0	54
0	103
0	88
0	359
0	0
0	0
0	0
0	0
0	0
0	0
0	0
0	0
0	0
0	200
25	56
0	26
9	164
16	0
1	203
7	226
11	127
0	205
4	46
0	0
0	0
0	52
0	17
0	0
0	0
0	0
0	0
0	0
0	0
0	0
0	0
0	0
0	0
2	360
0	488
11	102
0	378
0	378
0	376
0	325
0	292
0	110
1	488
0	0
0	0
0	0
0	0
0	2
0	9
0	9
0	2
0	2
0	2
0	2
0	0
0	0
0	6
0	0
0	13
0	55
0	56
0	56
1	44
2	23
0	30
0	0
0	0
0	0
0	0
0	0
0	0
0	0
0	0
0	0
0	0
0	0
0	0
0	0
15	196
0	196
0	198
0	4
0	0
0	0
142	4145
16	3431
0	1022
0	598
14	997
0	3953
0	2050
3	2240
19	3159
3	489
15	755
63	810
0	545
1	199
1	75
0	75
0	0
0	0
587	323
2	142
10	87
11	17
2	24
0	51
11	12
1	31
0	88
0	0
0	0
0	0
622	0
27	38
0	38
0	89
0	18
0	0
0	0
0	0
0	0
0	0
0	0
0	132
0	127
9	14
0	22
0	7
1	26
3	31
0	9
0	3
0	4
0	1
0	1
0	0
0	0
0	1
0	0
0	3
0	0
0	0
0	0
0	0
0	0
0	0
184	209
3	209
0	0
0	0
0	0
0	0
0	0
0	0
0	0
1186	741
0	739
8	0
5	38
7	34
0	18
0	0
0	0
1	0
1	0
0	0
0	0
8	156
5	83
6	37
0	73
0	103
0	139
46	152
0	158
1	105
0	152
0	203
429	349
0	393
0	0
2	0
22	506
52	523
8	224
14	21
11	549
0	516
0	534
0	523
0	137
301	759
4	480
0	154
0	204
1	43
0	27
0	124
0	0
0	0
1	0
1	0
0	1
0	0
0	0
0	0
0	0
0	0
0	0
0	1
2	0
0	0
0	0
0	0
0	0
0	0
0	11
0	0
0	0
0	0
0	0
0	0
0	0
0	111
0	143
0	119
1	15
0	149
0	117
5	0
0	25
0	202
0	202
0	119
1	202
0	0
0	0
0	0
0	0
0	0
0	0
0	0
0	157
0	157
17	150
150	44
0	44
0	972
132	983
0	154
31	986
1	975
0	989
0	143
0	911
0	0
0	0
0	0
0	0
36	699
29	363
6	487
2	43
1	328
0	259
0	4
2	114
0	0
0	0
0	0
0	0
0	0
0	5
15	309
0	66
16	309
0	0
0	0
0	0
0	0
0	0
0	2
0	0
0	0
0	0
67	703
0	691
0	136
0	602
0	395
0	221
0	138
0	161
54	40
5	37
0	0
0	0
0	0
0	0
0	0
0	0
0	0
0	0
0	0
0	0
0	0
1	2
0	0
0	0
0	0
0	0
0	225
0	192
0	69
0	216
0	167
3	80
5	5
5	39
0	40
8	218
2	24
0	171
13	32
0	28
0	12
0	4
1	1
0	1
8	5
3	1
0	0
0	0
0	0
0	0
0	0
0	0
0	0
1	0
0	0
0	0
0	3
0	3
0	1235
2	1233
0	203
2	0
0	0
0	0
0	0
0	0
0	0
0	0
0	57
0	48
0	57
0	8
1	54
3	56
0	21
0	1
243	43
84	120
2	120
0	358
5	361
0	0
1	4
0	3
0	1
0	0
0	3
0	0
0	0
0	0
0	0
0	0
0	0
0	0
0	0
0	154
0	158
0	149
0	72
0	114
0	120
0	120
256	0
6	211
0	269
0	267
1	258
0	215
0	268
1	178
1	28
55	119
0	119
12	79
31	97
0	75
0	19
0	0
0	0
0	0
0	0
0	0
0	0
0	0
0	0
0	0
0	0
0	0
0	0
0	0
0	0
36	0
0	0
0	0
0	0
1	0
118	83
0	83
0	0
0	0
0	0
0	0
43	706
0	16
13	5
0	0
0	103
0	532
3	145
0	11
1	11
2	3
0	0
0	0
1	234
0	0
23	39
0	31
0	24
7	11
0	11
0	9
0	0
0	0
0	115
473	457
0	21
0	26
0	32
0	388
6	69
17	0
0	0
2	0
0	246
0	260
0	268
0	241
0	136
0	65
0	32
10	123
0	43
0	99
0	83
17	32
0	46
0	0
0	0
0	0
0	0
0	3
6	3
10	63
0	0
18	7
0	0
0	7
0	0
0	0
0	0
0	0
0	0
0	52
0	47
2	47
0	21
0	21
0	0
0	0
0	0
0	0
0	0
0	0
0	0
0	0
0	0
0	0
0	79
0	79
0	81
0	52
2	0
2	15
0	16
1	7
3	0
0	0
0	0
0	0
0	0
2	0
0	0
0	0
0	23
38	105
0	38
10	34
0	58
7	9
3	21
3	27
0	25
0	21
2	10
0	19
0	23
0	10
0	19
1	0
0	13
0	0
0	0
0	0
0	0
0	0
0	0
0	0
0	0
0	0
0	0
0	5
0	5
0	3
0	3
0	0
79	207
3	133
5	125
4	80
0	0
0	0
0	0
0	0
0	0
0	0
0	0
0	0
0	0
0	0
0	0
0	11
0	11
0	11
0	0
0	0
2	0
0	3
0	3
0	0
0	0
0	0
0	0
0	0
0	6
216	400
10	51
0	98
0	65
0	266
2	70
2	302
0	97
3	20
2	0
0	0
0	2
0	4
0	4
0	3
0	2
0	2
0	2
0	2
0	0
0	4
0	2403
9	2403
1	392
15	72
0	633
0	458
0	387
0	0
0	0
0	0
0	0
0	0
0	0
0	0
0	0
0	0
0	0
0	2
0	2
0	0
0	0
126	284
1	139
0	101
0	102
0	102
191	0
0	0
0	0
0	0
0	227
0	181
5	81
0	33
1	40
0	25
20	165
38	50
1	46
0	10
0	25
0	0
0	17
0	0
0	0
0	0
0	0
0	0
0	1
0	17
0	0
0	0
0	0
0	0
0	0
0	0
91	138
0	113
1	39
0	22
0	30
1	11
0	22
0	12
4	13
4	0
0	0
0	0
0	0
0	61
0	59
0	25
0	27
0	22
0	17
0	14
0	11
0	7
2	7
0	0
5	603
6	603
0	39
10	102
0	22
0	23
0	19
0	3
6	0
0	0
2	57
0	56
0	30
0	4
4	0
7	59
0	57
2	5
0	2
0	1
2	5
0	0
0	6
0	4
0	0
0	0
0	0
0	0
1	0
1	0
28	0
0	0
0	0
0	2
0	2
0	2
0	2
3	1
0	1
0	1
0	1
0	0
0	0
0	0
90	196
3	54
0	36
0	129
0	169
147	29
0	29
0	17
0	0
3	29
0	16
0	0
0	21
0	8
94	1503
1	1406
0	1348
18	1177
53	187
23	14
19	44
1	443
5	41
2	139
3	33
0	37
3	42
0	0
0	0
0	0
0	0
0	0
0	0
0	0
0	2
0	0
0	2
0	29
14	4
0	2
0	3
1	0
0	113
0	31
0	0
0	0
0	0
0	0
0	0
0	0
377	9
11	11
17	8
0	1
0	1
0	1
0	0
0	5
0	6
2	7
0	5
0	4
0	0
0	0
0	0
178	77
1	77
1	202
0	17
0	6
0	202
1	3348
5	23
0	29
21	137
5	108
0	40
0	46
0	15
0	29
48	60
0	16
0	52
0	17
0	4
1	17
2	4
0	1
1	2
2	0
8	0
11	0
1	0
0	0
2	0
0	0
0	0
0	0
0	0
0	0
0	0
0	0
1	0
0	175
28	175
0	164
0	0
0	0
1	1364
0	2092
1	790
2	2054
2	1871
7	298
1	563
0	2
0	7
1	32
0	31
0	31
2	7
0	32
0	3
1	1
0	1
0	24
0	0
0	1
0	1
0	23
0	221
0	65
31	1
0	202
0	1
2	18
0	57
0	0
0	0
4	105
0	75
0	97
0	52
4	17
4	44
0	46
0	262
0	262
0	262
3	27
2	79
0	53
0	0
6	28
0	0
0	0
0	0
0	0
0	0
0	0
0	0
0	0
0	0
0	0
0	0
406	0
17	212
0	208
4	142
0	9
0	12
1	21
0	22
0	0
0	0
32	138
0	800
0	226
0	33
0	50
0	34
0	62
0	583
0	37
4	4
0	42
0	5
1	66
0	29
0	0
3	0
0	0
0	0
0	0
0	0
0	0
0	0
0	145
1	28
1	43
2	72
0	145
5	17
0	42
0	38
0	32
4	4
0	56
0	146
0	0
0	0
103	0
0	19
4	112
0	11
5	89
1	75
0	24
0	18
0	17
5	24
0	24
0	0
0	0
0	6
0	6
0	6
0	6
0	6
0	6
0	0
1	0
0	0
0	0
0	0
0	0
0	0
0	0
0	0
0	0
0	0
0	0
0	6
6	4
0	4
0	0
0	0
0	0
204	0
0	0
0	0
0	0
0	2
0	0
0	0
0	2
0	51
0	56
0	56
0	12
0	0
0	1
36	202
1	144
1	10
0	12
5	0
2	2
5	66
4	0
0	0
0	0
0	0
0	195
0	63
3	101
0	91
0	30
0	4
0	52
0	184
0	30
1	23
0	0
0	0
0	0
0	0
5	49
0	26
0	19
5	23
0	7
1	96
0	73
1	12
0	92
0	88
0	33
0	10
1	14
0	0
0	0
0	0
0	14
27	19
0	10
0	18
0	2
0	3
0	2
1	66
0	62
1	52
0	9
2	1
0	0
5	157
0	157
0	157
2	9
0	9
0	9
0	9
2	5
0	5
0	3
0	0
6	6
0	0
0	3
0	0
0	0
0	0
0	3
0	0
0	0
0	0
0	0
0	0
0	0
0	52
0	44
2	2
0	18
0	18
0	15
1	12
0	41
0	33
0	30
0	0
15	241
3	215
23	56
2	25
13	4
0	4
395	572
0	136
0	343
13	395
3	41
3	20
3	26
0	0
0	149
5	148
15	117
1	4
145	413
0	413
0	0
0	0
0	0
0	0
0	2
0	2
0	1
0	0
0	0
0	0
0	0
0	0
0	0
0	0
0	0
0	0
0	0
0	0
0	984
0	932
1	67
0	61
2	898
3	78
0	65
0	145
5	101
4	30
0	51
3	84
2	58
0	120
0	119
0	26
5	44
0	7
5	30
0	30
110	216
18	216
0	4
0	0
0	0
0	4
0	0
0	4
1	198
0	198
6	74
0	29
0	28
0	28
0	26
0	27
0	26
0	5
1	3
0	0
0	29
185	496
0	235
0	145
4	140
1	141
42	72
2	35
23	115
0	115
1	115
1	0
3	469
51	210
14	463
6	44
15	72
14	187
11	45
50	49
0	624
0	629
1	108
13	123
0	80
1	17
1	77
0	391
0	0
0	0
0	73
1	73
0	27
0	0
0	0
112	9
0	2
0	453
0	451
836	453
2	172
0	0
0	0
0	0
103	904
0	904
2	30
0	31
0	50
0	421
0	28
0	69
0	0
0	0
0	0
0	1
0	3
0	3
1	1
0	3
0	3
0	3
0	0
0	0
154	4
221	236
0	192
0	52
0	0
0	0
0	0
0	0
135	50
0	49
0	1
0	0
0	0
0	0
47	773
0	758
3	768
0	82
0	318
6	1
0	0
0	1
0	0
0	0
0	0
0	0
0	0
0	0
0	0
0	369
16	370
0	34
1	31
1	17
0	35
0	17
1	13
13	121
0	0
0	78
18	339
1	309
71	229
0	234
0	141
3	46
0	0
0	0
0	0
0	0
0	0
0	0
355	1
1	1
0	0
0	127
2	19
0	125
0	100
0	1
0	100
0	98
2	38
0	17
2	3
0	125
0	0
0	0
0	1
0	1
0	1
0	0
0	0
0	0
0	0
0	0
0	0
0	0
0	0
0	0
0	43
0	37
0	3
0	12
0	47
167	47
0	47
0	0
13	0
152	35
7	35
97	21
3	21
2	2
0	15
7	15
0	27
0	65
0	49
0	9
0	20
0	30
0	31
1	34
7	41
0	4
0	4
0	4
0	0
32	118
0	118
0	22
0	0
0	0
0	158
4	72
0	72
0	134
5	12
1	119
0	149
23	178
0	13
0	8
0	164
0	38
0	56
1	146
0	18
0	168
0	158
2	22
3	120
0	109
10	8
9	0
0	35
2	49
0	10
0	1
2	1
0	161
0	0
0	0
0	0
0	0
0	51
0	51
0	51
0	15
0	2
0	51
1	24
0	21
2	1
0	16
0	118
1	108
0	406
0	406
0	22
0	22
0	12
0	2
0	2
0	0
0	0
0	0
0	0
0	0
0	0
0	0
0	0
0	0
0	0
0	0
0	0
0	0
0	0
0	7
0	7
0	3
7	7
633	7
0	0
0	0
1	46
7	51
0	15
0	51
0	16
0	13
4	4
1	4
7	0
0	0
0	1
0	0
5	0
0	0
0	0
0	0
0	0
0	0
0	0
0	0
0	0
0	0
0	0
0	0
0	0
0	0
0	0
0	0
0	0
0	0
0	0
0	0
0	0
0	7
0	6
0	6
0	14
0	1
0	9
0	14
0	6
0	9
0	13
0	6
0	9
0	9
0	6
0	1
0	14
0	15
0	14
0	15
0	6
2	14
0	5
0	6
0	6
0	7
0	8
0	2
0	2
0	5
2	5
0	5
0	5
0	0
1	8
0	7
1	0
0	14
0	13
0	15
245	0
0	0
0	0
0	0
0	0
0	0
0	0
0	0
0	0
0	0
11	1
0	1
0	0
0	401
8	400
3	378
6	5
1	36
4	98
0	44
1	0
0	0
0	0
0	0
0	0
0	0
0	0
0	0
0	0
6	0
0	0
0	0
0	0
1	1
0	0
4	957
0	1089
0	1089
5	278
7	31
1	203
0	1089
0	0
0	0
0	0
0	0
89	20
0	20
0	11
0	0
0	0
0	0
7	42
0	5
0	1
0	6
0	5
0	3
0	0
0	0
0	2
0	0
0	26
3	58
0	59
0	0
0	0
0	0
0	0
0	0
0	0
0	0
0	106
0	96
0	102
1	51
41	110
0	14
0	0
0	0
0	0
2	0
0	0
0	0
0	358
8	449
0	194
5	79
3	43
0	330
64	79
0	38
0	36
0	37
3	21
0	3
0	0
0	0
0	0
0	0
0	0
0	0
0	0
0	0
120	85
0	85
0	0
0	0
0	0
0	0
0	0
181	79
0	21
0	49
0	31
0	13
0	39
0	42
8	0
0	0
0	0
0	0
106	26
1	9
2	15
0	2
0	0
0	0
0	0
424	335
0	44
2	54
2	50
11	174
0	78
297	150
0	103
0	35
1	15
0	12
0	0
2	0
0	0
0	27
1	968
2	597
4	10
1	60
1	36
3	3
1	50
4	125
0	96
5	988
0	0
0	0
0	0
0	0
0	0
0	4
0	18
0	59
0	14
0	28
0	28
0	31
0	44
0	6
1	23
0	12
3	28
0	1
0	0
0	4
0	18
4	15
0	1
0	84
0	70
0	82
2	2
0	11
0	0
0	0
0	0
0	0
0	0
0	0
0	0
0	0
0	0
3	58
0	15
0	4
0	47
0	2
0	66
2	44
0	680
1	768
0	283
0	27
3	849
0	20
4	232
9	815
1	104
4	53
2	51
0	526
0	144
21	53
1	23
0	30
0	1661
22	1651
0	1653
5	102
0	1582
0	153
5	9
0	3
0	3
0	3
0	0
0	0
0	0
0	145
0	183
1	63
2	37
0	61
0	51
0	36
3	83
0	0
19	723
1	20
35	364
5	744
0	65
0	724
0	0
0	0
0	0
0	0
0	0
0	0
0	0
0	0
0	0
0	0
0	0
236	0
0	0
6	103
114	1043
3	1035
6	20
3	372
33	284
0	5
0	145
0	65
5	151
0	17
0	115
0	22
5	12
0	0
0	11
0	11
0	5
0	2
0	11
0	2
0	0
0	0
0	11
72	35
20	14
0	6
0	3
2	25
0	3
2	9
0	0
0	0
0	0
0	0
0	0
0	0
67	225
0	264
0	257
3	229
0	209
0	236
1	268
0	187
0	273
0	167
0	75
0	266
0	0
0	0
0	0
23	228
14	187
6	39
0	15
0	17
0	28
0	19
0	33
0	45
0	0
0	0
0	0
0	0
0	0
0	0
0	0
0	0
0	0
0	0
0	0
0	0
0	0
254	19
0	19
0	0
0	0
0	0
0	0
0	0
0	0
0	0
0	0
0	0
0	0
0	1
0	1
0	1
0	0
0	0
0	0
0	0
0	0
0	0
0	0
0	0
0	28
0	28
0	0
0	0
23	33
2	33
0	0
0	0
0	0
0	0
0	0
0	0
0	0
11	625
0	379
3	35
5	33
0	628
0	0
0	0
0	0
0	0
0	0
0	0
0	0
0	0
0	0
0	0
0	0
0	8
0	8
0	0
0	0
0	8
0	0
0	0
0	0
0	0
0	0
0	0
0	0
0	0
0	0
0	0
0	0
0	0
0	0
0	2
0	2
0	0
0	0
0	0
0	0
0	0
0	0
0	0
0	0
0	0
1	0
619	3877
0	3742
21	3375
20	105
31	4
0	4
0	0
0	0
0	0
0	0
0	0
0	72
0	50
41	75
0	0
0	0
0	0
0	0
0	0
0	1
10	1
1	5
0	5
0	0
2	130
2	130
1	41
0	17
9	0
0	0
0	0
0	0
0	0
0	0
0	0
0	0
0	0
0	0
0	0
29	131
1	43
2	131
26	906
1	345
0	629
0	240
14	113
0	312
0	154
28	2
0	0
0	0
0	0
0	0
0	4
0	4
1	158
0	85
0	156
0	151
0	69
0	39
0	6
3	0
0	0
0	0
0	0
0	0
0	0
0	49
0	45
0	49
0	13
0	45
4	39
0	2
0	2
0	6
0	3
0	9
0	9
0	3
0	3
0	45
0	41
23	34
2	34
0	1
0	1
0	0
1	1095
0	1157
22	226
3	270
0	256
0	211
38	265
8	191
78	52
116	331
0	189
0	239
0	318
0	355
0	0
0	0
0	0
0	0
0	0
0	0
0	0
1285	887
1	0
47	883
1	519
3	902
30	902
0	119
0	873
37	256
0	700
0	703
0	586
21	390
0	590
0	530
0	430
12	156
2	186
162	136
0	121
0	6
9	5
4	1
0	0
0	1
0	2
0	0
0	0
52	16
0	2
0	0
0	16
0	0
1	0
1	1
0	1
0	0
0	0
0	2
0	0
0	0
0	15
0	15
0	16
1	0
0	0
0	0
0	0
0	2897
3	1077
4	32
13	39
18	453
32	378
3	362
26	46
0	1
56	401
2	183
0	11
15	3
0	2897
1	0
0	0
0	0
0	0
0	0
72	39
0	34
0	0
0	0
0	23
28	0
0	0
5	0
0	0
0	2
0	2
9	0
0	0
0	1
0	1
1	1
0	1
0	1
0	1
0	0
0	0
0	0
0	0
0	0
0	0
0	5
1	5
0	6
0	6
0	5
0	7
0	7
0	9
0	6
0	3
0	5
0	7
0	4
0	6
0	4
0	3
0	1
0	0
0	5
962	1082
47	1082
0	20
4	88
0	0
0	0
0	0
0	0
0	0
0	0
0	0
0	0
0	0
639	60
6	102
1	1234
0	8
0	33
0	75
0	29
0	55
11	78
0	68
0	56
0	31
0	28
0	0
0	0
193	0
0	0
0	0
0	0
0	0
0	0
0	0
0	0
0	0
1	0
0	0
0	0
0	0
0	0
0	109
0	144
8	167
2	98
0	136
0	142
0	0
0	0
0	0
0	5
0	5
0	0
0	3
45	816
0	814
7	17
0	589
0	704
3	1
0	65
0	0
0	22
0	13
0	18
0	23
0	21
0	23
3	0
1	0
3	2
0	22
0	23
0	23
0	81
0	71
6	62
0	45
3	79
0	79
1	71
0	0
0	0
11	123
0	121
0	40
0	4
0	4
0	10
0	1
59	36
0	1
0	21
0	12
321	184
0	74
0	179
0	31
0	0
3	0
0	0
0	0
0	0
0	0
0	0
29	43
0	90
1	11
0	12
0	112
0	38
0	78
2	0
0	8
0	12
1	6
8	12
1	0
0	0
0	0
0	0
0	0
0	0
0	39
0	39
0	15
0	0
0	0
0	0
0	0
0	0
0	0
0	0
0	0
0	0
0	0
0	0
0	0
0	0
0	0
0	0
0	0
0	0
336	455
0	303
0	131
7	15
2	97
5	0
0	0
0	0
0	0
0	0
0	0
0	0
0	58
1	53
59	59
0	3
4	40
0	30
0	30
0	8
0	3
0	15
10	15
0	7
0	0
2	86
0	0
0	87
4	24
0	88
3	74
0	9
0	25
0	53
0	35
1	382
0	398
0	398
0	380
6	12
0	6
0	166
0	45
0	10
2	241
0	243
0	186
14	74
0	45
0	48
9	19
4	102
9	2
0	102
0	0
0	0
1	0
0	0
0	1
0	0
0	0
2	0
1	0
0	0
0	0
0	0
1	0
0	0
0	0
48	0
4	21
0	32
57	113
0	31
0	13
0	13
0	45
0	25
0	34
0	11
0	0
0	0
1	85
41	577
1	529
0	27
0	334
0	58
0	396
0	237
0	352
0	7
0	141
0	243
610	158
3	3
0	155
0	36
0	0
0	19
0	0
0	4
0	0
0	14
0	0
0	39
3	2
0	9
3	18
0	0
0	20
0	40
1	3
0	29
0	36
0	30
5	11
0	10
0	1
0	10
0	12
0	4
1	1
1	394
380	442
0	407
18	66
1	114
3	58
0	95
2	72
0	39
0	40
2	45
1148	565
45	560
35	462
15	96
0	459
15	470
0	462
13	375
0	30
1	120
0	57
0	29
246	328
0	105
0	50
0	207
270	276
13	276
1	118
5	87
0	0
0	0
0	0
0	0
0	0
0	0
0	0
0	6
1	5
0	6
3	1
0	0
0	0
0	0
0	0
0	0
0	0
0	0
0	0
0	831
0	801
0	81
0	103
0	91
3	26
1	104
0	105
0	88
0	94
5	56
0	18
4	61
0	811
0	832
0	0
0	0
0	0
0	0
0	0
0	0
0	0
0	8
0	8
0	3
0	7
0	7
0	7
0	1
0	1
0	5
1	50
4	50
0	14
2163	1006
0	996
2	765
0	377
0	387
2	690
1	0
0	0
0	0
0	22
0	22
0	20
0	17
0	0
0	22
1	240
1	234
0	238
18	82
3	80
90	36
1	36
0	1
0	1
0	0
0	1
0	0
0	0
0	52
162	132
0	132
0	111
0	73
2	49
0	50
0	47
2	46
0	2
1	2
1	2
0	2
1	0
0	0
0	0
0	0
0	0
0	0
0	0
0	0
0	0
0	0
0	0
0	0
0	0
0	0
0	0
0	0
0	0
0	0
0	0
0	0
9	0
0	0
0	0
0	0
60	1407
10	119
1	75
3	21
2	1395
0	73
19	49
0	90
0	46
0	0
1	0
0	0
0	0
666	350
0	0
0	0
0	286
1	216
0	283
0	190
0	54
0	112
0	286
0	18
1	76
1	89
6	63
0	31
1	15
2	19
0	5
0	8
0	11
0	7
2	11
0	6
0	5
103	52
2	29
3	24
3	47
4	0
0	5
0	25
0	44
0	19
0	19
0	14
0	39
0	28
0	39
0	44
0	80
0	174
2	186
0	13
34	23
0	318
6	302
0	314
1	20
6	38
1	29
1	0
25	58
4	45
0	48
1	0
0	0
5	4
0	33
0	32
0	8
0	33
0	31
0	21
0	33
0	27
0	31
0	29
0	10
0	29
0	31
1	1
0	35
0	37
0	3
0	10
0	0
0	17
0	105
0	90
0	54
0	16
3	7
0	7
0	11
0	0
1	9
1	9
0	0
324	232
2	19
0	228
0	0
42	987
12	4
4	987
0	0
0	0
0	0
0	0
0	0
0	0
0	0
0	0
0	5
0	9
0	9
8	5
24	549
0	551
0	105
0	100
4	33
0	0
0	0
0	0
0	0
0	0
0	0
0	0
0	0
0	0
0	0
581	70
2	45
1	17
11	18
1	366
0	370
0	322
0	317
0	46
0	27
3	73
8	59
3	57
0	0
0	0
0	0
0	0
0	1
0	0
0	1
0	0
0	0
0	0
0	0
0	0
1316	0
290	131
1	12
8	50
0	102
0	79
0	28
0	10
0	2
0	1
0	2
0	0
0	0
0	0
0	0
0	0
0	0
0	0
0	6
0	6
0	4
0	4
8	0
130	0
23	3
0	0
0	0
0	0
0	0
0	0
0	0
0	0
0	0
0	0
27	244
18	268
2	310
3	82
5	115
9	61
7	28
53	325
14	323
7	116
6	120
1	10
0	0
0	0
0	0
0	0
0	0
0	0
0	0
0	0
0	0
0	1505
0	2355
0	3159
0	1983
1	6070
41	638
1	4682
3	1821
0	4752
0	2172
0	1698
9	139
3	138
0	0
0	0
35	0
0	570
102	581
0	20
0	302
0	553
0	19
1	49
0	508
0	498
0	551
0	525
0	533
0	532
0	550
0	566
0	321
8	26
0	0
0	0
87	182
0	181
0	18
3	21
1	583
20	481
6	548
129	563
4	75
0	72
0	64
1	57
0	0
0	0
0	0
0	0
0	0
0	0
0	0
0	0
0	0
0	0
0	0
0	0
0	4
0	4
0	4
0	2
0	1
0	0
0	0
0	4
0	0
0	0
0	0
0	0
0	0
0	0
0	0
0	0
0	0
350	0
0	0
0	0
0	0
0	0
0	0
0	0
0	0
0	0
0	0
1	0
2	201
0	35
3	191
9	3
0	26
0	29
1	13
1	16
0	9
1	62
0	20
13	7
1	5
0	201
0	0
0	0
0	0
0	0
0	0
0	13
0	84
1	84
38	116
0	97
0	67
0	83
0	72
0	102
0	44
1	0
0	5
0	0
155	2088
0	2088
92	66
0	28
0	17
0	4
0	9
1	31
0	12
0	0
0	1
0	12
0	2
0	81
0	34
0	32
5	73
0	50
1	19
1	17
3	51
8	85
3	80
0	16
9	1
11	32
0	0
0	0
0	0
0	1
0	0
0	0
0	0
0	1
0	0
0	8
6	8
0	0
0	0
0	0
0	0
0	0
0	0
0	0
0	0
25	0
407	0
0	0
0	137
0	125
1	38
3	11
0	27
0	18
0	13
0	4
0	409
38	409
0	0
1	0
0	0
0	0
0	0
0	0
0	0
0	0
0	0
0	0
0	0
0	0
0	6
4	6
0	0
0	0
0	0
0	0
0	0
0	185
528	185
5	120
0	0
0	0
0	0
158	0
0	3
0	3
0	3
0	3
0	3
0	0
0	0
0	0
0	0
0	0
0	0
0	0
0	0
0	0
0	9
0	51
0	0
0	14
0	0
0	60
0	48
0	48
0	14
0	3
0	9
0	33
0	0
0	60
0	0
0	0
0	0
0	0
0	66
6	53
0	22
19	66
0	0
0	0
0	0
0	0
0	1
0	1
0	1
0	0
0	0
0	0
0	0
0	0
0	0
0	0
0	0
0	0
0	0
0	0
0	0
0	0
0	0
0	0
764	0
45	54
0	52
0	51
0	36
0	14
0	9
0	8
0	0
0	0
0	0
0	0
0	0
0	0
0	0
0	0
0	0
0	0
0	16
0	27
0	0
0	27
0	22
0	26
0	0
0	0
0	0
0	0
0	0
0	0
0	0
522	97
108	97
0	33
1	3
1	0
0	7
0	33
1	0
0	0
2	0
2	183
0	19
0	113
7	53
0	16
2	20
0	0
0	0
0	95
0	108
0	98
0	95
0	83
0	97
0	100
0	79
2	77
0	73
0	32
0	17
4	0
0	9
10	3
0	0
0	0
0	0
0	0
0	0
77	62
1	62
0	0
0	0
0	96
0	105
0	97
0	96
0	12
1	88
5	2
6	78
0	3
0	1
5	23
0	10
1	6
0	18
6	11
0	107
0	105
0	0
0	0
0	0
6	0
0	0
0	120
4	120
0	84
0	23
0	8
0	0
0	0
0	0
0	0
0	0
1	6
0	31
9	83
1	37
2	18
0	78
0	14
0	0
0	0
0	0
0	108
0	103
0	103
0	98
2	29
5	98
0	105
0	98
0	7
0	6
0	18
4	3
2	27
47	36
0	9
2	6
0	14
0	4
0	4
0	11
0	0
0	0
0	0
0	0
0	0
0	0
0	0
0	0
0	0
0	0
0	0
0	0
0	0
0	0
0	0
0	0
4	1642
0	1451
22	617
0	239
1	74
0	1633
0	1552
1	0
16	24
0	24
0	0
0	0
0	0
2	13
0	13
0	49
0	49
0	49
0	52
0	13
0	12
1	7
0	1
0	1
8	18
0	5
0	3
0	0
0	109
1	103
0	103
0	109
0	0
254	110
0	110
1	916
6	857
3	892
2	861
0	149
2	123
10	25
0	151
0	775
0	0
1	0
0	0
0	0
0	0
0	0
0	0
0	0
0	0
0	0
0	0
9	55
0	51
7	33
0	6
3	1
0	2
27	74
0	15
0	74
0	22
0	1
0	1
0	0
0	0
0	0
0	0
0	0
0	0
1	3
0	3
0	3
0	0
0	60
0	58
0	52
0	44
0	45
0	45
0	28
0	13
0	61
0	0
0	0
0	0
0	0
0	9
0	0
0	2
0	5
0	5
0	0
0	3
0	3
0	7
0	0
0	7
0	0
0	0
0	0
0	0
32	22
3	28
0	1
0	1
0	0
0	0
0	0
0	0
0	0
0	59
1	73
0	74
0	22
0	10
0	29
0	9
11	0
4	0
0	3
0	0
0	3
0	3
0	0
0	0
0	0
0	0
0	0
0	0
0	0
0	0
0	0
0	0
13	197
8	197
6	25
3	36
0	63
0	26
2	15
7	25
14	1
3	23
0	29
0	29
57	57
1	115
0	70
0	50
7	2
0	1
1	63
0	18
359	18
0	279
1	266
0	266
0	212
0	275
0	271
0	268
0	264
0	37
0	18
1	218
1	0
0	41
0	9
1	45
0	83
2	0
0	16
0	19
0	19
0	17
0	9
0	21
0	17
0	17
1	1
0	283
0	272
204	141
3	111
5	29
0	0
0	0
0	0
0	0
0	0
0	0
0	115
0	80
9	32
1	15
2	38
4	36
0	19
0	16
0	17
10	2
7	3
12	30
2	46
1	36
0	0
0	0
0	0
0	0
0	0
0	166
0	18
0	119
534	193
17	65
170	134
0	92
4	101
2	122
573	0
0	0
0	0
0	0
3	6
286	6
4	1
0	0
0	1
0	0
0	19
0	65
0	9
0	10
2	65
0	0
0	0
0	0
23	0
40	364
3	15
6	299
1	47
0	12
0	214
0	152
0	295
0	253
0	298
37	41
1	23
0	3
0	3
0	0
0	2
1	16
0	0
0	0
25	12
0	13
1	0
0	0
0	0
0	0
0	0
0	0
0	0
0	0
0	0
0	0
0	0
0	0
0	0
0	2
0	0
0	0
0	0
0	2
131	34
0	12
0	3
2	12
0	31
88	40
3	39
3	24
0	0
0	0
0	0
0	0
0	0
0	0
0	0
0	0
0	0
0	0
14	124
0	22
3	106
2	5
0	98
0	18
0	15
1	12
0	5
0	2
0	0
0	0
0	0
0	0
0	0
0	0
0	0
0	0
0	0
36	0
2	66
0	26
0	7
0	66
0	16
0	16
1	4
0	4
0	0
0	0
0	0
0	11
62	104
2	75
4	68
0	0
0	0
0	0
0	0
0	0
0	0
0	0
0	0
0	0
0	0
0	0
0	0
0	0
0	0
0	499
928	757
0	254
0	133
0	0
0	0
0	0
0	0
0	0
11	253
3	40
0	253
0	0
0	0
0	0
0	0
55	62
16	9
0	49
0	4
0	14
0	16
2	16
0	14
5	15
0	7
0	0
0	0
0	0
0	0
0	0
35	4154
13	3567
1	4112
36	3884
550	376
12	0
0	376
0	4
26	3
243	131
9	95
1	122
0	77
1	0
0	878
0	874
0	97
4	26
1	165
0	48
2	61
0	2
2	0
0	2
0	2
1	0
0	0
0	0
0	0
0	0
0	0
7	226
3	94
21	207
0	127
0	21
42	61
3	15
0	0
0	0
0	122
3	122
9	133
0	126
0	127
0	133
1	28
0	25
6	6
0	45
0	25
2	26
0	28
2	270
0	182
23	126
0	221
2	0
0	205
10	0
0	0
0	0
0	0
0	0
47	60
1	60
3	9
0	0
0	0
0	0
0	120
0	332
0	318
0	270
0	305
0	262
0	43
1	205
0	223
0	64
0	240
1	36
9	4
16	57
0	310
431	456
13	199
0	148
0	9
23	96
2	162
1	142
0	0
1	3
0	2
0	0
0	0
0	0
0	0
0	0
3	0
0	0
0	0
7	124
1	0
0	0
0	29
0	101
0	0
0	0
0	0
0	0
0	0
0	0
0	0
0	6
0	0
0	0
0	6
0	0
0	0
0	0
0	0
19	15
3	15
0	0
0	0
0	0
0	0
0	0
0	0
0	0
0	0
0	0
0	0
0	0
0	0
0	0
0	0
0	0
0	0
0	0
0	0
0	0
0	0
0	0
0	0
0	0
0	0
0	0
0	0
0	0
0	0
0	0
0	0
0	0
0	0
0	0
0	0
2	870
24	841
0	303
5	32
0	97
0	44
0	39
0	26
0	3
0	1
0	0
0	0
0	2
5	128
15	313
2	298
30	170
6	16
32	158
1	52
14	21
7	39
0	39
5	4
0	1
0	1
0	0
0	0
0	0
0	1
0	0
0	1
7	127
176	260
10	260
0	0
0	0
0	576
0	620
1	478
0	1
0	1
0	1
0	0
0	0
0	1
0	2
0	1
0	1
0	2
0	1
0	1
0	2
0	0
0	0
0	0
0	1
0	1
84	134
1	24
3	117
5	33
1	9
18	0
31	0
0	1
0	1
0	1
0	1
0	1
0	1
0	1
0	1
899	458
1	129
3	142
1	254
2	201
711	1074
1	861
0	213
0	0
0	0
0	0
0	0
0	0
0	0
0	0
0	0
0	0
0	0
0	0
0	0
2	1256
1	1151
0	418
0	85
0	0
0	0
0	0
0	0
0	0
0	0
0	0
13	424
5	419
3	90
19	0
2	406
7	406
249	0
0	0
0	0
0	0
0	0
35	382
0	99
2	90
0	224
0	233
0	232
0	1717
16	1671
0	1717
0	0
0	0
6	0
5	331
37	331
171	331
41	223
31	10
0	0
0	2
0	2
0	0
0	0
0	242
80	242
10	3657
1	3658
3	3252
0	318
5	1259
26	50
2	519
0	14
96	26
2	24
15	0
10666	0
0	0
0	1
0	1
0	1
0	1
0	1
0	1
0	1
0	0
0	1
0	1
0	0
0	0
0	0
0	0
0	0
0	6
1	0
0	0
0	0
0	0
0	0
0	0
0	0
160	51
0	51
0	4
0	1
0	3
4	1681
37	1161
6	52
2	0
0	0
0	6
17	127
0	116
0	11
3	11
0	2
51	8
0	15
0	13
0	3
0	0
0	1
0	0
3	3
0	1
0	3
0	0
0	2
8	8
0	8
0	5
0	5
0	3
0	0
0	7
210	34
0	3
0	12
0	11
0	7
2	1
0	1
0	1
0	0
0	0
0	0
0	0
0	0
0	0
0	0
0	0
0	0
0	0
0	0
274	2
2	0
0	47
2	52
0	42
0	55
5	3
0	8
5	8
0	8
0	6
0	2
0	2
0	1
0	178
3	101
0	193
1	89
0	118
0	38
0	0
0	0
0	53
0	53
0	42
15	51
0	38
1	16
3	48
6	39
0	23
0	10
0	8
0	12
11	16
0	16
0	8
0	6
0	6
8	8
0	7
0	8
0	6
0	0
0	0
0	0
3	4
0	10
0	3
0	5
0	16
0	0
0	0
0	0
0	35
0	0
0	0
0	0
0	0
0	0
0	0
0	0
0	0
0	0
0	0
0	0
0	0
14	64
0	29
0	51
0	15
0	20
0	6
0	18
0	3
0	14
0	16
0	17
0	6
0	6
0	0
0	3
0	3
0	2
0	0
0	0
0	0
0	0
0	0
0	0
0	0
0	0
0	0
0	0
0	0
0	0
0	0
0	0
31	28
15	14
0	14
0	0
0	0
18	0
1	89
0	9
2	69
0	85
0	0
0	140
0	139
0	97
0	96
4	9
0	4
2	0
0	54
0	0
0	0
0	0
2	0
3	62
0	51
0	229
0	258
1	164
0	758
0	57
7	479
0	4
0	175
0	22
0	32
7	213
0	199
0	198
1	21
0	15
0	14
2	68
5	28
0	26
2	5
0	768
0	0
0	0
0	0
0	0
0	0
0	0
0	0
0	0
0	0
0	0
0	0
0	0
0	0
0	0
0	0
107	88
19	7
2	3
2	38
0	52
0	0
0	0
0	0
0	0
0	0
2	439
21	107
2	202
0	138
0	206
0	188
3	303
2	48
0	2
0	12
0	12
2	15
0	7
361	575
2	361
0	481
0	137
0	391
0	150
0	0
3743	1076
1	716
0	360
0	1
0	1
0	1
0	2
0	1
0	0
0	1
0	2
0	0
0	0
0	0
0	0
0	0
0	0
11	35
5	22
0	18
64	120
10	1392
1	92
5	128
17	724
0	1347
42	334
0	1135
8	49
3	268
52	19
0	532
3	24
0	1398
0	0
0	0
0	0
0	0
0	0
0	0
0	0
0	0
0	0
0	0
0	0
0	0
0	0
0	0
1	31
17	78
0	78
4	24
19	348
0	289
0	358
0	186
0	327
0	129
23	177
10	150
0	331
0	0
0	0
0	0
0	0
0	4
0	4
0	4
0	4
0	4
0	1
0	0
0	1
0	0
0	0
0	156
0	3
0	129
0	108
9	104
0	128
0	13
2	1
0	8
0	82
10	10
0	15
0	8
3	7
0	156
0	128
0	128
0	0
0	0
0	0
0	0
0	0
0	0
0	0
0	841
0	2116
0	829
0	1972
0	2061
0	943
0	1931
0	477
0	423
0	516
0	782
0	1911
0	666
1	405
0	752
0	1886
0	698
5	133
0	133
0	50
0	6
0	5
1	6
0	3
0	21
0	7
0	24
1	0
0	24
0	21
0	1
4	1
0	0
0	0
1	1040
20	1040
0	3
22	19
0	7
0	21
0	15
0	14
0	14
0	395
0	457
0	509
0	945
36	1101
9	154
2	463
0	0
0	111
17	945
388	1445
0	1045
54	15
0	217
0	0
0	50
0	69
0	110
0	100
1	247
3	17
0	63
0	64
0	6
0	0
0	65
51	54
1	41
2	12
0	5
0	5
0	5
0	0
0	124
0	24
113	124
1	24
1	16
0	14
0	1
0	1
0	1
0	1
0	0
0	1
0	5
0	6
0	6
0	4
0	1
0	1
0	0
95	113
2	78
1	0
11	1
0	104
1	9
4	2
2	0
46	25
0	8
8	3
0	0
0	14
0	128
0	4
0	128
0	3
0	4
0	9
0	4
0	15
14	71
1	67
9	70
1	19
0	7
14	6
1	14
2	13
0	2
0	252
0	231
17	2681
0	346
16	2490
0	1189
0	1369
0	2440
0	2671
0	2684
15	8103
0	7997
0	1455
1	476
0	803
0	425
0	582
3	0
24	169
32	158
0	90
0	58
31	55
0	3
0	3
0	3
0	0
0	0
0	0
0	68
0	63
0	0
0	12
0	7
0	0
108	538
2	332
0	142
0	187
0	206
56	123
0	123
0	129
6	25
0	69
0	66
0	5
0	0
0	0
0	0
0	0
0	0
0	0
3	0
0	0
33	587
0	33
0	31
0	62
0	44
5	81
1	111
0	197
5	69
56	76
0	76
0	25
0	587
0	41
2	41
3	8
0	2
0	6
0	1
0	1
0	146
0	117
0	140
3	64
8	75
1	3
2	71
0	7
0	53
3	70
1	4
6	37
0	45
0	0
0	0
0	0
0	33
0	33
0	17
0	33
0	32
0	30
0	16
0	0
0	0
0	0
0	0
103	265
22	158
0	242
3	13
1	51
0	43
0	37
0	99
0	34
0	0
0	0
0	0
0	0
0	0
0	0
0	0
0	0
0	0
0	0
0	0
0	0
0	0
0	0
0	1
0	0
0	1
0	21
0	35
140	42
0	0
0	7
0	0
3	7
2	7
0	0
0	0
0	34
0	141
0	141
0	34
0	60
0	141
0	60
1	138
4	163
16	53
0	139
0	54
0	37
0	0
0	0
1	0
2	0
0	0
0	0
0	0
0	0
0	0
0	0
0	0
25	53
9	53
2	1
0	32
0	720
0	714
2	582
0	460
4	57
0	46
0	0
0	4
0	0
0	0
0	4
0	4
0	3
0	4
0	0
0	3
0	1
0	1
0	0
0	2
0	1
0	1
0	0
0	0
0	0
0	0
0	0
0	0
0	0
0	0
0	0
0	0
44	188
1	186
0	192
8	27
3	192
0	157
0	2
1	24
0	24
0	24
0	0
0	0
0	0
1	0
0	0
0	0
0	0
5	0
0	0
0	0
1	0
0	0
0	0
0	0
0	0
0	0
15	0
0	0
9	5
0	1
2	468
0	503
0	461
0	0
19	352
0	316
3	347
15	64
0	20
0	36
1	99
1	17
0	0
0	0
1	0
0	0
0	0
0	0
0	0
0	0
0	3
0	0
0	1
0	3
0	0
0	0
0	3
17	279
0	51
0	279
0	0
0	0
0	0
0	0
0	0
0	0
0	0
0	0
0	0
0	0
0	0
0	0
0	0
0	0
0	0
0	0
0	0
283	218
113	202
0	120
0	203
0	0
0	0
0	1
0	1
0	0
0	0
0	0
0	0
0	0
6	256
16	48
0	56
0	57
2	14
0	276
115	329
0	310
0	304
2	57
1	35
1	87
0	29
0	25
3	57
0	57
1	35
0	42
0	46
2	2
4	56
0	51
0	0
7	204
0	205
0	65
0	22
0	70
0	48
0	6
0	0
0	0
0	0
0	0
0	0
0	0
0	0
0	0
0	29
211	29
18	2
0	2
0	0
0	2
2	2
0	1
0	0
0	0
0	0
0	0
1	0
0	0
0	0
0	0
0	0
0	0
0	0
15	0
0	0
9	28
0	0
0	0
0	0
0	0
0	0
0	19
1	19
0	0
0	0
0	0
0	0
0	0
0	0
0	0
0	0
0	0
0	0
0	0
0	63
0	27
0	52
0	1
1	0
0	18
0	63
3	430
0	497
0	339
0	505
0	434
0	241
0	149
15	166
5	66
12	24
10	0
0	0
0	14
0	1
0	12
0	12
0	8
0	8
0	6
0	1
0	0
0	0
0	0
0	0
0	0
0	0
0	0
0	0
0	0
0	0
0	0
0	0
0	0
40	591
1	575
2	600
1	600
0	368
1	132
7	94
0	105
0	79
2	76
1	49
0	42
0	598
0	0
0	0
0	0
0	0
12	115
3	39
6	0
0	106
1	12
0	18
3	12
1	9
0	0
0	0
0	0
8	30
0	26
0	28
0	27
0	3
0	17
0	1
0	0
0	0
0	0
0	0
0	0
0	0
0	0
0	0
0	0
0	0
0	0
0	0
0	0
0	64
3	62
6	50
0	50
3	22
0	2
0	25
0	38
112	165
66	29
13	135
20	30
0	86
10	135
14	63
0	190
1	190
0	128
0	26
0	2
0	8
0	11
0	23
0	8
0	0
0	0
0	0
0	0
0	0
0	0
0	0
0	0
0	0
0	5
2	132
1	127
0	22
0	0
1	108
1	28
0	2
0	61
2	43
7	521
1	521
46	188
60	54
0	55
0	0
0	0
71	5
3	5
0	0
0	735
0	166
0	202
0	70
0	90
0	96
40	7
0	733
0	486
0	460
0	477
0	828
0	789
0	490
0	351
0	675
4	89
3	59
0	110
10	171
11	71
41	178
0	106
0	82
0	42
3	25
2	18
27	67
0	36
1	55
1	105
35	38
2	21
0	490
4	0
0	0
1	126
0	115
0	14
6	0
0	1
0	2
0	1
1	1
0	0
0	3
4	17
1	15
0	12
1	2
0	5
0	5
0	3
0	2
0	0
0	0
4	29
0	28
0	29
0	25
0	0
0	0
0	0
0	0
0	0
0	0
0	0
0	0
316	479
0	479
1	202
6	183
0	147
0	1
0	59
0	65
0	70
0	67
0	67
1	62
0	181
0	176
6	38
0	115
7	44
7	181
0	35
18	1
0	33
0	38
0	17
0	22
0	0
0	16
29	42
0	1
0	41
8	22
21	1
0	8
0	0
0	0
0	0
0	16
0	19
0	19
0	15
0	5
0	5
0	9
1	7
0	15
0	10
0	8
0	10
0	8
0	4
0	22
58	85
0	19
19	0
0	75
0	0
0	13
0	13
1	1053
9	335
0	148
7	55
8	122
13	640
0	84
76	288
0	22
10	77
0	19
0	24
9	33
0	37
0	9
7	5
0	5
14	0
0	353
0	335
0	380
0	287
6	58
0	322
3	139
3	88
0	173
1	145
0	107
0	118
0	51
0	23
0	0
0	403
0	182
0	258
0	151
0	2
24	146
0	0
2	0
14	16
5	0
18	0
0	16
503	37
0	37
1	0
0	0
0	0
0	0
0	0
0	0
0	0
0	3
0	0
0	0
0	0
0	3
0	3
0	0
0	0
0	0
0	0
0	0
0	0
0	0
0	0
0	0
0	0
0	0
0	0
0	0
0	0
0	0
0	0
0	0
0	0
0	0
1	0
0	3
0	3
0	1
79	305
9	201
0	134
0	102
0	60
3	3
0	6
0	2
0	4
0	6
2	280
0	181
0	265
28	334
0	331
0	243
1	0
0	64
20	62
0	49
0	190
1	341
0	177
24	72
15	68
0	41
0	55
2	61
4	15
7	1
0	331
0	241
11	241
0	9
0	34
1	43
0	29
0	0
4	56
2	35
0	38
0	3
0	3
0	3
0	0
0	0
0	102
1	103
0	101
0	38
0	22
1	1
0	1
0	1
0	1
0	1
0	0
0	0
0	0
2	16
1	16
0	0
0	0
0	0
1	0
6	0
0	0
0	5
0	1
0	1
0	0
0	0
1	0
0	5
0	0
0	0
0	0
0	0
0	0
0	0
302	365
9	185
1	214
0	0
0	0
0	0
0	0
0	0
0	0
0	0
0	0
0	0
0	0
0	14
0	14
3	0
0	4
52	19
2	19
0	0
0	47
9	47
0	3
411	4101
16	4082
13	2790
0	1
0	7
0	162
0	6
0	88
0	76
0	32
20	37
14	2
6	11
0	162
54	42
1	18
0	0
0	24
63	0
0	0
0	0
2	12
2	13
0	12
0	13
0	0
0	7
0	2
0	3
0	0
6	26
0	23
0	25
0	21
0	1
0	1
0	0
0	248
64	236
0	64
0	10
0	53
0	251
0	203
0	196
0	107
0	103
2	147
0	157
2	152
0	24
0	11
0	97
0	100
0	47
0	50
0	23
0	16
0	14
0	15
0	19
1	21
0	10
0	9
0	8
0	75
0	63
34	75
1	127
0	155
9	152
1	23
0	0
0	0
2	86
2	39
0	78
0	56
1	32
0	33
0	25
0	17
2	138
46	111
0	28
0	78
16	0
0	22
0	24
0	10
647	0
2	247
0	238
0	85
0	43
0	65
0	66
8	37
1	7
0	3
18	98
35	75
0	82
7	94
0	0
69	85
0	77
0	8
0	34
422	286
5	286
0	3
0	0
0	4
0	4
0	1
0	11
0	0
0	0
0	0
0	0
0	0
0	0
0	0
0	0
0	0
0	0
0	0
0	0
0	0
0	0
0	0
0	0
0	0
0	1
4	219
0	214
0	84
5	62
0	19
0	69
0	19
0	29
0	10
0	8
22	0
1	0
0	0
0	0
0	0
231	21
0	1
0	0
0	0
0	2
0	2
0	2
0	8
0	5
0	3
10	2
0	0
0	0
0	0
0	10
0	6
0	6
0	3
0	3
0	3
0	3
0	2
0	10
0	1
0	7
0	7
0	1
0	0
0	4
0	0
0	0
0	1
0	0
0	1
0	1
0	1
0	7
0	7
62	92
0	92
0	12
0	48
0	0
0	0
0	0
0	0
1	430
3	217
0	430
2	263
0	144
2	206
22	20
0	0
0	0
0	0
0	0
0	0
0	23
0	3
0	23
0	11
0	0
2	0
0	0
0	0
79	164
0	0
0	0
0	0
0	0
0	0
0	0
0	23
0	58
0	59
0	63
0	37
0	52
0	36
0	0
0	0
0	0
0	0
0	0
0	0
0	0
0	0
55	8
0	8
0	0
0	0
0	0
0	38
11	39
0	3
0	6
2	346
0	76
0	345
0	356
0	315
2	280
0	244
0	257
0	60
0	65
4	57
8	25
0	97
0	14
0	52
3	0
0	312
0	340
0	278
0	0
0	0
0	0
0	0
0	0
0	0
0	0
0	0
0	0
0	0
0	0
0	0
0	0
0	0
0	0
0	0
0	0
0	0
0	0
0	0
0	30
0	0
0	30
0	18
0	16
0	2
0	11
0	11
0	17
0	2
0	0
0	0
758	322
0	19
14	179
0	88
0	91
1	15
0	35
0	159
0	34
15	21
6	27
18	146
0	145
0	32
0	19
0	0
0	27
102	490
0	178
0	67
21	0
0	311
0	8
0	30
0	0
6	125
25	0
4	179
0	0
1	45
4	16
0	45
0	11
4	2
0	0
0	0
12	394
0	276
7	387
3	164
0	16
0	9
0	10
0	0
0	85
4	85
1	18
0	6
1	11
0	7
6	2
0	15
3	4
1	0
5	0
1	10
1	6
0	0
0	18
0	18
2	10
1	8
0	10
0	8
0	6
2	9
0	9
2	29
0	29
0	0
0	3
6	3
5	0
0	3
0	3
0	0
0	0
0	0
0	0
0	0
167	140
0	65
62	92
0	76
2	55
1	4
0	4
0	0
0	0
0	0
0	0
0	0
0	0
0	0
3	880
0	433
0	881
0	723
0	77
0	105
0	139
3	91
8	82
21	35
0	114
0	0
0	0
0	0
0	0
0	0
0	0
0	32
0	1
0	1
0	54
0	48
70	54
0	11
1	0
0	0
0	0
1	0
0	109
3	64
0	387
0	0
2	425
1	34
0	113
0	393
0	0
0	0
0	0
0	0
29	411
8	411
2	416
0	131
3	72
0	27
42	0
13	3
0	2
0	2
0	0
0	0
0	0
0	0
0	0
0	0
0	0
0	0
0	0
0	0
0	0
2	8
0	1
0	0
0	1
0	8
0	0
0	284
1	394
2	80
0	376
1	0
0	0
0	0
0	854
3	717
4	232
2	27
6	29
4	830
2	0
0	0
249	0
0	0
0	0
0	0
41	43
0	20
0	15
0	14
0	0
0	0
0	2
0	2
0	2
0	1
0	1
0	1
0	0
0	0
0	0
0	0
1	0
0	0
0	0
1	0
0	2
34	97
0	97
1	50
0	27
0	22
0	17
0	10
0	8
0	14
0	14
0	9
0	14
0	0
0	0
1	7
0	0
0	0
0	7
0	0
0	3
21	421
21	18
0	71
1	19
0	311
1	19
0	15
0	141
0	0
0	0
0	0
0	0
4	0
96	3
0	3
0	0
0	0
0	0
0	0
0	0
26	82
5	13
4	5
0	69
0	0
0	0
0	0
0	34
0	23
56	455
2	627
1	455
0	136
3	454
0	43
4	621
1	57
0	625
0	37
0	0
0	0
0	0
0	0
0	0
3	1399
1	1188
15	583
12	550
0	881
10	192
4	163
0	0
0	0
222	697
0	657
0	302
5	75
15	83
0	47
0	83
105	14
0	14
0	113
0	122
0	123
0	80
0	120
2	104
0	38
0	54
0	25
0	20
0	25
1	25
0	16
0	5
2	18
1	0
0	10
0	112
0	0
32	805
3	807
2	381
0	191
0	168
1	40
5	3
0	0
0	0
0	0
0	0
0	0
72	387
0	387
1	66
0	560
2	288
0	204
1	32
0	37
60	22
51	26
0	536
0	0
0	0
3	3
0	3
0	0
7	0
0	0
4	44
0	44
0	7
0	30
2	4
0	4
0	39
8	1
4	4
0	4
0	4
3	4
0	4
0	0
0	0
0	0
0	0
0	0
1	2
0	2
1	182
0	29
0	182
1	705
0	97
0	97
0	84
5	310
0	60
1	694
0	18
7	60
0	142
2	143
0	21
2	0
7	65
0	12
0	2
0	0
0	2
11	80
0	80
5	89
1	89
0	88
0	0
0	0
0	0
0	0
0	0
0	0
251	344
58	210
4	129
0	0
0	0
0	0
0	0
0	0
10	20
1	20
0	3
0	0
0	0
0	0
0	235
2	248
0	185
0	113
0	114
0	23
0	0
0	0
0	0
0	0
0	0
0	0
0	0
0	0
0	2
0	2
0	2
0	2
0	2
0	2
0	2
0	0
0	0
0	0
0	0
1	105
1	173
0	173
0	12
4	4
2	20
6	0
0	0
0	0
0	0
1461	35
1	0
0	0
0	0
0	5835
348	6217
48	4044
1997	6139
0	6260
142	5873
0	5919
8	6191
1	9
1	5327
6	1652
6	5903
23	37
2	5
1	37
15	3
5350	581
50	487
592	96
7	96
0	46
0	6
0	6
0	0
0	5
0	0
0	1
0	6
39	67
0	17
0	5
0	5
0	24
0	25
0	19
1	52
7	31
1	54
3	232
1	303
0	55
1	33
0	303
0	6
1	209
0	66
4	190
0	163
2	121
0	187
0	74
0	34
0	159
0	210
0	28
0	0
0	0
0	0
2	35
99	180
0	173
4	85
0	5
28	5
0	0
0	0
3	0
0	0
0	0
0	0
0	0
0	0
9	103
0	103
1	0
0	0
1	1
0	4
4	59
0	53
0	72
0	80
0	68
0	29
4	29
1	0
0	0
19	0
0	0
0	0
0	0
0	0
0	2
0	2
0	0
0	0
0	0
0	0
0	0
0	0
3	2
0	98
0	69
0	22
12	60
0	7
0	54
0	42
0	5
2	28
1	75
1	54
2	1
3	5
0	97
39	47
0	33
1	7
1	18
1	10
3	0
0	132
0	138
0	152
0	138
1	91
0	120
0	128
0	46
0	87
0	69
0	17
0	50
0	20
0	35
0	11
0	28
0	22
0	0
0	16
0	10
0	6
0	13
0	7
0	0
0	6
12	0
613	0
0	0
0	336
0	327
2	47
0	45
0	40
2	3
0	22
0	34
0	2
0	0
0	3
0	2
0	1
0	0
0	1
0	0
0	0
0	0
5	238
0	262
0	15
0	262
5	86
0	86
0	25
0	0
0	0
0	0
0	0
0	0
0	0
332	403
0	76
0	21
7	33
0	211
0	148
5	952
0	91
0	91
0	4
0	1
1	0
0	1
0	1
0	1
0	1
0	0
0	0
0	0
0	3
0	1
0	0
0	1
798	724
1	719
2	598
0	414
0	280
1	91
25	162
0	136
0	102
0	83
12	0
0	7
0	9
0	9
1	7
0	7
0	6
0	0
0	0
0	0
0	0
0	0
0	0
0	0
0	0
0	0
164	152
0	146
2	6
5	0
41	0
49	24
0	24
0	16
0	10
0	9
0	6
0	6
0	6
0	0
103	2117
7	1798
116	2070
0	434
0	161
0	644
1	265
1	234
0	225
0	0
0	0
0	0
0	0
0	0
0	0
0	0
0	0
0	0
0	0
0	4
1	4
0	3
0	1
0	0
2	14
0	14
0	1
0	5
0	10
0	0
18	24
0	4
0	20
19	44
0	5
0	27
0	36
0	0
0	0
16	105
0	90
0	33
0	16
25	53
0	1
0	24
0	12
0	20
0	12
1	8
0	17
0	9
251	244
0	244
3	27
0	0
35	0
0	0
0	0
20	0
0	0
0	1
0	0
0	0
0	1
0	0
0	0
139	9
0	0
0	9
0	0
0	3
0	139
4	139
0	25
0	28
0	0
0	102
0	98
0	49
3	3
0	41
0	11
0	3
14	2
0	0
0	0
0	11
0	82
0	51
0	22
3	72
0	13
0	82
0	0
0	0
0	0
0	0
0	3
0	20
0	16
1	5
0	20
0	19
12	6
0	3
0	11
0	5
0	1
0	7
194	678
0	22
1	52
0	49
0	44
0	10
0	39
1	41
0	0
0	0
0	0
0	0
0	51
0	51
0	2
0	4
0	4
0	1
209	132
0	16
2	33
28	75
0	31
0	0
0	0
0	0
0	0
0	0
0	0
22	94
8	208
0	98
6	8
15	122
0	1
0	0
823	298
0	129
24	118
5	138
0	43
0	87
61	69
0	3902
0	3732
0	3192
1	3396
4	3739
0	3294
0	3656
121	355
27	5
0	692
0	574
0	479
1	738
0	2407
6	190
1	123
6	395
136	689
2	0
0	673
0	21
7	586
5	184
24	7
0	130
3	122
0	222
0	202
0	79
5	365
0	129
20	73
0	105
0	35
2	81
0	127
0	0
0	0
0	0
0	0
0	0
0	0
0	0
0	0
0	0
0	0
0	0
0	0
15	95
0	49
0	16
10	63
8	41
0	0
0	0
0	0
213	292
0	276
0	18
0	173
0	28
0	309
245	307
0	143
0	293
30	339
36	320
0	298
0	96
0	78
2	206
0	4
0	206
0	206
13	202
7	5
1	202
14	202
3	91
20	9
1	81
0	19
0	86
0	108
28	106
0	17
0	32
0	20
0	42
0	82
1	79
3	82
4	19
0	21
2	0
0	0
0	0
0	0
2	98
0	101
2	93
0	91
0	7
3	31
0	21
3	3
4	130
2	130
2	129
0	65
0	0
0	0
0	0
0	0
0	0
0	0
0	0
0	0
0	0
59	1042
15	454
43	304
1	688
63	296
0	26
0	127
0	125
0	65
1	34
0	29
3	14
0	11
0	1
0	1
0	0
0	0
0	0
0	0
0	0
0	0
0	0
0	0
0	0
0	0
0	0
0	0
0	4
0	6
0	6
4	30
148	121
8	27
5	19
2	103
0	80
51	109
0	105
0	102
0	100
0	0
0	0
0	0
0	0
0	0
0	0
9	10
0	3
0	0
0	7
0	0
0	0
0	0
35	23
0	23
0	0
0	0
0	0
0	0
0	0
0	0
0	0
2882	156
2	156
19	60
0	17
0	43
0	45
0	22
4	22
3	8
0	18
0	15
5	4
0	0
0	0
0	0
0	0
6	0
1	261
0	261
78	20
0	20
0	13
1	14
0	8
0	7
0	7
0	0
606	0
0	0
0	0
0	0
0	0
0	0
0	0
0	0
0	0
0	7
0	6
0	7
0	6
0	5
0	1
0	0
0	0
0	0
10422	0
0	0
0	0
7	10
0	10
0	3
0	0
0	0
0	0
0	0
0	0
0	41
0	160
0	2
0	18
0	71
4	55
0	68
0	7
5	36
0	154
5	183
0	169
0	25
0	47
0	0
2	31
59	100
3	93
0	68
0	22
95	122
2	72
0	209
0	427
0	127
0	28
0	2
7	2
7	107
0	5
51	31
0	60
0	215
0	230
0	33
0	14
21	201
0	181
7	21
0	1
15	0
0	4
0	4
196	99
1	19
0	41
0	29
0	36
0	0
0	5
8	1
124	348
18	0
38	7
8	89
0	50
1	310
0	55
1	111
0	0
0	0
0	0
0	0
0	0
0	0
0	0
22	315
0	265
0	316
0	314
0	314
0	287
0	79
2	41
0	34
10	22
15	16
0	12
0	11
0	187
8	770
0	507
3	241
0	58
0	28
47	0
0	309
0	292
0	37
0	41
11	22
6	180
1	54
0	687
0	694
0	0
0	0
0	0
0	0
0	0
0	0
0	0
0	0
0	0
0	0
0	0
0	0
0	0
0	0
0	0
0	0
0	0
0	0
0	0
0	0
0	0
0	0
10	6
0	2
0	1
0	1
0	1
0	5
0	0
0	0
0	0
0	0
0	0
0	0
0	0
0	0
0	0
0	0
0	0
0	0
0	0
0	0
0	51
0	0
0	0
0	0
0	0
0	0
0	0
0	0
0	0
0	0
0	0
0	0
0	0
0	0
77	434
0	321
0	143
74	219
0	194
0	57
0	42
0	0
0	0
0	0
0	0
0	0
0	0
0	39
1	39
1	26
0	23
0	21
0	23
0	10
0	5
0	0
0	0
154	209
4	102
1	0
0	0
0	0
0	1
0	1
0	1
7	0
1	26
0	24
2	26
0	0
0	6
0	6
0	0
0	1
1	1
0	1
0	1
0	0
0	0
13	63
12	63
0	11
0	19
4	10
0	17
5	9
0	15
0	110
0	100
1	32
1	45
0	54
1	40
1	18
49	58
1	45
2	25
0	17
7	1
0	1
0	0
0	0
0	0
2	54
0	38
0	51
0	55
0	44
0	31
0	14
0	1
0	0
0	0
0	0
0	96
0	101
1	108
65	112
0	28
33	238
7	213
0	71
5	13
0	14
2	165
3	37
1	39
3	0
0	0
163	8
0	8
6	34
0	29
0	8
0	0
0	0
0	0
0	0
0	0
0	0
0	0
0	250
0	242
0	122
0	180
0	2
0	0
0	0
0	0
0	0
0	0
0	0
0	2
0	1
0	1
0	0
0	1
0	0
0	0
0	5
50	36
0	35
23	8
331	1047
0	70
0	73
9	66
0	11
2	827
5	49
0	127
0	0
0	0
0	0
0	1
0	0
0	1
0	0
0	130
0	124
0	130
1	126
34	100
0	17
1	98
0	0
0	0
102	374
0	361
13	329
0	49
0	74
1	65
0	64
0	17
0	11
0	0
0	0
0	0
0	0
0	0
0	0
194	309
0	309
28	156
7	141
14	115
0	0
20	196
0	202
0	118
0	60
0	70
1	70
0	5
57	57
1	11
0	11
0	9
0	11
0	6
10	16
0	0
0	0
0	0
0	0
0	0
0	0
0	0
5	93
0	37
0	56
0	2
0	78
1	129
2	120
10	74
0	120
0	0
0	0
0	0
6	10
0	5
90	61
0	54
16	61
5	49
0	0
0	0
0	0
0	0
0	0
1	1
0	1
0	13
0	5
0	0
3	0
0	0
0	0
0	0
0	0
0	0
0	0
0	29
58	265
0	258
0	33
62	93
4	216
0	216
0	219
0	19
0	17
1	118
0	0
1	42
1	17
0	11
6	18
0	0
0	0
0	0
0	0
89	76
0	304
0	272
14	282
0	39
0	73
0	36
2	159
0	70
0	20
1	8
0	9
0	4
0	15
0	8
54	53
0	8
0	14
0	24
0	0
0	0
0	0
0	0
0	0
0	0
0	0
0	0
0	0
0	0
0	0
0	0
0	0
0	0
0	0
0	0
0	0
0	0
0	0
0	0
0	0
0	0
0	0
0	0
2	0
0	0
11	6
0	0
1	6
0	552
0	29
1	72
3	118
37	511
0	425
0	142
0	59
1	31
5	32
0	11
0	0
0	0
0	0
0	0
0	23
2	23
1	225
0	202
0	39
36	72
0	37
5	66
0	0
0	0
1	141
0	0
0	0
0	0
0	0
0	0
0	0
0	0
0	0
5	6
0	5
0	6
0	0
7	506
0	460
0	174
0	124
0	0
0	0
0	0
0	0
0	0
0	117
0	11
0	115
1	115
1	6
0	0
0	0
0	0
0	0
0	0
0	0
0	335
0	0
2	26
4	26
0	20
0	20
0	11
0	3
0	30
0	137
3	7
0	113
0	137
3	23
6	13
0	16
0	0
0	21
0	17
0	0
0	7
0	3
0	6
0	0
218	321
0	223
0	19
0	33
0	39
0	23
0	22
0	0
0	303
0	0
0	1
0	0
0	1
0	0
0	0
0	0
26	11
0	11
0	1
0	1
0	2
0	0
0	0
0	0
0	0
0	0
0	9
0	0
1	1
0	9
0	9
0	0
0	9
32	78
0	78
0	12
0	0
141	235
12	235
1	63
0	86
0	132
0	110
0	85
9	74
0	65
0	42
0	106
2	20
0	107
2	100
0	84
0	98
0	85
0	105
0	1
1	28
0	3
0	31
1	14
0	27
116	188
1	43
0	20
0	20
2	138
1	16
1	50
0	46
1	50
71	73
6	19
5	60
7	62
4	23
0	0
0	1
0	1
0	1
0	3
0	1
0	1
0	1
1	3
0	0
0	0
0	1
0	0
0	1
0	0
0	0
0	0
0	0
0	0
0	0
0	0
69	220
7	0
0	220
0	0
0	0
0	0
0	0
0	0
0	0
0	0
1	0
14	21
0	2
0	30
0	30
14	229
513	397
1	120
4	0
2	4
7	0
12	48
20	120
11	184
1	184
0	171
0	43
0	0
0	0
0	0
0	0
0	0
0	0
0	0
0	19
0	19
0	1
0	1
0	3
0	8
0	0
0	8
0	0
0	3
0	3
0	6
0	8
0	8
0	0
0	9
0	6
0	6
0	6
0	0
0	1
0	1
0	11
49	28
0	0
0	0
0	0
41	18
0	14
6	18
1	13
0	3
0	76
0	0
0	0
8	0
0	0
0	0
0	0
0	0
14	325
2	301
0	0
0	0
0	0
36	7
88	8
102	100
0	7
0	4
0	0
0	0
0	8
8	8
0	7
0	7
11	309
0	309
3	29
0	61
2	55
0	0
0	0
0	0
0	0
0	0
0	0
0	0
0	23
2	23
3	10
0	10
1	19
0	11
0	0
0	0
0	0
0	0
0	0
0	0
0	0
0	0
0	0
220	1696
17	1694
6	1561
0	0
0	0
0	0
0	0
26	0
7	301
0	925
0	131
0	37
47	2
1	68
1	251
4	23
4	915
0	0
0	2
0	2
2	0
1	0
0	0
0	9
0	9
0	9
5	3
49	0
2	0
5	59
6	285
0	119
0	2
0	285
18	2
4	2
0	0
0	288
0	132
0	73
0	111
0	180
0	0
0	0
0	188
0	181
0	183
0	56
0	18
1	40
0	81
50	123
0	81
0	49
0	42
0	99
0	66
14	23
1	0
0	50
0	0
10	5
9	50
0	17
0	2
0	5
0	5
0	0
0	0
0	13
3	13
0	3
78	340
0	339
0	322
0	295
5	124
7	120
7	113
18	113
0	0
0	0
0	0
0	0
0	0
0	0
0	0
0	0
0	0
0	0
0	0
0	0
0	0
0	0
0	4
0	4
0	4
0	0
39	114
1	112
4	106
2	90
3	19
0	4
8	32
1	8
111	28
2	4
0	0
0	0
0	0
0	0
0	0
0	18
0	0
56	53
0	13
0	16
0	27
0	24
5	4
0	22
0	0
0	0
0	0
0	648
0	135
0	467
2	50
2	27
0	122
2	164
0	0
0	0
0	0
0	0
22	300
0	17
0	291
0	48
5	48
0	64
0	290
2	159
0	19
0	271
0	253
6	25
1	27
7	55
5	14
0	19
0	0
0	0
0	0
0	0
0	0
0	2
0	2
0	0
0	0
0	0
0	0
2	1
0	1
4	62
6	62
0	30
28	4
0	198
13	181
0	218
14	179
0	16
0	0
0	0
0	0
0	0
0	0
0	0
0	0
0	0
0	0
65	309
0	80
10	235
0	80
8	22
0	0
0	0
0	0
0	0
0	0
0	212
0	296
0	304
0	286
2	7
4	26
0	30
44	30
0	0
0	0
0	0
0	0
1	0
0	0
105	0
184	40
0	38
0	2
5	419
0	71
0	78
1	393
0	14
2	392
2	6
0	408
1	370
0	357
0	217
0	18
0	22
0	61
0	397
0	589
10	665
14	76
0	0
0	77
0	77
0	77
0	77
0	19
0	12
0	2
0	2
77	105
0	55
2	24
0	35
0	0
0	0
0	0
0	0
154	44
1	20
2	38
0	0
92	229
1	225
0	50
8	55
0	9
131	163
0	157
0	44
0	18
0	1
0	17
0	3
0	13
0	6
0	4
304	3278
2	217
35	1772
1	799
2	3050
0	381
14	607
7	253
0	442
6	45
0	55
0	54
2	0
0	0
0	1
0	0
0	0
0	0
0	0
0	0
0	0
0	1
0	1
0	1
0	0
0	0
0	0
0	0
0	0
0	0
0	0
0	0
0	0
0	0
0	182
0	184
0	179
0	13
0	2
1	2
0	3
0	0
0	1
0	4
0	4
0	4
0	19
0	0
0	0
0	20
2	1
0	1
1	1
0	6
41	83
2	83
0	18
0	28
5	48
0	0
0	0
0	0
0	0
0	0
0	0
0	2
0	2
0	2
258	296
0	276
0	183
0	58
0	54
1	56
0	53
0	54
0	36
0	36
0	9
672	160
1	45
3	115
7	50
2	23
1	17
81	307
4	125
0	65
0	68
0	39
10	10
0	0
0	307
0	3
2	3
8	3
85	285
0	283
6	68
0	3
4	6
1	31
1	19
0	0
0	0
0	0
0	0
0	0
0	0
0	0
0	0
4	1
5	1
0	0
0	0
0	0
0	0
0	0
0	0
48	572
0	327
0	568
1	56
0	123
15	88
16	57
1	4
0	2
0	2
0	0
3	0
0	0
1	1
0	1
0	0
0	51
0	0
233	448
0	65
1	21
0	448
0	359
0	448
0	0
0	0
0	0
0	0
0	0
0	0
0	0
0	0
0	0
1027	241
8	241
12	152
3	58
3	0
0	0
0	0
0	0
0	0
0	0
0	0
376	82
3	56
0	1093
0	765
1	101
6	63
8	12
10	230
0	77
6	63
0	0
0	1023
63	45
0	45
4	3
6	0
0	0
0	2
0	2
0	0
26	62
11	16
0	46
0	0
0	0
0	4
0	8
0	8
0	0
0	0
0	0
0	0
0	0
0	16
0	0
0	0
0	2
1	0
0	3
0	4
0	0
0	2
0	0
2	5
0	1
0	0
0	16
587	120
0	26
2	94
26	15
0	0
0	0
0	0
0	0
0	0
0	0
0	0
0	0
0	0
0	0
0	0
0	0
0	0
0	36
0	24
0	26
0	44
0	12
0	7
0	1
0	26
0	23
0	4
0	13
33	228
1	190
0	175
14	17
0	122
0	69
0	111
0	67
0	66
187	32
13	32
12	376
0	296
2	96
80	174
0	194
0	261
0	19
0	21
0	11
0	7
0	0
40	17
0	6
0	0
0	3
1	8
0	0
0	0
0	0
0	0
0	0
0	0
0	0
0	0
0	0
0	0
0	0
0	0
0	0
0	0
0	0
0	0
0	0
0	0
0	0
0	0
0	0
0	0
1	0
0	0
0	1
0	0
0	0
0	0
0	0
0	1
0	0
0	1
0	0
0	0
1	82
0	67
50	85
0	0
224	114
0	102
0	21
4	69
0	46
2	13
5	10
5	3
0	12
0	0
0	0
0	0
0	0
0	0
1	0
0	0
0	0
0	0
0	0
0	0
0	0
0	0
0	0
0	0
3	15
11	15
0	0
0	0
0	0
0	0
0	0
0	9
41	41
0	36
0	0
0	0
0	0
0	0
0	0
0	0
0	0
0	0
0	0
0	0
0	0
0	0
56	50
0	12
3	45
0	2
0	5
0	42
0	42
0	41
13	18
0	18
1	0
0	0
0	0
0	0
0	0
0	0
17	45
3	38
0	7
0	0
0	0
0	0
0	0
0	0
12	400
0	360
0	172
0	392
224	425
0	324
0	234
0	0
0	0
11	18
9	18
5	3
24	5
0	2
0	16
0	8
0	0
0	0
0	0
0	0
0	0
0	0
0	0
0	0
0	0
0	0
0	0
0	0
0	0
0	0
0	0
0	0
8	28
0	21
0	10
0	50
0	55
0	35
13	37
0	45
0	15
0	28
11	37
5	4
0	13
0	13
0	7
1	2
0	45
0	0
0	0
0	0
20	0
0	3
0	3
0	3
1	0
0	0
0	0
4	1
0	0
0	0
0	8
0	65
0	0
0	40
0	54
0	57
0	40
53	65
0	187
9	72
0	27
0	40
0	89
0	973
2	965
0	1012
0	1008
0	1016
2	257
0	46
0	99
3	86
0	651
1	67
2	170
0	113
4	153
0	103
34	34
0	4
1	12
150	15
0	15
1	24
0	24
0	81
0	74
0	9
1	80
0	1
0	80
0	78
0	80
0	0
0	0
15	208
4	63
0	84
1	138
0	37
1	19
0	93
164	9
1	9
4	0
1	0
0	26
2	29
0	15
0	6
4	148
0	101
0	0
0	51
0	5
1	64
0	306
0	197
0	281
0	281
0	7
0	6
31	0
2	9
0	2
0	296
0	0
4	154
0	135
0	16
0	76
0	2
0	0
0	0
0	0
0	0
0	0
0	11
0	11
0	2
3	2
0	2
0	10
0	6
0	6
0	4
0	0
0	0
0	0
0	0
0	0
0	0
0	0
0	0
0	0
0	0
0	0
0	0
3	284
0	301
19	119
0	301
0	37
2	18
0	113
4	106
0	129
0	120
0	35
0	0
0	0
0	0
0	81
2	54
0	69
0	60
0	39
0	10
0	54
0	6
0	40
0	19
1	27
0	25
0	76
0	0
0	0
0	0
0	0
0	0
0	0
0	0
427	768
2	5
13	231
0	48
0	500
3	400
11	282
0	0
0	0
0	0
0	33
0	41
0	41
0	41
0	38
23	6
0	6
0	13
0	12
0	22
0	17
0	11
2	5
0	0
0	0
0	0
0	0
0	0
0	0
0	0
0	0
255	698
0	698
0	0
0	21
0	22
0	3
0	9
0	9
0	21
0	6
2	17
0	17
0	6
0	4
0	5
0	0
0	0
1	819
18	824
1	817
0	516
0	0
0	0
0	0
0	0
0	9
0	6
0	2
0	8
0	0
0	0
254	39
3	39
0	280
273	701
6	0
1	182
1	448
1	240
0	0
68	32
3	32
4	23
3	22
1	0
5	4
0	4
0	1
0	20
4	65
0	59
1	1
2	22
2	14
0	28
0	0
1	4
1	2
0	156
0	167
0	78
1	14
1	23
0	31
0	61
0	53
0	0
0	33
2	47
0	0
0	14
0	14
0	1
0	0
0	3
0	1
0	0
1	8
0	8
0	8
0	11
0	11
0	1
0	3
0	0
0	0
0	0
0	0
0	0
0	0
0	0
33	71
0	33
0	23
0	36
0	19
0	25
0	2
8	12
0	0
0	0
0	0
1	0
0	0
0	0
0	7
31	683
0	73
6	683
10	90
0	71
29	1
0	13
0	45
2	30
53	79
0	158
5	0
0	0
0	0
0	0
0	7
0	7
0	0
0	1
0	5
0	0
0	0
0	0
0	0
0	0
0	0
0	7
0	0
0	0
0	0
0	0
0	0
0	0
8	0
0	0
0	0
0	0
0	0
0	0
0	0
0	0
0	0
15	12
1	12
0	3
1	7
0	1
0	0
0	0
29	0
0	292
0	292
0	291
2	26
0	12
0	10
0	9
0	7
0	7
0	8
0	6
0	6
0	3
0	0
0	0
0	0
16	33
0	114
2	114
0	110
7	99
3	99
0	3
1	11
0	126
0	40
0	0
0	0
0	0
0	0
231	80
1	80
0	0
0	0
0	0
0	0
9	21
0	0
0	185
9	185
3	60
0	16
1	4
0	8
3	3669
16	3669
0	3692
12	2632
3	3644
1	2900
18	1705
0	2846
0	0
0	0
0	0
0	0
0	0
0	0
1	190
0	1
0	1
0	1
0	0
0	0
0	0
0	1
84	30
0	21
0	31
5	18
0	11
0	4
0	0
0	0
0	0
0	0
0	0
167	125
0	111
1	14
0	0
1	79
0	38
0	11
1	43
0	56
0	6
0	3
0	188
43	212
25	9
0	158
3	43
0	0
0	0
1	0
0	0
3	133
0	35
1	49
2	25
0	20
3	63
0	42
0	0
0	31
0	18
0	104
0	107
0	90
0	27
0	94
0	88
0	46
0	74
0	44
1	53
2	52
5	15
0	51
0	25
0	0
0	0
0	0
0	0
0	0
0	0
0	0
0	0
0	0
0	0
92	43
0	16
12	27
0	0
0	0
0	0
0	3
0	3
0	3
0	0
0	2
0	3
0	3
0	0
0	0
0	0
9	814
0	713
1	364
0	441
802	260
3	257
0	105
0	99
0	9
3	17
144	357
15	73
1	255
4	277
4	121
18	259
0	259
0	0
0	0
0	111
3	104
0	0
0	0
114	233
0	38
9	193
0	4
0	27
0	21
0	0
0	0
0	0
0	0
0	0
23	309
0	67
0	112
0	89
0	260
6	82
0	78
0	0
8	32
19	37
0	24
0	31
0	13
0	13
0	3460
0	1399
42	143
0	142
1	35
0	37
1	34
0	2
0	1
0	0
0	0
0	0
0	348
1	127
0	92
0	92
10	0
0	348
48	96
0	78
2	18
0	8
3	96
0	0
0	0
1	11
0	11
0	11
0	0
0	0
0	0
0	0
0	0
0	0
0	0
0	68
0	23
0	52
3	0
1	12
1	36
1	36
0	4
23	3
0	0
0	0
0	0
0	0
0	0
0	0
0	0
0	0
4	43
1	85
0	24
0	83
0	11
0	10
13	24
0	22
0	1
0	12
0	9
0	0
0	111
0	4
0	19
0	18
1	4
0	15
0	0
0	7
0	19
0	132
0	137
2	49
0	132
0	101
2	50
0	26
0	3
0	146
0	137
0	137
0	0
1	205
4	206
0	153
2	205
0	65
0	28
0	151
3	0
0	292
0	385
0	244
0	376
0	389
0	10
4	204
5	104
0	52
0	59
0	32
1	43
0	393
14	0
11	2
0	0
0	0
0	0
0	2
0	0
0	0
573	44
0	43
0	110
0	109
0	109
0	11
0	113
0	114
9	18
1	18
0	10
0	0
7	132
0	136
1	134
0	61
20	0
160	86
0	44
1	33
0	30
5	34
1	12
0	0
0	0
33	0
0	0
1	0
0	0
0	0
1	0
54	0
0	0
0	0
0	0
0	0
0	0
11	25
0	25
0	0
0	0
0	0
0	0
0	0
0	0
0	33
1	41
8	41
0	0
0	0
0	0
0	48
1	60
0	121
0	122
0	129
3	111
13	39
19	11
0	0
0	0
613	1196
0	1082
88	7
6	25
1	291
0	524
0	584
8	584
1	89
4	47
0	6
0	77
0	81
0	16
0	11
1	28
0	51
0	50
0	8
0	20
0	43
0	8
0	21
0	1
0	20
0	0
8	339
14	324
0	21
1	65
1	28
24	78
10	78
0	16
0	0
0	31
0	13
3	3
0	3
0	31
0	0
0	0
0	0
0	7
254	68
1	16
0	11
0	1
2	40
1	11
3	124
1	112
0	41
0	0
24	400
1	400
0	161
0	123
1	20
0	47
0	84
5	3
0	30
32	4
2	3
0	1
0	1
0	1
0	0
0	0
0	5
0	5
7	2
0	0
0	2
0	249
3	235
4	235
0	228
0	36
0	21
0	53
4	19
0	55
0	37
2	52
1	52
45	57
0	3
0	3
0	5
0	5
0	11
0	8
0	0
0	1
0	1
0	0
0	1
0	1
0	0
0	0
0	0
0	15
0	12
0	12
0	6
1	9
0	0
0	3
0	0
7	3
2	3
0	16
2	703
0	30
10	251
25	4063
0	500
10	746
0	51
0	59
16	188
0	732
0	3992
0	1074
2	98
0	76
14	104
6	26
0	72
1	55
1	143
4	60
0	0
0	0
29	118
0	76
0	33
1	11
0	0
0	0
0	2
0	1
1	0
1	1
0	1
0	117
37	26
2	11
0	0
0	26
30	5
0	0
0	4
0	1
0	806
32	801
0	19
0	69
0	195
8	100
6	61
0	27
0	0
0	0
0	0
0	107
2	89
56	1
0	95
7	103
0	6
0	101
0	10
4	76
3	46
11	298
0	303
0	302
0	283
0	210
0	126
0	48
6	80
0	11
0	0
408	4
0	0
0	0
0	0
0	0
0	0
0	0
0	0
0	0
0	0
0	25
2	25
0	18
0	1
1	0
46	385
0	377
0	87
22	302
0	98
1	34
0	48
0	174
0	130
5	86
0	94
1	49
39	63
10	40
4	13
0	19
5	1
0	30
0	38
5	38
0	26
1	7
0	421
0	379
0	0
3	421
0	0
0	402
0	421
0	38
3	179
5	0
1	40
0	0
0	1143
0	1
0	1011
2	192
0	153
18	157
19	192
1	104
0	8
1	213
200	307
0	21
0	63
10	43
0	50
0	10
0	0
2	61
118	61
0	0
0	0
0	0
0	6
0	0
0	6
0	0
0	0
0	3
0	0
0	6
0	0
136	0
0	5
0	5
0	1
0	1
0	110
0	86
0	34
0	36
0	0
0	0
0	0
0	0
1	3321
38	3313
0	245
2	607
8	490
2	272
0	0
0	0
0	0
0	0
0	0
0	0
0	0
0	0
0	0
0	0
0	0
0	0
0	0
0	0
0	0
0	289
6	289
1	287
0	280
0	72
0	123
1	77
0	83
1	64
0	252
0	0
0	0
0	0
0	0
24	298
0	221
0	291
0	39
31	0
0	0
0	0
7	70
0	55
0	11
0	1150
2	183
0	132
0	1147
0	1144
0	1152
0	1143
0	1156
0	0
0	0
0	0
0	8
3	29
0	29
0	22
0	11
0	2
2	0
26	20
0	0
0	12
0	5
3	15
0	0
0	2
0	2
0	0
0	0
0	64
0	2
38	88
0	88
35	160
23	9
0	9
8	12
0	7
0	10
0	30
0	160
2	0
0	0
0	1
0	1
8	27
0	24
0	4
0	0
0	0
0	0
0	0
0	0
0	0
0	0
0	0
7	1
0	1
2	625
0	1
0	206
0	383
0	306
9	363
0	326
1	321
0	322
0	234
0	0
0	286
58	255
0	379
0	14
1	14
0	2
0	9
6	6
3	6
18	47
0	49
0	34
2	21
0	0
0	0
0	0
0	0
0	0
0	0
0	0
0	80
5	8
0	8
0	6
0	25
1	44
0	78
0	1
0	1
39	365
0	365
0	36
0	59
0	104
16	85
1	90
0	67
4	81
3	11
0	8
0	9
0	4
2	197
126	541
18	175
0	46
0	33
0	23
15	40
5	7
0	93
6	174
0	130
6	108
0	60
0	19
0	11
18	17
7	208
4	126
0	208
138	211
0	184
9	27
0	18
0	2
0	0
0	0
0	0
103	0
0	0
0	0
0	0
0	0
0	20
0	19
0	0
0	0
0	0
0	0
0	1
0	2
0	8
0	0
0	2
0	0
0	0
0	2
6	396
0	300
0	373
0	57
1	28
1	77
1	73
0	2
0	91
0	81
22	87
0	31
3	3
4	15
0	3
0	3
0	0
0	1
0	0
0	1
0	0
0	0
0	0
0	0
0	0
0	0
0	21
0	0
0	0
0	0
0	0
0	0
0	0
0	92
0	40
0	0
0	0
0	0
0	0
0	0
0	0
0	0
7	9
0	12
0	4
0	2
0	7
0	0
0	0
94	568
0	465
0	282
0	103
6	61
27	153
0	52
1	101
88	17
0	17
14	0
0	0
1	0
0	13
0	16
0	17
0	97
0	89
0	42
0	9
0	89
1061	186
0	115
11	71
0	0
0	0
0	0
3	33
0	30
0	11
12	12
0	0
0	3
0	8
0	2
52	0
0	0
0	0
0	0
0	27
1	27
0	10
0	10
0	3
0	1
0	1
0	0
2	0
0	0
0	0
0	1
1	0
0	1
0	0
0	0
208	17
46	17
0	237
0	239
0	224
2	203
2	157
0	167
0	1
5	16
0	102
0	110
0	64
0	16
0	22
0	0
0	0
356	188
3	188
0	0
0	0
0	0
0	351
1	69
0	44
2	347
5	34
1	62
0	0
0	0
0	0
0	0
0	0
0	0
0	0
0	0
0	0
0	0
0	0
60	102
1	26
0	70
0	11
11	22
0	0
21	538
0	428
0	416
0	16
15	41
12	27
11	0
1	19
13	15
0	550
0	0
0	0
0	0
0	0
0	83
0	51
1	560
0	419
2	311
0	472
8	465
2	479
0	179
0	125
0	71
0	41
0	45
2	15
16	24
0	54
1	53
0	507
120	433
5	118
1	91
2	26
2	52
0	144
1	97
0	89
0	39
1	0
0	0
0	0
0	0
0	0
0	0
101	32
0	32
383	109
0	97
0	32
0	55
0	0
0	0
0	0
0	0
0	0
0	0
439	296
8	17
0	255
0	254
0	9
13	45
0	8
0	44
0	0
0	0
1	3
0	9
28	0
0	3
2	2
0	0
0	0
0	0
1	6
2	0
0	1
0	0
0	4
0	6
0	0
0	0
4	113
0	113
1	47
11	0
0	0
15	386
0	469
0	431
1	214
0	65
1	80
0	79
1	130
6	67
0	0
0	0
0	0
0	103
0	23
0	103
120	120
1	28
138	396
0	27
0	239
1	0
0	0
0	0
0	0
0	117
1	96
0	109
3	70
38	32
2	14
4	6
8	3
11	3
0	0
0	0
0	74
0	29
0	76
0	1
0	77
0	300
0	119
0	84
5	300
4	212
0	55
0	15
0	465
0	467
10	465
13	0
2	6
5	2
0	20
0	122
0	117
1	115
0	4
0	104
0	104
0	104
0	6
0	0
0	0
1	42
0	42
0	42
0	42
0	39
194	79
0	51
0	45
0	2
0	3
0	10
0	0
0	7
0	8
0	12
0	0
0	0
0	0
0	0
0	0
0	0
0	293
0	288
0	279
4	9
0	24
1	86
2	7
5	191
3	17
0	172
1	20
4	108
0	67
0	48
0	0
0	0
0	0
0	0
0	0
0	0
0	0
26	99
0	9
0	93
0	73
1	14
0	8
0	88
0	436
0	454
0	442
109	470
9	0
0	50
0	51
0	28
0	11
13	61
13	52
2	161
0	0
0	0
0	0
2	364
0	543
6	28
0	539
0	52
0	5
0	12
1	72
0	0
0	0
0	0
14	207
0	71
0	176
0	114
0	69
0	92
0	113
1	44
0	40
0	40
57	0
0	631
0	542
0	259
2	609
71	343
30	12
0	176
0	542
0	0
0	0
19	58
2	58
102	0
0	324
1	324
2	324
4	153
0	165
0	165
2	20
0	14
0	5
0	1
3	26
310	62
0	37
0	27
1	16
0	15
0	12
0	13
0	0
0	0
0	0
0	0
0	0
0	0
0	0
0	0
0	0
0	0
0	0
45	21
8	19
70	39
0	51
13	10
3	10
34	12
0	0
0	0
0	127
0	21
0	127
2	21
75	176
0	134
0	16
0	37
12	6
12	0
6	28
0	12
0	12
0	18
0	18
0	168
0	0
0	0
0	162
0	181
7	179
0	143
0	19
0	31
0	29
0	11
0	14
0	20
3	10
0	187
0	0
0	0
0	53
0	50
6	0
0	47
1	7
57	7
1	13
1	124
0	125
1	123
7	12
0	111
0	0
0	0
0	0
0	0
0	0
2	6
24	6
0	6
0	0
11	152
0	150
3	116
2	49
1	11
25	5
0	0
0	0
0	0
2	0
0	95
0	93
1	93
2	7
0	5
0	3
42	363
8	375
0	181
0	156
6	16
14	218
2	20
0	61
0	51
0	0
156	49
1	49
4	34
0	1
0	0
0	1
0	0
55	12
6	12
11	6
0	6
62	15
0	1
8	3
0	11
1	0
0	0
0	0
0	0
0	0
0	0
0	0
0	0
0	0
0	0
0	0
0	0
0	0
0	0
1	2
0	2
0	5
0	6
0	0
0	0
0	5
0	4
0	3
0	4
0	5
0	4
0	6
0	0
0	0
0	0
0	0
0	0
0	2
0	0
1	2
558	29
0	29
0	0
0	0
0	0
0	0
0	3
0	3
0	0
0	0
0	0
0	0
0	0
0	0
0	0
0	0
0	0
122	0
0	0
0	0
0	0
0	0
0	0
0	0
0	0
0	0
0	0
0	0
0	0
0	0
0	0
0	0
0	0
0	0
0	0
0	0
0	0
26	157
12	52
6	130
6	34
0	29
2	46
0	0
0	0
0	0
0	0
0	0
21	0
0	0
0	0
0	0
0	0
5	0
0	0
0	0
0	0
132	532
0	270
16	0
3	275
8	0
20	10
0	158
28	9
4	172
0	27
19	0
6	34
5	99
3	3
12	43
25	27
0	0
1	1609
5	1609
0	1614
1	251
2	19
4	86
9	206
3	0
0	0
0	0
0	0
0	14
0	431
0	403
0	397
11	133
2	209
0	259
3	209
0	265
0	237
0	45
0	26
0	27
9	18
0	24
9	17
0	23
0	7
35	13
2	1
85	2
0	2
0	0
0	0
0	0
0	0
0	0
0	0
0	0
0	0
0	0
0	0
0	0
0	0
4	0
0	239
0	24
0	16
0	103
6	236
322	343
0	124
0	249
0	166
13	103
0	70
0	16
0	0
0	0
0	0
0	0
0	0
0	0
0	0
0	0
0	0
41	47
0	40
45	7
0	0
0	0
0	0
0	0
0	0
0	0
6	24
0	24
0	6
0	8
0	8
0	14
0	14
0	24
1	0
0	0
0	0
1	100
0	93
0	135
9	48
0	153
11	40
0	155
0	52
0	60
7	14
0	9
0	14
0	5
0	0
0	0
0	0
0	0
0	0
0	0
0	0
6	49
134	659
57	122
0	138
0	98
77	497
1	3
0	3
0	0
0	0
0	0
0	0
0	0
0	34
0	30
0	9
0	8
0	14
4	7
0	8
0	8
0	2
0	2
0	3
0	0
0	0
0	2
0	1
5	0
0	2
1	34
1	74
0	77
0	29
2	11
1	4
0	28
0	15
1	21
0	19
0	12
0	0
7	67
0	215
1	51
0	64
0	218
0	212
0	0
0	0
0	0
0	0
0	0
2	178
0	187
0	183
0	18
0	183
0	26
6	7
0	0
0	0
0	0
0	0
0	0
0	0
0	0
0	0
0	0
0	0
1	5
0	5
0	0
0	0
0	0
128	134
0	0
0	16
0	134
0	16
0	49
6	17
0	39
5	753
7	538
0	763
1	624
0	72
17	344
0	87
6	25
43	65
7	0
0	0
0	0
0	0
0	0
0	0
0	0
0	0
0	0
0	25
0	25
0	0
0	6
0	6
0	6
0	139
4	134
0	5
99	11
0	11
5	73
0	97
0	8
0	88
0	0
0	0
0	0
0	0
0	0
0	0
0	0
0	0
0	0
0	0
0	0
0	0
0	0
0	0
0	0
66	302
1	5
5	302
1	0
0	58
0	0
0	6
0	4
0	104
0	36
0	18
0	104
35	3
0	1
0	3
0	0
0	0
0	0
34	355
84	608
0	477
9	250
0	116
4	132
0	0
0	0
6	91
0	91
2	49
5	7
3	6
0	0
0	0
0	0
0	0
0	4
0	2
0	4
54	122
0	107
0	95
35	0
2	7
0	37
7	1322
14	1322
4	375
0	7
0	0
0	7
139	140
2	112
0	113
0	112
2	55
0	140
0	0
0	0
0	0
0	0
0	0
0	0
0	3
0	3
0	0
0	0
0	7
0	7
0	7
0	7
0	8
0	0
6	3
0	0
0	0
0	0
0	7
0	8
0	4396
2	4432
1	4198
1	4196
0	4198
46	0
0	13660
103	9899
0	3967
26	5236
11	1207
0	2918
0	12733
0	2026
5	2034
0	1054
39	113
0	97
17	9
0	13
0	9
94	850
0	688
2	36
0	20
0	14
0	45
0	47
0	19
0	32
0	26
0	14
0	24
2	17
2	7
0	0
14	0
0	0
0	0
0	0
0	201
2	194
0	79
4	155
10	210
0	29
6	0
1	15
0	0
0	0
0	0
0	0
0	0
0	0
0	0
0	0
2	0
0	0
1	418
0	418
0	0
0	0
0	194
293	465
82	220
0	108
0	426
0	196
0	203
0	0
0	0
26	78
0	38
0	10
2	9
1	36
6	31
0	1
0	0
0	0
0	0
0	0
4	46
20	46
0	0
0	0
0	0
0	0
0	0
39	8
0	1
0	1
0	7
1	6
0	0
0	0
0	0
0	0
0	0
0	0
0	475
0	465
11	54
0	447
0	80
0	455
0	14
46	11
5	80
0	176
0	144
0	37
13	48
0	39
44	37
0	4
0	0
0	0
0	0
24	68
0	14
0	13
0	19
0	30
0	28
18	26
1	1195
202	1195
1	412
12	507
1	507
0	0
0	0
0	0
1	1
0	0
0	1
2	0
0	0
0	1
0	1
0	0
0	0
0	0
3	0
0	0
0	0
10	138
4	74
0	130
3	67
60	127
0	95
0	3
3	5
0	5
0	1
0	2
0	0
0	0
0	0
1	84
0	83
0	12
0	10
1	9
0	15
0	17
0	5
0	6
3	11
27	16
0	8
17	5
0	2
0	10
0	20
0	1
0	1
0	10
0	2
52	46
0	34
0	46
5	10
3	0
4	4
7	13
0	13
0	9
1	10
0	0
0	0
0	0
0	0
0	0
2	2183
4	2183
0	1276
18	2174
47	434
0	821
252	420
0	328
14	154
0	6
3	120
0	111
2	72
4	26
0	69
7	10
282	103
2	4
0	4
0	9
2	16
2	63
1	46
0	0
0	0
0	0
0	0
0	0
0	83
3	171
0	9
1	23
0	207
0	177
6	290
0	69
0	14
0	46
0	288
8	101
0	101
0	30
0	0
0	0
0	0
4	5
0	4
2	0
0	0
0	3
0	3
0	2
0	4
1	14
25	49
0	35
0	1
0	19
0	9
0	13
6	345
1	70
1	294
1	156
0	200
0	302
0	164
0	152
1	129
0	75
0	24
2	0
1	0
0	0
0	0
0	0
0	0
2	21
0	21
0	13
0	3
0	0
0	21
0	6
2	2
0	2
0	0
0	0
0	0
0	0
0	0
0	0
0	0
0	0
0	0
0	0
564	237
1	204
7	49
27	2
0	2
0	0
0	0
0	0
0	0
0	0
0	0
0	0
0	0
0	0
0	31
4	260
17	270
1	79
0	46
0	0
0	76
0	74
0	12
8	25
1	27
0	0
0	0
0	0
0	0
0	0
0	761
3	1574
2	845
0	1795
0	74
0	390
0	637
119	1794
0	191
0	726
423	142
0	1814
0	1641
0	232
32	104
13	1032
2	0
0	0
0	0
0	0
5	619
0	520
4	83
0	80
0	186
0	226
0	67
5	0
0	0
0	0
0	0
0	0
0	30
4	32
0	11
0	28
0	6
0	0
0	0
0	0
0	0
2	135
0	140
1	0
0	0
0	29
0	13
13	0
0	0
0	0
0	0
0	0
27747	8684
5	2595
5	4280
2	0
0	0
0	0
0	0
0	0
0	0
0	0
0	0
0	0
0	0
0	0
0	0
0	0
0	0
0	0
0	0
0	0
0	0
0	0
0	0
0	0
0	0
0	0
0	0
0	0
0	0
0	0
0	0
0	0
0	0
2	178
48	4
5	22
0	61
0	156
0	75
0	97
1	3
2	28
0	1
0	12
0	12
0	0
2	2
3	2
0	26
0	33
0	93
16	6
0	28
0	30
0	32
0	7
0	4
4	13
0	4
0	2
0	90
1248	6
2	6
0	0
0	11
574	11
1	0
0	0
0	0
1	0
9	3
0	0
0	0
0	0
0	0
0	0
0	0
0	0
0	0
0	0
0	0
0	0
1	0
0	1
0	1
0	1
0	0
0	0
0	0
0	0
4	33
0	35
0	121
0	38
0	52
0	34
0	6
0	6
0	2
0	0
2	8
0	8
0	0
0	4
8	0
0	16
11	16
4	3
0	3
0	273
0	273
1	28
5	44
0	262
0	3
0	3
0	2
1	0
0	0
0	0
0	0
0	0
0	0
0	0
0	0
1	0
0	0
0	0
0	0
0	1
0	1
0	1
0	1
0	1
0	1
0	1
0	0
0	0
8	168
7	178
5	170
0	0
0	0
0	0
0	0
0	0
0	0
0	0
0	0
0	0
0	0
0	0
0	0
0	0
3	0
0	0
0	0
0	0
0	62
0	62
2	54
3	62
0	62
0	13
0	6
0	5
3	2
0	13
0	14
0	12
0	6
0	0
0	5
0	5
0	1
0	1
0	4
0	1
0	0
0	1
0	4
1	3
0	5
0	0
0	3
0	2
0	2
0	1
13	0
38	19
0	457
1	65
0	459
3	177
0	308
0	102
0	31
0	0
0	66
0	121
0	65
0	65
0	65
0	66
0	59
0	66
0	66
0	51
0	53
0	58
0	61
0	10
0	34
0	21
0	20
0	35
0	21
0	52
0	43
0	23
1	10
0	0
0	0
0	0
0	0
0	1
0	1
0	0
0	0
0	0
146	94
9	83
0	61
0	12
0	156
17	537
1	322
0	233
4	0
0	0
0	0
0	0
0	2
0	2
109	114
3	98
3	61
1	47
0	9
0	13
0	13
0	4
0	3
0	3
0	3
0	3
0	3
0	3
0	2
0	0
0	0
0	0
0	13
0	13
0	13
0	13
0	41
25	65
1	17
0	32
0	32
0	0
0	0
0	0
30	0
16	144
20	211
0	123
27	88
2	28
3	67
0	28
0	28
0	20
0	15
0	12
0	12
0	11
0	6
0	0
0	0
2	0
0	0
0	0
0	0
0	0
0	149
0	150
0	168
0	169
0	165
2	135
0	7
3	42
5	7
0	31
2	26
0	7
0	0
0	0
0	40
0	44
0	43
3	85
0	87
0	38
11	38
0	37
0	11
0	0
0	0
0	0
0	0
0	0
0	0
0	0
0	0
0	0
0	0
0	0
0	0
0	0
0	0
0	0
0	0
0	0
0	0
0	0
0	0
0	0
0	0
0	0
0	311
0	334
4	177
1	88
15	86
0	0
0	0
0	0
0	0
0	0
0	0
0	0
171	1233
0	285
1	126
33	1004
0	56
17	81
0	0
0	0
0	54
2	5
2	54
6	47
1	4
0	0
0	0
6	52
0	160
0	130
0	74
2	10
2	10
0	15
0	0
0	0
0	0
0	0
0	0
0	0
59	1
9	0
0	0
5	16
23	17
0	4
5	193
0	179
9	42
5	89
13	9
0	2
0	2
0	2
1	22
0	12
1	20
0	28
0	0
0	0
0	0
0	0
176	39
0	1
0	16
0	23
0	101
3	33
0	101
3	49
1	19
0	21
0	5
0	0
0	0
0	0
0	0
0	0
0	0
0	0
0	0
24	793
0	103
0	25
12	73
0	44
0	622
3	49
0	13
2	20
0	46
0	0
0	77
2	32
0	315
8	93
0	69
0	129
0	303
0	0
0	0
2	5
0	5
0	0
0	0
0	1928
0	1712
0	158
26	33
0	0
0	0
0	0
0	0
0	0
0	0
0	0
0	0
0	0
0	0
0	0
0	0
0	0
0	0
0	0
0	0
0	0
0	0
211	0
0	0
0	0
0	0
0	0
0	0
0	0
0	422
3	415
0	64
0	303
8	259
0	31
1	79
0	277
1	48
15	22
1	0
0	0
10	116
0	93
0	115
0	28
0	41
0	3
1	4
0	37
0	6
0	13
12	6
0	0
0	0
0	0
0	10
0	3
0	4
0	2
0	2
0	0
0	0
0	9
0	67
0	48
0	47
0	6
0	47
0	0
0	0
0	0
0	0
0	0
0	0
0	0
5	172
0	152
0	156
0	8
19	17
160	103
2	95
1	67
0	0
0	0
1	37
0	36
3	37
0	2
0	2
0	2
0	2
0	2
0	2
0	1
0	1
0	1
0	0
0	1
0	1
3	1
0	0
0	0
0	0
0	0
0	3
0	3
0	0
0	0
0	31
15	38
1	28
0	11
0	11
0	27
0	0
0	15
4	3
0	503
3	76
0	0
4	10
1	0
0	498
0	1011
0	299
152	1133
0	241
229	386
0	260
35	888
0	0
1	0
0	0
0	0
0	551
6	551
0	146
2	0
1	164
0	268
0	181
0	174
2	202
0	85
0	59
0	77
0	52
0	72
19	7
0	7
147	202
7	129
0	191
0	128
3	4
0	29
0	17
0	14
0	3
0	200
0	332
0	0
0	0
0	0
0	0
0	8
0	10
0	16
5	18
0	13
0	9
0	15
0	4
0	9
0	9
0	6
8	75
0	28
0	75
223	325
35	286
0	32
0	39
0	14
0	1
0	1
0	15
0	0
9	15
0	12
0	15
0	15
0	0
0	0
0	0
0	0
0	0
0	0
334	263
16	34
0	256
5	150
0	142
0	0
0	0
0	0
0	0
0	0
0	0
0	0
0	0
0	0
0	0
0	0
0	0
0	0
140	556
3	535
0	485
1	493
0	438
0	497
0	377
0	149
7	124
0	2
0	6
0	124
0	7
0	0
0	43
0	154
3	127
0	128
0	115
0	65
0	97
0	68
0	141
0	20
0	21
0	147
7	133
7	137
0	135
0	129
0	39
0	49
0	39
0	29
0	0
8	70
0	70
0	71
1	46
4	463
8	0
3	6
0	463
1	11
0	3
0	127
3	0
1	127
1	0
0	0
0	0
0	0
0	0
0	0
0	0
0	0
0	0
0	1
0	2
0	1
0	1
0	1
0	0
0	0
0	1
0	0
0	0
0	1
0	1
0	0
0	0
0	0
1	40
0	41
3	40
1	41
0	0
0	0
0	77
0	76
1	36
0	26
0	7
2	3
0	3
0	1
0	0
15	115
278	114
3	0
0	0
0	0
0	0
0	0
0	0
0	0
0	0
0	0
0	0
0	2
0	0
0	0
0	2
0	0
0	2
1	1
0	1
0	0
1	0
0	0
0	1
0	1
0	0
0	0
0	0
0	0
0	1
0	0
0	271
9	676
2	732
10	528
0	562
0	475
2	455
0	594
11	40
0	5435
8	2054
9	5088
0	568
5	156
11	130
0	263
1	111
0	1186
0	2465
32	234
5	7
3	428
23	31
0	1059
2	414
2	180
0	5452
0	2517
0	0
7	2518
0	898
17	2252
0	1298
5	1722
0	748
2	1598
14	11
1	11
1	0
0	0
0	0
0	15
1	0
0	25
0	22
0	375
9	481
0	22
8	0
0	0
0	480
0	6
1	169
12	119
0	69
0	98
1	217
0	56
0	27
0	83
2	56
1	216
0	31
0	56
0	185
0	56
0	27
0	30
1	1
0	1
0	0
0	25
0	40
0	0
0	0
1	0
0	0
0	0
0	0
0	0
0	3
0	3
0	2
0	3
0	0
0	1
0	1
0	0
0	3
0	1
2	0
1	1
0	0
58	369
4	373
3	149
0	71
0	71
0	0
33	67
4	64
0	40
0	5
0	0
0	1
0	0
0	0
0	1
0	108
0	103
1	176
0	142
0	165
0	151
0	0
0	0
2	900
1	933
0	872
0	331
0	420
0	333
3	1
0	933
14	42
1	34
0	18
0	0
86	0
0	0
0	62
6	4
6	2
0	34
0	3
0	60
19	1
8	0
0	6
0	0
86	75
21	13
0	62
0	0
0	0
0	0
0	2
0	4
0	4
0	1
0	0
0	0
19	3
0	2
0	2
0	0
0	1
0	151
0	151
0	152
0	174
0	174
1	174
0	6
0	33
0	0
0	0
0	0
0	0
0	0
0	0
0	0
0	0
0	0
0	0
0	0
0	0
0	0
0	0
8	0
0	0
1	0
0	0
63	1257
4	191
12	1214
20	1188
2	103
12	447
4	31
3	200
1	65
0	0
0	0
1	9
0	9
0	9
0	4
0	3
0	2
0	2
2	1
0	0
0	0
0	0
0	0
0	0
0	0
0	54
1	55
0	49
0	1
5	0
0	8
4	53
0	13
0	5
0	7
0	0
0	7
0	0
0	7
0	6
0	0
0	0
0	0
0	0
0	0
0	0
0	0
0	102
3	99
0	97
0	4
0	2
0	1
4	15
0	35
0	34
0	4
0	0
38	35
2	35
0	15
0	0
0	0
0	0
0	0
0	0
0	54
37	42
0	47
0	55
4	1
2	14
0	46
1	0
0	0
0	0
0	0
0	0
0	0
0	0
0	0
0	0
0	0
0	1
0	1
0	1
0	1
0	1
0	1
0	1
0	0
0	0
0	0
0	0
0	1
10	181
0	155
2	36
4	11
4	3
1	39
4	34
3	29
0	37
6	29
0	3
0	5
0	4
0	4
0	4
0	4
0	5
0	0
0	0
0	2
121	213
0	66
8	48
0	35
9	22
10	58
0	89
0	0
0	0
5	631
2	565
0	583
0	13
0	458
0	514
0	4
0	4
0	0
0	0
0	0
0	92
8	148
1	0
7	79
4	133
34	30
4	30
11	227
3	0
0	22
19	219
5	22
0	11
0	11
0	5
0	5
0	6
0	6
0	1
0	2
74	155
0	172
0	144
0	140
28	86
0	27
0	30
0	21
0	6
0	8
1	9
16	0
8	0
0	12
2	120
17	96
1	0
4	2
2	113
0	2
0	6
8	0
3	0
0	113
0	93
0	93
0	44
0	67
0	63
0	66
0	6
0	0
0	0
0	0
0	5
0	5
0	2
0	6
0	2
0	2
0	6
0	2
0	7
0	5
0	0
0	93
0	0
0	0
0	0
93	0
1	6
0	6
0	0
0	0
96	0
0	0
0	0
23	0
0	0
0	0
0	0
0	0
0	0
0	0
0	0
0	0
0	0
3	0
0	236
0	35
2	228
2	60
0	199
0	15
4	53
0	11
0	28
50	17
3	17
0	0
0	0
0	0
0	0
0	0
0	0
0	0
0	0
2	0
0	0
44	322
37	39
2	119
0	67
9	29
0	322
0	0
0	108
0	1
0	1
0	1
0	1
0	0
0	38
0	35
0	39
0	4
10	14
0	1
5	10
1	2
0	12
0	25
1	5
3	5
7	17
0	2
2	15
0	3
0	7
1	5
0	0
0	0
2	1
0	820
0	50
5	112
0	36
202	88
1	88
1	37
0	34
0	29
6	106
20	219
0	109
6	46
6	13
1	2
0	4
1	3
0	0
0	1
326	22
370	85
0	18
0	34
1	3
0	28
0	9
0	0
0	0
0	0
0	0
0	0
0	0
0	0
0	0
0	0
0	0
0	0
0	0
0	0
0	0
0	0
0	0
0	0
0	0
0	0
0	0
0	0
0	0
4	69
1	74
1	83
0	5
1	0
1	11
0	210
0	195
0	204
0	72
0	77
2	77
0	16
0	4
0	0
0	1410
13	394
0	1388
0	184
0	146
0	1
13	168
8	215
0	301
0	1384
2	6
16	947
32	269
2	76
2	7
0	25
0	99
38	81
1	155
1	14
3	81
0	0
0	0
6	9
0	9
0	6
0	3
0	18
19	62
0	18
537	62
198	71
0	32
0	39
0	2
0	2
0	2
0	2
0	2
0	0
0	0
0	0
0	0
0	0
0	763
0	687
0	0
0	0
0	0
0	0
0	0
0	0
1	3
0	11
0	4
3	3
4	2
0	13
0	8
0	8
1	3
0	552
9	243
0	483
0	509
0	540
0	244
0	30
0	116
0	101
0	73
0	63
0	116
7	21
0	104
0	44
0	90
2	56
0	89
0	45
0	54
0	26
2	13
0	19
2	4
0	472
0	541
1	27
0	27
0	0
0	0
0	0
0	0
16	226
0	318
0	332
0	33
0	58
0	70
0	71
2	63
0	63
0	37
13	95
0	0
308	61
0	418
0	359
0	408
0	408
0	182
0	80
0	64
0	120
0	68
0	15
3	20
0	1
14	413
37	1196
0	377
0	1182
3	683
3	56
0	263
0	216
10	152
1	118
25	1
16	0
0	0
0	0
0	0
0	0
0	0
0	0
0	1
0	1
0	0
0	0
0	0
0	0
0	0
0	0
0	0
0	4
0	2
0	2
0	19
0	12
2	177
87	340
0	139
0	0
0	0
0	0
0	0
0	0
0	0
39	173
12	0
2	172
1	199
1	193
0	200
0	20
0	14
3	4
1	3
3	1
21	82
13	91
45	6
2	6
1	258
0	260
1	32
0	22
0	17
43	17
0	17
0	73
0	77
0	0
0	0
0	0
0	0
0	0
0	0
0	0
0	0
1	124
1	9
0	15
0	116
0	64
0	31
1058	431
34	381
0	324
4	408
0	386
0	1
0	1
0	0
0	0
0	0
0	0
3	128
4	15
0	1
0	1
0	0
0	0
0	0
0	0
0	129
0	130
0	5
0	122
0	30
9	26
1	20
0	5
5	96
0	4
40	43
0	0
0	4
0	38
0	20
0	2
0	1
108	523
0	42
0	485
1	28
3	129
7	293
2	42
6	63
2	181
0	125
0	78
0	0
0	0
0	0
0	0
0	0
0	0
0	0
0	0
0	0
0	0
0	0
2	82
26	82
0	2
0	0
0	0
167	1
6	1
0	267
0	47
5	229
0	237
0	15
0	0
0	0
0	0
0	0
0	0
0	0
0	0
0	0
0	0
0	0
0	0
0	0
0	0
0	0
0	0
0	0
338	738
0	43
0	79
0	81
0	31
0	738
0	0
0	0
0	0
0	0
0	0
0	0
0	0
0	0
0	0
0	0
0	73
0	83
0	83
0	6
0	82
0	111
6	111
1	1
0	2
0	14
0	8
0	31
0	12
4	2
0	111
0	0
5	1605
41	1605
0	104
13	0
0	0
0	0
0	0
0	0
0	0
0	0
0	0
0	0
0	0
0	0
0	0
1	85
1	85
3	85
4	92
2	7
0	103
0	354
4	350
0	329
0	334
0	303
2	288
0	38
0	45
0	17
0	35
0	23
0	23
0	23
0	337
0	349
0	300
0	0
0	0
0	0
0	0
0	0
0	0
0	0
0	0
0	0
0	0
0	0
0	0
0	0
0	0
0	0
0	258
26	270
18	0
4	116
7	10
33	0
0	17
0	0
262	270
8	215
0	58
0	15
6	35
2	113
6	270
0	257
0	49
12	170
6	35
1	79
0	52
1	41
0	41
0	27
0	1
0	1
0	1
0	1
0	0
0	1
4	0
0	0
0	0
0	0
0	0
0	0
0	0
0	0
0	0
0	0
0	0
0	0
0	0
7	564
13	520
246	9
0	9
0	0
0	0
0	0
0	0
248	295
3	41
0	77
11	77
2	58
2	75
3	99
5	54
0	15
0	98
0	6
0	111
0	111
0	27
0	1
0	6
0	90
0	0
5	226
18	233
13	242
0	243
0	15
0	243
0	0
0	0
0	0
18	129
43	133
0	52
0	22
0	0
0	0
0	0
0	0
0	0
0	0
0	0
0	0
0	0
0	0
0	0
0	0
0	0
2808	251
10	1
0	1
0	0
0	0
3	0
0	0
0	350
1	352
0	351
4	22
0	58
4	23
1	175
1	71
0	349
0	20
0	20
0	4
0	0
1	0
0	0
0	0
0	0
0	0
0	0
0	0
0	0
0	0
0	20
0	15
0	5
0	5
0	1
0	1
0	0
0	25
8	1
0	16
0	0
0	14
0	10
0	1
0	13
0	0
0	2
0	9
11	30
0	0
0	0
0	0
0	0
0	0
130	42
5	42
0	19
2	14
3	0
0	0
0	0
0	0
0	0
0	1
0	1
0	1
0	1
0	1
0	0
0	0
0	0
0	0
0	0
0	0
0	0
0	0
0	0
0	0
6	22
0	17
4	22
0	9
1	8
0	33
0	31
0	32
0	30
0	6
1	2
0	31
31	52
1	0
0	52
1	0
0	0
0	0
0	1
0	0
0	0
0	1
0	0
0	0
0	0
0	0
0	0
0	0
0	0
0	0
0	0
0	0
0	0
0	0
0	0
0	0
0	0
0	0
0	0
0	0
8	54
0	5
0	17
0	13
2	49
1	0
0	0
0	0
0	0
0	0
0	0
0	0
0	3
0	4
0	4
0	0
0	0
92	841
0	841
131	516
38	520
1	61
1	51
9	42
0	167
7	1
0	1
0	0
0	0
25	72
0	59
0	52
0	30
9	10
0	22
0	15
0	2
10	303
0	123
0	242
0	18
0	31
0	9
0	105
0	35
1	27
0	28
0	7
0	94
0	11
0	242
0	257
0	264
0	12
3	13
0	277
0	0
0	0
0	0
0	0
0	0
0	0
0	0
0	0
0	0
0	27
0	29
0	18
0	0
1	6
0	3
19	71
0	71
2	1
0	24
0	0
28	1
14	448
6	448
0	66
0	22
4	117
1	100
617	1186
17	1066
2	952
4	889
0	681
6	661
1	376
22	27
0	28
0	4
0	4
0	5
0	1
0	0
0	0
14	2
19	2
0	0
0	0
0	0
0	0
0	0
0	0
0	0
0	0
0	0
920	0
0	0
0	0
0	267
0	245
0	231
0	148
0	164
0	149
0	46
0	28
0	42
0	15
1	22
0	13
0	0
0	0
1	0
0	0
0	0
0	0
0	0
2	215
0	80
1	215
0	16
1	34
0	97
0	60
3	29
21	7
0	7
2	0
0	0
0	0
2	9
0	9
0	0
0	0
0	372
0	316
0	354
0	370
3	362
0	344
0	350
6	2
0	18
5	67
16	3
0	2
3	33
0	39
4	32
0	34
0	35
0	0
0	0
0	0
0	0
0	101
4	101
3	27
0	23
0	4
0	10
0	186
1	3
0	279
13	78
5	54
1	250
2	133
0	272
0	3
7	3
502	425
26	207
0	147
0	324
2	471
8	483
8	323
0	474
0	21
194	4423
6	4420
0	150
9	63
0	150
0	0
0	0
0	0
6	51
0	0
0	0
0	0
0	0
0	46
14	42
0	0
0	1
0	1
0	0
0	0
0	1
0	0
0	0
0	0
0	1
0	0
0	0
0	0
0	0
0	0
0	0
0	0
0	0
0	0
0	32
0	32
1	26
6	30
0	25
0	4
0	1
0	8
0	31
0	4
0	4
0	0
0	0
0	0
0	0
0	0
0	4
0	3
0	6
0	4
0	5
0	1
0	30
0	30
4	5
0	0
0	0
0	0
0	0
0	6
0	5
0	2
0	0
0	0
0	2
0	5
0	5
0	5
0	1
0	3
0	0
22	91
0	80
4	88
0	58
0	0
0	514
0	508
4	508
7	343
0	74
0	12
0	23
0	21
0	16
3	9
6	19
0	12
0	5
0	1
0	0
1	1
0	4
0	0
0	0
0	0
0	0
5	0
1	0
0	27
2	163
12	155
3	72
0	74
8	19
0	51
0	51
0	1
5	0
2	11
0	0
0	7
0	2
0	2
0	14
0	14
0	6
0	7
0	3
0	0
0	40
0	66
2	0
0	44
1	21
0	45
0	54
0	3
0	30
0	48
0	53
0	2
0	14
0	18
0	27
0	0
0	0
0	0
726	578
0	384
2	380
0	377
0	100
11	119
0	1
0	1
0	286
2	287
0	36
0	19
0	96
0	0
0	286
0	0
0	0
0	0
0	0
0	0
0	0
0	0
0	0
0	0
0	0
0	0
0	0
0	0
0	0
0	0
0	0
0	0
0	0
0	0
0	0
0	0
0	0
0	0
0	0
0	0
0	0
0	0
0	0
0	0
0	0
0	0
0	0
0	0
0	0
0	0
0	0
0	0
0	0
0	0
0	0
0	0
33	1145
0	39
1	32
0	0
0	3
0	3
0	4
0	3
0	0
0	0
0	0
0	0
0	0
0	0
0	0
0	0
0	0
0	0
0	0
0	0
0	0
0	8
0	8
0	3
0	1
0	1
0	1
0	1
0	1
0	1
0	0
0	1
31	13
0	13
2	2
0	2
0	0
0	0
0	0
0	0
0	0
0	0
0	0
0	118
0	129
5	124
0	21
0	95
1	5
0	23
0	10
0	15
6	8
0	8
0	10
987	109
0	69
11	40
0	0
0	0
0	0
0	0
263	502
0	438
0	4
1	8
20	290
16	64
1	12
0	30
0	195
399	412
0	384
0	321
0	76
1	116
4	105
2	51
141	391
0	391
250	55
2	26
0	1
0	55
2	14
0	140
0	128
0	103
0	119
3	134
0	138
0	48
0	44
0	0
0	0
0	0
0	0
0	0
367	98
1	70
3	0
20	44
0	43
0	14
0	1
0	0
0	1
1	1
4	0
0	1
0	1
0	0
0	2
0	2
0	0
0	0
0	12
0	12
0	12
0	0
0	4
0	0
0	0
0	0
0	0
0	0
0	0
6	392
0	475
0	463
0	460
7	52
0	36
0	31
0	32
2	86
0	48
13	79
0	46
0	32
2	55
17	44
7	30
2	4
4	4
0	0
0	0
0	0
0	0
0	0
0	308
0	306
1	12
2	18
2	33
1	122
2	27
0	179
2	28
0	39
22	101
0	3
3	45
0	308
1	26
0	27
5	22
0	18
0	1
0	3
0	0
0	0
0	0
0	0
0	0
0	0
0	0
0	0
0	0
0	26
0	32
4	30
0	1
0	1
0	1
0	0
0	1
0	81
0	24
0	81
0	77
6	27
7	26
0	9
0	10
0	3
0	1
1	6
0	6
0	13
0	11
207	7647
5	6136
81	7573
1	1493
0	801
11	1387
2	1387
6	795
0	532
0	377
15	497
0	10
0	3
0	77
0	17
0	500
0	0
0	0
0	0
15	0
5	0
2	20
1	2
0	2
0	0
0	19
1	0
0	148
0	162
0	28
0	8
0	35
1	27
0	0
0	0
0	0
0	0
0	34
0	160
0	153
0	160
0	4
5	71
6	6
0	43
0	30
0	17
0	545
0	347
3	264
0	195
0	3
0	26
0	5
0	11
0	264
0	167
0	18
0	184
0	21
42	1
0	1
0	1
0	0
0	0
0	0
0	0
0	46
10	30
0	46
15	2717
0	114
11	1005
62	29
0	2459
0	197
2	1187
0	4
5	315
3	546
4	33
0	33
0	0
0	0
0	0
0	0
0	0
0	0
0	0
0	0
0	0
0	495
0	472
0	439
6	241
1	20
0	94
0	73
0	0
14	13
0	14
0	6
0	0
0	0
0	0
501	42
0	11
0	31
0	0
0	0
0	0
0	0
0	0
0	0
0	0
0	0
0	0
94	171
0	39
10	30
0	50
1	47
0	23
0	5
0	2
0	0
0	13
23	109
1	14
0	95
0	2
0	174
6	7
0	177
0	170
0	171
0	27
0	16
0	31
2	13
0	35
0	0
0	0
0	0
0	24
0	0
6	23
0	18
0	0
164	100
0	41
4	32
0	317
4	277
17	272
4	303
0	124
0	55
0	70
15	21
0	8
0	0
0	0
16	0
960	653
3	67
0	152
47	538
0	135
0	91
0	106
0	202
0	79
1	195
7	179
4	177
0	27
2	0
0	0
0	0
0	0
0	0
0	542
0	186
0	66
0	21
0	9
2	13
0	8
9	541
0	0
0	0
0	0
0	0
0	0
0	0
0	0
0	0
0	0
2	7
0	7
0	50
1	50
0	3
2	13
0	7
0	46
50	1
0	0
0	0
0	0
0	0
0	0
0	0
0	0
0	370
0	377
1	366
11	5
0	358
0	104
0	158
0	116
0	79
19	670
0	670
0	279
0	222
0	123
0	61
0	7
1	0
0	191
0	166
2	163
0	140
1	23
9	0
0	23
0	193
0	7
0	7
0	0
0	0
18	84
0	8
0	8
0	0
0	0
0	8
0	8
183	123
3	123
0	72
0	72
0	0
0	0
475	2
1	2
0	6
0	6
1	0
0	0
0	1
0	0
0	0
0	1
0	1
2	0
0	0
0	0
0	0
189	66
9	66
126	313
1	58
9	209
1	20
0	84
0	70
4	48
8	66
0	38
3	66
0	26
1	11
0	0
232	293
5	30
0	34
8	272
0	119
0	19
0	1
0	19
0	13
0	47
0	52
0	61
0	2
0	93
1	0
0	98
0	0
0	0
0	0
0	0
0	1
0	1
0	0
0	0
0	1
0	1
89	63
0	11
0	41
0	0
0	0
0	0
0	0
0	1
0	1
0	1
0	1
0	1
0	0
0	1
0	0
0	89
0	70
0	15
0	9
0	4
2	59
4	10
3	18
0	17
0	40
0	49
0	23
0	39
0	0
7	0
0	0
0	0
0	0
2	0
0	0
0	0
0	0
0	0
0	0
2	2
0	2
0	1
0	0
0	0
0	1
0	0
0	3
0	3
0	0
0	3
0	0
0	0
0	0
1	0
0	0
0	0
0	0
0	0
51	28
0	26
0	24
0	8
0	24
0	17
0	16
1	9
0	9
0	1
0	2
1	289
0	10
0	26
0	22
0	2
4	5
0	1
0	83
0	62
0	3
0	11
0	0
0	7
0	36
0	5
0	289
0	0
0	0
0	0
0	0
0	0
0	0
0	0
0	0
0	0
47	164
1	158
0	9
6	3
0	0
0	31
0	473
2	9
0	46
8	466
0	2
0	358
0	468
5	466
0	0
0	0
0	20
0	24
0	24
175	224
0	53
6	14
0	30
0	67
0	219
19	12
0	12
2	9
0	5
0	0
0	0
0	0
0	0
0	0
0	0
0	29
0	29
0	29
3	0
0	134
23	125
0	99
0	0
0	3
0	3
252	77
0	4
0	27
0	6
0	30
165	97
1	97
5	196
0	194
6	185
7	13
0	125
0	122
0	8
0	88
4	65
0	32
8	50
0	28
1	13
1	0
13	1
0	0
0	0
0	0
3	625
4	393
4	592
36	10
11	213
0	322
1	318
0	145
0	37
0	123
0	100
11	32
851	50
0	45
0	145
3	73
3	68
1	112
0	0
0	0
0	0
0	0
6	100
0	15
0	99
0	0
0	0
0	0
2	139
3	140
9	117
41	157
0	116
0	157
1	44
0	101
2	71
0	17
0	0
0	20
1	206
0	169
0	166
0	190
0	48
89	173
1	151
8	124
0	123
1	123
0	0
0	0
0	0
0	0
0	0
0	0
0	0
0	0
0	0
2	84
0	5
0	46
1	34
2	1
0	6
1	83
1	0
2	5
3	0
0	0
0	23
0	23
0	15
8	12
0	10
1	0
0	2
0	0
0	0
0	77
1	92
6	78
5	54
0	43
0	8
0	3
1	69
0	61
0	10
0	18
0	14
100	115
0	95
0	20
12	0
16	9
0	0
0	9
0	1
0	3
0	3
0	0
0	9
0	10
0	6
0	0
0	0
0	0
1	0
0	0
18	0
0	6
0	0
0	6
0	1
0	1
0	0
384	474
10	438
0	7
0	118
0	36
0	0
0	0
0	229
16	3050
0	1637
0	2660
0	1792
2	190
0	3041
0	3041
0	2661
54	3041
0	1
0	0
7	10
0	2
0	0
0	10
0	0
0	0
0	0
0	0
0	27
3	28
0	28
1	6
1	7
0	1
0	3
119	0
0	0
0	0
0	0
1	0
0	0
0	24
1	24
8	21
0	0
0	0
0	0
0	0
0	15
0	14
4	21
0	7
0	3
0	2
0	3
0	1
0	1
0	0
0	7
0	0
1	0
0	0
0	62
0	62
5	0
0	0
0	0
0	0
0	0
3	0
0	0
0	0
0	0
0	0
0	0
0	0
54	18
0	17
2	18
0	61
0	42
1	48
0	49
0	18
0	12
0	20
0	2
0	0
0	0
27	97
1	92
0	43
0	91
191	65
3	19
0	40
0	24
0	10
2	56
0	66
0	66
0	1
0	25
0	66
0	0
0	0
0	0
0	0
0	0
0	0
0	0
0	0
5	102
0	117
7	117
0	4
1	0
0	0
0	0
0	0
0	0
0	0
0	0
0	0
0	0
0	0
0	0
0	0
0	0
0	1
0	1
0	0
1	1
0	1
0	2
0	0
0	0
0	0
0	0
0	1
0	1
0	65
2	64
0	8
0	16
0	21
0	64
0	0
0	0
0	0
0	0
0	0
0	6
0	10
3	4
0	0
0	0
0	0
0	0
0	0
0	0
0	0
0	0
0	0
0	0
0	0
3	0
43	322
0	303
49	302
23	34
24	3
0	45
5	45
0	18
711	13
2	13
0	0
0	0
364	93
0	62
42	31
0	505
0	496
16	325
1	66
0	64
0	47
41	174
0	6
2	9
0	15
64	555
63	15
7	15
0	0
0	0
12	33
0	22
0	5
0	18
1	0
0	0
0	0
0	0
0	0
0	599
6	159
15	248
0	567
0	49
0	467
0	121
0	179
9	126
10	0
0	56
17	343
2	633
20	5
1	84
0	243
0	642
3	450
2	59
0	446
10	88
3	446
3	83
0	14
5	9
0	61
2	64
442	0
0	0
0	0
0	0
0	0
2	75
0	9
1	69
0	16
2	12
2	10
2	10
0	7
0	7
0	1
0	3
0	1
0	2
0	0
0	2
0	0
0	0
0	0
119	6
0	2
0	4
32	77
1	305
0	41
0	306
0	0
0	0
0	0
0	0
0	0
0	0
0	0
0	4
0	4
0	4
0	3
0	0
0	1
0	0
0	0
0	0
0	0
5	17
0	17
4	54
0	33
0	43
0	48
0	25
0	10
0	42
1	16
0	0
0	0
23	0
0	0
0	0
0	0
8	62
0	64
0	51
2	21
0	20
2	18
0	31
0	0
0	0
0	0
0	0
0	0
7	829
15	72
0	29
0	68
15	840
0	28
0	97
0	844
131	440
3	70
1	429
0	32
3	11
0	35
17	159
0	116
2	42
62	4
0	6
0	0
0	0
0	26
7	26
1	97
0	299
0	1
0	1
0	268
0	16
0	179
0	96
0	22
0	10
0	10
0	291
0	289
2	0
0	0
0	66
19	27
0	66
0	13
0	20
0	26
0	173
0	175
0	131
0	150
0	164
0	171
0	152
0	177
1	202
45	151
0	108
0	156
0	15
0	185
0	0
2	146
75	171
2	171
0	0
0	25
0	0
0	23
1	17
0	17
0	7
0	5
142	0
5	275
0	109
0	146
0	155
14	62
19	37
0	62
0	61
0	67
4	0
4	0
20	0
0	109
6	94
1	69
0	39
0	79
0	79
142	114
0	106
2	10
1	39
0	32
9	14
0	14
0	1
0	0
0	0
0	0
3	1
0	1
1	24
31	49
0	26
0	44
0	0
0	0
0	478
0	17
0	246
0	387
14	474
0	9
0	221
6	77
0	1
0	1
9	866
52	866
0	614
0	455
0	268
8	103
0	255
0	251
3	24
0	120
0	29
0	120
2	120
23	1
0	25
0	18
1	14
0	32
0	0
0	0
0	0
0	1
0	0
0	0
0	5
0	1
0	1
0	3
0	2
0	5
6	19
0	19
3	4
0	1
0	1
0	0
0	1
94	21
0	21
0	14
2	0
0	0
0	0
59	0
6	0
6	284
0	68
38	155
0	33
0	101
0	275
0	33
0	0
13	214
0	198
1	8
0	16
0	19
12	30
0	23
3	9
0	7
0	1
0	1
0	1
0	1
0	1
0	0
0	1
0	0
0	0
0	0
0	1
109	206
0	4
11	148
2	20
0	60
0	0
0	267
0	6
0	28
9	131
1	35
10	3
0	197
0	15
12	53
0	46
0	18
0	53
0	11
0	9
0	9
0	6
0	11
0	4
0	11
0	7
0	7
0	3
0	300
0	301
0	291
0	269
0	310
0	270
0	274
0	92
0	76
0	54
2	50
0	323
0	330
0	323
0	240
0	0
12	85
0	13
3	65
1	40
0	18
1	6
6	4
0	4
0	78
0	0
0	0
0	0
0	0
0	0
0	1
0	1
3	0
0	4
1	5
0	5
0	5
0	5
1	2
1	0
0	0
1	25
0	10
0	2
0	1
9	23
164	0
0	0
0	0
0	0
1	11
0	30
1	27
0	16
0	2
0	0
0	0
0	0
2	21
0	20
0	12
0	6
0	2
0	0
0	0
0	0
0	0
0	0
0	0
0	0
0	0
0	0
0	1
0	0
0	0
0	0
0	0
0	0
0	1
42	759
21	423
0	100
0	71
5	606
0	245
7	0
0	151
0	65
45	85
0	73
0	43
0	30
0	2
0	360
4	882
0	58
0	45
0	56
2	58
0	1
0	882
199	108
11	13
1	44
0	20
0	13
0	0
2	325
4	322
6	25
0	41
0	0
0	0
0	0
0	0
0	0
0	0
0	0
0	0
0	0
0	0
0	0
0	0
0	0
0	0
0	0
0	0
0	0
0	0
0	50
0	57
2	25
1	13
1	10
18	0
0	68
0	81
1	81
0	81
0	57
0	0
31	6
149	82
0	85
0	14
3	1307
7	1295
0	439
37	418
95	317
4	4
0	4
0	0
0	0
0	0
0	3
0	0
0	3
0	0
0	3
0	6
0	7
0	7
0	0
0	0
2	0
0	0
0	0
0	0
0	3
7	3
0	2
0	1
0	2
0	3
0	0
0	177
13	0
1	4
63	177
0	0
0	0
0	10
0	10
5	10
6	10
0	8
0	0
0	0
0	30
1	1
2	30
0	0
0	0
0	0
0	0
1	0
0	0
4	8
0	0
0	0
0	9
0	2
2	8
1	2
13	13
0	4
0	0
0	0
0	0
0	0
0	0
0	0
0	0
0	0
0	0
0	0
0	0
0	0
0	0
41	0
0	0
0	0
0	0
12	47
0	44
0	34
0	31
0	25
0	0
0	0
0	0
0	0
0	0
0	0
0	0
0	0
0	441
3	7
0	0
0	567
5	154
3	142
0	106
0	28
157	563
0	0
0	0
0	0
0	0
0	0
0	0
0	0
0	0
0	0
0	0
9	156
3	165
2	126
1	90
0	162
0	30
4	114
0	0
0	0
0	0
0	0
5	107
2	111
0	45
9	38
0	88
2	17
0	3
0	13
0	17
0	8
1	0
8	1
0	12
0	20
0	9
15	9
0	94
2	95
0	98
0	35
0	32
0	18
0	15
0	27
3	7
0	10
0	0
0	0
2	22
0	9
2	22
13	0
0	0
0	18
0	18
0	8
0	4
0	11
0	0
0	0
0	10
0	13
0	0
0	0
0	0
0	0
0	0
0	0
0	0
0	305
8	302
0	224
0	254
0	43
0	223
0	313
0	207
0	236
0	256
10	216
0	43
0	223
0	237
53	4
19	26
0	284
0	11
0	35
9	6
0	80
0	82
0	63
0	0
0	0
0	0
0	0
0	33
0	33
0	15
0	0
4	34
0	70
0	74
0	72
0	52
0	20
0	24
0	49
0	0
12	1
0	8
15	16
1	16
0	0
0	0
0	0
0	0
0	0
0	0
0	0
0	0
0	472
6	14
1	38
1	70
1	472
0	148
0	146
0	146
0	146
0	131
2	145
0	148
1	13
0	17
1530	717
3	557
0	789
0	791
0	779
0	75
1	37
0	116
0	27
0	29
0	15
1	0
0	0
0	0
0	0
0	0
0	0
0	0
0	0
0	0
0	0
0	0
0	0
0	1
0	2
0	1
0	2
0	1
0	0
0	2
0	2
0	0
0	0
0	0
0	0
0	0
0	0
0	0
0	10
0	0
0	5
0	10
0	4
0	2
2	0
0	1
0	0
0	0
0	0
0	0
0	0
0	0
0	0
0	0
0	0
0	11
9	11
5	139
20	176
0	178
1	2
0	0
0	1
0	0
0	1
0	0
2	286
12	210
1	81
0	284
0	284
0	289
0	243
0	194
0	25
0	75
0	50
152	76
10	76
0	58
0	61
0	10
0	0
4	2
0	0
0	2
0	160
0	28
0	6
0	160
0	0
0	0
0	0
0	0
0	0
0	0
0	0
0	0
69	1967
17	181
15	0
7	31
1	1967
0	0
0	0
0	0
0	0
0	0
0	0
0	0
0	0
0	0
0	0
0	0
8	5
0	5
87	4
43	7
0	0
0	0
0	0
0	0
36	107
6	107
0	3
0	0
0	0
1	104
0	169
1	168
0	170
2	169
0	19
0	26
0	22
1	21
0	18
0	13
0	1
0	2
0	2
0	545
46	49
0	33
0	194
61	507
0	148
3	87
0	74
2	0
0	493
0	0
0	0
0	0
0	0
0	0
0	0
0	0
19	95
0	104
1	28
0	34
0	103
0	0
2	58
0	49
0	25
0	0
0	84
0	84
0	60
0	0
0	0
0	0
0	0
0	0
0	0
0	108
0	0
0	0
0	0
0	0
0	0
0	0
0	0
0	0
0	0
0	0
0	0
0	0
0	0
0	0
0	0
0	0
0	0
0	0
221	807
0	269
0	726
2	259
0	335
0	59
0	80
11	43
0	65
0	49
0	24
15	136
17	4
10	42
1	111
0	25
0	0
0	0
0	14
0	7
3	14
0	14
0	3
2	26
0	16
0	5
0	12
0	13
0	26
0	0
0	0
0	0
0	0
0	0
0	0
0	0
0	0
6	0
0	0
0	0
0	0
0	0
0	0
0	0
0	0
0	0
0	0
0	0
0	2
36	2
62	43
0	12
1	0
0	0
0	0
0	0
0	0
0	0
0	0
0	159
0	129
4	148
12	22
0	11
10	91
0	68
1	4
0	5
0	4
0	4
0	0
0	4
0	0
0	0
0	0
8	71
0	62
0	69
0	15
0	0
0	0
0	0
0	0
0	0
0	0
0	0
0	0
29	149
0	0
0	0
0	0
0	0
0	0
0	0
239	120
0	91
6	97
0	0
0	0
0	0
0	0
204	87
0	1
0	0
0	1
0	1
0	0
0	0
0	0
0	0
0	0
0	1
0	0
0	0
0	0
0	0
0	0
0	0
0	0
0	0
2	501
0	501
0	115
40	43
0	176
0	180
0	175
3	191
2	180
0	103
1	10
0	11
0	0
0	0
59	529
13	527
56	2
3	0
0	0
0	0
0	0
0	0
0	0
0	0
0	0
0	0
0	0
0	0
0	0
99	196
0	169
0	107
0	115
1	28
0	0
28	45
1	45
2	29
0	6
2	32
0	4
0	4
0	6
1	12
0	11
0	1
5	2
0	2
0	1
0	0
0	17
0	18
0	11
0	17
0	14
0	18
0	18
0	0
0	0
0	17
1	11
0	0
3	0
0	0
0	0
0	0
0	2
0	1
0	2
0	1
0	3
0	0
0	0
0	0
0	0
0	0
9	317
0	321
0	1
0	23
2	37
0	23
0	0
0	0
37	3271
77	466
0	3310
0	2211
0	303
3	1
22	0
0	0
0	0
99	2763
91	1636
0	1221
1	1114
1	736
0	636
7	504
0	360
38	1108
1	242
2	182
0	0
0	0
280	76
0	18
1	41
2	17
24	235
314	279
5	160
0	70
0	0
0	0
10	381
85	381
0	80
0	0
0	0
0	0
0	0
57	56
0	58
0	24
0	11
0	61
0	61
4	57
0	1
1	4
0	5
2	39
0	3
1	0
0	6
3	6
4	0
2	420
0	405
1	417
2	48
0	122
0	78
9	25
0	102
11	0
195	179
0	48
11	135
0	8
2	81
1	2
1	265
0	261
2	1
0	36
0	21
0	27
4	83
1	62
0	265
0	0
0	0
2	3
0	3
0	1
0	0
0	0
20	215
0	181
3	193
0	0
0	0
0	961
0	982
0	994
0	867
0	147
2	191
0	69
64	5552
0	5544
20	2978
454	9
0	9
0	0
0	0
0	0
0	0
85	226
0	30
0	17
18	15
0	226
0	21
0	2
0	21
1	6
0	0
0	21
0	21
0	0
0	20
0	0
0	19
0	20
0	3
0	14
4	0
0	4
0	3
0	21
0	0
0	0
0	0
23	731
0	205
0	154
0	1408
2	1374
0	1321
28	349
0	1623
0	118
2	58
6	145
0	257
15	699
32	821
0	829
2	931
1	1215
0	29
1	140
0	1601
0	0
0	0
0	0
0	1
0	0
0	1
0	0
0	0
0	0
15	15
0	11
2	2
144	47
2	40
0	32
2	34
0	1
0	1
0	0
0	0
0	0
57	9
0	9
0	2
4	0
0	0
0	0
1	0
0	0
0	5059
0	4167
0	57
0	150
1	136
1	0
0	12
0	126
0	52
0	73
0	1
1	50
0	19
17	381
5	381
3	22
0	48
3	24
0	283
0	299
0	236
0	15
0	14
0	0
0	1
0	1
0	1
36	288
0	0
0	0
0	0
1001	370
42	14
0	14
0	10
0	0
0	0
0	0
0	0
0	0
361	261
5	262
0	38
0	16
0	15
0	0
0	6
0	57
11	55
1	55
0	0
0	0
0	0
0	262
0	4
7	53
0	9
0	51
0	49
0	13
0	8
0	2
0	12
0	13
0	8
0	10
0	11
0	8
0	10
0	11
0	11
0	11
0	11
0	8
0	2
0	3
0	0
0	0
0	11
0	0
0	0
0	0
0	0
0	0
0	0
0	120
0	119
2	92
1	31
0	14
0	1
1	34
4	15
1	2
0	120
0	0
0	0
0	0
0	0
0	0
0	0
0	0
0	0
0	0
1	67
0	58
0	10
0	7
0	5
0	34
0	11
0	13
0	7
0	1
0	0
0	0
0	0
0	1
0	0
0	0
0	0
0	0
0	0
0	0
0	0
0	0
0	2
0	2
0	0
4	310
40	329
33	303
0	46
2	91
1	37
2	23
52	11
0	32
0	252
0	0
0	15
2	15
0	4
0	0
0	4
0	1
0	3
0	4
0	0
0	3
0	0
0	0
0	0
0	0
10	962
8	1006
72	1003
0	3
0	3
0	3
0	1
0	4
0	4
0	4
0	0
0	0
0	0
0	0
0	0
0	0
0	0
81	35
0	33
0	4
0	0
0	0
0	0
0	0
0	0
0	315
0	277
0	315
0	0
0	846
0	0
0	0
0	61
61	67
6	21
0	42
0	14
0	30
7	12
83	0
192	55
0	2
0	31
0	21
1	19
13	57
0	21
4	29
0	11
0	52
0	47
1	2
0	0
0	0
0	29
5	29
2	3
0	1
0	0
2	61
0	61
0	4
0	4
15	94
0	0
0	0
0	0
0	0
0	0
0	0
0	0
0	0
0	0
8	0
0	0
0	0
0	0
0	12
0	32
0	42
4	3
2	401
0	186
0	267
0	157
0	92
115	841
23	766
5	75
0	0
0	0
0	0
0	0
0	0
6	211
0	7
55	206
0	7
103	339
4	277
0	303
0	74
0	60
0	0
0	0
0	0
0	0
0	0
0	0
0	0
22	24
2	19
0	0
0	10
0	2
0	10
0	5
22	145
0	138
0	180
2	139
0	25
0	28
0	42
0	51
0	49
0	28
0	43
0	34
167	0
273	0
0	0
3	255
0	625
2	39
14	625
0	0
0	0
0	0
0	0
0	0
0	0
0	0
0	0
0	0
0	0
0	0
0	0
0	0
0	0
0	0
0	0
0	9
0	4
0	1
1	1
0	0
0	0
0	0
0	0
0	0
1	9
0	7
2	9
18	10
0	9
0	5
0	5
0	2
0	0
0	0
0	0
0	2
0	2
0	2
0	2
0	0
0	2
0	149
0	26
1	46
0	1
0	6
0	149
0	152
0	0
0	0
0	0
0	0
0	0
0	10
0	0
0	3
34	10
1	13
0	9
6	0
0	4
0	7
0	0
100	3
0	6
0	1
0	1
0	1
19	0
0	464
0	442
1	438
0	431
2	3
10	116
17	70
0	23
82	862
1	928
0	164
42	623
0	629
0	172
8	117
0	117
0	51
1	76
0	0
0	0
0	85
0	168
0	48
0	147
0	207
0	114
9	207
0	165
0	113
0	49
0	49
1	24
0	3
0	11
0	9
0	5
6	4
0	2
0	15
0	21
0	21
0	21
0	21
1	0
0	0
0	0
0	0
0	0
8	33
1	33
1	31
0	52
0	52
0	5
0	7
0	9
0	0
3	16
0	13
0	3
0	4
0	4
2	0
92	300
12	135
0	155
0	106
0	0
0	0
0	4
0	4
0	4
0	0
0	1
0	2
0	4
0	0
0	0
0	0
0	0
0	0
0	0
0	0
1057	39
8	39
0	0
0	0
87	61
2	61
0	31
0	0
0	9
0	0
0	0
0	0
0	0
99	159
2	42
0	51
0	76
0	58
0	44
0	26
0	0
0	0
0	0
0	0
0	0
0	0
0	0
0	0
0	0
0	0
1	430
4	388
6	305
0	215
0	58
51	3
0	2
0	1
0	0
0	0
0	0
0	0
0	0
0	0
0	0
0	0
0	0
0	0
0	0
0	0
0	0
139	43
0	15
1	28
0	0
71	1
2	1
0	745
1	740
11	647
0	678
0	159
1	657
0	49
0	737
0	713
37	2
0	50
0	184
0	319
10	107
0	31
4	96
279	259
27	71
0	118
0	46
1	76
1	102
0	9
72	86
5	53
0	18
0	31
0	23
0	13
0	0
0	0
0	0
0	0
0	0
0	0
0	0
0	0
0	0
0	0
0	0
5	17
0	1
20	41
0	32
0	11
0	9
0	9
0	10
0	14
0	27
0	30
1	3
0	2
0	2
0	2
0	3
0	30
0	27
1	407
0	409
4	42
0	9
2	117
4	117
0	15
76	294
0	188
4	0
0	736
0	731
0	314
3	99
0	314
0	38
0	71
3	631
4	376
0	164
4	29
28	229
30	2
0	35
0	6
0	96
3	72
2	68
13	49
0	729
0	0
0	0
0	0
0	0
0	0
0	0
0	0
0	0
0	0
0	0
0	0
0	0
0	0
0	0
0	0
0	0
0	999
2	1036
6	16
17	388
5	36
10	21
1	225
1	1013
2	27
0	86
0	58
0	82
0	81
0	28
0	0
0	0
0	0
150	294
0	13
2	125
1	277
0	152
8	4
1	7
6	1
3	291
0	0
0	0
0	75
0	22
0	75
0	82
1	63
0	5
0	7
0	14
0	55
0	39
0	29
0	62
0	0
0	0
0	0
0	0
0	0
0	4
0	16
0	9
0	7
0	11
0	12
0	9
0	16
0	16
0	0
0	0
0	3
0	1
0	3
0	1
0	0
0	0
0	0
0	0
0	0
0	0
0	0
0	0
0	0
0	0
0	0
0	0
0	0
0	0
0	0
0	0
0	0
7	8
2	0
0	7
0	0
0	0
0	0
0	106
13	248
0	42
0	193
25	65
1	104
0	47
0	0
0	0
0	0
0	0
0	0
0	0
0	0
0	0
0	0
0	0
1	74
3	74
0	16
1	21
0	8
0	9
0	3
0	0
0	231
0	139
0	47
0	43
0	27
0	236
0	228
0	79
12	18
0	21
0	225
0	0
0	0
0	0
0	250
0	258
0	267
0	242
0	228
42	4
0	3
0	2
0	0
1	1
4	21
2	1
0	10
0	21
168	95
5	39
6	92
0	0
0	0
0	0
0	0
0	0
0	200
0	202
0	149
0	200
0	44
0	8
0	179
2	39
0	179
8	43
0	25
0	3
0	116
0	111
3	1
0	0
0	0
0	0
0	0
0	0
0	23
0	30
3	25
7	0
4	20
12	30
0	17
0	26
4	0
0	13
0	0
0	3
10	12
0	1
0	4
0	13
0	10
10	36
1	24
0	0
5	0
0	0
0	0
0	196
0	74
0	20
0	68
0	47
0	64
0	37
0	45
0	195
0	103
3	171
0	39
0	0
0	78
0	198
0	196
109	57
4	8
4	37
2	26
0	36
0	57
2	34
7	11
1	2
2	580
0	560
0	576
6	395
2	138
5	58
0	119
0	121
6	651
2	234
55	271
3	382
1	309
18	101
13	141
0	98
2	0
0	0
28	173
0	49
0	172
1	104
0	52
0	0
0	0
0	0
0	0
0	0
0	0
0	0
6043	0
0	985
0	840
10	100
0	199
2	842
0	823
0	877
0	691
1	86
12	0
10	44
0	444
0	28
0	251
27	44
0	10
9	17
0	0
0	0
0	0
0	0
2	14
0	31
24	43
0	12
0	1
1	12
0	0
0	0
0	0
0	0
0	0
0	0
0	0
0	0
0	0
0	0
0	0
0	0
0	0
0	0
0	0
0	0
0	0
0	0
0	0
5	24
0	24
0	1
0	2
0	0
8	0
0	0
0	0
0	0
0	0
0	0
0	0
0	0
0	0
0	0
0	0
0	0
0	0
0	1
0	0
0	1
0	0
0	0
0	0
0	0
0	0
0	0
0	0
0	0
0	0
0	0
0	0
0	0
0	0
0	0
0	3
0	0
0	0
0	0
0	0
0	0
1	0
0	3
0	0
0	0
0	0
163	268
0	25
1	234
0	62
0	62
32	91
1	6
0	26
0	145
3	135
3	11
0	140
0	124
6	12
0	0
0	33
20	50
0	33
0	14
0	8
0	11
0	37
0	41
0	33
0	3
3	11
2	9
109	83
4	514
8	551
0	552
34	509
76	103
3	97
5	13
0	0
0	19
0	0
0	0
0	0
0	0
1	3
2	4
0	0
0	4
0	0
5	0
3	99
0	0
1	47
215	103
0	0
0	0
0	0
0	0
0	0
0	312
0	0
0	80
0	96
0	383
0	436
0	326
0	443
0	316
0	204
2	434
0	425
0	73
3	37
0	312
0	31
0	198
0	80
0	39
0	31
0	31
0	31
0	73
0	53
0	53
4	99
0	29
0	56
0	33
0	96
0	34
0	16
0	4
0	96
103	0
0	0
0	0
0	0
12	185
12	166
0	64
0	62
3	6
2	32
0	0
0	74
0	24
0	70
0	66
0	43
0	63
0	32
0	26
0	71
28	121
0	7
0	121
0	273
8	278
0	84
5	52
0	0
0	33
2	155
60	0
0	0
8	83
8	359
0	196
2	12
15	0
9	81
0	359
4	0
0	8
7	1
5	2
2	1
0	22
17	776
1	198
0	348
9	776
0	263
4	234
0	384
0	197
21	327
0	417
0	213
0	0
0	0
0	0
0	0
0	0
0	0
5	5
0	0
0	0
0	0
0	0
0	0
0	0
0	0
8	0
0	0
0	0
0	0
0	0
0	0
0	82
138	440
0	846
1	11
2	82
9	846
13	91
9	1027
216	1027
0	0
0	0
0	0
0	0
0	0
0	0
0	0
8	80
0	80
0	9
0	4
0	9
2	148
0	146
1	142
0	87
4	17
0	0
0	0
0	0
0	0
0	0
0	0
0	0
0	0
2	1
1	1
0	1
0	1
6	0
0	0
0	0
0	0
0	0
0	0
0	0
67	667
3	276
0	615
7	289
6	105
0	22
3	24
0	18
0	7
0	26
3	0
0	0
0	0
0	0
0	0
0	0
0	0
0	0
0	0
0	0
0	0
0	5
0	5
0	4
0	1
0	2
0	2
0	0
116	49
21	6
3	12
0	31
119	50
0	0
0	0
0	0
0	50
0	0
0	0
0	0
0	0
0	0
0	0
12	7
0	7
9	1143
0	5212
0	5192
0	5212
34	0
7	1884
0	5104
0	2558
0	3203
6	5142
0	254
0	251
0	250
0	242
0	157
0	13
1	51
7	140
0	45
2	11
2	5
1	4
0	98
3	99
0	99
1	0
0	6
0	4
6	4
0	3
1	247
19	430
11	637
2	538
0	435
297	93
0	93
0	0
0	0
0	0
313	5354
34	5354
8	0
262	0
17	356
5	118
0	303
60	36
2	109
14	157
0	229
0	330
0	59
4	42
0	14
2	48
31	46
0	7
0	1
0	1
0	8
0	6
0	16
2	11
0	18
0	0
0	1
0	0
0	0
0	0
0	0
149	0
0	0
247	9
20	9
147	329
0	260
1	97
0	90
0	62
0	76
1	72
0	48
0	38
1	44
0	58
0	36
0	0
0	0
0	0
0	0
0	2
0	0
0	2
0	2
0	0
0	0
0	0
0	0
0	0
0	7
7	7
0	0
0	0
0	1
0	1
0	0
0	0
57	0
0	0
0	0
0	0
0	0
22	22
0	20
0	22
0	9
3	8
0	8
3	20
8	485
3	39
1	485
0	0
0	0
0	0
0	282
0	297
0	282
0	32
0	209
1	0
1	297
0	0
0	0
0	0
0	0
0	0
0	0
0	53
0	85
0	79
11	15
0	41
0	34
0	59
0	0
0	0
0	0
0	0
0	0
0	0
0	0
0	0
0	0
0	0
44	139
0	240
0	5
0	20
0	20
0	232
0	640
0	270
0	615
10	228
0	514
3	79
0	195
0	640
0	0
0	0
0	0
152	0
10	537
0	27
3	10
0	21
0	323
0	57
0	28
3	15
0	253
2	156
1	51
0	1
0	1
245	253
0	27
0	105
0	143
12	392
1	318
9	161
311	443
6	108
0	0
0	6
0	5
0	6
0	0
0	81
11	130
0	12
0	9
0	10
0	9
0	0
0	3
2	46
13	1
4	21
3	22
3	11
31	53
35	85
0	70
0	39
0	0
0	0
0	0
0	0
0	0
1	3
0	3
0	101
2	93
24	5
0	17
0	7
0	81
0	65
0	17
0	7
0	3
0	10
2	40
0	0
13	75
0	6
0	5
9	4
0	75
0	14
1	17
0	16
0	10
0	7
5	12
0	3
0	4
206	0
0	107
9	110
0	55
0	19
0	10
0	417
0	437
57	152
0	51
0	335
0	351
2	20
2	28
0	19
0	22
2	28
0	29
1	41
4	6
0	0
0	0
0	0
0	0
0	0
0	0
0	0
0	0
22	7
0	7
0	0
0	0
0	0
0	0
0	0
0	0
0	0
0	0
0	416
49	44
0	373
0	357
0	143
2	9
0	416
13	495
2	493
0	94
4	1
0	98
0	0
0	0
0	0
14	144
0	38
0	14
1	6
0	20
0	16
0	12
1	95
0	18
0	21
9	23
0	34
0	36
0	5
0	36
0	2
0	5
0	2
0	2
0	2
0	0
1	0
0	0
0	0
0	143
0	143
0	15
0	3
0	8
0	88
0	23
0	0
0	0
0	11
0	0
0	0
0	0
0	0
0	0
0	0
0	0
0	0
0	0
0	4
0	31
0	0
0	4
0	0
0	0
0	0
0	31
0	0
0	0
0	0
0	212
0	0
0	0
0	0
0	0
0	0
0	0
0	1
0	0
0	0
0	0
0	0
0	35
0	0
0	1
0	0
0	0
0	1
0	12
0	241
0	0
0	0
0	0
0	0
0	0
0	0
0	0
0	0
0	0
0	0
0	0
0	0
0	35
0	240
0	885
0	113
0	3
0	18
0	18
0	7
0	0
0	0
0	0
0	18
38	0
0	0
0	0
0	0
0	0
0	193
0	138
0	64
0	123
0	0
0	0
0	0
0	5058
0	4166
0	0
0	0
0	0
0	0
0	0
0	0
0	0
0	0
0	191
0	0
0	0
0	11
0	0
0	0
0	0
91	0
0	40
0	134
0	823
0	3
313	0
0	0
21	0
0	29
0	0
0	0
20	86
5	86
0	103
0	100
0	0
0	0
0	0
0	0
0	0
0	0
0	0
0	0
0	0
0	0
0	0
0	0
0	0
0	0
0	0
0	0
0	0
0	0
0	0
0	0
0	0
0	0
0	0
0	0
0	0
0	0
0	0
0	0
0	0
0	0
0	0
0	0
0	0
0	0
0	0
0	0
0	0
0	0
0	0
0	0
0	0
0	0
0	0
0	0
0	0
0	0
0	0
0	0
0	0
0	0
0	0
0	0
0	0
0	0
0	0
0	0
0	0
0	0
0	0
0	0
0	0
0	0
0	0
0	0
0	0
0	0
0	0
0	0
0	0
0	0
0	0
0	0
0	0
0	0
0	0
0	0
0	0
0	0
0	0
0	0
0	0
0	0
0	0
0	0
0	0
0	0
0	0
0	0
0	0
0	0
0	0
0	0
0	0
0	0
0	0
0	0
0	0
0	0
0	0
0	0
0	0
0	0
0	0
0	0
0	0
0	0
0	0
0	0
0	0
0	0
0	0
0	0
0	0
0	0
0	0
0	0
0	0
0	0
0	0
0	0
0	0
0	0
0	0
0	0
0	0
0	0
0	0
0	0
0	0
0	0
0	0
0	0
0	0
0	0
0	0
0	0
0	0
0	0
0	0
0	0
0	0
0	0
0	0
0	0
0	0
0	0
0	0
0	0
0	0
0	0
0	0
0	0
0	0
0	0
0	0
0	0
0	0
0	0
0	0
0	0
0	0
0	0
0	0
0	0
0	0
0	0
0	0
0	0
0	0
0	0
0	0
0	0
0	0
0	0
0	0
0	0
0	0
0	0
0	0
0	0
0	0
0	0
0	0
0	0
0	0
0	0
0	0
0	0
0	0
0	0
0	0
0	0
0	0
0	0
0	0
0	0
0	0
0	0
0	0
0	0
0	0
3	0
0	0
0	0
0	0
0	0
0	0
0	0
0	0
0	0
0	0
0	0
0	0
0	0
0	0
2	0
2	6
1	10
0	8
0	0
1	0
0	0
0	0
0	0
0	0
0	2
0	2
0	0
0	0
0	0
0	0
2	0
0	0
0	0
1	0
0	0
0	0
0	0
0	0
0	0
0	0
0	0
0	0
0	0
0	0
0	0
0	0
0	0
0	0
0	0
0	0
0	0
0	0
0	0
0	0
0	0
0	0
2	0
20	6
0	6
1	23
0	26
3	60
20	58
1	1
0	0
0	0
0	1
0	0
2	15
0	6
6	5
0	0
0	0
0	0
0	2
0	0
0	0
0	0
0	0
2	0
0	0
1226	2831
0	0
1	0
1	0
0	0
1	0
0	0
0	0
0	0
0	0
1	0
0	0
0	0
0	0
0	0
0	11
0	0
0	0
20	97
0	0
0	0
0	0
0	0
0	0
0	2
0	0
0	0
3	0
0	0
0	0
0	0
4	5
0	0
0	0
0	0
0	0
0	0
0	0
78	771
12	0
0	0
143	3920
0	0
5	0
0	0
0	0
0	0
0	0
0	0
0	11
0	0
0	0
0	0
0	0
1	0
0	0
0	0
0	0
157	63
1	0
0	0
0	0
1	0
0	0
0	0
0	1
0	0
0	0
0	0
1	1
0	0
0	0
0	0
0	19
0	0
0	0
0	0
0	0
2	0
5	0
0	0
0	0
0	0
0	0
0	0
0	0
0	0
0	0
67	155
326	2288
2	0
0	0
0	0
7	3
6	0
0	0
0	0
0	0
0	0
0	0
0	0
0	0
0	0
0	0
0	0
3	0
0	0
0	0
0	0
0	0
0	0
0	0
78	6
0	6
0	32
0	29
0	0
0	0
0	0
0	0
0	0
0	0
0	5
0	5
0	0
0	0
0	0
0	0
0	0
0	0
0	0
0	0
3	10
18	35
15	31
0	9
6	24
0	22
0	9
0	1
3	3
0	0
1	0
3	7
0	0
9	0
0	0
0	0
0	0
0	0
0	0
0	0
0	0
0	0
0	0
0	0
0	0
0	0
0	0
0	0
0	0
0	0
0	0
0	0
0	0
0	0
0	0
0	0
0	0
0	0
0	0
0	0
1	70
0	39
0	34
0	0
0	0
0	0
0	0
0	0
0	0
0	0
0	0
0	0
0	0
0	0
0	0
0	0
114	872
0	709
0	0
0	237
827	476
0	0
0	0
0	0
0	0
0	0
0	0
0	0
0	0
0	0
0	0
0	0
0	0
0	0
0	0
0	0
0	0
0	0
0	0
0	0
0	0
0	0
0	0
0	0
0	0
0	0
0	0
0	0
0	0
0	0
0	0
0	0
0	0
0	0
0	0
0	0
0	0
0	0
0	0
0	0
0	0
0	11
2	4
0	4
0	0
0	0
0	0
0	0
0	0
0	0
0	0
0	0
0	0
0	11
0	11
0	0
0	0
0	0
0	0
0	0
0	0
0	0
29	44
0	1
0	0
0	1
0	1
0	1
0	1
0	0
0	0
0	0
1	0
0	0
0	0
0	0
0	0
0	0
0	0
0	0
0	0
0	0
0	0
0	0
3	4
0	5
0	4
0	5
0	0
0	0
0	0
0	0
0	0
0	0
0	0
0	0
0	0
0	0
0	0
0	0
0	0
0	0
0	0
0	0
0	0
0	0
0	0
0	0
0	0
0	0
0	0
0	0
33	22
0	2
0	6
0	0
0	0
0	0
0	0
0	0
0	0
0	1
1	23
0	1
0	0
0	0
0	0
0	0
0	0
0	0
0	0
0	0
0	0
0	0
0	0
0	0
0	0
0	0
0	0
0	0
0	0
0	0
0	1
0	4
0	0
0	0
0	0
0	0
0	0
0	0
0	0
0	0
0	0
0	0
0	0
0	8
0	8
0	0
0	0
0	0
0	0
0	0
0	0
0	0
0	0
0	0
0	0
0	0
0	0
0	0
0	0
1	0
0	0
17	23
5	31
0	0
0	0
0	0
0	0
0	0
0	0
0	0
0	0
0	0
0	0
0	0
0	0
0	0
0	0
0	0
0	0
0	0
0	0
0	0
0	0
0	0
0	0
0	0
0	0
0	0
0	0
0	0
0	0
0	0
0	0
0	0
2	0
0	0
0	0
0	0
0	0
0	9
0	10
0	0
1	67
6	92
0	13
0	11
5	15
0	9
18	3
0	3
15	32
0	36
0	0
0	0
0	0
0	0
0	0
0	0
0	0
0	0
0	0
0	0
0	0
0	0
0	0
0	0
0	0
0	0
0	0
0	0
0	0
0	0
0	0
0	0
0	0
0	0
0	0
0	0
0	0
0	14
0	14
0	35
3	35
3	190
3	137
0	0
0	0
0	2
0	1
18	16
1	0
0	0
0	0
0	0
0	0
0	0
0	0
0	0
0	0
0	0
0	0
0	0
0	0
0	0
0	0
0	0
1	0
0	0
0	0
0	0
0	0
0	0
0	0
0	0
0	0
0	0
2	14
0	13
9	13
6	19
0	18
6	18
0	0
1	0
0	0
0	0
0	0
2	0
0	0
1	0
0	0
0	0
0	0
0	0
0	0
0	0
0	0
0	0
0	0
1	0
0	0
0	0
0	0
0	0
0	0
0	0
0	0
0	0
0	0
0	0
0	0
0	0
2	2
0	24
0	0
0	0
0	0
0	0
0	0
0	0
0	0
0	0
0	0
0	0
0	0
0	0
0	0
0	0
0	0
0	0
0	0
0	0
0	0
0	0
0	0
5	0
0	1
0	0
0	1
1	0
2	0
0	0
0	0
20	0
0	0
11	38
17	69
0	117
0	107
0	0
0	0
0	0
0	0
0	0
0	0
0	0
0	115
22	28
1	138
0	8
6	14
1	12
0	9
0	0
0	0
1	40
0	12
0	26
1	23
0	0
0	0
0	0
0	0
0	0
0	0
0	0
0	0
0	0
0	0
0	0
0	0
0	0
0	0
0	0
0	0
0	0
0	0
0	1
1	2
11	1
0	0
0	0
0	7
0	0
0	0
0	0
0	0
0	0
0	0
0	0
0	0
0	0
0	0
0	0
0	0
0	0
0	0
1	0
0	0
0	0
0	0
0	0
0	0
0	0
2	25
0	21
1	4
15	6
0	6
4	7
0	0
0	1
0	0
0	0
0	0
0	0
0	0
0	0
6	5
0	2
0	0
0	0
0	0
0	0
0	0
0	0
0	0
0	0
0	0
0	0
0	0
0	0
0	0
0	0
0	0
0	0
0	0
0	0
0	0
0	0
0	0
0	0
0	0
0	0
0	0
0	0
0	0
0	0
0	0
0	20
0	20
0	0
0	0
0	0
0	0
0	0
0	0
0	0
0	3
0	2
0	3
0	0
0	0
0	0
0	0
0	0
0	0
0	0
0	0
0	0
0	0
0	0
0	0
0	0
0	2
0	2
0	0
0	0
0	0
0	0
0	0
0	0
43	24
0	24
10	0
2	0
0	0
0	0
0	0
0	0
0	0
0	0
0	0
1	0
0	0
0	0
0	0
0	0
0	0
0	0
0	0
0	0
0	0
0	0
0	3
0	0
0	0
0	0
0	0
0	0
26	12
0	12
0	0
0	0
0	0
0	0
0	0
0	6
0	6
0	0
4	0
0	0
1	0
0	0
0	0
0	0
0	0
0	0
0	0
0	0
0	0
0	0
0	0
0	0
0	2
0	2
0	0
0	0
0	1
0	1
0	0
0	0
0	4
1	10
0	0
0	0
0	0
0	0
0	0
0	2
0	2
0	2
0	2
0	0
0	0
0	0
0	0
0	0
0	0
6	222
1	80
0	89
0	198
0	32
0	228
22	105
3	96
0	0
0	0
1	3
0	5
0	5
0	2
0	3
0	2
0	2
0	3
0	0
0	0
0	0
0	0
2	0
3	0
0	0
0	0
0	0
0	0
0	0
0	0
0	0
0	0
0	0
0	0
0	0
0	0
0	0
0	0
0	1
0	1
0	1
0	1
0	0
0	0
0	0
0	0
0	0
0	0
0	5
0	0
0	0
0	0
0	0
0	0
0	0
0	0
1	8
0	5
0	0
0	0
0	0
0	0
0	0
0	0
0	0
0	0
0	0
0	0
0	10
6	680
0	0
0	0
0	0
1	0
0	0
0	57
9	1023
0	0
0	0
0	0
0	0
0	0
0	0
0	0
0	0
4	4
0	0
0	254
0	0
0	0
0	0
0	0
0	26
0	0
6	1492
0	0
0	0
1	0
0	8
0	0
0	0
1	0
0	0
0	8
0	38
0	5
0	0
0	0
0	0
0	377
0	0
0	0
0	0
0	0
0	0
0	0
0	0
0	0
0	0
0	0
0	0
0	0
0	0
0	0
0	0
0	0
0	0
0	0
0	0
4	41
0	0
0	0
0	0
94	56
88	597
0	26
0	0
0	0
0	0
0	120
0	0
0	2
0	0
0	0
0	0
3	0
5	0
6	0
0	0
0	0
0	0
0	0
0	38
0	66
0	0
0	0
0	0
0	0
0	56
0	0
0	0
0	0
0	0
0	0
0	17
0	0
0	0
0	0
0	0
0	124
0	0
0	0
3	3
0	1
0	0
0	27
1	392
0	0
0	0
0	0
0	0
0	0
0	0
0	0
0	0
0	0
0	124
0	0
0	0
0	0
0	0
0	0
0	0
0	0
0	0
0	6
0	0
0	0
0	0
0	0
10	1234
0	37
0	0
0	0
0	0
0	0
0	0
0	46
21	114
0	0
1	83
0	1
0	0
0	0
0	0
0	0
0	0
0	0
1	0
0	1
0	0
94	1249
0	1303
0	46
0	0
0	0
4	3
0	0
0	0
0	0
0	0
0	0
0	0
0	0
0	1
0	0
0	0
1	1544
0	0
0	0
0	0
0	0
0	0
0	0
0	0
7	2685
0	0
0	0
2	435
2	261
0	0
0	0
0	9
0	0
0	0
0	0
0	0
0	0
0	0
0	0
0	30
0	5
0	0
0	0
97	5263
0	0
1	0
0	58
0	0
3	359
0	0
0	0
23	0
0	0
0	109
0	0
0	0
0	0
0	0
0	0
0	4901
0	0
0	0
0	0
2	22
0	0
0	0
0	21
0	0
0	0
0	0
0	0
0	0
0	0
0	0
0	0
0	0
0	0
0	0
0	0
0	0
0	0
1	1732
0	0
0	0
0	0
0	0
0	0
0	0
0	0
23	237
0	39
0	1
0	0
0	0
0	5
0	0
0	0
0	0
0	0
56	30
0	0
0	0
0	0
0	172
0	0
0	0
20	231
0	0
0	0
0	0
0	0
0	0
0	0
0	0
0	107
0	0
0	0
0	0
70	2074
0	0
0	0
0	0
0	0
0	0
0	0
0	0
0	7
0	0
0	0
0	2
0	0
1	1261
0	1
0	0
0	0
0	334
1	10
0	0
0	0
0	0
0	0
0	0
2	2698
0	0
0	169
0	5
0	0
0	119
0	730
0	0
0	69
0	0
0	0
0	3
0	0
0	0
0	0
0	0
0	0
0	0
0	0
1	0
0	0
0	913
0	0
0	83
0	0
3	760
0	0
2	174
0	0
0	0
2	0
0	0
0	266
0	0
0	911
3	317
0	0
0	0
0	0
0	22
1	0
0	4
0	0
0	0
1	1181
0	0
0	0
0	0
0	108
1	0
0	0
0	0
0	3
0	0
0	0
0	37
0	0
0	3
0	0
0	2
0	0
1	712
1	1
0	0
0	0
0	3
2	52
0	0
0	0
0	0
0	1381
0	4
0	0
0	0
0	0
0	109
0	0
0	0
0	0
0	0
0	0
0	0
0	74
0	0
0	0
0	0
0	0
0	38
0	0
0	0
0	0
0	0
0	0
0	2240
0	0
0	0
0	102
0	393
0	0
0	0
0	0
0	2266
0	0
0	0
0	0
0	1
1	14
0	221
0	0
3	0
0	0
0	0
0	0
1	0
0	0
0	0
0	0
0	0
0	0
0	1
0	0
0	0
0	0
0	2
0	51
0	0
0	7
0	0
0	0
0	0
0	0
0	0
4	148
0	0
1	0
0	0
0	0
0	0
0	0
0	0
0	0
0	0
0	0
0	0
0	0
0	0
0	0
0	0
0	31
0	0
0	0
2	1212
0	0
0	0
0	0
0	0
0	0
1	0
0	0
0	0
0	0
0	0
0	0
0	0
0	0
0	0
1	6571
0	11
0	717
0	0
0	51
0	0
2	6
0	0
2	2
0	0
1	0
0	0
2	0
0	0
0	0
0	0
0	0
0	0
0	0
0	0
0	0
0	0
0	0
0	0
0	0
0	0
0	0
7	2623
0	0
0	0
4	273
0	0
0	0
0	0
0	15
0	0
0	0
0	0
0	0
0	3254
0	5
0	0
0	0
0	0
0	0
14	93
0	199
0	0
0	0
0	0
0	0
0	0
0	0
0	0
0	0
0	79
0	0
0	0
0	0
0	0
0	0
0	0
5	0
2	0
0	0
0	0
0	0
0	0
0	0
0	423
0	0
0	0
0	0
0	0
0	0
0	0
37	394
0	0
0	0
0	0
3	506
0	0
0	0
0	0
0	0
0	3
0	0
0	0
0	0
0	0
5	3839
0	0
0	66
1	1
0	0
1	1
0	0
22	85
0	0
0	0
0	0
0	0
0	0
0	0
0	0
0	0
0	0
3	0
3	0
0	10
0	0
0	0
0	4
3	1104
0	0
137	2463
0	0
0	0
0	0
0	0
420	2155
0	0
0	0
0	0
0	0
0	1
0	1
8	0
0	0
0	8
0	0
0	0
0	27
0	0
0	260
0	0
0	0
0	0
0	0
0	0
1	449
0	0
0	0
0	0
0	0
0	0
0	0
0	0
0	0
0	0
0	0
0	185
0	0
0	0
0	0
0	0
0	136
0	0
29	823
158	4476
0	0
0	0
9	2002
0	0
0	0
0	15
0	14
0	0
0	0
0	0
0	0
0	0
0	4219
0	0
0	0
0	32
0	0
0	0
0	0
0	0
0	1
0	0
0	0
0	0
0	0
0	0
0	0
0	0
0	0
0	0
0	354
1	0
0	0
0	0
0	0
0	0
0	0
0	0
0	0
1	770
0	2
7	283
0	0
0	0
0	3
0	0
0	0
0	0
0	5
0	0
0	0
0	0
0	0
0	7
0	0
0	17
0	4
0	0
0	298
0	0
0	2
1	0
0	0
0	0
0	0
0	0
0	0
0	0
0	0
0	0
2	0
0	0
0	0
0	0
5	1921
0	0
0	0
0	0
0	0
0	0
0	185
0	0
0	0
1	2
0	0
2	158
0	0
0	0
0	0
0	0
0	0
0	0
3	47
0	0
0	0
0	0
0	0
0	0
0	3
13	43
0	0
0	0
0	20
0	0
0	346
0	80
0	0
0	0
2	15
0	23
0	0
0	0
0	0
0	0
0	0
0	0
0	0
0	0
0	0
0	0
0	0
0	0
1	0
0	0
0	1
0	0
32	1260
0	232
0	0
0	0
0	0
0	7
1	0
0	0
0	0
1	0
0	0
230	245
0	0
0	0
0	0
0	1
0	0
1	2
0	0
0	0
0	0
0	0
0	3017
3	370
0	0
0	0
0	26
0	0
2	90
0	0
0	0
2	0
0	0
0	0
0	0
0	0
0	0
0	0
33	2331
0	0
0	0
0	0
0	0
3	237
0	676
5	363
0	0
0	0
0	0
0	4
0	0
1	1990
0	2
1	267
0	15
0	0
0	0
0	0
0	0
0	0
0	0
0	0
0	0
0	0
0	1
0	0
0	1
0	327
0	0
0	0
0	0
0	0
0	0
0	0
5	551
0	0
0	198
0	0
0	0
0	0
0	0
0	0
0	0
0	0
0	111
1	1
0	0
0	0
0	0
0	0
0	0
0	0
0	4300
0	0
22	159
0	0
0	358
0	0
2	1
1	0
0	179
0	0
0	14
0	0
1	13
0	6
0	0
1	0
2	0
0	15
0	0
1	194
0	0
1	0
0	0
0	0
0	0
0	49
0	0
0	0
0	0
0	111
0	0
0	2
0	0
0	0
1	215
0	3
0	0
0	0
0	0
0	0
0	0
0	0
0	0
0	0
0	0
0	364
0	0
0	0
0	0
0	0
0	0
0	0
0	3284
0	0
0	0
0	0
0	0
0	0
0	0
0	379
1	2906
0	0
10	238
0	0
0	0
0	0
0	0
0	0
0	0
0	190
0	0
2	3
0	0
1	0
0	0
0	0
0	0
0	0
0	0
0	0
1	2
0	0
6	477
0	26
0	0
1	13
0	0
0	0
0	0
0	0
0	0
0	0
0	3
0	0
67	66
0	0
0	1
0	0
0	0
0	0
0	0
0	0
0	1
0	17
0	0
0	0
1	50
0	0
0	0
0	4
0	0
0	720
0	0
0	0
0	0
0	1828
0	0
0	0
0	24
0	0
0	0
0	0
0	0
0	2
0	0
1	0
0	0
0	0
0	0
0	0
0	0
0	11
0	0
0	0
0	0
0	0
0	0
0	1201
0	0
0	0
0	0
0	0
0	0
10	1780
4	0
0	440
0	0
0	0
0	0
0	0
2	0
0	0
0	0
0	0
0	0
1	0
0	25
0	0
0	0
0	0
0	0
1	83
0	0
0	0
0	0
0	0
2	69
0	0
0	0
0	15
0	0
0	0
0	0
0	0
3	2041
0	0
0	0
6	484
0	0
0	0
0	0
0	4
0	0
1	0
0	0
0	0
0	0
0	0
0	0
0	0
0	0
0	0
0	16
0	0
0	16
3	2
0	0
0	1
0	0
0	11465
0	0
0	0
0	2
0	0
0	0
0	0
150	4400
0	0
0	0
3	0
0	0
1	144
0	0
0	2
0	0
0	0
0	0
0	15
0	0
0	0
0	11
0	0
2	41
0	0
0	0
1	984
0	0
0	48
0	119
0	0
0	349
0	0
0	0
0	0
2	16
0	752
0	0
0	0
0	0
0	5995
0	0
0	0
0	0
0	0
0	0
0	0
0	0
0	7
0	0
0	0
0	0
0	0
0	1
0	0
0	0
0	0
0	0
1	0
0	0
0	0
0	0
0	5
0	0
0	311
9	771
0	0
15	4661
0	0
0	0
0	0
0	0
0	0
0	0
0	0
0	7
1	610
0	6
0	0
0	20
2	42
0	0
0	0
0	0
7	174
0	1
0	0
0	12
0	2
0	0
0	0
0	0
0	0
3	642
0	4
3	143
0	8
0	72
0	0
0	0
0	4296
0	0
0	2487
0	0
0	0
0	0
0	1
0	0
0	0
3	185
0	0
0	0
0	0
0	0
2	1
0	0
0	77
0	0
0	0
0	0
0	0
1	4
0	0
0	0
0	0
0	0
0	0
0	0
0	0
0	0
0	7
1	44
0	0
0	0
0	0
0	3
0	0
0	0
0	0
0	0
0	1
10	61
0	0
0	0
0	0
0	0
0	0
1	1878
5	0
6	1
0	0
0	3
3	0
1	131
0	0
0	0
0	0
0	107
5	1893
0	0
0	99
2	8
0	1
0	0
0	0
13	845
0	0
0	0
0	11
0	71
0	711
0	1
1	2816
1	3
0	0
0	0
203	2132
0	0
0	1
20	0
1	0
0	0
0	0
4	0
0	27
0	0
0	0
0	34
0	0
0	0
0	2
0	0
1	5
0	0
0	0
0	268
0	110
0	0
0	0
0	0
0	0
0	0
0	0
0	1
0	1
0	0
0	0
0	10
1	5
0	0
0	0
4	1
1	0
0	0
0	0
0	0
0	0
1	52
0	0
0	0
0	0
0	0
0	0
0	1
0	0
0	0
0	0
0	4
0	4
0	0
0	0
0	0
0	0
0	199
0	28
0	0
0	0
0	0
0	0
0	0
0	0
0	0
0	0
0	0
0	0
0	175
0	0
0	1
0	77
0	0
0	0
0	0
0	0
0	0
0	0
0	0
0	0
0	0
0	0
1	83
0	21
0	0
4	5602
0	0
3	4
0	0
0	0
0	0
0	0
0	0
0	0
421	1529
0	0
0	33
0	0
0	2
9	393
9	181
0	0
0	0
0	0
0	0
1	0
5	5214
0	0
0	0
0	0
1	4
0	0
0	0
0	0
0	0
0	0
0	0
0	0
0	0
0	0
0	0
0	0
0	350
0	0
1	121
0	0
0	0
0	0
0	0
0	0
0	19
0	0
0	0
0	0
0	0
0	0
0	0
0	0
0	0
0	0
0	0
10	44
0	0
0	74
1	1188
0	0
0	0
0	0
0	0
0	0
0	0
0	0
0	0
0	0
0	0
0	0
0	0
0	1
0	1
0	0
0	0
0	0
0	0
0	0
0	0
0	0
0	0
0	0
0	0
0	0
0	0
0	0
0	0
0	8
0	0
0	39
1	0
0	0
0	0
0	0
0	0
0	0
0	0
0	0
0	0
0	179
0	28
0	0
0	0
5	1141
0	0
0	205
0	0
0	0
0	0
0	0
0	0
0	0
0	0
0	0
0	0
3	0
0	0
0	0
0	568
0	0
0	1
0	0
0	0
0	1
0	0
1	209
0	0
0	0
0	0
0	0
0	0
0	0
0	0
0	0
0	0
0	0
0	0
0	0
0	0
393	1333
0	0
0	0
0	0
0	0
0	0
0	0
0	0
0	0
0	0
0	0
0	250
0	0
0	3
0	0
0	0
6	4017
0	0
0	205
0	0
0	0
0	0
0	0
0	0
0	0
0	0
0	69
8	168
0	0
0	0
0	0
0	0
0	0
0	0
0	0
0	0
0	0
0	0
0	0
1	13
0	30
0	1
0	0
0	57
0	0
0	0
0	0
0	0
0	0
0	0
0	0
0	0
0	0
0	42
0	0
0	0
0	6
0	0
0	52
0	0
0	0
0	40
0	0
19	56
0	0
0	0
0	321
0	3
0	31
0	0
0	0
0	0
0	0
0	1
0	0
0	0
0	0
0	0
3	0
0	2
0	0
0	0
0	0
1	0
0	0
0	9
0	0
0	0
0	0
0	0
0	0
0	0
0	0
0	25
0	0
0	0
0	0
0	52
0	108
0	14
0	0
0	0
0	13
0	0
0	0
0	0
1	545
0	0
0	1
0	0
0	29
0	0
1	2
0	0
0	0
0	0
0	0
0	0
0	206
4	390
0	0
0	0
0	0
0	0
0	0
0	0
17	204
0	0
0	0
0	0
0	0
0	0
0	0
0	0
0	0
0	0
0	0
0	1
0	0
0	0
0	0
0	0
0	1748
0	0
0	18
0	16
0	0
0	105
0	0
0	0
0	0
0	0
1	0
0	0
5	3782
2	2
0	0
0	0
0	0
0	0
0	0
22	185
0	0
0	0
0	0
0	0
0	0
1	134
0	0
0	1790
0	0
0	0
0	0
0	0
0	0
0	0
2	84
0	0
0	0
0	0
0	349
0	0
8	633
0	0
0	0
0	0
0	34
0	0
1212	6986
0	15
0	0
0	0
0	0
0	0
0	0
0	864
0	16
0	0
1	174
0	0
2	39
0	0
0	7
0	0
0	0
0	0
0	0
0	0
0	0
0	10
0	0
0	0
0	0
0	0
0	0
0	0
0	0
0	0
0	0
0	0
0	163
0	0
0	0
0	2
0	0
3	355
0	0
0	1
15	57
0	0
0	0
0	0
0	0
0	0
0	0
0	31
0	0
0	0
0	0
0	0
0	0
0	0
0	3326
0	0
0	0
0	0
0	0
0	107
0	0
0	0
0	0
0	0
0	63
0	0
0	0
0	0
0	0
0	0
0	1
0	0
0	0
0	2
0	0
0	0
0	0
0	0
0	0
0	0
0	0
0	0
0	0
0	0
0	0
0	0
0	0
0	0
0	0
0	3
0	0
0	0
3	67
0	0
0	3
8	624
0	0
5	0
0	0
0	0
0	0
0	0
6	1162
0	0
0	0
3	0
0	0
0	0
0	0
0	0
0	1
0	0
0	0
0	0
0	0
0	0
0	122
1	2
0	0
0	0
0	0
0	23
0	0
0	0
0	0
0	0
0	0
0	0
0	792
0	0
0	21
0	0
0	0
0	0
0	0
0	0
1	55
0	0
0	0
0	0
0	0
0	0
0	0
1	62
0	0
0	0
0	0
0	0
9	229
0	0
0	0
0	0
0	0
0	0
0	0
0	1553
0	0
0	0
0	0
0	0
1	1954
0	0
0	4
0	42
0	0
0	0
0	0
0	0
0	0
0	0
0	0
0	0
3	0
0	0
0	0
0	2
0	0
0	0
0	0
0	0
0	0
0	0
0	0
0	0
0	257
0	0
69	648
0	0
1	56
0	0
1	303
0	0
0	0
0	0
0	3
0	0
0	22
0	0
0	0
0	0
0	0
0	0
1	53
0	0
50	168
0	0
0	0
1	1
0	0
0	0
0	37
0	0
0	0
11	125
0	0
0	0
0	0
0	0
0	0
0	0
0	0
0	0
0	0
0	0
0	0
0	0
0	0
0	0
0	16
0	0
0	5
3	132
0	108
5	283
0	0
0	0
0	0
0	0
0	0
0	0
0	0
0	0
0	0
0	0
0	0
0	0
0	0
13	4139
0	2
0	0
1	23
0	0
0	0
0	2
0	0
12	34
0	0
0	0
0	0
3	22
0	1
0	0
0	0
0	24
0	0
0	0
11	3497
0	0
0	0
0	0
0	0
0	0
0	0
0	0
0	0
0	0
0	0
0	0
0	0
0	0
1	0
0	0
0	0
0	0
0	0
2	3037
8	450
0	0
0	0
0	0
0	0
0	0
0	0
0	0
0	5
10	71
0	964
0	2777
0	0
0	0
0	0
0	0
0	0
0	1
0	0
0	0
0	0
0	0
0	52
0	0
0	6
69	119
0	0
0	0
0	0
0	0
0	2036
0	0
0	0
0	0
0	0
0	0
0	0
0	0
0	0
0	0
0	0
0	71
0	0
0	4
0	0
0	0
0	0
0	0
0	0
0	0
0	0
0	0
0	0
0	0
0	0
0	0
0	0
0	0
0	0
0	1
0	0
99	194
4	582
2	20
0	14
0	0
0	0
0	0
0	0
0	0
1	69
0	0
18	338
0	36
0	0
0	0
0	0
0	0
0	0
0	0
0	0
0	0
0	29
0	0
0	0
0	17
0	41
0	0
0	0
0	0
1	84
0	7
12	208
0	0
0	0
0	0
0	0
0	0
3	78
0	0
0	0
0	0
0	0
0	0
1	2
0	0
0	0
0	0
1	0
0	0
0	0
0	0
0	1099
0	3
0	70
0	0
0	0
0	0
0	0
0	0
0	0
0	0
0	0
0	0
0	2
0	0
0	0
0	0
0	3
0	2
0	0
0	0
0	0
0	0
0	21
0	2
0	0
1	0
0	0
0	0
0	8
0	0
0	5
0	3
0	1
0	0
0	737
0	0
0	0
1	1
0	0
0	0
0	0
10	885
0	0
0	0
0	0
0	0
4	0
0	0
0	12
0	0
0	0
0	0
0	0
0	0
0	0
0	0
0	0
0	0
0	4
0	0
1	74
0	0
0	4
0	0
0	0
109	5370
0	34
0	177
3	5
0	0
0	0
0	0
0	0
0	0
0	0
0	0
0	0
0	0
0	0
0	0
0	0
0	19
0	0
0	13
0	0
0	0
0	0
0	0
0	0
0	0
0	0
0	0
0	0
0	0
0	0
0	0
0	0
0	162
0	0
0	1
0	0
1	14
0	0
0	0
0	0
0	0
0	0
0	0
0	2
0	0
0	0
0	0
4	0
0	0
0	0
0	0
0	0
0	0
0	0
0	0
0	0
0	0
0	0
0	0
0	0
0	0
0	0
0	0
6	44
0	7
0	0
0	0
3	0
0	0
1	141
0	0
1	0
0	0
0	0
0	0
0	0
0	0
0	0
0	0
0	0
0	0
0	0
0	0
2	53
0	0
0	0
0	0
9	213
0	5
0	1
0	0
0	0
161	554
0	0
0	0
3	0
0	0
0	0
0	0
0	0
0	0
0	0
422	3256
0	0
0	0
0	0
0	56
0	1
0	0
0	72
34	62
0	2
3	322
0	0
0	0
1	0
0	0
0	0
0	0
0	0
0	0
0	0
0	0
0	0
0	0
0	0
0	0
0	0
0	0
0	0
0	0
1	0
0	35
0	0
0	0
0	0
0	0
0	0
0	0
0	0
0	0
0	0
0	0
2	3
0	0
0	0
0	0
0	0
0	0
0	0
0	0
0	442
0	8
0	0
0	2
0	0
0	0
0	0
3	457
2	0
0	0
12	236
0	0
10	278
1	164
0	0
0	0
0	0
0	0
0	0
0	0
0	36
0	0
0	0
0	1
0	0
0	0
161	335
0	0
1	0
0	0
0	0
0	0
0	0
0	109
0	0
0	0
0	0
1	102
0	0
0	0
0	4852
0	0
0	0
0	0
0	0
0	0
0	2
0	352
0	0
0	0
0	0
0	0
0	0
0	0
0	0
0	0
0	0
0	0
0	0
0	0
0	0
6	304
0	0
0	0
0	0
0	0
0	0
0	0
0	0
0	0
0	0
0	1
0	292
0	0
1	0
0	6895
0	2
0	0
0	0
0	0
0	0
0	0
0	0
0	96
0	0
0	0
0	0
0	1451
0	0
0	0
0	228
0	0
0	0
0	0
0	0
0	0
0	0
0	0
0	0
0	0
0	7
0	0
0	0
0	0
0	0
0	0
0	0
0	0
0	0
0	0
0	3460
0	0
0	17
0	0
0	0
0	0
0	0
0	0
0	0
0	22
0	0
0	0
1	1811
0	0
0	0
0	0
0	0
0	20
0	0
0	0
2	0
0	0
0	0
0	0
0	0
0	0
10	894
0	0
0	0
2	0
0	0
0	6
0	0
0	12
0	0
0	0
0	0
0	0
0	0
0	0
0	0
0	0
0	0
0	0
0	2
0	0
0	0
0	0
0	0
0	0
0	8
0	0
0	0
0	0
0	22
0	0
0	1
0	0
0	0
0	0
0	0
1	0
0	287
2	1811
0	23
0	0
4	550
0	0
0	0
0	0
40	259
0	0
0	434
0	0
0	0
0	0
0	0
0	0
0	0
0	0
0	0
0	0
0	0
0	95
0	0
5	0
4	80
0	0
0	1
0	0
0	0
0	108
0	0
0	108
0	0
0	0
0	0
0	0
3	428
0	0
0	0
0	0
0	0
0	0
0	37
0	0
0	5982
0	0
1	3924
0	6
3	13
0	0
0	58
0	0
0	0
0	5
0	0
0	0
0	0
0	0
0	0
0	0
0	0
0	0
0	0
7	1442
0	0
0	0
0	0
0	0
0	13
0	0
0	0
0	0
0	0
0	0
0	0
0	5
0	0
0	3699
4	0
0	0
0	0
0	0
0	280
3	0
0	79
0	0
0	37
0	0
0	136
0	0
0	0
0	324
0	0
0	0
0	0
0	90
0	0
0	0
0	0
0	22
0	0
0	0
0	0
0	0
0	0
1	0
0	0
0	1
0	0
0	0
1	115
0	0
0	0
1	55
0	0
0	0
0	0
0	0
0	0
0	0
0	389
0	0
0	0
0	0
0	0
0	0
6	2524
0	1
0	0
0	0
0	0
0	0
0	0
0	0
0	0
0	0
0	0
0	0
1	13
0	0
0	0
0	0
0	0
8	4280
0	0
0	0
0	0
0	0
0	0
0	13
0	0
0	0
0	0
0	0
0	0
0	0
2	775
0	0
0	0
0	47
3	711
0	0
0	0
0	0
0	0
0	0
0	0
0	0
0	0
0	0
0	3
1	0
0	0
0	0
0	0
0	0
0	0
0	0
0	0
0	0
0	0
0	0
0	0
0	0
0	0
0	0
0	0
0	0
8	3028
0	0
0	0
0	0
0	0
0	0
0	0
0	3
0	0
0	0
0	0
0	0
1	174
0	36
0	1
0	0
0	0
1	12
0	0
0	0
0	0
0	0
0	0
0	0
0	0
0	0
5	2371
0	0
0	0
0	0
0	0
0	0
0	0
0	0
0	14
0	0
0	142
0	0
0	0
0	0
0	0
0	0
0	0
0	0
0	0
0	158
0	0
0	0
0	0
0	0
0	0
0	0
0	0
0	0
0	0
0	0
0	0
0	0
14	0
0	0
0	0
0	0
0	0
0	0
0	0
0	0
0	0
0	0
1	5
0	0
0	0
0	187
0	0
2	27
0	0
0	0
0	0
0	0
0	0
0	0
0	1
0	0
0	20
0	2
0	0
0	171
0	1487
0	0
0	0
0	10
0	0
2	4018
0	30
0	0
2	8416
0	0
0	0
0	0
0	0
0	0
0	0
1	31
0	0
11	1120
0	17
0	0
0	0
0	1
0	0
0	0
0	0
0	0
0	0
0	0
0	47
0	0
0	0
0	0
0	0
0	0
0	0
0	17
0	0
0	0
0	0
0	0
0	48
1	0
0	0
0	0
0	0
0	0
0	0
0	31
0	0
0	0
0	0
0	0
0	0
0	0
0	0
3	80
3	21
0	0
1	0
0	0
0	0
0	0
0	0
0	0
0	0
10	5643
0	0
1	48
0	0
0	0
0	0
0	0
0	298
0	0
1	0
0	0
0	0
0	6
0	0
0	178
0	0
0	0
4	37
0	0
0	0
0	0
0	0
0	0
129	4106
0	0
0	0
0	0
0	0
6	885
0	0
0	0
0	0
0	0
0	0
0	0
0	0
0	0
0	0
0	0
0	0
0	0
0	0
0	0
0	0
0	0
0	0
0	0
0	0
0	2
0	0
0	0
1	0
0	0
0	0
1	0
0	0
0	0
0	0
0	0
0	0
0	98
0	0
0	0
0	2
0	0
0	0
0	2205
0	0
0	232
0	0
0	0
0	0
0	0
0	0
0	0
0	0
0	0
0	0
0	99
0	0
2	1
0	0
0	0
0	0
4	1437
0	0
0	0
0	0
0	103
0	0
0	0
0	0
5	0
0	0
0	0
0	0
0	1
0	0
1	0
0	0
0	0
0	0
0	1
0	0
0	0
0	0
0	0
0	0
0	0
0	0
0	19
0	0
0	0
0	0
0	0
0	0
0	0
0	1
0	0
0	0
0	0
0	0
0	0
0	0
0	0
0	0
0	0
0	0
25	1248
0	305
0	0
0	124
31	159
0	0
0	0
0	0
0	0
0	0
5	0
0	2
0	91
1	0
0	0
36	478
0	0
0	0
0	0
0	0
0	0
0	0
0	0
0	0
0	0
0	0
0	18
0	0
0	0
0	17
0	0
0	0
0	0
0	8
6	46
0	0
0	0
0	0
0	0
0	1
0	0
0	0
0	0
0	0
0	0
0	0
2	1
0	0
0	0
0	167
0	0
0	0
0	0
3	1118
0	0
0	0
0	0
0	20
0	0
1	4
0	0
0	0
0	0
0	0
0	0
1	335
0	0
0	0
0	3
3	1
0	3
2	251
0	0
0	1
0	0
0	0
0	0
2	1
0	0
0	0
0	1
11	0
0	0
0	0
0	0
0	0
0	0
9	1685
0	0
0	588
0	105
0	0
0	0
0	0
0	331
0	0
0	0
0	0
0	0
4	4985
0	0
0	0
0	0
0	0
0	0
0	0
0	0
0	0
0	116
0	190
0	0
0	0
0	0
0	0
1	0
0	0
0	0
0	0
0	0
0	12
0	0
0	7
10	1
1	8177
0	0
0	0
0	0
18	441
0	0
0	0
4	41
0	175
0	40
0	0
0	0
0	0
0	0
0	0
0	0
0	0
0	0
5	656
1	0
0	0
0	43
0	0
0	1
0	0
0	0
0	0
0	0
0	0
0	0
0	0
0	1
0	0
0	1
0	0
0	155
0	0
1	5
0	0
0	6
0	0
0	0
0	3
0	0
0	13
0	0
0	0
0	0
0	0
0	54
8	42
0	0
0	0
0	0
0	0
0	0
30	3273
1	1
0	0
0	0
0	0
0	0
0	0
0	0
0	0
0	0
0	0
0	0
0	0
0	0
0	0
1356	3477
0	0
0	0
0	0
0	0
0	0
0	2
0	8
0	0
0	0
0	0
0	0
1	0
0	0
0	50
0	0
0	0
0	53
0	0
0	0
0	0
0	0
0	0
0	4
0	0
0	3
0	0
0	0
0	0
0	0
0	0
10	2443
0	0
0	0
0	0
0	0
0	0
0	148
1	0
0	0
0	124
0	0
0	0
0	0
0	0
0	0
0	0
13	40
0	0
0	0
0	0
0	32
0	1
0	0
0	1
0	0
0	0
0	0
0	0
0	0
0	2
12	2587
0	0
0	0
0	0
0	0
0	0
0	0
0	0
0	0
1	0
0	0
3	0
0	0
0	0
0	0
0	17
0	0
0	383
0	0
0	2
0	0
0	0
0	0
0	0
0	53
1	0
0	7
7	0
0	0
0	0
0	0
0	0
0	0
0	0
0	0
0	0
0	0
0	0
0	0
1	0
0	0
0	155
2	6
0	0
0	0
0	0
0	2
0	0
0	0
0	0
3	15
1	0
0	0
0	0
0	4
0	0
0	0
0	0
0	0
0	0
0	0
0	0
0	0
0	0
0	0
0	0
0	0
0	1
0	0
0	0
0	0
0	0
0	0
0	5
0	9
0	1860
0	0
1	0
0	2
0	0
0	0
0	11
0	0
1	0
0	5
0	0
0	0
0	0
0	0
0	0
0	0
0	0
0	0
2	707
0	0
0	0
0	0
0	0
0	0
0	0
0	0
0	0
0	0
0	0
0	0
0	0
0	0
0	0
0	0
0	0
0	0
0	36
0	0
0	11
0	0
0	0
0	0
0	0
0	0
0	0
0	0
0	0
0	0
0	0
0	0
0	0
0	0
0	0
0	0
0	0
0	0
0	0
0	0
0	0
0	12
5	15
0	0
0	0
0	3
3	776
0	0
0	0
0	0
0	16
0	3
0	0
0	0
0	0
0	135
0	0
0	0
0	0
1	0
0	0
0	0
0	0
0	0
0	0
0	0
0	0
0	0
0	0
0	0
25	734
0	0
0	0
0	3284
0	17
0	0
0	0
0	0
0	0
0	0
0	0
2	597
0	0
0	2
0	0
0	0
0	0
0	0
0	9
2	11
0	0
0	0
0	0
11	1732
0	24
0	0
0	32
0	0
0	0
0	0
0	0
2	2
0	0
0	0
0	0
0	0
0	2362
0	2
0	0
0	0
0	0
0	0
0	0
1	65
0	0
0	0
0	0
0	0
0	0
0	0
0	0
0	0
0	0
0	0
0	0
6	13
0	0
0	128
0	574
0	0
0	9
0	0
0	0
0	0
0	0
0	0
0	0
0	0
0	0
0	0
0	0
0	0
0	0
0	0
0	0
0	0
0	0
22	0
0	0
0	0
0	0
0	0
0	0
0	4745
0	0
1	750
26	203
0	750
0	0
1	0
0	2
0	0
2	1553
0	0
0	0
0	0
2	79
0	1
0	0
0	0
0	0
0	0
0	0
0	0
0	1
0	0
0	0
0	0
0	0
0	0
0	0
0	1
0	0
0	0
0	0
0	0
0	0
0	1
0	0
0	0
0	0
0	0
0	37
0	0
0	0
0	0
0	0
0	0
0	0
0	0
0	0
0	0
0	0
5	0
0	0
0	0
0	0
0	0
0	4
0	0
0	0
0	0
0	5
0	323
0	0
0	0
0	0
0	0
0	1
0	0
198	153
0	0
5	0
0	0
0	0
0	0
0	0
0	0
1	1
0	0
0	0
0	3
0	0
2	169
0	0
0	0
0	0
0	0
0	0
0	0
0	0
0	0
0	0
0	1
0	426
0	0
0	43
0	0
2	6
0	0
0	0
0	0
0	1
0	0
0	0
0	0
0	0
0	0
0	0
0	0
0	0
0	55
0	120
0	0
0	0
0	0
0	0
0	0
0	0
0	0
0	0
0	0
0	84
0	0
0	0
1	0
0	0
0	10
0	2
0	0
0	7
4	0
0	0
0	0
0	0
0	96
0	0
10	707
0	0
0	0
0	0
0	0
0	0
0	0
0	4
0	0
0	0
0	0
0	0
0	0
0	0
0	0
0	0
0	0
0	146
0	0
1	0
0	0
0	0
0	0
0	0
0	0
0	0
0	0
0	0
0	0
3	174
0	0
48	157
2	0
0	0
0	301
0	0
0	0
0	0
0	0
0	0
0	0
0	0
0	0
0	0
0	0
0	0
1	242
1	0
0	0
0	72
0	0
0	0
0	0
0	0
0	0
0	0
0	0
0	0
0	0
0	0
13	847
0	0
0	0
0	0
0	0
0	0
1	0
0	0
0	0
0	0
14	0
6	534
0	153
0	0
0	0
0	0
8	7196
0	0
0	0
0	0
0	0
0	0
0	0
0	4833
0	0
0	0
0	0
0	0
2	0
0	0
0	0
0	0
0	5
0	26
0	0
0	2
1	0
4	1172
0	1
0	0
0	0
0	0
0	0
0	0
0	2
0	0
0	0
1	0
1	53
0	0
0	0
0	0
7	2962
3	710
2	0
0	0
0	0
0	0
0	0
0	0
0	0
0	0
0	0
1	0
0	0
0	0
20	607
0	0
0	0
0	0
0	0
0	0
1	979
0	0
0	0
0	0
0	41
0	5
0	843
0	0
0	0
0	5
0	0
0	0
0	2
0	0
0	0
0	0
0	1
0	0
0	0
0	0
0	0
0	0
0	270
0	78
0	0
0	0
0	0
0	0
0	0
0	192
0	0
0	0
0	0
0	0
0	0
0	3161
0	0
0	0
0	0
1	3406
0	0
0	0
0	0
2	92
0	0
0	0
0	0
0	125
0	0
0	50
0	0
3	98
3	0
1	1569
0	0
0	0
0	0
0	0
0	0
0	0
0	0
0	0
0	0
0	3
0	0
0	0
0	0
0	42
0	0
0	0
0	0
0	0
2	0
5	0
0	0
0	0
0	0
0	0
1	0
0	0
0	0
0	0
4	0
0	0
0	0
0	71
0	0
0	0
0	0
0	0
0	0
0	347
0	0
0	76
0	0
0	0
0	0
0	0
0	0
0	0
0	0
18	5388
0	0
3	2547
0	0
0	0
0	0
0	0
0	0
0	1925
0	0
0	0
0	11
0	0
0	28
4	169
0	0
2	3080
0	0
0	0
0	0
0	0
0	0
0	0
0	0
0	0
0	0
0	0
0	0
0	0
1	128
0	0
0	0
0	12
0	1
0	12
15	1195
0	0
0	0
0	1
0	0
0	0
0	0
0	0
0	0
0	0
0	0
7	0
0	0
0	0
0	0
0	0
0	1
0	0
0	0
0	56
0	0
0	0
0	0
0	166
0	0
0	0
0	0
0	0
0	36
0	0
0	0
0	0
8	202
0	0
0	0
0	0
0	0
0	0
0	0
0	0
1	150
0	0
0	3
0	0
0	0
1	138
0	0
0	0
0	0
0	0
0	0
0	0
0	0
0	0
0	0
0	0
3	93
0	0
0	2
0	0
0	0
0	892
2	2123
2	5889
4	464
0	0
2	4
0	0
0	0
0	64
0	0
0	0
0	0
0	0
0	0
0	0
0	0
0	18
0	0
0	0
1	0
0	0
3	2
0	0
0	0
0	0
0	0
2	0
0	0
0	2374
0	781
0	1
0	0
4	501
0	0
0	0
0	1071
0	2
0	2
2	944
37	191
0	0
0	0
0	0
0	0
0	0
0	0
3	37
0	0
6	2254
0	0
0	10799
0	1
0	151
0	0
0	0
0	0
0	0
18	17
0	0
0	0
3	21
0	0
0	0
0	0
0	1
0	0
0	0
0	0
0	0
0	11
0	0
0	0
0	54
0	0
0	0
0	0
0	0
0	194
0	0
0	0
0	0
0	17
0	0
0	0
11	0
0	0
0	0
0	0
0	3
0	0
2	4
0	0
0	0
0	0
0	0
0	0
0	0
1	43
0	2
0	0
3	540
0	0
0	0
0	0
0	0
0	0
0	0
0	0
1	4819
0	0
0	0
0	0
0	64
9	28
0	0
0	0
0	84
0	0
2	124
0	2
0	31
0	0
0	0
0	0
6	3463
0	0
0	0
3	594
1	0
0	0
0	6
1	5269
0	0
0	0
0	0
0	4
0	0
0	0
0	0
0	0
0	0
0	0
5	2396
0	0
0	0
0	0
0	0
0	0
0	0
2	468
60	99
0	0
0	0
0	0
0	0
10	543
0	0
0	0
0	0
0	882
0	0
0	0
0	0
0	0
0	0
0	0
0	37
0	0
0	0
0	0
0	0
0	0
0	0
0	0
0	0
0	0
0	9373
0	0
0	0
0	0
0	107
0	0
0	0
0	0
0	0
0	0
2	197
0	54
0	0
0	1
0	0
0	2
0	2
0	0
1	0
0	0
0	0
0	34
1	16
0	0
0	26
0	0
0	0
0	0
0	0
0	0
0	17
0	1
0	0
0	0
0	0
0	0
0	0
0	0
0	0
0	0
0	0
0	0
0	0
0	0
0	0
0	47
0	0
2	605
0	0
0	0
0	0
0	1990
0	0
0	0
0	0
0	0
0	0
0	0
0	22
12	27
1	0
0	0
0	0
2	881
0	0
0	0
0	0
1	19
0	0
0	0
0	0
0	0
5	160
0	0
0	0
0	0
0	135
0	2
0	0
0	0
1	732
0	0
0	0
0	0
0	0
0	0
0	0
0	9
0	0
0	11
0	0
0	0
0	7
0	0
0	0
0	0
0	45
0	0
0	0
1	1
0	0
0	0
0	0
0	0
0	0
0	3
0	15
0	0
0	0
0	0
2	296
0	0
0	0
0	0
0	0
0	0
0	0
0	0
0	0
0	0
0	0
0	8007
0	832
0	0
0	0
0	125
0	0
30	2102
0	0
0	0
0	0
0	0
1	758
0	0
0	2
0	1
0	0
0	3
0	0
0	0
0	0
0	0
0	0
0	0
0	0
0	0
0	0
0	0
0	2
0	103
0	649
0	0
0	0
0	0
0	0
0	0
0	0
0	0
0	0
12	0
0	645
0	0
0	0
0	0
0	0
0	0
0	0
0	0
0	0
0	0
8	0
3	2399
0	0
0	0
0	0
0	0
0	0
3	18
0	0
0	0
0	0
0	0
0	0
0	0
0	0
0	0
0	0
0	0
0	0
1	0
0	15
2	1967
0	0
0	0
0	120
7	4734
0	0
0	0
0	0
0	0
0	0
0	0
0	0
0	49
0	0
0	0
0	0
1	1
22	0
0	0
0	1
0	0
0	0
0	0
0	0
0	0
0	0
1	903
1	0
0	0
0	0
0	1
0	0
0	0
0	0
0	0
5	8224
0	0
0	0
0	2
0	0
0	0
0	0
0	0
0	0
0	2
0	0
0	0
0	0
1	0
0	0
0	0
0	0
0	0
0	0
0	0
0	0
0	0
0	56
0	0
0	0
0	0
0	0
0	0
0	0
0	17
0	201
4	5
0	0
0	0
0	12
0	0
0	0
0	0
0	0
0	1
0	1
0	0
0	0
0	4
5	84
0	0
0	0
0	0
0	0
0	0
0	0
0	0
0	0
0	0
0	6
3	1128
0	0
5	15
0	0
0	0
0	0
0	0
0	0
0	0
0	0
0	0
0	0
0	0
0	121
0	0
0	0
0	0
0	1
0	1
0	0
0	0
0	4463
0	0
0	0
0	4
0	0
0	0
0	0
1	228
4	7
0	0
0	0
0	39
2	0
0	0
0	424
0	1
0	0
0	0
0	0
0	0
3	1013
0	0
0	0
0	0
0	0
0	0
0	0
0	0
1	0
0	0
0	0
0	0
0	0
0	4
0	0
1	0
0	0
0	0
0	0
1	20
0	0
1	20
0	85
0	6
0	0
0	0
0	108
0	0
0	0
0	0
0	0
0	3
0	0
0	0
0	0
0	0
0	2242
0	0
0	4
0	0
0	0
0	0
0	0
0	0
0	0
0	0
0	67
0	0
0	0
0	0
0	0
0	0
0	0
0	0
0	0
23	23
0	1
0	339
0	0
0	244
0	0
0	0
1	1
0	0
8	75
0	43
0	0
0	76
0	0
0	1
1	232
0	0
0	0
0	0
0	0
0	0
0	0
0	18
0	0
0	236
0	0
0	0
3	45
0	3
0	0
3	1
0	0
0	0
0	4361
0	0
0	0
0	0
665	2517
1	19
5	1216
0	11
0	234
0	8
0	0
0	753
0	0
0	0
0	0
0	0
0	0
11	15
0	0
0	0
0	0
4	8
0	0
7	9
0	0
0	0
0	0
0	0
0	3
0	2
3	136
0	0
0	109
0	38
0	1
0	0
0	13
0	0
0	0
0	0
0	58
0	36
0	2
3	1209
0	0
0	0
0	5
0	0
0	0
0	0
0	0
0	0
0	0
0	0
0	59
0	0
0	185
0	0
0	0
0	0
0	0
0	0
0	0
0	1
0	0
5	1200
4	752
0	0
1	0
0	0
0	1
0	0
0	0
5	0
0	0
0	0
0	0
0	0
0	0
0	0
0	0
0	1
1	0
0	0
0	94
6	139
0	262
0	0
0	0
0	0
0	14
0	0
0	0
0	0
0	0
0	0
0	0
0	0
0	0
0	3
11	15
0	0
0	0
0	0
163	882
0	0
0	0
0	0
0	0
0	0
0	0
0	6
0	0
0	0
0	0
0	0
0	0
0	0
0	0
0	0
0	0
0	0
0	0
0	0
0	0
0	0
0	0
0	0
2	7
0	0
0	0
0	14
0	0
23	434
0	0
0	0
0	0
0	0
0	0
0	0
0	0
0	15
0	0
7	434
0	0
0	0
0	46
0	8
0	0
0	0
0	0
0	0
0	0
0	0
0	0
0	0
0	0
0	0
0	0
1	311
6	116
0	0
0	0
0	0
0	0
0	101
2	17
0	25
0	0
6	1338
0	88
0	143
0	0
0	0
0	0
0	0
0	0
0	3
0	1
0	0
0	0
0	1
0	0
0	0
3	281
0	0
0	0
1	3
0	0
0	0
0	0
2	2835
0	0
0	0
19	2928
0	0
0	0
0	13
0	4
0	0
0	0
0	0
0	0
0	0
0	0
0	0
2	0
0	0
0	2
1	0
0	0
1	0
0	24
0	0
0	0
1	1002
0	0
0	0
0	0
0	0
0	2
0	0
0	0
0	0
0	0
0	0
0	0
0	0
0	0
0	0
0	0
0	0
0	0
0	0
0	0
0	0
0	0
0	0
0	0
0	3
0	0
0	0
0	0
0	0
0	0
0	0
0	0
0	0
0	12
0	11
0	1
0	0
43	54
0	2
0	7
0	0
0	0
0	55
0	0
3	9
0	0
17	252
2	847
0	20
0	0
0	0
0	0
0	0
0	2
0	492
0	20
0	0
0	0
25	422
0	15
0	0
0	0
0	0
0	0
0	0
0	0
0	0
2	23
0	0
0	0
0	0
0	0
0	0
0	0
0	0
0	0
0	180
0	0
0	0
0	121
0	0
0	0
0	0
0	0
0	0
0	0
0	0
0	0
0	0
8	324
0	73
0	2
10	24
0	82
9	159
0	0
0	0
0	0
0	0
0	0
0	0
0	0
0	0
2	0
3	0
0	0
0	0
0	71
0	0
45	993
1	0
0	0
0	0
0	0
0	0
0	0
0	0
0	1
0	0
0	0
0	0
2	5
0	0
1	9
0	0
0	0
0	0
1	1413
0	11
0	0
0	0
0	0
0	0
0	0
0	0
0	0
0	0
1	144
0	0
0	0
0	0
0	6
0	0
0	0
0	0
0	2
2	2
0	0
0	0
0	0
0	0
0	215
0	0
0	0
0	0
0	0
9	563
0	1458
0	0
0	0
0	0
0	0
0	0
0	0
3	0
0	0
0	0
0	0
0	0
0	0
0	0
0	0
0	5
164	1500
0	0
0	0
0	0
0	0
0	0
0	0
0	0
0	0
7	4603
0	191
12	0
0	9
12	1724
0	0
0	0
0	0
0	0
0	0
0	0
1	0
1	113
0	0
0	0
0	0
0	0
0	0
0	2537
0	9
0	0
0	129
0	0
0	0
0	0
0	0
0	0
0	0
0	153
0	0
0	0
0	0
0	0
0	0
0	0
0	0
8	8
0	0
0	0
0	0
0	0
0	0
0	1
0	0
0	0
0	53
0	0
0	0
0	0
0	0
0	0
0	0
0	0
0	0
0	0
0	0
0	413
0	41
2	0
0	0
0	400
0	0
0	0
0	0
0	0
0	0
0	0
0	0
0	0
0	0
0	0
0	2
0	0
0	0
0	0
0	0
0	0
0	3
0	50
0	0
0	528
0	0
0	0
0	0
0	0
0	0
0	0
0	21
0	0
0	0
0	0
0	70
0	0
0	0
0	1
4	4524
0	0
0	0
1	2
0	0
0	0
0	0
0	0
0	0
0	0
0	0
0	0
0	0
0	0
0	0
0	0
1	152
0	0
5	212
0	0
3	0
0	1
0	425
0	0
0	30
0	0
0	0
0	0
0	0
0	0
1	0
0	0
0	5
0	0
0	0
0	0
2	525
0	0
6	8
0	0
0	0
0	0
0	0
0	0
0	0
0	0
0	0
0	0
0	0
0	0
6	96
0	1
21	111
1	260
0	0
0	0
0	0
0	0
0	3
0	0
0	0
0	0
0	4
0	0
33	299
3	2222
0	2
0	0
0	0
0	262
0	0
0	0
0	0
0	25
0	0
0	0
0	0
0	145
0	0
0	0
0	0
0	0
0	0
0	0
6	0
0	0
0	0
0	1
2	3
0	0
0	0
0	0
0	0
0	0
0	0
322	2638
0	1
0	0
2	1534
0	0
0	0
0	0
0	0
0	0
0	0
0	0
0	0
0	0
0	5
72	2024
0	0
0	0
0	0
0	0
3	0
0	0
0	0
0	0
0	0
0	0
3	34
0	0
0	0
0	0
0	0
2	239
0	0
0	0
0	0
0	0
3	340
0	0
0	0
0	0
0	0
1	1320
0	0
0	3549
1375	3106
0	0
0	0
0	0
0	0
0	0
0	0
7	12
0	0
0	0
0	0
0	0
0	0
0	0
8	462
0	0
0	0
0	0
0	2
0	2
0	0
0	0
0	108
0	0
0	0
0	0
0	0
0	0
0	0
0	0
6	121
0	80
0	0
0	0
0	0
5	3166
0	0
0	0
0	0
0	14
0	0
2	562
0	0
0	0
0	0
0	0
0	0
9	26
0	0
0	262
0	352
0	4
0	0
0	195
0	0
0	0
0	28
0	0
0	195
0	0
0	0
0	0
0	0
0	0
0	0
0	0
0	15
0	0
2	0
0	0
0	0
0	0
0	0
0	0
2	1760
0	0
1	0
0	0
0	0
0	0
0	0
0	0
0	0
0	0
0	0
0	0
0	11
0	0
0	0
0	0
0	0
0	0
0	0
0	0
0	0
0	0
0	74
0	0
0	0
0	0
6	249
0	0
0	0
0	0
0	0
14	218
0	0
2	199
1	63
0	62
0	0
0	0
0	2
0	0
0	0
0	0
0	0
0	0
0	0
0	0
0	726
0	0
0	0
0	0
0	0
0	0
0	99
0	0
0	0
0	0
0	0
0	0
0	0
0	0
0	0
0	0
0	0
0	47
0	188
0	0
0	0
0	0
0	0
0	0
0	0
0	0
0	3
0	0
0	16
0	0
0	0
0	0
0	0
0	0
0	154
22	364
0	352
0	0
0	0
0	4
0	0
0	0
0	0
0	0
0	0
0	0
1	0
0	0
0	0
0	0
0	0
0	0
6	1686
14	68
0	0
0	0
0	0
0	216
0	0
0	0
3	306
0	0
0	0
0	2
0	0
0	0
27	183
0	0
0	0
14	1036
0	0
0	2
0	0
0	0
0	0
0	1
0	4
0	0
0	8
0	0
0	0
0	25
0	11
0	0
0	0
0	260
0	70
0	0
0	0
0	1
0	0
0	0
0	0
0	0
0	0
0	0
0	0
0	0
1	73
0	0
0	3
0	0
0	0
0	0
0	0
0	0
0	0
0	27
0	0
0	60
0	0
0	0
0	0
7	2465
0	0
0	85
0	0
1	6
0	0
1	1
3	0
0	0
0	0
0	0
0	1
0	0
0	0
0	0
0	0
29	467
0	0
1	1
0	789
0	3
0	0
0	0
0	0
0	24
0	0
0	0
0	0
0	50
0	0
0	0
5	235
0	77
0	0
0	0
0	68
0	37
0	0
0	0
0	128
0	0
0	0
0	0
0	0
0	0
0	0
0	3
0	0
0	2185
2	30
0	0
0	27
0	958
0	0
0	0
0	0
5	182
1	0
0	0
0	0
0	0
0	2
0	0
0	7
0	0
0	0
0	10
0	0
2	216
0	0
3	0
0	0
0	0
0	0
0	0
0	0
0	0
117	9934
0	0
0	0
0	0
0	0
0	0
0	22
0	0
0	0
0	0
0	0
0	0
3	2
0	0
0	0
0	0
0	0
0	0
0	0
0	0
0	0
0	40
0	0
0	0
0	0
0	0
0	0
0	23
0	0
0	485
0	0
5	0
0	0
0	0
0	0
0	0
0	0
0	0
0	0
0	0
0	0
0	0
0	0
0	0
0	0
0	0
0	0
1	50
0	0
14	0
0	0
8	718
0	0
0	0
0	0
0	0
0	0
0	0
0	0
0	0
0	139
0	0
1	198
0	0
0	0
0	0
0	0
0	0
0	0
0	0
0	0
0	0
0	15
0	0
0	1
0	0
0	0
0	33
0	0
0	0
0	0
2	538
0	0
0	131
0	0
0	0
0	2
0	0
0	2
0	0
0	2
0	0
0	0
10	225
0	0
0	19
0	0
0	0
0	0
0	0
3	0
0	145
0	0
0	60
0	0
0	0
2	0
0	0
0	0
0	0
0	4
0	0
0	0
0	0
0	0
0	0
3	0
0	0
0	0
0	0
0	0
0	0
0	0
0	0
0	0
0	104
0	0
0	0
0	0
0	0
0	0
2	212
0	8
0	0
0	0
0	0
0	25
0	0
0	67
12	799
0	25
0	0
0	0
0	37
0	1403
0	0
0	0
0	0
0	0
0	0
0	0
0	0
0	0
0	0
0	8
0	0
0	0
0	0
0	0
1	17
0	0
0	0
0	0
0	1
0	0
0	0
0	0
0	0
0	0
20	329
0	3
0	0
0	0
0	0
0	0
0	0
0	0
0	1
0	0
0	10
14	846
0	0
0	23
0	0
0	0
0	21
3	20
0	0
0	0
0	17
0	0
0	0
0	0
0	0
0	0
0	0
0	42
0	0
2	2
2	410
0	0
2	0
0	25
0	0
1	0
0	0
0	0
0	368
0	0
0	0
0	0
0	0
0	0
0	0
0	0
2	0
0	0
0	0
1	126
0	10
0	0
0	0
0	0
0	0
0	0
69	11
0	0
0	0
0	0
6	63
0	24
0	0
0	0
0	0
0	0
0	0
0	0
0	0
0	0
0	0
6	620
0	0
0	0
77	10
0	405
0	0
0	1
0	0
0	0
0	8632
0	0
0	0
0	0
0	0
0	0
0	1
0	1
0	0
0	0
0	0
0	1495
0	0
0	0
1	9
0	0
0	0
0	0
0	0
0	0
0	0
0	0
0	0
0	0
0	0
0	0
1	0
0	0
0	195
0	0
0	1
0	0
0	0
0	14
0	0
0	3
0	0
0	1
0	0
0	0
0	0
0	0
0	0
0	0
0	42
0	342
0	0
0	0
0	0
0	0
1	4
0	0
0	0
0	0
0	0
0	0
3	17
0	0
0	0
0	2066
0	52
0	0
0	0
0	0
0	35
0	1
0	0
0	9
0	0
0	0
0	0
0	0
0	0
0	0
0	0
0	0
0	0
1	3
0	0
0	0
0	0
0	1
0	0
0	0
1	0
0	0
0	0
0	0
0	1
0	0
0	0
0	0
0	0
0	0
0	0
0	0
0	0
0	1
0	5
0	0
4	1601
0	0
0	0
0	0
0	0
0	2
0	0
0	0
0	0
0	0
0	0
0	0
0	0
0	0
0	0
0	0
0	0
0	0
0	0
0	0
4	1
0	0
0	134
0	0
0	0
1	936
0	0
0	95
0	0
0	0
0	30
0	0
6	0
0	3
0	0
0	6
3	0
0	0
0	0
0	0
0	29
1	3788
0	1
0	0
0	0
7	54
0	0
0	0
0	0
0	0
17	160
0	0
13	166
0	0
0	0
0	2151
0	0
0	0
0	3
0	0
0	0
804	536
0	0
0	0
0	0
0	0
0	0
0	2
5	1802
5	0
0	83
0	0
0	0
0	0
0	0
0	9
0	0
0	0
0	0
0	0
0	0
0	0
4	4
0	1569
0	13
0	302
0	0
2	299
0	160
0	0
0	0
0	0
7	3489
0	0
0	1
5	473
0	0
0	0
0	0
12	798
0	13
3	1627
0	0
0	4
0	0
0	39
0	0
0	0
0	0
0	0
0	0
0	244
0	0
1	136
0	11
0	0
0	0
13	294
0	0
1	0
0	0
0	49
0	17
0	0
0	226
0	0
0	0
0	0
0	1454
0	0
0	0
0	0
13	86
1	0
0	0
0	226
0	244
0	0
0	0
0	5
0	42
0	0
0	0
0	0
0	0
0	0
0	0
0	0
0	0
0	0
0	0
848	752
0	0
0	1314
0	0
7	710
0	0
0	0
0	0
0	20
1	41
0	0
0	0
4	228
1	69
0	0
0	0
0	0
0	0
0	0
0	0
0	0
0	66
0	0
6	3218
0	0
0	0
0	0
1	0
0	0
1	1
0	0
0	0
0	0
0	0
0	0
0	2
0	0
0	0
0	0
0	0
0	0
0	0
0	0
0	0
0	0
0	0
0	5
1	0
12	33
5	555
0	0
0	0
0	0
0	8
0	0
0	3
0	0
0	0
0	0
0	0
0	0
0	1
0	0
0	38
0	0
0	0
0	5
15	7
0	0
0	13
0	0
0	0
27	374
2	1
0	0
0	0
0	0
0	0
0	0
2	0
0	0
0	0
0	0
0	0
0	0
0	182
5	1178
0	0
0	0
0	0
0	0
0	0
0	83
0	0
0	0
0	0
0	0
0	2
0	0
0	0
0	0
0	0
0	0
0	0
0	0
0	0
6	254
0	0
0	0
0	0
0	0
0	24
0	50
0	0
0	0
0	0
0	0
0	0
0	2
0	0
0	1
0	0
0	0
0	63
451	1079
0	0
0	0
0	0
0	220
2	97
0	0
1	0
0	0
0	0
0	0
0	0
0	0
1	282
0	0
1	0
0	1
0	0
0	0
0	0
0	0
0	0
0	0
0	0
0	0
0	0
0	0
0	0
0	17
0	0
0	1
0	0
0	0
0	1
0	0
0	0
1	0
0	0
0	19
0	430
2	4
0	0
0	0
1	0
0	0
0	6
2	1
0	0
0	19
0	0
0	0
0	0
4	12
0	0
0	0
0	0
0	42
0	0
0	0
0	0
0	0
0	0
2	3
0	24
0	0
0	0
0	0
0	0
0	0
0	0
0	0
0	0
0	152
0	1
1	1
0	0
0	0
0	0
0	0
0	0
0	0
0	0
0	0
2	0
0	1
0	0
0	0
0	0
0	0
0	0
0	150
1	2401
0	4
0	0
3	0
0	0
0	0
0	0
0	0
0	0
0	0
0	0
0	0
5	424
0	0
0	0
0	0
0	0
0	0
0	0
0	0
0	0
3	2454
0	223
0	0
0	71
0	0
0	0
0	0
0	0
0	0
0	0
0	0
0	0
0	0
0	0
0	0
0	0
3	25
0	0
2	0
0	927
0	0
6	157
0	0
0	0
0	0
0	0
0	0
0	0
0	0
0	0
0	0
0	0
0	0
0	257
0	0
0	0
0	0
0	0
0	0
0	57
0	0
0	0
0	0
0	0
0	0
0	329
4	8356
0	32
0	0
0	3924
0	0
0	0
0	0
0	0
0	0
0	0
0	0
0	0
7	324
0	0
1	2
0	0
2	2
0	1
0	0
0	0
0	0
0	0
0	0
0	0
0	0
0	0
0	0
1	0
0	0
0	0
0	0
0	0
0	0
0	0
0	0
0	0
13	6
0	0
0	0
307	1010
0	0
0	0
0	0
0	0
2	29
14	0
0	14
0	0
1	1
0	1
0	13
0	0
0	0
0	2
0	46
0	0
0	0
0	0
0	0
0	0
0	0
1	0
0	13
1	0
0	0
0	0
0	0
0	0
0	1374
0	0
0	0
0	0
0	0
0	0
0	0
0	0
0	0
0	87
1	35
0	0
0	0
0	0
0	0
0	0
0	0
0	0
0	4
0	0
0	0
0	0
0	0
0	0
2	82
0	0
0	0
0	0
0	0
8	153
0	0
0	0
0	0
0	31
0	366
0	742
0	0
0	0
0	0
0	1
0	0
0	0
0	0
0	0
0	0
0	0
0	65
0	0
0	0
0	0
1	36
0	0
0	0
0	0
0	0
0	0
0	0
0	0
0	0
0	0
0	0
0	0
0	0
0	3399
0	0
0	0
0	0
0	0
0	0
0	0
0	283
0	0
0	0
0	0
0	0
0	0
0	0
0	0
0	0
0	0
0	0
0	122
0	0
0	0
0	0
0	0
0	0
0	0
0	0
0	37
0	0
0	36
0	0
0	0
0	0
0	0
0	1
0	0
0	0
0	0
0	13
0	0
0	0
0	2
0	0
0	0
0	0
0	0
0	96
0	0
3	24
0	342
0	0
0	0
0	66
5	2504
0	0
0	0
0	12
0	1
0	2
0	3
0	0
0	10
0	0
0	0
0	0
2	72
8	184
0	0
0	0
152	1844
0	0
0	20
0	91
0	0
0	0
0	0
0	0
0	2
0	0
0	0
0	0
0	0
0	0
0	172
0	0
0	3
0	0
0	0
0	77
0	0
0	0
0	0
0	0
0	0
0	0
0	7
0	0
0	0
0	0
0	0
0	7
0	0
0	0
0	0
0	0
0	0
0	0
0	0
0	0
0	0
0	1
0	0
0	0
1	0
0	0
0	0
0	22
0	0
0	0
0	0
0	0
0	6
0	0
0	193
0	0
0	0
0	0
0	9
0	0
0	0
0	0
0	0
0	0
0	0
0	0
7	915
0	6
0	0
0	0
0	0
0	0
0	4
0	0
1	152
0	0
0	0
0	0
0	0
0	0
0	0
0	0
0	0
0	343
0	0
1	5
0	0
0	0
0	0
1	0
0	0
0	0
0	0
1	297
0	0
0	102
0	48
0	1965
0	0
0	0
0	0
0	0
0	0
0	0
5	1
3	24
0	1
0	0
6	73
0	0
0	0
0	0
0	0
0	0
2	0
0	0
0	0
0	0
0	0
0	382
0	0
0	0
0	0
0	0
0	0
0	0
0	0
0	0
0	41
0	0
1	0
0	0
0	0
0	0
0	0
0	0
1	238
0	0
0	0
0	1
0	0
0	0
0	0
1	0
0	0
0	0
41	84
0	0
1	15
0	0
0	0
0	0
0	0
9	3653
0	0
0	0
0	0
0	2
0	0
0	0
0	0
0	6
0	0
0	1810
0	0
2	4
0	0
0	0
0	365
20	279
0	93
0	0
0	0
0	0
0	0
0	0
2	2430
0	0
0	42
0	0
3	95
0	56
0	0
0	0
0	102
0	62
0	0
0	0
0	528
0	0
0	0
0	58
0	0
0	0
0	0
0	0
0	0
0	0
0	0
0	4
0	0
0	0
0	0
0	0
0	0
0	0
0	0
0	92
0	0
0	0
0	2
0	0
0	0
0	4
0	0
0	0
0	0
0	0
0	0
0	0
0	0
44	87
0	0
0	0
0	0
0	0
0	0
0	0
0	9
0	0
0	0
0	0
0	0
0	0
0	0
0	0
0	0
0	0
0	0
0	2952
0	1
0	41
0	558
0	0
17	402
0	0
0	1
0	0
0	0
1	11
65	1850
0	0
0	0
8	257
0	0
22	114
0	0
0	0
0	0
0	0
0	0
0	0
0	0
0	64
0	0
2	2
0	0
0	1365
0	0
0	0
0	82
2	452
0	0
1	3644
0	1036
0	0
0	0
0	0
0	0
0	0
0	0
0	0
0	0
0	0
0	0
0	0
0	24
4	0
0	0
0	0
0	0
0	0
0	0
0	0
3	0
0	0
0	0
0	0
0	0
0	0
0	0
0	0
2	6
0	0
0	0
0	0
0	0
0	489
0	0
0	0
0	1
0	0
0	0
0	0
0	0
0	6
0	0
0	0
0	0
0	0
0	0
2	58
2	41
0	0
0	0
0	0
0	0
0	0
0	0
0	0
0	0
0	0
0	0
0	0
0	0
0	0
0	0
0	0
0	1
0	0
0	0
0	0
0	4
0	0
0	0
0	0
0	0
0	5
16	1225
0	0
0	0
0	18
0	184
0	0
0	0
0	0
0	5
0	0
1	0
0	0
0	0
0	461
0	0
0	0
1	8
0	51
0	0
0	0
0	0
1	0
0	0
0	0
0	0
0	6
0	0
0	1
0	0
0	0
0	0
0	34
0	0
0	0
0	0
0	0
0	305
0	0
0	0
0	0
0	0
0	311
57	190
0	0
0	0
0	0
0	0
1	0
0	0
0	0
0	0
0	0
0	0
0	0
0	0
1	0
3	3154
0	0
0	0
19	113
0	0
0	0
0	0
0	0
1	214
0	0
3	0
1	0
0	1
0	0
0	0
0	1
0	1
3	51
0	0
0	0
0	0
0	0
1	0
0	283
0	0
0	0
0	0
0	0
0	26
0	0
0	0
10	117
0	0
0	0
0	0
10	43
1	0
0	0
0	0
0	0
0	0
0	0
0	0
0	0
0	0
0	0
0	0
0	0
0	0
0	0
0	0
0	0
0	3
0	146
0	62
0	0
0	0
0	0
0	1
0	0
0	0
0	0
0	0
0	0
0	89
0	0
19	58
0	0
0	0
0	0
0	0
0	0
0	866
0	49
0	18
0	0
2	192
0	0
0	21
0	0
0	36
0	0
0	0
0	0
0	0
0	0
0	0
1	0
0	6
6	0
0	13
2	6197
0	0
0	0
0	0
0	646
0	0
0	0
0	0
0	1
0	0
0	0
0	0
0	1207
0	0
0	0
0	0
0	0
0	0
0	43
0	0
0	0
0	0
0	0
0	0
0	0
0	0
0	0
0	3
0	0
0	0
0	0
0	0
0	0
2	4769
0	0
0	0
0	2
0	0
0	0
0	0
0	0
2	0
0	8
0	0
0	0
0	0
0	0
0	0
1	5
0	0
0	0
20	377
0	0
0	0
0	0
0	0
0	0
3	354
0	0
0	0
0	0
0	0
0	0
0	0
0	0
0	0
0	0
0	0
0	0
0	0
0	0
0	0
0	0
0	0
0	0
0	0
0	9
0	70
0	0
0	0
0	4
1	0
0	0
0	0
0	0
0	0
0	0
0	2
0	0
0	67
0	0
0	0
0	0
0	0
0	0
0	0
0	0
0	1
0	0
5	1730
0	0
0	0
0	0
0	0
0	0
0	0
0	0
0	0
0	0
0	0
0	0
1	2318
0	0
0	39
4	1492
0	0
0	0
0	0
3	577
0	0
0	0
0	0
0	0
0	0
0	0
0	0
2	4
0	0
0	0
0	1
0	0
0	0
0	0
0	0
0	0
0	0
0	0
0	0
0	0
0	0
0	0
0	0
4	37
89	6208
0	0
1	26
0	0
0	19
0	0
0	0
0	0
0	0
0	0
0	58
0	0
0	0
1	0
12	2997
0	0
0	0
0	0
0	24
1	0
0	0
5	0
0	0
0	0
0	0
0	0
0	0
0	0
0	1114
0	0
0	0
0	0
0	59
0	0
0	0
0	0
0	0
0	0
0	0
0	0
0	0
0	0
2	1
0	0
0	0
0	0
0	9
0	0
0	0
0	0
0	0
0	0
0	0
0	2
0	0
0	0
0	0
2	550
0	0
0	0
0	0
0	0
0	0
0	0
0	0
0	0
0	8
0	0
0	0
0	0
0	0
0	0
6	0
0	0
0	0
0	0
0	3
0	0
0	0
0	139
1	0
0	86
0	0
0	0
0	54
0	0
0	0
0	0
0	0
0	19
0	0
0	0
0	0
0	0
1	0
0	0
0	0
0	0
0	8
0	0
0	0
0	0
0	84
0	0
0	2
0	70
0	61
0	0
0	0
0	0
0	0
0	0
0	0
0	0
0	0
0	0
0	0
0	0
0	0
0	0
0	0
0	0
0	0
0	842
11	395
0	0
0	5
0	0
0	0
0	0
0	0
0	0
0	0
0	1
0	0
0	0
0	0
0	2
14	1246
0	0
0	0
0	0
0	1
0	0
0	0
1	0
0	0
3	431
0	0
0	0
0	1
0	0
0	0
0	0
0	2076
0	0
0	0
0	0
0	77
3	467
0	0
0	4
0	0
0	0
1	183
0	0
3	1783
0	0
0	0
0	0
0	0
0	0
0	0
1	23
32	148
0	0
0	0
0	0
0	0
0	0
0	0
0	0
1	13
0	0
0	0
0	0
0	7
0	0
28	381
0	0
0	0
0	0
0	1
0	0
1	3
0	0
0	0
0	0
0	0
0	0
0	0
0	0
0	0
0	0
0	0
0	0
0	0
0	0
3	176
0	0
0	73
1	14
0	0
0	0
4	0
0	0
0	0
0	0
0	0
0	0
0	1
0	0
0	94
0	0
0	0
0	0
2	1154
0	0
0	0
0	0
0	120
0	0
0	0
0	0
8	0
0	0
0	0
0	0
0	0
1	91
20	798
0	359
0	5
0	0
1	2
0	0
0	306
0	0
0	0
0	0
0	0
0	0
0	23
0	0
0	0
4	593
0	0
0	0
0	0
0	0
0	0
0	0
0	0
0	0
0	0
0	0
0	0
0	0
0	0
0	0
0	0
0	0
0	569
0	12
0	0
0	0
0	0
0	59
0	0
0	0
0	0
0	0
0	0
0	7
0	0
0	0
4	0
0	0
0	0
0	436
1	495
0	0
0	0
0	0
0	0
0	0
3	3
1	5
0	0
12	2804
0	0
0	68
0	0
0	0
0	70
0	0
0	0
0	71
0	4002
0	0
0	0
1	4
0	0
0	0
0	40
0	0
0	0
0	0
0	8
0	0
10	1
0	5
0	0
0	0
0	10
0	0
0	0
0	32
0	0
0	0
354	3786
0	0
0	0
0	0
0	0
0	0
0	0
0	0
5	73
0	0
0	0
0	2
6	160
0	4160
1	14
0	0
0	0
0	0
0	0
0	0
0	0
0	0
0	0
0	0
1	36
0	0
0	0
0	0
0	0
0	0
0	0
0	291
0	489
0	0
0	0
0	0
0	0
0	0
0	0
0	0
0	0
0	0
0	21
0	0
0	3
0	0
0	0
0	41
7	169
0	0
4	1499
0	55
0	0
0	0
0	8784
0	0
0	0
0	0
0	0
1	25
11	75
0	0
1	1
1	0
0	0
2	3410
0	2268
0	0
0	0
19	441
0	0
0	0
0	0
0	0
0	0
0	0
0	0
0	0
0	0
67	1185
0	0
0	0
3	95
0	0
0	0
0	216
0	141
0	0
0	0
0	2
0	0
0	0
536	6007
0	0
0	228
1	8
0	0
1	6
0	0
0	13
0	0
0	0
0	0
0	0
0	0
0	273
0	0
0	8
0	5
0	0
1	14
0	0
0	1
0	1
0	0
0	0
0	0
0	0
0	0
0	136
0	0
0	0
0	0
0	0
0	0
0	0
0	0
0	0
0	0
0	0
0	13
1	0
0	0
0	27
0	0
1	0
0	0
0	0
0	0
0	0
0	0
0	0
0	7
0	0
0	0
0	0
0	0
0	0
1	0
0	0
0	0
0	0
0	0
0	0
0	0
0	5
0	0
0	0
0	0
0	0
0	0
30	8996
0	130
0	0
0	0
0	0
3	101
0	0
0	5
0	4
0	83
0	0
0	0
0	0
0	0
0	3
0	2
0	0
0	0
5	256
0	0
0	0
0	0
0	132
83	850
0	0
0	105
0	0
0	0
0	0
0	0
4	16
0	0
0	0
0	0
0	0
0	0
0	0
5	332
0	0
0	0
2	0
0	0
1	3
0	8
8	1
0	0
0	0
0	0
1	34
0	0
0	2
1	0
0	0
0	0
0	0
0	0
0	0
0	2
0	0
0	0
0	0
0	0
0	0
0	0
0	0
0	0
0	0
0	0
0	0
0	0
0	0
0	0
0	2
0	0
0	0
1	0
0	0
163	487
0	0
0	0
0	0
0	0
0	0
1	123
0	0
6	6809
0	0
0	1
5	2441
0	0
0	0
0	0
0	0
6	644
0	1
0	6535
0	1
0	0
0	1
0	3
0	0
0	0
1	0
0	0
0	6
0	0
7	172
0	0
6	123
9	81
0	0
0	1
0	0
0	0
0	0
0	0
0	0
0	0
0	0
0	0
0	0
1	0
0	0
0	0
0	0
0	0
0	0
1	0
0	0
0	0
0	0
0	0
0	0
0	0
0	55
0	0
0	0
0	0
0	0
0	0
0	0
0	0
0	3
0	0
0	0
0	0
0	0
1	213
1	0
0	0
0	0
0	0
0	19
0	0
0	0
0	0
0	0
4	327
0	0
0	0
0	2
0	0
0	150
0	0
16	842
0	0
0	0
0	0
0	0
0	30
5	110
0	4
0	0
0	0
0	40
0	5
0	0
0	0
0	0
0	0
0	0
0	0
0	0
1	0
0	0
0	0
0	4
0	464
0	0
0	0
1	0
0	0
0	0
0	431
0	10
0	8
0	0
0	0
0	0
0	0
0	0
2	10
0	0
5	9
0	0
0	0
0	0
0	0
0	0
0	0
0	0
0	0
0	0
0	0
1	57
0	0
0	671
0	0
0	0
0	0
6	3
0	0
0	0
0	88
0	0
0	0
0	21
16	5402
46	374
0	0
0	0
0	0
0	23
0	0
0	0
187	1110
0	0
21	17
0	0
0	0
0	0
0	0
0	0
0	0
0	2
0	0
0	0
0	0
0	0
0	0
0	0
0	0
0	0
0	0
0	0
0	0
0	0
0	0
1	7
0	4789
0	0
0	0
0	0
0	0
1	337
1	3
0	0
0	0
0	0
0	1
0	0
0	0
0	0
0	0
0	0
0	0
2	48
0	0
0	2
0	0
0	0
0	0
0	0
0	3324
0	0
0	1
0	0
0	0
0	0
0	0
0	0
0	26
0	0
0	0
1	391
0	1
0	0
0	0
0	0
0	0
0	0
0	0
0	0
0	0
0	0
0	0
0	0
0	0
0	0
0	0
1	180
0	0
0	2
0	0
0	0
0	0
1	1
6	208
0	1
0	0
0	0
0	0
0	0
0	0
0	0
0	0
2	0
0	0
0	0
0	0
1	0
0	0
0	0
0	23
0	71
0	0
3	2194
0	0
0	0
0	0
0	3
1	1204
0	0
0	0
0	87
0	0
0	0
0	0
0	0
0	0
0	0
0	0
0	0
0	239
0	0
0	0
0	6
0	0
0	0
0	0
0	0
3	0
0	0
0	0
0	0
0	0
0	9
0	0
1	7
0	0
0	0
0	0
0	0
0	0
0	0
2	4
3	62
0	0
0	0
0	0
1	42
6	962
0	0
1	99
0	0
0	0
0	0
0	0
0	0
0	0
0	0
0	0
0	0
4	3385
0	0
0	0
0	0
0	0
0	0
234	555
0	1
0	0
0	0
0	0
0	0
0	0
0	0
5	3239
0	2
0	0
7	423
0	0
0	0
0	0
0	0
0	0
0	0
0	233
0	0
0	0
0	0
0	0
0	0
0	0
0	0
1	12
2	0
0	0
0	0
0	0
0	0
0	0
0	0
0	0
0	0
0	0
0	279
0	0
0	0
0	0
0	0
0	0
7	59
0	0
0	0
0	0
0	32
0	0
0	0
0	0
0	0
0	3
0	0
0	1
0	0
0	1
0	0
0	0
0	6301
0	0
4	0
0	1
0	0
0	0
0	0
0	0
0	0
0	704
0	0
28	254
0	0
80	287
0	0
0	0
0	0
0	1
0	0
0	0
0	0
0	0
0	306
113	2975
0	0
0	4
0	0
0	0
0	0
0	0
2	0
0	0
0	266
0	0
0	0
0	0
0	0
0	0
0	4
0	0
0	0
0	0
0	0
0	0
0	13
0	0
0	0
0	108
0	0
1	3328
0	0
0	1
0	107
8	291
4	45
0	0
0	0
0	0
0	0
0	0
0	0
0	0
0	40
0	613
0	0
0	0
0	0
0	0
0	41
0	0
0	2
2	46
2	15
0	0
0	0
0	0
0	0
4	79
6	50
0	0
0	0
0	0
0	0
0	0
5	1057
0	0
8	1701
0	0
0	0
0	0
0	0
8	296
0	0
0	0
0	0
0	0
0	0
0	0
0	1
0	0
0	0
0	0
0	0
0	0
0	18
0	0
11	439
0	0
0	0
0	0
0	0
0	137
0	0
0	1
0	0
1	0
24	56
0	0
4	0
0	2
0	0
0	0
0	0
0	0
0	0
0	0
0	0
2	3
0	0
0	89
0	0
0	0
0	0
0	0
0	0
0	0
1	3055
0	0
0	0
0	0
3	42
0	0
0	0
0	0
0	1284
0	0
0	0
0	0
0	0
0	0
0	5
0	0
0	0
0	0
0	0
2	0
0	0
0	0
0	0
0	0
0	0
0	0
0	0
0	0
0	0
0	0
0	0
2	1379
0	0
0	0
0	0
0	0
0	0
0	0
0	0
0	0
0	0
0	0
0	0
0	0
0	293
0	0
0	0
0	0
0	0
0	0
0	419
0	0
0	0
0	1
0	0
0	0
1	94
0	0
0	0
0	0
0	0
0	0
0	18
0	0
0	0
9	4638
0	0
0	3
0	0
0	0
0	0
0	0
0	0
0	0
0	0
0	0
0	0
0	0
1	0
6	115
4	360
0	0
0	0
0	0
0	0
0	1
21	157
0	35
0	0
0	0
0	0
0	0
0	32
1	26
0	0
0	0
0	0
0	0
0	0
0	0
0	0
0	0
0	0
0	0
0	0
0	0
0	0
0	0
6	0
1	207
0	0
0	0
0	0
0	0
0	0
0	0
2	50
0	121
0	0
2	12
0	0
0	0
0	0
0	0
0	0
0	0
0	1093
0	0
0	0
0	0
0	0
0	0
0	0
0	0
9	97
0	2
0	0
0	0
0	0
0	0
0	0
0	0
0	0
0	0
0	0
0	0
0	0
0	0
2	95
0	0
0	0
2	393
0	0
0	822
0	0
0	0
0	0
0	0
0	0
0	26
0	0
0	0
0	68
0	29
0	0
0	0
0	0
0	0
0	0
0	0
4	0
0	47
0	43
0	0
0	0
0	0
0	0
0	2062
1	4
0	0
0	0
0	17
0	0
0	0
0	0
85	488
0	0
0	0
0	0
0	0
0	0
0	5
0	80
0	0
0	0
0	0
0	0
0	0
0	0
0	170
0	0
0	0
8	126
0	0
0	0
0	0
0	0
0	8
0	0
0	0
0	0
0	0
0	16
0	0
0	0
16	393
0	0
0	0
0	41
0	89
0	0
0	18
0	1
0	4103
1	4685
0	0
0	0
0	0
0	0
0	0
0	0
0	0
0	0
0	0
0	0
2	137
0	0
0	0
0	0
0	0
0	0
0	0
8	2
0	0
0	0
0	0
0	49
0	0
0	0
0	0
0	0
0	0
0	0
0	2
0	0
0	0
13	97
0	8
0	0
0	0
0	0
0	0
0	0
0	0
0	0
0	0
0	0
0	0
0	0
0	0
0	0
0	0
0	0
0	0
0	0
0	0
0	0
0	0
0	0
0	0
0	0
0	0
0	0
0	0
0	0
0	0
0	1
0	0
1	34
0	0
0	0
0	0
0	0
16	0
0	0
0	0
0	0
0	0
0	0
0	0
0	1420
0	0
0	31
0	12
0	0
0	113
0	0
0	0
0	0
0	0
0	0
0	0
0	0
2	6
0	0
0	0
0	0
0	0
113	2272
0	0
0	0
0	0
0	361
0	0
0	0
0	0
0	0
0	0
0	0
480	22396
0	0
2	5995
0	0
0	0
0	0
0	0
0	0
0	0
3	485
0	4
0	0
0	0
0	0
0	154
0	0
7	3308
0	0
0	0
0	0
0	0
1	0
0	0
2	1
0	0
0	0
0	0
0	0
0	0
0	0
0	170
15	121
0	0
0	0
0	18
0	0
0	0
0	162
7	1067
0	0
0	0
0	0
0	0
0	0
0	1
0	0
0	0
0	0
0	106
0	0
0	0
0	0
0	0
0	0
0	0
0	0
0	0
0	0
0	0
1	0
0	0
0	0
0	0
0	18
0	0
0	0
19	55
0	0
0	0
0	0
0	0
0	0
0	0
1	29
0	0
0	0
0	0
0	0
0	0
0	0
0	0
0	0
0	0
0	0
0	0
0	0
0	1
0	0
0	0
22	0
0	0
0	37
3	343
0	0
0	0
3	102
0	60
0	0
5	118
0	0
0	0
0	0
0	198
0	0
0	0
0	0
0	0
2	7
2	4
0	0
0	0
0	0
0	1
0	65
0	0
0	0
0	0
0	0
0	0
0	0
0	0
0	0
0	0
0	0
0	0
0	0
0	0
0	0
2	8
1	1364
0	0
0	0
0	0
0	0
0	0
0	0
0	7
0	0
0	0
0	0
34	564
0	0
0	0
0	8
0	0
0	0
0	0
0	0
0	145
0	0
0	0
0	0
0	0
0	0
0	0
0	77
0	0
0	0
0	0
0	0
9	1815
0	0
39	1994
0	0
0	0
0	0
0	0
0	0
0	6
0	0
0	1216
0	0
0	0
0	0
0	0
1	47
0	0
0	0
0	0
0	0
0	160
0	0
0	0
0	410
0	0
0	0
0	0
0	0
0	0
0	0
0	23
0	0
0	0
0	0
0	20
0	0
0	57
0	3
0	0
0	0
0	0
0	0
0	0
0	0
0	0
269	1104
0	0
0	0
0	0
0	0
0	0
0	0
0	0
0	0
0	0
0	0
1	695
0	0
1	25
550	10293
0	0
0	0
0	0
0	0
0	0
0	0
0	0
0	0
0	343
0	0
0	5
1	0
0	0
0	12
0	0
1	0
0	0
7	4372
0	0
0	0
0	0
0	0
0	0
0	0
0	0
0	0
0	0
0	0
0	0
0	0
0	0
0	0
0	0
16	218
0	0
0	0
0	0
0	0
1	17
0	33
0	0
0	0
0	0
0	0
0	0
0	515
0	7
0	0
0	0
0	0
0	0
0	0
0	0
7	618
0	0
0	0
0	1347
1	14
0	0
0	0
0	0
1	181
0	0
0	0
0	0
0	0
0	0
0	0
0	0
0	0
0	0
0	0
2	44
0	113
0	0
0	0
0	0
0	0
0	1
0	0
0	0
0	8
0	0
0	0
0	0
0	0
0	0
0	0
0	0
0	1
0	0
0	3
0	21
33	1668
0	0
0	0
0	0
0	0
0	0
0	0
0	0
0	53
0	0
0	0
0	0
0	5061
0	0
0	0
0	0
0	0
0	2
0	0
0	0
0	0
0	0
0	0
0	0
0	0
0	0
0	0
0	0
0	0
0	0
0	18
0	6
0	0
0	0
0	0
0	0
0	0
0	0
1	5716
0	0
0	0
0	0
0	0
0	0
0	0
0	0
0	0
0	0
0	0
0	0
0	0
0	0
0	0
0	2
1288	695
0	0
0	0
0	0
0	0
0	0
0	0
16	29
0	1
2	0
0	0
2	377
0	0
0	0
0	0
0	0
0	0
0	0
0	0
0	0
0	0
0	0
0	0
0	81
0	0
0	0
3	663
0	0
0	0
0	0
0	0
0	0
0	0
0	2401
0	0
0	0
0	0
0	0
0	120
3	0
0	0
0	0
0	0
0	0
0	0
0	0
0	8429
0	7
0	0
0	0
0	12
1	0
0	0
0	0
30	48
0	0
0	0
0	0
0	0
0	0
0	0
0	0
3	0
0	0
0	0
1	1
0	0
0	0
0	0
0	0
0	0
0	0
0	0
0	0
0	0
51	0
0	0
0	0
0	0
0	0
0	0
0	0
0	72
0	0
0	0
0	0
0	0
0	0
0	0
0	0
0	0
8	0
0	1
0	0
0	662
0	0
0	0
0	0
0	1582
0	2
0	0
0	7
5	1155
0	0
0	0
0	64
4	0
0	0
0	0
0	0
0	0
9	96
0	0
0	0
0	0
0	0
0	0
0	3
0	0
0	0
0	0
0	0
0	0
0	195
4	64
0	0
0	0
0	0
0	0
0	0
0	0
0	0
2	0
0	0
0	0
0	0
0	0
0	0
0	0
0	0
0	0
0	0
0	0
0	0
1	70
0	0
0	0
0	0
0	0
0	6
0	0
0	0
0	0
0	0
0	0
0	0
0	0
0	0
5	38
0	0
0	0
0	0
0	0
0	0
0	204
0	0
0	0
0	0
0	0
0	0
0	38
0	0
0	0
0	0
1	1
0	0
0	0
0	0
0	0
0	0
0	0
0	0
0	0
0	0
0	0
0	0
0	0
0	749
0	4141
0	2
0	0
0	0
0	84
0	0
0	0
0	0
1	290
0	3
0	0
0	0
0	0
0	0
0	0
2	150
0	0
0	0
0	0
0	0
0	0
0	136
0	0
0	0
0	0
0	0
0	0
0	0
0	0
7	49
0	0
0	0
5	0
0	0
0	0
0	0
0	1
0	0
0	0
0	0
0	0
0	0
1	0
0	0
0	2636
0	0
0	0
0	0
0	220
0	0
4	5
0	0
0	0
0	0
0	0
0	0
0	0
0	0
1	0
0	0
0	0
0	10
0	0
0	0
0	0
0	0
0	0
0	0
0	0
0	0
0	0
0	181
0	0
0	0
0	0
1	0
0	0
1	28
0	0
0	0
0	0
0	0
146	2559
2	0
0	0
0	0
0	2531
0	0
0	12
2	1318
3	13
0	0
0	0
0	0
0	0
0	0
0	0
1	0
0	0
0	0
0	0
0	100
0	0
0	0
2	0
1	116
0	0
2	11
0	0
1	37
0	0
0	16
0	0
0	0
0	1
0	0
0	7
0	0
0	0
0	0
0	1
0	0
0	0
1	35
0	0
0	0
0	0
0	0
0	0
0	0
0	0
30	16
0	0
0	0
0	0
0	0
0	0
0	0
0	55
0	0
0	0
0	0
0	0
0	0
0	0
17	2601
0	0
0	4
0	0
2	168
0	0
0	11
0	0
25	60
0	0
0	0
0	0
0	0
0	0
1	51
0	0
0	4
0	3
0	0
0	0
0	0
0	0
0	0
0	0
0	0
790	719
0	0
0	0
0	0
0	0
0	0
0	0
0	4
24	1
0	138
0	0
0	5
0	0
0	0
0	0
0	0
0	0
0	0
0	0
0	0
4	1
0	33
0	10
0	1178
0	0
0	0
0	0
0	0
0	0
0	0
0	0
0	0
5	3215
0	0
0	1
0	0
0	0
0	0
0	0
0	0
0	0
0	0
0	0
0	0
0	0
0	0
453	2649
0	0
0	0
0	0
0	20
0	0
0	376
0	4
0	82
10	99
0	247
0	0
0	0
0	0
1	34
0	0
0	0
0	0
0	0
1	43
1	0
0	5
0	14
0	0
0	463
0	0
0	0
0	0
0	0
0	0
0	8
0	0
0	0
0	965
0	0
0	964
0	0
0	0
0	0
0	0
0	0
0	0
0	0
0	0
0	0
0	0
0	0
0	0
0	0
0	0
0	0
0	0
0	0
0	0
0	0
0	0
0	0
0	0
2	0
0	0
0	0
0	11
0	0
0	0
0	0
0	0
0	0
0	0
0	0
1	21
0	0
0	161
0	3
9	33
208	606
0	0
0	0
0	0
0	0
0	0
0	0
0	0
1	1887
0	1
1	95
0	0
0	0
0	0
0	0
0	4
0	0
34	1382
0	0
0	0
0	0
0	0
1	0
3	3
0	0
0	0
0	0
0	0
0	0
0	0
0	0
0	0
0	2
0	0
13	1217
0	0
0	0
0	0
0	0
1623	3785
0	0
0	0
0	0
0	0
0	10
0	0
0	0
0	0
0	0
0	0
0	0
0	0
0	0
0	0
0	300
5	517
0	0
0	0
0	0
0	0
6	1267
0	0
0	0
0	0
0	0
0	20
52	43
8	21
0	3
0	2
0	0
277	58
0	47
0	0
0	91
0	1
9	73
0	0
0	0
0	0
0	3
0	0
2	15
2	405
0	0
0	0
0	0
1145	367
0	0
6	1213
0	0
4	22
0	0
0	0
0	1
1	0
0	502
12	16
0	0
0	0
10	63
0	0
0	0
0	50
0	0
0	0
0	5
0	0
0	320
0	23
0	0
0	0
0	0
0	20
0	0
0	0
0	394
0	0
0	0
0	0
0	7
0	0
0	0
0	0
0	0
2	2276
0	433
0	0
0	7
9	83
0	5834
0	0
0	2
0	0
0	3
0	0
0	0
0	0
2	171
0	0
0	0
0	0
0	0
7	0
0	0
5	267
0	0
0	0
0	0
0	1
0	0
0	0
0	0
0	0
1	0
0	803
4	17
0	13
5	3
0	0
0	2
0	0
0	4
0	0
2	0
0	0
0	0
1	192
5	25
0	0
0	0
2	0
0	0
0	0
1	162
1	199
0	0
0	0
0	0
0	0
0	0
0	0
0	0
0	0
0	0
0	0
0	0
0	5
0	0
7	691
0	0
0	0
0	4
0	52
22	175
0	0
0	0
0	0
0	0
0	0
0	0
0	0
0	0
0	0
0	0
0	0
0	2
0	0
0	0
0	0
0	0
0	0
0	0
0	0
0	325
0	0
1	0
0	0
17	3186
0	83
0	0
0	0
0	0
0	0
0	0
0	0
0	0
0	0
0	0
0	84
0	0
1	0
0	0
0	0
0	0
0	0
0	0
5	791
0	0
0	27
0	0
0	0
0	0
0	0
0	0
0	1
0	0
5	61
0	0
0	0
0	0
0	1
0	0
0	0
0	0
33	2194
0	0
0	0
0	16
0	8
0	9
0	0
2	38
0	0
0	0
0	0
0	0
0	0
1	26
0	0
0	0
0	0
0	0
0	0
0	0
0	0
0	0
0	0
0	0
0	433
0	1
0	0
0	1
0	0
0	0
0	0
0	0
0	0
0	0
14	687
0	0
0	0
0	0
0	0
0	0
0	0
0	0
0	0
0	0
0	11
14	1097
0	0
0	0
0	0
0	0
0	0
0	2
0	19
0	0
0	0
0	0
0	3
0	0
0	2
0	0
0	0
0	0
0	0
0	0
0	0
0	0
0	0
0	46
0	0
0	0
0	0
0	0
0	0
0	0
0	0
0	5
0	2
0	0
0	0
0	0
0	1466
0	0
0	44
0	2
0	0
0	0
0	0
0	0
0	0
0	0
0	2
0	0
0	0
1	2896
0	0
1	6
0	0
0	0
0	0
0	0
0	55
0	0
0	0
0	0
0	0
0	0
7	0
0	140
0	0
0	0
1	0
0	1
0	0
0	0
0	0
0	0
0	0
0	0
0	0
0	60
0	0
0	0
0	0
0	0
0	0
0	0
0	0
0	0
0	0
0	21
11	3
0	0
0	0
0	0
0	0
0	0
0	0
0	0
0	0
0	0
0	0
0	8
0	0
0	0
0	227
1	1
0	0
0	0
0	0
0	0
0	5
0	0
0	0
0	12
0	34
0	34
0	0
0	0
0	0
0	9
0	0
0	0
0	0
0	0
0	8
0	1
0	2
11	3
0	0
4	0
0	0
0	0
0	0
0	0
0	21
0	0
0	0
12	17
0	0
0	735
0	0
0	1
0	0
0	0
1	0
0	1078
0	0
1	3
0	0
0	0
0	0
0	0
0	0
0	0
0	0
0	0
0	0
0	0
0	24
0	0
0	0
0	0
0	0
0	1
0	0
0	0
0	0
0	0
0	0
0	0
0	0
0	0
0	0
0	0
0	0
0	0
0	0
0	0
0	0
0	0
0	0
0	0
0	0
0	0
0	0
0	0
0	0
0	0
0	0
0	0
0	1
0	24
0	0
0	0
0	0
0	0
0	32
0	0
0	0
0	0
0	0
0	7
0	0
0	0
0	0
0	0
0	0
0	0
0	0
0	0
0	39
0	0
0	0
0	0
0	170
0	0
2	0
0	0
0	0
0	0
0	1
0	0
0	0
0	0
1	0
0	0
0	23
0	0
0	0
0	0
0	0
0	0
0	19
4	0
0	0
0	0
1	838
0	0
5	722
0	0
1	3905
0	0
0	18
0	0
0	0
0	0
0	0
0	0
0	36
0	0
0	0
0	0
0	0
0	0
0	0
0	0
0	0
0	20
0	0
0	0
0	0
1	44
0	0
0	0
0	0
0	0
0	0
0	1
0	0
0	0
0	0
0	0
67	225
0	0
0	0
0	0
1	0
0	0
0	0
0	0
2	1109
0	0
0	0
1	188
16	273
0	594
0	0
0	0
1	116
0	0
0	65
0	0
0	0
0	0
0	0
0	0
0	0
0	0
0	3
0	1
0	0
0	21
0	0
0	0
0	0
0	0
0	21
0	531
0	0
0	0
0	0
0	1
0	0
0	0
6	0
0	0
0	0
0	0
0	0
0	0
0	0
0	0
0	0
0	685
0	0
0	0
0	0
0	0
0	102
0	0
0	0
0	1
0	0
0	0
0	0
0	7
0	0
0	0
0	0
0	0
0	0
0	0
0	0
0	0
0	400
0	0
0	0
0	0
0	0
0	2
0	0
0	0
0	0
0	0
0	0
0	0
0	0
0	0
0	885
0	4
0	0
0	0
0	0
0	0
0	0
0	0
0	0
0	0
0	0
0	0
0	0
0	0
0	0
0	0
0	0
0	0
0	0
0	0
0	0
0	0
0	0
0	0
0	0
0	0
0	0
0	0
0	0
0	0
0	0
0	0
0	0
0	0
0	0
0	0
0	0
0	0
0	0
0	0
0	0
2	0
0	0
0	0
0	0
0	0
0	0
0	0
0	0
0	0
0	0
0	0
0	0
0	0
11	1
2	1
0	0
0	0
0	0
0	0
1	0
8	11
0	0
0	0
4	0
5	482
0	2348
75	70
0	62
0	8
0	30
0	0
38	328
0	328
1	31
0	28
5	691
0	583
0	2339
0	2217
0	0
0	0
0	0
0	0
0	0
0	0
0	0
0	0
0	1
0	1
0	1
0	1
0	1
0	1
0	1
0	0
0	0
0	0
7	0
0	0
0	0
1	0
39	8331
0	0
0	25
0	74
0	66
2	261
0	39
0	124
0	0
0	0
0	0
0	0
8	1
0	1
3	0
4	0
0	0
7	4
0	4
19	42
0	20
1	31
0	0
0	0
0	0
0	0
0	0
1	0
0	248
0	248
0	0
0	0
0	0
0	0
0	0
0	1
0	1
3	43
0	43
0	0
0	0
1	0
0	0
0	0
0	0
0	0
0	0
0	0
0	0
0	0
0	0
0	0
0	0
0	0
0	0
0	0
0	0
0	0
0	0
1	2
0	0
0	0
0	0
0	0
0	0
0	0
0	0
0	0
0	0
0	0
0	0
0	0
0	0
0	0
0	0
0	0
0	0
0	1
0	276
0	98
0	61
0	24
0	0
0	9
9	0
0	0
0	0
0	0
0	0
1	0
20	255
0	0
0	0
0	0
0	0
0	0
0	0
0	0
0	0
0	0
0	0
0	0
0	0
0	0
0	0
0	4
0	4
2	3
0	3
0	0
0	0
0	0
0	0
0	0
0	0
0	0
0	0
0	0
0	0
0	0
0	0
0	0
1	0
2	0
0	0
0	0
0	0
0	0
0	0
0	0
0	0
0	0
0	0
0	0
0	0
0	153
0	152
0	153
0	1
0	0
0	0
0	0
0	0
8	4
0	2
0	5095
0	4904
0	3
0	3
0	19
0	11
0	0
0	0
0	0
0	0
0	0
0	0
0	1727
0	7
0	7
0	835
0	835
0	817
0	0
0	0
0	0
0	0
0	0
0	0
0	0
0	9022
7	5011
0	6311
2	56
0	47
0	0
0	0
1	715
0	1191
0	183
0	0
0	0
0	0
0	0
2	0
0	0
0	0
0	0
0	0
0	0
0	0
0	0
0	0
0	0
0	3
0	3
0	3
0	77
0	65
0	0
0	0
0	0
7	1
0	1
8	0
0	0
0	0
1	0
1	0
0	0
1	0
0	0
0	0
0	0
0	0
0	420
0	388
3	5
0	5
0	0
0	5
0	5
1	0
0	0
0	0
0	71
0	27
0	8
0	1
1	1
0	0
0	0
0	1083
0	0
0	0
0	0
0	0
0	0
0	0
0	34
1	180
0	7062
0	6988
0	0
0	4119
0	0
0	0
0	0
0	0
0	1
0	0
0	0
2	498
0	17
0	3
0	0
0	0
0	3531
0	2695
0	1
0	1
0	0
0	111
0	0
0	0
0	72
0	31
0	0
0	0
0	0
0	4
0	3
0	3
0	28
0	28
0	23
0	0
0	0
0	0
3	70
0	923
0	0
0	0
0	48
0	428
0	306
0	0
0	0
0	0
0	0
0	0
0	0
0	0
0	0
0	0
0	0
0	0
4	0
0	136
10	141
0	0
0	0
10	0
0	0
0	0
0	0
0	0
0	331
0	94
0	0
0	21
0	13
4	2477
0	2101
0	177
0	0
0	0
0	0
0	0
0	0
0	0
0	0
0	0
1	0
0	0
0	0
0	0
2	1867
0	1862
0	1526
0	0
0	0
0	7
0	7
0	0
0	0
0	0
0	0
0	0
0	0
0	9953
0	8710
0	0
0	0
0	2
0	0
0	0
0	0
0	0
0	1516
0	1516
0	0
0	0
0	0
0	0
0	0
0	0
0	0
0	0
0	0
0	0
0	0
12	0
0	5
0	2
44	29
13	100
0	0
0	0
0	0
0	0
0	0
0	0
15	0
0	0
0	0
0	0
0	37
0	37
0	0
2	0
0	3
0	3
0	0
123	2263
0	1779
0	0
0	0
0	0
0	0
0	0
0	0
0	0
4	0
0	383
0	360
4	225
0	30
0	0
8	1
0	0
0	0
0	0
0	0
0	13
0	5
37	8
0	0
0	0
0	1
4	0
0	0
0	0
1	13
3	0
0	0
0	61
0	40
0	18
2	4
11	4
0	0
0	0
0	0
0	0
0	0
0	0
0	0
0	0
0	0
0	0
0	0
0	0
0	38
0	0
0	0
0	0
0	121
0	765
0	0
0	0
0	10
0	0
5	50
0	49
0	0
0	0
0	0
0	0
0	0
0	0
0	0
0	0
0	0
0	0
0	0
0	0
0	0
1	2164
0	0
0	0
0	0
0	0
0	0
0	0
0	3
0	3
0	0
0	0
0	0
0	0
0	0
0	0
0	239
0	137
0	890
0	890
2	4
4	20
3	2
0	10
0	0
0	0
0	0
0	0
0	0
0	1
1	6
0	14
0	0
0	1
0	1
0	0
0	0
0	0
0	0
0	0
0	4
0	4
0	4
0	0
0	0
0	4
2	0
0	0
0	0
0	0
0	1
0	1
0	0
0	0
0	0
0	0
0	0
0	0
0	0
0	0
0	0
0	0
3	1
0	1253
0	2027
1	0
0	0
3	6
0	11
0	0
0	0
0	0
0	0
2	2484
94	2242
4	0
0	0
0	0
0	0
0	0
0	0
0	0
0	0
4	9638
0	8108
0	1391
0	1388
0	5
0	0
0	0
0	0
0	0
0	0
0	0
0	0
0	0
0	0
0	0
0	0
0	0
0	0
0	0
0	0
0	0
0	1
0	0
0	0
0	0
0	0
0	0
0	0
0	0
0	0
0	0
0	0
0	0
0	0
0	0
0	0
0	0
0	0
0	0
0	0
0	0
0	0
0	0
0	0
0	0
0	0
0	0
0	0
0	0
0	0
0	1
0	0
0	0
0	0
0	0
0	0
0	0
0	0
0	0
0	0
0	0
0	0
0	0
0	0
0	0
0	0
0	0
0	0
0	0
0	0
0	0
0	0
0	0
0	0
0	0
0	0
0	0
0	0
0	0
0	0
0	0
0	0
0	0
0	0
3	0
0	0
0	0
0	0
0	0
0	0
0	0
0	0
0	0
0	0
0	4
0	0
0	0
0	0
0	0
0	0
0	0
0	0
0	0
0	0
0	0
0	0
0	0
0	0
0	0
0	1
0	0
0	0
0	0
0	0
0	0
0	0
0	0
0	0
0	0
0	0
0	0
0	0
0	0
0	0
0	0
0	0
0	0
0	0
0	0
0	0
0	0
0	0
0	0
0	0
0	0
0	0
0	0
0	0
0	0
0	0
0	0
0	0
0	0
0	0
0	0
0	0
0	0
0	0
0	0
0	0
0	0
0	0
0	0
0	0
0	0
0	0
0	0
0	0
0	0
0	0
0	0
0	0
0	1
0	0
0	0
0	0
0	0
0	0
0	0
0	0
0	0
0	0
0	0
0	0
0	0
0	0
0	0
0	0
0	0
0	0
0	0
0	0
0	0
0	0
0	0
0	0
0	0
0	0
0	0
0	0
0	0
0	0
0	0
0	0
0	0
0	0
0	0
0	0
0	0
0	0
2	25
0	0
0	0
0	0
0	2
0	0
0	0
0	2
0	0
0	2
0	10
0	0
0	7
0	2
0	2
0	0
0	24
0	0
1	10
4	24
1	0
5	4
0	17
0	7
2	5
10	0
0	0
0	1
0	2
0	1
0	0
0	0
0	0
0	0
0	0
0	0
0	0
0	0
0	0
0	0
0	0
0	0
0	0
0	0
0	0
0	0
0	0
0	0
0	0
0	0
0	0
0	0
0	0
0	0
0	0
0	2
0	0
0	0
0	0
0	29
0	0
0	0
0	0
0	0
0	0
23	86
0	0
0	0
0	0
0	0
0	0
0	0
0	0
4	0
0	0
0	0
0	0
0	0
0	2
0	0
0	0
0	0
0	0
0	0
0	0
0	0
0	0
0	0
0	0
0	0
0	0
0	0
0	0
0	0
0	0
0	0
0	0
0	0
7	516
0	0
0	52
0	0
0	0
0	0
0	0
0	0
0	0
0	0
0	0
0	0
0	0
0	0
0	0
0	0
0	0
0	0
0	0
0	0
0	0
0	5
0	0
0	0
1	30
0	0
0	0
0	0
0	5
0	0
1	0
2	372
0	0
0	0
0	0
0	0
0	0
0	0
0	0
0	0
0	0
0	0
0	0
0	1
0	0
0	5
0	0
0	0
0	0
0	0
0	0
0	0
0	0
0	0
0	0
0	0
0	0
0	0
0	0
0	0
0	0
0	0
0	0
0	0
0	0
0	0
0	0
0	0
0	0
0	0
0	0
0	0
0	0
0	0
0	0
0	0
0	0
0	0
0	0
0	0
0	0
0	10
0	0
0	0
0	0
0	0
0	0
0	0
0	0
0	0
0	0
0	0
0	0
0	0
0	0
0	0
0	0
0	0
0	0
0	0
0	0
0	322
0	0
0	0
0	0
0	0
0	0
0	0
0	0
0	0
0	0
0	1
0	0
0	0
0	0
1	11
0	0
0	0
0	0
0	4
0	0
0	0
0	0
0	0
0	0
0	0
0	0
0	0
0	0
0	0
0	0
0	0
0	0
0	0
0	0
0	0
0	0
0	0
0	0
0	0
0	0
0	0
0	0
0	0
0	0
0	0
1	2
0	0
0	0
0	0
0	0
0	0
0	0
0	0
0	0
0	11
0	0
0	0
0	0
0	1
0	0
0	0
0	0
0	0
0	0
0	0
0	0
0	0
0	221
0	0
0	0
0	0
0	0
0	0
0	0
0	0
0	0
0	0
0	0
0	0
0	0
0	0
0	0
0	0
0	0
0	0
0	0
0	0
0	0
0	0
0	0
0	0
0	0
0	0
0	0
0	0
0	0
0	0
0	0
0	0
0	0
0	0
0	0
0	0
0	0
0	0
0	0
0	0
0	0
0	0
0	0
0	0
0	0
0	0
0	0
0	0
0	0
0	0
0	0
0	0
0	0
0	0
0	0
0	0
0	0
0	0
0	0
0	0
0	0
0	0
0	0
0	0
0	0
0	0
17	1
0	0
0	0
0	0
0	0
0	0
0	0
0	0
0	0
0	6
0	0
0	0
0	0
1	0
0	0
0	0
0	0
0	0
0	0
0	0
0	0
0	0
0	0
0	0
0	0
0	0
0	0
0	0
0	0
0	0
0	11
0	0
0	0
0	0
0	0
0	0
0	0
0	0
0	4
0	0
0	0
0	0
0	0
0	0
0	0
0	0
0	0
242	620
0	0
0	50
0	0
0	0
0	0
0	0
9	11
0	0
0	0
0	0
0	0
0	0
2	11
0	0
0	0
0	0
0	0
0	0
0	0
0	0
0	0
0	0
0	0
0	0
0	0
0	0
0	0
0	0
0	0
0	0
0	0
0	0
0	0
0	0
0	0
0	0
0	0
0	0
0	0
0	0
0	0
0	0
0	0
0	0
0	0
0	0
0	0
0	0
0	0
0	0
0	0
0	0
0	0
0	0
1	5
30	3
0	0
0	11
12089	12086
0	0
0	0
0	0
2410	89
761	6875
0	0
0	0
0	0
0	0
0	0
0	0
0	0
0	0
0	0
0	0
0	6
0	0
0	0
0	0
0	0
53	171
0	0
0	0
0	0
0	0
0	0
0	0
0	0
0	0
3	1
0	1
1	7
0	0
0	0
0	0
0	0
0	0
0	0
0	0
0	0
0	0
0	0
0	0
0	0
0	0
0	0
0	0
0	0
0	0
0	0
0	0
1	8
0	0
0	19
0	0
0	0
0	11
0	0
0	1
0	0
0	0
0	0
0	0
0	0
0	0
0	0
0	0
0	0
0	0
0	0
0	0
0	0
0	0
0	0
0	0
0	0
7	124
0	0
0	0
0	0
0	0
0	0
0	0
0	0
0	0
0	0
0	0
0	0
0	0
0	0
0	0
0	0
0	0
0	0
0	0
0	0
0	0
0	0
0	0
0	0
0	0
0	0
0	0
0	0
0	0
0	0
0	0
0	0
0	0
0	0
0	0
0	0
0	0
0	0
0	0
0	0
0	0
0	0
0	0
0	0
0	3
0	0
0	0
0	0
0	0
0	0
0	0
0	0
0	0
0	0
0	0
0	0
0	0
0	0
0	0
0	0
0	0
0	0
0	0
0	0
0	0
0	0
0	0
0	0
0	0
0	0
0	28
0	0
0	0
0	0
0	0
0	0
0	0
0	0
0	13
0	13
0	0
0	0
0	0
0	1
0	0
0	0
0	0
0	0
0	0
0	0
0	0
0	0
0	0
0	0
0	0
0	1
0	0
0	0
0	0
0	1
0	0
0	0
0	0
0	0
0	0
0	0
0	0
0	0
0	0
0	0
0	0
0	0
0	0
0	0
0	0
0	0
0	0
0	0
0	0
0	0
0	0
0	0
0	0
0	0
0	0
0	0
0	0
0	0
0	0
0	0
0	0
0	0
0	0
0	0
0	0
0	0
0	0
0	0
0	0
0	0
0	0
0	0
0	0
0	0
0	0
0	0
0	0
0	0
0	0
0	0
0	0
0	0
0	0
0	0
0	0
0	0
0	0
0	0
0	0
0	0
0	0
0	0
0	0
0	2
0	0
0	0
4	43
0	0
0	0
0	0
0	0
0	0
0	0
0	0
0	0
0	14
0	0
0	0
0	0
0	0
0	0
0	0
0	0
0	0
0	0
0	0
0	0
0	0
0	0
0	0
0	0
0	0
0	0
0	0
0	0
0	0
0	0
0	0
0	0
0	0
0	0
0	0
0	0
1	20
0	2
0	0
0	0
0	0
0	0
0	0
0	0
0	0
0	0
0	0
0	0
1	0
0	0
0	3
0	0
0	14
0	0
0	0
0	0
0	0
0	3
0	0
0	0
0	0
0	49
0	0
0	0
0	0
0	0
0	0
0	0
0	0
0	0
1	0
0	0
0	0
0	0
0	0
0	0
0	0
0	0
0	0
0	0
0	234
0	0
0	0
0	0
0	0
0	0
1	0
0	0
0	0
0	0
0	0
0	0
0	0
0	0
0	0
0	0
0	0
0	0
0	0
0	0
0	0
0	0
0	0
0	0
0	0
0	0
0	0
0	0
0	0
0	0
0	0
0	0
0	0
0	0
0	0
0	0
0	0
0	0
0	0
0	0
0	0
0	0
0	0
0	0
0	0
1	13
0	0
0	0
0	0
0	0
0	0
0	0
0	0
0	0
0	0
0	0
0	0
0	0
0	0
0	0
0	0
0	206
0	0
0	0
0	0
0	0
0	0
0	0
0	0
0	0
0	0
0	0
0	0
0	0
0	0
0	0
0	0
0	0
0	0
0	0
0	0
0	0
0	0
0	0
0	0
0	0
0	0
0	0
0	0
0	0
0	0
0	0
0	0
0	0
0	0
0	0
0	0
0	0
0	0
0	0
0	0
0	0
0	0
0	0
0	0
0	0
0	0
0	0
0	0
0	11
0	11
0	6361
0	1808
0	1529
0	0
0	0
0	9
0	1
0	15801
0	0
0	0
0	0
0	0
0	0
0	22494
0	0
0	0
0	0
0	0
0	0
0	0
0	0
0	0
0	0
0	0
0	0
0	0
0	15399
0	0
0	0
0	6491
0	0
0	0
0	0
0	0
0	0
0	0
0	0
0	8
2	17
1	0
0	0
0	13
0	0
0	0
0	0
0	14
0	0
0	0
0	0
0	0
0	0
0	0
0	0
0	0
0	0
0	0
0	0
0	0
0	0
0	0
0	0
0	0
0	0
0	0
0	0
0	0
0	0
0	0
0	0
0	0
0	0
0	0
0	0
0	0
0	0
0	0
0	1
0	0
5	1972
0	0
0	0
0	0
0	0
1	0
0	0
0	0
0	0
7	359
0	0
0	0
0	0
0	0
0	0
0	0
0	0
0	0
0	0
0	0
0	0
0	0
0	0
0	0
0	0
0	0
0	0
0	0
0	0
0	0
0	0
0	0
0	0
0	0
0	0
0	0
0	0
0	0
0	0
0	0
0	0
0	0
0	0
0	0
0	0
0	0
0	0
0	0
0	0
0	0
0	0
0	0
0	0
0	0
0	0
0	0
0	0
0	0
0	0
0	0
0	0
0	0
7	101
0	0
0	0
0	0
0	0
0	0
0	0
0	0
0	0
0	0
0	0
0	0
0	22
0	0
0	0
0	1
0	0
0	0
0	0
0	0
0	0
0	0
0	0
0	0
0	0
0	0
0	0
0	0
0	0
0	0
0	0
0	0
0	0
0	0
0	0
0	0
0	0
0	2
0	0
0	0
0	0
0	0
0	0
0	0
0	0
0	0
0	0
0	2
0	0
0	0
0	0
0	0
0	0
0	0
0	13
0	0
0	0
0	0
0	5
0	0
20	10
0	0
0	0
13	1
0	0
0	0
0	0
0	0
0	70
0	0
0	0
0	0
0	0
0	0
0	0
0	0
1	2
0	0
0	0
0	0
0	0
0	0
0	0
0	0
0	0
3	0
0	0
0	0
0	0
0	0
2	0
0	0
0	0
0	0
0	4
0	0
0	0
0	0
0	0
0	0
0	0
0	0
0	0
0	0
0	0
0	0
0	0
0	0
0	0
0	0
0	0
0	3
0	0
0	0
0	0
0	0
0	29
0	0
0	13
0	0
0	0
1	6
0	0
0	0
0	3
0	0
0	0
0	0
0	0
0	0
0	0
0	0
0	0
26	0
0	0
0	0
0	0
0	6
0	0
0	0
0	0
0	0
9	4
0	0
1	0
0	0
0	0
0	0
0	0
0	0
0	0
0	0
0	0
0	0
0	0
0	0
0	0
0	0
0	0
0	0
0	0
0	0
0	0
0	0
0	14
0	0
0	0
0	0
0	0
0	0
0	0
0	0
0	0
0	0
0	0
0	0
0	0
0	0
3	3
0	0
0	0
0	0
0	0
12	11
0	0
0	0
0	0
10	838
0	0
0	0
0	0
0	0
0	0
0	0
0	0
0	0
0	35
0	0
4	12
0	0
0	0
0	0
0	0
4	20
0	0
0	0
0	0
0	0
0	0
3	16
0	0
0	0
0	0
0	0
0	0
0	0
0	0
0	0
5	95
1	4
0	0
0	0
0	0
0	0
0	0
0	0
0	0
0	0
0	0
0	0
0	0
0	0
0	0
6	265
0	0
0	0
0	0
0	0
0	4
0	0
0	0
0	0
0	0
0	0
0	0
0	0
0	0
0	0
0	0
0	0
0	0
0	0
0	5
0	0
0	0
0	0
0	0
0	0
0	0
0	0
0	0
0	0
0	0
0	0
0	0
0	5
0	0
0	0
0	0
0	0
0	0
0	0
0	0
0	0
0	0
0	0
0	0
0	0
0	0
0	259
0	0
0	0
0	0
0	0
0	0
0	0
0	0
6	3
0	0
0	0
0	0
0	0
0	0
0	0
0	0
0	0
0	0
0	0
0	0
0	0
1	77
0	0
0	0
0	0
0	0
0	0
0	0
0	0
0	0
0	0
0	0
0	0
0	0
0	0
0	0
0	0
0	0
0	0
0	0
0	0
0	1
0	0
0	0
0	0
0	0
0	0
0	0
0	0
0	0
0	0
0	0
0	0
0	0
0	0
0	0
0	0
0	0
0	0
0	0
0	1
0	0
0	0
0	0
0	0
0	0
0	0
0	0
0	0
0	0
0	134
0	0
0	0
0	0
0	0
0	0
0	0
0	0
0	13
0	0
0	0
0	0
0	0
0	3
0	0
0	0
0	0
0	0
0	0
2	105
0	14
0	0
0	0
0	0
0	0
0	0
0	0
0	0
0	0
1	374
0	15
0	0
0	0
0	0
0	0
0	0
0	0
0	0
0	0
0	0
0	15
0	0
0	0
0	0
0	0
0	0
0	0
0	0
0	0
0	0
0	0
0	0
0	0
0	0
0	0
0	0
0	0
0	0
0	0
0	0
0	0
0	0
0	0
0	0
0	0
0	0
0	0
0	0
0	0
0	0
0	0
0	0
0	0
0	0
0	0
0	0
0	0
2	0
0	0
0	0
0	0
0	0
0	0
0	0
0	0
0	0
0	0
0	0
0	0
0	0
0	0
0	0
0	0
0	0
0	0
0	0
0	0
0	0
0	0
0	0
0	0
0	0
0	0
0	0
0	0
0	0
0	0
0	0
0	0
0	0
0	0
0	0
0	0
0	0
0	0
0	0
0	0
0	0
0	0
0	0
0	0
0	0
0	0
0	0
0	0
0	0
0	0
0	0
0	0
0	0
0	0
0	0
0	0
0	0
0	0
0	0
0	0
0	0
0	0
0	0
0	0
0	0
0	0
0	0
0	0
0	0
0	0
0	0
0	0
0	0
0	0
0	0
0	0
0	0
0	0
0	0
0	0
0	0
0	0
0	0
0	0
0	0
0	0
0	0
0	0
0	0
0	0
0	0
0	0
0	0
0	0
0	0
0	0
0	0
0	0
0	0
0	0
0	0
0	0
0	0
0	0
0	0
0	0
0	0
0	0
0	0
0	0
0	0
0	0
0	0
0	0
0	0
0	0
0	0
0	0
0	0
1	65
0	0
0	0
0	0
0	0
0	0
0	0
0	0
0	0
0	0
0	0
0	0
0	0
0	0
0	0
0	0
0	0
0	0
0	0
0	0
0	0
0	0
0	0
0	0
0	0
0	0
0	0
0	0
0	0
0	0
0	0
0	0
0	0
0	0
0	0
0	0
0	0
0	0
0	0
0	0
0	0
0	0
0	0
0	0
0	0
0	0
0	0
0	0
0	0
0	0
0	0
0	0
0	0
0	0
0	0
0	0
0	0
0	0
0	0
0	0
0	0
0	0
0	0
1	0
0	0
0	0
0	0
0	0
0	0
0	0
0	0
0	0
0	0
0	0
0	0
0	0
0	0
0	0
0	0
0	0
0	0
0	0
0	0
0	0
0	2
1	0
0	0
0	0
0	26
0	0
0	0
0	0
0	0
0	0
0	0
0	0
0	0
0	0
0	0
0	0
0	0
0	0
0	0
0	0
0	0
0	0
0	19
0	0
0	0
0	0
0	0
0	0
0	0
0	0
0	0
0	0
0	0
0	0
0	1
0	0
0	0
0	0
0	0
0	17
0	0
0	0
0	0
0	0
0	0
0	0
0	0
0	0
0	0
0	0
0	0
0	0
0	0
0	0
0	0
0	0
0	0
0	0
0	0
0	0
0	0
0	0
0	0
0	0
0	0
0	0
0	0
0	0
0	0
0	0
3	3
0	0
0	0
0	0
0	0
0	0
0	0
0	0
0	0
0	0
0	0
0	0
0	0
0	0
0	0
0	0
0	0
0	0
0	0
0	0
3	0
0	0
0	0
0	0
0	0
0	0
0	0
0	0
0	0
0	0
0	0
0	0
0	0
0	0
0	0
0	0
0	0
0	0
0	0
0	0
0	0
0	0
0	0
0	0
0	0
0	0
0	0
0	0
0	0
0	0
0	0
0	0
0	0
0	0
0	0
0	0
0	0
0	0
0	0
0	0
0	0
0	0
1	0
0	0
0	0
0	1
0	0
0	0
0	0
0	0
0	0
0	0
0	0
0	0
0	0
0	0
0	0
0	0
0	0
0	0
0	0
0	0
0	0
0	0
0	0
0	0
0	0
0	0
0	0
0	0
0	0
0	0
0	0
0	0
0	1
0	0
0	0
0	0
0	0
0	0
1	0
0	0
0	1
0	0
0	0
0	0
0	0
0	0
0	0
2	0
0	0
0	0
0	0
0	0
0	1
0	0
0	43
0	0
0	0
0	0
0	0
0	0
0	0
0	0
0	0
0	0
0	0
0	0
0	0
0	0
0	0
0	0
0	0
31	33
0	1
0	0
0	0
0	0
0	0
0	0
0	0
0	0
0	0
0	0
0	0
0	0
0	0
0	0
0	0
0	5
0	0
0	0
0	0
0	0
0	2
0	0
0	0
0	0
0	0
0	0
0	0
0	0
0	0
0	0
0	0
0	0
0	0
0	0
0	0
0	0
0	0
0	0
0	0
0	0
0	0
0	0
0	1
0	0
0	0
0	0
0	0
0	0
0	0
0	0
0	0
0	0
0	0
0	0
0	0
0	0
0	0
0	0
0	0
0	0
0	0
0	0
0	0
0	0
0	0
1	24
0	0
1	106
0	0
0	0
0	0
0	0
0	0
2	6
0	0
0	0
0	0
0	0
0	0
0	3
0	0
0	0
3	0
0	0
0	0
0	0
0	0
0	0
0	0
0	4
0	0
0	0
0	0
0	0
0	0
0	0
0	0
0	0
0	0
0	0
0	0
0	0
0	0
0	0
0	0
0	4
0	0
0	0
0	0
0	0
0	0
0	0
0	0
0	0
0	0
4	12
0	0
0	0
1	0
0	0
0	0
0	0
0	0
0	0
0	0
0	0
0	0
0	0
0	0
0	7
0	0
0	1
0	4
0	0
0	0
0	0
0	0
0	5
0	0
0	0
0	0
0	0
4	8
0	0
0	0
0	0
0	0
0	0
0	1
0	0
0	0
40	15
0	0
0	0
0	0
0	0
0	0
0	0
0	0
0	0
0	0
0	0
0	0
0	0
0	0
0	0
0	0
0	0
0	0
0	0
0	0
0	0
0	0
0	0
0	0
0	0
0	0
0	0
0	0
4	11
0	0
0	0
0	0
0	0
0	0
0	0
0	0
0	0
0	0
0	25
0	0
0	0
0	0
0	0
0	0
0	0
0	0
0	0
0	0
0	0
0	0
0	0
0	6
0	0
0	0
0	0
0	0
0	17
0	0
0	0
0	0
0	0
0	0
0	0
0	0
0	65
0	0
0	1
0	28
0	0
0	0
0	0
0	0
0	0
0	28
0	0
0	0
0	0
0	0
0	0
0	0
0	0
0	0
0	0
0	0
0	0
0	0
0	0
0	0
0	0
0	0
0	0
0	0
0	0
0	0
0	0
0	0
0	5
0	0
0	0
0	0
0	0
0	1
0	0
0	1
0	0
0	0
0	0
0	0
0	4
0	0
0	0
0	0
0	0
0	138
0	0
40	3
0	0
0	0
0	0
0	0
0	0
0	0
0	0
0	0
0	1
0	0
0	0
0	0
0	0
0	0
0	0
0	0
0	0
0	0
0	0
0	0
0	0
0	0
0	0
0	0
0	0
0	0
2	0
0	0
0	0
0	0
0	0
0	0
0	0
0	0
0	0
0	0
0	0
0	0
0	0
0	0
0	0
0	0
0	1
0	0
0	0
0	0
7	14
0	0
0	0
0	0
0	0
0	0
0	0
0	0
0	0
0	0
0	0
0	0
0	0
0	0
0	0
0	5
0	9
0	0
0	0
0	0
0	0
0	0
0	0
0	0
0	0
0	0
0	0
0	0
0	0
0	0
0	0
0	0
0	0
0	0
0	0
0	0
0	0
0	0
0	0
0	0
0	0
0	0
0	0
0	0
0	0
0	0
0	0
0	0
0	0
0	0
0	0
0	0
0	0
0	0
0	0
0	0
0	0
0	0
0	0
0	0
0	0
0	0
0	0
0	0
0	0
0	0
0	0
